Time,length,f_elec,f_flex,f_frac,f_grad,g_v
0,40,-1294.3,-1.0423,401.63,0.30495,109.0456057
1,40,-1483.6,-1.5309,417.66,1.1585,-18.34848184
2,40,-1009.5,-1.0642,415.49,2.0309,-28.58389698
3,40,-720.4,-0.81047,414.23,2.7606,-32.18107219
4,40,-537.03,-0.66026,413.2,3.327,-33.15045658
5,40,-416.41,-0.56642,412.16,3.7539,-13.21315704
6,40,-335.92,-0.51003,411.73,4.106,-13.13463619
7,40,-279.19,-0.47169,411.29,4.3844,-13.02244913
8,40,-238.01,-0.44498,410.83,4.6062,-12.88835805
9,40,-207.29,-0.42597,410.36,4.7845,-12.73379714
10,40,-183.79,-0.41221,409.88,4.9293,-12.56715712
11,40,-165.37,-0.40216,409.39,5.0481,-12.39063524
12,40,-150.62,-0.39483,408.9,5.1466,-12.20723565
13,40,-138.58,-0.38958,408.39,5.2289,-12.01811331
14,40,-128.58,-0.38597,407.89,5.2982,-11.82808989
15,40,-120.13,-0.38373,407.37,5.357,-11.6370332
16,40,-112.91,-0.38265,406.86,5.407,-11.45007136
17,40,-106.65,-0.38259,406.34,5.4497,-11.26559507
18,40,-101.17,-0.38345,405.82,5.4861,-11.08172441
19,40,-96.325,-0.38514,405.3,5.517,-10.90057028
20,40,-92.011,-0.38761,404.79,5.5433,-10.72132721
21,40,-88.141,-0.39079,404.27,5.5652,-10.54521311
22,40,-84.649,-0.39466,403.76,5.5833,-10.37331691
23,40,-81.48,-0.39918,403.25,5.598,-10.20345701
24,40,-78.592,-0.4043,402.75,5.6094,-10.03792069
25,40,-75.948,-0.41001,402.25,5.6179,-12.32272217
26,40,-73.483,-0.41585,401.63,5.6168,-12.07411796
27,40,-64.358,-0.21198,494.06,7.1191,-11.83424548
28,40,-57.667,-0.16398,587.81,9.4832,-11.59952084
29,40,-57.538,-0.13602,651.88,11.49,-9.113699407
30,40,-57.046,-0.13175,660.98,11.836,-8.974730334
31,40,-57.572,-0.12273,670,12.211,-8.838588847
32,40,-56.308,-0.12303,668.91,12.188,-8.705172157
33,40,-55.153,-0.12332,667.84,12.159,-8.575944586
34,40,-54.095,-0.12359,666.79,12.124,-8.448734252
35,40,-53.125,-0.12387,665.76,12.084,-8.325320377
36,40,-52.232,-0.12417,664.74,12.039,-8.204452669
37,40,-51.408,-0.12447,663.75,11.99,-8.087404255
38,40,-50.646,-0.12478,662.77,11.936,-7.972468212
39,40,-53.304,0.0098927,666.57,12.345,-7.860479046
40,40,-52.614,0.0090499,665.62,12.284,-7.750455489
41,40,-51.971,0.0082852,664.68,12.221,-7.643520915
42,40,-52.433,0.017778,667.05,12.313,-7.538052328
43,40,-51.865,0.01719,666.15,12.246,-7.435812848
44,40,-51.332,0.016682,665.26,12.179,-7.334912397
45,40,-50.83,0.016251,664.39,12.111,-7.23685418
46,40,-50.357,0.015891,663.54,12.043,-7.14054057
47,40,-49.91,0.015598,662.7,11.975,-7.046776704
48,40,-49.487,0.015365,661.89,11.907,-6.954609977
49,40,-49.085,0.015187,661.08,11.839,-5.155838517
50,40,-48.728,0.015094,660.49,11.786,-5.107431252
51,40,-48.392,0.015047,659.91,11.734,-5.058891158
52,40,-48.072,0.015041,659.34,11.683,-5.01137559
53,40,-47.767,0.015069,658.77,11.633,-4.964304302
54,40,-47.476,0.015126,658.21,11.582,-4.918233857
55,40,-47.197,0.01521,657.66,11.533,-4.873478151
56,40,-46.929,0.015314,657.12,11.483,-4.828685299
57,40,-46.671,0.015438,656.59,11.434,-4.784692453
58,40,-46.422,0.015577,656.07,11.386,-4.741024163
59,40,-46.182,0.015731,655.55,11.338,-4.69915625
60,40,-45.95,0.015897,655.04,11.291,-4.656161496
61,40,-45.726,0.016072,654.54,11.244,-4.615217163
62,40,-45.508,0.016256,654.04,11.197,-4.574576838
63,40,-45.297,0.016447,653.56,11.151,-4.534866331
64,40,-45.092,0.016642,653.08,11.105,-4.494293292
65,40,-44.892,0.016841,652.6,11.06,-4.456013831
66,40,-44.698,0.017044,652.14,11.016,-4.417381401
67,40,-44.509,0.017251,651.68,10.972,-4.379390642
68,40,-44.324,0.017459,651.23,10.928,-4.341943754
69,40,-44.144,0.017669,650.78,10.885,-4.305669496
70,40,-43.968,0.017881,650.34,10.842,-4.268725511
71,40,-43.796,0.018093,649.91,10.8,-4.233437439
72,40,-43.627,0.018306,649.48,10.758,-4.199421428
73,40,-43.463,0.018518,649.06,10.717,-4.165905639
74,40,-43.301,0.018731,648.64,10.676,-4.13296035
75,40,-43.143,0.018942,648.23,10.635,-4.100111319
76,40,-42.988,0.019153,647.83,10.595,-4.068046979
77,40,-42.836,0.019363,647.43,10.555,-4.036136431
78,40,-42.687,0.019573,647.04,10.516,-4.005403459
79,40,-42.54,0.019781,646.65,10.477,-3.974380648
80,40,-42.396,0.01999,646.27,10.439,-3.943160902
81,40,-42.255,0.020199,645.89,10.401,-3.913427645
82,40,-42.116,0.020404,645.52,10.363,-3.883761643
83,40,-41.98,0.02061,645.16,10.326,-3.853958763
84,40,-41.846,0.020815,644.8,10.289,-3.825867465
85,40,-41.714,0.02102,644.44,10.253,-3.796365671
86,40,-41.584,0.021223,644.09,10.217,-3.768726354
87,40,-41.457,0.021427,643.74,10.181,-3.740156767
88,40,-41.331,0.02163,643.4,10.146,-3.713195301
89,40,-41.207,0.021833,643.06,10.111,-3.685986818
90,40,-41.086,0.022038,642.73,10.077,-3.659022078
91,40,-40.966,0.022242,642.4,10.042,-3.632813128
92,40,-40.848,0.022446,642.08,10.008,-3.607989985
93,40,-40.732,0.02265,641.76,9.9749,-3.582124555
94,40,-40.618,0.022853,641.44,9.9418,-3.557291453
95,40,-40.505,0.023056,641.13,9.9089,-3.533513472
96,40,-40.394,0.023257,640.82,9.8764,-3.508431492
97,40,-40.285,0.023458,640.52,9.8443,-3.485157828
98,40,-40.177,0.023656,640.22,9.8124,-3.461531664
99,40,-40.071,0.023856,639.93,9.7809,-3.437949313
100,40,-39.967,0.024055,639.63,9.7497,-3.414822439
101,40,-39.864,0.024254,639.34,9.7189,-3.391723292
102,40,-39.763,0.024453,639.06,9.6883,-3.369081519
103,40,-41.069,0.033627,641.88,9.8785,-3.346832372
104,40,-40.966,0.034036,641.6,9.8482,-3.325107146
105,40,-40.865,0.034443,641.33,9.8181,-3.30245235
106,40,-40.766,0.03485,641.06,9.7884,-3.281435445
107,40,-40.668,0.035257,640.79,9.759,-3.25909131
108,40,-40.571,0.035663,640.52,9.7299,-3.238599868
109,40,-40.476,0.036069,640.26,9.701,-3.217572703
110,40,-40.383,0.036473,640,9.6725,-3.196570647
111,40,-40.29,0.036876,639.74,9.6442,-3.175993163
112,40,-40.199,0.037277,639.49,9.6162,-3.155555754
113,40,-40.109,0.037678,639.24,9.5885,-3.135525466
114,40,-40.021,0.038078,638.99,9.5611,-3.115500794
115,40,-39.934,0.038477,638.75,9.5339,-3.095810947
116,40,-39.848,0.038876,638.51,9.507,-3.077069702
117,40,-39.764,0.039273,638.27,9.4804,-3.057079579
118,40,-39.68,0.039671,638.03,9.4541,-3.038711085
119,40,-39.598,0.040066,637.8,9.428,-3.019133233
120,40,-39.517,0.04046,637.57,9.4021,-3.001938991
121,40,-39.438,0.040853,637.34,9.3765,-2.98429367
122,40,-39.359,0.041246,637.12,9.3512,-2.966159979
123,40,-39.282,0.041636,636.9,9.3261,-2.949163387
124,40,-39.205,0.042026,636.68,9.3013,-2.931966062
125,40,-39.13,0.042413,636.46,9.2767,-2.914762164
126,40,-39.056,0.0428,636.24,9.2524,-2.897845077
127,40,-38.983,0.043184,636.03,9.2283,-2.880698311
128,40,-38.912,0.043568,635.82,9.2044,-2.864742481
129,40,-38.841,0.04395,635.61,9.1807,-2.847432547
130,40,-38.771,0.04433,635.41,9.1573,-2.831023621
131,40,-38.703,0.04471,635.21,9.1341,-2.814603344
132,40,-38.635,0.045088,635.01,9.1112,-2.79909865
133,40,-38.568,0.045465,634.81,9.0884,-2.782414367
134,40,-38.503,0.045841,634.61,9.0659,-2.766875262
135,40,-38.438,0.046215,634.42,9.0436,-2.750647308
136,40,-38.375,0.046589,634.22,9.0215,-2.735690975
137,40,-38.312,0.04696,634.03,8.9997,-2.720585876
138,40,-38.25,0.047331,633.85,8.978,-2.705686161
139,40,-38.19,0.047702,633.66,8.9565,-2.691183334
140,40,-38.13,0.048071,633.48,8.9353,-2.675993448
141,40,-38.071,0.048437,633.29,8.9142,-2.662613263
142,40,-38.013,0.048803,633.11,8.8934,-2.64852118
143,40,-37.956,0.049168,632.94,8.8728,-2.635087549
144,40,-37.9,0.04953,632.76,8.8523,-2.620748899
145,40,-37.845,0.049892,632.59,8.832,-2.606869476
146,40,-37.79,0.050252,632.41,8.812,-2.593240151
147,40,-37.737,0.050609,632.24,8.7921,-2.579872053
148,40,-37.684,0.050966,632.07,8.7724,-2.56691204
149,40,-37.632,0.051321,631.91,8.7529,-2.55305326
150,40,-37.581,0.051674,631.74,8.7336,-2.540437984
151,40,-37.531,0.052025,631.58,8.7144,-2.526676801
152,40,-37.481,0.052375,631.41,8.6955,-2.51443478
153,40,-37.433,0.05272,631.25,8.6767,-2.500841862
154,40,-37.385,0.053065,631.09,8.6581,-2.488606087
155,40,-37.338,0.053408,630.94,8.6397,-2.475925896
156,40,-37.291,0.053749,630.78,8.6214,-2.462634195
157,40,-37.246,0.05409,630.63,8.6033,-2.450693565
158,40,-37.201,0.05443,630.47,8.5854,-2.438463241
159,40,-37.157,0.054767,630.32,8.5676,-2.425913123
160,40,-37.114,0.055104,630.17,8.55,-2.413880578
161,40,-37.071,0.05544,630.02,8.5326,-2.401785062
162,40,-37.029,0.055775,629.88,8.5153,-2.389682062
163,40,-36.988,0.056109,629.73,8.4982,-2.377840154
164,40,-36.948,0.056441,629.59,8.4813,-2.365975199
165,40,-36.908,0.056772,629.45,8.4645,-2.354415873
166,40,-36.869,0.057101,629.31,8.4478,-2.342668092
167,40,-36.83,0.057429,629.17,8.4313,-2.331165175
168,40,-36.793,0.057756,629.03,8.415,-2.319717213
169,40,-36.756,0.058083,628.89,8.3988,-2.3082621
170,40,-36.719,0.058407,628.75,8.3827,-2.297628544
171,40,-36.684,0.058731,628.62,8.3668,-2.285825484
172,40,-36.648,0.059052,628.49,8.3511,-2.274705975
173,40,-36.614,0.059373,628.35,8.3355,-2.264102073
174,40,-36.58,0.059691,628.22,8.32,-2.252590776
175,40,-36.547,0.060008,628.09,8.3047,-2.242335119
176,40,-36.514,0.060323,627.97,8.2895,-2.23097398
177,40,-36.482,0.060637,627.84,8.2744,-2.220820862
178,40,-36.451,0.06095,627.71,8.2595,-2.209395775
179,40,-36.42,0.061261,627.59,8.2447,-2.199512321
180,40,-36.39,0.061569,627.47,8.23,-2.18900072
181,40,-36.36,0.061877,627.34,8.2155,-2.178169544
182,40,-36.331,0.062182,627.22,8.2011,-2.168423232
183,40,-36.302,0.062485,627.1,8.1868,-2.158400521
184,40,-36.274,0.062787,626.98,8.1726,-2.148333863
185,40,-36.247,0.063087,626.87,8.1586,-2.137792589
186,40,-36.22,0.063386,626.75,8.1447,-2.128503842
187,40,-36.194,0.063682,626.63,8.1309,-2.11850772
188,40,-36.168,0.063976,626.52,8.1173,-2.108980754
189,40,-36.143,0.064269,626.4,8.1037,-2.099295245
190,40,-36.118,0.064559,626.29,8.0903,-2.089624647
191,40,-36.094,0.064848,626.18,8.077,-2.08027297
192,40,-36.07,0.065134,626.07,8.0638,-2.07104881
193,40,-36.047,0.065419,625.96,8.0507,-2.061961276
194,40,-36.024,0.065702,625.85,8.0378,-2.052952037
195,40,-36.002,0.065981,625.74,8.0249,-2.044407946
196,40,-35.98,0.06626,625.64,8.0122,-2.034795449
197,40,-35.959,0.066536,625.53,7.9996,-2.025984805
198,40,-35.938,0.066811,625.43,7.9871,-2.01698253
199,40,-35.918,0.067083,625.32,7.9746,-2.008994116
200,40,-35.898,0.067355,625.22,7.9623,-1.999448005
201,40,-35.879,0.067625,625.12,7.9501,-1.99083345
202,40,-35.86,0.067894,625.02,7.938,-1.982914605
203,40,-35.842,0.068161,624.92,7.926,-1.973704081
204,40,-35.824,0.068427,624.82,7.9142,-1.965765906
205,40,-35.806,0.068693,624.72,7.9024,-1.956521078
206,40,-35.789,0.068958,624.62,7.8907,-1.948969403
207,40,-35.773,0.06922,624.52,7.8791,-1.939787165
208,40,-35.757,0.069482,624.43,7.8676,-1.932164895
209,40,-35.741,0.069742,624.33,7.8562,-1.923393529
210,40,-35.725,0.070002,624.24,7.8449,-1.915804932
211,40,-35.71,0.070259,624.14,7.8337,-1.906903272
212,40,-35.696,0.070515,624.05,7.8226,-1.899582449
213,40,-35.682,0.070772,623.96,7.8116,-1.891419052
214,40,-35.668,0.071025,623.87,7.8006,-1.883533377
215,40,-35.655,0.071278,623.78,7.7898,-1.874886917
216,40,-35.642,0.071528,623.69,7.7791,-1.867679054
217,40,-35.63,0.071777,623.6,7.7684,-1.859758833
218,40,-35.617,0.072026,623.51,7.7578,-1.852023973
219,40,-35.606,0.072272,623.42,7.7473,-1.843660349
220,40,-35.594,0.072518,623.33,7.737,-1.836667773
221,40,-35.583,0.072761,623.25,7.7266,-1.829077556
222,40,-35.573,0.073004,623.16,7.7164,-1.821559979
223,40,-35.563,0.073246,623.08,7.7063,-1.813907069
224,40,-35.553,0.073484,622.99,7.6962,-1.806575045
225,40,-35.543,0.073721,622.91,7.6862,-1.799362692
226,40,-35.534,0.073958,622.83,7.6764,-1.792142899
227,40,-35.525,0.074192,622.75,7.6665,-1.784905512
228,40,-35.517,0.074425,622.66,7.6568,-1.777925291
229,40,-35.509,0.074656,622.58,7.6472,-1.770683398
230,40,-35.501,0.074887,622.5,7.6376,-1.763784544
231,40,-35.494,0.075113,622.42,7.6281,-1.757500699
232,40,-35.487,0.075341,622.34,7.6187,-1.750102526
233,40,-35.48,0.075565,622.27,7.6093,-1.743408448
234,40,-35.474,0.075787,622.19,7.6,-1.736694605
235,40,-35.468,0.076008,622.11,7.5908,-1.729930063
236,40,-35.462,0.076229,622.04,7.5817,-1.723897241
237,40,-35.456,0.076447,621.96,7.5727,-1.716702461
238,40,-35.451,0.076663,621.89,7.5637,-1.710148851
239,40,-35.447,0.076878,621.81,7.5548,-1.703588
240,40,-35.442,0.07709,621.74,7.5459,-1.697702666
241,40,-35.438,0.077302,621.66,7.5372,-1.690599339
242,40,-35.434,0.077512,621.59,7.5285,-1.684283523
243,40,-35.431,0.077719,621.52,7.5198,-1.678405204
244,40,-35.427,0.077926,621.45,7.5113,-1.671606795
245,40,-35.424,0.07813,621.38,7.5028,-1.665820073
246,40,-35.422,0.078333,621.31,7.4943,-1.658920713
247,40,-35.419,0.078535,621.24,7.486,-1.653378581
248,40,-35.417,0.078735,621.17,7.4777,-1.64646995
249,40,-35.415,0.078933,621.1,7.4694,-1.641071296
250,40,-35.414,0.079131,621.03,7.4613,-1.634270239
251,40,-35.413,0.079326,620.96,7.4532,-1.628809133
252,40,-35.412,0.079521,620.9,7.4451,-1.622170277
253,40,-35.411,0.079715,620.83,7.4371,-1.616748547
254,40,-35.41,0.079908,620.76,7.4292,-1.610225342
255,40,-35.41,0.0801,620.7,7.4214,-1.604966539
256,40,-35.41,0.08029,620.63,7.4136,-1.598977159
257,40,-35.411,0.080479,620.57,7.4058,-1.59248515
258,40,-35.411,0.080667,620.5,7.3982,-1.587305404
259,40,-35.412,0.080854,620.44,7.3905,-1.580855786
260,40,-35.413,0.081041,620.38,7.383,-1.575900732
261,40,-35.415,0.081228,620.31,7.3755,-1.569931497
262,40,-35.416,0.081413,620.25,7.368,-1.564381218
263,40,-35.418,0.081597,620.19,7.3606,-1.55811259
264,40,-35.421,0.081781,620.13,7.3533,-1.55334645
265,40,-35.423,0.081963,620.07,7.346,-1.54809477
266,40,-35.426,0.082146,620.01,7.3388,-1.543065799
267,40,-35.428,0.082328,619.95,7.3316,-1.537904764
268,40,-35.432,0.082508,619.89,7.3245,-1.532782729
269,40,-35.435,0.082688,619.83,7.3175,-1.527876278
270,40,-35.438,0.082867,619.77,7.3104,-1.522304101
271,40,-35.442,0.083045,619.71,7.3035,-1.518268599
272,40,-35.446,0.083221,619.65,7.2966,-1.513162192
273,40,-35.451,0.083399,619.6,7.2897,-1.508383404
274,40,-35.455,0.083574,619.54,7.2829,-1.503605087
275,40,-35.46,0.083749,619.48,7.2762,-1.498756385
276,40,-35.465,0.083922,619.43,7.2695,-1.494042163
277,40,-35.47,0.084095,619.37,7.2628,-1.48919236
278,40,-35.475,0.084267,619.32,7.2562,-1.48444387
279,40,-35.481,0.084438,619.26,7.2497,-1.4798711
280,40,-35.486,0.084608,619.21,7.2431,-1.475125164
281,40,-35.492,0.084778,619.15,7.2367,-1.470964502
282,40,-35.499,0.084946,619.1,7.2303,-1.465846506
283,40,-35.505,0.085113,619.05,7.2239,-1.461334265
284,40,-35.512,0.08528,618.99,7.2176,-1.456519996
285,40,-35.518,0.085446,618.94,7.2113,-1.452176186
286,40,-35.525,0.085611,618.89,7.2051,-1.447480103
287,40,-35.533,0.085775,618.84,7.1989,-1.443161979
288,40,-35.54,0.085937,618.79,7.1928,-1.438982058
289,40,-35.548,0.0861,618.74,7.1867,-1.435575366
290,40,-35.555,0.08626,618.69,7.1806,-1.43106905
291,40,-35.563,0.086421,618.64,7.1746,-1.427030586
292,40,-35.572,0.08658,618.59,7.1686,-1.423142762
293,40,-35.58,0.086738,618.54,7.1627,-1.419254722
294,40,-35.589,0.086894,618.49,7.1568,-1.416010501
295,40,-35.597,0.087051,618.44,7.151,-1.411505985
296,40,-35.606,0.087205,618.39,7.1452,-1.407584946
297,40,-35.615,0.087361,618.34,7.1394,-1.404662522
298,40,-35.625,0.087513,618.3,7.1337,-1.400079452
299,40,-35.634,0.087665,618.25,7.128,-1.396354426
300,40,-35.644,0.087815,618.2,7.1224,-1.392599476
301,40,-35.653,0.087965,618.15,7.1168,-1.389434966
302,40,-35.663,0.088115,618.11,7.1112,-1.385031955
303,40,-35.673,0.088262,618.06,7.1057,-1.381494755
304,40,-35.684,0.088409,618.02,7.1002,-1.378243939
305,40,-35.694,0.088556,617.97,7.0948,-1.374192539
306,40,-35.705,0.088701,617.93,7.0894,-1.371060048
307,40,-35.716,0.088844,617.88,7.084,-1.366793459
308,40,-35.727,0.088988,617.84,7.0787,-1.363250763
309,40,-35.738,0.08913,617.79,7.0734,-1.360381789
310,40,-35.749,0.089271,617.75,7.0681,-1.356218636
311,40,-35.761,0.08941,617.71,7.0629,-1.352498493
312,40,-35.772,0.08955,617.66,7.0577,-1.349798463
313,40,-35.784,0.089687,617.62,7.0526,-1.345690938
314,40,-35.796,0.089824,617.58,7.0475,-1.342838041
315,40,-35.808,0.089961,617.54,7.0424,-1.33882356
316,40,-35.82,0.090095,617.49,7.0373,-1.335726456
317,40,-35.833,0.090231,617.45,7.0323,-1.331957924
318,40,-35.845,0.090364,617.41,7.0273,-1.329009717
319,40,-35.858,0.090495,617.37,7.0224,-1.32519393
320,40,-35.871,0.090628,617.33,7.0175,-1.322382026
321,40,-35.884,0.090758,617.29,7.0126,-1.318326271
322,40,-35.897,0.090887,617.25,7.0077,-1.315242916
323,40,-35.91,0.091015,617.21,7.0029,-1.312517248
324,40,-35.923,0.091143,617.17,6.9981,-1.308889367
325,40,-35.937,0.091269,617.13,6.9934,-1.306219746
326,40,-35.951,0.091395,617.09,6.9887,-1.302740258
327,40,-35.964,0.09152,617.05,6.984,-1.300337614
328,40,-35.978,0.091644,617.01,6.9793,-1.296963351
329,40,-35.992,0.091768,616.98,6.9747,-1.294562943
330,40,-36.007,0.09189,616.94,6.9701,-1.291597159
331,40,-36.021,0.09201,616.9,6.9655,-1.288338895
332,40,-36.036,0.092132,616.86,6.961,-1.286081281
333,40,-36.05,0.092252,616.83,6.9564,-1.282652261
334,40,-36.065,0.092371,616.79,6.952,-1.280486843
335,40,-36.08,0.092488,616.75,6.9475,-1.277116524
336,40,-36.095,0.092606,616.72,6.9431,-1.274986332
337,40,-36.11,0.092723,616.68,6.9387,-1.271716746
338,40,-36.125,0.092838,616.64,6.9343,-1.269445894
339,40,-36.141,0.092952,616.61,6.93,-1.266956224
340,40,-36.156,0.093066,616.57,6.9257,-1.263576417
341,40,-36.172,0.093179,616.54,6.9214,-1.261532956
342,40,-36.187,0.093291,616.5,6.9171,-1.258261393
343,40,-36.203,0.093403,616.47,6.9129,-1.256386114
344,40,-36.219,0.093514,616.44,6.9087,-1.253585998
345,40,-36.235,0.093625,616.4,6.9045,-1.250474278
346,40,-36.252,0.093734,616.37,6.9004,-1.248421141
347,40,-36.268,0.093841,616.33,6.8962,-1.245914487
348,40,-36.284,0.093949,616.3,6.8921,-1.242764084
349,40,-36.301,0.094055,616.27,6.8881,-1.240834951
350,40,-36.318,0.094161,616.23,6.884,-1.238255126
351,40,-36.335,0.094268,616.2,6.88,-1.235222132
352,40,-36.351,0.094372,616.17,6.876,-1.233295451
353,40,-36.369,0.094474,616.14,6.872,-1.230732959
354,40,-36.386,0.094578,616.1,6.8681,-1.227790208
355,40,-36.403,0.09468,616.07,6.8641,-1.225902676
356,40,-36.42,0.094783,616.04,6.8602,-1.223272064
357,40,-36.438,0.094883,616.01,6.8564,-1.220475847
358,40,-36.455,0.094983,615.98,6.8525,-1.218605772
359,40,-36.473,0.095082,615.95,6.8487,-1.216236686
360,40,-36.491,0.09518,615.92,6.8449,-1.213126338
361,40,-36.509,0.095279,615.89,6.8411,-1.211484641
362,40,-36.527,0.095377,615.86,6.8373,-1.209078718
363,40,-36.545,0.095473,615.83,6.8336,-1.206735069
364,40,-36.563,0.095569,615.8,6.8299,-1.204044708
365,40,-36.581,0.095663,615.77,6.8262,-1.202401604
366,40,-36.6,0.095758,615.74,6.8225,-1.200257159
367,40,-36.618,0.095853,615.71,6.8189,-1.197565252
368,40,-36.637,0.095945,615.68,6.8152,-1.195967491
369,40,-36.655,0.096038,615.65,6.8116,-1.193961414
370,40,-36.674,0.09613,615.62,6.808,-1.191881951
371,40,-39.492,-0.053981,617.55,7.0422,-1.18979466
372,40,-39.512,-0.054032,617.52,7.0384,-1.187141818
373,40,-39.533,-0.054081,617.49,7.0346,-1.185577517
374,40,-39.554,-0.054131,617.46,7.0309,-1.183723911
375,40,-39.575,-0.054181,617.44,7.0271,-1.181543421
376,40,-39.597,-0.054231,617.41,7.0234,-1.179116753
377,40,-39.618,-0.054281,617.38,7.0197,-1.177592276
378,40,-39.639,-0.054332,617.35,7.016,-1.175665618
379,40,-39.661,-0.054381,617.33,7.0124,-1.173643615
380,40,-39.682,-0.054433,617.3,7.0087,-1.171147798
381,40,-39.704,-0.054482,617.28,7.0051,-1.169745944
382,40,-39.726,-0.054532,617.25,7.0015,-1.167829398
383,40,-39.748,-0.054583,617.22,6.9979,-1.165936302
384,40,-39.769,-0.054633,617.2,6.9944,-1.164050569
385,40,-39.792,-0.054684,617.17,6.9908,-1.162033986
386,40,-39.814,-0.054733,617.15,6.9873,-1.159611912
387,40,-39.836,-0.054784,617.12,6.9838,-1.158414389
388,40,-39.858,-0.054835,617.1,6.9803,-1.156444616
389,40,-39.88,-0.054884,617.07,6.9769,-1.154691963
390,40,-39.903,-0.054933,617.05,6.9734,-1.152672745
391,40,-39.925,-0.054984,617.02,6.97,-1.150551693
392,40,-39.948,-0.055034,617,6.9666,-1.149011602
393,40,-39.971,-0.055083,616.98,6.9632,-1.147498504
394,40,-39.993,-0.055134,616.95,6.9599,-1.145656374
395,40,-40.016,-0.055184,616.93,6.9565,-1.143813646
396,40,-40.039,-0.055234,616.9,6.9532,-1.142162484
397,40,-40.062,-0.055284,616.88,6.9499,-1.139764425
398,40,-40.085,-0.055334,616.86,6.9466,-1.138691348
399,40,-40.108,-0.055382,616.83,6.9433,-1.137106174
400,40,-40.132,-0.055432,616.81,6.94,-1.135335928
401,40,-40.155,-0.055483,616.79,6.9368,-1.133792886
402,40,-40.178,-0.055531,616.77,6.9336,-1.132116904
403,40,-40.202,-0.055579,616.74,6.9304,-1.130574962
404,40,-40.225,-0.05563,616.72,6.9272,-1.128851159
405,40,-40.249,-0.055678,616.7,6.924,-1.126737023
406,40,-40.273,-0.055726,616.68,6.9209,-1.125808
407,40,-40.296,-0.055775,616.66,6.9177,-1.124173615
408,40,-40.32,-0.055824,616.63,6.9146,-1.122620662
409,40,-40.344,-0.055872,616.61,6.9115,-1.12120982
410,40,-40.368,-0.055921,616.59,6.9084,-1.119549158
411,40,-40.392,-0.055969,616.57,6.9053,-1.118058542
412,40,-40.416,-0.056016,616.55,6.9023,-1.116612129
413,40,-40.441,-0.056065,616.53,6.8992,-1.114550662
414,40,-40.465,-0.056111,616.51,6.8962,-1.113678855
415,40,-40.489,-0.056159,616.49,6.8932,-1.11219311
416,40,-40.514,-0.056208,616.47,6.8902,-1.110806933
417,40,-40.538,-0.056255,616.45,6.8872,-1.109295882
418,40,-40.563,-0.056302,616.43,6.8842,-1.10789964
419,40,-40.587,-0.056349,616.41,6.8813,-1.106612401
420,40,-40.612,-0.056396,616.39,6.8784,-1.105236836
421,40,-40.637,-0.056443,616.37,6.8754,-1.10364718
422,40,-40.661,-0.056489,616.35,6.8725,-1.10265596
423,40,-40.686,-0.056535,616.33,6.8696,-1.101217222
424,40,-40.711,-0.056582,616.31,6.8668,-1.099493633
425,40,-40.736,-0.056629,616.29,6.8639,-1.098846934
426,40,-40.761,-0.056675,616.27,6.8611,-1.097616486
427,40,-40.786,-0.05672,616.25,6.8582,-1.096253811
428,40,-40.812,-0.056766,616.23,6.8554,-1.095275533
429,40,-40.837,-0.056811,616.21,6.8526,-1.094016437
430,40,-40.862,-0.056857,616.19,6.8498,-1.092653643
431,40,-40.888,-0.0569,616.18,6.847,-1.091672719
432,40,-40.913,-0.056946,616.16,6.8443,-1.090298309
433,40,-40.938,-0.056992,616.14,6.8415,-1.089258643
434,40,-40.964,-0.057036,616.12,6.8388,-1.08789802
435,40,-40.99,-0.05708,616.1,6.836,-1.086882334
436,40,-41.015,-0.057124,616.09,6.8333,-1.085621471
437,40,-41.041,-0.057169,616.07,6.8306,-1.084441412
438,40,-41.067,-0.057211,616.05,6.8279,-1.08333711
439,40,-41.093,-0.057256,616.03,6.8253,-1.082219244
440,40,-41.119,-0.0573,616.02,6.8226,-1.081090561
441,40,-41.144,-0.057342,616,6.82,-1.07983731
442,40,-41.17,-0.057386,615.98,6.8173,-1.078863881
443,40,-41.197,-0.057429,615.97,6.8147,-1.077699634
444,40,-41.223,-0.057473,615.95,6.8121,-1.076520699
445,40,-41.249,-0.057516,615.93,6.8095,-1.074881788
446,40,-41.275,-0.057558,615.92,6.8069,-1.074395468
447,40,-41.301,-0.0576,615.9,6.8043,-1.073317943
448,40,-41.328,-0.057643,615.88,6.8018,-1.072145973
449,40,-41.354,-0.057684,615.87,6.7992,-1.071248381
450,40,-41.38,-0.057726,615.85,6.7967,-1.070112833
451,40,-41.407,-0.057768,615.83,6.7941,-1.068891194
452,40,-41.433,-0.057809,615.82,6.7916,-1.067957641
453,40,-41.46,-0.05785,615.8,6.7891,-1.067002342
454,40,-41.487,-0.057892,615.79,6.7866,-1.065850094
455,40,-41.513,-0.057932,615.77,6.7842,-1.064952221
456,40,-41.54,-0.057973,615.76,6.7817,-1.063833709
457,40,-41.567,-0.058013,615.74,6.7792,-1.062818379
458,40,-41.594,-0.058053,615.73,6.7768,-1.061829907
459,40,-41.621,-0.058094,615.71,6.7743,-1.060902032
460,40,-41.648,-0.058133,615.7,6.7719,-1.059814322
461,40,-41.675,-0.058173,615.68,6.7695,-1.058837732
462,40,-41.702,-0.058212,615.67,6.7671,-1.057850378
463,40,-41.729,-0.058252,615.65,6.7647,-1.056980636
464,40,-41.756,-0.058291,615.64,6.7623,-1.05591473
465,40,-41.783,-0.058329,615.62,6.7599,-1.054911411
466,40,-41.81,-0.058367,615.61,6.7576,-1.054045195
467,40,-41.838,-0.058406,615.6,6.7552,-1.053201954
468,40,-41.865,-0.058444,615.58,6.7529,-1.052170909
469,40,-41.892,-0.058483,615.57,6.7506,-1.051265714
470,40,-41.92,-0.058521,615.56,6.7482,-1.050334727
471,40,-41.947,-0.058558,615.54,6.7459,-1.049455837
472,40,-41.975,-0.058595,615.53,6.7436,-1.048688603
473,40,-42.002,-0.058632,615.51,6.7413,-1.048053954
474,40,-42.03,-0.058669,615.5,6.739,-1.047235531
475,40,-42.057,-0.058705,615.49,6.7368,-1.046576812
476,40,-42.085,-0.058742,615.48,6.7345,-1.045918534
477,40,-42.113,-0.058777,615.46,6.7323,-1.045182464
478,40,-42.141,-0.058813,615.45,6.73,-1.044481282
479,40,-42.168,-0.058849,615.44,6.7278,-1.043857891
480,40,-42.196,-0.058884,615.42,6.7255,-1.042590618
481,40,-42.224,-0.05892,615.41,6.7233,-1.042348182
482,40,-42.252,-0.058955,615.4,6.7211,-1.041818551
483,40,-42.28,-0.058989,615.39,6.7189,-1.041011129
484,40,-42.308,-0.059023,615.37,6.7167,-1.040560604
485,40,-42.336,-0.059058,615.36,6.7146,-1.039783895
486,40,-42.364,-0.059092,615.35,6.7124,-1.039043109
487,40,-42.392,-0.059125,615.34,6.7102,-1.038552508
488,40,-42.421,-0.059158,615.33,6.7081,-1.037831886
489,40,-42.449,-0.059192,615.31,6.7059,-1.037189251
490,40,-42.477,-0.059225,615.3,6.7038,-1.036619304
491,40,-42.505,-0.059257,615.29,6.7017,-1.035846818
492,40,-42.534,-0.059289,615.28,6.6995,-1.035348302
493,40,-42.562,-0.059322,615.27,6.6974,-1.034825306
494,40,-42.591,-0.059354,615.26,6.6953,-1.034033636
495,40,-42.619,-0.059387,615.25,6.6932,-1.033398642
496,40,-42.648,-0.059417,615.23,6.6911,-1.032902016
497,40,-42.676,-0.059448,615.22,6.6891,-1.032272912
498,40,-42.705,-0.059479,615.21,6.687,-1.031745279
499,40,-42.733,-0.05951,615.2,6.6849,-1.031171612
500,40,-42.762,-0.059541,615.19,6.6829,-1.030491896
501,40,-42.791,-0.059571,615.18,6.6808,-1.029908588
502,40,-42.819,-0.059601,615.17,6.6788,-1.029409879
503,40,-42.848,-0.05963,615.16,6.6768,-1.028786522
504,40,-42.877,-0.059659,615.15,6.6747,-1.028382114
505,40,-42.906,-0.059689,615.14,6.6727,-1.028020649
506,40,-42.934,-0.059718,615.13,6.6707,-1.027474874
507,40,-42.963,-0.059746,615.12,6.6687,-1.027226095
508,40,-42.992,-0.059774,615.11,6.6667,-1.02670859
509,40,-43.021,-0.059803,615.1,6.6647,-1.026400656
510,40,-43.05,-0.059831,615.09,6.6628,-1.02599862
511,40,-43.079,-0.059858,615.08,6.6608,-1.025691779
512,40,-43.108,-0.059886,615.07,6.6588,-1.025268487
513,40,-43.137,-0.059914,615.06,6.6569,-1.02489577
514,40,-43.166,-0.059941,615.05,6.6549,-1.024485221
515,40,-43.196,-0.059968,615.04,6.653,-1.024165524
516,40,-43.225,-0.059994,615.03,6.651,-1.023926942
517,40,-43.254,-0.060019,615.02,6.6491,-1.023326196
518,40,-43.283,-0.060045,615.01,6.6472,-1.023148516
519,40,-43.313,-0.060071,615,6.6453,-1.0227599
520,40,-43.342,-0.060097,615,6.6434,-1.022385504
521,40,-43.371,-0.060122,614.99,6.6415,-1.022195561
522,40,-43.401,-0.060147,614.98,6.6396,-1.021679137
523,40,-43.43,-0.060172,614.97,6.6377,-1.021549602
524,40,-43.459,-0.060197,614.96,6.6358,-1.021058367
525,40,-43.489,-0.060221,614.95,6.6339,-1.020778061
526,40,-43.518,-0.060245,614.94,6.632,-1.020506484
527,40,-43.548,-0.060268,614.93,6.6302,-1.020292542
528,40,-43.577,-0.060293,614.93,6.6283,-1.019653771
529,40,-43.607,-0.060316,614.92,6.6265,-1.019680439
530,40,-49.447,0.037368,616.85,6.8591,-1.019352696
531,40,-49.48,0.037508,616.85,6.8572,-1.018873504
532,40,-49.513,0.037649,616.84,6.8554,-1.018792818
533,40,-49.545,0.037789,616.83,6.8535,-1.018362572
534,40,-49.578,0.03793,616.82,6.8517,-1.018118712
535,40,-49.611,0.038073,616.82,6.8498,-1.017801213
536,40,-49.643,0.038216,616.81,6.848,-1.017588834
537,40,-49.676,0.038359,616.8,6.8462,-1.017503491
538,40,-49.709,0.038502,616.8,6.8444,-1.017259657
539,40,-49.742,0.038646,616.79,6.8426,-1.017424904
540,40,-49.775,0.038789,616.78,6.8408,-1.016756668
541,40,-49.807,0.038934,616.78,6.839,-1.017331069
542,40,-49.84,0.039077,616.77,6.8372,-1.017116883
543,40,-49.873,0.039221,616.76,6.8354,-1.017246028
544,40,-49.906,0.039367,616.76,6.8336,-1.017127629
545,40,-49.939,0.039511,616.75,6.8318,-1.017159567
546,40,-49.972,0.039657,616.75,6.8301,-1.016981971
547,40,-50.005,0.039803,616.74,6.8283,-1.017245052
548,40,-50.038,0.039949,616.73,6.8266,-1.016974825
549,40,-50.071,0.040095,616.73,6.8248,-1.016954312
550,40,-50.104,0.040242,616.72,6.8231,-1.016908588
551,40,-50.137,0.04039,616.72,6.8213,-1.017057651
552,40,-50.17,0.040537,616.71,6.8196,-1.016849514
553,40,-50.203,0.040684,616.7,6.8179,-1.016891952
554,40,-50.236,0.040832,616.7,6.8161,-1.016963483
555,40,-50.27,0.04098,616.69,6.8144,-1.016880845
556,40,-50.303,0.041129,616.69,6.8127,-1.016905005
557,40,-50.336,0.041278,616.68,6.811,-1.016945988
558,40,-50.369,0.041428,616.68,6.8093,-1.016393787
559,40,-50.402,0.041577,616.67,6.8076,-1.017114864
560,40,-50.435,0.041729,616.67,6.8059,-1.017001706
561,40,-50.469,0.041877,616.66,6.8042,-1.01729708
562,40,-50.502,0.042029,616.66,6.8025,-1.017282664
563,40,-50.535,0.042182,616.65,6.8008,-1.017335233
564,40,-50.568,0.042332,616.65,6.7992,-1.017618917
565,40,-50.602,0.042484,616.64,6.7975,-1.017660333
566,40,-50.635,0.042636,616.64,6.7958,-1.017627714
567,40,-50.668,0.04279,616.63,6.7942,-1.017929329
568,40,-50.702,0.042941,616.63,6.7925,-1.017932261
569,40,-50.735,0.043095,616.62,6.7908,-1.018186056
570,40,-50.769,0.043249,616.62,6.7892,-1.017797308
571,40,-50.802,0.043403,616.62,6.7875,-1.018578155
572,40,-50.835,0.043557,616.61,6.7859,-1.018712386
573,40,-50.869,0.043711,616.61,6.7843,-1.019080269
574,40,-50.902,0.043867,616.6,6.7826,-1.019202934
575,40,-50.936,0.044021,616.6,6.781,-1.019489903
576,40,-50.969,0.044177,616.6,6.7794,-1.019790928
577,40,-51.003,0.044333,616.59,6.7778,-1.019970835
578,40,-51.036,0.044489,616.59,6.7762,-1.020272219
579,40,-51.07,0.044645,616.58,6.7745,-1.020588278
580,40,-51.103,0.044802,616.58,6.7729,-1.020193512
581,40,-51.137,0.044959,616.58,6.7713,-1.020982948
582,40,-51.17,0.045116,616.57,6.7697,-1.021193663
583,40,-51.204,0.045273,616.57,6.7681,-1.021430275
584,40,-51.237,0.04543,616.57,6.7666,-1.021765368
585,40,-51.271,0.045589,616.56,6.765,-1.021996057
586,40,-51.304,0.045747,616.56,6.7634,-1.022270685
587,40,-51.338,0.045906,616.56,6.7618,-1.022530632
588,40,-51.372,0.046065,616.55,6.7602,-1.02219807
589,40,-51.405,0.046225,616.55,6.7587,-1.023198346
590,40,-51.439,0.046384,616.55,6.7571,-1.023263929
591,40,-51.473,0.046544,616.54,6.7555,-1.023641349
592,40,-51.506,0.046704,616.54,6.754,-1.023904852
593,40,-51.54,0.046865,616.54,6.7524,-1.024210436
594,40,-51.574,0.047025,616.54,6.7508,-1.02441245
595,40,-51.607,0.047186,616.53,6.7493,-1.024807956
596,40,-51.641,0.047347,616.53,6.7477,-1.024656318
597,40,-51.675,0.047509,616.53,6.7462,-1.025379571
598,40,-51.708,0.047669,616.52,6.7447,-1.025944908
599,40,-51.742,0.047831,616.52,6.7431,-1.026271899
600,40,-51.776,0.047993,616.52,6.7416,-1.026573073
601,40,-51.81,0.048156,616.52,6.7401,-1.0270911
602,40,-51.843,0.048319,616.52,6.7385,-1.026962638
603,40,-51.877,0.048481,616.51,6.737,-1.027723643
604,40,-51.911,0.048644,616.51,6.7355,-1.028167599
605,40,-51.945,0.048807,616.51,6.734,-1.028604399
606,40,-51.978,0.048971,616.51,6.7324,-1.028999066
607,40,-52.012,0.049134,616.5,6.7309,-1.029405649
608,40,-52.046,0.049299,616.5,6.7294,-1.02926145
609,40,-52.08,0.049463,616.5,6.7279,-1.030069841
610,40,-52.114,0.049627,616.5,6.7264,-1.030521818
611,40,-52.147,0.049792,616.5,6.7249,-1.030992339
612,40,-52.181,0.049956,616.5,6.7234,-1.031312702
613,40,-52.215,0.050122,616.49,6.7219,-1.031786716
614,40,-52.249,0.050287,616.49,6.7204,-1.031585697
615,40,-52.283,0.050452,616.49,6.7189,-1.032481939
616,40,-52.317,0.050617,616.49,6.7174,-1.033033422
617,40,-52.351,0.050783,616.49,6.716,-1.033351643
618,40,-52.384,0.05095,616.49,6.7145,-1.033713863
619,40,-52.418,0.051115,616.49,6.713,-1.033729393
620,40,-52.452,0.051281,616.49,6.7115,-1.034499702
621,40,-52.486,0.051448,616.48,6.71,-1.034972187
622,40,-52.52,0.051616,616.48,6.7086,-1.035565337
623,40,-52.554,0.051782,616.48,6.7071,-1.035707376
624,40,-52.588,0.05195,616.48,6.7056,-1.035798309
625,40,-52.622,0.052117,616.48,6.7042,-1.036776354
626,40,-52.656,0.052284,616.48,6.7027,-1.036962695
627,40,-52.69,0.052453,616.48,6.7013,-1.03752199
628,40,-52.723,0.052619,616.48,6.6998,-1.037510984
629,40,-52.757,0.052788,616.48,6.6983,-1.038415936
630,40,-52.791,0.052955,616.48,6.6969,-1.038858872
631,40,-52.825,0.053124,616.48,6.6954,-1.039187314
632,40,-52.859,0.053293,616.48,6.694,-1.039194503
633,40,-52.893,0.053462,616.48,6.6925,-1.040188101
634,40,-52.927,0.05363,616.48,6.6911,-1.040581748
635,40,-52.961,0.053799,616.48,6.6897,-1.040884645
636,40,-52.995,0.053968,616.48,6.6882,-1.041520158
637,40,-53.029,0.054137,616.48,6.6868,-1.041414531
638,40,-53.063,0.054306,616.47,6.6853,-1.042342184
639,40,-53.097,0.054475,616.47,6.6839,-1.042820163
640,40,-53.131,0.054646,616.47,6.6825,-1.043335026
641,40,-53.165,0.054815,616.48,6.6811,-1.043434889
642,40,-53.199,0.054985,616.48,6.6796,-1.044346929
643,40,-53.233,0.055155,616.48,6.6782,-1.044735438
644,40,-53.267,0.055326,616.48,6.6768,-1.044960156
645,40,-53.301,0.055495,616.48,6.6754,-1.045884632
646,40,-53.335,0.055666,616.48,6.6739,-1.046314491
647,40,-53.369,0.055837,616.48,6.6725,-1.046992203
648,40,-53.403,0.056007,616.48,6.6711,-1.04684026
649,40,-53.437,0.056178,616.48,6.6697,-1.047961131
650,40,-53.471,0.056348,616.48,6.6683,-1.048470289
651,40,-53.505,0.056519,616.48,6.6669,-1.048887385
652,40,-53.539,0.056692,616.48,6.6655,-1.048898899
653,40,-53.573,0.056862,616.48,6.6641,-1.05011674
654,40,-53.607,0.057033,616.48,6.6627,-1.050465007
655,40,-53.641,0.057204,616.48,6.6613,-1.050489144
656,40,-53.675,0.057375,616.48,6.6599,-1.051614606
657,40,-53.709,0.057547,616.48,6.6585,-1.052016357
658,40,-53.743,0.057718,616.49,6.6571,-1.052186194
659,40,-53.777,0.05789,616.49,6.6557,-1.053183305
660,40,-53.811,0.058062,616.49,6.6543,-1.053469091
661,40,-53.845,0.058233,616.49,6.6529,-1.054257644
662,40,-53.879,0.058405,616.49,6.6515,-1.054299611
663,40,-53.913,0.058577,616.49,6.6501,-1.055241103
664,40,-53.947,0.058749,616.49,6.6487,-1.055842266
665,40,-53.981,0.058922,616.49,6.6473,-1.05593425
666,40,-54.015,0.059094,616.5,6.6459,-1.05691272
667,40,-54.049,0.059266,616.5,6.6445,-1.057311922
668,40,-54.084,0.059438,616.5,6.6432,-1.057511997
669,40,-54.118,0.059611,616.5,6.6418,-1.058549841
670,40,-54.152,0.059783,616.5,6.6404,-1.059278007
671,40,-54.186,0.059957,616.5,6.639,-1.059395692
672,40,-54.22,0.06013,616.51,6.6376,-1.060583169
673,40,-54.254,0.060301,616.51,6.6363,-1.061149874
674,40,-54.288,0.060473,616.51,6.6349,-1.061403356
675,40,-54.322,0.060647,616.51,6.6335,-1.062394059
676,40,-54.356,0.060819,616.51,6.6321,-1.063187895
677,40,-54.39,0.060993,616.52,6.6308,-1.063235323
678,40,-54.424,0.061168,616.52,6.6294,-1.06455045
679,40,-54.458,0.061339,616.52,6.628,-1.064557425
680,40,-54.492,0.061511,616.52,6.6266,-1.065659618
681,40,-54.526,0.061685,616.53,6.6253,-1.066410913
682,40,-54.56,0.061858,616.53,6.6239,-1.066611698
683,40,-54.594,0.062031,616.53,6.6225,-1.067662327
684,40,-54.628,0.062205,616.53,6.6212,-1.068335731
685,40,-54.662,0.062378,616.54,6.6198,-1.068554363
686,40,-54.696,0.062553,616.54,6.6184,-1.069654534
687,40,-54.73,0.062726,616.54,6.6171,-1.069952351
688,40,-54.764,0.062899,616.54,6.6157,-1.070803708
689,40,-54.798,0.063072,616.55,6.6144,-1.071723306
690,40,-54.832,0.063246,616.55,6.613,-1.071868988
691,40,-54.866,0.063419,616.55,6.6116,-1.07301072
692,40,-54.9,0.063594,616.56,6.6103,-1.073117185
693,40,-54.934,0.063766,616.56,6.6089,-1.074290513
694,40,-54.968,0.06394,616.56,6.6076,-1.075031275
695,40,-55.002,0.064114,616.56,6.6062,-1.075197219
696,40,-55.036,0.064287,616.57,6.6049,-1.076290876
697,40,-55.07,0.06446,616.57,6.6035,-1.076544743
698,40,-55.104,0.064633,616.57,6.6021,-1.077670928
699,40,-55.137,0.064808,616.58,6.6008,-1.078432719
700,40,-55.171,0.064981,616.58,6.5994,-1.078538156
701,40,-55.205,0.065155,616.58,6.5981,-1.07965825
702,40,-55.239,0.065329,616.59,6.5967,-1.080043848
703,40,-55.273,0.065501,616.59,6.5954,-1.081058426
704,40,-55.307,0.065675,616.59,6.594,-1.081306369
705,40,-55.341,0.065848,616.6,6.5927,-1.082445132
706,40,-55.375,0.066021,616.6,6.5913,-1.083143158
707,40,-55.409,0.066195,616.61,6.59,-1.083445817
708,40,-55.443,0.066368,616.61,6.5886,-1.08451549
709,40,-55.477,0.066541,616.61,6.5873,-1.084752707
710,40,-55.511,0.066713,616.62,6.5859,-1.085955851
711,40,-55.544,0.066886,616.62,6.5846,-1.086089896
712,40,-55.578,0.067059,616.63,6.5832,-1.087381955
713,40,-55.612,0.067232,616.63,6.5819,-1.087547401
714,40,-55.646,0.067406,616.63,6.5806,-1.088744382
715,40,-55.68,0.067579,616.64,6.5792,-1.088917115
716,40,-55.714,0.067752,616.64,6.5779,-1.090087434
717,40,-55.748,0.067926,616.65,6.5765,-1.090912607
718,40,-55.781,0.068099,616.65,6.5752,-1.091182422
719,40,-55.815,0.068272,616.66,6.5738,-1.092253266
720,40,-55.849,0.068447,616.66,6.5725,-1.092504968
721,40,-55.883,0.068619,616.66,6.5711,-1.093593732
722,40,-55.917,0.068793,616.67,6.5698,-1.094005514
723,40,-55.95,0.068967,616.67,6.5685,-1.095153191
724,40,-55.984,0.06914,616.68,6.5671,-1.095321491
725,40,-56.018,0.069313,616.68,6.5658,-1.096534734
726,40,-56.052,0.069487,616.69,6.5644,-1.096871375
727,40,-56.086,0.06966,616.69,6.5631,-1.098071177
728,40,-56.119,0.069833,616.7,6.5617,-1.098276955
729,40,-56.153,0.070008,616.7,6.5604,-1.099414911
730,40,-56.187,0.070179,616.71,6.5591,-1.099717815
731,40,-56.221,0.070354,616.71,6.5577,-1.100973169
732,40,-56.254,0.070528,616.72,6.5564,-1.101177815
733,40,-56.288,0.070702,616.72,6.555,-1.101884568
734,40,-56.322,0.070874,616.73,6.5537,-1.103158059
735,40,-56.355,0.071048,616.73,6.5524,-1.103380933
736,40,-56.389,0.071221,616.74,6.551,-1.104541206
737,40,-56.423,0.071395,616.74,6.5497,-1.104969316
738,40,-56.456,0.071569,616.75,6.5483,-1.106049068
739,40,-56.49,0.071742,616.75,6.547,-1.106390885
740,40,-56.524,0.071916,616.76,6.5457,-1.107593811
741,40,-56.557,0.072088,616.76,6.5443,-1.107806237
742,40,-56.591,0.072261,616.77,6.543,-1.109044877
743,40,-56.624,0.072435,616.78,6.5416,-1.109448336
744,40,-56.658,0.072609,616.78,6.5403,-1.110635636
745,40,-56.692,0.072782,616.79,6.5389,-1.112244697
746,40,-56.725,0.072954,616.79,6.5376,-1.113070565
747,40,-56.759,0.073127,616.8,6.5363,-1.114581685
748,40,-56.792,0.073298,616.81,6.5349,-1.115486137
749,40,-56.826,0.07347,616.81,6.5336,-1.117141089
750,40,-56.859,0.073641,616.82,6.5322,-1.117931678
751,40,-56.893,0.073813,616.82,6.5309,-1.119083562
752,40,-56.926,0.073983,616.83,6.5295,-1.120819469
753,40,-56.96,0.074155,616.84,6.5282,-1.121580039
754,40,-56.993,0.074324,616.84,6.5269,-1.12342168
755,40,-57.027,0.074493,616.85,6.5255,-1.124109279
756,40,-57.06,0.074663,616.85,6.5242,-1.125254295
757,40,-57.094,0.074833,616.86,6.5228,-1.127138578
758,40,-57.127,0.075003,616.87,6.5215,-1.127803111
759,40,-57.16,0.075171,616.87,6.5201,-1.129235833
760,40,-57.194,0.075338,616.88,6.5188,-1.130634033
761,40,-57.227,0.075507,616.89,6.5174,-1.131682604
762,40,-57.26,0.075675,616.89,6.5161,-1.133330189
763,40,-57.294,0.075842,616.9,6.5147,-1.134115647
764,40,-57.327,0.076011,616.91,6.5134,-1.135520098
765,40,-57.36,0.076179,616.91,6.512,-1.137077965
766,40,-57.394,0.076346,616.92,6.5107,-1.138096755
767,40,-57.427,0.076512,616.93,6.5093,-1.139189061
768,40,-57.46,0.076679,616.93,6.508,-1.141005477
769,40,-57.493,0.076846,616.94,6.5066,-1.141808297
770,40,-57.527,0.077012,616.95,6.5052,-1.143056701
771,40,-57.56,0.077178,616.95,6.5039,-1.144738262
772,40,-57.593,0.077343,616.96,6.5025,-1.145673259
773,40,-57.626,0.077509,616.97,6.5012,-1.146953486
774,40,-57.659,0.077675,616.98,6.4998,-1.148641907
775,40,-57.692,0.077839,616.98,6.4985,-1.149484575
776,40,-57.725,0.078005,616.99,6.4971,-1.150954899
777,40,-57.758,0.07817,617,6.4957,-1.152463698
778,40,-57.792,0.078334,617,6.4944,-1.153267296
779,40,-57.825,0.078497,617.01,6.493,-1.154718231
780,40,-57.858,0.078663,617.02,6.4917,-1.156483981
781,40,-57.891,0.078826,617.03,6.4903,-1.157226974
782,40,-57.924,0.07899,617.04,6.4889,-1.158516255
783,40,-57.957,0.079153,617.04,6.4876,-1.159900509
784,40,-57.989,0.079316,617.05,6.4862,-1.161652935
785,40,-58.022,0.079478,617.06,6.4848,-1.162430077
786,40,-58.055,0.079643,617.07,6.4835,-1.163774128
787,40,-58.088,0.079805,617.07,6.4821,-1.165522654
788,40,-58.121,0.079966,617.08,6.4807,-1.166448052
789,40,-58.154,0.080129,617.09,6.4794,-1.167622585
790,40,-58.187,0.080291,617.1,6.478,-1.16901761
791,40,-58.219,0.080451,617.11,6.4766,-1.170704226
792,40,-58.252,0.080615,617.11,6.4752,-1.17151328
793,40,-58.285,0.080775,617.12,6.4739,-1.173016845
794,40,-58.318,0.080935,617.13,6.4725,-1.174249381
795,40,-58.35,0.081097,617.14,6.4711,-1.176047794
796,40,-58.383,0.081257,617.15,6.4697,-1.176885621
797,40,-58.416,0.081416,617.16,6.4684,-1.178198527
798,40,-58.448,0.081576,617.16,6.467,-1.17959467
799,40,-58.481,0.081736,617.17,6.4656,-1.180890285
800,40,-58.514,0.081895,617.18,6.4642,-1.182716961
801,40,-58.546,0.082053,617.19,6.4628,-1.183600794
802,40,-58.579,0.082212,617.2,6.4615,-1.18481802
803,40,-58.611,0.082372,617.21,6.4601,-1.186300972
804,40,-58.644,0.08253,617.22,6.4587,-1.187538584
805,40,-58.676,0.082688,617.22,6.4573,-1.189769744
806,40,-58.709,0.082846,617.23,6.4559,-1.191031002
807,40,-58.741,0.083003,617.24,6.4545,-1.193064201
808,40,-58.773,0.083159,617.25,6.4531,-1.194813759
809,40,-58.806,0.083317,617.26,6.4517,-1.196630655
810,40,-58.838,0.083472,617.27,6.4503,-1.198672909
811,40,-58.871,0.083627,617.28,6.449,-1.200233119
812,40,-58.903,0.083782,617.29,6.4476,-1.202713967
813,40,-58.935,0.083937,617.3,6.4462,-1.204139317
814,40,-58.967,0.084092,617.31,6.4448,-1.205912146
815,40,-59,0.084245,617.31,6.4434,-1.207923424
816,40,-59.032,0.084399,617.32,6.442,-1.209692198
817,40,-59.064,0.08455,617.33,6.4406,-1.211709273
818,40,-59.096,0.084704,617.34,6.4391,-1.213426332
819,40,-59.128,0.084855,617.35,6.4377,-1.215685741
820,40,-59.16,0.085008,617.36,6.4363,-1.217328309
821,40,-59.192,0.08516,617.37,6.4349,-1.219103945
822,40,-59.224,0.08531,617.38,6.4335,-1.221171187
823,40,-59.256,0.08546,617.39,6.4321,-1.22298336
824,40,-59.288,0.085611,617.4,6.4307,-1.224952004
825,40,-59.32,0.08576,617.41,6.4293,-1.226907078
826,40,-59.352,0.08591,617.42,6.4279,-1.22882348
827,40,-59.384,0.086058,617.43,6.4264,-1.230817116
828,40,-59.416,0.086206,617.44,6.425,-1.232835993
829,40,-59.447,0.086353,617.45,6.4236,-1.234906696
830,40,-59.479,0.086502,617.46,6.4222,-1.236777726
831,40,-59.511,0.086648,617.47,6.4207,-1.238881886
832,40,-59.543,0.086795,617.48,6.4193,-1.241325359
833,40,-59.574,0.086941,617.49,6.4179,-1.242831027
834,40,-59.606,0.087085,617.5,6.4165,-1.244789035
835,40,-59.638,0.087231,617.51,6.415,-1.247005201
836,40,-59.669,0.087376,617.52,6.4136,-1.248776398
837,40,-59.701,0.08752,617.53,6.4122,-1.25076366
838,40,-59.732,0.087664,617.54,6.4107,-1.25296432
839,40,-59.764,0.087807,617.55,6.4093,-1.2549678
840,40,-59.795,0.087951,617.56,6.4078,-1.256925631
841,40,-59.826,0.088092,617.57,6.4064,-1.25892421
842,40,-59.858,0.088235,617.58,6.4049,-1.260980978
843,40,-59.889,0.088377,617.6,6.4035,-1.263020061
844,40,-59.92,0.088517,617.61,6.4021,-1.265087783
845,40,-59.952,0.088658,617.62,6.4006,-1.267070531
846,40,-59.983,0.0888,617.63,6.3992,-1.268641285
847,40,-60.014,0.08894,617.64,6.3977,-1.271139702
848,40,-60.045,0.089079,617.65,6.3962,-1.273239934
849,40,-60.076,0.089218,617.66,6.3948,-1.275200161
850,40,-60.107,0.089357,617.67,6.3933,-1.277235968
851,40,-60.138,0.089495,617.68,6.3919,-1.279419085
852,40,-60.169,0.089634,617.69,6.3904,-1.281453996
853,40,-60.2,0.089771,617.71,6.3889,-1.283416892
854,40,-60.231,0.089907,617.72,6.3875,-1.285573098
855,40,-60.262,0.090044,617.73,6.386,-1.287463706
856,40,-60.293,0.09018,617.74,6.3845,-1.289654629
857,40,-60.324,0.090317,617.75,6.3831,-1.291832047
858,40,-60.355,0.090451,617.76,6.3816,-1.293263497
859,40,-60.385,0.090586,617.77,6.3801,-1.296017387
860,40,-60.416,0.090719,617.79,6.3786,-1.297860821
861,40,-60.447,0.090854,617.8,6.3772,-1.299946709
862,40,-60.477,0.090988,617.81,6.3757,-1.302107617
863,40,-60.508,0.091121,617.82,6.3742,-1.304240795
864,40,-60.538,0.091254,617.83,6.3727,-1.306363248
865,40,-60.569,0.091385,617.84,6.3712,-1.308043786
866,40,-60.599,0.091517,617.86,6.3697,-1.310385736
867,40,-60.63,0.091649,617.87,6.3682,-1.312658771
868,40,-60.66,0.091779,617.88,6.3667,-1.314683605
869,40,-60.691,0.091909,617.89,6.3652,-1.316836776
870,40,-60.721,0.09204,617.91,6.3637,-1.318552245
871,40,-60.751,0.09217,617.92,6.3622,-1.320999639
872,40,-60.781,0.092298,617.93,6.3607,-1.323362947
873,40,-60.811,0.092427,617.94,6.3592,-1.32528308
874,40,-60.842,0.092556,617.95,6.3577,-1.327423046
875,40,-60.872,0.092683,617.97,6.3562,-1.329277047
876,40,-60.902,0.092811,617.98,6.3547,-1.331713933
877,40,-60.932,0.092937,617.99,6.3532,-1.333898601
878,40,-60.962,0.093064,618,6.3517,-1.335976974
879,40,-60.992,0.093191,618.02,6.3502,-1.337961402
880,40,-61.021,0.093316,618.03,6.3487,-1.340349194
881,40,-61.051,0.093441,618.04,6.3471,-1.342480348
882,40,-61.081,0.093564,618.06,6.3456,-1.344233137
883,40,-61.111,0.09369,618.07,6.3441,-1.346976055
884,40,-61.141,0.093813,618.08,6.3426,-1.349003567
885,40,-61.17,0.093936,618.09,6.341,-1.350849214
886,40,-61.2,0.094059,618.11,6.3395,-1.353423431
887,40,-61.229,0.094182,618.12,6.338,-1.355491846
888,40,-61.259,0.094303,618.13,6.3364,-1.357845586
889,40,-61.288,0.094424,618.15,6.3349,-1.359599902
890,40,-61.318,0.094545,618.16,6.3333,-1.362199448
891,40,-61.347,0.094666,618.17,6.3318,-1.363974081
892,40,-61.376,0.094785,618.19,6.3303,-1.36667828
893,40,-61.406,0.094905,618.2,6.3287,-1.368855658
894,40,-61.435,0.095024,618.21,6.3272,-1.370703671
895,40,-61.464,0.095143,618.23,6.3256,-1.373295589
896,40,-61.493,0.095261,618.24,6.3241,-1.375447192
897,40,-61.522,0.095377,618.26,6.3225,-1.377428698
898,40,-61.551,0.095495,618.27,6.3209,-1.379933331
899,40,-61.58,0.095611,618.28,6.3194,-1.38193433
900,40,-61.609,0.095727,618.3,6.3178,-1.384512588
901,40,-61.638,0.095843,618.31,6.3163,-1.38647507
902,40,-61.667,0.095959,618.32,6.3147,-1.389172468
903,40,-61.696,0.096073,618.34,6.3131,-1.391416836
904,40,-61.725,0.096186,618.35,6.3115,-1.393280325
905,40,-61.753,0.096301,618.37,6.31,-1.396061164
906,40,-61.782,0.096413,618.38,6.3084,-1.398007718
907,40,-61.811,0.096525,618.39,6.3068,-1.400660732
908,40,-61.839,0.096637,618.41,6.3052,-1.402687732
909,40,-61.868,0.096749,618.42,6.3036,-1.405260231
910,40,-61.896,0.09686,618.44,6.3021,-1.407271962
911,40,-61.925,0.096969,618.45,6.3005,-1.41008459
912,40,-61.953,0.097079,618.47,6.2989,-1.41204105
913,40,-61.981,0.097189,618.48,6.2973,-1.414657098
914,40,-62.01,0.097298,618.5,6.2957,-1.416575353
915,40,-62.038,0.097405,618.51,6.2941,-1.419137042
916,40,-62.066,0.097515,618.53,6.2925,-1.421801703
917,40,-62.094,0.097623,618.54,6.2909,-1.423858978
918,40,-62.122,0.097729,618.56,6.2893,-1.426484547
919,40,-62.15,0.097836,618.57,6.2877,-1.428585745
920,40,-62.178,0.09794,618.59,6.2861,-1.430941127
921,40,-62.206,0.098047,618.6,6.2844,-1.433775015
922,40,-62.234,0.098151,618.62,6.2828,-1.435837439
923,40,-62.261,0.098255,618.63,6.2812,-1.438495938
924,40,-62.289,0.09836,618.65,6.2796,-1.440721549
925,40,-62.317,0.098462,618.66,6.278,-1.443009891
926,40,-62.344,0.098565,618.68,6.2763,-1.445847766
927,40,-62.372,0.098667,618.69,6.2747,-1.447844233
928,40,-62.4,0.098769,618.71,6.2731,-1.450430331
929,40,-62.427,0.09887,618.72,6.2714,-1.453200747
930,40,-62.454,0.098971,618.74,6.2698,-1.455582233
931,40,-62.482,0.099071,618.75,6.2682,-1.457909992
932,40,-62.509,0.099171,618.77,6.2665,-1.460993852
933,40,-62.536,0.099269,618.79,6.2649,-1.463083353
934,40,-62.563,0.099367,618.8,6.2632,-1.465672931
935,40,-62.59,0.099465,618.82,6.2616,-1.468305011
936,40,-62.618,0.099564,618.83,6.2599,-1.471182258
937,40,-62.645,0.09966,618.85,6.2583,-1.473472778
938,40,-62.671,0.099757,618.87,6.2566,-1.475926873
939,40,-62.698,0.099853,618.88,6.2549,-1.478598087
940,40,-62.725,0.099949,618.9,6.2533,-1.481575043
941,40,-62.752,0.10004,618.92,6.2516,-1.483837075
942,40,-62.779,0.10014,618.93,6.2499,-1.486510605
943,40,-62.805,0.10023,618.95,6.2483,-1.489178397
944,40,-62.832,0.10032,618.96,6.2466,-1.492081957
945,40,-62.858,0.10042,618.98,6.2449,-1.495069108
946,40,-62.885,0.10051,619,6.2432,-1.497545669
947,40,-62.911,0.1006,619.01,6.2416,-1.500322924
948,40,-62.938,0.10069,619.03,6.2399,-1.503171789
949,40,-62.964,0.10078,619.05,6.2382,-1.50594635
950,40,-62.99,0.10087,619.06,6.2365,-1.508829119
951,40,-63.016,0.10096,619.08,6.2348,-1.511607503
952,40,-63.042,0.10105,619.1,6.2331,-1.514513982
953,40,-63.068,0.10113,619.12,6.2314,-1.517688351
954,40,-63.094,0.10122,619.13,6.2297,-1.520188933
955,40,-63.12,0.10131,619.15,6.228,-1.523126804
956,40,-63.146,0.10139,619.17,6.2263,-1.525789892
957,40,-63.172,0.10148,619.18,6.2246,-1.52883107
958,40,-63.197,0.10156,619.2,6.2228,-1.531783907
959,40,-63.223,0.10165,619.22,6.2211,-1.534619817
960,40,-63.249,0.10173,619.24,6.2194,-1.537512609
961,40,-63.274,0.10181,619.25,6.2177,-1.540889233
962,40,-63.3,0.1019,619.27,6.216,-1.544406877
963,40,-63.325,0.10198,619.29,6.2142,-1.547809375
964,40,-63.35,0.10206,619.31,6.2125,-1.551607849
965,40,-63.376,0.10214,619.32,6.2108,-1.555393701
966,40,-63.401,0.10223,619.34,6.209,-1.559101926
967,40,-63.426,0.10231,619.36,6.2073,-1.562461204
968,40,-63.451,0.1024,619.38,6.2055,-1.56653572
969,40,-63.476,0.10248,619.4,6.2038,-1.570545899
970,40,-63.5,0.10256,619.42,6.202,-1.574261745
971,40,-63.525,0.10264,619.43,6.2003,-1.578541279
972,40,-63.55,0.10273,619.45,6.1985,-1.582362297
973,40,-63.574,0.10281,619.47,6.1967,-1.586560312
974,40,-63.599,0.10289,619.49,6.195,-1.590412937
975,40,-63.623,0.10297,619.51,6.1932,-1.594718386
976,40,-63.648,0.10306,619.53,6.1914,-1.598642954
977,40,-63.672,0.10314,619.54,6.1896,-1.602853517
978,40,-63.696,0.10322,619.56,6.1878,-1.606733998
979,40,-63.72,0.1033,619.58,6.1861,-1.611137541
980,40,-63.744,0.10338,619.6,6.1843,-1.614981929
981,40,-63.768,0.10346,619.62,6.1825,-1.619282083
982,40,-63.792,0.10354,619.64,6.1807,-1.623148019
983,40,-63.816,0.10362,619.66,6.1789,-1.627314268
984,40,-63.839,0.1037,619.68,6.1771,-1.631784287
985,40,-63.863,0.10378,619.7,6.1753,-1.635636643
986,40,-63.886,0.10385,619.72,6.1735,-1.639909194
987,40,-63.91,0.10393,619.74,6.1716,-1.643949454
988,40,-63.933,0.10401,619.75,6.1698,-1.648600102
989,40,-63.956,0.10408,619.77,6.168,-1.652456427
990,40,-63.979,0.10416,619.79,6.1662,-1.656643314
991,40,-64.002,0.10423,619.81,6.1643,-1.660958749
992,40,-64.025,0.10431,619.83,6.1625,-1.665245484
993,40,-64.048,0.10438,619.85,6.1607,-1.669444958
994,40,-64.071,0.10446,619.87,6.1588,-1.67373399
995,40,-64.093,0.10453,619.89,6.157,-1.678053965
996,40,-64.116,0.1046,619.91,6.1551,-1.682389668
997,40,-64.138,0.10467,619.93,6.1533,-1.686748412
998,40,-64.161,0.10475,619.95,6.1514,-1.691139033
999,40,-64.183,0.10482,619.97,6.1496,-1.695443801
1000,40,-64.205,0.10489,619.99,6.1477,-1.699676339
1001,40,-64.227,0.10496,620.02,6.1458,-1.704423581
1002,40,-64.249,0.10503,620.04,6.144,-1.708566697
1003,40,-64.271,0.1051,620.06,6.1421,-1.71321866
1004,40,-64.293,0.10517,620.08,6.1402,-1.717697806
1005,40,-64.314,0.10523,620.1,6.1383,-1.722081225
1006,40,-64.336,0.1053,620.12,6.1364,-1.726864516
1007,40,-64.357,0.10537,620.14,6.1345,-1.731566539
1008,40,-64.379,0.10544,620.16,6.1327,-1.736294785
1009,40,-64.4,0.1055,620.18,6.1308,-1.740469507
1010,40,-64.421,0.10557,620.2,6.1288,-1.74553611
1011,40,-64.442,0.10563,620.22,6.1269,-1.75033419
1012,40,-64.463,0.1057,620.25,6.125,-1.754605173
1013,40,-64.484,0.10576,620.27,6.1231,-1.759759389
1014,40,-64.505,0.10583,620.29,6.1212,-1.764082248
1015,40,-64.526,0.10589,620.31,6.1193,-1.769210626
1016,40,-64.546,0.10595,620.33,6.1173,-1.773660009
1017,40,-64.567,0.10601,620.35,6.1154,-1.778895262
1018,40,-64.587,0.10608,620.38,6.1135,-1.783190572
1019,40,-64.607,0.10614,620.4,6.1115,-1.788424875
1020,40,-64.628,0.1062,620.42,6.1096,-1.793101575
1021,40,-64.648,0.10626,620.44,6.1076,-1.797913995
1022,40,-64.668,0.10632,620.46,6.1057,-1.803018228
1023,40,-64.688,0.10638,620.49,6.1037,-1.807727707
1024,40,-64.707,0.10644,620.51,6.1017,-1.812786547
1025,40,-64.727,0.10649,620.53,6.0998,-1.817819268
1026,40,-64.746,0.10655,620.55,6.0978,-1.822658177
1027,40,-64.766,0.10661,620.58,6.0958,-1.827569984
1028,40,-64.785,0.10667,620.6,6.0938,-1.832654306
1029,40,-64.804,0.10672,620.62,6.0919,-1.837644906
1030,40,-64.824,0.10678,620.65,6.0899,-1.842738798
1031,40,-64.843,0.10683,620.67,6.0879,-1.847762952
1032,40,-64.861,0.10689,620.69,6.0859,-1.853016935
1033,40,-64.88,0.10694,620.71,6.0839,-1.857957739
1034,40,-64.899,0.10699,620.74,6.0819,-1.86314795
1035,40,-64.917,0.10704,620.76,6.0799,-1.868391418
1036,40,-64.936,0.1071,620.78,6.0778,-1.873505876
1037,40,-64.954,0.10715,620.81,6.0758,-1.878665121
1038,40,-64.972,0.1072,620.83,6.0738,-1.883900484
1039,40,-64.99,0.10725,620.86,6.0718,-1.889221824
1040,40,-65.008,0.1073,620.88,6.0697,-1.894416128
1041,40,-65.026,0.10735,620.9,6.0677,-1.89934786
1042,40,-65.044,0.1074,620.93,6.0656,-1.904991525
1043,40,-65.062,0.10744,620.95,6.0636,-1.910277815
1044,40,-65.079,0.10749,620.98,6.0615,-1.915302102
1045,40,-65.097,0.10754,621,6.0595,-1.921055707
1046,40,-65.114,0.10758,621.02,6.0574,-1.926339924
1047,40,-65.131,0.10763,621.05,6.0553,-1.931460592
1048,40,-65.148,0.10767,621.07,6.0533,-1.937206009
1049,40,-65.165,0.10772,621.1,6.0512,-1.942312287
1050,40,-65.182,0.10776,621.12,6.0491,-1.948061195
1051,40,-65.199,0.1078,621.15,6.047,-1.95319724
1052,40,-65.215,0.10784,621.17,6.0449,-1.958684186
1053,40,-65.232,0.10789,621.2,6.0428,-1.964556651
1054,40,-65.248,0.10793,621.22,6.0407,-1.969895165
1055,40,-65.264,0.10797,621.25,6.0386,-1.975292318
1056,40,-65.281,0.10801,621.27,6.0365,-1.981223958
1057,40,-65.297,0.10804,621.3,6.0344,-1.986395546
1058,40,-65.312,0.10808,621.32,6.0323,-1.992183327
1059,40,-65.328,0.10812,621.35,6.0302,-1.997738134
1060,40,-65.344,0.10816,621.37,6.028,-2.003419836
1061,40,-65.359,0.1082,621.4,6.0259,-2.00911053
1062,40,-65.375,0.10823,621.43,6.0238,-2.014803132
1063,40,-65.39,0.10827,621.45,6.0216,-2.020428593
1064,40,-65.405,0.1083,621.48,6.0195,-2.026212834
1065,40,-65.42,0.10834,621.5,6.0173,-2.032009145
1066,40,-65.435,0.10837,621.53,6.0151,-2.037703884
1067,40,-65.45,0.1084,621.56,6.013,-2.043416882
1068,40,-65.464,0.10844,621.58,6.0108,-2.049333972
1069,40,-65.479,0.10847,621.61,6.0086,-2.05508408
1070,40,-65.493,0.1085,621.64,6.0065,-2.060669998
1071,40,-65.507,0.10853,621.66,6.0043,-2.066818488
1072,40,-65.522,0.10856,621.69,6.0021,-2.072667164
1073,40,-65.535,0.10859,621.72,5.9999,-2.078241277
1074,40,-65.549,0.10862,621.74,5.9977,-2.084623427
1075,40,-71.308,0.023601,623.32,6.2273,-2.09000005
1076,40,-71.32,0.023434,623.35,6.2252,-2.096384283
1077,40,-71.332,0.023262,623.38,6.223,-2.102048739
1078,40,-71.344,0.023091,623.41,6.2208,-2.108356286
1079,40,-71.356,0.022916,623.44,6.2187,-2.114012671
1080,40,-71.368,0.022743,623.47,6.2165,-2.120269642
1081,40,-71.379,0.022565,623.5,6.2143,-2.126144562
1082,40,-71.39,0.022387,623.53,6.2121,-2.132240605
1083,40,-71.401,0.022207,623.56,6.2099,-2.138221656
1084,40,-71.412,0.022026,623.59,6.2077,-2.144574136
1085,40,-71.423,0.021844,623.62,6.2055,-2.15050661
1086,40,-71.434,0.021658,623.65,6.2033,-2.156782838
1087,40,-71.444,0.021472,623.68,6.2011,-2.162794631
1088,40,-71.454,0.021282,623.71,6.1988,-2.168960394
1089,40,-71.464,0.021094,623.74,6.1966,-2.175203603
1090,40,-71.474,0.020902,623.77,6.1944,-2.181478371
1091,40,-71.484,0.020709,623.8,6.1921,-2.188205805
1092,40,-71.494,0.020514,623.83,6.1899,-2.194922183
1093,40,-71.503,0.020316,623.86,6.1876,-2.201391178
1094,40,-71.513,0.020119,623.9,6.1854,-2.208022814
1095,40,-71.522,0.019918,623.93,6.1831,-2.214859121
1096,40,-71.531,0.019715,623.96,6.1808,-2.221644648
1097,40,-71.539,0.019511,623.99,6.1786,-2.228224296
1098,40,-71.548,0.019305,624.02,6.1763,-2.235279848
1099,40,-71.557,0.019096,624.05,6.174,-2.24192153
1100,40,-71.565,0.018887,624.09,6.1717,-2.249099556
1101,40,-71.573,0.018675,624.12,6.1694,-2.255769182
1102,40,-71.581,0.018463,624.15,6.1671,-2.262988821
1103,40,-71.589,0.018249,624.18,6.1648,-2.269698194
1104,40,-71.596,0.018031,624.22,6.1625,-2.276599398
1105,40,-71.603,0.017812,624.25,6.1602,-2.283706433
1106,40,-71.611,0.017591,624.28,6.1578,-2.290921612
1107,40,-71.618,0.017369,624.31,6.1555,-2.2978115
1108,40,-71.625,0.017144,624.35,6.1532,-2.304895097
1109,40,-71.631,0.016917,624.38,6.1508,-2.311968108
1110,40,-71.638,0.016688,624.41,6.1485,-2.319136305
1111,40,-71.644,0.016459,624.45,6.1461,-2.326280734
1112,40,-71.65,0.016224,624.48,6.1438,-2.333482486
1113,40,-71.656,0.015989,624.52,6.1414,-2.340677409
1114,40,-71.662,0.015753,624.55,6.139,-2.347915932
1115,40,-71.667,0.015513,624.58,6.1366,-2.355044117
1116,40,-71.673,0.015275,624.62,6.1343,-2.362071221
1117,40,-71.678,0.015031,624.65,6.1319,-2.369593112
1118,40,-71.683,0.014788,624.69,6.1295,-2.376934927
1119,40,-71.688,0.01454,624.72,6.1271,-2.383794475
1120,40,-71.693,0.014292,624.76,6.1246,-2.391416335
1121,40,-71.697,0.014039,624.79,6.1222,-2.398735597
1122,40,-71.701,0.013787,624.83,6.1198,-2.405854723
1123,40,-71.705,0.013531,624.86,6.1174,-2.413470793
1124,40,-71.709,0.013274,624.9,6.1149,-2.42053398
1125,40,-71.713,0.013013,624.93,6.1125,-2.427909062
1126,40,-71.717,0.012751,624.97,6.11,-2.435651894
1127,40,-71.72,0.012487,625,6.1076,-2.442678309
1128,40,-71.723,0.012224,625.04,6.1051,-2.450175626
1129,40,-71.726,0.011952,625.07,6.1027,-2.457772202
1130,40,-71.729,0.011682,625.11,6.1002,-2.465198623
1131,40,-71.731,0.01141,625.15,6.0977,-2.472947086
1132,40,-71.734,0.011133,625.18,6.0952,-2.480186392
1133,40,-71.736,0.010858,625.22,6.0927,-2.487738963
1134,40,-71.738,0.010576,625.26,6.0902,-2.495240932
1135,40,-71.74,0.010296,625.29,6.0877,-2.502824394
1136,40,-71.742,0.010011,625.33,6.0852,-2.51023725
1137,40,-71.743,0.0097242,625.37,6.0827,-2.517704256
1138,40,-71.744,0.0094361,625.4,6.0801,-2.525524049
1139,40,-71.745,0.009144,625.44,6.0776,-2.533092838
1140,40,-71.746,0.0088526,625.48,6.075,-2.54055677
1141,40,-71.747,0.0085543,625.52,6.0725,-2.548078062
1142,40,-71.747,0.0082576,625.55,6.0699,-2.555875625
1143,40,-71.748,0.0079562,625.59,6.0674,-2.563352276
1144,40,-71.748,0.0076522,625.63,6.0648,-2.570891628
1145,40,-71.747,0.0073487,625.67,6.0622,-2.578619909
1146,40,-71.747,0.007039,625.71,6.0596,-2.586180814
1147,40,-71.747,0.0067298,625.74,6.0571,-2.593901483
1148,40,-71.746,0.006415,625.78,6.0545,-2.601457033
1149,40,-71.745,0.0061016,625.82,6.0518,-2.609438935
1150,40,-71.744,0.0057828,625.86,6.0492,-2.616676206
1151,40,-71.743,0.0054617,625.9,6.0466,-2.624658042
1152,40,-71.741,0.0051406,625.94,6.044,-2.632112045
1153,40,-71.739,0.0048135,625.98,6.0414,-2.63994539
1154,40,-71.737,0.0044856,626.02,6.0387,-2.647777977
1155,40,-71.735,0.0041542,626.06,6.0361,-2.655617678
1156,40,-71.733,0.0038212,626.1,6.0334,-2.663488724
1157,40,-71.73,0.003483,626.14,6.0308,-2.671060549
1158,40,-71.728,0.0031461,626.18,6.0281,-2.679074152
1159,40,-71.725,0.0028046,626.22,6.0254,-2.686784273
1160,40,-71.721,0.0024587,626.26,6.0227,-2.694752993
1161,40,-71.718,0.002114,626.3,6.02,-2.702724712
1162,40,-71.715,0.0017637,626.34,6.0173,-2.711355561
1163,40,-71.711,0.0014099,626.38,6.0146,-2.719783824
1164,40,-71.707,0.0010546,626.42,6.0119,-2.72865509
1165,40,-71.702,0.00069793,626.46,6.0092,-2.737269356
1166,40,-71.698,0.0003363,626.5,6.0065,-2.746173522
1167,40,-71.693,-2.60E-05,626.55,6.0038,-2.755137361
1168,40,-71.688,-0.00039538,626.59,6.001,-2.764273545
1169,40,-71.683,-0.00076559,626.63,5.9983,-2.773361107
1170,40,-71.678,-0.001141,626.67,5.9955,-2.783142086
1171,40,-71.672,-0.0015149,626.71,5.9927,-2.792705844
1172,40,-71.667,-0.0018938,626.76,5.99,-2.802794789
1173,40,-71.66,-0.0022781,626.8,5.9872,-2.812515047
1174,40,-71.654,-0.0026612,626.84,5.9844,-2.822549386
1175,40,-71.648,-0.003048,626.88,5.9816,-2.832782191
1176,40,-71.641,-0.0034415,626.93,5.9788,-2.843080799
1177,40,-71.634,-0.0038364,626.97,5.976,-2.853298663
1178,40,-71.627,-0.0042352,627.01,5.9732,-2.863544019
1179,40,-71.619,-0.0046363,627.06,5.9704,-2.874303608
1180,40,-71.611,-0.0050414,627.1,5.9675,-2.8846336
1181,40,-71.603,-0.0054485,627.14,5.9647,-2.894973289
1182,40,-71.595,-0.005859,627.19,5.9619,-2.90598214
1183,40,-71.587,-0.0062754,627.23,5.959,-2.916570892
1184,40,-71.578,-0.0066934,627.28,5.9561,-2.927420038
1185,40,-71.569,-0.0071178,627.32,5.9533,-2.939055431
1186,40,-71.56,-0.007545,627.37,5.9504,-2.950492169
1187,40,-71.55,-0.0079736,627.41,5.9475,-2.96251174
1188,40,-71.541,-0.0084061,627.46,5.9446,-2.97432552
1189,40,-71.531,-0.0088463,627.5,5.9417,-2.986249533
1190,40,-71.52,-0.0092862,627.55,5.9388,-2.998632883
1191,40,-71.51,-0.0097321,627.59,5.9358,-3.010750978
1192,40,-71.499,-0.010182,627.64,5.9329,-3.023293365
1193,40,-71.488,-0.010637,627.68,5.93,-3.035444931
1194,40,-71.477,-0.011095,627.73,5.927,-3.048308793
1195,40,-71.465,-0.011558,627.78,5.924,-3.0608704
1196,40,-71.454,-0.012023,627.82,5.9211,-3.073291773
1197,40,-71.441,-0.012495,627.87,5.9181,-3.086282351
1198,40,-71.429,-0.012971,627.92,5.9151,-3.098931002
1199,40,-71.417,-0.013451,627.96,5.9121,-3.11201107
1200,40,-71.404,-0.013933,628.01,5.9091,-3.12500168
1201,40,-71.39,-0.01442,628.06,5.9061,-3.137828193
1202,40,-71.377,-0.014915,628.1,5.903,-3.150929082
1203,40,-71.363,-0.015412,628.15,5.9,-3.164279808
1204,40,-71.349,-0.015913,628.2,5.897,-3.177100753
1205,40,-71.335,-0.01642,628.25,5.8939,-3.190643858
1206,40,-71.321,-0.016931,628.3,5.8908,-3.203942333
1207,40,-71.306,-0.017445,628.34,5.8878,-3.217211538
1208,40,-71.291,-0.017968,628.39,5.8847,-3.230646072
1209,40,-71.276,-0.018491,628.44,5.8816,-3.244090866
1210,40,-71.26,-0.019021,628.49,5.8785,-3.257380685
1211,40,-71.244,-0.019554,628.54,5.8754,-3.271106252
1212,40,-71.228,-0.020095,628.59,5.8722,-3.284809388
1213,40,-71.212,-0.020639,628.64,5.8691,-3.298401198
1214,40,-71.195,-0.021187,628.69,5.866,-3.311945663
1215,40,-71.178,-0.021739,628.74,5.8628,-3.32564761
1216,40,-71.161,-0.022299,628.78,5.8597,-3.339419638
1217,40,-71.143,-0.022861,628.83,5.8565,-3.353210585
1218,40,-71.125,-0.02343,628.88,5.8533,-3.366954229
1219,40,-71.107,-0.024003,628.93,5.8501,-3.380801056
1220,40,-71.089,-0.024584,628.99,5.8469,-3.394586082
1221,40,-71.07,-0.025167,629.04,5.8437,-3.408416471
1222,40,-71.051,-0.025756,629.09,5.8405,-3.422498988
1223,40,-71.032,-0.026349,629.14,5.8372,-3.436270761
1224,40,-71.012,-0.026949,629.19,5.834,-3.450293892
1225,40,-70.992,-0.027555,629.24,5.8308,-3.464032065
1226,40,-70.972,-0.028165,629.29,5.8275,-3.477996619
1227,40,-70.952,-0.028779,629.34,5.8242,-3.491872213
1228,40,-70.931,-0.0294,629.39,5.8209,-3.505844433
1229,40,-70.91,-0.030027,629.45,5.8176,-3.519691425
1230,40,-70.889,-0.030658,629.5,5.8143,-3.533833989
1231,40,-70.867,-0.031295,629.55,5.811,-3.547625362
1232,40,-70.845,-0.031937,629.6,5.8077,-3.561560385
1233,40,-70.823,-0.032585,629.65,5.8044,-3.575480231
1234,40,-70.801,-0.033241,629.71,5.801,-3.589269841
1235,40,-70.778,-0.033896,629.76,5.7977,-3.603139296
1236,40,-70.755,-0.034561,629.81,5.7943,-3.617134758
1237,40,-70.732,-0.035231,629.86,5.7909,-3.630940484
1238,40,-70.709,-0.035908,629.92,5.7875,-3.645056492
1239,40,-70.685,-0.036588,629.97,5.7841,-3.659271056
1240,40,-70.661,-0.037277,630.02,5.7807,-3.673070208
1241,40,-70.636,-0.03797,630.08,5.7773,-3.687427275
1242,40,-70.612,-0.038668,630.13,5.7738,-3.701506481
1243,40,-70.587,-0.039373,630.19,5.7704,-3.715493248
1244,40.5,-70.561,-0.040084,630.24,5.7669,-3.726039909
1245,40.5,-70.536,-0.040803,630.29,5.7635,-3.739827887
1246,40.5,-70.51,-0.041526,630.35,5.76,-3.753912641
1247,40.5,-70.484,-0.042256,630.4,5.7565,-3.768004688
1248,40.5,-70.458,-0.04299,630.46,5.753,-3.781738575
1249,40.5,-70.431,-0.043731,630.51,5.7494,-3.795664932
1250,40.5,-70.404,-0.044477,630.57,5.7459,-3.80964772
1251,40.5,-70.377,-0.045234,630.62,5.7424,-3.823069314
1252,40.5,-70.35,-0.045992,630.68,5.7388,-3.837005675
1253,40.5,-70.322,-0.046759,630.73,5.7352,-3.850518611
1254,40.5,-70.294,-0.047529,630.79,5.7316,-3.864052189
1255,40.5,-70.265,-0.048308,630.84,5.728,-3.877603774
1256,40.5,-70.237,-0.049092,630.9,5.7244,-3.8908946
1257,40.5,-70.208,-0.049882,630.95,5.7208,-3.904325259
1258,40.5,-70.179,-0.050679,631.01,5.7171,-3.917475183
1259,40.5,-70.15,-0.051481,631.06,5.7135,-3.930394228
1260,40.5,-70.12,-0.052291,631.12,5.7098,-3.943679671
1261,40.5,-70.09,-0.053104,631.18,5.7061,-3.956440111
1262,40.5,-70.06,-0.053925,631.23,5.7024,-3.969313531
1263,40.5,-70.029,-0.054754,631.29,5.6987,-3.982026089
1264,40.5,-69.999,-0.055585,631.34,5.695,-3.994590863
1265,40.5,-69.968,-0.056427,631.4,5.6913,-4.007007939
1266,40.5,-69.937,-0.05727,631.46,5.6875,-4.01940532
1267,40.5,-69.905,-0.058122,631.51,5.6837,-4.0316562
1268,40.5,-69.873,-0.058982,631.57,5.6799,-4.043754883
1269,40.5,-69.841,-0.059844,631.63,5.6761,-4.055619127
1270,40.5,-69.809,-0.060715,631.68,5.6723,-4.067663904
1271,40.5,-69.777,-0.061591,631.74,5.6685,-4.079222186
1272,40.5,-69.744,-0.062475,631.8,5.6646,-4.090888451
1273,40.5,-69.711,-0.063363,631.85,5.6608,-4.102381465
1274,40.5,-69.678,-0.064256,631.91,5.6569,-4.113737815
1275,40.5,-69.644,-0.06516,631.97,5.653,-4.124964051
1276,40.5,-69.611,-0.066067,632.03,5.6491,-4.135800435
1277,40.5,-69.577,-0.066977,632.08,5.6452,-4.147021552
1278,40.5,-69.542,-0.067897,632.14,5.6412,-4.157698385
1279,40.5,-69.508,-0.068823,632.2,5.6373,-4.168708385
1280,40.5,-69.473,-0.069754,632.26,5.6333,-4.179589758
1281,40.5,-69.439,-0.070694,632.31,5.6293,-4.190363579
1282,40.5,-69.403,-0.071636,632.37,5.6253,-4.201071192
1283,40.5,-69.368,-0.072587,632.43,5.6213,-4.211476632
1284,40.5,-69.333,-0.073542,632.49,5.6172,-4.222045778
1285,40.5,-69.297,-0.074504,632.54,5.6132,-4.232454792
1286,40.5,-69.261,-0.075471,632.6,5.6091,-4.242520911
1287,40.5,-69.224,-0.076448,632.66,5.605,-4.252623709
1288,40.5,-69.188,-0.077426,632.72,5.6009,-4.262538174
1289,40.5,-69.151,-0.078414,632.78,5.5968,-4.272434765
1290,40.5,-69.114,-0.079406,632.84,5.5927,-4.28205203
1291,40.5,-69.077,-0.080406,632.89,5.5885,-4.291866767
1292,40.5,-69.04,-0.081409,632.95,5.5844,-4.301478206
1293,40.5,-69.002,-0.082421,633.01,5.5802,-4.310823674
1294,40.5,-68.965,-0.083438,633.07,5.576,-4.320397226
1295,40.5,-68.927,-0.08446,633.13,5.5718,-4.329274603
1296,40.5,-68.888,-0.08549,633.19,5.5675,-4.338648845
1297,40.5,-68.85,-0.086526,633.25,5.5633,-4.347470225
1298,40.5,-68.812,-0.087567,633.3,5.559,-4.356217223
1299,40.5,-68.773,-0.088614,633.36,5.5548,-4.36515403
1300,40.5,-68.734,-0.089668,633.42,5.5505,-4.373615658
1301,40.5,-68.695,-0.090726,633.48,5.5462,-4.382011371
1302,40.5,-68.655,-0.091793,633.54,5.5418,-4.390249888
1303,40.5,-68.616,-0.092866,633.6,5.5375,-4.398634665
1304,40.5,-68.576,-0.093944,633.66,5.5331,-4.406712779
1305,40.5,-68.536,-0.095026,633.72,5.5288,-4.414873824
1306,40.5,-68.496,-0.096116,633.78,5.5244,-4.42281183
1307,40.5,-68.455,-0.097212,633.84,5.52,-4.430537754
1308,40.5,-68.414,-0.098315,633.9,5.5156,-4.438463509
1309,40.5,-68.374,-0.099423,633.96,5.5112,-4.446087845
1310,40.5,-68.333,-0.10054,634.02,5.5067,-4.453654505
1311,40.5,-68.291,-0.10166,634.08,5.5023,-4.460954225
1312,40.5,-68.25,-0.10278,634.14,5.4978,-4.468326624
1313,40.5,-68.208,-0.10392,634.2,5.4933,-4.475635414
1314,40.5,-68.167,-0.10506,634.26,5.4888,-4.483481266
1315,40.5,-68.125,-0.1062,634.32,5.4843,-4.49147082
1316,40.5,-68.083,-0.10735,634.38,5.4798,-4.499470905
1317,40.5,-68.04,-0.10851,634.44,5.4752,-4.507561033
1318,40.5,-67.998,-0.10967,634.5,5.4707,-4.51532212
1319,40.5,-67.955,-0.11084,634.56,5.4661,-4.523380278
1320,40.5,-67.912,-0.11202,634.62,5.4615,-4.531111867
1321,40.5,-67.869,-0.1132,634.68,5.4569,-4.539140587
1322,40.5,-67.825,-0.11439,634.74,5.4523,-4.548572783
1323,40.5,-67.782,-0.11559,634.8,5.4477,-4.55761537
1324,40.5,-67.738,-0.11679,634.86,5.4431,-4.566701511
1325,40.5,-67.694,-0.118,634.92,5.4384,-4.575562305
1326,40.5,-67.65,-0.11922,634.98,5.4338,-4.584334726
1327,40.5,-67.605,-0.12044,635.04,5.4291,-4.592969244
1328,40.5,-67.561,-0.12167,635.1,5.4244,-4.601831865
1329,40.5,-67.516,-0.12291,635.17,5.4197,-4.610173415
1330,40.5,-67.471,-0.12416,635.23,5.415,-4.618808937
1331,40.5,-67.426,-0.12541,635.29,5.4102,-4.627063971
1332,40.5,-67.38,-0.12667,635.35,5.4055,-4.635429924
1333,40.5,-67.335,-0.12794,635.41,5.4008,-4.64356112
1334,40.5,-67.289,-0.12921,635.47,5.396,-4.651596779
1335,40.5,-67.243,-0.13049,635.54,5.3912,-4.65972415
1336,40.5,-67.197,-0.13178,635.6,5.3864,-4.66757695
1337,40.5,-67.15,-0.13307,635.66,5.3816,-4.675589039
1338,40.5,-67.104,-0.13437,635.72,5.3768,-4.682990029
1339,40.5,-67.057,-0.13568,635.79,5.372,-4.690582431
1340,40.5,-67.01,-0.13699,635.85,5.3672,-4.698160335
1341,40.5,-66.963,-0.13831,635.91,5.3623,-4.705201636
1342,40.5,-66.915,-0.13964,635.97,5.3575,-4.712579933
1343,40.5,-66.868,-0.14098,636.04,5.3526,-4.719340086
1344,40.5,-66.82,-0.14232,636.1,5.3478,-4.726372931
1345,40.5,-66.772,-0.14367,636.16,5.3429,-4.732958427
1346,40.5,-66.724,-0.14502,636.23,5.338,-4.739418912
1347,40.5,-66.675,-0.14638,636.29,5.3331,-178.6717509
1348,40.5,-73.84,0.10378,639.32,5.531,-17.36372254
1349,40.5,-74.468,0.13644,637.77,5.5795,-18.18130811
1350,40.5,-74.986,0.14478,636.45,5.6185,-12.92966157
1351,40.5,-75.34,0.14858,635.69,5.6412,-7.456312317
1352,40.5,-75.579,0.15012,635.32,5.653,-5.631729657
1353,40.5,-75.778,0.15111,635.06,5.6613,-5.663743768
1354,40.5,-75.968,0.15205,634.82,5.669,-5.68884818
1355,40.5,-76.147,0.15292,634.6,5.6761,-5.709325079
1356,40.5,-76.317,0.1537,634.39,5.6827,-5.727220121
1357,40.5,-76.478,0.15439,634.2,5.6889,-5.743361416
1358,40.5,-76.631,0.155,634.02,5.6946,-5.758135066
1359,40.5,-76.776,0.15553,633.86,5.7,-5.772018984
1360,40.5,-76.913,0.15599,633.71,5.705,-5.785052141
1361,40.5,-77.042,0.15638,633.57,5.7097,-5.797855656
1362,40.5,-77.165,0.1567,633.44,5.7141,-5.810188958
1363,40.5,-77.281,0.15698,633.32,5.7182,-5.822163279
1364,40.5,-77.39,0.15719,633.21,5.722,-5.833935166
1365,40.5,-77.494,0.15736,633.11,5.7256,-5.845472591
1366,40.5,-77.591,0.15749,633.02,5.7289,-5.856767242
1367,40.5,-77.683,0.15757,632.93,5.732,-5.868240611
1368,40.5,-77.77,0.15762,632.86,5.7348,-5.879603678
1369,40.5,-77.852,0.15763,632.79,5.7374,-5.891016425
1370,40.5,-77.929,0.15761,632.72,5.7398,-5.902180067
1371,40.5,-78.001,0.15756,632.67,5.7419,-5.913775981
1372,40.5,-78.068,0.15749,632.62,5.7438,-5.926168896
1373,40.5,-78.13,0.15738,632.57,5.7455,-5.938840584
1374,40.5,-78.188,0.15726,632.53,5.747,-5.951962511
1375,40.5,-78.242,0.15711,632.5,5.7483,-5.965481475
1376,40.5,-78.291,0.15695,632.47,5.7494,-5.979262144
1377,40.5,-78.336,0.15676,632.45,5.7503,-5.993411001
1378,40.5,-78.378,0.15655,632.44,5.751,-6.00771328
1379,40.5,-78.415,0.15633,632.42,5.7515,-6.021764374
1380,40.5,-78.449,0.15609,632.42,5.7519,-6.036521475
1381,40.5,-78.479,0.15584,632.41,5.7521,-6.050528627
1382,40.5,-78.506,0.15557,632.41,5.7522,-6.065228994
1383,40.5,-78.53,0.15529,632.42,5.7521,-6.080218863
1384,40.5,-78.551,0.155,632.43,5.7519,-6.095203962
1385,40.5,-78.569,0.1547,632.44,5.7515,-6.110137188
1386,40.5,-78.584,0.15438,632.45,5.751,-6.125241533
1387,40.5,-78.596,0.15405,632.47,5.7504,-6.140523943
1388,40.5,-78.606,0.15372,632.49,5.7497,-6.156012867
1389,40.5,-78.613,0.15337,632.51,5.7488,-6.171933871
1390,40.5,-78.618,0.15301,632.54,5.7478,-6.187485429
1391,40.5,-78.621,0.15264,632.57,5.7467,-6.203593676
1392,40.5,-84.981,0.013954,634.34,5.9897,-6.219350356
1393,40.5,-84.965,0.013121,634.38,5.9884,-6.235698933
1394,40.5,-84.946,0.01228,634.43,5.9871,-6.252170831
1395,40.5,-84.926,0.011433,634.47,5.9856,-6.268790679
1396,40.5,-84.904,0.010578,634.52,5.984,-6.285336453
1397,40.5,-84.88,0.0097133,634.57,5.9824,-6.302047089
1398,40.5,-84.853,0.0088459,634.62,5.9806,-6.318776849
1399,40.5,-84.825,0.0079733,634.67,5.9788,-6.33526496
1400,40.5,-84.796,0.0070871,634.72,5.9769,-6.352309945
1401,40.5,-84.764,0.0061959,634.78,5.9748,-6.368938205
1402,40.5,-84.731,0.0052982,634.84,5.9727,-6.385986039
1403,40.5,-84.697,0.004395,634.9,5.9706,-6.403373656
1404,40.5,-84.66,0.0034847,634.96,5.9683,-6.420700954
1405,40.5,-84.623,0.0025635,635.02,5.966,-6.437950662
1406,40.5,-84.583,0.0016366,635.08,5.9635,-6.455380778
1407,40.5,-84.543,0.00070675,635.15,5.9611,-6.472772495
1408,40.5,-84.501,-0.00023571,635.21,5.9585,-6.490147719
1409,40.5,-84.457,-0.0011813,635.28,5.9559,-6.507513845
1410,40.5,-84.413,-0.0021351,635.35,5.9532,-6.524640772
1411,40.5,-84.366,-0.0030951,635.42,5.9504,-6.542237995
1412,40.5,-84.319,-0.0040615,635.49,5.9476,-6.559307024
1413,40.5,-84.271,-0.0050375,635.56,5.9447,-6.577198153
1414,40.5,-84.221,-0.0060188,635.63,5.9417,-6.594947533
1415,40.5,-84.17,-0.0070058,635.7,5.9387,-6.613113562
1416,40.5,-84.118,-0.0080012,635.78,5.9356,-8.838461419
1417,40.5,-84.04,-0.0093262,635.88,5.9309,-8.85637345
1418,40.5,-83.958,-0.01066,635.98,5.9262,-8.87810363
1419,40.5,-83.873,-0.012007,636.08,5.9216,-8.901439188
1420,40.5,-83.786,-0.013364,636.18,5.917,-8.925084037
1421,41,-83.698,-0.014726,636.27,5.9123,-8.94473638
1422,41,-83.607,-0.016101,636.37,5.9077,-11.20588958
1423,41,-83.491,-0.017814,636.5,5.9014,-13.4656817
1424,41,-83.345,-0.019874,636.64,5.8936,-13.48646218
1425,41,-83.194,-0.021952,636.79,5.8859,-13.51478929
1426,41,-83.04,-0.024043,636.93,5.8783,-15.80282533
1427,41,-82.86,-0.026481,637.09,5.8693,-15.83906824
1428,41,-82.676,-0.028936,637.24,5.8604,-18.14003272
1429,41,-82.465,-0.031739,637.41,5.85,-18.17904319
1430,41,-82.251,-0.03457,637.58,5.8398,-18.22758769
1431,41,-82.036,-0.037411,637.74,5.8297,-20.56512865
1432,41,-81.797,-0.040597,637.92,5.8182,-20.62319771
1433,41,-90.869,0.14479,640.25,6.0769,-22.97937494
1434,41,-90.541,0.14852,640.47,6.0644,-23.04786251
1435,41,-90.208,0.15203,640.68,6.052,-23.12363409
1436,41,-89.873,0.15534,640.88,6.0397,-23.20442091
1437,41,-89.537,0.15843,641.08,6.0273,-23.28751911
1438,41,-89.2,0.16133,641.27,6.0149,-23.37183498
1439,41,-88.863,0.16401,641.46,6.0023,-23.45911618
1440,41,-88.526,0.16648,641.65,5.9896,-23.55176219
1441,41,-88.189,0.16875,641.83,5.9768,-23.64565153
1442,41,-87.852,0.17081,642.01,5.9639,-23.73971937
1443,41,-87.516,0.17265,642.19,5.9508,-23.83401386
1444,41,-87.179,0.17428,642.37,5.9376,-23.93461992
1445,41,-86.843,0.1757,642.55,5.9243,-24.03978213
1446,41,-86.508,0.1769,642.72,5.9109,-24.1385519
1447,41,-86.172,0.1779,642.9,5.8973,-24.22967015
1448,41,-85.838,0.17869,643.07,5.8837,-24.31909145
1449,41,-85.503,0.17927,643.24,5.87,-24.40337925
1450,41,-85.17,0.17963,643.42,5.8562,-24.47350106
1451,41,-84.838,0.17979,643.59,5.8423,-24.52933751
1452,41,-84.508,0.17974,643.76,5.8284,-24.57274732
1453,41,-84.179,0.17951,643.93,5.8144,-24.60189942
1454,41,-83.852,0.17911,644.1,5.8004,-24.61724136
1455,41,-83.527,0.17853,644.26,5.7864,-24.62013299
1456,41,-83.205,0.1778,644.43,5.7723,-24.61085949
1457,41,-82.886,0.17694,644.59,5.7583,-24.59051821
1458,41,-82.57,0.17597,644.76,5.7443,-24.56091466
1459,41,-82.256,0.1749,644.92,5.7303,-24.52350096
1460,41,-81.946,0.17374,645.08,5.7163,-24.48376176
1461,41,-81.639,0.17252,645.24,5.7024,-24.44730114
1462,41,-81.336,0.17124,645.4,5.6886,-24.41721324
1463,41,-81.035,0.16991,645.56,5.6748,-24.39107647
1464,41,-80.737,0.16853,645.72,5.661,-24.36563558
1465,41,-80.441,0.16712,645.87,5.6473,-24.34041433
1466,41,-80.148,0.16567,646.03,5.6337,-24.31396088
1467,41,-79.858,0.16416,646.19,5.6201,-24.29731369
1468,41,-79.57,0.1626,646.34,5.6066,-24.28964961
1469,41,-79.285,0.16095,646.5,5.5931,-24.29060325
1470,41,-79.002,0.15919,646.65,5.5797,-24.30257783
1471,41,-78.722,0.15729,646.8,5.5663,-24.32764052
1472,41.5,-78.444,0.15523,646.95,5.553,-24.35537848
1473,41.5,-84.372,-0.023048,649.21,5.8224,-24.38070573
1474,41.5,-84.027,-0.027643,649.38,5.8078,-24.40066269
1475,41.5,-83.684,-0.032332,649.55,5.793,-24.41329195
1476,41.5,-83.341,-0.037111,649.71,5.7781,-24.4167332
1477,41.5,-83,-0.041981,649.88,5.7631,-24.4104613
1478,41.5,-82.661,-0.046936,650.04,5.7479,-24.39273981
1479,41.5,-82.322,-0.051976,650.2,5.7327,-24.36333752
1480,41.5,-81.986,-0.057097,650.36,5.7172,-24.32855556
1481,41.5,-81.652,-0.062296,650.52,5.7016,-24.2886131
1482,41.5,-81.319,-0.067572,650.68,5.6859,-24.2390299
1483,41.5,-80.988,-0.072927,650.83,5.67,-24.18274129
1484,41.5,-80.66,-0.078348,650.98,5.654,-24.12168463
1485,41.5,-80.334,-0.083841,651.13,5.6378,-24.05589605
1486,41.5,-80.011,-0.089391,651.28,5.6216,-24.00779116
1487,41.5,-79.689,-0.095017,651.43,5.6052,-23.95530501
1488,41.5,-79.37,-0.10071,651.57,5.5888,-23.89765924
1489,41.5,-79.053,-0.10647,651.71,5.5722,-23.83598972
1490,41.5,-78.739,-0.11229,651.86,5.5557,-23.76987405
1491,41.5,-78.427,-0.11818,652,5.5391,-23.70039674
1492,41.5,-78.117,-0.12413,652.14,5.5224,-23.62705441
1493,41.5,-77.81,-0.13015,652.28,5.5058,-23.54839149
1494,41.5,-77.505,-0.13621,652.42,5.4892,-23.48494939
1495,41.5,-77.202,-0.14233,652.56,5.4726,-23.42050367
1496,41.5,-76.901,-0.14852,652.7,5.456,-23.34160376
1497,41.5,-76.603,-0.15475,652.84,5.4395,-23.26152373
1498,41.5,-76.307,-0.16102,652.98,5.423,-191.9611398
1499,41.5,-83.98,0.12879,656.27,5.6282,-25.52032413
1500,41.5,-83.761,0.16526,656.36,5.6182,-26.64007233
1501,41.5,-83.496,0.17453,656.49,5.6083,-27.12946041
1502,41.5,-83.203,0.18031,656.62,5.5975,-27.35109097
1503,41.5,-82.891,0.18369,656.77,5.586,-27.47147556
1504,41.5,-82.568,0.18539,656.92,5.5739,-27.55638662
1505,41.5,-82.237,0.18588,657.08,5.5613,-27.63757416
1506,41.5,-81.903,0.18551,657.25,5.5483,-27.71107777
1507,41.5,-81.568,0.1845,657.42,5.535,-27.79545837
1508,41.5,-81.231,0.18302,657.59,5.5215,-27.89570007
1509,41.5,-80.894,0.1812,657.76,5.5078,-28.00633521
1510,41.5,-80.557,0.1791,657.93,5.4939,-28.12961488
1511,41.5,-80.221,0.17675,658.11,5.48,-28.25726225
1512,41.5,-79.886,0.17419,658.28,5.4658,-28.38661819
1513,41.5,-79.551,0.1714,658.46,5.4517,-28.51172306
1514,41.5,-79.217,0.16838,658.64,5.4374,-28.6297464
1515,41.5,-78.884,0.16511,658.81,5.4231,-28.74291885
1516,42,-78.552,0.16155,658.99,5.4088,-28.85543835
1517,42,-78.221,0.15767,659.17,5.3944,-28.95275893
1518,42,-77.892,0.15342,659.34,5.3799,-29.04847627
1519,42,-77.563,0.14877,659.52,5.3654,-29.13653031
1520,42,-83.48,-0.020029,661.77,5.6123,-29.21247646
1521,42,-83.07,-0.024699,661.97,5.5966,-29.30614392
1522,42,-82.661,-0.029419,662.16,5.5808,-29.40982899
1523,42,-82.253,-0.034183,662.36,5.5648,-29.50002145
1524,42,-81.846,-0.03898,662.55,5.5486,-29.58046452
1525,42,-81.442,-0.043801,662.74,5.5321,-29.68445666
1526,42,-81.039,-0.048644,662.93,5.5155,-29.79357644
1527,42,-80.638,-0.053495,663.11,5.4986,-29.91583295
1528,42,-80.24,-0.058354,663.3,5.4816,-30.04865313
1529,42,-79.843,-0.063218,663.48,5.4644,-30.18164071
1530,42,-89.109,0.19056,666.1,5.7421,-30.31795201
1531,42,-88.616,0.19384,666.32,5.7245,-30.45666028
1532,42,-88.125,0.19678,666.54,5.7066,-30.59521407
1533,42,-87.633,0.19937,666.76,5.6885,-30.73454835
1534,42,-87.143,0.2016,666.98,5.6702,-30.8694484
1535,42,-86.654,0.20348,667.19,5.6517,-31.00615622
1536,42,-86.166,0.20499,667.41,5.633,-31.14003588
1537,42,-85.679,0.20615,667.63,5.6142,-31.26207262
1538,42,-85.195,0.20696,667.84,5.5954,-31.36121831
1539,42,-84.712,0.2074,668.06,5.5764,-31.43442278
1540,42,-84.233,0.2075,668.27,5.5574,-31.48218543
1541,42,-83.757,0.20728,668.48,5.5383,-31.51097009
1542,42,-83.284,0.20676,668.7,5.5193,-31.5197721
1543,42,-82.817,0.20598,668.91,5.5002,-31.50750611
1544,42,-82.354,0.20494,669.11,5.4812,-31.47827616
1545,42,-81.896,0.20371,669.32,5.4623,-31.43341204
1546,42,-81.444,0.2023,669.53,5.4434,-31.37664221
1547,42,-80.997,0.20075,669.73,5.4246,-31.31787868
1548,42,-80.556,0.19909,669.93,5.4059,-31.26102383
1549,42,-80.12,0.19733,670.13,5.3873,-31.21035055
1550,42,-79.689,0.19549,670.33,5.3688,-31.17449016
1551,42,-79.263,0.19358,670.53,5.3505,-31.14251766
1552,42,-78.842,0.19159,670.73,5.3322,-31.1080537
1553,42,-78.425,0.1895,670.92,5.3141,-31.06970153
1554,42,-78.012,0.18728,671.12,5.2962,-31.03356573
1555,42,-77.603,0.18488,671.32,5.2783,-31.00643527
1556,42.5,-77.198,0.18224,671.51,5.2606,-30.98322971
1557,42.5,-76.798,0.1793,671.7,5.2429,-30.97853734
1558,42.5,-76.401,0.17598,671.89,5.2253,-30.98489719
1559,42.5,-76.008,0.17223,672.08,5.2077,-30.98160821
1560,42.5,-75.619,0.16799,672.26,5.1901,-30.96087076
1561,42.5,-75.233,0.16325,672.44,5.1724,-30.92146035
1562,42.5,-74.85,0.158,672.62,5.1547,-30.86189229
1563,42.5,-74.472,0.15224,672.8,5.137,-30.78622309
1564,42.5,-80.222,-0.064359,675.27,5.4147,-30.70121226
1565,42.5,-79.753,-0.071429,675.46,5.3939,-30.60707743
1566,42.5,-79.289,-0.078624,675.66,5.373,-30.50340461
1567,42.5,-78.829,-0.085948,675.84,5.3518,-30.38912068
1568,42.5,-78.373,-0.093389,676.03,5.3304,-30.26037197
1569,42.5,-77.921,-0.10094,676.21,5.3089,-30.13778304
1570,42.5,-77.474,-0.1086,676.39,5.2873,-30.03865931
1571,42.5,-77.031,-0.11638,676.57,5.2655,-29.92947367
1572,42.5,-76.593,-0.12429,676.75,5.2437,-29.81176511
1573,42.5,-76.159,-0.1323,676.92,5.2219,-29.68711481
1574,42.5,-75.729,-0.14042,677.1,5.2001,-29.55358089
1575,42.5,-75.304,-0.14866,677.27,5.1783,-29.40807232
1576,42.5,-74.883,-0.15698,677.44,5.1566,-29.27233895
1577,42.5,-74.466,-0.16539,677.62,5.135,-29.13639302
1578,42.5,-74.054,-0.1739,677.79,5.1135,-28.99046573
1579,42.5,-73.646,-0.18248,677.96,5.0921,-28.8499327
1580,42.5,-73.242,-0.19113,678.13,5.0708,-182.857331
1581,42.5,-81.385,0.18085,681.54,5.29,-33.31743532
1582,42.5,-81.017,0.19327,681.69,5.2766,-34.04147456
1583,42.5,-80.614,0.20068,681.86,5.2624,-34.30091319
1584,42.5,-80.189,0.20477,682.04,5.2472,-34.40691191
1585,42.5,-79.75,0.20654,682.23,5.2314,-34.4784665
1586,42.5,-79.305,0.20672,682.42,5.2151,-34.53929069
1587,42.5,-78.856,0.20574,682.62,5.1984,-34.625361
1588,42.5,-78.406,0.20395,682.83,5.1814,-34.76040332
1589,42.5,-77.957,0.20156,683.04,5.1642,-34.92902676
1590,42.5,-77.507,0.1987,683.25,5.1468,-35.1085844
1591,42.5,-77.059,0.1954,683.47,5.1292,-35.29342174
1592,42.5,-76.612,0.19166,683.68,5.1116,-35.46862254
1593,42.5,-76.166,0.18746,683.9,5.0938,-35.62940674
1594,43,-75.721,0.18271,684.12,5.076,-35.76111214
1595,43,-75.278,0.17736,684.34,5.0581,-35.89579414
1596,43,-74.837,0.17129,684.55,5.0401,-36.00714125
1597,43,-74.398,0.16444,684.77,5.022,-36.10547457
1598,43,-73.961,0.15676,684.98,5.0038,-36.20406481
1599,43,-73.526,0.14823,685.18,4.9854,-36.30506947
1600,43,-73.093,0.13883,685.39,4.9668,-36.41980049
1601,43,-72.663,0.12861,685.59,4.9481,-36.52608511
1602,43,-78.434,-0.052908,688.05,5.2026,-36.66121617
1603,43,-77.901,-0.059085,688.28,5.1816,-36.80367119
1604,43,-77.371,-0.065277,688.5,5.1603,-36.96058265
1605,43,-76.845,-0.071469,688.72,5.1387,-37.15087124
1606,43,-76.323,-0.077674,688.94,5.1168,-37.34429026
1607,43,-75.804,-0.083865,689.16,5.0947,-37.53849725
1608,43,-75.29,-0.090038,689.37,5.0724,-37.72734949
1609,43,-84.736,0.22327,692.25,5.3653,-37.90483968
1610,43,-84.094,0.2261,692.52,5.3423,-38.06389614
1611,43,-83.455,0.22835,692.78,5.319,-38.22600114
1612,43,-82.819,0.23004,693.05,5.2955,-38.36903668
1613,43,-82.187,0.23115,693.32,5.272,-38.46832609
1614,43,-81.56,0.23171,693.58,5.2483,-38.52381901
1615,43,-80.938,0.23175,693.84,5.2246,-38.53514577
1616,43,-80.322,0.23131,694.1,5.201,-38.50694083
1617,43,-79.715,0.23044,694.36,5.1774,-38.44757204
1618,43,-79.115,0.22919,694.62,5.1539,-38.38434866
1619,43,-78.523,0.22763,694.88,5.1304,-38.30788076
1620,43,-77.941,0.22584,695.13,5.1072,-38.22838194
1621,43,-77.366,0.22385,695.38,5.0841,-38.15510795
1622,43,-76.8,0.2217,695.63,5.0611,-38.08745057
1623,43,-76.242,0.2194,695.87,5.0384,-38.04235023
1624,43,-75.691,0.21696,696.12,5.0158,-38.00456504
1625,43,-75.146,0.21436,696.36,4.9934,-37.96662175
1626,43,-74.608,0.21153,696.6,4.9712,-37.92000428
1627,43,-74.076,0.20837,696.84,4.9492,-37.87522578
1628,43.5,-73.55,0.20479,697.08,4.9274,-37.82852784
1629,43.5,-73.029,0.20063,697.32,4.9056,-37.79141851
1630,43.5,-72.514,0.19578,697.55,4.8839,-37.74226745
1631,43.5,-72.005,0.19011,697.78,4.8621,-37.68743569
1632,43.5,-71.502,0.18358,698.01,4.8404,-37.61531222
1633,43.5,-71.003,0.17617,698.23,4.8185,-37.51738208
1634,43.5,-70.51,0.16792,698.44,4.7965,-37.40522547
1635,43.5,-70.023,0.1589,698.65,4.7744,-37.27146689
1636,43.5,-69.542,0.14924,698.86,4.7521,-37.11918313
1637,43.5,-69.066,0.13906,699.06,4.7298,-36.95638116
1638,43.5,-68.597,0.1285,699.26,4.7074,-36.77497792
1639,43.5,-68.135,0.11771,699.46,4.6849,-36.58409958
1640,43.5,-73.566,-0.11772,702.13,4.9584,-36.44371603
1641,43.5,-72.992,-0.12766,702.35,4.9311,-36.29695
1642,43.5,-72.426,-0.13778,702.56,4.9037,-36.13726216
1643,43.5,-71.865,-0.14808,702.78,4.8763,-35.96295086
1644,43.5,-71.311,-0.15855,702.99,4.8489,-35.76825156
1645,43.5,-70.764,-0.16918,703.2,4.8216,-35.59204492
1646,43.5,-70.223,-0.17996,703.41,4.7945,-35.39192178
1647,43.5,-69.689,-0.19087,703.62,4.7675,-35.14235781
1648,43.5,-69.163,-0.20188,703.84,4.7408,-34.8523661
1649,43.5,-68.643,-0.21295,704.05,4.7143,-186.4434082
1650,43.5,-77.178,0.19798,707.57,4.9462,-40.35500954
1651,43.5,-76.691,0.21065,707.74,4.9298,-40.84992903
1652,43.5,-76.171,0.21796,707.94,4.9122,-41.01639395
1653,43.5,-75.631,0.22167,708.15,4.8937,-41.10253844
1654,43.5,-75.081,0.22285,708.38,4.8745,-41.173391
1655,43.5,-74.526,0.22223,708.61,4.8548,-41.26919376
1656,43.5,-73.971,0.2203,708.85,4.8348,-41.4673764
1657,43.5,-73.415,0.21739,709.1,4.8144,-41.69440744
1658,43.5,-72.859,0.21365,709.35,4.7938,-41.92831588
1659,43.5,-72.305,0.2091,709.6,4.7731,-42.15030178
1660,44,-71.753,0.20367,709.86,4.7522,-42.34835097
1661,44,-71.203,0.19726,710.12,4.7312,-42.52477535
1662,44,-70.655,0.18971,710.37,4.71,-42.67011427
1663,44,-70.109,0.18089,710.62,4.6886,-42.7798017
1664,44,-69.566,0.17073,710.87,4.667,-42.88483867
1665,44,-69.026,0.1592,711.12,4.6452,-42.99509817
1666,44,-68.49,0.14639,711.36,4.623,-43.12895962
1667,44,-67.958,0.13239,711.59,4.6006,-43.25543982
1668,44,-67.431,0.11732,711.82,4.5779,-43.40471477
1669,44,-66.91,0.10133,712.05,4.555,-43.57787807
1670,44,-66.395,0.084556,712.27,4.5319,-43.79961576
1671,44,-72,-0.080881,714.92,4.7915,-44.05224562
1672,44,-71.359,-0.088709,715.17,4.765,-44.3009865
1673,44,-70.724,-0.096514,715.43,4.7382,-44.53479871
1674,44,-70.096,-0.10427,715.68,4.7113,-44.73674217
1675,44,-69.474,-0.11194,715.93,4.6842,-44.90761607
1676,44,-79.073,0.25257,719.04,4.99,-45.06098865
1677,44,-78.297,0.2542,719.36,4.962,-45.14923054
1678,44,-77.528,0.25502,719.67,4.934,-45.18058334
1679,44,-76.768,0.2551,719.98,4.9059,-45.15276553
1680,44,-76.019,0.25454,720.29,4.8779,-45.07476674
1681,44,-75.28,0.25339,720.6,4.8501,-44.95839908
1682,44,-74.553,0.25175,720.91,4.8224,-44.82944006
1683,44,-73.839,0.24971,721.21,4.7949,-44.71270152
1684,44,-73.136,0.2474,721.51,4.7676,-44.61037793
1685,44,-72.446,0.24485,721.8,4.7406,-44.51819713
1686,44,-71.766,0.24207,722.09,4.7139,-44.45048898
1687,44,-71.097,0.23907,722.39,4.6874,-44.40307438
1688,44,-70.436,0.23578,722.68,4.6612,-44.35256018
1689,44,-69.784,0.23208,722.96,4.6353,-44.28138536
1690,44.5,-69.141,0.22778,723.25,4.6096,-44.20476611
1691,44.5,-68.505,0.22271,723.53,4.584,-44.12159061
1692,44.5,-67.876,0.2166,723.81,4.5585,-44.03195198
1693,44.5,-67.256,0.20927,724.08,4.533,-43.91095591
1694,44.5,-66.643,0.20061,724.34,4.5075,-43.77500951
1695,44.5,-66.038,0.19065,724.6,4.4817,-43.6124019
1696,44.5,-65.44,0.17948,724.85,4.4558,-43.43074759
1697,44.5,-64.85,0.16729,725.1,4.4297,-43.21755055
1698,44.5,-64.269,0.15431,725.34,4.4034,-42.993596
1699,44.5,-63.697,0.14077,725.58,4.377,-42.74778161
1700,44.5,-63.135,0.1269,725.81,4.3505,-42.47486724
1701,44.5,-62.582,0.11292,726.03,4.324,-42.24199754
1702,44.5,-62.038,0.098952,726.26,4.2975,-42.03167894
1703,44.5,-61.504,0.085115,726.48,4.2712,-41.79753994
1704,44.5,-66.782,-0.16898,729.29,4.5439,-41.5363769
1705,44.5,-66.119,-0.1821,729.54,4.5116,-41.23847168
1706,44.5,-65.465,-0.19544,729.79,4.4795,-40.94895342
1707,44.5,-64.822,-0.20898,730.03,4.4477,-40.61408001
1708,44.5,-64.189,-0.22269,730.28,4.4162,-40.20248342
1709,44.5,-63.567,-0.23649,730.53,4.3851,-174.0042767
1710,44.5,-72.392,0.19578,734.23,4.6172,-45.99247822
1711,44.5,-71.84,0.21576,734.36,4.5984,-47.07007572
1712,44.5,-71.248,0.22728,734.55,4.579,-47.38542467
1713,44.5,-70.624,0.23334,734.76,4.5584,-47.51183324
1714,44.5,-69.985,0.23575,735,4.5369,-47.6040448
1715,44.5,-69.339,0.23558,735.26,4.5148,-47.73170973
1716,44.5,-68.689,0.23353,735.52,4.4921,-47.9681568
1717,44.5,-68.039,0.23001,735.8,4.4691,-48.26182205
1718,44.5,-67.389,0.22519,736.08,4.4459,-48.54921886
1719,45,-66.741,0.21903,736.36,4.4224,-48.77398698
1720,45,-66.095,0.21135,736.65,4.3987,-48.9961352
1721,45,-65.451,0.20193,736.94,4.3747,-49.17215136
1722,45,-64.81,0.19056,737.22,4.3505,-49.30464869
1723,45,-64.173,0.17716,737.5,4.3259,-49.41283607
1724,45,-63.539,0.16175,737.77,4.3009,-49.53655575
1725,45,-62.911,0.14456,738.04,4.2755,-49.70610051
1726,45,-62.289,0.12579,738.3,4.2497,-49.89292828
1727,45,-61.674,0.10572,738.56,4.2235,-50.12136939
1728,45,-61.068,0.084525,738.81,4.197,-50.37745372
1729,45,-60.47,0.062309,739.06,4.1702,-50.70973967
1730,45,-59.88,0.038956,739.31,4.1433,-51.0289592
1731,45,-59.298,0.014574,739.55,4.1162,-51.31339332
1732,45,-64.662,-0.12323,742.37,4.3757,-51.53545267
1733,45,-63.937,-0.13221,742.66,4.3445,-51.70141248
1734,45,-63.224,-0.14103,742.94,4.3134,-51.81575731
1735,45,-72.973,0.27133,746.24,4.6314,-51.8203899
1736,45,-72.083,0.27199,746.6,4.5995,-51.75069336
1737,45,-71.208,0.27172,746.95,4.5676,-51.63253566
1738,45,-70.348,0.27068,747.3,4.536,-51.47180055
1739,45,-69.504,0.26899,747.64,4.5045,-51.28869706
1740,45,-68.678,0.26678,747.98,4.4734,-51.13149728
1741,45,-67.867,0.26416,748.32,4.4427,-51.01970366
1742,45,-67.072,0.26122,748.65,4.4123,-50.93266553
1743,45,-66.29,0.25792,748.98,4.3822,-50.87708107
1744,45,-65.521,0.2542,749.31,4.3525,-50.82507435
1745,45.5,-64.763,0.24984,749.64,4.3232,-50.72875318
1746,45.5,-64.016,0.24457,749.96,4.294,-50.62357332
1747,45.5,-63.279,0.23804,750.27,4.2651,-50.50914264
1748,45.5,-62.552,0.2299,750.58,4.2362,-50.3654531
1749,45.5,-61.834,0.21989,750.88,4.2072,-50.16866625
1750,45.5,-61.127,0.20795,751.17,4.178,-49.94402408
1751,45.5,-60.43,0.19421,751.45,4.1485,-49.72375343
1752,45.5,-59.743,0.17895,751.73,4.1188,-49.46341906
1753,45.5,-59.068,0.16256,751.99,4.0887,-49.1804283
1754,45.5,-58.404,0.14538,752.25,4.0585,-48.8722356
1755,45.5,-57.752,0.1278,752.51,4.0282,-48.53307836
1756,45.5,-57.114,0.11014,752.75,3.9978,-48.25583573
1757,45.5,-56.488,0.092563,753,3.9675,-47.99660588
1758,45.5,-55.874,0.075256,753.24,3.9373,-47.70069387
1759,45.5,-55.272,0.058326,753.48,3.9073,-47.3523925
1760,45.5,-54.682,0.041847,753.72,3.8776,-46.99794115
1761,45.5,-54.104,0.025878,753.96,3.8482,-46.58713273
1762,45.5,-59.017,-0.23854,756.94,4.1085,-46.07129114
1763,45.5,-58.295,-0.25493,757.21,4.0725,-173.9543273
1764,45.5,-67.428,0.16942,761.03,4.3115,-52.22880428
1765,45.5,-66.823,0.22116,761.11,4.2912,-53.24204367
1766,45.5,-66.154,0.23444,761.27,4.2703,-53.49732143
1767,45.5,-65.453,0.24149,761.49,4.2479,-53.63096391
1768,45.5,-64.736,0.24428,761.73,4.2246,-53.76161483
1769,45.5,-64.012,0.24396,761.99,4.2005,-53.96823996
1770,45.5,-63.285,0.24122,762.27,4.1759,-54.28094346
1771,45.5,-62.558,0.23644,762.56,4.1509,-54.61783044
1772,46,-61.832,0.22962,762.85,4.1255,-54.91387193
1773,46,-61.108,0.22053,763.15,4.0998,-55.16199075
1774,46,-60.386,0.20885,763.45,4.0737,-55.34607108
1775,46,-59.668,0.19437,763.74,4.0472,-55.48391088
1776,46,-58.955,0.17706,764.03,4.0201,-55.58805595
1777,46,-58.247,0.15713,764.31,3.9925,-55.75621255
1778,46,-57.547,0.13499,764.59,3.9643,-55.94997891
1779,46,-56.855,0.11103,764.86,3.9355,-56.18374262
1780,46,-56.173,0.085582,765.12,3.9064,-56.45468949
1781,46,-55.503,0.058883,765.38,3.8769,-56.832467
1782,46,-54.843,0.030765,765.64,3.8471,-57.20843593
1783,46,-54.193,0.0013151,765.89,3.8171,-57.52687103
1784,46,-53.556,-0.029367,766.15,3.7871,-57.75192411
1785,46,-52.932,-0.061127,766.4,3.7573,-57.8912793
1786,46,-58.144,-0.15497,769.35,4.0194,-57.93494438
1787,46,-57.368,-0.16513,769.65,3.9852,-57.83175879
1788,46,-67.259,0.28873,773.12,4.3145,-57.6613225
1789,46,-66.29,0.28809,773.5,4.2797,-57.45223902
1790,46,-65.341,0.2866,773.87,4.2452,-57.21943874
1791,46,-64.415,0.28442,774.23,4.2111,-56.98760901
1792,46,-63.509,0.28168,774.59,4.1775,-56.83469437
1793,46,-62.622,0.27849,774.94,4.1444,-56.7203349
1794,46,-61.753,0.27482,775.29,4.1118,-56.6460281
1795,46,-60.9,0.27052,775.64,4.0796,-56.58203515
1796,46.5,-60.061,0.26527,775.98,4.0477,-56.48722578
1797,46.5,-59.235,0.25862,776.32,4.0162,-56.31575125
1798,46.5,-58.421,0.25009,776.64,3.9848,-56.12885106
1799,46.5,-57.619,0.23921,776.96,3.9534,-55.89321696
1800,46.5,-56.83,0.22575,777.27,3.9217,-55.59018712
1801,46.5,-56.053,0.20984,777.56,3.8898,-55.2833762
1802,46.5,-55.29,0.19184,777.84,3.8574,-54.95381214
1803,46.5,-54.542,0.17231,778.12,3.8247,-54.59848281
1804,46.5,-53.808,0.15182,778.38,3.7917,-54.21554668
1805,46.5,-53.09,0.13088,778.64,3.7586,-53.78865157
1806,46.5,-52.389,0.10992,778.89,3.7255,-53.42042605
1807,46.5,-51.704,0.08921,779.13,3.6925,-53.07798812
1808,46.5,-51.034,0.068958,779.37,3.6597,-52.67707935
1809,46.5,-50.38,0.049308,779.61,3.6272,-52.19734864
1810,46.5,-49.742,0.030348,779.85,3.5951,-51.69033732
1811,46.5,-49.12,0.012151,780.09,3.5636,-51.08707807
1812,46.5,-48.513,-0.0052038,780.33,3.5326,-50.3397967
1813,46.5,-53.367,-0.29287,783.38,3.7941,-166.2277456
1814,46.5,-62.856,0.2129,787.18,4.0436,-58.28732923
1815,46.5,-62.167,0.23393,787.25,4.0223,-59.01432904
1816,46.5,-61.432,0.24557,787.4,3.9998,-59.25436878
1817,46.5,-60.669,0.25111,787.6,3.9758,-59.43284306
1818,46.5,-59.893,0.25237,787.84,3.9509,-59.6618435
1819,46.5,-59.112,0.25033,788.1,3.9253,-59.98290791
1820,47,-58.329,0.24549,788.37,3.8992,-60.32180422
1821,47,-57.546,0.23785,788.66,3.8727,-60.66407201
1822,47,-56.764,0.22708,788.95,3.8458,-60.93707947
1823,47,-55.985,0.21274,789.24,3.8183,-61.12762456
1824,47,-55.209,0.19462,789.52,3.7902,-61.26994751
1825,47,-54.439,0.17282,789.8,3.7614,-61.38224353
1826,47,-53.677,0.14781,790.06,3.7318,-61.60163051
1827,47,-52.925,0.12025,790.33,3.7015,-61.88002999
1828,47,-52.184,0.09067,790.58,3.6706,-62.20042448
1829,47,-51.456,0.059475,790.83,3.6393,-62.61020953
1830,47,-50.742,0.026646,791.08,3.6076,-63.0722227
1831,47,-50.041,-0.0079168,791.32,3.5756,-63.45073656
1832,47,-49.355,-0.044027,791.56,3.5436,-63.69618727
1833,47,-48.686,-0.081446,791.8,3.5118,-63.80792733
1834,47,-48.036,-0.1197,792.04,3.4804,-63.79151842
1835,47,-47.407,-0.15818,792.27,3.4495,-63.59791223
1836,47,-52.404,-0.19713,795.35,3.71,-63.34848748
1837,47,-62.357,0.30032,798.97,4.0506,-63.08016596
1838,47,-61.339,0.29882,799.34,4.0143,-62.8070114
1839,47,-60.347,0.29654,799.7,3.9785,-62.56798514
1840,47,-59.379,0.29357,800.05,3.9434,-62.42695326
1841,47,-58.434,0.28995,800.4,3.9088,-62.33825326
1842,47,-57.508,0.2855,800.75,3.8747,-62.26856132
1843,47.5,-56.599,0.27979,801.08,3.8411,-62.12279727
1844,47.5,-55.705,0.27216,801.41,3.8078,-61.93217747
1845,47.5,-54.825,0.26195,801.73,3.7746,-61.70101629
1846,47.5,-53.96,0.24856,802.04,3.7412,-61.39462762
1847,47.5,-53.11,0.2318,802.33,3.7075,-61.01616647
1848,47.5,-52.275,0.21197,802.61,3.6733,-60.63091094
1849,47.5,-51.456,0.18975,802.87,3.6386,-60.22907807
1850,47.5,-50.655,0.16596,803.12,3.6034,-59.80415201
1851,47.5,-49.873,0.14134,803.36,3.5679,-59.3351017
1852,47.5,-49.11,0.11654,803.6,3.5324,-58.8678887
1853,47.5,-48.366,0.092008,803.83,3.497,-58.4954567
1854,47.5,-47.642,0.068006,804.05,3.4617,-58.05095103
1855,47.5,-46.936,0.044754,804.27,3.4268,-57.50322646
1856,47.5,-46.249,0.02238,804.49,3.3924,-56.91870321
1857,47.5,-45.582,0.00098657,804.71,3.3586,-56.17990706
1858,47.5,-44.934,-0.019305,804.93,3.3255,-55.25068302
1859,47.5,-44.308,-0.038376,805.14,3.2933,-168.2934037
1860,47.5,-54.317,0.47075,808.79,3.5789,-63.70288205
1861,47.5,-58.916,0.24026,811.91,3.831,-64.19975279
1862,47.5,-58.122,0.2525,812.06,3.8071,-64.4601374
1863,47.5,-57.304,0.25821,812.26,3.7819,-64.71734552
1864,47.5,-56.475,0.25905,812.49,3.7558,-65.03774265
1865,48,-55.641,0.25587,812.74,3.7291,-65.42943878
1866,48,-54.805,0.24886,813,3.7019,-65.82819061
1867,48,-53.971,0.23768,813.27,3.6741,-66.13743911
1868,48,-53.138,0.22184,813.54,3.6457,-66.34641361
1869,48,-52.31,0.20111,813.8,3.6165,-66.49893654
1870,48,-51.488,0.17572,814.06,3.5863,-66.62623313
1871,48,-50.675,0.14642,814.3,3.5552,-66.87863165
1872,48,-49.875,0.11413,814.53,3.5232,-67.18513618
1873,48,-49.089,0.079555,814.76,3.4905,-67.54855114
1874,48,-48.319,0.04314,814.98,3.4574,-68.04575636
1875,48,-47.565,0.0046789,815.2,3.4239,-68.52301058
1876,48,-46.828,-0.035752,815.41,3.3902,-68.85448488
1877,48,-46.11,-0.077882,815.63,3.3566,-69.00749803
1878,48,-45.415,-0.12125,815.84,3.3234,-68.98892914
1879,48,-44.743,-0.16505,816.05,3.2908,-68.77577399
1880,48,-44.099,-0.20853,816.26,3.259,-68.43778583
1881,48,-43.483,-0.25118,816.46,3.2282,-68.10615732
1882,48,-59.237,0.31549,823.07,3.8769,-67.77973168
1883,48,-58.175,0.31337,823.42,3.8395,-67.48602805
1884,48,-57.141,0.31041,823.76,3.8028,-67.30496272
1885,48,-56.134,0.30663,824.09,3.7668,-67.19213509
1886,48.5,-55.149,0.30173,824.42,3.7314,-67.12783373
1887,48.5,-54.183,0.29513,824.74,3.6966,-66.9592653
1888,48.5,-53.234,0.28594,825.04,3.662,-66.68560519
1889,48.5,-52.302,0.2733,825.34,3.6274,-66.36435203
1890,48.5,-51.387,0.25662,825.62,3.5925,-65.95082198
1891,48.5,-50.488,0.23592,825.88,3.5571,-65.47249595
1892,48.5,-49.608,0.21185,826.12,3.521,-64.9959847
1893,48.5,-48.748,0.18544,826.35,3.4844,-64.50933531
1894,48.5,-47.909,0.15775,826.56,3.4473,-63.98445135
1895,48.5,-47.093,0.12965,826.77,3.41,-63.40577856
1896,48.5,-46.3,0.10184,826.97,3.3728,-62.93496545
1897,48.5,-45.529,0.074662,827.17,3.3357,-62.42282189
1898,48.5,-44.781,0.048423,827.36,3.2991,-61.78405046
1899,48.5,-44.055,0.023302,827.55,3.263,-61.03656617
1900,48.5,-43.352,-0.00056642,827.73,3.2276,-60.16705429
1901,48.5,-42.673,-0.023068,827.92,3.1931,-59.06397628
1902,48.5,-42.019,-0.044071,828.11,3.1596,-116.6897012
1903,48.5,-52.28,0.49907,831.84,3.4488,-68.0836852
1904,48.5,-57.009,0.24395,834.98,3.7078,-68.79618503
1905,48.5,-56.168,0.25809,835.13,3.6826,-69.15351868
1906,48.5,-55.302,0.26476,835.32,3.6562,-69.48509502
1907,48.5,-54.423,0.26586,835.54,3.629,-69.86730367
1908,49,-53.54,0.26221,835.78,3.6012,-70.23086612
1909,49,-52.655,0.25378,836.03,3.5729,-70.65730643
1910,49,-51.771,0.24001,836.29,3.5439,-70.96496872
1911,49,-50.889,0.22033,836.53,3.5141,-71.17317193
1912,49,-50.013,0.19467,836.77,3.4832,-71.32172032
1913,49,-49.144,0.16368,836.99,3.4512,-71.51614781
1914,49,-48.288,0.12852,837.21,3.4181,-71.86707592
1915,49,-47.447,0.090314,837.41,3.3841,-72.29026965
1916,49,-46.624,0.049768,837.61,3.3495,-72.79370746
1917,49,-45.821,0.0070124,837.8,3.3144,-73.37418184
1918,49,-45.036,-0.038197,837.99,3.279,-73.78243648
1919,49,-44.274,-0.085496,838.18,3.2437,-73.96124273
1920,49,-43.537,-0.13432,838.37,3.2088,-73.91170312
1921,49,-42.829,-0.18368,838.55,3.1746,-73.64832053
1922,49,-42.153,-0.23258,838.73,3.1414,-73.23972348
1923,49,-41.509,-0.28036,838.91,3.1094,-72.86540458
1924,49,-52.11,0.39547,842.59,3.4777,-72.51416555
1925,49,-56.52,0.32419,845.91,3.7367,-72.20962051
1926,49,-55.427,0.32124,846.23,3.6987,-72.03023505
1927,49,-54.363,0.3171,846.55,3.6614,-71.93211863
1928,49.5,-53.323,0.3113,846.85,3.6248,-71.8047561
1929,49.5,-52.303,0.30283,847.15,3.5886,-71.56602962
1930,49.5,-51.301,0.29053,847.44,3.5525,-71.2413143
1931,49.5,-50.317,0.27345,847.7,3.5161,-70.81599927
1932,49.5,-49.352,0.25133,847.95,3.479,-70.30009529
1933,49.5,-48.407,0.22483,848.17,3.4411,-69.74810285
1934,49.5,-47.483,0.19521,848.38,3.4025,-69.20622676
1935,49.5,-46.583,0.16386,848.58,3.3632,-68.6397287
1936,49.5,-45.708,0.13192,848.76,3.3236,-68.01021834
1937,49.5,-44.86,0.10029,848.94,3.284,-67.50001232
1938,49.5,-44.036,0.06942,849.11,3.2445,-66.93958802
1939,49.5,-43.238,0.039661,849.28,3.2055,-66.20952373
1940,49.5,-42.466,0.011254,849.44,3.1672,-65.38054139
1941,49.5,-41.719,-0.015645,849.61,3.1296,-64.32003871
1942,49.5,-41.001,-0.040853,849.77,3.0931,-62.96928703
1943,49.5,-40.312,-0.064204,849.94,3.0578,-162.5033575
1944,49.5,-39.748,-0.16071,850.29,3.0208,-72.84663658
1945,49.5,-50.186,0.43848,853.79,3.3352,-73.28469946
1946,49.5,-54.631,0.265,857.09,3.5946,-73.68347715
1947,49.5,-53.702,0.2703,857.3,3.5666,-74.08696224
1948,50,-52.766,0.26944,857.52,3.5379,-74.53707409
1949,50,-51.826,0.26263,857.76,3.5086,-75.00597265
1950,50,-50.886,0.24933,858,3.4786,-75.35956628
1951,50,-49.947,0.22882,858.24,3.4477,-75.58780925
1952,50,-49.013,0.20103,858.46,3.4155,-75.75275169
1953,50,-48.087,0.16681,858.67,3.382,-75.96460861
1954,50,-47.176,0.12764,858.86,3.3472,-76.32897073
1955,50,-46.282,0.084949,859.04,3.3114,-76.78021399
1956,50,-45.408,0.039617,859.22,3.2748,-77.3358563
1957,50,-44.556,-0.0082723,859.39,3.2377,-77.93681885
1958,50,-43.727,-0.058922,859.56,3.2003,-78.30625001
1959,50,-42.924,-0.11183,859.73,3.1632,-78.39064254
1960,50,-42.152,-0.16619,859.89,3.1266,-78.21048613
1961,50,-41.414,-0.22067,860.05,3.091,-77.79314985
1962,50,-40.713,-0.27412,860.21,3.0565,-77.30824593
1963,50,-40.048,-0.32622,860.38,3.0235,-76.88372412
1964,50,-50.818,0.38675,864.11,3.4006,-76.50036753
1965,50,-55.218,0.33524,867.46,3.6644,-76.2117634
1966,50,-54.075,0.33162,867.77,3.6252,-76.06229471
1967,50.5,-52.961,0.3263,868.07,3.5868,-75.89669203
1968,50.5,-51.87,0.31827,868.36,3.549,-75.65633193
1969,50.5,-50.801,0.30612,868.63,3.5114,-75.27692571
1970,50.5,-49.75,0.28862,868.89,3.4735,-74.80750764
1971,50.5,-48.72,0.26525,869.13,3.4348,-74.22199029
1972,50.5,-47.712,0.23664,869.34,3.3953,-73.58520769
1973,50.5,-46.728,0.20425,869.53,3.3548,-72.96838996
1974,50.5,-45.771,0.16981,869.71,3.3136,-72.33738354
1975,50.5,-44.841,0.13474,869.87,3.272,-71.62658846
1976,50.5,-43.941,0.10011,870.03,3.2304,-71.02229983
1977,50.5,-43.07,0.066465,870.18,3.189,-70.36805423
1978,50.5,-42.228,0.034213,870.33,3.1481,-69.50840802
1979,50.5,-41.414,0.003618,870.48,3.108,-68.49410723
1980,50.5,-40.631,-0.025135,870.63,3.0689,-67.22781021
1981,50.5,-39.88,-0.051868,870.77,3.0309,-65.63886228
1982,50.5,-39.163,-0.07641,870.92,2.9944,-159.4411986
1983,50.5,-38.572,-0.17727,871.28,2.9554,-76.73823486
1984,50.5,-49.169,0.44296,874.83,3.2741,-77.25438568
1985,50.5,-53.638,0.26624,878.17,3.5375,-77.73329857
1986,50.5,-52.657,0.27105,878.38,3.5081,-78.21326457
1987,51,-51.668,0.26905,878.61,3.4782,-78.64611556
1988,51,-50.676,0.25999,878.84,3.4476,-79.1191849
1989,51,-49.682,0.24299,879.07,3.4161,-79.43937516
1990,51,-48.69,0.21741,879.29,3.3833,-79.6589385
1991,51,-47.704,0.18364,879.5,3.3491,-79.8303898
1992,51,-46.729,0.14319,879.68,3.3133,-80.16047171
1993,51,-45.772,0.097955,879.85,3.2762,-80.6729254
1994,51,-44.836,0.049347,880.02,3.2381,-81.21936128
1995,51,-43.924,-0.0020036,880.18,3.1994,-81.90847463
1996,51,-43.037,-0.056542,880.33,3.1602,-82.3908196
1997,51,-42.177,-0.11384,880.49,3.1211,-82.54762785
1998,51,-41.351,-0.17302,880.64,3.0826,-82.36306156
1999,51,-40.562,-0.23263,880.79,3.045,-81.91803359
2000,51,-39.814,-0.29118,880.93,3.0088,-81.35469948
2001,51,-39.108,-0.34801,881.08,2.9742,-80.88778745
2002,51,-38.442,-0.40347,881.23,2.9411,-80.4796542
2003,51,-49.099,0.36384,885.08,3.3258,-80.15432048
2004,51,-53.321,0.33705,888.49,3.5865,-79.98448018
2005,51.5,-52.14,0.33147,888.78,3.5466,-79.85982648
2006,51.5,-50.983,0.32245,889.07,3.5072,-79.56846485
2007,51.5,-49.848,0.30825,889.33,3.4679,-79.1423575
2008,51.5,-48.733,0.28755,889.57,3.428,-78.58383225
2009,51.5,-47.64,0.26014,889.79,3.3872,-77.92285598
2010,51.5,-46.571,0.22719,889.98,3.3452,-77.21144034
2011,51.5,-45.529,0.19071,890.16,3.3022,-76.52727741
2012,51.5,-44.517,0.15264,890.31,3.2585,-75.80026399
2013,51.5,-43.536,0.11453,890.46,3.2145,-75.05824496
2014,51.5,-42.586,0.077317,890.6,3.1706,-74.42032169
2015,51.5,-41.668,0.041507,890.73,3.1271,-73.57851649
2016,51.5,-40.782,0.0074938,890.86,3.0843,-72.52305539
2017,51.5,-39.928,-0.024471,890.99,3.0425,-71.2291938
2018,51.5,-39.109,-0.054172,891.12,3.002,-69.54889757
2019,51.5,-38.328,-0.081383,891.25,2.963,-155.1255902
2020,51.5,-37.641,-0.17017,891.65,2.9204,-79.64064319
2021,51.5,-48.445,0.45303,895.18,3.2438,-80.22377743
2022,51.5,-47.672,0.40936,895.33,3.2211,-80.71575601
2023,51.5,-51.927,0.27727,898.72,3.4836,-81.19339267
2024,52,-50.879,0.27666,898.93,3.4528,-81.67515654
2025,52,-49.827,0.26785,899.15,3.4213,-82.10590778
2026,52,-48.774,0.24987,899.36,3.3888,-82.37073623
2027,52,-47.724,0.22219,899.55,3.355,-82.53393191
2028,52,-46.682,0.18554,899.72,3.3195,-82.66995416
2029,52,-45.655,0.14185,899.87,3.2824,-82.97694284
2030,52,-44.649,0.093284,900.02,3.244,-83.43173417
2031,52,-43.668,0.041336,900.15,3.2046,-83.95359246
2032,52,-42.714,-0.013503,900.27,3.1646,-84.57747515
2033,52,-41.788,-0.071639,900.4,3.1243,-84.91881069
2034,52,-40.895,-0.13241,900.52,3.0843,-84.88637653
2035,52,-40.041,-0.19471,900.64,3.0451,-84.5135629
2036,52,-39.229,-0.2568,900.75,3.0071,-83.88269583
2037,52,-38.462,-0.31718,900.87,2.9708,-83.23211846
2038,52,-37.739,-0.37572,900.99,2.9361,-82.67973882
2039,52,-37.06,-0.43253,901.11,2.9032,-82.19610264
2040,52,-47.723,0.35742,904.97,3.2927,-81.83895803
2041,52,-51.881,0.34524,908.38,3.5562,-81.61595915
2042,52.5,-50.669,0.33798,908.65,3.5161,-81.28777503
2043,52.5,-49.483,0.32643,908.9,3.4765,-80.8220766
2044,52.5,-48.32,0.30886,909.13,3.4367,-80.2345756
2045,52.5,-47.181,0.28433,909.33,3.3963,-79.51492452
2046,52.5,-46.067,0.25325,909.52,3.3549,-78.71576474
2047,52.5,-44.981,0.21731,909.67,3.3124,-77.90891386
2048,52.5,-43.926,0.1787,909.81,3.2691,-77.12643206
2049,52.5,-42.905,0.13929,909.94,3.2253,-76.25894492
2050,52.5,-41.918,0.10043,910.06,3.1815,-75.47237213
2051,52.5,-40.966,0.062877,910.17,3.138,-74.66265094
2052,52.5,-40.048,0.027067,910.28,3.0952,-73.60884752
2053,52.5,-39.165,-0.006676,910.39,3.0534,-72.36100385
2054,52.5,-38.318,-0.038149,910.5,3.0128,-70.8230686
2055,52.5,-37.509,-0.067148,910.61,2.9738,-68.9218141
2056,52.5,-36.741,-0.093503,910.72,2.9364,-155.87058
2057,52.5,-36.106,-0.20095,911.08,2.8966,-80.47947344
2058,52.5,-46.809,0.44114,914.68,3.2218,-80.97726777
2059,52.5,-46.026,0.39732,914.83,3.2001,-81.42064784
2060,52.5,-50.198,0.26943,918.24,3.4622,-81.85788456
2061,53,-49.147,0.26617,918.44,3.4323,-82.19034383
2062,53,-48.094,0.25458,918.65,3.4017,-82.53132046
2063,53,-47.044,0.23371,918.85,3.3702,-82.71019335
2064,53,-46,0.20329,919.03,3.3374,-82.80105237
2065,53,-44.967,0.16441,919.19,3.303,-82.89405336
2066,53,-43.953,0.11916,919.33,3.2672,-83.20647821
2067,53,-42.962,0.069632,919.46,3.2303,-83.62920829
2068,53,-41.999,0.017113,919.59,3.1926,-84.13092509
2069,53,-41.065,-0.038179,919.7,3.1546,-84.66112941
2070,53,-40.162,-0.096513,919.82,3.1166,-84.86952975
2071,53,-39.295,-0.15712,919.93,3.0791,-84.7065742
2072,53,-38.468,-0.21874,920.04,3.0427,-84.23376988
2073,53,-37.685,-0.27969,920.15,3.0077,-83.5256747
2074,53,-36.949,-0.33864,920.26,2.9746,-82.85799183
2075,53,-36.258,-0.39581,920.37,2.9432,-82.28036844
2076,53,-47.12,0.37067,924.14,3.3357,-81.77058754
2077,53,-46.134,0.34273,924.35,3.306,-81.3904868
2078,53.5,-50.23,0.33019,927.76,3.5696,-81.14907774
2079,53.5,-49.056,0.32241,928.01,3.5332,-80.80692045
2080,53.5,-47.91,0.31019,928.24,3.4973,-80.29244574
2081,53.5,-46.789,0.29193,928.45,3.4614,-79.65993028
2082,53.5,-45.693,0.26689,928.63,3.425,-78.89892963
2083,53.5,-44.625,0.23568,928.79,3.3878,-78.08113009
2084,53.5,-43.586,0.20003,928.93,3.3498,-77.24976217
2085,53.5,-42.58,0.16205,929.05,3.3113,-76.43851904
2086,53.5,-41.607,0.12344,929.16,3.2726,-75.54834983
2087,53.5,-40.671,0.085469,929.25,3.2342,-74.77946707
2088,53.5,-39.768,0.048749,929.35,3.1964,-73.95506857
2089,53.5,-38.9,0.013715,929.44,3.1595,-72.90431164
2090,53.5,-38.066,-0.019343,929.52,3.1239,-71.70340318
2091,53.5,-37.268,-0.05023,929.61,3.0896,-70.18697171
2092,53.5,-36.508,-0.07872,929.7,3.0571,-68.30335688
2093,53.5,-35.788,-0.10465,929.79,3.0266,-158.2048328
2094,53.5,-35.239,-0.22951,930.09,2.9963,-79.39507892
2095,53.5,-45.884,0.42059,933.69,3.3289,-79.75666677
2096,53.5,-45.142,0.37973,933.83,3.3144,-80.10145991
2097,53.5,-49.29,0.26215,937.21,3.5826,-80.47081782
2098,54,-48.292,0.25819,937.4,3.5603,-80.84287082
2099,54,-47.294,0.24628,937.58,3.5377,-81.13568909
2100,54,-46.3,0.22562,937.75,3.5143,-81.27572368
2101,54,-45.312,0.19602,937.91,3.4899,-81.33379754
2102,54,-44.336,0.15853,938.04,3.4641,-81.40178942
2103,54,-43.378,0.11508,938.16,3.4372,-81.64503421
2104,54,-42.443,0.067598,938.27,3.4092,-81.99888194
2105,54,-41.534,0.017276,938.37,3.3806,-82.445976
2106,54,-40.653,-0.035621,938.47,3.3517,-82.95059327
2107,54,-39.8,-0.091405,938.56,3.3227,-83.17415698
2108,54,-38.979,-0.1494,938.65,3.294,-83.05859583
2109,54,-38.197,-0.20855,938.74,3.2662,-82.64742442
2110,54,-37.455,-0.2673,938.83,3.2395,-81.98962817
2111,54,-36.756,-0.32435,938.92,3.2142,-81.32025179
2112,54,-36.1,-0.37963,939.01,3.1903,-80.73325496
2113,54,-35.484,-0.43322,939.09,3.1678,-80.20850641
2114,54,-46.046,0.34093,942.91,3.5635,-79.80645725
2115,54,-50.209,0.32362,946.28,3.8348,-79.53688827
2116,54.5,-49.081,0.31697,946.51,3.8039,-79.19508515
2117,54.5,-47.98,0.30677,946.73,3.7731,-78.7350192
2118,54.5,-46.902,0.29144,946.93,3.7418,-78.1494021
2119,54.5,-45.848,0.26996,947.11,3.7095,-77.45442969
2120,54.5,-44.817,0.24235,947.27,3.6758,-76.67647584
2121,54.5,-43.813,0.20982,947.4,3.6404,-75.86953777
2122,54.5,-42.838,0.17427,947.52,3.6035,-75.10004138
2123,54.5,-41.893,0.13747,947.62,3.5654,-74.27166492
2124,54.5,-40.98,0.10076,947.71,3.5266,-73.42287882
2125,54.5,-40.1,0.065051,947.8,3.4874,-72.68603914
2126,54.5,-39.251,0.030767,947.88,3.448,-71.78340991
2127,54.5,-38.433,-0.0017417,947.96,3.4089,-70.67305043
2128,54.5,-37.647,-0.032263,948.04,3.3703,-69.40840966
2129,54.5,-36.894,-0.060635,948.12,3.3325,-67.81392666
2130,54.5,-36.176,-0.086679,948.2,3.2958,-65.94492831
2131,54.5,-35.495,-0.1103,948.28,3.2604,-162.7689504
2132,54.5,-35.011,-0.24617,948.57,3.2258,-78.27604156
2133,54.5,-45.475,0.40839,952.2,3.5481,-78.67179216
2134,54.5,-49.791,0.25213,955.55,3.8113,-79.0373379
2135,55,-48.815,0.25392,955.72,3.7814,-79.36631678
2136,55,-47.834,0.2487,955.9,3.7509,-79.73308459
2137,55,-46.853,0.23586,956.08,3.7196,-80.02350406
2138,55,-45.873,0.21465,956.25,3.6873,-80.17314735
2139,55,-44.898,0.18497,956.4,3.6536,-80.24288831
2140,55,-43.934,0.14793,956.54,3.6183,-80.34092851
2141,55,-42.986,0.10536,956.66,3.5817,-80.64490386
2142,55,-42.059,0.059046,956.76,3.5438,-81.03878207
2143,55,-41.157,0.010049,956.86,3.5052,-81.52715436
2144,55,-40.28,-0.041516,956.96,3.4661,-82.03919398
2145,55,-39.431,-0.095883,957.05,3.4268,-82.26660163
2146,55,-38.613,-0.15239,957.14,3.3879,-82.16537759
2147,55,-37.831,-0.20996,957.23,3.3498,-81.78153118
2148,55,-37.089,-0.26712,957.32,3.3128,-81.15741488
2149,55,-36.388,-0.32263,957.41,3.2773,-80.53820488
2150,55,-35.73,-0.37655,957.5,3.2434,-79.99680475
2151,55,-46.501,0.36846,961.21,3.6278,-79.51604762
2152,55,-45.558,0.34209,961.41,3.595,-79.146572
2153,55,-49.673,0.32139,964.78,3.8532,-78.9057768
2154,55.5,-48.549,0.31521,965.01,3.8136,-78.63407018
2155,55.5,-47.45,0.30546,965.22,3.7745,-78.21202932
2156,55.5,-46.375,0.29058,965.42,3.7354,-77.67643588
2157,55.5,-45.323,0.26958,965.6,3.6957,-77.01853588
2158,55.5,-44.295,0.24252,965.76,3.6553,-76.29108122
2159,55.5,-43.292,0.21064,965.89,3.6138,-75.52071418
2160,55.5,-42.319,0.17579,966,3.5714,-74.78469363
2161,55.5,-41.376,0.1397,966.1,3.5286,-73.99314113
2162,55.5,-40.464,0.10369,966.2,3.4855,-73.20016884
2163,55.5,-39.585,0.068612,966.28,3.4427,-72.51037426
2164,55.5,-38.738,0.034882,966.36,3.4003,-71.6438953
2165,55.5,-37.921,0.0028512,966.45,3.3586,-70.60230167
2166,55.5,-37.137,-0.027273,966.53,3.3179,-69.3699656
2167,55.5,-36.386,-0.055303,966.61,3.2784,-67.7999817
2168,55.5,-35.671,-0.081033,966.69,3.2403,-155.0481628
2169,55.5,-35.009,-0.14514,967.1,3.197,-77.2440008
2170,55.5,-45.685,0.4514,970.56,3.5163,-77.8336609
2171,55.5,-44.987,0.40848,970.69,3.4937,-78.19389694
2172,55.5,-49.265,0.26624,974.04,3.7551,-78.54314152
2173,56,-48.3,0.26763,974.21,3.7248,-78.93309346
2174,56,-47.334,0.2618,974.39,3.694,-79.3095625
2175,56,-46.368,0.24814,974.56,3.6625,-79.57372832
2176,56,-45.405,0.22601,974.72,3.63,-79.7094568
2177,56,-44.449,0.19552,974.87,3.5961,-79.77332558
2178,56,-43.506,0.158,975,3.5608,-79.91256771
2179,56,-42.581,0.11528,975.11,3.5242,-80.21015094
2180,56,-41.677,0.06904,975.21,3.4865,-80.586227
2181,56,-40.799,0.020219,975.31,3.4482,-81.10156688
2182,56,-39.947,-0.031286,975.4,3.4095,-81.56751817
2183,56,-39.122,-0.085478,975.49,3.3708,-81.75065572
2184,56,-38.329,-0.14168,975.58,3.3325,-81.6101416
2185,56,-37.572,-0.19875,975.67,3.2951,-81.20045749
2186,56,-36.854,-0.25525,975.75,3.2589,-80.56651982
2187,56,-36.178,-0.31005,975.84,3.2243,-79.96014608
2188,56,-35.542,-0.36331,975.92,3.1911,-79.41919062
2189,56,-46.318,0.3793,979.64,3.5752,-78.93820352
2190,56,-45.398,0.35338,979.83,3.543,-78.59429289
2191,56,-49.524,0.33698,983.19,3.8023,-78.36291064
2192,56.5,-48.423,0.33064,983.42,3.7635,-78.134585
2193,56.5,-47.347,0.32074,983.63,3.7252,-77.69137342
2194,56.5,-46.293,0.30583,983.83,3.6869,-77.1377473
2195,56.5,-45.262,0.28496,984,3.6482,-76.47373841
2196,56.5,-44.255,0.25821,984.15,3.6087,-75.73326266
2197,56.5,-43.273,0.22678,984.28,3.5683,-74.96957991
2198,56.5,-42.319,0.1925,984.39,3.5271,-74.23627806
2199,56.5,-41.396,0.15704,984.49,3.4854,-73.44099745
2200,56.5,-40.503,0.12169,984.58,3.4436,-72.63205183
2201,56.5,-39.643,0.087285,984.66,3.402,-71.9283453
2202,56.5,-38.813,0.05426,984.74,3.3609,-71.0608645
2203,56.5,-38.015,0.022934,984.82,3.3205,-69.99280138
2204,56.5,-37.248,-0.006479,984.9,3.2811,-68.77608499
2205,56.5,-36.513,-0.033818,984.97,3.243,-67.23700672
2206,56.5,-35.814,-0.058914,985.05,3.2062,-65.42911077
2207,56.5,-35.152,-0.081675,985.13,3.171,-163.598911
2208,56.5,-34.685,-0.21475,985.41,3.1367,-77.663099
2209,56.5,-45.145,0.43585,989.04,3.4579,-78.04837816
2210,56.5,-49.481,0.28009,992.38,3.7203,-78.41102157
2211,56.5,-48.531,0.28263,992.55,3.6911,-78.80878473
2212,57,-47.577,0.27829,992.72,3.6613,-79.10724289
2213,57,-46.622,0.26652,992.9,3.631,-79.42196183
2214,57,-45.67,0.24659,993.06,3.5996,-79.59054751
2215,57,-44.724,0.21831,993.21,3.5671,-79.67873495
2216,57,-43.787,0.18266,993.34,3.533,-79.78031682
2217,57,-42.867,0.1414,993.46,3.4977,-80.08022882
2218,57,-41.967,0.096288,993.57,3.4612,-80.48268175
2219,57,-41.091,0.048421,993.66,3.424,-80.96215685
2220,57,-40.24,-0.0019869,993.76,3.3863,-81.50127444
2221,57,-39.416,-0.05523,993.84,3.3484,-81.77183251
2222,57,-38.622,-0.11071,993.93,3.3108,-81.72040341
2223,57,-37.862,-0.16743,994.02,3.2739,-81.3843728
2224,57,-37.141,-0.22392,994.1,3.2382,-80.80150277
2225,57,-36.46,-0.27894,994.19,3.2039,-80.19012653
2226,57,-35.82,-0.33233,994.27,3.1712,-79.6585974
2227,57,-46.645,0.40627,997.96,3.5555,-79.18426553
2228,57,-45.722,0.38028,998.15,3.5238,-78.80668032
2229,57,-49.887,0.35641,1001.5,3.7832,-78.56801772
2230,57.5,-48.782,0.35086,1001.7,3.7448,-78.28899412
2231,57.5,-47.703,0.34201,1001.9,3.7069,-77.90210629
2232,57.5,-46.647,0.32831,1002.1,3.6691,-77.39591965
2233,57.5,-45.612,0.30867,1002.3,3.6309,-76.77109903
2234,57.5,-44.601,0.28296,1002.5,3.5918,-76.06267162
2235,57.5,-43.614,0.25224,1002.6,3.5518,-75.30673098
2236,57.5,-42.655,0.21831,1002.7,3.5109,-74.57962912
2237,57.5,-41.725,0.18291,1002.8,3.4694,-73.81394306
2238,57.5,-40.825,0.14741,1002.9,3.4277,-73.01231527
2239,57.5,-39.958,0.11272,1003,3.3862,-72.3409801
2240,57.5,-39.121,0.079312,1003.1,3.3451,-71.52276384
2241,57.5,-38.314,0.047527,1003.1,3.3046,-70.51183439
2242,57.5,-37.539,0.0176,1003.2,3.2651,-69.34289319
2243,57.5,-36.797,-0.010298,1003.3,3.2268,-67.84960084
2244,57.5,-36.089,-0.035958,1003.4,3.1898,-153.6519438
2245,57.5,-35.418,-0.08885,1003.8,3.1474,-77.0296741
2246,57.5,-34.968,-0.20133,1003.7,3.1218,-77.64736872
2247,57.5,-45.466,0.45617,1007.3,3.4446,-77.96950905
2248,57.5,-49.798,0.30901,1010.7,3.7079,-78.29790979
2249,58,-48.841,0.31164,1010.8,3.6789,-78.67332453
2250,58,-47.881,0.30725,1011,3.6494,-79.0440446
2251,58,-46.922,0.29531,1011.2,3.6192,-79.33559726
2252,58,-45.966,0.27511,1011.3,3.5881,-79.48452816
2253,58,-45.016,0.24658,1011.5,3.5557,-79.55750056
2254,58,-44.077,0.21076,1011.6,3.5219,-79.66141884
2255,58,-43.155,0.16946,1011.7,3.4868,-79.93288962
2256,58,-42.254,0.1244,1011.8,3.4507,-80.30033563
2257,58,-41.378,0.076646,1011.9,3.4138,-80.76707179
2258,58,-40.526,0.026337,1012,3.3764,-81.27272443
2259,58,-39.702,-0.026757,1012.1,3.3389,-81.51182062
2260,58,-38.907,-0.082009,1012.2,3.3018,-81.43024496
2261,58,-38.148,-0.13844,1012.2,3.2654,-81.06882523
2262,58,-37.428,-0.19458,1012.3,3.2302,-80.46823517
2263,58,-36.748,-0.24919,1012.4,3.1964,-79.8421737
2264,58,-36.109,-0.30216,1012.5,3.1642,-79.28900594
2265,58,-35.509,-0.35357,1012.6,3.1335,-78.79160796
2266,58,-46.043,0.40828,1016.3,3.5173,-78.4030068
2267,58,-50.223,0.38762,1019.7,3.7786,-78.14638396
2268,58.5,-49.12,0.38213,1019.9,3.7408,-77.93736254
2269,58.5,-48.044,0.37345,1020.1,3.7036,-77.52797654
2270,58.5,-46.99,0.36011,1020.3,3.6665,-76.99113478
2271,58.5,-45.959,0.34101,1020.5,3.6291,-76.35310178
2272,58.5,-44.951,0.31598,1020.6,3.5909,-75.6149455
2273,58.5,-43.968,0.28598,1020.8,3.5518,-74.84288594
2274,58.5,-43.013,0.25274,1020.9,3.5119,-74.10138755
2275,58.5,-42.088,0.21798,1021,3.4714,-73.32206
2276,58.5,-41.193,0.18306,1021,3.4308,-72.48540385
2277,58.5,-40.331,0.14892,1021.1,3.3903,-71.77844761
2278,58.5,-39.499,0.11604,1021.2,3.3502,-70.95805828
2279,58.5,-38.698,0.084777,1021.3,3.3108,-69.92825409
2280,58.5,-37.929,0.055345,1021.3,3.2723,-68.76524223
2281,58.5,-37.192,0.027914,1021.4,3.2349,-67.31413808
2282,58.5,-36.489,0.0026476,1021.5,3.1989,-65.56708745
2283,58.5,-35.822,-0.020321,1021.5,3.1644,-160.1410589
2284,58.5,-35.314,-0.13641,1021.8,3.1288,-77.14316216
2285,58.5,-45.856,0.50082,1025.4,3.4499,-77.51635874
2286,58.5,-50.264,0.33548,1028.7,3.7145,-77.8587474
2287,58.5,-49.319,0.33988,1028.9,3.6863,-78.2299937
2288,59,-48.371,0.33747,1029,3.6577,-78.51717124
2289,59,-47.422,0.32796,1029.2,3.6285,-78.8541574
2290,59,-46.475,0.31062,1029.4,3.5985,-79.04001092
2291,59,-45.533,0.28504,1029.5,3.5673,-79.13533541
2292,59,-44.599,0.25184,1029.6,3.5347,-79.1886735
2293,59,-43.681,0.21258,1029.8,3.5008,-79.40423028
2294,59,-42.782,0.16906,1029.9,3.4658,-79.77858883
2295,59,-41.906,0.12257,1029.9,3.4299,-80.18695327
2296,59,-41.055,0.073665,1030,3.3934,-80.73037148
2297,59,-40.229,0.021947,1030.1,3.3567,-81.078744
2298,59,-39.432,-0.032157,1030.2,3.3201,-81.12433378
2299,59,-38.667,-0.087868,1030.3,3.2841,-80.8570383
2300,59,-37.94,-0.14387,1030.3,3.2491,-80.35204982
2301,59,-37.252,-0.19882,1030.4,3.2155,-79.70982621
2302,59,-36.605,-0.25197,1030.5,3.1833,-79.14703713
2303,59,-35.996,-0.30373,1030.6,3.1526,-78.63406373
2304,59,-46.608,0.4475,1034.3,3.5359,-78.19153144
2305,59,-50.853,0.41399,1037.6,3.7981,-77.89017452
2306,59.5,-49.747,0.40928,1037.8,3.7605,-77.64594235
2307,59.5,-48.668,0.40191,1038.1,3.7235,-77.30939996
2308,59.5,-47.612,0.39046,1038.2,3.6869,-76.83105159
2309,59.5,-46.579,0.37364,1038.4,3.6501,-76.25272895
2310,59.5,-45.568,0.35087,1038.6,3.6126,-75.55329597
2311,59.5,-44.581,0.32269,1038.7,3.5743,-74.79723502
2312,59.5,-43.621,0.29059,1038.8,3.5351,-74.02979907
2313,59.5,-42.689,0.25633,1038.9,3.4952,-73.27885716
2314,59.5,-41.786,0.2214,1039,3.4549,-72.45651209
2315,59.5,-40.916,0.18689,1039.1,3.4147,-71.72315922
2316,59.5,-40.076,0.15341,1039.1,3.3748,-70.98819244
2317,59.5,-39.265,0.12135,1039.2,3.3354,-70.06036733
2318,59.5,-38.486,0.090962,1039.3,3.2968,-68.99330194
2319,59.5,-37.738,0.06244,1039.3,3.2592,-67.69071407
2320,59.5,-37.023,0.035969,1039.4,3.2229,-66.07384191
2321,59.5,-36.343,0.011715,1039.4,3.1881,-158.1933126
2322,59.5,-35.767,-0.080482,1039.8,3.1502,-75.86263894
2323,59.5,-46.372,0.53339,1043.3,3.4705,-76.29143991
2324,59.5,-45.687,0.49426,1043.4,3.4502,-76.61035
2325,59.5,-49.912,0.3637,1046.7,3.7097,-76.92627619
2326,60,-48.972,0.36356,1046.9,3.6818,-77.28807895
2327,60,-48.031,0.35654,1047,3.6533,-77.61468283
2328,60,-47.092,0.34209,1047.2,3.6242,-77.81625889
2329,60,-46.158,0.31973,1047.3,3.5941,-77.89865227
2330,60,-45.231,0.28972,1047.5,3.5627,-77.91379572
2331,60,-44.317,0.25329,1047.6,3.53,-78.01058528
2332,60,-43.422,0.21217,1047.7,3.4962,-78.25945222
2333,60,-42.548,0.16785,1047.7,3.4614,-78.5774735
2334,60,-41.698,0.12115,1047.8,3.4261,-79.02050291
2335,60,-40.873,0.071963,1047.9,3.3904,-79.42404149
2336,60,-40.074,0.020284,1048,3.3546,-79.56792758
2337,60,-39.306,-0.03327,1048,3.3193,-79.40961714
2338,60,-38.572,-0.087723,1048.1,3.2848,-79.00058675
2339,60,-37.875,-0.14171,1048.2,3.2515,-78.38150376
2340,60,-37.216,-0.19413,1048.2,3.2195,-77.75273179
2341,60,-36.597,-0.24498,1048.3,3.1891,-77.18083713
2342,60,-47.338,0.48059,1052,3.57,-76.66154526
2343,60,-46.44,0.45529,1052.1,3.5402,-76.23849881
2344,60,-50.589,0.43114,1055.4,3.7997,-75.94055353
2345,60.5,-49.517,0.42534,1055.7,3.7635,-75.61269115
2346,60.5,-48.47,0.41674,1055.8,3.7279,-75.19179976
2347,60.5,-47.446,0.40403,1056,3.6926,-74.65098976
2348,60.5,-46.445,0.38621,1056.2,3.6571,-74.02313095
2349,60.5,-45.467,0.36297,1056.3,3.621,-73.28568437
2350,60.5,-44.514,0.33504,1056.4,3.5841,-72.50103758
2351,60.5,-43.588,0.30385,1056.5,3.5465,-71.73781961
2352,60.5,-42.69,0.27096,1056.6,3.5084,-70.97142103
2353,60.5,-41.822,0.23767,1056.7,3.47,-70.13431325
2354,60.5,-40.985,0.20492,1056.8,3.4318,-69.3945659
2355,60.5,-40.178,0.17323,1056.8,3.3939,-68.63954882
2356,60.5,-39.399,0.14291,1056.9,3.3566,-67.71680994
2357,60.5,-38.651,0.11421,1056.9,3.3201,-66.63283681
2358,60.5,-37.932,0.087281,1057,3.2846,-65.39069
2359,60.5,-37.245,0.062251,1057.1,3.2502,-63.86480554
2360,60.5,-36.591,0.039263,1057.1,3.2172,-154.9441303
2361,60.5,-36.001,-0.029466,1057.5,3.1791,-73.72661961
2362,60.5,-46.521,0.56039,1060.9,3.4951,-74.35029597
2363,60.5,-51.024,0.36911,1064.2,3.7602,-74.6580791
2364,60.5,-50.125,0.37688,1064.3,3.7341,-74.95414572
2365,60.5,-49.218,0.37797,1064.5,3.7075,-75.28275443
2366,61,-48.31,0.3729,1064.6,3.6804,-75.53849518
2367,61,-47.403,0.36132,1064.8,3.6527,-75.79974254
2368,61,-46.499,0.34263,1064.9,3.6242,-75.92039264
2369,61,-45.602,0.31669,1065.1,3.5946,-75.96759601
2370,61,-44.715,0.28424,1065.2,3.5638,-75.99178653
2371,61,-43.844,0.24669,1065.3,3.5318,-76.19693599
2372,61,-42.992,0.20556,1065.4,3.4988,-76.52260058
2373,61,-42.161,0.16188,1065.5,3.4651,-76.8857038
2374,61,-41.355,0.11604,1065.5,3.4309,-77.3701882
2375,61,-40.571,0.067658,1065.6,3.3965,-77.67739938
2376,61,-39.814,0.017143,1065.7,3.3623,-77.72097081
2377,61,-39.088,-0.034851,1065.8,3.3285,-77.48323478
2378,61,-38.395,-0.087233,1065.8,3.2957,-77.0426323
2379,61,-37.738,-0.13879,1065.9,3.264,-76.45061764
2380,61,-37.118,-0.18874,1066,3.2337,-75.91264638
2381,61,-36.534,-0.23742,1066.1,3.2047,-75.40774946
2382,61,-47.019,0.48819,1069.7,3.5815,-74.96239828
2383,61,-51.256,0.44456,1073,3.8415,-74.63215486
2384,61,-50.198,0.4403,1073.2,3.8058,-74.39314555
2385,61.5,-49.167,0.43406,1073.4,3.7707,-74.09768297
2386,61.5,-48.16,0.42475,1073.6,3.7361,-73.69067366
2387,61.5,-47.173,0.41117,1073.8,3.7016,-73.2044837
2388,61.5,-46.208,0.3925,1074,3.6667,-72.60505018
2389,61.5,-45.264,0.36873,1074.1,3.6312,-71.91600296
2390,61.5,-44.344,0.34078,1074.2,3.5949,-71.19525045
2391,61.5,-43.449,0.31005,1074.3,3.5578,-70.49387211
2392,61.5,-42.581,0.27801,1074.4,3.5204,-69.77151161
2393,61.5,-41.741,0.24578,1074.5,3.4827,-69.00249183
2394,61.5,-40.931,0.21414,1074.6,3.4453,-68.3679799
2395,61.5,-40.148,0.18351,1074.6,3.4081,-67.64554571
2396,61.5,-39.392,0.15421,1074.7,3.3716,-66.74661039
2397,61.5,-38.664,0.12644,1074.8,3.3358,-65.746934
2398,61.5,-37.965,0.10034,1074.8,3.3011,-64.50024655
2399,61.5,-37.297,0.076092,1074.9,3.2675,-62.98162515
2400,61.5,-36.66,0.053829,1075,3.2352,-162.946485
2401,61.5,-36.16,-0.050519,1075.3,3.2017,-73.20610547
2402,61.5,-46.545,0.5609,1078.8,3.5176,-73.5144034
2403,61.5,-50.926,0.39403,1082,3.7792,-73.76470199
2404,61.5,-50.036,0.39972,1082.2,3.7535,-74.05412325
2405,62,-49.142,0.39908,1082.4,3.7273,-74.38690371
2406,62,-48.248,0.39233,1082.5,3.7007,-74.71900624
2407,62,-47.356,0.37904,1082.7,3.6734,-74.93806555
2408,62,-46.469,0.3587,1082.8,3.6452,-75.03572404
2409,62,-45.589,0.33147,1082.9,3.6159,-75.07272505
2410,62,-44.721,0.2983,1083.1,3.5855,-75.15768762
2411,62,-43.869,0.2606,1083.2,3.554,-75.39505071
2412,62,-43.037,0.21975,1083.3,3.5216,-75.71366586
2413,62,-42.226,0.17658,1083.3,3.4886,-76.11192935
2414,62,-41.438,0.13119,1083.4,3.4552,-76.56552764
2415,62,-40.673,0.083347,1083.5,3.4217,-76.81173072
2416,62,-39.934,0.03353,1083.6,3.3885,-76.79923661
2417,62,-39.225,-0.01755,1083.7,3.3558,-76.51811909
2418,62,-38.55,-0.06876,1083.7,3.3241,-76.04936282
2419,62,-37.91,-0.11897,1083.8,3.2936,-75.47302245
2420,62,-37.306,-0.16767,1083.9,3.2644,-74.95232527
2421,62,-47.988,0.53147,1087.5,3.6393,-74.45609686
2422,62,-47.118,0.50717,1087.6,3.6108,-74.03003484
2423,62,-51.305,0.46998,1090.9,3.8698,-73.73270225
2424,62,-50.267,0.46555,1091.1,3.8352,-73.49884492
2425,62.5,-49.256,0.45912,1091.3,3.8013,-73.24216849
2426,62.5,-48.268,0.4496,1091.5,3.7678,-72.81613193
2427,62.5,-47.3,0.43587,1091.7,3.7343,-72.32453225
2428,62.5,-46.354,0.41721,1091.8,3.7004,-71.72253911
2429,62.5,-45.429,0.39367,1092,3.6659,-71.0280815
2430,62.5,-44.528,0.36621,1092.1,3.6307,-70.31391396
2431,62.5,-43.653,0.3362,1092.2,3.5947,-69.62482622
2432,62.5,-42.805,0.305,1092.3,3.5584,-68.90816377
2433,62.5,-41.985,0.27369,1092.4,3.5219,-68.14134047
2434,62.5,-41.193,0.24301,1092.4,3.4855,-67.50129198
2435,62.5,-40.429,0.21335,1092.5,3.4494,-66.77505885
2436,62.5,-39.691,0.185,1092.6,3.4139,-65.87654438
2437,62.5,-38.981,0.15815,1092.6,3.3791,-64.84925113
2438,62.5,-38.3,0.13295,1092.7,3.3453,-63.63481509
2439,62.5,-37.648,0.10953,1092.8,3.3125,-62.15040269
2440,62.5,-37.027,0.088017,1092.8,3.281,-159.1888863
2441,62.5,-36.519,-0.0047033,1093.1,3.2466,-72.70017051
2442,62.5,-46.863,0.59706,1096.6,3.5594,-73.11004412
2443,62.5,-51.258,0.4215,1099.9,3.8195,-73.38284779
2444,62.5,-50.384,0.42761,1100,3.7939,-73.69528396
2445,63,-49.504,0.42757,1100.2,3.7677,-73.96428626
2446,63,-48.624,0.42173,1100.3,3.7411,-74.31895664
2447,63,-47.745,0.40963,1100.5,3.7138,-74.58473831
2448,63,-46.869,0.39074,1100.7,3.6857,-74.71643787
2449,63,-46,0.36497,1100.8,3.6565,-74.78293492
2450,63,-45.141,0.33308,1100.9,3.6262,-74.85509153
2451,63,-44.298,0.29642,1101,3.5947,-75.12110719
2452,63,-43.472,0.25637,1101.1,3.5623,-75.47556771
2453,63,-42.668,0.21382,1101.2,3.5292,-75.87367308
2454,63,-41.885,0.16908,1101.3,3.4956,-76.37603201
2455,63,-41.125,0.12177,1101.4,3.4619,-76.69579991
2456,63,-40.391,0.072344,1101.5,3.4283,-76.75939292
2457,63,-39.685,0.021424,1101.5,3.3952,-76.54616748
2458,63,-39.012,-0.029902,1101.6,3.3631,-76.13762926
2459,63,-38.373,-0.080459,1101.7,3.332,-75.59076597
2460,63,-37.77,-0.12953,1101.8,3.3023,-75.09736613
2461,63,-48.437,0.56709,1105.4,3.6751,-74.62797713
2462,63,-52.824,0.50115,1108.6,3.9391,-74.21860759
2463,63,-51.758,0.49853,1108.8,3.9033,-73.91800175
2464,63,-50.723,0.49453,1109,3.8683,-73.71091308
2465,63.5,-49.714,0.48859,1109.2,3.834,-73.41918088
2466,63.5,-48.727,0.47963,1109.4,3.8001,-73.04795197
2467,63.5,-47.761,0.46647,1109.6,3.7663,-72.60887396
2468,63.5,-46.814,0.44827,1109.8,3.7321,-72.05072682
2469,63.5,-45.888,0.42504,1109.9,3.6973,-71.3956485
2470,63.5,-44.985,0.39767,1110,3.6616,-70.70073106
2471,63.5,-44.107,0.36755,1110.1,3.6253,-70.02732104
2472,63.5,-43.255,0.33611,1110.2,3.5885,-69.33947768
2473,63.5,-42.429,0.30443,1110.3,3.5515,-68.60566921
2474,63.5,-41.632,0.27331,1110.4,3.5146,-68.00387966
2475,63.5,-40.861,0.24315,1110.4,3.4781,-67.31436978
2476,63.5,-40.117,0.21426,1110.5,3.442,-66.44251084
2477,63.5,-39.4,0.18684,1110.6,3.4067,-65.46086938
2478,63.5,-38.711,0.16105,1110.6,3.3723,-64.23856447
2479,63.5,-38.052,0.13707,1110.7,3.3391,-62.74304831
2480,63.5,-37.424,0.11502,1110.8,3.3071,-164.2989422
2481,63.5,-47.883,0.66098,1114.5,3.607,-73.13333505
2482,63.5,-47.26,0.6194,1114.6,3.5876,-73.41488322
2483,63.5,-51.591,0.45689,1117.9,3.8468,-73.66703092
2484,63.5,-50.707,0.46226,1118,3.821,-73.98073186
2485,64,-49.82,0.46143,1118.2,3.7946,-74.32659266
2486,64,-48.932,0.45453,1118.3,3.7677,-74.67809254
2487,64,-48.047,0.44107,1118.5,3.74,-74.90835194
2488,64,-47.165,0.42059,1118.6,3.7115,-75.0177596
2489,64,-46.291,0.39323,1118.8,3.6817,-75.07685199
2490,64,-45.429,0.35996,1118.9,3.6507,-75.19669118
2491,64,-44.583,0.32219,1119,3.6187,-75.47900542
2492,64,-43.756,0.28126,1119.1,3.5856,-75.82671684
2493,64,-42.951,0.23794,1119.2,3.552,-76.25942779
2494,64,-42.167,0.19228,1119.3,3.5179,-76.7248475
2495,64,-41.407,0.14409,1119.3,3.4837,-76.98428016
2496,64,-40.673,0.093881,1119.4,3.4497,-76.96397189
2497,64,-39.969,0.042413,1119.5,3.4164,-76.67149117
2498,64,-39.299,-0.0091337,1119.6,3.3841,-76.1968478
2499,64,-38.664,-0.059609,1119.7,3.3529,-75.63770591
2500,64,-38.064,-0.10859,1119.7,3.3232,-75.1374
2501,64,-48.655,0.59426,1123.3,3.6944,-74.66235619
2502,64,-52.976,0.53849,1126.6,3.9574,-74.26069127
2503,64,-51.913,0.53547,1126.8,3.9215,-73.98302557
2504,64,-50.88,0.53097,1127,3.8865,-73.75988024
2505,64.5,-49.872,0.52426,1127.2,3.8522,-73.48530031
2506,64.5,-48.886,0.51421,1127.4,3.8183,-73.07606514
2507,64.5,-47.921,0.49969,1127.6,3.7844,-72.59265589
2508,64.5,-46.977,0.48007,1127.7,3.7501,-71.98794029
2509,64.5,-46.054,0.45558,1127.8,3.7151,-71.28910906
2510,64.5,-45.156,0.42735,1128,3.6793,-70.57868471
2511,64.5,-44.283,0.39678,1128.1,3.643,-69.89108585
2512,64.5,-43.438,0.36527,1128.1,3.6063,-69.16764223
2513,64.5,-42.62,0.3338,1128.2,3.5696,-68.42354766
2514,64.5,-41.831,0.30308,1128.3,3.533,-67.79461397
2515,64.5,-41.069,0.27342,1128.4,3.4968,-67.03999298
2516,64.5,-40.335,0.24513,1128.4,3.4613,-66.09129683
2517,64.5,-39.627,0.21838,1128.5,3.4265,-65.02262403
2518,64.5,-38.949,0.19331,1128.6,3.3927,-63.72428525
2519,64.5,-38.301,0.17006,1128.6,3.3601,-62.14961946
2520,64.5,-37.684,0.14877,1128.7,3.3287,-163.0574129
2521,64.5,-48.087,0.69485,1132.4,3.627,-73.53049377
2522,64.5,-47.461,0.65349,1132.5,3.6078,-73.84343599
2523,64.5,-51.741,0.49199,1135.8,3.8648,-74.12531623
2524,64.5,-50.858,0.49616,1135.9,3.8387,-74.47221359
2525,65,-49.971,0.49426,1136.1,3.8121,-74.75443243
2526,65,-49.085,0.48625,1136.2,3.7849,-75.10862631
2527,65,-48.2,0.47156,1136.4,3.757,-75.32922743
2528,65,-47.319,0.44972,1136.6,3.728,-75.43725941
2529,65,-46.446,0.421,1136.7,3.6978,-75.50637103
2530,65,-45.585,0.38646,1136.8,3.6663,-75.67222775
2531,65,-44.742,0.34754,1136.9,3.6337,-76.02568355
2532,65,-43.918,0.30554,1137,3.6002,-76.40052976
2533,65,-43.115,0.26117,1137.1,3.566,-76.88776787
2534,65,-42.335,0.21432,1137.2,3.5315,-77.34995522
2535,65,-41.579,0.16495,1137.2,3.4969,-77.57941976
2536,65,-40.85,0.11357,1137.3,3.4626,-77.51460098
2537,65,-40.152,0.061089,1137.4,3.429,-77.18450084
2538,65,-39.489,0.0087457,1137.5,3.3965,-76.6808178
2539,65,-38.862,-0.042328,1137.5,3.3652,-76.14894464
2540,65,-38.27,-0.092027,1137.6,3.3354,-75.67304707
2541,65,-48.74,0.62148,1141.3,3.7053,-75.23689679
2542,65,-52.979,0.5681,1144.5,3.9643,-74.8679263
2543,65,-51.921,0.56466,1144.7,3.9284,-74.62596854
2544,65.5,-50.892,0.55949,1144.9,3.8932,-74.40886024
2545,65.5,-49.886,0.55168,1145.1,3.8587,-74.08672795
2546,65.5,-48.902,0.53997,1145.3,3.8244,-73.69208648
2547,65.5,-47.938,0.52327,1145.5,3.7899,-73.18441538
2548,65.5,-46.995,0.5012,1145.6,3.7548,-72.5594952
2549,65.5,-46.074,0.47443,1145.8,3.7189,-71.86309997
2550,65.5,-45.176,0.44427,1145.9,3.6823,-71.16085768
2551,65.5,-44.306,0.41224,1146,3.6451,-70.47972434
2552,65.5,-43.462,0.37963,1146.1,3.6076,-69.74484478
2553,65.5,-42.646,0.34735,1146.1,3.5701,-69.09929754
2554,65.5,-41.858,0.31593,1146.2,3.5328,-68.45376422
2555,65.5,-41.096,0.28572,1146.3,3.496,-67.62776915
2556,65.5,-40.361,0.25697,1146.3,3.4598,-66.626198
2557,65.5,-39.655,0.22987,1146.4,3.4245,-65.45637522
2558,65.5,-38.979,0.20457,1146.5,3.3903,-63.97720282
2559,65.5,-38.334,0.18122,1146.5,3.3573,-162.1958802
2560,65.5,-37.806,0.08434,1146.9,3.322,-74.03499845
2561,65.5,-48.124,0.69068,1150.3,3.6322,-74.39090062
2562,65.5,-52.456,0.51865,1153.6,3.8916,-74.66641981
2563,65.5,-51.563,0.52523,1153.8,3.8653,-74.99582624
2564,66,-50.664,0.5252,1153.9,3.8384,-75.37573456
2565,66,-49.765,0.5188,1154.1,3.8109,-75.73945638
2566,66,-48.867,0.50552,1154.2,3.7827,-75.99566998
2567,66,-47.973,0.48484,1154.4,3.7536,-76.11915336
2568,66,-47.086,0.45689,1154.5,3.7233,-76.19368648
2569,66,-46.21,0.42264,1154.6,3.6918,-76.3345204
2570,66,-45.351,0.38355,1154.7,3.6591,-76.63395781
2571,66,-44.512,0.34107,1154.8,3.6256,-77.00406756
2572,66,-43.695,0.29603,1154.9,3.5915,-77.44917446
2573,66,-42.901,0.24852,1155,3.557,-77.94694283
2574,66,-42.13,0.19833,1155.1,3.5225,-78.221271
2575,66,-41.387,0.14597,1155.2,3.4883,-78.18466937
2576,66,-40.675,0.092304,1155.2,3.4548,-77.86680966
2577,66,-39.998,0.038593,1155.3,3.4225,-77.36158045
2578,66,-39.357,-0.013919,1155.4,3.3914,-76.79416559
2579,66,-38.753,-0.064873,1155.4,3.3617,-76.29422621
2580,66,-49.277,0.64719,1159.1,3.7316,-75.82593846
2581,66,-53.529,0.59461,1162.3,3.9936,-75.43503381
2582,66,-52.457,0.59096,1162.5,3.9579,-75.16168126
2583,66.5,-51.416,0.58561,1162.7,3.923,-74.9186601
2584,66.5,-50.399,0.57772,1162.9,3.8887,-74.58197832
2585,66.5,-49.404,0.56601,1163.1,3.8546,-74.17481496
2586,66.5,-48.43,0.54936,1163.3,3.8203,-73.66714181
2587,66.5,-47.477,0.52728,1163.4,3.7853,-73.03134338
2588,66.5,-46.546,0.50032,1163.6,3.7495,-72.31511854
2589,66.5,-45.64,0.4698,1163.7,3.7129,-71.57887436
2590,66.5,-44.761,0.43725,1163.8,3.6755,-70.86781542
2591,66.5,-43.91,0.40406,1163.8,3.6378,-70.10568603
2592,66.5,-43.088,0.37118,1163.9,3.6,-69.38764169
2593,66.5,-42.295,0.33919,1164,3.5624,-68.72194493
2594,66.5,-41.529,0.3084,1164.1,3.5252,-67.88168584
2595,66.5,-40.79,0.2791,1164.1,3.4887,-66.82811044
2596,66.5,-40.082,0.25146,1164.2,3.453,-65.64632619
2597,66.5,-39.403,0.22564,1164.2,3.4185,-64.16963243
2598,66.5,-38.757,0.20178,1164.3,3.3852,-159.0658764
2599,66.5,-38.173,0.13283,1164.7,3.3469,-74.2315775
2600,66.5,-48.479,0.7197,1168.1,3.6537,-74.86220542
2601,66.5,-52.845,0.52831,1171.4,3.9132,-75.19107633
2602,66.5,-51.957,0.53616,1171.5,3.8871,-75.5437006
2603,67,-51.063,0.53708,1171.7,3.8604,-75.84996863
2604,67,-50.165,0.53152,1171.8,3.8334,-76.2170004
2605,67,-49.268,0.51902,1172,3.8057,-76.51573405
2606,67,-48.373,0.499,1172.1,3.7771,-76.67057054
2607,67,-47.485,0.47139,1172.3,3.7475,-76.75151451
2608,67,-46.607,0.43704,1172.4,3.7166,-76.90465902
2609,67,-45.744,0.39743,1172.5,3.6845,-77.22380197
2610,67,-44.901,0.35408,1172.6,3.6514,-77.61191835
2611,67,-44.08,0.30798,1172.7,3.6176,-78.05015498
2612,67,-43.282,0.25939,1172.7,3.5833,-78.58994345
2613,67,-42.508,0.20797,1172.8,3.5487,-78.9164175
2614,67,-41.761,0.1542,1172.9,3.5143,-78.92037635
2615,67,-41.046,0.09892,1173,3.4804,-78.62785268
2616,67,-40.366,0.043406,1173,3.4474,-78.13276433
2617,67,-39.723,-0.011036,1173.1,3.4155,-77.56002574
2618,67,-39.117,-0.063881,1173.2,3.3849,-77.06890411
2619,67,-49.607,0.65176,1176.8,3.7531,-76.60970325
2620,67,-53.833,0.59397,1180,4.0127,-76.21392894
2621,67,-52.759,0.5896,1180.3,3.9758,-75.93874811
2622,67.5,-51.715,0.5834,1180.5,3.9397,-75.71053867
2623,67.5,-50.697,0.57455,1180.7,3.904,-75.40323117
2624,67.5,-49.7,0.56169,1180.9,3.8686,-75.02424798
2625,67.5,-48.725,0.5436,1181,3.8329,-74.51702588
2626,67.5,-47.77,0.51983,1181.2,3.7965,-73.88417134
2627,67.5,-46.839,0.49101,1181.3,3.7592,-73.17212467
2628,67.5,-45.932,0.45858,1181.4,3.7212,-72.43842333
2629,67.5,-45.052,0.42412,1181.5,3.6826,-71.73716561
2630,67.5,-44.201,0.38903,1181.6,3.6437,-70.98703026
2631,67.5,-43.379,0.3543,1181.7,3.6049,-70.32706761
2632,67.5,-42.584,0.32045,1181.7,3.5663,-69.66751409
2633,67.5,-41.817,0.28782,1181.8,3.5283,-68.80746668
2634,67.5,-41.079,0.25669,1181.9,3.491,-67.74433696
2635,67.5,-40.369,0.22726,1181.9,3.4546,-66.5067986
2636,67.5,-39.691,0.19969,1182,3.4194,-64.93193858
2637,67.5,-39.045,0.17415,1182.1,3.3855,-164.0189419
2638,67.5,-38.537,0.06514,1182.4,3.3504,-75.51175352
2639,67.5,-48.773,0.68225,1185.9,3.658,-75.85158259
2640,67.5,-53.017,0.51452,1189.2,3.9154,-76.16503838
2641,67.5,-52.117,0.51889,1189.3,3.8881,-76.53318253
2642,68,-51.212,0.51627,1189.5,3.8602,-76.92728458
2643,68,-50.305,0.50664,1189.7,3.8316,-77.2860049
2644,68,-49.4,0.48941,1189.8,3.8021,-77.51407947
2645,68,-48.499,0.46418,1190,3.7715,-77.62102965
2646,68,-47.605,0.43139,1190.1,3.7395,-77.74322732
2647,68,-46.725,0.39235,1190.2,3.7061,-77.96253227
2648,68,-45.863,0.34868,1190.3,3.6715,-78.33148068
2649,68,-45.022,0.30174,1190.4,3.636,-78.72317704
2650,68,-44.203,0.25224,1190.5,3.6,-79.26394473
2651,68,-43.408,0.19989,1190.6,3.5636,-79.7112688
2652,68,-42.639,0.14486,1190.6,3.5272,-79.85071527
2653,68,-41.9,0.087843,1190.7,3.4914,-79.66026611
2654,68,-41.195,0.030018,1190.8,3.4564,-79.21224247
2655,68,-40.527,-0.02723,1190.9,3.4227,-78.61139325
2656,68,-39.898,-0.082822,1190.9,3.3905,-78.06775825
2657,68,-39.306,-0.13705,1191,3.3597,-77.56854636
2658,68,-49.63,0.59586,1194.7,3.7265,-77.12780881
2659,68,-53.72,0.55596,1198,3.9829,-76.7892164
2660,68,-52.654,0.54938,1198.2,3.946,-76.53903114
2661,68.5,-51.615,0.54045,1198.4,3.9097,-76.22487657
2662,68.5,-50.6,0.52793,1198.6,3.8738,-75.85396068
2663,68.5,-49.607,0.51049,1198.8,3.8377,-75.37835489
2664,68.5,-48.635,0.48729,1198.9,3.8011,-74.77180473
2665,68.5,-47.686,0.45859,1199.1,3.7636,-74.06109312
2666,68.5,-46.761,0.42571,1199.2,3.7251,-73.29880755
2667,68.5,-45.864,0.39025,1199.3,3.6859,-72.5509238
2668,68.5,-44.996,0.35378,1199.4,3.6461,-71.78353944
2669,68.5,-44.157,0.31743,1199.4,3.6063,-71.01551942
2670,68.5,-43.348,0.28193,1199.5,3.5665,-70.35510543
2671,68.5,-42.566,0.24761,1199.6,3.5272,-69.52926608
2672,68.5,-41.813,0.21479,1199.6,3.4885,-68.46633328
2673,68.5,-41.09,0.18372,1199.7,3.4508,-67.23900302
2674,68.5,-40.399,0.15459,1199.8,3.4142,-65.73538009
2675,68.5,-39.74,0.12754,1199.8,3.379,-157.9789804
2676,68.5,-39.145,0.054994,1200.2,3.3387,-75.90478215
2677,68.5,-49.439,0.64643,1203.7,3.6425,-76.54529404
2678,68.5,-48.783,0.60298,1203.8,3.6214,-76.90319022
2679,68.5,-52.863,0.45868,1207.1,3.8735,-77.29484902
2680,69,-51.953,0.45767,1207.2,3.8454,-77.6215437
2681,69,-51.039,0.44973,1207.4,3.8169,-77.99496774
2682,69,-50.126,0.43423,1207.6,3.7877,-78.29345535
2683,69,-49.214,0.41057,1207.7,3.7575,-78.44975072
2684,69,-48.308,0.37885,1207.9,3.7261,-78.55662215
2685,69,-47.413,0.34014,1208,3.6934,-78.80147177
2686,69,-46.535,0.2961,1208.1,3.6594,-79.1701346
2687,69,-45.677,0.24829,1208.2,3.6243,-79.59637408
2688,69,-44.841,0.19768,1208.3,3.5885,-80.11058497
2689,69,-44.029,0.1443,1208.4,3.5523,-80.64891764
2690,69,-43.242,0.08795,1208.5,3.5159,-80.88856343
2691,69,-42.484,0.02929,1208.6,3.4798,-80.77333429
2692,69,-41.761,-0.030571,1208.6,3.4444,-80.36372488
2693,69,-41.075,-0.090166,1208.7,3.4102,-79.77604328
2694,69,-40.429,-0.14818,1208.8,3.3773,-79.20632503
2695,69,-39.821,-0.20464,1208.9,3.3458,-78.71071135
2696,69,-50.171,0.53215,1212.5,3.7123,-78.27046796
2697,69,-54.264,0.48535,1215.8,3.9684,-77.90126541
2698,69,-53.178,0.47862,1216,3.9308,-77.65302766
2699,69.5,-52.12,0.4695,1216.3,3.8939,-77.37124893
2700,69.5,-51.087,0.45673,1216.5,3.8575,-77.03143935
2701,69.5,-50.077,0.43885,1216.6,3.8209,-76.57201114
2702,69.5,-49.087,0.41492,1216.8,3.7839,-75.97021898
2703,69.5,-48.119,0.3852,1217,3.7461,-75.25970859
2704,69.5,-47.177,0.35107,1217.1,3.7074,-74.49949018
2705,69.5,-46.262,0.31422,1217.2,3.668,-73.74180168
2706,69.5,-45.377,0.27626,1217.3,3.6282,-72.98402658
2707,69.5,-44.521,0.23841,1217.3,3.5884,-72.2389016
2708,69.5,-43.695,0.20139,1217.4,3.5489,-71.59254854
2709,69.5,-42.897,0.16558,1217.5,3.5098,-70.75262567
2710,69.5,-42.129,0.13132,1217.6,3.4714,-69.65785538
2711,69.5,-41.391,0.098861,1217.6,3.4341,-68.39637776
2712,69.5,-40.685,0.068409,1217.7,3.398,-66.78810927
2713,69.5,-40.014,0.040146,1217.8,3.3632,-162.4440871
2714,69.5,-39.446,-0.055952,1218.1,3.3257,-77.13331574
2715,69.5,-49.701,0.55453,1221.6,3.6317,-77.59605072
2716,69.5,-49.028,0.51132,1221.8,3.6114,-77.97749107
2717,69.5,-53.02,0.38069,1225.1,3.8634,-78.38711566
2718,70,-52.096,0.37753,1225.3,3.8357,-78.80491995
2719,70,-51.168,0.36666,1225.4,3.8073,-79.16467626
2720,70,-50.24,0.34741,1225.6,3.778,-79.40664799
2721,70,-49.315,0.31946,1225.8,3.7474,-79.529759
2722,70,-48.398,0.28339,1225.9,3.7154,-79.69964795
2723,70,-47.495,0.24075,1226,3.6819,-79.9835145
2724,70,-46.611,0.19329,1226.1,3.6472,-80.39321997
2725,70,-45.748,0.14246,1226.2,3.6116,-80.84027264
2726,70,-44.909,0.088901,1226.3,3.5754,-81.43130738
2727,70,-44.095,0.032225,1226.4,3.5389,-81.8480864
2728,70,-43.309,-0.027195,1226.5,3.5025,-81.91217454
2729,70,-42.555,-0.088497,1226.6,3.4667,-81.62232237
2730,70,-41.838,-0.15032,1226.7,3.4321,-81.08830731
2731,70,-41.16,-0.21112,1226.7,3.3988,-80.44579716
2732,70,-40.523,-0.26998,1226.8,3.3671,-79.91816
2733,70,-39.925,-0.32738,1226.9,3.3371,-79.43870582
2734,70,-50.155,0.42768,1230.6,3.7045,-79.01137998
2735,70,-54.135,0.39866,1234,3.9599,-78.70730063
2736,70.5,-53.05,0.39021,1234.2,3.9237,-78.42945748
2737,70.5,-51.99,0.37864,1234.4,3.8881,-78.1012628
2738,70.5,-50.954,0.36247,1234.6,3.8527,-77.69178548
2739,70.5,-49.939,0.34034,1234.8,3.8169,-77.13919407
2740,70.5,-48.946,0.312,1234.9,3.7803,-76.45780936
2741,70.5,-47.977,0.27845,1235.1,3.7428,-75.67929203
2742,70.5,-47.035,0.24144,1235.2,3.7043,-74.87518677
2743,70.5,-46.123,0.20275,1235.3,3.6653,-74.09873914
2744,70.5,-45.241,0.16386,1235.4,3.626,-73.27669745
2745,70.5,-44.389,0.12572,1235.5,3.5867,-72.58480766
2746,70.5,-43.567,0.088775,1235.5,3.5478,-71.79089522
2747,70.5,-42.775,0.053378,1235.6,3.5095,-70.74044298
2748,70.5,-42.013,0.019765,1235.7,3.4721,-69.43766153
2749,70.5,-41.284,-0.011829,1235.8,3.4359,-67.91211557
2750,70.5,-40.59,-0.041235,1235.8,3.4009,-179.1873162
2751,70.5,-39.932,-0.0974,1236.3,3.3611,-78.05122347
2752,70.5,-50.268,0.48783,1239.7,3.6626,-78.79364046
2753,70.5,-49.59,0.44066,1239.8,3.6426,-79.18656741
2754,70.5,-53.66,0.28795,1243.1,3.8977,-79.60133894
2755,71,-52.718,0.28683,1243.3,3.8705,-79.94995319
2756,71,-51.772,0.27799,1243.4,3.8427,-80.30741771
2757,71,-50.825,0.26077,1243.6,3.8142,-80.60401561
2758,71,-49.879,0.23457,1243.8,3.7847,-80.76394066
2759,71,-48.939,0.1996,1243.9,3.7538,-80.91090283
2760,71,-48.011,0.15717,1244.1,3.7215,-81.21586478
2761,71,-47.1,0.10912,1244.2,3.6879,-81.61707795
2762,71,-46.212,0.057118,1244.3,3.6533,-82.08196527
2763,71,-45.347,0.0021655,1244.4,3.6181,-82.6549546
2764,71,-44.508,-0.055835,1244.5,3.5826,-83.16043869
2765,71,-43.697,-0.11694,1244.5,3.5471,-83.30807319
2766,71,-42.919,-0.18037,1244.6,3.5121,-83.07010562
2767,71,-42.178,-0.24475,1244.7,3.4781,-82.54384842
2768,71,-41.479,-0.30844,1244.8,3.4454,-81.88219567
2769,71,-40.822,-0.37021,1244.9,3.4144,-81.31584783
2770,71,-40.205,-0.43044,1245,3.3848,-80.82380685
2771,71,-50.465,0.32953,1248.7,3.7535,-80.38262614
2772,71,-54.445,0.29469,1252,4.0095,-80.03722142
2773,71.5,-53.338,0.28542,1252.2,3.9736,-79.7673863
2774,71.5,-52.26,0.27291,1252.4,3.9383,-79.4612668
2775,71.5,-51.207,0.25557,1252.6,3.9029,-79.05555078
2776,71.5,-50.176,0.232,1252.8,3.8671,-78.49810923
2777,71.5,-49.169,0.20191,1253,3.8303,-77.81062832
2778,71.5,-48.187,0.16644,1253.1,3.7924,-77.0298731
2779,71.5,-47.234,0.12746,1253.2,3.7535,-76.21982693
2780,71.5,-46.311,0.086798,1253.3,3.7138,-75.43821163
2781,71.5,-45.421,0.045988,1253.4,3.6739,-74.63235769
2782,71.5,-44.562,0.0059998,1253.5,3.6339,-73.9630354
2783,71.5,-43.734,-0.032678,1253.6,3.5943,-73.15193387
2784,71.5,-42.938,-0.069621,1253.6,3.5553,-72.05524412
2785,71.5,-42.174,-0.10454,1253.7,3.5173,-70.73427093
2786,71.5,-41.445,-0.13717,1253.8,3.4805,-69.10446978
2787,71.5,-40.752,-0.16743,1253.9,3.4451,-160.1344794
2788,71.5,-40.151,-0.25625,1254.2,3.4064,-79.37560618
2789,71.5,-50.486,0.35814,1257.7,3.7121,-79.88201961
2790,71.5,-49.805,0.31326,1257.8,3.6923,-80.30902599
2791,71.5,-53.808,0.18087,1261.2,3.9467,-80.75861144
2792,72,-52.867,0.17867,1261.3,3.9195,-81.2074343
2793,72,-51.923,0.16807,1261.5,3.8916,-81.57079704
2794,72,-50.978,0.14823,1261.7,3.8626,-81.83338594
2795,72,-50.035,0.11889,1261.9,3.8323,-81.99191389
2796,72,-49.101,0.080922,1262,3.8005,-82.24179472
2797,72,-48.181,0.036103,1262.1,3.767,-82.60909086
2798,72,-47.28,-0.013721,1262.2,3.7323,-83.08941184
2799,72,-46.403,-0.066945,1262.3,3.6964,-83.61774992
2800,72,-45.551,-0.12304,1262.4,3.66,-84.25472982
2801,72,-44.725,-0.18245,1262.5,3.6232,-84.61479423
2802,72,-43.93,-0.2446,1262.6,3.5865,-84.56497274
2803,72,-43.171,-0.30837,1262.7,3.5504,-84.1438944
2804,72,-42.452,-0.37211,1262.8,3.5155,-83.5172307
2805,72,-41.776,-0.4342,1262.9,3.482,-82.88855244
2806,72,-41.142,-0.49425,1263,3.45,-82.37717485
2807,72,-51.642,0.26581,1266.7,3.8182,-81.92470627
2808,72,-50.726,0.23565,1266.9,3.7876,-81.53437199
2809,72,-54.613,0.22439,1270.2,4.0404,-81.27046129
2810,72.5,-53.514,0.21636,1270.5,4.0031,-80.97882706
2811,72.5,-52.44,0.20388,1270.7,3.9659,-80.62693798
2812,72.5,-51.389,0.18521,1270.9,3.9284,-80.12940314
2813,72.5,-50.359,0.15957,1271.1,3.8899,-79.48138856
2814,72.5,-49.353,0.12772,1271.2,3.8503,-78.70507981
2815,72.5,-48.375,0.091538,1271.4,3.8096,-77.87377558
2816,72.5,-47.427,0.053057,1271.5,3.7681,-77.0612671
2817,72.5,-46.51,0.014015,1271.6,3.7262,-76.22662202
2818,72.5,-45.626,-0.024383,1271.7,3.6842,-75.49959706
2819,72.5,-44.774,-0.061523,1271.8,3.6426,-74.71293836
2820,72.5,-43.953,-0.096984,1271.9,3.6015,-73.63568608
2821,72.5,-43.164,-0.13045,1271.9,3.5614,-72.23507164
2822,72.5,-42.411,-0.16173,1272,3.5225,-70.60007003
2823,72.5,-41.695,-0.19063,1272.1,3.4851,-156.2146936
2824,72.5,-41.019,-0.24637,1272.6,3.4428,-81.06988033
2825,72.5,-51.473,0.35615,1276,3.7432,-81.83318486
2826,72.5,-50.779,0.3103,1276.1,3.7214,-82.35183663
2827,72.5,-54.856,0.16375,1279.5,3.9767,-82.87393993
2828,73,-53.889,0.16572,1279.7,3.9473,-83.2800173
2829,73,-52.916,0.15864,1279.9,3.9172,-83.66234637
2830,73,-51.94,0.14152,1280.1,3.8859,-83.97921938
2831,73,-50.964,0.1139,1280.3,3.8531,-84.18222023
2832,73,-49.995,0.076544,1280.4,3.8185,-84.51689592
2833,73,-49.039,0.03144,1280.6,3.782,-84.9563362
2834,73,-48.104,-0.019284,1280.7,3.744,-85.50426124
2835,73,-47.192,-0.073933,1280.8,3.7048,-86.10457635
2836,73,-46.306,-0.13197,1280.9,3.6648,-86.80166651
2837,73,-45.448,-0.19386,1281,3.6245,-87.17373586
2838,73,-44.623,-0.25893,1281.1,3.5843,-87.08463849
2839,73,-43.837,-0.32572,1281.2,3.5449,-86.60726138
2840,73,-43.095,-0.39232,1281.3,3.5068,-85.93681983
2841,73,-42.399,-0.45697,1281.4,3.4703,-85.34061654
2842,73,-41.748,-0.51969,1281.5,3.4355,-84.86292218
2843,73,-52.28,0.26739,1285.3,3.8049,-84.44771275
2844,73,-51.335,0.23618,1285.5,3.7719,-84.10032649
2845,73.5,-55.173,0.2338,1288.9,4.0212,-83.86343712
2846,73.5,-54.035,0.22439,1289.1,3.9812,-83.59648509
2847,73.5,-52.922,0.20905,1289.4,3.9412,-83.19885483
2848,73.5,-51.83,0.18607,1289.6,3.9005,-82.62947918
2849,73.5,-50.761,0.1554,1289.7,3.8586,-81.91146171
2850,73.5,-49.718,0.11873,1289.9,3.8155,-81.10329362
2851,73.5,-48.705,0.078431,1290,3.7713,-80.27198811
2852,73.5,-47.724,0.03659,1290.1,3.7264,-79.46079904
2853,73.5,-46.777,-0.0051608,1290.2,3.6814,-78.67707633
2854,73.5,-45.864,-0.045858,1290.3,3.6366,-77.96225498
2855,73.5,-44.983,-0.085011,1290.4,3.5922,-76.93920845
2856,73.5,-44.136,-0.12213,1290.5,3.5488,-75.54012757
2857,73.5,-43.327,-0.15683,1290.6,3.5067,-73.86138829
2858,73.5,-42.557,-0.18881,1290.7,3.4661,-71.72903944
2859,73.5,-41.83,-0.21785,1290.8,3.4272,-167.7125477
2860,73.5,-41.327,-0.36806,1291.1,3.3909,-84.52566888
2861,73.5,-51.709,0.31599,1294.8,3.6996,-85.09765934
2862,73.5,-50.954,0.27171,1295,3.6766,-85.68078677
2863,74,-54.8,0.17371,1298.4,3.927,-86.22775408
2864,74,-53.777,0.16544,1298.6,3.8953,-86.61614986
2865,74,-52.749,0.14553,1298.8,3.8622,-86.93347325
2866,74,-51.721,0.11372,1299,3.8274,-87.18690551
2867,74,-50.701,0.071357,1299.1,3.7905,-87.59163263
2868,74,-49.697,0.020973,1299.3,3.7517,-88.09069116
2869,74,-48.715,-0.035023,1299.4,3.7114,-88.71623353
2870,74,-47.759,-0.094989,1299.5,3.6699,-89.39959546
2871,74,-46.832,-0.15871,1299.6,3.6279,-90.05131858
2872,74,-45.936,-0.22643,1299.7,3.5857,-90.22711869
2873,74,-45.079,-0.29694,1299.9,3.544,-89.90028398
2874,74,-44.266,-0.36828,1300,3.5035,-89.24612792
2875,74,-43.503,-0.43832,1300.1,3.4647,-88.5139899
2876,74,-42.79,-0.50577,1300.2,3.4278,-87.96300312
2877,74,-42.123,-0.57123,1300.3,3.3928,-87.49745208
2878,74,-52.668,0.25369,1304.1,3.767,-87.07268276
2879,74.5,-51.688,0.2219,1304.4,3.734,-86.77668391
2880,74.5,-55.429,0.24318,1307.8,3.9836,-86.5077751
2881,74.5,-54.245,0.22949,1308,3.9427,-86.13169176
2882,74.5,-53.085,0.2078,1308.3,3.9013,-85.56650536
2883,74.5,-51.948,0.17749,1308.4,3.8587,-84.83307058
2884,74.5,-50.837,0.14005,1308.6,3.8146,-83.97246868
2885,74.5,-49.759,0.098132,1308.7,3.7693,-83.06555437
2886,74.5,-48.715,0.054266,1308.9,3.7232,-82.17845562
2887,74.5,-47.707,0.010471,1309,3.6768,-81.29621441
2888,74.5,-46.737,-0.032059,1309.1,3.6306,-80.51832561
2889,74.5,-45.802,-0.072827,1309.2,3.5849,-79.43981474
2890,74.5,-44.905,-0.11129,1309.3,3.5401,-77.92374625
2891,74.5,-44.048,-0.14706,1309.4,3.4967,-76.09036834
2892,74.5,-43.235,-0.17983,1309.5,3.4548,-73.87796415
2893,74.5,-42.468,-0.20934,1309.6,3.4149,-163.3529524
2894,74.5,-41.889,-0.34727,1309.9,3.3749,-87.24198275
2895,74.5,-52.432,0.33628,1313.6,3.6847,-87.94838278
2896,74.5,-51.648,0.2878,1313.7,3.6613,-88.64416763
2897,75,-55.544,0.18111,1317.2,3.9149,-89.13372973
2898,75,-54.474,0.17308,1317.4,3.8825,-89.53417296
2899,75,-53.397,0.15209,1317.6,3.8488,-89.87391906
2900,75,-52.319,0.11796,1317.8,3.813,-90.1937279
2901,75,-51.248,0.072428,1317.9,3.7749,-90.69170447
2902,75,-50.195,0.018396,1318.1,3.7348,-91.27375758
2903,75,-49.167,-0.041489,1318.2,3.693,-91.97313429
2904,75,-48.167,-0.10557,1318.3,3.6501,-92.75015458
2905,75,-47.199,-0.17395,1318.4,3.6066,-93.35093559
2906,75,-46.266,-0.24659,1318.5,3.5631,-93.38530578
2907,75,-45.378,-0.32182,1318.6,3.5204,-92.89338202
2908,75,-44.541,-0.39728,1318.7,3.4791,-92.12476311
2909,75,-43.758,-0.47074,1318.8,3.4399,-91.42030417
2910,75,-43.028,-0.54153,1319,3.4027,-90.90675575
2911,75,-42.349,-0.61001,1319.1,3.3675,-90.47101015
2912,75,-52.891,0.25494,1323,3.7471,-90.08675084
2913,75.5,-51.876,0.22185,1323.2,3.7137,-89.83053862
2914,75.5,-55.525,0.2562,1326.7,3.9611,-89.51649009
2915,75.5,-54.296,0.23758,1326.9,3.9187,-89.0105778
2916,75.5,-53.09,0.2092,1327.1,3.8751,-88.31894832
2917,75.5,-51.91,0.17192,1327.3,3.8299,-87.47696741
2918,75.5,-50.762,0.12859,1327.5,3.7831,-86.5713242
2919,75.5,-49.651,0.082297,1327.6,3.7352,-85.64668835
2920,75.5,-48.577,0.035514,1327.7,3.6868,-84.7391563
2921,75.5,-47.543,-0.010227,1327.8,3.6383,-83.96264832
2922,75.5,-46.548,-0.054213,1327.9,3.5903,-82.89912867
2923,75.5,-45.592,-0.09578,1328,3.5432,-81.3390104
2924,75.5,-44.679,-0.13443,1328.1,3.4975,-79.4075155
2925,75.5,-43.814,-0.16983,1328.2,3.4535,-76.95728716
2926,75.5,-42.999,-0.20168,1328.3,3.4116,-163.3755148
2927,75.5,-42.407,-0.36209,1328.6,3.3719,-90.23774793
2928,75.5,-53.12,0.34643,1332.4,3.6868,-90.98703361
2929,75.5,-52.29,0.29612,1332.5,3.663,-91.71034097
2930,76,-56.174,0.2025,1336,3.9199,-92.29691696
2931,76,-55.046,0.1912,1336.2,3.8864,-92.68411201
2932,76,-53.911,0.16512,1336.4,3.8512,-93.01274326
2933,76,-52.777,0.12477,1336.6,3.8135,-93.41254542
2934,76,-51.654,0.072871,1336.7,3.7734,-93.96757356
2935,76,-50.553,0.012803,1336.9,3.7311,-94.63603107
2936,76,-49.481,-0.052905,1337,3.6871,-95.3811446
2937,76,-48.441,-0.12299,1337.1,3.6423,-96.18782356
2938,76,-47.436,-0.19799,1337.2,3.597,-96.50724953
2939,76,-46.475,-0.27686,1337.3,3.5521,-96.19840008
2940,76,-45.566,-0.35731,1337.4,3.5084,-95.44557539
2941,76,-44.715,-0.43654,1337.5,3.4667,-94.58066857
2942,76,-43.923,-0.51262,1337.6,3.4271,-93.96087219
2943,76,-43.187,-0.58623,1337.8,3.3898,-93.46440127
2944,76,-54.087,0.28745,1341.6,3.7739,-93.00196926
2945,76.5,-53.014,0.25302,1341.9,3.7393,-92.62357094
2946,76.5,-51.965,0.21876,1342.1,3.7052,-92.30389298
2947,76.5,-55.49,0.27348,1345.6,3.9511,-91.81570916
2948,76.5,-54.219,0.2459,1345.8,3.9065,-91.11211276
2949,76.5,-52.974,0.20814,1346,3.8601,-90.23190139
2950,76.5,-51.762,0.16312,1346.1,3.812,-89.24751816
2951,76.5,-50.589,0.1144,1346.3,3.7625,-88.24629245
2952,76.5,-49.457,0.064796,1346.4,3.7124,-87.25120755
2953,76.5,-48.369,0.016307,1346.5,3.6623,-86.37754864
2954,76.5,-47.322,-0.030209,1346.6,3.6126,-85.2737143
2955,76.5,-46.318,-0.074107,1346.7,3.5639,-83.63881025
2956,76.5,-45.361,-0.11485,1346.8,3.5166,-81.53350098
2957,76.5,-44.456,-0.15212,1346.9,3.4713,-79.02027155
2958,76.5,-43.605,-0.18556,1347,3.4281,-158.7450219
2959,76.5,-42.935,-0.32973,1347.3,3.3842,-92.85159343
2960,76.5,-53.824,0.37425,1351.1,3.6997,-93.72540425
2961,76.5,-52.97,0.31886,1351.2,3.6755,-94.5711087
2962,77,-52.091,0.26742,1351.4,3.6513,-95.14178416
2963,77,-55.75,0.20358,1354.9,3.9018,-95.54258661
2964,77,-54.57,0.17634,1355.1,3.8659,-95.92305329
2965,77,-53.389,0.13329,1355.3,3.8273,-96.42501246
2966,77,-52.22,0.077596,1355.5,3.786,-97.07724042
2967,77,-51.073,0.013066,1355.6,3.7423,-97.84793507
2968,77,-49.957,-0.057551,1355.7,3.6969,-98.6833599
2969,77,-48.875,-0.13302,1355.8,3.6505,-99.51661058
2970,77,-47.833,-0.21386,1355.9,3.6037,-99.738873
2971,77,-46.84,-0.29857,1356,3.5575,-99.28003504
2972,77,-45.905,-0.38431,1356.2,3.5129,-98.41636159
2973,77,-45.034,-0.46811,1356.3,3.4703,-97.57370086
2974,77,-44.226,-0.54854,1356.4,3.4301,-97.01285678
2975,77,-43.476,-0.62622,1356.5,3.3923,-96.55663056
2976,77,-54.404,0.28719,1360.5,3.7817,-96.13529997
2977,77.5,-53.295,0.2508,1360.7,3.7464,-95.89165624
2978,77.5,-52.208,0.21402,1360.9,3.7113,-95.51513798
2979,77.5,-55.644,0.27562,1364.4,3.9538,-94.90353001
2980,77.5,-54.324,0.24007,1364.6,3.9063,-94.09059905
2981,77.5,-53.034,0.1947,1364.8,3.8566,-93.13867454
2982,77.5,-51.781,0.14353,1364.9,3.8052,-92.14238521
2983,77.5,-50.572,0.090219,1365.1,3.7527,-91.12890364
2984,77.5,-49.408,0.037367,1365.2,3.6998,-90.20352008
2985,77.5,-48.289,-0.013536,1365.3,3.6471,-89.2061577
2986,77.5,-47.215,-0.061819,1365.4,3.5953,-87.62510755
2987,77.5,-46.191,-0.10682,1365.5,3.545,-85.48321855
2988,77.5,-45.221,-0.14802,1365.6,3.4967,-82.80108656
2989,77.5,-44.31,-0.18501,1365.7,3.4507,-157.8360443
2990,77.5,-43.569,-0.32731,1366.1,3.4043,-95.98455246
2991,77.5,-43.014,-0.46812,1366,3.3743,-96.88641526
2992,77.5,-53.785,0.32884,1370,3.699,-97.79272048
2993,78,-52.865,0.2757,1370.2,3.6743,-98.48622528
2994,78,-56.541,0.2191,1373.7,3.9287,-98.89302722
2995,78,-55.302,0.18874,1373.9,3.8914,-99.30910746
2996,78,-54.062,0.14098,1374.1,3.851,-99.88027638
2997,78,-52.836,0.079971,1374.2,3.8076,-100.6086953
2998,78,-51.637,0.0099923,1374.4,3.7617,-101.4700771
2999,78,-50.47,-0.066187,1374.5,3.7142,-102.3657733
3000,78,-49.342,-0.14779,1374.6,3.6657,-103.0791121
3001,78,-48.259,-0.23504,1374.7,3.6172,-103.0266136
3002,78,-47.234,-0.32551,1374.8,3.5696,-102.3005098
3003,78,-46.274,-0.41576,1374.9,3.524,-101.2849726
3004,78,-45.385,-0.50274,1375,3.4808,-100.5280498
3005,78,-44.561,-0.58634,1375.2,3.4401,-99.99605467
3006,78,-43.798,-0.66602,1375.3,3.4019,-99.50016342
3007,78.5,-54.766,0.2917,1379.3,3.797,-99.06520185
3008,78.5,-53.614,0.25479,1379.5,3.7608,-98.73016609
3009,78.5,-52.481,0.21661,1379.7,3.7239,-98.17924845
3010,78.5,-55.816,0.29129,1383.3,3.9651,-97.38344883
3011,78.5,-54.445,0.2477,1383.5,3.9143,-96.4027647
3012,78.5,-53.112,0.19618,1383.6,3.8613,-95.3350916
3013,78.5,-51.824,0.14121,1383.8,3.8068,-94.23556456
3014,78.5,-50.584,0.086121,1383.9,3.7515,-93.16327453
3015,78.5,-49.394,0.032964,1384,3.6964,-92.15938682
3016,78.5,-48.252,-0.017409,1384.1,3.6419,-90.62773994
3017,78.5,-47.162,-0.064248,1384.2,3.5888,-88.39149025
3018,78.5,-46.13,-0.10691,1384.3,3.5377,-85.67390926
3019,78.5,-45.162,-0.14497,1384.4,3.4891,-151.0726887
3020,78.5,-44.299,-0.2459,1384.8,3.4361,-98.71118149
3021,78.5,-43.7,-0.40416,1384.8,3.403,-99.73293149
3022,78.5,-54.723,0.38754,1388.7,3.7277,-100.8433127
3023,79,-53.769,0.33143,1388.9,3.7018,-101.5701405
3024,79,-52.786,0.27709,1389.1,3.6753,-102.024236
3025,79,-56.25,0.23787,1392.7,3.9222,-102.4909693
3026,79,-54.949,0.19083,1392.8,3.8804,-103.1361507
3027,79,-53.66,0.1285,1393,3.8353,-103.9562543
3028,79,-52.397,0.05586,1393.1,3.7875,-104.9000935
3029,79,-51.169,-0.023832,1393.2,3.7378,-105.8666356
3030,79,-49.983,-0.10957,1393.3,3.6871,-106.6166072
3031,79,-48.846,-0.20157,1393.4,3.6364,-106.507888
3032,79,-47.773,-0.29699,1393.6,3.5869,-105.6814853
3033,79,-46.772,-0.39194,1393.7,3.5395,-104.600201
3034,79,-45.847,-0.48316,1393.8,3.4949,-103.8726026
3035,79,-44.993,-0.57085,1393.9,3.453,-103.3677023
3036,79,-44.204,-0.65376,1394,3.4139,-102.8750453
3037,79.5,-55.253,0.34344,1398.1,3.8145,-102.5176121
3038,79.5,-54.051,0.30488,1398.3,3.7771,-102.1277088
3039,79.5,-52.866,0.26392,1398.5,3.7386,-101.4664164
3040,79.5,-56.137,0.34138,1402.1,3.977,-100.5792627
3041,79.5,-54.707,0.29145,1402.3,3.923,-99.54393493
3042,79.5,-53.321,0.23469,1402.4,3.8668,-98.46089526
3043,79.5,-51.985,0.17575,1402.5,3.8091,-97.32915886
3044,79.5,-50.701,0.11779,1402.6,3.751,-96.3365853
3045,79.5,-49.469,0.062351,1402.7,3.6932,-95.06176255
3046,79.5,-48.291,0.010291,1402.8,3.6364,-93.00210938
3047,79.5,-47.174,-0.037585,1402.9,3.5815,-90.30832285
3048,79.5,-46.123,-0.080649,1403,3.529,-86.95200699
3049,79.5,-45.145,-0.11846,1403.1,3.4794,-161.8962684
3050,79.5,-44.457,-0.32521,1403.5,3.4344,-102.8209346
3051,79.5,-43.858,-0.46554,1403.5,3.4019,-103.9348573
3052,80,-54.789,0.40511,1407.6,3.7346,-104.8066507
3053,80,-53.764,0.34782,1407.8,3.7072,-105.2757171
3054,80,-57.302,0.30863,1411.4,3.9597,-105.7304403
3055,80,-55.939,0.25966,1411.5,3.9164,-106.3916835
3056,80,-54.586,0.19345,1411.7,3.8694,-107.2501832
3057,80,-53.261,0.11572,1411.8,3.8195,-108.2311968
3058,80,-51.974,0.030176,1411.9,3.7676,-109.2294627
3059,80,-50.732,-0.061984,1412,3.7146,-109.9597201
3060,80,-49.544,-0.16089,1412.1,3.6618,-109.7413715
3061,80,-48.425,-0.26321,1412.2,3.6104,-108.7797932
3062,80,-47.386,-0.36463,1412.4,3.5615,-107.6156632
3063,80,-46.428,-0.4618,1412.5,3.5157,-106.8807372
3064,80,-45.545,-0.55518,1412.6,3.4728,-106.3503197
3065,80,-44.731,-0.64263,1412.7,3.4331,-105.8354949
3066,80.5,-55.925,0.38652,1416.8,3.8389,-105.5447059
3067,80.5,-54.673,0.34514,1417.1,3.8007,-105.0444433
3068,80.5,-53.437,0.30054,1417.2,3.7609,-104.2527182
3069,80.5,-56.675,0.38514,1420.8,4.0011,-103.2437503
3070,80.5,-55.192,0.32832,1421,3.9452,-102.1005691
3071,80.5,-53.758,0.266,1421.1,3.8871,-100.8967164
3072,80.5,-52.379,0.20281,1421.2,3.828,-99.68399548
3073,80.5,-51.056,0.14161,1421.3,3.7687,-98.57408965
3074,80.5,-49.79,0.08359,1421.4,3.7102,-96.87725669
3075,80.5,-48.585,0.029707,1421.5,3.6531,-94.30107342
3076,80.5,-47.448,-0.019249,1421.6,3.5983,-91.13098981
3077,80.5,-46.386,-0.062761,1421.7,3.5463,-150.2101923
3078,80.5,-45.444,-0.17425,1422.2,3.4902,-104.9496185
3079,80.5,-44.793,-0.34947,1422.1,3.4552,-106.1795972
3080,81,-56.122,0.47922,1426.1,3.7863,-107.3258451
3081,81,-55.085,0.41561,1426.4,3.7596,-108.1494534
3082,81,-54.01,0.35275,1426.6,3.7316,-108.5837345
3083,81,-57.433,0.31407,1430.1,3.9803,-109.237843
3084,81,-56.017,0.25082,1430.3,3.9342,-110.1166745
3085,81,-54.62,0.17196,1430.4,3.8844,-111.1479929
3086,81,-53.258,0.082867,1430.5,3.8318,-112.2246238
3087,81,-51.941,-0.013696,1430.7,3.7777,-113.2340871
3088,81,-50.677,-0.11807,1430.8,3.7231,-113.3637572
3089,81,-49.482,-0.22781,1430.9,3.6695,-112.5364948
3090,81,-48.37,-0.3382,1431,3.6182,-111.2888607
3091,81,-47.347,-0.44488,1431.1,3.5702,-110.4050901
3092,81,-46.407,-0.54707,1431.2,3.5254,-109.8645353
3093,81,-45.542,-0.64386,1431.3,3.4839,-109.341371
3094,81.5,-57.007,0.40341,1435.4,3.8948,-108.8719438
3095,81.5,-55.698,0.35764,1435.7,3.8561,-108.399085
3096,81.5,-54.406,0.30841,1435.9,3.8158,-107.6209074
3097,81.5,-57.693,0.39253,1439.5,4.0586,-106.61853
3098,81.5,-56.137,0.33025,1439.6,4.0012,-105.4880494
3099,81.5,-54.632,0.26163,1439.8,3.9414,-104.2915714
3100,81.5,-53.186,0.19193,1439.9,3.8803,-103.0644206
3101,81.5,-51.799,0.12434,1440,3.8191,-101.9360297
3102,81.5,-50.472,0.060197,1440.1,3.7587,-100.0872244
3103,81.5,-49.212,0.00060479,1440.2,3.7,-97.28242401
3104,81.5,-48.026,-0.05356,1440.3,3.6439,-93.76007586
3105,81.5,-46.923,-0.10165,1440.4,3.5909,-153.1184404
3106,81.5,-46.03,-0.27199,1440.8,3.5384,-108.3684604
3107,81.5,-45.364,-0.44372,1440.8,3.5047,-109.6300812
3108,82,-56.799,0.43548,1444.8,3.8438,-110.7404461
3109,82,-55.701,0.36906,1445.1,3.8173,-111.3315987
3110,82,-54.562,0.30095,1445.3,3.7887,-111.8216719
3111,82,-57.888,0.26845,1448.9,4.0365,-112.6141945
3112,82,-56.415,0.19173,1449,3.9882,-113.6351447
3113,82,-54.971,0.10125,1449.1,3.9362,-114.7599402
3114,82,-53.57,0.0014573,1449.2,3.8819,-115.8645633
3115,82,-52.221,-0.10626,1449.3,3.8265,-116.4773404
3116,82,-50.939,-0.22149,1449.4,3.7714,-115.9530341
3117,82,-49.741,-0.33955,1449.5,3.7182,-114.70692
3118,82,-48.637,-0.45525,1449.6,3.6682,-113.5124801
3119,82,-47.625,-0.56556,1449.8,3.6217,-112.8480522
3120,82,-46.697,-0.67103,1449.9,3.5786,-112.3052202
3121,82.5,-45.843,-0.76658,1450,3.5391,-111.8704884
3122,82.5,-57.206,0.33456,1454.2,3.9558,-111.4181774
3123,82.5,-55.857,0.28446,1454.4,3.9163,-110.6668722
3124,82.5,-54.52,0.22905,1454.6,3.874,-109.648425
3125,82.5,-57.639,0.31548,1458.2,4.112,-108.4536249
3126,82.5,-56.059,0.24412,1458.3,4.0523,-107.1691679
3127,82.5,-54.54,0.17085,1458.4,3.991,-105.8135129
3128,82.5,-53.086,0.099558,1458.5,3.9297,-104.5949041
3129,82.5,-51.696,0.032015,1458.6,3.8691,-102.7768829
3130,82.5,-50.376,-0.030629,1458.7,3.8104,-99.88830826
3131,82.5,-49.134,-0.087404,1458.8,3.7545,-96.27207621
3132,82.5,-47.98,-0.13762,1458.9,3.7021,-173.2243033
3133,82.5,-46.963,-0.26006,1459.4,3.6461,-110.6952791
3134,82.5,-46.263,-0.45177,1459.3,3.6126,-112.1503693
3135,83,-57.919,0.41297,1463.4,3.9532,-113.4274403
3136,83,-56.802,0.34262,1463.6,3.9295,-114.2087172
3137,83,-55.638,0.27179,1463.8,3.9042,-114.7274367
3138,83,-59.032,0.23267,1467.4,4.1587,-115.612308
3139,83,-57.505,0.1546,1467.6,4.113,-116.739822
3140,83,-56.006,0.060954,1467.7,4.0634,-117.9661309
3141,83,-54.55,-0.043127,1467.8,4.0112,-119.1371225
3142,83,-53.151,-0.15585,1467.9,3.9579,-119.7710672
3143,83,-51.823,-0.27675,1468,3.905,-119.1714791
3144,83,-50.585,-0.40058,1468.1,3.8543,-117.8300439
3145,83,-49.448,-0.52166,1468.2,3.8068,-116.641858
3146,83,-48.409,-0.63698,1468.3,3.7631,-116.0370455
3147,83,-47.457,-0.74679,1468.5,3.723,-115.5104992
3148,83.5,-59.423,0.34278,1472.6,4.1466,-114.9236024
3149,83.5,-58.006,0.29293,1472.8,4.1105,-114.4187449
3150,83.5,-56.605,0.23909,1473,4.0725,-113.5851042
3151,83.5,-55.215,0.17885,1473.2,4.0307,-112.5115744
3152,83.5,-58.266,0.26357,1476.8,4.2669,-111.3096462
3153,83.5,-56.633,0.18696,1476.9,4.2062,-110.0130627
3154,83.5,-55.065,0.1098,1477,4.1439,-108.6871624
3155,83.5,-53.565,0.035539,1477.1,4.0813,-107.3366925
3156,83.5,-52.133,-0.034337,1477.2,4.0194,-104.9591
3157,83.5,-50.778,-0.098564,1477.3,3.9594,-101.4972102
3158,83.5,-49.513,-0.1561,1477.4,3.9022,-97.27172418
3159,83.5,-48.346,-0.20629,1477.5,3.8485,-158.567396
3160,83.5,-47.496,-0.43704,1477.9,3.7996,-114.5776616
3161,84,-46.792,-0.61089,1477.9,3.7657,-116.0721553
3162,84,-58.363,0.33641,1482.1,4.1125,-117.0376795
3163,84,-57.153,0.26404,1482.3,4.0843,-117.4870175
3164,84,-55.893,0.18617,1482.5,4.0521,-118.3214829
3165,84,-59.053,0.15026,1486.1,4.2936,-119.4451351
3166,84,-57.466,0.054895,1486.2,4.2386,-120.7151581
3167,84,-55.922,-0.052612,1486.3,4.1802,-121.9287851
3168,84,-54.435,-0.16946,1486.4,4.1199,-122.7261417
3169,84,-53.018,-0.29549,1486.5,4.0594,-122.2289843
3170,84,-51.694,-0.42549,1486.6,4.0007,-120.8424839
3171,84,-50.476,-0.55314,1486.7,3.9451,-119.4923908
3172,84,-49.362,-0.67454,1486.9,3.8933,-118.8149271
3173,84,-48.341,-0.79002,1487,3.8452,-118.2664622
3174,84.5,-47.402,-0.89279,1487.1,3.8007,-117.7682705
3175,84.5,-59.042,0.26848,1491.4,4.2219,-117.2179349
3176,84.5,-57.559,0.21377,1491.6,4.1763,-116.3227035
3177,84.5,-56.085,0.15249,1491.7,4.1266,-115.1688117
3178,84.5,-59.129,0.24584,1495.3,4.3598,-113.8697804
3179,84.5,-57.405,0.16691,1495.5,4.2909,-112.4477506
3180,84.5,-55.751,0.088014,1495.6,4.2205,-111.0077157
3181,84.5,-54.169,0.012715,1495.7,4.1501,-109.4698457
3182,84.5,-52.661,-0.057511,1495.7,4.0807,-106.8035914
3183,84.5,-51.238,-0.12131,1495.8,4.0137,-102.9829599
3184,84.5,-49.912,-0.17771,1495.9,3.9501,-98.46860011
3185,84.5,-48.69,-0.22619,1496,3.8904,-158.969715
3186,84.5,-47.794,-0.45834,1496.4,3.8344,-117.4791679
3187,85,-47.046,-0.63589,1496.4,3.7944,-119.0677596
3188,85,-58.671,0.32445,1500.7,4.1364,-120.0792439
3189,85,-57.397,0.24961,1500.9,4.1032,-120.621088
3190,85,-56.07,0.16834,1501.1,4.0655,-121.6226821
3191,85,-59.17,0.1262,1504.7,4.3006,-122.9237494
3192,85,-57.514,0.025591,1504.8,4.2396,-124.3129738
3193,85,-55.908,-0.087486,1504.9,4.1753,-125.559688
3194,85,-54.366,-0.21073,1505,4.1097,-126.0839329
3195,85,-52.908,-0.3431,1505.1,4.0445,-125.2090183
3196,85,-51.557,-0.47792,1505.2,3.9818,-123.6415577
3197,85,-50.322,-0.6087,1505.3,3.9229,-122.5227894
3198,85,-49.195,-0.73309,1505.4,3.8681,-121.9850803
3199,85.5,-48.165,-0.84951,1505.6,3.8174,-121.3724328
3200,85.5,-60.303,0.31262,1509.8,4.239,-120.8376176
3201,85.5,-58.754,0.25871,1510,4.1913,-120.1323468
3202,85.5,-57.216,0.19826,1510.2,4.1402,-119.1084609
3203,85.5,-55.692,0.13036,1510.3,4.0844,-117.9042925
3204,85.5,-58.594,0.21871,1513.9,4.3062,-116.5855884
3205,85.5,-56.836,0.13486,1514.1,4.2315,-115.1030953
3206,85.5,-55.156,0.053289,1514.2,4.1563,-113.7307729
3207,85.5,-53.553,-0.023605,1514.2,4.0817,-111.4365634
3208,85.5,-52.036,-0.094299,1514.3,4.0092,-107.7380215
3209,85.5,-50.62,-0.15743,1514.4,3.9401,-103.159951
3210,85.5,-49.315,-0.21208,1514.5,3.8752,-155.0914772
3211,85.5,-48.33,-0.44198,1514.9,3.8148,-120.3725793
3212,86,-47.545,-0.63349,1515,3.7723,-122.08333
3213,86,-59.495,0.34872,1519.2,4.1172,-123.1277938
3214,86,-58.175,0.2713,1519.4,4.0822,-123.6600087
3215,86,-56.797,0.18678,1519.6,4.0427,-124.7128005
3216,86,-59.939,0.1508,1523.2,4.2807,-126.0862729
3217,86,-58.216,0.044138,1523.3,4.2168,-127.5441286
3218,86,-56.545,-0.075942,1523.4,4.1497,-128.8223567
3219,86,-54.943,-0.20707,1523.5,4.0813,-129.2315673
3220,86,-53.433,-0.34755,1523.7,4.0136,-128.1693362
3221,86,-52.038,-0.48984,1523.8,3.9489,-126.4829701
3222,86,-50.766,-0.6271,1523.9,3.8884,-125.4126953
3223,86,-49.609,-0.75758,1524,3.8324,-124.8806984
3224,86.5,-48.553,-0.87798,1524.1,3.7808,-124.2164531
3225,86.5,-60.855,0.32156,1528.4,4.2064,-123.6418804
3226,86.5,-59.248,0.26469,1528.6,4.1573,-122.7949844
3227,86.5,-57.649,0.20037,1528.8,4.1041,-121.6433143
3228,86.5,-56.068,0.12882,1528.9,4.0459,-120.3251222
3229,86.5,-58.927,0.2211,1532.5,4.2678,-118.8424126
3230,86.5,-57.12,0.13409,1532.6,4.1912,-117.2434744
3231,86.5,-55.395,0.050777,1532.7,4.1144,-115.5880745
3232,86.5,-53.754,-0.026823,1532.8,4.0389,-112.6296278
3233,86.5,-52.21,-0.097071,1532.9,3.9661,-108.279659
3234,86.5,-50.779,-0.15873,1533,3.8972,-103.180866
3235,86.5,-49.469,-0.21124,1533.1,3.833,-160.7426882
3236,86.5,-48.546,-0.47818,1533.5,3.7745,-123.9136119
3237,87,-47.752,-0.66791,1533.5,3.7316,-125.595994
3238,87,-59.675,0.34515,1537.9,4.0778,-126.5334764
3239,87,-58.292,0.26138,1538.1,4.0414,-127.2840895
3240,87,-56.85,0.16802,1538.2,3.9993,-128.6409301
3241,87,-59.871,0.11909,1541.9,4.2303,-130.2289011
3242,87,-58.1,0.00071221,1542,4.1633,-131.7233844
3243,87,-56.393,-0.13067,1542.1,4.0937,-132.814666
3244,87,-54.769,-0.2742,1542.2,4.0236,-132.3987536
3245,87,-53.258,-0.42417,1542.3,3.9556,-130.8027808
3246,87,-51.877,-0.57212,1542.4,3.8915,-129.282306
3247,87,-50.624,-0.71275,1542.5,3.8322,-128.6714328
3248,87.5,-49.485,-0.84545,1542.7,3.7775,-128.094964
3249,87.5,-48.446,-0.95891,1542.8,3.7274,-127.4155967
3250,87.5,-60.526,0.30353,1547.1,4.156,-126.691111
3251,87.5,-58.854,0.23751,1547.3,4.1028,-125.628176
3252,87.5,-57.193,0.1627,1547.5,4.0441,-124.3894278
3253,87.5,-55.563,0.083003,1547.6,3.9805,-123.0034481
3254,87.5,-58.212,0.16676,1551.2,4.1891,-121.3958857
3255,87.5,-56.384,0.076819,1551.3,4.1091,-119.8021751
3256,87.5,-54.644,-0.0073723,1551.4,4.0301,-116.9001388
3257,87.5,-53.007,-0.083948,1551.5,3.9538,-112.3982691
3258,87.5,-51.49,-0.15135,1551.6,3.8815,-106.9894096
3259,87.5,-50.104,-0.2087,1551.7,3.8143,-162.5424805
3260,87.5,-49.139,-0.49481,1552.1,3.7559,-127.2882763
3261,88,-48.313,-0.69533,1552.1,3.7125,-129.1056052
3262,88,-60.449,0.35357,1556.5,4.0633,-129.9567842
3263,88,-58.994,0.26503,1556.7,4.0255,-130.869508
3264,88,-57.479,0.16493,1556.9,3.9811,-132.3918908
3265,88,-60.458,0.11615,1560.5,4.211,-134.1019518
3266,88,-58.615,-0.012597,1560.6,4.1409,-135.5906803
3267,88,-56.846,-0.15495,1560.7,4.0686,-136.3656481
3268,88,-55.173,-0.3096,1560.8,3.9965,-135.4222201
3269,88,-53.629,-0.4684,1560.9,3.9272,-133.5737543
3270,88,-52.226,-0.62274,1561,3.8626,-132.2841404
3271,88,-50.957,-0.76899,1561.2,3.8031,-131.7938565
3272,88.5,-49.804,-0.9036,1561.3,3.7485,-131.0602105
3273,88.5,-62.576,0.35776,1565.6,4.1806,-130.3660173
3274,88.5,-60.824,0.29417,1565.8,4.1287,-129.4091096
3275,88.5,-59.077,0.22134,1566,4.0717,-128.1626217
3276,88.5,-57.35,0.14078,1566.1,4.0089,-126.7720536
3277,88.5,-60.166,0.23851,1569.7,4.229,-125.1173224
3278,88.5,-58.208,0.14253,1569.8,4.147,-123.3734573
3279,88.5,-56.343,0.051914,1569.9,4.0653,-121.0665963
3280,88.5,-54.58,-0.031272,1570,3.9857,-116.9281908
3281,88.5,-52.937,-0.10512,1570.1,3.9097,-111.5676715
3282,88.5,-51.431,-0.1684,1570.2,3.8388,-152.0045039
3283,88.5,-50.189,-0.36304,1570.7,3.768,-129.4425704
3284,89,-49.295,-0.59571,1570.7,3.7209,-131.61581
3285,89,-61.894,0.41105,1575,4.0671,-133.0660426
3286,89,-60.421,0.31964,1575.2,4.0308,-133.8818754
3287,89,-58.865,0.21852,1575.4,3.9884,-135.404848
3288,89,-57.266,0.10363,1575.5,3.9384,-137.293018
3289,89,-60.042,0.037072,1579.2,4.1555,-139.0145182
3290,89,-58.164,-0.10954,1579.3,4.0815,-140.1837799
3291,89,-56.381,-0.27054,1579.4,4.0067,-139.6266125
3292,89,-54.729,-0.439,1579.5,3.9344,-137.7895413
3293,89,-53.229,-0.6047,1579.6,3.8668,-136.2434536
3294,89,-51.876,-0.76182,1579.7,3.8045,-135.754343
3295,89.5,-50.65,-0.90781,1579.9,3.7475,-135.0647508
3296,89.5,-49.536,-1.0251,1580,3.6956,-134.2977374
3297,89.5,-61.912,0.31425,1584.4,4.1294,-133.3771462
3298,89.5,-60.075,0.23633,1584.6,4.0707,-132.186147
3299,89.5,-58.256,0.14964,1584.7,4.0055,-130.8768439
3300,89.5,-56.481,0.060396,1584.8,3.9356,-129.2646078
3301,89.5,-59.001,0.14582,1588.5,4.1379,-127.4877297
3302,89.5,-57.037,0.048815,1588.5,4.0526,-124.9271603
3303,89.5,-55.183,-0.040066,1588.6,3.9695,-120.2950938
3304,89.5,-53.464,-0.11862,1588.8,3.8907,-114.3928497
3305,89.5,-51.896,-0.18553,1588.9,3.8173,-158.1500067
3306,89.5,-50.725,-0.45847,1589.3,3.7509,-133.8481709
3307,90,-49.803,-0.68989,1589.3,3.7039,-136.0389064
3308,90,-62.525,0.39065,1593.7,4.0572,-137.0952568
3309,90,-60.933,0.29185,1594,4.0176,-138.1807952
3310,90,-59.263,0.1792,1594.1,3.9702,-140.07107
3311,90,-57.571,0.052241,1594.2,3.9152,-142.0757482
3312,90,-60.215,-0.021959,1597.9,4.1253,-143.6205581
3313,90,-58.278,-0.18543,1598,4.0476,-143.9932765
3314,90,-56.464,-0.36192,1598.1,3.9709,-142.4807584
3315,90,-54.806,-0.54018,1598.2,3.8984,-140.4653445
3316,90,-53.314,-0.7109,1598.3,3.8315,-139.5885161
3317,90.5,-51.968,-0.87193,1598.5,3.7704,-138.9969855
3318,90.5,-50.748,-1.0105,1598.6,3.7149,-138.076477
3319,90.5,-63.718,0.35059,1603,4.1526,-137.1976909
3320,90.5,-61.783,0.2729,1603.2,4.0946,-135.9969074
3321,90.5,-59.856,0.1848,1603.3,4.0296,-134.6372274
3322,90.5,-57.969,0.092295,1603.4,3.9591,-132.9916144
3323,90.5,-60.569,0.18827,1607.1,4.1685,-130.9769986
3324,90.5,-58.475,0.085445,1607.2,4.0811,-128.5522582
3325,90.5,-56.496,-0.0088422,1607.3,3.9957,-124.0699228
3326,90.5,-54.658,-0.092186,1607.4,3.9144,-117.8940964
3327,90.5,-52.981,-0.16302,1607.5,3.8389,-154.1853068
3328,90.5,-51.606,-0.37534,1607.9,3.7646,-136.8700637
3329,91,-50.62,-0.63264,1608,3.7152,-139.4128834
3330,91,-63.68,0.42234,1612.3,4.064,-140.9160934
3331,91,-62.043,0.31822,1612.6,4.0258,-142.0095106
3332,91,-60.307,0.2001,1612.8,3.9795,-144.0823005
3333,91,-58.531,0.06604,1612.9,3.9247,-146.3512237
3334,91,-61.186,-0.016401,1616.5,4.1358,-148.0258271
3335,91,-59.144,-0.18952,1616.6,4.0567,-148.4433668
3336,91,-57.235,-0.37726,1616.7,3.9784,-146.8375157
3337,91,-55.497,-0.56715,1616.9,3.9046,-144.7699402
3338,91,-53.937,-0.7489,1617,3.8368,-144.0156755
3339,91.5,-52.534,-0.91956,1617.1,3.7752,-143.5350428
3340,91.5,-51.265,-1.0618,1617.3,3.7195,-142.5424329
3341,91.5,-64.372,0.34707,1621.7,4.1586,-141.6061968
3342,91.5,-62.326,0.26045,1621.9,4.0977,-140.4274138
3343,91.5,-60.294,0.16332,1622,4.0291,-139.1501273
3344,91.5,-58.31,0.063418,1622.1,3.9549,-137.4421124
3345,91.5,-60.789,0.15755,1625.8,4.1567,-135.3314159
3346,91.5,-58.604,0.0494,1625.8,4.0662,-132.0855846
3347,91.5,-56.553,-0.048623,1626,3.9786,-126.343461
3348,91.5,-54.668,-0.13387,1626.1,3.8963,-149.8516632
3349,91.5,-52.966,-0.24295,1626.6,3.8132,-141.1907203
3350,91.5,-51.834,-0.569,1626.6,3.7582,-143.2770407
3351,92,-50.837,-0.80834,1626.7,3.7107,-145.2457605
3352,92,-63.81,0.36249,1631.2,4.0677,-146.2703865
3353,92,-61.99,0.24239,1631.4,4.0229,-148.2352947
3354,92,-60.106,0.10439,1631.5,3.9684,-150.7627338
3355,92,-62.83,0.029435,1635.2,4.1858,-152.6830605
3356,92,-60.638,-0.15207,1635.3,4.1041,-153.4694658
3357,92,-58.581,-0.35112,1635.4,4.0227,-152.0266427
3358,92,-56.706,-0.55507,1635.5,3.9456,-149.8233678
3359,92,-55.028,-0.75159,1635.7,3.875,-148.8733773
3360,92.5,-53.524,-0.93619,1635.8,3.8112,-148.3348583
3361,92.5,-52.168,-1.091,1636,3.7539,-147.2606176
3362,92.5,-65.672,0.35817,1640.4,4.194,-146.2442809
3363,92.5,-63.502,0.26614,1640.6,4.1318,-145.0268321
3364,92.5,-61.345,0.16339,1640.7,4.0613,-143.6748151
3365,92.5,-59.241,0.058681,1640.8,3.9852,-141.7642071
3366,92.5,-61.668,0.15983,1644.4,4.1878,-139.3076785
3367,92.5,-59.365,0.04717,1644.5,4.0956,-135.4076926
3368,92.5,-57.214,-0.053576,1644.6,4.0071,-128.8403565
3369,92.5,-55.251,-0.13971,1644.8,3.9246,-153.7387571
3370,92.5,-53.519,-0.29492,1645.3,3.8407,-146.0267134
3371,93,-52.367,-0.60736,1645.3,3.7863,-148.9812613
3372,93,-66.201,0.45934,1649.7,4.1304,-151.1360319
3373,93,-64.39,0.34004,1650,4.0921,-152.5209783
3374,93,-62.445,0.20305,1650.2,4.0441,-155.2451546
3375,93,-60.443,0.046242,1650.3,3.9857,-158.1277829
3376,93,-62.999,-0.051161,1653.9,4.1927,-159.7873087
3377,93,-60.721,-0.25781,1654,4.1079,-159.5750465
3378,93,-58.621,-0.47971,1654.2,4.0254,-157.4512622
3379,93,-56.737,-0.70051,1654.3,3.9491,-155.7525738
3380,93,-55.061,-0.90974,1654.5,3.8802,-155.4954102
3381,93.5,-53.562,-1.0964,1654.6,3.8184,-154.5468764
3382,93.5,-67.743,0.39183,1659.1,4.2585,-153.5196585
3383,93.5,-65.42,0.29381,1659.3,4.1962,-152.5159545
3384,93.5,-63.096,0.18161,1659.4,4.1243,-151.4723157
3385,93.5,-60.817,0.065128,1659.5,4.045,-149.8757038
3386,93.5,-63.215,0.17249,1663.1,4.2445,-147.3030576
3387,93.5,-60.711,0.046635,1663.3,4.1469,-143.174787
3388,93.5,-58.378,-0.066073,1663.4,4.0532,-135.8986433
3389,93.5,-56.259,-0.16216,1663.5,3.9662,-161.6670875
3390,93.5,-54.492,-0.39606,1664,3.8835,-154.6268746
3391,94,-53.29,-0.72636,1664.1,3.8293,-157.8337114
3392,94,-67.472,0.43444,1668.6,4.1786,-159.7210649
3393,94,-65.46,0.29843,1668.9,4.1359,-161.8851726
3394,94,-63.313,0.13877,1669,4.0808,-165.545405
3395,94,-61.141,-0.042978,1669.1,4.0151,-168.2723276
3396,94,-63.478,-0.16155,1672.8,4.2103,-169.1433408
3397,94,-61.104,-0.40342,1672.9,4.1213,-167.5012431
3398,94,-58.967,-0.65246,1673,4.0378,-165.4839449
3399,94,-57.077,-0.89178,1673.2,3.9624,-165.1013663
3400,94.5,-55.401,-1.1107,1673.4,3.8953,-164.6327077
3401,94.5,-70.375,0.43447,1677.8,4.3329,-163.5082276
3402,94.5,-67.838,0.32855,1678.1,4.2685,-162.6423681
3403,94.5,-65.287,0.20591,1678.2,4.1926,-161.7658538
3404,94.5,-62.778,0.078836,1678.3,4.1081,-160.1400309
3405,94.5,-65.072,0.19646,1681.9,4.3048,-157.0220995
3406,94.5,-62.327,0.060914,1682.1,4.2016,-151.5963213
3407,94.5,-59.794,-0.057507,1682.2,4.1036,-142.4951773
3408,94.5,-57.521,-0.15539,1682.3,4.0139,-175.0192006
3409,94.5,-55.753,-0.46127,1682.9,3.931,-167.9838733
3410,95,-54.488,-0.8075,1683,3.8747,-171.8064321
3411,95,-68.885,0.42523,1687.6,4.2179,-174.3552721
3412,95,-66.586,0.25435,1687.8,4.1671,-178.6563501
3413,95,-64.168,0.053244,1688,4.1015,-183.2510152
3414,95,-66.491,-0.083693,1691.6,4.2971,-184.7584464
3415,95,-63.782,-0.36128,1691.8,4.201,-183.5583002
3416,95,-61.355,-0.65537,1692,4.1106,-181.6358992
3417,95.5,-59.235,-0.94132,1692.2,4.0297,-181.4401313
3418,95.5,-57.377,-1.1982,1692.4,3.9589,-180.9752236
3419,95.5,-73.021,0.48638,1696.9,4.3941,-180.0118265
3420,95.5,-70.116,0.35361,1697.1,4.321,-179.8993949
3421,95.5,-67.192,0.20352,1697.3,4.2335,-179.5550451
3422,95.5,-64.335,0.055547,1697.4,4.1379,-177.1726269
3423,95.5,-66.195,0.17299,1701,4.3147,-171.684025
3424,95.5,-63.164,0.023495,1701.2,4.2045,-161.3002898
3425,95.5,-60.458,-0.099846,1701.3,4.1041,-187.77686
3426,96,-58.453,-0.50291,1701.9,4.0185,-189.0353837
3427,96,-57.012,-0.9073,1702.1,3.9605,-193.5024403
3428,96,-72.199,0.4695,1706.9,4.3052,-197.9071685
3429,96,-69.396,0.24321,1707.1,4.2433,-205.0591575
3430,96,-66.516,-0.025117,1707.2,4.1654,-208.9618994
3431,96,-68.357,-0.23527,1710.9,4.3408,-208.419756
3432,96,-65.394,-0.6064,1711.1,4.2405,-206.8569088
3433,96.5,-62.846,-0.97698,1711.4,4.1528,-207.6739722
3434,96.5,-60.653,-1.3018,1711.7,4.0786,-207.3233675
3435,96.5,-77.388,0.57973,1716.3,4.5096,-207.1979827
3436,96.5,-73.82,0.39793,1716.5,4.4245,-208.5718014
3437,96.5,-70.241,0.20593,1716.6,4.3227,-207.7220995
3438,96.5,-71.772,0.34065,1720.2,4.4976,-201.3077268
3439,96.5,-67.915,0.14651,1720.4,4.3748,-187.7076102
3440,96.5,-64.518,-0.0090158,1720.6,4.2647,-218.5314394
3441,97,-62.05,-0.49181,1721.3,4.1725,-226.5370487
3442,97,-79.464,0.74007,1726.1,4.4861,-234.6341705
3443,97,-76.139,0.4518,1726.5,4.4324,-246.0258553
3444,97,-72.434,0.084323,1726.7,4.3494,-255.1177446
3445,97,-73.64,-0.25184,1730.5,4.5073,-255.0820929
3446,97,-69.87,-0.80144,1730.8,4.3913,-255.8904346
3447,97.5,-66.757,-1.347,1731.2,4.2935,-258.2292926
3448,97.5,-86.286,0.77587,1735.9,4.7046,-260.1459738
3449,97.5,-81.427,0.50379,1736.2,4.5979,-266.6217638
3450,97.5,-76.439,0.21548,1736.3,4.4613,-266.1830454
3451,97.5,-76.514,0.33819,1740,4.5863,-249.6693516
3452,97.5,-71.408,0.073986,1740.4,4.4305,-266.4075147
3453,98,-67.993,-0.74552,1741.3,4.3139,-304.9508639
3454,98,-88.068,0.76226,1746.5,4.6042,-330.5997452
3455,98,-82.487,0.14905,1746.8,4.4934,-352.7829262
3456,98,-81.829,-0.50816,1750.7,4.6,-358.2389006
3457,98.5,-76.617,-1.5774,1751.4,4.4513,-368.0486364
3458,98.5,-101.78,1.0552,1756.5,4.8213,-392.1643748
3459,98.5,-93.261,0.46812,1756.8,4.645,-427.8665143
3460,98.5,-89.186,0.49006,1760.5,4.6838,-327.4737662
3461,99,-80.996,-0.7374,1762.1,4.4948,-497.3775185
3462,99.5,-110.99,0.35714,1767.9,4.7245,-643.9300778
3463,99.5,-101.17,-4.5576,1769.2,4.567,65.27831171
3464,100,-146.67,-0.70638,1783.4,5.2577,339.4382979
3465,100,-81.017,0.025866,1788.5,4.8947,101.0017051
3466,100,-63.817,0.12185,1790,5.1441,73.68649856
3467,100,-54.969,0.12969,1790.9,5.4008,71.30031097
3468,100,-49.481,0.1333,1791.5,5.6229,68.81680741
3469,100,-45.855,0.13645,1792,5.804,66.15898626
3470,100,-43.336,0.13943,1792.3,5.9445,63.46155679
3471,100,-41.512,0.14231,1792.5,6.0464,60.81572577
3472,100,-40.142,0.14507,1792.7,6.1118,58.27361304
3473,100,-39.08,0.14773,1792.8,6.1428,55.86224271
3474,100,-38.234,0.15023,1792.8,6.1413,102.4786334
3475,100,-37.353,0.15479,1796.6,6.122,-23.09091844
3476,100,-36.955,0.15751,1795.9,6.0647,-9.586251217
3477,100,-36.606,0.15964,1795.5,5.98,-5.945608182
3478,100,-36.292,0.16167,1795.1,5.8708,-4.352988525
3479,100,-36.004,0.16371,1794.8,5.7403,-3.402051508
3480,100,-35.737,0.16581,1794.6,5.5918,-2.748882931
3481,100,-35.484,0.16799,1794.3,5.4292,-2.269585747
3482,100,-35.241,0.17027,1794.1,5.2567,-1.934857726
3483,100,-35.005,0.17264,1793.9,5.0782,-1.645791312
3484,100,-34.773,0.17505,1793.8,4.8982,-1.412324815
3485,100,-34.542,0.17749,1793.6,4.7204,-1.21990034
3486,100,-34.309,0.1799,1793.5,4.5484,-1.058986994
3487,100,-34.073,0.18222,1793.3,4.3853,-0.92250305
3488,100,-33.833,0.1844,1793.2,4.2335,-0.80592423
3489,100,-33.587,0.1864,1793.1,4.0945,-0.705302214
3490,100,-33.26,0.18801,1794.8,3.9966,-0.618149874
3491,100,-33.002,0.18949,1794.7,3.886,-0.542285862
3492,100,-32.741,0.19069,1794.6,3.789,-0.475935314
3493,100,-32.476,0.19162,1794.5,3.7048,-0.417768484
3494,100,-32.209,0.19226,1794.4,3.6323,-0.366652926
3495,100,-31.943,0.19264,1794.3,3.5701,-0.3216604
3496,100,-31.781,0.1927,1793.4,3.4841,-0.281986215
3497,100,-31.52,0.19258,1793.4,3.4375,-0.246883895
3498,100,-31.264,0.19225,1793.3,3.3973,-0.215786946
3499,100,-31.014,0.19171,1793.2,3.3625,-0.1883032
3500,100,-30.77,0.191,1793.2,3.3322,-0.163814086
3501,100,-30.533,0.19016,1793.1,3.3056,-0.142110419
3502,100,-30.304,0.18918,1793,3.2822,-0.122781874
3503,100,-30.083,0.18808,1793,3.2613,-0.105621287
3504,100,-29.87,0.1869,1792.9,3.2427,-0.09026666
3505,100,-29.665,0.18563,1792.8,3.2258,-0.076556903
3506,100,-29.467,0.18429,1792.8,3.2105,-0.064387834
3507,100,-29.277,0.18289,1792.7,3.1965,-0.053430662
3508,100,-29.095,0.18144,1792.7,3.1836,-0.043579918
3509,100,-28.919,0.17992,1792.6,3.1717,-0.034853641
3510,100,-28.749,0.17834,1792.6,3.1606,-0.026998963
3511,100,-28.586,0.17667,1792.5,3.1503,-0.019932577
3512,100,-28.428,0.17493,1792.5,3.1406,-0.01358146
3513,100,-28.276,0.17309,1792.4,3.1314,-0.007845245
3514,100,-28.128,0.17117,1792.4,3.1228,-0.002769482
3515,100,-27.985,0.16917,1792.4,3.1145,0.001946213
3516,100,-27.847,0.16709,1792.3,3.1067,0.006068901
3517,100,-27.712,0.16496,1792.3,3.0992,0.009812135
3518,100,-27.581,0.16279,1792.2,3.0921,0.013237755
3519,100,-27.454,0.16059,1792.2,3.0852,0.016324754
3520,100,-27.33,0.15839,1792.2,3.0786,0.019049855
3521,100,-27.209,0.15618,1792.1,3.0722,0.021571564
3522,100,-27.092,0.15396,1792.1,3.066,0.023827985
3523,100,-26.977,0.15174,1792.1,3.06,0.025881774
3524,100,-26.864,0.14952,1792,3.0542,0.027749762
3525,100,-26.754,0.14727,1792,3.0486,0.029402586
3526,100,-26.647,0.145,1792,3.0431,0.030953394
3527,100,-26.541,0.14271,1791.9,3.0378,0.032273676
3528,100,-26.437,0.14038,1791.9,3.0326,0.03355659
3529,100,-26.335,0.13801,1791.9,3.0275,0.034615304
3530,100,-26.235,0.13562,1791.8,3.0225,0.035696959
3531,100,-26.136,0.1332,1791.8,3.0176,0.036548311
3532,100,-26.038,0.13076,1791.8,3.0128,0.037363402
3533,100,-25.942,0.12829,1791.7,3.0081,0.038113695
3534,100,-25.848,0.12582,1791.7,3.0035,0.038741022
3535,100,-25.755,0.12332,1791.7,2.999,0.039373432
3536,100,-25.663,0.12081,1791.7,2.9945,0.039849965
3537,100,-25.572,0.11827,1791.6,2.9902,0.040327312
3538,100,-25.482,0.11571,1791.6,2.9859,0.040733282
3539,100,-25.393,0.11313,1791.6,2.9817,0.041087694
3540,100,-25.305,0.11051,1791.6,2.9775,0.041383462
3541,100,-25.219,0.10786,1791.5,2.9734,0.041661584
3542,100,-25.133,0.10516,1791.5,2.9694,0.041889942
3543,100,-25.048,0.10244,1791.5,2.9654,0.04204273
3544,100,-24.964,0.099676,1791.5,2.9615,0.042250468
3545,100,-24.881,0.0969,1791.4,2.9577,0.04229747
3546,100,-24.799,0.094096,1791.4,2.9539,0.042450848
3547,100,-24.717,0.09129,1791.4,2.9501,0.042477741
3548,100,-24.637,0.088486,1791.4,2.9465,0.042522181
3549,100,-24.558,0.085685,1791.4,2.9428,0.031779447
3550,100,-24.48,0.082924,1791.4,2.9394,0.031776489
3551,100,-24.403,0.080185,1791.3,2.936,0.031761661
3552,100,-24.328,0.077487,1791.3,2.9326,0.031741666
3553,100,-24.253,0.074824,1791.3,2.9293,0.031715765
3554,100,-24.178,0.072198,1791.3,2.926,0.031707092
3555,100,-24.105,0.069602,1791.3,2.9228,0.031631006
3556,100,-24.032,0.067041,1791.3,2.9196,0.031602676
3557,100,-23.96,0.064495,1791.3,2.9164,0.031560155
3558,100,-23.888,0.061963,1791.3,2.9133,0.031504414
3559,100,-23.817,0.059433,1791.2,2.9102,0.031402379
3560,100,-23.747,0.056896,1791.2,2.9071,0.031359939
3561,100,-23.677,0.054349,1791.2,2.9041,0.031279367
3562,100,-23.608,0.051783,1791.2,2.9011,0.031180584
3563,100,-23.539,0.049192,1791.2,2.8981,0.031113047
3564,100,-23.47,0.046567,1791.2,2.8952,0.030994118
3565,100,-23.402,0.043927,1791.2,2.8922,0.030909225
3566,100,-23.334,0.041257,1791.2,2.8894,0.030812689
3567,100,-23.266,0.038555,1791.2,2.8865,0.030702626
3568,100,-23.199,0.035831,1791.2,2.8837,0.030563726
3569,100,-23.133,0.03309,1791.1,2.8809,0.030447332
3570,100,-23.067,0.030333,1791.1,2.8781,0.030376782
3571,100,-23.001,0.027578,1791.1,2.8753,0.030199849
3572,100,-22.935,0.024816,1791.1,2.8726,0.030106018
3573,100,-22.871,0.022067,1791.1,2.8699,0.029921071
3574,100,-22.806,0.01934,1791.1,2.8672,0.02986868
3575,100,-22.742,0.01665,1791.1,2.8646,0.029698362
3576,100,-22.679,0.013992,1791.1,2.862,0.029556064
3577,100,-22.617,0.011396,1791.1,2.8593,0.029406642
3578,100,-22.555,0.0088437,1791.1,2.8567,0.029280905
3579,100,-22.493,0.0063613,1791.1,2.8542,0.029110594
3580,100,-22.433,0.0039529,1791.1,2.8516,0.028938567
3581,100,-22.373,0.0016239,1791.1,2.8491,0.028846204
3582,100,-22.313,-0.00064956,1791,2.8466,0.028662616
3583,100,-22.255,-0.0028337,1791,2.8441,0.028514819
3584,100,-22.197,-0.0049548,1791,2.8416,0.028332752
3585,100,-22.14,-0.0070152,1791,2.8391,0.028168962
3586,100,-22.084,-0.009017,1791,2.8366,0.028064582
3587,100,-22.028,-0.010961,1791,2.8342,0.027864217
3588,100,-21.974,-0.012856,1791,2.8317,0.027697733
3589,100,-21.92,-0.014718,1791,2.8293,0.027502636
3590,100,-21.866,-0.016549,1791,2.8269,0.027378898
3591,100,-21.814,-0.018354,1791,2.8245,0.027204498
3592,100,-21.762,-0.020144,1791,2.8221,0.027035424
3593,100,-21.711,-0.021923,1791,2.8197,0.026850584
3594,100,-21.661,-0.023689,1791,2.8174,0.026675125
3595,100,-21.612,-0.025446,1791,2.815,0.026525402
3596,100,-21.563,-0.027207,1791,2.8126,0.026332252
3597,100,-21.515,-0.028961,1791,2.8103,0.026144626
3598,100,-21.467,-0.030713,1791,2.808,0.026000187
3599,100,-21.42,-0.032467,1791,2.8057,0.025787181
3600,100,-21.374,-0.034227,1790.9,2.8034,0.025655297
3601,100,-21.329,-0.03598,1790.9,2.8011,0.025457378
3602,100,-21.284,-0.037726,1790.9,2.7988,0.025273273
3603,100,-21.24,-0.039471,1790.9,2.7965,0.025100025
3604,100,-21.196,-0.041216,1790.9,2.7943,0.024917743
3605,100,-21.153,-0.042958,1790.9,2.7921,0.024751185
3606,100,-21.111,-0.044691,1790.9,2.7898,0.024585847
3607,100,-21.07,-0.046413,1790.9,2.7876,0.0243605
3608,100,-21.028,-0.048129,1790.9,2.7854,0.024193443
3609,100,-20.988,-0.049844,1790.9,2.7833,0.024015465
3610,100,-20.948,-0.051543,1790.9,2.7811,0.023862107
3611,100,-20.909,-0.053235,1790.9,2.779,0.023665475
3612,100,-20.87,-0.054914,1790.9,2.7769,0.023481023
3613,100,-20.832,-0.056586,1790.9,2.7747,0.023271723
3614,100,-20.794,-0.058234,1790.9,2.7727,0.023124919
3615,100,-20.757,-0.059882,1790.9,2.7706,0.022954006
3616,100,-20.721,-0.061518,1790.9,2.7685,0.022762282
3617,100,-20.685,-0.063137,1790.9,2.7665,0.022579381
3618,100,-20.649,-0.064734,1790.9,2.7645,0.022379985
3619,100,-20.614,-0.066325,1790.9,2.7625,0.022199877
3620,100,-20.58,-0.0679,1790.9,2.7606,0.022043842
3621,100,-20.546,-0.069462,1790.9,2.7586,0.021869824
3622,100,-20.513,-0.071001,1790.9,2.7567,0.021690345
3623,100,-20.48,-0.072531,1790.9,2.7548,0.021489766
3624,100,-20.447,-0.074033,1790.9,2.7529,0.021321188
3625,100,-20.415,-0.075534,1790.9,2.7511,0.021146195
3626,100,-20.383,-0.077011,1790.9,2.7492,0.020940887
3627,100,-20.352,-0.078464,1790.9,2.7474,0.020821346
3628,100,-20.321,-0.079905,1790.9,2.7456,0.020580539
3629,100,-20.291,-0.081323,1790.9,2.7439,0.020438349
3630,100,-20.261,-0.082728,1790.9,2.7421,0.020274078
3631,100,-20.232,-0.084108,1790.9,2.7404,0.020070975
3632,100,-20.203,-0.085466,1790.9,2.7387,0.019918902
3633,100,-20.174,-0.086807,1790.9,2.737,0.019737457
3634,100,-20.146,-0.088126,1790.9,2.7354,0.019546008
3635,100,-20.118,-0.089424,1790.9,2.7337,0.019406019
3636,100,-20.091,-0.090695,1790.9,2.7321,0.01918367
3637,100,-20.064,-0.091948,1790.9,2.7305,0.019044717
3638,100,-20.037,-0.093174,1790.8,2.729,0.018868557
3639,100,-20.011,-0.094373,1790.8,2.7274,0.018699199
3640,100,-19.985,-0.095553,1790.8,2.7259,0.01853321
3641,100,-19.959,-0.096716,1790.8,2.7244,0.018356661
3642,100,-19.934,-0.097838,1790.8,2.723,0.018186974
3643,100,-19.909,-0.098951,1790.8,2.7215,0.018032556
3644,100,-19.885,-0.10003,1790.8,2.7201,0.017835179
3645,100,-19.86,-0.10108,1790.8,2.7187,0.017697837
3646,100,-19.837,-0.10211,1790.8,2.7173,0.017522988
3647,100,-19.813,-0.10311,1790.8,2.7159,0.017325036
3648,100,-19.79,-0.10408,1790.8,2.7145,0.017211336
3649,100,-19.767,-0.10503,1790.8,2.7132,0.017026907
3650,100,-19.744,-0.10595,1790.8,2.7119,0.01687591
3651,100,-19.722,-0.10684,1790.8,2.7106,0.016702462
3652,100,-19.7,-0.1077,1790.8,2.7093,0.01650836
3653,100,-19.678,-0.10853,1790.8,2.7081,0.016443146
3654,100,-19.657,-0.10934,1790.8,2.7068,0.016213676
3655,100,-19.636,-0.11012,1790.8,2.7056,0.016031393
3656,100,-19.615,-0.11087,1790.8,2.7044,0.015907075
3657,100,-19.594,-0.11159,1790.8,2.7032,0.015738376
3658,100,-19.574,-0.11227,1790.8,2.702,0.015595415
3659,100,-19.554,-0.11294,1790.8,2.7009,0.015477152
3660,100,-19.534,-0.11357,1790.8,2.6997,0.015241442
3661,100,-19.515,-0.11417,1790.8,2.6986,0.01514488
3662,100,-19.496,-0.11474,1790.8,2.6975,0.014964631
3663,100,-19.477,-0.11527,1790.8,2.6964,0.014862332
3664,100,-19.458,-0.11579,1790.8,2.6953,0.014662664
3665,100,-19.44,-0.11627,1790.8,2.6942,0.014503182
3666,100,-19.422,-0.11671,1790.8,2.6932,0.014384368
3667,100,-19.404,-0.11713,1790.8,2.6921,0.014213134
3668,100,-19.386,-0.11751,1790.8,2.6911,0.014108436
3669,100,-19.368,-0.11786,1790.8,2.6901,0.013943565
3670,100,-19.351,-0.11818,1790.8,2.6891,0.013772086
3671,100,-19.334,-0.11847,1790.8,2.6881,0.013636922
3672,100,-19.317,-0.11873,1790.8,2.6871,0.013510091
3673,100,-19.301,-0.11895,1790.8,2.6862,0.013325492
3674,100,-19.284,-0.11914,1790.8,2.6852,0.013254025
3675,100,-19.268,-0.11931,1790.8,2.6843,0.0130825
3676,100,-19.252,-0.11943,1790.8,2.6834,0.012933433
3677,100,-19.236,-0.11953,1790.8,2.6824,0.012771858
3678,100,-19.221,-0.11958,1790.8,2.6815,0.012657371
3679,100,-19.205,-0.11962,1790.8,2.6806,0.012531003
3680,100,-19.19,-0.1196,1790.8,2.6797,0.012375307
3681,100,-19.175,-0.11956,1790.8,2.6789,0.012269962
3682,100,-19.16,-0.11949,1790.8,2.678,0.01210112
3683,100,-19.146,-0.11937,1790.8,2.6771,0.011995329
3684,100,-19.131,-0.11923,1790.8,2.6763,0.011841465
3685,100,-19.117,-0.11905,1790.8,2.6755,0.011753831
3686,100,-19.103,-0.11883,1790.8,2.6746,0.011583698
3687,100,-19.089,-0.11858,1790.8,2.6738,0.01144648
3688,100,-19.076,-0.11829,1790.8,2.673,0.011336704
3689,100,-19.062,-0.11797,1790.8,2.6722,0.011213534
3690,100,-19.049,-0.1176,1790.8,2.6714,0.011077784
3691,100,-19.036,-0.1172,1790.8,2.6706,0.010932099
3692,100,-19.023,-0.11676,1790.8,2.6698,0.010851233
3693,100,-19.01,-0.11628,1790.8,2.6691,0.010694974
3694,100,-18.997,-0.11576,1790.8,2.6683,0.010592373
3695,100,-18.985,-0.11519,1790.8,2.6676,0.010446756
3696,100,-18.972,-0.11459,1790.8,2.6668,0.010344033
3697,100,-18.96,-0.11395,1790.8,2.6661,0.010234232
3698,100,-18.948,-0.11327,1790.8,2.6653,0.010092378
3699,100,-18.937,-0.11254,1790.8,2.6646,0.009969271
3700,100,-18.925,-0.11178,1790.8,2.6639,0.009876588
3701,100,-18.913,-0.11096,1790.8,2.6632,0.009743121
3702,100,-18.902,-0.11011,1790.8,2.6625,0.009652363
3703,100,-18.891,-0.10922,1790.8,2.6618,0.009519652
3704,100,-18.88,-0.10828,1790.8,2.6611,0.009375047
3705,100,-18.869,-0.10729,1790.8,2.6604,0.009314957
3706,100,-18.859,-0.10627,1790.8,2.6598,0.00918841
3707,100,-18.848,-0.1052,1790.8,2.6591,0.009033105
3708,100,-18.838,-0.10409,1790.8,2.6585,0.0089912
3709,100,-18.828,-0.10294,1790.8,2.6578,0.008838523
3710,100,-18.818,-0.10175,1790.8,2.6572,0.008724903
3711,100,-18.808,-0.10052,1790.8,2.6565,0.008644868
3712,100,-18.798,-0.099242,1790.8,2.6559,0.008536879
3713,100,-18.788,-0.097925,1790.8,2.6552,0.008421755
3714,100,-18.779,-0.096579,1790.8,2.6546,0.00833046
3715,100,-18.77,-0.095188,1790.8,2.654,0.008192638
3716,100,-18.761,-0.093766,1790.8,2.6534,0.008102704
3717,100,-18.752,-0.092309,1790.8,2.6528,0.008044726
3718,100,-18.743,-0.090814,1790.8,2.6522,0.007878804
3719,100,-18.734,-0.089284,1790.8,2.6516,0.007806665
3720,100,-18.725,-0.08772,1790.8,2.651,0.007724951
3721,100,-18.717,-0.086125,1790.8,2.6504,0.007599747
3722,100,-18.709,-0.084505,1790.9,2.6498,0.007521556
3723,100,-18.7,-0.08285,1790.9,2.6493,0.007432466
3724,100,-18.692,-0.081165,1790.9,2.6487,0.007289613
3725,100,-18.684,-0.079455,1790.9,2.6481,0.007261282
3726,100,-18.677,-0.077711,1790.9,2.6476,0.007113011
3727,100,-18.669,-0.07594,1790.9,2.647,0.007023424
3728,100,-18.661,-0.074143,1790.9,2.6465,0.006975982
3729,100,-18.654,-0.072314,1790.9,2.6459,0.006830205
3730,100,-18.646,-0.070462,1790.9,2.6454,0.006796393
3731,100,-18.639,-0.068586,1790.9,2.6448,0.006664959
3732,100,-18.632,-0.066679,1790.9,2.6443,0.006573509
3733,100,-18.625,-0.06475,1790.9,2.6438,0.006500191
3734,100,-18.618,-0.062794,1790.9,2.6433,0.006418131
3735,100,-18.611,-0.060811,1790.9,2.6427,0.006310389
3736,100,-18.604,-0.058809,1790.9,2.6422,0.006237762
3737,100,-18.597,-0.056781,1790.9,2.6417,0.006124467
3738,100,-18.59,-0.054721,1790.9,2.6412,0.006088013
3739,100,-18.584,-0.052645,1790.9,2.6407,0.005982077
3740,100,-18.577,-0.050541,1790.9,2.6402,0.005857229
3741,100,-18.571,-0.048416,1790.9,2.6397,0.005814685
3742,100,-18.564,-0.046272,1790.9,2.6392,0.005747006
3743,100,-18.558,-0.044101,1790.9,2.6387,0.005666345
3744,100,-18.552,-0.041902,1790.9,2.6383,0.005563627
3745,100,-18.546,-0.039688,1790.9,2.6378,0.005486686
3746,100,-18.54,-0.037448,1790.9,2.6373,0.005415281
3747,100,-18.534,-0.035182,1790.9,2.6368,0.005338192
3748,100,-18.528,-0.032902,1790.9,2.6364,0.005249976
3749,100,-18.522,-0.030599,1790.9,2.6359,0.005180943
3750,100,-18.516,-0.028266,1790.9,2.6355,0.005120966
3751,100,-18.51,-0.025928,1790.9,2.635,0.005063173
3752,100,-18.504,-0.023554,1790.9,2.6345,0.004935375
3753,100,-18.499,-0.021161,1790.9,2.6341,0.004891841
3754,100,-18.493,-0.018755,1790.9,2.6337,0.004822357
3755,100,-18.488,-0.016331,1790.9,2.6332,0.004725577
3756,100,-18.482,-0.013879,1790.9,2.6328,0.00466589
3757,100,-18.476,-0.011409,1790.9,2.6323,0.004618069
3758,100,-18.471,-0.0089216,1790.9,2.6319,0.004530706
3759,100,-18.466,-0.0064137,1790.9,2.6315,0.00447815
3760,100,-18.46,-0.0038853,1790.9,2.6311,0.004398703
3761,100,-18.455,-0.0013356,1790.9,2.6306,0.004322437
3762,100,-18.45,0.0012311,1790.9,2.6302,0.00426783
3763,100,-18.444,0.0038211,1790.9,2.6298,0.004220949
3764,100,-18.439,0.0064216,1790.9,2.6294,0.004117884
3765,100,-18.434,0.0090349,1790.9,2.629,0.004069479
3766,100,-18.429,0.011686,1790.9,2.6286,0.003987622
3767,100,-18.424,0.014346,1790.9,2.6282,0.003963887
3768,100,-18.419,0.017027,1790.9,2.6278,0.003846231
3769,100,-18.414,0.019732,1790.9,2.6274,0.003808928
3770,100,-18.409,0.022444,1790.9,2.627,0.003739162
3771,100,-18.404,0.025182,1790.9,2.6266,0.003681196
3772,100,-18.399,0.027937,1790.9,2.6262,0.003631059
3773,100,-18.394,0.030709,1790.9,2.6258,0.003557658
3774,100,-18.389,0.033505,1790.9,2.6254,0.003498345
3775,100,-18.384,0.036315,1790.9,2.625,0.003467066
3776,100,-18.379,0.039149,1790.9,2.6246,0.003362429
3777,100,-18.375,0.041996,1790.9,2.6243,0.003320047
3778,100,-18.37,0.044868,1790.9,2.6239,0.003270065
3779,100,-18.365,0.047761,1790.9,2.6235,0.003181336
3780,100,-18.36,0.050668,1790.9,2.6231,0.003189669
3781,100,-18.356,0.053598,1790.9,2.6228,0.003051136
3782,100,-18.351,0.056546,1791,2.6224,0.003069735
3783,100,-18.346,0.059514,1791,2.622,0.002978931
3784,100,-18.342,0.062507,1791,2.6217,0.002926104
3785,100,-18.337,0.065512,1791,2.6213,0.002856596
3786,100,-18.333,0.068541,1791,2.6209,0.002843401
3787,100,-18.328,0.071595,1791,2.6206,0.002741424
3788,100,-18.324,0.074666,1791,2.6202,0.002713424
3789,100,-18.319,0.077756,1791,2.6199,0.002623806
3790,100,-18.315,0.080872,1791,2.6195,0.00260838
3791,100,-18.31,0.084008,1791,2.6192,0.002555144
3792,100,-18.306,0.087168,1791,2.6188,0.002513505
3793,100,-18.301,0.090348,1791,2.6185,0.002469165
3794,100,-18.297,0.09355,1791,2.6182,0.002392584
3795,100,-18.293,0.096778,1791,2.6178,0.002374757
3796,100,-18.288,0.10003,1791,2.6175,0.002272475
3797,100,-18.284,0.1033,1791,2.6171,0.002270048
3798,100,-18.28,0.1066,1791,2.6168,0.00220154
3799,100,-18.275,0.10991,1791,2.6165,0.002158484
3800,100,-18.271,0.11326,1791,2.6161,0.002115384
3801,100,-18.267,0.11663,1791,2.6158,0.002042794
3802,100,-18.263,0.12002,1791,2.6155,0.002055058
3803,100,-18.259,0.12343,1791,2.6152,0.001982822
3804,100,-18.255,0.12687,1791,2.6148,0.001895145
3805,100,-18.251,0.13034,1791,2.6145,0.001897861
3806,100,-18.246,0.13383,1791,2.6142,0.00186298
3807,100,-18.242,0.13734,1791,2.6139,0.001777827
3808,100,-18.239,0.14088,1791,2.6136,0.001775516
3809,100,-18.235,0.14444,1791,2.6132,0.001720573
3810,100,-18.231,0.14803,1791,2.6129,0.001663864
3811,100,-18.227,0.15163,1791,2.6126,0.001623543
3812,100,-18.223,0.15527,1791,2.6123,0.001598577
3813,100,-18.219,0.15892,1791,2.612,0.001531434
3814,100,-18.216,0.1626,1791,2.6117,0.001551785
3815,100,-18.212,0.1663,1791,2.6114,0.001464923
3816,100,-18.208,0.17002,1791,2.6111,0.001398199
3817,100,-18.205,0.17376,1791,2.6108,0.001397963
3818,100,-18.201,0.17751,1791,2.6105,0.001370731
3819,100,-18.197,0.18129,1791,2.6102,0.001326048
3820,100,-18.194,0.18509,1791,2.6099,0.001281178
3821,100,-18.191,0.18889,1791,2.6096,0.001246048
3822,100,-18.187,0.19272,1791,2.6093,0.001199193
3823,100,-18.184,0.19655,1791,2.609,0.001149597
3824,100,-18.181,0.20039,1791.1,2.6087,0.001154734
3825,100,-18.177,0.20425,1791.1,2.6084,0.001133103
3826,100,-18.174,0.20812,1791.1,2.6082,0.001043331
3827,100,-18.171,0.21199,1791.1,2.6079,0.001014964
3828,100,-18.168,0.21586,1791.1,2.6076,0.001010932
3829,100,-18.165,0.21975,1791.1,2.6073,0.000934436
3830,100,-18.162,0.22361,1791.1,2.607,0.000949912
3831,100,-18.159,0.2275,1791.1,2.6067,0.00089149
3832,100,-18.156,0.23137,1791.1,2.6065,0.000849052
3833,100,-18.153,0.23525,1791.1,2.6062,0.000837873
3834,100,-18.15,0.23911,1791.1,2.6059,0.000803466
3835,100,-18.147,0.24297,1791.1,2.6056,0.000778773
3836,100,-18.145,0.24682,1791.1,2.6054,0.000719559
3837,100,-18.142,0.25065,1791.1,2.6051,0.000709248
3838,100,-18.139,0.25447,1791.1,2.6048,0.000682815
3839,100,-18.137,0.25828,1791.1,2.6046,0.000607967
3840,100,-18.134,0.26208,1791.1,2.6043,0.000631521
3841,100,-18.132,0.26585,1791.1,2.604,0.00056273
3842,100,-18.129,0.26961,1791.1,2.6038,0.000565246
3843,100,-18.127,0.27335,1791.1,2.6035,0.000503931
3844,100,-18.124,0.27707,1791.1,2.6033,0.000508806
3845,100,-18.122,0.28077,1791.1,2.603,0.000472548
3846,100,-18.119,0.28445,1791.1,2.6027,0.00044138
3847,100,-18.117,0.28811,1791.1,2.6025,0.00040661
3848,100,-18.115,0.29175,1791.1,2.6022,0.000383234
3849,100,-18.113,0.29538,1791.1,2.602,0.000372904
3850,100,-18.11,0.29899,1791.1,2.6017,0.000320998
3851,100,-18.108,0.30257,1791.1,2.6015,0.000314328
3852,100,-18.106,0.30616,1791.1,2.6012,0.000290451
3853,100,-18.104,0.30973,1791.1,2.601,0.00021789
3854,100,-18.102,0.31329,1791.1,2.6007,0.000243548
3855,100,-18.099,0.31683,1791.1,2.6005,0.00023041
3856,100,-18.097,0.32039,1791.1,2.6003,0.000202497
3857,100,-18.095,0.32394,1791.1,2.6,0.000146714
3858,100,-18.093,0.32749,1791.1,2.5998,0.000141376
3859,100,-18.091,0.33106,1791.2,2.5996,8.30E-05
3860,100,-18.089,0.33464,1791.2,2.5993,9.65E-05
3861,100,-18.087,0.33824,1791.2,2.5991,6.67E-05
3862,100,-18.085,0.34185,1791.2,2.5989,5.81E-05
3863,100,-18.083,0.34549,1791.2,2.5986,2.24E-05
3864,100,-18.081,0.34917,1791.2,2.5984,1.76E-06
3865,100,-18.079,0.35288,1791.2,2.5982,-2.85E-06
3866,100,-18.077,0.35664,1791.2,2.5979,-4.32E-05
3867,100,-18.075,0.36044,1791.2,2.5977,-9.05E-05
3868,100,-18.073,0.36429,1791.2,2.5975,-7.78E-05
3869,100,-18.071,0.3682,1791.2,2.5973,-6.92E-05
3870,100,-18.069,0.37216,1791.2,2.597,-0.000146359
3871,100,-18.067,0.37618,1791.2,2.5968,-0.000132836
3872,100,-18.065,0.38026,1791.2,2.5966,-0.000151729
3873,100,-18.063,0.38441,1791.2,2.5964,-0.00019419
3874,100,-18.062,0.38862,1791.2,2.5962,-0.000195865
3875,100,-18.06,0.3929,1791.2,2.5959,-0.000229921
3876,100,-18.058,0.39724,1791.2,2.5957,-0.000227066
3877,100,-18.056,0.40166,1791.2,2.5955,-0.000279177
3878,100,-18.054,0.40613,1791.2,2.5953,-0.000248971
3879,100,-18.052,0.41067,1791.2,2.5951,-0.000295379
3880,100,-18.05,0.41528,1791.2,2.5949,-0.000319475
3881,100,-18.048,0.41995,1791.2,2.5947,-0.000310385
3882,100,-18.046,0.42467,1791.2,2.5944,-0.000335695
3883,100,-18.044,0.42944,1791.2,2.5942,-0.000364856
3884,100,-18.042,0.43427,1791.2,2.594,-0.000366212
3885,100,-18.04,0.43913,1791.2,2.5938,-0.000416452
3886,100,-18.038,0.44405,1791.2,2.5936,-0.000392207
3887,100,-18.036,0.44899,1791.2,2.5934,-0.000419269
3888,100,-18.034,0.45397,1791.2,2.5932,-0.000437956
3889,100,-18.032,0.45897,1791.2,2.593,-0.000453479
3890,100,-18.029,0.46399,1791.3,2.5928,-0.000490873
3891,100,-18.027,0.46902,1791.3,2.5926,-0.000484334
3892,100,-18.025,0.47406,1791.3,2.5924,-0.000517167
3893,100,-18.023,0.4791,1791.3,2.5922,-0.00050018
3894,100,-18.021,0.48415,1791.3,2.592,-0.00052139
3895,100,-18.019,0.48918,1791.3,2.5918,-0.000551763
3896,100,-18.017,0.4942,1791.3,2.5916,-0.000559559
3897,100,-18.015,0.4992,1791.3,2.5914,-0.000563142
3898,100,-18.012,0.50417,1791.3,2.5912,-0.000597909
3899,100,-18.01,0.50913,1791.3,2.591,-0.000590121
3900,100,-18.008,0.51404,1791.3,2.5908,-0.000592421
3901,100,-18.006,0.51894,1791.3,2.5906,-0.000646677
3902,100,-18.004,0.52379,1791.3,2.5904,-0.000644037
3903,100,-18.002,0.5286,1791.3,2.5902,-0.000630269
3904,100,-17.999,0.53337,1791.3,2.59,-0.000679463
3905,100,-17.997,0.53809,1791.3,2.5898,-0.000655584
3906,100,-17.995,0.54278,1791.3,2.5896,-0.000683764
3907,100,-17.993,0.54741,1791.3,2.5894,-0.000682728
3908,100,-17.99,0.552,1791.3,2.5892,-0.000739816
3909,100,-17.988,0.55652,1791.3,2.589,-0.000705156
3910,100,-17.986,0.56102,1791.3,2.5888,-0.000741572
3911,100,-17.983,0.56545,1791.3,2.5886,-0.000736813
3912,100,-17.981,0.56984,1791.3,2.5884,-0.000756101
3913,100,-17.979,0.57417,1791.3,2.5882,-0.000782179
3914,100,-17.977,0.57845,1791.3,2.588,-0.000756623
3915,100,-17.974,0.58269,1791.3,2.5878,-0.000789779
3916,100,-17.972,0.58688,1791.3,2.5876,-0.00078271
3917,100,-17.97,0.59102,1791.3,2.5874,-0.000809048
3918,100,-17.967,0.59511,1791.4,2.5873,-0.000829472
3919,100,-17.965,0.59915,1791.4,2.5871,-0.000832349
3920,100,-17.963,0.60315,1791.4,2.5869,-0.000845459
3921,100,-17.96,0.6071,1791.4,2.5867,-0.00084195
3922,100,-17.958,0.61101,1791.4,2.5865,-0.00086952
3923,100,-17.956,0.61487,1791.4,2.5863,-0.000856314
3924,100,-17.953,0.6187,1791.4,2.5861,-0.000863738
3925,100,-17.951,0.62247,1791.4,2.5859,-0.00088038
3926,100,-17.949,0.62622,1791.4,2.5857,-0.000909807
3927,100,-17.946,0.62992,1791.4,2.5855,-0.000890799
3928,100,-17.944,0.63358,1791.4,2.5853,-0.000911779
3929,100,-17.942,0.6372,1791.4,2.5852,-0.000929798
3930,100,-17.939,0.64078,1791.4,2.585,-0.000917563
3931,100,-17.937,0.64434,1791.4,2.5848,-0.000943911
3932,100,-17.935,0.64785,1791.4,2.5846,-0.000949184
3933,100,-17.932,0.65133,1791.4,2.5844,-0.000932893
3934,100,-17.93,0.65477,1791.4,2.5842,-0.000974062
3935,100,-17.928,0.65819,1791.4,2.584,-0.000973356
3936,100,-17.925,0.66157,1791.4,2.5839,-0.000976938
3937,100,-17.923,0.66491,1791.4,2.5837,-0.000962331
3938,100,-17.921,0.66823,1791.4,2.5835,-0.000972901
3939,100,-17.918,0.67151,1791.4,2.5833,-0.001017951
3940,100,-17.916,0.67477,1791.4,2.5831,-0.000987988
3941,100,-17.914,0.678,1791.4,2.5829,-0.001030394
3942,100,-17.911,0.6812,1791.4,2.5828,-0.001026343
3943,100,-17.909,0.68436,1791.4,2.5826,-0.000998323
3944,100,-17.907,0.68751,1791.5,2.5824,-0.001035672
3945,100,-17.904,0.69062,1791.5,2.5822,-0.001043591
3946,100,-17.902,0.69371,1791.5,2.582,-0.001039805
3947,100,-17.9,0.69677,1791.5,2.5818,-0.001039578
3948,100,-17.897,0.69981,1791.5,2.5817,-0.001050896
3949,100,-17.895,0.70282,1791.5,2.5815,-0.001077564
3950,100,-17.893,0.7058,1791.5,2.5813,-0.001045562
3951,100,-17.89,0.70877,1791.5,2.5811,-0.001051168
3952,100,-17.888,0.71171,1791.5,2.5809,-0.001060769
3953,100,-17.886,0.71463,1791.5,2.5808,-0.001114785
3954,100,-17.883,0.71753,1791.5,2.5806,-0.001066408
3955,100,-17.881,0.72039,1791.5,2.5804,-0.001085932
3956,100,-17.879,0.72324,1791.5,2.5802,-0.001101401
3957,100,-17.877,0.72607,1791.5,2.5801,-0.001088281
3958,100,-17.874,0.72888,1791.5,2.5799,-0.001113048
3959,100,-17.872,0.73167,1791.5,2.5797,-0.00110854
3960,100,-17.87,0.73443,1791.5,2.5795,-0.00109439
3961,100,-17.867,0.73718,1791.5,2.5794,-0.001112103
3962,100,-17.865,0.7399,1791.5,2.5792,-0.001108708
3963,100,-17.863,0.74261,1791.5,2.579,-0.001112246
3964,100,-17.861,0.7453,1791.5,2.5788,-0.001122777
3965,100,-17.858,0.74797,1791.5,2.5787,-0.001129525
3966,100,-17.856,0.75062,1791.5,2.5785,-0.001118378
3967,100,-17.854,0.75325,1791.5,2.5783,-0.001116232
3968,100,-17.851,0.75587,1791.5,2.5781,-0.001108607
3969,100,-17.849,0.75846,1791.5,2.578,-0.001107316
3970,100,-17.847,0.76104,1791.6,2.5778,-0.001167299
3971,100,-17.845,0.7636,1791.6,2.5776,-0.001121694
3972,100,-17.842,0.76615,1791.6,2.5775,-0.001115068
3973,100,-17.84,0.76867,1791.6,2.5773,-0.001112649
3974,100,-17.838,0.77119,1791.6,2.5771,-0.001113792
3975,100,-17.836,0.77367,1791.6,2.5769,-0.001137294
3976,100,-17.834,0.77616,1791.6,2.5768,-0.00112653
3977,100,-17.831,0.77862,1791.6,2.5766,-0.00110423
3978,100,-17.829,0.78107,1791.6,2.5764,-0.001124715
3979,100,-17.827,0.7835,1791.6,2.5763,-0.00113597
3980,100,-17.825,0.78592,1791.6,2.5761,-0.001101726
3981,100,-17.822,0.78832,1791.6,2.5759,-0.001116904
3982,100,-17.82,0.79071,1791.6,2.5758,-0.001113843
3983,100,-17.818,0.79309,1791.6,2.5756,-0.001134923
3984,100,-17.816,0.79546,1791.6,2.5754,-0.00112665
3985,100,-17.814,0.7978,1791.6,2.5753,-0.001092871
3986,100,-17.811,0.80013,1791.6,2.5751,-0.001120557
3987,100,-17.809,0.80245,1791.6,2.5749,-0.001125591
3988,100,-17.807,0.80476,1791.6,2.5748,-0.001113738
3989,100,-17.805,0.80705,1791.6,2.5746,-0.001116311
3990,100,-17.803,0.80933,1791.6,2.5745,-0.001122655
3991,100,-17.8,0.8116,1791.6,2.5743,-0.00109285
3992,100,-17.798,0.81385,1791.6,2.5741,-0.001128455
3993,100,-17.796,0.81609,1791.6,2.574,-0.001106817
3994,100,-17.794,0.81832,1791.6,2.5738,-0.001088557
3995,100,-17.792,0.82054,1791.7,2.5736,-0.001099246
3996,100,-17.789,0.82274,1791.7,2.5735,-0.001075813
3997,100,-17.787,0.82493,1791.7,2.5733,-0.001127409
3998,100,-17.785,0.82711,1791.7,2.5732,-0.00108054
3999,100,-17.783,0.82928,1791.7,2.573,-0.001090011
