Time,f_flex,f_frac,f_grad,length
0,-1.9491,687.03,0.29567,40
1,1.8377,733.19,0.78267,40
2,-0.3912,730.11,1.1923,40
3,-1.9615,727.86,1.5116,40
4,-3.0796,726.14,1.759,40
5,-3.8999,724.75,1.9521,40
6,-4.5243,723.61,2.1042,40
7,-5.0195,722.64,2.2251,40
8,-5.4291,721.82,2.3218,40
9,-5.7814,721.11,2.3999,40
10,-6.0946,720.5,2.4633,40
11,-6.3807,719.96,2.5151,40
12,-6.6472,719.49,2.558,40
13,-6.8991,719.07,2.5937,40
14,-7.1395,718.7,2.6237,40
15,-7.3385,718.57,2.6543,40
16,-7.4787,718.47,2.6807,40
17,-7.5811,718.38,2.7027,40
18,-7.6621,718.29,2.7214,40
19,-7.7315,718.2,2.7373,40
20,-7.7948,718.12,2.751,40
21,-7.8553,718.04,2.7629,40
22,-7.9149,717.96,2.7733,40
23,-7.9746,717.89,2.7826,40
24,-8.035,717.81,2.7909,40
25,-8.0963,717.75,2.7984,40
26,-8.1586,717.68,2.8052,40
27,-8.2218,717.62,2.8115,40
28,-8.2859,717.56,2.8174,40
29,-8.3506,717.5,2.8229,40
30,-8.4161,717.44,2.8281,40
31,-8.482,717.39,2.8331,40
32,-8.5483,717.34,2.8378,40
33,-8.6149,717.29,2.8425,40
34,-8.6818,717.25,2.847,40
35,-8.7487,717.2,2.8514,40
36,-8.8157,717.16,2.8557,40
37,-8.8827,717.12,2.8599,40
38,-8.9496,717.08,2.8641,40
39,-9.0165,717.05,2.8683,40
40,-9.0832,717.02,2.8724,40
41,-9.1497,716.98,2.8765,40
42,-9.216,716.96,2.8806,40
43,-9.2821,716.93,2.8847,40
44,-9.3479,716.9,2.8888,40
45,-9.4135,716.88,2.8928,40
46,-9.4788,716.86,2.8969,40
47,-9.5438,716.84,2.901,40
48,-9.6084,716.82,2.9051,40
49,-9.6728,716.8,2.9092,40
50,-9.7368,716.79,2.9134,40
51,-9.8004,716.77,2.9175,40
52,-9.8637,716.76,2.9217,40
53,-9.9266,716.75,2.9258,40
54,-9.9892,716.74,2.9301,40
55,-10.051,716.74,2.9343,40
56,-10.113,716.73,2.9385,40
57,-10.175,716.73,2.9428,40
58,-10.236,716.73,2.9471,40
59,-10.296,716.73,2.9514,40
60,-10.357,716.73,2.9557,40
61,-10.417,716.73,2.9601,40
62,-10.476,716.73,2.9645,40
63,-10.535,716.74,2.9689,40
64,-10.594,716.74,2.9733,40
65,-10.653,716.75,2.9778,40
66,-10.711,716.76,2.9822,40
67,-10.769,716.77,2.9867,40
68,-10.826,716.78,2.9913,40
69,-10.883,716.79,2.9958,40
70,-10.939,716.81,3.0004,40
71,-10.996,716.82,3.005,40
72,-11.051,716.84,3.0097,40
73,-11.107,716.86,3.0143,40
74,-11.162,716.88,3.019,40
75,-11.217,716.9,3.0237,40
76,-11.271,716.92,3.0284,40
77,-11.325,716.94,3.0332,40
78,-11.379,716.96,3.038,40
79,-11.432,716.99,3.0428,40
80,-11.485,717.01,3.0476,40
81,-11.537,717.04,3.0525,40
82,-11.59,717.07,3.0574,40
83,-11.641,717.1,3.0623,40
84,-11.693,717.13,3.0673,40
85,-11.744,717.16,3.0722,40
86,-11.795,717.19,3.0772,40
87,-11.845,717.22,3.0823,40
88,-11.896,717.25,3.0873,40
89,-11.946,717.29,3.0924,40
90,-11.995,717.32,3.0975,40
91,-12.044,717.36,3.1026,40
92,-12.093,717.39,3.1078,40
93,-12.142,717.43,3.113,40
94,-12.19,717.47,3.1182,40
95,-12.238,717.51,3.1234,40
96,-12.285,717.55,3.1287,40
97,-12.333,717.59,3.134,40
98,-12.38,717.64,3.1393,40
99,-12.426,717.68,3.1447,40
100,-12.473,717.72,3.1501,40
101,-12.519,717.77,3.1555,40
102,-12.564,717.81,3.1609,40
103,-12.61,717.86,3.1664,40
104,-12.655,717.9,3.1719,40
105,-12.699,717.95,3.1774,40
106,-12.744,718,3.1829,40
107,-12.788,718.05,3.1885,40
108,-12.832,718.09,3.1941,40
109,-12.875,718.14,3.1998,40
110,-12.918,718.19,3.2054,40
111,-12.961,718.24,3.2111,40
112,-13.004,718.3,3.2169,40
113,-13.046,718.35,3.2226,40
114,-13.088,718.4,3.2284,40
115,-13.13,718.45,3.2342,40
116,-13.171,718.51,3.24,40
117,-13.212,718.56,3.2459,40
118,-13.253,718.62,3.2518,40
119,-13.294,718.67,3.2578,40
120,-13.334,718.73,3.2637,40
121,-13.374,718.79,3.2697,40
122,-13.414,718.84,3.2757,40
123,-13.453,718.9,3.2818,40
124,-13.492,718.96,3.2879,40
125,-13.531,719.02,3.294,40
126,-13.569,719.08,3.3001,40
127,-13.608,719.14,3.3063,40
128,-13.646,719.2,3.3125,40
129,-13.683,719.26,3.3188,40
130,-13.721,719.32,3.325,40
131,-13.758,719.38,3.3313,40
132,-13.795,719.44,3.3377,40
133,-13.832,719.5,3.3441,40
134,-13.868,719.57,3.3505,40
135,-13.904,719.63,3.3569,40
136,-13.94,719.69,3.3634,40
137,-13.975,719.76,3.3699,40
138,-14.011,719.82,3.3764,40
139,-14.046,719.88,3.383,40
140,-14.08,719.95,3.3896,40
141,-14.115,720.01,3.3963,40
142,-14.149,720.08,3.4029,40
143,-14.183,720.14,3.4097,40
144,-14.217,720.21,3.4164,40
145,-14.251,720.27,3.4232,40
146,-14.284,720.34,3.43,40
147,-14.317,720.41,3.4369,40
148,-14.35,720.47,3.4438,40
149,-14.382,720.54,3.4507,40
150,-14.414,720.61,3.4577,40
151,-14.446,720.68,3.4647,40
152,-14.478,720.75,3.4717,40
153,-14.51,720.82,3.4788,40
154,-14.541,720.88,3.4859,40
155,-14.572,720.95,3.4931,40
156,-14.603,721.02,3.5003,40
157,-14.633,721.09,3.5075,40
158,-14.664,721.16,3.5148,40
159,-14.694,721.23,3.5221,40
160,-14.724,721.3,3.5295,40
161,-14.754,721.37,3.5369,40
162,-14.783,721.44,3.5443,40
163,-14.813,721.51,3.5518,40
164,-14.842,721.58,3.5593,40
165,-14.871,721.65,3.5668,40
166,-14.9,721.72,3.5744,40
167,-14.928,721.79,3.5821,40
168,-14.957,721.87,3.5897,40
169,-14.985,721.94,3.5974,40
170,-15.013,722.01,3.6052,40
171,-15.041,722.08,3.613,40
172,-15.068,722.15,3.6208,40
173,-15.096,722.22,3.6287,40
174,-15.123,722.29,3.6366,40
175,-15.15,722.37,3.6446,40
176,-15.177,722.44,3.6526,40
177,-15.203,722.51,3.6607,40
178,-15.23,722.58,3.6688,40
179,-15.256,722.65,3.6769,40
180,-15.282,722.73,3.6851,40
181,-15.308,722.8,3.6934,40
182,-15.333,722.87,3.7017,40
183,-15.359,722.94,3.71,40
184,-15.384,723.02,3.7184,40
185,-15.409,723.09,3.7268,40
186,-15.434,723.16,3.7353,40
187,-15.458,723.24,3.7438,40
188,-15.483,723.31,3.7523,40
189,-15.507,723.38,3.761,40
190,-15.531,723.46,3.7696,40
191,-15.555,723.53,3.7783,40
192,-15.579,723.6,3.7871,40
193,-15.602,723.68,3.7959,40
194,-15.625,723.75,3.8048,40
195,-15.648,723.82,3.8137,40
196,-15.671,723.9,3.8227,40
197,-15.694,723.97,3.8317,40
198,-15.716,724.05,3.8408,40
199,-15.739,724.12,3.8499,40
200,-15.761,724.19,3.8591,40
201,-15.783,724.27,3.8683,40
202,-15.805,724.34,3.8776,40
203,-15.826,724.41,3.8869,40
204,-15.847,724.49,3.8963,40
205,-15.869,724.56,3.9058,40
206,-15.889,724.63,3.9153,40
207,-15.91,724.71,3.9249,40
208,-15.931,724.78,3.9345,40
209,-15.951,724.85,3.9442,40
210,-15.971,724.93,3.9539,40
211,-15.991,725,3.9637,40
212,-16.011,725.07,3.9736,40
213,-16.03,725.15,3.9835,40
214,-16.05,725.22,3.9935,40
215,-16.069,725.29,4.0035,40
216,-16.088,725.36,4.0136,40
217,-16.106,725.44,4.0238,40
218,-16.125,725.51,4.034,40
219,-16.143,725.58,4.0443,40
220,-16.161,725.66,4.0547,40
221,-16.179,725.73,4.0651,40
222,-16.197,725.8,4.0756,40
223,-16.214,725.87,4.0862,40
224,-16.232,725.95,4.0968,40
225,-16.249,726.02,4.1075,40
226,-16.266,726.09,4.1182,40
227,-16.282,726.16,4.129,40
228,-16.299,726.24,4.1399,40
229,-16.315,726.31,4.1509,40
230,-16.331,726.38,4.1619,40
231,-16.347,726.45,4.1731,40
232,-16.363,726.53,4.1842,40
233,-16.378,726.6,4.1955,40
234,-16.394,726.67,4.2068,40
235,-16.409,726.74,4.2182,40
236,-16.424,726.82,4.2297,40
237,-16.438,726.89,4.2412,40
238,-16.453,726.96,4.2529,40
239,-16.467,727.03,4.2646,40
240,-16.481,727.1,4.2764,40
241,-16.495,727.18,4.2882,40
242,-16.509,727.25,4.3002,40
243,-16.522,727.32,4.3122,40
244,-16.535,727.39,4.3243,40
245,-16.548,727.46,4.3365,40
246,-16.561,727.53,4.3488,40
247,-16.574,727.6,4.3611,40
248,-16.586,727.67,4.3736,40
249,-16.598,727.74,4.3861,40
250,-16.61,727.82,4.3987,40
251,-16.622,727.89,4.4114,40
252,-16.634,727.96,4.4242,40
253,-16.645,728.03,4.4371,40
254,-16.656,728.1,4.4501,40
255,-16.667,728.17,4.4632,40
256,-16.678,728.24,4.4763,40
257,-16.688,728.31,4.4896,40
258,-16.698,728.38,4.503,40
259,-16.709,728.45,4.5164,40
260,-16.718,728.52,4.53,40
261,-16.728,728.59,4.5436,40
262,-16.737,728.65,4.5574,40
263,-16.747,728.72,4.5712,40
264,-16.756,728.79,4.5852,40
265,-16.764,728.86,4.5992,40
266,-16.773,728.93,4.6134,40
267,-16.781,729,4.6277,40
268,-16.789,729.07,4.642,40
269,-16.797,729.14,4.6565,40
270,-16.805,729.2,4.6711,40
271,-16.812,729.27,4.6858,40
272,-16.82,729.34,4.7006,40
273,-16.827,729.41,4.7156,40
274,-16.833,729.48,4.7306,40
275,-16.84,729.54,4.7458,40
276,-16.846,729.61,4.7611,40
277,-16.852,729.68,4.7765,40
278,-16.858,729.75,4.792,40
279,-16.864,729.81,4.8076,40
280,-16.869,729.88,4.8234,40
281,-16.874,729.95,4.8393,40
282,-16.879,730.01,4.8553,40
283,-16.884,730.08,4.8715,40
284,-16.888,730.15,4.8877,40
285,-16.892,730.21,4.9041,40
286,-16.896,730.28,4.9207,40
287,-16.9,730.35,4.9374,40
288,-16.903,730.41,4.9542,40
289,-16.906,730.48,4.9711,40
290,-16.909,730.55,4.9882,40
291,-16.912,730.61,5.0055,40
292,-16.914,730.68,5.0228,40
293,-16.916,730.74,5.0404,40
294,-16.918,730.81,5.058,40
295,-16.92,730.88,5.0759,40
296,-16.921,730.94,5.0938,40
297,-16.922,731.01,5.112,40
298,-16.923,731.07,5.1302,40
299,-16.924,731.14,5.1487,40
300,-16.924,731.2,5.1673,40
301,-16.924,731.27,5.186,40
302,-16.924,731.33,5.205,40
303,-16.924,731.4,5.224,40
304,-16.923,731.46,5.2433,40
305,-16.922,731.52,5.2627,40
306,-16.92,731.59,5.2823,40
307,-16.919,731.65,5.3021,40
308,-16.917,731.72,5.322,40
309,-16.914,731.78,5.3422,40
310,-16.912,731.84,5.3625,40
311,-16.909,731.91,5.3829,40
312,-16.906,731.97,5.4036,40
313,-16.902,732.03,5.4245,40
314,-16.899,732.1,5.4455,40
315,-16.895,732.16,5.4668,40
316,-16.89,732.22,5.4882,40
317,-16.885,732.28,5.5098,40
318,-16.88,732.35,5.5316,40
319,-16.875,732.41,5.5537,40
320,-16.869,732.47,5.5759,40
321,-16.863,732.53,5.5983,40
322,-16.857,732.59,5.621,40
323,-16.85,732.66,5.6439,40
324,-16.843,732.72,5.6669,40
325,-16.835,732.78,5.6903,40
326,-16.827,732.84,5.7138,40
327,-16.819,732.9,5.7375,40
328,-16.81,732.96,5.7615,40
329,-16.801,733.02,5.7857,40
330,-16.792,733.08,5.8102,40
331,-16.782,733.15,5.8349,40
332,-16.772,733.21,5.8598,40
333,-16.762,733.27,5.885,40
334,-16.75,733.33,5.9104,40
335,-16.739,733.39,5.9361,40
336,-16.727,733.45,5.962,40
337,-16.715,733.51,5.9882,40
338,-16.702,733.57,6.0146,40
339,-16.689,733.63,6.0414,40
340,-16.675,733.69,6.0684,40
341,-16.661,733.75,6.0956,40
342,-16.646,733.81,6.1232,40
343,-16.631,733.86,6.151,40
344,-16.615,733.92,6.1791,40
345,-16.599,733.98,6.2075,40
346,-16.583,734.04,6.2362,40
347,-16.565,734.1,6.2652,40
348,-16.547,734.16,6.2945,40
349,-16.529,734.22,6.3241,40
350,-16.51,734.28,6.3541,40
351,-16.491,734.34,6.3843,40
352,-16.471,734.39,6.4149,40
353,-16.45,734.45,6.4458,40
354,-16.428,734.51,6.477,40
355,-16.407,734.57,6.5085,40
356,-16.384,734.63,6.5404,40
357,-16.361,734.69,6.5727,40
358,-16.337,734.74,6.6053,40
359,-16.312,734.8,6.6382,40
360,-16.287,734.86,6.6715,40
361,-16.261,734.92,6.7052,40
362,-16.234,734.98,6.7393,40
363,-16.207,735.03,6.7737,40
364,-16.178,735.09,6.8086,40
365,-16.149,735.15,6.8438,40
366,-16.12,735.21,6.8794,40
367,-16.104,735.28,6.9147,40
368,-16.084,735.36,6.9505,40
369,-16.089,735.47,6.9852,40
370,-16.083,735.59,7.0202,40
371,-16.082,735.72,7.0549,40
372,-16.07,735.85,7.0899,40
373,-16.063,736.01,7.1246,40
374,-16.059,736.18,7.1588,40
375,-16.057,736.37,7.1926,40
376,-16.039,736.56,7.2266,40
377,-16.01,736.76,7.261,40
378,-15.972,736.95,7.2958,40.5
379,-15.927,737.15,7.331,40.5
380,-15.877,737.34,7.3667,40.5
381,-15.822,737.54,7.4027,40.5
382,-15.763,737.74,7.4392,40.5
383,-15.702,737.93,7.4762,40.5
384,-15.639,738.13,7.5137,40.5
385,-15.574,738.33,7.5516,40.5
386,-15.509,738.52,7.5901,40.5
387,-15.444,738.72,7.629,40.5
388,-15.38,738.92,7.6685,40.5
389,-15.316,739.12,7.7085,40.5
390,-15.254,739.32,7.749,40.5
391,-15.193,739.52,7.7901,40.5
392,-14.627,739.72,7.8242,40.5
393,-14.423,739.95,7.8616,40.5
394,-14.311,740.17,7.9017,40.5
395,-14.23,740.39,7.9436,40.5
396,-14.162,740.61,7.9867,40.5
397,-14.099,740.83,8.0305,40.5
398,-14.04,741.05,8.0751,40.5
399,-13.985,741.26,8.1202,40.5
400,-13.887,741.44,8.1683,40.5
401,-13.827,741.64,8.2162,40.5
402,-13.773,741.83,8.2647,40.5
403,-13.724,742.03,8.3139,40.5
404,-13.681,742.23,8.3638,40.5
405,-13.67,742.46,8.4131,40.5
406,-13.659,742.68,8.4627,40.5
407,-13.649,742.91,8.5129,40.5
408,-13.642,743.14,8.5636,40.5
409,-13.639,743.37,8.6149,40.5
410,-13.638,743.6,8.6667,40.5
411,-13.642,743.84,8.7192,40.5
412,-13.65,744.08,8.7724,40.5
413,-13.661,744.32,8.8262,40.5
414,-13.677,744.56,8.8808,40.5
415,-13.696,744.81,8.9361,40.5
416,-13.719,745.07,8.9921,41
417,-13.747,745.32,9.049,41
418,-13.778,745.58,9.1066,41
419,-13.813,745.85,9.1651,41
420,-13.853,746.12,9.2243,41
421,-13.896,746.39,9.2845,41
422,-13.943,746.67,9.3455,41
423,-13.995,746.96,9.4075,41
424,-14.05,747.24,9.4703,41
425,-14.11,747.54,9.5342,41
426,-14.173,747.84,9.599,41
427,-14.239,748.15,9.6648,41
428,-14.309,748.46,9.7317,41
429,-14.382,748.78,9.7996,41
430,-14.459,749.11,9.8686,41
431,-14.537,749.45,9.9388,41
432,-14.619,749.79,10.01,41
433,-14.702,750.14,10.083,41
434,-14.787,750.49,10.156,41
435,-14.874,750.86,10.231,41
436,-14.962,751.23,10.308,41
437,-15.051,751.61,10.385,41
438,-15.14,752,10.464,41
439,-15.229,752.4,10.544,41
440,-15.317,752.8,10.626,41
441,-15.404,753.22,10.709,41
442,-15.49,753.64,10.794,41
443,-15.574,754.07,10.88,41
444,-15.655,754.52,10.968,41
445,-15.734,754.97,11.057,41
446,-15.81,755.43,11.148,41
447,-15.882,755.9,11.24,41
448,-15.95,756.38,11.334,41
449,-16.013,756.88,11.43,41
450,-16.072,757.38,11.527,41
451,-16.125,757.89,11.626,41.5
452,-16.173,758.42,11.727,41.5
453,-16.215,758.95,11.83,41.5
454,-16.25,759.5,11.934,41.5
455,-16.278,760.05,12.041,41.5
456,-16.299,760.62,12.149,41.5
457,-16.312,761.2,12.258,41.5
458,-16.317,761.78,12.37,41.5
459,-16.313,762.38,12.484,41.5
460,-16.3,762.99,12.599,41.5
461,-16.278,763.6,12.717,41.5
462,-16.247,764.22,12.836,41.5
463,-16.206,764.85,12.957,41.5
464,-16.156,765.48,13.081,41.5
465,-16.101,766.64,13.197,41.5
466,-16.403,767.74,13.319,41.5
467,-16.653,768.75,13.447,41.5
468,-16.865,769.73,13.577,41.5
469,-17.046,770.68,13.711,41.5
470,-17.202,771.62,13.847,41.5
471,-17.333,772.55,13.985,41.5
472,-17.443,773.47,14.126,41.5
473,-17.531,774.37,14.269,41.5
474,-17.601,775.27,14.414,41.5
475,-17.651,776.15,14.561,41.5
476,-17.683,777.02,14.71,41.5
477,-17.698,777.88,14.861,41.5
478,-17.696,778.72,15.015,41.5
479,-17.678,779.54,15.17,41.5
480,-17.643,780.35,15.327,41.5
481,-17.593,781.14,15.486,41.5
482,-17.527,781.91,15.647,41.5
483,-17.446,782.66,15.81,42
484,-17.349,783.39,15.975,42
485,-17.238,784.09,16.142,42
486,-17.112,784.76,16.311,42
487,-16.975,785.4,16.481,42
488,-16.826,786.01,16.654,42
489,-16.667,786.58,16.828,42
490,-16.501,787.12,17.004,42
491,-16.33,787.63,17.182,42
492,-16.155,788.11,17.361,42
493,-15.978,788.55,17.543,42
494,-15.801,788.97,17.726,42
495,-15.625,789.36,17.911,42
496,-15.451,789.72,18.097,42
497,-15.278,790.05,18.285,42
498,-15.108,790.36,18.475,42
499,-14.939,790.65,18.667,42
500,-14.77,790.92,18.861,42
501,-14.599,791.16,19.056,42
502,-14.427,791.39,19.253,42
503,-14.251,791.6,19.451,42
504,-14.069,791.79,19.652,42
505,-13.881,791.97,19.854,42
506,-13.685,792.14,20.058,42
507,-13.482,792.3,20.263,42
508,-13.27,792.45,20.471,42
509,-13.049,792.59,20.68,42
510,-12.82,792.72,20.891,42
511,-12.584,792.85,21.103,42
512,-12.339,792.98,21.318,42
513,-12.088,793.11,21.534,42
514,-11.83,793.23,21.752,42
515,-11.568,793.35,21.972,42.5
516,-11.301,793.47,22.194,42.5
517,-11.032,793.59,22.418,42.5
518,-10.761,793.71,22.644,42.5
519,-10.49,793.83,22.871,42.5
520,-10.22,793.96,23.101,42.5
521,-9.9528,794.08,23.333,42.5
522,-9.6898,794.21,23.566,42.5
523,-9.4319,794.34,23.802,42.5
524,-9.1801,794.47,24.04,42.5
525,-8.9351,794.6,24.279,42.5
526,-8.6973,794.73,24.521,42.5
527,-8.4671,794.86,24.765,42.5
528,-8.2446,795,25.012,42.5
529,-7.5926,795.11,25.257,42.5
530,-7.3161,795.25,25.507,42.5
531,-7.1409,795.4,25.761,42.5
532,-7.0023,795.54,26.018,42.5
533,-6.8793,795.69,26.278,42.5
534,-6.7655,795.83,26.541,42.5
535,-6.6593,795.98,26.806,42.5
536,-6.5601,796.14,27.074,42.5
537,-6.468,796.29,27.343,42.5
538,-6.3829,796.45,27.615,42.5
539,-6.3049,796.61,27.889,42.5
540,-6.2338,796.78,28.165,42.5
541,-6.1693,796.95,28.443,42.5
542,-6.1113,797.12,28.723,42.5
543,-6.0596,797.31,29.005,42.5
544,-6.0141,797.49,29.29,42.5
545,-5.9747,797.69,29.576,42.5
546,-5.9413,797.89,29.864,43
547,-5.9139,798.09,30.154,43
548,-5.8925,798.31,30.446,43
549,-5.8771,798.53,30.74,43
550,-5.8678,798.76,31.036,43
551,-5.8644,798.99,31.334,43
552,-5.8668,799.24,31.634,43
553,-5.8748,799.49,31.936,43
554,-5.8881,799.76,32.239,43
555,-5.9063,800.03,32.545,43
556,-5.9289,800.31,32.853,43
557,-5.9555,800.6,33.162,43
558,-5.9854,800.9,33.474,43
559,-6.0183,801.22,33.787,43
560,-6.0534,801.54,34.103,43
561,-6.0903,801.87,34.42,43
562,-6.1283,802.21,34.74,43
563,-6.1668,802.57,35.061,43
564,-6.2052,802.93,35.384,43
565,-6.2426,803.31,35.71,43
566,-6.2786,803.7,36.037,43
567,-6.3123,804.1,36.367,43
568,-6.3432,804.51,36.699,43
569,-6.3706,804.94,37.033,43
570,-6.3937,805.37,37.369,43
571,-6.4119,805.82,37.707,43
572,-6.4247,806.29,38.048,43
573,-6.4315,806.76,38.39,43
574,-6.4316,807.25,38.735,43
575,-6.4247,807.76,39.081,43
576,-6.4101,808.27,39.43,43
577,-6.3873,808.8,39.781,43.5
578,-6.3557,809.34,40.134,43.5
579,-6.3147,809.9,40.489,43.5
580,-6.2638,810.47,40.846,43.5
581,-6.2025,811.06,41.206,43.5
582,-6.1301,811.65,41.567,43.5
583,-6.0463,812.26,41.931,43.5
584,-5.9507,812.88,42.297,43.5
585,-5.8429,813.51,42.665,43.5
586,-5.7228,814.16,43.035,43.5
587,-5.5902,814.81,43.407,43.5
588,-5.4451,815.47,43.781,43.5
589,-5.2876,816.14,44.157,43.5
590,-5.1175,816.81,44.535,43.5
591,-4.769,817.8,44.913,43.5
592,-5.1864,819.04,45.295,43.5
593,-5.4812,820.15,45.682,43.5
594,-5.7112,821.21,46.074,43.5
595,-5.8955,822.23,46.47,43.5
596,-6.0438,823.23,46.869,43.5
597,-6.1624,824.21,47.27,43.5
598,-6.2556,825.17,47.675,43.5
599,-6.3268,826.11,48.081,43.5
600,-6.379,827.03,48.491,43.5
601,-6.4145,827.93,48.902,43.5
602,-6.4352,828.81,49.315,43.5
603,-6.4427,829.67,49.729,43.5
604,-6.438,830.52,50.146,43.5
605,-6.4219,831.34,50.563,43.5
606,-6.3947,832.14,50.982,43.5
607,-6.3565,832.91,51.402,43.5
608,-6.3073,833.66,51.823,44
609,-6.2467,834.38,52.244,44
610,-6.1745,835.07,52.666,44
611,-6.0905,835.73,53.089,44
612,-5.995,836.35,53.511,44
613,-5.8889,836.93,53.934,44
614,-5.7733,837.48,54.357,44
615,-5.6499,837.99,54.78,44
616,-5.5205,838.46,55.203,44
617,-5.3867,838.9,55.625,44
618,-5.2503,839.31,56.048,44
619,-5.1124,839.68,56.47,44
620,-4.9739,840.03,56.891,44
621,-4.8348,840.35,57.313,44
622,-4.695,840.64,57.733,44
623,-4.5535,840.91,58.153,44
624,-4.4091,841.16,58.573,44
625,-4.2602,841.39,58.992,44
626,-4.105,841.6,59.409,44
627,-3.9417,841.79,59.827,44
628,-3.7688,841.96,60.243,44
629,-3.5855,842.12,60.658,44
630,-3.391,842.27,61.072,44
631,-3.1852,842.41,61.485,44
632,-2.9683,842.53,61.898,44
633,-2.7405,842.66,62.308,44
634,-2.5027,842.77,62.718,44
635,-2.2557,842.88,63.127,44
636,-2.0002,842.99,63.534,44
637,-1.7375,843.09,63.94,44
638,-1.4684,843.19,64.345,44
639,-1.1943,843.29,64.748,44.5
640,-0.91624,843.4,65.15,44.5
641,-0.6357,843.5,65.55,44.5
642,-0.35411,843.6,65.949,44.5
643,-0.072941,843.7,66.346,44.5
644,0.20634,843.81,66.742,44.5
645,0.48218,843.92,67.135,44.5
646,0.75318,844.03,67.527,44.5
647,1.018,844.14,67.917,44.5
648,1.2756,844.25,68.305,44.5
649,1.525,844.36,68.69,44.5
650,1.7656,844.48,69.074,44.5
651,1.9968,844.6,69.455,44.5
652,2.2184,844.72,69.834,44.5
653,2.4302,844.84,70.211,44.5
654,3.1011,844.94,70.586,44.5
655,3.2427,845.05,70.965,44.5
656,3.3328,845.17,71.346,44.5
657,3.4025,845.29,71.725,44.5
658,3.4633,845.41,72.105,44.5
659,3.5176,845.53,72.483,44.5
660,3.5655,845.65,72.859,44.5
661,3.6065,845.78,73.234,44.5
662,3.6404,845.91,73.606,44.5
663,3.6672,846.04,73.976,44.5
664,3.6869,846.18,74.343,44.5
665,3.6994,846.32,74.707,44.5
666,3.7049,846.47,75.068,44.5
667,3.7032,846.62,75.425,44.5
668,3.6948,846.78,75.778,44.5
669,3.6797,846.94,76.127,44.5
670,3.6578,847.11,76.472,44.5
671,3.629,847.28,76.811,44.5
672,3.5932,847.46,77.146,45
673,3.5501,847.65,77.476,45
674,3.4996,847.84,77.801,45
675,3.4415,848.04,78.121,45
676,3.3755,848.25,78.435,45
677,3.3017,848.47,78.745,45
678,3.22,848.69,79.048,45
679,3.1306,848.93,79.347,45
680,3.0335,849.17,79.641,45
681,2.9292,849.42,79.929,45
682,2.818,849.68,80.212,45
683,2.7006,849.95,80.491,45
684,2.5775,850.22,80.764,45
685,2.4493,850.51,81.032,45
686,2.3171,850.81,81.296,45
687,2.1814,851.11,81.554,45
688,2.0434,851.43,81.808,45
689,1.9038,851.76,82.057,45
690,1.7636,852.09,82.301,45
691,1.6238,852.44,82.54,45
692,1.4852,852.8,82.774,45
693,1.3488,853.17,83.003,45
694,1.2153,853.55,83.228,45
695,1.0857,853.94,83.448,45
696,0.96062,854.34,83.662,45
697,0.84084,854.75,83.872,45
698,0.72702,855.18,84.078,45
699,0.61977,855.61,84.278,45
700,0.51969,856.06,84.473,45
701,0.42729,856.52,84.664,45
702,0.3431,856.99,84.851,45
703,0.26753,857.47,85.032,45
704,0.20099,857.97,85.209,45.5
705,0.14394,858.47,85.382,45.5
706,0.09678,858.99,85.55,45.5
707,0.059883,859.53,85.715,45.5
708,0.033604,860.07,85.875,45.5
709,0.018255,860.63,86.031,45.5
710,0.014068,861.2,86.185,45.5
711,0.021157,861.77,86.334,45.5
712,0.039615,862.36,86.481,45.5
713,0.069461,862.96,86.624,45.5
714,0.11066,863.57,86.765,45.5
715,0.16305,864.19,86.904,45.5
716,0.22647,864.81,87.04,45.5
717,0.30072,865.45,87.175,45.5
718,0.38559,866.08,87.308,45.5
719,0.85637,866.81,87.438,45.5
720,0.31663,868.04,87.576,45.5
721,-0.058053,869.11,87.718,45.5
722,-0.36025,870.11,87.863,45.5
723,-0.61597,871.07,88.01,45.5
724,-0.8366,872.01,88.158,45.5
725,-1.0285,872.93,88.308,45.5
726,-1.1958,873.83,88.459,45.5
727,-1.3412,874.71,88.612,45.5
728,-1.4673,875.58,88.766,45.5
729,-1.5756,876.43,88.922,45.5
730,-1.6679,877.27,89.08,45.5
731,-1.7455,878.09,89.24,45.5
732,-1.8093,878.89,89.401,45.5
733,-1.8603,879.68,89.565,45.5
734,-1.899,880.45,89.732,45.5
735,-1.9255,881.2,89.901,45.5
736,-1.94,881.93,90.073,45.5
737,-1.9427,882.64,90.249,46
738,-1.9339,883.32,90.427,46
739,-1.9137,883.98,90.61,46
740,-1.8825,884.61,90.796,46
741,-1.8408,885.21,90.987,46
742,-1.7897,885.78,91.182,46
743,-1.7303,886.32,91.382,46
744,-1.6642,886.82,91.587,46
745,-1.5931,887.29,91.798,46
746,-1.5187,887.73,92.015,46
747,-1.4423,888.13,92.238,46
748,-1.3654,888.51,92.468,46
749,-1.2886,888.86,92.705,46
750,-1.2127,889.19,92.95,46
751,-1.1377,889.49,93.202,46
752,-1.0631,889.78,93.463,46
753,-0.98835,890.03,93.733,46
754,-0.91204,890.27,94.011,46
755,-0.83273,890.49,94.3,46
756,-0.74859,890.7,94.598,46
757,-0.65786,890.88,94.907,46
758,-0.55878,891.06,95.227,46
759,-0.44983,891.21,95.559,46
760,-0.32995,891.36,95.903,46
761,-0.19834,891.5,96.259,46
762,-0.054531,891.63,96.628,46
763,0.10157,891.75,97.01,46
764,0.26991,891.86,97.407,46
765,0.45022,891.97,97.817,46
766,0.64193,892.08,98.243,46
767,0.84449,892.19,98.683,46
768,1.0572,892.29,99.139,46
769,1.2792,892.39,99.611,46
770,1.5094,892.49,100.1,46.5
771,1.7465,892.59,100.6,46.5
772,1.9896,892.7,101.12,46.5
773,2.2372,892.8,101.66,46.5
774,2.4877,892.9,102.21,46.5
775,2.7398,893.01,102.78,46.5
776,2.9918,893.12,103.37,46.5
777,3.2422,893.23,103.97,46.5
778,3.4897,893.34,104.58,46.5
779,3.733,893.46,105.21,46.5
780,3.9709,893.58,105.86,46.5
781,4.2028,893.7,106.52,46.5
782,4.4277,893.82,107.19,46.5
783,4.6453,893.94,107.87,46.5
784,4.8552,894.07,108.56,46.5
785,5.482,894.17,109.27,46.5
786,5.6543,894.27,110,46.5
787,5.7636,894.38,110.73,46.5
788,5.8487,894.49,111.48,46.5
789,5.9224,894.6,112.23,46.5
790,5.9873,894.72,112.98,46.5
791,6.0436,894.84,113.74,46.5
792,6.0912,894.96,114.5,46.5
793,6.1296,895.09,115.25,46.5
794,6.1589,895.22,116.01,46.5
795,6.179,895.36,116.76,46.5
796,6.1898,895.5,117.5,46.5
797,6.1913,895.65,118.24,46.5
798,6.1835,895.8,118.97,46.5
799,6.1664,895.96,119.69,46.5
800,6.1405,896.12,120.4,46.5
801,6.1059,896.3,121.1,46.5
802,6.0625,896.47,121.78,46.5
803,6.0105,896.66,122.45,47
804,5.9501,896.85,123.11,47
805,5.8813,897.05,123.75,47
806,5.8043,897.26,124.37,47
807,5.7191,897.48,124.98,47
808,5.6258,897.7,125.57,47
809,5.5244,897.94,126.14,47
810,5.415,898.18,126.69,47
811,5.2979,898.43,127.23,47
812,5.1731,898.69,127.74,47
813,5.0412,898.97,128.24,47
814,4.9023,899.25,128.71,47
815,4.7571,899.54,129.16,47
816,4.606,899.84,129.6,47
817,4.4496,900.16,130.01,47
818,4.2885,900.48,130.41,47
819,4.1234,900.81,130.78,47
820,3.9548,901.16,131.13,47
821,3.7835,901.51,131.47,47
822,3.61,901.88,131.79,47
823,3.4351,902.26,132.08,47
824,3.2593,902.65,132.36,47
825,3.0833,903.06,132.62,47
826,2.9074,903.47,132.87,47
827,2.7324,903.9,133.1,47
828,2.5586,904.34,133.31,47
829,2.3866,904.79,133.5,47
830,2.217,905.26,133.68,47
831,2.0503,905.74,133.85,47
832,1.887,906.23,134,47
833,1.7278,906.74,134.14,47
834,1.5731,907.25,134.27,47
835,1.4236,907.79,134.39,47.5
836,1.2801,908.33,134.49,47.5
837,1.143,908.89,134.59,47.5
838,1.0133,909.47,134.67,47.5
839,0.89153,910.05,134.74,47.5
840,0.77838,910.65,134.81,47.5
841,0.67447,911.27,134.86,47.5
842,0.58044,911.89,134.91,47.5
843,0.49673,912.53,134.95,47.5
844,0.42377,913.18,134.99,47.5
845,0.36191,913.84,135.01,47.5
846,0.3114,914.5,135.03,47.5
847,0.27243,915.18,135.05,47.5
848,0.24526,915.86,135.05,47.5
849,0.23003,916.55,135.06,47.5
850,-0.023269,917.88,135.07,47.5
851,-0.45449,919.02,135.07,47.5
852,-0.82591,920.08,135.08,47.5
853,-1.1526,921.1,135.08,47.5
854,-1.4415,922.1,135.08,47.5
855,-1.6967,923.07,135.08,47.5
856,-1.9211,924.03,135.07,47.5
857,-2.117,924.97,135.07,47.5
858,-2.2862,925.89,135.05,47.5
859,-2.4301,926.8,135.04,47.5
860,-2.55,927.68,135.02,47.5
861,-2.6471,928.55,135,47.5
862,-2.7222,929.4,134.98,47.5
863,-2.776,930.23,134.96,47.5
864,-2.809,931.04,134.93,47.5
865,-2.8221,931.83,134.9,47.5
866,-2.8157,932.59,134.87,48
867,-2.7903,933.33,134.84,48
868,-2.7466,934.04,134.8,48
869,-2.6856,934.73,134.77,48
870,-2.6088,935.38,134.73,48
871,-2.5181,935.99,134.69,48
872,-2.4159,936.57,134.65,48
873,-2.3048,937.11,134.6,48
874,-2.1875,937.62,134.56,48
875,-2.0669,938.09,134.52,48
876,-1.9453,938.53,134.47,48
877,-1.8247,938.94,134.43,48
878,-1.7068,939.32,134.38,48
879,-1.593,939.67,134.34,48
880,-1.4839,940,134.29,48
881,-1.3797,940.3,134.25,48
882,-1.28,940.58,134.2,48
883,-1.1837,940.84,134.16,48
884,-1.0895,941.08,134.11,48
885,-0.99557,941.3,134.06,48
886,-0.90017,941.5,134.02,48
887,-0.80132,941.69,133.97,48
888,-0.69747,941.86,133.92,48
889,-0.58736,942.02,133.88,48
890,-0.47027,942.17,133.83,48
891,-0.34555,942.31,133.78,48
892,-0.21291,942.44,133.73,48
893,-0.072479,942.57,133.68,48
894,0.075493,942.7,133.64,48
895,0.23057,942.82,133.59,48
896,0.39223,942.94,133.54,48
897,0.55971,943.05,133.48,48
898,0.73204,943.17,133.43,48.5
899,0.90797,943.29,133.38,48.5
900,1.086,943.41,133.33,48.5
901,1.2646,943.53,133.27,48.5
902,1.4421,943.65,133.22,48.5
903,1.6167,943.77,133.16,48.5
904,1.7866,943.9,133.1,48.5
905,1.9502,944.02,133.05,48.5
906,2.1059,944.15,132.99,48.5
907,2.2525,944.28,132.93,48.5
908,2.3889,944.42,132.87,48.5
909,2.5144,944.55,132.81,48.5
910,2.6286,944.69,132.74,48.5
911,2.731,944.83,132.68,48.5
912,3.285,944.94,132.62,48.5
913,3.345,945.07,132.56,48.5
914,3.329,945.21,132.5,48.5
915,3.2801,945.35,132.44,48.5
916,3.2134,945.5,132.38,48.5
917,3.1331,945.64,132.32,48.5
918,3.0402,945.79,132.26,48.5
919,2.935,945.94,132.2,48.5
920,2.8179,946.09,132.13,48.5
921,2.689,946.25,132.07,48.5
922,2.5487,946.41,132,48.5
923,2.397,946.58,131.94,48.5
924,2.2342,946.75,131.87,48.5
925,2.0605,946.93,131.8,48.5
926,1.8764,947.11,131.73,48.5
927,1.6819,947.31,131.66,48.5
928,1.4771,947.51,131.59,49
929,1.2622,947.72,131.52,49
930,1.0373,947.93,131.45,49
931,0.80233,948.16,131.37,49
932,0.55753,948.39,131.3,49
933,0.303,948.64,131.23,49
934,0.038967,948.89,131.15,49
935,-0.23423,949.15,131.07,49
936,-0.51626,949.43,131,49
937,-0.8066,949.71,130.92,49
938,-1.1046,950.01,130.84,49
939,-1.4098,950.32,130.76,49
940,-1.7214,950.64,130.68,49
941,-2.0385,950.97,130.6,49
942,-2.3602,951.32,130.52,49
943,-2.6856,951.68,130.44,49
944,-3.0136,952.05,130.36,49
945,-3.3432,952.43,130.28,49
946,-3.673,952.83,130.2,49
947,-4.0022,953.24,130.11,49
948,-4.3294,953.67,130.03,49
949,-4.6537,954.11,129.95,49
950,-4.9742,954.57,129.87,49
951,-5.2899,955.04,129.78,49
952,-5.5999,955.53,129.7,49
953,-5.9033,956.03,129.62,49
954,-6.1993,956.55,129.54,49
955,-6.4868,957.09,129.46,49
956,-6.765,957.64,129.37,49
957,-7.033,958.21,129.29,49.5
958,-7.2897,958.8,129.21,49.5
959,-7.5341,959.41,129.13,49.5
960,-7.765,960.04,129.05,49.5
961,-7.9814,960.68,128.97,49.5
962,-8.1822,961.35,128.89,49.5
963,-8.3664,962.03,128.81,49.5
964,-8.5331,962.72,128.73,49.5
965,-8.6817,963.43,128.65,49.5
966,-8.8114,964.16,128.57,49.5
967,-8.9219,964.9,128.49,49.5
968,-9.0128,965.65,128.41,49.5
969,-9.0838,966.41,128.33,49.5
970,-9.1348,967.19,128.25,49.5
971,-9.4353,968.6,128.18,49.5
972,-9.9499,969.9,128.1,49.5
973,-10.385,971.11,128.03,49.5
974,-10.758,972.28,127.97,49.5
975,-11.076,973.42,127.9,49.5
976,-11.344,974.53,127.83,49.5
977,-11.565,975.62,127.76,49.5
978,-11.742,976.69,127.7,49.5
979,-11.878,977.73,127.63,49.5
980,-11.975,978.74,127.57,49.5
981,-12.035,979.74,127.51,49.5
982,-12.06,980.71,127.44,49.5
983,-12.051,981.65,127.38,49.5
984,-12.009,982.56,127.32,49.5
985,-11.937,983.44,127.25,50
986,-11.835,984.28,127.19,50
987,-11.707,985.09,127.13,50
988,-11.555,985.85,127.07,50
989,-11.385,986.56,127,50
990,-11.202,987.21,126.94,50
991,-11.012,987.82,126.88,50
992,-10.819,988.38,126.81,50
993,-10.629,988.89,126.75,50
994,-10.447,989.36,126.69,50
995,-10.275,989.78,126.62,50
996,-10.116,990.16,126.56,50
997,-9.9708,990.51,126.49,50
998,-9.8384,990.83,126.42,50
999,-9.7172,991.11,126.35,50
1000,-9.6045,991.36,126.29,50
1001,-9.4967,991.59,126.22,50
1002,-9.3899,991.8,126.15,50
1003,-9.2803,991.98,126.08,50
1004,-9.165,992.14,126,50
1005,-9.0415,992.3,125.93,50
1006,-8.9086,992.43,125.86,50
1007,-8.7654,992.56,125.78,50
1008,-8.6117,992.69,125.71,50
1009,-8.4477,992.8,125.63,50
1010,-8.274,992.92,125.56,50
1011,-8.0916,993.03,125.48,50
1012,-7.9023,993.14,125.4,50.5
1013,-7.7083,993.26,125.32,50.5
1014,-7.5119,993.37,125.24,50.5
1015,-7.316,993.49,125.16,50.5
1016,-7.1236,993.61,125.08,50.5
1017,-6.938,993.73,125,50.5
1018,-6.762,993.85,124.92,50.5
1019,-6.5983,993.98,124.83,50.5
1020,-6.4492,994.11,124.75,50.5
1021,-6.316,994.25,124.66,50.5
1022,-6.1999,994.38,124.58,50.5
1023,-6.1013,994.52,124.49,50.5
1024,-6.0204,994.66,124.4,50.5
1025,-5.4833,994.76,124.32,50.5
1026,-5.4199,994.89,124.23,50.5
1027,-5.4652,995.03,124.15,50.5
1028,-5.5563,995.17,124.07,50.5
1029,-5.6735,995.31,123.98,50.5
1030,-5.8109,995.45,123.9,50.5
1031,-5.9669,995.6,123.81,50.5
1032,-6.1408,995.75,123.73,50.5
1033,-6.332,995.91,123.64,50.5
1034,-6.5404,996.08,123.55,50.5
1035,-6.7657,996.25,123.46,50.5
1036,-7.0076,996.44,123.38,50.5
1037,-7.2654,996.63,123.29,50.5
1038,-7.5391,996.83,123.2,51
1039,-7.8287,997.05,123.11,51
1040,-8.1341,997.27,123.02,51
1041,-8.4551,997.51,122.92,51
1042,-8.7916,997.76,122.83,51
1043,-9.1432,998.03,122.74,51
1044,-9.5095,998.31,122.65,51
1045,-9.8898,998.6,122.55,51
1046,-10.283,998.91,122.46,51
1047,-10.689,999.23,122.36,51
1048,-11.105,999.57,122.27,51
1049,-11.531,999.93,122.17,51
1050,-11.966,1000.3,122.08,51
1051,-12.406,1000.7,121.98,51
1052,-12.851,1001.1,121.89,51
1053,-13.298,1001.5,121.79,51
1054,-13.746,1002,121.7,51
1055,-14.193,1002.4,121.6,51
1056,-14.636,1002.9,121.51,51
1057,-15.074,1003.4,121.41,51
1058,-15.506,1004,121.32,51
1059,-15.93,1004.5,121.22,51
1060,-16.344,1005.1,121.13,51
1061,-16.747,1005.7,121.04,51
1062,-17.137,1006.3,120.94,51
1063,-17.512,1007,120.85,51.5
1064,-17.871,1007.6,120.76,51.5
1065,-18.211,1008.4,120.67,51.5
1066,-18.532,1009.1,120.57,51.5
1067,-18.83,1009.8,120.48,51.5
1068,-19.103,1010.6,120.39,51.5
1069,-19.351,1011.4,120.31,51.5
1070,-19.573,1012.2,120.22,51.5
1071,-19.766,1013.1,120.13,51.5
1072,-19.93,1014,120.04,51.5
1073,-20.064,1014.8,119.96,51.5
1074,-20.169,1015.7,119.87,51.5
1075,-19.961,1016.8,119.79,51.5
1076,-20.759,1018.4,119.71,51.5
1077,-21.352,1019.9,119.63,51.5
1078,-21.83,1021.3,119.56,51.5
1079,-22.215,1022.7,119.48,51.5
1080,-22.517,1024,119.41,51.5
1081,-22.744,1025.3,119.34,51.5
1082,-22.903,1026.5,119.27,51.5
1083,-23,1027.7,119.21,51.5
1084,-23.038,1028.9,119.14,51.5
1085,-23.02,1030.1,119.07,51.5
1086,-22.95,1031.1,119.01,51.5
1087,-22.829,1032.2,118.94,52
1088,-22.662,1033.2,118.88,52
1089,-22.452,1034.1,118.81,52
1090,-22.207,1035,118.75,52
1091,-21.935,1035.8,118.69,52
1092,-21.648,1036.5,118.62,52
1093,-21.355,1037.2,118.56,52
1094,-21.065,1037.8,118.49,52
1095,-20.788,1038.3,118.43,52
1096,-20.528,1038.8,118.36,52
1097,-20.288,1039.2,118.3,52
1098,-20.069,1039.6,118.23,52
1099,-19.87,1039.9,118.16,52
1100,-19.686,1040.2,118.09,52
1101,-19.51,1040.4,118.03,52
1102,-19.337,1040.6,117.96,52
1103,-19.16,1040.8,117.89,52
1104,-18.972,1041,117.81,52
1105,-18.772,1041.1,117.74,52
1106,-18.557,1041.3,117.67,52
1107,-18.326,1041.4,117.6,52
1108,-18.08,1041.5,117.52,52
1109,-17.819,1041.6,117.45,52
1110,-17.546,1041.7,117.37,52.5
1111,-17.264,1041.8,117.29,52.5
1112,-16.977,1042,117.21,52.5
1113,-16.689,1042.1,117.13,52.5
1114,-16.406,1042.2,117.05,52.5
1115,-16.132,1042.3,116.97,52.5
1116,-15.875,1042.5,116.89,52.5
1117,-15.636,1042.6,116.81,52.5
1118,-15.421,1042.7,116.72,52.5
1119,-15.23,1042.9,116.64,52.5
1120,-15.066,1043,116.56,52.5
1121,-14.928,1043.2,116.47,52.5
1122,-14.157,1043.3,116.38,52.5
1123,-14.048,1043.4,116.3,52.5
1124,-14.044,1043.5,116.22,52.5
1125,-14.098,1043.7,116.14,52.5
1126,-14.186,1043.8,116.05,52.5
1127,-14.301,1044,115.97,52.5
1128,-14.442,1044.1,115.89,52.5
1129,-14.609,1044.3,115.8,52.5
1130,-14.8,1044.4,115.72,52.5
1131,-15.016,1044.6,115.63,52.5
1132,-15.257,1044.8,115.55,52.5
1133,-15.521,1045,115.46,53
1134,-15.81,1045.2,115.37,53
1135,-16.123,1045.5,115.28,53
1136,-16.461,1045.7,115.19,53
1137,-16.822,1046,115.1,53
1138,-17.208,1046.3,115.01,53
1139,-17.616,1046.6,114.92,53
1140,-18.045,1046.9,114.83,53
1141,-18.495,1047.3,114.74,53
1142,-18.962,1047.6,114.65,53
1143,-19.446,1048,114.55,53
1144,-19.942,1048.4,114.46,53
1145,-20.448,1048.9,114.37,53
1146,-20.962,1049.3,114.28,53
1147,-21.478,1049.8,114.18,53
1148,-21.995,1050.4,114.09,53
1149,-22.509,1050.9,114,53
1150,-23.017,1051.5,113.91,53
1151,-23.517,1052.1,113.82,53
1152,-24.005,1052.7,113.73,53
1153,-24.479,1053.4,113.64,53
1154,-24.937,1054.1,113.55,53.5
1155,-25.374,1054.8,113.46,53.5
1156,-25.789,1055.6,113.37,53.5
1157,-26.176,1056.4,113.29,53.5
1158,-26.534,1057.3,113.2,53.5
1159,-26.858,1058.2,113.12,53.5
1160,-27.145,1059.1,113.03,53.5
1161,-27.394,1060.1,112.95,53.5
1162,-27.601,1061.1,112.87,53.5
1163,-27.765,1062.1,112.79,53.5
1164,-27.886,1063.1,112.71,53.5
1165,-27.962,1064.2,112.63,53.5
1166,-27.729,1065.4,112.55,53.5
1167,-28.599,1067.3,112.48,53.5
1168,-29.216,1069.1,112.42,53.5
1169,-29.673,1070.7,112.35,53.5
1170,-29.995,1072.3,112.29,53.5
1171,-30.197,1073.9,112.24,53.5
1172,-30.295,1075.3,112.18,53.5
1173,-30.298,1076.7,112.12,53.5
1174,-30.214,1078.1,112.07,53.5
1175,-30.048,1079.4,112.02,53.5
1176,-29.806,1080.6,111.96,54
1177,-29.494,1081.8,111.91,54
1178,-29.12,1082.9,111.86,54
1179,-28.7,1083.9,111.81,54
1180,-28.248,1084.7,111.75,54
1181,-27.784,1085.5,111.7,54
1182,-27.325,1086.2,111.65,54
1183,-26.883,1086.7,111.59,54
1184,-26.467,1087.2,111.53,54
1185,-26.08,1087.7,111.48,54
1186,-25.722,1088,111.42,54
1187,-25.386,1088.4,111.36,54
1188,-25.06,1088.6,111.3,54
1189,-24.734,1088.8,111.24,54
1190,-24.396,1089,111.17,54
1191,-24.039,1089.2,111.11,54
1192,-23.658,1089.3,111.04,54
1193,-23.252,1089.5,110.97,54
1194,-22.821,1089.6,110.9,54
1195,-22.369,1089.7,110.83,54
1196,-21.898,1089.8,110.75,54.5
1197,-21.414,1089.9,110.68,54.5
1198,-20.926,1090,110.6,54.5
1199,-20.441,1090.2,110.52,54.5
1200,-19.969,1090.3,110.44,54.5
1201,-19.52,1090.4,110.35,54.5
1202,-19.101,1090.6,110.27,54.5
1203,-18.717,1090.7,110.19,54.5
1204,-18.372,1090.8,110.1,54.5
1205,-18.067,1091,110.01,54.5
1206,-17.802,1091.2,109.92,54.5
1207,-16.806,1091.3,109.82,54.5
1208,-16.575,1091.4,109.74,54.5
1209,-16.469,1091.5,109.65,54.5
1210,-16.429,1091.7,109.56,54.5
1211,-16.431,1091.8,109.47,54.5
1212,-16.47,1092,109.38,54.5
1213,-16.546,1092.2,109.29,54.5
1214,-16.657,1092.3,109.19,54.5
1215,-16.805,1092.5,109.1,55
1216,-16.99,1092.7,109,55
1217,-17.213,1093,108.9,55
1218,-17.474,1093.2,108.8,55
1219,-17.774,1093.5,108.7,55
1220,-18.113,1093.8,108.59,55
1221,-18.49,1094.1,108.49,55
1222,-18.903,1094.5,108.38,55
1223,-19.35,1094.9,108.27,55
1224,-19.828,1095.3,108.16,55
1225,-20.332,1095.7,108.05,55
1226,-20.859,1096.2,107.94,55
1227,-21.403,1096.7,107.83,55
1228,-21.959,1097.2,107.72,55
1229,-22.521,1097.8,107.61,55
1230,-23.085,1098.4,107.5,55
1231,-23.645,1099,107.39,55
1232,-24.197,1099.7,107.28,55
1233,-24.736,1100.5,107.17,55
1234,-25.258,1101.2,107.06,55.5
1235,-25.757,1102.1,106.95,55.5
1236,-26.227,1103,106.85,55.5
1237,-26.662,1103.9,106.74,55.5
1238,-27.056,1104.9,106.64,55.5
1239,-27.403,1106,106.54,55.5
1240,-27.697,1107.1,106.44,55.5
1241,-27.935,1108.2,106.34,55.5
1242,-28.114,1109.4,106.25,55.5
1243,-28.232,1110.7,106.15,55.5
1244,-28.288,1111.9,106.06,55.5
1245,-28.279,1113.2,105.98,55.5
1246,-28.933,1115.5,105.89,55.5
1247,-29.684,1117.6,105.81,55.5
1248,-30.217,1119.6,105.73,55.5
1249,-30.561,1121.6,105.66,55.5
1250,-30.747,1123.4,105.59,55.5
1251,-30.796,1125.1,105.52,55.5
1252,-30.726,1126.7,105.46,55.5
1253,-30.546,1128.3,105.39,56
1254,-30.263,1129.7,105.33,56
1255,-29.89,1131,105.27,56
1256,-29.446,1132.2,105.21,56
1257,-28.956,1133.2,105.15,56
1258,-28.449,1134.1,105.09,56
1259,-27.952,1134.8,105.03,56
1260,-27.482,1135.4,104.97,56
1261,-27.047,1135.9,104.91,56
1262,-26.647,1136.4,104.84,56
1263,-26.268,1136.7,104.78,56
1264,-25.892,1137,104.72,56
1265,-25.498,1137.3,104.65,56
1266,-25.07,1137.4,104.59,56
1267,-24.6,1137.6,104.52,56
1268,-24.087,1137.8,104.45,56
1269,-23.533,1137.9,104.38,56
1270,-22.944,1138,104.31,56.5
1271,-22.327,1138.1,104.24,56.5
1272,-21.694,1138.3,104.16,56.5
1273,-21.059,1138.4,104.09,56.5
1274,-20.438,1138.6,104.02,56.5
1275,-19.848,1138.7,103.94,56.5
1276,-19.301,1138.9,103.86,56.5
1277,-18.806,1139,103.78,56.5
1278,-18.369,1139.2,103.71,56.5
1279,-17.989,1139.4,103.63,56.5
1280,-17.665,1139.6,103.55,56.5
1281,-16.558,1139.7,103.46,56.5
1282,-16.285,1139.9,103.38,56.5
1283,-16.165,1140.1,103.3,56.5
1284,-16.131,1140.3,103.22,56.5
1285,-16.154,1140.4,103.13,56.5
1286,-16.229,1140.6,103.05,56.5
1287,-16.356,1140.9,102.97,56.5
1288,-16.536,1141.1,102.88,57
1289,-16.771,1141.3,102.8,57
1290,-17.064,1141.6,102.71,57
1291,-17.416,1141.9,102.62,57
1292,-17.827,1142.3,102.53,57
1293,-18.297,1142.6,102.44,57
1294,-18.823,1143,102.35,57
1295,-19.399,1143.5,102.26,57
1296,-20.022,1143.9,102.18,57
1297,-20.684,1144.4,102.09,57
1298,-21.376,1145,102,57
1299,-22.092,1145.6,101.91,57
1300,-22.821,1146.2,101.83,57
1301,-23.557,1146.9,101.74,57
1302,-24.291,1147.7,101.66,57
1303,-25.018,1148.5,101.58,57
1304,-25.727,1149.4,101.51,57.5
1305,-26.411,1150.3,101.44,57.5
1306,-27.059,1151.3,101.37,57.5
1307,-27.66,1152.4,101.3,57.5
1308,-28.203,1153.6,101.24,57.5
1309,-28.678,1154.8,101.18,57.5
1310,-29.077,1156.2,101.13,57.5
1311,-29.396,1157.5,101.08,57.5
1312,-29.629,1159,101.04,57.5
1313,-29.774,1160.5,101,57.5
1314,-29.828,1162,100.96,57.5
1315,-30.122,1164.1,100.93,57.5
1316,-31.385,1166.7,100.91,57.5
1317,-32.273,1169.1,100.89,57.5
1318,-32.885,1171.4,100.88,57.5
1319,-33.286,1173.6,100.88,57.5
1320,-33.52,1175.6,100.88,57.5
1321,-33.611,1177.4,100.89,58
1322,-33.569,1179.1,100.9,58
1323,-33.405,1180.7,100.92,58
1324,-33.142,1182,100.94,58
1325,-32.818,1183.1,100.96,58
1326,-32.473,1184,100.98,58
1327,-32.144,1184.8,101.01,58
1328,-31.847,1185.4,101.03,58
1329,-31.579,1185.9,101.06,58
1330,-31.319,1186.2,101.09,58
1331,-31.031,1186.5,101.11,58
1332,-30.683,1186.8,101.14,58
1333,-30.257,1186.9,101.17,58
1334,-29.752,1187.1,101.2,58
1335,-29.176,1187.2,101.23,58
1336,-28.541,1187.3,101.25,58.5
1337,-27.861,1187.5,101.28,58.5
1338,-27.156,1187.6,101.31,58.5
1339,-26.451,1187.8,101.34,58.5
1340,-25.774,1187.9,101.37,58.5
1341,-25.146,1188.1,101.4,58.5
1342,-24.585,1188.3,101.43,58.5
1343,-24.098,1188.4,101.46,58.5
1344,-23.688,1188.6,101.49,58.5
1345,-23.353,1188.8,101.52,58.5
1346,-23.087,1189,101.55,58.5
1347,-22.11,1189.1,101.58,58.5
1348,-21.89,1189.3,101.61,58.5
1349,-21.862,1189.5,101.64,58.5
1350,-21.931,1189.6,101.68,58.5
1351,-22.076,1189.8,101.72,58.5
1352,-22.295,1190.1,101.75,59
1353,-22.589,1190.3,101.79,59
1354,-22.962,1190.6,101.83,59
1355,-23.417,1190.9,101.86,59
1356,-23.956,1191.2,101.9,59
1357,-24.575,1191.6,101.93,59
1358,-25.269,1192,101.97,59
1359,-26.031,1192.5,102.01,59
1360,-26.852,1193,102.05,59
1361,-27.718,1193.5,102.09,59
1362,-28.618,1194.1,102.13,59
1363,-29.538,1194.8,102.18,59
1364,-30.467,1195.5,102.23,59
1365,-31.394,1196.4,102.28,59
1366,-32.308,1197.2,102.34,59
1367,-33.194,1198.2,102.4,59.5
1368,-34.037,1199.3,102.46,59.5
1369,-34.819,1200.5,102.54,59.5
1370,-35.522,1201.7,102.61,59.5
1371,-36.128,1203.1,102.69,59.5
1372,-36.625,1204.6,102.78,59.5
1373,-37.004,1206.1,102.88,59.5
1374,-37.257,1207.8,102.98,59.5
1375,-37.381,1209.5,103.09,59.5
1376,-37.371,1211.2,103.21,59.5
1377,-37.972,1213.8,103.33,59.5
1378,-39.435,1216.7,103.46,59.5
1379,-40.423,1219.4,103.61,59.5
1380,-41.081,1221.9,103.76,59.5
1381,-41.504,1224.3,103.93,59.5
1382,-41.742,1226.4,104.1,60
1383,-41.806,1228.4,104.28,60
1384,-41.706,1230.1,104.47,60
1385,-41.475,1231.4,104.66,60
1386,-41.166,1232.6,104.85,60
1387,-40.843,1233.4,105.04,60
1388,-40.543,1234.1,105.24,60
1389,-40.27,1234.6,105.44,60
1390,-39.986,1235,105.64,60
1391,-39.634,1235.3,105.85,60
1392,-39.166,1235.5,106.05,60
1393,-38.566,1235.6,106.25,60
1394,-37.845,1235.7,106.45,60
1395,-37.025,1235.9,106.66,60
1396,-36.132,1236,106.86,60.5
1397,-35.195,1236.1,107.06,60.5
1398,-34.252,1236.2,107.27,60.5
1399,-33.342,1236.4,107.47,60.5
1400,-32.501,1236.5,107.67,60.5
1401,-31.751,1236.7,107.88,60.5
1402,-31.101,1236.9,108.08,60.5
1403,-30.551,1237,108.28,60.5
1404,-30.096,1237.2,108.48,60.5
1405,-29.727,1237.4,108.68,60.5
1406,-28.625,1237.5,108.89,60.5
1407,-28.315,1237.6,109.1,60.5
1408,-28.219,1237.8,109.31,60.5
1409,-28.249,1238,109.52,60.5
1410,-28.385,1238.1,109.73,61
1411,-28.631,1238.4,109.94,61
1412,-28.989,1238.6,110.15,61
1413,-29.465,1238.9,110.36,61
1414,-30.057,1239.2,110.57,61
1415,-30.76,1239.6,110.78,61
1416,-31.564,1240.1,110.98,61
1417,-32.455,1240.6,111.19,61
1418,-33.417,1241.1,111.4,61
1419,-34.43,1241.7,111.6,61
1420,-35.476,1242.4,111.81,61
1421,-36.54,1243.2,112.02,61
1422,-37.604,1244,112.23,61
1423,-38.654,1245,112.44,61.5
1424,-39.667,1246,112.66,61.5
1425,-40.619,1247.2,112.88,61.5
1426,-41.479,1248.6,113.1,61.5
1427,-42.219,1250,113.32,61.5
1428,-42.815,1251.6,113.55,61.5
1429,-43.252,1253.3,113.78,61.5
1430,-43.52,1255.1,114.01,61.5
1431,-43.611,1257.1,114.25,61.5
1432,-43.517,1259,114.5,61.5
1433,-43.755,1261.6,114.74,61.5
1434,-45.532,1264.9,115,61.5
1435,-46.619,1268,115.27,61.5
1436,-47.272,1270.7,115.54,61.5
1437,-47.632,1273.3,115.82,62
1438,-47.75,1275.6,116.11,62
1439,-47.635,1277.5,116.39,62
1440,-47.322,1279.1,116.67,62
1441,-46.89,1280.4,116.94,62
1442,-46.432,1281.3,117.21,62
1443,-46.008,1282,117.48,62
1444,-45.612,1282.5,117.73,62
1445,-45.177,1282.8,117.98,62
1446,-44.614,1283,118.21,62
1447,-43.871,1283.2,118.44,62
1448,-42.949,1283.3,118.65,62
1449,-41.882,1283.4,118.85,62
1450,-40.707,1283.5,119.03,62.5
1451,-39.464,1283.6,119.21,62.5
1452,-38.206,1283.7,119.36,62.5
1453,-36.991,1283.9,119.51,62.5
1454,-35.867,1284,119.63,62.5
1455,-34.863,1284.2,119.75,62.5
1456,-33.985,1284.4,119.85,62.5
1457,-33.231,1284.6,119.93,62.5
1458,-32.591,1284.7,120,62.5
1459,-32.049,1284.9,120.05,62.5
1460,-30.77,1285,120.11,62.5
1461,-30.277,1285.1,120.15,62.5
1462,-30.05,1285.2,120.17,62.5
1463,-29.991,1285.4,120.18,63
1464,-30.081,1285.6,120.18,63
1465,-30.324,1285.8,120.16,63
1466,-30.725,1286.1,120.13,63
1467,-31.281,1286.5,120.08,63
1468,-31.985,1286.9,120.02,63
1469,-32.823,1287.3,119.94,63
1470,-33.775,1287.8,119.85,63
1471,-34.815,1288.4,119.75,63
1472,-35.918,1289.1,119.64,63
1473,-37.06,1289.8,119.52,63
1474,-38.223,1290.7,119.38,63
1475,-39.386,1291.7,119.25,63.5
1476,-40.521,1292.8,119.1,63.5
1477,-41.591,1294.1,118.95,63.5
1478,-42.552,1295.6,118.79,63.5
1479,-43.363,1297.2,118.63,63.5
1480,-43.99,1299,118.47,63.5
1481,-44.414,1300.9,118.31,63.5
1482,-44.619,1302.9,118.15,63.5
1483,-44.596,1305.1,118,63.5
1484,-44.333,1307.3,117.84,63.5
1485,-45.658,1310.8,117.69,63.5
1486,-47.158,1314.3,117.55,63.5
1487,-48,1317.5,117.42,63.5
1488,-48.425,1320.4,117.3,64
1489,-48.528,1323,117.19,64
1490,-48.329,1325.2,117.07,64
1491,-47.884,1326.9,116.96,64
1492,-47.317,1328.2,116.84,64
1493,-46.759,1329.1,116.72,64
1494,-46.269,1329.8,116.6,64
1495,-45.803,1330.3,116.47,64
1496,-45.238,1330.5,116.34,64
1497,-44.468,1330.7,116.2,64
1498,-43.471,1330.9,116.05,64
1499,-42.285,1331,115.89,64
1500,-40.964,1331.1,115.73,64.5
1501,-39.563,1331.2,115.56,64.5
1502,-38.154,1331.4,115.39,64.5
1503,-36.817,1331.5,115.2,64.5
1504,-35.616,1331.7,115.01,64.5
1505,-34.578,1331.9,114.82,64.5
1506,-33.708,1332.1,114.61,64.5
1507,-32.998,1332.3,114.4,64.5
1508,-32.428,1332.5,114.18,64.5
1509,-30.857,1332.6,113.97,64.5
1510,-30.459,1332.8,113.75,64.5
1511,-30.297,1332.9,113.54,64.5
1512,-30.316,1333.1,113.32,65
1513,-30.52,1333.4,113.09,65
1514,-30.919,1333.6,112.86,65
1515,-31.522,1333.9,112.63,65
1516,-32.326,1334.3,112.38,65
1517,-33.318,1334.8,112.14,65
1518,-34.476,1335.3,111.88,65
1519,-35.773,1335.8,111.63,65
1520,-37.168,1336.5,111.37,65
1521,-38.629,1337.3,111.11,65
1522,-40.126,1338.2,110.85,65
1523,-41.636,1339.2,110.6,65.5
1524,-43.124,1340.4,110.34,65.5
1525,-44.537,1341.7,110.09,65.5
1526,-45.814,1343.3,109.84,65.5
1527,-46.893,1345.1,109.59,65.5
1528,-47.727,1347,109.36,65.5
1529,-48.286,1349.2,109.14,65.5
1530,-48.553,1351.5,108.92,65.5
1531,-48.51,1353.9,108.71,65.5
1532,-48.143,1356.4,108.52,65.5
1533,-50.165,1360.5,108.35,65.5
1534,-51.518,1364.3,108.2,65.5
1535,-52.178,1367.7,108.07,66
1536,-52.371,1370.7,107.95,66
1537,-52.148,1373.3,107.84,66
1538,-51.57,1375.3,107.74,66
1539,-50.799,1376.7,107.64,66
1540,-50.021,1377.7,107.55,66
1541,-49.319,1378.4,107.46,66
1542,-48.627,1378.9,107.36,66
1543,-47.773,1379.2,107.27,66
1544,-46.633,1379.3,107.17,66
1545,-45.209,1379.5,107.07,66
1546,-43.57,1379.6,106.96,66.5
1547,-41.787,1379.7,106.85,66.5
1548,-39.944,1379.9,106.73,66.5
1549,-38.147,1380.1,106.61,66.5
1550,-36.488,1380.3,106.48,66.5
1551,-35.019,1380.5,106.35,66.5
1552,-33.749,1380.8,106.22,66.5
1553,-32.671,1381,106.07,66.5
1554,-31.762,1381.2,105.93,66.5
1555,-29.677,1381.4,105.78,66.5
1556,-28.981,1381.5,105.65,66.5
1557,-28.523,1381.7,105.51,66.5
1558,-28.28,1381.9,105.37,67
1559,-28.265,1382.2,105.23,67
1560,-28.496,1382.5,105.08,67
1561,-28.982,1382.8,104.92,67
1562,-29.713,1383.3,104.76,67
1563,-30.673,1383.8,104.6,67
1564,-31.831,1384.3,104.43,67
1565,-33.144,1385,104.26,67
1566,-34.565,1385.8,104.08,67
1567,-36.061,1386.7,103.91,67
1568,-37.605,1387.7,103.74,67.5
1569,-39.157,1389,103.57,67.5
1570,-40.655,1390.4,103.4,67.5
1571,-42.02,1392.1,103.24,67.5
1572,-43.17,1394,103.08,67.5
1573,-44.046,1396.1,102.93,67.5
1574,-44.613,1398.5,102.8,67.5
1575,-44.848,1401,102.68,67.5
1576,-44.729,1403.6,102.56,67.5
1577,-44.415,1406.6,102.46,67.5
1578,-46.895,1411,102.39,67.5
1579,-48.139,1415,102.34,67.5
1580,-48.699,1418.6,102.31,68
1581,-48.758,1421.7,102.3,68
1582,-48.365,1424.2,102.3,68
1583,-47.67,1426,102.3,68
1584,-46.919,1427.2,102.3,68
1585,-46.274,1428.1,102.31,68
1586,-45.706,1428.7,102.32,68
1587,-45.014,1429,102.33,68
1588,-44.016,1429.3,102.34,68
1589,-42.696,1429.4,102.34,68
1590,-41.138,1429.6,102.34,68.5
1591,-39.429,1429.8,102.34,68.5
1592,-37.673,1430,102.33,68.5
1593,-35.996,1430.3,102.32,68.5
1594,-34.507,1430.6,102.3,68.5
1595,-33.255,1430.8,102.28,68.5
1596,-32.244,1431.1,102.25,68.5
1597,-31.456,1431.4,102.22,68.5
1598,-30.855,1431.7,102.18,68.5
1599,-29.114,1431.9,102.15,68.5
1600,-28.673,1432.1,102.13,68.5
1601,-28.586,1432.3,102.1,69
1602,-28.788,1432.6,102.08,69
1603,-29.279,1432.9,102.04,69
1604,-30.07,1433.3,102.01,69
1605,-31.156,1433.8,101.97,69
1606,-32.518,1434.3,101.92,69
1607,-34.12,1434.9,101.88,69
1608,-35.912,1435.6,101.82,69
1609,-37.833,1436.4,101.77,69
1610,-39.845,1437.4,101.72,69
1611,-41.918,1438.5,101.68,69.5
1612,-43.998,1439.8,101.63,69.5
1613,-46.005,1441.4,101.59,69.5
1614,-47.833,1443.2,101.55,69.5
1615,-49.381,1445.3,101.53,69.5
1616,-50.58,1447.6,101.51,69.5
1617,-51.391,1450.2,101.51,69.5
1618,-51.784,1453,101.52,69.5
1619,-51.731,1455.9,101.55,69.5
1620,-53.104,1459.9,101.59,69.5
1621,-55.216,1464.4,101.66,69.5
1622,-56.277,1468.4,101.76,70
1623,-56.676,1471.9,101.88,70
1624,-56.497,1474.8,102,70
1625,-55.883,1476.9,102.14,70
1626,-55.14,1478.3,102.27,70
1627,-54.505,1479.2,102.41,70
1628,-53.963,1479.8,102.54,70
1629,-53.262,1480.2,102.67,70
1630,-52.173,1480.4,102.79,70
1631,-50.692,1480.6,102.9,70
1632,-48.93,1480.7,103.01,70.5
1633,-46.996,1480.9,103.1,70.5
1634,-45.029,1481.2,103.18,70.5
1635,-43.19,1481.5,103.25,70.5
1636,-41.587,1481.7,103.31,70.5
1637,-40.251,1482,103.35,70.5
1638,-39.173,1482.3,103.39,70.5
1639,-38.315,1482.6,103.4,70.5
1640,-37.625,1482.9,103.4,70.5
1641,-35.812,1483,103.43,70.5
1642,-35.162,1483.2,103.43,71
1643,-35.012,1483.4,103.43,71
1644,-35.235,1483.7,103.41,71
1645,-35.812,1484.1,103.37,71
1646,-36.733,1484.5,103.32,71
1647,-37.975,1485,103.26,71
1648,-39.495,1485.6,103.18,71
1649,-41.229,1486.3,103.1,71
1650,-43.111,1487.2,103,71
1651,-45.101,1488.1,102.89,71
1652,-47.161,1489.3,102.78,71.5
1653,-49.221,1490.8,102.66,71.5
1654,-51.166,1492.5,102.53,71.5
1655,-52.859,1494.5,102.41,71.5
1656,-54.191,1496.8,102.29,71.5
1657,-55.093,1499.4,102.18,71.5
1658,-55.527,1502.3,102.07,71.5
1659,-55.456,1505.4,101.98,71.5
1660,-54.878,1508.7,101.89,71.5
1661,-57.833,1513.7,101.83,71.5
1662,-59.018,1518.1,101.79,72
1663,-59.356,1522,101.77,72
1664,-59.008,1525.2,101.76,72
1665,-58.133,1527.4,101.75,72
1666,-57.11,1528.9,101.74,72
1667,-56.241,1529.9,101.72,72
1668,-55.504,1530.5,101.71,72
1669,-54.575,1530.8,101.68,72
1670,-53.199,1531,101.65,72
1671,-51.414,1531.1,101.6,72
1672,-49.36,1531.3,101.55,72.5
1673,-47.173,1531.6,101.48,72.5
1674,-45.035,1531.8,101.41,72.5
1675,-43.128,1532.1,101.32,72.5
1676,-41.542,1532.4,101.22,72.5
1677,-40.284,1532.7,101.11,72.5
1678,-39.319,1533,100.99,72.5
1679,-38.592,1533.3,100.86,72.5
1680,-36.507,1533.5,100.73,72.5
1681,-35.933,1533.7,100.61,72.5
1682,-35.84,1534,100.47,73
1683,-36.159,1534.3,100.33,73
1684,-36.894,1534.6,100.18,73
1685,-38.047,1535.1,100.02,73
1686,-39.59,1535.6,99.847,73
1687,-41.477,1536.2,99.669,73
1688,-43.631,1537,99.486,73
1689,-45.975,1537.8,99.3,73
1690,-48.465,1538.9,99.112,73
1691,-51.055,1540.2,98.925,73.5
1692,-53.651,1541.7,98.739,73.5
1693,-56.1,1543.6,98.559,73.5
1694,-58.236,1545.8,98.387,73.5
1695,-59.936,1548.3,98.229,73.5
1696,-61.129,1551.2,98.085,73.5
1697,-61.764,1554.4,97.958,73.5
1698,-61.797,1557.7,97.848,73.5
1699,-63.456,1562.1,97.76,73.5
1700,-65.731,1567.1,97.708,73.5
1701,-66.76,1571.5,97.683,74
1702,-66.947,1575.2,97.677,74
1703,-66.427,1578,97.681,74
1704,-65.599,1579.7,97.691,74
1705,-64.902,1580.8,97.701,74
1706,-64.401,1581.5,97.709,74
1707,-63.737,1581.8,97.712,74
1708,-62.56,1582,97.708,74
1709,-60.889,1582.2,97.697,74
1710,-58.894,1582.4,97.675,74.5
1711,-56.739,1582.6,97.642,74.5
1712,-54.651,1582.9,97.597,74.5
1713,-52.84,1583.2,97.54,74.5
1714,-51.386,1583.6,97.47,74.5
1715,-50.281,1583.9,97.386,74.5
1716,-49.473,1584.2,97.287,74.5
1717,-48.879,1584.5,97.175,74.5
1718,-46.936,1584.6,97.08,74.5
1719,-46.401,1584.8,96.972,75
1720,-46.483,1585,96.849,75
1721,-47.061,1585.4,96.711,75
1722,-48.12,1585.8,96.558,75
1723,-49.63,1586.3,96.39,75
1724,-51.54,1586.9,96.21,75
1725,-53.766,1587.6,96.018,75
1726,-56.213,1588.4,95.817,75
1727,-58.833,1589.4,95.61,75
1728,-61.575,1590.7,95.397,75.5
1729,-64.326,1592.3,95.181,75.5
1730,-66.9,1594.2,94.965,75.5
1731,-69.088,1596.6,94.756,75.5
1732,-70.741,1599.4,94.557,75.5
1733,-71.777,1602.4,94.371,75.5
1734,-72.131,1605.8,94.199,75.5
1735,-71.751,1609.4,94.043,75.5
1736,-74.326,1614.6,93.911,75.5
1737,-75.873,1619.7,93.813,76
1738,-76.254,1624.1,93.736,76
1739,-75.7,1627.5,93.671,76
1740,-74.555,1629.7,93.611,76
1741,-73.427,1631.1,93.548,76
1742,-72.592,1631.8,93.48,76
1743,-71.708,1632.2,93.402,76
1744,-70.269,1632.4,93.314,76
1745,-68.236,1632.5,93.214,76
1746,-65.822,1632.7,93.099,76.5
1747,-63.239,1632.9,92.969,76.5
1748,-60.783,1633.2,92.823,76.5
1749,-58.701,1633.5,92.661,76.5
1750,-57.066,1633.9,92.482,76.5
1751,-55.848,1634.2,92.286,76.5
1752,-54.966,1634.5,92.073,76.5
1753,-52.379,1634.7,91.853,76.5
1754,-51.696,1634.8,91.633,76.5
1755,-51.554,1635.1,91.399,77
1756,-51.961,1635.4,91.148,77
1757,-52.952,1635.8,90.88,77
1758,-54.522,1636.2,90.596,77
1759,-56.617,1636.8,90.298,77
1760,-59.145,1637.5,89.989,77
1761,-61.99,1638.4,89.672,77
1762,-65.096,1639.5,89.35,77
1763,-68.405,1640.8,89.026,77.5
1764,-71.765,1642.5,88.703,77.5
1765,-74.92,1644.7,88.386,77.5
1766,-77.6,1647.3,88.083,77.5
1767,-79.631,1650.4,87.799,77.5
1768,-80.909,1653.9,87.538,77.5
1769,-81.343,1657.7,87.302,77.5
1770,-82.493,1662.3,87.092,77.5
1771,-85.558,1668.2,86.92,78
1772,-86.841,1673.3,86.786,78
1773,-86.932,1677.3,86.674,78
1774,-86.187,1680,86.575,78
1775,-85.413,1681.5,86.479,78
1776,-85.024,1682.3,86.382,78
1777,-84.551,1682.7,86.279,78
1778,-83.34,1682.9,86.169,78
1779,-81.437,1683,86.048,78.5
1780,-79.131,1683.3,85.914,78.5
1781,-76.741,1683.6,85.765,78.5
1782,-74.666,1683.9,85.601,78.5
1783,-73.111,1684.3,85.421,78.5
1784,-72.068,1684.6,85.224,78.5
1785,-71.441,1684.9,85.009,78.5
1786,-71.079,1685.2,84.778,78.5
1787,-68.892,1685.4,84.562,78.5
1788,-68.567,1685.7,84.324,79
1789,-69.158,1686,84.064,79
1790,-70.519,1686.4,83.784,79
1791,-72.575,1687,83.485,79
1792,-75.231,1687.6,83.167,79
1793,-78.348,1688.4,82.835,79
1794,-81.803,1689.4,82.491,79
1795,-85.552,1690.7,82.138,79.5
1796,-89.467,1692.4,81.778,79.5
1797,-93.232,1694.6,81.415,79.5
1798,-96.446,1697.4,81.061,79.5
1799,-98.828,1700.8,80.722,79.5
1800,-100.22,1704.7,80.403,79.5
1801,-100.47,1708.9,80.107,79.5
1802,-102.05,1714.3,79.837,79.5
1803,-104.56,1720.6,79.605,80
1804,-105.15,1725.9,79.402,80
1805,-104.29,1729.7,79.211,80
1806,-102.89,1731.8,79.017,80
1807,-101.96,1732.9,78.811,80
1808,-101.17,1733.3,78.588,80
1809,-99.488,1733.5,78.343,80
1810,-96.865,1733.6,78.071,80.5
1811,-93.734,1733.9,77.771,80.5
1812,-90.59,1734.3,77.441,80.5
1813,-87.98,1734.6,77.079,80.5
1814,-86.07,1735,76.687,80.5
1815,-84.77,1735.4,76.265,80.5
1816,-83.894,1735.7,75.813,80.5
1817,-80.806,1735.9,75.362,80.5
1818,-79.937,1736.2,74.885,81
1819,-80.146,1736.5,74.378,81
1820,-81.367,1737,73.842,81
1821,-83.517,1737.6,73.28,81
1822,-86.468,1738.4,72.698,81
1823,-90.014,1739.3,72.102,81
1824,-94.059,1740.6,71.496,81.5
1825,-98.553,1742.2,70.885,81.5
1826,-103.14,1744.5,70.276,81.5
1827,-107.24,1747.5,69.684,81.5
1828,-110.36,1751.3,69.122,81.5
1829,-112.23,1755.7,68.601,81.5
1830,-112.62,1760.6,68.127,81.5
1831,-115.48,1767.2,67.703,81.5
1832,-117.69,1774,67.342,82
1833,-117.8,1779.4,67.027,82
1834,-116.6,1782.6,66.739,82
1835,-115.82,1784.1,66.46,82
1836,-115.64,1784.7,66.183,82
1837,-114.5,1785,65.9,82
1838,-112.15,1785.3,65.606,82.5
1839,-109.25,1785.7,65.298,82.5
1840,-106.59,1786.2,64.971,82.5
1841,-104.82,1786.7,64.626,82.5
1842,-103.97,1787.3,64.263,82.5
1843,-103.79,1787.7,63.882,82.5
1844,-100.95,1788.2,63.51,82.5
1845,-100.75,1788.5,63.132,83
1846,-101.73,1789,62.735,83
1847,-103.96,1789.7,62.317,83
1848,-107.35,1790.5,61.882,83
1849,-111.68,1791.5,61.436,83
1850,-116.64,1792.7,60.985,83
1851,-122.21,1794.3,60.53,83.5
1852,-128.17,1796.6,60.072,83.5
1853,-133.71,1799.8,59.626,83.5
1854,-138.01,1803.9,59.211,83.5
1855,-140.55,1809,58.841,83.5
1856,-141.01,1814.6,58.522,83.5
1857,-144.24,1822.2,58.259,84
1858,-145.49,1829.6,58.057,84
1859,-144.14,1834.7,57.888,84
1860,-142.19,1837.1,57.722,84
1861,-141.38,1838.1,57.539,84
1862,-140.01,1838.4,57.328,84
1863,-136.95,1838.7,57.079,84.5
1864,-133.1,1839.2,56.786,84.5
1865,-129.63,1839.8,56.445,84.5
1866,-127.41,1840.4,56.056,84.5
1867,-126.34,1841,55.618,84.5
1868,-125.94,1841.5,55.133,84.5
1869,-123.22,1841.8,54.652,85
1870,-123.37,1842.3,54.126,85
1871,-125.36,1843,53.556,85
1872,-128.93,1843.9,52.948,85
1873,-133.71,1844.9,52.309,85
1874,-139.26,1846.3,51.647,85.5
1875,-145.63,1848.2,50.961,85.5
1876,-152.36,1851.1,50.255,85.5
1877,-158.17,1855.2,49.552,85.5
1878,-162.11,1860.6,48.88,85.5
1879,-163.64,1866.7,48.255,85.5
1880,-167.15,1874.8,47.707,86
1881,-169.69,1882.9,47.207,86
1882,-170.17,1888.3,46.741,86
1883,-170.68,1890.4,46.283,86
1884,-172.35,1891.1,45.818,86
1885,-172.36,1891.3,45.337,86.5
1886,-171.09,1891.7,44.837,86.5
1887,-170.01,1892.4,44.318,86.5
1888,-169.98,1893,43.784,86.5
1889,-170.83,1893.7,43.235,86.5
1890,-171.89,1894.2,42.673,86.5
1891,-171.75,1894.5,42.146,87
1892,-173.96,1895,41.609,87
1893,-176.66,1895.6,41.057,87
1894,-179.07,1896.4,40.483,87
1895,-180.73,1897.5,39.889,87
1896,-181.53,1898.9,39.272,87.5
1897,-181.69,1901.1,38.625,87.5
1898,-180.68,1904.5,37.938,87.5
1899,-178.13,1909.3,37.219,87.5
1900,-174.22,1915.1,36.487,87.5
1901,-169.24,1922.1,35.763,87.5
1902,-167.49,1930.1,35.075,88
1903,-167.57,1936.1,34.432,88
1904,-166.73,1938.7,33.837,88
1905,-164.48,1939.4,33.274,88
1906,-161.13,1939.4,32.733,88
1907,-157.15,1939.4,32.204,88.5
1908,-153.35,1939.7,31.678,88.5
1909,-149.62,1940.1,31.156,88.5
1910,-145.76,1940.4,30.638,88.5
1911,-141.82,1940.6,30.122,88.5
1912,-139.02,1940.6,29.648,89
1913,-136.09,1940.6,29.171,89
1914,-133.31,1940.6,28.68,89
1915,-130.53,1940.8,28.176,89
1916,-127.63,1941.1,27.657,89
1917,-124.53,1941.5,27.124,89.5
1918,-121.44,1942.3,26.565,89.5
1919,-118.45,1943.7,25.973,89.5
1920,-114.95,1946.1,25.36,89.5
1921,-110.11,1949.2,24.745,89.5
1922,-101.58,1953.5,24.145,90
1923,-87.912,1957.1,23.581,90
1924,-75.5,1958.5,23.04,90
1925,-65.62,1958.3,22.504,90
1926,-57.607,1957.8,21.964,
1927,-49.342,1957.5,21.416,
1928,-41.317,1957.3,20.862,
1929,-34.602,1956.8,20.312,
1930,-28.119,1956.2,19.771,
1931,-22.322,1955.7,19.24,
1932,-17.477,1955.1,18.722,
1933,-13.447,1954.6,18.217,
1934,-10.091,1954,17.727,
1935,-7.3025,1953.5,17.249,
1936,-5.0108,1953,16.784,
1937,-3.0541,1952.5,16.332,
1938,-1.2985,1952,15.893,
1939,0.26073,1951.5,15.481,
1940,1.7845,1950.9,15.085,
1941,3.4083,1950.4,14.704,
1942,5.2267,1949.9,14.338,
1943,5.2553,1949.4,13.988,
1944,6.7054,1948.9,13.656,
1945,9.0242,1948.5,13.339,
1946,11.802,1948,13.035,
1947,14.86,1947.6,12.749,
1948,18.139,1947.1,12.477,
1949,21.601,1946.7,12.218,
1950,25.189,1946.3,11.973,
1951,28.873,1945.9,11.739,
1952,32.637,1945.5,11.515,
1953,36.475,1945.1,11.301,
1954,40.394,1944.7,11.094,
1955,44.385,1944.4,10.895,
1956,48.424,1944,10.702,
1957,52.478,1943.6,10.515,
1958,56.555,1943.3,10.334,
1959,60.661,1942.9,10.157,
1960,64.741,1942.6,9.9836,
1961,68.813,1942.3,9.8142,
1962,72.875,1942,9.6476,
1963,76.903,1941.7,9.4839,
1964,80.909,1941.4,9.3229,
1965,84.798,1941.1,9.1664,
1966,88.65,1940.8,9.0136,
1967,92.441,1940.5,8.8648,
1968,96.183,1940.2,8.7198,
1969,99.884,1939.9,8.5783,
1970,103.56,1939.7,8.4407,
1971,107.15,1939.4,8.3068,
1972,110.71,1939.1,8.1766,
1973,114.19,1938.9,8.0502,
1974,117.6,1938.6,7.9278,
1975,120.99,1938.4,7.8091,
1976,124.33,1938.2,7.694,
1977,127.65,1937.9,7.5826,
1978,130.96,1937.7,7.4747,
1979,134.19,1937.5,7.3703,
1980,137.46,1937.3,7.2687,
1981,140.57,1937.1,7.1701,
1982,143.62,1936.9,7.0743,
1983,146.59,1936.7,6.9813,
1984,149.4,1936.5,6.8911,
1985,152.09,1936.3,6.8035,
1986,154.6,1936.1,6.7185,
1987,156.94,1935.9,6.636,
1988,159.1,1935.7,6.5559,
1989,161.05,1935.5,6.4779,
1990,162.87,1935.3,6.4018,
1991,164.52,1935.2,6.3273,
1992,165.96,1935,6.2543,
1993,167.16,1934.8,6.1825,
1994,168.11,1934.6,6.112,
1995,168.8,1934.5,6.0427,
1996,169.28,1934.3,5.9746,
1997,169.35,1934.2,5.9078,
1998,169.22,1934,5.8425,
1999,168.75,1933.9,5.7784,
2000,167.87,1933.7,5.7158,
2001,166.52,1933.6,5.6549,
2002,164.69,1933.4,5.5958,
2003,162.56,1933.3,5.5388,
2004,159.31,1933.1,5.4856,
2005,155.46,1933,5.4373,
2006,149.7,1932.8,5.3989,
2007,138.7,1932.7,5.4128,
2008,124.2,1932.6,5.4096,
2009,111.01,1932.5,5.3919,
2010,98.998,1932.5,5.3685,
2011,88.135,1932.4,5.3452,
2012,78.365,1932.4,5.325,
2013,69.667,1932.3,5.3098,
2014,62.013,1932.3,5.2995,
2015,55.357,1932.3,5.2932,
2016,49.638,1932.2,5.2899,
2017,44.776,1932.2,5.2885,
2018,40.683,1932.2,5.2884,
2019,37.264,1932.1,5.2889,
2020,34.427,1932.1,5.2896,
2021,32.084,1932,5.2905,
2022,30.157,1932,5.2914,
2023,28.574,1932,5.2923,
2024,27.276,1931.9,5.2931,
2025,26.211,1931.9,5.2938,
2026,25.336,1931.9,5.2944,
2027,24.616,1931.8,5.295,
2028,24.02,1931.8,5.2955,
2029,23.526,1931.8,5.2959,
2030,23.113,1931.7,5.2963,
2031,22.766,1931.7,5.2966,
2032,22.473,1931.7,5.2969,
2033,22.222,1931.6,5.2971,
2034,22.006,1931.6,5.2973,
2035,21.819,1931.6,5.2975,
2036,21.654,1931.5,5.2976,
2037,21.508,1931.5,5.2977,
2038,21.378,1931.5,5.2977,
2039,21.259,1931.4,5.2977,
2040,21.152,1931.4,5.2977,
2041,21.053,1931.4,5.2977,
2042,20.961,1931.3,5.2976,
2043,20.875,1931.3,5.2975,
2044,20.794,1931.3,5.2974,
2045,20.717,1931.3,5.2973,
2046,20.644,1931.2,5.2972,
2047,20.574,1931.2,5.297,
2048,20.507,1931.2,5.2968,
2049,20.441,1931.1,5.2966,
2050,20.378,1931.1,5.2964,
2051,20.317,1931.1,5.2962,
2052,20.256,1931.1,5.296,
2053,20.198,1931,5.2958,
2054,20.14,1931,5.2956,
2055,20.083,1931,5.2953,
2056,20.028,1930.9,5.2951,
2057,19.969,1930.9,5.2946,
2058,19.927,1930.9,5.2943,
2059,19.875,1930.9,5.2937,
2060,19.838,1930.9,5.2934,
2061,19.792,1930.9,5.2929,
2062,19.759,1930.8,5.2926,
2063,19.715,1930.8,5.2921,
2064,19.685,1930.8,5.2918,
2065,19.644,1930.8,5.2913,
2066,19.615,1930.8,5.291,
2067,19.575,1930.8,5.2905,
2068,19.547,1930.7,5.2902,
2069,19.509,1930.7,5.2897,
2070,19.482,1930.7,5.2894,
2071,19.444,1930.7,5.2889,
2072,19.417,1930.7,5.2887,
2073,19.38,1930.6,5.2882,
2074,19.354,1930.6,5.2879,
2075,19.317,1930.6,5.2875,
2076,19.292,1930.6,5.2873,
2077,19.255,1930.6,5.2868,
2078,19.23,1930.6,5.2866,
2079,19.194,1930.5,5.2862,
2080,19.169,1930.5,5.286,
2081,19.133,1930.5,5.2855,
2082,19.109,1930.5,5.2854,
2083,19.073,1930.5,5.285,
2084,19.049,1930.4,5.2848,
2085,19.014,1930.4,5.2844,
2086,18.99,1930.4,5.2842,
2087,18.955,1930.4,5.2839,
2088,18.931,1930.4,5.2837,
2089,18.896,1930.4,5.2834,
2090,18.872,1930.4,5.2833,
2091,18.838,1930.3,5.2829,
2092,18.814,1930.3,5.2828,
2093,18.78,1930.3,5.2825,
2094,18.756,1930.3,5.2824,
2095,18.722,1930.3,5.2821,
2096,18.699,1930.3,5.282,
2097,18.665,1930.2,5.2817,
2098,18.642,1930.2,5.2816,
2099,18.608,1930.2,5.2814,
2100,18.585,1930.2,5.2813,
2101,18.552,1930.2,5.281,
2102,18.529,1930.2,5.281,
2103,18.496,1930.2,5.2808,
2104,18.472,1930.1,5.2807,
2105,18.44,1930.1,5.2805,
2106,18.417,1930.1,5.2805,
2107,18.384,1930.1,5.2803,
2108,18.361,1930.1,5.2802,
2109,18.328,1930.1,5.28,
2110,18.306,1930,5.28,
2111,18.273,1930,5.2799,
2112,18.25,1930,5.2799,
2113,18.218,1930,5.2797,
2114,18.196,1930,5.2797,
2115,18.163,1930,5.2796,
2116,18.141,1930,5.2796,
2117,18.109,1930,5.2794,
2118,18.087,1929.9,5.2795,
2119,18.055,1929.9,5.2793,
2120,18.033,1929.9,5.2794,
2121,18.001,1929.9,5.2793,
2122,17.979,1929.9,5.2793,
2123,17.947,1929.9,5.2792,
2124,17.925,1929.8,5.2793,
2125,17.894,1929.8,5.2792,
2126,17.872,1929.8,5.2793,
2127,17.84,1929.8,5.2792,
2128,17.818,1929.8,5.2793,
2129,17.787,1929.8,5.2792,
2130,17.765,1929.8,5.2793,
2131,17.734,1929.8,5.2792,
2132,17.713,1929.7,5.2793,
2133,17.682,1929.7,5.2792,
2134,17.66,1929.7,5.2793,
2135,17.629,1929.7,5.2793,
2136,17.608,1929.7,5.2794,
2137,17.577,1929.7,5.2793,
2138,17.556,1929.7,5.2795,
2139,17.525,1929.7,5.2794,
2140,17.504,1929.6,5.2796,
2141,17.473,1929.6,5.2795,
2142,17.452,1929.6,5.2797,
2143,17.422,1929.6,5.2796,
2144,17.4,1929.6,5.2798,
2145,17.37,1929.6,5.2798,
2146,17.349,1929.6,5.2799,
2147,17.319,1929.5,5.2799,
2148,17.298,1929.5,5.2801,
2149,17.268,1929.5,5.2801,
2150,17.247,1929.5,5.2802,
2151,17.218,1929.5,5.2802,
2152,17.197,1929.5,5.2804,
2153,17.167,1929.5,5.2804,
2154,17.146,1929.5,5.2806,
2155,17.117,1929.4,5.2806,
2156,17.096,1929.4,5.2808,
2157,17.067,1929.4,5.2808,
2158,17.046,1929.4,5.281,
2159,17.017,1929.4,5.281,
2160,16.996,1929.4,5.2812,
2161,16.967,1929.4,5.2812,
2162,16.947,1929.4,5.2814,
2163,16.918,1929.4,5.2814,
2164,16.897,1929.3,5.2816,
2165,16.869,1929.3,5.2817,
2166,16.848,1929.3,5.2819,
2167,16.82,1929.3,5.2819,
2168,16.799,1929.3,5.2821,
2169,16.771,1929.3,5.2822,
2170,16.75,1929.3,5.2824,
2171,16.722,1929.3,5.2824,
2172,16.702,1929.2,5.2827,
2173,16.674,1929.2,5.2827,
2174,16.654,1929.2,5.2829,
2175,16.625,1929.2,5.283,
2176,16.605,1929.2,5.2832,
2177,16.577,1929.2,5.2833,
2178,16.557,1929.2,5.2835,
2179,16.529,1929.2,5.2836,
2180,16.51,1929.2,5.2838,
2181,16.482,1929.1,5.2839,
2182,16.462,1929.1,5.2841,
2183,16.434,1929.1,5.2842,
2184,16.415,1929.1,5.2844,
2185,16.387,1929.1,5.2845,
2186,16.367,1929.1,5.2847,
2187,16.34,1929.1,5.2848,
2188,16.32,1929.1,5.285,
2189,16.293,1929.1,5.2851,
2190,16.274,1929,5.2854,
2191,16.246,1929,5.2854,
2192,16.227,1929,5.2857,
2193,16.2,1929,5.2858,
2194,16.181,1929,5.286,
2195,16.154,1929,5.2861,
2196,16.134,1929,5.2864,
2197,16.107,1929,5.2864,
2198,16.088,1929,5.2867,
2199,16.061,1929,5.2868,
2200,16.042,1928.9,5.2871,
2201,16.016,1928.9,5.2871,
2202,15.997,1928.9,5.2874,
2203,15.97,1928.9,5.2875,
2204,15.951,1928.9,5.2878,
2205,15.925,1928.9,5.2879,
2206,15.906,1928.9,5.2881,
2207,15.88,1928.9,5.2882,
2208,15.861,1928.9,5.2885,
2209,15.835,1928.9,5.2886,
2210,15.816,1928.8,5.2888,
2211,15.79,1928.8,5.289,
2212,15.771,1928.8,5.2892,
2213,15.745,1928.8,5.2893,
2214,15.727,1928.8,5.2896,
2215,15.701,1928.8,5.2897,
2216,15.683,1928.8,5.29,
2217,15.657,1928.8,5.2901,
2218,15.638,1928.8,5.2904,
2219,15.613,1928.8,5.2905,
2220,15.595,1928.7,5.2907,
2221,15.569,1928.7,5.2908,
2222,15.551,1928.7,5.2911,
2223,15.525,1928.7,5.2912,
2224,15.507,1928.7,5.2915,
2225,15.482,1928.7,5.2916,
2226,15.464,1928.7,5.2919,
2227,15.439,1928.7,5.292,
2228,15.421,1928.7,5.2923,
2229,15.396,1928.7,5.2924,
2230,15.378,1928.6,5.2927,
2231,15.353,1928.6,5.2928,
2232,15.335,1928.6,5.2931,
2233,15.31,1928.6,5.2932,
2234,15.292,1928.6,5.2935,
2235,15.267,1928.6,5.2936,
2236,15.25,1928.6,5.2939,
2237,15.225,1928.6,5.294,
2238,15.208,1928.6,5.2943,
2239,15.183,1928.6,5.2944,
2240,15.165,1928.6,5.2947,
2241,15.141,1928.6,5.2948,
2242,15.124,1928.5,5.2951,
2243,15.099,1928.5,5.2952,
2244,15.082,1928.5,5.2955,
2245,15.058,1928.5,5.2956,
2246,15.04,1928.5,5.2959,
2247,15.016,1928.5,5.296,
2248,14.999,1928.5,5.2963,
2249,14.975,1928.5,5.2965,
2250,14.958,1928.5,5.2967,
2251,14.934,1928.5,5.2969,
2252,14.917,1928.5,5.2972,
2253,14.893,1928.5,5.2973,
2254,14.876,1928.4,5.2976,
2255,14.852,1928.4,5.2977,
2256,14.835,1928.4,5.298,
2257,14.812,1928.4,5.2981,
2258,14.795,1928.4,5.2984,
2259,14.772,1928.4,5.2985,
2260,14.755,1928.4,5.2988,
2261,14.731,1928.4,5.2989,
2262,14.715,1928.4,5.2992,
2263,14.691,1928.4,5.2994,
2264,14.675,1928.4,5.2996,
2265,14.652,1928.4,5.2998,
2266,14.635,1928.3,5.3001,
2267,14.612,1928.3,5.3002,
2268,14.596,1928.3,5.3005,
2269,14.573,1928.3,5.3006,
2270,14.556,1928.3,5.3009,
2271,14.533,1928.3,5.301,
2272,14.517,1928.3,5.3013,
2273,14.494,1928.3,5.3015,
2274,14.478,1928.3,5.3017,
2275,14.455,1928.3,5.3019,
2276,14.439,1928.3,5.3022,
2277,14.417,1928.3,5.3023,
2278,14.4,1928.2,5.3026,
2279,14.378,1928.2,5.3027,
2280,14.362,1928.2,5.303,
2281,14.34,1928.2,5.3031,
2282,14.324,1928.2,5.3034,
2283,14.301,1928.2,5.3036,
2284,14.285,1928.2,5.3039,
2285,14.263,1928.2,5.304,
2286,14.247,1928.2,5.3043,
2287,14.225,1928.2,5.3044,
2288,14.21,1928.2,5.3047,
2289,14.188,1928.2,5.3048,
2290,14.172,1928.2,5.3051,
2291,14.15,1928.2,5.3053,
2292,14.134,1928.1,5.3055,
2293,14.113,1928.1,5.3057,
2294,14.097,1928.1,5.306,
2295,14.075,1928.1,5.3061,
2296,14.06,1928.1,5.3064,
2297,14.038,1928.1,5.3065,
2298,14.023,1928.1,5.3068,
2299,14.002,1928.1,5.3069,
2300,13.986,1928.1,5.3072,
2301,13.965,1928.1,5.3074,
2302,13.95,1928.1,5.3076,
2303,13.928,1928.1,5.3078,
2304,13.913,1928.1,5.3081,
2305,13.892,1928.1,5.3082,
2306,13.877,1928,5.3085,
2307,13.856,1928,5.3086,
2308,13.841,1928,5.3089,
2309,13.82,1928,5.309,
2310,13.805,1928,5.3093,
2311,13.784,1928,5.3095,
2312,13.769,1928,5.3097,
2313,13.748,1928,5.3099,
2314,13.734,1928,5.3102,
2315,13.713,1928,5.3103,
2316,13.698,1928,5.3106,
2317,13.678,1928,5.3107,
2318,13.663,1928,5.311,
2319,13.643,1928,5.3111,
2320,13.628,1928,5.3114,
2321,13.607,1927.9,5.3116,
2322,13.593,1927.9,5.3118,
2323,13.573,1927.9,5.312,
2324,13.558,1927.9,5.3122,
2325,13.538,1927.9,5.3124,
2326,13.524,1927.9,5.3127,
2327,13.503,1927.9,5.3128,
2328,13.489,1927.9,5.3131,
2329,13.469,1927.9,5.3132,
2330,13.455,1927.9,5.3135,
2331,13.435,1927.9,5.3136,
2332,13.421,1927.9,5.3139,
2333,13.401,1927.9,5.314,
2334,13.387,1927.9,5.3143,
2335,13.367,1927.9,5.3145,
2336,13.353,1927.8,5.3147,
2337,13.333,1927.8,5.3149,
2338,13.319,1927.8,5.3151,
2339,13.3,1927.8,5.3153,
2340,13.286,1927.8,5.3155,
2341,13.266,1927.8,5.3157,
2342,13.253,1927.8,5.316,
2343,13.233,1927.8,5.3161,
2344,13.219,1927.8,5.3164,
2345,13.2,1927.8,5.3165,
2346,13.186,1927.8,5.3168,
2347,13.167,1927.8,5.3169,
2348,13.153,1927.8,5.3172,
2349,13.134,1927.8,5.3173,
2350,13.121,1927.8,5.3176,
2351,13.102,1927.8,5.3177,
2352,13.088,1927.8,5.318,
2353,13.069,1927.8,5.3181,
2354,13.056,1927.7,5.3184,
2355,13.037,1927.7,5.3185,
2356,13.023,1927.7,5.3188,
2357,13.005,1927.7,5.3189,
2358,12.991,1927.7,5.3192,
2359,12.972,1927.7,5.3193,
2360,12.959,1927.7,5.3196,
2361,12.941,1927.7,5.3197,
2362,12.927,1927.7,5.32,
2363,12.909,1927.7,5.3202,
2364,12.896,1927.7,5.3204,
2365,12.877,1927.7,5.3206,
2366,12.864,1927.7,5.3208,
2367,12.846,1927.7,5.321,
2368,12.833,1927.7,5.3212,
2369,12.815,1927.7,5.3213,
2370,12.802,1927.7,5.3216,
2371,12.783,1927.6,5.3217,
2372,12.771,1927.6,5.322,
2373,12.752,1927.6,5.3221,
2374,12.74,1927.6,5.3224,
2375,12.722,1927.6,5.3225,
2376,12.709,1927.6,5.3228,
2377,12.691,1927.6,5.3229,
2378,12.678,1927.6,5.3232,
2379,12.66,1927.6,5.3233,
2380,12.648,1927.6,5.3236,
2381,12.63,1927.6,5.3237,
2382,12.618,1927.6,5.324,
2383,12.6,1927.6,5.3241,
2384,12.588,1927.6,5.3244,
2385,12.57,1927.6,5.3245,
2386,12.558,1927.6,5.3248,
2387,12.54,1927.6,5.3249,
2388,12.528,1927.6,5.3251,
2389,12.511,1927.6,5.3253,
2390,12.498,1927.5,5.3255,
2391,12.481,1927.5,5.3257,
2392,12.469,1927.5,5.3259,
2393,12.452,1927.5,5.3261,
2394,12.44,1927.5,5.3263,
2395,12.422,1927.5,5.3264,
2396,12.411,1927.5,5.3267,
2397,12.393,1927.5,5.3268,
2398,12.381,1927.5,5.3271,
2399,12.364,1927.5,5.3272,
2400,12.353,1927.5,5.3275,
2401,12.336,1927.5,5.3276,
2402,12.324,1927.5,5.3278,
2403,12.307,1927.5,5.328,
2404,12.295,1927.5,5.3282,
2405,12.278,1927.5,5.3284,
2406,12.267,1927.5,5.3286,
2407,12.25,1927.5,5.3287,
2408,12.238,1927.5,5.329,
2409,12.222,1927.5,5.3291,
2410,12.21,1927.4,5.3294,
2411,12.193,1927.4,5.3295,
2412,12.182,1927.4,5.3297,
2413,12.165,1927.4,5.3299,
2414,12.154,1927.4,5.3301,
2415,12.138,1927.4,5.3302,
2416,12.126,1927.4,5.3305,
2417,12.11,1927.4,5.3306,
2418,12.099,1927.4,5.3309,
2419,12.082,1927.4,5.331,
2420,12.071,1927.4,5.3312,
2421,12.055,1927.4,5.3314,
2422,12.044,1927.4,5.3316,
2423,12.028,1927.4,5.3317,
2424,12.016,1927.4,5.332,
2425,12,1927.4,5.3321,
2426,11.989,1927.4,5.3323,
2427,11.973,1927.4,5.3325,
2428,11.962,1927.4,5.3327,
2429,11.946,1927.4,5.3328,
2430,11.935,1927.4,5.3331,
2431,11.92,1927.4,5.3332,
2432,11.909,1927.3,5.3335,
2433,11.893,1927.3,5.3336,
2434,11.882,1927.3,5.3338,
2435,11.866,1927.3,5.3339,
2436,11.856,1927.3,5.3342,
2437,11.84,1927.3,5.3343,
2438,11.829,1927.3,5.3345,
2439,11.814,1927.3,5.3347,
2440,11.803,1927.3,5.3349,
2441,11.788,1927.3,5.335,
2442,11.777,1927.3,5.3353,
2443,11.762,1927.3,5.3354,
2444,11.751,1927.3,5.3356,
2445,11.736,1927.3,5.3358,
2446,11.725,1927.3,5.336,
2447,11.71,1927.3,5.3361,
2448,11.7,1927.3,5.3364,
2449,11.684,1927.3,5.3365,
2450,11.674,1927.3,5.3367,
2451,11.659,1927.3,5.3368,
2452,11.649,1927.3,5.3371,
2453,11.634,1927.3,5.3372,
2454,11.623,1927.3,5.3374,
2455,11.608,1927.3,5.3376,
2456,11.598,1927.2,5.3378,
2457,11.583,1927.2,5.3379,
2458,11.573,1927.2,5.3381,
2459,11.558,1927.2,5.3383,
2460,11.548,1927.2,5.3385,
2461,11.533,1927.2,5.3386,
2462,11.523,1927.2,5.3388,
2463,11.509,1927.2,5.339,
2464,11.499,1927.2,5.3392,
2465,11.484,1927.2,5.3393,
2466,11.474,1927.2,5.3395,
2467,11.46,1927.2,5.3397,
2468,11.45,1927.2,5.3399,
2469,11.435,1927.2,5.34,
2470,11.426,1927.2,5.3402,
2471,11.411,1927.2,5.3404,
2472,11.401,1927.2,5.3406,
2473,11.387,1927.2,5.3407,
2474,11.377,1927.2,5.3409,
2475,11.363,1927.2,5.3411,
2476,11.353,1927.2,5.3413,
2477,11.339,1927.2,5.3414,
2478,11.33,1927.2,5.3416,
2479,11.315,1927.2,5.3418,
2480,11.306,1927.2,5.342,
2481,11.292,1927.2,5.3421,
2482,11.282,1927.1,5.3423,
2483,11.268,1927.1,5.3424,
2484,11.259,1927.1,5.3427,
2485,11.245,1927.1,5.3428,
2486,11.236,1927.1,5.343,
2487,11.222,1927.1,5.3431,
2488,11.212,1927.1,5.3433,
2489,11.199,1927.1,5.3435,
2490,11.189,1927.1,5.3437,
2491,11.176,1927.1,5.3438,
2492,11.166,1927.1,5.344,
2493,11.153,1927.1,5.3442,
2494,11.144,1927.1,5.3444,
2495,11.13,1927.1,5.3445,
2496,11.121,1927.1,5.3447,
2497,11.107,1927.1,5.3448,
2498,11.098,1927.1,5.345,
2499,11.085,1927.1,5.3452,
2500,11.076,1927.1,5.3454,
2501,11.062,1927.1,5.3455,
2502,11.053,1927.1,5.3457,
2503,11.04,1927.1,5.3458,
2504,11.031,1927.1,5.346,
2505,11.018,1927.1,5.3462,
2506,11.009,1927.1,5.3464,
2507,10.996,1927.1,5.3465,
2508,10.987,1927.1,5.3467,
2509,10.974,1927.1,5.3468,
2510,10.965,1927,5.347,
2511,10.952,1927,5.3472,
2512,10.943,1927,5.3474,
2513,10.93,1927,5.3475,
2514,10.922,1927,5.3477,
2515,10.909,1927,5.3478,
2516,10.9,1927,5.348,
2517,10.887,1927,5.3482,
2518,10.879,1927,5.3484,
2519,10.866,1927,5.3485,
2520,10.857,1927,5.3487,
2521,10.844,1927,5.3488,
2522,10.836,1927,5.349,
2523,10.823,1927,5.3491,
2524,10.815,1927,5.3493,
2525,10.802,1927,5.3495,
2526,10.794,1927,5.3497,
2527,10.781,1927,5.3498,
2528,10.773,1927,5.35,
2529,10.76,1927,5.3501,
2530,10.752,1927,5.3503,
2531,10.74,1927,5.3504,
2532,10.731,1927,5.3506,
2533,10.719,1927,5.3508,
2534,10.711,1927,5.351,
2535,10.698,1927,5.3511,
2536,10.69,1927,5.3513,
2537,10.678,1927,5.3514,
2538,10.67,1927,5.3516,
2539,10.658,1927,5.3517,
2540,10.65,1927,5.3519,
2541,10.638,1927,5.352,
2542,10.63,1926.9,5.3522,
2543,10.618,1926.9,5.3523,
2544,10.61,1926.9,5.3525,
2545,10.598,1926.9,5.3527,
2546,10.59,1926.9,5.3529,
2547,10.578,1926.9,5.353,
2548,10.57,1926.9,5.3532,
2549,10.558,1926.9,5.3533,
2550,10.551,1926.9,5.3535,
2551,10.539,1926.9,5.3536,
2552,10.531,1926.9,5.3538,
2553,10.52,1926.9,5.3539,
2554,10.512,1926.9,5.3541,
2555,10.5,1926.9,5.3542,
2556,10.493,1926.9,5.3544,
2557,10.481,1926.9,5.3545,
2558,10.474,1926.9,5.3547,
2559,10.462,1926.9,5.3549,
2560,10.455,1926.9,5.3551,
2561,10.443,1926.9,5.3552,
2562,10.436,1926.9,5.3554,
2563,10.424,1926.9,5.3555,
2564,10.417,1926.9,5.3557,
2565,10.406,1926.9,5.3558,
2566,10.399,1926.9,5.356,
2567,10.387,1926.9,5.3561,
2568,10.38,1926.9,5.3563,
2569,10.369,1926.9,5.3564,
2570,10.362,1926.9,5.3566,
2571,10.35,1926.9,5.3567,
2572,10.343,1926.9,5.3569,
2573,10.332,1926.9,5.357,
2574,10.325,1926.9,5.3572,
2575,10.314,1926.9,5.3573,
2576,10.307,1926.9,5.3575,
2577,10.296,1926.8,5.3576,
2578,10.289,1926.8,5.3578,
2579,10.278,1926.8,5.3579,
2580,10.271,1926.8,5.3581,
2581,10.26,1926.8,5.3582,
2582,10.253,1926.8,5.3584,
2583,10.242,1926.8,5.3585,
2584,10.235,1926.8,5.3587,
2585,10.225,1926.8,5.3588,
2586,10.218,1926.8,5.359,
2587,10.207,1926.8,5.3591,
2588,10.2,1926.8,5.3593,
2589,10.189,1926.8,5.3594,
2590,10.183,1926.8,5.3596,
2591,10.172,1926.8,5.3597,
2592,10.166,1926.8,5.3599,
2593,10.155,1926.8,5.36,
2594,10.148,1926.8,5.3602,
2595,10.138,1926.8,5.3603,
2596,10.131,1926.8,5.3605,
2597,10.121,1926.8,5.3606,
2598,10.114,1926.8,5.3608,
2599,10.104,1926.8,5.3609,
2600,10.097,1926.8,5.3611,
2601,10.087,1926.8,5.3612,
2602,10.081,1926.8,5.3614,
2603,10.07,1926.8,5.3615,
2604,10.064,1926.8,5.3617,
2605,10.053,1926.8,5.3618,
2606,10.047,1926.8,5.362,
2607,10.037,1926.8,5.3621,
2608,10.031,1926.8,5.3623,
2609,10.02,1926.8,5.3624,
2610,10.014,1926.8,5.3625,
2611,10.004,1926.8,5.3627,
2612,9.9979,1926.8,5.3628,
2613,9.9877,1926.8,5.363,
2614,9.9816,1926.8,5.3631,
2615,9.9715,1926.8,5.3632,
2616,9.9655,1926.8,5.3634,
2617,9.9554,1926.7,5.3635,
2618,9.9494,1926.7,5.3637,
2619,9.9394,1926.7,5.3638,
2620,9.9335,1926.7,5.364,
2621,9.9235,1926.7,5.3641,
2622,9.9176,1926.7,5.3643,
2623,9.9076,1926.7,5.3644,
2624,9.9018,1926.7,5.3646,
2625,9.8919,1926.7,5.3647,
2626,9.8861,1926.7,5.3648,
2627,9.8763,1926.7,5.3649,
2628,9.8705,1926.7,5.3651,
2629,9.8607,1926.7,5.3652,
2630,9.855,1926.7,5.3654,
2631,9.8453,1926.7,5.3655,
2632,9.8396,1926.7,5.3657,
2633,9.8299,1926.7,5.3658,
2634,9.8242,1926.7,5.366,
2635,9.8146,1926.7,5.3661,
2636,9.809,1926.7,5.3662,
2637,9.7994,1926.7,5.3664,
2638,9.7938,1926.7,5.3665,
2639,9.7843,1926.7,5.3666,
2640,9.7788,1926.7,5.3668,
2641,9.7693,1926.7,5.3669,
2642,9.7638,1926.7,5.3671,
2643,9.7543,1926.7,5.3672,
2644,9.7489,1926.7,5.3674,
2645,9.7395,1926.7,5.3675,
2646,9.7341,1926.7,5.3676,
2647,9.7247,1926.7,5.3677,
2648,9.7194,1926.7,5.3679,
2649,9.7101,1926.7,5.368,
2650,9.7047,1926.7,5.3682,
2651,9.6954,1926.7,5.3683,
2652,9.6902,1926.7,5.3684,
2653,9.6809,1926.7,5.3686,
2654,9.6757,1926.7,5.3687,
2655,9.6665,1926.7,5.3688,
2656,9.6613,1926.7,5.369,
2657,9.6522,1926.7,5.3691,
2658,9.647,1926.7,5.3693,
2659,9.638,1926.7,5.3694,
2660,9.6328,1926.7,5.3695,
2661,9.6238,1926.7,5.3696,
2662,9.6187,1926.7,5.3698,
2663,9.6097,1926.7,5.3699,
2664,9.6046,1926.6,5.3701,
2665,9.5957,1926.6,5.3702,
2666,9.5907,1926.6,5.3703,
2667,9.5818,1926.6,5.3704,
2668,9.5768,1926.6,5.3706,
2669,9.568,1926.6,5.3707,
2670,9.563,1926.6,5.3709,
2671,9.5543,1926.6,5.371,
2672,9.5494,1926.6,5.3711,
2673,9.5406,1926.6,5.3712,
2674,9.5357,1926.6,5.3714,
2675,9.527,1926.6,5.3715,
2676,9.5222,1926.6,5.3716,
2677,9.5135,1926.6,5.3717,
2678,9.5087,1926.6,5.3719,
2679,9.5001,1926.6,5.372,
2680,9.4953,1926.6,5.3722,
2681,9.4867,1926.6,5.3723,
2682,9.482,1926.6,5.3724,
2683,9.4735,1926.6,5.3725,
2684,9.4688,1926.6,5.3727,
2685,9.4603,1926.6,5.3728,
2686,9.4557,1926.6,5.3729,
2687,9.4472,1926.6,5.373,
2688,9.4426,1926.6,5.3732,
2689,9.4341,1926.6,5.3733,
2690,9.4296,1926.6,5.3735,
2691,9.4212,1926.6,5.3736,
2692,9.4167,1926.6,5.3737,
2693,9.4084,1926.6,5.3738,
2694,9.4039,1926.6,5.374,
2695,9.3956,1926.6,5.3741,
2696,9.3911,1926.6,5.3742,
2697,9.3829,1926.6,5.3743,
2698,9.3784,1926.6,5.3745,
2699,9.3702,1926.6,5.3746,
2700,9.3658,1926.6,5.3747,
2701,9.3577,1926.6,5.3748,
2702,9.3533,1926.6,5.375,
2703,9.3452,1926.6,5.3751,
2704,9.3409,1926.6,5.3752,
2705,9.3328,1926.6,5.3753,
2706,9.3285,1926.6,5.3755,
2707,9.3205,1926.6,5.3756,
2708,9.3162,1926.6,5.3757,
2709,9.3082,1926.6,5.3758,
2710,9.304,1926.6,5.376,
2711,9.2961,1926.6,5.3761,
2712,9.2919,1926.6,5.3762,
2713,9.284,1926.6,5.3763,
2714,9.2798,1926.6,5.3765,
2715,9.272,1926.6,5.3766,
2716,9.2678,1926.6,5.3767,
2717,9.26,1926.6,5.3768,
2718,9.2559,1926.6,5.377,
2719,9.2481,1926.5,5.3771,
2720,9.2441,1926.5,5.3772,
2721,9.2363,1926.5,5.3773,
2722,9.2323,1926.5,5.3775,
2723,9.2246,1926.5,5.3776,
2724,9.2206,1926.5,5.3777,
2725,9.2129,1926.5,5.3778,
2726,9.209,1926.5,5.3779,
2727,9.2013,1926.5,5.378,
2728,9.1974,1926.5,5.3782,
2729,9.1898,1926.5,5.3783,
2730,9.186,1926.5,5.3784,
2731,9.1784,1926.5,5.3785,
2732,9.1745,1926.5,5.3787,
2733,9.167,1926.5,5.3788,
2734,9.1632,1926.5,5.3789,
2735,9.1558,1926.5,5.379,
2736,9.1519,1926.5,5.3791,
2737,9.1445,1926.5,5.3792,
2738,9.1407,1926.5,5.3794,
2739,9.1333,1926.5,5.3795,
2740,9.1296,1926.5,5.3796,
2741,9.1223,1926.5,5.3797,
2742,9.1186,1926.5,5.3799,
2743,9.1113,1926.5,5.3799,
2744,9.1076,1926.5,5.3801,
2745,9.1003,1926.5,5.3802,
2746,9.0967,1926.5,5.3803,
2747,9.0894,1926.5,5.3804,
2748,9.0858,1926.5,5.3806,
2749,9.0786,1926.5,5.3806,
2750,9.0751,1926.5,5.3808,
2751,9.0679,1926.5,5.3809,
2752,9.0644,1926.5,5.381,
2753,9.0572,1926.5,5.3811,
2754,9.0537,1926.5,5.3813,
2755,9.0466,1926.5,5.3813,
2756,9.0432,1926.5,5.3815,
2757,9.0361,1926.5,5.3816,
2758,9.0327,1926.5,5.3817,
2759,9.0256,1926.5,5.3818,
2760,9.0222,1926.5,5.3819,
2761,9.0152,1926.5,5.382,
2762,9.0119,1926.5,5.3822,
2763,9.0049,1926.5,5.3823,
2764,9.0016,1926.5,5.3824,
2765,8.9946,1926.5,5.3825,
2766,8.9913,1926.5,5.3826,
2767,8.9845,1926.5,5.3827,
2768,8.9812,1926.5,5.3829,
2769,8.9743,1926.5,5.3829,
2770,8.9711,1926.5,5.3831,
2771,8.9643,1926.5,5.3832,
2772,8.961,1926.5,5.3833,
2773,8.9543,1926.5,5.3834,
2774,8.9511,1926.5,5.3835,
2775,8.9443,1926.5,5.3836,
2776,8.9412,1926.5,5.3838,
2777,8.9345,1926.5,5.3838,
2778,8.9313,1926.5,5.384,
2779,8.9247,1926.5,5.3841,
2780,8.9216,1926.5,5.3842,
2781,8.9149,1926.5,5.3843,
2782,8.9119,1926.5,5.3844,
2783,8.9052,1926.5,5.3845,
2784,8.9022,1926.5,5.3846,
2785,8.8956,1926.5,5.3847,
2786,8.8927,1926.5,5.3849,
2787,8.8861,1926.4,5.385,
2788,8.8831,1926.4,5.3851,
2789,8.8766,1926.4,5.3852,
2790,8.8737,1926.4,5.3853,
2791,8.8672,1926.4,5.3854,
2792,8.8643,1926.4,5.3855,
2793,8.8578,1926.4,5.3856,
2794,8.8549,1926.4,5.3857,
2795,8.8485,1926.4,5.3858,
2796,8.8457,1926.4,5.386,
2797,8.8393,1926.4,5.386,
2798,8.8365,1926.4,5.3862,
2799,8.8301,1926.4,5.3863,
2800,8.8273,1926.4,5.3864,
2801,8.821,1926.4,5.3865,
2802,8.8183,1926.4,5.3866,
2803,8.812,1926.4,5.3867,
2804,8.8092,1926.4,5.3868,
2805,8.803,1926.4,5.3869,
2806,8.8003,1926.4,5.387,
2807,8.7941,1926.4,5.3871,
2808,8.7914,1926.4,5.3873,
2809,8.7852,1926.4,5.3873,
2810,8.7825,1926.4,5.3875,
2811,8.7764,1926.4,5.3876,
2812,8.7738,1926.4,5.3877,
2813,8.7677,1926.4,5.3878,
2814,8.765,1926.4,5.3879,
2815,8.759,1926.4,5.388,
2816,8.7564,1926.4,5.3881,
2817,8.7503,1926.4,5.3882,
2818,8.7478,1926.4,5.3883,
2819,8.7418,1926.4,5.3884,
2820,8.7393,1926.4,5.3885,
2821,8.7333,1926.4,5.3886,
2822,8.7308,1926.4,5.3887,
2823,8.7248,1926.4,5.3888,
2824,8.7224,1926.4,5.3889,
2825,8.7164,1926.4,5.389,
2826,8.714,1926.4,5.3891,
2827,8.7081,1926.4,5.3892,
2828,8.7057,1926.4,5.3894,
2829,8.6998,1926.4,5.3894,
2830,8.6975,1926.4,5.3896,
2831,8.6916,1926.4,5.3896,
2832,8.6893,1926.4,5.3898,
2833,8.6835,1926.4,5.3899,
2834,8.6812,1926.4,5.39,
2835,8.6753,1926.4,5.3901,
2836,8.6731,1926.4,5.3902,
2837,8.6673,1926.4,5.3903,
2838,8.665,1926.4,5.3904,
2839,8.6593,1926.4,5.3905,
2840,8.6571,1926.4,5.3906,
2841,8.6514,1926.4,5.3907,
2842,8.6492,1926.4,5.3908,
2843,8.6435,1926.4,5.3909,
2844,8.6413,1926.4,5.391,
2845,8.6357,1926.4,5.3911,
2846,8.6335,1926.4,5.3912,
2847,8.628,1926.4,5.3913,
2848,8.6258,1926.4,5.3914,
2849,8.6202,1926.4,5.3915,
2850,8.6181,1926.4,5.3916,
2851,8.6126,1926.4,5.3917,
2852,8.6105,1926.4,5.3918,
2853,8.605,1926.4,5.3919,
2854,8.6029,1926.4,5.392,
2855,8.5975,1926.4,5.3921,
2856,8.5954,1926.4,5.3922,
2857,8.59,1926.4,5.3923,
2858,8.5879,1926.4,5.3924,
2859,8.5825,1926.4,5.3925,
2860,8.5805,1926.4,5.3926,
2861,8.5751,1926.4,5.3927,
2862,8.5732,1926.4,5.3928,
2863,8.5678,1926.4,5.3929,
2864,8.5659,1926.4,5.393,
2865,8.5605,1926.4,5.3931,
2866,8.5586,1926.4,5.3932,
2867,8.5533,1926.4,5.3933,
2868,8.5514,1926.4,5.3934,
2869,8.5462,1926.4,5.3935,
2870,8.5443,1926.4,5.3936,
2871,8.5391,1926.4,5.3937,
2872,8.5372,1926.4,5.3938,
2873,8.532,1926.4,5.3939,
2874,8.5302,1926.4,5.394,
2875,8.525,1926.3,5.3941,
2876,8.5232,1926.3,5.3942,
2877,8.5181,1926.3,5.3943,
2878,8.5163,1926.3,5.3944,
2879,8.5111,1926.3,5.3944,
2880,8.5094,1926.3,5.3946,
2881,8.5043,1926.3,5.3946,
2882,8.5026,1926.3,5.3948,
2883,8.4975,1926.3,5.3948,
2884,8.4958,1926.3,5.3949,
2885,8.4907,1926.3,5.395,
2886,8.4891,1926.3,5.3951,
2887,8.484,1926.3,5.3952,
2888,8.4824,1926.3,5.3953,
2889,8.4774,1926.3,5.3954,
2890,8.4758,1926.3,5.3955,
2891,8.4708,1926.3,5.3956,
2892,8.4692,1926.3,5.3957,
2893,8.4643,1926.3,5.3958,
2894,8.4627,1926.3,5.3959,
2895,8.4578,1926.3,5.396,
2896,8.4562,1926.3,5.3961,
2897,8.4513,1926.3,5.3962,
2898,8.4498,1926.3,5.3963,
2899,8.4449,1926.3,5.3964,
2900,8.4434,1926.3,5.3965,
2901,8.4386,1926.3,5.3966,
2902,8.4371,1926.3,5.3967,
2903,8.4323,1926.3,5.3967,
2904,8.4309,1926.3,5.3969,
2905,8.426,1926.3,5.3969,
2906,8.4246,1926.3,5.397,
2907,8.4198,1926.3,5.3971,
2908,8.4184,1926.3,5.3972,
2909,8.4137,1926.3,5.3973,
2910,8.4123,1926.3,5.3974,
2911,8.4076,1926.3,5.3975,
2912,8.4062,1926.3,5.3976,
2913,8.4015,1926.3,5.3977,
2914,8.4002,1926.3,5.3978,
2915,8.3956,1926.3,5.3979,
2916,8.3942,1926.3,5.398,
2917,8.3896,1926.3,5.398,
2918,8.3883,1926.3,5.3982,
2919,8.3837,1926.3,5.3982,
2920,8.3824,1926.3,5.3983,
2921,8.3778,1926.3,5.3984,
2922,8.3766,1926.3,5.3985,
2923,8.372,1926.3,5.3986,
2924,8.3708,1926.3,5.3987,
2925,8.3662,1926.3,5.3988,
2926,8.365,1926.3,5.3989,
2927,8.3606,1926.3,5.399,
2928,8.3593,1926.3,5.3991,
2929,8.3548,1926.3,5.3992,
2930,8.3537,1926.3,5.3993,
2931,8.3492,1926.3,5.3993,
2932,8.3481,1926.3,5.3994,
2933,8.3436,1926.3,5.3995,
2934,8.3425,1926.3,5.3996,
2935,8.3381,1926.3,5.3997,
2936,8.337,1926.3,5.3998,
2937,8.3327,1926.3,5.3999,
2938,8.3316,1926.3,5.4,
2939,8.3272,1926.3,5.4001,
2940,8.3261,1926.3,5.4002,
2941,8.3218,1926.3,5.4002,
2942,8.3207,1926.3,5.4003,
2943,8.3164,1926.3,5.4004,
2944,8.3154,1926.3,5.4005,
2945,8.3112,1926.3,5.4006,
2946,8.3102,1926.3,5.4007,
2947,8.3059,1926.3,5.4008,
2948,8.3049,1926.3,5.4009,
2949,8.3007,1926.3,5.401,
2950,8.2997,1926.3,5.4011,
2951,8.2955,1926.3,5.4011,
2952,8.2945,1926.3,5.4012,
2953,8.2904,1926.3,5.4013,
2954,8.2895,1926.3,5.4014,
2955,8.2853,1926.3,5.4015,
2956,8.2844,1926.3,5.4016,
2957,8.2803,1926.3,5.4017,
2958,8.2794,1926.3,5.4018,
2959,8.2753,1926.3,5.4019,
2960,8.2744,1926.3,5.402,
2961,8.2703,1926.3,5.402,
2962,8.2694,1926.3,5.4021,
2963,8.2654,1926.3,5.4022,
2964,8.2646,1926.3,5.4023,
2965,8.2605,1926.3,5.4024,
2966,8.2597,1926.3,5.4025,
2967,8.2557,1926.3,5.4026,
2968,8.2549,1926.3,5.4027,
2969,8.2509,1926.3,5.4027,
2970,8.2502,1926.3,5.4028,
2971,8.2462,1926.3,5.4029,
2972,8.2454,1926.3,5.403,
2973,8.2415,1926.3,5.4031,
2974,8.2408,1926.3,5.4032,
2975,8.2369,1926.3,5.4033,
2976,8.2362,1926.3,5.4034,
2977,8.2323,1926.3,5.4034,
2978,8.2316,1926.3,5.4035,
2979,8.2276,1926.3,5.4036,
2980,8.227,1926.3,5.4037,
2981,8.2232,1926.3,5.4038,
2982,8.2225,1926.3,5.4039,
2983,8.2187,1926.3,5.404,
2984,8.2181,1926.3,5.4041,
2985,8.2142,1926.3,5.4041,
2986,8.2136,1926.3,5.4042,
2987,8.2098,1926.3,5.4043,
2988,8.2093,1926.3,5.4044,
2989,8.2055,1926.3,5.4045,
2990,8.2049,1926.3,5.4046,
2991,8.2012,1926.3,5.4046,
2992,8.2006,1926.3,5.4047,
2993,8.1969,1926.3,5.4048,
2994,8.1964,1926.3,5.4049,
2995,8.1927,1926.3,5.405,
2996,8.1921,1926.3,5.4051,
2997,8.1884,1926.3,5.4052,
2998,8.188,1926.3,5.4053,
2999,8.1843,1926.3,5.4053,
3000,8.1838,1926.2,5.4054,
3001,8.1802,1926.2,5.4055,
3002,8.1797,1926.2,5.4056,
3003,8.1761,1926.2,5.4057,
3004,8.1757,1926.2,5.4058,
3005,8.1721,1926.2,5.4058,
3006,8.1717,1926.2,5.4059,
3007,8.1681,1926.2,5.406,
3008,8.1677,1926.2,5.4061,
3009,8.1641,1926.2,5.4062,
3010,8.1637,1926.2,5.4063,
3011,8.1602,1926.2,5.4064,
3012,8.1599,1926.2,5.4065,
3013,8.1563,1926.2,5.4065,
3014,8.156,1926.2,5.4066,
3015,8.1525,1926.2,5.4067,
3016,8.1522,1926.2,5.4068,
3017,8.1487,1926.2,5.4069,
3018,8.1484,1926.2,5.407,
3019,8.1449,1926.2,5.407,
3020,8.1446,1926.2,5.4071,
3021,8.1412,1926.2,5.4072,
3022,8.1409,1926.2,5.4073,
3023,8.1375,1926.2,5.4074,
3024,8.1373,1926.2,5.4075,
3025,8.1339,1926.2,5.4075,
3026,8.1337,1926.2,5.4076,
3027,8.1302,1926.2,5.4077,
3028,8.1301,1926.2,5.4078,
3029,8.1267,1926.2,5.4079,
3030,8.1265,1926.2,5.408,
3031,8.1232,1926.2,5.408,
3032,8.123,1926.2,5.4081,
3033,8.1197,1926.2,5.4082,
3034,8.1195,1926.2,5.4083,
3035,8.1162,1926.2,5.4084,
3036,8.116,1926.2,5.4085,
3037,8.1128,1926.2,5.4085,
3038,8.1127,1926.2,5.4086,
3039,8.1094,1926.2,5.4087,
3040,8.1093,1926.2,5.4088,
3041,8.1061,1926.2,5.4089,
3042,8.106,1926.2,5.409,
3043,8.1027,1926.2,5.409,
3044,8.1027,1926.2,5.4091,
3045,8.0995,1926.2,5.4092,
3046,8.0995,1926.2,5.4093,
3047,8.0962,1926.2,5.4094,
3048,8.0962,1926.2,5.4095,
3049,8.093,1926.2,5.4095,
3050,8.093,1926.2,5.4096,
3051,8.0899,1926.2,5.4097,
3052,8.0899,1926.2,5.4098,
3053,8.0867,1926.2,5.4099,
3054,8.0868,1926.2,5.41,
3055,8.0836,1926.2,5.41,
3056,8.0837,1926.2,5.4101,
3057,8.0806,1926.2,5.4102,
3058,8.0806,1926.2,5.4103,
3059,8.0775,1926.2,5.4104,
3060,8.0776,1926.2,5.4105,
3061,8.0746,1926.2,5.4105,
3062,8.0747,1926.2,5.4106,
3063,8.0716,1926.2,5.4107,
3064,8.0717,1926.2,5.4108,
3065,8.0687,1926.2,5.4109,
3066,8.0689,1926.2,5.411,
3067,8.0658,1926.2,5.411,
3068,8.066,1926.2,5.4111,
3069,8.063,1926.2,5.4112,
3070,8.0632,1926.2,5.4113,
3071,8.0602,1926.2,5.4114,
3072,8.0604,1926.2,5.4114,
3073,8.0574,1926.2,5.4115,
3074,8.0576,1926.2,5.4116,
3075,8.0547,1926.2,5.4117,
3076,8.0549,1926.2,5.4118,
3077,8.052,1926.2,5.4118,
3078,8.0522,1926.2,5.4119,
3079,8.0493,1926.2,5.412,
3080,8.0496,1926.2,5.4121,
3081,8.0467,1926.2,5.4122,
3082,8.0469,1926.2,5.4123,
3083,8.0441,1926.2,5.4123,
3084,8.0443,1926.2,5.4124,
3085,8.0415,1926.2,5.4125,
3086,8.0418,1926.2,5.4126,
3087,8.039,1926.2,5.4127,
3088,8.0393,1926.2,5.4128,
3089,8.0364,1926.2,5.4128,
3090,8.0368,1926.2,5.4129,
3091,8.034,1926.2,5.413,
3092,8.0343,1926.2,5.4131,
3093,8.0315,1926.2,5.4132,
3094,8.0319,1926.2,5.4132,
3095,8.0291,1926.2,5.4133,
3096,8.0295,1926.2,5.4134,
3097,8.0268,1926.2,5.4135,
3098,8.0271,1926.2,5.4136,
3099,8.0244,1926.2,5.4136,
3100,8.0248,1926.2,5.4137,
3101,8.0221,1926.2,5.4138,
3102,8.0225,1926.2,5.4139,
3103,8.0198,1926.2,5.414,
3104,8.0203,1926.2,5.4141,
3105,8.0176,1926.2,5.4141,
3106,8.0181,1926.2,5.4142,
3107,8.0154,1926.2,5.4143,
3108,8.0159,1926.2,5.4144,
3109,8.0132,1926.2,5.4145,
3110,8.0137,1926.2,5.4146,
3111,8.0111,1926.2,5.4146,
3112,8.0116,1926.2,5.4147,
3113,8.009,1926.2,5.4148,
3114,8.0095,1926.2,5.4149,
3115,8.0069,1926.2,5.415,
3116,8.0074,1926.2,5.415,
3117,8.0048,1926.2,5.4151,
3118,8.0054,1926.2,5.4152,
3119,8.0028,1926.2,5.4153,
3120,8.0034,1926.2,5.4154,
3121,8.0008,1926.2,5.4154,
3122,8.0014,1926.2,5.4155,
3123,7.9989,1926.2,5.4156,
3124,7.9995,1926.2,5.4157,
3125,7.997,1926.2,5.4158,
3126,7.9976,1926.2,5.4159,
3127,7.995,1926.2,5.4159,
3128,7.9957,1926.2,5.416,
3129,7.9932,1926.2,5.4161,
3130,7.9938,1926.2,5.4162,
3131,7.9914,1926.2,5.4163,
3132,7.992,1926.2,5.4163,
3133,7.9896,1926.2,5.4164,
3134,7.9902,1926.2,5.4165,
3135,7.9878,1926.2,5.4166,
3136,7.9885,1926.2,5.4167,
3137,7.986,1926.2,5.4167,
3138,7.9867,1926.2,5.4168,
3139,7.9843,1926.2,5.4169,
3140,7.9851,1926.2,5.417,
3141,7.9827,1926.2,5.4171,
3142,7.9834,1926.2,5.4172,
3143,7.981,1926.2,5.4172,
3144,7.9817,1926.2,5.4173,
3145,7.9794,1926.2,5.4174,
3146,7.9801,1926.2,5.4175,
3147,7.9778,1926.2,5.4176,
3148,7.9786,1926.2,5.4177,
3149,7.9762,1926.2,5.4177,
3150,7.977,1926.2,5.4178,
3151,7.9747,1926.2,5.4179,
3152,7.9755,1926.2,5.418,
3153,7.9732,1926.2,5.4181,
3154,7.974,1926.2,5.4181,
3155,7.9717,1926.2,5.4182,
3156,7.9726,1926.2,5.4183,
3157,7.9703,1926.2,5.4184,
3158,7.9712,1926.2,5.4185,
3159,7.9688,1926.2,5.4186,
3160,7.9697,1926.2,5.4186,
3161,7.9675,1926.2,5.4187,
3162,7.9684,1926.2,5.4188,
3163,7.9661,1926.2,5.4189,
3164,7.967,1926.2,5.419,
3165,7.9648,1926.2,5.419,
3166,7.9657,1926.2,5.4191,
3167,7.9635,1926.2,5.4192,
3168,7.9644,1926.2,5.4193,
3169,7.9622,1926.2,5.4194,
3170,7.9632,1926.2,5.4195,
3171,7.961,1926.2,5.4195,
3172,7.9619,1926.2,5.4196,
3173,7.9598,1926.2,5.4197,
3174,7.9607,1926.2,5.4198,
3175,7.9586,1926.2,5.4199,
3176,7.9595,1926.2,5.42,
3177,7.9574,1926.2,5.42,
3178,7.9584,1926.2,5.4201,
3179,7.9563,1926.2,5.4202,
3180,7.9573,1926.2,5.4203,
3181,7.9552,1926.2,5.4204,
3182,7.9562,1926.2,5.4205,
3183,7.9541,1926.2,5.4205,
3184,7.9551,1926.2,5.4206,
3185,7.9531,1926.2,5.4207,
3186,7.9541,1926.2,5.4208,
3187,7.952,1926.2,5.4209,
3188,7.9531,1926.2,5.421,
3189,7.9511,1926.2,5.421,
3190,7.9521,1926.2,5.4211,
3191,7.9501,1926.2,5.4212,
3192,7.9512,1926.2,5.4213,
3193,7.9492,1926.2,5.4214,
3194,7.9503,1926.2,5.4215,
3195,7.9482,1926.2,5.4215,
3196,7.9493,1926.2,5.4216,
3197,7.9474,1926.2,5.4217,
3198,7.9485,1926.2,5.4218,
3199,7.9465,1926.2,5.4219,
3200,7.9476,1926.2,5.422,
3201,7.9457,1926.2,5.422,
3202,7.9468,1926.2,5.4221,
3203,7.9449,1926.2,5.4222,
3204,7.9461,1926.2,5.4223,
3205,7.9441,1926.2,5.4224,
3206,7.9453,1926.2,5.4225,
3207,7.9433,1926.2,5.4226,
3208,7.9445,1926.2,5.4226,
3209,7.9426,1926.2,5.4227,
3210,7.9439,1926.2,5.4228,
3211,7.9419,1926.2,5.4229,
3212,7.9432,1926.2,5.423,
3213,7.9413,1926.2,5.4231,
3214,7.9427,1926.2,5.4232,
3215,7.9408,1926.2,5.4232,
3216,7.9422,1926.2,5.4233,
3217,7.9403,1926.2,5.4234,
3218,7.9417,1926.2,5.4235,
3219,7.9398,1926.2,5.4236,
3220,7.9412,1926.2,5.4237,
3221,7.9394,1926.2,5.4238,
3222,7.9408,1926.1,5.4238,
3223,7.939,1926.1,5.4239,
3224,7.9405,1926.1,5.424,
3225,7.9387,1926.1,5.4241,
3226,7.9401,1926.1,5.4242,
3227,7.9384,1926.1,5.4243,
3228,7.9399,1926.1,5.4244,
3229,7.9381,1926.1,5.4245,
3230,7.9396,1926.1,5.4245,
3231,7.9379,1926.1,5.4246,
3232,7.9394,1926.1,5.4247,
3233,7.9378,1926.1,5.4248,
3234,7.9393,1926.1,5.4249,
3235,7.9376,1926.1,5.425,
3236,7.9392,1926.1,5.4251,
3237,7.9375,1926.1,5.4252,
3238,7.9391,1926.1,5.4252,
3239,7.9374,1926.1,5.4253,
3240,7.939,1926.1,5.4254,
3241,7.9374,1926.1,5.4255,
3242,7.939,1926.1,5.4256,
3243,7.9374,1926.1,5.4257,
3244,7.939,1926.1,5.4258,
3245,7.9374,1926.1,5.4259,
3246,7.9391,1926.1,5.426,
3247,7.9375,1926.1,5.426,
3248,7.9391,1926.1,5.4261,
3249,7.9376,1926.1,5.4262,
3250,7.9393,1926.1,5.4263,
3251,7.9377,1926.1,5.4264,
3252,7.9394,1926.1,5.4265,
3253,7.9379,1926.1,5.4266,
3254,7.9396,1926.1,5.4267,
3255,7.9381,1926.1,5.4268,
3256,7.9398,1926.1,5.4268,
3257,7.9383,1926.1,5.4269,
3258,7.9401,1926.1,5.427,
3259,7.9386,1926.1,5.4271,
3260,7.9404,1926.1,5.4272,
3261,7.9389,1926.1,5.4273,
3262,7.9407,1926.1,5.4274,
3263,7.9392,1926.1,5.4275,
3264,7.941,1926.1,5.4276,
3265,7.9396,1926.1,5.4277,
3266,7.9414,1926.1,5.4278,
3267,7.94,1926.1,5.4278,
3268,7.9419,1926.1,5.4279,
3269,7.9404,1926.1,5.428,
3270,7.9423,1926.1,5.4281,
3271,7.9408,1926.1,5.4282,
3272,7.9428,1926.1,5.4283,
3273,7.9413,1926.1,5.4284,
3274,7.9432,1926.1,5.4285,
3275,7.9419,1926.1,5.4286,
3276,7.9438,1926.1,5.4287,
3277,7.9424,1926.1,5.4288,
3278,7.9444,1926.1,5.4289,
3279,7.943,1926.1,5.429,
3280,7.9449,1926.1,5.4291,
3281,7.9436,1926.1,5.4291,
3282,7.9456,1926.1,5.4292,
3283,7.9442,1926.1,5.4293,
3284,7.9462,1926.1,5.4294,
3285,7.9449,1926.1,5.4295,
3286,7.9469,1926.1,5.4296,
3287,7.9456,1926.1,5.4297,
3288,7.9476,1926.1,5.4298,
3289,7.9463,1926.1,5.4299,
3290,7.9484,1926.1,5.43,
3291,7.9471,1926.1,5.4301,
3292,7.9492,1926.1,5.4302,
3293,7.9479,1926.1,5.4303,
3294,7.95,1926.1,5.4304,
3295,7.9487,1926.1,5.4305,
3296,7.9508,1926.1,5.4306,
3297,7.9495,1926.1,5.4307,
3298,7.9517,1926.1,5.4308,
3299,7.9504,1926.1,5.4309,
3300,7.9525,1926.1,5.431,
3301,7.9513,1926.1,5.4311,
3302,7.9535,1926.1,5.4312,
3303,7.9522,1926.1,5.4313,
3304,7.9544,1926.1,5.4314,
3305,7.9532,1926.1,5.4315,
3306,7.9553,1926.1,5.4316,
3307,7.9541,1926.1,5.4317,
3308,7.9563,1926.1,5.4318,
3309,7.9551,1926.1,5.4319,
3310,7.9574,1926.1,5.432,
3311,7.9562,1926.1,5.4321,
3312,7.9584,1926.1,5.4322,
3313,7.9572,1926.1,5.4323,
3314,7.9595,1926.1,5.4324,
3315,7.9583,1926.1,5.4325,
3316,7.9606,1926.1,5.4326,
3317,7.9595,1926.1,5.4327,
3318,7.9618,1926.1,5.4328,
3319,7.9606,1926.1,5.4329,
3320,7.963,1926.1,5.433,
3321,7.9618,1926.1,5.4331,
3322,7.9642,1926.1,5.4332,
3323,7.963,1926.1,5.4333,
3324,7.9654,1926.1,5.4334,
3325,7.9643,1926.1,5.4335,
3326,7.9666,1926.1,5.4336,
3327,7.9656,1926.1,5.4337,
3328,7.9679,1926.1,5.4338,
3329,7.9669,1926.1,5.4339,
3330,7.9693,1926.1,5.434,
3331,7.9682,1926.1,5.4341,
3332,7.9706,1926.1,5.4342,
3333,7.9695,1926.1,5.4343,
3334,7.972,1926.1,5.4344,
3335,7.9709,1926.1,5.4345,
3336,7.9734,1926.1,5.4346,
3337,7.9724,1926.1,5.4347,
3338,7.9748,1926.1,5.4348,
3339,7.9738,1926.1,5.4349,
3340,7.9762,1926.1,5.4351,
3341,7.9752,1926.1,5.4352,
3342,7.9777,1926.1,5.4353,
3343,7.9767,1926.1,5.4354,
3344,7.9792,1926.1,5.4355,
3345,7.9782,1926.1,5.4356,
3346,7.9807,1926.1,5.4357,
3347,7.9798,1926.1,5.4358,
3348,7.9823,1926.1,5.4359,
3349,7.9813,1926.1,5.436,
3350,7.9839,1926.1,5.4361,
3351,7.9829,1926.1,5.4362,
3352,7.9854,1926.1,5.4364,
3353,7.9845,1926.1,5.4365,
3354,7.9871,1926.1,5.4366,
3355,7.9861,1926.1,5.4367,
3356,7.9887,1926.1,5.4368,
3357,7.9878,1926.1,5.4369,
3358,7.9904,1926.1,5.437,
3359,7.9895,1926.1,5.4371,
3360,7.9921,1926.1,5.4373,
3361,7.9912,1926.1,5.4374,
3362,7.9938,1926.1,5.4375,
3363,7.9929,1926.1,5.4376,
3364,7.9955,1926.1,5.4377,
3365,7.9947,1926.1,5.4378,
3366,7.9973,1926.1,5.4379,
3367,7.9965,1926.1,5.438,
3368,7.9991,1926.1,5.4382,
3369,7.9983,1926.1,5.4383,
3370,8.0009,1926.1,5.4384,
3371,8.0001,1926.1,5.4385,
3372,8.0028,1926.1,5.4386,
3373,8.002,1926.1,5.4387,
3374,8.0047,1926.1,5.4389,
3375,8.0039,1926.1,5.439,
3376,8.0065,1926.1,5.4391,
3377,8.0058,1926.1,5.4392,
3378,8.0085,1926.1,5.4393,
3379,8.0077,1926.1,5.4394,
3380,8.0104,1926.1,5.4396,
3381,8.0097,1926.1,5.4397,
3382,8.0124,1926.1,5.4398,
3383,8.0116,1926.1,5.4399,
3384,8.0144,1926.1,5.44,
3385,8.0136,1926.1,5.4402,
3386,8.0164,1926.1,5.4403,
3387,8.0157,1926.1,5.4404,
3388,8.0185,1926.1,5.4405,
3389,8.0177,1926.1,5.4406,
3390,8.0205,1926.1,5.4408,
3391,8.0198,1926.1,5.4409,
3392,8.0226,1926.1,5.441,
3393,8.0219,1926.1,5.4411,
3394,8.0248,1926.1,5.4413,
3395,8.024,1926.1,5.4414,
3396,8.0269,1926.1,5.4415,
3397,8.0262,1926.1,5.4416,
3398,8.0291,1926.1,5.4418,
3399,8.0284,1926.1,5.4419,
3400,8.0312,1926.1,5.442,
3401,8.0305,1926.1,5.4421,
3402,8.0335,1926.1,5.4423,
3403,8.0328,1926.1,5.4424,
3404,8.0357,1926.1,5.4425,
3405,8.0351,1926.1,5.4426,
3406,8.0379,1926.1,5.4428,
3407,8.0373,1926.1,5.4429,
3408,8.0402,1926.1,5.443,
3409,8.0396,1926.1,5.4432,
3410,8.0426,1926.1,5.4433,
3411,8.042,1926.1,5.4434,
3412,8.0449,1926.1,5.4436,
3413,8.0443,1926.1,5.4437,
3414,8.0472,1926.1,5.4438,
3415,8.0466,1926.1,5.4439,
3416,8.0497,1926.1,5.4441,
3417,8.0491,1926.1,5.4442,
3418,8.0521,1926.1,5.4443,
3419,8.0515,1926.1,5.4445,
3420,8.0545,1926.1,5.4446,
3421,8.0539,1926.1,5.4447,
3422,8.0569,1926.1,5.4449,
3423,8.0563,1926.1,5.445,
3424,8.0594,1926.1,5.4451,
3425,8.0589,1926.1,5.4453,
3426,8.0619,1926.1,5.4454,
3427,8.0614,1926.1,5.4456,
3428,8.0644,1926.1,5.4457,
3429,8.0639,1926.1,5.4458,
3430,8.067,1926.1,5.446,
3431,8.0665,1926.1,5.4461,
3432,8.0696,1926.1,5.4462,
3433,8.069,1926.1,5.4464,
3434,8.0721,1926.1,5.4465,
3435,8.0716,1926.1,5.4467,
3436,8.0747,1926.1,5.4468,
3437,8.0743,1926.1,5.4469,
3438,8.0774,1926.1,5.4471,
3439,8.0769,1926.1,5.4472,
3440,8.0801,1926.1,5.4474,
3441,8.0796,1926.1,5.4475,
3442,8.0827,1926.1,5.4477,
3443,8.0823,1926.1,5.4478,
3444,8.0854,1926.1,5.4479,
3445,8.085,1926.1,5.4481,
3446,8.0882,1926.1,5.4482,
3447,8.0878,1926.1,5.4484,
3448,8.0909,1926.1,5.4485,
3449,8.0905,1926.1,5.4487,
3450,8.0937,1926.1,5.4488,
3451,8.0933,1926.1,5.449,
3452,8.0965,1926.1,5.4491,
3453,8.0961,1926.1,5.4493,
3454,8.0994,1926.1,5.4494,
3455,8.0989,1926.1,5.4495,
3456,8.1022,1926.1,5.4497,
3457,8.1018,1926.1,5.4498,
3458,8.1051,1926.1,5.45,
3459,8.1047,1926.1,5.4501,
3460,8.108,1926.1,5.4503,
3461,8.1075,1926.1,5.4504,
3462,8.1109,1926.1,5.4506,
3463,8.1105,1926.1,5.4508,
3464,8.1138,1926.1,5.4509,
3465,8.1134,1926.1,5.4511,
3466,8.1168,1926.1,5.4512,
3467,8.1164,1926.1,5.4514,
3468,8.1197,1926.1,5.4515,
3469,8.1194,1926.1,5.4517,
3470,8.1227,1926.1,5.4518,
3471,8.1224,1926.1,5.452,
3472,8.1258,1926.1,5.4521,
3473,8.1254,1926.1,5.4523,
3474,8.1288,1926.1,5.4525,
3475,8.1285,1926.1,5.4526,
3476,8.1319,1926.1,5.4528,
3477,8.1316,1926.1,5.4529,
3478,8.135,1926.1,5.4531,
3479,8.1347,1926.1,5.4533,
3480,8.1381,1926.1,5.4534,
3481,8.1378,1926.1,5.4536,
3482,8.1412,1926.1,5.4537,
3483,8.141,1926.1,5.4539,
3484,8.1444,1926.1,5.4541,
3485,8.1441,1926.1,5.4542,
3486,8.1476,1926.1,5.4544,
3487,8.1474,1926.1,5.4546,
3488,8.1508,1926.1,5.4547,
3489,8.1506,1926.1,5.4549,
3490,8.154,1926.1,5.455,
3491,8.1538,1926.1,5.4552,
3492,8.1573,1926.1,5.4554,
3493,8.157,1926.1,5.4555,
3494,8.1606,1926.1,5.4557,
3495,8.1603,1926.1,5.4559,
3496,8.1638,1926.1,5.4561,
3497,8.1636,1926.1,5.4562,
3498,8.1672,1926.1,5.4564,
3499,8.167,1926.1,5.4566,
3500,8.1705,1926.1,5.4567,
3501,8.1703,1926.1,5.4569,
3502,8.1739,1926.1,5.4571,
3503,8.1737,1926.1,5.4572,
3504,8.1773,1926.1,5.4574,
3505,8.1771,1926.1,5.4576,
3506,8.1807,1926.1,5.4578,
3507,8.1805,1926.1,5.4579,
3508,8.1841,1926.1,5.4581,
3509,8.1839,1926.1,5.4583,
3510,8.1875,1926.1,5.4585,
3511,8.1874,1926.1,5.4586,
3512,8.191,1926.1,5.4588,
3513,8.1908,1926.1,5.459,
3514,8.1945,1926.1,5.4592,
3515,8.1944,1926.1,5.4593,
3516,8.198,1926.1,5.4595,
3517,8.1979,1926.1,5.4597,
3518,8.2015,1926.1,5.4599,
3519,8.2014,1926.1,5.46,
3520,8.2051,1926.1,5.4602,
3521,8.205,1926.1,5.4604,
3522,8.2087,1926.1,5.4606,
3523,8.2086,1926.1,5.4608,
3524,8.2123,1926.1,5.4609,
3525,8.2122,1926.1,5.4611,
3526,8.2159,1926.1,5.4613,
3527,8.2158,1926.1,5.4615,
3528,8.2196,1926.1,5.4617,
3529,8.2195,1926.1,5.4619,
3530,8.2232,1926.1,5.462,
3531,8.2231,1926.1,5.4622,
3532,8.2269,1926.1,5.4624,
3533,8.2269,1926.1,5.4626,
3534,8.2306,1926.1,5.4628,
3535,8.2306,1926.1,5.463,
3536,8.2344,1926.1,5.4632,
3537,8.2344,1926.1,5.4633,
3538,8.2381,1926.1,5.4635,
3539,8.2381,1926.1,5.4637,
3540,8.2419,1926.1,5.4639,
3541,8.2419,1926.1,5.4641,
3542,8.2457,1926.1,5.4643,
3543,8.2457,1926.1,5.4645,
3544,8.2495,1926.1,5.4647,
3545,8.2495,1926.1,5.4649,
3546,8.2534,1926.1,5.465,
3547,8.2533,1926.1,5.4652,
3548,8.2572,1926.1,5.4654,
3549,8.2572,1926.1,5.4656,
3550,8.2611,1926.1,5.4658,
3551,8.2611,1926.1,5.466,
3552,8.265,1926.1,5.4662,
3553,8.265,1926.1,5.4664,
3554,8.2689,1926.1,5.4666,
3555,8.269,1926.1,5.4668,
3556,8.2729,1926.1,5.467,
3557,8.2729,1926.1,5.4672,
3558,8.2769,1926.1,5.4674,
3559,8.2769,1926.1,5.4676,
3560,8.2809,1926.1,5.4678,
3561,8.2809,1926.1,5.468,
3562,8.2849,1926.1,5.4682,
3563,8.2849,1926.1,5.4683,
3564,8.289,1926.1,5.4685,
3565,8.289,1926.1,5.4687,
3566,8.293,1926.1,5.4689,
3567,8.293,1926.1,5.4691,
3568,8.2971,1926.1,5.4693,
3569,8.2972,1926.1,5.4695,
3570,8.3012,1926.1,5.4697,
3571,8.3013,1926.1,5.4699,
3572,8.3053,1926.1,5.4701,
3573,8.3054,1926.1,5.4703,
3574,8.3095,1926.1,5.4705,
3575,8.3096,1926.1,5.4707,
3576,8.3136,1926.1,5.4709,
3577,8.3137,1926.1,5.4711,
3578,8.3178,1926.1,5.4713,
3579,8.318,1926.1,5.4716,
3580,8.322,1926.1,5.4718,
3581,8.3222,1926.1,5.472,
3582,8.3263,1926.1,5.4722,
3583,8.3264,1926.1,5.4724,
3584,8.3305,1926.1,5.4726,
3585,8.3307,1926.1,5.4728,
3586,8.3348,1926.1,5.473,
3587,8.335,1926.1,5.4732,
3588,8.3391,1926.1,5.4734,
3589,8.3393,1926.1,5.4736,
3590,8.3434,1926.1,5.4738,
3591,8.3436,1926.1,5.474,
3592,8.3478,1926.1,5.4742,
3593,8.348,1926.1,5.4744,
3594,8.3522,1926.1,5.4746,
3595,8.3523,1926.1,5.4748,
3596,8.3566,1926.1,5.475,
3597,8.3567,1926.1,5.4752,
3598,8.361,1926.1,5.4754,
3599,8.3612,1926.1,5.4757,
3600,8.3654,1926.1,5.4759,
3601,8.3656,1926.1,5.4761,
3602,8.3699,1926.1,5.4763,
3603,8.3701,1926.1,5.4765,
3604,8.3744,1926.1,5.4767,
3605,8.3746,1926.1,5.4769,
3606,8.3788,1926.1,5.4771,
3607,8.3791,1926.1,5.4773,
3608,8.3833,1926.1,5.4775,
3609,8.3836,1926.1,5.4777,
3610,8.3879,1926.1,5.4779,
3611,8.3882,1926.1,5.4782,
3612,8.3925,1926.1,5.4784,
3613,8.3927,1926.1,5.4786,
3614,8.397,1926.1,5.4788,
3615,8.3974,1926.1,5.479,
3616,8.4016,1926.1,5.4792,
3617,8.4019,1926.1,5.4794,
3618,8.4063,1926.1,5.4796,
3619,8.4066,1926.1,5.4798,
3620,8.411,1926.1,5.48,
3621,8.4113,1926.1,5.4803,
3622,8.4156,1926.1,5.4805,
3623,8.4159,1926.1,5.4807,
3624,8.4203,1926.1,5.4809,
3625,8.4206,1926.1,5.4811,
3626,8.4251,1926.1,5.4813,
3627,8.4254,1926.1,5.4815,
3628,8.4298,1926.1,5.4817,
3629,8.4301,1926.1,5.4819,
3630,8.4346,1926.1,5.4821,
3631,8.4349,1926.1,5.4824,
3632,8.4393,1926.1,5.4826,
3633,8.4397,1926.1,5.4828,
3634,8.4441,1926.1,5.483,
3635,8.4445,1926.1,5.4832,
3636,8.449,1926.1,5.4834,
3637,8.4494,1926.1,5.4836,
3638,8.4539,1926.1,5.4838,
3639,8.4542,1926.1,5.484,
3640,8.4587,1926.1,5.4842,
3641,8.4591,1926.1,5.4845,
3642,8.4636,1926.1,5.4847,
3643,8.464,1926.1,5.4849,
3644,8.4685,1926.1,5.4851,
3645,8.469,1926.1,5.4853,
3646,8.4735,1926.1,5.4855,
3647,8.4739,1926.1,5.4857,
3648,8.4785,1926.1,5.4859,
3649,8.4789,1926.1,5.4861,
3650,8.4835,1926.1,5.4863,
3651,8.4839,1926.1,5.4865,
3652,8.4885,1926.1,5.4868,
3653,8.4889,1926.1,5.487,
3654,8.4935,1926.1,5.4872,
3655,8.4939,1926.1,5.4874,
3656,8.4985,1926.1,5.4876,
3657,8.499,1926.1,5.4878,
3658,8.5036,1926.1,5.488,
3659,8.5041,1926.1,5.4882,
3660,8.5087,1926.1,5.4884,
3661,8.5092,1926.1,5.4886,
3662,8.5138,1926.1,5.4888,
3663,8.5143,1926.1,5.489,
3664,8.519,1926.1,5.4892,
3665,8.5195,1926.1,5.4894,
3666,8.5241,1926.1,5.4897,
3667,8.5246,1926.1,5.4899,
3668,8.5293,1926.1,5.4901,
3669,8.5298,1926.1,5.4903,
3670,8.5345,1926.1,5.4905,
3671,8.535,1926.1,5.4907,
3672,8.5398,1926.1,5.4909,
3673,8.5403,1926.1,5.4911,
3674,8.545,1926.1,5.4913,
3675,8.5455,1926.1,5.4915,
3676,8.5503,1926.1,5.4917,
3677,8.5508,1926.1,5.4919,
3678,8.5556,1926.1,5.4921,
3679,8.5561,1926.1,5.4923,
3680,8.5609,1926.1,5.4925,
3681,8.5614,1926.1,5.4927,
3682,8.5662,1926.1,5.4929,
3683,8.5668,1926.1,5.4931,
3684,8.5716,1926.1,5.4933,
3685,8.5721,1926.1,5.4935,
3686,8.5769,1926.1,5.4937,
3687,8.5775,1926.1,5.4939,
3688,8.5823,1926.1,5.4941,
3689,8.5829,1926.1,5.4943,
3690,8.5877,1926.1,5.4945,
3691,8.5883,1926.1,5.4947,
3692,8.5932,1926.1,5.4949,
3693,8.5938,1926.1,5.4951,
3694,8.5986,1926.1,5.4953,
3695,8.5993,1926.1,5.4955,
3696,8.6041,1926.1,5.4957,
3697,8.6047,1926.1,5.4959,
3698,8.6096,1926.1,5.4961,
3699,8.6102,1926.1,5.4963,
3700,8.6152,1926.1,5.4965,
3701,8.6158,1926.1,5.4966,
3702,8.6207,1926.1,5.4968,
3703,8.6213,1926.1,5.497,
3704,8.6263,1926.1,5.4972,
3705,8.6269,1926.1,5.4974,
3706,8.6318,1926.1,5.4976,
3707,8.6325,1926.1,5.4978,
3708,8.6374,1926.1,5.498,
3709,8.6381,1926.1,5.4982,
3710,8.643,1926.1,5.4984,
3711,8.6437,1926.1,5.4986,
3712,8.6487,1926.1,5.4987,
3713,8.6493,1926.1,5.4989,
3714,8.6543,1926.1,5.4991,
3715,8.655,1926.1,5.4993,
3716,8.66,1926.1,5.4995,
3717,8.6607,1926.1,5.4997,
3718,8.6657,1926.1,5.4999,
3719,8.6664,1926.1,5.5,
3720,8.6714,1926.1,5.5002,
3721,8.6721,1926.1,5.5004,
3722,8.6772,1926.1,5.5006,
3723,8.6778,1926.1,5.5008,
3724,8.6829,1926.1,5.501,
3725,8.6837,1926.1,5.5011,
3726,8.6887,1926.1,5.5013,
3727,8.6894,1926.1,5.5015,
3728,8.6945,1926.1,5.5017,
3729,8.6952,1926.1,5.5019,
3730,8.7003,1926.1,5.502,
3731,8.7011,1926.1,5.5022,
3732,8.7061,1926.1,5.5024,
3733,8.7069,1926.1,5.5026,
3734,8.712,1926.1,5.5027,
3735,8.7128,1926.1,5.5029,
3736,8.7179,1926.1,5.5031,
3737,8.7186,1926.1,5.5033,
3738,8.7238,1926.1,5.5034,
3739,8.7245,1926.1,5.5036,
3740,8.7297,1926.1,5.5038,
3741,8.7304,1926.1,5.504,
3742,8.7356,1926.1,5.5041,
3743,8.7364,1926.1,5.5043,
3744,8.7416,1926.1,5.5045,
3745,8.7424,1926.1,5.5046,
3746,8.7476,1926.1,5.5048,
3747,8.7484,1926.1,5.505,
3748,8.7536,1926.1,5.5051,
3749,8.7543,1926.1,5.5053,
3750,8.7596,1926.1,5.5055,
3751,8.7604,1926.1,5.5056,
3752,8.7656,1926.1,5.5058,
3753,8.7664,1926.1,5.506,
3754,8.7717,1926.1,5.5061,
3755,8.7725,1926.1,5.5063,
3756,8.7777,1926.1,5.5065,
3757,8.7785,1926.1,5.5066,
3758,8.7838,1926.1,5.5068,
3759,8.7847,1926.1,5.5069,
3760,8.7899,1926.1,5.5071,
3761,8.7908,1926.1,5.5073,
3762,8.796,1926.1,5.5074,
3763,8.7969,1926.1,5.5076,
3764,8.8022,1926.1,5.5077,
3765,8.803,1926.1,5.5079,
3766,8.8084,1926.1,5.508,
3767,8.8092,1926.1,5.5082,
3768,8.8146,1926.1,5.5084,
3769,8.8154,1926.1,5.5085,
3770,8.8207,1926.1,5.5087,
3771,8.8216,1926.1,5.5088,
3772,8.827,1926.1,5.509,
3773,8.8279,1926.1,5.5091,
3774,8.8332,1926.1,5.5093,
3775,8.8341,1926.1,5.5094,
3776,8.8395,1926.1,5.5096,
3777,8.8403,1926.1,5.5097,
3778,8.8457,1926.1,5.5099,
3779,8.8467,1926.1,5.51,
3780,8.8521,1926.1,5.5102,
3781,8.8529,1926.1,5.5103,
3782,8.8584,1926.1,5.5105,
3783,8.8593,1926.1,5.5106,
3784,8.8647,1926.1,5.5107,
3785,8.8656,1926.1,5.5109,
3786,8.8711,1926.1,5.511,
3787,8.8719,1926.1,5.5112,
3788,8.8775,1926.1,5.5113,
3789,8.8784,1926.1,5.5115,
3790,8.8838,1926.1,5.5116,
3791,8.8848,1926.1,5.5117,
3792,8.8902,1926.1,5.5119,
3793,8.8912,1926.1,5.512,
3794,8.8967,1926.1,5.5122,
3795,8.8976,1926.1,5.5123,
3796,8.9031,1926.1,5.5124,
3797,8.9041,1926.1,5.5126,
3798,8.9096,1926.1,5.5127,
3799,8.9105,1926.1,5.5128,
3800,8.9161,1926.1,5.513,
3801,8.917,1926.1,5.5131,
3802,8.9226,1926.1,5.5132,
3803,8.9235,1926.1,5.5134,
3804,8.9291,1926.1,5.5135,
3805,8.93,1926.1,5.5136,
3806,8.9356,1926.1,5.5138,
3807,8.9366,1926.1,5.5139,
3808,8.9422,1926.1,5.514,
3809,8.9432,1926.1,5.5141,
3810,8.9488,1926.1,5.5143,
3811,8.9497,1926.1,5.5144,
3812,8.9553,1926.1,5.5145,
3813,8.9563,1926.1,5.5146,
3814,8.962,1926.1,5.5148,
3815,8.963,1926.1,5.5149,
3816,8.9686,1926.1,5.515,
3817,8.9696,1926.1,5.5151,
3818,8.9753,1926.1,5.5153,
3819,8.9762,1926.1,5.5154,
3820,8.9819,1926.1,5.5155,
3821,8.9829,1926.1,5.5156,
3822,8.9886,1926.1,5.5158,
3823,8.9896,1926.1,5.5159,
3824,8.9953,1926.1,5.516,
3825,8.9963,1926.1,5.5161,
3826,9.002,1926.1,5.5162,
3827,9.0031,1926.1,5.5163,
3828,9.0088,1926.1,5.5165,
3829,9.0098,1926.1,5.5166,
3830,9.0155,1926.1,5.5167,
3831,9.0165,1926.1,5.5168,
3832,9.0223,1926.1,5.5169,
3833,9.0233,1926.1,5.517,
3834,9.0291,1926.1,5.5171,
3835,9.0301,1926.1,5.5173,
3836,9.0359,1926.1,5.5174,
3837,9.037,1926.1,5.5175,
3838,9.0427,1926.1,5.5176,
3839,9.0438,1926.1,5.5177,
3840,9.0495,1926.1,5.5178,
3841,9.0507,1926.1,5.5179,
3842,9.0564,1926.1,5.518,
3843,9.0575,1926.1,5.5181,
3844,9.0633,1926.1,5.5182,
3845,9.0644,1926.1,5.5184,
3846,9.0702,1926.1,5.5185,
3847,9.0713,1926.1,5.5186,
3848,9.0771,1926.1,5.5187,
3849,9.0782,1926.1,5.5188,
3850,9.0841,1926.1,5.5189,
3851,9.0852,1926.1,5.519,
3852,9.091,1926.1,5.5191,
3853,9.0921,1926.1,5.5192,
3854,9.098,1926.1,5.5193,
3855,9.0991,1926.1,5.5194,
3856,9.1049,1926.1,5.5195,
3857,9.1061,1926.1,5.5196,
3858,9.1119,1926.1,5.5197,
3859,9.1131,1926.1,5.5198,
3860,9.119,1926.1,5.5199,
3861,9.1201,1926.1,5.52,
3862,9.126,1926.1,5.5201,
3863,9.1272,1926.1,5.5202,
3864,9.1331,1926.1,5.5203,
3865,9.1343,1926.1,5.5204,
3866,9.1402,1926.1,5.5205,
3867,9.1413,1926.1,5.5206,
3868,9.1473,1926.1,5.5207,
3869,9.1484,1926.1,5.5208,
3870,9.1544,1926.1,5.5208,
3871,9.1556,1926.1,5.5209,
3872,9.1615,1926.1,5.521,
3873,9.1627,1926.1,5.5211,
3874,9.1686,1926.1,5.5212,
3875,9.1698,1926.1,5.5213,
3876,9.1758,1926.1,5.5214,
3877,9.177,1926.1,5.5215,
3878,9.183,1926.1,5.5216,
3879,9.1842,1926.1,5.5217,
3880,9.1902,1926.1,5.5218,
3881,9.1913,1926.1,5.5218,
3882,9.1974,1926.1,5.5219,
3883,9.1986,1926.1,5.522,
3884,9.2046,1926.1,5.5221,
3885,9.2058,1926.1,5.5222,
3886,9.2119,1926.1,5.5223,
3887,9.2131,1926.1,5.5224,
3888,9.2191,1926.1,5.5224,
3889,9.2204,1926.1,5.5225,
3890,9.2264,1926.1,5.5226,
3891,9.2277,1926.1,5.5227,
3892,9.2337,1926.1,5.5228,
3893,9.2349,1926.1,5.5229,
3894,9.241,1926.1,5.5229,
3895,9.2423,1926.1,5.523,
3896,9.2484,1926.1,5.5231,
3897,9.2496,1926.1,5.5232,
3898,9.2558,1926.1,5.5233,
3899,9.257,1926.1,5.5233,
3900,9.2631,1926.1,5.5234,
3901,9.2644,1926.1,5.5235,
3902,9.2705,1926.1,5.5236,
3903,9.2718,1926.1,5.5237,
3904,9.2779,1926.1,5.5237,
3905,9.2792,1926.1,5.5238,
3906,9.2853,1926.1,5.5239,
3907,9.2866,1926.1,5.524,
3908,9.2927,1926.1,5.5241,
3909,9.294,1926.1,5.5241,
3910,9.3002,1926.1,5.5242,
3911,9.3015,1926.1,5.5243,
3912,9.3076,1926.1,5.5244,
3913,9.3089,1926.1,5.5244,
3914,9.3152,1926.1,5.5245,
3915,9.3164,1926.1,5.5246,
3916,9.3226,1926.1,5.5247,
3917,9.3239,1926.1,5.5247,
3918,9.3302,1926.1,5.5248,
3919,9.3315,1926.1,5.5249,
3920,9.3377,1926.1,5.5249,
3921,9.339,1926.1,5.525,
3922,9.3453,1926.1,5.5251,
3923,9.3466,1926.1,5.5252,
3924,9.3528,1926.1,5.5252,
3925,9.3541,1926.1,5.5253,
3926,9.3604,1926.1,5.5254,
3927,9.3617,1926.1,5.5254,
3928,9.368,1926.1,5.5255,
3929,9.3693,1926.1,5.5256,
3930,9.3756,1926.1,5.5256,
3931,9.377,1926.1,5.5257,
3932,9.3833,1926.1,5.5258,
3933,9.3846,1926.1,5.5258,
3934,9.3909,1926.1,5.5259,
3935,9.3922,1926.1,5.526,
3936,9.3986,1926.1,5.526,
3937,9.3999,1926.1,5.5261,
3938,9.4063,1926.1,5.5262,
3939,9.4076,1926.1,5.5262,
3940,9.4139,1926.1,5.5263,
3941,9.4153,1926.1,5.5264,
3942,9.4217,1926.1,5.5264,
3943,9.423,1926.1,5.5265,
3944,9.4294,1926.1,5.5266,
3945,9.4307,1926.1,5.5266,
3946,9.4371,1926.1,5.5267,
3947,9.4386,1926.1,5.5268,
3948,9.4449,1926.1,5.5268,
3949,9.4463,1926.1,5.5269,
3950,9.4527,1926.1,5.5269,
3951,9.4541,1926.1,5.527,
3952,9.4605,1926.1,5.5271,
3953,9.4619,1926.1,5.5271,
3954,9.4683,1926.1,5.5272,
3955,9.4697,1926.1,5.5272,
3956,9.4761,1926.1,5.5273,
3957,9.4775,1926.1,5.5274,
3958,9.4839,1926.1,5.5274,
3959,9.4854,1926.1,5.5275,
3960,9.4918,1926.1,5.5275,
3961,9.4932,1926.1,5.5276,
3962,9.4997,1926.1,5.5277,
3963,9.5011,1926.1,5.5277,
3964,9.5076,1926.1,5.5278,
3965,9.509,1926.1,5.5278,
3966,9.5155,1926.1,5.5279,
3967,9.5169,1926.1,5.528,
3968,9.5234,1926.1,5.528,
3969,9.5248,1926.1,5.5281,
3970,9.5313,1926.1,5.5281,
3971,9.5327,1926.1,5.5282,
3972,9.5393,1926.1,5.5282,
3973,9.5407,1926.1,5.5283,
3974,9.5473,1926.1,5.5283,
3975,9.5487,1926.1,5.5284,
3976,9.5553,1926.1,5.5285,
3977,9.5567,1926.1,5.5285,
3978,9.5632,1926.1,5.5286,
3979,9.5647,1926.1,5.5286,
3980,9.5712,1926.1,5.5287,
3981,9.5727,1926.1,5.5287,
3982,9.5793,1926.1,5.5288,
3983,9.5807,1926.1,5.5288,
3984,9.5873,1926.1,5.5289,
3985,9.5888,1926.1,5.5289,
3986,9.5954,1926.1,5.529,
3987,9.5968,1926.1,5.529,
3988,9.6034,1926.1,5.5291,
3989,9.6049,1926.1,5.5292,
3990,9.6115,1926.1,5.5292,
3991,9.613,1926.1,5.5293,
3992,9.6196,1926.1,5.5293,
3993,9.6211,1926.1,5.5294,
3994,9.6277,1926.1,5.5294,
3995,9.6292,1926.1,5.5295,
3996,9.6359,1926.1,5.5295,
3997,9.6374,1926.1,5.5296,
3998,9.644,1926.1,5.5296,
3999,9.6455,1926.1,5.5297,
4000,9.6522,1926.1,5.5297,
4001,9.6537,1926.1,5.5298,
4002,9.6604,1926.1,5.5298,
4003,9.6618,1926.1,5.5299,
4004,9.6685,1926.1,5.5299,
4005,9.6701,1926.1,5.53,
4006,9.6767,1926.1,5.53,
4007,9.6783,1926.1,5.5301,
4008,9.685,1926.1,5.5301,
4009,9.6865,1926.1,5.5302,
4010,9.6932,1926.1,5.5302,
4011,9.6947,1926.1,5.5302,
4012,9.7014,1926.1,5.5303,
4013,9.703,1926.1,5.5303,
4014,9.7097,1926.1,5.5304,
4015,9.7112,1926.1,5.5304,
4016,9.718,1926.1,5.5305,
4017,9.7195,1926.1,5.5305,
4018,9.7263,1926.1,5.5306,
4019,9.7278,1926.1,5.5306,
4020,9.7346,1926.1,5.5307,
4021,9.7361,1926.1,5.5307,
4022,9.7429,1926.1,5.5308,
4023,9.7444,1926.1,5.5308,
4024,9.7512,1926.1,5.5309,
4025,9.7527,1926.1,5.5309,
4026,9.7596,1926.1,5.5309,
4027,9.7611,1926.1,5.531,
4028,9.7679,1926.1,5.531,
4029,9.7695,1926.1,5.5311,
4030,9.7763,1926.1,5.5311,
4031,9.7779,1926.1,5.5312,
4032,9.7847,1926.1,5.5312,
4033,9.7863,1926.1,5.5313,
4034,9.7931,1926.1,5.5313,
4035,9.7946,1926.1,5.5313,
4036,9.8015,1926.1,5.5314,
4037,9.8031,1926.1,5.5314,
4038,9.8099,1926.1,5.5315,
4039,9.8115,1926.1,5.5315,
4040,9.8184,1926.1,5.5316,
4041,9.82,1926.1,5.5316,
4042,9.8268,1926.1,5.5316,
4043,9.8284,1926.1,5.5317,
4044,9.8353,1926.1,5.5317,
4045,9.8369,1926.1,5.5318,
4046,9.8438,1926.1,5.5318,
4047,9.8453,1926.1,5.5319,
4048,9.8523,1926.1,5.5319,
4049,9.8539,1926.1,5.5319,
4050,9.8608,1926.1,5.532,
4051,9.8624,1926.1,5.532,
4052,9.8693,1926.1,5.5321,
4053,9.8709,1926.1,5.5321,
4054,9.8779,1926.1,5.5321,
4055,9.8795,1926.1,5.5322,
4056,9.8864,1926.1,5.5322,
4057,9.888,1926.1,5.5323,
4058,9.895,1926.1,5.5323,
4059,9.8966,1926.1,5.5324,
4060,9.9035,1926.1,5.5324,
4061,9.9052,1926.1,5.5324,
4062,9.9121,1926.1,5.5325,
4063,9.9137,1926.1,5.5325,
4064,9.9207,1926.1,5.5326,
4065,9.9224,1926.1,5.5326,
4066,9.9294,1926.1,5.5326,
4067,9.931,1926.1,5.5327,
4068,9.938,1926.1,5.5327,
4069,9.9396,1926.1,5.5328,
4070,9.9466,1926.1,5.5328,
4071,9.9483,1926.1,5.5328,
4072,9.9553,1926.1,5.5329,
4073,9.9569,1926.1,5.5329,
4074,9.964,1926.1,5.5329,
4075,9.9656,1926.1,5.533,
4076,9.9726,1926.1,5.533,
4077,9.9743,1926.1,5.5331,
4078,9.9813,1926.1,5.5331,
4079,9.983,1926.1,5.5331,
4080,9.99,1926.1,5.5332,
4081,9.9917,1926.1,5.5332,
4082,9.9987,1926.1,5.5333,
4083,10,1926.1,5.5333,
4084,10.008,1926.1,5.5333,
4085,10.009,1926.1,5.5334,
4086,10.016,1926.1,5.5334,
4087,10.018,1926.1,5.5334,
4088,10.025,1926.1,5.5335,
4089,10.027,1926.1,5.5335,
4090,10.034,1926.1,5.5336,
4091,10.035,1926.1,5.5336,
4092,10.043,1926.1,5.5336,
4093,10.044,1926.1,5.5337,
4094,10.051,1926.1,5.5337,
4095,10.053,1926.1,5.5337,
4096,10.06,1926.1,5.5338,
4097,10.062,1926.1,5.5338,
4098,10.069,1926.1,5.5339,
4099,10.071,1926.1,5.5339,
4100,10.078,1926.1,5.5339,
4101,10.079,1926.1,5.534,
4102,10.087,1926.1,5.534,
4103,10.088,1926.1,5.534,
4104,10.095,1926.1,5.5341,
4105,10.097,1926.1,5.5341,
4106,10.104,1926.1,5.5341,
4107,10.106,1926.1,5.5342,
4108,10.113,1926.1,5.5342,
4109,10.115,1926.1,5.5343,
4110,10.122,1926.1,5.5343,
4111,10.124,1926.1,5.5343,
4112,10.131,1926.1,5.5344,
4113,10.133,1926.1,5.5344,
4114,10.14,1926.1,5.5344,
4115,10.142,1926.1,5.5345,
4116,10.149,1926.1,5.5345,
4117,10.15,1926.1,5.5345,
4118,10.158,1926.1,5.5346,
4119,10.159,1926.1,5.5346,
4120,10.167,1926.1,5.5346,
4121,10.168,1926.1,5.5347,
4122,10.176,1926.1,5.5347,
4123,10.177,1926.1,5.5347,
4124,10.185,1926.1,5.5348,
4125,10.186,1926.1,5.5348,
4126,10.194,1926.1,5.5349,
4127,10.195,1926.1,5.5349,
4128,10.202,1926.1,5.5349,
4129,10.204,1926.1,5.535,
4130,10.211,1926.1,5.535,
4131,10.213,1926.1,5.535,
4132,10.22,1926.1,5.5351,
4133,10.222,1926.1,5.5351,
4134,10.229,1926.1,5.5351,
4135,10.231,1926.1,5.5352,
4136,10.239,1926.1,5.5352,
4137,10.24,1926.1,5.5352,
4138,10.248,1926.1,5.5353,
4139,10.249,1926.1,5.5353,
4140,10.257,1926.1,5.5353,
4141,10.258,1926.1,5.5354,
4142,10.266,1926.1,5.5354,
4143,10.267,1926.1,5.5354,
4144,10.275,1926.1,5.5355,
4145,10.276,1926.1,5.5355,
4146,10.284,1926.1,5.5355,
4147,10.286,1926.1,5.5356,
4148,10.293,1926.1,5.5356,
4149,10.295,1926.1,5.5356,
4150,10.302,1926.1,5.5357,
4151,10.304,1926.1,5.5357,
4152,10.311,1926.1,5.5357,
4153,10.313,1926.1,5.5358,
4154,10.32,1926.1,5.5358,
4155,10.322,1926.1,5.5358,
4156,10.329,1926.1,5.5359,
4157,10.331,1926.1,5.5359,
4158,10.338,1926.1,5.5359,
4159,10.34,1926.1,5.536,
4160,10.348,1926.1,5.536,
4161,10.349,1926.1,5.536,
4162,10.357,1926.1,5.5361,
4163,10.359,1926.1,5.5361,
4164,10.366,1926.1,5.5361,
4165,10.368,1926.1,5.5362,
4166,10.375,1926.1,5.5362,
4167,10.377,1926.1,5.5362,
4168,10.384,1926.1,5.5363,
4169,10.386,1926.1,5.5363,
4170,10.393,1926.1,5.5363,
4171,10.395,1926.1,5.5364,
4172,10.403,1926.1,5.5364,
4173,10.404,1926.1,5.5364,
4174,10.412,1926.1,5.5365,
4175,10.414,1926.1,5.5365,
4176,10.421,1926.1,5.5365,
4177,10.423,1926.1,5.5366,
4178,10.43,1926.1,5.5366,
4179,10.432,1926.1,5.5366,
4180,10.44,1926.1,5.5366,
4181,10.441,1926.1,5.5367,
4182,10.449,1926.1,5.5367,
4183,10.451,1926.1,5.5367,
4184,10.458,1926.1,5.5368,
4185,10.46,1926.1,5.5368,
4186,10.467,1926.1,5.5368,
4187,10.469,1926.1,5.5369,
4188,10.477,1926.1,5.5369,
4189,10.478,1926.1,5.5369,
4190,10.486,1926.1,5.537,
4191,10.488,1926.1,5.537,
4192,10.495,1926.1,5.537,
4193,10.497,1926.1,5.5371,
4194,10.504,1926.1,5.5371,
4195,10.506,1926.1,5.5371,
4196,10.514,1926.1,5.5372,
4197,10.516,1926.1,5.5372,
4198,10.523,1926.1,5.5372,
4199,10.525,1926.1,5.5373,
4200,10.532,1926.1,5.5373,
4201,10.534,1926.1,5.5373,
4202,10.542,1926.1,5.5373,
4203,10.543,1926.1,5.5374,
4204,10.551,1926.1,5.5374,
4205,10.553,1926.1,5.5374,
4206,10.56,1926.1,5.5375,
4207,10.562,1926.1,5.5375,
4208,10.57,1926.1,5.5375,
4209,10.571,1926.1,5.5376,
4210,10.579,1926.1,5.5376,
4211,10.581,1926.1,5.5376,
4212,10.588,1926.1,5.5377,
4213,10.59,1926.1,5.5377,
4214,10.598,1926.1,5.5377,
4215,10.599,1926.1,5.5378,
4216,10.607,1926.1,5.5378,
4217,10.609,1926.1,5.5378,
4218,10.616,1926.1,5.5378,
4219,10.618,1926.1,5.5379,
4220,10.626,1926.1,5.5379,
4221,10.628,1926.1,5.5379,
4222,10.635,1926.1,5.538,
4223,10.637,1926.1,5.538,
4224,10.645,1926.1,5.538,
4225,10.646,1926.1,5.5381,
4226,10.654,1926.1,5.5381,
4227,10.656,1926.1,5.5381,
4228,10.663,1926.1,5.5382,
4229,10.665,1926.1,5.5382,
4230,10.673,1926.1,5.5382,
4231,10.675,1926.1,5.5382,
4232,10.682,1926.1,5.5383,
4233,10.684,1926.1,5.5383,
4234,10.692,1926.1,5.5383,
4235,10.694,1926.1,5.5384,
4236,10.701,1926.1,5.5384,
4237,10.703,1926.1,5.5384,
4238,10.711,1926.1,5.5385,
4239,10.712,1926.1,5.5385,
4240,10.72,1926.1,5.5385,
4241,10.722,1926.1,5.5386,
4242,10.729,1926.1,5.5386,
4243,10.731,1926.1,5.5386,
4244,10.739,1926.1,5.5386,
4245,10.741,1926.1,5.5387,
4246,10.748,1926.1,5.5387,
4247,10.75,1926.1,5.5387,
4248,10.758,1926.1,5.5388,
4249,10.76,1926.1,5.5388,
4250,10.767,1926.1,5.5388,
4251,10.769,1926.1,5.5389,
4252,10.777,1926.1,5.5389,
4253,10.779,1926.1,5.5389,
4254,10.786,1926.1,5.539,
4255,10.788,1926.1,5.539,
4256,10.796,1926.1,5.539,
4257,10.798,1926.1,5.539,
4258,10.805,1926.1,5.5391,
4259,10.807,1926.1,5.5391,
4260,10.815,1926.1,5.5391,
4261,10.817,1926.1,5.5392,
4262,10.824,1926.1,5.5392,
4263,10.826,1926.1,5.5392,
4264,10.834,1926.1,5.5393,
4265,10.836,1926.1,5.5393,
4266,10.843,1926.1,5.5393,
4267,10.845,1926.1,5.5394,
4268,10.853,1926.1,5.5394,
4269,10.855,1926.1,5.5394,
4270,10.862,1926.1,5.5394,
4271,10.864,1926.1,5.5395,
4272,10.872,1926.1,5.5395,
4273,10.874,1926.1,5.5395,
4274,10.882,1926.1,5.5396,
4275,10.883,1926.1,5.5396,
4276,10.891,1926.1,5.5396,
4277,10.893,1926.1,5.5397,
4278,10.901,1926.1,5.5397,
4279,10.903,1926.1,5.5397,
4280,10.91,1926.1,5.5397,
4281,10.912,1926.1,5.5398,
4282,10.92,1926.1,5.5398,
4283,10.922,1926.1,5.5398,
4284,10.929,1926.1,5.5399,
4285,10.931,1926.1,5.5399,
4286,10.939,1926.1,5.5399,
4287,10.941,1926.1,5.54,
4288,10.948,1926.1,5.54,
4289,10.95,1926.1,5.54,
4290,10.958,1926.1,5.5401,
4291,10.96,1926.1,5.5401,
4292,10.968,1926.1,5.5401,
4293,10.969,1926.1,5.5401,
4294,10.977,1926.1,5.5402,
4295,10.979,1926.1,5.5402,
4296,10.987,1926.1,5.5402,
4297,10.989,1926.1,5.5403,
4298,10.996,1926.1,5.5403,
4299,10.998,1926.1,5.5403,
4300,11.006,1926.1,5.5404,
4301,11.008,1926.1,5.5404,
4302,11.016,1926.1,5.5404,
4303,11.017,1926.1,5.5404,
4304,11.025,1926.1,5.5405,
4305,11.027,1926.1,5.5405,
4306,11.035,1926.1,5.5405,
4307,11.037,1926.1,5.5406,
4308,11.044,1926.1,5.5406,
4309,11.046,1926.1,5.5406,
4310,11.054,1926.1,5.5407,
4311,11.056,1926.1,5.5407,
4312,11.064,1926.1,5.5407,
4313,11.065,1926.1,5.5408,
4314,11.073,1926.1,5.5408,
4315,11.075,1926.1,5.5408,
4316,11.083,1926.1,5.5408,
4317,11.085,1926.1,5.5409,
4318,11.092,1926.1,5.5409,
4319,11.094,1926.1,5.5409,
4320,11.102,1926.1,5.541,
4321,11.104,1926.1,5.541,
4322,11.112,1926.1,5.541,
4323,11.114,1926.1,5.5411,
4324,11.121,1926.1,5.5411,
4325,11.123,1926.1,5.5411,
4326,11.131,1926.1,5.5412,
4327,11.133,1926.1,5.5412,
4328,11.14,1926.1,5.5412,
4329,11.142,1926.1,5.5412,
4330,11.15,1926.1,5.5413,
4331,11.152,1926.1,5.5413,
4332,11.16,1926.1,5.5413,
4333,11.162,1926.1,5.5414,
4334,11.169,1926.1,5.5414,
4335,11.171,1926.1,5.5414,
4336,11.179,1926.1,5.5415,
4337,11.181,1926.1,5.5415,
4338,11.189,1926.1,5.5415,
4339,11.191,1926.1,5.5416,
4340,11.198,1926.1,5.5416,
4341,11.2,1926.1,5.5416,
4342,11.208,1926.1,5.5416,
4343,11.21,1926.1,5.5417,
4344,11.218,1926.1,5.5417,
4345,11.22,1926.1,5.5417,
4346,11.227,1926.1,5.5418,
4347,11.229,1926.1,5.5418,
4348,11.237,1926.1,5.5418,
4349,11.239,1926.1,5.5419,
4350,11.247,1926.1,5.5419,
4351,11.248,1926.1,5.5419,
4352,11.256,1926.1,5.542,
4353,11.258,1926.1,5.542,
4354,11.266,1926.1,5.542,
4355,11.268,1926.1,5.5421,
4356,11.276,1926.1,5.5421,
4357,11.277,1926.1,5.5421,
4358,11.285,1926.1,5.5421,
4359,11.287,1926.1,5.5422,
4360,11.295,1926.1,5.5422,
4361,11.297,1926.1,5.5422,
4362,11.305,1926.1,5.5423,
4363,11.306,1926.1,5.5423,
4364,11.314,1926.1,5.5423,
4365,11.316,1926.1,5.5424,
4366,11.324,1926.1,5.5424,
4367,11.326,1926.1,5.5424,
4368,11.334,1926.1,5.5425,
4369,11.335,1926.1,5.5425,
4370,11.343,1926.1,5.5425,
4371,11.345,1926.1,5.5426,
4372,11.353,1926.1,5.5426,
4373,11.355,1926.1,5.5426,
4374,11.363,1926.1,5.5426,
4375,11.364,1926.1,5.5427,
4376,11.372,1926.1,5.5427,
4377,11.374,1926.1,5.5427,
4378,11.382,1926.1,5.5428,
4379,11.384,1926.1,5.5428,
4380,11.392,1926.1,5.5428,
4381,11.393,1926.1,5.5429,
4382,11.401,1926.1,5.5429,
4383,11.403,1926.1,5.5429,
4384,11.411,1926.1,5.543,
4385,11.413,1926.1,5.543,
4386,11.421,1926.1,5.543,
4387,11.422,1926.1,5.5431,
4388,11.43,1926.1,5.5431,
4389,11.432,1926.1,5.5431,
4390,11.44,1926.1,5.5432,
4391,11.442,1926.1,5.5432,
4392,11.45,1926.1,5.5432,
4393,11.451,1926.1,5.5433,
4394,11.459,1926.1,5.5433,
4395,11.461,1926.1,5.5433,
4396,11.469,1926.1,5.5433,
4397,11.471,1926.1,5.5434,
4398,11.479,1926.1,5.5434,
4399,11.48,1926.1,5.5434,
4400,11.488,1926.1,5.5435,
4401,11.49,1926.1,5.5435,
4402,11.498,1926.1,5.5435,
4403,11.5,1926.1,5.5436,
4404,11.508,1926.1,5.5436,
4405,11.509,1926.1,5.5436,
4406,11.517,1926.1,5.5437,
4407,11.519,1926.1,5.5437,
4408,11.527,1926.1,5.5437,
4409,11.529,1926.1,5.5438,
4410,11.537,1926.1,5.5438,
4411,11.538,1926.1,5.5438,
4412,11.546,1926.1,5.5439,
4413,11.548,1926.1,5.5439,
4414,11.556,1926.1,5.5439,
4415,11.558,1926.1,5.544,
4416,11.566,1926.1,5.544,
4417,11.567,1926.1,5.544,
4418,11.575,1926.1,5.5441,
4419,11.577,1926.1,5.5441,
4420,11.585,1926.1,5.5441,
4421,11.587,1926.1,5.5442,
4422,11.595,1926.1,5.5442,
4423,11.596,1926.1,5.5442,
4424,11.604,1926.1,5.5443,
4425,11.606,1926.1,5.5443,
4426,11.614,1926.1,5.5443,
4427,11.616,1926.1,5.5444,
4428,11.624,1926.1,5.5444,
4429,11.625,1926.1,5.5444,
4430,11.633,1926.1,5.5445,
4431,11.635,1926.1,5.5445,
4432,11.643,1926.1,5.5445,
4433,11.645,1926.1,5.5446,
4434,11.653,1926.1,5.5446,
4435,11.654,1926.1,5.5446,
4436,11.662,1926.1,5.5447,
4437,11.664,1926.1,5.5447,
4438,11.672,1926.1,5.5447,
4439,11.674,1926.1,5.5448,
4440,11.682,1926.1,5.5448,
4441,11.683,1926.1,5.5448,
4442,11.691,1926.1,5.5449,
4443,11.693,1926.1,5.5449,
4444,11.701,1926.1,5.5449,
4445,11.703,1926.1,5.545,
4446,11.711,1926.1,5.545,
4447,11.712,1926.1,5.545,
4448,11.72,1926.1,5.5451,
4449,11.722,1926.1,5.5451,
4450,11.73,1926.1,5.5451,
4451,11.732,1926.1,5.5452,
4452,11.739,1926.1,5.5452,
4453,11.741,1926.1,5.5452,
4454,11.749,1926.1,5.5453,
4455,11.751,1926.1,5.5453,
4456,11.759,1926.1,5.5453,
4457,11.761,1926.1,5.5454,
4458,11.768,1926.1,5.5454,
4459,11.77,1926.1,5.5454,
4460,11.778,1926.1,5.5455,
4461,11.78,1926.1,5.5455,
4462,11.788,1926.1,5.5455,
4463,11.79,1926.1,5.5456,
4464,11.797,1926.1,5.5456,
4465,11.799,1926.1,5.5456,
4466,11.807,1926.1,5.5457,
4467,11.809,1926.1,5.5457,
4468,11.817,1926.1,5.5457,
4469,11.818,1926.1,5.5458,
4470,11.826,1926.1,5.5458,
4471,11.828,1926.1,5.5459,
4472,11.836,1926.1,5.5459,
4473,11.838,1926.1,5.5459,
4474,11.845,1926.1,5.546,
4475,11.847,1926.1,5.546,
4476,11.855,1926.1,5.546,
4477,11.857,1926.1,5.5461,
4478,11.865,1926.1,5.5461,
4479,11.867,1926.1,5.5461,
4480,11.874,1926.1,5.5462,
4481,11.876,1926.1,5.5462,
4482,11.884,1926.1,5.5462,
4483,11.886,1926.1,5.5463,
4484,11.894,1926.1,5.5463,
4485,11.895,1926.1,5.5463,
4486,11.903,1926.1,5.5464,
4487,11.905,1926.1,5.5464,
4488,11.913,1926.1,5.5465,
4489,11.915,1926.1,5.5465,
4490,11.922,1926.1,5.5465,
4491,11.924,1926.1,5.5466,
4492,11.932,1926.1,5.5466,
4493,11.934,1926.1,5.5466,
4494,11.942,1926.1,5.5467,
4495,11.943,1926.1,5.5467,
4496,11.951,1926.1,5.5467,
4497,11.953,1926.1,5.5468,
4498,11.961,1926.1,5.5468,
4499,11.963,1926.1,5.5469,
4500,11.97,1926.1,5.5469,
4501,11.972,1926.1,5.5469,
4502,11.98,1926.1,5.547,
4503,11.982,1926.1,5.547,
4504,11.99,1926.1,5.547,
4505,11.991,1926.1,5.5471,
4506,11.999,1926.1,5.5471,
4507,12.001,1926.1,5.5471,
4508,12.009,1926.1,5.5472,
4509,12.011,1926.1,5.5472,
4510,12.018,1926.1,5.5473,
4511,12.02,1926.1,5.5473,
4512,12.028,1926.1,5.5473,
4513,12.03,1926.1,5.5474,
4514,12.037,1926.1,5.5474,
4515,12.039,1926.1,5.5474,
4516,12.047,1926.1,5.5475,
4517,12.049,1926.1,5.5475,
4518,12.057,1926.1,5.5475,
4519,12.058,1926.1,5.5476,
4520,12.066,1926.1,5.5476,
4521,12.068,1926.1,5.5477,
4522,12.076,1926.1,5.5477,
4523,12.078,1926.1,5.5477,
4524,12.085,1926.1,5.5478,
4525,12.087,1926.1,5.5478,
4526,12.095,1926.1,5.5478,
4527,12.097,1926.1,5.5479,
4528,12.104,1926.1,5.5479,
4529,12.106,1926.1,5.548,
4530,12.114,1926.1,5.548,
4531,12.116,1926.1,5.548,
4532,12.124,1926.1,5.5481,
4533,12.125,1926.1,5.5481,
4534,12.133,1926.1,5.5482,
4535,12.135,1926.1,5.5482,
4536,12.143,1926.1,5.5482,
4537,12.144,1926.1,5.5483,
4538,12.152,1926.1,5.5483,
4539,12.154,1926.1,5.5483,
4540,12.162,1926.1,5.5484,
4541,12.163,1926.1,5.5484,
4542,12.171,1926.1,5.5485,
4543,12.173,1926.1,5.5485,
4544,12.181,1926.1,5.5485,
4545,12.183,1926.1,5.5486,
4546,12.19,1926.1,5.5486,
4547,12.192,1926.1,5.5487,
4548,12.2,1926.1,5.5487,
4549,12.202,1926.1,5.5487,
4550,12.209,1926.1,5.5488,
4551,12.211,1926.1,5.5488,
4552,12.219,1926.1,5.5489,
4553,12.221,1926.1,5.5489,
4554,12.228,1926.1,5.5489,
4555,12.23,1926.1,5.549,
4556,12.238,1926.1,5.549,
4557,12.24,1926.1,5.5491,
4558,12.247,1926.1,5.5491,
4559,12.249,1926.1,5.5491,
4560,12.257,1926.1,5.5492,
4561,12.259,1926.1,5.5492,
4562,12.266,1926.1,5.5492,
4563,12.268,1926.1,5.5493,
4564,12.276,1926.1,5.5493,
4565,12.278,1926.1,5.5494,
4566,12.285,1926.1,5.5494,
4567,12.287,1926.1,5.5495,
4568,12.295,1926.1,5.5495,
4569,12.297,1926.1,5.5495,
4570,12.304,1926.1,5.5496,
4571,12.306,1926.1,5.5496,
4572,12.314,1926.1,5.5497,
4573,12.315,1926.1,5.5497,
4574,12.323,1926.1,5.5497,
4575,12.325,1926.1,5.5498,
4576,12.333,1926.1,5.5498,
4577,12.334,1926.1,5.5499,
4578,12.342,1926.1,5.5499,
4579,12.344,1926.1,5.5499,
4580,12.352,1926.1,5.55,
4581,12.353,1926.1,5.55,
4582,12.361,1926.1,5.5501,
4583,12.363,1926.1,5.5501,
4584,12.37,1926.1,5.5501,
4585,12.372,1926.1,5.5502,
4586,12.38,1926.1,5.5502,
4587,12.382,1926.1,5.5503,
4588,12.389,1926.1,5.5503,
4589,12.391,1926.1,5.5504,
4590,12.399,1926.1,5.5504,
4591,12.401,1926.1,5.5504,
4592,12.408,1926.1,5.5505,
4593,12.41,1926.1,5.5505,
4594,12.418,1926.1,5.5506,
4595,12.419,1926.1,5.5506,
4596,12.427,1926.1,5.5506,
4597,12.429,1926.1,5.5507,
4598,12.437,1926.1,5.5507,
4599,12.438,1926.1,5.5508,
4600,12.446,1926.1,5.5508,
4601,12.448,1926.1,5.5509,
4602,12.455,1926.1,5.5509,
4603,12.457,1926.1,5.5509,
4604,12.465,1926.1,5.551,
4605,12.466,1926.1,5.551,
4606,12.474,1926.1,5.5511,
4607,12.476,1926.1,5.5511,
4608,12.484,1926.1,5.5512,
4609,12.485,1926.1,5.5512,
4610,12.493,1926.1,5.5513,
4611,12.495,1926.1,5.5513,
4612,12.502,1926.1,5.5513,
4613,12.504,1926.1,5.5514,
4614,12.512,1926.1,5.5514,
4615,12.513,1926.1,5.5515,
4616,12.521,1926.1,5.5515,
4617,12.523,1926.1,5.5516,
4618,12.531,1926.1,5.5516,
4619,12.532,1926.1,5.5516,
4620,12.54,1926.1,5.5517,
4621,12.542,1926.1,5.5517,
4622,12.549,1926.1,5.5518,
4623,12.551,1926.1,5.5518,
4624,12.559,1926.1,5.5519,
4625,12.56,1926.1,5.5519,
4626,12.568,1926.1,5.552,
4627,12.57,1926.1,5.552,
4628,12.577,1926.1,5.552,
4629,12.579,1926.1,5.5521,
4630,12.587,1926.1,5.5521,
4631,12.588,1926.1,5.5522,
4632,12.596,1926.1,5.5522,
4633,12.598,1926.1,5.5523,
4634,12.605,1926.1,5.5523,
4635,12.607,1926.1,5.5524,
4636,12.615,1926.1,5.5524,
4637,12.616,1926.1,5.5524,
4638,12.624,1926.1,5.5525,
4639,12.626,1926.1,5.5525,
4640,12.633,1926.1,5.5526,
4641,12.635,1926.1,5.5526,
4642,12.643,1926.1,5.5527,
4643,12.644,1926.1,5.5527,
4644,12.652,1926.1,5.5528,
4645,12.654,1926.1,5.5528,
4646,12.661,1926.1,5.5529,
4647,12.663,1926.1,5.5529,
4648,12.671,1926.1,5.553,
4649,12.672,1926.1,5.553,
4650,12.68,1926.1,5.553,
4651,12.682,1926.1,5.5531,
4652,12.689,1926.1,5.5531,
4653,12.691,1926.1,5.5532,
4654,12.699,1926.1,5.5532,
4655,12.7,1926.1,5.5533,
4656,12.708,1926.1,5.5533,
4657,12.71,1926.1,5.5534,
4658,12.717,1926.1,5.5534,
4659,12.719,1926.1,5.5535,
4660,12.726,1926.1,5.5535,
4661,12.728,1926.1,5.5536,
4662,12.736,1926.1,5.5536,
4663,12.737,1926.1,5.5537,
4664,12.745,1926.1,5.5537,
4665,12.747,1926.1,5.5537,
