1.0	40.0	-6.957037455327112	95.02572716708927	1625.301625858535
2.0	40.0	-7.677978149695833	-33.026518028090976	1581.4049232549482
3.0	40.0	-8.25783120562147	-41.84996003222184	1553.358598181645
4.0	40.0	-8.755149551386813	-44.29217226185732	1534.841031764731
5.0	40.0	-9.198290321035255	-44.34543780178353	1522.1646884770905
6.0	40.0	-9.602278911573311	-43.42167723609542	1513.1601295706148
7.0	40.0	-9.975896821893421	-42.07111963211908	1506.5297049011588
8.0	40.0	-10.32479159306691	-40.554406225265225	1501.4786988638139
9.0	40.0	-10.652892098962313	-38.995752577144266	1497.5088710001035
10.0	40.0	-10.963097399830954	-37.46340819147183	1494.3004147257193
11.0	40.0	-11.257640116156164	-35.99189727192942	1491.6438737866767
12.0	40.0	-11.538312601808547	-34.596229346810006	1489.398793016017
13.0	40.0	-11.806564044568052	-33.28910460218218	1487.4699618287193
14.0	40.0	-12.063582785439936	-32.0620418343614	1485.7912266932715
15.0	40.0	-12.16348630537355	-12.491627442397776	1486.581794812208
16.0	40.0	-12.237393275761644	-9.264130285595147	1487.752795725775
17.0	40.0	-12.310452708298591	-9.1792775161509	1488.901776855188
18.0	40.0	-12.382679474209166	-9.09582822585815	1490.0386302035417
19.0	40.0	-12.454092619770998	-9.011465766107285	1491.1710572762167
20.0	40.0	-12.524710146394614	-8.93007777040856	1492.3042661408167
21.0	40.0	-12.594547479963719	-8.849419420540151	1493.4410638565773
22.0	40.0	-12.663624249227187	-8.76880301251501	1494.5830891964274
23.0	40.0	-12.73195525497451	-8.691194158827539	1495.730789900241
24.0	40.0	-12.799557141337878	-8.614220025597522	1496.8846142529314
25.0	40.0	-12.866444863729223	-8.539212017485704	1498.0442629489612
26.0	40.0	-12.932633785785976	-8.465185214951514	1499.2098004500085
27.0	40.0	-12.998139503560948	-8.392594111442262	1500.3807584905132
28.0	40.0	-13.062973296808854	-8.321242317242598	1501.557150396548
29.0	40.0	-13.127150121975548	-8.252290345477507	1502.7385824910366
30.0	40.0	-13.1906833602952	-8.183963529157827	1503.9248625786677
31.0	40.0	-13.253583564322254	-8.117536282853518	1505.115873958535
32.0	40.0	-13.315863687846857	-8.051923913762977	1506.3114417346856
33.0	40.0	-13.377534711596141	-7.987717524213845	1507.511340324556
34.0	40.0	-13.438609609060437	-7.925152650629848	1508.7155380311967
35.0	40.0	-13.49909664748563	-7.862671085824527	1509.9236739681705
36.0	40.0	-13.559010662759427	-7.802700691808462	1511.135986637029
37.0	40.0	-13.618357982619761	-7.743972844947263	1512.352200659026
38.0	40.0	-13.677150255657036	-7.6850478148612575	1513.5722334266698
39.0	40.0	-13.73539584397416	-7.628548492055062	1514.7961715543825
40.0	40.0	-13.793105023612396	-7.573219743296904	1516.0238131228737
41.0	40.0	-13.850287247836198	-7.5177377715404	1517.2550883669257
42.0	40.0	-13.906948897372244	-7.464521311452977	1518.4900436294508
43.0	40.0	-13.96310169226496	-7.411753950440604	1519.7286919050484
44.0	40.0	-14.018754637619383	-7.3598549082859375	1520.9710037885923
45.0	40.0	-14.07391642627325	-7.309767841817085	1522.2168086760437
46.0	40.0	-14.128597680602281	-7.259694214259371	1523.4662565574765
47.0	40.0	-14.18280401734476	-7.211052670413876	1524.7191341839723
48.0	40.0	-14.236544334539092	-7.162892894651373	1525.9755015844016
49.0	40.0	-14.289824914797036	-7.1163111070025655	1527.2355421677673
50.0	40.0	-14.342652796036317	-7.070132421830945	1528.499084283918
51.0	40.0	-14.395035237203771	-7.025429530924507	1529.766127947443
52.0	40.0	-14.446977430173755	-6.981769781252136	1531.0366916214766
53.0	40.0	-14.498488906055321	-6.937911566613683	1532.3107727346853
54.0	40.0	-14.549573635737397	-6.896342325654837	1533.588327620874
55.0	40.0	-14.600238710951306	-6.854373106690341	1534.8693596029555
56.0	40.0	-14.65049187821682	-6.813334294049559	1536.1538912749263
57.0	40.0	-14.700339529955846	-6.773096974521706	1537.4419758445122
58.0	40.0	-14.749784049475288	-6.734256735797392	1538.733480172464
59.0	40.0	-14.798834232303244	-6.694550188024769	1540.0286394902578
60.0	40.0	-14.847494263972532	-6.657084201899751	1541.3271072704847
61.0	40.0	-14.895770828371623	-6.61952886921628	1542.6292039907237
62.0	40.0	-14.94366742938815	-6.582546867911223	1543.9347025800826
63.0	40.0	-14.991188680804262	-6.547056752240244	1545.2437339246735
64.0	40.0	-15.038342977140314	-6.510831551566647	1546.5562386788324
65.0	40.0	-15.085132602127858	-6.4763208898735645	1547.87222968979
66.0	40.0	-15.13156212740228	-6.441974820163165	1549.1916752513125
67.0	40.0	-15.177638931049227	-6.408017440959827	1550.514632900717
68.0	40.0	-15.223363392707881	-6.374743244032776	1551.841102855183
69.0	40.0	-15.268744613250533	-6.341894493878045	1553.1710195231883
70.0	40.0	-15.31378387733324	-6.310406948006341	1554.5042887171771
71.0	40.0	-15.35848694964096	-6.278813944728302	1555.8411327922042
72.0	40.0	-15.402858673191062	-6.247388456911249	1557.1814851524084
73.0	40.0	-15.44690146442635	-6.216846544428307	1558.5250542800916
74.0	40.0	-15.490620466894164	-6.186699797568726	1559.872199576398
75.0	40.0	-15.534018904751456	-6.156760770200709	1561.2227107910792
76.0	40.0	-15.577101950627263	-6.1283792692549115	1562.5766627728833
77.0	40.0	-15.619872998379083	-6.098799492002273	1563.9339817594966
78.0	40.0	-15.662335378737055	-6.071047321524178	1565.2947235196684
79.0	40.0	-15.704494426394024	-6.0433587683147945	1566.6587675656403
80.0	40.0	-15.746351427542411	-6.015779000846468	1568.0263044514252
81.0	40.0	-15.787912974523087	-5.988712078464345	1569.3971263434287
82.0	40.0	-15.829179637670384	-5.962769057149987	1570.7712320315147
83.0	40.0	-15.870157739751463	-5.9359442300029785	1572.148791956365
84.0	40.0	-15.910848161086273	-5.910827651922304	1573.529521353065
85.0	40.0	-15.951255572851338	-5.885302797125855	1574.9136059846892
86.0	40.0	-15.99138156247145	-5.859967329759171	1576.3009652612946
87.0	40.0	-16.0312311374121	-5.836127225681548	1577.6915621247363
88.0	40.0	-16.070805362376884	-5.81258148553571	1579.0854857038585
89.0	40.0	-16.11010935759857	-5.788349479574322	1580.4824681648224
90.0	40.0	-16.149146010297912	-5.765087830960648	1581.8828002826895
91.0	40.0	-16.187916914942974	-5.742479479901361	1583.286256288967
92.0	40.0	-16.226425381945006	-5.719429126341093	1584.6928835022695
93.0	40.0	-16.26467560277431	-5.697662383445972	1586.102677910983
94.0	40.0	-16.302669355764074	-5.675721372119742	1587.5155298182717
95.0	40.0	-16.340409305408137	-5.653462580346749	1588.9315914213744
96.0	40.0	-16.377897565560644	-5.632755809295162	1590.35072119258
97.0	40.0	-16.415139038154983	-5.611932981149609	1591.77294663941
98.0	40.0	-16.452134320560617	-5.591851879242273	1593.1980514861955
99.0	40.0	-16.488887382507503	-5.571298440841559	1594.6263203413387
100.0	40.0	-16.525399219064816	-5.551500330873628	1596.0575832233123
101.0	40.0	-16.561675028199176	-5.531904561348106	1597.491805598102
102.0	40.0	-16.597714017598335	-5.513308854640947	1598.9289478961123
103.0	40.0	-16.633521978607835	-5.49372223429438	1600.3690811086276
104.0	40.0	-16.669101178352694	-5.475873868739108	1601.8120979682315
105.0	40.0	-16.70445501047482	-5.457631834638811	1603.2581078315836
106.0	40.0	-16.73958517259976	-5.4396253624748425	1604.706843979047
107.0	40.0	-16.774493892956258	-5.421912878039627	1606.1585451247997
108.0	40.0	-16.809183346011256	-5.404040255001608	1607.6130146662597
109.0	40.0	-16.843655393766614	-5.3879091581833425	1609.0702623678287
110.0	40.0	-16.877913085693812	-5.370505249750494	1610.5303652217103
111.0	40.0	-16.91195796625908	-5.353763926564454	1611.9932317566295
112.0	40.0	-16.94579198261757	-5.3374198012614285	1613.4588323565697
113.0	40.0	-16.979416859431854	-5.321639003229512	1614.927021356159
114.0	40.0	-17.012834526717555	-5.305252495651779	1616.3980580297853
115.0	40.0	-17.046047490397928	-5.290149767286681	1617.8716332528509
116.0	40.0	-17.07905722414818	-5.274181696102877	1619.3478449867523
117.0	40.0	-17.11186687042893	-5.2593924912126875	1620.8267989614687
118.0	40.0	-17.144475674848746	-5.244509376940952	1622.3082540152031
119.0	40.0	-17.176888361904297	-5.229799387743653	1623.7922811540614
120.0	40.0	-17.209104859420847	-5.2153180450989	1625.2788140181617
121.0	40.0	-17.24112786295536	-5.200841074272748	1626.767940447707
122.0	40.0	-17.272956556663516	-5.186802661644491	1628.2595427064648
123.0	40.0	-17.30459270713531	-5.17295278450399	1629.753579784688
124.0	40.0	-17.336038104204047	-5.15938751349006	1631.2500088125882
125.0	40.0	-17.367293659081206	-5.1458432911026195	1632.7489810597704
126.0	40.0	-17.398361978847557	-5.133173645285579	1634.2501793966235
127.0	40.0	-17.42924348751486	-5.119667161461312	1635.7538520209569
128.0	40.0	-17.459940194896994	-5.106825012592385	1637.2598694223782
129.0	40.0	-17.49045445344954	-5.094574572868637	1638.7681863022501
130.0	40.0	-17.520787205737086	-5.0823863775306615	1640.2788369065395
131.0	40.0	-17.55093899365246	-5.069464292903023	1641.7916596438824
132.0	40.0	-17.580911447412507	-5.058126300301356	1643.3068536195765
133.0	40.0	-17.610708430205865	-5.046168167637889	1644.824154675273
134.0	40.0	-17.64032732110794	-5.034525510879882	1646.3437497318
135.0	40.0	-17.66976992226102	-5.023115036587975	1647.8655219277857
136.0	40.0	-17.699039044955768	-5.011883646657846	1649.3895079293334
137.0	40.0	-17.728134100778227	-5.000850474969857	1650.9156163441983
138.0	40.0	-17.757057246432208	-4.989905496735911	1652.4437409832572
139.0	40.0	-17.78580921272242	-4.979291340444657	1653.974093003448
140.0	40.0	-17.814392707056232	-4.968793737991001	1655.5063869134472
141.0	40.0	-17.84280849896116	-4.958386243487581	1657.0408367443679
142.0	40.0	-17.871057017641565	-4.948232912088362	1658.57729072788
143.0	40.0	-17.89913934247661	-4.938727537827149	1660.1158123628054
144.0	40.0	-17.92705810960023	-4.9284395868693665	1661.6561788043737
145.0	40.0	-17.954812982055625	-4.919228879758181	1663.1986792315724
146.0	40.0	-17.98240538553028	-4.90931533410952	1664.7429045427725
147.0	40.0	-18.009837632541647	-4.900522560336838	1666.2891996108222
148.0	40.0	-18.03711109660354	-4.890798152820755	1667.8373473795534
149.0	40.0	-18.064225050834242	-4.882321526381395	1669.3873339106244
150.0	40.0	-18.091181700902638	-4.87298967091752	1670.9392450531227
151.0	40.0	-18.117982746959882	-4.864879983757953	1672.4928001190096
152.0	40.0	-18.14462830444917	-4.856151307047911	1674.048259450672
153.0	40.0	-18.171116668813028	-4.847898521301758	1675.6054702533834
154.0	40.0	-18.197449888028686	-4.839431088705199	1677.1644044083037
155.0	40.0	-18.22363006700326	-4.831670305654985	1678.7251191004896
156.0	40.0	-18.249658373438383	-4.824193564654535	1680.2874322058947
157.0	40.0	-18.27553844833818	-4.816487742620857	1681.8515025614938
158.0	40.0	-18.301269727483454	-4.80920469497396	1683.4171987891064
159.0	40.0	-18.32685464656536	-4.802203104709054	1684.9844543506317
160.0	40.0	-18.35229236482912	-4.794807771244128	1686.5533799518314
161.0	40.0	-18.377585943624002	-4.788098703582509	1688.123938596554
162.0	40.0	-18.402734889878584	-4.781946432863634	1689.6959652725482
163.0	40.0	-18.427738222871618	-4.774679165749887	1691.2696806710442
164.0	40.0	-18.4525972081387	-4.768409365677615	1692.8448790330333
165.0	40.0	-18.47731245736719	-4.761953256405554	1694.4214432865874
166.0	40.0	-18.501886195091434	-4.7559979271792	1695.9996055234053
167.0	40.0	-18.526317164315856	-4.750355893057619	1697.5792349706285
168.0	40.0	-18.550605587839225	-4.74390092740697	1699.1604285461135
169.0	40.0	-18.574756103795025	-4.738356697004468	1700.7429024651656
170.0	40.0	-18.59876563386441	-4.7330659685193535	1702.3268953391078
171.0	40.0	-18.62263740037668	-4.727286380309195	1703.9122559806722
172.0	40.0	-18.64637140579526	-4.722385477490684	1705.499022325496
173.0	40.0	-18.669968736455495	-4.716694583304478	1707.0871610113634
174.0	40.0	-18.693430873448637	-4.712018062775763	1708.6766027008841
175.0	40.0	-18.71675704654864	-4.70694898152754	1710.267325988503
176.0	40.0	-18.73994885331921	-4.702349218519555	1711.8594622856417
177.0	40.0	-18.763007588580933	-4.697419697547	1713.4529311220153
178.0	40.0	-18.785933914439358	-4.6932834736602675	1715.0475748113963
179.0	40.0	-18.808727505289692	-4.689082163364481	1716.6434380794813
180.0	40.0	-18.831390726745877	-4.68428671967055	1718.2406574620322
181.0	40.0	-18.853922510969756	-4.680701377561418	1719.838925245931
182.0	40.0	-18.87632522273804	-4.676590910231076	1721.4385467592913
183.0	40.0	-18.89859694602817	-4.672520232932418	1723.039357616123
184.0	40.0	-18.92074087550679	-4.669053729080805	1724.6413330628823
185.0	40.0	-18.94275614950519	-4.665709668364181	1726.2443950705408
186.0	40.0	-18.964644693757577	-4.662000086184337	1727.8487200621719
187.0	40.0	-18.986401594447173	-4.658328801735892	1729.4541232316255
188.0	40.0	-19.008028342202067	-4.655676254771436	1731.0605309664275
189.0	40.0	-19.02952560356033	-4.652564328415938	1732.6681591756128
190.0	40.0	-19.05089267854914	-4.649602495961305	1734.2768915652698
191.0	40.0	-19.072131571565706	-4.646862216886147	1735.8866662415708
192.0	40.0	-19.09324299496148	-4.644146354951914	1737.497428193188
193.0	40.0	-19.11422721763841	-4.641156042772811	1739.109270979202
194.0	40.0	-19.13508564528181	-4.639334000003776	1740.7220684094882
195.0	40.0	-19.15581695439392	-4.63674167327786	1742.336000174869
196.0	40.0	-19.176423790067847	-4.634607335867736	1743.9509464094624
197.0	40.0	-19.196905087748977	-4.632710348810539	1745.5668424457251
198.0	40.0	-19.21726164151672	-4.630722976119566	1747.1836580358981
199.0	40.0	-19.23749623105202	-4.6288507520218	1748.8014911945384
200.0	40.0	-19.25760756722354	-4.62715796064802	1750.4201350577478
201.0	40.0	-19.277596819329016	-4.625695310331731	1752.0398030431875
202.0	40.0	-19.297461836443542	-4.6241146322494115	1753.6604911212055
203.0	40.0	-19.317202417104212	-4.622926153116708	1755.281842049428
204.0	40.0	-19.3368187723969	-4.62182430019785	1756.904247801753
205.0	40.0	-19.356312017302994	-4.620710246746754	1758.5274572670976
206.0	40.0	-19.375683072787606	-4.619828544575181	1760.1514683978778
207.0	40.0	-19.394932174167163	-4.619076060798452	1761.7764379607631
208.0	40.0	-19.414059149059813	-4.618326190169215	1763.402107824393
209.0	40.0	-19.433067390979634	-4.617964138240309	1765.0287176888025
210.0	40.0	-19.45195401690036	-4.617362388267537	1766.6560767963936
211.0	40.0	-19.470723485811135	-4.617197972197528	1768.284087583308
212.0	40.0	-19.48937340347174	-4.617001358568966	1769.9130408393419
213.0	40.0	-19.507905529911405	-4.616961946557911	1771.542605830214
214.0	40.0	-19.526321386448398	-4.617013420341014	1773.1729850276731
215.0	40.0	-19.544619557405973	-4.617241066103579	1774.804087497932
216.0	40.0	-19.56280293553432	-4.617520768502995	1776.4357899618894
217.0	40.0	-19.580871423765945	-4.61802426057122	1778.068286671283
218.0	40.0	-19.598824343830273	-4.61853483261393	1779.701530836322
219.0	40.0	-19.616664299065334	-4.619322553932306	1781.3352914776297
220.0	40.0	-19.63439076096203	-4.619967414670806	1782.9698211973973
221.0	40.0	-19.652004707969443	-4.621159247609044	1784.6049266801163
222.0	40.0	-19.66950612677579	-4.622365980310495	1786.2407184203762
223.0	40.0	-19.68689779287765	-4.623255168224396	1787.8770326994263
224.0	40.0	-19.704177294821026	-4.6246667423910415	1789.5139189693944
225.0	40.0	-19.721344553859144	-4.6259602167850815	1791.1515344831519
226.0	40.0	-19.7383990627619	-4.6276209700480635	1792.789635918258
227.0	40.0	-19.755343131435374	-4.629235474512317	1794.4282976141678
228.0	40.0	-19.772175041895025	-4.630641047435007	1796.0674853495989
229.0	40.0	-19.78889720039596	-4.6330373545806784	1797.7072521347482
230.0	40.0	-19.805510463146845	-4.635064957599878	1799.347466922686
231.0	40.0	-19.822013651698875	-4.637193824334357	1800.9882433848015
232.0	40.0	-19.838408744360258	-4.639442290615059	1802.6295127954356
233.0	40.0	-19.854695702590263	-4.641983358667032	1804.271282995099
234.0	40.0	-19.870875382127775	-4.644499205424958	1805.9134794293968
235.0	40.0	-19.88694643131504	-4.647044922028983	1807.556066095394
236.0	40.0	-19.90290531396677	-4.649822029595504	1809.1991364821097
237.0	40.0	-19.918752687133384	-4.6528852557423015	1810.8426734709005
238.0	40.0	-19.934490483231013	-4.6557424649861545	1812.4866044005482
239.0	40.0	-19.950121307890523	-4.658714130105541	1814.1309629369139
240.0	40.0	-19.965643473330253	-4.662112391491543	1815.7757282777566
241.0	40.0	-19.981059667581828	-4.665649159780196	1817.420818556717
242.0	40.0	-19.99636593479595	-4.669102767599975	1819.0662962299925
243.0	40.0	-20.011560892362304	-4.672544612107082	1820.7121081029889
244.0	40.0	-20.026645322599997	-4.676594905091075	1822.358365654625
245.0	40.0	-20.041620585435396	-4.680520705151255	1824.0049233213504
246.0	40.0	-20.05648892382201	-4.684507117330449	1825.6517376701513
247.0	40.0	-20.071247442508213	-4.688381741119905	1827.2989055886248
248.0	40.0	-20.085899378524175	-4.692960938248425	1828.946348730524
249.0	40.0	-20.10044429274745	-4.6972307911037	1830.594113633846
250.0	40.0	-20.114882357555068	-4.701927486474302	1832.2420692373623
251.0	40.0	-20.12921413301411	-4.706366964581166	1833.8903214568838
252.0	40.0	-20.143439771217693	-4.711614353197337	1835.5387651547503
253.0	40.0	-20.157562072002104	-4.716129250772682	1837.1874675071765
254.0	40.0	-20.171579066808928	-4.721724028575312	1838.836357871806
255.0	40.0	-20.18549216666852	-4.726587122512942	1840.4854766213568
256.0	40.0	-20.1993026363615	-4.732096620815776	1842.1348392224104
257.0	40.0	-20.213009450492464	-4.737572812862852	1843.7842928771772
258.0	40.0	-20.226613361616504	-4.7430780032259205	1845.4339073890915
259.0	40.0	-20.24011259896774	-4.7488058669136315	1847.0835846970322
260.0	40.0	-20.253507585772546	-4.7549834579781365	1848.7335747377615
261.0	40.0	-20.26679772035784	-4.760864740376118	1850.3836664785777
262.0	40.0	-20.27998518779038	-4.766880947338015	1852.0338568944408
263.0	40.0	-20.293068934601905	-4.7732703908994765	1853.684194011668
264.0	40.0	-20.30604988586344	-4.7794745648140236	1855.3346007132075
265.0	40.0	-20.318928848306456	-4.786411187169465	1856.985037775948
266.0	40.0	-20.33170811229784	-4.792834257177505	1858.6356743072088
267.0	40.0	-20.34438316131001	-4.799834397599187	1860.2863320953463
268.0	40.0	-20.35696139521246	-4.806879596577877	1861.9368661506983
269.0	40.0	-20.36943805883377	-4.813643034165884	1863.5875271881016
270.0	40.0	-20.38181558980621	-4.821237406854467	1865.2381930034774
271.0	40.0	-20.394095601009347	-4.828594242461889	1866.8889754298193
272.0	40.0	-20.40627413066363	-4.836293276241257	1868.5396526541283
273.0	40.0	-20.418359689893613	-4.843682838457995	1870.190086556142
274.0	40.0	-20.430342943650306	-4.8518942161955145	1871.8408159245757
275.0	40.0	-20.44223543271445	-4.859521297413846	1873.4913017811277
276.0	40.0	-20.45402471521307	-4.868048822716793	1875.1416602275633
277.0	40.0	-20.465724559804187	-4.875983007359526	1876.792062787643
278.0	40.0	-20.477327051179696	-4.884799171460758	1878.4423596480651
279.0	40.0	-20.488836670446645	-4.893205033189228	1880.0925143489465
280.0	40.0	-20.500252486637294	-4.901695489338466	1881.742506666028
281.0	40.0	-20.51157622282423	-4.910690513430344	1883.3924669820672
282.0	40.0	-20.522805726392985	-4.9198798445706515	1885.0421994641654
283.0	40.0	-20.5339459859596	-4.928829478339271	1886.6918410622447
284.0	40.0	-20.544995078480923	-4.9382568391507125	1888.3412222132379
285.0	40.0	-20.555952270913014	-4.947702636453103	1889.9904638765836
286.0	40.0	-20.56682104414249	-4.957376997178254	1891.6394564409281
287.0	40.0	-20.577596995274334	-4.967195250873117	1893.2882632638702
288.0	40.0	-20.58828395904971	-4.976867916442867	1894.936817196563
289.0	40.0	-20.59888280771228	-4.98713687576614	1896.585093514087
290.0	40.0	-20.60939392247382	-4.997361927907497	1898.2330901249427
291.0	40.0	-20.619815285803785	-5.0074145087746675	1899.8807622909426
292.0	40.0	-20.630149193021843	-5.018100609442465	1901.5282428050775
293.0	40.0	-20.640397868840903	-5.028958749332408	1903.1752228232242
294.0	40.0	-20.650557036204635	-5.039535333539064	1904.8219588055829
295.0	40.0	-20.660631586002122	-5.050627672844251	1906.4683216051478
296.0	40.0	-20.670622137611645	-5.061631568831794	1908.11427418103
297.0	40.0	-20.68052751800857	-5.073091347650188	1909.7598655434033
298.0	40.0	-20.690344884065397	-5.084342847186741	1911.4050651036803
299.0	40.0	-20.700077368877572	-5.096181600924819	1913.0497606121999
300.0	40.0	-20.709723931947707	-5.107557312622323	1914.6940267201553
301.0	40.0	-20.71928775019773	-5.119669687851955	1916.3377877035573
302.0	40.0	-20.72876620993606	-5.1315307945046555	1917.9811657427517
303.0	40.0	-20.7381593366283	-5.144018601706859	1919.6239492091017
304.0	40.0	-20.747465788594283	-5.156218626022317	1921.2663226859738
305.0	40.0	-20.756690939975755	-5.168783743694112	1922.9080139414784
306.0	40.0	-20.765829701545737	-5.181548191061618	1924.549267576288
307.0	40.0	-20.774883537690336	-5.1945549763876695	1926.1899322092772
308.0	40.0	-20.783853358589006	-5.20744395449885	1927.8299916611288
309.0	40.0	-20.792740118124417	-5.220820127217032	1929.4694849276218
310.0	40.0	-20.801543205955447	-5.234320938851067	1931.1083644686914
311.0	40.0	-20.81026583096532	-5.2475771903813175	1932.7465001776297
312.0	40.0	-20.8189033344568	-5.261843581466398	1934.3840676208413
313.0	40.0	-20.82746031813483	-5.275306796744569	1936.020944749654
314.0	40.0	-20.835936718284863	-5.289447338918502	1937.6570602438712
315.0	40.0	-20.844330835931128	-5.304018057561895	1939.2925651866476
316.0	40.0	-20.852644851740834	-5.318097748026044	1940.9272647194284
317.0	40.0	-20.860879585000887	-5.332514869333865	1942.5612273248837
318.0	40.0	-20.869032438601014	-5.347529826139906	1944.19437015374
319.0	40.0	-20.877108003651585	-5.362572178578027	1945.8267706867368
320.0	40.0	-20.885103589020083	-5.377345388944444	1947.4582845799118
321.0	40.0	-20.893019597597625	-5.392652666430618	1949.0889972450495
322.0	40.0	-20.90086097350353	-5.407861104158448	1950.7188335408098
323.0	40.0	-20.908621122402806	-5.423879625718853	1952.3478321664236
324.0	40.0	-20.916307187726485	-5.439195783365802	1953.9758205960243
325.0	40.0	-20.923912250137754	-5.455020819495566	1955.6028258011415
326.0	40.0	-20.931445055355717	-5.471099702120653	1957.2290785873872
327.0	40.0	-20.93889857353227	-5.487160706879882	1958.8542920119266
328.0	40.0	-20.94626821355813	-5.503767668070381	1960.478438443791
329.0	40.0	-20.953558525550346	-5.520135326752004	1962.1016368653366
330.0	40.0	-20.96076762278554	-5.537061311702721	1963.7237777980495
331.0	40.0	-20.9678973532379	-5.553749533832203	1965.344877850682
332.0	40.0	-20.974945981690407	-5.570679630486403	1966.964867653903
333.0	40.0	-20.981918124892196	-5.587997462363932	1968.5838361094848
334.0	40.0	-20.98881035472704	-5.605295390072494	1970.2017268608233
335.0	40.0	-20.995625382208463	-5.62274954736332	1971.8183499220559
336.0	40.0	-21.002361374909906	-5.6402183147067895	1973.4339282033602
337.0	40.0	-21.009012375784025	-5.658345004906637	1975.048258528626
338.0	40.0	-21.015576218033235	-5.675901711606096	1976.6615046907898
339.0	40.0	-21.022054793333073	-5.694342459764186	1978.2734782489053
340.0	40.0	-21.028446175045282	-5.712443386120704	1979.884214797432
341.0	40.0	-21.034751104744558	-5.730839616567452	1981.493736220871
342.0	40.0	-21.04097251510935	-5.749559793277771	1983.101921496559
343.0	40.0	-21.047109408772855	-5.768250137571864	1984.7088645343217
344.0	40.0	-21.05315708622844	-5.787097032632827	1986.3144387684831
345.0	40.0	-21.05912340035317	-5.805915478220354	1987.9187321244992
346.0	40.0	-21.06499965757241	-5.825544465226561	1989.5216688618027
347.0	40.0	-21.070794238087124	-5.84479629155473	1991.1231176102617
348.0	40.0	-21.076503928274292	-5.864193394880633	1992.7231879205106
349.0	40.0	-21.082129151150834	-5.884443875197373	1994.3219066414188
350.0	40.0	-21.087671774958782	-5.904255067619437	1995.9190588885228
351.0	40.0	-21.093132145246685	-5.924552419220898	1997.5148190467723
352.0	40.0	-21.09851157186284	-5.944762538769633	1999.1090622930296
353.0	40.0	-21.103807532595923	-5.96548584637878	2000.7018236045517
354.0	40.0	-21.10902348976311	-5.985958271605463	2002.2929946975162
355.0	40.0	-21.114158687521215	-6.0069491069617476	2003.8826269363512
356.0	40.0	-21.119214120387046	-6.028128915072959	2005.4707040484832
357.0	40.0	-21.12418915075479	-6.049361145629115	2007.0571355249695
358.0	40.0	-21.129085471576737	-6.0704771276032155	2008.6419739086693
359.0	40.0	-21.133903496798975	-6.092414105997042	2010.225108958783
360.0	40.0	-21.138645496550783	-6.113749845520503	2011.8066450526753
361.0	40.0	-21.143309360310752	-6.135750621460609	2013.3865068414398
362.0	40.0	-21.14789606618292	-6.157561297054931	2014.964468124357
363.0	40.0	-21.152409635569665	-6.179843189117553	2016.540954016298
364.0	40.0	-21.156844253905867	-6.202409631779929	2018.1154823686024
365.0	40.0	-21.161204474699304	-6.2245983225073855	2019.6882126890234
366.0	40.0	-21.16548984781501	-6.247222126984535	2021.2592094306854
367.0	40.0	-21.17109011050147	-8.358275315625697	2022.7128864809697
368.0	40.0	-21.176564287354253	-8.37901121879844	2024.1756711442147
369.0	40.0	-21.184550661363932	-12.592126243149732	2025.4323028857857
370.0	40.0	-21.19228442656616	-12.601320345250036	2026.7214115900806
371.0	40.0	-21.201000693009703	-14.712344420704948	2027.9389506991201
372.0	40.0	-21.209401722507312	-14.720831335027576	2029.1862874429776
373.0	40.0	-21.218622791127054	-16.830961747878366	2030.368687659256
374.0	40.0	-21.228534112087814	-18.928064165415556	2031.4964610576653
375.0	40.0	-21.238984927456073	-21.00880703212594	2032.5773689102232
376.0	40.0	-21.248861687247928	-20.98442418121077	2033.6895920629654
377.0	40.0	-21.258154921909476	-20.96804554846078	2034.822942789474
378.0	40.0	-21.266866880946107	-20.957949396570175	2035.971032693591
379.0	40.5	-20.825018775708667	-20.895374035927848	2037.129642330858
380.0	40.5	-20.834814948283682	-20.892057084714615	2038.2964376625398
381.0	40.5	-20.84414810248736	-20.888714436576297	2039.469306648835
382.0	40.5	-20.85301758725871	-20.884075340679285	2040.6470892941052
383.0	40.5	-20.86143741596577	-20.877463698709146	2041.828569563177
384.0	40.5	-20.86940889386737	-20.867543587424	2043.0131783970935
385.0	40.5	-20.876933781120663	-20.854218297756354	2044.2003021038993
386.0	40.5	-20.88396609600319	-20.83761164016198	2045.3894582805801
387.0	40.5	-20.890512775737434	-20.81658291696663	2046.5804297201291
388.0	40.5	-20.896581765229364	-20.79084782038375	2047.7728760660264
389.0	40.5	-20.902178816379543	-20.761029514528065	2048.9664885557345
390.0	40.5	-20.907314127926373	-20.726471092232256	2050.1611130740025
391.0	40.5	-20.91200581987562	-20.688035111480797	2051.356502966983
392.0	40.5	-20.95017142979761	-198.27882461034162	2052.541265290922
393.0	40.5	-20.953971180079716	-22.57274889978281	2053.9408765925605
394.0	40.5	-20.958009987154668	-23.027130967801835	2055.3590117621375
395.0	40.5	-20.962111820023566	-23.282364708333148	2056.745023499653
396.0	40.5	-20.966162629201442	-23.46291730247341	2058.0903502021724
397.0	40.5	-20.97007828176583	-23.608659936222658	2059.398858110331
398.0	40.5	-20.973805972985613	-23.734497141090962	2060.6770190047023
399.0	40.5	-20.977303798254272	-23.84707169900787	2061.9313055350967
400.0	40.5	-20.979907810563276	-19.174166025722833	2063.276030774476
401.0	40.5	-20.982603491484078	-21.67681006230823	2064.5434988714724
402.0	40.5	-20.985036671503202	-21.76522770090731	2065.7988460613274
403.0	40.5	-20.987200931144432	-21.848248238016563	2067.043851765498
404.0	40.5	-20.989092732639257	-21.926264412203018	2068.28024757937
405.0	40.5	-20.990849198565716	-24.434226173198432	2069.449873454029
406.0	40.5	-20.992239799821878	-24.494147757697142	2070.618025074625
407.0	40.5	-20.9932662767428	-24.55596163930526	2071.783225433212
408.0	40.5	-20.993931027260334	-24.61999292676946	2072.9449891130243
409.0	40.5	-20.994238130222	-24.68467950452825	2074.1031048355326
410.0	40.5	-20.994190915526456	-24.750353111624698	2075.2574261890168
411.0	40.5	-20.99377876689105	-24.817909488224714	2076.407960574043
412.0	40.5	-20.992994630374724	-24.888802648160713	2077.554569233217
413.0	40.5	-20.991843386060946	-24.96472952093832	2078.697193573566
414.0	40.5	-20.990322542336735	-25.042812260078186	2079.8357103928734
415.0	40.5	-20.98840986035228	-25.122303728940494	2080.9704459876393
416.0	40.5	-20.986056975978794	-25.203263155240023	2082.1013018028884
417.0	41.0	-20.062018703922835	-25.241352142092808	2083.228481261142
418.0	41.0	-20.06282109680696	-25.324601506731724	2084.3519977945216
419.0	41.0	-20.063274112031603	-25.406317703298548	2085.4723257496803
420.0	41.0	-20.06338319398164	-25.486345633554418	2086.5894755887953
421.0	41.0	-20.06315057407211	-25.56453506190128	2087.7034879459075
422.0	41.0	-20.06256849457307	-25.641201031333445	2088.814639509974
423.0	41.0	-20.061641461153773	-25.71601804475069	2089.9231545623343
424.0	41.0	-20.060375462494264	-25.790272459004036	2091.0289459513615
425.0	41.0	-20.058775626297894	-25.865157863401393	2092.1319595749105
426.0	41.0	-20.056849728909786	-25.94102399705848	2093.231977466905
427.0	41.0	-20.054603421904833	-26.01708495238975	2094.3287750253103
428.0	41.0	-20.052044943293495	-26.093837431091657	2095.422337158194
429.0	41.0	-20.049176464900206	-26.171229132194426	2096.5123943183435
430.0	41.0	-20.04599918822433	-26.248202947518678	2097.5988890724016
431.0	41.0	-20.042508003981013	-26.324116668606905	2098.68167749906
432.0	41.0	-20.03871792763854	-26.396252340947154	2099.7608499893845
433.0	41.0	-20.034629217188797	-26.462605181272167	2100.8362705286777
434.0	41.0	-20.030250644909888	-26.52202449043036	2101.9080650461956
435.0	41.0	-20.025587760979523	-26.57313130612305	2102.9762093266486
436.0	41.0	-20.020649436956518	-26.616659011375646	2104.0409044075773
437.0	41.0	-20.01545271607162	-26.653900170963425	2105.102313912606
438.0	41.0	-20.010035594982035	-26.684772627247078	2106.1606785712547
439.0	41.0	-20.004394743362	-26.708346776163246	2107.2157613942804
440.0	41.0	-19.998531261287656	-26.725908321515977	2108.2678120204596
441.0	41.0	-19.992433832720465	-26.743213795258573	2109.31649107385
442.0	41.0	-19.986095558890764	-26.75650639250792	2110.361685166843
443.0	41.0	-19.979520722199855	-26.76547769083948	2111.4032319127164
444.0	41.0	-19.972710490382426	-26.77186418793119	2112.4408223449946
445.0	41.0	-19.96566790993901	-26.775682700335327	2113.474396198675
446.0	41.0	-19.95835683363807	-26.776921552532055	2114.5037519099465
447.0	41.0	-19.950783037565003	-26.775302514257373	2115.5286103944577
448.0	41.0	-19.94294759208282	-26.77352783406067	2116.548631118937
449.0	41.0	-19.934844478182573	-26.771806642001767	2117.5637171393896
450.0	41.0	-19.9264618584077	-26.770494609444903	2118.5738227696193
451.0	41.0	-19.91776695538581	-26.765981080644345	2119.5785320801356
452.0	41.5	-21.06358842311017	-26.789679667788484	2120.5780463439046
453.0	41.5	-21.061970146411714	-26.775088156474865	2121.5725330100736
454.0	41.5	-21.060098691356863	-26.754525747061873	2122.5618782551646
455.0	41.5	-21.057981421827737	-26.728815452373706	2123.5464959849405
456.0	41.5	-21.055620275869895	-26.695567864713027	2124.526387071857
457.0	41.5	-21.0530207491218	-26.654452237160402	2125.501849985357
458.0	41.5	-21.050187159348773	-26.605676685459763	2126.472895859363
459.0	41.5	-21.047119539392533	-26.549242601453617	2127.439470105962
460.0	41.5	-21.04382533820172	-26.486391968439953	2128.4016108876276
461.0	41.5	-21.040308573975416	-26.416192608227096	2129.3592146082324
462.0	41.5	-21.03657407103171	-26.33968194009941	2130.312295084632
463.0	41.5	-21.032624340986253	-26.257113222866426	2131.2604279023794
464.0	41.5	-21.02846677302071	-26.169538202325032	2132.203541887025
465.0	41.5	-21.03241333231107	-201.20563343839774	2133.1458854464495
466.0	41.5	-21.03813745099992	-27.317587531494535	2134.071221695451
467.0	41.5	-21.043408830768872	-27.79969359829228	2134.976568814827
468.0	41.5	-21.048160240541737	-28.094717462881125	2135.8657046047524
469.0	41.5	-21.05237561567606	-28.30888534018961	2136.741439863148
470.0	41.5	-21.056060409799258	-28.476682127985757	2137.6063784953717
471.0	41.5	-21.059236072635365	-28.613811866433508	2138.4620262437943
472.0	41.5	-21.061932217845	-28.730373639971624	2139.3100008088086
473.0	41.5	-21.06410434345406	-28.830249184717026	2140.1509883467756
474.0	41.5	-21.06575671728322	-28.917516267525706	2140.9855080411694
475.0	41.5	-21.06690516978272	-28.99564841237912	2141.8141003437972
476.0	41.5	-21.067565888199724	-29.06798667775128	2142.6364660443865
477.0	41.5	-21.067757809329112	-29.139438388182164	2143.452770258839
478.0	41.5	-21.067490377197498	-29.213102646008345	2144.2627943340085
479.0	41.5	-21.066782452185656	-29.285213931088315	2145.0663189888483
480.0	41.5	-21.065645091438707	-29.357309101508843	2145.8633435704846
481.0	41.5	-21.06409327024116	-29.433201487607906	2146.6537022300076
482.0	41.5	-21.06213560149475	-29.51178328940391	2147.4370980372455
483.0	41.5	-21.059786318951218	-29.589541593355676	2148.2135901664597
484.0	42.0	-22.541728198621264	-29.708191031996463	2148.983287400284
485.0	42.0	-22.540482164877822	-29.78138382107524	2149.7464212393943
486.0	42.0	-22.538936166762003	-29.851416122170416	2150.5032291760563
487.0	42.0	-22.537089986876495	-29.91676630429692	2151.253962385942
488.0	42.0	-22.53495572139442	-29.978298791909822	2151.9989950107197
489.0	42.0	-22.532536952225914	-30.03692271636383	2152.7382380090494
490.0	42.0	-22.529840629959438	-30.095875130783565	2153.4721599782274
491.0	42.0	-22.526873890038313	-30.155306722590925	2154.2003037803947
492.0	42.0	-22.523641543723443	-30.214941382802888	2154.922807866178
493.0	42.0	-22.52016308356383	-30.276088746279143	2155.639452991214
494.0	42.0	-22.516438436948942	-30.337557544917427	2156.3499938450964
495.0	42.0	-22.512477005525405	-30.398564656487718	2157.054213605667
496.0	42.0	-22.50828560546751	-30.457708432422884	2157.7520506533747
497.0	42.0	-22.503872806276632	-30.51326080962124	2158.443617987705
498.0	42.0	-22.499246856678436	-30.563091929782367	2159.129108806816
499.0	42.0	-22.494391609348078	-30.603888875274706	2159.8086698986626
500.0	42.0	-22.489313703940564	-30.632490599959052	2160.482781221323
501.0	42.0	-22.483969287299274	-30.647923627326897	2161.1518332470882
502.0	42.0	-22.478337697395407	-30.649391073901274	2161.8162067971125
503.0	42.0	-22.472430852078926	-30.641928853083144	2162.4759299679213
504.0	42.0	-22.466253216035476	-30.625772782041885	2163.1313625954153
505.0	42.0	-22.45978592789019	-30.600649874372007	2163.7823670868456
506.0	42.0	-22.453027274363176	-30.569628786239093	2164.429382428432
507.0	42.0	-22.445974192972308	-30.532621744003045	2165.0721786912763
508.0	42.0	-22.438631452451013	-30.491477501132838	2165.710815798484
509.0	42.0	-22.43090108699369	-30.448766695434298	2166.344572725821
510.0	42.0	-22.422735302320035	-30.405445724798934	2166.9734126215003
511.0	42.0	-22.41414857059287	-30.358391073299334	2167.596961898058
512.0	42.0	-22.405153321204896	-30.308524261454004	2168.215233264555
513.0	42.0	-22.395757687971262	-30.25829646535463	2168.8280996036265
514.0	42.0	-22.385975512087107	-30.205697920108044	2169.435328701276
515.0	42.0	-22.375816673802014	-30.149027510003513	2170.037151541195
516.0	42.5	-21.85876250621033	-30.077355756077623	2170.6336826996467
517.0	42.5	-21.851435898311735	-30.00552836077764	2171.22536003797
518.0	42.5	-21.843888492286617	-29.92330493037493	2171.8124622126593
519.0	42.5	-21.836126245421887	-29.830460569482938	2172.3953422275918
520.0	42.5	-21.82814558943021	-29.729966514310846	2172.974446800496
521.0	42.5	-21.81995516620674	-29.618977557609846	2173.5504025258087
522.0	42.5	-21.81155089317058	-29.497381850762054	2174.1229573453666
523.0	42.5	-21.802937831288034	-29.36552872044855	2174.692342731561
524.0	42.5	-21.794126651371727	-29.224774317002673	2175.2584550839747
525.0	42.5	-21.785126607207086	-29.075179826845197	2175.821177732495
526.0	42.5	-21.775944508183212	-28.91805816184873	2176.380290447853
527.0	42.5	-21.766590703042226	-28.75360491354466	2176.935479741044
528.0	42.5	-21.757065470171714	-28.582740580415212	2177.4865165702017
529.0	42.5	-21.787719838768844	-201.10716689604484	2177.970957528453
530.0	42.5	-21.784065154181217	-30.198398799102986	2178.5060941963143
531.0	42.5	-21.780830570887304	-30.71936001289578	2179.010978716708
532.0	42.5	-21.777826901105655	-31.00835631806094	2179.4977246562503
533.0	42.5	-21.774936639328633	-31.195034935094665	2179.971300229536
534.0	42.5	-21.7720792453932	-31.325675349238345	2180.434273731226
535.0	42.5	-21.769203096333353	-31.421100324339363	2180.8883244897897
536.0	42.5	-21.766267913554422	-31.496146361926215	2181.3346862408866
537.0	42.5	-21.763200207717993	-31.555001703702743	2181.773949504627
538.0	42.5	-21.759970361664596	-31.60459579621962	2182.206232017981
539.0	42.5	-21.75654380826592	-31.64842663079971	2182.6317284950014
540.0	42.5	-21.75289897037051	-31.690112181991193	2183.050404553772
541.0	42.5	-21.749022706339392	-31.73333072661992	2183.461984970266
542.0	42.5	-21.74490302261405	-31.77800591828537	2183.8663487601757
543.0	42.5	-21.74053135923729	-31.825307642723413	2184.2634153224776
544.0	42.5	-21.73590244436064	-31.87504412499786	2184.6530946465746
545.0	42.5	-21.731016492180128	-31.925253247330556	2185.0352900721905
546.0	42.5	-21.72586604750597	-31.97498167607465	2185.4103110904657
547.0	43.0	-20.57603182337783	-32.00727329597179	2185.7783149132374
548.0	43.0	-20.575016143599537	-32.05101203277121	2186.139829742244
549.0	43.0	-20.57377100747314	-32.09112215595062	2186.4951431867407
550.0	43.0	-20.572301852908215	-32.125542267201425	2186.8447550114033
551.0	43.0	-20.570596061735266	-32.155018139335084	2187.188999549811
552.0	43.0	-20.568646195891176	-32.1813311585211	2187.528245402742
553.0	43.0	-20.566456870862943	-32.205284107398626	2187.8624094826177
554.0	43.0	-20.564040346124177	-32.229496858553425	2188.191477779269
555.0	43.0	-20.56137081433941	-32.256797972050016	2188.5152619638015
556.0	43.0	-20.55841497626606	-32.287766938528414	2188.8332557168724
557.0	43.0	-20.55516031276701	-32.32092494658785	2189.145376319756
558.0	43.0	-20.551600174069534	-32.35376442577725	2189.451728586951
559.0	43.0	-20.547740118818727	-32.38216221008879	2189.752224204144
560.0	43.0	-20.543587487109974	-32.40406198196507	2190.046797797364
561.0	43.0	-20.539142006957977	-32.41893285827298	2190.3357809493136
562.0	43.0	-20.534406127408733	-32.42107991580682	2190.619212998136
563.0	43.0	-20.529362582097605	-32.40808575240901	2190.897925282723
564.0	43.0	-20.524020808347725	-32.37832667282467	2191.172043462592
565.0	43.0	-20.51838577918903	-32.33349200565998	2191.441956722272
566.0	43.0	-20.51246487566411	-32.27695583489851	2191.7077361042116
567.0	43.0	-20.506267871656593	-32.211175140116254	2191.9695774454585
568.0	43.0	-20.499794965242902	-32.13832424709745	2192.2273705063853
569.0	43.0	-20.493056238743723	-32.06049567734818	2192.480723982585
570.0	43.0	-20.4860412733639	-31.982129713379607	2192.72955685903
571.0	43.0	-20.478749010598506	-31.903520356552903	2192.9734677884635
572.0	43.0	-20.47119400797229	-31.826561545384955	2193.2122484224647
573.0	43.0	-20.463384273193597	-31.748673233690656	2193.4454274114755
574.0	43.0	-20.45532933195084	-31.669258707999077	2193.6729089276964
575.0	43.0	-20.447030407924345	-31.589397193881076	2193.8945993441475
576.0	43.0	-20.438494007628382	-31.509856708420365	2194.1100919564847
577.0	43.0	-20.429731023302462	-31.426770959960695	2194.3196041088004
578.0	43.5	-20.327782092540982	-31.348061054496164	2194.5233783113817
579.0	43.5	-20.324667418160196	-31.251266998613087	2194.7216056169605
580.0	43.5	-20.32140507500051	-31.145915366436398	2194.914455485663
581.0	43.5	-20.317990911277054	-31.03138218176627	2195.1022782505265
582.0	43.5	-20.31442601170676	-30.907218824802637	2195.285093577353
583.0	43.5	-20.310713060597855	-30.77346715506906	2195.4632479472534
584.0	43.5	-20.30685447377667	-30.6312866153108	2195.6366575236657
585.0	43.5	-20.302847098392764	-30.481445108758475	2195.8051927403935
586.0	43.5	-20.29869655908583	-30.324303535565882	2195.9687738556595
587.0	43.5	-20.29435690304465	-30.161462139583083	2196.1271903666434
588.0	43.5	-20.28982267887106	-29.997476618933604	2196.2801890442097
589.0	43.5	-20.285117939288433	-29.829918782284096	2196.4276930280116
590.0	43.5	-20.280216297663046	-29.658882344613183	2196.5686600279555
591.0	43.5	-20.278997718188	-205.04696652417041	2196.702750486126
592.0	43.5	-20.283324536133186	-30.71845689078231	2196.8218027385765
593.0	43.5	-20.287251243832877	-31.33001800159084	2196.91596168439
594.0	43.5	-20.290725993757757	-31.63330865918246	2196.990866075075
595.0	43.5	-20.293736961848804	-31.8069714176567	2197.050627045961
596.0	43.5	-20.29628787037567	-31.915569606738906	2197.0972128104836
597.0	43.5	-20.29839612513869	-31.983026703638178	2197.1323138236403
598.0	43.5	-20.30007620311993	-32.025637541958694	2197.1571890828095
599.0	43.5	-20.301352083371007	-32.051597237850956	2197.1724426183637
600.0	43.5	-20.30223923474252	-32.06810938124689	2197.1782552778704
601.0	43.5	-20.302755470197223	-32.078845539609745	2197.174728073002
602.0	43.5	-20.302921169555624	-32.088512790718084	2197.161886678106
603.0	43.5	-20.30274954748795	-32.099825100962356	2197.1394279925635
604.0	43.5	-20.302260486164545	-32.11320095074885	2197.1072726646153
605.0	43.5	-20.301465649892187	-32.12948807064217	2197.0652979163633
606.0	43.5	-20.30038529501836	-32.147771618489536	2197.0133355100147
607.0	43.5	-20.299079684971474	-32.170914903746656	2196.9514182915996
608.0	43.5	-20.297579200483973	-32.19585516733742	2196.8798292611486
609.0	44.0	-22.021798055879596	-32.2319759342659	2196.7990384956124
610.0	44.0	-22.021047754133015	-32.251929009263726	2196.7093980494164
611.0	44.0	-22.020113415215306	-32.26804126765762	2196.611318816278
612.0	44.0	-22.018968065629593	-32.279551728536546	2196.505127509216
613.0	44.0	-22.01754262425748	-32.28705860170826	2196.3916192971496
614.0	44.0	-22.015839934348534	-32.29135027846821	2196.270593599514
615.0	44.0	-22.01386124738522	-32.29463107682652	2196.142191001438
616.0	44.0	-22.011608721034705	-32.29703914607902	2196.0063224231594
617.0	44.0	-22.00908799419525	-32.30101514741124	2195.8630609166394
618.0	44.0	-22.00630049576105	-32.30756774079449	2195.7118985535362
619.0	44.0	-22.003250969572402	-32.31557767261201	2195.5527290358523
620.0	44.0	-21.999944273476842	-32.32335704786294	2195.385554169175
621.0	44.0	-21.996386801643613	-32.32942392341785	2195.2100162125057
622.0	44.0	-21.99258093290584	-32.33106155464036	2195.0266094852686
623.0	44.0	-21.988532817472326	-32.325193057872845	2194.8351356900084
624.0	44.0	-21.984251465648594	-32.310237134847604	2194.635973944179
625.0	44.0	-21.979741640560245	-32.28252689592403	2194.4297360044
626.0	44.0	-21.97500584189994	-32.23928704333751	2194.216518139654
627.0	44.0	-21.97005579015286	-32.18053372838716	2193.9968278430156
628.0	44.0	-21.964896537363842	-32.106870466592184	2193.770885933544
629.0	44.0	-21.959531286739	-32.02308953128763	2193.5390298530324
630.0	44.0	-21.95397641606532	-31.93171735502049	2193.3009962030333
631.0	44.0	-21.948235182915862	-31.833961965426674	2193.056726515397
632.0	44.0	-21.942318644149086	-31.7326696947332	2192.806261454019
633.0	44.0	-21.936231182505725	-31.62952261838635	2192.549262666008
634.0	44.0	-21.9299813316763	-31.526177967759356	2192.2854749923818
635.0	44.0	-21.923571469445214	-31.424342490884225	2192.014994606381
636.0	44.0	-21.917009922852007	-31.322670026752373	2191.737475312242
637.0	44.0	-21.91029993901766	-31.21935023552103	2191.452813140831
638.0	44.0	-21.90344992565964	-31.11477605600548	2191.161004952627
639.0	44.0	-21.896424306380005	-31.010810926132766	2190.862245092252
640.0	44.5	-23.351384277958882	-30.927399907932397	2190.5563610197946
641.0	44.5	-23.347024709913544	-30.81701231156856	2190.2442037879855
642.0	44.5	-23.342540910887948	-30.6996302625424	2189.9257614408516
643.0	44.5	-23.337887483797044	-30.573470469959144	2189.6015521877853
644.0	44.5	-23.333036267484125	-30.437379512482956	2189.271907151143
645.0	44.5	-23.327983461375915	-30.291212780705024	2188.9374145982324
646.0	44.5	-23.322728560645174	-30.135950506991303	2188.598439200128
647.0	44.5	-23.317188256265293	-29.972531716988325	2188.254741167555
648.0	44.5	-23.31136632612252	-29.801282021364862	2187.9067317645918
649.0	44.5	-23.30527202398266	-29.62205219863153	2187.553907418044
650.0	44.5	-23.29891528953986	-29.436772619834244	2187.1963181544315
651.0	44.5	-23.292304536596816	-29.24538214826272	2186.8337476367687
652.0	44.5	-23.285455699183036	-29.048577374826852	2186.466297295925
653.0	44.5	-23.27837430078965	-28.847826780537265	2186.093302151391
654.0	44.5	-23.30009090572335	-200.13277835920536	2185.6553938274105
655.0	44.5	-23.29494464305221	-30.11451458555464	2185.2868929829665
656.0	44.5	-23.290184927800905	-30.771871385243816	2184.8843877724607
657.0	44.5	-23.285648851557934	-31.092757153923017	2184.4594224987663
658.0	44.5	-23.281224732788647	-31.266014306888728	2184.0175312770825
659.0	44.5	-23.276835507162275	-31.37010889853498	2183.5613657488743
660.0	44.5	-23.272432458308888	-31.434289677366696	2183.0924400251424
661.0	44.5	-23.2679946949445	-31.473547632478382	2182.6124805354216
662.0	44.5	-23.26349414038923	-31.495363886884014	2182.1222253428195
663.0	44.5	-23.258899644616488	-31.5073365654303	2181.622577827226
664.0	44.5	-23.254195346992304	-31.512622409902733	2181.1136334594225
665.0	44.5	-23.249359180935855	-31.516134449329616	2180.596509386285
666.0	44.5	-23.244384299697714	-31.520838023776857	2180.0708340436154
667.0	44.5	-23.239259741819748	-31.52908439697508	2179.536926968345
668.0	44.5	-23.23395852368895	-31.53833496409186	2178.994843790639
669.0	44.5	-23.228482146559337	-31.548931494057555	2178.4450622946015
670.0	44.5	-23.22282596434608	-31.564044974734493	2177.887199320469
671.0	44.5	-23.21697646946096	-31.582730150082565	2177.321624383217
672.0	44.5	-23.210925067986828	-31.60107524710899	2176.748897346844
673.0	45.0	-22.322111128347878	-31.60793620660065	2176.169125762372
674.0	45.0	-22.31969162316331	-31.62022489526871	2175.5830518402518
675.0	45.0	-22.317118224241142	-31.628610947265184	2174.9908267144083
676.0	45.0	-22.314407781889685	-31.632573118511115	2174.393132491985
677.0	45.0	-22.311556602395413	-31.63207623013302	2173.790053999434
678.0	45.0	-22.308560129160792	-31.628866658968143	2173.182173933127
679.0	45.0	-22.30540472521981	-31.625306639513457	2172.5694725735875
680.0	45.0	-22.302091443683693	-31.62091440970992	2171.952079954685
681.0	45.0	-22.298618092442076	-31.61799720390592	2171.330163049771
682.0	45.0	-22.294987525328224	-31.617534185872355	2170.7031923693194
683.0	45.0	-22.291181458971913	-31.619035548019486	2170.07108376509
684.0	45.0	-22.287183921249706	-31.62085413594262	2169.434208332525
685.0	45.0	-22.28300213283859	-31.621348540950677	2168.7922432567334
686.0	45.0	-22.278623436365017	-31.62043575199776	2168.1451408017706
687.0	45.0	-22.274046690973176	-31.61496573198845	2167.4932576623983
688.0	45.0	-22.26927553073767	-31.60147729242033	2166.836721168891
689.0	45.0	-22.264318856613688	-31.578071241499384	2166.1758294771175
690.0	45.0	-22.259181071523162	-31.541469672949365	2165.5111189309746
691.0	45.0	-22.25386332891551	-31.493408321438196	2164.842832804032
692.0	45.0	-22.24836672605048	-31.431866761270182	2164.1709738125032
693.0	45.0	-22.24269967245035	-31.358149858730954	2163.495838213601
694.0	45.0	-22.23686062275527	-31.277640584997496	2162.8176041542574
695.0	45.0	-22.230844282629157	-31.19245316669179	2162.1356986867395
696.0	45.0	-22.224636256879034	-31.103996018578435	2161.450495608951
697.0	45.0	-22.21823778648216	-31.01326228189581	2160.7613946233723
698.0	45.0	-22.211627577769594	-30.92196404530446	2160.068131530525
699.0	45.0	-22.204799559548192	-30.83199619256645	2159.370313271251
700.0	45.0	-22.197751326644255	-30.744053039471243	2158.6676954872055
701.0	45.0	-22.190490216392757	-30.65710155917497	2157.960028540258
702.0	45.0	-22.18300794972383	-30.569606666035323	2157.2469859182975
703.0	45.0	-22.175299078092223	-30.48209656497166	2156.5287066619553
704.0	45.0	-22.167367835066297	-30.39530730676339	2155.8045742650597
705.0	45.5	-21.199038517106917	-30.304906989434905	2155.0751881250903
706.0	45.5	-21.196413478877624	-30.211867197476032	2154.340373940422
707.0	45.5	-21.193600782619548	-30.112524311110278	2153.600333016627
708.0	45.5	-21.190607033359747	-30.00520096608185	2152.8552444262236
709.0	45.5	-21.18743860980431	-29.88852419190685	2152.105453878091
710.0	45.5	-21.184097033282562	-29.76477836559874	2151.350823005926
711.0	45.5	-21.180577212390236	-29.634706867900746	2150.5918072465906
712.0	45.5	-21.176886422287158	-29.4973869094973	2149.828132440591
713.0	45.5	-21.173033572955116	-29.353560924370637	2149.0598196173387
714.0	45.5	-21.169023826612804	-29.203940936684536	2148.286893757776
715.0	45.5	-21.164863945445504	-29.04928727880391	2147.5087758837853
716.0	45.5	-21.160560376916035	-28.890920361568558	2146.7253651163296
717.0	45.5	-21.156114590587954	-28.72874723142428	2145.9360972017494
718.0	45.5	-21.151531733244965	-28.56435971998101	2145.140554385331
719.0	45.5	-21.147539921212225	-206.61180257161726	2144.3363607060187
720.0	45.5	-21.14985710349148	-29.45691317211112	2143.544220701367
721.0	45.5	-21.151851867924726	-30.101107512211897	2142.717424118149
722.0	45.5	-21.153504051676464	-30.422003035103973	2141.863621074001
723.0	45.5	-21.154797695226385	-30.595402123641847	2140.9883466728284
724.0	45.5	-21.1557467825671	-30.702136783736343	2140.094460427963
725.0	45.5	-21.15637779317475	-30.770283344552997	2139.184345065324
726.0	45.5	-21.156706802788552	-30.812915575934035	2138.2591761222056
727.0	45.5	-21.156746654342218	-30.837541449191956	2137.3198787523793
728.0	45.5	-21.156514146797832	-30.85052513976853	2136.367324092138
729.0	45.5	-21.155980323287416	-30.857763235810662	2135.4009460052375
730.0	45.5	-21.155144219918895	-30.86277737517162	2134.421227667314
731.0	45.5	-21.154015370356586	-30.867432190679462	2133.427737577888
732.0	45.5	-21.15260834573063	-30.87324663965247	2132.4208355302517
733.0	45.5	-21.150937305216008	-30.881754419523816	2131.4000774699466
734.0	45.5	-21.149010271364094	-30.891411845720395	2130.365838790241
735.0	45.5	-21.14683468338453	-30.90408424125717	2129.317891641216
736.0	45.5	-21.14441469701804	-30.920705101676386	2128.2560735802676
737.0	45.5	-21.141796098099423	-30.940704787285977	2127.180224468288
738.0	46.0	-22.743960478309578	-30.96551381450439	2126.090796843967
739.0	46.0	-22.74162274867467	-30.98512547632575	2124.9877847001417
740.0	46.0	-22.739138543719175	-31.00159657508015	2123.8717506632147
741.0	46.0	-22.73651153979513	-31.01403221204252	2122.742558111141
742.0	46.0	-22.73375012332545	-31.02260250724319	2121.600663542102
743.0	46.0	-22.730858786880372	-31.028016042048534	2120.446080941394
744.0	46.0	-22.727844271800198	-31.03215207608599	2119.278758339146
745.0	46.0	-22.724711201889786	-31.035804916182435	2118.098371241875
746.0	46.0	-22.721463756953955	-31.039219401948046	2116.905102862286
747.0	46.0	-22.71807665247564	-31.044608299899156	2115.6985145253657
748.0	46.0	-22.714545656994364	-31.0526331311779	2114.477888379742
749.0	46.0	-22.710878079354444	-31.063056527980375	2113.242966034585
750.0	46.0	-22.70707195726265	-31.07343482913685	2111.993541586065
751.0	46.0	-22.703130496690488	-31.08299599068497	2110.729309789477
752.0	46.0	-22.6990597817796	-31.08949407329668	2109.4500859258346
753.0	46.0	-22.694862537943106	-31.090345524677076	2108.155696506388
754.0	46.0	-22.69054346919195	-31.083018037897446	2106.8460917006787
755.0	46.0	-22.68604451174638	-31.067215078662475	2105.521420882638
756.0	46.0	-22.68133118898947	-31.03902687149725	2104.1816554691154
757.0	46.0	-22.676381559553878	-30.997674777540762	2102.826823103524
758.0	46.0	-22.67120521464151	-30.94304893781132	2101.4572546518093
759.0	46.0	-22.66580602756158	-30.876700877132492	2100.0725577541475
760.0	46.0	-22.66018964849646	-30.803191193046832	2098.672941930444
761.0	46.0	-22.654362583077976	-30.725014529194144	2097.257660580206
762.0	46.0	-22.648326365427472	-30.643092413001614	2095.8266134484916
763.0	46.0	-22.64208945103261	-30.559530168303365	2094.379202308958
764.0	46.0	-22.635655129664524	-30.47520915875876	2092.915113551415
765.0	46.0	-22.629018694822502	-30.391382497332447	2091.434372175677
766.0	46.0	-22.62217943597183	-30.31034312717417	2089.9362706969096
767.0	46.0	-22.615141002618458	-30.229119703507788	2088.420770449608
768.0	46.0	-22.607907068552674	-30.147653880938833	2086.8882894947924
769.0	46.0	-22.60048450003622	-30.06411438250281	2085.3385110562203
770.0	46.0	-22.59287521979728	-29.980817161652222	2083.7718971059803
771.0	46.5	-23.998090075085038	-29.906095718382655	2082.1889832410434
772.0	46.5	-23.99229805467882	-29.816208431550734	2080.5905775918886
773.0	46.5	-23.986347863191934	-29.720637571604136	2078.97739769551
774.0	46.5	-23.980241258528206	-29.617188745915723	2077.3508296358427
775.0	46.5	-23.973982376359093	-29.504549239357253	2075.711491071468
776.0	46.5	-23.96756985294532	-29.383144807235546	2074.0607914866855
777.0	46.5	-23.961010729360414	-29.25343436316857	2072.400134485467
778.0	46.5	-23.954306292684006	-29.115290030785456	2070.730476071261
779.0	46.5	-23.94745843447739	-28.96946298142437	2069.052815555839
780.0	46.5	-23.940473671174775	-28.817237221775308	2067.3689231016165
781.0	46.5	-23.933360744730056	-28.658491628032916	2065.67942817092
782.0	46.5	-23.92612078837989	-28.49493405533297	2063.985307877237
783.0	46.5	-23.91876231706808	-28.326131222995595	2062.2879382492033
784.0	46.5	-23.91124151964553	-28.153691600907848	2060.5883380649084
785.0	46.5	-23.92598970833222	-200.4815798932355	2058.861884257556
786.0	46.5	-23.91628483200968	-29.73438317825302	2057.204698302029
787.0	46.5	-23.907096378507628	-30.315457292570525	2055.513452984393
788.0	46.5	-23.89829347920322	-30.607123650416327	2053.8040459260383
789.0	46.5	-23.88977040560123	-30.779289014204423	2052.083488446873
790.0	46.5	-23.881453873941688	-30.893186223463672	2050.355735594969
791.0	46.5	-23.87326533411942	-30.97424255656567	2048.6237758093534
792.0	46.5	-23.86515519800491	-31.034435472108935	2046.8902340635423
793.0	46.5	-23.857051182648654	-31.078471315075706	2045.1565522020915
794.0	46.5	-23.848919578509392	-31.113228539411352	2043.4248247926328
795.0	46.5	-23.840736344828848	-31.14222612347742	2041.6955274884658
796.0	46.5	-23.832496361207834	-31.16972253956691	2039.969959149966
797.0	46.5	-23.824179581972697	-31.197238049329854	2038.2484803559112
798.0	46.5	-23.81577045751945	-31.226865515396103	2036.5318477811054
799.0	46.5	-23.807257966588022	-31.260366229023973	2034.8202890722916
800.0	46.5	-23.798626842622017	-31.29640603967429	2033.1137432487053
801.0	46.5	-23.7898730947458	-31.33260535604831	2031.4129496187047
802.0	46.5	-23.78097078254098	-31.371580987123135	2029.7177336534762
803.0	46.5	-23.771903226655184	-31.41376625950958	2028.0286053040759
804.0	47.0	-22.74123669732255	-31.44782643402885	2026.345501929887
805.0	47.0	-22.736148144097907	-31.487081940940268	2024.66886536349
806.0	47.0	-22.730981153274683	-31.522289900364875	2022.999270133117
807.0	47.0	-22.72573196447895	-31.553484758252623	2021.3367814939609
808.0	47.0	-22.72039983210711	-31.581964797450578	2019.6816977339954
809.0	47.0	-22.714972389255728	-31.607096655750148	2018.0344395811903
810.0	47.0	-22.70943780992062	-31.63203692216207	2016.3952220177525
811.0	47.0	-22.703814883240323	-31.65653936116683	2014.763536722382
812.0	47.0	-22.69810835426957	-31.681046598030683	2013.1389238035904
813.0	47.0	-22.692315701782395	-31.708035206547443	2011.5210048292518
814.0	47.0	-22.68643250775861	-31.73707367673208	2009.909527798952
815.0	47.0	-22.68045516530462	-31.767147193337873	2008.3040609452469
816.0	47.0	-22.6743380583323	-31.79867375408546	2006.7044190830086
817.0	47.0	-22.66805727775492	-31.828612904129113	2005.1102781371665
818.0	47.0	-22.661619522471256	-31.853156083354406	2003.52143591515
819.0	47.0	-22.655025351091407	-31.869085537012907	2001.9378641558867
820.0	47.0	-22.648275429354687	-31.876934171735467	2000.3593046767326
821.0	47.0	-22.64135242819048	-31.87309650527115	1998.7855548293574
822.0	47.0	-22.63425656223402	-31.85462315092235	1997.2167728255051
823.0	47.0	-22.626990551891218	-31.82139327099268	1995.6523906595205
824.0	47.0	-22.619560537500583	-31.77482736509965	1994.0917603494545
825.0	47.0	-22.61197287049937	-31.719410101816095	1992.5344176275473
826.0	47.0	-22.604246916405504	-31.65829651716214	1990.979411127747
827.0	47.0	-22.59635378794532	-31.594735025120627	1989.4256751911244
828.0	47.0	-22.588281805885686	-31.52986095360757	1987.87208557285
829.0	47.0	-22.580037953349205	-31.464129786152277	1986.3171744052795
830.0	47.0	-22.571625252730108	-31.39919245107415	1984.7591043199286
831.0	47.0	-22.56304770416053	-31.336871802321774	1983.1964748043654
832.0	47.0	-22.55429608717691	-31.27483220058381	1981.6275042549514
833.0	47.0	-22.545362728556142	-31.212310514354815	1980.0504068953173
834.0	47.0	-22.536229901610447	-31.148525687182687	1978.463298442585
835.0	47.0	-22.526882142499062	-31.084333632882466	1976.8641724470822
836.0	47.5	-21.398768036162615	-31.014233985029776	1975.251283611509
837.0	47.5	-21.395702721517946	-30.94084183323452	1973.6220223710109
838.0	47.5	-21.39252459742924	-30.859309275080232	1971.9742569008563
839.0	47.5	-21.38922619298604	-30.768794282828452	1970.3056190135114
840.0	47.5	-21.385800448826767	-30.66925861797193	1968.6132938097294
841.0	47.5	-21.382251856057273	-30.560220193394862	1966.89417582709
842.0	47.5	-21.378580961517883	-30.44214516206665	1965.1452114668386
843.0	47.5	-21.374791391826946	-30.31582479298314	1963.3630382491394
844.0	47.5	-21.370884286119626	-30.18177232469241	1961.5436536564407
845.0	47.5	-21.36684458725652	-30.041686015391534	1959.6833714190125
846.0	47.5	-21.362642914272104	-29.89657718677613	1957.7784001570776
847.0	47.5	-21.35828600137294	-29.745988333415177	1955.8244891904728
848.0	47.5	-21.35378066985818	-29.58934222329247	1953.8176754435324
849.0	47.5	-21.349131392684892	-208.73583491380197	1951.754167753977
850.0	47.5	-21.35091969196931	-30.585727650044383	1949.6925931883404
851.0	47.5	-21.35241250375495	-31.274099652137327	1947.534038620811
852.0	47.5	-21.353566685141853	-31.633787516334415	1945.282403792669
853.0	47.5	-21.35436801479341	-31.824626575360323	1942.9446609343565
854.0	47.5	-21.354818716523127	-31.93940797335005	1940.5243757387946
855.0	47.5	-21.35493202258573	-32.01129051639867	1938.024286910489
856.0	47.5	-21.354720139885593	-32.056156149261874	1935.4478643241048
857.0	47.5	-21.354201361713965	-32.08198158992163	1932.7999146991874
858.0	47.5	-21.353393403634072	-32.094669436268035	1930.0864134340668
859.0	47.5	-21.352304307366673	-32.10118175803479	1927.314960238742
860.0	47.5	-21.3509156790569	-32.1058811852806	1924.4949359051063
861.0	47.5	-21.34923338327561	-32.11107499076038	1921.6378264160414
862.0	47.5	-21.347265181354718	-32.117877583365285	1918.7568359586826
863.0	47.5	-21.345015952914366	-32.1286272581133	1915.867205705345
864.0	47.5	-21.342517190561086	-32.142706070228854	1912.9850384096799
865.0	47.5	-21.33983377682824	-32.159911727305406	1910.1285473052035
866.0	47.5	-21.336968129446657	-32.17996007479664	1907.3156261034153
867.0	48.0	-22.830691650688685	-32.20170787303164	1904.5639070850918
868.0	48.0	-22.828875354625417	-32.22333112159903	1901.8910566108073
869.0	48.0	-22.82690998534565	-32.24247773633203	1899.3123741272218
870.0	48.0	-22.824799838883166	-32.258634937320146	1896.8412840373117
871.0	48.0	-22.822546597208543	-32.27229087215667	1894.4878681751966
872.0	48.0	-22.820155125042135	-32.284514167833414	1892.2585896865196
873.0	48.0	-22.817629519021352	-32.29630949913754	1890.1569778843125
874.0	48.0	-22.814973872681485	-32.30866882770171	1888.1826056337256
875.0	48.0	-22.812174994358937	-32.32259639740624	1886.331979686311
876.0	48.0	-22.80915347050538	-32.34056424729321	1884.5994039373827
877.0	48.0	-22.805911528416765	-32.36352706877706	1882.977120401793
878.0	48.0	-22.802453519555986	-32.39124375893804	1881.4556429904358
879.0	48.0	-22.79878729584836	-32.42091888085094	1880.0256341686872
880.0	48.0	-22.794924533260623	-32.45099160216025	1878.6774851519638
881.0	48.0	-22.790874032302046	-32.478876883419694	1877.4020525498674
882.0	48.0	-22.78664593847499	-32.50122859290658	1876.1909737532924
883.0	48.0	-22.782246032242153	-32.51523051417195	1875.0367345585157
884.0	48.0	-22.777680837978863	-32.51943205890671	1873.9325817641661
885.0	48.0	-22.77293820323495	-32.51033425494265	1872.8732457677793
886.0	48.0	-22.76794999297313	-32.48755712330585	1871.8538775080422
887.0	48.0	-22.762722237965285	-32.450488935055915	1870.870706748806
888.0	48.0	-22.757258265597663	-32.401724010331044	1869.9206969868517
889.0	48.0	-22.751537918304066	-32.346724816987816	1869.0013366537685
890.0	48.0	-22.745556382790397	-32.28787720869686	1868.1106647295785
891.0	48.0	-22.739323567340755	-32.226536064611714	1867.2465381205143
892.0	48.0	-22.73284741623714	-32.16452099322916	1866.4080425772613
893.0	48.0	-22.726133053300625	-32.102783040822516	1865.593939427838
894.0	48.0	-22.719190709358575	-32.04345527597261	1864.8037171206213
895.0	48.0	-22.712020857982374	-31.98553592152122	1864.0364823071295
896.0	48.0	-22.704637311418047	-31.9266228247531	1863.2920371325558
897.0	48.0	-22.69703545179155	-31.865659596215142	1862.5702945492837
898.0	48.0	-22.689180587589224	-31.805353154100388	1861.8711179176635
899.0	48.5	-23.97950810050621	-31.752746395888238	1861.1947499468226
900.0	48.5	-23.973773215103904	-31.684885321916948	1860.540889163677
901.0	48.5	-23.967857808760687	-31.608402712980467	1859.90962185171
902.0	48.5	-23.961760324196586	-31.521114141266892	1859.3013723762808
903.0	48.5	-23.955476745045722	-31.422052845479804	1858.7156801683059
904.0	48.5	-23.949009426904258	-31.312529164568716	1858.1529111296825
905.0	48.5	-23.942362115872243	-31.191918128734464	1857.612675904055
906.0	48.5	-23.935541818893682	-31.061514100057234	1857.0945486011553
907.0	48.5	-23.928554476152275	-30.9223488643137	1856.5984013014124
908.0	48.5	-23.92140455407823	-30.774687738888478	1856.1232116969684
909.0	48.5	-23.914101836763205	-30.620617930430903	1855.6689138088127
910.0	48.5	-23.90659653090344	-30.460486744110447	1855.2344828559299
911.0	48.5	-23.898854959347737	-30.294366563927703	1854.819088066479
912.0	48.5	-24.081681173520867	-124.06657543469443	1854.401060668419
913.0	48.5	-24.07430610787911	-32.10958941257257	1854.03689087729
914.0	48.5	-24.06736889517154	-32.7489190661396	1853.643503419711
915.0	48.5	-24.060748541760674	-33.08067757106513	1853.2406966549781
916.0	48.5	-24.054319387261938	-33.28420119680478	1852.8367509152406
917.0	48.5	-24.04799803634143	-33.423845177190664	1852.4358469515516
918.0	48.5	-24.04172568827436	-33.52507572981504	1852.0402407985944
919.0	48.5	-24.035468962733503	-33.601808736484436	1851.6516253348882
920.0	48.5	-24.02919472014915	-33.66472760539272	1851.270888496501
921.0	48.5	-24.02287262972709	-33.72102212970138	1850.8984048525988
922.0	48.5	-24.016456853538497	-33.77485833620373	1850.534917272033
923.0	48.5	-24.009919436268916	-33.829426613682195	1850.1802696165491
924.0	48.5	-24.00324892958027	-33.89260132932088	1849.8345950714577
925.0	48.5	-23.99643513479624	-33.95884290647678	1849.4975732908313
926.0	48.5	-23.989446936249237	-34.026527411393474	1849.1693720113578
927.0	48.5	-23.982272622981192	-34.097442349883444	1848.8500253177876
928.0	48.5	-23.974910160995332	-34.17352038301825	1848.5398077313846
929.0	49.0	-22.785135071038724	-34.229960062051894	1848.238682206439
930.0	49.0	-22.78087068753512	-34.303705300051234	1847.9472616374271
931.0	49.0	-22.77649756051681	-34.37509035557247	1847.6659047324258
932.0	49.0	-22.772009606151176	-34.44224431924579	1847.3952467700676
933.0	49.0	-22.767394955637286	-34.505548139097826	1847.1353088907972
934.0	49.0	-22.762666064405888	-34.56523349159955	1846.886313797716
935.0	49.0	-22.75782764189436	-34.62388355989674	1846.648903928028
936.0	49.0	-22.752873084459136	-34.68257007596718	1846.4221975556839
937.0	49.0	-22.747796219841856	-34.742995294802455	1846.206466781246
938.0	49.0	-22.742559717822324	-34.80995058787463	1846.000998264682
939.0	49.0	-22.737130189006535	-34.88081404017694	1845.8052605775479
940.0	49.0	-22.73151486134518	-34.95119818298616	1845.619241099057
941.0	49.0	-22.725712529607065	-35.019911994207135	1845.4431809185212
942.0	49.0	-22.719721735449422	-35.08305650448203	1845.2764066186153
943.0	49.0	-22.713545651081528	-35.135116778512916	1845.1195458984325
944.0	49.0	-22.707184737291282	-35.172415314840705	1844.9728162244878
945.0	49.0	-22.70064109847544	-35.19179811198361	1844.8364294136416
946.0	49.0	-22.693913437191995	-35.19102557964799	1844.7110325366637
947.0	49.0	-22.687005206446344	-35.1704739180263	1844.5967186964435
948.0	49.0	-22.679872644488004	-35.13518146900998	1844.493729601304
949.0	49.0	-22.672497887477107	-35.09189621604215	1844.4014780376563
950.0	49.0	-22.66489024515806	-35.04376968504268	1844.3197898988967
951.0	49.0	-22.657061090960646	-34.99347534190153	1844.2480497749666
952.0	49.0	-22.649009578730784	-34.94259493759213	1844.1856179742533
953.0	49.0	-22.640723916689833	-34.89461408640621	1844.132160286046
954.0	49.0	-22.632206971869557	-34.85038168357837	1844.0871428888568
955.0	49.0	-22.623447682417073	-34.805996027489094	1844.0503634161453
956.0	49.0	-22.614443249407863	-34.76024129291655	1844.021756353128
957.0	49.0	-22.6051924363639	-34.71355390341244	1844.0011035276384
958.0	49.5	-22.766049691377894	-34.663783617508265	1843.988408638502
959.0	49.5	-22.764567692622848	-34.608687754854216	1843.9840281742736
960.0	49.5	-22.762942866987956	-34.54253516480796	1843.987759924925
961.0	49.5	-22.76117278306676	-34.463431247947	1844.0002500177518
962.0	49.5	-22.759260057008913	-34.37088378944676	1844.0213207710035
963.0	49.5	-22.757203195376626	-34.26583346280788	1844.0512384625638
964.0	49.5	-22.75499986719181	-34.1500451829835	1844.0897424855089
965.0	49.5	-22.752651621605043	-34.02398897984758	1844.1368124815308
966.0	49.5	-22.75011939940734	-33.88846394703059	1844.191587308972
967.0	49.5	-22.747390460730642	-33.74495464604137	1844.254235751791
968.0	49.5	-22.744478145088173	-33.595582360731534	1844.3241373987296
969.0	49.5	-22.741415031064523	-33.442766046326376	1844.400435811934
970.0	49.5	-22.738203244504813	-33.28364982206116	1844.4831582439676
971.0	49.5	-22.7402326375784	-212.0109651462808	1844.5983480927757
972.0	49.5	-22.74275160270887	-35.5219176782955	1844.6936187962872
973.0	49.5	-22.745018599019684	-35.97848087224099	1844.7771135731973
974.0	49.5	-22.74697539217467	-36.22054080806536	1844.8581462484417
975.0	49.5	-22.748602433213097	-36.368422619943935	1844.939991577591
976.0	49.5	-22.749885321955578	-36.46551972417501	1845.0238567746944
977.0	49.5	-22.750784490417743	-36.53356125083613	1845.1099495487213
978.0	49.5	-22.751317060941265	-36.5865896570406	1845.198298519113
979.0	49.5	-22.751488732560418	-36.635356154672024	1845.2883244678542
980.0	49.5	-22.75130484986783	-36.68617791634461	1845.3797576268882
981.0	49.5	-22.75082911874576	-36.74824178674422	1845.4715543264915
982.0	49.5	-22.75010790964831	-36.82486397510449	1845.563316635214
983.0	49.5	-22.74914266375218	-36.90331185015524	1845.6544317537994
984.0	49.5	-22.747931775748324	-36.987438486928866	1845.744969175023
985.0	49.5	-22.746477566324426	-37.07579770137521	1845.8349094371556
986.0	50.0	-23.994855895632075	-37.16892118618262	1845.9245572539678
987.0	50.0	-23.9947118071619	-37.25455309544136	1846.0143403906927
988.0	50.0	-23.99434756146724	-37.33717873677223	1846.1047552476455
989.0	50.0	-23.993741454522265	-37.41483583195599	1846.196676416038
990.0	50.0	-23.99280497915728	-37.488467081961375	1846.2901870383077
991.0	50.0	-23.991535172689773	-37.559369520202	1846.385535329525
992.0	50.0	-23.98993890796019	-37.631014545847364	1846.4825874663757
993.0	50.0	-23.988024305627302	-37.70388326016957	1846.5810371584532
994.0	50.0	-23.985808410602115	-37.78212380154336	1846.680219271846
995.0	50.0	-23.983298179834005	-37.86465296209365	1846.7798836486413
996.0	50.0	-23.980512049767285	-37.94777446848966	1846.879547865335
997.0	50.0	-23.977464325737117	-38.02733192248578	1846.979782073164
998.0	50.0	-23.974072066709223	-38.097412079469	1847.0799120957213
999.0	50.0	-23.97032609613876	-38.1525272813722	1847.1806561404335
1000.0	50.0	-23.96621399721111	-38.18740844396925	1847.2824807736092
1001.0	50.0	-23.96172194688814	-38.19890359817081	1847.3860469001957
1002.0	50.0	-23.95685816177571	-38.183806473900674	1847.4921235670727
1003.0	50.0	-23.951637964588294	-38.14503693429498	1847.6008198062339
1004.0	50.0	-23.946069325800686	-38.088118087549894	1847.7120140090396
1005.0	50.0	-23.940165119013628	-38.02339317251154	1847.8256393215145
1006.0	50.0	-23.93393479925915	-37.95449794731706	1847.9409734574613
1007.0	50.0	-23.927392838037424	-37.88447649080394	1848.057912155114
1008.0	50.0	-23.920549337025967	-37.81528958953738	1848.175526015682
1009.0	50.0	-23.91339646359357	-37.75124388648093	1848.2938856148041
1010.0	50.0	-23.905897166659418	-37.688306798710535	1848.4125725028896
1011.0	50.0	-23.89804650930325	-37.62355360345968	1848.5317584200764
1012.0	50.0	-23.889834986464997	-37.5575972122032	1848.6514713969839
1013.0	50.5	-22.637073701162887	-37.46525900144166	1848.7720007891958
1014.0	50.5	-22.62998466378327	-37.38224133628137	1848.8937822831153
1015.0	50.5	-22.622638842404655	-37.282942276988365	1849.0176042173603
1016.0	50.5	-22.615043727559144	-37.16479867442674	1849.1438041917704
1017.0	50.5	-22.607204287556495	-37.028848399402094	1849.2728814319446
1018.0	50.5	-22.599132805383512	-36.87526545808924	1849.40503320534
1019.0	50.5	-22.59076687191674	-36.70666678094215	1849.540315647609
1020.0	50.5	-22.58200065527962	-36.5256027716455	1849.6785227437808
1021.0	50.5	-22.572850477161705	-36.33165705696945	1849.8190278461384
1022.0	50.5	-22.56333560702723	-36.12687740753934	1849.962055669917
1023.0	50.5	-22.553467337095306	-35.90999809991706	1850.1067098709682
1024.0	50.5	-22.543232352951023	-35.68309850129501	1850.2526080919336
1025.0	50.5	-22.578470250019457	-242.01270943295015	1850.388549435616
1026.0	50.5	-22.569120534087286	-38.44349799748417	1850.5512232975407
1027.0	50.5	-22.56012721006274	-39.03000120439603	1850.6900541169791
1028.0	50.5	-22.551311328130385	-39.32539091569351	1850.8239010583652
1029.0	50.5	-22.542579076183998	-39.49348184092677	1850.9573975644869
1030.0	50.5	-22.53386080835468	-39.59676047484271	1851.0921610721973
1031.0	50.5	-22.525102497216412	-39.66781507673551	1851.2278249832762
1032.0	50.5	-22.516266380902366	-39.72631212262599	1851.3641299613714
1033.0	50.5	-22.507302343792222	-39.786253046166934	1851.5003512538246
1034.0	50.5	-22.498170600628896	-39.85878625473374	1851.6356797241997
1035.0	50.5	-22.488855930958195	-39.945204319976334	1851.7696471883785
1036.0	50.5	-22.47934676369884	-40.03901445662283	1851.9020440380914
1037.0	50.5	-22.469632356750285	-40.13715548570617	1852.0328535300764
1038.0	50.5	-22.459696229574746	-40.2396643202763	1852.1626124243035
1039.0	51.0	-21.120777870656074	-40.3240074644793	1852.292365619711
1040.0	51.0	-21.11443868631294	-40.425591041311534	1852.4220941751948
1041.0	51.0	-21.107962591594564	-40.52154809041627	1852.5530611195463
1042.0	51.0	-21.10134489857465	-40.61015412528983	1852.6861685985277
1043.0	51.0	-21.094578314439296	-40.69311145714315	1852.8213656684002
1044.0	51.0	-21.087620652919814	-40.776698632590204	1852.9593278790394
1045.0	51.0	-21.08043011725041	-40.86504999641464	1853.0997240044446
1046.0	51.0	-21.073013735660957	-40.95918136023648	1853.2423034218884
1047.0	51.0	-21.06537334370468	-41.05952424538864	1853.386481999015
1048.0	51.0	-21.057511631011	-41.163836304205454	1853.5322050030682
1049.0	51.0	-21.04942651616946	-41.26430988927092	1853.679638710936
1050.0	51.0	-21.041102125581496	-41.35254760748809	1853.8291399355
1051.0	51.0	-21.032538617181363	-41.419998124569965	1853.9809473065834
1052.0	51.0	-21.023718007576303	-41.46243457560491	1854.136511778178
1053.0	51.0	-21.014613053570358	-41.47422321596893	1854.296197267304
1054.0	51.0	-21.00522753598603	-41.45351131715687	1854.4607676843068
1055.0	51.0	-20.995569591341805	-41.40555231775843	1854.6309935274792
1056.0	51.0	-20.985658004672732	-41.341318975923535	1854.8066586382517
1057.0	51.0	-20.97544071403871	-41.271780184302074	1854.9872103434627
1058.0	51.0	-20.964897923123402	-41.20165506428659	1855.1723352924532
1059.0	51.0	-20.954034365189393	-41.133610101335755	1855.3612953777877
1060.0	51.0	-20.942852551555426	-41.07319656021489	1855.5535923248026
1061.0	51.0	-20.931353321863856	-41.01539882181131	1855.7486048238086
1062.0	51.0	-20.919537565432137	-40.95598043658993	1855.9462061522963
1063.0	51.0	-20.907375664848153	-40.89673670197821	1856.1465223239843
1064.0	51.5	-22.448870366686837	-40.843852866574174	1856.3497835643607
1065.0	51.5	-22.44646943727279	-40.765208946634985	1856.5564050045018
1066.0	51.5	-22.44381607629988	-40.668186299635835	1856.7673865376914
1067.0	51.5	-22.440913121368038	-40.55064542597856	1856.9829686275498
1068.0	51.5	-22.437768974999205	-40.4142968463288	1857.2035627011599
1069.0	51.5	-22.43438780554391	-40.259794002730835	1857.4291906035064
1070.0	51.5	-22.430753288618273	-40.09229069511027	1857.6595802444565
1071.0	51.5	-22.426887855027474	-39.91550118972588	1857.8940948905072
1072.0	51.5	-22.42280307948353	-39.72807128942078	1858.132470400846
1073.0	51.5	-22.41849811287326	-39.52903966241808	1858.3738148289183
1074.0	51.5	-22.413979387368514	-39.317831946054405	1858.6176032322137
1075.0	51.5	-22.409934309801546	-214.70115205229015	1858.862551914514
1076.0	51.5	-22.411848172174736	-41.054194230239254	1859.1220363959033
1077.0	51.5	-22.41347996670744	-41.975599373462735	1859.3491544341862
1078.0	51.5	-22.414728261002335	-42.42474872609085	1859.5680522293146
1079.0	51.5	-22.415538254159717	-42.64177239650166	1859.7867108604955
1080.0	51.5	-22.41588627620222	-42.75392570589498	1860.0071751787486
1081.0	51.5	-22.4157730133153	-42.81993795237634	1860.2294561617264
1082.0	51.5	-22.415258728344885	-42.874952964169275	1860.4525612962827
1083.0	51.5	-22.414401935152124	-42.939426146432375	1860.6749861201085
1084.0	51.5	-22.41320037742315	-43.02468438739269	1860.8955956302912
1085.0	51.5	-22.411576736060816	-43.12440013011962	1861.1134581186154
1086.0	51.5	-22.40953950283179	-43.22892740990231	1861.3280823040282
1087.0	51.5	-22.407101314644702	-43.345738702112655	1861.5390895695755
1088.0	52.0	-23.809284414574023	-43.477603616672276	1861.7468894212561
1089.0	52.0	-23.807748759565307	-43.594617460793096	1861.952083565722
1090.0	52.0	-23.805804718746142	-43.707528830932446	1862.1553373220984
1091.0	52.0	-23.803464787833715	-43.812295740920874	1862.3573968221938
1092.0	52.0	-23.80073978472713	-43.91127029910041	1862.5584334416978
1093.0	52.0	-23.797639744328837	-44.01117145971925	1862.7586431954328
1094.0	52.0	-23.794051680567975	-44.115549239026635	1862.957393320459
1095.0	52.0	-23.78992510986195	-44.228650551662504	1863.154313096955
1096.0	52.0	-23.78527281192792	-44.34874586954647	1863.348602318593
1097.0	52.0	-23.780110818006182	-44.469011630863044	1863.5397506219642
1098.0	52.0	-23.77445306786664	-44.58041072125284	1863.7273841515096
1099.0	52.0	-23.768312920168537	-44.671311687406956	1863.9124951648582
1100.0	52.0	-23.761707914688174	-44.73085235516963	1864.0957005748944
1101.0	52.0	-23.754654503372876	-44.75342394806268	1864.2776458432977
1102.0	52.0	-23.747165120192665	-44.733772027779274	1864.4593341350737
1103.0	52.0	-23.73924896235015	-44.67685669667744	1864.6410477364323
1104.0	52.0	-23.730907493171312	-44.59520679398464	1864.8230673050296
1105.0	52.0	-23.722159022248185	-44.50499990141959	1865.0044039367867
1106.0	52.0	-23.712967431389096	-44.41406910610191	1865.1849623394753
1107.0	52.0	-23.703320366768665	-44.328071787184626	1865.3636655448674
1108.0	52.0	-23.693216779204327	-44.252224333711666	1865.5398378342138
1109.0	52.0	-23.682658564470596	-44.17835099083997	1865.7132970642413
1110.0	52.0	-23.671652123867705	-44.10053531790605	1865.883884449829
1111.0	52.5	-22.444598773077672	-43.998470029874525	1866.0520609080568
1112.0	52.5	-22.434372536421222	-43.90618370599533	1866.2185621193303
1113.0	52.5	-22.42367987576743	-43.79229856110469	1866.3842656544186
1114.0	52.5	-22.412471133598448	-43.65143248882808	1866.549428724137
1115.0	52.5	-22.400768169620047	-43.48301659789705	1866.7154874828182
1116.0	52.5	-22.388588469384725	-43.28868324363585	1866.8826870915173
1117.0	52.5	-22.375945114544262	-43.071707139540216	1867.0516071492184
1118.0	52.5	-22.362819414875666	-42.83533684619686	1867.2214600570007
1119.0	52.5	-22.34920949502641	-42.580929633031296	1867.3920651564422
1120.0	52.5	-22.335113020926613	-42.311558999622726	1867.5627326297722
1121.0	52.5	-22.320552954360597	-42.02481364828473	1867.733118804693
1122.0	52.5	-22.350095316914192	-243.33115342835873	1867.859426649553
1123.0	52.5	-22.336683512215473	-44.58030954494883	1868.0604784885795
1124.0	52.5	-22.323639758779347	-45.52702982457234	1868.217232688734
1125.0	52.5	-22.31082087431456	-45.97959669418437	1868.3645907402263
1126.0	52.5	-22.298069324608154	-46.184405302472406	1868.5122404162985
1127.0	52.5	-22.285295359532462	-46.28655422011231	1868.6620930420763
1128.0	52.5	-22.272428146108467	-46.35541674702727	1868.8134441930536
1129.0	52.5	-22.259417435192713	-46.42764001844236	1868.9653085089858
1130.0	52.5	-22.246193080342675	-46.52839424885699	1869.1153526407572
1131.0	52.5	-22.232721661455024	-46.64807025958467	1869.2623749512095
1132.0	52.5	-22.218973855929374	-46.775734798448624	1869.4062031251071
1133.0	52.5	-22.20491975436983	-46.91896311917196	1869.5468427615413
1134.0	53.0	-20.911981302732258	-47.05092935843745	1869.6853299496813
1135.0	53.0	-20.90250381366576	-47.19504954404052	1869.8226336059151
1136.0	53.0	-20.892779287758586	-47.331263012862365	1869.960393743252
1137.0	53.0	-20.882782928175555	-47.460257946102956	1870.0995217606155
1138.0	53.0	-20.87251351460241	-47.58587950729203	1870.2409778055192
1139.0	53.0	-20.861983120316303	-47.71597220347084	1870.3842880365507
1140.0	53.0	-20.851218126530025	-47.855996975304784	1870.5293901151804
1141.0	53.0	-20.84021235226858	-48.00895176972641	1870.6753502251026
1142.0	53.0	-20.828944919207338	-48.16693152911171	1870.8218311954483
1143.0	53.0	-20.8174134498072	-48.31666438388154	1870.9688191502255
1144.0	53.0	-20.805570411155603	-48.44311495654741	1871.1171838936884
1145.0	53.0	-20.79337056265217	-48.530296954953414	1871.2684122804596
1146.0	53.0	-20.780811350839336	-48.570143816250464	1871.4238193963322
1147.0	53.0	-20.767888385892142	-48.5569532795243	1871.5844985797546
1148.0	53.0	-20.754570858932333	-48.499196504716195	1871.7517699115372
1149.0	53.0	-20.74085810816628	-48.41572662469485	1871.9248427862562
1150.0	53.0	-20.72673009827989	-48.32584340998461	1872.1039033510338
1151.0	53.0	-20.712183411347706	-48.23905492430448	1872.2875218831239
1152.0	53.0	-20.69719339776805	-48.16261312805978	1872.47475473096
1153.0	53.0	-20.681719600358534	-48.09738975075926	1872.6647092711587
1154.0	53.0	-20.665756456049763	-48.03189377218092	1872.8571117635938
1155.0	53.5	-22.237017548134553	-47.98844120610682	1873.0521076829978
1156.0	53.5	-22.232032205049872	-47.91201067531328	1873.2502270295772
1157.0	53.5	-22.226711361293162	-47.81273204285601	1873.452453460062
1158.0	53.5	-22.221068416396	-47.68358585568107	1873.65989712702
1159.0	53.5	-22.21514952730433	-47.52991366325122	1873.873627405412
1160.0	53.5	-22.208992118615168	-47.34926299089015	1874.0940413184767
1161.0	53.5	-22.20259687865027	-47.14640343046268	1874.3207153533672
1162.0	53.5	-22.19591191080311	-46.92310705115675	1874.552882265898
1163.0	53.5	-22.188896764097873	-46.68356735121891	1874.7890809446296
1164.0	53.5	-22.181547319579813	-46.42474507477919	1875.0280990642282
1165.0	53.5	-22.173862344267963	-46.14429281345393	1875.2687439346164
1166.0	53.5	-22.166666392262783	-217.34472176667123	1875.509762726907
1167.0	53.5	-22.16678622993346	-48.29000713393837	1875.756356673924
1168.0	53.5	-22.166367048346576	-49.2839698525682	1875.966929502601
1169.0	53.5	-22.165351833959633	-49.723707748766024	1876.173402400928
1170.0	53.5	-22.16378684180362	-49.898503436038595	1876.382572076804
1171.0	53.5	-22.16170158707597	-49.98181732189732	1876.594677189144
1172.0	53.5	-22.159096523623376	-50.051240835687295	1876.8073148708684
1173.0	53.5	-22.155963989163816	-50.157403218298555	1877.0178883425822
1174.0	53.5	-22.152265744070107	-50.289020231079036	1877.2239379816508
1175.0	53.5	-22.148004406736018	-50.434127494939695	1877.424185041721
1176.0	53.5	-22.14317612422377	-50.596662650647126	1877.618768125491
1177.0	54.0	-23.575602545321498	-50.78470678006612	1877.8081726392254
1178.0	54.0	-23.570668750326742	-50.949965967059704	1877.992984811272
1179.0	54.0	-23.565016888037004	-51.10661031263146	1878.1745361932906
1180.0	54.0	-23.55866132511248	-51.254664478631206	1878.353693654771
1181.0	54.0	-23.55159440309202	-51.40406358329485	1878.530038789601
1182.0	54.0	-23.543835346851477	-51.563452167568656	1878.7026376994631
1183.0	54.0	-23.53540593916218	-51.73854256945125	1878.8702567701628
1184.0	54.0	-23.52632747778741	-51.92385139578075	1879.0317113517372
1185.0	54.0	-23.51662402849	-52.103594415238014	1879.1861746435834
1186.0	54.0	-23.506321661035766	-52.25807610077679	1879.3343038941202
1187.0	54.0	-23.495446145530487	-52.364388522911405	1879.477153354618
1188.0	54.0	-23.48402141045112	-52.409372459202935	1879.6159812905032
1189.0	54.0	-23.472073078228046	-52.386315882089214	1879.7526084299059
1190.0	54.0	-23.459582460294268	-52.30650871291436	1879.8883775963732
1191.0	54.0	-23.44653026730195	-52.197966380713524	1880.022750112406
1192.0	54.0	-23.432833887768403	-52.086901805563066	1880.1550567676345
1193.0	54.0	-23.418449397085556	-51.98366099598982	1880.2838139848152
1194.0	54.0	-23.403376418280118	-51.89803945241679	1880.4075638078637
1195.0	54.0	-23.38736668154984	-51.82005304764294	1880.5257225655375
1196.0	54.0	-23.370373860560154	-51.7395414096094	1880.638620039224
1197.0	54.5	-22.185734631792343	-51.63519023173171	1880.7467745796491
1198.0	54.5	-22.169243226194887	-51.521170672272326	1880.85196231752
1199.0	54.5	-22.152125415513634	-51.36820918629304	1880.9558361904749
1200.0	54.5	-22.134399992755093	-51.17404691135163	1881.0602307708368
1201.0	54.5	-22.116094528124915	-50.94070203600158	1881.1658679735083
1202.0	54.5	-22.097223525831613	-50.673598561623734	1881.272957078907
1203.0	54.5	-22.077789187888914	-50.37775939630438	1881.3806906724594
1204.0	54.5	-22.05780003876816	-50.058549347088075	1881.4887058916281
1205.0	54.5	-22.037269953808345	-49.71008878211435	1881.596892456788
1206.0	54.5	-22.016166497271193	-49.32812264684165	1881.704971711685
1207.0	54.5	-22.024934403367215	-245.09839738887226	1881.762439525642
1208.0	54.5	-22.005145204130635	-52.465011614402336	1881.8770661516012
1209.0	54.5	-21.98555774097148	-53.4480052150912	1881.9506631827985
1210.0	54.5	-21.965998303292004	-53.83256012393898	1882.021824163755
1211.0	54.5	-21.946371838824508	-53.968536533940394	1882.097694725417
1212.0	54.5	-21.926603562890786	-54.047570366386594	1882.1771354568777
1213.0	54.5	-21.90662178034621	-54.163025366734765	1882.2569347437986
1214.0	54.5	-21.886376405254577	-54.31461512117272	1882.3343622386208
1215.0	54.5	-21.865780561732137	-54.48990575494317	1882.4083038475517
1216.0	55.0	-20.55485948413404	-54.67925131715432	1882.4790254236295
1217.0	55.0	-20.541119808909507	-54.879818404031816	1882.5477707404295
1218.0	55.0	-20.527155596797567	-55.08155903429109	1882.6165924286997
1219.0	55.0	-20.512952562155018	-55.272330768229494	1882.6876605189784
1220.0	55.0	-20.498481209445345	-55.4571385559075	1882.7623110249115
1221.0	55.0	-20.48366463369289	-55.65371968000964	1882.8408683982993
1222.0	55.0	-20.468488466330864	-55.8679227081088	1882.9226477467312
1223.0	55.0	-20.452904951256873	-56.10281840788402	1883.0059065437827
1224.0	55.0	-20.436826941614317	-56.3403312546069	1883.0905703797048
1225.0	55.0	-20.420246109975736	-56.555519018026814	1883.1768722371598
1226.0	55.0	-20.40316550479801	-56.71612766752879	1883.2668935828117
1227.0	55.0	-20.385560692489506	-56.799561456980676	1883.3629857773826
1228.0	55.0	-20.36742077811763	-56.79674961761852	1883.4670310573226
1229.0	55.0	-20.348750579115986	-56.72091633279754	1883.5808799595195
1230.0	55.0	-20.32955715833234	-56.60796027681787	1883.704474204459
1231.0	55.0	-20.30984808668493	-56.494145595333315	1883.8359044988479
1232.0	55.0	-20.289606338828754	-56.39526005652819	1883.9726386620998
1233.0	55.0	-20.268844210037205	-56.32206713535252	1884.1133657976698
1234.0	55.0	-20.247619179184525	-56.25342383364235	1884.2571007877875
1235.0	55.5	-20.563900844833093	-56.20816550433268	1884.4042053648739
1236.0	55.5	-20.554022511145398	-56.126073897615704	1884.5555911445676
1237.0	55.5	-20.543840404179743	-56.0107248641754	1884.7130843812015
1238.0	55.5	-20.533160325670938	-55.84897034951661	1884.877847688833
1239.0	55.5	-20.521974035022957	-55.64518766530358	1885.0500462870916
1240.0	55.5	-20.510288209060846	-55.40478818687811	1885.2296174840121
1241.0	55.5	-20.498111786498573	-55.13534126346433	1885.4146296351412
1242.0	55.5	-20.485449703331533	-54.839608931139054	1885.602938684506
1243.0	55.5	-20.472311593713844	-54.51386747803106	1885.79213312389
1244.0	55.5	-20.45870221871739	-54.14917541415589	1885.9808498144757
1245.0	55.5	-20.4446271727003	-53.72568993483178	1886.1679896377304
1246.0	55.5	-20.441161796321392	-222.6058280056873	1886.3314516461876
1247.0	55.5	-20.43807474809381	-57.61137777013411	1886.4524691680729
1248.0	55.5	-20.43420664830011	-58.06207895334241	1886.5694591154959
1249.0	55.5	-20.42950134049707	-58.18532531346567	1886.69033839493
1250.0	55.5	-20.423802480342623	-58.26236243115499	1886.8113614857734
1251.0	55.5	-20.417085150276968	-58.39478128137099	1886.9272650885023
1252.0	55.5	-20.409358593908706	-58.574524309850375	1887.0338123761044
1253.0	55.5	-20.40063537975195	-58.791911058208235	1887.1291782939868
1254.0	56.0	-22.055217021088257	-59.05027033590293	1887.2137541297654
1255.0	56.0	-22.045184812503084	-59.27068477977101	1887.2890991797974
1256.0	56.0	-22.03422515371489	-59.48119397440459	1887.356904741012
1257.0	56.0	-22.022364745038903	-59.69263862207155	1887.4183097085581
1258.0	56.0	-22.00964223035691	-59.915630864307836	1887.4721879429892
1259.0	56.0	-21.996096024671044	-60.16141847981287	1887.5172645839066
1260.0	56.0	-21.981769921569814	-60.43543162784603	1887.550509293698
1261.0	56.0	-21.966705922260108	-60.71113024930025	1887.5705056554536
1262.0	56.0	-21.950946785554613	-60.95307033134686	1887.577929760646
1263.0	56.0	-21.93441325978685	-61.11723751183014	1887.5748258265198
1264.0	56.0	-21.91702650992198	-61.17723523569529	1887.56502510697
1265.0	56.0	-21.898754018264068	-61.12970774750896	1887.550981783046
1266.0	56.0	-21.879609999352407	-61.004586655028916	1887.5339036552489
1267.0	56.0	-21.859445162820123	-60.859958759210706	1887.5126010408935
1268.0	56.0	-21.838129267650377	-60.730173450467575	1887.4841044469897
1269.0	56.0	-21.81567859499176	-60.63289372199453	1887.446554195999
1270.0	56.0	-21.792114126404574	-60.55241119619958	1887.3988115015795
1271.0	56.5	-23.087101160174686	-60.51535520496304	1887.3414546318709
1272.0	56.5	-23.06573291631844	-60.418958889180715	1887.276272428941
1273.0	56.5	-23.04364784147546	-60.272722977658034	1887.20716645123
1274.0	56.5	-23.020878844491712	-60.06334792147606	1887.138077893691
1275.0	56.5	-22.9974661851633	-59.796053181993436	1887.071118609353
1276.0	56.5	-22.973420262681792	-59.47865904648482	1887.0069431852858
1277.0	56.5	-22.948736391691252	-59.121091004988386	1886.944267030262
1278.0	56.5	-22.923282840603036	-58.727160612292224	1886.8822245413537
1279.0	56.5	-22.89704047612721	-58.28706033920961	1886.8192134434557
1280.0	56.5	-22.869980937814837	-57.78749786784015	1886.7548782373426
1281.0	56.5	-22.875300788909446	-241.76887698665257	1886.6196683200133
1282.0	56.5	-22.85166067275244	-61.21903953248281	1886.542625827687
1283.0	56.5	-22.827987425739934	-62.240988202288015	1886.4245894849687
1284.0	56.5	-22.80425968454352	-62.56487902247038	1886.3124645079329
1285.0	56.5	-22.780391068834074	-62.668045050970676	1886.2088210389754
1286.0	56.5	-22.75623816288345	-62.8089014698011	1886.1081907384105
1287.0	56.5	-22.73173863676479	-63.012337345494295	1886.0055761180624
1288.0	56.5	-22.70683649435666	-63.270600317023835	1885.8990466364276
1289.0	57.0	-21.762718171458555	-63.53720128708392	1885.7899676121272
1290.0	57.0	-21.746212534508736	-63.80504437691111	1885.6816429153018
1291.0	57.0	-21.72927559656743	-64.06190769995709	1885.5783173293457
1292.0	57.0	-21.711880884637385	-64.31899745912561	1885.4819537532085
1293.0	57.0	-21.693999092181887	-64.60246205931007	1885.39194769189
1294.0	57.0	-21.675578114968094	-64.92322069991877	1885.3061263127306
1295.0	57.0	-21.65660521368032	-65.2710564485184	1885.2221260396655
1296.0	57.0	-21.637073890439563	-65.60244282141373	1885.1393629267968
1297.0	57.0	-21.616976451408643	-65.85957501533336	1885.0598177109564
1298.0	57.0	-21.596280795794048	-65.99160591110494	1884.987405997765
1299.0	57.0	-21.574996014282878	-65.98253106677836	1884.9257412107374
1300.0	57.0	-21.553197824872434	-65.86103052596722	1884.8771903023276
1301.0	57.0	-21.530897777779224	-65.69577132439795	1884.8402466836333
1302.0	57.0	-21.50807403838911	-65.54915829852938	1884.811166661508
1303.0	57.0	-21.484619409691067	-65.44862034885944	1884.7863458191823
1304.0	57.0	-21.460539422147036	-65.37687883604099	1884.7633088255986
1305.0	57.5	-20.505717458297003	-65.32818663681552	1884.7414913430357
1306.0	57.5	-20.49231400366015	-65.24511830089325	1884.722150432983
1307.0	57.5	-20.478326278973263	-65.10405860229055	1884.708137124902
1308.0	57.5	-20.46376221244315	-64.89448636706243	1884.701544375805
1309.0	57.5	-20.448624933974788	-64.62700910440527	1884.702628955353
1310.0	57.5	-20.43292420441811	-64.31592469539797	1884.7090077534099
1311.0	57.5	-20.416667485847647	-63.967309162942115	1884.7176523963076
1312.0	57.5	-20.399839341477477	-63.58017266652409	1884.7247359382927
1313.0	57.5	-20.38242182068668	-63.13329171477431	1884.7276654954308
1314.0	57.5	-20.364414170554245	-62.59296960523957	1884.7247147477642
1315.0	57.5	-20.35199485934712	-222.6086392859515	1884.7001635198758
1316.0	57.5	-20.34750814280867	-66.14012359966947	1884.608541508564
1317.0	57.5	-20.341594871393244	-66.843482047323	1884.5046182883113
1318.0	57.5	-20.334348515012515	-67.01147372054523	1884.403900260697
1319.0	57.5	-20.325804378035883	-67.14025838356304	1884.2984503096525
1320.0	57.5	-20.31599115613815	-67.34981313045128	1884.1801817408684
1321.0	57.5	-20.304934659352277	-67.63850835071375	1884.0445020477323
1322.0	58.0	-21.876822090327224	-67.98465755899915	1883.8920129189914
1323.0	58.0	-21.863069236360445	-68.27767734549832	1883.7257537242185
1324.0	58.0	-21.848243003658926	-68.55555760778007	1883.549114234017
1325.0	58.0	-21.83239181461115	-68.84311250584814	1883.3631977032112
1326.0	58.0	-21.81557557113118	-69.16961368148013	1883.1663040316382
1327.0	58.0	-21.79778378706117	-69.54697711010563	1882.95494144881
1328.0	58.0	-21.77891273176881	-69.9461464214772	1882.726512241101
1329.0	58.0	-21.759016881995098	-70.30019089828973	1882.4817154581383
1330.0	58.0	-21.738151271724497	-70.52895500442052	1882.224347142326
1331.0	58.0	-21.716285909837097	-70.58338157965511	1881.960343084431
1332.0	58.0	-21.69335130236111	-70.4758065150279	1881.6938493303937
1333.0	58.0	-21.66906766357457	-70.27655509489395	1881.4250038478342
1334.0	58.0	-21.643451710865335	-70.0874775468614	1881.1507468736283
1335.0	58.0	-21.616516345418134	-69.95159162852389	1880.8676051661134
1336.0	58.0	-21.58826801855797	-69.86617992462273	1880.5732733099794
1337.0	58.5	-22.94333813558204	-69.84086139843428	1880.269778607666
1338.0	58.5	-22.917237361854635	-69.74109165674487	1879.9598233766253
1339.0	58.5	-22.8903031451381	-69.5668037658792	1879.6492822761124
1340.0	58.5	-22.862570642341932	-69.30217310412613	1879.3432804985216
1341.0	58.5	-22.83407428438534	-68.96047895536836	1879.0436124333837
1342.0	58.5	-22.804814395435752	-68.55919814828852	1878.749792606321
1343.0	58.5	-22.77460727351309	-68.10801814315775	1878.4585731455695
1344.0	58.5	-22.743438945383787	-67.60220559724102	1878.1667556432883
1345.0	58.5	-22.71136336087079	-67.00466455285763	1877.8730949853893
1346.0	58.5	-22.678415535477363	-66.26399345651885	1877.5788963884245
1347.0	58.5	-22.684129522596265	-244.28253251020087	1877.1665659882547
1348.0	58.5	-22.658026678694707	-71.33253505801942	1876.795581781893
1349.0	58.5	-22.631518718769975	-71.72305475443096	1876.4241217454646
1350.0	58.5	-22.60455824148958	-71.82577079163661	1876.0614667527477
1351.0	58.5	-22.577129638008714	-72.01084379660082	1875.698117566913
1352.0	58.5	-22.549166029188594	-72.3094647852181	1875.3280893859755
1353.0	59.0	-21.780603147069066	-72.65487617976586	1874.9513400573437
1354.0	59.0	-21.761981083086358	-72.99323792639267	1874.5724264920466
1355.0	59.0	-21.7428568940685	-73.31048312121663	1874.1970649108164
1356.0	59.0	-21.72319053144825	-73.64237474144818	1873.827873931193
1357.0	59.0	-21.7029245146285	-74.03176655556288	1873.4626860441695
1358.0	59.0	-21.682010552308167	-74.48763171868485	1873.0971337109188
1359.0	59.0	-21.6604409802336	-74.9629178954746	1872.7286545169147
1360.0	59.0	-21.638203265159788	-75.36443395207617	1872.358362092248
1361.0	59.0	-21.615300155074152	-75.5876285489123	1871.9924697268493
1362.0	59.0	-21.591754067840483	-75.5875229684513	1871.6377609487224
1363.0	59.0	-21.56751011942266	-75.41130979452988	1871.2973962793012
1364.0	59.0	-21.542529955135667	-75.17359931635549	1870.9695299584052
1365.0	59.0	-21.516823554093623	-74.98574631061425	1870.647949366163
1366.0	59.0	-21.490370609874823	-74.88430718937876	1870.326975410578
1367.0	59.0	-21.46312806251471	-74.81398042762828	1870.0040503892133
1368.0	59.5	-21.907926348022393	-74.79286253827091	1869.6800215674796
1369.0	59.5	-21.893607791281386	-74.6571138200116	1869.360068704195
1370.0	59.5	-21.878578115624272	-74.42559217725498	1869.0483403413186
1371.0	59.5	-21.862846154128643	-74.11264481371902	1868.7463284972973
1372.0	59.5	-21.846390928887747	-73.7439475016522	1868.4517250165293
1373.0	59.5	-21.829219910345127	-73.33047255487504	1868.158748320341
1374.0	59.5	-21.811339897999922	-72.86257536181259	1867.8624971763688
1375.0	59.5	-21.792760240027825	-72.29454889530277	1867.558877164706
1376.0	59.5	-21.77343534559072	-71.55974775570658	1867.2478131153696
1377.0	59.5	-21.615398762947276	-266.4836279456991	1866.89148089371
1378.0	59.5	-21.60815336655449	-75.52152076143464	1866.4598987773416
1379.0	59.5	-21.59937038778398	-75.9921061966713	1866.0308754278556
1380.0	59.5	-21.58921179559241	-76.13160585458402	1865.6024706791886
1381.0	59.5	-21.577728806502293	-76.37091386541208	1865.1601259596887
1382.0	59.5	-21.564936109257793	-76.74110654465423	1864.6960105467465
1383.0	60.0	-23.30396206332782	-77.19658275786462	1864.2120066039918
1384.0	60.0	-23.287983349508877	-77.55964817273428	1863.7148303066124
1385.0	60.0	-23.270911721805106	-77.90823289656245	1863.2096634348343
1386.0	60.0	-23.252771126283633	-78.29668083602974	1862.6972543441916
1387.0	60.0	-23.233413234044246	-78.7683251540352	1862.172709640588
1388.0	60.0	-23.21288264323823	-79.30882302483549	1861.6306510190682
1389.0	60.0	-23.19124817522754	-79.81539569928287	1861.0698938492237
1390.0	60.0	-23.168539825632198	-80.14208149610606	1860.496210206582
1391.0	60.0	-23.144716983142732	-80.1953405792836	1859.9189651531694
1392.0	60.0	-23.119489963453802	-80.01711351747662	1859.3438143280207
1393.0	60.0	-23.092724147719718	-79.72906476941357	1858.769497010087
1394.0	60.0	-23.06441975765045	-79.49227991920702	1858.1904233822631
1395.0	60.0	-23.034570999410306	-79.36404754316636	1857.6014053638698
1396.0	60.0	-23.003209540626408	-79.29180212597207	1857.000762411652
1397.0	60.5	-22.518363506233698	-79.21426958861845	1856.391546239748
1398.0	60.5	-22.487725123367625	-79.04565552056971	1855.781460768481
1399.0	60.5	-22.45614660634652	-78.75845534583107	1855.1776233021587
1400.0	60.5	-22.423689397327188	-78.36936386873023	1854.5830631322738
1401.0	60.5	-22.390291825374046	-77.90935245966949	1853.995073459341
1402.0	60.5	-22.355790883014738	-77.3875722828642	1853.4076524872855
1403.0	60.5	-22.320201094955237	-76.78133016315654	1852.815484848778
1404.0	60.5	-22.28358117202111	-76.0219765861372	1852.217639142196
1405.0	60.5	-22.245960678611645	-75.01171617410175	1851.617409963172
1406.0	60.5	-22.23344081401715	-218.42890465090036	1850.848369372674
1407.0	60.5	-22.20144023726632	-80.71003852504846	1850.1516293226955
1408.0	60.5	-22.168550759057506	-80.8691051610614	1849.462015567456
1409.0	60.5	-22.134868949010066	-81.0307155484026	1848.770691341918
1410.0	60.5	-22.100387674835847	-81.38666537557448	1848.0657441663698
1411.0	61.0	-20.956595886692522	-81.81783907816691	1847.346358545981
1412.0	61.0	-20.93328915076678	-82.2277556806068	1846.620733158743
1413.0	61.0	-20.909339131508435	-82.60932364711587	1845.897344899192
1414.0	61.0	-20.88471734725116	-83.03989703837274	1845.1791976572333
1415.0	61.0	-20.859340475283105	-83.5767403858681	1844.460647935573
1416.0	61.0	-20.83317993271958	-84.20091121620064	1843.7353708870867
1417.0	61.0	-20.806222396252974	-84.78284463148339	1843.002339485236
1418.0	61.0	-20.778541080347576	-85.13335867894095	1842.2703094091744
1419.0	61.0	-20.750041933814472	-85.14693724635444	1841.5507147382134
1420.0	61.0	-20.720672155732426	-84.89588032271088	1840.849063388276
1421.0	61.0	-20.690451827404427	-84.55570987087084	1840.162433310486
1422.0	61.0	-20.65939652812288	-84.32311726630589	1839.4815321154815
1423.0	61.0	-20.627461455901393	-84.2182248361171	1838.7987326532177
1424.0	61.5	-20.613306675992796	-84.19342145881058	1838.1127366733863
1425.0	61.5	-20.59492195052932	-84.08221615850687	1837.4289129762885
1426.0	61.5	-20.575701320856567	-83.85481235890684	1836.755955406031
1427.0	61.5	-20.555635824568853	-83.50964207398174	1836.0993577458694
1428.0	61.5	-20.534723459742242	-83.0893660389872	1835.4565537153505
1429.0	61.5	-20.512988946032397	-82.61815588690476	1834.8201389950211
1430.0	61.5	-20.490443221468258	-82.0848139881356	1834.1822354312183
1431.0	61.5	-20.467087737431054	-81.41602091762348	1833.5379647555153
1432.0	61.5	-20.44267530181775	-80.4989008601587	1832.8882705803096
1433.0	61.5	-20.421635632638203	-226.234375194676	1832.2023317278035
1434.0	61.5	-20.409038393429338	-84.60819948145704	1831.4321596533784
1435.0	61.5	-20.39434208298225	-85.00834412727563	1830.6742695401497
1436.0	61.5	-20.377911029030997	-85.1408902885444	1829.9177040928926
1437.0	61.5	-20.359888822499602	-85.50092523158284	1829.141383661568
1438.0	62.0	-22.304757999808555	-86.03157784385449	1828.342464914624
1439.0	62.0	-22.283073995871387	-86.47938740249256	1827.5299076793874
1440.0	62.0	-22.26014156196632	-86.88417934103127	1826.7144546418351
1441.0	62.0	-22.23579275598538	-87.3439698248929	1825.8986318927057
1442.0	62.0	-22.210037737596036	-87.93382504472982	1825.0754414109122
1443.0	62.0	-22.18295849987999	-88.62661312292356	1824.2369352377632
1444.0	62.0	-22.154611924290478	-89.24004425526422	1823.3831342778956
1445.0	62.0	-22.12502889026672	-89.55842684065244	1822.5244902666457
1446.0	62.0	-22.09393089917945	-89.47688526995408	1821.6744881732584
1447.0	62.0	-22.06107283553052	-89.1306727038806	1820.8377697934002
1448.0	62.0	-22.02644171552063	-88.75235874916456	1820.0092452533922
1449.0	62.0	-21.990038082744817	-88.53185634967693	1819.1796479370757
1450.0	62.0	-21.951876149159077	-88.44201438380856	1818.3438779706296
1451.0	62.5	-23.503148934754766	-88.43328596805274	1817.5054091519414
1452.0	62.5	-23.467532720123444	-88.24985592275243	1816.674753698464
1453.0	62.5	-23.43083564053972	-87.91668531195381	1815.8629421614542
1454.0	62.5	-23.393090337320643	-87.45881233581962	1815.0731844139407
1455.0	62.5	-23.354071816247036	-86.93254258006375	1814.3000534780124
1456.0	62.5	-23.313807244339966	-86.32738492315639	1813.5347995123293
1457.0	62.5	-23.272326706975107	-85.58641359507301	1812.7720681069704
1458.0	62.5	-23.22964427248032	-84.58479922822406	1812.0125533240553
1459.0	62.5	-23.20528847769234	-215.8420728469231	1811.2637827854098
1460.0	62.5	-23.16685687585041	-89.03631330576033	1810.3144916209012
1461.0	62.5	-23.126664768417402	-89.51065466004405	1809.5031986652766
1462.0	62.5	-23.085259344054588	-89.60039020207326	1808.702310187622
1463.0	62.5	-23.042755797156854	-89.94882496403113	1807.8951001960359
1464.0	63.0	-22.27082211672736	-90.4670012587785	1807.077849564105
1465.0	63.0	-22.241345667247476	-90.9506132170764	1806.2619911572608
1466.0	63.0	-22.211206609453082	-91.38942133217633	1805.4613053544306
1467.0	63.0	-22.18032972852365	-91.91715066240333	1804.6777049515083
1468.0	63.0	-22.14862991810133	-92.61036077837254	1803.902388544098
1469.0	63.0	-22.11613732398061	-93.40451412621324	1803.1275296684814
1470.0	63.0	-22.082807982210934	-94.04330901399653	1802.3575022873545
1471.0	63.0	-22.048517803311714	-94.27679368483655	1801.6069992062846
1472.0	63.0	-22.01325938820213	-94.05411483309616	1800.8893045158
1473.0	63.0	-21.97704712854806	-93.62918165315507	1800.2045498968314
1474.0	63.0	-21.939892624367708	-93.28602417675097	1799.541173696692
1475.0	63.0	-21.901611035351927	-93.13636399743321	1798.8857995320607
1476.0	63.5	-21.09582053841779	-93.11054769048414	1798.2366443962003
1477.0	63.5	-21.072115065035888	-92.98706789070864	1797.601868682157
1478.0	63.5	-21.04738995621351	-92.7188779231361	1796.9939441986953
1479.0	63.5	-21.021660122390912	-92.31300141726751	1796.4178332545816
1480.0	63.5	-20.99494820115989	-91.83683416524123	1795.867160411381
1481.0	63.5	-20.967274631283214	-91.30741018658645	1795.3292628651318
1482.0	63.5	-20.93844698701021	-90.67169317572598	1794.7935255265427
1483.0	63.5	-20.908308851343087	-89.79103311526441	1794.256580029424
1484.0	63.5	-20.876815465139213	-88.47661680048121	1793.7223310380818
1485.0	63.5	-20.854564470752425	-230.92513743804818	1793.1060814392113
1486.0	63.5	-20.834122942601667	-93.43100026261814	1792.467413549711
1487.0	63.5	-20.811373586538995	-93.5422100361373	1791.8466914505184
1488.0	63.5	-20.786643008197327	-93.89857129349875	1791.209086999031
1489.0	64.0	-22.652057067748018	-94.51563136728623	1790.5446652971245
1490.0	64.0	-22.622833172103157	-95.04137766401372	1789.8660480589883
1491.0	64.0	-22.591783273149375	-95.51374836174345	1789.1869435626625
1492.0	64.0	-22.558986225625496	-96.09725982564083	1788.5077386903483
1493.0	64.0	-22.524566419298854	-96.883261121694	1787.8160150478384
1494.0	64.0	-22.488611571012093	-97.75494156450299	1787.1020418262049
1495.0	64.0	-22.450966151035374	-98.40446956781778	1786.3714192943014
1496.0	64.0	-22.411285017897185	-98.54211076991055	1785.6422375732764
1497.0	64.0	-22.36955998127342	-98.20074298327202	1784.9281960280714
1498.0	64.0	-22.325777974833027	-97.72306793940216	1784.2252830017837
1499.0	64.0	-22.279950911358714	-97.41218562503413	1783.5189561786872
1500.0	64.0	-22.232090098296386	-97.31431111988368	1782.7990378433774
1501.0	64.5	-23.81948111603836	-97.32732162365073	1782.0689311406863
1502.0	64.5	-23.77461390359287	-97.12375942106821	1781.342735254279
1503.0	64.5	-23.728250057225846	-96.74500917521918	1780.6338348961092
1504.0	64.5	-23.680282861163743	-96.24294115934225	1779.9444697562233
1505.0	64.5	-23.630817776011767	-95.65958041994153	1779.2655593516733
1506.0	64.5	-23.579914027554768	-94.96448120611157	1778.5853145456904
1507.0	64.5	-23.527657667079804	-94.02893381764423	1777.8993059731065
1508.0	64.5	-23.474111988091245	-92.64975742994986	1777.2121046171221
1509.0	64.5	-23.44208879219931	-219.20103069527994	1776.370902525316
1510.0	64.5	-23.391474059874096	-97.68446155877311	1775.5986783091814
1511.0	64.5	-23.338951877216722	-97.87511848542157	1774.8435008977299
1512.0	64.5	-23.28500535477423	-98.22755492845366	1774.076919026623
1513.0	65.0	-22.61115735787649	-98.88424568981387	1773.2863988561985
1514.0	65.0	-22.572290180593512	-99.47216112252492	1772.4869254390899
1515.0	65.0	-22.53268792253129	-99.99890552586689	1771.6976895306643
1516.0	65.0	-22.492209875199613	-100.67111746749798	1770.9203946338953
1517.0	65.0	-22.450814522931182	-101.58524738710867	1770.141448255726
1518.0	65.0	-22.40846652478493	-102.55479835275527	1769.3520096089892
1519.0	65.0	-22.36510308771127	-103.18272707633007	1768.563622500924
1520.0	65.0	-22.3207170421128	-103.17405647504407	1767.7988247682465
1521.0	65.0	-22.275270413262877	-102.71360902325326	1767.0666090573202
1522.0	65.0	-22.22862549569476	-102.21102575466574	1766.3559040964312
1523.0	65.0	-22.18070330955141	-101.9739084759107	1765.6488820474735
1524.0	65.5	-22.773185823051247	-101.99591188682604	1764.9399395475934
1525.0	65.5	-22.74293280741898	-101.8576597851777	1764.2379924461713
1526.0	65.5	-22.711564842953273	-101.54160808495301	1763.5591203941947
1527.0	65.5	-22.67899979865156	-101.08482232522226	1762.9100403367931
1528.0	65.5	-22.645096799458337	-100.55473123859625	1762.280904119249
1529.0	65.5	-22.60979314212631	-99.95987237872149	1761.6541234487916
1530.0	65.5	-22.57301852135778	-99.19805468534098	1761.017919542474
1531.0	65.5	-22.534750039531716	-98.03853567943477	1760.3709978661482
1532.0	65.5	-22.495081346933638	-96.20874122798213	1759.7230605710392
1533.0	65.5	-22.46730996095831	-235.92414722837617	1758.9506648165498
1534.0	65.5	-22.438078830930674	-101.65521253864009	1758.1868531805367
1535.0	65.5	-22.406246778315268	-101.86242855437523	1757.4152760947889
1536.0	66.0	-24.223132234222952	-102.54549864427975	1756.604093602704
1537.0	66.0	-24.18598601557349	-103.16096662903198	1755.7618223863094
1538.0	66.0	-24.146899689856006	-103.67214556436036	1754.9100147577142
1539.0	66.0	-24.10597437134175	-104.32544758991928	1754.0522147890524
1540.0	66.0	-24.063248089333616	-105.25413935601152	1753.1731065813162
1541.0	66.0	-24.01838911671368	-106.30528537825916	1752.2606223145954
1542.0	66.0	-23.971316523679366	-107.01707735315688	1751.325006062849
1543.0	66.0	-23.92204429749776	-107.03622248016387	1750.391367458353
1544.0	66.0	-23.870578352537272	-106.51080744901671	1749.472337092426
1545.0	66.0	-23.816925953726457	-105.94115558641789	1748.5571648932212
1546.0	66.0	-23.76106742550311	-105.67949435670526	1747.6270429688525
1547.0	66.5	-24.077063262818427	-105.67617224039995	1746.6763411440422
1548.0	66.5	-24.023183730856744	-105.49748638570529	1745.7177411644395
1549.0	66.5	-23.96750839743358	-105.11271069309115	1744.7733130769582
1550.0	66.5	-23.910159517238228	-104.56854712629249	1743.8521653669454
1551.0	66.5	-23.851258510919255	-103.92855487214736	1742.9448304583932
1552.0	66.5	-23.790915884033634	-103.17516427020857	1742.03526087364
1553.0	66.5	-23.729139058202513	-102.16517724189282	1741.1162101946034
1554.0	66.5	-23.665983384778368	-100.60537962914967	1740.1939924432322
1555.0	66.5	-23.630297552468427	-225.82216044879257	1739.1350421931747
1556.0	66.5	-23.571401866837125	-104.88444373918405	1738.137261194225
1557.0	66.5	-23.510312186683052	-105.05056224539987	1737.1542744866258
1558.0	66.5	-23.44761407702178	-105.49412938371279	1736.1521668693783
1559.0	67.0	-22.653875488612787	-106.25159203952157	1735.1217064862774
1560.0	67.0	-22.60724300214904	-106.85488352423091	1734.0880120290296
1561.0	67.0	-22.55965846837499	-107.46294062057842	1733.071780231065
1562.0	67.0	-22.51109613515087	-108.3553953656563	1732.0652159464848
1563.0	67.0	-22.4615122783453	-109.49913775918489	1731.05032121673
1564.0	67.0	-22.41085554093957	-110.45954472443896	1730.029369374211
1565.0	67.0	-22.35910204671892	-110.7332698171645	1729.0294756842338
1566.0	67.0	-22.30613178272266	-110.27771410875215	1728.0716358683926
1567.0	67.0	-22.251889528356482	-109.62062529156009	1727.1499490311298
1568.0	67.0	-22.19625511047534	-109.24472590767182	1726.2432480900952
1569.0	67.5	-22.83795976834755	-109.24720618219716	1725.3403199066906
1570.0	67.5	-22.800873964121745	-109.07425086974354	1724.4512296657895
1571.0	67.5	-22.762340844832288	-108.69770695473392	1723.5980037556549
1572.0	67.5	-22.72235360779742	-108.17031253338291	1722.789453694172
1573.0	67.5	-22.680870838017526	-107.57988328415195	1722.012112331917
1574.0	67.5	-22.637851435270225	-106.91868441510385	1721.2446982817369
1575.0	67.5	-22.59324305886396	-106.02505872609383	1720.4748343236536
1576.0	67.5	-22.547039526785014	-104.57427364091666	1719.705081366954
1577.0	67.5	-22.500819649701693	-230.0897090893748	1718.9298082697246
1578.0	67.5	-22.465768956483686	-107.86009317721883	1718.0599320668073
1579.0	67.5	-22.427517114477222	-107.94325298176375	1717.2175031026081
1580.0	67.5	-22.386628179262402	-108.39200631621937	1716.3534376792122
1581.0	68.0	-24.281053533760144	-109.24410856921907	1715.451319425647
1582.0	68.0	-24.23448116016341	-109.87221424666406	1714.5379564289158
1583.0	68.0	-24.185921043898638	-110.5214360948633	1713.6334737164386
1584.0	68.0	-24.135154107586917	-111.49340755393654	1712.7253214097304
1585.0	68.0	-24.08206351524185	-112.73408255689893	1711.7932505449612
1586.0	68.0	-24.026602892622893	-113.716287809034	1710.8411953689447
1587.0	68.0	-23.968814792162878	-113.91615425116467	1709.898673535978
1588.0	68.0	-23.90872491057899	-113.35432777276682	1708.986102059983
1589.0	68.0	-23.84633512629521	-112.69835367639043	1708.0925352556264
1590.0	68.0	-23.781472583106517	-112.39196443243829	1707.1933243609685
1591.0	68.5	-24.159421288235013	-112.42164277976177	1706.2811631991547
1592.0	68.5	-24.096541786920163	-112.2393070753513	1705.37345153732
1593.0	68.5	-24.031837556620346	-111.79819049614247	1704.497156239359
1594.0	68.5	-23.965422008102326	-111.21324164413979	1703.6593704761485
1595.0	68.5	-23.89735326724131	-110.54640078559746	1702.8436551411726
1596.0	68.5	-23.82769209280087	-109.73280985258747	1702.0316631015812
1597.0	68.5	-23.75654447028631	-108.51686292893501	1701.2176918959924
1598.0	68.5	-23.68389524508477	-106.49354030676164	1700.4148743236656
1599.0	68.5	-23.63683781915003	-223.22946099868793	1699.440302218834
1600.0	68.5	-23.568209008020354	-111.15488982424964	1698.5888047648618
1601.0	68.5	-23.49749778539601	-111.39133092899071	1697.743363711281
1602.0	69.0	-22.750170520332574	-112.19816859058042	1696.867265656796
1603.0	69.0	-22.69649872340362	-112.97109301066658	1695.978807179041
1604.0	69.0	-22.641748994910476	-113.6349002589843	1695.1119929709644
1605.0	69.0	-22.585930277884092	-114.57132176260114	1694.2683221142022
1606.0	69.0	-22.529047947244006	-115.87304733243289	1693.424228524676
1607.0	69.0	-22.47103097721427	-117.11335697766965	1692.5735152611228
1608.0	69.0	-22.41173118075131	-117.59870530121201	1691.744062602878
1609.0	69.0	-22.351127462849604	-117.12324597770203	1690.9662400337745
1610.0	69.0	-22.28911075033496	-116.39473207516032	1690.2338230476275
1611.0	69.0	-22.22556162766309	-116.00169624603733	1689.518815241917
1612.0	69.5	-22.94572052741351	-116.05006672761063	1688.8081053174553
1613.0	69.5	-22.901043286150333	-115.8782477869424	1688.117131813111
1614.0	69.5	-22.85477127957535	-115.44452555886022	1687.471772707434
1615.0	69.5	-22.806817366044033	-114.8856579324115	1686.8759370759537
1616.0	69.5	-22.75715515741156	-114.2892934775231	1686.306148284356
1617.0	69.5	-22.70576265603052	-113.56885792632765	1685.7370204966412
1618.0	69.5	-22.652507447376152	-112.42651987811487	1685.158821856679
1619.0	69.5	-22.597390794089375	-110.40035853675836	1684.5821718245347
1620.0	69.5	-22.547790797807654	-234.69899893829057	1683.9363417950012
1621.0	69.5	-22.502269796393236	-114.43570205877275	1683.2497351679265
1622.0	69.5	-22.453673704597698	-114.68463154426601	1682.563612134678
1623.0	70.0	-24.43827697067079	-115.62424584941837	1681.8268709480885
1624.0	70.0	-24.382956881691253	-116.42539770125201	1681.059752724293
1625.0	70.0	-24.325157739515117	-117.15679231020309	1680.292567375514
1626.0	70.0	-24.2648410877341	-118.24045398538536	1679.5170898975975
1627.0	70.0	-24.201973643327303	-119.69717431943512	1678.705335634335
1628.0	70.0	-24.136569467323557	-120.93651531301002	1677.8575554394847
1629.0	70.0	-24.068672473105188	-121.20167187341382	1677.0099918775727
1630.0	70.0	-23.998307745364222	-120.53788445536512	1676.1875258867751
1631.0	70.0	-23.925204236882344	-119.83544204656559	1675.3713694848248
1632.0	70.0	-23.849158372065812	-119.59024156226468	1674.5314445213517
1633.0	70.5	-24.294410426474247	-119.67784985249446	1673.664849829999
1634.0	70.5	-24.220749475677213	-119.44428188736642	1672.7999908449115
1635.0	70.5	-24.145077223299317	-118.9237230724319	1671.965874956014
1636.0	70.5	-24.06746637472936	-118.29851397135262	1671.158047296322
1637.0	70.5	-23.98806020280231	-117.59228399442358	1670.3501864612758
1638.0	70.5	-23.906955930805033	-116.58986237239156	1669.5249493599522
1639.0	70.5	-23.824188425036233	-114.82680594564124	1668.6882952835208
1640.0	70.5	-23.641226582744146	-247.6092055225879	1667.8654839860376
1641.0	70.5	-23.565951222415652	-118.70736756244197	1666.7719595956835
1642.0	70.5	-23.488024713120083	-118.59126765037566	1665.8724731151292
1643.0	71.0	-22.89232880885254	-119.3677921736541	1664.9194907249057
1644.0	71.0	-22.82990627908464	-120.257969766796	1663.9279728307101
1645.0	71.0	-22.76627530404133	-121.00446940830426	1662.9448405065925
1646.0	71.0	-22.701472684536736	-122.02947411580232	1661.9777218974743
1647.0	71.0	-22.63543966341451	-123.54163623424549	1660.9953275709331
1648.0	71.0	-22.56803990528709	-124.98502625955295	1659.9880026743651
1649.0	71.0	-22.499282934188237	-125.45655661839065	1658.9944843814308
1650.0	71.0	-22.42902698273562	-124.79942118248239	1658.0506283625753
1651.0	71.0	-22.357053868008105	-123.98165486696178	1657.1412241075584
1652.0	71.0	-22.283286688575945	-123.65038727133457	1656.2320161621956
1653.0	71.5	-23.08400761531964	-123.74243507663356	1655.3171926287798
1654.0	71.5	-23.02999504623622	-123.46048638746878	1654.425764780009
1655.0	71.5	-22.974126153804114	-122.89180824460101	1653.5846050992993
1656.0	71.5	-22.916358162418298	-122.2774422933961	1652.7813808738258
1657.0	71.5	-22.856532288611007	-121.62059995962372	1651.980919346279
1658.0	71.5	-22.79465576646033	-120.65433197535943	1651.1618482029498
1659.0	71.5	-22.730803010687666	-118.84623103524129	1650.3284606206669
1660.0	71.5	-22.66645351434045	-234.2500347149853	1649.4950043382862
1661.0	71.5	-22.61246357697703	-121.69756123871501	1648.504116175859
1662.0	71.5	-22.554993226025402	-121.52803329614207	1647.5416142979802
1663.0	72.0	-24.626566941634522	-122.44836038934935	1646.5243612887748
1664.0	72.0	-24.561174382308934	-123.36892657352278	1645.4613433562133
1665.0	72.0	-24.493071194138405	-124.1565230065724	1644.395560472352
1666.0	72.0	-24.422273062619414	-125.3635334660631	1643.3220205408763
1667.0	72.0	-24.348756389649743	-127.0253155650882	1642.2070319951645
1668.0	72.0	-24.272552146415162	-128.4118495772497	1641.0525770415184
1669.0	72.0	-24.19364082264168	-128.56822353630508	1639.9052530028541
1670.0	72.0	-24.111817436816658	-127.72325456359533	1638.78981822807
1671.0	72.0	-24.026851973367595	-126.96613346638215	1637.6795148738556
1672.0	72.0	-23.9385329803813	-126.8039671489631	1636.541494547863
1673.0	72.5	-24.444002067221792	-126.89716818104426	1635.3866761557513
1674.0	72.5	-24.35870183773012	-126.51538230408435	1634.256431308333
1675.0	72.5	-24.271244541865734	-125.8802634341651	1633.1735821582652
1676.0	72.5	-24.181794279655197	-125.20418989252961	1632.1156262203322
1677.0	72.5	-24.090409009150097	-124.36232744557181	1631.0512500522623
1678.0	72.5	-23.99724513351889	-122.91248076904779	1629.972056759228
1679.0	72.5	-23.902500317184145	-120.21743134942865	1628.8999414018779
1680.0	72.5	-23.881320188906365	-229.63439630039292	1627.6196554812977
1681.0	72.5	-23.795918716729815	-124.34569575563367	1626.4801794653533
1682.0	72.5	-23.70828134435965	-124.87972529763093	1625.3166779860148
1683.0	73.0	-22.980394497913014	-126.0944211459067	1624.1039638160248
1684.0	73.0	-22.907570223201123	-127.00198797637319	1622.8965458223183
1685.0	73.0	-22.83341848761139	-128.0898691507039	1621.7180339581705
1686.0	73.0	-22.757793591090145	-129.79366875864486	1620.53137873587
1687.0	73.0	-22.680610370978137	-131.50496374333952	1619.3210096620494
1688.0	73.0	-22.601805454690563	-132.0782844737387	1618.1319255185433
1689.0	73.0	-22.521219805250286	-131.32190701767672	1617.0070566157924
1690.0	73.0	-22.438781002361875	-130.41301730945597	1615.9245751424357
1691.0	73.0	-22.354394752068586	-130.14468549902966	1614.8427971173596
1692.0	73.5	-23.224824702526853	-130.27497399552493	1613.7625872113088
1693.0	73.5	-23.1610732070911	-129.90915574839175	1612.72357703268
1694.0	73.5	-23.095075406480447	-129.29818248089504	1611.749114079457
1695.0	73.5	-23.02684341518627	-128.69772605055218	1610.8103605784095
1696.0	73.5	-22.956446376305017	-127.97264523710382	1609.8664852196475
1697.0	73.5	-22.883966122341945	-126.66727979598473	1608.9016882261753
1698.0	73.5	-22.809341399098415	-124.12942521731155	1607.9347413913279
1699.0	73.5	-22.739822357717422	-239.60283899726932	1606.8808217957371
1700.0	73.5	-22.673977249679318	-127.4805924152999	1605.7833753609075
1701.0	73.5	-22.604414321775995	-127.99451944099661	1604.660604768742
1702.0	74.0	-24.75197252538339	-129.28323244264953	1603.471574328683
1703.0	74.0	-24.673477934909158	-130.22396343134335	1602.2701656800496
1704.0	74.0	-24.591993590435248	-131.41792179941223	1601.0762070381195
1705.0	74.0	-24.507539827544264	-133.27439614372275	1599.8500487149365
1706.0	74.0	-24.4199734033945	-135.04940665329343	1598.5793382644063
1707.0	74.0	-24.329216121335985	-135.49162578821415	1597.3170413605162
1708.0	74.0	-24.23504433249738	-134.62015804718905	1596.1026075361517
1709.0	74.0	-24.13721472155257	-133.76466859947004	1594.9078611362206
1710.0	74.0	-24.03562747751351	-133.63201252286032	1593.6926449718517
1711.0	74.5	-24.590240072032476	-133.8006814454652	1592.4709811218868
1712.0	74.5	-24.491916334643797	-133.39290361606254	1591.2955653966187
1713.0	74.5	-24.39112383103533	-132.76125552433393	1590.1858112870557
1714.0	74.5	-24.288009009704126	-132.13131478461824	1589.1077072329683
1715.0	74.5	-24.182836028389488	-131.20913049128166	1588.0255884693356
1716.0	74.5	-24.075869115863185	-129.3505389448521	1586.939939395356
1717.0	74.5	-23.967372947131793	-125.7966473672646	1585.8856535908071
1718.0	74.5	-23.94204107355391	-256.8948027527331	1584.5399916692843
1719.0	74.5	-23.843470319395212	-131.4596475476156	1583.4129331385152
1720.0	75.0	-23.123168786167817	-132.67381828773154	1582.2270374602715
1721.0	75.0	-23.04008826111661	-133.87111418074642	1581.0193227854136
1722.0	75.0	-22.955201115893857	-134.9637974016647	1579.8484492558127
1723.0	75.0	-22.86853648765699	-136.7978040199407	1578.6875756534494
1724.0	75.0	-22.78007533356392	-138.97349413867104	1577.497498349755
1725.0	75.0	-22.689731370418656	-140.06384807907563	1576.3165533571398
1726.0	75.0	-22.59741506389174	-139.44857459206176	1575.2055597179217
1727.0	75.0	-22.502946757178425	-138.43144014474674	1574.1462911049027
1728.0	75.0	-22.406084617309766	-138.15345709897423	1573.085102851831
1729.0	75.5	-23.334494425577898	-138.4024391058146	1572.0183396137074
1730.0	75.5	-23.259137591777613	-138.0727685564766	1570.9949253183747
1731.0	75.5	-23.181248708350132	-137.50861243021595	1570.0358687226594
1732.0	75.5	-23.10097808797042	-136.9849448286731	1569.096418801094
1733.0	75.5	-23.01832343111434	-136.24119219756977	1568.125894581064
1734.0	75.5	-22.933114963395187	-134.63571689830508	1567.1145477456516
1735.0	75.5	-22.845125220207553	-131.1792136750241	1566.0943600418743
1736.0	75.5	-22.76572775736422	-246.0740700360306	1564.893955005492
1737.0	75.5	-22.68477567505889	-135.38835650907447	1563.6826139462867
1738.0	76.0	-24.77411852899735	-136.71712235669	1562.389561844834
1739.0	76.0	-24.6826747637046	-138.02115360577392	1561.0371474461858
1740.0	76.0	-24.58754904656682	-139.2112432547433	1559.6863170101622
1741.0	76.0	-24.488637834913177	-141.24244864771083	1558.3061780316755
1742.0	76.0	-24.385806313668528	-143.5854010363061	1556.8609933334965
1743.0	76.0	-24.27905325686915	-144.59652334750186	1555.404156129316
1744.0	76.0	-24.168342334402716	-143.828016238784	1554.0018347580315
1745.0	76.0	-24.05353104406945	-142.83002478843954	1552.6315573095796
1746.0	76.0	-23.934434392570218	-142.70856850552363	1551.244193165604
1747.0	76.5	-23.074557768065862	-143.01141193407616	1549.8574066074573
1748.0	76.5	-22.959366108033574	-142.63319437957458	1548.5421420513117
1749.0	76.5	-22.841177949443917	-142.07389940596676	1547.3166350060126
1750.0	76.5	-22.720355111157865	-141.51032698951386	1546.1307199259804
1751.0	76.5	-22.597198122464057	-140.43630708343585	1544.9458368848889
1752.0	76.5	-22.471896972595363	-137.94186716573424	1543.7747781399196
1753.0	76.5	-22.42693572203728	-262.228472627748	1542.4431075641755
1754.0	76.5	-22.311790484686824	-140.756952943066	1541.2056895751466
1755.0	76.5	-22.193737971723188	-141.32450093808146	1539.9610181941443
1756.0	77.0	-21.307973082783107	-143.13643518411058	1538.652447660711
1757.0	77.0	-21.207164019704148	-144.4495543192261	1537.3595916626675
1758.0	77.0	-21.1041639695939	-146.39758132227442	1536.0846177893784
1759.0	77.0	-20.99891009467577	-149.13988421339107	1534.757755714786
1760.0	77.0	-20.89132847080407	-150.84857823934868	1533.3993615465463
1761.0	77.0	-20.781228822845694	-150.40019908857863	1532.0865594839756
1762.0	77.0	-20.66835367477213	-149.28510354300184	1530.7965925822255
1763.0	77.0	-20.552529760727694	-149.04175866848914	1529.4524288020111
1764.0	77.5	-23.161989147199982	-149.44874121924818	1528.0467787804866
1765.0	77.5	-23.068882256504082	-149.12876056932149	1526.6406245212218
1766.0	77.5	-22.972756030342563	-148.66116938741897	1525.2331889391837
1767.0	77.5	-22.8735702634084	-148.26922866483514	1523.7446707035972
1768.0	77.5	-22.77124078416131	-147.43527680531	1522.1161414669252
1769.0	77.5	-22.665586360288295	-144.8645168007863	1520.3556665528151
1770.0	77.5	-22.561034258820264	-247.2717902206999	1518.4216780076927
1771.0	77.5	-22.462015002395187	-145.93976293664537	1516.2431053631651
1772.0	78.0	-24.793958480848623	-147.0850265257754	1513.9034089199474
1773.0	78.0	-24.68095965168784	-148.87609111419607	1511.3611099623743
1774.0	78.0	-24.563188877352232	-150.402803363717	1508.7138030994577
1775.0	78.0	-24.44070136015742	-152.89571387292844	1505.9453922894754
1776.0	78.0	-24.313536006113946	-155.9030734661757	1503.0066380715664
1777.0	78.0	-24.18163184385359	-157.1463880412629	1499.9780989208007
1778.0	78.0	-24.04472831414158	-156.18689974870207	1496.9518726887204
1779.0	78.0	-23.902483069646966	-155.29058621533815	1493.8936376993627
1780.0	78.5	-23.058911289646392	-155.80985796629463	1490.7633999591674
1781.0	78.5	-22.919552737586958	-155.89687415953222	1487.6326404140611
1782.0	78.5	-22.776124209375784	-155.54164759392197	1484.6007045626266
1783.0	78.5	-22.629006268694525	-155.20183344632514	1481.6521953115225
1784.0	78.5	-22.478553673610943	-154.6228106624593	1478.7277447842773
1785.0	78.5	-22.3250618153713	-152.6411661470549	1475.8308875306263
1786.0	78.5	-22.168764387359253	-147.47537980259855	1473.0391926740185
1787.0	78.5	-22.093733495217805	-281.4909309821996	1469.897869726366
1788.0	78.5	-21.946305372093118	-154.30484614122452	1466.996373623613
1789.0	79.0	-20.972014746924156	-156.5975193848948	1464.0096516561905
1790.0	79.0	-20.846152483286136	-158.34918389955374	1461.0316462392277
1791.0	79.0	-20.717137768586763	-161.10501755319103	1458.02131791232
1792.0	79.0	-20.585012113546025	-164.60350368365684	1454.8513939146085
1793.0	79.0	-20.44968604947877	-165.99826416875675	1451.5592436979819
1794.0	79.0	-20.310967729827524	-164.89774661258718	1448.186950998155
1795.0	79.0	-20.16855039433064	-164.10859678378145	1444.6253918061996
1796.0	79.5	-21.21306735660609	-164.83875193910964	1440.800660286979
1797.0	79.5	-21.09574123570374	-164.81818197440262	1436.7864394334072
1798.0	79.5	-20.973678247893638	-164.5474638050143	1432.6307673248045
1799.0	79.5	-20.84691727644668	-164.49613208492616	1428.2499629965293
1800.0	79.5	-20.71533885058525	-163.91299178171417	1423.5865504826609
1801.0	79.5	-20.57867598323257	-160.64906328119804	1418.6973222680024
1802.0	79.5	-20.443416536195585	-258.43301979003877	1413.545277749733
1803.0	79.5	-20.311015164408122	-161.50003847871383	1408.1068014860875
1804.0	80.0	-23.051625097613336	-163.56399484012678	1402.4543770992625
1805.0	80.0	-22.898995617784625	-165.64002305902233	1396.6576756137695
1806.0	80.0	-22.73900589325713	-168.1840993090828	1390.8172201204047
1807.0	80.0	-22.57175913368058	-172.19561148030374	1384.8475386096525
1808.0	80.0	-22.397348481078602	-174.70343649825585	1378.8002581864912
1809.0	80.0	-22.215698198737474	-173.8766247242118	1372.8289849450528
1810.0	80.0	-22.02642142464145	-172.82357767325058	1366.8915863627608
1811.0	80.5	-24.263658037900495	-173.6384178539835	1360.9232279887972
1812.0	80.5	-24.073343667702623	-173.86742548943317	1355.036532582831
1813.0	80.5	-23.876989112452055	-173.76941186038755	1349.3417520378403
1814.0	80.5	-23.675271710005525	-173.79624763781914	1343.7670899773939
1815.0	80.5	-23.468845866620015	-172.96491394136635	1338.2523935819836
1816.0	80.5	-23.258183038037586	-168.52304340892852	1332.884056793689
1817.0	80.5	-23.15132572373088	-282.7168654563889	1327.3577214354143
1818.0	80.5	-22.95215940204031	-170.51464766460202	1322.1454619646418
1819.0	81.0	-22.389671654008417	-173.64726904411535	1317.030402582381
1820.0	81.0	-22.21487882195945	-176.13248235693544	1312.2251666769646
1821.0	81.0	-22.035793417891067	-180.14221328736815	1307.7663740275536
1822.0	81.0	-21.85232685233068	-184.51848959482075	1303.6015383127894
1823.0	81.0	-21.664200500840632	-185.0457252199575	1299.9365456424043
1824.0	81.0	-21.471196171552823	-183.49825128819145	1296.8186701791924
1825.0	81.5	-20.972633977991745	-184.32032960709813	1294.113059287112
1826.0	81.5	-20.811516417020865	-184.75844103132692	1291.8650689770648
1827.0	81.5	-20.643572095487798	-184.8220506184387	1290.154684713857
1828.0	81.5	-20.46868253723332	-185.31148635911322	1288.794590133286
1829.0	81.5	-20.286563508823495	-184.83319436564074	1287.5691869467983
1830.0	81.5	-20.096748083554367	-180.24652447028154	1286.4290556724318
1831.0	81.5	-19.913371777046173	-271.96325698549015	1285.1119600817144
1832.0	81.5	-19.728861988135854	-180.52670571587723	1283.5163539708467
1833.0	82.0	-22.542067943446366	-183.84214341495053	1281.5084615931619
1834.0	82.0	-22.328790700357313	-186.68180552784966	1279.15304022776
1835.0	82.0	-22.103748964387613	-191.49740927637563	1276.2904209145877
1836.0	82.0	-21.866864772890334	-195.76852108300005	1272.805509872429
1837.0	82.0	-21.617875746164287	-195.1176234571514	1268.8972339056804
1838.0	82.0	-21.35626929512087	-193.84045974170687	1264.5087470158555
1839.0	82.5	-23.828934793582395	-195.31436007945732	1259.5668160678022
1840.0	82.5	-23.558715358819985	-195.8202680458464	1254.3136211488231
1841.0	82.5	-23.27858474272964	-196.26614346859932	1248.8948797534172
1842.0	82.5	-22.989607379354336	-196.54621807787618	1243.2132750435267
1843.0	82.5	-22.692380868030266	-193.55418367340403	1237.330009013016
1844.0	82.5	-22.467223369365655	-383.04891901846713	1231.2380406893096
1845.0	82.5	-22.167878523783184	-190.31449640361615	1225.1814808416054
1846.0	83.0	-21.78046762102782	-194.15325367124063	1219.0520203920273
1847.0	83.0	-21.516976274592892	-197.51706169837095	1213.128612773783
1848.0	83.0	-21.24698802604442	-202.93775095261918	1207.5084191020633
1849.0	83.0	-20.970319799414348	-207.96538937736466	1202.202354045205
1850.0	83.0	-20.686717525302626	-207.00052188360175	1197.6076328793101
1851.0	83.0	-20.39562601522123	-205.7588912232936	1193.7124992487875
1852.0	83.5	-20.15470763710293	-208.0098824454873	1190.5110423402225
1853.0	83.5	-19.914319473465895	-208.61285593721792	1188.3217488749601
1854.0	83.5	-19.66597500564941	-209.73231857424773	1187.1175962019565
1855.0	83.5	-19.409255992524486	-209.48790568038515	1186.707993950041
1856.0	83.5	-19.14335859025105	-203.39999050863437	1187.1935617826964
1857.0	83.5	-18.889833914360565	-290.2481023881041	1188.4025664786132
1858.0	84.0	-22.208248269772618	-203.46753520550254	1190.2721885981716
1859.0	84.0	-21.946810758761565	-206.96252771008778	1192.7955439308685
1860.0	84.0	-21.6696999462828	-211.7969857645677	1196.0951387352866
1861.0	84.0	-21.376561520572565	-218.5282743223882	1199.864813123852
1862.0	84.0	-21.067067526605474	-219.6770480559885	1204.2298816676046
1863.0	84.0	-20.74019748448348	-217.75264211838962	1209.095776680169
1864.0	84.5	-23.71352969670937	-220.22107763926581	1214.0927941035354
1865.0	84.5	-23.372509821516417	-221.46669924977488	1219.341006289338
1866.0	84.5	-23.014842063226155	-222.91414716612098	1224.7380083062167
1867.0	84.5	-22.64204490945254	-222.95081930565598	1229.909695554465
1868.0	84.5	-22.255241993661883	-215.93350636219702	1234.8986234691863
1869.0	84.5	-22.04032461249159	-266.1378203940991	1239.3163967313462
1870.0	85.0	-21.804065254944557	-216.0926902908153	1243.4055607676107
1871.0	85.0	-21.436107381805837	-220.20956187851397	1247.053218032604
1872.0	85.0	-21.058389007406355	-226.80860459133368	1250.3983578191687
1873.0	85.0	-20.671305154591813	-233.20933683538004	1253.277401798636
1874.0	85.0	-20.274732872445725	-231.6246340585026	1256.0817339742932
1875.0	85.5	-21.905536125971217	-232.9370290414779	1258.5294031353442
1876.0	85.5	-21.57067623389549	-234.69929814758424	1260.6493110239985
1877.0	85.5	-21.22857554943825	-236.33657941681395	1262.6958853841784
1878.0	85.5	-20.87964998162322	-237.48578866527725	1264.2745043369362
1879.0	85.5	-20.523430238497248	-232.4604126693313	1265.2991332216216
1880.0	85.5	-20.16055909656767	-309.01168226837143	1265.8554803156596
1881.0	86.0	-23.64407101890825	-226.76872854445705	1265.625736585659
1882.0	86.0	-23.302985340780026	-230.91931547148954	1264.6347899374045
1883.0	86.0	-22.950529565341945	-237.5924685197559	1263.0688841221104
1884.0	86.0	-22.58637923487723	-244.81229454562563	1260.6848863471105
1885.0	86.0	-22.209713744354534	-243.3263277854094	1257.982622602592
1886.0	86.5	-24.064236068804558	-244.96557497507843	1254.6856269701575
1887.0	86.5	-23.705721779008744	-247.48157583340821	1250.9314126670458
1888.0	86.5	-23.33138598308895	-249.89367156570933	1247.1395965528839
1889.0	86.5	-22.94244645480835	-250.89551257703997	1242.8988596161207
1890.0	86.5	-22.539972204668768	-242.27182296367886	1238.3506100673392
1891.0	86.5	-22.428526732179545	-220.52644975809474	1233.0257962492117
1892.0	87.0	-22.1789527846231	-238.42924945686988	1227.7840457973582
1893.0	87.0	-21.796899063718975	-242.8519600734337	1222.4278390385439
1894.0	87.0	-21.40214083656723	-250.9769560900048	1216.8791463752461
1895.0	87.0	-20.99515102847588	-254.69081049612055	1211.2649709363784
1896.0	87.0	-20.576429287092605	-250.363479445466	1205.9795401308952
1897.0	87.5	-22.863772324412007	-252.94619330625466	1200.5435171707138
1898.0	87.5	-22.504390038078117	-254.1144680480931	1195.4643836898724
1899.0	87.5	-22.13627123021746	-254.63196773831484	1190.6554586594411
1900.0	87.5	-21.7591342236311	-251.6354939319879	1185.677227785221
1901.0	87.5	-21.37089302256484	-299.11275170943475	1180.6959071093725
1902.0	87.5	-20.967860492869455	-235.19233708100444	1175.9629200993063
1903.0	88.0	-25.436432718481488	-239.2045327254697	1170.8956205166478
1904.0	88.0	-25.067079904627484	-243.3905961060885	1165.883441320029
1905.0	88.0	-24.684579086680106	-250.8072267305293	1160.5671803200394
1906.0	88.0	-24.28823563885257	-252.3223226276779	1155.2364399096389
1907.0	88.0	-23.876315152673794	-248.6810824992136	1150.0166769985392
1908.0	88.5	-26.61197202224813	-251.6941192268199	1144.4316536002377
1909.0	88.5	-26.2510657127145	-253.572674137642	1138.9642854213123
1910.0	88.5	-25.87508844990153	-254.6024496294561	1133.4239124310898
1911.0	88.5	-25.484643800253046	-251.54754148884018	1127.388387332422
1912.0	88.5	-25.453237975080345	-255.77582490758397	1120.037511283699
1913.0	89.0	-25.86402047379645	-238.200670900642	1113.1032737142268
1914.0	89.0	-25.539136645953022	-242.8045103005571	1105.6209095860772
1915.0	89.0	-25.2004787133584	-249.95637266971937	1097.9112845969512
1916.0	89.0	-24.84756389184677	-259.46209959805213	1089.448879536294
1917.0	89.0	-24.479748080797314	-259.0456604386846	1080.9051456181924
1918.0	89.5	-27.445871954580024	-261.6655903475901	1071.7503197947024
1919.0	89.5	-27.16058844794333	-266.6481974078661	1062.2506326277924
1920.0	89.5	-26.862732085897562	-272.15250246236883	1052.57960486776
1921.0	89.5	-26.552599310526585	-271.7641819212729	1042.0113524527908
1922.0	89.5	-26.215269084037406	-278.7099114476005	1030.9966826381208
1923.0	90.0	-30.549053014369022	-249.19790255876055	1019.4121305109313
1924.0	90.0	-30.24673448141946	-257.6513111721869	1007.2628597103413
1925.0	90.0	-29.930290392003872	-272.6613881653315	994.2693562210112
1926.0	90.0	-29.599322243934058	-277.8277422360509	981.1857245551082
