1.0	40.0	12.958989523872763	109.04560571589066	-3787.7006889029835
2.0	40.0	12.916431542324156	-18.348481839704135	-3358.723007537182
3.0	40.0	12.908325683632317	-28.58389697590848	-3103.363070401106
4.0	40.0	12.918470095902515	-32.18107219494949	-2943.2744236981075
5.0	40.0	12.939628288988168	-33.15045657864904	-2838.331587536749
6.0	40.0	12.950323984509401	-13.213157041233613	-2766.9987414102425
7.0	40.0	12.962053192755096	-13.134636193668332	-2716.1827224863505
8.0	40.0	12.974718163440238	-13.022449128611937	-2678.304267385123
9.0	40.0	12.98821146914505	-12.888358049446884	-2648.715279154822
10.0	40.0	13.002487460423001	-12.733797135317205	-2624.4884374996877
11.0	40.0	13.017460248385065	-12.567157122742472	-2603.742335306634
12.0	40.0	13.03309270923826	-12.390635239229642	-2585.2504051999254
13.0	40.0	13.049328521426354	-12.207235654459655	-2568.2050867254147
14.0	40.0	13.066150209731482	-12.0181133115087	-2552.0700434065125
15.0	40.0	13.083503302078139	-11.82808989094303	-2536.4855652686397
16.0	40.0	13.101369282180391	-11.637033199858973	-2521.206560150587
17.0	40.0	13.119714502236942	-11.450071363681257	-2506.0622609298034
18.0	40.0	13.138510288211043	-11.26559506556279	-2490.928158348041
19.0	40.0	13.157742358934017	-11.081724409780513	-2475.7086315983197
20.0	40.0	13.177380419708284	-10.90057028377818	-2460.3243658738534
21.0	40.0	13.19739341498956	-10.721327210613385	-2444.702784032917
22.0	40.0	13.217779261948104	-10.545213107059421	-2428.7713608158533
23.0	40.0	13.238529148111954	-10.373316911278973	-2412.45197977278
24.0	40.0	13.25964720357205	-10.203457011768206	-2395.6602949013186
25.0	40.0	13.281100416315097	-10.03792068924286	-2378.324601602335
26.0	40.0	13.308370280856911	-12.322722173914995	-2360.337647690551
27.0	40.0	13.336090157963943	-12.074117961798711	-2342.0389886957137
28.0	40.0	13.364239286713268	-11.834245475917001	-2323.9478423473392
29.0	40.0	13.392769839068935	-11.599520837079853	-2306.690641977683
30.0	40.0	13.415867523096008	-9.113699407257624	-2290.8401088206556
31.0	40.0	13.439197281694137	-8.97473033360752	-2276.4315500382004
32.0	40.0	13.462744787224048	-8.838588846534638	-2263.405955172697
33.0	40.0	13.486494284652142	-8.705172157203572	-2251.608552480144
34.0	40.0	13.510412658681942	-8.575944586288168	-2240.863734679512
35.0	40.0	13.534477969872787	-8.448734251606341	-2231.0107569646543
36.0	40.0	13.558690789715673	-8.325320377212423	-2221.913431297188
37.0	40.0	13.583032562086869	-8.204452669354822	-2213.4595298340905
38.0	40.0	13.607463972662694	-8.087404254802905	-2205.5585387189485
39.0	40.0	13.631997829042232	-7.972468212151279	-2198.1366333908654
40.0	40.0	13.656607436929573	-7.860479045711068	-2191.133761278269
41.0	40.0	13.681276836949044	-7.750455489140765	-2184.4998070525053
42.0	40.0	13.706012986975246	-7.643520914834323	-2178.1935623472705
43.0	40.0	13.730780345542133	-7.538052327749659	-2172.1799540785264
44.0	40.0	13.75558607438623	-7.435812848394606	-2166.429369495845
45.0	40.0	13.780410086732177	-7.334912396947646	-2160.9165263104637
46.0	40.0	13.805260356342707	-7.236854180429716	-2155.6199700483403
47.0	40.0	13.830103881769897	-7.140540569990807	-2150.521049821493
48.0	40.0	13.85495129756582	-7.046776703969209	-2145.603767760379
49.0	40.0	13.879789570880604	-6.954609976671299	-2140.8540740043522
50.0	40.0	13.89840440354233	-5.15583851708526	-2136.382608415567
51.0	40.0	13.91701458798611	-5.1074312516550835	-2132.0568712161335
52.0	40.0	13.935600819742302	-5.058891157874737	-2127.8672637621394
53.0	40.0	13.95416856637932	-5.01137559027158	-2123.8050360649627
54.0	40.0	13.972713717997921	-4.964304301972339	-2119.8609773672833
55.0	40.0	13.991234216084797	-4.918233856997913	-2116.027263628164
56.0	40.0	14.009738326071794	-4.8734781514963945	-2112.296619384374
57.0	40.0	14.02820956990377	-4.828685298933574	-2108.662021528055
58.0	40.0	14.046642647673076	-4.784692452865792	-2105.1172143856606
59.0	40.0	14.06505038540807	-4.741024162624541	-2101.656531062487
60.0	40.0	14.083415894479746	-4.699156250053605	-2098.2747423280907
61.0	40.0	14.101748548388526	-4.656161495502497	-2094.9664238189134
62.0	40.0	14.120042095158487	-4.61521716284507	-2091.7276540347652
63.0	40.0	14.138289863396395	-4.574576838270082	-2088.554182772037
64.0	40.0	14.156504299486452	-4.534866330623737	-2085.442107571194
65.0	40.0	14.17466278320373	-4.49429329169564	-2082.3878629247797
66.0	40.0	14.192786324454893	-4.45601383103884	-2079.3886415361267
67.0	40.0	14.210849683147712	-4.417381401289784	-2076.4410798787726
68.0	40.0	14.228874189925477	-4.379390642376466	-2073.542785878128
69.0	40.0	14.246835740031386	-4.341943754433759	-2070.6912655037268
70.0	40.0	14.26475585524158	-4.305669496162899	-2067.8842506779083
71.0	40.0	14.282623617275904	-4.268725511413608	-2065.119827456852
72.0	40.0	14.300423203894695	-4.233437439029187	-2062.3962526130604
73.0	40.0	14.318176565072323	-4.199421427519631	-2059.711750351465
74.0	40.0	14.335875265789953	-4.165905639211325	-2057.064683898332
75.0	40.0	14.353508097726001	-4.132960349517826	-2054.4538625969153
76.0	40.0	14.371088033609272	-4.100111318663459	-2051.8779184439
77.0	40.0	14.388596546468682	-4.068046979156102	-2049.335553020805
78.0	40.0	14.406052299288211	-4.0361364308792735	-2046.8256365471962
79.0	40.0	14.42344426054363	-4.005403458714398	-2044.3471106516267
80.0	40.0	14.440770750183354	-3.9743806483371045	-2041.89901365792
81.0	40.0	14.458035579112194	-3.9431609020962557	-2039.4802248290143
82.0	40.0	14.475242545390085	-3.9134276448674763	-2037.0899202507658
83.0	40.0	14.492372840316637	-3.883761642603838	-2034.7276769608236
84.0	40.0	14.509437365709505	-3.8539587630156165	-2032.3922243623017
85.0	40.0	14.526439488959571	-3.8258674651376303	-2030.0829797604467
86.0	40.0	14.54336669789454	-3.7963656713328064	-2027.7994719131384
87.0	40.0	14.560233047694247	-3.768726354002473	-2025.5408329910133
88.0	40.0	14.577023692850515	-3.7401567673331297	-2023.3064257756728
89.0	40.0	14.593748285122752	-3.7131953013772776	-2021.0959114910934
90.0	40.0	14.610404272334726	-3.685986818176003	-2018.9085895003782
91.0	40.0	14.626988775110325	-3.6590220775813616	-2016.7440015765478
92.0	40.0	14.64350098423281	-3.6328131283737526	-2014.601439984462
93.0	40.0	14.65994197726227	-3.607989984539964	-2012.4806680679014
94.0	40.0	14.676311082740575	-3.582124555166596	-2010.3811925114503
95.0	40.0	14.692605434558962	-3.5572914533577014	-2008.3024624877496
96.0	40.0	14.708836618493175	-3.533513471989843	-2006.244185189209
97.0	40.0	14.724984291072108	-3.5084314915683383	-2004.2057451744438
98.0	40.0	14.741058252870848	-3.485157828171273	-2002.187009632148
99.0	40.0	14.757068173413991	-3.4615316642440486	-2000.18735731246
100.0	40.0	14.773002710974808	-3.437949312608716	-1998.206631294487
101.0	40.0	14.788863026390878	-3.4148224386595514	-1996.2442320306216
102.0	40.0	14.804639359447302	-3.391723291909769	-1994.300071751003
103.0	40.0	14.82035085790305	-3.3690815191641015	-1992.373633681906
104.0	40.0	14.835986361296307	-3.346832371765414	-1990.4648834835534
105.0	40.0	14.851546703879348	-3.325107146350399	-1988.5731462611777
106.0	40.0	14.867038302968036	-3.302452350030567	-1986.698341262767
107.0	40.0	14.8824503707188	-3.2814354454659247	-1984.8402804010589
108.0	40.0	14.897785703276348	-3.2590913095813594	-1982.9984370108584
109.0	40.0	14.913044818781794	-3.2385998679549144	-1981.1727576564786
110.0	40.0	14.928237109526576	-3.2175727026858416	-1979.3628150405193
111.0	40.0	14.943350692082426	-3.1965706470397177	-1977.5685117969247
112.0	40.0	14.95838661427187	-3.1759931627936657	-1975.7893638174498
113.0	40.0	14.973352468993657	-3.155555753543784	-1974.0255787536516
114.0	40.0	14.988240830861255	-3.135525465726742	-1972.2764303852375
115.0	40.0	15.003057217387758	-3.1155007938575463	-1970.541648939392
116.0	40.0	15.017794872707736	-3.095810947253766	-1968.8214110942731
117.0	40.0	15.032461130967171	-3.077069701623748	-1967.115287446879
118.0	40.0	15.047048520671293	-3.057079578698331	-1965.4228926440635
119.0	40.0	15.061571477324268	-3.038711085397687	-1963.7443746226595
120.0	40.0	15.076004023307465	-3.019133233262251	-1962.0788975624287
121.0	40.0	15.090374598201029	-3.001938990515786	-1960.4267774598825
122.0	40.0	15.104672030785373	-2.9842936698987885	-1958.7876616489743
123.0	40.0	15.118888830631162	-2.9661599793043716	-1957.1611855233987
124.0	40.0	15.133029570884599	-2.9491633874150955	-1955.5472687551453
125.0	40.0	15.147104470439062	-2.9319660619108334	-1953.945497021365
126.0	40.0	15.161102086012187	-2.9147621640604524	-1952.356151108275
127.0	40.0	15.175028866664887	-2.8978450768536512	-1950.7784707361366
128.0	40.0	15.188880998523947	-2.880698311198855	-1949.2126271471375
129.0	40.0	15.202659944522757	-2.8647424807967212	-1947.658192272766
130.0	40.0	15.216366555836274	-2.847432547021965	-1946.1153695770793
131.0	40.0	15.229998835573571	-2.8310236210703863	-1944.583357546748
132.0	40.0	15.24356012865823	-2.8146033441253806	-1943.0625870072176
133.0	40.0	15.25706115864106	-2.7990986500709525	-1941.5525043901828
134.0	40.0	15.270474974730051	-2.7824143671844848	-1940.0530689738894
135.0	40.0	15.283817356353088	-2.766875262083561	-1938.5640738520533
136.0	40.0	15.297087348039259	-2.75064730756149	-1937.0856024036627
137.0	40.0	15.310300586131776	-2.7356909754525076	-1935.6168603279161
138.0	40.0	15.32342774248687	-2.7205858757667083	-1934.1586397622127
139.0	40.0	15.33648280039887	-2.7056861610980665	-1932.7099652655384
140.0	40.0	15.349482947784402	-2.6911833342207654	-1931.270930608855
141.0	40.0	15.36239637260613	-2.6759934479242804	-1929.841491021228
142.0	40.0	15.375255466584345	-2.662613263360161	-1928.4216871551944
143.0	40.0	15.38802776123288	-2.6485211803483844	-1927.0109675537842
144.0	40.0	15.400745250434388	-2.635087549136659	-1925.6094326610664
145.0	40.0	15.413378521925074	-2.6207488990177086	-1924.2168891694953
146.0	40.0	15.42595772852995	-2.6068694755074873	-1922.8332383186435
147.0	40.0	15.43846880532408	-2.593240150979624	-1921.4580968763073
148.0	40.0	15.450900588367174	-2.5798720527782346	-1920.0919086094639
149.0	40.0	15.463266508913177	-2.566912039662123	-1918.7340943399458
150.0	40.0	15.475571364573646	-2.5530532601711537	-1917.3846298924027
151.0	40.0	15.487808318234638	-2.540437983641817	-1916.0432267979857
152.0	40.0	15.499975216918305	-2.5266768005919333	-1914.7101904460883
153.0	40.0	15.51206779738424	-2.514434780242029	-1913.3851300432634
154.0	40.0	15.524102178488631	-2.5008418623523463	-1912.0679327745836
155.0	40.0	15.536064228339955	-2.488606086645269	-1910.7583980240158
156.0	40.0	15.547964909499987	-2.4759258958828694	-1909.4566689630065
157.0	40.0	15.559799961794058	-2.46263419461098	-1908.1623480190415
158.0	40.0	15.57156945042207	-2.4506935649003663	-1906.8755835709496
159.0	40.0	15.583277859514896	-2.438463241177778	-1905.5962398104925
160.0	40.0	15.594917259138835	-2.425913123464377	-1904.3239576262622
161.0	40.0	15.606497693259655	-2.413880578079203	-1903.0589165194917
162.0	40.0	15.618006971085217	-2.4017850618549694	-1901.800916599469
163.0	40.0	15.629453150096792	-2.389682062115898	-1900.549782927002
164.0	40.0	15.640833622283251	-2.377840154139664	-1899.3057036126243
165.0	40.0	15.652157352850839	-2.365975199155129	-1898.0681877516877
166.0	40.0	15.663418123181424	-2.354415872655661	-1896.8374397262253
167.0	40.0	15.674610814405568	-2.342668091732557	-1895.6132484597208
168.0	40.0	15.685744626777806	-2.3311651752155056	-1894.3955805626945
169.0	40.0	15.696817691743568	-2.319717213409767	-1893.1844919736538
170.0	40.0	15.707823017325751	-2.3082620997434313	-1891.9794386288618
171.0	40.0	15.718771448584585	-2.297628544427947	-1890.780920124914
172.0	40.0	15.729661303311714	-2.285825484121906	-1889.5882685178487
173.0	40.0	15.740486124575465	-2.2747059752717447	-1888.40182367148
174.0	40.0	15.751252934368114	-2.2641020733573956	-1887.2215542040838
175.0	40.0	15.761958797332857	-2.252590775835228	-1886.0471044718497
176.0	40.0	15.772607110337798	-2.2423351187510203	-1884.8786510950385
177.0	40.0	15.783199577721684	-2.2309739801822475	-1883.71576843662
178.0	40.0	15.793725929904795	-2.2208208621277015	-1882.5587695069828
179.0	40.0	15.804194499158118	-2.2093957747530952	-1881.4074817540256
180.0	40.0	15.814602475731867	-2.19951232127502	-1880.261573340938
181.0	40.0	15.82496161724475	-2.1890007196528214	-1879.1213892097644
182.0	40.0	15.835253882911331	-2.1781695444879823	-1877.9864197483362
183.0	40.0	15.845496252452866	-2.1684232316951966	-1876.857087702629
184.0	40.0	15.855672915315434	-2.1584005214411084	-1875.7330514881091
185.0	40.0	15.865801112675888	-2.148333863043348	-1874.614217988553
186.0	40.0	15.875864094454265	-2.1377925891213536	-1873.5005251090633
187.0	40.0	15.885877520404055	-2.1285038418591995	-1872.3919013911886
188.0	40.0	15.895836650514896	-2.1185077196731723	-1871.2883357060373
189.0	40.0	15.905738498804196	-2.10898075355339	-1870.1900630360747
190.0	40.0	15.91557737111196	-2.099295244771463	-1869.0964354263326
191.0	40.0	15.925369288459713	-2.089624647003423	-1868.0079395206603
192.0	40.0	15.935105547084095	-2.0802729697595237	-1866.9240865021375
193.0	40.0	15.94478768812462	-2.0710488095107835	-1865.845040829708
194.0	40.0	15.954415364120827	-2.0619612756309853	-1864.7706657781746
195.0	40.0	15.96398732560643	-2.0529520371445047	-1863.700986241247
196.0	40.0	15.973508081116451	-2.0444079464810336	-1862.6360716884928
197.0	40.0	15.982981949526481	-2.0347954485561894	-1861.5754845887664
198.0	40.0	15.992395128708983	-2.025984805401727	-1860.5192628020952
199.0	40.0	16.00175636816878	-2.016982529897693	-1859.4679381431283
200.0	40.0	16.011064679071474	-2.008994115727058	-1858.4207767066237
201.0	40.0	16.020327260182796	-1.9994480052142987	-1857.3779240094987
202.0	40.0	16.029533690296795	-1.9908334496721385	-1856.3391500244948
203.0	40.0	16.038687207063735	-1.9829146053778228	-1855.3050249869336
204.0	40.0	16.047797304253287	-1.973704081051177	-1854.2746974440845
205.0	40.0	16.056854167164126	-1.9657659056142325	-1853.2488616412857
206.0	40.0	16.06585671462022	-1.9565210784239444	-1852.226888658401
207.0	40.0	16.07481592348813	-1.9489694033653824	-1851.2091291411639
208.0	40.0	16.0837172532599	-1.9397871647029195	-1850.1951173061761
209.0	40.0	16.09257549297126	-1.9321648952366002	-1849.18532647367
210.0	40.0	16.101385421013653	-1.9233935286100412	-1848.1791656510547
211.0	40.0	16.110143721711808	-1.9158049321007724	-1847.1769882852534
212.0	40.0	16.118849601886627	-1.9069032720996741	-1846.178663774582
213.0	40.0	16.127513770277154	-1.8995824487825834	-1845.184174112091
214.0	40.0	16.136126073617515	-1.8914190515093616	-1844.1932096123955
215.0	40.0	16.144695276211234	-1.8835333765261255	-1843.2062509358993
216.0	40.0	16.153213391976706	-1.8748869166268909	-1842.2227990074114
217.0	40.0	16.161686568541576	-1.8676790544330448	-1841.2428852657613
218.0	40.0	16.17010995166784	-1.859758833310837	-1840.266481295444
219.0	40.0	16.178490822991375	-1.8520239728090633	-1839.293751876469
220.0	40.0	16.186820172657043	-1.843660348924589	-1838.3245076809214
221.0	40.0	16.195114006654148	-1.8366677730066012	-1837.358746276996
222.0	40.0	16.203346451322044	-1.8290775561833645	-1836.3961125248202
223.0	40.0	16.21154594144031	-1.8215599793410289	-1835.4373572596496
224.0	40.0	16.219696200258753	-1.8139070694032047	-1834.4816859395212
225.0	40.0	16.227797254663503	-1.8065750446527458	-1833.5291448192424
226.0	40.0	16.235862554361635	-1.7993626919627148	-1832.5799837468746
227.0	40.0	16.24387768357047	-1.792142898992285	-1831.6343332514948
228.0	40.0	16.251846894142847	-1.784905512144855	-1830.691519607542
229.0	40.0	16.25977698621825	-1.7779252913296284	-1829.7520465994878
230.0	40.0	16.26766636649288	-1.7706833979699428	-1828.8156240877609
231.0	40.0	16.275504775249946	-1.7637845438077278	-1827.8826782666329
232.0	40.0	16.28329640821152	-1.757500699374218	-1826.9524144009986
233.0	40.0	16.291055725142098	-1.7501025258061733	-1826.0250988293997
234.0	40.0	16.298771120643256	-1.743408448022858	-1825.1011086639128
235.0	40.0	16.306438905393073	-1.7366946047222536	-1824.1798691487422
236.0	40.0	16.314061610847705	-1.7299300625926706	-1823.261640214362
237.0	40.0	16.321648220718064	-1.7238972414146296	-1822.346517360027
238.0	40.0	16.329195427195458	-1.7167024610733124	-1821.434048743941
239.0	40.0	16.33670107937502	-1.7101488514811847	-1820.5244923527641
240.0	40.0	16.34416557737334	-1.7035880000788377	-1819.61772112381
241.0	40.0	16.351588303790923	-1.6977026663951174	-1818.7137629245735
242.0	40.0	16.35897027262178	-1.6905993391827574	-1817.812767468852
243.0	40.0	16.366311568718253	-1.6842835233964115	-1816.9141691408765
244.0	40.0	16.37361227631562	-1.678405204129181	-1816.018627712676
245.0	40.0	16.380873951455786	-1.6716067947164484	-1815.125611781968
246.0	40.0	16.38809477684383	-1.6658200734831117	-1814.2354164967855
247.0	40.0	16.39527539258163	-1.6589207130718409	-1813.347687861071
248.0	40.0	16.40241632360261	-1.6533785810418085	-1812.4625483022965
249.0	40.0	16.409519282456152	-1.646469949782077	-1811.5799950440926
250.0	40.0	16.416581495445584	-1.64107129613648	-1810.70007145576
251.0	40.0	16.423606670033546	-1.6342702385442587	-1809.8226446183514
252.0	40.0	16.43059284542487	-1.6288091332049865	-1808.947879650796
253.0	40.0	16.43754088267377	-1.622170277436789	-1808.0755599212537
254.0	40.0	16.444450707090144	-1.616748547280476	-1807.2054557001832
255.0	40.0	16.45132288519575	-1.6102253416708818	-1806.3382350096986
256.0	40.0	16.458158305942387	-1.6049665386168075	-1805.4731620218745
257.0	40.0	16.464957230354862	-1.5989771594748985	-1804.6104241782332
258.0	40.0	16.471734708210374	-1.5924851502424826	-1803.750238148284
259.0	40.0	16.478461499614248	-1.587305404274777	-1802.8921993282638
260.0	40.0	16.485150977761396	-1.5808557863653059	-1802.0367217794335
261.0	40.0	16.491804525066463	-1.5759007320607745	-1801.1834723190607
262.0	40.0	16.498423256625735	-1.5699314965373092	-1800.3325832496898
263.0	40.0	16.505020370917606	-1.5643812181570294	-1799.4837857810194
264.0	40.0	16.51156957263621	-1.5581125899840904	-1798.6373911764829
265.0	40.0	16.518082838854525	-1.553346450342702	-1797.7931854381475
266.0	40.0	16.524562086966206	-1.5480947699715655	-1796.9511249494797
267.0	40.0	16.531021483742133	-1.5430657992337513	-1796.111325963006
268.0	40.0	16.537435471840467	-1.5379047639375862	-1795.2738799083886
269.0	40.0	16.543813809169926	-1.5327827288143003	-1794.4381223298674
270.0	40.0	16.550157654181668	-1.5278762779348376	-1793.6049342903448
271.0	40.0	16.55648454119616	-1.5223041010704985	-1792.773668009953
272.0	40.0	16.56276611408513	-1.5182685990873566	-1791.9445122701802
273.0	40.0	16.56901341743265	-1.513162191945026	-1791.1175024219624
274.0	40.0	16.575242693370665	-1.5083834044716002	-1790.2925845570721
275.0	40.0	16.58142707894996	-1.5036050871959916	-1789.469695828441
276.0	40.0	16.58759261367827	-1.4987563851738872	-1788.6488732046885
277.0	40.0	16.593712196586768	-1.4940421632458105	-1787.8299204563423
278.0	40.0	16.599802107615773	-1.4891923597247032	-1787.0128235986215
279.0	40.0	16.605873017605468	-1.4844438700064646	-1786.1981166628127
280.0	40.0	16.611898664713465	-1.4798711003928013	-1785.3849297840786
281.0	40.0	16.617910418434512	-1.4751251644800987	-1784.574151215159
282.0	40.0	16.62387712766118	-1.4709645017040527	-1783.764920740067
283.0	40.0	16.629819410336516	-1.4658465063501531	-1782.957645599788
284.0	40.0	16.635736130475856	-1.4613342646514988	-1782.152552152094
285.0	40.0	16.641619684447132	-1.4565199962005595	-1781.3490717373616
286.0	40.0	16.647478315949645	-1.4521761855172084	-1780.5474010275957
287.0	40.0	16.653302746943655	-1.447480102931505	-1779.7479979332977
288.0	40.0	16.65910125013332	-1.4431619786677876	-1778.9503353094326
289.0	40.0	16.66487160349211	-1.4389820583679884	-1778.154236049728
290.0	40.0	16.67061279726191	-1.4355753660786694	-1777.3599688635802
291.0	40.0	16.676327715479612	-1.4310690496810543	-1776.567647369273
292.0	40.0	16.68201403246364	-1.4270305859899692	-1775.7771902980387
293.0	40.0	16.687673397812183	-1.4231427615473144	-1774.9881965659374
294.0	40.0	16.693305465720822	-1.4192547219749576	-1774.201175439051
295.0	40.0	16.698917392597245	-1.4160105008033963	-1773.415814443787
296.0	40.0	16.70449676078931	-1.4115059847065867	-1772.632207816763
297.0	40.0	16.710049614305323	-1.407584946100088	-1771.8505002733607
298.0	40.0	16.715577632586655	-1.4046625215108879	-1771.0701862342623
299.0	40.0	16.721078452653284	-1.4000794521264897	-1770.2920428364691
300.0	40.0	16.72655319937214	-1.3963544257725278	-1769.5153647243376
301.0	40.0	16.732008679291777	-1.392599475920507	-1768.7400054764844
302.0	40.0	16.73743431842578	-1.3894349657440135	-1767.9668114869273
303.0	40.0	16.74282907802738	-1.3850319551373844	-1767.1948602783705
304.0	40.0	16.748210305288065	-1.3814947547004781	-1766.425076682162
305.0	40.0	16.753548723680385	-1.3782439387797276	-1765.6562987143452
306.0	40.0	16.758880277335106	-1.3741925388142935	-1764.889462986464
307.0	40.0	16.764184872335314	-1.3710600480936124	-1764.1242481995964
308.0	40.0	16.769452546674174	-1.3667934592003352	-1763.3606684343774
309.0	40.0	16.77470815013731	-1.3632507625552668	-1762.5985212729693
310.0	40.0	16.779941075564224	-1.3603817894919792	-1761.8380287552413
311.0	40.0	16.78513377304676	-1.3562186361403221	-1761.0790848409679
312.0	40.0	16.790319585453545	-1.3524984930347546	-1760.321975195502
313.0	40.0	16.795472321428527	-1.349798463283737	-1759.566268058775
314.0	40.0	16.800607368885693	-1.3456909380691542	-1758.8119862413905
315.0	40.0	16.80571480354942	-1.3428380412553336	-1758.0590677529817
316.0	40.0	16.81079497250228	-1.3388235602670935	-1757.3079515480804
317.0	40.0	16.815861701513292	-1.3357264557562654	-1756.5584619367514
318.0	40.0	16.820903181279192	-1.3319579240740904	-1755.8103467154478
319.0	40.0	16.82591596170296	-1.3290097172080446	-1755.0635164383466
320.0	40.0	16.830908185163207	-1.3251939297174804	-1754.318365932669
321.0	40.0	16.83588139153325	-1.322382025500686	-1753.5748813144799
322.0	40.0	16.84082674179625	-1.31832627054291	-1752.8325980378984
323.0	40.0	16.845754395077346	-1.315242915724772	-1752.0919088322432
324.0	40.0	16.850656967603932	-1.3125172480822294	-1751.3528050695186
325.0	40.0	16.855535218716227	-1.3088893674016835	-1750.6149255573637
326.0	40.0	16.860397753667343	-1.3062197462489598	-1749.8786006502382
327.0	40.0	16.865239862723463	-1.3027402583749053	-1749.1436254196528
328.0	40.0	16.870059889354973	-1.3003376144810406	-1748.4103225806034
329.0	40.0	16.874842817229926	-1.2969633505701008	-1747.6783994581933
330.0	40.0	16.879620898299358	-1.29456294280514	-1746.9477902455765
331.0	40.0	16.88437742499956	-1.291597159499723	-1746.2185614834348
332.0	40.0	16.88910294191773	-1.288338894875608	-1745.490789394843
333.0	40.0	16.89381697796243	-1.286081280920243	-1744.7644100467219
334.0	40.0	16.89851087952995	-1.2826522609986826	-1744.039525855529
335.0	40.0	16.90317465384508	-1.2804868426023586	-1743.3157462197173
336.0	40.0	16.907818984560947	-1.2771165240477138	-1742.5933696529914
337.0	40.0	16.912450064205306	-1.2749863322370956	-1741.8728088498015
338.0	40.0	16.917059074329284	-1.2717167460568655	-1741.153469759722
339.0	40.0	16.92164882240121	-1.2694458941236042	-1740.4355636615455
340.0	40.0	16.926210637658723	-1.2669562238089063	-1739.7186658764858
341.0	40.0	16.93075478469954	-1.2635764173706778	-1739.0033400711307
342.0	40.0	16.9352826619084	-1.2615329561619728	-1738.2894399261354
343.0	40.0	16.939792086072842	-1.2582613930726412	-1737.576676415247
344.0	40.0	16.94428261506514	-1.256386113752599	-1736.865318771024
345.0	40.0	16.948742666034182	-1.2535859984757383	-1736.155609288691
346.0	40.0	16.95319462659201	-1.2504742782076173	-1735.4469520485584
347.0	40.0	16.957620794051646	-1.2484211405366268	-1734.7398614531205
348.0	40.0	16.962034163464406	-1.2459144872988774	-1734.0337605186796
349.0	40.0	16.96642534375128	-1.2427640837310785	-1733.3290404276531
350.0	40.0	16.970791998995015	-1.2408349508873984	-1732.625973146775
351.0	40.0	16.975148291058144	-1.2382551264283763	-1731.9237687153975
352.0	40.0	16.979485827073372	-1.2352221322565653	-1731.2234227393546
353.0	40.0	16.98380465539853	-1.233295450661268	-1730.5239505999093
354.0	40.0	16.98810227775276	-1.230732958899329	-1729.82590454447
355.0	40.0	16.992384287326193	-1.2277902082180008	-1729.128912123761
356.0	40.0	16.996633525739785	-1.2259026755140734	-1728.4337018806343
357.0	40.0	17.000879350003952	-1.2232720644429544	-1727.739536651082
358.0	40.0	17.00510390537873	-1.2204758470432684	-1727.0468500821407
359.0	40.0	17.00931249051142	-1.2186057723556663	-1726.35534002062
360.0	40.0	17.013503862064645	-1.2162366855547473	-1725.6650579462469
361.0	40.0	17.01767713944559	-1.2131263380187176	-1724.976101876037
362.0	40.0	17.021824405213746	-1.2114846408929278	-1724.2883747920037
363.0	40.0	17.025960646412113	-1.2090787184085825	-1723.6018985910036
364.0	40.0	17.03008163397985	-1.2067350692937577	-1722.917067307421
365.0	40.0	17.034185733126705	-1.2040447080987229	-1722.2332539077702
366.0	40.0	17.038273850584936	-1.2024016036821006	-1721.5507685164787
367.0	40.0	17.04234426411332	-1.20025715896711	-1720.869295395412
368.0	40.0	17.046399526407846	-1.1975652517922335	-1720.1893362219287
369.0	40.0	17.050429395534827	-1.1959674909730533	-1719.5103777499867
370.0	40.0	17.054443522242746	-1.193961413760906	-1718.8328373405914
371.0	40.0	17.05844946536992	-1.1918819514998782	-1718.156406513849
372.0	40.0	17.062440577551488	-1.189794660233612	-1717.4815493730457
373.0	40.0	17.06641576726143	-1.187141818459342	-1716.8077900032838
374.0	40.0	17.070375649270925	-1.185577516880499	-1716.135215199258
375.0	40.0	17.07431885246848	-1.1837239112956957	-1715.4642304518068
376.0	40.0	17.078248390733673	-1.1815434209608378	-1714.79397573216
377.0	40.0	17.08216345150093	-1.1791167534083873	-1714.125335630554
378.0	40.0	17.0860639927472	-1.1775922755408732	-1713.4578286848512
379.0	40.0	17.08995039638891	-1.1756656179339935	-1712.79137191085
380.0	40.0	17.093821736428477	-1.173643614894694	-1712.1263021989498
381.0	40.0	17.09766876347438	-1.171147798435416	-1711.4623350883974
382.0	40.0	17.101512450571303	-1.1697459440283926	-1710.799757672357
383.0	40.0	17.10534144303758	-1.1678293978577448	-1710.1383531690176
384.0	40.0	17.109155780551024	-1.165936302158903	-1709.47800573241
385.0	40.0	17.112957814245583	-1.1640505686912048	-1708.8189345463966
386.0	40.0	17.116745747110325	-1.1620339856682256	-1708.1609231205534
387.0	40.0	17.12052110811415	-1.1596119118312898	-1707.5046232539344
388.0	40.0	17.124281311121134	-1.1584143886080482	-1706.8492470825504
389.0	40.0	17.128030301259457	-1.1564446164397495	-1706.1949666687565
390.0	40.0	17.13176605315895	-1.1546919625452439	-1705.5419639263428
391.0	40.0	17.135489780450506	-1.152672744503925	-1704.8902255954115
392.0	40.0	17.139200881077308	-1.1505516929167006	-1704.2396069458225
393.0	40.0	17.142899709754587	-1.149011601672948	-1703.5899691774753
394.0	40.0	17.14658709031126	-1.1474985038198378	-1702.9415523558737
395.0	40.0	17.150260127108407	-1.1456563739466654	-1702.2945867468839
396.0	40.0	17.153924040211628	-1.143813646269563	-1701.6487202268622
397.0	40.0	17.1575684689679	-1.142162484461549	-1701.0036468854612
398.0	40.0	17.16120957027332	-1.1397644252964902	-1700.3600559634901
399.0	40.0	17.164839378623803	-1.138691347551964	-1699.717547561249
400.0	40.0	17.16845770544773	-1.1371061744368127	-1699.0759586215188
401.0	40.0	17.172064998573205	-1.135335928202896	-1698.4355628232706
402.0	40.0	17.17566109244338	-1.133792885988064	-1697.7965801632758
403.0	40.0	17.179243760439256	-1.1321169037384335	-1697.1583545823376
404.0	40.0	17.18281728992518	-1.1305749619478238	-1696.5215582444666
405.0	40.0	17.18638121966096	-1.1288511588137273	-1695.8855198762035
406.0	40.0	17.189933676651414	-1.126737023397368	-1695.2508356367314
407.0	40.0	17.19347567093546	-1.1258079999680919	-1694.6170596049726
408.0	40.0	17.197006902334763	-1.1241736145589833	-1693.9842621106088
409.0	40.0	17.200527931935778	-1.1226206616323797	-1693.3529771894812
410.0	40.0	17.204038649689227	-1.121209819996111	-1692.7224239792693
411.0	40.0	17.207536457231797	-1.1195491576291896	-1692.093083934238
412.0	40.0	17.21102591078524	-1.1180585424027418	-1691.4648460011435
413.0	40.0	17.214511079627673	-1.1166121290818583	-1690.8374992637973
414.0	40.0	17.2179801198055	-1.11455066234136	-1690.211251403261
415.0	40.0	17.221437774370116	-1.113678854680333	-1689.58596179382
416.0	40.0	17.2248867954172	-1.112193109844681	-1688.961682887693
417.0	40.0	17.228326460683736	-1.1108069328994679	-1688.3384463996488
418.0	40.0	17.231754024953702	-1.1092958817543268	-1687.7162916030663
419.0	40.0	17.23517318407963	-1.107899640236683	-1687.0951637520293
420.0	40.0	17.238572636921404	-1.1066124005515634	-1686.4747660884652
421.0	40.0	17.24197160800496	-1.105236836048016	-1685.8556658483456
422.0	40.0	17.245361160143005	-1.1036471799774088	-1685.237138565477
423.0	40.0	17.248741281023143	-1.102655960219091	-1684.619813724403
424.0	40.0	17.252111225805223	-1.1012172218926224	-1684.003363478144
425.0	40.0	17.25547309492854	-1.0994936334006418	-1683.3882453569065
426.0	40.0	17.25882457447217	-1.09884693402962	-1682.7737216489227
427.0	40.0	17.262166547846476	-1.097616486230117	-1682.1601350238434
428.0	40.0	17.26550016787114	-1.0962538109471993	-1681.5473542183856
429.0	40.0	17.26882189956307	-1.095275532919501	-1680.935627285166
430.0	40.0	17.272136538256596	-1.0940164365726996	-1680.3246081303612
431.0	40.0	17.27544198340668	-1.0926536427382993	-1679.7146721414751
432.0	40.0	17.278738565722158	-1.0916727194446845	-1679.1054511099098
433.0	40.0	17.282024926052667	-1.0902983089282587	-1678.4973168591084
434.0	40.0	17.285303211242603	-1.0892586432556637	-1677.889652332147
435.0	40.0	17.28857222197596	-1.0878980204566084	-1677.2832340299208
436.0	40.0	17.291838603677764	-1.0868823339142786	-1676.6777332174747
437.0	40.0	17.29508956211127	-1.0856214713353738	-1676.0727556642196
438.0	40.0	17.298332236431527	-1.084441411630577	-1675.4688848754447
439.0	40.0	17.301563060657568	-1.0833371100787466	-1674.8656083993283
440.0	40.0	17.304788719917962	-1.082219244439499	-1674.2631323696755
441.0	40.0	17.308004505490217	-1.0810905608759787	-1673.6618693384728
442.0	40.0	17.3112128330405	-1.079837310450724	-1673.061002964798
443.0	40.0	17.314412507438867	-1.078863881330657	-1672.4609244905494
444.0	40.0	17.317602982685695	-1.077699634469754	-1671.8616315880872
445.0	40.0	17.320784982218537	-1.0765206994275807	-1671.2632343881567
446.0	40.0	17.323959709872803	-1.0748817876345311	-1670.665821421661
447.0	40.0	17.327117254613565	-1.0743954679822791	-1670.0687526160627
448.0	40.0	17.330274937692394	-1.073317942690394	-1669.4724633296687
449.0	40.0	17.333424611711205	-1.0721459729274272	-1668.8771516752336
450.0	40.0	17.33656373994487	-1.0712483814252516	-1668.2827247935047
451.0	40.0	17.33969738707412	-1.0701128333956538	-1667.688339669278
452.0	40.0	17.342822174832637	-1.0688911935443215	-1667.0956499460694
453.0	40.0	17.34593975077629	-1.0679576405645064	-1666.5031034439808
454.0	40.0	17.34904956761514	-1.0670023418313683	-1665.9113232711227
455.0	40.0	17.35215054756212	-1.0658500938869968	-1665.3201887759913
456.0	40.0	17.35524463637727	-1.064952221197173	-1664.7299346802286
457.0	40.0	17.358330165365256	-1.0638337091169878	-1664.1402729961076
458.0	40.0	17.36140866322438	-1.0628183793628452	-1663.551392381473
459.0	40.0	17.36447969719998	-1.0618299065356978	-1662.963220596852
460.0	40.0	17.36754278491229	-1.0609020321283427	-1662.3752262848807
461.0	40.0	17.370595843040295	-1.059814322181203	-1661.7886099588463
462.0	40.0	17.373644000477327	-1.0588377316333433	-1661.2022250656696
463.0	40.0	17.376684895624553	-1.0578503778372936	-1660.6166179176043
464.0	40.0	17.379724004064396	-1.056980635837971	-1660.0315635027932
465.0	40.0	17.38275042833156	-1.055914730394554	-1659.4475221390699
466.0	40.0	17.385768671825804	-1.0549114112779896	-1658.8638491406978
467.0	40.0	17.388780256261185	-1.0540451947321698	-1658.2806609638662
468.0	40.0	17.391785160377314	-1.0532019540334647	-1657.6984037332072
469.0	40.0	17.394782892096266	-1.0521709090003462	-1657.1166920290657
470.0	40.0	17.397772830856088	-1.0512657140416146	-1656.535935412425
471.0	40.0	17.400756493288778	-1.0503347269070629	-1655.9550807932283
472.0	40.0	17.40373109357003	-1.049455836517546	-1655.375270009618
473.0	40.0	17.40670047848528	-1.0486886034314464	-1654.7962434122408
474.0	40.0	17.4096631458874	-1.0480539538416054	-1654.2176588886548
475.0	40.0	17.412619598305156	-1.0472355305100243	-1653.6398693915094
476.0	40.0	17.415561094321724	-1.0465768115521232	-1653.062186552015
477.0	40.0	17.418503413227146	-1.0459185337445636	-1652.4857126600825
478.0	40.0	17.421438678735925	-1.0451824639311031	-1651.9092693527928
479.0	40.0	17.42436863120632	-1.0444812818181117	-1651.3337921183738
480.0	40.0	17.42729159238621	-1.0438578905121183	-1650.7589508879971
481.0	40.0	17.430207820935387	-1.0425906184887022	-1650.1843489085015
482.0	40.0	17.433118336478927	-1.0423481817867142	-1649.6105003383543
483.0	40.0	17.436021764258477	-1.041818550936993	-1649.0375431001191
484.0	40.0	17.438916675210027	-1.041011129144906	-1648.4647150587546
485.0	40.0	17.441807933134193	-1.0405606037581654	-1647.8925903290096
486.0	40.0	17.4446931606322	-1.0397838954059329	-1647.321348731252
487.0	40.0	17.447570543736557	-1.0390431093923662	-1646.7502977711283
488.0	40.0	17.450444544844753	-1.0385525079161033	-1646.1798179500452
489.0	40.0	17.45331093534586	-1.037831885942175	-1645.6101729149823
490.0	40.0	17.45617068304481	-1.0371892514392025	-1645.0406461666305
491.0	40.0	17.459025635807915	-1.0366193043746785	-1644.4721187794996
492.0	40.0	17.461874019283886	-1.0358468180877416	-1643.9041118841317
493.0	40.0	17.464716109653704	-1.0353483021357033	-1643.3365728702267
494.0	40.0	17.46755337761617	-1.034825305578294	-1642.7696167486943
495.0	40.0	17.47038212691802	-1.034033636296196	-1642.2029022421682
496.0	40.0	17.473207062065157	-1.033398641548964	-1641.6371526851447
497.0	40.0	17.476026728968495	-1.032902016275116	-1641.0718861570174
498.0	40.0	17.478840818941997	-1.03227291195407	-1640.5070078788272
499.0	40.0	17.48164851704518	-1.0317452790710293	-1639.9425276161871
500.0	40.0	17.484451118394635	-1.0311716121575172	-1639.379094884315
501.0	40.0	17.487248849426432	-1.0304918958182605	-1638.8154502678979
502.0	40.0	17.49003214441202	-1.0299085875973168	-1638.2529524518993
503.0	40.0	17.49281876584396	-1.0294098794974982	-1637.690949145277
504.0	40.0	17.49559929885894	-1.0287865218026324	-1637.1291993975112
505.0	40.0	17.498374157433414	-1.028382114173793	-1636.5684091169096
506.0	40.0	17.501144415295123	-1.0280206494708775	-1636.0078434423272
507.0	40.0	17.503907962775976	-1.0274748743022184	-1635.4476539646264
508.0	40.0	17.50666753123578	-1.0272260948938043	-1634.8879714553516
509.0	40.0	17.509421617710107	-1.026708590442567	-1634.3290917573472
510.0	40.0	17.51217105442267	-1.0264006561990613	-1633.7709276560336
511.0	40.0	17.51491574165735	-1.0259986204941427	-1633.2123846052618
512.0	40.0	17.517654572520154	-1.025691779196996	-1632.6552616345523
513.0	40.0	17.520388834298586	-1.0252684871989615	-1632.0983032469474
514.0	40.0	17.52311861292197	-1.0248957703724584	-1631.5416361333353
515.0	40.0	17.525843166076815	-1.0244852212709679	-1630.985991035649
516.0	40.0	17.52856278995589	-1.024165523995925	-1630.4303461631837
517.0	40.0	17.531275313469727	-1.0239269417945203	-1629.8753355917377
518.0	40.0	17.533985327289233	-1.0233261963689413	-1629.321176956604
519.0	40.0	17.536690601215447	-1.0231485158824063	-1628.7673284871278
520.0	40.0	17.539391402391217	-1.0227599001695498	-1628.2137846688531
521.0	40.0	17.542087244167067	-1.022385503685665	-1627.6609426658936
522.0	40.0	17.54477808662572	-1.0221955612850406	-1627.1084912706524
523.0	40.0	17.547457205100923	-1.0216791374277503	-1626.5562304052662
524.0	40.0	17.55013935705491	-1.0215496016656112	-1626.004744911619
525.0	40.0	17.55281663595854	-1.0210583665382773	-1625.453921023491
526.0	40.0	17.555490267155548	-1.0207780607436547	-1624.9035589113528
527.0	40.0	17.558158298394115	-1.0205064844757077	-1624.3535967425419
528.0	40.0	17.560820774992525	-1.020292542492521	-1623.8038602522338
529.0	40.0	17.56348051725744	-1.0196537709785563	-1623.2551279724992
530.0	40.0	17.56613726398637	-1.0196804392784677	-1622.7068004036194
531.0	40.0	17.568788226312144	-1.0193526960361947	-1622.1586766471273
532.0	40.0	17.57143517295353	-1.0188735041490018	-1621.6106933028232
533.0	40.0	17.574078963243394	-1.018792817930109	-1621.0641643319914
534.0	40.0	17.57671710993559	-1.0183625716287412	-1620.5170938475803
535.0	40.0	17.57935126492285	-1.0181187118184947	-1619.971136350399
536.0	40.0	17.581983387624394	-1.0178012133696164	-1619.4253029380352
537.0	40.0	17.584609257110856	-1.0175888338575705	-1618.8803293033088
538.0	40.0	17.587229517746795	-1.01750349050013	-1618.3355329090507
539.0	40.0	17.589840169658384	-1.0172596571370394	-1617.7914733339542
540.0	40.0	17.59245547773137	-1.0174249035874205	-1617.2474388928954
541.0	40.0	17.595065472969026	-1.0167566675807134	-1616.704203552579
542.0	40.0	17.59767293752913	-1.0173310691586634	-1616.1613193875457
543.0	40.0	17.600276500849617	-1.0171168828685153	-1615.6187825595725
544.0	40.0	17.602875944925444	-1.0172460282332674	-1615.0769273997057
545.0	40.0	17.60547160356344	-1.0171276293131715	-1614.5356980744473
546.0	40.0	17.608063622508247	-1.0171595672044724	-1613.9942030769357
547.0	40.0	17.610649642267045	-1.0169819705955072	-1613.4537138499588
548.0	40.0	17.613233887068816	-1.0172450522549423	-1612.9135398254339
549.0	40.0	17.615815029512888	-1.016974824765114	-1612.3741174550698
550.0	40.0	17.61839204650948	-1.0169543118956599	-1611.8345421198671
551.0	40.0	17.620966546879895	-1.0169085875550263	-1611.295638706935
552.0	40.0	17.6235363984463	-1.017057650530274	-1610.7571028462535
553.0	40.0	17.62609515339621	-1.016849513741	-1610.2193130784897
554.0	40.0	17.628659229719293	-1.0168919522720057	-1609.681923060759
555.0	40.0	17.63121951588159	-1.0169634828923875	-1609.144837997032
556.0	40.0	17.633773572118386	-1.0168808450728313	-1608.6080749504806
557.0	40.0	17.636327349207953	-1.0169050054682358	-1608.0719864347348
558.0	40.0	17.638877233617986	-1.0169459884638032	-1607.536155023574
559.0	40.0	17.641424903983875	-1.0163937867621273	-1607.0008888336126
560.0	40.0	17.643967814248747	-1.017114864329409	-1606.4659933245455
561.0	40.0	17.646507979082678	-1.0170017055547689	-1605.9312504047675
562.0	40.0	17.64904500080757	-1.0172970796112912	-1605.3975886550443
563.0	40.0	17.651573614449973	-1.0172826635449235	-1604.8635086127608
564.0	40.0	17.654104244891776	-1.0173352325702214	-1604.3309752035843
565.0	40.0	17.65662133047131	-1.0176189165751188	-1603.7975695670627
566.0	40.0	17.659146344680888	-1.0176603333254746	-1603.265567016665
567.0	40.0	17.661668329721135	-1.0176277143071406	-1602.73345997738
568.0	40.0	17.664187044080045	-1.0179293288842644	-1602.201876399365
569.0	40.0	17.6667026610571	-1.0179322610390642	-1601.6705955684117
570.0	40.0	17.669216399886103	-1.0181860556985989	-1601.1399890941939
571.0	40.0	17.671726155995167	-1.0177973081764808	-1600.6095964938393
572.0	40.0	17.674232620110807	-1.0185781546364947	-1600.0795251101104
573.0	40.0	17.67673551392388	-1.0187123861068295	-1599.5500853848825
574.0	40.0	17.67923662016703	-1.0190802690771172	-1599.020788993316
575.0	40.0	17.681735686117314	-1.0192029342827853	-1598.4920634736648
576.0	40.0	17.684222930730026	-1.019489903169192	-1597.96398843693
577.0	40.0	17.686716706013755	-1.019790928492921	-1597.4353939517955
578.0	40.0	17.689206838176695	-1.0199708353020853	-1596.9082383020634
579.0	40.0	17.691695312013678	-1.0202722192161464	-1596.3807486748187
580.0	40.0	17.694178747673092	-1.0205882781266333	-1595.8543476652728
581.0	40.0	17.69665562674587	-1.0201935122660406	-1595.327858647388
582.0	40.0	17.699135833658232	-1.0209829476803438	-1594.8015965733907
583.0	40.0	17.70161323485658	-1.0211936633498848	-1594.2758748276417
584.0	40.0	17.704088607331965	-1.0214302749647577	-1593.7510155972218
585.0	40.0	17.70655283302145	-1.0217653679831695	-1593.225788373496
586.0	40.0	17.70902278370171	-1.0219960569691817	-1592.701323190572
587.0	40.0	17.711491213962034	-1.0222706845775809	-1592.1772148702344
588.0	40.0	17.713954298671847	-1.0225306315860183	-1591.6534094059843
589.0	40.0	17.71641730621072	-1.0221980703037266	-1591.1300457692557
590.0	40.0	17.71887793855221	-1.023198346221917	-1590.6068257425418
591.0	40.0	17.72133654813111	-1.0232639293962622	-1590.0841472995494
592.0	40.0	17.723792381548183	-1.023641348919625	-1589.5618805087688
593.0	40.0	17.726246126454143	-1.0239048524101493	-1589.0398538523946
594.0	40.0	17.72868321150611	-1.0242104360095368	-1588.5180707956317
595.0	40.0	17.731130818655757	-1.0244124502087693	-1587.9969382886081
596.0	40.0	17.733578016211407	-1.0248079557859304	-1587.4761006340157
597.0	40.0	17.73602228615916	-1.0246563178932115	-1586.9556916768122
598.0	40.0	17.738465050223898	-1.0253795714611682	-1586.4353518825615
599.0	40.0	17.740906062728286	-1.0259449078020433	-1585.915283044526
600.0	40.0	17.743344495545674	-1.026271898653697	-1585.3959468330224
601.0	40.0	17.745779563242618	-1.0265730727672657	-1584.8768401363711
602.0	40.0	17.748206280328287	-1.0270910998009901	-1584.3576863324856
603.0	40.0	17.75063860455296	-1.0269626383147066	-1583.8394624669788
604.0	40.0	17.753068991724035	-1.0277236430576822	-1583.320897756447
605.0	40.0	17.755491340909266	-1.028167598511491	-1582.8032070792742
606.0	40.0	17.757917918976034	-1.0286043986824656	-1582.2859100165524
607.0	40.0	17.760342684562154	-1.0289990662261876	-1581.7686777313518
608.0	40.0	17.762763524186283	-1.0294056494555492	-1581.2516819332684
609.0	40.0	17.765176461258825	-1.0292614502147386	-1580.7352420149982
610.0	40.0	17.767595863813575	-1.030069841293315	-1580.2189465314113
611.0	40.0	17.770013100860762	-1.0305218184083353	-1579.7032169411025
612.0	40.0	17.772428274045417	-1.030992339214891	-1579.187516034972
613.0	40.0	17.77484238785201	-1.0313127019858321	-1578.6722854171392
614.0	40.0	17.7772466284472	-1.0317867162626067	-1578.1573389691819
615.0	40.0	17.77965675493394	-1.03158569743556	-1577.6426434630152
616.0	40.0	17.78205768483788	-1.0324819387492978	-1577.1286419278167
617.0	40.0	17.784464228043156	-1.0330334222336304	-1576.6144487809258
618.0	40.0	17.786869712311905	-1.0333516425865528	-1576.100579626533
619.0	40.0	17.789273462480796	-1.0337138628720743	-1575.5869450650018
620.0	40.0	17.79167363955382	-1.0337293927885849	-1575.074123961288
621.0	40.0	17.79407358150829	-1.0344997024931262	-1574.5611473144086
622.0	40.0	17.796471949912117	-1.0349721866421953	-1574.0488295857772
623.0	40.0	17.798855720585106	-1.0355653365857755	-1573.536733955794
624.0	40.0	17.801251511939533	-1.0357073762440239	-1573.02438714879
625.0	40.0	17.80364385028597	-1.035798308972099	-1572.5130028462318
626.0	40.0	17.806036526786844	-1.0367763535445749	-1572.0017429628754
627.0	40.0	17.808428078958705	-1.0369626946858987	-1571.490663913421
628.0	40.0	17.81081792274726	-1.0375219897157553	-1570.979774128562
629.0	40.0	17.81319892242384	-1.0375109842340609	-1570.4693766741684
630.0	40.0	17.815579952623608	-1.0384159363169556	-1569.9589780928352
631.0	40.0	17.817963295126656	-1.038858871688407	-1569.448849985233
632.0	40.0	17.82034774137142	-1.039187314121226	-1568.939251358066
633.0	40.0	17.82273045868965	-1.0391945027090226	-1568.429999976698
634.0	40.0	17.825113087987702	-1.0401881010001774	-1567.9206980034592
635.0	40.0	17.82748525358751	-1.0405817478318946	-1567.4118201486071
636.0	40.0	17.82986227857034	-1.0408846454161238	-1566.9030783107755
637.0	40.0	17.832233933800726	-1.0415201583857503	-1566.3945928301573
638.0	40.0	17.83461073577032	-1.0414145311954115	-1565.8867710038562
639.0	40.0	17.836986488207916	-1.0423421843008487	-1565.3787884327994
640.0	40.0	17.83936040751251	-1.042820162867114	-1564.8712399328545
641.0	40.0	17.841725388134464	-1.0433350262124943	-1564.3640860736816
642.0	40.0	17.84409560483304	-1.0434348887134917	-1563.8568538678358
643.0	40.0	17.846466018963724	-1.0443469285195202	-1563.3498521730949
644.0	40.0	17.848830122807517	-1.0447354375506863	-1562.8433224872483
645.0	40.0	17.851198991055416	-1.0449601558904138	-1562.337064077535
646.0	40.0	17.853557900932095	-1.045884631710923	-1561.8309986939048
647.0	40.0	17.855922222878426	-1.0463144909365618	-1561.3250599848045
648.0	40.0	17.858287416642767	-1.0469922031404377	-1560.8198473957927
649.0	40.0	17.860652136457855	-1.0468402597144453	-1560.3140450435094
650.0	40.0	17.86300945600207	-1.0479611313232486	-1559.8090376113234
651.0	40.0	17.86536419232715	-1.0484702885413204	-1559.3040076659713
652.0	40.0	17.86772264491141	-1.0488873851335896	-1558.7992720273303
653.0	40.0	17.87008357137944	-1.0488988987779921	-1558.295291032596
654.0	40.0	17.872442998943182	-1.0501167400980713	-1557.7904708595713
655.0	40.0	17.874801150135685	-1.0504650069815509	-1557.28650199156
656.0	40.0	17.877143055862778	-1.0504891437800292	-1556.7825622449818
657.0	40.0	17.87949964517222	-1.051614606390762	-1556.2793383946407
658.0	40.0	17.881855703177784	-1.0520163571003676	-1555.7759366911698
659.0	40.0	17.884209792417987	-1.05218619400229	-1555.2725649774763
660.0	40.0	17.886564558836735	-1.0531833047886265	-1554.769440086357
661.0	40.0	17.888901498628755	-1.053469090861461	-1554.2670733923364
662.0	40.0	17.891254342702524	-1.0542576438167448	-1553.7644201692685
663.0	40.0	17.893606256806137	-1.0542996111838892	-1553.2619718787287
664.0	40.0	17.89595711952043	-1.0552411033131026	-1552.7598097572215
665.0	40.0	17.898306877448505	-1.0558422655064703	-1552.2581563582135
666.0	40.0	17.900646240591843	-1.0559342503231626	-1551.756426325849
667.0	40.0	17.902988812340336	-1.0569127195349024	-1551.2549340067874
668.0	40.0	17.905336837419046	-1.0573119220488305	-1550.753639963432
669.0	40.0	17.907684516142545	-1.0575119966421467	-1550.252669465872
670.0	40.0	17.910029261685967	-1.0585498409977263	-1549.7516009368019
671.0	40.0	17.912366328965884	-1.0592780067147938	-1549.2505010066138
672.0	40.0	17.914705909587102	-1.0593956916769027	-1548.7499626880988
673.0	40.0	17.917050792742835	-1.0605831693729024	-1548.2498623772403
674.0	40.0	17.919392407354653	-1.0611498737722165	-1547.7495094300523
675.0	40.0	17.92172789391278	-1.0614033560416596	-1547.2496705995766
676.0	40.0	17.924070578278105	-1.0623940590653287	-1546.749741382663
677.0	40.0	17.926406916240072	-1.063187894711939	-1546.2500271080187
678.0	40.0	17.92874853632508	-1.063235322869025	-1545.7505310996687
679.0	40.0	17.93107957750516	-1.0645504496471014	-1545.2514450811395
680.0	40.0	17.93341978012104	-1.0645574249549747	-1544.7520472485241
681.0	40.0	17.935754350586073	-1.0656596179352225	-1544.253460811415
682.0	40.0	17.938093766020813	-1.0664109134924042	-1543.7544382784865
683.0	40.0	17.94043050185427	-1.0666116983594278	-1543.2556335238448
684.0	40.0	17.942760483162996	-1.0676623274558832	-1542.757566671749
685.0	40.0	17.94509904063832	-1.0683357305889485	-1542.2591603117492
686.0	40.0	17.947430904527568	-1.0685543625765113	-1541.7610824938733
687.0	40.0	17.9497660136142	-1.0696545336008199	-1541.2632835330976
688.0	40.0	17.95209466961329	-1.069952350815613	-1540.765151350301
689.0	40.0	17.95443069332736	-1.0708037080174184	-1540.2676272962447
690.0	40.0	17.956760385219948	-1.0717233061056441	-1539.770144356123
691.0	40.0	17.95909379653455	-1.071868987610372	-1539.2729596087815
692.0	40.0	17.961420814369667	-1.0730107195860819	-1538.7754686780079
693.0	40.0	17.963755358614453	-1.0731171850190067	-1538.2788539179564
694.0	40.0	17.96608404985369	-1.0742905128162297	-1537.7816480497397
695.0	40.0	17.96841627609763	-1.0750312752466502	-1537.2845326714605
696.0	40.0	17.970740679991994	-1.0751972188072876	-1536.7879597551275
697.0	40.0	17.97307455836549	-1.0762908755816691	-1536.2917943822051
698.0	40.0	17.97540771255166	-1.0765447428743364	-1535.7954266464058
699.0	40.0	17.977732178395847	-1.0776709279000694	-1535.2991695307662
700.0	40.0	17.980056551482047	-1.078432718971879	-1534.8033004958759
701.0	40.0	17.98238833919062	-1.0785381564639427	-1534.3075303879718
702.0	40.0	17.984720065191222	-1.0796582495739266	-1533.8111361993676
703.0	40.0	17.98703557201432	-1.0800438482617993	-1533.31597509798
704.0	40.0	17.989367229312116	-1.081058425500842	-1532.8203092250053
705.0	40.0	17.99169807160326	-1.081306368920234	-1532.3250952519275
706.0	40.0	17.994026536130495	-1.0824451317536126	-1531.829700044984
707.0	40.0	17.996344062373907	-1.0831431580957127	-1531.3349286059715
708.0	40.0	17.998674124756985	-1.0834458169981678	-1530.83972055521
709.0	40.0	18.0010050039273	-1.084515490400225	-1530.344674956818
710.0	40.0	18.003326347674648	-1.0847527071888161	-1529.8499615420403
711.0	40.0	18.005648472865058	-1.085955851170958	-1529.3554232386057
712.0	40.0	18.007977573218845	-1.0860898956467124	-1528.8608440412486
713.0	40.0	18.0103076420968	-1.0873819554974173	-1528.3667276556266
714.0	40.0	18.01262066935114	-1.0875474009923807	-1527.8721332142502
715.0	40.0	18.01495021857475	-1.0887443818016602	-1527.3781592749572
716.0	40.0	18.017279215095847	-1.0889171150280847	-1526.8836777803372
717.0	40.0	18.019605331154537	-1.0900874343665372	-1526.389909240251
718.0	40.0	18.021920311524777	-1.0909126073558915	-1525.8962550506803
719.0	40.0	18.0242493196434	-1.0911824221579915	-1525.402424221063
720.0	40.0	18.026578071915498	-1.0922532655754897	-1524.9089605677907
721.0	40.0	18.028890455504616	-1.092504968043008	-1524.415303960149
722.0	40.0	18.03121879288382	-1.0935937321781668	-1523.92189286878
723.0	40.0	18.033546944958857	-1.0940055140879676	-1523.4283964230674
724.0	40.0	18.0358742497255	-1.0951531909790522	-1522.935470937683
725.0	40.0	18.038188406462716	-1.0953214910855655	-1522.4423557153302
726.0	40.0	18.04051622175413	-1.0965347338164366	-1521.9494327212117
727.0	40.0	18.042844704829125	-1.0968713748846741	-1521.4565419950397
728.0	40.0	18.04515707093418	-1.0980711766648554	-1520.9631851576605
729.0	40.0	18.047484922405033	-1.0982769552379457	-1520.4707376700942
730.0	40.0	18.049813661600673	-1.0994149113363154	-1519.9779531893332
731.0	40.0	18.052138823764118	-1.0997178147350695	-1519.4854660213177
732.0	40.0	18.0544536300537	-1.1009731692783276	-1518.9931238299698
733.0	40.0	18.05678207503261	-1.1011778153188831	-1518.5004805532478
734.0	40.0	18.059110104453453	-1.1018845675691344	-1518.0079988915452
735.0	40.0	18.061422075299653	-1.1031580589010346	-1517.5159214429302
736.0	40.0	18.063750287814432	-1.103380933241378	-1517.0235839372567
737.0	40.0	18.066079280754337	-1.1045412062690108	-1516.5315189503262
738.0	40.0	18.06839117893603	-1.1049693162247536	-1516.0401249030308
739.0	40.0	18.07071954503137	-1.1060490675019292	-1515.5477309788532
740.0	40.0	18.073048246875082	-1.1063908850506894	-1515.0557062318694
741.0	40.0	18.075360895607616	-1.107593811088902	-1514.56426898769
742.0	40.0	18.077689672315113	-1.1078062373224082	-1514.0722198393148
743.0	40.0	18.080018226468713	-1.1090448770387573	-1513.5803122433274
744.0	40.0	18.082339229321914	-1.109448335633827	-1513.0892141322452
745.0	40.0	18.084660118400347	-1.1106356364904635	-1512.5969661961428
746.0	40.0	18.086989124957302	-1.1122446971263598	-1512.105712582088
747.0	40.0	18.089310795132103	-1.1130705650039059	-1511.614617606169
748.0	40.0	18.0916315664451	-1.1145816846396719	-1511.1233612966428
749.0	40.0	18.0939609143497	-1.1154861368957611	-1510.6315249567324
750.0	40.0	18.09628189731379	-1.117141088792695	-1510.140494074388
751.0	40.0	18.098603810061174	-1.1179316781233524	-1509.6490583635675
752.0	40.0	18.100933535937934	-1.11908356161489	-1509.157818676818
753.0	40.0	18.103255700185343	-1.1208194691990176	-1508.6670964442799
754.0	40.0	18.105577644793126	-1.1215800389236976	-1508.1759155342636
755.0	40.0	18.107907927185384	-1.1234216795975593	-1507.684520760303
756.0	40.0	18.11022970164772	-1.1241092790765128	-1507.1936091770656
757.0	40.0	18.112552793459965	-1.12525429506259	-1506.7025675960178
758.0	40.0	18.114883720737325	-1.127138578009557	-1506.2115464672404
759.0	40.0	18.117206258645677	-1.1278031112953522	-1505.7207509048867
760.0	40.0	18.119529877060543	-1.1292358334448338	-1505.2299923068279
761.0	40.0	18.12186098722142	-1.1306340326495514	-1504.7393152783718
762.0	40.0	18.124178283433185	-1.131682603624374	-1504.2483994766803
763.0	40.0	18.126507704226814	-1.1333301886524592	-1503.7573537727003
764.0	40.0	18.128839649491173	-1.1341156472071023	-1503.2666477720031
765.0	40.0	18.131157259737787	-1.135520097868518	-1502.7758721776222
766.0	40.0	18.13348946980457	-1.1370779652034513	-1502.2851713973996
767.0	40.0	18.135820143307654	-1.1380967546657719	-1501.7942248022566
768.0	40.0	18.138138909687502	-1.1391890607228203	-1501.3036266042723
769.0	40.0	18.140471593933263	-1.1410054765351942	-1500.8128050582422
770.0	40.0	18.142802841559735	-1.1418082968398748	-1500.322113911746
771.0	40.0	18.14512194272576	-1.1430567005087735	-1499.831510870267
772.0	40.0	18.147455745078215	-1.1447382619582405	-1499.3409036662345
773.0	40.0	18.149787550779923	-1.1456732591243388	-1498.8503150689842
774.0	40.0	18.152107839039573	-1.1469534855690928	-1498.3595303435688
775.0	40.0	18.154440094296834	-1.1486419072042666	-1497.8687823270845
776.0	40.0	18.15676058045906	-1.1494845752140685	-1497.378373886359
777.0	40.0	18.159095209549758	-1.1509548985595686	-1496.8874467849619
778.0	40.0	18.161428288157172	-1.1524636980234526	-1496.396990432837
779.0	40.0	18.163749521893195	-1.15326729629612	-1495.9060189128636
780.0	40.0	18.16608505460744	-1.1547182309739088	-1495.4152472986834
781.0	40.0	18.168419538507088	-1.1564839809594252	-1494.9246765435262
782.0	40.0	18.170740739490057	-1.157226974058525	-1494.434024441193
783.0	40.0	18.173077588011914	-1.1585162548670935	-1493.94350065541
784.0	40.0	18.17540638431176	-1.1599005085220606	-1493.4525371959082
785.0	40.0	18.17773476062655	-1.161652935296806	-1492.961676965868
786.0	40.0	18.18007229815678	-1.1624300769226161	-1492.4713917700194
787.0	40.0	18.182393799736797	-1.163774127802527	-1491.9800519520263
788.0	40.0	18.18473129146229	-1.1655226541633963	-1491.4892735656686
789.0	40.0	18.187070108982937	-1.1664480516511628	-1490.9986441384378
790.0	40.0	18.18939165460943	-1.1676225847326218	-1490.5077131029566
791.0	40.0	18.191730925085125	-1.1690176101477485	-1490.0166558168755
792.0	40.0	18.194063118051794	-1.1707042257103506	-1489.5257696048022
793.0	40.0	18.19639287796976	-1.1715132799060328	-1489.0349211018984
794.0	40.0	18.198732452282453	-1.1730168452914536	-1488.5442070670592
795.0	40.0	18.20105824882638	-1.174249381487862	-1488.0527750334038
796.0	40.0	18.203396006158652	-1.1760477944485825	-1487.5619553947665
797.0	40.0	18.205731178070867	-1.1768856213410461	-1487.0707200245201
798.0	40.0	18.208060639775777	-1.1781985274678155	-1486.5791159648918
799.0	40.0	18.2104015868246	-1.1795946702303886	-1486.0878793847528
800.0	40.0	18.212729675844713	-1.1808902847047589	-1485.5968290477028
801.0	40.0	18.215069382851755	-1.182716960941663	-1485.1053581040233
802.0	40.0	18.217405041079118	-1.183600793867306	-1484.6139520168135
803.0	40.0	18.21973951357576	-1.1848180201189482	-1484.1221768662208
804.0	40.0	18.222079941849216	-1.1863009724063176	-1483.630999552401
805.0	40.0	18.224416960974416	-1.1875385841843633	-1483.1387425496816
806.0	40.0	18.22675165232232	-1.1897697435348147	-1482.6474631292494
807.0	40.0	18.229088015683875	-1.1910310019851644	-1482.1559117789595
808.0	40.0	18.231423264609067	-1.1930642014689323	-1481.663770360263
809.0	40.0	18.23376606047691	-1.194813758875007	-1481.1719779268954
810.0	40.0	18.236104446770014	-1.1966306551800083	-1480.6803307896464
811.0	40.0	18.238440872607097	-1.19867290861504	-1480.1873747140792
812.0	40.0	18.240778244065076	-1.2002331191591156	-1479.695522476693
813.0	40.0	18.243115856269387	-1.2027139672116967	-1479.2034749750594
814.0	40.0	18.245455979332057	-1.204139317173666	-1478.711242045241
815.0	40.0	18.2477913563693	-1.205912145863746	-1478.218139267541
816.0	40.0	18.250138009200054	-1.2079234236644731	-1477.72582308856
817.0	40.0	18.252478449076122	-1.2096921981450248	-1477.2331290909424
818.0	40.0	18.254816029368175	-1.2117092732458925	-1476.7406773465384
819.0	40.0	18.25715735721534	-1.213426332113108	-1476.247324620552
820.0	40.0	18.259495322667206	-1.2156857410620319	-1475.7546744446392
821.0	40.0	18.261837412252415	-1.2173283086262392	-1475.261207395992
822.0	40.0	18.26418591843828	-1.219103944949697	-1474.767944287199
823.0	40.0	18.2665246721868	-1.2211711871816457	-1474.274669546984
824.0	40.0	18.268867951830764	-1.2229833597365947	-1473.7814388621887
825.0	40.0	18.271208923058012	-1.2249520043186042	-1473.2875479958811
826.0	40.0	18.273550851485787	-1.2269070777503583	-1472.7938227828022
827.0	40.0	18.275900921943247	-1.2288234802089335	-1472.2997572035893
828.0	40.0	18.2782354878787	-1.2308171163894457	-1471.8055681200683
829.0	40.0	18.280585922178986	-1.2328359933652138	-1471.3116398522354
830.0	40.0	18.282923040753587	-1.2349066960083794	-1470.8175911543153
831.0	40.0	18.285272807747983	-1.2367777256496126	-1470.322557205743
832.0	40.0	18.28761666807142	-1.2388818862155562	-1469.8281038833068
833.0	40.0	18.28996015487681	-1.24132535938417	-1469.3337342774562
834.0	40.0	18.292313142055573	-1.2428310267147966	-1468.8384797862968
835.0	40.0	18.294651599382274	-1.2447890354547904	-1468.3433874980012
836.0	40.0	18.297002308272425	-1.2470052013081674	-1467.8482799980186
837.0	40.0	18.299342237178536	-1.2487763978653343	-1467.353001748716
838.0	40.0	18.301696095792035	-1.2507636601270047	-1466.8576723993328
839.0	40.0	18.304033450772472	-1.2529643195083524	-1466.3616882469253
840.0	40.0	18.30638833638965	-1.254967800277179	-1465.8659287350906
841.0	40.0	18.308741096199313	-1.2569256308416146	-1465.3696603996061
842.0	40.0	18.311081180746434	-1.258924210410036	-1464.8737555666155
843.0	40.0	18.313437181772684	-1.2609809780118242	-1464.3769370967632
844.0	40.0	18.315776492900792	-1.2630200610824593	-1463.8809503889256
845.0	40.0	18.318132954197026	-1.2650877832315923	-1463.3838349689452
846.0	40.0	18.320472932950782	-1.2670705313731714	-1462.8865549023012
847.0	40.0	18.32282935349024	-1.2686412849241915	-1462.3895670689178
848.0	40.0	18.325180595395004	-1.2711397021230404	-1461.8922068726756
849.0	40.0	18.32752768743585	-1.2732399339315446	-1461.3946054012304
850.0	40.0	18.329878546203243	-1.275200161068171	-1460.8969584647948
851.0	40.0	18.332226766849097	-1.2772359681154306	-1460.398580483444
852.0	40.0	18.334578736227208	-1.2794190848985372	-1459.9011404089197
853.0	40.0	18.336929148226197	-1.2814539957638125	-1459.4023683966589
854.0	40.0	18.339279683416027	-1.2834168918817888	-1458.9040254503545
855.0	40.0	18.34163101107337	-1.28557309770908	-1458.4053277986866
856.0	40.0	18.343988342359946	-1.2874637055142248	-1457.9056982282184
857.0	40.0	18.34634291911637	-1.2896546289310338	-1457.4067486992499
858.0	40.0	18.348694312400745	-1.2918320466352238	-1456.9072038200025
859.0	40.0	18.35104676040819	-1.2932634971106376	-1456.4077774412037
860.0	40.0	18.353398875819067	-1.2960173867750568	-1455.9074381725839
861.0	40.0	18.3557517111831	-1.2978608212411296	-1455.4074484124253
862.0	40.0	18.358104710626602	-1.2999467092346904	-1454.9068375401107
863.0	40.0	18.360460146533043	-1.3021076166563257	-1454.4066585643277
864.0	40.0	18.362811721955733	-1.3042407947509944	-1453.905668589786
865.0	40.0	18.365168109147486	-1.306363247733803	-1453.4047607486239
866.0	40.0	18.367527880564268	-1.3080437859024407	-1452.9030005198997
867.0	40.0	18.36987706835467	-1.3103857363777207	-1452.4013996520289
868.0	40.0	18.37223944260559	-1.312658771050436	-1451.899009288005
869.0	40.0	18.374586991684907	-1.314683605191732	-1451.3974415324542
870.0	40.0	18.376950325786083	-1.316836775892104	-1450.894967966129
871.0	40.0	18.37929793007779	-1.3185522447081994	-1450.3925269308324
872.0	40.0	18.381661960702708	-1.3209996390011198	-1449.8895984879864
873.0	40.0	18.384012315768132	-1.3233629469673491	-1449.386051333525
874.0	40.0	18.386374660469464	-1.325283080325891	-1448.8826846466904
875.0	40.0	18.388725615980672	-1.3274230458571115	-1448.3790031601486
876.0	40.0	18.391088585368603	-1.3292770466846562	-1447.8747785328187
877.0	40.0	18.393439704870232	-1.3317139331096532	-1447.3705055003018
878.0	40.0	18.39580495259981	-1.3338986011381542	-1446.8662532194442
879.0	40.0	18.39816327203778	-1.335976973591533	-1446.3612520802376
880.0	40.0	18.40052087397837	-1.3379614015969135	-1445.8560225704973
881.0	40.0	18.40287948865761	-1.3403491938760668	-1445.350799706172
882.0	40.0	18.405237567781967	-1.342480348476764	-1444.8445781525427
883.0	40.0	18.407598639505366	-1.344233136885304	-1444.3389759614665
884.0	40.0	18.409956081357432	-1.3469760546767837	-1443.8323571352566
885.0	40.0	18.412317283781938	-1.3490035669098739	-1443.3255729574923
886.0	40.0	18.414674577501813	-1.350849214312036	-1442.8186309981081
887.0	40.0	18.417036664822874	-1.3534234309964936	-1442.3113619808307
888.0	40.0	18.419394419052153	-1.3554918462564467	-1441.8036939856634
889.0	40.0	18.421756879078806	-1.3578455862044818	-1441.2959122554507
890.0	40.0	18.42411704123811	-1.3595999015934206	-1440.787668967803
891.0	40.0	18.4264785776021	-1.3621994478622004	-1440.2791982429205
892.0	40.0	18.428839504361832	-1.363974081132389	-1439.7702271516682
893.0	40.0	18.431200230690845	-1.3666782798578048	-1439.2611044692205
894.0	40.0	18.43357009319624	-1.3688556577585995	-1438.7511484597835
895.0	40.0	18.435926396625927	-1.3707036709156728	-1438.2416875807014
896.0	40.0	18.438293185907366	-1.3732955885694351	-1437.731637293451
897.0	40.0	18.440650404555196	-1.375447191603867	-1437.2208625688238
898.0	40.0	18.443018704835268	-1.3774286980926274	-1436.7100411833142
899.0	40.0	18.445374395461585	-1.3799333313325235	-1436.1986436687882
900.0	40.0	18.447744340226997	-1.3819343304432834	-1435.6866455213817
901.0	40.0	18.45010157279406	-1.3845125880840907	-1435.174830223517
902.0	40.0	18.452472686477034	-1.3864750702394801	-1434.6632322813746
903.0	40.0	18.45482831730209	-1.3891724681896163	-1434.1501919836294
904.0	40.0	18.457194177254337	-1.3914168359197334	-1433.6374262190607
905.0	40.0	18.459556518164277	-1.3932803246314387	-1433.1238379892652
906.0	40.0	18.461922946542003	-1.3960611639537026	-1432.6101403720572
907.0	40.0	18.464288013797994	-1.3980077182108646	-1432.096563001944
908.0	40.0	18.466651953068848	-1.4006607316297057	-1431.5820431478935
909.0	40.0	18.469017331926352	-1.402687731825264	-1431.0670862509942
910.0	40.0	18.471381799528537	-1.4052602311073747	-1430.551852538575
911.0	40.0	18.473747495485647	-1.4072719624265686	-1430.036455817222
912.0	40.0	18.47611292991342	-1.4100845899785224	-1429.5204635092869
913.0	40.0	18.478478905309917	-1.4120410502541914	-1429.004242758046
914.0	40.0	18.48084663719722	-1.4146570984700269	-1428.4873956012195
915.0	40.0	18.483210265589538	-1.4165753534507974	-1427.9703297300048
916.0	40.0	18.485578611234065	-1.419137041762025	-1427.4534457404304
917.0	40.0	18.487943245731568	-1.4218017025626588	-1426.935097979963
918.0	40.0	18.49031215316088	-1.4238589781805564	-1426.4172500464224
919.0	40.0	18.492684102504974	-1.4264845468311003	-1425.8985596537275
920.0	40.0	18.495045230848042	-1.4285857445552022	-1425.379421005706
921.0	40.0	18.497414763420604	-1.4309411268537229	-1424.859974444511
922.0	40.0	18.499779805613915	-1.4337750154037765	-1424.3401767267694
923.0	40.0	18.502149427906563	-1.4358374387585837	-1423.8201940327858
924.0	40.0	18.50451456742627	-1.4384959384168838	-1423.2997900778137
925.0	40.0	18.506885072332572	-1.4407215494642105	-1422.7786020094811
926.0	40.0	18.509252835293772	-1.4430098905214568	-1422.2571349839952
927.0	40.0	18.51162044127173	-1.4458477661934082	-1421.7354004277045
928.0	40.0	18.513989054060463	-1.4478442334475	-1421.2132669482603
929.0	40.0	18.516357482862244	-1.45043033063648	-1420.6905375927254
930.0	40.0	18.51872694084822	-1.453200747454968	-1420.1675711095902
931.0	40.0	18.52109482165239	-1.455582233441754	-1419.6440161871385
932.0	40.0	18.523457451694625	-1.457909992098638	-1419.1207745412833
933.0	40.0	18.525834416773684	-1.4609938515074283	-1418.5959684419238
934.0	40.0	18.528196228714215	-1.4630833531407814	-1418.0714843113662
935.0	40.0	18.530573110082983	-1.465672930743335	-1417.5465546353892
936.0	40.0	18.532934235760216	-1.4683050108896525	-1417.0208728038638
937.0	40.0	18.535311635702836	-1.471182257899634	-1416.495038833678
938.0	40.0	18.537674057035417	-1.4734727775192764	-1415.9690683302197
939.0	40.0	18.540051263215677	-1.4759268733339665	-1415.4419983283442
940.0	40.0	18.542415674377594	-1.4785980869299076	-1414.9145448457182
941.0	40.0	18.544791395546955	-1.481575043394927	-1414.3872503063617
942.0	40.0	18.54715559958368	-1.4838370745159768	-1413.8591619784895
943.0	40.0	18.549525303082376	-1.4865106050681363	-1413.3310596819929
944.0	40.0	18.55189627809772	-1.4891783968082664	-1412.8015367128853
945.0	40.0	18.554266544782283	-1.4920819569806478	-1412.2725503111621
946.0	40.0	18.55663633091545	-1.4950691076843161	-1411.7429015450896
947.0	40.0	18.55900935593315	-1.4975456694065044	-1411.2120987123012
948.0	40.0	18.561377317384654	-1.5003229240978768	-1410.681708057469
949.0	40.0	18.563750472213066	-1.5031717892926886	-1410.150338028618
950.0	40.0	18.566119282119764	-1.505946350101513	-1409.6191188684575
951.0	40.0	18.5684925480835	-1.5088291192883667	-1409.0874558310202
952.0	40.0	18.57085555712186	-1.511607503448216	-1408.5549237339148
953.0	40.0	18.57323453618854	-1.5145139823156264	-1408.0221480756634
954.0	40.0	18.57559834662835	-1.5176883505362686	-1407.4887008096136
955.0	40.0	18.57797755506332	-1.5201889332803877	-1406.9551314610364
956.0	40.0	18.580343341911515	-1.5231268042976243	-1406.420786996988
957.0	40.0	18.58272115712473	-1.5257898920496624	-1405.886208669843
958.0	40.0	18.585087046915078	-1.5288310699245329	-1405.3511882830192
959.0	40.0	18.587459188969234	-1.5317839073035253	-1404.815559571341
960.0	40.0	18.5898312480524	-1.5346198165349267	-1404.2794975255163
961.0	40.0	18.592204066937487	-1.5375126092368687	-1403.7434967382421
962.0	40.0	18.59457684223747	-1.5408892330563482	-1403.2061238384342
963.0	40.0	18.596951704895552	-1.5444068773149748	-1402.6692627406926
964.0	40.0	18.599321844787145	-1.5478093749572903	-1402.1314502275625
965.0	40.0	18.601696871136784	-1.551607848732471	-1401.5930123472403
966.0	40.0	18.604061607471017	-1.5553937008118033	-1401.053918805806
967.0	40.0	18.606442283948	-1.559101926137212	-1400.5152494170918
968.0	40.0	18.608808498547138	-1.5624612038495276	-1399.9756642404877
969.0	40.0	18.61119003897292	-1.5665357197886611	-1399.4361975627876
970.0	40.0	18.61355503640368	-1.5705458988555714	-1398.8949939782658
971.0	40.0	18.615928969957054	-1.5742617445324365	-1398.3541718157155
972.0	40.0	18.618305959714753	-1.5785412785444728	-1397.8129930299922
973.0	40.0	18.62067295331321	-1.5823622969444326	-1397.2708351709714
974.0	40.0	18.623056331006254	-1.5865603122779321	-1396.7289198507551
975.0	40.0	18.62542406648485	-1.5904129374239682	-1396.1862249176743
976.0	40.0	18.627807207045862	-1.5947183856833382	-1395.6431869401445
977.0	40.0	18.630175085718307	-1.5986429540548155	-1395.099351417343
978.0	40.0	18.632560461873165	-1.60285351703204	-1394.5554044340493
979.0	40.0	18.634932037039274	-1.6067339981770028	-1394.010433362042
980.0	40.0	18.637309430414533	-1.6111375407510704	-1393.4659975242166
981.0	40.0	18.639686596687955	-1.6149819288037814	-1392.9202066264374
982.0	40.0	18.642064525402986	-1.619282082969317	-1392.374626743001
983.0	40.0	18.64444262141303	-1.6231480187494134	-1391.8281696065067
984.0	40.0	18.646820811960232	-1.6273142677842531	-1391.28169569034
985.0	40.0	18.649199611581132	-1.6317842868120538	-1390.7342290169188
986.0	40.0	18.65157821678037	-1.6356366433129004	-1390.1864428582905
987.0	40.0	18.65395216077397	-1.6399091938424184	-1389.6381803009565
988.0	40.0	18.65633656883867	-1.6439494541122415	-1389.089152212605
989.0	40.0	18.65870967747196	-1.6486001015868246	-1388.5403433181975
990.0	40.0	18.661097344041337	-1.652456426787093	-1387.9910254812492
991.0	40.0	18.66346996763873	-1.6566433136949832	-1387.4409183653027
992.0	40.0	18.665851231979477	-1.6609587485657595	-1386.8908396897011
993.0	40.0	18.668229862847625	-1.6652454844423032	-1386.3392702658136
994.0	40.0	18.67061224840166	-1.6694449581402229	-1385.7882892342514
995.0	40.0	18.67299044491541	-1.6737339896466197	-1385.2367006803345
996.0	40.0	18.67537339725155	-1.678053965026324	-1384.6837695189324
997.0	40.0	18.67775227029968	-1.6823896680068586	-1384.1312354138627
998.0	40.0	18.680135789964115	-1.6867484123182774	-1383.578187435603
999.0	40.0	18.682509275467794	-1.6911390328760192	-1383.024638377608
1000.0	40.0	18.684900653781735	-1.695443800611663	-1382.4700747789695
1001.0	40.0	18.687277934742774	-1.699676338516904	-1381.9160989767922
1002.0	40.0	18.689667967170433	-1.7044235806128827	-1381.3608168338296
1003.0	40.0	18.692046391851065	-1.7085666965652717	-1380.8055009607444
1004.0	40.0	18.69443153981271	-1.7132186600441657	-1380.2488551263878
1005.0	40.0	18.696816609289172	-1.7176978063934956	-1379.6929358504804
1006.0	40.0	18.69920204734998	-1.7220812250282709	-1379.1363488971258
1007.0	40.0	18.70158877386162	-1.726864515900038	-1378.5792313592651
1008.0	40.0	18.70396615838234	-1.7315665391055244	-1378.0217935124633
1009.0	40.0	18.706354133623886	-1.7362947851843382	-1377.463072598964
1010.0	40.0	18.708738313072434	-1.740469507477621	-1376.904511969482
1011.0	40.0	18.71112748093587	-1.7455361100974627	-1376.345728479017
1012.0	40.0	18.71351129418169	-1.7503341895831426	-1375.7860410810054
1013.0	40.0	18.715900889559926	-1.7546051734572161	-1375.2264228536835
1014.0	40.0	18.718287082520696	-1.7597593894087038	-1374.665752931749
1015.0	40.0	18.720677797492282	-1.764082247736668	-1374.1048550025885
1016.0	40.0	18.723060447154257	-1.7692106258619906	-1373.5438736540298
1017.0	40.0	18.725456841424275	-1.7736600086310654	-1372.9823349333346
1018.0	40.0	18.727841708674195	-1.7788952622316578	-1372.420100600387
1019.0	40.0	18.730238446820014	-1.7831905717639935	-1371.8571973321543
1020.0	40.0	18.732624333342315	-1.7884248750240592	-1371.294062701337
1021.0	40.0	18.73501604085376	-1.7931015749168082	-1370.7306606793477
1022.0	40.0	18.737408296174923	-1.797913995461851	-1370.1668080253455
1023.0	40.0	18.739801295729173	-1.803018228192511	-1369.602656747726
1024.0	40.0	18.74219429994247	-1.807727707099978	-1369.0381631175412
1025.0	40.0	18.744587573840835	-1.8127865467643771	-1368.4723356221741
1026.0	40.0	18.74697585725017	-1.8178192680533594	-1367.9068046888647
1027.0	40.0	18.74936879682177	-1.8226581769325199	-1367.3409262448145
1028.0	40.0	18.75176538713168	-1.827569984077421	-1366.7743488797416
1029.0	40.0	18.754158338652136	-1.832654305990803	-1366.2074978612306
1030.0	40.0	18.756556261962327	-1.8376449064234563	-1365.6403742710338
1031.0	40.0	18.758943443990457	-1.8427387982117134	-1365.072441872422
1032.0	40.0	18.761346674330824	-1.8477629516727672	-1364.503786448023
1033.0	40.0	18.763735531019403	-1.8530169347265357	-1363.9356506569789
1034.0	40.0	18.766140553785693	-1.857957739243989	-1363.3663728660215
1035.0	40.0	18.768530186035076	-1.8631479501725265	-1362.796481109414
1036.0	40.0	18.770929209472044	-1.8683914180696177	-1362.2268591939926
1037.0	40.0	18.773324389316784	-1.8735058755106897	-1361.6565696147443
1038.0	40.0	18.775724871896653	-1.8786651205254843	-1361.0855610207536
1039.0	40.0	18.778122081448686	-1.8839004843312332	-1360.5145733957586
1040.0	40.0	18.780523768459048	-1.8892218244627268	-1359.942847826984
1041.0	40.0	18.782918521970313	-1.8944161278394234	-1359.3708103929605
1042.0	40.0	18.785324987580523	-1.899347859784526	-1358.7983486743608
1043.0	40.0	18.78772144825618	-1.904991525451526	-1358.2252609010234
1044.0	40.0	18.79012244286082	-1.9102778153418951	-1357.6521217278469
1045.0	40.0	18.792527839387727	-1.9153021016259544	-1357.0785034721684
1046.0	40.0	18.794925008545853	-1.9210557069975724	-1356.5043703961844
1047.0	40.0	18.797339168387747	-1.92633992423094	-1355.9298258924503
1048.0	40.0	18.79973727033261	-1.931460591607583	-1355.3547798469374
1049.0	40.0	18.802146615131516	-1.9372060089706888	-1354.7796573502678
1050.0	40.0	18.80455181973305	-1.9423122867296485	-1354.2034854449842
1051.0	40.0	18.806962445670333	-1.9480611950726154	-1353.6275668292874
1052.0	40.0	18.80936798473362	-1.95319723986877	-1353.050947654834
1053.0	40.0	18.811779957837537	-1.9586841855751753	-1352.473725082457
1054.0	40.0	18.814181514769142	-1.964556651192028	-1351.8964625607928
1055.0	40.0	18.81659259550969	-1.969895165390982	-1351.318667748915
1056.0	40.0	18.819003050294715	-1.9752923175904038	-1350.7407093201205
1057.0	40.0	18.821413890938395	-1.9812239576239432	-1350.1618754771164
1058.0	40.0	18.82382556788855	-1.9863955457970188	-1349.5830642305616
1059.0	40.0	18.826232803543682	-1.9921833272847431	-1349.0035464411353
1060.0	40.0	18.82865209071584	-1.997738133612431	-1348.42392464998
1061.0	40.0	18.83106059504625	-2.003419835703429	-1347.8434915058067
1062.0	40.0	18.833480710216634	-2.0091105302452616	-1347.2632874265628
1063.0	40.0	18.835890614075403	-2.0148031320128403	-1346.6824104065372
1064.0	40.0	18.83829830816931	-2.020428593243836	-1346.100802357318
1065.0	40.0	18.84072002154634	-2.0262128344854546	-1345.518803391069
1066.0	40.0	18.843130497040306	-2.0320091445879704	-1344.9369265290384
1067.0	40.0	18.845549197279176	-2.0377038836156123	-1344.3546189990402
1068.0	40.0	18.847967639923088	-2.043416882203946	-1343.7713982826083
1069.0	40.0	18.850388005897564	-2.049333972210132	-1343.187858740602
1070.0	40.0	18.852808340361673	-2.0550840803996264	-1342.6042384129876
1071.0	40.0	18.855230249642428	-2.0606699975617184	-1342.020489422532
1072.0	40.0	18.857647006703555	-2.0668184883824456	-1341.4361271460702
1073.0	40.0	18.860067445785596	-2.0726671636126026	-1340.8510051843266
1074.0	40.0	18.862493680893294	-2.078241276620527	-1340.265723436184
1075.0	40.0	18.86491611114543	-2.084623426632242	-1339.6802156544281
1076.0	40.0	18.86734330380533	-2.0900000497862044	-1339.0941264309731
1077.0	40.0	18.86976177760982	-2.0963842831328114	-1338.5086693671028
1078.0	40.0	18.872197659201927	-2.102048739249406	-1337.921070831382
1079.0	40.0	18.874616855350524	-2.1083562864016607	-1337.3342598632557
1080.0	40.0	18.877047544096317	-2.1140126709125546	-1336.7470435689872
1081.0	40.0	18.879474739391465	-2.120269642194281	-1336.1591789705385
1082.0	40.0	18.881899553694463	-2.126144561928806	-1335.5705158984802
1083.0	40.0	18.884337220728735	-2.1322406051661957	-1334.9823455921173
1084.0	40.0	18.886764071159952	-2.1382216556575706	-1334.393619793849
1085.0	40.0	18.88919791673033	-2.1445741358677153	-1333.8045314421004
1086.0	40.0	18.891633064486413	-2.1505066095668037	-1333.2146839563493
1087.0	40.0	18.89406981710736	-2.156782838024833	-1332.6249315434707
1088.0	40.0	18.89649981472664	-2.162794631154221	-1332.0343540699753
1089.0	40.0	18.898935024184073	-2.168960393510471	-1331.4435711408132
1090.0	40.0	18.901375720042118	-2.175203603299173	-1330.852378288441
1091.0	40.0	18.9038132551399	-2.1814783712451686	-1330.2611430316458
1092.0	40.0	18.90625337496523	-2.18820580546829	-1329.6694758628703
1093.0	40.0	18.908688297547442	-2.19492218299193	-1329.0771242774224
1094.0	40.0	18.911134955789198	-2.201391177660687	-1328.4848408001508
1095.0	40.0	18.91357075708621	-2.2080228137302353	-1327.8920400863929
1096.0	40.0	18.91600630287825	-2.2148591207740487	-1327.2987305710192
1097.0	40.0	18.918457295042973	-2.2216446479268606	-1326.705789257906
1098.0	40.0	18.920893060293537	-2.228224296212922	-1326.111465832914
1099.0	40.0	18.923345634579984	-2.2352798483276834	-1325.5173340485874
1100.0	40.0	18.925783612570378	-2.241921529665352	-1324.9226505953213
1101.0	40.0	18.928223198509546	-2.2490995557408695	-1324.3282188505702
1102.0	40.0	18.930676115196654	-2.2557691816943786	-1323.7326362397241
1103.0	40.0	18.933119838508844	-2.2629888211740803	-1323.1371135960371
1104.0	40.0	18.93556796320945	-2.269698193925958	-1322.5410599643537
1105.0	40.0	18.938018686958667	-2.276599398264043	-1321.9447876729257
1106.0	40.0	18.940468643770974	-2.2837064334211292	-1321.3483097257376
1107.0	40.0	18.942920603826952	-2.2909216122965237	-1320.751248223035
1108.0	40.0	18.945364760839027	-2.2978115003070276	-1320.1542319369935
1109.0	40.0	18.947821263499403	-2.304895097382096	-1319.556692139251
1110.0	40.0	18.950274358491313	-2.311968107766579	-1318.958505893516
1111.0	40.0	18.952730210814565	-2.319136305369326	-1318.3604817125952
1112.0	40.0	18.95518135101365	-2.326280734452549	-1317.761411938504
1113.0	40.0	18.95763726610114	-2.3334824860153467	-1317.1627729095107
1114.0	40.0	18.96009920767082	-2.340677409298835	-1316.563378506473
1115.0	40.0	18.96255192347673	-2.3479159319524165	-1315.963907388116
1116.0	40.0	18.96502064393426	-2.3550441165954936	-1315.3635635472908
1117.0	40.0	18.967476494472304	-2.3620712206459467	-1314.7635761291542
1118.0	40.0	18.969933534003427	-2.3695931119912568	-1314.1630914799991
1119.0	40.0	18.972403096926335	-2.376934926589133	-1313.5619477219964
1120.0	40.0	18.974862069814314	-2.3837944746097737	-1312.96075010609
1121.0	40.0	18.977328381231693	-2.391416335380752	-1312.359330381684
1122.0	40.0	18.97979401811744	-2.3987355968924806	-1311.7574143583506
1123.0	40.0	18.982254023370437	-2.4058547227678564	-1311.1552517233654
1124.0	40.0	18.98472937161404	-2.4134707928707617	-1310.5525606742694
1125.0	40.0	18.98719072252024	-2.4205339795687557	-1309.9496730545256
1126.0	40.0	18.98965474759631	-2.427909062326059	-1309.3463284145942
1127.0	40.0	18.992131959165008	-2.4356518937692875	-1308.742833618806
1128.0	40.0	18.994596938564598	-2.4426783091756565	-1308.1389631235486
1129.0	40.0	18.997073212452587	-2.450175625851323	-1307.534930219096
1130.0	40.0	18.999546265355384	-2.457772202308139	-1306.9297640117718
1131.0	40.0	19.00201672573902	-2.465198622674902	-1306.3253071341676
1132.0	40.0	19.004493632908794	-2.472947086398039	-1305.720089500429
1133.0	40.0	19.006972693189205	-2.4801863918367584	-1305.1148976019956
1134.0	40.0	19.00945263705586	-2.487738962976947	-1304.5088534703036
1135.0	40.0	19.01192724847979	-2.4952409320889157	-1303.9031066239966
1136.0	40.0	19.01440717942337	-2.50282439354115	-1303.2960864587278
1137.0	40.0	19.01689212628333	-2.51023725027251	-1302.689598223003
1138.0	40.0	19.01936789336285	-2.517704256394132	-1302.0826714899874
1139.0	40.0	19.02185356049264	-2.525524049230891	-1301.474831472822
1140.0	40.0	19.024340233815312	-2.533092838083265	-1300.8674956245156
1141.0	40.0	19.02681918611107	-2.5405567702404026	-1300.2594597935954
1142.0	40.0	19.029316881044508	-2.548078061623805	-1299.6513573439843
1143.0	40.0	19.031799551666886	-2.5558756245932184	-1299.042485867466
1144.0	40.0	19.03428652002016	-2.5633522759741547	-1298.4337627525376
1145.0	40.0	19.036784632786404	-2.5708916279257576	-1297.8245082735266
1146.0	40.0	19.039273209538425	-2.578619908833688	-1297.214641275691
1147.0	40.0	19.041760655166726	-2.586180813989331	-1296.6050670792806
1148.0	40.0	19.04426380500005	-2.593901482957996	-1295.9951343190016
1149.0	40.0	19.046753358074284	-2.6014570330756563	-1295.3844238953673
1150.0	40.0	19.04924568002863	-2.609438935222261	-1294.7740092058561
1151.0	40.0	19.051751498823105	-2.6166762064258133	-1294.162424976449
1152.0	40.0	19.05424598803504	-2.6246580421894805	-1293.5508517759488
1153.0	40.0	19.056747851191666	-2.632112045111373	-1292.93951123113
1154.0	40.0	19.059248268685607	-2.6399453897648586	-1292.3275823297736
1155.0	40.0	19.061745820462804	-2.6477779766198366	-1291.71490424188
1156.0	40.0	19.064250550170343	-2.655617677514146	-1291.1028918010657
1157.0	40.0	19.066755045118168	-2.6634887238888068	-1290.4897420377029
1158.0	40.0	19.06925280359385	-2.6710605487342716	-1289.8766006088597
1159.0	40.0	19.071762341188496	-2.6790741517390906	-1289.2633385177098
1160.0	40.0	19.07426175808828	-2.6867842725456015	-1288.649609026993
1161.0	40.0	19.07677082145033	-2.694752993005081	-1288.03516965007
1162.0	40.0	19.079280015553206	-2.702724711862851	-1287.4210238602864
1163.0	40.0	19.08178377013836	-2.71135556064711	-1286.806428091635
1164.0	40.0	19.08430081743037	-2.719783823592177	-1286.1912181687173
1165.0	40.0	19.08680800156043	-2.7286550899703497	-1285.5758412573857
1166.0	40.0	19.08931397628679	-2.7372693556923586	-1284.9604925273477
1167.0	40.0	19.09183422920562	-2.7461735218186942	-1284.3447672032125
1168.0	40.0	19.094343995091307	-2.7551373610125136	-1283.7285679451682
1169.0	40.0	19.096853436633726	-2.7642735453658527	-1283.1119260655878
1170.0	40.0	19.099374435419843	-2.773361107493608	-1282.4954644071788
1171.0	40.0	19.101891199216922	-2.7831420860451694	-1281.8785668425908
1172.0	40.0	19.104406788008845	-2.7927058437532306	-1281.2611254193685
1173.0	40.0	19.10692844702519	-2.802794788959785	-1280.6439762527384
1174.0	40.0	19.10945167909603	-2.812515047073777	-1280.0254388953124
1175.0	40.0	19.111967220605088	-2.82254938599445	-1279.4076455988939
1176.0	40.0	19.114494417321538	-2.83278219093081	-1278.7889802491284
1177.0	40.0	19.117019156525295	-2.8430807988405093	-1278.1702019576276
1178.0	40.0	19.119540113184264	-2.853298662944163	-1277.551240565912
1179.0	40.0	19.122069108796573	-2.863544018916102	-1276.9318149338274
1180.0	40.0	19.124589622843033	-2.8743036080881357	-1276.311878176078
1181.0	40.0	19.1271282256445	-2.8846336003764566	-1275.6918221561068
1182.0	40.0	19.129651567732534	-2.8949732891595965	-1275.0716891292843
1183.0	40.0	19.13217768228855	-2.905982139642453	-1274.4508663881518
1184.0	40.0	19.134716879229675	-2.916570891941172	-1273.8301139456175
1185.0	40.0	19.137245087963624	-2.9274200380415154	-1273.2089901481804
1186.0	40.0	19.13977136261217	-2.939055431139658	-1272.5876875455094
1187.0	40.0	19.14230941243515	-2.9504921688968335	-1271.9652427517838
1188.0	40.0	19.14484454297134	-2.9625117400538246	-1271.343535577345
1189.0	40.0	19.14737551735653	-2.974325519851593	-1270.7204957986298
1190.0	40.0	19.149914442358973	-2.9862495333025922	-1270.0982807290309
1191.0	40.0	19.152445765588737	-2.998632882925741	-1269.4758293997559
1192.0	40.0	19.154985601197776	-3.0107509780335957	-1268.8520582365031
1193.0	40.0	19.15752721812083	-3.023293364643882	-1268.2278212948818
1194.0	40.0	19.160063372146574	-3.0354449307163804	-1267.6037766972393
1195.0	40.0	19.162599390970286	-3.0483087925343195	-1266.9792970662868
1196.0	40.0	19.165150564156097	-3.060870400212058	-1266.3543255556463
1197.0	40.0	19.1676883596913	-3.0732917725552764	-1265.7296991774572
1198.0	40.0	19.170228154487706	-3.0862823509661257	-1265.104375791977
1199.0	40.0	19.17278124847287	-3.0989310016550013	-1264.4791698741626
1200.0	40.0	19.1753231608255	-3.1120110697538204	-1263.8530187822723
1201.0	40.0	19.177863296228683	-3.125001680264789	-1263.2267229378892
1202.0	40.0	19.180413069880466	-3.1378281926156366	-1262.5996807822912
1203.0	40.0	19.182963862283376	-3.150929081894988	-1261.9730504206902
1204.0	40.0	19.18550683357733	-3.164279807578604	-1261.3460352355905
1205.0	40.0	19.18806068731318	-3.177100752878591	-1260.717993931275
1206.0	40.0	19.190606449596455	-3.1906438577687175	-1260.0909075197435
1207.0	40.0	19.1931598986545	-3.2039423330670282	-1259.4621794146276
1208.0	40.0	19.195715065474023	-3.2172115382926223	-1258.8343336960122
1209.0	40.0	19.198265273252982	-3.2306460722795736	-1258.2046426278403
1210.0	40.0	19.200813886558922	-3.2440908655382854	-1257.5759864480003
1211.0	40.0	19.203371769337018	-3.257380684823002	-1256.9466908539766
1212.0	40.0	19.2059301894302	-3.27110625208646	-1256.3162939491804
1213.0	40.0	19.20848162181844	-3.284809388371381	-1255.6864382715864
1214.0	40.0	19.211042601629366	-3.2984011980468373	-1255.0558915967033
1215.0	40.0	19.21359642560702	-3.311945662916813	-1254.4250652529322
1216.0	40.0	19.216158884205484	-3.3256476100431316	-1253.7943949531748
1217.0	40.0	19.218720911364258	-3.339419637838471	-1253.1627993920054
1218.0	40.0	19.22127803233496	-3.353210584992244	-1252.5309165512447
1219.0	40.0	19.22383349219196	-3.3669542285656213	-1251.8990718358007
1220.0	40.0	19.226402998478253	-3.380801056038653	-1251.2668430286083
1221.0	40.0	19.228962869919975	-3.3945860821110423	-1250.6346722202113
1222.0	40.0	19.231520127801083	-3.408416470910728	-1250.0013382927318
1223.0	40.0	19.234088603758853	-3.422498987802315	-1249.3681589152309
1224.0	40.0	19.236653378273367	-3.4362707614745758	-1248.734019353673
1225.0	40.0	19.239215147394713	-3.4502938918883905	-1248.1001619373496
1226.0	40.0	19.241783386795966	-3.4640320651100964	-1247.4658052791128
1227.0	40.0	19.24434552448214	-3.4779966194338607	-1246.8319488713541
1228.0	40.0	19.246906988027245	-3.4918722130927367	-1246.1965417841343
1229.0	40.0	19.249474944515935	-3.5058444329364944	-1245.5613466458833
1230.0	40.0	19.252048039283846	-3.5196914250126525	-1244.9259353732361
1231.0	40.0	19.254611308766542	-3.533833988772891	-1244.2901485820607
1232.0	40.0	19.257177688542924	-3.547625362258158	-1243.6542732760379
1233.0	40.0	19.259756789308874	-3.56156038512469	-1243.0174072324123
1234.0	40.0	19.262325102182107	-3.575480231457937	-1242.3809952438316
1235.0	40.0	19.26489153768019	-3.589269840892608	-1241.7437993377082
1236.0	40.0	19.267468618530796	-3.6031392955260593	-1241.1061745914872
1237.0	40.0	19.270036809377086	-3.6171347581922717	-1240.4686776050414
1238.0	40.0	19.272611569797682	-3.630940484255695	-1239.8303592485056
1239.0	40.0	19.27519047538514	-3.6450564922384667	-1239.1919466501722
1240.0	40.0	19.27776146820862	-3.6592710555324155	-1238.5534658690708
1241.0	40.0	19.280334317877426	-3.6730702076662762	-1237.9148888228601
1242.0	40.0	19.282914754666265	-3.6874272749193873	-1237.2751072388953
1243.0	40.0	19.28549527364675	-3.7015064812478364	-1236.6352391820847
1244.0	40.0	19.288068115424498	-3.715493247838757	-1235.9946738811022
1245.0	40.5	19.14062799273091	-3.7260399085616718	-1235.3552111891677
1246.0	40.5	19.14300436977874	-3.7398278870389765	-1234.7146487647515
1247.0	40.5	19.145369226401325	-3.753912640662885	-1234.07316734784
1248.0	40.5	19.1477406031978	-3.768004688313623	-1233.4322333349855
1249.0	40.5	19.150112361995376	-3.7817385746721506	-1232.7904576160342
1250.0	40.5	19.152485011180655	-3.795664931651271	-1232.1482377315597
1251.0	40.5	19.15485150301209	-3.8096477204285377	-1231.5059894228368
1252.0	40.5	19.157223703269054	-3.8230693135264557	-1230.8634779466622
1253.0	40.5	19.15959834107863	-3.8370056745158645	-1230.2204868868437
1254.0	40.5	19.161967917778785	-3.850518610738158	-1229.577072317111
1255.0	40.5	19.164342249406396	-3.8640521888362356	-1228.932711731677
1256.0	40.5	19.166717654474716	-3.8776037735564017	-1228.2895037067876
1257.0	40.5	19.1690934067543	-3.890894600087632	-1227.6447989569135
1258.0	40.5	19.171464373472556	-3.904325258751054	-1227.0000301809
1259.0	40.5	19.173839628078685	-3.9174751830461436	-1226.355232222497
1260.0	40.5	19.17621902955334	-3.930394227564494	-1225.7099690606753
1261.0	40.5	19.178589541483856	-3.943679671064253	-1225.0641877553046
1262.0	40.5	19.180976145918063	-3.9564401106826086	-1224.4181149735962
1263.0	40.5	19.183349257690267	-3.9693135310621863	-1223.7724671778944
1264.0	40.5	19.185720155373037	-3.9820260891853914	-1223.125760981608
1265.0	40.5	19.188103293723778	-3.9945908626277578	-1222.4779006913002
1266.0	40.5	19.190482338215006	-4.007007939118333	-1221.8306313356447
1267.0	40.5	19.192866509860128	-4.019405320227085	-1221.1835780302401
1268.0	40.5	19.195238999296894	-4.03165620034025	-1220.5351329530022
1269.0	40.5	19.197630109076556	-4.043754883452567	-1219.8869361801644
1270.0	40.5	19.20000532283238	-4.055619127193549	-1219.2379571180668
1271.0	40.5	19.20238290815584	-4.067663903680365	-1218.5894226874573
1272.0	40.5	19.20476759755321	-4.079222186428913	-1217.9397610222234
1273.0	40.5	19.20715197201249	-4.090888450736944	-1217.2898274630813
1274.0	40.5	19.20953994012732	-4.1023814647977686	-1216.6398332635565
1275.0	40.5	19.21191808504879	-4.113737815355255	-1215.989727846696
1276.0	40.5	19.21430469785596	-4.124964051493363	-1215.3386932857356
1277.0	40.5	19.216691506704322	-4.135800435362802	-1214.6879749688085
1278.0	40.5	19.219073109199194	-4.147021551675116	-1214.036936950727
1279.0	40.5	19.221461472384785	-4.157698384964772	-1213.3850472532379
1280.0	40.5	19.22384983739184	-4.1687083854874745	-1212.7330055883826
1281.0	40.5	19.226240255371657	-4.179589758382714	-1212.0805096961094
1282.0	40.5	19.228623914047258	-4.1903635785764015	-1211.4277615623273
1283.0	40.5	19.23101247222923	-4.201071192180619	-1210.7749478187525
1284.0	40.5	19.233406530687507	-4.211476631989358	-1210.1217415742144
1285.0	40.5	19.235789893717214	-4.222045778486313	-1209.468408772583
1286.0	40.5	19.238184674200046	-4.232454791692891	-1208.8144386075494
1287.0	40.5	19.24057817913793	-4.242520911398237	-1208.1599222381337
1288.0	40.5	19.242963438137544	-4.252623708749241	-1207.505512325224
1289.0	40.5	19.245360115384855	-4.262538174369645	-1206.850633492554
1290.0	40.5	19.247752756621313	-4.2724347646907725	-1206.195862845098
1291.0	40.5	19.250150041943236	-4.282052029797156	-1205.5400411607038
1292.0	40.5	19.25253809585604	-4.291866766622571	-1204.8840763192868
1293.0	40.5	19.25492923920066	-4.301478206224119	-1204.2277098198674
1294.0	40.5	19.25733221037917	-4.310823674028869	-1203.5712496331137
1295.0	40.5	19.25972360828211	-4.320397225586925	-1202.914566289646
1296.0	40.5	19.26212265728193	-4.329274602834063	-1202.257478363541
1297.0	40.5	19.264521628695586	-4.338648844513069	-1201.6000293311054
1298.0	40.5	19.26691279833915	-4.347470225077526	-1200.9423568004008
1299.0	40.5	19.26931586228068	-4.356217222540383	-1200.284904437409
1300.0	40.5	19.271708816289763	-4.365154030412669	-1199.6258387577611
1301.0	40.5	19.274117932889972	-4.373615658386348	-1198.9676546537196
1302.0	40.5	19.27651181993021	-4.382011371380129	-1198.3087676025111
1303.0	40.5	19.27890798082558	-4.390249887851223	-1197.6501965845698
1304.0	40.5	19.281312215539902	-4.398634665348075	-1196.9905724021498
1305.0	40.5	19.283716539733998	-4.4067127789721425	-1196.3307308384274
1306.0	40.5	19.28612033210552	-4.414873823749017	-1195.6706654347024
1307.0	40.5	19.288519128571313	-4.4228118301353465	-1195.0105460003015
1308.0	40.5	19.290919259033462	-4.430537753575729	-1194.3502991449043
1309.0	40.5	19.29333146566926	-4.438463509134767	-1193.6894681149452
1310.0	40.5	19.295733208913546	-4.4460878454788215	-1193.0281700585954
1311.0	40.5	19.29814080017071	-4.453654505264285	-1192.3668569229883
1312.0	40.5	19.300549103519025	-4.460954224507898	-1191.7056724875222
1313.0	40.5	19.30295072729651	-4.4683266239431045	-1191.0432403812833
1314.0	40.5	19.305361521999586	-4.4756354138779475	-1190.3813041076032
1315.0	40.5	19.307764528590255	-4.483481266034973	-1189.7190924490415
1316.0	40.5	19.310175316352847	-4.491470819839694	-1189.0561481248287
1317.0	40.5	19.312586679865117	-4.499470905205893	-1188.3935448569196
1318.0	40.5	19.3149931563312	-4.5075610330848	-1187.7309411732863
1319.0	40.5	19.317405821637852	-4.515322119740255	-1187.0674656708366
1320.0	40.5	19.319819750116494	-4.523380278410277	-1186.4036867249747
1321.0	40.5	19.32222582469374	-4.531111867040238	-1185.7395288296755
1322.0	40.5	19.324643634427243	-4.539140586685364	-1185.075692683631
1323.0	40.5	19.32705098582029	-4.548572783468403	-1184.4116631657962
1324.0	40.5	19.3294763625593	-4.557615370468259	-1183.747166472936
1325.0	40.5	19.33188441611522	-4.566701511399001	-1183.0825282880678
1326.0	40.5	19.334296729184604	-4.575562304778185	-1182.4171422414274
1327.0	40.5	19.33671630783034	-4.584334725775376	-1181.752304266189
1328.0	40.5	19.339136721948936	-4.592969243991987	-1181.0865605809813
1329.0	40.5	19.34154820059808	-4.601831865061798	-1180.421214953389
1330.0	40.5	19.343970534814932	-4.610173415352965	-1179.755113908478
1331.0	40.5	19.346385071688385	-4.618808936755185	-1179.089130416876
1332.0	40.5	19.348816237695193	-4.62706397101148	-1178.4228927576653
1333.0	40.5	19.351232464907945	-4.635429923703142	-1177.7564103040424
1334.0	40.5	19.353651006083503	-4.643561120282745	-1177.0898231605336
1335.0	40.5	19.35607611251107	-4.651596778909797	-1176.422773431451
1336.0	40.5	19.358503270136115	-4.65972415041022	-1175.7558642765023
1337.0	40.5	19.36092235636322	-4.6675769501992175	-1175.0880080261813
1338.0	40.5	19.363352869366636	-4.675589038555445	-1174.420518934099
1339.0	40.5	19.36577438673559	-4.682990029291575	-1173.7524869065373
1340.0	40.5	19.368212368323057	-4.690582431340365	-1173.0846849907973
1341.0	40.5	19.370634971410773	-4.698160334717086	-1172.4168632213411
1342.0	40.5	19.37306168711597	-4.705201635649059	-1171.7481749921583
1343.0	40.5	19.375494406553276	-4.71257993336499	-1171.0793801371171
1344.0	40.5	19.377928580910293	-4.719340085692205	-1170.4106788307226
1345.0	40.5	19.380356699848036	-4.726372931059103	-1169.7417369415073
1346.0	40.5	19.382794416911022	-4.732958426885763	-1169.072442979111
1347.0	40.5	19.38522361771782	-4.739418911506295	-1168.4033738119638
1348.0	40.5	19.387787710052603	-178.67175093683073	-1167.7341165577075
1349.0	40.5	19.382867761572474	-17.363722543254152	-1165.8463329026272
1350.0	40.5	19.37905375338227	-18.181308107886544	-1164.3508910596488
1351.0	40.5	19.377040568267855	-12.929661571532403	-1163.2019368434187
1352.0	40.5	19.376080576568878	-7.4563123167370975	-1162.247124138694
1353.0	40.5	19.375453793454575	-5.631729656655379	-1161.3581045115297
1354.0	40.5	19.374895629449878	-5.663743767795568	-1160.4933793991788
1355.0	40.5	19.374395201060356	-5.6888481799388595	-1159.645939968211
1356.0	40.5	19.373951002491175	-5.709325078505771	-1158.8100875131242
1357.0	40.5	19.3735758239273	-5.727220121077449	-1157.9840075968234
1358.0	40.5	19.373271292579297	-5.743361416063388	-1157.1647409808852
1359.0	40.5	19.37304224742573	-5.758135065697557	-1156.352253182718
1360.0	40.5	19.372898115552434	-5.772018984249463	-1155.5450204180956
1361.0	40.5	19.372836085447037	-5.785052140567781	-1154.7422004667073
1362.0	40.5	19.372851289528455	-5.797855656427935	-1153.9440711052557
1363.0	40.5	19.372930333903533	-5.810188958496474	-1153.1500941160205
1364.0	40.5	19.373083390350647	-5.82216327947868	-1152.3607065315744
1365.0	40.5	19.373299453587215	-5.833935166178321	-1151.5738112413626
1366.0	40.5	19.373574633556647	-5.8454725905655405	-1150.7910412265942
1367.0	40.5	19.373911567889042	-5.856767241607692	-1150.0118250097971
1368.0	40.5	19.374314356858214	-5.868240611193426	-1149.2364031714349
1369.0	40.5	19.374772440837916	-5.879603678096509	-1148.4637349929776
1370.0	40.5	19.375265178649972	-5.891016424786499	-1147.694561375895
1371.0	40.5	19.375824138204177	-5.902180066984645	-1146.9296504087615
1372.0	40.5	19.376432330401634	-5.913775981119413	-1146.1672190101021
1373.0	40.5	19.377087393149296	-5.926168896363302	-1145.407793168526
1374.0	40.5	19.37777706105293	-5.9388405843355345	-1144.6523836744984
1375.0	40.5	19.378526411189064	-5.951962511346087	-1143.8994571548078
1376.0	40.5	19.37931614258844	-5.965481475079543	-1143.1489604794053
1377.0	40.5	19.38013598646937	-5.979262143981554	-1142.4006077581037
1378.0	40.5	19.381002538716803	-5.993411000921389	-1141.6551636523566
1379.0	40.5	19.38190745615796	-6.007713279963177	-1140.9122486939673
1380.0	40.5	19.38284234002501	-6.021764374134697	-1140.1702896754255
1381.0	40.5	19.383822493236536	-6.036521475123462	-1139.430359038367
1382.0	40.5	19.38483695383205	-6.050528626722674	-1138.692296923465
1383.0	40.5	19.38587723709415	-6.065228993927358	-1137.9565237954039
1384.0	40.5	19.38695162938008	-6.080218863004925	-1137.2217947296338
1385.0	40.5	19.388057425631647	-6.095203961914747	-1136.4883392994145
1386.0	40.5	19.389204398988902	-6.110137187901993	-1135.7567674935462
1387.0	40.5	19.390370699879313	-6.125241532526549	-1135.0259596175226
1388.0	40.5	19.39156816369071	-6.1405239432814875	-1134.2972940111379
1389.0	40.5	19.392791714618316	-6.156012867093831	-1133.5685253845415
1390.0	40.5	19.39404338562057	-6.171933870775832	-1132.841726882269
1391.0	40.5	19.395321792992927	-6.187485428907384	-1132.1161570447778
1392.0	40.5	19.39662629581849	-6.203593675983449	-1131.3910357095688
1393.0	40.5	19.39795619544208	-6.219350355598741	-1130.6677163532026
1394.0	40.5	19.39931038590955	-6.235698932775986	-1129.9445287861424
1395.0	40.5	19.400682946572896	-6.252170831121453	-1129.222407948229
1396.0	40.5	19.4020841271436	-6.268790678990333	-1128.501535278982
1397.0	40.5	19.403500391419694	-6.285336453365408	-1127.780964778697
1398.0	40.5	19.404946687086294	-6.302047089203877	-1127.0620054279602
1399.0	40.5	19.40641433894647	-6.31877684856589	-1126.34304098043
1400.0	40.5	19.407898486236288	-6.335264960186369	-1125.6245860424815
1401.0	40.5	19.409408573227708	-6.352309944509979	-1124.907985349666
1402.0	40.5	19.410929848554968	-6.36893820494384	-1124.1910376005194
1403.0	40.5	19.412469788486042	-6.385986038880201	-1123.475288231925
1404.0	40.5	19.414038820072825	-6.403373656270738	-1122.759914764757
1405.0	40.5	19.41562592702512	-6.420700954299594	-1122.0452441340656
1406.0	40.5	19.417218000035962	-6.437950662022359	-1121.331139052671
1407.0	40.5	19.418841394753983	-6.455380777601807	-1120.617584180781
1408.0	40.5	19.420479549178808	-6.472772494845975	-1119.9044834430424
1409.0	40.5	19.42212473124193	-6.490147718774473	-1119.1920131421114
1410.0	40.5	19.42379939700569	-6.507513844534718	-1118.4802386451584
1411.0	40.5	19.4254855641948	-6.524640772395468	-1117.7678532863656
1412.0	40.5	19.42718313306182	-6.542237994800453	-1117.057124478033
1413.0	40.5	19.428900870339206	-6.559307024149018	-1116.3461069690334
1414.0	40.5	19.430639627234378	-6.577198153098989	-1115.6358311991157
1415.0	40.5	19.43237912853418	-6.5949475325022	-1114.9263537623535
1416.0	40.5	19.434148440371786	-6.613113561966597	-1114.2172427982484
1417.0	40.5	19.43651663670525	-8.83846141871248	-1113.5462731197051
1418.0	40.5	19.438886663344597	-8.856373450274882	-1112.8628910554519
1419.0	40.5	19.441262511701115	-8.878103630355932	-1112.1721669435499
1420.0	40.5	19.44363474861932	-8.90143918769674	-1111.476409786443
1421.0	40.5	19.446016299970182	-8.92508403745966	-1110.7773871760646
1422.0	41.0	19.240883673995008	-8.94473637964349	-1110.0769047771887
1423.0	41.0	19.2436732921293	-11.205889579652247	-1109.4089448655457
1424.0	41.0	19.246996314695892	-13.46568170229742	-1108.7619272276895
1425.0	41.0	19.25028990437472	-13.486462178950351	-1108.095766070911
1426.0	41.0	19.25356974650778	-13.514789294685848	-1107.4159094176382
1427.0	41.0	19.257362372462758	-15.802825330618255	-1106.7596710557807
1428.0	41.0	19.26111387296467	-15.839068238836777	-1106.0862432439114
1429.0	41.0	19.265360990979925	-18.140032719007774	-1105.4310533484309
1430.0	41.0	19.26955306302143	-18.1790431908433	-1104.7568929676884
1431.0	41.0	19.27368379411744	-18.22758769426086	-1104.068050090184
1432.0	41.0	19.278298908606402	-20.56512865351694	-1103.3991099977047
1433.0	41.0	19.28284618096349	-20.623197713248956	-1102.7124213473821
1434.0	41.0	19.287830933470833	-22.97937493655178	-1102.041991638758
1435.0	41.0	19.29275949649115	-23.04786251326568	-1101.3500906463144
1436.0	41.0	19.297620656438337	-23.123634089519985	-1100.6446095841097
1437.0	41.0	19.302426613391674	-23.204420911482714	-1099.9293236204887
1438.0	41.0	19.30719742323214	-23.287519110044947	-1099.206248178773
1439.0	41.0	19.311930686033673	-23.371834981426844	-1098.4778962818596
1440.0	41.0	19.316632044224615	-23.459116179760244	-1097.7444937228677
1441.0	41.0	19.321304865166915	-23.551762191724393	-1097.0084576262154
1442.0	41.0	19.325956467958164	-23.645651526052507	-1096.2693219038606
1443.0	41.0	19.3305937981377	-23.73971937412746	-1095.5274635398825
1444.0	41.0	19.335210431789385	-23.83401386204828	-1094.7832143641547
1445.0	41.0	19.339808193112248	-23.934619918413958	-1094.0372837777463
1446.0	41.0	19.34440256437175	-24.039782127629852	-1093.2887858524034
1447.0	41.0	19.348984566444308	-24.138551897548254	-1092.53862177704
1448.0	41.0	19.353566315715437	-24.22967015464761	-1091.7869929233725
1449.0	41.0	19.358138451799242	-24.319091446678872	-1091.032387092737
1450.0	41.0	19.362714176175412	-24.403379246999496	-1090.2762695350632
1451.0	41.0	19.367287502674507	-24.47350105839421	-1089.5181610432687
1452.0	41.0	19.37186070063296	-24.52933751029997	-1088.7577258769352
1453.0	41.0	19.376441714759558	-24.572747320147	-1087.9950718458006
1454.0	41.0	19.381015948047352	-24.601899423677878	-1087.2301501641743
1455.0	41.0	19.38559891184718	-24.61724135938423	-1086.4624948626235
1456.0	41.0	19.39018024261074	-24.620132994026484	-1085.693431441001
1457.0	41.0	19.394768331572514	-24.610859485117025	-1084.9221039663316
1458.0	41.0	19.39936168914143	-24.590518214122113	-1084.14860482104
1459.0	41.0	19.4039558139691	-24.56091465508217	-1083.373375517166
1460.0	41.0	19.408560622808366	-24.523500963868873	-1082.5966078059334
1461.0	41.0	19.41316815411198	-24.48376176154651	-1081.8181017168708
1462.0	41.0	19.417784140489037	-24.447301143404747	-1081.0385973708644
1463.0	41.0	19.422392943284954	-24.41721323933246	-1080.2591843685914
1464.0	41.0	19.427007950324153	-24.391076471769928	-1079.4783203737613
1465.0	41.0	19.43162295508299	-24.365635575637075	-1078.6970143489866
1466.0	41.0	19.436251419475145	-24.340414333126997	-1077.9147388176307
1467.0	41.0	19.440867922986495	-24.313960878388666	-1077.132924657201
1468.0	41.0	19.445507851937354	-24.297313694195427	-1076.3495383077363
1469.0	41.0	19.450157104712268	-24.289649605980898	-1075.5663360817364
1470.0	41.0	19.454810316851166	-24.29060325497582	-1074.7826173295266
1471.0	41.0	19.45946365174236	-24.302577825760235	-1073.9972664650172
1472.0	41.0	19.46413221924948	-24.32764051946847	-1073.2101412827749
1473.0	41.5	19.324249289544163	-24.355378479609573	-1072.4226377871198
1474.0	41.5	19.328912608064773	-24.380705732143944	-1071.6333528555654
1475.0	41.5	19.333586366080844	-24.400662692402623	-1070.8424668681537
1476.0	41.5	19.338270172718687	-24.413291947484343	-1070.050157344641
1477.0	41.5	19.34296006210074	-24.41673319530534	-1069.25472450137
1478.0	41.5	19.347658014938524	-24.410461302992864	-1068.4586874277404
1479.0	41.5	19.35238222126389	-24.392739811762436	-1067.6605223606718
1480.0	41.5	19.357102217077685	-24.363337524197085	-1066.860173874716
1481.0	41.5	19.36183121245918	-24.328555559666242	-1066.0579775704844
1482.0	41.5	19.36657517582658	-24.28861309774118	-1065.2536920439304
1483.0	41.5	19.371313704971218	-24.239029903681928	-1064.4479360994073
1484.0	41.5	19.376052688665666	-24.1827412926813	-1063.639627059779
1485.0	41.5	19.380811070851312	-24.12168463480393	-1062.830139260158
1486.0	41.5	19.385562846085836	-24.055896054158662	-1062.0188026913715
1487.0	41.5	19.390335590624698	-24.007791160108994	-1061.206336742085
1488.0	41.5	19.39511268598042	-23.955305005778175	-1060.3930326752659
1489.0	41.5	19.399888810061103	-23.897659237078653	-1059.5785905635137
1490.0	41.5	19.404675885771674	-23.835989718578205	-1058.7628632124704
1491.0	41.5	19.40947017405131	-23.769874048386008	-1057.9471186602973
1492.0	41.5	19.414261922104235	-23.70039673752218	-1057.12962595151
1493.0	41.5	19.41906115638334	-23.62705441090664	-1056.3125452268448
1494.0	41.5	19.423888198137934	-23.54839149174176	-1055.495139857929
1495.0	41.5	19.428715806972896	-23.484949392850567	-1054.6768275976026
1496.0	41.5	19.4335498145492	-23.420503667303997	-1053.8581164923974
1497.0	41.5	19.438397834546812	-23.341603762692536	-1053.0390792403807
1498.0	41.5	19.44324802595792	-23.26152372754405	-1052.2201202573667
1499.0	41.5	19.448133875232504	-191.96113981959843	-1051.401221725142
1500.0	41.5	19.453025183635663	-25.520324129820136	-1050.6235822297615
1501.0	41.5	19.457944836164305	-26.640072332911828	-1049.8366022603605
1502.0	41.5	19.462903359448525	-27.129460407773948	-1049.0489180466489
1503.0	41.5	19.467890990966083	-27.351090966583342	-1048.2556688151203
1504.0	41.5	19.472892047731026	-27.471475560440112	-1047.4567539486661
1505.0	41.5	19.477904038449015	-27.55638661550267	-1046.6541056836652
1506.0	41.5	19.482944775821363	-27.63757416386823	-1045.8470313056146
1507.0	41.5	19.487984593975124	-27.71107776893786	-1045.0393626366924
1508.0	41.5	19.493044396709262	-27.79545837400679	-1044.2296714954477
1509.0	41.5	19.498121139431124	-27.89570006752494	-1043.418503945019
1510.0	41.5	19.503194228390765	-28.00633520832243	-1042.6073331663424
1511.0	41.5	19.508287296233036	-28.12961488482779	-1041.796082805885
1512.0	41.5	19.513383565657392	-28.257262245751168	-1040.9840255288323
1513.0	41.5	19.518501541222292	-28.386618188113314	-1040.171534237133
1514.0	41.5	19.52362607061954	-28.51172305874474	-1039.3602728956382
1515.0	41.5	19.528759868093204	-28.62974639685119	-1038.5479039580898
1516.0	41.5	19.533916299797827	-28.742918851989284	-1037.7350916548537
1517.0	42.0	19.671348917435395	-28.855438348939536	-1036.9221063355958
1518.0	42.0	19.676759997782607	-28.952758933973133	-1036.108087325058
1519.0	42.0	19.682218575948053	-29.048476269804983	-1035.2945790182835
1520.0	42.0	19.68768012850629	-29.136530311694877	-1034.4800964510675
1521.0	42.0	19.693158041083198	-29.212476461294912	-1033.6641476789443
1522.0	42.0	19.698658946430484	-29.306143916631626	-1032.8480648298728
1523.0	42.0	19.704168395111058	-29.409828989114622	-1032.0307077523187
1524.0	42.0	19.709700977102376	-29.50002145409222	-1031.2120162525143
1525.0	42.0	19.715238559087847	-29.580464517090643	-1030.3925982163485
1526.0	42.0	19.720786329797516	-29.68445665561993	-1029.5715010898655
1527.0	42.0	19.726354735763053	-29.793576435665347	-1028.7490589193003
1528.0	42.0	19.731938594032957	-29.915832951667216	-1027.9267283473403
1529.0	42.0	19.737536207296632	-30.048653128258433	-1027.1031300701738
1530.0	42.0	19.743151152407446	-30.181640713852	-1026.2788826312485
1531.0	42.0	19.74877533759881	-30.317952009670453	-1025.4549784862638
1532.0	42.0	19.754405837508656	-30.4566602827205	-1024.631595266246
1533.0	42.0	19.76005868683727	-30.595214072443138	-1023.8078040749331
1534.0	42.0	19.76572750254157	-30.734548345855103	-1022.9842980976024
1535.0	42.0	19.771405815151322	-30.869448398496846	-1022.1607483184096
1536.0	42.0	19.77709481208366	-31.006156216075752	-1021.337939880869
1537.0	42.0	19.782802982012882	-31.140035875102395	-1020.5140808054301
1538.0	42.0	19.788527220373673	-31.262072618819584	-1019.690790942476
1539.0	42.0	19.794267412961183	-31.361218314271802	-1018.8659456579317
1540.0	42.0	19.80002961213166	-31.43442277504058	-1018.0402789294709
1541.0	42.0	19.805805698365806	-31.482185432541847	-1017.2138983987841
1542.0	42.0	19.811599303872246	-31.51097008683928	-1016.385967687426
1543.0	42.0	19.817402300104796	-31.51977210242458	-1015.5565966739039
1544.0	42.0	19.823212821820146	-31.50750611474826	-1014.7257569736458
1545.0	42.0	19.829030979068044	-31.478276157023824	-1013.8940663509803
1546.0	42.0	19.834858268240964	-31.43341203824612	-1013.0626545825132
1547.0	42.0	19.840693701787632	-31.376642205233036	-1012.2294846333589
1548.0	42.0	19.8465426108812	-31.317878682930427	-1011.3964597055759
1549.0	42.0	19.8524023532131	-31.26102383159665	-1010.5640517103972
1550.0	42.0	19.858261766377225	-31.210350550385378	-1009.7325775671848
1551.0	42.0	19.86412937112255	-31.174490163335747	-1008.902279974904
1552.0	42.0	19.870005689120536	-31.14251766000612	-1008.0726479363736
1553.0	42.0	19.875900019381753	-31.108053700553977	-1007.2450784514081
1554.0	42.0	19.881794580993578	-31.069701525727435	-1006.4188206077539
1555.0	42.0	19.887700810522535	-31.033565726219848	-1005.5935008889444
1556.0	42.0	19.893617311439503	-31.006435265750124	-1004.768595401337
1557.0	42.5	19.645210302267955	-30.983229714134705	-1003.9446634215356
1558.0	42.5	19.651233801700226	-30.978537336258054	-1003.1213650555435
1559.0	42.5	19.657273819942784	-30.984897192090333	-1002.2964747335495
1560.0	42.5	19.663320443170292	-30.981608213963238	-1001.4711033864542
1561.0	42.5	19.66937161823816	-30.96087076358128	-1000.6455872841186
1562.0	42.5	19.67544311979451	-30.921460346593665	-999.8171862065888
1563.0	42.5	19.68152300058992	-30.86189229253941	-998.9891133305209
1564.0	42.5	19.687603420405573	-30.786223087491024	-998.1576573645353
1565.0	42.5	19.69369176800674	-30.7012122631938	-997.3259046893036
1566.0	42.5	19.699780709446387	-30.607077426249788	-996.4931036788222
1567.0	42.5	19.70587541110561	-30.50340461333825	-995.6584983244891
1568.0	42.5	19.71197354646091	-30.389120682095683	-994.8226078099524
1569.0	42.5	19.71807464034284	-30.260371967304568	-993.9856070872194
1570.0	42.5	19.724175671641987	-30.13778303551425	-993.1489474196251
1571.0	42.5	19.730288975876704	-30.03865930846783	-992.3110373794705
1572.0	42.5	19.73639764702213	-29.929473671432547	-991.4745078326895
1573.0	42.5	19.742508023455176	-29.81176510806054	-990.6375187883539
1574.0	42.5	19.74861772655008	-29.687114808837165	-989.80082965285
1575.0	42.5	19.754737760357152	-29.553580893929396	-988.9651652138008
1576.0	42.5	19.760860898938496	-29.40807232237116	-988.1298694160485
1577.0	42.5	19.76699141584999	-29.27233895185237	-987.2953398948006
1578.0	42.5	19.77312105438198	-29.13639302487537	-986.4616921285815
1579.0	42.5	19.779255329004826	-28.99046572868479	-985.6286097848042
1580.0	42.5	19.785388738286393	-28.849932701930882	-984.7958556664395
1581.0	42.5	19.791610979639596	-182.8573309898595	-983.6049049236632
1582.0	42.5	19.797826481004318	-33.31743532215555	-982.7847123121987
1583.0	42.5	19.80404697055541	-34.041474560769636	-981.9746532540554
1584.0	42.5	19.810284400335426	-34.30091318888525	-981.1598738207532
1585.0	42.5	19.81655238483208	-34.406911906423346	-980.3412178873568
1586.0	42.5	19.822821657572753	-34.47846650246557	-979.5192958950493
1587.0	42.5	19.8291039204866	-34.53929068624258	-978.6964254578866
1588.0	42.5	19.835400238914907	-34.62536099582004	-977.8736418843455
1589.0	42.5	19.84170978721554	-34.76040332160808	-977.0511035100258
1590.0	42.5	19.84803258671658	-34.92902676400849	-976.2316364155447
1591.0	42.5	19.85437041117311	-35.108584396395884	-975.4128004711599
1592.0	42.5	19.860725870123275	-35.29342174152076	-974.5948736917335
1593.0	42.5	19.867091400609503	-35.468622535456404	-973.7790151534302
1594.0	42.5	19.873474325611106	-35.62940674425316	-972.9639624228779
1595.0	43.0	19.598634455457244	-35.76111213924903	-972.1497896370755
1596.0	43.0	19.60517090465289	-35.89579413664864	-971.3357332709143
1597.0	43.0	19.611729123775792	-36.00714124707742	-970.5211221075584
1598.0	43.0	19.61830029298713	-36.105474566463705	-969.7068060195252
1599.0	43.0	19.624898958571897	-36.204064809594776	-968.8927667315706
1600.0	43.0	19.631507119937165	-36.30506946704076	-968.0782765294828
1601.0	43.0	19.638129241407533	-36.41980048889678	-967.2627761149392
1602.0	43.0	19.64476687404906	-36.5260851116201	-966.4466571350665
1603.0	43.0	19.651412171994078	-36.661216167955864	-965.6301405090308
1604.0	43.0	19.658070350440298	-36.80367119176803	-964.8139382604995
1605.0	43.0	19.66474184779838	-36.96058265124307	-963.9970083558019
1606.0	43.0	19.671424617980477	-37.15087123616505	-963.1815123015194
1607.0	43.0	19.678124311374336	-37.344290259680044	-962.3673825342296
1608.0	43.0	19.684837198816656	-37.53849725286949	-961.5547947366714
1609.0	43.0	19.6915684933549	-37.72734948511901	-960.7438907633828
1610.0	43.0	19.698318382657334	-37.904839675411836	-959.9339849926789
1611.0	43.0	19.70508547925134	-38.0638961401582	-959.1241431380764
1612.0	43.0	19.71186668981522	-38.22600114005629	-958.3153292199402
1613.0	43.0	19.71867255153582	-38.36903667676116	-957.5072184336309
1614.0	43.0	19.72549806079247	-38.46832609383092	-956.6977718677243
1615.0	43.0	19.732324281291884	-38.52381900940144	-955.8873717407707
1616.0	43.0	19.739179650232533	-38.535145771950056	-955.0761021144275
1617.0	43.0	19.74604223092845	-38.50694083061039	-954.2623530123399
1618.0	43.0	19.75291154707122	-38.44757203621453	-953.4477053450134
1619.0	43.0	19.759792612998687	-38.384348658928815	-952.6323131020642
1620.0	43.0	19.7666841447092	-38.307880764952486	-951.8172530498222
1621.0	43.0	19.773573143550834	-38.22838193507152	-951.0019758378219
1622.0	43.0	19.780472819941654	-38.15510795339857	-950.1876705645827
1623.0	43.0	19.787377954245155	-38.08745057046051	-949.3754693563722
1624.0	43.0	19.794291792236738	-38.04235023223094	-948.5652434628789
1625.0	43.0	19.80121605373931	-38.00456503950782	-947.7584501766344
1626.0	43.0	19.80815224909594	-37.96662174883552	-946.9531531688466
1627.0	43.0	19.815095049350678	-37.920004275979245	-946.150483493469
1628.0	43.0	19.82205076025221	-37.87522577914715	-945.3498028832986
1629.0	43.5	19.63844299759259	-37.8285278395184	-944.5503452959028
1630.0	43.5	19.645637967669618	-37.79141850850941	-943.7501959272
1631.0	43.5	19.652840377802345	-37.74226744738027	-942.9491296806762
1632.0	43.5	19.660055817881254	-37.68743569027864	-942.1474324335312
1633.0	43.5	19.66726735772125	-37.615312222137604	-941.3438595651483
1634.0	43.5	19.674493277604277	-37.51738207710962	-940.5386258287813
1635.0	43.5	19.681720765000104	-37.40522547096184	-939.7316014324655
1636.0	43.5	19.68895558960337	-37.27146689403886	-938.9226282243362
1637.0	43.5	19.696183146600056	-37.11918313107664	-938.1123260080234
1638.0	43.5	19.703419569888386	-36.95638115510926	-937.3012058829135
1639.0	43.5	19.710646798402784	-36.774977921705435	-936.4887808900069
1640.0	43.5	19.71787501468006	-36.58409958418035	-935.6763002762385
1641.0	43.5	19.72510300570218	-36.44371602596289	-934.8644472351504
1642.0	43.5	19.73233309753028	-36.29694999679688	-934.0534134307143
1643.0	43.5	19.73956053958132	-36.13726216398671	-933.2435266658448
1644.0	43.5	19.746797894212428	-35.96295085826159	-932.4351055864106
1645.0	43.5	19.754041099483164	-35.768251555266914	-931.6277711286615
1646.0	43.5	19.7612877401164	-35.59204492135408	-930.8220572548673
1647.0	43.5	19.768538177400245	-35.39192177690374	-930.017484877061
1648.0	43.5	19.775799920955006	-35.14235780642904	-929.2137938682575
1649.0	43.5	19.78306592883853	-34.85236609913911	-928.4105852497007
1650.0	43.5	19.790354497898775	-186.44340816779908	-927.6742383379848
1651.0	43.5	19.79768118201187	-40.355009539156946	-926.9087973873044
1652.0	43.5	19.805023981296586	-40.84992903237266	-926.1339183433098
1653.0	43.5	19.812384058343643	-41.016393953483814	-925.3520175454239
1654.0	43.5	19.81976600538696	-41.102538443212154	-924.5667136724318
1655.0	43.5	19.827146044380527	-41.17339099946678	-923.7813225648639
1656.0	43.5	19.834534898883398	-41.26919375511288	-922.9961427753655
1657.0	43.5	19.84193448024877	-41.467376397454814	-922.2148709836202
1658.0	43.5	19.849336024545426	-41.69440743806833	-921.437608367736
1659.0	43.5	19.856761026365923	-41.9283158786743	-920.6626787152472
1660.0	43.5	19.86420285470281	-42.15030177556019	-919.8909302154264
1661.0	44.0	19.709842430176028	-42.34835096830097	-919.1204238516245
1662.0	44.0	19.71758786616778	-42.52477535197594	-918.3512285915779
1663.0	44.0	19.72535648695024	-42.67011426542744	-917.5823521082641
1664.0	44.0	19.73314261151193	-42.77980170255084	-916.8136560804144
1665.0	44.0	19.74093420470031	-42.88483867139575	-916.0452207368444
1666.0	44.0	19.748746373399403	-42.99509816693986	-915.2760183775174
1667.0	44.0	19.75656509477422	-43.12895961601681	-914.5062242222044
1668.0	44.0	19.764410355652835	-43.255439824655326	-913.7369871100055
1669.0	44.0	19.7722539436805	-43.404714769347954	-912.9685341832057
1670.0	44.0	19.78011120384377	-43.577878073522896	-912.2000312294555
1671.0	44.0	19.787979739832377	-43.799615757404645	-911.4324035607185
1672.0	44.0	19.795874312365697	-44.05224561560711	-910.6689910507147
1673.0	44.0	19.803771846149377	-44.300986502280374	-909.9072565280057
1674.0	44.0	19.811694587609363	-44.53479870643378	-909.1477716353286
1675.0	44.0	19.81963141208288	-44.73674216772834	-908.3910164432051
1676.0	44.0	19.82759781075663	-44.90761607225833	-907.6347081852463
1677.0	44.0	19.8355813879894	-45.06098864582615	-906.87831522095
1678.0	44.0	19.84359133545534	-45.14923053828347	-906.121964843606
1679.0	44.0	19.85160522198178	-45.180583338068885	-905.363920911214
1680.0	44.0	19.85964498428701	-45.15276553300787	-904.6046251883616
1681.0	44.0	19.86769159928382	-45.07476673644108	-903.8431143019614
1682.0	44.0	19.87575214680071	-44.95839907651214	-903.0814158899636
1683.0	44.0	19.88381879880549	-44.82944006480311	-902.3186019336492
1684.0	44.0	19.891890749340643	-44.71270151958053	-901.557307684822
1685.0	44.0	19.899972141225458	-44.610377925697094	-900.7976328697918
1686.0	44.0	19.90805518048848	-44.518197128462845	-900.0412592352654
1687.0	44.0	19.91615496241205	-44.45048898147795	-899.2881209841042
1688.0	44.0	19.92426812414694	-44.40307437624309	-898.5401591152831
1689.0	44.0	19.932392807790823	-44.352560183028075	-897.7959366968053
1690.0	44.0	19.94052860429356	-44.28138536368459	-897.0550049314087
1691.0	44.5	20.018652426544403	-44.20476611101264	-896.3170868822589
1692.0	44.5	20.02736887151833	-44.12159060871278	-895.5800271436793
1693.0	44.5	20.036098753472604	-44.03195198083858	-894.8431020036734
1694.0	44.5	20.044837358379016	-43.910955907264004	-894.104393481836
1695.0	44.5	20.0535858679387	-43.77500951450476	-893.3638047972083
1696.0	44.5	20.062338586964636	-43.612401896799405	-892.621370031373
1697.0	44.5	20.071088117440127	-43.430747591129716	-891.8764303391691
1698.0	44.5	20.079835867514838	-43.21755054868752	-891.129752038867
1699.0	44.5	20.08859278175458	-42.99359600101751	-890.38247467543
1700.0	44.5	20.097340458129235	-42.74778161143619	-889.6333616792579
1701.0	44.5	20.106082433939225	-42.474867235769146	-888.8841668248666
1702.0	44.5	20.114818434407038	-42.24199753694377	-888.1358039581567
1703.0	44.5	20.12354883300143	-42.03167894220221	-887.388340010795
1704.0	44.5	20.132287233700115	-41.79753994042114	-886.6435935662441
1705.0	44.5	20.14102219656539	-41.536376897795414	-885.9000600173684
1706.0	44.5	20.149769475829117	-41.2384716840267	-885.1584038764101
1707.0	44.5	20.15850562170598	-40.948953416863084	-884.4174080212665
1708.0	44.5	20.167261978441385	-40.61408000967401	-883.6774196229492
1709.0	44.5	20.17600839474599	-40.20248341740963	-882.9376047755368
1710.0	44.5	20.184778974448164	-174.00427671418907	-881.8000108300907
1711.0	44.5	20.19347508400298	-45.992478217486216	-881.0559116827483
1712.0	44.5	20.202177606375816	-47.07007572318195	-880.3187335256198
1713.0	44.5	20.210879854463577	-47.38542467047766	-879.572601780006
1714.0	44.5	20.219595092512574	-47.511833240786764	-878.8245438009412
1715.0	44.5	20.228329686060064	-47.60404480347442	-878.0789504357225
1716.0	44.5	20.237082271412206	-47.7317097331032	-877.337836684819
1717.0	44.5	20.245856744832277	-47.96815680087953	-876.6036679472533
1718.0	44.5	20.254657858816888	-48.261822053596816	-875.8754963021715
1719.0	44.5	20.263488264154255	-48.5492188602696	-875.1522532937477
1720.0	45.0	19.887304087757617	-48.773986983327035	-874.433784874197
1721.0	45.0	19.89632576877808	-48.99613519925221	-873.7176551923537
1722.0	45.0	19.905374213390456	-49.17215136052747	-873.0026876541426
1723.0	45.0	19.914436944854124	-49.30464868687125	-872.2869208946431
1724.0	45.0	19.923511822529935	-49.41283606615697	-871.571174894396
1725.0	45.0	19.93261268599508	-49.536555746518125	-870.8560868997562
1726.0	45.0	19.941729522331904	-49.70610051384602	-870.1413611967196
1727.0	45.0	19.950855195388378	-49.89292827728924	-869.4281639920231
1728.0	45.0	19.959995495714985	-50.12136939366475	-868.7161137344011
1729.0	45.0	19.96914428912344	-50.377453719020195	-868.0061808785161
1730.0	45.0	19.97832767781573	-50.70973966616768	-867.3001576785992
1731.0	45.0	19.98751324430036	-51.02895919974599	-866.598913344141
1732.0	45.0	19.99673470447116	-51.31339332363206	-865.9000518847519
1733.0	45.0	20.005973242521478	-51.535452668160396	-865.2037526440854
1734.0	45.0	20.015243235184126	-51.70141247854538	-864.5073506916068
1735.0	45.0	20.024522990091626	-51.81575731226786	-863.8098568281098
1736.0	45.0	20.033837779246348	-51.820389898313415	-863.1097750129006
1737.0	45.0	20.043155418495292	-51.75069336144016	-862.4073863222794
1738.0	45.0	20.05248615577828	-51.63253565808656	-861.7026264476638
1739.0	45.0	20.061828560098576	-51.47180055150878	-860.9954451751229
1740.0	45.0	20.07117709960961	-51.28869705744203	-860.287812188159
1741.0	45.0	20.080534420061298	-51.13149728364976	-859.5811833413258
1742.0	45.0	20.089895892955283	-51.019703658292705	-858.8784275978333
1743.0	45.0	20.09926188258104	-50.932665533019865	-858.1793502284132
1744.0	45.0	20.10864482630333	-50.87708106789359	-857.4845288556664
1745.0	45.0	20.118034538946624	-50.825074353571885	-856.7940145713811
1746.0	45.5	19.915221562184065	-50.728753176654934	-856.1081934916507
1747.0	45.5	19.924983414881265	-50.62357331537533	-855.4242559888964
1748.0	45.5	19.93474954092631	-50.509142642227445	-854.7406574196218
1749.0	45.5	19.94453307393657	-50.36545309606258	-854.0553169456535
1750.0	45.5	19.954324605528537	-50.16866624705024	-853.3657706598999
1751.0	45.5	19.964122412135982	-49.94402407864026	-852.672648690415
1752.0	45.5	19.97391423946791	-49.72375342922507	-851.9759381847558
1753.0	45.5	19.983704833870195	-49.46341905872651	-851.2767199923828
1754.0	45.5	19.993491871078742	-49.18042829895847	-850.5748791493523
1755.0	45.5	20.00326631138856	-48.87223560349081	-849.8718890354563
1756.0	45.5	20.013043073460743	-48.533078357014084	-849.1676573104181
1757.0	45.5	20.022813540340227	-48.25583573267075	-848.4650281643989
1758.0	45.5	20.03258086704784	-47.99660588343019	-847.7646597014129
1759.0	45.5	20.042343260074087	-47.70069387010573	-847.0657306125592
1760.0	45.5	20.052108294848164	-47.35239250046983	-846.3693651464989
1761.0	45.5	20.06187811544204	-46.99794114923879	-845.6741664745593
1762.0	45.5	20.071652902967514	-46.58713273031588	-844.9803182857103
1763.0	45.5	20.08143372083729	-46.07129114170836	-844.2864349498855
1764.0	45.5	20.091221079554693	-173.95432731665124	-843.5910249410737
1765.0	45.5	20.10038475422098	-52.228804277778664	-842.9861340606509
1766.0	45.5	20.10966382655745	-53.24204367279187	-842.2930263784302
1767.0	45.5	20.119022913491172	-53.49732143398756	-841.5827141066686
1768.0	45.5	20.12843986954226	-53.630963911806774	-840.8694175498061
1769.0	45.5	20.137895943563144	-53.76161483040484	-840.1613016110689
1770.0	45.5	20.14739816798796	-53.96823995796582	-839.4610207280001
1771.0	45.5	20.156937548406002	-54.28094346204675	-838.7693214113211
1772.0	45.5	20.16651862314728	-54.6178304359587	-838.0859904195903
1773.0	46.0	19.960304848602853	-54.91387192982155	-837.4084129610837
1774.0	46.0	19.970492549387146	-55.16199075164657	-836.7329697834678
1775.0	46.0	19.98069724560631	-55.34607107646677	-836.05879381354
1776.0	46.0	19.990930343698427	-55.483910878576424	-835.3837384076012
1777.0	46.0	20.00117054095054	-55.58805595340273	-834.7079381134387
1778.0	46.0	20.011429542389354	-55.75621255444057	-834.0316922027869
1779.0	46.0	20.02170274511474	-55.949978908273344	-833.3574305189857
1780.0	46.0	20.0319853661796	-56.18374262252576	-832.6845395006584
1781.0	46.0	20.042281812420654	-56.45468948672489	-832.0140012348976
1782.0	46.0	20.05259494601154	-56.83246700195925	-831.3479198840193
1783.0	46.0	20.062930242434803	-57.20843593134925	-830.6866104331643
1784.0	46.0	20.073283039499497	-57.526871032062616	-830.0291838657472
1785.0	46.0	20.083670710169883	-57.751924105496535	-829.3721787828098
1786.0	46.0	20.09407232916052	-57.89127930468329	-828.7134362557982
1787.0	46.0	20.10450107212156	-57.93494437699057	-828.0522345325634
1788.0	46.0	20.114937302807697	-57.831758786806176	-827.387132468953
1789.0	46.0	20.125391217609486	-57.6613224980356	-826.716990805013
1790.0	46.0	20.135852179596966	-57.45223902242096	-826.0440995849517
1791.0	46.0	20.146308751443588	-57.219438741471386	-825.3695282348111
1792.0	46.0	20.15676923693632	-56.98760900708564	-824.6958206747328
1793.0	46.0	20.167229616290555	-56.83469437205617	-824.0250105327119
1794.0	46.0	20.177686845243784	-56.72033490349961	-823.3590925805942
1795.0	46.0	20.188160595871775	-56.64602810036108	-822.6987980400894
1796.0	46.0	20.198646704060767	-56.58203515154877	-822.0441761383331
1797.0	46.5	20.245171193683863	-56.48722578004367	-821.3930716602531
1798.0	46.5	20.256555834889962	-56.31575125494151	-820.7431235394765
1799.0	46.5	20.267956217629123	-56.12885105594853	-820.0925210731011
1800.0	46.5	20.279349916855487	-55.89321695810488	-819.4363992889827
1801.0	46.5	20.290753889067233	-55.59018711579592	-818.7756574075615
1802.0	46.5	20.302150253335586	-55.28337620356963	-818.1086556766793
1803.0	46.5	20.313534495581965	-54.95381214020146	-817.437334702538
1804.0	46.5	20.324905940167984	-54.59848280513802	-816.7629672192998
1805.0	46.5	20.336270354619078	-54.215546676570284	-816.08598309407
1806.0	46.5	20.34761601524422	-53.788651568931904	-815.4075511700989
1807.0	46.5	20.358946334690927	-53.42042605248887	-814.7291605521139
1808.0	46.5	20.370258102354416	-53.07798812365412	-814.0526111551196
1809.0	46.5	20.381572602958812	-52.677079354791125	-813.3772787579255
1810.0	46.5	20.392881275599823	-52.19734864426539	-812.702561299453
1811.0	46.5	20.404181842671072	-51.69033732196129	-812.0282908471047
1812.0	46.5	20.415486627312152	-51.08707806531825	-811.3523441429116
1813.0	46.5	20.42677999661403	-50.33979669727596	-810.6734006574003
1814.0	46.5	20.43772237445958	-166.22774562916857	-809.5536833630025
1815.0	46.5	20.44793524009109	-58.287329228584625	-808.8511689524407
1816.0	46.5	20.458266576315882	-59.01432904387303	-808.1221523330732
1817.0	46.5	20.468694200360776	-59.25436877743295	-807.3853521121151
1818.0	46.5	20.47921539687083	-59.432843064263835	-806.6538608028295
1819.0	46.5	20.489801662109326	-59.6618435009168	-805.9334475343752
1820.0	46.5	20.50047471641244	-59.982907906688695	-805.2249756476261
1821.0	47.0	20.10296454101349	-60.321804221357375	-804.5277103433232
1822.0	47.0	20.114239793407826	-60.66407200970495	-803.8376032367131
1823.0	47.0	20.125567992315375	-60.93707946875998	-803.1519629506012
1824.0	47.0	20.136915310090835	-61.127624562557436	-802.4657939926171
1825.0	47.0	20.148277958306963	-61.2699475132291	-801.7791320426123
1826.0	47.0	20.15967909600809	-61.38224353009294	-801.0906782061362
1827.0	47.0	20.171094944360373	-61.601630513913314	-800.4045674516526
1828.0	47.0	20.182517713133986	-61.880029990919056	-799.720619035718
1829.0	47.0	20.19395698437112	-62.20042447905746	-799.0397376694336
1830.0	47.0	20.205430216158984	-62.610209531742434	-798.3628266029624
1831.0	47.0	20.216911898580367	-63.0722226963627	-797.6927376670866
1832.0	47.0	20.228419440860172	-63.4507365627352	-797.0262563686937
1833.0	47.0	20.239959125369072	-63.69618726846582	-796.3593760361715
1834.0	47.0	20.25152234007024	-63.80792732794446	-795.6901552117711
1835.0	47.0	20.263097594945137	-63.7915184237039	-795.0151467572705
1836.0	47.0	20.274692814467308	-63.597912228931	-794.3333660935875
1837.0	47.0	20.286277996093162	-63.34848747980882	-793.6455539912499
1838.0	47.0	20.297877788207945	-63.080165958326816	-792.954210619622
1839.0	47.0	20.30946012213504	-62.807011401125514	-792.2618972477159
1840.0	47.0	20.321045294811416	-62.567985141074715	-791.5709546900907
1841.0	47.0	20.332629858267264	-62.426953256632004	-790.8835502202708
1842.0	47.0	20.344208482689986	-62.33825326028384	-790.2013519994151
1843.0	47.0	20.35580075955498	-62.26856132163453	-789.5253200256074
1844.0	47.5	20.12991935295946	-62.12279726717841	-788.8516918253571
1845.0	47.5	20.142120326922687	-61.932177471589625	-788.1781536065693
1846.0	47.5	20.154318738676942	-61.701016291037845	-787.500204129992
1847.0	47.5	20.166521983448895	-61.394627622360765	-786.8157040506326
1848.0	47.5	20.178720632357418	-61.0161664659301	-786.1228633296512
1849.0	47.5	20.190897810184993	-60.63091094230496	-785.4224610053215
1850.0	47.5	20.2030561941781	-60.22907806668744	-784.7159087116304
1851.0	47.5	20.215193754341726	-59.80415200671266	-784.0056430226165
1852.0	47.5	20.2273112421721	-59.335101702710254	-783.2930348531445
1853.0	47.5	20.239403667997255	-58.86788870177224	-782.5801375351839
1854.0	47.5	20.251477192740023	-58.49545669659159	-781.8678276997157
1855.0	47.5	20.263534570488307	-58.050951027169745	-781.1571319794687
1856.0	47.5	20.27559082064487	-57.5032264575456	-780.446891778778
1857.0	47.5	20.287641041218194	-56.91870320976592	-779.7364808174077
1858.0	47.5	20.299679426292258	-56.17990706268831	-779.0246870558942
1859.0	47.5	20.31170158862485	-55.25068301868832	-778.3091203014571
1860.0	47.5	20.32297761507901	-168.29340366802816	-777.6852428146543
1861.0	47.5	20.333338349091065	-63.70288204650462	-776.9815903512434
1862.0	47.5	20.343927923521203	-64.19975279227266	-776.2371163454383
1863.0	47.5	20.354678798954684	-64.46013739700122	-775.4845303420468
1864.0	47.5	20.365564871676003	-64.71734552204128	-774.7396031311187
1865.0	47.5	20.376573817649103	-65.03774265448631	-774.0069029415197
1866.0	48.0	20.14533253457977	-65.42943877642779	-773.2841797389857
1867.0	48.0	20.15752271355541	-65.82819061419488	-772.5694278197707
1868.0	48.0	20.169751107349	-66.13743911425833	-771.8567260031228
1869.0	48.0	20.182034494662666	-66.34641360697862	-771.1427532870894
1870.0	48.0	20.194340848699365	-66.49893654208402	-770.4249286400507
1871.0	48.0	20.206676365101387	-66.62623312692159	-769.7041064113948
1872.0	48.0	20.21902600746665	-66.87863165407776	-768.9827276913214
1873.0	48.0	20.23139269942343	-67.18513618085595	-768.2638732653518
1874.0	48.0	20.243776969911554	-67.54855113949154	-767.5472943886798
1875.0	48.0	20.2561763797555	-68.04575635576597	-766.8356967904965
1876.0	48.0	20.268607729447524	-68.52301057595082	-766.1297133039651
1877.0	48.0	20.281057848844767	-68.85448487602514	-765.4241784603686
1878.0	48.0	20.293538671487706	-69.00749802545702	-764.7147234032024
1879.0	48.0	20.3060349740508	-68.98892913515706	-763.9985175882997
1880.0	48.0	20.31853675290007	-68.77577399262434	-763.2735379022911
1881.0	48.0	20.33103892306895	-68.43778582807556	-762.540635930129
1882.0	48.0	20.34353952011376	-68.10615731517481	-761.8019597585559
1883.0	48.0	20.356024138488184	-67.77973167859165	-761.0620718480905
1884.0	48.0	20.36848863592585	-67.48602805441952	-760.3231756548976
1885.0	48.0	20.380954104870042	-67.30496272390316	-759.5897130930185
1886.0	48.0	20.393421638609368	-67.1921350893957	-758.8621326273948
1887.0	48.5	20.409852875565786	-67.1278337302539	-758.1413266884223
1888.0	48.5	20.423667397661887	-66.95926530466046	-757.4237750403316
1889.0	48.5	20.437477917182964	-66.68560519457205	-756.7039215576517
1890.0	48.5	20.4512786801476	-66.36435203468747	-755.978485691174
1891.0	48.5	20.465066231789713	-65.95082198159758	-755.2433440818065
1892.0	48.5	20.478844582399102	-65.47249594566708	-754.4995534367886
1893.0	48.5	20.49257542963526	-64.99598469909624	-753.747757319738
1894.0	48.5	20.50628274183116	-64.50933530751415	-752.9910959979086
1895.0	48.5	20.519954165205124	-63.9844513510811	-752.2310371606286
1896.0	48.5	20.533589927418326	-63.40577855745162	-751.4683505940584
1897.0	48.5	20.54720354844163	-62.93496545325738	-750.7076320312931
1898.0	48.5	20.560783461454335	-62.42282189181182	-749.9484699636729
1899.0	48.5	20.57434450197187	-61.78405046461251	-749.1900746716178
1900.0	48.5	20.587878126873786	-61.03656617396246	-748.4303478730402
1901.0	48.5	20.60140086995087	-60.16705428733515	-747.6668591988417
1902.0	48.5	20.614896950341326	-59.06397627612221	-746.8975181708256
1903.0	48.5	20.670050993251206	-116.68970119701167	-745.6543645254469
1904.0	48.5	20.681486320723945	-68.08368519808248	-744.8790065481521
1905.0	48.5	20.69314805914897	-68.79618502664523	-744.0753887119456
1906.0	48.5	20.70500510446687	-69.15351867698918	-743.2681588742854
1907.0	48.5	20.71701785552437	-69.48509501794389	-742.4711997617839
1908.0	48.5	20.72918219322005	-69.86730367047255	-741.688467705733
1909.0	49.0	20.27771590928305	-70.230866124961	-740.9161951775831
1910.0	49.0	20.29087822467852	-70.65730643160482	-740.1498462804075
1911.0	49.0	20.304112014771558	-70.9649687229476	-739.3851848061041
1912.0	49.0	20.317402284113093	-71.17317193484452	-738.6159356008046
1913.0	49.0	20.330723235744383	-71.32172031679053	-737.8425831205786
1914.0	49.0	20.344085593854558	-71.51614780800425	-737.0672129301054
1915.0	49.0	20.357463617168964	-71.86707592113574	-736.2940064217717
1916.0	49.0	20.37087487930942	-72.29026964883529	-735.523716944459
1917.0	49.0	20.384299157203692	-72.79370746344927	-734.7596214835338
1918.0	49.0	20.397756859591496	-73.37418184111561	-734.0021339392787
1919.0	49.0	20.411246886141193	-73.78243648162895	-733.2473788460669
1920.0	49.0	20.42476000753849	-73.96124272844528	-732.487966667808
1921.0	49.0	20.438291611512337	-73.91170311603362	-731.7210067338488
1922.0	49.0	20.451839778360476	-73.64832052714384	-730.9432194637939
1923.0	49.0	20.46536798072172	-73.23972347632795	-730.1555308634362
1924.0	49.0	20.478893463618242	-72.86540458217131	-729.3634161232824
1925.0	49.0	20.49239979261448	-72.51416554736602	-728.570639634984
1926.0	49.0	20.50588172725238	-72.20962050721997	-727.7807887209735
1927.0	49.0	20.519351501991288	-72.03023504559233	-726.9973259498662
1928.0	49.0	20.53282327364949	-71.93211862655119	-726.2207919946247
1929.0	49.5	20.285750398167128	-71.8047561039756	-725.4495561106177
1930.0	49.5	20.300156042844023	-71.5660296221155	-724.6791175587538
1931.0	49.5	20.31454913785749	-71.2413142972058	-723.9032777208379
1932.0	49.5	20.32892505077002	-70.81599927476056	-723.117554430193
1933.0	49.5	20.343267085043568	-70.30009529498642	-722.3215926750543
1934.0	49.5	20.357582369086938	-69.74810284845695	-721.5155168007229
1935.0	49.5	20.37185400087858	-69.20622675787776	-720.7052440346737
1936.0	49.5	20.38607530292388	-68.63972869739253	-719.8913271643017
1937.0	49.5	20.40026150885072	-68.01021833708494	-719.0768907881603
1938.0	49.5	20.41440190315791	-67.5000123235872	-718.2652015877101
1939.0	49.5	20.428513065112593	-66.93958802386555	-717.4565605176276
1940.0	49.5	20.442604932264093	-66.20952372540556	-716.6498610255481
1941.0	49.5	20.45666634034732	-65.38054139294454	-715.8429681183555
1942.0	49.5	20.470705027231507	-64.32003870529358	-715.032653908861
1943.0	49.5	20.484726133416213	-62.969287031693405	-714.216637306955
1944.0	49.5	20.49728745760089	-162.50335749748444	-713.5198192065309
1945.0	49.5	20.50876485887037	-72.84663658357081	-712.7333045231087
1946.0	49.5	20.520559103635765	-73.28469945750795	-711.9176310131049
1947.0	49.5	20.532591810536815	-73.68347714989545	-711.105185122277
1948.0	49.5	20.54482036209524	-74.08696224339218	-710.3043019584026
1949.0	50.0	20.513165732227762	-74.53707409043861	-709.5132296071446
1950.0	50.0	20.52768470824701	-75.00597264641233	-708.7296290769692
1951.0	50.0	20.54228584656992	-75.35956627852487	-707.9449736347027
1952.0	50.0	20.55694225665384	-75.58780925359854	-707.1546945547881
1953.0	50.0	20.571651330082933	-75.75275169041765	-706.3580833976458
1954.0	50.0	20.58638540017597	-75.96460860522973	-705.5576137024927
1955.0	50.0	20.601151212850414	-76.32897072819901	-704.7580571285429
1956.0	50.0	20.61593012629265	-76.78021399481051	-703.9633143933875
1957.0	50.0	20.63072636421947	-77.33585629913576	-703.1732822886181
1958.0	50.0	20.645555268295904	-77.93681885013189	-702.3903915098124
1959.0	50.0	20.66040893131901	-78.30625000735613	-701.6080298923669
1960.0	50.0	20.675274583794835	-78.39064254457169	-700.8194246513411
1961.0	50.0	20.690154605584624	-78.21048613328459	-700.0201963015486
1962.0	50.0	20.705027519086507	-77.79314985473245	-699.2087796738207
1963.0	50.0	20.7198832357156	-77.30824593199809	-698.3890155502958
1964.0	50.0	20.734705637307307	-76.88372411714275	-697.5674745595653
1965.0	50.0	20.749506030611904	-76.50036752739915	-696.7482915596014
1966.0	50.0	20.76427300851157	-76.21176339916198	-695.9359552989393
1967.0	50.0	20.7790251290331	-76.06229470967715	-695.1321398210836
1968.0	50.5	20.35990121287163	-75.89669203237408	-694.3376806588119
1969.0	50.5	20.375310779131848	-75.65633192548728	-693.5457545277546
1970.0	50.5	20.39070074749898	-75.2769257082003	-692.7517844517897
1971.0	50.5	20.40606108037613	-74.80750764385176	-691.9483539573064
1972.0	50.5	20.4213913681118	-74.22199028526117	-691.1337787902105
1973.0	50.5	20.43666419884724	-73.58520768821808	-690.3085901409311
1974.0	50.5	20.451882707520163	-72.96838996143585	-689.4784473118626
1975.0	50.5	20.467056649503814	-72.3373835381702	-688.6465696144053
1976.0	50.5	20.482162902607925	-71.6265884607142	-687.81401968644
1977.0	50.5	20.49722178859423	-71.02229983402349	-686.9847598429625
1978.0	50.5	20.51222790032155	-70.36805422594544	-686.1603364154221
1979.0	50.5	20.527193630537482	-69.50840802059932	-685.3380531364198
1980.0	50.5	20.542129516050817	-68.49410723296043	-684.5131655195526
1981.0	50.5	20.55701774413918	-67.22781020611991	-683.6830724383792
1982.0	50.5	20.571869421994098	-65.63886227725767	-682.8453543977789
1983.0	50.5	20.585124087179963	-159.44119859963232	-681.5229494489893
1984.0	50.5	20.59713267713344	-76.73823485629441	-680.6821693258935
1985.0	50.5	20.609449636434015	-77.25438568016165	-679.831583884072
1986.0	50.5	20.62201929721518	-77.73329857367904	-678.9938286986617
1987.0	50.5	20.634814327896855	-78.21326456540916	-678.1719441603551
1988.0	51.0	20.371604732706015	-78.64611556256644	-677.3621756190104
1989.0	51.0	20.386247108852167	-79.11918490292227	-676.558145868746
1990.0	51.0	20.40096660354756	-79.43937515549538	-675.7524930911554
1991.0	51.0	20.415770435246007	-79.6589384981391	-674.939479257474
1992.0	51.0	20.43061966702458	-79.83038980318551	-674.122962703157
1993.0	51.0	20.44549783625245	-80.16047170898023	-673.3062278772137
1994.0	51.0	20.46040110246089	-80.67292540420665	-672.4964130234259
1995.0	51.0	20.475333117897645	-81.21936128292047	-671.6937914968357
1996.0	51.0	20.490292686013817	-81.9084746348546	-670.9016159079503
1997.0	51.0	20.505279541074863	-82.3908196017136	-670.1125328984211
1998.0	51.0	20.52029034867309	-82.5476278538409	-669.3208947382469
1999.0	51.0	20.5353010340234	-82.36306155795651	-668.5165594110022
2000.0	51.0	20.550297615282453	-81.91803358602182	-667.7008451183035
2001.0	51.0	20.56527318414211	-81.35469947805295	-666.8751295057307
2002.0	51.0	20.580202171764345	-80.88778745449214	-666.0477971881717
2003.0	51.0	20.59508717355602	-80.47965419546	-665.2249651042004
2004.0	51.0	20.609939919523825	-80.15432048167644	-664.4088436378556
2005.0	51.0	20.624751757312833	-79.98448018071444	-663.6028555931857
2006.0	51.5	20.369372157573927	-79.85982648081169	-662.8052383658755
2007.0	51.5	20.385430882502618	-79.56846484731754	-662.0094053857027
2008.0	51.5	20.401437769642996	-79.14235750375227	-661.2067387700661
2009.0	51.5	20.417399979556563	-78.58383224501512	-660.3939463029625
2010.0	51.5	20.433288850034913	-77.92285597759526	-659.566683023959
2011.0	51.5	20.44909102131027	-77.2114403374762	-658.730360330265
2012.0	51.5	20.464812935323195	-76.52727740599796	-657.8883122061213
2013.0	51.5	20.48043506376805	-75.80026399096094	-657.0456342971514
2014.0	51.5	20.49597267875378	-75.05824495824756	-656.2030118812479
2015.0	51.5	20.511417197965166	-74.42032169034074	-655.363264612159
2016.0	51.5	20.526792956146842	-73.57851648848612	-654.5246971307073
2017.0	51.5	20.542090447462307	-72.52305539205824	-653.6852285347512
2018.0	51.5	20.557310968092562	-71.22919379563237	-652.8403833182683
2019.0	51.5	20.572445307067433	-69.54889757027246	-651.98531435618
2020.0	51.5	20.586432897562748	-155.125590162182	-651.2429363083656
2021.0	51.5	20.598271207947285	-79.64064319312352	-650.4256852513403
2022.0	51.5	20.610456949728402	-80.22377742910354	-649.5760324423073
2023.0	51.5	20.622890557777776	-80.71575601460378	-648.7287887417693
2024.0	51.5	20.635511684101722	-81.19339266732453	-647.8908402119318
2025.0	52.0	20.60822713421624	-81.67515653977823	-647.0610725054676
2026.0	52.0	20.623596132410146	-82.10590777811949	-646.2317249121984
2027.0	52.0	20.639015583465646	-82.37073623096857	-645.3949890000099
2028.0	52.0	20.6544536143599	-82.53393191145436	-644.5474540754062
2029.0	52.0	20.669881669683612	-82.66995416111278	-643.6927013080347
2030.0	52.0	20.685287741910088	-82.97694283604903	-642.8361809499376
2031.0	52.0	20.700676596700898	-83.4317341670868	-641.9850151078
2032.0	52.0	20.71602976396348	-83.95359246387362	-641.1399530912939
2033.0	52.0	20.731367307156614	-84.5774751465667	-640.3022924930939
2034.0	52.0	20.746679940962462	-84.91881069331438	-639.4664094401013
2035.0	52.0	20.761949832108243	-84.88637653324551	-638.6233746958112
2036.0	52.0	20.77717452656598	-84.51356290222175	-637.7671147495089
2037.0	52.0	20.79232694279147	-83.88269582950296	-636.8984631448984
2038.0	52.0	20.807404340327256	-83.23211846436405	-636.0230829031411
2039.0	52.0	20.822385126183825	-82.67973881687956	-635.1501678512535
2040.0	52.0	20.83728055106516	-82.19610263666021	-634.283401535236
2041.0	52.0	20.852090316226146	-81.83895802609112	-633.4275287880577
2042.0	52.0	20.866823525222454	-81.61595914528829	-632.5847856496847
2043.0	52.5	20.4410058635258	-81.28777502501684	-631.7503836603729
2044.0	52.5	20.456550808767666	-80.82207660434561	-630.9174603109399
2045.0	52.5	20.47201176652601	-80.23457559918094	-630.0784515884835
2046.0	52.5	20.487364805594034	-79.514924521431	-629.2277452573519
2047.0	52.5	20.502614178258952	-78.7157647446449	-628.3677544746934
2048.0	52.5	20.517738454304094	-77.90891385880347	-627.5009863774233
2049.0	52.5	20.532739544305688	-77.12643206336456	-626.6335074689059
2050.0	52.5	20.547620274909647	-76.25894492069554	-625.7681664157102
2051.0	52.5	20.562373433156537	-75.47237212548829	-624.9061582973857
2052.0	52.5	20.577028364066646	-74.66265094006718	-624.0517195671841
2053.0	52.5	20.591560138405676	-73.60884752063109	-623.1985696227364
2054.0	52.5	20.605991171275253	-72.36100385333482	-622.3435257000323
2055.0	52.5	20.620323106051266	-70.82306860300613	-621.4832201403292
2056.0	52.5	20.634522091398903	-68.92181409716304	-620.6111571383373
2057.0	52.5	20.647063601850967	-155.87057997108366	-619.2449350013887
2058.0	52.5	20.658263934347328	-80.479473441594	-618.3757932774021
2059.0	52.5	20.669718923757834	-80.97726777217065	-617.5030002998108
2060.0	52.5	20.681355220799198	-81.42064784485014	-616.6458073418887
2061.0	52.5	20.693136501065794	-81.85788456126436	-615.8045836118986
2062.0	53.0	20.41961086520146	-82.19034382771416	-614.9723361463106
2063.0	53.0	20.433324709453856	-82.53132046099526	-614.1425237515324
2064.0	53.0	20.44706789569642	-82.71019335214598	-613.3067626493462
2065.0	53.0	20.46081931640083	-82.80105237234277	-612.4640044900437
2066.0	53.0	20.474532082115616	-82.89405335910435	-611.6169095582027
2067.0	53.0	20.488212502845148	-83.20647821107438	-610.7730874618933
2068.0	53.0	20.501843202364917	-83.62920828861711	-609.9369729994756
2069.0	53.0	20.515444041757743	-84.13092509324582	-609.1082497541306
2070.0	53.0	20.528987999884595	-84.66112940858378	-608.2891344821126
2071.0	53.0	20.542493118790762	-84.86952974909207	-607.4686460961117
2072.0	53.0	20.55594271472487	-84.70657420205724	-606.6405649560626
2073.0	53.0	20.56931535900061	-84.23376988468908	-605.7993048650857
2074.0	53.0	20.582600822494495	-83.52567469987483	-604.9455621572533
2075.0	53.0	20.595790377849386	-82.85799183450496	-604.0871340351525
2076.0	53.0	20.608856410071827	-82.28036843544854	-603.2306517384296
2077.0	53.0	20.621829639147737	-81.77058753772167	-602.3812941469789
2078.0	53.0	20.63469952326835	-81.39048679636257	-601.5415091455882
2079.0	53.5	20.370111848547406	-81.1490777376301	-600.7124231568401
2080.0	53.5	20.384402529221656	-80.80692044517308	-599.8898476606026
2081.0	53.5	20.39859392947168	-80.29244574444795	-599.067597710165
2082.0	53.5	20.41269539245935	-79.65993028108664	-598.237728129273
2083.0	53.5	20.426676025773656	-78.89892962840288	-597.3987509088096
2084.0	53.5	20.440541485522484	-78.08113008572819	-596.5501153377166
2085.0	53.5	20.454268499624312	-77.24976216660313	-595.6989378192653
2086.0	53.5	20.46787189198152	-76.43851903735671	-594.8494350316196
2087.0	53.5	20.481350807168514	-75.54834983247439	-594.0044158679991
2088.0	53.5	20.494712915506074	-74.77946707041599	-593.1674371654989
2089.0	53.5	20.50797247013151	-73.95506857170857	-592.3394912731752
2090.0	53.5	20.5211293523731	-72.9043116400907	-591.517769893738
2091.0	53.5	20.534201044827917	-71.7034031794329	-590.7007267141216
2092.0	53.5	20.54717364105038	-70.18697171382787	-589.8839244831347
2093.0	53.5	20.56005686916634	-68.30335687518189	-589.0633816510948
2094.0	53.5	20.57093635808963	-158.2048328149673	-588.394046268592
2095.0	53.5	20.581280846293332	-79.39507892099905	-587.6211211903022
2096.0	53.5	20.5918539100504	-79.75666677143116	-586.8398601268092
2097.0	53.5	20.602586360030703	-80.10145990850455	-586.0720704545946
2098.0	53.5	20.613467416001185	-80.47081782481165	-585.3214271257596
2099.0	54.0	20.577638091988	-80.84287081634055	-584.5814803941282
2100.0	54.0	20.59134594787982	-81.13568909081172	-583.8471613644975
2101.0	54.0	20.60506318604449	-81.27572368157144	-583.1094952848455
2102.0	54.0	20.618789485054005	-81.33379754470036	-582.3685272162502
2103.0	54.0	20.632510377037804	-81.40178942065326	-581.626779725176
2104.0	54.0	20.64618593110904	-81.64503420651673	-580.8896583345631
2105.0	54.0	20.659838762211944	-81.99888194041185	-580.1622862184414
2106.0	54.0	20.673457014455803	-82.445975995419	-579.445281677546
2107.0	54.0	20.687059441686195	-82.95059327030174	-578.7396145227688
2108.0	54.0	20.700643066381215	-83.17415697568273	-578.0388937377561
2109.0	54.0	20.714195991154455	-83.0585958266302	-577.3332268541337
2110.0	54.0	20.72769291492287	-82.64742442343733	-576.6203373432963
2111.0	54.0	20.741137257991948	-81.9896281729944	-575.8979665395716
2112.0	54.0	20.754520504241682	-81.32025179070689	-575.1720021815822
2113.0	54.0	20.767821660420275	-80.73325496399157	-574.4499312430511
2114.0	54.0	20.781053356073222	-80.20850641129405	-573.7362660961178
2115.0	54.0	20.79421180759604	-79.80645724790251	-573.0336950420945
2116.0	54.0	20.807312113322897	-79.53688826939043	-572.3458150460266
2117.0	54.5	20.383334554593763	-79.19508514806526	-571.6687728297958
2118.0	54.5	20.397351937325265	-78.73501920407502	-570.9952556881162
2119.0	54.5	20.41130503481637	-78.14940209958964	-570.3190485051977
2120.0	54.5	20.42518530052849	-77.45442969050247	-569.635579159526
2121.0	54.5	20.438973498846302	-76.67647583866271	-568.9431989959353
2122.0	54.5	20.45267603850873	-75.86953777155621	-568.2458823742879
2123.0	54.5	20.466285401433588	-75.10004138026864	-567.5472408793432
2124.0	54.5	20.47979179042328	-74.27166492429039	-566.850317142158
2125.0	54.5	20.493206880867152	-73.42287882496811	-566.15747922233
2126.0	54.5	20.506536168092023	-72.68603913890992	-565.473288510684
2127.0	54.5	20.51979253305839	-71.78340990757927	-564.7930165146622
2128.0	54.5	20.532971443173416	-70.67305043124203	-564.1148615740505
2129.0	54.5	20.546080470415564	-69.40840966426336	-563.4365667637715
2130.0	54.5	20.55912160625686	-67.81392665863662	-562.7518588190848
2131.0	54.5	20.57207575299716	-65.94492830916646	-562.058369923981
2132.0	54.5	20.582800127273924	-162.7689503580919	-560.9057753871307
2133.0	54.5	20.593524585573032	-78.27604155614168	-560.2151474938837
2134.0	54.5	20.60445065609177	-78.6717921625203	-559.536905623606
2135.0	54.5	20.61552596789668	-79.03733789794029	-558.8762457694727
2136.0	55.0	20.33846594556001	-79.36631678470589	-558.2301577137896
2137.0	55.0	20.351494807612575	-79.73308458867052	-557.5928470239647
2138.0	55.0	20.364583265387406	-80.02350406429017	-556.9579000642509
2139.0	55.0	20.37769273292058	-80.17314734616492	-556.3180401595254
2140.0	55.0	20.390828161726493	-80.2428883077816	-555.6729327793448
2141.0	55.0	20.403953744643868	-80.34092850752543	-555.0258751464349
2142.0	55.0	20.417067442102528	-80.64490385874137	-554.3834979678802
2143.0	55.0	20.43016721078718	-81.03878207489169	-553.748451492475
2144.0	55.0	20.443260673348917	-81.52715435600419	-553.1232882610204
2145.0	55.0	20.456340434179914	-82.03919398475661	-552.507132706181
2146.0	55.0	20.469411938272614	-82.2666016253708	-551.8912725919864
2147.0	55.0	20.48245806822921	-82.16537759224374	-551.2694144003433
2148.0	55.0	20.49548349921372	-81.78153118439221	-550.6375493656093
2149.0	55.0	20.50846215385787	-81.15741488276814	-549.9945594092609
2150.0	55.0	20.521371507999234	-80.5382048811128	-549.3467956085
2151.0	55.0	20.534225359813664	-79.9968047499453	-548.700756602087
2152.0	55.0	20.547014597477187	-79.51604762038185	-548.0606305690308
2153.0	55.0	20.55974714783022	-79.14657199816547	-547.4288836812714
2154.0	55.0	20.572420284016577	-78.90577679989723	-546.8087645773257
2155.0	55.5	20.315532301232214	-78.63407017988006	-546.1962172444427
2156.0	55.5	20.329636115759385	-78.21202931825428	-545.5841560952863
2157.0	55.5	20.34367587017703	-77.67643588280966	-544.9693753733067
2158.0	55.5	20.357642763087576	-77.01853588109753	-544.343232802301
2159.0	55.5	20.371536007568228	-76.29108121685061	-543.7071403608435
2160.0	55.5	20.385328450366618	-75.52071417544258	-543.065084641018
2161.0	55.5	20.399031649530603	-74.78469363265778	-542.421126246075
2162.0	55.5	20.41263759519248	-73.99314113387274	-541.7773259568738
2163.0	55.5	20.426163362996075	-73.2001688360022	-541.1376798766723
2164.0	55.5	20.439606890090086	-72.51037425847926	-540.5032835581173
2165.0	55.5	20.4529777242201	-71.64389530056714	-539.87405027102
2166.0	55.5	20.466268938614924	-70.60230166626167	-539.246685661726
2167.0	55.5	20.47950223829089	-69.36996559860371	-538.6196051539805
2168.0	55.5	20.492666507232464	-67.79998170485538	-537.9866254600626
2169.0	55.5	20.505476566028083	-155.04816276578987	-537.453629579985
2170.0	55.5	20.51604303617006	-77.2440007957296	-536.8768868005095
2171.0	55.5	20.52689823181322	-77.83366089936621	-536.2733865343032
2172.0	55.5	20.537935752864062	-78.19389694144184	-535.6689535074042
2173.0	55.5	20.54913588046589	-78.54314152444395	-535.0749475111639
2174.0	56.0	20.30955018237175	-78.93309345957228	-534.4927810104184
2175.0	56.0	20.322750882302113	-79.30956249661011	-533.9153882017883
2176.0	56.0	20.33599469105255	-79.57372832342239	-533.3366041539384
2177.0	56.0	20.34927186221183	-79.70945680259295	-532.7505846853012
2178.0	56.0	20.362553709810484	-79.77332557706845	-532.1590837832217
2179.0	56.0	20.375819608654066	-79.91256771397808	-531.5638466246345
2180.0	56.0	20.389060236465188	-80.21015094167775	-530.9727643765098
2181.0	56.0	20.40229144503353	-80.58622699876528	-530.3879073529866
2182.0	56.0	20.415507687154673	-81.10156687850306	-529.8103947760653
2183.0	56.0	20.42871313612796	-81.56751817240719	-529.2402147041105
2184.0	56.0	20.44190851361928	-81.75065571957924	-528.6692351687473
2185.0	56.0	20.455076632205326	-81.61014160012118	-528.0912465342265
2186.0	56.0	20.468213460995056	-81.20045749493798	-527.5021459771549
2187.0	56.0	20.481300899646904	-80.56651982161146	-526.9022258599791
2188.0	56.0	20.49433461833897	-79.96014608346233	-526.2974753760031
2189.0	56.0	20.50729845284195	-79.41919061733418	-525.6941318958844
2190.0	56.0	20.520207197422526	-78.93820352484384	-525.0978462682651
2191.0	56.0	20.533055899298457	-78.59429288516063	-524.5100754210409
2192.0	56.0	20.545848009466138	-78.3629106428803	-523.9332486296403
2193.0	56.5	20.518541598183777	-78.1345849996044	-523.3653641376885
2194.0	56.5	20.533594350574607	-77.69137341706163	-522.7985997138408
2195.0	56.5	20.548568589173545	-77.13774730305114	-522.2264284383251
2196.0	56.5	20.563482807277985	-76.47373840736161	-521.6452345375379
2197.0	56.5	20.578297069078005	-75.73326266058079	-521.0539296042459
2198.0	56.5	20.59303473227325	-74.96957990718616	-520.4553053707865
2199.0	56.5	20.60766575588116	-74.23627806287537	-519.8539770797388
2200.0	56.5	20.622204721033533	-73.44099745386802	-519.255071218267
2201.0	56.5	20.63665254069194	-72.63205182631548	-518.6576879799302
2202.0	56.5	20.651010098218972	-71.92834529624929	-518.065995599515
2203.0	56.5	20.66529726846392	-71.06086449931257	-517.4782995936762
2204.0	56.5	20.679511165107865	-69.9928013812276	-516.8914024716556
2205.0	56.5	20.69364582329409	-68.77608498827472	-516.3025187337211
2206.0	56.5	20.707706086902657	-67.23700672158317	-515.707919623084
2207.0	56.5	20.721693848742667	-65.429110766306	-515.1036240745744
2208.0	56.5	20.733464443462687	-163.5989109689746	-514.0422693998681
2209.0	56.5	20.745193954938514	-77.66309899518684	-513.4410154445977
2210.0	56.5	20.757092862065992	-78.04837816301497	-512.8499686753346
2211.0	56.5	20.76913856796265	-78.41102156760644	-512.2753344803773
2212.0	56.5	20.781308080703663	-78.80878473099963	-511.7146911133463
2213.0	57.0	20.35877276994506	-79.10724289013349	-511.1623818706403
2214.0	57.0	20.372233060957594	-79.4219618260606	-510.6118568114903
2215.0	57.0	20.38572864824944	-79.59054751265018	-510.0561798885704
2216.0	57.0	20.3992403757624	-79.6787349476695	-509.49500977809873
2217.0	57.0	20.41275200578151	-79.78031682028225	-508.93271060151505
2218.0	57.0	20.426252570610483	-80.08022882330322	-508.37384214793826
2219.0	57.0	20.439735039096952	-80.48268174683986	-507.821602901882
2220.0	57.0	20.453197248666505	-80.9621568515425	-507.27778749190236
2221.0	57.0	20.46665647000222	-81.50127443805358	-506.74261270880834
2222.0	57.0	20.4800969948711	-81.77183251337543	-506.2098339264047
2223.0	57.0	20.493520596915722	-81.72040341019368	-505.6718331350251
2224.0	57.0	20.506909198016327	-81.38437280067035	-505.1220805076508
2225.0	57.0	20.52025446358915	-80.8015027675735	-504.5628393807566
2226.0	57.0	20.533532712511125	-80.19012653196539	-503.99681181672366
2227.0	57.0	20.546752874049762	-79.65859739936386	-503.43213917719476
2228.0	57.0	20.559887715678734	-79.1842655273821	-502.8729492346231
2229.0	57.0	20.5729748851522	-78.80668031927829	-502.3203601380356
2230.0	57.0	20.58599335608078	-78.56801771788851	-501.77966714704763
2231.0	57.5	20.32598687904677	-78.2889941187063	-501.24667283070517
2232.0	57.5	20.340315468339742	-77.9021062884342	-500.71656579888713
2233.0	57.5	20.35459316285154	-77.39591965105875	-500.1820489263957
2234.0	57.5	20.368787727921713	-76.77109903218587	-499.63897593506204
2235.0	57.5	20.382904009624312	-76.06267162467299	-499.0852830729493
2236.0	57.5	20.396928918357155	-75.30673097619895	-498.52401830307116
2237.0	57.5	20.410852387390353	-74.57962911513182	-497.9611493849262
2238.0	57.5	20.42468267966034	-73.8139430631084	-497.40002006224546
2239.0	57.5	20.438416984350205	-73.01231527200223	-496.84132425083476
2240.0	57.5	20.452073381594	-72.3409801012237	-496.2889180935003
2241.0	57.5	20.465649900559647	-71.52276384108575	-495.7415453257116
2242.0	57.5	20.47914820909244	-70.51183438748315	-495.1973033564899
2243.0	57.5	20.492580629699475	-69.34289319022842	-494.65367462384614
2244.0	57.5	20.505938573698756	-67.84960084131974	-494.10578875500636
2245.0	57.5	20.519222066165135	-153.65194381292005	-493.55108048061896
2246.0	57.5	20.529905958281603	-77.02967409920268	-493.1636708985135
2247.0	57.5	20.540890686762207	-77.6473687158736	-492.649995155591
2248.0	57.5	20.55208347694651	-77.96950904749069	-492.13094742436635
2249.0	57.5	20.563418422355202	-78.29790979212075	-491.6231310896559
2250.0	58.0	20.30093384145521	-78.67332452951588	-491.12614255221115
2251.0	58.0	20.31417021429364	-79.04404459705573	-490.6369974355629
2252.0	58.0	20.32746558519535	-79.33559726071425	-490.14736780205783
2253.0	58.0	20.340772687316573	-79.48452815745215	-489.6515916665238
2254.0	58.0	20.354084875353706	-79.55750056079657	-489.149615673311
2255.0	58.0	20.36738483157714	-79.66141884299007	-488.64467572684464
2256.0	58.0	20.38065953859982	-79.93288961842659	-488.14251055848905
2257.0	58.0	20.393900609541127	-80.30033562699754	-487.64628649946206
2258.0	58.0	20.40712491242921	-80.7670717889406	-487.15777194364745
2259.0	58.0	20.42032934782919	-81.27272443255094	-486.67636112836055
2260.0	58.0	20.433513486267962	-81.51182061531533	-486.19677252505545
2261.0	58.0	20.44666997474341	-81.43024496197901	-485.7114841920647
2262.0	58.0	20.459780201839976	-81.06882522628358	-485.2160450791978
2263.0	58.0	20.472842028180896	-80.46823516937869	-484.70934269482643
2264.0	58.0	20.48582593033605	-79.84217370212501	-484.1979789246328
2265.0	58.0	20.498738625226938	-79.2890059433017	-483.68710377217405
2266.0	58.0	20.511582509834863	-78.79160796368417	-483.18184723945984
2267.0	58.0	20.524350997404248	-78.40300680352681	-482.6857955699269
2268.0	58.0	20.537062425777624	-78.14638395920024	-482.20240484955525
2269.0	58.5	20.511494424169406	-77.93736253729519	-481.72701262632563
2270.0	58.5	20.526394187047114	-77.5279765352556	-481.25587855401017
2271.0	58.5	20.541213076340075	-76.99113478136003	-480.78172941505113
2272.0	58.5	20.555953640295794	-76.35310177650824	-480.2992233405664
2273.0	58.5	20.570608128599595	-75.61494550362558	-479.80600882757835
2274.0	58.5	20.585154662762378	-74.84288594219575	-479.3065545858583
2275.0	58.5	20.599602304821673	-74.10138754791721	-478.8046411506525
2276.0	58.5	20.61394412316793	-73.32206000134545	-478.30285094502057
2277.0	58.5	20.628183371085516	-72.48540384702066	-477.8036675018977
2278.0	58.5	20.642322889834695	-71.77844761274929	-477.31058263579047
2279.0	58.5	20.65637579025823	-70.95805828050695	-476.8221961834164
2280.0	58.5	20.670343512560635	-69.92825409057998	-476.3359718490234
2281.0	58.5	20.684236667442395	-68.76524223267816	-475.848888910147
2282.0	58.5	20.698041212018765	-67.31413807811468	-475.35649679867646
2283.0	58.5	20.711756230493485	-65.56708745040545	-474.85728934837636
2284.0	58.5	20.72373296485291	-160.14105885467904	-473.88686650474654
2285.0	58.5	20.735168499692243	-77.1431621610007	-473.39495080694195
2286.0	58.5	20.746762205538975	-77.51635873681731	-472.9075070247865
2287.0	58.5	20.758488568743864	-77.85874739675633	-472.43357406417556
2288.0	58.5	20.770337568136863	-78.2299936951711	-471.97551837271556
2289.0	59.0	20.35323958306634	-78.51717124132963	-471.52674221324247
2290.0	59.0	20.36638216957474	-78.85415740135083	-471.0825310468609
2291.0	59.0	20.379554368851743	-79.04001091874119	-470.635022137628
2292.0	59.0	20.39272486348057	-79.13533540769265	-470.1828368028082
2293.0	59.0	20.405885985768876	-79.18867349748614	-469.72713669261987
2294.0	59.0	20.419032204619537	-79.40423027766114	-469.273965096607
2295.0	59.0	20.432153245330767	-79.77858883267737	-468.8272534219547
2296.0	59.0	20.445245589072666	-80.18695326567908	-468.3891558881644
2297.0	59.0	20.45831139840673	-80.7303714800533	-467.96086518211825
2298.0	59.0	20.47135350207522	-81.07874399557863	-467.5375234682896
2299.0	59.0	20.48437024016159	-81.12433378023584	-467.1113126520515
2300.0	59.0	20.497354956978484	-80.85703830085525	-466.6764826605806
2301.0	59.0	20.51027960869293	-80.35204982295504	-466.23074906298257
2302.0	59.0	20.52313513557752	-79.70982621352385	-465.77721829882404
2303.0	59.0	20.5359124187494	-79.14703712860026	-465.32370647490745
2304.0	59.0	20.548610474726694	-78.63406372661399	-464.87352789180545
2305.0	59.0	20.561224741212587	-78.19153143652517	-464.43107843705224
2306.0	59.0	20.573776439153548	-77.89017451524049	-463.9982569962049
2307.0	59.5	20.3119498802118	-77.64594235009028	-463.57542831793126
2308.0	59.5	20.325774295705834	-77.30939996425388	-463.1571251822502
2309.0	59.5	20.339525703906883	-76.831051592174	-462.738280581895
2310.0	59.5	20.353189372830915	-76.25272894762185	-462.31256948734324
2311.0	59.5	20.366761388429328	-75.55329596552558	-461.87701758501197
2312.0	59.5	20.380221644461983	-74.79723501671108	-461.4323803907542
2313.0	59.5	20.393564913965047	-74.02979906692244	-460.98387051960026
2314.0	59.5	20.406803980914468	-73.27885716484161	-460.5358607975011
2315.0	59.5	20.419910268441765	-72.45651208851037	-460.0892089684703
2316.0	59.5	20.432920386491794	-71.72315922262723	-459.64716902401807
2317.0	59.5	20.445818953251003	-70.98819243572922	-459.21127163082997
2318.0	59.5	20.45862501832252	-70.06036732805138	-458.7798358861946
2319.0	59.5	20.471328449654237	-68.99330194130583	-458.349258169966
2320.0	59.5	20.483951626018175	-67.69071406661735	-457.9188626470959
2321.0	59.5	20.49647711547591	-66.07384191032102	-457.48208563716
2322.0	59.5	20.483104578000866	-158.19331261758978	-457.1653241602382
2323.0	59.5	20.49318257835241	-75.86263894123174	-456.7817526529385
2324.0	59.5	20.503482668612726	-76.29143990955927	-456.37895274591244
2325.0	59.5	20.513919012706285	-76.6103500044782	-455.97987382499207
2326.0	59.5	20.524469043572665	-76.92627619130354	-455.5927571791304
2327.0	60.0	20.50820673109633	-77.2880789515193	-455.21457654014677
2328.0	60.0	20.521446396615726	-77.61468283275427	-454.84126747628454
2329.0	60.0	20.53469639269667	-77.81625889003578	-454.46549653969333
2330.0	60.0	20.54792947311616	-77.89865227078735	-454.0843258532522
2331.0	60.0	20.561124818069196	-77.91379572274236	-453.696100221749
2332.0	60.0	20.574274192718104	-78.01058528115276	-453.3067405195644
2333.0	60.0	20.587376135711565	-78.25945222102938	-452.9203387783372
2334.0	60.0	20.600417122373262	-78.5774734990813	-452.5395608549049
2335.0	60.0	20.613417744228443	-79.02050290784395	-452.1660063303697
2336.0	60.0	20.626362093716647	-79.42404149225536	-451.7983745733368
2337.0	60.0	20.639267129467438	-79.56792758447241	-451.4300133706893
2338.0	60.0	20.652113817772896	-79.40961713965203	-451.05449311972484
2339.0	60.0	20.664894823553638	-79.00058674648572	-450.66900615086416
2340.0	60.0	20.67760040884252	-78.3815037627391	-450.2725027550486
2341.0	60.0	20.690210520116636	-77.75273178575091	-449.8706220638461
2342.0	60.0	20.7027218833684	-77.1808371283678	-449.46886090156124
2343.0	60.0	20.715143580483634	-76.66154526110779	-449.0717398178728
2344.0	60.0	20.72747116289575	-76.23849880802028	-448.68176556624155
2345.0	60.0	20.739725166991292	-75.94055352791486	-448.300905660372
2346.0	60.5	20.39947731032095	-75.61269114735309	-447.9284701141431
2347.0	60.5	20.412772329120973	-75.19179975802321	-447.55826475199524
2348.0	60.5	20.425984589056892	-74.65098976446374	-447.18473189901056
2349.0	60.5	20.43912442879254	-74.02313095369998	-446.80229240994674
2350.0	60.5	20.452151824154136	-73.28568436593648	-446.4102790819734
2351.0	60.5	20.465081587782798	-72.50103757700094	-446.0090521112832
2352.0	60.5	20.477894493613302	-71.73781960544966	-445.6031238409479
2353.0	60.5	20.490611973479847	-70.97142102782432	-445.1953213145701
2354.0	60.5	20.503213115043362	-70.13431325483013	-444.7874012039687
2355.0	60.5	20.5157284945906	-69.39456590106828	-444.3808270811821
2356.0	60.5	20.528142571613962	-68.63954881789978	-443.97916492368046
2357.0	60.5	20.54047956148433	-67.7168099410615	-443.5779075604534
2358.0	60.5	20.552737117354727	-66.6328368118796	-443.1747277596099
2359.0	60.5	20.564925281141093	-65.39068999956567	-442.7674372357098
2360.0	60.5	20.577030026607613	-63.864805542308225	-442.35102039005574
2361.0	60.5	20.58864814840953	-154.94413027522648	-441.4404929371911
2362.0	60.5	20.598697376177135	-73.72661961249618	-441.0319601448306
2363.0	60.5	20.608924873191512	-74.35029597322833	-440.61823313137654
2364.0	60.5	20.6192793066041	-74.65807910396383	-440.2083427264473
2365.0	60.5	20.629749040912927	-74.95414571819111	-439.8084702982314
2366.0	60.5	20.640300472815746	-75.28275443466241	-439.41757420518746
2367.0	61.0	20.28883105418181	-75.5384951762341	-439.03132703065586
2368.0	61.0	20.300780170338687	-75.79974254066074	-438.64439682798206
2369.0	61.0	20.3127503626601	-75.92039263740266	-438.2528005672324
2370.0	61.0	20.3247283354489	-75.96759601146314	-437.8523577728425
2371.0	61.0	20.336683977377426	-75.99178653250745	-437.4467070565299
2372.0	61.0	20.348637901051944	-76.19693599345601	-437.0417120068328
2373.0	61.0	20.36055773032414	-76.52260058242068	-436.64054125744406
2374.0	61.0	20.3724774205073	-76.88570380244369	-436.2431654539444
2375.0	61.0	20.38437739170973	-77.37018820389639	-435.85215434233396
2376.0	61.0	20.396270317047435	-77.67739937792058	-435.462150184598
2377.0	61.0	20.408148776104255	-77.72097081017557	-435.0684843580952
2378.0	61.0	20.42000984171924	-77.48323477761997	-434.6620560017132
2379.0	61.0	20.431835060650513	-77.04263230110581	-434.24571364607345
2380.0	61.0	20.44361547610147	-76.45061763885894	-433.8178934465345
2381.0	61.0	20.455341852172374	-75.91264638149262	-433.3850877411504
2382.0	61.0	20.467015423033118	-75.4077494580201	-432.95248192356735
2383.0	61.0	20.478637766529605	-74.96239827948443	-432.5226234898147
2384.0	61.0	20.490201190113424	-74.63215486251292	-432.0976811539129
2385.0	61.0	20.50172800778032	-74.39314554653006	-431.67972445287813
2386.0	61.5	20.239224428067146	-74.0976829721466	-431.26539537908684
2387.0	61.5	20.251979494721613	-73.69067365801831	-430.8502243057797
2388.0	61.5	20.26468301777174	-73.20448370004158	-430.42647152098385
2389.0	61.5	20.27732332194682	-72.60505017714446	-429.99332857746253
2390.0	61.5	20.28989349162891	-71.91600296394637	-429.5478057884264
2391.0	61.5	20.302392061448064	-71.19525045061286	-429.09378728332916
2392.0	61.5	20.31479315610434	-70.49387211291294	-428.63482932637345
2393.0	61.5	20.327105371447214	-69.77151161272134	-428.1736164115516
2394.0	61.5	20.33933614104929	-69.00249183284164	-427.7113094563222
2395.0	61.5	20.351484855568724	-68.36797989837613	-427.25225951900427
2396.0	61.5	20.363578811316547	-67.64554570666976	-426.7948499659479
2397.0	61.5	20.37559132748614	-66.74661038676597	-426.3381542752499
2398.0	61.5	20.387545083587554	-65.74693400325008	-425.8797006058173
2399.0	61.5	20.39944201446846	-64.50024654893392	-425.41817549562586
2400.0	61.5	20.41127679168406	-62.981625154813784	-424.9486301714673
2401.0	61.5	20.42179342403606	-162.9464849941215	-424.6031911812869
2402.0	61.5	20.431696497879138	-73.20610547167892	-424.1773885087088
2403.0	61.5	20.441785099915506	-73.51440340104845	-423.7344651990722
2404.0	61.5	20.45200764257607	-73.76470199243597	-423.2946016385562
2405.0	61.5	20.46234412652574	-74.05412324609988	-422.86291419091515
2406.0	62.0	20.23091540725382	-74.38690370536203	-422.43725073960417
2407.0	62.0	20.243025832390607	-74.71900623647542	-422.01383283940544
2408.0	62.0	20.25515410918731	-74.93806555223495	-421.5871371001686
2409.0	62.0	20.267295801226453	-75.03572404139283	-421.15329622295434
2410.0	62.0	20.279428013075854	-75.07272504902032	-420.71231417184566
2411.0	62.0	20.291548347637598	-75.15768762110253	-420.26736553641956
2412.0	62.0	20.30364494429325	-75.39505070907461	-419.82264557465305
2413.0	62.0	20.315708465044185	-75.71366586408863	-419.3810787786641
2414.0	62.0	20.327761676318406	-76.11192935030532	-418.9449103620011
2415.0	62.0	20.339796753490376	-76.56552764065596	-418.51309238837587
2416.0	62.0	20.351809732440355	-76.81173071726468	-418.0832521867591
2417.0	62.0	20.363804751638067	-76.79923660759617	-417.64673887830634
2418.0	62.0	20.37577412584005	-76.51811908752599	-417.20089691567705
2419.0	62.0	20.38769891302293	-76.04936281737547	-416.74358485367986
2420.0	62.0	20.39956962138745	-75.47302244902971	-416.2785215250338
2421.0	62.0	20.411378637937027	-74.95232527376635	-415.8111904631716
2422.0	62.0	20.423123762056537	-74.45609685817762	-415.34546759165727
2423.0	62.0	20.434813212670193	-74.03003483548797	-414.8843908299671
2424.0	62.0	20.446437885458717	-73.73270224679212	-414.4311544773593
2425.0	62.0	20.45802072176021	-73.49884492119068	-413.985890688548
2426.0	62.5	20.441094935611613	-73.24216849376059	-413.54585847519576
2427.0	62.5	20.45470410627455	-72.81613193329102	-413.10648841868647
2428.0	62.5	20.46826248492218	-72.32453224934999	-412.66011739256265
2429.0	62.5	20.481739261122314	-71.7225391062428	-412.20601206071564
2430.0	62.5	20.495141679573802	-71.02808149676198	-411.7409385594052
2431.0	62.5	20.508456550443046	-70.31391395863481	-411.2689970948179
2432.0	62.5	20.521684770478398	-69.6248262246049	-410.79263344528493
2433.0	62.5	20.534824631901607	-68.90816377304274	-410.31544201787756
2434.0	62.5	20.54788439980651	-68.1413404690053	-409.8385012632096
2435.0	62.5	20.56087603471708	-67.50129197626076	-409.3639885141986
2436.0	62.5	20.573785957075096	-66.77505885316553	-408.89251891580125
2437.0	62.5	20.586629616836742	-65.87654437797923	-408.4221713729047
2438.0	62.5	20.59941600354664	-64.84925113106729	-407.94849177909924
2439.0	62.5	20.61215430712342	-63.634815090852555	-407.47046574654433
2440.0	62.5	20.624817291515043	-62.1504026902379	-406.9839911951891
2441.0	62.5	20.636452878993957	-159.18888631066383	-406.0188223543555
2442.0	62.5	20.647222667965714	-72.70017051206327	-405.54205545436355
2443.0	62.5	20.65815007266797	-73.11004411555277	-405.061473648705
2444.0	62.5	20.669199254366717	-73.38284779445581	-404.58883412951207
2445.0	62.5	20.680354810005866	-73.69528395651633	-404.12597683755297
2446.0	63.0	20.262655601539365	-73.9642862617578	-403.6719310965597
2447.0	63.0	20.2750074800382	-74.31895663547799	-403.2212374496093
2448.0	63.0	20.28738378080578	-74.5847383112501	-402.769667613963
2449.0	63.0	20.299789600011497	-74.71643786619848	-402.31212371733926
2450.0	63.0	20.312202425577244	-74.78293491709049	-401.8492995979768
2451.0	63.0	20.324604089723543	-74.8550915302103	-401.38187063405076
2452.0	63.0	20.3369953795874	-75.12110719118084	-400.91568326969417
2453.0	63.0	20.349380605393097	-75.4755677086691	-400.4533740700353
2454.0	63.0	20.361744673012932	-75.87367307923026	-399.99573498837026
2455.0	63.0	20.374102419334807	-76.37603201237224	-399.5453613038137
2456.0	63.0	20.38646020877483	-76.69579990893709	-399.09724635301944
2457.0	63.0	20.3988034266303	-76.75939292288297	-398.64395237367
2458.0	63.0	20.411132707208477	-76.54616748302313	-398.18120279153356
2459.0	63.0	20.42344237005562	-76.13762926056178	-397.70808414003966
2460.0	63.0	20.435706713536263	-75.5907659711843	-397.225600381625
2461.0	63.0	20.44792241894346	-75.09736613226474	-396.73954926001676
2462.0	63.0	20.460090301051913	-74.62797712625087	-396.255335024723
2463.0	63.0	20.472214995349486	-74.2186075918972	-395.77429460026565
2464.0	63.0	20.484284043402482	-73.9180017521829	-395.29901317275517
2465.0	63.0	20.496329309116728	-73.71091307832603	-394.83239378254734
2466.0	63.5	20.243878144277534	-73.41918088015034	-394.37026583817646
2467.0	63.5	20.257064596609133	-73.04795196788339	-393.9077069578607
2468.0	63.5	20.270215557281695	-72.6088739569652	-393.4384757658657
2469.0	63.5	20.28330748515076	-72.05072682238175	-392.9608915230181
2470.0	63.5	20.29633029686754	-71.39564849773318	-392.4720693885403
2471.0	63.5	20.309273623109178	-70.700731059751	-391.9759727039313
2472.0	63.5	20.322137191865576	-70.02732103839884	-391.47501727534916
2473.0	63.5	20.334929259232084	-69.33947768059943	-390.9749344290357
2474.0	63.5	20.347641697376865	-68.60566921484906	-390.4739036615777
2475.0	63.5	20.360267240272922	-68.003879660909	-389.97668149177014
2476.0	63.5	20.372842843226024	-67.31436977912338	-389.4833086577655
2477.0	63.5	20.385356858858607	-66.44251084338005	-388.99129356732425
2478.0	63.5	20.39781864971201	-65.46086937530565	-388.4980625068527
2479.0	63.5	20.4102154950377	-64.23856446634217	-388.0021441262518
2480.0	63.5	20.422557408727823	-62.74304830839733	-387.50116825281293
2481.0	63.5	20.43336503821116	-164.2989422351002	-387.12553739086457
2482.0	63.5	20.443765259823262	-73.13333504741736	-386.6683144138734
2483.0	63.5	20.45435686254397	-73.41488322179244	-386.1976330609083
2484.0	63.5	20.465091945293107	-73.66703092344216	-385.7309133953676
2485.0	63.5	20.475940512627993	-73.98073185502169	-385.2725539406214
2486.0	64.0	20.221670703283518	-74.32659265817915	-384.82008347392923
2487.0	64.0	20.234177047593604	-74.67809254498555	-384.3700309560366
2488.0	64.0	20.246719910410626	-74.908351939014	-383.91751116765386
2489.0	64.0	20.259273280449804	-75.01775960270962	-383.4573877039204
2490.0	64.0	20.271819058220878	-75.07685199150292	-382.9913612546771
2491.0	64.0	20.284362266283555	-75.1966911783336	-382.5211820225725
2492.0	64.0	20.296878086459913	-75.47900542167847	-382.05207615064944
2493.0	64.0	20.309388537649063	-75.82671683574432	-381.5873447222066
2494.0	64.0	20.321883128026354	-76.2594277900737	-381.1275585294393
2495.0	64.0	20.334372530535486	-76.72484750419672	-380.67324438093453
2496.0	64.0	20.34684006489276	-76.98428016079959	-380.2189483883452
2497.0	64.0	20.359311038165856	-76.96397188677935	-379.7596876474517
2498.0	64.0	20.3717460027387	-76.67149116966492	-379.289668614044
2499.0	64.0	20.384151676318663	-76.19684780201663	-378.8099153370574
2500.0	64.0	20.39650950072843	-75.63770591076694	-378.3215882527457
2501.0	64.0	20.408805620180484	-75.13740000244569	-377.83322416896533
2502.0	64.0	20.42104834834783	-74.66235618858315	-377.3459349260249
2503.0	64.0	20.43323297024097	-74.26069126945494	-376.86474840558583
2504.0	64.0	20.44536569661426	-73.98302557042012	-376.39154678032867
2505.0	64.0	20.457455472144378	-73.7598802436259	-375.9267179561601
2506.0	64.5	20.442508614680065	-73.48530030571469	-375.46624909340136
2507.0	64.5	20.45654561796726	-73.07606514024829	-375.00305575456196
2508.0	64.5	20.470513931623202	-72.5926558915183	-374.53449102928437
2509.0	64.5	20.484421355336924	-71.9879402881384	-374.05501112149966
2510.0	64.5	20.498252699580412	-71.289109060323	-373.5656067615767
2511.0	64.5	20.51200350148779	-70.5786847095743	-373.0690960175304
2512.0	64.5	20.525669935345324	-69.89108585478135	-372.56847247721794
2513.0	64.5	20.539256522207094	-69.16764223201835	-372.06680837285705
2514.0	64.5	20.552769409908727	-68.4235476580982	-371.5661285745326
2515.0	64.5	20.566193428172447	-67.7946139683855	-371.06769471586114
2516.0	64.5	20.579565776791423	-67.03999298099228	-370.5718753690024
2517.0	64.5	20.59287838266498	-66.09129682991012	-370.0733358776195
2518.0	64.5	20.60611850186824	-65.02262403139741	-369.5720819717601
2519.0	64.5	20.619315866189023	-63.72428525050399	-369.06526555532304
2520.0	64.5	20.63243380954967	-62.14961945865867	-368.5472916418489
2521.0	64.5	20.643892825484876	-163.05741286666077	-367.5590414032
2522.0	64.5	20.655090687197568	-73.53049377463424	-367.0442166177346
2523.0	64.5	20.666445206196638	-73.84343598749922	-366.5344051040002
2524.0	64.5	20.677927224584913	-74.12531622801069	-366.03477620112534
2525.0	64.5	20.68952460547853	-74.47221358665352	-365.5444325209472
2526.0	65.0	20.276711077581613	-74.7544324325525	-365.0601316772705
2527.0	65.0	20.28951192589838	-75.10862630519699	-364.57812084808563
2528.0	65.0	20.30235448444127	-75.32922743162761	-364.09229882588653
2529.0	65.0	20.31521671878906	-75.43725941090601	-363.59942761844604
2530.0	65.0	20.328084216780123	-75.50637103328212	-363.1002121809393
2531.0	65.0	20.34094738784507	-75.67222774548802	-362.5989176650236
2532.0	65.0	20.353809106362593	-76.02568354672303	-362.09997100964597
2533.0	65.0	20.36664988673749	-76.40052975768569	-361.6047065965367
2534.0	65.0	20.379498228810984	-76.88776787301879	-361.1152797775697
2535.0	65.0	20.39233094421255	-77.34995521593983	-360.63035451877437
2536.0	65.0	20.40517205778845	-77.57941976161844	-360.1451801136228
2537.0	65.0	20.41799601258522	-77.51460097633378	-359.6513098027772
2538.0	65.0	20.430809120778225	-77.18450084207703	-359.14672230567675
2539.0	65.0	20.44358177585422	-76.68081779851704	-358.6305357895914
2540.0	65.0	20.45630882914322	-76.14894463973155	-358.10820628480496
2541.0	65.0	20.468988378900708	-75.67304706510606	-357.58465358774265
2542.0	65.0	20.48161542664095	-75.23689678571748	-357.06414789826357
2543.0	65.0	20.494192894312196	-74.86792630256812	-356.5483486956769
2544.0	65.0	20.506738865445218	-74.62596854045246	-356.0400068216175
2545.0	65.5	20.25066820262308	-74.40886024020352	-355.5392506718125
2546.0	65.5	20.26440160984449	-74.08672795239622	-355.0384696025711
2547.0	65.5	20.278091909600388	-73.6920864763526	-354.5343202985964
2548.0	65.5	20.291731068981388	-73.18441538022284	-354.02082809617315
2549.0	65.5	20.30531558259158	-72.55949519797313	-353.497234158403
2550.0	65.5	20.318821603133724	-71.86309997041492	-352.9646911667441
2551.0	65.5	20.33224722772529	-71.16085768143607	-352.4259300316019
2552.0	65.5	20.345589480471364	-70.4797243412399	-351.885879284196
2553.0	65.5	20.358853746933402	-69.74484478369493	-351.3464427399315
2554.0	65.5	20.372038717084425	-69.09929753574708	-350.81020425709244
2555.0	65.5	20.385156964812023	-68.45376422162443	-350.27770716622456
2556.0	65.5	20.398221437451195	-67.62776915388005	-349.74840441230765
2557.0	65.5	20.411220713844873	-66.62619800271712	-349.21913938326816
2558.0	65.5	20.42415732598224	-65.45637522235529	-348.68704505751066
2559.0	65.5	20.43702750588399	-63.97720282231497	-348.14996698818726
2560.0	65.5	20.448693233144798	-162.19588015676862	-347.7226344147495
2561.0	65.5	20.45943141030128	-74.03499844803488	-347.2287521703818
2562.0	65.5	20.47038821116669	-74.39090061877934	-346.72106097396073
2563.0	65.5	20.481501679345797	-74.66641981496653	-346.2167105189215
2564.0	65.5	20.492739486775672	-74.99582623948237	-345.7214034989137
2565.0	66.0	20.458221011645314	-75.37573455981114	-345.2326509158305
2566.0	66.0	20.471973605973822	-75.73945638474427	-344.74711806555547
2567.0	66.0	20.485749355398436	-75.99566998283824	-344.25845308017114
2568.0	66.0	20.499543327954058	-76.1191533601406	-343.7629557496525
2569.0	66.0	20.513320056431795	-76.19368647880768	-343.2610673494568
2570.0	66.0	20.527093178715315	-76.33452039507259	-342.7545020468232
2571.0	66.0	20.54082820893851	-76.63395780519663	-342.2499302063483
2572.0	66.0	20.554543330935914	-77.0040675599202	-341.74812308600417
2573.0	66.0	20.568247473433882	-77.44917445712922	-341.25097294103006
2574.0	66.0	20.581934188379076	-77.9469428262943	-340.75927444506834
2575.0	66.0	20.595606769628237	-78.22127100261362	-340.2680973384024
2576.0	66.0	20.609262644803458	-78.1846693685188	-339.76884543124845
2577.0	66.0	20.62289072074899	-77.86680965604475	-339.25881487765287
2578.0	66.0	20.636481766590762	-77.3615804490682	-338.7359898503692
2579.0	66.0	20.650017383506807	-76.79416558986884	-338.20643500163266
2580.0	66.0	20.663494967865592	-76.29422621445855	-337.6740759607045
2581.0	66.0	20.67691015810023	-75.82593845992174	-337.14471567852553
2582.0	66.0	20.690259452863028	-75.43503381228491	-336.62079305856975
2583.0	66.0	20.70356351719779	-75.16168126380869	-336.10413989495214
2584.0	66.5	20.483590146474867	-74.91866010151763	-335.5946659808113
2585.0	66.5	20.498322644894973	-74.58197832487568	-335.08788690710026
2586.0	66.5	20.512998277530052	-74.17481496183701	-334.57615557381826
2587.0	66.5	20.5276116642026	-73.6671418148345	-334.05711499695485
2588.0	66.5	20.542150464875224	-73.03134338131503	-333.5258110357275
2589.0	66.5	20.5566085517091	-72.31511854213166	-332.98433764706255
2590.0	66.5	20.5709709654178	-71.57887435638196	-332.43549323518647
2591.0	66.5	20.585239749958987	-70.86781541731558	-331.8837743440305
2592.0	66.5	20.599418848724927	-70.10568603393442	-331.33082676638924
2593.0	66.5	20.613513115006942	-69.38764168989405	-330.77939771534267
2594.0	66.5	20.62751936814201	-68.72194492786005	-330.23122289919854
2595.0	66.5	20.64144830541589	-67.88168583799605	-329.6832688019942
2596.0	66.5	20.655313962824	-66.82811043916	-329.133499674576
2597.0	66.5	20.669101957089506	-65.64632619318597	-328.5782851782516
2598.0	66.5	20.682821170996785	-64.16963242526006	-328.0139976299929
2599.0	66.5	20.69605592199638	-159.0658764221028	-326.9471098931934
2600.0	66.5	20.707695403771627	-74.23157750112311	-326.3820742362363
2601.0	66.5	20.719490782098358	-74.86220541876641	-325.8200859936948
2602.0	66.5	20.73141263128933	-75.19107632573032	-325.2624101090837
2603.0	66.5	20.74344385178631	-75.5437006008803	-324.715174677521
2604.0	67.0	20.286892340706153	-75.84996863009675	-324.17637500813055
2605.0	67.0	20.30005537756697	-76.2170003992012	-323.64034226495585
2606.0	67.0	20.31325514199319	-76.51573404852157	-323.10448016835227
2607.0	67.0	20.326487182924588	-76.67057053763493	-322.56086668956124
2608.0	67.0	20.339733615604917	-76.75151450831608	-322.0106589702291
2609.0	67.0	20.352981318574912	-76.90465902383087	-321.45575655459004
2610.0	67.0	20.36621156899891	-77.22380196910962	-320.90145745342136
2611.0	67.0	20.379434693606328	-77.61191835042483	-320.3508787814114
2612.0	67.0	20.392656629154892	-78.05015498244946	-319.805435178388
2613.0	67.0	20.40586788315013	-78.58994344981558	-319.2659566101153
2614.0	67.0	20.41907977425128	-78.91641750461888	-318.7270073807101
2615.0	67.0	20.432290696978022	-78.92037635223421	-318.18075003001707
2616.0	67.0	20.445480949324068	-78.62785267677752	-317.6231528669069
2617.0	67.0	20.45864676084146	-78.13276432720403	-317.0541105620035
2618.0	67.0	20.471761177029098	-77.56002573947504	-316.4747034244783
2619.0	67.0	20.484836234327425	-77.06890411411325	-315.8943656451691
2620.0	67.0	20.49786309884642	-76.60970325182072	-315.3148741110834
2621.0	67.0	20.510840931957784	-76.21392894285843	-314.7397080258562
2622.0	67.0	20.523767282113354	-75.93874811259495	-314.17073773194494
2623.0	67.5	20.264775185909286	-75.71053867032373	-313.60847433899926
2624.0	67.5	20.278946273886284	-75.40323117357318	-313.0468844925404
2625.0	67.5	20.29307200140478	-75.02424798058534	-312.4807616676551
2626.0	67.5	20.307137422883592	-74.5170258753265	-311.90209958992
2627.0	67.5	20.321156582238743	-73.88417134030433	-311.3125894228286
2628.0	67.5	20.33509940107461	-73.172124665199	-310.7118810870636
2629.0	67.5	20.3489664374923	-72.43842333227755	-310.10371693274726
2630.0	67.5	20.36275912484974	-71.73716560615927	-309.4923025209469
2631.0	67.5	20.376469426911505	-70.98703026132624	-308.87924130863496
2632.0	67.5	20.390114001580223	-70.32706761330475	-308.26912545823524
2633.0	67.5	20.403690412537717	-69.66751408836254	-307.6612042321354
2634.0	67.5	20.417220493869458	-68.80746668296429	-307.0548181431624
2635.0	67.5	20.430702003481716	-67.74433696459103	-306.44619360335696
2636.0	67.5	20.44412823394966	-66.50679859690015	-305.8335931898811
2637.0	67.5	20.4574967914547	-64.93193858263444	-305.2130110214942
2638.0	67.5	20.46957780558635	-164.0189418924421	-304.7085235794793
2639.0	67.5	20.481029077264086	-75.51175352213751	-304.12971042153765
2640.0	67.5	20.492674600512707	-75.8515825851267	-303.53790610688935
2641.0	67.5	20.50447207017066	-76.165038379961	-302.95144638462574
2642.0	67.5	20.516373529077963	-76.53318253000751	-302.37276112400235
2643.0	68.0	20.477768262876495	-76.92728457769533	-301.7999792991279
2644.0	68.0	20.492132692957334	-77.28600490275427	-301.2276076690122
2645.0	68.0	20.506512128341164	-77.51407947237593	-300.6520470730866
2646.0	68.0	20.520899896056516	-77.62102965326773	-300.0687378114666
2647.0	68.0	20.53528130143493	-77.74322732076726	-299.4795099203087
2648.0	68.0	20.549650200344907	-77.96253226892263	-298.8881417498284
2649.0	68.0	20.56399648367868	-78.33148067820744	-298.2997692066825
2650.0	68.0	20.5783208310697	-78.72317704455219	-297.7172721310483
2651.0	68.0	20.59261517338095	-79.26394472709013	-297.1409879694426
2652.0	68.0	20.606911080832482	-79.71126880285836	-296.571467502086
2653.0	68.0	20.621191201107187	-79.85071526813023	-295.99862640755
2654.0	68.0	20.63544791234044	-79.66026611146215	-295.41710535459526
2655.0	68.0	20.649659788220273	-79.21224246767342	-294.8257745084766
2656.0	68.0	20.66383592624146	-78.61139324640087	-294.22515180304407
2657.0	68.0	20.67793376818525	-78.06775825150702	-293.62315620363427
2658.0	68.0	20.691981051863316	-77.56854636227703	-293.02414825471874
2659.0	68.0	20.70594712367612	-77.12780880829794	-292.43218505265367
2660.0	68.0	20.719861139295585	-76.78921639765395	-291.8489682175736
2661.0	68.0	20.73373164541214	-76.53903113626474	-291.2770969287643
2662.0	68.5	20.51020537520485	-76.22487656895314	-290.7119305439237
2663.0	68.5	20.52550942733859	-75.85396068496111	-290.1476432313545
2664.0	68.5	20.5407440411476	-75.37835488674017	-289.57769749163947
2665.0	68.5	20.55592354703497	-74.77180472606193	-288.99905764795244
2666.0	68.5	20.571024804171447	-74.06109311527909	-288.4111480147203
2667.0	68.5	20.586034918340882	-73.29880754553022	-287.81721463012167
2668.0	68.5	20.60097451987344	-72.5509237961667	-287.22289876498303
2669.0	68.5	20.615815671012097	-71.78353943743889	-286.629430984677
2670.0	68.5	20.630589763959403	-71.01551941518402	-286.03968028249585
2671.0	68.5	20.645275616693613	-70.3551054286778	-285.457055487859
2672.0	68.5	20.65990867655205	-69.5292660827541	-284.87799423969136
2673.0	68.5	20.67448061596871	-68.4663332807718	-284.29944118439545
2674.0	68.5	20.68897700511109	-67.23900302435261	-283.7184384584322
2675.0	68.5	20.70342591337055	-65.73538008839446	-283.1312822874463
2676.0	68.5	20.71742377548232	-157.97898040770917	-282.03744352711965
2677.0	68.5	20.729973074230166	-75.90478214847275	-281.45810084168744
2678.0	68.5	20.74266445842832	-76.54529404184368	-280.8834042871087
2679.0	68.5	20.755464540234463	-76.90319021983873	-280.3157340225623
2680.0	68.5	20.768361954985842	-77.29484901986069	-279.7615852024028
2681.0	69.0	20.308835027384465	-77.621543699773	-279.2188060847313
2682.0	69.0	20.32280676374351	-77.9949677423581	-278.6825848784268
2683.0	69.0	20.336820067736365	-78.29345534762393	-278.146601339968
2684.0	69.0	20.350862153599824	-78.44975072168658	-277.60644899969486
2685.0	69.0	20.364922067691225	-78.5566221513418	-277.0620180502864
2686.0	69.0	20.378968670216274	-78.80147177257331	-276.5164639620032
2687.0	69.0	20.3930056435565	-79.17013459997601	-275.9749128902504
2688.0	69.0	20.407023160558694	-79.59637408071218	-275.44083209015736
2689.0	69.0	20.421041947134082	-80.11058496564611	-274.9157511827751
2690.0	69.0	20.4350384527699	-80.64891763516383	-274.3971825661007
2691.0	69.0	20.449030235429774	-80.88856342623217	-273.88006288476765
2692.0	69.0	20.46301028296019	-80.77333428777364	-273.35541022011637
2693.0	69.0	20.476953314622005	-80.36372488149836	-272.82032522820845
2694.0	69.0	20.490848615897022	-79.77604328426062	-272.27554811467115
2695.0	69.0	20.504686000877708	-79.20632503145684	-271.7271242096047
2696.0	69.0	20.518461768352406	-78.71071134970057	-271.18091420146766
2697.0	69.0	20.53218361810696	-78.2704679566125	-270.6411501106834
2698.0	69.0	20.545854830734477	-77.90126541052135	-270.10959482306674
2699.0	69.0	20.559464092981347	-77.65302766333359	-269.5861636112856
2700.0	69.5	20.296105137809647	-77.3712489314345	-269.0699575467223
2701.0	69.5	20.310964928898848	-77.03143935106795	-268.55359710029944
2702.0	69.5	20.32577290622926	-76.57201114314518	-268.0303735058325
2703.0	69.5	20.34051978253112	-75.97021897543411	-267.4973840103463
2704.0	69.5	20.355187739896188	-75.25970859008962	-266.95442496807715
2705.0	69.5	20.3697722006422	-74.49949018283814	-266.4050804592751
2706.0	69.5	20.38428172443892	-73.74180167577362	-265.85476773213406
2707.0	69.5	20.39870629389638	-72.98402658264938	-265.3061183966345
2708.0	69.5	20.41305015024519	-72.23890160463286	-264.7616879981242
2709.0	69.5	20.427326007322556	-71.5925485399227	-264.2249648068759
2710.0	69.5	20.441544523953706	-70.7526256696812	-263.69341050772306
2711.0	69.5	20.455704897189513	-69.65785537991323	-263.16341716935307
2712.0	69.5	20.469816926000313	-68.39637776370746	-262.633236789492
2713.0	69.5	20.483870405492	-66.78810926826739	-262.0998743850996
2714.0	69.5	20.49702378966511	-162.44408709719647	-261.67359242977864
2715.0	69.5	20.509130048946112	-77.13331573599683	-261.1909825397172
2716.0	69.5	20.52143479880803	-77.59605071751267	-260.6995960616553
2717.0	69.5	20.533891922868474	-77.97749107121533	-260.2166499210033
2718.0	69.5	20.546462497174975	-78.38711565671355	-259.74735760411784
2719.0	70.0	20.501260031525693	-78.80491994600311	-259.28825453092867
2720.0	70.0	20.516394158462887	-79.16467625829857	-258.83439267651363
2721.0	70.0	20.531569910349248	-79.40664798740296	-258.38159005874337
2722.0	70.0	20.546743980762614	-79.52975900281027	-257.9244651974102
2723.0	70.0	20.56191090616947	-79.69964795234723	-257.4656713851051
2724.0	70.0	20.577054833895478	-79.98351450217585	-257.00931195316394
2725.0	70.0	20.592175424450478	-80.39321996967912	-256.5621162449181
2726.0	70.0	20.607281406352136	-80.84027263617934	-256.12487175796844
2727.0	70.0	20.622375064581533	-81.4313073783177	-255.69805219475242
2728.0	70.0	20.63746272289141	-81.84808639655066	-255.27999783871144
2729.0	70.0	20.652541956673716	-81.91217454192982	-254.86048547195549
2730.0	70.0	20.66759076021918	-81.62232236503398	-254.43534479247046
2731.0	70.0	20.682607841362877	-81.08830730956417	-254.00152451591836
2732.0	70.0	20.697554609657733	-80.44579716219113	-253.56284870561484
2733.0	70.0	20.71245296305101	-79.91815999627315	-253.12902633064667
2734.0	70.0	20.72728586842238	-79.43870581564542	-252.70263144861974
2735.0	70.0	20.74204971364312	-79.01137998153904	-252.2877211284061
2736.0	70.0	20.756762342343844	-78.70730062800358	-251.884720949649
2737.0	70.5	20.526950097515844	-78.42945748456349	-251.49399517002834
2738.0	70.5	20.54318655124162	-78.1012627961322	-251.10902102818608
2739.0	70.5	20.55936889876672	-77.69178548061555	-250.72288704710962
2740.0	70.5	20.57549118099719	-77.1391940685816	-250.32960290037175
2741.0	70.5	20.591536638236896	-76.457809358963	-249.9273520735184
2742.0	70.5	20.607495449578483	-75.6792920258979	-249.51753152299517
2743.0	70.5	20.623355995948994	-74.87518676618005	-249.10578345733492
2744.0	70.5	20.639127426650745	-74.09873913951002	-248.69538423899456
2745.0	70.5	20.65480080941069	-73.27669744589879	-248.28754388030566
2746.0	70.5	20.67039333535951	-72.58480765802523	-247.88619657122803
2747.0	70.5	20.68590139558131	-71.79089522279719	-247.4897359926504
2748.0	70.5	20.701345936834215	-70.74044297519424	-247.09397368048639
2749.0	70.5	20.716718229312644	-69.43766152706685	-246.69368939522246
2750.0	70.5	20.732009771626693	-67.9121155681781	-246.2866962181502
2751.0	70.5	20.707314973240017	-179.18731620375425	-245.86871555154528
2752.0	70.5	20.720462331553442	-78.051223469934	-244.94164932918014
2753.0	70.5	20.733761885685443	-78.79364045840234	-244.52892066168954
2754.0	70.5	20.747177800878845	-79.18656740614924	-244.13113853922422
2755.0	70.5	20.76068624964784	-79.60133893545819	-243.74741763789797
2756.0	71.0	20.33809979537992	-79.94995319136339	-243.3736515382386
2757.0	71.0	20.35289941782777	-80.30741771169912	-243.00338195615464
2758.0	71.0	20.367730873167346	-80.60401561032786	-242.6311925166689
2759.0	71.0	20.38257506446092	-80.76394065692395	-242.25174189096253
2760.0	71.0	20.39741071821403	-80.91090282683979	-241.86497270936212
2761.0	71.0	20.41222514106069	-81.2158647756673	-241.47482939870218
2762.0	71.0	20.42700926711047	-81.61707795477481	-241.08597356043836
2763.0	71.0	20.44176254737371	-82.08196527052246	-240.7026645357798
2764.0	71.0	20.456483911065998	-82.65495459868255	-240.3252675917142
2765.0	71.0	20.471186450059328	-83.16043869448738	-239.95091949226986
2766.0	71.0	20.48586505387832	-83.30807319032108	-239.57075393490862
2767.0	71.0	20.500517253979407	-83.0701056235768	-239.1781360547086
2768.0	71.0	20.515107474545914	-82.54384842297009	-238.76960199501204
2769.0	71.0	20.529644035162228	-81.88219567169007	-238.348978596931
2770.0	71.0	20.544099541404922	-81.31584782905503	-237.92308201032833
2771.0	71.0	20.558486583847582	-80.8238068501975	-237.49828371295047
2772.0	71.0	20.57278337690707	-80.38262614189064	-237.07682196633897
2773.0	71.0	20.587029729160392	-80.03722142324749	-236.66005149326352
2774.0	71.5	20.318099622715028	-79.76738629744919	-236.24863783796113
2775.0	71.5	20.33368768644133	-79.46126680220426	-235.83602324083307
2776.0	71.5	20.3492158295123	-79.05555077807682	-235.416134053378
2777.0	71.5	20.364682383861755	-78.49810922927269	-234.98178991752994
2778.0	71.5	20.38007193167149	-77.81062831562555	-234.53407580115143
2779.0	71.5	20.39537984682174	-77.0298730952639	-234.07462305201426
2780.0	71.5	20.410594267977526	-76.21982693273502	-233.60881538529225
2781.0	71.5	20.425731358861988	-75.43821162825415	-233.14198493868048
2782.0	71.5	20.440775986132632	-74.63235769112136	-232.67714038299064
2783.0	71.5	20.455761554153085	-73.96303539833512	-232.21668712713733
2784.0	71.5	20.470674220784055	-73.15193386761167	-231.76102032088016
2785.0	71.5	20.485537854891664	-72.05524412317865	-231.30658884096053
2786.0	71.5	20.500347069958796	-70.73427093450599	-230.8504485359988
2787.0	71.5	20.51510886750312	-69.10446977620138	-230.3897770122203
2788.0	71.5	20.529150254694695	-160.1344793523756	-230.00334938120966
2789.0	71.5	20.541854306915518	-79.37560618165641	-229.56497272109385
2790.0	71.5	20.554794324267434	-79.88201961340114	-229.14589333932867
2791.0	71.5	20.56790643099785	-80.30902598549008	-228.7352121776022
2792.0	71.5	20.581154433296376	-80.75861143725557	-228.33928050574931
2793.0	72.0	20.52900650424239	-81.20743429900823	-227.95231896447294
2794.0	72.0	20.545078930279495	-81.57079703901016	-227.57058377180832
2795.0	72.0	20.56118032635071	-81.83338593732041	-227.1872148190565
2796.0	72.0	20.57729621097784	-81.99191388825935	-226.80005772829367
2797.0	72.0	20.59342323838675	-82.24179472304367	-226.4104191607879
2798.0	72.0	20.609530451641934	-82.60909086448353	-226.02319583151117
2799.0	72.0	20.62562307907142	-83.08941184308722	-225.64497753778429
2800.0	72.0	20.641708402378892	-83.6177499161033	-225.27571701733805
2801.0	72.0	20.65779249130249	-84.25472982428342	-224.9172632009012
2802.0	72.0	20.673877304427965	-84.61479422922979	-224.56191796689123
2803.0	72.0	20.68994544762152	-84.56497273609547	-224.20107597442433
2804.0	72.0	20.70599949618345	-84.14389440360392	-223.82961480099434
2805.0	72.0	20.72199780672251	-83.5172306966814	-223.44720339381294
2806.0	72.0	20.73795028179986	-82.88855244332214	-223.06063026404513
2807.0	72.0	20.753835683037305	-82.37717485467344	-222.67686047608976
2808.0	72.0	20.76966431488512	-81.92470627287865	-222.30184029919567
2809.0	72.0	20.785427967698183	-81.53437199489339	-221.93369717511538
2810.0	72.0	20.801154264442438	-81.27046129386429	-221.5757154885797
2811.0	72.5	20.567569692798585	-80.97882705656966	-221.2246187284625
2812.0	72.5	20.58496788363477	-80.62693797953469	-220.87008230903
2813.0	72.5	20.602318646472256	-80.12940314109656	-220.5050530958734
2814.0	72.5	20.61959432242633	-79.48138855879137	-220.12667733352362
2815.0	72.5	20.636792154213122	-78.7050798071301	-219.73652426540858
2816.0	72.5	20.653906402188337	-77.87377558437645	-219.33809980624898
2817.0	72.5	20.670930326400832	-77.06126709635674	-218.9375845781781
2818.0	72.5	20.68786113094555	-76.22662201706314	-218.5368708222674
2819.0	72.5	20.704729541982804	-75.4995970632595	-218.1397652161029
2820.0	72.5	20.721517442048814	-74.7129383591809	-217.74522207058106
2821.0	72.5	20.7382496475096	-73.6356860842285	-217.34968113124987
2822.0	72.5	20.754927809947624	-72.23507164386913	-216.9474830622123
2823.0	72.5	20.771542097197994	-70.60007002635196	-216.53430277297784
2824.0	72.5	20.788090715624715	-156.21469359801483	-216.10831081221704
2825.0	72.5	20.80246619120195	-81.06988032763375	-215.18982947872107
2826.0	72.5	20.817045387120174	-81.83318486328372	-214.77335073136726
2827.0	72.5	20.831779577231753	-82.35183663207343	-214.37289456657322
2828.0	72.5	20.84665927205744	-82.87393992929127	-213.98845766547373
2829.0	73.0	20.381407300521712	-83.2800172989138	-213.61398362551859
2830.0	73.0	20.397723037911874	-83.66234636922694	-213.24252361644952
2831.0	73.0	20.41407949225176	-83.97921937718034	-212.86597829251778
2832.0	73.0	20.430467500614487	-84.18222022834448	-212.48347359432972
2833.0	73.0	20.446874173818383	-84.51689592355858	-212.09589771224907
2834.0	73.0	20.46327782702685	-84.95633619956848	-211.70879726315678
2835.0	73.0	20.479678107920158	-85.50426124384404	-211.32822345584273
2836.0	73.0	20.49608190327576	-86.10457635069811	-210.95656963974508
2837.0	73.0	20.51247949981468	-86.80166651231397	-210.59294880716868
2838.0	73.0	20.528900061418636	-87.17373585653108	-210.23029508338468
2839.0	73.0	20.545317316050404	-87.08463848674205	-209.85883487452276
2840.0	73.0	20.56171718574325	-86.60726138457893	-209.4727651593145
2841.0	73.0	20.578081203365066	-85.93681982566189	-209.0751180456839
2842.0	73.0	20.59438756346246	-85.34061654131357	-208.67314630396817
2843.0	73.0	20.610644723489184	-84.86292218003645	-208.27594670545633
2844.0	73.0	20.62686008575295	-84.4477127532284	-207.88671586584258
2845.0	73.0	20.643021432281774	-84.10032648944305	-207.50647274956626
2846.0	73.5	20.37006806567229	-83.86343711750754	-207.1346472223609
2847.0	73.5	20.387743253559744	-83.59648508920604	-206.7639872541581
2848.0	73.5	20.4053711716143	-83.19885482744787	-206.3874388213173
2849.0	73.5	20.42294667638722	-82.62947918011956	-205.99787033833624
2850.0	73.5	20.440454510331904	-81.91146170784958	-205.5956918239835
2851.0	73.5	20.457873503942853	-81.10329361558892	-205.18404965584725
2852.0	73.5	20.47520184700454	-80.27198811134483	-204.77057029776864
2853.0	73.5	20.492447055128622	-79.46079904195713	-204.35865298351382
2854.0	73.5	20.50961131265144	-78.67707633482519	-203.95176443498696
2855.0	73.5	20.526708944291364	-77.96225497867603	-203.55202535351395
2856.0	73.5	20.543753563900875	-76.93920844648981	-203.15581871311247
2857.0	73.5	20.560737670201682	-75.54012757269818	-202.75769916830114
2858.0	73.5	20.57765710376679	-73.86138829361113	-202.3532096817773
2859.0	73.5	20.594515135553724	-71.72903944369736	-201.9402063273451
2860.0	73.5	20.608926069199608	-167.71254772242634	-201.67954535365902
2861.0	73.5	20.623400470155744	-84.52566887669991	-201.31310930287896
2862.0	73.5	20.638133338485	-85.09765934288173	-200.94951711360173
2863.0	73.5	20.653061398130536	-85.68078677399679	-200.59752309351734
2864.0	74.0	20.591840466727277	-86.22775408231274	-200.25337911876636
2865.0	74.0	20.609944388718105	-86.61614986227569	-199.90900964092003
2866.0	74.0	20.62809864954905	-86.93347324684751	-199.55874132272527
2867.0	74.0	20.646284378288456	-87.18690550973513	-199.20021688491806
2868.0	74.0	20.664468870706653	-87.59163262936875	-198.83706014250376
2869.0	74.0	20.68264408905928	-88.09069115929158	-198.47592031594067
2870.0	74.0	20.700797483576302	-88.71623352895126	-198.12204762457407
2871.0	74.0	20.718961531209484	-89.39959546180474	-197.7763891987451
2872.0	74.0	20.737116086268337	-90.05131857754041	-197.43674747477192
2873.0	74.0	20.75527204088852	-90.22711868715476	-197.09334110176582
2874.0	74.0	20.773410259517494	-89.90028398162895	-196.73607383145003
2875.0	74.0	20.791504718907532	-89.24612791667602	-196.3636122527419
2876.0	74.0	20.809532514394775	-88.51398989806722	-195.9812978638751
2877.0	74.0	20.82749284556544	-87.96300312082529	-195.60104379274816
2878.0	74.0	20.84537576389648	-87.49745207563267	-195.22950749123265
2879.0	74.0	20.86319962831098	-87.0726827555116	-194.86673573959285
2880.0	74.5	20.621013704286216	-86.77668391266705	-194.5149779331552
2881.0	74.5	20.640682709114227	-86.5077750953358	-194.1694001488537
2882.0	74.5	20.66029149452355	-86.13169175592255	-193.8189190002801
2883.0	74.5	20.679820666650638	-85.56650535831857	-193.4559624892495
2884.0	74.5	20.69925419213391	-84.83307058214925	-193.0787664053607
2885.0	74.5	20.71857378183048	-83.97246867507188	-192.69113873952512
2886.0	74.5	20.737788930575515	-83.06555436722105	-192.298426807157
2887.0	74.5	20.756890784716145	-82.17845562356231	-191.90778481342264
2888.0	74.5	20.775895545888396	-81.29621440739375	-191.52057671051818
2889.0	74.5	20.79479988428328	-80.5183256065883	-191.14048337095636
2890.0	74.5	20.813633734826	-79.43981474206531	-190.76266594475175
2891.0	74.5	20.83237362425428	-77.92374624990096	-190.38066436339074
2892.0	74.5	20.851039582337744	-76.0903683449594	-189.98867017627384
2893.0	74.5	20.86960939087887	-73.87796414648889	-189.58377729086303
2894.0	74.5	20.88609702436953	-163.35295242206504	-188.6503904877391
2895.0	74.5	20.90195508895184	-87.24198275062858	-188.25603953038703
2896.0	74.5	20.91803821502596	-87.94838277739197	-187.87871419806692
2897.0	74.5	20.93431944627988	-88.64416762864921	-187.52074673191217
2898.0	75.0	20.4642162482677	-89.13372973300962	-187.17431757515334
2899.0	75.0	20.482184343756682	-89.53417296110814	-186.82820764479052
2900.0	75.0	20.500216504522612	-89.87391906089674	-186.47743778763268
2901.0	75.0	20.518287100727164	-90.19372790471465	-186.12030594422092
2902.0	75.0	20.536382549615563	-90.69170446709849	-185.76031924906374
2903.0	75.0	20.554479739981797	-91.27375757648073	-185.40571009180704
2904.0	75.0	20.572580478926398	-91.97313429064897	-185.06273305160235
2905.0	75.0	20.59068710770452	-92.7501545757107	-184.73123905487176
2906.0	75.0	20.608814453621203	-93.35093558510428	-184.4049265596297
2907.0	75.0	20.62694134069523	-93.38530577781148	-184.07238707707637
2908.0	75.0	20.645049244135237	-92.89338202365492	-183.72492378045285
2909.0	75.0	20.663121918354612	-92.1247631143896	-183.36327405876347
2910.0	75.0	20.68112006337936	-91.42030416934678	-182.9965327682385
2911.0	75.0	20.699054842394176	-90.90675574766152	-182.63733922553214
2912.0	75.0	20.71692687154238	-90.47101015092393	-182.28987373682637
2913.0	75.0	20.734752153070183	-90.0867508429299	-181.9531212071164
2914.0	75.5	20.454502464150075	-89.83053861942689	-181.62649339400937
2915.0	75.5	20.474032323280294	-89.51649008677474	-181.2999769745093
2916.0	75.5	20.493509058190128	-89.01057779693193	-180.964508256763
2917.0	75.5	20.512898270950323	-88.31894831618978	-180.6134410363023
2918.0	75.5	20.532186700615444	-87.47696740787622	-180.25200079450582
2919.0	75.5	20.551364958118707	-86.57132419970065	-179.88568513885707
2920.0	75.5	20.570436755800436	-85.64668834843327	-179.52179321889625
2921.0	75.5	20.589401748647436	-84.73915629537342	-179.16480157886937
2922.0	75.5	20.60827930132992	-83.9626483180669	-178.8180025497225
2923.0	75.5	20.62707240281399	-82.89912867116745	-178.4791155309759
2924.0	75.5	20.645795987037907	-81.33901040439343	-178.1399447817741
2925.0	75.5	20.664438751497272	-79.40751550209455	-177.79596528702587
2926.0	75.5	20.68298412911083	-76.95728716083951	-177.4418963744187
2927.0	75.5	20.69882883418242	-163.375514818625	-177.24708607319255
2928.0	75.5	20.714405336213492	-90.23774792556708	-176.94694192326466
2929.0	75.5	20.730277699788886	-90.98703361191376	-176.65455795059168
2930.0	75.5	20.746388904618122	-91.71034097471525	-176.3777485611472
2931.0	76.0	20.661578793610833	-92.29691696044256	-176.1114492264113
2932.0	76.0	20.681170081357482	-92.68411201484147	-175.84202199816554
2933.0	76.0	20.70082431357024	-93.01274325512983	-175.56623966864055
2934.0	76.0	20.72050489551577	-93.41254542400753	-175.2826677202082
2935.0	76.0	20.7401791217132	-93.96757355562264	-175.0003191323652
2936.0	76.0	20.759854679728925	-94.63603106766908	-174.72590694582232
2937.0	76.0	20.77952084364003	-95.38114459781649	-174.46293296894947
2938.0	76.0	20.799183406492755	-96.18782355553327	-174.21129482975283
2939.0	76.0	20.818840275771034	-96.50724953103543	-173.9581039719128
2940.0	76.0	20.83847827473457	-96.19840007578702	-173.69108095670302
2941.0	76.0	20.858057573155282	-95.44557538854966	-173.40651729268143
2942.0	76.0	20.87756106687474	-94.58066856850834	-173.11178540652813
2943.0	76.0	20.896981550796593	-93.96087219426136	-172.81979979911475
2944.0	76.0	20.916310265049667	-93.46440126808567	-172.53897871208514
2945.0	76.0	20.935572894310145	-93.00196926345262	-172.2708353907183
2946.0	76.5	20.502510687562932	-92.62357093927002	-172.01359820325334
2947.0	76.5	20.52294635375447	-92.3038929826488	-171.7596003507219
2948.0	76.5	20.543310931872774	-91.81570916086753	-171.49629720022887
2949.0	76.5	20.563575585975315	-91.1121127585094	-171.21767951579594
2950.0	76.5	20.583733693342953	-90.23190139117189	-170.92295850425924
2951.0	76.5	20.6037656630064	-89.24751815648018	-170.61930184118307
2952.0	76.5	20.623668519888735	-88.24629244585309	-170.31486997105193
2953.0	76.5	20.643464070530534	-87.25120754648893	-170.01459047655987
2954.0	76.5	20.66314267579343	-86.37754863690883	-169.72108026600148
2955.0	76.5	20.68272894644041	-85.27371430424056	-169.43129036339127
2956.0	76.5	20.702226293115203	-83.63881025212726	-169.13684392276554
2957.0	76.5	20.721639375060242	-81.5335009757606	-168.83020293995583
2958.0	76.5	20.74094092821113	-79.02027154919442	-168.50624620321688
2959.0	76.5	20.75806983728618	-158.74502187264974	-167.6339310327384
2960.0	76.5	20.77412628053235	-92.851593432794	-167.3205452010298
2961.0	76.5	20.79049875825913	-93.72540424656876	-167.02205823306096
2962.0	76.5	20.807146038051922	-94.57110870433472	-166.74627839073887
2963.0	77.0	20.51550676266243	-95.14178416076795	-166.48040330890407
2964.0	77.0	20.534874102221657	-95.5425866144901	-166.210066856679
2965.0	77.0	20.554315445810754	-95.92305329102729	-165.93059219137635
2966.0	77.0	20.57380283451162	-96.42501246333019	-165.6425662706984
2967.0	77.0	20.59332490924329	-97.07724041844796	-165.35454176680287
2968.0	77.0	20.612862748068196	-97.84793506883689	-165.0772950761488
2969.0	77.0	20.632422554475088	-98.68335990473126	-164.8110982054928
2970.0	77.0	20.651995976557522	-99.51661058496848	-164.552977652194
2971.0	77.0	20.671576277413028	-99.73887300010777	-164.28848913426032
2972.0	77.0	20.69115950616279	-99.28003503937096	-164.00489127635217
2973.0	77.0	20.71068480923686	-98.41636158825425	-163.7013110810854
2974.0	77.0	20.730138178070934	-97.5737008559011	-163.38875595987608
2975.0	77.0	20.74952928590617	-97.01285677694894	-163.08219871781822
2976.0	77.0	20.768833566326588	-96.55663055514657	-162.78639938442552
2977.0	77.0	20.788085920874742	-96.13529997490492	-162.5009052458092
2978.0	77.5	20.50608733614579	-95.89165623910155	-162.22188936432266
2979.0	77.5	20.527351203818355	-95.51513797722096	-161.93818380172195
2980.0	77.5	20.548546771016866	-94.90353001326824	-161.63739498659785
2981.0	77.5	20.569628594808446	-94.09059905402171	-161.31762349072315
2982.0	77.5	20.590595368806916	-93.13867454377453	-160.9861112855219
2983.0	77.5	20.611428902701054	-92.14238520717187	-160.6519919359918
2984.0	77.5	20.632133498839938	-91.12890364482553	-160.32033383676506
2985.0	77.5	20.65272725645543	-90.20352008295423	-159.9981232781372
2986.0	77.5	20.67322477306352	-89.20615769996809	-159.68432634786888
2987.0	77.5	20.693630179070094	-87.62510755323123	-159.37166552280092
2988.0	77.5	20.713945740861416	-85.48321855225872	-159.05095968669934
2989.0	77.5	20.734158413305913	-82.80108655637584	-158.7177767131419
2990.0	77.5	20.7523168969964	-157.83604429957145	-158.53782262313425
2991.0	77.5	20.768923519255647	-95.98455246029377	-158.26166102485743
2992.0	77.5	20.785914822562873	-96.88641525594254	-157.98205951392686
2993.0	77.5	20.803196912814062	-97.79272047704225	-157.7217142801171
2994.0	78.0	20.728825205573482	-98.48622527801403	-157.47129308615666
2995.0	78.0	20.750133123510842	-98.89302721790374	-157.21373717141472
2996.0	78.0	20.771527273876867	-99.30910746166592	-156.94557496790296
2997.0	78.0	20.7929658876748	-99.88027637588853	-156.67082122400186
2998.0	78.0	20.814420364615295	-100.60869534826134	-156.39941818677656
2999.0	78.0	20.835884392301057	-101.47007707324185	-156.14023196540793
3000.0	78.0	20.85735374005099	-102.36577326297149	-155.89320054333035
3001.0	78.0	20.878839757697694	-103.07911212966458	-155.6514079464423
3002.0	78.0	20.900307043650745	-103.02661362092351	-155.39869905270797
3003.0	78.0	20.921738788310464	-102.30050978364564	-155.1255873143426
3004.0	78.0	20.943101784880653	-101.28497263346287	-154.83517200873362
3005.0	78.0	20.96436196692513	-100.52804975946243	-154.5455816320174
3006.0	78.0	20.985533177686392	-99.99605467245938	-154.26909432007568
3007.0	78.0	21.006600090388105	-99.5001634170497	-154.00714277605218
3008.0	78.5	20.570305624455855	-99.06520184830023	-153.75769934943514
3009.0	78.5	20.592805514686592	-98.73016608900124	-153.51231095478173
3010.0	78.5	20.615212019067837	-98.17924845376142	-153.25472029115937
3011.0	78.5	20.63750745284008	-97.38344883206402	-152.97921698709214
3012.0	78.5	20.65965564991432	-96.40276469520889	-152.68944105520814
3013.0	78.5	20.68166238615868	-95.33509159711193	-152.39335375888314
3014.0	78.5	20.703513236476144	-94.23556455903949	-152.09999499183942
3015.0	78.5	20.725224056923103	-93.16327452905254	-151.81449486695948
3016.0	78.5	20.746815787055823	-92.15938681849535	-151.53887862177777
3017.0	78.5	20.768288183233402	-90.62773993580596	-151.26498035603595
3018.0	78.5	20.789640521791135	-88.3914902538178	-150.9806977564126
3019.0	78.5	20.81087562736666	-85.67390926158177	-150.67909301198193
3020.0	78.5	20.831141520077644	-151.07268872608864	-149.78576713593827
3021.0	78.5	20.848397330402786	-98.71118149458891	-149.50533972700322
3022.0	78.5	20.866049412789955	-99.73293148797234	-149.22363436537574
3023.0	78.5	20.884016725261393	-100.84331266345954	-148.9688678166193
3024.0	79.0	20.580215932632836	-101.57014052055575	-148.7303218257308
3025.0	79.0	20.601231173490778	-102.02423596246041	-148.4873768593082
3026.0	79.0	20.622355334529676	-102.49096926023276	-148.23267437485805
3027.0	79.0	20.643534989639534	-103.13615069270541	-147.97167869144735
3028.0	79.0	20.664740105215593	-103.95625430578013	-147.71524598424097
3029.0	79.0	20.685961216218313	-104.90009345210449	-147.4724967738116
3030.0	79.0	20.70720050696386	-105.86663555503084	-147.2441034142178
3031.0	79.0	20.72845470761741	-106.61660717040232	-147.02109581083627
3032.0	79.0	20.74970218988133	-106.50788799067998	-146.7837970974051
3033.0	79.0	20.77090027864236	-105.68148531632721	-146.52214150065265
3034.0	79.0	20.79202105164889	-104.60020102138063	-146.24307403277527
3035.0	79.0	20.81303894494736	-103.87260258024786	-145.965805547344
3036.0	79.0	20.833947214576437	-103.36770234252069	-145.70299782186515
3037.0	79.0	20.854773630297988	-102.87504525723904	-145.4513769886919
3038.0	79.5	20.56758866880667	-102.51761210024853	-145.20920064558516
3039.0	79.5	20.590746935498437	-102.1277087821603	-144.9623930975496
3040.0	79.5	20.613792295098552	-101.46641638457312	-144.69714501401168
3041.0	79.5	20.63668609344633	-100.57926268936758	-144.41017898018086
3042.0	79.5	20.659439019687344	-99.54393492587104	-144.10995353611423
3043.0	79.5	20.682026646389346	-98.46089526213478	-143.8074467204527
3044.0	79.5	20.704452758960755	-97.3291588605492	-143.51072635382678
3045.0	79.5	20.726735336547282	-96.33658530415242	-143.22471333953845
3046.0	79.5	20.748896691509394	-95.06176255370835	-142.9465873020915
3047.0	79.5	20.770934531966663	-93.00210937663186	-142.6645525974207
3048.0	79.5	20.79284685001085	-90.3083228478145	-142.3706106215353
3049.0	79.5	20.814621140212946	-86.95200699087162	-142.05680269340334
3050.0	79.5	20.832570493520688	-161.89626839147365	-141.95483410927284
3051.0	79.5	20.850578593158225	-102.82093460416725	-141.700841410921
3052.0	79.5	20.868941363061356	-103.93485727911519	-141.46463864074457
3053.0	80.0	20.593228397755492	-104.80665070338785	-141.24303918258875
3054.0	80.0	20.614997176419415	-105.27571707252713	-141.01682484988225
3055.0	80.0	20.636895357060595	-105.73044026739056	-140.77475868118418
3056.0	80.0	20.658841883130847	-106.3916835449552	-140.52272077125576
3057.0	80.0	20.680808662808694	-107.25018316331388	-140.27231390592053
3058.0	80.0	20.702803267335423	-108.23119676654332	-140.03419990446676
3059.0	80.0	20.724797973639387	-109.22946265317226	-139.80870572982835
3060.0	80.0	20.746806436339455	-109.95972008530156	-139.58601162010618
3061.0	80.0	20.76879509296628	-109.74137150603578	-139.34507496139898
3062.0	80.0	20.790728134104807	-108.77979321787129	-139.0778125778597
3063.0	80.0	20.812548232016784	-107.61566320903597	-138.79328168833328
3064.0	80.0	20.834270062329335	-106.88073722075741	-138.51275844073083
3065.0	80.0	20.855866556709124	-106.35031965530533	-138.24847228150807
3066.0	80.0	20.877362568663813	-105.83549486436998	-137.99840089370568
3067.0	80.5	20.791140056821863	-105.544705858768	-137.7548874287742
3068.0	80.5	20.816394710624554	-105.04444332477725	-137.503055761071
3069.0	80.5	20.84149778084426	-104.25271815722327	-137.22758059009763
3070.0	80.5	20.866430311380572	-103.24375029342222	-136.93183123246848
3071.0	80.5	20.89117298616114	-102.10056911291568	-136.62473821110484
3072.0	80.5	20.915726775385114	-100.8967163808364	-136.3176688565348
3073.0	80.5	20.94008879616505	-99.68399548351945	-136.01608484703453
3074.0	80.5	20.964294561883033	-98.57408965301295	-135.724770282968
3075.0	80.5	20.988353281347983	-96.87725668690324	-135.43330343194992
3076.0	80.5	21.012257011947685	-94.30107342087112	-135.12643500201577
3077.0	80.5	21.0360065197864	-91.13098980979659	-134.79666294286528
3078.0	80.5	21.05871169666729	-150.21019227439973	-133.8475667895176
3079.0	80.5	21.07817736181041	-104.94961849103252	-133.53495385483026
3080.0	80.5	21.097993600415887	-106.17959720167605	-133.22878829806444
3081.0	81.0	20.651060029456136	-107.32584510114528	-132.95056651359545
3082.0	81.0	20.673574203173075	-108.14945344796203	-132.68270704531415
3083.0	81.0	20.696251840126134	-108.58373452735643	-132.398508763499
3084.0	81.0	20.719011314318863	-109.23784302405946	-132.10043079371388
3085.0	81.0	20.74182623498131	-110.11667453108193	-131.79797248391858
3086.0	81.0	20.764653120355668	-111.14799292792759	-131.50621740017604
3087.0	81.0	20.787487723979233	-112.22462376385518	-131.22970950276758
3088.0	81.0	20.810336888868267	-113.23408713265079	-130.961617312469
3089.0	81.0	20.833171177454904	-113.3637571618306	-130.67999093505267
3090.0	81.0	20.85596166138991	-112.5364947948953	-130.36844346515397
3091.0	81.0	20.878645725854483	-111.2888606788962	-130.03238599029316
3092.0	81.0	20.901203701256094	-110.40509009953534	-129.69282084918476
3093.0	81.0	20.923625498498883	-109.86453534541339	-129.36737941558408
3094.0	81.0	20.945942957591228	-109.34137095368824	-129.05406588809782
3095.0	81.5	20.64795787054247	-108.8719437751622	-128.74474321533535
3096.0	81.5	20.672911368072562	-108.39908502560553	-128.4251117199958
3097.0	81.5	20.697711845035688	-107.62090736814388	-128.07960119726175
3098.0	81.5	20.72233595486913	-106.61852995381682	-127.7086684256393
3099.0	81.5	20.746755458981553	-105.48804937004314	-127.32553937182985
3100.0	81.5	20.770973432387173	-104.29157135817533	-126.94211406999827
3101.0	81.5	20.795008460836982	-103.06442060067991	-126.56503328313
3102.0	81.5	20.818872215170998	-101.9360296940733	-126.1995948610156
3103.0	81.5	20.842594220564045	-100.08722438475185	-125.83440595344398
3104.0	81.5	20.86615259886999	-97.28242401150315	-125.45526429163891
3105.0	81.5	20.88953708192769	-93.76007586279421	-125.05467104875922
3106.0	81.5	20.910513936680307	-153.11844041385461	-124.823864730554
3107.0	81.5	20.929611718614908	-108.3684603855071	-124.48134185438606
3108.0	81.5	20.94910570683722	-109.63008122726536	-124.14412752378672
3109.0	82.0	20.644151343306387	-110.74044614906579	-123.8284455900682
3110.0	82.0	20.667322389793362	-111.33159869288512	-123.50652591052729
3111.0	82.0	20.690628797138043	-111.82167193661424	-123.16387324174809
3112.0	82.0	20.713989998320752	-112.61419449967914	-122.80739827699976
3113.0	82.0	20.737364754881455	-113.63514470303326	-122.45289330618485
3114.0	82.0	20.760743463780063	-114.75994019713735	-122.11171333099206
3115.0	82.0	20.784127289822564	-115.86456330219733	-121.78280089223207
3116.0	82.0	20.807498548825095	-116.47734040935438	-121.45005333636453
3117.0	82.0	20.830807599128363	-115.95303410882569	-121.0899472298775
3118.0	82.0	20.854034965081947	-114.70691999485096	-120.69921307766288
3119.0	82.0	20.877121415878346	-113.51248006343864	-120.29588362750745
3120.0	82.0	20.90006163847491	-112.84805221524331	-119.90432719560977
3121.0	82.0	20.922875307443874	-112.30522024007044	-119.53023851955562
3122.0	82.5	20.823608184882765	-111.87048840768708	-119.16539212765502
3123.0	82.5	20.85061906276845	-111.41817739307167	-118.79775698975487
3124.0	82.5	20.877459307179745	-110.66687220962316	-118.40807071671173
3125.0	82.5	20.904089065099363	-109.64842502685545	-117.99074234037286
3126.0	82.5	20.93049388478453	-108.45362487932957	-117.55766053378929
3127.0	82.5	20.956666641860775	-107.16916792944176	-117.1216494510006
3128.0	82.5	20.982615758621858	-105.8135129032962	-116.69304875071313
3129.0	82.5	21.00836717004522	-104.5949041151109	-116.274675498077
3130.0	82.5	21.03393331059869	-102.77688294260003	-115.85882752285308
3131.0	82.5	21.059319778583703	-99.88830826336314	-115.42535311121969
3132.0	82.5	21.0845074341659	-96.2720762081956	-114.9642400917786
3133.0	82.5	21.108587957429688	-173.22430325666377	-113.8608094801854
3134.0	82.5	21.12931806343112	-110.69527912429925	-113.42037454170773
3135.0	82.5	21.150363167556335	-112.15036933168287	-112.99494339922795
3136.0	83.0	20.7045475426556	-113.42744029805267	-112.60395556166858
3137.0	83.0	20.728516627074008	-114.20871720938597	-112.21661028681598
3138.0	83.0	20.752635326056627	-114.72743665866341	-111.80934604500862
3139.0	83.0	20.776814484043072	-115.61230798507349	-111.39192510851335
3140.0	83.0	20.801017964788063	-116.73982199266264	-110.98141841237819
3141.0	83.0	20.825230078721944	-117.96613086319475	-110.59252416996695
3142.0	83.0	20.849431128785067	-119.13712246118666	-110.22130780239951
3143.0	83.0	20.873631708929132	-119.77106717217764	-109.85171787733901
3144.0	83.0	20.89776450400039	-119.17147913619509	-109.45758274058733
3145.0	83.0	20.921790927826482	-117.8300439028171	-109.03678592836859
3146.0	83.0	20.945676056534346	-116.6418579511834	-108.6107327739892
3147.0	83.0	20.969400855954387	-116.0370454957711	-108.20550142204407
3148.0	83.0	20.9929839103125	-115.510499169951	-107.8238277322167
3149.0	83.5	20.691526629354495	-114.92360244766225	-107.45317243160277
3150.0	83.5	20.71809069225947	-114.41874489413823	-107.07969960685104
3151.0	83.5	20.744465266485687	-113.58510422088723	-106.68667205700851
3152.0	83.5	20.770618432359946	-112.51157444875986	-106.27530877854716
3153.0	83.5	20.796530415168437	-111.30964619797459	-105.86171039912627
3154.0	83.5	20.822209506497696	-110.01306269934841	-105.46122936551274
3155.0	83.5	20.847668722638733	-108.68716237797328	-105.08076990032409
3156.0	83.5	20.872933903212726	-107.33669249449409	-104.72369048585514
3157.0	83.5	20.898031034625145	-104.95909999561007	-104.37441760699969
3158.0	83.5	20.922928519326014	-101.49721021052638	-104.01732887577417
3159.0	83.5	20.9475989689695	-97.27172418203831	-103.64331350746889
3160.0	83.5	20.968544758090427	-158.56739597657645	-103.50236051075079
3161.0	83.5	20.989002800611186	-114.57766159253877	-103.22344972201374
3162.0	84.0	20.679287688743216	-116.07215534015573	-102.98401367025838
3163.0	84.0	20.703818959549043	-117.03767950990802	-102.76539079929938
3164.0	84.0	20.728515170936998	-117.48701749720196	-102.53805041726676
3165.0	84.0	20.753288555551084	-118.3214828533412	-102.30410155637293
3166.0	84.0	20.778085542075566	-119.44513508582452	-102.08088601768142
3167.0	84.0	20.802872085793695	-120.71515809197331	-101.88680587431934
3168.0	84.0	20.827650675558264	-121.92878509121815	-101.72087754045802
3169.0	84.0	20.852413331363895	-122.72614167032285	-101.56730811320361
3170.0	84.0	20.87710939330575	-122.22898433909153	-101.39921748545844
3171.0	84.0	20.901697869674148	-120.84248388199467	-101.21027427901295
3172.0	84.0	20.926130572134234	-119.49239078349875	-101.01950386841733
3173.0	84.0	20.950392848873225	-118.81492713008016	-100.85865733676434
3174.0	84.0	20.974496220201015	-118.2664622177194	-100.72940382794869
3175.0	84.5	20.86682093366266	-117.76827054099202	-100.6213252607692
3176.0	84.5	20.895547347616297	-117.21793491129718	-100.51673346979253
3177.0	84.5	20.92406501550592	-116.32270354467803	-100.39460168058476
3178.0	84.5	20.95233605317968	-115.16881173311545	-100.25650816676858
3179.0	84.5	20.980347434021144	-113.86978035260881	-100.11955164727868
3180.0	84.5	21.00808627278391	-112.44775055003386	-99.99686924139833
3181.0	84.5	21.035595343743452	-111.00771573132913	-99.89529611469663
3182.0	84.5	21.06287882017013	-109.46984567804547	-99.8136827248919
3183.0	84.5	21.089963400397053	-106.80359137774883	-99.73256405903278
3184.0	84.5	21.116839107919013	-102.98295986165029	-99.63047226259611
3185.0	84.5	21.143460845773728	-98.46860010874877	-99.49951478163396
3186.0	84.5	21.16647040739464	-158.9697149786161	-98.78495317656426
3187.0	84.5	21.188926265853237	-117.47916786230296	-98.71080931115658
3188.0	85.0	20.748368119973396	-119.06775958121783	-98.69298540014455
3189.0	85.0	20.773976233312396	-120.0792438937975	-98.6940866739919
3190.0	85.0	20.799752652081917	-120.62108800644151	-98.67744158369314
3191.0	85.0	20.82560871013131	-121.6226820852366	-98.65039311679875
3192.0	85.0	20.851471013942906	-122.92374936875525	-98.63626388676782
3193.0	85.0	20.877340401576514	-124.31297380624855	-98.64935420241007
3194.0	85.0	20.903203052646344	-125.55968798714561	-98.68338240179835
3195.0	85.0	20.929039646003933	-126.08393286100612	-98.71350042311971
3196.0	85.0	20.954812422116323	-125.2090182904043	-98.71352984741277
3197.0	85.0	20.980429284531883	-123.64155770479152	-98.6864484873615
3198.0	85.0	21.005877029426923	-122.52278937027177	-98.6589948813682
3199.0	85.0	21.031166568487777	-121.98508027157227	-98.65606058273129
3200.0	85.5	20.722978898307048	-121.37243281975847	-98.6692500455631
3201.0	85.5	20.751579594000816	-120.83761758929536	-98.68212408227907
3202.0	85.5	20.77997757844488	-120.13234675646774	-98.67310874639158
3203.0	85.5	20.808143773679312	-119.10846086009623	-98.63275376715171
3204.0	85.5	20.836048695133897	-117.90429246710144	-98.57391090124389
3205.0	85.5	20.863675910035973	-116.58558838202744	-98.51498473249424
3206.0	85.5	20.89105864952644	-115.10309525406906	-98.46567715511833
3207.0	85.5	20.91821689523511	-113.73077294650241	-98.43182600560438
3208.0	85.5	20.94517065644798	-111.43656341695082	-98.4003139467844
3209.0	85.5	20.971918251038556	-107.738021465425	-98.3474958601888
3210.0	85.5	20.998415923100996	-103.15995101727115	-98.26237307312797
3211.0	85.5	21.02146692364928	-155.09147717425645	-98.38670356400753
3212.0	85.5	21.04351509138573	-120.3725792689008	-98.37007400035053
3213.0	86.0	20.907127087820648	-122.08332997822079	-98.38155151572349
3214.0	86.0	20.934953759395608	-123.12779376656125	-98.3978434271239
3215.0	86.0	20.962972310086222	-123.66000865209153	-98.38263378902921
3216.0	86.0	20.991051001072243	-124.71280046222869	-98.34574448302763
3217.0	86.0	21.019134229456363	-126.08627287838236	-98.3094426421209
3218.0	86.0	21.047213364670647	-127.54412858891888	-98.28967847100182
3219.0	86.0	21.07526600112071	-128.82235671234713	-98.27857796748846
3220.0	86.0	21.103271706409192	-129.23156733735985	-98.25088814085075
3221.0	86.0	21.13118065991581	-128.16933623091066	-98.1800597455242
3222.0	86.0	21.1589119144853	-126.48297008898426	-98.07525387184197
3223.0	86.0	21.186442564563233	-125.41269530525796	-97.96835432152167
3224.0	86.0	21.21378120179399	-124.88069842776484	-97.88302319572861
3225.0	86.5	20.932208613390856	-124.21645305796655	-97.80582332484846
3226.0	86.5	20.963354994873136	-123.64188038480052	-97.72012999131768
3227.0	86.5	20.9942735789313	-122.79498441576929	-97.6000370005327
3228.0	86.5	21.02490474849855	-121.643314305575	-97.4426291630221
3229.0	86.5	21.055231629647526	-120.32512219304418	-97.26599774701033
3230.0	86.5	21.085270502565333	-118.84241264031152	-97.08736293951976
3231.0	86.5	21.115019558999023	-117.24347437559351	-96.91617889104367
3232.0	86.5	21.14452637681784	-115.58807454291164	-96.75074175058505
3233.0	86.5	21.173795188685737	-112.62962779841558	-96.56897853489802
3234.0	86.5	21.202820644158653	-108.27965896237879	-96.34645273190253
3235.0	86.5	21.231568588632467	-103.18086596881433	-96.07651260241607
3236.0	86.5	21.25618120377184	-160.74268819540612	-95.20020548125265
3237.0	86.5	21.2806378883497	-123.91361187447757	-94.97559074240982
3238.0	87.0	20.807476465624948	-125.59599395260648	-94.80198995354775
3239.0	87.0	20.835030879545766	-126.53347644140933	-94.62223633165718
3240.0	87.0	20.862710326883743	-127.28408949029061	-94.40714666067178
3241.0	87.0	20.890443191214718	-128.64093014620119	-94.18136526237672
3242.0	87.0	20.91818187342415	-130.22890114883424	-93.97102615079666
3243.0	87.0	20.94589822701724	-131.72338438186878	-93.78056680107537
3244.0	87.0	20.973607756795797	-132.8146660076496	-93.59171213293837
3245.0	87.0	21.001231603346916	-132.39875355060715	-93.36976718696364
3246.0	87.0	21.02871793396772	-130.8027808396522	-93.10590872405275
3247.0	87.0	21.056010889939692	-129.28230596005076	-92.82541519866523
3248.0	87.0	21.083098408975868	-128.6714328188818	-92.56466348957642
3249.0	87.5	20.77160018509557	-128.0949640286804	-92.32216372518762
3250.0	87.5	20.802301563266116	-127.41559670035568	-92.0744320995804
3251.0	87.5	20.832781806853475	-126.6911109540586	-91.80177788446811
3252.0	87.5	20.86297527112275	-125.62817604893247	-91.49169842326609
3253.0	87.5	20.892869769174638	-124.38942783271604	-91.16234363851433
3254.0	87.5	20.922454421354594	-123.00344811079623	-90.83606918030507
3255.0	87.5	20.95175218047361	-121.39588566570919	-90.52387440704976
3256.0	87.5	20.98079005908862	-119.80217513126802	-90.23005081447309
3257.0	87.5	21.009594897797268	-116.90013880495398	-89.93522408089704
3258.0	87.5	21.038135564883053	-112.39826912308645	-89.61431232191526
3259.0	87.5	21.066390168056973	-106.98940958379937	-89.25768862869211
3260.0	87.5	21.09015645080829	-162.54248048810155	-89.16457096158278
3261.0	87.5	21.113885923471205	-127.28827632945145	-88.91756583042276
3262.0	88.0	20.971313768023908	-129.10560518188493	-88.70942439251166
3263.0	88.0	21.001090677218542	-129.95678422667487	-88.49130626191317
3264.0	88.0	21.031004856745437	-130.86950798226974	-88.24296644313935
3265.0	88.0	21.0609495817824	-132.39189075627297	-87.99540475256364
3266.0	88.0	21.090884304678234	-134.10195181419448	-87.77493546716047
3267.0	88.0	21.120794351942806	-135.5906802646753	-87.57897855207167
3268.0	88.0	21.150661019661307	-136.3656480682201	-87.38340634123506
3269.0	88.0	21.180404293698	-135.4222200850852	-87.15451445025396
3270.0	88.0	21.209966898731988	-133.5737542720911	-86.89870512684266
3271.0	88.0	21.239284259946732	-132.28414044910883	-86.64973977103573
3272.0	88.0	21.268387043143793	-131.79385652201478	-86.43947010676817
3273.0	88.5	20.983556316169622	-131.0602104812052	-86.25129271689964
3274.0	88.5	21.016792399148034	-130.36601730892588	-86.06161400515046
3275.0	88.5	21.049745778607647	-129.4091096348211	-85.84587617777777
3276.0	88.5	21.082374424209547	-128.1626217231216	-85.60791342284443
3277.0	88.5	21.114644307649737	-126.77205359877958	-85.37186560934153
3278.0	88.5	21.14657968261909	-125.1173224430326	-85.15595751817536
3279.0	88.5	21.17821049635421	-123.3734573227928	-84.96478691432601
3280.0	88.5	21.209556669729135	-121.06659629018407	-84.7902887023931
3281.0	88.5	21.240632463711137	-116.92819079496601	-84.59899663345202
3282.0	88.5	21.27140677460195	-111.56767147596511	-84.37226093000967
3283.0	88.5	21.30003001132764	-152.00450391971302	-83.44871663715672
3284.0	88.5	21.326064278575664	-129.44257042954425	-83.28538790398731
3285.0	89.0	20.85485397996453	-131.61581000854693	-83.1873451938036
3286.0	89.0	20.884142665124212	-133.06604262868345	-83.11727908006631
3287.0	89.0	20.913621882747723	-133.88187541307332	-83.02313437762052
3288.0	89.0	20.943150003365773	-135.40484796093514	-82.92596866884902
3289.0	89.0	20.972663191840223	-137.2930180408051	-82.86248585607356
3290.0	89.0	21.002166537622536	-139.01451815012055	-82.84061457130835
3291.0	89.0	21.031634472037336	-140.18377987178278	-82.83446899689078
3292.0	89.0	21.060994768085337	-139.6266125212953	-82.80634568990799
3293.0	89.0	21.09017780048749	-137.78954125271284	-82.74988929001039
3294.0	89.0	21.119125418228347	-136.2434536247495	-82.69988433110717
3295.0	89.0	21.147844810640787	-135.75434299733806	-82.69253671088832
3296.0	89.5	20.835657632809237	-135.06475084069672	-82.71359876237615
3297.0	89.5	20.86831323926558	-134.29773738034092	-82.73455873326027
3298.0	89.5	20.900674696745025	-133.3771461995581	-82.73274611568294
3299.0	89.5	20.932692044907547	-132.18614701572312	-82.71198578935356
3300.0	89.5	20.96434448290515	-130.87684389813822	-82.69921087468774
3301.0	89.5	20.99565588207277	-129.2646078299773	-82.71465663150585
3302.0	89.5	21.02665621791082	-127.4877297455027	-82.76241545904092
3303.0	89.5	21.05736799130308	-124.9271603472317	-82.83228744565677
3304.0	89.5	21.087791879506646	-120.29509381233902	-82.89129274803221
3305.0	89.5	21.11788360179233	-114.39284965111544	-82.92236227519838
3306.0	89.5	21.144296968413805	-158.1500066766971	-83.19823596407294
3307.0	89.5	21.169608632024516	-133.8481708856359	-83.35811470268075
3308.0	90.0	21.019234520076655	-136.03890643024386	-83.5724773995925
3309.0	90.0	21.050960949531973	-137.09525679945102	-83.78486450508481
3310.0	90.0	21.082810734402045	-138.1807952043625	-83.96956194895775
3311.0	90.0	21.11465851411996	-140.071070036146	-84.1683355694775
3312.0	90.0	21.14648333758684	-142.0757481818659	-84.406893626646
3313.0	90.0	21.178261717747393	-143.62055805227897	-84.67420127317442
3314.0	90.0	21.209945407675658	-143.99327645390795	-84.93390014505925
3315.0	90.0	21.241458570597008	-142.48075843994286	-85.1588287401056
3316.0	90.0	21.272717960890375	-140.4653444840287	-85.36893478943895
3317.0	90.0	21.303707672396634	-139.58851608258436	-85.6109327788895
3318.0	90.5	20.928282805365715	-138.99698552331407	-85.89278575853756
3319.0	90.5	20.962890413706663	-138.07647697198522	-86.18104966704924
3320.0	90.5	20.997171309798922	-137.1976908555693	-86.44751783328292
3321.0	90.5	21.03109132987379	-135.99690743894698	-86.68327656984395
3322.0	90.5	21.064583820416438	-134.63722740381994	-86.91316494291196
3323.0	90.5	21.09769218551581	-132.9916143503066	-87.16158772706248
3324.0	90.5	21.130442611627597	-130.9769986258668	-87.43413061425173
3325.0	90.5	21.16286216894927	-128.5522582480513	-87.72210973367652
3326.0	90.5	21.194955343786223	-124.06992276717772	-87.98778357649043
3327.0	90.5	21.226700083426053	-117.89409639041713	-88.20456714162677
3328.0	90.5	21.256206560331446	-154.18530683967566	-87.66059981352609
3329.0	90.5	21.283090967529095	-136.87006368912986	-87.9341876427388
3330.0	91.0	20.902683713468488	-139.41288340325144	-88.27255967769474
3331.0	91.0	20.933796091624504	-140.91609339934632	-88.61456876516776
3332.0	91.0	20.965039215804623	-142.00951057400576	-88.91156721040755
3333.0	91.0	20.996290396822154	-144.08230052753706	-89.20853564783638
3334.0	91.0	21.027504571292287	-146.35122366357015	-89.53974384388087
3335.0	91.0	21.058680487875744	-148.02582714268948	-89.8912098685072
3336.0	91.0	21.089770279223266	-148.44336676796704	-90.22175292294764
3337.0	91.0	21.120666814567446	-146.83751571028682	-90.5019150011554
3338.0	91.0	21.15130378347984	-144.76994018796935	-90.75711941518473
3339.0	91.0	21.1816644367457	-144.01567549465125	-91.03378908132031
3340.0	91.5	20.86303489271558	-143.53504280334874	-91.33450540600604
3341.0	91.5	20.89768972812807	-142.5424329122719	-91.61696293110938
3342.0	91.5	20.931991917408038	-141.60619680844312	-91.8568854412098
3343.0	91.5	20.96588962274481	-140.42741384888313	-92.05778893248673
3344.0	91.5	20.99936834559078	-139.15012731089703	-92.25367605750074
3345.0	91.5	21.032457633536424	-137.44211235076236	-92.46336668918326
3346.0	91.5	21.065196458221834	-135.3314158945901	-92.6891299910147
3347.0	91.5	21.097614468079605	-132.0855845657749	-92.91436662592363
3348.0	91.5	21.129681736465496	-126.34346099362766	-93.10043252701031
3349.0	91.5	21.161349196638234	-149.85166318062298	-93.23283040965268
3350.0	91.5	21.188083327974912	-141.1907202943419	-93.64728691970471
3351.0	91.5	21.215193786849426	-143.27704074009122	-93.91347886759144
3352.0	92.0	21.08244321382797	-145.24576049340538	-94.20062003286003
3353.0	92.0	21.11644782785444	-146.2703865411058	-94.43686245764047
3354.0	92.0	21.150484603582154	-148.23529472533977	-94.65072212687765
3355.0	92.0	21.184480046213977	-150.76273380150596	-94.8902766406743
3356.0	92.0	21.218428217112063	-152.68306053754551	-95.15074547515414
3357.0	92.0	21.25229023523066	-153.4694658018691	-95.39308584301884
3358.0	92.0	21.285952187665952	-152.02664271312423	-95.58257383617796
3359.0	92.0	21.319327812515507	-149.82336780425914	-95.7416269539232
3360.0	92.0	21.352406645730923	-148.87337732971875	-95.91989616446999
3361.0	92.5	20.981312747572645	-148.3348582525766	-96.12718805194038
3362.0	92.5	21.018398269031064	-147.26061756269254	-96.31660676708812
3363.0	92.5	21.055091688771135	-146.2442809119181	-96.46269330060528
3364.0	92.5	21.091333304777	-145.02683205591438	-96.57085696542813
3365.0	92.5	21.127126647486055	-143.6748151379116	-96.6778138589613
3366.0	92.5	21.162498092329763	-141.76420705730737	-96.80460207355992
3367.0	92.5	21.197485510373742	-139.30767845419322	-96.94609024553328
3368.0	92.5	21.232122751977695	-135.40769263607953	-97.07878912579737
3369.0	92.5	21.266379870595404	-128.84035650456642	-97.15881455694311
3370.0	92.5	21.299743527041368	-153.73875713964432	-96.37881785299726
3371.0	92.5	21.329006286836222	-146.026713350433	-96.4575429447702
3372.0	93.0	20.9505361756791	-148.98126134812213	-96.60081198098976
3373.0	93.0	20.984301361380975	-151.13603187132725	-96.75326900683356
3374.0	93.0	21.018208870107912	-152.5209783217524	-96.84817076789264
3375.0	93.0	21.052118539627585	-155.24515457402993	-96.94401924712768
3376.0	93.0	21.08600756993155	-158.12778288361963	-97.08152078777921
3377.0	93.0	21.119839829360547	-159.78730870386576	-97.22672817715622
3378.0	93.0	21.15354213292409	-159.57504650924338	-97.3320043416651
3379.0	93.0	21.186998898339336	-157.4512622035424	-97.39208449368982
3380.0	93.0	21.220155995451474	-155.75257377956396	-97.45297824765167
3381.0	93.0	21.253041968194054	-155.49541017610977	-97.55430591310093
3382.0	93.5	20.943982497300695	-154.54687636205665	-97.65581810113737
3383.0	93.5	20.98162252468812	-153.5196584902494	-97.71807349171505
3384.0	93.5	21.01880581289326	-152.51595446746492	-97.7440341123085
3385.0	93.5	21.05554077566589	-151.47231574248423	-97.77501919270588
3386.0	93.5	21.09185818678198	-149.87570381588827	-97.8395095865892
3387.0	93.5	21.12780700412756	-147.30305763455226	-97.93306351846289
3388.0	93.5	21.16342193849327	-143.17478704069822	-98.03510948159173
3389.0	93.5	21.19866230786278	-135.8986432536524	-98.10193241481919
3390.0	93.5	21.232031095355765	-161.66708753167194	-98.31167406786882
3391.0	93.5	21.262213720157796	-154.62687463954174	-98.47384079359473
3392.0	94.0	20.973478801953554	-157.83371141742003	-98.70872530753029
3393.0	94.0	21.009517482232578	-159.72106489524452	-98.93490449133802
3394.0	94.0	21.045646480998695	-161.88517264405957	-99.13444131878595
3395.0	94.0	21.081778461894018	-165.5454050462225	-99.38826969723289
3396.0	94.0	21.11790016007299	-168.27232759862468	-99.6982224787211
3397.0	94.0	21.15394580304494	-169.14334078735183	-100.0106705474648
3398.0	94.0	21.189801940908044	-167.50124309733383	-100.29756720805231
3399.0	94.0	21.225351848495656	-165.4839449228847	-100.60008374961973
3400.0	94.0	21.26063669713033	-165.10136628990125	-100.97128655455307
3401.0	94.5	21.12249663286183	-164.63270770796578	-101.38583517792017
3402.0	94.5	21.16510267787561	-163.50822761167188	-101.78119532921161
3403.0	94.5	21.207243481578864	-162.64236812210157	-102.16351829642267
3404.0	94.5	21.2488767361102	-161.76585377789374	-102.58371238581947
3405.0	94.5	21.29008847376691	-160.14003091395688	-103.07594121706549
3406.0	94.5	21.330930093058267	-157.02209948194044	-103.62816030164875
3407.0	94.5	21.371427303676306	-151.59632132965285	-104.20720003372877
3408.0	94.5	21.41151245328819	-142.49517726359412	-104.76162857732618
3409.0	94.5	21.448995955660745	-175.01920057028218	-104.68944616796169
3410.0	94.5	21.484465530930205	-167.98387331505285	-105.33380025060836
3411.0	95.0	21.074384242598807	-171.80643208717726	-106.06466546397859
3412.0	95.0	21.114443104335223	-174.35527211879247	-106.75302133057384
3413.0	95.0	21.154581374564152	-178.6563501329974	-107.46103629903851
3414.0	95.0	21.194777521577485	-183.25101515876287	-108.25284801493753
3415.0	95.0	21.234965803741567	-184.7584464005831	-109.04335557350085
3416.0	95.0	21.27498906226301	-183.55830018608825	-109.78735399822752
3417.0	95.0	21.314731950386104	-181.63589921314855	-110.53135696688004
3418.0	95.5	21.018042282594944	-181.4401312740203	-111.3374035271276
3419.0	95.5	21.063855451180018	-180.97522359233872	-112.14904355736472
3420.0	95.5	21.109240412197604	-180.01182653444047	-112.89183827645877
3421.0	95.5	21.15410262464762	-179.89939491929033	-113.61180997360651
3422.0	95.5	21.19848526904062	-179.5550450660101	-114.37450178541863
3423.0	95.5	21.242483178052552	-177.172626928264	-115.18181214082561
3424.0	95.5	21.28615262267742	-171.68402501956436	-115.9831092154462
3425.0	95.5	21.32938654305496	-161.30028977474086	-116.70880814868954
3426.0	95.5	21.369248422089136	-187.77685996912422	-117.53205969263223
3427.0	96.0	21.075015710511	-189.03538366585414	-118.35837407774272
3428.0	96.0	21.119847526841042	-193.50244027252376	-119.19675276153995
3429.0	96.0	21.16490521867735	-197.90716847958447	-119.94797893371612
3430.0	96.0	21.21005712083532	-205.05915753601903	-120.76115064479438
3431.0	96.0	21.25528178607481	-208.96189935842742	-121.59008672237958
3432.0	96.0	21.300363801794866	-208.4197560015338	-122.3360319403516
3433.0	96.0	21.345158482595487	-206.85690881242377	-123.06819488998909
3434.0	96.5	21.209211976997846	-207.6739722370202	-123.87032652269285
3435.0	96.5	21.263300337317197	-207.32336754117637	-124.62956075903722
3436.0	96.5	21.316829671347715	-207.19798272972565	-125.28145413975021
3437.0	96.5	21.369755317219308	-208.57180141968428	-125.9776010442845
3438.0	96.5	21.422256452017123	-207.72209954551545	-126.79525084344559
3439.0	96.5	21.474407266695575	-201.30772681569502	-127.66636186822211
3440.0	96.5	21.526086634311202	-187.70761024313006	-128.50161721679967
3441.0	96.5	21.57468299283513	-218.53143941374012	-130.55685394021384
3442.0	97.0	21.19782507282836	-226.5370486963247	-131.8693863022363
3443.0	97.0	21.251048045107733	-234.63417049653324	-133.1332655909646
3444.0	97.0	21.304535406688416	-246.02585531140625	-134.43491458750583
3445.0	97.0	21.358262602439417	-255.11774462201637	-135.8610158284205
3446.0	97.0	21.411876517013393	-255.08209288251118	-137.17118874640022
3447.0	97.0	21.465269437680377	-255.8904345988562	-138.6541709255768
3448.0	97.5	21.19805688173778	-258.2292926137463	-140.3118672157625
3449.0	97.5	21.259547003447572	-260.1459737956138	-141.8711892289743
3450.0	97.5	21.320421440161596	-266.6217638081281	-143.7523307153803
3451.0	97.5	21.381057489616975	-266.1830453993238	-146.0117232968871
3452.0	97.5	21.44136136969035	-249.66935160995732	-148.25048901428164
3453.0	97.5	21.497873771973037	-266.40751467869717	-150.7369940235979
3454.0	98.0	21.37021454677015	-304.95086389546594	-153.92234604749422
3455.0	98.0	21.43952967066897	-330.5997451798741	-157.34303324775476
3456.0	98.0	21.509718963749712	-352.7829262424906	-161.2436301818542
3457.0	98.0	21.580298233234004	-358.23890061513896	-165.51180366592058
3458.0	98.5	21.35451682418519	-368.0486364353444	-170.63900451107267
3459.0	98.5	21.43752858713533	-392.1643748053906	-176.23040766324704
3460.0	98.5	21.521736115554376	-427.86651427133074	-184.36515345682918
3461.0	98.5	21.606540054311402	-327.47376616361566	-196.13080199425752
3462.0	99.0	21.275427624392744	-497.37751847111736	-216.02129374200297
3463.0	99.5	21.04926747600436	-643.9300778250217	-252.23273611458455
3464.0	99.5	21.201104108781855	65.27831171370471	-398.7725020229693
3465.0	100.0	21.134598051929757	339.4382979240366	-525.7662936749667
3466.0	100.0	21.203127168504963	101.00170510993091	-531.9782712385833
3467.0	100.0	21.253959217775762	73.68649855616803	-535.5335212376489
3468.0	100.0	21.30993467128706	71.30031096656913	-537.8987671997219
3469.0	100.0	21.35375481149597	68.81680741419089	-539.4962987091121
3470.0	100.0	21.395398265452652	66.15898626457313	-540.7158125596528
3471.0	100.0	21.43520646275151	63.461556789567965	-541.8251038540426
3472.0	100.0	21.47343469214663	60.81572577279393	-542.9823885541366
3473.0	100.0	21.510273534995452	58.27361303671211	-544.267302722857
3474.0	100.0	21.545878266632283	55.862242714899104	-545.7082018659831
3475.0	100.0	21.57785460816871	102.4786334406271	-542.7800499469371
3476.0	100.0	21.60284425809426	-23.09091844028458	-544.2562329481096
3477.0	100.0	21.6272923181743	-9.586251217315581	-545.8632608427149
3478.0	100.0	21.651259081612885	-5.945608181993977	-547.5402668997359
3479.0	100.0	21.67474737001366	-4.352988524995085	-549.2463732953008
3480.0	100.0	21.697768733254595	-3.402051507644866	-550.95465823558
3481.0	100.0	21.72033755726864	-2.748882930783535	-552.6414626259022
3482.0	100.0	21.7424627411543	-2.2695857465934712	-554.2868102267461
3483.0	100.0	21.76977715705337	-1.9348577261226123	-555.8744306050919
3484.0	100.0	21.79164042845631	-1.645791312133636	-557.3920016674133
3485.0	100.0	21.813088883221027	-1.4123248151311225	-558.8299297009303
3486.0	100.0	21.834139896349917	-1.2199003403298871	-560.1826273427341
3487.0	100.0	21.854807841337987	-1.0589869943333223	-561.4467973538225
3488.0	100.0	21.875107674860732	-0.9225030498072686	-562.6217572913818
3489.0	100.0	21.89505360539136	-0.8059242295261697	-563.7086376507527
3490.0	100.0	21.914657072799614	-0.7053022141574901	-564.7099451368532
3491.0	100.0	21.933934890913847	-0.6181498743042015	-565.6293258080793
3492.0	100.0	21.95289519485686	-0.5422858623673094	-566.4713858755572
3493.0	100.0	21.971551389485697	-0.47593531366139524	-567.2408526114718
3494.0	100.0	21.98991341532802	-0.4177684844864767	-567.9431571569557
3495.0	100.0	22.00799192389928	-0.3666529263711134	-568.5832164941339
3496.0	100.0	22.025795303007214	-0.32166040040775523	-569.1663344300188
3497.0	100.0	22.043333397229706	-0.2819862154497269	-569.697445365819
3498.0	100.0	22.060615538155204	-0.24688389510452136	-570.1812048962721
3499.0	100.0	22.077646931306045	-0.21578694589834221	-570.6220147000215
3500.0	100.0	22.094438811355683	-0.18830319974050316	-571.0239716068832
3501.0	100.0	22.11099496677301	-0.16381408628824165	-571.3906210535463
3502.0	100.0	22.12732320449704	-0.14211041864910834	-571.7255632246279
3503.0	100.0	22.143433239627907	-0.12278187368232418	-572.0316758321107
3504.0	100.0	22.159327098949124	-0.10562128748913072	-572.3115715394719
3505.0	100.0	22.175012097765737	-0.09026666013865133	-572.5677262996036
3506.0	100.0	22.19049399468756	-0.07655690299865968	-572.8021966719613
3507.0	100.0	22.205777680228984	-0.06438783362791854	-573.0167852716727
3508.0	100.0	22.22086951631368	-0.053430662341682415	-573.212989730381
3509.0	100.0	22.235772309556605	-0.043579917500931216	-573.3924093891071
3510.0	100.0	22.250493032071716	-0.034853641223679906	-573.5562636012827
3511.0	100.0	22.265033023128932	-0.026998962545354818	-573.7057500664122
3512.0	100.0	22.27939849269682	-0.019932576963922612	-573.8416721355476
3513.0	100.0	22.293593775254557	-0.013581459706162435	-573.9651719207325
3514.0	100.0	22.307622962687542	-0.007845245337426983	-574.0770258427068
3515.0	100.0	22.32148693762029	-0.0027694818476647373	-574.1780071845071
3516.0	100.0	22.335191929601756	0.0019462128324329976	-574.2687054944464
3517.0	100.0	22.348741804874244	0.006068901184955591	-574.3496417863363
3518.0	100.0	22.362136790393325	0.009812134731871107	-574.4210423381628
3519.0	100.0	22.375384078574147	0.013237754654629548	-574.483258688497
3520.0	100.0	22.388482547816857	0.016324753747063367	-574.5363094963886
3521.0	100.0	22.401438125293552	0.019049855031129027	-574.5800686584367
3522.0	100.0	22.414251978775717	0.02157156365894377	-574.6145692390766
3523.0	100.0	22.426927804971175	0.023827984931194677	-574.6397144261744
3524.0	100.0	22.439467494862342	0.02588177385800648	-574.6552938153089
3525.0	100.0	22.451875564170482	0.027749762074135965	-574.6612825739331
3526.0	100.0	22.4641521512074	0.029402585813529006	-574.6578667600949
3527.0	100.0	22.47629969569398	0.030953394452025933	-574.6449026610535
3528.0	100.0	22.488320983955084	0.032273676229575755	-574.6229347555028
3529.0	100.0	22.50021885026149	0.03355659048482907	-574.5919426233546
3530.0	100.0	22.51199552543691	0.03461530385850888	-574.5524395590311
3531.0	100.0	22.52365073698019	0.03569695908769243	-574.5049213768617
3532.0	100.0	22.535190739090677	0.03654831071655488	-574.4496160357482
3533.0	100.0	22.54661306691988	0.03736340205236113	-574.3872551929159
3534.0	100.0	22.557922261079565	0.038113695019961556	-574.3181698626838
3535.0	100.0	22.569119184996516	0.03874102192351873	-574.2431736484996
3536.0	100.0	22.580206915450574	0.039373431613562174	-574.1625311435198
3537.0	100.0	22.59118523733882	0.0398499653450222	-574.077031466125
3538.0	100.0	22.602057208525547	0.04032731214603723	-573.9871215785048
3539.0	100.0	22.612826626130264	0.040733281608437935	-573.8932896688397
3540.0	100.0	22.623489579596015	0.041087694139802726	-573.7960435982706
3541.0	100.0	22.634051998909367	0.04138346244017373	-573.6958430273637
3542.0	100.0	22.644512864095425	0.04166158419186234	-573.5931212455511
3543.0	100.0	22.654876581723922	0.041889941621575534	-573.4882131679883
3544.0	100.0	22.665141132144434	0.04204272959498685	-573.3815040970544
3545.0	100.0	22.675312053879463	0.042250468077238285	-573.273210336422
3546.0	100.0	22.685386788067657	0.04229746954387043	-573.1637353408171
3547.0	100.0	22.695370554395105	0.04245084754076886	-573.0528799238398
3548.0	100.0	22.705260083951224	0.04247774131955544	-572.941279811665
3549.0	100.0	22.715061793622795	0.04252218093508947	-572.8283949996667
3550.0	100.0	22.72235145668411	0.031779446563163456	-572.7126484076675
3551.0	100.0	22.729593291006786	0.03177648883945913	-572.5963943994843
3552.0	100.0	22.736785906297943	0.03176166103755159	-572.4786394247857
3553.0	100.0	22.743930560545337	0.031741665779923614	-572.3595058523579
3554.0	100.0	22.751024750867092	0.03171576539319254	-572.2386891499493
3555.0	100.0	22.758074174024628	0.031707091635365135	-572.1162812838293
3556.0	100.0	22.76507607591434	0.03163100603414172	-571.9920802378973
3557.0	100.0	22.772029985028194	0.03160267595000135	-571.8661443894866
3558.0	100.0	22.77893806882466	0.03156015479870238	-571.7382588281152
3559.0	100.0	22.785798748939527	0.031504413984858454	-571.6084211101879
3560.0	100.0	22.79261765146418	0.03140237937408213	-571.4768062343189
3561.0	100.0	22.799389502519563	0.031359938759207985	-571.3432278758418
3562.0	100.0	22.80611708891581	0.03127936711732375	-571.2078702755979
3563.0	100.0	22.812799621780233	0.031180584054188318	-571.0708175473928
3564.0	100.0	22.819440231403416	0.031113046751592148	-570.9320774008002
3565.0	100.0	22.826036817720812	0.030994118131605655	-570.7917927716203
3566.0	100.0	22.832592294387553	0.03090922535622018	-570.6501316736624
3567.0	100.0	22.839103169880424	0.030812688830027316	-570.5071127312192
3568.0	100.0	22.84557292363755	0.030702626008842226	-570.3630546489771
3569.0	100.0	22.8520017523312	0.03056372635215128	-570.2179330077132
3570.0	100.0	22.858388338364534	0.030447332213439107	-570.0718969237122
3571.0	100.0	22.86473496555891	0.030376781729503564	-569.9249803328122
3572.0	100.0	22.871042362561017	0.030199849420371558	-569.777257943768
3573.0	100.0	22.87730718389102	0.03010601771448596	-569.6289402127741
3574.0	100.0	22.883533255740343	0.029921070768735698	-569.480085939514
3575.0	100.0	22.88972074322647	0.029868679817868	-569.3306214371239
3576.0	100.0	22.89586757448048	0.029698361579605294	-569.1806663852128
3577.0	100.0	22.901977650297905	0.029556063604877378	-569.0303860337851
3578.0	100.0	22.908049996141813	0.029406641766078788	-568.8795244289497
3579.0	100.0	22.914082314719543	0.029280904952069947	-568.728317453847
3580.0	100.0	22.920079265269877	0.029110594277498156	-568.5766220307323
3581.0	100.0	22.92603636443006	0.028938566630651814	-568.4244780422135
3582.0	100.0	22.93195848413646	0.028846204436308972	-568.2719303247909
3583.0	100.0	22.937843560879873	0.028662615612872692	-568.1190138388872
3584.0	100.0	22.943692294137517	0.028514818871750666	-567.9656116999784
3585.0	100.0	22.949505795153815	0.028332751757918207	-567.8118087961693
3586.0	100.0	22.955280996420356	0.028168961930575102	-567.6577702606235
3587.0	100.0	22.961024106222844	0.02806458249969205	-567.5033197694543
3588.0	100.0	22.96673064933062	0.027864216857743703	-567.3484315239059
3589.0	100.0	22.972402400903107	0.02769773278891512	-567.1934386635272
3590.0	100.0	22.97804075729938	0.027502635944640006	-567.0382388342064
3591.0	100.0	22.98364484928754	0.027378898262923355	-566.8828287770904
3592.0	100.0	22.989213889734057	0.027204498076970056	-566.7273484985179
3593.0	100.0	22.99474845207197	0.02703542433822043	-566.5719332798342
3594.0	100.0	23.00025226178314	0.02685058405163664	-566.416524611289
3595.0	100.0	23.00572114220845	0.026675124538762335	-566.261195488634
3596.0	100.0	23.01115817624008	0.026525402284064293	-566.1060093401
3597.0	100.0	23.016563260594857	0.026332251522130975	-565.951164575977
3598.0	100.0	23.02193561722918	0.026144625927600234	-565.7965316723651
3599.0	100.0	23.027276751717615	0.026000186900243173	-565.6423708366527
3600.0	100.0	23.03258545772433	0.02578718137263109	-565.4886193779356
3601.0	100.0	23.03786196887632	0.025655296590580516	-565.3352400297429
3602.0	100.0	23.043108995367078	0.0254573784902857	-565.1825203618038
3603.0	100.0	23.048322099864265	0.025273273018509727	-565.0302663444055
3604.0	100.0	23.053507105231112	0.025100024839757852	-564.8786951983608
3605.0	100.0	23.05866023745858	0.024917743417644807	-564.7277426844847
3606.0	100.0	23.06378546567728	0.02475118515932889	-564.5775193506774
3607.0	100.0	23.068878663900335	0.024585846680441965	-564.4280727161849
3608.0	100.0	23.07394269942426	0.024360499588536148	-564.2792130765558
3609.0	100.0	23.078977138050053	0.024193443315140218	-564.1311935271592
3610.0	100.0	23.083983304582063	0.02401546505003432	-563.9840509478911
3611.0	100.0	23.088959647210828	0.02386210653867504	-563.8376849162971
3612.0	100.0	23.09390729969086	0.023665474558891883	-563.6921910837278
3613.0	100.0	23.098825324472255	0.023481022555905583	-563.5474874634538
3614.0	100.0	23.10371674523484	0.023271723281176552	-563.4038829961133
3615.0	100.0	23.108578949739876	0.023124918694303675	-563.261132627179
3616.0	100.0	23.113413557768855	0.02295400646240267	-563.1192624983735
3617.0	100.0	23.118220116931962	0.02276228178899039	-562.9783509635087
3618.0	100.0	23.12299970169881	0.0225793812846292	-562.8386441789618
3619.0	100.0	23.127751659614106	0.022379984746757668	-562.6997408925563
3620.0	100.0	23.1324777372479	0.022199877420383592	-562.5619005560468
3621.0	100.0	23.137174505455132	0.022043841678099182	-562.425238323674
3622.0	100.0	23.141845619791173	0.021869823818703966	-562.2895967998742
3623.0	100.0	23.14649151842859	0.021690344681413603	-562.1550042774594
3624.0	100.0	23.151110410267037	0.021489766188986008	-562.0215938887308
3625.0	100.0	23.155702624636596	0.02132118821882399	-561.8892516034714
3626.0	100.0	23.160268639930155	0.02114619545866872	-561.7580937654453
3627.0	100.0	23.16480979370968	0.020940886614606264	-561.6280263092725
3628.0	100.0	23.169324640430144	0.02082134580476275	-561.4991648070603
3629.0	100.0	23.173814604715123	0.02058053886968419	-561.3715088211827
3630.0	100.0	23.17827918434422	0.02043834931159035	-561.2450189073814
3631.0	100.0	23.18271940752411	0.020274078037326518	-561.119772295658
3632.0	100.0	23.187134578021446	0.020070974863379387	-560.9957272110854
3633.0	100.0	23.19152419605862	0.019918902431073915	-560.8730108881343
3634.0	100.0	23.195890353151647	0.019737456578664332	-560.7513804831215
3635.0	100.0	23.2002336327274	0.019546007912118885	-560.631074173215
3636.0	100.0	23.20454982800048	0.019406018602344897	-560.511975101254
3637.0	100.0	23.208843470907812	0.019183670101158234	-560.3942070252826
3638.0	100.0	23.21311372958717	0.019044716613401725	-560.2777256926971
3639.0	100.0	23.217359788350645	0.018868556633180576	-560.1624184155501
3640.0	100.0	23.22158312607875	0.018699199278065525	-560.0484653848491
3641.0	100.0	23.225781727302035	0.01853320950457364	-559.9358327473301
3642.0	100.0	23.22995850798432	0.01835666062022628	-559.8243932548542
3643.0	100.0	23.2341123758822	0.018186973999110435	-559.714299915881
3644.0	100.0	23.238243636465796	0.01803255575564623	-559.6055618291855
3645.0	100.0	23.24235162152729	0.017835178554971663	-559.497973835891
3646.0	100.0	23.246437305291188	0.017697837442790652	-559.3917060583159
3647.0	100.0	23.25050009674428	0.017522988052753687	-559.2867110806335
3648.0	100.0	23.25454265756808	0.01732503559275499	-559.1830281384086
3649.0	100.0	23.25856119671398	0.017211336157499514	-559.080665330714
3650.0	100.0	23.262558607171922	0.017026907066266656	-558.9795348296036
3651.0	100.0	23.266533664683532	0.016875910037668494	-558.8796212702783
3652.0	100.0	23.27048856096232	0.016702461747193035	-558.7811100371413
3653.0	100.0	23.27442069239569	0.016508360392918496	-558.6836634222082
3654.0	100.0	23.278331781106875	0.016443145950139345	-558.5876444177699
3655.0	100.0	23.28222296746138	0.01621367579989155	-558.4927767951365
3656.0	100.0	23.286092473600238	0.016031392738775206	-558.399274661626
3657.0	100.0	23.289939983427875	0.01590707451628865	-558.3069157629185
3658.0	100.0	23.293768056608762	0.01573837571283062	-558.2157319025644
3659.0	100.0	23.29757618335008	0.015595415136545908	-558.1259263657267
3660.0	100.0	23.301360952730363	0.015477152474672596	-558.0371662491357
3661.0	100.0	23.305128431218964	0.015241442290212263	-557.9497249370362
3662.0	100.0	23.308873015238472	0.015144879586602834	-557.86340346008
3663.0	100.0	23.312599755266103	0.014964630753256151	-557.7782825368955
3664.0	100.0	23.316306946032277	0.014862331538222666	-557.6943179048151
3665.0	100.0	23.319993068059276	0.014662664316555525	-557.6114944448848
3666.0	100.0	23.323660557648033	0.014503182059810427	-557.5298597635962
3667.0	100.0	23.32730723177838	0.014384367531163077	-557.4493455634397
3668.0	100.0	23.330934596633725	0.014213133881618873	-557.3700457069076
3669.0	100.0	23.334543347884452	0.014108435672341213	-557.2917118526351
3670.0	100.0	23.338132760610904	0.013943564980715663	-557.2145658719417
3671.0	100.0	23.341704065867148	0.013772086251447149	-557.1384590059708
3672.0	100.0	23.345254411506943	0.013636921767921768	-557.0634486144982
3673.0	100.0	23.348787747844916	0.013510091483728639	-556.9895719399995
3674.0	100.0	23.35230187790835	0.01332549235267239	-556.9166852452487
3675.0	100.0	23.35579800609418	0.013254025154545634	-556.8448192663561
3676.0	100.0	23.359273850917557	0.013082499962675959	-556.7740760174424
3677.0	100.0	23.362732451042568	0.012933432847815987	-556.7043703575445
3678.0	100.0	23.366175006511366	0.012771858399522551	-556.635615541228
3679.0	100.0	23.369595739867147	0.012657370574730367	-556.567731110407
3680.0	100.0	23.373001487799588	0.012531003042754861	-556.5010202213517
3681.0	100.0	23.376387983275027	0.012375306723960788	-556.4352143260054
3682.0	100.0	23.379755139429324	0.012269962190846546	-556.3703259057825
3683.0	100.0	23.38310865413954	0.01210111956196795	-556.306514245044
3684.0	100.0	23.386441961027966	0.011995329092695007	-556.2435548438252
3685.0	100.0	23.389757569475762	0.011841464570656983	-556.1814435897522
3686.0	100.0	23.393056735688642	0.01175383057507191	-556.120364800898
3687.0	100.0	23.396338568599198	0.011583698347422894	-556.0601145610832
3688.0	100.0	23.399604061643554	0.011446480232128027	-556.000762078805
3689.0	100.0	23.402851719222614	0.011336704343318646	-555.9422651597122
3690.0	100.0	23.406081590302286	0.011213534002270207	-555.8846136330525
3691.0	100.0	23.409296777934735	0.011077784332705991	-555.8278941320876
3692.0	100.0	23.412493443335507	0.010932099162069648	-555.7719175870519
3693.0	100.0	23.415674747850986	0.010851233309312673	-555.7167510531888
3694.0	100.0	23.41883828087139	0.010694973783482902	-555.6623610880001
3695.0	100.0	23.421987163582415	0.010592372637700104	-555.6088176481838
3696.0	100.0	23.425118021474365	0.010446755762917434	-555.5560987307929
3697.0	100.0	23.428232767965724	0.010344032799849249	-555.5040365265684
3698.0	100.0	23.431333089753785	0.010234232258224295	-555.4526796343182
3699.0	100.0	23.43441546370785	0.010092378257777871	-555.4020691111077
3700.0	100.0	23.437483053652322	0.009969271331362327	-555.3523130633711
3701.0	100.0	23.440534096979306	0.009876587904136536	-555.3030851561668
3702.0	100.0	23.443570858170716	0.009743120853106083	-555.2545963356793
3703.0	100.0	23.4465909125428	0.009652362633888838	-555.2067624644391
3704.0	100.0	23.449595042335122	0.00951965247074698	-555.159652654778
3705.0	100.0	23.452585245032424	0.009375047401734726	-555.1130971875027
3706.0	100.0	23.455558381972843	0.00931495679150089	-555.0671091204963
3707.0	100.0	23.458517948388778	0.009188410335669321	-555.0218191043423
3708.0	100.0	23.461461070114975	0.009033105120405196	-554.9770595058299
3709.0	100.0	23.464390542571646	0.00899120033181816	-554.9329168105617
3710.0	100.0	23.46730383010647	0.008838522694353316	-554.8893357966224
3711.0	100.0	23.470201103514032	0.008724902792715594	-554.8462819430207
3712.0	100.0	23.47308603040439	0.008644868295951347	-554.8036863217039
3713.0	100.0	23.475955017420063	0.00853687859782018	-554.7617946860779
3714.0	100.0	23.478808890402185	0.008421755030521224	-554.7202758018085
3715.0	100.0	23.481649350658472	0.008330459510884092	-554.6793455122103
3716.0	100.0	23.484475109404663	0.008192637552839329	-554.6389471424482
3717.0	100.0	23.487284520405865	0.0081027038440177	-554.5989357410105
3718.0	100.0	23.490082614795497	0.008044726254101997	-554.5594170871665
3719.0	100.0	23.49286364047747	0.007878803936487754	-554.5204393438678
3720.0	100.0	23.49563228050288	0.0078066648935040655	-554.4818614447199
3721.0	100.0	23.498385877650232	0.007724950513127725	-554.443747731533
3722.0	100.0	23.501127470425963	0.007599746565684106	-554.406095193008
3723.0	100.0	23.503853862351846	0.007521556447869289	-554.368867245085
3724.0	100.0	23.506564782035166	0.007432466345338328	-554.3321791944951
3725.0	100.0	23.50926421561995	0.007289612970408841	-554.2958167504765
3726.0	100.0	23.51194988957189	0.007261281775634166	-554.2599037733359
3727.0	100.0	23.51462106938465	0.007113011157661137	-554.22436315609
3728.0	100.0	23.517280338936185	0.007023423878074806	-554.1893646191178
3729.0	100.0	23.519923203402115	0.006975982229915455	-554.1546377388295
3730.0	100.0	23.52255473597344	0.006830204786195549	-554.120420064124
3731.0	100.0	23.525173633662487	0.00679639275100192	-554.0865663313691
3732.0	100.0	23.527777819081333	0.006664958666884836	-554.0530941051971
3733.0	100.0	23.530370017784385	0.006573509004090032	-554.0199525250525
3734.0	100.0	23.532947654538912	0.0065001908989712415	-553.9873797385729
3735.0	100.0	23.535513082019342	0.006418130622342578	-553.9550429166603
3736.0	100.0	23.538065792556836	0.006310388741337385	-553.9231280463424
3737.0	100.0	23.540605626244904	0.0062377618164877035	-553.8915703845954
3738.0	100.0	23.543132402431148	0.006124466572194018	-553.8604641421479
3739.0	100.0	23.545646636485102	0.006088013155626873	-553.8296422264931
3740.0	100.0	23.548149153851607	0.005982076905309449	-553.7992560235709
3741.0	100.0	23.550639101072548	0.0058572289823177	-553.7691138862996
3742.0	100.0	23.55311484321773	0.005814685485333967	-553.7393964819407
3743.0	100.0	23.55557919177186	0.005747005727169847	-553.7100625693861
3744.0	100.0	23.558031798971882	0.0056663445482799555	-553.681055464743
3745.0	100.0	23.560471642394464	0.0055636274866968346	-553.6523577527533
3746.0	100.0	23.562899242903175	0.005486686342306809	-553.6241234059365
3747.0	100.0	23.5653159067386	0.005415280820874696	-553.5960961138729
3748.0	100.0	23.567718960587086	0.005338192340763403	-553.5684058383249
3749.0	100.0	23.570110959709663	0.005249976380914637	-553.5411086362687
3750.0	100.0	23.57249024619441	0.005180943398712621	-553.5140826818243
3751.0	100.0	23.574857275560476	0.005120966104940894	-553.4874677097879
3752.0	100.0	23.5772117801542	0.005063172521881475	-553.4610399638556
3753.0	100.0	23.57955546828957	0.004935375408800133	-553.4350069151088
3754.0	100.0	23.581886750701717	0.004891840976449443	-553.4092738658076
3755.0	100.0	23.58420526176	0.0048223568919727264	-553.383772659198
3756.0	100.0	23.586513535437145	0.004725576840240742	-553.3586027050259
3757.0	100.0	23.58881024867205	0.004665889831902149	-553.3337415477256
3758.0	100.0	23.591096765478742	0.004618068950855173	-553.3091155695927
3759.0	100.0	23.593372658532843	0.004530705843244692	-553.2848774992968
3760.0	100.0	23.595635797533117	0.004478149858444803	-553.2609578217174
3761.0	100.0	23.597888977147342	0.004398702745347336	-553.2372669180724
3762.0	100.0	23.60013195596511	0.0043224369146568735	-553.2137586394865
3763.0	100.0	23.602361035598584	0.004267829639637914	-553.1905184176786
3764.0	100.0	23.60458153978186	0.004220948888677964	-553.1676274505154
3765.0	100.0	23.606791969639637	0.004117883708320019	-553.1451013845027
3766.0	100.0	23.60898891450711	0.004069479064764374	-553.122664779822
3767.0	100.0	23.611177490704662	0.003987622410159782	-553.100554600455
3768.0	100.0	23.613356504438574	0.00396388687643828	-553.0787080309814
3769.0	100.0	23.615521660379745	0.0038462308390222735	-553.057091475366
3770.0	100.0	23.617677313614934	0.0038089279291225356	-553.0357679161442
3771.0	100.0	23.619820490772906	0.0037391617126678856	-553.0146348036058
3772.0	100.0	23.62195580268578	0.003681196470620556	-552.9936656683032
3773.0	100.0	23.624078008236317	0.00363105891932218	-552.9730965756037
3774.0	100.0	23.62619056157501	0.003557658056408431	-552.9526292005364
3775.0	100.0	23.628293423828037	0.003498344707461632	-552.9324888485486
3776.0	100.0	23.630386985709237	0.0034670664840575362	-552.9125233786843
3777.0	100.0	23.632472189937403	0.0033624285847707364	-552.8928624408111
3778.0	100.0	23.634547393625542	0.0033200471599849485	-552.8733288576183
3779.0	100.0	23.636613870044116	0.0032700647235536368	-552.8540185179027
3780.0	100.0	23.638670565067844	0.0031813360652688675	-552.8349843425912
3781.0	100.0	23.640718179176204	0.0031896687216558628	-552.8162021981703
3782.0	100.0	23.642754848965694	0.003051135577784327	-552.7975239564195
3783.0	100.0	23.644783793383315	0.003069735276019912	-552.7791831060814
3784.0	100.0	23.646807080358894	0.0029789305803620504	-552.7609034595125
3785.0	100.0	23.648823203083495	0.0029261040168812964	-552.7428148595603
3786.0	100.0	23.650831047269886	0.0028565961827258114	-552.7250796776736
3787.0	100.0	23.652829854075218	0.0028434012212007237	-552.7074968322933
3788.0	100.0	23.654822432919378	0.002741424054969566	-552.6900593052907
3789.0	100.0	23.656809182565993	0.0027134238460673806	-552.6729047199444
3790.0	100.0	23.658785489665778	0.0026238063194636207	-552.6558969618798
3791.0	100.0	23.66075523039854	0.0026083797652532536	-552.6390191746087
3792.0	100.0	23.66271642236762	0.0025551443826402525	-552.6224705645545
3793.0	100.0	23.6646686509252	0.002513505462903067	-552.6059640806251
3794.0	100.0	23.666612210169035	0.00246916502606442	-552.5896505213357
3795.0	100.0	23.66854597118606	0.0023925841476105996	-552.5735856741513
3796.0	100.0	23.670475857497856	0.0023747569282288375	-552.5576896174613
3797.0	100.0	23.67239877138035	0.0022724745760167695	-552.5419877114582
3798.0	100.0	23.674313419101477	0.002270047683241975	-552.5264854925466
3799.0	100.0	23.67621874727521	0.0022015402995584463	-552.511086063898
3800.0	100.0	23.678117881735773	0.002158483570429838	-552.495874960788
3801.0	100.0	23.6800083143044	0.0021153844858684038	-552.4808995804908
3802.0	100.0	23.68188927555523	0.0020427938157808754	-552.4660113211487
3803.0	100.0	23.683763032492873	0.00205505845014349	-552.4513390087006
3804.0	100.0	23.68563253147127	0.0019828216912187763	-552.4368275855363
3805.0	100.0	23.68749539953532	0.0018951447810511724	-552.4223929786627
3806.0	100.0	23.68934937892207	0.0018978611839786897	-552.4081987270206
3807.0	100.0	23.691195523340376	0.00186297964121706	-552.394064053315
3808.0	100.0	23.693035865659194	0.0017778272480694062	-552.3802346691352
3809.0	100.0	23.69487264296081	0.0017755158722296562	-552.3664650968307
3810.0	100.0	23.696702733165154	0.001720573154438983	-552.3528548477864
3811.0	100.0	23.698526178870093	0.0016638635063152107	-552.33942538497
3812.0	100.0	23.700341587797666	0.001623542864731431	-552.3261025138233
3813.0	100.0	23.702148496261955	0.0015985773896220903	-552.3129218515309
3814.0	100.0	23.70394941386852	0.0015314344008615975	-552.2999261358228
3815.0	100.0	23.705741119185813	0.0015517846159539194	-552.2869349338355
3816.0	100.0	23.707526821580608	0.0014649226100725266	-552.2742942911017
3817.0	100.0	23.709307391517115	0.001398198587839972	-552.2617315425798
3818.0	100.0	23.71108072537645	0.0013979627994893727	-552.2491982185716
3819.0	100.0	23.712846566924238	0.0013707305259579704	-552.2368955001293
3820.0	100.0	23.714605419214053	0.001326047992573595	-552.224698609718
3821.0	100.0	23.716356195018196	0.0012811776667070612	-552.2126535640787
3822.0	100.0	23.718099357043545	0.0012460476447692828	-552.2007280372184
3823.0	100.0	23.719836867741062	0.0011991934137167333	-552.1889212568633
3824.0	100.0	23.721564033121297	0.0011495974238838814	-552.1772509346027
3825.0	100.0	23.7232846129296	0.001154734116314669	-552.1657434497071
3826.0	100.0	23.724998177634458	0.001133102856154969	-552.1543857039773
3827.0	100.0	23.726701682563224	0.0010433305693235897	-552.1431274430837
3828.0	100.0	23.728399179847784	0.0010149639896720227	-552.132101196198
3829.0	100.0	23.730088404490015	0.0010109316412684295	-552.1210937749283
3830.0	100.0	23.73177237274349	0.0009344363630737844	-552.1103058517697
3831.0	100.0	23.733448744324317	0.0009499122507538168	-552.0996181685226
3832.0	100.0	23.73511664442107	0.000891489907867897	-552.0892125683124
3833.0	100.0	23.73677839615142	0.0008490522234464268	-552.0787391742834
3834.0	100.0	23.738434043627784	0.0008378727677711136	-552.0685058077257
3835.0	100.0	23.740080568476472	0.000803465826214342	-552.0585003812886
3836.0	100.0	23.741721137024935	0.0007787728304921473	-552.0485621521576
3837.0	100.0	23.74335423114745	0.000719559472763805	-552.0388354930265
3838.0	100.0	23.744982772617142	0.0007092484679061251	-552.0292258755093
3839.0	100.0	23.746603969683356	0.0006828152725359887	-552.0198042290183
3840.0	100.0	23.748218010560606	0.0006079672078798964	-552.0104951126442
3841.0	100.0	23.749824473004036	0.0006315207226467812	-552.0014371839947
3842.0	100.0	23.751424797130472	0.0005627297737331551	-551.9925144906542
3843.0	100.0	23.75301859464654	0.0005652459167052346	-551.983724740916
3844.0	100.0	23.75460500695724	0.0005039309055743616	-551.9750784535639
3845.0	100.0	23.756184759772243	0.0005088062539831462	-551.9665986544948
3846.0	100.0	23.757756880662992	0.00047254782422070804	-551.958337548432
3847.0	100.0	23.759324205238872	0.00044138017053672385	-551.9501256397962
3848.0	100.0	23.760882929019417	0.0004066096121357176	-551.9421335334227
3849.0	100.0	23.762435513738648	0.00038323435243759835	-551.9343600566278
3850.0	100.0	23.76398128068395	0.00037290394312794434	-551.9265594573925
3851.0	100.0	23.765521015110256	0.00032099790106476117	-551.9190329752367
3852.0	100.0	23.767053710250277	0.0003143282158608825	-551.9115904142219
3853.0	100.0	23.768580856437744	0.0002904511775981865	-551.904211834518
3854.0	100.0	23.770100841567444	0.00021788980217172594	-551.8970998280861
3855.0	100.0	23.771615197663877	0.00024354752236742383	-551.8899167431181
3856.0	100.0	23.773121220794643	0.00023040958295168836	-551.8829473796047
3857.0	100.0	23.774622918124	0.00020249749683825486	-551.8759101765395
3858.0	100.0	23.776118514211717	0.00014671448186902818	-551.8689984916529
3859.0	100.0	23.777606364354035	0.00014137550038026642	-551.8620803209492
3860.0	100.0	23.779089325218322	8.296258665755786e-5	-551.8553496947164
3861.0	100.0	23.780566348716434	9.653594393537107e-5	-551.8484090244177
3862.0	100.0	23.782036187564323	6.667344351205171e-5	-551.8416199996567
3863.0	100.0	23.78350018925449	5.807347897105066e-5	-551.8347874434878
3864.0	100.0	23.784958354395062	2.2370659580755344e-5	-551.8277759739274
3865.0	100.0	23.78640918524553	1.7571675259847246e-6	-551.8208785543864
3866.0	100.0	23.787854540743634	-2.8457153087339987e-6	-551.8138163206247
3867.0	100.0	23.789294989297364	-4.316060643277555e-5	-551.8066713907183
3868.0	100.0	23.790726477523364	-9.051534350875395e-5	-551.7993899017159
3869.0	100.0	23.792154521281283	-7.778555853011704e-5	-551.7918931353166
3870.0	100.0	23.793576216929026	-6.917129882586514e-5	-551.7843697419219
3871.0	100.0	23.79499092137751	-0.0001463585563585243	-551.776659171859
3872.0	100.0	23.796400568560838	-0.000132836436320395	-551.7687857028718
3873.0	100.0	23.79780425659478	-0.00015172944059845534	-551.7605984580919
3874.0	100.0	23.799202013372582	-0.00019418994250611636	-551.7523542813549
3875.0	100.0	23.800592756380908	-0.00019586501575387106	-551.7437688938592
3876.0	100.0	23.80197851418052	-0.00022992105125819973	-551.7350495559531
3877.0	100.0	23.80335890494695	-0.0002270662395839118	-551.7260300488551
3878.0	100.0	23.80473321465318	-0.0002791774081022051	-551.716806334617
3879.0	100.0	23.806101054083467	-0.00024897066338287413	-551.7073886327721
3880.0	100.0	23.807464845815552	-0.00029537942650641446	-551.6975848153868
3881.0	100.0	23.808821394177297	-0.00031947451437985163	-551.6876063612414
3882.0	100.0	23.81017221555844	-0.00031038521719272186	-551.6773503891666
3883.0	100.0	23.81151715882	-0.00033569458095817495	-551.6669457337475
3884.0	100.0	23.8128578038818	-0.0003648561694278788	-551.6562098343727
3885.0	100.0	23.81419194531703	-0.0003662123582756158	-551.6452416304771
3886.0	100.0	23.815522120375167	-0.0004164515736349975	-551.6339509630907
3887.0	100.0	23.816844531512867	-0.00039220689048280493	-551.6224755046865
3888.0	100.0	23.81816237219153	-0.00041926914395276247	-551.6107629263525
3889.0	100.0	23.819473475678112	-0.0004379561657748195	-551.5988873099295
3890.0	100.0	23.820779895631286	-0.00045347906003079697	-551.5867486427558
3891.0	100.0	23.822081506882828	-0.0004908729942448745	-551.5743680723432
3892.0	100.0	23.823376227964665	-0.0004843344294192093	-551.561816885694
3893.0	100.0	23.82466689530911	-0.0005171666526460374	-551.5490177758064
3894.0	100.0	23.825951807313707	-0.000500180158121094	-551.5360107119859
3895.0	100.0	23.827230916547755	-0.0005213902814202079	-551.5227640610073
3896.0	100.0	23.828503834924152	-0.0005517628047637608	-551.509467379306
3897.0	100.0	23.829772466999	-0.0005595588670265233	-551.4959082222697
3898.0	100.0	23.831035202278684	-0.0005631423995438045	-551.4822690206807
3899.0	100.0	23.8322941140904	-0.0005979088222690163	-551.4683182721841
3900.0	100.0	23.833546336428007	-0.0005901207183599778	-551.4543439309628
3901.0	100.0	23.8347936880854	-0.0005924210172852787	-551.4401021865732
3902.0	100.0	23.836035310242558	-0.0006466767578926523	-551.4258319677152
3903.0	100.0	23.83727334553671	-0.0006440371118440674	-551.4114327309036
3904.0	100.0	23.838504861066703	-0.0006302688370895255	-551.3969154731788
3905.0	100.0	23.839730748056184	-0.0006794634938206613	-551.3822008385508
3906.0	100.0	23.84095174978893	-0.0006555843301916309	-551.3674612567336
3907.0	100.0	23.842168003689903	-0.0006837639271476803	-551.3525001125593
3908.0	100.0	23.843379088466445	-0.0006827281623101597	-551.3375358957583
3909.0	100.0	23.84458605387138	-0.0007398159311271591	-551.322493655668
3910.0	100.0	23.845786901280526	-0.0007051558056255903	-551.3072919354423
3911.0	100.0	23.846982335692648	-0.0007415722091913569	-551.2919635271129
3912.0	100.0	23.84817259917824	-0.0007368128821347243	-551.2767009610576
3913.0	100.0	23.84935910688227	-0.0007561010090025788	-551.2613656163019
3914.0	100.0	23.85053974731368	-0.0007821789871793717	-551.2458766111544
3915.0	100.0	23.851715368797212	-0.0007566226492771746	-551.2304149428504
3916.0	100.0	23.85288634993902	-0.0007897789161961314	-551.2147728564896
3917.0	100.0	23.8540520307776	-0.0007827104966105122	-551.1991247789521
3918.0	100.0	23.855212752712838	-0.0008090480017779044	-551.1834602262899
3919.0	100.0	23.856370172826832	-0.0008294721929807944	-551.1676447862587
3920.0	100.0	23.857520958505425	-0.0008323490177540525	-551.1519631560002
3921.0	100.0	23.8586680366461	-0.0008454592637052999	-551.1361202385293
3922.0	100.0	23.859809939834076	-0.0008419495055096542	-551.1202897478942
3923.0	100.0	23.860947320935516	-0.0008695203806926045	-551.1044199090595
3924.0	100.0	23.86208090309855	-0.0008563142709340208	-551.0884755877861
3925.0	100.0	23.863207928997056	-0.0008637379760374459	-551.0726083224745
3926.0	100.0	23.864330430257052	-0.0008803804790199566	-551.0565777150209
3927.0	100.0	23.865448864375814	-0.0009098070755912703	-551.0406448269034
3928.0	100.0	23.86656312645084	-0.0008907985329717985	-551.0246825217102
3929.0	100.0	23.867671810415292	-0.0009117787795348037	-551.0086896298358
3930.0	100.0	23.86877519160046	-0.0009297981588516135	-550.992664153077
3931.0	100.0	23.869876899231603	-0.0009175633025001526	-550.9766290835802
3932.0	100.0	23.870971859473173	-0.0009439107879923101	-550.9605707769687
3933.0	100.0	23.872062037289762	-0.0009491840178327962	-550.9445428340326
3934.0	100.0	23.87314759136491	-0.0009328930278972504	-550.9284759893924
3935.0	100.0	23.87422999475925	-0.000974062365582278	-550.9124817984223
3936.0	100.0	23.87530751963732	-0.0009733560813357699	-550.8964596057345
3937.0	100.0	23.876379741415526	-0.0009769379953790216	-550.8804222568634
3938.0	100.0	23.877447523656933	-0.0009623305267874592	-550.8643568896628
3939.0	100.0	23.878512173986767	-0.0009729008793823012	-550.8482785084184
3940.0	100.0	23.8795723375875	-0.0010179507773653384	-550.8322207371366
3941.0	100.0	23.880627101911696	-0.000987988301115107	-550.8162708839935
3942.0	100.0	23.881676899410376	-0.0010303938674642982	-550.8002829458395
3943.0	100.0	23.882723852571083	-0.001026342888971455	-550.7842696167888
3944.0	100.0	23.883766413898936	-0.0009983225693212295	-550.7682385976003
3945.0	100.0	23.884804212001136	-0.0010356715568474568	-550.752334560857
3946.0	100.0	23.88583670316347	-0.0010435905695251933	-550.7363661620144
3947.0	100.0	23.88686756549253	-0.0010398047629730537	-550.7204607635574
3948.0	100.0	23.887893312104172	-0.001039578080928511	-550.7045388285912
3949.0	100.0	23.88891327647336	-0.001050896071811671	-550.688570073574
3950.0	100.0	23.889929541315045	-0.0010775643720445105	-550.6727266358115
3951.0	100.0	23.89094229890621	-0.001045561653338902	-550.6569017971782
3952.0	100.0	23.891950241233108	-0.001051167661162351	-550.6409947100339
3953.0	100.0	23.892954939913725	-0.001060768840035318	-550.6252251770566
3954.0	100.0	23.893954373886274	-0.001114785291353179	-550.6094625595996
3955.0	100.0	23.894951132761843	-0.0010664079817691676	-550.5936827197228
3956.0	100.0	23.89594249974317	-0.0010859316235277137	-550.577961909799
3957.0	100.0	23.896931337925974	-0.0011014007305062315	-550.5622785374663
3958.0	100.0	23.897914232069652	-0.0010882811307622565	-550.5465534995145
3959.0	100.0	23.898895054677723	-0.0011130477873871852	-550.5308456295496
3960.0	100.0	23.899870187663176	-0.001108539934732939	-550.5152803742528
3961.0	100.0	23.900843027575117	-0.001094390234096984	-550.499790919528
3962.0	100.0	23.901810316828957	-0.0011121026222820226	-550.4841548409322
3963.0	100.0	23.90277307671176	-0.0011087083192401598	-550.4686138825673
3964.0	100.0	23.903733427881786	-0.001112246270128532	-550.4531027710599
3965.0	100.0	23.904690832359787	-0.0011227772396970304	-550.4377198012023
3966.0	100.0	23.90564172664887	-0.0011295253022556024	-550.4222229249568
3967.0	100.0	23.906590000570922	-0.0011183782794192004	-550.4067630841845
3968.0	100.0	23.907534737241352	-0.0011162320216631838	-550.3914814826443
3969.0	100.0	23.90847610597408	-0.0011086070873861007	-550.3761537391591
3970.0	100.0	23.909411677372077	-0.0011073157454248423	-550.3607882807661
3971.0	100.0	23.91034534763445	-0.0011672994886429487	-550.3455575847006
3972.0	100.0	23.911275143106966	-0.0011216940723966459	-550.330380356685
3973.0	100.0	23.912198705319515	-0.0011150684949526315	-550.3151113913988
3974.0	100.0	23.913120910807468	-0.0011126490940342661	-550.3000037763721
3975.0	100.0	23.914039726011147	-0.0011137920653902626	-550.2849082308304
3976.0	100.0	23.914953746037245	-0.001137293552873407	-550.2697998316064
3977.0	100.0	23.915864734082803	-0.0011265297518737304	-550.2547834755577
3978.0	100.0	23.916771488803004	-0.0011042299559749773	-550.2397804212256
3979.0	100.0	23.91767502161867	-0.0011247152271042238	-550.224855269524
3980.0	100.0	23.9185738850786	-0.0011359701245204357	-550.2099529866915
3981.0	100.0	23.91946987467353	-0.0011017257965141771	-550.1950443023219
3982.0	100.0	23.92036216097816	-0.0011169038595631147	-550.1801795890135
3983.0	100.0	23.921250646253487	-0.0011138432996465432	-550.1654130054724
3984.0	100.0	23.922135058556915	-0.0011349232647807342	-550.1506289451447
3985.0	100.0	23.92301759732027	-0.0011266496706597395	-550.1359706724476
3986.0	100.0	23.923895846824685	-0.0010928707696016646	-550.1212809811178
3987.0	100.0	23.92476937238305	-0.0011205567051990643	-550.1066508749826
3988.0	100.0	23.925640429880595	-0.0011255909310803885	-550.0920812258516
3989.0	100.0	23.92650726193734	-0.001113738284599932	-550.0775426026566
3990.0	100.0	23.927371767242846	-0.0011163110080584014	-550.0630227439651
3991.0	100.0	23.928233060649895	-0.001122655099050271	-550.0485494750066
3992.0	100.0	23.92908875933859	-0.0010928502038600753	-550.0341291456483
3993.0	100.0	23.92994351694678	-0.0011284547627799404	-550.0196777179132
3994.0	100.0	23.930793482069262	-0.0011068167300685907	-550.0054124176735
3995.0	100.0	23.931639646911037	-0.001088557110485926	-549.9911213696171
3996.0	100.0	23.932483416341768	-0.0010992455421415322	-549.9768187685993
3997.0	100.0	23.933322699060593	-0.001075812631881196	-549.9625934187824
3998.0	100.0	23.93416025914259	-0.0011274091868321164	-549.9484400242471
3999.0	100.0	23.93499256706247	-0.001080539675076902	-549.9343572959784
4000.0	100.0	23.93582367947907	-0.001090011308424241	-549.9202558308417
