<VTKFile type="UnstructuredGrid" version="1.0" byte_order="LittleEndian" header_type="UInt64">
  <UnstructuredGrid>
    <Piece NumberOfPoints="3053" NumberOfCells="2884">
      <PointData Scalars="sigma_xx">
        <DataArray type="Float64" Name="v" format="ascii" RangeMin="-0.00002129797" RangeMax="1.003803">
          0.005299071 0.006796187 0.01587975 0.006203087 0.006806832 0.01509511
          0.009266612 0.004395393 0.002931606 0.006627932 0.01479972 0.006611477
          0.01489156 0.002138584 0.002038227 0.006660391 0.01509422 0.006738353
          0.01533895 0.002041172 0.002061599 0.006826462 0.01559995 0.006916711
          0.01586533 0.002085309 0.002109348 0.007007279 0.01613214 0.007096661
          0.01639566 0.002133205 0.00215667 0.00718438 0.01665504 0.007270122
          0.01690971 0.002179631 0.002202011 0.007353793 0.01715944 0.00743578
          0.0174047 0.002223821 0.002245351 0.007517608 0.01764756 0.007603349
          0.0178954 0.002268086 0.002300149 0.00770024 0.01816572 0.007813698
          0.01846951 0.002365225 0.002471972 0.007946016 0.01880922 0.008105475
          0.01921912 0.00260295 0.002741432 0.008346378 0.01993094 0.008909036
          0.02170096 0.002897526 0.005533415 0.009805334 0.02486308 0.009892394
          0.0207884 0.004840507 0.00415094 0.00974895 0.0169786 0.009938986
          0.0167033 0.004424176 0.004893935 0.01011966 0.01684621 0.01033521
          0.0170885 0.005515906 0.006218371 0.01058704 0.01743649 0.01076743
          0.01779924 0.00692867 0.007643335 0.01090428 0.0187555 0.01119474
          0.02046011 0.008600896 0.009758432 0.01231069 0.02221453 0.01440119
          0.024201 0.01088825 0.01187133 0.01636109 0.02577766 0.017471
          0.0265843 0.01249668 0.01266504 0.01767859 0.02659517 0.01713109
          0.02593642 0.01241266 0.0118234 0.01621758 0.02496097 0.01527879
          0.02401444 0.01104258 0.0102108 0.0143235 0.02306493 0.01334153
          0.02209236 0.009359913 0.008507939 0.01237205 0.02114721 0.01148519
          0.02030897 0.007710973 0.007036514 0.0107394 0.01961186 0.01015955
          0.01907179 0.006484119 0.006046195 0.009817676 0.01879427 0.009973119
          0.01921471 0.005842581 0.006586861 0.01002044 0.0199197 0.008794688
          0.009064041 0.01254919 0.007427814 0.007920366 0.003626821 0.001306236
          0.007615433 0.003428135 0.001072823 0.0004074285 0.0002846012 0.0001717805
          0.00005026308 0.0002701169 0.0002700556 0.00003488366 0.00003322997 0.0002718099
          0.000273759 0.00003319162 0.0000333232 0.0002757155 0.0002776341 0.00003347408
          0.00003362472 0.0002795013 0.0002813139 0.0000337724 0.0000339171 0.0002831001
          0.0002850125 0.0000340688 0.00003428413 0.0002877725 0.0002948635 0.00003480465
          0.0000366423 0.000314932 0.0003503942 0.00004132275 0.00004886657 0.0003938726
          0.0004296635 0.00008019093 0.0004534053 0.001251075 0.0007531719 0.0001312537
          0.00008976058 0.0007203498 0.000854079 0.00009649494 0.0001483005 0.001126397
          0.001679882 0.000330478 0.0008095432 0.002471101 0.003269373 0.001526082
          0.002320026 0.004062579 0.004969886 0.003125013 0.003834427 0.005930086
          0.00673841 0.004373835 0.004737707 0.00730137 0.007627299 0.004940587
          0.004996212 0.007725197 0.00760841 0.00491753 0.004723452 0.007307553
          0.006866836 0.00444188 0.004100807 0.006338273 0.005770035 0.003727441
          0.003348527 0.00519566 0.00464256 0.00298661 0.002660565 0.004138943
          0.003708902 0.002382306 0.00215296 0.003357048 0.003098306 0.001973326
          0.001868694 0.003116055 0.004335984 0.002065113 0.00358335 0.01099568
          0.0065261 0.01051765 0.006266464 0.007540965 0.003378079 0.001040443
          0.007521878 0.003362704 0.001035451 0.0001413698 0.0000207004 0.0001376168
          0.0000173158 0.000005486181 0.000003769991 0.000002204739 5.104094e-7 0.000003607961
          0.00000360168 3.467846e-7 3.32211e-7 0.000003610525 0.000003620248 3.295502e-7
          3.248778e-7 0.00000362861 0.00000362885 3.128919e-7 2.657627e-7 0.000003612959
          0.000003605676 1.316795e-7 -8.438486e-8 0.000003823128 0.000005602688 2.01948e-7
          0.000005171192 0.00001030558 0.00005476718 0.00005163347 0.0002031122 0.0002826298
          0.00001629565 0.000007643625 -0.000002885599 0.000008364985 0.00000939314 2.509217e-7
          0.000001470761 0.00001394174 0.00004374481 0.000006497217 0.0000416392 0.0001866629
          0.0006102895 0.0002134642 0.0006551981 0.001286664 0.001983869 0.001212627
          0.00165662 0.002532733 0.002920195 0.001967627 0.00218415 0.003182981
          0.00333486 0.002314954 0.002357024 0.003379123 0.003321502 0.002312557
          0.002190607 0.003174624 0.002960966 0.002010041 0.001793771 0.002704076
          0.002425629 0.001561973 0.001333846 0.00214695 0.001887438 0.001126593
          0.0009584551 0.001664472 0.001494658 0.0008613247 0.0008584578 0.001386681
          0.001314034 0.0009152155 0.0009387385 0.001236479 0.001199309 0.0008514757
          0.000796989 0.001496541 0.00322281 0.001144217 0.003025513 0.01034433
          0.006185584 0.01028625 0.006165611 0.007519682 0.003356354 0.001033874
          0.007525674 0.00335284 0.001032593 0.0001370175 0.00001694427 0.0001367365
          0.00001687581 0.000001883761 2.018668e-7 0.00000185049 1.752915e-7 4.122332e-8
          2.66586e-8 1.628499e-8 1.753833e-9 2.147993e-8 1.03629e-8 -6.236671e-9
          -2.01942e-8 -1.909285e-8 -1.512357e-7 -5.431881e-8 -2.940713e-7 -5.49867e-7
          -0.000001147807 -9.79542e-7 -1.850638e-7 0.000001046615 0.00005518088 0.00005139945
          0.0001128604 0.0001411362 -7.340071e-7 0.000003380043 -0.000001983152 -0.000002128388
          -8.84401e-7 -8.372915e-7 5.871089e-7 3.160739e-8 0.000001232754 2.245926e-7
          0.000002139719 0.000009307278 0.00006335764 0.00001523209 0.00009012587 0.0002815793
          0.0006766505 0.0003183879 0.0006267444 0.001048836 0.001322613 0.0008807716
          0.00106685 0.00151867 0.001641318 0.001185838 0.00123037 0.001683977
          0.001646772 0.001197295 0.001095628 0.001538628 0.001375468 0.0009427477
          0.000761311 0.001180515 0.0009754566 0.0005776881 0.0004131425 0.000778994
          0.0006065613 0.0002818256 0.0001874953 0.0004701338 0.0003955788 0.0001299463
          0.0001305769 0.0004419041 0.0005874967 0.0002171797 0.0002904162 0.0006601111
          0.0006053283 0.0002719884 0.0002137059 0.0005082115 0.0005039864 0.0001875322
          0.0002664763 0.0009238608 0.00292483 0.000781259 0.002878917 0.01027192
          0.006168133 0.01027253 0.006178466 0.007535486 0.003350051 0.001031135
          0.007544756 0.003346625 0.00102934 0.0001364576 0.00001683463 0.0001361352
          0.00001679211 0.000001842554 1.719616e-7 0.000001836652 1.701479e-7 1.358603e-8
          -2.911691e-9 1.171253e-8 -1.261231e-8 -2.284215e-8 -4.522816e-8 -7.747955e-8
          -1.266948e-7 -8.960164e-8 -5.955309e-7 -1.789677e-7 -7.107476e-7 -0.000001183463
          0.00004126328 0.000030661 0.00001713738 0.00006882014 0.000004635576 0.000004770621
          9.884482e-7 -3.672164e-7 -0.000001829328 0.000001184698 -0.000002385574 -9.551703e-7
          0.000003344416 0.000002920623 0.0001432621 1.765369e-7 0.000004150495 0.00006364253
          0.0000132663 0.00002700339 0.0001289659 0.0000494049 0.0001771596 0.0003466091
          0.0005774186 0.0003661726 0.000531671 0.0007550761 0.0008712022 0.0006452707
          0.0006933667 0.0009168828 0.0008877456 0.0006678365 0.0005746639 0.0007900899
          0.0006434317 0.0004364896 0.0002888321 0.0004764968 0.0003196652 0.0001667115
          0.00008599763 0.0001963736 0.0001128177 0.00004170628 0.00001996793 0.00006290293
          0.0000357052 0.000009795523 0.000005163245 0.00002393774 0.00003187119 0.000003571227
          0.00000492142 0.00005893533 0.00006535861 0.000008080407 0.000008608176 0.00005156003
          0.00003980244 0.000006889543 0.000006715177 0.00004786509 0.0001512261 0.000019646
          0.0001228986 0.0007128866 0.002860821 0.000688395 0.002850334 0.01027509
          0.006189528 0.01027114 0.006196038 0.007550675 0.003341916 0.001027141
          0.007551319 0.003335655 0.001024541 0.0001357645 0.0000167447 0.0001353516
          0.00001669152 0.000001830049 1.676258e-7 0.000001819319 1.57607e-7 1.087111e-8
          -3.043781e-8 5.153025e-9 -9.551689e-8 -2.167674e-7 -2.041397e-7 -6.544051e-7
          8.689851e-7 7.166553e-7 0.00002706006 0.00003858706 0.000005369052 0.00000598302
          0.00000192174 3.964956e-7 8.728751e-7 0.000001813673 0.000001804466 0.000001604494
          0.000002855604 0.0000109615 0.00002283676 0.00002601739 0.0001073492 0.0002698899
          0.0005578711 0.001713017 0.0005210328 0.00006186554 0.00002224572 0.0000270246
          0.00003061605 0.00007926338 0.0002152835 0.0001122743 0.0002392749 0.0003620877
          0.0004718087 0.0003378851 0.0003906458 0.0005242086 0.0005054586 0.0003804385
          0.0003055669 0.0004194848 0.0002940467 0.0001971066 0.0001017214 0.0001717075
          0.0000846313 0.00004359567 0.00001680063 0.00003716278 0.00001560221 0.000006295386
          0.000002390675 0.000006603814 0.000002891649 9.333262e-7 3.780827e-7 0.000001324006
          6.625394e-7 1.606021e-7 7.519756e-8 4.578849e-7 5.964898e-7 4.986735e-8
          6.134079e-8 8.845776e-7 9.527012e-7 8.680795e-8 1.025806e-7 9.099031e-7
          0.000002147444 2.069214e-7 0.000001427482 0.00001483977 0.0001127446 0.00001265031
          0.0001005016 0.0006668984 0.002830484 0.0006300458 0.002785426 0.01025214
          0.006192198 0.01020673 0.006170975 0.007546264 0.003327987 0.001021628
          0.007536728 0.003319497 0.001018589 0.0001349092 0.00001662706 0.0001344612
          0.00001654822 0.000001778363 5.390596e-8 0.00000168104 -2.283452e-7 -2.533504e-7
          -0.00000113179 -8.391392e-7 -0.000002210771 -0.000003075696 0.00007643456 0.00008820063
          0.000006860411 0.000008371588 1.105514e-7 5.089677e-7 2.512893e-7 -1.724654e-7
          -8.936892e-7 5.12768e-7 0.000002236947 -0.000003497017 -0.00001659396 0.00001040823
          0.00004232813 0.00001854636 0.002059293 0.001256415 0.00425166 0.002408049
          0.0003967517 0.001798579 0.0001604584 0.00002713402 0.00004914516 0.00003028646
          0.00008075408 0.0001514761 0.0002569076 0.0001964895 0.0002676186 0.0003009458
          0.0002896558 0.0002551265 0.0001844337 0.0002243913 0.0001335385 0.00009821322
          0.00003954972 0.00006118772 0.00002328049 0.00001342829 0.000004283168 0.000008151743
          0.00000279161 0.000001354371 4.261313e-7 9.595774e-7 3.344722e-7 1.336585e-7
          4.22147e-8 1.193977e-7 4.424374e-8 1.365266e-8 4.648625e-9 1.73093e-8
          7.548829e-9 1.710599e-9 7.197607e-10 4.756003e-9 5.756559e-9 4.747174e-10
          7.327221e-10 8.871118e-9 1.839847e-8 1.908914e-9 9.546204e-9 1.161362e-7
          0.00000114333 9.104141e-8 9.547762e-7 0.00001056363 0.00008582853 0.000009014183
          0.00007501593 0.0005779434 0.002703279 0.0005294781 0.002596408 0.01012325
          0.006126543 0.01000564 0.006060793 0.007525166 0.003311175 0.001015742
          0.007514928 0.003304502 0.001013728 0.0001340772 0.00001652117 0.0001339126
          0.00001645426 0.000001697675 -1.227041e-7 0.000001270406 -0.000001233767 0.000002070155
          0.00005292464 0.00004606066 0.000004651285 0.000004993074 2.888261e-7 -3.958261e-7
          1.731376e-7 6.595513e-7 8.504007e-7 -1.469046e-8 -8.417461e-7 0.000002306314
          0.000007891211 -0.000003481578 -0.00001032348 0.00002565461 0.0002710775 -0.00002129797
          0.002833434 0.004682306 0.004454869 0.006530936 0.002509382 0.0007046458
          0.0001463812 0.0007441472 0.0002032199 0.00004290033 0.0001236755 0.00007696231
          0.0001738186 0.0002363424 0.0002630339 0.000259384 0.0002345661 0.0001987716
          0.00009946293 0.0001326048 0.00004487246 0.00003347696 0.000009334097 0.00001046344
          0.000002242485 0.000002591814 7.348159e-7 5.08851e-7 1.22132e-7 2.094711e-7
          5.940315e-8 3.014369e-8 7.521302e-9 1.675385e-8 4.782698e-9 1.898827e-9
          5.021674e-10 1.420225e-9 4.638487e-10 1.451267e-10 4.950291e-11 1.72898e-10
          7.833048e-11 2.026691e-11 1.236047e-11 8.140418e-11 2.548774e-10 3.578386e-11
          1.820486e-10 1.140726e-9 7.691813e-9 9.548607e-10 6.761861e-9 7.769978e-8
          8.33081e-7 6.868169e-8 7.447317e-7 0.000008020197 0.00006791427 0.000007256252
          0.00006199921 0.0004886875 0.002485942 0.0004514461 0.002379884 0.00987214
          0.005983045 0.009735194 0.005901878 0.007511395 0.003302035 0.001015112
          0.007526263 0.003308948 0.001029715 0.0001349903 0.00001669457 0.0001409757
          0.00001809856 0.000001148964 3.661054e-8 0.000001988609 0.000001780067 0.00001100752
          0.000001350283 0.000001424441 8.934121e-7 4.16205e-7 3.932624e-7 6.204984e-7
          5.464315e-7 7.81688e-7 0.000002857009 3.889151e-7 5.089764e-7 0.00001048352
          0.00004714654 -0.000002929511 0.00001210352 0.0005292203 0.005079605 0.001618176
          0.004883917 0.005450815 0.001588337 0.00253451 0.0017743 0.0008398453
          0.0002053709 0.000917011 0.0001956806 0.0001066595 0.0002131427 0.0001288193
          0.0002261905 0.0002564136 0.0001801716 0.0002187163 0.0001122909 0.00007193021
          0.00001730629 0.00003161402 0.000006102468 0.00000326484 5.886072e-7 0.000001032878
          1.639605e-7 1.075424e-7 2.051572e-8 2.475915e-8 3.70641e-9 4.146009e-9
          8.891524e-10 5.911942e-10 1.080101e-10 2.04611e-10 5.365065e-11 2.389779e-11
          6.710311e-12 1.668124e-11 5.953471e-12 2.295042e-12 4.410431e-13 2.189114e-12
          3.391573e-12 -5.073231e-13 1.622e-12 2.69281e-11 1.583317e-10 2.344243e-11
          1.439274e-10 8.565609e-10 6.066231e-9 7.819433e-10 5.473444e-9 6.139885e-8
          6.7021e-7 5.50549e-8 6.043706e-7 0.000006586364 0.0000566521 0.000005988404
          0.00005185143 0.0004172298 0.002281303 0.0003864359 0.002192268 0.00960228
          0.005823348 0.009478324 0.005751202 0.007581011 0.003336995 0.001068082
          0.007753397 0.003443286 0.001156957 0.0001571325 0.00002419581 0.000212288
          0.00006722169 0.000006795344 0.00000531159 0.0000479445 0.00004581259 0.0000050036
          0.000004880178 0.0000454665 0.00004540457 0.000004839816 0.000005010412 0.00004556271
          0.00004638686 0.000005818545 0.00001175862 0.00004942272 0.00007004698 0.00001914273
          0.0002339137 0.0001280814 0.0006579271 0.001293734 0.00180019 0.0002960492
          0.0002594405 0.00127949 0.001524919 0.0005577444 0.0008084627 0.0007769662
          0.0001689213 0.0004979525 0.0002021918 0.0001345239 0.0002008759 0.0001447788
          0.0001389738 0.0001487351 0.00005404678 0.00007369336 0.00002000306 0.00001171098
          0.000002038369 0.000003830902 6.419569e-7 3.222997e-7 4.630398e-8 9.659077e-8
          1.297229e-8 6.059185e-9 7.563948e-10 1.60185e-9 2.043629e-10 1.015035e-10
          1.71727e-11 3.317148e-11 7.489165e-12 4.021061e-12 1.182583e-12 2.117562e-12
          6.182719e-13 3.183708e-13 -3.650987e-13 6.431939e-14 -4.583991e-13 -9.530572e-13
          1.043605e-12 -1.01821e-12 7.24219e-13 2.109309e-11 1.325168e-10 1.921111e-11
          1.230192e-10 7.19343e-10 4.960145e-9 6.66695e-10 4.525169e-9 4.952787e-8
          5.468479e-7 4.483523e-8 4.979911e-7 0.000005465242 0.00004765067 0.000005020968
          0.00004408525 0.0003595057 0.002114321 0.0003366639 0.002048176 0.009366605
          0.005687405 0.009269299 0.005632912 0.008508185 0.00398769 0.001594796
          0.01233828 0.007133034 0.004585583 0.0005859852 0.0004264545 0.003404767
          0.003226013 0.0004042479 0.0004008173 0.003194591 0.003183754 0.0003994616
          0.0003983604 0.003175663 0.003169377 0.0003971554 0.0003945291 0.003166671
          0.003170422 0.0003853337 0.0004027208 0.003196571 0.004405032 0.001796753
          0.001195117 0.006282546 0.00386357 0.0004257267 0.0004187021 0.003213905
          0.00320588 0.0004927345 0.0006153477 0.003249651 0.003417839 0.0007184794
          0.0006622852 0.003775468 0.003278102 0.000318635 0.0001139593 0.001460161
          0.0003661868 0.00003511359 0.00000755594 0.00007129247 0.00001093979 0.000001327637
          2.096647e-7 0.000001397984 1.67417e-7 3.079206e-8 4.455723e-9 2.333064e-8
          4.473333e-9 7.285943e-10 1.54345e-10 1.105309e-9 3.062401e-10 4.077116e-11
          1.187486e-11 8.814977e-11 2.564461e-11 3.5744e-12 1.054838e-12 7.482315e-12
          2.157933e-12 1.787854e-13 -4.145307e-13 4.893271e-13 -3.17006e-13 -1.012498e-12
          4.974007e-13 -9.874814e-13 3.312584e-13 1.769169e-11 1.152833e-10 1.652081e-11
          1.093048e-10 6.237507e-10 4.169756e-9 5.90545e-10 3.894811e-9 4.099835e-8
          4.580444e-7 3.802987e-8 4.27143e-7 0.000004657782 0.00004117128 0.000004376873
          0.00003891771 0.0003180005 0.001994124 0.0003035697 0.001952346 0.009188098
          0.005588227 0.009124503 0.005553679 0.03238993 0.02745568 0.02497022
          0.1678718 0.1669285 0.1658142 0.02392917 0.02371787 0.1653551
          0.1653098 0.02363914 0.02359019 0.1653671 0.1654951 0.02355816
          0.02354024 0.1656957 0.1659615 0.02353115 0.02350828 0.1662796
          0.1666377 0.02341122 0.02742193 0.1680551 0.1716417 0.02658457
          0.02426858 0.1706308 0.1687941 0.02380878 0.02385844 0.1682793
          0.1682172 0.02395408 0.02415881 0.1680173 0.1671403 0.02404826
          0.01971232 0.1640727 0.1521834 0.008693692 0.001806039 0.06762083
          0.007692049 0.0002722017 0.00003410751 0.0007941062 0.00008581645 0.000003728562
          3.988301e-7 0.000009159668 0.000001008322 5.490915e-8 1.122792e-8 1.303687e-7
          2.097424e-8 2.827923e-9 7.523677e-10 3.900649e-9 7.779915e-10 2.02135e-10
          5.432711e-11 1.58755e-10 3.102631e-11 1.458798e-11 3.892676e-12 5.00513e-12
          2.748031e-13 9.094199e-13 -2.095146e-13 -3.795035e-13 -6.386062e-13 -9.632629e-13
          2.156185e-13 -1.098784e-12 1.065292e-13 1.569606e-11 1.050891e-10 1.520666e-11
          1.02633e-10 5.671141e-10 3.700853e-9 5.534597e-10 3.588105e-9 3.593718e-8
          4.053683e-7 3.472432e-8 3.927673e-7 0.000004178978 0.00003733038 0.000004064535
          0.0000364128 0.000293408 0.001922967 0.000287537 0.00190607 0.009079877
          0.005529518 0.009055423 0.005515952 0.001230205 0.01532911 0.0001278313
          0.0007619874 0.007459537 0.00007889418 0.0000143602 0.000001750669 0.000007608662
          6.600203e-7 2.448719e-7 3.886477e-8 5.21062e-8 3.351168e-9 6.60803e-9
          1.168565e-9 -7.820156e-11 -1.218985e-10 2.110072e-10 3.576542e-11 -4.45779e-11
          -1.457124e-11 3.954473e-12 -7.531793e-13 -4.987366e-12 -1.791252e-12 -8.839589e-13
          -8.262054e-13 -7.476395e-13 -6.769598e-13 -1.153482e-12 7.732917e-14 -1.087114e-12
          1.310155e-13 1.507378e-11 1.019368e-10 1.529015e-11 1.029868e-10 5.495586e-10
          3.556564e-9 5.553658e-10 3.60603e-9 3.439259e-8 3.89358e-7 3.494081e-8
          3.951314e-7 0.000004033717 0.00003616634 0.000004086453 0.00003659045 0.0002859652
          0.001901699 0.0002886892 0.001909868 0.009052164 0.005513155 0.009070932
          0.005521277 0.1701219 0.1702429 0.03273925 0.02792034 0.1684249
          0.02601719 0.01177736 0.006942193 0.004587905 0.1678673 0.02516379
          0.167579 0.02497863 0.003613379 0.003462988 0.1673335 0.02488508
          0.1671152 0.02480488 0.00343753 0.00342973 0.1669481 0.02473464
          0.1668083 0.02467611 0.003426238 0.003425718 0.1666628 0.02462896
          0.1664579 0.02458945 0.003427991 0.003432483 0.1661438 0.02455141
          0.1657177 0.02451004 0.003437714 0.003442015 0.1651412 0.02445769
          0.1644452 0.02438607 0.003442763 0.003436121 0.1637574 0.02429434
          0.1630007 0.02420944 0.003420619 0.003410144 0.1621199 0.02421045
          0.1609072 0.02431824 0.003444433 0.003552866 0.1578034 0.02373059
          0.1385522 0.01867969 0.003555014 0.002752657 0.06154851 0.008235389
          0.001756181 0.00125146 0.0003279642 0.0002670633 0.00003308237 0.00006380117
          0.000009324074 0.000003448767 3.18047e-7 0.000001061238 1.001329e-7 3.137733e-8
          4.340921e-9 9.632417e-9 1.349685e-9 8.157402e-10 1.690697e-10 2.81946e-10
          6.85939e-11 3.472853e-11 6.733938e-12 1.734414e-11 4.443608e-12 1.175375e-12
          1.460315e-13 1.153116e-12 2.769662e-13 -1.26322e-13 -4.923433e-13 -6.62543e-14
          -4.803071e-13 -1.03545e-12 2.260718e-13 -1.028678e-12 3.635507e-13 1.584589e-11
          1.057758e-10 1.674412e-11 1.103118e-10 5.708281e-10 3.736127e-9 5.958913e-10
          3.946283e-9 3.636544e-8 4.100523e-7 3.866028e-8 4.340566e-7 0.000004222428
          0.00003768269 0.000004441071 0.00003943857 0.000295694 0.001930563 0.0003069522
          0.001963735 0.009112368 0.00554044 0.009176924 0.005570749 0.008151844
          0.003820374 0.001547194 0.007463937 0.003332117 0.001119427 0.000602949
          0.0004568659 0.0002083239 0.000069792 0.0004371518 0.000434683 0.00005158051
          0.00004950859 0.000434582 0.0004350993 0.00004936217 0.00004945562 0.0004360189
          0.0004371955 0.00004961149 0.00004979338 0.0004384047 0.0004393946 0.00004997143
          0.00005011526 0.0004397362 0.0004388802 0.00005017014 0.00005008552 0.0004369376
          0.0004366498 0.00004993383 0.00005012231 0.0004445996 0.0004662617 0.00005151505
          0.00005476708 0.0004835019 0.00039054 0.00005732141 0.00004811473 0.000185807
          0.00005243885 0.00002475222 0.000007205963 0.00001155451 0.000001888356 0.000001696429
          3.051728e-7 2.344959e-7 2.407667e-8 4.541778e-8 6.722054e-9 2.654317e-9
          4.47804e-10 1.204267e-9 2.618889e-10 1.080698e-10 2.935307e-11 6.437433e-11
          1.74475e-11 8.234438e-12 2.342251e-12 5.125024e-12 1.610242e-12 6.810375e-13
          1.706159e-13 5.425749e-13 1.605269e-13 -9.139965e-14 -4.974924e-13 -7.764527e-14
          -5.040451e-13 -1.027261e-12 5.524551e-13 -1.014569e-12 8.026123e-13 1.799045e-11
          1.166365e-10 1.960756e-11 1.248475e-10 6.305217e-10 4.235708e-9 6.747522e-10
          4.603403e-9 4.181589e-8 4.670453e-7 4.581855e-8 5.088742e-7 0.000004741498
          0.00004185119 0.000005122425 0.00004491058 0.000322422 0.002009305 0.0003420427
          0.002067143 0.009264881 0.00561229 0.009376357 0.005665133 0.007249254
          0.003238472 0.00104013 0.007132589 0.003211007 0.001007291 0.0001534579
          0.00002402906 0.0001389229 0.00001799967 0.000007238789 0.00000533442 0.000002498598
          7.416372e-7 0.00000516115 0.000005164652 5.738386e-7 5.6256e-7 0.000005187853
          0.000005214471 5.648498e-7 5.683544e-7 0.000005240146 0.00000526139 5.718349e-7
          5.74872e-7 0.00000527126 0.000005265856 5.765637e-7 5.766913e-7 0.000005258982
          0.000005304693 5.771106e-7 5.841818e-7 0.000005515053 0.000005953224 6.119618e-7
          6.671447e-7 0.000006251221 0.00000536647 7.105013e-7 6.473154e-7 0.000002944192
          9.367908e-7 5.333744e-7 8.046148e-7 3.481995e-7 1.501042e-7 0.000001257634
          9.336498e-7 5.801635e-8 1.780419e-8 3.830616e-7 1.14914e-7 4.497147e-9
          1.01137e-9 2.976107e-8 7.317294e-9 2.230197e-10 5.254417e-11 1.797363e-9
          4.478176e-10 1.381854e-11 4.266152e-12 1.139719e-10 3.134294e-11 1.501249e-12
          5.899257e-13 9.640028e-12 3.644907e-12 1.310192e-13 -4.26759e-13 1.408984e-12
          1.752476e-13 -9.414753e-13 1.153348e-12 -5.423566e-13 1.816494e-12 2.166557e-11
          1.349997e-10 2.447792e-11 1.468995e-10 7.288005e-10 5.048451e-9 7.942047e-10
          5.5723e-9 5.064901e-8 5.59334e-7 5.628717e-8 6.181489e-7 0.000005581972
          0.00004860221 0.0000061174 0.00005290381 0.0003657275 0.00213706 0.0003933385
          0.002218698 0.009511302 0.005729315 0.009669303 0.005804649 0.007064039
          0.003202995 0.0009957667 0.007024455 0.003201951 0.0009952703 0.0001339203
          0.00001675349 0.0001332474 0.00001650653 0.000001918694 2.481466e-7 0.00000182515
          1.821915e-7 8.840544e-8 7.564075e-8 2.582763e-8 1.30674e-8 7.506945e-8
          7.548093e-8 1.209816e-8 1.207374e-8 7.598841e-8 7.646844e-8 1.215136e-8
          1.223763e-8 7.678202e-8 7.693415e-8 1.229922e-8 1.23407e-8 7.713002e-8
          7.80674e-8 1.238448e-8 1.252431e-8 8.165253e-8 8.961746e-8 1.321538e-8
          1.661064e-8 1.076742e-7 1.990733e-7 4.323913e-8 2.694108e-7 8.730436e-7
          0.00000393395 0.000002034016 0.00001110601 0.000007946409 0.0000060615 0.00002609699
          0.00002392781 0.000002306136 6.632265e-7 0.00001069001 0.000003411776 1.83488e-7
          5.190597e-8 0.0000010743 3.499696e-7 1.474367e-8 4.087191e-9 1.118907e-7
          3.423149e-8 1.098984e-9 2.956108e-10 1.001526e-8 2.847407e-9 8.323193e-11
          2.717273e-11 8.114112e-10 2.461458e-10 9.977832e-12 4.164569e-12 8.214937e-11
          3.379346e-11 1.804711e-12 4.437517e-12 1.914084e-11 2.992912e-11 3.131173e-11
          1.653172e-10 9.590358e-11 3.049618e-10 8.871095e-10 6.196974e-9 1.198707e-9
          7.125294e-9 6.277131e-8 6.852692e-7 7.05585e-8 7.628967e-7 0.000006726006
          0.00005778423 0.000007414806 0.00006323339 0.0004246499 0.002311294 0.0004594104
          0.002413882 0.009848869 0.005890186 0.01004792 0.005984716 0.007005985
          0.003204181 0.0009969494 0.007007709 0.003210343 0.0009994485 0.0001335206
          0.00001650631 0.0001339302 0.00001655279 0.000001812516 1.717804e-7 0.00000181536
          1.704604e-7 1.59686e-8 3.214854e-9 1.433681e-8 1.549484e-9 2.172896e-9
          2.07007e-9 4.89487e-10 3.709265e-10 2.068347e-9 2.080161e-9 3.536744e-10
          3.516321e-10 2.089377e-9 2.095976e-9 3.514575e-10 3.516864e-10 2.104678e-9
          2.147892e-9 3.555119e-10 3.892099e-10 2.527344e-9 6.149874e-9 7.297793e-10
          4.414901e-9 4.250383e-8 3.715785e-7 4.238622e-8 3.888141e-7 0.000003024085
          0.00001761163 0.000003193741 0.00001969246 0.00004736508 0.00005622057 0.00006133186
          0.00009329003 0.00003606315 0.00001599113 0.00008854018 0.0000606699 0.000006167991
          0.00000223925 0.00003152459 0.00001317786 7.737021e-7 2.563217e-7 0.000004893102
          0.000001730289 8.173776e-8 2.530423e-8 5.946464e-7 2.006535e-7 7.759301e-9
          2.428801e-9 6.745598e-8 2.293336e-8 8.010125e-10 3.057755e-10 8.034187e-9
          3.088952e-9 1.895194e-10 3.814208e-10 2.001233e-9 4.673667e-9 1.087188e-9
          2.406686e-9 1.428405e-8 3.083e-8 4.250119e-9 1.055462e-8 4.236118e-8
          4.298072e-8 8.23193e-8 8.634569e-7 1.156375e-7 0.000001025904 0.000008251805
          0.000069479 0.000009516026 0.00007814449 0.0004977667 0.002525794 0.0005430175
          0.002646818 0.01026479 0.006087468 0.01049454 0.00619473 0.007029166
          0.00322156 0.001003057 0.007066174 0.003236218 0.001007316 0.0001344144
          0.00001661043 0.0001349246 0.00001667055 0.00000182112 1.707159e-7 0.000001827327
          1.712202e-7 1.410153e-8 1.272279e-9 1.409828e-8 1.228418e-9 2.05648e-10
          8.414618e-11 1.578794e-10 3.585947e-11 6.449822e-11 6.074825e-11 1.608636e-11
          1.249753e-11 5.978383e-11 5.980473e-11 1.181234e-11 1.20864e-11 6.345998e-11
          9.28859e-11 1.47453e-11 3.481785e-11 3.748285e-10 3.448983e-9 2.283135e-10
          2.375599e-9 3.530692e-8 3.263832e-7 2.496136e-8 2.341273e-7 0.000002684674
          0.00001789527 0.000001955175 0.00001402891 0.00006715849 0.0001284326 0.00006458609
          0.0001540919 0.0001615963 0.0001537613 0.0002310903 0.0002660862 0.0001113606
          0.00006154833 0.0002482786 0.0001868478 0.00002734125 0.00001064409 0.0001124284
          0.00005504269 0.000003918843 0.000001426795 0.00002327024 0.000009254365 5.235999e-7
          1.949478e-7 0.000003675091 0.000001481177 7.437218e-8 3.032293e-8 6.134468e-7
          2.6819e-7 1.916732e-8 4.465756e-8 1.579064e-7 3.185903e-7 1.508237e-7
          3.484594e-7 0.000001233348 0.000003322262 4.748715e-7 3.937184e-7 0.000004766134
          0.000003745944 3.264397e-7 0.000001341062 0.00000207885 0.000002297684 0.00001162312
          0.0000930193 0.00001426553 0.0001105033 0.0006044247 0.002773242 0.0006667317
          0.002873855 0.01071801 0.006291577 0.01089953 0.00635695 0.007113929
          0.003252431 0.001011685 0.007168521 0.003269167 0.001015922 0.0001354021
          0.00001672677 0.0001358234 0.00001677617 0.000001833152 1.717224e-7 0.00000183829
          1.721833e-7 1.413089e-8 1.22485e-9 1.417881e-8 1.241454e-9 1.516504e-10
          2.985809e-11 1.670445e-10 4.735783e-11 1.050943e-11 7.529666e-12 3.021996e-11
          3.015395e-11 7.364074e-12 8.139121e-12 3.262071e-11 3.662125e-11 1.03971e-11
          2.420483e-11 4.114847e-11 5.305002e-11 1.443942e-10 1.438206e-9 1.20149e-10
          7.838474e-10 1.512907e-8 1.437663e-7 7.794337e-9 7.453618e-8 0.000001209525
          0.00000899714 6.287049e-7 0.000004698474 0.00005006641 0.0001552649 0.00002967365
          0.0001236834 0.0002779537 0.000362872 0.0002871858 0.0004315369 0.0003945682
          0.0003677957 0.0005199826 0.0005501137 0.0002916024 0.0001937939 0.0005194856
          0.0004356256 0.0001078763 0.00005217098 0.0003206404 0.0002061895 0.00002335069
          0.00001019444 0.000117074 0.00006059474 0.000004545253 0.000002118888 0.0000302037
          0.00001513913 0.000001162679 0.000001687358 0.000008129208 0.000007206522 0.000007474791
          0.00002638503 0.00002658497 0.0001213683 0.00004191514 0.00003127261 0.0002354131
          0.0002001425 0.00001557963 0.000007776947 0.000105027 0.00004252812 0.00001776397
          0.0001223243 0.00003051414 0.0001320377 0.0007009362 0.002916756 0.0007158676
          0.002925852 0.0110224 0.006387825 0.01110119 0.006395546 0.007226642
          0.00328577 0.001019912 0.00728553 0.003301819 0.0010236 0.0001361855
          0.00001681851 0.000136495 0.00001685555 0.00000184281 1.726719e-7 0.000001847429
          1.736697e-7 1.429594e-8 1.330133e-9 1.489941e-8 1.914577e-9 2.579717e-10
          1.49047e-10 8.663943e-10 8.188694e-10 1.417014e-10 1.557506e-10 8.627014e-10
          9.536661e-10 1.699519e-10 1.898652e-10 1.028735e-9 1.135313e-9 2.070908e-10
          2.329805e-10 1.221182e-9 1.341182e-9 2.811833e-10 5.951523e-10 1.4501e-9
          1.694453e-9 3.670427e-9 3.335178e-8 2.97839e-9 1.49322e-8 2.843804e-7
          0.000002150493 1.200125e-7 9.379642e-7 0.00001445926 0.00007754174 0.000006663004
          0.00004189004 0.0002511087 0.0004650951 0.0001845142 0.0004491878 0.0006224147
          0.0007175115 0.0006996429 0.0008780468 0.0007513522 0.0007220091 0.0009876855
          0.001029618 0.0006361666 0.0005120716 0.001004924 0.0009216746 0.0003747139
          0.0002497002 0.0007940827 0.0006423682 0.0001541155 0.00009041399 0.000489678
          0.0003542387 0.00005262876 0.00003432925 0.000246874 0.000171173 0.00004937371
          0.0001899378 0.0001326137 0.000177641 0.0005083371 0.0006925724 0.0004499146
          0.0009575767 0.0005042974 0.0002281314 0.001164917 0.0008241112 0.00009934731
          0.0001620131 0.00040161 0.0003005278 0.0007327434 0.002927108 0.0007947111
          0.002939044 0.01114531 0.006389692 0.01115447 0.006374994 0.007342999
          0.003317171 0.001026986 0.007397844 0.00333227 0.001030198 0.0001367715
          0.00001689521 0.0001370974 0.00001699735 0.000001857487 1.799729e-7 0.000001928083
          2.465432e-7 2.072193e-8 7.941671e-9 8.813418e-8 7.865661e-8 7.207922e-9
          7.672817e-9 8.204406e-8 8.789411e-8 8.18346e-9 8.892125e-9 9.385531e-8
          1.009696e-7 9.512569e-9 1.031597e-8 1.079002e-7 1.159529e-7 1.101755e-8
          1.191138e-8 1.237571e-7 1.327306e-7 1.270992e-8 1.376356e-8 1.415195e-7
          1.516988e-7 1.512224e-8 2.078554e-8 1.619319e-7 1.750228e-7 6.488332e-8
          4.281917e-7 2.041323e-7 3.831394e-7 0.000003144557 0.00002154846 0.000001740579
          0.00001150942 0.0001178012 0.0003781278 0.00007122012 0.0002856744 0.0007217383
          0.001027711 0.0006584728 0.001101784 0.001246895 0.001379444 0.00151342
          0.001800187 0.001434881 0.001418511 0.001969925 0.002046139 0.001338229
          0.001207697 0.002039531 0.001960264 0.001046626 0.0008751627 0.001823544
          0.00164921 0.0007104485 0.0005661814 0.001457562 0.001266984 0.000452086
          0.0003863952 0.001092189 0.0009471473 0.0004330901 0.0007257671 0.000853942
          0.0008649317 0.001233534 0.00142723 0.001061711 0.001371207 0.001061782
          0.0007089722 0.001480713 0.001263211 0.0009920461 0.002997501 0.001359813
          0.003141016 0.01113086 0.006354978 0.01108626 0.006336053 0.007451148
          0.003348963 0.001033911 0.007510906 0.003373266 0.001042285 0.0001380348
          0.00001770294 0.0001439472 0.0000235471 0.000002600963 9.261828e-7 0.000008495052
          0.000006951942 7.889453e-7 8.1537e-7 0.00000702586 0.000007373542 8.635829e-7
          9.235932e-7 0.000007829745 0.000008367654 9.870366e-7 0.000001058312 0.000008946563
          0.000009581917 0.000001131575 0.000001212354 0.0000102491 0.00001096961 0.000001294675
          0.000001384715 0.00001171839 0.00001252065 0.000001477071 0.000001579177 0.00001335806
          0.00001426859 0.000001684804 0.000001799327 0.00001522832 0.00001624609 0.000001921218
          0.000002124315 0.00001727996 0.00001839023 0.000002963491 0.000008652552 0.00001989115
          0.00002466533 0.0000460836 0.000210704 0.00005167758 0.0001817277 0.0005529705
          0.001031512 0.0004841862 0.0009094342 0.001656401 0.002249635 0.001571439
          0.002513037 0.00265344 0.002887644 0.003419083 0.004032833 0.002996892
          0.003002347 0.00438492 0.004553657 0.002919545 0.002766114 0.004578807
          0.004482085 0.002564297 0.002336644 0.00428977 0.004025598 0.002103405
          0.001882697 0.003715617 0.003387075 0.00169144 0.001548947 0.003065053
          0.002772006 0.001481411 0.001512792 0.00252624 0.00234279 0.001613983
          0.001644458 0.002230026 0.002188736 0.001807653 0.003399397 0.002383112
          0.003832629 0.01106004 0.006337088 0.0111469 0.006412666 0.007610778
          0.003423748 0.001083823 0.007870257 0.00352025 0.001363679 0.0001880124
          0.0000693876 0.0005101365 0.000403461 0.00005499374 0.00005460065 0.0003861558
          0.0003935535 0.00005629039 0.00005916641 0.0003989779 0.0004180036 0.00006285218
          0.00006714209 0.0004362179 0.0004643378 0.00007174431 0.00007678998 0.0004879467
          0.0005209646 0.00008209345 0.00008781616 0.0005488593 0.0005861758 0.00009376602
          0.0001001253 0.0006178374 0.0006589058 0.000106755 0.000113972 0.0006942157
          0.0007402613 0.0001216203 0.0001297154 0.0007818117 0.0008331622 0.0001378961
          0.0001463251 0.0008774384 0.0009304821 0.0001549909 0.0001666609 0.0009782172
          0.001034201 0.0001979986 0.000320971 0.001108626 0.001268574 0.0006021178
          0.0009739514 0.001549604 0.001871422 0.001520381 0.002519394 0.002264326
          0.003045386 0.004004157 0.005429383 0.004655125 0.006835911 0.006401227
          0.006985614 0.008803736 0.01040094 0.007296302 0.007376688 0.01167515
          0.01242757 0.0072592 0.006967273 0.01272522 0.01251715 0.006536535
          0.006013891 0.0119025 0.01099514 0.005446426 0.004881266 0.009919807
          0.008816181 0.004359353 0.003902156 0.007775099 0.006800036 0.003525641
          0.003263658 0.005946771 0.005285172 0.003295153 0.004548921 0.004990269
          0.006019283 0.0115598 0.006787075 0.01305141 0.00839273 0.008285334
          0.003348525 0.003770647 0.003017645 0.002591277 0.001809644 0.002777344
          0.002761212 0.001333249 0.001269196 0.002469268 0.002599406 0.001209318
          0.001243037 0.002348296 0.002527072 0.001223497 0.00128994 0.002306856
          0.002526304 0.001305391 0.001398448 0.002313968 0.002558615 0.001427451
          0.001535123 0.002348318 0.002609666 0.001574441 0.001694295 0.002395319
          0.002663586 0.001741971 0.001871504 0.002440084 0.002710856 0.001926573
          0.00206814 0.002483327 0.00275286 0.002137601 0.00229168 0.002512593
          0.00277101 0.002366048 0.002523343 0.002589617 0.002800117 0.002612816
          0.002766045 0.002853055 0.003040932 0.00289626 0.003052364 0.003269657
          0.003507714 0.003220539 0.003393659 0.003781398 0.004342444 0.003600186
          0.004011839 0.005575245 0.007333694 0.004836444 0.005909139 0.009394655
          0.01423776 0.007357289 0.01018497 0.02229988 0.02460649 0.01426478
          0.0176381 0.02670169 0.02620721 0.02055828 0.02163653 0.02474572
          0.02295336 0.02130807 0.01989602 0.02099667 0.01918116 0.01788668
          0.01567905 0.01679493 0.01326096 0.01346651 0.01114472 0.01017424
          0.008453241 0.009123021 0.007557586 0.007190301 0.008401718 0.006564631
          0.006936419 0.01516423 0.0103123 0.008901601 0.009280401 0.1687131
          0.4359102 0.4310734 0.43528 0.1664728 0.4360336 0.4363865
          0.4381734 0.4399696 0.1711665 0.4359394 0.4345871 0.1690213
          0.4340233 0.1654744 0.4368713 0.4373002 0.1653068 0.437808
          0.4383155 0.4339742 0.1680603 0.4339461 0.4340321 0.167706
          0.4341384 0.1653289 0.4388627 0.4394322 0.1654213 0.4400378
          0.440677 0.4342551 0.1674528 0.4343775 0.4345074 0.1672183
          0.4346617 0.1655865 0.4413509 0.4420569 0.1658207 0.4427905
          0.4435445 0.4348467 0.1670263 0.4350381 0.4352191 0.1668763
          0.4353904 0.1661156 0.4443099 0.4450734 0.1664587 0.4458188
          0.4465173 0.4355488 0.1667395 0.4356526 0.435677 0.1665712
          0.4355974 0.1672813 0.4472561 0.4490123 0.1697821 0.4518576
          0.4552468 0.4354008 0.1663165 0.435096 0.4347057 0.165943
          0.4342968 0.1715922 0.4556154 0.4540273 0.1695704 0.4523398
          0.4511345 0.4337725 0.1654544 0.433063 0.432221 0.1647925
          0.4315071 0.1684132 0.4505432 0.4504233 0.168239 0.4505993
          0.4508692 0.4309362 0.1641078 0.4303638 0.4298091 0.163389
          0.4292092 0.1681559 0.4510118 0.4509061 0.1676936 0.4502781
          0.4488468 0.4284621 0.1625839 0.4275175 0.4263312 0.1615866
          0.4248194 0.1659853 0.4462514 0.4421352 0.1596529 0.4369488
          0.4398533 0.4228652 0.1599043 0.4197834 0.4127483 0.1520206
          0.3967756 0.123529 0.4164915 0.2094895 0.3597102 0.1083288
          0.1967682 0.4339666 0.7008755 0.6918658 0.703639 1.00354
          1.003803 1.003484 0.4353534 0.705352 0.7065502 1.003463
          1.003463 0.4357521 0.7076316 0.7084675 1.003458 1.003454
          0.4362161 0.7092088 0.7099013 1.003448 1.003442 0.703004
          0.7043442 0.7002814 0.4395358 0.6983716 0.696787 0.4377711
          0.6958454 0.6954273 0.4351279 0.6952791 0.6952603 0.4342224
          0.4366481 0.7105713 0.7112256 1.003435 1.003428 0.4370738
          0.7118719 0.7125155 1.003421 1.003415 0.4375577 0.7131593
          0.713811 1.003408 1.0034 0.4380558 0.7144715 0.7151408
          1.003393 1.003385 0.6953314 0.6954375 0.4339924 0.6955552
          0.6956929 0.4339494 0.6958885 0.6961131 0.4339815 0.6963451
          0.69658 0.4340852 0.4385878 0.7158206 0.7165143 1.003378
          1.00337 0.4391427 0.7172227 0.7179457 1.003362 1.003354
          0.4397314 0.7186838 0.7194378 1.003346 1.003338 0.4403527
          0.7202079 0.7209938 1.003329 1.00332 0.6968195 0.6970643
          0.4341955 0.6973137 0.6975672 0.4343159 0.697824 0.6980851
          0.4344408 0.6983559 0.6986524 0.43458 0.44101 0.7217945
          0.7226099 1.003311 1.003302 0.4417 0.7234404 0.7242845
          1.003293 1.003283 0.4424207 0.72514 0.7260049 1.003274
          1.003265 0.4431654 0.7268772 0.727754 1.003256 1.003247
          0.6989698 0.699296 0.4347519 0.6996247 0.6999515 0.434943
          0.7002737 0.7005893 0.4351304 0.7008963 0.7011923 0.4353043
          0.4439264 0.728632 0.7295073 1.003239 1.003231 0.4446927
          0.7303752 0.7312295 1.003224 1.003217 0.4454492 0.732064
          0.7328689 1.003211 1.003207 0.4461718 0.7336296 0.7343309
          1.003203 1.003201 0.701473 0.7017333 0.4354749 0.7019685
          0.7021738 0.4356091 0.7023438 0.7024732 0.4356763 0.7025567
          0.7025902 0.4356516 0.4468435 0.734957 0.7355037 1.003201
          1.003202 0.4479701 0.7360247 0.736711 1.003203 1.003204
          0.4502522 0.7378334 0.7397243 1.0032 1.003195 0.4537762
          0.7419493 0.7433523 1.003187 1.003183 0.7025739 0.7025271
          0.4355131 0.7024538 0.702343 0.4352617 0.7021985 0.7020509
          0.4349071 0.7019676 0.7019087 0.434506 0.4558237 0.743631
          0.7431573 1.003186 1.003193 0.454903 0.7424261 0.741654
          1.003203 1.003214 0.4531556 0.7409245 0.7402728 1.003226
          1.003237 0.4516575 0.7398812 0.7397263 1.003245 1.003252
          0.7018065 0.7016426 0.4340559 0.7014074 0.7011007 0.433441
          0.7007349 0.7003348 0.4326484 0.699935 0.6995527 0.4318302
          0.450764 0.7397239 0.7398481 1.003257 1.003261 0.4504397
          0.7401235 0.7405185 1.003264 1.003266 0.4504807 0.7409592
          0.7414215 1.003266 1.003266 0.4507435 0.7418622 0.7422343
          1.003267 1.003269 0.6991811 0.6988113 0.4312197 0.6984342
          0.6980535 0.4306511 0.6977305 0.6974358 0.430084 0.6971021
          0.6967096 0.4295228 0.4509593 0.7425083 0.742668 1.003273
          1.00328 0.451008 0.7426772 0.7424793 1.003288 1.003299
          0.4506735 0.7420263 0.7412716 1.003314 1.003332 0.4496841
          0.7401665 0.7386526 1.003355 1.003383 0.6962451 0.6956986
          0.4288585 0.6950764 0.6944215 0.4280159 0.6936893 0.6928398
          0.4269592 0.691849 0.6907009 0.425623 0.4477159 0.7366466
          0.7340703 1.003417 1.003456 0.4444004 0.7309095 0.7271457
          1.003501 1.003553 0.4394815 0.7228004 0.7182171 1.003615
          1.003681 0.4360211 0.714685 0.7164074 1.003721 1.0035
          0.6893993 0.6880224 0.4239125 0.6865102 0.6845435 0.4215915
          0.6817163 0.6774166 0.4170735 0.671085 0.662838 0.4063598
          0.4417759 0.7277384 0.712828 0.9958688 0.990156 0.660457
          0.6518543 0.3847337 0.02422248 0.05235537 0.01274419 0.07327055
          0.4606215 0.3328403 0.5934994 0.3613056 0.8751893 0.05122637
          0.01260145 0.02367456 0.5565023 0.3581076 0.2951022
        </DataArray>
        <DataArray type="Float64" Name="sigma_yy" format="ascii" RangeMin="-0.013088159934000003" RangeMax="0.01672379054">
          -0.0032357298 -0.0027213845417499993 -0.0013547237721999996 -0.0015450743406500004 -0.0024418901880500004 -0.0012672931579750003
          -0.0002640977096250005 -0.00045643463590000033 -0.00003608965479999978 -0.002477122018775 -0.001299863742875 -0.0025073221403999995
          -0.00132014315095 -0.000039879735225000146 -0.000046750442177500166 -0.0025371900458500017 -0.001337780479675001 -0.0025645791417250006
          -0.0013532175561750007 -0.00005064519175499973 -0.00005281911562250006 -0.0025886675730049987 -0.0013664847051599995 -0.0026095916510124988
          -0.0013778210258524998 -0.000054010872519999915 -0.0000545360611250005 -0.0026277091061875004 -0.0013874907758900004 -0.0026433613171340012
          -0.0013957003052225004 -0.0000545279885249997 -0.00005404105337499977 -0.002656884442010002 -0.0014026300016000011 -0.0026685420634434995
          -0.0014084099494499997 -0.00005308156824999984 -0.00005162745792500026 -0.0026785566904875 -0.0014131309960499993 -0.00268711318261
          -0.001416846257775 -0.00004961660307499988 -0.00004694711252500015 -0.002694328438660001 -0.0014195460030250004 -0.0027002643334499993
          -0.001421113820799999 -0.000043442456024999685 -0.00003886752024999938 -0.0027048939666499995 -0.0014213419781500002 -0.0027083550375750004
          -0.0014199378732250008 -0.00003285622450000046 -0.00002750981474999984 -0.002710382821175 -0.0014186871948749999 -0.0027161423341000002
          -0.0014296152609249997 -0.000041472783499999565 -0.00040823551674999995 -0.0027274898162 -0.0016803467532499996 -0.0029842727329999997
          -0.003680308644825 -0.002535652894749999 -0.0034942963815 -0.007084781026750002 -0.004959107676249999 -0.0026228358825
          -0.0016191235175000002 -0.0018292721574999999 -0.000033794639999999864 -0.0009418892525 -0.00038286795750000003 -0.0011176417575000004
          -0.0002794834225000001 0.00031159636500000004 0.0010080563425000004 -0.0009484315224999999 0.00005692679249999987 -0.00034692791500000005
          0.000990844775 0.0019533521099999998 0.0019688151175 0.0010477708949999996 0.0012531039749999998 -0.0005012488212499997
          -0.00003992205725000006 0.0010768018734999994 0.0003130232982499996 -0.0023192670025 -0.0010378735127500004 -0.0024834879459499997
          -0.00129150657275 0.00005515148450000037 -0.00006258323750000001 -0.0025037382817999997 -0.0013400017950000002 -0.002507973104624999
          -0.0013428705062499997 -0.00010319247300000017 -0.00010743865325000016 -0.0025069876215249995 -0.0013391166122499994 -0.0025078831702749983
          -0.0013365977416249992 -0.00010112938899999992 -0.00009317896275 -0.0025118732381749997 -0.0013358918335999996 -0.002518956782975
          -0.00133679858315 -0.00008554665549999982 -0.0000785276639999996 -0.0025271148818750006 -0.0013385252215250003 -0.00253462752465
          -0.0013403825209999999 -0.0000722735864999999 -0.00006689130399999997 -0.002542073055124999 -0.0013426400773749998 -0.0025498787672500007
          -0.001345337968225 -0.00006244777240000026 -0.00005876627154999992 -0.0025578906160250007 -0.0013482369762000004 -0.0025657487308
          -0.0013509810532000002 -0.00005564799924999973 -0.00005277034395000042 -0.0025734226974750015 -0.0013533783646700005 -0.002582300781144999
          -0.0013556928720227495 -0.00004957674197500019 -0.00004491399050000019 -0.0025949618471249997 -0.0013579980909425 -0.0026043403758300005
          -0.0013531135810022498 -0.00003676458449800021 -0.000031509092961499764 -0.003060142615875001 -0.0015525434706875007 -0.0033017936055000007
          -0.0016362885620500006 -0.00033411139837700044 -0.0006150397555769999 -0.00019027951542500054 -0.0003904607397499998 0.000027850111922500333
          -0.0001841972435499995 -0.0003900052801999997 0.000023603543399999606 0.000036448319625000065 0.00003539607632750022 0.00002531989629999985
          0.000024233343275000212 0.00003368045730000046 0.00003274885075000026 0.000023194592524999685 0.000022373251124999675 0.00003263733017499994
          0.000033270091449999996 0.00002219219422499981 0.00002287419455000052 0.00003458947290000028 0.000036557667175000436 0.000024485710749999854
          0.000027011557749999946 0.000039159025675000235 0.00004240583950000002 0.000030403162250000138 0.00003460286974999985 0.00004634047674999993
          0.00005104978225000008 0.00003956117850000003 0.00004521368025000014 0.00005663971150000021 0.00006329257149999962 0.0000515753237499996
          0.00005579130374999982 0.00006847937600000028 0.00004614790325000036 0.000024215942500000226 -0.0006195751832500003 -0.00045438165549999934
          -0.0026626368727499998 -0.0028612417692499992 -0.003353486965852 -0.0033768872220000003 -0.0015917784734999995 -0.0013823199215000001
          -0.00007938769299999989 -0.00002678627650000021 0.00020511264749999993 0.00017027246599999978 0.0009967888825 0.0009669406225000002
          0.002149100725 0.00223004525 0.0018772825000000003 0.0020355485274999993 0.0011151462174999998 0.0008983375225
          0.00029350238750000025 0.0003604391852499996 0.0001819693095000005 0.00018680413000000048 0.00015301852075000046 0.00010713897449999992
          0.00003673170250000024 0.00011241615624999932 0.0000616075857500001 -0.00000973967474999961 -0.000028584356499999744 0.000016735582500000188
          -0.000011782515749999833 -0.0000299804847500002 -0.00002355974325000044 -0.000023389419249999574 -0.00002324553450000028 -0.000014623696249999929
          -0.000005525254750000127 -0.00001709925375000048 -0.00000895204400000033 0.000002793161749999952 0.000009989214999999555 -9.74712250000218e-7
          0.000005882642000000009 0.000015934533500000274 0.000020705571249999665 0.000011332739250000085 0.000015433064749999856 0.000024489570600000214
          0.000027631526599999965 0.000018411987750000194 0.00002057781035000028 0.00003067852427499996 0.000034440077949999586 0.00002226776737500046
          0.00002371217295000026 0.0000387708868250001 0.00003252789787499955 0.000025262411599999794 0.000021431525674999815 -0.0002625630659500001
          -0.0005434084973499998 -0.00026572268947500007 -0.0005497686759500004 -0.00018228602372499992 -0.0003882957500999997 0.00002367007032499974
          -0.00017643646774999998 -0.00038053190064999987 0.000028613685825000386 0.000020284602225000185 0.000015173233225000028 0.00002223582200000019
          0.000013575514750000133 0.000012546131999999625 0.00001120148024999985 0.00000809000900000023 0.000005111051500000032 0.000010821042500000047
          0.000011540809000000333 0.000003986670999999559 0.000004529619999999532 0.00001347054200000012 0.000016597730249999932 0.0000067183910000002815
          0.000010468485249999933 0.000020810397499999888 0.000025926241999999526 0.00001554516974999951 0.00002154130825000033 0.000031691818499999533
          0.00003790911250000002 0.000028024170500000045 0.00003128189100000036 0.00004137200024999955 4.61342499999727e-7 -0.000019194075999999404
          -0.0009434483912499999 -0.0007869623452499997 -0.0030222210589999996 -0.0031410892294999994 -0.0032171204740000002 -0.003301747175999999
          -0.0011850078314999998 -0.0010131104124999997 -0.00013715070164800012 -0.00011492197030000006 0.00008851620199999998 0.000012437125199999932
          0.0006635562715 0.0009069864395 0.0024542274624999995 0.0026191349364999995 0.0019136165600000007 0.001795532834999999
          0.0005810902475000001 0.0004108278050000003 0.0000775241600000001 0.00016262027749999996 0.0001397342949999999 0.0000658982925
          0.00009685158999999993 0.00015136048250000053 0.0001393654699999994 0.00011552987499999998 0.00011305578499999964 0.00011024069549999993
          0.00007260610924999993 0.00009554605000000015 0.00007114162999999991 0.00003625208900000007 0.00000854545499999966 0.00004712080275000007
          0.000027703968749999777 -0.000007311090750000191 -0.000012540587249999688 0.000014579533999999435 0.000007585158249999879 -0.000010828396500000074
          -0.000005881235499999466 0.0000053066259999998836 0.000005884012750000193 -2.2021975000030566e-7 0.00000484614149999995 0.000007714535499999962
          0.000009765804499999664 0.000008808078249999607 0.000011623339500000196 0.00001151282625000006 0.000012694900250000405 0.00001350266549999969
          0.000014472752500000103 0.000013093786999999411 0.00001261755750000027 0.000014631969024999525 0.000014801610800000221 0.000011776061499999843
          0.000011908903649999897 0.00001684523679999985 0.000014796680450000104 0.000014447096700000078 0.000012297781000000131 -0.0002728962520749997
          -0.0005590151675 -0.0002770642022000001 -0.0005640636382999997 -0.00016742669149999987 -0.0003694548883000006 0.00003672425264999994
          -0.0001573077365 -0.00035827243250000036 0.00004679077399999946 0.0000275398619999997 0.00001596158500000014 0.000034877850499999676
          0.000020613763250000187 0.000007619508000000438 0.0000023287594999997566 0.000009603802500000023 0.0000018052382500002648 -2.8629200000011425e-7
          -4.536937500003422e-7 -0.0000028505689999998434 -0.000004350221749999676 0.0000016833727499998953 0.000005909134749999904 -0.0000027648830000004787
          0.000001617130750000371 0.000011781755500000204 0.00001868914800000038 0.000008194963000000296 0.000012090052249999664 0.000022302624749999947
          -0.00003839596449999979 -0.00006060992125000019 -0.0012292762482500003 -0.0010891167992499995 -0.003219808356749999 -0.003257663562
          -0.0029739299795000004 -0.0031063741339999998 -0.0008733419985 -0.0007635702365000001 -0.0001674446069999999 -0.00015338721250000002
          -0.00004850096299999998 -0.00009505496450000001 0.00014948457599999986 0.00037838555180000013 0.002565353179 0.0022181130038
          0.0026448610424999997 0.0022166087699999996 0.0003566677000000001 0.0004041325675 0.0000367186249999997 0.00004582346750000034
          0.00002780911500000004 0.000015109922500000062 0.00001924519000000006 0.000044600729999999936 0.00006326150749999993 0.000025067317500000255
          0.00002883177749999998 0.00007455341249999945 0.00007633167249999995 0.00003220555499999976 0.00003802532999999995 0.00007095491500000038
          0.00006235727999999992 0.00004686254000000027 0.00005592384250000013 0.00005350930499999968 0.000045224970000000054 0.00006177667250000001
          0.00006270121749999979 0.00003758398600000004 0.0000309188839999996 0.00005911928850000008 0.000052674437500000194 0.000025657698249999753
          0.00002192189299999978 0.000045181563500000594 0.00003798736024999976 0.000019460307000000555 0.000017869937250000247 0.000031766913249999875
          0.00002663090500000016 0.000016689849500000382 0.000015458948750000068 0.000022349805249999695 0.000018709167999999552 0.000013855930250000039
          0.000012200009750000268 0.000015714743000000503 0.000013499531999999813 0.000011157521750000299 0.000011565406224999551 0.000012181906250000076
          0.000012278840699999718 0.000014118929300000067 0.000011510600649999822 0.000014434865399999792 0.00001134468275000019 -0.0002791312970500003
          -0.0005668051742500001 -0.00028033561514999983 -0.0005688153474000001 -0.00014804606600000015 -0.0003497465479999995 0.000057677597750000095
          -0.00014132282225000022 -0.0003459922544999998 0.00006811622600000043 0.000043620154750000085 0.000027080999499999985 0.000052973934000000384
          0.00003499386050000001 0.00001367382949999972 0.000003407305000000292 0.000019791458500000103 0.000007417251999999844 -0.000003544589750000174
          -0.000006850727499999816 -0.0000017405749999996975 -0.000006970472750000169 -0.000006308692500000018 -0.000002148796500000077 -0.000007815454749999778
          -0.000009433574000000511 4.409214999997526e-7 -0.00008841517925000008 -0.00012066446225000029 -0.0015195086409999995 -0.0013721891629999996
          -0.003255195102 -0.0032218262917499984 -0.0026403660265 -0.0028196796015000007 -0.000675676461 -0.0005986091275000002
          -0.00018447670649999982 -0.00017851764750000007 -0.0001273166299999999 -0.00014973980449999987 -0.00007966512950000012 0.0000072881474999999785
          0.0016031897969999993 0.0008739811319999998 0.003302680576500001 0.0030738186829999993 0.0005995005424999999 0.0010245150875000004
          0.0000390770525 0.000037955125000000475 0.000013335815000000003 0.00001563921499999976 0.000007921019999999836 0.000009690962499999803
          0.000004023292499999614 -0.000008196145000000287 -0.00003416117000000021 -0.00000565263249999992 -0.000012931395000000158 -0.000057427810000000495
          -0.00005778470500000019 -0.000008327699999999808 0.000010894775000000138 -0.000029973519999999937 0.000011259495000000023 0.000037197125000000025
          0.0000603152174999995 0.000049104407499999696 0.00007523824249999956 0.00007451924749999993 0.00007923203750000007 0.000088626855
          0.000091680535 0.00007662025250000022 0.00006948843200000005 0.0000876395550000002 0.00007940612274999973 0.00006027357475000045
          0.00005073409224999999 0.00006921923024999987 0.00005865539950000007 0.000041916056499999384 0.00003426731699999983 0.00004872454549999988
          0.00003997958149999974 0.000027937038749999893 0.000022880425750000194 0.000032641139250000367 0.000026650942250000244 0.00001894854399999989
          0.00001597649649999995 0.000021865208749999818 0.00001816458149999969 0.000013995443000000182 0.000013467025000000424 0.00001557985025000001
          0.000014522975500000145 0.000015040636825000207 0.000011416600775000322 0.000015634416300000307 0.000011570036799999526 -0.00028125234882499966
          -0.0005706670685500001 -0.0002820343628000002 -0.0005724227445999997 -0.00013838272874999974 -0.0003481490409999999 0.00007671214025000019
          -0.0001398575179999999 -0.00035612582850000016 0.00008211841200000006 0.00006172100999999976 0.00004347203074999977 0.00006827157974999962
          0.0000509848759999999 0.0000275102800000003 0.000013833962749999878 0.000035605315249999745 0.000021847672749999944 0.0000030487649999997963
          -0.000003926797999999911 0.000010200705249999683 -0.0000034516859999999347 -0.000011874491750000016 -0.00014784189850000032 -0.00015319684649999974
          -0.0017336502847499992 -0.0016526605242499996 -0.003178899603 -0.0031499917590999994 -0.0022202357654999994 -0.0024366529185
          -0.0005235113364999997 -0.0004521125454999998 -0.00016573344300000015 -0.00018098575400000007 -0.00016545062699999997 -0.00016377445200000014
          -0.00018110873150000003 -0.00014670996100000014 0.00027689209100000006 -0.00003405174149999993 0.002250412353 0.0030761334160000005
          0.0017357879550000002 0.0026519203774999995 0.00007923870000000005 0.00003403512499999993 0.00001865119750000018 0.00002636115250000011
          0.000019309987500000375 0.000010872059999999437 -0.000016762402499999787 -0.00002470126999999965 -0.00011449105750000016 -0.00006630147249999985
          -0.00011306854749999946 -0.00019832317249999997 -0.00018925810749999966 -0.00011524039250000037 -0.00006976828000000002 -0.00010626630000000012
          -0.000018319650000000122 -0.000009447902499999947 0.000041009930000000546 0.000044356135000000335 0.00008037169750000012 0.00007434492500000017
          0.0000922245850000002 0.00009743755750000045 0.00010310798750000016 0.00009873341499999999 0.00009757293749999993 0.00010214239999999958
          0.00009716196750000016 0.0000915280250000002 0.00008265209549999998 0.00008971517499999983 0.00008086264449999989 0.00007246893274999946
          0.00006208155750000019 0.00007140524599999979 0.00006195494725000024 0.000052239260999999986 0.00004338967950000044 0.00005295708200000034
          0.00004471000150000031 0.00003573949774999991 0.000029316699750000018 0.000037385830749999766 0.00003104983250000024 0.00002405795900000048
          0.0000198909297499998 0.000025696247750000107 0.000021314026000000506 0.00001686650099999988 0.000015398396749999855 0.000018011307500000022
          0.000016232036749999626 0.000016156130100000044 0.00001176287517499978 0.00001668118067500028 0.000012030089650000505 -0.00028269457910000016
          -0.0005740075928500003 -0.00028319766967499954 -0.0005753339913 -0.00014568755650000035 -0.00036873395800000007 0.00008333165525000006
          -0.00015526229175000033 -0.0003843006850000001 0.0000799802737499995 0.00007095229100000038 0.000055517372250000414 0.00006852333699999998
          0.000054961652749999924 0.00004207734099999953 0.00002952838800000024 0.00004440753125000051 0.00003148825475000014 0.000013600583000000076
          -0.00012565683925000053 -0.0000740886552499999 -0.001576802864 -0.001721218583 -0.00314991704925 -0.0031838484939999993
          -0.001853462416 -0.002013909187 -0.0003951291329999998 -0.00035555974789999994 -0.00015066353349999992 -0.00015093408750000014
          -0.00014354025100000016 -0.00013178095899999987 -0.0001440987805000002 -0.00016898974199999989 -0.00013171714750000003 -0.0001637301225000002
          0.00018783104749999993 0.0010760477350000002 0.0033898220174999995 0.0032782322975 0.0011953856849999998 0.0003728655975000001
          0.00004035823500000014 0.00002474594500000057 0.00004025473499999957 0.000033582092500000245 -0.00003698575000000005 -0.00006886139750000041
          -0.0003730879375000003 -0.00020179940999999948 -0.0003392140400000003 -0.00055977327 -0.0003834814724999997 -0.0002824325099999997
          -0.00013277087750000023 -0.00013733107500000016 0.000024049714999999555 -0.000009651319999999893 0.00006308842000000025 0.00009892714750000056
          0.0001221624725 0.00009663928249999975 0.00010828363749999953 0.0001245912324999993 0.00011965817000000009 0.00010955231499999974
          0.00010589327999999987 0.0001117269749999995 0.00010258770999999974 0.00009972378500000001 0.00009224605499999991 0.00009331383250000018
          0.00008450244999999964 0.00008412811499999953 0.00007576826275000037 0.00007635437775000029 0.00006882451225000033 0.00006742874249999993
          0.000059306218249999586 0.00006178040675000004 0.0000551092812499996 0.00005156791375000062 0.00004435440049999954 0.00004875972274999973
          0.000042739226249999914 0.0000377720989999999 0.00003188687624999942 0.000037087588750000215 0.000031858911249999956 0.000026734400499999557
          0.00002237039350000046 0.0000271151145000001 0.000022961822249999556 0.00001897258950000004 0.000017030597250000024 0.00001964151750000014
          0.00001770020075000065 0.00001725587772500029 0.000012416030349999795 0.000017850360649999736 0.000012922846825000037 -0.0002835044129750001
          -0.0005763295227000001 -0.0002835973236500005 -0.0005769703016500003 -0.00016783545950000008 -0.0004015152265000007 0.00007235699824999965
          -0.00018307918125000033 -0.00041995645350000006 0.000060806509250000405 0.000060604416999999965 0.00004791357624999973 0.00004771705675000041
          0.00003244669974999961 0.00003779770575000054 -0.000028946650750000128 -0.000013469304000000116 -0.0009067350589999995 -0.0012790016592499995
          -0.003232335766999999 -0.003200765935749999 -0.0018617468524999995 -0.0017875881995000006 -0.00032854790799999984 -0.0003122306650000002
          -0.000158949374 -0.00015731492449999975 -0.0001409659110000003 -0.00015633660300000003 -0.0001539656485 -0.00013792625900000015
          -0.0001528639359999999 -0.00014715610350000006 -0.00011570579500000005 -0.00008911471250000001 0.0020490187024999997 0.0006433616925000002
          0.003382538079999999 0.002515988275 -0.000009485824999999463 0.00029254499749999964 0.000013122889999999643 0.000032951350000000326
          -0.00014964536749999984 -0.0003246030375000004 -0.0011269125624999996 -0.0006823644425000002 -0.0008532961824999996 -0.0011849187799999994
          -0.0005418209725 -0.00047358202249999997 -0.0001026234649999998 0.000001812672499999497 0.00019343372750000004 0.0000918418499999997
          0.0001489658849999995 0.0002003218525000006 0.00017941202500000006 0.00015220261000000043 0.0001439319275 0.00016388196749999966
          0.00014927967499999998 0.0001330370700000004 0.00012054984750000002 0.00013260215000000024 0.00011502172999999994 0.00010750327500000014
          0.00009515287999999993 0.00009866647250000033 0.00008486894000000003 0.00008431920000000009 0.0000752179775000002 0.0000739279975000002
          0.00006548664950000021 0.0000676352810000001 0.00006117738075000002 0.000058931064000000126 0.00005364644999999993 0.00005545214050000042
          0.000050159743750000334 0.000049128416750000084 0.00004501704775000015 0.0000451197982499996 0.00004025319375000032 0.00004108599175000033
          0.00003721823300000017 0.00003555176000000001 0.00003105423100000041 0.000033380269999999655 0.000029595192749999796 0.000026834438250000513
          0.00002302737549999947 0.000025935452500000064 0.000022551489500000244 0.000019922271999999716 0.00001811411574999985 0.00001975813599999955
          0.000018190672499999353 0.00001833655057499977 0.000013446245900000248 0.000018602157499999942 0.000013857977299999983 -0.00028356245557500026
          -0.0005773484928 -0.0002835525859999995 -0.0005776361445999998 -0.00020156309424999993 -0.00043994775599999947 0.00004491824049999979
          -0.0002251462409999998 -0.000462236722 0.000021939431999999684 0.00002918452925000005 -0.000009449384249999837 -0.000006276118500000206
          -0.00039421125850000016 -0.0006074648199999999 -0.0029936678437499998 -0.0026755281729999997 -0.0023375809215 -0.0020649248449999998
          -0.0002919333420000001 -0.0002543436925 -0.00007411501250000004 -0.00015152193050000013 -0.00017020178949999994 -0.00016865545500000003
          -0.00021482109249999998 -0.0001802203884999999 -0.0001794642345000001 -0.00022300996499999997 -0.00021637565749999996 -0.0001670895200000002
          0.000015612507500000112 -0.00013358631250000007 0.001296277875 0.00272544476 0.00143009701 0.002818994377499999
          -0.00018576360749999993 -0.0001109282200000002 -0.0006352774050000006 -0.0010041556275 -0.002055799549999999 -0.00161935951
          -0.0015516301549999998 -0.0019465697924999996 -0.0005840083100000003 -0.0005713994949999998 0.00019327828250000002 0.00039668272999999934
          0.0003534363250000002 0.00029744751749999983 0.00023283626249999976 0.00023198341000000026 0.00020785519000000006 0.0001981979
          0.00018420919499999988 0.00020760881499999937 0.00019579994000000047 0.00016927643750000004 0.00014854081750000005 0.0001700210550000006
          0.0001391170099999996 0.00012539427000000014 0.00010397259749999996 0.00011093583750000017 0.00008881173750000059 0.00008644470499999969
          0.00007311973500000051 0.0000727528675 0.00006149034500000007 0.00006334880749999965 0.000056218180750000114 0.000053610054749999886
          0.0000479846945 0.000050892147000000436 0.0000467098254999995 0.000043809844999999876 0.00004052871174999998 0.000043190747999999496
          0.00004000438399999967 0.00003776301900000016 0.000035250434749999696 0.000036936469749999776 0.000033870678999999976 0.00003281777174999965
          0.000030360756249999723 0.00003075832200000002 0.000027610729500000177 0.000027828565000000394 0.000025221177999999954 0.00002449310174999954
          0.000021558601250000348 0.000022596032249999988 0.00002010160099999982 0.000019135676500000084 0.000017883816249999857 0.000018070126750000135
          0.000017177189500000363 0.000018572353800000233 0.000014058992449999757 0.000018197062699999783 0.000013970613799999788 -0.0002836967788
          -0.0005779935823999998 -0.00028409304220000046 -0.0005785532341000001 -0.00025881454924999955 -0.0004883296535000006 -0.00001818977127499942
          -0.00031742413079999975 -0.0005238594609500003 -0.00020627228202499978 -0.00025997512825000026 -0.002298109836975 -0.0018987630442
          -0.0027350460609999994 -0.0025817064734999996 -0.00034443896549999985 -0.0005275899919999997 0.00007371173700000017 0.00006076777199999985
          -0.000006753512500000301 0.00011536724999999997 0.00008824853249999996 -0.00018625226249999982 -0.0002949113324999999 -0.00012560079500000015
          -0.0004127773600000001 -0.0002985039549999999 -0.0002547841149999999 -0.00046499040749999987 -0.00028135601000000025 0.000280795319956
          0.0031321815275 0.0022220538900000002 0.0018887503225000003 0.0005079745499999997 -0.0012134561325 -0.0010818189099999998
          -0.00247601481 -0.0023662094200000003 -0.002220780524999999 -0.0021846697800000005 -0.0009626583674999997 -0.0007360094599999998
          0.00042227976 0.000003595452499999881 0.00011456666000000016 0.0003228874549999998 0.00018527854749999964 0.000033599427500000394
          0.00017425810999999972 0.00020741194749999975 0.00023807759250000024 0.00027574153500000033 0.0002904523800000003 0.00023370958000000052
          0.00020013776750000056 0.0002442599274999999 0.00018119979749999928 0.00015718227499999932 0.00011941818749999932 0.00012920881999999983
          0.00009401171250000113 0.00009151941500000034 0.00007247383000000015 0.00007183730499999982 0.000057882737499999356 0.00005977068499999998
          0.00005119377924999954 0.000048798166999999634 0.00004257281274999943 0.000045228710750000455 0.0000409132684999997 0.00003810767074999934
          0.00003475771450000002 0.000037643612499999496 0.00003502686500000047 0.000032141642249999944 0.00003000265400000018 0.00003279416950000055
          0.0000307566639999999 0.000028154963749999553 0.0000264630310000005 0.00002878005950000048 0.000026774707500000007 0.00002482204850000026
          0.000023159096749999955 0.000024694375999999793 0.00002253139824999949 0.00002143050549999971 0.000019629104250000262 0.000020336226500000287
          0.000018248435999999575 0.00001779839524999971 0.000016072784500000333 0.000016600594500000146 0.00001607807052500061 0.000014781401749999782
          0.000014611550749999769 0.00001745007962499955 0.000013536023750000009 0.000016329513949999955 0.000012724822474999852 -0.00028481524387500017
          -0.00057941573555 -0.0002859060111999998 -0.0005806388719500001 -0.0004886618560000004 -0.0005917867514999999 -0.00150500971675
          -0.0013629284874999998 -0.0007708733805000003 -0.0027547293192499997 -0.0027923394505000006 -0.0007730222055000001 -0.0010877679527
          0.000011209590299999859 0.00006259229049999991 0.00012816110450000005 0.00012222595799999983 0.00013683607749999992 0.00013695649149999994
          0.00017168105799999998 0.00015225713250000006 0.00020236060650000005 0.00008561660500000012 -0.0004479103299999998 0.00033089060400000005
          -0.00009507642249999997 -0.0007806344250000001 0.00038666345959999997 -0.00120167004 0.0017286673150000002 0.002991223502544
          -0.0005424301425000005 0.0006406345574999998 -0.0020855466749999997 -0.0023694667849999997 -0.001963979533499999 -0.0019667976114999992
          -0.0006869102955000001 -0.00089077775 -0.0005235694600000001 -0.0004828059794999999 -0.0006502047650000001 -0.0004820339425000002
          -0.0004920500025000003 -0.0013396129049999999 -0.0012058068050000003 -0.00003624308750000045 0.0002922107499999993 -0.000014601210000000182
          0.0004939391799999994 0.0003768887850000003 0.00031231848750000056 0.00042635555999999907 0.0002552256700000003 0.00021332174249999984
          0.00013971309750000023 0.00014871976750000011 0.00009419007250000038 0.00009549725249999969 0.00007027492250000027 0.00006670299500000033
          0.000051685017499999365 0.00005544384749999887 0.000046092828499999934 0.00004242384049999982 0.00003613268700000009 0.00003973645550000008
          0.000035167328500000595 0.00003159763725000021 0.00002821865725000043 0.0000317530195000002 0.000029107384499999803 0.000025627953500000544
          0.000023598095499999717 0.00002699434674999988 0.000025238505749999824 0.000021956660999999827 0.000020575233499999716 0.000023707503249999817
          0.000022297209749999935 0.00001935339675000046 0.0000182113302499995 0.000020927561249999727 0.00001953817949999959 0.000017086658249999744
          0.000015932547499999963 0.000018092476750000364 0.000016586565749999928 0.000014724983750000353 0.000013462380500000144 0.000015060133500000136
          0.00001364594750000042 0.000012187810750000124 0.00001103197044999974 0.000012669141449999924 0.000012819250149999793 0.000010320389300000212
          0.000010744145150000108 0.000014852121074999838 0.000011528780700000153 0.000013044704050000336 0.000009955509724999805 -0.00028737433902499966
          -0.0005822428061999998 -0.0002892073300999998 -0.0005842079986499999 -0.0027205134249999987 -0.000986254155 -0.0014647696126399996
          -0.00179903282025 -0.0014408665549999987 -0.00019532267781000015 -0.000119534508 0.000041241123799999854 0.00008593717704999982
          0.00010618497980000014 0.00006412684079999984 0.00008718218489999991 0.00012134386604999976 0.00015249752100000006 0.0001198773037000001
          0.0001707685379999999 0.00020199480055000014 0.00027789084275000014 0.0003346728794999998 0.0005975814839999997 0.0004480006329999999
          0.0009781036547999997 -0.00040990166 0.0011680261878999998 0.0014563949088749993 0.00109409722825 -0.0014023154074999998
          -0.002143690850999999 -0.0011078124571250003 -0.0008350998427500001 -0.0006570788148999999 -0.0003199067549200001 -0.00015981243440000003
          -0.00010332803083000005 -0.00037579267649999985 -0.0007380734805000001 -0.00019337563224999988 -0.0005267322727500001 -0.00183019836
          -0.0027048322825 -0.0013031987437499997 -0.00400053460625 0.000023254254999999745 0.0006417495675 -0.0000768914825000004
          0.0002832001875000007 0.00029578238500000027 0.00014556243249999932 0.000046612602499999944 0.000041226297749999245 0.00008376839999999931
          0.000057784956250000015 0.0000359129177500004 0.000030323453750000153 0.00004459744425000043 0.00003635137574999979 0.000025263948499999583
          0.000021323708000000565 0.000030617287250000175 0.000026475233000000126 0.00001844316474999947 0.0000163854492499999 0.000023423388249999935
          0.00002114795824999944 0.000014911312249999593 0.000013846583750000313 0.00001939960600000003 0.000018032586000000335 0.000013051304249999991
          0.00001241946249999966 0.0000169106547500005 0.00001594305324999995 0.000011876591000000235 0.000011361941250000071 0.000015055454249999883
          0.000014191089250000294 0.000010834491549999695 0.000010259062975000038 0.000013305664500000183 0.000012369725750000493 0.000009613633000000416
          0.000008882480750000553 0.000011368331399999775 0.000010308372274999968 0.00000806239679999996 0.000007170652674999981 0.000009238172399999879
          0.000008289775524999547 0.000006260828424999598 0.000005468837725000259 0.000007789525699999607 0.000008428167799999544 0.000005123140900000065
          0.000005913798450000155 0.000010937411100000474 0.000008023286050000377 0.000008563684850000212 0.000005756887050000062 -0.0002913721998500004
          -0.0005864926883000005 -0.0002938242065250006 -0.0005890357367500003 0.00004495770377499976 0.000012665091549999708 0.000023941782649999883
          -0.0000018650149999991641 -0.00031905141999999907 1.3499300000033754e-7 0.00001309629550000006 0.000008742834349999345 -0.000006303877750000515
          -0.000008949495999999589 0.000006984346625000242 0.000006334780950000268 -0.000008364097750000338 -0.0000065942260000009925 0.000006187854850000604
          0.000006263735900000479 -0.000004621997499999038 -0.000002808078999999743 0.000006438064999999543 0.000006640123849999683 -0.0000012570160000002308
          2.2555750000040022e-8 0.000006812628199999674 0.000006931706674999515 0.0000010360529999992825 0.000001820730750000887 0.000006977921775000117
          0.0000069210902149998555 0.0000023850064999995315 0.0000027442044250000696 0.0000067560746625001435 0.00000646810039249965 0.0000029073984499999267
          0.0000028817512749999124 0.000006053267027499709 0.000005510058122499962 0.000002673909224999994 0.000002294673999999945 0.000004847405334999899
          0.000004090149995000565 0.0000017603194249993882 0.0000011023096499996784 0.000003298042975000139 0.0000026122663000001657 3.862614250002191e-7
          -2.448275750002049e-7 0.000002361191827500663 0.0000032374494300001263 -4.6079390000027295e-7 4.3238929999966883e-7 0.000005955720822499583
          0.0000031853193199997328 0.0000031422891149999627 3.35487449999931e-7 -0.00029651633857499967 -0.0005917686854 -0.0002993984717399997
          -0.0005946218590499999 -0.00019565774725000115 0.0011634054533749994 0.0015384520425 -0.0001631886550000003 0.0002110979917500003
          0.0023103868595000005 0.00030813751425 -0.0005995668392 0.0019458731163499994 -0.0005925266642500002 0.0013309508189999996
          -0.0007196194642499999 0.00020571850949999978 0.0025375018664999995 0.0020798445999999993 -0.0007332626185000001 -0.000024720709999999942
          -0.0007321112694999997 -0.0000652399694999999 0.0006493151795 0.00016270510200000002 -0.0007264253412500001 -0.00007590866700000017
          -0.0007166318665000001 -0.00007705179600000004 0.00008483583949999996 0.00007422656150000002 -0.00070368630775 -0.0000736321489999998
          -0.00068833724625 -0.00006734014100000013 0.00007467627900000019 0.00008025026950000014 -0.00067217616475 -0.000058028475999999955
          -0.0006518054177499998 -0.00004682063500000001 0.0000905784089999999 0.00010340289999999998 -0.00063999910975 -0.00003775763400000001
          -0.000622490857 -0.00002641294449999982 0.00011747920099999992 0.00013474205599999986 -0.0006073343572499999 -0.000013578581500000093
          -0.0005924514852500003 0.000005629299999999936 0.00015852994400000005 0.00019872818550000003 -0.0005703701379999998 0.0000495332950000001
          -0.0005223419592499999 0.0001789940984999999 0.00027910243799999975 0.00042275794049999977 -0.00036239318825000014 0.0005741758244999998
          0.0023381938487499997 0.0009477629875000004 0.0005294314450000003 -0.0004777911249999995 -0.0001818027812499983 -0.000007395705000000537
          -0.0006043697099999989 -0.0008129914350000003 -0.0003397771250000008 -0.00026219402250000077 -0.00010418204999999988 -0.00036225620000000065
          -0.00021082914000000036 -0.000047706975999999224 -0.000028675370249999475 -0.00010801873749999958 -0.00005827790250000035 -0.000021014832500000616
          -0.00001644406849999972 -0.00003606743075000044 -0.000025485941750000063 -0.000012910123999999786 -0.000009981731250000078 -0.000019507850000000454
          -0.000015467197500000525 -0.0000075510089999994586 -0.0000055657267499998185 -0.000012420737749999566 -0.000010006773499999849 -0.0000039550484999999945
          -0.0000026925572499998746 -0.000008065045499999339 -0.000006517210000000318 -0.000001739977000000426 -0.000001056675999999882 -0.000005317758499999548
          -0.000004423584999999687 -6.303097499999489e-7 -4.420882499994375e-7 -0.000003814642249999583 -0.0000034740419999994062 -4.806149999995006e-7
          -7.296205000003185e-7 -0.000003388328250000544 -0.000003543790500000209 -0.0000011681292499999652 -0.000001763372500000131 -0.0000039211237499997345
          -0.000004488959999999984 -0.0000024466382499999984 -0.000003074629174999844 -0.000005181849250000073 -0.000005853995499999703 -0.000003314471500000136
          -0.000002472502124999738 -0.00000617587359999995 -0.000005454388374999899 1.519813900003329e-7 -0.000002765897749999816 -0.0000029912751750004675
          -0.000006092416294999654 -0.00030242363564 -0.0005975323244000001 -0.0003055472577250002 -0.0006004399241600001 -0.0003056970367499996
          -0.0006347782079999998 0.0003129132172499997 -0.0003490608667499999 -0.0005680714764999998 -0.00011823959899999955 0.0017095387325000001
          0.0024718535065000003 0.00007000090650000015 0.001200231701 0.0025218511165 0.0012457148405000003 0.0023395556389999997
          0.00260942706 0.000287031568 0.00013079892750000007 0.0019730872774999996 0.0005722921054999998 0.000110384242
          0.00011216755999999988 0.00018169280299999994 0.00012801567050000018 0.0001231973325000001 0.00013871909849999997 0.00013494788549999988
          0.00015259419299999992 0.00015782413199999978 0.00018253944400000008 0.0001764680725000002 0.00020810900800000007 0.00021712024450000006
          0.00027054579749999987 0.00024880306300000015 0.0002980446069999999 0.00034648398750000003 0.0004015713580000001 0.0003373092854999998
          0.0003281744950000001 0.00032764207250000004 -0.00028777302749999963 0.0002504475100000001 0.00002128425749999997 -0.0019714574224999988
          -0.0005643261100000006 -0.0013756363625000002 -0.0019834351699999997 -0.00027095069499999955 -0.00024437250250000024 -0.0003810326399999996
          -0.00020122774999999983 -0.0001634440950000004 -0.00009760392250000093 -0.00017513858999999965 -0.00012781006999999987 -0.000058731062499998846
          -0.00003811260574999975 -0.00008493044749999956 -0.00005573537749999996 -0.000027108925000000395 -0.00002074772649999988 -0.000038090751999999864
          -0.00002774694249999934 -0.000016633531249999546 -0.000013703000249999607 -0.000021485433749999197 -0.000017467186999999938 -0.000011476976500000669
          -0.000009749120749999542 -0.000014701600250000258 -0.000012696458749999998 -0.00000840273625000011 -0.000007385215500000279 -0.00001119445925000046
          -0.000010076073999999904 -0.000006666106250000108 -0.000006227831000000125 -0.000009279624500000226 -0.000008776270750000242 -0.0000060607057500005185
          -0.000006156849999999729 -0.00000855639824999971 -0.000008616807000000225 -0.000006504797250000051 -0.000007076602500000345 -0.00000895522299999971
          -0.000009551478000000269 -0.000007813312750000615 -0.000008572625500000276 -0.000010356202499999581 -0.000011236598250000129 -0.000009029010250000399
          -0.000008493133800000032 -0.000011869414249999616 -0.000011573695249999932 -0.000006264966925000225 -0.000009620770734999832 -0.00000964695569999987
          -0.000013322950624999765 -0.0003087266843250003 -0.0006032888704299998 -0.0003119147665499999 -0.0006060228057500001 -0.00032324879025000063
          -0.0005091411870000001 -0.0001336525612499996 -0.0002917548314999999 -0.00046338313850000014 -0.0001166884935 -0.00012345649375000004
          -0.00004647941149999999 -0.00011700443050000008 -0.00011630379974999996 0.0006087619535000004 0.0020411095954999993 -0.00007602650499999983
          0.00018807016150000045 0.0025099261022499993 0.0024925766555 0.0014545124844999994 0.002384059645999999 0.0011704882784999997
          0.0002892217029999999 0.002583723763999999 0.001954922919 0.00016321766750000013 0.00016439548150000012 0.0006189990505000002
          0.0002401372574999997 0.0001897806919999999 0.00022592408550000008 0.00020701115750000005 0.00023700316250000006 0.0002654164265000001
          0.0002991164524999998 0.0002685170074999997 0.0002886844575000001 0.0003065914925000001 0.00027475940750000007 0.00028271860750000007
          0.0002490905674999999 0.0002102002574999999 0.00011071618999999978 0.00019481177000000004 0.00012986217499999988 -0.00030222541249999997
          -0.0020019392649999997 0.00002767956750000036 -0.0006293048499999999 -0.0017350111674999996 -0.0002951778874999996 -0.0022745914300000003
          -0.0015261641799999997 -0.00015292787000000029 -0.0001316304999999994 -0.00025053313500000054 -0.00012130114000000034 -0.00010203171500000003
          -0.00007334090500000076 -0.00010324461249999986 -0.00008351023749999934 -0.0000516875899999997 -0.00003721825874999998 -0.00006373184500000019
          -0.000047655997500000544 -0.000028018244250000415 -0.000022184123249999707 -0.00003607473525000066 -0.000028215938500000153 -0.000018392122999999376
          -0.000015817224999999854 -0.00002300291449999993 -0.00001954022524999988 -0.000014012306999999638 -0.000012725359999999704 -0.000017204417249999878
          -0.000015609168250000143 -0.000011826025249999884 -0.00001125367949999991 -0.000014528984250000144 -0.000013844125249999698 -0.000010984170000000102
          -0.000011014246249999992 -0.000013501674750000118 -0.00001348525599999972 -0.000011346421250000054 -0.000011973050749999674 -0.000013797805500000092
          -0.000014442299750000003 -0.000012855500999999551 -0.00001387056224999993 -0.000015390180000000524 -0.00001653192750000026 -0.000014706644749999929
          -0.0000146899535000002 -0.00001757193775000002 -0.00001784829224999971 -0.000013116966099999805 -0.00001716584142500005 -0.000016655186850000068
          -0.000021104645750000083 -0.00031505495240000017 -0.0006085709686500003 -0.00031806819140000025 -0.0006108323730000003 -0.00026215511024999937
          -0.00042570064365 -0.00009560462292500005 -0.0002347431755000002 -0.00039299279860000036 -0.00007387019570000021 -0.00009816090775000016
          -0.0001018119745 -0.00007768131599999992 -0.00008214160274999962 -0.0000993349095000002 -0.00008165914249999948 -0.00008330303050000028
          -0.00008051815900000039 0.000013480816000000248 0.0007493484769999999 -0.00007195848549999945 -0.000023200741000000073 0.0021002382482500003
          0.0024421368539999998 0.00025303265325 0.0014813279652500003 0.0024651960425 0.0013434023274999998 0.0023071599392500003
          0.002449013155000001 0.0004352408025 0.0002789844200000001 0.0021508544849999996 0.0009964012774999998 0.00026772979249999995
          0.00027705297500000013 0.0004102929825000001 0.0002959473799999998 0.00026991304750000007 0.00024284926250000004 0.00026806223499999983
          0.0002483770575 0.00019694949749999972 0.00014128029249999986 0.00021204657749999988 0.00016151571250000001 0.00009068510499999995
          -0.00002602794999999989 0.00011246945250000003 0.00007596349000000017 -0.0009234121425 -0.00236744521 -0.00007573424749999999
          -0.0011532445050000003 -0.0013896226924999995 -0.00022550833250000016 -0.0023843831050000003 -0.0013147519299999994 -0.00010024440000000083
          -0.00008407840999999918 -0.00021291699749999981 -0.00008602847250000016 -0.00007014446750000065 -0.000056113447500000986 -0.00007078405499999987
          -0.000060445572500000065 -0.00004413880500000004 -0.00003501433625000051 -0.000050262092500000214 -0.000041329797500000476 -0.000028509491250000342
          -0.00002403673550000053 -0.00003427169224999963 -0.000029068577000000168 -0.000021006667749999963 -0.0000189665262500001 -0.000025404192499999823
          -0.000022896438000000424 -0.00001761050475000022 -0.00001675327775000018 -0.000021223749749999776 -0.000020158810250000153 -0.00001629851374999985
          -0.00001620789350000004 -0.000019567000000000296 -0.000019382566250000253 -0.000016475793749999326 -0.000017108620500000126 -0.000019585712500000077
          -0.000020176622749999583 -0.00001808985524999989 -0.00001932529149999988 -0.0000211449182500001 -0.000022411735749999804 -0.00002053291424999996
          -0.00002107464099999972 -0.000023709674500000418 -0.00002442618100000004 -0.000020240319250000198 -0.000025070927049999987 -0.00002385719174999972
          -0.000028961730175000178 -0.0003208330274999994 -0.0006126483763999996 -0.00032315362849999994 -0.0006137481226500001 -0.00020918129422500012
          -0.00036372554174999975 -0.00005218806587499986 -0.00018554656459999976 -0.0003376009803999997 -0.00003102658627499972 -0.00005660505402500003
          -0.00006159109200000028 -0.00003576766789999991 -0.00004093997477500042 -0.00006328374525000004 -0.00006191573450000054 -0.00004273561449999992
          -0.00004148624949999987 -0.00005748674150000002 -0.000046896453249999706 -0.00003709422225000003 -0.000029587981249999487 -0.000022451782500000162
          0.00006977434875000011 -0.000018786172249999426 -0.000004851058000000441 0.0007256826647499998 0.0019616151047500002 0.00004303521374999991
          0.00024533177315 0.00227726445225 0.0023766959374999994 0.0011793194129999995 0.002050727417099999 0.0018246481799999998
          0.000827288975 0.0021759717524999994 0.002195900915 0.00039163239249999994 0.00028441770249999977 0.0015642080849999998
          0.0007437912999999999 0.0002402282425 0.00019396421250000016 0.00038436229500000014 0.00026318374749999994 0.00014117413500000015
          0.00010023239499999991 0.00019025848999999962 0.00013226596749999972 0.00006764102749999998 -0.00012593105249999965 0.00009431919499999991
          0.00005667324499999992 -0.0013116243600000002 -0.002374749579999999 -0.0001712032724999999 -0.001406333905 -0.0012879086724999992
          -0.0002101972175000001 -0.0023583918574999994 -0.0012983497749999996 -0.00007651878749999969 -0.00006138915249999953 -0.00021675946749999983
          -0.00007052001249999982 -0.00005337058499999979 -0.00004589423499999982 -0.00005467972499999998 -0.00004821723999999976 -0.00003930407349999972
          -0.0000340160074999999 -0.00004277747749999998 -0.000038109087749999775 -0.00003006740924999998 -0.000027273263249999966 -0.000034421643249999864
          -0.000031726760749999685 -0.000025379451499999818 -0.000024161486750000154 -0.00002989134824999989 -0.00002872774875000021 -0.000023466065249999775
          -0.000023211359999999953 -0.000028082189499999852 -0.000027870170500000012 -0.000023360369250000615 -0.000023900226250000185 -0.00002804733050000017
          -0.00002858034900000031 -0.00002481406300000019 -0.00002602581100000019 -0.000029428591499999812 -0.00003049399400000004 -0.000027284871749999856
          -0.000028002267999999892 -0.000031521004499999953 -0.00003194247975000031 -0.00002749375924999964 -0.0000326263101000002 -0.00003111904325000005
          -0.00003584456172499997 -0.00032473504975000017 -0.0006136963593000003 -0.00032517967174999974 -0.00061189316055 -0.00016443202993000018
          -0.0003151031283500002 -0.00001115319522500035 -0.00014664857692500035 -0.00029697612679999966 0.000006508497174999876 -0.000016112040519999995
          -0.00002140308260000019 0.0000013162213999999762 -0.000004217983724999656 -0.00002333217047500007 -0.00002226802924999981 -0.000006543832574999682
          -0.000006183973925000373 -0.00001846156482499984 -0.000012200638250000074 -0.0000036281430625004073 6.255846499995227e-7 -0.000004207928000000164
          0.00000451749275000007 0.000005746438212499864 0.000011237964975000379 0.000015757464000000137 0.000032699099499999826 0.000016432193250000273
          0.000020970741974999884 0.00009839983568575011 0.00044695406624999996 0.00002774851624999996 0.00005547621302500061 0.00137290769331425
          0.0019448181402499992 0.00015310855495000037 0.0005854545217499993 0.00203756029 0.0019941302625000002 0.0013809450109999995
          0.0018015708700000004 0.0014076076049999997 0.0007124405449999998 0.00190742253 0.0018659187999999992 0.0003625302399999999
          0.0002109617424999999 0.00133036982 0.0006515680425000003 0.0001310430524999999 0.00008765715999999987 0.0002853878325
          0.00013913236249999994 0.00004175179750000011 -0.00020629747 0.00007899966999999974 0.00002408881249999995 -0.0014486985625000001
          -0.00234125926 -0.00022877510999999988 -0.0014487976799999998 -0.0013380032949999998 -0.00023339562000000008 -0.0023230173749999995
          -0.0013999295825 -0.00006748970250000027 -0.00004992427500000016 -0.0002623239774999995 -0.00006742688250000015 -0.00004452456749999962
          -0.00004076896999999966 -0.000046701087500000334 -0.00004201523999999984 -0.00003782929174999995 -0.0000357127082499997 -0.00003983596074999999
          -0.00003865208250000021 -0.000034359264500000035 -0.00003363377100000004 -0.000038239172750000114 -0.000038438583000000103 -0.00003337614225000016
          -0.0000334822052499999 -0.000039082401499999584 -0.0000400338560000001 -0.000033897177499999546 -0.000034557046499999585 -0.000041133499
          -0.00004218923900000009 -0.00003538312875000031 -0.0000362208127499994 -0.00004311035999999991 -0.00004364488575000015 -0.0000367663002499997
          -0.000036452563249999866 -0.00004338605500000012 -0.00004175604850000006 -0.00003471676075000031 -0.00003835730754999989 -0.000038282146999999904
          -0.00003983177209999979 -0.0003240019142499999 -0.0006075570859 -0.000320496934 -0.0005995343462999995 -0.00013288114090000022
          -0.0002838055176999998 0.000021135142499999885 -0.00012349094399999961 -0.00027582772400000006 0.00003221026400000021 0.000015646142875000065
          0.000009680875850000338 0.00002637262149999981 0.000019846528000000126 0.000006653647275000185 0.000005892679749999934 0.00001595996374999976
          0.000013942795500000562 0.0000067423842499996835 0.000008624376749999937 0.000013084183000000115 0.00001283805275000021 0.000010891962000000074
          0.000013131988249999746 0.000012729468499999639 0.00001252086125000006 0.000015029591000000174 0.000016480411000000294 0.000012180990000000017
          0.000011776654750000066 0.000018423534750000133 0.000023424044249999828 0.00001216299875000044 0.000013926947999999792 0.000034765561749999704
          0.00007754302425000016 0.00001825084949999997 0.000028317267000000068 0.00020817541224999988 0.000650233856 0.00004811452675000025
          0.00010129739499999978 0.0013237980369999998 0.0016973662825 0.00024810184950000016 0.0006728490542500001 0.0018585130525000002
          0.0018341788724999999 0.0012997967212499994 0.0017022161900000004 0.0012150240725000002 0.0004849269474999999 0.0019290486950000003
          0.0017924436425000002 0.00017272851500000003 0.00006948525500000029 0.0009151758549999999 0.00026003334500000004 0.000006311997500000091
          -0.00023923169749999996 0.00006856039250000009 -0.000009782762499999781 -0.0014143329849999999 -0.0023001609574999993 -0.00024072127500000004
          -0.0013505158275 -0.0014769641774999998 -0.00030750585499999937 -0.0022673736375 -0.001560647975 -0.00007089440000000055
          -0.000044803517500000505 -0.00037504698999999954 -0.00007929372250000043 -0.000040574117500000094 -0.000040114864250000276 -0.000044267832500000355
          -0.00004029321174999994 -0.000040976820000000087 -0.00004262934674999958 -0.00004205305924999979 -0.00004569502999999983 -0.00004472429450000023
          -0.00004707274750000056 -0.000050124100250000104 -0.000054539595249999696 -0.00004955946525000029 -0.00005168658475000026 -0.000058727914999999754
          -0.00006263237824999981 -0.00005301337974999946 -0.00005315621175000037 -0.00006507041700000026 -0.00006487894975000007 -0.00005164575625000053
          -0.00004788833350000049 -0.00006149664949999991 -0.000054535865249999476 -0.00004152655425000017 -0.000039587841250000425 -0.00004386006140000019
          -0.0000367722551750002 -0.00031367338000000064 -0.0005863771805000002 -0.0003026107326 -0.0005668537641500005 -0.00011847240774999954
          -0.0002729150289500001 0.000039583146725000304 -0.00011750733450000029 -0.0002746408286500006 0.000043411703074999656 0.000033405107250000327
          0.000026310616999999734 0.00003697985524999993 0.000029451895749999897 0.00002161871799999982 0.000018528776500000268 0.00002422749925000038
          0.000020502203999999474 0.000016333225250000158 0.000014533615499999704 0.000017534302500000247 0.000014815745500000202 0.000012785182250000055
          0.000010978596750000354 0.000012077841250000074 0.000009320738749999893 0.000009215732500000072 0.000007718391749999727 0.000006743518999999762
          0.0000046181440000000706 0.000007075357749999947 0.0000075884750000002975 0.0000033442907500000186 0.000003165430499999899 0.000010012159499999927
          0.00001502584699999976 0.000004460388750000086 0.000007495383249999902 0.000023428387499999617 0.000037685989249999526 0.000012615235750000082
          0.000020293794750000162 0.00006231347475000023 0.00011873639550000006 0.00003097228674999975 0.00004633783024999979 0.0002718051970000002
          0.0007215895535000001 0.00007090333149999999 0.00012719988175000015 0.0014044233859999999 0.0018389404925000007 0.00030888295425000043
          0.0009003055657499999 0.0020516946325 0.001504389867499999 0.001664238485 0.00204758128 0.0004726407174999999
          0.00008837270000000006 0.0019827852775000003 0.0008734595025000002 -0.000024191882500000078 -0.00023626770499999964 0.00014369310249999988
          -0.00003268304250000007 -0.0012610890399999998 -0.0022180666400000004 -0.00022892700249999988 -0.0011497866749999996 -0.0016402615574999998
          -0.0004733688599999998 -0.0021437636624999992 -0.0017026435624999997 -0.0000958439250000004 -0.00004570567500000016 -0.00061208788
          -0.00012829713750000006 -0.000041680508250000226 -0.00004680334725000036 -0.00005130516800000043 -0.000046521104750000026 -0.00005481541974999976
          -0.00006338477149999964 -0.00005749077024999987 -0.00007240356274999991 -0.00007068021324999968 -0.00007592310799999999 -0.000085990671
          -0.00009449333950000007 -0.00007881664700000023 -0.00007801945749999964 -0.0000961160547499996 -0.00009151445825000003 -0.00007206294199999994
          -0.00006075589774999965 -0.00008115781099999949 -0.0000644658463000003 -0.0000443812276999996 -0.00003059288165749991 -0.00004153355132800007
          -0.000020229874875000257 -0.00028691405205000004 -0.0005406920626849999 -0.0002670634136720004 -0.0005095740021499994 -0.00012003305050000024
          -0.00028032924755000036 0.000044067733274999745 -0.0001252470380000002 -0.0002890538237000001 0.00004206183910000023 0.00003753981424999976
          0.000029891699750000073 0.000035730091999999766 0.000028653364749999835 0.000024652285999999955 0.00002089443799999963 0.000024218193999999453
          0.000020937658500000228 0.000017689622000000113 0.000014494821749999956 0.000017676073749999886 0.00001413251449999973 0.000011180838250000375
          0.000007902389250000232 0.00001047877950000009 0.000006996986250000108 0.000004923860249999857 0.0000025078485000005346 0.0000039455457500003455
          0.000001516320249999952 9.257049999996556e-7 3.415400000000152e-7 -1.2972600000003312e-7 -8.98039749999757e-7 9.423267500002149e-7
          0.0000028633567500004756 -6.992977500005426e-7 5.220375000003866e-7 0.000006216953500000319 0.00001118127199999998 0.000002799478249999971
          0.000006200897999999768 0.00001783054925000008 0.00002631956975000004 0.000010700932999999842 0.00001632429700000006 0.00003670736999999973
          0.00005008645649999997 0.00002291405950000012 0.000030285903499999418 0.00007247723924999981 0.00013764629649999966 0.00003829802924999978
          0.00004803073574999985 0.00043825636849999976 0.0012951833717500007 0.00007380109775000019 0.0001883736952499998 0.0019654062974999997
          0.002185891594999999 0.0008075857787500003 0.001792718396 0.0013985405625 0.00027597984499999975 0.002189916499999999
          0.0018743097499999998 -0.00002954483000000011 -0.00022306447999999963 0.0005362223725000001 -0.000012293580000000067 -0.0010202002549999996
          -0.00203280966 -0.0002211184700000001 -0.0008749074249999999 -0.0017347976499999993 -0.0007971988874999996 -0.0018697340649999992
          -0.0017320423049999995 -0.00019468609249999943 -0.00006717214125000022 -0.0010209922749999994 -0.0003308401199999995 -0.00006040278249999999
          -0.00008060731650000014 -0.00010891762699999995 -0.00009491844749999999 -0.00010195660299999997 -0.00011472968749999963 -0.0001178997684999999
          -0.0001309268012499999 -0.00011550349299999975 -0.00010512848900000026 -0.00012760632650000016 -0.00011126961699999991 -0.00008701452574999976
          -0.00006303685594500031 -0.00008575050992500008 -0.000053956088599999695 -0.00003327057932499997 -0.000005077737255000124 -0.000017923190324999668
          0.000014485205350000558 -0.00024484330392499944 -0.0004780735350999998 -0.00022350513525 -0.0004532788820000003 -0.00013200968875000016
          -0.00029946807444999955 0.000038186296725000314 -0.0001386536238749998 -0.00030911638549999956 0.00003491835075000007 0.000033028995749999975
          0.000028041878750000085 0.00003452576287500013 0.00003293798799999985 0.000025078738500000074 0.00002202856775000024 0.000030187794000000325
          0.000026337085499999965 0.000018415832499999756 0.00001456234025000054 0.00002229995474999998 0.000018526065500000187 0.00001084542149999949
          0.000007501678249999536 0.000015229131500000243 0.000012417980249999725 0.000004684543999999944 0.000002481479999999665 0.000010146573999999798
          0.000008389873499999524 9.726332500002286e-7 1.9666499999995028e-7 0.0000072123632500001026 0.000006586919999999829 1.9785974999998215e-7
          9.86478749999502e-7 0.000006573324500000231 0.000007130526500000029 0.000002575151999999975 0.000004966032750000032 0.000008297439749999698
          0.000010017334749999822 0.000008128709000000092 0.000012043281499999786 0.000012302762500000116 0.000015075587000000193 0.000016568223249999617
          0.00002156557549999977 0.000018283163999999983 0.00002177517600000026 0.000026674287499999626 0.00003147982774999993 0.000025329823249999944
          0.000028688887500000157 0.00003643068274999989 0.00004463869124999972 0.000031404004500000266 0.0000332620712500001 0.00009158747574999974
          0.0004079985587500004 0.00003600944899999982 0.000055411320499999514 0.0014565213639999995 0.0021234835874999994 0.00018818869475000025
          0.00101441698575 0.0021643677024999995 0.0009282797575 0.0020084905112500006 0.0022645558649999997 0.00002943889749999975
          -0.00021934017500000033 0.0013855911499999994 0.0001244005399999998 -0.0007154920449999999 -0.0016394596924999998 -0.00020571447749999998
          -0.0005460071200000002 -0.0017103208599999996 -0.0012594667474999995 -0.0013507361625 -0.0017148514849999999 -0.0005798747439999996
          -0.0002003431764999997 -0.0014925594350000003 -0.0008765325349999999 -0.00014211112250000035 -0.00013913318250000022 -0.0003025553367499999
          -0.00015711253024999953 -0.00012688152175000038 -0.0001019521316499999 -0.00011852364299999991 -0.00007896130042499954 -0.00006898626792500033
          -0.00003199141835000005 -0.00003400513700000026 0.000006543346174999614 0.000005594272674999622 0.00003635526675000038 0.000037702327499999985
          0.00005804908974999983 -0.00020696933900000015 -0.00044186756050000034 -0.00019701618574999985 -0.00044490246050000017 -0.00014288579987499988
          -0.00031415585690000044 0.000043121651824999584 -0.00015087726332499982 -0.0003486635460000003 0.00006816361347499943 0.000051610860174999577
          0.000048686009124999626 0.00006652368239999976 0.00005721793072499999 0.00004378361269999982 0.00003916299949999984 0.000050742887675000104
          0.00004637230745000041 0.00003559793750000032 0.000032605150749999794 0.00004365338382500016 0.00004147037879999976 0.000030381625499999848
          0.000028432324999999916 0.00004010104787499947 0.000038701066424999826 0.0000270853669999996 0.000025927468250000214 0.00003796103582500013
          0.000037021274250000446 0.000025365451000000053 0.000024996577250000098 0.00003679774294999991 0.00003629909264999997 0.000025241799500000022
          0.00002568708374999999 0.000036594838074999903 0.00003655143099999997 0.000026743843749999523 0.0000279836692500002 0.00003736190107500029
          0.000037771192375000276 0.000029794281750000066 0.00003173596275000004 0.00003906673797500009 0.00003987618850000015 0.00003415339025000052
          0.00003656110525000027 0.00004154426484999997 0.00004266117897500012 0.00003916509099999997 0.00004149417774999989 0.000044436738224999596
          0.0000457039471249998 0.000043416192250000146 0.0000446699835 0.00004705061632499998 0.00004777619150000024 0.00004502932449999988
          0.000045394322999999746 0.00004790913399999973 0.00004697841349999999 0.00005017031425000009 0.00010864457150000005 0.000045093412249999725
          0.000044776864499999676 0.0006137934512500005 0.0018028104950000004 0.00007344599475000008 0.0003267503729999996 0.0022622685024999995
          0.0018033057925000001 0.0014683593689999996 0.002214191797499999 0.00030781347250000005 -0.00015792268750000005 0.0020819317299999997
          0.0005302444075000002 -0.000408753165 -0.001112547275 -0.00017694943249999982 -0.0005226661025000002 -0.0017303870775000002
          -0.0016137255 -0.0009144848200000001 -0.0014725859999999997 -0.00098580041125 -0.0003428085814999997 -0.00155423061
          -0.0009445449502500003 -0.00013636697625 -0.00004813172175000024 -0.0002998495099999996 -0.00004582762075000014 0.000016212578500000514
          0.00005544021874999992 0.00004279521134999988 0.00007544460024999983 0.00007814122725000023 0.00008313976700000007 0.00009216690889999955
          0.00009809056862500019 -0.0001899654607500001 -0.00045122281000000027 -0.00020527357524999977 -0.00047415295075000025 -0.0009482241572875002
          -0.0011039959499499997 -0.0008457547345250002 -0.0017309730507000006 -0.0018221314649999993 -0.0017706775652200002 -0.0008780935782374995
          -0.0009093183367499998 -0.0018253840126924992 -0.0018741977156050001 -0.0009369822967999996 -0.000962292183075 -0.0019221574012074998
          -0.001968641321325001 -0.0009851357159499999 -0.001006392318 -0.002011865224725 -0.0020524512481749995 -0.0010255383799499995
          -0.0010433808747999996 -0.002089543558487499 -0.002123917608539999 -0.0010592029045499995 -0.00107383146645 -0.00215488862866
          -0.0021831264016025 -0.0010864505205500001 -0.0010979663076750004 -0.0022080968928475 -0.0022303652748725004 -0.0011074950209500002
          -0.0011160154696249998 -0.0022495487752875 -0.0022660861570825003 -0.0011225868365249995 -0.0011282343468249996 -0.0022797316237999996
          -0.002290785177997499 -0.0011319772855250003 -0.0011348985215 -0.0022991351617600003 -0.0023049700035824997 -0.001136017717025
          -0.0011364279648250002 -0.0023083357600574986 -0.0023093919119225002 -0.0011352481209499997 -0.0011334858823249996 -0.0023082509020249994
          -0.0023053135872 -0.0011307354013249998 -0.00112762723395 -0.0023008455894749998 -0.0022949311573500003 -0.0011242351682249998
          -0.0011210274954 -0.002287917571174999 -0.0022804046137 -0.0011183076032500005 -0.00111628773005 -0.0022730080487500005
          -0.0022656844991749995 -0.00111374544815 -0.00110123692325 -0.0022591795655249997 -0.002253358848574999 -0.0009888735495000001
          -0.00009741668124999946 -0.0022427025455750006 -0.0021566296338249987 0.0009839599119999998 0.0005426930075000007 -0.0011279871305
          0.00034351356749999984 -0.00107722611 -0.0012392374274999998 -0.0025363972475 -0.0019345584725 -0.0011149572074999996
          -0.0011951567474999996 -0.0016523779499999997 -0.0015547727249999998 -0.0017022768549999996 -0.0018647740250000004 -0.0016803138149999997
          -0.0022536541050000003 -0.0011210879637499997 -0.0008826358734999996 -0.0018505237810000008 -0.0016835995819999999 -0.0009237966270475005
          -0.0009723080579499999 -0.0019292131363349996 -0.002038547533725 -0.0010086911698024997 -0.0010383466170750001 -0.002113002039564999
          -0.002176059616375001 -0.0012743965494000004 -0.0013868769179499999 -0.002299198478100001 -0.002235622290799999 -0.0013488961799999993
          0.0009123361125000008 0.00023893599500000103 0.0010762878864999997 0.00006698678100000013 0.001499356601 0.00171169111448
          -0.003282904369999998 -0.0022783130049999992 0.00022105554850000014 -0.0024194462550000007 -0.0028306525349999995 -0.0011402350350000002
          -0.0030473091665000006 0.00018575770719999964 0.0017426546113 0.0017679775189000002 0.00019360232380000013 0.0017630683352000004
          0.001772876001 -0.00312947567 -0.00133931242 -0.0031075169254999994 -0.0030992285699999993 -0.001323753711
          -0.0030757611175000004 0.00020447668059999987 0.0017809207946999997 0.0017982825863 0.0002299748248000002 0.0018204544175
          0.0018504087532999994 -0.003061146055 -0.0013028853580000005 -0.0030438570654999996 -0.0030292323914999993 -0.0012852012799999997
          -0.0030135997505000007 0.00027461644999999976 0.0018873296423 0.0019337079121000008 0.0003432134990000004 0.0019896908305
          0.0020577007614999993 -0.0029978828099999997 -0.001267666706 -0.002981439215 -0.0029641311734999996 -0.001249175571
          -0.0029457441715 0.000431738538 0.0021383275974999998 0.002261044919000001 0.0006328305739999998 0.0024986466829999996
          0.0030305050332000002 -0.0029260170874999994 -0.0012284194729999998 -0.0029047786415 -0.002881864586499999 -0.0012051927020000003
          -0.002857654905 0.0019720921099999995 0.003908326424999999 0.004602168220250001 0.0022220719005 0.005109184733999999
          0.005240659140749999 -0.0028338328824999994 -0.0011809238609999998 -0.0028122322584999996 -0.0027832579895 -0.001154157642
          -0.002761972774 0.0005576628415000003 0.0036332459544999992 0.0020380345174999996 -0.00028806839599999977 0.0014965028005
          0.00161999399 -0.002752939208 -0.0011321592729999998 -0.0027249797675 -0.002679000716 -0.0011120013020000001
          -0.0026414927419999997 0.0000697412950000003 0.0016750476027000002 0.0016997575960999997 0.00011059528859999993 0.0017083399556
          0.0017105546453400004 -0.0026137886389999993 -0.0010925821380000002 -0.0025916487995 -0.0025740964074999996 -0.001082511157
          -0.0025642916634999995 0.00008230539879999988 0.0016975130863999997 0.0016448185350000002 -0.00009443925299999978 0.0015253123409999995
          0.0013141681104999997 -0.0025661561835000003 -0.0010926031959999998 -0.002579416095499999 -0.0026103108575000005 -0.0011258849060000002
          -0.0026434202845 -0.0005483024460000004 0.0010061358380000004 0.0005315093344999996 -0.0019871895929999992 -0.0002198328395000001
          -0.0018992579450000005 -0.002649883965 -0.0010997259389999997 -0.0024775302814999994 -0.0017334580699999993 0.0000323538199999997
          0.00043188141249999885 -0.005940653650000001 -0.0063494917150000016 0.00011940398750000204 0.005231740130000001 0.004745796295000002
          -0.0004518378399999993 0.003123812309999999 0.00942455505 0.007295365540000001 0.011932920599999997 0.0029264184154999995
          0.0022343129289999985 0.003690691483499999 0.0031998377399999993 0.01326449408 0.014104550228000003 0.003885066410499999
          0.0038317671700000004 0.003165818553999999 0.014585394596 0.014866278689999998 0.00366564121 0.0035585602319999996
          0.0032670120124 0.014968393669199997 0.014991809092400001 0.003451110569999998 0.003355883052000002 -0.00782015296
          -0.007329369280000001 -0.00921818892 -0.005071057319999999 -0.01031277481 -0.01130769195 -0.0048614991599999985
          -0.011891250099999999 -0.01219316683 -0.004960553739999999 -0.01239661534 -0.012506626479999998 -0.00504582834
          0.0032978729500000004 0.014989731278 0.014986305351199998 0.0032769449860000008 0.0032112061429999993 0.0033078619855999992
          0.014981041242800001 0.0149720902728 0.0031596965690000012 0.0031167148349999984 0.0033094410964 0.014964632903199998
          0.0149602661808 0.003078289234999999 0.003044079551 0.0033142081227999992 0.014957081792399995 0.0149531825252
          0.003014847501 0.0029875798730000006 -0.012574196630000001 -0.012612958 -0.00502125753 -0.012644121749999999
          -0.01266858679 -0.004971763610000001 -0.012688909322000001 -0.012705822682 -0.004924949584 -0.012721117026
          -0.012735284726 -0.004887209692000001 0.0033236618844 0.0149495954472 0.014946857260399996 0.0029605064779999993
          0.0029340985639999977 0.0033395193456000004 0.014944068874799996 0.0149403450128 0.002908351809999999 0.002881960455999999
          0.0033623609028 0.0149360172324 0.014931379061599998 0.002854510123 0.002825978665999999 0.003393069680799999
          0.014926071600400001 0.014919534025199998 0.0027960212330000005 0.002764255351 -0.012748413945999999 -0.012760420726
          -0.004854660702 -0.012771760603999998 -0.01278264146 -0.0048264550379999984 -0.012793153396 -0.012803324653999998
          -0.004801093911999999 -0.01281330688 -0.012823027302 -0.004777049870000001 0.0034313743068 0.014911689652400001
          0.014902487440799998 0.002730479178999999 0.0026943305519999982 0.0034792918448 0.014891634280400003 0.014878593011999997
          0.002655214094 0.0026122847339999987 0.00353939311 0.014862819856000003 0.014843779079999994 0.002564851833000001
          0.002512428286999999 0.003612950011999999 0.014820855323999998 0.014793220732000003 0.0024542656249999985 0.0023893705130000015
          -0.01283239745 -0.012841452951999998 -0.004752942380000001 -0.012850278340000002 -0.012858987746 -0.004728724
          -0.012867625344 -0.012876191127999996 -0.004703509628000001 -0.012884733952 -0.012893248630000001 -0.004677174734
          0.0037010317580000005 0.014759850012000003 0.014721069727999999 0.00231678362 0.0022361885699 0.003806625159999999
          0.014677974250000003 0.014636154411999999 0.0021478593828 0.002053750431300001 0.003952608448 0.014604578113999995
          0.014604577256 0.0019590806595999994 0.0018740412771999992 0.0042265963319999995 0.014667741666 0.014842723092399998
          0.0018151636243999999 0.001809605745100001 -0.012901677151999998 -0.012909956765999998 -0.0046493169039999995 -0.012918137076
          -0.012926228981999998 -0.004619198162 -0.012934067607999996 -0.012941760438000001 -0.004586673675999999 -0.012949496632
          -0.012957159042 -0.004551642054 0.004851824825599999 0.0151934470228 0.01573635368 0.0018950766678
          0.002099999856200001 0.006071418331999999 0.016396394411999998 0.01672379054 0.002409046316599999 0.002621036008099999
          0.0076056068769999995 0.015948808190000004 0.013804447183 0.0021221312068 0.00006894492620000101 0.009454139335
          0.011141638029 0.009288009425000002 -0.0032058512828000004 -0.005826933749 -0.012965853066000002 -0.012976547821999999
          -0.004515304482000001 -0.012988864819999998 -0.013003546155999999 -0.004481969559999999 -0.013011726396000001 -0.013008594495999998
          -0.004449917762 -0.013020980242 -0.013060556868000003 -0.004402415684 0.007377062900000002 0.008688510233
          0.009077408039999998 -0.0068033126942 -0.006114864701 0.00547450551 0.010200888410000001 0.01161724268
          -0.004198464300999999 -0.001956674159 0.0042412469 0.01287841393 0.013796555556000002 -0.00013714189300000036
          0.0010541894415999997 0.0036753975339999996 0.014354016562 0.01466042852 0.0017407367321799986 0.0021010458432999977
          -0.013085038544000002 -0.013088159934000003 -0.004391507908 -0.013084574209999998 -0.0130753821 -0.004368929559999999
          -0.013053982316000001 -0.013026771850000002 -0.004297953782 -0.013001193726 -0.012979896224000002 -0.004223865922000001
          0.003444900294000001 0.01481214573 0.014879761273200003 0.002273154154320001 0.002347431823700001 0.0033573250384
          0.0149048323552 0.014904777971600001 0.002369193795299999 0.002361963481100001 0.0033358636203999997 0.014892880819199997
          0.014872627180800001 0.0023409739998999984 0.002313035361899999 0.0033429138092000003 0.014846325595599999 0.014813549872
          0.0022805527647000007 0.0022450046503999996 -0.012964650793999999 -0.012954293599999998 -0.004169807278 -0.012947103756
          -0.012942294016 -0.004129039621999999 -0.012938492920000001 -0.012934176264000001 -0.004095514579999999 -0.012929232114
          -0.012923758621999999 -0.004070970618000001 0.0033552873168 0.014773800158399998 0.014725771127999998 0.002207539971499999
          0.0021686684528999982 0.003351781266399999 0.0146687269792 0.014603091933999997 0.0021302850626999997 0.002097072402599998
          0.003297012820000001 0.014530858883999999 0.014454634671999997 0.0020756081894 0.0020731653425999992 0.003159238527999999
          0.014377338693999998 0.014300494814000001 0.0020979093518 0.0021587281207 -0.012917360889999998 -0.012909230248000001
          -0.004062064799999998 -0.012899203984 -0.012886316646 -0.0040752500979999995 -0.012868858297999998 -0.012842989712000001
          -0.0041171743560000015 -0.012805356838000001 -0.012748642248000002 -0.004192581866000001 0.002914123434 0.014225553395999999
          0.014145764747999995 0.0022649651132000004 0.0024278440521999993 0.0025299892300000007 0.014055213157999999 0.01393251518
          0.002655699107 0.0029439414430000002 0.001966815923999999 0.013763913688000003 0.013461774457999998 0.0032668708849999998
          0.0035647624689999994 0.0010022763180000003 0.012927208208 0.01178313764 0.0037396972279999975 0.0035906101504000003
          -0.012663078675999999 -0.012524979887999999 -0.004282427532 -0.012308227059999998 -0.01197506585 -0.004280167319999999
          -0.011504051290000001 -0.010847507550000001 -0.0038915792499999995 -0.009982988109999999 -0.00868101213 -0.00249206327
          -0.0028953617499999987 0.009460090590000003 0.002334078169999999 0.003252541310600001 0.0028182421529999997 -0.006499131310000001
          0.00016435423999999914 0.0019336086999999988 0.0009290685099999992 -0.00006677694000000074 -0.000373126269999999 -0.00018123238010000082
          0.0005425776432999982 -0.003982067030000002 -0.0018304151900000007 -0.0006242267199999966 0.0020696925744 -0.00019597854999999983
          0.00032801152999999963 -0.0012559042699999978 0.00345776733 0.0012925727999999951 0.0031590672400000027
        </DataArray>
        <DataArray type="Float64" Name="sigma_xy" format="ascii" RangeMin="-0.028378837999999997" RangeMax="0.0138202522">
          -0.0013739324000000006 0.00014857622999999998 0.00004665653999999993 -0.0006917040499999999 0.00027247378000000015 0.000132986525
          0.00007321141000000012 0.00002785550000000089 0.00011998064499999973 0.0001854356999999998 0.00014482588999999995 0.0001666104200000004
          0.00013571881499999962 0.00011581148049999993 0.00011325864499999983 0.0001543569200000005 0.0001243927955000001 0.0001409719499999993
          0.00011285659600000043 0.00010584547500000012 0.00009612975000000045 0.00012716169999999944 0.0001013350250000002 0.00011363701200000025
          0.00008999929899999966 0.00008578859000000008 0.00007542448299999978 0.00010066923600000056 0.00007898629749999954 0.00008839499300000057
          0.00006840501650000012 0.00006528407949999989 0.000055502424999999865 0.00007690001139999954 0.0000583463657000004 0.00006621642899999928
          0.000048874064499999796 0.00004618165000000031 0.000037418470000000446 0.00005635567400000005 0.00004002639199999973 0.00004728815400000024
          0.000031821832000000076 0.000029318359999999794 0.000022016409999999694 0.000038956339999999534 0.000024274174999999828 0.000031343499999999765
          0.000017461605000000423 0.00001573785500000025 0.000010863504999999848 0.000024738280000000893 0.000011670035000000377 0.00002009309999999996
          0.000008012674999999507 0.000008325894999999589 0.000009619675000000017 0.00002136053999999943 0.000008634969999999665 0.000036585580000000064
          0.00003350164000000016 0.000033683600000000234 0.00026249630000000046 0.0001185392700000002 0.00025470050000000024 0.0006049133999999998
          0.0004987058500000002 0.0004836104650000001 0.00003138144999999981 0.0008863925000000017 -0.0003329400000000005 -0.004532392
          -0.0014521630000000002 0.00019799750000000006 0.0004327356999999997 -0.0018509070000000006 -0.0003144970000000001 -0.0003737774999999996
          -0.00023273450000000002 0.0001629085000000001 -0.00022194799999999986 -0.0003940050000000002 -0.00019361199999999953 -0.000459276000000001
          -0.00027344550000000026 -0.0005345169999999997 -0.0006077405000000002 -0.00017002249999999996 -0.00010057099999999986 0.001445679500000001
          0.00032919580000000006 -0.0004925930000000006 -0.00004314555000000019 0.0016325184 0.0004517941 0.0007022441
          0.0004002214000000001 0.00027107965000000025 0.00035331749999999997 0.0003409681199999998 0.00029523441000000016 0.00021450137999999948
          0.0002177151399999998 0.0003118935999999999 0.00024623145000000023 0.00016240076999999981 0.00017196413499999993 0.0001360216700000003
          0.00014428363500000024 0.0001956871500000003 0.00016332945000000005 0.00011924531000000031 0.00012549412999999967 0.00010680884000000046
          0.0001114316000000001 0.00014263697499999968 0.00012766347999999998 0.0000965403800000001 0.00010015783500000022 0.00008781469999999934
          0.00009048052500000003 0.0001149572950000003 0.0001033708249999998 0.00008030192000000003 0.00008166020499999974 0.00007322860000000053
          0.00007323997999999972 0.00009269609499999987 0.00008276465000000004 0.00006595830999999999 0.00006492106500000029 0.00005854867000000024
          0.000056579625000000025 0.00007348819999999971 0.0000648742900000003 0.00005176226999999974 0.00004807719500000008 0.00004607634799999944
          0.00003890252500000022 0.000057231240000000445 0.00005168760099999955 0.00003179973110000033 0.000028657665999999653 -0.000060842424999999445
          0.000033531459600000074 0.000050405790449999986 0.00004764169750000014 -0.00016537430999999988 0.00009664322229999996 0.0013083969999999991
          0.000923140499999999 0.00009136296999999956 0.0001534899999999998 0.00009044458000000033 0.000056275149999999786 0.0001291109350000003
          0.00009857393500000016 0.000057370899999999515 0.00013696306000000023 0.00010827643999999963 0.00009885162999999994 0.00010909920449999984
          0.00009330004000000013 0.00009201229950000018 0.00008441417400000029 0.00008348387500000015 0.00007599760000000001 0.00007611099999999984
          0.00006759042499999988 0.00006916597499999988 0.00006248763500000006 0.000059139365000000125 0.00005093207 0.00005591296500000026
          0.00004952231499999983 0.00004312414000000001 0.00003589596999999972 0.000043476349999999965 0.00003802845000000022 0.000029484604999999806
          0.00002423215500000027 0.00003355634999999984 0.00003059009999999992 0.000020640550000000454 0.0000197271999999998 0.000030133299999999893
          0.0000335868499999999 0.00002296425000000003 0.000049961800000000196 0.0000614946000000002 0.00031214010000000017 0.00029491544999999937
          0.0003943404500000003 0.00028710904999999955 -0.000035217050000000415 0.000005495699999999992 0.00017470475000000015 0.00008513060000000003
          0.00029090399999999987 0.00043156390000000046 0.0006681932500000002 0.0006347783999999997 0.0007986345500000006 0.0003308300000000003
          -0.0003704454999999998 0.00025654750000000004 -0.00045885699999999974 -0.0007699135000000007 -0.0007911440000000004 -0.0007233274999999996
          -0.00028008650000000036 -0.00024396250000000008 0.0001043692000000005 -0.0000412499999999999 0.00010540555000000001 0.0002727775000000003
          0.0003328823499999996 0.0002116784 0.0002753703500000004 0.00031651235 0.00026889275 0.00029298104999999996
          0.00027762859999999975 0.00022162485000000006 0.0001857608000000003 0.00024712824999999976 0.0002143383000000003 0.00016059419999999997
          0.00014192795000000002 0.00018506354999999993 0.00016031784999999987 0.00012631169999999993 0.00011239959999999972 0.00013933670000000004
          0.00012135865000000004 0.00009996399999999979 0.00008886227000000014 0.00010598289999999997 0.0000930207 0.00007910873999999988
          0.00007100386999999965 0.00008242474999999995 0.0000742097200000001 0.00006506188000000027 0.00006138550000000023 0.00006786957000000015
          0.00006165676999999967 0.00005678819 0.000040978320399999886 0.000051491499999999966 0.000029075274999999967 0.0000771812326999999
          0.00010835900000000002 0.00006437148500000019 0.00010387900000000054 0.0000959604449999998 0.000055432900000000274 0.00013314323999999973
          0.00008793016999999968 0.00005236034999999916 0.00012249190500000025 0.00010449496000000011 0.00008670159999999981 0.00009363870500000007
          0.00007606194999999969 0.00007512966499999976 0.00006731930500000038 0.00006464335 0.00005737775000000037 0.00006161559000000051
          0.00005688644999999991 0.00005302800000000028 0.00005041965000000011 0.000052543999999999665 0.00004838390000000024 0.00004861154999999992
          0.000047018499999999645 0.00004445299999999994 0.000040998399999999624 0.00004540464999999964 0.00004384189999999993 0.00003845830000000003
          0.00003777649999999994 0.00004302345000000025 0.00004474464999999992 0.000040511150000000186 0.00006878945000000031 0.00007356534999999965
          0.00030451405000000043 0.00031363564999999983 0.00018072584999999974 0.00008611330000000084 -0.00010848390000000041 -0.00007167076479999979
          0.000021914275000000372 -0.000025956099999999983 0.00012074687999999964 0.0001857229147999998 0.00048008562499999994 0.00033358850000000023
          0.0009880410200000004 0.0009819478499999996 0.0007087366000000001 0.0010364056000000004 0.00040522999999999975 0.0000011474999999994128
          -0.00041446899999999994 -0.00016255599999999982 -0.00011545999999999959 -0.00021028299999999986 -0.00012858599999999984 -0.00010858350000000004
          -0.00010613649999999989 -0.000055834999999999915 0.00003671249999999959 -0.00006988100000000038 -0.0000036610000000003585 0.00012930715000000002
          0.00020370575000000038 0.00007539650000000037 0.00014934010000000053 0.0002485633000000001 0.00026305570000000023 0.00020437384999999968
          0.00023404739999999952 0.0002538678999999997 0.00023069054999999957 0.00023912785000000024 0.00022569005000000036 0.00020210984999999998
          0.00017368010000000026 0.00020178510000000012 0.0001744180999999997 0.0001480745000000002 0.00012613605 0.00014811439999999957
          0.00012503375000000002 0.00010794149999999964 0.00009340015000000025 0.00010592025000000016 0.00009064350000000005 0.00008202390000000024
          0.00007283979999999986 0.00007815339999999989 0.00006727654999999997 0.00006467697000000025 0.00005600697499999969 0.000057553950000000225
          0.00004832350499999993 0.00004382132999999964 0.00002168445500000001 0.00003675636499999986 0.000016295005000000325 0.00005879626499999987
          0.00010430249999999981 0.00005503682500000011 0.00010338000000000007 0.00007645863499999999 0.00004680795000000001 0.00010832169999999985
          0.00006258832000000011 0.00003794185000000033 0.00009262924999999992 0.00007908399999999991 0.00006208899999999983 0.00006333580000000022
          0.00004688920000000029 0.00005167829999999967 0.00004575729999999985 0.00003747689999999969 0.000033042899999999914 0.00004324095000000012
          0.00004302230000000048 0.00003254530000000019 0.00003485845000000012 0.00004396879999999999 0.0000450945999999996 0.000038622550000000144
          0.0000423679999999999 0.00004570220000000026 0.00004580595000000005 0.000045063300000000026 0.000048049799999999724 0.000047195400000000046
          0.00007798380000000037 0.0000846882500000001 0.0003015998500000003 0.0002954167499999996 0.000012134149999999956 -0.000031155850000000875
          -0.00017253709999999977 -0.00014462960000000025 -0.00006793875000000005 -0.00010962860000000019 0.00003396544999999991 0.00007551035000000001
          0.0002255036299999995 0.00014416060000000023 0.0006288427 0.00085298025 0.00132470337 0.0015789913
          0.0010234504499999997 0.0007480915000000005 0.00005121050000000016 0.0003000734999999999 0.000007838500000000166 -0.000045593000000000165
          -0.000058035500000000187 -0.000015877999999999725 -0.00003471849999999999 -0.00007554450000000018 -0.00007566749999999984 -0.00004248900000000014
          -0.00003344300000000022 -0.00005054350000000013 -0.0000017230000000002798 -0.000006531000000000314 0.000033515500000000225 0.00006078750000000022
          0.00012239000000000027 0.00007742150000000044 0.00011587499999999988 0.00017041349999999996 0.00019855604999999965 0.00014329899999999986
          0.00015842399999999978 0.00020678974999999974 0.00019925764999999992 0.00016256549999999989 0.00015799570000000012 0.00018176190000000018
          0.00015976515000000032 0.00014719640000000026 0.00013262590000000037 0.00013728839999999976 0.00011664810000000005 0.00011647654999999997
          0.00010035999999999986 0.00009876830000000027 0.0000834427999999997 0.00008520360000000002 0.00007159964999999976 0.00007022125000000012
          0.00005914810000000022 0.00006014970000000005 0.00005099640000000018 0.00005001134999999995 0.00004164864999999988 0.00004346034999999965
          0.000036142149999999726 0.00003102143999999983 0.000011684409999999854 0.00002616959500000008 0.000007399145000000079 0.00005162309
          0.0001014115000000005 0.00004818457000000012 0.0000988610000000001 0.000047455449999999834 0.000025775250000000735 0.00007715539999999956
          0.00003222994999999977 0.000010993149999999341 0.0000633422000000001 0.00004862055000000048 0.00003290120000000009 0.00003674645000000013
          0.000022382149999999984 0.000024284599999999727 0.00002104849999999995 0.000014716699999999943 0.000012569550000000006 0.00002234685000000014
          0.00002702969999999999 0.0000154836500000001 0.00002244760000000023 0.000033448050000000026 0.00003981705000000023 0.000031855249999999915
          0.000044980949999999693 0.0000470344999999997 0.00009602609999999966 0.00011188865000000002 0.0003912596000000002 0.00033556315000000004
          -0.00003214914999999929 0.00001563649999999972 -0.00014376434999999966 -0.00017784655000000038 -0.00015204015000000036 -0.00018707385000000008
          -0.00006845125 -0.00001350284999999965 0.00007312230000000034 0.000004422549999999886 0.0002016527 0.00039090129999999986
          0.0017121972999999996 0.0015870183999999999 0.0015416629000000004 0.0012608301 0.0006301470000000001 0.001037268
          0.00012660100000000036 0.00005754250000000016 0.00001703300000000005 0.00004538500000000001 0.00002466949999999968 -0.0000015229999999998023
          -0.000008642999999999985 0.000019645999999999832 0.00003896750000000032 0.0000015949999999999299 0.000028304499999999705 0.00008033250000000006
          0.00012251449999999984 0.00006156549999999983 0.00008914600000000008 0.00014343399999999993 0.0001386510000000002 0.00010545050000000042
          0.00011228950000000002 0.00011819449999999995 0.00009535199999999994 0.00011418199999999962 0.00011434699999999978 0.00007855250000000036
          0.00006958649999999997 0.00011352850000000012 0.00011103120000000029 0.00006630599999999986 0.0000656575000000003 0.00010611294999999987
          0.00009867734999999974 0.00006523030000000028 0.00006363489999999943 0.00008925160000000005 0.0000786828999999999 0.00006037674999999982
          0.000055637000000000254 0.00006798229999999978 0.000058223100000000354 0.000050095750000000304 0.00004444969999999975 0.000049904950000000326
          0.000042796449999999884 0.00003899394999999986 0.00003388170000000041 0.000036558549999999874 0.00003025514999999965 0.00002913180000000003
          0.000023950099999999752 0.000021031090000000205 0.000002860470000000193 0.00001553245 -0.0000019830549999997475 0.00004445377999999983
          0.00009582250000000008 0.000040374569999999894 0.00009231299999999956 0.000017747349999999945 -0.000005350550000000135 0.000051915100000000055
          0.000004211749999999854 -0.00002225395000000033 0.00004261659999999964 0.000028663650000000167 0.000016813949999999883 0.000024144749999999786
          0.000016398900000000396 0.000010965549999999609 0.000010576100000000109 0.000013927450000000008 0.000016961699999999553 0.00001583740000000014
          0.00002639554999999988 0.000026947900000000268 0.00004756510000000037 0.00004471854999999973 0.00012573039999999987 0.00012306214999999954
          0.0003931248500000001 0.0004300887000000006 0.00009652040000000029 0.00016102595000000108 0.000015872349999999648 -0.00006728009999999951
          -0.00019357840000000002 -0.00015052634999999952 -0.00013886105000000034 -0.00011986454999999997 -0.00006511594999999988 -0.0001282163
          -0.000058291800000000105 0.0000642499499999996 0.0011483664 0.0005607847499999999 0.0022732279999999995 0.0019275672000000005
          0.0014415625000000001 0.0017326432499999995 0.0006202094999999999 0.00027757999999999976 0.0000758769999999999 0.00011277300000000004
          0.00006366949999999996 0.00004616050000000011 0.00004357150000000004 0.00006555750000000013 0.00013653050000000014 0.00008061600000000016
          0.00015127449999999986 0.0002576155000000002 0.00033645799999999993 0.00021148349999999984 0.00022652800000000015 0.00033354749999999964
          0.0002713785000000002 0.00019870300000000008 0.00014901599999999986 0.0001867930000000004 0.00011168450000000025 0.00009950550000000003
          0.0000623820000000004 0.000057870999999999616 0.000023401499999999715 0.000039661000000000005 0.000028516499999999834 0.00000338000000000005
          -0.0000062244999999998275 0.000025132999999999893 0.00002611550000000004 -0.000008549000000000126 -0.0000062385000000002995 0.000028837150000000158
          0.00003150184999999979 -0.0000015259499999996374 0.000003849549999999924 0.00003309409999999978 0.00003326505000000028 0.000008699399999999997
          0.000012377500000000235 0.0000321581000000002 0.000030115749999999923 0.000014682699999999938 0.000015713250000000228 0.00002748254999999986
          0.000024583450000000043 0.000015723399999999674 0.000015004449999999944 0.000021537650000000246 0.000017614999999999888 0.00001368915000000007
          0.000011111749999999886 0.000010058899999999712 -0.0000069003750000001635 0.000004533049999999933 -0.000011884274999999847 0.00003603183000000051
          0.0000883850000000009 0.00003147651499999993 0.00008410849999999943 -0.000008864049999999929 -0.00003922119999999973 0.000034334549999999585
          -0.00002235095000000008 -0.00005647830000000083 0.00002564880000000021 0.000021910599999999983 0.00002001959999999997 0.00002021595000000008
          0.000025743099999999757 0.00002277174999999961 0.00003135090000000004 0.000035312149999999906 0.000049489650000000066 0.000049931350000000235
          0.00009303650000000036 0.00004875889999999966 -0.000022160899999999485 0.0002393284500000001 0.00014592853500000003 0.00001698235000000048
          -0.0000646205500000005 0.000035430549999999616 -0.00007073003500000009 -0.000006225799999999872 -0.000024712599999999788 -0.00009924485000000021
          -0.00014852200000000016 -0.00010040280000000055 -0.00017420484999999987 -0.00015634070000000014 0.00010062349999999983 -0.00012505189999999987
          0.0013410350000000002 0.0021590405000000003 0.0019618350000000003 0.002333815 0.0018947455000000002 0.001222625
          0.00016118350000000046 0.0002984580000000002 0.00010081550000000023 0.00007708949999999992 0.00009144150000000004 0.00013837449999999987
          0.0003931555000000001 0.00022838699999999963 0.0004239094999999997 0.0006589120000000001 0.0006939199999999998 0.0005021060000000005
          0.000458711 0.0005909020000000004 0.0004021744999999996 0.0003442194999999995 0.00021644400000000064 0.00022705000000000004
          0.00011530299999999994 0.00011871150000000025 0.00005464699999999989 0.00004839099999999985 0.0000048885000000002675 0.000013581000000000148
          -0.00001248800000000036 -0.000024668500000000067 -0.00004385200000000006 -0.000027765000000000013 -0.00003478049999999996 -0.000054631499999999865
          -0.000058704000000000257 -0.00003560350000000032 -0.00003216705 -0.000057701499999999807 -0.000053151199999999926 -0.000026241549999999613
          -0.000019313699999999808 -0.00004641460000000021 -0.00003864529999999957 -0.000012504850000000165 -0.00000654185000000019 -0.0000307582
          -0.00002341120000000037 -0.0000017902999999998628 0.0000016670500000001698 -0.00001701535000000018 -0.000011769400000000083 0.000003929450000000092
          0.000005176699999999979 -0.000007708299999999463 -0.00000477394999999969 0.0000054956999999995415 0.000004251200000000089 -0.00000296320000000027
          -0.0000029274499999999185 -0.0000012765999999995743 -0.000017067794999999982 -0.000007408400000000247 -0.000022517520000000133 0.0000267339650000001
          0.00007957950000000005 0.000021835990000000005 0.00007493849999999934 -0.00003693095000000035 -0.00007482630000000026 0.000015777099999999822
          -0.00005265134999999985 -0.00009523779999999989 0.00000541115000000026 0.00001791245000000035 0.0000321381500000004 0.000016117200000000128
          0.00003879270000000018 0.00004787504999999984 0.000025394199999999727 0.000030871799999999985 -0.0004351901500000002 -0.00030463970000000007
          -0.00020924095000000032 -0.00045728139999999973 -0.0006357620499999997 -0.0002976233999999997 -0.000004100050000000015 -0.00009647150000000007
          0.0000074197000000001545 0.00002283030000000026 -0.0000328548 -0.000014799250000000209 -0.0000615896500000001 -0.0001168248999999999
          -0.0001892194000000004 -0.00014499954999999974 -0.00009098250000000003 0.0003541690000000002 0.0025917270000000003 0.0019932250000000004
          0.0022601435000000002 0.0022187715 0.0007637249999999998 0.0016198410000000003 0.00023464349999999996 0.0001527744999999997
          0.0002342984999999996 0.00039396749999999996 0.0008986124999999995 0.000647158 0.0009080415000000003 0.0010741735
          0.0010853590000000002 0.0008877405000000002 0.0007175779999999995 0.0008271034999999999 0.0004396509999999998 0.00043117149999999995
          0.00021894150000000028 0.00021541849999999973 0.00011129950000000027 0.0001071975 0.00004213249999999946 0.00004380850000000033
          -0.000009340000000000182 -0.0000034639999999996898 -0.00003655549999999994 -0.00004930350000000014 -0.000076151 -0.00005899850000000026
          -0.00007238699999999973 -0.00009180050000000023 -0.00009902950000000008 -0.00007858500000000018 -0.00007939999999999988 -0.00010042349999999971
          -0.00009792500000000024 -0.00007635339999999976 -0.00007066075000000019 -0.0000928366499999999 -0.00008600869999999976 -0.00006329395000000015
          -0.00005505074999999998 -0.00007804659999999998 -0.00006943620000000018 -0.00004658974999999992 -0.00003843704999999982 -0.00006060765000000003
          -0.00005194600000000001 -0.0000309785999999998 -0.000024462299999999937 -0.000043776700000000106 -0.00003635389999999964 -0.000019016400000000257
          -0.000014684899999999994 -0.00002985340000000022 -0.000024387100000000314 -0.000011548849999999597 -0.000010292600000000232 -0.00002010304999999997
          -0.00001770999999999987 -0.000013718200000000071 -0.00002809797000000013 -0.00002005564999999993 -0.00003362614500000015 0.00001689620499999988
          0.00007037350000000047 0.000012084039999999864 0.00006607499999999982 -0.00006915830000000009 -0.00011867515000000086 -0.0000030161999999996256
          -0.00008580425000000046 -0.00014656350000000074 -0.000005691999999999772 0.000017935649999999676 0.00003304284999999997 0.000022454105000000413
          -0.00023187700000000007 -0.0003566186999999997 -0.0005831370999999997 -0.0005622595499999999 -0.0009551255000000003 -0.0009238610000000003
          -0.00032704875000000023 -0.0005892143 -0.00029819100000000044 -0.00009582150000000012 -0.00007199950000000003 -0.00024830350000000013
          -0.00018363950000000004 -0.000072944 -0.00010041750000000009 -0.00014613800000000025 -0.00014411850000000032 -0.0001283865000000002
          0.0008175347499999999 0.00010940074999999987 0.0021567035 0.0023971400000000003 0.00217504425 0.0020102472499999996
          0.0011867585 0.0005166060000000002 0.0005989134999999998 0.0007390764999999995 0.0008945014999999995 0.0009901705000000005
          0.0011378275000000005 0.0011304180000000002 0.0014780320000000002 0.0012926094999999996 0.0009364829999999997 0.0011409835
          0.0006833994999999999 0.0004898435000000001 0.0002608745000000004 0.00040327949999999945 0.00024296000000000013 0.0001492739999999998
          0.0000626224999999997 0.00010854699999999995 -0.0000015419999999996549 -0.000009787500000000282 -0.0000632234999999999 -0.00007881349999999967
          -0.00012478749999999996 -0.00009732499999999978 -0.00011574699999999993 -0.00014712250000000024 -0.00015442950000000026 -0.0001232915000000001
          -0.00012406149999999984 -0.0001533989999999997 -0.00014815950000000015 -0.00012084999999999998 -0.00011529595000000004 -0.0001408658499999999
          -0.00013252414999999956 -0.00010827949999999997 -0.00010028215000000021 -0.00012357540000000042 -0.00011422825000000047 -0.00009161734999999997
          -0.00008254759999999983 -0.00010461429999999983 -0.00009486155 -0.00007333474999999996 -0.00006424410000000034 -0.00008511479999999978
          -0.00007554299999999986 -0.00005553040000000013 -0.00004742159999999957 -0.00006632749999999997 -0.00005764630000000005 -0.00004010144999999988
          -0.00003371455000000041 -0.00004966125000000009 -0.000042514249999999895 -0.000028445750000000316 -0.000025009199999999916 -0.000036401200000000366
          -0.000032018849999999745 -0.00002628464999999956 -0.000038973739999999734 -0.00003226355500000001 -0.0000440320150000003 0.000007544050000000036
          0.00006219500000000002 0.000003375685000000222 0.00005884050000000009 -0.00010001810500000036 -0.00018167050000000054 0.000004116460000000016
          -0.00009953419999999957 -0.00023096449999999907 -0.00006112515000000033 -0.00013188130000000005 -0.0005286379000000008 -0.0004993936049999997
          -0.0007509478999999991 -0.0008470870999999997 -0.0007034535 -0.0007949926500000001 -0.0003409673000000001 -0.0003903079
          -0.0004712149999999998 -0.00042981585000000024 -0.0006453387999999999 -0.0004743004999999999 -0.0003507125 -0.0007789314999999998
          -0.0006496889999999998 -0.00023851750000000006 -0.00011044199999999977 -0.00036564799999999983 0.0004858821794000001 0.0013506759999999999
          0.001922992 0.002218301000000001 0.0018917588206000008 0.0017276829999999998 0.0006401810000000002 0.0004737559999999995
          0.0002488949999999995 0.0006867475000000001 0.001002713 0.0005917000000000003 0.0013300695 0.0015665364999999998
          0.0015368169999999998 0.0019589235 0.0018629744999999998 0.0011197315000000003 0.0007015950000000004 0.0012884425
          0.0007897424999999997 0.000426347 0.00019975349999999976 0.0003867699999999999 0.0000777245000000007 0.000021560000000000468
          -0.00009695449999999939 -0.00011776149999999986 -0.00021698900000000076 -0.00016231700000000072 -0.00019024350000000024 -0.00025308650000000074
          -0.0002561944999999992 -0.00019644349999999895 -0.00019204300000000014 -0.00024559949999999957 -0.00023047300000000057 -0.00018316700000000055
          -0.00017260689999999996 -0.0002143562000000003 -0.00019846909999999982 -0.00016151205 -0.0001503131 -0.00018320454999999985
          -0.00016868135000000037 -0.00013916955000000002 -0.00012813905 -0.00015490224999999982 -0.00014182019999999966 -0.00011725300000000019
          -0.00010654800000000024 -0.0001293704000000003 -0.00011749595000000002 -0.0000960782499999999 -0.00008592534999999974 -0.0001061590499999997
          -0.0000953483000000004 -0.00007619234999999993 -0.00006699344999999994 -0.00008508295000000037 -0.00007540394999999966 -0.0000584436
          -0.000050660050000000294 -0.00006636845000000003 -0.00005804885000000001 -0.00004382029999999988 -0.0000385890500000002 -0.00005058824999999953
          -0.00004460824000000023 -0.000037867050000000026 -0.0000487057999999999 -0.00004299817500000049 -0.000052930030000000046 -3.5578499999985945e-7
          0.00005606800000000051 -0.0000036160649999997413 0.00005389600000000036 -0.0001263635450000001 -0.0003184144999999998 -0.00047790616000000007
          -0.00063901615 -0.000677239 -0.0006912290500000001 -0.0006790791499999993 -0.0009021802999999995 -0.00103312395
          -0.00043379859999999993 -0.00035306364999999993 -0.0003273052000000003 -0.0003296876499999999 -0.00037083265000000003 -0.00045394270000000044
          -0.0007611275000000004 -0.0004708164500000001 -0.0007786278999999997 -0.0011341900000000004 -0.0012089264999999999 -0.00145171845
          -0.0020161905000000003 -0.0005841260000000002 0.0021250405 -0.0005121029600000001 0.0025881350000000005 0.0021924605
          0.0008622959999999996 0.00205863646 -0.0005846129999999997 -0.00033571850000000016 -0.00021404600000000023 -0.0009322173999999994
          -0.0003183434999999999 0.0005663385000000003 0.0016502195 0.00041566490000000014 0.0015089870000000005 0.0025037475000000003
          0.0023826035000000002 0.0028732799999999998 0.0032804675 0.0016039695 0.0008358770000000002 0.0021793794999999993
          0.0007539745000000003 0.00023037550000000047 -0.0001350550000000006 -0.00010804199999999903 -0.0004530369999999998 -0.0003029545000000006
          -0.0003523199999999996 -0.0005281519999999999 -0.000499418500000001 -0.00034724949999999935 -0.0003243050000000002 -0.0004485437500000007
          -0.0003986818499999999 -0.00029775050000000033 -0.00027182210000000027 -0.00035403439999999974 -0.00031491479999999964 -0.00024763540000000047
          -0.00022543715000000018 -0.0002808902999999997 -0.0002513363499999997 -0.00020520379999999956 -0.00018679969999999953 -0.0002256237500000005
          -0.00020315015000000057 -0.00017002149999999994 -0.00015466045000000033 -0.00018336204999999978 -0.0001657927499999997 -0.0001405088999999999
          -0.00012738504999999965 -0.0001500395500000002 -0.0001357719500000001 -0.00011514125000000037 -0.0001036695000000002 -0.00012272444999999996
          -0.00011069059999999988 -0.00009290139999999967 -0.00008280064999999993 -0.0000995162000000001 -0.00008909352999999983 -0.00007336014999999993
          -0.00006460175000000024 -0.00007935400499999964 -0.00007026531000000018 -0.00005662584000000033 -0.00005000026000000007 -0.00006188311000000002
          -0.000054726660000000294 -0.00004759671999999996 -0.00005667327999999968 -0.00005164164000000022 -0.000059939164999999635 -0.000006404669999999757
          0.00005229950000000018 -0.000008753209999999672 0.00005121850000000025 -0.0009779750999999999 -0.0025098169999999997 -0.0013711499799999997
          -0.0017997157492499994 -0.0027946225 -0.0013582404025000005 -0.0007317925050000005 -0.0005195963700000001 -0.0011096960482500006
          -0.0010519612675000004 -0.000508569495 -0.0005286273999999997 -0.0009896149324999997 -0.0009154544224999998 -0.0005747153500000001
          -0.0007334296499999995 -0.0008213604249999995 -0.0006953707525000005 -0.0014451735999999997 -0.0024025926 -0.0006700088000000004
          -0.0012032443999999995 0.000013472000000000484 0.0020624121500000003 0.0010748712000000003 0.00290641235 0.0008199705000000002
          -0.0012581881000000004 -0.0004722481999999997 -0.0015970273 -0.0010605259500000002 -0.0005175399499999996 -0.0011786676927500006
          -0.001193118235 -0.00021547305000000017 0.0005074175500000004 -0.0012051982472500004 -0.001188078500000001 0.002179366
          0.0044475205000000005 -0.0006367145749999991 0.00394688375 0.0032481944999999996 0.00027960899999999984 0.00500663475
          -0.0016086855199999995 -0.000767243499999999 -0.0009007904999999997 -0.0018905689099999996 -0.0013880547950000006 -0.0007856890500000006
          -0.0006602155499999996 -0.0010365269399999996 -0.000805908895 -0.0005571353000000002 -0.00047439625000000055 -0.000646444560000001
          -0.0005313318700000001 -0.0004077533999999998 -0.00035366109999999994 -0.0004453395999999995 -0.00037928238999999973 -0.0003093408500000002
          -0.0002726460999999999 -0.00032733818000000035 -0.00028566273999999965 -0.0002419261500000001 -0.0002159102500000001 -0.0002516332999999998
          -0.0002233976800000002 -0.00019361604999999993 -0.00017427974999999982 -0.00019962243500000013 -0.00017931208500000017 -0.00015729710000000007
          -0.00014219271000000022 -0.0001617151279999999 -0.00014625241749999986 -0.000128592145 -0.00011620065999999967 -0.00013247270649999982
          -0.00012002197300000021 -0.00010479329499999954 -0.00009420077000000011 -0.00010862313100000053 -0.00009805995999999973 -0.00008429873000000025
          -0.00007500930500000016 -0.00008816807499999997 -0.0000788305750000004 -0.00006634518500000004 -0.000058783124999999964 -0.00007002723000000003
          -0.00006220185049999959 -0.0000551453450000002 -0.00006276628499999974 -0.00005815365599999954 -0.0000652172450000003 -0.000010718309999999467
          0.00005057649999999997 -0.000012379210000000362 0.00005027249999999997 -0.0025336104999999997 -0.0047358105 -0.0016102404999999993
          -0.00174971359 -0.00132976648 -0.0013111197050000001 -0.0011359145499999998 -0.0008554214000000002 -0.00098340406
          -0.000768595405 -0.0006729645999999997 -0.0005462821500000007 -0.0006195711400000002 -0.0005113370799999998 -0.0004540828000000004
          -0.00038453969999999984 -0.0004300422499999993 -0.0003673393100000006 -0.0003305821499999999 -0.0002877390499999996 -0.0003179008200000009
          -0.00027820450999999953 -0.00025306155000000063 -0.0002245087999999999 -0.0002458136999999999 -0.00021898516999999985 -0.00020063219999999962
          -0.00018037340000000027 -0.00019648091499999983 -0.00017735291500000017 -0.0001629333350000001 -0.00014770127999999967 -0.00016087487200000007
          -0.0001464882825000002 -0.00013419899499999958 -0.00012204802500000004 -0.00013374029349999956 -0.00012226632700000007 -0.00011094514499999999
          -0.00010064855000000041 -0.00011176561900000005 -0.00010198970999999956 -0.00009096654000000003 -0.0000817561499999998 -0.00009273472000000029
          -0.00008384246499999997 -0.00007297298000000011 -0.00006503968999999984 -0.00007525412500000005 -0.00006738124950000048 -0.00006073965000000028
          -0.00006738084300000035 -0.00006299621399999985 -0.0000693602129999997 -0.00001382822999999979 0.00005020550000000033 -0.00001517090000000007
          0.00005026399999999966 -0.0013776926500000002 -0.0007590812750000006 0.00043741727000000006 -0.0006082160000000003 -0.0008089582999999999
          0.0004665271500000001 0.0008115044500000005 0.000060785150000000134 0.0012733805 -0.0011058683499999993 0.0003238907499999996
          -0.0012105656 -0.00012674020000000053 0.0009654733999999998 0.0009894844 -0.0012642115000000005 -0.00021068055000000017
          -0.0013070296749999994 -0.00023077650000000033 0.0003452114000000002 0.0001046268999999997 -0.00134251105 -0.00024321350000000027
          -0.0013734772250000003 -0.00025221785000000013 0.00007895249999999982 0.00008206950000000019 -0.0014024578499999998 -0.0002615048000000002
          -0.0014316115500000004 -0.0002716233499999996 0.00008329924999999998 0.00008235469999999985 -0.0014640431000000002 -0.00028438985
          -0.0014973160999999994 -0.00030165739999999996 0.00007798820000000001 0.00006628640000000002 -0.0015353125000000004 -0.00032874240000000006
          -0.0015862574999999995 -0.0003702826500000003 0.0000445762000000001 0.000013228699999999588 -0.0016471836749999997 -0.00042921539999999996
          -0.0017352210249999994 -0.00050829485 -0.00001971094999999999 -0.000028637850000000043 -0.0018683750750000004 -0.0005744606999999999
          -0.0019274084249999998 -0.00038606435000000016 0.00005217954999999969 0.0003503487499999998 -0.0009016648749999998 0.0014334314499999993
          0.00396141465 0.004330954500000001 0.0014981574500000001 0.0032874135 0.004762783999999999 0.0036446465000000007
          0.00043826650000000026 0.002789904000000001 0.0009870024999999996 -0.0006155850000000003 -0.0008103120000000004 0.00000858099999999945
          -0.0003632529999999991 -0.0007216183999999996 -0.00060848005 -0.0004639984999999995 -0.00044788420000000095 -0.000515242100000001
          -0.00044076844999999963 -0.0004038680500000004 -0.0003598631999999992 -0.0003807639499999993 -0.0003319429500000008 -0.0003208805999999996
          -0.00028704800000000036 -0.0002918552500000001 -0.00025865359999999995 -0.00025778155000000073 -0.00023247855 -0.00023091439999999998
          -0.0002075293999999997 -0.00021059684999999995 -0.00019164045000000018 -0.00018764725000000024 -0.00017057889999999996 -0.00017516414999999984
          -0.0001607790999999998 -0.0001557728650000002 -0.0001427787599999996 -0.00014814124999999972 -0.00013694229999999984 -0.00013121870999999955
          -0.00012077276500000054 -0.00012690170000000028 -0.00011776365000000043 -0.00011116581000000022 -0.00010215912999999975 -0.00010929529999999987
          -0.00010127954999999958 -0.00009354937999999995 -0.0000851729950000002 -0.00009352030000000006 -0.00008585165000000009 -0.00007696129500000023
          -0.00006932705499999965 -0.00007820003499999997 -0.0000709879000000001 -0.00006503426000000007 -0.00007127139700000002 -0.00006696969999999993
          -0.00007323543699999993 -0.000016517110999999605 0.00005033849999999999 -0.000017984903000000298 0.00005031199999999937 0.0003222341299999999
          0.00011331189999999985 0.0008322016000000003 0.00023334659999999988 0.00014521470000000057 0.0003124253999999999 0.0015169367
          0.0011682022999999998 0.0005056698000000004 0.0013598311499999995 0.0012218837500000005 0.0007464385 0.0014494040999999997
          0.0012158221999999997 0.00019448105000000035 0.00013821745000000015 0.00117288955 0.0003834836000000002 0.00014071765
          0.00014657514999999975 0.00017880199999999985 0.0001666478999999997 0.00015042935 0.00014581589999999975 0.00018051309999999994
          0.00018730944999999972 0.00013438024999999987 0.0001232170500000002 0.00019201490000000002 0.00020611945 0.00013076890000000022
          0.00019163375000000017 0.00024787094999999986 0.00033537834999999996 0.0003416020499999998 0.0005585227000000001 0.00045664500000000004
          0.000546982 0.0008460670000000007 0.0021196505000000004 0.0005588970000000003 0.0008575295 0.0020695609999999993
          0.0013621304999999998 0.0017681564999999994 0.0012497085000000002 0.00033706000000000014 -0.0000505829999999996 0.0006521354999999998
          0.00014565750000000043 -0.00023396299999999968 -0.00029845250000000076 -0.000050980999999999944 -0.00015899199999999962 -0.00030232950000000077
          -0.0002848841499999997 -0.00020532949999999938 -0.00021584150000000045 -0.00026288734999999975 -0.00024141875000000006 -0.00021046464999999973
          -0.00019966349999999967 -0.0002216533499999995 -0.00020375454999999975 -0.00018763820000000048 -0.00017582590000000085 -0.0001876656500000003
          -0.00017326759999999986 -0.00016469109999999986 -0.00015436359999999972 -0.00016041689999999977 -0.00014894894999999998 -0.00014486275000000041
          -0.00013618294999999977 -0.00013870309999999998 -0.00012950400000000036 -0.00012827834999999958 -0.00012107865000000016 -0.00012117135000000018
          -0.00011352049999999988 -0.00011448714999999995 -0.00010838230000000004 -0.00010636405000000006 -0.00009951165000000002 -0.0001026204000000004
          -0.00009703650000000003 -0.00009277594999999972 -0.0000859915000000001 -0.00009145425000000003 -0.00008570334999999992 -0.00007908040000000036
          -0.00007247437000000008 -0.00007969839999999978 -0.00007388044999999994 -0.00006891652499999987 -0.0000753717649999998 -0.00007097345999999976
          -0.00007778661499999996 -0.000019690558999999904 0.00005006950000000031 -0.000021746022000000178 0.00004948700000000035 0.00023110295000000004
          0.00015917974999999967 0.0002564307000000003 0.00023125166500000024 0.00016303249999999965 0.00025299650000000035 0.00021008234999999968
          0.00026946509999999964 0.00018849600000000013 0.00013783180000000002 0.0009086084999999999 0.0016592249000000005 0.00014406909999999952
          0.00044658839999999964 0.0012590027000000004 0.0014055583999999996 0.0014944132000000003 0.0015359781500000004 0.0008011764000000002
          0.0002592143999999999 0.0013934878000000006 0.0013390175000000005 0.00021773010000000002 0.00023056770000000053 0.0005266480000000004
          0.0003136495000000001 0.00025221499999999964 0.0002874525000000002 0.00031639850000000013 0.0003587910000000001 0.00034172799999999964
          0.00041182299999999953 0.00040360400000000006 0.0004393164999999999 0.00046825000000000035 0.0004783520000000001 0.0004441710000000004
          0.00041714000000000014 0.0004398004999999999 0.00041010749999999957 0.0003709304999999999 0.00030875799999999996 0.0008624049999999997
          0.0012413185000000005 0.0002997550000000002 0.0008018229999999999 0.0007783705 0.0003133280000000005 0.0008389159999999996
          0.0004660234999999999 0.0000700660000000003 -0.00004312100000000069 0.00014624050000000013 0.00003372600000000059 -0.00011324400000000082
          -0.00014832899999999983 -0.00003603150000000055 -0.00008437850000000011 -0.0001607539999999992 -0.0001613543999999995 -0.00011174349999999902
          -0.0001241850000000002 -0.000156779 -0.00015030010000000065 -0.00012782125000000032 -0.00012691085000000006 -0.00014330770000000042
          -0.00013637175000000002 -0.00012388415 -0.00011997170000000002 -0.00012972739999999973 -0.00012347714999999982 -0.00011576855000000032
          -0.00011156705 -0.00011766505000000028 -0.00011229419999999994 -0.0001075217999999998 -0.00010371365000000036 -0.00010733265000000016
          -0.0001027133999999999 -0.00010017065000000002 -0.00009687590000000003 -0.00009833085000000009 -0.0000940443999999999 -0.00009376370000000012
          -0.00009071939999999963 -0.0000896864999999996 -0.00008507790000000012 -0.00008758325000000021 -0.00008417005000000022 -0.00008012065000000023
          -0.0000752637000000003 -0.00008036539999999998 -0.00007662264999999984 -0.00007320174999999973 -0.00008055596999999983 -0.00007560039999999963
          -0.00008369902000000023 -0.00002424872500000016 0.00004843949999999993 -0.00002725977500000027 0.00004680550000000026 0.00022722301000000015
          0.0001623490000000002 0.00025060180000000004 0.0002204548600000002 0.0001598100500000007 0.0002453763449999997 0.00018654944999999977
          0.00013088439999999984 0.00018352895000000016 0.00012852909999999998 0.00008480855000000037 0.00006180449999999976 0.00007953594999999992
          0.00003467375000000002 0.00016482514999999957 0.0009581590000000001 -0.0000020501500000002018 0.00002528925000000015 0.0017891645500000006
          0.001451264350000001 0.0003853278999999999 0.0015579454 0.0016632329999999996 0.001124167 0.00178482945
          0.001664627450000001 0.0005065715000000004 0.0004349089999999996 0.0017577805000000002 0.0009829095 0.00044028200000000044
          0.00044547150000000024 0.0005525799999999999 0.00046548000000000005 0.00042061349999999987 0.00037555450000000006 0.00041170149999999973
          0.0003546419999999999 0.00032321749999999984 0.00026435800000000024 0.00029261899999999966 0.00023139799999999987 0.0001979445000000002
          0.00022733449999999962 0.00016717499999999996 0.00011479950000000003 0.0006942525000000005 0.0005680045 0.00018473149999999967
          0.0005722105000000006 0.0002449419999999994 0.00005732250000000008 0.0003803545000000003 0.00008343699999999955 0.000014138000000000067
          -0.00003073300000000015 0.000004204500000000166 0.0000024624999999998955 -0.00006567300000000013 -0.00008758299999999996 -0.000027052000000000604
          -0.000053429499999999716 -0.00009937299999999962 -0.0001045520500000001 -0.00007150149999999995 -0.00008251150000000026 -0.00010586370000000012
          -0.00010507199999999995 -0.00008847824999999997 -0.00009116304999999963 -0.00010320284999999992 -0.00010083395000000003 -0.00009183434999999997
          -0.00009133325000000018 -0.00009829489999999989 -0.00009578134999999987 -0.0000902039499999998 -0.00008880340000000008 -0.00009340340000000016
          -0.00009120679999999986 -0.00008736214999999988 -0.00008601509999999962 -0.00008917635000000031 -0.00008723140000000025 -0.00008481635000000018
          -0.00008374150000000007 -0.00008522974999999982 -0.00008298774999999974 -0.00008268570000000003 -0.0000814814500000003 -0.00008037859999999978
          -0.00007786390000000032 -0.00008001129999999989 -0.00007876095000000004 -0.00007806385000000005 -0.00008713841999999993 -0.00008032139999999986
          -0.00009062244999999963 -0.00003077646500000028 0.00004447599999999996 -0.000034665289999999994 0.000041382999999999905 0.00021255523000000023
          0.0001565125500000003 0.00023882437000000029 0.00020472561000000009 0.00015283995000000002 0.00023283169099999978 0.00017959284500000019
          0.00012629524999999955 0.0001771319799999998 0.00012697338999999997 0.00007803274999999974 0.00003233905000000049 0.00008162659999999971
          0.000039088935000000034 -0.00001148065000000014 -0.00004942610000000042 -0.0000014774499999995612 -0.00003956039999999994 -0.00006487209999999965
          0.000044270500000000124 -0.00007509445000000029 -0.00010487180000000006 0.0008415345500000002 0.0019154841000000005 -0.00007716725
          0.00020886385000000015 0.0017744634199999996 0.0018596004999999994 0.0013002633 0.0019736944478499995 0.0016244355
          0.0008544784999999996 0.00176922705 0.001827678 0.0004966244999999999 0.00037067249999999996 0.0014065635
          0.0007143825000000001 0.0002840895000000002 0.00021050050000000044 0.00037572700000000045 0.00022602750000000034 0.00014446050000000015
          0.00008746099999999979 0.0001332975000000003 0.0000695185000000001 0.0000613279999999998 0.00015775949999999984 0.000030011500000000358
          0.00003080499999999958 0.0004543065000000002 0.00024217549999999978 0.0001362474999999999 0.0003480525000000001 -0.00003899800000000037
          -0.00003287950000000025 0.00013554700000000032 -0.0001364694999999999 -0.0000055390000000001 -0.00002482250000000019 -0.00006416649999999996
          -0.00001230199999999973 -0.000045614500000000015 -0.00006105699999999957 -0.000024068000000000146 -0.000041181000000000275 -0.00007140549999999988
          -0.0000777849500000001 -0.00005490850000000006 -0.00006480619999999985 -0.00008132085000000011 -0.00008292830000000001 -0.00007141950000000001
          -0.00007545870000000003 -0.00008330629999999971 -0.00008297760000000036 -0.00007760499999999997 -0.00007846859999999997 -0.00008232210000000025
          -0.00008159469999999974 -0.00007856364999999976 -0.0000782757000000003 -0.00008094274999999981 -0.00008041910000000027 -0.00007785810000000039
          -0.00007746954999999973 -0.00007999 -0.00007953994999999998 -0.00007718105000000004 -0.00007697890000000003 -0.00007899534999999996
          -0.00007891044999999978 -0.0000769026999999996 -0.00007765769999999985 -0.00008186360000000014 -0.00009362615000000008 -0.0000818796500000001
          -0.00009533640000000001 -0.00003858229000000013 0.00003754449999999979 -0.00004194515999999997 0.00003314049999999985 0.00019763509000000022
          0.0001487879500000003 0.00022861691500000015 0.00019138303499999988 0.00014415109999999998 0.0002263421939999999 0.00017775439999999967
          0.00013248105499999953 0.00018150098999999994 0.0001424641149999999 0.00009226569000000018 0.0000555541700000004 0.00010875330000000003
          0.00007907706500000022 0.000021844575000000162 -0.000008710417499999956 0.00005305100000000023 0.000030609249999999785 -0.00003663810500000045
          -0.00006237176000000038 0.00001124199999999985 -0.00000579124999999979 -0.00008302219999999961 -0.00009155965999999995 -0.000020963100000000145
          -0.00003651964999999986 -0.000012969465000000416 0.00047509819 -0.0000496973999999999 -0.00003247174785000008 0.0015327908500000003
          0.0018984862000000003 0.00010578999999999992 0.0007004028500000001 0.001736215 0.0016948790000000003 0.0015983262000000005
          0.0018249288999999996 0.0011966015 0.0005476994999999999 0.0016713639999999996 0.0015151054999999996 0.00021406999999999983
          0.00007440800000000025 0.0009623314999999999 0.0003402324999999998 0.000012209000000000249 -0.0000069939999999996115 0.00005764849999999988
          -0.00002358499999999958 0.000014735000000000304 0.00011599699999999991 -0.00002775599999999989 0.000006238000000000215 0.00025569599999999997
          0.000050673999999999996 0.00009702149999999993 0.00017725649999999953 -0.0002184809999999998 -0.00009607750000000026 -0.00001861600000000019
          -0.0002909265 -0.000019606499999999945 -0.000025015499999999635 -0.00013389850000000022 -0.000029158999999999712 -0.00003968049999999987
          -0.00005239800000000003 -0.00002808049999999958 -0.0000410520000000001 -0.00006206755000000008 -0.0000688225 -0.00005330500000000009
          -0.00006294185000000015 -0.00007310520000000008 -0.00007546260000000028 -0.00006976130000000025 -0.0000740722500000001 -0.0000764508500000001
          -0.00007652019999999995 -0.00007636764999999962 -0.0000769922999999998 -0.00007598875000000006 -0.00007516499999999996 -0.00007600920000000015
          -0.0000739162500000003 -0.00007430424999999977 -0.00007354630000000008 -0.0000714165499999999 -0.00006891004999999953 -0.0000731314000000002
          -0.00007406519999999983 -0.00006693975000000002 -0.00006700035000000032 -0.00007924514999999987 -0.0000946689499999998 -0.00007253820000000014
          -0.00009005164999999966 -0.00004389557500000013 0.00002859899999999936 -0.00004299946000000002 0.00002473749999999969 0.00018562991999999983
          0.00013864269999999923 0.0002253251150000004 0.0001798831749999997 0.00013201754999999933 0.00022457442000000015 0.00018714455500000004
          0.0001548860949999998 0.0001930678300000003 0.00016737304499999997 0.0001279052099999996 0.00010492882999999982 0.00014650209999999972
          0.00012906439999999978 0.00008547182500000007 0.00006917086750000026 0.00011440625000000024 0.0001019432000000001 0.000055363705000000244
          0.000043202559999999915 0.00009095599999999969 0.00008069215000000026 0.00003194294999999998 0.000020104209999999777 0.00007059680000000029
          0.0000600183500000001 0.00000774739500000017 -0.000002943289999999682 0.00004916764999999974 0.00003856274999999958 -0.0000071401000000004706
          0.000037643299999999755 0.000029067000000000174 0.000025918700000000325 0.00023352585000000045 0.0008469776500000001 0.00003759795000000024
          0.00010832964999999962 0.0016039818499999994 0.0017474487499999998 0.0003420527999999999 0.0009411121000000006 0.0015376685000000005
          0.0012872479999999997 0.0015992327000000001 0.0016202847000000003 0.0006849149999999998 0.0001326824999999998 0.0013360555
          0.0010302880000000003 -0.000029616000000000365 -0.00003796749999999988 0.00037789650000000035 0.00000248200000000004 0.000002431999999999712
          0.00008053950000000004 -0.00003612200000000051 0.0000012624999999999443 0.00011254999999999988 -0.00007679900000000017 0.00006789799999999971
          0.00006244599999999961 -0.0003571060000000001 -0.00018325600000000027 -0.000127815 -0.0004185159999999999 -0.00004303799999999962
          -0.0000339049999999997 -0.00025114550000000053 -0.00006436199999999975 -0.00004553300000000038 -0.00005771965000000011 -0.00004350699999999992
          -0.000053655000000000095 -0.00006741515000000004 -0.00007413634999999989 -0.0000659668499999997 -0.00007550235000000017 -0.00007821825000000005
          -0.00007995810000000027 -0.00008151975000000041 -0.00008440729999999987 -0.00007881090000000001 -0.00007464939999999989 -0.00008393144999999983
          -0.00007831969999999966 -0.00006880654999999983 -0.00006266000000000028 -0.00006751729999999998 -0.00005470175000000042 -0.000057340750000000124
          -0.000055011099999999674 -0.000043168650000000104 -0.000036288600000000044 -0.000059902399999999645 -0.00007930121999999986 -0.000039201800000000076
          -0.000060171410000000005 -0.000037194284999999895 0.000022903500000000175 -0.000024330068499999742 0.00002499150000000054 0.00017374236500000004
          0.0001241483999999999 0.00022327299999999996 0.00016701636 0.00011507450000000023 0.0002209875500000001 0.00019800054999999999
          0.00017821274999999976 0.0002013200499999998 0.0001866781499999996 0.00016249299999999994 0.0001493071500000001 0.00017518400000000013
          0.00016515505000000007 0.0001378747999999998 0.00012754474999999987 0.00015576619999999977 0.00014647720000000004 0.00011771025000000014
          0.00010788220000000023 0.00013695195000000023 0.0001270360000000003 0.00009780325 0.00008732190000000013 0.00011673844999999978
          0.00010615195 0.00007674239999999995 0.00006649499999999994 0.0000955736000000002 0.00008537349999999957 0.000057217399999999755
          0.00005039764999999996 0.00007601709999999975 0.00006822655000000007 0.00004746165000000019 0.00005389135000000007 0.00006266415000000005
          0.00006083685000000009 0.00008076319999999992 0.00017034239999999962 0.00006458710000000038 0.00007897695000000031 0.00042763250000000017
          0.0010383573500000005 0.00011605024999999991 0.00021906085 0.00159765515 0.0014028934999999996 0.0005195556500000001
          0.0012054242 0.0011354335000000005 0.0007214345 0.0015203543499999995 0.0011432925 0.00011585000000000012
          -0.00002174699999999988 0.0009527720000000009 0.00034397949999999985 9.994999999998754e-7 0.00006176349999999983 0.000006194000000000199
          0.0000057755000000001 0.00002861749999999941 -0.0001755369999999995 0.0000642564999999995 0.0000132929999999995 -0.0004754565
          -0.00034664550000000014 -0.00022337349999999978 -0.0005283829999999995 -0.00009866899999999999 -0.000058687499999999644 -0.00048041700000000024
          -0.00015714150000000003 -0.00006638534999999994 -0.00007869825000000011 -0.00008311999999999979 -0.0000854446499999998 -0.0000872659
          -0.00009061875000000004 -0.00009691669999999986 -0.00010162659999999983 -0.00008902090000000009 -0.00008161255000000027 -0.00009561420000000015
          -0.00007982365000000012 -0.00006629215000000005 -0.000044690499999999954 -0.00005628829999999967 -0.000026518450000000173 -0.000023502949999999626
          -0.000009493199999999879 0.000003926999999999872 0.00002558380000000024 -0.000009118740000000218 -0.00003136815439999972 0.000029398038999999734
          0.000005978124999999647 -0.0000028088000000001805 0.00003332549999999927 0.000027267108500000195 0.000050110000000000643 0.0001597098550000002
          0.00010497585000000032 0.0002176640500000001 0.00015195884000000006 0.00009409165000000033 0.00021358980000000006 0.00020304615000000015
          0.00019292920000000012 0.0002038151500000001 0.00019778249999999973 0.00018487384999999962 0.00017703825 0.0001922533499999998
          0.0001854705000000002 0.0001687294500000004 0.00015976499999999978 0.00017735590000000003 0.00016834240000000023 0.00015020664999999987
          0.00014018384999999996 0.00015881320000000047 0.00014895774999999987 0.00012983365000000013 0.00011930200000000033 0.0001388619
          0.00012861549999999985 0.00010881939999999981 0.00009866734999999998 0.00011837659999999978 0.00010835635000000002 0.00008917294999999976
          0.00008076414999999997 0.00009880110000000012 0.00008999725000000015 0.00007384660000000039 0.00006910964999999978 0.00008222269999999964
          0.00007586654999999991 0.00006728494999999963 0.00006973589999999979 0.00007134005000000044 0.00006929710000000002 0.0000782951000000005
          0.00009735280000000054 0.00007043569999999986 0.00007584145000000003 0.00014102724999999993 0.00026613429999999957 0.00008699689999999978
          0.00010788680000000009 0.00069606125 0.00141232825 0.00016364265000000025 0.00036069644999999997 0.0012574407000000005
          0.000998837 0.0010442542499999995 0.0013972953000000005 0.0006232464999999997 0.00007339249999999978 0.0009970164999999998
          0.0008331464999999994 0.00001914450000000012 0.00007588599999999988 0.00021044900000000033 0.000040157000000000524 0.000019737499999999965
          -0.0002736120000000006 0.00009922000000000014 0.000049600999999999676 -0.0005814665000000008 -0.000660153 -0.00032670800000000026
          -0.0006498155 -0.0002632569999999999 -0.00012469409999999972 -0.0008802245 -0.0004604600000000003 -0.00011249644999999988
          -0.00011662475000000012 -0.00019959974999999978 -0.00014314219999999982 -0.00010537750000000027 -0.00007462275000000004 -0.00011382074999999977
          -0.00006481729999999991 -0.00003292515000000003 0.000008804100000000138 -0.000003031750000000201 0.00005391544999999982 0.000044522600000000155
          0.00006848938499999963 0.00009403127999999985 0.00011412788500000007 0.00007248655999999982 0.00004720462440000002 0.00011275386099999988
          0.00008452898500000009 0.00006293251500000046 0.00007634300000000073 0.00009851346000000049 0.0001104995000000001 0.00014402673000000042
          0.00008263805000000006 0.00020959572500000006 0.00013696259499999995 0.0000710328499999993 0.00020803757500000017 0.00020501189999999983
          0.00020218354999999987 0.0002082760749999999 0.00020562418999999982 0.00019747374999999994 0.00019038055000000033 0.0001993519999999999
          0.00019142134999999995 0.00018198685 0.0001731253499999999 0.00018338415000000027 0.00017543935000000004 0.0001640516500000002
          0.00015474045000000018 0.0001673010499999996 0.00015875155000000024 0.00014515385000000002 0.00013533680000000004 0.00014974470000000015
          0.00014036745000000006 0.00012542420000000005 0.00011559794999999958 0.00013077555000000002 0.00012115239999999982 0.0001060612499999999
          0.00009703300000000038 0.00011168309999999977 0.00010255195000000016 0.0000887259499999999 0.0000813936999999997 0.00009393310000000006
          0.00008601609999999999 0.00007530859999999987 0.00007085430000000002 0.00007900980000000023 0.00007317254999999964 0.00006844659999999998
          0.00006866640000000028 0.00006879354999999985 0.00006625715000000004 0.00007199710000000027 0.00007906009999999994 0.00006593159999999994
          0.00006821295000000027 0.00009149124999999977 0.00011612775000000007 0.00007334410000000008 0.0000815870499999998 0.00020851255000000035
          0.0006381987 0.00009656865000000022 0.00014394580000000025 0.0013742061499999996 0.0010823842500000003 0.0003630772999999999
          0.0011480797499999998 0.0009169949999999999 0.000409988 0.0012407084999999998 0.0009266410000000003 0.00007623000000000033
          0.00013792799999999994 0.0006223379999999995 0.00014707800000000036 0.00009296400000000011 -0.00038301200000000034 0.00018405950000000004
          0.00010861650000000028 -0.0007696739999999997 -0.0011197954999999998 -0.00046514500000000014 -0.0009948055 -0.0007930780000000001
          -0.0003319939 -0.0013452025000000002 -0.0011489088 -0.0001615505000000001 -0.0000667952500000002 -0.0005068018000000002
          -0.00018605254999999994 0.000017032299999999966 0.00008611505000000025 -0.000024724499999999943 0.00007961184999999984 0.00012990898500000035
          0.00014553146499999997 0.00013489801999999973 0.00014887256500000005 0.00013776753000000003 0.0001088533999999998 0.00013831710000000022
          0.0001150686500000003 0.0001273791499999998 0.00014795100000000033 0.00014523855000000003 0.00018201500000000003 0.00013678030000000005
          0.00006187974999999957 0.00021324813999999998 0.0001665547549999999 0.00006691545000000015 0.00022197368249999975 0.00021195125499999965
          0.00020491223500000003 0.00020934852499999992 0.00019671261500000002 0.00019666221000000004 0.0001896830000000001 0.00019088020000000008
          0.00018725651500000034 0.00018345632000000016 0.00017701618500000013 0.00018322671500000027 0.00017802620499999963 0.0001699056599999998
          0.00016204540999999984 0.00017163946499999973 0.00016424229500000003 0.00015351492499999985 0.00014449204500000028 0.00015605142500000038
          0.00014728910500000044 0.0001351612750000003 0.0001257201049999997 0.00013816736499999992 0.0001288674149999998 0.00011633874500000004
          0.00010718638999999996 0.00011956834999999968 0.00011041050499999975 0.00009840934499999973 0.00009016812500000002 0.00010154552500000025
          0.00009309506000000044 0.00008263982000000017 0.00007602552999999992 0.00008523974000000011 0.000078131515 0.00007054052000000004
          0.00006644836000000025 0.00007197459000000004 0.0000669434699999996 0.00006413542500000018 0.00006384336500000019 0.00006344360499999962
          0.00006158286000000042 0.00006605049999999973 0.0000708229999999997 0.00006200212000000015 0.00006482107499999959 0.0000789589499999999
          0.00009170200000000024 0.00007069661000000003 0.0000800141200000004 0.00011743785000000035 0.00023140599999999967 0.00009325229000000015
          0.00011490261999999997 0.0008336665999999998 0.0013639063000000001 0.00018719560000000007 0.0005666914999999998 0.0009525699999999998
          0.0007784900000000001 0.0013603982500000002 0.0010334019000000005 0.0002554595000000001 0.00018641749999999998 0.0007879690000000003
          0.00023010699999999969 -0.00003313949999999954 -0.0006528049999999999 -0.00012100449999999985 -0.00044599900000000025 -0.0011973940000000003
          -0.0013458695000000001 -0.0006382435 -0.000874152 -0.0011884759999999997 -0.0006071883500000003 -0.000988309
          -0.0008560612500000001 -0.00019596150000000007 0.00002548104999999997 -0.00038734830000000024 5.362500000002241e-7 0.00011952306499999969
          0.00013856338000000016 0.00014277004999999987 0.0001565573094999998 0.0001271217500000002 0.00010948409999999995 0.00013547339000000036
          0.00011348627000000009 0.0001526564749999999 0.00020405549999999995 0.00014263220499999982 0.00019995599999999967 0.00022079899999999985
          0.00010599810000000042 0.00023317207499999962 0.00010201780999999954 0.00004916979999999946 0.00011824166500000021 0.0001904466390000001
          0.00018237744350000032 0.00013802338800000005 0.00013848464700000001 0.00018051650500000037 0.00017825637000000013 0.00013714963000000001
          0.00013562321000000008 0.00017447625999999963 0.00016934407999999956 0.00013329043000000033 0.00013005321999999994 0.00016298515499999985
          0.00015575510250000036 0.00012588000000000003 0.00012100513499999989 0.00014775894800000036 0.0001393051995000001 0.00011548959599999987
          0.00010956067900000012 0.0001304576684999999 0.00012147480899999969 0.00010326075699999975 0.00009678149799999971 0.00011239312300000006
          0.00010342773150000026 0.00009015703600000015 0.00008354873300000041 0.00009460838949999999 0.00008612420649999987 0.00007699481900000036
          0.00007063514299999966 0.00007803341400000007 0.00007053985349999983 0.00006452818799999981 0.00005881653700000033 0.00006377548050000001
          0.00005791248499999994 0.00005360282099999985 0.00004903204999999971 0.000053298609999999924 0.0000499295350000005 0.000045268060000000154
          0.000042386480000000336 0.00004828997500000009 0.00004843519499999951 0.0000406610099999998 0.000040274239999999686 0.000051335744999999695
          0.00005760323000000024 0.00004208636999999986 0.00004665641999999985 0.00006779018500000009 0.00008375492999999998 0.0000546316900000003
          0.0000675621200000003 0.00011105041999999991 0.0001721619850000001 0.00009037434000000019 0.00013647906999999973 0.0004055687350000001
          0.0012128748999999997 0.00024028597000000008 0.0005684305000000003 0.0009497125000000001 -0.0005114659999999999 0.0014753434999999998
          -0.00011357899999999976 -0.0009841955000000002 -0.0005387405000000004 -0.002860048 -0.0006350070000000003 -0.0003018055
          -0.000216026 -0.00005357800000000024 0.00000481099999999908 -0.00030323149999999995 -0.00020638549999999977 0.000003826000000000246
          0.00008636300000000014 0.00043465195 0.00047345619999999955 0.001044208 0.0010686988999999997 0.0003357766999999997
          0.0002371949369999999 0.0005105243999999997 0.0002497281150000004 0.00017677449500000053 0.00011757993000000053 0.0001494887100000001
          0.00015773301999999958 0.00012176049499999953 0.00023255249999999902 0.00030756643000000024 0.0005247730000000007 -0.002234076999999999
          -0.00291231555 -0.001931067 -0.002902867450000002 -0.002461241597000002 -0.002333768105 -0.0020645582800000012
          -0.000843514300000001 -0.002060195 -0.0008325680000000013 -0.0031055115000000006 -0.0027094010000000015 -0.002414595100000001
          -0.0027644235000000013 -0.0015595332530000013 -0.002012946875000001 -0.001976521989999999 -0.0014615750599999992 -0.0019313933550000003
          -0.0018848741450000006 -0.0028219729999999998 -0.001925641099999998 -0.0028970228500000005 -0.0029630393999999995 -0.0019504551000000018
          -0.003016972399999998 -0.0013846636500000006 -0.0018233863050000014 -0.0017546335900000005 -0.0012767836199999985 -0.0016700046650000003
          -0.00157086017 -0.0030647937500000006 -0.0020240829 -0.003104819200000001 -0.0031413602499999987 -0.002086000100000002
          -0.00317358505 -0.0011251300100000004 -0.0014506704300000003 -0.0013069881150000004 -0.0009067410100000007 -0.0011351922250000012
          -0.0009326051500000005 -0.0032031296500000003 -0.0021369310000000008 -0.0032308974 -0.0032576859999999997 -0.0021814998000000006
          -0.00328392405 -0.0006216202000000003 -0.0007033048499999998 -0.0004541990999999999 -0.0005865564000000003 -0.00020708126500000015
          0.00011437193999999998 -0.0033099814999999998 -0.0022230821 -0.0033363221 -0.0033631767999999997 -0.002264367900000001
          -0.0033908222 -0.00004908819999999925 0.001020414025 0.0043865261 0.006176126600000001 0.0092433572
          0.00715611425 -0.003420143200000001 -0.0023075380999999996 -0.0034556508500000007 -0.0035036281500000002 -0.0023585013000000004
          -0.003516049450000001 0.001987155 0.0009840234999999994 -0.0026478368499999994 -0.0028617537999999997 -0.0028670699
          -0.00236478267 -0.003517644649999999 -0.0023999515 -0.0035647395500000003 -0.0036168856500000002 -0.0024594095000000015
          -0.00365468885 -0.0017716957200000006 -0.002124911325 -0.0020406664850000002 -0.0015696121710000006 -0.0020057560449999994
          -0.001979432805000001 -0.0036838453500000006 -0.0025180211 -0.0037092147 -0.003728066899999999 -0.0025830344
          -0.00374102385 -0.001561046508999999 -0.0019709131600000006 -0.0020131494100000006 -0.0016141436999999998 -0.0021596104999999995
          -0.0024514685000000002 -0.0037459952 -0.002666064500000001 -0.0037424806999999992 -0.003721566950000001 -0.0027696401999999986
          -0.0036722662000000014 -0.0019322871000000002 -0.0028825895000000002 -0.003394265000000001 -0.0012033760000000012 -0.0036540402499999993
          -0.0014791920999999997 -0.0035426619999999994 -0.0026177848999999987 -0.0032920451999999996 -0.0029376460000000004 -0.0005889534000000014
          -0.001001595 0.007360693000000001 0.007622626500000002 0.003142862449999998 0.007074545999999998 0.007226740000000001
          0.00202643405 -0.002909036000000001 -0.0106495685 -0.007714893600000001 -0.013407504700000001 -0.014353138000000003
          -0.010281412000000004 -0.019016276000000002 -0.004290350200000002 -0.013722301200000002 -0.0131033114 -0.021315766
          -0.022246656 -0.003218814799999999 -0.012688079000000001 -0.0124731906 -0.022598742000000005 -0.022753904000000002
          -0.0026797592600000014 -0.0123038232 -0.0122296974 -0.022826666000000006 -0.02286575 -0.0086470275
          -0.0062231544 -0.0124687693 -0.001222744000000001 -0.0137553168 -0.014081333199999999 -0.004561615999999999
          -0.0139455228 -0.013846148 -0.004046970000000002 -0.013864906799999998 -0.0138694196 -0.0038194379999999984
          -0.002522161620000002 -0.012196005800000001 -0.0121885068 -0.022896083999999997 -0.022922682 -0.002471592840000002
          -0.012171304799999998 -0.012156757800000001 -0.02294366 -0.022960909999999998 -0.002423996199999999 -0.012142434199999998
          -0.012128754200000001 -0.022976902 -0.022989882000000003 -0.0023730900600000037 -0.012108831000000004 -0.012085523400000001
          -0.02299868 -0.023004276 -0.013903296800000001 -0.013936906 -0.003801191999999997 -0.013977713400000001
          -0.0140119762 -0.003879784000000003 -0.0140474192 -0.0140780872 -0.003953153799999999 -0.014105976999999999
          -0.014131422199999999 -0.004023672599999997 -0.0023094024800000023 -0.012060457000000002 -0.012033164200000002 -0.023007802
          -0.023008798 -0.0022340902599999996 -0.0120009656 -0.011964633600000002 -0.023006739999999998 -0.023001829999999997
          -0.002140869619999997 -0.0119248738 -0.011881135000000003 -0.022994354 -0.022984304 -0.0020295206400000034
          -0.011832304800000002 -0.0117780046 -0.022971584 -0.022956129999999998 -0.014155332399999998 -0.0141762886
          -0.004081198999999998 -0.014195250800000002 -0.014212543 -0.004131025600000001 -0.014228482 -0.0142430696
          -0.004174241600000002 -0.0142566056 -0.014269007 -0.0042126382 -0.0018932994400000006 -0.011717778000000002
          -0.011651087599999999 -0.022937726000000002 -0.022916182 -0.0017290158799999978 -0.0115770892 -0.0114952034
          -0.022891294 -0.022862908 -0.0015299137000000021 -0.011405343000000002 -0.0113073224 -0.022830925999999998
          -0.022795244000000003 -0.0012937598000000033 -0.0112006742 -0.011085302999999998 -0.022755661999999992 -0.022712186000000002
          -0.0142804354 -0.014291036 -0.004247409999999998 -0.014301012200000001 -0.0143103908 -0.0042797825999999995
          -0.014319067799999998 -0.0143270114 -0.004310953799999998 -0.0143342672 -0.014340876 -0.0043415718
          -0.0010199883999999961 -0.010962397199999998 -0.0108339462 -0.022665088 -0.022614834000000004 -0.0007261425999999986
          -0.010702925380000002 -0.01057286296 -0.022562167999999997 -0.022508314 -0.0004514586000000008 -0.010447874440000001
          -0.01032496288 -0.022453984 -0.022398446000000002 -0.0002132348599999971 -0.01019533308 -0.01002033176
          -0.022338996 -0.022264859999999994 -0.0143467866 -0.014351927600000002 -0.004372126399999999 -0.014356295019999998
          -0.01435998704 -0.0044030004 -0.01436288436 -0.01436528912 -0.004434836400000001 -0.014368186920000001
          -0.01437174624 -0.0044679575999999974 0.0002728182600000015 -0.0097092601 -0.00905119972 -0.022149092000000002
          -0.021933504 0.002784827 -0.007621605140000001 -0.0047665984399999995 -0.021491562 -0.020598039999999998
          0.010552185799999999 -0.00009399075999999978 0.004859931600000001 -0.018943616 -0.016418632000000002 0.0138202522
          0.0068123642 0.00448180896 -0.013925995 -0.0131641726 -0.014378119900000002 -0.01439195868
          -0.004502988 -0.014415922660000002 -0.014462638560000001 -0.004542557600000003 -0.014549489439999999 -0.0146568864
          -0.004599190999999997 -0.014671184200000001 -0.014469310960000002 -0.004654808799999999 0.0059038984000000004 -0.0006093467999999998
          -0.006445950200000001 -0.01461347 -0.017334902 -0.0020861020000000003 -0.011172513800000002 -0.01368041
          -0.020007114000000003 -0.021854858 -0.004159529399999999 -0.01428053 -0.0140166394 -0.022870246000000007
          -0.023353342000000003 -0.0033589806 -0.013565015120000004 -0.013173301636 -0.02356293 -0.023644462
          -0.01414137 -0.013880673800000002 -0.0046266754 -0.0138104962 -0.013921028 -0.0046547023999999985
          -0.014124623999999999 -0.014333506599999999 -0.004732814999999998 -0.01450699768 -0.014638512563999999 -0.004793599599999998
          -0.002816212679999999 -0.01290051998 -0.012718157300000001 -0.02366947 -0.023672009999999997 -0.0026039186600000036
          -0.012594576320000002 -0.012506878159999998 -0.023664550000000003 -0.023651504 -0.0024920320800000005 -0.012441677540000003
          -0.012387568939999998 -0.023634952 -0.02361489 -0.002405112379999999 -0.01234062172 -0.01229973548
          -0.023590982 -0.023563435999999997 -0.014729921419999998 -0.014792618899999999 -0.0048324994000000015 -0.014835064279999999
          -0.014860913040000001 -0.0048601124 -0.01487285646 -0.01487389786 -0.004876365199999999 -0.01486589248
          -0.014848666120000001 -0.004878237199999999 -0.0023316883999999986 -0.01226554 -0.012242255580000002 -0.023532676
          -0.023499986 -0.0023020524000000007 -0.012237631580000002 -0.012259486720000004 -0.023467048 -0.023436013999999998
          -0.0023826902000000038 -0.0123143463 -0.012408267000000004 -0.023408862 -0.023388822 -0.0026410178
          -0.01254599082 -0.012728140559999998 -0.023378852 -0.023382372000000002 -0.0148215984 -0.01478468782
          -0.0048613994 -0.014737891020000003 -0.014678802479999998 -0.0048185902 -0.014605788500000001 -0.0145189914
          -0.0047397934000000036 -0.01442062438 -0.014310145040000001 -0.004611718400000003 -0.003106630599999999 -0.01295368156
          -0.0132207584 -0.023405544000000004 -0.023460908000000003 -0.0037604658000000026 -0.013526567200000002 -0.013872929800000001
          -0.023565750000000003 -0.023748645999999995 -0.0045434501999999976 -0.014262264999999998 -0.0146892056 -0.024059456000000003
          -0.024567370000000005 -0.004979958800000001 -0.015057875999999998 -0.0151408386 -0.025369520000000003 -0.026420342
          -0.01419182624 -0.014074291200000002 -0.004416267999999999 -0.013985496200000001 -0.013968709400000001 -0.0041305887999999995
          -0.014094735200000002 -0.0144143676 -0.003897864000000001 -0.0148986166 -0.015215130799999999 -0.0038884839999999993
          -0.00137208 -0.01353964148 -0.006124727320000001 -0.028378837999999997 -0.024749594 -0.013541922520000001
          -0.006468294680000002 -0.0010036760000000022 -0.0006743659999999996 -0.0029775376399999993 -0.00389833808 -0.006234562000000002
          -0.005825817999999998 0.008303121999999998 0.0008450139199999973 0.004824439800000003 -0.013424077999999997 -0.00292526836
          -0.00360501992 -0.0004626320000000006 -0.00012060791999999987 0.002409196199999999 0.007183407999999998
        </DataArray>
        <DataArray type="Float64" Name="sigma_xx" format="ascii" RangeMin="-0.010581714939999997" RangeMax="0.011268376099999994">
          -0.0035874040700000004 -0.002273339791 -0.0009705172593999999 -0.0014650411288 -0.0010188317086 -0.0005170769697000002
          -0.0005120780930000002 -0.0010067131068 -0.00000956693959999991 -0.0009971890138 -0.0005294420520000001 -0.0010073487658000002
          -0.0005363646419000001 -0.00002226007920000006 -0.00003047183048000007 -0.0010184232342000006 -0.0005424356631000003 -0.0010285159072000005
          -0.0005478545011000003 -0.00003239719825999989 -0.00003260087762000003 -0.0010374898857599998 -0.0005526174773199999 -0.0010453811188999998
          -0.0005567686540799999 -0.00003239663153999997 -0.0000321311360000002 -0.0010522710255000004 -0.0005603850872800002 -0.0010582627325680008
          -0.0005635397793200003 -0.00003189287329999988 -0.00003170060799999991 -0.001063475013520001 -0.0005663125057000006 -0.0010680119572119998
          -0.0005687797589 -0.000031561013999999935 -0.0000314919071000001 -0.0010719739891000002 -0.0005710215795999998 -0.0010754586147200002
          -0.0005731292468 -0.00003152307489999995 -0.000031696958800000064 -0.0010785471593200006 -0.0005751971948000002 -0.0010812849493999999
          -0.0005772562990999997 -0.000032050508299999876 -0.00003258489799999975 -0.0010836098207999997 -0.0005791752563000001 -0.0010854306364000005
          -0.0005803425077000004 -0.000032872689000000194 -0.000031773486999999927 -0.0010854679886000002 -0.000579558326 -0.0010807840282000003
          -0.0005595679905999999 -0.000010515276999999825 0.0002731897964999999 -0.0010181474824 -0.00031078930149999983 -0.0004147248210000003
          0.0015913113291000005 0.0022120432105000006 0.0028133265785 0.0016159662089999987 0.002337613677000001 0.00321541212
          0.0011015695474999993 0.0006713466037499994 -0.00002209664999999976 -0.00005969415000000011 -0.00010839729250000006 -0.0008835653650000003
          -0.0004586801350000001 0.00006494027499999992 -0.00015296245999999944 -0.0009484639299999994 -0.0007904388150000001 -0.0013408748799999999
          -0.0017352283074999993 -0.0013105346099999996 -0.002227993755 -0.00223374923 -0.002564233932499999 -0.0032050473349999995
          -0.0020527925219999995 -0.0015045994355 -0.0005876445635000001 -0.002424945625 -0.0010990044505000001 -0.0013347834794000001
          -0.000704304613 -0.00028104570849999983 -0.0001645126475 -0.0010655013586000001 -0.0005792439275000001 -0.0010159985379999995
          -0.0005459073149999999 -0.00009577108100000006 -0.00006391228900000007 -0.0010062888217999997 -0.0005412469794999998 -0.0010054613717999997
          -0.0005425645794999997 -0.000054098805499999976 -0.00005174463299999999 -0.0010070170926 -0.0005436046572 -0.0010099480372000001
          -0.0005436904838000001 -0.000050205643499999934 -0.00004778762299999985 -0.0010131736550000004 -0.0005437072168000002 -0.0010159078268000001
          -0.0005443450294999999 -0.00004530510799999996 -0.00004373871549999999 -0.0010187532839999998 -0.0005456081784999999 -0.0010219996520000004
          -0.0005470904752 -0.0000427678673000001 -0.00004171224559999997 -0.0010253654908000006 -0.0005484446549000003 -0.0010285394516000002
          -0.0005495073414000001 -0.0000404929484999999 -0.00003923273290000017 -0.0010313226162000006 -0.0005503437333400002 -0.0010333175450399999
          -0.0005506880691579998 -0.000037626275200000085 -0.00003408645850000008 -0.001033646778 -0.0005497740097600002 -0.0010528162151600003
          -0.0005509756231419999 -0.000023979744096000082 -0.000014274395347999908 -0.0026361596329999995 -0.0012334269020000004 -0.004115162926
          -0.0018652252666000002 -0.000707585697904 -0.001394405744804 -0.0005042451746000002 -0.0010157247495 0.000016156715220000133
          -0.0005225086645999998 -0.0010421313154 0.000004009536799999846 0.000014451505500000028 0.000004242921280000089 0.000006778887599999942
          -2.5417719999991564e-7 2.0502960000018757e-7 -4.0003599999989976e-7 -0.000004078371200000129 -0.000005202346500000132 4.914159999997735e-8
          6.981029000000009e-7 -0.000005060535300000067 -0.000004563715899999789 0.0000013110083000001167 0.0000018440681000001836 -0.000004057213500000064
          -0.000003609097000000016 0.0000023011676000000918 0.000002686984000000003 -0.000003192202999999937 -0.000002757725500000063 0.0000029979784999999817
          0.0000032401895000000385 -0.0000022468804999999937 -0.000001553359499999936 0.0000034714455000000845 0.000004175852999999844 -9.65725000001523e-8
          0.000004450932499999933 0.0000070647795000001095 0.00003676228150000015 0.000043809070000000086 0.0005155032034999999 0.0004040971915000003
          0.0024225476594999986 0.0025696721565 0.0025695493114239994 0.0027243510327499996 0.0005286877595000003 0.00040935235112500004
          -0.000027576705249999698 -0.00006241415075000052 -0.00008825606000000018 -0.00008656192575000034 -0.0005076689599999998 -0.0002900520599999995
          -0.00137171489 -0.0017066781624999997 -0.0018923657225000002 -0.0019924303075 -0.0010482376774999997 -0.00065831502
          -0.0001573447924999998 -0.0003625230070000002 -0.0002250431134999998 -0.00012602621249999983 -0.00016239298599999985 -0.000191133621
          -0.00015122695499999992 -0.00017575450000000025 -0.00016179195099999996 -0.00010334337449999985 -0.00006580172549999988 -0.0001306391999999999
          -0.00009674928149999994 -0.00004403643700000009 -0.000033378359000000176 -0.00006999114349999985 -0.0000528925115000001 -0.00002819480249999997
          -0.000025173922000000054 -0.00004337894250000018 -0.00003833052300000013 -0.000023042954000000007 -0.00002137081500000018 -0.0000353684195000001
          -0.00003310201599999998 -0.000019762290499999888 -0.000017897907500000123 -0.00003082260149999996 -0.00002822166300000006 -0.000015819116299999913
          -0.000013550821800000013 -0.00002521934699999991 -0.000021690934299999882 -0.000010227827700000016 -0.0000030454091000001652 -0.000016790328999999824
          -0.000008444329099999897 0.000011999784900000045 0.000016338246999999825 0.00000537886819999992 0.000006820112599999927 -0.0006921802119
          -0.0013927196947 -0.0007079629627 -0.0014163737669000002 -0.0005403488587 -0.0010638896727 -0.000008637275600000106
          -0.0005581286129999999 -0.0010855107762999998 -0.000020270357099999843 -0.0000033136042999999245 -0.000007562039799999982 -0.000012288893499999914
          -0.000014067300499999937 -0.000009350088500000153 -0.000009710334500000065 -0.000013600889499999917 -0.000012353461999999999 -0.000009442584999999975
          -0.000008996084499999855 -0.000011253198000000165 -0.000010496285000000185 -0.000008582873499999952 -0.000008221237000000032 -0.000010033455499999886
          -0.000009712112000000014 -0.000007822187500000034 -0.000007254866000000194 -0.000009314698000000199 -0.000008569840999999879 -0.000006347285500000193
          -0.0000044687224999999746 -0.000006750641499999976 -4.5302299999985277e-7 0.0000012160904999998246 0.000050400182499999886 0.000058742013000000234
          0.0007746480724999998 0.0006405102144999999 0.0026835114094999994 0.00276818420475 0.0022515789204999997 0.0024078571320000006
          0.0003191420279999999 0.00025365667000000036 0.000030843807325999675 0.000008461554849999847 -0.00004252169900000003 3.3135572499982395e-7
          -0.0005062310692499998 -0.0005697891027499995 -0.0018793291399999996 -0.0018971266579999996 -0.0021214617524999988 -0.00197172729
          -0.00055516848 -0.0006017810374999998 -0.00006054631749999994 -0.00006949154999999993 -0.000034243692500000015 -0.0000068926775000000316
          -0.000021598567500000103 -0.00007866571749999988 -0.00012236420500000023 -0.00005128195750000001 -0.00008169652750000006 -0.00014500159399999992
          -0.00014713450900000002 -0.0001050321624999999 -0.00011841430750000008 -0.0001341430445 -0.00011369079250000014 -0.00012203818949999995
          -0.00011795303000000007 -0.00009288056150000005 -0.00007602430949999986 -0.00010884260450000025 -0.00009743499600000003 -0.00006417166300000004
          -0.000056284508499999796 -0.00008592808550000002 -0.00007558251949999994 -0.00005078713200000011 -0.0000464059845 -0.00006677063900000002
          -0.000059190576000000125 -0.00004230424850000015 -0.00003804201099999992 -0.00005219640749999997 -0.00004565651699999982 -0.00003349871400000011
          -0.00002883074499999995 -0.000040098021000000236 -0.00003535559999999989 -0.00002362587070000019 -0.000015867178399999914 -0.00002999668450000006
          -0.000021804007700000034 -0.0000028565564000000577 -0.0000020333090999999602 -0.000008477551599999965 -0.000007816622999999951 -0.0007202118228999999
          -0.0014319927575 -0.0007280023169 -0.0014413609915999998 -0.0005777318655 -0.0011105111116 -0.00003193049970000002
          -0.0005997347029999999 -0.0011400076375 -0.0000440309095000002 -0.000021095898500000124 -0.000020314699999999936 -0.000030462449000000138
          -0.000027139358499999918 -0.000017516121499999812 -0.000014312231000000098 -0.000021891072499999976 -0.000016467115999999886 -0.000011824181500000048
          -0.000010286390000000147 -0.000012168805499999959 -0.000009384298499999885 -0.00000951177950000004 -0.00000915957050000003 -0.000007974593500000182
          -0.000007494703499999852 -0.000008811608999999905 -0.000007576646499999836 -0.000006915573999999887 -0.0000010189305000001472 -0.0000012665305000000463
          0.00006823432100000007 0.00007968754749999992 0.0010502540034999994 0.0009116286414999999 0.0028310367570000008 0.00288221016925
          0.0019688790927499993 0.002105437713 0.0002060932694999996 0.00016981966424999944 0.000043379441500000275 0.00004116003874999985
          0.000028050171000000056 0.0000428786565 -0.00018388329325000027 -0.00035663373534999934 -0.0018171481354999997 -0.0016542460368499995
          -0.002309606124999999 -0.0022593557 -0.0007604091400000002 -0.0010457581224999999 -0.00010179587250000018 -0.00007413866749999976
          -0.000008294702499999906 -0.000014677039999999896 -0.000006942304999999988 -0.000007311242500000083 -0.000016166667500000085 -0.000005605822499999957
          -0.000005854304999999942 -0.00002998126250000014 -0.00004837648500000004 -0.000010696760000000067 -0.00002448799250000002 -0.00006978899499999982
          -0.00009121813749999999 -0.00004859840749999987 -0.0000785907499999999 -0.00010875691000000019 -0.00011902406249999998 -0.00010601483500000006
          -0.00012387211250000014 -0.00012064745799999998 -0.00011485176450000013 -0.0001299909154999999 -0.00012630696999999988 -0.00010447640600000005
          -0.0000924394065000001 -0.00011642361299999974 -0.0001037370070000001 -0.00008071604349999976 -0.00007005865049999987 -0.00009064526600000006
          -0.00007860369749999992 -0.00006070142099999986 -0.00005315052249999999 -0.00006857636450000013 -0.00006062260400000017 -0.00004740918199999997
          -0.00004204712799999988 -0.00005359864149999977 -0.00004654590350000006 -0.00003541082649999987 -0.000026066961300000174 -0.00003897854749999997
          -0.000029282951100000113 -0.000012172016399999973 -0.000011555068700000072 -0.000015115991700000084 -0.000014417454499999923 -0.0007332222741
          -0.0014477651784999999 -0.0007372288203 -0.0014528856298 -0.0006234777245 -0.0011734080434999997 -0.00005622548949999995
          -0.0006475123645000001 -0.0012090528514999998 -0.00006758045799999982 -0.00004052569549999995 -0.00003504447600000001 -0.00005076493199999985
          -0.00004393188649999998 -0.000027427001000000118 -0.000019613939999999873 -0.000034410047999999934 -0.00002433159350000007 -0.000013151402000000069
          -0.000008706149999999923 -0.000015572989999999872 -0.000009156265500000054 -0.000006324709999999988 -0.0000052261680000000364 -0.000005102574499999936
          0.0000035255519999997833 8.199029999998928e-7 0.00009551887649999997 0.00011874199549999984 0.001367021573 0.0011975997564999995
          0.002931636686999999 0.00298484507075 0.001697281445499999 0.001835449061749999 0.00013927319074999998 0.00011093445999999955
          0.00003071736300000039 0.00003995620999999966 0.000048447867500000185 0.00004325192400000026 0.00001236829649999967 -0.000050588108750000024
          -0.0013910369465000006 -0.0010163217465000002 -0.002094219070499999 -0.002242590679749999 -0.001450052194999999 -0.0018919907974999993
          -0.00025565016249999995 -0.00015168350749999982 -0.000022194725000000005 -0.00003314189500000007 -0.000012761670000000106 -0.000009305792500000043
          -0.0000017426350000002473 0.0000012448675000000042 0.00001858781 0.000006629437500000078 0.000011827934999999973 0.00003310831499999967
          0.00003143872999999986 0.000005965497500000022 -0.000016472799999999935 0.000004054355000000071 -0.00004118217249999992 -0.0000518240425
          -0.0000886408275000002 -0.00008513341750000013 -0.00011551193000000024 -0.00011652966999999996 -0.00013162903749999998 -0.00013145359499999994
          -0.00013688509249999996 -0.00013528493999999988 -0.00013075371099999998 -0.00013545441999999994 -0.00012950606950000012 -0.00012122664049999977
          -0.00010922519299999997 -0.0001206004745 -0.00010998086349999997 -0.00009661505450000025 -0.00008480595850000007 -0.00009872741900000009
          -0.00008772816950000005 -0.00007450660750000006 -0.00006546886349999991 -0.00007750103899999985 -0.00006817634549999991 -0.00005719887450000002
          -0.000049450372000000014 -0.000059691245000000046 -0.00005178853450000012 -0.000041576043999999936 -0.00003172616499999982 -0.000043693876999999996
          -0.00003364805399999994 -0.000017510175099999916 -0.00001676760969999987 -0.000019357309899999872 -0.000018542758900000184 -0.0007405737063999999
          -0.0014573532471 -0.0007433748231 -0.0014613478641999997 -0.0006701519949999998 -0.001244859947 -0.00007685362949999991
          -0.0006900179659999998 -0.0012789456320000002 -0.00008288597599999994 -0.000060035457500000087 -0.000052896811000000076 -0.00006685313050000015
          -0.00006032386050000002 -0.00004228467249999988 -0.000030464892000000053 -0.000049489739500000115 -0.00003653279950000003 -0.0000195694350000001
          -0.00001059931599999996 -0.00002319507450000015 -8.637794999999895e-7 0.000004104901500000003 0.0001502729804999999 0.00018399968950000013
          0.0017650563005 0.0015643834640000005 0.003038486833749999 0.0030805154798250003 0.0014458428922500004 0.00155794108825
          0.00008593375300000014 0.00007304722975000027 0.0000019621084999995046 0.000016167954249999856 0.00002659849024999997 0.000005223992749999652
          0.00001001196674999986 0.000020649371999999677 -0.0005810243182499997 -0.00022275532449999978 -0.0017139074984999995 -0.0019243009219999988
          -0.0021999915424999994 -0.0022089557925000004 -0.0009559957924999998 -0.0004923032775000001 -0.00005484156249999997 -0.00009636493249999997
          -0.000025731222499999858 -0.000018138240000000106 0.000004898472500000058 0.000010534995000000166 0.00006286960249999993 0.00003548527000000002
          0.00006345622250000018 0.00011399609999999999 0.00011084651750000008 0.00006334914499999982 0.000018348085000000034 0.000024184317499999894
          -0.00008356041749999994 -0.00004943018999999997 -0.0001033528174999997 -0.0001465493699999998 -0.0001643682525 -0.00013109850999999992
          -0.00014035174999999992 -0.00016103311499999975 -0.00015182505249999997 -0.0001406701000000001 -0.00013716650500000002 -0.00014225820250000028
          -0.00013354665249999984 -0.0001316568399999998 -0.00012464273899999998 -0.00012556114249999997 -0.00011787869600000004 -0.00011636625450000025
          -0.00010715338749999991 -0.00011013166050000009 -0.00010213052049999993 -0.00009743809299999998 -0.00008768405599999987 -0.00009387861849999987
          -0.00008552292699999983 -0.00007827571200000005 -0.00006944456049999996 -0.00007726680100000008 -0.00006927968999999992 -0.0000612291194999998
          -0.00005339542800000008 -0.00006160996699999996 -0.000054065967999999796 -0.00004522455550000004 -0.000035088651500000046 -0.00004599685749999997
          -0.00003590667650000015 -0.000020753047299999982 -0.000019867988400000085 -0.000021673009899999888 -0.000020864588199999797 -0.0007457885757000001
          -0.0014650007207 -0.0007479745355999998 -0.0014684357001 -0.0007064033880000002 -0.001310080496 -0.00008496350949999999
          -0.0007192985510000001 -0.001337787445 -0.00008300915000000018 -0.00006987260049999983 -0.00006438140049999981 -0.00006831669849999999
          -0.00006367143950000004 -0.00005380281800000021 -0.0000393417214999999 -0.00005275071249999983 -0.000026509585499999924 -0.000011958578999999958
          0.00020331344399999977 0.00018878612200000003 0.0019408783869999996 0.001910384939 0.003097549284 0.00307986569325
          0.0014768175119999995 0.00140721950525 0.00008394829475000015 0.00012019340417499997 0.000018573385750000207 -4.854350000003146e-7
          -0.00001171518300000046 -0.000012191249499999727 -0.00002780189650000037 -0.000007548763499999825 -0.000060845297500000144 -0.00005356995250000043
          -0.0007814161874999997 -0.0013411878325 -0.0019776200687499994 -0.001795629687499999 -0.0021165084624999997 -0.0016091372449999997
          -0.00017553121749999998 -0.00039496544999999993 -0.00006316020500000018 -0.00003510802499999982 0.000020545757499999962 0.000035440092499999826
          0.00019226536999999983 0.00010965789750000014 0.00020273807249999981 0.0003581445824999999 0.0002541450300000001 0.00017931625500000015
          0.000002435074999999822 -0.00009183206249999991 -0.00029329048500000015 -0.00015983736 -0.00021621431499999985 -0.0003051839474999998
          -0.00026238603999999987 -0.0002108959725000001 -0.0001901019000000001 -0.0002227393150000004 -0.0001924249374999999 -0.00016985397500000014
          -0.00015291525000000003 -0.0001685438875000001 -0.00014921670250000015 -0.00013909266999999995 -0.00012782396500000002 -0.00013361614749999998
          -0.00012116560250000014 -0.00011849326000000016 -0.00011046054199999986 -0.00011122622949999978 -0.00010310021799999987 -0.00010313938000000002
          -0.00009608934600000016 -0.00009612707400000003 -0.00008976807500000013 -0.00008905996249999973 -0.0000819745790000002 -0.00008365326200000006
          -0.00007757846000000003 -0.00007487212450000003 -0.00006782783500000021 -0.00007146878249999992 -0.00006531534999999999 -0.00006085942150000017
          -0.0000537855179999998 -0.00005908838849999995 -0.00005259119800000019 -0.00004598463099999997 -0.00003602789299999998 -0.00004519806749999993
          -0.00003547987349999973 -0.00002199857829999988 -0.00002148412930000008 -0.000021704021200000107 -0.00002159327509999998 -0.0007499872096999999
          -0.0014717286029 -0.0007517279598000001 -0.0014748626808 -0.0007290079015 -0.0013619608080000002 -0.00007746596600000013
          -0.0007353981550000002 -0.0013820966120000001 -0.0000687239214999998 -0.00006226724099999999 -0.00005736889250000009 -0.00005196234149999982
          -0.00004168895800000015 -0.00003878691599999977 0.00013868479349999992 0.00008311532699999995 0.0015647117744999998 0.0018258777365000004
          0.0030199094805 0.0029263251972500006 0.0019045805325000004 0.0016576825902499992 0.00016832291350000022 0.00021695270624999953
          0.00008309933799999987 0.000053499811500000604 0.000014219563249999342 0.00005289642349999998 0.000018477937000000043 -0.00002054230825000047
          -0.00005537666299999964 -0.00002128880050000014 -0.00011207801750000021 -0.0003013227474999998 -0.0017015806150000002 -0.001303861011249999
          -0.0018224547075 -0.0020958779774999997 -0.0009615086599999996 -0.0017782428475 -0.00023204692499999998 -0.00012601674999999975
          0.000058336655000000126 0.00010624200999999981 0.000629254705 0.00034688397499999977 0.0006034440375000002 0.0008890535675000002
          0.00011240673749999999 0.00026669281499999996 -0.00030871206999999993 -0.0006233738200000003 -0.0006393105099999999 -0.00047029566500000013
          -0.0003934239150000002 -0.0004626312974999998 -0.0003534004274999997 -0.0003102628449999996 -0.0002564258575 -0.0002936270024999999
          -0.00025054208250000013 -0.00021866886249999985 -0.00018857225749999992 -0.00021387648999999985 -0.00018242995000000006 -0.00016362532000000006
          -0.00014322625999999998 -0.00015648447999999985 -0.00013582762499999998 -0.00012694901749999988 -0.0001141721975 -0.0001197198524999999
          -0.00010721843099999992 -0.0001041469679999999 -0.00009612054099999992 -0.00009742342699999998 -0.00008957309499999995 -0.00008942361399999986
          -0.00008351988999999988 -0.00008305868399999993 -0.00007740958449999993 -0.00007801912850000014 -0.00007267036749999988 -0.00007227495899999989
          -0.00006740740649999993 -0.00006733609249999999 -0.00006194538549999982 -0.00006264278000000014 -0.000057869707000000086 -0.000056419050999999786
          -0.000050529901500000196 -0.000052966752499999955 -0.000047670645999999895 -0.0000436317410000001 -0.00003428370850000005 -0.00004130891800000017
          -0.00003241680500000025 -0.000020841222600000094 -0.000021154295699999894 -0.00001938204000000002 -0.000020154222900000002 -0.0007530911699000001
          -0.0014777476255999997 -0.0007540247794999998 -0.0014802908691999997 -0.0007371910134999998 -0.0013966456894999998 -0.00005565199150000007
          -0.0007316026794999998 -0.0014028901864999999 -0.00003305713850000013 -0.000033913878999999996 0.000052081544000000054 0.00004475876549999992
          0.0009385886754999999 0.001230501585 0.0028321210394999996 0.002751312279 0.002245688208 0.00211187221
          0.0002640149364999996 0.00030734924374999973 0.00003086926999999986 0.00008719689224999968 0.00007838593650000016 0.00006576214749999983
          0.00007958651750000005 0.000057667535750000274 0.000023326292749999874 0.00006239580999999983 0.000022973472499999737 -0.00004419357500000039
          -0.0006166360262499997 -0.00016268228749999995 -0.0015930288049999996 -0.0017926818674999993 -0.0021992841025 -0.0020276699862500002
          -0.0012818590125 -0.0005717274825 0.00019891622999999956 0.00038390267 0.0014252684525 0.0010300173125
          0.0010582855075 0.0010164527749999999 -0.00047103911750000053 -0.0001959858 -0.0009062132049999999 -0.0010559272100000002
          -0.0008742208649999998 -0.0007654212600000001 -0.0005180268875000001 -0.0005867648849999999 -0.0004729015975 -0.0004018686825
          -0.00034216012500000003 -0.00041394282250000033 -0.00035404581999999964 -0.00029299755249999993 -0.00024714954249999995 -0.00029321472999999955
          -0.00023922043750000013 -0.00020679266249999992 -0.0001736684150000001 -0.00019585627999999986 -0.00016291705749999971 -0.00014770842250000005
          -0.00012776616249999975 -0.00013830377 -0.00011968918499999994 -0.00011243282500000013 -0.0001004852309999999 -0.00010526525550000007
          -0.00009380847350000001 -0.00009099302849999985 -0.0000832785940000002 -0.00008452162000000002 -0.00007686715899999996 -0.00007684298150000012
          -0.00007130517200000015 -0.00007045180699999991 -0.00006496916300000017 -0.0000663715255000001 -0.0000618151095 -0.00006016891900000013
          -0.000055844870000000084 -0.000057466738499999985 -0.00005318966099999993 -0.00005182795249999983 -0.00004796806900000001 -0.00004882968650000019
          -0.00004409061249999985 -0.00004408739050000001 -0.00003986359800000007 -0.00003826977699999996 -0.000029870497500000062 -0.000034566246499999944
          -0.000026662260999999855 -0.000017285434899999908 -0.000018550022600000088 -0.000014537149600000082 -0.000016303772400000082 -0.0007544591051
          -0.0014823978947999998 -0.0007543080319000002 -0.0014839552207 -0.0007125714384999997 -0.0013959771595 0.00004001130870000022
          -0.0006454676265999999 -0.0013626369394000002 0.0005443967247 0.0007123792409999998 0.002642545324799999 0.002473276786599999
          0.0024607743982499996 0.0023773375269999994 0.0004264646472500002 0.0006532173515000004 -0.0000849019664999996 -0.0000769088240000003
          -0.00004149770500000054 -0.00015042379249999993 -0.00013457910499999997 0.00003724699250000024 0.00007993355500000011 -0.00003066805250000029
          0.00006008829499999974 0.00006618918999999994 -0.00001800039250000009 0.0000497103500000001 -0.0003958960350000003 -0.000985122596197
          -0.0018442003737499995 -0.0017241574699999995 -0.0018767285074999995 -0.001840386885 0.0006279283324999995 0.0005534810474999999
          0.0019885682949999997 0.0017315759149999991 0.0008987009825000003 0.0010223793999999996 -0.00041118142999999995 -0.0005707882024999995
          -0.0010806940424999997 -0.00101783568 -0.0011598087349999997 -0.0010079365900000003 -0.0007037590075000004 -0.0009154478774999996
          -0.0007715596200000002 -0.0005867558174999999 -0.0005253432774999997 -0.0007020579274999998 -0.0005925011324999995 -0.0004463130099999998
          -0.00036026091749999985 -0.0004637452350000001 -0.0003499103300000004 -0.0002841799375000003 -0.0002251785825000002 -0.00026543928499999996
          -0.0002079274749999996 -0.00018240218499999982 -0.00015168959249999993 -0.0001687127650000001 -0.00014056850000000018 -0.00012900672750000002
          -0.00011159494150000018 -0.00011923986100000011 -0.0001024824495000002 -0.00009779426599999976 -0.00008662305800000012 -0.00008903712100000026
          -0.00007812386600000002 -0.00007745926000000023 -0.00006986913499999983 -0.00006919508300000004 -0.0000618404244999999 -0.00006352084599999978
          -0.000058143292000000035 -0.000055736692500000157 -0.00005061891549999979 -0.0000535088409999998 -0.000049424265000000005 -0.00004626786299999988
          -0.00004249801400000003 -0.00004572205550000006 -0.000042246463500000196 -0.00003914849900000013 -0.000036063631499999886 -0.00003880582199999988
          -0.00003506093300000016 -0.000033048264500000115 -0.000029753953499999864 -0.00003025834099999994 -0.000022830005199999753 -0.000025412354000000076
          -0.000018427076000000088 -0.000011149297000000183 -0.000013401127499999996 -0.0000071553371000000155 -0.000009851653800000058 -0.0007534915590000001
          -0.0014848402286 -0.0007519402098999999 -0.0014849247963999999 -0.00024325535450000018 -0.0012369487054999999 0.0022534138515
          0.0013668409124999996 -0.0005982713335000001 0.00250277851825 0.002496284168749999 0.0008996547372499995 0.0011700364823999999
          -0.00001969270797500034 -0.00005942339975000014 -0.00012550733524999992 -0.00012747788975000043 -0.00014356050375000012 -0.00017111933550000005
          -0.00024777997975000004 -0.00018281872375000002 -0.0003277211229999999 -0.0001830385899999996 -0.0000213568549999998 -0.0004717516104999997
          -0.0003181398525000001 -0.000050794057500000206 -0.0013828162426999999 -0.0007022261375000003 -0.001196497704999999 -0.0015253682913029996
          -0.00013424501500000033 -0.0006849629399999996 0.0016571951275 0.0020156855375 0.0014417577195 0.0016306975755000003
          0.00053373417225 0.0001064423724999997 -0.0006224544275000001 0.00008415060525000009 -0.00036156569000000017 -0.00115972282
          -0.0012618693049999997 -0.0011465562124999998 -0.0016553409225 -0.001093643565 -0.0009953932375000004 -0.0015587679250000002
          -0.00131881717 -0.0008414298299999996 -0.0006383935199999998 -0.0009801016300000002 -0.0006423197849999997 -0.00045392894000000013
          -0.0003237957299999999 -0.00041590716499999996 -0.0002914066549999999 -0.0002425133450000001 -0.0001905529299999999 -0.00021810603499999983
          -0.00016920264000000018 -0.00015440738000000042 -0.00012755229299999998 -0.00013431481900000002 -0.000108659851 -0.00010689153900000002
          -0.00009069721799999974 -0.00008942943799999989 -0.00007477122299999979 -0.00007784832599999988 -0.00006756001600000008 -0.00006342614299999978
          -0.000054513366500000146 -0.00005924860400000004 -0.00005247739850000007 -0.00004741639800000007 -0.00004169313300000008 -0.00004691078600000007
          -0.00004228605800000003 -0.0000370206414999998 -0.0000331575745000002 -0.000038392505000000104 -0.00003505758100000015 -0.00002991811100000009
          -0.00002715452750000001 -0.000032132703999999853 -0.000029470936000000025 -0.000024738969999999857 -0.00002254354399999995 -0.000026882770499999934
          -0.00002401864499999982 -0.00002039115099999995 -0.000017940029100000093 -0.000020103252100000025 -0.000013517639700000083 -0.00001441387889999991
          -0.000008178132199999962 -0.000002605996600000069 -0.000005686411099999938 0.0000024326931000001317 -9.568368000000758e-7 -0.0007496034017999998
          -0.0014840975349 -0.0007464514376999998 -0.0014822598822999999 0.002045431865 0.0020504936124999995 0.0015034517872425002
          0.0021260450130000004 0.0035255835650000013 0.00018804950315749966 0.00007303724537499989 -0.00012362066747500028 -0.000040056325225000424
          -0.00006531962259999965 -0.00015668532585000035 -0.00019217829505000015 -0.00009850862885000053 -0.0001469981782499998 -0.00024483633252499973
          -0.0003819215947500001 -0.00021179417597499959 -0.00028888493049999964 -0.0008254700265000001 -0.0011836070554999997 -0.0005155750660000001
          -0.00182204795885 -0.00149103374 0.00010002625269999978 -0.0028703518535000004 0.0023502401264999997 0.0014605281274999997
          0.0017273916545000004 0.003974901561999999 0.0008878779355000001 0.0006789645213000001 0.0001784713844774998 0.0000039160740499999316
          -0.000022049756727500145 0.00020235496300000016 0.00020752965224999942 0.0001540997432500002 0.0005110416267499995 -0.0006023549200000005
          -0.0023769063775 0.0008172360875000002 -0.0018124783600000003 -0.0024201524175 -0.0018343946399999994 -0.0044176164749999995
          -0.0024892223249999993 -0.0010814112049999996 -0.0005838607350000002 -0.0009753936699999998 -0.00043443724200000036 -0.00036229662500000023
          -0.0002474313 -0.00023959072699999978 -0.00014907682999999996 -0.00017766127399999985 -0.00013243593600000003 -0.00010111762800000019
          -0.00007315093399999977 -0.00010196473799999994 -0.00008073145899999995 -0.0000555859580000002 -0.00004388493900000003 -0.00006547571100000001
          -0.00005420257100000022 -0.00003570953800000015 -0.000029759569999999875 -0.00004566958799999998 -0.00003906026549999985 -0.000025275854000000007
          -0.00002179280000000012 -0.00003384243299999979 -0.00002964807850000002 -0.0000190112579999999 -0.000016734802499999974 -0.000026220786500000045
          -0.00002337505149999988 -0.000014827264400000114 -0.00001319398029999998 -0.000020972455999999914 -0.000018903995999999807 -0.000011763471499999838
          -0.000010479808499999782 -0.00001707523220000009 -0.000015384036700000007 -0.000009289666400000014 -0.000008122360900000004 -0.000013672797700000043
          -0.000011613350200000179 -0.00000684497690000016 -0.0000051470732999998945 -0.000008435188600000156 -0.000002495439400000185 -0.0000022685106999999723
          0.0000034357869000000624 0.000007880884700000185 0.00000426795710000015 0.000013648704700000086 0.000009905114100000025 -0.0007424779172000002
          -0.0014793411716000002 -0.0007376934893000001 -0.001475287476 0.0000790665937999999 0.000011508993099999887 0.00004355053279999995
          0.0010181204450000001 0.0023939752225 0.00046886396100000004 0.000021813466000000025 0.000010960051199999739 0.0002624515569999997
          0.00016189703300000015 0.000005027362000000093 0.0000015331144000001066 0.00010660769199999985 0.0000736349729999996 -6.236577999997551e-7
          -0.000001987273199999807 0.000052724005000000385 0.00003881939200000011 -0.0000028431450000001848 -0.0000033553698000001256 0.000029230767999999906
          0.00002243502400000001 -0.000003628278600000127 -0.0000037216704000001936 0.000017518730999999716 0.000013922399000000349 -0.000003675097699999953
          -0.0000035210853200000552 0.000011276730499999815 0.000009339402600000028 -0.000003275113799999942 -0.0000029519988400001392 0.000007943829399999969
          0.000006973473799999969 -0.000002558899820000117 -0.000002098309880000014 0.000006345757199999994 0.000006004177999999972 -0.0000015609110800000404
          -9.10587259999774e-7 0.000005916387599999756 0.000006086784299999873 -4.074529999994398e-8 0.0000013396126000000663 0.000006597486600000091
          0.00000771923359999992 0.000003976042280000265 0.00000951222236000005 0.000010182484699999889 0.000015625278599999868 0.00001963793301999983
          0.00001586278763999989 0.000025744379979999982 0.000022042559899999973 -0.0007321266183999998 -0.0014700670057999998 -0.0007258136389799998
          -0.0014636592855999998 -0.005358421737000001 -0.0031997344845000005 -0.002886451617499999 -0.0028658255274999996 -0.0007210904847499991
          -0.002099696180249999 -0.000946645014 -0.0011832066634 -0.0018259764098000003 -0.0004474370202500004 -0.0005747942705000003
          -0.000408281394 -0.00017791071025000045 -0.0023955956092500006 -0.00084670332625 -0.00037818991925000014 -0.00014060396999999986
          -0.0003595143822499997 -0.00012643944724999973 -0.00009977639774999981 -0.00007806217274999996 -0.0003489411050000004 -0.00011597808225000044
          -0.00034336872575000017 -0.00011038745425000008 -0.0000716723077500001 -0.00006424927049999988 -0.0003410662369999999 -0.00010944869449999952
          -0.00034027138374999994 -0.00011184875050000028 -0.0000626807492499995 -0.00006453195024999956 -0.00034070972174999985 -0.00011576716799999989
          -0.0003388749844999998 -0.00011902454500000002 -0.00006886861425000018 -0.00007594001875000004 -0.0003333426567500003 -0.00012235007450000007
          -0.00031977254850000015 -0.00012640811099999953 -0.00008706699325000017 -0.0001053903670000002 -0.00029521724049999987 -0.0001366569770000002
          -0.00025497907575000036 -0.00016521633500000003 -0.00013665011924999978 -0.00018120780849999987 -0.00020452805399999972 -0.0002269864924999997
          -0.0002236186014999999 -0.0002210298520000002 -0.00019539137725000042 -0.000015394774750000708 -0.0006026616110000002 0.0006792563609999996
          0.0014473189374999997 0.0024604337100000003 0.0007228915550000008 0.0020463586475000005 0.0039506248675000005 0.0026632139899999997
          0.00170759028 0.0023134159649999993 0.0014242562249999996 0.0010658798549999994 0.000585028625 0.0009089633749999996
          0.0006160262449999998 0.0003589663230000002 0.00024308502200000025 0.00040137687500000003 0.0002772704699999998 0.00017263040999999978
          0.00012634538800000006 0.00020417357599999985 0.000155946404 0.0000947757520000001 0.00007264342499999996 0.00012164729999999979
          0.00009638672999999973 0.0000567587320000002 0.000045124334000000085 0.00007743561200000019 0.00006303652800000007 0.00003646842800000001
          0.000029943248000000037 0.000051985009000000274 0.000043432804999999894 0.000024985333499999832 0.000021213385500000054 0.000036777125500000166
          0.00003159195000000011 0.000018354115500000017 0.00001621696850000021 0.000027565838000000187 0.000024473441000000234 0.000014663372500000194
          0.000013595686499999875 0.000022150010999999773 0.000020475828999999906 0.000012950254000000016 0.000012706017499999945 0.000019369997500000104
          0.000018797505000000005 0.000012925430999999995 0.000013861705400000066 0.000018807411499999966 0.00001964221400000012 0.00001623119949999995
          0.0000216632070000001 0.000022004660300000025 0.000027513482000000038 0.00003186210328000013 0.000028344222000000073 0.00003788392089999981
          0.000034668142160000135 -0.00071880009178 -0.0014560607288 -0.0007111323017 -0.00144726948032 -0.0004150482484999999
          -0.0009082829059999999 -0.00010018738300000016 -0.0003614860884999999 -0.0008445198929999999 0.0001078249145000002 -0.0011662920149999997
          -0.0026035693279999996 0.00001726213300000009 -0.000534345988 -0.001537986228 -0.00016586437349999997 -0.0022573527270000004
          -0.00234334355625 -0.00006356278724999983 -0.000057985748749999876 -0.0005376558474999996 -0.000038838248500000386 -0.000059082807749999904
          -0.00006109783500000026 -0.00005531028475 -0.00006405758474999955 -0.0000661665812499997 -0.0000767780369999999 -0.0000689758985000002
          -0.00008144062850000016 -0.00009369107150000055 -0.00011756525549999966 -0.00009844512249999958 -0.0001150697197499998 -0.00014407926024999975
          -0.00014856922500000038 -0.00011677398724999974 -0.00007685284025000044 -0.00007511654124999986 0.00009784830525000022 0.00001610015149999946
          0.00011620411500000034 0.00032949004499999987 0.0013372302850000002 0.00016370306250000055 0.0003781422374999999 0.0020371774875000003
          0.0018645620024999995 0.0016109587499999996 0.0021640755624999994 0.0008117961725 0.0005665715449999999 0.0013196034449999999
          0.0005303398999999998 0.00041604968499999996 0.0002992274049999996 0.00039153299500000024 0.00030474363500000007 0.00022183407500000042
          0.00017147537600000013 0.00023378390500000006 0.00018208761999999996 0.00013657874999999984 0.00011083812200000001 0.00014573084600000012
          0.00011943041500000031 0.00009112792500000019 0.00007573801200000014 0.00009956347000000031 0.000084025951 0.00006359689699999971
          0.00005395631350000019 0.00007162009699999988 0.00006160220499999998 0.00004628082249999998 0.00004017081649999988 0.0000534770164999998
          0.00004688722200000004 0.00003533047499999994 0.000031540092999999926 0.00004157213849999993 0.0000373389684999999 0.000028635918499999792
          0.00002649799000000013 0.000034044676000000106 0.000031586298499999883 0.00002504405299999997 0.000024238354999999856 0.000029895111500000108
          0.0000289472164999999 0.000024126736999999758 0.000024946861499999886 0.000028795782500000164 0.000029680775999999956 0.00002739146949999983
          0.000033067257399999976 0.00003229183900000015 0.00003822251450000001 0.0000437043323999999 0.000040914700280000066 0.00004922081360000006
          0.000046985637500000094 -0.0007028600949000001 -0.0014372920193599999 -0.0006940350930999999 -0.0014261399264999999 -0.00035494440550000027
          -0.0008151619315000001 0.00010863689750000015 -0.0003545920054999999 -0.0007968077394999999 0.00009379725049999998 0.00010154561249999992
          0.00004868077949999998 0.00009412082149999996 0.00008278698299999999 -0.00015928626049999974 -0.0014630624214999998 0.00006491036000000005
          -0.0000273021119999998 -0.0027577451742499997 -0.0013271087097499995 -0.0006638580635 -0.002433070273 -0.00007939162825000047
          -0.000054206497250000184 -0.0022780990030000004 -0.00043739545299999964 -0.00006462065374999975 -0.00007882120424999978 -0.000017208748499999396
          -0.000056376467500000616 -0.0000892317165000001 -0.00008985939974999986 -0.00006469257749999998 -0.000051169914999999946 -0.00006835798924999982
          -0.000015856882500000206 -0.000022550395000000623 0.000017850137500000494 0.00005000045500000014 0.00009330869750000051 0.00005071629500000024
          0.00006299776249999982 0.00009381598499999983 0.00008329758249999938 0.000053252457499999864 0.00002539343249999981 0.0004978136975000003
          0.0018424086175000004 0.00003466245250000069 0.00066691618 0.002157592972499999 0.0009280972125000002 0.002021654455
          0.002039722445 0.0003774290625 0.00028873128000000015 0.0006883959524999996 0.00028519097499999984 0.00023438271999999988
          0.0001882516899999997 0.0002229674200000001 0.00018661521500000023 0.00015223604500000013 0.00012528989500000003 0.00015506571499999987
          0.0001291775749999998 0.00010501554899999985 0.00008935664350000009 0.0001088441919999997 0.00009300725799999993 0.00007693032900000027
          0.00006688001000000004 0.00008051885850000003 0.00007048598450000002 0.00005865715350000011 0.00005190599750000012 0.00006229784800000002
          0.00005555259849999995 0.00004638384200000005 0.00004192136600000002 0.00004999125649999997 0.00004544897200000013 0.00003840150749999996
          0.00003574623749999997 0.000041824595499999936 0.00003906384050000008 0.000033911397499999965 0.00003289394100000014 0.000037150211499999977
          0.00003610889300000001 0.00003276584050000017 0.00003377960050000002 0.00003604014999999978 0.00003721833249999987 0.000036625680500000035
          0.000042887520499999924 0.000040342164499999974 0.00004698753050000013 0.00005433400780000005 0.000052779813399999974 0.00005894992379999997
          0.000058188795999999956 -0.0006847206148 -0.0014138409248000002 -0.0006749993453000001 -0.0014004462510000002 -0.0003571790779999997
          -0.0007851216248 0.00007808474039999998 -0.00036262495850000005 -0.0007794304672 0.0000621479110999999 0.00008056202199999992
          0.00007412640599999999 0.00006593658050000004 0.00006137113700000016 0.00007028996849999987 0.00006453556000000015 0.00005904009649999986
          0.00005823347199999981 0.00001442197450000015 -0.00019520752099999995 0.000054227826500000195 0.000041090672999999955 -0.0015264714059999994
          -0.0027604300644999986 -0.00004033579349999996 -0.0006110772094999997 -0.0013000507199999998 -0.00003255083750000002 -0.0022700983439999994
          -0.0022878134374999994 -0.000003010662500000158 -0.000003328487499999874 -0.0004826571900000004 0.00011259250500000021 0.00001158351999999997
          0.000032890027500000275 0.00006149515750000019 0.00004854554499999967 0.000040517490000000365 0.00003583164249999977 0.000032916022499999945
          0.00001580705499999991 0.000022859387499999582 0.0000026015225000000105 -0.0000020898899999999672 -0.00001812837249999969 -0.000024225929999999942
          0.000021642737499999964 -0.00003727368499999993 -0.000054700197500000066 0.0008245709274999997 0.002146522454999999 0.000028070327499999898
          0.0009467179124999995 0.0018925835775000003 0.00054561323 0.0022259663275 0.0017652334025 0.00022594081249999973
          0.0001783791300000004 0.00046002697499999994 0.00018591328999999993 0.0001525960049999997 0.0001300981849999995 0.00014664866499999993
          0.00012739835499999997 0.00011100483749999996 0.00009546216999999982 0.00011080318249999992 0.00009644901249999981 0.00008300974499999983
          0.00007300554899999977 0.00008447903550000017 0.00007468936099999987 0.00006487883200000003 0.00005820224999999993 0.00006670500000000005
          0.000060154001499999866 0.00005268691299999992 0.000048153394499999967 0.00005474386300000011 0.00005028023199999994 0.000044502240000000046
          0.00004169365549999996 0.00004665642249999987 0.00004383869249999989 0.000039736505000000286 0.00003868785649999994 0.000041854437499999955
          0.00004079197950000015 0.00003868178950000002 0.00004002349450000005 0.000040823548499999935 0.000042291626000000066 0.00004343118400000002
          0.00005047456300000011 0.000045941790999999854 0.00005334377299999998 0.00006298351899999992 0.00006309156089999999 0.0000663644315000001
          0.00006734779839999993 -0.0006649939724999997 -0.0013860598602999997 -0.0006548915494999999 -0.0013708688777999997 -0.00037106283220000007
          -0.0007796058859999999 0.000045889452000000044 -0.00038222625169999987 -0.0007853377257999998 0.00002967806620000011 0.00005063978569999998
          0.00004701605099999987 0.00003513106170000003 0.00003211655419999983 0.00004505158449999998 0.000044053735999999776 0.00003020353600000003
          0.00002856639850000004 0.00004270853199999998 0.00004161710850000011 0.00002652278049999998 0.000024090200000000188 0.00003818562999999994
          -0.000006187899999999941 0.000021478805500000217 0.00001497495649999982 -0.00014647278049999995 -0.0011307807729999991 0.0000048772449999999825
          -0.00005466157119999996 -0.0024115177979999996 -0.0015074826250000004 -0.00031624990899999995 -0.0014291522507999998 -0.00007516439999999988
          0.0001399448975 -0.0020919179425 -0.0009607214499999998 0.00005839277500000012 0.000012826834999999756 0.000018161362500000223
          0.00008545975750000047 -0.00001946944500000035 -0.000039228237499999754 -0.0000030865024999994733 -0.000051027080000000125 -0.00005300750749999979
          -0.00006646582500000024 -0.00007291089750000047 -0.00008137321250000019 -0.00007034936249999961 0.00004227802750000052 -0.00008548804500000022
          -0.00007487513000000011 0.0010264389399999992 0.0022728912 0.0000567201650000003 0.0010640730575 0.0016766944125000001
          0.0004095764774999999 0.00229866535 0.0016305745150000002 0.00015778185000000017 0.00012308141500000022 0.0003828336675
          0.00013752831499999998 0.00010807426750000007 0.00009552911500000011 0.00010491231250000003 0.00009278071500000014 0.00008463129550000009
          0.00007543305999999998 0.00008318302499999999 0.00007495103200000008 0.00006781467650000002 0.00006153196600000005 0.00006801410600000004
          0.00006224914100000008 0.00005633237200000005 0.00005202359149999994 0.0000574607585 0.000053470149999999944 0.0000484961295000001
          0.0000457186475 0.00005017030100000005 0.00004753656899999996 0.00004373161149999977 0.00004264820249999989 0.00004561871649999995
          0.00004454460449999986 0.00004267779649999989 0.00004420548799999991 0.00004455050450000006 0.00004605833200000001 0.00004800918650000007
          0.00005566614900000005 0.000049880601000000014 0.00005762212799999985 0.00006906930400000014 0.00007079721229999992 0.00007115876599999999
          0.0000732534953 -0.0006450016470000001 -0.0013552243911000002 -0.0006358388235 -0.0013397595686 -0.00039536296836000006
          -0.0007958656567 0.000014329190799999858 -0.0004094295326000001 -0.0008100521435999999 8.376055999999511e-7 0.000020431329959999998
          0.000018029409799999917 0.00000765931529999999 0.000006068786300000136 0.00001641402279999997 0.000014801196500000073 0.0000052599586000001256
          0.000004498048399999851 0.000012593734100000062 0.000009844768499999964 0.0000032913144999998368 0.0000017029067999998096 0.0000067611539999999294
          0.000003019260500000031 -1.378642000000535e-7 -0.0000020710837999998484 1.8370500000062507e-8 -0.00000646659350000006 -0.000003947393499999889
          -0.000006941349800000045 -0.000033810734165999936 -0.00010171552499999993 -0.000013786537500000017 -0.000024675807699999748 -0.0004755378428339998
          -0.0014726518570000002 -0.00006663440259999987 -0.0001557216540000002 -0.001726247505 -0.0007171303574999995 -0.0005778147255
          -0.0014049568099999998 -0.00002831209999999988 -0.0000038769549999999125 -0.0014988638624999994 -0.0006706694925000002 -0.00007423830249999997
          -0.00010002584250000016 -0.00012489008499999977 -0.00008759935249999951 -0.00010225593250000041 -0.0000949866675000002 -0.00011741727749999993
          -0.00011406855250000012 -0.00007162155749999992 0.00006749226500000024 -0.00009605558750000045 -0.00006362339000000008 0.0010631199700000002
          0.0023100145124999995 0.00007393850500000043 0.0010279656225 0.0016243685149999994 0.0003743209949999999 0.0023085101725
          0.0016537479374999996 0.00012297066499999978 0.00009047209249999991 0.0003821881875 0.00011309294999999999 0.00008034451000000019
          0.00007304430750000015 0.00007877516499999986 0.00007003462250000002 0.00006702040650000002 0.00006204593100000012 0.00006467014350000007
          0.00006061804999999993 0.00005794988599999998 0.000054548675499999923 0.0000574587219999999 0.00005496810149999991 0.00005172368049999989
          0.000049451232000000074 0.00005301583950000015 0.00005155286799999996 0.000047779780000000195 0.000046834427000000136 0.00005053077950000002
          0.000049984246999999976 0.000046860587499999884 0.00004829910200000025 0.000050158797500000035 0.00005153419099999994 0.00005197105950000011
          0.000059497961000000046 0.000054876092499999936 0.00006167766549999997 0.00007267621849999987 0.00007441409490000005 0.00007359442850000002
          0.00007388794830000007 -0.0006281359834999999 -0.0013253696667999998 -0.0006227517779999999 -0.0013131439500999999 -0.0004233907768
          -0.0008266221728999998 -0.000010007720000000046 -0.0004364346754999998 -0.0008443779755 -0.000017826766999999915 -0.0000023978129999999728
          -0.000003019638299999863 -0.000009459494500000064 -0.000009145221499999948 -0.0000026778166999999263 -0.00000209554550000003 -0.000007638470000000091
          -0.000005718201499999776 -0.000001763541500000132 -0.0000017049365000000223 -0.000003954786499999948 -0.0000024862619999999124 -0.0000018567759999999643
          -0.000002219966000000095 -0.0000013560230000001565 -6.486899999999733e-7 -0.000002942192999999935 -0.000004710517999999886 -5.391399999999914e-7
          -0.0000014802104999999799 -0.000008375195499999944 -0.00001430115400000006 -0.000003766032499999822 -0.000007818186500000072 -0.000026687141500000113
          -0.00004548430149999994 -0.000014542113499999994 -0.000023938820999999976 -0.00009382147550000002 -0.00020126218049999994 -0.00003905930149999993
          -0.00006173766000000007 -0.0006315337309999999 -0.0013720277574999996 -0.00011086924849999991 -0.0002329803164999999 -0.0014546293424999993
          -0.0007029666799999998 -0.0007081222500000001 -0.0015054446349999995 -0.0001844245299999997 -0.00012519378249999986 -0.001521195304999999
          -0.0006403359775000002 -0.00011535553500000004 -0.00009130287999999971 -0.0001602860300000002 -0.00011245771499999996 -0.00005218279499999991
          0.00007717315499999967 -0.00007996541499999963 -0.00003877294749999947 0.000963382195 0.0022910140375 0.00007925696999999999
          0.0008750468849999998 0.0017137005899999997 0.0004073212725000003 0.002249831052499999 0.0017982206574999997 0.0001078117299999998
          0.00006932340499999975 0.00045333452750000023 0.0001080097074999998 0.00006143835999999992 0.00005784023149999991 0.00006203509999999984
          0.00005444534650000001 0.000055667932499999975 0.00005426226150000015 0.000052620684000000066 0.00005237304500000008 0.000053547463499999883
          0.00005371345999999974 0.000052868089499999984 0.00005483202950000011 0.00005432039199999989 0.00005473662799999989 0.00005853359500000006
          0.00006191348100000006 0.00005523582800000021 0.000056532261499999836 0.0000636033009999999 0.00006459866049999996 0.000059268912499999765
          0.00006464704549999982 0.00006610203350000003 0.00006904141950000021 0.00007415730649999993 0.00007154697499999981 0.00007468976219999994
          0.0000672163608999999 -0.0006207854750000002 -0.001304765706 -0.0006237135402 -0.0013025283533 -0.0004480119454999997
          -0.0008622828228999999 -0.00002262759029999988 -0.000457766789 -0.0008794521448000001 -0.00002465828760000013 -0.000013657250499999868
          -0.000012633438500000092 -0.00001533408200000002 -0.000013950798500000052 -0.000010228616500000077 -0.0000073151244999998975 -0.000011068998999999862
          -0.000007656784500000215 -0.000004564806999999934 -0.000002209216500000118 -0.000004461077499999902 -0.0000017400914999999032 -3.390729999999756e-7
          9.61066000000146e-7 4.336775000000397e-7 0.0000020083774999999566 0.0000015560150000000332 0.0000012075759999998885 0.0000028964879999999024
          0.0000029684905000000198 -2.1785700000002662e-7 -0.0000029655674999998834 0.0000021510615000000162 3.5037349999995857e-7 -0.000007225576000000015
          -0.000013104161000000099 -0.0000024690424999999797 -0.000006345338500000035 -0.000021231010000000147 -0.000031833574000000164 -0.000011427888499999952
          -0.000017806585499999926 -0.00004683979049999991 -0.00006918843899999998 -0.000025884139000000093 -0.00003583943200000009 -0.00011911895099999992
          -0.00027969581049999996 -0.0000488962445 -0.00007045297649999992 -0.0009401524804999997 -0.0018341579649999993 -0.00013339698649999983
          -0.00043170574849999983 -0.0014420078249999994 -0.0004020237850000006 -0.0014702186399999995 -0.0020820271025 -0.00010728441750000004
          -0.0000663269225000001 -0.000992477639999999 -0.00015558590249999972 -0.000024285752500000295 0.00008350529250000059 -0.0000564295425000002
          -0.000005818342500000196 0.0007697552575000005 0.0021724318024999995 0.00009261239000000018 0.0006558824900000001 0.0018991894874999997
          0.000527224995 0.0020413535525 0.0020038916124999993 0.00011579902749999984 0.00005726077499999993 0.0006405011074999999
          0.00013521718499999994 0.00004937722849999989 0.00004971285549999991 0.00005600805899999988 0.00004709183299999999 0.00005187711050000008
          0.00005479964450000012 0.00005052569949999999 0.00005665245200000008 0.000060496891000000104 0.00006928864149999995 0.00006403199050000004
          0.00007494752349999993 0.00007617233349999989 0.00007810013500000015 0.0000884680880000001 0.00009627035349999998 0.0000771411135
          0.00007567785200000015 0.0000937932955000002 0.00008528456239999987 0.00007525648960000016 0.000060393209560000025 0.00007561905874399996
          0.0000506140189999999 -0.0006331618091 -0.0013088669736199998 -0.0006501501062440001 -0.0013255703192999997 -0.00046543471850000003
          -0.0008951054751000001 -0.000024231747200000097 -0.0004707105410000001 -0.0009084887374 -0.000021554694299999896 -0.000014851826500000083
          -0.000013517550499999968 -0.000012428868500000087 -0.000011611240500000063 -0.000010653785500000019 -0.000007290476500000152 -0.000009361042000000224
          -0.000006620785499999896 -0.000004163388499999961 -0.000001468181500000016 -0.000003928367500000041 -0.0000014017785000001205 7.600390000001461e-7
          0.000002463628500000101 8.370640000000354e-7 0.0000026240225000000446 0.000003548925499999952 0.000003924317000000212 0.000003834801500000144
          0.00000440688299999998 0.0000035540649999998646 0.000002417110000000005 0.0000043400504999999794 0.000003655735500000099 5.30081000000085e-7
          -0.0000020866839999998063 0.0000023962144999997803 5.987725000001505e-7 -0.000005470382999999878 -0.000009644756000000016 -0.000001730978500000011
          -0.00000458752150000008 -0.000014746326499999963 -0.000020824737999999974 -0.000008039616500000056 -0.000012116748499999981 -0.0000280245625000001
          -0.00003639262200000001 -0.000016885628499999954 -0.000022287033000000246 -0.00004723446400000009 -0.00007663380700000008 -0.000028203539000000093
          -0.00003553379100000001 -0.00019671175050000006 -0.0008853622314999997 -0.000047750159499999913 -0.00011014523450000005 -0.0021664728450000005
          -0.00176400379 -0.0004540070924999999 -0.0017766005930000004 -0.0003913565799999997 -0.00004764256750000031 -0.0023611063475
          -0.0008946775674999999 0.00001661127249999972 0.00010821355250000055 -0.00006229237499999973 0.00003939861749999984 0.0005443895175000005
          0.00183548811 0.0001333387474999998 0.0004474910425 0.0020894411924999995 0.0008098305549999998 0.0015372742325
          0.00211231787 0.00017461040750000023 0.00006105669999999989 0.0010531227400000002 0.0002542147125000002 0.00004959199749999997
          0.000059104246999999964 0.000081326616 0.00006556051249999997 0.00007408920649999998 0.0000891991625000001 0.000088058983
          0.00011412809750000002 0.00010294920650000013 0.00011231451199999986 0.00012891937449999998 0.00012984955850000001 0.00011024556850000007
          0.00009531668535999987 0.00011897920389999995 0.00009720047780000009 0.00007455987510000001 0.000037874530739999946 0.00006834674060000014
          0.00002278594320000022 -0.0006738517140999998 -0.0013522464626999997 -0.000700484643 -0.0013847915690000001 -0.0004730086675
          -0.0009186573988999998 -0.00001647423779999987 -0.0004709789214999999 -0.0009238273584999999 -0.000007931553499999973 -0.00000794462600000001
          -0.000008347459999999952 -6.777779999999512e-7 -0.0000038274640000000526 -0.000007527825499999962 -0.000005804669499999902 -0.000005030814499999867
          -0.0000037371490000000077 -0.0000034774825000001057 -9.634969999997818e-7 -0.0000011987980000000006 0.0000014297310000000634 0.000001320745499999799
          0.000003123201499999802 0.000003652353000000099 0.000005318837999999905 0.00000435428549999998 0.000005005912499999871 0.000006453385499999916
          0.000007088581999999808 0.0000051169565000001 0.000004730734999999981 0.000007297181500000032 0.00000711177249999993 0.000003899429499999988
          0.00000265918999999981 0.000006594631500000091 0.000005761738000000003 0.0000010338214999999915 -9.712819999999948e-7 0.00000465181949999989
          0.0000032546344999999275 -0.0000033866069999999626 -0.000006235889500000084 0.0000015729000000000362 -4.337484999999237e-7 -0.000009582506000000156
          -0.000013407779000000093 -0.0000027927370000000008 -0.000005533320499999891 -0.00001768785500000014 -0.000022433624500000032 -0.00000867842100000001
          -0.000012201182499999925 -0.00002746949450000003 -0.000035879977500000065 -0.000016120215999999897 -0.000020653392499999963 -0.00006688046850000009
          -0.00023472020499999983 -0.000026856109500000062 -0.00004184813150000019 -0.0012232893045 -0.0025600173949999997 -0.00013899962299999984
          -0.0007459268634999997 -0.0015764117699999995 -0.00017090627999999966 -0.0023743547324999994 -0.0022332512599999993 0.00006559225749999937
          0.00016984149249999947 -0.0004464521325000002 0.00009992021249999973 0.0003723185874999999 0.0011511534849999998 0.00020919055000000002
          0.0003074984049999996 0.0019988478900000006 0.0013700278875 0.000721516725 0.00167251228 0.00042533013950000017
          0.00014402472950000001 0.0017047872374999994 0.0007889514699999997 0.00011679053249999985 0.00014284261249999992 0.0002981186815
          0.00019925229700000014 0.0001573868989999998 0.00014852530920000001 0.00018615498399999998 0.00016417770790000017 0.0001225562753999998
          0.00008921201329999996 0.0001241590334999999 0.00008031381609999986 0.00005532672159999984 0.000008045378500000155 0.000044517587500000005
          0.0000016358644999999342 -0.0007231211330000001 -0.0014152632535 -0.0007327154014999999 -0.001433536756 -0.0004621659984999999
          -0.0009204078913000002 0.0000067806523999998385 -0.0004513903978999999 -0.0009168503120000001 0.00001863549569999978 0.000009647591599999836
          0.0000021914344999998527 0.000011403009799999902 0.000006877055199999996 0.0000010868878999999325 0.000003322986499999939 0.000008367634100000046
          0.000010603374900000174 0.0000061782600000001274 0.000008573946499999919 0.000012581843900000067 0.000014024012599999904 0.000010511283499999943
          0.000011874327499999972 0.000015252261999999789 0.000016029014099999937 0.000012883133999999839 0.000013441156500000082 0.00001669898540000005
          0.000016967848500000183 0.000013759319500000023 0.000013713962000000045 0.000017229133399999967 0.000017109360299999984 0.00001350179150000001
          0.000012981294999999995 0.000017048559899999963 0.00001660688699999999 0.00001233572999999981 0.000011409766000000082 0.000016270045900000118
          0.00001555754600000011 0.000010359951000000032 0.000009000015500000018 0.000014985287200000035 0.000013983937000000062 0.000007459630500000204
          0.000005569813000000113 0.000013058839699999992 0.000011737499200000055 0.000003444426999999991 9.67257999999968e-7 0.000010452337699999841
          0.000008948682999999918 -0.0000018481079999999275 -0.0000051244755000000045 0.000007470431399999993 0.0000053620005000001035 -0.000009079951000000051
          -0.0000144065290000001 0.000002556290499999897 -0.0000014072505000000073 -0.000027242896499999953 -0.00008680491199999992 -0.000008025050500000092
          -0.000021593621000000115 -0.0004292089699999997 -0.001954449495 -0.000060024815499999974 -0.0002725951240000002 -0.0026863753725
          -0.0008969686849999994 -0.001500704627 -0.0028747184424999994 0.00012252638500000006 0.00021590378499999972 -0.0014475888375
          0.000017709364999999927 0.00019739112749999995 0.00033083435 0.00006812763000000025 0.000025209504999999766 0.0012554056699999997
          0.0019839163775 0.00028182314249999943 0.0011736160050000001 0.0013226675774999997 0.0005387218320000002 0.002098599005
          0.0016916048069999996 0.0002929659075 0.0002114392039999999 0.0007869412175000002 0.000383203836 0.0001414942370000002
          0.00008255430749999997 0.00020104902769999995 0.00010257932549999993 0.0000483863370000001 0.000013206691500000037 0.00005609789779999982
          0.000029479253500000085 -0.000722621724 -0.0014304809825 -0.0007091971254999999 -0.0014206220715 -0.0007791145902
          -0.0011822447973999998 -0.0003767437803000001 -0.0010916079864000004 -0.0014379647649999999 -0.0007624806544400002 -0.00036456478209999984
          -0.000370517686 -0.0007415599582599997 -0.0007514520059600001 -0.0003785244410999999 -0.00038681759240000006 -0.0007682266095400001
          -0.0007860307314000005 -0.0003947294069 -0.00040232948099999996 -0.0008029511582000002 -0.0008189717825999998 -0.00040928928739999987
          -0.00041589906709999983 -0.0008336773550999998 -0.0008473574950799996 -0.0004218513740999999 -0.0004274591929000001 -0.0008597225693200002
          -0.0008710298905800001 -0.00043238737360000006 -0.0004369907341000002 -0.0008810592958200001 -0.0008900332236200004 -0.0004409132069000001
          -0.0004445425555 -0.0008977970787000001 -0.0009045255975400002 -0.0004475000167999998 -0.0004501838723999999 -0.0009101200775999999
          -0.0009146975036199999 -0.00045220158480000015 -0.00045399660800000003 -0.0009182131805200002 -0.0009207448305400001 -0.0004551943228
          -0.00045617370590000017 -0.0009222981547399997 -0.0009229723652200002 -0.00045660363939999994 -0.00045674057339999987 -0.0009226992277999999
          -0.0009217700344 -0.00045643086139999996 -0.00045632316290000004 -0.0009202992052 -0.0009182914972000003 -0.00045651353769999995
          -0.0004569895658000001 -0.0009160241086 -0.0009135868324000001 -0.0004582736240000002 -0.0004627487651000001 -0.0009113680100000004
          -0.0009103243746 -0.0004763132938000001 -0.000517480514 -0.0009136815498 -0.0009293022233999996 -0.0007031229140000001
          -0.0016859650949999994 -0.0009966992724000003 -0.0013697313813999996 -0.003392409530999999 -0.0027068435224999994 -0.0030229221209999995
          -0.004274004254999999 -0.0009475249625 -0.0002788068950000001 -0.0031904361 -0.00038423172500000037 0.00004304211000000051
          0.00030734770500000013 -0.00006546983999999986 0.000023010625000000388 0.0010517568224999998 0.0019547754149999994 0.0004454796150000004
          0.0016105208349999995 0.001702663 0.0005762482329999997 0.002091722092999999 0.0006910137159999998 -0.00004443598172000027
          -0.0002808068134 -0.00043479382092000005 -0.0007387480862 -0.0003716088819799999 -0.00043431632540000015 -0.0008295523858799996
          -0.0009052521940000004 -0.0011444131363 -0.0017739997109 -0.0015191710962000006 -0.0020225879315999996 0.00376464078
          0.004244083020000001 0.003594229000000001 0.001709552339499999 0.0008976808529999999 0.0007812400005000004 0.0006482245288650002
          -0.007126165669999999 -0.006105900994999999 -0.005277084458 -0.0028696162300000014 -0.0016556653549999992 -0.00202851865
          -0.0014443570345000006 0.00003573461359999918 0.0006482163694000001 0.0006572785419500001 -0.000018348030599999607 0.0006540121801000006
          0.0006501875230000001 -0.0013924817225000007 -0.0008370282049999993 -0.0013464444289999987 -0.0013213657849999994 -0.0006766724879999998
          -0.0012952781675000006 -0.00004324843970000037 0.0006426617198499994 0.0006345276819000002 -0.00008172164259999951 0.0006256327300000009
          0.000615678034149999 -0.0012776048800000014 -0.0006193752740000009 -0.0012622154914999997 -0.0012502918894999992 -0.0005874380049999994
          -0.0012401330615000007 -0.00013645406250000053 0.00060481007865 0.0005932580648000013 -0.00020459289799999912 0.0005828330539999996
          0.0005772560569999992 -0.0012313410450000004 -0.0005677523180000004 -0.0012234373849999993 -0.0012162670054999998 -0.0005557248030000004
          -0.0012096087620000005 -0.0002963925759999998 0.0005817264600000004 0.0006001038495000009 -0.0008101812330000004 0.0005859555114999997
          0.0003188611628500008 -0.0012030764475000001 -0.0005484585689999996 -0.0011966392145 -0.0011900469919999997 -0.0005436678660000007
          -0.0011831444800000008 -0.0027774981950000003 -0.0008931922424999998 -0.0031743694889999987 -0.0011029446769999997 -0.0020315010254999995
          0.004648909999 -0.0011759724625 -0.000539985162999999 -0.001168458745499999 -0.0011609588035000004 -0.0005371338910000005
          -0.0011603418995000002 0.0053817760179999995 0.007993874068999998 0.005043103394999999 0.002629687897 0.0018910069714999996
          0.0008874123950000003 -0.0011547114189999997 -0.0005314805239999995 -0.0011394603374999996 -0.0011197876830000009 -0.0005198508660000001
          -0.0011005054635000004 0.0002527743850000007 0.0006595414701000006 0.0006122685130499997 0.000033538344299999816 0.0006050208890499999
          0.0006172290825450008 -0.0010802928569999999 -0.0005010035640000005 -0.0010582824985 -0.0010329920149999997 -0.0004708201159999998
          -0.0010026469505 0.0001084693368999997 0.0006558480444499995 0.0007294239975000007 0.00038922234600000046 0.000832771962999999
          0.0009452212389999997 -0.0009673992955000011 -0.00043278694300000024 -0.000926189054 -0.0008862624025000004 -0.0004123511730000005
          -0.0008677457134999996 0.000820082561999999 0.001058439904000001 0.0011794605684999995 0.0007364277460000005 0.0014038084639999993
          0.00143459545 -0.0009389028100000006 -0.0005546149519999988 -0.0012150964169999996 -0.0017719879799999987 -0.0008099253000000005
          -0.001991446020000001 -0.00529098683 -0.004070210405 -0.007138454924999998 0.0034820457950000003 0.00464731847
          0.006488740845 0.00542011538 0.00714718988 0.005290980290000001 0.008135272669999999 0.0005259381960000002
          -0.000866476752 0.001910733982 0.00369924402 0.00687792943 0.006158487359000002 0.0018180519159999998
          0.0016335210000000002 0.001764415741999998 0.0059865566180000015 0.005969903655 0.0014889629390000003 0.001401374141
          0.0012856258362000006 0.005951454852099998 0.005952625558700001 0.0013478730579999994 0.001311856501000001 -0.00889831398
          -0.00900962887 -0.0077657711899999995 -0.008228751739999998 -0.00611475345 -0.00545752283 -0.005295378219999999
          -0.005186615149999999 -0.0051049358500000015 -0.0027710643000000003 -0.005105780120000001 -0.0051043765100000004 -0.0023405038800000007
          0.0012762133850000006 0.0059552818915 0.0059562721906 0.0012900271550000005 0.0012574199519999997 0.001267489927799999
          0.005955707288900002 0.005956043116400002 0.0012405014730000007 0.0012317822889999996 0.0012751564932000018 0.005954834091599999
          0.0059515273253999985 0.001219114915 0.001202065412 0.0012687661313999991 0.0059481817636999985 0.005945449375100001
          0.0011913188980000003 0.0011837720160000004 -0.005110078880000002 -0.005112148999999999 -0.002167274280000001 -0.005113141739999999
          -0.005112734210000001 -0.00210932312 -0.005114204666000002 -0.005115777731000001 -0.0020581228319999983 -0.0051167795480000005
          -0.0051178277979999996 -0.0020267666960000004 0.0012653516272000008 0.0059423433436 0.005938141842699998 0.0011737181459999999
          0.0011617606989999991 0.0012574697528000007 0.0059333553224 0.005928397591400002 0.0011511095819999998 0.0011409233189999997
          0.0012509081864 0.0059230319962 0.005916837833299999 0.001129868797 0.0011177547559999997 0.0012430757303999993
          0.005909846955200002 0.005902141950100001 0.0011052015660000002 0.0010922710720000003 -0.0051196039629999995 -0.005121699263000001
          -0.0019982436860000014 -0.0051238181269999995 -0.005125985165 -0.001977811053999999 -0.005128413553000003 -0.005131145837
          -0.0019600879659999993 -0.00513411955 -0.005137159706000002 -0.0019457801800000021 0.0012348063833999992 0.005893565033699999
          0.005883814382900001 0.0010784367619999997 0.0010632807449999994 0.0012260464074000017 0.0058727458877000024 0.005860291053499999
          0.0010468005160000002 0.0010285926399999997 0.0012181347749999996 0.005846351640500002 0.005830690854999997 0.0010082869770000006
          0.000985774138 0.001214043455999999 0.005813138102 0.005793784036000004 0.0009608143379999995 0.0009329539210000006
          -0.00514016219 -0.005143228786000001 -0.0019329564599999988 -0.005146430765000002 -0.0051497594830000005 -0.0019214164900000004
          -0.005153201302000001 -0.005156762473999997 -0.0019105380040000007 -0.005160464586 -0.0051642826350000014 -0.001900306732
          0.0012180978440000018 0.005772798941000004 0.005750884414 0.0009017763630000001 0.0008671941668000002 0.0012354722199999983
          0.00572905064 0.005709610751 0.0008293788256 0.0007890653556000005 0.0012497252040000013 0.005694622771999999
          0.005688795418 0.0007487999091999999 0.0007137399543999997 0.0011533589860000012 0.005694828013000001 0.0057080730237000004
          0.0006904975588000001 0.0006915164352000005 -0.0051681705310000015 -0.005172111563 -0.0018902097020000008 -0.0051761213629999995
          -0.005180216791 -0.0018798772659999997 -0.005184286164 -0.005188268149000002 -0.0018692516079999992 -0.005192304971000001
          -0.005196187251000001 -0.001857992042 0.0005569725077999995 0.0057028985639 0.005581266875 0.0007360030156000002
          0.0008352467024000005 -0.0013153690139999998 0.005132137601 0.00397628626 0.0009889030891999996 0.0011297955681999997
          -0.002822684838 0.0019645532500000016 0.00028334890900000125 0.0009913943746 0.00011174276240000038 0.002483013564000001
          0.0010702764099999994 0.004374964630000001 -0.0015049711656000004 -0.0029169877380000007 -0.005200033113000001 -0.005204298220999999
          -0.0018461923860000017 -0.005207841205 -0.0052093238230000016 -0.0018346969899999987 -0.005206943688000001 -0.005212060427999999
          -0.0018227089360000007 -0.005244271816 -0.0052825175740000025 -0.0018121835920000009 0.00888312808 0.007725969786
          0.00916833082 -0.0033863859584000004 -0.002858541072 0.00834657736 0.00871491439 0.007555003530000002
          -0.001714793582 -0.0005285852980000001 0.0040398733999999995 0.0066547331 0.006205640742999999 0.0003156293239999999
          0.0007717552332 0.001980257611999999 0.006023434905999998 0.005958564790000002 0.0009710369753599995 0.001033239533599999
          -0.0052870076220000025 -0.005266732287000002 -0.001811698663999999 -0.005246058199999999 -0.005234622894999999 -0.0017969273199999998
          -0.005227748078000002 -0.0052214411200000015 -0.0017666949959999993 -0.005214745468000001 -0.005207542472 -0.001735405896000002
          0.0014274040870000011 0.005935514312500002 0.0059249129166 0.0010329378556400005 0.0010140700554000005 0.0012884777992000006
          0.005917323347600001 0.0059089228333000015 0.0009890662015999997 0.0009625445892000004 0.0012556038751999992 0.005900060259599999
          0.005890061292900001 0.0009392454887999994 0.0009193543407999996 0.0012590437046000012 0.005879401340299999 0.005868250091000001
          0.0009008797104000004 0.0008834552558 -0.005200553877 -0.005194061445 -0.0017066918539999998 -0.0051879098330000015
          -0.005181882763000001 -0.0016794849860000004 -0.005175195090000001 -0.005166975677 -0.0016504931199999991 -0.005157269487
          -0.005145915561 -0.0016193907740000015 0.001287514248400001 0.0058575275442 0.005848345018999998 0.0008674173579999999
          0.0008526328217999993 0.0013529407831999987 0.0058418931646 0.005839227367 0.0008398476614 0.0008319294051999994
          0.0014540556600000012 0.0058414913370000016 0.0058495026359999995 0.0008319247978000002 0.0008426109071999997 0.0015767861139999984
          0.005863455151999999 0.005882764697000002 0.0008670401986 0.0009100528863999999 -0.0051325832200000004 -0.005116630674000003
          -0.0015839236199999987 -0.005097759472 -0.005075054672999999 -0.0015492402839999994 -0.005047808663999999 -0.005015460366000001
          -0.0015128701080000019 -0.004978582624000002 -0.004937294004000002 -0.001494748828 0.001692810962 0.005908206217999999
          0.0059379900839999986 0.0009748572254000003 0.0010651304014 0.0018021808500000023 0.005971480994 0.006004944105000003
          0.0011773121670000002 0.001297835484 0.0019517225219999978 0.006040974594000003 0.006065479123999998 0.001399487261
          0.001449291759 0.002285512594 0.006084507474 0.006096689720000001 0.0014099038749999992 0.0010417252008000004
          -0.004894969338000001 -0.004854305524000001 -0.001524174696000001 -0.0048218963899999984 -0.00480470905 -0.0016891765199999987
          -0.0048220107000000005 -0.00488404628 -0.0020891843599999994 -0.005006714420000001 -0.00512942131 -0.0026963050200000003
          0.0008941537600000013 0.006066184980000001 0.0014189142099999994 0.0008035518912000003 0.001007955776 -0.0050103277800000005
          -0.00017499326000000067 -0.0013379276800000014 -0.00396906958 -0.00508376488 -0.0030573955399999992 -0.00043639635520000035
          0.00048482922159999924 -0.007573230760000001 -0.006841361180000001 -0.010581714939999997 0.0014868858688000001 0.004636069099999999
          0.0029412212099999995 0.0035361696600000004 0.00791500846 0.011268376099999994 0.006901267800000002
        </DataArray>
      </PointData>
      <CellData>
      </CellData>
      <Points>
        <DataArray type="Float64" Name="Points" NumberOfComponents="3" format="ascii" RangeMin="0" RangeMax="141.4213562373095">
          0 0 0 2 4.042199e-17 0
          2 2 0 0 2 0
          4 0 0 4 2 0
          2 4 0 0 4 0
          4 4 0 6 4.042199e-17 0
          6 2 0 8 0 0
          8 2 0 6 4 0
          8 4 0 10 9.473903e-17 0
          10 2 0 12 0 0
          12 2 0 10 4 0
          12 4 0 14 9.473903e-17 0
          14 2 0 16 0 0
          16 2 0 14 4 0
          16 4 0 18 1.35161e-16 0
          18 2 0 20 0 0
          20 2 0 18 4 0
          20 4 0 22 1.263187e-16 0
          22 2 0 24 0 0
          24 2 0 22 4 0
          24 4 0 26 9.473903e-17 0
          26 2 0 28 0 0
          28 2 0 26 4 0
          28 4 0 30 1.35161e-16 0
          30 2 0 32 0 0
          32 2 0 30 4 0
          32 4 0 34 1.578984e-16 0
          34 2 0 36 0 0
          36 2 0 34 4 0
          36 4 0 38 4.042199e-17 0
          38 2 0 40 0 0
          40 2 0 38 4 0
          40 4 0 42 4.042199e-17 0
          42 2 0 44 0 0
          44 2 0 42 4 0
          44 4 0 46 1.578984e-16 0
          46 2 0 48 0 0
          48 2 0 46 4 0
          48 4 0 50 0 0
          50 2 0 52 0 0
          52 2 0 50 4 0
          52 4 0 54 -4.042199e-17 0
          54 2 0 56 0 0
          56 2 0 54 4 0
          56 4 0 58 9.473903e-17 0
          58 2 0 60 0 0
          60 2 0 58 4 0
          60 4 0 62 9.473903e-17 0
          62 2 0 64 0 0
          64 2 0 62 4 0
          64 4 0 66 9.473903e-17 0
          66 2 0 68 0 0
          68 2 0 66 4 0
          68 4 0 70 0 0
          70 2 0 72 0 0
          72 2 0 70 4 0
          72 4 0 74 -4.042199e-17 0
          74 2 0 76 0 0
          76 2 0 74 4 0
          76 4 0 78 4.042199e-17 0
          78 2 0 80 0 0
          80 2 0 78 4 0
          80 4 0 82 -4.042199e-17 0
          82 2 0 84 0 0
          84 2 0 82 4 0
          84 4 0 86 -4.042199e-17 0
          86 2 0 88 0 0
          88 2 0 86 4 0
          88 4 0 90 4.042199e-17 0
          90 2 0 92 0 0
          92 2 0 90 4 0
          92 4 0 94 -4.042199e-17 0
          94 2 0 96 0 0
          96 2 0 94 4 0
          96 4 0 98 0 0
          98 2 0 100 0 0
          100 2 0 98 4 0
          100 4 0 2 6 0
          4.042199e-17 6 0 4 6 0
          2 8 0 0 8 0
          4 8 0 6 6 0
          8 6 0 6 8 0
          8 8 0 10 6 0
          12 6 0 10 8 0
          12 8 0 14 6 0
          16 6 0 14 8 0
          16 8 0 18 6 0
          20 6 0 18 8 0
          20 8 0 22 6 0
          24 6 0 22 8 0
          24 8 0 26 6 0
          28 6 0 26 8 0
          28 8 0 30 6 0
          32 6 0 30 8 0
          32 8 0 34 6 0
          36 6 0 34 8 0
          36 8 0 38 6 0
          40 6 0 38 8 0
          40 8 0 42 6 0
          44 6 0 42 8 0
          44 8 0 46 6 0
          48 6 0 46 8 0
          48 8 0 50 6 0
          52 6 0 50 8 0
          52 8 0 54 6 0
          56 6 0 54 8 0
          56 8 0 58 6 0
          60 6 0 58 8 0
          60 8 0 62 6 0
          64 6 0 62 8 0
          64 8 0 66 6 0
          68 6 0 66 8 0
          68 8 0 70 6 0
          72 6 0 70 8 0
          72 8 0 74 6 0
          76 6 0 74 8 0
          76 8 0 78 6 0
          80 6 0 78 8 0
          80 8 0 82 6 0
          84 6 0 82 8 0
          84 8 0 86 6 0
          88 6 0 86 8 0
          88 8 0 90 6 0
          92 6 0 90 8 0
          92 8 0 94 6 0
          96 6 0 94 8 0
          96 8 0 98 6 0
          100 6 0 98 8 0
          100 8 0 2 10 0
          4.042199e-17 10 0 4 10 0
          2 12 0 0 12 0
          4 12 0 6 10 0
          8 10 0 6 12 0
          8 12 0 10 10 0
          12 10 0 10 12 0
          12 12 0 14 10 0
          16 10 0 14 12 0
          16 12 0 18 10 0
          20 10 0 18 12 0
          20 12 0 22 10 0
          24 10 0 22 12 0
          24 12 0 26 10 0
          28 10 0 26 12 0
          28 12 0 30 10 0
          32 10 0 30 12 0
          32 12 0 34 10 0
          36 10 0 34 12 0
          36 12 0 38 10 0
          40 10 0 38 12 0
          40 12 0 42 10 0
          44 10 0 42 12 0
          44 12 0 46 10 0
          48 10 0 46 12 0
          48 12 0 50 10 0
          52 10 0 50 12 0
          52 12 0 54 10 0
          56 10 0 54 12 0
          56 12 0 58 10 0
          60 10 0 58 12 0
          60 12 0 62 10 0
          64 10 0 62 12 0
          64 12 0 66 10 0
          68 10 0 66 12 0
          68 12 0 70 10 0
          72 10 0 70 12 0
          72 12 0 74 10 0
          76 10 0 74 12 0
          76 12 0 78 10 0
          80 10 0 78 12 0
          80 12 0 82 10 0
          84 10 0 82 12 0
          84 12 0 86 10 0
          88 10 0 86 12 0
          88 12 0 90 10 0
          92 10 0 90 12 0
          92 12 0 94 10 0
          96 10 0 94 12 0
          96 12 0 98 10 0
          100 10 0 98 12 0
          100 12 0 2 14 0
          0 14 0 4 14 0
          2 16 0 0 16 0
          4 16 0 6 14 0
          8 14 0 6 16 0
          8 16 0 10 14 0
          12 14 0 10 16 0
          12 16 0 14 14 0
          16 14 0 14 16 0
          16 16 0 18 14 0
          20 14 0 18 16 0
          20 16 0 22 14 0
          24 14 0 22 16 0
          24 16 0 26 14 0
          28 14 0 26 16 0
          28 16 0 30 14 0
          32 14 0 30 16 0
          32 16 0 34 14 0
          36 14 0 34 16 0
          36 16 0 38 14 0
          40 14 0 38 16 0
          40 16 0 42 14 0
          44 14 0 42 16 0
          44 16 0 46 14 0
          48 14 0 46 16 0
          48 16 0 50 14 0
          52 14 0 50 16 0
          52 16 0 54 14 0
          56 14 0 54 16 0
          56 16 0 58 14 0
          60 14 0 58 16 0
          60 16 0 62 14 0
          64 14 0 62 16 0
          64 16 0 66 14 0
          68 14 0 66 16 0
          68 16 0 70 14 0
          72 14 0 70 16 0
          72 16 0 74 14 0
          76 14 0 74 16 0
          76 16 0 78 14 0
          80 14 0 78 16 0
          80 16 0 82 14 0
          84 14 0 82 16 0
          84 16 0 86 14 0
          88 14 0 86 16 0
          88 16 0 90 14 0
          92 14 0 90 16 0
          92 16 0 94 14 0
          96 14 0 94 16 0
          96 16 0 98 14 0
          100 14 0 98 16 0
          100 16 0 2 18 0
          0 18 0 4 18 0
          2 20 0 0 20 0
          4 20 0 6 18 0
          8 18 0 6 20 0
          8 20 0 10 18 0
          12 18 0 10 20 0
          12 20 0 14 18 0
          16 18 0 14 20 0
          16 20 0 18 18 0
          20 18 0 18 20 0
          20 20 0 22 18 0
          24 18 0 22 20 0
          24 20 0 26 18 0
          28 18 0 26 20 0
          28 20 0 30 18 0
          32 18 0 30 20 0
          32 20 0 34 18 0
          36 18 0 34 20 0
          36 20 0 38 18 0
          40 18 0 38 20 0
          40 20 0 42 18 0
          44 18 0 42 20 0
          44 20 0 46 18 0
          48 18 0 46 20 0
          48 20 0 50 18 0
          52 18 0 50 20 0
          52 20 0 54 18 0
          56 18 0 54 20 0
          56 20 0 58 18 0
          60 18 0 58 20 0
          60 20 0 62 18 0
          64 18 0 62 20 0
          64 20 0 66 18 0
          68 18 0 66 20 0
          68 20 0 70 18 0
          72 18 0 70 20 0
          72 20 0 74 18 0
          76 18 0 74 20 0
          76 20 0 78 18 0
          80 18 0 78 20 0
          80 20 0 82 18 0
          84 18 0 82 20 0
          84 20 0 86 18 0
          88 18 0 86 20 0
          88 20 0 90 18 0
          92 18 0 90 20 0
          92 20 0 94 18 0
          96 18 0 94 20 0
          96 20 0 98 18 0
          100 18 0 98 20 0
          100 20 0 2 22 0
          0 22 0 4 22 0
          2 24 0 0 24 0
          4 24 0 6 22 0
          8 22 0 6 24 0
          8 24 0 10 22 0
          12 22 0 10 24 0
          12 24 0 14 22 0
          16 22 0 14 24 0
          16 24 0 18 22 0
          20 22 0 18 24 0
          20 24 0 22 22 0
          24 22 0 22 24 0
          24 24 0 26 22 0
          28 22 0 26 24 0
          28 24 0 30 22 0
          32 22 0 30 24 0
          32 24 0 34 22 0
          36 22 0 34 24 0
          36 24 0 38 22 0
          40 22 0 38 24 0
          40 24 0 42 22 0
          44 22 0 42 24 0
          44 24 0 46 22 0
          48 22 0 46 24 0
          48 24 0 50 22 0
          52 22 0 50 24 0
          52 24 0 54 22 0
          56 22 0 54 24 0
          56 24 0 58 22 0
          60 22 0 58 24 0
          60 24 0 62 22 0
          64 22 0 62 24 0
          64 24 0 66 22 0
          68 22 0 66 24 0
          68 24 0 70 22 0
          72 22 0 70 24 0
          72 24 0 74 22 0
          76 22 0 74 24 0
          76 24 0 78 22 0
          80 22 0 78 24 0
          80 24 0 82 22 0
          84 22 0 82 24 0
          84 24 0 86 22 0
          88 22 0 86 24 0
          88 24 0 90 22 0
          92 22 0 90 24 0
          92 24 0 94 22 0
          96 22 0 94 24 0
          96 24 0 98 22 0
          100 22 0 98 24 0
          100 24 0 2 26 0
          0 26 0 4 26 0
          2 28 0 0 28 0
          4 28 0 6 26 0
          8 26 0 6 28 0
          8 28 0 10 26 0
          12 26 0 10 28 0
          12 28 0 14 26 0
          16 26 0 14 28 0
          16 28 0 18 26 0
          20 26 0 18 28 0
          20 28 0 22 26 0
          24 26 0 22 28 0
          24 28 0 26 26 0
          28 26 0 26 28 0
          28 28 0 30 26 0
          32 26 0 30 28 0
          32 28 0 34 26 0
          36 26 0 34 28 0
          36 28 0 38 26 0
          40 26 0 38 28 0
          40 28 0 42 26 0
          44 26 0 42 28 0
          44 28 0 46 26 0
          48 26 0 46 28 0
          48 28 0 50 26 0
          52 26 0 50 28 0
          52 28 0 54 26 0
          56 26 0 54 28 0
          56 28 0 58 26 0
          60 26 0 58 28 0
          60 28 0 62 26 0
          64 26 0 62 28 0
          64 28 0 66 26 0
          68 26 0 66 28 0
          68 28 0 70 26 0
          72 26 0 70 28 0
          72 28 0 74 26 0
          76 26 0 74 28 0
          76 28 0 78 26 0
          80 26 0 78 28 0
          80 28 0 82 26 0
          84 26 0 82 28 0
          84 28 0 86 26 0
          88 26 0 86 28 0
          88 28 0 90 26 0
          92 26 0 90 28 0
          92 28 0 94 26 0
          96 26 0 94 28 0
          96 28 0 98 26 0
          100 26 0 98 28 0
          100 28 0 2 30 0
          0 30 0 4 30 0
          2 32 0 0 32 0
          4 32 0 6 30 0
          8 30 0 6 32 0
          8 32 0 10 30 0
          12 30 0 10 32 0
          12 32 0 14 30 0
          16 30 0 14 32 0
          16 32 0 18 30 0
          20 30 0 18 32 0
          20 32 0 22 30 0
          24 30 0 22 32 0
          24 32 0 26 30 0
          28 30 0 26 32 0
          28 32 0 30 30 0
          32 30 0 30 32 0
          32 32 0 34 30 0
          36 30 0 34 32 0
          36 32 0 38 30 0
          40 30 0 38 32 0
          40 32 0 42 30 0
          44 30 0 42 32 0
          44 32 0 46 30 0
          48 30 0 46 32 0
          48 32 0 50 30 0
          52 30 0 50 32 0
          52 32 0 54 30 0
          56 30 0 54 32 0
          56 32 0 58 30 0
          60 30 0 58 32 0
          60 32 0 62 30 0
          64 30 0 62 32 0
          64 32 0 66 30 0
          68 30 0 66 32 0
          68 32 0 70 30 0
          72 30 0 70 32 0
          72 32 0 74 30 0
          76 30 0 74 32 0
          76 32 0 78 30 0
          80 30 0 78 32 0
          80 32 0 82 30 0
          84 30 0 82 32 0
          84 32 0 86 30 0
          88 30 0 86 32 0
          88 32 0 90 30 0
          92 30 0 90 32 0
          92 32 0 94 30 0
          96 30 0 94 32 0
          96 32 0 98 30 0
          100 30 0 98 32 0
          100 32 0 2 34 0
          0 34 0 4 34 0
          2 36 0 0 36 0
          4 36 0 6 34 0
          8 34 0 6 36 0
          8 36 0 10 34 0
          12 34 0 10 36 0
          12 36 0 14 34 0
          16 34 0 14 36 0
          16 36 0 18 34 0
          20 34 0 18 36 0
          20 36 0 22 34 0
          24 34 0 22 36 0
          24 36 0 26 34 0
          28 34 0 26 36 0
          28 36 0 30 34 0
          32 34 0 30 36 0
          32 36 0 34 34 0
          36 34 0 34 36 0
          36 36 0 38 34 0
          40 34 0 38 36 0
          40 36 0 42 34 0
          44 34 0 42 36 0
          44 36 0 46 34 0
          48 34 0 46 36 0
          48 36 0 50 34 0
          52 34 0 50 36 0
          52 36 0 54 34 0
          56 34 0 54 36 0
          56 36 0 58 34 0
          60 34 0 58 36 0
          60 36 0 62 34 0
          64 34 0 62 36 0
          64 36 0 66 34 0
          68 34 0 66 36 0
          68 36 0 70 34 0
          72 34 0 70 36 0
          72 36 0 74 34 0
          76 34 0 74 36 0
          76 36 0 78 34 0
          80 34 0 78 36 0
          80 36 0 82 34 0
          84 34 0 82 36 0
          84 36 0 86 34 0
          88 34 0 86 36 0
          88 36 0 90 34 0
          92 34 0 90 36 0
          92 36 0 94 34 0
          96 34 0 94 36 0
          96 36 0 98 34 0
          100 34 0 98 36 0
          100 36 0 2 38 0
          0 38 0 4 38 0
          2 40 0 0 40 0
          4 40 0 6 38 0
          8 38 0 6 40 0
          8 40 0 10 38 0
          12 38 0 10 40 0
          12 40 0 14 38 0
          16 38 0 14 40 0
          16 40 0 18 38 0
          20 38 0 18 40 0
          20 40 0 22 38 0
          24 38 0 22 40 0
          24 40 0 26 38 0
          28 38 0 26 40 0
          28 40 0 30 38 0
          32 38 0 30 40 0
          32 40 0 34 38 0
          36 38 0 34 40 0
          36 40 0 38 38 0
          40 38 0 38 40 0
          40 40 0 42 38 0
          44 38 0 42 40 0
          44 40 0 46 38 0
          48 38 0 46 40 0
          48 40 0 50 38 0
          52 38 0 50 40 0
          52 40 0 54 38 0
          56 38 0 54 40 0
          56 40 0 58 38 0
          60 38 0 58 40 0
          60 40 0 62 38 0
          64 38 0 62 40 0
          64 40 0 66 38 0
          68 38 0 66 40 0
          68 40 0 70 38 0
          72 38 0 70 40 0
          72 40 0 74 38 0
          76 38 0 74 40 0
          76 40 0 78 38 0
          80 38 0 78 40 0
          80 40 0 82 38 0
          84 38 0 82 40 0
          84 40 0 86 38 0
          88 38 0 86 40 0
          88 40 0 90 38 0
          92 38 0 90 40 0
          92 40 0 94 38 0
          96 38 0 94 40 0
          96 40 0 98 38 0
          100 38 0 98 40 0
          100 40 0 2 42 0
          0 42 0 4 42 0
          2 44 0 0 44 0
          4 44 0 6 42 0
          8 42 0 6 44 0
          8 44 0 10 42 0
          12 42 0 10 44 0
          12 44 0 14 42 0
          16 42 0 14 44 0
          16 44 0 18 42 0
          20 42 0 18 44 0
          20 44 0 22 42 0
          24 42 0 22 44 0
          24 44 0 26 42 0
          28 42 0 26 44 0
          28 44 0 30 42 0
          32 42 0 30 44 0
          32 44 0 34 42 0
          36 42 0 34 44 0
          36 44 0 38 42 0
          40 42 0 38 44 0
          40 44 0 42 42 0
          44 42 0 42 44 0
          44 44 0 46 42 0
          48 42 0 46 44 0
          48 44 0 50 42 0
          52 42 0 50 44 0
          52 44 0 54 42 0
          56 42 0 54 44 0
          56 44 0 58 42 0
          60 42 0 58 44 0
          60 44 0 62 42 0
          64 42 0 62 44 0
          64 44 0 66 42 0
          68 42 0 66 44 0
          68 44 0 70 42 0
          72 42 0 70 44 0
          72 44 0 74 42 0
          76 42 0 74 44 0
          76 44 0 78 42 0
          80 42 0 78 44 0
          80 44 0 82 42 0
          84 42 0 82 44 0
          84 44 0 86 42 0
          88 42 0 86 44 0
          88 44 0 90 42 0
          92 42 0 90 44 0
          92 44 0 94 42 0
          96 42 0 94 44 0
          96 44 0 98 42 0
          100 42 0 98 44 0
          100 44 0 2 46 0
          0 46 0 4 46 0
          2 48 0 0 48 0
          4 48 0 6 46 0
          8 46 0 6 48 0
          8 48 0 10 46 0
          12 46 0 10 48 0
          12 48 0 14 46 0
          16 46 0 14 48 0
          16 48 0 18 46 0
          20 46 0 18 48 0
          20 48 0 22 46 0
          24 46 0 22 48 0
          24 48 0 26 46 0
          28 46 0 26 48 0
          28 48 0 30 46 0
          32 46 0 30 48 0
          32 48 0 34 46 0
          36 46 0 34 48 0
          36 48 0 38 46 0
          40 46 0 38 48 0
          40 48 0 42 46 0
          44 46 0 42 48 0
          44 48 0 46 46 0
          48 46 0 46 48 0
          48 48 0 50 46 0
          52 46 0 50 48 0
          52 48 0 54 46 0
          56 46 0 54 48 0
          56 48 0 58 46 0
          60 46 0 58 48 0
          60 48 0 62 46 0
          64 46 0 62 48 0
          64 48 0 66 46 0
          68 46 0 66 48 0
          68 48 0 70 46 0
          72 46 0 70 48 0
          72 48 0 74 46 0
          76 46 0 74 48 0
          76 48 0 78 46 0
          80 46 0 78 48 0
          80 48 0 82 46 0
          84 46 0 82 48 0
          84 48 0 86 46 0
          88 46 0 86 48 0
          88 48 0 90 46 0
          92 46 0 90 48 0
          92 48 0 94 46 0
          96 46 0 94 48 0
          96 48 0 98 46 0
          100 46 0 98 48 0
          100 48 0 46 50 0
          44 50 0 48 50 0
          46 52 0 44 52 0
          48 52 0 50 50 0
          52 50 0 50 52 0
          52 52 0 54 50 0
          56 50 0 54 52 0
          56 52 0 58 50 0
          60 50 0 58 52 0
          60 52 0 62 50 0
          64 50 0 62 52 0
          64 52 0 66 50 0
          68 50 0 66 52 0
          68 52 0 70 50 0
          72 50 0 70 52 0
          72 52 0 74 50 0
          76 50 0 74 52 0
          76 52 0 78 50 0
          80 50 0 78 52 0
          80 52 0 82 50 0
          84 50 0 82 52 0
          84 52 0 86 50 0
          88 50 0 86 52 0
          88 52 0 90 50 0
          92 50 0 90 52 0
          92 52 0 94 50 0
          96 50 0 94 52 0
          96 52 0 98 50 0
          100 50 0 98 52 0
          100 52 0 0 52 0
          2 52 0 2 54 0
          4.042199e-17 54 0 4 52 0
          4 54 0 2 56 0
          0 56 0 4 56 0
          6 52 0 6 54 0
          8 52 0 8 54 0
          6 56 0 8 56 0
          10 52 0 10 54 0
          12 52 0 12 54 0
          10 56 0 12 56 0
          14 52 0 14 54 0
          16 52 0 16 54 0
          14 56 0 16 56 0
          18 52 0 18 54 0
          20 52 0 20 54 0
          18 56 0 20 56 0
          22 52 0 22 54 0
          24 52 0 24 54 0
          22 56 0 24 56 0
          26 52 0 26 54 0
          28 52 0 28 54 0
          26 56 0 28 56 0
          30 52 0 30 54 0
          32 52 0 32 54 0
          30 56 0 32 56 0
          34 52 0 34 54 0
          36 52 0 36 54 0
          34 56 0 36 56 0
          38 52 0 38 54 0
          40 52 0 40 54 0
          38 56 0 40 56 0
          42 52 0 42 54 0
          44 54 0 42 56 0
          44 56 0 46 54 0
          48 54 0 46 56 0
          48 56 0 50 54 0
          52 54 0 50 56 0
          52 56 0 54 54 0
          56 54 0 54 56 0
          56 56 0 58 54 0
          60 54 0 58 56 0
          60 56 0 62 54 0
          64 54 0 62 56 0
          64 56 0 66 54 0
          68 54 0 66 56 0
          68 56 0 70 54 0
          72 54 0 70 56 0
          72 56 0 74 54 0
          76 54 0 74 56 0
          76 56 0 78 54 0
          80 54 0 78 56 0
          80 56 0 82 54 0
          84 54 0 82 56 0
          84 56 0 86 54 0
          88 54 0 86 56 0
          88 56 0 90 54 0
          92 54 0 90 56 0
          92 56 0 94 54 0
          96 54 0 94 56 0
          96 56 0 98 54 0
          100 54 0 98 56 0
          100 56 0 2 58 0
          -4.042199e-17 58 0 4 58 0
          2 60 0 0 60 0
          4 60 0 6 58 0
          8 58 0 6 60 0
          8 60 0 10 58 0
          12 58 0 10 60 0
          12 60 0 14 58 0
          16 58 0 14 60 0
          16 60 0 18 58 0
          20 58 0 18 60 0
          20 60 0 22 58 0
          24 58 0 22 60 0
          24 60 0 26 58 0
          28 58 0 26 60 0
          28 60 0 30 58 0
          32 58 0 30 60 0
          32 60 0 34 58 0
          36 58 0 34 60 0
          36 60 0 38 58 0
          40 58 0 38 60 0
          40 60 0 42 58 0
          44 58 0 42 60 0
          44 60 0 46 58 0
          48 58 0 46 60 0
          48 60 0 50 58 0
          52 58 0 50 60 0
          52 60 0 54 58 0
          56 58 0 54 60 0
          56 60 0 58 58 0
          60 58 0 58 60 0
          60 60 0 62 58 0
          64 58 0 62 60 0
          64 60 0 66 58 0
          68 58 0 66 60 0
          68 60 0 70 58 0
          72 58 0 70 60 0
          72 60 0 74 58 0
          76 58 0 74 60 0
          76 60 0 78 58 0
          80 58 0 78 60 0
          80 60 0 82 58 0
          84 58 0 82 60 0
          84 60 0 86 58 0
          88 58 0 86 60 0
          88 60 0 90 58 0
          92 58 0 90 60 0
          92 60 0 94 58 0
          96 58 0 94 60 0
          96 60 0 98 58 0
          100 58 0 98 60 0
          100 60 0 2 62 0
          -4.042199e-17 62 0 4 62 0
          2 64 0 0 64 0
          4 64 0 6 62 0
          8 62 0 6 64 0
          8 64 0 10 62 0
          12 62 0 10 64 0
          12 64 0 14 62 0
          16 62 0 14 64 0
          16 64 0 18 62 0
          20 62 0 18 64 0
          20 64 0 22 62 0
          24 62 0 22 64 0
          24 64 0 26 62 0
          28 62 0 26 64 0
          28 64 0 30 62 0
          32 62 0 30 64 0
          32 64 0 34 62 0
          36 62 0 34 64 0
          36 64 0 38 62 0
          40 62 0 38 64 0
          40 64 0 42 62 0
          44 62 0 42 64 0
          44 64 0 46 62 0
          48 62 0 46 64 0
          48 64 0 50 62 0
          52 62 0 50 64 0
          52 64 0 54 62 0
          56 62 0 54 64 0
          56 64 0 58 62 0
          60 62 0 58 64 0
          60 64 0 62 62 0
          64 62 0 62 64 0
          64 64 0 66 62 0
          68 62 0 66 64 0
          68 64 0 70 62 0
          72 62 0 70 64 0
          72 64 0 74 62 0
          76 62 0 74 64 0
          76 64 0 78 62 0
          80 62 0 78 64 0
          80 64 0 82 62 0
          84 62 0 82 64 0
          84 64 0 86 62 0
          88 62 0 86 64 0
          88 64 0 90 62 0
          92 62 0 90 64 0
          92 64 0 94 62 0
          96 62 0 94 64 0
          96 64 0 98 62 0
          100 62 0 98 64 0
          100 64 0 2 66 0
          4.042199e-17 66 0 4 66 0
          2 68 0 0 68 0
          4 68 0 6 66 0
          8 66 0 6 68 0
          8 68 0 10 66 0
          12 66 0 10 68 0
          12 68 0 14 66 0
          16 66 0 14 68 0
          16 68 0 18 66 0
          20 66 0 18 68 0
          20 68 0 22 66 0
          24 66 0 22 68 0
          24 68 0 26 66 0
          28 66 0 26 68 0
          28 68 0 30 66 0
          32 66 0 30 68 0
          32 68 0 34 66 0
          36 66 0 34 68 0
          36 68 0 38 66 0
          40 66 0 38 68 0
          40 68 0 42 66 0
          44 66 0 42 68 0
          44 68 0 46 66 0
          48 66 0 46 68 0
          48 68 0 50 66 0
          52 66 0 50 68 0
          52 68 0 54 66 0
          56 66 0 54 68 0
          56 68 0 58 66 0
          60 66 0 58 68 0
          60 68 0 62 66 0
          64 66 0 62 68 0
          64 68 0 66 66 0
          68 66 0 66 68 0
          68 68 0 70 66 0
          72 66 0 70 68 0
          72 68 0 74 66 0
          76 66 0 74 68 0
          76 68 0 78 66 0
          80 66 0 78 68 0
          80 68 0 82 66 0
          84 66 0 82 68 0
          84 68 0 86 66 0
          88 66 0 86 68 0
          88 68 0 90 66 0
          92 66 0 90 68 0
          92 68 0 94 66 0
          96 66 0 94 68 0
          96 68 0 98 66 0
          100 66 0 98 68 0
          100 68 0 2 70 0
          -4.042199e-17 70 0 4 70 0
          2 72 0 0 72 0
          4 72 0 6 70 0
          8 70 0 6 72 0
          8 72 0 10 70 0
          12 70 0 10 72 0
          12 72 0 14 70 0
          16 70 0 14 72 0
          16 72 0 18 70 0
          20 70 0 18 72 0
          20 72 0 22 70 0
          24 70 0 22 72 0
          24 72 0 26 70 0
          28 70 0 26 72 0
          28 72 0 30 70 0
          32 70 0 30 72 0
          32 72 0 34 70 0
          36 70 0 34 72 0
          36 72 0 38 70 0
          40 70 0 38 72 0
          40 72 0 42 70 0
          44 70 0 42 72 0
          44 72 0 46 70 0
          48 70 0 46 72 0
          48 72 0 50 70 0
          52 70 0 50 72 0
          52 72 0 54 70 0
          56 70 0 54 72 0
          56 72 0 58 70 0
          60 70 0 58 72 0
          60 72 0 62 70 0
          64 70 0 62 72 0
          64 72 0 66 70 0
          68 70 0 66 72 0
          68 72 0 70 70 0
          72 70 0 70 72 0
          72 72 0 74 70 0
          76 70 0 74 72 0
          76 72 0 78 70 0
          80 70 0 78 72 0
          80 72 0 82 70 0
          84 70 0 82 72 0
          84 72 0 86 70 0
          88 70 0 86 72 0
          88 72 0 90 70 0
          92 70 0 90 72 0
          92 72 0 94 70 0
          96 70 0 94 72 0
          96 72 0 98 70 0
          100 70 0 98 72 0
          100 72 0 2 74 0
          -4.042199e-17 74 0 4 74 0
          2 76 0 0 76 0
          4 76 0 6 74 0
          8 74 0 6 76 0
          8 76 0 10 74 0
          12 74 0 10 76 0
          12 76 0 14 74 0
          16 74 0 14 76 0
          16 76 0 18 74 0
          20 74 0 18 76 0
          20 76 0 22 74 0
          24 74 0 22 76 0
          24 76 0 26 74 0
          28 74 0 26 76 0
          28 76 0 30 74 0
          32 74 0 30 76 0
          32 76 0 34 74 0
          36 74 0 34 76 0
          36 76 0 38 74 0
          40 74 0 38 76 0
          40 76 0 42 74 0
          44 74 0 42 76 0
          44 76 0 46 74 0
          48 74 0 46 76 0
          48 76 0 50 74 0
          52 74 0 50 76 0
          52 76 0 54 74 0
          56 74 0 54 76 0
          56 76 0 58 74 0
          60 74 0 58 76 0
          60 76 0 62 74 0
          64 74 0 62 76 0
          64 76 0 66 74 0
          68 74 0 66 76 0
          68 76 0 70 74 0
          72 74 0 70 76 0
          72 76 0 74 74 0
          76 74 0 74 76 0
          76 76 0 78 74 0
          80 74 0 78 76 0
          80 76 0 82 74 0
          84 74 0 82 76 0
          84 76 0 86 74 0
          88 74 0 86 76 0
          88 76 0 90 74 0
          92 74 0 90 76 0
          92 76 0 94 74 0
          96 74 0 94 76 0
          96 76 0 98 74 0
          100 74 0 98 76 0
          100 76 0 2 78 0
          4.042199e-17 78 0 4 78 0
          2 80 0 0 80 0
          4 80 0 6 78 0
          8 78 0 6 80 0
          8 80 0 10 78 0
          12 78 0 10 80 0
          12 80 0 14 78 0
          16 78 0 14 80 0
          16 80 0 18 78 0
          20 78 0 18 80 0
          20 80 0 22 78 0
          24 78 0 22 80 0
          24 80 0 26 78 0
          28 78 0 26 80 0
          28 80 0 30 78 0
          32 78 0 30 80 0
          32 80 0 34 78 0
          36 78 0 34 80 0
          36 80 0 38 78 0
          40 78 0 38 80 0
          40 80 0 42 78 0
          44 78 0 42 80 0
          44 80 0 46 78 0
          48 78 0 46 80 0
          48 80 0 50 78 0
          52 78 0 50 80 0
          52 80 0 54 78 0
          56 78 0 54 80 0
          56 80 0 58 78 0
          60 78 0 58 80 0
          60 80 0 62 78 0
          64 78 0 62 80 0
          64 80 0 66 78 0
          68 78 0 66 80 0
          68 80 0 70 78 0
          72 78 0 70 80 0
          72 80 0 74 78 0
          76 78 0 74 80 0
          76 80 0 78 78 0
          80 78 0 78 80 0
          80 80 0 82 78 0
          84 78 0 82 80 0
          84 80 0 86 78 0
          88 78 0 86 80 0
          88 80 0 90 78 0
          92 78 0 90 80 0
          92 80 0 94 78 0
          96 78 0 94 80 0
          96 80 0 98 78 0
          100 78 0 98 80 0
          100 80 0 2 82 0
          -4.042199e-17 82 0 4 82 0
          2 84 0 0 84 0
          4 84 0 6 82 0
          8 82 0 6 84 0
          8 84 0 10 82 0
          12 82 0 10 84 0
          12 84 0 14 82 0
          16 82 0 14 84 0
          16 84 0 18 82 0
          20 82 0 18 84 0
          20 84 0 22 82 0
          24 82 0 22 84 0
          24 84 0 26 82 0
          28 82 0 26 84 0
          28 84 0 30 82 0
          32 82 0 30 84 0
          32 84 0 34 82 0
          36 82 0 34 84 0
          36 84 0 38 82 0
          40 82 0 38 84 0
          40 84 0 42 82 0
          44 82 0 42 84 0
          44 84 0 46 82 0
          48 82 0 46 84 0
          48 84 0 50 82 0
          52 82 0 50 84 0
          52 84 0 54 82 0
          56 82 0 54 84 0
          56 84 0 58 82 0
          60 82 0 58 84 0
          60 84 0 62 82 0
          64 82 0 62 84 0
          64 84 0 66 82 0
          68 82 0 66 84 0
          68 84 0 70 82 0
          72 82 0 70 84 0
          72 84 0 74 82 0
          76 82 0 74 84 0
          76 84 0 78 82 0
          80 82 0 78 84 0
          80 84 0 82 82 0
          84 82 0 82 84 0
          84 84 0 86 82 0
          88 82 0 86 84 0
          88 84 0 90 82 0
          92 82 0 90 84 0
          92 84 0 94 82 0
          96 82 0 94 84 0
          96 84 0 98 82 0
          100 82 0 98 84 0
          100 84 0 2 86 0
          -4.042199e-17 86 0 4 86 0
          2 88 0 0 88 0
          4 88 0 6 86 0
          8 86 0 6 88 0
          8 88 0 10 86 0
          12 86 0 10 88 0
          12 88 0 14 86 0
          16 86 0 14 88 0
          16 88 0 18 86 0
          20 86 0 18 88 0
          20 88 0 22 86 0
          24 86 0 22 88 0
          24 88 0 26 86 0
          28 86 0 26 88 0
          28 88 0 30 86 0
          32 86 0 30 88 0
          32 88 0 34 86 0
          36 86 0 34 88 0
          36 88 0 38 86 0
          40 86 0 38 88 0
          40 88 0 42 86 0
          44 86 0 42 88 0
          44 88 0 46 86 0
          48 86 0 46 88 0
          48 88 0 50 86 0
          52 86 0 50 88 0
          52 88 0 54 86 0
          56 86 0 54 88 0
          56 88 0 58 86 0
          60 86 0 58 88 0
          60 88 0 62 86 0
          64 86 0 62 88 0
          64 88 0 66 86 0
          68 86 0 66 88 0
          68 88 0 70 86 0
          72 86 0 70 88 0
          72 88 0 74 86 0
          76 86 0 74 88 0
          76 88 0 78 86 0
          80 86 0 78 88 0
          80 88 0 82 86 0
          84 86 0 82 88 0
          84 88 0 86 86 0
          88 86 0 86 88 0
          88 88 0 90 86 0
          92 86 0 90 88 0
          92 88 0 94 86 0
          96 86 0 94 88 0
          96 88 0 98 86 0
          100 86 0 98 88 0
          100 88 0 2 90 0
          4.042199e-17 90 0 4 90 0
          2 92 0 0 92 0
          4 92 0 6 90 0
          8 90 0 6 92 0
          8 92 0 10 90 0
          12 90 0 10 92 0
          12 92 0 14 90 0
          16 90 0 14 92 0
          16 92 0 18 90 0
          20 90 0 18 92 0
          20 92 0 22 90 0
          24 90 0 22 92 0
          24 92 0 26 90 0
          28 90 0 26 92 0
          28 92 0 30 90 0
          32 90 0 30 92 0
          32 92 0 34 90 0
          36 90 0 34 92 0
          36 92 0 38 90 0
          40 90 0 38 92 0
          40 92 0 42 90 0
          44 90 0 42 92 0
          44 92 0 46 90 0
          48 90 0 46 92 0
          48 92 0 50 90 0
          52 90 0 50 92 0
          52 92 0 54 90 0
          56 90 0 54 92 0
          56 92 0 58 90 0
          60 90 0 58 92 0
          60 92 0 62 90 0
          64 90 0 62 92 0
          64 92 0 66 90 0
          68 90 0 66 92 0
          68 92 0 70 90 0
          72 90 0 70 92 0
          72 92 0 74 90 0
          76 90 0 74 92 0
          76 92 0 78 90 0
          80 90 0 78 92 0
          80 92 0 82 90 0
          84 90 0 82 92 0
          84 92 0 86 90 0
          88 90 0 86 92 0
          88 92 0 90 90 0
          92 90 0 90 92 0
          92 92 0 94 90 0
          96 90 0 94 92 0
          96 92 0 98 90 0
          100 90 0 98 92 0
          100 92 0 2 94 0
          -4.042199e-17 94 0 4 94 0
          2 96 0 0 96 0
          4 96 0 6 94 0
          8 94 0 6 96 0
          8 96 0 10 94 0
          12 94 0 10 96 0
          12 96 0 14 94 0
          16 94 0 14 96 0
          16 96 0 18 94 0
          20 94 0 18 96 0
          20 96 0 22 94 0
          24 94 0 22 96 0
          24 96 0 26 94 0
          28 94 0 26 96 0
          28 96 0 30 94 0
          32 94 0 30 96 0
          32 96 0 34 94 0
          36 94 0 34 96 0
          36 96 0 38 94 0
          40 94 0 38 96 0
          40 96 0 42 94 0
          44 94 0 42 96 0
          44 96 0 46 94 0
          48 94 0 46 96 0
          48 96 0 50 94 0
          52 94 0 50 96 0
          52 96 0 54 94 0
          56 94 0 54 96 0
          56 96 0 58 94 0
          60 94 0 58 96 0
          60 96 0 62 94 0
          64 94 0 62 96 0
          64 96 0 66 94 0
          68 94 0 66 96 0
          68 96 0 70 94 0
          72 94 0 70 96 0
          72 96 0 74 94 0
          76 94 0 74 96 0
          76 96 0 78 94 0
          80 94 0 78 96 0
          80 96 0 82 94 0
          84 94 0 82 96 0
          84 96 0 86 94 0
          88 94 0 86 96 0
          88 96 0 90 94 0
          92 94 0 90 96 0
          92 96 0 94 94 0
          96 94 0 94 96 0
          96 96 0 98 94 0
          100 94 0 98 96 0
          100 96 0 2 98 0
          0 98 0 4 98 0
          2 100 0 0 100 0
          4 100 0 6 98 0
          8 98 0 6 100 0
          8 100 0 10 98 0
          12 98 0 10 100 0
          12 100 0 14 98 0
          16 98 0 14 100 0
          16 100 0 18 98 0
          20 98 0 18 100 0
          20 100 0 22 98 0
          24 98 0 22 100 0
          24 100 0 26 98 0
          28 98 0 26 100 0
          28 100 0 30 98 0
          32 98 0 30 100 0
          32 100 0 34 98 0
          36 98 0 34 100 0
          36 100 0 38 98 0
          40 98 0 38 100 0
          40 100 0 42 98 0
          44 98 0 42 100 0
          44 100 0 46 98 0
          48 98 0 46 100 0
          48 100 0 50 98 0
          52 98 0 50 100 0
          52 100 0 54 98 0
          56 98 0 54 100 0
          56 100 0 58 98 0
          60 98 0 58 100 0
          60 100 0 62 98 0
          64 98 0 62 100 0
          64 100 0 66 98 0
          68 98 0 66 100 0
          68 100 0 70 98 0
          72 98 0 70 100 0
          72 100 0 74 98 0
          76 98 0 74 100 0
          76 100 0 78 98 0
          80 98 0 78 100 0
          80 100 0 82 98 0
          84 98 0 82 100 0
          84 100 0 86 98 0
          88 98 0 86 100 0
          88 100 0 90 98 0
          92 98 0 90 100 0
          92 100 0 94 98 0
          96 98 0 94 100 0
          96 100 0 98 98 0
          100 98 0 98 100 0
          100 100 0 1 48 0
          1 49 0 0 49 0
          2 49 0 3 48 0
          3 49 0 4 49 0
          0 51 0 1 51 0
          1 52 0 2 51 0
          3 51 0 3 52 0
          4 51 0 5 48 0
          5 49 0 6 49 0
          7 48 0 7 49 0
          8 49 0 5 51 0
          5 52 0 6 51 0
          7 51 0 7 52 0
          8 51 0 9 48 0
          9 49 0 10 49 0
          11 48 0 11 49 0
          12 49 0 9 51 0
          9 52 0 10 51 0
          11 51 0 11 52 0
          12 51 0 13 48 0
          13 49 0 14 49 0
          15 48 0 15 49 0
          16 49 0 13 51 0
          13 52 0 14 51 0
          15 51 0 15 52 0
          16 51 0 17 48 0
          17 49 0 18 49 0
          19 48 0 19 49 0
          20 49 0 17 51 0
          17 52 0 18 51 0
          19 51 0 19 52 0
          20 51 0 21 48 0
          21 49 0 22 49 0
          23 48 0 23 49 0
          24 49 0 21 51 0
          21 52 0 22 51 0
          23 51 0 23 52 0
          24 51 0 25 48 0
          25 49 0 26 49 0
          27 48 0 27 49 0
          28 49 0 25 51 0
          25 52 0 26 51 0
          27 51 0 27 52 0
          28 51 0 29 48 0
          29 49 0 30 49 0
          31 48 0 31 49 0
          32 49 0 29 51 0
          29 52 0 30 51 0
          31 51 0 31 52 0
          32 51 0 33 48 0
          33 49 0 34 49 0
          35 48 0 35 49 0
          36 49 0 33 51 0
          33 52 0 34 51 0
          35 51 0 35 52 0
          36 51 0 37 48 0
          37 49 0 38 49 0
          39 48 0 39 49 0
          40 49 0 37 51 0
          37 52 0 38 51 0
          39 51 0 39 52 0
          40 51 0 41 48 0
          41 49 0 42 49 0
          41 51 0 41 52 0
          42 51 0 0.5 49 0
          0.5 49.5 0 0 49.5 0
          1 49.5 0 0.5 50 0
          0 50 0 1 50 0
          1.5 49 0 1.5 49.5 0
          2 49.5 0 1.5 50 0
          2 50 0 2.5 49 0
          2.5 49.5 0 3 49.5 0
          2.5 50 0 3 50 0
          3.5 49 0 3.5 49.5 0
          4 49.5 0 3.5 50 0
          4 50 0 0.5 50.5 0
          0 50.5 0 1 50.5 0
          0.5 51 0 1.5 50.5 0
          2 50.5 0 1.5 51 0
          2.5 50.5 0 3 50.5 0
          2.5 51 0 3.5 50.5 0
          4 50.5 0 3.5 51 0
          4.5 49 0 4.5 49.5 0
          5 49.5 0 4.5 50 0
          5 50 0 5.5 49 0
          5.5 49.5 0 6 49.5 0
          5.5 50 0 6 50 0
          6.5 49 0 6.5 49.5 0
          7 49.5 0 6.5 50 0
          7 50 0 7.5 49 0
          7.5 49.5 0 8 49.5 0
          7.5 50 0 8 50 0
          4.5 50.5 0 5 50.5 0
          4.5 51 0 5.5 50.5 0
          6 50.5 0 5.5 51 0
          6.5 50.5 0 7 50.5 0
          6.5 51 0 7.5 50.5 0
          8 50.5 0 7.5 51 0
          8.5 49 0 8.5 49.5 0
          9 49.5 0 8.5 50 0
          9 50 0 9.5 49 0
          9.5 49.5 0 10 49.5 0
          9.5 50 0 10 50 0
          10.5 49 0 10.5 49.5 0
          11 49.5 0 10.5 50 0
          11 50 0 11.5 49 0
          11.5 49.5 0 12 49.5 0
          11.5 50 0 12 50 0
          8.5 50.5 0 9 50.5 0
          8.5 51 0 9.5 50.5 0
          10 50.5 0 9.5 51 0
          10.5 50.5 0 11 50.5 0
          10.5 51 0 11.5 50.5 0
          12 50.5 0 11.5 51 0
          12.5 49 0 12.5 49.5 0
          13 49.5 0 12.5 50 0
          13 50 0 13.5 49 0
          13.5 49.5 0 14 49.5 0
          13.5 50 0 14 50 0
          14.5 49 0 14.5 49.5 0
          15 49.5 0 14.5 50 0
          15 50 0 15.5 49 0
          15.5 49.5 0 16 49.5 0
          15.5 50 0 16 50 0
          12.5 50.5 0 13 50.5 0
          12.5 51 0 13.5 50.5 0
          14 50.5 0 13.5 51 0
          14.5 50.5 0 15 50.5 0
          14.5 51 0 15.5 50.5 0
          16 50.5 0 15.5 51 0
          16.5 49 0 16.5 49.5 0
          17 49.5 0 16.5 50 0
          17 50 0 17.5 49 0
          17.5 49.5 0 18 49.5 0
          17.5 50 0 18 50 0
          18.5 49 0 18.5 49.5 0
          19 49.5 0 18.5 50 0
          19 50 0 19.5 49 0
          19.5 49.5 0 20 49.5 0
          19.5 50 0 20 50 0
          16.5 50.5 0 17 50.5 0
          16.5 51 0 17.5 50.5 0
          18 50.5 0 17.5 51 0
          18.5 50.5 0 19 50.5 0
          18.5 51 0 19.5 50.5 0
          20 50.5 0 19.5 51 0
          20.5 49 0 20.5 49.5 0
          21 49.5 0 20.5 50 0
          21 50 0 21.5 49 0
          21.5 49.5 0 22 49.5 0
          21.5 50 0 22 50 0
          22.5 49 0 22.5 49.5 0
          23 49.5 0 22.5 50 0
          23 50 0 23.5 49 0
          23.5 49.5 0 24 49.5 0
          23.5 50 0 24 50 0
          20.5 50.5 0 21 50.5 0
          20.5 51 0 21.5 50.5 0
          22 50.5 0 21.5 51 0
          22.5 50.5 0 23 50.5 0
          22.5 51 0 23.5 50.5 0
          24 50.5 0 23.5 51 0
          24.5 49 0 24.5 49.5 0
          25 49.5 0 24.5 50 0
          25 50 0 25.5 49 0
          25.5 49.5 0 26 49.5 0
          25.5 50 0 26 50 0
          26.5 49 0 26.5 49.5 0
          27 49.5 0 26.5 50 0
          27 50 0 27.5 49 0
          27.5 49.5 0 28 49.5 0
          27.5 50 0 28 50 0
          24.5 50.5 0 25 50.5 0
          24.5 51 0 25.5 50.5 0
          26 50.5 0 25.5 51 0
          26.5 50.5 0 27 50.5 0
          26.5 51 0 27.5 50.5 0
          28 50.5 0 27.5 51 0
          28.5 49 0 28.5 49.5 0
          29 49.5 0 28.5 50 0
          29 50 0 29.5 49 0
          29.5 49.5 0 30 49.5 0
          29.5 50 0 30 50 0
          30.5 49 0 30.5 49.5 0
          31 49.5 0 30.5 50 0
          31 50 0 31.5 49 0
          31.5 49.5 0 32 49.5 0
          31.5 50 0 32 50 0
          28.5 50.5 0 29 50.5 0
          28.5 51 0 29.5 50.5 0
          30 50.5 0 29.5 51 0
          30.5 50.5 0 31 50.5 0
          30.5 51 0 31.5 50.5 0
          32 50.5 0 31.5 51 0
          32.5 49 0 32.5 49.5 0
          33 49.5 0 32.5 50 0
          33 50 0 33.5 49 0
          33.5 49.5 0 34 49.5 0
          33.5 50 0 34 50 0
          34.5 49 0 34.5 49.5 0
          35 49.5 0 34.5 50 0
          35 50 0 35.5 49 0
          35.5 49.5 0 36 49.5 0
          35.5 50 0 36 50 0
          32.5 50.5 0 33 50.5 0
          32.5 51 0 33.5 50.5 0
          34 50.5 0 33.5 51 0
          34.5 50.5 0 35 50.5 0
          34.5 51 0 35.5 50.5 0
          36 50.5 0 35.5 51 0
          36.5 49 0 36.5 49.5 0
          37 49.5 0 36.5 50 0
          37 50 0 37.5 49 0
          37.5 49.5 0 38 49.5 0
          37.5 50 0 38 50 0
          38.5 49 0 38.5 49.5 0
          39 49.5 0 38.5 50 0
          39 50 0 39.5 49 0
          39.5 49.5 0 40 49.5 0
          39.5 50 0 40 50 0
          36.5 50.5 0 37 50.5 0
          36.5 51 0 37.5 50.5 0
          38 50.5 0 37.5 51 0
          38.5 50.5 0 39 50.5 0
          38.5 51 0 39.5 50.5 0
          40 50.5 0 39.5 51 0
          40.5 49 0 40.5 49.5 0
          41 49.5 0 40.5 50 0
          41 50 0 40.5 50.5 0
          41 50.5 0 40.5 51 0
          43 48 0 43 49 0
          44 49 0 43 50 0
          42 50 0 41.5 49 0
          41.5 49.5 0 42 49.5 0
          41.5 50 0 43 51 0
          44 51 0 43 52 0
          41.5 50.5 0 42 50.5 0
          41.5 51 0
          <InformationKey name="L2_NORM_FINITE_RANGE" location="vtkDataArray" length="2">
            <Value index="0">
              0
            </Value>
            <Value index="1">
              141.42135624
            </Value>
          </InformationKey>
          <InformationKey name="L2_NORM_RANGE" location="vtkDataArray" length="2">
            <Value index="0">
              0
            </Value>
            <Value index="1">
              141.42135624
            </Value>
          </InformationKey>
        </DataArray>
      </Points>
      <Cells>
        <DataArray type="Int64" Name="connectivity" format="ascii" RangeMin="0" RangeMax="3052">
          0 1 2 3 1 4
          5 2 3 2 6 7
          2 5 8 6 4 9
          10 5 9 11 12 10
          5 10 13 8 10 12
          14 13 11 15 16 12
          15 17 18 16 12 16
          19 14 16 18 20 19
          17 21 22 18 21 23
          24 22 18 22 25 20
          22 24 26 25 23 27
          28 24 27 29 30 28
          24 28 31 26 28 30
          32 31 29 33 34 30
          33 35 36 34 30 34
          37 32 34 36 38 37
          35 39 40 36 39 41
          42 40 36 40 43 38
          40 42 44 43 41 45
          46 42 45 47 48 46
          42 46 49 44 46 48
          50 49 47 51 52 48
          51 53 54 52 48 52
          55 50 52 54 56 55
          53 57 58 54 57 59
          60 58 54 58 61 56
          58 60 62 61 59 63
          64 60 63 65 66 64
          60 64 67 62 64 66
          68 67 65 69 70 66
          69 71 72 70 66 70
          73 68 70 72 74 73
          71 75 76 72 75 77
          78 76 72 76 79 74
          76 78 80 79 77 81
          82 78 81 83 84 82
          78 82 85 80 82 84
          86 85 83 87 88 84
          87 89 90 88 84 88
          91 86 88 90 92 91
          89 93 94 90 93 95
          96 94 90 94 97 92
          94 96 98 97 95 99
          100 96 99 101 102 100
          96 100 103 98 100 102
          104 103 101 105 106 102
          105 107 108 106 102 106
          109 104 106 108 110 109
          107 111 112 108 111 113
          114 112 108 112 115 110
          112 114 116 115 113 117
          118 114 117 119 120 118
          114 118 121 116 118 120
          122 121 119 123 124 120
          123 125 126 124 120 124
          127 122 124 126 128 127
          125 129 130 126 129 131
          132 130 126 130 133 128
          130 132 134 133 131 135
          136 132 135 137 138 136
          132 136 139 134 136 138
          140 139 137 141 142 138
          141 143 144 142 138 142
          145 140 142 144 146 145
          143 147 148 144 147 149
          150 148 144 148 151 146
          148 150 152 151 7 6
          153 154 6 8 155 153
          154 153 156 157 153 155
          158 156 8 13 159 155
          13 14 160 159 155 159
          161 158 159 160 162 161
          14 19 163 160 19 20
          164 163 160 163 165 162
          163 164 166 165 20 25
          167 164 25 26 168 167
          164 167 169 166 167 168
          170 169 26 31 171 168
          31 32 172 171 168 171
          173 170 171 172 174 173
          32 37 175 172 37 38
          176 175 172 175 177 174
          175 176 178 177 38 43
          179 176 43 44 180 179
          176 179 181 178 179 180
          182 181 44 49 183 180
          49 50 184 183 180 183
          185 182 183 184 186 185
          50 55 187 184 55 56
          188 187 184 187 189 186
          187 188 190 189 56 61
          191 188 61 62 192 191
          188 191 193 190 191 192
          194 193 62 67 195 192
          67 68 196 195 192 195
          197 194 195 196 198 197
          68 73 199 196 73 74
          200 199 196 199 201 198
          199 200 202 201 74 79
          203 200 79 80 204 203
          200 203 205 202 203 204
          206 205 80 85 207 204
          85 86 208 207 204 207
          209 206 207 208 210 209
          86 91 211 208 91 92
          212 211 208 211 213 210
          211 212 214 213 92 97
          215 212 97 98 216 215
          212 215 217 214 215 216
          218 217 98 103 219 216
          103 104 220 219 216 219
          221 218 219 220 222 221
          104 109 223 220 109 110
          224 223 220 223 225 222
          223 224 226 225 110 115
          227 224 115 116 228 227
          224 227 229 226 227 228
          230 229 116 121 231 228
          121 122 232 231 228 231
          233 230 231 232 234 233
          122 127 235 232 127 128
          236 235 232 235 237 234
          235 236 238 237 128 133
          239 236 133 134 240 239
          236 239 241 238 239 240
          242 241 134 139 243 240
          139 140 244 243 240 243
          245 242 243 244 246 245
          140 145 247 244 145 146
          248 247 244 247 249 246
          247 248 250 249 146 151
          251 248 151 152 252 251
          248 251 253 250 251 252
          254 253 157 156 255 256
          156 158 257 255 256 255
          258 259 255 257 260 258
          158 161 261 257 161 162
          262 261 257 261 263 260
          261 262 264 263 162 165
          265 262 165 166 266 265
          262 265 267 264 265 266
          268 267 166 169 269 266
          169 170 270 269 266 269
          271 268 269 270 272 271
          170 173 273 270 173 174
          274 273 270 273 275 272
          273 274 276 275 174 177
          277 274 177 178 278 277
          274 277 279 276 277 278
          280 279 178 181 281 278
          181 182 282 281 278 281
          283 280 281 282 284 283
          182 185 285 282 185 186
          286 285 282 285 287 284
          285 286 288 287 186 189
          289 286 189 190 290 289
          286 289 291 288 289 290
          292 291 190 193 293 290
          193 194 294 293 290 293
          295 292 293 294 296 295
          194 197 297 294 197 198
          298 297 294 297 299 296
          297 298 300 299 198 201
          301 298 201 202 302 301
          298 301 303 300 301 302
          304 303 202 205 305 302
          205 206 306 305 302 305
          307 304 305 306 308 307
          206 209 309 306 209 210
          310 309 306 309 311 308
          309 310 312 311 210 213
          313 310 213 214 314 313
          310 313 315 312 313 314
          316 315 214 217 317 314
          217 218 318 317 314 317
          319 316 317 318 320 319
          218 221 321 318 221 222
          322 321 318 321 323 320
          321 322 324 323 222 225
          325 322 225 226 326 325
          322 325 327 324 325 326
          328 327 226 229 329 326
          229 230 330 329 326 329
          331 328 329 330 332 331
          230 233 333 330 233 234
          334 333 330 333 335 332
          333 334 336 335 234 237
          337 334 237 238 338 337
          334 337 339 336 337 338
          340 339 238 241 341 338
          241 242 342 341 338 341
          343 340 341 342 344 343
          242 245 345 342 245 246
          346 345 342 345 347 344
          345 346 348 347 246 249
          349 346 249 250 350 349
          346 349 351 348 349 350
          352 351 250 253 353 350
          253 254 354 353 350 353
          355 352 353 354 356 355
          259 258 357 358 258 260
          359 357 358 357 360 361
          357 359 362 360 260 263
          363 359 263 264 364 363
          359 363 365 362 363 364
          366 365 264 267 367 364
          267 268 368 367 364 367
          369 366 367 368 370 369
          268 271 371 368 271 272
          372 371 368 371 373 370
          371 372 374 373 272 275
          375 372 275 276 376 375
          372 375 377 374 375 376
          378 377 276 279 379 376
          279 280 380 379 376 379
          381 378 379 380 382 381
          280 283 383 380 283 284
          384 383 380 383 385 382
          383 384 386 385 284 287
          387 384 287 288 388 387
          384 387 389 386 387 388
          390 389 288 291 391 388
          291 292 392 391 388 391
          393 390 391 392 394 393
          292 295 395 392 295 296
          396 395 392 395 397 394
          395 396 398 397 296 299
          399 396 299 300 400 399
          396 399 401 398 399 400
          402 401 300 303 403 400
          303 304 404 403 400 403
          405 402 403 404 406 405
          304 307 407 404 307 308
          408 407 404 407 409 406
          407 408 410 409 308 311
          411 408 311 312 412 411
          408 411 413 410 411 412
          414 413 312 315 415 412
          315 316 416 415 412 415
          417 414 415 416 418 417
          316 319 419 416 319 320
          420 419 416 419 421 418
          419 420 422 421 320 323
          423 420 323 324 424 423
          420 423 425 422 423 424
          426 425 324 327 427 424
          327 328 428 427 424 427
          429 426 427 428 430 429
          328 331 431 428 331 332
          432 431 428 431 433 430
          431 432 434 433 332 335
          435 432 335 336 436 435
          432 435 437 434 435 436
          438 437 336 339 439 436
          339 340 440 439 436 439
          441 438 439 440 442 441
          340 343 443 440 343 344
          444 443 440 443 445 442
          443 444 446 445 344 347
          447 444 347 348 448 447
          444 447 449 446 447 448
          450 449 348 351 451 448
          351 352 452 451 448 451
          453 450 451 452 454 453
          352 355 455 452 355 356
          456 455 452 455 457 454
          455 456 458 457 361 360
          459 460 360 362 461 459
          460 459 462 463 459 461
          464 462 362 365 465 461
          365 366 466 465 461 465
          467 464 465 466 468 467
          366 369 469 466 369 370
          470 469 466 469 471 468
          469 470 472 471 370 373
          473 470 373 374 474 473
          470 473 475 472 473 474
          476 475 374 377 477 474
          377 378 478 477 474 477
          479 476 477 478 480 479
          378 381 481 478 381 382
          482 481 478 481 483 480
          481 482 484 483 382 385
          485 482 385 386 486 485
          482 485 487 484 485 486
          488 487 386 389 489 486
          389 390 490 489 486 489
          491 488 489 490 492 491
          390 393 493 490 393 394
          494 493 490 493 495 492
          493 494 496 495 394 397
          497 494 397 398 498 497
          494 497 499 496 497 498
          500 499 398 401 501 498
          401 402 502 501 498 501
          503 500 501 502 504 503
          402 405 505 502 405 406
          506 505 502 505 507 504
          505 506 508 507 406 409
          509 506 409 410 510 509
          506 509 511 508 509 510
          512 511 410 413 513 510
          413 414 514 513 510 513
          515 512 513 514 516 515
          414 417 517 514 417 418
          518 517 514 517 519 516
          517 518 520 519 418 421
          521 518 421 422 522 521
          518 521 523 520 521 522
          524 523 422 425 525 522
          425 426 526 525 522 525
          527 524 525 526 528 527
          426 429 529 526 429 430
          530 529 526 529 531 528
          529 530 532 531 430 433
          533 530 433 434 534 533
          530 533 535 532 533 534
          536 535 434 437 537 534
          437 438 538 537 534 537
          539 536 537 538 540 539
          438 441 541 538 441 442
          542 541 538 541 543 540
          541 542 544 543 442 445
          545 542 445 446 546 545
          542 545 547 544 545 546
          548 547 446 449 549 546
          449 450 550 549 546 549
          551 548 549 550 552 551
          450 453 553 550 453 454
          554 553 550 553 555 552
          553 554 556 555 454 457
          557 554 457 458 558 557
          554 557 559 556 557 558
          560 559 463 462 561 562
          462 464 563 561 562 561
          564 565 561 563 566 564
          464 467 567 563 467 468
          568 567 563 567 569 566
          567 568 570 569 468 471
          571 568 471 472 572 571
          568 571 573 570 571 572
          574 573 472 475 575 572
          475 476 576 575 572 575
          577 574 575 576 578 577
          476 479 579 576 479 480
          580 579 576 579 581 578
          579 580 582 581 480 483
          583 580 483 484 584 583
          580 583 585 582 583 584
          586 585 484 487 587 584
          487 488 588 587 584 587
          589 586 587 588 590 589
          488 491 591 588 491 492
          592 591 588 591 593 590
          591 592 594 593 492 495
          595 592 495 496 596 595
          592 595 597 594 595 596
          598 597 496 499 599 596
          499 500 600 599 596 599
          601 598 599 600 602 601
          500 503 603 600 503 504
          604 603 600 603 605 602
          603 604 606 605 504 507
          607 604 507 508 608 607
          604 607 609 606 607 608
          610 609 508 511 611 608
          511 512 612 611 608 611
          613 610 611 612 614 613
          512 515 615 612 515 516
          616 615 612 615 617 614
          615 616 618 617 516 519
          619 616 519 520 620 619
          616 619 621 618 619 620
          622 621 520 523 623 620
          523 524 624 623 620 623
          625 622 623 624 626 625
          524 527 627 624 527 528
          628 627 624 627 629 626
          627 628 630 629 528 531
          631 628 531 532 632 631
          628 631 633 630 631 632
          634 633 532 535 635 632
          535 536 636 635 632 635
          637 634 635 636 638 637
          536 539 639 636 539 540
          640 639 636 639 641 638
          639 640 642 641 540 543
          643 640 543 544 644 643
          640 643 645 642 643 644
          646 645 544 547 647 644
          547 548 648 647 644 647
          649 646 647 648 650 649
          548 551 651 648 551 552
          652 651 648 651 653 650
          651 652 654 653 552 555
          655 652 555 556 656 655
          652 655 657 654 655 656
          658 657 556 559 659 656
          559 560 660 659 656 659
          661 658 659 660 662 661
          565 564 663 664 564 566
          665 663 664 663 666 667
          663 665 668 666 566 569
          669 665 569 570 670 669
          665 669 671 668 669 670
          672 671 570 573 673 670
          573 574 674 673 670 673
          675 672 673 674 676 675
          574 577 677 674 577 578
          678 677 674 677 679 676
          677 678 680 679 578 581
          681 678 581 582 682 681
          678 681 683 680 681 682
          684 683 582 585 685 682
          585 586 686 685 682 685
          687 684 685 686 688 687
          586 589 689 686 589 590
          690 689 686 689 691 688
          689 690 692 691 590 593
          693 690 593 594 694 693
          690 693 695 692 693 694
          696 695 594 597 697 694
          597 598 698 697 694 697
          699 696 697 698 700 699
          598 601 701 698 601 602
          702 701 698 701 703 700
          701 702 704 703 602 605
          705 702 605 606 706 705
          702 705 707 704 705 706
          708 707 606 609 709 706
          609 610 710 709 706 709
          711 708 709 710 712 711
          610 613 713 710 613 614
          714 713 710 713 715 712
          713 714 716 715 614 617
          717 714 617 618 718 717
          714 717 719 716 717 718
          720 719 618 621 721 718
          621 622 722 721 718 721
          723 720 721 722 724 723
          622 625 725 722 625 626
          726 725 722 725 727 724
          725 726 728 727 626 629
          729 726 629 630 730 729
          726 729 731 728 729 730
          732 731 630 633 733 730
          633 634 734 733 730 733
          735 732 733 734 736 735
          634 637 737 734 637 638
          738 737 734 737 739 736
          737 738 740 739 638 641
          741 738 641 642 742 741
          738 741 743 740 741 742
          744 743 642 645 745 742
          645 646 746 745 742 745
          747 744 745 746 748 747
          646 649 749 746 649 650
          750 749 746 749 751 748
          749 750 752 751 650 653
          753 750 653 654 754 753
          750 753 755 752 753 754
          756 755 654 657 757 754
          657 658 758 757 754 757
          759 756 757 758 760 759
          658 661 761 758 661 662
          762 761 758 761 763 760
          761 762 764 763 667 666
          765 766 666 668 767 765
          766 765 768 769 765 767
          770 768 668 671 771 767
          671 672 772 771 767 771
          773 770 771 772 774 773
          672 675 775 772 675 676
          776 775 772 775 777 774
          775 776 778 777 676 679
          779 776 679 680 780 779
          776 779 781 778 779 780
          782 781 680 683 783 780
          683 684 784 783 780 783
          785 782 783 784 786 785
          684 687 787 784 687 688
          788 787 784 787 789 786
          787 788 790 789 688 691
          791 788 691 692 792 791
          788 791 793 790 791 792
          794 793 692 695 795 792
          695 696 796 795 792 795
          797 794 795 796 798 797
          696 699 799 796 699 700
          800 799 796 799 801 798
          799 800 802 801 700 703
          803 800 703 704 804 803
          800 803 805 802 803 804
          806 805 704 707 807 804
          707 708 808 807 804 807
          809 806 807 808 810 809
          708 711 811 808 711 712
          812 811 808 811 813 810
          811 812 814 813 712 715
          815 812 715 716 816 815
          812 815 817 814 815 816
          818 817 716 719 819 816
          719 720 820 819 816 819
          821 818 819 820 822 821
          720 723 823 820 723 724
          824 823 820 823 825 822
          823 824 826 825 724 727
          827 824 727 728 828 827
          824 827 829 826 827 828
          830 829 728 731 831 828
          731 732 832 831 828 831
          833 830 831 832 834 833
          732 735 835 832 735 736
          836 835 832 835 837 834
          835 836 838 837 736 739
          839 836 739 740 840 839
          836 839 841 838 839 840
          842 841 740 743 843 840
          743 744 844 843 840 843
          845 842 843 844 846 845
          744 747 847 844 747 748
          848 847 844 847 849 846
          847 848 850 849 748 751
          851 848 751 752 852 851
          848 851 853 850 851 852
          854 853 752 755 855 852
          755 756 856 855 852 855
          857 854 855 856 858 857
          756 759 859 856 759 760
          860 859 856 859 861 858
          859 860 862 861 760 763
          863 860 763 764 864 863
          860 863 865 862 863 864
          866 865 769 768 867 868
          768 770 869 867 868 867
          870 871 867 869 872 870
          770 773 873 869 773 774
          874 873 869 873 875 872
          873 874 876 875 774 777
          877 874 777 778 878 877
          874 877 879 876 877 878
          880 879 778 781 881 878
          781 782 882 881 878 881
          883 880 881 882 884 883
          782 785 885 882 785 786
          886 885 882 885 887 884
          885 886 888 887 786 789
          889 886 789 790 890 889
          886 889 891 888 889 890
          892 891 790 793 893 890
          793 794 894 893 890 893
          895 892 893 894 896 895
          794 797 897 894 797 798
          898 897 894 897 899 896
          897 898 900 899 798 801
          901 898 801 802 902 901
          898 901 903 900 901 902
          904 903 802 805 905 902
          805 806 906 905 902 905
          907 904 905 906 908 907
          806 809 909 906 809 810
          910 909 906 909 911 908
          909 910 912 911 810 813
          913 910 813 814 914 913
          910 913 915 912 913 914
          916 915 814 817 917 914
          817 818 918 917 914 917
          919 916 917 918 920 919
          818 821 921 918 821 822
          922 921 918 921 923 920
          921 922 924 923 822 825
          925 922 825 826 926 925
          922 925 927 924 925 926
          928 927 826 829 929 926
          829 830 930 929 926 929
          931 928 929 930 932 931
          830 833 933 930 833 834
          934 933 930 933 935 932
          933 934 936 935 834 837
          937 934 837 838 938 937
          934 937 939 936 937 938
          940 939 838 841 941 938
          841 842 942 941 938 941
          943 940 941 942 944 943
          842 845 945 942 845 846
          946 945 942 945 947 944
          945 946 948 947 846 849
          949 946 849 850 950 949
          946 949 951 948 949 950
          952 951 850 853 953 950
          853 854 954 953 950 953
          955 952 953 954 956 955
          854 857 957 954 857 858
          958 957 954 957 959 956
          957 958 960 959 858 861
          961 958 861 862 962 961
          958 961 963 960 961 962
          964 963 862 865 965 962
          865 866 966 965 962 965
          967 964 965 966 968 967
          871 870 969 970 870 872
          971 969 970 969 972 973
          969 971 974 972 872 875
          975 971 875 876 976 975
          971 975 977 974 975 976
          978 977 876 879 979 976
          879 880 980 979 976 979
          981 978 979 980 982 981
          880 883 983 980 883 884
          984 983 980 983 985 982
          983 984 986 985 884 887
          987 984 887 888 988 987
          984 987 989 986 987 988
          990 989 888 891 991 988
          891 892 992 991 988 991
          993 990 991 992 994 993
          892 895 995 992 895 896
          996 995 992 995 997 994
          995 996 998 997 896 899
          999 996 899 900 1000 999
          996 999 1001 998 999 1000
          1002 1001 900 903 1003 1000
          903 904 1004 1003 1000 1003
          1005 1002 1003 1004 1006 1005
          904 907 1007 1004 907 908
          1008 1007 1004 1007 1009 1006
          1007 1008 1010 1009 908 911
          1011 1008 911 912 1012 1011
          1008 1011 1013 1010 1011 1012
          1014 1013 912 915 1015 1012
          915 916 1016 1015 1012 1015
          1017 1014 1015 1016 1018 1017
          916 919 1019 1016 919 920
          1020 1019 1016 1019 1021 1018
          1019 1020 1022 1021 920 923
          1023 1020 923 924 1024 1023
          1020 1023 1025 1022 1023 1024
          1026 1025 924 927 1027 1024
          927 928 1028 1027 1024 1027
          1029 1026 1027 1028 1030 1029
          928 931 1031 1028 931 932
          1032 1031 1028 1031 1033 1030
          1031 1032 1034 1033 932 935
          1035 1032 935 936 1036 1035
          1032 1035 1037 1034 1035 1036
          1038 1037 936 939 1039 1036
          939 940 1040 1039 1036 1039
          1041 1038 1039 1040 1042 1041
          940 943 1043 1040 943 944
          1044 1043 1040 1043 1045 1042
          1043 1044 1046 1045 944 947
          1047 1044 947 948 1048 1047
          1044 1047 1049 1046 1047 1048
          1050 1049 948 951 1051 1048
          951 952 1052 1051 1048 1051
          1053 1050 1051 1052 1054 1053
          952 955 1055 1052 955 956
          1056 1055 1052 1055 1057 1054
          1055 1056 1058 1057 956 959
          1059 1056 959 960 1060 1059
          1056 1059 1061 1058 1059 1060
          1062 1061 960 963 1063 1060
          963 964 1064 1063 1060 1063
          1065 1062 1063 1064 1066 1065
          964 967 1067 1064 967 968
          1068 1067 1064 1067 1069 1066
          1067 1068 1070 1069 973 972
          1071 1072 972 974 1073 1071
          1072 1071 1074 1075 1071 1073
          1076 1074 974 977 1077 1073
          977 978 1078 1077 1073 1077
          1079 1076 1077 1078 1080 1079
          978 981 1081 1078 981 982
          1082 1081 1078 1081 1083 1080
          1081 1082 1084 1083 982 985
          1085 1082 985 986 1086 1085
          1082 1085 1087 1084 1085 1086
          1088 1087 986 989 1089 1086
          989 990 1090 1089 1086 1089
          1091 1088 1089 1090 1092 1091
          990 993 1093 1090 993 994
          1094 1093 1090 1093 1095 1092
          1093 1094 1096 1095 994 997
          1097 1094 997 998 1098 1097
          1094 1097 1099 1096 1097 1098
          1100 1099 998 1001 1101 1098
          1001 1002 1102 1101 1098 1101
          1103 1100 1101 1102 1104 1103
          1002 1005 1105 1102 1005 1006
          1106 1105 1102 1105 1107 1104
          1105 1106 1108 1107 1006 1009
          1109 1106 1009 1010 1110 1109
          1106 1109 1111 1108 1109 1110
          1112 1111 1010 1013 1113 1110
          1013 1014 1114 1113 1110 1113
          1115 1112 1113 1114 1116 1115
          1014 1017 1117 1114 1017 1018
          1118 1117 1114 1117 1119 1116
          1117 1118 1120 1119 1018 1021
          1121 1118 1021 1022 1122 1121
          1118 1121 1123 1120 1121 1122
          1124 1123 1022 1025 1125 1122
          1025 1026 1126 1125 1122 1125
          1127 1124 1125 1126 1128 1127
          1026 1029 1129 1126 1029 1030
          1130 1129 1126 1129 1131 1128
          1129 1130 1132 1131 1030 1033
          1133 1130 1033 1034 1134 1133
          1130 1133 1135 1132 1133 1134
          1136 1135 1034 1037 1137 1134
          1037 1038 1138 1137 1134 1137
          1139 1136 1137 1138 1140 1139
          1038 1041 1141 1138 1041 1042
          1142 1141 1138 1141 1143 1140
          1141 1142 1144 1143 1042 1045
          1145 1142 1045 1046 1146 1145
          1142 1145 1147 1144 1145 1146
          1148 1147 1046 1049 1149 1146
          1049 1050 1150 1149 1146 1149
          1151 1148 1149 1150 1152 1151
          1050 1053 1153 1150 1053 1054
          1154 1153 1150 1153 1155 1152
          1153 1154 1156 1155 1054 1057
          1157 1154 1057 1058 1158 1157
          1154 1157 1159 1156 1157 1158
          1160 1159 1058 1061 1161 1158
          1061 1062 1162 1161 1158 1161
          1163 1160 1161 1162 1164 1163
          1062 1065 1165 1162 1065 1066
          1166 1165 1162 1165 1167 1164
          1165 1166 1168 1167 1066 1069
          1169 1166 1069 1070 1170 1169
          1166 1169 1171 1168 1169 1170
          1172 1171 1075 1074 1173 1174
          1074 1076 1175 1173 1174 1173
          1176 1177 1173 1175 1178 1176
          1076 1079 1179 1175 1079 1080
          1180 1179 1175 1179 1181 1178
          1179 1180 1182 1181 1080 1083
          1183 1180 1083 1084 1184 1183
          1180 1183 1185 1182 1183 1184
          1186 1185 1084 1087 1187 1184
          1087 1088 1188 1187 1184 1187
          1189 1186 1187 1188 1190 1189
          1088 1091 1191 1188 1091 1092
          1192 1191 1188 1191 1193 1190
          1191 1192 1194 1193 1092 1095
          1195 1192 1095 1096 1196 1195
          1192 1195 1197 1194 1195 1196
          1198 1197 1096 1099 1199 1196
          1099 1100 1200 1199 1196 1199
          1201 1198 1199 1200 1202 1201
          1100 1103 1203 1200 1103 1104
          1204 1203 1200 1203 1205 1202
          1203 1204 1206 1205 1104 1107
          1207 1204 1107 1108 1208 1207
          1204 1207 1209 1206 1207 1208
          1210 1209 1108 1111 1211 1208
          1111 1112 1212 1211 1208 1211
          1213 1210 1211 1212 1214 1213
          1112 1115 1215 1212 1115 1116
          1216 1215 1212 1215 1217 1214
          1215 1216 1218 1217 1116 1119
          1219 1216 1119 1120 1220 1219
          1216 1219 1221 1218 1219 1220
          1222 1221 1120 1123 1223 1220
          1123 1124 1224 1223 1220 1223
          1225 1222 1223 1224 1226 1225
          1124 1127 1227 1224 1127 1128
          1228 1227 1224 1227 1229 1226
          1227 1228 1230 1229 1128 1131
          1231 1228 1131 1132 1232 1231
          1228 1231 1233 1230 1231 1232
          1234 1233 1132 1135 1235 1232
          1135 1136 1236 1235 1232 1235
          1237 1234 1235 1236 1238 1237
          1136 1139 1239 1236 1139 1140
          1240 1239 1236 1239 1241 1238
          1239 1240 1242 1241 1140 1143
          1243 1240 1143 1144 1244 1243
          1240 1243 1245 1242 1243 1244
          1246 1245 1144 1147 1247 1244
          1147 1148 1248 1247 1244 1247
          1249 1246 1247 1248 1250 1249
          1148 1151 1251 1248 1151 1152
          1252 1251 1248 1251 1253 1250
          1251 1252 1254 1253 1152 1155
          1255 1252 1155 1156 1256 1255
          1252 1255 1257 1254 1255 1256
          1258 1257 1156 1159 1259 1256
          1159 1160 1260 1259 1256 1259
          1261 1258 1259 1260 1262 1261
          1160 1163 1263 1260 1163 1164
          1264 1263 1260 1263 1265 1262
          1263 1264 1266 1265 1164 1167
          1267 1264 1167 1168 1268 1267
          1264 1267 1269 1266 1267 1268
          1270 1269 1168 1171 1271 1268
          1171 1172 1272 1271 1268 1271
          1273 1270 1271 1272 1274 1273
          1218 1221 1275 1276 1221 1222
          1277 1275 1276 1275 1278 1279
          1275 1277 1280 1278 1222 1225
          1281 1277 1225 1226 1282 1281
          1277 1281 1283 1280 1281 1282
          1284 1283 1226 1229 1285 1282
          1229 1230 1286 1285 1282 1285
          1287 1284 1285 1286 1288 1287
          1230 1233 1289 1286 1233 1234
          1290 1289 1286 1289 1291 1288
          1289 1290 1292 1291 1234 1237
          1293 1290 1237 1238 1294 1293
          1290 1293 1295 1292 1293 1294
          1296 1295 1238 1241 1297 1294
          1241 1242 1298 1297 1294 1297
          1299 1296 1297 1298 1300 1299
          1242 1245 1301 1298 1245 1246
          1302 1301 1298 1301 1303 1300
          1301 1302 1304 1303 1246 1249
          1305 1302 1249 1250 1306 1305
          1302 1305 1307 1304 1305 1306
          1308 1307 1250 1253 1309 1306
          1253 1254 1310 1309 1306 1309
          1311 1308 1309 1310 1312 1311
          1254 1257 1313 1310 1257 1258
          1314 1313 1310 1313 1315 1312
          1313 1314 1316 1315 1258 1261
          1317 1314 1261 1262 1318 1317
          1314 1317 1319 1316 1317 1318
          1320 1319 1262 1265 1321 1318
          1265 1266 1322 1321 1318 1321
          1323 1320 1321 1322 1324 1323
          1266 1269 1325 1322 1269 1270
          1326 1325 1322 1325 1327 1324
          1325 1326 1328 1327 1270 1273
          1329 1326 1273 1274 1330 1329
          1326 1329 1331 1328 1329 1330
          1332 1331 1333 1334 1335 1336
          1334 1337 1338 1335 1336 1335
          1339 1340 1335 1338 1341 1339
          1337 1342 1343 1338 1342 1344
          1345 1343 1338 1343 1346 1341
          1343 1345 1347 1346 1344 1348
          1349 1345 1348 1350 1351 1349
          1345 1349 1352 1347 1349 1351
          1353 1352 1350 1354 1355 1351
          1354 1356 1357 1355 1351 1355
          1358 1353 1355 1357 1359 1358
          1356 1360 1361 1357 1360 1362
          1363 1361 1357 1361 1364 1359
          1361 1363 1365 1364 1362 1366
          1367 1363 1366 1368 1369 1367
          1363 1367 1370 1365 1367 1369
          1371 1370 1368 1372 1373 1369
          1372 1374 1375 1373 1369 1373
          1376 1371 1373 1375 1377 1376
          1374 1378 1379 1375 1378 1380
          1381 1379 1375 1379 1382 1377
          1379 1381 1383 1382 1380 1384
          1385 1381 1384 1386 1387 1385
          1381 1385 1388 1383 1385 1387
          1389 1388 1386 1390 1391 1387
          1390 1392 1393 1391 1387 1391
          1394 1389 1391 1393 1395 1394
          1392 1396 1397 1393 1396 1279
          1398 1397 1393 1397 1399 1395
          1397 1398 1400 1399 1279 1278
          1401 1398 1278 1280 1402 1401
          1398 1401 1403 1400 1401 1402
          1404 1403 1280 1283 1405 1402
          1283 1284 1406 1405 1402 1405
          1407 1404 1405 1406 1408 1407
          1284 1287 1409 1406 1287 1288
          1410 1409 1406 1409 1411 1408
          1409 1410 1412 1411 1288 1291
          1413 1410 1291 1292 1414 1413
          1410 1413 1415 1412 1413 1414
          1416 1415 1292 1295 1417 1414
          1295 1296 1418 1417 1414 1417
          1419 1416 1417 1418 1420 1419
          1296 1299 1421 1418 1299 1300
          1422 1421 1418 1421 1423 1420
          1421 1422 1424 1423 1300 1303
          1425 1422 1303 1304 1426 1425
          1422 1425 1427 1424 1425 1426
          1428 1427 1304 1307 1429 1426
          1307 1308 1430 1429 1426 1429
          1431 1428 1429 1430 1432 1431
          1308 1311 1433 1430 1311 1312
          1434 1433 1430 1433 1435 1432
          1433 1434 1436 1435 1312 1315
          1437 1434 1315 1316 1438 1437
          1434 1437 1439 1436 1437 1438
          1440 1439 1316 1319 1441 1438
          1319 1320 1442 1441 1438 1441
          1443 1440 1441 1442 1444 1443
          1320 1323 1445 1442 1323 1324
          1446 1445 1442 1445 1447 1444
          1445 1446 1448 1447 1324 1327
          1449 1446 1327 1328 1450 1449
          1446 1449 1451 1448 1449 1450
          1452 1451 1328 1331 1453 1450
          1331 1332 1454 1453 1450 1453
          1455 1452 1453 1454 1456 1455
          1340 1339 1457 1458 1339 1341
          1459 1457 1458 1457 1460 1461
          1457 1459 1462 1460 1341 1346
          1463 1459 1346 1347 1464 1463
          1459 1463 1465 1462 1463 1464
          1466 1465 1347 1352 1467 1464
          1352 1353 1468 1467 1464 1467
          1469 1466 1467 1468 1470 1469
          1353 1358 1471 1468 1358 1359
          1472 1471 1468 1471 1473 1470
          1471 1472 1474 1473 1359 1364
          1475 1472 1364 1365 1476 1475
          1472 1475 1477 1474 1475 1476
          1478 1477 1365 1370 1479 1476
          1370 1371 1480 1479 1476 1479
          1481 1478 1479 1480 1482 1481
          1371 1376 1483 1480 1376 1377
          1484 1483 1480 1483 1485 1482
          1483 1484 1486 1485 1377 1382
          1487 1484 1382 1383 1488 1487
          1484 1487 1489 1486 1487 1488
          1490 1489 1383 1388 1491 1488
          1388 1389 1492 1491 1488 1491
          1493 1490 1491 1492 1494 1493
          1389 1394 1495 1492 1394 1395
          1496 1495 1492 1495 1497 1494
          1495 1496 1498 1497 1395 1399
          1499 1496 1399 1400 1500 1499
          1496 1499 1501 1498 1499 1500
          1502 1501 1400 1403 1503 1500
          1403 1404 1504 1503 1500 1503
          1505 1502 1503 1504 1506 1505
          1404 1407 1507 1504 1407 1408
          1508 1507 1504 1507 1509 1506
          1507 1508 1510 1509 1408 1411
          1511 1508 1411 1412 1512 1511
          1508 1511 1513 1510 1511 1512
          1514 1513 1412 1415 1515 1512
          1415 1416 1516 1515 1512 1515
          1517 1514 1515 1516 1518 1517
          1416 1419 1519 1516 1419 1420
          1520 1519 1516 1519 1521 1518
          1519 1520 1522 1521 1420 1423
          1523 1520 1423 1424 1524 1523
          1520 1523 1525 1522 1523 1524
          1526 1525 1424 1427 1527 1524
          1427 1428 1528 1527 1524 1527
          1529 1526 1527 1528 1530 1529
          1428 1431 1531 1528 1431 1432
          1532 1531 1528 1531 1533 1530
          1531 1532 1534 1533 1432 1435
          1535 1532 1435 1436 1536 1535
          1532 1535 1537 1534 1535 1536
          1538 1537 1436 1439 1539 1536
          1439 1440 1540 1539 1536 1539
          1541 1538 1539 1540 1542 1541
          1440 1443 1543 1540 1443 1444
          1544 1543 1540 1543 1545 1542
          1543 1544 1546 1545 1444 1447
          1547 1544 1447 1448 1548 1547
          1544 1547 1549 1546 1547 1548
          1550 1549 1448 1451 1551 1548
          1451 1452 1552 1551 1548 1551
          1553 1550 1551 1552 1554 1553
          1452 1455 1555 1552 1455 1456
          1556 1555 1552 1555 1557 1554
          1555 1556 1558 1557 1461 1460
          1559 1560 1460 1462 1561 1559
          1560 1559 1562 1563 1559 1561
          1564 1562 1462 1465 1565 1561
          1465 1466 1566 1565 1561 1565
          1567 1564 1565 1566 1568 1567
          1466 1469 1569 1566 1469 1470
          1570 1569 1566 1569 1571 1568
          1569 1570 1572 1571 1470 1473
          1573 1570 1473 1474 1574 1573
          1570 1573 1575 1572 1573 1574
          1576 1575 1474 1477 1577 1574
          1477 1478 1578 1577 1574 1577
          1579 1576 1577 1578 1580 1579
          1478 1481 1581 1578 1481 1482
          1582 1581 1578 1581 1583 1580
          1581 1582 1584 1583 1482 1485
          1585 1582 1485 1486 1586 1585
          1582 1585 1587 1584 1585 1586
          1588 1587 1486 1489 1589 1586
          1489 1490 1590 1589 1586 1589
          1591 1588 1589 1590 1592 1591
          1490 1493 1593 1590 1493 1494
          1594 1593 1590 1593 1595 1592
          1593 1594 1596 1595 1494 1497
          1597 1594 1497 1498 1598 1597
          1594 1597 1599 1596 1597 1598
          1600 1599 1498 1501 1601 1598
          1501 1502 1602 1601 1598 1601
          1603 1600 1601 1602 1604 1603
          1502 1505 1605 1602 1505 1506
          1606 1605 1602 1605 1607 1604
          1605 1606 1608 1607 1506 1509
          1609 1606 1509 1510 1610 1609
          1606 1609 1611 1608 1609 1610
          1612 1611 1510 1513 1613 1610
          1513 1514 1614 1613 1610 1613
          1615 1612 1613 1614 1616 1615
          1514 1517 1617 1614 1517 1518
          1618 1617 1614 1617 1619 1616
          1617 1618 1620 1619 1518 1521
          1621 1618 1521 1522 1622 1621
          1618 1621 1623 1620 1621 1622
          1624 1623 1522 1525 1625 1622
          1525 1526 1626 1625 1622 1625
          1627 1624 1625 1626 1628 1627
          1526 1529 1629 1626 1529 1530
          1630 1629 1626 1629 1631 1628
          1629 1630 1632 1631 1530 1533
          1633 1630 1533 1534 1634 1633
          1630 1633 1635 1632 1633 1634
          1636 1635 1534 1537 1637 1634
          1537 1538 1638 1637 1634 1637
          1639 1636 1637 1638 1640 1639
          1538 1541 1641 1638 1541 1542
          1642 1641 1638 1641 1643 1640
          1641 1642 1644 1643 1542 1545
          1645 1642 1545 1546 1646 1645
          1642 1645 1647 1644 1645 1646
          1648 1647 1546 1549 1649 1646
          1549 1550 1650 1649 1646 1649
          1651 1648 1649 1650 1652 1651
          1550 1553 1653 1650 1553 1554
          1654 1653 1650 1653 1655 1652
          1653 1654 1656 1655 1554 1557
          1657 1654 1557 1558 1658 1657
          1654 1657 1659 1656 1657 1658
          1660 1659 1563 1562 1661 1662
          1562 1564 1663 1661 1662 1661
          1664 1665 1661 1663 1666 1664
          1564 1567 1667 1663 1567 1568
          1668 1667 1663 1667 1669 1666
          1667 1668 1670 1669 1568 1571
          1671 1668 1571 1572 1672 1671
          1668 1671 1673 1670 1671 1672
          1674 1673 1572 1575 1675 1672
          1575 1576 1676 1675 1672 1675
          1677 1674 1675 1676 1678 1677
          1576 1579 1679 1676 1579 1580
          1680 1679 1676 1679 1681 1678
          1679 1680 1682 1681 1580 1583
          1683 1680 1583 1584 1684 1683
          1680 1683 1685 1682 1683 1684
          1686 1685 1584 1587 1687 1684
          1587 1588 1688 1687 1684 1687
          1689 1686 1687 1688 1690 1689
          1588 1591 1691 1688 1591 1592
          1692 1691 1688 1691 1693 1690
          1691 1692 1694 1693 1592 1595
          1695 1692 1595 1596 1696 1695
          1692 1695 1697 1694 1695 1696
          1698 1697 1596 1599 1699 1696
          1599 1600 1700 1699 1696 1699
          1701 1698 1699 1700 1702 1701
          1600 1603 1703 1700 1603 1604
          1704 1703 1700 1703 1705 1702
          1703 1704 1706 1705 1604 1607
          1707 1704 1607 1608 1708 1707
          1704 1707 1709 1706 1707 1708
          1710 1709 1608 1611 1711 1708
          1611 1612 1712 1711 1708 1711
          1713 1710 1711 1712 1714 1713
          1612 1615 1715 1712 1615 1616
          1716 1715 1712 1715 1717 1714
          1715 1716 1718 1717 1616 1619
          1719 1716 1619 1620 1720 1719
          1716 1719 1721 1718 1719 1720
          1722 1721 1620 1623 1723 1720
          1623 1624 1724 1723 1720 1723
          1725 1722 1723 1724 1726 1725
          1624 1627 1727 1724 1627 1628
          1728 1727 1724 1727 1729 1726
          1727 1728 1730 1729 1628 1631
          1731 1728 1631 1632 1732 1731
          1728 1731 1733 1730 1731 1732
          1734 1733 1632 1635 1735 1732
          1635 1636 1736 1735 1732 1735
          1737 1734 1735 1736 1738 1737
          1636 1639 1739 1736 1639 1640
          1740 1739 1736 1739 1741 1738
          1739 1740 1742 1741 1640 1643
          1743 1740 1643 1644 1744 1743
          1740 1743 1745 1742 1743 1744
          1746 1745 1644 1647 1747 1744
          1647 1648 1748 1747 1744 1747
          1749 1746 1747 1748 1750 1749
          1648 1651 1751 1748 1651 1652
          1752 1751 1748 1751 1753 1750
          1751 1752 1754 1753 1652 1655
          1755 1752 1655 1656 1756 1755
          1752 1755 1757 1754 1755 1756
          1758 1757 1656 1659 1759 1756
          1659 1660 1760 1759 1756 1759
          1761 1758 1759 1760 1762 1761
          1665 1664 1763 1764 1664 1666
          1765 1763 1764 1763 1766 1767
          1763 1765 1768 1766 1666 1669
          1769 1765 1669 1670 1770 1769
          1765 1769 1771 1768 1769 1770
          1772 1771 1670 1673 1773 1770
          1673 1674 1774 1773 1770 1773
          1775 1772 1773 1774 1776 1775
          1674 1677 1777 1774 1677 1678
          1778 1777 1774 1777 1779 1776
          1777 1778 1780 1779 1678 1681
          1781 1778 1681 1682 1782 1781
          1778 1781 1783 1780 1781 1782
          1784 1783 1682 1685 1785 1782
          1685 1686 1786 1785 1782 1785
          1787 1784 1785 1786 1788 1787
          1686 1689 1789 1786 1689 1690
          1790 1789 1786 1789 1791 1788
          1789 1790 1792 1791 1690 1693
          1793 1790 1693 1694 1794 1793
          1790 1793 1795 1792 1793 1794
          1796 1795 1694 1697 1797 1794
          1697 1698 1798 1797 1794 1797
          1799 1796 1797 1798 1800 1799
          1698 1701 1801 1798 1701 1702
          1802 1801 1798 1801 1803 1800
          1801 1802 1804 1803 1702 1705
          1805 1802 1705 1706 1806 1805
          1802 1805 1807 1804 1805 1806
          1808 1807 1706 1709 1809 1806
          1709 1710 1810 1809 1806 1809
          1811 1808 1809 1810 1812 1811
          1710 1713 1813 1810 1713 1714
          1814 1813 1810 1813 1815 1812
          1813 1814 1816 1815 1714 1717
          1817 1814 1717 1718 1818 1817
          1814 1817 1819 1816 1817 1818
          1820 1819 1718 1721 1821 1818
          1721 1722 1822 1821 1818 1821
          1823 1820 1821 1822 1824 1823
          1722 1725 1825 1822 1725 1726
          1826 1825 1822 1825 1827 1824
          1825 1826 1828 1827 1726 1729
          1829 1826 1729 1730 1830 1829
          1826 1829 1831 1828 1829 1830
          1832 1831 1730 1733 1833 1830
          1733 1734 1834 1833 1830 1833
          1835 1832 1833 1834 1836 1835
          1734 1737 1837 1834 1737 1738
          1838 1837 1834 1837 1839 1836
          1837 1838 1840 1839 1738 1741
          1841 1838 1741 1742 1842 1841
          1838 1841 1843 1840 1841 1842
          1844 1843 1742 1745 1845 1842
          1745 1746 1846 1845 1842 1845
          1847 1844 1845 1846 1848 1847
          1746 1749 1849 1846 1749 1750
          1850 1849 1846 1849 1851 1848
          1849 1850 1852 1851 1750 1753
          1853 1850 1753 1754 1854 1853
          1850 1853 1855 1852 1853 1854
          1856 1855 1754 1757 1857 1854
          1757 1758 1858 1857 1854 1857
          1859 1856 1857 1858 1860 1859
          1758 1761 1861 1858 1761 1762
          1862 1861 1858 1861 1863 1860
          1861 1862 1864 1863 1767 1766
          1865 1866 1766 1768 1867 1865
          1866 1865 1868 1869 1865 1867
          1870 1868 1768 1771 1871 1867
          1771 1772 1872 1871 1867 1871
          1873 1870 1871 1872 1874 1873
          1772 1775 1875 1872 1775 1776
          1876 1875 1872 1875 1877 1874
          1875 1876 1878 1877 1776 1779
          1879 1876 1779 1780 1880 1879
          1876 1879 1881 1878 1879 1880
          1882 1881 1780 1783 1883 1880
          1783 1784 1884 1883 1880 1883
          1885 1882 1883 1884 1886 1885
          1784 1787 1887 1884 1787 1788
          1888 1887 1884 1887 1889 1886
          1887 1888 1890 1889 1788 1791
          1891 1888 1791 1792 1892 1891
          1888 1891 1893 1890 1891 1892
          1894 1893 1792 1795 1895 1892
          1795 1796 1896 1895 1892 1895
          1897 1894 1895 1896 1898 1897
          1796 1799 1899 1896 1799 1800
          1900 1899 1896 1899 1901 1898
          1899 1900 1902 1901 1800 1803
          1903 1900 1803 1804 1904 1903
          1900 1903 1905 1902 1903 1904
          1906 1905 1804 1807 1907 1904
          1807 1808 1908 1907 1904 1907
          1909 1906 1907 1908 1910 1909
          1808 1811 1911 1908 1811 1812
          1912 1911 1908 1911 1913 1910
          1911 1912 1914 1913 1812 1815
          1915 1912 1815 1816 1916 1915
          1912 1915 1917 1914 1915 1916
          1918 1917 1816 1819 1919 1916
          1819 1820 1920 1919 1916 1919
          1921 1918 1919 1920 1922 1921
          1820 1823 1923 1920 1823 1824
          1924 1923 1920 1923 1925 1922
          1923 1924 1926 1925 1824 1827
          1927 1924 1827 1828 1928 1927
          1924 1927 1929 1926 1927 1928
          1930 1929 1828 1831 1931 1928
          1831 1832 1932 1931 1928 1931
          1933 1930 1931 1932 1934 1933
          1832 1835 1935 1932 1835 1836
          1936 1935 1932 1935 1937 1934
          1935 1936 1938 1937 1836 1839
          1939 1936 1839 1840 1940 1939
          1936 1939 1941 1938 1939 1940
          1942 1941 1840 1843 1943 1940
          1843 1844 1944 1943 1940 1943
          1945 1942 1943 1944 1946 1945
          1844 1847 1947 1944 1847 1848
          1948 1947 1944 1947 1949 1946
          1947 1948 1950 1949 1848 1851
          1951 1948 1851 1852 1952 1951
          1948 1951 1953 1950 1951 1952
          1954 1953 1852 1855 1955 1952
          1855 1856 1956 1955 1952 1955
          1957 1954 1955 1956 1958 1957
          1856 1859 1959 1956 1859 1860
          1960 1959 1956 1959 1961 1958
          1959 1960 1962 1961 1860 1863
          1963 1960 1863 1864 1964 1963
          1960 1963 1965 1962 1963 1964
          1966 1965 1869 1868 1967 1968
          1868 1870 1969 1967 1968 1967
          1970 1971 1967 1969 1972 1970
          1870 1873 1973 1969 1873 1874
          1974 1973 1969 1973 1975 1972
          1973 1974 1976 1975 1874 1877
          1977 1974 1877 1878 1978 1977
          1974 1977 1979 1976 1977 1978
          1980 1979 1878 1881 1981 1978
          1881 1882 1982 1981 1978 1981
          1983 1980 1981 1982 1984 1983
          1882 1885 1985 1982 1885 1886
          1986 1985 1982 1985 1987 1984
          1985 1986 1988 1987 1886 1889
          1989 1986 1889 1890 1990 1989
          1986 1989 1991 1988 1989 1990
          1992 1991 1890 1893 1993 1990
          1893 1894 1994 1993 1990 1993
          1995 1992 1993 1994 1996 1995
          1894 1897 1997 1994 1897 1898
          1998 1997 1994 1997 1999 1996
          1997 1998 2000 1999 1898 1901
          2001 1998 1901 1902 2002 2001
          1998 2001 2003 2000 2001 2002
          2004 2003 1902 1905 2005 2002
          1905 1906 2006 2005 2002 2005
          2007 2004 2005 2006 2008 2007
          1906 1909 2009 2006 1909 1910
          2010 2009 2006 2009 2011 2008
          2009 2010 2012 2011 1910 1913
          2013 2010 1913 1914 2014 2013
          2010 2013 2015 2012 2013 2014
          2016 2015 1914 1917 2017 2014
          1917 1918 2018 2017 2014 2017
          2019 2016 2017 2018 2020 2019
          1918 1921 2021 2018 1921 1922
          2022 2021 2018 2021 2023 2020
          2021 2022 2024 2023 1922 1925
          2025 2022 1925 1926 2026 2025
          2022 2025 2027 2024 2025 2026
          2028 2027 1926 1929 2029 2026
          1929 1930 2030 2029 2026 2029
          2031 2028 2029 2030 2032 2031
          1930 1933 2033 2030 1933 1934
          2034 2033 2030 2033 2035 2032
          2033 2034 2036 2035 1934 1937
          2037 2034 1937 1938 2038 2037
          2034 2037 2039 2036 2037 2038
          2040 2039 1938 1941 2041 2038
          1941 1942 2042 2041 2038 2041
          2043 2040 2041 2042 2044 2043
          1942 1945 2045 2042 1945 1946
          2046 2045 2042 2045 2047 2044
          2045 2046 2048 2047 1946 1949
          2049 2046 1949 1950 2050 2049
          2046 2049 2051 2048 2049 2050
          2052 2051 1950 1953 2053 2050
          1953 1954 2054 2053 2050 2053
          2055 2052 2053 2054 2056 2055
          1954 1957 2057 2054 1957 1958
          2058 2057 2054 2057 2059 2056
          2057 2058 2060 2059 1958 1961
          2061 2058 1961 1962 2062 2061
          2058 2061 2063 2060 2061 2062
          2064 2063 1962 1965 2065 2062
          1965 1966 2066 2065 2062 2065
          2067 2064 2065 2066 2068 2067
          1971 1970 2069 2070 1970 1972
          2071 2069 2070 2069 2072 2073
          2069 2071 2074 2072 1972 1975
          2075 2071 1975 1976 2076 2075
          2071 2075 2077 2074 2075 2076
          2078 2077 1976 1979 2079 2076
          1979 1980 2080 2079 2076 2079
          2081 2078 2079 2080 2082 2081
          1980 1983 2083 2080 1983 1984
          2084 2083 2080 2083 2085 2082
          2083 2084 2086 2085 1984 1987
          2087 2084 1987 1988 2088 2087
          2084 2087 2089 2086 2087 2088
          2090 2089 1988 1991 2091 2088
          1991 1992 2092 2091 2088 2091
          2093 2090 2091 2092 2094 2093
          1992 1995 2095 2092 1995 1996
          2096 2095 2092 2095 2097 2094
          2095 2096 2098 2097 1996 1999
          2099 2096 1999 2000 2100 2099
          2096 2099 2101 2098 2099 2100
          2102 2101 2000 2003 2103 2100
          2003 2004 2104 2103 2100 2103
          2105 2102 2103 2104 2106 2105
          2004 2007 2107 2104 2007 2008
          2108 2107 2104 2107 2109 2106
          2107 2108 2110 2109 2008 2011
          2111 2108 2011 2012 2112 2111
          2108 2111 2113 2110 2111 2112
          2114 2113 2012 2015 2115 2112
          2015 2016 2116 2115 2112 2115
          2117 2114 2115 2116 2118 2117
          2016 2019 2119 2116 2019 2020
          2120 2119 2116 2119 2121 2118
          2119 2120 2122 2121 2020 2023
          2123 2120 2023 2024 2124 2123
          2120 2123 2125 2122 2123 2124
          2126 2125 2024 2027 2127 2124
          2027 2028 2128 2127 2124 2127
          2129 2126 2127 2128 2130 2129
          2028 2031 2131 2128 2031 2032
          2132 2131 2128 2131 2133 2130
          2131 2132 2134 2133 2032 2035
          2135 2132 2035 2036 2136 2135
          2132 2135 2137 2134 2135 2136
          2138 2137 2036 2039 2139 2136
          2039 2040 2140 2139 2136 2139
          2141 2138 2139 2140 2142 2141
          2040 2043 2143 2140 2043 2044
          2144 2143 2140 2143 2145 2142
          2143 2144 2146 2145 2044 2047
          2147 2144 2047 2048 2148 2147
          2144 2147 2149 2146 2147 2148
          2150 2149 2048 2051 2151 2148
          2051 2052 2152 2151 2148 2151
          2153 2150 2151 2152 2154 2153
          2052 2055 2155 2152 2055 2056
          2156 2155 2152 2155 2157 2154
          2155 2156 2158 2157 2056 2059
          2159 2156 2059 2060 2160 2159
          2156 2159 2161 2158 2159 2160
          2162 2161 2060 2063 2163 2160
          2063 2064 2164 2163 2160 2163
          2165 2162 2163 2164 2166 2165
          2064 2067 2167 2164 2067 2068
          2168 2167 2164 2167 2169 2166
          2167 2168 2170 2169 2073 2072
          2171 2172 2072 2074 2173 2171
          2172 2171 2174 2175 2171 2173
          2176 2174 2074 2077 2177 2173
          2077 2078 2178 2177 2173 2177
          2179 2176 2177 2178 2180 2179
          2078 2081 2181 2178 2081 2082
          2182 2181 2178 2181 2183 2180
          2181 2182 2184 2183 2082 2085
          2185 2182 2085 2086 2186 2185
          2182 2185 2187 2184 2185 2186
          2188 2187 2086 2089 2189 2186
          2089 2090 2190 2189 2186 2189
          2191 2188 2189 2190 2192 2191
          2090 2093 2193 2190 2093 2094
          2194 2193 2190 2193 2195 2192
          2193 2194 2196 2195 2094 2097
          2197 2194 2097 2098 2198 2197
          2194 2197 2199 2196 2197 2198
          2200 2199 2098 2101 2201 2198
          2101 2102 2202 2201 2198 2201
          2203 2200 2201 2202 2204 2203
          2102 2105 2205 2202 2105 2106
          2206 2205 2202 2205 2207 2204
          2205 2206 2208 2207 2106 2109
          2209 2206 2109 2110 2210 2209
          2206 2209 2211 2208 2209 2210
          2212 2211 2110 2113 2213 2210
          2113 2114 2214 2213 2210 2213
          2215 2212 2213 2214 2216 2215
          2114 2117 2217 2214 2117 2118
          2218 2217 2214 2217 2219 2216
          2217 2218 2220 2219 2118 2121
          2221 2218 2121 2122 2222 2221
          2218 2221 2223 2220 2221 2222
          2224 2223 2122 2125 2225 2222
          2125 2126 2226 2225 2222 2225
          2227 2224 2225 2226 2228 2227
          2126 2129 2229 2226 2129 2130
          2230 2229 2226 2229 2231 2228
          2229 2230 2232 2231 2130 2133
          2233 2230 2133 2134 2234 2233
          2230 2233 2235 2232 2233 2234
          2236 2235 2134 2137 2237 2234
          2137 2138 2238 2237 2234 2237
          2239 2236 2237 2238 2240 2239
          2138 2141 2241 2238 2141 2142
          2242 2241 2238 2241 2243 2240
          2241 2242 2244 2243 2142 2145
          2245 2242 2145 2146 2246 2245
          2242 2245 2247 2244 2245 2246
          2248 2247 2146 2149 2249 2246
          2149 2150 2250 2249 2246 2249
          2251 2248 2249 2250 2252 2251
          2150 2153 2253 2250 2153 2154
          2254 2253 2250 2253 2255 2252
          2253 2254 2256 2255 2154 2157
          2257 2254 2157 2158 2258 2257
          2254 2257 2259 2256 2257 2258
          2260 2259 2158 2161 2261 2258
          2161 2162 2262 2261 2258 2261
          2263 2260 2261 2262 2264 2263
          2162 2165 2265 2262 2165 2166
          2266 2265 2262 2265 2267 2264
          2265 2266 2268 2267 2166 2169
          2269 2266 2169 2170 2270 2269
          2266 2269 2271 2268 2269 2270
          2272 2271 2175 2174 2273 2274
          2174 2176 2275 2273 2274 2273
          2276 2277 2273 2275 2278 2276
          2176 2179 2279 2275 2179 2180
          2280 2279 2275 2279 2281 2278
          2279 2280 2282 2281 2180 2183
          2283 2280 2183 2184 2284 2283
          2280 2283 2285 2282 2283 2284
          2286 2285 2184 2187 2287 2284
          2187 2188 2288 2287 2284 2287
          2289 2286 2287 2288 2290 2289
          2188 2191 2291 2288 2191 2192
          2292 2291 2288 2291 2293 2290
          2291 2292 2294 2293 2192 2195
          2295 2292 2195 2196 2296 2295
          2292 2295 2297 2294 2295 2296
          2298 2297 2196 2199 2299 2296
          2199 2200 2300 2299 2296 2299
          2301 2298 2299 2300 2302 2301
          2200 2203 2303 2300 2203 2204
          2304 2303 2300 2303 2305 2302
          2303 2304 2306 2305 2204 2207
          2307 2304 2207 2208 2308 2307
          2304 2307 2309 2306 2307 2308
          2310 2309 2208 2211 2311 2308
          2211 2212 2312 2311 2308 2311
          2313 2310 2311 2312 2314 2313
          2212 2215 2315 2312 2215 2216
          2316 2315 2312 2315 2317 2314
          2315 2316 2318 2317 2216 2219
          2319 2316 2219 2220 2320 2319
          2316 2319 2321 2318 2319 2320
          2322 2321 2220 2223 2323 2320
          2223 2224 2324 2323 2320 2323
          2325 2322 2323 2324 2326 2325
          2224 2227 2327 2324 2227 2228
          2328 2327 2324 2327 2329 2326
          2327 2328 2330 2329 2228 2231
          2331 2328 2231 2232 2332 2331
          2328 2331 2333 2330 2331 2332
          2334 2333 2232 2235 2335 2332
          2235 2236 2336 2335 2332 2335
          2337 2334 2335 2336 2338 2337
          2236 2239 2339 2336 2239 2240
          2340 2339 2336 2339 2341 2338
          2339 2340 2342 2341 2240 2243
          2343 2340 2243 2244 2344 2343
          2340 2343 2345 2342 2343 2344
          2346 2345 2244 2247 2347 2344
          2247 2248 2348 2347 2344 2347
          2349 2346 2347 2348 2350 2349
          2248 2251 2351 2348 2251 2252
          2352 2351 2348 2351 2353 2350
          2351 2352 2354 2353 2252 2255
          2355 2352 2255 2256 2356 2355
          2352 2355 2357 2354 2355 2356
          2358 2357 2256 2259 2359 2356
          2259 2260 2360 2359 2356 2359
          2361 2358 2359 2360 2362 2361
          2260 2263 2363 2360 2263 2264
          2364 2363 2360 2363 2365 2362
          2363 2364 2366 2365 2264 2267
          2367 2364 2267 2268 2368 2367
          2364 2367 2369 2366 2367 2368
          2370 2369 2268 2271 2371 2368
          2271 2272 2372 2371 2368 2371
          2373 2370 2371 2372 2374 2373
          2277 2276 2375 2376 2276 2278
          2377 2375 2376 2375 2378 2379
          2375 2377 2380 2378 2278 2281
          2381 2377 2281 2282 2382 2381
          2377 2381 2383 2380 2381 2382
          2384 2383 2282 2285 2385 2382
          2285 2286 2386 2385 2382 2385
          2387 2384 2385 2386 2388 2387
          2286 2289 2389 2386 2289 2290
          2390 2389 2386 2389 2391 2388
          2389 2390 2392 2391 2290 2293
          2393 2390 2293 2294 2394 2393
          2390 2393 2395 2392 2393 2394
          2396 2395 2294 2297 2397 2394
          2297 2298 2398 2397 2394 2397
          2399 2396 2397 2398 2400 2399
          2298 2301 2401 2398 2301 2302
          2402 2401 2398 2401 2403 2400
          2401 2402 2404 2403 2302 2305
          2405 2402 2305 2306 2406 2405
          2402 2405 2407 2404 2405 2406
          2408 2407 2306 2309 2409 2406
          2309 2310 2410 2409 2406 2409
          2411 2408 2409 2410 2412 2411
          2310 2313 2413 2410 2313 2314
          2414 2413 2410 2413 2415 2412
          2413 2414 2416 2415 2314 2317
          2417 2414 2317 2318 2418 2417
          2414 2417 2419 2416 2417 2418
          2420 2419 2318 2321 2421 2418
          2321 2322 2422 2421 2418 2421
          2423 2420 2421 2422 2424 2423
          2322 2325 2425 2422 2325 2326
          2426 2425 2422 2425 2427 2424
          2425 2426 2428 2427 2326 2329
          2429 2426 2329 2330 2430 2429
          2426 2429 2431 2428 2429 2430
          2432 2431 2330 2333 2433 2430
          2333 2334 2434 2433 2430 2433
          2435 2432 2433 2434 2436 2435
          2334 2337 2437 2434 2337 2338
          2438 2437 2434 2437 2439 2436
          2437 2438 2440 2439 2338 2341
          2441 2438 2341 2342 2442 2441
          2438 2441 2443 2440 2441 2442
          2444 2443 2342 2345 2445 2442
          2345 2346 2446 2445 2442 2445
          2447 2444 2445 2446 2448 2447
          2346 2349 2449 2446 2349 2350
          2450 2449 2446 2449 2451 2448
          2449 2450 2452 2451 2350 2353
          2453 2450 2353 2354 2454 2453
          2450 2453 2455 2452 2453 2454
          2456 2455 2354 2357 2457 2454
          2357 2358 2458 2457 2454 2457
          2459 2456 2457 2458 2460 2459
          2358 2361 2461 2458 2361 2362
          2462 2461 2458 2461 2463 2460
          2461 2462 2464 2463 2362 2365
          2465 2462 2365 2366 2466 2465
          2462 2465 2467 2464 2465 2466
          2468 2467 2366 2369 2469 2466
          2369 2370 2470 2469 2466 2469
          2471 2468 2469 2470 2472 2471
          2370 2373 2473 2470 2373 2374
          2474 2473 2470 2473 2475 2472
          2473 2474 2476 2475 2379 2378
          2477 2478 2378 2380 2479 2477
          2478 2477 2480 2481 2477 2479
          2482 2480 2380 2383 2483 2479
          2383 2384 2484 2483 2479 2483
          2485 2482 2483 2484 2486 2485
          2384 2387 2487 2484 2387 2388
          2488 2487 2484 2487 2489 2486
          2487 2488 2490 2489 2388 2391
          2491 2488 2391 2392 2492 2491
          2488 2491 2493 2490 2491 2492
          2494 2493 2392 2395 2495 2492
          2395 2396 2496 2495 2492 2495
          2497 2494 2495 2496 2498 2497
          2396 2399 2499 2496 2399 2400
          2500 2499 2496 2499 2501 2498
          2499 2500 2502 2501 2400 2403
          2503 2500 2403 2404 2504 2503
          2500 2503 2505 2502 2503 2504
          2506 2505 2404 2407 2507 2504
          2407 2408 2508 2507 2504 2507
          2509 2506 2507 2508 2510 2509
          2408 2411 2511 2508 2411 2412
          2512 2511 2508 2511 2513 2510
          2511 2512 2514 2513 2412 2415
          2515 2512 2415 2416 2516 2515
          2512 2515 2517 2514 2515 2516
          2518 2517 2416 2419 2519 2516
          2419 2420 2520 2519 2516 2519
          2521 2518 2519 2520 2522 2521
          2420 2423 2523 2520 2423 2424
          2524 2523 2520 2523 2525 2522
          2523 2524 2526 2525 2424 2427
          2527 2524 2427 2428 2528 2527
          2524 2527 2529 2526 2527 2528
          2530 2529 2428 2431 2531 2528
          2431 2432 2532 2531 2528 2531
          2533 2530 2531 2532 2534 2533
          2432 2435 2535 2532 2435 2436
          2536 2535 2532 2535 2537 2534
          2535 2536 2538 2537 2436 2439
          2539 2536 2439 2440 2540 2539
          2536 2539 2541 2538 2539 2540
          2542 2541 2440 2443 2543 2540
          2443 2444 2544 2543 2540 2543
          2545 2542 2543 2544 2546 2545
          2444 2447 2547 2544 2447 2448
          2548 2547 2544 2547 2549 2546
          2547 2548 2550 2549 2448 2451
          2551 2548 2451 2452 2552 2551
          2548 2551 2553 2550 2551 2552
          2554 2553 2452 2455 2555 2552
          2455 2456 2556 2555 2552 2555
          2557 2554 2555 2556 2558 2557
          2456 2459 2559 2556 2459 2460
          2560 2559 2556 2559 2561 2558
          2559 2560 2562 2561 2460 2463
          2563 2560 2463 2464 2564 2563
          2560 2563 2565 2562 2563 2564
          2566 2565 2464 2467 2567 2564
          2467 2468 2568 2567 2564 2567
          2569 2566 2567 2568 2570 2569
          2468 2471 2571 2568 2471 2472
          2572 2571 2568 2571 2573 2570
          2571 2572 2574 2573 2472 2475
          2575 2572 2475 2476 2576 2575
          2572 2575 2577 2574 2575 2576
          2578 2577 1177 2579 2580 2581
          2579 1176 2582 2580 1176 2583
          2584 2582 2583 1178 2585 2584
          2586 2587 2588 1333 2587 2589
          1334 2588 2589 2590 2591 1334
          2590 2592 1337 2591 1178 2593
          2594 2585 2593 1181 2595 2594
          1181 2596 2597 2595 2596 1182
          2598 2597 2592 2599 2600 1337
          2599 2601 1342 2600 2601 2602
          2603 1342 2602 2604 1344 2603
          1182 2605 2606 2598 2605 1185
          2607 2606 1185 2608 2609 2607
          2608 1186 2610 2609 2604 2611
          2612 1344 2611 2613 1348 2612
          2613 2614 2615 1348 2614 2616
          1350 2615 1186 2617 2618 2610
          2617 1189 2619 2618 1189 2620
          2621 2619 2620 1190 2622 2621
          2616 2623 2624 1350 2623 2625
          1354 2624 2625 2626 2627 1354
          2626 2628 1356 2627 1190 2629
          2630 2622 2629 1193 2631 2630
          1193 2632 2633 2631 2632 1194
          2634 2633 2628 2635 2636 1356
          2635 2637 1360 2636 2637 2638
          2639 1360 2638 2640 1362 2639
          1194 2641 2642 2634 2641 1197
          2643 2642 1197 2644 2645 2643
          2644 1198 2646 2645 2640 2647
          2648 1362 2647 2649 1366 2648
          2649 2650 2651 1366 2650 2652
          1368 2651 1198 2653 2654 2646
          2653 1201 2655 2654 1201 2656
          2657 2655 2656 1202 2658 2657
          2652 2659 2660 1368 2659 2661
          1372 2660 2661 2662 2663 1372
          2662 2664 1374 2663 1202 2665
          2666 2658 2665 1205 2667 2666
          1205 2668 2669 2667 2668 1206
          2670 2669 2664 2671 2672 1374
          2671 2673 1378 2672 2673 2674
          2675 1378 2674 2676 1380 2675
          1206 2677 2678 2670 2677 1209
          2679 2678 1209 2680 2681 2679
          2680 1210 2682 2681 2676 2683
          2684 1380 2683 2685 1384 2684
          2685 2686 2687 1384 2686 2688
          1386 2687 1210 2689 2690 2682
          2689 1213 2691 2690 1213 2692
          2693 2691 2692 1214 2694 2693
          2688 2695 2696 1386 2695 2697
          1390 2696 2697 2698 2699 1390
          2698 2700 1392 2699 1214 2701
          2702 2694 2701 1217 2703 2702
          2700 2704 2705 1392 2704 2706
          1396 2705 2581 2707 2708 2709
          2707 2580 2710 2708 2709 2708
          2711 2712 2708 2710 2713 2711
          2580 2714 2715 2710 2714 2582
          2716 2715 2710 2715 2717 2713
          2715 2716 2718 2717 2582 2719
          2720 2716 2719 2584 2721 2720
          2716 2720 2722 2718 2720 2721
          2723 2722 2584 2724 2725 2721
          2724 2585 2726 2725 2721 2725
          2727 2723 2725 2726 2728 2727
          2712 2711 2729 2730 2711 2713
          2731 2729 2730 2729 2732 2586
          2729 2731 2587 2732 2713 2717
          2733 2731 2717 2718 2734 2733
          2731 2733 2735 2587 2733 2734
          2589 2735 2718 2722 2736 2734
          2722 2723 2737 2736 2734 2736
          2738 2589 2736 2737 2590 2738
          2723 2727 2739 2737 2727 2728
          2740 2739 2737 2739 2741 2590
          2739 2740 2592 2741 2585 2742
          2743 2726 2742 2594 2744 2743
          2726 2743 2745 2728 2743 2744
          2746 2745 2594 2747 2748 2744
          2747 2595 2749 2748 2744 2748
          2750 2746 2748 2749 2751 2750
          2595 2752 2753 2749 2752 2597
          2754 2753 2749 2753 2755 2751
          2753 2754 2756 2755 2597 2757
          2758 2754 2757 2598 2759 2758
          2754 2758 2760 2756 2758 2759
          2761 2760 2728 2745 2762 2740
          2745 2746 2763 2762 2740 2762
          2764 2592 2762 2763 2599 2764
          2746 2750 2765 2763 2750 2751
          2766 2765 2763 2765 2767 2599
          2765 2766 2601 2767 2751 2755
          2768 2766 2755 2756 2769 2768
          2766 2768 2770 2601 2768 2769
          2602 2770 2756 2760 2771 2769
          2760 2761 2772 2771 2769 2771
          2773 2602 2771 2772 2604 2773
          2598 2774 2775 2759 2774 2606
          2776 2775 2759 2775 2777 2761
          2775 2776 2778 2777 2606 2779
          2780 2776 2779 2607 2781 2780
          2776 2780 2782 2778 2780 2781
          2783 2782 2607 2784 2785 2781
          2784 2609 2786 2785 2781 2785
          2787 2783 2785 2786 2788 2787
          2609 2789 2790 2786 2789 2610
          2791 2790 2786 2790 2792 2788
          2790 2791 2793 2792 2761 2777
          2794 2772 2777 2778 2795 2794
          2772 2794 2796 2604 2794 2795
          2611 2796 2778 2782 2797 2795
          2782 2783 2798 2797 2795 2797
          2799 2611 2797 2798 2613 2799
          2783 2787 2800 2798 2787 2788
          2801 2800 2798 2800 2802 2613
          2800 2801 2614 2802 2788 2792
          2803 2801 2792 2793 2804 2803
          2801 2803 2805 2614 2803 2804
          2616 2805 2610 2806 2807 2791
          2806 2618 2808 2807 2791 2807
          2809 2793 2807 2808 2810 2809
          2618 2811 2812 2808 2811 2619
          2813 2812 2808 2812 2814 2810
          2812 2813 2815 2814 2619 2816
          2817 2813 2816 2621 2818 2817
          2813 2817 2819 2815 2817 2818
          2820 2819 2621 2821 2822 2818
          2821 2622 2823 2822 2818 2822
          2824 2820 2822 2823 2825 2824
          2793 2809 2826 2804 2809 2810
          2827 2826 2804 2826 2828 2616
          2826 2827 2623 2828 2810 2814
          2829 2827 2814 2815 2830 2829
          2827 2829 2831 2623 2829 2830
          2625 2831 2815 2819 2832 2830
          2819 2820 2833 2832 2830 2832
          2834 2625 2832 2833 2626 2834
          2820 2824 2835 2833 2824 2825
          2836 2835 2833 2835 2837 2626
          2835 2836 2628 2837 2622 2838
          2839 2823 2838 2630 2840 2839
          2823 2839 2841 2825 2839 2840
          2842 2841 2630 2843 2844 2840
          2843 2631 2845 2844 2840 2844
          2846 2842 2844 2845 2847 2846
          2631 2848 2849 2845 2848 2633
          2850 2849 2845 2849 2851 2847
          2849 2850 2852 2851 2633 2853
          2854 2850 2853 2634 2855 2854
          2850 2854 2856 2852 2854 2855
          2857 2856 2825 2841 2858 2836
          2841 2842 2859 2858 2836 2858
          2860 2628 2858 2859 2635 2860
          2842 2846 2861 2859 2846 2847
          2862 2861 2859 2861 2863 2635
          2861 2862 2637 2863 2847 2851
          2864 2862 2851 2852 2865 2864
          2862 2864 2866 2637 2864 2865
          2638 2866 2852 2856 2867 2865
          2856 2857 2868 2867 2865 2867
          2869 2638 2867 2868 2640 2869
          2634 2870 2871 2855 2870 2642
          2872 2871 2855 2871 2873 2857
          2871 2872 2874 2873 2642 2875
          2876 2872 2875 2643 2877 2876
          2872 2876 2878 2874 2876 2877
          2879 2878 2643 2880 2881 2877
          2880 2645 2882 2881 2877 2881
          2883 2879 2881 2882 2884 2883
          2645 2885 2886 2882 2885 2646
          2887 2886 2882 2886 2888 2884
          2886 2887 2889 2888 2857 2873
          2890 2868 2873 2874 2891 2890
          2868 2890 2892 2640 2890 2891
          2647 2892 2874 2878 2893 2891
          2878 2879 2894 2893 2891 2893
          2895 2647 2893 2894 2649 2895
          2879 2883 2896 2894 2883 2884
          2897 2896 2894 2896 2898 2649
          2896 2897 2650 2898 2884 2888
          2899 2897 2888 2889 2900 2899
          2897 2899 2901 2650 2899 2900
          2652 2901 2646 2902 2903 2887
          2902 2654 2904 2903 2887 2903
          2905 2889 2903 2904 2906 2905
          2654 2907 2908 2904 2907 2655
          2909 2908 2904 2908 2910 2906
          2908 2909 2911 2910 2655 2912
          2913 2909 2912 2657 2914 2913
          2909 2913 2915 2911 2913 2914
          2916 2915 2657 2917 2918 2914
          2917 2658 2919 2918 2914 2918
          2920 2916 2918 2919 2921 2920
          2889 2905 2922 2900 2905 2906
          2923 2922 2900 2922 2924 2652
          2922 2923 2659 2924 2906 2910
          2925 2923 2910 2911 2926 2925
          2923 2925 2927 2659 2925 2926
          2661 2927 2911 2915 2928 2926
          2915 2916 2929 2928 2926 2928
          2930 2661 2928 2929 2662 2930
          2916 2920 2931 2929 2920 2921
          2932 2931 2929 2931 2933 2662
          2931 2932 2664 2933 2658 2934
          2935 2919 2934 2666 2936 2935
          2919 2935 2937 2921 2935 2936
          2938 2937 2666 2939 2940 2936
          2939 2667 2941 2940 2936 2940
          2942 2938 2940 2941 2943 2942
          2667 2944 2945 2941 2944 2669
          2946 2945 2941 2945 2947 2943
          2945 2946 2948 2947 2669 2949
          2950 2946 2949 2670 2951 2950
          2946 2950 2952 2948 2950 2951
          2953 2952 2921 2937 2954 2932
          2937 2938 2955 2954 2932 2954
          2956 2664 2954 2955 2671 2956
          2938 2942 2957 2955 2942 2943
          2958 2957 2955 2957 2959 2671
          2957 2958 2673 2959 2943 2947
          2960 2958 2947 2948 2961 2960
          2958 2960 2962 2673 2960 2961
          2674 2962 2948 2952 2963 2961
          2952 2953 2964 2963 2961 2963
          2965 2674 2963 2964 2676 2965
          2670 2966 2967 2951 2966 2678
          2968 2967 2951 2967 2969 2953
          2967 2968 2970 2969 2678 2971
          2972 2968 2971 2679 2973 2972
          2968 2972 2974 2970 2972 2973
          2975 2974 2679 2976 2977 2973
          2976 2681 2978 2977 2973 2977
          2979 2975 2977 2978 2980 2979
          2681 2981 2982 2978 2981 2682
          2983 2982 2978 2982 2984 2980
          2982 2983 2985 2984 2953 2969
          2986 2964 2969 2970 2987 2986
          2964 2986 2988 2676 2986 2987
          2683 2988 2970 2974 2989 2987
          2974 2975 2990 2989 2987 2989
          2991 2683 2989 2990 2685 2991
          2975 2979 2992 2990 2979 2980
          2993 2992 2990 2992 2994 2685
          2992 2993 2686 2994 2980 2984
          2995 2993 2984 2985 2996 2995
          2993 2995 2997 2686 2995 2996
          2688 2997 2682 2998 2999 2983
          2998 2690 3000 2999 2983 2999
          3001 2985 2999 3000 3002 3001
          2690 3003 3004 3000 3003 2691
          3005 3004 3000 3004 3006 3002
          3004 3005 3007 3006 2691 3008
          3009 3005 3008 2693 3010 3009
          3005 3009 3011 3007 3009 3010
          3012 3011 2693 3013 3014 3010
          3013 2694 3015 3014 3010 3014
          3016 3012 3014 3015 3017 3016
          2985 3001 3018 2996 3001 3002
          3019 3018 2996 3018 3020 2688
          3018 3019 2695 3020 3002 3006
          3021 3019 3006 3007 3022 3021
          3019 3021 3023 2695 3021 3022
          2697 3023 3007 3011 3024 3022
          3011 3012 3025 3024 3022 3024
          3026 2697 3024 3025 2698 3026
          3012 3016 3027 3025 3016 3017
          3028 3027 3025 3027 3029 2698
          3027 3028 2700 3029 2694 3030
          3031 3015 3030 2702 3032 3031
          3015 3031 3033 3017 3031 3032
          3034 3033 3017 3033 3035 3028
          3033 3034 3036 3035 3028 3035
          3037 2700 3035 3036 2704 3037
          1217 3038 3039 2703 3038 1218
          3040 3039 2703 3039 3041 3042
          3039 3040 1276 3041 2702 3043
          3044 3032 3043 2703 3045 3044
          3032 3044 3046 3034 3044 3045
          3042 3046 3042 3041 3047 2706
          3041 1276 3048 3047 2706 3047
          3049 1396 3047 3048 1279 3049
          3034 3046 3050 3036 3046 3042
          3051 3050 3036 3050 3052 2704
          3050 3051 2706 3052
        </DataArray>
        <DataArray type="Int64" Name="offsets" format="ascii" RangeMin="4" RangeMax="11536">
          4 8 12 16 20 24
          28 32 36 40 44 48
          52 56 60 64 68 72
          76 80 84 88 92 96
          100 104 108 112 116 120
          124 128 132 136 140 144
          148 152 156 160 164 168
          172 176 180 184 188 192
          196 200 204 208 212 216
          220 224 228 232 236 240
          244 248 252 256 260 264
          268 272 276 280 284 288
          292 296 300 304 308 312
          316 320 324 328 332 336
          340 344 348 352 356 360
          364 368 372 376 380 384
          388 392 396 400 404 408
          412 416 420 424 428 432
          436 440 444 448 452 456
          460 464 468 472 476 480
          484 488 492 496 500 504
          508 512 516 520 524 528
          532 536 540 544 548 552
          556 560 564 568 572 576
          580 584 588 592 596 600
          604 608 612 616 620 624
          628 632 636 640 644 648
          652 656 660 664 668 672
          676 680 684 688 692 696
          700 704 708 712 716 720
          724 728 732 736 740 744
          748 752 756 760 764 768
          772 776 780 784 788 792
          796 800 804 808 812 816
          820 824 828 832 836 840
          844 848 852 856 860 864
          868 872 876 880 884 888
          892 896 900 904 908 912
          916 920 924 928 932 936
          940 944 948 952 956 960
          964 968 972 976 980 984
          988 992 996 1000 1004 1008
          1012 1016 1020 1024 1028 1032
          1036 1040 1044 1048 1052 1056
          1060 1064 1068 1072 1076 1080
          1084 1088 1092 1096 1100 1104
          1108 1112 1116 1120 1124 1128
          1132 1136 1140 1144 1148 1152
          1156 1160 1164 1168 1172 1176
          1180 1184 1188 1192 1196 1200
          1204 1208 1212 1216 1220 1224
          1228 1232 1236 1240 1244 1248
          1252 1256 1260 1264 1268 1272
          1276 1280 1284 1288 1292 1296
          1300 1304 1308 1312 1316 1320
          1324 1328 1332 1336 1340 1344
          1348 1352 1356 1360 1364 1368
          1372 1376 1380 1384 1388 1392
          1396 1400 1404 1408 1412 1416
          1420 1424 1428 1432 1436 1440
          1444 1448 1452 1456 1460 1464
          1468 1472 1476 1480 1484 1488
          1492 1496 1500 1504 1508 1512
          1516 1520 1524 1528 1532 1536
          1540 1544 1548 1552 1556 1560
          1564 1568 1572 1576 1580 1584
          1588 1592 1596 1600 1604 1608
          1612 1616 1620 1624 1628 1632
          1636 1640 1644 1648 1652 1656
          1660 1664 1668 1672 1676 1680
          1684 1688 1692 1696 1700 1704
          1708 1712 1716 1720 1724 1728
          1732 1736 1740 1744 1748 1752
          1756 1760 1764 1768 1772 1776
          1780 1784 1788 1792 1796 1800
          1804 1808 1812 1816 1820 1824
          1828 1832 1836 1840 1844 1848
          1852 1856 1860 1864 1868 1872
          1876 1880 1884 1888 1892 1896
          1900 1904 1908 1912 1916 1920
          1924 1928 1932 1936 1940 1944
          1948 1952 1956 1960 1964 1968
          1972 1976 1980 1984 1988 1992
          1996 2000 2004 2008 2012 2016
          2020 2024 2028 2032 2036 2040
          2044 2048 2052 2056 2060 2064
          2068 2072 2076 2080 2084 2088
          2092 2096 2100 2104 2108 2112
          2116 2120 2124 2128 2132 2136
          2140 2144 2148 2152 2156 2160
          2164 2168 2172 2176 2180 2184
          2188 2192 2196 2200 2204 2208
          2212 2216 2220 2224 2228 2232
          2236 2240 2244 2248 2252 2256
          2260 2264 2268 2272 2276 2280
          2284 2288 2292 2296 2300 2304
          2308 2312 2316 2320 2324 2328
          2332 2336 2340 2344 2348 2352
          2356 2360 2364 2368 2372 2376
          2380 2384 2388 2392 2396 2400
          2404 2408 2412 2416 2420 2424
          2428 2432 2436 2440 2444 2448
          2452 2456 2460 2464 2468 2472
          2476 2480 2484 2488 2492 2496
          2500 2504 2508 2512 2516 2520
          2524 2528 2532 2536 2540 2544
          2548 2552 2556 2560 2564 2568
          2572 2576 2580 2584 2588 2592
          2596 2600 2604 2608 2612 2616
          2620 2624 2628 2632 2636 2640
          2644 2648 2652 2656 2660 2664
          2668 2672 2676 2680 2684 2688
          2692 2696 2700 2704 2708 2712
          2716 2720 2724 2728 2732 2736
          2740 2744 2748 2752 2756 2760
          2764 2768 2772 2776 2780 2784
          2788 2792 2796 2800 2804 2808
          2812 2816 2820 2824 2828 2832
          2836 2840 2844 2848 2852 2856
          2860 2864 2868 2872 2876 2880
          2884 2888 2892 2896 2900 2904
          2908 2912 2916 2920 2924 2928
          2932 2936 2940 2944 2948 2952
          2956 2960 2964 2968 2972 2976
          2980 2984 2988 2992 2996 3000
          3004 3008 3012 3016 3020 3024
          3028 3032 3036 3040 3044 3048
          3052 3056 3060 3064 3068 3072
          3076 3080 3084 3088 3092 3096
          3100 3104 3108 3112 3116 3120
          3124 3128 3132 3136 3140 3144
          3148 3152 3156 3160 3164 3168
          3172 3176 3180 3184 3188 3192
          3196 3200 3204 3208 3212 3216
          3220 3224 3228 3232 3236 3240
          3244 3248 3252 3256 3260 3264
          3268 3272 3276 3280 3284 3288
          3292 3296 3300 3304 3308 3312
          3316 3320 3324 3328 3332 3336
          3340 3344 3348 3352 3356 3360
          3364 3368 3372 3376 3380 3384
          3388 3392 3396 3400 3404 3408
          3412 3416 3420 3424 3428 3432
          3436 3440 3444 3448 3452 3456
          3460 3464 3468 3472 3476 3480
          3484 3488 3492 3496 3500 3504
          3508 3512 3516 3520 3524 3528
          3532 3536 3540 3544 3548 3552
          3556 3560 3564 3568 3572 3576
          3580 3584 3588 3592 3596 3600
          3604 3608 3612 3616 3620 3624
          3628 3632 3636 3640 3644 3648
          3652 3656 3660 3664 3668 3672
          3676 3680 3684 3688 3692 3696
          3700 3704 3708 3712 3716 3720
          3724 3728 3732 3736 3740 3744
          3748 3752 3756 3760 3764 3768
          3772 3776 3780 3784 3788 3792
          3796 3800 3804 3808 3812 3816
          3820 3824 3828 3832 3836 3840
          3844 3848 3852 3856 3860 3864
          3868 3872 3876 3880 3884 3888
          3892 3896 3900 3904 3908 3912
          3916 3920 3924 3928 3932 3936
          3940 3944 3948 3952 3956 3960
          3964 3968 3972 3976 3980 3984
          3988 3992 3996 4000 4004 4008
          4012 4016 4020 4024 4028 4032
          4036 4040 4044 4048 4052 4056
          4060 4064 4068 4072 4076 4080
          4084 4088 4092 4096 4100 4104
          4108 4112 4116 4120 4124 4128
          4132 4136 4140 4144 4148 4152
          4156 4160 4164 4168 4172 4176
          4180 4184 4188 4192 4196 4200
          4204 4208 4212 4216 4220 4224
          4228 4232 4236 4240 4244 4248
          4252 4256 4260 4264 4268 4272
          4276 4280 4284 4288 4292 4296
          4300 4304 4308 4312 4316 4320
          4324 4328 4332 4336 4340 4344
          4348 4352 4356 4360 4364 4368
          4372 4376 4380 4384 4388 4392
          4396 4400 4404 4408 4412 4416
          4420 4424 4428 4432 4436 4440
          4444 4448 4452 4456 4460 4464
          4468 4472 4476 4480 4484 4488
          4492 4496 4500 4504 4508 4512
          4516 4520 4524 4528 4532 4536
          4540 4544 4548 4552 4556 4560
          4564 4568 4572 4576 4580 4584
          4588 4592 4596 4600 4604 4608
          4612 4616 4620 4624 4628 4632
          4636 4640 4644 4648 4652 4656
          4660 4664 4668 4672 4676 4680
          4684 4688 4692 4696 4700 4704
          4708 4712 4716 4720 4724 4728
          4732 4736 4740 4744 4748 4752
          4756 4760 4764 4768 4772 4776
          4780 4784 4788 4792 4796 4800
          4804 4808 4812 4816 4820 4824
          4828 4832 4836 4840 4844 4848
          4852 4856 4860 4864 4868 4872
          4876 4880 4884 4888 4892 4896
          4900 4904 4908 4912 4916 4920
          4924 4928 4932 4936 4940 4944
          4948 4952 4956 4960 4964 4968
          4972 4976 4980 4984 4988 4992
          4996 5000 5004 5008 5012 5016
          5020 5024 5028 5032 5036 5040
          5044 5048 5052 5056 5060 5064
          5068 5072 5076 5080 5084 5088
          5092 5096 5100 5104 5108 5112
          5116 5120 5124 5128 5132 5136
          5140 5144 5148 5152 5156 5160
          5164 5168 5172 5176 5180 5184
          5188 5192 5196 5200 5204 5208
          5212 5216 5220 5224 5228 5232
          5236 5240 5244 5248 5252 5256
          5260 5264 5268 5272 5276 5280
          5284 5288 5292 5296 5300 5304
          5308 5312 5316 5320 5324 5328
          5332 5336 5340 5344 5348 5352
          5356 5360 5364 5368 5372 5376
          5380 5384 5388 5392 5396 5400
          5404 5408 5412 5416 5420 5424
          5428 5432 5436 5440 5444 5448
          5452 5456 5460 5464 5468 5472
          5476 5480 5484 5488 5492 5496
          5500 5504 5508 5512 5516 5520
          5524 5528 5532 5536 5540 5544
          5548 5552 5556 5560 5564 5568
          5572 5576 5580 5584 5588 5592
          5596 5600 5604 5608 5612 5616
          5620 5624 5628 5632 5636 5640
          5644 5648 5652 5656 5660 5664
          5668 5672 5676 5680 5684 5688
          5692 5696 5700 5704 5708 5712
          5716 5720 5724 5728 5732 5736
          5740 5744 5748 5752 5756 5760
          5764 5768 5772 5776 5780 5784
          5788 5792 5796 5800 5804 5808
          5812 5816 5820 5824 5828 5832
          5836 5840 5844 5848 5852 5856
          5860 5864 5868 5872 5876 5880
          5884 5888 5892 5896 5900 5904
          5908 5912 5916 5920 5924 5928
          5932 5936 5940 5944 5948 5952
          5956 5960 5964 5968 5972 5976
          5980 5984 5988 5992 5996 6000
          6004 6008 6012 6016 6020 6024
          6028 6032 6036 6040 6044 6048
          6052 6056 6060 6064 6068 6072
          6076 6080 6084 6088 6092 6096
          6100 6104 6108 6112 6116 6120
          6124 6128 6132 6136 6140 6144
          6148 6152 6156 6160 6164 6168
          6172 6176 6180 6184 6188 6192
          6196 6200 6204 6208 6212 6216
          6220 6224 6228 6232 6236 6240
          6244 6248 6252 6256 6260 6264
          6268 6272 6276 6280 6284 6288
          6292 6296 6300 6304 6308 6312
          6316 6320 6324 6328 6332 6336
          6340 6344 6348 6352 6356 6360
          6364 6368 6372 6376 6380 6384
          6388 6392 6396 6400 6404 6408
          6412 6416 6420 6424 6428 6432
          6436 6440 6444 6448 6452 6456
          6460 6464 6468 6472 6476 6480
          6484 6488 6492 6496 6500 6504
          6508 6512 6516 6520 6524 6528
          6532 6536 6540 6544 6548 6552
          6556 6560 6564 6568 6572 6576
          6580 6584 6588 6592 6596 6600
          6604 6608 6612 6616 6620 6624
          6628 6632 6636 6640 6644 6648
          6652 6656 6660 6664 6668 6672
          6676 6680 6684 6688 6692 6696
          6700 6704 6708 6712 6716 6720
          6724 6728 6732 6736 6740 6744
          6748 6752 6756 6760 6764 6768
          6772 6776 6780 6784 6788 6792
          6796 6800 6804 6808 6812 6816
          6820 6824 6828 6832 6836 6840
          6844 6848 6852 6856 6860 6864
          6868 6872 6876 6880 6884 6888
          6892 6896 6900 6904 6908 6912
          6916 6920 6924 6928 6932 6936
          6940 6944 6948 6952 6956 6960
          6964 6968 6972 6976 6980 6984
          6988 6992 6996 7000 7004 7008
          7012 7016 7020 7024 7028 7032
          7036 7040 7044 7048 7052 7056
          7060 7064 7068 7072 7076 7080
          7084 7088 7092 7096 7100 7104
          7108 7112 7116 7120 7124 7128
          7132 7136 7140 7144 7148 7152
          7156 7160 7164 7168 7172 7176
          7180 7184 7188 7192 7196 7200
          7204 7208 7212 7216 7220 7224
          7228 7232 7236 7240 7244 7248
          7252 7256 7260 7264 7268 7272
          7276 7280 7284 7288 7292 7296
          7300 7304 7308 7312 7316 7320
          7324 7328 7332 7336 7340 7344
          7348 7352 7356 7360 7364 7368
          7372 7376 7380 7384 7388 7392
          7396 7400 7404 7408 7412 7416
          7420 7424 7428 7432 7436 7440
          7444 7448 7452 7456 7460 7464
          7468 7472 7476 7480 7484 7488
          7492 7496 7500 7504 7508 7512
          7516 7520 7524 7528 7532 7536
          7540 7544 7548 7552 7556 7560
          7564 7568 7572 7576 7580 7584
          7588 7592 7596 7600 7604 7608
          7612 7616 7620 7624 7628 7632
          7636 7640 7644 7648 7652 7656
          7660 7664 7668 7672 7676 7680
          7684 7688 7692 7696 7700 7704
          7708 7712 7716 7720 7724 7728
          7732 7736 7740 7744 7748 7752
          7756 7760 7764 7768 7772 7776
          7780 7784 7788 7792 7796 7800
          7804 7808 7812 7816 7820 7824
          7828 7832 7836 7840 7844 7848
          7852 7856 7860 7864 7868 7872
          7876 7880 7884 7888 7892 7896
          7900 7904 7908 7912 7916 7920
          7924 7928 7932 7936 7940 7944
          7948 7952 7956 7960 7964 7968
          7972 7976 7980 7984 7988 7992
          7996 8000 8004 8008 8012 8016
          8020 8024 8028 8032 8036 8040
          8044 8048 8052 8056 8060 8064
          8068 8072 8076 8080 8084 8088
          8092 8096 8100 8104 8108 8112
          8116 8120 8124 8128 8132 8136
          8140 8144 8148 8152 8156 8160
          8164 8168 8172 8176 8180 8184
          8188 8192 8196 8200 8204 8208
          8212 8216 8220 8224 8228 8232
          8236 8240 8244 8248 8252 8256
          8260 8264 8268 8272 8276 8280
          8284 8288 8292 8296 8300 8304
          8308 8312 8316 8320 8324 8328
          8332 8336 8340 8344 8348 8352
          8356 8360 8364 8368 8372 8376
          8380 8384 8388 8392 8396 8400
          8404 8408 8412 8416 8420 8424
          8428 8432 8436 8440 8444 8448
          8452 8456 8460 8464 8468 8472
          8476 8480 8484 8488 8492 8496
          8500 8504 8508 8512 8516 8520
          8524 8528 8532 8536 8540 8544
          8548 8552 8556 8560 8564 8568
          8572 8576 8580 8584 8588 8592
          8596 8600 8604 8608 8612 8616
          8620 8624 8628 8632 8636 8640
          8644 8648 8652 8656 8660 8664
          8668 8672 8676 8680 8684 8688
          8692 8696 8700 8704 8708 8712
          8716 8720 8724 8728 8732 8736
          8740 8744 8748 8752 8756 8760
          8764 8768 8772 8776 8780 8784
          8788 8792 8796 8800 8804 8808
          8812 8816 8820 8824 8828 8832
          8836 8840 8844 8848 8852 8856
          8860 8864 8868 8872 8876 8880
          8884 8888 8892 8896 8900 8904
          8908 8912 8916 8920 8924 8928
          8932 8936 8940 8944 8948 8952
          8956 8960 8964 8968 8972 8976
          8980 8984 8988 8992 8996 9000
          9004 9008 9012 9016 9020 9024
          9028 9032 9036 9040 9044 9048
          9052 9056 9060 9064 9068 9072
          9076 9080 9084 9088 9092 9096
          9100 9104 9108 9112 9116 9120
          9124 9128 9132 9136 9140 9144
          9148 9152 9156 9160 9164 9168
          9172 9176 9180 9184 9188 9192
          9196 9200 9204 9208 9212 9216
          9220 9224 9228 9232 9236 9240
          9244 9248 9252 9256 9260 9264
          9268 9272 9276 9280 9284 9288
          9292 9296 9300 9304 9308 9312
          9316 9320 9324 9328 9332 9336
          9340 9344 9348 9352 9356 9360
          9364 9368 9372 9376 9380 9384
          9388 9392 9396 9400 9404 9408
          9412 9416 9420 9424 9428 9432
          9436 9440 9444 9448 9452 9456
          9460 9464 9468 9472 9476 9480
          9484 9488 9492 9496 9500 9504
          9508 9512 9516 9520 9524 9528
          9532 9536 9540 9544 9548 9552
          9556 9560 9564 9568 9572 9576
          9580 9584 9588 9592 9596 9600
          9604 9608 9612 9616 9620 9624
          9628 9632 9636 9640 9644 9648
          9652 9656 9660 9664 9668 9672
          9676 9680 9684 9688 9692 9696
          9700 9704 9708 9712 9716 9720
          9724 9728 9732 9736 9740 9744
          9748 9752 9756 9760 9764 9768
          9772 9776 9780 9784 9788 9792
          9796 9800 9804 9808 9812 9816
          9820 9824 9828 9832 9836 9840
          9844 9848 9852 9856 9860 9864
          9868 9872 9876 9880 9884 9888
          9892 9896 9900 9904 9908 9912
          9916 9920 9924 9928 9932 9936
          9940 9944 9948 9952 9956 9960
          9964 9968 9972 9976 9980 9984
          9988 9992 9996 10000 10004 10008
          10012 10016 10020 10024 10028 10032
          10036 10040 10044 10048 10052 10056
          10060 10064 10068 10072 10076 10080
          10084 10088 10092 10096 10100 10104
          10108 10112 10116 10120 10124 10128
          10132 10136 10140 10144 10148 10152
          10156 10160 10164 10168 10172 10176
          10180 10184 10188 10192 10196 10200
          10204 10208 10212 10216 10220 10224
          10228 10232 10236 10240 10244 10248
          10252 10256 10260 10264 10268 10272
          10276 10280 10284 10288 10292 10296
          10300 10304 10308 10312 10316 10320
          10324 10328 10332 10336 10340 10344
          10348 10352 10356 10360 10364 10368
          10372 10376 10380 10384 10388 10392
          10396 10400 10404 10408 10412 10416
          10420 10424 10428 10432 10436 10440
          10444 10448 10452 10456 10460 10464
          10468 10472 10476 10480 10484 10488
          10492 10496 10500 10504 10508 10512
          10516 10520 10524 10528 10532 10536
          10540 10544 10548 10552 10556 10560
          10564 10568 10572 10576 10580 10584
          10588 10592 10596 10600 10604 10608
          10612 10616 10620 10624 10628 10632
          10636 10640 10644 10648 10652 10656
          10660 10664 10668 10672 10676 10680
          10684 10688 10692 10696 10700 10704
          10708 10712 10716 10720 10724 10728
          10732 10736 10740 10744 10748 10752
          10756 10760 10764 10768 10772 10776
          10780 10784 10788 10792 10796 10800
          10804 10808 10812 10816 10820 10824
          10828 10832 10836 10840 10844 10848
          10852 10856 10860 10864 10868 10872
          10876 10880 10884 10888 10892 10896
          10900 10904 10908 10912 10916 10920
          10924 10928 10932 10936 10940 10944
          10948 10952 10956 10960 10964 10968
          10972 10976 10980 10984 10988 10992
          10996 11000 11004 11008 11012 11016
          11020 11024 11028 11032 11036 11040
          11044 11048 11052 11056 11060 11064
          11068 11072 11076 11080 11084 11088
          11092 11096 11100 11104 11108 11112
          11116 11120 11124 11128 11132 11136
          11140 11144 11148 11152 11156 11160
          11164 11168 11172 11176 11180 11184
          11188 11192 11196 11200 11204 11208
          11212 11216 11220 11224 11228 11232
          11236 11240 11244 11248 11252 11256
          11260 11264 11268 11272 11276 11280
          11284 11288 11292 11296 11300 11304
          11308 11312 11316 11320 11324 11328
          11332 11336 11340 11344 11348 11352
          11356 11360 11364 11368 11372 11376
          11380 11384 11388 11392 11396 11400
          11404 11408 11412 11416 11420 11424
          11428 11432 11436 11440 11444 11448
          11452 11456 11460 11464 11468 11472
          11476 11480 11484 11488 11492 11496
          11500 11504 11508 11512 11516 11520
          11524 11528 11532 11536
        </DataArray>
        <DataArray type="UInt8" Name="types" format="ascii" RangeMin="9" RangeMax="9">
          9 9 9 9 9 9
          9 9 9 9 9 9
          9 9 9 9 9 9
          9 9 9 9 9 9
          9 9 9 9 9 9
          9 9 9 9 9 9
          9 9 9 9 9 9
          9 9 9 9 9 9
          9 9 9 9 9 9
          9 9 9 9 9 9
          9 9 9 9 9 9
          9 9 9 9 9 9
          9 9 9 9 9 9
          9 9 9 9 9 9
          9 9 9 9 9 9
          9 9 9 9 9 9
          9 9 9 9 9 9
          9 9 9 9 9 9
          9 9 9 9 9 9
          9 9 9 9 9 9
          9 9 9 9 9 9
          9 9 9 9 9 9
          9 9 9 9 9 9
          9 9 9 9 9 9
          9 9 9 9 9 9
          9 9 9 9 9 9
          9 9 9 9 9 9
          9 9 9 9 9 9
          9 9 9 9 9 9
          9 9 9 9 9 9
          9 9 9 9 9 9
          9 9 9 9 9 9
          9 9 9 9 9 9
          9 9 9 9 9 9
          9 9 9 9 9 9
          9 9 9 9 9 9
          9 9 9 9 9 9
          9 9 9 9 9 9
          9 9 9 9 9 9
          9 9 9 9 9 9
          9 9 9 9 9 9
          9 9 9 9 9 9
          9 9 9 9 9 9
          9 9 9 9 9 9
          9 9 9 9 9 9
          9 9 9 9 9 9
          9 9 9 9 9 9
          9 9 9 9 9 9
          9 9 9 9 9 9
          9 9 9 9 9 9
          9 9 9 9 9 9
          9 9 9 9 9 9
          9 9 9 9 9 9
          9 9 9 9 9 9
          9 9 9 9 9 9
          9 9 9 9 9 9
          9 9 9 9 9 9
          9 9 9 9 9 9
          9 9 9 9 9 9
          9 9 9 9 9 9
          9 9 9 9 9 9
          9 9 9 9 9 9
          9 9 9 9 9 9
          9 9 9 9 9 9
          9 9 9 9 9 9
          9 9 9 9 9 9
          9 9 9 9 9 9
          9 9 9 9 9 9
          9 9 9 9 9 9
          9 9 9 9 9 9
          9 9 9 9 9 9
          9 9 9 9 9 9
          9 9 9 9 9 9
          9 9 9 9 9 9
          9 9 9 9 9 9
          9 9 9 9 9 9
          9 9 9 9 9 9
          9 9 9 9 9 9
          9 9 9 9 9 9
          9 9 9 9 9 9
          9 9 9 9 9 9
          9 9 9 9 9 9
          9 9 9 9 9 9
          9 9 9 9 9 9
          9 9 9 9 9 9
          9 9 9 9 9 9
          9 9 9 9 9 9
          9 9 9 9 9 9
          9 9 9 9 9 9
          9 9 9 9 9 9
          9 9 9 9 9 9
          9 9 9 9 9 9
          9 9 9 9 9 9
          9 9 9 9 9 9
          9 9 9 9 9 9
          9 9 9 9 9 9
          9 9 9 9 9 9
          9 9 9 9 9 9
          9 9 9 9 9 9
          9 9 9 9 9 9
          9 9 9 9 9 9
          9 9 9 9 9 9
          9 9 9 9 9 9
          9 9 9 9 9 9
          9 9 9 9 9 9
          9 9 9 9 9 9
          9 9 9 9 9 9
          9 9 9 9 9 9
          9 9 9 9 9 9
          9 9 9 9 9 9
          9 9 9 9 9 9
          9 9 9 9 9 9
          9 9 9 9 9 9
          9 9 9 9 9 9
          9 9 9 9 9 9
          9 9 9 9 9 9
          9 9 9 9 9 9
          9 9 9 9 9 9
          9 9 9 9 9 9
          9 9 9 9 9 9
          9 9 9 9 9 9
          9 9 9 9 9 9
          9 9 9 9 9 9
          9 9 9 9 9 9
          9 9 9 9 9 9
          9 9 9 9 9 9
          9 9 9 9 9 9
          9 9 9 9 9 9
          9 9 9 9 9 9
          9 9 9 9 9 9
          9 9 9 9 9 9
          9 9 9 9 9 9
          9 9 9 9 9 9
          9 9 9 9 9 9
          9 9 9 9 9 9
          9 9 9 9 9 9
          9 9 9 9 9 9
          9 9 9 9 9 9
          9 9 9 9 9 9
          9 9 9 9 9 9
          9 9 9 9 9 9
          9 9 9 9 9 9
          9 9 9 9 9 9
          9 9 9 9 9 9
          9 9 9 9 9 9
          9 9 9 9 9 9
          9 9 9 9 9 9
          9 9 9 9 9 9
          9 9 9 9 9 9
          9 9 9 9 9 9
          9 9 9 9 9 9
          9 9 9 9 9 9
          9 9 9 9 9 9
          9 9 9 9 9 9
          9 9 9 9 9 9
          9 9 9 9 9 9
          9 9 9 9 9 9
          9 9 9 9 9 9
          9 9 9 9 9 9
          9 9 9 9 9 9
          9 9 9 9 9 9
          9 9 9 9 9 9
          9 9 9 9 9 9
          9 9 9 9 9 9
          9 9 9 9 9 9
          9 9 9 9 9 9
          9 9 9 9 9 9
          9 9 9 9 9 9
          9 9 9 9 9 9
          9 9 9 9 9 9
          9 9 9 9 9 9
          9 9 9 9 9 9
          9 9 9 9 9 9
          9 9 9 9 9 9
          9 9 9 9 9 9
          9 9 9 9 9 9
          9 9 9 9 9 9
          9 9 9 9 9 9
          9 9 9 9 9 9
          9 9 9 9 9 9
          9 9 9 9 9 9
          9 9 9 9 9 9
          9 9 9 9 9 9
          9 9 9 9 9 9
          9 9 9 9 9 9
          9 9 9 9 9 9
          9 9 9 9 9 9
          9 9 9 9 9 9
          9 9 9 9 9 9
          9 9 9 9 9 9
          9 9 9 9 9 9
          9 9 9 9 9 9
          9 9 9 9 9 9
          9 9 9 9 9 9
          9 9 9 9 9 9
          9 9 9 9 9 9
          9 9 9 9 9 9
          9 9 9 9 9 9
          9 9 9 9 9 9
          9 9 9 9 9 9
          9 9 9 9 9 9
          9 9 9 9 9 9
          9 9 9 9 9 9
          9 9 9 9 9 9
          9 9 9 9 9 9
          9 9 9 9 9 9
          9 9 9 9 9 9
          9 9 9 9 9 9
          9 9 9 9 9 9
          9 9 9 9 9 9
          9 9 9 9 9 9
          9 9 9 9 9 9
          9 9 9 9 9 9
          9 9 9 9 9 9
          9 9 9 9 9 9
          9 9 9 9 9 9
          9 9 9 9 9 9
          9 9 9 9 9 9
          9 9 9 9 9 9
          9 9 9 9 9 9
          9 9 9 9 9 9
          9 9 9 9 9 9
          9 9 9 9 9 9
          9 9 9 9 9 9
          9 9 9 9 9 9
          9 9 9 9 9 9
          9 9 9 9 9 9
          9 9 9 9 9 9
          9 9 9 9 9 9
          9 9 9 9 9 9
          9 9 9 9 9 9
          9 9 9 9 9 9
          9 9 9 9 9 9
          9 9 9 9 9 9
          9 9 9 9 9 9
          9 9 9 9 9 9
          9 9 9 9 9 9
          9 9 9 9 9 9
          9 9 9 9 9 9
          9 9 9 9 9 9
          9 9 9 9 9 9
          9 9 9 9 9 9
          9 9 9 9 9 9
          9 9 9 9 9 9
          9 9 9 9 9 9
          9 9 9 9 9 9
          9 9 9 9 9 9
          9 9 9 9 9 9
          9 9 9 9 9 9
          9 9 9 9 9 9
          9 9 9 9 9 9
          9 9 9 9 9 9
          9 9 9 9 9 9
          9 9 9 9 9 9
          9 9 9 9 9 9
          9 9 9 9 9 9
          9 9 9 9 9 9
          9 9 9 9 9 9
          9 9 9 9 9 9
          9 9 9 9 9 9
          9 9 9 9 9 9
          9 9 9 9 9 9
          9 9 9 9 9 9
          9 9 9 9 9 9
          9 9 9 9 9 9
          9 9 9 9 9 9
          9 9 9 9 9 9
          9 9 9 9 9 9
          9 9 9 9 9 9
          9 9 9 9 9 9
          9 9 9 9 9 9
          9 9 9 9 9 9
          9 9 9 9 9 9
          9 9 9 9 9 9
          9 9 9 9 9 9
          9 9 9 9 9 9
          9 9 9 9 9 9
          9 9 9 9 9 9
          9 9 9 9 9 9
          9 9 9 9 9 9
          9 9 9 9 9 9
          9 9 9 9 9 9
          9 9 9 9 9 9
          9 9 9 9 9 9
          9 9 9 9 9 9
          9 9 9 9 9 9
          9 9 9 9 9 9
          9 9 9 9 9 9
          9 9 9 9 9 9
          9 9 9 9 9 9
          9 9 9 9 9 9
          9 9 9 9 9 9
          9 9 9 9 9 9
          9 9 9 9 9 9
          9 9 9 9 9 9
          9 9 9 9 9 9
          9 9 9 9 9 9
          9 9 9 9 9 9
          9 9 9 9 9 9
          9 9 9 9 9 9
          9 9 9 9 9 9
          9 9 9 9 9 9
          9 9 9 9 9 9
          9 9 9 9 9 9
          9 9 9 9 9 9
          9 9 9 9 9 9
          9 9 9 9 9 9
          9 9 9 9 9 9
          9 9 9 9 9 9
          9 9 9 9 9 9
          9 9 9 9 9 9
          9 9 9 9 9 9
          9 9 9 9 9 9
          9 9 9 9 9 9
          9 9 9 9 9 9
          9 9 9 9 9 9
          9 9 9 9 9 9
          9 9 9 9 9 9
          9 9 9 9 9 9
          9 9 9 9 9 9
          9 9 9 9 9 9
          9 9 9 9 9 9
          9 9 9 9 9 9
          9 9 9 9 9 9
          9 9 9 9 9 9
          9 9 9 9 9 9
          9 9 9 9 9 9
          9 9 9 9 9 9
          9 9 9 9 9 9
          9 9 9 9 9 9
          9 9 9 9 9 9
          9 9 9 9 9 9
          9 9 9 9 9 9
          9 9 9 9 9 9
          9 9 9 9 9 9
          9 9 9 9 9 9
          9 9 9 9 9 9
          9 9 9 9 9 9
          9 9 9 9 9 9
          9 9 9 9 9 9
          9 9 9 9 9 9
          9 9 9 9 9 9
          9 9 9 9 9 9
          9 9 9 9 9 9
          9 9 9 9 9 9
          9 9 9 9 9 9
          9 9 9 9 9 9
          9 9 9 9 9 9
          9 9 9 9 9 9
          9 9 9 9 9 9
          9 9 9 9 9 9
          9 9 9 9 9 9
          9 9 9 9 9 9
          9 9 9 9 9 9
          9 9 9 9 9 9
          9 9 9 9 9 9
          9 9 9 9 9 9
          9 9 9 9 9 9
          9 9 9 9 9 9
          9 9 9 9 9 9
          9 9 9 9 9 9
          9 9 9 9 9 9
          9 9 9 9 9 9
          9 9 9 9 9 9
          9 9 9 9 9 9
          9 9 9 9 9 9
          9 9 9 9 9 9
          9 9 9 9 9 9
          9 9 9 9 9 9
          9 9 9 9 9 9
          9 9 9 9 9 9
          9 9 9 9 9 9
          9 9 9 9 9 9
          9 9 9 9 9 9
          9 9 9 9 9 9
          9 9 9 9 9 9
          9 9 9 9 9 9
          9 9 9 9 9 9
          9 9 9 9 9 9
          9 9 9 9 9 9
          9 9 9 9 9 9
          9 9 9 9 9 9
          9 9 9 9 9 9
          9 9 9 9 9 9
          9 9 9 9 9 9
          9 9 9 9 9 9
          9 9 9 9 9 9
          9 9 9 9 9 9
          9 9 9 9 9 9
          9 9 9 9 9 9
          9 9 9 9 9 9
          9 9 9 9 9 9
          9 9 9 9 9 9
          9 9 9 9 9 9
          9 9 9 9 9 9
          9 9 9 9 9 9
          9 9 9 9 9 9
          9 9 9 9 9 9
          9 9 9 9 9 9
          9 9 9 9 9 9
          9 9 9 9 9 9
          9 9 9 9 9 9
          9 9 9 9 9 9
          9 9 9 9 9 9
          9 9 9 9 9 9
          9 9 9 9 9 9
          9 9 9 9 9 9
          9 9 9 9 9 9
          9 9 9 9 9 9
          9 9 9 9 9 9
          9 9 9 9 9 9
          9 9 9 9 9 9
          9 9 9 9 9 9
          9 9 9 9 9 9
          9 9 9 9 9 9
          9 9 9 9 9 9
          9 9 9 9 9 9
          9 9 9 9 9 9
          9 9 9 9 9 9
          9 9 9 9 9 9
          9 9 9 9 9 9
          9 9 9 9 9 9
          9 9 9 9 9 9
          9 9 9 9 9 9
          9 9 9 9 9 9
          9 9 9 9 9 9
          9 9 9 9 9 9
          9 9 9 9 9 9
          9 9 9 9 9 9
          9 9 9 9 9 9
          9 9 9 9 9 9
          9 9 9 9 9 9
          9 9 9 9 9 9
          9 9 9 9 9 9
          9 9 9 9 9 9
          9 9 9 9 9 9
          9 9 9 9 9 9
          9 9 9 9 9 9
          9 9 9 9 9 9
          9 9 9 9 9 9
          9 9 9 9 9 9
          9 9 9 9 9 9
          9 9 9 9 9 9
          9 9 9 9 9 9
          9 9 9 9 9 9
          9 9 9 9 9 9
          9 9 9 9 9 9
          9 9 9 9 9 9
          9 9 9 9 9 9
          9 9 9 9 9 9
          9 9 9 9 9 9
          9 9 9 9 9 9
          9 9 9 9 9 9
          9 9 9 9 9 9
          9 9 9 9 9 9
          9 9 9 9 9 9
          9 9 9 9 9 9
          9 9 9 9 9 9
          9 9 9 9 9 9
          9 9 9 9 9 9
          9 9 9 9 9 9
          9 9 9 9 9 9
          9 9 9 9 9 9
          9 9 9 9 9 9
          9 9 9 9 9 9
          9 9 9 9 9 9
          9 9 9 9 9 9
          9 9 9 9 9 9
          9 9 9 9 9 9
          9 9 9 9 9 9
          9 9 9 9 9 9
          9 9 9 9 9 9
          9 9 9 9 9 9
          9 9 9 9 9 9
          9 9 9 9 9 9
          9 9 9 9 9 9
          9 9 9 9 9 9
          9 9 9 9 9 9
          9 9 9 9 9 9
          9 9 9 9 9 9
          9 9 9 9
        </DataArray>
      </Cells>
    </Piece>
  </UnstructuredGrid>
</VTKFile>
