Time,f_flex,f_frac,f_grad,crack_length,,,,
0,59.002,687.08,0.28861,40,,,,
1,76.722,733.19,0.7705,40,,,,
2,72.372,730.08,1.1768,40,,,,
3,64.198,727.81,1.4937,40,,,,
4,55.298,726.06,1.7396,40,,,,
5,46.725,724.66,1.9318,40,,,,
6,38.796,723.51,2.0835,40,,,,
7,31.561,722.55,2.2043,40,,,,
8,24.981,721.72,2.3012,40,,,,
9,18.989,721.02,2.3798,40,,,,
10,13.519,720.41,2.4439,40,,,,
11,8.5074,719.87,2.4968,40,,,,
12,3.9017,719.41,2.5409,40,,,,
13,-0.34445,719,2.5781,40,,,,
14,-4.2707,718.64,2.6098,40,,,,
15,-7.911,718.32,2.6373,40,,,,
16,-11.295,718.05,2.6614,40,,,,
17,-14.448,717.81,2.6828,40,,,,
18,-17.391,717.6,2.7021,40,,,,
19,-20.144,717.42,2.7197,40,,,,
20,-22.724,717.27,2.736,40,,,,
21,-25.146,717.14,2.7513,40,,,,
22,-27.423,717.04,2.7656,40,,,,
23,-29.565,716.97,2.7793,40,,,,
24,-31.584,716.91,2.7924,40,,,,
25,-33.489,716.87,2.805,40,,,,
26,-35.288,716.86,2.8172,40,,,,
27,-36.988,716.86,2.8292,40,,,,
28,-38.596,716.87,2.8408,40,,,,
29,-40.119,716.91,2.8522,40,,,,
30,-41.561,716.96,2.8634,40,,,,
31,-42.928,717.02,2.8744,40,,,,
32,-43.812,717.04,2.89,40,,,,
33,-44.495,717.07,2.9041,40,,,,
34,-45.059,717.09,2.9171,40,,,,
35,-45.552,717.12,2.9292,40,,,,
36,-46.002,717.15,2.9406,40,,,,
37,-46.424,717.17,2.9514,40,,,,
38,-46.827,717.2,2.9616,40,,,,
39,-47.217,717.23,2.9714,40,,,,
40,-47.597,717.27,2.9808,40,,,,
41,-47.968,717.3,2.9898,40,,,,
42,-48.333,717.33,2.9986,40,,,,
43,-48.691,717.37,3.007,40,,,,
44,-49.044,717.41,3.0152,40,,,,
45,-49.391,717.44,3.0232,40,,,,
46,-49.733,717.48,3.031,40,,,,
47,-50.07,717.52,3.0386,40,,,,
48,-50.402,717.56,3.0461,40,,,,
49,-50.729,717.6,3.0534,40,,,,
50,-51.052,717.65,3.0606,40,,,,
51,-51.371,717.69,3.0677,40,,,,
52,-51.685,717.74,3.0747,40,,,,
53,-51.996,717.78,3.0816,40,,,,
54,-52.302,717.83,3.0884,40,,,,
55,-52.604,717.87,3.0951,40,,,,
56,-52.902,717.92,3.1018,40,,,,
57,-53.196,717.97,3.1084,40,,,,
58,-53.486,718.02,3.1149,40,,,,
59,-53.773,718.07,3.1213,40,,,,
60,-54.056,718.12,3.1277,40,,,,
61,-54.335,718.17,3.1341,40,,,,
62,-54.611,718.22,3.1403,40,,,,
63,-54.883,718.28,3.1466,40,,,,
64,-55.152,718.33,3.1528,40,,,,
65,-55.417,718.39,3.1589,40,,,,
66,-55.679,718.44,3.165,40,,,,
67,-55.938,718.5,3.1711,40,,,,
68,-56.194,718.56,3.1771,40,,,,
69,-56.446,718.61,3.1831,40,,,,
70,-56.695,718.67,3.189,40,,,,
71,-56.942,718.73,3.1949,40,,,,
72,-57.185,718.79,3.2008,40,,,,
73,-57.425,718.85,3.2067,40,,,,
74,-57.662,718.91,3.2125,40,,,,
75,-57.897,718.97,3.2183,40,,,,
76,-58.129,719.03,3.2241,40,,,,
77,-58.357,719.1,3.2299,40,,,,
78,-58.584,719.16,3.2356,40,,,,
79,-58.807,719.22,3.2414,40,,,,
80,-59.028,719.29,3.2471,40,,,,
81,-59.246,719.35,3.2528,40,,,,
82,-59.462,719.41,3.2584,40,,,,
83,-59.675,719.48,3.2641,40,,,,
84,-59.886,719.54,3.2697,40,,,,
85,-60.094,719.61,3.2754,40,,,,
86,-60.3,719.68,3.281,40,,,,
87,-60.503,719.74,3.2866,40,,,,
88,-60.705,719.81,3.2922,40,,,,
89,-60.904,719.88,3.2978,40,,,,
90,-61.1,719.94,3.3034,40,,,,
91,-61.295,720.01,3.309,40,,,,
92,-61.487,720.08,3.3146,40,,,,
93,-61.677,720.15,3.3201,40,,,,
94,-61.865,720.22,3.3257,40,,,,
95,-62.051,720.29,3.3313,40,,,,
96,-62.235,720.36,3.3368,40,,,,
97,-62.416,720.43,3.3424,40,,,,
98,-62.596,720.5,3.348,40,,,,
99,-62.774,720.57,3.3535,40,,,,
100,-62.95,720.64,3.3591,40,,,,
101,-63.124,720.72,3.3647,40,,,,
102,-63.296,720.79,3.3702,40,,,,
103,-63.466,720.86,3.3758,40,,,,
104,-63.634,720.93,3.3814,40,,,,
105,-63.801,721,3.387,40,,,,
106,-63.966,721.08,3.3926,40,,,,
107,-64.129,721.15,3.3982,40,,,,
108,-64.29,721.22,3.4038,40,,,,
109,-64.45,721.29,3.4094,40,,,,
110,-64.608,721.37,3.415,40,,,,
111,-64.764,721.44,3.4206,40,,,,
112,-64.919,721.51,3.4263,40,,,,
113,-65.072,721.59,3.4319,40,,,,
114,-65.224,721.66,3.4376,40,,,,
115,-65.374,721.74,3.4432,40,,,,
116,-65.522,721.81,3.4489,40,,,,
117,-65.669,721.88,3.4546,40,,,,
118,-65.815,721.96,3.4603,40,,,,
119,-65.959,722.03,3.4661,40,,,,
120,-66.102,722.11,3.4718,40,,,,
121,-66.243,722.19,3.4776,40,,,,
122,-66.383,722.26,3.4833,40,,,,
123,-66.522,722.34,3.4891,40,,,,
124,-66.659,722.41,3.4949,40,,,,
125,-66.795,722.49,3.5007,40,,,,
126,-66.93,722.56,3.5065,40,,,,
127,-67.063,722.64,3.5124,40,,,,
128,-67.195,722.71,3.5182,40,,,,
129,-67.326,722.79,3.5241,40,,,,
130,-67.456,722.87,3.53,40,,,,
131,-67.584,722.94,3.5359,40,,,,
132,-67.711,723.02,3.5418,40,,,,
133,-67.837,723.09,3.5478,40,,,,
134,-67.962,723.17,3.5538,40,,,,
135,-68.086,723.25,3.5597,40,,,,
136,-68.209,723.32,3.5657,40,,,,
137,-68.331,723.4,3.5718,40,,,,
138,-68.451,723.48,3.5778,40,,,,
139,-68.571,723.55,3.5839,40,,,,
140,-68.689,723.63,3.59,40,,,,
141,-68.807,723.7,3.5961,40,,,,
142,-68.923,723.78,3.6022,40,,,,
143,-69.039,723.86,3.6083,40,,,,
144,-69.154,723.93,3.6145,40,,,,
145,-69.267,724.01,3.6207,40,,,,
146,-69.38,724.08,3.6269,40,,,,
147,-69.491,724.16,3.6332,40,,,,
148,-69.602,724.24,3.6394,40,,,,
149,-69.712,724.31,3.6457,40,,,,
150,-69.821,724.39,3.652,40,,,,
151,-69.929,724.46,3.6583,40,,,,
152,-70.037,724.54,3.6647,40,,,,
153,-70.143,724.62,3.6711,40,,,,
154,-70.249,724.69,3.6775,40,,,,
155,-70.353,724.77,3.6839,40,,,,
156,-70.457,724.85,3.6904,40,,,,
157,-70.561,724.92,3.6968,40,,,,
158,-70.663,725,3.7033,40,,,,
159,-70.765,725.07,3.7099,40,,,,
160,-70.865,725.15,3.7164,40,,,,
161,-70.965,725.23,3.723,40,,,,
162,-71.065,725.3,3.7296,40,,,,
163,-71.164,725.38,3.7362,40,,,,
164,-71.261,725.45,3.7429,40,,,,
165,-71.359,725.53,3.7496,40,,,,
166,-71.455,725.6,3.7563,40,,,,
167,-71.551,725.68,3.763,40,,,,
168,-71.646,725.75,3.7698,40,,,,
169,-71.741,725.83,3.7766,40,,,,
170,-71.835,725.9,3.7834,40,,,,
171,-71.928,725.98,3.7903,40,,,,
172,-72.021,726.05,3.7972,40,,,,
173,-72.113,726.13,3.8041,40,,,,
174,-72.204,726.2,3.811,40,,,,
175,-72.295,726.28,3.818,40,,,,
176,-72.385,726.35,3.8249,40,,,,
177,-72.474,726.42,3.832,40,,,,
178,-72.563,726.5,3.839,40,,,,
179,-72.651,726.57,3.8461,40,,,,
180,-72.739,726.65,3.8532,40,,,,
181,-72.826,726.72,3.8603,40,,,,
182,-72.913,726.79,3.8675,40,,,,
183,-72.998,726.87,3.8747,40,,,,
184,-73.084,726.94,3.8819,40,,,,
185,-73.169,727.01,3.8892,40,,,,
186,-73.253,727.08,3.8965,40,,,,
187,-73.337,727.16,3.9038,40,,,,
188,-73.42,727.23,3.9111,40,,,,
189,-73.503,727.3,3.9185,40,,,,
190,-73.585,727.38,3.9259,40,,,,
191,-73.667,727.45,3.9333,40,,,,
192,-73.748,727.52,3.9408,40,,,,
193,-73.829,727.59,3.9483,40,,,,
194,-73.909,727.67,3.9558,40,,,,
195,-73.989,727.74,3.9634,40,,,,
196,-74.068,727.81,3.971,40,,,,
197,-74.147,727.88,3.9786,40,,,,
198,-74.226,727.96,3.9863,40,,,,
199,-74.304,728.03,3.994,40,,,,
200,-74.382,728.1,4.0017,40,,,,
201,-74.459,728.17,4.0095,40,,,,
202,-74.536,728.24,4.0172,40,,,,
203,-74.612,728.31,4.0251,40,,,,
204,-74.688,728.38,4.0329,40,,,,
205,-74.764,728.45,4.0408,40,,,,
206,-74.839,728.52,4.0487,40,,,,
207,-74.914,728.59,4.0567,40,,,,
208,-74.988,728.66,4.0647,40,,,,
209,-75.062,728.73,4.0727,40,,,,
210,-75.136,728.8,4.0808,40,,,,
211,-75.21,728.87,4.0889,40,,,,
212,-75.283,728.94,4.097,40,,,,
213,-75.355,729.01,4.1052,40,,,,
214,-75.428,729.08,4.1134,40,,,,
215,-75.5,729.15,4.1216,40,,,,
216,-75.572,729.22,4.1299,40,,,,
217,-75.643,729.29,4.1382,40,,,,
218,-75.714,729.36,4.1466,40,,,,
219,-75.785,729.42,4.155,40,,,,
220,-75.855,729.49,4.1634,40,,,,
221,-75.926,729.56,4.1719,40,,,,
222,-75.995,729.63,4.1804,40,,,,
223,-76.065,729.7,4.1889,40,,,,
224,-76.134,729.76,4.1975,40,,,,
225,-76.203,729.83,4.2061,40,,,,
226,-76.272,729.9,4.2147,40,,,,
227,-76.341,729.96,4.2234,40,,,,
228,-76.409,730.03,4.2322,40,,,,
229,-76.477,730.1,4.2409,40,,,,
230,-76.545,730.16,4.2497,40,,,,
231,-76.612,730.23,4.2586,40,,,,
232,-76.68,730.3,4.2675,40,,,,
233,-76.747,730.36,4.2764,40,,,,
234,-76.813,730.43,4.2854,40,,,,
235,-76.88,730.49,4.2944,40,,,,
236,-76.946,730.56,4.3034,40,,,,
237,-77.013,730.62,4.3125,40,,,,
238,-77.079,730.69,4.3217,40,,,,
239,-77.144,730.75,4.3308,40,,,,
240,-77.21,730.82,4.3401,40,,,,
241,-77.275,730.88,4.3493,40,,,,
242,-77.34,730.95,4.3586,40,,,,
243,-77.405,731.01,4.368,40,,,,
244,-77.47,731.08,4.3774,40,,,,
245,-77.535,731.14,4.3868,40,,,,
246,-77.599,731.21,4.3963,40,,,,
247,-77.663,731.27,4.4058,40,,,,
248,-77.727,731.33,4.4154,40,,,,
249,-77.791,731.4,4.425,40,,,,
250,-77.855,731.46,4.4346,40,,,,
251,-77.918,731.52,4.4443,40,,,,
252,-77.982,731.59,4.4541,40,,,,
253,-78.045,731.65,4.4639,40,,,,
254,-78.108,731.71,4.4737,40,,,,
255,-78.171,731.78,4.4836,40,,,,
256,-78.233,731.84,4.4935,40,,,,
257,-78.296,731.9,4.5035,40,,,,
258,-78.358,731.96,4.5135,40,,,,
259,-78.421,732.02,4.5236,40,,,,
260,-78.483,732.09,4.5337,40,,,,
261,-78.545,732.15,4.5439,40,,,,
262,-78.607,732.21,4.5541,40,,,,
263,-78.669,732.27,4.5644,40,,,,
264,-78.73,732.33,4.5747,40,,,,
265,-78.792,732.39,4.5851,40,,,,
266,-78.853,732.45,4.5955,40,,,,
267,-78.914,732.51,4.606,40,,,,
268,-78.975,732.57,4.6165,40,,,,
269,-79.037,732.63,4.6271,40,,,,
270,-79.097,732.69,4.6377,40,,,,
271,-79.158,732.75,4.6484,40,,,,
272,-79.219,732.81,4.6591,40,,,,
273,-79.28,732.87,4.6699,40,,,,
274,-79.34,732.93,4.6807,40,,,,
275,-79.401,732.99,4.6916,40,,,,
276,-79.461,733.04,4.7025,40,,,,
277,-79.521,733.1,4.7135,40,,,,
278,-79.582,733.16,4.7246,40,,,,
279,-79.642,733.22,4.7357,40,,,,
280,-79.702,733.28,4.7468,40,,,,
281,-79.762,733.33,4.7581,40,,,,
282,-79.822,733.39,4.7693,40,,,,
283,-79.882,733.45,4.7807,40,,,,
284,-79.941,733.51,4.7921,40,,,,
285,-80.001,733.56,4.8035,40,,,,
286,-80.061,733.62,4.815,40,,,,
287,-80.12,733.68,4.8266,40,,,,
288,-80.18,733.73,4.8382,40,,,,
289,-80.239,733.79,4.8499,40,,,,
290,-80.299,733.84,4.8616,40,,,,
291,-80.358,733.9,4.8734,40,,,,
292,-80.418,733.96,4.8853,40,,,,
293,-80.477,734.01,4.8972,40,,,,
294,-80.536,734.07,4.9092,40,,,,
295,-80.596,734.12,4.9212,40,,,,
296,-80.655,734.18,4.9333,40,,,,
297,-80.714,734.23,4.9455,40,,,,
298,-80.773,734.29,4.9578,40,,,,
299,-80.833,734.34,4.9701,40,,,,
300,-80.892,734.4,4.9824,40,,,,
301,-80.951,734.45,4.9949,40,,,,
302,-81.01,734.51,5.0073,40,,,,
303,-81.069,734.56,5.0199,40,,,,
304,-81.128,734.62,5.0325,40,,,,
305,-81.187,734.67,5.0452,40,,,,
306,-81.246,734.73,5.058,40,,,,
307,-81.306,734.78,5.0708,40,,,,
308,-81.365,734.83,5.0837,40,,,,
309,-81.424,734.89,5.0967,40,,,,
310,-81.483,734.94,5.1097,40,,,,
311,-81.542,734.99,5.1228,40,,,,
312,-81.601,735.05,5.136,40,,,,
313,-81.66,735.1,5.1493,40,,,,
314,-81.719,735.15,5.1626,40,,,,
315,-81.778,735.2,5.176,40,,,,
316,-81.838,735.26,5.1895,40,,,,
317,-81.897,735.31,5.203,40,,,,
318,-81.956,735.36,5.2166,40,,,,
319,-82.015,735.41,5.2303,40,,,,
320,-82.075,735.46,5.2441,40,,,,
321,-82.134,735.52,5.2579,40,,,,
322,-82.193,735.57,5.2718,40,,,,
323,-82.253,735.62,5.2858,40,,,,
324,-82.312,735.67,5.2999,40,,,,
325,-82.372,735.72,5.314,40,,,,
326,-82.432,735.77,5.3283,40,,,,
327,-82.491,735.82,5.3426,40,,,,
328,-82.551,735.87,5.357,40,,,,
329,-82.611,735.92,5.3714,40,,,,
330,-82.671,735.97,5.386,40,,,,
331,-82.731,736.02,5.4006,40,,,,
332,-82.791,736.07,5.4153,40,,,,
333,-82.851,736.12,5.4301,40,,,,
334,-82.912,736.17,5.445,40,,,,
335,-82.972,736.22,5.4599,40,,,,
336,-83.033,736.27,5.475,40,,,,
337,-83.093,736.32,5.4901,40,,,,
338,-83.154,736.37,5.5053,40,,,,
339,-83.215,736.41,5.5206,40,,,,
340,-83.276,736.46,5.536,40,,,,
341,-83.337,736.51,5.5515,40,,,,
342,-83.398,736.56,5.567,40,,,,
343,-83.459,736.61,5.5827,40,,,,
344,-83.521,736.65,5.5984,40,,,,
345,-83.582,736.7,5.6143,40,,,,
346,-83.644,736.75,5.6302,40,,,,
347,-83.706,736.8,5.6462,40,,,,
348,-83.768,736.84,5.6623,40,,,,
349,-83.83,736.89,5.6785,40,,,,
350,-83.893,736.94,5.6948,40,,,,
351,-83.955,736.99,5.7111,40,,,,
352,-84.018,737.03,5.7276,40,,,,
353,-84.081,737.08,5.7442,40,,,,
354,-84.145,737.13,5.7608,40,,,,
355,-84.208,737.17,5.7776,40,,,,
356,-84.272,737.22,5.7945,40,,,,
357,-84.336,737.26,5.8114,40,,,,
358,-84.4,737.31,5.8284,40,,,,
359,-84.464,737.35,5.8456,40,,,,
360,-84.529,737.4,5.8628,40,,,,
361,-84.593,737.45,5.8802,40,,,,
362,-84.658,737.49,5.8976,40,,,,
363,-84.724,737.54,5.9152,40,,,,
364,-84.789,737.58,5.9328,40,,,,
365,-84.855,737.63,5.9506,40,,,,
366,-84.922,737.67,5.9684,40,,,,
367,-84.988,737.72,5.9864,40,,,,
368,-85.055,737.76,6.0045,40,,,,
369,-85.122,737.81,6.0226,40,,,,
370,-85.19,737.85,6.0409,40,,,,
371,-85.257,737.9,6.0593,40,,,,
372,-85.326,737.94,6.0778,40,,,,
373,-85.394,737.99,6.0964,40,,,,
374,-85.463,738.03,6.1151,40,,,,
375,-85.532,738.07,6.1339,40,,,,
376,-85.602,738.12,6.1529,40,,,,
377,-85.672,738.16,6.1719,40,,,,
378,-85.743,738.21,6.1911,40,,,,
379,-85.813,738.25,6.2103,40,,,,
380,-85.885,738.29,6.2297,40,,,,
381,-85.957,738.34,6.2492,40,,,,
382,-86.029,738.38,6.2688,40,,,,
383,-86.102,738.42,6.2886,40,,,,
384,-86.175,738.47,6.3084,40,,,,
385,-86.248,738.51,6.3284,40,,,,
386,-86.323,738.55,6.3485,40,,,,
387,-86.397,738.6,6.3687,40,,,,
388,-86.473,738.64,6.3891,40,,,,
389,-86.548,738.68,6.4095,40,,,,
390,-86.625,738.73,6.4301,40,,,,
391,-86.702,738.77,6.4508,40,,,,
392,-86.779,738.81,6.4717,40,,,,
393,-86.858,738.85,6.4926,40,,,,
394,-86.936,738.89,6.5137,40,,,,
395,-87.016,738.94,6.5349,40,,,,
396,-87.096,738.98,6.5563,40,,,,
397,-87.177,739.02,6.5777,40,,,,
398,-87.258,739.06,6.5994,40,,,,
399,-87.34,739.1,6.6211,40,,,,
400,-87.423,739.15,6.643,40,,,,
401,-87.506,739.19,6.665,40,,,,
402,-87.59,739.23,6.6871,40,,,,
403,-87.675,739.27,6.7094,40,,,,
404,-87.761,739.31,6.7318,40,,,,
405,-87.848,739.35,6.7544,40,,,,
406,-87.935,739.4,6.7771,40,,,,
407,-88.023,739.44,6.8,40,,,,
408,-88.112,739.48,6.8229,40,,,,
409,-88.201,739.52,6.8461,40,,,,
410,-88.292,739.56,6.8693,40,,,,
411,-88.383,739.6,6.8928,40,,,,
412,-88.475,739.64,6.9163,40,,,,
413,-88.568,739.68,6.94,40,,,,
414,-88.662,739.72,6.9639,40,,,,
415,-88.757,739.77,6.9879,40,,,,
416,-88.853,739.81,7.0121,40,,,,
417,-88.95,739.85,7.0364,40,,,,
418,-89.047,739.89,7.0608,40,,,,
419,-89.146,739.93,7.0855,40,,,,
420,-89.226,739.98,7.1096,40,,,,
421,-89.296,740.05,7.1332,40,,,,
422,-89.36,740.13,7.1561,40,,,,
423,-89.424,740.22,7.1783,40,,,,
424,-89.493,740.33,7.1997,40.5,,,,
425,-89.584,740.44,7.2209,40.5,,,,
426,-89.693,740.55,7.242,40.5,,,,
427,-89.8,740.68,7.2624,40.5,,,,
428,-89.924,740.8,7.2826,40.5,,,,
429,-90.048,740.95,7.3021,40.5,,,,
430,-90.202,741.07,7.3221,40.5,,,,
431,-90.349,741.22,7.3415,40.5,,,,
432,-90.521,741.35,7.3616,40.5,,,,
433,-90.681,741.49,7.3811,40.5,,,,
434,-90.848,741.64,7.4006,40.5,,,,
435,-91.035,741.77,7.4209,40.5,,,,
436,-91.204,741.92,7.4407,40.5,,,,
437,-91.376,742.07,7.4606,40.5,,,,
438,-91.565,742.2,7.4815,40.5,,,,
439,-91.734,742.35,7.5018,40.5,,,,
440,-91.903,742.5,7.5223,40.5,,,,
441,-92.071,742.65,7.5429,40.5,,,,
442,-92.239,742.8,7.5637,40.5,,,,
443,-92.403,742.95,7.5847,40.5,,,,
444,-92.566,743.11,7.6059,40.5,,,,
445,-92.725,743.26,7.6273,40.5,,,,
446,-93.302,743.4,7.6414,40.5,,,,
447,-93.551,743.55,7.6592,40.5,,,,
448,-93.76,743.7,7.6792,40.5,,,,
449,-93.958,743.85,7.7005,40.5,,,,
450,-94.23,743.94,7.7261,40.5,,,,
451,-94.492,744.01,7.754,40.5,,,,
452,-94.704,744.09,7.7821,40.5,,,,
453,-94.923,744.16,7.8119,40.5,,,,
454,-95.104,744.25,7.8415,40.5,,,,
455,-95.277,744.33,7.8716,40.5,,,,
456,-95.467,744.4,7.9031,40.5,,,,
457,-95.622,744.49,7.9342,40.5,,,,
458,-95.775,744.57,7.9656,40.5,,,,
459,-95.948,744.64,7.9983,40.5,,,,
460,-96.088,744.73,8.0304,40.5,,,,
461,-96.226,744.81,8.0627,40.5,,,,
462,-96.362,744.9,8.0952,40.5,,,,
463,-96.497,744.98,8.1278,40.5,,,,
464,-96.628,745.07,8.1607,40.5,,,,
465,-96.732,745.17,8.1926,40.5,,,,
466,-96.839,745.27,8.2244,40.5,,,,
467,-96.947,745.37,8.2562,40.5,,,,
468,-97.029,745.49,8.2868,40.5,,,,
469,-97.088,745.62,8.316,40.5,,,,
470,-97.157,745.75,8.3447,40.5,,,,
471,-97.203,745.9,8.3719,40.5,,,,
472,-97.257,746.05,8.3985,40.5,,,,
473,-97.316,746.21,8.4246,40.5,,,,
474,-97.378,746.36,8.4504,40.5,,,,
475,-97.441,746.52,8.4758,40.5,,,,
476,-97.503,746.68,8.5011,40.5,,,,
477,-97.565,746.85,8.5262,41,,,,
478,-97.625,747.01,8.5512,41,,,,
479,-97.684,747.18,8.5761,41,,,,
480,-97.74,747.35,8.601,41,,,,
481,-97.793,747.53,8.6259,41,,,,
482,-97.844,747.71,8.6508,41,,,,
483,-97.891,747.89,8.6758,41,,,,
484,-97.934,748.08,8.7008,41,,,,
485,-97.974,748.27,8.7259,41,,,,
486,-98.009,748.46,8.7511,41,,,,
487,-98.041,748.66,8.7764,41,,,,
488,-98.067,748.86,8.8019,41,,,,
489,-98.09,749.07,8.8275,41,,,,
490,-98.108,749.28,8.8533,41,,,,
491,-98.122,749.49,8.8792,41,,,,
492,-98.132,749.71,8.9054,41,,,,
493,-98.137,749.94,8.9318,41,,,,
494,-98.139,750.17,8.9584,41,,,,
495,-98.137,750.41,8.9853,41,,,,
496,-98.131,750.65,9.0124,41,,,,
497,-98.122,750.89,9.0397,41,,,,
498,-98.109,751.14,9.0674,41,,,,
499,-98.094,751.4,9.0953,41,,,,
500,-98.075,751.67,9.1235,41,,,,
501,-98.053,751.93,9.152,41,,,,
502,-98.029,752.21,9.1808,41,,,,
503,-98.002,752.49,9.21,41,,,,
504,-97.973,752.78,9.2396,41,,,,
505,-97.942,753.08,9.2695,41,,,,
506,-97.91,753.38,9.2998,41,,,,
507,-97.877,753.69,9.3306,41,,,,
508,-97.842,754,9.3617,41,,,,
509,-97.807,754.32,9.3934,41,,,,
510,-97.772,754.66,9.4254,41,,,,
511,-97.737,754.99,9.458,41,,,,
512,-97.702,755.34,9.491,41,,,,
513,-97.669,755.69,9.5245,41,,,,
514,-97.636,756.06,9.5585,41,,,,
515,-97.604,756.43,9.593,41,,,,
516,-97.574,756.81,9.628,41,,,,
517,-97.545,757.2,9.6635,41,,,,
518,-97.518,757.6,9.6995,41,,,,
519,-97.494,758.01,9.736,41.5,,,,
520,-97.472,758.43,9.7731,41.5,,,,
521,-97.454,758.87,9.8106,41.5,,,,
522,-97.438,759.31,9.8487,41.5,,,,
523,-97.427,759.77,9.8872,41.5,,,,
524,-97.419,760.23,9.9264,41.5,,,,
525,-97.417,760.71,9.966,41.5,,,,
526,-97.42,761.2,10.006,41.5,,,,
527,-97.429,761.71,10.047,41.5,,,,
528,-97.445,762.22,10.089,41.5,,,,
529,-97.467,762.75,10.131,41.5,,,,
530,-97.498,763.29,10.173,41.5,,,,
531,-97.536,763.84,10.217,41.5,,,,
532,-97.583,764.4,10.26,41.5,,,,
533,-97.639,764.96,10.305,41.5,,,,
534,-97.703,765.54,10.35,41.5,,,,
535,-97.777,766.13,10.396,41.5,,,,
536,-97.861,766.73,10.443,41.5,,,,
537,-97.954,767.33,10.49,41.5,,,,
538,-98.058,767.94,10.538,41.5,,,,
539,-98.289,768.95,10.581,41.5,,,,
540,-98.12,769.91,10.627,41.5,,,,
541,-97.963,770.84,10.674,41.5,,,,
542,-97.822,771.74,10.723,41.5,,,,
543,-97.698,772.63,10.774,41.5,,,,
544,-97.595,773.51,10.825,41.5,,,,
545,-97.513,774.39,10.877,41.5,,,,
546,-97.452,775.25,10.93,41.5,,,,
547,-97.413,776.1,10.983,41.5,,,,
548,-97.395,776.94,11.037,41.5,,,,
549,-97.398,777.77,11.092,41.5,,,,
550,-97.421,778.59,11.148,41.5,,,,
551,-97.464,779.39,11.204,41.5,,,,
552,-97.525,780.19,11.261,41.5,,,,
553,-97.605,780.98,11.318,41.5,,,,
554,-97.704,781.75,11.376,41.5,,,,
555,-97.822,782.52,11.435,41.5,,,,
556,-97.961,783.27,11.494,41.5,,,,
557,-98.12,784.01,11.553,41.5,,,,
558,-98.301,784.74,11.613,42,,,,
559,-98.505,785.44,11.673,42,,,,
560,-98.731,786.12,11.734,42,,,,
561,-98.98,786.78,11.795,42,,,,
562,-99.25,787.41,11.856,42,,,,
563,-99.54,788,11.918,42,,,,
564,-99.848,788.56,11.979,42,,,,
565,-100.17,789.09,12.042,42,,,,
566,-100.51,789.58,12.104,42,,,,
567,-100.85,790.03,12.167,42,,,,
568,-101.2,790.45,12.229,42,,,,
569,-101.54,790.84,12.292,42,,,,
570,-101.89,791.2,12.355,42,,,,
571,-102.23,791.53,12.418,42,,,,
572,-102.57,791.84,12.482,42,,,,
573,-102.9,792.12,12.545,42,,,,
574,-103.22,792.39,12.608,42,,,,
575,-103.53,792.63,12.672,42,,,,
576,-103.84,792.85,12.735,42,,,,
577,-104.13,793.05,12.799,42,,,,
578,-104.42,793.24,12.862,42,,,,
579,-104.71,793.41,12.926,42,,,,
580,-104.99,793.56,12.99,42,,,,
581,-105.28,793.69,13.053,42,,,,
582,-105.57,793.82,13.117,42,,,,
583,-105.87,793.93,13.18,42,,,,
584,-106.18,794.03,13.243,42,,,,
585,-106.49,794.12,13.307,42,,,,
586,-106.82,794.21,13.37,42,,,,
587,-107.15,794.29,13.433,42,,,,
588,-107.49,794.36,13.496,42,,,,
589,-107.84,794.43,13.56,42,,,,
590,-108.21,794.5,13.623,42,,,,
591,-108.58,794.57,13.686,42,,,,
592,-108.96,794.63,13.749,42,,,,
593,-109.35,794.7,13.813,42,,,,
594,-109.76,794.77,13.876,42.5,,,,
595,-110.17,794.83,13.939,42.5,,,,
596,-110.59,794.9,14.002,42.5,,,,
597,-111.02,794.98,14.065,42.5,,,,
598,-111.46,795.05,14.128,42.5,,,,
599,-111.9,795.13,14.191,42.5,,,,
600,-112.35,795.21,14.254,42.5,,,,
601,-112.8,795.29,14.317,42.5,,,,
602,-113.24,795.38,14.38,42.5,,,,
603,-113.68,795.47,14.443,42.5,,,,
604,-114.12,795.56,14.506,42.5,,,,
605,-114.55,795.65,14.569,42.5,,,,
606,-114.97,795.75,14.632,42.5,,,,
607,-115.37,795.85,14.695,42.5,,,,
608,-115.77,795.95,14.758,42.5,,,,
609,-116.16,796.05,14.821,42.5,,,,
610,-116.53,796.15,14.884,42.5,,,,
611,-116.89,796.25,14.947,42.5,,,,
612,-117.24,796.36,15.01,42.5,,,,
613,-117.99,796.45,15.067,42.5,,,,
614,-118.33,796.56,15.126,42.5,,,,
615,-118.57,796.67,15.188,42.5,,,,
616,-118.78,796.78,15.251,42.5,,,,
617,-118.98,796.89,15.313,42.5,,,,
618,-119.16,796.99,15.376,42.5,,,,
619,-119.34,797.1,15.439,42.5,,,,
620,-119.51,797.21,15.501,42.5,,,,
621,-119.67,797.32,15.564,42.5,,,,
622,-119.83,797.43,15.626,42.5,,,,
623,-119.97,797.54,15.688,42.5,,,,
624,-120.1,797.66,15.75,42.5,,,,
625,-120.23,797.78,15.812,42.5,,,,
626,-120.35,797.9,15.874,42.5,,,,
627,-120.47,798.03,15.936,42.5,,,,
628,-120.57,798.16,15.997,42.5,,,,
629,-120.67,798.3,16.059,43,,,,
630,-120.77,798.44,16.12,43,,,,
631,-120.85,798.59,16.181,43,,,,
632,-120.93,798.74,16.242,43,,,,
633,-121,798.9,16.303,43,,,,
634,-121.07,799.07,16.364,43,,,,
635,-121.12,799.24,16.424,43,,,,
636,-121.17,799.42,16.485,43,,,,
637,-121.2,799.61,16.545,43,,,,
638,-121.23,799.81,16.606,43,,,,
639,-121.25,800.01,16.666,43,,,,
640,-121.26,800.22,16.727,43,,,,
641,-121.26,800.44,16.787,43,,,,
642,-121.25,800.66,16.847,43,,,,
643,-121.23,800.9,16.908,43,,,,
644,-121.21,801.14,16.968,43,,,,
645,-121.17,801.39,17.029,43,,,,
646,-121.13,801.65,17.089,43,,,,
647,-121.09,801.92,17.15,43,,,,
648,-121.04,802.2,17.211,43,,,,
649,-120.98,802.49,17.272,43,,,,
650,-120.92,802.79,17.333,43,,,,
651,-120.85,803.1,17.394,43,,,,
652,-120.78,803.42,17.455,43,,,,
653,-120.7,803.75,17.517,43,,,,
654,-120.63,804.1,17.579,43,,,,
655,-120.55,804.45,17.641,43,,,,
656,-120.47,804.82,17.704,43,,,,
657,-120.39,805.2,17.767,43,,,,
658,-120.31,805.59,17.831,43,,,,
659,-120.23,806,17.895,43,,,,
660,-120.15,806.42,17.96,43,,,,
661,-120.07,806.86,18.025,43,,,,
662,-120,807.31,18.09,43,,,,
663,-119.93,807.78,18.156,43.5,,,,
664,-119.86,808.27,18.223,43.5,,,,
665,-119.8,808.77,18.29,43.5,,,,
666,-119.74,809.29,18.357,43.5,,,,
667,-119.68,809.84,18.425,43.5,,,,
668,-119.64,810.4,18.494,43.5,,,,
669,-119.6,810.98,18.563,43.5,,,,
670,-119.57,811.58,18.633,43.5,,,,
671,-119.55,812.2,18.704,43.5,,,,
672,-119.55,812.84,18.775,43.5,,,,
673,-119.55,813.5,18.847,43.5,,,,
674,-119.57,814.17,18.92,43.5,,,,
675,-119.61,814.87,18.993,43.5,,,,
676,-119.66,815.57,19.068,43.5,,,,
677,-119.73,816.29,19.143,43.5,,,,
678,-119.81,817.03,19.22,43.5,,,,
679,-119.91,817.78,19.297,43.5,,,,
680,-120.45,818.6,19.372,43.5,,,,
681,-120.15,819.85,19.446,43.5,,,,
682,-119.88,821,19.524,43.5,,,,
683,-119.64,822.12,19.604,43.5,,,,
684,-119.44,823.22,19.685,43.5,,,,
685,-119.27,824.3,19.768,43.5,,,,
686,-119.15,825.36,19.852,43.5,,,,
687,-119.06,826.4,19.938,43.5,,,,
688,-119.01,827.42,20.025,43.5,,,,
689,-118.99,828.42,20.113,43.5,,,,
690,-119.01,829.41,20.202,43.5,,,,
691,-119.06,830.37,20.293,43.5,,,,
692,-119.14,831.33,20.384,43.5,,,,
693,-119.25,832.26,20.477,43.5,,,,
694,-119.39,833.18,20.57,43.5,,,,
695,-119.57,834.08,20.665,44,,,,
696,-119.79,834.95,20.76,44,,,,
697,-120.05,835.79,20.856,44,,,,
698,-120.34,836.59,20.953,44,,,,
699,-120.67,837.35,21.051,44,,,,
700,-121.04,838.05,21.15,44,,,,
701,-121.43,838.7,21.249,44,,,,
702,-121.85,839.3,21.349,44,,,,
703,-122.28,839.84,21.45,44,,,,
704,-122.72,840.33,21.551,44,,,,
705,-123.16,840.77,21.653,44,,,,
706,-123.59,841.16,21.755,44,,,,
707,-124.01,841.52,21.858,44,,,,
708,-124.41,841.84,21.961,44,,,,
709,-124.8,842.13,22.065,44,,,,
710,-125.17,842.39,22.169,44,,,,
711,-125.53,842.62,22.274,44,,,,
712,-125.86,842.82,22.379,44,,,,
713,-126.19,843,22.485,44,,,,
714,-126.52,843.15,22.591,44,,,,
715,-126.84,843.29,22.698,44,,,,
716,-127.17,843.4,22.805,44,,,,
717,-127.51,843.5,22.912,44,,,,
718,-127.86,843.59,23.02,44,,,,
719,-128.23,843.67,23.129,44,,,,
720,-128.61,843.74,23.238,44,,,,
721,-129.01,843.8,23.348,44,,,,
722,-129.42,843.86,23.458,44,,,,
723,-129.85,843.92,23.569,44,,,,
724,-130.29,843.98,23.68,44,,,,
725,-130.75,844.04,23.793,44,,,,
726,-131.23,844.1,23.906,44.5,,,,
727,-131.72,844.16,24.019,44.5,,,,
728,-132.23,844.22,24.134,44.5,,,,
729,-132.74,844.29,24.249,44.5,,,,
730,-133.27,844.37,24.365,44.5,,,,
731,-133.8,844.45,24.481,44.5,,,,
732,-134.34,844.53,24.599,44.5,,,,
733,-134.86,844.62,24.717,44.5,,,,
734,-135.38,844.71,24.837,44.5,,,,
735,-135.89,844.81,24.957,44.5,,,,
736,-136.38,844.91,25.078,44.5,,,,
737,-136.86,845.01,25.2,44.5,,,,
738,-137.31,845.11,25.324,44.5,,,,
739,-137.75,845.22,25.448,44.5,,,,
740,-138.16,845.32,25.574,44.5,,,,
741,-138.56,845.43,25.7,44.5,,,,
742,-139.48,845.53,25.821,44.5,,,,
743,-139.89,845.64,25.946,44.5,,,,
744,-140.15,845.76,26.075,44.5,,,,
745,-140.35,845.87,26.206,44.5,,,,
746,-140.54,845.98,26.338,44.5,,,,
747,-140.71,846.09,26.471,44.5,,,,
748,-140.88,846.2,26.606,44.5,,,,
749,-141.03,846.31,26.742,44.5,,,,
750,-141.17,846.43,26.879,44.5,,,,
751,-141.3,846.55,27.018,44.5,,,,
752,-141.41,846.67,27.157,44.5,,,,
753,-141.52,846.8,27.298,44.5,,,,
754,-141.62,846.94,27.44,44.5,,,,
755,-141.7,847.08,27.584,45,,,,
756,-141.78,847.23,27.728,45,,,,
757,-141.84,847.39,27.874,45,,,,
758,-141.89,847.55,28.021,45,,,,
759,-141.93,847.73,28.169,45,,,,
760,-141.96,847.91,28.319,45,,,,
761,-141.98,848.11,28.469,45,,,,
762,-141.98,848.31,28.622,45,,,,
763,-141.96,848.52,28.775,45,,,,
764,-141.93,848.75,28.93,45,,,,
765,-141.89,848.98,29.086,45,,,,
766,-141.83,849.23,29.244,45,,,,
767,-141.76,849.49,29.403,45,,,,
768,-141.67,849.76,29.564,45,,,,
769,-141.58,850.04,29.726,45,,,,
770,-141.47,850.34,29.89,45,,,,
771,-141.36,850.64,30.055,45,,,,
772,-141.23,850.97,30.221,45,,,,
773,-141.1,851.3,30.389,45,,,,
774,-140.96,851.65,30.558,45,,,,
775,-140.82,852.02,30.729,45,,,,
776,-140.67,852.4,30.902,45,,,,
777,-140.52,852.8,31.076,45,,,,
778,-140.37,853.21,31.252,45,,,,
779,-140.22,853.65,31.429,45,,,,
780,-140.07,854.1,31.607,45,,,,
781,-139.92,854.58,31.788,45,,,,
782,-139.77,855.07,31.969,45,,,,
783,-139.63,855.59,32.152,45,,,,
784,-139.49,856.13,32.337,45.5,,,,
785,-139.36,856.7,32.522,45.5,,,,
786,-139.23,857.29,32.709,45.5,,,,
787,-139.12,857.91,32.897,45.5,,,,
788,-139.01,858.56,33.086,45.5,,,,
789,-138.92,859.24,33.276,45.5,,,,
790,-138.84,859.95,33.467,45.5,,,,
791,-138.78,860.69,33.659,45.5,,,,
792,-138.74,861.46,33.853,45.5,,,,
793,-138.73,862.25,34.047,45.5,,,,
794,-138.74,863.07,34.242,45.5,,,,
795,-138.77,863.91,34.439,45.5,,,,
796,-138.83,864.78,34.636,45.5,,,,
797,-138.91,865.66,34.834,45.5,,,,
798,-139.02,866.57,35.032,45.5,,,,
799,-139.16,867.49,35.232,45.5,,,,
800,-139.33,868.92,35.426,45.5,,,,
801,-139,870.33,35.623,45.5,,,,
802,-138.71,871.69,35.824,45.5,,,,
803,-138.48,873.02,36.025,45.5,,,,
804,-138.31,874.31,36.228,45.5,,,,
805,-138.21,875.56,36.432,45.5,,,,
806,-138.15,876.78,36.637,45.5,,,,
807,-138.15,877.97,36.842,45.5,,,,
808,-138.19,879.14,37.047,45.5,,,,
809,-138.27,880.28,37.253,45.5,,,,
810,-138.4,881.39,37.458,45.5,,,,
811,-138.58,882.48,37.663,46,,,,
812,-138.8,883.53,37.867,46,,,,
813,-139.08,884.54,38.07,46,,,,
814,-139.41,885.5,38.273,46,,,,
815,-139.8,886.39,38.475,46,,,,
816,-140.24,887.2,38.676,46,,,,
817,-140.72,887.94,38.876,46,,,,
818,-141.23,888.59,39.074,46,,,,
819,-141.76,889.17,39.271,46,,,,
820,-142.29,889.69,39.467,46,,,,
821,-142.81,890.13,39.661,46,,,,
822,-143.33,890.53,39.853,46,,,,
823,-143.82,890.88,40.044,46,,,,
824,-144.28,891.18,40.233,46,,,,
825,-144.72,891.44,40.421,46,,,,
826,-145.15,891.67,40.606,46,,,,
827,-145.55,891.87,40.79,46,,,,
828,-145.96,892.03,40.972,46,,,,
829,-146.37,892.17,41.152,46,,,,
830,-146.8,892.28,41.33,46,,,,
831,-147.25,892.37,41.507,46,,,,
832,-147.73,892.45,41.682,46,,,,
833,-148.23,892.52,41.855,46,,,,
834,-148.76,892.58,42.027,46,,,,
835,-149.31,892.64,42.198,46,,,,
836,-149.88,892.7,42.367,46,,,,
837,-150.49,892.75,42.536,46,,,,
838,-151.11,892.81,42.703,46.5,,,,
839,-151.77,892.87,42.868,46.5,,,,
840,-152.45,892.93,43.033,46.5,,,,
841,-153.14,893.01,43.197,46.5,,,,
842,-153.86,893.08,43.36,46.5,,,,
843,-154.59,893.17,43.522,46.5,,,,
844,-155.32,893.25,43.683,46.5,,,,
845,-156.04,893.35,43.844,46.5,,,,
846,-156.76,893.45,44.005,46.5,,,,
847,-157.46,893.55,44.165,46.5,,,,
848,-158.14,893.66,44.326,46.5,,,,
849,-158.8,893.76,44.486,46.5,,,,
850,-159.44,893.88,44.646,46.5,,,,
851,-160.06,893.99,44.807,46.5,,,,
852,-160.66,894.1,44.969,46.5,,,,
853,-161.24,894.22,45.131,46.5,,,,
854,-162.37,894.31,45.288,46.5,,,,
855,-162.91,894.44,45.451,46.5,,,,
856,-163.33,894.56,45.617,46.5,,,,
857,-163.71,894.67,45.786,46.5,,,,
858,-164.09,894.79,45.958,46.5,,,,
859,-164.47,894.9,46.132,46.5,,,,
860,-164.84,895.02,46.309,46.5,,,,
861,-165.2,895.14,46.488,46.5,,,,
862,-165.57,895.26,46.671,46.5,,,,
863,-165.93,895.4,46.857,46.5,,,,
864,-166.29,895.54,47.047,46.5,,,,
865,-166.65,895.69,47.242,47,,,,
866,-167.01,895.85,47.441,47,,,,
867,-167.36,896.02,47.645,47,,,,
868,-167.72,896.2,47.855,47,,,,
869,-168.07,896.39,48.071,47,,,,
870,-168.41,896.59,48.293,47,,,,
871,-168.75,896.81,48.523,47,,,,
872,-169.08,897.04,48.761,47,,,,
873,-169.41,897.28,49.007,47,,,,
874,-169.72,897.53,49.263,47,,,,
875,-170.03,897.8,49.528,47,,,,
876,-170.34,898.08,49.804,47,,,,
877,-170.64,898.38,50.092,47,,,,
878,-170.93,898.69,50.391,47,,,,
879,-171.22,899.02,50.702,47,,,,
880,-171.51,899.37,51.027,47,,,,
881,-171.79,899.73,51.366,47,,,,
882,-172.07,900.11,51.719,47,,,,
883,-172.34,900.51,52.088,47,,,,
884,-172.61,900.93,52.473,47,,,,
885,-172.88,901.38,52.874,47,,,,
886,-173.15,901.84,53.291,47,,,,
887,-173.42,902.33,53.726,47,,,,
888,-173.68,902.85,54.177,47,,,,
889,-173.94,903.39,54.645,47,,,,
890,-174.19,903.96,55.13,47.5,,,,
891,-174.45,904.57,55.632,47.5,,,,
892,-174.7,905.2,56.149,47.5,,,,
893,-174.95,905.88,56.681,47.5,,,,
894,-175.21,906.59,57.227,47.5,,,,
895,-175.47,907.34,57.786,47.5,,,,
896,-175.74,908.12,58.358,47.5,,,,
897,-176.03,908.95,58.94,47.5,,,,
898,-176.35,909.82,59.532,47.5,,,,
899,-176.68,910.72,60.131,47.5,,,,
900,-177.05,911.65,60.737,47.5,,,,
901,-177.45,912.62,61.347,47.5,,,,
902,-177.89,913.61,61.961,47.5,,,,
903,-178.36,914.64,62.575,47.5,,,,
904,-178.89,915.69,63.188,47.5,,,,
905,-179.46,916.77,63.8,47.5,,,,
906,-179.82,918.5,64.406,47.5,,,,
907,-179.89,920.11,65.011,47.5,,,,
908,-180.04,921.65,65.613,47.5,,,,
909,-180.29,923.14,66.211,47.5,,,,
910,-180.64,924.58,66.803,47.5,,,,
911,-181.08,925.98,67.388,47.5,,,,
912,-181.6,927.34,67.965,47.5,,,,
913,-182.2,928.66,68.534,47.5,,,,
914,-182.86,929.95,69.095,47.5,,,,
915,-183.6,931.21,69.647,48,,,,
916,-184.42,932.43,70.191,48,,,,
917,-185.31,933.59,70.727,48,,,,
918,-186.28,934.67,71.255,48,,,,
919,-187.32,935.67,71.776,48,,,,
920,-188.43,936.56,72.291,48,,,,
921,-189.58,937.35,72.802,48,,,,
922,-190.76,938.03,73.308,48,,,,
923,-191.93,938.62,73.811,48,,,,
924,-193.08,939.13,74.313,48,,,,
925,-194.19,939.57,74.814,48,,,,
926,-195.25,939.95,75.316,48,,,,
927,-196.25,940.27,75.82,48,,,,
928,-197.2,940.55,76.329,48,,,,
929,-198.11,940.78,76.842,48,,,,
930,-198.99,940.97,77.363,48,,,,
931,-199.88,941.13,77.892,48,,,,
932,-200.78,941.26,78.433,48,,,,
933,-201.71,941.36,78.988,48,,,,
934,-202.69,941.45,79.56,48,,,,
935,-203.72,941.53,80.153,48,,,,
936,-204.8,941.6,80.772,48,,,,
937,-205.95,941.67,81.421,48,,,,
938,-207.17,941.74,82.106,48,,,,
939,-208.46,941.81,82.832,48.5,,,,
940,-209.84,941.89,83.605,48.5,,,,
941,-211.31,941.98,84.431,48.5,,,,
942,-212.86,942.07,85.313,48.5,,,,
943,-214.5,942.18,86.256,48.5,,,,
944,-216.2,942.29,87.26,48.5,,,,
945,-217.98,942.41,88.327,48.5,,,,
946,-219.81,942.54,89.455,48.5,,,,
947,-221.69,942.67,90.642,48.5,,,,
948,-223.65,942.81,91.885,48.5,,,,
949,-225.67,942.95,93.181,48.5,,,,
950,-227.76,943.1,94.526,48.5,,,,
951,-229.92,943.25,95.917,48.5,,,,
952,-232.14,943.4,97.35,48.5,,,,
953,-234.41,943.55,98.821,48.5,,,,
954,-237.39,943.69,100.32,48.5,,,,
955,-239.78,943.82,101.87,48.5,,,,
956,-242.02,943.96,103.44,48.5,,,,
957,-244.26,944.09,105.03,48.5,,,,
958,-246.52,944.23,106.62,48.5,,,,
959,-248.82,944.36,108.21,48.5,,,,
960,-251.14,944.5,109.8,48.5,,,,
961,-253.48,944.65,111.36,48.5,,,,
962,-255.84,944.81,112.9,48.5,,,,
963,-258.19,944.98,114.4,48.5,,,,
964,-260.51,945.15,115.87,49,,,,
965,-262.74,945.34,117.31,49,,,,
966,-264.84,945.54,118.7,49,,,,
967,-266.76,945.75,120.05,49,,,,
968,-268.46,945.98,121.36,49,,,,
969,-269.89,946.22,122.63,49,,,,
970,-271.06,946.47,123.84,49,,,,
971,-271.95,946.73,125,49,,,,
972,-272.59,947.01,126.09,49,,,,
973,-273.02,947.31,127.13,49,,,,
974,-273.27,947.61,128.11,49,,,,
975,-273.4,947.94,129.01,49,,,,
976,-273.47,948.27,129.85,49,,,,
977,-273.51,948.63,130.62,49,,,,
978,-273.58,949,131.32,49,,,,
979,-273.72,949.38,131.96,49,,,,
980,-273.98,949.78,132.53,49,,,,
981,-274.36,950.2,133.04,49,,,,
982,-274.9,950.64,133.49,49,,,,
983,-275.6,951.09,133.89,49,,,,
984,-276.47,951.56,134.24,49,,,,
985,-277.51,952.05,134.54,49,,,,
986,-278.71,952.56,134.8,49,,,,
987,-280.06,953.09,135.03,49,,,,
988,-281.54,953.64,135.22,49,,,,
989,-283.13,954.21,135.39,49,,,,
990,-284.81,954.8,135.53,49,,,,
991,-286.55,955.42,135.65,49,,,,
992,-288.34,956.06,135.77,49.5,,,,
993,-290.13,956.73,135.87,49.5,,,,
994,-291.9,957.42,135.96,49.5,,,,
995,-293.62,958.14,136.05,49.5,,,,
996,-295.28,958.89,136.14,49.5,,,,
997,-296.84,959.67,136.23,49.5,,,,
998,-298.29,960.48,136.33,49.5,,,,
999,-299.62,961.31,136.42,49.5,,,,
1000,-300.8,962.17,136.52,49.5,,,,
1001,-301.84,963.06,136.63,49.5,,,,
1002,-302.72,963.97,136.74,49.5,,,,
1003,-303.44,964.9,136.84,49.5,,,,
1004,-304,965.85,136.95,49.5,,,,
1005,-304.4,966.82,137.06,49.5,,,,
1006,-304.64,967.81,137.17,49.5,,,,
1007,-304.75,968.81,137.26,49.5,,,,
1008,-304.72,969.83,137.35,49.5,,,,
1009,-304.74,971.22,137.48,49.5,,,,
1010,-304.07,972.55,137.62,49.5,,,,
1011,-303.3,973.82,137.76,49.5,,,,
1012,-302.5,975.06,137.89,49.5,,,,
1013,-301.69,976.27,138.01,49.5,,,,
1014,-300.86,977.44,138.11,49.5,,,,
1015,-300.03,978.58,138.2,49.5,,,,
1016,-299.21,979.7,138.28,49.5,,,,
1017,-298.4,980.79,138.33,49.5,,,,
1018,-297.6,981.86,138.37,49.5,,,,
1019,-296.83,982.91,138.38,49.5,,,,
1020,-296.09,983.95,138.38,49.5,,,,
1021,-295.4,984.95,138.35,50,,,,
1022,-294.75,985.94,138.31,50,,,,
1023,-294.17,986.88,138.24,50,,,,
1024,-293.65,987.79,138.16,50,,,,
1025,-293.18,988.64,138.06,50,,,,
1026,-292.78,989.43,137.94,50,,,,
1027,-292.42,990.17,137.81,50,,,,
1028,-292.1,990.84,137.66,50,,,,
1029,-291.81,991.44,137.5,50,,,,
1030,-291.53,991.99,137.33,50,,,,
1031,-291.26,992.49,137.14,50,,,,
1032,-290.98,992.94,136.95,50,,,,
1033,-290.68,993.35,136.74,50,,,,
1034,-290.36,993.73,136.53,50,,,,
1035,-290.01,994.07,136.3,50,,,,
1036,-289.62,994.38,136.07,50,,,,
1037,-289.21,994.67,135.82,50,,,,
1038,-288.77,994.93,135.57,50,,,,
1039,-288.3,995.17,135.31,50,,,,
1040,-287.82,995.38,135.04,50,,,,
1041,-287.34,995.58,134.77,50,,,,
1042,-286.85,995.76,134.48,50,,,,
1043,-286.38,995.93,134.18,50,,,,
1044,-285.91,996.1,133.87,50,,,,
1045,-285.46,996.25,133.55,50,,,,
1046,-285.03,996.4,133.22,50,,,,
1047,-284.62,996.55,132.88,50,,,,
1048,-284.23,996.7,132.52,50,,,,
1049,-283.87,996.85,132.15,50,,,,
1050,-283.53,997,131.76,50,,,,
1051,-283.22,997.16,131.36,50.5,,,,
1052,-282.93,997.32,130.94,50.5,,,,
1053,-282.67,997.49,130.51,50.5,,,,
1054,-282.43,997.67,130.06,50.5,,,,
1055,-282.22,997.85,129.58,50.5,,,,
1056,-282.01,998.04,129.09,50.5,,,,
1057,-281.81,998.24,128.57,50.5,,,,
1058,-281.61,998.44,128.03,50.5,,,,
1059,-281.39,998.65,127.46,50.5,,,,
1060,-281.15,998.86,126.87,50.5,,,,
1061,-280.87,999.08,126.24,50.5,,,,
1062,-280.56,999.31,125.57,50.5,,,,
1063,-280.2,999.54,124.87,50.5,,,,
1064,-279.78,999.78,124.14,50.5,,,,
1065,-279.29,1000,123.36,50.5,,,,
1066,-278.71,1000.3,122.55,50.5,,,,
1067,-278.04,1000.5,121.73,50.5,,,,
1068,-277.94,1000.7,120.92,50.5,,,,
1069,-277.14,1000.7,120.18,50.5,,,,
1070,-276.02,1000.8,119.53,50.5,,,,
1071,-274.73,1000.8,119.02,50.5,,,,
1072,-273.28,1000.9,118.67,50.5,,,,
1073,-271.73,1001,118.48,50.5,,,,
1074,-270.14,1001.1,118.43,50.5,,,,
1075,-268.57,1001.1,118.49,50.5,,,,
1076,-267.12,1001.2,118.62,50.5,,,,
1077,-265.83,1001.3,118.8,50.5,,,,
1078,-264.74,1001.4,119,50.5,,,,
1079,-263.86,1001.6,119.23,50.5,,,,
1080,-263.18,1001.7,119.47,50.5,,,,
1081,-262.66,1001.8,119.72,51,,,,
1082,-262.3,1002,119.98,51,,,,
1083,-262.04,1002.1,120.24,51,,,,
1084,-261.87,1002.3,120.5,51,,,,
1085,-261.76,1002.5,120.75,51,,,,
1086,-261.7,1002.7,120.99,51,,,,
1087,-261.65,1002.9,121.21,51,,,,
1088,-261.61,1003.1,121.42,51,,,,
1089,-261.58,1003.3,121.61,51,,,,
1090,-261.52,1003.5,121.78,51,,,,
1091,-261.45,1003.8,121.93,51,,,,
1092,-261.35,1004,122.07,51,,,,
1093,-261.22,1004.3,122.19,51,,,,
1094,-261.06,1004.6,122.29,51,,,,
1095,-260.87,1004.9,122.38,51,,,,
1096,-260.64,1005.2,122.46,51,,,,
1097,-260.37,1005.5,122.53,51,,,,
1098,-260.07,1005.8,122.59,51,,,,
1099,-259.74,1006.2,122.64,51,,,,
1100,-259.37,1006.5,122.68,51,,,,
1101,-258.97,1006.9,122.72,51,,,,
1102,-258.54,1007.2,122.75,51,,,,
1103,-258.08,1007.6,122.78,51,,,,
1104,-257.59,1008,122.8,51,,,,
1105,-257.07,1008.4,122.82,51,,,,
1106,-256.53,1008.9,122.84,51,,,,
1107,-255.97,1009.3,122.86,51,,,,
1108,-255.38,1009.8,122.87,51,,,,
1109,-254.78,1010.2,122.89,51,,,,
1110,-254.15,1010.7,122.91,51,,,,
1111,-253.52,1011.2,122.92,51,,,,
1112,-252.86,1011.7,122.94,51,,,,
1113,-252.2,1012.3,122.95,51,,,,
1114,-251.53,1012.8,122.97,51.5,,,,
1115,-250.84,1013.4,122.99,51.5,,,,
1116,-250.15,1014,123,51.5,,,,
1117,-249.46,1014.6,123.02,51.5,,,,
1118,-248.76,1015.3,123.04,51.5,,,,
1119,-248.07,1015.9,123.06,51.5,,,,
1120,-247.37,1016.6,123.08,51.5,,,,
1121,-246.69,1017.3,123.1,51.5,,,,
1122,-246.01,1018,123.13,51.5,,,,
1123,-245.34,1018.8,123.15,51.5,,,,
1124,-244.68,1019.6,123.18,51.5,,,,
1125,-244.03,1020.3,123.21,51.5,,,,
1126,-243.4,1021.2,123.23,51.5,,,,
1127,-242.79,1022,123.26,51.5,,,,
1128,-242.19,1022.8,123.29,51.5,,,,
1129,-241.61,1023.7,123.33,51.5,,,,
1130,-241.05,1024.5,123.36,51.5,,,,
1131,-240.89,1025.5,123.4,51.5,,,,
1132,-240.21,1026.6,123.5,51.5,,,,
1133,-239.46,1027.5,123.6,51.5,,,,
1134,-238.73,1028.5,123.71,51.5,,,,
1135,-238.02,1029.5,123.83,51.5,,,,
1136,-237.36,1030.4,123.95,51.5,,,,
1137,-236.73,1031.3,124.08,51.5,,,,
1138,-236.14,1032.3,124.21,51.5,,,,
1139,-235.58,1033.2,124.35,51.5,,,,
1140,-235.07,1034,124.49,51.5,,,,
1141,-234.59,1034.9,124.63,51.5,,,,
1142,-234.15,1035.8,124.77,51.5,,,,
1143,-233.75,1036.6,124.92,51.5,,,,
1144,-233.4,1037.4,125.06,51.5,,,,
1145,-233.08,1038.3,125.2,52,,,,
1146,-232.81,1039.1,125.35,52,,,,
1147,-232.6,1039.8,125.49,52,,,,
1148,-232.43,1040.6,125.64,52,,,,
1149,-232.3,1041.3,125.78,52,,,,
1150,-232.22,1041.9,125.92,52,,,,
1151,-232.17,1042.5,126.06,52,,,,
1152,-232.15,1043.1,126.19,52,,,,
1153,-232.15,1043.5,126.33,52,,,,
1154,-232.16,1044,126.46,52,,,,
1155,-232.17,1044.4,126.58,52,,,,
1156,-232.18,1044.7,126.71,52,,,,
1157,-232.18,1045,126.83,52,,,,
1158,-232.16,1045.3,126.95,52,,,,
1159,-232.14,1045.5,127.06,52,,,,
1160,-232.09,1045.7,127.16,52,,,,
1161,-232.04,1045.9,127.27,52,,,,
1162,-231.98,1046.1,127.37,52,,,,
1163,-231.91,1046.2,127.46,52,,,,
1164,-231.85,1046.4,127.55,52,,,,
1165,-231.79,1046.5,127.63,52,,,,
1166,-231.75,1046.5,127.71,52,,,,
1167,-231.73,1046.6,127.78,52,,,,
1168,-231.74,1046.7,127.85,52,,,,
1169,-231.77,1046.7,127.92,52,,,,
1170,-231.82,1046.8,127.98,52,,,,
1171,-231.91,1046.8,128.03,52,,,,
1172,-232.02,1046.9,128.08,52,,,,
1173,-232.16,1046.9,128.13,52,,,,
1174,-232.34,1047,128.17,52,,,,
1175,-232.54,1047,128.2,52.5,,,,
1176,-232.77,1047.1,128.24,52.5,,,,
1177,-233.03,1047.2,128.26,52.5,,,,
1178,-233.31,1047.2,128.29,52.5,,,,
1179,-233.63,1047.3,128.31,52.5,,,,
1180,-233.96,1047.4,128.33,52.5,,,,
1181,-234.31,1047.5,128.34,52.5,,,,
1182,-234.66,1047.6,128.35,52.5,,,,
1183,-235.02,1047.7,128.36,52.5,,,,
1184,-235.38,1047.8,128.37,52.5,,,,
1185,-235.74,1047.9,128.37,52.5,,,,
1186,-236.08,1048,128.37,52.5,,,,
1187,-236.41,1048.1,128.36,52.5,,,,
1188,-236.73,1048.3,128.36,52.5,,,,
1189,-237.04,1048.4,128.35,52.5,,,,
1190,-237.33,1048.5,128.34,52.5,,,,
1191,-237.61,1048.6,128.32,52.5,,,,
1192,-238.59,1048.7,128.33,52.5,,,,
1193,-239.01,1048.7,128.35,52.5,,,,
1194,-239.28,1048.7,128.38,52.5,,,,
1195,-239.48,1048.7,128.41,52.5,,,,
1196,-239.64,1048.7,128.44,52.5,,,,
1197,-239.78,1048.7,128.46,52.5,,,,
1198,-239.91,1048.7,128.48,52.5,,,,
1199,-240.02,1048.8,128.5,52.5,,,,
1200,-240.11,1048.8,128.51,52.5,,,,
1201,-240.19,1048.9,128.52,52.5,,,,
1202,-240.27,1048.9,128.53,52.5,,,,
1203,-240.34,1049,128.53,52.5,,,,
1204,-240.4,1049.1,128.53,53,,,,
1205,-240.45,1049.2,128.52,53,,,,
1206,-240.49,1049.3,128.51,53,,,,
1207,-240.53,1049.4,128.49,53,,,,
1208,-240.55,1049.5,128.47,53,,,,
1209,-240.57,1049.7,128.44,53,,,,
1210,-240.57,1049.8,128.41,53,,,,
1211,-240.55,1050,128.37,53,,,,
1212,-240.53,1050.2,128.33,53,,,,
1213,-240.48,1050.4,128.28,53,,,,
1214,-240.42,1050.6,128.23,53,,,,
1215,-240.35,1050.9,128.18,53,,,,
1216,-240.26,1051.1,128.12,53,,,,
1217,-240.15,1051.4,128.06,53,,,,
1218,-240.03,1051.6,128,53,,,,
1219,-239.89,1051.9,127.93,53,,,,
1220,-239.74,1052.2,127.86,53,,,,
1221,-239.58,1052.6,127.78,53,,,,
1222,-239.4,1052.9,127.7,53,,,,
1223,-239.22,1053.3,127.63,53,,,,
1224,-239.03,1053.7,127.54,53,,,,
1225,-238.83,1054.1,127.46,53,,,,
1226,-238.63,1054.5,127.38,53,,,,
1227,-238.43,1054.9,127.29,53,,,,
1228,-238.23,1055.4,127.2,53,,,,
1229,-238.03,1055.9,127.12,53,,,,
1230,-237.83,1056.4,127.03,53,,,,
1231,-237.63,1056.9,126.94,53,,,,
1232,-237.44,1057.5,126.85,53.5,,,,
1233,-237.26,1058.1,126.76,53.5,,,,
1234,-237.09,1058.7,126.68,53.5,,,,
1235,-236.93,1059.4,126.59,53.5,,,,
1236,-236.79,1060.1,126.5,53.5,,,,
1237,-236.66,1060.8,126.41,53.5,,,,
1238,-236.56,1061.6,126.33,53.5,,,,
1239,-236.48,1062.4,126.24,53.5,,,,
1240,-236.43,1063.2,126.16,53.5,,,,
1241,-236.4,1064.1,126.08,53.5,,,,
1242,-236.41,1065,126,53.5,,,,
1243,-236.44,1065.9,125.92,53.5,,,,
1244,-236.52,1066.8,125.85,53.5,,,,
1245,-236.62,1067.8,125.78,53.5,,,,
1246,-236.76,1068.8,125.71,53.5,,,,
1247,-236.93,1069.8,125.64,53.5,,,,
1248,-236.96,1071.3,125.61,53.5,,,,
1249,-236.7,1072.7,125.58,53.5,,,,
1250,-236.5,1074.1,125.57,53.5,,,,
1251,-236.37,1075.4,125.55,53.5,,,,
1252,-236.32,1076.7,125.55,53.5,,,,
1253,-236.34,1078,125.54,53.5,,,,
1254,-236.42,1079.2,125.54,53.5,,,,
1255,-236.57,1080.4,125.54,53.5,,,,
1256,-236.77,1081.5,125.55,53.5,,,,
1257,-237.04,1082.7,125.56,53.5,,,,
1258,-237.36,1083.8,125.57,54,,,,
1259,-237.73,1084.9,125.58,54,,,,
1260,-238.18,1086,125.6,54,,,,
1261,-238.68,1087,125.61,54,,,,
1262,-239.24,1087.9,125.64,54,,,,
1263,-239.86,1088.7,125.66,54,,,,
1264,-240.51,1089.5,125.68,54,,,,
1265,-241.18,1090.2,125.71,54,,,,
1266,-241.86,1090.8,125.74,54,,,,
1267,-242.52,1091.3,125.78,54,,,,
1268,-243.16,1091.7,125.81,54,,,,
1269,-243.76,1092.1,125.85,54,,,,
1270,-244.32,1092.5,125.89,54,,,,
1271,-244.83,1092.8,125.93,54,,,,
1272,-245.3,1093,125.97,54,,,,
1273,-245.73,1093.2,126.01,54,,,,
1274,-246.13,1093.4,126.06,54,,,,
1275,-246.52,1093.6,126.1,54,,,,
1276,-246.91,1093.7,126.15,54,,,,
1277,-247.3,1093.8,126.2,54,,,,
1278,-247.71,1093.9,126.25,54,,,,
1279,-248.14,1094,126.3,54,,,,
1280,-248.58,1094.1,126.36,54,,,,
1281,-249.04,1094.2,126.41,54,,,,
1282,-249.51,1094.3,126.47,54,,,,
1283,-250,1094.4,126.53,54,,,,
1284,-250.51,1094.5,126.58,54.5,,,,
1285,-251.04,1094.6,126.64,54.5,,,,
1286,-251.58,1094.7,126.7,54.5,,,,
1287,-252.13,1094.8,126.77,54.5,,,,
1288,-252.69,1094.9,126.83,54.5,,,,
1289,-253.25,1095,126.89,54.5,,,,
1290,-253.78,1095.2,126.96,54.5,,,,
1291,-254.3,1095.3,127.02,54.5,,,,
1292,-254.78,1095.5,127.09,54.5,,,,
1293,-255.23,1095.7,127.16,54.5,,,,
1294,-255.64,1095.8,127.23,54.5,,,,
1295,-256.01,1096,127.3,54.5,,,,
1296,-256.35,1096.2,127.37,54.5,,,,
1297,-256.64,1096.3,127.44,54.5,,,,
1298,-256.9,1096.5,127.52,54.5,,,,
1299,-257.62,1096.6,127.62,54.5,,,,
1300,-257.85,1096.6,127.73,54.5,,,,
1301,-257.95,1096.7,127.85,54.5,,,,
1302,-257.99,1096.7,127.98,54.5,,,,
1303,-257.99,1096.8,128.1,54.5,,,,
1304,-257.97,1096.9,128.23,54.5,,,,
1305,-257.92,1097,128.36,54.5,,,,
1306,-257.85,1097.1,128.49,54.5,,,,
1307,-257.75,1097.1,128.62,54.5,,,,
1308,-257.63,1097.3,128.75,55,,,,
1309,-257.49,1097.4,128.88,55,,,,
1310,-257.32,1097.5,129.01,55,,,,
1311,-257.13,1097.7,129.14,55,,,,
1312,-256.91,1097.8,129.27,55,,,,
1313,-256.66,1098,129.4,55,,,,
1314,-256.38,1098.2,129.52,55,,,,
1315,-256.08,1098.5,129.65,55,,,,
1316,-255.74,1098.7,129.77,55,,,,
1317,-255.38,1098.9,129.89,55,,,,
1318,-254.99,1099.2,130.01,55,,,,
1319,-254.57,1099.5,130.13,55,,,,
1320,-254.13,1099.8,130.25,55,,,,
1321,-253.68,1100.2,130.37,55,,,,
1322,-253.2,1100.5,130.48,55,,,,
1323,-252.71,1100.9,130.6,55,,,,
1324,-252.21,1101.3,130.71,55,,,,
1325,-251.7,1101.8,130.82,55,,,,
1326,-251.18,1102.2,130.94,55,,,,
1327,-250.66,1102.7,131.05,55,,,,
1328,-250.13,1103.2,131.16,55,,,,
1329,-249.61,1103.8,131.27,55,,,,
1330,-249.09,1104.4,131.39,55,,,,
1331,-248.58,1105,131.5,55.5,,,,
1332,-248.07,1105.7,131.62,55.5,,,,
1333,-247.58,1106.4,131.73,55.5,,,,
1334,-247.1,1107.2,131.85,55.5,,,,
1335,-246.65,1108,131.97,55.5,,,,
1336,-246.22,1108.9,132.09,55.5,,,,
1337,-245.82,1109.8,132.21,55.5,,,,
1338,-245.46,1110.8,132.34,55.5,,,,
1339,-245.15,1111.8,132.47,55.5,,,,
1340,-244.88,1112.9,132.61,55.5,,,,
1341,-244.66,1114,132.75,55.5,,,,
1342,-244.49,1115.1,132.9,55.5,,,,
1343,-244.38,1116.3,133.05,55.5,,,,
1344,-244.32,1117.6,133.22,55.5,,,,
1345,-244.32,1118.8,133.4,55.5,,,,
1346,-243.87,1120.7,133.64,55.5,,,,
1347,-243.24,1122.4,133.9,55.5,,,,
1348,-242.72,1124,134.19,55.5,,,,
1349,-242.32,1125.6,134.5,55.5,,,,
1350,-242.02,1127.1,134.85,55.5,,,,
1351,-241.81,1128.6,135.24,55.5,,,,
1352,-241.68,1130,135.68,55.5,,,,
1353,-241.64,1131.4,136.17,55.5,,,,
1354,-241.69,1132.7,136.72,56,,,,
1355,-241.86,1134,137.34,56,,,,
1356,-242.14,1135.2,138.05,56,,,,
1357,-242.56,1136.3,138.84,56,,,,
1358,-243.1,1137.2,139.73,56,,,,
1359,-243.75,1138.1,140.7,56,,,,
1360,-244.49,1138.7,141.77,56,,,,
1361,-245.27,1139.3,142.9,56,,,,
1362,-246.08,1139.8,144.08,56,,,,
1363,-246.88,1140.2,145.29,56,,,,
1364,-247.65,1140.5,146.5,56,,,,
1365,-248.39,1140.8,147.68,56,,,,
1366,-249.09,1141,148.81,56,,,,
1367,-249.77,1141.2,149.87,56,,,,
1368,-250.44,1141.3,150.85,56,,,,
1369,-251.12,1141.4,151.72,56,,,,
1370,-251.83,1141.5,152.49,56,,,,
1371,-252.57,1141.6,153.15,56,,,,
1372,-253.34,1141.6,153.71,56,,,,
1373,-254.15,1141.7,154.17,56,,,,
1374,-254.99,1141.7,154.54,56,,,,
1375,-255.86,1141.8,154.82,56,,,,
1376,-256.77,1141.8,155.02,56,,,,
1377,-257.71,1141.9,155.15,56.5,,,,
1378,-258.7,1142,155.22,56.5,,,,
1379,-259.71,1142.1,155.23,56.5,,,,
1380,-260.76,1142.2,155.19,56.5,,,,
1381,-261.82,1142.3,155.11,56.5,,,,
1382,-262.88,1142.4,154.98,56.5,,,,
1383,-263.94,1142.5,154.83,56.5,,,,
1384,-264.97,1142.7,154.64,56.5,,,,
1385,-265.97,1142.8,154.43,56.5,,,,
1386,-266.93,1143,154.2,56.5,,,,
1387,-267.86,1143.1,153.94,56.5,,,,
1388,-268.75,1143.3,153.67,56.5,,,,
1389,-269.6,1143.4,153.38,56.5,,,,
1390,-270.41,1143.6,153.07,56.5,,,,
1391,-271.88,1143.7,152.74,56.5,,,,
1392,-272.59,1143.8,152.44,56.5,,,,
1393,-273.12,1143.9,152.13,56.5,,,,
1394,-273.61,1143.9,151.81,56.5,,,,
1395,-274.08,1144,151.48,56.5,,,,
1396,-274.55,1144.1,151.14,56.5,,,,
1397,-275,1144.2,150.78,56.5,,,,
1398,-275.44,1144.2,150.42,56.5,,,,
1399,-275.86,1144.4,150.05,56.5,,,,
1400,-276.27,1144.5,149.67,57,,,,
1401,-276.66,1144.6,149.28,57,,,,
1402,-277.02,1144.8,148.89,57,,,,
1403,-277.35,1145,148.5,57,,,,
1404,-277.66,1145.1,148.1,57,,,,
1405,-277.93,1145.4,147.69,57,,,,
1406,-278.16,1145.6,147.29,57,,,,
1407,-278.35,1145.8,146.88,57,,,,
1408,-278.51,1146.1,146.46,57,,,,
1409,-278.62,1146.4,146.05,57,,,,
1410,-278.7,1146.7,145.63,57,,,,
1411,-278.74,1147.1,145.21,57,,,,
1412,-278.75,1147.4,144.79,57,,,,
1413,-278.72,1147.8,144.36,57,,,,
1414,-278.66,1148.2,143.93,57,,,,
1415,-278.58,1148.7,143.49,57,,,,
1416,-278.47,1149.1,143.05,57,,,,
1417,-278.35,1149.6,142.61,57,,,,
1418,-278.21,1150.2,142.16,57,,,,
1419,-278.06,1150.7,141.71,57,,,,
1420,-277.9,1151.3,141.26,57,,,,
1421,-277.73,1152,140.8,57,,,,
1422,-277.55,1152.7,140.35,57.5,,,,
1423,-277.37,1153.4,139.89,57.5,,,,
1424,-277.19,1154.2,139.43,57.5,,,,
1425,-277,1155,138.98,57.5,,,,
1426,-276.83,1155.9,138.53,57.5,,,,
1427,-276.67,1156.8,138.08,57.5,,,,
1428,-276.54,1157.9,137.63,57.5,,,,
1429,-276.43,1158.9,137.19,57.5,,,,
1430,-276.36,1160,136.75,57.5,,,,
1431,-276.33,1161.2,136.31,57.5,,,,
1432,-276.35,1162.4,135.88,57.5,,,,
1433,-276.4,1163.7,135.46,57.5,,,,
1434,-276.51,1165,135.03,57.5,,,,
1435,-276.67,1166.4,134.61,57.5,,,,
1436,-277.09,1168.1,134.2,57.5,,,,
1437,-276.69,1170,133.81,57.5,,,,
1438,-276.34,1171.9,133.42,57.5,,,,
1439,-276.13,1173.7,133.03,57.5,,,,
1440,-276.04,1175.4,132.65,57.5,,,,
1441,-276.07,1177,132.27,57.5,,,,
1442,-276.19,1178.6,131.89,57.5,,,,
1443,-276.4,1180.1,131.51,57.5,,,,
1444,-276.71,1181.6,131.13,58,,,,
1445,-277.13,1183,130.75,58,,,,
1446,-277.66,1184.4,130.37,58,,,,
1447,-278.31,1185.6,130,58,,,,
1448,-279.05,1186.6,129.62,58,,,,
1449,-279.85,1187.5,129.24,58,,,,
1450,-280.67,1188.3,128.87,58,,,,
1451,-281.48,1188.9,128.5,58,,,,
1452,-282.24,1189.4,128.13,58,,,,
1453,-282.93,1189.9,127.76,58,,,,
1454,-283.53,1190.2,127.39,58,,,,
1455,-284.05,1190.5,127.03,58,,,,
1456,-284.5,1190.7,126.67,58,,,,
1457,-284.93,1190.9,126.31,58,,,,
1458,-285.36,1191.1,125.96,58,,,,
1459,-285.81,1191.2,125.61,58,,,,
1460,-286.31,1191.2,125.26,58,,,,
1461,-286.84,1191.3,124.91,58,,,,
1462,-287.41,1191.4,124.56,58,,,,
1463,-288.02,1191.5,124.21,58,,,,
1464,-288.67,1191.5,123.86,58.5,,,,
1465,-289.36,1191.6,123.52,58.5,,,,
1466,-290.09,1191.7,123.17,58.5,,,,
1467,-290.86,1191.8,122.82,58.5,,,,
1468,-291.65,1191.9,122.47,58.5,,,,
1469,-292.43,1192.1,122.12,58.5,,,,
1470,-293.18,1192.2,121.76,58.5,,,,
1471,-293.87,1192.4,121.41,58.5,,,,
1472,-294.51,1192.5,121.05,58.5,,,,
1473,-295.08,1192.7,120.69,58.5,,,,
1474,-295.58,1192.8,120.34,58.5,,,,
1475,-296.01,1193,119.98,58.5,,,,
1476,-296.37,1193.2,119.62,58.5,,,,
1477,-297.44,1193.3,119.25,58.5,,,,
1478,-298.21,1193.4,118.92,58.5,,,,
1479,-298.39,1193.5,118.58,58.5,,,,
1480,-298.46,1193.6,118.25,58.5,,,,
1481,-298.47,1193.7,117.93,58.5,,,,
1482,-298.42,1193.8,117.6,58.5,,,,
1483,-298.31,1194,117.28,58.5,,,,
1484,-298.15,1194.1,116.97,59,,,,
1485,-297.94,1194.2,116.65,59,,,,
1486,-297.67,1194.4,116.34,59,,,,
1487,-297.34,1194.6,116.03,59,,,,
1488,-296.95,1194.8,115.72,59,,,,
1489,-296.49,1195.1,115.42,59,,,,
1490,-295.96,1195.3,115.12,59,,,,
1491,-295.37,1195.6,114.82,59,,,,
1492,-294.71,1195.9,114.53,59,,,,
1493,-293.99,1196.2,114.24,59,,,,
1494,-293.21,1196.6,113.95,59,,,,
1495,-292.38,1197,113.67,59,,,,
1496,-291.49,1197.4,113.39,59,,,,
1497,-290.56,1197.9,113.11,59,,,,
1498,-289.6,1198.3,112.84,59,,,,
1499,-288.6,1198.9,112.57,59,,,,
1500,-287.57,1199.4,112.3,59,,,,
1501,-286.52,1200,112.04,59,,,,
1502,-285.45,1200.7,111.78,59,,,,
1503,-284.36,1201.4,111.53,59.5,,,,
1504,-283.26,1202.2,111.28,59.5,,,,
1505,-282.16,1203,111.03,59.5,,,,
1506,-281.06,1204,110.79,59.5,,,,
1507,-279.97,1205,110.56,59.5,,,,
1508,-278.92,1206,110.33,59.5,,,,
1509,-277.9,1207.2,110.11,59.5,,,,
1510,-276.94,1208.4,109.89,59.5,,,,
1511,-276.05,1209.8,109.68,59.5,,,,
1512,-275.22,1211.2,109.47,59.5,,,,
1513,-274.47,1212.6,109.28,59.5,,,,
1514,-273.81,1214.1,109.09,59.5,,,,
1515,-273.23,1215.7,108.9,59.5,,,,
1516,-272.65,1217.7,108.74,59.5,,,,
1517,-271.35,1219.9,108.59,59.5,,,,
1518,-270.25,1222.1,108.46,59.5,,,,
1519,-269.34,1224.1,108.34,59.5,,,,
1520,-268.55,1226,108.23,59.5,,,,
1521,-267.89,1227.9,108.13,59.5,,,,
1522,-267.33,1229.7,108.03,60,,,,
1523,-266.89,1231.4,107.94,60,,,,
1524,-266.61,1233,107.86,60,,,,
1525,-266.5,1234.4,107.78,60,,,,
1526,-266.55,1235.7,107.7,60,,,,
1527,-266.71,1236.7,107.63,60,,,,
1528,-266.93,1237.5,107.56,60,,,,
1529,-267.15,1238.1,107.5,60,,,,
1530,-267.32,1238.6,107.43,60,,,,
1531,-267.42,1239,107.37,60,,,,
1532,-267.45,1239.3,107.31,60,,,,
1533,-267.44,1239.6,107.25,60,,,,
1534,-267.45,1239.7,107.18,60,,,,
1535,-267.54,1239.8,107.12,60,,,,
1536,-267.74,1239.9,107.06,60,,,,
1537,-268.05,1240,107,60,,,,
1538,-268.46,1240,106.93,60,,,,
1539,-268.97,1240.1,106.86,60,,,,
1540,-269.58,1240.2,106.8,60.5,,,,
1541,-270.28,1240.2,106.73,60.5,,,,
1542,-271.09,1240.3,106.66,60.5,,,,
1543,-271.97,1240.4,106.59,60.5,,,,
1544,-272.88,1240.6,106.51,60.5,,,,
1545,-273.8,1240.7,106.44,60.5,,,,
1546,-274.68,1240.9,106.36,60.5,,,,
1547,-275.51,1241,106.28,60.5,,,,
1548,-276.29,1241.2,106.2,60.5,,,,
1549,-277,1241.4,106.12,60.5,,,,
1550,-277.65,1241.5,106.04,60.5,,,,
1551,-278.23,1241.7,105.95,60.5,,,,
1552,-279.6,1241.8,105.87,60.5,,,,
1553,-279.93,1241.8,105.8,60.5,,,,
1554,-280.22,1241.9,105.74,60.5,,,,
1555,-280.45,1241.9,105.67,60.5,,,,
1556,-280.64,1242,105.61,60.5,,,,
1557,-280.8,1242.1,105.54,60.5,,,,
1558,-280.92,1242.2,105.47,61,,,,
1559,-281.01,1242.3,105.39,61,,,,
1560,-281.07,1242.5,105.31,61,,,,
1561,-281.08,1242.6,105.22,61,,,,
1562,-281.04,1242.8,105.13,61,,,,
1563,-280.94,1243.1,105.04,61,,,,
1564,-280.79,1243.3,104.94,61,,,,
1565,-280.59,1243.6,104.84,61,,,,
1566,-280.34,1244,104.73,61,,,,
1567,-280.04,1244.3,104.62,61,,,,
1568,-279.71,1244.7,104.51,61,,,,
1569,-279.35,1245.2,104.39,61,,,,
1570,-278.97,1245.7,104.27,61,,,,
1571,-278.58,1246.2,104.14,61,,,,
1572,-278.18,1246.8,104.02,61,,,,
1573,-277.77,1247.5,103.89,61,,,,
1574,-277.37,1248.2,103.75,61.5,,,,
1575,-276.97,1249,103.62,61.5,,,,
1576,-276.58,1249.9,103.48,61.5,,,,
1577,-276.23,1250.8,103.34,61.5,,,,
1578,-275.91,1251.9,103.2,61.5,,,,
1579,-275.67,1253.1,103.06,61.5,,,,
1580,-275.51,1254.5,102.92,61.5,,,,
1581,-275.46,1255.9,102.78,61.5,,,,
1582,-275.53,1257.4,102.64,61.5,,,,
1583,-275.73,1259,102.51,61.5,,,,
1584,-276.07,1260.7,102.37,61.5,,,,
1585,-276.55,1262.5,102.24,61.5,,,,
1586,-277.19,1264.4,102.11,61.5,,,,
1587,-276.64,1267.1,101.99,61.5,,,,
1588,-276.36,1269.7,101.89,61.5,,,,
1589,-276.37,1272.1,101.78,61.5,,,,
1590,-276.6,1274.3,101.69,61.5,,,,
1591,-276.99,1276.5,101.6,62,,,,
1592,-277.55,1278.6,101.51,62,,,,
1593,-278.32,1280.5,101.43,62,,,,
1594,-279.34,1282.2,101.35,62,,,,
1595,-280.6,1283.6,101.28,62,,,,
1596,-282.06,1284.8,101.21,62,,,,
1597,-283.61,1285.7,101.14,62,,,,
1598,-285.16,1286.3,101.07,62,,,,
1599,-286.64,1286.9,101.01,62,,,,
1600,-288.02,1287.3,100.95,62,,,,
1601,-289.32,1287.6,100.89,62,,,,
1602,-290.63,1287.8,100.84,62,,,,
1603,-292.03,1287.9,100.79,62,,,,
1604,-293.56,1288,100.74,62,,,,
1605,-295.22,1288.1,100.7,62,,,,
1606,-296.98,1288.2,100.67,62,,,,
1607,-298.82,1288.3,100.64,62.5,,,,
1608,-300.75,1288.4,100.62,62.5,,,,
1609,-302.76,1288.5,100.6,62.5,,,,
1610,-304.82,1288.6,100.59,62.5,,,,
1611,-306.89,1288.8,100.58,62.5,,,,
1612,-308.91,1289,100.58,62.5,,,,
1613,-310.83,1289.2,100.59,62.5,,,,
1614,-312.63,1289.4,100.61,62.5,,,,
1615,-314.3,1289.6,100.63,62.5,,,,
1616,-315.83,1289.8,100.66,62.5,,,,
1617,-317.23,1290,100.7,62.5,,,,
1618,-318.5,1290.2,100.75,62.5,,,,
1619,-320.54,1290.4,100.8,62.5,,,,
1620,-321.47,1290.5,100.87,62.5,,,,
1621,-322.25,1290.7,100.96,62.5,,,,
1622,-322.95,1290.8,101.06,62.5,,,,
1623,-323.56,1291,101.16,62.5,,,,
1624,-324.08,1291.1,101.27,63,,,,
1625,-324.52,1291.3,101.39,63,,,,
1626,-324.86,1291.5,101.52,63,,,,
1627,-325.09,1291.8,101.65,63,,,,
1628,-325.19,1292.1,101.8,63,,,,
1629,-325.16,1292.4,101.95,63,,,,
1630,-325.01,1292.7,102.11,63,,,,
1631,-324.73,1293.1,102.27,63,,,,
1632,-324.33,1293.5,102.44,63,,,,
1633,-323.81,1293.9,102.62,63,,,,
1634,-323.2,1294.4,102.81,63,,,,
1635,-322.5,1295,103,63,,,,
1636,-321.72,1295.5,103.2,63,,,,
1637,-320.87,1296.2,103.41,63,,,,
1638,-319.94,1296.9,103.62,63,,,,
1639,-318.96,1297.7,103.84,63.5,,,,
1640,-317.91,1298.6,104.06,63.5,,,,
1641,-316.83,1299.6,104.28,63.5,,,,
1642,-315.73,1300.8,104.51,63.5,,,,
1643,-314.64,1302,104.74,63.5,,,,
1644,-313.61,1303.5,104.97,63.5,,,,
1645,-312.66,1305,105.21,63.5,,,,
1646,-311.81,1306.7,105.44,63.5,,,,
1647,-311.08,1308.5,105.68,63.5,,,,
1648,-310.49,1310.4,105.92,63.5,,,,
1649,-310.05,1312.4,106.16,63.5,,,,
1650,-309.77,1314.4,106.4,63.5,,,,
1651,-308.58,1317.3,106.65,63.5,,,,
1652,-307.39,1320.1,106.92,63.5,,,,
1653,-306.51,1322.7,107.19,63.5,,,,
1654,-305.82,1325.1,107.46,63.5,,,,
1655,-305.27,1327.4,107.73,64,,,,
1656,-304.91,1329.5,108,64,,,,
1657,-304.79,1331.4,108.27,64,,,,
1658,-304.97,1333,108.52,64,,,,
1659,-305.36,1334.2,108.77,64,,,,
1660,-305.86,1335.1,109.02,64,,,,
1661,-306.32,1335.8,109.25,64,,,,
1662,-306.65,1336.2,109.47,64,,,,
1663,-306.82,1336.5,109.69,64,,,,
1664,-306.91,1336.7,109.89,64,,,,
1665,-307.04,1336.8,110.08,64,,,,
1666,-307.34,1336.9,110.26,64,,,,
1667,-307.82,1336.9,110.42,64,,,,
1668,-308.45,1336.9,110.58,64,,,,
1669,-309.21,1336.9,110.72,64,,,,
1670,-310.11,1336.9,110.86,64.5,,,,
1671,-311.14,1337,110.98,64.5,,,,
1672,-312.29,1337.1,111.09,64.5,,,,
1673,-313.48,1337.2,111.19,64.5,,,,
1674,-314.64,1337.4,111.27,64.5,,,,
1675,-315.71,1337.5,111.35,64.5,,,,
1676,-316.67,1337.7,111.41,64.5,,,,
1677,-317.53,1337.8,111.46,64.5,,,,
1678,-318.27,1338,111.5,64.5,,,,
1679,-318.91,1338.1,111.53,64.5,,,,
1680,-319.46,1338.3,111.54,64.5,,,,
1681,-320.88,1338.3,111.56,64.5,,,,
1682,-321.39,1338.3,111.58,64.5,,,,
1683,-321.71,1338.4,111.59,64.5,,,,
1684,-321.93,1338.4,111.59,65,,,,
1685,-322.09,1338.5,111.57,65,,,,
1686,-322.18,1338.7,111.55,65,,,,
1687,-322.2,1338.8,111.51,65,,,,
1688,-322.13,1339,111.45,65,,,,
1689,-321.96,1339.3,111.38,65,,,,
1690,-321.7,1339.6,111.3,65,,,,
1691,-321.35,1339.9,111.21,65,,,,
1692,-320.91,1340.2,111.1,65,,,,
1693,-320.4,1340.7,110.98,65,,,,
1694,-319.83,1341.1,110.85,65,,,,
1695,-319.22,1341.6,110.71,65,,,,
1696,-318.56,1342.2,110.56,65,,,,
1697,-317.87,1342.9,110.4,65,,,,
1698,-317.14,1343.7,110.24,65.5,,,,
1699,-316.38,1344.6,110.07,65.5,,,,
1700,-315.6,1345.6,109.89,65.5,,,,
1701,-314.83,1346.8,109.7,65.5,,,,
1702,-314.11,1348.2,109.52,65.5,,,,
1703,-313.49,1349.8,109.33,65.5,,,,
1704,-313.02,1351.5,109.14,65.5,,,,
1705,-312.73,1353.4,108.96,65.5,,,,
1706,-312.63,1355.4,108.78,65.5,,,,
1707,-312.73,1357.6,108.6,65.5,,,,
1708,-313.07,1359.9,108.43,65.5,,,,
1709,-312.97,1362.9,108.27,65.5,,,,
1710,-312.06,1366.1,108.13,65.5,,,,
1711,-311.63,1369.1,108.01,65.5,,,,
1712,-311.46,1371.9,107.9,66,,,,
1713,-311.49,1374.6,107.8,66,,,,
1714,-311.79,1377,107.71,66,,,,
1715,-312.46,1379.1,107.62,66,,,,
1716,-313.49,1380.7,107.55,66,,,,
1717,-314.71,1381.8,107.48,66,,,,
1718,-315.92,1382.6,107.42,66,,,,
1719,-316.95,1383.1,107.37,66,,,,
1720,-317.76,1383.5,107.32,66,,,,
1721,-318.46,1383.7,107.27,66,,,,
1722,-319.29,1383.8,107.23,66,,,,
1723,-320.37,1383.9,107.19,66,,,,
1724,-321.66,1383.9,107.15,66,,,,
1725,-323.13,1383.9,107.12,66,,,,
1726,-324.75,1384,107.09,66.5,,,,
1727,-326.53,1384.1,107.06,66.5,,,,
1728,-328.44,1384.2,107.03,66.5,,,,
1729,-330.34,1384.4,107.01,66.5,,,,
1730,-332.14,1384.6,106.98,66.5,,,,
1731,-333.76,1384.8,106.95,66.5,,,,
1732,-335.2,1385,106.92,66.5,,,,
1733,-336.45,1385.2,106.89,66.5,,,,
1734,-337.53,1385.4,106.85,66.5,,,,
1735,-338.46,1385.6,106.81,66.5,,,,
1736,-340.37,1385.7,106.77,66.5,,,,
1737,-341.14,1385.8,106.73,66.5,,,,
1738,-341.66,1386,106.7,66.5,,,,
1739,-342.02,1386.1,106.66,67,,,,
1740,-342.26,1386.3,106.61,67,,,,
1741,-342.36,1386.6,106.55,67,,,,
1742,-342.29,1386.9,106.49,67,,,,
1743,-342.05,1387.2,106.42,67,,,,
1744,-341.63,1387.6,106.34,67,,,,
1745,-341.05,1388,106.25,67,,,,
1746,-340.31,1388.5,106.15,67,,,,
1747,-339.44,1389,106.04,67,,,,
1748,-338.47,1389.6,105.93,67,,,,
1749,-337.4,1390.2,105.8,67,,,,
1750,-336.23,1391,105.68,67,,,,
1751,-334.98,1391.9,105.54,67.5,,,,
1752,-333.64,1392.9,105.4,67.5,,,,
1753,-332.25,1394.2,105.25,67.5,,,,
1754,-330.86,1395.6,105.09,67.5,,,,
1755,-329.56,1397.3,104.94,67.5,,,,
1756,-328.45,1399.2,104.78,67.5,,,,
1757,-327.57,1401.4,104.62,67.5,,,,
1758,-326.97,1403.7,104.46,67.5,,,,
1759,-326.68,1406.3,104.31,67.5,,,,
1760,-326.75,1409,104.16,67.5,,,,
1761,-326.5,1412.3,104.02,67.5,,,,
1762,-325.2,1416.1,103.9,67.5,,,,
1763,-324.54,1419.5,103.8,67.5,,,,
1764,-324.19,1422.8,103.71,68,,,,
1765,-324.17,1425.8,103.62,68,,,,
1766,-324.66,1428.3,103.54,68,,,,
1767,-325.72,1430.2,103.47,68,,,,
1768,-327.13,1431.5,103.39,68,,,,
1769,-328.53,1432.3,103.33,68,,,,
1770,-329.7,1432.9,103.26,68,,,,
1771,-330.65,1433.2,103.19,68,,,,
1772,-331.69,1433.4,103.13,68,,,,
1773,-333.12,1433.5,103.07,68,,,,
1774,-334.92,1433.5,103,68,,,,
1775,-337,1433.6,102.94,68.5,,,,
1776,-339.31,1433.7,102.88,68.5,,,,
1777,-341.86,1433.8,102.81,68.5,,,,
1778,-344.53,1434,102.74,68.5,,,,
1779,-347.14,1434.3,102.68,68.5,,,,
1780,-349.53,1434.5,102.6,68.5,,,,
1781,-351.68,1434.7,102.53,68.5,,,,
1782,-353.59,1435,102.45,68.5,,,,
1783,-355.25,1435.2,102.37,68.5,,,,
1784,-356.7,1435.5,102.28,68.5,,,,
1785,-359.31,1435.6,102.19,68.5,,,,
1786,-360.56,1435.8,102.11,68.5,,,,
1787,-361.49,1436,102.02,69,,,,
1788,-362.2,1436.2,101.93,69,,,,
1789,-362.7,1436.4,101.83,69,,,,
1790,-362.97,1436.7,101.73,69,,,,
1791,-362.97,1437.1,101.61,69,,,,
1792,-362.7,1437.5,101.49,69,,,,
1793,-362.19,1438,101.36,69,,,,
1794,-361.45,1438.5,101.23,69,,,,
1795,-360.51,1439.1,101.09,69,,,,
1796,-359.41,1439.8,100.94,69,,,,
1797,-358.14,1440.6,100.79,69,,,,
1798,-356.69,1441.5,100.63,69.5,,,,
1799,-355.08,1442.6,100.48,69.5,,,,
1800,-353.34,1444,100.31,69.5,,,,
1801,-351.55,1445.6,100.15,69.5,,,,
1802,-349.86,1447.5,99.992,69.5,,,,
1803,-348.41,1449.8,99.838,69.5,,,,
1804,-347.28,1452.3,99.691,69.5,,,,
1805,-346.53,1455.2,99.555,69.5,,,,
1806,-346.23,1458.3,99.43,69.5,,,,
1807,-346.47,1461.5,99.317,69.5,,,,
1808,-344.76,1465.8,99.227,69.5,,,,
1809,-343.65,1469.9,99.161,69.5,,,,
1810,-342.97,1473.7,99.112,70,,,,
1811,-342.7,1477.1,99.075,70,,,,
1812,-343.15,1479.8,99.046,70,,,,
1813,-344.32,1481.7,99.022,70,,,,
1814,-345.75,1482.8,98.999,70,,,,
1815,-346.96,1483.5,98.976,70,,,,
1816,-347.79,1484,98.95,70,,,,
1817,-348.64,1484.2,98.921,70,,,,
1818,-350.01,1484.2,98.887,70,,,,
1819,-351.89,1484.3,98.848,70,,,,
1820,-354.11,1484.4,98.803,70.5,,,,
1821,-356.63,1484.5,98.751,70.5,,,,
1822,-359.42,1484.7,98.692,70.5,,,,
1823,-362.24,1485,98.626,70.5,,,,
1824,-364.81,1485.3,98.552,70.5,,,,
1825,-367.05,1485.6,98.472,70.5,,,,
1826,-368.97,1485.9,98.384,70.5,,,,
1827,-370.56,1486.1,98.288,70.5,,,,
1828,-371.9,1486.4,98.184,70.5,,,,
1829,-374.58,1486.6,98.078,70.5,,,,
1830,-375.73,1486.8,97.976,70.5,,,,
1831,-376.45,1487,97.869,71,,,,
1832,-376.88,1487.2,97.755,71,,,,
1833,-377,1487.6,97.631,71,,,,
1834,-376.76,1487.9,97.498,71,,,,
1835,-376.18,1488.4,97.358,71,,,,
1836,-375.26,1488.9,97.209,71,,,,
1837,-374.04,1489.5,97.054,71,,,,
1838,-372.57,1490.1,96.893,71,,,,
1839,-370.9,1490.8,96.728,71,,,,
1840,-369,1491.7,96.56,71,,,,
1841,-366.85,1492.8,96.389,71.5,,,,
1842,-364.47,1494.1,96.214,71.5,,,,
1843,-361.95,1495.8,96.038,71.5,,,,
1844,-359.5,1497.8,95.864,71.5,,,,
1845,-357.33,1500.3,95.699,71.5,,,,
1846,-355.6,1503.1,95.546,71.5,,,,
1847,-354.41,1506.3,95.408,71.5,,,,
1848,-353.86,1509.9,95.287,71.5,,,,
1849,-354.12,1513.7,95.186,71.5,,,,
1850,-351.63,1518.6,95.121,71.5,,,,
1851,-350.47,1523.1,95.085,72,,,,
1852,-349.8,1527.2,95.07,72,,,,
1853,-349.92,1530.6,95.069,72,,,,
1854,-351.1,1532.9,95.079,72,,,,
1855,-352.78,1534.3,95.093,72,,,,
1856,-354.21,1535.1,95.109,72,,,,
1857,-355.16,1535.6,95.124,72,,,,
1858,-356.22,1535.8,95.137,72,,,,
1859,-358.04,1535.8,95.146,72,,,,
1860,-360.48,1535.9,95.15,72,,,,
1861,-363.31,1536.1,95.149,72.5,,,,
1862,-366.54,1536.3,95.141,72.5,,,,
1863,-369.95,1536.6,95.125,72.5,,,,
1864,-373.11,1537,95.103,72.5,,,,
1865,-375.85,1537.3,95.075,72.5,,,,
1866,-378.2,1537.6,95.039,72.5,,,,
1867,-380.15,1538,94.995,72.5,,,,
1868,-381.82,1538.3,94.943,72.5,,,,
1869,-385.11,1538.5,94.893,72.5,,,,
1870,-386.64,1538.7,94.846,73,,,,
1871,-387.61,1539,94.793,73,,,,
1872,-388.19,1539.3,94.731,73,,,,
1873,-388.34,1539.7,94.658,73,,,,
1874,-388.03,1540.2,94.576,73,,,,
1875,-387.31,1540.8,94.484,73,,,,
1876,-386.21,1541.4,94.383,73,,,,
1877,-384.8,1542.1,94.276,73,,,,
1878,-383.15,1542.9,94.164,73,,,,
1879,-381.18,1543.9,94.046,73.5,,,,
1880,-378.87,1545.1,93.921,73.5,,,,
1881,-376.24,1546.7,93.791,73.5,,,,
1882,-373.49,1548.6,93.657,73.5,,,,
1883,-370.92,1551.1,93.527,73.5,,,,
1884,-368.83,1554.1,93.408,73.5,,,,
1885,-367.37,1557.5,93.305,73.5,,,,
1886,-366.67,1561.4,93.22,73.5,,,,
1887,-366.92,1565.5,93.157,73.5,,,,
1888,-365.18,1570.7,93.127,73.5,,,,
1889,-364.04,1575.7,93.13,74,,,,
1890,-363.52,1580.3,93.155,74,,,,
1891,-364.03,1584,93.195,74,,,,
1892,-365.74,1586.3,93.241,74,,,,
1893,-367.75,1587.6,93.288,74,,,,
1894,-369.18,1588.3,93.331,74,,,,
1895,-370.1,1588.6,93.368,74,,,,
1896,-371.56,1588.8,93.398,74,,,,
1897,-373.89,1588.9,93.417,74,,,,
1898,-376.69,1589.1,93.426,74.5,,,,
1899,-379.92,1589.4,93.423,74.5,,,,
1900,-383.41,1589.7,93.406,74.5,,,,
1901,-386.6,1590.2,93.376,74.5,,,,
1902,-389.23,1590.6,93.333,74.5,,,,
1903,-391.33,1591,93.278,74.5,,,,
1904,-392.94,1591.4,93.209,74.5,,,,
1905,-394.19,1591.8,93.127,74.5,,,,
1906,-397.21,1592,93.049,74.5,,,,
1907,-398.22,1592.3,92.964,75,,,,
1908,-398.52,1592.7,92.867,75,,,,
1909,-398.29,1593.1,92.754,75,,,,
1910,-397.48,1593.6,92.628,75,,,,
1911,-396.12,1594.2,92.489,75,,,,
1912,-394.29,1594.8,92.338,75,,,,
1913,-392.05,1595.6,92.179,75,,,,
1914,-389.5,1596.4,92.013,75,,,,
1915,-386.57,1597.5,91.842,75.5,,,,
1916,-383.18,1598.8,91.664,75.5,,,,
1917,-379.38,1600.5,91.478,75.5,,,,
1918,-375.43,1602.7,91.291,75.5,,,,
1919,-371.74,1605.4,91.11,75.5,,,,
1920,-368.66,1608.8,90.945,75.5,,,,
1921,-366.39,1612.7,90.802,75.5,,,,
1922,-365.12,1617,90.684,75.5,,,,
1923,-364.41,1621.8,90.599,75.5,,,,
1924,-361.87,1627.4,90.557,76,,,,
1925,-360.53,1632.6,90.549,76,,,,
1926,-360.15,1637,90.561,76,,,,
1927,-361.26,1640,90.585,76,,,,
1928,-363.07,1641.7,90.611,76,,,,
1929,-364.35,1642.6,90.633,76,,,,
1930,-364.83,1643,90.648,76,,,,
1931,-365.75,1643.2,90.652,76,,,,
1932,-367.71,1643.3,90.642,76,,,,
1933,-370.26,1643.6,90.617,76.5,,,,
1934,-373.38,1643.9,90.573,76.5,,,,
1935,-376.85,1644.4,90.509,76.5,,,,
1936,-379.96,1644.9,90.425,76.5,,,,
1937,-382.49,1645.4,90.32,76.5,,,,
1938,-384.54,1645.8,90.196,76.5,,,,
1939,-386.15,1646.3,90.049,76.5,,,,
1940,-389.74,1646.7,89.883,76.5,,,,
1941,-391.43,1647,89.725,77,,,,
1942,-392.36,1647.3,89.546,77,,,,
1943,-392.8,1647.8,89.344,77,,,,
1944,-392.73,1648.3,89.119,77,,,,
1945,-392.11,1648.9,88.871,77,,,,
1946,-391.03,1649.6,88.604,77,,,,
1947,-389.57,1650.4,88.319,77,,,,
1948,-387.83,1651.3,88.022,77,,,,
1949,-385.73,1652.4,87.711,77.5,,,,
1950,-383.16,1653.8,87.387,77.5,,,,
1951,-380.13,1655.7,87.049,77.5,,,,
1952,-376.97,1658.1,86.704,77.5,,,,
1953,-374.19,1661.2,86.365,77.5,,,,
1954,-372.2,1664.9,86.044,77.5,,,,
1955,-371.2,1669.3,85.747,77.5,,,,
1956,-371.45,1674.1,85.481,77.5,,,,
1957,-370.74,1679.8,85.258,77.5,,,,
1958,-370.14,1685.6,85.085,78,,,,
1959,-370.54,1690.8,84.946,78,,,,
1960,-372.39,1694.8,84.83,78,,,,
1961,-375.34,1697,84.728,78,,,,
1962,-377.89,1698.2,84.631,78,,,,
1963,-379.2,1698.8,84.536,78,,,,
1964,-380.34,1699.1,84.441,78,,,,
1965,-382.46,1699.4,84.341,78,,,,
1966,-385.11,1699.7,84.237,78.5,,,,
1967,-388.21,1700.2,84.124,78.5,,,,
1968,-391.59,1700.8,84.003,78.5,,,,
1969,-394.36,1701.5,83.872,78.5,,,,
1970,-396.31,1702.1,83.733,78.5,,,,
1971,-397.55,1702.7,83.585,78.5,,,,
1972,-398.18,1703.3,83.427,78.5,,,,
1973,-400.94,1703.8,83.28,78.5,,,,
1974,-401.25,1704.3,83.139,79,,,,
1975,-400.67,1704.8,82.989,79,,,,
1976,-399.45,1705.4,82.826,79,,,,
1977,-397.5,1706.1,82.651,79,,,,
1978,-394.93,1706.9,82.464,79,,,,
1979,-391.84,1707.8,82.267,79,,,,
1980,-388.4,1708.8,82.062,79,,,,
1981,-384.62,1710,81.848,79,,,,
1982,-380.35,1711.5,81.621,79.5,,,,
1983,-375.59,1713.4,81.379,79.5,,,,
1984,-370.67,1716,81.126,79.5,,,,
1985,-366.24,1719.3,80.873,79.5,,,,
1986,-362.85,1723.3,80.631,79.5,,,,
1987,-360.77,1728,80.408,79.5,,,,
1988,-360.32,1733.2,80.207,79.5,,,,
1989,-359,1739.3,80.047,79.5,,,,
1990,-358.72,1745.3,79.924,80,,,,
1991,-359.91,1750.6,79.817,80,,,,
1992,-362.99,1754.2,79.712,80,,,,
1993,-366.8,1756.1,79.595,80,,,,
1994,-369.78,1757.1,79.456,80,,,,
1995,-371.68,1757.6,79.292,80,,,,
1996,-374.28,1757.8,79.098,80,,,,
1997,-377.89,1758.2,78.872,80.5,,,,
1998,-382.12,1758.7,78.611,80.5,,,,
1999,-387.05,1759.4,78.315,80.5,,,,
2000,-391.71,1760.1,77.984,80.5,,,,
2001,-395.51,1760.9,77.622,80.5,,,,
2002,-398.57,1761.6,77.229,80.5,,,,
2003,-400.96,1762.3,76.81,80.5,,,,
2004,-405.32,1762.9,76.394,80.5,,,,
2005,-407.17,1763.4,75.97,81,,,,
2006,-408.11,1764.1,75.529,81,,,,
2007,-408.27,1764.8,75.072,81,,,,
2008,-407.54,1765.7,74.604,81,,,,
2009,-406.05,1766.7,74.132,81,,,,
2010,-403.95,1767.8,73.662,81,,,,
2011,-401.37,1769.1,73.202,81,,,,
2012,-398.14,1770.7,72.752,81.5,,,,
2013,-394.14,1772.7,72.312,81.5,,,,
2014,-389.58,1775.4,71.885,81.5,,,,
2015,-385.22,1779,71.487,81.5,,,,
2016,-381.8,1783.4,71.134,81.5,,,,
2017,-379.73,1788.6,70.835,81.5,,,,
2018,-379.37,1794.3,70.597,81.5,,,,
2019,-377.76,1801.2,70.443,82,,,,
2020,-377.93,1807.6,70.359,82,,,,
2021,-379.83,1813,70.32,82,,,,
2022,-383.32,1816.2,70.306,82,,,,
2023,-386.51,1817.9,70.298,82,,,,
2024,-388.13,1818.8,70.287,82,,,,
2025,-389.27,1819.4,70.262,82,,,,
2026,-391.44,1819.9,70.216,82.5,,,,
2027,-394.19,1820.6,70.142,82.5,,,,
2028,-397.69,1821.5,70.033,82.5,,,,
2029,-401.01,1822.6,69.884,82.5,,,,
2030,-403.38,1823.6,69.691,82.5,,,,
2031,-404.96,1824.5,69.451,82.5,,,,
2032,-405.93,1825.5,69.159,82.5,,,,
2033,-408.29,1826.1,68.863,83,,,,
2034,-408.8,1826.7,68.523,83,,,,
2035,-408.64,1827.5,68.126,83,,,,
2036,-407.74,1828.5,67.667,83,,,,
2037,-406.18,1829.6,67.15,83,,,,
2038,-404.14,1830.8,66.58,83,,,,
2039,-401.83,1832.2,65.964,83,,,,
2040,-399.1,1833.9,65.307,83.5,,,,
2041,-395.7,1836.1,64.61,83.5,,,,
2042,-391.96,1839.3,63.883,83.5,,,,
2043,-388.9,1843.4,63.152,83.5,,,,
2044,-387.38,1848.6,62.445,83.5,,,,
2045,-387.87,1854.6,61.777,83.5,,,,
2046,-388.07,1861.9,61.182,84,,,,
2047,-390.11,1868.8,60.668,84,,,,
2048,-393.97,1874.7,60.217,84,,,,
2049,-399.3,1878.2,59.815,84,,,,
2050,-404.04,1879.8,59.45,84,,,,
2051,-407.09,1880.7,59.115,84,,,,
2052,-410.65,1881.3,58.806,84,,,,
2053,-415.17,1882.2,58.516,84.5,,,,
2054,-420.26,1883.2,58.236,84.5,,,,
2055,-425.12,1884.5,57.961,84.5,,,,
2056,-428.68,1885.8,57.682,84.5,,,,
2057,-431.21,1887.1,57.391,84.5,,,,
2058,-434.19,1888,57.128,84.5,,,,
2059,-435.29,1888.9,56.868,85,,,,
2060,-435.37,1890,56.587,85,,,,
2061,-434.22,1891.3,56.278,85,,,,
2062,-432.02,1892.8,55.932,85,,,,
2063,-429.24,1894.4,55.547,85,,,,
2064,-426.2,1896.4,55.114,85.5,,,,
2065,-422.61,1899,54.619,85.5,,,,
2066,-418.99,1902.9,54.034,85.5,,,,
2067,-416.87,1908.3,53.355,85.5,,,,
2068,-417.02,1914.9,52.605,85.5,,,,
2069,-417.61,1923.6,51.879,86,,,,
2070,-420.26,1931.8,51.114,86,,,,
2071,-422.59,1937.3,50.36,86,,,,
2072,-423.28,1939.3,49.639,86,,,,
2073,-423.13,1939.9,48.949,86,,,,
2074,-425.21,1940.4,48.282,86.5,,,,
2075,-428.39,1941.2,47.622,86.5,,,,
2076,-430.85,1942.3,46.963,86.5,,,,
2077,-432.63,1943.4,46.31,86.5,,,,
2078,-434.27,1944.4,45.666,86.5,,,,
2079,-436.04,1945,45.067,87,,,,
2080,-437.12,1945.7,44.48,87,,,,
2081,-437.71,1946.6,43.879,87,,,,
2082,-438.04,1947.8,43.257,87,,,,
2083,-438.95,1949.3,42.618,87,,,,
2084,-440.78,1951.2,41.957,87.5,,,,
2085,-442.99,1954,41.244,87.5,,,,
2086,-445.45,1958.6,40.45,87.5,,,,
2087,-448.49,1965.3,39.609,87.5,,,,
2088,-459.78,1973.2,38.783,88,,,,
2089,-468.77,1979.1,37.983,88,,,,
2090,-467.53,1981.7,37.213,88,,,,
2091,-468.34,1982.7,36.474,88,,,,
2092,-473.17,1983.1,35.785,88.5,,,,
2093,-475.82,1982.3,35.156,88.5,,,,
2094,-478.99,1981.9,34.567,88.5,,,,
2095,-483.53,1981.2,34.021,88.5,,,,
2096,-488.58,1980.6,33.5,88.5,,,,
2097,-493.96,1980.3,32.99,89,,,,
2098,-499.45,1980.1,32.478,89,,,,
2099,-505.16,1980,31.953,89,,,,
2100,-511.07,1980.2,31.409,89,,,,
2101,-517,1980.6,30.838,89,,,,
2102,-522.82,1981.5,30.24,89.5,,,,
2103,-528.42,1982.6,29.632,89.5,,,,
2104,-533.56,1983.8,29.029,89.5,,,,
2105,-538.23,1984.8,28.427,89.5,,,,
2106,-542.2,1986,27.83,89.5,,,,
2107,-546.68,1986.9,27.234,90,,,,
2108,-551.84,1987.2,26.639,90,,,,
2109,-557.32,1987,26.04,90,,,,
2110,-562,1986.7,25.433,90,,,,
2111,-566.24,1986.2,24.818,90,,,,
2112,-570.47,1985.7,24.196,90.5,,,,
2113,-574.76,1985.2,23.569,90.5,,,,
2114,-578.87,1984.6,22.937,90.5,,,,
2115,-582.88,1983.6,22.314,90.5,,,,
2116,-586.78,1982.6,21.692,91,,,,
2117,-590.7,1981.7,21.067,91,,,,
2118,-594.63,1980.8,20.44,91,,,,
2119,-598.53,1980,19.812,91,,,,
2120,-602.42,1979.1,19.184,91,,,,
2121,-606.32,1978.3,18.558,91,,,,
2122,-610.2,1977.5,17.935,91.5,,,,
2123,-614.12,1976.7,17.316,91.5,,,,
2124,-618,1975.8,16.711,91.5,,,,
2125,-621.83,1974.9,16.117,91.5,,,,
2126,-625.67,1974,15.533,92,,,,
2127,-629.5,1973.2,14.958,92,,,,
2128,-633.36,1972.4,14.393,92,,,,
2129,-637.21,1971.6,13.841,92,,,,
2130,-641.15,1970.8,13.298,92.5,,,,
2131,-645,1970,12.781,92.5,,,,
2132,-648.9,1969.2,12.282,92.5,,,,
2133,-652.85,1968.4,11.801,93,,,,
2134,-656.84,1967.7,11.339,93,,,,
2135,-660.93,1966.9,10.895,93,,,,
2136,-665.05,1966.2,10.471,93,,,,
2137,-669.2,1965.5,10.068,93.5,,,,
2138,-673.26,1964.8,9.6916,93.5,,,,
2139,-677.35,1964.1,9.3398,93.5,,,,
2140,-681.06,1963.4,9.0136,94,,,,
2141,-684.3,1962.7,8.7161,94,,,,
2142,-687.28,1962,8.4464,94,,,,
2143,-690.07,1961.3,8.2034,94.5,,,,
2144,-692.76,1960.7,7.9858,94.5,,,,
2145,-695.38,1960.1,7.7918,94.5,,,,
2146,-697.93,1959.4,7.6197,94.5,,,,
2147,-700.41,1958.8,7.4688,95,,,,
2148,-702.85,1958.2,7.3367,95,,,,
2149,-705.26,1957.6,7.2211,95,,,,
2150,-707.63,1957,7.12,95,,,,
2151,-709.98,1956.5,7.0318,95.5,,,,
2152,-712.25,1955.9,6.9547,95.5,,,,
2153,-714.49,1955.3,6.8873,95.5,,,,
2154,-716.64,1954.8,6.8285,95.5,,,,
2155,-718.73,1954.3,6.777,95.5,,,,
2156,-720.74,1953.8,6.7322,96,,,,
2157,-722.66,1953.2,6.6933,96,,,,
2158,-724.49,1952.7,6.6593,96,,,,
2159,-726.22,1952.3,6.6298,96,,,,
2160,-727.84,1951.8,6.6039,96.5,,,,
2161,-729.32,1951.3,6.5814,96.5,,,,
2162,-730.71,1950.8,6.5615,96.5,,,,
2163,-731.95,1950.4,6.5439,96.5,,,,
2164,-733.07,1950,6.5283,96.5,,,,
2165,-734.05,1949.5,6.5143,97,,,,
2166,-734.88,1949.1,6.5014,97,,,,
2167,-735.58,1948.7,6.4895,97,,,,
2168,-736.15,1948.3,6.4784,97,,,,
2169,-736.62,1947.9,6.4683,97,,,,
2170,-737.17,1947.5,6.4601,98,,,,
2171,-737.92,1947.1,6.4552,98.5,,,,
2172,-738.63,1946.8,6.4537,99,,,,
2173,-739,1946.4,6.4561,99,,,,
2174,-738.75,1946.1,6.4659,99.5,,,,
2175,-736.99,1945.8,6.5132,100,,,,
2176,-732.87,1945.5,6.5862,100,,,,
2177,-728.25,1945.2,6.6371,100,,,,
2178,-724.12,1944.8,6.6725,100,,,,
2179,-720.34,1944.5,6.6984,100,,,,
2180,-716.92,1944.1,6.7187,100,,,,
2181,-713.93,1943.8,6.7357,100,,,,
2182,-711.36,1943.5,6.7505,100,,,,
2183,-709.17,1943.4,6.7622,100,,,,
2184,-707.36,1943.2,6.7723,100,,,,
2185,-705.9,1943.1,6.7808,100,,,,
2186,-704.74,1943,6.7883,100,,,,
2187,-703.81,1943,6.7948,100,,,,
2188,-703.09,1942.9,6.8006,100,,,,
2189,-702.52,1942.8,6.8059,100,,,,
2190,-702.09,1942.7,6.8106,100,,,,
2191,-701.75,1942.6,6.815,100,,,,
2192,-701.48,1942.5,6.8191,100,,,,
2193,-701.28,1942.4,6.8229,100,,,,
2194,-701.11,1942.3,6.8265,100,,,,
2195,-700.99,1942.2,6.83,100,,,,
2196,-700.9,1942.1,6.8333,100,,,,
2197,-700.84,1942.1,6.8366,100,,,,
2198,-700.81,1942,6.8398,100,,,,
2199,-700.81,1941.9,6.8429,100,,,,
2200,-700.84,1941.8,6.846,100,,,,
2201,-700.9,1941.7,6.849,100,,,,
2202,-700.98,1941.6,6.852,100,,,,
2203,-701.08,1941.5,6.855,100,,,,
2204,-701.21,1941.5,6.858,100,,,,
2205,-701.34,1941.4,6.861,100,,,,
2206,-701.5,1941.3,6.8639,100,,,,
2207,-701.66,1941.2,6.8669,100,,,,
2208,-701.83,1941.1,6.8698,100,,,,
2209,-702.01,1941,6.8727,100,,,,
2210,-702.2,1941,6.8757,100,,,,
2211,-702.39,1940.9,6.8786,100,,,,
2212,-702.58,1940.8,6.8816,100,,,,
2213,-702.77,1940.7,6.8845,100,,,,
2214,-702.97,1940.6,6.8875,100,,,,
2215,-703.16,1940.6,6.8904,100,,,,
2216,-703.35,1940.5,6.8934,100,,,,
2217,-703.54,1940.4,6.8964,100,,,,
2218,-703.73,1940.3,6.8994,100,,,,
2219,-703.93,1940.3,6.9023,100,,,,
2220,-704.12,1940.2,6.9053,100,,,,
2221,-704.32,1940.1,6.9084,100,,,,
2222,-704.52,1940,6.9114,100,,,,
2223,-704.72,1940,6.9144,100,,,,
2224,-704.92,1939.9,6.9174,100,,,,
2225,-705.12,1939.8,6.9205,100,,,,
2226,-705.32,1939.7,6.9235,100,,,,
2227,-705.52,1939.7,6.9266,100,,,,
2228,-705.73,1939.6,6.9296,100,,,,
2229,-705.93,1939.5,6.9327,100,,,,
2230,-706.13,1939.5,6.9358,100,,,,
2231,-706.34,1939.4,6.9389,100,,,,
2232,-706.55,1939.3,6.942,100,,,,
2233,-706.75,1939.2,6.9451,100,,,,
2234,-706.96,1939.2,6.9482,100,,,,
2235,-707.17,1939.1,6.9513,100,,,,
2236,-707.38,1939,6.9544,100,,,,
2237,-707.59,1939,6.9575,100,,,,
2238,-707.79,1938.9,6.9607,100,,,,
2239,-708,1938.8,6.9638,100,,,,
2240,-708.21,1938.8,6.967,100,,,,
2241,-708.42,1938.7,6.9701,100,,,,
2242,-708.63,1938.6,6.9733,100,,,,
2243,-708.84,1938.6,6.9764,100,,,,
2244,-709.05,1938.5,6.9796,100,,,,
2245,-709.27,1938.4,6.9828,100,,,,
2246,-709.48,1938.4,6.986,100,,,,
2247,-709.69,1938.3,6.9892,100,,,,
2248,-709.9,1938.2,6.9923,100,,,,
2249,-710.11,1938.2,6.9955,100,,,,
2250,-710.32,1938.1,6.9987,100,,,,
2251,-710.53,1938,7.0019,100,,,,
2252,-710.75,1938,7.0051,100,,,,
2253,-710.96,1937.9,7.0083,100,,,,
2254,-711.17,1937.9,7.0116,100,,,,
2255,-711.38,1937.8,7.0148,100,,,,
2256,-711.6,1937.7,7.018,100,,,,
2257,-711.81,1937.7,7.0212,100,,,,
2258,-712.02,1937.6,7.0244,100,,,,
2259,-712.24,1937.6,7.0277,100,,,,
2260,-712.45,1937.5,7.0309,100,,,,
2261,-712.66,1937.4,7.0341,100,,,,
2262,-712.88,1937.4,7.0374,100,,,,
2263,-713.09,1937.3,7.0406,100,,,,
2264,-713.3,1937.3,7.0438,100,,,,
2265,-713.52,1937.2,7.0471,100,,,,
2266,-713.73,1937.2,7.0503,100,,,,
2267,-713.94,1937.1,7.0536,100,,,,
2268,-714.16,1937,7.0568,100,,,,
2269,-714.37,1937,7.06,100,,,,
2270,-714.59,1936.9,7.0633,100,,,,
2271,-714.8,1936.9,7.0665,100,,,,
2272,-715.01,1936.8,7.0698,100,,,,
2273,-715.23,1936.8,7.073,100,,,,
2274,-715.44,1936.7,7.0763,100,,,,
2275,-715.66,1936.6,7.0795,100,,,,
2276,-715.87,1936.6,7.0828,100,,,,
2277,-716.09,1936.5,7.086,100,,,,
2278,-716.3,1936.5,7.0893,100,,,,
2279,-716.51,1936.4,7.0925,100,,,,
2280,-716.73,1936.4,7.0958,100,,,,
2281,-716.94,1936.3,7.099,100,,,,
2282,-717.16,1936.3,7.1023,100,,,,
2283,-717.37,1936.2,7.1055,100,,,,
2284,-717.59,1936.2,7.1088,100,,,,
2285,-717.8,1936.1,7.112,100,,,,
2286,-718.02,1936.1,7.1153,100,,,,
2287,-718.23,1936,7.1185,100,,,,
2288,-718.45,1936,7.1218,100,,,,
2289,-718.66,1935.9,7.125,100,,,,
2290,-718.88,1935.9,7.1283,100,,,,
2291,-719.1,1935.8,7.1315,100,,,,
2292,-719.31,1935.8,7.1348,100,,,,
2293,-719.53,1935.7,7.138,100,,,,
2294,-719.74,1935.7,7.1412,100,,,,
2295,-719.96,1935.6,7.1445,100,,,,
2296,-720.17,1935.6,7.1477,100,,,,
2297,-720.39,1935.5,7.151,100,,,,
2298,-720.61,1935.5,7.1542,100,,,,
2299,-720.82,1935.4,7.1574,100,,,,
2300,-721.04,1935.4,7.1607,100,,,,
2301,-721.25,1935.3,7.1639,100,,,,
2302,-721.47,1935.3,7.1671,100,,,,
2303,-721.69,1935.2,7.1703,100,,,,
2304,-721.9,1935.2,7.1736,100,,,,
2305,-722.12,1935.2,7.1768,100,,,,
2306,-722.34,1935.1,7.18,100,,,,
2307,-722.55,1935.1,7.1832,100,,,,
2308,-722.77,1935,7.1864,100,,,,
2309,-722.99,1935,7.1896,100,,,,
2310,-723.2,1934.9,7.1928,100,,,,
2311,-723.42,1934.9,7.196,100,,,,
2312,-723.63,1934.8,7.1992,100,,,,
2313,-723.85,1934.8,7.2024,100,,,,
2314,-724.07,1934.8,7.2056,100,,,,
2315,-724.28,1934.7,7.2088,100,,,,
2316,-724.5,1934.7,7.212,100,,,,
2317,-724.72,1934.6,7.2152,100,,,,
2318,-724.93,1934.6,7.2184,100,,,,
2319,-724.92,1934.6,7.2212,100,,,,
2320,-725.35,1934.5,7.2243,100,,,,
2321,-725.35,1934.5,7.2271,100,,,,
2322,-725.77,1934.5,7.2302,100,,,,
2323,-725.77,1934.5,7.233,100,,,,
2324,-726.2,1934.4,7.2361,100,,,,
2325,-726.2,1934.4,7.2389,100,,,,
2326,-726.62,1934.4,7.2419,100,,,,
2327,-726.62,1934.3,7.2447,100,,,,
2328,-727.05,1934.3,7.2478,100,,,,
2329,-727.05,1934.3,7.2506,100,,,,
2330,-727.48,1934.2,7.2536,100,,,,
2331,-727.47,1934.2,7.2564,100,,,,
2332,-727.9,1934.2,7.2595,100,,,,
2333,-727.9,1934.2,7.2622,100,,,,
2334,-728.33,1934.1,7.2653,100,,,,
2335,-728.33,1934.1,7.268,100,,,,
2336,-728.75,1934.1,7.2711,100,,,,
2337,-728.75,1934.1,7.2739,100,,,,
2338,-729.18,1934,7.2769,100,,,,
2339,-729.18,1934,7.2796,100,,,,
2340,-729.6,1934,7.2827,100,,,,
2341,-729.6,1934,7.2854,100,,,,
2342,-730.03,1933.9,7.2884,100,,,,
2343,-730.03,1933.9,7.2912,100,,,,
2344,-730.45,1933.9,7.2942,100,,,,
2345,-730.45,1933.9,7.2969,100,,,,
2346,-730.88,1933.8,7.3,100,,,,
2347,-730.87,1933.8,7.3027,100,,,,
2348,-731.3,1933.8,7.3057,100,,,,
2349,-731.3,1933.8,7.3084,100,,,,
2350,-731.72,1933.7,7.3114,100,,,,
2351,-731.72,1933.7,7.3141,100,,,,
2352,-732.15,1933.7,7.3171,100,,,,
2353,-732.14,1933.7,7.3198,100,,,,
2354,-732.57,1933.6,7.3228,100,,,,
2355,-732.56,1933.6,7.3255,100,,,,
2356,-732.99,1933.6,7.3285,100,,,,
2357,-732.99,1933.6,7.3312,100,,,,
2358,-733.41,1933.5,7.3341,100,,,,
2359,-733.41,1933.5,7.3368,100,,,,
2360,-733.83,1933.5,7.3398,100,,,,
2361,-733.83,1933.5,7.3425,100,,,,
2362,-734.26,1933.4,7.3454,100,,,,
2363,-734.25,1933.4,7.3481,100,,,,
2364,-734.68,1933.4,7.351,100,,,,
2365,-734.67,1933.4,7.3537,100,,,,
2366,-735.1,1933.3,7.3567,100,,,,
2367,-735.09,1933.3,7.3593,100,,,,
2368,-735.52,1933.3,7.3622,100,,,,
2369,-735.51,1933.3,7.3649,100,,,,
2370,-735.94,1933.2,7.3678,100,,,,
2371,-735.93,1933.2,7.3705,100,,,,
2372,-736.36,1933.2,7.3734,100,,,,
2373,-736.36,1933.2,7.376,100,,,,
2374,-736.78,1933.1,7.3789,100,,,,
2375,-736.78,1933.1,7.3815,100,,,,
2376,-737.2,1933.1,7.3844,100,,,,
2377,-737.2,1933.1,7.387,100,,,,
2378,-737.62,1933.1,7.3899,100,,,,
2379,-737.62,1933,7.3925,100,,,,
2380,-738.04,1933,7.3954,100,,,,
2381,-738.04,1933,7.398,100,,,,
2382,-738.46,1933,7.4009,100,,,,
2383,-738.46,1933,7.4035,100,,,,
2384,-738.88,1932.9,7.4063,100,,,,
2385,-738.88,1932.9,7.4089,100,,,,
2386,-739.3,1932.9,7.4118,100,,,,
2387,-739.3,1932.9,7.4144,100,,,,
2388,-739.72,1932.8,7.4172,100,,,,
2389,-739.72,1932.8,7.4198,100,,,,
2390,-740.14,1932.8,7.4226,100,,,,
2391,-740.14,1932.8,7.4251,100,,,,
2392,-740.56,1932.7,7.428,100,,,,
2393,-740.56,1932.7,7.4305,100,,,,
2394,-740.98,1932.7,7.4333,100,,,,
2395,-740.98,1932.7,7.4359,100,,,,
2396,-741.4,1932.7,7.4387,100,,,,
2397,-741.4,1932.6,7.4412,100,,,,
2398,-741.82,1932.6,7.444,100,,,,
2399,-741.82,1932.6,7.4465,100,,,,
2400,-742.24,1932.6,7.4493,100,,,,
2401,-742.24,1932.6,7.4518,100,,,,
2402,-742.66,1932.5,7.4546,100,,,,
2403,-742.66,1932.5,7.4571,100,,,,
2404,-743.08,1932.5,7.4598,100,,,,
2405,-743.08,1932.5,7.4623,100,,,,
2406,-743.5,1932.5,7.4651,100,,,,
2407,-743.5,1932.4,7.4676,100,,,,
2408,-743.92,1932.4,7.4703,100,,,,
2409,-743.92,1932.4,7.4728,100,,,,
2410,-744.34,1932.4,7.4755,100,,,,
2411,-744.34,1932.4,7.478,100,,,,
2412,-744.76,1932.3,7.4807,100,,,,
2413,-744.76,1932.3,7.4831,100,,,,
2414,-745.18,1932.3,7.4858,100,,,,
2415,-745.18,1932.3,7.4883,100,,,,
2416,-745.6,1932.3,7.491,100,,,,
2417,-745.6,1932.2,7.4934,100,,,,
2418,-746.02,1932.2,7.4961,100,,,,
2419,-746.02,1932.2,7.4985,100,,,,
2420,-746.44,1932.2,7.5012,100,,,,
2421,-746.44,1932.2,7.5036,100,,,,
2422,-746.86,1932.1,7.5063,100,,,,
2423,-746.86,1932.1,7.5087,100,,,,
2424,-747.28,1932.1,7.5113,100,,,,
2425,-747.27,1932.1,7.5137,100,,,,
2426,-747.7,1932.1,7.5164,100,,,,
2427,-747.69,1932,7.5188,100,,,,
2428,-748.12,1932,7.5214,100,,,,
2429,-748.11,1932,7.5238,100,,,,
2430,-748.54,1932,7.5264,100,,,,
2431,-748.53,1932,7.5287,100,,,,
2432,-748.96,1931.9,7.5313,100,,,,
2433,-748.95,1931.9,7.5337,100,,,,
2434,-749.38,1931.9,7.5363,100,,,,
2435,-749.37,1931.9,7.5386,100,,,,
2436,-749.8,1931.9,7.5412,100,,,,
2437,-749.79,1931.9,7.5436,100,,,,
2438,-750.22,1931.8,7.5461,100,,,,
2439,-750.21,1931.8,7.5484,100,,,,
2440,-750.64,1931.8,7.551,100,,,,
2441,-750.63,1931.8,7.5533,100,,,,
2442,-751.06,1931.8,7.5559,100,,,,
2443,-751.05,1931.8,7.5582,100,,,,
2444,-751.48,1931.7,7.5607,100,,,,
2445,-751.47,1931.7,7.563,100,,,,
2446,-751.9,1931.7,7.5655,100,,,,
2447,-751.89,1931.7,7.5678,100,,,,
2448,-752.32,1931.7,7.5703,100,,,,
2449,-752.31,1931.6,7.5726,100,,,,
2450,-752.73,1931.6,7.5751,100,,,,
2451,-752.73,1931.6,7.5773,100,,,,
2452,-753.15,1931.6,7.5798,100,,,,
2453,-753.15,1931.6,7.582,100,,,,
2454,-753.57,1931.6,7.5845,100,,,,
2455,-753.57,1931.5,7.5868,100,,,,
2456,-753.99,1931.5,7.5892,100,,,,
2457,-753.99,1931.5,7.5914,100,,,,
2458,-754.41,1931.5,7.5939,100,,,,
2459,-754.41,1931.5,7.5961,100,,,,
2460,-754.83,1931.5,7.5985,100,,,,
2461,-754.83,1931.4,7.6007,100,,,,
2462,-755.25,1931.4,7.6032,100,,,,
2463,-755.25,1931.4,7.6054,100,,,,
2464,-755.67,1931.4,7.6078,100,,,,
2465,-755.67,1931.4,7.6099,100,,,,
2466,-756.09,1931.4,7.6123,100,,,,
2467,-756.09,1931.3,7.6145,100,,,,
2468,-756.51,1931.3,7.6169,100,,,,
2469,-756.51,1931.3,7.619,100,,,,
2470,-756.93,1931.3,7.6214,100,,,,
2471,-756.93,1931.3,7.6236,100,,,,
2472,-757.35,1931.3,7.6259,100,,,,
2473,-757.35,1931.2,7.6281,100,,,,
2474,-757.77,1931.2,7.6304,100,,,,
2475,-757.77,1931.2,7.6325,100,,,,
2476,-758.19,1931.2,7.6349,100,,,,
2477,-758.19,1931.2,7.637,100,,,,
2478,-758.61,1931.2,7.6393,100,,,,
2479,-758.61,1931.2,7.6414,100,,,,
2480,-759.03,1931.1,7.6437,100,,,,
2481,-759.02,1931.1,7.6458,100,,,,
2482,-759.45,1931.1,7.6481,100,,,,
2483,-759.44,1931.1,7.6502,100,,,,
2484,-759.87,1931.1,7.6525,100,,,,
2485,-759.86,1931.1,7.6545,100,,,,
2486,-760.29,1931,7.6568,100,,,,
2487,-760.28,1931,7.6588,100,,,,
2488,-760.71,1931,7.6611,100,,,,
2489,-760.7,1931,7.6631,100,,,,
2490,-761.13,1931,7.6654,100,,,,
2491,-761.12,1931,7.6674,100,,,,
2492,-761.55,1930.9,7.6697,100,,,,
2493,-761.54,1930.9,7.6717,100,,,,
2494,-761.97,1930.9,7.6739,100,,,,
2495,-761.96,1930.9,7.6759,100,,,,
2496,-762.39,1930.9,7.6781,100,,,,
2497,-762.38,1930.9,7.6801,100,,,,
2498,-762.81,1930.9,7.6823,100,,,,
2499,-762.8,1930.9,7.6843,100,,,,
2500,-763.23,1930.8,7.6865,100,,,,
2501,-763.22,1930.8,7.6884,100,,,,
2502,-763.64,1930.8,7.6906,100,,,,
2503,-763.64,1930.8,7.6926,100,,,,
2504,-764.06,1930.8,7.6947,100,,,,
2505,-764.06,1930.8,7.6967,100,,,,
2506,-764.48,1930.7,7.6988,100,,,,
2507,-764.48,1930.7,7.7008,100,,,,
2508,-764.9,1930.7,7.7029,100,,,,
2509,-764.9,1930.7,7.7048,100,,,,
2510,-765.32,1930.7,7.7069,100,,,,
2511,-765.32,1930.7,7.7089,100,,,,
2512,-765.74,1930.7,7.711,100,,,,
2513,-765.74,1930.7,7.7129,100,,,,
2514,-766.16,1930.6,7.715,100,,,,
2515,-766.16,1930.6,7.7168,100,,,,
2516,-766.58,1930.6,7.7189,100,,,,
2517,-766.58,1930.6,7.7208,100,,,,
2518,-767,1930.6,7.7229,100,,,,
2519,-767,1930.6,7.7247,100,,,,
2520,-767.42,1930.6,7.7268,100,,,,
2521,-767.42,1930.5,7.7287,100,,,,
2522,-767.84,1930.5,7.7307,100,,,,
2523,-767.84,1930.5,7.7325,100,,,,
2524,-768.26,1930.5,7.7346,100,,,,
2525,-768.26,1930.5,7.7364,100,,,,
2526,-768.68,1930.5,7.7384,100,,,,
2527,-768.68,1930.5,7.7402,100,,,,
2528,-769.1,1930.4,7.7422,100,,,,
2529,-769.09,1930.4,7.7441,100,,,,
2530,-769.52,1930.4,7.746,100,,,,
2531,-769.51,1930.4,7.7478,100,,,,
2532,-769.94,1930.4,7.7498,100,,,,
2533,-769.93,1930.4,7.7516,100,,,,
2534,-770.36,1930.4,7.7536,100,,,,
2535,-770.35,1930.4,7.7554,100,,,,
2536,-770.78,1930.3,7.7573,100,,,,
2537,-770.77,1930.3,7.7591,100,,,,
2538,-771.19,1930.3,7.761,100,,,,
2539,-771.19,1930.3,7.7628,100,,,,
2540,-771.61,1930.3,7.7647,100,,,,
2541,-771.61,1930.3,7.7664,100,,,,
2542,-772.03,1930.3,7.7684,100,,,,
2543,-772.03,1930.3,7.7701,100,,,,
2544,-772.45,1930.2,7.772,100,,,,
2545,-772.45,1930.2,7.7737,100,,,,
2546,-772.87,1930.2,7.7756,100,,,,
2547,-772.87,1930.2,7.7773,100,,,,
2548,-773.29,1930.2,7.7792,100,,,,
2549,-773.29,1930.2,7.7809,100,,,,
2550,-773.71,1930.2,7.7828,100,,,,
2551,-773.71,1930.2,7.7844,100,,,,
2552,-774.13,1930.1,7.7863,100,,,,
2553,-774.13,1930.1,7.788,100,,,,
2554,-774.55,1930.1,7.7898,100,,,,
2555,-774.55,1930.1,7.7915,100,,,,
2556,-774.97,1930.1,7.7933,100,,,,
2557,-774.97,1930.1,7.795,100,,,,
2558,-775.39,1930.1,7.7968,100,,,,
2559,-775.38,1930.1,7.7984,100,,,,
2560,-775.81,1930.1,7.8002,100,,,,
2561,-775.8,1930.1,7.8019,100,,,,
2562,-776.23,1930,7.8037,100,,,,
2563,-776.22,1930,7.8053,100,,,,
2564,-776.65,1930,7.8071,100,,,,
2565,-776.64,1930,7.8087,100,,,,
2566,-777.07,1930,7.8104,100,,,,
2567,-777.06,1930,7.812,100,,,,
2568,-777.48,1930,7.8138,100,,,,
2569,-777.48,1930,7.8154,100,,,,
2570,-777.9,1929.9,7.8171,100,,,,
2571,-777.9,1929.9,7.8187,100,,,,
2572,-778.32,1929.9,7.8204,100,,,,
2573,-778.32,1929.9,7.822,100,,,,
2574,-778.74,1929.9,7.8237,100,,,,
2575,-778.74,1929.9,7.8253,100,,,,
2576,-779.16,1929.9,7.827,100,,,,
2577,-779.16,1929.9,7.8285,100,,,,
2578,-779.58,1929.9,7.8302,100,,,,
2579,-779.58,1929.8,7.8318,100,,,,
2580,-780,1929.8,7.8335,100,,,,
2581,-780,1929.8,7.835,100,,,,
2582,-780.42,1929.8,7.8367,100,,,,
2583,-780.42,1929.8,7.8382,100,,,,
2584,-780.84,1929.8,7.8398,100,,,,
2585,-780.84,1929.8,7.8413,100,,,,
2586,-781.26,1929.8,7.843,100,,,,
2587,-781.26,1929.8,7.8445,100,,,,
2588,-781.68,1929.7,7.8461,100,,,,
2589,-781.68,1929.7,7.8476,100,,,,
2590,-782.1,1929.7,7.8492,100,,,,
2591,-782.1,1929.7,7.8507,100,,,,
2592,-782.52,1929.7,7.8523,100,,,,
2593,-782.51,1929.7,7.8538,100,,,,
2594,-782.94,1929.7,7.8554,100,,,,
2595,-782.93,1929.7,7.8568,100,,,,
2596,-783.36,1929.7,7.8584,100,,,,
2597,-783.35,1929.7,7.8599,100,,,,
2598,-783.78,1929.6,7.8615,100,,,,
2599,-783.77,1929.6,7.8629,100,,,,
2600,-784.19,1929.6,7.8645,100,,,,
2601,-784.19,1929.6,7.8659,100,,,,
2602,-784.61,1929.6,7.8675,100,,,,
2603,-784.61,1929.6,7.8689,100,,,,
2604,-785.03,1929.6,7.8704,100,,,,
2605,-785.03,1929.6,7.8718,100,,,,
2606,-785.45,1929.6,7.8734,100,,,,
2607,-785.45,1929.6,7.8748,100,,,,
2608,-785.87,1929.5,7.8763,100,,,,
2609,-785.87,1929.5,7.8777,100,,,,
2610,-786.29,1929.5,7.8792,100,,,,
2611,-786.29,1929.5,7.8806,100,,,,
2612,-786.71,1929.5,7.8821,100,,,,
2613,-786.71,1929.5,7.8834,100,,,,
2614,-787.13,1929.5,7.8849,100,,,,
2615,-787.13,1929.5,7.8863,100,,,,
2616,-787.55,1929.5,7.8878,100,,,,
2617,-787.55,1929.5,7.8891,100,,,,
2618,-787.97,1929.5,7.8906,100,,,,
2619,-787.97,1929.4,7.8919,100,,,,
2620,-788.39,1929.4,7.8934,100,,,,
2621,-788.39,1929.4,7.8947,100,,,,
2622,-788.81,1929.4,7.8962,100,,,,
2623,-788.81,1929.4,7.8975,100,,,,
2624,-789.23,1929.4,7.899,100,,,,
2625,-789.23,1929.4,7.9003,100,,,,
2626,-789.65,1929.4,7.9017,100,,,,
2627,-789.64,1929.4,7.903,100,,,,
2628,-790.07,1929.4,7.9044,100,,,,
2629,-790.06,1929.4,7.9057,100,,,,
2630,-790.49,1929.3,7.9071,100,,,,
2631,-790.48,1929.3,7.9084,100,,,,
2632,-790.91,1929.3,7.9098,100,,,,
2633,-790.9,1929.3,7.9111,100,,,,
2634,-791.32,1929.3,7.9125,100,,,,
2635,-791.32,1929.3,7.9137,100,,,,
2636,-791.74,1929.3,7.9151,100,,,,
2637,-791.74,1929.3,7.9164,100,,,,
2638,-792.16,1929.3,7.9178,100,,,,
2639,-792.16,1929.3,7.919,100,,,,
2640,-792.58,1929.3,7.9204,100,,,,
2641,-792.58,1929.3,7.9216,100,,,,
2642,-793,1929.2,7.923,100,,,,
2643,-793,1929.2,7.9242,100,,,,
2644,-793.42,1929.2,7.9255,100,,,,
2645,-793.42,1929.2,7.9268,100,,,,
2646,-793.84,1929.2,7.9281,100,,,,
2647,-793.84,1929.2,7.9293,100,,,,
2648,-794.26,1929.2,7.9306,100,,,,
2649,-794.26,1929.2,7.9318,100,,,,
2650,-794.68,1929.2,7.9332,100,,,,
2651,-794.68,1929.2,7.9343,100,,,,
2652,-795.1,1929.2,7.9357,100,,,,
2653,-795.1,1929.2,7.9368,100,,,,
2654,-795.52,1929.1,7.9382,100,,,,
2655,-795.52,1929.1,7.9393,100,,,,
2656,-795.94,1929.1,7.9406,100,,,,
2657,-795.94,1929.1,7.9418,100,,,,
2658,-796.36,1929.1,7.9431,100,,,,
2659,-796.36,1929.1,7.9442,100,,,,
2660,-796.78,1929.1,7.9455,100,,,,
2661,-796.78,1929.1,7.9467,100,,,,
2662,-797.2,1929.1,7.9479,100,,,,
2663,-797.2,1929.1,7.9491,100,,,,
2664,-797.62,1929.1,7.9503,100,,,,
2665,-797.62,1929.1,7.9515,100,,,,
2666,-798.04,1929,7.9527,100,,,,
2667,-798.04,1929,7.9538,100,,,,
2668,-798.46,1929,7.9551,100,,,,
2669,-798.46,1929,7.9562,100,,,,
2670,-798.88,1929,7.9574,100,,,,
2671,-798.88,1929,7.9585,100,,,,
2672,-799.3,1929,7.9598,100,,,,
2673,-799.3,1929,7.9609,100,,,,
2674,-799.73,1929,7.9621,100,,,,
2675,-799.72,1929,7.9632,100,,,,
2676,-800.15,1929,7.9644,100,,,,
2677,-800.14,1929,7.9655,100,,,,
2678,-800.57,1929,7.9667,100,,,,
2679,-800.57,1928.9,7.9678,100,,,,
2680,-800.99,1928.9,7.969,100,,,,
2681,-800.99,1928.9,7.97,100,,,,
2682,-801.41,1928.9,7.9712,100,,,,
2683,-801.41,1928.9,7.9723,100,,,,
2684,-801.83,1928.9,7.9735,100,,,,
2685,-801.83,1928.9,7.9745,100,,,,
2686,-802.25,1928.9,7.9757,100,,,,
2687,-802.25,1928.9,7.9767,100,,,,
2688,-802.67,1928.9,7.9779,100,,,,
2689,-802.67,1928.9,7.9789,100,,,,
2690,-803.09,1928.9,7.9801,100,,,,
2691,-803.09,1928.9,7.9811,100,,,,
2692,-803.52,1928.8,7.9823,100,,,,
2693,-803.51,1928.8,7.9833,100,,,,
2694,-803.94,1928.8,7.9845,100,,,,
2695,-803.94,1928.8,7.9855,100,,,,
2696,-804.36,1928.8,7.9866,100,,,,
2697,-804.36,1928.8,7.9876,100,,,,
2698,-804.78,1928.8,7.9888,100,,,,
2699,-804.78,1928.8,7.9898,100,,,,
2700,-805.2,1928.8,7.9909,100,,,,
2701,-805.2,1928.8,7.9919,100,,,,
2702,-805.62,1928.8,7.993,100,,,,
2703,-805.62,1928.8,7.994,100,,,,
2704,-806.04,1928.8,7.9951,100,,,,
2705,-806.04,1928.8,7.9961,100,,,,
2706,-806.46,1928.8,7.9972,100,,,,
2707,-806.46,1928.7,7.9981,100,,,,
2708,-806.89,1928.7,7.9992,100,,,,
2709,-806.88,1928.7,8.0002,100,,,,
2710,-807.31,1928.7,8.0013,100,,,,
2711,-807.31,1928.7,8.0023,100,,,,
2712,-807.73,1928.7,8.0033,100,,,,
2713,-807.73,1928.7,8.0043,100,,,,
2714,-808.15,1928.7,8.0054,100,,,,
2715,-808.15,1928.7,8.0063,100,,,,
2716,-808.57,1928.7,8.0074,100,,,,
2717,-808.57,1928.7,8.0083,100,,,,
2718,-808.99,1928.7,8.0094,100,,,,
2719,-808.99,1928.7,8.0103,100,,,,
2720,-809.41,1928.7,8.0114,100,,,,
2721,-809.41,1928.7,8.0123,100,,,,
2722,-809.83,1928.6,8.0134,100,,,,
2723,-809.83,1928.6,8.0143,100,,,,
2724,-810.26,1928.6,8.0153,100,,,,
2725,-810.25,1928.6,8.0163,100,,,,
2726,-810.68,1928.6,8.0173,100,,,,
2727,-810.67,1928.6,8.0182,100,,,,
2728,-811.1,1928.6,8.0192,100,,,,
2729,-811.1,1928.6,8.0201,100,,,,
2730,-811.52,1928.6,8.0212,100,,,,
2731,-811.52,1928.6,8.0221,100,,,,
2732,-811.94,1928.6,8.0231,100,,,,
2733,-811.94,1928.6,8.024,100,,,,
2734,-812.36,1928.6,8.025,100,,,,
2735,-812.36,1928.6,8.0259,100,,,,
2736,-812.78,1928.6,8.0269,100,,,,
2737,-812.78,1928.6,8.0278,100,,,,
2738,-813.2,1928.5,8.0288,100,,,,
2739,-813.2,1928.5,8.0296,100,,,,
2740,-813.62,1928.5,8.0306,100,,,,
2741,-813.62,1928.5,8.0315,100,,,,
2742,-814.05,1928.5,8.0325,100,,,,
2743,-814.04,1928.5,8.0334,100,,,,
2744,-814.47,1928.5,8.0343,100,,,,
2745,-814.47,1928.5,8.0352,100,,,,
2746,-814.89,1928.5,8.0362,100,,,,
2747,-814.89,1928.5,8.037,100,,,,
2748,-815.31,1928.5,8.038,100,,,,
2749,-815.31,1928.5,8.0388,100,,,,
2750,-815.73,1928.5,8.0398,100,,,,
2751,-815.73,1928.5,8.0407,100,,,,
2752,-816.15,1928.5,8.0416,100,,,,
2753,-816.15,1928.5,8.0425,100,,,,
2754,-816.57,1928.5,8.0434,100,,,,
2755,-816.57,1928.5,8.0442,100,,,,
2756,-816.99,1928.4,8.0452,100,,,,
2757,-816.99,1928.4,8.046,100,,,,
2758,-817.42,1928.4,8.047,100,,,,
2759,-817.41,1928.4,8.0478,100,,,,
2760,-817.84,1928.4,8.0487,100,,,,
2761,-817.84,1928.4,8.0495,100,,,,
2762,-818.26,1928.4,8.0505,100,,,,
2763,-818.26,1928.4,8.0513,100,,,,
2764,-818.68,1928.4,8.0522,100,,,,
2765,-818.68,1928.4,8.053,100,,,,
2766,-819.1,1928.4,8.0539,100,,,,
2767,-819.1,1928.4,8.0547,100,,,,
2768,-819.52,1928.4,8.0557,100,,,,
2769,-819.52,1928.4,8.0565,100,,,,
2770,-819.94,1928.4,8.0574,100,,,,
2771,-819.94,1928.4,8.0582,100,,,,
2772,-820.36,1928.4,8.0591,100,,,,
2773,-820.36,1928.4,8.0599,100,,,,
2774,-820.78,1928.3,8.0607,100,,,,
2775,-820.78,1928.3,8.0615,100,,,,
2776,-821.21,1928.3,8.0624,100,,,,
2777,-821.2,1928.3,8.0632,100,,,,
2778,-821.63,1928.3,8.0641,100,,,,
2779,-821.63,1928.3,8.0649,100,,,,
2780,-822.05,1928.3,8.0658,100,,,,
2781,-822.05,1928.3,8.0665,100,,,,
2782,-822.47,1928.3,8.0674,100,,,,
2783,-822.47,1928.3,8.0682,100,,,,
2784,-822.89,1928.3,8.0691,100,,,,
2785,-822.89,1928.3,8.0698,100,,,,
2786,-823.31,1928.3,8.0707,100,,,,
2787,-823.31,1928.3,8.0714,100,,,,
2788,-823.73,1928.3,8.0723,100,,,,
2789,-823.73,1928.3,8.0731,100,,,,
2790,-824.15,1928.3,8.0739,100,,,,
2791,-824.15,1928.3,8.0747,100,,,,
2792,-824.57,1928.3,8.0755,100,,,,
2793,-824.57,1928.2,8.0763,100,,,,
2794,-825,1928.2,8.0771,100,,,,
2795,-824.99,1928.2,8.0779,100,,,,
2796,-825.42,1928.2,8.0787,100,,,,
2797,-825.42,1928.2,8.0794,100,,,,
2798,-825.84,1928.2,8.0803,100,,,,
2799,-825.84,1928.2,8.081,100,,,,
2800,-826.26,1928.2,8.0819,100,,,,
2801,-826.26,1928.2,8.0826,100,,,,
2802,-826.68,1928.2,8.0834,100,,,,
2803,-826.68,1928.2,8.0841,100,,,,
2804,-827.1,1928.2,8.085,100,,,,
2805,-827.1,1928.2,8.0857,100,,,,
2806,-827.52,1928.2,8.0865,100,,,,
2807,-827.52,1928.2,8.0872,100,,,,
2808,-827.94,1928.2,8.088,100,,,,
2809,-827.94,1928.2,8.0888,100,,,,
2810,-828.36,1928.2,8.0896,100,,,,
2811,-828.36,1928.2,8.0903,100,,,,
2812,-828.78,1928.2,8.0911,100,,,,
2813,-828.78,1928.2,8.0918,100,,,,
2814,-829.21,1928.1,8.0926,100,,,,
2815,-829.2,1928.1,8.0933,100,,,,
2816,-829.63,1928.1,8.0941,100,,,,
2817,-829.63,1928.1,8.0948,100,,,,
2818,-830.05,1928.1,8.0956,100,,,,
2819,-830.05,1928.1,8.0963,100,,,,
2820,-830.47,1928.1,8.0971,100,,,,
2821,-830.47,1928.1,8.0978,100,,,,
2822,-830.89,1928.1,8.0986,100,,,,
2823,-830.89,1928.1,8.0992,100,,,,
2824,-831.31,1928.1,8.1,100,,,,
2825,-831.31,1928.1,8.1007,100,,,,
2826,-831.73,1928.1,8.1015,100,,,,
2827,-831.73,1928.1,8.1022,100,,,,
2828,-832.15,1928.1,8.1029,100,,,,
2829,-832.15,1928.1,8.1036,100,,,,
2830,-832.57,1928.1,8.1044,100,,,,
2831,-832.57,1928.1,8.105,100,,,,
2832,-832.99,1928.1,8.1058,100,,,,
2833,-832.99,1928.1,8.1065,100,,,,
2834,-833.42,1928.1,8.1072,100,,,,
2835,-833.41,1928.1,8.1079,100,,,,
2836,-833.84,1928.1,8.1087,100,,,,
2837,-833.84,1928,8.1093,100,,,,
2838,-834.26,1928,8.1101,100,,,,
2839,-834.26,1928,8.1107,100,,,,
2840,-834.68,1928,8.1115,100,,,,
2841,-834.68,1928,8.1121,100,,,,
2842,-835.1,1928,8.1129,100,,,,
2843,-835.1,1928,8.1135,100,,,,
2844,-835.52,1928,8.1143,100,,,,
2845,-835.52,1928,8.1149,100,,,,
2846,-835.94,1928,8.1156,100,,,,
2847,-835.94,1928,8.1163,100,,,,
2848,-836.36,1928,8.117,100,,,,
2849,-836.36,1928,8.1177,100,,,,
2850,-836.78,1928,8.1184,100,,,,
2851,-836.78,1928,8.119,100,,,,
2852,-837.2,1928,8.1197,100,,,,
2853,-837.2,1928,8.1204,100,,,,
2854,-837.62,1928,8.1211,100,,,,
2855,-837.62,1928,8.1217,100,,,,
2856,-838.05,1928,8.1224,100,,,,
2857,-838.04,1928,8.1231,100,,,,
2858,-838.47,1928,8.1238,100,,,,
2859,-838.47,1928,8.1244,100,,,,
2860,-838.89,1928,8.1251,100,,,,
2861,-838.89,1928,8.1257,100,,,,
2862,-839.31,1927.9,8.1264,100,,,,
2863,-839.31,1927.9,8.127,100,,,,
2864,-839.73,1927.9,8.1277,100,,,,
2865,-839.73,1927.9,8.1283,100,,,,
2866,-840.15,1927.9,8.129,100,,,,
2867,-840.15,1927.9,8.1297,100,,,,
2868,-840.57,1927.9,8.1303,100,,,,
2869,-840.57,1927.9,8.1309,100,,,,
2870,-840.99,1927.9,8.1316,100,,,,
2871,-840.99,1927.9,8.1322,100,,,,
2872,-841.41,1927.9,8.1329,100,,,,
2873,-841.41,1927.9,8.1335,100,,,,
2874,-841.83,1927.9,8.1342,100,,,,
2875,-841.83,1927.9,8.1348,100,,,,
2876,-842.25,1927.9,8.1355,100,,,,
2877,-842.25,1927.9,8.1361,100,,,,
2878,-842.67,1927.9,8.1367,100,,,,
2879,-842.67,1927.9,8.1373,100,,,,
2880,-843.1,1927.9,8.138,100,,,,
2881,-843.09,1927.9,8.1386,100,,,,
2882,-843.52,1927.9,8.1392,100,,,,
2883,-843.52,1927.9,8.1398,100,,,,
2884,-843.94,1927.9,8.1405,100,,,,
2885,-843.94,1927.9,8.1411,100,,,,
2886,-844.36,1927.9,8.1417,100,,,,
2887,-844.36,1927.9,8.1423,100,,,,
2888,-844.78,1927.9,8.1429,100,,,,
2889,-844.78,1927.8,8.1435,100,,,,
2890,-845.2,1927.8,8.1442,100,,,,
2891,-845.2,1927.8,8.1447,100,,,,
2892,-845.62,1927.8,8.1454,100,,,,
2893,-845.62,1927.8,8.1459,100,,,,
2894,-846.04,1927.8,8.1466,100,,,,
2895,-846.04,1927.8,8.1471,100,,,,
2896,-846.46,1927.8,8.1478,100,,,,
2897,-846.46,1927.8,8.1483,100,,,,
2898,-846.88,1927.8,8.149,100,,,,
2899,-846.88,1927.8,8.1495,100,,,,
2900,-847.3,1927.8,8.1502,100,,,,
2901,-847.3,1927.8,8.1507,100,,,,
2902,-847.72,1927.8,8.1513,100,,,,
2903,-847.72,1927.8,8.1519,100,,,,
2904,-848.14,1927.8,8.1525,100,,,,
2905,-848.14,1927.8,8.153,100,,,,
2906,-848.56,1927.8,8.1537,100,,,,
2907,-848.56,1927.8,8.1542,100,,,,
2908,-848.99,1927.8,8.1548,100,,,,
2909,-848.99,1927.8,8.1554,100,,,,
2910,-849.41,1927.8,8.156,100,,,,
2911,-849.41,1927.8,8.1565,100,,,,
2912,-849.83,1927.8,8.1571,100,,,,
2913,-849.83,1927.8,8.1576,100,,,,
2914,-850.25,1927.8,8.1583,100,,,,
2915,-850.25,1927.8,8.1588,100,,,,
2916,-850.67,1927.8,8.1594,100,,,,
2917,-850.67,1927.8,8.1599,100,,,,
2918,-851.09,1927.8,8.1605,100,,,,
2919,-851.09,1927.7,8.161,100,,,,
2920,-851.51,1927.7,8.1616,100,,,,
2921,-851.51,1927.7,8.1621,100,,,,
2922,-851.93,1927.7,8.1627,100,,,,
2923,-851.93,1927.7,8.1632,100,,,,
2924,-852.35,1927.7,8.1638,100,,,,
2925,-852.35,1927.7,8.1643,100,,,,
2926,-852.77,1927.7,8.1649,100,,,,
2927,-852.77,1927.7,8.1654,100,,,,
2928,-853.19,1927.7,8.166,100,,,,
2929,-853.19,1927.7,8.1665,100,,,,
2930,-853.61,1927.7,8.1671,100,,,,
2931,-853.61,1927.7,8.1676,100,,,,
2932,-854.03,1927.7,8.1682,100,,,,
2933,-854.03,1927.7,8.1687,100,,,,
2934,-854.45,1927.7,8.1692,100,,,,
2935,-854.45,1927.7,8.1697,100,,,,
2936,-854.87,1927.7,8.1703,100,,,,
2937,-854.87,1927.7,8.1708,100,,,,
2938,-855.29,1927.7,8.1714,100,,,,
2939,-855.29,1927.7,8.1719,100,,,,
2940,-855.71,1927.7,8.1724,100,,,,
2941,-855.71,1927.7,8.1729,100,,,,
2942,-856.14,1927.7,8.1735,100,,,,
2943,-856.14,1927.7,8.1739,100,,,,
2944,-856.56,1927.7,8.1745,100,,,,
2945,-856.56,1927.7,8.175,100,,,,
2946,-856.98,1927.7,8.1755,100,,,,
2947,-856.98,1927.7,8.176,100,,,,
2948,-857.4,1927.7,8.1765,100,,,,
2949,-857.4,1927.7,8.177,100,,,,
2950,-857.82,1927.7,8.1776,100,,,,
2951,-857.82,1927.7,8.178,100,,,,
2952,-858.24,1927.7,8.1786,100,,,,
2953,-858.24,1927.6,8.179,100,,,,
2954,-858.66,1927.6,8.1796,100,,,,
2955,-858.66,1927.6,8.18,100,,,,
2956,-859.08,1927.6,8.1806,100,,,,
2957,-859.08,1927.6,8.181,100,,,,
2958,-859.5,1927.6,8.1816,100,,,,
2959,-859.5,1927.6,8.182,100,,,,
2960,-859.92,1927.6,8.1826,100,,,,
2961,-859.92,1927.6,8.183,100,,,,
2962,-860.34,1927.6,8.1835,100,,,,
2963,-860.34,1927.6,8.184,100,,,,
2964,-860.76,1927.6,8.1845,100,,,,
2965,-860.76,1927.6,8.185,100,,,,
2966,-861.18,1927.6,8.1855,100,,,,
2967,-861.18,1927.6,8.1859,100,,,,
2968,-861.6,1927.6,8.1864,100,,,,
2969,-861.6,1927.6,8.1869,100,,,,
2970,-862.02,1927.6,8.1874,100,,,,
2971,-862.02,1927.6,8.1878,100,,,,
2972,-862.44,1927.6,8.1884,100,,,,
2973,-862.44,1927.6,8.1888,100,,,,
2974,-862.86,1927.6,8.1893,100,,,,
2975,-862.86,1927.6,8.1897,100,,,,
2976,-863.28,1927.6,8.1902,100,,,,
2977,-863.28,1927.6,8.1907,100,,,,
2978,-863.7,1927.6,8.1912,100,,,,
2979,-863.7,1927.6,8.1916,100,,,,
2980,-864.12,1927.6,8.1921,100,,,,
2981,-864.12,1927.6,8.1925,100,,,,
2982,-864.54,1927.6,8.193,100,,,,
2983,-864.54,1927.6,8.1934,100,,,,
2984,-864.96,1927.6,8.1939,100,,,,
2985,-864.96,1927.6,8.1944,100,,,,
2986,-865.38,1927.6,8.1948,100,,,,
2987,-865.38,1927.6,8.1953,100,,,,
2988,-865.8,1927.6,8.1957,100,,,,
2989,-865.8,1927.6,8.1962,100,,,,
2990,-866.22,1927.6,8.1966,100,,,,
2991,-866.22,1927.6,8.1971,100,,,,
2992,-866.64,1927.5,8.1975,100,,,,
2993,-866.64,1927.5,8.1979,100,,,,
2994,-867.07,1927.5,8.1984,100,,,,
2995,-867.06,1927.5,8.1988,100,,,,
2996,-867.49,1927.5,8.1993,100,,,,
2997,-867.49,1927.5,8.1997,100,,,,
2998,-867.91,1927.5,8.2002,100,,,,
2999,-867.91,1927.5,8.2006,100,,,,
3000,-868.33,1927.5,8.201,100,,,,
3001,-868.33,1927.5,8.2014,100,,,,
3002,-868.75,1927.5,8.2019,100,,,,
3003,-868.75,1927.5,8.2023,100,,,,
3004,-869.17,1927.5,8.2028,100,,,,
3005,-869.17,1927.5,8.2032,100,,,,
3006,-869.59,1927.5,8.2036,100,,,,
3007,-869.59,1927.5,8.204,100,,,,
3008,-870.01,1927.5,8.2045,100,,,,
3009,-870.01,1927.5,8.2049,100,,,,
3010,-870.43,1927.5,8.2053,100,,,,
3011,-870.43,1927.5,8.2057,100,,,,
3012,-870.85,1927.5,8.2062,100,,,,
3013,-870.85,1927.5,8.2065,100,,,,
3014,-871.27,1927.5,8.207,100,,,,
3015,-871.27,1927.5,8.2074,100,,,,
3016,-871.69,1927.5,8.2078,100,,,,
3017,-871.69,1927.5,8.2082,100,,,,
3018,-872.11,1927.5,8.2086,100,,,,
3019,-872.11,1927.5,8.209,100,,,,
3020,-872.53,1927.5,8.2095,100,,,,
3021,-872.53,1927.5,8.2098,100,,,,
3022,-872.95,1927.5,8.2103,100,,,,
3023,-872.95,1927.5,8.2106,100,,,,
3024,-873.37,1927.5,8.2111,100,,,,
3025,-873.37,1927.5,8.2115,100,,,,
3026,-873.79,1927.5,8.2119,100,,,,
3027,-873.79,1927.5,8.2123,100,,,,
3028,-874.21,1927.5,8.2127,100,,,,
3029,-874.21,1927.5,8.2131,100,,,,
3030,-874.63,1927.5,8.2135,100,,,,
3031,-874.63,1927.5,8.2138,100,,,,
3032,-875.05,1927.5,8.2143,100,,,,
3033,-875.05,1927.5,8.2146,100,,,,
3034,-875.47,1927.5,8.2151,100,,,,
3035,-875.47,1927.5,8.2154,100,,,,
3036,-875.89,1927.4,8.2158,100,,,,
3037,-875.89,1927.4,8.2162,100,,,,
3038,-876.31,1927.4,8.2166,100,,,,
3039,-876.31,1927.4,8.217,100,,,,
3040,-876.73,1927.4,8.2174,100,,,,
3041,-876.73,1927.4,8.2177,100,,,,
3042,-877.15,1927.4,8.2182,100,,,,
3043,-877.15,1927.4,8.2185,100,,,,
3044,-877.57,1927.4,8.2189,100,,,,
3045,-877.57,1927.4,8.2193,100,,,,
3046,-877.99,1927.4,8.2197,100,,,,
3047,-877.99,1927.4,8.22,100,,,,
3048,-878.41,1927.4,8.2204,100,,,,
3049,-878.41,1927.4,8.2208,100,,,,
3050,-878.83,1927.4,8.2212,100,,,,
3051,-878.83,1927.4,8.2215,100,,,,
3052,-879.25,1927.4,8.2219,100,,,,
3053,-879.25,1927.4,8.2223,100,,,,
3054,-879.67,1927.4,8.2227,100,,,,
3055,-879.67,1927.4,8.223,100,,,,
3056,-880.09,1927.4,8.2234,100,,,,
3057,-880.09,1927.4,8.2238,100,,,,
3058,-880.51,1927.4,8.2241,100,,,,
3059,-880.51,1927.4,8.2245,100,,,,
3060,-880.93,1927.4,8.2249,100,,,,
3061,-880.93,1927.4,8.2252,100,,,,
3062,-881.35,1927.4,8.2256,100,,,,
3063,-881.35,1927.4,8.2259,100,,,,
3064,-881.77,1927.4,8.2263,100,,,,
3065,-881.77,1927.4,8.2267,100,,,,
3066,-882.19,1927.4,8.227,100,,,,
3067,-882.19,1927.4,8.2274,100,,,,
3068,-882.61,1927.4,8.2278,100,,,,
3069,-882.61,1927.4,8.2281,100,,,,
3070,-883.03,1927.4,8.2285,100,,,,
3071,-883.03,1927.4,8.2288,100,,,,
3072,-883.45,1927.4,8.2292,100,,,,
3073,-883.45,1927.4,8.2295,100,,,,
3074,-883.87,1927.4,8.2299,100,,,,
3075,-883.87,1927.4,8.2302,100,,,,
3076,-884.29,1927.4,8.2306,100,,,,
3077,-884.29,1927.4,8.2309,100,,,,
3078,-884.71,1927.4,8.2313,100,,,,
3079,-884.71,1927.4,8.2316,100,,,,
3080,-885.13,1927.4,8.232,100,,,,
3081,-885.13,1927.4,8.2323,100,,,,
3082,-885.54,1927.4,8.2327,100,,,,
3083,-885.54,1927.4,8.233,100,,,,
3084,-885.96,1927.4,8.2334,100,,,,
3085,-885.96,1927.4,8.2337,100,,,,
3086,-886.38,1927.4,8.234,100,,,,
3087,-886.38,1927.4,8.2344,100,,,,
3088,-886.8,1927.4,8.2347,100,,,,
3089,-886.8,1927.4,8.235,100,,,,
3090,-887.22,1927.3,8.2354,100,,,,
3091,-887.22,1927.3,8.2357,100,,,,
3092,-887.64,1927.3,8.2361,100,,,,
3093,-887.64,1927.3,8.2364,100,,,,
3094,-888.06,1927.3,8.2367,100,,,,
3095,-888.06,1927.3,8.2371,100,,,,
3096,-888.48,1927.3,8.2374,100,,,,
3097,-888.48,1927.3,8.2377,100,,,,
3098,-888.9,1927.3,8.2381,100,,,,
3099,-888.9,1927.3,8.2384,100,,,,
3100,-889.32,1927.3,8.2387,100,,,,
3101,-889.32,1927.3,8.239,100,,,,
3102,-889.74,1927.3,8.2394,100,,,,
3103,-889.74,1927.3,8.2397,100,,,,
3104,-890.16,1927.3,8.2401,100,,,,
3105,-890.16,1927.3,8.2404,100,,,,
3106,-890.58,1927.3,8.2407,100,,,,
3107,-890.58,1927.3,8.241,100,,,,
3108,-891,1927.3,8.2414,100,,,,
3109,-891,1927.3,8.2417,100,,,,
3110,-891.42,1927.3,8.242,100,,,,
3111,-891.42,1927.3,8.2423,100,,,,
3112,-891.84,1927.3,8.2427,100,,,,
3113,-891.84,1927.3,8.243,100,,,,
3114,-892.26,1927.3,8.2433,100,,,,
3115,-892.26,1927.3,8.2436,100,,,,
3116,-892.68,1927.3,8.2439,100,,,,
3117,-892.68,1927.3,8.2442,100,,,,
3118,-893.1,1927.3,8.2446,100,,,,
3119,-893.1,1927.3,8.2449,100,,,,
3120,-893.52,1927.3,8.2452,100,,,,
3121,-893.52,1927.3,8.2455,100,,,,
3122,-893.94,1927.3,8.2458,100,,,,
3123,-893.94,1927.3,8.2461,100,,,,
3124,-894.36,1927.3,8.2465,100,,,,
3125,-894.36,1927.3,8.2468,100,,,,
3126,-894.78,1927.3,8.2471,100,,,,
3127,-894.78,1927.3,8.2474,100,,,,
3128,-895.2,1927.3,8.2477,100,,,,
3129,-895.2,1927.3,8.248,100,,,,
3130,-895.62,1927.3,8.2483,100,,,,
3131,-895.62,1927.3,8.2486,100,,,,
3132,-896.04,1927.3,8.249,100,,,,
3133,-896.04,1927.3,8.2492,100,,,,
3134,-896.46,1927.3,8.2496,100,,,,
3135,-896.46,1927.3,8.2499,100,,,,
3136,-896.87,1927.3,8.2502,100,,,,
3137,-896.87,1927.3,8.2505,100,,,,
3138,-897.29,1927.3,8.2508,100,,,,
3139,-897.29,1927.3,8.2511,100,,,,
3140,-897.71,1927.3,8.2514,100,,,,
3141,-897.71,1927.3,8.2517,100,,,,
3142,-898.13,1927.3,8.252,100,,,,
3143,-898.13,1927.3,8.2523,100,,,,
3144,-898.55,1927.3,8.2526,100,,,,
3145,-898.55,1927.3,8.2529,100,,,,
3146,-898.97,1927.3,8.2532,100,,,,
3147,-898.97,1927.3,8.2535,100,,,,
3148,-899.39,1927.3,8.2538,100,,,,
3149,-899.39,1927.3,8.2541,100,,,,
3150,-899.81,1927.3,8.2544,100,,,,
3151,-899.81,1927.3,8.2547,100,,,,
3152,-900.23,1927.3,8.255,100,,,,
3153,-900.23,1927.3,8.2553,100,,,,
3154,-900.65,1927.3,8.2556,100,,,,
3155,-900.65,1927.3,8.2559,100,,,,
3156,-901.07,1927.3,8.2562,100,,,,
3157,-901.07,1927.3,8.2565,100,,,,
3158,-901.49,1927.2,8.2568,100,,,,
3159,-901.49,1927.2,8.2571,100,,,,
3160,-901.91,1927.2,8.2574,100,,,,
3161,-901.91,1927.2,8.2577,100,,,,
3162,-902.33,1927.2,8.258,100,,,,
3163,-902.33,1927.2,8.2583,100,,,,
3164,-902.75,1927.2,8.2586,100,,,,
3165,-902.75,1927.2,8.2588,100,,,,
3166,-903.17,1927.2,8.2592,100,,,,
3167,-903.17,1927.2,8.2594,100,,,,
3168,-903.59,1927.2,8.2597,100,,,,
3169,-903.59,1927.2,8.26,100,,,,
3170,-904.01,1927.2,8.2603,100,,,,
3171,-904.01,1927.2,8.2606,100,,,,
3172,-904.43,1927.2,8.2609,100,,,,
3173,-904.43,1927.2,8.2612,100,,,,
3174,-904.84,1927.2,8.2615,100,,,,
3175,-904.85,1927.2,8.2617,100,,,,
3176,-905.26,1927.2,8.262,100,,,,
3177,-905.26,1927.2,8.2623,100,,,,
3178,-905.68,1927.2,8.2626,100,,,,
3179,-905.68,1927.2,8.2629,100,,,,
3180,-906.1,1927.2,8.2632,100,,,,
3181,-906.1,1927.2,8.2635,100,,,,
3182,-906.52,1927.2,8.2638,100,,,,
3183,-906.52,1927.2,8.264,100,,,,
3184,-906.94,1927.2,8.2643,100,,,,
3185,-906.94,1927.2,8.2646,100,,,,
3186,-907.36,1927.2,8.2649,100,,,,
3187,-907.36,1927.2,8.2651,100,,,,
3188,-907.78,1927.2,8.2654,100,,,,
3189,-907.78,1927.2,8.2657,100,,,,
3190,-908.2,1927.2,8.266,100,,,,
3191,-908.2,1927.2,8.2663,100,,,,
3192,-908.62,1927.2,8.2666,100,,,,
3193,-908.62,1927.2,8.2668,100,,,,
3194,-909.04,1927.2,8.2671,100,,,,
3195,-909.04,1927.2,8.2674,100,,,,
3196,-909.46,1927.2,8.2677,100,,,,
3197,-909.46,1927.2,8.2679,100,,,,
3198,-909.88,1927.2,8.2682,100,,,,
3199,-909.88,1927.2,8.2685,100,,,,
3200,-910.3,1927.2,8.2688,100,,,,
3201,-910.3,1927.2,8.269,100,,,,
3202,-910.72,1927.2,8.2693,100,,,,
3203,-910.72,1927.2,8.2696,100,,,,
3204,-911.14,1927.2,8.2699,100,,,,
3205,-911.14,1927.2,8.2701,100,,,,
3206,-911.55,1927.2,8.2704,100,,,,
3207,-911.55,1927.2,8.2707,100,,,,
3208,-911.97,1927.2,8.271,100,,,,
3209,-911.97,1927.2,8.2712,100,,,,
3210,-912.39,1927.2,8.2715,100,,,,
3211,-912.39,1927.2,8.2718,100,,,,
3212,-912.81,1927.2,8.2721,100,,,,
3213,-912.81,1927.2,8.2723,100,,,,
3214,-913.23,1927.2,8.2726,100,,,,
3215,-913.23,1927.2,8.2728,100,,,,
3216,-913.65,1927.2,8.2731,100,,,,
3217,-913.65,1927.2,8.2734,100,,,,
3218,-914.07,1927.2,8.2737,100,,,,
3219,-914.07,1927.2,8.2739,100,,,,
3220,-914.49,1927.2,8.2742,100,,,,
3221,-914.49,1927.2,8.2744,100,,,,
3222,-914.91,1927.2,8.2747,100,,,,
3223,-914.91,1927.2,8.275,100,,,,
3224,-915.33,1927.2,8.2753,100,,,,
3225,-915.33,1927.2,8.2755,100,,,,
3226,-915.75,1927.2,8.2758,100,,,,
3227,-915.75,1927.2,8.276,100,,,,
3228,-916.17,1927.2,8.2763,100,,,,
3229,-916.17,1927.2,8.2766,100,,,,
3230,-916.59,1927.2,8.2768,100,,,,
3231,-916.59,1927.2,8.2771,100,,,,
3232,-917,1927.2,8.2774,100,,,,
3233,-917,1927.2,8.2776,100,,,,
3234,-917.42,1927.2,8.2779,100,,,,
3235,-917.42,1927.2,8.2781,100,,,,
3236,-917.84,1927.2,8.2784,100,,,,
3237,-917.84,1927.2,8.2786,100,,,,
3238,-918.26,1927.2,8.2789,100,,,,
3239,-918.26,1927.2,8.2792,100,,,,
3240,-918.68,1927.2,8.2794,100,,,,
3241,-918.68,1927.2,8.2797,100,,,,
3242,-919.1,1927.2,8.2799,100,,,,
3243,-919.1,1927.2,8.2802,100,,,,
3244,-919.52,1927.2,8.2805,100,,,,
3245,-919.52,1927.2,8.2807,100,,,,
3246,-919.94,1927.2,8.281,100,,,,
3247,-919.94,1927.2,8.2812,100,,,,
3248,-920.36,1927.2,8.2815,100,,,,
3249,-920.36,1927.2,8.2817,100,,,,
3250,-920.78,1927.1,8.282,100,,,,
3251,-920.78,1927.1,8.2822,100,,,,
3252,-921.2,1927.1,8.2825,100,,,,
3253,-921.2,1927.1,8.2827,100,,,,
3254,-921.61,1927.1,8.283,100,,,,
3255,-921.61,1927.1,8.2832,100,,,,
3256,-922.03,1927.1,8.2835,100,,,,
3257,-922.03,1927.1,8.2837,100,,,,
3258,-922.45,1927.1,8.284,100,,,,
3259,-922.45,1927.1,8.2842,100,,,,
3260,-922.87,1927.1,8.2845,100,,,,
3261,-922.87,1927.1,8.2847,100,,,,
3262,-923.29,1927.1,8.285,100,,,,
3263,-923.29,1927.1,8.2852,100,,,,
3264,-923.71,1927.1,8.2855,100,,,,
3265,-923.71,1927.1,8.2857,100,,,,
3266,-924.13,1927.1,8.286,100,,,,
3267,-924.13,1927.1,8.2862,100,,,,
3268,-924.55,1927.1,8.2864,100,,,,
3269,-924.55,1927.1,8.2867,100,,,,
3270,-924.97,1927.1,8.2869,100,,,,
3271,-924.97,1927.1,8.2872,100,,,,
3272,-925.39,1927.1,8.2874,100,,,,
3273,-925.39,1927.1,8.2876,100,,,,
3274,-925.81,1927.1,8.2879,100,,,,
3275,-925.81,1927.1,8.2881,100,,,,
3276,-926.22,1927.1,8.2884,100,,,,
3277,-926.22,1927.1,8.2886,100,,,,
3278,-926.64,1927.1,8.2889,100,,,,
3279,-926.64,1927.1,8.2891,100,,,,
3280,-927.06,1927.1,8.2893,100,,,,
3281,-927.06,1927.1,8.2896,100,,,,
3282,-927.48,1927.1,8.2898,100,,,,
3283,-927.48,1927.1,8.29,100,,,,
3284,-927.9,1927.1,8.2903,100,,,,
3285,-927.9,1927.1,8.2905,100,,,,
3286,-928.32,1927.1,8.2907,100,,,,
3287,-928.32,1927.1,8.291,100,,,,
3288,-928.74,1927.1,8.2912,100,,,,
3289,-928.74,1927.1,8.2914,100,,,,
3290,-929.16,1927.1,8.2917,100,,,,
3291,-929.16,1927.1,8.2919,100,,,,
3292,-929.58,1927.1,8.2921,100,,,,
3293,-929.58,1927.1,8.2924,100,,,,
3294,-929.99,1927.1,8.2926,100,,,,
3295,-930,1927.1,8.2928,100,,,,
3296,-930.41,1927.1,8.2931,100,,,,
3297,-930.41,1927.1,8.2933,100,,,,
3298,-930.83,1927.1,8.2935,100,,,,
3299,-930.83,1927.1,8.2937,100,,,,
3300,-931.25,1927.1,8.294,100,,,,
3301,-931.25,1927.1,8.2942,100,,,,
3302,-931.67,1927.1,8.2944,100,,,,
3303,-931.67,1927.1,8.2946,100,,,,
3304,-932.09,1927.1,8.2949,100,,,,
3305,-932.09,1927.1,8.2951,100,,,,
3306,-932.51,1927.1,8.2953,100,,,,
3307,-932.51,1927.1,8.2955,100,,,,
3308,-932.93,1927.1,8.2958,100,,,,
3309,-932.93,1927.1,8.296,100,,,,
3310,-933.35,1927.1,8.2962,100,,,,
3311,-933.35,1927.1,8.2964,100,,,,
3312,-933.77,1927.1,8.2966,100,,,,
3313,-933.77,1927.1,8.2968,100,,,,
3314,-934.18,1927.1,8.2971,100,,,,
3315,-934.18,1927.1,8.2973,100,,,,
3316,-934.6,1927.1,8.2975,100,,,,
3317,-934.6,1927.1,8.2977,100,,,,
3318,-935.02,1927.1,8.2979,100,,,,
3319,-935.02,1927.1,8.2982,100,,,,
3320,-935.44,1927.1,8.2984,100,,,,
3321,-935.44,1927.1,8.2986,100,,,,
3322,-935.86,1927.1,8.2988,100,,,,
3323,-935.86,1927.1,8.299,100,,,,
3324,-936.28,1927.1,8.2992,100,,,,
3325,-936.28,1927.1,8.2994,100,,,,
3326,-936.7,1927.1,8.2997,100,,,,
3327,-936.7,1927.1,8.2999,100,,,,
3328,-937.12,1927.1,8.3001,100,,,,
3329,-937.12,1927.1,8.3003,100,,,,
3330,-937.53,1927.1,8.3005,100,,,,
3331,-937.53,1927.1,8.3007,100,,,,
3332,-937.95,1927.1,8.3009,100,,,,
3333,-937.95,1927.1,8.3011,100,,,,
3334,-938.37,1927.1,8.3013,100,,,,
3335,-938.37,1927.1,8.3015,100,,,,
3336,-938.79,1927.1,8.3017,100,,,,
3337,-938.79,1927.1,8.3019,100,,,,
3338,-939.21,1927.1,8.3021,100,,,,
3339,-939.21,1927.1,8.3023,100,,,,
3340,-939.63,1927.1,8.3026,100,,,,
3341,-939.63,1927.1,8.3027,100,,,,
3342,-940.05,1927.1,8.303,100,,,,
3343,-940.05,1927.1,8.3031,100,,,,
3344,-940.47,1927.1,8.3034,100,,,,
3345,-940.47,1927.1,8.3035,100,,,,
3346,-940.88,1927.1,8.3038,100,,,,
3347,-940.88,1927.1,8.3039,100,,,,
3348,-941.3,1927.1,8.3042,100,,,,
3349,-941.3,1927.1,8.3043,100,,,,
3350,-941.72,1927.1,8.3045,100,,,,
3351,-941.72,1927.1,8.3047,100,,,,
3352,-942.14,1927.1,8.3049,100,,,,
3353,-942.14,1927.1,8.3051,100,,,,
3354,-942.56,1927.1,8.3053,100,,,,
3355,-942.56,1927.1,8.3055,100,,,,
3356,-942.98,1927.1,8.3057,100,,,,
3357,-942.98,1927.1,8.3059,100,,,,
3358,-943.4,1927.1,8.3061,100,,,,
3359,-943.4,1927.1,8.3063,100,,,,
3360,-943.82,1927.1,8.3065,100,,,,
3361,-943.82,1927.1,8.3067,100,,,,
3362,-944.23,1927.1,8.3069,100,,,,
3363,-944.23,1927.1,8.307,100,,,,
3364,-944.65,1927.1,8.3072,100,,,,
3365,-944.65,1927.1,8.3074,100,,,,
3366,-945.07,1927.1,8.3076,100,,,,
3367,-945.07,1927.1,8.3078,100,,,,
3368,-945.49,1927.1,8.308,100,,,,
3369,-945.49,1927.1,8.3082,100,,,,
3370,-945.91,1927.1,8.3084,100,,,,
3371,-945.91,1927.1,8.3085,100,,,,
3372,-946.33,1927.1,8.3087,100,,,,
3373,-946.33,1927.1,8.3089,100,,,,
3374,-946.75,1927.1,8.3091,100,,,,
3375,-946.75,1927.1,8.3093,100,,,,
3376,-947.16,1927.1,8.3094,100,,,,
3377,-947.16,1927.1,8.3096,100,,,,
3378,-947.58,1927.1,8.3098,100,,,,
3379,-947.58,1927.1,8.31,100,,,,
3380,-948,1927.1,8.3102,100,,,,
3381,-948,1927.1,8.3103,100,,,,
3382,-948.42,1927.1,8.3105,100,,,,
3383,-948.42,1927.1,8.3107,100,,,,
3384,-948.84,1927.1,8.3109,100,,,,
3385,-948.84,1927.1,8.311,100,,,,
3386,-949.26,1927.1,8.3112,100,,,,
3387,-949.26,1927.1,8.3114,100,,,,
3388,-949.67,1927.1,8.3116,100,,,,
3389,-949.67,1927.1,8.3117,100,,,,
3390,-950.09,1927.1,8.3119,100,,,,
3391,-950.09,1927.1,8.3121,100,,,,
3392,-950.51,1927.1,8.3123,100,,,,
3393,-950.51,1927.1,8.3124,100,,,,
3394,-950.93,1927.1,8.3126,100,,,,
3395,-950.93,1927.1,8.3128,100,,,,
3396,-951.35,1927,8.3129,100,,,,
3397,-951.35,1927,8.3131,100,,,,
3398,-951.77,1927,8.3133,100,,,,
3399,-951.77,1927,8.3134,100,,,,
3400,-952.19,1927,8.3136,100,,,,
3401,-952.19,1927,8.3138,100,,,,
3402,-952.6,1927,8.3139,100,,,,
3403,-952.6,1927,8.3141,100,,,,
3404,-953.02,1927,8.3143,100,,,,
3405,-953.02,1927,8.3144,100,,,,
3406,-953.44,1927,8.3146,100,,,,
3407,-953.44,1927,8.3147,100,,,,
3408,-953.86,1927,8.3149,100,,,,
3409,-953.86,1927,8.3151,100,,,,
3410,-954.28,1927,8.3152,100,,,,
3411,-954.28,1927,8.3154,100,,,,
3412,-954.7,1927,8.3156,100,,,,
3413,-954.7,1927,8.3157,100,,,,
3414,-955.11,1927,8.3159,100,,,,
3415,-955.11,1927,8.316,100,,,,
3416,-955.53,1927,8.3162,100,,,,
3417,-955.53,1927,8.3163,100,,,,
3418,-955.95,1927,8.3165,100,,,,
3419,-955.95,1927,8.3166,100,,,,
3420,-956.37,1927,8.3168,100,,,,
3421,-956.37,1927,8.317,100,,,,
3422,-956.79,1927,8.3171,100,,,,
3423,-956.79,1927,8.3173,100,,,,
3424,-957.21,1927,8.3174,100,,,,
3425,-957.21,1927,8.3176,100,,,,
3426,-957.62,1927,8.3177,100,,,,
3427,-957.62,1927,8.3179,100,,,,
3428,-958.04,1927,8.318,100,,,,
3429,-958.04,1927,8.3182,100,,,,
3430,-958.46,1927,8.3183,100,,,,
3431,-958.46,1927,8.3185,100,,,,
3432,-958.88,1927,8.3186,100,,,,
3433,-958.88,1927,8.3188,100,,,,
3434,-959.3,1927,8.3189,100,,,,
3435,-959.3,1927,8.319,100,,,,
3436,-959.72,1927,8.3192,100,,,,
3437,-959.72,1927,8.3193,100,,,,
3438,-960.13,1927,8.3195,100,,,,
3439,-960.13,1927,8.3196,100,,,,
3440,-960.55,1927,8.3198,100,,,,
3441,-960.55,1927,8.3199,100,,,,
3442,-960.97,1927,8.3201,100,,,,
3443,-960.97,1927,8.3202,100,,,,
3444,-961.39,1927,8.3204,100,,,,
3445,-961.39,1927,8.3205,100,,,,
3446,-961.81,1927,8.3206,100,,,,
3447,-961.81,1927,8.3208,100,,,,
3448,-962.23,1927,8.3209,100,,,,
3449,-962.23,1927,8.321,100,,,,
3450,-962.64,1927,8.3212,100,,,,
3451,-962.64,1927,8.3213,100,,,,
3452,-963.06,1927,8.3215,100,,,,
3453,-963.06,1927,8.3216,100,,,,
3454,-963.48,1927,8.3217,100,,,,
3455,-963.48,1927,8.3219,100,,,,
3456,-963.9,1927,8.322,100,,,,
3457,-963.9,1927,8.3221,100,,,,
3458,-964.32,1927,8.3223,100,,,,
3459,-964.32,1927,8.3224,100,,,,
3460,-964.73,1927,8.3225,100,,,,
3461,-964.73,1927,8.3227,100,,,,
3462,-965.15,1927,8.3228,100,,,,
3463,-965.15,1927,8.3229,100,,,,
3464,-965.57,1927,8.3231,100,,,,
3465,-965.57,1927,8.3232,100,,,,
3466,-965.99,1927,8.3233,100,,,,
3467,-965.99,1927,8.3235,100,,,,
3468,-966.41,1927,8.3236,100,,,,
3469,-966.41,1927,8.3237,100,,,,
3470,-966.83,1927,8.3239,100,,,,
3471,-966.83,1927,8.324,100,,,,
3472,-967.24,1927,8.3241,100,,,,
3473,-967.24,1927,8.3242,100,,,,
3474,-967.66,1927,8.3244,100,,,,
3475,-967.66,1927,8.3245,100,,,,
3476,-968.08,1927,8.3246,100,,,,
3477,-968.08,1927,8.3247,100,,,,
3478,-968.5,1927,8.3249,100,,,,
3479,-968.5,1927,8.325,100,,,,
3480,-968.92,1927,8.3251,100,,,,
3481,-968.92,1927,8.3252,100,,,,
3482,-969.33,1927,8.3254,100,,,,
3483,-969.33,1927,8.3255,100,,,,
3484,-969.75,1927,8.3256,100,,,,
3485,-969.75,1927,8.3257,100,,,,
3486,-970.17,1927,8.3259,100,,,,
3487,-970.17,1927,8.326,100,,,,
3488,-970.59,1927,8.3261,100,,,,
3489,-970.59,1927,8.3262,100,,,,
3490,-971.01,1927,8.3263,100,,,,
3491,-971.01,1927,8.3264,100,,,,
3492,-971.42,1927,8.3266,100,,,,
3493,-971.42,1927,8.3267,100,,,,
3494,-971.84,1927,8.3268,100,,,,
3495,-971.84,1927,8.3269,100,,,,
3496,-972.26,1927,8.327,100,,,,
3497,-972.26,1927,8.3272,100,,,,
3498,-972.68,1927,8.3273,100,,,,
3499,-972.68,1927,8.3274,100,,,,
3500,-973.1,1927,8.3275,100,,,,
3501,-973.1,1927,8.3276,100,,,,
3502,-973.51,1927,8.3277,100,,,,
3503,-973.51,1927,8.3278,100,,,,
3504,-973.93,1927,8.328,100,,,,
3505,-973.93,1927,8.3281,100,,,,
3506,-974.35,1927,8.3282,100,,,,
3507,-974.35,1927,8.3283,100,,,,
3508,-974.77,1927,8.3284,100,,,,
3509,-974.77,1927,8.3285,100,,,,
3510,-975.19,1927,8.3286,100,,,,
3511,-975.19,1927,8.3287,100,,,,
3512,-975.6,1927,8.3289,100,,,,
3513,-975.6,1927,8.329,100,,,,
3514,-976.02,1927,8.3291,100,,,,
3515,-976.02,1927,8.3292,100,,,,
3516,-976.44,1927,8.3293,100,,,,
3517,-976.44,1927,8.3294,100,,,,
3518,-976.86,1927,8.3295,100,,,,
3519,-976.86,1927,8.3296,100,,,,
3520,-977.28,1927,8.3297,100,,,,
3521,-977.28,1927,8.3298,100,,,,
3522,-977.69,1927,8.33,100,,,,
3523,-977.69,1927,8.3301,100,,,,
3524,-978.11,1927,8.3302,100,,,,
3525,-978.11,1927,8.3303,100,,,,
3526,-978.53,1927,8.3304,100,,,,
3527,-978.53,1927,8.3305,100,,,,
3528,-978.95,1927,8.3306,100,,,,
3529,-978.95,1927,8.3307,100,,,,
3530,-979.37,1927,8.3308,100,,,,
3531,-979.37,1927,8.3309,100,,,,
3532,-979.78,1927,8.331,100,,,,
3533,-979.78,1927,8.3311,100,,,,
3534,-980.2,1927,8.3312,100,,,,
3535,-980.2,1927,8.3313,100,,,,
3536,-980.62,1927,8.3314,100,,,,
3537,-980.62,1927,8.3315,100,,,,
3538,-981.04,1927,8.3316,100,,,,
3539,-981.04,1927,8.3317,100,,,,
3540,-981.46,1927,8.3318,100,,,,
3541,-981.46,1927,8.3319,100,,,,
3542,-981.87,1927,8.332,100,,,,
3543,-981.87,1927,8.3321,100,,,,
3544,-982.29,1927,8.3322,100,,,,
3545,-982.29,1927,8.3323,100,,,,
3546,-982.71,1927,8.3324,100,,,,
3547,-982.71,1927,8.3325,100,,,,
3548,-983.13,1927,8.3326,100,,,,
3549,-983.13,1927,8.3327,100,,,,
3550,-983.55,1927,8.3328,100,,,,
3551,-983.55,1927,8.3329,100,,,,
3552,-983.96,1927,8.333,100,,,,
3553,-983.96,1927,8.3331,100,,,,
3554,-984.38,1927,8.3332,100,,,,
3555,-984.38,1927,8.3333,100,,,,
3556,-984.8,1927,8.3334,100,,,,
3557,-984.8,1927,8.3335,100,,,,
3558,-985.22,1927,8.3336,100,,,,
3559,-985.22,1927,8.3337,100,,,,
3560,-985.64,1927,8.3338,100,,,,
3561,-985.64,1927,8.3339,100,,,,
3562,-986.05,1927,8.334,100,,,,
3563,-986.05,1927,8.3341,100,,,,
3564,-986.47,1927,8.3342,100,,,,
3565,-986.47,1927,8.3343,100,,,,
3566,-986.89,1927,8.3344,100,,,,
3567,-986.89,1927,8.3345,100,,,,
3568,-987.31,1927,8.3346,100,,,,
3569,-987.31,1927,8.3347,100,,,,
3570,-987.73,1927,8.3347,100,,,,
3571,-987.73,1927,8.3348,100,,,,
3572,-988.14,1927,8.3349,100,,,,
3573,-988.14,1927,8.335,100,,,,
3574,-988.56,1927,8.3351,100,,,,
3575,-988.56,1927,8.3352,100,,,,
3576,-988.98,1927,8.3353,100,,,,
3577,-988.98,1927,8.3354,100,,,,
3578,-989.4,1927,8.3355,100,,,,
3579,-989.4,1927,8.3356,100,,,,
3580,-989.82,1927,8.3357,100,,,,
3581,-989.82,1927,8.3358,100,,,,
3582,-990.23,1927,8.3359,100,,,,
3583,-990.23,1927,8.3359,100,,,,
3584,-990.65,1927,8.336,100,,,,
3585,-990.65,1927,8.3361,100,,,,
3586,-991.07,1927,8.3362,100,,,,
3587,-991.07,1927,8.3363,100,,,,
3588,-991.49,1927,8.3364,100,,,,
3589,-991.49,1927,8.3365,100,,,,
3590,-991.9,1927,8.3366,100,,,,
3591,-991.9,1927,8.3367,100,,,,
3592,-992.32,1927,8.3367,100,,,,
3593,-992.32,1927,8.3368,100,,,,
3594,-992.74,1927,8.3369,100,,,,
3595,-992.74,1927,8.337,100,,,,
3596,-993.16,1927,8.3371,100,,,,
3597,-993.16,1927,8.3372,100,,,,
3598,-993.58,1927,8.3373,100,,,,
3599,-993.58,1927,8.3374,100,,,,
3600,-993.99,1927,8.3375,100,,,,
3601,-993.99,1927,8.3375,100,,,,
3602,-994.41,1927,8.3376,100,,,,
3603,-994.41,1927,8.3377,100,,,,
3604,-994.83,1927,8.3378,100,,,,
3605,-994.83,1927,8.3379,100,,,,
3606,-995.25,1927,8.338,100,,,,
3607,-995.25,1927,8.338,100,,,,
3608,-995.67,1927,8.3381,100,,,,
3609,-995.67,1927,8.3382,100,,,,
3610,-996.08,1927,8.3383,100,,,,
3611,-996.08,1927,8.3384,100,,,,
3612,-996.5,1927,8.3385,100,,,,
3613,-996.5,1927,8.3386,100,,,,
3614,-996.92,1927,8.3387,100,,,,
3615,-996.92,1927,8.3387,100,,,,
3616,-997.34,1927,8.3388,100,,,,
3617,-997.34,1927,8.3389,100,,,,
3618,-997.76,1927,8.339,100,,,,
3619,-997.76,1927,8.3391,100,,,,
3620,-998.17,1927,8.3392,100,,,,
3621,-998.17,1927,8.3392,100,,,,
3622,-998.59,1927,8.3393,100,,,,
3623,-998.59,1927,8.3394,100,,,,
3624,-999.01,1927,8.3395,100,,,,
3625,-999.01,1927,8.3396,100,,,,
3626,-999.43,1927,8.3397,100,,,,
3627,-999.43,1927,8.3397,100,,,,
3628,-999.84,1927,8.3398,100,,,,
3629,-999.84,1927,8.3399,100,,,,
3630,-1000.3,1927,8.34,100,,,,
3631,-1000.3,1927,8.3401,100,,,,
3632,-1000.7,1927,8.3402,100,,,,
3633,-1000.7,1927,8.3402,100,,,,
3634,-1001.1,1927,8.3403,100,,,,
3635,-1001.1,1927,8.3404,100,,,,
3636,-1001.5,1927,8.3405,100,,,,
3637,-1001.5,1927,8.3406,100,,,,
3638,-1001.9,1927,8.3406,100,,,,
3639,-1001.9,1927,8.3407,100,,,,
3640,-1002.4,1927,8.3408,100,,,,
3641,-1002.4,1927,8.3409,100,,,,
3642,-1002.8,1927,8.341,100,,,,
3643,-1002.8,1927,8.341,100,,,,
3644,-1003.2,1927,8.3411,100,,,,
3645,-1003.2,1927,8.3412,100,,,,
3646,-1003.6,1927,8.3413,100,,,,
3647,-1003.6,1927,8.3414,100,,,,
3648,-1004,1927,8.3415,100,,,,
3649,-1004,1927,8.3415,100,,,,
3650,-1004.4,1927,8.3416,100,,,,
3651,-1004.4,1927,8.3417,100,,,,
3652,-1004.9,1927,8.3418,100,,,,
3653,-1004.9,1927,8.3418,100,,,,
3654,-1005.3,1927,8.3419,100,,,,
3655,-1005.3,1927,8.342,100,,,,
3656,-1005.7,1927,8.3421,100,,,,
3657,-1005.7,1927,8.3422,100,,,,
3658,-1006.1,1927,8.3423,100,,,,
3659,-1006.1,1927,8.3423,100,,,,
3660,-1006.5,1927,8.3424,100,,,,
3661,-1006.5,1927,8.3425,100,,,,
3662,-1006.9,1927,8.3426,100,,,,
3663,-1006.9,1927,8.3426,100,,,,
3664,-1007.4,1927,8.3427,100,,,,
3665,-1007.4,1927,8.3428,100,,,,
3666,-1007.8,1927,8.3429,100,,,,
3667,-1007.8,1927,8.343,100,,,,
3668,-1008.2,1927,8.343,100,,,,
3669,-1008.2,1927,8.3431,100,,,,
3670,-1008.6,1927,8.3432,100,,,,
3671,-1008.6,1927,8.3433,100,,,,
3672,-1009,1927,8.3434,100,,,,
3673,-1009,1927,8.3434,100,,,,
3674,-1009.5,1927,8.3435,100,,,,
3675,-1009.5,1927,8.3436,100,,,,
3676,-1009.9,1927,8.3437,100,,,,
3677,-1009.9,1927,8.3437,100,,,,
3678,-1010.3,1927,8.3438,100,,,,
3679,-1010.3,1927,8.3439,100,,,,
3680,-1010.7,1927,8.344,100,,,,
3681,-1010.7,1927,8.3441,100,,,,
3682,-1011.1,1927,8.3441,100,,,,
3683,-1011.1,1927,8.3442,100,,,,
3684,-1011.5,1927,8.3443,100,,,,
3685,-1011.5,1927,8.3444,100,,,,
3686,-1012,1927,8.3445,100,,,,
3687,-1012,1927,8.3445,100,,,,
3688,-1012.4,1927,8.3446,100,,,,
3689,-1012.4,1927,8.3447,100,,,,
3690,-1012.8,1927,8.3448,100,,,,
3691,-1012.8,1927,8.3448,100,,,,
3692,-1013.2,1927,8.3449,100,,,,
3693,-1013.2,1927,8.345,100,,,,
3694,-1013.6,1927,8.3451,100,,,,
3695,-1013.6,1927,8.3451,100,,,,
3696,-1014.1,1927,8.3452,100,,,,
3697,-1014.1,1927,8.3453,100,,,,
3698,-1014.5,1927,8.3454,100,,,,
3699,-1014.5,1927,8.3455,100,,,,
3700,-1014.9,1927,8.3455,100,,,,
3701,-1014.9,1927,8.3456,100,,,,
3702,-1015.3,1927,8.3457,100,,,,
3703,-1015.3,1927,8.3458,100,,,,
3704,-1015.7,1927,8.3459,100,,,,
3705,-1015.7,1927,8.3459,100,,,,
3706,-1016.1,1927,8.346,100,,,,
3707,-1016.1,1927,8.3461,100,,,,
3708,-1016.6,1927,8.3462,100,,,,
3709,-1016.6,1927,8.3462,100,,,,
3710,-1017,1927,8.3463,100,,,,
3711,-1017,1927,8.3464,100,,,,
3712,-1017.4,1927,8.3465,100,,,,
3713,-1017.4,1927,8.3465,100,,,,
3714,-1017.8,1927,8.3466,100,,,,
3715,-1017.8,1927,8.3467,100,,,,
3716,-1018.2,1927,8.3468,100,,,,
3717,-1018.2,1927,8.3469,100,,,,
3718,-1018.6,1927,8.3469,100,,,,
3719,-1018.6,1927,8.347,100,,,,
3720,-1019.1,1927,8.3471,100,,,,
3721,-1019.1,1927,8.3472,100,,,,
3722,-1019.5,1927,8.3472,100,,,,
3723,-1019.5,1927,8.3473,100,,,,
3724,-1019.9,1927,8.3474,100,,,,
3725,-1019.9,1927,8.3475,100,,,,
3726,-1020.3,1927,8.3476,100,,,,
3727,-1020.3,1927,8.3476,100,,,,
3728,-1020.7,1927,8.3477,100,,,,
3729,-1020.7,1927,8.3478,100,,,,
3730,-1021.2,1927,8.3479,100,,,,
3731,-1021.2,1927,8.3479,100,,,,
3732,-1021.6,1927,8.348,100,,,,
3733,-1021.6,1927,8.3481,100,,,,
3734,-1022,1927,8.3482,100,,,,
3735,-1022,1927,8.3483,100,,,,
3736,-1022.4,1927,8.3483,100,,,,
3737,-1022.4,1927,8.3484,100,,,,
3738,-1022.8,1927,8.3485,100,,,,
3739,-1022.8,1927,8.3486,100,,,,
3740,-1023.2,1927,8.3487,100,,,,
3741,-1023.2,1927,8.3487,100,,,,
3742,-1023.7,1927,8.3488,100,,,,
3743,-1023.7,1927,8.3489,100,,,,
3744,-1024.1,1927,8.349,100,,,,
3745,-1024.1,1927,8.349,100,,,,
3746,-1024.5,1927,8.3491,100,,,,
3747,-1024.5,1927,8.3492,100,,,,
3748,-1024.9,1927,8.3493,100,,,,
3749,-1024.9,1927,8.3494,100,,,,
3750,-1025.3,1927,8.3494,100,,,,
3751,-1025.3,1927,8.3495,100,,,,
3752,-1025.8,1927,8.3496,100,,,,
3753,-1025.8,1927,8.3497,100,,,,
3754,-1026.2,1927,8.3498,100,,,,
3755,-1026.2,1927,8.3498,100,,,,
3756,-1026.6,1927,8.3499,100,,,,
3757,-1026.6,1927,8.35,100,,,,
3758,-1027,1927,8.3501,100,,,,
3759,-1027,1927,8.3502,100,,,,
3760,-1027.5,1927,8.3502,100,,,,
3761,-1027.5,1927,8.3503,100,,,,
3762,-1027.9,1927,8.3504,100,,,,
3763,-1027.9,1927,8.3505,100,,,,
3764,-1028.3,1927,8.3506,100,,,,
3765,-1028.3,1927,8.3506,100,,,,
3766,-1028.7,1927,8.3507,100,,,,
3767,-1028.7,1927,8.3508,100,,,,
3768,-1029.2,1927,8.3509,100,,,,
3769,-1029.2,1927,8.351,100,,,,
3770,-1029.6,1927,8.351,100,,,,
3771,-1029.6,1927,8.3511,100,,,,
3772,-1030,1927,8.3512,100,,,,
3773,-1030,1927,8.3513,100,,,,
3774,-1030.4,1927,8.3514,100,,,,
3775,-1030.4,1927,8.3515,100,,,,
3776,-1030.9,1927,8.3515,100,,,,
3777,-1030.9,1927,8.3516,100,,,,
3778,-1031.3,1927,8.3517,100,,,,
3779,-1031.3,1927,8.3518,100,,,,
3780,-1031.7,1927,8.3519,100,,,,
3781,-1031.7,1927,8.3519,100,,,,
3782,-1032.1,1927,8.352,100,,,,
3783,-1032.1,1927,8.3521,100,,,,
3784,-1032.6,1927,8.3522,100,,,,
3785,-1032.6,1927,8.3523,100,,,,
3786,-1033,1927,8.3524,100,,,,
3787,-1033,1927,8.3524,100,,,,
3788,-1033.4,1927,8.3525,100,,,,
3789,-1033.4,1927,8.3526,100,,,,
3790,-1033.9,1927,8.3527,100,,,,
3791,-1033.9,1927,8.3528,100,,,,
3792,-1034.3,1927,8.3529,100,,,,
3793,-1034.3,1927,8.353,100,,,,
3794,-1034.7,1927,8.353,100,,,,
3795,-1034.7,1927,8.3531,100,,,,
3796,-1035.1,1927,8.3532,100,,,,
3797,-1035.1,1927,8.3533,100,,,,
3798,-1035.6,1927,8.3534,100,,,,
3799,-1035.6,1927,8.3535,100,,,,
3800,-1036,1927,8.3536,100,,,,
3801,-1036,1927,8.3536,100,,,,
3802,-1036.4,1927,8.3537,100,,,,
3803,-1036.4,1927,8.3538,100,,,,
3804,-1036.9,1927,8.3539,100,,,,
3805,-1036.9,1927,8.354,100,,,,
3806,-1037.3,1927,8.3541,100,,,,
3807,-1037.3,1927,8.3542,100,,,,
3808,-1037.7,1927,8.3542,100,,,,
3809,-1037.7,1927,8.3543,100,,,,
3810,-1038.1,1927,8.3544,100,,,,
3811,-1038.1,1927,8.3545,100,,,,
3812,-1038.6,1927,8.3546,100,,,,
3813,-1038.6,1927,8.3547,100,,,,
3814,-1039,1927,8.3548,100,,,,
3815,-1039,1927,8.3549,100,,,,
3816,-1039.4,1927,8.3549,100,,,,
3817,-1039.4,1927,8.355,100,,,,
3818,-1039.9,1927,8.3551,100,,,,
3819,-1039.9,1927,8.3552,100,,,,
3820,-1040.3,1927,8.3553,100,,,,
3821,-1040.3,1927,8.3554,100,,,,
3822,-1040.7,1927,8.3555,100,,,,
3823,-1040.7,1927,8.3556,100,,,,
3824,-1041.1,1927,8.3557,100,,,,
3825,-1041.1,1927,8.3558,100,,,,
3826,-1041.6,1927,8.3558,100,,,,
3827,-1041.6,1927,8.3559,100,,,,
3828,-1042,1927,8.356,100,,,,
3829,-1042,1927,8.3561,100,,,,
3830,-1042.4,1927,8.3562,100,,,,
3831,-1042.4,1927,8.3563,100,,,,
3832,-1042.9,1927,8.3564,100,,,,
3833,-1042.9,1927,8.3565,100,,,,
3834,-1043.3,1927,8.3566,100,,,,
3835,-1043.3,1927,8.3567,100,,,,
3836,-1043.7,1927,8.3568,100,,,,
3837,-1043.7,1927,8.3569,100,,,,
3838,-1044.1,1927,8.3569,100,,,,
3839,-1044.1,1927,8.357,100,,,,
3840,-1044.6,1927,8.3571,100,,,,
3841,-1044.6,1927,8.3572,100,,,,
3842,-1045,1927,8.3573,100,,,,
3843,-1045,1927,8.3574,100,,,,
3844,-1045.4,1927,8.3575,100,,,,
3845,-1045.4,1927,8.3576,100,,,,
3846,-1045.9,1927,8.3577,100,,,,
3847,-1045.9,1927,8.3578,100,,,,
3848,-1046.3,1927,8.3579,100,,,,
3849,-1046.3,1927,8.358,100,,,,
3850,-1046.7,1927,8.3581,100,,,,
3851,-1046.7,1927,8.3582,100,,,,
3852,-1047.1,1927,8.3583,100,,,,
3853,-1047.1,1927,8.3584,100,,,,
3854,-1047.6,1927,8.3585,100,,,,
3855,-1047.6,1927,8.3586,100,,,,
3856,-1048,1927,8.3587,100,,,,
3857,-1048,1927,8.3588,100,,,,
3858,-1048.4,1927,8.3589,100,,,,
3859,-1048.4,1927,8.359,100,,,,
3860,-1048.9,1927,8.3591,100,,,,
3861,-1048.9,1927,8.3591,100,,,,
3862,-1049.3,1927,8.3592,100,,,,
3863,-1049.3,1927,8.3593,100,,,,
3864,-1049.7,1927,8.3594,100,,,,
3865,-1049.7,1927,8.3595,100,,,,
3866,-1050.1,1927,8.3596,100,,,,
3867,-1050.1,1927,8.3597,100,,,,
3868,-1050.6,1927,8.3598,100,,,,
3869,-1050.6,1927,8.3599,100,,,,
3870,-1051,1927,8.36,100,,,,
3871,-1051,1927,8.3601,100,,,,
3872,-1051.4,1927,8.3603,100,,,,
3873,-1051.4,1927,8.3604,100,,,,
3874,-1051.9,1927,8.3605,100,,,,
3875,-1051.9,1927,8.3606,100,,,,
3876,-1052.3,1927,8.3607,100,,,,
3877,-1052.3,1927,8.3608,100,,,,
3878,-1052.7,1927,8.3609,100,,,,
3879,-1052.7,1927,8.361,100,,,,
3880,-1053.1,1927,8.3611,100,,,,
3881,-1053.2,1927,8.3612,100,,,,
3882,-1053.6,1927,8.3613,100,,,,
3883,-1053.6,1927,8.3614,100,,,,
3884,-1054,1927,8.3615,100,,,,
3885,-1054,1927,8.3616,100,,,,
3886,-1054.4,1927,8.3617,100,,,,
3887,-1054.4,1927,8.3618,100,,,,
3888,-1054.9,1927,8.3619,100,,,,
3889,-1054.9,1927,8.362,100,,,,
3890,-1055.3,1927,8.3621,100,,,,
3891,-1055.3,1927,8.3622,100,,,,
3892,-1055.7,1927,8.3623,100,,,,
3893,-1055.7,1927,8.3624,100,,,,
3894,-1056.2,1927,8.3626,100,,,,
3895,-1056.2,1927,8.3627,100,,,,
3896,-1056.6,1927,8.3628,100,,,,
3897,-1056.6,1927,8.3629,100,,,,
3898,-1057,1927,8.363,100,,,,
3899,-1057,1927,8.3631,100,,,,
3900,-1057.4,1927,8.3632,100,,,,
3901,-1057.4,1927,8.3633,100,,,,
3902,-1057.9,1927,8.3634,100,,,,
3903,-1057.9,1927,8.3635,100,,,,
3904,-1058.3,1927,8.3637,100,,,,
3905,-1058.3,1927,8.3638,100,,,,
3906,-1058.7,1927,8.3639,100,,,,
3907,-1058.7,1927,8.364,100,,,,
3908,-1059.2,1927,8.3641,100,,,,
3909,-1059.2,1927,8.3642,100,,,,
3910,-1059.6,1927,8.3643,100,,,,
3911,-1059.6,1927,8.3644,100,,,,
3912,-1060,1927,8.3646,100,,,,
3913,-1060,1927,8.3647,100,,,,
3914,-1060.4,1927,8.3648,100,,,,
3915,-1060.4,1927,8.3649,100,,,,
3916,-1060.9,1927,8.365,100,,,,
3917,-1060.9,1927,8.3651,100,,,,
3918,-1061.3,1927,8.3653,100,,,,
3919,-1061.3,1927,8.3654,100,,,,
3920,-1061.7,1927,8.3655,100,,,,
3921,-1061.7,1927,8.3656,100,,,,
3922,-1062.2,1927,8.3657,100,,,,
3923,-1062.2,1927,8.3658,100,,,,
3924,-1062.6,1927,8.366,100,,,,
3925,-1062.6,1927,8.3661,100,,,,
3926,-1063,1927,8.3662,100,,,,
3927,-1063,1927,8.3663,100,,,,
3928,-1063.4,1927,8.3664,100,,,,
3929,-1063.4,1927,8.3666,100,,,,
3930,-1063.9,1927,8.3667,100,,,,
3931,-1063.9,1927,8.3668,100,,,,
3932,-1064.3,1927,8.3669,100,,,,
3933,-1064.3,1927,8.367,100,,,,
3934,-1064.7,1927,8.3672,100,,,,
3935,-1064.7,1927,8.3673,100,,,,
3936,-1065.2,1927,8.3674,100,,,,
3937,-1065.2,1927,8.3675,100,,,,
3938,-1065.6,1927,8.3677,100,,,,
3939,-1065.6,1927,8.3678,100,,,,
3940,-1066,1927,8.3679,100,,,,
3941,-1066,1927,8.368,100,,,,
3942,-1066.4,1927,8.3682,100,,,,
3943,-1066.4,1927,8.3683,100,,,,
3944,-1066.9,1927,8.3684,100,,,,
3945,-1066.9,1927,8.3685,100,,,,
3946,-1067.3,1927,8.3687,100,,,,
3947,-1067.3,1927,8.3688,100,,,,
3948,-1067.7,1927,8.3689,100,,,,
3949,-1067.7,1927,8.3691,100,,,,
3950,-1068.2,1927,8.3692,100,,,,
3951,-1068.2,1927,8.3693,100,,,,
3952,-1068.6,1927,8.3694,100,,,,
3953,-1068.6,1927,8.3696,100,,,,
3954,-1069,1927,8.3697,100,,,,
3955,-1069,1927,8.3698,100,,,,
3956,-1069.4,1927,8.37,100,,,,
3957,-1069.4,1927,8.3701,100,,,,
3958,-1069.9,1927,8.3702,100,,,,
3959,-1069.9,1927,8.3704,100,,,,
3960,-1070.3,1927,8.3705,100,,,,
3961,-1070.3,1927,8.3706,100,,,,
3962,-1070.7,1927,8.3708,100,,,,
3963,-1070.7,1927,8.3709,100,,,,
3964,-1071.2,1927,8.371,100,,,,
3965,-1071.2,1927,8.3712,100,,,,
3966,-1071.6,1927,8.3713,100,,,,
3967,-1071.6,1927,8.3714,100,,,,
3968,-1072,1927,8.3716,100,,,,
3969,-1072,1927,8.3717,100,,,,
3970,-1072.4,1927,8.3719,100,,,,
3971,-1072.4,1927,8.372,100,,,,
3972,-1072.9,1927,8.3721,100,,,,
3973,-1072.9,1927,8.3723,100,,,,
3974,-1073.3,1927,8.3724,100,,,,
3975,-1073.3,1927,8.3726,100,,,,
3976,-1073.7,1927,8.3727,100,,,,
3977,-1073.7,1927,8.3728,100,,,,
3978,-1074.2,1927,8.373,100,,,,
3979,-1074.2,1927,8.3731,100,,,,
3980,-1074.6,1927,8.3733,100,,,,
3981,-1074.6,1927,8.3734,100,,,,
3982,-1075,1927,8.3735,100,,,,
3983,-1075,1927,8.3737,100,,,,
3984,-1075.4,1927,8.3738,100,,,,
3985,-1075.4,1927,8.374,100,,,,
3986,-1075.9,1927,8.3741,100,,,,
3987,-1075.9,1927,8.3743,100,,,,
3988,-1076.3,1927,8.3744,100,,,,
3989,-1076.3,1927,8.3746,100,,,,
3990,-1076.7,1927,8.3747,100,,,,
3991,-1076.7,1927,8.3749,100,,,,
3992,-1077.2,1927,8.375,100,,,,
3993,-1077.2,1927,8.3752,100,,,,
3994,-1077.6,1927,8.3753,100,,,,
3995,-1077.6,1927,8.3754,100,,,,
3996,-1078,1927,8.3756,100,,,,
3997,-1078,1927,8.3757,100,,,,
3998,-1078.4,1927,8.3759,100,,,,
3999,-1078.4,1927,8.3761,100,,,,
4000,-1078.9,1927,8.3762,,,,,
4001,-1078.9,1927,8.3764,,,,,
4002,-1079.3,1927,8.3765,,,,,
4003,-1079.3,1927,8.3767,,,,,
4004,-1079.7,1927,8.3768,,,,,
4005,-1079.7,1927,8.377,,,,,
4006,-1080.2,1927,8.3771,,,,,
4007,-1080.2,1927,8.3773,,,,,
4008,-1080.6,1927,8.3774,,,,,
4009,-1080.6,1927,8.3776,,,,,
4010,-1081,1927,8.3777,,,,,
4011,-1081,1927,8.3779,,,,,
4012,-1081.4,1927,8.3781,,,,,
4013,-1081.4,1927,8.3782,,,,,
4014,-1081.9,1927,8.3784,,,,,
4015,-1081.9,1927,8.3785,,,,,
4016,-1082.3,1927,8.3787,,,,,
4017,-1082.3,1927,8.3789,,,,,
4018,-1082.7,1927,8.379,,,,,
4019,-1082.7,1927,8.3792,,,,,
4020,-1083.2,1927,8.3793,,,,,
4021,-1083.2,1927,8.3795,,,,,
4022,-1083.6,1927,8.3797,,,,,
4023,-1083.6,1927,8.3798,,,,,
4024,-1084,1927,8.38,,,,,
4025,-1084,1927,8.3801,,,,,
4026,-1084.4,1927,8.3803,,,,,
4027,-1084.4,1927,8.3805,,,,,
4028,-1084.9,1927,8.3806,,,,,
4029,-1084.9,1927,8.3808,,,,,
4030,-1085.3,1927,8.381,,,,,
4031,-1085.3,1927,8.3811,,,,,
4032,-1085.7,1927,8.3813,,,,,
4033,-1085.7,1927,8.3815,,,,,
4034,-1086.1,1927,8.3816,,,,,
4035,-1086.2,1927,8.3818,,,,,
4036,-1086.6,1927,8.382,,,,,
4037,-1086.6,1927,8.3821,,,,,
4038,-1087,1927,8.3823,,,,,
4039,-1087,1927,8.3825,,,,,
4040,-1087.4,1927,8.3826,,,,,
4041,-1087.4,1927,8.3828,,,,,
4042,-1087.9,1927,8.383,,,,,
4043,-1087.9,1927,8.3832,,,,,
4044,-1088.3,1927,8.3833,,,,,
4045,-1088.3,1927,8.3835,,,,,
4046,-1088.7,1927,8.3837,,,,,
4047,-1088.7,1927,8.3838,,,,,
4048,-1089.1,1927,8.384,,,,,
4049,-1089.1,1927,8.3842,,,,,
4050,-1089.6,1927,8.3844,,,,,
4051,-1089.6,1927,8.3845,,,,,
4052,-1090,1927,8.3847,,,,,
4053,-1090,1927,8.3849,,,,,
4054,-1090.4,1927,8.3851,,,,,
4055,-1090.4,1927,8.3852,,,,,
4056,-1090.9,1927,8.3854,,,,,
4057,-1090.9,1927,8.3856,,,,,
4058,-1091.3,1927,8.3858,,,,,
4059,-1091.3,1927,8.3859,,,,,
4060,-1091.7,1927,8.3861,,,,,
4061,-1091.7,1927,8.3863,,,,,
4062,-1092.1,1927,8.3865,,,,,
4063,-1092.1,1927,8.3867,,,,,
4064,-1092.6,1927,8.3868,,,,,
4065,-1092.6,1927,8.387,,,,,
4066,-1093,1927,8.3872,,,,,
4067,-1093,1927,8.3874,,,,,
4068,-1093.4,1927,8.3876,,,,,
4069,-1093.4,1927,8.3877,,,,,
4070,-1093.8,1927,8.3879,,,,,
4071,-1093.8,1927,8.3881,,,,,
4072,-1094.3,1927,8.3883,,,,,
4073,-1094.3,1927,8.3885,,,,,
4074,-1094.7,1927,8.3886,,,,,
4075,-1094.7,1927,8.3888,,,,,
4076,-1095.1,1927,8.389,,,,,
4077,-1095.1,1927,8.3892,,,,,
4078,-1095.6,1927,8.3894,,,,,
4079,-1095.6,1927,8.3896,,,,,
4080,-1096,1927,8.3897,,,,,
4081,-1096,1927,8.3899,,,,,
4082,-1096.4,1927,8.3901,,,,,
4083,-1096.4,1927,8.3903,,,,,
4084,-1096.8,1927,8.3905,,,,,
4085,-1096.8,1927,8.3907,,,,,
4086,-1097.3,1927,8.3909,,,,,
4087,-1097.3,1927,8.391,,,,,
4088,-1097.7,1927,8.3912,,,,,
4089,-1097.7,1927,8.3914,,,,,
4090,-1098.1,1927,8.3916,,,,,
4091,-1098.1,1927,8.3918,,,,,
4092,-1098.5,1927,8.392,,,,,
4093,-1098.5,1927,8.3922,,,,,
4094,-1099,1927,8.3924,,,,,
4095,-1099,1927,8.3925,,,,,
4096,-1099.4,1927,8.3927,,,,,
4097,-1099.4,1927,8.3929,,,,,
4098,-1099.8,1927,8.3931,,,,,
4099,-1099.8,1927,8.3933,,,,,
4100,-1100.3,1927,8.3935,,,,,
4101,-1100.3,1927,8.3937,,,,,
4102,-1100.7,1927,8.3939,,,,,
4103,-1100.7,1927,8.3941,,,,,
4104,-1101.1,1927,8.3942,,,,,
4105,-1101.1,1927,8.3944,,,,,
4106,-1101.5,1927,8.3946,,,,,
4107,-1101.5,1927,8.3948,,,,,
4108,-1102,1927,8.395,,,,,
4109,-1102,1927,8.3952,,,,,
4110,-1102.4,1927,8.3954,,,,,
4111,-1102.4,1927,8.3956,,,,,
4112,-1102.8,1927,8.3958,,,,,
4113,-1102.8,1927,8.396,,,,,
4114,-1103.2,1927,8.3961,,,,,
4115,-1103.2,1927,8.3963,,,,,
4116,-1103.7,1927,8.3965,,,,,
4117,-1103.7,1927,8.3967,,,,,
4118,-1104.1,1927,8.3969,,,,,
4119,-1104.1,1927,8.3971,,,,,
4120,-1104.5,1927,8.3973,,,,,
4121,-1104.5,1927,8.3975,,,,,
4122,-1105,1927,8.3977,,,,,
4123,-1105,1927,8.3979,,,,,
4124,-1105.4,1927,8.398,,,,,
4125,-1105.4,1927,8.3982,,,,,
4126,-1105.8,1927,8.3984,,,,,
4127,-1105.8,1927,8.3986,,,,,
4128,-1106.2,1927,8.3988,,,,,
4129,-1106.2,1927,8.399,,,,,
4130,-1106.7,1927,8.3992,,,,,
4131,-1106.7,1927,8.3994,,,,,
4132,-1107.1,1927,8.3996,,,,,
4133,-1107.1,1927,8.3998,,,,,
4134,-1107.5,1927,8.4,,,,,
4135,-1107.5,1927,8.4002,,,,,
4136,-1107.9,1927,8.4003,,,,,
4137,-1107.9,1927,8.4005,,,,,
4138,-1108.4,1927,8.4007,,,,,
4139,-1108.4,1927,8.4009,,,,,
4140,-1108.8,1927,8.4011,,,,,
4141,-1108.8,1927,8.4013,,,,,
4142,-1109.2,1927,8.4015,,,,,
4143,-1109.2,1927,8.4017,,,,,
4144,-1109.6,1927,8.4019,,,,,
4145,-1109.6,1927,8.4021,,,,,
4146,-1110.1,1927,8.4022,,,,,
4147,-1110.1,1927,8.4024,,,,,
4148,-1110.5,1927,8.4026,,,,,
4149,-1110.5,1927,8.4028,,,,,
4150,-1110.9,1927,8.403,,,,,
4151,-1110.9,1927,8.4032,,,,,
4152,-1111.4,1927,8.4034,,,,,
4153,-1111.4,1927,8.4036,,,,,
4154,-1111.8,1927,8.4038,,,,,
4155,-1111.8,1927,8.4039,,,,,
4156,-1112.2,1927,8.4041,,,,,
4157,-1112.2,1927,8.4043,,,,,
4158,-1112.6,1927,8.4045,,,,,
4159,-1112.6,1927,8.4047,,,,,
4160,-1113.1,1927,8.4049,,,,,
4161,-1113.1,1927,8.4051,,,,,
4162,-1113.5,1927,8.4052,,,,,
4163,-1113.5,1927,8.4054,,,,,
4164,-1113.9,1927,8.4056,,,,,
4165,-1113.9,1927,8.4058,,,,,
4166,-1114.3,1927,8.406,,,,,
4167,-1114.3,1927,8.4062,,,,,
4168,-1114.8,1927,8.4064,,,,,
4169,-1114.8,1927,8.4065,,,,,
4170,-1115.2,1927,8.4067,,,,,
4171,-1115.2,1927,8.4069,,,,,
4172,-1115.6,1927,8.4071,,,,,
4173,-1115.6,1927,8.4073,,,,,
4174,-1116.1,1927,8.4075,,,,,
4175,-1116.1,1927,8.4076,,,,,
4176,-1116.5,1927,8.4078,,,,,
4177,-1116.5,1927,8.408,,,,,
4178,-1116.9,1927,8.4082,,,,,
4179,-1116.9,1927,8.4084,,,,,
4180,-1117.3,1927,8.4085,,,,,
4181,-1117.3,1927,8.4087,,,,,
4182,-1117.8,1927,8.4089,,,,,
4183,-1117.8,1927,8.4091,,,,,
4184,-1118.2,1927,8.4093,,,,,
4185,-1118.2,1927,8.4094,,,,,
4186,-1118.6,1927,8.4096,,,,,
4187,-1118.6,1927,8.4098,,,,,
4188,-1119,1927,8.41,,,,,
4189,-1119,1927,8.4102,,,,,
4190,-1119.5,1927,8.4103,,,,,
4191,-1119.5,1927,8.4105,,,,,
4192,-1119.9,1927,8.4107,,,,,
4193,-1119.9,1927,8.4109,,,,,
4194,-1120.3,1927,8.411,,,,,
4195,-1120.3,1927,8.4112,,,,,
4196,-1120.7,1927,8.4114,,,,,
4197,-1120.7,1927,8.4116,,,,,
4198,-1121.2,1927,8.4117,,,,,
4199,-1121.2,1927,8.4119,,,,,
4200,-1121.6,1927,8.4121,,,,,
4201,-1121.6,1927,8.4122,,,,,
4202,-1122,1927,8.4124,,,,,
4203,-1122,1927,8.4126,,,,,
4204,-1122.5,1927,8.4127,,,,,
4205,-1122.5,1927,8.4129,,,,,
4206,-1122.9,1927,8.4131,,,,,
4207,-1122.9,1927,8.4133,,,,,
4208,-1123.3,1927,8.4134,,,,,
4209,-1123.3,1927,8.4136,,,,,
4210,-1123.7,1927,8.4138,,,,,
4211,-1123.7,1927,8.4139,,,,,
4212,-1124.2,1927,8.4141,,,,,
4213,-1124.2,1927,8.4142,,,,,
4214,-1124.6,1927,8.4144,,,,,
4215,-1124.6,1927,8.4146,,,,,
4216,-1125,1927,8.4147,,,,,
4217,-1125,1927,8.4149,,,,,
4218,-1125.4,1927,8.4151,,,,,
4219,-1125.4,1927,8.4152,,,,,
4220,-1125.9,1927,8.4154,,,,,
4221,-1125.9,1927,8.4155,,,,,
4222,-1126.3,1927,8.4157,,,,,
4223,-1126.3,1927,8.4159,,,,,
4224,-1126.7,1927,8.416,,,,,
4225,-1126.7,1927,8.4162,,,,,
4226,-1127.1,1927,8.4163,,,,,
4227,-1127.1,1927,8.4165,,,,,
4228,-1127.6,1927,8.4166,,,,,
4229,-1127.6,1927,8.4168,,,,,
4230,-1128,1927,8.417,,,,,
4231,-1128,1927,8.4171,,,,,
4232,-1128.4,1927,8.4173,,,,,
4233,-1128.4,1927,8.4174,,,,,
4234,-1128.8,1927,8.4176,,,,,
4235,-1128.8,1927,8.4177,,,,,
4236,-1129.3,1927,8.4179,,,,,
4237,-1129.3,1927,8.418,,,,,
4238,-1129.7,1927,8.4182,,,,,
4239,-1129.7,1927,8.4183,,,,,
4240,-1130.1,1927,8.4185,,,,,
4241,-1130.1,1927,8.4186,,,,,
4242,-1130.5,1927,8.4188,,,,,
4243,-1130.5,1927,8.4189,,,,,
4244,-1131,1927,8.419,,,,,
4245,-1131,1927,8.4192,,,,,
4246,-1131.4,1927,8.4193,,,,,
4247,-1131.4,1927,8.4195,,,,,
4248,-1131.8,1927,8.4196,,,,,
4249,-1131.8,1927,8.4198,,,,,
4250,-1132.2,1927,8.4199,,,,,
4251,-1132.2,1927,8.42,,,,,
4252,-1132.7,1927,8.4202,,,,,
4253,-1132.7,1927,8.4203,,,,,
4254,-1133.1,1927,8.4205,,,,,
4255,-1133.1,1927,8.4206,,,,,
4256,-1133.5,1927,8.4207,,,,,
4257,-1133.5,1927,8.4209,,,,,
4258,-1133.9,1927,8.421,,,,,
4259,-1133.9,1927,8.4212,,,,,
4260,-1134.4,1927,8.4213,,,,,
4261,-1134.4,1927,8.4214,,,,,
4262,-1134.8,1927,8.4216,,,,,
4263,-1134.8,1927,8.4217,,,,,
4264,-1135.2,1927,8.4218,,,,,
4265,-1135.2,1927,8.422,,,,,
4266,-1135.6,1927,8.4221,,,,,
4267,-1135.7,1927,8.4222,,,,,
4268,-1136.1,1927,8.4223,,,,,
4269,-1136.1,1927,8.4225,,,,,
4270,-1136.5,1927,8.4226,,,,,
4271,-1136.5,1927,8.4227,,,,,
4272,-1136.9,1927,8.4229,,,,,
4273,-1136.9,1927,8.423,,,,,
4274,-1137.3,1927,8.4231,,,,,
4275,-1137.4,1927,8.4232,,,,,
4276,-1137.8,1927,8.4234,,,,,
4277,-1137.8,1927,8.4235,,,,,
4278,-1138.2,1927,8.4236,,,,,
4279,-1138.2,1927,8.4237,,,,,
4280,-1138.6,1927,8.4238,,,,,
4281,-1138.6,1927,8.424,,,,,
4282,-1139,1927,8.4241,,,,,
4283,-1139,1927,8.4242,,,,,
4284,-1139.5,1927,8.4243,,,,,
4285,-1139.5,1927,8.4244,,,,,
4286,-1139.9,1927,8.4246,,,,,
4287,-1139.9,1927,8.4247,,,,,
4288,-1140.3,1927,8.4248,,,,,
4289,-1140.3,1927,8.4249,,,,,
4290,-1140.7,1927,8.425,,,,,
4291,-1140.7,1927,8.4251,,,,,
4292,-1141.2,1927,8.4252,,,,,
4293,-1141.2,1927,8.4254,,,,,
4294,-1141.6,1927,8.4255,,,,,
4295,-1141.6,1927,8.4256,,,,,
4296,-1142,1927,8.4257,,,,,
4297,-1142,1927,8.4258,,,,,
4298,-1142.4,1927,8.4259,,,,,
4299,-1142.4,1927,8.426,,,,,
4300,-1142.9,1927,8.4261,,,,,
4301,-1142.9,1927,8.4262,,,,,
4302,-1143.3,1927,8.4263,,,,,
4303,-1143.3,1927,8.4265,,,,,
4304,-1143.7,1927,8.4266,,,,,
4305,-1143.7,1927,8.4267,,,,,
4306,-1144.1,1927,8.4268,,,,,
4307,-1144.1,1927,8.4269,,,,,
4308,-1144.6,1927,8.427,,,,,
4309,-1144.6,1927,8.4271,,,,,
4310,-1145,1927,8.4272,,,,,
4311,-1145,1927,8.4273,,,,,
4312,-1145.4,1927,8.4274,,,,,
4313,-1145.4,1927,8.4275,,,,,
4314,-1145.8,1927,8.4276,,,,,
4315,-1145.8,1927,8.4277,,,,,
4316,-1146.3,1927,8.4278,,,,,
4317,-1146.3,1927,8.4279,,,,,
4318,-1146.7,1927,8.428,,,,,
4319,-1146.7,1927,8.4281,,,,,
4320,-1147.1,1927,8.4282,,,,,
4321,-1147.1,1927,8.4283,,,,,
4322,-1147.5,1927,8.4284,,,,,
4323,-1147.5,1927,8.4285,,,,,
4324,-1148,1927,8.4285,,,,,
4325,-1148,1927,8.4286,,,,,
4326,-1148.4,1927,8.4287,,,,,
4327,-1148.4,1927,8.4288,,,,,
4328,-1148.8,1927,8.4289,,,,,
4329,-1148.8,1927,8.429,,,,,
4330,-1149.2,1927,8.4291,,,,,
4331,-1149.2,1927,8.4292,,,,,
4332,-1149.7,1927,8.4293,,,,,
4333,-1149.7,1927,8.4294,,,,,
4334,-1150.1,1927,8.4295,,,,,
4335,-1150.1,1927,8.4295,,,,,
4336,-1150.5,1927,8.4296,,,,,
4337,-1150.5,1927,8.4297,,,,,
4338,-1150.9,1927,8.4298,,,,,
4339,-1150.9,1927,8.4299,,,,,
4340,-1151.4,1927,8.43,,,,,
4341,-1151.4,1927,8.4301,,,,,
4342,-1151.8,1927,8.4301,,,,,
4343,-1151.8,1927,8.4302,,,,,
4344,-1152.2,1927,8.4303,,,,,
4345,-1152.2,1927,8.4304,,,,,
4346,-1152.6,1927,8.4305,,,,,
4347,-1152.6,1927,8.4305,,,,,
4348,-1153.1,1927,8.4306,,,,,
4349,-1153.1,1927,8.4307,,,,,
4350,-1153.5,1927,8.4308,,,,,
4351,-1153.5,1927,8.4309,,,,,
4352,-1153.9,1927,8.4309,,,,,
4353,-1153.9,1927,8.431,,,,,
4354,-1154.3,1927,8.4311,,,,,
4355,-1154.3,1927,8.4312,,,,,
4356,-1154.8,1927,8.4312,,,,,
4357,-1154.8,1927,8.4313,,,,,
4358,-1155.2,1927,8.4314,,,,,
4359,-1155.2,1927,8.4315,,,,,
4360,-1155.6,1927,8.4315,,,,,
4361,-1155.6,1927,8.4316,,,,,
4362,-1156,1927,8.4317,,,,,
4363,-1156,1927,8.4318,,,,,
4364,-1156.5,1927,8.4318,,,,,
4365,-1156.5,1927,8.4319,,,,,
4366,-1156.9,1927,8.432,,,,,
4367,-1156.9,1927,8.4321,,,,,
4368,-1157.3,1927,8.4321,,,,,
4369,-1157.3,1927,8.4322,,,,,
4370,-1157.7,1927,8.4323,,,,,
4371,-1157.7,1927,8.4323,,,,,
4372,-1158.1,1927,8.4324,,,,,
4373,-1158.1,1927,8.4325,,,,,
4374,-1158.6,1927,8.4325,,,,,
4375,-1158.6,1927,8.4326,,,,,
4376,-1159,1927,8.4327,,,,,
4377,-1159,1927,8.4327,,,,,
4378,-1159.4,1927,8.4328,,,,,
4379,-1159.4,1927,8.4329,,,,,
4380,-1159.8,1927,8.4329,,,,,
4381,-1159.8,1927,8.433,,,,,
4382,-1160.3,1927,8.4331,,,,,
4383,-1160.3,1927,8.4331,,,,,
4384,-1160.7,1927,8.4332,,,,,
4385,-1160.7,1927,8.4333,,,,,
4386,-1161.1,1927,8.4333,,,,,
4387,-1161.1,1927,8.4334,,,,,
4388,-1161.5,1927,8.4334,,,,,
4389,-1161.5,1927,8.4335,,,,,
4390,-1162,1927,8.4336,,,,,
4391,-1162,1927,8.4336,,,,,
4392,-1162.4,1927,8.4337,,,,,
4393,-1162.4,1927,8.4337,,,,,
4394,-1162.8,1927,8.4338,,,,,
4395,-1162.8,1927,8.4339,,,,,
4396,-1163.2,1927,8.4339,,,,,
4397,-1163.2,1927,8.434,,,,,
4398,-1163.7,1927,8.434,,,,,
4399,-1163.7,1927,8.4341,,,,,
4400,-1164.1,1927,8.4342,,,,,
4401,-1164.1,1927,8.4342,,,,,
4402,-1164.5,1927,8.4343,,,,,
4403,-1164.5,1927,8.4343,,,,,
4404,-1164.9,1927,8.4344,,,,,
4405,-1164.9,1927,8.4344,,,,,
4406,-1165.4,1927,8.4345,,,,,
4407,-1165.4,1927,8.4345,,,,,
4408,-1165.8,1927,8.4346,,,,,
4409,-1165.8,1927,8.4347,,,,,
4410,-1166.2,1927,8.4347,,,,,
4411,-1166.2,1927,8.4348,,,,,
4412,-1166.6,1927,8.4348,,,,,
4413,-1166.6,1927,8.4349,,,,,
4414,-1167.1,1927,8.4349,,,,,
4415,-1167.1,1927,8.435,,,,,
4416,-1167.5,1927,8.435,,,,,
4417,-1167.5,1927,8.4351,,,,,
4418,-1167.9,1927,8.4351,,,,,
4419,-1167.9,1927,8.4352,,,,,
4420,-1168.3,1927,8.4352,,,,,
4421,-1168.3,1927,8.4353,,,,,
4422,-1168.7,1927,8.4353,,,,,
4423,-1168.8,1927,8.4354,,,,,
4424,-1169.2,1927,8.4354,,,,,
4425,-1169.2,1927,8.4355,,,,,
4426,-1169.6,1927,8.4355,,,,,
4427,-1169.6,1927,8.4356,,,,,
4428,-1170,1927,8.4356,,,,,
4429,-1170,1927,8.4357,,,,,
4430,-1170.4,1927,8.4357,,,,,
4431,-1170.4,1927,8.4358,,,,,
4432,-1170.9,1927,8.4358,,,,,
4433,-1170.9,1927,8.4358,,,,,
4434,-1171.3,1927,8.4359,,,,,
4435,-1171.3,1927,8.4359,,,,,
4436,-1171.7,1927,8.436,,,,,
4437,-1171.7,1927,8.436,,,,,
4438,-1172.1,1927,8.4361,,,,,
4439,-1172.1,1927,8.4361,,,,,
4440,-1172.6,1927,8.4362,,,,,
4441,-1172.6,1927,8.4362,,,,,
4442,-1173,1927,8.4363,,,,,
4443,-1173,1927,8.4363,,,,,
4444,-1173.4,1927,8.4363,,,,,
4445,-1173.4,1927,8.4364,,,,,
4446,-1173.8,1927,8.4364,,,,,
4447,-1173.8,1927,8.4365,,,,,
4448,-1174.3,1927,8.4365,,,,,
4449,-1174.3,1927,8.4366,,,,,
4450,-1174.7,1927,8.4366,,,,,
4451,-1174.7,1927,8.4366,,,,,
4452,-1175.1,1927,8.4367,,,,,
4453,-1175.1,1927,8.4367,,,,,
4454,-1175.5,1927,8.4368,,,,,
4455,-1175.5,1927,8.4368,,,,,
4456,-1176,1927,8.4368,,,,,
4457,-1176,1927.1,8.4369,,,,,
4458,-1176.4,1927.1,8.4369,,,,,
4459,-1176.4,1927.1,8.437,,,,,
4460,-1176.8,1927.1,8.437,,,,,
4461,-1176.8,1927.1,8.437,,,,,
4462,-1177.2,1927.1,8.4371,,,,,
4463,-1177.2,1927.1,8.4371,,,,,
4464,-1177.7,1927.1,8.4372,,,,,
4465,-1177.7,1927.1,8.4372,,,,,
4466,-1178.1,1927.1,8.4372,,,,,
4467,-1178.1,1927.1,8.4373,,,,,
4468,-1178.5,1927.1,8.4373,,,,,
4469,-1178.5,1927.1,8.4373,,,,,
4470,-1178.9,1927.1,8.4374,,,,,
4471,-1178.9,1927.1,8.4374,,,,,
4472,-1179.4,1927.1,8.4375,,,,,
4473,-1179.4,1927.1,8.4375,,,,,
4474,-1179.8,1927.1,8.4375,,,,,
4475,-1179.8,1927.1,8.4376,,,,,
4476,-1180.2,1927.1,8.4376,,,,,
4477,-1180.2,1927.1,8.4376,,,,,
4478,-1180.6,1927.1,8.4377,,,,,
4479,-1180.6,1927.1,8.4377,,,,,
4480,-1181.1,1927.1,8.4377,,,,,
4481,-1181.1,1927.1,8.4378,,,,,
4482,-1181.5,1927.1,8.4378,,,,,
4483,-1181.5,1927.1,8.4378,,,,,
4484,-1181.9,1927.1,8.4379,,,,,
4485,-1181.9,1927.1,8.4379,,,,,
4486,-1182.3,1927.1,8.438,,,,,
4487,-1182.3,1927.1,8.438,,,,,
4488,-1182.8,1927.1,8.438,,,,,
4489,-1182.8,1927.1,8.4381,,,,,
4490,-1183.2,1927.1,8.4381,,,,,
4491,-1183.2,1927.1,8.4381,,,,,
4492,-1183.6,1927.1,8.4382,,,,,
4493,-1183.6,1927.1,8.4382,,,,,
4494,-1184,1927.1,8.4382,,,,,
4495,-1184,1927.1,8.4383,,,,,
4496,-1184.4,1927.1,8.4383,,,,,
4497,-1184.4,1927.1,8.4383,,,,,
4498,-1184.9,1927.1,8.4383,,,,,
4499,-1184.9,1927.1,8.4384,,,,,
4500,-1185.3,1927.1,8.4384,,,,,
4501,-1185.3,1927.1,8.4384,,,,,
4502,-1185.7,1927.1,8.4385,,,,,
4503,-1185.7,1927.1,8.4385,,,,,
4504,-1186.1,1927.1,8.4385,,,,,
4505,-1186.1,1927.1,8.4386,,,,,
4506,-1186.6,1927.1,8.4386,,,,,
4507,-1186.6,1927.1,8.4386,,,,,
4508,-1187,1927.1,8.4387,,,,,
4509,-1187,1927.1,8.4387,,,,,
4510,-1187.4,1927.1,8.4387,,,,,
4511,-1187.4,1927.1,8.4387,,,,,
4512,-1187.8,1927.1,8.4388,,,,,
4513,-1187.8,1927.1,8.4388,,,,,
4514,-1188.3,1927.1,8.4388,,,,,
4515,-1188.3,1927.1,8.4389,,,,,
4516,-1188.7,1927.1,8.4389,,,,,
4517,-1188.7,1927.1,8.4389,,,,,
4518,-1189.1,1927.1,8.439,,,,,
4519,-1189.1,1927.1,8.439,,,,,
4520,-1189.5,1927.1,8.439,,,,,
4521,-1189.5,1927.1,8.439,,,,,
4522,-1190,1927.1,8.4391,,,,,
4523,-1190,1927.1,8.4391,,,,,
4524,-1190.4,1927.1,8.4391,,,,,
4525,-1190.4,1927.1,8.4392,,,,,
4526,-1190.8,1927.1,8.4392,,,,,
4527,-1190.8,1927.1,8.4392,,,,,
4528,-1191.2,1927.1,8.4392,,,,,
4529,-1191.2,1927.1,8.4393,,,,,
4530,-1191.6,1927.1,8.4393,,,,,
4531,-1191.6,1927.1,8.4393,,,,,
4532,-1192.1,1927.1,8.4393,,,,,
4533,-1192.1,1927.1,8.4394,,,,,
4534,-1192.5,1927.1,8.4394,,,,,
4535,-1192.5,1927.1,8.4394,,,,,
4536,-1192.9,1927.1,8.4394,,,,,
4537,-1192.9,1927.1,8.4395,,,,,
4538,-1193.3,1927.1,8.4395,,,,,
4539,-1193.3,1927.1,8.4395,,,,,
4540,-1193.8,1927.1,8.4396,,,,,
4541,-1193.8,1927.1,8.4396,,,,,
4542,-1194.2,1927.1,8.4396,,,,,
4543,-1194.2,1927.1,8.4396,,,,,
4544,-1194.6,1927.1,8.4397,,,,,
4545,-1194.6,1927.1,8.4397,,,,,
4546,-1195,1927.1,8.4397,,,,,
4547,-1195,1927.1,8.4397,,,,,
4548,-1195.5,1927.1,8.4398,,,,,
4549,-1195.5,1927.1,8.4398,,,,,
4550,-1195.9,1927.1,8.4398,,,,,
4551,-1195.9,1927.1,8.4398,,,,,
4552,-1196.3,1927.1,8.4399,,,,,
4553,-1196.3,1927.1,8.4399,,,,,
4554,-1196.7,1927.1,8.4399,,,,,
4555,-1196.7,1927.1,8.4399,,,,,
4556,-1197.2,1927.1,8.44,,,,,
4557,-1197.2,1927.1,8.44,,,,,
4558,-1197.6,1927.1,8.44,,,,,
4559,-1197.6,1927.1,8.44,,,,,
4560,-1198,1927.1,8.4401,,,,,
4561,-1198,1927.1,8.4401,,,,,
4562,-1198.4,1927.1,8.4401,,,,,
4563,-1198.4,1927.1,8.4401,,,,,
4564,-1198.8,1927.1,8.4401,,,,,
4565,-1198.8,1927.1,8.4402,,,,,
4566,-1199.3,1927.1,8.4402,,,,,
4567,-1199.3,1927.1,8.4402,,,,,
4568,-1199.7,1927.1,8.4402,,,,,
4569,-1199.7,1927.1,8.4403,,,,,
4570,-1200.1,1927.1,8.4403,,,,,
4571,-1200.1,1927.1,8.4403,,,,,
4572,-1200.5,1927.1,8.4403,,,,,
4573,-1200.5,1927.1,8.4404,,,,,
4574,-1201,1927.1,8.4404,,,,,
4575,-1201,1927.1,8.4404,,,,,
4576,-1201.4,1927.1,8.4404,,,,,
4577,-1201.4,1927.1,8.4404,,,,,
4578,-1201.8,1927.1,8.4405,,,,,
4579,-1201.8,1927.1,8.4405,,,,,
4580,-1202.2,1927.1,8.4405,,,,,
4581,-1202.2,1927.1,8.4405,,,,,
4582,-1202.6,1927.1,8.4406,,,,,
4583,-1202.6,1927.1,8.4406,,,,,
4584,-1203.1,1927.1,8.4406,,,,,
4585,-1203.1,1927.1,8.4406,,,,,
4586,-1203.5,1927.1,8.4406,,,,,
4587,-1203.5,1927.1,8.4407,,,,,
4588,-1203.9,1927.1,8.4407,,,,,
4589,-1203.9,1927.1,8.4407,,,,,
4590,-1204.3,1927.1,8.4407,,,,,
4591,-1204.3,1927.1,8.4407,,,,,
4592,-1204.8,1927.1,8.4408,,,,,
4593,-1204.8,1927.1,8.4408,,,,,
4594,-1205.2,1927.1,8.4408,,,,,
4595,-1205.2,1927.1,8.4408,,,,,
4596,-1205.6,1927.1,8.4409,,,,,
4597,-1205.6,1927.1,8.4409,,,,,
4598,-1206,1927.1,8.4409,,,,,
4599,-1206,1927.1,8.4409,,,,,
4600,-1206.4,1927.1,8.4409,,,,,
4601,-1206.4,1927.1,8.441,,,,,
4602,-1206.9,1927.1,8.441,,,,,
4603,-1206.9,1927.1,8.441,,,,,
4604,-1207.3,1927.1,8.441,,,,,
4605,-1207.3,1927.1,8.441,,,,,
4606,-1207.7,1927.1,8.4411,,,,,
4607,-1207.7,1927.1,8.4411,,,,,
4608,-1208.1,1927.1,8.4411,,,,,
4609,-1208.1,1927.1,8.4411,,,,,
4610,-1208.6,1927.1,8.4411,,,,,
4611,-1208.6,1927.1,8.4412,,,,,
4612,-1209,1927.1,8.4412,,,,,
4613,-1209,1927.1,8.4412,,,,,
4614,-1209.4,1927.1,8.4412,,,,,
4615,-1209.4,1927.1,8.4412,,,,,
4616,-1209.8,1927.1,8.4413,,,,,
4617,-1209.8,1927.1,8.4413,,,,,
4618,-1210.2,1927.1,8.4413,,,,,
4619,-1210.2,1927.1,8.4413,,,,,
4620,-1210.7,1927.1,8.4413,,,,,
4621,-1210.7,1927.1,8.4414,,,,,
4622,-1211.1,1927.1,8.4414,,,,,
4623,-1211.1,1927.1,8.4414,,,,,
4624,-1211.5,1927.1,8.4414,,,,,
4625,-1211.5,1927.1,8.4414,,,,,
4626,-1211.9,1927.1,8.4414,,,,,
4627,-1211.9,1927.1,8.4415,,,,,
4628,-1212.3,1927.1,8.4415,,,,,
4629,-1212.3,1927.1,8.4415,,,,,
4630,-1212.8,1927.1,8.4415,,,,,
4631,-1212.8,1927.1,8.4415,,,,,
4632,-1213.2,1927.1,8.4416,,,,,
4633,-1213.2,1927.1,8.4416,,,,,
4634,-1213.6,1927.1,8.4416,,,,,
4635,-1213.6,1927.1,8.4416,,,,,
4636,-1214,1927.1,8.4416,,,,,
4637,-1214,1927.1,8.4417,,,,,
4638,-1214.5,1927.1,8.4417,,,,,
4639,-1214.5,1927.1,8.4417,,,,,
4640,-1214.9,1927.1,8.4417,,,,,
4641,-1214.8,1927.1,8.4417,,,,,
4642,-1215.2,1927.1,8.4418,,,,,
4643,-1215.2,1927.1,8.4418,,,,,
4644,-1215.6,1927.1,8.4418,,,,,
4645,-1215.6,1927.1,8.4418,,,,,
4646,-1215.9,1927.1,8.4418,,,,,
4647,-1215.9,1927.1,8.4419,,,,,
4648,-1216.3,1927.1,8.4419,,,,,
4649,-1216.3,1927.1,8.4419,,,,,
4650,-1216.6,1927.1,8.4419,,,,,
4651,-1216.6,1927.1,8.4419,,,,,
4652,-1217,1927.1,8.4419,,,,,
4653,-1217,1927.1,8.442,,,,,
4654,-1217.3,1927.1,8.442,,,,,
4655,-1217.3,1927.1,8.442,,,,,
4656,-1217.7,1927.1,8.442,,,,,
4657,-1217.7,1927.1,8.442,,,,,
4658,-1218.1,1927.1,8.4421,,,,,
4659,-1218,1927.1,8.4421,,,,,
4660,-1218.4,1927.1,8.4421,,,,,
4661,-1218.4,1927.1,8.4421,,,,,
4662,-1218.8,1927.1,8.4421,,,,,
4663,-1218.8,1927.1,8.4421,,,,,
4664,-1219.1,1927.1,8.4422,,,,,
4665,-1219.1,1927.1,8.4422,,,,,
