Time,f_elec,f_flex,f_frac,f_grad,crack_length,,,
0,-6189.9,55.844,687.08,0.30797,40,,,
1,-6125.3,81.037,733.2,0.8017,40,,,
2,-6079.7,72.407,730.09,1.215,40,,,
3,-6049.3,61.2,727.82,1.5373,40,,,
4,-6029.4,50.114,726.08,1.7876,40,,,
5,-6016.3,39.918,724.68,1.9841,40,,,
6,-6007.7,30.738,723.53,2.1402,40,,,
7,-6002,22.503,722.56,2.2656,40,,,
8,-5998,15.09,721.74,2.3674,40,,,
9,-5995.1,8.3817,721.03,2.4509,40,,,
10,-5993,2.2742,720.42,2.5201,40,,,
11,-5991.3,-3.3175,719.89,2.5782,40,,,
12,-5989.9,-8.4628,719.42,2.6274,40,,,
13,-5988.6,-13.218,719.01,2.6696,40,,,
14,-5987.5,-17.629,718.65,2.7062,40,,,
15,-5986.4,-21.734,718.33,2.7385,40,,,
16,-5985.3,-25.565,718.05,2.7672,40,,,
17,-5984.3,-29.15,717.81,2.7932,40,,,
18,-5983.3,-32.511,717.6,2.8169,40,,,
19,-5982.3,-35.669,717.42,2.8387,40,,,
20,-5981.3,-38.641,717.27,2.8591,40,,,
21,-5980.3,-41.443,717.14,2.8783,40,,,
22,-5979.3,-44.087,717.04,2.8966,40,,,
23,-5978.3,-46.586,716.96,2.914,40,,,
24,-5977.3,-48.951,716.9,2.9307,40,,,
25,-5976.3,-51.191,716.86,2.9469,40,,,
26,-5975.3,-53.314,716.84,2.9625,40,,,
27,-5974.3,-55.329,716.83,2.9777,40,,,
28,-5973.4,-57.243,716.85,2.9926,40,,,
29,-5972.4,-59.061,716.88,3.0071,40,,,
30,-5971.4,-60.791,716.93,3.0212,40,,,
31,-5970.7,-62.226,716.97,3.0372,40,,,
32,-5970.4,-63.228,716.99,3.0551,40,,,
33,-5969.9,-64.012,717.01,3.0713,40,,,
34,-5969.5,-64.667,717.04,3.0864,40,,,
35,-5969.1,-65.247,717.06,3.1004,40,,,
36,-5968.6,-65.781,717.09,3.1135,40,,,
37,-5968.1,-66.287,717.11,3.126,40,,,
38,-5967.7,-66.774,717.14,3.1379,40,,,
39,-5967.2,-67.249,717.17,3.1492,40,,,
40,-5966.7,-67.714,717.2,3.1601,40,,,
41,-5966.3,-68.172,717.23,3.1706,40,,,
42,-5965.8,-68.624,717.26,3.1807,40,,,
43,-5965.3,-69.07,717.3,3.1906,40,,,
44,-5964.9,-69.511,717.33,3.2002,40,,,
45,-5964.4,-69.947,717.37,3.2095,40,,,
46,-5964,-70.379,717.41,3.2186,40,,,
47,-5963.5,-70.806,717.44,3.2275,40,,,
48,-5963,-71.228,717.48,3.2363,40,,,
49,-5962.6,-71.645,717.52,3.2449,40,,,
50,-5962.1,-72.058,717.56,3.2534,40,,,
51,-5961.6,-72.466,717.61,3.2617,40,,,
52,-5961.2,-72.869,717.65,3.27,40,,,
53,-5960.7,-73.269,717.69,3.2781,40,,,
54,-5960.2,-73.663,717.74,3.2861,40,,,
55,-5959.8,-74.054,717.78,3.2941,40,,,
56,-5959.3,-74.44,717.83,3.3019,40,,,
57,-5958.9,-74.821,717.88,3.3097,40,,,
58,-5958.4,-75.199,717.92,3.3174,40,,,
59,-5957.9,-75.572,717.97,3.325,40,,,
60,-5957.5,-75.941,718.02,3.3326,40,,,
61,-5957,-76.306,718.07,3.3401,40,,,
62,-5956.6,-76.667,718.12,3.3475,40,,,
63,-5956.1,-77.025,718.18,3.3549,40,,,
64,-5955.6,-77.378,718.23,3.3622,40,,,
65,-5955.2,-77.727,718.28,3.3695,40,,,
66,-5954.7,-78.073,718.34,3.3768,40,,,
67,-5954.3,-78.415,718.39,3.384,40,,,
68,-5953.8,-78.753,718.45,3.3911,40,,,
69,-5953.4,-79.088,718.51,3.3982,40,,,
70,-5952.9,-79.419,718.56,3.4053,40,,,
71,-5952.5,-79.747,718.62,3.4123,40,,,
72,-5952,-80.072,718.68,3.4193,40,,,
73,-5951.6,-80.393,718.74,3.4263,40,,,
74,-5951.1,-80.71,718.8,3.4332,40,,,
75,-5950.7,-81.024,718.86,3.4401,40,,,
76,-5950.2,-81.336,718.92,3.447,40,,,
77,-5949.8,-81.644,718.98,3.4539,40,,,
78,-5949.4,-81.948,719.04,3.4607,40,,,
79,-5948.9,-82.25,719.1,3.4675,40,,,
80,-5948.5,-82.549,719.17,3.4743,40,,,
81,-5948,-82.845,719.23,3.4811,40,,,
82,-5947.6,-83.138,719.29,3.4878,40,,,
83,-5947.2,-83.428,719.36,3.4946,40,,,
84,-5946.7,-83.715,719.42,3.5013,40,,,
85,-5946.3,-83.999,719.49,3.508,40,,,
86,-5945.9,-84.281,719.55,3.5147,40,,,
87,-5945.4,-84.559,719.62,3.5213,40,,,
88,-5945,-84.836,719.69,3.528,40,,,
89,-5944.6,-85.109,719.76,3.5347,40,,,
90,-5944.2,-85.38,719.82,3.5413,40,,,
91,-5943.7,-85.649,719.89,3.548,40,,,
92,-5943.3,-85.915,719.96,3.5546,40,,,
93,-5942.9,-86.178,720.03,3.5612,40,,,
94,-5942.5,-86.439,720.1,3.5678,40,,,
95,-5942.1,-86.698,720.17,3.5745,40,,,
96,-5941.6,-86.954,720.24,3.5811,40,,,
97,-5941.2,-87.208,720.31,3.5877,40,,,
98,-5940.8,-87.46,720.38,3.5943,40,,,
99,-5940.4,-87.709,720.45,3.6009,40,,,
100,-5940,-87.956,720.52,3.6075,40,,,
101,-5939.6,-88.202,720.59,3.6142,40,,,
102,-5939.2,-88.444,720.66,3.6208,40,,,
103,-5938.7,-88.685,720.73,3.6274,40,,,
104,-5938.3,-88.924,720.8,3.6341,40,,,
105,-5937.9,-89.161,720.88,3.6407,40,,,
106,-5937.5,-89.395,720.95,3.6473,40,,,
107,-5937.1,-89.628,721.02,3.654,40,,,
108,-5936.7,-89.859,721.09,3.6607,40,,,
109,-5936.3,-90.088,721.17,3.6673,40,,,
110,-5935.9,-90.314,721.24,3.674,40,,,
111,-5935.5,-90.539,721.31,3.6807,40,,,
112,-5935.1,-90.763,721.39,3.6874,40,,,
113,-5934.7,-90.984,721.46,3.6941,40,,,
114,-5934.3,-91.203,721.54,3.7008,40,,,
115,-5933.9,-91.421,721.61,3.7076,40,,,
116,-5933.5,-91.637,721.69,3.7143,40,,,
117,-5933.1,-91.851,721.76,3.7211,40,,,
118,-5932.7,-92.064,721.84,3.7279,40,,,
119,-5932.3,-92.275,721.91,3.7347,40,,,
120,-5931.9,-92.484,721.99,3.7415,40,,,
121,-5931.6,-92.692,722.06,3.7483,40,,,
122,-5931.2,-92.898,722.14,3.7552,40,,,
123,-5930.8,-93.103,722.21,3.762,40,,,
124,-5930.4,-93.306,722.29,3.7689,40,,,
125,-5930,-93.507,722.37,3.7758,40,,,
126,-5929.6,-93.707,722.44,3.7827,40,,,
127,-5929.2,-93.905,722.52,3.7897,40,,,
128,-5928.8,-94.102,722.6,3.7966,40,,,
129,-5928.5,-94.298,722.67,3.8036,40,,,
130,-5928.1,-94.492,722.75,3.8106,40,,,
131,-5927.7,-94.685,722.83,3.8177,40,,,
132,-5927.3,-94.876,722.9,3.8247,40,,,
133,-5926.9,-95.066,722.98,3.8318,40,,,
134,-5926.6,-95.255,723.06,3.8389,40,,,
135,-5926.2,-95.442,723.13,3.846,40,,,
136,-5925.8,-95.628,723.21,3.8531,40,,,
137,-5925.4,-95.813,723.29,3.8603,40,,,
138,-5925.1,-95.996,723.36,3.8675,40,,,
139,-5924.7,-96.178,723.44,3.8747,40,,,
140,-5924.3,-96.359,723.52,3.8819,40,,,
141,-5923.9,-96.539,723.59,3.8892,40,,,
142,-5923.6,-96.718,723.67,3.8965,40,,,
143,-5923.2,-96.895,723.75,3.9038,40,,,
144,-5922.8,-97.071,723.83,3.9111,40,,,
145,-5922.5,-97.246,723.9,3.9185,40,,,
146,-5922.1,-97.42,723.98,3.9259,40,,,
147,-5921.7,-97.593,724.06,3.9333,40,,,
148,-5921.3,-97.765,724.14,3.9408,40,,,
149,-5921,-97.935,724.21,3.9483,40,,,
150,-5920.6,-98.105,724.29,3.9558,40,,,
151,-5920.2,-98.274,724.37,3.9634,40,,,
152,-5919.9,-98.441,724.45,3.9709,40,,,
153,-5919.5,-98.607,724.53,3.9785,40,,,
154,-5919.2,-98.773,724.6,3.9862,40,,,
155,-5918.8,-98.937,724.68,3.9939,40,,,
156,-5918.4,-99.101,724.76,4.0016,40,,,
157,-5918.1,-99.263,724.84,4.0093,40,,,
158,-5917.7,-99.424,724.91,4.0171,40,,,
159,-5917.4,-99.585,724.99,4.0249,40,,,
160,-5917,-99.745,725.07,4.0327,40,,,
161,-5916.6,-99.903,725.15,4.0406,40,,,
162,-5916.3,-100.06,725.22,4.0485,40,,,
163,-5915.9,-100.22,725.3,4.0565,40,,,
164,-5915.6,-100.37,725.38,4.0644,40,,,
165,-5915.2,-100.53,725.45,4.0725,40,,,
166,-5914.9,-100.68,725.53,4.0805,40,,,
167,-5914.5,-100.84,725.61,4.0886,40,,,
168,-5914.1,-100.99,725.69,4.0967,40,,,
169,-5913.8,-101.14,725.76,4.1049,40,,,
170,-5913.4,-101.29,725.84,4.1131,40,,,
171,-5913.1,-101.44,725.92,4.1213,40,,,
172,-5912.7,-101.59,725.99,4.1296,40,,,
173,-5912.4,-101.74,726.07,4.138,40,,,
174,-5912,-101.89,726.15,4.1463,40,,,
175,-5911.7,-102.03,726.22,4.1547,40,,,
176,-5911.3,-102.18,726.3,4.1632,40,,,
177,-5911,-102.33,726.37,4.1716,40,,,
178,-5910.6,-102.47,726.45,4.1802,40,,,
179,-5910.3,-102.61,726.53,4.1887,40,,,
180,-5909.9,-102.76,726.6,4.1974,40,,,
181,-5909.6,-102.9,726.68,4.206,40,,,
182,-5909.3,-103.04,726.75,4.2147,40,,,
183,-5908.9,-103.18,726.83,4.2235,40,,,
184,-5908.6,-103.32,726.9,4.2323,40,,,
185,-5908.2,-103.46,726.98,4.2411,40,,,
186,-5907.9,-103.6,727.06,4.25,40,,,
187,-5907.5,-103.74,727.13,4.2589,40,,,
188,-5907.2,-103.88,727.21,4.2678,40,,,
189,-5906.8,-104.02,727.28,4.2769,40,,,
190,-5906.5,-104.15,727.36,4.2859,40,,,
191,-5906.2,-104.29,727.44,4.295,40,,,
192,-5905.8,-104.42,727.51,4.3042,40,,,
193,-5905.5,-104.56,727.59,4.3134,40,,,
194,-5905.1,-104.69,727.66,4.3226,40,,,
195,-5904.8,-104.83,727.74,4.3319,40,,,
196,-5904.5,-104.96,727.81,4.3412,40,,,
197,-5904.1,-105.09,727.89,4.3506,40,,,
198,-5903.8,-105.22,727.96,4.3601,40,,,
199,-5903.4,-105.35,728.03,4.3695,40,,,
200,-5903.1,-105.48,728.11,4.3791,40,,,
201,-5902.8,-105.61,728.18,4.3887,40,,,
202,-5902.4,-105.74,728.26,4.3983,40,,,
203,-5902.1,-105.87,728.33,4.408,40,,,
204,-5901.8,-106,728.41,4.4177,40,,,
205,-5901.4,-106.13,728.48,4.4275,40,,,
206,-5901.1,-106.26,728.55,4.4374,40,,,
207,-5900.7,-106.38,728.63,4.4473,40,,,
208,-5900.4,-106.51,728.7,4.4572,40,,,
209,-5900.1,-106.64,728.77,4.4673,40,,,
210,-5899.7,-106.76,728.85,4.4773,40,,,
211,-5899.4,-106.89,728.92,4.4874,40,,,
212,-5899.1,-107.01,728.99,4.4976,40,,,
213,-5898.7,-107.14,729.06,4.5079,40,,,
214,-5898.4,-107.26,729.14,4.5182,40,,,
215,-5898.1,-107.38,729.21,4.5285,40,,,
216,-5897.7,-107.5,729.28,4.5389,40,,,
217,-5897.4,-107.63,729.35,4.5494,40,,,
218,-5897.1,-107.75,729.42,4.56,40,,,
219,-5896.7,-107.87,729.5,4.5706,40,,,
220,-5896.4,-107.99,729.57,4.5812,40,,,
221,-5896.1,-108.11,729.64,4.592,40,,,
222,-5895.7,-108.23,729.71,4.6028,40,,,
223,-5895.4,-108.35,729.78,4.6136,40,,,
224,-5895.1,-108.47,729.85,4.6245,40,,,
225,-5894.8,-108.59,729.92,4.6355,40,,,
226,-5894.4,-108.71,729.99,4.6466,40,,,
227,-5894.1,-108.82,730.07,4.6577,40,,,
228,-5893.8,-108.94,730.14,4.6689,40,,,
229,-5893.4,-109.06,730.21,4.6802,40,,,
230,-5893.1,-109.18,730.28,4.6915,40,,,
231,-5892.8,-109.29,730.35,4.7029,40,,,
232,-5892.4,-109.41,730.42,4.7144,40,,,
233,-5892.1,-109.52,730.49,4.726,40,,,
234,-5891.8,-109.64,730.56,4.7376,40,,,
235,-5891.5,-109.75,730.63,4.7493,40,,,
236,-5891.1,-109.87,730.7,4.7611,40,,,
237,-5890.8,-109.98,730.77,4.7729,40,,,
238,-5890.5,-110.09,730.84,4.7849,40,,,
239,-5890.1,-110.21,730.91,4.7969,40,,,
240,-5889.8,-110.32,730.98,4.809,40,,,
241,-5889.5,-110.43,731.05,4.8211,40,,,
242,-5889.2,-110.55,731.12,4.8334,40,,,
243,-5888.8,-110.66,731.19,4.8457,40,,,
244,-5888.5,-110.77,731.26,4.8582,40,,,
245,-5888.2,-110.88,731.32,4.8707,40,,,
246,-5887.8,-110.99,731.39,4.8833,40,,,
247,-5887.5,-111.1,731.46,4.8959,40,,,
248,-5887.2,-111.21,731.53,4.9087,40,,,
249,-5886.9,-111.32,731.6,4.9215,40,,,
250,-5886.5,-111.43,731.67,4.9345,40,,,
251,-5886.2,-111.54,731.73,4.9475,40,,,
252,-5885.9,-111.65,731.8,4.9606,40,,,
253,-5885.5,-111.75,731.87,4.9739,40,,,
254,-5885.2,-111.86,731.94,4.9872,40,,,
255,-5884.9,-111.97,732.01,5.0006,40,,,
256,-5884.6,-112.08,732.07,5.0141,40,,,
257,-5884.2,-112.18,732.14,5.0277,40,,,
258,-5883.9,-112.29,732.21,5.0414,40,,,
259,-5883.6,-112.4,732.27,5.0552,40,,,
260,-5883.3,-112.5,732.34,5.0691,40,,,
261,-5882.9,-112.61,732.41,5.0831,40,,,
262,-5882.6,-112.71,732.47,5.0973,40,,,
263,-5882.3,-112.82,732.54,5.1115,40,,,
264,-5881.9,-112.92,732.61,5.1258,40,,,
265,-5881.6,-113.03,732.67,5.1403,40,,,
266,-5881.3,-113.13,732.74,5.1548,40,,,
267,-5881,-113.24,732.81,5.1695,40,,,
268,-5880.6,-113.34,732.87,5.1843,40,,,
269,-5880.3,-113.44,732.94,5.1992,40,,,
270,-5880,-113.54,733,5.2142,40,,,
271,-5879.6,-113.65,733.07,5.2293,40,,,
272,-5879.3,-113.75,733.13,5.2446,40,,,
273,-5879,-113.85,733.2,5.26,40,,,
274,-5878.7,-113.95,733.26,5.2755,40,,,
275,-5878.3,-114.05,733.33,5.2912,40,,,
276,-5878,-114.15,733.39,5.307,40,,,
277,-5877.7,-114.26,733.46,5.3229,40,,,
278,-5877.3,-114.36,733.52,5.3389,40,,,
279,-5877,-114.46,733.59,5.3551,40,,,
280,-5876.7,-114.56,733.65,5.3714,40,,,
281,-5876.4,-114.65,733.72,5.3879,40,,,
282,-5876,-114.75,733.78,5.4045,40,,,
283,-5875.7,-114.85,733.85,5.4212,40,,,
284,-5875.4,-114.95,733.91,5.4382,40,,,
285,-5875,-115.05,733.97,5.4552,40,,,
286,-5874.7,-115.15,734.04,5.4724,40,,,
287,-5874.4,-115.24,734.1,5.4898,40,,,
288,-5874,-115.34,734.17,5.5073,40,,,
289,-5873.7,-115.44,734.23,5.525,40,,,
290,-5873.4,-115.53,734.29,5.5428,40,,,
291,-5873,-115.63,734.36,5.5608,40,,,
292,-5872.7,-115.72,734.42,5.579,40,,,
293,-5872.4,-115.82,734.49,5.5974,40,,,
294,-5872,-115.92,734.55,5.6159,40,,,
295,-5871.7,-116.01,734.61,5.6346,40,,,
296,-5871.4,-116.1,734.68,5.6535,40,,,
297,-5871,-116.2,734.74,5.6725,40,,,
298,-5870.7,-116.29,734.8,5.6918,40,,,
299,-5870.4,-116.38,734.87,5.7112,40,,,
300,-5870,-116.48,734.93,5.7309,40,,,
301,-5869.7,-116.57,734.99,5.7507,40,,,
302,-5869.4,-116.66,735.06,5.7707,40,,,
303,-5869,-116.75,735.12,5.7909,40,,,
304,-5868.7,-116.84,735.18,5.8114,40,,,
305,-5868.4,-116.94,735.25,5.832,40,,,
306,-5868,-117.03,735.31,5.8529,40,,,
307,-5867.7,-117.12,735.37,5.8739,40,,,
308,-5867.4,-117.21,735.44,5.8952,40,,,
309,-5867,-117.3,735.5,5.9167,40,,,
310,-5866.7,-117.39,735.56,5.9385,40,,,
311,-5866.3,-117.47,735.62,5.9605,40,,,
312,-5866,-117.56,735.69,5.9827,40,,,
313,-5865.7,-117.65,735.75,6.0051,40,,,
314,-5865.3,-117.74,735.81,6.0278,40,,,
315,-5865,-117.83,735.87,6.0508,40,,,
316,-5864.6,-117.92,735.96,6.0733,40,,,
317,-5864.2,-118.03,736.06,6.0955,40,,,
318,-5863.8,-118.14,736.16,6.118,40,,,
319,-5863.4,-118.27,736.3,6.1394,40,,,
320,-5863,-118.39,736.43,6.1619,40,,,
321,-5862.5,-118.54,736.59,6.1833,40,,,
322,-5862,-118.68,736.76,6.2051,40,,,
323,-5861.5,-118.83,736.94,6.2266,40,,,
324,-5861,-118.98,737.13,6.2485,40,,,
325,-5860.4,-119.14,737.34,6.2701,40,,,
326,-5859.9,-119.3,737.55,6.2921,40,,,
327,-5859.3,-119.46,737.76,6.3147,40,,,
328,-5858.8,-119.61,737.97,6.3377,40,,,
329,-5858.2,-119.77,738.19,6.3612,40,,,
330,-5857.6,-119.92,738.4,6.3852,40,,,
331,-5857,-120.06,738.62,6.4097,40.5,,,
332,-5856.5,-120.21,738.83,6.4348,40.5,,,
333,-5855.9,-120.36,739.05,6.4603,40.5,,,
334,-5855.3,-120.5,739.27,6.4864,40.5,,,
335,-5854.9,-120.06,739.48,6.5064,40.5,,,
336,-5854.3,-120.07,739.72,6.5277,40.5,,,
337,-5853.7,-120.2,739.96,6.5517,40.5,,,
338,-5853,-120.37,740.19,6.5776,40.5,,,
339,-5852.3,-120.56,740.43,6.6049,40.5,,,
340,-5851.7,-120.75,740.66,6.6333,40.5,,,
341,-5851,-120.93,740.9,6.6625,40.5,,,
342,-5850.4,-121.12,741.14,6.6925,40.5,,,
343,-5849.8,-121.3,741.38,6.7231,40.5,,,
344,-5849.2,-121.47,741.62,6.7545,40.5,,,
345,-5848.6,-121.65,741.86,6.7865,40.5,,,
346,-5848,-121.83,742.11,6.8192,40.5,,,
347,-5847.4,-122,742.36,6.8525,40.5,,,
348,-5846.8,-122.18,742.61,6.8865,40.5,,,
349,-5846.2,-122.36,742.87,6.9213,40.5,,,
350,-5845.7,-122.55,743.13,6.9567,40.5,,,
351,-5845.1,-122.73,743.39,6.9929,40.5,,,
352,-5844.6,-122.92,743.66,7.0299,40.5,,,
353,-5844,-123.11,743.93,7.0677,40.5,,,
354,-5843.5,-123.31,744.2,7.1064,40.5,,,
355,-5842.9,-123.5,744.48,7.1458,40.5,,,
356,-5842.4,-123.71,744.77,7.1862,40.5,,,
357,-5841.8,-123.91,745.06,7.2276,40.5,,,
358,-5841.3,-124.12,745.35,7.2699,40.5,,,
359,-5840.8,-124.33,745.66,7.3132,40.5,,,
360,-5840.2,-124.54,745.96,7.3575,40.5,,,
361,-5839.7,-124.76,746.28,7.4029,40.5,,,
362,-5839.2,-124.98,746.6,7.4495,41,,,
363,-5838.7,-125.21,746.92,7.4972,41,,,
364,-5838.1,-125.43,747.26,7.5461,41,,,
365,-5837.6,-125.66,747.6,7.5962,41,,,
366,-5837.1,-125.9,747.95,7.6476,41,,,
367,-5836.6,-126.13,748.3,7.7002,41,,,
368,-5836.1,-126.37,748.67,7.7542,41,,,
369,-5835.5,-126.61,749.04,7.8096,41,,,
370,-5835,-126.85,749.43,7.8664,41,,,
371,-5834.5,-127.1,749.82,7.9246,41,,,
372,-5834,-127.34,750.22,7.9844,41,,,
373,-5833.5,-127.59,750.63,8.0456,41,,,
374,-5833,-127.83,751.06,8.1085,41,,,
375,-5832.5,-128.08,751.49,8.173,41,,,
376,-5832,-128.33,751.93,8.2391,41,,,
377,-5831.5,-128.57,752.39,8.3069,41,,,
378,-5830.9,-128.82,752.85,8.3764,41,,,
379,-5830.4,-129.06,753.33,8.4477,41,,,
380,-5829.9,-129.3,753.82,8.5208,41,,,
381,-5829.4,-129.54,754.32,8.5958,41,,,
382,-5828.9,-129.77,754.83,8.6726,41,,,
383,-5828.4,-130,755.35,8.7512,41,,,
384,-5827.9,-130.23,755.89,8.8318,41,,,
385,-5827.4,-130.45,756.44,8.9143,41,,,
386,-5826.9,-130.67,757,8.9988,41,,,
387,-5826.4,-130.88,757.57,9.0853,41,,,
388,-5825.9,-131.08,758.15,9.1738,41,,,
389,-5825.4,-131.28,758.75,9.2644,41,,,
390,-5824.9,-131.47,759.35,9.357,41.5,,,
391,-5824.5,-131.65,759.97,9.4517,41.5,,,
392,-5824,-131.83,760.6,9.5485,41.5,,,
393,-5823.5,-132,761.24,9.6475,41.5,,,
394,-5823,-132.15,761.89,9.7486,41.5,,,
395,-5822.5,-132.3,762.55,9.8518,41.5,,,
396,-5822,-132.22,763.44,9.9454,41.5,,,
397,-5821.4,-132.63,764.67,10.045,41.5,,,
398,-5820.9,-132.98,765.76,10.152,41.5,,,
399,-5820.3,-133.28,766.79,10.263,41.5,,,
400,-5819.8,-133.56,767.79,10.377,41.5,,,
401,-5819.3,-133.81,768.77,10.493,41.5,,,
402,-5818.8,-134.03,769.75,10.613,41.5,,,
403,-5818.2,-134.22,770.72,10.734,41.5,,,
404,-5817.7,-134.39,771.69,10.859,41.5,,,
405,-5817.2,-134.53,772.66,10.985,41.5,,,
406,-5816.7,-134.64,773.61,11.114,41.5,,,
407,-5816.2,-134.73,774.56,11.245,41.5,,,
408,-5815.7,-134.79,775.5,11.378,41.5,,,
409,-5815.2,-134.83,776.42,11.513,41.5,,,
410,-5814.7,-134.83,777.33,11.651,41.5,,,
411,-5814.2,-134.81,778.21,11.79,41.5,,,
412,-5813.7,-134.77,779.08,11.932,41.5,,,
413,-5813.1,-134.7,779.92,12.076,41.5,,,
414,-5812.6,-134.6,780.74,12.222,41.5,,,
415,-5812.1,-134.48,781.53,12.37,42,,,
416,-5811.6,-134.34,782.29,12.52,42,,,
417,-5811.1,-134.19,783.02,12.672,42,,,
418,-5810.6,-134.02,783.71,12.826,42,,,
419,-5810,-133.84,784.36,12.982,42,,,
420,-5809.5,-133.65,784.98,13.14,42,,,
421,-5809,-133.46,785.56,13.3,42,,,
422,-5808.5,-133.26,786.11,13.462,42,,,
423,-5807.9,-133.07,786.62,13.627,42,,,
424,-5807.4,-132.88,787.1,13.793,42,,,
425,-5806.8,-132.69,787.55,13.961,42,,,
426,-5806.3,-132.5,787.97,14.131,42,,,
427,-5805.7,-132.33,788.35,14.303,42,,,
428,-5805.2,-132.15,788.71,14.477,42,,,
429,-5804.6,-131.98,789.05,14.654,42,,,
430,-5804,-131.82,789.36,14.832,42,,,
431,-5803.4,-131.66,789.65,15.012,42,,,
432,-5802.9,-131.5,789.92,15.195,42,,,
433,-5802.3,-131.34,790.17,15.379,42,,,
434,-5801.7,-131.19,790.41,15.566,42,,,
435,-5801.1,-131.03,790.64,15.755,42,,,
436,-5800.5,-130.88,790.86,15.946,42,,,
437,-5799.9,-130.72,791.08,16.14,42,,,
438,-5799.3,-130.57,791.29,16.335,42.5,,,
439,-5798.6,-130.42,791.49,16.534,42.5,,,
440,-5798,-130.27,791.7,16.735,42.5,,,
441,-5797.4,-130.12,791.9,16.938,42.5,,,
442,-5796.8,-129.98,792.1,17.144,42.5,,,
443,-5796.1,-129.84,792.3,17.353,42.5,,,
444,-5795.5,-129.71,792.5,17.564,42.5,,,
445,-5794.8,-129.58,792.7,17.778,42.5,,,
446,-5794.3,-128.79,792.84,17.991,42.5,,,
447,-5793.6,-128.46,793.06,18.205,42.5,,,
448,-5792.9,-128.31,793.29,18.425,42.5,,,
449,-5792.2,-128.25,793.53,18.649,42.5,,,
450,-5791.5,-128.23,793.77,18.878,42.5,,,
451,-5790.8,-128.24,794.01,19.111,42.5,,,
452,-5790.1,-128.26,794.26,19.348,42.5,,,
453,-5789.4,-128.3,794.52,19.588,42.5,,,
454,-5788.7,-128.35,794.78,19.832,42.5,,,
455,-5788,-128.42,795.05,20.08,42.5,,,
456,-5787.2,-128.5,795.33,20.331,42.5,,,
457,-5786.5,-128.6,795.62,20.586,42.5,,,
458,-5785.8,-128.71,795.91,20.845,42.5,,,
459,-5785.1,-128.83,796.22,21.107,42.5,,,
460,-5784.3,-128.97,796.54,21.374,43,,,
461,-5783.6,-129.12,796.87,21.644,43,,,
462,-5782.9,-129.29,797.22,21.919,43,,,
463,-5782.2,-129.47,797.58,22.198,43,,,
464,-5781.4,-129.66,797.96,22.481,43,,,
465,-5780.7,-129.86,798.35,22.769,43,,,
466,-5780,-130.07,798.76,23.061,43,,,
467,-5779.2,-130.29,799.19,23.357,43,,,
468,-5778.5,-130.53,799.63,23.658,43,,,
469,-5777.7,-130.77,800.1,23.964,43,,,
470,-5777,-131.02,800.58,24.275,43,,,
471,-5776.3,-131.28,801.09,24.591,43,,,
472,-5775.5,-131.54,801.61,24.911,43,,,
473,-5774.8,-131.81,802.16,25.237,43,,,
474,-5774,-132.08,802.73,25.568,43,,,
475,-5773.3,-132.36,803.32,25.904,43,,,
476,-5772.6,-132.63,803.93,26.245,43,,,
477,-5771.8,-132.91,804.57,26.592,43,,,
478,-5771.1,-133.18,805.23,26.943,43,,,
479,-5770.3,-133.45,805.92,27.301,43,,,
480,-5769.6,-133.71,806.63,27.663,43,,,
481,-5768.8,-133.97,807.36,28.031,43,,,
482,-5768.1,-134.22,808.12,28.404,43.5,,,
483,-5767.3,-134.46,808.9,28.782,43.5,,,
484,-5766.6,-134.7,809.71,29.166,43.5,,,
485,-5765.8,-134.92,810.53,29.555,43.5,,,
486,-5765.1,-135.14,811.38,29.95,43.5,,,
487,-5764.3,-135.34,812.25,30.349,43.5,,,
488,-5763.5,-135.53,813.13,30.754,43.5,,,
489,-5762.8,-135.71,814.03,31.164,43.5,,,
490,-5762,-135.81,815.37,31.566,43.5,,,
491,-5761.1,-136.53,816.95,31.981,43.5,,,
492,-5760.3,-137.15,818.39,32.409,43.5,,,
493,-5759.4,-137.71,819.78,32.845,43.5,,,
494,-5758.6,-138.22,821.13,33.29,43.5,,,
495,-5757.8,-138.7,822.45,33.742,43.5,,,
496,-5757,-139.15,823.75,34.2,43.5,,,
497,-5756.1,-139.56,825.01,34.664,43.5,,,
498,-5755.3,-139.94,826.24,35.132,43.5,,,
499,-5754.5,-140.29,827.44,35.606,43.5,,,
500,-5753.6,-140.62,828.59,36.084,43.5,,,
501,-5752.8,-140.91,829.7,36.566,43.5,,,
502,-5751.9,-141.18,830.76,37.052,44,,,
503,-5751.1,-141.41,831.77,37.541,44,,,
504,-5750.3,-141.62,832.73,38.033,44,,,
505,-5749.4,-141.8,833.62,38.529,44,,,
506,-5748.6,-141.96,834.45,39.026,44,,,
507,-5747.7,-142.1,835.21,39.527,44,,,
508,-5746.8,-142.21,835.91,40.029,44,,,
509,-5746,-142.32,836.55,40.533,44,,,
510,-5745.1,-142.4,837.13,41.039,44,,,
511,-5744.2,-142.48,837.65,41.546,44,,,
512,-5743.3,-142.55,838.13,42.055,44,,,
513,-5742.5,-142.6,838.56,42.565,44,,,
514,-5741.6,-142.63,838.95,43.075,44,,,
515,-5740.7,-142.65,839.29,43.586,44,,,
516,-5739.8,-142.65,839.61,44.098,44,,,
517,-5738.9,-142.64,839.89,44.611,44,,,
518,-5737.9,-142.6,840.15,45.124,44,,,
519,-5737,-142.53,840.39,45.637,44,,,
520,-5736.1,-142.45,840.62,46.151,44,,,
521,-5735.2,-142.35,840.83,46.666,44,,,
522,-5734.2,-142.22,841.04,47.181,44,,,
523,-5733.3,-142.09,841.24,47.696,44.5,,,
524,-5732.3,-141.93,841.44,48.212,44.5,,,
525,-5731.4,-141.77,841.63,48.728,44.5,,,
526,-5730.4,-141.6,841.83,49.245,44.5,,,
527,-5729.5,-141.42,842.03,49.763,44.5,,,
528,-5728.5,-141.24,842.23,50.281,44.5,,,
529,-5727.5,-141.06,842.43,50.799,44.5,,,
530,-5726.6,-140.89,842.63,51.319,44.5,,,
531,-5725.7,-139.91,842.76,51.847,44.5,,,
532,-5724.7,-139.5,842.99,52.373,44.5,,,
533,-5723.7,-139.3,843.23,52.903,44.5,,,
534,-5722.6,-139.18,843.47,53.437,44.5,,,
535,-5721.5,-139.1,843.71,53.975,44.5,,,
536,-5720.4,-139.04,843.96,54.515,44.5,,,
537,-5719.3,-138.99,844.22,55.058,44.5,,,
538,-5718.2,-138.95,844.49,55.604,44.5,,,
539,-5717.1,-138.92,844.77,56.151,44.5,,,
540,-5716,-138.9,845.06,56.7,44.5,,,
541,-5714.9,-138.89,845.37,57.25,44.5,,,
542,-5713.8,-138.88,845.69,57.802,45,,,
543,-5712.7,-138.88,846.03,58.356,45,,,
544,-5711.6,-138.89,846.39,58.91,45,,,
545,-5710.5,-138.91,846.77,59.466,45,,,
546,-5709.4,-138.94,847.17,60.023,45,,,
547,-5708.3,-138.97,847.6,60.582,45,,,
548,-5707.2,-139.01,848.04,61.141,45,,,
549,-5706.1,-139.05,848.51,61.702,45,,,
550,-5705.1,-139.11,849.01,62.265,45,,,
551,-5704,-139.16,849.53,62.829,45,,,
552,-5702.9,-139.22,850.08,63.394,45,,,
553,-5701.8,-139.28,850.66,63.961,45,,,
554,-5700.7,-139.34,851.27,64.529,45,,,
555,-5699.6,-139.39,851.91,65.1,45,,,
556,-5698.5,-139.45,852.58,65.672,45,,,
557,-5697.4,-139.51,853.28,66.246,45,,,
558,-5696.3,-139.56,854.01,66.822,45,,,
559,-5695.2,-139.6,854.77,67.4,45,,,
560,-5694.2,-139.65,855.57,67.979,45,,,
561,-5693.1,-139.68,856.4,68.561,45.5,,,
562,-5692,-139.7,857.26,69.145,45.5,,,
563,-5690.9,-139.72,858.15,69.73,45.5,,,
564,-5689.9,-139.73,859.08,70.318,45.5,,,
565,-5688.8,-139.73,860.03,70.908,45.5,,,
566,-5687.7,-139.72,861.01,71.499,45.5,,,
567,-5686.6,-139.7,862.02,72.093,45.5,,,
568,-5685.6,-139.67,863.04,72.688,45.5,,,
569,-5684.5,-139.63,864.08,73.284,45.5,,,
570,-5683.4,-139.73,865.7,73.876,45.5,,,
571,-5682.2,-140.54,867.48,74.481,45.5,,,
572,-5680.9,-141.23,869.13,75.096,45.5,,,
573,-5679.7,-141.88,870.72,75.718,45.5,,,
574,-5678.6,-142.49,872.26,76.345,45.5,,,
575,-5677.4,-143.09,873.75,76.977,45.5,,,
576,-5676.2,-143.68,875.19,77.612,45.5,,,
577,-5675,-144.27,876.57,78.249,45.5,,,
578,-5673.9,-144.85,877.9,78.888,45.5,,,
579,-5672.7,-145.44,879.17,79.527,45.5,,,
580,-5671.5,-146.03,880.37,80.165,46,,,
581,-5670.3,-146.61,881.5,80.803,46,,,
582,-5669.2,-147.19,882.56,81.44,46,,,
583,-5668,-147.75,883.53,82.074,46,,,
584,-5666.8,-148.29,884.42,82.705,46,,,
585,-5665.7,-148.82,885.22,83.334,46,,,
586,-5664.5,-149.32,885.95,83.959,46,,,
587,-5663.3,-149.8,886.6,84.58,46,,,
588,-5662.2,-150.26,887.17,85.197,46,,,
589,-5661,-150.7,887.69,85.809,46,,,
590,-5659.8,-151.1,888.14,86.417,46,,,
591,-5658.7,-151.47,888.55,87.02,46,,,
592,-5657.5,-151.79,888.9,87.618,46,,,
593,-5656.3,-152.08,889.22,88.212,46,,,
594,-5655.2,-152.31,889.5,88.8,46,,,
595,-5654,-152.51,889.76,89.383,46,,,
596,-5652.8,-152.66,889.99,89.96,46,,,
597,-5651.7,-152.77,890.21,90.532,46,,,
598,-5650.5,-152.85,890.41,91.098,46,,,
599,-5649.3,-152.9,890.61,91.659,46.5,,,
600,-5648.2,-152.92,890.81,92.214,46.5,,,
601,-5647,-152.93,891,92.764,46.5,,,
602,-5645.8,-152.91,891.2,93.309,46.5,,,
603,-5644.7,-152.88,891.39,93.848,46.5,,,
604,-5643.5,-152.84,891.59,94.382,46.5,,,
605,-5642.3,-152.79,891.8,94.912,46.5,,,
606,-5641.2,-152.73,892,95.436,46.5,,,
607,-5640.3,-151.89,892.18,95.963,46.5,,,
608,-5639,-151.61,892.34,96.499,46.5,,,
609,-5637.7,-151.52,892.57,97.03,46.5,,,
610,-5636.4,-151.53,892.8,97.56,46.5,,,
611,-5635.2,-151.56,893.03,98.087,46.5,,,
612,-5633.9,-151.61,893.28,98.611,46.5,,,
613,-5632.6,-151.67,893.53,99.132,46.5,,,
614,-5631.3,-151.73,893.79,99.649,46.5,,,
615,-5630,-151.79,894.07,100.16,46.5,,,
616,-5628.8,-151.84,894.36,100.67,46.5,,,
617,-5627.5,-151.9,894.67,101.17,47,,,
618,-5626.3,-151.94,895.01,101.67,47,,,
619,-5625,-151.98,895.36,102.16,47,,,
620,-5623.8,-152.01,895.73,102.65,47,,,
621,-5622.6,-152.02,896.13,103.13,47,,,
622,-5621.4,-152.02,896.56,103.61,47,,,
623,-5620.2,-151.99,897.01,104.08,47,,,
624,-5619,-151.95,897.5,104.55,47,,,
625,-5617.9,-151.89,898.01,105.01,47,,,
626,-5616.7,-151.81,898.55,105.46,47,,,
627,-5615.6,-151.72,899.12,105.91,47,,,
628,-5614.5,-151.6,899.73,106.35,47,,,
629,-5613.4,-151.48,900.37,106.78,47,,,
630,-5612.3,-151.34,901.05,107.21,47,,,
631,-5611.2,-151.19,901.76,107.63,47,,,
632,-5610.2,-151.03,902.51,108.04,47,,,
633,-5609.1,-150.86,903.29,108.45,47,,,
634,-5608.1,-150.68,904.12,108.84,47,,,
635,-5607.1,-150.48,904.98,109.24,47,,,
636,-5606.1,-150.27,905.88,109.62,47.5,,,
637,-5605.1,-150.03,906.82,110.01,47.5,,,
638,-5604.2,-149.77,907.8,110.38,47.5,,,
639,-5603.2,-149.48,908.81,110.76,47.5,,,
640,-5602.3,-149.16,909.85,111.12,47.5,,,
641,-5601.4,-148.8,910.92,111.49,47.5,,,
642,-5600.4,-148.41,912.02,111.84,47.5,,,
643,-5599.5,-147.98,913.13,112.2,47.5,,,
644,-5598.7,-147.26,914.47,112.55,47.5,,,
645,-5597.6,-148,916.49,112.9,47.5,,,
646,-5596.5,-148.45,918.3,113.26,47.5,,,
647,-5595.5,-148.81,920.03,113.62,47.5,,,
648,-5594.5,-149.12,921.69,113.98,47.5,,,
649,-5593.5,-149.42,923.29,114.33,47.5,,,
650,-5592.6,-149.71,924.82,114.68,47.5,,,
651,-5591.7,-150.03,926.29,115.03,47.5,,,
652,-5590.8,-150.37,927.69,115.37,47.5,,,
653,-5589.9,-150.75,929.02,115.7,47.5,,,
654,-5589,-151.17,930.26,116.02,48,,,
655,-5588.2,-151.62,931.42,116.34,48,,,
656,-5587.3,-152.1,932.49,116.64,48,,,
657,-5586.5,-152.59,933.46,116.94,48,,,
658,-5585.7,-153.1,934.33,117.23,48,,,
659,-5584.9,-153.61,935.1,117.51,48,,,
660,-5584.1,-154.11,935.79,117.78,48,,,
661,-5583.3,-154.6,936.4,118.05,48,,,
662,-5582.6,-155.07,936.94,118.3,48,,,
663,-5581.8,-155.51,937.41,118.55,48,,,
664,-5581,-155.89,937.82,118.8,48,,,
665,-5580.2,-156.21,938.18,119.03,48,,,
666,-5579.5,-156.45,938.5,119.26,48,,,
667,-5578.7,-156.62,938.78,119.48,48,,,
668,-5578,-156.72,939.03,119.7,48,,,
669,-5577.2,-156.74,939.26,119.91,48,,,
670,-5576.5,-156.69,939.47,120.11,48,,,
671,-5575.7,-156.58,939.67,120.3,48,,,
672,-5575,-156.43,939.86,120.49,48.5,,,
673,-5574.2,-156.24,940.06,120.67,48.5,,,
674,-5573.5,-156.02,940.25,120.84,48.5,,,
675,-5572.7,-155.78,940.45,121.01,48.5,,,
676,-5572,-155.53,940.64,121.17,48.5,,,
677,-5571.2,-155.29,940.85,121.32,48.5,,,
678,-5570.5,-155.06,941.05,121.46,48.5,,,
679,-5569.7,-154.84,941.26,121.6,48.5,,,
680,-5569.1,-153.78,941.4,121.76,48.5,,,
681,-5568.1,-153.56,941.6,121.91,48.5,,,
682,-5567,-153.52,941.82,122.06,48.5,,,
683,-5565.9,-153.56,942.04,122.21,48.5,,,
684,-5564.8,-153.65,942.27,122.35,48.5,,,
685,-5563.7,-153.77,942.51,122.5,48.5,,,
686,-5562.5,-153.91,942.76,122.65,48.5,,,
687,-5561.3,-154.07,943.03,122.8,48.5,,,
688,-5560,-154.24,943.31,122.95,48.5,,,
689,-5558.6,-154.42,943.61,123.11,49,,,
690,-5557.3,-154.6,943.94,123.27,49,,,
691,-5555.8,-154.76,944.29,123.43,49,,,
692,-5554.3,-154.92,944.66,123.6,49,,,
693,-5552.7,-155.04,945.06,123.78,49,,,
694,-5551,-155.14,945.49,123.96,49,,,
695,-5549.2,-155.2,945.95,124.15,49,,,
696,-5547.4,-155.21,946.45,124.35,49,,,
697,-5545.4,-155.16,946.97,124.55,49,,,
698,-5543.4,-155.06,947.53,124.76,49,,,
699,-5541.2,-154.9,948.12,124.98,49,,,
700,-5539,-154.67,948.76,125.2,49,,,
701,-5536.6,-154.38,949.42,125.43,49,,,
702,-5534.2,-154.03,950.13,125.66,49,,,
703,-5531.6,-153.62,950.88,125.9,49,,,
704,-5528.8,-153.16,951.67,126.14,49,,,
705,-5526,-152.65,952.5,126.38,49,,,
706,-5523,-152.1,953.38,126.62,49,,,
707,-5519.9,-151.52,954.29,126.86,49.5,,,
708,-5516.7,-150.9,955.25,127.09,49.5,,,
709,-5513.4,-150.27,956.25,127.32,49.5,,,
710,-5509.9,-149.61,957.29,127.55,49.5,,,
711,-5506.2,-148.95,958.37,127.77,49.5,,,
712,-5502.5,-148.28,959.48,127.98,49.5,,,
713,-5498.6,-147.62,960.61,128.19,49.5,,,
714,-5494.6,-146.96,961.78,128.39,49.5,,,
715,-5490.5,-146.31,962.96,128.59,49.5,,,
716,-5486.1,-146.49,965.03,128.79,49.5,,,
717,-5481.4,-147.01,966.97,129,49.5,,,
718,-5476.6,-147.45,968.8,129.21,49.5,,,
719,-5471.7,-147.87,970.56,129.42,49.5,,,
720,-5466.7,-148.29,972.24,129.63,49.5,,,
721,-5461.5,-148.74,973.85,129.84,49.5,,,
722,-5456.2,-149.23,975.39,130.05,49.5,,,
723,-5450.7,-149.75,976.84,130.26,49.5,,,
724,-5445.1,-150.32,978.21,130.47,50,,,
725,-5439.3,-150.91,979.49,130.68,50,,,
726,-5433.2,-151.52,980.67,130.89,50,,,
727,-5427,-152.14,981.75,131.1,50,,,
728,-5420.6,-152.74,982.72,131.31,50,,,
729,-5413.9,-153.32,983.59,131.52,50,,,
730,-5407,-153.86,984.35,131.73,50,,,
731,-5400,-154.37,985.02,131.93,50,,,
732,-5392.8,-154.83,985.61,132.13,50,,,
733,-5385.6,-155.22,986.13,132.33,50,,,
734,-5378.3,-155.55,986.58,132.53,50,,,
735,-5371.1,-155.78,986.97,132.73,50,,,
736,-5364,-155.93,987.31,132.92,50,,,
737,-5357,-155.97,987.6,133.11,50,,,
738,-5350.1,-155.92,987.87,133.3,50,,,
739,-5343.4,-155.78,988.11,133.48,50,,,
740,-5337,-155.57,988.33,133.65,50,,,
741,-5330.8,-155.3,988.54,133.82,50,,,
742,-5324.9,-154.97,988.74,133.98,50.5,,,
743,-5319.3,-154.6,988.94,134.13,50.5,,,
744,-5314,-154.2,989.13,134.28,50.5,,,
745,-5309,-153.77,989.33,134.41,50.5,,,
746,-5304.2,-153.32,989.54,134.54,50.5,,,
747,-5299.7,-152.86,989.74,134.66,50.5,,,
748,-5295.4,-152.38,989.96,134.78,50.5,,,
749,-5291.3,-151.9,990.17,134.88,50.5,,,
750,-5287.7,-150.59,990.36,134.99,50.5,,,
751,-5284.2,-150.11,990.53,135.11,50.5,,,
752,-5280.7,-149.75,990.76,135.21,50.5,,,
753,-5277.4,-149.46,990.99,135.31,50.5,,,
754,-5274.2,-149.18,991.22,135.4,50.5,,,
755,-5271.1,-148.9,991.47,135.48,50.5,,,
756,-5268.1,-148.61,991.73,135.56,50.5,,,
757,-5265.3,-148.32,992,135.63,50.5,,,
758,-5262.6,-148.03,992.3,135.69,50.5,,,
759,-5260,-147.75,992.61,135.74,51,,,
760,-5257.5,-147.46,992.95,135.78,51,,,
761,-5255.1,-147.19,993.31,135.82,51,,,
762,-5252.8,-146.92,993.7,135.84,51,,,
763,-5250.6,-146.67,994.12,135.86,51,,,
764,-5248.5,-146.43,994.57,135.86,51,,,
765,-5246.4,-146.19,995.06,135.86,51,,,
766,-5244.5,-145.97,995.57,135.84,51,,,
767,-5242.6,-145.76,996.13,135.82,51,,,
768,-5240.8,-145.55,996.72,135.78,51,,,
769,-5239,-145.35,997.35,135.74,51,,,
770,-5237.4,-145.15,998.02,135.68,51,,,
771,-5235.7,-144.95,998.73,135.62,51,,,
772,-5234.2,-144.74,999.49,135.54,51,,,
773,-5232.7,-144.53,1000.3,135.46,51,,,
774,-5231.3,-144.31,1001.1,135.37,51,,,
775,-5229.9,-144.07,1002,135.27,51,,,
776,-5228.5,-143.82,1003,135.16,51.5,,,
777,-5227.2,-143.55,1004,135.05,51.5,,,
778,-5226,-143.25,1005,134.94,51.5,,,
779,-5224.8,-142.93,1006.1,134.82,51.5,,,
780,-5223.6,-142.59,1007.2,134.69,51.5,,,
781,-5222.5,-142.21,1008.4,134.56,51.5,,,
782,-5221.4,-141.81,1009.5,134.43,51.5,,,
783,-5220.3,-141.38,1010.8,134.3,51.5,,,
784,-5219.3,-140.92,1012,134.17,51.5,,,
785,-5218.2,-141.24,1014.2,134.05,51.5,,,
786,-5217,-141.9,1016.3,133.93,51.5,,,
787,-5215.8,-142.44,1018.2,133.82,51.5,,,
788,-5214.7,-142.94,1020,133.72,51.5,,,
789,-5213.6,-143.41,1021.8,133.62,51.5,,,
790,-5212.6,-143.88,1023.5,133.53,51.5,,,
791,-5211.5,-144.36,1025.1,133.44,51.5,,,
792,-5210.5,-144.87,1026.6,133.35,51.5,,,
793,-5209.5,-145.39,1028.1,133.27,52,,,
794,-5208.5,-145.93,1029.4,133.19,52,,,
795,-5207.5,-146.45,1030.6,133.12,52,,,
796,-5206.5,-146.95,1031.6,133.05,52,,,
797,-5205.6,-147.42,1032.6,132.98,52,,,
798,-5204.7,-147.83,1033.4,132.92,52,,,
799,-5203.7,-148.2,1034.1,132.86,52,,,
800,-5202.8,-148.5,1034.8,132.8,52,,,
801,-5201.9,-148.73,1035.3,132.75,52,,,
802,-5201.1,-148.88,1035.8,132.69,52,,,
803,-5200.2,-148.92,1036.2,132.64,52,,,
804,-5199.3,-148.86,1036.5,132.59,52,,,
805,-5198.5,-148.68,1036.9,132.55,52,,,
806,-5197.7,-148.4,1037.1,132.5,52,,,
807,-5196.9,-148.03,1037.4,132.45,52,,,
808,-5196.1,-147.58,1037.6,132.41,52,,,
809,-5195.3,-147.07,1037.8,132.36,52.5,,,
810,-5194.5,-146.5,1038,132.31,52.5,,,
811,-5193.7,-145.9,1038.2,132.26,52.5,,,
812,-5193,-145.28,1038.4,132.22,52.5,,,
813,-5192.2,-144.63,1038.7,132.17,52.5,,,
814,-5191.4,-143.98,1038.9,132.11,52.5,,,
815,-5190.7,-143.32,1039.1,132.06,52.5,,,
816,-5190,-142.66,1039.3,132.01,52.5,,,
817,-5189.2,-141.99,1039.6,131.95,52.5,,,
818,-5188.5,-140.81,1039.7,131.94,52.5,,,
819,-5187.6,-140.21,1039.9,131.91,52.5,,,
820,-5186.7,-139.79,1040.2,131.88,52.5,,,
821,-5185.7,-139.43,1040.4,131.85,52.5,,,
822,-5184.7,-139.08,1040.7,131.82,52.5,,,
823,-5183.6,-138.74,1040.9,131.79,52.5,,,
824,-5182.6,-138.41,1041.2,131.76,52.5,,,
825,-5181.6,-138.09,1041.5,131.73,52.5,,,
826,-5180.6,-137.78,1041.9,131.7,53,,,
827,-5179.6,-137.48,1042.2,131.67,53,,,
828,-5178.5,-137.2,1042.6,131.63,53,,,
829,-5177.5,-136.93,1043,131.6,53,,,
830,-5176.5,-136.67,1043.5,131.57,53,,,
831,-5175.4,-136.42,1043.9,131.54,53,,,
832,-5174.4,-136.19,1044.5,131.5,53,,,
833,-5173.4,-135.96,1045,131.47,53,,,
834,-5172.3,-135.73,1045.6,131.43,53,,,
835,-5171.3,-135.51,1046.3,131.39,53,,,
836,-5170.3,-135.28,1047,131.35,53,,,
837,-5169.3,-135.05,1047.7,131.3,53,,,
838,-5168.3,-134.81,1048.5,131.25,53,,,
839,-5167.3,-134.56,1049.3,131.2,53,,,
840,-5166.3,-134.3,1050.2,131.15,53,,,
841,-5165.3,-134.03,1051.2,131.09,53,,,
842,-5164.3,-133.74,1052.2,131.04,53.5,,,
843,-5163.4,-133.42,1053.2,130.97,53.5,,,
844,-5162.4,-133.08,1054.3,130.91,53.5,,,
845,-5161.5,-132.72,1055.5,130.84,53.5,,,
846,-5160.6,-132.33,1056.7,130.76,53.5,,,
847,-5159.6,-131.9,1057.9,130.69,53.5,,,
848,-5158.7,-131.45,1059.2,130.61,53.5,,,
849,-5157.8,-130.97,1060.5,130.53,53.5,,,
850,-5157,-130.34,1062.2,130.45,53.5,,,
851,-5155.8,-131.38,1064.5,130.38,53.5,,,
852,-5154.6,-132.14,1066.6,130.31,53.5,,,
853,-5153.4,-132.8,1068.6,130.25,53.5,,,
854,-5152.2,-133.41,1070.5,130.19,53.5,,,
855,-5151,-134.02,1072.3,130.13,53.5,,,
856,-5149.8,-134.64,1074,130.08,53.5,,,
857,-5148.6,-135.29,1075.6,130.02,53.5,,,
858,-5147.4,-135.99,1077.1,129.97,54,,,
859,-5146.2,-136.7,1078.5,129.91,54,,,
860,-5144.9,-137.43,1079.7,129.86,54,,,
861,-5143.7,-138.15,1080.8,129.81,54,,,
862,-5142.5,-138.86,1081.8,129.76,54,,,
863,-5141.2,-139.53,1082.6,129.7,54,,,
864,-5140,-140.18,1083.3,129.66,54,,,
865,-5138.7,-140.77,1083.9,129.61,54,,,
866,-5137.5,-141.31,1084.4,129.56,54,,,
867,-5136.2,-141.76,1084.9,129.51,54,,,
868,-5135,-142.11,1085.2,129.47,54,,,
869,-5133.7,-142.36,1085.5,129.42,54,,,
870,-5132.5,-142.49,1085.8,129.38,54,,,
871,-5131.3,-142.53,1086.1,129.34,54,,,
872,-5130.1,-142.48,1086.3,129.3,54,,,
873,-5128.8,-142.35,1086.5,129.27,54.5,,,
874,-5127.6,-142.17,1086.7,129.23,54.5,,,
875,-5126.4,-141.94,1086.9,129.2,54.5,,,
876,-5125.2,-141.67,1087.1,129.16,54.5,,,
877,-5124,-141.38,1087.3,129.13,54.5,,,
878,-5122.9,-141.06,1087.5,129.1,54.5,,,
879,-5121.7,-140.73,1087.7,129.07,54.5,,,
880,-5120.5,-140.37,1088,129.04,54.5,,,
881,-5119.3,-140.01,1088.2,129.02,54.5,,,
882,-5118.3,-138.95,1088.3,129.03,54.5,,,
883,-5116.9,-138.68,1088.6,129.04,54.5,,,
884,-5115.4,-138.55,1088.8,129.04,54.5,,,
885,-5114,-138.46,1089,129.04,54.5,,,
886,-5112.5,-138.37,1089.3,129.04,54.5,,,
887,-5111,-138.28,1089.6,129.05,54.5,,,
888,-5109.5,-138.18,1089.9,129.05,54.5,,,
889,-5108,-138.09,1090.2,129.06,55,,,
890,-5106.5,-138,1090.5,129.07,55,,,
891,-5104.9,-137.91,1090.9,129.08,55,,,
892,-5103.4,-137.82,1091.3,129.09,55,,,
893,-5101.9,-137.73,1091.8,129.1,55,,,
894,-5100.4,-137.65,1092.2,129.12,55,,,
895,-5098.9,-137.55,1092.8,129.13,55,,,
896,-5097.3,-137.45,1093.3,129.15,55,,,
897,-5095.8,-137.33,1093.9,129.16,55,,,
898,-5094.3,-137.2,1094.6,129.18,55,,,
899,-5092.8,-137.04,1095.3,129.19,55,,,
900,-5091.2,-136.85,1096.1,129.21,55,,,
901,-5089.7,-136.64,1096.9,129.23,55,,,
902,-5088.2,-136.38,1097.7,129.25,55,,,
903,-5086.7,-136.09,1098.7,129.27,55,,,
904,-5085.1,-135.77,1099.6,129.29,55,,,
905,-5083.6,-135.39,1100.7,129.32,55.5,,,
906,-5082.1,-134.98,1101.8,129.34,55.5,,,
907,-5080.6,-134.52,1103,129.36,55.5,,,
908,-5079.1,-134.01,1104.2,129.38,55.5,,,
909,-5077.6,-133.45,1105.5,129.4,55.5,,,
910,-5076.2,-132.85,1106.8,129.41,55.5,,,
911,-5074.7,-132.2,1108.2,129.43,55.5,,,
912,-5073.2,-131.52,1109.5,129.44,55.5,,,
913,-5071.8,-131.24,1111.5,129.46,55.5,,,
914,-5070,-132.14,1113.9,129.49,55.5,,,
915,-5068.2,-132.78,1116.1,129.51,55.5,,,
916,-5066.4,-133.33,1118.2,129.54,55.5,,,
917,-5064.7,-133.83,1120.2,129.57,55.5,,,
918,-5062.9,-134.34,1122.1,129.59,55.5,,,
919,-5061.1,-134.87,1123.8,129.61,55.5,,,
920,-5059.3,-135.45,1125.4,129.62,56,,,
921,-5057.5,-136.07,1126.9,129.63,56,,,
922,-5055.7,-136.72,1128.2,129.63,56,,,
923,-5053.9,-137.38,1129.4,129.63,56,,,
924,-5052.1,-138.04,1130.4,129.62,56,,,
925,-5050.3,-138.71,1131.3,129.6,56,,,
926,-5048.5,-139.37,1132,129.57,56,,,
927,-5046.6,-140.01,1132.6,129.53,56,,,
928,-5044.8,-140.62,1133.2,129.49,56,,,
929,-5043,-141.18,1133.6,129.44,56,,,
930,-5041.1,-141.66,1134,129.38,56,,,
931,-5039.3,-142.06,1134.3,129.32,56,,,
932,-5037.4,-142.37,1134.5,129.25,56,,,
933,-5035.6,-142.62,1134.7,129.18,56,,,
934,-5033.7,-142.8,1135,129.1,56,,,
935,-5031.9,-142.95,1135.1,129.01,56.5,,,
936,-5030,-143.07,1135.3,128.93,56.5,,,
937,-5028.2,-143.18,1135.5,128.84,56.5,,,
938,-5026.4,-143.28,1135.7,128.74,56.5,,,
939,-5024.6,-143.39,1135.9,128.65,56.5,,,
940,-5022.8,-143.49,1136.1,128.56,56.5,,,
941,-5021,-143.6,1136.4,128.46,56.5,,,
942,-5019.2,-143.72,1136.6,128.36,56.5,,,
943,-5017.7,-142.96,1136.8,128.29,56.5,,,
944,-5015.7,-143.08,1137,128.23,56.5,,,
945,-5013.7,-143.4,1137.2,128.16,56.5,,,
946,-5011.6,-143.78,1137.4,128.09,56.5,,,
947,-5009.4,-144.18,1137.7,128.02,56.5,,,
948,-5007.3,-144.59,1138,127.96,56.5,,,
949,-5005.2,-145,1138.3,127.89,56.5,,,
950,-5003.1,-145.42,1138.6,127.83,57,,,
951,-5001,-145.85,1138.9,127.78,57,,,
952,-4998.9,-146.29,1139.3,127.73,57,,,
953,-4996.8,-146.73,1139.7,127.68,57,,,
954,-4994.7,-147.17,1140.2,127.63,57,,,
955,-4992.6,-147.6,1140.7,127.59,57,,,
956,-4990.5,-148.02,1141.3,127.55,57,,,
957,-4988.5,-148.4,1141.9,127.52,57,,,
958,-4986.5,-148.75,1142.5,127.49,57,,,
959,-4984.4,-149.06,1143.2,127.47,57,,,
960,-4982.5,-149.31,1144,127.45,57,,,
961,-4980.5,-149.49,1144.8,127.43,57,,,
962,-4978.5,-149.62,1145.7,127.42,57,,,
963,-4976.6,-149.66,1146.6,127.42,57,,,
964,-4974.6,-149.63,1147.7,127.42,57,,,
965,-4972.7,-149.52,1148.7,127.42,57.5,,,
966,-4970.8,-149.31,1149.9,127.43,57.5,,,
967,-4968.9,-149.02,1151.1,127.45,57.5,,,
968,-4967,-148.62,1152.4,127.47,57.5,,,
969,-4965,-148.13,1153.8,127.49,57.5,,,
970,-4963.1,-147.55,1155.2,127.52,57.5,,,
971,-4961.2,-146.87,1156.6,127.55,57.5,,,
972,-4959.3,-146.1,1158.1,127.59,57.5,,,
973,-4957.5,-145.4,1160,127.63,57.5,,,
974,-4955.1,-146.48,1162.6,127.69,57.5,,,
975,-4952.8,-147.16,1165,127.76,57.5,,,
976,-4950.5,-147.67,1167.3,127.84,57.5,,,
977,-4948.1,-148.07,1169.4,127.93,57.5,,,
978,-4945.8,-148.41,1171.4,128.01,57.5,,,
979,-4943.4,-148.74,1173.3,128.1,57.5,,,
980,-4941,-149.07,1175,128.19,58,,,
981,-4938.6,-149.4,1176.5,128.27,58,,,
982,-4936.2,-149.72,1177.8,128.35,58,,,
983,-4933.7,-150.03,1179,128.43,58,,,
984,-4931.3,-150.32,1180,128.49,58,,,
985,-4928.9,-150.59,1180.8,128.55,58,,,
986,-4926.4,-150.85,1181.5,128.6,58,,,
987,-4924,-151.07,1182.1,128.64,58,,,
988,-4921.6,-151.24,1182.6,128.67,58,,,
989,-4919.1,-151.34,1183,128.68,58,,,
990,-4916.7,-151.36,1183.3,128.69,58,,,
991,-4914.3,-151.3,1183.5,128.68,58,,,
992,-4911.9,-151.19,1183.8,128.66,58,,,
993,-4909.6,-151.03,1184,128.62,58,,,
994,-4907.2,-150.85,1184.2,128.58,58.5,,,
995,-4904.8,-150.67,1184.4,128.52,58.5,,,
996,-4902.4,-150.5,1184.6,128.45,58.5,,,
997,-4900.1,-150.37,1184.7,128.36,58.5,,,
998,-4897.7,-150.27,1184.9,128.27,58.5,,,
999,-4895.3,-150.21,1185.2,128.17,58.5,,,
1000,-4893,-150.19,1185.4,128.05,58.5,,,
1001,-4890.6,-150.21,1185.6,127.93,58.5,,,
1002,-4888.5,-149.19,1185.7,127.84,58.5,,,
1003,-4885.8,-149.34,1185.9,127.73,58.5,,,
1004,-4883.1,-149.73,1186.1,127.61,58.5,,,
1005,-4880.3,-150.2,1186.3,127.47,58.5,,,
1006,-4877.4,-150.74,1186.5,127.34,58.5,,,
1007,-4874.6,-151.32,1186.8,127.19,58.5,,,
1008,-4871.7,-151.96,1187.1,127.04,59,,,
1009,-4868.8,-152.65,1187.4,126.88,59,,,
1010,-4866,-153.39,1187.7,126.72,59,,,
1011,-4863.1,-154.17,1188.1,126.56,59,,,
1012,-4860.3,-154.98,1188.6,126.39,59,,,
1013,-4857.4,-155.81,1189,126.22,59,,,
1014,-4854.6,-156.65,1189.6,126.05,59,,,
1015,-4851.8,-157.49,1190.2,125.88,59,,,
1016,-4849.1,-158.31,1190.8,125.71,59,,,
1017,-4846.4,-159.11,1191.5,125.55,59,,,
1018,-4843.7,-159.86,1192.3,125.38,59,,,
1019,-4841.1,-160.57,1193.2,125.23,59,,,
1020,-4838.5,-161.22,1194.1,125.07,59,,,
1021,-4835.9,-161.8,1195.1,124.93,59,,,
1022,-4833.4,-162.3,1196.2,124.79,59.5,,,
1023,-4831,-162.71,1197.3,124.65,59.5,,,
1024,-4828.6,-163.04,1198.6,124.52,59.5,,,
1025,-4826.2,-163.26,1199.9,124.4,59.5,,,
1026,-4823.9,-163.39,1201.3,124.29,59.5,,,
1027,-4821.6,-163.41,1202.7,124.19,59.5,,,
1028,-4819.3,-163.33,1204.2,124.09,59.5,,,
1029,-4817.1,-163.17,1205.8,124,59.5,,,
1030,-4815,-162.92,1207.4,123.92,59.5,,,
1031,-4812.5,-164.11,1210.2,123.86,59.5,,,
1032,-4809.9,-165.58,1212.8,123.81,59.5,,,
1033,-4807.3,-166.86,1215.3,123.77,59.5,,,
1034,-4804.7,-168.02,1217.6,123.74,59.5,,,
1035,-4802.1,-169.1,1219.8,123.72,59.5,,,
1036,-4799.6,-170.15,1221.7,123.7,60,,,
1037,-4797.1,-171.16,1223.5,123.69,60,,,
1038,-4794.6,-172.15,1225.1,123.68,60,,,
1039,-4792,-173.09,1226.5,123.68,60,,,
1040,-4789.5,-173.98,1227.7,123.67,60,,,
1041,-4787.1,-174.82,1228.6,123.66,60,,,
1042,-4784.6,-175.6,1229.4,123.65,60,,,
1043,-4782.1,-176.31,1230.1,123.64,60,,,
1044,-4779.6,-176.94,1230.6,123.63,60,,,
1045,-4777.2,-177.44,1231.1,123.61,60,,,
1046,-4774.7,-177.8,1231.4,123.58,60,,,
1047,-4772.2,-178.01,1231.7,123.55,60,,,
1048,-4769.7,-178.08,1231.9,123.52,60,,,
1049,-4767.2,-178.04,1232.2,123.48,60,,,
1050,-4764.8,-177.92,1232.4,123.43,60.5,,,
1051,-4762.3,-177.73,1232.6,123.38,60.5,,,
1052,-4759.7,-177.51,1232.8,123.32,60.5,,,
1053,-4757.2,-177.25,1233,123.25,60.5,,,
1054,-4754.7,-176.99,1233.2,123.18,60.5,,,
1055,-4752.1,-176.71,1233.4,123.11,60.5,,,
1056,-4749.6,-176.42,1233.6,123.03,60.5,,,
1057,-4747,-176.13,1233.8,122.94,60.5,,,
1058,-4744.8,-174.73,1234,122.89,60.5,,,
1059,-4741.9,-174.77,1234.2,122.83,60.5,,,
1060,-4739,-175.1,1234.4,122.75,60.5,,,
1061,-4736.1,-175.45,1234.7,122.67,60.5,,,
1062,-4733.1,-175.78,1234.9,122.58,60.5,,,
1063,-4730.1,-176.08,1235.2,122.49,60.5,,,
1064,-4727.1,-176.38,1235.5,122.4,61,,,
1065,-4724.1,-176.7,1235.9,122.3,61,,,
1066,-4721.1,-177.03,1236.2,122.2,61,,,
1067,-4718.1,-177.39,1236.7,122.1,61,,,
1068,-4715.2,-177.77,1237.2,121.99,61,,,
1069,-4712.2,-178.17,1237.7,121.88,61,,,
1070,-4709.3,-178.58,1238.3,121.77,61,,,
1071,-4706.5,-179,1238.9,121.65,61,,,
1072,-4703.6,-179.42,1239.7,121.54,61,,,
1073,-4700.8,-179.82,1240.5,121.42,61,,,
1074,-4698.1,-180.2,1241.3,121.31,61,,,
1075,-4695.3,-180.55,1242.3,121.2,61,,,
1076,-4692.6,-180.86,1243.3,121.09,61,,,
1077,-4689.9,-181.12,1244.4,120.98,61.5,,,
1078,-4687.2,-181.32,1245.6,120.87,61.5,,,
1079,-4684.6,-181.47,1246.9,120.77,61.5,,,
1080,-4681.9,-181.53,1248.3,120.67,61.5,,,
1081,-4679.3,-181.52,1249.8,120.57,61.5,,,
1082,-4676.7,-181.42,1251.3,120.48,61.5,,,
1083,-4674.1,-181.25,1252.9,120.39,61.5,,,
1084,-4671.5,-180.99,1254.6,120.3,61.5,,,
1085,-4669,-180.85,1256.7,120.22,61.5,,,
1086,-4666,-182.77,1259.6,120.15,61.5,,,
1087,-4663,-184.5,1262.2,120.09,61.5,,,
1088,-4660,-186.03,1264.8,120.04,61.5,,,
1089,-4657,-187.42,1267.1,119.99,61.5,,,
1090,-4654,-188.72,1269.2,119.94,61.5,,,
1091,-4651.1,-189.97,1271.2,119.89,62,,,
1092,-4648.1,-191.18,1272.9,119.85,62,,,
1093,-4645.1,-192.32,1274.3,119.8,62,,,
1094,-4642.1,-193.4,1275.5,119.75,62,,,
1095,-4639.2,-194.43,1276.5,119.69,62,,,
1096,-4636.3,-195.4,1277.4,119.63,62,,,
1097,-4633.4,-196.32,1278,119.57,62,,,
1098,-4630.5,-197.14,1278.5,119.5,62,,,
1099,-4627.7,-197.84,1278.9,119.42,62,,,
1100,-4624.9,-198.38,1279.2,119.34,62,,,
1101,-4622.1,-198.78,1279.5,119.25,62,,,
1102,-4619.4,-199.06,1279.7,119.15,62,,,
1103,-4616.7,-199.23,1279.9,119.05,62.5,,,
1104,-4614.1,-199.32,1280,118.94,62.5,,,
1105,-4611.5,-199.37,1280.2,118.83,62.5,,,
1106,-4609,-199.39,1280.4,118.71,62.5,,,
1107,-4606.5,-199.4,1280.6,118.59,62.5,,,
1108,-4604,-199.41,1280.8,118.46,62.5,,,
1109,-4601.6,-199.42,1281,118.33,62.5,,,
1110,-4599.2,-199.43,1281.2,118.19,62.5,,,
1111,-4596.9,-199.44,1281.4,118.05,62.5,,,
1112,-4594.7,-198.9,1281.5,117.94,62.5,,,
1113,-4592.2,-199.4,1281.7,117.82,62.5,,,
1114,-4589.6,-200.13,1282,117.68,62.5,,,
1115,-4587,-200.89,1282.2,117.54,62.5,,,
1116,-4584.4,-201.62,1282.5,117.39,62.5,,,
1117,-4581.8,-202.35,1282.8,117.24,63,,,
1118,-4579.2,-203.07,1283.2,117.1,63,,,
1119,-4576.6,-203.8,1283.5,116.94,63,,,
1120,-4574.1,-204.53,1284,116.79,63,,,
1121,-4571.6,-205.26,1284.5,116.64,63,,,
1122,-4569.2,-205.98,1285,116.49,63,,,
1123,-4566.7,-206.69,1285.6,116.34,63,,,
1124,-4564.3,-207.38,1286.3,116.19,63,,,
1125,-4562,-208.02,1287.1,116.05,63,,,
1126,-4559.6,-208.61,1287.9,115.91,63,,,
1127,-4557.4,-209.14,1288.8,115.77,63,,,
1128,-4555.1,-209.59,1289.9,115.64,63,,,
1129,-4552.9,-209.95,1291,115.51,63.5,,,
1130,-4550.7,-210.22,1292.2,115.4,63.5,,,
1131,-4548.6,-210.37,1293.5,115.28,63.5,,,
1132,-4546.4,-210.4,1294.9,115.18,63.5,,,
1133,-4544.3,-210.3,1296.4,115.08,63.5,,,
1134,-4542.3,-210.07,1298,114.99,63.5,,,
1135,-4540.2,-209.71,1299.7,114.9,63.5,,,
1136,-4538.2,-209.22,1301.4,114.83,63.5,,,
1137,-4536.1,-208.61,1303.2,114.76,63.5,,,
1138,-4534,-209.92,1306.4,114.7,63.5,,,
1139,-4531.7,-211.57,1309.3,114.65,63.5,,,
1140,-4529.4,-212.95,1312,114.62,63.5,,,
1141,-4527,-214.1,1314.5,114.59,63.5,,,
1142,-4524.7,-215.11,1316.8,114.57,64,,,
1143,-4522.4,-216.02,1318.9,114.55,64,,,
1144,-4520,-216.83,1320.7,114.54,64,,,
1145,-4517.7,-217.54,1322.2,114.53,64,,,
1146,-4515.3,-218.17,1323.5,114.51,64,,,
1147,-4513,-218.74,1324.5,114.5,64,,,
1148,-4510.6,-219.24,1325.3,114.48,64,,,
1149,-4508.3,-219.67,1325.9,114.46,64,,,
1150,-4505.9,-219.99,1326.4,114.43,64,,,
1151,-4503.6,-220.16,1326.8,114.4,64,,,
1152,-4501.3,-220.18,1327.1,114.36,64,,,
1153,-4499,-220.05,1327.4,114.32,64,,,
1154,-4496.7,-219.81,1327.6,114.27,64,,,
1155,-4494.4,-219.49,1327.8,114.21,64.5,,,
1156,-4492.2,-219.13,1327.9,114.15,64.5,,,
1157,-4490,-218.76,1328.1,114.08,64.5,,,
1158,-4487.8,-218.39,1328.3,114,64.5,,,
1159,-4485.6,-218.05,1328.5,113.92,64.5,,,
1160,-4483.5,-217.73,1328.7,113.83,64.5,,,
1161,-4481.4,-217.43,1328.9,113.74,64.5,,,
1162,-4479.3,-217.16,1329.2,113.64,64.5,,,
1163,-4477.6,-216.05,1329.3,113.57,64.5,,,
1164,-4475.5,-216.47,1329.5,113.48,64.5,,,
1165,-4473.2,-217.15,1329.8,113.38,64.5,,,
1166,-4470.9,-217.84,1330.1,113.28,64.5,,,
1167,-4468.6,-218.54,1330.3,113.17,64.5,,,
1168,-4466.3,-219.24,1330.7,113.05,65,,,
1169,-4464,-219.96,1331,112.93,65,,,
1170,-4461.6,-220.71,1331.4,112.81,65,,,
1171,-4459.3,-221.48,1331.9,112.69,65,,,
1172,-4457,-222.28,1332.4,112.57,65,,,
1173,-4454.6,-223.09,1333,112.44,65,,,
1174,-4452.3,-223.9,1333.7,112.32,65,,,
1175,-4450,-224.7,1334.4,112.2,65,,,
1176,-4447.7,-225.48,1335.2,112.07,65,,,
1177,-4445.4,-226.2,1336.1,111.96,65,,,
1178,-4443.1,-226.87,1337.1,111.84,65,,,
1179,-4440.9,-227.47,1338.3,111.73,65,,,
1180,-4438.6,-227.98,1339.5,111.63,65.5,,,
1181,-4436.4,-228.38,1340.8,111.53,65.5,,,
1182,-4434.2,-228.68,1342.2,111.44,65.5,,,
1183,-4432.1,-228.84,1343.8,111.36,65.5,,,
1184,-4430,-228.86,1345.4,111.28,65.5,,,
1185,-4427.9,-228.75,1347.2,111.21,65.5,,,
1186,-4425.8,-228.5,1349,111.14,65.5,,,
1187,-4423.8,-228.13,1350.8,111.09,65.5,,,
1188,-4421.8,-229.12,1353.8,111.03,65.5,,,
1189,-4419.6,-231.28,1356.9,111,65.5,,,
1190,-4417.4,-233.16,1359.8,110.97,65.5,,,
1191,-4415.3,-234.79,1362.5,110.95,65.5,,,
1192,-4413.2,-236.27,1365,110.94,66,,,
1193,-4411.1,-237.66,1367.1,110.94,66,,,
1194,-4409.1,-238.96,1369,110.93,66,,,
1195,-4407,-240.19,1370.6,110.93,66,,,
1196,-4405,-241.35,1371.8,110.92,66,,,
1197,-4403,-242.47,1372.8,110.92,66,,,
1198,-4401,-243.55,1373.6,110.9,66,,,
1199,-4399.1,-244.54,1374.2,110.89,66,,,
1200,-4397.2,-245.38,1374.6,110.86,66,,,
1201,-4395.3,-246.02,1375,110.83,66,,,
1202,-4393.5,-246.46,1375.3,110.79,66,,,
1203,-4391.6,-246.69,1375.5,110.75,66,,,
1204,-4389.9,-246.77,1375.7,110.7,66.5,,,
1205,-4388.1,-246.72,1375.9,110.64,66.5,,,
1206,-4386.4,-246.58,1376.1,110.57,66.5,,,
1207,-4384.6,-246.38,1376.3,110.49,66.5,,,
1208,-4383,-246.14,1376.5,110.41,66.5,,,
1209,-4381.3,-245.87,1376.7,110.32,66.5,,,
1210,-4379.7,-245.59,1376.9,110.23,66.5,,,
1211,-4378.1,-245.3,1377.1,110.13,66.5,,,
1212,-4376.9,-244.18,1377,110.05,66.5,,,
1213,-4375.4,-244.72,1377.2,109.96,66.5,,,
1214,-4373.7,-245.38,1377.4,109.85,66.5,,,
1215,-4372.1,-245.97,1377.7,109.74,66.5,,,
1216,-4370.4,-246.5,1378,109.62,67,,,
1217,-4368.6,-247.02,1378.3,109.5,67,,,
1218,-4366.9,-247.55,1378.7,109.38,67,,,
1219,-4365.3,-248.11,1379.1,109.25,67,,,
1220,-4363.6,-248.69,1379.6,109.12,67,,,
1221,-4361.9,-249.3,1380.2,108.98,67,,,
1222,-4360.3,-249.93,1380.8,108.85,67,,,
1223,-4358.7,-250.56,1381.5,108.72,67,,,
1224,-4357.1,-251.19,1382.3,108.59,67,,,
1225,-4355.6,-251.78,1383.1,108.46,67,,,
1226,-4354.1,-252.32,1384.1,108.33,67,,,
1227,-4352.6,-252.79,1385.2,108.21,67,,,
1228,-4351.2,-253.19,1386.4,108.09,67.5,,,
1229,-4349.7,-253.48,1387.7,107.98,67.5,,,
1230,-4348.4,-253.66,1389.2,107.88,67.5,,,
1231,-4347,-253.7,1390.8,107.78,67.5,,,
1232,-4345.7,-253.6,1392.5,107.69,67.5,,,
1233,-4344.5,-253.34,1394.3,107.6,67.5,,,
1234,-4343.2,-252.94,1396.1,107.53,67.5,,,
1235,-4342,-252.4,1398.1,107.46,67.5,,,
1236,-4341,-252.27,1400.2,107.4,67.5,,,
1237,-4339.7,-254.53,1403.3,107.35,67.5,,,
1238,-4338.4,-256.37,1406.4,107.31,67.5,,,
1239,-4337.1,-257.87,1409.3,107.28,67.5,,,
1240,-4335.8,-259.16,1411.9,107.26,68,,,
1241,-4334.5,-260.3,1414.2,107.24,68,,,
1242,-4333.3,-261.33,1416.2,107.23,68,,,
1243,-4332,-262.26,1417.8,107.22,68,,,
1244,-4330.7,-263.12,1419.1,107.21,68,,,
1245,-4329.5,-263.95,1420.1,107.19,68,,,
1246,-4328.2,-264.75,1420.9,107.17,68,,,
1247,-4326.9,-265.49,1421.5,107.14,68,,,
1248,-4325.6,-266.1,1421.9,107.1,68,,,
1249,-4324.3,-266.55,1422.2,107.06,68,,,
1250,-4323,-266.85,1422.5,107.02,68,,,
1251,-4321.8,-267.02,1422.7,106.96,68,,,
1252,-4320.5,-267.1,1422.9,106.9,68.5,,,
1253,-4319.2,-267.13,1423.1,106.82,68.5,,,
1254,-4317.9,-267.13,1423.3,106.74,68.5,,,
1255,-4316.6,-267.13,1423.5,106.65,68.5,,,
1256,-4315.3,-267.14,1423.7,106.56,68.5,,,
1257,-4314.1,-267.15,1423.9,106.46,68.5,,,
1258,-4312.8,-267.17,1424.2,106.35,68.5,,,
1259,-4311.6,-267.17,1424.4,106.23,68.5,,,
1260,-4310.8,-266.92,1424.2,106.15,68.5,,,
1261,-4309.7,-267.88,1424.4,106.04,68.5,,,
1262,-4308.4,-268.94,1424.7,105.92,68.5,,,
1263,-4307.1,-269.88,1425,105.79,68.5,,,
1264,-4305.8,-270.7,1425.3,105.66,69,,,
1265,-4304.4,-271.42,1425.7,105.52,69,,,
1266,-4303.1,-272.07,1426.1,105.38,69,,,
1267,-4301.8,-272.67,1426.6,105.23,69,,,
1268,-4300.5,-273.24,1427.1,105.09,69,,,
1269,-4299.2,-273.79,1427.8,104.94,69,,,
1270,-4298,-274.3,1428.5,104.79,69,,,
1271,-4296.7,-274.78,1429.3,104.64,69,,,
1272,-4295.5,-275.2,1430.2,104.5,69,,,
1273,-4294.4,-275.54,1431.2,104.36,69,,,
1274,-4293.3,-275.8,1432.4,104.22,69,,,
1275,-4292.2,-275.95,1433.6,104.09,69.5,,,
1276,-4291.1,-275.98,1435,103.96,69.5,,,
1277,-4290.1,-275.87,1436.6,103.84,69.5,,,
1278,-4289.1,-275.6,1438.3,103.73,69.5,,,
1279,-4288.2,-275.16,1440.1,103.62,69.5,,,
1280,-4287.3,-274.55,1442,103.53,69.5,,,
1281,-4286.4,-273.77,1444,103.44,69.5,,,
1282,-4285.6,-272.85,1446.1,103.36,69.5,,,
1283,-4284.8,-273.73,1448.7,103.28,69.5,,,
1284,-4283.9,-275.33,1452.1,103.22,69.5,,,
1285,-4283,-276.5,1455.2,103.17,69.5,,,
1286,-4282.1,-277.36,1458.1,103.13,69.5,,,
1287,-4281.3,-278.05,1460.7,103.1,70,,,
1288,-4280.4,-278.62,1462.9,103.07,70,,,
1289,-4279.5,-279.08,1464.7,103.03,70,,,
1290,-4278.7,-279.46,1466.1,103,70,,,
1291,-4277.8,-279.8,1467.2,102.96,70,,,
1292,-4276.9,-280.13,1468.1,102.92,70,,,
1293,-4276,-280.41,1468.7,102.87,70,,,
1294,-4275.1,-280.57,1469.2,102.81,70,,,
1295,-4274.2,-280.57,1469.5,102.75,70,,,
1296,-4273.3,-280.4,1469.8,102.67,70,,,
1297,-4272.4,-280.1,1470,102.59,70,,,
1298,-4271.5,-279.72,1470.2,102.5,70.5,,,
1299,-4270.5,-279.32,1470.4,102.39,70.5,,,
1300,-4269.6,-278.92,1470.6,102.28,70.5,,,
1301,-4268.7,-278.56,1470.8,102.16,70.5,,,
1302,-4267.8,-278.26,1471,102.03,70.5,,,
1303,-4266.9,-278,1471.3,101.9,70.5,,,
1304,-4266,-277.8,1471.5,101.75,70.5,,,
1305,-4265.5,-276.44,1471.6,101.62,70.5,,,
1306,-4264.9,-276.56,1471.5,101.48,70.5,,,
1307,-4264.1,-277.2,1471.7,101.33,70.5,,,
1308,-4263.1,-277.97,1471.9,101.17,70.5,,,
1309,-4262.2,-278.84,1472.2,101,71,,,
1310,-4261.3,-279.82,1472.6,100.83,71,,,
1311,-4260.3,-280.92,1473,100.65,71,,,
1312,-4259.3,-282.13,1473.4,100.47,71,,,
1313,-4258.4,-283.43,1474,100.29,71,,,
1314,-4257.4,-284.81,1474.6,100.1,71,,,
1315,-4256.5,-286.23,1475.3,99.917,71,,,
1316,-4255.6,-287.64,1476,99.731,71,,,
1317,-4254.8,-288.99,1476.9,99.547,71,,,
1318,-4253.9,-290.26,1477.9,99.367,71,,,
1319,-4253.2,-291.4,1479.1,99.191,71,,,
1320,-4252.4,-292.39,1480.4,99.021,71.5,,,
1321,-4251.7,-293.18,1481.8,98.856,71.5,,,
1322,-4251,-293.76,1483.3,98.699,71.5,,,
1323,-4250.4,-294.08,1485.1,98.55,71.5,,,
1324,-4249.8,-294.15,1487,98.41,71.5,,,
1325,-4249.3,-293.95,1488.9,98.278,71.5,,,
1326,-4248.8,-293.49,1491,98.155,71.5,,,
1327,-4248.3,-292.8,1493.2,98.041,71.5,,,
1328,-4248,-293.64,1496.3,97.931,71.5,,,
1329,-4247.5,-295.42,1499.9,97.833,71.5,,,
1330,-4247.1,-296.58,1503.2,97.75,71.5,,,
1331,-4246.7,-297.3,1506.3,97.677,72,,,
1332,-4246.4,-297.74,1508.9,97.61,72,,,
1333,-4246,-298,1511.1,97.545,72,,,
1334,-4245.7,-298.12,1513,97.48,72,,,
1335,-4245.3,-298.15,1514.4,97.413,72,,,
1336,-4245,-298.17,1515.4,97.34,72,,,
1337,-4244.7,-298.16,1516.2,97.262,72,,,
1338,-4244.3,-298.09,1516.8,97.175,72,,,
1339,-4244,-297.87,1517.2,97.079,72,,,
1340,-4243.7,-297.47,1517.5,96.974,72,,,
1341,-4243.4,-296.91,1517.8,96.859,72,,,
1342,-4243.1,-296.25,1518,96.734,72.5,,,
1343,-4242.8,-295.53,1518.2,96.598,72.5,,,
1344,-4242.4,-294.82,1518.4,96.452,72.5,,,
1345,-4242.1,-294.15,1518.6,96.295,72.5,,,
1346,-4241.8,-293.54,1518.9,96.129,72.5,,,
1347,-4241.5,-293.01,1519.1,95.955,72.5,,,
1348,-4241.2,-292.55,1519.3,95.772,72.5,,,
1349,-4240.9,-292.15,1519.6,95.581,72.5,,,
1350,-4241.1,-290.79,1519.2,95.416,72.5,,,
1351,-4240.9,-290.73,1519.3,95.224,72.5,,,
1352,-4240.6,-290.98,1519.6,95.02,72.5,,,
1353,-4240.2,-291.4,1519.9,94.808,73,,,
1354,-4239.8,-291.94,1520.2,94.591,73,,,
1355,-4239.4,-292.59,1520.6,94.369,73,,,
1356,-4239,-293.35,1521.1,94.144,73,,,
1357,-4238.5,-294.19,1521.6,93.916,73,,,
1358,-4238.1,-295.1,1522.2,93.687,73,,,
1359,-4237.6,-296.06,1523,93.457,73,,,
1360,-4237.2,-297.02,1523.8,93.23,73,,,
1361,-4236.8,-297.95,1524.7,93.005,73,,,
1362,-4236.4,-298.82,1525.8,92.785,73,,,
1363,-4236.1,-299.61,1526.9,92.571,73,,,
1364,-4235.7,-300.29,1528.3,92.364,73.5,,,
1365,-4235.4,-300.81,1529.8,92.165,73.5,,,
1366,-4235.1,-301.16,1531.5,91.975,73.5,,,
1367,-4234.9,-301.29,1533.4,91.794,73.5,,,
1368,-4234.6,-301.21,1535.4,91.624,73.5,,,
1369,-4234.4,-300.91,1537.5,91.465,73.5,,,
1370,-4234.3,-300.41,1539.7,91.316,73.5,,,
1371,-4234.3,-299.53,1542.1,91.175,73.5,,,
1372,-4234.1,-301.4,1545.8,91.041,73.5,,,
1373,-4233.9,-302.93,1549.4,90.925,73.5,,,
1374,-4233.8,-304.05,1552.7,90.823,73.5,,,
1375,-4233.7,-304.91,1555.6,90.73,74,,,
1376,-4233.5,-305.59,1558.1,90.642,74,,,
1377,-4233.4,-306.11,1560.1,90.555,74,,,
1378,-4233.3,-306.52,1561.6,90.466,74,,,
1379,-4233.2,-306.89,1562.7,90.374,74,,,
1380,-4233.1,-307.24,1563.6,90.276,74,,,
1381,-4232.9,-307.52,1564.2,90.171,74,,,
1382,-4232.8,-307.62,1564.6,90.056,74,,,
1383,-4232.6,-307.5,1564.9,89.932,74,,,
1384,-4232.4,-307.19,1565.1,89.799,74,,,
1385,-4232.3,-306.75,1565.4,89.654,74.5,,,
1386,-4232.1,-306.25,1565.6,89.499,74.5,,,
1387,-4231.9,-305.74,1565.8,89.333,74.5,,,
1388,-4231.7,-305.27,1566,89.157,74.5,,,
1389,-4231.5,-304.86,1566.2,88.971,74.5,,,
1390,-4231.3,-304.53,1566.4,88.776,74.5,,,
1391,-4231,-304.26,1566.7,88.573,74.5,,,
1392,-4230.8,-304.06,1566.9,88.361,74.5,,,
1393,-4231.2,-302.68,1567,88.175,74.5,,,
1394,-4231.3,-302.91,1567.3,87.96,74.5,,,
1395,-4231.1,-303.55,1567.6,87.734,74.5,,,
1396,-4230.9,-304.37,1567.9,87.499,75,,,
1397,-4230.6,-305.33,1568.3,87.258,75,,,
1398,-4230.4,-306.4,1568.7,87.012,75,,,
1399,-4230.1,-307.57,1569.2,86.763,75,,,
1400,-4229.8,-308.83,1569.8,86.512,75,,,
1401,-4229.5,-310.15,1570.5,86.261,75,,,
1402,-4229.2,-311.49,1571.3,86.01,75,,,
1403,-4229,-312.82,1572.3,85.762,75,,,
1404,-4228.8,-314.08,1573.3,85.519,75,,,
1405,-4228.6,-315.25,1574.5,85.282,75,,,
1406,-4228.4,-316.29,1575.9,85.052,75.5,,,
1407,-4228.3,-317.16,1577.4,84.832,75.5,,,
1408,-4228.2,-317.82,1579.2,84.621,75.5,,,
1409,-4228.1,-318.23,1581.1,84.421,75.5,,,
1410,-4228.1,-318.38,1583.2,84.234,75.5,,,
1411,-4228.1,-318.27,1585.4,84.058,75.5,,,
1412,-4228.1,-317.91,1587.7,83.895,75.5,,,
1413,-4228.4,-317.15,1590.3,83.741,75.5,,,
1414,-4228.5,-319.78,1594.5,83.594,75.5,,,
1415,-4228.6,-321.61,1598.3,83.468,75.5,,,
1416,-4228.8,-322.94,1601.8,83.356,76,,,
1417,-4229,-323.95,1604.8,83.254,76,,,
1418,-4229.2,-324.74,1607.3,83.157,76,,,
1419,-4229.4,-325.34,1609.2,83.061,76,,,
1420,-4229.5,-325.83,1610.7,82.964,76,,,
1421,-4229.7,-326.3,1611.7,82.862,76,,,
1422,-4229.9,-326.73,1612.5,82.754,76,,,
1423,-4230.1,-327.02,1613,82.638,76,,,
1424,-4230.2,-327.09,1613.4,82.512,76,,,
1425,-4230.3,-326.91,1613.7,82.375,76,,,
1426,-4230.5,-326.56,1613.9,82.229,76.5,,,
1427,-4230.6,-326.1,1614.1,82.07,76.5,,,
1428,-4230.7,-325.62,1614.3,81.901,76.5,,,
1429,-4230.7,-325.16,1614.6,81.72,76.5,,,
1430,-4230.8,-324.77,1614.8,81.529,76.5,,,
1431,-4230.8,-324.46,1615,81.328,76.5,,,
1432,-4230.9,-324.24,1615.3,81.117,76.5,,,
1433,-4230.9,-324.1,1615.5,80.898,76.5,,,
1434,-4231.6,-322.99,1615.7,80.7,76.5,,,
1435,-4231.9,-323.33,1616,80.474,76.5,,,
1436,-4232,-324.02,1616.3,80.235,76.5,,,
1437,-4232.1,-324.91,1616.6,79.986,77,,,
1438,-4232.1,-325.96,1617,79.731,77,,,
1439,-4232,-327.15,1617.4,79.469,77,,,
1440,-4232,-328.46,1618,79.203,77,,,
1441,-4232,-329.89,1618.6,78.933,77,,,
1442,-4231.9,-331.4,1619.3,78.662,77,,,
1443,-4231.9,-332.94,1620.1,78.392,77,,,
1444,-4231.9,-334.45,1621.1,78.123,77,,,
1445,-4231.9,-335.91,1622.2,77.86,77,,,
1446,-4231.9,-337.26,1623.5,77.602,77.5,,,
1447,-4232,-338.46,1624.9,77.353,77.5,,,
1448,-4232.1,-339.46,1626.6,77.113,77.5,,,
1449,-4232.3,-340.21,1628.4,76.883,77.5,,,
1450,-4232.5,-340.67,1630.5,76.666,77.5,,,
1451,-4232.7,-340.84,1632.8,76.462,77.5,,,
1452,-4233,-340.72,1635.1,76.271,77.5,,,
1453,-4233.4,-340.32,1637.6,76.093,77.5,,,
1454,-4233.9,-341.3,1641.1,75.922,77.5,,,
1455,-4234.3,-343.66,1645.3,75.766,77.5,,,
1456,-4234.8,-345.31,1649.1,75.631,77.5,,,
1457,-4235.3,-346.51,1652.5,75.508,78,,,
1458,-4235.9,-347.42,1655.3,75.394,78,,,
1459,-4236.4,-348.09,1657.5,75.284,78,,,
1460,-4236.9,-348.62,1659.2,75.173,78,,,
1461,-4237.4,-349.1,1660.4,75.06,78,,,
1462,-4237.9,-349.56,1661.2,74.94,78,,,
1463,-4238.4,-349.91,1661.8,74.813,78,,,
1464,-4238.9,-350.01,1662.2,74.677,78,,,
1465,-4239.4,-349.85,1662.4,74.53,78,,,
1466,-4239.9,-349.49,1662.7,74.373,78.5,,,
1467,-4240.3,-349.02,1662.9,74.204,78.5,,,
1468,-4240.8,-348.51,1663.1,74.023,78.5,,,
1469,-4241.2,-348.05,1663.3,73.83,78.5,,,
1470,-4241.6,-347.66,1663.6,73.626,78.5,,,
1471,-4241.9,-347.38,1663.8,73.411,78.5,,,
1472,-4242.3,-347.2,1664.1,73.186,78.5,,,
1473,-4242.7,-347.09,1664.3,72.951,78.5,,,
1474,-4243.8,-345.99,1664.5,72.737,78.5,,,
1475,-4244.4,-346.31,1664.7,72.493,78.5,,,
1476,-4244.9,-347.03,1665,72.234,79,,,
1477,-4245.3,-347.98,1665.4,71.966,79,,,
1478,-4245.7,-349.11,1665.8,71.69,79,,,
1479,-4246,-350.4,1666.3,71.407,79,,,
1480,-4246.3,-351.83,1666.9,71.119,79,,,
1481,-4246.7,-353.38,1667.5,70.828,79,,,
1482,-4247,-355,1668.3,70.536,79,,,
1483,-4247.3,-356.63,1669.2,70.244,79,,,
1484,-4247.7,-358.21,1670.3,69.956,79,,,
1485,-4248.1,-359.7,1671.6,69.673,79,,,
1486,-4248.5,-361.05,1673,69.397,79.5,,,
1487,-4249,-362.2,1674.6,69.13,79.5,,,
1488,-4249.5,-363.09,1676.5,68.874,79.5,,,
1489,-4250,-363.67,1678.6,68.63,79.5,,,
1490,-4250.6,-363.91,1681,68.401,79.5,,,
1491,-4251.2,-363.84,1683.4,68.186,79.5,,,
1492,-4251.8,-363.45,1686,67.985,79.5,,,
1493,-4252.6,-363.7,1689.3,67.794,79.5,,,
1494,-4253.3,-366.16,1693.8,67.614,79.5,,,
1495,-4254,-367.83,1697.8,67.457,79.5,,,
1496,-4254.7,-369.02,1701.4,67.316,80,,,
1497,-4255.4,-369.87,1704.3,67.185,80,,,
1498,-4255.9,-370.46,1706.6,67.058,80,,,
1499,-4256.3,-370.92,1708.2,66.933,80,,,
1500,-4256.6,-371.35,1709.4,66.805,80,,,
1501,-4256.7,-371.76,1710.1,66.671,80,,,
1502,-4256.6,-372,1710.7,66.53,80,,,
1503,-4256.4,-371.95,1711,66.381,80,,,
1504,-4256.1,-371.62,1711.3,66.221,80,,,
1505,-4255.7,-371.11,1711.5,66.05,80.5,,,
1506,-4255.3,-370.53,1711.7,65.867,80.5,,,
1507,-4254.7,-369.96,1711.9,65.672,80.5,,,
1508,-4254.1,-369.49,1712.2,65.465,80.5,,,
1509,-4253.4,-369.13,1712.4,65.246,80.5,,,
1510,-4252.6,-368.91,1712.7,65.017,80.5,,,
1511,-4251.7,-368.8,1712.9,64.778,80.5,,,
1512,-4251.5,-367.12,1713.1,64.557,80.5,,,
1513,-4251,-367.42,1713.3,64.304,80.5,,,
1514,-4250.3,-368.14,1713.6,64.036,80.5,,,
1515,-4249.6,-369.11,1714,63.758,81,,,
1516,-4248.9,-370.29,1714.4,63.47,81,,,
1517,-4248.3,-371.67,1714.9,63.174,81,,,
1518,-4247.8,-373.21,1715.5,62.872,81,,,
1519,-4247.3,-374.9,1716.2,62.567,81,,,
1520,-4246.9,-376.66,1717,62.26,81,,,
1521,-4246.7,-378.43,1717.9,61.955,81,,,
1522,-4246.5,-380.15,1719.1,61.654,81,,,
1523,-4246.4,-381.74,1720.4,61.359,81.5,,,
1524,-4246.4,-383.15,1722,61.073,81.5,,,
1525,-4246.5,-384.31,1723.8,60.798,81.5,,,
1526,-4246.7,-385.12,1726,60.536,81.5,,,
1527,-4247.1,-385.55,1728.3,60.29,81.5,,,
1528,-4247.5,-385.58,1730.9,60.061,81.5,,,
1529,-4248.1,-385.24,1733.6,59.849,81.5,,,
1530,-4248.8,-384.53,1736.4,59.653,81.5,,,
1531,-4249.8,-386.86,1741.2,59.461,81.5,,,
1532,-4250.8,-388.91,1745.7,59.294,81.5,,,
1533,-4251.9,-390.31,1749.7,59.148,82,,,
1534,-4253.1,-391.29,1752.9,59.014,82,,,
1535,-4254.3,-391.94,1755.4,58.885,82,,,
1536,-4255.5,-392.43,1757.1,58.757,82,,,
1537,-4256.8,-392.89,1758.3,58.625,82,,,
1538,-4258,-393.32,1759.1,58.486,82,,,
1539,-4259.3,-393.5,1759.6,58.337,82,,,
1540,-4260.6,-393.32,1759.9,58.176,82,,,
1541,-4261.9,-392.84,1760.1,58.001,82.5,,,
1542,-4263.2,-392.2,1760.3,57.812,82.5,,,
1543,-4264.5,-391.53,1760.6,57.608,82.5,,,
1544,-4265.8,-390.93,1760.8,57.389,82.5,,,
1545,-4267.1,-390.46,1761.1,57.156,82.5,,,
1546,-4268.4,-390.13,1761.3,56.909,82.5,,,
1547,-4269.7,-389.93,1761.6,56.65,82.5,,,
1548,-4271.9,-387.84,1761.8,56.406,82.5,,,
1549,-4273.6,-388.05,1762,56.13,82.5,,,
1550,-4275.2,-388.73,1762.3,55.836,83,,,
1551,-4276.7,-389.69,1762.7,55.53,83,,,
1552,-4278.1,-390.92,1763.1,55.215,83,,,
1553,-4279.5,-392.38,1763.6,54.891,83,,,
1554,-4281,-394.06,1764.2,54.563,83,,,
1555,-4282.4,-395.89,1765,54.234,83,,,
1556,-4283.8,-397.82,1765.9,53.905,83,,,
1557,-4285.3,-399.73,1766.9,53.581,83,,,
1558,-4286.9,-401.56,1768.2,53.265,83,,,
1559,-4288.5,-403.23,1769.7,52.959,83.5,,,
1560,-4290.1,-404.65,1771.6,52.666,83.5,,,
1561,-4291.9,-405.72,1773.7,52.388,83.5,,,
1562,-4293.7,-406.34,1776.1,52.128,83.5,,,
1563,-4295.6,-406.5,1778.8,51.888,83.5,,,
1564,-4297.5,-406.21,1781.7,51.667,83.5,,,
1565,-4299.6,-405.49,1784.7,51.464,83.5,,,
1566,-4301.9,-407.6,1789.6,51.265,83.5,,,
1567,-4304.2,-409.88,1794.5,51.09,83.5,,,
1568,-4306.5,-411.42,1798.7,50.935,84,,,
1569,-4308.9,-412.47,1802.1,50.792,84,,,
1570,-4311.3,-413.15,1804.7,50.652,84,,,
1571,-4313.7,-413.68,1806.4,50.507,84,,,
1572,-4316.1,-414.22,1807.5,50.354,84,,,
1573,-4318.5,-414.65,1808.1,50.188,84,,,
1574,-4320.8,-414.72,1808.6,50.007,84,,,
1575,-4323.1,-414.38,1808.8,49.81,84,,,
1576,-4325.3,-413.76,1809.1,49.595,84.5,,,
1577,-4327.5,-413.05,1809.3,49.361,84.5,,,
1578,-4329.7,-412.38,1809.5,49.109,84.5,,,
1579,-4331.7,-411.84,1809.8,48.84,84.5,,,
1580,-4333.7,-411.47,1810.1,48.556,84.5,,,
1581,-4335.6,-411.25,1810.3,48.257,84.5,,,
1582,-4337.4,-411.14,1810.6,47.946,84.5,,,
1583,-4340.2,-409.55,1810.8,47.652,84.5,,,
1584,-4342.3,-409.71,1811.1,47.32,84.5,,,
1585,-4344.2,-410.54,1811.4,46.971,85,,,
1586,-4345.9,-411.78,1811.8,46.612,85,,,
1587,-4347.5,-413.34,1812.4,46.245,85,,,
1588,-4349,-415.15,1813,45.875,85,,,
1589,-4350.6,-417.16,1813.8,45.503,85,,,
1590,-4352.1,-419.27,1814.7,45.133,85,,,
1591,-4353.6,-421.37,1815.8,44.769,85,,,
1592,-4355.1,-423.37,1817.2,44.414,85.5,,,
1593,-4356.6,-425.19,1818.8,44.069,85.5,,,
1594,-4358.3,-426.7,1820.8,43.736,85.5,,,
1595,-4360,-427.78,1823.1,43.42,85.5,,,
1596,-4361.7,-428.35,1825.7,43.123,85.5,,,
1597,-4363.6,-428.41,1828.7,42.845,85.5,,,
1598,-4365.6,-427.98,1831.8,42.586,85.5,,,
1599,-4367.9,-427.75,1835.5,42.341,85.5,,,
1600,-4370.1,-430.85,1840.9,42.099,85.5,,,
1601,-4372.4,-432.82,1845.7,41.885,86,,,
1602,-4374.8,-434.14,1849.7,41.686,86,,,
1603,-4377.3,-435.01,1852.7,41.493,86,,,
1604,-4379.8,-435.63,1854.7,41.298,86,,,
1605,-4382.3,-436.26,1856,41.097,86,,,
1606,-4384.8,-436.86,1856.8,40.885,86,,,
1607,-4387.4,-437.13,1857.2,40.66,86,,,
1608,-4389.9,-436.93,1857.5,40.422,86,,,
1609,-4392.4,-436.41,1857.7,40.17,86.5,,,
1610,-4394.9,-435.78,1858,39.903,86.5,,,
1611,-4397.4,-435.2,1858.2,39.623,86.5,,,
1612,-4399.9,-434.77,1858.5,39.331,86.5,,,
1613,-4402.3,-434.55,1858.7,39.028,86.5,,,
1614,-4404.8,-434.51,1859,38.716,86.5,,,
1615,-4407.2,-434.6,1859.2,38.397,86.5,,,
1616,-4410.7,-432.94,1859.4,38.103,86.5,,,
1617,-4413.6,-433.21,1859.6,37.772,87,,,
1618,-4416.2,-434.3,1860,37.425,87,,,
1619,-4418.8,-435.91,1860.4,37.07,87,,,
1620,-4421.3,-437.93,1860.9,36.71,87,,,
1621,-4423.8,-440.29,1861.6,36.346,87,,,
1622,-4426.4,-442.9,1862.4,35.983,87,,,
1623,-4428.9,-445.65,1863.3,35.622,87,,,
1624,-4431.6,-448.43,1864.5,35.265,87,,,
1625,-4434.2,-451.13,1866,34.917,87.5,,,
1626,-4437,-453.61,1867.8,34.578,87.5,,,
1627,-4439.8,-455.71,1870,34.252,87.5,,,
1628,-4442.8,-457.31,1872.5,33.943,87.5,,,
1629,-4445.8,-458.38,1875.4,33.653,87.5,,,
1630,-4448.9,-458.96,1878.5,33.382,87.5,,,
1631,-4452.2,-459.11,1881.8,33.13,87.5,,,
1632,-4456,-464.68,1887.2,32.876,87.5,,,
1633,-4459.4,-471.33,1892.2,32.649,88,,,
1634,-4462.9,-477.94,1896.5,32.441,88,,,
1635,-4466.4,-483.79,1899.6,32.243,88,,,
1636,-4470,-488.22,1901.7,32.047,88,,,
1637,-4473.7,-491.43,1903,31.849,88,,,
1638,-4477.4,-493.59,1903.7,31.645,88,,,
1639,-4481.3,-494.64,1904,31.435,88,,,
1640,-4485.1,-494.86,1904.2,31.217,88,,,
1641,-4489,-494.7,1904.4,30.992,88.5,,,
1642,-4492.9,-494.39,1904.6,30.76,88.5,,,
1643,-4496.9,-493.97,1904.8,30.52,88.5,,,
1644,-4500.8,-493.41,1905,30.275,88.5,,,
1645,-4504.6,-492.74,1905.1,30.026,88.5,,,
1646,-4508.5,-491.95,1905.3,29.772,88.5,,,
1647,-4512.9,-489.85,1905.3,29.537,88.5,,,
1648,-4517.3,-489.01,1905.4,29.279,88.5,,,
1649,-4521.5,-488.48,1905.5,29.013,89,,,
1650,-4525.6,-488.18,1905.7,28.741,89,,,
1651,-4529.8,-488.02,1905.9,28.464,89,,,
1652,-4533.8,-487.96,1906.1,28.184,89,,,
1653,-4538,-487.97,1906.5,27.901,89,,,
1654,-4542.1,-487.98,1906.9,27.617,89,,,
1655,-4546.2,-487.96,1907.4,27.334,89,,,
1656,-4550.4,-487.86,1908.1,27.052,89.5,,,
1657,-4554.6,-487.62,1908.9,26.773,89.5,,,
1658,-4558.8,-487.12,1910,26.5,89.5,,,
1659,-4563,-486.31,1911.3,26.235,89.5,,,
1660,-4567.3,-485.2,1912.8,25.98,89.5,,,
1661,-4571.7,-483.89,1914.4,25.734,89.5,,,
1662,-4576.6,-483,1916.3,25.499,89.5,,,
1663,-4581.2,-486.71,1919.1,25.263,89.5,,,
1664,-4585.8,-491.16,1921.5,25.041,90,,,
1665,-4590.4,-495.76,1923.5,24.827,90,,,
1666,-4595.1,-499.19,1924.7,24.617,90,,,
1667,-4599.8,-501.12,1925.5,24.406,90,,,
1668,-4604.6,-501.81,1925.9,24.194,90,,,
1669,-4609.5,-501.43,1926.1,23.98,90,,,
1670,-4614.4,-500.33,1926.2,23.763,90,,,
1671,-4619.4,-498.97,1926.2,23.545,90.5,,,
1672,-4624.4,-497.52,1926.3,23.325,90.5,,,
1673,-4629.5,-495.87,1926.4,23.103,90.5,,,
1674,-4634.4,-493.92,1926.4,22.881,90.5,,,
1675,-4639.4,-491.69,1926.5,22.658,90.5,,,
1676,-4644.4,-489.2,1926.5,22.435,90.5,,,
1677,-4649.5,-486.52,1926.4,22.211,90.5,,,
1678,-4655,-483.84,1926.4,21.988,91,,,
1679,-4660.4,-481.11,1926.4,21.764,91,,,
1680,-4665.7,-478.29,1926.3,21.54,91,,,
1681,-4671.1,-475.31,1926.3,21.315,91,,,
1682,-4676.4,-472.18,1926.3,21.088,91,,,
1683,-4681.8,-468.88,1926.2,20.86,91,,,
1684,-4687.1,-465.43,1926.1,20.632,91,,,
1685,-4692.4,-461.89,1926.1,20.403,91.5,,,
1686,-4697.6,-458.27,1926,20.173,91.5,,,
1687,-4702.9,-454.57,1926,19.942,91.5,,,
1688,-4708.1,-450.82,1925.9,19.711,91.5,,,
1689,-4713.3,-447.06,1925.9,19.48,91.5,,,
1690,-4718.4,-443.3,1925.8,19.247,91.5,,,
1691,-4723.8,-439.48,1925.8,19.016,91.5,,,
1692,-4729.4,-435.91,1925.7,18.783,92,,,
1693,-4735,-432.48,1925.7,18.547,92,,,
1694,-4740.5,-429.16,1925.7,18.309,92,,,
1695,-4746,-425.9,1925.7,18.069,92,,,
1696,-4751.5,-422.7,1925.7,17.827,92,,,
1697,-4757,-419.53,1925.7,17.584,92,,,
1698,-4762.4,-416.38,1925.7,17.34,92.5,,,
1699,-4767.9,-413.23,1925.7,17.095,92.5,,,
1700,-4773.3,-410.09,1925.7,16.85,92.5,,,
1701,-4778.7,-406.93,1925.7,16.606,92.5,,,
1702,-4784,-403.74,1925.7,16.363,92.5,,,
1703,-4789.3,-400.54,1925.7,16.121,92.5,,,
1704,-4794.6,-397.3,1925.7,15.881,92.5,,,
1705,-4800.4,-394.04,1925.7,15.642,93,,,
1706,-4806.3,-390.79,1925.7,15.405,93,,,
1707,-4812,-387.56,1925.7,15.169,93,,,
1708,-4817.8,-384.3,1925.7,14.935,93,,,
1709,-4823.5,-381.03,1925.7,14.702,93,,,
1710,-4829.3,-377.74,1925.7,14.471,93,,,
1711,-4835,-374.41,1925.7,14.241,93.5,,,
1712,-4840.7,-371.04,1925.7,14.012,93.5,,,
1713,-4846.4,-367.65,1925.8,13.785,93.5,,,
1714,-4852,-364.21,1925.8,13.56,93.5,,,
1715,-4857.7,-360.75,1925.8,13.337,93.5,,,
1716,-4863.3,-357.28,1925.8,13.114,93.5,,,
1717,-4869,-353.75,1925.8,12.893,93.5,,,
1718,-4875.2,-350.39,1925.8,12.673,94,,,
1719,-4881.3,-346.99,1925.8,12.454,94,,,
1720,-4887.5,-343.59,1925.8,12.235,94,,,
1721,-4893.6,-340.19,1925.8,12.018,94,,,
1722,-4899.8,-336.79,1925.8,11.801,94,,,
1723,-4906,-333.37,1925.8,11.585,94,,,
1724,-4912.1,-329.93,1925.8,11.372,94.5,,,
1725,-4918.3,-326.48,1925.8,11.161,94.5,,,
1726,-4924.5,-323,1925.8,10.953,94.5,,,
1727,-4930.7,-319.49,1925.8,10.748,94.5,,,
1728,-4937,-315.96,1925.8,10.548,94.5,,,
1729,-4943.3,-312.4,1925.8,10.351,94.5,,,
1730,-4950.2,-308.93,1925.8,10.159,95,,,
1731,-4957.1,-305.41,1925.8,9.9717,95,,,
1732,-4964.1,-301.89,1925.8,9.7884,95,,,
1733,-4971.1,-298.39,1925.8,9.6095,95,,,
1734,-4978.1,-294.92,1925.8,9.4348,95,,,
1735,-4985.3,-291.46,1925.8,9.2644,95.5,,,
1736,-4992.4,-288.05,1925.9,9.0981,95.5,,,
1737,-4999.6,-284.68,1925.9,8.9358,95.5,,,
1738,-5006.9,-281.37,1925.9,8.7776,95.5,,,
1739,-5014.2,-278.13,1925.9,8.6231,95.5,,,
1740,-5021.6,-274.97,1925.9,8.4723,95.5,,,
1741,-5029.8,-272.08,1925.9,8.3254,96,,,
1742,-5038.1,-269.25,1925.9,8.1821,96,,,
1743,-5046.5,-266.57,1925.9,8.0424,96,,,
1744,-5055.1,-264.06,1925.8,7.9065,96,,,
1745,-5063.9,-261.73,1925.8,7.7745,96.5,,,
1746,-5072.8,-259.62,1925.8,7.6467,96.5,,,
1747,-5081.8,-257.74,1925.8,7.5234,96.5,,,
1748,-5091,-256.11,1925.8,7.4046,96.5,,,
1749,-5100.4,-254.74,1925.8,7.2906,96.5,,,
1750,-5110.2,-253.67,1925.8,7.1817,97,,,
1751,-5121,-253.02,1925.8,7.0777,97,,,
1752,-5132,-252.67,1925.8,6.9784,97,,,
1753,-5143.4,-252.69,1925.8,6.8836,97,,,
1754,-5155.2,-253.13,1925.8,6.7931,97.5,,,
1755,-5167.3,-254.02,1925.8,6.7065,97.5,,,
1756,-5179.8,-255.4,1925.8,6.6235,97.5,,,
1757,-5192.7,-257.27,1925.8,6.544,97.5,,,
1758,-5206.1,-259.67,1925.8,6.4679,98,,,
1759,-5220.8,-262.77,1925.8,6.3953,98,,,
1760,-5236.5,-266.44,1925.8,6.3262,98,,,
1761,-5253.1,-270.77,1925.7,6.2603,98,,,
1762,-5270.7,-275.84,1925.7,6.1977,98.5,,,
1763,-5289.4,-281.72,1925.7,6.1382,98.5,,,
1764,-5309.3,-288.47,1925.7,6.0818,98.5,,,
1765,-5331.1,-296.08,1925.7,6.0294,99,,,
1766,-5357.3,-304.95,1925.7,5.9824,99,,,
1767,-5388.7,-315.14,1925.7,5.9428,99.5,,,
1768,-5434.5,-327.44,1925.7,5.921,100,,,
1769,-5513,-344.95,1925.6,5.9454,100,,,
1770,-5578.8,-368.58,1925.6,5.9496,100,,,
1771,-5630.9,-392.27,1925.6,5.9396,100,,,
1772,-5671.4,-414.5,1925.6,5.9257,100,,,
1773,-5702.6,-434.6,1925.6,5.9155,100,,,
1774,-5726.1,-452.24,1925.6,5.9112,100,,,
1775,-5743.6,-467.28,1925.6,5.9121,100,,,
1776,-5756.2,-479.83,1925.6,5.9164,100,,,
1777,-5765.1,-490.07,1925.6,5.9226,100,,,
1778,-5771.3,-498.3,1925.6,5.9297,100,,,
1779,-5775.5,-504.83,1925.6,5.937,100,,,
1780,-5778.3,-509.96,1925.6,5.9442,100,,,
1781,-5780.2,-513.95,1925.6,5.9512,100,,,
1782,-5781.4,-517.03,1925.6,5.9579,100,,,
1783,-5782.2,-519.4,1925.6,5.9641,100,,,
1784,-5782.8,-521.22,1925.6,5.9698,100,,,
1785,-5783.2,-522.62,1925.6,5.975,100,,,
1786,-5783.4,-523.69,1925.6,5.9795,100,,,
1787,-5783.6,-524.52,1925.6,5.9835,100,,,
1788,-5783.8,-525.17,1925.6,5.9868,100,,,
1789,-5783.9,-525.68,1925.6,5.9896,100,,,
1790,-5783.9,-526.08,1925.6,5.9919,100,,,
1791,-5784,-526.41,1925.6,5.9937,100,,,
1792,-5784.1,-526.68,1925.6,5.9951,100,,,
1793,-5784.2,-526.91,1925.6,5.9962,100,,,
1794,-5784.2,-527.11,1925.6,5.9969,100,,,
1795,-5784.3,-527.29,1925.6,5.9974,100,,,
1796,-5784.3,-527.45,1925.6,5.9977,100,,,
1797,-5784.4,-527.59,1925.6,5.9979,100,,,
1798,-5784.4,-527.73,1925.6,5.9979,100,,,
1799,-5784.5,-527.86,1925.6,5.9978,100,,,
1800,-5785.6,-528.2,1925.6,5.998,100,,,
1801,-5786,-528.41,1925.6,5.9982,100,,,
1802,-5786.4,-528.61,1925.6,5.9983,100,,,
1803,-5786.8,-528.81,1925.6,5.9984,100,,,
1804,-5787.2,-529.01,1925.6,5.9986,100,,,
1805,-5787.6,-529.2,1925.6,5.9988,100,,,
1806,-5788,-529.4,1925.6,5.9991,100,,,
1807,-5788.4,-529.59,1925.6,5.9995,100,,,
1808,-5788.8,-529.78,1925.6,6,100,,,
1809,-5789.2,-529.97,1925.6,6.0005,100,,,
1810,-5789.6,-530.17,1925.6,6.0012,100,,,
1811,-5789.7,-530.17,1925.6,6.0019,100,,,
1812,-5790.2,-530.53,1925.6,6.0027,100,,,
1813,-5790.3,-530.53,1925.6,6.0036,100,,,
1814,-5790.7,-530.89,1925.6,6.0047,100,,,
1815,-5790.8,-530.89,1925.6,6.0058,100,,,
1816,-5791.2,-531.24,1925.6,6.007,100,,,
1817,-5791.3,-531.24,1925.6,6.0083,100,,,
1818,-5791.7,-531.6,1925.6,6.0097,100,,,
1819,-5791.9,-531.61,1925.6,6.0112,100,,,
1820,-5792.3,-531.97,1925.6,6.0128,100,,,
1821,-5792.4,-531.97,1925.6,6.0145,100,,,
1822,-5792.8,-532.33,1925.6,6.0163,100,,,
1823,-5792.9,-532.34,1925.6,6.0182,100,,,
1824,-5793.3,-532.7,1925.6,6.0201,100,,,
1825,-5793.4,-532.71,1925.6,6.0221,100,,,
1826,-5793.8,-533.07,1925.6,6.0243,100,,,
1827,-5793.9,-533.08,1925.6,6.0264,100,,,
1828,-5794.3,-533.45,1925.6,6.0287,100,,,
1829,-5794.4,-533.46,1925.6,6.031,100,,,
1830,-5794.8,-533.82,1925.6,6.0334,100,,,
1831,-5795,-533.83,1925.6,6.0358,100,,,
1832,-5795.3,-534.2,1925.6,6.0384,100,,,
1833,-5795.5,-534.21,1925.6,6.041,100,,,
1834,-5795.8,-534.58,1925.6,6.0436,100,,,
1835,-5796,-534.59,1925.6,6.0463,100,,,
1836,-5796.3,-534.96,1925.6,6.0491,100,,,
1837,-5796.5,-534.97,1925.6,6.0519,100,,,
1838,-5796.8,-535.34,1925.6,6.0548,100,,,
1839,-5797,-535.35,1925.6,6.0576,100,,,
1840,-5797.3,-535.72,1925.6,6.0606,100,,,
1841,-5797.5,-535.74,1925.6,6.0636,100,,,
1842,-5797.8,-536.11,1925.6,6.0667,100,,,
1843,-5798,-536.12,1925.6,6.0698,100,,,
1844,-5798.3,-536.49,1925.6,6.0729,100,,,
1845,-5798.4,-536.51,1925.6,6.0761,100,,,
1846,-5798.8,-536.88,1925.7,6.0793,100,,,
1847,-5798.9,-536.9,1925.7,6.0826,100,,,
1848,-5799.3,-537.27,1925.7,6.0859,100,,,
1849,-5799.4,-537.28,1925.7,6.0892,100,,,
1850,-5799.8,-537.65,1925.7,6.0926,100,,,
1851,-5799.9,-537.67,1925.7,6.096,100,,,
1852,-5800.3,-538.04,1925.7,6.0994,100,,,
1853,-5800.4,-538.06,1925.7,6.1029,100,,,
1854,-5800.8,-538.43,1925.7,6.1064,100,,,
1855,-5800.9,-538.45,1925.7,6.1099,100,,,
1856,-5801.2,-538.82,1925.7,6.1135,100,,,
1857,-5801.3,-538.84,1925.7,6.1171,100,,,
1858,-5801.7,-539.21,1925.7,6.1207,100,,,
1859,-5801.8,-539.22,1925.7,6.1244,100,,,
1860,-5802.2,-539.6,1925.7,6.1281,100,,,
1861,-5802.3,-539.61,1925.7,6.1317,100,,,
1862,-5802.7,-539.99,1925.7,6.1355,100,,,
1863,-5802.8,-540,1925.7,6.1392,100,,,
1864,-5803.1,-540.38,1925.7,6.143,100,,,
1865,-5803.2,-540.39,1925.7,6.1468,100,,,
1866,-5803.6,-540.76,1925.7,6.1506,100,,,
1867,-5803.7,-540.78,1925.7,6.1545,100,,,
1868,-5804.1,-541.15,1925.7,6.1583,100,,,
1869,-5804.2,-541.17,1925.7,6.1622,100,,,
1870,-5804.5,-541.54,1925.7,6.1661,100,,,
1871,-5804.6,-541.56,1925.7,6.17,100,,,
1872,-5805,-541.93,1925.7,6.174,100,,,
1873,-5805.1,-541.95,1925.7,6.1779,100,,,
1874,-5805.4,-542.32,1925.7,6.1819,100,,,
1875,-5805.6,-542.34,1925.7,6.1859,100,,,
1876,-5805.9,-542.71,1925.7,6.1899,100,,,
1877,-5806,-542.73,1925.7,6.194,100,,,
1878,-5806.4,-543.1,1925.7,6.198,100,,,
1879,-5806.5,-543.12,1925.7,6.2021,100,,,
1880,-5806.8,-543.49,1925.7,6.2062,100,,,
1881,-5806.9,-543.51,1925.7,6.2102,100,,,
1882,-5807.3,-543.88,1925.7,6.2143,100,,,
1883,-5807.4,-543.9,1925.7,6.2184,100,,,
1884,-5807.7,-544.27,1925.7,6.2226,100,,,
1885,-5807.8,-544.29,1925.7,6.2267,100,,,
1886,-5808.2,-544.66,1925.7,6.2309,100,,,
1887,-5808.3,-544.68,1925.7,6.235,100,,,
1888,-5808.6,-545.05,1925.7,6.2392,100,,,
1889,-5808.7,-545.07,1925.7,6.2434,100,,,
1890,-5809,-545.44,1925.7,6.2476,100,,,
1891,-5809.1,-545.46,1925.7,6.2518,100,,,
1892,-5809.5,-545.83,1925.7,6.2561,100,,,
1893,-5809.6,-545.85,1925.7,6.2603,100,,,
1894,-5809.9,-546.22,1925.7,6.2645,100,,,
1895,-5810,-546.24,1925.7,6.2688,100,,,
1896,-5810.4,-546.61,1925.7,6.2731,100,,,
1897,-5810.5,-546.63,1925.7,6.2773,100,,,
1898,-5810.8,-547,1925.7,6.2816,100,,,
1899,-5810.9,-547.02,1925.7,6.2859,100,,,
1900,-5811.2,-547.39,1925.7,6.2902,100,,,
1901,-5811.3,-547.41,1925.7,6.2945,100,,,
1902,-5811.7,-547.78,1925.7,6.2988,100,,,
1903,-5811.8,-547.8,1925.7,6.3031,100,,,
1904,-5812.1,-548.17,1925.7,6.3074,100,,,
1905,-5812.2,-548.18,1925.7,6.3117,100,,,
1906,-5812.5,-548.56,1925.7,6.3161,100,,,
1907,-5812.6,-548.57,1925.7,6.3204,100,,,
1908,-5812.9,-548.95,1925.7,6.3248,100,,,
1909,-5813,-548.96,1925.7,6.3291,100,,,
1910,-5813.4,-549.33,1925.7,6.3335,100,,,
1911,-5813.5,-549.35,1925.7,6.3378,100,,,
1912,-5813.8,-549.72,1925.7,6.3422,100,,,
1913,-5813.9,-549.74,1925.7,6.3465,100,,,
1914,-5814.2,-550.11,1925.7,6.3509,100,,,
1915,-5814.3,-550.13,1925.7,6.3553,100,,,
1916,-5814.6,-550.5,1925.7,6.3597,100,,,
1917,-5814.7,-550.52,1925.7,6.364,100,,,
1918,-5815,-550.89,1925.7,6.3685,100,,,
1919,-5815.1,-550.91,1925.7,6.3728,100,,,
1920,-5815.5,-551.28,1925.7,6.3772,100,,,
1921,-5815.6,-551.29,1925.7,6.3816,100,,,
1922,-5815.9,-551.67,1925.7,6.386,100,,,
1923,-5816,-551.68,1925.7,6.3904,100,,,
1924,-5816.3,-552.05,1925.7,6.3948,100,,,
1925,-5816.4,-552.07,1925.7,6.3992,100,,,
1926,-5816.7,-552.44,1925.7,6.4036,100,,,
1927,-5816.8,-552.46,1925.7,6.408,100,,,
1928,-5817.1,-552.83,1925.7,6.4124,100,,,
1929,-5817.2,-552.85,1925.7,6.4168,100,,,
1930,-5817.5,-553.22,1925.8,6.4212,100,,,
1931,-5817.6,-553.24,1925.8,6.4256,100,,,
1932,-5817.9,-553.61,1925.8,6.4301,100,,,
1933,-5818,-553.62,1925.8,6.4344,100,,,
1934,-5818.3,-554,1925.8,6.4389,100,,,
1935,-5818.4,-554.01,1925.8,6.4432,100,,,
1936,-5818.7,-554.38,1925.8,6.4477,100,,,
1937,-5818.8,-554.4,1925.8,6.4521,100,,,
1938,-5819.1,-554.77,1925.8,6.4565,100,,,
1939,-5819.2,-554.79,1925.8,6.4609,100,,,
1940,-5819.5,-555.16,1925.8,6.4653,100,,,
1941,-5819.6,-555.17,1925.8,6.4697,100,,,
1942,-5819.9,-555.55,1925.8,6.4741,100,,,
1943,-5820,-555.56,1925.8,6.4785,100,,,
1944,-5820.3,-555.93,1925.8,6.4829,100,,,
1945,-5820.4,-555.95,1925.8,6.4872,100,,,
1946,-5820.7,-556.32,1925.8,6.4917,100,,,
1947,-5820.8,-556.34,1925.8,6.496,100,,,
1948,-5821.1,-556.71,1925.8,6.5004,100,,,
1949,-5821.2,-556.72,1925.8,6.5048,100,,,
1950,-5821.5,-557.1,1925.8,6.5092,100,,,
1951,-5821.5,-557.11,1925.8,6.5135,100,,,
1952,-5821.8,-557.48,1925.8,6.5179,100,,,
1953,-5821.9,-557.5,1925.8,6.5223,100,,,
1954,-5822.2,-557.87,1925.8,6.5267,100,,,
1955,-5822.3,-557.89,1925.8,6.531,100,,,
1956,-5822.6,-558.26,1925.8,6.5354,100,,,
1957,-5822.7,-558.27,1925.8,6.5397,100,,,
1958,-5823,-558.65,1925.8,6.5441,100,,,
1959,-5823.1,-558.66,1925.8,6.5484,100,,,
1960,-5823.4,-559.03,1925.8,6.5528,100,,,
1961,-5823.5,-559.05,1925.8,6.5571,100,,,
1962,-5823.7,-559.42,1925.8,6.5615,100,,,
1963,-5823.8,-559.43,1925.8,6.5658,100,,,
1964,-5824.1,-559.81,1925.8,6.5701,100,,,
1965,-5824.2,-559.82,1925.8,6.5744,100,,,
1966,-5824.5,-560.19,1925.8,6.5787,100,,,
1967,-5824.6,-560.21,1925.8,6.583,100,,,
1968,-5824.9,-560.58,1925.8,6.5873,100,,,
1969,-5824.9,-560.59,1925.8,6.5916,100,,,
1970,-5825.2,-560.97,1925.8,6.5959,100,,,
1971,-5825.3,-560.98,1925.8,6.6002,100,,,
1972,-5825.6,-561.35,1925.8,6.6045,100,,,
1973,-5825.7,-561.37,1925.8,6.6088,100,,,
1974,-5826,-561.74,1925.8,6.613,100,,,
1975,-5826.1,-561.75,1925.8,6.6173,100,,,
1976,-5826.3,-562.13,1925.8,6.6216,100,,,
1977,-5826.4,-562.14,1925.8,6.6258,100,,,
1978,-5826.7,-562.51,1925.8,6.6301,100,,,
1979,-5826.8,-562.53,1925.8,6.6343,100,,,
1980,-5827.1,-562.9,1925.8,6.6385,100,,,
1981,-5827.1,-562.91,1925.8,6.6427,100,,,
1982,-5827.4,-563.28,1925.8,6.647,100,,,
1983,-5827.5,-563.3,1925.8,6.6511,100,,,
1984,-5827.8,-563.67,1925.8,6.6554,100,,,
1985,-5827.9,-563.69,1925.8,6.6595,100,,,
1986,-5828.1,-564.06,1925.8,6.6637,100,,,
1987,-5828.2,-564.07,1925.8,6.6679,100,,,
1988,-5828.5,-564.44,1925.8,6.6721,100,,,
1989,-5828.6,-564.46,1925.8,6.6762,100,,,
1990,-5828.9,-564.83,1925.8,6.6804,100,,,
1991,-5828.9,-564.84,1925.8,6.6845,100,,,
1992,-5829.2,-565.21,1925.8,6.6887,100,,,
1993,-5829.3,-565.23,1925.8,6.6928,100,,,
1994,-5829.6,-565.6,1925.8,6.697,100,,,
1995,-5829.6,-565.62,1925.8,6.7011,100,,,
1996,-5829.9,-565.99,1925.8,6.7052,100,,,
1997,-5830,-566,1925.8,6.7093,100,,,
1998,-5830.3,-566.37,1925.8,6.7134,100,,,
1999,-5830.3,-566.39,1925.8,6.7174,100,,,
2000,-5830.6,-566.76,1925.8,6.7215,100,,,
2001,-5830.7,-566.77,1925.8,6.7256,100,,,
2002,-5830.9,-567.14,1925.8,6.7296,100,,,
2003,-5831,-567.16,1925.8,6.7337,100,,,
2004,-5831.3,-567.53,1925.8,6.7377,100,,,
2005,-5831.4,-567.54,1925.8,6.7417,100,,,
2006,-5831.6,-567.91,1925.8,6.7458,100,,,
2007,-5831.7,-567.93,1925.8,6.7498,100,,,
2008,-5832,-568.3,1925.8,6.7538,100,,,
2009,-5832.1,-568.31,1925.9,6.7578,100,,,
2010,-5832.3,-568.68,1925.9,6.7618,100,,,
2011,-5832.4,-568.7,1925.9,6.7657,100,,,
2012,-5832.7,-569.07,1925.9,6.7697,100,,,
2013,-5832.7,-569.08,1925.9,6.7736,100,,,
2014,-5833,-569.46,1925.9,6.7776,100,,,
2015,-5833.1,-569.47,1925.9,6.7815,100,,,
2016,-5833.3,-569.84,1925.9,6.7855,100,,,
2017,-5833.4,-569.85,1925.9,6.7893,100,,,
2018,-5833.7,-570.23,1925.9,6.7933,100,,,
2019,-5833.7,-570.24,1925.9,6.7971,100,,,
2020,-5834,-570.61,1925.9,6.801,100,,,
2021,-5834.1,-570.62,1925.9,6.8049,100,,,
2022,-5834.3,-571,1925.9,6.8088,100,,,
2023,-5834.4,-571.01,1925.9,6.8126,100,,,
2024,-5834.7,-571.38,1925.9,6.8165,100,,,
2025,-5834.7,-571.39,1925.9,6.8203,100,,,
2026,-5835,-571.76,1925.9,6.8241,100,,,
2027,-5835.1,-571.78,1925.9,6.8279,100,,,
2028,-5835.3,-572.15,1925.9,6.8318,100,,,
2029,-5835.4,-572.16,1925.9,6.8355,100,,,
2030,-5835.6,-572.53,1925.9,6.8393,100,,,
2031,-5835.7,-572.54,1925.9,6.8431,100,,,
2032,-5836,-572.91,1925.9,6.8469,100,,,
2033,-5836,-572.93,1925.9,6.8506,100,,,
2034,-5836.3,-573.3,1925.9,6.8543,100,,,
2035,-5836.4,-573.31,1925.9,6.8581,100,,,
2036,-5836.6,-573.68,1925.9,6.8618,100,,,
2037,-5836.7,-573.69,1925.9,6.8655,100,,,
2038,-5836.9,-574.06,1925.9,6.8692,100,,,
2039,-5837,-574.08,1925.9,6.8729,100,,,
2040,-5837.2,-574.44,1925.9,6.8765,100,,,
2041,-5837.3,-574.46,1925.9,6.8802,100,,,
2042,-5837.6,-574.83,1925.9,6.8839,100,,,
2043,-5837.6,-574.84,1925.9,6.8875,100,,,
2044,-5837.9,-575.21,1925.9,6.8911,100,,,
2045,-5837.9,-575.22,1925.9,6.8947,100,,,
2046,-5838.2,-575.59,1925.9,6.8984,100,,,
2047,-5838.3,-575.6,1925.9,6.9019,100,,,
2048,-5838.5,-575.97,1925.9,6.9055,100,,,
2049,-5838.6,-575.99,1925.9,6.9091,100,,,
2050,-5838.8,-576.36,1925.9,6.9127,100,,,
2051,-5838.9,-576.37,1925.9,6.9162,100,,,
2052,-5839.1,-576.74,1925.9,6.9198,100,,,
2053,-5839.2,-576.75,1925.9,6.9233,100,,,
2054,-5839.4,-577.12,1925.9,6.9268,100,,,
2055,-5839.5,-577.13,1925.9,6.9303,100,,,
2056,-5839.7,-577.5,1925.9,6.9338,100,,,
2057,-5839.8,-577.51,1925.9,6.9373,100,,,
2058,-5840,-577.88,1925.9,6.9407,100,,,
2059,-5840.1,-577.89,1925.9,6.9442,100,,,
2060,-5840.3,-578.26,1925.9,6.9476,100,,,
2061,-5840.4,-578.27,1925.9,6.9511,100,,,
2062,-5840.6,-578.64,1925.9,6.9545,100,,,
2063,-5840.7,-578.66,1925.9,6.9579,100,,,
2064,-5840.9,-579.02,1925.9,6.9613,100,,,
2065,-5841,-579.04,1925.9,6.9647,100,,,
2066,-5841.2,-579.41,1925.9,6.9681,100,,,
2067,-5841.3,-579.42,1925.9,6.9714,100,,,
2068,-5841.5,-579.79,1925.9,6.9748,100,,,
2069,-5841.6,-579.8,1925.9,6.9781,100,,,
2070,-5841.8,-580.17,1925.9,6.9815,100,,,
2071,-5841.9,-580.18,1925.9,6.9848,100,,,
2072,-5842.1,-580.55,1925.9,6.9881,100,,,
2073,-5842.2,-580.56,1925.9,6.9914,100,,,
2074,-5842.4,-580.93,1925.9,6.9947,100,,,
2075,-5842.5,-580.94,1925.9,6.9979,100,,,
2076,-5842.7,-581.31,1925.9,7.0012,100,,,
2077,-5842.8,-581.32,1925.9,7.0044,100,,,
2078,-5843,-581.69,1925.9,7.0077,100,,,
2079,-5843.1,-581.7,1925.9,7.0109,100,,,
2080,-5843.3,-582.07,1925.9,7.0141,100,,,
2081,-5843.4,-582.08,1925.9,7.0173,100,,,
2082,-5843.6,-582.45,1926,7.0205,100,,,
2083,-5843.7,-582.46,1926,7.0237,100,,,
2084,-5843.9,-582.83,1926,7.0269,100,,,
2085,-5844,-582.84,1926,7.03,100,,,
2086,-5844.2,-583.21,1926,7.0331,100,,,
2087,-5844.2,-583.22,1926,7.0363,100,,,
2088,-5844.5,-583.59,1926,7.0394,100,,,
2089,-5844.5,-583.6,1926,7.0425,100,,,
2090,-5844.7,-583.97,1926,7.0456,100,,,
2091,-5844.8,-583.98,1926,7.0487,100,,,
2092,-5845,-584.35,1926,7.0518,100,,,
2093,-5845.1,-584.36,1926,7.0548,100,,,
2094,-5845.3,-584.73,1926,7.0579,100,,,
2095,-5845.4,-584.74,1926,7.0609,100,,,
2096,-5845.6,-585.11,1926,7.0639,100,,,
2097,-5845.7,-585.12,1926,7.0669,100,,,
2098,-5845.9,-585.49,1926,7.0699,100,,,
2099,-5845.9,-585.5,1926,7.0729,100,,,
2100,-5846.2,-585.87,1926,7.0759,100,,,
2101,-5846.2,-585.88,1926,7.0789,100,,,
2102,-5846.4,-586.25,1926,7.0818,100,,,
2103,-5846.5,-586.26,1926,7.0848,100,,,
2104,-5846.7,-586.63,1926,7.0877,100,,,
2105,-5846.8,-586.64,1926,7.0906,100,,,
2106,-5847,-587.01,1926,7.0935,100,,,
2107,-5847,-587.02,1926,7.0964,100,,,
2108,-5847.3,-587.39,1926,7.0993,100,,,
2109,-5847.3,-587.4,1926,7.1022,100,,,
2110,-5847.5,-587.77,1926,7.105,100,,,
2111,-5847.6,-587.78,1926,7.1079,100,,,
2112,-5847.8,-588.15,1926,7.1107,100,,,
2113,-5847.9,-588.16,1926,7.1135,100,,,
2114,-5848.1,-588.53,1926,7.1164,100,,,
2115,-5848.1,-588.54,1926,7.1192,100,,,
2116,-5848.3,-588.91,1926,7.122,100,,,
2117,-5848.4,-588.92,1926,7.1247,100,,,
2118,-5848.6,-589.29,1926,7.1275,100,,,
2119,-5848.7,-589.3,1926,7.1303,100,,,
2120,-5848.9,-589.66,1926,7.133,100,,,
2121,-5848.9,-589.68,1926,7.1357,100,,,
2122,-5849.1,-590.04,1926,7.1385,100,,,
2123,-5849.2,-590.06,1926,7.1412,100,,,
2124,-5849.4,-590.42,1926,7.1439,100,,,
2125,-5849.5,-590.43,1926,7.1466,100,,,
2126,-5849.7,-590.8,1926,7.1493,100,,,
2127,-5849.7,-590.81,1926,7.1519,100,,,
2128,-5849.9,-591.18,1926,7.1546,100,,,
2129,-5850,-591.19,1926,7.1572,100,,,
2130,-5850.2,-591.56,1926,7.1599,100,,,
2131,-5850.3,-591.57,1926,7.1625,100,,,
2132,-5850.5,-591.94,1926,7.1651,100,,,
2133,-5850.5,-591.95,1926,7.1677,100,,,
2134,-5850.7,-592.32,1926,7.1703,100,,,
2135,-5850.8,-592.33,1926,7.1729,100,,,
2136,-5851,-592.7,1926,7.1755,100,,,
2137,-5851,-592.71,1926,7.178,100,,,
2138,-5851.2,-593.08,1926,7.1806,100,,,
2139,-5851.3,-593.09,1926,7.1831,100,,,
2140,-5851.5,-593.45,1926,7.1856,100,,,
2141,-5851.5,-593.46,1926,7.1881,100,,,
2142,-5851.7,-593.83,1926,7.1906,100,,,
2143,-5851.8,-593.84,1926,7.1931,100,,,
2144,-5852,-594.21,1926,7.1956,100,,,
2145,-5852.1,-594.22,1926,7.1981,100,,,
2146,-5852.2,-594.59,1926,7.2006,100,,,
2147,-5852.3,-594.6,1926,7.203,100,,,
2148,-5852.5,-594.97,1926,7.2054,100,,,
2149,-5852.6,-594.98,1926,7.2079,100,,,
2150,-5852.7,-595.35,1926,7.2103,100,,,
2151,-5852.8,-595.36,1926,7.2127,100,,,
2152,-5853,-595.72,1926,7.2151,100,,,
2153,-5853.1,-595.73,1926.1,7.2175,100,,,
2154,-5853.2,-596.1,1926.1,7.2199,100,,,
2155,-5853.3,-596.11,1926.1,7.2222,100,,,
2156,-5853.5,-596.48,1926.1,7.2246,100,,,
2157,-5853.5,-596.49,1926.1,7.2269,100,,,
2158,-5853.7,-596.86,1926.1,7.2293,100,,,
2159,-5853.8,-596.87,1926.1,7.2316,100,,,
2160,-5854,-597.24,1926.1,7.2339,100,,,
2161,-5854,-597.25,1926.1,7.2362,100,,,
2162,-5854.2,-597.61,1926.1,7.2385,100,,,
2163,-5854.3,-597.62,1926.1,7.2408,100,,,
2164,-5854.5,-597.99,1926.1,7.2431,100,,,
2165,-5854.5,-598,1926.1,7.2453,100,,,
2166,-5854.7,-598.37,1926.1,7.2476,100,,,
2167,-5854.8,-598.38,1926.1,7.2498,100,,,
2168,-5854.9,-598.75,1926.1,7.2521,100,,,
2169,-5855,-598.76,1926.1,7.2543,100,,,
2170,-5855.2,-599.12,1926.1,7.2565,100,,,
2171,-5855.2,-599.13,1926.1,7.2587,100,,,
2172,-5855.4,-599.5,1926.1,7.2609,100,,,
2173,-5855.5,-599.51,1926.1,7.2631,100,,,
2174,-5855.7,-599.88,1926.1,7.2653,100,,,
2175,-5855.7,-599.89,1926.1,7.2675,100,,,
2176,-5855.9,-600.26,1926.1,7.2696,100,,,
2177,-5856,-600.27,1926.1,7.2718,100,,,
2178,-5856.1,-600.63,1926.1,7.2739,100,,,
2179,-5856.2,-600.64,1926.1,7.276,100,,,
2180,-5856.4,-601.01,1926.1,7.2782,100,,,
2181,-5856.4,-601.02,1926.1,7.2803,100,,,
2182,-5856.6,-601.39,1926.1,7.2824,100,,,
2183,-5856.7,-601.4,1926.1,7.2845,100,,,
2184,-5856.8,-601.77,1926.1,7.2865,100,,,
2185,-5856.9,-601.78,1926.1,7.2886,100,,,
2186,-5857.1,-602.14,1926.1,7.2907,100,,,
2187,-5857.1,-602.15,1926.1,7.2927,100,,,
2188,-5857.3,-602.52,1926.1,7.2948,100,,,
2189,-5857.4,-602.53,1926.1,7.2968,100,,,
2190,-5857.5,-602.9,1926.1,7.2989,100,,,
2191,-5857.6,-602.91,1926.1,7.3009,100,,,
2192,-5857.8,-603.27,1926.1,7.3029,100,,,
2193,-5857.8,-603.28,1926.1,7.3049,100,,,
2194,-5858,-603.65,1926.1,7.3069,100,,,
2195,-5858,-603.66,1926.1,7.3089,100,,,
2196,-5858.2,-604.03,1926.1,7.3108,100,,,
2197,-5858.3,-604.04,1926.1,7.3128,100,,,
2198,-5858.4,-604.41,1926.1,7.3148,100,,,
2199,-5858.5,-604.42,1926.1,7.3167,100,,,
2200,-5858.7,-604.78,1926.1,7.3187,100,,,
2201,-5858.7,-604.79,1926.1,7.3206,100,,,
2202,-5858.9,-605.16,1926.1,7.3225,100,,,
2203,-5858.9,-605.17,1926.1,7.3244,100,,,
2204,-5859.1,-605.54,1926.1,7.3263,100,,,
2205,-5859.2,-605.55,1926.1,7.3282,100,,,
2206,-5859.3,-605.91,1926.1,7.3301,100,,,
2207,-5859.4,-605.92,1926.1,7.332,100,,,
2208,-5859.5,-606.29,1926.1,7.3339,100,,,
2209,-5859.6,-606.3,1926.1,7.3357,100,,,
2210,-5859.8,-606.67,1926.1,7.3376,100,,,
2211,-5859.8,-606.68,1926.1,7.3394,100,,,
2212,-5860,-607.04,1926.1,7.3413,100,,,
2213,-5860,-607.05,1926.1,7.3431,100,,,
2214,-5860.2,-607.42,1926.1,7.3449,100,,,
2215,-5860.3,-607.43,1926.1,7.3467,100,,,
2216,-5860.4,-607.8,1926.1,7.3485,100,,,
2217,-5860.5,-607.81,1926.1,7.3503,100,,,
2218,-5860.6,-608.17,1926.1,7.3521,100,,,
2219,-5860.7,-608.18,1926.1,7.3539,100,,,
2220,-5860.8,-608.55,1926.1,7.3557,100,,,
2221,-5860.9,-608.56,1926.1,7.3575,100,,,
2222,-5861.1,-608.93,1926.2,7.3592,100,,,
2223,-5861.1,-608.94,1926.2,7.361,100,,,
2224,-5861.3,-609.3,1926.2,7.3627,100,,,
2225,-5861.3,-609.31,1926.2,7.3645,100,,,
2226,-5861.5,-609.68,1926.2,7.3662,100,,,
2227,-5861.5,-609.69,1926.2,7.3679,100,,,
2228,-5861.7,-610.06,1926.2,7.3696,100,,,
2229,-5861.7,-610.07,1926.2,7.3713,100,,,
2230,-5861.9,-610.43,1926.2,7.373,100,,,
2231,-5862,-610.44,1926.2,7.3747,100,,,
2232,-5862.1,-610.81,1926.2,7.3764,100,,,
2233,-5862.2,-610.82,1926.2,7.3781,100,,,
2234,-5862.3,-611.19,1926.2,7.3798,100,,,
2235,-5862.4,-611.2,1926.2,7.3814,100,,,
2236,-5862.5,-611.56,1926.2,7.3831,100,,,
2237,-5862.6,-611.57,1926.2,7.3847,100,,,
2238,-5862.7,-611.94,1926.2,7.3864,100,,,
2239,-5862.8,-611.95,1926.2,7.388,100,,,
2240,-5862.9,-612.32,1926.2,7.3896,100,,,
2241,-5863,-612.33,1926.2,7.3912,100,,,
2242,-5863.2,-612.69,1926.2,7.3928,100,,,
2243,-5863.2,-612.7,1926.2,7.3944,100,,,
2244,-5863.4,-613.07,1926.2,7.3961,100,,,
2245,-5863.4,-613.08,1926.2,7.3976,100,,,
2246,-5863.6,-613.45,1926.2,7.3992,100,,,
2247,-5863.6,-613.45,1926.2,7.4008,100,,,
2248,-5863.8,-613.82,1926.2,7.4024,100,,,
2249,-5863.8,-613.83,1926.2,7.4039,100,,,
2250,-5864,-614.2,1926.2,7.4055,100,,,
2251,-5864,-614.21,1926.2,7.407,100,,,
2252,-5864.2,-614.57,1926.2,7.4086,100,,,
2253,-5864.2,-614.58,1926.2,7.4101,100,,,
2254,-5864.4,-614.95,1926.2,7.4117,100,,,
2255,-5864.4,-614.96,1926.2,7.4132,100,,,
2256,-5864.6,-615.33,1926.2,7.4147,100,,,
2257,-5864.6,-615.34,1926.2,7.4162,100,,,
2258,-5864.8,-615.7,1926.2,7.4177,100,,,
2259,-5864.8,-615.71,1926.2,7.4192,100,,,
2260,-5865,-616.08,1926.2,7.4207,100,,,
2261,-5865,-616.09,1926.2,7.4222,100,,,
2262,-5865.2,-616.46,1926.2,7.4237,100,,,
2263,-5865.2,-616.46,1926.2,7.4251,100,,,
2264,-5865.3,-616.83,1926.2,7.4266,100,,,
2265,-5865.4,-616.84,1926.2,7.4281,100,,,
2266,-5865.5,-617.21,1926.2,7.4295,100,,,
2267,-5865.6,-617.22,1926.2,7.431,100,,,
2268,-5865.7,-617.58,1926.2,7.4324,100,,,
2269,-5865.8,-617.59,1926.2,7.4338,100,,,
2270,-5865.9,-617.96,1926.2,7.4353,100,,,
2271,-5866,-617.97,1926.2,7.4367,100,,,
2272,-5866.1,-618.34,1926.2,7.4381,100,,,
2273,-5866.2,-618.34,1926.2,7.4395,100,,,
2274,-5866.3,-618.71,1926.2,7.4409,100,,,
2275,-5866.4,-618.72,1926.2,7.4423,100,,,
2276,-5866.5,-619.09,1926.2,7.4437,100,,,
2277,-5866.5,-619.1,1926.2,7.4451,100,,,
2278,-5866.7,-619.46,1926.2,7.4465,100,,,
2279,-5866.7,-619.47,1926.2,7.4479,100,,,
2280,-5866.9,-619.84,1926.2,7.4493,100,,,
2281,-5866.9,-619.85,1926.2,7.4506,100,,,
2282,-5867.1,-620.22,1926.2,7.452,100,,,
2283,-5867.1,-620.22,1926.2,7.4533,100,,,
2284,-5867.3,-620.59,1926.2,7.4547,100,,,
2285,-5867.3,-620.6,1926.2,7.456,100,,,
2286,-5867.4,-620.97,1926.2,7.4574,100,,,
2287,-5867.5,-620.98,1926.2,7.4587,100,,,
2288,-5867.6,-621.34,1926.2,7.46,100,,,
2289,-5867.7,-621.35,1926.2,7.4613,100,,,
2290,-5867.8,-621.72,1926.3,7.4627,100,,,
2291,-5867.8,-621.73,1926.3,7.464,100,,,
2292,-5868,-622.1,1926.3,7.4653,100,,,
2293,-5868,-622.1,1926.3,7.4666,100,,,
2294,-5868.2,-622.47,1926.3,7.4679,100,,,
2295,-5868.2,-622.48,1926.3,7.4692,100,,,
2296,-5868.4,-622.85,1926.3,7.4704,100,,,
2297,-5868.4,-622.86,1926.3,7.4717,100,,,
2298,-5868.5,-623.22,1926.3,7.473,100,,,
2299,-5868.6,-623.23,1926.3,7.4743,100,,,
2300,-5868.7,-623.6,1926.3,7.4755,100,,,
2301,-5868.8,-623.61,1926.3,7.4768,100,,,
2302,-5868.9,-623.97,1926.3,7.478,100,,,
2303,-5868.9,-623.98,1926.3,7.4793,100,,,
2304,-5869.1,-624.35,1926.3,7.4805,100,,,
2305,-5869.1,-624.36,1926.3,7.4818,100,,,
2306,-5869.3,-624.73,1926.3,7.483,100,,,
2307,-5869.3,-624.73,1926.3,7.4842,100,,,
2308,-5869.4,-625.1,1926.3,7.4854,100,,,
2309,-5869.5,-625.11,1926.3,7.4867,100,,,
2310,-5869.6,-625.48,1926.3,7.4879,100,,,
2311,-5869.6,-625.49,1926.3,7.4891,100,,,
2312,-5869.8,-625.85,1926.3,7.4903,100,,,
2313,-5869.8,-625.86,1926.3,7.4915,100,,,
2314,-5870,-626.23,1926.3,7.4927,100,,,
2315,-5870,-626.24,1926.3,7.4939,100,,,
2316,-5870.1,-626.6,1926.3,7.495,100,,,
2317,-5870.2,-626.61,1926.3,7.4962,100,,,
2318,-5870.3,-626.98,1926.3,7.4974,100,,,
2319,-5870.3,-626.99,1926.3,7.4986,100,,,
2320,-5870.5,-627.36,1926.3,7.4997,100,,,
2321,-5870.5,-627.36,1926.3,7.5009,100,,,
2322,-5870.7,-627.73,1926.3,7.5021,100,,,
2323,-5870.7,-627.74,1926.3,7.5032,100,,,
2324,-5870.8,-628.11,1926.3,7.5044,100,,,
2325,-5870.9,-628.12,1926.3,7.5055,100,,,
2326,-5871,-628.48,1926.3,7.5066,100,,,
2327,-5871,-628.49,1926.3,7.5078,100,,,
2328,-5871.2,-628.86,1926.3,7.5089,100,,,
2329,-5871.2,-628.87,1926.3,7.51,100,,,
2330,-5871.3,-629.23,1926.3,7.5111,100,,,
2331,-5871.4,-629.24,1926.3,7.5123,100,,,
2332,-5871.5,-629.61,1926.3,7.5134,100,,,
2333,-5871.5,-629.62,1926.3,7.5145,100,,,
2334,-5871.7,-629.98,1926.3,7.5156,100,,,
2335,-5871.7,-629.99,1926.3,7.5167,100,,,
2336,-5871.8,-630.36,1926.3,7.5178,100,,,
2337,-5871.9,-630.37,1926.3,7.5189,100,,,
2338,-5872,-630.74,1926.3,7.52,100,,,
2339,-5872,-630.74,1926.3,7.521,100,,,
2340,-5872.2,-631.11,1926.3,7.5221,100,,,
2341,-5872.2,-631.12,1926.3,7.5232,100,,,
2342,-5872.3,-631.49,1926.3,7.5243,100,,,
2343,-5872.4,-631.49,1926.3,7.5253,100,,,
2344,-5872.5,-631.86,1926.3,7.5264,100,,,
2345,-5872.5,-631.87,1926.3,7.5274,100,,,
2346,-5872.7,-632.24,1926.3,7.5285,100,,,
2347,-5872.7,-632.25,1926.3,7.5295,100,,,
2348,-5872.8,-632.61,1926.3,7.5306,100,,,
2349,-5872.9,-632.62,1926.3,7.5316,100,,,
2350,-5873,-632.99,1926.3,7.5327,100,,,
2351,-5873,-633,1926.3,7.5337,100,,,
2352,-5873.1,-633.36,1926.3,7.5347,100,,,
2353,-5873.2,-633.37,1926.3,7.5358,100,,,
2354,-5873.3,-633.74,1926.3,7.5368,100,,,
2355,-5873.3,-633.75,1926.3,7.5378,100,,,
2356,-5873.5,-634.11,1926.3,7.5388,100,,,
2357,-5873.5,-634.12,1926.3,7.5398,100,,,
2358,-5873.6,-634.49,1926.3,7.5408,100,,,
2359,-5873.7,-634.5,1926.3,7.5418,100,,,
2360,-5873.8,-634.86,1926.4,7.5428,100,,,
2361,-5873.8,-634.87,1926.4,7.5438,100,,,
2362,-5873.9,-635.24,1926.4,7.5448,100,,,
2363,-5874,-635.25,1926.4,7.5458,100,,,
2364,-5874.1,-635.62,1926.4,7.5468,100,,,
2365,-5874.1,-635.62,1926.4,7.5478,100,,,
2366,-5874.3,-635.99,1926.4,7.5487,100,,,
2367,-5874.3,-636,1926.4,7.5497,100,,,
2368,-5874.4,-636.37,1926.4,7.5507,100,,,
2369,-5874.4,-636.37,1926.4,7.5517,100,,,
2370,-5874.6,-636.74,1926.4,7.5526,100,,,
2371,-5874.6,-636.75,1926.4,7.5536,100,,,
2372,-5874.7,-637.12,1926.4,7.5545,100,,,
2373,-5874.8,-637.12,1926.4,7.5555,100,,,
2374,-5874.9,-637.49,1926.4,7.5564,100,,,
2375,-5874.9,-637.5,1926.4,7.5574,100,,,
2376,-5875,-637.87,1926.4,7.5583,100,,,
2377,-5875.1,-637.87,1926.4,7.5593,100,,,
2378,-5875.2,-638.24,1926.4,7.5602,100,,,
2379,-5875.2,-638.25,1926.4,7.5611,100,,,
2380,-5875.3,-638.62,1926.4,7.5621,100,,,
2381,-5875.4,-638.63,1926.4,7.563,100,,,
2382,-5875.5,-638.99,1926.4,7.5639,100,,,
2383,-5875.5,-639,1926.4,7.5648,100,,,
2384,-5875.6,-639.37,1926.4,7.5657,100,,,
2385,-5875.7,-639.38,1926.4,7.5666,100,,,
2386,-5875.8,-639.74,1926.4,7.5675,100,,,
2387,-5875.8,-639.75,1926.4,7.5685,100,,,
2388,-5875.9,-640.12,1926.4,7.5694,100,,,
2389,-5876,-640.13,1926.4,7.5702,100,,,
2390,-5876.1,-640.49,1926.4,7.5711,100,,,
2391,-5876.1,-640.5,1926.4,7.572,100,,,
2392,-5876.2,-640.87,1926.4,7.5729,100,,,
2393,-5876.3,-640.88,1926.4,7.5738,100,,,
2394,-5876.4,-641.24,1926.4,7.5747,100,,,
2395,-5876.4,-641.25,1926.4,7.5756,100,,,
2396,-5876.5,-641.62,1926.4,7.5764,100,,,
2397,-5876.6,-641.63,1926.4,7.5773,100,,,
2398,-5876.7,-641.99,1926.4,7.5782,100,,,
2399,-5876.7,-642,1926.4,7.5791,100,,,
2400,-5876.8,-642.37,1926.4,7.5799,100,,,
2401,-5876.8,-642.38,1926.4,7.5808,100,,,
2402,-5877,-642.74,1926.4,7.5816,100,,,
2403,-5877,-642.75,1926.4,7.5825,100,,,
2404,-5877.1,-643.12,1926.4,7.5833,100,,,
2405,-5877.1,-643.13,1926.4,7.5842,100,,,
2406,-5877.2,-643.49,1926.4,7.585,100,,,
2407,-5877.3,-643.5,1926.4,7.5859,100,,,
2408,-5877.4,-643.87,1926.4,7.5867,100,,,
2409,-5877.4,-643.88,1926.4,7.5875,100,,,
2410,-5877.5,-644.24,1926.4,7.5884,100,,,
2411,-5877.6,-644.25,1926.4,7.5892,100,,,
2412,-5877.7,-644.62,1926.4,7.59,100,,,
2413,-5877.7,-644.63,1926.4,7.5909,100,,,
2414,-5877.8,-644.99,1926.4,7.5917,100,,,
2415,-5877.8,-645,1926.4,7.5925,100,,,
2416,-5878,-645.37,1926.4,7.5933,100,,,
2417,-5878,-645.38,1926.4,7.5941,100,,,
2418,-5878.1,-645.74,1926.4,7.5949,100,,,
2419,-5878.1,-645.75,1926.4,7.5957,100,,,
2420,-5878.2,-646.12,1926.4,7.5966,100,,,
2421,-5878.3,-646.12,1926.4,7.5974,100,,,
2422,-5878.4,-646.49,1926.4,7.5982,100,,,
2423,-5878.4,-646.5,1926.4,7.599,100,,,
2424,-5878.5,-646.87,1926.4,7.5997,100,,,
2425,-5878.5,-646.87,1926.4,7.6005,100,,,
2426,-5878.6,-647.24,1926.4,7.6013,100,,,
2427,-5878.7,-647.25,1926.4,7.6021,100,,,
2428,-5878.8,-647.62,1926.4,7.6029,100,,,
2429,-5878.8,-647.62,1926.4,7.6037,100,,,
2430,-5878.9,-647.99,1926.4,7.6045,100,,,
2431,-5879,-648,1926.4,7.6052,100,,,
2432,-5879.1,-648.37,1926.5,7.606,100,,,
2433,-5879.1,-648.37,1926.5,7.6068,100,,,
2434,-5879.2,-648.74,1926.5,7.6075,100,,,
2435,-5879.2,-648.75,1926.5,7.6083,100,,,
2436,-5879.3,-649.12,1926.5,7.6091,100,,,
2437,-5879.4,-649.12,1926.5,7.6098,100,,,
2438,-5879.5,-649.49,1926.5,7.6106,100,,,
2439,-5879.5,-649.5,1926.5,7.6113,100,,,
2440,-5879.6,-649.86,1926.5,7.6121,100,,,
2441,-5879.6,-649.87,1926.5,7.6128,100,,,
2442,-5879.7,-650.24,1926.5,7.6136,100,,,
2443,-5879.8,-650.25,1926.5,7.6143,100,,,
2444,-5879.9,-650.61,1926.5,7.6151,100,,,
2445,-5879.9,-650.62,1926.5,7.6158,100,,,
2446,-5880,-650.99,1926.5,7.6165,100,,,
2447,-5880,-651,1926.5,7.6173,100,,,
2448,-5880.1,-651.36,1926.5,7.618,100,,,
2449,-5880.2,-651.37,1926.5,7.6187,100,,,
2450,-5880.3,-651.74,1926.5,7.6195,100,,,
2451,-5880.3,-651.75,1926.5,7.6202,100,,,
2452,-5880.4,-652.11,1926.5,7.6209,100,,,
2453,-5880.4,-652.12,1926.5,7.6216,100,,,
2454,-5880.5,-652.49,1926.5,7.6224,100,,,
2455,-5880.5,-652.5,1926.5,7.6231,100,,,
2456,-5880.6,-652.86,1926.5,7.6238,100,,,
2457,-5880.7,-652.87,1926.5,7.6245,100,,,
2458,-5880.8,-653.24,1926.5,7.6252,100,,,
2459,-5880.8,-653.24,1926.5,7.6259,100,,,
2460,-5880.9,-653.61,1926.5,7.6266,100,,,
2461,-5880.9,-653.62,1926.5,7.6273,100,,,
2462,-5881,-653.99,1926.5,7.628,100,,,
2463,-5881.1,-653.99,1926.5,7.6287,100,,,
2464,-5881.1,-654.36,1926.5,7.6294,100,,,
2465,-5881.2,-654.37,1926.5,7.6301,100,,,
2466,-5881.3,-654.73,1926.5,7.6308,100,,,
2467,-5881.3,-654.74,1926.5,7.6315,100,,,
2468,-5881.4,-655.11,1926.5,7.6322,100,,,
2469,-5881.4,-655.12,1926.5,7.6329,100,,,
2470,-5881.5,-655.48,1926.5,7.6335,100,,,
2471,-5881.6,-655.49,1926.5,7.6342,100,,,
2472,-5881.6,-655.86,1926.5,7.6349,100,,,
2473,-5881.7,-655.87,1926.5,7.6356,100,,,
2474,-5881.8,-656.23,1926.5,7.6363,100,,,
2475,-5881.8,-656.24,1926.5,7.6369,100,,,
2476,-5881.9,-656.61,1926.5,7.6376,100,,,
2477,-5881.9,-656.61,1926.5,7.6383,100,,,
2478,-5882,-656.98,1926.5,7.6389,100,,,
2479,-5882,-656.99,1926.5,7.6396,100,,,
2480,-5882.1,-657.36,1926.5,7.6403,100,,,
2481,-5882.2,-657.36,1926.5,7.6409,100,,,
2482,-5882.3,-657.73,1926.5,7.6416,100,,,
2483,-5882.3,-657.74,1926.5,7.6422,100,,,
2484,-5882.4,-658.1,1926.5,7.6429,100,,,
2485,-5882.4,-658.11,1926.5,7.6435,100,,,
2486,-5882.5,-658.48,1926.5,7.6442,100,,,
2487,-5882.5,-658.49,1926.5,7.6448,100,,,
2488,-5882.6,-658.85,1926.5,7.6455,100,,,
2489,-5882.7,-658.86,1926.5,7.6461,100,,,
2490,-5882.7,-659.23,1926.5,7.6468,100,,,
2491,-5882.8,-659.24,1926.5,7.6474,100,,,
2492,-5882.9,-659.6,1926.5,7.648,100,,,
2493,-5882.9,-659.61,1926.5,7.6487,100,,,
2494,-5883,-659.98,1926.5,7.6493,100,,,
2495,-5883,-659.98,1926.5,7.65,100,,,
2496,-5883.1,-660.35,1926.5,7.6506,100,,,
2497,-5883.1,-660.36,1926.5,7.6512,100,,,
2498,-5883.2,-660.72,1926.5,7.6518,100,,,
2499,-5883.2,-660.73,1926.5,7.6525,100,,,
2500,-5883.3,-661.1,1926.5,7.6531,100,,,
2501,-5883.4,-661.11,1926.5,7.6537,100,,,
2502,-5883.5,-661.47,1926.5,7.6543,100,,,
2503,-5883.5,-661.48,1926.5,7.655,100,,,
2504,-5883.6,-661.85,1926.5,7.6556,100,,,
2505,-5883.6,-661.86,1926.6,7.6562,100,,,
2506,-5883.7,-662.22,1926.6,7.6568,100,,,
2507,-5883.7,-662.23,1926.6,7.6574,100,,,
2508,-5883.8,-662.6,1926.6,7.658,100,,,
2509,-5883.8,-662.6,1926.6,7.6586,100,,,
2510,-5883.9,-662.97,1926.6,7.6592,100,,,
2511,-5883.9,-662.98,1926.6,7.6599,100,,,
2512,-5884,-663.34,1926.6,7.6605,100,,,
2513,-5884.1,-663.35,1926.6,7.6611,100,,,
2514,-5884.1,-663.72,1926.6,7.6617,100,,,
2515,-5884.2,-663.73,1926.6,7.6623,100,,,
2516,-5884.3,-664.09,1926.6,7.6629,100,,,
2517,-5884.3,-664.1,1926.6,7.6634,100,,,
2518,-5884.4,-664.47,1926.6,7.664,100,,,
2519,-5884.4,-664.47,1926.6,7.6646,100,,,
2520,-5884.5,-664.84,1926.6,7.6652,100,,,
2521,-5884.5,-664.85,1926.6,7.6658,100,,,
2522,-5884.6,-665.21,1926.6,7.6664,100,,,
2523,-5884.6,-665.22,1926.6,7.667,100,,,
2524,-5884.7,-665.59,1926.6,7.6676,100,,,
2525,-5884.7,-665.6,1926.6,7.6682,100,,,
2526,-5884.8,-665.96,1926.6,7.6687,100,,,
2527,-5884.8,-665.97,1926.6,7.6693,100,,,
2528,-5884.9,-666.34,1926.6,7.6699,100,,,
2529,-5884.9,-666.34,1926.6,7.6705,100,,,
2530,-5885,-666.71,1926.6,7.6711,100,,,
2531,-5885.1,-666.72,1926.6,7.6716,100,,,
2532,-5885.1,-667.08,1926.6,7.6722,100,,,
2533,-5885.2,-667.09,1926.6,7.6728,100,,,
2534,-5885.3,-667.46,1926.6,7.6733,100,,,
2535,-5885.3,-667.47,1926.6,7.6739,100,,,
2536,-5885.4,-667.83,1926.6,7.6745,100,,,
2537,-5885.4,-667.84,1926.6,7.6751,100,,,
2538,-5885.5,-668.21,1926.6,7.6756,100,,,
2539,-5885.5,-668.21,1926.6,7.6762,100,,,
2540,-5885.6,-668.58,1926.6,7.6767,100,,,
2541,-5885.6,-668.59,1926.6,7.6773,100,,,
2542,-5885.7,-668.95,1926.6,7.6779,100,,,
2543,-5885.7,-668.96,1926.6,7.6784,100,,,
2544,-5885.8,-669.33,1926.6,7.679,100,,,
2545,-5885.8,-669.34,1926.6,7.6795,100,,,
2546,-5885.9,-669.7,1926.6,7.6801,100,,,
2547,-5885.9,-669.71,1926.6,7.6806,100,,,
2548,-5886,-670.08,1926.6,7.6812,100,,,
2549,-5886,-670.08,1926.6,7.6817,100,,,
2550,-5886.1,-670.45,1926.6,7.6823,100,,,
2551,-5886.1,-670.46,1926.6,7.6828,100,,,
2552,-5886.2,-670.82,1926.6,7.6834,100,,,
2553,-5886.2,-670.83,1926.6,7.6839,100,,,
2554,-5886.3,-671.2,1926.6,7.6845,100,,,
2555,-5886.3,-671.21,1926.6,7.685,100,,,
2556,-5886.4,-671.57,1926.6,7.6856,100,,,
2557,-5886.4,-671.58,1926.6,7.6861,100,,,
2558,-5886.5,-671.95,1926.6,7.6866,100,,,
2559,-5886.5,-671.95,1926.6,7.6872,100,,,
2560,-5886.6,-672.32,1926.6,7.6877,100,,,
2561,-5886.6,-672.33,1926.6,7.6882,100,,,
2562,-5886.7,-672.69,1926.6,7.6888,100,,,
2563,-5886.7,-672.7,1926.6,7.6893,100,,,
2564,-5886.8,-673.07,1926.6,7.6898,100,,,
2565,-5886.8,-673.07,1926.6,7.6904,100,,,
2566,-5886.9,-673.44,1926.6,7.6909,100,,,
2567,-5887,-673.45,1926.6,7.6914,100,,,
2568,-5887,-673.81,1926.6,7.692,100,,,
2569,-5887.1,-673.82,1926.6,7.6925,100,,,
2570,-5887.1,-674.19,1926.6,7.693,100,,,
2571,-5887.2,-674.2,1926.6,7.6935,100,,,
2572,-5887.2,-674.56,1926.6,7.694,100,,,
2573,-5887.3,-674.57,1926.6,7.6946,100,,,
2574,-5887.3,-674.94,1926.6,7.6951,100,,,
2575,-5887.4,-674.94,1926.6,7.6956,100,,,
2576,-5887.4,-675.31,1926.6,7.6961,100,,,
2577,-5887.5,-675.32,1926.6,7.6966,100,,,
2578,-5887.5,-675.68,1926.6,7.6972,100,,,
2579,-5887.6,-675.69,1926.6,7.6977,100,,,
2580,-5887.6,-676.06,1926.6,7.6982,100,,,
2581,-5887.6,-676.06,1926.6,7.6987,100,,,
2582,-5887.7,-676.43,1926.7,7.6992,100,,,
2583,-5887.7,-676.44,1926.7,7.6997,100,,,
2584,-5887.8,-676.8,1926.7,7.7002,100,,,
2585,-5887.8,-676.81,1926.7,7.7007,100,,,
2586,-5887.9,-677.18,1926.7,7.7012,100,,,
2587,-5887.9,-677.18,1926.7,7.7018,100,,,
2588,-5888,-677.55,1926.7,7.7023,100,,,
2589,-5888,-677.56,1926.7,7.7028,100,,,
2590,-5888.1,-677.92,1926.7,7.7033,100,,,
2591,-5888.1,-677.93,1926.7,7.7038,100,,,
2592,-5888.2,-678.3,1926.7,7.7043,100,,,
2593,-5888.2,-678.3,1926.7,7.7048,100,,,
2594,-5888.3,-678.67,1926.7,7.7053,100,,,
2595,-5888.3,-678.68,1926.7,7.7058,100,,,
2596,-5888.4,-679.05,1926.7,7.7063,100,,,
2597,-5888.4,-679.05,1926.7,7.7068,100,,,
2598,-5888.5,-679.42,1926.7,7.7073,100,,,
2599,-5888.5,-679.43,1926.7,7.7077,100,,,
2600,-5888.6,-679.79,1926.7,7.7082,100,,,
2601,-5888.6,-679.8,1926.7,7.7087,100,,,
2602,-5888.7,-680.17,1926.7,7.7092,100,,,
2603,-5888.7,-680.17,1926.7,7.7097,100,,,
2604,-5888.8,-680.54,1926.7,7.7102,100,,,
2605,-5888.8,-680.55,1926.7,7.7107,100,,,
2606,-5888.9,-680.91,1926.7,7.7112,100,,,
2607,-5888.9,-680.92,1926.7,7.7117,100,,,
2608,-5889,-681.29,1926.7,7.7122,100,,,
2609,-5889,-681.29,1926.7,7.7126,100,,,
2610,-5889.1,-681.66,1926.7,7.7131,100,,,
2611,-5889.1,-681.67,1926.7,7.7136,100,,,
2612,-5889.1,-682.03,1926.7,7.7141,100,,,
2613,-5889.2,-682.04,1926.7,7.7146,100,,,
2614,-5889.2,-682.41,1926.7,7.715,100,,,
2615,-5889.3,-682.41,1926.7,7.7155,100,,,
2616,-5889.3,-682.78,1926.7,7.716,100,,,
2617,-5889.3,-682.79,1926.7,7.7165,100,,,
2618,-5889.4,-683.15,1926.7,7.717,100,,,
2619,-5889.4,-683.16,1926.7,7.7174,100,,,
2620,-5889.5,-683.53,1926.7,7.7179,100,,,
2621,-5889.5,-683.53,1926.7,7.7184,100,,,
2622,-5889.6,-683.9,1926.7,7.7189,100,,,
2623,-5889.6,-683.91,1926.7,7.7193,100,,,
2624,-5889.7,-684.27,1926.7,7.7198,100,,,
2625,-5889.7,-684.28,1926.7,7.7203,100,,,
2626,-5889.8,-684.65,1926.7,7.7207,100,,,
2627,-5889.8,-684.65,1926.7,7.7212,100,,,
2628,-5889.9,-685.02,1926.7,7.7217,100,,,
2629,-5889.9,-685.03,1926.7,7.7222,100,,,
2630,-5890,-685.39,1926.7,7.7226,100,,,
2631,-5890,-685.4,1926.7,7.7231,100,,,
2632,-5890,-685.77,1926.7,7.7236,100,,,
2633,-5890.1,-685.77,1926.7,7.724,100,,,
2634,-5890.1,-686.14,1926.7,7.7245,100,,,
2635,-5890.2,-686.15,1926.7,7.7249,100,,,
2636,-5890.2,-686.51,1926.7,7.7254,100,,,
2637,-5890.2,-686.52,1926.7,7.7259,100,,,
2638,-5890.3,-686.89,1926.7,7.7263,100,,,
2639,-5890.3,-686.89,1926.7,7.7268,100,,,
2640,-5890.4,-687.26,1926.7,7.7272,100,,,
2641,-5890.4,-687.27,1926.7,7.7277,100,,,
2642,-5890.5,-687.63,1926.7,7.7282,100,,,
2643,-5890.5,-687.64,1926.7,7.7286,100,,,
2644,-5890.6,-688,1926.7,7.7291,100,,,
2645,-5890.6,-688.01,1926.7,7.7295,100,,,
2646,-5890.6,-688.38,1926.7,7.73,100,,,
2647,-5890.7,-688.38,1926.7,7.7304,100,,,
2648,-5890.7,-688.75,1926.7,7.7309,100,,,
2649,-5890.8,-688.76,1926.7,7.7313,100,,,
2650,-5890.8,-689.12,1926.7,7.7318,100,,,
2651,-5890.8,-689.13,1926.7,7.7322,100,,,
2652,-5890.9,-689.5,1926.7,7.7327,100,,,
2653,-5890.9,-689.5,1926.7,7.7331,100,,,
2654,-5891,-689.87,1926.7,7.7336,100,,,
2655,-5891,-689.88,1926.7,7.734,100,,,
2656,-5891.1,-690.24,1926.7,7.7345,100,,,
2657,-5891.1,-690.25,1926.7,7.7349,100,,,
2658,-5891.2,-690.62,1926.7,7.7354,100,,,
2659,-5891.2,-690.62,1926.7,7.7358,100,,,
2660,-5891.2,-690.99,1926.8,7.7363,100,,,
2661,-5891.3,-691,1926.8,7.7367,100,,,
2662,-5891.3,-691.36,1926.8,7.7371,100,,,
2663,-5891.3,-691.37,1926.8,7.7376,100,,,
2664,-5891.4,-691.74,1926.8,7.738,100,,,
2665,-5891.4,-691.74,1926.8,7.7385,100,,,
2666,-5891.5,-692.11,1926.8,7.7389,100,,,
2667,-5891.5,-692.11,1926.8,7.7393,100,,,
2668,-5891.6,-692.48,1926.8,7.7398,100,,,
2669,-5891.6,-692.49,1926.8,7.7402,100,,,
2670,-5891.6,-692.85,1926.8,7.7407,100,,,
2671,-5891.7,-692.86,1926.8,7.7411,100,,,
2672,-5891.7,-693.23,1926.8,7.7415,100,,,
2673,-5891.7,-693.23,1926.8,7.742,100,,,
2674,-5891.8,-693.6,1926.8,7.7424,100,,,
2675,-5891.8,-693.61,1926.8,7.7428,100,,,
2676,-5891.9,-693.97,1926.8,7.7433,100,,,
2677,-5891.9,-693.98,1926.8,7.7437,100,,,
2678,-5892,-694.35,1926.8,7.7441,100,,,
2679,-5892,-694.35,1926.8,7.7446,100,,,
2680,-5892,-694.72,1926.8,7.745,100,,,
2681,-5892.1,-694.72,1926.8,7.7454,100,,,
2682,-5892.1,-695.09,1926.8,7.7458,100,,,
2683,-5892.1,-695.1,1926.8,7.7463,100,,,
2684,-5892.2,-695.46,1926.8,7.7467,100,,,
2685,-5892.2,-695.47,1926.8,7.7471,100,,,
2686,-5892.3,-695.84,1926.8,7.7475,100,,,
2687,-5892.3,-695.84,1926.8,7.748,100,,,
2688,-5892.4,-696.21,1926.8,7.7484,100,,,
2689,-5892.4,-696.22,1926.8,7.7488,100,,,
2690,-5892.4,-696.58,1926.8,7.7492,100,,,
2691,-5892.5,-696.59,1926.8,7.7497,100,,,
2692,-5892.5,-696.96,1926.8,7.7501,100,,,
2693,-5892.5,-696.96,1926.8,7.7505,100,,,
2694,-5892.6,-697.33,1926.8,7.7509,100,,,
2695,-5892.6,-697.33,1926.8,7.7513,100,,,
2696,-5892.7,-697.7,1926.8,7.7518,100,,,
2697,-5892.7,-697.71,1926.8,7.7522,100,,,
2698,-5892.7,-698.07,1926.8,7.7526,100,,,
2699,-5892.8,-698.08,1926.8,7.753,100,,,
2700,-5892.8,-698.45,1926.8,7.7534,100,,,
2701,-5892.8,-698.45,1926.8,7.7538,100,,,
2702,-5892.9,-698.82,1926.8,7.7543,100,,,
2703,-5892.9,-698.83,1926.8,7.7547,100,,,
2704,-5893,-699.19,1926.8,7.7551,100,,,
2705,-5893,-699.2,1926.8,7.7555,100,,,
2706,-5893,-699.56,1926.8,7.7559,100,,,
2707,-5893.1,-699.57,1926.8,7.7563,100,,,
2708,-5893.1,-699.94,1926.8,7.7567,100,,,
2709,-5893.1,-699.94,1926.8,7.7571,100,,,
2710,-5893.2,-700.31,1926.8,7.7575,100,,,
2711,-5893.2,-700.32,1926.8,7.758,100,,,
2712,-5893.3,-700.68,1926.8,7.7584,100,,,
2713,-5893.3,-700.69,1926.8,7.7588,100,,,
2714,-5893.3,-701.05,1926.8,7.7592,100,,,
2715,-5893.4,-701.06,1926.8,7.7596,100,,,
2716,-5893.4,-701.43,1926.8,7.76,100,,,
2717,-5893.4,-701.43,1926.8,7.7604,100,,,
2718,-5893.5,-701.8,1926.8,7.7608,100,,,
2719,-5893.5,-701.81,1926.8,7.7612,100,,,
2720,-5893.6,-702.17,1926.8,7.7616,100,,,
2721,-5893.6,-702.18,1926.8,7.762,100,,,
2722,-5893.6,-702.54,1926.8,7.7624,100,,,
2723,-5893.7,-702.55,1926.8,7.7628,100,,,
2724,-5893.7,-702.92,1926.8,7.7632,100,,,
2725,-5893.7,-702.92,1926.8,7.7636,100,,,
2726,-5893.8,-703.29,1926.8,7.764,100,,,
2727,-5893.8,-703.3,1926.8,7.7644,100,,,
2728,-5893.8,-703.66,1926.8,7.7648,100,,,
2729,-5893.9,-703.67,1926.8,7.7652,100,,,
2730,-5893.9,-704.03,1926.8,7.7656,100,,,
2731,-5893.9,-704.04,1926.8,7.766,100,,,
2732,-5894,-704.41,1926.8,7.7664,100,,,
2733,-5894,-704.41,1926.8,7.7668,100,,,
2734,-5894.1,-704.78,1926.8,7.7672,100,,,
2735,-5894.1,-704.79,1926.8,7.7676,100,,,
2736,-5894.1,-705.15,1926.8,7.768,100,,,
2737,-5894.1,-705.16,1926.8,7.7684,100,,,
2738,-5894.2,-705.52,1926.8,7.7688,100,,,
2739,-5894.2,-705.53,1926.8,7.7692,100,,,
2740,-5894.3,-705.9,1926.8,7.7695,100,,,
2741,-5894.3,-705.9,1926.8,7.7699,100,,,
2742,-5894.3,-706.27,1926.8,7.7703,100,,,
2743,-5894.4,-706.28,1926.8,7.7707,100,,,
2744,-5894.4,-706.64,1926.9,7.7711,100,,,
2745,-5894.4,-706.65,1926.9,7.7715,100,,,
2746,-5894.5,-707.01,1926.9,7.7719,100,,,
2747,-5894.5,-707.02,1926.9,7.7723,100,,,
2748,-5894.5,-707.39,1926.9,7.7727,100,,,
2749,-5894.6,-707.39,1926.9,7.773,100,,,
2750,-5894.6,-707.76,1926.9,7.7734,100,,,
2751,-5894.6,-707.76,1926.9,7.7738,100,,,
2752,-5894.7,-708.13,1926.9,7.7742,100,,,
2753,-5894.7,-708.14,1926.9,7.7746,100,,,
2754,-5894.8,-708.5,1926.9,7.775,100,,,
2755,-5894.8,-708.51,1926.9,7.7753,100,,,
2756,-5894.8,-708.88,1926.9,7.7757,100,,,
2757,-5894.8,-708.88,1926.9,7.7761,100,,,
2758,-5894.9,-709.25,1926.9,7.7765,100,,,
2759,-5894.9,-709.25,1926.9,7.7769,100,,,
2760,-5895,-709.62,1926.9,7.7772,100,,,
2761,-5895,-709.63,1926.9,7.7776,100,,,
2762,-5895,-709.99,1926.9,7.778,100,,,
2763,-5895,-710,1926.9,7.7784,100,,,
2764,-5895.1,-710.36,1926.9,7.7788,100,,,
2765,-5895.1,-710.37,1926.9,7.7791,100,,,
2766,-5895.2,-710.74,1926.9,7.7795,100,,,
2767,-5895.2,-710.74,1926.9,7.7799,100,,,
2768,-5895.2,-711.11,1926.9,7.7803,100,,,
2769,-5895.2,-711.11,1926.9,7.7806,100,,,
2770,-5895.3,-711.48,1926.9,7.781,100,,,
2771,-5895.3,-711.49,1926.9,7.7814,100,,,
2772,-5895.3,-711.85,1926.9,7.7818,100,,,
2773,-5895.4,-711.86,1926.9,7.7821,100,,,
2774,-5895.4,-712.23,1926.9,7.7825,100,,,
2775,-5895.4,-712.23,1926.9,7.7829,100,,,
2776,-5895.5,-712.6,1926.9,7.7832,100,,,
2777,-5895.5,-712.6,1926.9,7.7836,100,,,
2778,-5895.5,-712.97,1926.9,7.784,100,,,
2779,-5895.6,-712.98,1926.9,7.7844,100,,,
2780,-5895.6,-713.34,1926.9,7.7847,100,,,
2781,-5895.6,-713.35,1926.9,7.7851,100,,,
2782,-5895.7,-713.71,1926.9,7.7855,100,,,
2783,-5895.7,-713.72,1926.9,7.7858,100,,,
2784,-5895.7,-714.09,1926.9,7.7862,100,,,
2785,-5895.7,-714.09,1926.9,7.7866,100,,,
2786,-5895.8,-714.46,1926.9,7.7869,100,,,
2787,-5895.8,-714.46,1926.9,7.7873,100,,,
2788,-5895.9,-714.83,1926.9,7.7877,100,,,
2789,-5895.9,-714.84,1926.9,7.788,100,,,
2790,-5895.9,-715.2,1926.9,7.7884,100,,,
2791,-5895.9,-715.21,1926.9,7.7888,100,,,
2792,-5896,-715.57,1926.9,7.7891,100,,,
2793,-5896,-715.58,1926.9,7.7895,100,,,
2794,-5896,-715.95,1926.9,7.7898,100,,,
2795,-5896.1,-715.95,1926.9,7.7902,100,,,
2796,-5896.1,-716.32,1926.9,7.7906,100,,,
2797,-5896.1,-716.32,1926.9,7.7909,100,,,
2798,-5896.2,-716.69,1926.9,7.7913,100,,,
2799,-5896.2,-716.7,1926.9,7.7916,100,,,
2800,-5896.2,-717.06,1926.9,7.792,100,,,
2801,-5896.2,-717.07,1926.9,7.7924,100,,,
2802,-5896.3,-717.43,1926.9,7.7927,100,,,
2803,-5896.3,-717.44,1926.9,7.7931,100,,,
2804,-5896.4,-717.81,1926.9,7.7934,100,,,
2805,-5896.4,-717.81,1926.9,7.7938,100,,,
2806,-5896.4,-718.18,1926.9,7.7941,100,,,
2807,-5896.4,-718.18,1926.9,7.7945,100,,,
2808,-5896.5,-718.55,1926.9,7.7949,100,,,
2809,-5896.5,-718.55,1926.9,7.7952,100,,,
2810,-5896.5,-718.92,1926.9,7.7956,100,,,
2811,-5896.5,-718.93,1926.9,7.7959,100,,,
2812,-5896.6,-719.29,1926.9,7.7963,100,,,
2813,-5896.6,-719.3,1926.9,7.7966,100,,,
2814,-5896.7,-719.66,1926.9,7.797,100,,,
2815,-5896.7,-719.67,1926.9,7.7973,100,,,
2816,-5896.7,-720.04,1926.9,7.7977,100,,,
2817,-5896.7,-720.04,1926.9,7.798,100,,,
2818,-5896.8,-720.41,1926.9,7.7984,100,,,
2819,-5896.8,-720.41,1926.9,7.7987,100,,,
2820,-5896.8,-720.78,1926.9,7.7991,100,,,
2821,-5896.8,-720.79,1926.9,7.7994,100,,,
2822,-5896.9,-721.15,1926.9,7.7998,100,,,
2823,-5896.9,-721.16,1926.9,7.8001,100,,,
2824,-5896.9,-721.52,1926.9,7.8005,100,,,
2825,-5897,-721.53,1926.9,7.8008,100,,,
2826,-5897,-721.89,1926.9,7.8012,100,,,
2827,-5897,-721.9,1926.9,7.8015,100,,,
2828,-5897.1,-722.27,1926.9,7.8019,100,,,
2829,-5897.1,-722.27,1926.9,7.8022,100,,,
2830,-5897.1,-722.64,1926.9,7.8026,100,,,
2831,-5897.1,-722.64,1926.9,7.8029,100,,,
2832,-5897.2,-723.01,1927,7.8033,100,,,
2833,-5897.2,-723.02,1927,7.8036,100,,,
2834,-5897.2,-723.38,1927,7.8039,100,,,
2835,-5897.2,-723.39,1927,7.8043,100,,,
2836,-5897.3,-723.75,1927,7.8046,100,,,
2837,-5897.3,-723.76,1927,7.805,100,,,
2838,-5897.3,-724.12,1927,7.8053,100,,,
2839,-5897.4,-724.13,1927,7.8057,100,,,
2840,-5897.4,-724.5,1927,7.806,100,,,
2841,-5897.4,-724.5,1927,7.8063,100,,,
2842,-5897.5,-724.87,1927,7.8067,100,,,
2843,-5897.5,-724.87,1927,7.807,100,,,
2844,-5897.5,-725.24,1927,7.8074,100,,,
2845,-5897.5,-725.24,1927,7.8077,100,,,
2846,-5897.6,-725.61,1927,7.808,100,,,
2847,-5897.6,-725.62,1927,7.8084,100,,,
2848,-5897.6,-725.98,1927,7.8087,100,,,
2849,-5897.6,-725.99,1927,7.809,100,,,
2850,-5897.7,-726.35,1927,7.8094,100,,,
2851,-5897.7,-726.36,1927,7.8097,100,,,
2852,-5897.7,-726.73,1927,7.8101,100,,,
2853,-5897.7,-726.73,1927,7.8104,100,,,
2854,-5897.8,-727.1,1927,7.8107,100,,,
2855,-5897.8,-727.1,1927,7.8111,100,,,
2856,-5897.8,-727.47,1927,7.8114,100,,,
2857,-5897.9,-727.47,1927,7.8117,100,,,
2858,-5897.9,-727.84,1927,7.8121,100,,,
2859,-5897.9,-727.85,1927,7.8124,100,,,
2860,-5897.9,-728.21,1927,7.8127,100,,,
2861,-5898,-728.22,1927,7.8131,100,,,
2862,-5898,-728.58,1927,7.8134,100,,,
2863,-5898,-728.59,1927,7.8137,100,,,
2864,-5898.1,-728.95,1927,7.8141,100,,,
2865,-5898.1,-728.96,1927,7.8144,100,,,
2866,-5898.1,-729.33,1927,7.8147,100,,,
2867,-5898.1,-729.33,1927,7.8151,100,,,
2868,-5898.2,-729.7,1927,7.8154,100,,,
2869,-5898.2,-729.7,1927,7.8157,100,,,
2870,-5898.2,-730.07,1927,7.816,100,,,
2871,-5898.2,-730.07,1927,7.8164,100,,,
2872,-5898.3,-730.44,1927,7.8167,100,,,
2873,-5898.3,-730.44,1927,7.817,100,,,
2874,-5898.3,-730.81,1927,7.8174,100,,,
2875,-5898.3,-730.82,1927,7.8177,100,,,
2876,-5898.4,-731.18,1927,7.818,100,,,
2877,-5898.4,-731.19,1927,7.8183,100,,,
2878,-5898.4,-731.55,1927,7.8187,100,,,
2879,-5898.4,-731.56,1927,7.819,100,,,
2880,-5898.5,-731.92,1927,7.8193,100,,,
2881,-5898.5,-731.93,1927,7.8196,100,,,
2882,-5898.5,-732.3,1927,7.82,100,,,
2883,-5898.5,-732.3,1927,7.8203,100,,,
2884,-5898.6,-732.67,1927,7.8206,100,,,
2885,-5898.6,-732.67,1927,7.8209,100,,,
2886,-5898.6,-733.04,1927,7.8213,100,,,
2887,-5898.6,-733.04,1927,7.8216,100,,,
2888,-5898.7,-733.41,1927,7.8219,100,,,
2889,-5898.7,-733.41,1927,7.8222,100,,,
2890,-5898.7,-733.78,1927,7.8226,100,,,
2891,-5898.7,-733.79,1927,7.8229,100,,,
2892,-5898.8,-734.15,1927,7.8232,100,,,
2893,-5898.8,-734.16,1927,7.8235,100,,,
2894,-5898.8,-734.52,1927,7.8238,100,,,
2895,-5898.8,-734.53,1927,7.8242,100,,,
2896,-5898.9,-734.89,1927,7.8245,100,,,
2897,-5898.9,-734.9,1927,7.8248,100,,,
2898,-5898.9,-735.27,1927,7.8251,100,,,
2899,-5898.9,-735.27,1927,7.8254,100,,,
2900,-5899,-735.64,1927,7.8257,100,,,
2901,-5899,-735.64,1927,7.8261,100,,,
2902,-5899,-736.01,1927,7.8264,100,,,
2903,-5899,-736.01,1927,7.8267,100,,,
2904,-5899.1,-736.38,1927,7.827,100,,,
2905,-5899.1,-736.38,1927,7.8273,100,,,
2906,-5899.1,-736.75,1927,7.8277,100,,,
2907,-5899.1,-736.75,1927,7.828,100,,,
2908,-5899.2,-737.12,1927,7.8283,100,,,
2909,-5899.2,-737.13,1927,7.8286,100,,,
2910,-5899.2,-737.49,1927,7.8289,100,,,
2911,-5899.2,-737.5,1927,7.8292,100,,,
2912,-5899.3,-737.86,1927,7.8295,100,,,
2913,-5899.3,-737.87,1927,7.8299,100,,,
2914,-5899.3,-738.23,1927,7.8302,100,,,
2915,-5899.3,-738.24,1927,7.8305,100,,,
2916,-5899.4,-738.6,1927,7.8308,100,,,
2917,-5899.4,-738.61,1927,7.8311,100,,,
2918,-5899.4,-738.98,1927,7.8314,100,,,
2919,-5899.4,-738.98,1927,7.8317,100,,,
2920,-5899.5,-739.35,1927,7.832,100,,,
2921,-5899.5,-739.35,1927,7.8323,100,,,
2922,-5899.5,-739.72,1927,7.8327,100,,,
2923,-5899.5,-739.72,1927,7.833,100,,,
2924,-5899.6,-740.09,1927,7.8333,100,,,
2925,-5899.6,-740.09,1927,7.8336,100,,,
2926,-5899.6,-740.46,1927.1,7.8339,100,,,
2927,-5899.6,-740.46,1927.1,7.8342,100,,,
2928,-5899.6,-740.83,1927.1,7.8345,100,,,
2929,-5899.7,-740.84,1927.1,7.8348,100,,,
2930,-5899.7,-741.2,1927.1,7.8351,100,,,
2931,-5899.7,-741.21,1927.1,7.8354,100,,,
2932,-5899.7,-741.57,1927.1,7.8357,100,,,
2933,-5899.7,-741.58,1927.1,7.836,100,,,
2934,-5899.8,-741.94,1927.1,7.8363,100,,,
2935,-5899.8,-741.95,1927.1,7.8367,100,,,
2936,-5899.8,-742.31,1927.1,7.837,100,,,
2937,-5899.8,-742.32,1927.1,7.8373,100,,,
2938,-5899.9,-742.68,1927.1,7.8376,100,,,
2939,-5899.9,-742.69,1927.1,7.8379,100,,,
2940,-5899.9,-743.06,1927.1,7.8382,100,,,
2941,-5899.9,-743.06,1927.1,7.8385,100,,,
2942,-5900,-743.43,1927.1,7.8388,100,,,
2943,-5900,-743.43,1927.1,7.8391,100,,,
2944,-5900,-743.8,1927.1,7.8394,100,,,
2945,-5900,-743.8,1927.1,7.8397,100,,,
2946,-5900.1,-744.17,1927.1,7.84,100,,,
2947,-5900.1,-744.17,1927.1,7.8403,100,,,
2948,-5900.1,-744.54,1927.1,7.8406,100,,,
2949,-5900.1,-744.54,1927.1,7.8409,100,,,
2950,-5900.1,-744.91,1927.1,7.8412,100,,,
2951,-5900.2,-744.91,1927.1,7.8415,100,,,
2952,-5900.2,-745.28,1927.1,7.8418,100,,,
2953,-5900.2,-745.28,1927.1,7.8421,100,,,
2954,-5900.2,-745.65,1927.1,7.8424,100,,,
2955,-5900.2,-745.65,1927.1,7.8427,100,,,
2956,-5900.3,-746.02,1927.1,7.843,100,,,
2957,-5900.3,-746.03,1927.1,7.8433,100,,,
2958,-5900.3,-746.39,1927.1,7.8436,100,,,
2959,-5900.3,-746.4,1927.1,7.8439,100,,,
2960,-5900.4,-746.76,1927.1,7.8442,100,,,
2961,-5900.4,-746.77,1927.1,7.8445,100,,,
2962,-5900.4,-747.13,1927.1,7.8448,100,,,
2963,-5900.4,-747.14,1927.1,7.8451,100,,,
2964,-5900.4,-747.5,1927.1,7.8453,100,,,
2965,-5900.5,-747.51,1927.1,7.8456,100,,,
2966,-5900.5,-747.87,1927.1,7.8459,100,,,
2967,-5900.5,-747.88,1927.1,7.8462,100,,,
2968,-5900.5,-748.24,1927.1,7.8465,100,,,
2969,-5900.5,-748.25,1927.1,7.8468,100,,,
2970,-5900.6,-748.61,1927.1,7.8471,100,,,
2971,-5900.6,-748.62,1927.1,7.8474,100,,,
2972,-5900.6,-748.99,1927.1,7.8477,100,,,
2973,-5900.6,-748.99,1927.1,7.848,100,,,
2974,-5900.7,-749.36,1927.1,7.8483,100,,,
2975,-5900.7,-749.36,1927.1,7.8486,100,,,
2976,-5900.7,-749.73,1927.1,7.8488,100,,,
2977,-5900.7,-749.73,1927.1,7.8491,100,,,
2978,-5900.7,-750.1,1927.1,7.8494,100,,,
2979,-5900.8,-750.1,1927.1,7.8497,100,,,
2980,-5900.8,-750.47,1927.1,7.85,100,,,
2981,-5900.8,-750.47,1927.1,7.8503,100,,,
2982,-5900.8,-750.84,1927.1,7.8506,100,,,
2983,-5900.8,-750.84,1927.1,7.8509,100,,,
2984,-5900.9,-751.21,1927.1,7.8512,100,,,
2985,-5900.9,-751.21,1927.1,7.8514,100,,,
2986,-5900.9,-751.58,1927.1,7.8517,100,,,
2987,-5900.9,-751.58,1927.1,7.852,100,,,
2988,-5901,-751.95,1927.1,7.8523,100,,,
2989,-5901,-751.95,1927.1,7.8526,100,,,
2990,-5901,-752.32,1927.1,7.8529,100,,,
2991,-5901,-752.32,1927.1,7.8532,100,,,
2992,-5901,-752.69,1927.1,7.8534,100,,,
2993,-5901,-752.69,1927.1,7.8537,100,,,
2994,-5901.1,-753.06,1927.1,7.854,100,,,
2995,-5901.1,-753.06,1927.1,7.8543,100,,,
2996,-5901.1,-753.43,1927.1,7.8546,100,,,
2997,-5901.1,-753.43,1927.1,7.8549,100,,,
2998,-5901.2,-753.8,1927.1,7.8551,100,,,
2999,-5901.2,-753.81,1927.1,7.8554,100,,,
3000,-5901.2,-754.17,1927.1,7.8557,100,,,
3001,-5901.2,-754.18,1927.1,7.856,100,,,
3002,-5901.2,-754.54,1927.1,7.8563,100,,,
3003,-5901.2,-754.55,1927.1,7.8565,100,,,
3004,-5901.3,-754.91,1927.1,7.8568,100,,,
3005,-5901.3,-754.92,1927.1,7.8571,100,,,
3006,-5901.3,-755.28,1927.1,7.8574,100,,,
3007,-5901.3,-755.29,1927.1,7.8577,100,,,
3008,-5901.3,-755.65,1927.1,7.8579,100,,,
3009,-5901.4,-755.66,1927.1,7.8582,100,,,
3010,-5901.4,-756.02,1927.1,7.8585,100,,,
3011,-5901.4,-756.03,1927.1,7.8588,100,,,
3012,-5901.4,-756.39,1927.1,7.859,100,,,
3013,-5901.4,-756.4,1927.1,7.8593,100,,,
3014,-5901.5,-756.76,1927.1,7.8596,100,,,
3015,-5901.5,-756.77,1927.1,7.8599,100,,,
3016,-5901.5,-757.13,1927.1,7.8601,100,,,
3017,-5901.5,-757.14,1927.1,7.8604,100,,,
3018,-5901.5,-757.5,1927.1,7.8607,100,,,
3019,-5901.6,-757.51,1927.1,7.861,100,,,
3020,-5901.6,-757.87,1927.1,7.8612,100,,,
3021,-5901.6,-757.88,1927.1,7.8615,100,,,
3022,-5901.6,-758.24,1927.1,7.8618,100,,,
3023,-5901.6,-758.25,1927.1,7.8621,100,,,
3024,-5901.7,-758.61,1927.1,7.8623,100,,,
3025,-5901.7,-758.62,1927.1,7.8626,100,,,
3026,-5901.7,-758.98,1927.2,7.8629,100,,,
3027,-5901.7,-758.99,1927.2,7.8632,100,,,
3028,-5901.7,-759.35,1927.2,7.8634,100,,,
3029,-5901.7,-759.36,1927.2,7.8637,100,,,
3030,-5901.8,-759.72,1927.2,7.864,100,,,
3031,-5901.8,-759.73,1927.2,7.8642,100,,,
3032,-5901.8,-760.09,1927.2,7.8645,100,,,
3033,-5901.8,-760.1,1927.2,7.8648,100,,,
3034,-5901.8,-760.46,1927.2,7.8651,100,,,
3035,-5901.9,-760.47,1927.2,7.8653,100,,,
3036,-5901.9,-760.83,1927.2,7.8656,100,,,
3037,-5901.9,-760.84,1927.2,7.8659,100,,,
3038,-5901.9,-761.2,1927.2,7.8661,100,,,
3039,-5901.9,-761.21,1927.2,7.8664,100,,,
3040,-5902,-761.57,1927.2,7.8667,100,,,
3041,-5902,-761.58,1927.2,7.8669,100,,,
3042,-5902,-761.94,1927.2,7.8672,100,,,
3043,-5902,-761.95,1927.2,7.8675,100,,,
3044,-5902,-762.31,1927.2,7.8677,100,,,
3045,-5902,-762.32,1927.2,7.868,100,,,
3046,-5902.1,-762.68,1927.2,7.8683,100,,,
3047,-5902.1,-762.69,1927.2,7.8685,100,,,
3048,-5902.1,-763.05,1927.2,7.8688,100,,,
3049,-5902.1,-763.06,1927.2,7.8691,100,,,
3050,-5902.1,-763.42,1927.2,7.8693,100,,,
3051,-5902.1,-763.43,1927.2,7.8696,100,,,
3052,-5902.2,-763.79,1927.2,7.8699,100,,,
3053,-5902.2,-763.8,1927.2,7.8701,100,,,
3054,-5902.2,-764.16,1927.2,7.8704,100,,,
3055,-5902.2,-764.17,1927.2,7.8706,100,,,
3056,-5902.2,-764.53,1927.2,7.8709,100,,,
3057,-5902.2,-764.54,1927.2,7.8712,100,,,
3058,-5902.3,-764.9,1927.2,7.8714,100,,,
3059,-5902.3,-764.91,1927.2,7.8717,100,,,
3060,-5902.3,-765.27,1927.2,7.872,100,,,
3061,-5902.3,-765.28,1927.2,7.8722,100,,,
3062,-5902.3,-765.64,1927.2,7.8725,100,,,
3063,-5902.4,-765.65,1927.2,7.8727,100,,,
3064,-5902.4,-766.01,1927.2,7.873,100,,,
3065,-5902.4,-766.02,1927.2,7.8733,100,,,
3066,-5902.4,-766.38,1927.2,7.8735,100,,,
3067,-5902.4,-766.39,1927.2,7.8738,100,,,
3068,-5902.4,-766.75,1927.2,7.874,100,,,
3069,-5902.5,-766.76,1927.2,7.8743,100,,,
3070,-5902.5,-767.12,1927.2,7.8746,100,,,
3071,-5902.5,-767.13,1927.2,7.8748,100,,,
3072,-5902.5,-767.49,1927.2,7.8751,100,,,
3073,-5902.5,-767.5,1927.2,7.8753,100,,,
3074,-5902.5,-767.86,1927.2,7.8756,100,,,
3075,-5902.6,-767.87,1927.2,7.8759,100,,,
3076,-5902.6,-768.23,1927.2,7.8761,100,,,
3077,-5902.6,-768.24,1927.2,7.8764,100,,,
3078,-5902.6,-768.6,1927.2,7.8766,100,,,
3079,-5902.6,-768.61,1927.2,7.8769,100,,,
3080,-5902.6,-768.97,1927.2,7.8771,100,,,
3081,-5902.7,-768.98,1927.2,7.8774,100,,,
3082,-5902.7,-769.34,1927.2,7.8776,100,,,
3083,-5902.7,-769.35,1927.2,7.8779,100,,,
3084,-5902.7,-769.71,1927.2,7.8782,100,,,
3085,-5902.7,-769.72,1927.2,7.8784,100,,,
3086,-5902.7,-770.08,1927.2,7.8787,100,,,
3087,-5902.8,-770.09,1927.2,7.8789,100,,,
3088,-5902.8,-770.45,1927.2,7.8792,100,,,
3089,-5902.8,-770.46,1927.2,7.8794,100,,,
3090,-5902.8,-770.82,1927.2,7.8797,100,,,
3091,-5902.8,-770.83,1927.2,7.8799,100,,,
3092,-5902.8,-771.19,1927.2,7.8802,100,,,
3093,-5902.9,-771.2,1927.2,7.8805,100,,,
3094,-5902.9,-771.56,1927.2,7.8807,100,,,
3095,-5902.9,-771.57,1927.2,7.881,100,,,
3096,-5902.9,-771.93,1927.2,7.8812,100,,,
3097,-5902.9,-771.94,1927.2,7.8815,100,,,
3098,-5902.9,-772.3,1927.2,7.8817,100,,,
3099,-5903,-772.31,1927.2,7.882,100,,,
3100,-5903,-772.67,1927.2,7.8822,100,,,
3101,-5903,-772.68,1927.2,7.8825,100,,,
3102,-5903,-773.04,1927.2,7.8827,100,,,
3103,-5903,-773.04,1927.2,7.883,100,,,
3104,-5903,-773.41,1927.2,7.8832,100,,,
3105,-5903,-773.41,1927.2,7.8835,100,,,
3106,-5903.1,-773.78,1927.2,7.8837,100,,,
3107,-5903.1,-773.78,1927.2,7.884,100,,,
3108,-5903.1,-774.15,1927.2,7.8842,100,,,
3109,-5903.1,-774.15,1927.2,7.8845,100,,,
3110,-5903.1,-774.52,1927.2,7.8847,100,,,
3111,-5903.1,-774.52,1927.2,7.885,100,,,
3112,-5903.2,-774.89,1927.2,7.8852,100,,,
3113,-5903.2,-774.89,1927.2,7.8855,100,,,
3114,-5903.2,-775.26,1927.2,7.8857,100,,,
3115,-5903.2,-775.26,1927.2,7.886,100,,,
3116,-5903.2,-775.63,1927.2,7.8862,100,,,
3117,-5903.2,-775.63,1927.2,7.8865,100,,,
3118,-5903.3,-776,1927.2,7.8867,100,,,
3119,-5903.3,-776,1927.2,7.887,100,,,
3120,-5903.3,-776.37,1927.2,7.8872,100,,,
3121,-5903.3,-776.37,1927.2,7.8875,100,,,
3122,-5903.3,-776.74,1927.2,7.8877,100,,,
3123,-5903.3,-776.74,1927.2,7.888,100,,,
3124,-5903.3,-777.11,1927.2,7.8882,100,,,
3125,-5903.4,-777.11,1927.2,7.8885,100,,,
3126,-5903.4,-777.48,1927.2,7.8887,100,,,
3127,-5903.4,-777.48,1927.2,7.889,100,,,
3128,-5903.4,-777.85,1927.2,7.8892,100,,,
3129,-5903.4,-777.85,1927.2,7.8895,100,,,
3130,-5903.4,-778.22,1927.2,7.8897,100,,,
3131,-5903.4,-778.22,1927.2,7.89,100,,,
3132,-5903.5,-778.59,1927.2,7.8902,100,,,
3133,-5903.5,-778.59,1927.2,7.8905,100,,,
3134,-5903.5,-778.96,1927.2,7.8907,100,,,
3135,-5903.5,-778.96,1927.3,7.891,100,,,
3136,-5903.5,-779.33,1927.3,7.8912,100,,,
3137,-5903.5,-779.33,1927.3,7.8915,100,,,
3138,-5903.6,-779.7,1927.3,7.8917,100,,,
3139,-5903.6,-779.7,1927.3,7.892,100,,,
3140,-5903.6,-780.06,1927.3,7.8922,100,,,
3141,-5903.6,-780.07,1927.3,7.8925,100,,,
3142,-5903.6,-780.43,1927.3,7.8927,100,,,
3143,-5903.6,-780.44,1927.3,7.893,100,,,
3144,-5903.6,-780.8,1927.3,7.8932,100,,,
3145,-5903.7,-780.81,1927.3,7.8935,100,,,
3146,-5903.7,-781.17,1927.3,7.8937,100,,,
3147,-5903.7,-781.18,1927.3,7.894,100,,,
3148,-5903.7,-781.54,1927.3,7.8942,100,,,
3149,-5903.7,-781.55,1927.3,7.8945,100,,,
3150,-5903.7,-781.91,1927.3,7.8947,100,,,
3151,-5903.7,-781.92,1927.3,7.895,100,,,
3152,-5903.8,-782.28,1927.3,7.8952,100,,,
3153,-5903.8,-782.29,1927.3,7.8955,100,,,
3154,-5903.8,-782.65,1927.3,7.8957,100,,,
3155,-5903.8,-782.66,1927.3,7.896,100,,,
3156,-5903.8,-783.02,1927.3,7.8962,100,,,
3157,-5903.8,-783.03,1927.3,7.8965,100,,,
3158,-5903.8,-783.39,1927.3,7.8967,100,,,
3159,-5903.9,-783.4,1927.3,7.897,100,,,
3160,-5903.9,-783.76,1927.3,7.8972,100,,,
3161,-5903.9,-783.77,1927.3,7.8975,100,,,
3162,-5903.9,-784.13,1927.3,7.8977,100,,,
3163,-5903.9,-784.14,1927.3,7.8979,100,,,
3164,-5903.9,-784.5,1927.3,7.8982,100,,,
3165,-5903.9,-784.51,1927.3,7.8984,100,,,
3166,-5904,-784.87,1927.3,7.8987,100,,,
3167,-5904,-784.88,1927.3,7.8989,100,,,
3168,-5904,-785.24,1927.3,7.8992,100,,,
3169,-5904,-785.25,1927.3,7.8994,100,,,
3170,-5904,-785.61,1927.3,7.8997,100,,,
3171,-5904,-785.61,1927.3,7.8999,100,,,
3172,-5904,-785.98,1927.3,7.9002,100,,,
3173,-5904,-785.98,1927.3,7.9004,100,,,
3174,-5904.1,-786.35,1927.3,7.9007,100,,,
3175,-5904.1,-786.35,1927.3,7.9009,100,,,
3176,-5904.1,-786.72,1927.3,7.9012,100,,,
3177,-5904.1,-786.72,1927.3,7.9014,100,,,
3178,-5904.1,-787.09,1927.3,7.9017,100,,,
3179,-5904.1,-787.09,1927.3,7.9019,100,,,
3180,-5904.1,-787.46,1927.3,7.9022,100,,,
3181,-5904.2,-787.46,1927.3,7.9024,100,,,
3182,-5904.2,-787.83,1927.3,7.9027,100,,,
3183,-5904.2,-787.83,1927.3,7.9029,100,,,
3184,-5904.2,-788.2,1927.3,7.9032,100,,,
3185,-5904.2,-788.2,1927.3,7.9034,100,,,
3186,-5904.2,-788.57,1927.3,7.9037,100,,,
3187,-5904.2,-788.57,1927.3,7.9039,100,,,
3188,-5904.3,-788.94,1927.3,7.9042,100,,,
3189,-5904.3,-788.94,1927.3,7.9044,100,,,
3190,-5904.3,-789.31,1927.3,7.9047,100,,,
3191,-5904.3,-789.31,1927.3,7.9049,100,,,
3192,-5904.3,-789.68,1927.3,7.9052,100,,,
3193,-5904.3,-789.68,1927.3,7.9054,100,,,
3194,-5904.3,-790.05,1927.3,7.9057,100,,,
3195,-5904.3,-790.05,1927.3,7.906,100,,,
3196,-5904.4,-790.42,1927.3,7.9062,100,,,
3197,-5904.4,-790.42,1927.3,7.9065,100,,,
3198,-5904.4,-790.79,1927.3,7.9067,100,,,
3199,-5904.4,-790.79,1927.3,7.907,100,,,
3200,-5904.4,-791.16,1927.3,7.9072,100,,,
3201,-5904.4,-791.16,1927.3,7.9075,100,,,
3202,-5904.4,-791.53,1927.3,7.9077,100,,,
3203,-5904.4,-791.53,1927.3,7.908,100,,,
3204,-5904.5,-791.9,1927.3,7.9082,100,,,
3205,-5904.5,-791.9,1927.3,7.9085,100,,,
3206,-5904.5,-792.27,1927.3,7.9087,100,,,
3207,-5904.5,-792.27,1927.3,7.909,100,,,
3208,-5904.5,-792.64,1927.3,7.9092,100,,,
3209,-5904.5,-792.64,1927.3,7.9095,100,,,
3210,-5904.5,-793.01,1927.3,7.9098,100,,,
3211,-5904.5,-793.01,1927.3,7.91,100,,,
3212,-5904.6,-793.38,1927.3,7.9103,100,,,
3213,-5904.6,-793.38,1927.3,7.9105,100,,,
3214,-5904.6,-793.75,1927.3,7.9108,100,,,
3215,-5904.6,-793.75,1927.3,7.911,100,,,
3216,-5904.6,-794.12,1927.3,7.9113,100,,,
3217,-5904.6,-794.12,1927.3,7.9116,100,,,
3218,-5904.6,-794.49,1927.3,7.9118,100,,,
3219,-5904.6,-794.49,1927.3,7.9121,100,,,
3220,-5904.7,-794.86,1927.3,7.9123,100,,,
3221,-5904.7,-794.86,1927.3,7.9126,100,,,
3222,-5904.7,-795.23,1927.3,7.9128,100,,,
3223,-5904.7,-795.23,1927.3,7.9131,100,,,
3224,-5904.7,-795.6,1927.3,7.9134,100,,,
3225,-5904.7,-795.6,1927.3,7.9136,100,,,
3226,-5904.7,-795.97,1927.3,7.9139,100,,,
3227,-5904.7,-795.97,1927.3,7.9141,100,,,
3228,-5904.8,-796.34,1927.3,7.9144,100,,,
3229,-5904.8,-796.34,1927.3,7.9147,100,,,
3230,-5904.8,-796.71,1927.3,7.9149,100,,,
3231,-5904.8,-796.71,1927.3,7.9152,100,,,
3232,-5904.8,-797.08,1927.3,7.9154,100,,,
3233,-5904.8,-797.08,1927.3,7.9157,100,,,
3234,-5904.8,-797.45,1927.3,7.916,100,,,
3235,-5904.8,-797.45,1927.3,7.9162,100,,,
3236,-5904.9,-797.82,1927.3,7.9165,100,,,
3237,-5904.9,-797.82,1927.3,7.9168,100,,,
3238,-5904.9,-798.19,1927.3,7.917,100,,,
3239,-5904.9,-798.19,1927.3,7.9173,100,,,
3240,-5904.9,-798.56,1927.3,7.9175,100,,,
3241,-5904.9,-798.56,1927.3,7.9178,100,,,
3242,-5904.9,-798.93,1927.3,7.9181,100,,,
3243,-5904.9,-798.93,1927.3,7.9183,100,,,
3244,-5904.9,-799.3,1927.3,7.9186,100,,,
3245,-5905,-799.3,1927.3,7.9189,100,,,
3246,-5905,-799.67,1927.3,7.9191,100,,,
3247,-5905,-799.67,1927.3,7.9194,100,,,
3248,-5905,-800.04,1927.3,7.9197,100,,,
3249,-5905,-800.04,1927.3,7.9199,100,,,
3250,-5905,-800.41,1927.3,7.9202,100,,,
3251,-5905,-800.41,1927.3,7.9205,100,,,
3252,-5905,-800.78,1927.3,7.9208,100,,,
3253,-5905,-800.78,1927.3,7.921,100,,,
3254,-5905.1,-801.15,1927.4,7.9213,100,,,
3255,-5905.1,-801.15,1927.4,7.9216,100,,,
3256,-5905.1,-801.52,1927.4,7.9218,100,,,
3257,-5905.1,-801.52,1927.4,7.9221,100,,,
3258,-5905.1,-801.89,1927.4,7.9224,100,,,
3259,-5905.1,-801.89,1927.4,7.9227,100,,,
3260,-5905.1,-802.26,1927.4,7.9229,100,,,
3261,-5905.1,-802.26,1927.4,7.9232,100,,,
3262,-5905.2,-802.63,1927.4,7.9235,100,,,
3263,-5905.2,-802.63,1927.4,7.9238,100,,,
3264,-5905.2,-803,1927.4,7.924,100,,,
3265,-5905.2,-803,1927.4,7.9243,100,,,
3266,-5905.2,-803.37,1927.4,7.9246,100,,,
3267,-5905.2,-803.37,1927.4,7.9249,100,,,
3268,-5905.2,-803.74,1927.4,7.9251,100,,,
3269,-5905.2,-803.74,1927.4,7.9254,100,,,
3270,-5905.2,-804.11,1927.4,7.9257,100,,,
3271,-5905.3,-804.11,1927.4,7.926,100,,,
3272,-5905.3,-804.48,1927.4,7.9262,100,,,
3273,-5905.3,-804.48,1927.4,7.9265,100,,,
3274,-5905.3,-804.85,1927.4,7.9268,100,,,
3275,-5905.3,-804.85,1927.4,7.9271,100,,,
3276,-5905.3,-805.22,1927.4,7.9274,100,,,
3277,-5905.3,-805.22,1927.4,7.9277,100,,,
3278,-5905.3,-805.59,1927.4,7.9279,100,,,
3279,-5905.3,-805.59,1927.4,7.9282,100,,,
3280,-5905.4,-805.96,1927.4,7.9285,100,,,
3281,-5905.4,-805.96,1927.4,7.9288,100,,,
3282,-5905.4,-806.33,1927.4,7.9291,100,,,
3283,-5905.4,-806.34,1927.4,7.9294,100,,,
3284,-5905.4,-806.7,1927.4,7.9296,100,,,
3285,-5905.4,-806.71,1927.4,7.9299,100,,,
3286,-5905.4,-807.07,1927.4,7.9302,100,,,
3287,-5905.4,-807.08,1927.4,7.9305,100,,,
3288,-5905.4,-807.44,1927.4,7.9308,100,,,
3289,-5905.4,-807.45,1927.4,7.9311,100,,,
3290,-5905.5,-807.81,1927.4,7.9314,100,,,
3291,-5905.5,-807.82,1927.4,7.9317,100,,,
3292,-5905.5,-808.18,1927.4,7.932,100,,,
3293,-5905.5,-808.19,1927.4,7.9323,100,,,
3294,-5905.5,-808.55,1927.4,7.9325,100,,,
3295,-5905.5,-808.56,1927.4,7.9328,100,,,
3296,-5905.5,-808.92,1927.4,7.9331,100,,,
3297,-5905.5,-808.93,1927.4,7.9334,100,,,
3298,-5905.5,-809.29,1927.4,7.9337,100,,,
3299,-5905.5,-809.3,1927.4,7.934,100,,,
3300,-5905.6,-809.66,1927.4,7.9343,100,,,
3301,-5905.6,-809.67,1927.4,7.9346,100,,,
3302,-5905.6,-810.03,1927.4,7.9349,100,,,
3303,-5905.6,-810.04,1927.4,7.9352,100,,,
3304,-5905.6,-810.41,1927.4,7.9355,100,,,
3305,-5905.6,-810.41,1927.4,7.9358,100,,,
3306,-5905.6,-810.78,1927.4,7.9361,100,,,
3307,-5905.6,-810.78,1927.4,7.9364,100,,,
3308,-5905.6,-811.15,1927.4,7.9367,100,,,
3309,-5905.7,-811.15,1927.4,7.937,100,,,
3310,-5905.7,-811.52,1927.4,7.9373,100,,,
3311,-5905.7,-811.52,1927.4,7.9376,100,,,
3312,-5905.7,-811.89,1927.4,7.9379,100,,,
3313,-5905.7,-811.89,1927.4,7.9383,100,,,
3314,-5905.7,-812.26,1927.4,7.9386,100,,,
3315,-5905.7,-812.26,1927.4,7.9389,100,,,
3316,-5905.7,-812.63,1927.4,7.9392,100,,,
3317,-5905.7,-812.63,1927.4,7.9395,100,,,
3318,-5905.7,-813,1927.4,7.9398,100,,,
3319,-5905.8,-813,1927.4,7.9401,100,,,
3320,-5905.8,-813.37,1927.4,7.9404,100,,,
3321,-5905.8,-813.37,1927.4,7.9407,100,,,
3322,-5905.8,-813.74,1927.4,7.941,100,,,
3323,-5905.8,-813.74,1927.4,7.9414,100,,,
3324,-5905.8,-814.11,1927.4,7.9417,100,,,
3325,-5905.8,-814.11,1927.4,7.942,100,,,
3326,-5905.8,-814.48,1927.4,7.9423,100,,,
3327,-5905.8,-814.48,1927.4,7.9426,100,,,
3328,-5905.8,-814.85,1927.4,7.943,100,,,
3329,-5905.9,-814.85,1927.4,7.9433,100,,,
3330,-5905.9,-815.22,1927.4,7.9436,100,,,
3331,-5905.9,-815.22,1927.4,7.9439,100,,,
3332,-5905.9,-815.59,1927.4,7.9442,100,,,
3333,-5905.9,-815.6,1927.4,7.9446,100,,,
3334,-5905.9,-815.96,1927.4,7.9449,100,,,
3335,-5905.9,-815.97,1927.4,7.9452,100,,,
3336,-5905.9,-816.33,1927.4,7.9455,100,,,
3337,-5905.9,-816.34,1927.4,7.9459,100,,,
3338,-5905.9,-816.7,1927.4,7.9462,100,,,
3339,-5905.9,-816.71,1927.4,7.9465,100,,,
3340,-5906,-817.07,1927.4,7.9469,100,,,
3341,-5906,-817.08,1927.4,7.9472,100,,,
3342,-5906,-817.44,1927.4,7.9475,100,,,
3343,-5906,-817.45,1927.4,7.9479,100,,,
3344,-5906,-817.82,1927.4,7.9482,100,,,
3345,-5906,-817.82,1927.4,7.9485,100,,,
3346,-5906,-818.19,1927.4,7.9489,100,,,
3347,-5906,-818.19,1927.4,7.9492,100,,,
3348,-5906,-818.56,1927.4,7.9496,100,,,
3349,-5906,-818.56,1927.4,7.9499,100,,,
3350,-5906.1,-818.93,1927.4,7.9502,100,,,
3351,-5906.1,-818.93,1927.4,7.9506,100,,,
3352,-5906.1,-819.3,1927.4,7.9509,100,,,
3353,-5906.1,-819.3,1927.4,7.9513,100,,,
3354,-5906.1,-819.67,1927.4,7.9516,100,,,
3355,-5906.1,-819.67,1927.4,7.952,100,,,
3356,-5906.1,-820.04,1927.4,7.9523,100,,,
3357,-5906.1,-820.04,1927.4,7.9527,100,,,
3358,-5906.1,-820.41,1927.4,7.953,100,,,
3359,-5906.1,-820.41,1927.4,7.9534,100,,,
3360,-5906.1,-820.78,1927.4,7.9537,100,,,
3361,-5906.2,-820.78,1927.4,7.9541,100,,,
3362,-5906.2,-821.15,1927.4,7.9544,100,,,
3363,-5906.2,-821.16,1927.4,7.9548,100,,,
3364,-5906.2,-821.52,1927.4,7.9551,100,,,
3365,-5906.2,-821.53,1927.4,7.9555,100,,,
3366,-5906.2,-821.89,1927.4,7.9559,100,,,
3367,-5906.2,-821.9,1927.4,7.9562,100,,,
3368,-5906.2,-822.26,1927.4,7.9566,100,,,
3369,-5906.2,-822.27,1927.4,7.9569,100,,,
3370,-5906.2,-822.63,1927.4,7.9573,100,,,
3371,-5906.2,-822.64,1927.4,7.9577,100,,,
3372,-5906.3,-823.01,1927.4,7.958,100,,,
3373,-5906.3,-823.01,1927.4,7.9584,100,,,
3374,-5906.3,-823.38,1927.4,7.9588,100,,,
3375,-5906.3,-823.38,1927.4,7.9591,100,,,
3376,-5906.3,-823.75,1927.4,7.9595,100,,,
3377,-5906.3,-823.75,1927.4,7.9599,100,,,
3378,-5906.3,-824.12,1927.4,7.9603,100,,,
3379,-5906.3,-824.12,1927.4,7.9606,100,,,
3380,-5906.3,-824.49,1927.4,7.961,100,,,
3381,-5906.3,-824.49,1927.4,7.9614,100,,,
3382,-5906.3,-824.86,1927.4,7.9618,100,,,
3383,-5906.3,-824.86,1927.4,7.9622,100,,,
3384,-5906.4,-825.23,1927.4,7.9625,100,,,
3385,-5906.4,-825.23,1927.4,7.9629,100,,,
3386,-5906.4,-825.6,1927.5,7.9633,100,,,
3387,-5906.4,-825.61,1927.5,7.9637,100,,,
3388,-5906.4,-825.97,1927.5,7.9641,100,,,
3389,-5906.4,-825.98,1927.5,7.9645,100,,,
3390,-5906.4,-826.34,1927.5,7.9648,100,,,
3391,-5906.4,-826.35,1927.5,7.9652,100,,,
3392,-5906.4,-826.71,1927.5,7.9656,100,,,
3393,-5906.4,-826.72,1927.5,7.966,100,,,
3394,-5906.4,-827.09,1927.5,7.9664,100,,,
3395,-5906.4,-827.09,1927.5,7.9668,100,,,
3396,-5906.5,-827.46,1927.5,7.9672,100,,,
3397,-5906.5,-827.46,1927.5,7.9676,100,,,
3398,-5906.5,-827.83,1927.5,7.968,100,,,
3399,-5906.5,-827.83,1927.5,7.9684,100,,,
3400,-5906.5,-828.2,1927.5,7.9688,100,,,
3401,-5906.5,-828.2,1927.5,7.9692,100,,,
3402,-5906.5,-828.57,1927.5,7.9696,100,,,
3403,-5906.5,-828.57,1927.5,7.97,100,,,
3404,-5906.5,-828.94,1927.5,7.9704,100,,,
3405,-5906.5,-828.94,1927.5,7.9709,100,,,
3406,-5906.5,-829.31,1927.5,7.9713,100,,,
3407,-5906.5,-829.32,1927.5,7.9717,100,,,
3408,-5906.6,-829.68,1927.5,7.9721,100,,,
3409,-5906.6,-829.69,1927.5,7.9725,100,,,
3410,-5906.6,-830.05,1927.5,7.9729,100,,,
3411,-5906.6,-830.06,1927.5,7.9734,100,,,
3412,-5906.6,-830.43,1927.5,7.9738,100,,,
3413,-5906.6,-830.43,1927.5,7.9742,100,,,
3414,-5906.6,-830.8,1927.5,7.9746,100,,,
3415,-5906.6,-830.8,1927.5,7.975,100,,,
3416,-5906.6,-831.17,1927.5,7.9755,100,,,
3417,-5906.6,-831.17,1927.5,7.9759,100,,,
3418,-5906.6,-831.54,1927.5,7.9763,100,,,
3419,-5906.6,-831.54,1927.5,7.9768,100,,,
3420,-5906.7,-831.91,1927.5,7.9772,100,,,
3421,-5906.7,-831.91,1927.5,7.9776,100,,,
3422,-5906.7,-832.28,1927.5,7.9781,100,,,
3423,-5906.7,-832.29,1927.5,7.9785,100,,,
3424,-5906.7,-832.65,1927.5,7.9789,100,,,
3425,-5906.7,-832.66,1927.5,7.9794,100,,,
3426,-5906.7,-833.02,1927.5,7.9798,100,,,
3427,-5906.7,-833.03,1927.5,7.9803,100,,,
3428,-5906.7,-833.4,1927.5,7.9807,100,,,
3429,-5906.7,-833.4,1927.5,7.9812,100,,,
3430,-5906.7,-833.77,1927.5,7.9816,100,,,
3431,-5906.7,-833.77,1927.5,7.9821,100,,,
3432,-5906.8,-834.14,1927.5,7.9825,100,,,
3433,-5906.8,-834.14,1927.5,7.983,100,,,
3434,-5906.8,-834.51,1927.5,7.9834,100,,,
3435,-5906.8,-834.51,1927.5,7.9839,100,,,
3436,-5906.8,-834.88,1927.5,7.9843,100,,,
3437,-5906.8,-834.88,1927.5,7.9848,100,,,
3438,-5906.8,-835.25,1927.5,7.9852,100,,,
3439,-5906.8,-835.26,1927.5,7.9857,100,,,
3440,-5906.8,-835.62,1927.5,7.9862,100,,,
3441,-5906.8,-835.63,1927.5,7.9866,100,,,
3442,-5906.8,-835.99,1927.5,7.9871,100,,,
3443,-5906.8,-836,1927.5,7.9876,100,,,
3444,-5906.8,-836.37,1927.5,7.988,100,,,
3445,-5906.8,-836.37,1927.5,7.9885,100,,,
3446,-5906.9,-836.74,1927.5,7.989,100,,,
3447,-5906.9,-836.74,1927.5,7.9895,100,,,
3448,-5906.9,-837.11,1927.5,7.9899,100,,,
3449,-5906.9,-837.11,1927.5,7.9904,100,,,
3450,-5906.9,-837.48,1927.5,7.9909,100,,,
3451,-5906.9,-837.48,1927.5,7.9914,100,,,
3452,-5906.9,-837.85,1927.5,7.9919,100,,,
3453,-5906.9,-837.86,1927.5,7.9923,100,,,
3454,-5906.9,-838.22,1927.5,7.9928,100,,,
3455,-5906.9,-838.23,1927.5,7.9933,100,,,
3456,-5906.9,-838.59,1927.5,7.9938,100,,,
3457,-5906.9,-838.6,1927.5,7.9943,100,,,
3458,-5906.9,-838.97,1927.5,7.9948,100,,,
3459,-5907,-838.97,1927.5,7.9953,100,,,
3460,-5907,-839.34,1927.5,7.9958,100,,,
3461,-5907,-839.34,1927.5,7.9963,100,,,
3462,-5907,-839.71,1927.5,7.9968,100,,,
3463,-5907,-839.71,1927.5,7.9973,100,,,
3464,-5907,-840.08,1927.5,7.9978,100,,,
3465,-5907,-840.08,1927.5,7.9983,100,,,
3466,-5907,-840.45,1927.5,7.9988,100,,,
3467,-5907,-840.46,1927.5,7.9993,100,,,
3468,-5907,-840.82,1927.5,7.9998,100,,,
3469,-5907,-840.83,1927.5,8.0003,100,,,
3470,-5907,-841.19,1927.5,8.0008,100,,,
3471,-5907,-841.2,1927.5,8.0014,100,,,
3472,-5907,-841.57,1927.5,8.0019,100,,,
3473,-5907.1,-841.57,1927.5,8.0024,100,,,
3474,-5907.1,-841.94,1927.5,8.0029,100,,,
3475,-5907.1,-841.94,1927.5,8.0034,100,,,
3476,-5907.1,-842.31,1927.5,8.004,100,,,
3477,-5907.1,-842.31,1927.5,8.0045,100,,,
3478,-5907.1,-842.68,1927.5,8.005,100,,,
3479,-5907.1,-842.69,1927.5,8.0055,100,,,
3480,-5907.1,-843.05,1927.5,8.0061,100,,,
3481,-5907.1,-843.06,1927.5,8.0066,100,,,
3482,-5907.1,-843.42,1927.5,8.0071,100,,,
3483,-5907.1,-843.43,1927.5,8.0077,100,,,
3484,-5907.1,-843.8,1927.5,8.0082,100,,,
3485,-5907.1,-843.8,1927.5,8.0088,100,,,
3486,-5907.1,-844.17,1927.5,8.0093,100,,,
3487,-5907.1,-844.17,1927.5,8.0098,100,,,
3488,-5907.2,-844.54,1927.5,8.0104,100,,,
3489,-5907.2,-844.54,1927.5,8.0109,100,,,
3490,-5907.2,-844.91,1927.5,8.0115,100,,,
3491,-5907.2,-844.92,1927.5,8.012,100,,,
3492,-5907.2,-845.28,1927.5,8.0126,100,,,
3493,-5907.2,-845.29,1927.5,8.0131,100,,,
3494,-5907.2,-845.66,1927.5,8.0137,100,,,
3495,-5907.2,-845.66,1927.5,8.0142,100,,,
3496,-5907.2,-846.03,1927.5,8.0148,100,,,
3497,-5907.2,-846.03,1927.5,8.0154,100,,,
3498,-5907.2,-846.4,1927.5,8.0159,100,,,
3499,-5907.2,-846.4,1927.5,8.0165,100,,,
3500,-5907.2,-846.77,1927.5,8.017,100,,,
3501,-5907.2,-846.78,1927.5,8.0176,100,,,
3502,-5907.3,-847.14,1927.5,8.0182,100,,,
3503,-5907.3,-847.15,1927.5,8.0188,100,,,
3504,-5907.3,-847.52,1927.5,8.0193,100,,,
3505,-5907.3,-847.52,1927.5,8.0199,100,,,
3506,-5907.3,-847.89,1927.5,8.0205,100,,,
3507,-5907.3,-847.89,1927.5,8.021,100,,,
3508,-5907.3,-848.26,1927.5,8.0216,100,,,
3509,-5907.3,-848.26,1927.5,8.0222,100,,,
3510,-5907.3,-848.63,1927.5,8.0228,100,,,
3511,-5907.3,-848.64,1927.5,8.0234,100,,,
3512,-5907.3,-849,1927.5,8.0239,100,,,
3513,-5907.3,-849.01,1927.5,8.0245,100,,,
3514,-5907.3,-849.38,1927.5,8.0251,100,,,
3515,-5907.3,-849.38,1927.5,8.0257,100,,,
3516,-5907.3,-849.75,1927.5,8.0263,100,,,
3517,-5907.3,-849.75,1927.5,8.0269,100,,,
3518,-5907.4,-850.12,1927.5,8.0275,100,,,
3519,-5907.4,-850.12,1927.5,8.0281,100,,,
3520,-5907.4,-850.49,1927.5,8.0287,100,,,
3521,-5907.4,-850.5,1927.5,8.0293,100,,,
3522,-5907.4,-850.86,1927.5,8.0299,100,,,
3523,-5907.4,-850.87,1927.5,8.0305,100,,,
3524,-5907.4,-851.24,1927.5,8.0311,100,,,
3525,-5907.4,-851.24,1927.5,8.0317,100,,,
3526,-5907.4,-851.61,1927.5,8.0323,100,,,
3527,-5907.4,-851.61,1927.5,8.0329,100,,,
3528,-5907.4,-851.98,1927.5,8.0335,100,,,
3529,-5907.4,-851.98,1927.5,8.0341,100,,,
3530,-5907.4,-852.35,1927.6,8.0347,100,,,
3531,-5907.4,-852.36,1927.6,8.0354,100,,,
3532,-5907.4,-852.72,1927.6,8.036,100,,,
3533,-5907.5,-852.73,1927.6,8.0366,100,,,
3534,-5907.5,-853.1,1927.6,8.0372,100,,,
3535,-5907.5,-853.1,1927.6,8.0378,100,,,
3536,-5907.5,-853.47,1927.6,8.0385,100,,,
3537,-5907.5,-853.47,1927.6,8.0391,100,,,
3538,-5907.5,-853.84,1927.6,8.0397,100,,,
3539,-5907.5,-853.85,1927.6,8.0403,100,,,
3540,-5907.5,-854.21,1927.6,8.041,100,,,
3541,-5907.5,-854.22,1927.6,8.0416,100,,,
3542,-5907.5,-854.59,1927.6,8.0422,100,,,
3543,-5907.5,-854.59,1927.6,8.0429,100,,,
3544,-5907.5,-854.96,1927.6,8.0435,100,,,
3545,-5907.5,-854.96,1927.6,8.0441,100,,,
3546,-5907.5,-855.33,1927.6,8.0448,100,,,
3547,-5907.5,-855.33,1927.6,8.0454,100,,,
3548,-5907.5,-855.7,1927.6,8.046,100,,,
3549,-5907.5,-855.71,1927.6,8.0467,100,,,
3550,-5907.6,-856.08,1927.6,8.0473,100,,,
3551,-5907.6,-856.08,1927.6,8.048,100,,,
3552,-5907.6,-856.45,1927.6,8.0486,100,,,
3553,-5907.6,-856.45,1927.6,8.0493,100,,,
3554,-5907.6,-856.82,1927.6,8.0499,100,,,
3555,-5907.6,-856.82,1927.6,8.0505,100,,,
3556,-5907.6,-857.19,1927.6,8.0512,100,,,
3557,-5907.6,-857.2,1927.6,8.0518,100,,,
3558,-5907.6,-857.57,1927.6,8.0525,100,,,
3559,-5907.6,-857.57,1927.6,8.0532,100,,,
3560,-5907.6,-857.94,1927.6,8.0538,100,,,
3561,-5907.6,-857.94,1927.6,8.0545,100,,,
3562,-5907.6,-858.31,1927.6,8.0551,100,,,
3563,-5907.6,-858.31,1927.6,8.0558,100,,,
3564,-5907.6,-858.68,1927.6,8.0564,100,,,
3565,-5907.6,-858.69,1927.6,8.0571,100,,,
3566,-5907.7,-859.06,1927.6,8.0578,100,,,
3567,-5907.7,-859.06,1927.6,8.0584,100,,,
3568,-5907.7,-859.43,1927.6,8.0591,100,,,
3569,-5907.7,-859.43,1927.6,8.0598,100,,,
3570,-5907.7,-859.8,1927.6,8.0604,100,,,
3571,-5907.7,-859.8,1927.6,8.0611,100,,,
3572,-5907.7,-860.17,1927.6,8.0618,100,,,
3573,-5907.7,-860.18,1927.6,8.0624,100,,,
3574,-5907.7,-860.55,1927.6,8.0631,100,,,
3575,-5907.7,-860.55,1927.6,8.0638,100,,,
3576,-5907.7,-860.92,1927.6,8.0645,100,,,
3577,-5907.7,-860.92,1927.6,8.0651,100,,,
3578,-5907.7,-861.29,1927.6,8.0658,100,,,
3579,-5907.7,-861.3,1927.6,8.0665,100,,,
3580,-5907.7,-861.66,1927.6,8.0672,100,,,
3581,-5907.7,-861.67,1927.6,8.0678,100,,,
3582,-5907.7,-862.04,1927.6,8.0685,100,,,
3583,-5907.7,-862.04,1927.6,8.0692,100,,,
3584,-5907.8,-862.41,1927.6,8.0699,100,,,
3585,-5907.8,-862.41,1927.6,8.0706,100,,,
3586,-5907.8,-862.78,1927.6,8.0713,100,,,
3587,-5907.8,-862.79,1927.6,8.0719,100,,,
3588,-5907.8,-863.15,1927.6,8.0726,100,,,
3589,-5907.8,-863.16,1927.6,8.0733,100,,,
3590,-5907.8,-863.53,1927.6,8.074,100,,,
3591,-5907.8,-863.53,1927.6,8.0747,100,,,
3592,-5907.8,-863.9,1927.6,8.0754,100,,,
3593,-5907.8,-863.9,1927.6,8.0761,100,,,
3594,-5907.8,-864.27,1927.6,8.0768,100,,,
3595,-5907.8,-864.28,1927.6,8.0775,100,,,
3596,-5907.8,-864.65,1927.6,8.0782,100,,,
3597,-5907.8,-864.65,1927.6,8.0788,100,,,
3598,-5907.8,-865.02,1927.6,8.0795,100,,,
3599,-5907.8,-865.02,1927.6,8.0802,100,,,
3600,-5907.8,-865.39,1927.6,8.0809,100,,,
3601,-5907.8,-865.4,1927.6,8.0816,100,,,
3602,-5907.9,-865.76,1927.6,8.0823,100,,,
3603,-5907.9,-865.77,1927.6,8.083,100,,,
3604,-5907.9,-866.14,1927.6,8.0837,100,,,
3605,-5907.9,-866.14,1927.6,8.0844,100,,,
3606,-5907.9,-866.51,1927.6,8.0851,100,,,
3607,-5907.9,-866.51,1927.6,8.0858,100,,,
3608,-5907.9,-866.88,1927.6,8.0865,100,,,
3609,-5907.9,-866.89,1927.6,8.0872,100,,,
3610,-5907.9,-867.26,1927.6,8.0879,100,,,
3611,-5907.9,-867.26,1927.6,8.0886,100,,,
3612,-5907.9,-867.63,1927.6,8.0894,100,,,
3613,-5907.9,-867.63,1927.6,8.0901,100,,,
3614,-5907.9,-868,1927.6,8.0908,100,,,
3615,-5907.9,-868.01,1927.6,8.0915,100,,,
3616,-5907.9,-868.37,1927.6,8.0922,100,,,
3617,-5907.9,-868.38,1927.6,8.0929,100,,,
3618,-5907.9,-868.75,1927.6,8.0936,100,,,
3619,-5907.9,-868.75,1927.6,8.0943,100,,,
3620,-5907.9,-869.12,1927.6,8.095,100,,,
3621,-5907.9,-869.12,1927.6,8.0957,100,,,
3622,-5908,-869.49,1927.6,8.0964,100,,,
3623,-5908,-869.5,1927.6,8.0971,100,,,
3624,-5908,-869.87,1927.6,8.0979,100,,,
3625,-5908,-869.87,1927.6,8.0986,100,,,
3626,-5908,-870.24,1927.6,8.0993,100,,,
3627,-5908,-870.24,1927.6,8.1,100,,,
3628,-5908,-870.61,1927.6,8.1007,100,,,
3629,-5908,-870.62,1927.6,8.1014,100,,,
3630,-5908,-870.99,1927.6,8.1021,100,,,
3631,-5908,-870.99,1927.6,8.1029,100,,,
3632,-5908,-871.36,1927.6,8.1036,100,,,
3633,-5908,-871.36,1927.6,8.1043,100,,,
3634,-5908,-871.73,1927.6,8.105,100,,,
3635,-5908,-871.74,1927.6,8.1057,100,,,
3636,-5908,-872.11,1927.6,8.1064,100,,,
3637,-5908,-872.11,1927.6,8.1072,100,,,
3638,-5908,-872.48,1927.6,8.1079,100,,,
3639,-5908,-872.48,1927.6,8.1086,100,,,
3640,-5908,-872.85,1927.6,8.1093,100,,,
3641,-5908,-872.85,1927.6,8.11,100,,,
3642,-5908.1,-873.22,1927.6,8.1107,100,,,
3643,-5908.1,-873.22,1927.6,8.1115,100,,,
3644,-5908.1,-873.59,1927.6,8.1122,100,,,
3645,-5908.1,-873.59,1927.6,8.1129,100,,,
3646,-5908.1,-873.96,1927.6,8.1136,100,,,
3647,-5908.1,-873.96,1927.6,8.1143,100,,,
3648,-5908.1,-874.33,1927.6,8.115,100,,,
3649,-5908.1,-874.33,1927.6,8.1158,100,,,
3650,-5908.1,-874.7,1927.6,8.1165,100,,,
3651,-5908.1,-874.7,1927.6,8.1172,100,,,
3652,-5908.1,-875.06,1927.6,8.1179,100,,,
3653,-5908.1,-875.07,1927.6,8.1187,100,,,
3654,-5908.1,-875.43,1927.6,8.1194,100,,,
3655,-5908.1,-875.43,1927.6,8.1201,100,,,
3656,-5908.1,-875.8,1927.6,8.1208,100,,,
3657,-5908.1,-875.8,1927.6,8.1215,100,,,
3658,-5908.1,-876.17,1927.6,8.1223,100,,,
3659,-5908.1,-876.17,1927.6,8.123,100,,,
3660,-5908.1,-876.53,1927.6,8.1237,100,,,
3661,-5908.1,-876.53,1927.6,8.1244,100,,,
3662,-5908.2,-876.9,1927.6,8.1251,100,,,
3663,-5908.2,-876.9,1927.6,8.1259,100,,,
3664,-5908.2,-877.26,1927.6,8.1266,100,,,
3665,-5908.2,-877.26,1927.6,8.1273,100,,,
3666,-5908.2,-877.63,1927.6,8.128,100,,,
3667,-5908.2,-877.63,1927.6,8.1287,100,,,
3668,-5908.2,-877.99,1927.6,8.1295,100,,,
3669,-5908.2,-877.99,1927.6,8.1302,100,,,
3670,-5908.2,-878.35,1927.6,8.1309,100,,,
3671,-5908.2,-878.36,1927.6,8.1316,100,,,
3672,-5908.2,-878.72,1927.6,8.1323,100,,,
3673,-5908.2,-878.72,1927.6,8.1331,100,,,
3674,-5908.2,-879.08,1927.6,8.1338,100,,,
3675,-5908.2,-879.08,1927.6,8.1345,100,,,
3676,-5908.2,-879.44,1927.6,8.1352,100,,,
3677,-5908.2,-879.44,1927.6,8.136,100,,,
3678,-5908.2,-879.8,1927.6,8.1367,100,,,
3679,-5908.2,-879.81,1927.6,8.1374,100,,,
3680,-5908.2,-880.17,1927.6,8.1381,100,,,
3681,-5908.2,-880.17,1927.6,8.1388,100,,,
3682,-5908.2,-880.53,1927.6,8.1396,100,,,
3683,-5908.2,-880.53,1927.6,8.1403,100,,,
3684,-5908.3,-880.89,1927.6,8.141,100,,,
3685,-5908.3,-880.89,1927.6,8.1417,100,,,
3686,-5908.3,-881.25,1927.6,8.1424,100,,,
3687,-5908.3,-881.25,1927.6,8.1432,100,,,
3688,-5908.3,-881.61,1927.6,8.1439,100,,,
3689,-5908.3,-881.61,1927.6,8.1446,100,,,
3690,-5908.3,-881.97,1927.7,8.1453,100,,,
3691,-5908.3,-881.97,1927.7,8.146,100,,,
3692,-5908.3,-882.33,1927.7,8.1468,100,,,
3693,-5908.3,-882.33,1927.7,8.1475,100,,,
3694,-5908.3,-882.69,1927.7,8.1482,100,,,
3695,-5908.3,-882.69,1927.7,8.1489,100,,,
3696,-5908.3,-883.05,1927.7,8.1496,100,,,
3697,-5908.3,-883.05,1927.7,8.1504,100,,,
3698,-5908.3,-883.41,1927.7,8.1511,100,,,
3699,-5908.3,-883.41,1927.7,8.1518,100,,,
3700,-5908.3,-883.77,1927.7,8.1525,100,,,
3701,-5908.3,-883.77,1927.7,8.1532,100,,,
3702,-5908.3,-884.13,1927.7,8.1539,100,,,
3703,-5908.3,-884.13,1927.7,8.1547,100,,,
3704,-5908.3,-884.49,1927.7,8.1554,100,,,
3705,-5908.3,-884.49,1927.7,8.1561,100,,,
3706,-5908.3,-884.85,1927.7,8.1568,100,,,
3707,-5908.3,-884.85,1927.7,8.1575,100,,,
3708,-5908.4,-885.21,1927.7,8.1582,100,,,
3709,-5908.4,-885.21,1927.7,8.159,100,,,
3710,-5908.4,-885.57,1927.7,8.1597,100,,,
3711,-5908.4,-885.57,1927.7,8.1604,100,,,
3712,-5908.4,-885.93,1927.7,8.1611,100,,,
3713,-5908.4,-885.93,1927.7,8.1618,100,,,
3714,-5908.4,-886.29,1927.7,8.1625,100,,,
3715,-5908.4,-886.29,1927.7,8.1633,100,,,
3716,-5908.4,-886.65,1927.7,8.164,100,,,
3717,-5908.4,-886.65,1927.7,8.1647,100,,,
3718,-5908.4,-887.01,1927.7,8.1654,100,,,
3719,-5908.4,-887.01,1927.7,8.1661,100,,,
3720,-5908.4,-887.37,1927.7,8.1668,100,,,
3721,-5908.4,-887.37,1927.7,8.1675,100,,,
3722,-5908.4,-887.73,1927.7,8.1683,100,,,
3723,-5908.4,-887.73,1927.7,8.169,100,,,
3724,-5908.4,-888.09,1927.7,8.1697,100,,,
3725,-5908.4,-888.09,1927.7,8.1704,100,,,
3726,-5908.4,-888.45,1927.7,8.1711,100,,,
3727,-5908.4,-888.45,1927.7,8.1718,100,,,
3728,-5908.4,-888.81,1927.7,8.1725,100,,,
3729,-5908.4,-888.81,1927.7,8.1733,100,,,
3730,-5908.4,-889.17,1927.7,8.174,100,,,
3731,-5908.4,-889.17,1927.7,8.1747,100,,,
3732,-5908.5,-889.53,1927.7,8.1754,100,,,
3733,-5908.5,-889.53,1927.7,8.1761,100,,,
3734,-5908.5,-889.89,1927.7,8.1768,100,,,
3735,-5908.5,-889.89,1927.7,8.1775,100,,,
3736,-5908.5,-890.25,1927.7,8.1782,100,,,
3737,-5908.5,-890.25,1927.7,8.1789,100,,,
3738,-5908.5,-890.61,1927.7,8.1797,100,,,
3739,-5908.5,-890.61,1927.7,8.1804,100,,,
3740,-5908.5,-890.97,1927.7,8.1811,100,,,
3741,-5908.5,-890.97,1927.7,8.1818,100,,,
3742,-5908.5,-891.33,1927.7,8.1825,100,,,
3743,-5908.5,-891.33,1927.7,8.1832,100,,,
3744,-5908.5,-891.69,1927.7,8.1839,100,,,
3745,-5908.5,-891.69,1927.7,8.1846,100,,,
3746,-5908.5,-892.05,1927.7,8.1853,100,,,
3747,-5908.5,-892.05,1927.7,8.186,100,,,
3748,-5908.5,-892.41,1927.7,8.1867,100,,,
3749,-5908.5,-892.41,1927.7,8.1875,100,,,
3750,-5908.5,-892.77,1927.7,8.1882,100,,,
3751,-5908.5,-892.77,1927.7,8.1889,100,,,
3752,-5908.5,-893.13,1927.7,8.1896,100,,,
3753,-5908.5,-893.14,1927.7,8.1903,100,,,
3754,-5908.5,-893.49,1927.7,8.191,100,,,
3755,-5908.5,-893.5,1927.7,8.1917,100,,,
3756,-5908.5,-893.85,1927.7,8.1924,100,,,
3757,-5908.5,-893.86,1927.7,8.1931,100,,,
3758,-5908.6,-894.21,1927.7,8.1938,100,,,
3759,-5908.6,-894.22,1927.7,8.1945,100,,,
3760,-5908.6,-894.57,1927.7,8.1952,100,,,
3761,-5908.6,-894.58,1927.7,8.1959,100,,,
3762,-5908.6,-894.94,1927.7,8.1967,100,,,
3763,-5908.6,-894.94,1927.7,8.1974,100,,,
3764,-5908.6,-895.3,1927.7,8.1981,100,,,
3765,-5908.6,-895.3,1927.7,8.1988,100,,,
3766,-5908.6,-895.66,1927.7,8.1995,100,,,
3767,-5908.6,-895.66,1927.7,8.2002,100,,,
3768,-5908.6,-896.02,1927.7,8.2009,100,,,
3769,-5908.6,-896.02,1927.7,8.2016,100,,,
3770,-5908.6,-896.38,1927.7,8.2023,100,,,
3771,-5908.6,-896.38,1927.7,8.203,100,,,
3772,-5908.6,-896.74,1927.7,8.2037,100,,,
3773,-5908.6,-896.74,1927.7,8.2044,100,,,
3774,-5908.6,-897.1,1927.7,8.2051,100,,,
3775,-5908.6,-897.1,1927.7,8.2058,100,,,
3776,-5908.6,-897.46,1927.7,8.2065,100,,,
3777,-5908.6,-897.46,1927.7,8.2072,100,,,
3778,-5908.6,-897.82,1927.7,8.208,100,,,
3779,-5908.6,-897.82,1927.7,8.2087,100,,,
3780,-5908.6,-898.18,1927.7,8.2094,100,,,
3781,-5908.6,-898.18,1927.7,8.2101,100,,,
3782,-5908.6,-898.54,1927.7,8.2108,100,,,
3783,-5908.6,-898.54,1927.7,8.2115,100,,,
3784,-5908.7,-898.9,1927.7,8.2122,100,,,
3785,-5908.7,-898.9,1927.7,8.2129,100,,,
3786,-5908.7,-899.26,1927.7,8.2136,100,,,
3787,-5908.7,-899.26,1927.7,8.2143,100,,,
3788,-5908.7,-899.62,1927.7,8.215,100,,,
3789,-5908.7,-899.62,1927.7,8.2157,100,,,
3790,-5908.7,-899.98,1927.7,8.2164,100,,,
3791,-5908.7,-899.98,1927.7,8.2171,100,,,
3792,-5908.7,-900.34,1927.7,8.2178,100,,,
3793,-5908.7,-900.34,1927.7,8.2185,100,,,
3794,-5908.7,-900.7,1927.7,8.2192,100,,,
3795,-5908.7,-900.7,1927.7,8.22,100,,,
3796,-5908.7,-901.06,1927.7,8.2207,100,,,
3797,-5908.7,-901.06,1927.7,8.2214,100,,,
3798,-5908.7,-901.42,1927.7,8.2221,100,,,
3799,-5908.7,-901.42,1927.7,8.2228,100,,,
3800,-5908.7,-901.78,1927.7,8.2235,100,,,
3801,-5908.7,-901.78,1927.7,8.2242,100,,,
3802,-5908.7,-902.14,1927.7,8.2249,100,,,
3803,-5908.7,-902.14,1927.7,8.2256,100,,,
3804,-5908.7,-902.5,1927.7,8.2263,100,,,
3805,-5908.7,-902.5,1927.7,8.227,100,,,
3806,-5908.7,-902.86,1927.7,8.2277,100,,,
3807,-5908.7,-902.86,1927.7,8.2284,100,,,
3808,-5908.7,-903.22,1927.7,8.2292,100,,,
3809,-5908.7,-903.22,1927.7,8.2299,100,,,
3810,-5908.7,-903.58,1927.7,8.2306,100,,,
3811,-5908.7,-903.58,1927.7,8.2313,100,,,
3812,-5908.7,-903.94,1927.7,8.232,100,,,
3813,-5908.7,-903.94,1927.7,8.2327,100,,,
3814,-5908.8,-904.3,1927.7,8.2334,100,,,
3815,-5908.8,-904.3,1927.7,8.2341,100,,,
3816,-5908.8,-904.66,1927.7,8.2348,100,,,
3817,-5908.8,-904.66,1927.7,8.2355,100,,,
3818,-5908.8,-905.02,1927.7,8.2362,100,,,
3819,-5908.8,-905.02,1927.7,8.237,100,,,
3820,-5908.8,-905.38,1927.7,8.2377,100,,,
3821,-5908.8,-905.38,1927.7,8.2384,100,,,
3822,-5908.8,-905.74,1927.7,8.2391,100,,,
3823,-5908.8,-905.74,1927.7,8.2398,100,,,
3824,-5908.8,-906.1,1927.7,8.2405,100,,,
3825,-5908.8,-906.1,1927.7,8.2412,100,,,
3826,-5908.8,-906.46,1927.7,8.2419,100,,,
3827,-5908.8,-906.46,1927.7,8.2427,100,,,
3828,-5908.8,-906.82,1927.7,8.2434,100,,,
3829,-5908.8,-906.82,1927.7,8.2441,100,,,
3830,-5908.8,-907.18,1927.7,8.2448,100,,,
3831,-5908.8,-907.18,1927.7,8.2455,100,,,
3832,-5908.8,-907.54,1927.7,8.2462,100,,,
3833,-5908.8,-907.54,1927.7,8.2469,100,,,
3834,-5908.8,-907.9,1927.7,8.2477,100,,,
3835,-5908.8,-907.9,1927.7,8.2484,100,,,
3836,-5908.8,-908.26,1927.7,8.2491,100,,,
3837,-5908.8,-908.26,1927.7,8.2498,100,,,
3838,-5908.8,-908.62,1927.7,8.2505,100,,,
3839,-5908.8,-908.62,1927.7,8.2513,100,,,
3840,-5908.8,-908.98,1927.7,8.252,100,,,
3841,-5908.8,-908.99,1927.7,8.2527,100,,,
3842,-5908.8,-909.34,1927.7,8.2534,100,,,
3843,-5908.8,-909.35,1927.7,8.2541,100,,,
3844,-5908.8,-909.7,1927.7,8.2548,100,,,
3845,-5908.9,-909.71,1927.7,8.2556,100,,,
3846,-5908.9,-910.06,1927.7,8.2563,100,,,
3847,-5908.9,-910.07,1927.7,8.257,100,,,
3848,-5908.9,-910.43,1927.7,8.2577,100,,,
3849,-5908.9,-910.43,1927.7,8.2585,100,,,
3850,-5908.9,-910.79,1927.7,8.2592,100,,,
3851,-5908.9,-910.79,1927.7,8.2599,100,,,
3852,-5908.9,-911.15,1927.7,8.2606,100,,,
3853,-5908.9,-911.15,1927.7,8.2613,100,,,
3854,-5908.9,-911.51,1927.7,8.2621,100,,,
3855,-5908.9,-911.51,1927.7,8.2628,100,,,
3856,-5908.9,-911.87,1927.8,8.2635,100,,,
3857,-5908.9,-911.87,1927.8,8.2642,100,,,
3858,-5908.9,-912.23,1927.8,8.265,100,,,
3859,-5908.9,-912.23,1927.8,8.2657,100,,,
3860,-5908.9,-912.59,1927.8,8.2664,100,,,
3861,-5908.9,-912.59,1927.8,8.2672,100,,,
3862,-5908.9,-912.95,1927.8,8.2679,100,,,
3863,-5908.9,-912.95,1927.8,8.2686,100,,,
3864,-5908.9,-913.31,1927.8,8.2693,100,,,
3865,-5908.9,-913.31,1927.8,8.2701,100,,,
3866,-5908.9,-913.67,1927.8,8.2708,100,,,
3867,-5908.9,-913.67,1927.8,8.2715,100,,,
3868,-5908.9,-914.03,1927.8,8.2723,100,,,
3869,-5908.9,-914.03,1927.8,8.273,100,,,
3870,-5908.9,-914.39,1927.8,8.2737,100,,,
3871,-5908.9,-914.39,1927.8,8.2745,100,,,
3872,-5908.9,-914.75,1927.8,8.2752,100,,,
3873,-5908.9,-914.75,1927.8,8.2759,100,,,
3874,-5908.9,-915.11,1927.8,8.2767,100,,,
3875,-5908.9,-915.12,1927.8,8.2774,100,,,
3876,-5908.9,-915.47,1927.8,8.2782,100,,,
3877,-5908.9,-915.48,1927.8,8.2789,100,,,
3878,-5909,-915.84,1927.8,8.2796,100,,,
3879,-5909,-915.84,1927.8,8.2804,100,,,
3880,-5909,-916.2,1927.8,8.2811,100,,,
3881,-5909,-916.2,1927.8,8.2819,100,,,
3882,-5909,-916.56,1927.8,8.2826,100,,,
3883,-5909,-916.56,1927.8,8.2833,100,,,
3884,-5909,-916.92,1927.8,8.2841,100,,,
3885,-5909,-916.92,1927.8,8.2848,100,,,
3886,-5909,-917.28,1927.8,8.2856,100,,,
3887,-5909,-917.28,1927.8,8.2863,100,,,
3888,-5909,-917.64,1927.8,8.2871,100,,,
3889,-5909,-917.64,1927.8,8.2878,100,,,
3890,-5909,-918,1927.8,8.2885,100,,,
3891,-5909,-918,1927.8,8.2893,100,,,
3892,-5909,-918.36,1927.8,8.29,100,,,
3893,-5909,-918.36,1927.8,8.2908,100,,,
3894,-5909,-918.72,1927.8,8.2915,100,,,
3895,-5909,-918.73,1927.8,8.2923,100,,,
3896,-5909,-919.08,1927.8,8.293,100,,,
3897,-5909,-919.09,1927.8,8.2938,100,,,
3898,-5909,-919.45,1927.8,8.2945,100,,,
3899,-5909,-919.45,1927.8,8.2953,100,,,
3900,-5909,-919.81,1927.8,8.296,100,,,
3901,-5909,-919.81,1927.8,8.2968,100,,,
3902,-5909,-920.17,1927.8,8.2976,100,,,
3903,-5909,-920.17,1927.8,8.2983,100,,,
3904,-5909,-920.53,1927.8,8.2991,100,,,
3905,-5909,-920.53,1927.8,8.2998,100,,,
3906,-5909,-920.89,1927.8,8.3006,100,,,
3907,-5909,-920.89,1927.8,8.3013,100,,,
3908,-5909,-921.25,1927.8,8.3021,100,,,
3909,-5909,-921.25,1927.8,8.3029,100,,,
3910,-5909,-921.61,1927.8,8.3036,100,,,
3911,-5909,-921.61,1927.8,8.3044,100,,,
3912,-5909,-921.97,1927.8,8.3051,100,,,
3913,-5909,-921.98,1927.8,8.3059,100,,,
3914,-5909.1,-922.33,1927.8,8.3067,100,,,
3915,-5909.1,-922.34,1927.8,8.3074,100,,,
3916,-5909.1,-922.7,1927.8,8.3082,100,,,
3917,-5909.1,-922.7,1927.8,8.309,100,,,
3918,-5909.1,-923.06,1927.8,8.3097,100,,,
3919,-5909.1,-923.06,1927.8,8.3105,100,,,
3920,-5909.1,-923.42,1927.8,8.3113,100,,,
3921,-5909.1,-923.42,1927.8,8.312,100,,,
3922,-5909.1,-923.78,1927.8,8.3128,100,,,
3923,-5909.1,-923.78,1927.8,8.3136,100,,,
3924,-5909.1,-924.14,1927.8,8.3144,100,,,
3925,-5909.1,-924.14,1927.8,8.3151,100,,,
3926,-5909.1,-924.5,1927.8,8.3159,100,,,
3927,-5909.1,-924.5,1927.8,8.3167,100,,,
3928,-5909.1,-924.86,1927.8,8.3174,100,,,
3929,-5909.1,-924.87,1927.8,8.3182,100,,,
3930,-5909.1,-925.23,1927.8,8.319,100,,,
3931,-5909.1,-925.23,1927.8,8.3198,100,,,
3932,-5909.1,-925.59,1927.8,8.3205,100,,,
3933,-5909.1,-925.59,1927.8,8.3213,100,,,
3934,-5909.1,-925.95,1927.8,8.3221,100,,,
3935,-5909.1,-925.95,1927.8,8.3229,100,,,
3936,-5909.1,-926.31,1927.8,8.3237,100,,,
3937,-5909.1,-926.31,1927.8,8.3245,100,,,
3938,-5909.1,-926.67,1927.8,8.3252,100,,,
3939,-5909.1,-926.67,1927.8,8.326,100,,,
3940,-5909.1,-927.03,1927.8,8.3268,100,,,
3941,-5909.1,-927.04,1927.8,8.3276,100,,,
3942,-5909.1,-927.39,1927.8,8.3284,100,,,
3943,-5909.1,-927.4,1927.8,8.3292,100,,,
3944,-5909.1,-927.76,1927.8,8.3299,100,,,
3945,-5909.1,-927.76,1927.8,8.3307,100,,,
3946,-5909.1,-928.12,1927.8,8.3315,100,,,
3947,-5909.1,-928.12,1927.8,8.3323,100,,,
3948,-5909.1,-928.48,1927.8,8.3331,100,,,
3949,-5909.1,-928.48,1927.8,8.3339,100,,,
3950,-5909.1,-928.84,1927.8,8.3347,100,,,
3951,-5909.1,-928.84,1927.8,8.3355,100,,,
3952,-5909.1,-929.2,1927.8,8.3363,100,,,
3953,-5909.1,-929.2,1927.8,8.3371,100,,,
3954,-5909.2,-929.56,1927.8,8.3378,100,,,
3955,-5909.2,-929.57,1927.8,8.3386,100,,,
3956,-5909.2,-929.93,1927.8,8.3394,100,,,
3957,-5909.2,-929.93,1927.8,8.3402,100,,,
3958,-5909.2,-930.29,1927.8,8.341,100,,,
3959,-5909.2,-930.29,1927.8,8.3418,100,,,
3960,-5909.2,-930.65,1927.8,8.3426,100,,,
3961,-5909.2,-930.65,1927.8,8.3434,100,,,
3962,-5909.2,-931.01,1927.8,8.3442,100,,,
3963,-5909.2,-931.01,1927.8,8.345,100,,,
3964,-5909.2,-931.37,1927.8,8.3458,100,,,
3965,-5909.2,-931.37,1927.8,8.3466,100,,,
3966,-5909.2,-931.73,1927.8,8.3474,100,,,
3967,-5909.2,-931.74,1927.8,8.3482,100,,,
3968,-5909.2,-932.1,1927.8,8.349,100,,,
3969,-5909.2,-932.1,1927.8,8.3499,100,,,
3970,-5909.2,-932.46,1927.8,8.3507,100,,,
3971,-5909.2,-932.46,1927.8,8.3515,100,,,
3972,-5909.2,-932.82,1927.8,8.3523,100,,,
3973,-5909.2,-932.82,1927.8,8.3531,100,,,
3974,-5909.2,-933.18,1927.8,8.3539,100,,,
3975,-5909.2,-933.18,1927.8,8.3547,100,,,
3976,-5909.2,-933.54,1927.8,8.3555,100,,,
3977,-5909.2,-933.54,1927.8,8.3563,100,,,
3978,-5909.2,-933.9,1927.8,8.3571,100,,,
3979,-5909.2,-933.91,1927.8,8.3579,100,,,
3980,-5909.2,-934.27,1927.8,8.3588,100,,,
3981,-5909.2,-934.27,1927.8,8.3596,100,,,
3982,-5909.2,-934.63,1927.8,8.3604,100,,,
3983,-5909.2,-934.63,1927.8,8.3612,100,,,
3984,-5909.2,-934.99,1927.8,8.362,100,,,
3985,-5909.2,-934.99,1927.8,8.3628,100,,,
3986,-5909.2,-935.35,1927.8,8.3637,100,,,
3987,-5909.2,-935.35,1927.8,8.3645,100,,,
3988,-5909.2,-935.71,1927.8,8.3653,100,,,
3989,-5909.2,-935.72,1927.8,8.3661,100,,,
3990,-5909.2,-936.08,1927.8,8.3669,100,,,
3991,-5909.2,-936.08,1927.8,8.3678,100,,,
3992,-5909.2,-936.44,1927.8,8.3686,100,,,
3993,-5909.2,-936.44,1927.8,8.3694,100,,,
3994,-5909.2,-936.8,1927.8,8.3702,100,,,
3995,-5909.2,-936.8,1927.8,8.3711,100,,,
3996,-5909.2,-937.16,1927.8,8.3719,100,,,
3997,-5909.3,-937.16,1927.8,8.3727,100,,,
3998,-5909.3,-937.52,1927.8,8.3735,100,,,
3999,-5909.3,-937.52,1927.8,8.3744,100,,,
4000,-5909.3,-937.88,1927.8,8.3752,,,,
4001,-5909.3,-937.89,1927.8,8.376,,,,
4002,-5909.3,-938.25,1927.8,8.3768,,,,
4003,-5909.3,-938.25,1927.8,8.3777,,,,
4004,-5909.3,-938.61,1927.8,8.3785,,,,
4005,-5909.3,-938.61,1927.8,8.3793,,,,
4006,-5909.3,-938.97,1927.8,8.3802,,,,
4007,-5909.3,-938.97,1927.8,8.381,,,,
4008,-5909.3,-939.33,1927.8,8.3818,,,,
4009,-5909.3,-939.33,1927.8,8.3827,,,,
4010,-5909.3,-939.69,1927.8,8.3835,,,,
4011,-5909.3,-939.7,1927.8,8.3843,,,,
4012,-5909.3,-940.06,1927.8,8.3852,,,,
4013,-5909.3,-940.06,1927.8,8.386,,,,
4014,-5909.3,-940.42,1927.8,8.3868,,,,
4015,-5909.3,-940.42,1927.8,8.3877,,,,
4016,-5909.3,-940.78,1927.8,8.3885,,,,
4017,-5909.3,-940.78,1927.8,8.3893,,,,
4018,-5909.3,-941.14,1927.8,8.3902,,,,
4019,-5909.3,-941.14,1927.8,8.391,,,,
4020,-5909.3,-941.5,1927.8,8.3919,,,,
4021,-5909.3,-941.5,1927.8,8.3927,,,,
4022,-5909.3,-941.86,1927.8,8.3935,,,,
4023,-5909.3,-941.87,1927.8,8.3944,,,,
4024,-5909.3,-942.23,1927.8,8.3952,,,,
4025,-5909.3,-942.23,1927.8,8.3961,,,,
4026,-5909.3,-942.59,1927.8,8.3969,,,,
4027,-5909.3,-942.59,1927.8,8.3978,,,,
4028,-5909.3,-942.95,1927.8,8.3986,,,,
4029,-5909.3,-942.95,1927.8,8.3995,,,,
4030,-5909.3,-943.31,1927.8,8.4003,,,,
4031,-5909.3,-943.31,1927.8,8.4012,,,,
4032,-5909.3,-943.67,1927.8,8.402,,,,
4033,-5909.3,-943.68,1927.8,8.4028,,,,
4034,-5909.3,-944.04,1927.8,8.4037,,,,
4035,-5909.3,-944.04,1927.8,8.4045,,,,
4036,-5909.3,-944.4,1927.8,8.4054,,,,
4037,-5909.3,-944.4,1927.8,8.4062,,,,
4038,-5909.3,-944.76,1927.9,8.4071,,,,
4039,-5909.3,-944.76,1927.9,8.4079,,,,
4040,-5909.3,-945.12,1927.9,8.4088,,,,
4041,-5909.3,-945.12,1927.9,8.4096,,,,
4042,-5909.3,-945.48,1927.9,8.4105,,,,
4043,-5909.3,-945.48,1927.9,8.4114,,,,
4044,-5909.3,-945.84,1927.9,8.4122,,,,
4045,-5909.4,-945.85,1927.9,8.4131,,,,
4046,-5909.4,-946.21,1927.9,8.4139,,,,
4047,-5909.4,-946.21,1927.9,8.4148,,,,
4048,-5909.4,-946.57,1927.9,8.4156,,,,
4049,-5909.4,-946.57,1927.9,8.4165,,,,
4050,-5909.4,-946.93,1927.9,8.4173,,,,
4051,-5909.4,-946.93,1927.9,8.4182,,,,
4052,-5909.4,-947.29,1927.9,8.4191,,,,
4053,-5909.4,-947.29,1927.9,8.4199,,,,
4054,-5909.4,-947.65,1927.9,8.4208,,,,
4055,-5909.4,-947.66,1927.9,8.4216,,,,
4056,-5909.4,-948.02,1927.9,8.4225,,,,
4057,-5909.4,-948.02,1927.9,8.4234,,,,
4058,-5909.4,-948.38,1927.9,8.4242,,,,
4059,-5909.4,-948.38,1927.9,8.4251,,,,
4060,-5909.4,-948.74,1927.9,8.4259,,,,
4061,-5909.4,-948.74,1927.9,8.4268,,,,
4062,-5909.4,-949.1,1927.9,8.4277,,,,
4063,-5909.4,-949.1,1927.9,8.4285,,,,
4064,-5909.4,-949.46,1927.9,8.4294,,,,
4065,-5909.4,-949.46,1927.9,8.4303,,,,
4066,-5909.4,-949.82,1927.9,8.4311,,,,
4067,-5909.4,-949.83,1927.9,8.432,,,,
4068,-5909.4,-950.19,1927.9,8.4328,,,,
4069,-5909.4,-950.19,1927.9,8.4337,,,,
4070,-5909.4,-950.55,1927.9,8.4346,,,,
4071,-5909.4,-950.55,1927.9,8.4354,,,,
4072,-5909.4,-950.91,1927.9,8.4363,,,,
4073,-5909.4,-950.91,1927.9,8.4372,,,,
4074,-5909.4,-951.27,1927.9,8.438,,,,
4075,-5909.4,-951.27,1927.9,8.4389,,,,
4076,-5909.4,-951.63,1927.9,8.4398,,,,
4077,-5909.4,-951.64,1927.9,8.4407,,,,
4078,-5909.4,-952,1927.9,8.4415,,,,
4079,-5909.4,-952,1927.9,8.4424,,,,
4080,-5909.4,-952.36,1927.9,8.4433,,,,
4081,-5909.4,-952.36,1927.9,8.4441,,,,
4082,-5909.4,-952.72,1927.9,8.445,,,,
4083,-5909.4,-952.72,1927.9,8.4459,,,,
4084,-5909.4,-953.08,1927.9,8.4468,,,,
4085,-5909.4,-953.08,1927.9,8.4476,,,,
4086,-5909.4,-953.44,1927.9,8.4485,,,,
4087,-5909.4,-953.44,1927.9,8.4494,,,,
4088,-5909.4,-953.8,1927.9,8.4502,,,,
4089,-5909.4,-953.81,1927.9,8.4511,,,,
4090,-5909.4,-954.17,1927.9,8.452,,,,
4091,-5909.4,-954.17,1927.9,8.4529,,,,
4092,-5909.4,-954.53,1927.9,8.4537,,,,
4093,-5909.4,-954.53,1927.9,8.4546,,,,
4094,-5909.4,-954.89,1927.9,8.4555,,,,
4095,-5909.4,-954.89,1927.9,8.4564,,,,
4096,-5909.4,-955.25,1927.9,8.4572,,,,
4097,-5909.4,-955.25,1927.9,8.4581,,,,
4098,-5909.5,-955.61,1927.9,8.459,,,,
4099,-5909.5,-955.61,1927.9,8.4599,,,,
4100,-5909.5,-955.97,1927.9,8.4608,,,,
4101,-5909.5,-955.97,1927.9,8.4616,,,,
4102,-5909.5,-956.34,1927.9,8.4625,,,,
4103,-5909.5,-956.34,1927.9,8.4634,,,,
4104,-5909.5,-956.7,1927.9,8.4643,,,,
4105,-5909.5,-956.7,1927.9,8.4651,,,,
4106,-5909.5,-957.06,1927.9,8.466,,,,
4107,-5909.5,-957.06,1927.9,8.4669,,,,
4108,-5909.5,-957.42,1927.9,8.4678,,,,
4109,-5909.5,-957.42,1927.9,8.4687,,,,
4110,-5909.5,-957.78,1927.9,8.4695,,,,
4111,-5909.5,-957.78,1927.9,8.4704,,,,
4112,-5909.5,-958.14,1927.9,8.4713,,,,
4113,-5909.5,-958.14,1927.9,8.4722,,,,
4114,-5909.5,-958.5,1927.9,8.4731,,,,
4115,-5909.5,-958.51,1927.9,8.474,,,,
4116,-5909.5,-958.87,1927.9,8.4748,,,,
4117,-5909.5,-958.87,1927.9,8.4757,,,,
4118,-5909.5,-959.23,1927.9,8.4766,,,,
4119,-5909.5,-959.23,1927.9,8.4775,,,,
4120,-5909.5,-959.59,1927.9,8.4784,,,,
4121,-5909.5,-959.59,1927.9,8.4793,,,,
4122,-5909.5,-959.95,1927.9,8.4801,,,,
4123,-5909.5,-959.95,1927.9,8.481,,,,
4124,-5909.5,-960.31,1927.9,8.4819,,,,
4125,-5909.5,-960.31,1927.9,8.4828,,,,
4126,-5909.5,-960.67,1927.9,8.4837,,,,
4127,-5909.5,-960.67,1927.9,8.4846,,,,
4128,-5909.5,-961.03,1927.9,8.4854,,,,
4129,-5909.5,-961.04,1927.9,8.4863,,,,
4130,-5909.5,-961.4,1927.9,8.4872,,,,
4131,-5909.5,-961.4,1927.9,8.4881,,,,
4132,-5909.5,-961.76,1927.9,8.489,,,,
4133,-5909.5,-961.76,1927.9,8.4899,,,,
4134,-5909.5,-962.12,1927.9,8.4908,,,,
4135,-5909.5,-962.12,1927.9,8.4916,,,,
4136,-5909.5,-962.48,1927.9,8.4925,,,,
4137,-5909.5,-962.48,1927.9,8.4934,,,,
4138,-5909.5,-962.84,1927.9,8.4943,,,,
4139,-5909.5,-962.84,1927.9,8.4952,,,,
4140,-5909.5,-963.2,1927.9,8.4961,,,,
4141,-5909.5,-963.2,1927.9,8.497,,,,
4142,-5909.5,-963.56,1927.9,8.4978,,,,
4143,-5909.5,-963.57,1927.9,8.4987,,,,
4144,-5909.5,-963.93,1927.9,8.4996,,,,
4145,-5909.5,-963.93,1927.9,8.5005,,,,
4146,-5909.5,-964.29,1927.9,8.5014,,,,
4147,-5909.5,-964.29,1927.9,8.5023,,,,
4148,-5909.5,-964.65,1927.9,8.5032,,,,
4149,-5909.5,-964.65,1927.9,8.5041,,,,
4150,-5909.5,-965.01,1927.9,8.5049,,,,
4151,-5909.5,-965.01,1927.9,8.5058,,,,
4152,-5909.5,-965.37,1927.9,8.5067,,,,
4153,-5909.5,-965.37,1927.9,8.5076,,,,
4154,-5909.5,-965.73,1927.9,8.5085,,,,
4155,-5909.5,-965.73,1927.9,8.5094,,,,
4156,-5909.5,-966.09,1927.9,8.5103,,,,
4157,-5909.5,-966.09,1927.9,8.5112,,,,
4158,-5909.5,-966.45,1927.9,8.5121,,,,
4159,-5909.5,-966.46,1927.9,8.5129,,,,
4160,-5909.6,-966.82,1927.9,8.5138,,,,
4161,-5909.6,-966.82,1927.9,8.5147,,,,
4162,-5909.6,-967.18,1927.9,8.5156,,,,
4163,-5909.6,-967.18,1927.9,8.5165,,,,
4164,-5909.6,-967.54,1927.9,8.5174,,,,
4165,-5909.6,-967.54,1927.9,8.5183,,,,
4166,-5909.6,-967.9,1927.9,8.5192,,,,
4167,-5909.6,-967.9,1927.9,8.5201,,,,
4168,-5909.6,-968.26,1927.9,8.5209,,,,
4169,-5909.6,-968.26,1927.9,8.5218,,,,
4170,-5909.6,-968.62,1927.9,8.5227,,,,
4171,-5909.6,-968.62,1927.9,8.5236,,,,
4172,-5909.6,-968.98,1927.9,8.5245,,,,
4173,-5909.6,-968.98,1927.9,8.5254,,,,
4174,-5909.6,-969.34,1927.9,8.5263,,,,
4175,-5909.6,-969.34,1927.9,8.5272,,,,
4176,-5909.6,-969.7,1927.9,8.5281,,,,
4177,-5909.6,-969.71,1927.9,8.529,,,,
4178,-5909.6,-970.07,1927.9,8.5298,,,,
4179,-5909.6,-970.07,1927.9,8.5307,,,,
4180,-5909.6,-970.43,1927.9,8.5316,,,,
4181,-5909.6,-970.43,1927.9,8.5325,,,,
4182,-5909.6,-970.79,1927.9,8.5334,,,,
4183,-5909.6,-970.79,1927.9,8.5343,,,,
4184,-5909.6,-971.15,1927.9,8.5352,,,,
4185,-5909.6,-971.15,1927.9,8.5361,,,,
4186,-5909.6,-971.51,1927.9,8.537,,,,
4187,-5909.6,-971.51,1927.9,8.5378,,,,
4188,-5909.6,-971.87,1927.9,8.5387,,,,
4189,-5909.6,-971.87,1927.9,8.5396,,,,
4190,-5909.6,-972.23,1927.9,8.5405,,,,
4191,-5909.6,-972.23,1927.9,8.5414,,,,
4192,-5909.6,-972.59,1927.9,8.5423,,,,
4193,-5909.6,-972.59,1927.9,8.5432,,,,
4194,-5909.6,-972.95,1927.9,8.5441,,,,
4195,-5909.6,-972.96,1927.9,8.545,,,,
4196,-5909.6,-973.32,1927.9,8.5458,,,,
4197,-5909.6,-973.32,1927.9,8.5467,,,,
4198,-5909.6,-973.68,1927.9,8.5476,,,,
4199,-5909.6,-973.68,1927.9,8.5485,,,,
4200,-5909.6,-974.04,1927.9,8.5494,,,,
4201,-5909.6,-974.04,1927.9,8.5503,,,,
4202,-5909.6,-974.4,1927.9,8.5512,,,,
4203,-5909.6,-974.4,1927.9,8.5521,,,,
4204,-5909.6,-974.76,1927.9,8.5529,,,,
4205,-5909.6,-974.76,1927.9,8.5538,,,,
4206,-5909.6,-975.12,1927.9,8.5547,,,,
4207,-5909.6,-975.12,1927.9,8.5556,,,,
4208,-5909.6,-975.48,1927.9,8.5565,,,,
4209,-5909.6,-975.48,1927.9,8.5574,,,,
4210,-5909.6,-975.84,1927.9,8.5583,,,,
4211,-5909.6,-975.84,1927.9,8.5591,,,,
4212,-5909.6,-976.2,1927.9,8.56,,,,
4213,-5909.6,-976.2,1927.9,8.5609,,,,
4214,-5909.6,-976.56,1927.9,8.5618,,,,
4215,-5909.6,-976.56,1927.9,8.5627,,,,
4216,-5909.6,-976.92,1927.9,8.5636,,,,
4217,-5909.6,-976.92,1927.9,8.5645,,,,
4218,-5909.6,-977.28,1927.9,8.5653,,,,
4219,-5909.6,-977.29,1927.9,8.5662,,,,
4220,-5909.6,-977.65,1927.9,8.5671,,,,
4221,-5909.6,-977.65,1927.9,8.568,,,,
4222,-5909.6,-978.01,1927.9,8.5689,,,,
4223,-5909.6,-978.01,1927.9,8.5698,,,,
4224,-5909.6,-978.37,1927.9,8.5706,,,,
4225,-5909.6,-978.37,1927.9,8.5715,,,,
4226,-5909.6,-978.73,1927.9,8.5724,,,,
4227,-5909.6,-978.73,1927.9,8.5733,,,,
4228,-5909.6,-979.09,1927.9,8.5742,,,,
4229,-5909.6,-979.09,1927.9,8.575,,,,
4230,-5909.7,-979.45,1927.9,8.5759,,,,
4231,-5909.7,-979.45,1927.9,8.5768,,,,
4232,-5909.7,-979.81,1927.9,8.5777,,,,
4233,-5909.7,-979.81,1927.9,8.5786,,,,
4234,-5909.7,-980.17,1927.9,8.5794,,,,
4235,-5909.7,-980.17,1927.9,8.5803,,,,
4236,-5909.7,-980.53,1927.9,8.5812,,,,
4237,-5909.7,-980.53,1927.9,8.5821,,,,
4238,-5909.7,-980.89,1927.9,8.583,,,,
4239,-5909.7,-980.89,1927.9,8.5838,,,,
4240,-5909.7,-981.25,1928,8.5847,,,,
4241,-5909.7,-981.25,1928,8.5856,,,,
4242,-5909.7,-981.61,1928,8.5865,,,,
4243,-5909.7,-981.61,1928,8.5873,,,,
4244,-5909.7,-981.97,1928,8.5882,,,,
4245,-5909.7,-981.97,1928,8.5891,,,,
4246,-5909.7,-982.33,1928,8.59,,,,
4247,-5909.7,-982.34,1928,8.5908,,,,
4248,-5909.7,-982.7,1928,8.5917,,,,
4249,-5909.7,-982.7,1928,8.5926,,,,
4250,-5909.7,-983.06,1928,8.5935,,,,
4251,-5909.7,-983.06,1928,8.5943,,,,
4252,-5909.7,-983.42,1928,8.5952,,,,
4253,-5909.7,-983.42,1928,8.5961,,,,
4254,-5909.7,-983.78,1928,8.5969,,,,
4255,-5909.7,-983.78,1928,8.5978,,,,
4256,-5909.7,-984.14,1928,8.5987,,,,
4257,-5909.7,-984.14,1928,8.5996,,,,
4258,-5909.7,-984.5,1928,8.6004,,,,
4259,-5909.7,-984.5,1928,8.6013,,,,
4260,-5909.7,-984.86,1928,8.6022,,,,
4261,-5909.7,-984.86,1928,8.603,,,,
4262,-5909.7,-985.22,1928,8.6039,,,,
4263,-5909.7,-985.22,1928,8.6048,,,,
4264,-5909.7,-985.58,1928,8.6056,,,,
4265,-5909.7,-985.58,1928,8.6065,,,,
4266,-5909.7,-985.94,1928,8.6074,,,,
4267,-5909.7,-985.94,1928,8.6082,,,,
4268,-5909.7,-986.3,1928,8.6091,,,,
4269,-5909.7,-986.3,1928,8.61,,,,
4270,-5909.7,-986.66,1928,8.6108,,,,
4271,-5909.7,-986.66,1928,8.6117,,,,
4272,-5909.7,-987.02,1928,8.6125,,,,
4273,-5909.7,-987.02,1928,8.6134,,,,
4274,-5909.7,-987.38,1928,8.6143,,,,
4275,-5909.7,-987.38,1928,8.6151,,,,
4276,-5909.7,-987.74,1928,8.616,,,,
4277,-5909.7,-987.74,1928,8.6169,,,,
4278,-5909.7,-988.1,1928,8.6177,,,,
4279,-5909.7,-988.1,1928,8.6186,,,,
4280,-5909.7,-988.46,1928,8.6194,,,,
4281,-5909.7,-988.47,1928,8.6203,,,,
4282,-5909.7,-988.82,1928,8.6211,,,,
4283,-5909.7,-988.83,1928,8.622,,,,
4284,-5909.7,-989.19,1928,8.6228,,,,
4285,-5909.7,-989.19,1928,8.6237,,,,
4286,-5909.7,-989.55,1928,8.6246,,,,
4287,-5909.7,-989.55,1928,8.6254,,,,
4288,-5909.7,-989.91,1928,8.6263,,,,
4289,-5909.7,-989.91,1928,8.6271,,,,
4290,-5909.7,-990.27,1928,8.628,,,,
4291,-5909.7,-990.27,1928,8.6288,,,,
4292,-5909.7,-990.63,1928,8.6297,,,,
4293,-5909.7,-990.63,1928,8.6305,,,,
4294,-5909.7,-990.99,1928,8.6314,,,,
4295,-5909.7,-990.99,1928,8.6322,,,,
4296,-5909.7,-991.35,1928,8.633,,,,
4297,-5909.7,-991.35,1928,8.6339,,,,
4298,-5909.7,-991.71,1928,8.6347,,,,
4299,-5909.7,-991.71,1928,8.6356,,,,
4300,-5909.7,-992.07,1928,8.6364,,,,
4301,-5909.7,-992.07,1928,8.6373,,,,
4302,-5909.7,-992.43,1928,8.6381,,,,
4303,-5909.7,-992.43,1928,8.6389,,,,
4304,-5909.7,-992.79,1928,8.6398,,,,
4305,-5909.7,-992.79,1928,8.6406,,,,
4306,-5909.7,-993.15,1928,8.6415,,,,
4307,-5909.7,-993.15,1928,8.6423,,,,
4308,-5909.7,-993.51,1928,8.6431,,,,
4309,-5909.7,-993.51,1928,8.644,,,,
4310,-5909.7,-993.87,1928,8.6448,,,,
4311,-5909.7,-993.87,1928,8.6456,,,,
4312,-5909.7,-994.23,1928,8.6465,,,,
4313,-5909.7,-994.23,1928,8.6473,,,,
4314,-5909.7,-994.59,1928,8.6481,,,,
4315,-5909.7,-994.59,1928,8.649,,,,
4316,-5909.8,-994.95,1928,8.6498,,,,
4317,-5909.8,-994.95,1928,8.6506,,,,
4318,-5909.8,-995.31,1928,8.6514,,,,
4319,-5909.8,-995.31,1928,8.6523,,,,
4320,-5909.8,-995.67,1928,8.6531,,,,
4321,-5909.8,-995.67,1928,8.6539,,,,
4322,-5909.8,-996.03,1928,8.6547,,,,
4323,-5909.8,-996.03,1928,8.6556,,,,
4324,-5909.8,-996.39,1928,8.6564,,,,
4325,-5909.8,-996.39,1928,8.6572,,,,
4326,-5909.8,-996.75,1928,8.658,,,,
4327,-5909.8,-996.76,1928,8.6588,,,,
4328,-5909.8,-997.12,1928,8.6597,,,,
4329,-5909.8,-997.12,1928,8.6605,,,,
4330,-5909.8,-997.48,1928,8.6613,,,,
4331,-5909.8,-997.48,1928,8.6621,,,,
4332,-5909.8,-997.84,1928,8.6629,,,,
4333,-5909.8,-997.84,1928,8.6637,,,,
4334,-5909.8,-998.2,1928,8.6645,,,,
4335,-5909.8,-998.2,1928,8.6653,,,,
4336,-5909.8,-998.56,1928,8.6661,,,,
4337,-5909.8,-998.56,1928,8.667,,,,
4338,-5909.8,-998.92,1928,8.6678,,,,
4339,-5909.8,-998.92,1928,8.6686,,,,
4340,-5909.8,-999.28,1928,8.6694,,,,
4341,-5909.8,-999.28,1928,8.6702,,,,
4342,-5909.8,-999.64,1928,8.671,,,,
4343,-5909.8,-999.64,1928,8.6718,,,,
4344,-5909.8,-1000,1928,8.6726,,,,
4345,-5909.8,-1000,1928,8.6734,,,,
4346,-5909.8,-1000.4,1928,8.6742,,,,
4347,-5909.8,-1000.4,1928,8.675,,,,
4348,-5909.8,-1000.7,1928,8.6758,,,,
4349,-5909.8,-1000.7,1928,8.6766,,,,
4350,-5909.8,-1001.1,1928,8.6773,,,,
4351,-5909.8,-1001.1,1928,8.6781,,,,
4352,-5909.8,-1001.4,1928,8.6789,,,,
4353,-5909.8,-1001.4,1928,8.6797,,,,
4354,-5909.8,-1001.8,1928,8.6805,,,,
4355,-5909.8,-1001.8,1928,8.6813,,,,
4356,-5909.8,-1002.2,1928,8.6821,,,,
4357,-5909.8,-1002.2,1928,8.6829,,,,
4358,-5909.8,-1002.5,1928,8.6836,,,,
4359,-5909.8,-1002.5,1928,8.6844,,,,
4360,-5909.8,-1002.9,1928,8.6852,,,,
4361,-5909.8,-1002.9,1928,8.686,,,,
4362,-5909.8,-1003.2,1928,8.6868,,,,
4363,-5909.8,-1003.2,1928,8.6875,,,,
4364,-5909.8,-1003.6,1928,8.6883,,,,
4365,-5909.8,-1003.6,1928,8.6891,,,,
4366,-5909.8,-1004,1928,8.6899,,,,
4367,-5909.8,-1004,1928,8.6906,,,,
4368,-5909.8,-1004.3,1928,8.6914,,,,
4369,-5909.8,-1004.3,1928,8.6922,,,,
4370,-5909.8,-1004.7,1928,8.6929,,,,
4371,-5909.8,-1004.7,1928,8.6937,,,,
4372,-5909.8,-1005,1928,8.6945,,,,
4373,-5909.8,-1005,1928,8.6952,,,,
4374,-5909.8,-1005.4,1928,8.696,,,,
4375,-5909.8,-1005.4,1928,8.6967,,,,
4376,-5909.8,-1005.8,1928,8.6975,,,,
4377,-5909.8,-1005.8,1928,8.6983,,,,
4378,-5909.8,-1006.1,1928,8.699,,,,
4379,-5909.8,-1006.1,1928,8.6998,,,,
4380,-5909.8,-1006.5,1928,8.7005,,,,
4381,-5909.8,-1006.5,1928,8.7013,,,,
4382,-5909.8,-1006.8,1928,8.702,,,,
4383,-5909.8,-1006.8,1928,8.7028,,,,
4384,-5909.8,-1007.2,1928,8.7035,,,,
4385,-5909.8,-1007.2,1928,8.7043,,,,
4386,-5909.8,-1007.6,1928,8.705,,,,
4387,-5909.8,-1007.6,1928,8.7057,,,,
4388,-5909.8,-1007.9,1928,8.7065,,,,
4389,-5909.8,-1007.9,1928,8.7072,,,,
4390,-5909.8,-1008.3,1928,8.708,,,,
4391,-5909.8,-1008.3,1928,8.7087,,,,
4392,-5909.8,-1008.6,1928,8.7094,,,,
4393,-5909.8,-1008.6,1928,8.7102,,,,
4394,-5909.8,-1009,1928,8.7109,,,,
4395,-5909.8,-1009,1928,8.7116,,,,
4396,-5909.8,-1009.4,1928,8.7123,,,,
4397,-5909.8,-1009.4,1928,8.7131,,,,
4398,-5909.8,-1009.7,1928,8.7138,,,,
4399,-5909.8,-1009.7,1928,8.7145,,,,
4400,-5909.8,-1010.1,1928,8.7152,,,,
4401,-5909.8,-1010.1,1928,8.716,,,,
4402,-5909.8,-1010.5,1928,8.7167,,,,
4403,-5909.8,-1010.5,1928,8.7174,,,,
4404,-5909.8,-1010.8,1928,8.7181,,,,
4405,-5909.8,-1010.8,1928,8.7188,,,,
4406,-5909.8,-1011.2,1928,8.7195,,,,
4407,-5909.8,-1011.2,1928,8.7203,,,,
4408,-5909.8,-1011.5,1928,8.721,,,,
4409,-5909.8,-1011.5,1928,8.7217,,,,
4410,-5909.8,-1011.9,1928,8.7224,,,,
4411,-5909.8,-1011.9,1928,8.7231,,,,
4412,-5909.8,-1012.3,1928,8.7238,,,,
4413,-5909.8,-1012.3,1928,8.7245,,,,
4414,-5909.8,-1012.6,1928,8.7252,,,,
4415,-5909.8,-1012.6,1928,8.7259,,,,
4416,-5909.8,-1013,1928,8.7266,,,,
4417,-5909.8,-1013,1928,8.7273,,,,
4418,-5909.8,-1013.3,1928,8.728,,,,
4419,-5909.8,-1013.4,1928,8.7287,,,,
4420,-5909.8,-1013.7,1928,8.7294,,,,
4421,-5909.8,-1013.7,1928,8.7301,,,,
4422,-5909.8,-1014.1,1928,8.7307,,,,
4423,-5909.8,-1014.1,1928,8.7314,,,,
4424,-5909.9,-1014.4,1928,8.7321,,,,
4425,-5909.9,-1014.4,1928,8.7328,,,,
4426,-5909.9,-1014.8,1928,8.7335,,,,
4427,-5909.9,-1014.8,1928,8.7342,,,,
4428,-5909.9,-1015.2,1928,8.7348,,,,
4429,-5909.9,-1015.2,1928,8.7355,,,,
4430,-5909.9,-1015.5,1928,8.7362,,,,
4431,-5909.9,-1015.5,1928,8.7369,,,,
4432,-5909.9,-1015.9,1928,8.7375,,,,
4433,-5909.9,-1015.9,1928,8.7382,,,,
4434,-5909.9,-1016.3,1928,8.7389,,,,
4435,-5909.9,-1016.3,1928,8.7395,,,,
4436,-5909.9,-1016.6,1928,8.7402,,,,
4437,-5909.9,-1016.6,1928,8.7409,,,,
4438,-5909.9,-1017,1928,8.7415,,,,
4439,-5909.9,-1017,1928,8.7422,,,,
4440,-5909.9,-1017.4,1928,8.7428,,,,
4441,-5909.9,-1017.4,1928,8.7435,,,,
4442,-5909.9,-1017.7,1928,8.7441,,,,
4443,-5909.9,-1017.7,1928,8.7448,,,,
4444,-5909.9,-1018.1,1928,8.7454,,,,
4445,-5909.9,-1018.1,1928,8.7461,,,,
4446,-5909.9,-1018.4,1928,8.7467,,,,
4447,-5909.9,-1018.4,1928,8.7474,,,,
4448,-5909.9,-1018.8,1928,8.748,,,,
4449,-5909.9,-1018.8,1928,8.7487,,,,
4450,-5909.9,-1019.2,1928,8.7493,,,,
4451,-5909.9,-1019.2,1928,8.7499,,,,
4452,-5909.9,-1019.5,1928,8.7506,,,,
4453,-5909.9,-1019.5,1928,8.7512,,,,
4454,-5909.9,-1019.9,1928,8.7519,,,,
4455,-5909.9,-1019.9,1928,8.7525,,,,
4456,-5909.9,-1020.3,1928,8.7531,,,,
4457,-5909.9,-1020.3,1928,8.7537,,,,
4458,-5909.9,-1020.6,1928,8.7544,,,,
4459,-5909.9,-1020.6,1928,8.755,,,,
4460,-5909.9,-1021,1928,8.7556,,,,
4461,-5909.9,-1021,1928,8.7562,,,,
4462,-5909.9,-1021.4,1928,8.7569,,,,
4463,-5909.9,-1021.4,1928,8.7575,,,,
4464,-5909.9,-1021.7,1928,8.7581,,,,
4465,-5909.9,-1021.7,1928,8.7587,,,,
4466,-5909.9,-1022.1,1928,8.7593,,,,
4467,-5909.9,-1022.1,1928,8.7599,,,,
4468,-5909.9,-1022.5,1928,8.7606,,,,
4469,-5909.9,-1022.5,1928.1,8.7612,,,,
4470,-5909.9,-1022.8,1928.1,8.7618,,,,
4471,-5909.9,-1022.8,1928.1,8.7624,,,,
4472,-5909.9,-1023.2,1928.1,8.763,,,,
4473,-5909.9,-1023.2,1928.1,8.7636,,,,
4474,-5909.9,-1023.6,1928.1,8.7642,,,,
4475,-5909.9,-1023.6,1928.1,8.7648,,,,
4476,-5909.9,-1023.9,1928.1,8.7654,,,,
4477,-5909.9,-1023.9,1928.1,8.766,,,,
4478,-5909.9,-1024.3,1928.1,8.7666,,,,
4479,-5909.9,-1024.3,1928.1,8.7672,,,,
4480,-5909.9,-1024.6,1928.1,8.7678,,,,
4481,-5909.9,-1024.7,1928.1,8.7683,,,,
4482,-5909.9,-1025,1928.1,8.7689,,,,
4483,-5909.9,-1025,1928.1,8.7695,,,,
4484,-5909.9,-1025.4,1928.1,8.7701,,,,
4485,-5909.9,-1025.4,1928.1,8.7707,,,,
4486,-5909.9,-1025.7,1928.1,8.7713,,,,
4487,-5909.9,-1025.7,1928.1,8.7718,,,,
4488,-5909.9,-1026.1,1928.1,8.7724,,,,
4489,-5909.9,-1026.1,1928.1,8.773,,,,
4490,-5909.9,-1026.5,1928.1,8.7736,,,,
4491,-5909.9,-1026.5,1928.1,8.7742,,,,
4492,-5909.9,-1026.8,1928.1,8.7747,,,,
4493,-5909.9,-1026.8,1928.1,8.7753,,,,
4494,-5909.9,-1027.2,1928.1,8.7759,,,,
4495,-5909.9,-1027.2,1928.1,8.7764,,,,
4496,-5909.9,-1027.6,1928.1,8.777,,,,
4497,-5909.9,-1027.6,1928.1,8.7776,,,,
4498,-5909.9,-1027.9,1928.1,8.7781,,,,
4499,-5909.9,-1027.9,1928.1,8.7787,,,,
4500,-5909.9,-1028.3,1928.1,8.7792,,,,
4501,-5909.9,-1028.3,1928.1,8.7798,,,,
4502,-5909.9,-1028.7,1928.1,8.7804,,,,
4503,-5909.9,-1028.7,1928.1,8.7809,,,,
4504,-5909.9,-1029,1928.1,8.7815,,,,
4505,-5909.9,-1029,1928.1,8.782,,,,
4506,-5909.9,-1029.4,1928.1,8.7826,,,,
4507,-5909.9,-1029.4,1928.1,8.7831,,,,
4508,-5909.9,-1029.8,1928.1,8.7837,,,,
4509,-5909.9,-1029.8,1928.1,8.7842,,,,
4510,-5909.9,-1030.1,1928.1,8.7848,,,,
4511,-5909.9,-1030.1,1928.1,8.7853,,,,
4512,-5909.9,-1030.5,1928.1,8.7859,,,,
4513,-5909.9,-1030.5,1928.1,8.7864,,,,
4514,-5909.9,-1030.9,1928.1,8.7869,,,,
4515,-5909.9,-1030.9,1928.1,8.7875,,,,
4516,-5909.9,-1031.2,1928.1,8.788,,,,
4517,-5909.9,-1031.2,1928.1,8.7885,,,,
4518,-5909.9,-1031.6,1928.1,8.7891,,,,
4519,-5909.9,-1031.6,1928.1,8.7896,,,,
4520,-5909.9,-1032,1928.1,8.7901,,,,
4521,-5909.9,-1032,1928.1,8.7907,,,,
4522,-5909.9,-1032.3,1928.1,8.7912,,,,
4523,-5909.9,-1032.3,1928.1,8.7917,,,,
4524,-5909.9,-1032.7,1928.1,8.7923,,,,
4525,-5909.9,-1032.7,1928.1,8.7928,,,,
4526,-5909.9,-1033,1928.1,8.7933,,,,
4527,-5909.9,-1033.1,1928.1,8.7938,,,,
4528,-5909.9,-1033.4,1928.1,8.7943,,,,
4529,-5909.9,-1033.4,1928.1,8.7949,,,,
4530,-5909.9,-1033.8,1928.1,8.7954,,,,
4531,-5909.9,-1033.8,1928.1,8.7959,,,,
4532,-5909.9,-1034.1,1928.1,8.7964,,,,
4533,-5909.9,-1034.1,1928.1,8.7969,,,,
4534,-5909.9,-1034.5,1928.1,8.7974,,,,
4535,-5909.9,-1034.5,1928.1,8.798,,,,
4536,-5909.9,-1034.9,1928.1,8.7985,,,,
4537,-5909.9,-1034.9,1928.1,8.799,,,,
4538,-5909.9,-1035.2,1928.1,8.7995,,,,
4539,-5909.9,-1035.2,1928.1,8.8,,,,
4540,-5909.9,-1035.6,1928.1,8.8005,,,,
4541,-5909.9,-1035.6,1928.1,8.801,,,,
4542,-5909.9,-1036,1928.1,8.8015,,,,
4543,-5909.9,-1036,1928.1,8.802,,,,
4544,-5909.9,-1036.3,1928.1,8.8025,,,,
4545,-5909.9,-1036.3,1928.1,8.803,,,,
4546,-5909.9,-1036.7,1928.1,8.8035,,,,
4547,-5909.9,-1036.7,1928.1,8.804,,,,
4548,-5909.9,-1037.1,1928.1,8.8045,,,,
4549,-5909.9,-1037.1,1928.1,8.805,,,,
4550,-5909.9,-1037.4,1928.1,8.8055,,,,
4551,-5909.9,-1037.4,1928.1,8.806,,,,
4552,-5909.9,-1037.8,1928.1,8.8065,,,,
4553,-5909.9,-1037.8,1928.1,8.807,,,,
4554,-5909.9,-1038.2,1928.1,8.8075,,,,
4555,-5909.9,-1038.2,1928.1,8.808,,,,
4556,-5909.9,-1038.5,1928.1,8.8084,,,,
4557,-5909.9,-1038.5,1928.1,8.8089,,,,
4558,-5909.9,-1038.9,1928.1,8.8094,,,,
4559,-5909.9,-1038.9,1928.1,8.8099,,,,
4560,-5909.9,-1039.3,1928.1,8.8104,,,,
4561,-5909.9,-1039.3,1928.1,8.8109,,,,
4562,-5909.9,-1039.6,1928.1,8.8114,,,,
4563,-5909.9,-1039.6,1928.1,8.8118,,,,
4564,-5909.9,-1040,1928.1,8.8123,,,,
4565,-5909.9,-1040,1928.1,8.8128,,,,
4566,-5909.9,-1040.4,1928.1,8.8133,,,,
4567,-5909.9,-1040.4,1928.1,8.8138,,,,
4568,-5909.9,-1040.7,1928.1,8.8142,,,,
4569,-5909.9,-1040.7,1928.1,8.8147,,,,
4570,-5909.9,-1041.1,1928.1,8.8152,,,,
4571,-5909.9,-1041.1,1928.1,8.8157,,,,
4572,-5910,-1041.5,1928.1,8.8161,,,,
4573,-5910,-1041.5,1928.1,8.8166,,,,
4574,-5910,-1041.8,1928.1,8.8171,,,,
4575,-5910,-1041.8,1928.1,8.8175,,,,
4576,-5910,-1042.2,1928.1,8.818,,,,
4577,-5910,-1042.2,1928.1,8.8185,,,,
4578,-5910,-1042.6,1928.1,8.819,,,,
4579,-5910,-1042.6,1928.1,8.8194,,,,
4580,-5910,-1042.9,1928.1,8.8199,,,,
4581,-5910,-1042.9,1928.1,8.8204,,,,
4582,-5910,-1043.3,1928.1,8.8208,,,,
4583,-5910,-1043.3,1928.1,8.8213,,,,
4584,-5910,-1043.6,1928.1,8.8217,,,,
4585,-5910,-1043.7,1928.1,8.8222,,,,
4586,-5910,-1044,1928.1,8.8227,,,,
4587,-5910,-1044,1928.1,8.8231,,,,
4588,-5910,-1044.4,1928.1,8.8236,,,,
4589,-5910,-1044.4,1928.1,8.8241,,,,
4590,-5910,-1044.7,1928.1,8.8245,,,,
4591,-5910,-1044.7,1928.1,8.825,,,,
4592,-5910,-1045.1,1928.1,8.8254,,,,
4593,-5910,-1045.1,1928.1,8.8259,,,,
4594,-5910,-1045.5,1928.1,8.8263,,,,
4595,-5910,-1045.5,1928.1,8.8268,,,,
4596,-5910,-1045.8,1928.1,8.8273,,,,
4597,-5910,-1045.8,1928.1,8.8277,,,,
4598,-5910,-1046.2,1928.1,8.8282,,,,
4599,-5910,-1046.2,1928.1,8.8286,,,,
4600,-5910,-1046.6,1928.1,8.8291,,,,
4601,-5910,-1046.6,1928.1,8.8295,,,,
4602,-5910,-1046.9,1928.1,8.83,,,,
4603,-5910,-1046.9,1928.1,8.8304,,,,
4604,-5910,-1047.3,1928.1,8.8309,,,,
4605,-5910,-1047.3,1928.1,8.8313,,,,
4606,-5910,-1047.7,1928.1,8.8318,,,,
4607,-5910,-1047.7,1928.1,8.8322,,,,
4608,-5910,-1048,1928.1,8.8327,,,,
4609,-5910,-1048,1928.1,8.8331,,,,
4610,-5910,-1048.4,1928.1,8.8336,,,,
4611,-5910,-1048.4,1928.1,8.834,,,,
4612,-5910,-1048.8,1928.1,8.8345,,,,
4613,-5910,-1048.8,1928.1,8.8349,,,,
4614,-5910,-1049.1,1928.1,8.8354,,,,
4615,-5910,-1049.1,1928.1,8.8358,,,,
4616,-5910,-1049.5,1928.1,8.8362,,,,
4617,-5910,-1049.5,1928.1,8.8367,,,,
4618,-5910,-1049.9,1928.1,8.8371,,,,
4619,-5910,-1049.9,1928.1,8.8376,,,,
4620,-5910,-1050.2,1928.1,8.838,,,,
4621,-5910,-1050.2,1928.1,8.8385,,,,
4622,-5910,-1050.6,1928.1,8.8389,,,,
4623,-5910,-1050.6,1928.1,8.8393,,,,
4624,-5910,-1051,1928.1,8.8398,,,,
4625,-5910,-1051,1928.1,8.8402,,,,
4626,-5910,-1051.3,1928.1,8.8407,,,,
4627,-5910,-1051.3,1928.1,8.8411,,,,
4628,-5910,-1051.7,1928.1,8.8415,,,,
4629,-5910,-1051.7,1928.1,8.842,,,,
4630,-5910,-1052.1,1928.1,8.8424,,,,
4631,-5910,-1052.1,1928.1,8.8429,,,,
4632,-5910,-1052.4,1928.1,8.8433,,,,
4633,-5910,-1052.4,1928.1,8.8437,,,,
4634,-5910,-1052.8,1928.1,8.8442,,,,
4635,-5910,-1052.8,1928.1,8.8446,,,,
4636,-5910,-1053.2,1928.1,8.845,,,,
4637,-5910,-1053.2,1928.1,8.8455,,,,
4638,-5910,-1053.5,1928.1,8.8459,,,,
4639,-5910,-1053.5,1928.1,8.8464,,,,
4640,-5910,-1053.9,1928.1,8.8468,,,,
4641,-5910,-1053.9,1928.1,8.8472,,,,
4642,-5910,-1054.3,1928.1,8.8477,,,,
4643,-5910,-1054.3,1928.1,8.8481,,,,
4644,-5910,-1054.6,1928.1,8.8485,,,,
4645,-5910,-1054.6,1928.1,8.849,,,,
4646,-5910,-1055,1928.1,8.8494,,,,
4647,-5910,-1055,1928.1,8.8498,,,,
4648,-5910,-1055.4,1928.1,8.8503,,,,
4649,-5910,-1055.4,1928.1,8.8507,,,,
4650,-5910,-1055.7,1928.1,8.8511,,,,
4651,-5910,-1055.7,1928.1,8.8516,,,,
4652,-5910,-1056.1,1928.1,8.852,,,,
4653,-5910,-1056.1,1928.1,8.8524,,,,
4654,-5910,-1056.5,1928.1,8.8529,,,,
4655,-5910,-1056.5,1928.1,8.8533,,,,
4656,-5910,-1056.8,1928.1,8.8537,,,,
4657,-5910,-1056.8,1928.1,8.8542,,,,
4658,-5910,-1057.2,1928.1,8.8546,,,,
4659,-5910,-1057.2,1928.1,8.855,,,,
4660,-5910,-1057.5,1928.1,8.8555,,,,
4661,-5910,-1057.5,1928.1,8.8559,,,,
4662,-5910,-1057.9,1928.1,8.8563,,,,
4663,-5910,-1057.9,1928.1,8.8568,,,,
4664,-5910,-1058.3,1928.1,8.8572,,,,
4665,-5910,-1058.3,1928.1,8.8576,,,,
