Time,length,f_elec,f_flex,f_frac,f_grad,g_v
0,40,-1193.6,12.534,705.44,1.6387,100.2365606
1,40,-1220.4,44.68,726.02,5.4757,-29.26352827
2,40,-818.7,40.382,725.6,8.6313,-39.3476065
3,40,-577.87,39.914,726.91,10.586,-42.6124118
4,40,-426.82,41.957,727.88,11.562,-43.08523399
5,40,-338.96,43.751,735.09,12.671,-42.30127862
6,40,-273.56,47.881,736.12,12.797,-40.95193799
7,40,-226.1,51.673,734.4,12.576,-39.36429607
8,40,-191.84,55.133,732.13,12.275,-37.69618522
9,40,-166.39,58.165,729.45,11.951,-36.03958622
10,40,-146.96,60.75,726.52,11.635,-34.43587659
11,40,-131.75,62.908,723.43,11.339,-32.91077997
12,40,-119.58,64.675,720.27,11.067,-31.47152498
13,40,-109.63,66.091,717.09,10.819,-30.12151534
14,40,-101.35,67.198,713.95,10.595,-28.85749531
15,40,-94.337,68.035,710.87,10.39,-27.67426693
16,40,-88.324,68.639,707.87,10.203,-26.57041704
17,40,-83.099,69.045,704.97,10.031,-25.54039066
18,40,-78.512,69.284,702.19,9.8707,-24.57332935
19,40,-74.446,69.388,699.51,9.7215,-23.66604295
20,40,-70.814,69.386,696.96,9.5814,-22.81266557
21,40,-67.547,69.311,694.52,9.4489,-22.00871876
22,40,-66.386,69.262,693.33,9.5423,-21.25010966
23,40,-63.651,69.128,691.11,9.4199,-20.53681383
24,40,-62.885,69.025,689.82,9.5044,-19.86171879
25,40,-60.546,68.863,687.82,9.3891,-19.22163229
26,40,-58.392,68.557,685.92,9.2777,-18.61134021
27,40,-56.405,67.952,684.13,9.1694,-18.03258839
28,40,-54.57,66.932,682.44,9.0633,-8.798782458
29,40,-53.096,65.729,681.64,9.0193,-8.666627971
30,40,-51.735,64.143,680.86,8.9774,-8.536297935
31,40,-50.476,62.274,680.11,8.9351,-8.409146599
32,40,-49.307,60.217,679.38,8.891,-8.285701119
33,40,-50.461,57.992,679.41,9.0501,-8.163290013
34,40,-51.595,55.645,679.77,9.2323,-6.444723581
35,40,-50.636,53.436,679.24,9.1911,-6.370493257
36,40,-49.741,51.226,678.72,9.1484,-6.298085351
37,40,-48.903,49.035,678.22,9.1041,-6.227406886
38,40,-48.118,46.877,677.72,9.0583,-6.157341235
39,40,-47.381,44.763,677.24,9.0114,-6.088645085
40,40,-46.689,42.701,676.77,8.9634,-6.021856046
41,40,-46.037,40.695,676.31,8.9148,-5.955613281
42,40,-45.423,38.749,675.85,8.8656,-5.890290962
43,40,-44.844,36.865,675.41,8.8163,-5.827205104
44,40,-44.297,35.041,674.97,8.7668,-5.763688909
45,40,-43.78,33.276,674.54,8.7175,-5.702356523
46,40,-43.292,31.568,674.12,8.6684,-5.642391275
47,40,-42.829,29.914,673.7,8.6196,-5.581990416
48,40,-42.39,28.309,673.29,8.5712,-5.523867661
49,40,-41.974,26.751,672.89,8.5234,-5.466241342
50,40,-41.578,25.236,672.49,8.4761,-5.409812356
51,40,-41.202,23.76,672.1,8.4294,-5.353683674
52,40,-40.845,22.321,671.72,8.3833,-5.299570678
53,40,-40.504,20.916,671.34,8.3379,-5.245718679
54,40,-40.178,19.542,670.96,8.2932,-3.899083781
55,40,-39.893,18.2,670.69,8.2576,-3.871083811
56,40,-39.622,16.882,670.41,8.2231,-3.842143636
57,40,-39.364,15.589,670.14,8.1893,-3.814775946
58,40,-39.117,14.32,669.88,8.156,-3.787175339
59,40,-38.881,13.073,669.61,8.1232,-3.759703196
60,40,-38.654,11.847,669.35,8.0909,-3.732585168
61,40,-38.437,10.642,669.1,8.059,-3.705930554
62,40,-38.228,9.4567,668.84,8.0275,-3.679268079
63,40,-38.028,8.291,668.59,7.9964,-3.65377525
64,40,-37.835,7.1443,668.34,7.9657,-3.627400458
65,40,-37.648,6.0159,668.1,7.9353,-3.602595548
66,40,-37.469,4.9055,667.85,7.9054,-3.576735955
67,40,-37.296,3.8127,667.61,7.8759,-3.552328416
68,40,-37.128,2.737,667.37,7.8467,-3.527792346
69,40,-36.966,1.678,667.14,7.8179,-3.503409987
70,40,-36.81,0.63548,666.91,7.7894,-3.479344535
71,40,-36.659,-0.39102,666.68,7.7613,-3.455315462
72,40,-36.512,-1.4018,666.45,7.7336,-3.432007985
73,40,-36.37,-2.3972,666.22,7.7062,-3.409088993
74,40,-36.232,-3.3775,666,7.6791,-3.385323338
75,40,-36.098,-4.343,665.78,7.6524,-3.362308185
76,40,-35.968,-5.294,665.56,7.6259,-3.340392617
77,40,-35.842,-6.2308,665.34,7.5998,-3.317844436
78,40,-35.719,-7.1537,665.13,7.574,-3.295141105
79,40,-35.599,-8.0629,664.91,7.5485,-3.273421419
80,40,-35.483,-8.9587,664.7,7.5233,-3.251947482
81,40,-35.37,-9.8413,664.5,7.4984,-3.23061396
82,40,-35.26,-10.711,664.29,7.4738,-3.209456276
83,40,-35.153,-11.568,664.09,7.4495,-3.188618243
84,40,-35.049,-12.413,663.88,7.4254,-3.168587355
85,40,-34.947,-13.246,663.68,7.4016,-3.147478297
86,40,-34.847,-14.066,663.49,7.3781,-3.127300476
87,40,-34.75,-14.876,663.29,7.3549,-3.107857749
88,40,-34.656,-15.673,663.1,7.3319,-3.087497074
89,40,-34.563,-16.46,662.91,7.3091,-3.068531586
90,40,-34.473,-17.235,662.72,7.2867,-3.04886427
91,40,-34.385,-18,662.53,7.2644,-3.028941422
92,40,-34.299,-18.754,662.34,7.2425,-3.010613978
93,40,-34.215,-19.498,662.16,7.2207,-2.991532892
94,40,-34.133,-20.232,661.97,7.1992,-2.972966523
95,40,-34.052,-20.956,661.79,7.1779,-2.95429242
96,40,-33.974,-21.67,661.62,7.1569,-2.936179187
97,40,-33.897,-22.374,661.44,7.1361,-2.918602142
98,40,-33.822,-23.069,661.26,7.1155,-2.900058846
99,40,-33.748,-23.755,661.09,7.0951,-2.8823116
100,40,-33.676,-24.432,660.92,7.075,-2.86523444
101,40,-33.605,-25.1,660.75,7.055,-2.847444168
102,40,-33.536,-25.759,660.58,7.0353,-2.830918959
103,40,-33.469,-26.41,660.41,7.0158,-2.813373348
104,40,-33.402,-27.052,660.25,6.9965,-2.797463763
105,40,-33.338,-27.686,660.08,6.9773,-2.781135195
106,40,-33.274,-28.311,659.92,6.9584,-2.76438936
107,40,-33.212,-28.929,659.76,6.9397,-2.748780085
108,40,-33.151,-29.539,659.6,6.9212,-2.732879295
109,40,-33.091,-30.141,659.44,6.9029,-2.716685103
110,40,-33.033,-30.736,659.29,6.8847,-2.701109777
111,40,-32.975,-31.323,659.13,6.8668,-2.685413635
112,40,-32.919,-31.903,658.98,6.849,-2.669768484
113,40,-32.864,-32.475,658.83,6.8314,-2.654383566
114,40,-32.81,-33.041,658.68,6.814,-2.639069747
115,40,-32.758,-33.6,658.53,6.7968,-2.624530975
116,40,-32.706,-34.152,658.38,6.7798,-2.608899475
117,40,-32.655,-34.697,658.24,6.7629,-2.593929731
118,40,-32.605,-35.236,658.09,6.7462,-2.579802926
119,40,-32.557,-35.768,657.95,6.7297,-2.564853977
120,40,-32.509,-36.294,657.81,6.7133,-2.550511591
121,40,-32.462,-36.814,657.67,6.6971,-2.537161606
122,40,-32.416,-37.328,657.53,6.681,-2.522396125
123,40,-32.371,-37.836,657.39,6.6652,-2.50918527
124,40,-32.327,-38.338,657.26,6.6494,-2.495415389
125,40,-32.284,-38.834,657.12,6.6339,-2.480987666
126,40,-32.242,-39.325,656.99,6.6185,-2.46813863
127,40,-32.2,-39.81,656.85,6.6032,-2.454687765
128,40,-32.16,-40.29,656.72,6.5881,-2.440565172
129,40,-32.12,-40.765,656.59,6.5731,-2.427896815
130,40,-32.081,-41.234,656.46,6.5583,-2.414667444
131,40,-32.043,-41.698,656.33,6.5437,-2.401779185
132,40,-33.602,-42.152,656.63,6.7303,-2.388550585
133,40,-33.566,-42.605,656.5,6.7156,-2.376087094
134,40,-35.148,-43.331,656.76,6.8282,-2.36370681
135,40,-35.115,-43.775,656.63,6.8132,-2.351573588
136,40,-35.083,-44.216,656.51,6.7984,-2.339323678
137,40,-35.051,-44.651,656.39,6.7838,-2.327571179
138,40,-35.02,-45.082,656.27,6.7692,-2.315536329
139,40,-34.99,-45.509,656.15,6.7549,-2.304268967
140,40,-34.961,-45.932,656.04,6.7406,-2.291887432
141,40,-34.932,-46.35,655.92,6.7265,-2.280250304
142,40,-34.904,-46.764,655.81,6.7125,-2.268498791
143,40,-34.876,-47.174,655.69,6.6987,-2.257710484
144,40,-34.85,-47.579,655.58,6.685,-2.245442957
145,40,-34.823,-47.981,655.47,6.6714,-2.234235365
146,40,-34.798,-48.379,655.36,6.6579,-2.223409703
147,40,-34.773,-48.773,655.25,6.6446,-2.211501114
148,40,-34.749,-49.163,655.14,6.6314,-2.200966416
149,40,-34.725,-49.55,655.03,6.6183,-2.189287432
150,40,-34.702,-49.932,654.92,6.6054,-2.178808908
151,40,-34.679,-50.312,654.82,6.5925,-2.167263298
152,40,-34.658,-50.687,654.71,6.5798,-2.157319195
153,40,-34.636,-51.059,654.61,6.5672,-2.145795193
154,40,-34.627,-52.31,659.55,6.6609,-2.135895227
155,40,-34.737,-53.291,661.91,6.6583,-2.125177803
156,40,-35.003,-54.921,666.84,6.6726,-2.114189119
157,40,-35.318,-56.596,671.74,6.6923,-2.104245337
158,40,-35.688,-58.294,676.61,6.7157,-2.09374218
159,40,-36.118,-60.005,681.43,6.7418,-2.082881965
160,40,-36.541,-62.231,688.65,6.8508,-2.073319644
161,40,-37.106,-63.958,693.39,6.8813,-2.063131796
162,40,-37.749,-65.689,698.08,6.9137,-2.052956566
163,40,-37.907,-67.061,702.94,7.0331,-2.042963102
164,40,-38.682,-68.793,707.56,7.0682,-2.032429801
165,40,-39.56,-70.527,712.12,7.1051,-2.023069671
166,40,-40.47,-72.839,718.93,7.1801,-2.013156701
167,40,-42.235,-75.28,725.53,7.2455,-2.003488734
168,40,-45.701,-79.798,738.89,7.4689,-1.993655147
169,40,-52.96,-84.465,751.29,7.6436,-1.984137012
170,40,-52.772,-85.927,755.94,7.6536,-1.974746497
171,40,-52.672,-86.808,758.18,7.6524,-1.965003203
172,40,-52.582,-87.694,760.52,7.6535,-1.955823799
173,40,-52.467,-89.186,765.13,7.6679,-1.946367915
174,40,-52.411,-90.075,767.34,7.6687,-1.937641594
175,40,-52.369,-91.578,771.9,7.6856,-1.92778008
176,40,-52.38,-93.085,776.42,7.704,-1.918807574
177,40,-52.516,-95.208,783.22,7.7409,-1.909884751
178,40,-55.285,-97.41,789.62,7.809,-1.900701324
179,40,-55.656,-99.512,796.16,7.8473,-1.89248937
180,40,-55.983,-100.99,800.48,7.8708,-1.883087146
181,40,-56.394,-102.45,804.75,7.8952,-1.874214832
182,40,-56.902,-103.9,808.97,7.9209,-1.866039747
183,40,-57.178,-104.75,811.09,7.9293,-1.856713634
184,40,-57.867,-106.17,815.19,7.957,-1.848134462
185,40,-60.155,-108.67,822.98,8.0394,-1.840136566
186,40,-61.2,-110.02,826.89,8.0707,-1.830976985
187,40,-61.145,-110.25,826.87,8.0585,-1.8231208
188,40,-61.09,-110.48,826.85,8.0464,-1.814094448
189,40,-61.036,-110.7,826.84,8.0344,-1.805689338
190,40,-60.982,-110.93,826.82,8.0224,-1.797886445
191,40,-60.93,-111.15,826.8,8.0106,-1.789113837
192,40,-60.877,-111.37,826.78,7.9988,-1.78157158
193,40,-60.826,-111.59,826.77,7.9872,-1.773291467
194,40,-60.776,-111.8,826.75,7.9756,-1.764567332
195,40,-60.726,-112.02,826.74,7.9642,-1.757095172
196,40,-60.676,-112.23,826.72,7.9528,-1.748559855
197,40,-60.628,-112.45,826.7,7.9415,-1.741116764
198,40,-60.58,-112.66,826.69,7.9303,-1.733092808
199,40,-60.533,-112.86,826.67,7.9192,-1.724792859
200,40,-61.483,-113.47,828.42,7.9741,-1.717559127
201,40,-61.433,-113.68,828.41,7.9632,-1.709726318
202,40,-61.385,-113.88,828.39,7.9525,-1.702049344
203,40,-61.337,-114.08,828.38,7.9418,-1.694312389
204,40,-61.289,-114.28,828.37,7.9312,-1.686160316
205,40,-61.243,-114.48,828.35,7.9207,-1.679081104
206,40,-61.197,-114.67,828.34,7.9103,-1.671857213
207,40,-61.151,-114.87,828.32,7.8999,-1.6643033
208,40,-61.107,-115.06,828.31,7.8897,-1.656790465
209,40,-61.062,-115.26,828.3,7.8795,-1.649711173
210,40,-61.019,-115.45,828.29,7.8694,-1.642395182
211,40,-60.976,-115.64,828.27,7.8594,-1.634798726
212,40,-60.934,-115.83,828.26,7.8494,-1.62874441
213,40,-60.892,-116.02,828.25,7.8395,-1.622288748
214,40,-60.851,-116.2,828.23,7.8297,-1.615596326
215,40,-60.811,-116.39,828.22,7.82,-1.609138223
216,40,-60.771,-116.57,828.21,7.8103,-1.602920982
217,40,-60.731,-116.76,828.2,7.8008,-1.596643536
218,40,-60.693,-116.94,828.19,7.7912,-1.590400217
219,40,-60.654,-117.12,828.17,7.7818,-1.584311321
220,40,-60.617,-117.3,828.16,7.7724,-1.578051639
221,40,-60.58,-117.48,828.15,7.7631,-1.572021703
222,40,-60.543,-117.65,828.14,7.7539,-1.565966065
223,40,-60.507,-117.83,828.13,7.7447,-1.559846382
224,40,-60.472,-118.01,828.12,7.7356,-1.554384084
225,40,-60.437,-118.18,828.11,7.7266,-1.547851953
226,40,-60.402,-118.35,828.09,7.7177,-1.541897635
227,40,-60.369,-118.53,828.08,7.7088,-1.535973718
228,40,-60.335,-118.7,828.07,7.6999,-1.529956126
229,40,-60.302,-118.87,828.06,7.6912,-1.524196682
230,40,-60.27,-119.04,828.05,7.6825,-1.518384151
231,40,-60.238,-119.21,828.04,7.6738,-1.513019339
232,40,-60.207,-119.37,828.03,7.6653,-1.506782594
233,40,-60.176,-119.54,828.02,7.6568,-1.500951012
234,40,-60.145,-119.71,828.01,7.6483,-1.495296533
235,40,-60.116,-119.87,828,7.6399,-1.490088656
236,40,-60.086,-120.04,827.99,7.6316,-1.483775321
237,40,-60.057,-120.2,827.98,7.6233,-1.478203388
238,40,-60.029,-120.36,827.97,7.6151,-1.472744672
239,40,-60.001,-120.52,827.96,7.607,-1.467517069
240,40,-59.973,-120.68,827.95,7.5989,-1.461427164
241,40,-59.946,-120.84,827.94,7.5909,-1.456051622
242,40,-59.919,-121,827.93,7.5829,-1.450834434
243,40,-59.893,-121.16,827.93,7.575,-1.445018474
244,40,-59.867,-121.32,827.92,7.5671,-1.439559284
245,40,-59.842,-121.48,827.91,7.5593,-1.434675369
246,40,-59.817,-121.63,827.9,7.5515,-1.428662178
247,40,-59.793,-121.79,827.89,7.5439,-1.423346033
248,40,-59.769,-121.94,827.88,7.5362,-1.418696877
249,40,-59.745,-122.1,827.87,7.5286,-1.412676869
250,40,-59.722,-122.25,827.86,7.5211,-1.408057635
251,40,-59.699,-122.4,827.86,7.5136,-1.40218008
252,40,-59.676,-122.55,827.85,7.5062,-1.397672169
253,40,-59.654,-122.71,827.84,7.4988,-1.391946756
254,40,-59.633,-122.86,827.83,7.4915,-1.387296048
255,40,-59.612,-123.01,827.82,7.4842,-1.38183514
256,40,-59.591,-123.16,827.82,7.477,-1.377477923
257,40,-59.57,-123.3,827.81,7.4698,-1.371823006
258,40,-59.55,-123.45,827.8,7.4627,-1.367384055
259,40,-59.531,-123.6,827.79,7.4556,-1.36207917
260,40,-59.511,-123.75,827.79,7.4486,-1.357670324
261,40,-59.492,-123.89,827.78,7.4416,-1.35282715
262,40,-59.474,-124.04,827.77,7.4347,-1.347362384
263,40,-59.456,-124.18,827.76,7.4278,-1.343120023
264,40,-59.438,-124.33,827.76,7.4209,-1.338343464
265,40,-59.421,-124.47,827.75,7.4142,-1.333081679
266,40,-59.403,-124.62,827.74,7.4074,-1.328901328
267,40,-59.387,-124.76,827.74,7.4007,-1.324203869
268,40,-59.37,-124.9,827.73,7.3941,-1.318909758
269,40,-59.354,-125.04,827.72,7.3874,-1.314861629
270,40,-59.338,-125.18,827.72,7.3809,-1.310259651
271,40,-59.323,-125.32,827.71,7.3744,-1.305055972
272,40,-59.308,-125.46,827.7,7.3679,-1.300947703
273,40,-59.293,-125.6,827.7,7.3615,-1.296486566
274,40,-59.279,-125.74,827.69,7.3551,-1.291996257
275,40,-59.265,-125.88,827.68,7.3487,-1.286827399
276,40,-59.251,-126.02,827.68,7.3424,-1.282996374
277,40,-59.238,-126.16,827.67,7.3362,-1.278402262
278,40,-59.225,-126.3,827.66,7.3299,-1.274053923
279,40,-59.212,-126.43,827.66,7.3238,-1.269103468
280,40,-59.199,-126.57,827.65,7.3176,-1.265320317
281,40,-59.187,-126.71,827.65,7.3115,-1.26092945
282,40,-59.175,-126.84,827.64,7.3055,-1.256641801
283,40,-59.164,-126.98,827.63,7.2994,-1.252224716
284,40,-59.153,-127.11,827.63,7.2935,-1.248092281
285,40,-59.142,-127.25,827.62,7.2875,-1.243144374
286,40,-59.131,-127.38,827.62,7.2816,-1.239452916
287,40,-59.121,-127.51,827.61,7.2758,-1.235397715
288,40,-59.111,-127.65,827.61,7.2699,-1.231084254
289,40,-59.101,-127.78,827.6,7.2641,-1.227059974
290,40,-59.091,-127.91,827.6,7.2584,-1.222713078
291,40,-59.082,-128.04,827.59,7.2527,-1.218871561
292,40,-59.073,-128.18,827.59,7.247,-1.214789652
293,40,-59.065,-128.31,827.58,7.2414,-1.210631644
294,40,-59.056,-128.44,827.57,7.2358,-1.206841622
295,40,-59.048,-128.57,827.57,7.2302,-1.20293703
296,40,-59.04,-128.7,827.56,7.2247,-1.198523675
297,40,-59.033,-128.83,827.56,7.2192,-1.195167643
298,40,-59.026,-128.96,827.56,7.2137,-1.191358039
299,40,-59.018,-129.09,827.55,7.2083,-1.187532437
300,40,-59.012,-129.22,827.55,7.2029,-1.183774744
301,40,-59.005,-129.34,827.54,7.1975,-1.179932262
302,40,-58.999,-129.47,827.54,7.1922,-1.176280423
303,40,-58.993,-129.6,827.53,7.1869,-1.173227344
304,40,-58.987,-129.73,827.53,7.1816,-1.169208697
305,40,-58.982,-129.85,827.52,7.1764,-1.16567547
306,40,-58.976,-129.98,827.52,7.1712,-1.16231022
307,40,-58.971,-130.11,827.51,7.1661,-1.158834722
308,40,-58.966,-130.23,827.51,7.1609,-1.15549355
309,40,-58.962,-130.36,827.51,7.1558,-1.152007499
310,40,-58.957,-130.49,827.5,7.1508,-1.148717689
311,40,-58.953,-130.61,827.5,7.1457,-1.145370515
312,40,-58.949,-130.74,827.49,7.1407,-1.142072922
313,40,-58.946,-130.86,827.49,7.1357,-1.138753953
314,40,-62.624,-131.62,829.25,7.2542,-1.135370202
315,40,-62.619,-131.74,829.25,7.2494,-1.132762364
316,40,-62.615,-131.87,829.24,7.2446,-1.128846336
317,40,-62.611,-131.99,829.24,7.2399,-1.125679806
318,40,-62.607,-132.12,829.24,7.2352,-1.12225439
319,40,-62.604,-132.24,829.23,7.2305,-1.119183975
320,40,-62.6,-132.36,829.23,7.2258,-1.11602155
321,40,-62.597,-132.49,829.23,7.2212,-1.112867454
322,40,-62.594,-132.61,829.22,7.2166,-1.110377283
323,40,-62.592,-132.73,829.22,7.2121,-1.106616242
324,40,-62.589,-132.85,829.22,7.2075,-1.103688939
325,40,-62.587,-132.98,829.21,7.203,-1.100552544
326,40,-62.585,-133.1,829.21,7.1985,-1.097402949
327,40,-62.583,-133.22,829.21,7.1941,-1.094566097
328,40,-62.581,-133.34,829.21,7.1897,-1.091842865
329,40,-62.58,-133.46,829.2,7.1853,-1.088575482
330,40,-62.579,-133.58,829.2,7.1809,-1.085378602
331,40,-62.578,-133.7,829.2,7.1766,-1.082542182
332,40,-62.577,-133.82,829.19,7.1722,-1.079817619
333,40,-62.577,-133.94,829.19,7.1679,-1.077498551
334,40,-62.576,-134.06,829.19,7.1637,-1.074259674
335,40,-62.576,-134.18,829.19,7.1594,-1.071676371
336,40,-62.576,-134.3,829.18,7.1552,-1.069142871
337,40,-62.576,-134.42,829.18,7.151,-1.066331084
338,40,-62.576,-134.54,829.18,7.1468,-1.064313404
339,40,-62.577,-134.66,829.18,7.1427,-1.061276556
340,40,-62.578,-134.78,829.17,7.1386,-1.058618482
341,40,-62.579,-134.9,829.17,7.1345,-1.056757679
342,40,-62.58,-135.02,829.17,7.1304,-1.053634567
343,40,-62.581,-135.13,829.17,7.1263,-1.050958283
344,40,-62.583,-135.25,829.16,7.1223,-1.048468702
345,40,-62.584,-135.37,829.16,7.1183,-1.046593694
346,40,-62.586,-135.49,829.16,7.1143,-1.043450695
347,40,-62.588,-135.6,829.16,7.1104,-1.041088564
348,40,-62.59,-135.72,829.16,7.1064,-1.038428926
349,40,-62.593,-135.84,829.15,7.1025,-1.036536597
350,40,-62.595,-135.96,829.15,7.0986,-1.033657656
351,40,-62.598,-136.07,829.15,7.0948,-1.031075152
352,40,-62.601,-136.19,829.15,7.0909,-1.029135273
353,40,-62.604,-136.31,829.15,7.0871,-1.026238984
354,40,-62.607,-136.42,829.14,7.0833,-1.02399258
355,40,-62.611,-136.54,829.14,7.0795,-1.02209224
356,40,-62.614,-136.65,829.14,7.0757,-1.019172724
357,40,-62.618,-136.77,829.14,7.072,-1.017009731
358,40,-65.056,-136.53,830.78,7.2263,-1.015031379
359,40,-65.063,-136.64,830.78,7.2225,-1.012258735
360,40,-65.069,-136.76,830.78,7.2187,-1.00989657
361,40,-65.076,-136.87,830.78,7.2149,-1.008124741
362,40,-65.083,-136.99,830.78,7.2112,-1.005312084
363,40,-65.09,-137.1,830.78,7.2074,-1.003068235
364,40,-65.097,-137.21,830.78,7.2037,-1.001312039
365,40,-65.104,-137.33,830.78,7.2,-0.998583005
366,40,-65.112,-137.44,830.78,7.1963,-0.996787899
367,40,-65.12,-137.56,830.78,7.1927,-0.994033802
368,40,-65.128,-137.67,830.78,7.1891,-0.991812059
369,40,-65.136,-137.78,830.77,7.1854,-0.990127556
370,40,-65.144,-137.9,830.77,7.1818,-0.987227074
371,40,-65.152,-138.01,830.77,7.1783,-0.985154623
372,40,-65.161,-138.12,830.77,7.1747,-0.983455925
373,40,-65.169,-138.23,830.77,7.1711,-0.980775588
374,40,-65.178,-138.35,830.77,7.1676,-0.979198775
375,40,-65.187,-138.46,830.77,7.1641,-0.976484613
376,40,-65.196,-138.57,830.77,7.1606,-0.974297818
377,40,-65.205,-138.68,830.77,7.1572,-0.972612509
378,40,-65.214,-138.8,830.77,7.1537,-0.970041741
379,40,-65.224,-138.91,830.77,7.1503,-0.968428108
380,40,-65.233,-139.02,830.77,7.1468,-0.965909296
381,40,-65.243,-139.13,830.77,7.1434,-0.964286415
382,40,-65.253,-139.24,830.77,7.1401,-0.962009818
383,40,-65.263,-139.35,830.77,7.1367,-0.960261625
384,40,-65.273,-139.46,830.77,7.1333,-0.959210372
385,40,-65.283,-139.57,830.77,7.13,-0.956835508
386,40,-65.294,-139.68,830.77,7.1267,-0.955715388
387,40,-65.304,-139.8,830.78,7.1234,-0.953759941
388,40,-65.315,-139.91,830.78,7.1201,-0.951944917
389,40,-65.326,-140.02,830.78,7.1168,-0.950942431
390,40,-65.337,-140.13,830.78,7.1136,-0.94871949
391,40,-65.348,-140.24,830.78,7.1103,-0.94757926
392,40,-65.359,-140.35,830.78,7.1071,-0.945522749
393,40,-65.37,-140.45,830.78,7.1039,-0.943823976
394,40,-65.381,-140.56,830.78,7.1007,-0.942805024
395,40,-65.393,-140.67,830.78,7.0975,-0.940686617
396,40,-65.404,-140.78,830.78,7.0944,-0.939562649
397,40,-65.416,-140.89,830.78,7.0912,-0.937428592
398,40,-65.428,-141,830.78,7.0881,-0.935675526
399,40,-65.44,-141.11,830.79,7.085,-0.934770276
400,40,-65.452,-141.22,830.79,7.0819,-0.932508614
401,40,-65.464,-141.33,830.79,7.0788,-0.931494361
402,40,-65.477,-141.43,830.79,7.0758,-0.929417259
403,40,-65.489,-141.54,830.79,7.0727,-0.92832321
404,40,-65.502,-141.65,830.79,7.0697,-0.926198991
405,40,-65.514,-141.76,830.79,7.0666,-0.924797544
406,40,-65.527,-141.87,830.79,7.0636,-0.923743217
407,40,-65.54,-141.97,830.8,7.0606,-0.92176169
408,40,-65.553,-142.08,830.8,7.0577,-0.920649848
409,40,-65.566,-142.19,830.8,7.0547,-0.91888335
410,40,-65.579,-142.3,830.8,7.0517,-0.917744874
411,40,-65.593,-142.4,830.8,7.0488,-0.91582702
412,40,-65.606,-142.51,830.8,7.0459,-0.914421243
413,40,-65.62,-142.62,830.81,7.043,-0.913662274
414,40,-65.633,-142.72,830.81,7.0401,-0.911661769
415,40,-65.647,-142.83,830.81,7.0372,-0.910833915
416,40,-65.661,-142.93,830.81,7.0343,-0.908849454
417,40,-65.675,-143.04,830.81,7.0315,-0.90818798
418,40,-65.689,-143.15,830.82,7.0286,-0.906241434
419,40,-65.703,-143.25,830.82,7.0258,-0.904858657
420,40,-65.717,-143.36,830.82,7.023,-0.904084007
421,40,-65.732,-143.46,830.82,7.0202,-0.902251904
422,40,-65.746,-143.57,830.82,7.0174,-0.901429723
423,40,-65.761,-143.67,830.83,7.0146,-0.899546864
424,40,-65.775,-143.78,830.83,7.0118,-0.89885424
425,40,-65.79,-143.88,830.83,7.0091,-0.896847212
426,40,-65.805,-143.99,830.83,7.0063,-0.896198649
427,40,-65.82,-144.09,830.83,7.0036,-0.894350145
428,40,-65.835,-144.2,830.84,7.0009,-0.893528649
429,40,-65.85,-144.3,830.84,6.9982,-0.891936203
430,40,-65.865,-144.41,830.84,6.9955,-0.890639225
431,40,-65.881,-144.51,830.84,6.9928,-0.890180228
432,40,-65.896,-144.62,830.85,6.9901,-0.888458015
433,40,-65.912,-144.72,830.85,6.9875,-0.887806461
434,40,-65.927,-144.82,830.85,6.9848,-0.886084198
435,40,-65.943,-144.93,830.85,6.9822,-0.885691009
436,40,-65.959,-145.03,830.86,6.9796,-0.883890412
437,40,-65.975,-145.13,830.86,6.977,-0.883436961
438,40,-65.991,-145.24,830.86,6.9744,-0.881722465
439,40,-66.007,-145.34,830.87,6.9718,-0.880536259
440,40,-66.023,-145.44,830.87,6.9692,-0.880208858
441,40,-66.039,-145.54,830.87,6.9666,-0.878353104
442,40,-66.055,-145.65,830.87,6.9641,-0.877936705
443,40,-66.072,-145.75,830.88,6.9615,-0.876403241
444,40,-66.088,-145.85,830.88,6.959,-0.875967213
445,40,-66.105,-145.95,830.88,6.9565,-0.874363781
446,40,-66.121,-146.06,830.89,6.954,-0.874056932
447,40,-66.138,-146.16,830.89,6.9515,-0.872514552
448,40,-66.155,-146.26,830.89,6.949,-0.872043667
449,40,-66.172,-146.36,830.9,6.9465,-0.870671724
450,40,-66.188,-146.46,830.9,6.9441,-0.870257262
451,40,-66.205,-146.56,830.9,6.9416,-0.868716335
452,40,-66.223,-146.66,830.9,6.9391,-0.868322794
453,40,-66.24,-146.77,830.91,6.9367,-0.866855556
454,40,-66.257,-146.87,830.91,6.9343,-0.866530124
455,40,-66.274,-146.97,830.91,6.9319,-0.865122001
456,40,-66.292,-147.07,830.92,6.9295,-0.864717472
457,40,-66.309,-147.17,830.92,6.9271,-0.863407768
458,40,-66.327,-147.27,830.92,6.9247,-0.863133571
459,40,-66.344,-147.37,830.93,6.9223,-0.861783436
460,40,-66.362,-147.47,830.93,6.9199,-0.861477279
461,40,-66.38,-147.57,830.93,6.9176,-0.860082691
462,40,-66.398,-147.67,830.94,6.9152,-0.859763466
463,40,-66.416,-147.77,830.94,6.9129,-0.858530431
464,40,-66.434,-147.87,830.95,6.9106,-0.858126764
465,40,-66.452,-147.96,830.95,6.9083,-0.856987028
466,40,-66.47,-148.06,830.95,6.9059,-0.856528954
467,40,-66.488,-148.16,830.96,6.9036,-0.855256395
468,40,-66.506,-148.26,830.96,6.9014,-0.855062517
469,40,-66.525,-148.36,830.96,6.8991,-0.85363413
470,40,-66.543,-148.46,830.97,6.8968,-0.853371598
471,40,-66.562,-148.56,830.97,6.8945,-0.852065146
472,40,-66.58,-148.65,830.98,6.8923,-0.851752856
473,40,-66.599,-148.75,830.98,6.89,-0.85045553
474,40,-66.618,-148.85,830.98,6.8878,-0.850232165
475,40,-66.636,-148.95,830.99,6.8856,-0.849009591
476,40,-66.655,-149.04,830.99,6.8834,-0.848622419
477,40,-66.674,-149.14,831,6.8812,-0.84732061
478,40,-66.693,-149.24,831,6.8789,-0.847045511
479,40,-66.712,-149.34,831,6.8768,-0.845789165
480,40,-66.731,-149.43,831.01,6.8746,-0.845589261
481,40,-66.75,-149.53,831.01,6.8724,-0.844228552
482,40,-66.77,-149.63,831.02,6.8702,-0.843982721
483,40,-66.789,-149.72,831.02,6.8681,-0.84274155
484,40,-66.808,-149.82,831.02,6.8659,-0.842474361
485,40,-66.828,-149.91,831.03,6.8638,-0.841029427
486,40,-66.847,-150.01,831.03,6.8616,-0.841089829
487,40,-66.867,-150.11,831.04,6.8595,-0.839589689
488,40,-66.886,-150.2,831.04,6.8574,-0.839443255
489,40,-66.906,-150.3,831.05,6.8553,-0.838223556
490,40,-66.926,-150.39,831.05,6.8532,-0.838067215
491,40,-66.945,-150.49,831.05,6.8511,-0.836843068
492,40,-66.965,-150.58,831.06,6.849,-0.836536231
493,40,-66.985,-150.68,831.06,6.8469,-0.835492898
494,40,-67.005,-150.77,831.07,6.8449,-0.835209477
495,40,-67.025,-150.86,831.07,6.8428,-0.834029791
496,40,-67.045,-150.96,831.08,6.8408,-0.833918191
497,40,-67.065,-151.05,831.08,6.8387,-0.832576285
498,40,-67.086,-151.15,831.09,6.8367,-0.832620718
499,40,-67.106,-151.24,831.09,6.8346,-0.831311669
500,40,-67.126,-151.33,831.09,6.8326,-0.831138579
501,40,-67.146,-151.43,831.1,6.8306,-0.830043904
502,40,-67.167,-151.52,831.1,6.8286,-0.829850096
503,40,-67.187,-151.61,831.11,6.8266,-0.828705974
504,40,-67.208,-151.71,831.11,6.8246,-0.828530637
505,40,-67.228,-151.8,831.12,6.8226,-0.827331144
506,40,-67.249,-151.89,831.12,6.8206,-0.827161589
507,40,-67.27,-151.98,831.13,6.8187,-0.826272577
508,40,-67.291,-152.07,831.13,6.8167,-0.826123424
509,40,-67.311,-152.17,831.14,6.8147,-0.825121966
510,40,-67.332,-152.26,831.14,6.8128,-0.825218877
511,40,-67.353,-152.35,831.15,6.8108,-0.824328669
512,40,-67.374,-152.44,831.15,6.8089,-0.824192756
513,40,-67.395,-152.53,831.16,6.807,-0.823360638
514,40,-67.416,-152.62,831.16,6.805,-0.823359746
515,40,-67.437,-152.71,831.17,6.8031,-0.822285057
516,40,-67.458,-152.8,831.17,6.8012,-0.822304766
517,40,-67.479,-152.89,831.18,6.7993,-0.821376601
518,40,-67.501,-152.98,831.18,6.7974,-0.821593585
519,40,-67.522,-153.07,831.19,6.7955,-0.821326085
520,40,-67.543,-153.16,831.19,6.7936,-0.82187672
521,40,-67.565,-153.25,831.2,6.7917,-0.822704388
522,40,-67.586,-153.34,831.2,6.7899,-0.822631405
523,40,-67.608,-153.43,831.21,6.788,-0.822843636
524,40,-67.629,-153.52,831.22,6.7861,-0.822996106
525,40,-67.651,-153.61,831.22,6.7843,-0.823179386
526,40,-67.672,-153.7,831.23,6.7824,-0.823520902
527,40,-67.694,-153.79,831.23,6.7806,-0.824174648
528,40,-67.715,-153.88,831.24,6.7788,-0.823700164
529,40,-67.737,-153.96,831.24,6.7769,-0.823897442
530,40,-67.759,-154.05,831.25,6.7751,-0.823913276
531,40,-67.78,-154.14,831.25,6.7733,-0.824063653
532,40,-67.802,-154.23,831.26,6.7715,-0.824204674
533,40,-67.824,-154.32,831.27,6.7697,-0.824258692
534,40,-67.846,-154.4,831.27,6.7679,-0.824388236
535,40,-67.868,-154.49,831.28,6.7661,-0.824285182
536,40,-67.89,-154.58,831.28,6.7643,-0.824385427
537,40,-67.912,-154.66,831.29,6.7625,-0.824454194
538,40,-67.934,-154.75,831.29,6.7607,-0.824497345
539,40,-67.956,-154.84,831.3,6.7589,-0.825060495
540,40,-67.978,-154.92,831.31,6.7572,-0.824523265
541,40,-68,-155.01,831.31,6.7554,-0.824548703
542,40,-68.022,-155.09,831.32,6.7536,-0.824523989
543,40,-68.044,-155.18,831.32,6.7519,-0.824664498
544,40,-68.066,-155.26,831.33,6.7501,-0.82469749
545,40,-68.089,-155.35,831.34,6.7484,-0.824907525
546,40,-68.111,-155.43,831.34,6.7467,-0.825658838
547,40,-68.133,-155.52,831.35,6.7449,-0.826055446
548,40,-68.155,-155.6,831.36,6.7432,-0.827657054
549,40,-68.178,-155.69,831.36,6.7415,-0.82847754
550,40,-68.2,-155.77,831.37,6.7398,-0.828750816
551,40,-68.223,-155.85,831.37,6.738,-0.830216225
552,40,-68.245,-155.94,831.38,6.7363,-0.830944879
553,40,-68.267,-156.02,831.39,6.7346,-0.831159165
554,40,-68.29,-156.11,831.39,6.7329,-0.832389112
555,40,-68.312,-156.19,831.4,6.7312,-0.833041717
556,40,-68.335,-156.27,831.41,6.7296,-0.833164782
557,40,-68.357,-156.35,831.41,6.7279,-0.834380042
558,40,-68.38,-156.44,831.42,6.7262,-0.834614914
559,40,-68.403,-156.52,831.43,6.7245,-0.835689899
560,40,-68.425,-156.6,831.43,6.7228,-0.83606694
561,40,-68.448,-156.68,831.44,6.7212,-0.837087538
562,40,-68.47,-156.76,831.45,6.7195,-0.837427209
563,40,-68.493,-156.85,831.45,6.7179,-0.838766022
564,40,-68.516,-156.93,831.46,6.7162,-0.838811721
565,40,-68.538,-157.01,831.47,6.7146,-0.840172325
566,40,-68.561,-157.09,831.47,6.7129,-0.840409377
567,40,-68.584,-157.17,831.48,6.7113,-0.841508644
568,40,-68.607,-157.25,831.49,6.7096,-0.841815008
569,40,-68.629,-157.33,831.49,6.708,-0.842887721
570,40,-68.652,-157.41,831.5,6.7064,-0.843163694
571,40,-68.675,-157.49,831.51,6.7048,-0.844318532
572,40,-68.698,-157.57,831.51,6.7032,-0.844485331
573,40,-68.721,-157.65,831.52,6.7015,-0.845696125
574,40,-68.744,-157.73,831.53,6.6999,-0.845746128
575,40,-68.767,-157.81,831.53,6.6983,-0.846386791
576,40,-68.79,-157.88,831.54,6.6967,-0.847453549
577,40,-68.813,-157.96,831.55,6.6951,-0.847694325
578,40,-68.835,-158.04,831.56,6.6935,-0.848903107
579,40,-68.859,-158.12,831.56,6.6919,-0.849156419
580,40,-68.881,-158.2,831.57,6.6903,-0.849672326
581,40,-68.905,-158.28,831.58,6.6888,-0.850807555
582,40,-68.928,-158.35,831.58,6.6872,-0.850897775
583,40,-68.951,-158.43,831.59,6.6856,-0.851770686
584,40,-68.974,-158.51,831.6,6.684,-0.852626254
585,40,-68.997,-158.58,831.61,6.6825,-0.852867692
586,40,-69.02,-158.66,831.61,6.6809,-0.85347381
587,40,-69.043,-158.74,831.62,6.6794,-0.854580191
588,40,-69.066,-158.81,831.63,6.6778,-0.854687657
589,40,-69.089,-158.89,831.64,6.6762,-0.855320276
590,40,-69.113,-158.96,831.64,6.6747,-0.856505809
591,40,-69.136,-159.04,831.65,6.6731,-0.856656432
592,40,-69.159,-159.12,831.66,6.6716,-0.857321771
593,40,-69.182,-159.19,831.67,6.6701,-0.858558848
594,40,-69.206,-159.26,831.67,6.6685,-0.858588158
595,40,-69.229,-159.34,831.68,6.667,-0.859285802
596,40,-69.252,-159.41,831.69,6.6655,-0.860303551
597,40,-69.275,-159.49,831.7,6.6639,-0.860682028
598,40,-69.299,-159.56,831.7,6.6624,-0.861169966
599,40,-69.322,-159.64,831.71,6.6609,-0.862040361
600,40,-69.345,-159.71,831.72,6.6594,-0.863184768
601,40,-69.369,-159.78,831.73,6.6579,-0.863443562
602,40,-69.392,-159.86,831.74,6.6564,-0.864179637
603,40,-69.416,-159.93,831.74,6.6549,-0.86534999
604,40,-69.439,-160,831.75,6.6534,-0.865566849
605,40,-69.462,-160.07,831.76,6.6519,-0.866107576
606,40,-69.486,-160.15,831.77,6.6504,-0.866911663
607,40,-69.509,-160.22,831.78,6.6489,-0.867551234
608,40,-69.533,-160.29,831.78,6.6474,-0.868711734
609,40,-69.556,-160.36,831.79,6.6459,-0.868831713
610,40,-69.58,-160.43,831.8,6.6444,-0.869621777
611,40,-69.603,-160.5,831.81,6.6429,-0.870187857
612,40,-69.627,-160.57,831.82,6.6415,-0.870752711
613,40,-69.65,-160.64,831.83,6.64,-0.871961849
614,40,-69.674,-160.72,831.83,6.6385,-0.872172413
615,40,-69.697,-160.79,831.84,6.637,-0.87265472
616,40,-69.721,-160.86,831.85,6.6356,-0.873417106
617,40,-69.744,-160.93,831.86,6.6341,-0.874039498
618,40,-69.768,-160.99,831.87,6.6327,-0.875091409
619,40,-69.792,-161.06,831.88,6.6312,-0.875354461
620,40,-69.815,-161.13,831.88,6.6297,-0.875888351
621,40,-69.839,-161.2,831.89,6.6283,-0.876648758
622,40,-69.862,-161.27,831.9,6.6268,-0.877232577
623,40,-69.886,-161.34,831.91,6.6254,-0.877754059
624,40,-69.91,-161.41,831.92,6.624,-0.879027738
625,40,-69.933,-161.47,831.93,6.6225,-0.879071751
626,40,-69.957,-161.54,831.94,6.6211,-0.879984702
627,40,-69.981,-161.61,831.94,6.6196,-0.88052671
628,40,-70.004,-161.68,831.95,6.6182,-0.881406814
629,40,-70.028,-161.74,831.96,6.6168,-0.882010988
630,40,-70.052,-161.81,831.97,6.6154,-0.882904026
631,40,-70.076,-161.88,831.98,6.6139,-0.883617736
632,40,-70.099,-161.94,831.99,6.6125,-0.884403412
633,40,-70.123,-162.01,832,6.6111,-0.885070113
634,40,-70.147,-162.07,832.01,6.6097,-0.886259785
635,40,-70.17,-162.14,832.01,6.6083,-0.886473312
636,40,-70.194,-162.21,832.02,6.6069,-0.887290631
637,40,-70.218,-162.27,832.03,6.6055,-0.88819319
638,40,-70.242,-162.34,832.04,6.604,-0.888572507
639,40,-70.266,-162.4,832.05,6.6026,-0.889463679
640,40,-70.289,-162.46,832.06,6.6012,-0.890168963
641,40,-70.313,-162.53,832.07,6.5998,-0.890958207
642,40,-70.337,-162.59,832.08,6.5984,-0.891651622
643,40,-70.361,-162.66,832.09,6.5971,-0.892186882
644,40,-70.385,-162.72,832.1,6.5957,-0.892983037
645,40,-70.408,-162.78,832.11,6.5943,-0.893718287
646,40,-70.432,-162.85,832.11,6.5929,-0.894498948
647,40,-70.456,-162.91,832.12,6.5915,-0.894949075
648,40,-70.48,-162.97,832.13,6.5901,-0.895801682
649,40,-70.504,-163.03,832.14,6.5887,-0.896537539
650,40,-70.528,-163.09,832.15,6.5874,-0.897003225
651,40,-70.552,-163.16,832.16,6.586,-0.897825203
652,40,-70.575,-163.22,832.17,6.5846,-0.898630087
653,40,-70.599,-163.28,832.18,6.5832,-0.899026823
654,40,-70.623,-163.34,832.19,6.5819,-0.899908341
655,40,-70.647,-163.4,832.2,6.5805,-0.900561765
656,40,-70.671,-163.46,832.21,6.5791,-0.901277013
657,40,-70.695,-163.52,832.22,6.5778,-0.901811703
658,40,-70.719,-163.58,832.23,6.5764,-0.902442647
659,40,-70.743,-163.64,832.24,6.5751,-0.903327479
660,40,-70.767,-163.7,832.25,6.5737,-0.903535336
661,40,-70.79,-163.76,832.26,6.5724,-0.904613029
662,40,-70.814,-163.82,832.27,6.571,-0.90536206
663,40,-70.838,-163.88,832.28,6.5697,-0.906097806
664,40,-70.862,-163.94,832.29,6.5683,-0.90680453
665,40,-70.886,-163.99,832.3,6.567,-0.907427208
666,40,-70.91,-164.05,832.31,6.5656,-0.908381668
667,40,-70.934,-164.11,832.32,6.5643,-0.908798798
668,40,-70.958,-164.17,832.33,6.5629,-0.9096814
669,40,-70.982,-164.22,832.34,6.5616,-0.910402092
670,40,-71.006,-164.28,832.35,6.5603,-0.910912897
671,40,-71.03,-164.34,832.36,6.5589,-0.911976344
672,40,-71.054,-164.4,832.37,6.5576,-0.912237101
673,40,-71.078,-164.45,832.38,6.5563,-0.913739547
674,40,-71.102,-164.51,832.39,6.5549,-0.914682722
675,40,-71.126,-164.56,832.4,6.5536,-0.915297679
676,40,-71.15,-164.62,832.41,6.5523,-0.916257895
677,40,-71.174,-164.67,832.42,6.551,-0.917172237
678,40,-71.198,-164.73,832.43,6.5496,-0.917832515
679,40,-71.222,-164.78,832.44,6.5483,-0.918688448
680,40,-71.246,-164.84,832.45,6.547,-0.919684222
681,40,-71.269,-164.89,832.46,6.5457,-0.920452645
682,40,-71.293,-164.95,832.47,6.5444,-0.92108301
683,40,-71.317,-165,832.48,6.5431,-0.922388022
684,40,-71.341,-165.05,832.49,6.5418,-0.923372327
685,40,-71.365,-165.11,832.5,6.5404,-0.924290684
686,40,-71.389,-165.16,832.51,6.5391,-0.925208833
687,40,-71.413,-165.21,832.52,6.5378,-0.926014911
688,40,-71.437,-165.26,832.53,6.5365,-0.926608847
689,40,-71.461,-165.32,832.54,6.5352,-0.927897064
690,40,-71.485,-165.37,832.55,6.5339,-0.928831246
691,40,-71.509,-165.42,832.56,6.5326,-0.929671365
692,40,-71.533,-165.47,832.57,6.5313,-0.930768383
693,40,-71.557,-165.52,832.59,6.53,-0.931581711
694,40,-71.581,-165.57,832.6,6.5287,-0.932374492
695,40,-71.605,-165.62,832.61,6.5274,-0.933677365
696,40,-71.629,-165.67,832.62,6.5261,-0.934864521
697,40,-71.652,-165.72,832.63,6.5248,-0.935633353
698,40,-71.676,-165.77,832.64,6.5236,-0.936889806
699,40,-71.7,-165.82,832.65,6.5223,-0.937158787
700,40,-71.724,-165.87,832.66,6.521,-0.938687108
701,40,-71.748,-165.92,832.67,6.5197,-0.939697358
702,40,-71.772,-165.97,832.68,6.5184,-0.940882048
703,40,-71.796,-166.02,832.69,6.5171,-0.942005734
704,40,-71.82,-166.06,832.71,6.5158,-0.942689374
705,40,-71.844,-166.11,832.72,6.5146,-0.944144732
706,40,-71.867,-166.16,832.73,6.5133,-0.945447065
707,40,-71.891,-166.21,832.74,6.512,-0.946651416
708,40,-71.915,-166.25,832.75,6.5107,-0.947129865
709,40,-71.939,-166.3,832.76,6.5095,-0.948826052
710,40,-71.963,-166.35,832.77,6.5082,-0.950000506
711,40,-71.987,-166.39,832.78,6.5069,-0.950731117
712,40,-72.01,-166.44,832.8,6.5056,-0.952552236
713,40,-72.034,-166.48,832.81,6.5044,-0.953778208
714,40,-72.058,-166.53,832.82,6.5031,-0.955093707
715,40,-72.082,-166.57,832.83,6.5018,-0.955819402
716,40,-72.106,-166.62,832.84,6.5005,-0.957653566
717,40,-72.129,-166.66,832.85,6.4993,-0.958766899
718,40,-72.153,-166.71,832.86,6.498,-0.959514319
719,40,-72.177,-166.75,832.88,6.4967,-0.961263546
720,40,-72.2,-166.79,832.89,6.4955,-0.962475112
721,40,-72.224,-166.84,832.9,6.4942,-0.963287359
722,40,-72.248,-166.88,832.91,6.4929,-0.964971547
723,40,-72.272,-166.92,832.92,6.4917,-0.966036285
724,40,-72.295,-166.97,832.93,6.4904,-0.967051967
725,40,-72.319,-167.01,832.95,6.4892,-0.968487435
726,40,-72.342,-167.05,832.96,6.4879,-0.969897902
727,40,-72.366,-167.09,832.97,6.4866,-0.970535256
728,40,-72.39,-167.13,832.98,6.4854,-0.972236183
729,40,-72.413,-167.17,832.99,6.4841,-0.972999032
730,40,-72.437,-167.21,833,6.4829,-0.974823237
731,40,-72.461,-167.25,833.02,6.4816,-0.975982715
732,40,-72.484,-167.29,833.03,6.4803,-0.976870762
733,40,-72.508,-167.33,833.04,6.4791,-0.978468739
734,40,-72.531,-167.37,833.05,6.4778,-0.979376713
735,40,-72.555,-167.41,833.06,6.4766,-0.981010667
736,40,-72.578,-167.45,833.08,6.4753,-0.982356408
737,40,-72.602,-167.49,833.09,6.4741,-0.983026753
738,40,-72.625,-167.53,833.1,6.4728,-0.984872004
739,40,-72.649,-167.57,833.11,6.4716,-0.985538591
740,40,-72.672,-167.6,833.13,6.4703,-0.987266876
741,40,-72.696,-167.64,833.14,6.4691,-0.98816232
742,40,-72.719,-167.68,833.15,6.4678,-0.989669551
743,40,-72.742,-167.72,833.16,6.4666,-0.990483273
744,40,-72.766,-167.75,833.17,6.4653,-0.992245647
745,40,-72.789,-167.79,833.19,6.4641,-0.993109906
746,40,-72.813,-167.82,833.2,6.4628,-0.994758756
747,40,-72.836,-167.86,833.21,6.4616,-0.995385364
748,40,-72.859,-167.89,833.22,6.4603,-0.997268575
749,40,-72.883,-167.93,833.24,6.4591,-0.998357697
750,40,-72.906,-167.96,833.25,6.4578,-0.999183528
751,40,-72.929,-168,833.26,6.4566,-1.000543471
752,40,-72.952,-168.03,833.27,6.4553,-1.00210531
753,40,-72.976,-168.07,833.29,6.4541,-1.002963865
754,40,-72.999,-168.1,833.3,6.4528,-1.004726634
755,40,-73.022,-168.13,833.31,6.4516,-1.005369767
756,40,-73.045,-168.16,833.33,6.4504,-1.007166391
757,40,-73.068,-168.2,833.34,6.4491,-1.00784509
758,40,-73.092,-168.23,833.35,6.4479,-1.009851867
759,40,-73.115,-168.26,833.36,6.4466,-1.010405063
760,40,-73.138,-168.29,833.38,6.4454,-1.01228217
761,40,-73.161,-168.32,833.39,6.4441,-1.013036042
762,40,-73.184,-168.35,833.4,6.4429,-1.014828743
763,40,-73.207,-168.38,833.42,6.4417,-1.015632244
764,40,-73.23,-168.41,833.43,6.4404,-1.016778865
765,40,-73.253,-168.44,833.44,6.4392,-1.018610448
766,40,-73.276,-168.47,833.46,6.4379,-1.019499813
767,40,-73.299,-168.5,833.47,6.4367,-1.021066061
768,40,-73.322,-168.53,833.48,6.4355,-1.022051101
769,40,-73.345,-168.56,833.5,6.4342,-1.023205219
770,40,-73.368,-168.59,833.51,6.433,-1.024891843
771,40,-73.391,-168.61,833.52,6.4317,-1.025805251
772,40,-73.414,-168.64,833.54,6.4305,-1.027579383
773,40,-73.437,-168.67,833.55,6.4293,-1.028278211
774,40,-73.46,-168.7,833.56,6.428,-1.029672761
775,40,-73.482,-168.72,833.58,6.4268,-1.031290409
776,40,-73.505,-168.75,833.59,6.4256,-1.032122081
777,40,-73.528,-168.77,833.6,6.4243,-1.033471716
778,40,-73.551,-168.8,833.62,6.4231,-1.03534755
779,40,-73.574,-168.82,833.63,6.4218,-1.03604702
780,40,-73.596,-168.85,833.64,6.4206,-1.037589765
781,40,-73.619,-168.87,833.66,6.4194,-1.039347908
782,40,-73.642,-168.9,833.67,6.4181,-1.040172758
783,40,-73.664,-168.92,833.68,6.4169,-1.041604928
784,40,-73.687,-168.94,833.7,6.4157,-1.043504232
785,40,-73.71,-168.97,833.71,6.4144,-1.044281769
786,40,-73.732,-168.99,833.73,6.4132,-1.04576886
787,40,-73.755,-169.01,833.74,6.4119,-1.046939464
788,40,-73.777,-169.03,833.75,6.4107,-1.048894712
789,40,-73.8,-169.05,833.77,6.4095,-1.049814509
790,40,-73.822,-169.07,833.78,6.4082,-1.051179402
791,40,-73.845,-169.09,833.8,6.407,-1.053002609
792,40,-73.867,-169.11,833.81,6.4058,-1.054011686
793,40,-73.89,-169.13,833.82,6.4045,-1.055302195
794,40,-73.912,-169.15,833.84,6.4033,-1.056729595
795,40,-73.934,-169.17,833.85,6.4021,-1.058651789
796,40,-73.957,-169.19,833.87,6.4008,-1.059951243
797,40,-73.979,-169.21,833.88,6.3996,-1.061445787
798,40,-74.001,-169.23,833.9,6.3983,-1.063015081
799,40,-74.023,-169.25,833.91,6.3971,-1.064479591
800,40,-74.046,-169.26,833.92,6.3959,-1.066562708
801,40,-74.068,-169.28,833.94,6.3946,-1.067696453
802,40,-74.09,-169.3,833.95,6.3934,-1.06911914
803,40,-74.112,-169.31,833.97,6.3921,-1.070901422
804,40,-74.134,-169.33,833.98,6.3909,-1.072133016
805,40,-74.156,-169.34,834,6.3897,-1.074302149
806,40,-74.178,-169.36,834.01,6.3884,-1.075381852
807,40,-74.2,-169.37,834.03,6.3872,-1.07702417
808,40,-74.222,-169.39,834.04,6.3859,-1.078440336
809,40,-74.244,-169.4,834.06,6.3847,-1.080063311
810,40,-74.266,-169.41,834.07,6.3835,-1.081644499
811,40,-74.288,-169.43,834.08,6.3822,-1.0836111
812,40,-74.31,-169.44,834.1,6.381,-1.084739513
813,40,-74.332,-169.45,834.11,6.3797,-1.086216937
814,40,-74.353,-169.46,834.13,6.3785,-1.087833257
815,40,-74.375,-169.48,834.14,6.3773,-1.089473154
816,40,-74.397,-169.49,834.16,6.376,-1.091000082
817,40,-74.419,-169.5,834.17,6.3748,-1.092532667
818,40,-74.44,-169.51,834.19,6.3735,-1.094128015
819,40,-74.462,-169.52,834.2,6.3723,-1.096181774
820,40,-74.483,-169.53,834.22,6.371,-1.097203493
821,40,-74.505,-169.54,834.24,6.3698,-1.098897757
822,40,-74.527,-169.55,834.25,6.3685,-1.100404989
823,40,-74.548,-169.55,834.27,6.3673,-1.102091784
824,40,-74.57,-169.56,834.28,6.366,-1.103592298
825,40,-74.591,-169.57,834.3,6.3648,-1.105225485
826,40,-74.612,-169.58,834.31,6.3635,-1.106943717
827,40,-74.634,-169.58,834.33,6.3623,-1.108613736
828,40,-74.655,-169.59,834.34,6.361,-1.110607063
829,40,-74.676,-169.6,834.36,6.3598,-1.112292139
830,40,-74.698,-169.6,834.37,6.3585,-1.114040924
831,40,-74.719,-169.61,834.39,6.3573,-1.116023733
832,40,-74.74,-169.61,834.41,6.356,-1.118141904
833,40,-74.761,-169.62,834.42,6.3548,-1.120278979
834,40,-74.782,-169.62,834.44,6.3535,-1.122223249
835,40,-74.803,-169.62,834.45,6.3523,-1.124424503
836,40,-74.824,-169.63,834.47,6.351,-1.126498022
837,40,-74.845,-169.63,834.48,6.3497,-1.128567997
838,40,-74.866,-169.63,834.5,6.3485,-1.1308604
839,40,-74.887,-169.63,834.52,6.3472,-1.132646522
840,40,-74.908,-169.64,834.53,6.346,-1.13496659
841,40,-74.929,-169.64,834.55,6.3447,-1.137061367
842,40,-74.949,-169.64,834.56,6.3434,-1.139194482
843,40,-74.97,-169.64,834.58,6.3422,-1.141327639
844,40,-74.991,-169.64,834.6,6.3409,-1.143475935
845,40,-75.011,-169.64,834.61,6.3396,-1.145582874
846,40,-75.032,-169.64,834.63,6.3384,-1.147669141
847,40,-75.052,-169.64,834.65,6.3371,-1.149892454
848,40,-75.073,-169.64,834.66,6.3358,-1.151554195
849,40,-75.093,-169.63,834.68,6.3346,-1.154069421
850,40,-75.114,-169.63,834.7,6.3333,-1.156300541
851,40,-75.134,-169.63,834.71,6.332,-1.158438125
852,40,-75.154,-169.63,834.73,6.3307,-1.160604651
853,40,-75.175,-169.62,834.74,6.3295,-1.162885398
854,40,-75.195,-169.62,834.76,6.3282,-1.164909307
855,40,-75.215,-169.62,834.78,6.3269,-1.167060426
856,40,-75.235,-169.61,834.79,6.3256,-1.168872533
857,40,-75.255,-169.61,834.81,6.3243,-1.17168182
858,40,-75.275,-169.6,834.83,6.3231,-1.17397167
859,40,-75.295,-169.6,834.85,6.3218,-1.176198837
860,40,-75.315,-169.59,834.86,6.3205,-1.178788259
861,40,-75.335,-169.59,834.88,6.3192,-1.180925098
862,40,-75.355,-169.58,834.9,6.3179,-1.182894265
863,40,-75.375,-169.57,834.91,6.3166,-1.185704629
864,40,-75.394,-169.56,834.93,6.3153,-1.18797105
865,40,-75.414,-169.56,834.95,6.314,-1.190340301
866,40,-75.434,-169.55,834.96,6.3127,-1.192800287
867,40,-75.453,-169.54,834.98,6.3114,-1.194544065
868,40,-75.473,-169.53,835,6.3101,-1.197436596
869,40,-75.492,-169.52,835.02,6.3089,-1.19978577
870,40,-75.511,-169.51,835.03,6.3076,-1.202016318
871,40,-75.531,-169.5,835.05,6.3063,-1.204114618
872,40,-75.55,-169.49,835.07,6.3049,-1.206841988
873,40,-75.569,-169.48,835.09,6.3036,-1.209223363
874,40,-75.589,-169.47,835.1,6.3023,-1.211589031
875,40,-75.608,-169.46,835.12,6.301,-1.213567112
876,40,-75.627,-169.45,835.14,6.2997,-1.216216908
877,40,-75.646,-169.44,835.16,6.2984,-1.218603632
878,40,-75.665,-169.43,835.17,6.2971,-1.220786617
879,40,-75.684,-169.41,835.19,6.2958,-1.223404628
880,40,-75.703,-169.4,835.21,6.2945,-1.225776222
881,40,-75.722,-169.39,835.23,6.2932,-1.227817136
882,40,-75.74,-169.37,835.25,6.2918,-1.230664681
883,40,-75.759,-169.36,835.26,6.2905,-1.232835749
884,40,-75.778,-169.34,835.28,6.2892,-1.235010351
885,40,-75.796,-169.33,835.3,6.2879,-1.237759365
886,40,-75.815,-169.31,835.32,6.2866,-1.240214894
887,40,-75.833,-169.3,835.34,6.2852,-1.242144521
888,40,-75.852,-169.28,835.35,6.2839,-1.245146529
889,40,-75.87,-169.27,835.37,6.2826,-1.246911456
890,40,-75.888,-169.25,835.39,6.2813,-1.24985942
891,40,-75.907,-169.24,835.41,6.2799,-1.252239049
892,40,-75.925,-169.22,835.43,6.2786,-1.254275087
893,40,-75.943,-169.2,835.45,6.2773,-1.257188908
894,40,-75.961,-169.18,835.47,6.2759,-1.259078288
895,40,-75.979,-169.17,835.48,6.2746,-1.262195818
896,40,-75.997,-169.15,835.5,6.2733,-1.264180406
897,40,-76.015,-169.13,835.52,6.2719,-1.267094193
898,40,-76.033,-169.11,835.54,6.2706,-1.269090585
899,40,-76.051,-169.09,835.56,6.2692,-1.272227437
900,40,-76.069,-169.07,835.58,6.2679,-1.274151721
901,40,-76.086,-169.05,835.6,6.2665,-1.277126238
902,40,-76.104,-169.03,835.62,6.2652,-1.27931458
903,40,-76.121,-169.01,835.63,6.2638,-1.28210018
904,40,-76.139,-168.99,835.65,6.2625,-1.284325495
905,40,-76.156,-168.97,835.67,6.2611,-1.287200258
906,40,-76.174,-168.95,835.69,6.2598,-1.289279115
907,40,-76.191,-168.92,835.71,6.2584,-1.292274652
908,40,-76.208,-168.9,835.73,6.2571,-1.294427345
909,40,-76.226,-168.88,835.75,6.2557,-1.296850445
910,40,-76.243,-168.86,835.77,6.2544,-1.299989747
911,40,-76.26,-168.83,835.79,6.253,-1.301984823
912,40,-76.277,-168.81,835.81,6.2516,-1.304937838
913,40,-76.294,-168.79,835.83,6.2503,-1.30716383
914,40,-76.311,-168.76,835.85,6.2489,-1.309743374
915,40,-76.328,-168.74,835.87,6.2475,-1.312677595
916,40,-76.344,-168.71,835.89,6.2462,-1.314874407
917,40,-76.361,-168.69,835.91,6.2448,-1.317384361
918,40,-76.378,-168.66,835.93,6.2434,-1.32036338
919,40,-76.394,-168.64,835.95,6.242,-1.322644294
920,40,-76.411,-168.61,835.97,6.2407,-1.325154603
921,40,-76.427,-168.59,835.99,6.2393,-1.328157614
922,40,-76.444,-168.56,836.01,6.2379,-1.330318669
923,40,-76.46,-168.53,836.03,6.2365,-1.332977689
924,40,-76.476,-168.51,836.05,6.2351,-1.335938343
925,40,-76.492,-168.48,836.07,6.2337,-1.338286524
926,40,-76.509,-168.45,836.09,6.2324,-1.34070626
927,40,-76.525,-168.42,836.11,6.231,-1.343450878
928,40,-76.541,-168.4,836.13,6.2296,-1.346402242
929,40,-76.557,-168.37,836.15,6.2282,-1.348764504
930,40,-76.573,-168.34,836.17,6.2268,-1.351313271
931,40,-76.588,-168.31,836.19,6.2254,-1.353818883
932,40,-76.604,-168.28,836.21,6.224,-1.357068909
933,40,-76.62,-168.25,836.23,6.2226,-1.359212581
934,40,-76.635,-168.22,836.25,6.2212,-1.362023826
935,40,-76.651,-168.19,836.27,6.2198,-1.364556852
936,40,-76.666,-168.16,836.29,6.2184,-1.3671528
937,40,-76.682,-168.13,836.32,6.217,-1.369893013
938,40,-76.697,-168.1,836.34,6.2156,-1.372953903
939,40,-76.712,-168.07,836.36,6.2141,-1.375280946
940,40,-76.728,-168.04,836.38,6.2127,-1.378005535
941,40,-76.743,-168,836.4,6.2113,-1.380604682
942,40,-76.758,-167.97,836.42,6.2099,-1.383378284
943,40,-76.773,-167.94,836.44,6.2085,-1.386261821
944,40,-76.788,-167.91,836.46,6.207,-1.389644371
945,40,-76.803,-167.87,836.49,6.2056,-1.392670916
946,40,-76.817,-167.84,836.51,6.2042,-1.396149933
947,40,-76.832,-167.81,836.53,6.2028,-1.399173425
948,40,-76.847,-167.77,836.55,6.2013,-1.402564312
949,40,-76.861,-167.74,836.57,6.1999,-1.405751671
950,40,-76.876,-167.7,836.59,6.1985,-1.409085622
951,40,-76.89,-167.67,836.62,6.197,-1.412252993
952,40,-76.904,-167.63,836.64,6.1956,-1.415554921
953,40,-76.919,-167.6,836.66,6.1941,-1.418871756
954,40,-76.933,-167.56,836.68,6.1927,-1.422092282
955,40,-76.947,-167.53,836.7,6.1912,-1.425520567
956,40,-76.961,-167.49,836.73,6.1898,-1.428695823
957,40,-76.975,-167.45,836.75,6.1883,-1.431978562
958,40,-76.989,-167.42,836.77,6.1869,-1.435378707
959,40,-77.002,-167.38,836.79,6.1854,-1.438818256
960,40,-77.016,-167.34,836.81,6.184,-1.442039307
961,40,-77.03,-167.31,836.84,6.1825,-1.445466707
962,40,-77.043,-167.27,836.86,6.181,-1.448586132
963,40,-77.057,-167.23,836.88,6.1796,-1.452271847
964,40,-77.07,-167.19,836.91,6.1781,-1.455440037
965,40,-77.083,-167.15,836.93,6.1766,-1.458538257
966,40,-77.096,-167.12,836.95,6.1752,-1.462274168
967,40,-77.109,-167.08,836.97,6.1737,-1.46552808
968,40,-77.122,-167.04,837,6.1722,-1.469196331
969,40,-77.135,-167,837.02,6.1707,-1.472649532
970,40,-77.148,-166.96,837.04,6.1692,-1.476158248
971,40,-77.161,-166.92,837.07,6.1677,-1.480600121
972,40,-77.174,-166.88,837.09,6.1662,-1.484415421
973,40,-77.186,-166.84,837.11,6.1648,-1.488439203
974,40,-77.199,-166.8,837.14,6.1633,-1.492418353
975,40,-77.211,-166.76,837.16,6.1618,-1.496035063
976,40,-77.223,-166.71,837.18,6.1602,-1.500416051
977,40,-77.236,-166.67,837.21,6.1587,-1.504442713
978,40,-77.248,-166.63,837.23,6.1572,-1.508013332
979,40,-77.26,-166.59,837.25,6.1557,-1.512672927
980,40,-77.272,-166.55,837.28,6.1542,-1.516808651
981,40,-77.283,-166.5,837.3,6.1527,-1.520565517
982,40,-77.295,-166.46,837.32,6.1512,-1.525263421
983,40,-77.307,-166.42,837.35,6.1496,-1.529470626
984,40,-77.318,-166.37,837.37,6.1481,-1.533323106
985,40,-77.33,-166.33,837.4,6.1466,-1.537824256
986,40,-77.341,-166.29,837.42,6.145,-1.541917936
987,40,-77.352,-166.24,837.45,6.1435,-1.54638076
988,40,-77.364,-166.2,837.47,6.142,-1.550676949
989,40,-77.375,-166.15,837.49,6.1404,-1.554892432
990,40,-77.386,-166.11,837.52,6.1389,-1.559251289
991,40,-77.396,-166.06,837.54,6.1373,-1.563312836
992,40,-77.407,-166.02,837.57,6.1358,-1.568113302
993,40,-77.418,-165.97,837.59,6.1342,-1.572225675
994,40,-77.428,-165.93,837.62,6.1326,-1.576863715
995,40,-77.439,-165.88,837.64,6.1311,-1.581129199
996,40,-77.449,-165.83,837.67,6.1295,-1.585938999
997,40,-77.459,-165.79,837.69,6.1279,-1.590045109
998,40,-77.47,-165.74,837.72,6.1264,-1.594512128
999,40,-77.48,-165.69,837.74,6.1248,-1.599577618
1000,40,-77.49,-165.65,837.77,6.1232,-1.603575808
1001,40,-77.499,-165.6,837.79,6.1216,-1.608788539
1002,40,-77.509,-165.55,837.82,6.12,-1.614138552
1003,40,-77.519,-165.5,837.84,6.1185,-1.618733919
1004,40,-77.528,-165.46,837.87,6.1169,-1.623597926
1005,40,-77.538,-165.41,837.89,6.1153,-1.628740207
1006,40,-77.547,-165.36,837.92,6.1137,-1.633723731
1007,40,-77.556,-165.31,837.95,6.1121,-1.638760169
1008,40,-77.565,-165.26,837.97,6.1105,-1.644282189
1009,40,-77.574,-165.21,838,6.1088,-1.649387923
1010,40,-77.583,-165.16,838.02,6.1072,-1.654811349
1011,40,-77.591,-165.11,838.05,6.1056,-1.660156919
1012,40,-77.6,-165.06,838.08,6.104,-1.665480072
1013,40,-77.608,-165.01,838.1,6.1024,-1.67089845
1014,40,-77.616,-164.96,838.13,6.1007,-1.67659195
1015,40,-77.625,-164.91,838.16,6.0991,-1.681755995
1016,40,-77.633,-164.86,838.18,6.0975,-1.687150364
1017,40,-77.641,-164.81,838.21,6.0958,-1.6927464
1018,40,-77.648,-164.76,838.24,6.0942,-1.698229149
1019,40,-77.656,-164.71,838.26,6.0925,-1.703352837
1020,40,-77.663,-164.65,838.29,6.0909,-1.709366348
1021,40,-77.671,-164.6,838.32,6.0892,-1.714757001
1022,40,-77.678,-164.55,838.34,6.0876,-1.72001977
1023,40,-77.685,-164.5,838.37,6.0859,-1.725944547
1024,40,-77.692,-164.45,838.4,6.0843,-1.731495444
1025,40,-77.699,-164.39,838.43,6.0826,-1.736795867
1026,40,-77.706,-164.34,838.45,6.0809,-1.742677145
1027,40,-77.712,-164.29,838.48,6.0793,-1.747968162
1028,40,-77.719,-164.23,838.51,6.0776,-1.753881218
1029,40,-77.725,-164.18,838.54,6.0759,-1.759479265
1030,40,-77.731,-164.13,838.56,6.0742,-1.765286039
1031,40,-77.737,-164.07,838.59,6.0725,-1.770633688
1032,40,-77.743,-164.02,838.62,6.0708,-1.776761626
1033,40,-77.749,-163.96,838.65,6.0691,-1.782349172
1034,40,-77.755,-163.91,838.68,6.0674,-1.788437426
1035,40,-77.76,-163.85,838.71,6.0657,-1.794702517
1036,40,-77.766,-163.8,838.73,6.064,-1.800965214
1037,40,-77.771,-163.74,838.76,6.0623,-1.807142998
1038,40,-77.776,-163.69,838.79,6.0606,-1.813382312
1039,40,-77.781,-163.63,838.82,6.0589,-1.819708535
1040,40,-77.786,-163.58,838.85,6.0571,-1.826126339
1041,40,-77.79,-163.52,838.88,6.0554,-1.832137954
1042,40,-77.795,-163.47,838.91,6.0537,-1.838527007
1043,40,-77.799,-163.41,838.94,6.0519,-1.844977612
1044,40,-77.803,-163.35,838.97,6.0502,-1.851221131
1045,40,-77.808,-163.3,839,6.0485,-1.857527256
1046,40,-77.811,-163.24,839.03,6.0467,-1.864324464
1047,40,-77.815,-163.18,839.06,6.045,-1.870687047
1048,40,-77.819,-163.13,839.09,6.0432,-1.876925589
1049,40,-77.822,-163.07,839.12,6.0414,-1.883785681
1050,40,-77.826,-163.01,839.15,6.0397,-1.890392356
1051,40,-77.829,-162.95,839.18,6.0379,-1.896667366
1052,40,-77.832,-162.9,839.21,6.0361,-1.903447877
1053,40,-77.835,-162.84,839.24,6.0343,-1.9098393
1054,40,-77.837,-162.78,839.27,6.0326,-1.916663971
1055,40,-77.84,-162.72,839.3,6.0308,-1.923130268
1056,40,-77.842,-162.66,839.33,6.029,-1.929850416
1057,40,-77.845,-162.6,839.36,6.0272,-1.936915382
1058,40,-77.847,-162.54,839.39,6.0254,-1.943465948
1059,40,-77.849,-162.49,839.42,6.0236,-1.95022357
1060,40,-77.85,-162.43,839.45,6.0218,-1.957093795
1061,40,-77.852,-162.37,839.48,6.02,-1.963905071
1062,40,-77.854,-162.31,839.51,6.0182,-1.971126099
1063,40,-77.855,-162.25,839.55,6.0163,-1.977611177
1064,40,-77.856,-162.19,839.58,6.0145,-1.98450561
1065,40,-77.857,-162.13,839.61,6.0127,-1.991514512
1066,40,-77.858,-162.07,839.64,6.0108,-1.998381482
1067,40,-77.859,-162.01,839.67,6.009,-2.005539147
1068,40,-77.859,-161.95,839.7,6.0072,-2.012079633
1069,40,-77.859,-161.89,839.74,6.0053,-2.019506085
1070,40,-77.86,-161.83,839.77,6.0035,-2.02651102
1071,40,-77.86,-161.77,839.8,6.0016,-2.03359494
1072,40,-77.86,-161.7,839.83,5.9998,-2.040849568
1073,40,-77.859,-161.64,839.87,5.9979,-2.047573766
1074,40,-77.859,-161.58,839.9,5.996,-2.055162391
1075,40,-77.858,-161.52,839.93,5.9941,-2.06247086
1076,40,-77.857,-161.46,839.97,5.9923,-2.069135528
1077,40,-77.857,-161.4,840,5.9904,-2.076989467
1078,40,-77.855,-161.34,840.03,5.9885,-2.084047331
1079,40,-77.854,-161.27,840.07,5.9866,-2.091937495
1080,40,-77.853,-161.21,840.1,5.9847,-2.098968474
1081,40,-77.851,-161.15,840.13,5.9828,-2.106681059
1082,40,-77.849,-161.09,840.17,5.9809,-2.114037615
1083,40,-77.847,-161.02,840.2,5.979,-2.12130362
1084,40,-77.845,-160.96,840.23,5.9771,-2.129236911
1085,40,-77.843,-160.9,840.27,5.9751,-2.13648023
1086,40,-77.841,-160.84,840.3,5.9732,-2.144027926
1087,40,-77.838,-160.77,840.34,5.9713,-2.151545931
1088,40,-77.835,-160.71,840.37,5.9693,-2.159157472
1089,40,-77.832,-160.65,840.41,5.9674,-2.166874046
1090,40,-77.829,-160.58,840.44,5.9655,-2.174287939
1091,40,-77.826,-160.52,840.48,5.9635,-2.182188178
1092,40,-77.822,-160.45,840.51,5.9615,-2.189929634
1093,40,-77.819,-160.39,840.55,5.9596,-2.198289913
1094,40,-77.815,-160.33,840.58,5.9576,-2.206041446
1095,40,-77.811,-160.26,840.62,5.9556,-2.214395639
1096,40,-77.807,-160.2,840.65,5.9537,-2.222360933
1097,40,-77.802,-160.13,840.69,5.9517,-2.230255763
1098,40,-77.798,-160.07,840.72,5.9497,-2.238733079
1099,40,-77.793,-160.01,840.76,5.9477,-2.246833899
1100,40,-77.788,-159.94,840.8,5.9457,-2.254820138
1101,40,-77.783,-159.88,840.83,5.9437,-2.2633175
1102,40,-77.778,-159.81,840.87,5.9417,-2.271204826
1103,40,-77.772,-159.75,840.91,5.9397,-2.27982796
1104,40,-77.766,-159.68,840.94,5.9377,-2.287816036
1105,40,-77.761,-159.62,840.98,5.9357,-2.296072392
1106,40,-77.755,-159.55,841.02,5.9336,-2.304904435
1107,40,-77.748,-159.48,841.05,5.9316,-2.313057953
1108,40,-77.742,-159.42,841.09,5.9296,-2.321724394
1109,40,-77.735,-159.35,841.13,5.9275,-2.330163503
1110,40,-77.728,-159.29,841.17,5.9255,-2.338814831
1111,40,-77.722,-159.22,841.2,5.9234,-2.347353034
1112,40,-77.714,-159.16,841.24,5.9214,-2.355810397
1113,40,-77.707,-159.09,841.28,5.9193,-2.364734599
1114,40,-77.699,-159.02,841.32,5.9172,-2.373075588
1115,40,-77.692,-158.96,841.36,5.9152,-2.382029683
1116,40,-77.684,-158.89,841.39,5.9131,-2.390553816
1117,40,-77.676,-158.82,841.43,5.911,-2.399293649
1118,40,-77.667,-158.76,841.47,5.9089,-2.408045219
1119,40,-77.659,-158.69,841.51,5.9068,-2.416755544
1120,40,-77.65,-158.62,841.55,5.9047,-2.425782943
1121,40,-77.641,-158.56,841.59,5.9026,-2.434291892
1122,40,-77.632,-158.49,841.63,5.9005,-2.443347766
1123,40,-77.623,-158.42,841.67,5.8984,-2.451922318
1124,40,-77.613,-158.36,841.71,5.8963,-2.46093468
1125,40,-77.604,-158.29,841.75,5.8941,-2.46965568
1126,40,-77.594,-158.22,841.79,5.892,-2.478713636
1127,40,-77.584,-158.15,841.83,5.8899,-2.487436436
1128,40,-77.573,-158.09,841.87,5.8877,-2.496260138
1129,40,-77.563,-158.02,841.91,5.8856,-2.505220485
1130,40,-77.552,-157.95,841.95,5.8834,-2.514165619
1131,40,-77.541,-157.88,841.99,5.8812,-2.522908945
1132,40,-77.53,-157.82,842.03,5.8791,-2.532021032
1133,40,-77.519,-157.75,842.07,5.8769,-2.540873678
1134,40,-77.508,-157.68,842.11,5.8747,-2.549726782
1135,40,-77.496,-157.61,842.15,5.8725,-2.558550441
1136,40,-77.484,-157.54,842.2,5.8704,-2.567596283
1137,40,-77.472,-157.48,842.24,5.8682,-2.576689711
1138,40,-77.46,-157.41,842.28,5.866,-2.585334298
1139,40,-77.447,-157.34,842.32,5.8637,-2.594420248
1140,40,-77.435,-157.27,842.36,5.8615,-2.603553418
1141,40,-77.422,-157.2,842.41,5.8593,-2.61221292
1142,40,-77.409,-157.13,842.45,5.8571,-2.621496413
1143,40,-77.396,-157.07,842.49,5.8549,-2.630089642
1144,40,-77.382,-157,842.53,5.8526,-2.639270823
1145,40,-77.369,-156.93,842.58,5.8504,-2.648386525
1146,40,-77.355,-156.86,842.62,5.8481,-2.657175078
1147,40,-77.341,-156.79,842.66,5.8459,-2.666114528
1148,40,-77.327,-156.72,842.71,5.8436,-2.675530837
1149,40,-77.313,-156.65,842.75,5.8414,-2.684195057
1150,40,-77.298,-156.59,842.79,5.8391,-2.693360535
1151,40,-77.283,-156.52,842.84,5.8368,-2.702613002
1152,40,-77.268,-156.45,842.88,5.8345,-2.711647446
1153,40,-77.253,-156.38,842.93,5.8322,-2.720938225
1154,40,-77.238,-156.31,842.97,5.8299,-2.73000042
1155,40,-77.222,-156.24,843.02,5.8276,-2.739212712
1156,40,-77.207,-156.17,843.06,5.8253,-2.748563063
1157,40,-77.191,-156.1,843.11,5.823,-2.758000919
1158,40,-77.175,-156.03,843.15,5.8207,-2.76741931
1159,40,-77.158,-155.96,843.2,5.8184,-2.776738344
1160,40,-77.142,-155.89,843.24,5.8161,-2.786059125
1161,40,-77.125,-155.82,843.29,5.8137,-2.795354795
1162,40,-77.108,-155.75,843.33,5.8114,-2.804927953
1163,40,-77.091,-155.68,843.38,5.809,-2.814468492
1164,40,-77.074,-155.61,843.43,5.8067,-2.823714822
1165,40,-77.056,-155.54,843.47,5.8043,-2.833354794
1166,40,-77.038,-155.47,843.52,5.8019,-2.843019703
1167,40,-77.02,-155.4,843.57,5.7996,-2.852329647
1168,40,-77.002,-155.33,843.61,5.7972,-2.862009326
1169,40,-76.984,-155.26,843.66,5.7948,-2.871428943
1170,40,-76.965,-155.19,843.71,5.7924,-2.881274044
1171,40,-76.947,-155.12,843.76,5.79,-2.890566158
1172,40,-76.928,-155.05,843.8,5.7876,-2.900227757
1173,40,-76.908,-154.98,843.85,5.7852,-2.910084269
1174,40,-76.889,-154.91,843.9,5.7828,-2.919433801
1175,40,-76.869,-154.84,843.95,5.7804,-2.929091365
1176,40,-76.85,-154.77,844,5.7779,-2.939104359
1177,40,-76.83,-154.7,844.05,5.7755,-2.948546897
1178,40,-76.809,-154.63,844.1,5.7731,-2.958311259
1179,40,-76.789,-154.56,844.14,5.7706,-2.968015507
1180,40,-76.768,-154.49,844.19,5.7682,-2.978406783
1181,40,-76.748,-154.42,844.24,5.7657,-2.988023292
1182,40,-76.727,-154.35,844.29,5.7633,-2.998321696
1183,40,-76.705,-154.28,844.34,5.7608,-3.008659147
1184,40,-76.684,-154.21,844.39,5.7583,-3.019267912
1185,40,-76.662,-154.14,844.44,5.7558,-3.02966931
1186,40,-76.64,-154.07,844.49,5.7533,-3.040327737
1187,40,-76.618,-154,844.55,5.7508,-3.051136843
1188,40,-76.596,-153.93,844.6,5.7483,-3.061838125
1189,40,-76.573,-153.86,844.65,5.7458,-3.072858477
1190,40,-76.55,-153.79,844.7,5.7433,-3.08355311
1191,40,-76.527,-153.72,844.75,5.7408,-3.094369945
1192,40,-76.504,-153.65,844.8,5.7382,-3.105308435
1193,40,-76.48,-153.58,844.86,5.7357,-3.116199685
1194,40,-76.457,-153.51,844.91,5.7332,-3.127271392
1195,40,-76.433,-153.44,844.96,5.7306,-3.138253145
1196,40,-76.408,-153.37,845.01,5.7281,-3.149313872
1197,40,-76.384,-153.29,845.07,5.7255,-3.160234153
1198,40,-76.359,-153.22,845.12,5.7229,-3.171527946
1199,40,-76.334,-153.15,845.17,5.7203,-3.182437101
1200,40,-76.309,-153.08,845.23,5.7177,-3.193655719
1201,40,-76.284,-153.01,845.28,5.7152,-3.204741598
1202,40,-76.258,-152.94,845.34,5.7126,-3.215933531
1203,40,-76.232,-152.87,845.39,5.71,-3.22721833
1204,40,-76.206,-152.8,845.45,5.7073,-3.238694147
1205,40,-76.18,-152.73,845.5,5.7047,-3.250421938
1206,40,-76.153,-152.66,845.56,5.7021,-3.261964451
1207,40,-76.127,-152.59,845.61,5.6995,-3.273459378
1208,40,-76.1,-152.52,845.67,5.6968,-3.285124699
1209,40,-76.072,-152.45,845.72,5.6942,-3.296651362
1210,40,-76.045,-152.37,845.78,5.6915,-3.308583924
1211,40,-76.017,-152.3,845.84,5.6889,-3.320045283
1212,40,-75.99,-152.23,845.89,5.6862,-3.331699986
1213,40,-75.961,-152.16,845.95,5.6836,-3.343674512
1214,40,-75.933,-152.09,846,5.6809,-3.355410553
1215,40,-75.905,-152.02,846.06,5.6782,-3.367068329
1216,40,-75.876,-151.95,846.12,5.6755,-3.37889265
1217,40,-75.847,-151.88,846.18,5.6728,-3.390855811
1218,40,-75.818,-151.81,846.23,5.6701,-3.402435771
1219,40,-75.788,-151.74,846.29,5.6674,-3.414582636
1220,40,-75.759,-151.67,846.35,5.6647,-3.426234263
1221,40,-75.729,-151.6,846.41,5.662,-3.438350331
1222,40,-75.699,-151.53,846.46,5.6593,-3.450323072
1223,40,-75.668,-151.46,846.52,5.6566,-3.462260254
1224,40,-75.638,-151.39,846.58,5.6538,-3.474098696
1225,40,-75.607,-151.32,846.64,5.6511,-3.486336535
1226,40,-75.576,-151.25,846.7,5.6484,-3.498216501
1227,40,-75.545,-151.18,846.76,5.6456,-3.510301609
1228,40,-75.514,-151.11,846.82,5.6429,-3.522236579
1229,40,-75.482,-151.04,846.87,5.6401,-3.53425925
1230,40,-75.45,-150.97,846.93,5.6373,-3.546309182
1231,40,-75.418,-150.9,846.99,5.6346,-3.558418183
1232,40,-75.386,-150.83,847.05,5.6318,-3.570602752
1233,40,-75.354,-150.76,847.11,5.629,-3.582404031
1234,40,-75.321,-150.69,847.17,5.6262,-3.594607404
1235,40,-75.288,-150.62,847.23,5.6234,-3.606536201
1236,40,-75.255,-150.55,847.29,5.6206,-3.618419342
1237,40,-75.222,-150.48,847.35,5.6178,-3.630307333
1238,40,-75.188,-150.41,847.41,5.615,-3.642127754
1239,40,-75.155,-150.34,847.47,5.6122,-3.654069692
1240,40,-75.121,-150.27,847.54,5.6093,-3.665549478
1241,40,-75.087,-150.2,847.6,5.6065,-3.677142817
1242,40,-75.053,-150.13,847.66,5.6037,-3.688788339
1243,40,-75.018,-150.06,847.72,5.6008,-3.70010084
1244,40,-74.984,-149.99,847.78,5.598,-3.711500395
1245,40,-74.949,-149.92,847.84,5.5951,-3.72301451
1246,40,-74.914,-149.85,847.9,5.5922,-3.734317492
1247,40,-74.879,-149.79,847.96,5.5894,-3.745592863
1248,40.5,-74.843,-149.72,848.03,5.5865,-3.755297928
1249,40.5,-74.808,-149.65,848.09,5.5836,-3.76671116
1250,40.5,-74.772,-149.58,848.15,5.5807,-3.778411574
1251,40.5,-74.736,-149.51,848.21,5.5778,-3.789745109
1252,40.5,-74.7,-149.44,848.27,5.5749,-3.801335668
1253,40.5,-74.664,-149.37,848.34,5.572,-3.812816338
1254,40.5,-74.627,-149.3,848.4,5.5691,-3.824054955
1255,40.5,-74.59,-149.24,848.46,5.5661,-3.83550223
1256,40.5,-74.553,-149.17,848.53,5.5632,-3.84652696
1257,40.5,-74.516,-149.1,848.59,5.5602,-3.857875908
1258,40.5,-74.479,-149.03,848.65,5.5573,-3.868769907
1259,40.5,-74.442,-148.96,848.71,5.5543,-3.880200232
1260,40.5,-74.404,-148.89,848.78,5.5514,-3.89127232
1261,40.5,-74.366,-148.82,848.84,5.5484,-3.902781625
1262,40.5,-74.328,-148.76,848.9,5.5454,-3.914345911
1263,40.5,-74.29,-148.69,848.97,5.5424,-3.925989953
1264,40.5,-74.252,-148.62,849.03,5.5394,-3.93770446
1265,40.5,-74.214,-148.55,849.1,5.5364,-3.949577047
1266,40.5,-74.175,-148.48,849.16,5.5334,-3.961869143
1267,40.5,-74.136,-148.42,849.22,5.5303,-3.974006801
1268,40.5,-74.097,-148.35,849.29,5.5273,-3.986057803
1269,40.5,-74.058,-148.28,849.35,5.5242,-3.998370531
1270,40.5,-74.019,-148.21,849.42,5.5212,-4.010783508
1271,40.5,-73.979,-148.15,849.48,5.5181,-4.022674699
1272,40.5,-73.939,-148.08,849.54,5.515,-4.034886637
1273,40.5,-73.899,-148.01,849.61,5.5119,-4.047011044
1274,40.5,-73.859,-147.94,849.67,5.5088,-4.058875847
1275,40.5,-73.819,-147.87,849.74,5.5057,-4.07073647
1276,40.5,-73.779,-147.81,849.8,5.5025,-4.08269867
1277,40.5,-73.738,-147.74,849.87,5.4994,-4.09414923
1278,40.5,-73.698,-147.67,849.93,5.4962,-4.106101553
1279,40.5,-73.657,-147.6,850,5.4931,-4.117494103
1280,40.5,-73.616,-147.54,850.06,5.4899,-4.12894708
1281,40.5,-73.575,-147.47,850.13,5.4867,-4.140156387
1282,40.5,-73.533,-147.4,850.19,5.4835,-4.151465983
1283,40.5,-73.492,-147.33,850.26,5.4803,-4.162511251
1284,40.5,-73.45,-147.27,850.32,5.4771,-4.173462318
1285,40.5,-73.408,-147.2,850.39,5.4739,-4.184330417
1286,40.5,-73.367,-147.13,850.45,5.4706,-4.195185091
1287,40.5,-73.325,-147.07,850.52,5.4674,-4.205754957
1288,40.5,-73.282,-147,850.58,5.4641,-4.216123283
1289,40.5,-73.24,-146.93,850.65,5.4608,-4.226555555
1290,40.5,-73.198,-146.86,850.71,5.4575,-4.236799013
1291,40.5,-73.155,-146.8,850.78,5.4542,-4.246926727
1292,40.5,-73.112,-146.73,850.85,5.4509,-4.256872503
1293,40.5,-73.07,-146.66,850.91,5.4476,-4.266734828
1294,40.5,-73.027,-146.59,850.98,5.4443,-4.276400754
1295,40.5,-72.984,-146.53,851.04,5.4409,-4.285878605
1296,40.5,-72.94,-146.46,851.11,5.4376,-4.295848066
1297,40.5,-72.897,-146.39,851.18,5.4342,-4.305594902
1298,40.5,-72.854,-146.33,851.24,5.4309,-4.315544297
1299,40.5,-72.81,-146.26,851.31,5.4275,-4.325000161
1300,40.5,-72.767,-146.19,851.37,5.4241,-4.334490633
1301,40.5,-72.723,-146.12,851.44,5.4207,-4.343677053
1302,40.5,-72.679,-146.06,851.51,5.4173,-4.352841281
1303,40.5,-72.635,-145.99,851.57,5.4138,-4.361774746
1304,40.5,-72.591,-145.92,851.64,5.4104,-4.370745736
1305,40.5,-72.547,-145.86,851.71,5.407,-4.379484465
1306,40.5,-72.503,-145.79,851.77,5.4035,-4.388136724
1307,40.5,-72.458,-145.72,851.84,5.4,-4.396808879
1308,40.5,-72.414,-145.65,851.91,5.3966,-4.405560011
1309,40.5,-72.369,-145.59,851.97,5.3931,-4.414739307
1310,40.5,-72.325,-145.52,852.04,5.3896,-4.423926755
1311,40.5,-72.28,-145.45,852.11,5.3861,-4.432841256
1312,40.5,-72.235,-145.38,852.17,5.3826,-4.44179393
1313,40.5,-72.19,-145.32,852.24,5.3791,-4.450509514
1314,40.5,-72.145,-145.25,852.31,5.3756,-4.45926431
1315,40.5,-72.1,-145.18,852.37,5.372,-4.467655003
1316,40.5,-72.055,-145.12,852.44,5.3685,-4.475754367
1317,40.5,-72.009,-145.05,852.51,5.3649,-4.484230749
1318,40.5,-71.964,-144.98,852.58,5.3614,-4.492407327
1319,40.5,-71.919,-144.91,852.64,5.3578,-4.500215689
1320,40.5,-71.873,-144.85,852.71,5.3542,-4.508481759
1321,40.5,-71.827,-144.78,852.78,5.3507,-4.516067445
1322,40.5,-71.782,-144.71,852.85,5.3471,-4.524454133
1323,40.5,-86.556,-145.51,856.04,5.6166,-4.53273303
1324,40.5,-86.504,-145.45,856.11,5.6129,-4.540831947
1325,40.5,-86.452,-145.38,856.19,5.6093,-4.548774305
1326,40.5,-86.399,-145.32,856.26,5.6056,-4.556528003
1327,40.5,-86.347,-145.25,856.34,5.602,-4.564233838
1328,40.5,-86.294,-145.18,856.41,5.5983,-4.571929902
1329,40.5,-86.242,-145.12,856.49,5.5946,-4.579425471
1330,40.5,-86.189,-145.05,856.57,5.5909,-4.58683501
1331,40.5,-102.16,-145.47,859.04,5.8638,-4.593977336
1332,40.5,-102.1,-145.39,859.13,5.8602,-4.601321355
1333,40.5,-102.04,-145.32,859.21,5.8565,-4.608255757
1334,40.5,-101.99,-145.25,859.3,5.8529,-4.615305956
1335,40.5,-101.93,-145.18,859.38,5.8493,-4.621843824
1336,40.5,-101.87,-145.11,859.47,5.8457,-4.628725419
1337,40.5,-101.81,-145.04,859.55,5.842,-4.635240453
1338,40.5,-101.75,-144.97,859.63,5.8384,-4.641699308
1339,40.5,-101.7,-144.9,859.72,5.8347,-4.647992623
1340,40.5,-101.64,-144.83,859.8,5.8311,-4.654267616
1341,40.5,-101.58,-144.75,859.89,5.8274,-4.660507367
1342,40.5,-101.52,-144.68,859.97,5.8237,-4.666461
1343,40.5,-101.46,-144.61,860.06,5.8201,-4.672494703
1344,40.5,-101.4,-144.54,860.15,5.8164,-4.678518447
1345,40.5,-101.34,-144.47,860.23,5.8127,-4.685095608
1346,40.5,-101.28,-144.39,860.32,5.8091,-4.69164438
1347,40.5,-101.22,-144.32,860.4,5.8054,-4.69833813
1348,40.5,-101.16,-144.25,860.49,5.8017,-4.705048242
1349,40.5,-101.1,-144.18,860.58,5.798,-4.711306515
1350,40.5,-101.04,-144.1,860.66,5.7943,-187.6638896
1351,40.5,-103.23,-147.85,855.26,6.1124,-15.4073313
1352,40.5,-104.5,-151.31,849.81,6.2204,-15.91119294
1353,40.5,-105.68,-154.21,845.31,6.3116,-16.12972324
1354,40.5,-106.76,-156.67,841.58,6.3893,-16.2579814
1355,40.5,-107.72,-158.77,838.47,6.4561,-6.554730939
1356,40.5,-108.31,-159.33,837.38,6.4833,-4.953808773
1357,40.5,-108.8,-159.68,836.6,6.5034,-4.985433803
1358,40.5,-117.21,-159.47,837.55,6.7325,-5.01058013
1359,40.5,-117.62,-159.83,836.85,6.7502,-5.031734199
1360,40.5,-117.99,-160.18,836.18,6.7672,-5.050954027
1361,40.5,-118.35,-160.52,835.55,6.7836,-5.068736202
1362,40.5,-118.69,-160.85,834.95,6.7994,-5.085478375
1363,40.5,-119.01,-161.17,834.38,6.8147,-5.101529576
1364,40.5,-119.31,-161.48,833.83,6.8295,-5.116921952
1365,40.5,-119.6,-161.77,833.31,6.8438,-5.131728948
1366,40.5,-119.88,-162.05,832.81,6.8577,-5.146306721
1367,40.5,-120.14,-162.32,832.33,6.8712,-5.160626178
1368,40.5,-120.4,-162.58,831.88,6.8842,-5.174913538
1369,40.5,-120.64,-162.83,831.44,6.8969,-5.188506209
1370,40.5,-120.87,-163.07,831.03,6.9093,-5.202360136
1371,40.5,-121.09,-163.31,830.63,6.9212,-5.215638707
1372,40.5,-121.3,-163.53,830.25,6.9329,-5.228845867
1373,40.5,-121.51,-163.75,829.88,6.9442,-5.242186995
1374,40.5,-121.7,-163.95,829.53,6.9552,-5.255250568
1375,40.5,-121.89,-164.15,829.2,6.9659,-5.268334749
1376,40.5,-122.07,-164.35,828.87,6.9763,-5.281355998
1377,40.5,-122.24,-164.53,828.57,6.9864,-5.294983382
1378,40.5,-122.4,-164.71,828.27,6.9962,-5.308684086
1379,40.5,-122.56,-164.89,827.99,7.0058,-5.322019276
1380,40.5,-122.71,-165.06,827.71,7.0152,-5.335329933
1381,40.5,-122.85,-165.22,827.45,7.0243,-5.348386454
1382,40.5,-122.99,-165.38,827.2,7.0331,-5.361763253
1383,40.5,-123.13,-165.53,826.96,7.0418,-5.374997995
1384,40.5,-123.26,-165.68,826.73,7.0502,-5.388484963
1385,40.5,-123.38,-165.83,826.51,7.0585,-5.401727944
1386,40.5,-123.5,-165.96,826.29,7.0665,-5.415518376
1387,40.5,-123.61,-166.1,826.09,7.0743,-5.428822165
1388,40.5,-123.72,-166.23,825.89,7.082,-5.442879879
1389,40.5,-123.83,-166.36,825.71,7.0895,-5.456751456
1390,40.5,-123.93,-166.48,825.52,7.0968,-5.470513637
1391,40.5,-124.02,-166.6,825.35,7.1039,-5.484343364
1392,40.5,-124.11,-166.72,825.18,7.1109,-5.498217569
1393,40.5,-124.2,-166.83,825.03,7.1178,-5.512051193
1394,40.5,-124.29,-166.94,824.87,7.1245,-5.525886765
1395,40.5,-124.37,-167.05,824.73,7.1311,-5.539635554
1396,40.5,-124.45,-167.15,824.58,7.1375,-5.553558145
1397,40.5,-124.53,-167.25,824.45,7.1438,-5.567490453
1398,40.5,-124.6,-167.35,824.32,7.15,-5.58179097
1399,40.5,-124.67,-167.44,824.2,7.1561,-5.596328226
1400,40.5,-124.73,-167.54,824.08,7.1621,-5.610603129
1401,40.5,-124.8,-167.63,823.97,7.168,-5.624875909
1402,40.5,-124.86,-167.71,823.86,7.1737,-5.639317211
1403,40.5,-124.92,-167.8,823.75,7.1794,-5.653437634
1404,40.5,-124.97,-167.88,823.66,7.185,-5.66797345
1405,40.5,-125.02,-167.96,823.57,7.1904,-5.682474775
1406,40.5,-125.07,-168.03,823.48,7.1958,-5.697569385
1407,40.5,-125.12,-168.1,823.4,7.201,-5.712768869
1408,40.5,-125.16,-168.17,823.32,7.2061,-5.728303771
1409,40.5,-125.21,-168.24,823.25,7.2112,-5.744021721
1410,40.5,-125.24,-168.3,823.18,7.2161,-5.759847703
1411,40.5,-125.28,-168.36,823.12,7.221,-5.775871787
1412,40.5,-125.31,-168.42,823.07,7.2257,-5.791962785
1413,40.5,-125.34,-168.47,823.02,7.2304,-5.807965287
1414,40.5,-125.37,-168.53,822.97,7.235,-5.82395907
1415,40.5,-125.4,-168.58,822.93,7.2395,-5.840347334
1416,40.5,-125.42,-168.63,822.89,7.2439,-5.856851588
1417,40.5,-125.44,-168.67,822.86,7.2483,-5.873863152
1418,40.5,-125.45,-168.72,822.83,7.2526,-5.890787282
1419,40.5,-125.47,-168.76,822.81,7.2568,-5.907970357
1420,40.5,-125.48,-168.8,822.79,7.261,-5.925372137
1421,40.5,-125.49,-168.83,822.78,7.2651,-5.943235941
1422,40.5,-125.5,-168.87,822.76,7.2692,-5.961306648
1423,40.5,-125.5,-168.9,822.76,7.2732,-5.979849329
1424,40.5,-125.5,-168.94,822.75,7.2772,-5.99843266
1425,40.5,-125.51,-168.97,822.75,7.2811,-6.017118755
1426,40.5,-125.5,-168.99,822.76,7.285,-6.035663964
1427,40.5,-125.5,-169.02,822.76,7.2889,-6.054389836
1428,40.5,-125.49,-169.04,822.77,7.2928,-6.073098495
1429,40.5,-125.48,-169.07,822.79,7.2966,-6.091914178
1430,40.5,-125.47,-169.09,822.8,7.3004,-6.110754221
1431,40.5,-125.46,-169.11,822.82,7.3041,-6.129821162
1432,40.5,-125.45,-169.13,822.84,7.3079,-6.148541061
1433,40.5,-125.43,-169.14,822.87,7.3116,-6.167267125
1434,41,-125.41,-169.16,822.9,7.3153,-6.1943073
1435,41,-125.39,-169.17,822.93,7.319,-6.212845969
1436,41,-125.37,-169.18,822.96,7.3227,-6.231199905
1437,41,-125.35,-169.19,823,7.3264,-6.249266162
1438,41,-125.32,-169.2,823.03,7.33,-6.267356447
1439,41,-125.29,-169.21,823.08,7.3337,-6.285246734
1440,41,-125.26,-169.22,823.12,7.3373,-6.302883758
1441,41,-125.23,-169.22,823.17,7.3409,-6.320631758
1442,41,-125.2,-169.23,823.21,7.3446,-6.338210589
1443,41,-125.17,-169.23,823.26,7.3482,-6.355657587
1444,41,-125.13,-169.23,823.32,7.3518,-8.495367408
1445,41,-125.06,-169.25,823.39,7.3544,-8.513085509
1446,41,-124.98,-169.27,823.46,7.3572,-8.533164504
1447,41,-124.9,-169.29,823.54,7.3601,-8.554034719
1448,41,-124.82,-169.3,823.62,7.3632,-8.575521145
1449,41,-124.74,-169.32,823.7,7.3663,-8.597095185
1450,41,-124.65,-169.33,823.78,7.3694,-8.618406875
1451,41,-124.56,-169.34,823.87,7.3725,-8.64000913
1452,41,-124.47,-169.35,823.95,7.3756,-8.663398466
1453,41,-124.38,-169.36,824.04,7.3787,-8.686329088
1454,41,-124.29,-169.36,824.13,7.3817,-8.708885452
1455,41,-129.92,-170.39,825.98,7.5395,-8.730813981
1456,41,-129.81,-170.4,826.07,7.5424,-8.752178512
1457,41,-129.7,-170.4,826.17,7.5452,-8.773124782
1458,41,-129.58,-170.4,826.26,7.5481,-10.98713754
1459,41,-129.42,-170.42,826.39,7.5495,-11.0039517
1460,41,-129.26,-170.43,826.51,7.5512,-11.02312249
1461,41,-129.09,-170.44,826.64,7.5529,-11.04422553
1462,41,-128.93,-170.44,826.76,7.5547,-13.2762249
1463,41,-128.71,-170.46,826.92,7.5552,-13.29982727
1464,41,-128.49,-170.47,827.07,7.5558,-15.54805161
1465,41,-128.23,-170.5,827.24,7.5551,-15.58539089
1466,41,-127.96,-170.52,827.42,7.5546,-17.85298465
1467,41,-127.64,-170.54,827.61,7.5528,-17.9021637
1468,41,-127.33,-170.57,827.8,7.5512,-20.19790813
1469,41,-126.96,-170.6,828.02,7.5483,-22.50847672
1470,41,-126.55,-170.63,828.25,7.5441,-22.59647255
1471,41,-126.13,-170.66,828.47,7.5402,-22.69851808
1472,41,-125.71,-170.69,828.7,7.5365,-22.80919697
1473,41,-125.29,-170.72,828.92,7.533,-22.92620775
1474,41,-124.86,-170.74,829.14,7.5295,-23.04769448
1475,41,-124.44,-170.75,829.36,7.5261,-23.16733155
1476,41,-124.01,-170.77,829.57,7.5227,-23.28294658
1477,41,-123.59,-170.78,829.79,7.5193,-23.39402371
1478,41,-123.16,-170.79,830.01,7.5159,-23.49976383
1479,41,-122.73,-170.79,830.23,7.5125,-23.59624223
1480,41,-122.3,-170.8,830.45,7.5091,-23.68285988
1481,41,-121.87,-170.8,830.66,7.5056,-23.76109444
1482,41,-121.44,-170.79,830.88,7.5022,-23.82973215
1483,41,-121.01,-170.79,831.1,7.4988,-23.88637885
1484,41,-120.58,-170.78,831.32,7.4953,-23.93550944
1485,41,-120.15,-170.77,831.54,7.4919,-23.97381975
1486,41,-119.73,-170.75,831.76,7.4885,-23.99920201
1487,41,-119.3,-170.74,831.98,7.4851,-24.01387462
1488,41,-118.87,-170.72,832.21,7.4818,-24.01839346
1489,41,-118.45,-170.71,832.43,7.4784,-24.0212337
1490,41,-118.03,-170.69,832.65,7.4752,-24.0235978
1491,41,-117.61,-170.67,832.87,7.472,-24.02187568
1492,41,-117.19,-170.65,833.09,7.4689,-24.01764371
1493,41,-116.78,-170.63,833.31,7.4658,-24.01721474
1494,41,-116.36,-170.61,833.53,7.4628,-24.01736249
1495,41,-115.95,-170.59,833.75,7.4599,-24.02140334
1496,41,-115.54,-170.57,833.97,7.4571,-24.02308018
1497,41,-115.13,-170.55,834.19,7.4544,-24.02211273
1498,41,-114.72,-170.53,834.41,7.4518,-24.01771283
1499,41,-114.31,-170.52,834.63,7.4493,-24.01176196
1500,41,-113.91,-170.5,834.85,7.4468,-24.0099803
1501,41,-113.5,-170.49,835.07,7.4445,-24.01521324
1502,41,-113.1,-170.47,835.29,7.4422,-24.02350104
1503,41,-112.7,-170.46,835.52,7.44,-24.02910555
1504,41.5,-112.3,-170.45,835.74,7.4379,-24.0304508
1505,41.5,-111.89,-170.44,835.96,7.4358,-24.03648302
1506,41.5,-111.49,-170.44,836.18,7.4336,-24.04260475
1507,41.5,-111.09,-170.43,836.4,7.4315,-24.04510807
1508,41.5,-110.7,-170.42,836.62,7.4292,-24.03903979
1509,41.5,-110.3,-170.42,836.84,7.4269,-24.02264875
1510,41.5,-109.9,-170.42,837.06,7.4245,-23.99559383
1511,41.5,-109.5,-170.41,837.28,7.4219,-23.95766889
1512,41.5,-109.11,-170.41,837.49,7.4192,-23.91329421
1513,41.5,-108.71,-170.4,837.71,7.4164,-23.86566638
1514,41.5,-108.32,-170.4,837.92,7.4133,-23.81169708
1515,41.5,-107.93,-170.4,838.14,7.4101,-23.75074435
1516,41.5,-107.54,-170.39,838.35,7.4066,-23.68282832
1517,41.5,-107.15,-170.39,838.56,7.4029,-23.61020325
1518,41.5,-106.76,-170.39,838.77,7.3989,-23.53232182
1519,41.5,-106.38,-170.38,838.97,7.3947,-23.45018634
1520,41.5,-105.99,-170.38,839.18,7.3903,-23.36703971
1521,41.5,-105.61,-170.38,839.39,7.3856,-23.29542141
1522,41.5,-105.23,-170.37,839.59,7.3806,-23.23614976
1523,41.5,-104.85,-170.37,839.8,7.3753,-23.174017
1524,41.5,-104.47,-170.36,840,7.3697,-23.12651095
1525,41.5,-104.1,-170.36,840.21,7.3638,-23.09079016
1526,41.5,-103.72,-170.35,840.41,7.3576,-23.04879591
1527,41.5,-103.35,-170.34,840.62,7.3511,-23.00177031
1528,41.5,-102.97,-170.34,840.82,7.3442,-22.94649752
1529,41.5,-102.6,-170.33,841.03,7.3371,-22.88049176
1530,41.5,-102.23,-170.33,841.23,7.3296,-79.19356138
1531,41.5,-115.18,-171.37,844.33,7.653,-134.0321567
1532,41.5,-127.96,-171.49,847.18,7.9948,-24.52788024
1533,41.5,-127.69,-171.5,847.12,8.0039,-25.36451057
1534,41.5,-127.38,-171.52,847.13,8.0105,-25.82018592
1535,41.5,-127.04,-171.54,847.19,8.0151,-26.11731279
1536,41.5,-126.66,-171.55,847.3,8.018,-26.32772906
1537,41.5,-126.26,-171.56,847.44,8.0196,-26.49507521
1538,41.5,-125.85,-171.56,847.61,8.0198,-26.64357115
1539,41.5,-125.41,-171.56,847.8,8.0188,-26.7916715
1540,41.5,-124.97,-171.55,848.01,8.0168,-26.92473874
1541,41.5,-124.51,-171.54,848.24,8.0137,-27.04571007
1542,41.5,-124.03,-171.52,848.48,8.0098,-27.15725014
1543,41.5,-123.55,-171.5,848.74,8.0049,-27.26028919
1544,41.5,-123.06,-171.47,849,7.9993,-27.36462973
1545,41.5,-122.56,-171.44,849.28,7.993,-27.47394401
1546,41.5,-122.06,-171.41,849.56,7.986,-27.59025416
1547,41.5,-121.54,-171.38,849.85,7.9783,-27.70787031
1548,41.5,-121.03,-171.35,850.14,7.9701,-27.83692546
1549,41.5,-125.35,-172,850.94,8.1001,-27.97263871
1550,42,-129.41,-171.77,851.75,8.2186,-28.10130546
1551,42,-128.83,-171.73,852.09,8.2114,-28.22681843
1552,42,-128.25,-171.69,852.43,8.2037,-28.3560064
1553,42,-127.67,-171.64,852.77,8.1954,-28.47652897
1554,42,-127.08,-171.6,853.11,8.1865,-28.58573919
1555,42,-126.48,-171.55,853.46,8.177,-28.6880923
1556,42,-125.88,-171.5,853.81,8.167,-28.77621893
1557,42,-125.27,-171.44,854.16,8.1563,-28.851708
1558,42,-124.66,-171.38,854.51,8.145,-28.93041465
1559,42,-124.05,-171.32,854.87,8.1331,-29.00162401
1560,42,-123.44,-171.25,855.22,8.1206,-29.06011084
1561,42,-122.82,-171.18,855.57,8.1076,-29.10903221
1562,42,-129.1,-170.37,858.07,8.3041,-29.1528204
1563,42,-128.41,-170.3,858.43,8.2887,-29.19899931
1564,42,-127.72,-170.23,858.79,8.2727,-29.28013167
1565,42,-127.03,-170.16,859.15,8.2563,-29.40900211
1566,42,-126.33,-170.09,859.51,8.2395,-29.55978561
1567,42,-125.64,-170.01,859.87,8.2222,-29.73703504
1568,42,-124.95,-169.94,860.23,8.2045,-29.92284978
1569,42,-124.25,-169.86,860.59,8.1864,-30.11078901
1570,42,-123.56,-169.77,860.95,8.168,-30.2915907
1571,42,-122.86,-169.69,861.31,8.1493,-30.46204651
1572,42,-122.17,-169.6,861.68,8.1302,-30.6173718
1573,42,-121.47,-169.52,862.04,8.111,-30.75428068
1574,42,-120.78,-169.43,862.41,8.0915,-30.86802116
1575,42,-120.08,-169.33,862.77,8.0718,-30.95709745
1576,42,-119.39,-169.24,863.14,8.0518,-31.02515778
1577,42,-118.7,-169.15,863.5,8.0317,-31.07101166
1578,42,-118.02,-169.05,863.87,8.0114,-31.09273746
1579,42,-117.33,-168.96,864.23,7.9909,-31.09794583
1580,42,-116.65,-168.86,864.59,7.9703,-31.10146078
1581,42,-115.98,-168.76,864.95,7.9495,-31.09482856
1582,42,-115.31,-168.66,865.32,7.9286,-31.09354359
1583,42,-114.64,-168.57,865.68,7.9076,-31.09226877
1584,42,-113.98,-168.47,866.04,7.8865,-31.08734351
1585,42,-113.32,-168.38,866.39,7.8653,-31.07700527
1586,42,-112.67,-168.28,866.75,7.8441,-31.07078039
1587,42,-112.02,-168.19,867.11,7.8227,-31.06620386
1588,42,-111.37,-168.1,867.47,7.8014,-31.06737426
1589,42,-110.73,-168.02,867.82,7.78,-31.0697966
1590,42,-110.09,-167.94,868.18,7.7586,-31.06907576
1591,42,-109.46,-167.85,868.53,7.7371,-31.07110088
1592,42,-108.83,-167.78,868.89,7.7156,-31.06641438
1593,42.5,-108.2,-167.7,869.24,7.694,-31.0625228
1594,42.5,-107.58,-167.62,869.6,7.6723,-31.06169799
1595,42.5,-106.95,-167.55,869.95,7.6506,-31.04471865
1596,42.5,-106.34,-167.48,870.3,7.6287,-31.00686348
1597,42.5,-110.13,-168.49,872.51,7.7311,-30.9630804
1598,42.5,-109.48,-168.4,872.86,7.708,-30.90830389
1599,42.5,-108.83,-168.32,873.21,7.6848,-30.83506239
1600,42.5,-108.18,-168.23,873.56,7.6613,-30.742481
1601,42.5,-107.54,-168.14,873.91,7.6376,-30.63206712
1602,42.5,-106.9,-168.05,874.25,7.6136,-30.51623994
1603,42.5,-106.27,-167.96,874.59,7.5895,-30.39302549
1604,42.5,-105.65,-167.87,874.93,7.5652,-30.25956932
1605,42.5,-105.03,-167.77,875.26,7.5407,-30.11668478
1606,42.5,-104.41,-167.68,875.59,7.516,-29.96744879
1607,42.5,-103.81,-167.58,875.93,7.4913,-29.81405455
1608,42.5,-103.2,-167.48,876.25,7.4664,-29.65831646
1609,42.5,-102.61,-167.37,876.58,7.4415,-29.52698805
1610,42.5,-102.02,-167.27,876.91,7.4166,-29.42736714
1611,42.5,-101.43,-167.16,877.24,7.3916,-29.33682574
1612,42.5,-100.85,-167.05,877.56,7.3666,-29.2627296
1613,42.5,-100.27,-166.94,877.89,7.3416,-29.1735718
1614,42.5,-99.703,-166.83,878.22,7.3167,-29.06778929
1615,42.5,-99.136,-166.72,878.54,7.2918,-28.9418008
1616,42.5,-98.575,-166.6,878.87,7.267,-28.79172808
1617,42.5,-98.019,-166.48,879.2,7.2424,-180.6797762
1618,42.5,-113.82,-166.6,884.26,7.7175,-31.4495654
1619,42.5,-113.31,-166.34,884.37,7.7059,-32.67567149
1620,42.5,-124.61,-167.16,885.83,7.9232,-33.20851836
1621,42.5,-124,-166.93,886.1,7.913,-33.49738106
1622,42.5,-123.36,-166.72,886.4,7.9016,-33.69717639
1623,42.5,-122.7,-166.52,886.73,7.8892,-33.8745509
1624,42.5,-122.03,-166.32,887.08,7.8759,-34.05735335
1625,42.5,-121.35,-166.13,887.45,7.8619,-34.23400476
1626,42.5,-120.66,-165.95,887.83,7.8472,-34.39866
1627,42.5,-119.95,-165.77,888.22,7.8319,-34.55402346
1628,42.5,-119.24,-165.59,888.63,7.8161,-34.6988174
1629,42.5,-118.53,-165.42,889.04,7.7997,-34.84798938
1630,42.5,-117.8,-165.25,889.45,7.7829,-35.00494382
1631,42.5,-117.07,-165.08,889.88,7.7656,-35.16965355
1632,43,-116.34,-164.92,890.3,7.7479,-35.3416072
1633,43,-115.6,-164.76,890.74,7.7297,-35.52350102
1634,43,-114.86,-164.61,891.17,7.7111,-35.68939131
1635,43,-114.11,-164.45,891.61,7.6919,-35.83936707
1636,43,-113.35,-164.3,892.05,7.6722,-35.98007915
1637,43,-112.6,-164.14,892.49,7.652,-36.10337004
1638,43,-111.84,-163.99,892.93,7.6312,-36.20792303
1639,43,-116.05,-164.65,893.97,7.7715,-36.29091109
1640,43,-119.99,-164.2,895.04,7.8978,-36.36030866
1641,43,-119.17,-164.03,895.51,7.8781,-36.43482175
1642,43,-118.34,-163.85,895.98,7.8578,-36.50124609
1643,43,-117.51,-163.67,896.45,7.8369,-36.57075405
1644,43,-116.68,-163.48,896.92,7.8154,-36.64300922
1645,43,-115.85,-163.29,897.38,7.7934,-36.77400595
1646,43,-115.02,-163.09,897.85,7.7709,-36.9782379
1647,43,-114.19,-162.89,898.31,7.7479,-37.21674721
1648,43,-113.36,-162.68,898.78,7.7245,-37.47437598
1649,43,-112.53,-162.47,899.25,7.7007,-37.72125793
1650,43,-111.7,-162.26,899.71,7.6766,-37.94527771
1651,43,-110.87,-162.05,900.18,7.6523,-38.13619144
1652,43,-110.04,-161.83,900.65,7.6277,-38.28818041
1653,43,-109.21,-161.61,901.12,7.603,-38.39526358
1654,43,-114.74,-160.97,903.79,7.778,-38.45466653
1655,43,-113.84,-160.77,904.27,7.7512,-38.47197815
1656,43,-112.94,-160.57,904.75,7.7243,-38.45989756
1657,43,-112.05,-160.37,905.23,7.6973,-38.42561275
1658,43,-111.17,-160.16,905.7,7.6701,-38.39621113
1659,43,-110.29,-159.96,906.17,7.6428,-38.37892883
1660,43,-109.42,-159.76,906.64,7.6153,-38.37143848
1661,43,-108.56,-159.56,907.11,7.5879,-38.36280922
1662,43,-107.71,-159.36,907.58,7.5603,-38.34872083
1663,43,-106.86,-159.17,908.05,7.5328,-38.32734361
1664,43,-106.02,-158.98,908.52,7.5053,-38.31814829
1665,43,-105.18,-158.79,908.98,7.4777,-38.31117352
1666,43,-104.35,-158.61,909.45,7.4502,-38.32124393
1667,43,-103.53,-158.43,909.91,7.4227,-38.34568342
1668,43.5,-102.71,-158.25,910.37,7.3952,-38.35383387
1669,43.5,-101.9,-158.08,910.83,7.3676,-38.34966869
1670,43.5,-101.09,-157.91,911.29,7.3399,-38.32470266
1671,43.5,-100.29,-157.74,911.75,7.3121,-38.26846596
1672,43.5,-99.486,-157.57,912.21,7.2841,-38.18310915
1673,43.5,-98.693,-157.4,912.66,7.256,-38.07501621
1674,43.5,-97.905,-157.23,913.11,7.2276,-37.93894378
1675,43.5,-97.124,-157.05,913.56,7.1989,-37.77534845
1676,43.5,-96.349,-156.88,914,7.17,-37.58520621
1677,43.5,-95.581,-156.7,914.44,7.1408,-37.37803893
1678,43.5,-94.821,-156.51,914.88,7.1114,-37.16445766
1679,43.5,-94.069,-156.32,915.31,7.0818,-36.93914197
1680,43.5,-93.324,-156.13,915.75,7.0522,-36.70860399
1681,43.5,-92.587,-155.93,916.18,7.0224,-36.47832986
1682,43.5,-91.858,-155.73,916.61,6.9927,-36.27050261
1683,43.5,-91.137,-155.52,917.03,6.963,-36.09202696
1684,43.5,-90.424,-155.31,917.46,6.9333,-35.93734914
1685,43.5,-89.717,-155.09,917.89,6.9037,-35.80532474
1686,43.5,-93.104,-155.8,920.33,7.0036,-35.64583608
1687,43.5,-92.364,-155.56,920.76,6.973,-35.45220592
1688,43.5,-91.632,-155.33,921.2,6.9427,-35.21924717
1689,43.5,-90.907,-155.08,921.63,6.9126,-180.5716697
1690,43.5,-107.48,-155.35,927.04,7.4129,-37.64661936
1691,43.5,-106.83,-154.99,926.99,7.4023,-39.45741529
1692,43.5,-106.15,-154.7,927.08,7.3882,-40.12514544
1693,43.5,-105.43,-154.43,927.26,7.3718,-40.41588966
1694,43.5,-104.69,-154.18,927.51,7.3538,-40.6395676
1695,43.5,-103.92,-153.94,927.79,7.3346,-40.8652487
1696,43.5,-109.35,-154.12,928.94,7.4509,-41.0908945
1697,43.5,-114.75,-154.59,930.03,7.5708,-41.31221623
1698,43.5,-113.89,-154.34,930.46,7.555,-41.52303111
1699,43.5,-113.02,-154.1,930.91,7.5384,-41.71680219
1700,43.5,-112.14,-153.86,931.37,7.521,-41.91151705
1701,44,-111.26,-153.63,931.84,7.503,-42.11317982
1702,44,-110.36,-153.39,932.33,7.4842,-42.32542126
1703,44,-109.45,-153.16,932.82,7.4647,-42.5462964
1704,44,-108.54,-152.93,933.32,7.4444,-42.73053985
1705,44,-107.62,-152.69,933.83,7.4232,-42.88112102
1706,44,-106.7,-152.46,934.33,7.4012,-43.01898994
1707,44,-105.77,-152.23,934.84,7.3784,-43.13188847
1708,44,-104.84,-151.99,935.35,7.3546,-43.23041248
1709,44,-103.91,-151.75,935.85,7.3299,-43.33327542
1710,44,-102.97,-151.5,936.35,7.3044,-43.43354746
1711,44,-102.04,-151.25,936.86,7.2782,-43.52457438
1712,44,-101.11,-150.99,937.36,7.2514,-43.60447981
1713,44,-105.25,-151.6,938.55,7.4054,-43.6909399
1714,44,-109.1,-151.02,939.79,7.5421,-43.87747999
1715,44,-108.09,-150.73,940.33,7.5165,-44.15964911
1716,44,-107.09,-150.44,940.87,7.4903,-44.47369308
1717,44,-106.08,-150.15,941.4,7.4637,-44.76632063
1718,44,-105.08,-149.85,941.94,7.4367,-45.01202362
1719,44,-104.08,-149.55,942.47,7.4094,-45.19772861
1720,44,-103.08,-149.25,943,7.3818,-45.31466448
1721,44,-102.1,-148.95,943.53,7.354,-45.36014419
1722,44,-101.11,-148.65,944.05,7.326,-45.33632482
1723,44,-100.14,-148.35,944.57,7.2978,-45.26341601
1724,44,-99.178,-148.05,945.08,7.2695,-45.16634289
1725,44,-98.227,-147.76,945.58,7.241,-45.08177738
1726,44,-97.287,-147.48,946.08,7.2124,-45.01930656
1727,44,-96.358,-147.2,946.58,7.1838,-44.98618825
1728,44,-95.44,-146.93,947.06,7.1551,-44.95784361
1729,44,-94.532,-146.68,947.54,7.1266,-44.92708315
1730,44,-99.512,-146.23,950.41,7.2953,-44.8916283
1731,44,-98.538,-146.04,950.89,7.2644,-44.86726402
1732,44,-97.575,-145.86,951.37,7.2335,-44.87552952
1733,44.5,-96.622,-145.7,951.83,7.2027,-44.90572026
1734,44.5,-95.677,-145.54,952.29,7.1718,-44.89217035
1735,44.5,-94.742,-145.4,952.74,7.1408,-44.84192656
1736,44.5,-93.816,-145.27,953.19,7.1097,-44.75415625
1737,44.5,-92.9,-145.14,953.62,7.0784,-44.60611599
1738,44.5,-91.994,-145.03,954.05,7.0468,-44.40987036
1739,44.5,-91.099,-144.92,954.46,7.015,-44.18410551
1740,44.5,-90.215,-144.82,954.87,6.9828,-43.92188761
1741,44.5,-89.344,-144.72,955.27,6.9504,-43.62521587
1742,44.5,-88.487,-144.62,955.65,6.9177,-43.3124103
1743,44.5,-87.642,-144.52,956.03,6.8848,-42.99203221
1744,44.5,-86.811,-144.43,956.4,6.8519,-42.66564042
1745,44.5,-85.994,-144.34,956.76,6.8189,-42.33236768
1746,44.5,-85.19,-144.25,957.12,6.786,-42.00875884
1747,44.5,-84.4,-144.16,957.47,6.7532,-41.74282538
1748,44.5,-83.623,-144.07,957.82,6.7206,-41.49774538
1749,44.5,-82.858,-143.99,958.17,6.6882,-41.27919064
1750,44.5,-82.105,-143.9,958.51,6.6561,-41.02410415
1751,44.5,-81.363,-143.81,958.85,6.6244,-40.71376802
1752,44.5,-80.634,-143.73,959.19,6.593,-40.33859144
1753,44.5,-79.918,-143.65,959.52,6.5622,-170.8428769
1754,44.5,-97.321,-144.08,964.76,7.0942,-44.26743396
1755,44.5,-96.671,-143.88,964.66,7.086,-45.78549166
1756,44.5,-95.963,-143.68,964.69,7.0739,-46.29776802
1757,44.5,-99.188,-144.36,966.73,7.1682,-46.57867631
1758,44.5,-98.375,-144.18,966.91,7.1496,-46.8871052
1759,44.5,-97.545,-144.03,967.14,7.1297,-47.19190028
1760,44.5,-96.701,-143.89,967.4,7.1087,-47.49209311
1761,44.5,-95.849,-143.77,967.7,7.0869,-47.77485666
1762,44.5,-101.38,-144.05,968.97,7.2187,-48.03582733
1763,45,-106.84,-144.73,970.14,7.352,-48.25000135
1764,45,-105.87,-144.62,970.55,7.3343,-48.47815824
1765,45,-104.9,-144.53,970.97,7.3158,-48.72882211
1766,45,-103.91,-144.44,971.4,7.2961,-48.94828715
1767,45,-102.91,-144.36,971.83,7.2754,-49.11482613
1768,45,-101.91,-144.29,972.26,7.2535,-49.25432201
1769,45,-100.91,-144.22,972.69,7.2304,-49.37925451
1770,45,-99.9,-144.15,973.12,7.2061,-49.49104024
1771,45,-98.892,-144.08,973.54,7.1808,-49.59276976
1772,45,-97.886,-144.01,973.96,7.1544,-49.70993434
1773,45,-96.884,-143.94,974.38,7.1272,-49.81500703
1774,45,-95.888,-143.86,974.8,7.0992,-49.91715115
1775,45,-94.899,-143.78,975.21,7.0708,-50.10170981
1776,45,-93.916,-143.69,975.62,7.0419,-50.44044069
1777,45,-92.94,-143.61,976.03,7.0125,-50.80760543
1778,45,-101.93,-144.06,978.04,7.3557,-51.12246492
1779,45,-100.85,-143.94,978.5,7.3284,-51.37083043
1780,45,-99.774,-143.81,978.96,7.3009,-51.5227765
1781,45,-98.705,-143.69,979.42,7.273,-51.57216496
1782,45,-97.645,-143.56,979.88,7.2448,-51.52491503
1783,45,-96.595,-143.42,980.33,7.2163,-51.39773889
1784,45,-95.559,-143.29,980.77,7.1876,-51.23788583
1785,45,-94.536,-143.16,981.21,7.1587,-51.10090227
1786,45,-93.527,-143.04,981.65,7.1296,-51.00095133
1787,45,-92.531,-142.92,982.08,7.1005,-50.96407857
1788,45,-91.547,-142.81,982.5,7.0712,-50.93431501
1789,45,-90.575,-142.71,982.93,7.042,-50.89861461
1790,45,-89.613,-142.62,983.34,7.0128,-50.85490394
1791,45,-88.662,-142.54,983.75,6.9835,-50.83772542
1792,45.5,-87.72,-142.47,984.16,6.9542,-50.83654227
1793,45.5,-86.787,-142.41,984.56,6.9248,-50.8280689
1794,45.5,-85.862,-142.37,984.96,6.895,-50.76651722
1795,45.5,-84.944,-142.33,985.35,6.865,-50.64359291
1796,45.5,-89.592,-142.47,988.09,7.0221,-50.44474138
1797,45.5,-88.606,-142.49,988.48,6.9884,-50.18535724
1798,45.5,-87.632,-142.51,988.85,6.9542,-49.88140001
1799,45.5,-86.671,-142.53,989.21,6.9193,-49.53150493
1800,45.5,-85.725,-142.56,989.56,6.884,-49.14299538
1801,45.5,-84.794,-142.58,989.91,6.8483,-48.74764548
1802,45.5,-83.878,-142.6,990.24,6.8123,-48.34751532
1803,45.5,-82.978,-142.63,990.57,6.7761,-47.93274141
1804,45.5,-82.094,-142.65,990.9,6.7399,-47.51911641
1805,45.5,-81.226,-142.67,991.22,6.7037,-47.16771229
1806,45.5,-80.373,-142.68,991.54,6.6677,-46.84975552
1807,45.5,-79.534,-142.7,991.85,6.6319,-46.52862013
1808,45.5,-78.709,-142.72,992.16,6.5965,-46.16344632
1809,45.5,-77.899,-142.73,992.48,6.5614,-45.71412914
1810,45.5,-77.104,-142.75,992.79,6.5268,-45.16890432
1811,45.5,-76.325,-142.77,993.09,6.4928,-172.5367992
1812,45.5,-94.358,-143.25,998.34,7.0596,-50.32155719
1813,45.5,-93.557,-143.01,998.46,7.0461,-51.24150899
1814,45.5,-92.709,-142.83,998.65,7.0295,-51.60823288
1815,45.5,-91.832,-142.7,998.91,7.0106,-52.00283853
1816,45.5,-90.936,-142.6,999.2,6.9899,-52.39025707
1817,45.5,-90.027,-142.52,999.54,6.9681,-52.7689885
1818,45.5,-89.11,-142.46,999.89,6.9452,-53.12582135
1819,45.5,-88.186,-142.42,1000.3,6.9216,-53.43755213
1820,46,-87.258,-142.4,1000.6,6.8973,-53.69058984
1821,46,-96.708,-143.5,1004.1,7.1562,-53.93995293
1822,46,-102.16,-144.33,1005.4,7.2971,-54.1970862
1823,46,-101.04,-144.31,1005.9,7.2739,-54.39169109
1824,46,-99.914,-144.29,1006.3,7.2492,-54.53014078
1825,46,-98.778,-144.27,1006.8,7.2229,-54.64987237
1826,46,-97.641,-144.26,1007.2,7.195,-54.76749331
1827,46,-96.504,-144.25,1007.7,7.1658,-54.90487266
1828,46,-95.369,-144.24,1008.1,7.1353,-55.02898609
1829,46,-94.24,-144.22,1008.5,7.1038,-55.1398289
1830,46,-93.118,-144.2,1009,7.0714,-55.24331361
1831,46,-92.005,-144.17,1009.4,7.0385,-55.44243819
1832,46,-90.9,-144.13,1009.8,7.0051,-55.81702139
1833,46,-89.803,-144.09,1010.2,6.9713,-56.19016031
1834,46,-88.714,-144.05,1010.7,6.9373,-56.47953454
1835,46,-92.606,-143.69,1011.9,7.087,-56.65182636
1836,46,-91.468,-143.65,1012.4,7.0534,-56.6904997
1837,46,-95.377,-144.37,1013.7,7.2328,-56.60152014
1838,46,-94.193,-144.27,1014.2,7.2005,-56.41059378
1839,46,-93.023,-144.17,1014.6,7.168,-56.16011019
1840,46,-91.868,-144.07,1015.1,7.1352,-55.94377645
1841,46,-90.729,-143.97,1015.5,7.1022,-55.76532381
1842,46,-89.604,-143.88,1015.9,7.0691,-55.66436658
1843,46,-88.491,-143.79,1016.3,7.0359,-55.5881669
1844,46,-87.39,-143.71,1016.8,7.0027,-55.52214685
1845,46,-86.298,-143.64,1017.2,6.9696,-55.45345466
1846,46.5,-85.216,-143.58,1017.6,6.9363,-55.39749686
1847,46.5,-84.141,-143.53,1018,6.9029,-55.35223872
1848,46.5,-83.073,-143.48,1018.4,6.8692,-55.25853181
1849,46.5,-82.012,-143.44,1018.8,6.8351,-55.08808064
1850,46.5,-80.958,-143.4,1019.1,6.8004,-54.83779258
1851,46.5,-79.912,-143.36,1019.5,6.765,-54.48598271
1852,46.5,-78.876,-143.31,1019.8,6.729,-54.06736524
1853,46.5,-77.851,-143.27,1020.2,6.6922,-53.5981284
1854,46.5,-76.839,-143.21,1020.5,6.6548,-53.07698802
1855,46.5,-75.842,-143.14,1020.8,6.6168,-52.53959832
1856,46.5,-74.86,-143.06,1021.1,6.5786,-51.99743194
1857,46.5,-79.008,-143.33,1023.9,6.7156,-51.43306913
1858,46.5,-77.976,-143.24,1024.2,6.6741,-50.85697405
1859,46.5,-76.964,-143.13,1024.4,6.6328,-50.33494479
1860,46.5,-75.971,-143,1024.7,6.5918,-49.87017428
1861,46.5,-74.997,-142.85,1024.9,6.5511,-49.392108
1862,46.5,-74.043,-142.68,1025.2,6.5109,-48.87133694
1863,46.5,-73.108,-142.49,1025.4,6.4713,-48.25685835
1864,46.5,-72.195,-142.29,1025.7,6.4325,-47.52941007
1865,46.5,-71.304,-142.06,1025.9,6.3944,-165.0597284
1866,46.5,-89.604,-142.42,1031,6.969,-53.05742107
1867,46.5,-88.679,-141.95,1031,6.9529,-53.96121486
1868,46.5,-87.709,-141.51,1031.1,6.9333,-54.23530485
1869,46.5,-86.717,-141.09,1031.2,6.9112,-54.54783966
1870,46.5,-85.713,-140.68,1031.4,6.8875,-54.85288011
1871,46.5,-84.704,-140.27,1031.6,6.8626,-55.13761454
1872,46.5,-83.695,-139.86,1031.8,6.8368,-55.39287555
1873,47,-82.689,-139.45,1032,6.8103,-55.54266428
1874,47,-81.689,-139.04,1032.2,6.7833,-55.63082352
1875,47,-87.311,-139,1033.5,6.9283,-55.70662164
1876,47,-86.255,-138.55,1033.8,6.9032,-55.78716245
1877,47,-91.698,-139.06,1035,7.0477,-55.80551131
1878,47,-94.265,-139.33,1037.2,7.1192,-55.76952622
1879,47,-93.096,-138.91,1037.5,7.0907,-55.71377543
1880,47,-91.936,-138.5,1037.7,7.0609,-55.6576432
1881,47,-90.787,-138.1,1038,7.0299,-55.59226819
1882,47,-89.65,-137.7,1038.2,6.9981,-55.53731939
1883,47,-88.527,-137.32,1038.4,6.9656,-55.4767083
1884,47,-87.42,-136.95,1038.6,6.9325,-55.41006144
1885,47,-86.329,-136.59,1038.9,6.8993,-55.43027103
1886,47,-85.254,-136.24,1039.1,6.8658,-55.61770844
1887,47,-84.192,-135.9,1039.3,6.8322,-55.81786621
1888,47,-83.144,-135.57,1039.5,6.7986,-55.94415021
1889,47,-82.11,-135.25,1039.7,6.7652,-55.97115515
1890,47,-86.014,-134.64,1040.8,6.9172,-55.88560223
1891,47,-89.997,-135.14,1041.9,7.0981,-55.68624066
1892,47,-88.869,-134.83,1042.2,7.0665,-55.39447821
1893,47,-87.759,-134.53,1042.4,7.0349,-55.0379104
1894,47,-86.667,-134.24,1042.7,7.0031,-54.6850177
1895,47,-85.595,-133.96,1042.9,6.9712,-54.38778932
1896,47,-84.54,-133.7,1043.1,6.9394,-54.15021923
1897,47,-83.502,-133.45,1043.4,6.9076,-53.95806267
1898,47,-82.478,-133.22,1043.6,6.8758,-53.78101461
1899,47,-81.469,-133.01,1043.8,6.8442,-53.60294419
1900,47,-80.473,-132.81,1044.1,6.8127,-53.41817778
1901,47.5,-79.489,-132.62,1044.3,6.7812,-53.21600103
1902,47.5,-78.518,-132.45,1044.5,6.7496,-53.05897334
1903,47.5,-77.558,-132.29,1044.7,6.7179,-52.8727568
1904,47.5,-76.61,-132.14,1044.9,6.6859,-52.62018677
1905,47.5,-75.673,-132,1045.2,6.6536,-52.29318806
1906,47.5,-74.748,-131.86,1045.4,6.6209,-51.88689253
1907,47.5,-73.838,-131.74,1045.6,6.5876,-51.43399809
1908,47.5,-72.942,-131.62,1045.7,6.5539,-50.94256285
1909,47.5,-72.062,-131.51,1045.9,6.5198,-50.41781012
1910,47.5,-71.198,-131.4,1046.1,6.4853,-49.87568992
1911,47.5,-70.351,-131.3,1046.3,6.4507,-49.33463951
1912,47.5,-69.52,-131.19,1046.4,6.416,-48.78853713
1913,47.5,-73.743,-131.49,1049,6.5537,-48.23548464
1914,47.5,-72.868,-131.4,1049.2,6.5165,-47.69686075
1915,47.5,-72.012,-131.31,1049.4,6.4795,-47.23464998
1916,47.5,-71.173,-131.21,1049.5,6.4429,-46.81368515
1917,47.5,-70.35,-131.1,1049.7,6.4067,-46.38106925
1918,47.5,-69.545,-131,1049.9,6.3709,-45.88544288
1919,47.5,-68.757,-130.89,1050,6.3357,-45.30721522
1920,47.5,-67.987,-130.78,1050.2,6.3012,-73.71229785
1921,47.5,-76.672,-130.17,1052.8,6.5629,-145.3533831
1922,47.5,-85.485,-131.06,1055.2,6.8521,-50.25576375
1923,47.5,-84.673,-130.76,1055.2,6.838,-50.71618878
1924,47.5,-83.828,-130.51,1055.3,6.8212,-50.94431175
1925,47.5,-82.963,-130.3,1055.4,6.8023,-51.2436608
1926,47.5,-82.086,-130.11,1055.6,6.7819,-51.50726417
1927,47.5,-81.201,-129.94,1055.8,6.7604,-51.74779034
1928,47.5,-80.312,-129.78,1056,6.738,-51.97321292
1929,47.5,-79.422,-129.64,1056.2,6.7148,-52.15356203
1930,48,-78.531,-129.51,1056.4,6.691,-52.27412678
1931,48,-84.204,-129.76,1057.8,6.8365,-52.39296454
1932,48,-89.777,-130.5,1059,6.9805,-52.52059904
1933,48,-92.571,-131.1,1061.3,7.0701,-52.59565362
1934,48,-91.493,-130.96,1061.6,7.0457,-52.61159938
1935,48,-90.414,-130.82,1062,7.0201,-52.60385227
1936,48,-89.337,-130.69,1062.3,6.9931,-52.58927374
1937,48,-88.263,-130.55,1062.6,6.9648,-52.58763019
1938,48,-87.196,-130.41,1062.9,6.9356,-52.59204637
1939,48,-86.137,-130.27,1063.2,6.9054,-52.57783252
1940,48,-85.087,-130.12,1063.6,6.8745,-52.55418507
1941,48,-84.049,-129.96,1063.9,6.8431,-52.5408658
1942,48,-83.022,-129.8,1064.2,6.8113,-52.67171694
1943,48,-82.006,-129.62,1064.5,6.7792,-52.89427979
1944,48,-81.001,-129.45,1064.8,6.7469,-53.10637058
1945,48,-80.006,-129.26,1065.1,6.7145,-53.24414742
1946,48,-83.968,-128.78,1066.2,6.8643,-53.29481531
1947,48,-88.014,-129.37,1067.4,7.0422,-53.23998354
1948,48,-86.924,-129.14,1067.8,7.0115,-53.08244712
1949,48,-85.849,-128.9,1068.1,6.9805,-52.83958055
1950,48,-84.789,-128.66,1068.5,6.9494,-52.53727159
1951,48,-83.748,-128.42,1068.8,6.918,-52.24895253
1952,48,-82.724,-128.18,1069.1,6.8866,-51.99434643
1953,48,-81.718,-127.94,1069.4,6.8551,-51.79075765
1954,48,-80.727,-127.71,1069.8,6.8236,-51.62284026
1955,48,-79.751,-127.48,1070.1,6.7922,-51.4562778
1956,48,-78.79,-127.27,1070.4,6.7609,-51.29174518
1957,48,-77.842,-127.06,1070.7,6.7297,-51.12631482
1958,48.5,-76.906,-126.86,1071,6.6986,-50.99792381
1959,48.5,-75.983,-126.67,1071.3,6.6674,-50.87267496
1960,48.5,-75.07,-126.48,1071.6,6.6362,-50.7190137
1961,48.5,-74.167,-126.31,1071.9,6.6047,-50.50366787
1962,48.5,-73.276,-126.13,1072.1,6.573,-50.22756528
1963,48.5,-72.395,-125.97,1072.4,6.541,-49.87722838
1964,48.5,-71.528,-125.81,1072.7,6.5086,-49.45594858
1965,48.5,-70.674,-125.65,1072.9,6.4758,-49.00524469
1966,48.5,-69.834,-125.5,1073.2,6.4426,-48.52409568
1967,48.5,-69.009,-125.34,1073.4,6.4091,-48.01333341
1968,48.5,-68.2,-125.18,1073.7,6.3754,-47.48804068
1969,48.5,-72.519,-125.36,1076.4,6.5161,-46.97198323
1970,48.5,-71.665,-125.23,1076.6,6.4795,-46.45545769
1971,48.5,-70.829,-125.09,1076.9,6.4432,-45.9263764
1972,48.5,-70.01,-124.94,1077.1,6.407,-45.44296695
1973,48.5,-69.21,-124.79,1077.3,6.3712,-45.0175516
1974,48.5,-68.426,-124.64,1077.5,6.3357,-44.63267761
1975,48.5,-67.658,-124.48,1077.8,6.3007,-44.22266431
1976,48.5,-66.906,-124.32,1078,6.2661,-43.7529992
1977,48.5,-66.171,-124.16,1078.2,6.2321,-43.21051048
1978,48.5,-65.453,-124,1078.4,6.1988,-68.37991147
1979,48.5,-74.18,-123.45,1080.9,6.4574,-90.80799641
1980,48.5,-83,-124.34,1083.3,6.7441,-48.238187
1981,48.5,-82.244,-124.06,1083.3,6.7307,-48.72536529
1982,48.5,-81.448,-123.8,1083.3,6.7142,-48.93991253
1983,48.5,-80.629,-123.56,1083.5,6.6956,-49.2008975
1984,48.5,-79.794,-123.32,1083.7,6.6753,-49.43832446
1985,48.5,-78.95,-123.1,1083.9,6.6539,-49.65366184
1986,48.5,-78.102,-122.89,1084.2,6.6317,-49.86038005
1987,48.5,-77.25,-122.68,1084.5,6.6087,-50.03255945
1988,49,-83.001,-122.88,1085.8,6.7496,-50.11938214
1989,49,-86.064,-123.39,1088.1,6.8283,-50.21646295
1990,49,-91.616,-124.02,1089.3,6.9691,-50.33723719
1991,49,-90.591,-123.79,1089.7,6.9471,-50.42497851
1992,49,-89.561,-123.57,1090.1,6.9239,-50.45665256
1993,49,-88.53,-123.36,1090.5,6.8994,-50.44858223
1994,49,-87.498,-123.14,1090.9,6.8738,-50.42990705
1995,49,-86.469,-122.93,1091.3,6.8471,-50.4047879
1996,49,-85.444,-122.71,1091.7,6.8193,-50.37366163
1997,49,-84.425,-122.49,1092.1,6.7907,-50.33472161
1998,49,-83.414,-122.27,1092.5,6.7613,-50.3071462
1999,49,-82.413,-122.04,1092.9,6.7314,-50.26252266
2000,49,-81.422,-121.81,1093.3,6.701,-50.26125856
2001,49,-80.442,-121.57,1093.6,6.6704,-50.40734016
2002,49,-79.471,-121.33,1094,6.6395,-50.61823972
2003,49,-78.509,-121.08,1094.4,6.6084,-50.80286093
2004,49,-82.554,-120.51,1095.6,6.7579,-50.91332767
2005,49,-86.668,-121.07,1096.8,6.9335,-50.94665522
2006,49,-85.611,-120.78,1097.3,6.9042,-50.88943229
2007,49,-84.565,-120.49,1097.7,6.8746,-50.74084538
2008,49,-83.532,-120.19,1098.1,6.8449,-50.51526292
2009,49,-82.514,-119.89,1098.5,6.815,-50.23736164
2010,49,-81.511,-119.59,1098.9,6.7849,-49.96869728
2011,49,-80.525,-119.3,1099.3,6.7548,-49.72602473
2012,49,-79.554,-119,1099.7,6.7246,-49.53083706
2013,49,-78.598,-118.72,1100.1,6.6945,-49.37052701
2014,49,-77.656,-118.44,1100.4,6.6645,-49.21872508
2015,49,-76.726,-118.16,1100.8,6.6345,-49.06870471
2016,49,-75.808,-117.9,1101.2,6.6047,-48.91423408
2017,49,-74.902,-117.64,1101.5,6.575,-48.7731998
2018,49.5,-74.007,-117.4,1101.9,6.5453,-48.66368917
2019,49.5,-73.121,-117.16,1102.3,6.5156,-48.53818868
2020,49.5,-72.245,-116.92,1102.6,6.4858,-48.36972826
2021,49.5,-71.379,-116.7,1102.9,6.4559,-48.14132374
2022,49.5,-70.523,-116.48,1103.3,6.4257,-47.84899986
2023,49.5,-69.677,-116.27,1103.6,6.3953,-47.49099777
2024,49.5,-68.844,-116.06,1103.9,6.3645,-47.09257307
2025,49.5,-68.023,-115.85,1104.2,6.3334,-46.66565908
2026,49.5,-72.556,-115.95,1106.9,6.4808,-46.21065848
2027,49.5,-71.682,-115.78,1107.2,6.4466,-45.74354145
2028,49.5,-70.825,-115.6,1107.5,6.4124,-45.26967419
2029,49.5,-69.984,-115.42,1107.8,6.3781,-44.78979423
2030,49.5,-69.159,-115.23,1108.1,6.3439,-44.31256378
2031,49.5,-68.35,-115.05,1108.4,6.3098,-43.84185721
2032,49.5,-67.557,-114.86,1108.7,6.2761,-43.42912003
2033,49.5,-66.78,-114.67,1108.9,6.2426,-43.04941756
2034,49.5,-66.018,-114.47,1109.2,6.2094,-42.6996338
2035,49.5,-65.27,-114.28,1109.5,6.1767,-42.3218635
2036,49.5,-64.536,-114.08,1109.7,6.1444,-41.89237814
2037,49.5,-63.817,-113.88,1110,6.1126,-41.40040625
2038,49.5,-63.113,-113.68,1110.3,6.0815,-171.666116
2039,49.5,-81.357,-114.24,1115.1,6.6438,-44.75533873
2040,49.5,-80.665,-113.92,1114.7,6.6394,-46.18417673
2041,49.5,-79.913,-113.58,1114.6,6.6297,-46.58305459
2042,49.5,-79.117,-113.24,1114.6,6.6165,-46.78177246
2043,49.5,-78.297,-112.91,1114.8,6.601,-47.02872692
2044,49.5,-77.461,-112.58,1115,6.5837,-47.25597206
2045,49.5,-76.615,-112.26,1115.3,6.5651,-47.46215405
2046,49.5,-75.764,-111.93,1115.7,6.5454,-47.65492954
2047,49.5,-74.91,-111.62,1116,6.525,-47.82640955
2048,50,-84.819,-112.47,1119.4,6.7819,-47.96943628
2049,50,-90.427,-112.95,1120.7,6.9217,-48.08319271
2050,50,-89.409,-112.6,1121.2,6.9028,-48.22025317
2051,50,-88.386,-112.26,1121.6,6.8829,-48.33920494
2052,50,-87.358,-111.92,1122.1,6.8619,-48.40516276
2053,50,-86.329,-111.58,1122.6,6.8399,-48.41551465
2054,50,-85.301,-111.25,1123.1,6.8167,-48.40682404
2055,50,-84.274,-110.92,1123.5,6.7925,-48.40172873
2056,50,-83.251,-110.58,1124,6.7673,-48.39669274
2057,50,-82.234,-110.24,1124.5,6.7412,-48.40010431
2058,50,-81.224,-109.9,1124.9,6.7144,-48.39153365
2059,50,-80.223,-109.56,1125.4,6.687,-48.37088356
2060,50,-79.231,-109.21,1125.8,6.659,-48.34122298
2061,50,-78.251,-108.85,1126.2,6.6308,-48.3920601
2062,50,-77.28,-108.5,1126.7,6.6023,-48.5798551
2063,50,-76.319,-108.14,1127.1,6.5736,-48.78916388
2064,50,-80.404,-107.47,1128.4,6.7241,-48.9715737
2065,50,-84.541,-107.92,1129.6,6.8986,-49.09262788
2066,50,-83.487,-107.53,1130.1,6.8716,-49.1423513
2067,50,-82.443,-107.14,1130.5,6.8444,-49.10627956
2068,50,-81.409,-106.74,1131,6.817,-48.98524346
2069,50,-80.389,-106.35,1131.4,6.7894,-48.79277293
2070,50,-79.384,-105.95,1131.9,6.7618,-48.55268485
2071,50,-78.393,-105.56,1132.3,6.734,-48.32144839
2072,50,-77.419,-105.17,1132.7,6.7061,-48.10822329
2073,50,-76.46,-104.79,1133.1,6.6782,-47.93773696
2074,50,-75.516,-104.42,1133.6,6.6504,-47.79480288
2075,50,-74.585,-104.05,1134,6.6227,-47.65408811
2076,50,-73.667,-103.7,1134.4,6.5951,-47.51793912
2077,50,-72.762,-103.35,1134.7,6.5676,-47.37614461
2078,50,-71.869,-103.02,1135.1,6.5402,-47.26309506
2079,50.5,-70.987,-102.69,1135.5,6.5129,-47.16128917
2080,50.5,-70.116,-102.37,1135.9,6.4857,-47.06617632
2081,50.5,-69.254,-102.07,1136.2,6.4583,-46.93061644
2082,50.5,-68.402,-101.77,1136.6,6.4309,-46.7380533
2083,50.5,-67.56,-101.48,1137,6.4033,-46.49250809
2084,50.5,-66.729,-101.19,1137.3,6.3755,-46.18485194
2085,50.5,-65.91,-100.92,1137.6,6.3474,-45.82089916
2086,50.5,-65.103,-100.64,1138,6.3191,-45.43321181
2087,50.5,-69.617,-100.62,1140.8,6.4688,-45.02160079
2088,50.5,-68.758,-100.38,1141.1,6.4374,-44.58633518
2089,50.5,-67.915,-100.15,1141.4,6.4058,-44.13681301
2090,50.5,-67.088,-99.914,1141.7,6.3742,-43.694868
2091,50.5,-66.277,-99.68,1142,6.3427,-43.25551113
2092,50.5,-65.482,-99.445,1142.3,6.3113,-42.80997988
2093,50.5,-64.703,-99.209,1142.6,6.2802,-42.38932564
2094,50.5,-63.939,-98.972,1142.9,6.2493,-42.0204229
2095,50.5,-63.191,-98.733,1143.2,6.2188,-41.69959346
2096,50.5,-62.456,-98.494,1143.4,6.1886,-41.38106257
2097,50.5,-61.736,-98.254,1143.7,6.1589,-41.02177847
2098,50.5,-61.029,-98.014,1144,6.1297,-40.60874918
2099,50.5,-60.337,-97.775,1144.2,6.1011,-40.13286409
2100,50.5,-59.661,-97.536,1144.5,6.0731,-175.4662181
2101,50.5,-77.723,-97.169,1149,6.6432,-44.49764731
2102,50.5,-76.988,-96.42,1148.8,6.6451,-45.54702517
2103,50.5,-76.205,-95.785,1148.7,6.6417,-45.86208401
2104,50.5,-75.392,-95.224,1148.8,6.6345,-46.08901088
2105,50.5,-74.564,-94.728,1149,6.6246,-46.34289
2106,50.5,-73.725,-94.287,1149.2,6.6126,-46.56922061
2107,50.5,-72.882,-93.891,1149.5,6.599,-46.78158811
2108,50.5,-76.254,-94.321,1151.7,6.6875,-46.98836354
2109,50.5,-81.958,-94.373,1153,6.8295,-47.16902438
2110,51,-81.015,-94.015,1153.4,6.8148,-47.29171799
2111,51,-86.578,-94.503,1154.6,6.9586,-47.41963147
2112,51,-85.576,-94.185,1155,6.9444,-47.57071318
2113,51,-84.571,-93.881,1155.5,6.9291,-47.69490906
2114,51,-83.564,-93.589,1155.9,6.9128,-47.76704773
2115,51,-82.556,-93.305,1156.3,6.8955,-47.78983305
2116,51,-81.55,-93.027,1156.7,6.8771,-47.80592633
2117,51,-80.547,-92.752,1157.1,6.8577,-47.81070848
2118,51,-79.549,-92.478,1157.5,6.8374,-47.81528246
2119,51,-78.558,-92.203,1157.9,6.8163,-47.79875822
2120,51,-77.575,-91.926,1158.3,6.7945,-47.79472504
2121,51,-76.602,-91.645,1158.7,6.7723,-47.78848476
2122,51,-75.639,-91.361,1159.1,6.7497,-47.77571221
2123,51,-74.688,-91.073,1159.4,6.727,-47.86587665
2124,51,-73.747,-90.78,1159.8,6.7041,-48.07139157
2125,51,-77.872,-90.161,1161,6.8583,-48.30151731
2126,51,-82.05,-90.706,1162.1,7.0362,-48.48591181
2127,51,-81.019,-90.377,1162.6,7.0154,-48.60614985
2128,51,-79.997,-90.045,1163,6.9945,-48.6546944
2129,51,-78.985,-89.708,1163.4,6.9736,-48.62022502
2130,51,-77.985,-89.37,1163.8,6.9528,-48.50504836
2131,51,-76.997,-89.029,1164.2,6.932,-48.3207963
2132,51,-76.024,-88.689,1164.5,6.9113,-48.09426163
2133,51,-75.066,-88.349,1164.9,6.8907,-47.88076127
2134,51,-74.124,-88.012,1165.3,6.8704,-47.68928176
2135,51,-73.196,-87.68,1165.7,6.8502,-47.54171237
2136,51,-72.281,-87.353,1166,6.8304,-47.41895731
2137,51,-71.38,-87.034,1166.4,6.8109,-47.29894939
2138,51,-70.49,-86.724,1166.8,6.7919,-47.17256383
2139,51,-69.613,-86.422,1167.1,6.7732,-47.03661237
2140,51,-68.747,-86.13,1167.5,6.7551,-46.92459974
2141,51.5,-67.891,-85.846,1167.8,6.7373,-46.84773733
2142,51.5,-67.044,-85.57,1168.1,6.7199,-46.75722871
2143,51.5,-66.207,-85.302,1168.5,6.7027,-46.63029452
2144,51.5,-65.379,-85.042,1168.8,6.6859,-46.4491317
2145,51.5,-64.56,-84.787,1169.1,6.6692,-46.21030664
2146,51.5,-63.751,-84.539,1169.5,6.6527,-45.90864765
2147,51.5,-68.367,-84.518,1172.1,6.818,-45.56480148
2148,51.5,-67.499,-84.309,1172.5,6.7993,-45.19678342
2149,51.5,-66.644,-84.101,1172.8,6.7807,-44.80077045
2150,51.5,-65.803,-83.891,1173.1,6.7623,-44.38295131
2151,51.5,-64.976,-83.68,1173.3,6.7442,-43.9473872
2152,51.5,-64.165,-83.465,1173.6,6.7266,-43.51422377
2153,51.5,-63.368,-83.248,1173.9,6.7094,-43.08240915
2154,51.5,-62.586,-83.027,1174.2,6.6928,-42.64124677
2155,51.5,-61.819,-82.802,1174.5,6.6768,-42.23544988
2156,51.5,-61.066,-82.573,1174.7,6.6616,-41.87292135
2157,51.5,-60.327,-82.34,1175,6.6471,-41.5677553
2158,51.5,-59.6,-82.102,1175.3,6.6334,-41.24710883
2159,51.5,-58.886,-81.861,1175.5,6.6206,-40.87997129
2160,51.5,-58.185,-81.617,1175.8,6.6087,-40.4561641
2161,51.5,-57.497,-81.371,1176,6.5978,-74.71094277
2162,51.5,-66.097,-80.832,1178.9,6.8673,-141.2772812
2163,51.5,-74.719,-80.634,1180.9,7.1821,-44.46720962
2164,51.5,-73.955,-79.976,1180.8,7.2011,-45.23399587
2165,51.5,-73.147,-79.407,1180.8,7.2162,-45.47247032
2166,51.5,-72.314,-78.919,1180.9,7.2285,-45.68572982
2167,51.5,-71.468,-78.494,1181.1,7.2386,-45.91072587
2168,51.5,-70.614,-78.118,1181.3,7.247,-46.10263484
2169,51.5,-69.758,-77.78,1181.5,7.2541,-46.27181232
2170,51.5,-73.1,-78.253,1183.8,7.3772,-46.42603809
2171,51.5,-78.741,-78.353,1185,7.5393,-46.56367702
2172,52,-84.302,-78.856,1186.1,7.7018,-46.67942084
2173,52,-83.295,-78.566,1186.4,7.7094,-46.77581741
2174,52,-82.286,-78.291,1186.8,7.716,-46.89877561
2175,52,-81.276,-78.029,1187.1,7.7216,-46.9939253
2176,52,-80.265,-77.779,1187.5,7.7262,-47.03599472
2177,52,-79.255,-77.539,1187.8,7.7296,-47.02748587
2178,52,-78.247,-77.306,1188.1,7.732,-47.01489414
2179,52,-77.244,-77.078,1188.4,7.7332,-46.98828794
2180,52,-76.248,-76.853,1188.8,7.7333,-46.95902955
2181,52,-75.258,-76.63,1189.1,7.7323,-46.93777482
2182,52,-74.278,-76.408,1189.4,7.7304,-46.90140289
2183,52,-73.307,-76.186,1189.6,7.7275,-46.85726958
2184,52,-72.347,-75.965,1189.9,7.7237,-46.80842151
2185,52,-71.399,-75.745,1190.2,7.7191,-46.83424963
2186,52,-70.462,-75.525,1190.5,7.7137,-46.97700613
2187,52,-74.539,-75.004,1191.5,7.8823,-47.14662561
2188,52,-78.674,-75.622,1192.6,8.0747,-47.29627936
2189,52,-77.65,-75.382,1192.9,8.0687,-47.39250944
2190,52,-76.634,-75.144,1193.2,8.0616,-47.42768062
2191,52,-75.628,-74.907,1193.5,8.0535,-47.38467579
2192,52,-74.634,-74.672,1193.8,8.0444,-47.26627105
2193,52,-73.652,-74.44,1194.1,8.0342,-47.07924042
2194,52,-72.684,-74.212,1194.3,8.023,-46.84154011
2195,52,-71.732,-73.988,1194.6,8.0108,-46.59159794
2196,52,-70.795,-73.768,1194.8,7.9977,-46.35954919
2197,52,-69.874,-73.555,1195.1,7.9837,-46.16416013
2198,52,-68.967,-73.349,1195.3,7.9689,-45.99808751
2199,52,-68.073,-73.15,1195.6,7.9535,-45.83289763
2200,52,-67.194,-72.959,1195.8,7.9375,-45.66566618
2201,52,-66.326,-72.777,1196,7.9211,-45.49097587
2202,52,-65.472,-72.602,1196.3,7.9042,-45.31468595
2203,52,-64.63,-72.435,1196.5,7.8869,-45.16478143
2204,52.5,-63.8,-72.274,1196.7,7.8692,-45.02354073
2205,52.5,-62.98,-72.12,1196.9,7.8512,-44.88558039
2206,52.5,-62.17,-71.971,1197.1,7.8328,-44.71375456
2207,52.5,-61.371,-71.826,1197.3,7.8141,-44.49190763
2208,52.5,-65.973,-71.767,1200,7.9799,-44.22641332
2209,52.5,-65.113,-71.666,1200.1,7.9578,-43.9046603
2210,52.5,-64.267,-71.565,1200.3,7.9354,-43.53956847
2211,52.5,-63.435,-71.464,1200.5,7.9127,-43.16209659
2212,52.5,-62.617,-71.361,1200.7,7.8897,-42.7653581
2213,52.5,-61.814,-71.255,1200.8,7.8665,-42.34630898
2214,52.5,-61.027,-71.147,1201,7.8431,-41.90852082
2215,52.5,-60.254,-71.035,1201.1,7.8198,-41.46852478
2216,52.5,-59.497,-70.919,1201.3,7.7965,-41.03627611
2217,52.5,-58.755,-70.802,1201.4,7.7733,-40.60492432
2218,52.5,-58.028,-70.681,1201.5,7.7504,-40.17317461
2219,52.5,-57.317,-70.557,1201.7,7.7277,-39.79468787
2220,52.5,-56.619,-70.431,1201.8,7.7054,-39.47139477
2221,52.5,-55.935,-70.302,1201.9,7.6835,-39.18567446
2222,52.5,-55.263,-70.172,1202,7.6619,-38.86960213
2223,52.5,-54.603,-70.041,1202.2,7.6409,-38.51436558
2224,52.5,-53.957,-69.908,1202.3,7.6204,-38.11355127
2225,52.5,-53.324,-69.775,1202.4,7.6004,-74.78890635
2226,52.5,-61.738,-69.352,1205.1,7.8516,-143.2215536
2227,52.5,-70.203,-69.638,1207.4,8.1397,-42.59180841
2228,52.5,-69.509,-69.269,1207.2,8.1386,-43.26065014
2229,52.5,-68.78,-68.955,1207.2,8.1345,-43.46268504
2230,52.5,-68.031,-68.679,1207.3,8.1286,-43.60631809
2231,52.5,-67.271,-68.429,1207.3,8.1212,-43.7682601
2232,52.5,-70.651,-68.99,1209.3,8.2168,-43.90834338
2233,52.5,-69.837,-68.762,1209.5,8.2061,-44.03698581
2234,52.5,-75.444,-68.962,1210.5,8.3455,-44.16201447
2235,52.5,-80.988,-69.538,1211.5,8.487,-44.26568745
2236,52.5,-80.079,-69.33,1211.7,8.4805,-44.3491519
2237,53,-79.167,-69.133,1211.9,8.4734,-44.4068367
2238,53,-78.252,-68.946,1212.2,8.4659,-44.49621769
2239,53,-77.335,-68.768,1212.4,8.4578,-44.59262957
2240,53,-76.417,-68.597,1212.7,8.4491,-44.66088241
2241,53,-75.499,-68.432,1212.9,8.4399,-44.6845502
2242,53,-74.581,-68.272,1213.1,8.4302,-44.68647395
2243,53,-73.666,-68.114,1213.4,8.4199,-44.67925958
2244,53,-72.754,-67.958,1213.6,8.409,-44.65715048
2245,53,-71.847,-67.801,1213.8,8.3977,-44.61461236
2246,53,-70.947,-67.643,1214,8.3861,-44.55874068
2247,53,-70.055,-67.484,1214.2,8.3742,-44.5201966
2248,53,-69.171,-67.324,1214.5,8.3622,-44.47443009
2249,53,-68.296,-67.162,1214.7,8.3502,-44.42710223
2250,53,-67.432,-66.999,1214.9,8.3382,-44.46164764
2251,53,-76.587,-67.389,1216.6,8.6873,-44.58916132
2252,53,-75.636,-67.202,1216.8,8.6778,-44.76810425
2253,53,-74.69,-67.016,1217,8.6685,-44.92728757
2254,53,-73.751,-66.83,1217.3,8.6595,-45.04518418
2255,53,-72.82,-66.646,1217.5,8.6508,-45.11112112
2256,53,-71.897,-66.462,1217.7,8.6425,-45.12166393
2257,53,-70.984,-66.28,1218,8.6347,-45.06636629
2258,53,-70.082,-66.1,1218.2,8.6274,-44.95028113
2259,53,-69.192,-65.923,1218.4,8.6208,-44.78111541
2260,53,-68.315,-65.749,1218.6,8.6148,-44.5869427
2261,53,-67.452,-65.58,1218.8,8.6096,-44.3891941
2262,53,-66.603,-65.418,1219,8.6052,-44.21517789
2263,53,-65.768,-65.263,1219.2,8.6017,-44.08574319
2264,53,-64.945,-65.116,1219.4,8.5993,-43.96332272
2265,53,-64.135,-64.978,1219.6,8.598,-43.8385031
2266,53,-63.337,-64.851,1219.8,8.598,-43.70696171
2267,53,-62.55,-64.733,1220,8.5993,-43.56513413
2268,53,-61.776,-64.626,1220.2,8.6019,-43.43150099
2269,53,-61.012,-64.528,1220.4,8.6059,-43.30792703
2270,53.5,-65.779,-64.429,1222.9,8.8001,-43.22791962
2271,53.5,-64.954,-64.384,1223.1,8.8047,-43.12478563
2272,53.5,-64.14,-64.347,1223.3,8.8107,-42.99304254
2273,53.5,-63.337,-64.316,1223.5,8.8182,-42.82182173
2274,53.5,-62.546,-64.292,1223.6,8.8271,-42.60452693
2275,53.5,-61.766,-64.273,1223.8,8.8374,-42.34498817
2276,53.5,-60.998,-64.257,1224,8.8491,-42.06297522
2277,53.5,-60.243,-64.244,1224.1,8.8622,-41.75695501
2278,53.5,-59.501,-64.233,1224.3,8.8766,-41.4303193
2279,53.5,-58.772,-64.224,1224.4,8.8924,-41.08403261
2280,53.5,-58.057,-64.216,1224.5,8.9094,-40.71640042
2281,53.5,-57.356,-64.209,1224.7,8.9279,-40.34139788
2282,53.5,-56.669,-64.202,1224.8,8.9476,-39.97033594
2283,53.5,-55.996,-64.198,1224.9,8.9685,-39.6005461
2284,53.5,-55.336,-64.194,1225.1,8.9907,-39.22946723
2285,53.5,-54.691,-64.192,1225.2,9.014,-38.90942351
2286,53.5,-54.058,-64.191,1225.3,9.0383,-38.62289047
2287,53.5,-53.438,-64.193,1225.4,9.0635,-38.38263575
2288,53.5,-52.83,-64.197,1225.5,9.0894,-38.11317098
2289,53.5,-52.234,-64.204,1225.6,9.1159,-37.80576061
2290,53.5,-51.651,-64.213,1225.8,9.1429,-37.45398743
2291,53.5,-51.08,-64.226,1225.9,9.1701,-37.05212935
2292,53.5,-50.522,-64.241,1226,9.1974,-180.27313
2293,53.5,-67.747,-64.515,1231,9.7894,-41.68913688
2294,53.5,-67.143,-64.273,1231,9.8296,-42.38123355
2295,53.5,-66.503,-64.094,1231,9.8666,-42.59436761
2296,53.5,-65.843,-63.957,1231.1,9.901,-42.73305546
2297,53.5,-65.172,-63.848,1231.2,9.9326,-42.88035477
2298,53.5,-68.551,-64.531,1233.4,10.079,-43.01886127
2299,53.5,-67.828,-64.443,1233.5,10.103,-43.14076686
2300,53.5,-73.413,-64.766,1234.6,10.272,-43.2581317
2301,53.5,-78.941,-65.448,1235.6,10.441,-43.36104458
2302,53.5,-78.129,-65.363,1235.8,10.462,-43.44469565
2303,54,-77.315,-65.276,1236,10.479,-43.53685476
2304,54,-76.499,-65.185,1236.3,10.492,-43.62520516
2305,54,-75.683,-65.085,1236.5,10.5,-43.73504326
2306,54,-74.865,-64.971,1236.8,10.505,-43.82065238
2307,54,-74.048,-64.837,1237.1,10.505,-43.86409805
2308,54,-73.232,-64.679,1237.3,10.501,-43.88815535
2309,54,-72.419,-64.492,1237.5,10.493,-43.90275559
2310,54,-71.609,-64.269,1237.8,10.481,-43.89858304
2311,54,-70.804,-64.008,1238,10.466,-43.87807246
2312,54,-70.004,-63.707,1238.3,10.447,-43.86213305
2313,54,-69.212,-63.364,1238.5,10.425,-43.83969609
2314,54,-68.428,-62.981,1238.7,10.401,-43.80899883
2315,54,-67.653,-62.56,1238.9,10.375,-43.77120042
2316,54,-66.888,-62.106,1239.2,10.347,-43.77598094
2317,54,-75.995,-62.187,1240.9,10.673,-43.88171072
2318,54,-75.146,-61.664,1241.1,10.646,-44.04955898
2319,54,-74.302,-61.129,1241.4,10.619,-44.22351344
2320,54,-73.464,-60.589,1241.6,10.591,-44.36888949
2321,54,-72.633,-60.052,1241.9,10.563,-44.47016356
2322,54,-71.809,-59.525,1242.1,10.535,-44.51464522
2323,54,-70.994,-59.013,1242.4,10.507,-44.49823848
2324,54,-70.188,-58.521,1242.6,10.479,-44.41823144
2325,54,-69.393,-58.054,1242.8,10.451,-44.2822706
2326,54,-68.609,-57.615,1243.1,10.424,-44.11146977
2327,54,-67.839,-57.206,1243.3,10.397,-43.92197867
2328,54,-67.08,-56.83,1243.5,10.37,-43.74578076
2329,54,-66.336,-56.489,1243.8,10.343,-43.60125621
2330,54,-65.603,-56.183,1244,10.317,-43.47642411
2331,54,-64.882,-55.914,1244.2,10.291,-43.35052742
2332,54,-64.172,-55.68,1244.4,10.265,-43.22313667
2333,54,-63.474,-55.482,1244.6,10.24,-43.0846967
2334,54,-62.786,-55.319,1244.8,10.215,-42.95498157
2335,54,-67.597,-55.043,1247.5,10.383,-42.82820224
2336,54.5,-66.848,-54.982,1247.7,10.356,-42.70518133
2337,54.5,-66.111,-54.951,1247.8,10.329,-42.60490774
2338,54.5,-65.384,-54.949,1248,10.303,-42.48348976
2339,54.5,-64.667,-54.972,1248.2,10.277,-42.33082545
2340,54.5,-63.959,-55.019,1248.4,10.25,-42.14650746
2341,54.5,-63.262,-55.087,1248.6,10.223,-41.91395633
2342,54.5,-62.576,-55.173,1248.8,10.197,-41.64698939
2343,54.5,-61.901,-55.273,1248.9,10.169,-41.36482976
2344,54.5,-61.237,-55.387,1249.1,10.142,-41.05814611
2345,54.5,-60.584,-55.511,1249.3,10.114,-40.72730701
2346,54.5,-59.943,-55.645,1249.4,10.086,-40.3771395
2347,54.5,-59.315,-55.787,1249.5,10.057,-40.02372062
2348,54.5,-58.698,-55.934,1249.7,10.028,-39.6637778
2349,54.5,-58.094,-56.086,1249.8,9.9987,-39.29814676
2350,54.5,-57.502,-56.243,1250,9.9691,-38.92917196
2351,54.5,-56.922,-56.402,1250.1,9.9394,-38.578851
2352,54.5,-56.354,-56.564,1250.2,9.9094,-38.27138814
2353,54.5,-55.798,-56.728,1250.3,9.8794,-38.01685573
2354,54.5,-55.251,-56.893,1250.5,9.8492,-37.78187859
2355,54.5,-54.715,-57.059,1250.6,9.8191,-37.51465673
2356,54.5,-54.189,-57.228,1250.7,9.7889,-37.20941046
2357,54.5,-53.672,-57.398,1250.8,9.7589,-36.86000576
2358,54.5,-53.167,-57.57,1251,9.7291,-180.5686072
2359,54.5,-70.263,-58.172,1256.1,10.243,-40.00009303
2360,54.5,-69.755,-58.018,1256,10.23,-41.64614145
2361,54.5,-69.193,-57.921,1256,10.213,-42.19703084
2362,54.5,-68.595,-57.892,1256,10.194,-42.40731054
2363,54.5,-72.001,-58.713,1258,10.279,-42.56116505
2364,54.5,-71.33,-58.743,1258.1,10.256,-42.7283213
2365,54.5,-70.651,-58.805,1258.3,10.231,-42.89451973
2366,54.5,-69.967,-58.891,1258.4,10.206,-43.0514444
2367,54.5,-81.761,-60.153,1260.2,10.469,-43.19047025
2368,54.5,-80.99,-60.26,1260.5,10.448,-43.31096776
2369,54.5,-80.214,-60.385,1260.7,10.425,-43.41663742
2370,55,-79.432,-60.527,1261,10.401,-43.51298308
2371,55,-78.646,-60.685,1261.2,10.376,-43.62812121
2372,55,-77.855,-60.856,1261.5,10.35,-43.76074677
2373,55,-77.061,-61.04,1261.7,10.323,-43.86321037
2374,55,-76.264,-61.234,1262,10.294,-43.93497647
2375,55,-75.465,-61.435,1262.3,10.264,-43.9954589
2376,55,-74.666,-61.64,1262.5,10.233,-44.03782503
2377,55,-73.868,-61.845,1262.8,10.201,-44.06086061
2378,55,-73.071,-62.049,1263,10.168,-44.05791239
2379,55,-72.278,-62.25,1263.2,10.133,-44.05436146
2380,55,-71.49,-62.447,1263.5,10.098,-44.06503557
2381,55,-70.707,-62.638,1263.7,10.062,-44.06002288
2382,55,-69.93,-62.823,1264,10.025,-44.07360941
2383,55,-74.163,-63.873,1264.9,10.173,-44.18300348
2384,55,-78.15,-63.716,1265.9,10.302,-44.37565227
2385,55,-77.291,-63.855,1266.2,10.266,-44.59542424
2386,55,-76.436,-63.984,1266.4,10.23,-44.79771716
2387,55,-75.584,-64.104,1266.7,10.193,-44.95614686
2388,55,-74.737,-64.214,1267,10.157,-45.06062648
2389,55,-73.896,-64.314,1267.2,10.12,-45.10033675
2390,55,-73.062,-64.404,1267.5,10.083,-45.07411165
2391,55,-72.237,-64.484,1267.7,10.046,-44.9867615
2392,55,-71.421,-64.557,1268,10.009,-44.84831695
2393,55,-70.615,-64.623,1268.2,9.9717,-44.68647127
2394,55,-69.821,-64.684,1268.5,9.9347,-44.52238982
2395,55,-69.038,-64.74,1268.7,9.8977,-44.39541977
2396,55,-68.267,-64.795,1268.9,9.8607,-44.30329035
2397,55,-67.505,-64.849,1269.2,9.8238,-44.21165383
2398,55,-66.753,-64.903,1269.4,9.7869,-44.11387524
2399,55,-66.011,-64.959,1269.6,9.7501,-44.00448049
2400,55,-70.846,-64.905,1272.2,9.9063,-43.88860466
2401,55,-70.039,-65.001,1272.4,9.8673,-43.78123339
2402,55,-69.243,-65.098,1272.6,9.8283,-43.68342406
2403,55.5,-68.456,-65.199,1272.9,9.7892,-43.60544287
2404,55.5,-67.678,-65.301,1273.1,9.7499,-43.50778642
2405,55.5,-66.91,-65.405,1273.3,9.7104,-43.38170547
2406,55.5,-66.15,-65.509,1273.5,9.6707,-43.21346072
2407,55.5,-65.399,-65.614,1273.7,9.6306,-43.0019781
2408,55.5,-64.658,-65.717,1273.9,9.5901,-42.7611503
2409,55.5,-63.927,-65.818,1274.1,9.5492,-42.49323535
2410,55.5,-63.207,-65.916,1274.2,9.5079,-42.19772662
2411,55.5,-62.498,-66.01,1274.4,9.4661,-41.87548947
2412,55.5,-61.801,-66.1,1274.6,9.424,-41.53224757
2413,55.5,-61.115,-66.185,1274.7,9.3817,-41.18232133
2414,55.5,-60.441,-66.266,1274.9,9.3391,-40.82206281
2415,55.5,-59.78,-66.341,1275.1,9.2963,-40.45901941
2416,55.5,-59.131,-66.411,1275.2,9.2535,-40.09503289
2417,55.5,-58.494,-66.476,1275.3,9.2108,-39.76857321
2418,55.5,-57.869,-66.537,1275.5,9.1681,-39.46944341
2419,55.5,-57.256,-66.594,1275.6,9.1256,-39.22938557
2420,55.5,-56.652,-66.647,1275.8,9.0832,-38.97423014
2421,55.5,-56.06,-66.696,1275.9,9.0411,-38.67799485
2422,55.5,-55.478,-66.742,1276,8.9993,-38.33410027
2423,55.5,-54.907,-66.785,1276.2,8.958,-37.93683554
2424,55.5,-54.347,-66.826,1276.3,8.917,-180.0098156
2425,55.5,-71.42,-67.096,1281.3,9.4351,-42.58173777
2426,55.5,-70.819,-66.81,1281.3,9.4098,-43.36575739
2427,55.5,-70.176,-66.6,1281.3,9.3824,-43.6151564
2428,55.5,-69.51,-66.441,1281.4,9.3534,-43.76641283
2429,55.5,-68.83,-66.315,1281.5,9.3232,-43.93397926
2430,55.5,-68.142,-66.214,1281.6,9.2922,-44.10075511
2431,55.5,-71.358,-66.886,1283.7,9.3763,-44.26084662
2432,55.5,-76.884,-67.211,1284.8,9.4883,-44.40730454
2433,55.5,-82.348,-67.896,1285.8,9.6029,-44.53160704
2434,55.5,-81.518,-67.827,1286,9.5736,-44.63890097
2435,56,-80.683,-67.77,1286.3,9.5436,-44.75227514
2436,56,-79.844,-67.722,1286.5,9.5129,-44.86091853
2437,56,-79.002,-67.683,1286.8,9.4817,-44.98587369
2438,56,-78.156,-67.651,1287,9.4496,-45.08101376
2439,56,-77.309,-67.624,1287.3,9.4169,-45.14433194
2440,56,-76.46,-67.601,1287.6,9.3834,-45.19780841
2441,56,-75.612,-67.579,1287.8,9.3491,-45.22735511
2442,56,-74.766,-67.556,1288.1,9.314,-45.24094671
2443,56,-73.923,-67.532,1288.3,9.2782,-45.25812727
2444,56,-73.085,-67.505,1288.5,9.2416,-45.2586993
2445,56,-72.253,-67.476,1288.8,9.2045,-45.26235339
2446,56,-71.427,-67.444,1289,9.1669,-45.25272463
2447,56,-70.609,-67.41,1289.2,9.1289,-45.26786415
2448,56,-69.799,-67.372,1289.4,9.0906,-45.39030175
2449,56,-78.743,-67.893,1291.2,9.4061,-45.58530015
2450,56,-77.843,-67.829,1291.4,9.3694,-45.79618089
2451,56,-76.947,-67.763,1291.7,9.3324,-45.98160989
2452,56,-76.057,-67.697,1292,9.295,-46.11436586
2453,56,-75.173,-67.63,1292.2,9.2574,-46.18196866
2454,56,-74.296,-67.564,1292.5,9.2195,-46.17798172
2455,56,-73.428,-67.498,1292.7,9.1815,-46.10513996
2456,56,-72.57,-67.433,1293,9.1433,-45.97230742
2457,56,-71.724,-67.372,1293.2,9.1049,-45.79895087
2458,56,-70.889,-67.315,1293.4,9.0664,-45.61434331
2459,56,-70.067,-67.263,1293.7,9.0277,-45.44610121
2460,56,-69.258,-67.22,1293.9,8.989,-45.30255983
2461,56,-68.461,-67.186,1294.1,8.9503,-45.1883708
2462,56,-67.674,-67.162,1294.3,8.9116,-45.07655072
2463,56,-66.899,-67.148,1294.6,8.873,-44.95867714
2464,56,-66.133,-67.146,1294.8,8.8346,-44.83001664
2465,56,-65.378,-67.156,1295,8.7962,-44.70620745
2466,56,-70.028,-67.045,1297.6,8.9507,-44.5853988
2467,56.5,-69.21,-67.113,1297.9,8.91,-44.48926764
2468,56.5,-68.402,-67.189,1298.1,8.8695,-44.37756911
2469,56.5,-67.603,-67.272,1298.3,8.829,-44.23974919
2470,56.5,-66.814,-67.361,1298.5,8.7885,-44.07238522
2471,56.5,-66.036,-67.452,1298.7,8.748,-43.85362164
2472,56.5,-65.267,-67.544,1298.8,8.7075,-43.59421517
2473,56.5,-64.51,-67.637,1299,8.6669,-43.3124779
2474,56.5,-63.764,-67.728,1299.2,8.6263,-42.9993512
2475,56.5,-63.03,-67.816,1299.4,8.5856,-42.65723237
2476,56.5,-62.309,-67.9,1299.5,8.5449,-42.2982376
2477,56.5,-61.6,-67.978,1299.7,8.5043,-41.93484801
2478,56.5,-60.904,-68.052,1299.8,8.4638,-41.55913508
2479,56.5,-60.221,-68.121,1300,8.4235,-41.16953895
2480,56.5,-59.551,-68.185,1300.1,8.3835,-40.77767125
2481,56.5,-58.895,-68.243,1300.2,8.3439,-40.40429694
2482,56.5,-58.251,-68.295,1300.4,8.3046,-40.07852384
2483,56.5,-57.62,-68.344,1300.5,8.2658,-39.80489141
2484,56.5,-57.001,-68.389,1300.6,8.2275,-39.54392034
2485,56.5,-56.392,-68.431,1300.8,8.1897,-39.24226661
2486,56.5,-55.795,-68.47,1300.9,8.1525,-38.8925617
2487,56.5,-55.21,-68.509,1301,8.1159,-38.48772412
2488,56.5,-54.637,-68.546,1301.2,8.08,-179.3809015
2489,56.5,-71.752,-68.869,1306.2,8.5961,-42.71068441
2490,56.5,-71.166,-68.579,1306.1,8.5774,-43.85558354
2491,56.5,-70.526,-68.369,1306.1,8.5561,-44.22943427
2492,56.5,-69.855,-68.213,1306.1,8.5331,-44.41253024
2493,56.5,-69.167,-68.09,1306.2,8.509,-44.60107864
2494,56.5,-68.467,-67.994,1306.3,8.4842,-44.81197442
2495,56.5,-71.623,-68.681,1308.4,8.561,-45.00534309
2496,56.5,-70.869,-68.607,1308.5,8.5337,-45.17727391
2497,56.5,-82.589,-69.706,1310.4,8.7997,-45.32401331
2498,56.5,-81.743,-69.637,1310.6,8.7775,-45.45410533
2499,57,-80.89,-69.581,1310.9,8.7548,-45.54893709
2500,57,-80.033,-69.536,1311.2,8.7316,-45.66155799
2501,57,-79.172,-69.499,1311.4,8.7079,-45.79247626
2502,57,-78.307,-69.471,1311.7,8.6835,-45.89792683
2503,57,-77.439,-69.45,1311.9,8.6584,-45.9738285
2504,57,-76.57,-69.432,1312.2,8.6327,-46.03505337
2505,57,-75.701,-69.416,1312.4,8.6062,-46.07751862
2506,57,-74.833,-69.399,1312.7,8.5789,-46.09520517
2507,57,-73.968,-69.38,1312.9,8.551,-46.09799549
2508,57,-73.108,-69.358,1313.2,8.5225,-46.10918228
2509,57,-72.254,-69.332,1313.4,8.4935,-46.11680362
2510,57,-71.407,-69.303,1313.6,8.464,-46.13112818
2511,57,-70.568,-69.27,1313.9,8.4342,-46.19350616
2512,57,-69.736,-69.233,1314.1,8.4042,-46.37000285
2513,57,-78.634,-69.745,1315.8,8.7285,-46.59298606
2514,57,-77.71,-69.678,1316.1,8.7002,-46.81385563
2515,57,-76.79,-69.608,1316.4,8.6717,-46.99632181
2516,57,-75.875,-69.536,1316.6,8.643,-47.11487829
2517,57,-74.966,-69.46,1316.9,8.6141,-47.15939057
2518,57,-74.066,-69.382,1317.2,8.585,-47.12997023
2519,57,-73.175,-69.303,1317.4,8.5559,-47.03036177
2520,57,-72.295,-69.223,1317.7,8.5266,-46.86981182
2521,57,-71.427,-69.143,1317.9,8.4972,-46.67839019
2522,57,-70.571,-69.065,1318.1,8.4678,-46.49345927
2523,57,-69.728,-68.989,1318.4,8.4383,-46.34034568
2524,57,-68.897,-68.918,1318.6,8.4088,-46.21703832
2525,57,-68.078,-68.852,1318.8,8.3794,-46.11079062
2526,57,-67.269,-68.793,1319.1,8.3501,-45.99910341
2527,57,-66.472,-68.741,1319.3,8.3209,-45.87630188
2528,57,-65.684,-68.697,1319.5,8.2918,-45.74134003
2529,57,-64.907,-68.661,1319.7,8.2629,-45.62035321
2530,57.5,-64.14,-68.633,1319.9,8.2341,-45.48995431
2531,57.5,-68.631,-68.623,1322.5,8.3936,-45.38064097
2532,57.5,-67.799,-68.646,1322.7,8.3624,-45.25150919
2533,57.5,-66.976,-68.674,1322.9,8.3312,-45.08772494
2534,57.5,-66.163,-68.708,1323.1,8.2998,-44.87863044
2535,57.5,-65.361,-68.745,1323.3,8.2683,-44.62991382
2536,57.5,-64.569,-68.785,1323.5,8.2365,-44.34821721
2537,57.5,-63.79,-68.826,1323.6,8.2045,-44.03273947
2538,57.5,-63.022,-68.865,1323.8,8.1723,-43.68604446
2539,57.5,-62.266,-68.902,1324,8.14,-43.31683716
2540,57.5,-61.524,-68.937,1324.1,8.1075,-42.93791309
2541,57.5,-60.795,-68.968,1324.3,8.0749,-42.54959197
2542,57.5,-60.079,-68.996,1324.4,8.0424,-42.14797196
2543,57.5,-59.376,-69.019,1324.6,8.01,-41.74807341
2544,57.5,-58.687,-69.04,1324.7,7.9778,-41.36181455
2545,57.5,-58.012,-69.058,1324.9,7.9458,-41.02808838
2546,57.5,-57.349,-69.074,1325,7.9142,-40.72787486
2547,57.5,-56.698,-69.088,1325.1,7.8828,-40.44146534
2548,57.5,-56.058,-69.1,1325.2,7.8519,-40.11264006
2549,57.5,-55.431,-69.111,1325.4,7.8214,-39.73333814
2550,57.5,-54.815,-69.121,1325.5,7.7914,-39.29414648
2551,57.5,-54.213,-69.131,1325.6,7.7621,-178.3980224
2552,57.5,-71.32,-69.424,1330.6,8.2911,-43.73638852
2553,57.5,-70.702,-69.149,1330.5,8.278,-44.61380479
2554,57.5,-70.033,-68.942,1330.5,8.2628,-44.89598834
2555,57.5,-69.335,-68.782,1330.5,8.246,-45.06502998
2556,57.5,-68.621,-68.653,1330.6,8.2282,-45.26246071
2557,57.5,-67.896,-68.547,1330.7,8.2095,-45.46239267
2558,57.5,-67.165,-68.459,1330.9,8.1903,-45.64676687
2559,57.5,-66.431,-68.389,1331,8.1706,-45.80594639
2560,57.5,-75.686,-69.456,1334.2,8.4136,-45.94457748
2561,57.5,-81.053,-70.136,1335.2,8.543,-46.06066565
2562,58,-80.171,-70.065,1335.4,8.526,-46.16794383
2563,58,-79.285,-70.004,1335.7,8.5084,-46.28190686
2564,58,-78.395,-69.952,1336,8.4902,-46.383649
2565,58,-77.502,-69.909,1336.2,8.4713,-46.45392563
2566,58,-76.608,-69.872,1336.5,8.4517,-46.508702
2567,58,-75.714,-69.84,1336.7,8.4314,-46.5389472
2568,58,-74.821,-69.81,1337,8.4104,-46.55633875
2569,58,-73.932,-69.781,1337.2,8.3887,-46.57690621
2570,58,-73.047,-69.752,1337.4,8.3664,-46.58375303
2571,58,-72.168,-69.722,1337.7,8.3437,-46.5783468
2572,58,-71.298,-69.689,1337.9,8.3205,-46.57114568
2573,58,-70.435,-69.654,1338.1,8.2971,-46.58473398
2574,58,-69.582,-69.615,1338.4,8.2735,-46.67653205
2575,58,-68.738,-69.574,1338.6,8.2497,-46.85899556
2576,58,-77.549,-70.076,1340.3,8.5808,-47.0699075
2577,58,-76.612,-70.005,1340.6,8.5591,-47.25909404
2578,58,-75.682,-69.932,1340.9,8.5373,-47.3904642
2579,58,-74.759,-69.858,1341.1,8.5154,-47.45199195
2580,58,-73.845,-69.782,1341.4,8.4935,-47.43652239
2581,58,-72.942,-69.706,1341.6,8.4717,-47.34784374
2582,58,-72.051,-69.63,1341.9,8.45,-47.19294415
2583,58,-71.173,-69.555,1342.1,8.4283,-46.98658965
2584,58,-70.309,-69.482,1342.3,8.4067,-46.77179301
2585,58,-69.459,-69.412,1342.6,8.3854,-46.57472339
2586,58,-68.624,-69.348,1342.8,8.3642,-46.39867973
2587,58,-67.804,-69.29,1343,8.3433,-46.25582326
2588,58,-66.997,-69.24,1343.2,8.3228,-46.12992282
2589,58,-66.202,-69.199,1343.4,8.3027,-45.9971553
2590,58,-65.42,-69.168,1343.6,8.2831,-45.85028462
2591,58,-64.649,-69.145,1343.8,8.264,-45.70219558
2592,58,-63.891,-69.13,1344,8.2455,-45.55775112
2593,58.5,-63.143,-69.123,1344.2,8.2274,-45.43437947
2594,58.5,-62.407,-69.124,1344.4,8.2099,-45.29015138
2595,58.5,-61.681,-69.132,1344.6,8.1929,-45.12560521
2596,58.5,-65.917,-69.188,1347.2,8.3595,-44.91590277
2597,58.5,-65.132,-69.245,1347.4,8.3409,-44.65656716
2598,58.5,-64.361,-69.307,1347.6,8.3228,-44.37047446
2599,58.5,-63.602,-69.371,1347.7,8.3053,-44.04965921
2600,58.5,-62.857,-69.437,1347.9,8.2885,-43.69244387
2601,58.5,-62.126,-69.501,1348.1,8.2723,-43.3188924
2602,58.5,-61.41,-69.563,1348.2,8.2571,-42.93566892
2603,58.5,-60.709,-69.623,1348.3,8.2428,-42.53893824
2604,58.5,-60.022,-69.681,1348.5,8.2296,-42.1292942
2605,58.5,-59.351,-69.734,1348.6,8.2178,-41.70904349
2606,58.5,-58.694,-69.783,1348.7,8.2074,-41.28975408
2607,58.5,-58.053,-69.827,1348.9,8.1986,-40.91168166
2608,58.5,-57.427,-69.866,1349,8.1914,-40.57805791
2609,58.5,-56.814,-69.9,1349.1,8.1861,-40.27225656
2610,58.5,-56.214,-69.929,1349.2,8.1827,-39.95836483
2611,58.5,-55.628,-69.954,1349.3,8.1812,-39.60185491
2612,58.5,-55.055,-69.974,1349.5,8.1819,-39.19213833
2613,58.5,-54.496,-69.989,1349.6,8.1848,-75.50728862
2614,58.5,-62.771,-69.469,1352.1,8.4561,-144.3896044
2615,58.5,-71.044,-70.085,1354.4,8.755,-43.86872695
2616,58.5,-70.463,-69.839,1354.3,8.7788,-44.48790131
2617,58.5,-69.839,-69.652,1354.3,8.8023,-44.72046375
2618,58.5,-69.193,-69.501,1354.3,8.8262,-44.92308451
2619,58.5,-68.532,-69.374,1354.4,8.8507,-45.15466305
2620,58.5,-67.863,-69.266,1354.5,8.8763,-45.37517568
2621,58.5,-70.935,-69.946,1356.6,9.0045,-45.57256102
2622,58.5,-76.43,-70.245,1357.6,9.177,-45.7471526
2623,58.5,-81.83,-70.877,1358.6,9.3529,-45.89895394
2624,59,-81.014,-70.769,1358.9,9.387,-45.99309201
2625,59,-80.194,-70.67,1359.1,9.4219,-46.10429112
2626,59,-79.371,-70.578,1359.3,9.4574,-46.22359293
2627,59,-78.545,-70.494,1359.6,9.4932,-46.32274201
2628,59,-77.717,-70.416,1359.8,9.5292,-46.40127821
2629,59,-76.889,-70.344,1360.1,9.5652,-46.46029886
2630,59,-76.062,-70.276,1360.3,9.6011,-46.50182003
2631,59,-75.237,-70.21,1360.5,9.6365,-46.51706866
2632,59,-74.416,-70.148,1360.8,9.6714,-46.53257794
2633,59,-73.601,-70.087,1361,9.7057,-46.54136782
2634,59,-72.793,-70.027,1361.2,9.7394,-46.54490561
2635,59,-71.993,-69.969,1361.4,9.7721,-46.57521861
2636,59,-71.202,-69.913,1361.6,9.804,-46.65759661
2637,59,-70.42,-69.859,1361.9,9.8346,-46.81367424
2638,59,-74.411,-69.499,1362.8,10.029,-47.03334233
2639,59,-78.391,-70.272,1363.8,10.244,-47.24340959
2640,59,-77.525,-70.203,1364.1,10.272,-47.42203165
2641,59,-76.664,-70.138,1364.3,10.299,-47.53748197
2642,59,-75.811,-70.078,1364.6,10.323,-47.57729511
2643,59,-74.967,-70.022,1364.8,10.345,-47.53999673
2644,59,-74.133,-69.972,1365.1,10.364,-47.43137984
2645,59,-73.31,-69.93,1365.3,10.38,-47.26084041
2646,59,-72.5,-69.896,1365.5,10.394,-47.05033097
2647,59,-71.704,-69.873,1365.8,10.405,-46.86233381
2648,59,-70.921,-69.862,1366,10.413,-46.69230976
2649,59,-70.151,-69.866,1366.2,10.418,-46.55090643
2650,59,-69.393,-69.885,1366.4,10.42,-46.42697014
2651,59,-68.647,-69.92,1366.6,10.419,-46.31371187
2652,59,-67.911,-69.973,1366.8,10.415,-46.19719527
2653,59,-67.186,-70.044,1367,10.408,-46.06400113
2654,59,-66.471,-70.135,1367.2,10.398,-45.93154739
2655,59.5,-65.765,-70.245,1367.4,10.386,-45.80893826
2656,59.5,-65.069,-70.374,1367.6,10.371,-45.69485015
2657,59.5,-64.381,-70.524,1367.8,10.353,-45.56543159
2658,59.5,-63.701,-70.695,1368,10.332,-45.3955339
2659,59.5,-67.877,-71.015,1370.5,10.49,-45.18638426
2660,59.5,-67.136,-71.261,1370.7,10.461,-44.94331719
2661,59.5,-66.407,-71.529,1370.9,10.429,-44.66112352
2662,59.5,-65.688,-71.816,1371,10.394,-44.33897081
2663,59.5,-64.982,-72.125,1371.2,10.356,-43.9959846
2664,59.5,-64.287,-72.456,1371.3,10.315,-43.63970595
2665,59.5,-63.605,-72.811,1371.5,10.271,-43.26921139
2666,59.5,-62.936,-73.188,1371.6,10.224,-42.88550608
2667,59.5,-62.28,-73.589,1371.8,10.173,-42.50141667
2668,59.5,-61.636,-74.014,1371.9,10.119,-42.10454383
2669,59.5,-61.005,-74.461,1372.1,10.062,-41.73461367
2670,59.5,-60.387,-74.932,1372.2,10.001,-41.42434095
2671,59.5,-59.781,-75.424,1372.3,9.9372,-41.13258047
2672,59.5,-59.185,-75.937,1372.5,9.8698,-40.82675278
2673,59.5,-58.601,-76.469,1372.6,9.7993,-40.48691938
2674,59.5,-58.029,-77.017,1372.7,9.7257,-40.08798244
2675,59.5,-57.468,-77.579,1372.9,9.6492,-188.6595334
2676,59.5,-74.544,-78.518,1377.8,10.117,-43.29921633
2677,59.5,-74.01,-78.825,1377.7,10.052,-44.72889049
2678,59.5,-73.414,-79.186,1377.6,9.9823,-45.23055548
2679,59.5,-72.78,-79.593,1377.7,9.9085,-45.46640496
2680,59.5,-72.124,-80.029,1377.7,9.8314,-45.73450809
2681,59.5,-71.454,-80.483,1377.9,9.7517,-46.0085935
2682,59.5,-70.775,-80.947,1378,9.6699,-46.2701736
2683,59.5,-70.091,-81.416,1378.2,9.5866,-46.51074482
2684,59.5,-79.308,-83.059,1381.3,9.7642,-46.73014771
2685,59.5,-84.688,-84.213,1382.3,9.8264,-46.9090481
2686,60,-83.854,-84.629,1382.6,9.7449,-47.06831265
2687,60,-83.014,-85.035,1382.8,9.6631,-47.23095014
2688,60,-82.168,-85.43,1383.1,9.5812,-47.36998134
2689,60,-81.319,-85.812,1383.4,9.4994,-47.49116296
2690,60,-80.466,-86.177,1383.7,9.4179,-47.59532321
2691,60,-79.612,-86.525,1383.9,9.3368,-47.68058799
2692,60,-78.758,-86.852,1384.2,9.2565,-47.76469086
2693,60,-77.906,-87.157,1384.4,9.177,-47.83539653
2694,60,-77.057,-87.437,1384.7,9.0987,-47.88909929
2695,60,-76.215,-87.693,1384.9,9.0217,-47.93389057
2696,60,-75.379,-87.922,1385.2,8.9463,-48.0095421
2697,60,-74.552,-88.126,1385.4,8.8725,-48.12747751
2698,60,-73.733,-88.305,1385.7,8.8005,-48.30540876
2699,60,-72.921,-88.461,1385.9,8.7304,-48.57497219
2700,60,-76.863,-88.299,1386.9,8.8286,-48.82323516
2701,60,-80.773,-89.205,1388,8.9509,-49.03994159
2702,60,-79.871,-89.27,1388.3,8.8885,-49.18859287
2703,60,-78.976,-89.314,1388.5,8.8278,-49.24978615
2704,60,-78.089,-89.341,1388.8,8.7686,-49.2248735
2705,60,-77.213,-89.353,1389.1,8.7111,-49.12072999
2706,60,-76.348,-89.351,1389.4,8.655,-48.95212908
2707,60,-75.496,-89.338,1389.6,8.6002,-48.74676321
2708,60,-74.657,-89.315,1389.9,8.5468,-48.567893
2709,60,-73.832,-89.286,1390.2,8.4945,-48.41676341
2710,60,-73.02,-89.254,1390.4,8.4435,-48.30352832
2711,60,-72.22,-89.219,1390.7,8.3936,-48.20372811
2712,60,-71.432,-89.185,1390.9,8.3447,-48.109549
2713,60,-70.654,-89.153,1391.2,8.2969,-48.00576773
2714,60,-69.886,-89.124,1391.4,8.25,-47.8784894
2715,60.5,-69.127,-89.1,1391.6,8.2039,-47.73925091
2716,60.5,-68.379,-89.082,1391.9,8.1586,-47.62735056
2717,60.5,-67.638,-89.069,1392.1,8.1138,-47.52021042
2718,60.5,-66.906,-89.063,1392.3,8.0694,-47.37712229
2719,60.5,-66.183,-89.065,1392.5,8.0253,-47.17922846
2720,60.5,-65.468,-89.073,1392.7,7.9814,-46.94402309
2721,60.5,-64.762,-89.088,1392.9,7.9375,-46.66232395
2722,60.5,-64.066,-89.11,1393.1,7.8937,-46.34372362
2723,60.5,-67.951,-89.337,1395.7,8.0235,-45.99875813
2724,60.5,-67.203,-89.397,1395.9,7.9771,-45.6296968
2725,60.5,-66.469,-89.459,1396.1,7.9308,-45.24100041
2726,60.5,-65.749,-89.522,1396.3,7.8848,-44.84102696
2727,60.5,-65.042,-89.586,1396.4,7.839,-44.44350436
2728,60.5,-64.349,-89.651,1396.6,7.7937,-44.03073222
2729,60.5,-63.67,-89.717,1396.8,7.7489,-43.63500393
2730,60.5,-63.005,-89.784,1396.9,7.7047,-43.31977637
2731,60.5,-62.353,-89.852,1397.1,7.661,-43.01145433
2732,60.5,-61.713,-89.921,1397.3,7.618,-42.6648808
2733,60.5,-61.085,-89.993,1397.4,7.5757,-42.27414993
2734,60.5,-60.47,-90.068,1397.6,7.5342,-73.97091726
2735,60.5,-68.753,-89.828,1400.4,7.7552,-141.91545
2736,60.5,-77.122,-90.533,1402.7,8.009,-46.56403914
2737,60.5,-76.504,-90.412,1402.6,7.986,-47.66498833
2738,60.5,-75.827,-90.323,1402.7,7.9604,-48.065398
2739,60.5,-75.118,-90.267,1402.8,7.9333,-48.37294087
2740,60.5,-74.391,-90.237,1402.9,7.9052,-48.73283791
2741,60.5,-73.651,-90.231,1403.1,7.8764,-49.07378251
2742,60.5,-72.903,-90.246,1403.3,7.8472,-49.40221979
2743,60.5,-75.842,-91.072,1405.5,7.9197,-49.700079
2744,60.5,-81.319,-91.494,1406.7,8.0401,-49.94357382
2745,61,-86.666,-92.28,1407.8,8.1613,-50.10658554
2746,61,-85.75,-92.319,1408.1,8.1354,-50.29985631
2747,61,-84.827,-92.373,1408.4,8.1088,-50.48919561
2748,61,-83.897,-92.443,1408.7,8.0813,-50.65270256
2749,61,-82.963,-92.524,1409,8.0529,-50.79750794
2750,61,-82.025,-92.617,1409.3,8.0235,-50.91181669
2751,61,-81.087,-92.715,1409.6,7.9931,-51.01771281
2752,61,-80.15,-92.818,1409.9,7.9618,-51.12205118
2753,61,-79.217,-92.922,1410.2,7.9297,-51.22155859
2754,61,-78.291,-93.026,1410.5,7.8971,-51.36169976
2755,61,-77.371,-93.129,1410.8,7.864,-51.55217163
2756,61,-76.459,-93.228,1411.1,7.8305,-51.74052957
2757,61,-75.556,-93.324,1411.4,7.7967,-52.04221024
2758,61,-79.504,-93.092,1412.5,7.9319,-52.35448892
2759,61,-78.557,-93.186,1412.8,7.8984,-52.61238518
2760,61,-82.404,-94.068,1413.9,8.0572,-52.79881345
2761,61,-81.411,-94.112,1414.2,8.0253,-52.87710896
2762,61,-80.428,-94.15,1414.5,7.9932,-52.8513516
2763,61,-79.456,-94.181,1414.8,7.961,-52.73310763
2764,61,-78.497,-94.208,1415.1,7.9285,-52.54530979
2765,61,-77.552,-94.23,1415.4,7.8959,-52.32473703
2766,61,-76.622,-94.25,1415.7,7.8631,-52.15622693
2767,61,-75.708,-94.271,1416,7.8302,-52.01918239
2768,61,-74.808,-94.294,1416.3,7.7972,-51.9283254
2769,61,-73.921,-94.321,1416.6,7.7642,-51.84478536
2770,61,-73.046,-94.354,1416.9,7.7312,-51.76616847
2771,61,-72.182,-94.393,1417.2,7.6983,-51.66615438
2772,61.5,-71.329,-94.439,1417.4,7.6654,-51.52119146
2773,61.5,-70.487,-94.491,1417.7,7.6324,-51.39768026
2774,61.5,-69.655,-94.551,1418,7.5993,-51.28671013
2775,61.5,-68.832,-94.62,1418.2,7.5658,-51.14735377
2776,61.5,-68.018,-94.697,1418.5,7.532,-50.95624626
2777,61.5,-67.213,-94.783,1418.7,7.4977,-50.71219176
2778,61.5,-66.419,-94.875,1418.9,7.4629,-50.40885752
2779,61.5,-65.637,-94.972,1419.2,7.4276,-50.06245926
2780,61.5,-64.867,-95.073,1419.4,7.3917,-49.68133284
2781,61.5,-64.11,-95.175,1419.6,7.3555,-49.27278254
2782,61.5,-63.367,-95.278,1419.8,7.319,-48.84690725
2783,61.5,-67.071,-95.711,1422.3,7.4535,-48.41603809
2784,61.5,-66.283,-95.826,1422.5,7.4142,-47.96552995
2785,61.5,-65.51,-95.936,1422.7,7.3751,-47.49911265
2786,61.5,-64.754,-96.04,1422.9,7.3362,-47.12353226
2787,61.5,-64.013,-96.139,1423.1,7.2977,-46.78198957
2788,61.5,-63.286,-96.234,1423.2,7.2595,-46.37658427
2789,61.5,-62.575,-96.325,1423.4,7.2218,-45.92027188
2790,61.5,-61.878,-96.412,1423.6,7.1846,-78.32566493
2791,61.5,-70.326,-95.908,1426.3,7.4236,-144.7194348
2792,61.5,-78.787,-96.884,1428.7,7.6874,-50.75363419
2793,61.5,-78.07,-96.73,1428.7,7.6686,-51.58118753
2794,61.5,-77.302,-96.631,1428.8,7.6472,-51.92364509
2795,61.5,-76.506,-96.563,1429,7.6242,-52.30532115
2796,61.5,-75.693,-96.518,1429.2,7.5998,-52.72651856
2797,61.5,-74.868,-96.491,1429.4,7.5744,-53.13037728
2798,61.5,-74.035,-96.479,1429.6,7.5483,-53.50298073
2799,62,-73.198,-96.48,1429.9,7.5216,-53.8100406
2800,62,-78.761,-96.884,1431.2,7.6519,-54.04486811
2801,62,-77.857,-96.865,1431.5,7.6276,-54.23572838
2802,62,-86.792,-98.452,1434.7,7.8722,-54.44789891
2803,62,-85.763,-98.454,1435,7.846,-54.62562676
2804,62,-84.728,-98.467,1435.4,7.8184,-54.78208098
2805,62,-83.691,-98.488,1435.7,7.7893,-54.93652596
2806,62,-82.653,-98.512,1436,7.7589,-55.07555096
2807,62,-81.618,-98.538,1436.4,7.7272,-55.19671946
2808,62,-80.589,-98.562,1436.7,7.6945,-55.33899853
2809,62,-79.567,-98.582,1437,7.661,-55.53555489
2810,62,-78.554,-98.597,1437.3,7.6269,-55.75042362
2811,62,-77.551,-98.605,1437.6,7.5923,-56.00685183
2812,62,-76.559,-98.607,1437.9,7.5573,-56.36852372
2813,62,-75.576,-98.601,1438.2,7.5221,-56.66031103
2814,62,-79.453,-98.287,1439.4,7.6614,-56.86892377
2815,62,-78.426,-98.28,1439.7,7.6267,-56.95376984
2816,62,-77.411,-98.271,1440,7.592,-56.91036397
2817,62,-81.124,-98.944,1441.2,7.7589,-56.75807812
2818,62,-80.071,-98.872,1441.5,7.7256,-56.52800043
2819,62,-79.035,-98.796,1441.9,7.692,-56.25826996
2820,62,-78.017,-98.721,1442.2,7.6583,-56.06677652
2821,62,-77.017,-98.648,1442.5,7.6244,-55.92158562
2822,62,-76.033,-98.58,1442.8,7.5905,-55.82125378
2823,62,-75.064,-98.52,1443.1,7.5566,-55.72588614
2824,62,-74.11,-98.469,1443.4,7.5227,-55.62959297
2825,62.5,-73.168,-98.429,1443.7,7.4889,-55.50670079
2826,62.5,-72.239,-98.4,1444,7.455,-55.32150474
2827,62.5,-71.322,-98.384,1444.3,7.421,-55.17410294
2828,62.5,-70.416,-98.38,1444.6,7.3866,-55.0123254
2829,62.5,-69.521,-98.389,1444.8,7.3518,-54.79575054
2830,62.5,-68.638,-98.411,1445.1,7.3163,-54.51946941
2831,62.5,-67.767,-98.444,1445.3,7.2803,-54.18115054
2832,62.5,-66.909,-98.489,1445.6,7.2435,-53.79372053
2833,62.5,-66.066,-98.541,1445.8,7.2062,-53.35673652
2834,62.5,-65.239,-98.599,1446,7.1683,-52.88481985
2835,62.5,-64.428,-98.661,1446.2,7.1301,-52.39598227
2836,62.5,-63.634,-98.725,1446.4,7.0918,-51.90196245
2837,62.5,-62.858,-98.791,1446.6,7.0535,-51.38399348
2838,62.5,-62.098,-98.857,1446.8,7.0154,-50.83999408
2839,62.5,-61.357,-98.923,1447,6.9776,-50.40429609
2840,62.5,-64.836,-99.365,1449.6,7.1015,-49.98898684
2841,62.5,-64.053,-99.442,1449.8,7.0615,-49.48318289
2842,62.5,-63.288,-99.518,1450,7.0222,-48.90346123
2843,62.5,-62.542,-99.593,1450.2,6.9836,-73.73232043
2844,62.5,-71.2,-98.986,1452.7,7.2317,-148.4798878
2845,62.5,-79.739,-100.04,1455.3,7.499,-55.19027467
2846,62.5,-78.925,-99.9,1455.4,7.4787,-55.79405317
2847,62.5,-78.071,-99.791,1455.5,7.4559,-56.1975441
2848,62.5,-77.195,-99.707,1455.7,7.4313,-56.6913651
2849,62.5,-76.303,-99.643,1455.9,7.4055,-57.19632153
2850,62.5,-75.402,-99.597,1456.2,7.3787,-57.66035697
2851,63,-74.495,-99.568,1456.4,7.3512,-58.00862254
2852,63,-73.583,-99.557,1456.7,7.3231,-58.30126922
2853,63,-79.164,-99.93,1458.1,7.4583,-58.50314177
2854,63,-78.178,-99.901,1458.4,7.4322,-58.74469372
2855,63,-83.507,-100.79,1459.7,7.5669,-58.9486227
2856,63,-85.958,-101.54,1462,7.6369,-59.11846708
2857,63,-84.832,-101.55,1462.3,7.6065,-59.29189081
2858,63,-83.707,-101.57,1462.7,7.5744,-59.46349192
2859,63,-82.585,-101.59,1463,7.541,-59.661795
2860,63,-81.471,-101.62,1463.4,7.5065,-59.92383147
2861,63,-80.366,-101.63,1463.7,7.4712,-60.20874917
2862,63,-79.272,-101.65,1464,7.4353,-60.45922074
2863,63,-78.19,-101.65,1464.3,7.3989,-60.84577254
2864,63,-77.12,-101.65,1464.7,7.3623,-61.21414768
2865,63,-76.062,-101.63,1465,7.3255,-61.45974953
2866,63,-79.925,-101.29,1466.2,7.4682,-61.5734473
2867,63,-78.823,-101.27,1466.6,7.4322,-61.53100987
2868,63,-77.738,-101.26,1466.9,7.3964,-61.35960005
2869,63,-81.422,-101.91,1468.1,7.5686,-61.10830288
2870,63,-80.299,-101.82,1468.5,7.5342,-60.81307404
2871,63,-79.197,-101.73,1468.8,7.4996,-60.61809336
2872,63,-78.115,-101.64,1469.2,7.465,-60.4893912
2873,63,-77.051,-101.56,1469.5,7.4303,-60.41500368
2874,63,-76.003,-101.49,1469.8,7.3957,-60.33814774
2875,63,-74.971,-101.43,1470.1,7.3612,-60.24282752
2876,63.5,-73.951,-101.39,1470.4,7.3267,-60.05565305
2877,63.5,-72.945,-101.36,1470.8,7.2922,-59.84166462
2878,63.5,-71.952,-101.34,1471.1,7.2573,-59.65395102
2879,63.5,-70.971,-101.34,1471.3,7.2218,-59.44646725
2880,63.5,-70.003,-101.36,1471.6,7.1858,-59.17206562
2881,63.5,-69.047,-101.4,1471.9,7.1489,-58.81474905
2882,63.5,-68.105,-101.45,1472.1,7.1113,-58.39304409
2883,63.5,-67.18,-101.51,1472.4,7.073,-57.91023241
2884,63.5,-66.273,-101.58,1472.6,7.0342,-57.38541702
2885,63.5,-65.384,-101.66,1472.8,6.9952,-56.84509977
2886,63.5,-64.515,-101.74,1473.1,6.9561,-56.27938983
2887,63.5,-63.664,-101.82,1473.3,6.9171,-55.67440183
2888,63.5,-62.834,-101.9,1473.5,6.8786,-55.06864133
2889,63.5,-62.023,-101.99,1473.7,6.8406,-54.60556118
2890,63.5,-61.231,-102.07,1473.9,6.8031,-54.06173313
2891,63.5,-60.458,-102.15,1474.1,6.7664,-53.39399745
2892,63.5,-59.705,-102.24,1474.3,6.7304,-78.77281313
2893,63.5,-72.617,-102.1,1479.3,7.1456,-149.9713127
2894,63.5,-81.341,-103.33,1481.9,7.4227,-59.43026146
2895,63.5,-80.454,-103.14,1482,7.4052,-60.14860348
2896,63.5,-79.522,-103,1482.2,7.385,-60.61126691
2897,63.5,-78.564,-102.89,1482.4,7.363,-61.19186564
2898,63.5,-77.59,-102.81,1482.6,7.3397,-61.79223357
2899,63.5,-76.604,-102.76,1482.9,7.3153,-62.32043886
2900,64,-75.61,-102.72,1483.2,7.29,-62.7404786
2901,64,-74.611,-102.72,1483.5,7.2638,-63.03099839
2902,64,-80.263,-103.12,1484.9,7.4062,-63.23384847
2903,64,-79.178,-103.1,1485.3,7.3814,-63.47817705
2904,64,-78.088,-103.1,1485.6,7.3548,-63.68981742
2905,64,-83.362,-104.13,1487,7.4956,-63.89388317
2906,64,-82.181,-104.19,1487.4,7.4669,-64.09328284
2907,64,-81.003,-104.25,1487.7,7.4364,-64.31368283
2908,64,-79.832,-104.31,1488.1,7.4044,-64.6008318
2909,64,-82.038,-105.11,1490.5,7.4766,-64.91964458
2910,64,-80.837,-105.15,1490.8,7.4406,-65.19136268
2911,64,-79.65,-105.18,1491.2,7.404,-65.58838523
2912,64,-78.478,-105.19,1491.5,7.3671,-65.96291963
2913,64,-77.322,-105.2,1491.9,7.33,-66.17293505
2914,64,-76.185,-105.19,1492.2,7.2929,-66.21599211
2915,64,-79.998,-104.88,1493.5,7.4406,-66.08107992
2916,64,-78.82,-104.88,1493.9,7.4042,-65.81726204
2917,64,-77.667,-104.87,1494.2,7.3679,-65.47786251
2918,64,-81.291,-105.46,1495.5,7.5468,-65.15301139
2919,64,-80.101,-105.38,1495.9,7.5113,-64.95310737
2920,64,-78.934,-105.3,1496.2,7.4756,-64.82741788
2921,64,-77.787,-105.23,1496.6,7.4398,-64.7300758
2922,64,-76.659,-105.17,1496.9,7.4039,-64.61299922
2923,64.5,-75.547,-105.12,1497.3,7.3679,-64.45270042
2924,64.5,-74.45,-105.09,1497.6,7.3315,-64.18060394
2925,64.5,-73.369,-105.08,1497.9,7.2947,-63.91127339
2926,64.5,-72.303,-105.09,1498.2,7.257,-63.62912873
2927,64.5,-71.252,-105.12,1498.5,7.2184,-63.2908054
2928,64.5,-70.217,-105.17,1498.8,7.1787,-62.86875144
2929,64.5,-69.2,-105.24,1499,7.138,-62.36677049
2930,64.5,-68.202,-105.32,1499.3,7.0963,-61.79487339
2931,64.5,-67.226,-105.41,1499.5,7.054,-61.17941792
2932,64.5,-66.273,-105.5,1499.8,7.0114,-60.54673115
2933,64.5,-65.342,-105.6,1500,6.9687,-59.88012733
2934,64.5,-64.436,-105.7,1500.2,6.9263,-59.15609217
2935,64.5,-63.553,-105.8,1500.4,6.8843,-58.46749458
2936,64.5,-62.693,-105.9,1500.7,6.843,-57.9036265
2937,64.5,-61.855,-105.99,1500.9,6.8023,-57.1946232
2938,64.5,-61.041,-106.09,1501.1,6.7626,-75.99864333
2939,64.5,-69.977,-105.85,1504.1,7.0055,-58.50820464
2940,64.5,-69.295,-105.53,1503.9,6.9907,-154.7585397
2941,64.5,-78.142,-106.81,1506.6,7.2741,-64.1109887
2942,64.5,-77.226,-106.64,1506.8,7.2571,-64.6700875
2943,64.5,-80.153,-106.91,1509.3,7.3847,-65.29599237
2944,64.5,-79.111,-106.8,1509.6,7.36,-66.00578868
2945,64.5,-78.054,-106.72,1509.8,7.3341,-66.64828408
2946,65,-76.987,-106.65,1510.1,7.3074,-67.11271965
2947,65,-75.913,-106.62,1510.5,7.2798,-67.46384318
2948,65,-74.836,-106.62,1510.8,7.2512,-67.67644266
2949,65,-80.465,-106.99,1512.3,7.3978,-67.92351896
2950,65,-79.29,-106.97,1512.7,7.37,-68.14296306
2951,65,-84.594,-108.07,1514.1,7.5126,-68.3607046
2952,65,-83.321,-108.12,1514.5,7.4828,-68.61300591
2953,65,-82.053,-108.18,1514.8,7.4512,-68.94326133
2954,65,-80.793,-108.24,1515.2,7.4183,-69.33534326
2955,65,-79.545,-108.29,1515.6,7.3844,-69.6943371
2956,65,-78.311,-108.32,1516,7.3501,-70.00547232
2957,65,-80.359,-109.04,1518.3,7.4051,-70.4627497
2958,65,-79.105,-109.04,1518.7,7.3688,-70.78074784
2959,65,-77.871,-109.02,1519.1,7.3328,-70.88842405
2960,65,-76.66,-108.99,1519.5,7.2973,-70.80107769
2961,65,-80.441,-108.65,1520.8,7.451,-70.54769798
2962,65,-79.189,-108.63,1521.2,7.4168,-70.19514892
2963,65,-77.964,-108.6,1521.6,7.3829,-69.81686715
2964,65,-76.768,-108.58,1522,7.3493,-69.5851948
2965,65,-80.268,-109.05,1523.3,7.5367,-69.45763727
2966,65,-79.021,-108.95,1523.7,7.5038,-69.37828241
2967,65.5,-77.792,-108.86,1524.1,7.4709,-69.26350237
2968,65.5,-76.578,-108.79,1524.5,7.4378,-69.07554778
2969,65.5,-75.379,-108.74,1524.8,7.4043,-68.77004474
2970,65.5,-74.194,-108.71,1525.2,7.37,-68.41808214
2971,65.5,-73.024,-108.71,1525.5,7.3345,-68.10659672
2972,65.5,-71.867,-108.73,1525.8,7.2977,-67.71965403
2973,65.5,-70.725,-108.77,1526.1,7.2593,-67.22956292
2974,65.5,-69.6,-108.84,1526.4,7.2194,-66.64957674
2975,65.5,-68.496,-108.91,1526.7,7.1782,-65.99288179
2976,65.5,-67.414,-109,1527,7.1362,-65.30727417
2977,65.5,-66.356,-109.08,1527.2,7.0934,-64.58176025
2978,65.5,-65.321,-109.17,1527.5,7.0504,-63.7898646
2979,65.5,-64.311,-109.26,1527.7,7.0073,-62.95662697
2980,65.5,-63.326,-109.34,1528,6.9644,-62.30614562
2981,65.5,-62.364,-109.43,1528.2,6.9218,-61.51557469
2982,65.5,-61.426,-109.51,1528.5,6.8795,-78.96792862
2983,65.5,-70.477,-109.02,1531.4,7.1335,-151.9944662
2984,65.5,-74.577,-109.81,1533.2,7.26,-67.33258815
2985,65.5,-73.677,-109.8,1533.2,7.241,-68.47772022
2986,65.5,-77.508,-110.23,1534.1,7.3835,-69.07129663
2987,65.5,-76.418,-110.07,1534.4,7.3604,-69.8317406
2988,65.5,-75.306,-109.93,1534.7,7.335,-70.6293875
2989,66,-74.177,-109.81,1535,7.3077,-71.32256163
2990,66,-76.778,-110.19,1537.6,7.4229,-71.82565821
2991,66,-75.554,-110.13,1538,7.3884,-72.12080231
2992,66,-74.326,-110.11,1538.4,7.3519,-72.33586933
2993,66,-79.905,-110.45,1540,7.4949,-72.62062207
2994,66,-78.568,-110.42,1540.4,7.4568,-72.86638061
2995,66,-83.788,-111.59,1541.8,7.5926,-73.13002797
2996,66,-82.349,-111.62,1542.3,7.5505,-73.48910474
2997,66,-80.919,-111.65,1542.7,7.506,-73.92779818
2998,66,-79.502,-111.67,1543.2,7.4597,-74.33606001
2999,66,-78.1,-111.68,1543.6,7.4119,-74.66281913
3000,66,-76.718,-111.67,1544,7.3631,-75.12552717
3001,66,-75.356,-111.64,1544.4,7.3136,-75.42865487
3002,66,-74.017,-111.59,1544.9,7.2635,-75.47726481
3003,66,-75.872,-112.32,1547.3,7.312,-75.31480125
3004,66,-74.537,-112.24,1547.7,7.2596,-74.98383375
3005,66,-78.186,-111.91,1549.2,7.4001,-74.55717982
3006,66,-76.817,-111.86,1549.6,7.3472,-74.1535787
3007,66,-75.481,-111.81,1550.1,7.294,-73.92528169
3008,66,-74.177,-111.77,1550.5,7.2405,-73.80348038
3009,66,-77.523,-112.11,1551.9,7.4129,-73.69920385
3010,66.5,-76.16,-112.01,1552.3,7.3584,-73.52488047
3011,66.5,-74.816,-111.93,1552.7,7.3031,-73.24589262
3012,66.5,-73.491,-111.88,1553.1,7.2466,-72.80321456
3013,66.5,-72.185,-111.86,1553.5,7.1885,-72.39626787
3014,66.5,-70.899,-111.88,1553.9,7.1285,-71.97986245
3015,66.5,-69.632,-111.93,1554.2,7.0666,-71.45092496
3016,66.5,-68.388,-112.01,1554.5,7.0029,-70.81453408
3017,66.5,-67.17,-112.11,1554.8,6.9376,-70.08600634
3018,66.5,-65.982,-112.22,1555.1,6.8712,-69.31520641
3019,66.5,-64.823,-112.35,1555.4,6.8043,-68.49274892
3020,66.5,-63.694,-112.48,1555.7,6.7372,-67.59150557
3021,66.5,-62.597,-112.61,1556,6.6704,-66.61613927
3022,66.5,-61.532,-112.74,1556.2,6.6041,-65.84376445
3023,66.5,-60.496,-112.88,1556.5,6.5385,-64.91502224
3024,66.5,-59.492,-113.02,1556.8,6.4738,-77.906809
3025,66.5,-68.683,-112.55,1559.6,6.7115,-156.6778728
3026,66.5,-72.769,-113.46,1561.4,6.8193,-72.0019671
3027,66.5,-71.759,-113.38,1561.5,6.7806,-73.11810501
3028,66.5,-70.701,-113.33,1561.7,6.7387,-73.83015391
3029,66.5,-74.376,-113.72,1562.8,6.8636,-74.74135682
3030,66.5,-73.158,-113.66,1563.2,6.8188,-75.64306532
3031,67,-71.923,-113.64,1563.6,6.7724,-76.30171643
3032,67,-70.677,-113.65,1564,6.7244,-76.78484381
3033,67,-69.424,-113.7,1564.5,6.6746,-77.03321098
3034,67,-68.171,-113.79,1564.9,6.6227,-77.29252392
3035,67,-77.343,-114.77,1568.9,6.8867,-77.60461041
3036,67,-75.903,-114.86,1569.3,6.8301,-77.94133963
3037,67,-81.069,-116.28,1570.9,6.9522,-78.38992017
3038,67,-79.529,-116.43,1571.4,6.8928,-78.92593729
3039,67,-78.004,-116.56,1571.9,6.8321,-79.42841638
3040,67,-76.499,-116.68,1572.4,6.7706,-79.80467565
3041,67,-75.019,-116.77,1572.8,6.7089,-80.25969647
3042,67,-73.564,-116.83,1573.3,6.6474,-80.59670966
3043,67,-72.138,-116.87,1573.8,6.5864,-80.61901749
3044,67,-70.746,-116.87,1574.2,6.5264,-80.41721141
3045,67,-69.39,-116.85,1574.6,6.4673,-80.04605707
3046,67,-76.184,-117.28,1578.2,6.6906,-79.58523851
3047,67,-74.738,-117.28,1578.6,6.6312,-79.19186303
3048,67,-73.331,-117.28,1579.1,6.5725,-79.00477732
3049,67,-71.959,-117.28,1579.5,6.5146,-78.9235772
3050,67.5,-75.283,-117.65,1580.9,6.6879,-78.80056816
3051,67.5,-73.846,-117.58,1581.4,6.6306,-78.58999389
3052,67.5,-72.429,-117.53,1581.8,6.5732,-78.19293888
3053,67.5,-71.032,-117.52,1582.2,6.5152,-77.65643483
3054,67.5,-69.657,-117.54,1582.5,6.4561,-77.19986398
3055,67.5,-68.303,-117.61,1582.9,6.3957,-76.65890973
3056,67.5,-66.975,-117.7,1583.2,6.3341,-75.97888945
3057,67.5,-65.674,-117.82,1583.5,6.2718,-75.19210257
3058,67.5,-64.406,-117.95,1583.8,6.2092,-74.3437853
3059,67.5,-63.171,-118.09,1584.1,6.1468,-73.4276059
3060,67.5,-61.97,-118.23,1584.4,6.0853,-72.399284
3061,67.5,-60.805,-118.36,1584.6,6.025,-71.28420816
3062,67.5,-59.677,-118.49,1584.9,5.9662,-70.37392465
3063,67.5,-58.582,-118.62,1585.2,5.9091,-69.2314673
3064,67.5,-57.522,-118.74,1585.4,5.8539,-82.04830749
3065,67.5,-66.796,-117.96,1587.9,6.1236,-160.8275478
3066,67.5,-70.771,-118.83,1589.8,6.2457,-77.57390792
3067,67.5,-69.606,-118.68,1590,6.2183,-78.34608183
3068,67.5,-68.434,-118.59,1590.3,6.1887,-79.2737535
3069,67.5,-72.052,-118.91,1591.4,6.3313,-80.31036497
3070,68,-70.744,-118.78,1591.8,6.2999,-81.21475526
3071,68,-69.426,-118.68,1592.1,6.267,-81.81360042
3072,68,-68.101,-118.63,1592.5,6.2323,-82.12617185
3073,68,-66.777,-118.62,1592.8,6.1955,-82.38014023
3074,68,-65.458,-118.66,1593.2,6.1564,-82.71535661
3075,68,-71.069,-119.01,1594.9,6.3087,-83.07982686
3076,68,-69.633,-119.03,1595.3,6.2677,-83.57179551
3077,68,-78.262,-121.09,1599,6.5397,-84.15467697
3078,68,-76.648,-121.16,1599.5,6.4931,-84.67469664
3079,68,-75.057,-121.2,1599.9,6.4459,-85.02900847
3080,68,-73.494,-121.21,1600.3,6.3985,-85.46738792
3081,68,-71.963,-121.18,1600.8,6.3514,-85.68959878
3082,68,-70.466,-121.12,1601.2,6.305,-85.5829185
3083,68,-69.009,-121.03,1601.6,6.2594,-85.23938101
3084,68,-67.594,-120.91,1602,6.2148,-84.73963427
3085,68,-71.307,-120.56,1603.5,6.3721,-84.19771081
3086,68,-69.854,-120.47,1603.9,6.3281,-83.83329063
3087,68,-68.442,-120.39,1604.3,6.2843,-83.6678884
3088,68.5,-70.021,-121.15,1606.8,6.3315,-83.53194823
3089,68.5,-73.312,-121.38,1608.2,6.5214,-83.32196839
3090,68.5,-71.808,-121.24,1608.6,6.4748,-82.939148
3091,68.5,-70.326,-121.13,1609,6.427,-82.30492124
3092,68.5,-68.868,-121.08,1609.3,6.3774,-81.6795073
3093,68.5,-67.435,-121.08,1609.7,6.3258,-81.06714264
3094,68.5,-66.03,-121.11,1610,6.2722,-80.30564583
3095,68.5,-64.657,-121.18,1610.2,6.217,-79.41690921
3096,68.5,-63.32,-121.27,1610.5,6.1608,-78.44302353
3097,68.5,-62.022,-121.36,1610.8,6.1044,-77.37929318
3098,68.5,-60.765,-121.46,1611,6.0483,-76.19440835
3099,68.5,-59.548,-121.55,1611.2,5.9931,-74.8783773
3100,68.5,-58.373,-121.65,1611.5,5.9392,-73.78846666
3101,68.5,-57.237,-121.74,1611.7,5.8866,-81.39232875
3102,68.5,-61.497,-121.38,1613.8,5.9696,-76.94478207
3103,68.5,-65.572,-120.68,1614.4,6.1162,-166.0751218
3104,68.5,-69.577,-121.53,1616.3,6.2421,-82.48512672
3105,68.5,-68.362,-121.22,1616.5,6.2171,-83.30143994
3106,68.5,-67.134,-120.98,1616.8,6.1897,-84.36035589
3107,69,-70.752,-121.13,1617.9,6.3368,-85.42317566
3108,69,-69.375,-120.88,1618.2,6.3068,-86.35455715
3109,69,-67.987,-120.69,1618.6,6.2747,-86.90722656
3110,69,-66.593,-120.57,1618.9,6.2401,-87.16530356
3111,69,-65.201,-120.51,1619.3,6.2026,-87.46838158
3112,69,-70.936,-120.83,1621,6.3584,-87.91321394
3113,69,-69.414,-120.79,1621.3,6.3181,-88.42717259
3114,69,-67.91,-120.78,1621.7,6.2751,-89.05677608
3115,69,-73.03,-122.39,1623.3,6.4189,-89.67441108
3116,69,-71.418,-122.42,1623.7,6.3738,-90.11495239
3117,69,-69.836,-122.4,1624.2,6.3283,-90.44734622
3118,69,-71.521,-122.97,1626.9,6.3989,-90.77893924
3119,69,-69.938,-122.88,1627.3,6.3509,-90.75022849
3120,69,-68.399,-122.74,1627.7,6.3037,-90.42576947
3121,69,-66.906,-122.58,1628.1,6.2574,-89.91841599
3122,69,-70.635,-122.13,1629.7,6.4167,-89.33546357
3123,69,-69.102,-121.98,1630.1,6.3706,-88.88127947
3124,69,-67.615,-121.84,1630.5,6.3245,-88.66114264
3125,69.5,-66.167,-121.7,1630.9,6.2786,-88.52614385
3126,69.5,-67.667,-122.34,1633.3,6.3116,-88.30579631
3127,69.5,-70.825,-122.41,1634.8,6.4993,-87.88432975
3128,69.5,-69.268,-122.25,1635.1,6.4482,-87.19699198
3129,69.5,-67.737,-122.15,1635.5,6.395,-86.35894673
3130,69.5,-66.235,-122.12,1635.8,6.3395,-85.6020896
3131,69.5,-64.766,-122.13,1636.1,6.282,-84.70178551
3132,69.5,-63.335,-122.18,1636.3,6.2231,-83.68117933
3133,69.5,-61.946,-122.24,1636.6,6.1636,-82.53643751
3134,69.5,-60.602,-122.32,1636.8,6.1044,-81.25192464
3135,69.5,-59.305,-122.39,1637.1,6.0459,-79.79298951
3136,69.5,-58.054,-122.46,1637.3,5.9889,-78.34771449
3137,69.5,-56.849,-122.52,1637.6,5.9336,-86.61862073
3138,69.5,-61.134,-122.17,1639.5,6.0192,-82.48538396
3139,69.5,-60.07,-121.81,1639.3,5.9904,-167.3956613
3140,69.5,-69.333,-122.44,1642.4,6.2953,-87.47001974
3141,69.5,-68.042,-122.06,1642.7,6.2692,-88.21004134
3142,69.5,-66.74,-121.76,1643,6.2405,-89.22120938
3143,70,-65.431,-121.53,1643.3,6.2096,-90.47606068
3144,70,-68.904,-121.59,1644.5,6.357,-91.49115779
3145,70,-67.441,-121.37,1644.9,6.3229,-92.10144937
3146,70,-65.974,-121.24,1645.2,6.286,-92.36331907
3147,70,-64.512,-121.19,1645.6,6.246,-92.64993693
3148,70,-70.273,-121.53,1647.4,6.4033,-93.1201981
3149,70,-68.673,-121.51,1647.8,6.36,-93.67520173
3150,70,-67.098,-121.52,1648.1,6.3142,-94.30077352
3151,70,-72.172,-123.3,1649.8,6.4575,-94.85712015
3152,70,-70.486,-123.34,1650.2,6.4101,-95.19668916
3153,70,-68.838,-123.34,1650.7,6.3625,-95.45080974
3154,70,-67.23,-123.28,1651.1,6.3153,-95.64149118
3155,70,-65.666,-123.18,1651.5,6.2687,-95.43403384
3156,70,-67.295,-123.64,1654.2,6.3378,-94.95269372
3157,70,-71.063,-123.18,1655.8,6.4983,-94.32038208
3158,70,-69.433,-123.04,1656.2,6.4495,-93.64900046
3159,70,-67.852,-122.88,1656.6,6.4006,-93.13798123
3160,70.5,-66.32,-122.73,1657,6.3515,-92.86395496
3161,70.5,-64.831,-122.58,1657.3,6.3021,-92.62417065
3162,70.5,-63.379,-122.46,1657.7,6.2522,-92.22563468
3163,70.5,-69.329,-123.32,1661.3,6.5232,-91.57889517
3164,70.5,-67.729,-123.18,1661.7,6.4664,-90.60492512
3165,70.5,-66.161,-123.12,1662,6.4074,-89.48933453
3166,70.5,-64.63,-123.13,1662.3,6.3463,-88.45949146
3167,70.5,-63.143,-123.18,1662.6,6.2839,-87.27385623
3168,70.5,-61.702,-123.26,1662.8,6.2209,-85.93011615
3169,70.5,-60.313,-123.35,1663.1,6.1583,-84.41845956
3170,70.5,-58.978,-123.43,1663.3,6.0968,-82.75592771
3171,70.5,-57.696,-123.51,1663.5,6.037,-80.99785366
3172,70.5,-56.467,-123.59,1663.8,5.9792,-91.77460352
3173,70.5,-60.814,-123.2,1665.5,6.0718,-88.33078623
3174,70.5,-64.978,-122.84,1666.6,6.2188,-197.3670706
3175,70.5,-68.938,-124.33,1668.7,6.3421,-92.68609041
3176,70.5,-67.571,-124.2,1669,6.313,-93.34290084
3177,70.5,-66.193,-124.07,1669.3,6.281,-94.14798811
3178,71,-64.815,-123.94,1669.6,6.2465,-95.33627128
3179,71,-68.233,-124.01,1670.8,6.3884,-96.49904242
3180,71,-66.703,-123.83,1671.2,6.3499,-97.31293785
3181,71,-65.172,-123.74,1671.6,6.3085,-97.73685536
3182,71,-71.059,-124.11,1673.4,6.466,-97.95435338
3183,71,-69.373,-124.08,1673.8,6.422,-98.34908352
3184,71,-67.707,-124.11,1674.2,6.3749,-98.84757556
3185,71,-72.767,-126.1,1675.9,6.5159,-99.32230566
3186,71,-70.979,-126.24,1676.3,6.466,-99.73189819
3187,71,-69.23,-126.35,1676.8,6.4157,-100.0279232
3188,71,-67.524,-126.41,1677.2,6.3657,-100.1647764
3189,71,-65.864,-126.41,1677.6,6.3164,-100.288178
3190,71,-64.25,-126.36,1678,6.2679,-100.2276187
3191,71,-68.104,-125.88,1679.8,6.4321,-99.81100614
3192,71,-66.437,-125.8,1680.2,6.3833,-99.11347842
3193,71,-67.832,-126.35,1682.9,6.4402,-98.26908581
3194,71,-66.197,-126.24,1683.3,6.3875,-97.39113339
3195,71.5,-64.616,-126.11,1683.7,6.3338,-96.65756022
3196,71.5,-63.088,-125.97,1684,6.2791,-96.05664259
3197,71.5,-64.424,-126.66,1686.4,6.3005,-95.46667164
3198,71.5,-67.334,-126.5,1687.8,6.461,-94.84196645
3199,71.5,-65.73,-126.32,1688.2,6.3991,-93.9509266
3200,71.5,-64.167,-126.22,1688.5,6.3364,-92.67189888
3201,71.5,-62.649,-126.2,1688.8,6.2733,-91.00943868
3202,71.5,-61.18,-126.24,1689,6.2101,-89.07699733
3203,71.5,-59.769,-126.33,1689.3,6.1477,-87.02532861
3204,71.5,-58.418,-126.44,1689.5,6.0867,-84.91216074
3205,71.5,-57.129,-126.55,1689.8,6.0277,-109.1791602
3206,71.5,-67.03,-125.9,1692.9,6.2979,-92.47816259
3207,71.5,-65.657,-125.96,1692.9,6.2656,-94.49102438
3208,71.5,-64.272,-126.11,1693.1,6.2309,-173.1233655
3209,71.5,-67.916,-128.12,1695.2,6.3509,-97.77566155
3210,71.5,-66.434,-128.24,1695.4,6.3208,-99.01855479
3211,71.5,-64.938,-128.29,1695.7,6.2876,-99.42719727
3212,71.5,-63.447,-128.29,1696,6.2514,-99.73782635
3213,72,-61.971,-128.26,1696.3,6.2125,-100.1362634
3214,72,-65.082,-128.29,1697.5,6.3352,-100.6991781
3215,72,-71.105,-128.87,1699.4,6.4921,-101.4549816
3216,72,-69.356,-128.58,1699.8,6.4492,-102.1586378
3217,72,-67.621,-128.37,1700.3,6.4043,-102.5175924
3218,72,-65.91,-128.24,1700.7,6.3582,-102.6103283
3219,72,-70.599,-130.31,1702.3,6.4974,-102.5413769
3220,72,-68.762,-130.38,1702.8,6.4513,-102.2267594
3221,72,-66.973,-130.47,1703.3,6.4055,-101.8399365
3222,72,-71.081,-130.07,1705.2,6.5786,-101.416632
3223,72,-69.237,-130.15,1705.6,6.5338,-101.0918689
3224,72,-67.443,-130.23,1706.1,6.4889,-100.779167
3225,72,-65.7,-130.3,1706.5,6.4433,-100.2549851
3226,72,-64.012,-130.38,1706.9,6.3962,-99.77428646
3227,72,-62.379,-130.45,1707.2,6.3469,-99.32307482
3228,72,-60.799,-130.53,1707.5,6.2945,-98.69747326
3229,72,-65.016,-132.26,1712.2,6.4339,-97.82640677
3230,72,-63.419,-132.33,1712.5,6.3709,-96.68524521
3231,72,-61.881,-132.41,1712.7,6.3067,-95.39044874
3232,72,-64.59,-132.2,1713.9,6.4212,-94.11740549
3233,72,-63.013,-132.18,1714.1,6.353,-92.66304074
3234,72,-61.496,-132.15,1714.3,6.2861,-90.75757568
3235,72,-60.042,-132.14,1714.6,6.2217,-88.35946113
3236,72.5,-58.659,-132.14,1714.8,6.1602,-85.54891482
3237,72.5,-57.351,-132.15,1715,6.1022,-130.3473901
3238,72.5,-67.326,-131.32,1718.6,6.3918,-96.05751425
3239,72.5,-65.774,-131.28,1718.7,6.3555,-98.31493434
3240,72.5,-64.241,-131.41,1719,6.3196,-99.86351987
3241,72.5,-62.727,-131.66,1719.3,6.2832,-101.0448112
3242,72.5,-61.239,-132.04,1719.6,6.2465,-101.8148601
3243,72.5,-59.787,-132.53,1720,6.2093,-172.8080485
3244,72.5,-62.699,-133.5,1722,6.3465,-100.8575993
3245,72.5,-61.171,-133.75,1722.2,6.3097,-102.8194578
3246,72.5,-59.661,-133.97,1722.5,6.2679,-104.3602505
3247,72.5,-65.891,-134.67,1724.5,6.4372,-105.7742504
3248,72.5,-64.196,-134.54,1724.9,6.3937,-106.8940927
3249,72.5,-66.627,-134.06,1726.1,6.4982,-107.7284448
3250,72.5,-64.819,-133.81,1726.6,6.45,-107.9266792
3251,72.5,-63.061,-133.61,1727,6.4019,-107.5441291
3252,72.5,-73.633,-134.79,1730.3,6.7738,-107.0175399
3253,72.5,-71.628,-134.51,1730.9,6.7275,-106.5256883
3254,72.5,-69.68,-134.28,1731.3,6.6805,-106.2272359
3255,72.5,-67.782,-134.1,1731.8,6.6325,-106.0027753
3256,73,-68.718,-135.02,1734.6,6.6708,-105.5945554
3257,73,-66.859,-134.98,1735,6.6162,-105.038482
3258,73,-65.061,-135,1735.3,6.5585,-104.5233918
3259,73,-63.325,-135.08,1735.6,6.4971,-103.8175945
3260,73,-61.651,-135.19,1735.9,6.4323,-102.7938621
3261,73,-60.04,-135.32,1736.1,6.3651,-101.4535315
3262,73,-58.493,-135.45,1736.3,6.2971,-99.9058583
3263,73,-57.009,-135.56,1736.5,6.2296,-98.53974129
3264,73,-55.587,-135.63,1736.7,6.1637,-97.03914274
3265,73,-54.228,-135.66,1736.9,6.1001,-94.92814035
3266,73,-56.784,-135.05,1738,6.2156,-92.08062241
3267,73,-55.425,-134.93,1738.2,6.1541,-88.69511322
3268,73,-54.149,-134.81,1738.5,6.0967,-161.3754278
3269,73,-63.98,-133.34,1742.3,6.4003,-102.0968325
3270,73,-62.414,-133.12,1742.5,6.3624,-103.639342
3271,73,-63.501,-133.68,1745,6.4061,-105.0846455
3272,73,-61.934,-133.99,1745.4,6.3669,-106.5451437
3273,73,-60.389,-134.51,1745.7,6.3269,-107.7119396
3274,73,-58.876,-135.17,1746.1,6.2858,-108.3287601
3275,73,-57.411,-135.91,1746.4,6.2434,-173.4600192
3276,73,-60.026,-136.38,1748.5,6.3828,-106.971233
3277,73.5,-66.294,-137.49,1750.5,6.5502,-109.0507574
3278,73.5,-64.542,-137.47,1750.9,6.5068,-110.6582239
3279,73.5,-62.803,-137.33,1751.3,6.4613,-111.7457884
3280,73.5,-64.312,-138.58,1755,6.5466,-112.4450689
3281,73.5,-69.076,-137.71,1757.2,6.7109,-112.5570527
3282,73.5,-71.006,-136.92,1758.6,6.8173,-112.1067787
3283,73.5,-69.054,-136.61,1759.1,6.7671,-111.3838473
3284,73.5,-72.922,-137.68,1760.8,6.9259,-110.5594223
3285,74,-70.885,-137.4,1761.2,6.8728,-109.9131835
3286,74,-68.9,-137.25,1761.6,6.817,-109.5377624
3287,74,-66.96,-137.23,1762,6.7581,-109.2016585
3288,74,-65.071,-137.35,1762.3,6.6962,-108.5247119
3289,74,-63.246,-137.57,1762.6,6.6312,-107.682791
3290,74.5,-61.488,-137.85,1762.8,6.5634,-106.5693089
3291,74.5,-59.801,-138.14,1763.1,6.4937,-105.1395231
3292,74.5,-58.184,-138.42,1763.3,6.4237,-103.4505214
3293,74.5,-56.637,-138.65,1763.4,6.3548,-101.4812383
3294,74.5,-55.162,-138.81,1763.6,6.2884,-99.41291952
3295,74.5,-53.76,-138.88,1763.8,6.2253,-97.50171862
3296,74.5,-52.428,-138.86,1764,6.166,-95.14654685
3297,74.5,-54.975,-138.1,1765.2,6.2869,-171.292972
3298,74.5,-65.098,-136.4,1769.2,6.5955,-110.4357953
3299,74.5,-63.427,-135.86,1769.4,6.555,-111.7287179
3300,74.5,-61.814,-135.67,1769.7,6.5175,-112.188946
3301,74.5,-60.248,-135.8,1770.1,6.4811,-112.5938733
3302,75,-58.716,-136.21,1770.5,6.4442,-113.2574563
3303,75,-57.207,-136.86,1770.9,6.4059,-114.4087345
3304,75,-59.223,-138.85,1774.9,6.4997,-115.4854847
3305,75,-57.683,-139.81,1775.3,6.4543,-116.1095736
3306,75,-56.204,-140.78,1775.6,6.4081,-182.8640421
3307,75,-66.155,-141.85,1779.7,6.7503,-115.4626682
3308,75,-64.373,-142.28,1780,6.709,-116.4682898
3309,75,-69.571,-142.15,1782.3,6.8891,-116.9318379
3310,75,-67.734,-142.16,1782.9,6.8499,-117.2508003
3311,75,-65.956,-142,1783.5,6.8124,-117.2903702
3312,75,-64.234,-141.74,1784,6.776,-117.197023
3313,75,-66.205,-141.05,1785.3,6.8844,-116.8400773
3314,75.5,-69.886,-141.32,1786.8,7.0395,-115.8619473
3315,75.5,-67.928,-140.98,1787.2,6.9892,-114.5956351
3316,75.5,-66.01,-140.8,1787.6,6.932,-113.1497022
3317,75.5,-64.132,-140.74,1787.8,6.8679,-111.4946053
3318,75.5,-62.296,-140.73,1788,6.7983,-109.8077952
3319,75.5,-60.511,-140.75,1788.1,6.7256,-108.2103458
3320,75.5,-58.779,-140.78,1788.3,6.6521,-106.3800754
3321,75.5,-57.109,-140.81,1788.4,6.5802,-104.252495
3322,75.5,-55.511,-140.83,1788.5,6.5115,-101.9179661
3323,75.5,-53.988,-140.85,1788.7,6.447,-99.27873184
3324,75.5,-54.235,-141.38,1790.6,6.4338,-167.1650551
3325,75.5,-65.54,-140.54,1794.7,6.7702,-120.5749265
3326,75.5,-64.041,-140.56,1795,6.7399,-119.775438
3327,76,-62.527,-140.53,1795.5,6.7165,-120.3678352
3328,76,-64.667,-142.11,1800,6.884,-120.9406405
3329,76,-66.289,-141.74,1801.2,6.9892,-120.8452526
3330,76,-64.458,-141.83,1801.6,6.9508,-121.1412992
3331,76,-62.645,-141.94,1802,6.9076,-122.0743593
3332,76,-60.873,-142.07,1802.3,6.8604,-122.990268
3333,76,-59.161,-142.2,1802.6,6.8106,-123.3834009
3334,76,-57.527,-142.32,1803,6.7597,-123.1705551
3335,76,-71.167,-143.7,1807.4,7.2279,-122.4824823
3336,76,-69.219,-143.41,1808.1,7.1905,-121.2302595
3337,76,-67.361,-143.04,1808.7,7.1558,-119.8744092
3338,76,-65.584,-142.63,1809.2,7.1229,-119.0388413
3339,76,-63.873,-142.25,1809.7,7.0906,-118.6353281
3340,76.5,-62.209,-141.92,1810.1,7.0571,-118.1649758
3341,76.5,-60.571,-141.66,1810.5,7.019,-117.1673078
3342,76.5,-58.946,-141.49,1810.7,6.9728,-168.7409718
3343,76.5,-59.402,-140.87,1812.5,6.9901,-108.9452271
3344,76.5,-62.902,-141.05,1813.2,7.1406,-108.7328171
3345,76.5,-64.249,-140.67,1813.7,7.2075,-107.9378077
3346,76.5,-62.453,-140.7,1813.6,7.1368,-106.8343295
3347,76.5,-60.685,-140.78,1813.6,7.0654,-105.3038301
3348,76.5,-63.952,-142.44,1817.8,7.1976,-103.4776519
3349,76.5,-62.13,-142.46,1817.8,7.1267,-101.2097427
3350,76.5,-60.382,-142.53,1817.9,7.0603,-147.3924997
3351,76.5,-71.872,-142.25,1822.1,7.4062,-123.4459086
3352,76.5,-70.148,-142.8,1822.5,7.365,-121.8593458
3353,77,-68.35,-142.75,1823,7.3337,-123.0254219
3354,77,-66.536,-142.68,1823.5,7.3054,-124.3980645
3355,77,-64.694,-142.7,1824,7.2765,-124.6220855
3356,77,-62.831,-142.81,1824.4,7.2433,-124.7818193
3357,77,-60.981,-142.99,1824.7,7.2042,-125.6300069
3358,77,-59.18,-143.19,1825,7.1603,-126.6955086
3359,77,-57.448,-143.39,1825.3,7.1134,-127.3735507
3360,77,-58.592,-143.26,1826.2,7.1906,-127.3299003
3361,77,-72.452,-145.31,1830.7,7.6662,-126.8623783
3362,77,-70.344,-145.1,1831.3,7.6252,-125.5560793
3363,77,-68.338,-144.78,1831.9,7.5868,-124.1516031
3364,77,-66.422,-144.38,1832.4,7.5497,-123.1730832
3365,77,-64.577,-143.96,1832.9,7.5123,-122.9046286
3366,77.5,-62.787,-143.56,1833.2,7.4733,-122.832691
3367,77.5,-61.029,-143.23,1833.6,7.4298,-122.0167506
3368,77.5,-59.288,-143.03,1833.8,7.3782,-120.532376
3369,77.5,-57.567,-142.96,1833.9,7.3171,-118.6940784
3370,77.5,-61.482,-145.87,1839.1,7.5536,-116.6145629
3371,77.5,-59.633,-145.77,1839.1,7.4768,-114.2684758
3372,77.5,-57.873,-145.77,1839.1,7.4,-111.6951414
3373,77.5,-57.386,-146.23,1840.6,7.3599,-109.0108286
3374,77.5,-55.805,-146.35,1840.6,7.29,-154.3083557
3375,77.5,-59.486,-145.29,1843.6,7.4747,-106.8692048
3376,77.5,-60.586,-145.11,1844,7.5422,-163.3544518
3377,77.5,-72.138,-145.73,1848,7.874,-128.2302796
3378,77.5,-70.325,-145.65,1848.4,7.8351,-127.2985926
3379,78,-68.5,-145.28,1848.9,7.8003,-128.4502901
3380,78,-66.654,-144.9,1849.3,7.7657,-129.9120525
3381,78,-64.782,-144.65,1849.8,7.7283,-130.2749606
3382,78,-62.893,-144.59,1850.1,7.6854,-130.4216262
3383,78,-61.024,-144.68,1850.4,7.636,-131.1768573
3384,78,-59.214,-144.83,1850.7,7.5817,-132.2045691
3385,78,-57.483,-144.98,1850.9,7.5245,-132.7593334
3386,78,-63.544,-145.27,1853,7.6939,-132.555229
3387,78,-69.448,-147.11,1855.7,7.9399,-131.883166
3388,78,-67.421,-146.76,1856.3,7.8954,-130.386747
3389,78,-67.966,-146.09,1857.5,7.9705,-128.7735585
3390,78,-66.012,-145.54,1858,7.922,-127.6367352
3391,78.5,-64.127,-144.97,1858.3,7.8714,-127.1461834
3392,78.5,-68.36,-148.21,1863.7,8.0544,-126.5063067
3393,78.5,-66.293,-147.34,1863.9,7.9889,-125.0424224
3394,78.5,-64.27,-146.67,1864,7.9145,-122.9179224
3395,78.5,-62.301,-146.24,1864.1,7.832,-134.8776094
3396,78.5,-59.769,-145.46,1863.3,7.6903,-109.6145689
3397,78.5,-58.349,-145.42,1863,7.6211,-108.4018902
3398,78.5,-56.919,-145.66,1862.8,7.5505,-106.7847073
3399,78.5,-55.515,-145.89,1862.7,7.4816,-104.9821374
3400,78.5,-54.154,-146.08,1862.6,7.4162,-103.0564488
3401,78.5,-52.846,-146.21,1862.6,7.3553,-138.7653939
3402,78.5,-64.206,-144.92,1866.4,7.6293,-127.5383671
3403,78.5,-62.659,-144.59,1866.8,7.5998,-127.4037732
3404,79,-61.106,-144.08,1867.3,7.5765,-129.1475028
3405,79,-59.528,-143.55,1867.7,7.5534,-130.8508789
3406,79,-57.915,-143.16,1868.1,7.5263,-131.3477939
3407,79,-56.275,-143,1868.4,7.4919,-131.9001834
3408,79,-54.651,-143.03,1868.7,7.45,-132.9633716
3409,79,-53.081,-143.13,1869,7.403,-134.205825
3410,79,-59.646,-143.45,1871,7.583,-134.8277671
3411,79,-57.911,-143.46,1871.4,7.5301,-140.8192431
3412,79,-67.853,-145.42,1878.4,7.9857,-127.2482515
3413,79,-66.205,-144.8,1878.7,7.9556,-128.011322
3414,79,-67.017,-144.31,1879.8,8.0397,-127.6496802
3415,79.5,-65.201,-143.89,1880.2,7.9946,-127.8790811
3416,79.5,-69.368,-147.15,1886.1,8.2492,-128.1261094
3417,79.5,-67.294,-146.36,1886.3,8.1866,-127.3556777
3418,79.5,-65.227,-145.8,1886.5,8.1133,-125.5557879
3419,79.5,-63.183,-145.55,1886.5,8.0289,-123.2494858
3420,79.5,-62.062,-145.83,1887.9,7.9619,-120.5132117
3421,79.5,-60.143,-145.99,1887.9,7.868,-117.5930522
3422,79.5,-58.331,-146.26,1887.8,7.7765,-114.547665
3423,79.5,-56.633,-146.57,1887.8,7.6903,-111.6059757
3424,79.5,-55.051,-146.87,1887.8,7.6104,-108.9108178
3425,79.5,-53.576,-147.16,1887.9,7.5372,-134.7372324
3426,79.5,-64.892,-147.15,1890.9,7.7438,-135.7094853
3427,79.5,-63.214,-147.47,1891.3,7.7052,-135.1520625
3428,80,-61.546,-147.16,1891.8,7.6758,-135.0494779
3429,80,-59.874,-146.56,1892.2,7.6478,-136.5277191
3430,80,-58.199,-145.94,1892.7,7.6169,-138.0011655
3431,80,-56.518,-145.53,1893.1,7.5807,-138.4012601
3432,80,-54.845,-145.45,1893.4,7.5375,-138.64259
3433,80,-53.22,-145.59,1893.7,7.4884,-139.3868172
3434,80,-59.82,-145.94,1895.7,7.6684,-140.2021816
3435,80,-58.02,-146.02,1896.1,7.6127,-140.4987806
3436,80,-63.94,-148.38,1898.8,7.8625,-111.1503134
3437,80,-65.487,-150.29,1903.7,7.9976,-132.4557091
3438,80,-66.223,-150.11,1904.7,8.0513,-136.2672035
3439,80,-67.84,-149.02,1909.1,8.177,-129.8666527
3440,80.5,-68.321,-147.57,1909.9,8.2284,-129.65019
3441,80.5,-66.33,-146.6,1910.1,8.1562,-129.1760125
3442,80.5,-64.339,-145.97,1910.2,8.0759,-127.6146362
3443,80.5,-62.359,-145.78,1910.3,7.9876,-125.1729109
3444,80.5,-60.419,-145.94,1910.2,7.8942,-122.2584763
3445,80.5,-58.557,-146.29,1910.2,7.8007,-119.2049158
3446,80.5,-56.796,-146.71,1910.1,7.7112,-116.2917702
3447,80.5,-55.145,-147.11,1910.1,7.628,-113.6831186
3448,80.5,-53.603,-147.44,1910.1,7.5517,-111.4323582
3449,80.5,-52.162,-147.69,1910.1,7.4824,-136.4642408
3450,80.5,-64.189,-147.81,1914.2,7.8121,-141.681447
3451,80.5,-62.397,-147.38,1914.7,7.7768,-141.5930194
3452,81,-60.612,-146.66,1915.1,7.7449,-141.6025188
3453,81,-58.833,-145.84,1915.5,7.7107,-125.9197759
3454,81,-61.981,-148.6,1920.5,7.9345,-137.5291429
3455,81,-60.214,-147.69,1920.7,7.8856,-139.4025417
3456,81,-58.408,-147.51,1920.9,7.8277,-141.0863452
3457,81,-65.09,-147.63,1922.9,8.0027,-142.583314
3458,81,-63.043,-147.58,1923.2,7.9352,-143.5891662
3459,81,-61.083,-147.47,1923.5,7.8668,-143.8482891
3460,81,-69.192,-150.61,1927,8.2178,-143.5576726
3461,81,-66.91,-149.94,1927.4,8.1546,-142.636078
3462,81,-64.691,-149.11,1927.7,8.0871,-176.1703878
3463,81,-71.669,-147.18,1935.1,8.3968,-134.8049332
3464,81.5,-75.161,-146.35,1936.4,8.5609,-135.6435942
3465,81.5,-72.594,-145.82,1936.5,8.4704,-135.8524342
3466,81.5,-70.071,-145.57,1936.6,8.3719,-132.8947468
3467,81.5,-66.953,-147.41,1936.5,8.2611,-130.3122201
3468,81.5,-64.77,-147.34,1936.6,8.1635,-126.7846061
3469,81.5,-63.23,-147.83,1938.1,8.0805,-122.1195466
3470,81.5,-61.203,-148.23,1938.2,7.9859,-116.7775396
3471,81.5,-61.834,-150.06,1939,8.0187,-111.3600819
3472,81.5,-59.952,-150.48,1939.2,7.9314,-168.4177944
3473,81.5,-70.7,-151.64,1943.5,8.2453,-143.8896247
3474,81.5,-68.204,-151.55,1943.9,8.1853,-145.1624229
3475,81.5,-65.773,-151.12,1944.4,8.1246,-145.7110862
3476,81.5,-63.409,-150.43,1944.8,8.0606,-145.975341
3477,81.5,-61.122,-149.72,1945.1,7.9923,-146.3310892
3478,82,-58.927,-149.17,1945.4,7.9199,-194.6651046
3479,82,-61.276,-149.08,1947.6,8.0062,-148.3378215
3480,82,-67.63,-148.22,1949.7,8.1563,-148.2741448
3481,82,-65.095,-147.77,1950.1,8.0815,-147.2701178
3482,82,-65.154,-148.29,1951.4,8.1287,-146.9030965
3483,82,-69.745,-150.31,1954,8.3832,-146.873904
3484,82,-73.701,-148.92,1955.9,8.571,-146.4150717
3485,82,-70.916,-148.55,1956.3,8.4953,-145.9157581
3486,82,-68.242,-148.32,1956.7,8.408,-145.3220443
3487,82,-65.665,-148.2,1956.9,8.3098,-144.270636
3488,82,-63.183,-148.15,1957.1,8.2045,-142.2740052
3489,82,-66.428,-148.33,1961.8,8.3325,-140.0040648
3490,82,-63.93,-148.5,1962,8.2166,-136.3510267
3491,82,-64.343,-150.13,1963.2,8.2496,-130.3636473
3492,82,-62.039,-150.33,1963.5,8.1415,-130.6014697
3493,82.5,-59.945,-149.82,1963.4,8.0308,-134.4694086
3494,82.5,-71.386,-150.95,1967.4,8.337,-144.0169059
3495,82.5,-68.767,-150.57,1967.8,8.2728,-146.2574595
3496,82.5,-66.238,-150.08,1968.3,8.2103,-148.2186786
3497,82.5,-63.795,-149.51,1968.7,8.1467,-203.5704649
3498,82.5,-66.929,-149.16,1970.9,8.245,-149.8784352
3499,82.5,-64.387,-149.44,1971.3,8.1727,-153.8475885
3500,82.5,-64.825,-150.81,1972.7,8.2355,-156.3544093
3501,82.5,-71.212,-150.38,1974.7,8.3781,-157.3237593
3502,82.5,-68.26,-149.88,1975.2,8.2867,-156.4499952
3503,82.5,-65.475,-149.44,1975.8,8.1976,-155.1173968
3504,82.5,-62.877,-149.1,1976.3,8.1133,-154.514626
3505,82.5,-67.323,-147.89,1978.3,8.2784,-154.6295001
3506,83,-71.357,-149.27,1980.9,8.5441,-154.3554997
3507,83,-68.482,-149.16,1981.3,8.4603,-153.6371288
3508,83,-65.726,-149.28,1981.7,8.366,-152.55581
3509,83,-63.084,-149.5,1982,8.2619,-150.689377
3510,83,-63.611,-150.97,1983.4,8.3054,-147.888718
3511,83,-61.036,-151.2,1983.6,8.1892,-144.5169668
3512,83,-58.613,-151.25,1983.8,8.0762,-140.2038482
3513,83,-56.733,-151.29,1985.4,7.9785,-133.458876
3514,83,-59.422,-153.16,1989.7,8.0765,-114.3544012
3515,83,-63.813,-151.66,1992.2,8.1726,-149.1888224
3516,83,-68.379,-152.92,1993.7,8.3085,-209.0390013
3517,83,-72.035,-150.83,1996,8.403,-151.359146
3518,83,-69.254,-151.08,1996.5,8.3373,-156.9511899
3519,83,-69.707,-153.01,1998.1,8.4133,-159.7189995
3520,83,-66.841,-153.74,1998.5,8.3261,-161.9850851
3521,83.5,-64.045,-154.37,1998.9,8.2317,-163.9625467
3522,84,-70.375,-154.17,2001,8.3635,-164.902431
3523,84,-67.338,-153.4,2001.5,8.2651,-164.8773584
3524,84,-64.464,-152.48,2002.1,8.1691,-163.8035959
3525,84,-69.127,-150.77,2004.2,8.3216,-162.396824
3526,84,-66.355,-150.23,2004.8,8.2368,-160.9895495
3527,84,-70.4,-150.88,2007.2,8.4847,-160.5288722
3528,84.5,-70.916,-151.85,2009,8.5613,-160.3843523
3529,84.5,-67.838,-152.25,2009.4,8.4551,-159.2360346
3530,84.5,-64.883,-152.88,2009.8,8.3407,-156.8808109
3531,84.5,-62.077,-153.54,2010.1,8.2206,-153.3692144
3532,84.5,-59.437,-154.08,2010.3,8.0991,-148.4150371
3533,84.5,-56.977,-154.42,2010.6,7.9804,-142.3012267
3534,84.5,-54.712,-154.47,2010.8,7.8675,-105.1064977
3535,84.5,-59.68,-153.94,2013.3,7.9427,-155.0143735
3536,84.5,-57.358,-152.84,2013.4,7.8619,-224.6538581
3537,84.5,-62.033,-149.89,2015.7,7.9542,-163.6210011
3538,85,-69.606,-151.68,2018.9,8.2649,-165.4066527
3539,85,-66.845,-151.96,2019.4,8.1904,-167.9718134
3540,85,-64.114,-152.87,2019.9,8.1072,-170.6531873
3541,85,-65.411,-155.64,2024,8.1723,-172.4322565
3542,85,-62.709,-156.6,2024.4,8.0677,-172.5936878
3543,85,-69.085,-157.41,2026.5,8.1813,-171.3395204
3544,85,-66.341,-157.07,2027,8.0809,-170.1179673
3545,85,-71.766,-156.6,2029.4,8.2472,-169.5878581
3546,85.5,-72.932,-158.07,2031.4,8.3753,-168.4799118
3547,85.5,-70.034,-157.9,2032,8.292,-166.605337
3548,85.5,-67.157,-157.87,2032.4,8.2015,-164.9273955
3549,85.5,-64.303,-157.83,2032.7,8.099,-164.0051284
3550,85.5,-67.015,-157.37,2034.4,8.2492,-162.4594059
3551,85.5,-63.904,-157.03,2034.6,8.1142,-159.4215528
3552,85.5,-61.157,-156.81,2036.2,7.986,-154.3803668
3553,85.5,-58.392,-156.46,2036.5,7.8538,-146.2869541
3554,85.5,-55.867,-156.08,2036.7,7.7289,-153.8026113
3555,85.5,-68.669,-155.08,2041.2,7.981,-162.0023106
3556,86,-70.29,-157.54,2043.3,8.1054,-166.8269664
3557,86,-67.763,-157.03,2043.9,8.0358,-169.9016809
3558,86,-65.127,-156.72,2044.3,7.9603,-171.5799193
3559,86,-62.413,-156.49,2044.6,7.8707,-175.2360062
3560,86,-65.378,-155.77,2046.1,7.9879,-178.8223854
3561,86,-62.418,-155.28,2046.4,7.876,-179.6293704
3562,86,-59.633,-154.79,2046.7,7.7624,-178.0233963
3563,86,-78.893,-158.09,2052.2,8.3654,-175.7477273
3564,86,-75.46,-157,2052.9,8.2656,-175.1506525
3565,86.5,-76.051,-157.2,2057,8.3041,-175.7246457
3566,86.5,-72.777,-156.19,2057.6,8.2091,-174.6511195
3567,86.5,-69.546,-155.43,2058,8.1086,-172.5971704
3568,86.5,-66.361,-154.96,2058.3,7.9959,-171.3995271
3569,86.5,-63.28,-154.67,2058.5,7.8728,-170.1524159
3570,86.5,-60.353,-154.48,2058.7,7.7452,-167.2284977
3571,86.5,-62.584,-153.41,2060.4,7.8841,-161.7522157
3572,86.5,-64.332,-154.9,2062.1,7.9583,-153.2739123
3573,86.5,-61.26,-154.74,2062.4,7.8095,-82.45192657
3574,86.5,-66.12,-153.98,2064.9,7.8335,-236.3952622
3575,87,-71.215,-154.94,2067.4,7.9498,-169.4417297
3576,87,-68.622,-154,2067.9,7.8775,-174.1492921
3577,87,-65.948,-153.22,2068.3,7.8011,-176.1075051
3578,87,-63.17,-152.82,2068.6,7.7116,-178.7748444
3579,87,-60.408,-152.69,2068.8,7.6091,-182.6085023
3580,87,-68.247,-153.03,2071.8,7.9455,-184.6063961
3581,87,-64.953,-152.87,2072.1,7.8214,-183.8699718
3582,87,-79.583,-155.9,2076.1,8.1875,-181.5893847
3583,87,-75.978,-155.11,2076.8,8.0821,-179.9448314
3584,87.5,-72.684,-154.22,2078.7,7.9931,-180.3715509
3585,87.5,-69.452,-153.12,2079.3,7.898,-180.3983122
3586,87.5,-66.295,-152.18,2079.8,7.7998,-178.6253416
3587,87.5,-63.17,-151.67,2080.1,7.6905,-176.3586134
3588,87.5,-60.13,-151.55,2080.3,7.5696,-174.4685231
3589,87.5,-62.738,-152.74,2082,7.6678,-171.6738174
3590,87.5,-59.693,-153.03,2082.2,7.525,-166.7672978
3591,87.5,-61.565,-152.2,2083.9,7.636,-160.2702144
3592,87.5,-61.528,-153.32,2087.1,7.5757,-104.051144
3593,87.5,-66.425,-152.96,2089.4,7.6107,-246.0845456
3594,88,-71.309,-154.38,2091.9,7.7227,-175.2396223
3595,88,-68.616,-153.17,2092.4,7.6468,-180.3004485
3596,88,-65.863,-152.01,2092.8,7.5662,-182.8196016
3597,88,-68.686,-152.15,2094.5,7.6928,-185.0714544
3598,88,-65.401,-152.24,2094.8,7.5823,-188.4265486
3599,88,-67.771,-151.64,2096.2,7.6895,-190.5050537
3600,88,-73.529,-152.19,2098.5,7.8115,-189.7757322
3601,88,-78.727,-155.22,2100.7,7.936,-187.9778409
3602,88,-74.991,-154.47,2101.3,7.8343,-186.3178082
3603,88.5,-71.476,-153.41,2102,7.7385,-185.8684321
3604,88.5,-68.14,-152.09,2102.5,7.6443,-186.2620618
3605,88.5,-64.929,-150.78,2102.9,7.5472,-185.099072
3606,88.5,-67.885,-150.79,2104.8,7.6876,-182.1192248
3607,88.5,-64.465,-150.88,2105,7.5603,-178.3070332
3608,88.5,-61.229,-151.23,2105.2,7.4288,-173.948736
3609,88.5,-63.279,-150.66,2106.8,7.5636,-167.5564813
3610,88.5,-60.112,-150.7,2107.1,7.4247,-159.4051762
3611,88.5,-57.218,-150.71,2107.3,7.2973,-125.545384
3612,88.5,-62.12,-150.13,2109.6,7.3729,-250.8986176
3613,89,-66.751,-152.66,2112.1,7.4995,-182.8776782
3614,89,-70.321,-151.31,2113.9,7.6576,-187.6914978
3615,89,-67.122,-150.22,2114.4,7.5917,-191.3508534
3616,89,-64.127,-149.88,2116.2,7.5242,-192.6967325
3617,89,-66.619,-149.55,2117.6,7.6501,-193.5230699
3618,89,-74.955,-151.28,2122.4,7.8682,-193.9117939
3619,89,-71.115,-151.39,2123,7.7763,-193.3417563
3620,89,-75.689,-155.64,2126.4,7.9455,-192.3133237
3621,89,-71.822,-155.29,2127,7.8704,-190.9343262
3622,89,-68.512,-154.69,2129,7.8079,-188.9749815
3623,89.5,-71.825,-153.51,2132.3,7.9856,-187.0582546
3624,89.5,-68.171,-152.62,2132.6,7.8861,-185.3989448
3625,89.5,-65.268,-152.08,2134.4,7.795,-182.256234
3626,89.5,-61.982,-151.62,2134.6,7.6849,-176.4893297
3627,89.5,-64.185,-150.89,2136,7.8046,-168.5483504
3628,89.5,-61.025,-150.9,2136.3,7.696,-133.455125
3629,89.5,-65.587,-151.16,2138.9,7.7644,-180.9595326
3630,89.5,-63.566,-151.52,2140.9,7.727,-185.5988303
3631,89.5,-67.487,-151.25,2142.7,7.8848,-259.342904
3632,89.5,-70.597,-153.5,2145.2,8.046,-188.0846189
3633,89.5,-67.09,-153.1,2145.6,8.0032,-193.1230494
3634,89.5,-63.573,-152.85,2146,7.9437,-196.409317
3635,90,-60.209,-152.98,2147.5,7.8789,-197.148093
3636,90,-71.891,-152.67,2150.9,8.25,-195.5486691
3637,90,-67.934,-152.35,2151.6,8.1903,-194.5114865
3638,90,-72.179,-155.48,2153.7,8.3716,-194.5544782
3639,90,-79.098,-155.5,2160.8,8.6812,-194.0974244
3640,90,-74.911,-155,2161.4,8.613,-193.4608588
3641,90,-70.921,-154.76,2161.7,8.5199,-192.2593937
3642,90,-67.095,-154.72,2161.9,8.4091,-189.2432894
3643,90,-63.461,-154.76,2162,8.2933,-184.5930686
3644,90,-60.069,-154.79,2162.2,8.1824,-175.2567133
3645,90,-62.209,-153.86,2163.4,8.2942,-163.0472714
3646,90.5,-59.155,-153.65,2163.7,8.2002,-188.9613872
3647,90.5,-70.989,-151.75,2168.1,8.5133,-190.2581456
3648,90.5,-67.401,-151.81,2168.6,8.467,-196.2282059
3649,90.5,-63.944,-152.88,2169.2,8.4236,-263.41807
3650,90.5,-66.505,-154.87,2171.8,8.5844,-194.4786386
3651,90.5,-64.21,-156.07,2174.3,8.5582,-202.1112203
3652,90.5,-60.61,-156.39,2174.7,8.4819,-205.2130728
3653,90.5,-66.852,-156.04,2177.5,8.6598,-204.2035887
3654,90.5,-68.304,-154.67,2179.1,8.7814,-202.5499545
3655,90.5,-80.523,-155.88,2183.1,9.2073,-202.4862768
3656,91,-76.037,-155.23,2183.9,9.148,-202.7598074
3657,91,-71.708,-155.15,2184.4,9.0674,-202.210642
3658,91,-67.786,-155.52,2185.6,8.9707,-200.886464
3659,91.5,-63.865,-155.98,2185.7,8.8429,-197.3630979
3660,91.5,-60.165,-156.34,2185.8,8.7098,-191.9021443
3661,91.5,-58.726,-157.16,2188.3,8.6432,-183.1425569
3662,91.5,-62.335,-156.94,2191.7,8.7795,-177.368946
3663,91.5,-74.912,-157.56,2196.1,9.0442,-199.3502287
3664,91.5,-70.487,-154.05,2196.6,8.967,-204.8347997
3665,91.5,-66.746,-154.18,2197.3,8.9059,-210.3385425
3666,92,-63.106,-155.68,2197.9,8.8418,-213.160482
3667,92,-59.634,-157.69,2198.4,8.7682,-276.7078466
3668,92,-61.469,-158.64,2200.9,8.9024,-213.2981389
3669,92,-67.781,-158.71,2203.7,9.0638,-214.8743432
3670,92,-77.902,-156.42,2207.3,9.419,-213.8847977
3671,92,-83.549,-158.55,2212.3,9.6588,-212.8231122
3672,92.5,-78.815,-157.71,2213.2,9.5906,-212.3864119
3673,92.5,-74.186,-157.79,2213.7,9.4937,-212.7020231
3674,92.5,-69.674,-158.64,2214,9.3666,-210.7698708
3675,92.5,-65.388,-159.68,2214.2,9.2197,-206.5463678
3676,92.5,-61.377,-160.49,2214.2,9.0701,-199.1877684
3677,92.5,-63.482,-160.38,2215.1,9.1491,-188.6413733
3678,92.5,-59.83,-159.82,2215.3,9.0209,-245.1749173
3679,92.5,-74.785,-157.7,2223.7,9.4071,-222.9160291
3680,93,-70.882,-156.56,2224.6,9.3431,-224.1654402
3681,93,-67.271,-157.44,2225.4,9.2882,-226.2016539
3682,93,-63.719,-159.17,2226,9.223,-229.9979716
3683,93,-60.247,-160.46,2226.6,9.1448,-230.4141044
3684,93,-67.705,-161.91,2229.7,9.3649,-226.7981822
3685,93,-73.624,-161.6,2233,9.5758,-280.0227826
3686,93.5,-79.509,-160.22,2236.4,9.8382,-217.8228513
3687,93.5,-83.343,-161.47,2238,10.024,-217.0046258
3688,93.5,-81.545,-161.98,2241.9,10.044,-217.3137151
3689,93.5,-76.42,-161.29,2241.7,9.8833,-217.6941915
3690,93.5,-71.101,-160.87,2242.4,9.7819,-214.5827474
3691,93.5,-73.431,-161.1,2244.8,9.8326,-206.9146019
3692,93.5,-68.667,-160.76,2244.8,9.6847,-204.5891963
3693,93.5,-81.704,-160.2,2249.4,9.9726,-235.4692527
3694,94,-82.438,-163.4,2254.3,10.141,-236.6601827
3695,94,-77.943,-163.53,2255.3,10.089,-240.4319945
3696,94,-73.245,-163.74,2255.9,10.018,-247.6155801
3697,94,-68.598,-163.82,2256.3,9.9255,-249.0935641
3698,94,-85.577,-166.13,2261.4,10.379,-244.3647426
3699,94,-80.759,-165.12,2262.8,10.346,-241.8415828
3700,94.5,-76.38,-163.88,2263.9,10.327,-241.9429443
3701,94.5,-72.087,-162.86,2264.5,10.281,-240.5500026
3702,94.5,-67.627,-162.19,2264.5,10.164,-239.2614526
3703,94.5,-70.319,-167.19,2268.4,10.293,-255.773335
3704,94.5,-78.537,-165.02,2271.3,10.583,-224.7926135
3705,94.5,-79.382,-164.62,2271.5,10.617,-230.5209642
3706,94.5,-93.178,-163.8,2275.8,10.885,-253.1603009
3707,95,-104.44,-170.08,2281.2,11.191,-255.7424259
3708,95,-97.736,-170.32,2282.4,11.127,-261.1524773
3709,95,-90.759,-170.4,2283.1,11.031,-270.0705747
3710,95,-83.996,-170.14,2283.6,10.906,-272.6364659
3711,95,-100.03,-173.56,2288.9,11.327,-268.5393081
3712,95.5,-93.421,-171.44,2290.4,11.268,-267.7862183
3713,95.5,-87.384,-168.57,2291.5,11.211,-269.3369251
3714,95.5,-81.428,-165.87,2291.9,11.102,-269.2333199
3715,95.5,-101.55,-161.9,2294.4,11.415,-268.6986165
3716,95.5,-93.237,-160.02,2294.1,11.174,-264.7509642
3717,95.5,-85.238,-158.93,2294,10.949,-244.8202906
3718,95.5,-76.339,-160.95,2294.6,10.938,-268.4355644
3719,96,-89.626,-161.68,2299.8,11.208,-293.682432
3720,96,-99.181,-167.78,2305.6,11.447,-300.848289
3721,96,-89.398,-165.34,2306.8,11.284,-294.6847763
3722,96,-106.8,-169.77,2312.8,11.662,-299.9113487
3723,96,-98.998,-168.88,2314.5,11.589,-282.3341073
3724,96.5,-90.804,-162.82,2316,11.558,-290.9747326
3725,96.5,-111.51,-163.35,2320.2,11.803,-294.9612137
3726,96.5,-130.66,-161.09,2322.6,12.047,-299.2641213
3727,96.5,-118.52,-161.63,2322.5,11.729,-295.5715543
3728,96.5,-106.43,-162.86,2322.7,11.435,-249.2477389
3729,97,-117.85,-163.92,2328.5,11.592,-339.5758357
3730,97,-107.67,-160.68,2330.7,11.502,-351.9755225
3731,97,-97.168,-159.21,2332,11.388,-372.5751546
3732,97,-149.5,-171.31,2339.4,12.127,-377.5997214
3733,97.5,-137.42,-168.17,2341.8,12.084,-380.7525368
3734,97.5,-155.29,-163.99,2347.2,12.374,-293.4781798
3735,97.5,-139.14,-161.69,2346.9,12.163,-383.6498995
3736,97.5,-122.84,-161.09,2346.5,11.794,-387.2646114
3737,98,-106.16,-161.49,2347,11.462,-455.5737096
3738,98,-116.18,-162.35,2354.5,11.613,-473.9949927
3739,98,-100.37,-160.16,2356.2,11.476,-526.112091
3740,98.5,-190.65,-175.1,2367.9,12.311,-502.887542
3741,98.5,-169.27,-165.52,2371.1,12.413,-595.0880269
3742,98.5,-141.8,-161.94,2371.1,12.054,-533.9004233
3743,99,-148.02,-168.32,2378.1,12.023,-766.8623002
3744,99.5,-113.48,-162.64,2382.9,12.127,-684.896287
3745,100,-139.3,-182.77,2390.2,14.07,32.11772254
3746,100,-109.35,-246.59,2404.9,13.27,39.53729581
3747,100,-63.805,-231.39,2406.7,13.536,38.95005609
3748,100,-50.473,-216.7,2408.9,14.111,-13.99616442
3749,100,-40.434,-213.68,2409,14.587,-2.630088353
3750,100,-36.14,-211.39,2409.1,14.927,-0.266293087
3751,100,-32.912,-209.52,2409.3,15.175,0.007538437
3752,100,-30.493,-207.95,2409.4,15.343,0.140882288
3753,100,-28.645,-206.51,2409.6,15.445,0.236471
3754,100,-27.213,-205.18,2409.8,15.496,0.309578197
3755,100,-26.083,-204,2409.9,15.507,0.368757608
3756,100,-25.175,-202.97,2410.1,15.484,0.418122986
3757,100,-24.431,-202.15,2410.3,15.433,0.460182896
3758,100,-23.807,-201.57,2410.4,15.36,0.496344937
3759,100,-23.272,-201.27,2410.6,15.266,0.527464135
3760,100,-22.804,-201.28,2410.7,15.156,0.554380771
3761,100,-22.386,-201.63,2410.8,15.031,0.57749924
3762,100,-22.005,-202.35,2411,14.894,0.597684389
3763,100,-21.651,-203.44,2411.1,14.746,0.615333274
3764,100,-21.317,-204.89,2411.2,14.589,0.630419098
3765,100,-20.998,-206.7,2411.3,14.424,0.643346334
3766,100,-20.69,-208.83,2411.5,14.252,0.654509382
3767,100,-20.389,-211.25,2411.6,14.075,0.66388421
3768,100,-20.093,-213.92,2411.7,13.893,0.671772993
3769,100,-19.8,-216.8,2411.8,13.708,0.678540393
3770,100,-19.51,-219.82,2411.9,13.519,0.684473928
3771,100,-19.22,-222.94,2412,13.328,0.689146979
3772,100,-18.931,-226.12,2412.1,13.137,0.693013874
3773,100,-18.642,-229.3,2412.1,12.947,0.695719432
3774,100,-18.354,-232.46,2412.2,12.758,0.69790264
3775,100,-18.067,-235.55,2412.3,12.573,0.699805329
3776,100,-17.782,-238.55,2412.4,12.393,0.700838336
3777,100,-17.498,-241.44,2412.5,12.218,0.701156619
3778,100,-17.218,-244.2,2412.5,12.048,0.700697159
3779,100,-16.942,-246.82,2412.6,11.886,0.700007076
3780,100,-16.67,-249.29,2412.7,11.73,0.698713179
3781,100,-16.404,-251.62,2412.7,11.58,0.696931461
3782,100,-16.145,-253.79,2412.8,11.438,0.695076784
3783,100,-15.892,-255.82,2412.8,11.302,0.692592085
3784,100,-15.648,-257.7,2412.9,11.172,0.690068723
3785,100,-15.413,-259.44,2412.9,11.048,0.687080559
3786,100,-15.186,-261.04,2413,10.929,0.683936773
3787,100,-14.968,-262.52,2413,10.816,0.680605294
3788,100,-14.759,-263.88,2413.1,10.708,0.677180983
3789,100,-14.56,-265.13,2413.1,10.604,0.673330538
3790,100,-14.37,-266.27,2413.2,10.505,0.669408597
3791,100,-13.928,-268.48,2414.6,10.512,0.665434615
3792,100,-13.754,-269.45,2414.6,10.421,0.661339287
3793,100,-13.598,-270.69,2416.2,10.34,0.656982101
3794,100,-13.439,-271.51,2416.2,10.256,0.652573935
3795,100,-13.287,-272.27,2416.3,10.174,0.648104311
3796,100,-13.142,-272.98,2416.3,10.094,0.643657963
3797,100,-13.002,-273.63,2416.4,10.017,0.638918366
3798,100,-12.868,-274.24,2416.4,9.9408,0.4755538
3799,100,-12.74,-274.84,2416.4,9.8674,0.473072084
3800,100,-12.617,-275.4,2416.5,9.7954,0.470366699
3801,100,-12.498,-275.93,2416.5,9.7244,0.46761741
3802,100,-12.383,-276.42,2416.5,9.6544,0.4649972
3803,100,-12.272,-276.89,2416.6,9.5852,0.462294269
3804,100,-12.164,-277.32,2416.6,9.5166,0.45940787
3805,100,-12.059,-277.72,2416.6,9.4486,0.456810081
3806,100,-11.956,-278.08,2416.7,9.3812,0.454020776
3807,100,-11.856,-278.41,2416.7,9.3142,0.451162839
3808,100,-11.757,-278.71,2416.7,9.2478,0.448503152
3809,100,-11.661,-278.98,2416.8,9.1819,0.445748382
3810,100,-11.566,-279.21,2416.8,9.1168,0.442932119
3811,100,-11.473,-279.41,2416.8,9.0526,0.440168729
3812,100,-11.382,-279.58,2416.8,8.9894,0.43742168
3813,100,-11.291,-279.73,2416.9,8.9275,0.434698902
3814,100,-11.202,-279.84,2416.9,8.8671,0.431952885
3815,100,-11.113,-279.93,2416.9,8.8085,0.429163247
3816,100,-11.025,-280.01,2417,8.7519,0.426429755
3817,100,-10.938,-280.08,2417,8.6975,0.423669035
3818,100,-10.851,-280.13,2417,8.6453,0.420925424
3819,100,-10.764,-280.19,2417,8.5955,0.418263935
3820,100,-10.678,-280.26,2417.1,8.548,0.415476508
3821,100,-10.591,-280.33,2417.1,8.5029,0.412701619
3822,100,-10.505,-280.43,2417.1,8.4598,0.409999412
3823,100,-10.418,-280.54,2417.2,8.4188,0.407392441
3824,100,-10.331,-280.68,2417.2,8.3797,0.404598505
3825,100,-10.244,-280.85,2417.2,8.3421,0.401881487
3826,100,-10.157,-281.04,2417.2,8.3059,0.399313828
3827,100,-10.069,-281.26,2417.3,8.2709,0.396538133
3828,100,-9.9816,-281.5,2417.3,8.2369,0.393966905
3829,100,-9.8936,-281.77,2417.3,8.2038,0.391216733
3830,100,-9.8053,-282.05,2417.3,8.1714,0.388687183
3831,100,-9.7171,-282.36,2417.4,8.1396,0.385951671
3832,100,-9.6289,-282.67,2417.4,8.1082,0.383405461
3833,100,-9.5411,-283.01,2417.4,8.0773,0.380843111
3834,100,-9.4536,-283.35,2417.4,8.0467,0.378104026
3835,100,-9.3668,-283.69,2417.5,8.0164,0.375683923
3836,100,-9.2807,-284.04,2417.5,7.9863,0.373063923
3837,100,-9.1958,-284.39,2417.5,7.9565,0.370412753
3838,100,-9.112,-284.73,2417.5,7.9268,0.367971313
3839,100,-9.0296,-285.07,2417.5,7.8974,0.365454643
3840,100,-8.9487,-285.4,2417.6,7.8682,0.362948037
3841,100,-8.8696,-285.72,2417.6,7.8391,0.360420012
3842,100,-8.7922,-286.03,2417.6,7.8103,0.357836506
3843,100,-8.7167,-286.32,2417.6,7.7816,0.355470304
3844,100,-8.6432,-286.6,2417.6,7.7532,0.352987525
3845,100,-8.5718,-286.86,2417.7,7.7249,0.350534984
3846,100,-8.5024,-287.1,2417.7,7.6969,0.348144878
3847,100,-8.4352,-287.32,2417.7,7.6691,0.34565529
3848,100,-8.37,-287.53,2417.7,7.6414,0.34331481
3849,100,-8.3069,-287.71,2417.7,7.614,0.340901822
3850,100,-8.2459,-287.87,2417.8,7.5868,0.338521963
3851,100,-8.1868,-288.01,2417.8,7.5598,0.336193973
3852,100,-8.1299,-288.14,2417.8,7.533,0.333803501
3853,100,-8.0748,-288.24,2417.8,7.5064,0.331523659
3854,100,-8.0217,-288.33,2417.8,7.4799,0.329286555
3855,100,-7.9704,-288.41,2417.8,7.4536,0.32686382
3856,100,-7.9209,-288.47,2417.8,7.4275,0.324561372
3857,100,-7.8731,-288.51,2417.9,7.4015,0.322316698
3858,100,-7.827,-288.55,2417.9,7.3756,0.320035893
3859,100,-7.7826,-288.57,2417.9,7.3499,0.317935326
3860,100,-7.7397,-288.59,2417.9,7.3243,0.315592267
3861,100,-7.6983,-288.6,2417.9,7.2988,0.313366494
3862,100,-7.6583,-288.59,2417.9,7.2734,0.311152801
3863,100,-7.6197,-288.59,2417.9,7.2481,0.309076171
3864,100,-7.5824,-288.57,2418,7.2229,0.306811104
3865,100,-7.5464,-288.55,2418,7.1978,0.304672945
3866,100,-7.5114,-288.53,2418,7.1727,0.302604549
3867,100,-7.4777,-288.5,2418,7.1477,0.300391352
3868,100,-7.445,-288.47,2418,7.1228,0.298365283
3869,100,-7.4132,-288.43,2418,7.0979,0.29622651
3870,100,-7.3823,-288.39,2418,7.073,0.294101784
3871,100,-7.3523,-288.35,2418,7.0482,0.292117687
3872,100,-7.3231,-288.31,2418,7.0234,0.289992093
3873,100,-7.2946,-288.27,2418.1,6.9986,0.288075893
3874,100,-7.2668,-288.22,2418.1,6.9738,0.285900136
3875,100,-7.2397,-288.17,2418.1,6.949,0.284024418
3876,100,-7.2131,-288.12,2418.1,6.9243,0.281919801
3877,100,-7.1379,-288.38,2419.5,6.9053,0.28005419
3878,100,-7.1119,-288.32,2419.5,6.8805,0.278074809
3879,100,-7.0864,-288.27,2419.5,6.8556,0.276020902
3880,100,-7.0614,-288.21,2419.5,6.8308,0.274198187
3881,100,-7.0367,-288.16,2419.5,6.806,0.272162912
3882,100,-7.0125,-288.1,2419.6,6.7811,0.270356126
3883,100,-6.9886,-288.04,2419.6,6.7562,0.268470694
3884,100,-6.9651,-287.98,2419.6,6.7313,0.266462059
3885,100,-6.942,-287.92,2419.6,6.7063,0.264737139
3886,100,-6.9191,-287.86,2419.6,6.6814,0.262846527
3887,100,-6.8967,-287.8,2419.6,6.6564,0.260906758
3888,100,-6.8745,-287.73,2419.6,6.6314,0.259193914
3889,100,-6.8527,-287.67,2419.6,6.6064,0.257400987
3890,100,-6.8311,-287.6,2419.6,6.5814,0.255586113
3891,100,-6.81,-287.54,2419.7,6.5564,0.253667006
3892,100,-6.7891,-287.47,2419.7,6.5313,0.252008657
3893,100,-6.7685,-287.41,2419.7,6.5063,0.250254234
3894,100,-6.7482,-287.34,2419.7,6.4813,0.248501329
3895,100,-6.7282,-287.27,2419.7,6.4563,0.246684252
3896,100,-6.7085,-287.2,2419.7,6.4313,0.245046558
3897,100,-6.6892,-287.13,2419.7,6.4063,0.243341183
3898,100,-6.67,-287.06,2419.7,6.3813,0.241639889
3899,100,-6.6512,-286.99,2419.7,6.3564,0.239961092
3900,100,-6.6327,-286.92,2419.7,6.3314,0.23827426
3901,100,-6.6145,-286.85,2419.8,6.3066,0.236639256
3902,100,-6.5966,-286.78,2419.8,6.2817,0.234871003
3903,100,-6.5789,-286.71,2419.8,6.257,0.233333994
3904,100,-6.5615,-286.64,2419.8,6.2322,0.231731555
3905,100,-6.5443,-286.56,2419.8,6.2076,0.230109313
3906,100,-6.5275,-286.49,2419.8,6.183,0.228504555
3907,100,-6.5109,-286.42,2419.8,6.1585,0.226923114
3908,100,-6.4945,-286.34,2419.8,6.1341,0.225348731
3909,100,-6.4785,-286.27,2419.8,6.1098,0.223800403
3910,100,-6.4627,-286.19,2419.8,6.0857,0.22223397
3911,100,-6.4472,-286.12,2419.9,6.0616,0.220698358
3912,100,-6.4319,-286.05,2419.9,6.0378,0.219191404
3913,100,-6.4169,-285.97,2419.9,6.014,0.217630361
3914,100,-6.4023,-285.9,2419.9,5.9905,0.216153424
3915,100,-6.3878,-285.83,2419.9,5.9672,0.214646115
3916,100,-6.3737,-285.76,2419.9,5.944,0.21318098
3917,100,-6.3598,-285.69,2419.9,5.9211,0.211689503
3918,100,-6.2349,-285.98,2421,5.995,0.21022768
3919,100,-6.2217,-285.91,2421,5.9725,0.208804677
3920,100,-6.2088,-285.85,2421,5.9503,0.207337932
3921,100,-6.1961,-285.78,2421,5.9284,0.205942116
3922,100,-6.1839,-285.72,2421,5.9068,0.204497777
3923,100,-6.1719,-285.66,2421.1,5.8855,0.203111297
3924,100,-6.1602,-285.6,2421.1,5.8646,0.201798639
3925,100,-6.1489,-285.54,2421.1,5.844,0.200327643
3926,100,-6.1378,-285.48,2421.1,5.8237,0.198933305
3927,100,-6.1271,-285.43,2421.1,5.8039,0.197590522
3928,100,-6.1167,-285.38,2421.1,5.7844,0.196231754
3929,100,-6.1066,-285.33,2421.1,5.7653,0.194880564
3930,100,-6.0968,-285.29,2421.1,5.7466,0.193521439
3931,100,-6.0873,-285.25,2421.1,5.7283,0.192356598
3932,100,-6.0781,-285.21,2421.2,5.7104,0.190928837
3933,100,-6.0692,-285.17,2421.2,5.6929,0.189584846
3934,100,-6.0607,-285.14,2421.2,5.6759,0.188324903
3935,100,-6.0524,-285.11,2421.2,5.6592,0.187023428
3936,100,-6.0444,-285.08,2421.2,5.643,0.185766684
3937,100,-6.0367,-285.06,2421.2,5.6272,0.184580236
3938,100,-6.0293,-285.04,2421.2,5.6117,0.183226404
3939,100,-6.0223,-285.02,2421.2,5.5967,0.181983943
3940,100,-6.0155,-285,2421.2,5.5821,0.180750393
3941,100,-6.0089,-284.99,2421.2,5.5679,0.17960996
3942,100,-6.0027,-284.98,2421.3,5.554,0.178310999
3943,100,-5.9967,-284.97,2421.3,5.5406,0.17706428
3944,100,-5.991,-284.96,2421.3,5.5275,0.17591218
3945,100,-5.9855,-284.96,2421.3,5.5147,0.174791291
3946,100,-5.9803,-284.96,2421.3,5.5024,0.173529318
3947,100,-5.9754,-284.96,2421.3,5.4903,0.172344032
3948,100,-5.9708,-284.97,2421.3,5.4787,0.171182206
3949,100,-5.9663,-284.97,2421.3,5.4673,0.170132558
3950,100,-5.9621,-284.98,2421.3,5.4562,0.16889771
3951,100,-5.9582,-284.99,2421.3,5.4455,0.167727146
3952,100,-5.9544,-285,2421.3,5.4351,0.166705631
3953,100,-5.951,-285.02,2421.4,5.4249,0.165480255
3954,100,-5.9477,-285.03,2421.4,5.415,0.164373795
3955,100,-5.9447,-285.05,2421.4,5.4054,0.163386834
3956,100,-5.9418,-285.06,2421.4,5.3961,0.162164635
3957,100,-5.9392,-285.08,2421.4,5.387,0.161092963
3958,100,-5.9368,-285.1,2421.4,5.3782,0.160124548
3959,100,-5.9346,-285.12,2421.4,5.3696,0.158926568
3960,100,-5.9326,-285.15,2421.4,5.3612,0.157862299
3961,100,-5.9308,-285.17,2421.4,5.3531,0.15692669
3962,100,-5.9293,-285.19,2421.4,5.3451,0.15577008
3963,100,-5.9278,-285.22,2421.5,5.3374,0.154719383
3964,100,-5.815,-285.42,2422.5,5.4446,0.153820121
3965,100,-5.8141,-285.45,2422.6,5.4372,0.152637935
3966,100,-5.8133,-285.47,2422.6,5.43,0.151780722
3967,100,-5.8127,-285.5,2422.6,5.423,0.150604864
3968,100,-5.8123,-285.53,2422.6,5.4161,0.149757903
3969,100,-5.812,-285.56,2422.6,5.4094,0.148620172
3970,100,-5.6927,-285.88,2423.8,5.4079,0.147677874
3971,100,-5.6927,-285.91,2423.8,5.4016,0.146761653
3972,100,-5.6929,-285.94,2423.8,5.3953,0.145693727
3973,100,-5.6932,-285.97,2423.8,5.3892,0.144863942
3974,100,-5.6937,-286,2423.8,5.3833,0.14379663
3975,100,-5.6943,-286.03,2423.8,5.3775,0.14282487
3976,100,-5.6949,-286.06,2423.9,5.3718,0.141967125
3977,100,-5.6958,-286.09,2423.9,5.3662,0.140953962
3978,100,-5.6968,-286.12,2423.9,5.3608,0.140143284
3979,100,-5.4835,-286.88,2424.9,5.4819,0.139111549
3980,100,-5.4847,-286.91,2425,5.4767,0.138275833
3981,100,-5.4861,-286.94,2425,5.4716,0.137309249
3982,100,-5.4875,-286.98,2425,5.4665,0.136383039
3983,100,-5.4891,-287.01,2425,5.4616,0.135611022
3984,100,-5.4908,-287.04,2425,5.4568,0.134603669
3985,100,-5.4926,-287.08,2425,5.4521,0.133871266
3986,100,-5.4945,-287.11,2425,5.4475,0.132955075
3987,100,-5.4964,-287.14,2425,5.4429,0.13200911
3988,100,-5.4985,-287.17,2425,5.4385,0.131272536
3989,100,-5.5006,-287.21,2425.1,5.4341,0.130443024
3990,100,-5.5028,-287.24,2425.1,5.4298,0.129561919
3991,100,-5.505,-287.28,2425.1,5.4256,0.128620097
3992,100,-5.5074,-287.31,2425.1,5.4215,0.127907898
3993,100,-5.5099,-287.34,2425.1,5.4175,0.127093482
3994,100,-5.5124,-287.38,2425.1,5.4135,0.126241135
3995,100,-5.5149,-287.41,2425.1,5.4096,0.12547356
3996,100,-5.5176,-287.45,2425.1,5.4057,0.124618833
3997,100,-5.5203,-287.48,2425.1,5.402,0.123719832
3998,100,-5.523,-287.52,2425.1,5.3983,0.123017279
3999,100,-5.5258,-287.55,2425.2,5.3946,0.122275493
