1.0	40.0	12.999595286216191	90.87312502945113	778.2628924866638
2.0	40.0	12.984162381088893	-38.04241605529504	750.322847505261
3.0	40.0	12.999848207085847	-46.393377407392656	735.6598044261634
4.0	40.0	13.03078036699153	-48.59759098959018	728.0389733774796
5.0	40.0	13.070141817266588	-48.44319096448598	724.2020359636152
6.0	40.0	13.1148889524909	-47.27327061966891	722.4229987731072
7.0	40.0	13.163525812281085	-45.68221368798474	721.7697525644694
8.0	40.0	13.215238426166861	-44.046668565696926	721.7264429298209
9.0	40.0	13.269554325467498	-42.36833465535736	721.9984729743026
10.0	40.0	13.326096299042858	-40.70414698519303	722.4212165963881
11.0	40.0	13.384606225862306	-39.09433273851351	722.9033577128025
12.0	40.0	13.444825727825622	-37.56113023879015	723.395745468451
13.0	40.0	13.506526509643654	-36.11927419591153	723.8718194553508
14.0	40.0	13.569497840657554	-34.76855058194174	724.3196027362407
15.0	40.0	13.63353703519817	-33.505519467571986	724.734787243416
16.0	40.0	13.698434157859051	-32.31994537783711	725.1171011174574
17.0	40.0	13.764019712946808	-31.208204985764873	725.4697593198003
18.0	40.0	13.830114305736819	-30.16643329189061	725.7968949755425
19.0	40.0	13.896545585008399	-29.188989424361335	726.1034557016022
20.0	40.0	13.963174649792288	-28.26982618237081	726.3946644109394
21.0	40.0	14.029864597191224	-27.40778518019501	726.6753720153274
22.0	40.0	14.096468662715754	-26.597029872635186	726.9505589806581
23.0	40.0	14.162903160770282	-25.83186483649944	727.2244532767089
24.0	40.0	14.22903872924619	-25.108803333063637	727.501241402523
25.0	40.0	14.294803271075283	-24.424233127878257	727.7843830359584
26.0	40.0	14.360092266501162	-23.777622679176744	728.0776517050587
27.0	40.0	14.424859834381182	-23.16409710116716	728.3838356151697
28.0	40.0	14.489020242892705	-22.582885531913924	728.7054557907276
29.0	40.0	14.552517398237873	-22.03160943138235	729.0447936888884
30.0	40.0	14.615319011461853	-21.506280190244073	729.4035965549978
31.0	40.0	14.658834952796491	-14.759034783656753	730.1882009588959
32.0	40.0	14.67737494860941	-6.26057176274824	731.5230819931342
33.0	40.0	14.695837084465337	-6.235122349345914	732.8662909278806
34.0	40.0	14.714228233865947	-6.209110474014552	734.2171595061609
35.0	40.0	14.732553795978223	-6.182470653876	735.5751613431835
36.0	40.0	14.750804368835388	-6.154710654267177	736.9395571803932
37.0	40.0	14.768981655834953	-6.126587854241726	738.3100724833773
38.0	40.0	14.787084852542533	-6.098214179851926	739.6860665620488
39.0	40.0	14.805112026842265	-6.070100262951514	741.0673796538591
40.0	40.0	14.823062719091133	-6.041424363901796	742.4536275197337
41.0	40.0	14.840937452297675	-6.0134631460384	743.8446426796856
42.0	40.0	14.85873450213058	-5.986083264799677	745.240262955208
43.0	40.0	14.876455611772167	-5.958071232055043	746.6400666179395
44.0	40.0	14.894096774877067	-5.931245039407206	748.044097923793
45.0	40.0	14.911659523436445	-5.9044094484808545	749.4520344957223
46.0	40.0	14.929157318172852	-5.87742147647006	750.8636527156457
47.0	40.0	14.9465637747981	-5.850945396078691	752.2790358777833
48.0	40.0	14.96388849797188	-5.824709905012689	753.6977225106755
49.0	40.0	14.981149129920619	-5.798753814931613	755.1197019335216
50.0	40.0	14.998313682558008	-5.773569029500756	756.5448069639727
51.0	40.0	15.015413490687742	-5.747712761634439	757.9730274315403
52.0	40.0	15.032430551006394	-5.72309544762664	759.4040454750029
53.0	40.0	15.049354449556297	-5.698616766482161	760.8378337772251
54.0	40.0	15.066209718199154	-5.674292882535232	762.2743045832999
55.0	40.0	15.082985026003943	-5.650006350553367	763.7128757623708
56.0	40.0	15.099665219966814	-5.626382882738758	765.1539878032056
57.0	40.0	15.116277854845036	-5.603022754366071	766.5971582095967
58.0	40.0	15.132808300824296	-5.580286141879942	768.0421754894611
59.0	40.0	15.149257826259618	-5.556968836670539	769.4893215933606
60.0	40.0	15.165623892932272	-5.535017233272408	770.9379649458423
61.0	40.0	15.181909460886402	-5.5126373666092645	772.3883375865607
62.0	40.0	15.198115205533766	-5.490273231630508	773.8402660487607
63.0	40.0	15.214238220235385	-5.469133608821691	775.2935353955097
64.0	40.0	15.230278037444867	-5.448318234647011	776.7481038678006
65.0	40.0	15.246236543210504	-5.4271177266411375	778.2039080353763
66.0	40.0	15.26212802678984	-5.4066245122539565	779.6607613157381
67.0	40.0	15.27792252592708	-5.386554383166268	781.1185741774209
68.0	40.0	15.293638470697532	-5.366982302553557	782.5772132686832
69.0	40.0	15.309278172622054	-5.347472352414491	784.036453490228
70.0	40.0	15.324835655436134	-5.327591247666068	785.4962623250285
71.0	40.0	15.340307310221542	-5.309031074242598	786.9562103864198
72.0	40.0	15.355709853292975	-5.290370232485412	788.4165122106714
73.0	40.0	15.371019656497074	-5.271626107369067	789.8765061787286
74.0	40.0	15.386260219710458	-5.253477321218933	791.3365002781442
75.0	40.0	15.401422105678211	-5.235453485526392	792.7963019519218
76.0	40.0	15.416490077618	-5.218299820793061	794.2558070755454
77.0	40.0	15.431489393285917	-5.200374881738455	795.7152578003262
78.0	40.0	15.446411433374363	-5.183095757287006	797.1742636076139
79.0	40.0	15.461246418802924	-5.166681183374262	798.6330372693075
80.0	40.0	15.476001713990973	-5.149917986970377	800.0916751495324
81.0	40.0	15.490683200463984	-5.133093628625085	801.5498427147925
82.0	40.0	15.505285045698672	-5.117395577902849	803.0077578901803
83.0	40.0	15.5198090237077	-5.101392722465739	804.465359657952
84.0	40.0	15.53425463390674	-5.085873119956195	805.9225696719484
85.0	40.0	15.54862163452493	-5.070344972345176	807.3795025218558
86.0	40.0	15.562911306962274	-5.055178749642894	808.8360868957286
87.0	40.0	15.577121431660798	-5.040037435381641	810.2920339444415
88.0	40.0	15.591256494921234	-5.025436891067223	811.7477741858365
89.0	40.0	15.605326684401382	-5.0113380069676055	813.2031318921838
90.0	40.0	15.619306563785045	-4.996656507831789	814.6581360256934
91.0	40.0	15.633207846786934	-4.982535309207221	816.1125439847896
92.0	40.0	15.64703506064454	-4.969144722703271	817.5667783477128
93.0	40.0	15.660798984045039	-4.955544630910005	819.020497518003
94.0	40.0	15.67447197270761	-4.941782102934043	820.4737813876357
95.0	40.0	15.688086075077837	-4.928828771155492	821.9267909756755
96.0	40.0	15.701609115224493	-4.916154583970981	823.3792764643704
97.0	40.0	15.715063779455173	-4.902950713038937	824.8314596564276
98.0	40.0	15.728445430331336	-4.8911021964357735	826.283137430806
99.0	40.0	15.741759594777365	-4.879093552857419	827.7344172587685
100.0	40.0	15.754983093257646	-4.867039767796336	829.185359741536
101.0	40.0	15.768150111214862	-4.855344379473822	830.6359242217032
102.0	40.0	15.78123288264781	-4.843742355039476	832.0859844924735
103.0	40.0	15.794247611716925	-4.832310928303626	833.5357344193338
104.0	40.0	15.807194772880058	-4.821073682352745	834.9850349383793
105.0	40.0	15.820069866656237	-4.810643052264533	836.4340770726819
106.0	40.0	15.8328640993452	-4.799290894022839	837.8826838912479
107.0	40.0	15.845597245251684	-4.788693962414507	839.330919343741
108.0	40.0	15.858259915890219	-4.778288995089411	840.7788134142471
109.0	40.0	15.870854160570053	-4.768350955692158	842.2262693275296
110.0	40.0	15.883380231776332	-4.757940763041412	843.6735157444614
111.0	40.0	15.895840068050433	-4.748364017301751	845.1205005619522
112.0	40.0	15.908237914772544	-4.738223760462156	846.5669737204735
113.0	40.0	15.920575901298584	-4.7292043671031685	848.0133354569135
114.0	40.0	15.932858086499396	-4.719438803829179	849.4593821368603
115.0	40.0	15.94508823172741	-4.710530476174968	850.9051323774127
116.0	40.0	15.957260897604286	-4.701441544848637	852.3505775879806
117.0	40.0	15.96938174007791	-4.6922847019054394	853.7958062065181
118.0	40.0	15.98145041689945	-4.683951865555771	855.240866566385
119.0	40.0	15.993472239407733	-4.675397736051276	856.6856668647998
120.0	40.0	16.005443542920144	-4.667078504154324	858.1301145574068
121.0	40.0	16.017374074397875	-4.658869184351919	859.5744711603306
122.0	40.0	16.029256695465797	-4.650925632307607	861.0186984769637
123.0	40.0	16.041095370212446	-4.643033138102647	862.4625193716153
124.0	40.0	16.052897774837017	-4.635362009244713	863.9063514997545
125.0	40.0	16.064644747438823	-4.627749996315453	865.3499034611451
126.0	40.0	16.07634467939939	-4.620449347367765	866.7935196181645
127.0	40.0	16.087997731729505	-4.6132680231465875	868.236773719314
128.0	40.0	16.099606051684923	-4.606170595142149	869.6799454490254
129.0	40.0	16.111159162991385	-4.599338045976665	871.1228361667077
130.0	40.0	16.12267575927901	-4.592486049839015	872.5658112276506
131.0	40.0	16.134139386813683	-4.586056910302735	874.0085025785684
132.0	40.0	16.14555777420557	-4.580014908979894	875.4510542750659
133.0	40.0	16.15692573777022	-4.573303957166158	876.8934484563651
134.0	40.0	16.16825349673483	-4.56715269608014	878.3356658107232
135.0	40.0	16.179525076163394	-4.561765354099943	879.7778203737764
136.0	40.0	16.1907512947905	-4.55538471534225	881.2198917646228
137.0	40.0	16.20192704309575	-4.550104563139948	882.6616714373785
138.0	40.0	16.213055898978705	-4.544841400948095	884.1034285683822
139.0	40.0	16.224138313044794	-4.53939411898433	885.5449729483531
140.0	40.0	16.23518303936847	-4.534647804524464	886.9864091857601
141.0	40.0	16.24617359265066	-4.529210403802296	888.4276969523819
142.0	40.0	16.257128011404316	-4.524956960123711	889.8688847009607
143.0	40.0	16.268039065852232	-4.519744888817048	891.3097636997189
144.0	40.0	16.2789172264621	-4.515602784103301	892.7506549607665
145.0	40.0	16.289749536261926	-4.510763690847446	894.1913823532394
146.0	40.0	16.300547627035918	-4.50707835934067	895.6318981101658
147.0	40.0	16.311320470232616	-4.502790943240611	897.0722591569352
148.0	40.0	16.32204499213931	-4.498523363714481	898.5125965954883
149.0	40.0	16.332730626473918	-4.495128257750667	899.9528538879115
150.0	40.0	16.343388022567055	-4.4914279387215785	901.3928265382244
151.0	40.0	16.354009145809183	-4.487472244178311	902.8326092409424
152.0	40.0	16.364585432258917	-4.484508025117359	904.2724578900197
153.0	40.0	16.375134184687578	-4.481143770078093	905.7121866588864
154.0	40.0	16.385635725852815	-4.47800616830125	907.1517138800187
155.0	40.0	16.396106501102985	-4.474615248594325	908.5910986047948
156.0	40.0	16.406544389058816	-4.472138830890572	910.0304463145244
157.0	40.0	16.41693452508022	-4.469340003306258	911.4695519154653
158.0	40.0	16.427294729564053	-4.4667430454323815	912.9087105578201
159.0	40.0	16.437619075825012	-4.464297993447928	914.3476864153026
160.0	40.0	16.447899926792246	-4.461511708998521	915.7865855191183
161.0	40.0	16.458149546543176	-4.459590453345757	917.2253196142185
162.0	40.0	16.46835655778554	-4.457574725567912	918.664057046145
163.0	40.0	16.47853900935485	-4.455527055486803	920.1026071536085
164.0	40.0	16.48867042519127	-4.453589561867815	921.5410001402837
165.0	40.0	16.498770834255538	-4.4520482513135144	922.9793424464667
166.0	40.0	16.508829398898857	-4.450241861093755	924.4175980138285
167.0	40.0	16.518858538478973	-4.448873666771963	925.8557871702203
168.0	40.0	16.528841051623427	-4.447435953604128	927.2938526079249
169.0	40.0	16.538802508827214	-4.446171915622375	928.7318184069951
170.0	40.0	16.548713297197043	-4.444776193534772	930.1696328862375
171.0	40.0	16.558598864766132	-4.444082476557897	931.6074190403239
172.0	40.0	16.568439764287202	-4.4431970254303	933.0449880997177
173.0	40.0	16.578255107265253	-4.442443421150384	934.4826351932456
174.0	40.0	16.588027553414868	-4.441979668380936	935.919977768418
175.0	40.0	16.597771206636455	-4.441340134437634	937.3574700754489
176.0	40.0	16.607480488366257	-4.441024377873585	938.794698613716
177.0	40.0	16.61715782570895	-4.440692493819431	940.2319315665437
178.0	40.0	16.62679196084465	-4.440776973633275	941.6690729620491
179.0	40.0	16.63640381100876	-4.4405952217292555	943.10607498437
180.0	40.0	16.64597541951455	-4.440780270000148	944.54295921661
181.0	40.0	16.655525580878926	-4.441052413859499	945.9798491774618
182.0	40.0	16.6650325182274	-4.4414953663985335	947.4166370624664
183.0	40.0	16.674515559307064	-4.44188325162719	948.853384478702
184.0	40.0	16.68396065932872	-4.44248800672027	950.2899958639458
185.0	40.0	16.693378899481623	-4.443450692375417	951.7265872713358
186.0	40.0	16.7027657196454	-4.444231908776772	953.1631205971154
187.0	40.0	16.712115976398035	-4.445111591484227	954.5996525884754
188.0	40.0	16.72144206050699	-4.446531655546615	956.0363653796476
189.0	40.0	16.73072793068519	-4.447598435249228	957.4729186319439
190.0	40.0	16.739994970287608	-4.448974305842116	958.9093373765246
191.0	40.0	16.749220920721196	-4.45060681790586	960.3460401676693
192.0	40.0	16.758425079754996	-4.452221930375098	961.7824106638561
193.0	40.0	16.76759662327727	-4.453979092064629	963.2189957652569
194.0	40.0	16.7767416232454	-4.455876029412486	964.6554627162632
195.0	40.0	16.785846403630465	-4.457829901761106	966.0919125918276
196.0	40.0	16.794931609021162	-4.46010962984719	967.5283952907143
197.0	40.0	16.803985044280044	-4.462155154499865	968.9648182066205
198.0	40.0	16.813003542446477	-4.464770487945349	970.4012258030746
199.0	40.0	16.82200161774484	-4.4672177509357756	971.8375047037904
200.0	40.0	16.830969196138522	-4.469412415099907	973.2738438498264
201.0	40.0	16.83990889980496	-4.472866051748352	974.7102612540575
202.0	40.0	16.848819156253697	-4.47566684046499	976.1465089560202
203.0	40.0	16.857704975313343	-4.4786603979226385	977.5825760933138
204.0	40.0	16.866555491302947	-4.481960917686326	979.0187829213614
205.0	40.0	16.87539173661657	-4.485208916603722	980.4549167885737
206.0	40.0	16.88419654917259	-4.488526284893715	981.891043382549
207.0	40.0	16.892966591564306	-4.492272232334584	983.3272267694177
208.0	40.0	16.90172358529594	-4.4957970214580145	984.7631932268255
209.0	40.0	16.910436642259405	-4.499184625757579	986.199179269193
210.0	40.0	16.919138015943012	-4.503527012029324	987.6349994189429
211.0	40.0	16.927799023130888	-4.507542892327943	989.0708205534661
212.0	40.0	16.93644708328982	-4.511732886825461	990.5067297094408
213.0	40.0	16.94505248261118	-4.515901540902381	991.9424813403925
214.0	40.0	16.953647830043572	-4.520059128206644	993.3781333897971
215.0	40.0	16.962211079665387	-4.524932679620712	994.8137464478868
216.0	40.0	16.970740792560818	-4.529997126857141	996.2493540480343
217.0	40.0	16.97925522413687	-4.534604870049673	997.6847886015607
218.0	40.0	16.98773139624484	-4.540088010380187	999.1202140127109
219.0	40.0	16.996196444116737	-4.544908566511311	1000.5556605460679
220.0	40.0	17.00462015932698	-4.550752247157686	1001.9909374515701
221.0	40.0	17.013029745074906	-4.5559090827749795	1003.4262483086436
222.0	40.0	17.02140921477824	-4.561607252243209	1004.8615383997113
223.0	40.0	17.029759591597916	-4.567517812946326	1006.2967523142239
224.0	40.0	17.03809254301942	-4.573322445981148	1007.7319226070891
225.0	40.0	17.046393226188044	-4.579462715266154	1009.1670435855607
226.0	40.0	17.05466360307985	-4.585355581692272	1010.60220621226
227.0	40.0	17.062913425586814	-4.591625500967759	1012.0371260461216
228.0	40.0	17.07114329739587	-4.597752456436962	1013.4720776829253
229.0	40.0	17.079334384855077	-4.604885594589612	1014.9071221440996
230.0	40.0	17.08751374078938	-4.610979947317162	1016.3419329900357
231.0	40.0	17.095666061005748	-4.617978753585409	1017.7768303041738
232.0	40.0	17.10378165328777	-4.62471022395764	1019.2115326381936
233.0	40.0	17.11188602388991	-4.631880711560172	1020.6461918923255
234.0	40.0	17.119959143723992	-4.6390241495176205	1022.0808878942304
235.0	40.0	17.128014739902962	-4.64651274498222	1023.5154334478902
236.0	40.0	17.136035331525672	-4.65413485360587	1024.9498372883534
237.0	40.0	17.14403611170997	-4.6618075484313986	1026.384206314051
238.0	40.0	17.152018588216972	-4.6698077259263195	1027.8184430119252
239.0	40.0	17.159968760728407	-4.6779633910092535	1029.2526425560268
240.0	40.0	17.16789767531022	-4.68622721049271	1030.6866767756871
241.0	40.0	17.17580769577167	-4.694442337635267	1032.1206608003906
242.0	40.0	17.183695516578652	-4.703413092429594	1033.5545986504376
243.0	40.0	17.19154297125659	-4.711909263358981	1034.9883842544793
244.0	40.0	17.19938172361988	-4.720764771543417	1036.4221409425454
245.0	40.0	17.207198456721017	-4.729756132523637	1037.8557574046908
246.0	40.0	17.214985850798406	-4.7390733468890245	1039.2892299156588
247.0	40.0	17.222755116185827	-4.748500926174079	1040.7227062505456
248.0	40.0	17.230493558115306	-4.757985302972759	1042.156006094824
249.0	40.0	17.238211809800312	-4.767838477545486	1043.5893618999244
250.0	40.0	17.245913135639817	-4.777857702469627	1045.0225587955622
251.0	40.0	17.253592456766253	-4.787566215093909	1046.4556870017645
252.0	40.0	17.26124061916331	-4.797815878928002	1047.8885222339252
253.0	40.0	17.268866489643788	-4.808669329755622	1049.3215140513748
254.0	40.0	17.276478334411145	-4.819145604738393	1050.7541326882442
255.0	40.0	17.284068086659996	-4.830070366243748	1052.1867824427961
256.0	40.0	17.291629564180653	-4.8408322267254205	1053.6194218449798
257.0	40.0	17.29917580515286	-4.8520032385321	1055.0516406446743
258.0	40.0	17.30670009847476	-4.863187753388246	1056.4838342705848
259.0	40.0	17.314194482917348	-4.874970397603042	1057.915979218991
260.0	40.0	17.321670571315448	-4.886469295199371	1059.3479501285965
261.0	40.0	17.32913107268402	-4.898078568004479	1060.7797319897143
262.0	40.0	17.336570562208504	-4.91029953139961	1062.2114054186377
263.0	40.0	17.34398881432216	-4.922619424857989	1063.6429588819803
264.0	40.0	17.3513862040576	-4.934775920816017	1065.0743388935105
265.0	40.0	17.358757483777588	-4.947372052082979	1066.505519608341
266.0	40.0	17.366106702140748	-4.960098593842544	1067.9365368769859
267.0	40.0	17.373441808959637	-4.972766374569728	1069.3673373842473
268.0	40.0	17.380757810734224	-4.98620118134127	1070.7981166934176
269.0	40.0	17.388053223696126	-5.000356115658373	1072.2286106928666
270.0	40.0	17.395323319703913	-5.014720512259331	1073.6587893998503
271.0	40.0	17.402579124866463	-5.0294193318111615	1075.0889355624665
272.0	40.0	17.409815276209248	-5.044061141770849	1076.5187230174333
273.0	40.0	17.41703239263208	-5.058885655535295	1077.9483605186174
274.0	40.0	17.424228886073834	-5.073853468559519	1079.3777923736363
275.0	40.0	17.43139847770985	-5.088695905475025	1080.8070055466262
276.0	40.0	17.438552126521202	-5.103995691002942	1082.2358037988508
277.0	40.0	17.445692600458536	-5.119374480393024	1083.664513425947
278.0	40.0	17.452813787448182	-5.135024930249417	1085.0929520813027
279.0	40.0	17.45991590898245	-5.150612226059305	1086.521195805452
280.0	40.0	17.46700028892428	-5.1666454570310965	1087.9491510419673
281.0	40.0	17.474066466827043	-5.182909575656789	1089.3767936940949
282.0	40.0	17.481107863185226	-5.199195192978235	1090.8043023069615
283.0	40.0	17.48813765542052	-5.2156730688890685	1092.2313547060187
284.0	40.0	17.495148559463544	-5.232579785647509	1093.658559508
285.0	40.0	17.502142982980352	-5.249241088419559	1095.0852504212294
286.0	40.0	17.50911883317627	-5.26677325922527	1096.511824976972
287.0	40.0	17.516077733757545	-5.283655666109544	1097.9381585704527
288.0	40.0	17.523019245932677	-5.301161339950232	1099.364194925938
289.0	40.0	17.529943678958	-5.319021094512265	1100.7901773148112
290.0	40.0	17.53684469840017	-5.336593333019021	1102.215872270146
291.0	40.0	17.543734354865965	-5.354447982609863	1103.6413249620387
292.0	40.0	17.5506085275882	-5.372555067840628	1105.0663776066585
293.0	40.0	17.55745742967012	-5.390974973591612	1106.491286209158
294.0	40.0	17.56429719977343	-5.409633271592217	1107.916045575674
295.0	40.0	17.571121420535643	-5.428138676444594	1109.3404883991172
296.0	40.0	17.577928279113674	-5.447390012523637	1110.764626422825
297.0	40.0	17.584719797060337	-5.4665349605266815	1112.1884445827993
298.0	40.0	17.5914960527137	-5.485735749978469	1113.6122375696868
299.0	40.0	17.59824900049753	-5.505615541851543	1115.035593938834
300.0	40.0	17.604995434161772	-5.5251659316309985	1116.45874358847
301.0	40.0	17.61172350438023	-5.545485709732634	1117.8816971956646
302.0	40.0	17.618437537269543	-5.565743793988645	1119.3043754513055
303.0	40.0	17.62513507399584	-5.586289616245078	1120.7267567738265
304.0	40.0	17.631817512083305	-5.607108896972787	1122.1488652414184
305.0	40.0	17.638485039239175	-5.628266163090548	1123.570720886217
306.0	40.0	17.64513785573439	-5.65051474163583	1124.9921386408132
307.0	40.0	17.651775375860343	-5.673043251974118	1126.4133485379075
308.0	40.0	17.658398158032906	-5.6953292406533205	1127.834107385678
309.0	40.0	17.665007233976333	-5.718198124974306	1129.2545646874692
310.0	40.0	17.671595620215438	-5.741223864516434	1130.674763780137
311.0	40.0	17.678176757762014	-5.764283289889352	1132.094570559872
312.0	40.0	17.68474255495224	-5.787648666146033	1133.5140206222572
313.0	40.0	17.691294671889036	-5.811230495152987	1134.933154873362
314.0	40.0	17.697833966717756	-5.834968363856109	1136.3520846096624
315.0	40.0	17.70435873330521	-5.858994610161138	1137.7705086715193
316.0	40.0	17.713034836364972	-7.8423715791169455	1139.0793896222083
317.0	40.0	17.723805986469348	-9.827894100204526	1140.2885218146816
318.0	40.0	17.734485409089295	-9.84868543641068	1141.5104577008772
319.0	40.0	17.749266758959862	-13.806972767026116	1142.5475975147626
320.0	40.0	17.761785759210827	-11.846463530334738	1143.7072670241623
321.0	40.0	17.778254784289217	-15.809877560207847	1144.7013976685087
322.0	40.0	17.794462572958093	-15.810034096740093	1145.7272743137678
323.0	40.0	17.81238415961132	-17.78366641929656	1146.6972574278348
324.0	40.0	17.829982841596262	-17.777982671781587	1147.6985063212796
325.0	40.0	17.849187491621485	-19.74231838096499	1148.6489154525302
326.0	40.0	17.86801831317653	-19.727031794555664	1149.6287079888218
327.0	40.0	17.886507209540042	-19.71885600764405	1150.6321679150196
328.0	40.0	17.904655139926945	-19.714237098834932	1151.6551740588516
329.0	40.0	17.922496859814675	-19.71224211189855	1152.6942072850168
330.0	40.0	17.94003732910242	-19.710872767080232	1153.7468472260175
331.0	40.0	17.957283864292634	-19.709337540087027	1154.8110388542095
332.0	40.5	17.83295235230641	-19.66396318750706	1155.8855044588538
333.0	40.5	17.849037623955752	-19.66213306229537	1156.96898988263
334.0	40.5	17.86489503131323	-19.657863373487906	1158.0605393205428
335.0	40.5	17.880666087861393	-186.9423936122964	1159.2444097466494
336.0	40.5	17.89571149532446	-20.716038154748134	1160.6278055087903
337.0	40.5	17.910543602221523	-21.356303049661836	1162.0547113580544
338.0	40.5	17.92517540220173	-21.73463577982591	1163.4637941144897
339.0	40.5	17.93961887776338	-22.00653263831011	1164.8383894894173
340.0	40.5	17.953891842352974	-22.229380729912783	1166.177718868969
341.0	40.5	17.967990600635613	-22.438769406723736	1167.484516545925
342.0	40.5	17.98191975111744	-22.634865001110633	1168.7624671968542
343.0	40.5	17.995683540752598	-22.81693631709309	1170.0163526420438
344.0	40.5	18.009294572722432	-22.99082861271568	1171.2501641769627
345.0	40.5	18.02273640170518	-23.153983352351194	1172.466863123678
346.0	40.5	18.03602417607865	-23.307966637195907	1173.6694544687948
347.0	40.5	18.049162928583833	-23.452758295152154	1174.8600071480214
348.0	40.5	18.062149749921506	-23.593253181002662	1176.0405906198905
349.0	40.5	18.074996827557158	-23.73042237021677	1177.2123692132743
350.0	40.5	18.08770194813068	-23.863533417820033	1178.3765490611786
351.0	40.5	18.100261821699945	-23.993244171278203	1179.5342622949775
352.0	40.5	18.112681125260476	-24.11932051916674	1180.6860583595349
353.0	40.5	18.12498015707224	-24.24211229137881	1181.8329474725392
354.0	40.5	18.137136231298584	-24.36287913596414	1182.9755690372228
355.0	40.5	18.14916001174425	-24.481574256231827	1184.1143936042795
356.0	40.5	18.16107345165171	-24.598433372431998	1185.2498698006739
357.0	40.5	18.172847044447774	-24.71442893364063	1186.3819365218753
358.0	40.5	18.184515846031623	-24.829934980188614	1187.5108838048473
359.0	40.5	18.196053002588897	-24.94672160303096	1188.6365253815775
360.0	40.5	18.207490167859795	-25.062655891106672	1189.759259427008
361.0	40.5	18.218799202534345	-25.176958629421176	1190.8790545220754
362.0	40.5	18.230008413518362	-25.290600286196746	1191.9965484989407
363.0	41.0	18.07777972331299	-25.377791751749754	1193.1118514249833
364.0	41.0	18.08859058572189	-25.488827625384978	1194.2248404643578
365.0	41.0	18.099301535659734	-25.599713565258195	1195.3351639231562
366.0	41.0	18.109938952951996	-25.71169736976981	1196.4424167493685
367.0	41.0	18.120489695846267	-25.828580167845267	1197.5471124399405
368.0	41.0	18.130955682973358	-25.948043951811705	1198.6491531670683
369.0	41.0	18.141348665230996	-26.068539435562794	1199.7483841574158
370.0	41.0	18.151651901454116	-26.18923776310143	1200.8445287423276
371.0	41.0	18.161893230270064	-26.31114053186453	1201.9373847706702
372.0	41.0	18.172052924710865	-26.43110409739719	1203.026801635084
373.0	41.0	18.182140486914165	-26.546744601490097	1204.11268078784
374.0	41.0	18.192165180563997	-26.655841036364293	1205.195053307636
375.0	41.0	18.202114130683107	-26.759484307710466	1206.2738988595786
376.0	41.0	18.211994701043245	-26.85698953935634	1207.3494440739694
377.0	41.0	18.221819055948124	-26.948572724625354	1208.421341082828
378.0	41.0	18.23156994147204	-27.031469329211752	1209.4897079217833
379.0	41.0	18.241259142403432	-27.11101019689562	1210.5545692639712
380.0	41.0	18.25089577401461	-27.18582594346144	1211.6155774828667
381.0	41.0	18.260464920017302	-27.254682073903552	1212.672854309606
382.0	41.0	18.269974022840735	-27.31764002134729	1213.7260393535323
383.0	41.0	18.279424667702152	-27.374135078908346	1214.7751550839316
384.0	41.0	18.288821221473878	-27.426256831514102	1215.8200804313678
385.0	41.0	18.298153337730124	-27.4710201875306	1216.8607571808247
386.0	41.0	18.307429796231514	-27.506685801645848	1217.8971995495003
387.0	41.0	18.316653593761213	-27.533319315632898	1218.9295262302576
388.0	41.0	18.325815973315063	-27.55189006852445	1219.95758950175
389.0	41.0	18.33493179252465	-27.56276226947552	1220.9821891873255
390.0	41.0	18.34398539643893	-27.56691887863502	1222.0030041705947
391.0	41.5	18.23953822165286	-27.61611692099167	1223.020295109063
392.0	41.5	18.248604600936407	-27.61368460944854	1224.0336756227673
393.0	41.5	18.257623024859576	-27.599582074542816	1225.0437648714596
394.0	41.5	18.26659900567841	-27.573160210676665	1226.0507652587771
395.0	41.5	18.275536748702965	-27.53412409869832	1227.0554845895053
396.0	41.5	18.284512696231364	-189.22195796758783	1228.0717619811408
397.0	41.5	18.293625297814582	-26.92416035653686	1229.187651884839
398.0	41.5	18.30268052159792	-27.720133694468014	1230.238011986432
399.0	41.5	18.31170003072194	-28.247850409660035	1231.2458305079326
400.0	41.5	18.320681826784675	-28.654405285060957	1232.2248768500074
401.0	41.5	18.32963915622862	-28.998313923958026	1233.1829724948893
402.0	41.5	18.338580676480184	-29.308085125273532	1234.1248327178585
403.0	41.5	18.347492116709684	-29.58595702753271	1235.0538563590003
404.0	41.5	18.356380824465532	-29.833707406975044	1235.9725883601593
405.0	41.5	18.365247674271068	-30.062511255623285	1236.8824408435503
406.0	41.5	18.374092243306666	-30.277246185192922	1237.7846267296768
407.0	41.5	18.382915693558395	-30.47887589250364	1238.6795471252815
408.0	41.5	18.391716284477884	-30.667074487332275	1239.568204436783
409.0	41.5	18.400495814459457	-30.843554347523142	1240.4514542425984
410.0	41.5	18.409252261554645	-31.009589685320435	1241.330435238893
411.0	41.5	18.417986605938683	-31.16781572684964	1242.205551575371
412.0	41.5	18.426697889527716	-31.327084732112006	1243.0767232548876
413.0	41.5	18.435388827287305	-31.486208163403646	1243.944041426132
414.0	41.5	18.444063464345568	-31.64116991060587	1244.8076706899456
415.0	41.5	18.45270305166557	-31.79114855280982	1245.6677083055702
416.0	42.0	18.574402197113535	-31.988585695132038	1246.5243579402168
417.0	42.0	18.583602938794733	-32.12788041458729	1247.3778778406863
418.0	42.0	18.592791036959348	-32.26388546459591	1248.2285348894889
419.0	42.0	18.601952454596002	-32.395249213967205	1249.0771614095474
420.0	42.0	18.611104432704973	-32.52899344866625	1249.9237972571543
421.0	42.0	18.620231056732635	-32.665238345098984	1250.768290673549
422.0	42.0	18.629353807736088	-32.805884051133	1251.6104724892264
423.0	42.0	18.63844572061069	-32.948650851386695	1252.450113166358
424.0	42.0	18.64752212803603	-33.0844484320218	1253.2874523883029
425.0	42.0	18.656593469226102	-33.21033421005378	1254.1226425394796
426.0	42.0	18.66563416288363	-33.32033397477866	1254.95603892082
427.0	42.0	18.674658916246525	-33.416999135855235	1255.78741182966
428.0	42.0	18.683663075011054	-33.498829770078125	1256.6172545217419
429.0	42.0	18.692645632486226	-33.566476011966984	1257.4458743995206
430.0	42.0	18.701609076865306	-33.62701007563951	1258.2733054625567
431.0	42.0	18.710550719609216	-33.67331628046174	1259.0998282685866
432.0	42.0	18.719480380957894	-33.70490002763868	1259.925476940927
433.0	42.0	18.728382142758413	-33.72213739516592	1260.750583392296
434.0	42.0	18.737258507421398	-33.72491257029725	1261.5755584495594
435.0	42.0	18.746114913302957	-33.71457917687338	1262.4003590074994
436.0	42.0	18.75495559429859	-33.69220696351109	1263.2249349549027
437.0	42.0	18.763758609707757	-33.65266034624615	1264.0491293447806
438.0	42.0	18.772537087147295	-33.613101753182434	1264.8727944983543
439.0	42.5	18.579246256801692	-33.577772234002445	1265.6953862833554
440.0	42.5	18.588192527220198	-33.52083932802333	1266.5171298024575
441.0	42.5	18.597117893152458	-33.45799590431184	1267.3379808166303
442.0	42.5	18.606031857188903	-33.37595409139205	1268.157381872177
443.0	42.5	18.61493366289988	-33.269868539558836	1268.9763535183597
444.0	42.5	18.623809513147727	-33.139492516390696	1269.7948617466557
445.0	42.5	18.63267085011426	-32.98554209200815	1270.6128163514165
446.0	42.5	18.64230053569859	-199.20769552330265	1271.6699816920075
447.0	42.5	18.65170203815411	-33.88647452587169	1272.5549905305552
448.0	42.5	18.661102384122717	-34.597626575346816	1273.3627961953007
449.0	42.5	18.670501564391127	-35.101106458168445	1274.134058533412
450.0	42.5	18.67989670567015	-35.50216181741923	1274.8829644674117
451.0	42.5	18.689315829723327	-35.84001234635296	1275.6146526930208
452.0	42.5	18.69872568920323	-36.13313601591633	1276.3310483135701
453.0	42.5	18.70815224210509	-36.39688131108998	1277.0333933655593
454.0	42.5	18.7175859845204	-36.634530902955994	1277.7213388979485
455.0	42.5	18.72701510840495	-36.85612867539826	1278.3951927250387
456.0	42.5	18.736446129635123	-37.0673363292321	1279.0547491289512
457.0	42.5	18.74588065907264	-37.265289981984374	1279.6992308157921
458.0	42.5	18.755324912694746	-37.451906640819935	1280.327597295511
459.0	42.5	18.764775145963775	-37.63219290026521	1280.9391415958903
460.0	42.5	18.77422978681896	-37.80548530101259	1281.5327112100226
461.0	43.0	18.5652203794878	-37.968455132326476	1282.1078444375855
462.0	43.0	18.574850455551157	-38.128734435476346	1282.664750024516
463.0	43.0	18.5844789324925	-38.27763038982726	1283.2040152033949
464.0	43.0	18.594123801018632	-38.424844162149384	1283.725132332276
465.0	43.0	18.60375728247723	-38.565845637563086	1284.2266189310817
466.0	43.0	18.61338230230593	-38.709160735768336	1284.7076873595272
467.0	43.0	18.623019003333745	-38.852477827295886	1285.1674874715582
468.0	43.0	18.632695683666704	-38.99298481522764	1285.605294739383
469.0	43.0	18.64235504794898	-39.13267967774959	1286.0211726662988
470.0	43.0	18.65203846898316	-39.27106049257285	1286.4148416839273
471.0	43.0	18.661716917061472	-39.398938561365995	1286.786241855919
472.0	43.0	18.671390189870984	-39.49674321974014	1287.1361886799282
473.0	43.0	18.681048330857845	-39.56700501253033	1287.4658597166606
474.0	43.0	18.690743506500326	-39.6057709487008	1287.7758688265603
475.0	43.0	18.70042071320085	-39.63082036883402	1288.0667858848267
476.0	43.0	18.710093550257973	-39.63824744255703	1288.3388116943122
477.0	43.0	18.71976045600881	-39.628242870331725	1288.5918527367714
478.0	43.0	18.72944349241293	-39.615922633350785	1288.8263371150747
479.0	43.0	18.73912635286361	-39.602706757431214	1289.042396978221
480.0	43.0	18.748822425619956	-39.576142762014555	1289.2400058178994
481.0	43.0	18.75853085712985	-39.531037361822776	1289.419733528337
482.0	43.0	18.76822445079884	-39.46717765126321	1289.582101604954
483.0	43.5	18.631963273200093	-39.43211060010876	1289.7280167375625
484.0	43.5	18.641930346935613	-39.345434433019435	1289.8590514710083
485.0	43.5	18.65190113619463	-39.23391255325524	1289.975948664942
486.0	43.5	18.66185243204845	-39.1023020893869	1290.0793492049925
487.0	43.5	18.671788691574946	-38.94498813394515	1290.170287644826
488.0	43.5	18.68172078661098	-38.75943620058717	1290.2493779660106
489.0	43.5	18.691650835011973	-38.54543458193604	1290.3176320153298
490.0	43.5	18.701844208976823	-204.9898342387986	1290.4959796596916
491.0	43.5	18.712303155173498	-38.994870001910904	1290.6631120404716
492.0	43.5	18.722745852532224	-39.94669367329487	1290.672204599382
493.0	43.5	18.733192746422144	-40.54749437712013	1290.6145520719758
494.0	43.5	18.743637998558228	-40.980191133948445	1290.5229974082076
495.0	43.5	18.754114242916195	-41.316554196934824	1290.4106889991576
496.0	43.5	18.764590628154973	-41.59273151281559	1290.2842445801616
497.0	43.5	18.77507277642475	-41.832225380960224	1290.1469103400327
498.0	43.5	18.78554732695088	-42.04012396517998	1290.0009683760265
499.0	43.5	18.796003544102383	-42.23042572888573	1289.8477606876409
500.0	43.5	18.80646017795493	-42.405076068160625	1289.6883793885095
501.0	43.5	18.81691850229444	-42.566168502914195	1289.5234578366142
502.0	43.5	18.827371782122935	-42.71913282541886	1289.3530145945822
503.0	44.0	18.711111808936195	-42.89706956528905	1289.1776769444275
504.0	44.0	18.72191544155833	-43.03681558371936	1288.997840386448
505.0	44.0	18.73272634799499	-43.16927201799231	1288.8145359470357
506.0	44.0	18.74353162754608	-43.302701164131676	1288.628428466161
507.0	44.0	18.754340596856355	-43.423216594246405	1288.439639042479
508.0	44.0	18.765137371817378	-43.55111871620791	1288.2484711003606
509.0	44.0	18.775915472741723	-43.68009585068643	1288.0546625796146
510.0	44.0	18.786684389709933	-43.80191674160944	1287.8579059127408
511.0	44.0	18.797438125073683	-43.91786288875993	1287.6577752121573
512.0	44.0	18.80819061397291	-44.02843159452051	1287.4535442292056
513.0	44.0	18.818942914601315	-44.11340160568275	1287.2452552287698
514.0	44.0	18.829673178299142	-44.158492788798576	1287.0343916320473
515.0	44.0	18.840398420920728	-44.16422252789146	1286.8215275928126
516.0	44.0	18.851089290337438	-44.13789965311457	1286.6068321625362
517.0	44.0	18.861771607939264	-44.090725360136645	1286.3898025105234
518.0	44.0	18.872428922717834	-44.027817209773666	1286.1692904282647
519.0	44.0	18.883047203416616	-43.952575831339324	1285.9446817720975
520.0	44.0	18.893637240807042	-43.86022770502745	1285.715950545774
521.0	44.0	18.904167120735178	-43.74728428498201	1285.4822838476284
522.0	44.0	18.914670228284237	-43.618492143788785	1285.2433373040585
523.0	44.0	18.92512742640981	-43.472489645507125	1284.9981639899493
524.0	44.5	19.016865788726154	-43.37345696377951	1284.7455318724662
525.0	44.5	19.028388095404992	-43.19273433680079	1284.4853697516312
526.0	44.5	19.039871082238463	-42.978263510474974	1284.2172980915284
527.0	44.5	19.051307489529044	-42.73196839587835	1283.9419566305298
528.0	44.5	19.06270028293176	-42.449512220159875	1283.6589895453535
529.0	44.5	19.074058546246064	-42.1307250561701	1283.368545346968
530.0	44.5	19.085352609254056	-41.77753814314995	1283.0701108423386
531.0	44.5	19.09733017930032	-205.73291973450375	1283.0608736265167
532.0	44.5	19.10923924735891	-43.50644269265761	1282.8428488755435
533.0	44.5	19.121131552779936	-44.38656504800871	1282.4851735869104
534.0	44.5	19.132999444901355	-44.931908691764065	1282.0707108006166
535.0	44.5	19.144864363198078	-45.316335697067515	1281.6251310823116
536.0	44.5	19.156703802608153	-45.61197917665646	1281.1577425808766
537.0	44.5	19.168514986188733	-45.85522309387743	1280.670988205672
538.0	44.5	19.18028635098675	-46.05999648903087	1280.166133759973
539.0	44.5	19.19202552743136	-46.24928332569383	1279.6424569255694
540.0	44.5	19.20372626767966	-46.42071708795261	1279.0990833983083
541.0	44.5	19.215391336566913	-46.576651976772986	1278.535632706165
542.0	44.5	19.227000398684662	-46.73142348535863	1277.9517778940735
543.0	45.0	18.920824802651122	-46.87151169870867	1277.347604199256
544.0	45.0	18.9327956347234	-47.007179092645636	1276.723131764009
545.0	45.0	18.94472695460029	-47.136189712177654	1276.078772191947
546.0	45.0	18.956619447663872	-47.26477199739634	1275.4148844198965
547.0	45.0	18.96848567939003	-47.37719312566719	1274.7295745224774
548.0	45.0	18.98030596275046	-47.49491629972056	1274.0231425790084
549.0	45.0	18.99209905186084	-47.612022533256685	1273.2953631909318
550.0	45.0	19.003845603084	-47.72713215467386	1272.5465582130744
551.0	45.0	19.01556515130071	-47.827719483962674	1271.7766187115312
552.0	45.0	19.027240767227372	-47.89943156704877	1270.9861546592088
553.0	45.0	19.03888553915671	-47.93594765584409	1270.1767395009595
554.0	45.0	19.05049276847342	-47.93151396391231	1269.3501332128978
555.0	45.0	19.06206537138965	-47.88312701901957	1268.507922736737
556.0	45.0	19.073590959772613	-47.827267856527826	1267.650666744579
557.0	45.0	19.08507408322437	-47.75244156936865	1266.778109861455
558.0	45.0	19.09650490143316	-47.65689786036006	1265.8903952291353
559.0	45.0	19.107883388888403	-47.551604892481784	1264.9874157552983
560.0	45.0	19.119222564843746	-47.42914246697682	1264.0690563158832
561.0	45.0	19.130500723078395	-47.281640903929066	1263.135641890977
562.0	45.5	18.98014222926683	-47.14438327953951	1262.1872203280273
563.0	45.5	18.991953884765966	-46.97304805777243	1261.225642804482
564.0	45.5	19.003723626384676	-46.767563357860844	1260.2523373007127
565.0	45.5	19.01544935587526	-46.523685999679216	1259.268278063579
566.0	45.5	19.027120577070058	-46.24308471597	1258.2744133131073
567.0	45.5	19.038737596090115	-45.9295253618851	1257.2723985340629
568.0	45.5	19.050303506934615	-45.57848977415773	1256.2627185438005
569.0	45.5	19.06181633529231	-45.196787130719926	1255.2465322137934
570.0	45.5	19.07358217860671	-211.067108324544	1254.4271199341395
571.0	45.5	19.08545808609873	-46.349117757534984	1253.5246979497676
572.0	45.5	19.09728778217243	-47.320429513230785	1252.4467039664441
573.0	45.5	19.10909621339604	-47.89807034031555	1251.299745776948
574.0	45.5	19.12087123998037	-48.2856394125515	1250.118926501125
575.0	45.5	19.132622688801032	-48.56756256896338	1248.9187411282658
576.0	45.5	19.144349569101827	-48.78179749388134	1247.705934435306
577.0	45.5	19.156039330844777	-48.953816700063335	1246.4836499089727
578.0	45.5	19.167703049746837	-49.10986791117315	1245.2531108068038
579.0	45.5	19.17933315710505	-49.24810583489472	1244.0152805265166
580.0	45.5	19.19092435135352	-49.37937344199672	1242.7711023405989
581.0	46.0	19.03927316650453	-49.52594313926277	1241.5218045141814
582.0	46.0	19.05127197681524	-49.63636910440274	1240.2683664480471
583.0	46.0	19.06324056157827	-49.74663231143046	1239.011737247172
584.0	46.0	19.075178667342914	-49.850749056641504	1237.7528570521736
585.0	46.0	19.087075118433415	-49.93782424886875	1236.4933246439084
586.0	46.0	19.09893481388453	-50.03091710141848	1235.2330455491206
587.0	46.0	19.110745896373864	-50.12365156674283	1233.9711531532773
588.0	46.0	19.122534150946176	-50.21165274490766	1232.707191982316
589.0	46.0	19.1342716237605	-50.289934771126646	1231.4409961170722
590.0	46.0	19.14597422629434	-50.336857985925995	1230.17171522333
591.0	46.0	19.157634943839664	-50.33762023775077	1228.9001857687624
592.0	46.0	19.169257269135247	-50.29056705429218	1227.626967360527
593.0	46.0	19.180822063045618	-50.19398130691093	1226.3530517485715
594.0	46.0	19.19234400240441	-50.074322835889745	1225.0789702148425
595.0	46.0	19.20380684007818	-49.940780134303196	1223.8040990028846
596.0	46.0	19.21521707727474	-49.78401408274152	1222.529278792551
597.0	46.0	19.226567360174055	-49.60554001323451	1221.2539045364024
598.0	46.0	19.237849174958416	-49.40420529929732	1219.9776314803414
599.0	46.0	19.249069555359654	-49.17971104256439	1218.6998074947592
600.0	46.5	19.34594038785788	-49.00148336718443	1217.4205627059018
601.0	46.5	19.358134810085236	-48.74619152107957	1216.140163784188
602.0	46.5	19.370285897072772	-48.449623950296946	1214.858905455609
603.0	46.5	19.382381609496946	-48.108471896369586	1213.57596904683
604.0	46.5	19.394406929843942	-47.72445177421134	1212.2914175468152
605.0	46.5	19.406385288271395	-47.30099166484861	1211.005465884298
606.0	46.5	19.418294376128504	-46.836421679988604	1209.7184690885306
607.0	46.5	19.43038480720156	-208.15015729010756	1208.598005565599
608.0	46.5	19.44287104890692	-47.78921795819254	1207.7081245383542
609.0	46.5	19.455277544421296	-49.10180466342886	1206.4587556891881
610.0	46.5	19.467646974907698	-49.834768212115286	1205.1198112408063
611.0	46.5	19.479988143602576	-50.280124184326255	1203.7414694839408
612.0	46.5	19.49228946532612	-50.582898094541214	1202.3389874017032
613.0	46.5	19.504543720250116	-50.80356949787481	1200.9182635899879
614.0	46.5	19.516754099231623	-50.97699643363889	1199.4809866080448
615.0	46.5	19.528914189866615	-51.135797832574895	1198.0278592473453
616.0	46.5	19.541011611304356	-51.277110145347564	1196.5588040982661
617.0	46.5	19.553070413785786	-51.40736080199912	1195.0739738960817
618.0	47.0	19.235195996927267	-51.53086771877527	1193.574274682733
619.0	47.0	19.247513635735537	-51.65164780516114	1192.0605805401972
620.0	47.0	19.259791005555538	-51.76907365440124	1190.5337431118064
621.0	47.0	19.27200643007674	-51.87769484074014	1188.9950573889457
622.0	47.0	19.284191705622874	-51.96570965177059	1187.4438703778571
623.0	47.0	19.29631553073828	-52.06501130204877	1185.8796242860972
624.0	47.0	19.308400267692516	-52.165157817761354	1184.3014370033125
625.0	47.0	19.320441974914843	-52.26088925340606	1182.7094366925294
626.0	47.0	19.332448744745154	-52.338680724215315	1181.1033117633283
627.0	47.0	19.344407920949806	-52.37863154247138	1179.484487168954
628.0	47.0	19.35634575210792	-52.36568208349343	1177.8542744973379
629.0	47.0	19.36823450054077	-52.30802521992419	1176.21477089084
630.0	47.0	19.380082046527626	-52.207597357962094	1174.5675334549308
631.0	47.0	19.391887699452305	-52.09599098051949	1172.9113791577556
632.0	47.0	19.403639111149037	-51.961148615608394	1171.2457460175503
633.0	47.0	19.415348808722694	-51.802929688998766	1169.5707775190067
634.0	47.0	19.427010019259882	-51.63533364748568	1167.886736876573
635.0	47.0	19.438615700659884	-51.44637131619914	1166.1937048048926
636.0	47.0	19.450176939882386	-51.23865404271094	1164.4916311671295
637.0	47.5	19.29949796981458	-51.04459365606351	1162.7814771133171
638.0	47.5	19.311488154343703	-50.795862563823235	1161.0651412967736
639.0	47.5	19.323457575054913	-50.504421467945775	1159.3427734420488
640.0	47.5	19.335371930645678	-50.16853814167812	1157.6160397642627
641.0	47.5	19.34724419623926	-49.78826493850305	1155.8857858142887
642.0	47.5	19.359074894964706	-49.365955720315185	1154.1522809111889
643.0	47.5	19.370854761438483	-48.91033552917356	1152.4164186328517
644.0	47.5	19.382632755736008	-213.67192215158605	1150.7128458350073
645.0	47.5	19.39451207022867	-49.50920613845403	1149.2905473677924
646.0	47.5	19.4063763272823	-50.78939314130243	1147.5363686839246
647.0	47.5	19.41824056690822	-51.50971706036729	1145.6830508205517
648.0	47.5	19.430118425026297	-51.947706988400704	1143.7850969097185
649.0	47.5	19.442003452054156	-52.241113896864434	1141.86071193348
650.0	47.5	19.45387682723027	-52.45097904834047	1139.917485594704
651.0	47.5	19.465759458259036	-52.61562474028967	1137.9592203491038
652.0	47.5	19.477629723501465	-52.75801265908485	1135.9873512722431
653.0	47.5	19.489498569443363	-52.8885101921965	1134.0027421287143
654.0	47.5	19.501355271703876	-53.01222305457372	1132.0065553503125
655.0	48.0	19.351916381503262	-53.14893640548369	1130.0000956816245
656.0	48.0	19.364024195467493	-53.26078356044028	1127.9839162569465
657.0	48.0	19.376120043397968	-53.360757046494626	1125.9588185513885
658.0	48.0	19.388205111436488	-53.44688360473548	1123.92564756995
659.0	48.0	19.400284246731573	-53.5299935328351	1121.8852001114967
660.0	48.0	19.41235841179326	-53.618336651940524	1119.8363864041103
661.0	48.0	19.42442005037824	-53.70097748507787	1117.7784276256343
662.0	48.0	19.43647448807001	-53.77110337119505	1115.7111540138592
663.0	48.0	19.448518272700348	-53.80992201838692	1113.633513457822
664.0	48.0	19.460564033937576	-53.79601837020985	1111.5445165880399
665.0	48.0	19.472598372633914	-53.728234350639	1109.4451729667123
666.0	48.0	19.484618654599014	-53.600818354460515	1107.3365602967651
667.0	48.0	19.496610427544887	-53.44594828890305	1105.2188088919536
668.0	48.0	19.508572987894006	-53.27002885521652	1103.0913621496209
669.0	48.0	19.520514395838273	-53.07592994719052	1100.953765630449
670.0	48.0	19.53241800737445	-52.8587291084926	1098.804450711661
671.0	48.0	19.54428820798623	-52.61655372991783	1096.642864286007
672.0	48.0	19.556127209711285	-52.346845736572085	1094.4676237847873
673.0	48.5	19.66937174264486	-52.109666485659744	1092.2788316072838
674.0	48.5	19.682099025532125	-51.79697201065386	1090.076826611845
675.0	48.5	19.694810293272592	-51.435642092633366	1087.862421525462
676.0	48.5	19.707492189357016	-51.02268964176719	1085.6357599919784
677.0	48.5	19.720157140585293	-50.56216261897985	1083.396676399906
678.0	48.5	19.7327873975299	-50.05607642064483	1081.1448853774195
679.0	48.5	19.745380045640616	-49.50898223636077	1078.8804028275438
680.0	48.5	19.800188503194104	-116.78537916511964	1076.9699110319966
681.0	48.5	19.812482892275373	-51.1090239424852	1074.9563142586476
682.0	48.5	19.824831598691215	-52.25460501040802	1072.6708773304251
683.0	48.5	19.837249026075423	-52.89099529869484	1070.2959230104877
684.0	48.5	19.849699444932394	-53.278791053445346	1067.870734778644
685.0	48.5	19.86218737811543	-53.53814254205095	1065.4080411810435
686.0	48.5	19.874684278855565	-53.72886171118842	1062.9122880749642
687.0	48.5	19.887193807017276	-53.88694952587696	1060.3856854899234
688.0	48.5	19.899710158117273	-54.03186028914009	1057.828566138604
689.0	48.5	19.912223435364353	-54.16462236682675	1055.2417087627923
690.0	49.0	19.543487609846157	-54.290186437436375	1052.625933130639
691.0	49.0	19.556051150214454	-54.419403376187134	1049.9828673057668
692.0	49.0	19.56864868321748	-54.53633290473175	1047.31457114934
693.0	49.0	19.581253646917045	-54.642786925550965	1044.6209095682489
694.0	49.0	19.59388859292687	-54.731382060865684	1041.9003861317126
695.0	49.0	19.60653208106087	-54.829317563587324	1039.1525860479237
696.0	49.0	19.619188559993294	-54.927768761399506	1036.3759685649661
697.0	49.0	19.631868671327933	-55.01718744429595	1033.5707199199724
698.0	49.0	19.644559736127775	-55.08222643963166	1030.736287988823
699.0	49.0	19.657258319066543	-55.09869521861692	1027.8739813547725
700.0	49.0	19.66996687490989	-55.05588997531719	1024.9851303714706
701.0	49.0	19.682689948753676	-54.95344841911317	1022.0718899218198
702.0	49.0	19.695395685179236	-54.819389196696626	1019.1346241108334
703.0	49.0	19.708093755305534	-54.66394969670312	1016.1733565815773
704.0	49.0	19.720783849250253	-54.488677055906294	1013.1874546917351
705.0	49.0	19.733456048972062	-54.291136973313165	1010.1777997602362
706.0	49.0	19.746113876852032	-54.080476803446714	1007.1439347151265
707.0	49.0	19.75874095209466	-53.85193752740985	1004.0860051657738
708.0	49.5	19.598967573117005	-53.63771832856161	1001.0047205279969
709.0	49.5	19.612162736932	-53.37281826718608	997.9018653549126
710.0	49.5	19.62535376285824	-53.05986920945895	994.7791757568799
711.0	49.5	19.638531046662134	-52.6963237380016	991.6382126046636
712.0	49.5	19.65169667997738	-52.283697253903206	988.4801768406403
713.0	49.5	19.664828217332012	-51.82238055497489	985.3067262485686
714.0	49.5	19.677937260456428	-51.318518599758164	982.1195652280064
715.0	49.5	19.69100972773896	-50.77889453513502	978.919060118744
716.0	49.5	19.702515630722875	-214.7147482058279	976.1085612372319
717.0	49.5	19.71396809754807	-52.864958588841645	972.9261715963534
718.0	49.5	19.72554984669668	-53.751047593269504	969.5948121533144
719.0	49.5	19.73725248498142	-54.255351941387076	966.2010880690037
720.0	49.5	19.749049825556348	-54.56560751504821	962.7688426145224
721.0	49.5	19.76094001414996	-54.77851561866239	959.3070365313606
722.0	49.5	19.77289020007377	-54.94173154920422	955.8183718461521
723.0	49.5	19.784905982645075	-55.080996750841535	952.3026381836228
724.0	49.5	19.796974555425507	-55.203045861241186	948.7571541112878
725.0	50.0	19.884170176144387	-55.34842640005473	945.1781083695752
726.0	50.0	19.896380048185744	-55.466986498003074	941.5576574896432
727.0	50.0	19.908689837201376	-55.567920281463216	937.8896508272495
728.0	50.0	19.921085426391073	-55.65382969429452	934.1691157625197
729.0	50.0	19.93356481635812	-55.72131474384974	930.3959316622424
730.0	50.0	19.94612219086727	-55.79360579274081	926.5753642052604
731.0	50.0	19.958729253182167	-55.86641211297607	922.7219774366674
732.0	50.0	19.97140108493659	-55.92938900384607	918.8581621195906
733.0	50.0	19.984119057385456	-55.96702341123587	915.0079663202325
734.0	50.0	19.996885986010433	-55.96343734011941	911.1959063422852
735.0	50.0	20.009690285701808	-55.89955302138862	907.4416992000232
736.0	50.0	20.02252987875833	-55.769851522383476	903.7602992136318
737.0	50.0	20.03540158792331	-55.598727530261705	900.1645222090326
738.0	50.0	20.04829190979607	-55.4044042985857	896.6676518871475
739.0	50.0	20.061202123127636	-55.180855030573056	893.2853493811099
740.0	50.0	20.07411999411282	-54.93618434967303	890.033282118438
741.0	50.0	20.087062994130065	-54.680391279361736	886.9250011336998
742.0	50.0	20.100003893146347	-54.400358584927254	883.9678026369372
743.0	50.5	19.737123266724744	-54.104000739725564	881.1641703661691
744.0	50.5	19.750726659964027	-53.7730858172223	878.5103851937081
745.0	50.5	19.76439025247966	-53.40009979541753	875.9990500581594
746.0	50.5	19.77809509343113	-52.97511542506929	873.6215957169125
747.0	50.5	19.791854344454997	-52.49837318136263	871.3667510469306
748.0	50.5	19.80563418386497	-51.973182495325915	869.2237383691412
749.0	50.5	19.819446190084566	-51.404156402224096	867.1829286436489
750.0	50.5	19.833214348503365	-120.3436817358717	865.4376862764246
751.0	50.5	19.844229741770697	-180.88753019303863	864.0663899473872
752.0	50.5	19.85510593591696	-54.00286317622302	862.2897390012392
753.0	50.5	19.866241534834057	-54.81273434837641	860.4986850765462
754.0	50.5	19.87762039753936	-55.284996084772345	858.7380154865114
755.0	50.5	19.88921316482536	-55.58656323972183	857.0151971645963
756.0	50.5	19.90100767804868	-55.80893534450394	855.3316243574035
757.0	50.5	19.91298543243905	-55.999454072238535	853.6843917187292
758.0	50.5	19.92513491894925	-56.17316235150412	852.0718587592652
759.0	50.5	19.937438055224348	-56.339455462988795	850.4913505463396
760.0	51.0	19.7564781618366	-56.50742058700881	848.9421522977618
761.0	51.0	19.768382153729544	-56.67144435953748	847.4233431561063
762.0	51.0	19.780593904374474	-56.82178867266373	845.9332738517136
763.0	51.0	19.79310526017728	-56.958619544631375	844.4705089252393
764.0	51.0	19.805873786250615	-57.08657097542557	843.0339719805077
765.0	51.0	19.81889020816594	-57.2239346266767	841.6225072371026
766.0	51.0	19.832139385564275	-57.35979641653047	840.235030032815
767.0	51.0	19.84558978059196	-57.47267487690882	838.870832999363
768.0	51.0	19.859228452885546	-57.549230756468305	837.53065098251
769.0	51.0	19.873044961726126	-57.56476525269012	836.215437046283
770.0	51.0	19.887013468283012	-57.51458621466118	834.9283437338112
771.0	51.0	19.901136361782537	-57.40473511491562	833.6712755443835
772.0	51.0	19.91537925087133	-57.26877600699552	832.4446350020445
773.0	51.0	19.929734643160103	-57.100697730249834	831.2491758382478
774.0	51.0	19.944176101868102	-56.91326054529204	830.085057007637
775.0	51.0	19.95871093479048	-56.714330274459726	828.9510757190401
776.0	51.0	19.97331487283958	-56.499773318230694	827.849104946773
777.0	51.5	19.79864530263434	-56.298196264866746	826.7786469370458
778.0	51.5	19.81415542920351	-56.03944236618577	825.7401694828602
779.0	51.5	19.829789138659823	-55.73179489678986	824.7352349904249
780.0	51.5	19.845515547630228	-55.36660659261949	823.7646385936741
781.0	51.5	19.861326465305986	-54.94401447915847	822.8296695578883
782.0	51.5	19.877209033879126	-54.46653616727301	821.9306834647114
783.0	51.5	19.893147416910992	-53.940900451241724	821.0675602593242
784.0	51.5	19.90913769668383	-53.37538936818803	820.2397381336634
785.0	51.5	19.91939814272547	-215.47601920405347	819.8801686645345
786.0	51.5	19.929504234253205	-55.453377977692256	819.1828718117747
787.0	51.5	19.940074601754162	-56.47011029681661	818.3738172535192
788.0	51.5	19.95107599902224	-57.04205910348256	817.5469512964333
789.0	51.5	19.962470571903825	-57.39284307242036	816.7260037136306
790.0	51.5	19.974221034740868	-57.64460292431134	815.920483395704
791.0	51.5	19.986312092812433	-57.852187701591696	815.1348222267909
792.0	51.5	19.998714688714	-58.031078938136936	814.3708262037377
793.0	51.5	20.011416719601336	-58.20161711617142	813.6278820980982
794.0	52.0	20.114903325030575	-58.40955600946538	812.9063361532097
795.0	52.0	20.1267178849646	-58.569521013425785	812.2074469383556
796.0	52.0	20.13902395143515	-58.70726060575837	811.5322316702894
797.0	52.0	20.151774459299123	-58.830923158900106	810.8814386560178
798.0	52.0	20.16492776377549	-58.95829907989792	810.2542953238877
799.0	52.0	20.17846705715329	-59.092396458240565	809.6490622071093
800.0	52.0	20.192355383289836	-59.21680779024335	809.0631827369754
801.0	52.0	20.206569242013334	-59.308659625085234	808.4949067642605
802.0	52.0	20.221062447993486	-59.345163639453915	807.9452050129737
803.0	52.0	20.235821234691652	-59.3106019795299	807.4156307173
804.0	52.0	20.250810008718442	-59.19399789651949	806.9080292258955
805.0	52.0	20.266005555104222	-59.035634596612596	806.4222507912191
806.0	52.0	20.281369977470142	-58.843423196225004	805.9566645171801
807.0	52.0	20.29689651912886	-58.61832173023837	805.5095100509817
808.0	52.0	20.312559011085614	-58.36890037337474	805.0791229574902
809.0	52.0	20.328332745221893	-58.097260315867594	804.663963191936
810.0	52.5	19.917750639040136	-57.804517069947785	804.2634002600731
811.0	52.5	19.933951858966466	-57.46825512286639	803.8770644514361
812.0	52.5	19.95035063324959	-57.089889321234466	803.5046622860009
813.0	52.5	19.966925999019406	-56.64660046893797	803.1461490197601
814.0	52.5	19.983660272300067	-56.13622482999747	802.8014565698212
815.0	52.5	20.000516248877258	-55.562161499209324	802.4696653094227
816.0	52.5	20.017509887712656	-54.932878608817	802.1509052715627
817.0	52.5	20.03459019962512	-54.25387076381457	801.8444916213349
818.0	52.5	20.04563416675833	-246.9031783014273	802.1909290912693
819.0	52.5	20.05581593786261	-57.24930944282508	801.9941180925678
820.0	52.5	20.066621309666143	-58.24921738433361	801.6630483159224
821.0	52.5	20.077996025216574	-58.79969682536392	801.2955866257139
822.0	52.5	20.08989453571631	-59.13334208828826	800.9114360779098
823.0	52.5	20.102257091885452	-59.37434374808172	800.5155359099376
824.0	52.5	20.11503745581992	-59.580120798744844	800.1086964805185
825.0	52.5	20.12822190565621	-59.769201425204145	799.6893970798939
826.0	52.5	20.14178511771769	-59.96351651069234	799.2564216751059
827.0	53.0	19.909652246801723	-60.160298344783676	798.8094658246549
828.0	53.0	19.921383928364765	-60.326302836468216	798.3476644510596
829.0	53.0	19.933676461115308	-60.47918956679459	797.8685200981333
830.0	53.0	19.946474577736552	-60.618681742844124	797.3715248977397
831.0	53.0	19.95974254551658	-60.770500907189515	796.8543059587121
832.0	53.0	19.973467020304053	-60.92335175883837	796.3152577742442
833.0	53.0	19.987610646745626	-61.055793271961754	795.7543886270357
834.0	53.0	20.00216821243296	-61.142274585283346	795.1724023702965
835.0	53.0	20.017117290660362	-61.15774944080681	794.5713802550238
836.0	53.0	20.032427828700413	-61.09192665156996	793.9553449360246
837.0	53.0	20.048047876589486	-60.951575575908386	793.3268769227444
838.0	53.0	20.063961704603834	-60.78639572496296	792.6873805808606
839.0	53.0	20.080132670757287	-60.58726491866284	792.0378858934338
840.0	53.0	20.096568762394398	-60.363645839822006	791.379974181584
841.0	53.0	20.113234139193256	-60.130741008348956	790.7151874119587
842.0	53.0	20.130126890026723	-59.87857541849578	790.0469108660695
843.0	53.5	19.87470550511931	-59.62410569943105	789.3773473702398
844.0	53.5	19.89030922387465	-59.31018216686434	788.7102295208815
845.0	53.5	19.906207043729612	-58.93458836094328	788.0491737769464
846.0	53.5	19.922359797970795	-58.49504022255438	787.3978349971037
847.0	53.5	19.93875380391983	-57.9909143406652	786.7598224723628
848.0	53.5	19.955370406880863	-57.42665363338495	786.1368199627924
849.0	53.5	19.97218668661017	-56.81111355836852	785.5305755308173
850.0	53.5	19.98723850630297	-216.72620345413995	785.0910636943426
851.0	53.5	19.99809800760108	-57.87509539269521	784.8405857342439
852.0	53.5	20.00959193432822	-59.39318706688455	784.2713632736422
853.0	53.5	20.02157046854129	-60.17413365937787	783.6396750011938
854.0	53.5	20.033977263163212	-60.60381327339472	782.9924372720682
855.0	53.5	20.04679663692505	-60.87673046835371	782.3452166853482
856.0	53.5	20.06002137392584	-61.0916967944536	781.704578967419
857.0	53.5	20.073642756721128	-61.27576740318356	781.0742128413857
858.0	53.5	20.08764462766231	-61.45544531721083	780.4570300571118
859.0	54.0	20.150860201698563	-61.665043738333104	779.8526926532078
860.0	54.0	20.16124201941254	-61.831000269636014	779.2638334670722
861.0	54.0	20.172130319809433	-61.97429449712233	778.6930504773754
862.0	54.0	20.183489176924702	-62.10434496309993	778.1415201718885
863.0	54.0	20.19528284631982	-62.248526524645065	777.6090170963888
864.0	54.0	20.207510188759713	-62.39517083320488	777.0954414731258
865.0	54.0	20.220167911258205	-62.52471725169309	776.5991438537277
866.0	54.0	20.23322273565232	-62.60530801009994	776.1202763176912
867.0	54.0	20.24671642414297	-62.60882327296793	775.6614508950087
868.0	54.0	20.26063935481811	-62.527609799607525	775.2254805008156
869.0	54.0	20.274961255293555	-62.35920222353225	774.8147766443462
870.0	54.0	20.28964830605171	-62.15443182627555	774.429496316293
871.0	54.0	20.30466550367902	-61.92146277564717	774.0685710489046
872.0	54.0	20.319989414423734	-61.658884701608876	773.731045982471
873.0	54.0	20.335600077092625	-61.36586234872302	773.4157897742006
874.0	54.5	19.924628123919682	-61.05882957177639	773.12292740455
875.0	54.5	19.938854489747662	-60.69720509170451	772.8530171028093
876.0	54.5	19.95332278952447	-60.29512897838421	772.6061199477003
877.0	54.5	19.968016116412006	-59.82646151870559	772.3828489186365
878.0	54.5	19.982895862733617	-59.27746221974417	772.1828514404863
879.0	54.5	19.9979352937299	-58.655753699153344	772.0044803884684
880.0	54.5	20.013135463518072	-57.967213298341946	771.8467083392429
881.0	54.5	20.0284644927555	-57.22185620405885	771.7091822160853
882.0	54.5	20.039832651942504	-247.06324696678817	772.1448387569004
883.0	54.5	20.049533867698894	-60.30941645151624	772.1769983314484
884.0	54.5	20.05978171782897	-61.42496894641081	772.0624197017222
885.0	54.5	20.070440834881502	-62.00125025927907	771.9180947204975
886.0	54.5	20.081444545928143	-62.33492238879418	771.7636197856808
887.0	54.5	20.09278483756029	-62.57215616922645	771.6031952265594
888.0	54.5	20.1044510603448	-62.77947310839401	771.4369770876901
889.0	54.5	20.116432351203294	-62.980225532535236	771.2635770276727
890.0	55.0	19.93853339074211	-63.2197803116655	771.082596133011
891.0	55.0	19.946872928870384	-63.41372650820619	770.8925359250271
892.0	55.0	19.95578081518605	-63.58285427985048	770.6938301600022
893.0	55.0	19.96522086926787	-63.741545159468046	770.4827391648131
894.0	55.0	19.97528404486566	-63.90874034657514	770.2559019005348
895.0	55.0	19.986005681957177	-64.08569320386026	770.0100044265223
896.0	55.0	19.99731333618164	-64.24954340477862	769.7426040367595
897.0	55.0	20.009126182445133	-64.37066133973428	769.4525430614626
898.0	55.0	20.021414136471403	-64.41454971819346	769.1404338166078
899.0	55.0	20.034116500901234	-64.36412985511062	768.8084747415767
900.0	55.0	20.04717427677264	-64.2204087895351	768.4586397885139
901.0	55.0	20.060566348994065	-64.0336067410821	768.0905230403824
902.0	55.0	20.07423322126576	-63.82179368390716	767.7034439430939
903.0	55.0	20.088158968365093	-63.58237077540124	767.2962330567913
904.0	55.0	20.10231535130412	-63.32617348902585	766.868969289321
905.0	55.0	20.116676305125	-63.054643584668625	766.4221910390978
906.0	55.5	19.999040520879532	-62.7881756817435	765.9579929850775
907.0	55.5	20.013897658797834	-62.44418603859591	765.4779298171067
908.0	55.5	20.028922381764247	-62.0305400501696	764.9845572598038
909.0	55.5	20.04409732158565	-61.543737202580395	764.4806978574247
910.0	55.5	20.059410835713546	-60.98425109393944	763.9685436287904
911.0	55.5	20.07481794230006	-60.35687446832127	763.4502190040714
912.0	55.5	20.09031241476591	-59.67115912033007	762.9276465467385
913.0	55.5	20.09991575432053	-217.89006486694726	762.6085862273278
914.0	55.5	20.104721240914408	-61.50051347322202	762.252133662821
915.0	55.5	20.110934019043984	-62.82480077027528	761.670340608902
916.0	55.5	20.118171597517236	-63.495968937453874	761.0310342000521
917.0	55.5	20.126182852433324	-63.87296543590553	760.365945874313
918.0	55.5	20.134793947894252	-64.13365459405193	759.6856973566503
919.0	55.5	20.143942659053966	-64.35544592589781	758.994841485889
920.0	55.5	20.153592510417738	-64.56721951091279	758.2976910373793
921.0	56.0	20.05076196719061	-64.8222571051481	757.5986173691659
922.0	56.0	20.05748927507606	-65.01850142631824	756.9002554870573
923.0	56.0	20.065233617288325	-65.19123821687609	756.2042093972816
924.0	56.0	20.073957427215745	-65.34642161548132	755.5134733501993
925.0	56.0	20.08355438467662	-65.5210555462149	754.8290093609248
926.0	56.0	20.09393400299411	-65.70218918918432	754.1507402325673
927.0	56.0	20.104979274623272	-65.85974943592986	753.4794533139285
928.0	56.0	20.1166240143236	-65.96147036387376	752.8143127743114
929.0	56.0	20.12880684387616	-65.96988417088001	752.1582536074253
930.0	56.0	20.141447177385164	-65.87854660001852	751.5153924715097
931.0	56.0	20.154496154396995	-65.69729013862819	750.8877897472673
932.0	56.0	20.167889220245623	-65.46879700097016	750.2762951111711
933.0	56.0	20.181584436952022	-65.20909121656739	749.6812164621382
934.0	56.0	20.19553289427785	-64.92766678393014	749.1026917729673
935.0	56.0	20.209698791546206	-64.60865724910744	748.5414395581637
936.0	56.5	20.41809278843175	-64.29625575774374	747.9989816619753
937.0	56.5	20.433685536200386	-63.89522786985152	747.477934599213
938.0	56.5	20.449491130308076	-63.44100233913648	746.9806450372378
939.0	56.5	20.465471983769906	-62.90133330030648	746.5086333071515
940.0	56.5	20.481613700336617	-62.27242433825245	746.0624170078993
941.0	56.5	20.497879429550235	-61.56201718196642	745.6413744784836
942.0	56.5	20.514251513054056	-60.782391591198014	745.2440191690437
943.0	56.5	20.527118966904006	-125.04415440071185	745.1592863001861
944.0	56.5	20.52682031151232	-185.0318316509793	745.1849669376955
945.0	56.5	20.528920113273365	-64.43323108425042	744.8742287984539
946.0	56.5	20.53284637904904	-65.23217667554096	744.5348035877028
947.0	56.5	20.538110219069786	-65.64416516197232	744.1930827929411
948.0	56.5	20.54439907623105	-65.91069715537843	743.8527196382977
949.0	56.5	20.55151770665576	-66.14295608673297	743.5127075321726
950.0	56.5	20.559473189296387	-66.37248435852288	743.1733113432616
951.0	57.0	20.235731094183716	-66.65091333828784	742.8348202761332
952.0	57.0	20.242543976648417	-66.87198910051893	742.4983966117444
953.0	57.0	20.25058220718418	-67.06894395245898	742.1654483015973
954.0	57.0	20.259698424416083	-67.25902409879913	741.8338246880473
955.0	57.0	20.269770055609946	-67.46895194896305	741.4988303103679
956.0	57.0	20.280666752922304	-67.68551618391548	741.1583198611129
957.0	57.0	20.292296617096742	-67.8746668911748	740.809927265427
958.0	57.0	20.30457270211087	-68.00175410216212	740.4539536042971
959.0	57.0	20.317450336979633	-68.02270798847985	740.0916067131716
960.0	57.0	20.330847350314933	-67.93158736176025	739.7250051866736
961.0	57.0	20.344701395661247	-67.753853841484	739.354884480304
962.0	57.0	20.35895493435229	-67.53562151578824	738.9794360541885
963.0	57.0	20.373580681289518	-67.29592369461118	738.5970037346815
964.0	57.0	20.38853011244897	-67.03325032625798	738.2059297059375
965.0	57.0	20.40376494002308	-66.75549901353236	737.8054608789013
966.0	57.5	20.32234672364481	-66.48634534748942	737.3956748795442
967.0	57.5	20.33898944348919	-66.13388002862774	736.9781064884376
968.0	57.5	20.35585066957522	-65.70941849662525	736.5533094448728
969.0	57.5	20.372912749350473	-65.19806079917043	736.122383118645
970.0	57.5	20.390124661802485	-64.6017739690669	735.684878142596
971.0	57.5	20.407490545182945	-63.92766515343709	735.2419404802166
972.0	57.5	20.42497374010104	-63.17962385029776	734.7928719160918
973.0	57.5	20.435682539869145	-219.99060329061743	734.413077823857
974.0	57.5	20.432255364064012	-64.9374083906588	734.1710192209463
975.0	57.5	20.431841947811133	-66.46188083735153	733.6537866435733
976.0	57.5	20.433498237515444	-67.19688300758654	733.0645563484271
977.0	57.5	20.436719176883813	-67.58605516405753	732.4363673085365
978.0	57.5	20.441398500525406	-67.86184824546181	731.7789154000156
979.0	57.5	20.447375836791046	-68.10193637725833	731.0973868076061
980.0	57.5	20.454564068772253	-68.34782477512512	730.3945412134761
981.0	58.0	20.34528032577422	-68.6306516248921	729.6756706089802
982.0	58.0	20.353120208498407	-68.84036124764609	728.9443509936978
983.0	58.0	20.36211515126829	-69.03597430383394	728.2027224273024
984.0	58.0	20.37215308616828	-69.23519287306543	727.4519434268457
985.0	58.0	20.383122373834055	-69.455806373914	726.6925130762631
986.0	58.0	20.394933044886375	-69.66003504568674	725.9258507841523
987.0	58.0	20.407523364596717	-69.80744038723917	725.1522342164936
988.0	58.0	20.420797722322405	-69.85679849915236	724.3753695475416
989.0	58.0	20.43470000657339	-69.78669542202918	723.5995226200266
990.0	58.0	20.449154126921673	-69.60137206449944	722.8290309634336
991.0	58.0	20.46411094093007	-69.36195028349655	722.0648874158074
992.0	58.0	20.479529123226815	-69.0793116039191	721.3072927812653
993.0	58.0	20.495348515221174	-68.77663800044512	720.556735608051
994.0	58.0	20.511537527007327	-68.43560948437153	719.8146613027002
995.0	58.5	20.728493304519503	-68.11411959146743	719.0835495879141
996.0	58.5	20.746803302588958	-67.67777389114427	718.3667786714365
997.0	58.5	20.76536973967171	-67.17104918160693	717.6672827282624
998.0	58.5	20.784149649155825	-66.56281162384175	716.9867197204837
999.0	58.5	20.803126405204374	-65.85310569036312	716.3265724240399
1000.0	58.5	20.822291786722023	-65.05074830206621	715.685059869078
1001.0	58.5	20.841630090052575	-64.16672444883932	715.0614831177704
1002.0	58.5	20.85093608785519	-243.25417955547735	714.8487019464833
1003.0	58.5	20.84672218745465	-67.15922012727297	714.5174901929961
1004.0	58.5	20.845887519714523	-68.57599317434925	713.98776457896
1005.0	58.5	20.847553950664167	-69.2395465703517	713.4175720362888
1006.0	58.5	20.851213995688735	-69.59790299715323	712.8305700354838
1007.0	58.5	20.856551626404073	-69.87091544341732	712.2326589963463
1008.0	58.5	20.863427515500963	-70.13650145294604	711.6259943542025
1009.0	59.0	20.543127992000404	-70.45459881057167	711.013643423649
1010.0	59.0	20.551857988227823	-70.71128605530677	710.4003526094212
1011.0	59.0	20.5618403444281	-70.93958280913935	709.7889306761517
1012.0	59.0	20.5729555990041	-71.16576541764042	709.1808253286351
1013.0	59.0	20.58513264141742	-71.41602035952864	708.5714691739342
1014.0	59.0	20.598260596628155	-71.67406895962684	707.959044749088
1015.0	59.0	20.612280981389684	-71.89340115302164	707.3435971106433
1016.0	59.0	20.6271263263108	-72.03549228560472	706.7275635763492
1017.0	59.0	20.642756503454752	-72.04588683725898	706.1145643032793
1018.0	59.0	20.659120123002232	-71.91908044832363	705.5084765610567
1019.0	59.0	20.676181979666254	-71.71622776063164	704.9107249072346
1020.0	59.0	20.693908209248093	-71.466117512543	704.3194213510889
1021.0	59.0	20.712290129937884	-71.19634289627956	703.733437317694
1022.0	59.0	20.731310552388557	-70.90951561329086	703.1518185431878
1023.0	59.5	20.622951111134626	-70.68189957337309	702.5747508450254
1024.0	59.5	20.64321434012842	-70.32350857725669	702.0046907769575
1025.0	59.5	20.66379535135597	-69.90460289592966	701.4430376651962
1026.0	59.5	20.684693422292362	-69.38355969540106	700.8915123079664
1027.0	59.5	20.705902578213465	-68.76571099999644	700.35024837148
1028.0	59.5	20.727423435981397	-68.05347013140629	699.8192519805829
1029.0	59.5	20.74925697135065	-67.25577526693972	699.2985042020673
1030.0	59.5	20.771426905631593	-129.28349570598135	698.7870372531155
1031.0	59.5	20.735444607821766	-207.59258041378808	698.58175371174
1032.0	59.5	20.73376601528618	-69.86456563437211	698.0852456802205
1033.0	59.5	20.735636351908365	-70.86430163062396	697.5004905170225
1034.0	59.5	20.740270718043853	-71.35390548851406	696.882347745769
1035.0	59.5	20.747258229899415	-71.68191354625071	696.2438771603588
1036.0	59.5	20.756297974471007	-71.97028808258764	695.5912277533032
1037.0	60.0	20.938028198642254	-72.32856692977478	694.9280906305407
1038.0	60.0	20.948372744846353	-72.59891874381672	694.2598884798945
1039.0	60.0	20.96015281076537	-72.83505923593015	693.5915070753289
1040.0	60.0	20.973272479144203	-73.06631154052033	692.9232673310079
1041.0	60.0	20.987609876744717	-73.32314263688276	692.2537064888476
1042.0	60.0	21.00306430574966	-73.58976954339157	691.5825688500696
1043.0	60.0	21.019578080730536	-73.81132178373375	690.9092689052984
1044.0	60.0	21.037084614632338	-73.94526244493179	690.232886914848
1045.0	60.0	21.055527088563064	-73.93799872056117	689.556301465441
1046.0	60.0	21.074860810772254	-73.78725029229182	688.8826283930252
1047.0	60.0	21.095047717442057	-73.55178699957676	688.2109658965934
1048.0	60.0	21.116028648257704	-73.2633527511641	687.5395111365573
1049.0	60.0	21.137781509307572	-72.94445998137965	686.8670858612834
1050.0	60.0	21.160258799398736	-72.59772795837644	686.1935404238844
1051.0	60.5	20.902951107888295	-72.22711458314829	685.5190602754836
1052.0	60.5	20.925586308006732	-71.77190352962926	684.8462795743011
1053.0	60.5	20.948603037875138	-71.2376859020947	684.177030842006
1054.0	60.5	20.97199499880783	-70.58277534983064	683.5134234568184
1055.0	60.5	20.995775614980783	-69.81210192221239	682.8552629402799
1056.0	60.5	21.019932236838972	-68.93471129436668	682.2003194655917
1057.0	60.5	21.04444425647941	-67.95632037438634	681.5477631625679
1058.0	60.5	21.05686590729222	-213.85854589206468	681.3005606217014
1059.0	60.5	21.054116807053735	-71.25226231901966	680.9268170597869
1060.0	60.5	21.055954898268983	-72.70510020369191	680.3377851796937
1061.0	60.5	21.061194134143243	-73.35514604467443	679.6932730067394
1062.0	60.5	21.069131608517907	-73.71146180581715	679.0180751188292
1063.0	60.5	21.079322991897	-74.00974151389585	678.3188821449146
1064.0	60.5	21.091436281754678	-74.33095460729807	677.5989703370543
1065.0	61.0	20.790347828339993	-74.66208970636218	676.8663994044299
1066.0	61.0	20.804049905550155	-74.92423912513401	676.1274871809843
1067.0	61.0	20.819109285781412	-75.18450448741041	675.3861702231061
1068.0	61.0	20.835384345941918	-75.46194041330067	674.6419777809302
1069.0	61.0	20.852775548667108	-75.76260233893167	673.8925610271513
1070.0	61.0	20.87119406385454	-76.03140011817688	673.1386019425535
1071.0	61.0	20.89055798336825	-76.21565676359995	672.3826117096112
1072.0	61.0	20.910821608283857	-76.24754632810509	671.6314432231125
1073.0	61.0	20.93189833525808	-76.11757821833345	670.8907337221481
1074.0	61.0	20.95372634832982	-75.88991138547237	670.164636306163
1075.0	61.0	20.976243129497416	-75.60872877465833	669.4525602633599
1076.0	61.0	20.999376451212584	-75.30674603784699	668.7533354308687
1077.0	61.0	21.02308508373151	-74.99401109330535	668.0673561340944
1078.0	61.5	20.847880451110544	-74.7164655795807	667.3946368735536
1079.0	61.5	20.872491274981613	-74.31769397369004	666.7394904652822
1080.0	61.5	20.89744142866496	-73.82853548957277	666.1038586390938
1081.0	61.5	20.922719604053878	-73.22239111956831	665.4886586896922
1082.0	61.5	20.948314212041822	-72.50528970422695	664.894172694299
1083.0	61.5	20.974188467483284	-71.68457261342373	664.3200628611484
1084.0	61.5	21.00032252816052	-70.75524355734812	663.7658456409367
1085.0	61.5	21.016369048782035	-222.81961141015412	663.2656681208352
1086.0	61.5	21.012435982744872	-72.98780282967027	662.9030856191082
1087.0	61.5	21.0137878394562	-74.5970329204235	662.3378064908342
1088.0	61.5	21.018855953355676	-75.31010281488521	661.7257140966632
1089.0	61.5	21.026792974482905	-75.69744663521814	661.0938097994145
1090.0	61.5	21.03706211899981	-76.01608678969234	660.4500798423213
1091.0	61.5	21.049271390716253	-76.34774048157678	659.7989390812658
1092.0	62.0	20.88803175245051	-76.6976123511896	659.1460985939709
1093.0	62.0	20.902830818309308	-76.96141590394407	658.4971124651036
1094.0	62.0	20.91897624517653	-77.22599400617383	657.8541718812592
1095.0	62.0	20.936326663908652	-77.51828458188324	657.2154164211948
1096.0	62.0	20.95476422278478	-77.82431241745267	656.579895033112
1097.0	62.0	20.97421118728872	-78.07600916774417	655.9462222108054
1098.0	62.0	20.994543423443922	-78.21314453785894	655.3151146995244
1099.0	62.0	21.01569034074421	-78.18080762991201	654.6906927840612
1100.0	62.0	21.037556556781453	-77.97932285396804	654.0750377153034
1101.0	62.0	21.060074971606554	-77.6966606483398	653.4664221960077
1102.0	62.0	21.083168367805655	-77.36281666242138	652.8616527427704
1103.0	62.0	21.10672814706755	-76.99912926397266	652.2591914762988
1104.0	62.5	21.232664804021436	-76.68566398410054	651.6578595021424
1105.0	62.5	21.258712563069597	-76.22997900701215	651.0586959563443
1106.0	62.5	21.285068942052764	-75.70333214607085	650.4645660949907
1107.0	62.5	21.311707007396585	-75.05534418914876	649.8766836613356
1108.0	62.5	21.338609854942476	-74.2709693059551	649.2957411124836
1109.0	62.5	21.365718085237503	-73.35802824924698	648.7184204811768
1110.0	62.5	21.393012930078278	-72.33043090168776	648.1410501247495
1111.0	62.5	21.42049972286513	-117.04867497622902	647.5633654676083
1112.0	62.5	21.414774700963086	-168.9616589200655	647.5338006348384
1113.0	62.5	21.415057877193437	-76.40826835155484	647.0302580117616
1114.0	62.5	21.419452102700333	-77.27925878030008	646.4397121931064
1115.0	62.5	21.42690187185277	-77.68256836449751	645.8047498945676
1116.0	62.5	21.43678024105514	-77.99681836128912	645.1338736868277
1117.0	62.5	21.448618860340403	-78.34310443849061	644.4316407126795
1118.0	63.0	21.0268202453375	-78.68963434334	643.7042097578753
1119.0	63.0	21.043121498121415	-78.9730993232316	642.9618383897238
1120.0	63.0	21.060739973746973	-79.26212975117619	642.2071595601734
1121.0	63.0	21.079502088445643	-79.58177517586039	641.4374873564639
1122.0	63.0	21.09931152666327	-79.92375601603536	640.6497683780128
1123.0	63.0	21.120027265751148	-80.21783540134152	639.8436312715394
1124.0	63.0	21.14156132515089	-80.3907223038655	639.0242897095136
1125.0	63.0	21.163809134843127	-80.3766118700416	638.1983962227625
1126.0	63.0	21.18668108850428	-80.17654148048342	637.372904219239
1127.0	63.0	21.21009971049066	-79.90047162210374	636.5507370536482
1128.0	63.0	21.233961905638743	-79.57420646530231	635.7305381609791
1129.0	63.0	21.258186261244553	-79.24325473435218	634.911664687856
1130.0	63.5	21.0648603648947	-78.95919718944678	634.096580565724
1131.0	63.5	21.091949269323482	-78.55613444871679	633.2897245707741
1132.0	63.5	21.11926219461823	-78.07690047767592	632.4971528163293
1133.0	63.5	21.146754926436653	-77.46521931245555	631.721029225695
1134.0	63.5	21.174413918592727	-76.72617286383641	630.9637699740776
1135.0	63.5	21.20215913590031	-75.86345041329979	630.2268389390869
1136.0	63.5	21.229964544789816	-74.8816483743772	629.5114319818402
1137.0	63.5	21.25777312088139	-132.29264511766638	628.8203096664289
1138.0	63.5	21.252157237694345	-169.48053671915648	628.3381932320624
1139.0	63.5	21.252767487248082	-78.30893674763375	627.6561418525355
1140.0	63.5	21.257457530606015	-79.19368905935532	626.927108978734
1141.0	63.5	21.26517412189185	-79.62016202058895	626.1900422423773
1142.0	63.5	21.27524825625341	-79.96390702217194	625.453542876061
1143.0	64.0	21.062649203661014	-80.37715950868511	624.724800779787
1144.0	64.0	21.07852239514358	-80.69827412137336	624.0102534984153
1145.0	64.0	21.095798701605144	-80.9817438899492	623.3187679573024
1146.0	64.0	21.114301600913148	-81.27471932018183	622.6520009646022
1147.0	64.0	21.133864322277237	-81.6147628765297	622.008008663582
1148.0	64.0	21.154369819861067	-81.9545922701442	621.3857701082993
1149.0	64.0	21.175680183965373	-82.21222496922483	620.7841647088993
1150.0	64.0	21.197698219871814	-82.29921294134036	620.2068618775047
1151.0	64.0	21.220322664045128	-82.18608294648281	619.6588549172783
1152.0	64.0	21.24344831413446	-81.91263890864951	619.1407259477608
1153.0	64.0	21.266986213759463	-81.56681780615176	618.6478391224704
1154.0	64.0	21.290837283920943	-81.1832561456264	618.1759250182497
1155.0	64.0	21.31493605944695	-80.7674043813979	617.7224789054569
1156.0	64.5	21.429603430603414	-80.41067218407359	617.2874981551943
1157.0	64.5	21.45785805250803	-79.87321573180708	616.8713853834734
1158.0	64.5	21.486244922509197	-79.22424768021281	616.474543240366
1159.0	64.5	21.51470340014265	-78.41374952062873	616.0953771395571
1160.0	64.5	21.543195777402026	-77.45197962098156	615.730321716982
1161.0	64.5	21.571667269422548	-76.35884177187346	615.3722749523249
1162.0	64.5	21.600064249624698	-75.10918183057579	615.016538235008
1163.0	64.5	21.604739129808046	-216.96554954980644	615.1274036751172
1164.0	64.5	21.60468896770983	-80.05107723608496	614.8716234987223
1165.0	64.5	21.60899983578248	-81.11255281406461	614.5060923683608
1166.0	64.5	21.616452591399085	-81.55423355820005	614.0877793072774
1167.0	64.5	21.626292297099305	-81.89102573906247	613.6214264007461
1168.0	64.5	21.638030952129547	-82.26542771615173	613.1074223278529
1169.0	65.0	21.208617453059688	-82.62745202185258	612.5500786149273
1170.0	65.0	21.227227755862707	-82.9306424843795	611.9571619857941
1171.0	65.0	21.246994686141957	-83.24438921557163	611.3302058136612
1172.0	65.0	21.26775224856664	-83.61282597708728	610.6620523825699
1173.0	65.0	21.289367411905133	-83.98887831969938	609.9473764145919
1174.0	65.0	21.311721537986145	-84.28369993047917	609.1887157051049
1175.0	65.0	21.334684921795102	-84.39617087645244	608.3914378686525
1176.0	65.0	21.358163559866448	-84.28317353386846	607.563981923548
1177.0	65.0	21.38205013888957	-84.00889973246684	606.7118872930303
1178.0	65.0	21.406248608905987	-83.66734068893786	605.8350140314005
1179.0	65.0	21.43065668643495	-83.29738885430203	604.9329114394482
1180.0	65.0	21.455204013550727	-82.93265833565266	604.0077832066033
1181.0	65.5	21.25089943390482	-82.61918826143504	603.0642590557824
1182.0	65.5	21.279654504728455	-82.13661580181027	602.1106547784194
1183.0	65.5	21.30844255414627	-81.51534607311872	601.1542401369334
1184.0	65.5	21.337207856584158	-80.74862545621379	600.1982906002772
1185.0	65.5	21.365904872698728	-79.84096881125463	599.2461019236796
1186.0	65.5	21.39445379578191	-78.8028215267967	598.3008791489639
1187.0	65.5	21.42284769987683	-77.59022680941807	597.3677986575877
1188.0	65.5	21.42759453450384	-227.66301541770855	596.5918904669782
1189.0	65.5	21.42785272272514	-81.78604024633613	595.7171752821196
1190.0	65.5	21.432446186246946	-82.87129666045884	594.7606292264395
1191.0	65.5	21.44009740040414	-83.3437014575721	593.7752593281473
1192.0	65.5	21.45007479500539	-83.71886743522161	592.7761041722221
1193.0	66.0	21.529856779140065	-84.18616609188167	591.7757844146747
1194.0	66.0	21.548723337216614	-84.53138096386071	590.7900043373321
1195.0	66.0	21.568868221416306	-84.84507139231421	589.8321940341367
1196.0	66.0	21.590078943126628	-85.17500769488828	588.9079539877348
1197.0	66.0	21.61219353915915	-85.56993459386518	588.0201449197975
1198.0	66.0	21.63507995143829	-85.94501795495526	587.1698246300309
1199.0	66.0	21.658590402022863	-86.19487027094753	586.3593320184716
1200.0	66.0	21.682627354519074	-86.21488028770877	585.5966144504308
1201.0	66.0	21.707061715241945	-85.99854317500767	584.8878576770353
1202.0	66.0	21.73179991355733	-85.66301320944416	584.2307972148458
1203.0	66.0	21.75675337936043	-85.267379578986	583.621382592581
1204.0	66.0	21.781807239905923	-84.83644731080092	583.0555071316372
1205.0	66.5	21.616255922158967	-84.43748289970334	582.5324546879184
1206.0	66.5	21.646091558849527	-83.90038070125175	582.0528224668955
1207.0	66.5	21.675901310609618	-83.2667614735685	581.6185459549192
1208.0	66.5	21.705622073877638	-82.45867196906302	581.227656642963
1209.0	66.5	21.7352331028522	-81.47449787857805	580.8760428512331
1210.0	66.5	21.76466115226743	-80.33444668921815	580.5572902758154
1211.0	66.5	21.793845510087223	-79.02640128812686	580.2637788876254
1212.0	66.5	21.80940742134861	-227.2205429536261	580.3760808102785
1213.0	66.5	21.809202912053387	-83.20020971936646	580.3019840081363
1214.0	66.5	21.813768923834065	-84.59159903374984	580.0674131071166
1215.0	66.5	21.821569329107067	-85.13253034949985	579.7881963735152
1216.0	66.5	21.83177770886048	-85.5116040752573	579.472663519095
1217.0	67.0	21.33126328074571	-85.93824644126354	579.1204874029015
1218.0	67.0	21.350764293026423	-86.3229276024648	578.7352550169419
1219.0	67.0	21.371436926251324	-86.66162631287543	578.3233115228361
1220.0	67.0	21.393077176993312	-87.01664926849702	577.8851167809006
1221.0	67.0	21.415517646685263	-87.44528209432261	577.4107566924235
1222.0	67.0	21.438610597388134	-87.86740825066292	576.8924375174278
1223.0	67.0	21.462258941343475	-88.16628490097767	576.3297262778844
1224.0	67.0	21.4863301876979	-88.22477360544607	575.730606537214
1225.0	67.0	21.510716354978236	-88.02155432564577	575.1012952922782
1226.0	67.0	21.535306849650524	-87.69430800925869	574.4432291392517
1227.0	67.0	21.560012392264294	-87.31020763964418	573.7527151065594
1228.0	67.0	21.584742594437106	-86.91715375174337	573.0263251768279
1229.0	67.5	21.368011058065967	-86.620747320319	572.2665742418335
1230.0	67.5	21.39798307372613	-86.15025431330477	571.4789554555975
1231.0	67.5	21.427821652867618	-85.56805713548513	570.6729514319727
1232.0	67.5	21.457474760443322	-84.81550109412217	569.8524933394448
1233.0	67.5	21.486922615788693	-83.90576402965158	569.0181768282466
1234.0	67.5	21.516094493656524	-82.84774248165182	568.1709808870289
1235.0	67.5	21.54495072835733	-81.60760490328529	567.3152907823322
1236.0	67.5	21.56354582233607	-227.8627253859761	566.4941313055272
1237.0	67.5	21.563208760375023	-84.75757193928528	565.7619645887929
1238.0	67.5	21.56771977914316	-86.29706569236363	564.8260540849237
1239.0	67.5	21.575467345443197	-86.90875851537015	563.8386708599453
1240.0	67.5	21.585639358876648	-87.33760119959733	562.8209250082864
1241.0	68.0	21.658227791155443	-87.86171852448273	561.7851839977137
1242.0	68.0	21.679089929036223	-88.25271391902528	560.7482576559338
1243.0	68.0	21.701076738333143	-88.60355809845619	559.7243341773806
1244.0	68.0	21.723943529715402	-88.98088076198336	558.7189345788504
1245.0	68.0	21.747518951837552	-89.43632078265449	557.7341978280188
1246.0	68.0	21.771656050566914	-89.86079270047239	556.7717626390432
1247.0	68.0	21.796252173602653	-90.11377784716306	555.8379101691395
1248.0	68.0	21.82118317403946	-90.08412780454995	554.9436726388512
1249.0	68.0	21.8463263484823	-89.8015544106374	554.096882214981
1250.0	68.0	21.871573499364665	-89.41502054165584	553.2963010279267
1251.0	68.0	21.896862795227808	-88.98288540545354	552.538098857233
1252.0	68.0	21.922091343722663	-88.5104860308885	551.8221394187428
1253.0	68.5	21.749699329467607	-88.065876462812	551.1517285355142
1254.0	68.5	21.780537256200624	-87.4592719781394	550.5320043314188
1255.0	68.5	21.811147138492252	-86.71016270993199	549.9661211454456
1256.0	68.5	21.841472780246953	-85.75937428685724	549.4527885595571
1257.0	68.5	21.87149505204549	-84.61789172379501	548.9876869474208
1258.0	68.5	21.901186185824027	-83.29822230212044	548.5640515819558
1259.0	68.5	21.93049162404062	-81.75405073847995	548.1789856228536
1260.0	68.5	21.933329076361186	-227.9395970721905	548.3656238260533
1261.0	68.5	21.937878967283698	-87.82448605565507	548.111553586293
1262.0	68.5	21.945817209130894	-88.63127736517622	547.7995339274528
1263.0	68.5	21.956285631360014	-89.04470734135354	547.4637056669701
1264.0	68.5	21.968684952300478	-89.49212698464109	547.1047134203945
1265.0	69.0	21.461749938743004	-89.91962472723615	546.7257980239037
1266.0	69.0	21.48403898431431	-90.28292966335039	546.3333701823506
1267.0	69.0	21.50712479496903	-90.66405192102032	545.9297347583765
1268.0	69.0	21.530830152574378	-91.13287416129481	545.5043299763945
1269.0	69.0	21.5550101556076	-91.60249352439274	545.0454314942519
1270.0	69.0	21.579544398937923	-91.92840192471756	544.551119756883
1271.0	69.0	21.604310880728942	-91.96896588912172	544.0277784576962
1272.0	69.0	21.629231080571216	-91.71451042570118	543.4801152325863
1273.0	69.0	21.65420054351937	-91.33882514106165	542.9064180877784
1274.0	69.0	21.679123734081564	-90.91701011341985	542.2989030437288
1275.0	69.0	21.703915524835093	-90.49166314042189	541.6515235501317
1276.0	69.5	21.479078226961956	-90.15390990529627	540.9648442890255
1277.0	69.5	21.509842560673093	-89.62587551350312	540.2443375076562
1278.0	69.5	21.54028593054617	-88.94920370993032	539.4966971584756
1279.0	69.5	21.570370071217415	-88.08727681847948	538.7231899185985
1280.0	69.5	21.600073580546752	-87.0534129591303	537.920852952609
1281.0	69.5	21.629357912020495	-85.8473055635349	537.0879492985622
1282.0	69.5	21.65820371128838	-84.39878525598819	536.2294250927439
1283.0	69.5	21.66731548657672	-230.5626532962312	535.4560992556275
1284.0	69.5	21.672025005642084	-89.21467945658647	534.5272147946994
1285.0	69.5	21.680141548192072	-90.22600631359236	533.4875644429985
1286.0	69.5	21.690753160724586	-90.71035885751029	532.3893269835796
1287.0	69.5	21.703329563691906	-91.19610550545215	531.2448228327712
1288.0	70.0	21.777556631071697	-91.72206041106288	530.0720054191115
1289.0	70.0	21.80108161339543	-92.09974537195686	528.8900081094807
1290.0	70.0	21.825343299560043	-92.49890150665752	527.7088519325356
1291.0	70.0	21.85014400219055	-92.99268949416975	526.529457285998
1292.0	70.0	21.87533801730762	-93.48770838514312	525.3564056616663
1293.0	70.0	21.900804616915106	-93.8144533105229	524.1969384159438
1294.0	70.0	21.92644293716316	-93.81558313744529	523.0658217272835
1295.0	70.0	21.952129963025655	-93.51928533163746	521.9752430697619
1296.0	70.0	21.977792664961978	-93.10486691725703	520.9266160740077
1297.0	70.0	22.003359233122836	-92.64416796780154	519.9165046297483
1298.0	70.0	22.028758073533186	-92.14583952971562	518.9454537679862
1299.0	70.5	21.847096261262433	-91.67293889344647	518.019659043989
1300.0	70.5	21.878785942610595	-91.0216273283975	517.1477209919065
1301.0	70.5	21.910078329544714	-90.21160560732716	516.3338870032621
1302.0	70.5	21.94093980416217	-89.1807739824177	515.5785429324095
1303.0	70.5	21.97134802187354	-87.93683546663773	514.8768930926769
1304.0	70.5	22.00128097800103	-86.4812983634317	514.2225417591145
1305.0	70.5	21.9774406498309	-246.8326517128811	513.8556502741961
1306.0	70.5	21.9817844836188	-90.17389657049327	513.6175151997887
1307.0	70.5	21.989916685081926	-91.93040797720131	513.104315936194
1308.0	70.5	22.000832464788118	-92.55998776945187	512.5843640379316
1309.0	70.5	22.013905510776077	-92.99294672061723	512.0564598078025
1310.0	71.0	21.54042807237379	-93.48424091635893	511.51877367862096
1311.0	71.0	21.564432875282346	-93.90519666834898	510.97783335866274
1312.0	71.0	21.589139977879764	-94.31032405657106	510.43922682520446
1313.0	71.0	21.614351454017985	-94.78135145962547	509.89990568367307
1314.0	71.0	21.639895796253075	-95.32145859371201	509.3466508678366
1315.0	71.0	21.665650687005307	-95.77037660833986	508.7724176809579
1316.0	71.0	21.691506723224446	-95.92825250893969	508.1830405381077
1317.0	71.0	21.717342702565656	-95.75016169781658	507.58531171950995
1318.0	71.0	21.743073452965508	-95.3593445596055	506.97972992813465
1319.0	71.0	21.768614379894768	-94.90523444567806	506.35764981442674
1320.0	71.0	21.793914268761462	-94.45072078605365	505.7104581257153
1321.0	71.5	21.55554890332394	-94.09142750053974	505.03473067250934
1322.0	71.5	21.58745785053129	-93.54303561092108	504.3344613731353
1323.0	71.5	21.618907125639677	-92.84966624379557	503.61628176632564
1324.0	71.5	21.64986001597465	-91.95541918087399	502.8794170566679
1325.0	71.5	21.68029237408769	-90.86825441481008	502.1186948288749
1326.0	71.5	21.710177869291563	-89.58827580565338	501.32909543793716
1327.0	71.5	21.739506508503233	-88.0332125831907	500.51204838940777
1328.0	71.5	21.753604886343332	-232.42184375735954	499.71218267518924
1329.0	71.5	21.760830271284362	-93.07288217594198	498.8008055236192
1330.0	71.5	21.771330145256723	-94.07163114005702	497.78021305749974
1331.0	71.5	21.78425845755509	-94.5542522239146	496.6962780247139
1332.0	72.0	21.84267436444363	-95.14040030762082	495.55814085117794
1333.0	72.0	21.867448553967996	-95.60197704110877	494.3857072477223
1334.0	72.0	21.892980286610133	-96.00849751478077	493.1977761974819
1335.0	72.0	21.91904976584093	-96.4620119252748	492.0022625591369
1336.0	72.0	21.945462160432502	-97.02610427867484	490.7987865939215
1337.0	72.0	21.97208530143198	-97.54267665959559	489.5922997848281
1338.0	72.0	21.99878137647237	-97.78033296409173	488.3966372018724
1339.0	72.0	22.025447197552303	-97.63939665709269	487.2293518769988
1340.0	72.0	22.05197737124935	-97.24219191334817	486.09905394742793
1341.0	72.0	22.0782843414355	-96.75619092183155	485.00488561200837
1342.0	72.0	22.104323099850607	-96.24552428887885	483.9428735194367
1343.0	72.5	21.905690736074586	-95.7753004665625	482.91781313479936
1344.0	72.5	21.93847848009516	-95.1207106801291	481.93863549146204
1345.0	72.5	21.970738921253037	-94.34111971686463	481.0149115375031
1346.0	72.5	22.002419996678228	-93.33255823310071	480.14888461048554
1347.0	72.5	22.033491795636664	-92.0783917627967	479.3378576192539
1348.0	72.5	22.0639406109789	-90.59423846270641	478.5745971801658
1349.0	72.5	22.093755399287744	-88.81781846199831	477.85709249802693
1350.0	72.5	22.10734700666579	-234.09241016279114	477.6140752384652
1351.0	72.5	22.116807410431488	-95.09210393564501	477.02194982560115
1352.0	72.5	22.129329209916747	-95.95429738892065	476.39218331143456
1353.0	72.5	22.144034797111534	-96.43455802452301	475.75104057397493
1354.0	73.0	21.604388273305045	-96.96653328432095	475.10024060147805
1355.0	73.0	21.630079590127977	-97.43715082908577	474.4489848188051
1356.0	73.0	21.65629588734138	-97.88975543276281	473.8050736087679
1357.0	73.0	21.682834981120546	-98.42078727014784	473.1648066028964
1358.0	73.0	21.709511169507802	-99.03370484698071	472.51429330485337
1359.0	73.0	21.736216621869666	-99.52887537606406	471.8483589071776
1360.0	73.0	21.76282102135467	-99.66645040089605	471.1745181685447
1361.0	73.0	21.78921038887847	-99.42348663870287	470.5017368085928
1362.0	73.0	21.815292084819887	-98.98784258052382	469.8281346092266
1363.0	73.0	21.84099973832881	-98.50875320130659	469.14379978871824
1364.0	73.0	21.866260633830617	-98.03732989258842	468.4409283926467
1365.0	73.5	21.621046785613437	-97.6369041150297	467.7179168777874
1366.0	73.5	21.653453935443103	-97.03258240008411	466.979548761641
1367.0	73.5	21.685200409024546	-96.23686764986084	466.2310143492805
1368.0	73.5	21.71623526464326	-95.2193857704495	465.4682237477164
1369.0	73.5	21.746563666322764	-93.98957569691592	464.682941267588
1370.0	73.5	21.776210242018482	-92.50264651253897	463.8707170564878
1371.0	73.5	21.80285158308551	-230.4428430942908	462.9995595277844
1372.0	73.5	21.810083205008198	-95.50922504057542	462.1599395069497
1373.0	73.5	21.821160893650553	-97.28738709976494	461.12835739318916
1374.0	73.5	21.834858230478265	-97.97066935763709	460.02861830428554
1375.0	73.5	21.850377211981247	-98.5574190438609	458.8664340250288
1376.0	74.0	21.916808622407608	-99.19843097140108	457.65560471943525
1377.0	74.0	21.943546887972808	-99.6709273295709	456.4177118681479
1378.0	74.0	21.97068049200995	-100.1756434328319	455.1626030040906
1379.0	74.0	21.998024482930497	-100.8161299082199	453.8866513219096
1380.0	74.0	22.02543682990829	-101.44162601336066	452.59141381253596
1381.0	74.0	22.052779456436355	-101.77110897785207	451.2902971887617
1382.0	74.0	22.079943602732616	-101.65532837208019	450.0039693962633
1383.0	74.0	22.106818148477338	-101.23726870635807	448.7422985710474
1384.0	74.0	22.13333277016582	-100.727306436921	447.5042082858105
1385.0	74.0	22.159441523340686	-100.19881764576303	446.2856598134495
1386.0	74.5	21.95737422959417	-99.70868444910077	445.09231457073565
1387.0	74.5	21.99098126866278	-99.01255489628261	443.93763212823035
1388.0	74.5	22.023927748371463	-98.17240533931468	442.8326468934412
1389.0	74.5	22.05614726041844	-97.0686155000815	441.77994334185485
1390.0	74.5	22.087613994423027	-95.69216572885075	440.7763840222309
1391.0	74.5	22.11832277349841	-94.034721317279	439.81678805239295
1392.0	74.5	22.148471037456204	-144.59306595917457	438.90094240578844
1393.0	74.5	22.15873585142793	-198.88974917077044	438.5653839997099
1394.0	74.5	22.172198736405267	-99.41594535634587	437.7502883050141
1395.0	74.5	22.188117166638932	-100.11026511178227	436.91568066491675
1396.0	74.5	22.205710628883732	-100.71106434817038	436.0692753546034
1397.0	75.0	21.661439073079578	-101.29974927810419	435.2152853869871
1398.0	75.0	21.68910465995771	-101.80234539675719	434.36553515475464
1399.0	75.0	21.717096735587422	-102.34249339692514	433.5218265383384
1400.0	75.0	21.745240411280232	-103.03174354592403	432.67154394665914
1401.0	75.0	21.773395258196363	-103.67953000879677	431.8041290245727
1402.0	75.0	21.801442165056155	-103.98423596489201	430.92583749509254
1403.0	75.0	21.829287889500097	-103.82950780604253	430.05081786759814
1404.0	75.0	21.8568366422809	-103.38200075343084	429.18262160385484
1405.0	75.0	21.884025882294015	-102.86561383475396	428.3118708981755
1406.0	75.0	21.910805816860087	-102.37135607342327	427.42965175074994
1407.0	75.5	21.656307420529732	-101.94630659562303	426.53701494329727
1408.0	75.5	21.690359691963828	-101.3193963168399	425.6403204801555
1409.0	75.5	21.72368937406497	-100.49290500884267	424.7457417623874
1410.0	75.5	21.75625948890215	-99.41604815280343	423.85004626189004
1411.0	75.5	21.78806625650437	-98.09848603549598	422.94477404700655
1412.0	75.5	21.81909879269434	-96.48186240621175	422.0238973789182
1413.0	75.5	21.847344739006065	-231.85450422123034	421.0561924546508
1414.0	75.5	21.85888233541441	-99.44621067316345	420.11179341052
1415.0	75.5	21.87353171027405	-101.26464818217055	419.0038666876848
1416.0	75.5	21.890467899198608	-102.01532087975023	417.8418284150913
1417.0	76.0	21.919829832167718	-102.78419529328427	416.6265806788534
1418.0	76.0	21.947968178205457	-103.3878685222544	415.374460335579
1419.0	76.0	21.976689835487928	-103.90975296647588	414.10774114360044
1420.0	76.0	22.005730005656357	-104.51406786333565	412.8295199088211
1421.0	76.0	22.03493711828804	-105.24791813118573	411.5344382335147
1422.0	76.0	22.064156089492457	-105.84786084852217	410.22550916185844
1423.0	76.0	22.09328271589182	-105.98600244083443	408.92357464958343
1424.0	76.0	22.122204737885127	-105.64313903119137	407.64770837938397
1425.0	76.0	22.150840456079063	-105.11580660317743	406.39855103803654
1426.0	76.0	22.179143504347792	-104.55559399389928	405.1697790028053
1427.0	76.5	21.664667833932857	-104.01837041210875	403.9575213343918
1428.0	76.5	21.699709124829642	-103.32454485348246	402.7740662850647
1429.0	76.5	21.734090643513625	-102.50046608732632	401.63212582651414
1430.0	76.5	21.767776366896825	-101.42186015992965	400.5373265426125
1431.0	76.5	21.800731442877428	-100.04082731955295	399.4854744971233
1432.0	76.5	21.832927351530145	-98.35394733847328	398.46961814999474
1433.0	76.5	21.864358747656095	-96.2756432740055	397.48809084967036
1434.0	76.5	21.882815115960142	-257.54534970057483	396.9440285841507
1435.0	76.5	21.898155528149527	-103.27154849017437	396.07185728253717
1436.0	76.5	21.915942833874176	-104.15603213993445	395.16028447992255
1437.0	76.5	21.935390027368683	-104.82281705306164	394.21581058980433
1438.0	77.0	21.65562113667287	-105.48946339085457	393.24528580722995
1439.0	77.0	21.685234783878716	-106.05502148639658	392.2666211993936
1440.0	77.0	21.715166642568608	-106.66824923021315	391.283591920743
1441.0	77.0	21.745218102857446	-107.4567785509691	390.2817887230663
1442.0	77.0	21.775260293683008	-108.17296952823972	389.25333339825886
1443.0	77.0	21.80518148792203	-108.45581116695823	388.2102303515316
1444.0	77.0	21.834850915019448	-108.21588670025096	387.1706472641703
1445.0	77.0	21.864199433849613	-107.70868425541907	386.13554795449716
1446.0	77.0	21.893128780313308	-107.16772443362103	385.0930677659922
1447.0	77.5	21.626585741678166	-106.79917269517793	384.03687625597405
1448.0	77.5	21.662874393631828	-106.21265068294774	382.9714295129133
1449.0	77.5	21.698477847003375	-105.5070165896665	381.90737874841466
1450.0	77.5	21.733334315781946	-104.54308973640363	380.8486626783991
1451.0	77.5	21.76741659475336	-103.30645616227675	379.788884857515
1452.0	77.5	21.800709863789887	-101.79051311337864	378.7185000803345
1453.0	77.5	21.833226411905635	-99.8577133377985	377.6379093937738
1454.0	77.5	21.856143186045205	-236.03537659271257	376.4834168843286
1455.0	77.5	21.872458938635784	-105.07757683757572	375.26011647871167
1456.0	77.5	21.891213757816683	-106.15626032375798	373.98066027416814
1457.0	77.5	21.911593542250046	-106.87285889345229	372.6547635329599
1458.0	78.0	21.97166887681627	-107.67241282834782	371.29145840752204
1459.0	78.0	22.002153134596117	-108.25480934380512	369.9171540997179
1460.0	78.0	22.032972409901866	-108.88656363206204	368.54377447030316
1461.0	78.0	22.06391884556238	-109.70358841253238	367.1644074952819
1462.0	78.0	22.094842064594225	-110.45284308237494	365.77967269416195
1463.0	78.0	22.125620854715997	-110.72193945453296	364.41109602854795
1464.0	78.0	22.156133650456425	-110.40965570642231	363.08284638478494
1465.0	78.0	22.186283291114123	-109.8437765394537	361.79780769282263
1466.0	78.0	22.215987240015437	-109.243295793667	360.5459130201875
1467.0	78.5	21.686223005762425	-108.69262927912187	359.3213532798424
1468.0	78.5	21.722807724605445	-107.96585016500394	358.1361553055232
1469.0	78.5	21.75868819547851	-107.09200693098117	357.00287772766626
1470.0	78.5	21.793833688727865	-105.92919588077214	355.92364112496637
1471.0	78.5	21.8281932424716	-104.42979464082411	354.8914594479862
1472.0	78.5	21.861762828494214	-102.5688264995145	353.8952698708931
1473.0	78.5	21.894533642250362	-100.23681909828719	352.93389777987386
1474.0	78.5	21.91387446888075	-261.57485463461893	352.40510553724835
1475.0	78.5	21.93219448779161	-108.30324440517661	351.5110294986042
1476.0	78.5	21.952570558846723	-109.05710836861284	350.5788357286925
1477.0	79.0	21.649008037685032	-109.80353913637025	349.60331642547004
1478.0	79.0	21.679922228421216	-110.47060343407135	348.59753034020525
1479.0	79.0	21.711259002344136	-111.10594747551535	347.5783360790604
1480.0	79.0	21.74276752376728	-111.88101855464481	346.53900692204087
1481.0	79.0	21.774262722307697	-112.77239320097965	345.4606622193083
1482.0	79.0	21.805626273352782	-113.37708969641054	344.3456419352432
1483.0	79.0	21.836714651970023	-113.36262715644824	343.216022203958
1484.0	79.0	21.86742685422941	-112.8752092502571	342.0837066133399
1485.0	79.0	21.897691534926775	-112.28170373473793	340.93658385156266
1486.0	79.0	21.92743082134529	-111.75231357629735	339.7628068229824
1487.0	79.5	21.662869903751357	-111.3039342082614	338.5654860219333
1488.0	79.5	21.70003111874422	-110.6216694735701	337.35927452254526
1489.0	79.5	21.736385995363406	-109.6781574564768	336.14997065900326
1490.0	79.5	21.77191377627284	-108.43489771806631	334.9312093837209
1491.0	79.5	21.806587958740785	-106.88415876550006	333.6912782039818
1492.0	79.5	21.840420662733738	-104.87080589611544	332.42707845603934
1493.0	79.5	21.86833791807452	-238.09008610695537	331.06094316835254
1494.0	79.5	21.886146269273592	-109.64143418669825	329.6341411061819
1495.0	79.5	21.906436759122595	-110.87400869681942	328.1161452895484
1496.0	79.5	21.92829870617449	-111.69274679237523	326.5215725108188
1497.0	80.0	21.68279904972007	-112.55248540772504	324.85052917564724
1498.0	80.0	21.71383249928559	-113.2330252179918	323.119481607314
1499.0	80.0	21.745176120990283	-114.00651863378651	321.3210753323071
1500.0	80.0	21.776617803985378	-114.99863249827084	319.428870256838
1501.0	80.0	21.80802475240156	-115.81111071107033	317.44365104378295
1502.0	80.0	21.839270657930495	-115.97537014320507	315.40987420065704
1503.0	80.0	21.870210686620588	-115.52957933592646	313.38060063135697
1504.0	80.0	21.900744650695383	-114.93342793123568	311.3776764970046
1505.0	80.0	21.930811906424925	-114.36551335532764	309.4028443107717
1506.0	80.5	22.003074969765464	-113.90992903875257	307.4595557796598
1507.0	80.5	22.041233590748007	-113.15139655088532	305.55812366395696
1508.0	80.5	22.07869025346538	-112.14632943988488	303.6918290733419
1509.0	80.5	22.115392468222623	-110.77592565331425	301.8389565076434
1510.0	80.5	22.151328735304517	-109.01200892999127	299.98220983695893
1511.0	80.5	22.18648029744339	-106.72010079417504	298.13314069893994
1512.0	80.5	22.21473402238411	-256.8156093505991	296.6799868192788
1513.0	80.5	22.234986721271074	-113.38916994007752	294.9918453473038
1514.0	80.5	22.257507502373176	-114.54202268688049	293.2875798208402
1515.0	80.5	22.28142464492235	-115.469306225732	291.57270930664583
1516.0	81.0	21.74915022213004	-116.39131562435563	289.8537134819396
1517.0	81.0	21.782525416108015	-117.23240251859065	288.14703783116784
1518.0	81.0	21.816119875167594	-118.24706213276845	286.4404165292981
1519.0	81.0	21.849723434521678	-119.38676833728968	284.70801610576706
1520.0	81.0	21.883169285194615	-120.12023791925506	282.9562662855105
1521.0	81.0	21.916316597038666	-120.09457668237673	281.2109290209183
1522.0	81.0	21.949042676590828	-119.56806343202678	279.4752817975532
1523.0	81.0	21.98123737185137	-119.03967725567327	277.7264860024981
1524.0	81.5	21.7111594597602	-118.69687580590414	275.94927126341963
1525.0	81.5	21.75111822182676	-118.1759287717469	274.1522352808945
1526.0	81.5	21.790211125062942	-117.42299951702131	272.3501219965306
1527.0	81.5	21.82841027859541	-116.33287521954912	270.542455231311
1528.0	81.5	21.865672082954603	-114.89532744773271	268.7192330380414
1529.0	81.5	21.901993739450866	-112.96303157643874	266.8763717025671
1530.0	81.5	21.937353984061218	-110.3129541265692	265.02692519922033
1531.0	81.5	21.95833733257269	-247.69166566455354	263.03101910199496
1532.0	81.5	21.980380482626504	-118.23802076661485	260.99953160954664
1533.0	81.5	22.004183106636955	-119.27002851209653	258.91992911898484
1534.0	82.0	21.738774020102912	-120.35032354557588	256.79313563110856
1535.0	82.0	21.771732205393448	-121.25358024354433	254.65704126967256
1536.0	82.0	21.804998905432072	-122.2676027492464	252.52903021901204
1537.0	82.0	21.838316278736137	-123.53503465653597	250.40296073052284
1538.0	82.0	21.871491021357564	-124.48035686239758	248.29539000082858
1539.0	82.0	21.904366060366794	-124.55873263388519	246.2525566727257
1540.0	82.0	21.93680926132291	-123.98763953213312	244.2979519450779
1541.0	82.0	21.968704909203122	-123.35838334066676	242.42067099177106
1542.0	82.5	22.05904740731249	-123.00590689528745	240.61033696147538
1543.0	82.5	22.09924286535834	-122.38338345798194	238.88455990380112
1544.0	82.5	22.13860029616498	-121.4825471455706	237.25973111758213
1545.0	82.5	22.17707094662039	-120.15668895913193	235.73197242761643
1546.0	82.5	22.21460438915533	-118.37197790626031	234.2835035144494
1547.0	82.5	22.251201023598565	-115.95647444199537	232.90106066064672
1548.0	82.5	22.283771530987416	-315.4560810544305	231.91207773564392
1549.0	82.5	22.304894676860453	-121.18922883868397	230.7373452339364
1550.0	82.5	22.328314346222324	-122.67803844341724	229.49431256275633
1551.0	83.0	21.796374395462543	-123.87249677795498	228.1998600019028
1552.0	83.0	21.82989663271341	-124.92793735674681	226.856064977831
1553.0	83.0	21.86394440185094	-125.97330774086915	225.48139949772775
1554.0	83.0	21.89816891905267	-127.25493398987201	224.0524601465224
1555.0	83.0	21.932340795268875	-128.56853661371937	222.54432315010666
1556.0	83.0	21.96628743280059	-129.15557474753618	220.9766582402913
1557.0	83.0	21.999829495106496	-128.76779307627484	219.37844492442986
1558.0	83.0	22.032823842541923	-128.10747442275724	217.73789243957924
1559.0	83.0	22.065134294829978	-127.60127946607979	216.03177162126434
1560.0	83.5	21.81675598509624	-127.24048230860265	214.26733032085212
1561.0	83.5	21.856635277209218	-126.51234018316316	212.46575186652143
1562.0	83.5	21.895523778632935	-125.4030121289515	210.63464369483148
1563.0	83.5	21.933414905090864	-123.89749809459337	208.76177860855557
1564.0	83.5	21.970261828759483	-121.84038374208215	206.83908836282993
1565.0	83.5	22.006053336048822	-118.98032634913417	204.87854757006642
1566.0	83.5	22.029286390623657	-247.73783529097506	202.7441515840281
1567.0	83.5	22.051790832861727	-125.9837852858184	200.5290474588302
1568.0	83.5	22.075873043836157	-127.16137515353364	198.24464156955642
1569.0	84.0	21.831238237088424	-128.4071131914658	195.89985309416713
1570.0	84.0	21.864231112868307	-129.4689116531223	193.54384432597496
1571.0	84.0	21.897471595743475	-130.72310825334358	191.1959463866686
1572.0	84.0	21.9306543003233	-132.17315122431972	188.8518405225504
1573.0	84.0	21.963598194746314	-132.9714339899991	186.54120152115001
1574.0	84.0	21.996140537667102	-132.6732899913578	184.31325607232012
1575.0	84.0	22.028142825445357	-131.86976422181704	182.17251833760088
1576.0	84.0	22.059471332220717	-131.24174066204333	180.09883819180467
1577.0	84.5	22.185708431758638	-130.84490914605234	178.0979084388633
1578.0	84.5	22.22537104267147	-130.00078918673373	176.19413147903978
1579.0	84.5	22.2640975978382	-128.68698128661717	174.3982835668824
1580.0	84.5	22.30183095131799	-126.87264066370385	172.69239867716817
1581.0	84.5	22.338557744676763	-124.39590175302938	171.0542580459307
1582.0	84.5	22.374249954909192	-121.0292529668246	169.48876240900884
1583.0	84.5	22.396529513542692	-243.3676177198697	168.36953876545937
1584.0	84.5	22.419363363605743	-129.6711657671515	166.86666449912357
1585.0	84.5	22.443516922493437	-130.78414027396124	165.30681322937858
1586.0	85.0	21.941690124818468	-132.00581957563884	163.6863809506985
1587.0	85.0	21.975261489871485	-133.11068781087607	162.03007366198875
1588.0	85.0	22.008913794416884	-134.4991667674009	160.31361564212472
1589.0	85.0	22.042408963523478	-135.89357577352234	158.50926904322398
1590.0	85.0	22.07555728321324	-136.3893120211883	156.64392926799312
1591.0	85.0	22.108187136109652	-135.73211068065933	154.75155409767805
1592.0	85.0	22.14013301172208	-134.9562984147732	152.8119760459342
1593.0	85.5	21.907532902441137	-134.56410656678892	150.80549477435855
1594.0	85.5	21.947578885655062	-133.95342048706024	148.7470859339931
1595.0	85.5	21.986635525856496	-132.97345051162574	146.66029191253077
1596.0	85.5	22.02461698262276	-131.58186466142214	144.54537958840308
1597.0	85.5	22.061480249948392	-129.70052293348314	142.38615786372378
1598.0	85.5	22.097201393259247	-127.10193379021173	140.18243261636454
1599.0	85.5	22.1287028642147	-246.09501198260628	137.852112493884
1600.0	85.5	22.149061993093223	-130.92554801763163	135.453612151982
1601.0	85.5	22.171522236077948	-132.38729874517873	132.96166147924777
1602.0	86.0	22.316490127238218	-133.83677265193091	130.39266435647264
1603.0	86.0	22.348884928482857	-135.0384546045097	127.79420729581847
1604.0	86.0	22.381551692508822	-136.34028971795212	125.21097575921797
1605.0	86.0	22.414174734189867	-137.9698028196617	122.63780118909098
1606.0	86.0	22.446532364518564	-139.16421187674575	120.0944239292903
1607.0	86.0	22.47844669058146	-139.1108938485797	117.64083438748597
1608.0	86.0	22.50976979689467	-138.21018270724403	115.30109371632173
1609.0	86.0	22.54035222074484	-137.522782387313	113.0548376971247
1610.0	86.5	22.372407203727033	-137.1272507184607	110.90517053476184
1611.0	86.5	22.411409215102644	-136.2816086267016	108.88394244980523
1612.0	86.5	22.44942419340981	-134.93078414135482	107.00814374378052
1613.0	86.5	22.486397921391976	-133.03321426560507	105.25753705265942
1614.0	86.5	22.522292648547136	-130.41242136998784	103.60943906740098
1615.0	86.5	22.557117028790795	-126.73198844994313	102.06971535500378
1616.0	86.5	22.57872699999871	-239.54248885483707	101.01123489150858
1617.0	86.5	22.600900113955632	-135.3639800012989	99.57410031100997
1618.0	87.0	22.041786459807287	-136.77220727948162	98.09276387455606
1619.0	87.0	22.07416552734587	-138.077173694851	96.57482404343011
1620.0	87.0	22.106841717736412	-139.45228660856543	95.03574307253311
1621.0	87.0	22.139455945864068	-141.16874949346177	93.43492841659746
1622.0	87.0	22.17175574801411	-142.5772286488903	91.75572391968974
1623.0	87.0	22.20356163618926	-142.67812638220562	90.0362348176855
1624.0	87.0	22.234696993485084	-141.80556385292954	88.28825810689544
1625.0	87.0	22.265027233168617	-141.13699426253498	86.47140370890678
1626.0	87.5	22.059648552823376	-140.83308156120728	84.57465799612774
1627.0	87.5	22.09854155978225	-140.05443751427853	82.62128637988332
1628.0	87.5	22.136303131981116	-138.82782194744996	80.62347112870869
1629.0	87.5	22.17287032064872	-137.07987291498304	78.56132072624409
1630.0	87.5	22.208212548953362	-134.67414915575856	76.41858622850044
1631.0	87.5	22.242350823764795	-131.09657311410797	74.21276374624487
1632.0	87.5	22.262797888581943	-256.3535428290225	71.76943607124356
1633.0	87.5	22.284098340442288	-138.92630058193654	69.23312732238766
1634.0	88.0	22.474411080956813	-140.5407879543244	66.57852196368043
1635.0	88.0	22.505825687806592	-141.9801725365246	63.841528964176355
1636.0	88.0	22.53748832739807	-143.55243275979325	61.07897650536891
1637.0	88.0	22.569056109765157	-145.47764745676145	58.282052779033435
1638.0	88.0	22.600296747873074	-146.88892461959253	55.472462220116526
1639.0	88.0	22.631008366478362	-146.77410213541665	52.722089302567724
1640.0	88.0	22.661035197887283	-145.83770414901628	50.062653540753324
1641.0	88.0	22.690257383510396	-145.23692048666334	47.470412139491515
1642.0	88.5	22.547921589377335	-144.93056744283206	44.96562650922473
1643.0	88.5	22.585871313209193	-143.95644817969765	42.60027349845615
1644.0	88.5	22.622752967329042	-142.41799491030488	40.39327432330171
1645.0	88.5	22.658519835251617	-140.2177757267986	38.32160103294329
1646.0	88.5	22.69315570313898	-137.03517685614662	36.383062228120366
1647.0	88.5	22.72097634830214	-229.90324529067365	35.007219204632335
1648.0	88.5	22.741549544592136	-142.56058452896448	33.34726739667917
1649.0	88.5	22.763760385623215	-144.06552194370573	31.70225111677498
1650.0	89.0	22.2091161090328	-145.8966923606417	30.062980191846915
1651.0	89.0	22.24112991613935	-147.5628771414062	28.468536671009552
1652.0	89.0	22.27312078948976	-149.65230971981862	26.88613515493381
1653.0	89.0	22.304803126683524	-151.56939451028464	25.286207036476892
1654.0	89.0	22.335952404910486	-152.01630440836496	23.703647079970153
1655.0	89.0	22.36638244496853	-151.17563134198144	22.156171052082527
1656.0	89.0	22.3959563914163	-150.51722740749045	20.587860945964024
1657.0	89.5	22.210265731348553	-150.34365832279587	18.96495248603049
1658.0	89.5	22.248656082477407	-149.56248788617305	17.304991978977775
1659.0	89.5	22.28581036563213	-148.27085729123533	15.598309881990142
1660.0	89.5	22.32168259626809	-146.32254177694267	13.793409104287049
1661.0	89.5	22.35625191294877	-143.54861848362745	11.849394265517759
1662.0	89.5	22.386523971735308	-254.5456000477966	9.662362750577728
1663.0	89.5	22.406123059773485	-147.04771800041468	7.2934206272542355
1664.0	89.5	22.42769733558103	-148.84501370955653	4.661723697296466
1665.0	90.0	22.666700529749562	-151.04628245809567	1.7590625050274866
1666.0	90.0	22.69781337731422	-152.95636482140148	-1.3379189976941603
1667.0	90.0	22.728887440486464	-155.3539167157285	-4.626006172116178
1668.0	90.0	22.75963623101443	-157.49279118355085	-8.103616030765892
1669.0	90.0	22.78981037038671	-157.93561529232713	-11.675665446347224
1670.0	90.0	22.81921269222705	-157.01637407306202	-15.26731789769241
1671.0	90.0	22.847702745336456	-156.4008416301568	-18.879720661433396
1672.0	90.5	22.51317081337121	-156.18382251193208	-22.464569505147452
1673.0	90.5	22.550415954284297	-155.2382814347195	-25.912805397177262
1674.0	90.5	22.586439147312337	-153.5931275783698	-29.163654766607124
1675.0	90.5	22.621222572659462	-151.27074722568685	-32.206698950001865
1676.0	90.5	22.654752413866504	-147.37996916096415	-34.994871015245366
1677.0	90.5	22.679210953718297	-247.04502447304512	-36.966015030923344
1678.0	90.5	22.699826439047655	-155.13084390378816	-39.1378481099307
1679.0	91.0	22.321929965310126	-157.27762790471584	-41.12503398653672
1680.0	91.0	22.353694350654404	-159.3705138519265	-42.87964541929529
1681.0	91.0	22.385529366180762	-161.84253203810306	-44.37800776252392
1682.0	91.0	22.41704122587726	-164.6019556120547	-45.68748295839032
1683.0	91.0	22.447965757518112	-165.94597205708175	-46.80060284585335
1684.0	91.0	22.47805498075298	-165.30172826417126	-47.70501921263261
1685.0	91.0	22.507152265476176	-164.557982342895	-48.51303110344506
1686.0	91.5	22.331570316264855	-164.557359104438	-49.33056833544241
1687.0	91.5	22.369905821537376	-163.86003054822243	-50.19769165007014
1688.0	91.5	22.406818404728085	-162.51832734556996	-51.20428864381347
1689.0	91.5	22.44227465318696	-160.53968240591746	-52.495576315904316
1690.0	91.5	22.47628511715262	-157.03986872171828	-54.17327733211812
1691.0	91.5	22.502196101543586	-265.3060645283608	-56.417445169340105
1692.0	91.5	22.522959620914882	-162.3795652247646	-59.202131342456966
1693.0	92.0	22.841557218503286	-164.95386486266455	-62.632440726316254
1694.0	92.0	22.872262958913236	-167.38683687740328	-66.69269755037257
1695.0	92.0	22.902940161899355	-170.33031250774968	-71.34080029998728
1696.0	92.0	22.93317669636514	-173.46009110845728	-76.58747013622488
1697.0	92.0	22.962667326693545	-174.78854176907993	-82.30604951028904
1698.0	92.0	22.991186948274144	-173.92691025704158	-88.34916716998373
1699.0	92.5	22.65380616768832	-173.5444243635321	-94.67964896969775
1700.0	92.5	22.691533392865527	-173.21937635351952	-101.18014815938533
1701.0	92.5	22.727824569540378	-172.30696233277814	-107.65765202396828
1702.0	92.5	22.762631765358027	-170.64095256271418	-114.01657204225953
1703.0	92.5	22.795936436679735	-167.80502167452485	-120.1989918625096
1704.0	92.5	22.82888730149495	-252.93328348806068	-126.07558513459782
1705.0	92.5	22.848596465847006	-172.7411519518434	-130.97499242364114
1706.0	93.0	22.447042681103554	-175.03120584968497	-136.1698956478217
1707.0	93.0	22.478272689794483	-177.9246768297478	-141.15662758865085
1708.0	93.0	22.50938117750108	-181.05151440307407	-145.84879115457994
1709.0	93.0	22.539896130129513	-184.88676726633173	-150.3665990431665
1710.0	93.0	22.569527042517116	-186.94688533203973	-154.73385100011015
1711.0	93.0	22.598023643544263	-186.10134949888632	-158.962878082181
1712.0	93.5	22.43433930514477	-185.79713734451013	-163.2399629156912
1713.0	93.5	22.473003800401813	-185.55653435930918	-167.69203858910942
1714.0	93.5	22.51002310858552	-184.83698079675437	-172.3855730385771
1715.0	93.5	22.545299005251046	-183.51078713267648	-177.493760894954
1716.0	93.5	22.5787983771512	-180.47286875623436	-183.17205713956002
1717.0	93.5	22.608259451356382	-274.92722853128066	-189.59641949336216
1718.0	93.5	22.62912679903808	-184.80128625866888	-196.612763505785
1719.0	94.0	22.53904774096083	-187.89694628890706	-204.4359923845206
1720.0	94.0	22.56940789960341	-191.4562467744725	-213.0161938096993
1721.0	94.0	22.599370714511	-195.8287009320637	-222.25879032103043
1722.0	94.0	22.628506648684148	-200.14163916622874	-232.13347536192995
1723.0	94.0	22.65648106385945	-200.63491551821346	-242.38914730582817
1724.0	94.0	22.683082325762847	-199.68179255118437	-252.87412647053543
1725.0	94.5	23.0502893005114	-199.99706488163773	-263.47557222378845
1726.0	94.5	23.086957722710608	-199.89857066853233	-273.92713672244184
1727.0	94.5	23.12175703146667	-199.0494819859196	-284.11069048654497
1728.0	94.5	23.154726250015386	-195.6581917739304	-293.99396039989824
1729.0	94.5	23.18721360770722	-303.4454120087964	-303.33551099527665
1730.0	94.5	23.20972949890695	-201.7051958204592	-312.2446853565957
1731.0	95.0	22.702562892381472	-206.03070859486644	-320.9715479793166
1732.0	95.0	22.73628667713862	-210.97233281883635	-329.35739937693376
1733.0	95.0	22.769118140332246	-217.49483889430667	-337.42937912018493
1734.0	95.0	22.80077764963918	-221.09183512043822	-345.14691669315994
1735.0	95.0	22.830895664093298	-220.4185217265155	-352.3903959271856
1736.0	95.5	22.73640556745067	-220.84481634007122	-359.2791371062181
1737.0	95.5	22.778432456629155	-221.55343213097802	-365.7880332649037
1738.0	95.5	22.818516319120793	-221.96913412459796	-371.9772773320792
1739.0	95.5	22.856694453823838	-219.54990339473957	-378.00246530529245
1740.0	95.5	22.891297270778797	-305.0736269507608	-383.995188143543
1741.0	95.5	22.91858242516988	-224.2485734103607	-389.55000675248846
1742.0	96.0	22.854241508152136	-230.29994464469812	-395.10681214909215
1743.0	96.0	22.892296289301033	-237.73568976325134	-400.4438415098102
1744.0	96.0	22.92972661426546	-246.5612955458836	-405.6206889337703
1745.0	96.0	22.96629660233314	-248.99611124411246	-410.3929256843388
1746.0	96.5	23.43104309887764	-249.22303792263983	-414.75601030806615
1747.0	96.5	23.478972331917817	-251.31409390954687	-418.7783193978747
1748.0	96.5	23.525523300018648	-253.56328519200588	-422.4826207473564
1749.0	96.5	23.570778757985078	-251.71957311168248	-426.2446224606047
1750.0	96.5	23.61288247056473	-306.1104935431011	-430.52380062451795
1751.0	97.0	23.112051368265615	-266.10909471990567	-436.1293679534866
1752.0	97.0	23.159579873757544	-275.4308115985925	-443.1407097534118
1753.0	97.0	23.20617349289725	-289.2389620136029	-451.1609108801126
1754.0	97.0	23.25153070336098	-297.13434141588164	-459.9156995178678
1755.0	97.5	23.145207500576827	-298.6265653068507	-469.1348348446911
1756.0	97.5	23.199178957060255	-303.5842381672664	-478.6229077620761
1757.0	97.5	23.251291736225205	-309.9417852913708	-488.4205405798449
1758.0	97.5	23.301631838617563	-305.0271236035931	-498.74065020603445
1759.0	98.0	23.838684353041245	-397.8104394012312	-509.7677503975856
1760.0	98.0	23.89096549568133	-345.02668351407226	-521.7401445549411
1761.0	98.0	23.94245561596778	-373.143500235319	-535.2299463596638
1762.0	98.0	23.992952936915874	-387.28845357940946	-550.21660271868
1763.0	98.5	23.999918368524757	-396.6047791779878	-566.7702713776225
1764.0	98.5	24.060032159696398	-417.0807730597743	-584.832451156682
1765.0	98.5	24.118154168964608	-476.4145197109275	-604.5386105571381
1766.0	99.0	23.470282194032087	-506.4600705646519	-634.3244666040601
1767.0	99.0	23.537190050198703	-604.4622886945824	-676.547969356772
1768.0	99.5	23.463457060421916	-573.7473372278461	-762.255571208907
1769.0	100.0	24.13813693448595	-273.5000920326414	-933.3243502311077
1770.0	100.0	24.23018125714719	-110.92568473303352	-958.861657327624
1771.0	100.0	24.308456580046368	-32.976618426187244	-964.342741588503
1772.0	100.0	24.378353982696527	-3.514528596528824	-964.5343049627219
1773.0	100.0	24.442158740115573	12.006114086462123	-964.3426231704952
1774.0	100.0	24.500675680032284	21.28317931506728	-964.1003573629414
1775.0	100.0	24.554612273752703	26.88048254697806	-963.9420140050826
1776.0	100.0	24.60457679899122	30.221756051661263	-963.9075271260515
1777.0	100.0	24.651085039738216	32.14897596999749	-963.9790675449792
1778.0	100.0	24.677673099419618	19.413124117956336	-964.1479214537512
1779.0	100.0	24.69490153516414	12.975953630003884	-964.371381417114
1780.0	100.0	24.70756873341279	9.751823219110195	-964.6086980894772
1781.0	100.0	24.71999148484106	9.793629061889252	-964.8315546110231
1782.0	100.0	24.73215891147421	9.823274885981686	-965.0227759531558
1783.0	100.0	24.744075604483292	9.842389196084925	-965.1772591981806
1784.0	100.0	24.755755374182673	9.852452423641465	-965.2962243956443
1785.0	100.0	24.76720754958624	9.85394459670725	-965.383512727148
1786.0	100.0	24.77844687435814	9.8480243937666	-965.4437978005813
1787.0	100.0	24.789478721162258	9.835342207747827	-965.4816969969465
1788.0	100.0	24.80031195939266	9.816660569391933	-965.5016476251955
1789.0	100.0	24.81095545308174	9.792439332897574	-965.5074084749638
1790.0	100.0	24.821414399353316	9.763361094978873	-965.5019986865657
1791.0	100.0	24.831696135782554	9.730717468622036	-965.4884697380115
1792.0	100.0	24.84180670425176	9.69324963610381	-965.4684675751731
1793.0	100.0	24.851752257787368	9.651800096196038	-965.4439489959574
1794.0	100.0	24.71090712028386	9.600999684067798	-965.4162290197813
1795.0	100.0	24.720576382501637	9.553476903334316	-965.3861141372779
1796.0	100.0	24.730102446968218	9.503239160804583	-965.3547875460949
1797.0	100.0	24.739485347675	9.45059309273921	-965.3222697751163
1798.0	100.0	24.748732728396085	9.395700755416847	-965.2895087180191
1799.0	100.0	24.757844049285804	9.338961332976234	-965.2566312341916
1800.0	100.0	24.756789325240153	-125.70076442953547	-992.0206092898766
1801.0	100.0	24.755169237700613	-2.8912387440960603	-992.1980146761879
1802.0	100.0	24.753678369166835	-2.7275975913532737	-992.3806799612702
1803.0	100.0	24.752302192111646	-2.590387479743093	-992.5414241771074
1804.0	100.0	24.87767255090306	-2.4412417132699824	-992.6844801913024
1805.0	100.0	24.87633604330612	-2.3331892822326497	-992.8161879626228
1806.0	100.0	24.875083722612853	-2.2357140482638758	-992.9403837987046
1807.0	100.0	24.873902332643738	-2.147231066051042	-993.0591380833621
1808.0	100.0	24.872785077297998	-2.06672818841967	-993.1737769144696
1809.0	100.0	24.87172534306021	-1.9930845768140386	-993.2847458790538
1810.0	100.0	24.87071471485133	-1.9255543178586834	-993.3923162389517
1811.0	100.0	24.87037982339123	-0.6289856616718936	-993.436809015605
1812.0	100.0	24.86945128771584	-1.8434425160998742	-993.5360061351489
1813.0	100.0	24.869139086452588	-0.6030700977919852	-993.578729415986
1814.0	100.0	24.868269721174254	-1.7695919061932148	-993.6744973612763
1815.0	100.0	24.867972662332104	-0.5795565094852149	-993.7155453552799
1816.0	100.0	24.867147507537116	-1.7024622105158738	-993.8080424930213
1817.0	100.0	24.86686279849991	-0.5582662208701691	-993.8480333060979
1818.0	100.0	24.866073608833723	-1.6413125174964194	-993.9373742062143
1819.0	100.0	24.865799050945967	-0.5386039406034352	-993.9764673908478
1820.0	100.0	24.865041046865812	-1.5852037654245557	-994.0630246054404
1821.0	100.0	24.86477245492002	-0.5206034816563675	-994.1012764446459
1822.0	100.0	24.86403764467083	-1.5334866521283717	-994.1854333416901
1823.0	100.0	24.863777747770413	-0.5040443157635888	-994.2228858648266
1824.0	100.0	24.863057719321056	-1.4854955058612773	-994.3048043520857
1825.0	100.0	24.86280331408403	-0.48859115492608346	-994.3415607741038
1826.0	100.0	24.862099333205308	-1.441037468430814	-994.4212492698364
1827.0	100.0	24.861846439765465	-0.4741919399961413	-994.4574319411485
1828.0	100.0	24.861151606266315	-1.3993371159496037	-994.5352744720731
1829.0	100.0	24.86090257400947	-0.46080903723332867	-994.5707970550671
1830.0	100.0	24.860212740627162	-1.3603128955726698	-994.64679106407
1831.0	100.0	24.859963329941134	-0.4481456837060957	-994.6816995728419
1832.0	100.0	24.859277838997585	-1.3237389706552694	-994.7558353274454
1833.0	100.0	24.85902797456496	-0.43625049840658925	-994.7902202783457
1834.0	100.0	24.858343184430346	-1.289148318936499	-994.8627514671965
1835.0	100.0	24.858092688351682	-0.42504866853420714	-994.8966097886439
1836.0	100.0	24.85740618559336	-1.2564508125545897	-994.967651444051
1837.0	100.0	24.857154367317417	-0.41447987150931764	-995.0010317142311
1838.0	100.0	24.856462012716854	-1.2255378513029513	-995.0705280975361
1839.0	100.0	24.856209772206743	-0.4043870502676796	-995.103336512419
1840.0	100.0	24.855512185662086	-1.1961573956462037	-995.1716300927571
1841.0	100.0	24.855257457243116	-0.39481609017265457	-995.2039190837963
1842.0	100.0	24.85455103788404	-1.168192072483503	-995.2708451343821
1843.0	100.0	24.854291711507862	-0.3856754191823902	-995.3025774052868
1844.0	100.0	24.85357761733151	-1.1415333313524851	-995.3682950590796
1845.0	100.0	24.853316966628388	-0.37704996153950565	-995.399771841047
1846.0	100.0	24.852592383376464	-1.1160820733507337	-995.4641000941305
1847.0	100.0	24.85232699395889	-0.3687224866889746	-995.4950294078602
1848.0	100.0	24.851592414565555	-1.0917705683263927	-995.5583594719008
1849.0	100.0	24.851322243844386	-0.36080281891285204	-995.588838897565
1850.0	100.0	24.85057449144831	-1.0684649615597301	-995.6509791954466
1851.0	100.0	24.850300809704127	-0.3531746939246853	-995.6812585482045
1852.0	100.0	24.84954080464264	-1.046149353139843	-995.7424317329627
1853.0	100.0	24.84926455391223	-0.34583938808714887	-995.7719813639734
1854.0	100.0	24.84848995891157	-1.0247361079898876	-995.8321721379209
1855.0	100.0	24.848207725372003	-0.3388532724828823	-995.8616346640003
1856.0	100.0	24.84742045439632	-1.0041628323483163	-995.920664370826
1857.0	100.0	24.84713465258676	-0.3320663917309196	-995.9495712009302
1858.0	100.0	24.84633369735278	-0.9843834302872402	-996.0076928857809
1859.0	100.0	24.846041813289848	-0.3256185101162701	-996.036360088759
1860.0	100.0	24.845225626848148	-0.9652851335351755	-996.0936535737151
1861.0	100.0	24.844930029381132	-0.3193140698169585	-996.1217632183948
1862.0	100.0	24.844099256798632	-0.9469859257847034	-996.178266022507
1863.0	100.0	24.84379854883676	-0.313335756303544	-996.2060804207962
1864.0	100.0	24.842953463671805	-0.9292356146786126	-996.2617053484369
1865.0	100.0	24.842646134253325	-0.30752845618562524	-996.2892484059072
1866.0	100.0	24.84178772165666	-0.9120895421978059	-996.3440697426598
1867.0	100.0	24.841475394035026	-0.3019197505839059	-996.3713050980454
1868.0	100.0	24.840600237269186	-0.8956191544513686	-996.4252889592804
1869.0	100.0	24.84028453400127	-0.29642975146894934	-996.4522277003606
1870.0	100.0	24.839393824710083	-0.8796619342945066	-996.5054019854655
1871.0	100.0	24.839072969506248	-0.2911658538994562	-996.5319645731392
1872.0	100.0	24.838168344416705	-0.864232488585376	-996.5843916450327
1873.0	100.0	24.837843498902156	-0.2861331624369277	-996.6107643816687
1874.0	100.0	24.83692312922085	-0.849247399635429	-996.6625244175157
1875.0	100.0	24.83659279425237	-0.2812163056304076	-996.6884326769566
1876.0	100.0	24.83565830086108	-0.8347349729149213	-996.7395503946427
1877.0	100.0	24.83532271521497	-0.2764717987316299	-996.7652363626024
1878.0	100.0	24.834374585175297	-0.8206864183695486	-996.815594879446
1879.0	100.0	24.834033723967575	-0.2718041869614226	-996.8410541375995
1880.0	100.0	24.83307179441997	-0.8071027480186452	-996.890711038686
1881.0	100.0	24.83272670868921	-0.26731549267002314	-996.9158796041086
1882.0	100.0	24.831749420395738	-0.7938648611425828	-996.9650029010728
1883.0	100.0	24.83140004525251	-0.26295885793710083	-996.9897595664465
1884.0	100.0	24.830408818807623	-0.7810125368812542	-997.038261295204
1885.0	100.0	24.830054073948826	-0.2587170042766845	-997.0627824885077
1886.0	100.0	24.829050469616995	-0.7684988504645476	-997.1107526736669
1887.0	100.0	24.828691870947406	-0.25465950223888706	-997.1349747652094
1888.0	100.0	24.82767302162215	-0.7564058587189609	-997.1822655721385
1889.0	100.0	24.827310425322782	-0.25061054047074033	-997.2063174821733
1890.0	100.0	24.82627750084905	-0.7446185239878068	-997.253152578802
1891.0	100.0	24.82591126075215	-0.24676295401106538	-997.2768998473846
1892.0	100.0	24.824867088226583	-0.733096787138358	-997.3230655785535
1893.0	100.0	24.824494530849318	-0.24291755060270565	-997.3465038606836
1894.0	100.0	24.82343854010514	-0.7219754140170043	-997.3923479246928
1895.0	100.0	24.823061531257355	-0.2392768669968438	-997.4154966340918
1896.0	100.0	24.82199339878284	-0.7110786673413293	-997.4606793503247
1897.0	100.0	24.821613769907465	-0.23565384271166503	-997.4837742639122
1898.0	100.0	24.820531034472225	-0.7004156469897779	-997.5283748760419
1899.0	100.0	24.82014668482468	-0.23217130537969002	-997.5511976084395
1900.0	100.0	24.81905358944499	-0.6900832351296365	-997.5953699767264
1901.0	100.0	24.818665431630865	-0.22879829991279194	-997.6178380832106
1902.0	100.0	24.817559904523993	-0.6799517995301311	-997.6615419133057
1903.0	100.0	24.817168394494537	-0.22542409921768605	-997.6838949804579
1904.0	100.0	24.816051130486038	-0.6701622528868448	-997.7272036477194
1905.0	100.0	24.815655898260406	-0.22216064256854148	-997.7491919198071
1906.0	100.0	24.81452913024896	-0.660562846998803	-997.7919564787871
1907.0	100.0	24.8141295435339	-0.21904759231942764	-997.8139303739448
1908.0	100.0	24.812991121285783	-0.651146178019135	-997.8562171735224
1909.0	100.0	24.812588159218055	-0.2158916856284964	-997.8779161041175
1910.0	100.0	24.811439634272766	-0.642015955996328	-997.919774250742
1911.0	100.0	24.81103332772665	-0.2128851934064766	-997.9413358373222
1912.0	100.0	24.80987378832983	-0.6331100622585908	-997.9827337390859
1913.0	100.0	24.80946499681869	-0.20989023966655485	-998.0039675211998
1914.0	100.0	24.808295698489534	-0.6243680527733262	-998.0448726597491
1915.0	100.0	24.80788250480701	-0.20698714568507057	-998.0661453875875
1916.0	100.0	24.806704637882877	-0.6157926176557781	-998.1066476732774
1917.0	100.0	24.80628872408692	-0.20421029200763868	-998.1275380166253
1918.0	100.0	24.80509925142398	-0.6074275511168914	-998.1677918543928
1919.0	100.0	24.804681923172303	-0.2013986609301116	-998.1885629757822
1920.0	100.0	24.803483634713764	-0.5992977194513546	-998.2281866597971
1921.0	100.0	24.803062053629198	-0.19874695035671905	-998.2487864202185
1922.0	100.0	24.801856642868117	-0.5912466067853486	-998.2881787343662
1923.0	100.0	24.80143115308435	-0.19605101013365564	-998.3084223265424
1924.0	100.0	24.80021724154525	-0.5834220754719048	-998.3474479520419
1925.0	100.0	24.799789361222302	-0.19351576667260412	-998.3677206327687
1926.0	100.0	24.798565737245323	-0.5757928195694421	-998.4063091477004
1927.0	100.0	24.798137165317637	-0.19095489854201902	-998.4263569091124
1928.0	100.0	24.7969046656917	-0.5682042055818409	-998.4646189209495
1929.0	100.0	24.796472756194284	-0.188499446803873	-998.4844786086168
1930.0	100.0	24.795233294058384	-0.5609196836361653	-998.5223181266397
1931.0	100.0	24.794799597792178	-0.18608687240157898	-998.5419235683503
1932.0	100.0	24.793551775144383	-0.5536685773166576	-998.5795895431993
1933.0	100.0	24.793114669973775	-0.18368786838549803	-998.599012352025
1934.0	100.0	24.791861112758966	-0.5465998775025326	-998.6361966337664
1935.0	100.0	24.791422758528608	-0.18129683965496252	-998.6555896044993
1936.0	100.0	24.790161987794566	-0.5397835931923166	-998.692444750957
1937.0	100.0	24.789718619070413	-0.17897907601797183	-998.7116185066454
1938.0	100.0	24.788452507662424	-0.5329616161001286	-998.7481793911426
1939.0	100.0	24.788007607785268	-0.17677780983394456	-998.7671149084154
1940.0	100.0	24.786734807860682	-0.5262906915124005	-998.8032904769002
1941.0	100.0	24.786288159521064	-0.17458424648308316	-998.822246682537
1942.0	100.0	24.7850089884995	-0.519762560749664	-998.8580995313325
1943.0	100.0	24.784559783480343	-0.17244526008578867	-998.876873964404
1944.0	100.0	24.783273315241317	-0.5132977277582219	-998.9124427854844
1945.0	100.0	24.782824528492743	-0.170355561719439	-998.9309201727398
1946.0	100.0	24.781533918208822	-0.5070228518749395	-998.9662029843246
1947.0	100.0	24.781081170029278	-0.16819237439087564	-998.9846170726997
1948.0	100.0	24.77978418424256	-0.5008645642583168	-999.0196521226715
1949.0	100.0	24.779329521372777	-0.16625811925874298	-999.0377430936278
1950.0	100.0	24.77802827659549	-0.49480471248518315	-999.0726102681343
1951.0	100.0	24.77757222945501	-0.16416770216329504	-999.0905570447371
1952.0	100.0	24.776265146675865	-0.4888878487500788	-999.1251318347366
1953.0	100.0	24.77580756634084	-0.16220976864049902	-999.1429686259045
1954.0	100.0	24.774496917914842	-0.48305554607128615	-999.1771421758401
1955.0	100.0	24.774038167931497	-0.1602457265323257	-999.1948283231437
1956.0	100.0	24.77272165530406	-0.47727404292298997	-999.2287841195669
1957.0	100.0	24.772260887415435	-0.15837536504560318	-999.2463633524923
1958.0	100.0	24.7709404499839	-0.47163920103475226	-999.2799070788755
1959.0	100.0	24.770478999529708	-0.15658263265790437	-999.2973976776335
1960.0	100.0	24.76915418236231	-0.46608857129153647	-999.330767136443
1961.0	100.0	24.768690110674985	-0.154661645399705	-999.3481119174222
1962.0	100.0	24.76736272831415	-0.46065933755607613	-999.3811868983773
1963.0	100.0	24.766898459744343	-0.15293087082546897	-999.3983819229269
1964.0	100.0	24.765565375592704	-0.4552811236542382	-999.4311019022506
1965.0	100.0	24.765099410782174	-0.1510611883153548	-999.448155142188
1966.0	100.0	24.76376455579691	-0.4500908524846875	-999.4807621794729
1967.0	100.0	24.76329777469733	-0.1493436713188983	-999.4975967309676
1968.0	100.0	24.761957564471338	-0.44487866842594953	-999.5300237697065
1969.0	100.0	24.76149110975966	-0.14763559766849577	-999.5466782176383
1970.0	100.0	24.760148931078557	-0.4397604719337691	-999.578860450627
1971.0	100.0	24.759680204659723	-0.14604589632912657	-999.5955039736955
1972.0	100.0	24.758334204422837	-0.4347346839219128	-999.6272449213775
1973.0	100.0	24.75786566729849	-0.1443197782443603	-999.643933858869
1974.0	100.0	24.756517385902907	-0.4298212298312387	-999.6754035218557
1975.0	100.0	24.756046492068613	-0.14272895708884853	-999.6919762695878
1976.0	100.0	24.75469608206968	-0.4249782535590261	-999.7231379758686
1977.0	100.0	24.75422390402803	-0.14112361187568562	-999.7394405060849
1978.0	100.0	24.752870617207964	-0.4202327611733639	-999.7705690306462
1979.0	100.0	24.752399631698157	-0.1394767515330059	-999.7867887678469
1980.0	100.0	24.7510437352457	-0.41554415047984267	-999.8175077057953
1981.0	100.0	24.750571051395497	-0.1379417843363695	-999.8337036685696
1982.0	100.0	24.749214269445392	-0.41096131244127493	-999.8642542612383
1983.0	100.0	24.748741444228163	-0.13636665456646743	-999.8800748443474
1984.0	100.0	24.74738121484023	-0.4064272008724887	-999.9106244528639
1985.0	100.0	24.746907783562452	-0.13490440119182373	-999.9263950266086
1986.0	100.0	24.745546565575317	-0.4019149376840064	-999.9566154374905
1987.0	100.0	24.74507292287647	-0.133433938424395	-999.9722792532544
1988.0	100.0	24.74370997436853	-0.3974908343180206	-1000.0021485485826
1989.0	100.0	24.7432343178027	-0.13201524854914504	-1000.0177832543594
1990.0	100.0	24.741871486403216	-0.39310762309088293	-1000.0476039938055
1991.0	100.0	24.741395301838658	-0.13056436278406677	-1000.0630947860058
1992.0	100.0	24.740029801063077	-0.3888601917137199	-1000.0925011056024
1993.0	100.0	24.739554130107006	-0.1291803862708023	-1000.1078244958123
1994.0	100.0	24.738187814885926	-0.38465405769544925	-1000.1372330082496
1995.0	100.0	24.737712441019124	-0.12773627430269885	-1000.15243087345
1996.0	100.0	24.736344652341668	-0.380533520692216	-1000.1815287636359
1997.0	100.0	24.73586789116569	-0.12636983038994026	-1000.1966835053754
1998.0	100.0	24.734500734038015	-0.3764581758128105	-1000.2255019774971
1999.0	100.0	24.734024528298573	-0.12499868952891571	-1000.2407167461035
2000.0	100.0	24.732653822079573	-0.37244833930002896	-1000.2692205666319
2001.0	100.0	24.732177976461813	-0.12364800096472364	-1000.2841432195632
2002.0	100.0	24.730808758978252	-0.36847852837594225	-1000.3126972039136
2003.0	100.0	24.73033224260419	-0.12231264115351549	-1000.3274896124278
2004.0	100.0	24.728961770983968	-0.3645981087581389	-1000.3556996291562
2005.0	100.0	24.728485286419033	-0.12103823257107366	-1000.370544330142
2006.0	100.0	24.7271149503031	-0.3607953944174301	-1000.3985254426118
2007.0	100.0	24.726637106940377	-0.11975705330129972	-1000.4131894935433
2008.0	100.0	24.725266656399402	-0.35694396803070705	-1000.4410714002975
2009.0	100.0	24.724790373430466	-0.11848111557007336	-1000.4556004884046
2010.0	100.0	24.72342008225671	-0.35315615353040747	-1000.4832938793281
2011.0	100.0	24.722943376314124	-0.11726348943750695	-1000.4977857880649
2012.0	100.0	24.721571881152077	-0.34957475456007664	-1000.5252680727586
2013.0	100.0	24.72109554433984	-0.11603069687453318	-1000.539656761589
2014.0	100.0	24.71972457768567	-0.3458467910824659	-1000.5670859396805
2015.0	100.0	24.719249520188583	-0.11486711712659169	-1000.5812093832908
2016.0	100.0	24.717879439897093	-0.34227422667132534	-1000.6083505110048
2017.0	100.0	24.717402153070186	-0.11367399686042602	-1000.6225662774192
2018.0	100.0	24.71603274566187	-0.33875757914800914	-1000.6494113858937
2019.0	100.0	24.715556967682293	-0.11244526631734801	-1000.6635038233118
2020.0	100.0	24.71418807203381	-0.33528966496621715	-1000.6902436766229
2021.0	100.0	24.71371232371541	-0.11130959517220404	-1000.7042646060295
2022.0	100.0	24.712343558902507	-0.3318309300586075	-1000.7307607570334
2023.0	100.0	24.71186778032872	-0.11018279146226957	-1000.7447298409936
2024.0	100.0	24.710499624746745	-0.3284437280605082	-1000.7710594960719
2025.0	100.0	24.710024007874694	-0.1090671946605036	-1000.784834920504
2026.0	100.0	24.708657783355388	-0.3250827051402236	-1000.8111273226252
2027.0	100.0	24.708182764206462	-0.10794337009278404	-1000.8247025752576
2028.0	100.0	24.7068162535468	-0.3218292106406688	-1000.8508869505675
2029.0	100.0	24.70634153466063	-0.10685293864543952	-1000.8644333092103
2030.0	100.0	24.704977312434384	-0.31853539459775393	-1000.8903629701429
2031.0	100.0	24.704502322611752	-0.10574134331777033	-1000.9038707951593
2032.0	100.0	24.70313829586535	-0.31535460438857155	-1000.9295780842212
2033.0	100.0	24.702663470366424	-0.10468146198128463	-1000.9430128689171
2034.0	100.0	24.70130280477648	-0.31215383706165434	-1000.9685222014532
2035.0	100.0	24.700828226803534	-0.10369725551279335	-1000.9818986007898
2036.0	100.0	24.699467464807697	-0.3090369445074266	-1001.0073366392094
2037.0	100.0	24.6989949903736	-0.10260466546730096	-1001.0205236342612
2038.0	100.0	24.69763541990449	-0.30591344303622875	-1001.0457185004983
2039.0	100.0	24.69716180534076	-0.1016229156303934	-1001.0589095014984
2040.0	100.0	24.69580491220399	-0.3028971360330169	-1001.0841216072332
2041.0	100.0	24.695332425377533	-0.10064483303419196	-1001.0971548763639
2042.0	100.0	24.69397503349095	-0.29982161250952916	-1001.1219752383565
2043.0	100.0	24.693503791547723	-0.09960733137415193	-1001.1349652488456
2044.0	100.0	24.692148525367973	-0.2969453832336299	-1001.1597454222747
2045.0	100.0	24.691677170661936	-0.09857758580230165	-1001.1726622888145
2046.0	100.0	24.69032582352727	-0.29405021002158294	-1001.1972847379775
2047.0	100.0	24.689855112087493	-0.09760939675619211	-1001.2100917790237
2048.0	100.0	24.688503621613464	-0.29107194173792483	-1001.2345508067032
2049.0	100.0	24.688033558935835	-0.09672011664403471	-1001.2472426417155
2050.0	100.0	24.68668517755995	-0.288263315912107	-1001.27164526065
2051.0	100.0	24.686214957887856	-0.09574168773254128	-1001.2843380331781
2052.0	100.0	24.684868301896834	-0.28542373480400773	-1001.3084587235973
2053.0	100.0	24.68439990371841	-0.09478759341866239	-1001.3209796153411
2054.0	100.0	24.683054234731497	-0.2826077541829757	-1001.3449679034793
2055.0	100.0	24.68258638401124	-0.09390150368927365	-1001.3575047007546
2056.0	100.0	24.681244343176555	-0.2799272546664708	-1001.3813417908042
2057.0	100.0	24.680777018983495	-0.0929276560055797	-1001.3937529310276
2058.0	100.0	24.679435502749364	-0.2771840267527004	-1001.4174135552546
2059.0	100.0	24.678969351324003	-0.09211078550768405	-1001.4299178588274
2060.0	100.0	24.677630221601802	-0.27448670443495227	-1001.4532801064297
2061.0	100.0	24.67716480469953	-0.09116593497768331	-1001.4656565855735
2062.0	100.0	24.675829404319575	-0.2718525611017304	-1001.4890783350834
2063.0	100.0	24.675364136767524	-0.09030828493338465	-1001.5012447670605
2064.0	100.0	24.67402968901365	-0.2692639829533001	-1001.5245884562463
2065.0	100.0	24.67356611980076	-0.0893947602030586	-1001.5366916912859
2066.0	100.0	24.672235420991267	-0.2667207283394589	-1001.5598116020199
2067.0	100.0	24.67177228227324	-0.08854500474758024	-1001.5719720474642
2068.0	100.0	24.670442979685525	-0.264132303151746	-1001.5949481124716
2069.0	100.0	24.66998102635041	-0.08774531360879059	-1001.6067528882493
2070.0	100.0	24.668654038170615	-0.2615765623804813	-1001.6297910832975
2071.0	100.0	24.66819444664314	-0.08693358160386905	-1001.6416156233726
2072.0	100.0	24.66686949130375	-0.2590879842379003	-1001.6642705472286
2073.0	100.0	24.66640889356459	-0.08605066065151833	-1001.6761916388043
2074.0	100.0	24.66508827266471	-0.25669158418731536	-1001.6986896808296
2075.0	100.0	24.664628728040128	-0.08526270921945871	-1001.7105486641699
2076.0	100.0	24.66331041066687	-0.25422384838023393	-1001.7329180525827
2077.0	100.0	24.662850900263518	-0.08445415562397875	-1001.7446768730414
2078.0	100.0	24.661536295612336	-0.2518434463821779	-1001.7669690173731
2079.0	100.0	24.661079471197443	-0.0836297542399894	-1001.7785518822192
2080.0	100.0	24.659766217751116	-0.2494958456560893	-1001.8007891056424
2081.0	100.0	24.659309385745058	-0.08284416002508894	-1001.8124360776696
2082.0	100.0	24.65799865779362	-0.2471300151052136	-1001.8343440717873
2083.0	100.0	24.657543926848664	-0.08207236694958324	-1001.845891483098
2084.0	100.0	24.656236100574798	-0.24485641142592754	-1001.8678660302785
2085.0	100.0	24.655781891480874	-0.08128133734227352	-1001.8792906220792
2086.0	100.0	24.65447854694524	-0.24256242330846575	-1001.9010773555073
2087.0	100.0	24.654025238260438	-0.08052940442147735	-1001.9124763445695
2088.0	100.0	24.652724067400786	-0.24027262005896635	-1001.9340620216001
2089.0	100.0	24.652270874877267	-0.07985693254279193	-1001.9452912069696
2090.0	100.0	24.650974884186986	-0.23800505747838985	-1001.9669076567135
2091.0	100.0	24.650522380339766	-0.07910003521134665	-1001.9781463622456
2092.0	100.0	24.649227159791362	-0.2358353524978196	-1001.9995722375822
2093.0	100.0	24.648777852685928	-0.07834923514544141	-1002.0107818325631
2094.0	100.0	24.64748500350865	-0.23361434364156	-1002.0320375709516
2095.0	100.0	24.647036260059476	-0.07761520062150128	-1002.0431560927511
2096.0	100.0	24.645748023945643	-0.23150072935836644	-1002.0643695884825
2097.0	100.0	24.645299676107832	-0.07688587225931583	-1002.0753740163867
2098.0	100.0	24.64401423622108	-0.22934635582570734	-1002.0964348662028
2099.0	100.0	24.643566825456194	-0.0762074630465596	-1002.1073457932026
2100.0	100.0	24.642285560931505	-0.22727930588264672	-1002.1282258689762
2101.0	100.0	24.641839063041207	-0.07549400556666827	-1002.139257570405
2102.0	100.0	24.640561170712513	-0.22517494816728897	-1002.1600088580948
2103.0	100.0	24.640116757500046	-0.0748032835225878	-1002.1708364310399
2104.0	100.0	24.63884033190511	-0.22311187268945532	-1002.1915694127403
2105.0	100.0	24.63839770503584	-0.07409908066095007	-1002.2023428863697
2106.0	100.0	24.63712511212636	-0.22110392160114478	-1002.2229664913164
2107.0	100.0	24.636683682895303	-0.07347729999153596	-1002.23368894108
2108.0	100.0	24.63541333673403	-0.21903353186240343	-1002.2540738891598
2109.0	100.0	24.634973213941826	-0.07277683618260794	-1002.2648037387802
2110.0	100.0	24.6337067976922	-0.21710125511314454	-1002.2852009647775
2111.0	100.0	24.63326749771067	-0.07208598313423059	-1002.2958691322029
2112.0	100.0	24.632006417218584	-0.21515871504842918	-1002.3160230981698
2113.0	100.0	24.631566837826433	-0.07147431802711315	-1002.3266742052842
2114.0	100.0	24.630308846701258	-0.21316164242803742	-1002.3467306049188
2115.0	100.0	24.62987070412092	-0.07083864018476761	-1002.3573174195116
2116.0	100.0	24.628617056581984	-0.2112528393975652	-1002.3772203443533
2117.0	100.0	24.628181257423556	-0.07016517482219882	-1002.3875933560563
2118.0	100.0	24.626929506102734	-0.20936421815321513	-1002.4076633114217
2119.0	100.0	24.62649311547927	-0.06952006934836438	-1002.4179406953841
2120.0	100.0	24.625246474208463	-0.20750180801331114	-1002.4377181426466
2121.0	100.0	24.624813013243056	-0.0689490758432184	-1002.448084385176
2122.0	100.0	24.62356946418903	-0.20561895333810148	-1002.4677773983949
2123.0	100.0	24.623136851041956	-0.06831955220336224	-1002.4780277325347
2124.0	100.0	24.621896412515472	-0.20372761118546084	-1002.4976604590611
2125.0	100.0	24.621464111042958	-0.06773160851242989	-1002.5079801920077
2126.0	100.0	24.620228731299658	-0.20197975598314036	-1002.5273670413604
2127.0	100.0	24.619797739220626	-0.0671054988569694	-1002.5375561272641
2128.0	100.0	24.618565380785384	-0.20017328670044832	-1002.5568825297638
2129.0	100.0	24.618135390398315	-0.06647131386206993	-1002.5668833048385
2130.0	100.0	24.616906761570103	-0.1983868594172051	-1002.586141505377
2131.0	100.0	24.616479468566073	-0.06589876052365663	-1002.5962973486407
2132.0	100.0	24.61525402459956	-0.19668676546663577	-1002.6153944929854
2133.0	100.0	24.614827716189986	-0.0653193911449369	-1002.6254089697112
2134.0	100.0	24.613605972980068	-0.1948594071527842	-1002.6444443378696
2135.0	100.0	24.613180965187805	-0.06475355167114968	-1002.6544825162798
2136.0	100.0	24.611963053905402	-0.1931829132814288	-1002.6733595216818
2137.0	100.0	24.611539002621374	-0.06417747904744715	-1002.6832486222314
2138.0	100.0	24.610326854095227	-0.19147323882112807	-1002.7020076606782
2139.0	100.0	24.609902995073277	-0.06363972048288134	-1002.7119712559802
2140.0	100.0	24.608693104362455	-0.1897259994425782	-1002.7306775577275
2141.0	100.0	24.608271634916772	-0.06314593873129878	-1002.7405170416978
2142.0	100.0	24.6070651045184	-0.18808351366298057	-1002.7591067763989
2143.0	100.0	24.606645284775727	-0.06252992975640323	-1002.7688390891269
2144.0	100.0	24.605442855713367	-0.18647574157727043	-1002.7874997800255
2145.0	100.0	24.60502330475771	-0.06194796130525938	-1002.7970727160853
2146.0	100.0	24.6038251698804	-0.18485869130714136	-1002.8156635874766
2147.0	100.0	24.603408239858776	-0.06139463506436426	-1002.825285280373
2148.0	100.0	24.602214133424706	-0.18328458750360638	-1002.8435608303201
2149.0	100.0	24.601797348594914	-0.06088585071691759	-1002.8531593260898
2150.0	100.0	24.600607292014427	-0.18160068717882358	-1002.8714292487706
2151.0	100.0	24.60019328066034	-0.06037612617021929	-1002.8809893143608
2152.0	100.0	24.59900573358124	-0.180070327094188	-1002.8991618997885
2153.0	100.0	24.598592406924073	-0.05983049187454333	-1002.9086231438017
2154.0	100.0	24.597409784634284	-0.17848788218520334	-1002.9267011315103
2155.0	100.0	24.596999037713115	-0.05932682190583306	-1002.9362647850667
2156.0	100.0	24.59581975818479	-0.1769883146803081	-1002.95416254825
2157.0	100.0	24.595408136439058	-0.05878772708471329	-1002.9635968732234
2158.0	100.0	24.59423424793466	-0.17541487223754035	-1002.9814076859669
2159.0	100.0	24.593825159533058	-0.0583071754970658	-1002.990745656248
2160.0	100.0	24.59265411114841	-0.17392193600737188	-1003.0086900400972
2161.0	100.0	24.592245946198837	-0.05777887330759181	-1003.0178433405648
2162.0	100.0	24.591079651158434	-0.17242094174194936	-1003.0354969388069
2163.0	100.0	24.590673381727036	-0.057299977242303395	-1003.044811988424
2164.0	100.0	24.58951082178183	-0.17099134827011314	-1003.0624794565741
2165.0	100.0	24.589104227397325	-0.05680667296107817	-1003.071669111827
2166.0	100.0	24.58794629379074	-0.16946281411146008	-1003.089187201358
2167.0	100.0	24.58754238123892	-0.05628575189815875	-1003.0982891998506
2168.0	100.0	24.586387665322977	-0.16807353625834687	-1003.1157735958327
2169.0	100.0	24.58598567572316	-0.05577513398000007	-1003.1247232541795
2170.0	100.0	24.584835663011493	-0.16663769168873796	-1003.1421928133177
2171.0	100.0	24.584433981280323	-0.05540660747075499	-1003.151256145978
2172.0	100.0	24.583287795111072	-0.16515763615637483	-1003.1686838751618
2173.0	100.0	24.58288743749322	-0.05486133961068277	-1003.1776212414215
2174.0	100.0	24.581745755285148	-0.16378672954465862	-1003.194687638479
2175.0	100.0	24.581346218913474	-0.05442826993906955	-1003.2036662746226
2176.0	100.0	24.580208333898693	-0.16240868626577293	-1003.2208236322274
2177.0	100.0	24.579809885587874	-0.05393579538197053	-1003.2297586180231
2178.0	100.0	24.578676295955646	-0.16100125414692085	-1003.2468734886661
2179.0	100.0	24.578281914677618	-0.05352265036708575	-1003.2557202803641
2180.0	100.0	24.577151940542848	-0.1596421387286063	-1003.2725265209845
2181.0	100.0	24.576756792060113	-0.05305698159744023	-1003.2813418492669
2182.0	100.0	24.575631431690283	-0.15829729803282055	-1003.2983375633573
2183.0	100.0	24.575238343031508	-0.05262262506840805	-1003.3069604507867
2184.0	100.0	24.57411555274429	-0.1569138903053974	-1003.3238204036202
2185.0	100.0	24.573725812540637	-0.05222260693415882	-1003.3322945552669
2186.0	100.0	24.57260738615026	-0.15559845726710503	-1003.349212027143
2187.0	100.0	24.572217491890072	-0.05171973179687886	-1003.3578999769867
2188.0	100.0	24.57110414330967	-0.15436048892587328	-1003.3745351594753
2189.0	100.0	24.57071468130161	-0.051274658280326096	-1003.3831434201568
2190.0	100.0	24.56960474580722	-0.1530474867589426	-1003.3996863579212
2191.0	100.0	24.56921801763582	-0.050874595517902264	-1003.408287991153
2192.0	100.0	24.568113514208623	-0.1517913128600121	-1003.4246461465596
2193.0	100.0	24.567727549500965	-0.05041634710761447	-1003.4332710808441
2194.0	100.0	24.566626092163485	-0.15052248483308167	-1003.449633261814
2195.0	100.0	24.566242188448555	-0.050033965596382464	-1003.4582537339027
2196.0	100.0	24.565143849202965	-0.14923376826777576	-1003.4744656225143
2197.0	100.0	24.56476096879469	-0.049563411044124144	-1003.4829380662101
2198.0	100.0	24.56366796899719	-0.14802809469977843	-1003.4991116512039
2199.0	100.0	24.563286549987993	-0.04916142300411015	-1003.5074934227828
2200.0	100.0	24.56219689077613	-0.14674870167052786	-1003.5237432910101
2201.0	100.0	24.56181816999763	-0.0488209945203463	-1003.5320118088407
2202.0	100.0	24.56073223009483	-0.14551679065193665	-1003.5480076039366
2203.0	100.0	24.560353967667403	-0.04837957813515927	-1003.5564937181839
2204.0	100.0	24.559273409716525	-0.14434958445603216	-1003.5723177271472
2205.0	100.0	24.55889600372501	-0.04795692045522516	-1003.5807805029195
2206.0	100.0	24.55782015120492	-0.14316647407672184	-1003.5966106325627
2207.0	100.0	24.557443182501967	-0.04755832766685537	-1003.6050143152061
2208.0	100.0	24.55637190579497	-0.14202032378301377	-1003.6207209035944
2209.0	100.0	24.555996974810668	-0.047150125892103774	-1003.628979709212
2210.0	100.0	24.554929747871295	-0.1408125625894615	-1003.6446590803603
2211.0	100.0	24.55455679804434	-0.04680728564339966	-1003.6530183730877
2212.0	100.0	24.553493124592748	-0.13964468355252155	-1003.6685800455155
2213.0	100.0	24.553120423225753	-0.04640154894069813	-1003.6768185413282
2214.0	100.0	24.552059933743973	-0.138456928365647	-1003.6922996237975
2215.0	100.0	24.551691064496914	-0.04610462384413377	-1003.7003472653138
2216.0	100.0	24.55063557314589	-0.13730632292963688	-1003.715951602089
2217.0	100.0	24.55026619927983	-0.045652498510835915	-1003.7239854510336
2218.0	100.0	24.549215338231555	-0.13621620338916163	-1003.7394083876804
2219.0	100.0	24.548848690147977	-0.04530919958110059	-1003.7474910256511
2220.0	100.0	24.54780167244866	-0.13511766788582766	-1003.7628000141624
2221.0	100.0	24.54743515735838	-0.04488643681267562	-1003.7708885444551
2222.0	100.0	24.546392150609805	-0.13402573414685762	-1003.7860785823705
2223.0	100.0	24.54602779034477	-0.04453905811264055	-1003.7940156165162
2224.0	100.0	24.54498789832487	-0.13292125668777835	-1003.8094113995982
2225.0	100.0	24.54462588749659	-0.044169414855749996	-1003.8171804436764
2226.0	100.0	24.543590775450955	-0.13180347842892398	-1003.8324027468927
2227.0	100.0	24.543229554686317	-0.04383666232206312	-1003.8403148619497
2228.0	100.0	24.54219880242478	-0.13074395398956448	-1003.8553971913511
2229.0	100.0	24.541838706951662	-0.04346162469057419	-1003.8633158869317
2230.0	100.0	24.54081189246115	-0.1297093598234085	-1003.8782084236509
2231.0	100.0	24.540453634881484	-0.04310528215880913	-1003.8859584118429
2232.0	100.0	24.539430893385372	-0.12866156702651543	-1003.9011208963897
2233.0	100.0	24.53907427849355	-0.04276753214061693	-1003.9086526221047
2234.0	100.0	24.53805584711173	-0.1275909962589853	-1003.9236387732317
2235.0	100.0	24.537700137145237	-0.04238869726487017	-1003.9314421420559
2236.0	100.0	24.536685110637617	-0.1266038888194945	-1003.9462237374948
2237.0	100.0	24.53633111807312	-0.042063807536458546	-1003.9538156065685
2238.0	100.0	24.535320917801034	-0.1255617601131487	-1003.9688111165997
2239.0	100.0	24.534967854367405	-0.04172977671803862	-1003.9763564096152
2240.0	100.0	24.533962221592656	-0.1245182681947131	-1003.9909091522993
2241.0	100.0	24.53361112513405	-0.04138280433506803	-1003.9985428734329
2242.0	100.0	24.532609872504814	-0.12356243410266528	-1004.0130856127367
2243.0	100.0	24.53225896918969	-0.04103916340600846	-1004.0207371652928
2244.0	100.0	24.531261793089158	-0.12256264360476048	-1004.0352098206055
2245.0	100.0	24.530913108258652	-0.04072257486190988	-1004.0428811795178
2246.0	100.0	24.529919824975703	-0.12159841654775755	-1004.0573851333236
2247.0	100.0	24.529572148067864	-0.040363769304298344	-1004.0648830302139
2248.0	100.0	24.52858295962577	-0.12064084716233896	-1004.079123228851
2249.0	100.0	24.528237285803584	-0.04003839330097219	-1004.0867114593105
2250.0	100.0	24.52725284486506	-0.11964622333624561	-1004.1010720904968
2251.0	100.0	24.526907526030293	-0.03978139251016083	-1004.1085087107831
2252.0	100.0	24.525927737235982	-0.11861351653635141	-1004.1227855430296
2253.0	100.0	24.52558320818906	-0.039480714538828	-1004.130176582607
2254.0	100.0	24.524606058431598	-0.11774175303750631	-1004.1443608153749
2255.0	100.0	24.52426429649134	-0.03907841420666409	-1004.1517869799027
2256.0	100.0	24.523292584789264	-0.11684891717525303	-1004.1658679031211
2257.0	100.0	24.522951681012376	-0.03877116899440544	-1004.1733896073026
2258.0	100.0	24.521984062021627	-0.1159186897012098	-1004.1874236439945
2259.0	100.0	24.521644939605434	-0.03848785978220534	-1004.1945716281924
2260.0	100.0	24.52067920528069	-0.11494759557819959	-1004.2087304880833
2261.0	100.0	24.52034246101052	-0.03824083129789952	-1004.2160012463316
2262.0	100.0	24.519382499665678	-0.11401026905406517	-1004.2299152438775
2263.0	100.0	24.51904585703492	-0.0379209662004671	-1004.2371860605135
2264.0	100.0	24.518090774894375	-0.11315658543356097	-1004.2509728446204
2265.0	100.0	24.517755747262928	-0.03757970785249619	-1004.2582968907135
2266.0	100.0	24.516802837940187	-0.11223660363547798	-1004.2721288467584
2267.0	100.0	24.51647029082776	-0.037273035009817886	-1004.2792879653673
2268.0	100.0	24.515522884212015	-0.11139066546637284	-1004.2930563888016
2269.0	100.0	24.515188976963813	-0.03697098693443888	-1004.3002430704095
2270.0	100.0	24.514246747953464	-0.11054311131136829	-1004.3139398302501
2271.0	100.0	24.51391611749128	-0.03673151792176687	-1004.3210227526107
2272.0	100.0	24.512975272411996	-0.10958444200459079	-1004.3345329564311
2273.0	100.0	24.512646500985284	-0.03644861109474456	-1004.3417301286393
2274.0	100.0	24.511711092844095	-0.10873471523789331	-1004.3553371288004
2275.0	100.0	24.511382422738443	-0.036144643646906366	-1004.3624434035239
2276.0	100.0	24.510452607915706	-0.10786360820400795	-1004.3759086325855
2277.0	100.0	24.510125215990396	-0.03587233418689401	-1004.382942179064
2278.0	100.0	24.509199057963983	-0.10711012955247541	-1004.3964224800275
2279.0	100.0	24.50887285759594	-0.03554028477653709	-1004.4035209681743
2280.0	100.0	24.50794881582875	-0.10623862215971729	-1004.4167927457081
2281.0	100.0	24.507625909617005	-0.03532252887881558	-1004.4237617433683
2282.0	100.0	24.506705607879134	-0.10537486350005995	-1004.4370138820123
2283.0	100.0	24.506382042757682	-0.035040119997444025	-1004.4441424023105
2284.0	100.0	24.505468910737076	-0.10454087588169077	-1004.4573858819671
2285.0	100.0	24.50514728380295	-0.03474367886681768	-1004.4642389075525
2286.0	100.0	24.504237025177407	-0.1038135133259115	-1004.4774654031041
2287.0	100.0	24.503917519546558	-0.034448203636773374	-1004.4842673261222
2288.0	100.0	24.50300878528184	-0.10297734158254564	-1004.4974173967515
2289.0	100.0	24.502691403989107	-0.03420996791483551	-1004.504375666401
2290.0	100.0	24.501788164775235	-0.10216129750070313	-1004.517270090604
2291.0	100.0	24.50147106611115	-0.03395076346757281	-1004.5242105188581
2292.0	100.0	24.50057200142517	-0.1013668940459658	-1004.5372689319377
2293.0	100.0	24.50025552571231	-0.03369395428802411	-1004.5440531206995
2294.0	100.0	24.49936111171847	-0.10055075006883145	-1004.5568883046435
2295.0	100.0	24.499046101008105	-0.03342336625001367	-1004.5638493223836
2296.0	100.0	24.498155325637327	-0.09983147403152612	-1004.5766285152519
2297.0	100.0	24.49784281336653	-0.03314462520213626	-1004.5834712064222
2298.0	100.0	24.49695566044562	-0.09901827671673213	-1004.5961622460715
2299.0	100.0	24.49664501929084	-0.03294073861595488	-1004.6030864813838
2300.0	100.0	24.495760647879017	-0.09827315134194979	-1004.6157777764208
2301.0	100.0	24.495451509691506	-0.03263787302085375	-1004.6225427673722
2302.0	100.0	24.494571058193518	-0.09749497938980346	-1004.6353711405013
2303.0	100.0	24.49426294730246	-0.03242174825175287	-1004.6418223614781
2304.0	100.0	24.493386875909653	-0.09675218633770909	-1004.6546465467101
2305.0	100.0	24.49307978017258	-0.0321929405711	-1004.6611435486428
2306.0	100.0	24.49220882625518	-0.09601458708825493	-1004.673931532853
2307.0	100.0	24.491903462261085	-0.03193417457360701	-1004.6804298489322
2308.0	100.0	24.491035991924104	-0.09526069376409811	-1004.6930643046317
2309.0	100.0	24.49073050097285	-0.031689872629900334	-1004.69953910999
2310.0	100.0	24.489866938398357	-0.09455008050332611	-1004.7120807612373
2311.0	100.0	24.4895635689819	-0.03142658835179009	-1004.7186646533315
2312.0	100.0	24.488704895677056	-0.09381940979668746	-1004.7311358583562
2313.0	100.0	24.488401506611783	-0.03119225644532428	-1004.7376632744672
2314.0	100.0	24.487547932054508	-0.09312484644367283	-1004.7500142826898
2315.0	100.0	24.487246653781042	-0.030936884424417728	-1004.7565661261807
2316.0	100.0	24.486394918249665	-0.09241054863505582	-1004.7687842711291
2317.0	100.0	24.486095357753605	-0.030711389405041017	-1004.7753012018719
2318.0	100.0	24.48524691803568	-0.09170620909021668	-1004.7877456132578
2319.0	100.0	24.48494962750565	-0.030442175006588454	-1004.7941572713031
2320.0	100.0	24.48410634983983	-0.09102451313484117	-1004.8063990028986
2321.0	100.0	24.483809918633536	-0.030279611369039557	-1004.8127521946146
2322.0	100.0	24.482969006294145	-0.09028403113874627	-1004.8249623550552
2323.0	100.0	24.48267416589939	-0.030037233736131992	-1004.8313561985332
2324.0	100.0	24.481838808567243	-0.08963195132378948	-1004.8434537729972
2325.0	100.0	24.481543856788516	-0.029789657728625466	-1004.8499739304514
2326.0	100.0	24.480712142768848	-0.08894973084777695	-1004.8619792485191
2327.0	100.0	24.480419003713646	-0.02956315176591314	-1004.8682861799115
2328.0	100.0	24.479590397495873	-0.08827115036495423	-1004.8803151161615
2329.0	100.0	24.4792992445603	-0.029376985587647925	-1004.8866027063985
2330.0	100.0	24.4784746019703	-0.08757629095609602	-1004.8986985028548
2331.0	100.0	24.478184193859942	-0.029125613728072586	-1004.9049104974421
2332.0	100.0	24.477363830409377	-0.08692331787110034	-1004.916879265635
2333.0	100.0	24.477075747215935	-0.02893133175112933	-1004.9230094937183
2334.0	100.0	24.47625805685673	-0.08629388669174837	-1004.9349934516042
2335.0	100.0	24.47597051720648	-0.02864739680443916	-1004.9412439178856
2336.0	100.0	24.47515749592657	-0.08566431911040881	-1004.9529084260678
2337.0	100.0	24.474871217475922	-0.028461243784776293	-1004.9591969520858
2338.0	100.0	24.474062611796104	-0.08502734643813234	-1004.9709717172407
2339.0	100.0	24.47377769258097	-0.028217756291400345	-1004.9770050621283
2340.0	100.0	24.472972152983765	-0.084382464195261	-1004.9888775437964
2341.0	100.0	24.472688164290517	-0.028047795665964152	-1004.9950712636097
2342.0	100.0	24.47188673283756	-0.08370525678251052	-1005.0067521286529
2343.0	100.0	24.47160421330694	-0.027872817083442997	-1005.0128951313685
2344.0	100.0	24.47080638087068	-0.08305917677481069	-1005.0244070391857
2345.0	100.0	24.470525393485268	-0.02765688852879462	-1005.0306813456796
2346.0	100.0	24.469732704385677	-0.08248963029979417	-1005.0421025309923
2347.0	100.0	24.46945223831851	-0.027393811710289664	-1005.0483152286675
2348.0	100.0	24.46866249781596	-0.08185925636683199	-1005.0598109480175
2349.0	100.0	24.468384270862455	-0.027249463335422087	-1005.0658396195025
2350.0	100.0	24.467598231353882	-0.08124173339145482	-1005.0773552643759
2351.0	100.0	24.467319237868363	-0.02700979916482091	-1005.0834200180087
2352.0	100.0	24.466537359441027	-0.0806286201680724	-1005.0947499457491
2353.0	100.0	24.466261097121432	-0.026819577471711126	-1005.100692034304
2354.0	100.0	24.46548200803781	-0.08003100601980023	-1005.1121280965948
2355.0	100.0	24.465207561705515	-0.026626746830264406	-1005.1182229877078
2356.0	100.0	24.464432776968334	-0.07945413124633875	-1005.1295532845305
2357.0	100.0	24.46415866979135	-0.026431399319621126	-1005.1353892695502
2358.0	100.0	24.46338711943708	-0.07883484255304299	-1005.1466393761998
2359.0	100.0	24.463115887616862	-0.026197819544761757	-1005.1525300786728
2360.0	100.0	24.462347190898804	-0.0783112679489141	-1005.1639459113657
2361.0	100.0	24.46207674584404	-0.026043165251710715	-1005.1697066738307
2362.0	100.0	24.46131215752767	-0.07769677218614883	-1005.1809290206277
2363.0	100.0	24.46104258657912	-0.025808713653090228	-1005.1869312565167
2364.0	100.0	24.460282896530984	-0.07714629110370608	-1005.1979889159728
2365.0	100.0	24.460013442566286	-0.025588943810866186	-1005.2038406131267
2366.0	100.0	24.459257679374332	-0.07658403552237246	-1005.2149190738633
2367.0	100.0	24.458989192899683	-0.025409954596952063	-1005.2208212032642
2368.0	100.0	24.458237159450366	-0.0759916026391302	-1005.2318206174123
2369.0	100.0	24.4579713329898	-0.02530160979356421	-1005.2375318700109
2370.0	100.0	24.457221693850858	-0.07540686981146036	-1005.2485910201558
2371.0	100.0	24.45695690925591	-0.02506486533074498	-1005.2545823237866
2372.0	100.0	24.456211988932818	-0.07488705857099137	-1005.2654166682379
2373.0	100.0	24.45594781243772	-0.024883164969356893	-1005.2712289057072
2374.0	100.0	24.455206554948678	-0.07432568214009688	-1005.2820341131229
2375.0	100.0	24.45494329845104	-0.02469270480403702	-1005.2877448957898
2376.0	100.0	24.45420492054411	-0.07377541190026607	-1005.2987515864226
2377.0	100.0	24.453943086888067	-0.024542295541615373	-1005.304400163788
2378.0	100.0	24.453208685859185	-0.07320772981189959	-1005.3152066265643
2379.0	100.0	24.45294853791254	-0.024334808669612823	-1005.3209469825111
2380.0	100.0	24.452218644015456	-0.07273216296538786	-1005.3317555527551
2381.0	100.0	24.451958795653415	-0.02417557348921292	-1005.337403147481
2382.0	100.0	24.45123130733583	-0.07215898767389982	-1005.3481441608676
2383.0	100.0	24.450973753826307	-0.024004404267249955	-1005.3537378154413
2384.0	100.0	24.4502494447216	-0.07164799126956148	-1005.3644243784092
2385.0	100.0	24.449993763946402	-0.023798956816049	-1005.3700908130754
2386.0	100.0	24.449273003509184	-0.07108993772303834	-1005.3808098202205
2387.0	100.0	24.449018234501796	-0.023663845707794198	-1005.3863320188459
2388.0	100.0	24.4483021423935	-0.07061504120631654	-1005.3969827779235
2389.0	100.0	24.44804658155659	-0.023450550727533298	-1005.4025685638532
2390.0	100.0	24.44733446690365	-0.07008694111026768	-1005.4131573405173
2391.0	100.0	24.44708058268603	-0.023283415393172545	-1005.4186976446591
2392.0	100.0	24.446371638494053	-0.06960829787042304	-1005.4291884557523
2393.0	100.0	24.44612044069712	-0.02309743408910117	-1005.4346063093728
2394.0	100.0	24.44541400519159	-0.06902841866387426	-1005.4452381709149
2395.0	100.0	24.445162932766	-0.023000838076113344	-1005.4507020236824
2396.0	100.0	24.44445991439263	-0.0685441752283036	-1005.4611322165773
2397.0	100.0	24.444211818097543	-0.022819855183507588	-1005.4666188151078
2398.0	100.0	24.443511246781625	-0.06807440984586764	-1005.4770465681114
2399.0	100.0	24.443264072168976	-0.022585416276084992	-1005.4825696736586
2400.0	100.0	24.44257002437267	-0.06760794471704647	-1005.4927231081696
2401.0	100.0	24.442321456674694	-0.022450159485903086	-1005.4982408962809
2402.0	100.0	24.44162931311469	-0.06707887730446681	-1005.5086351959538
2403.0	100.0	24.441384256293517	-0.022296090248817395	-1005.5141114595232
2404.0	100.0	24.440694788165956	-0.06660044374088442	-1005.5242135591716
2405.0	100.0	24.440450126290706	-0.02216531652396875	-1005.529613434447
2406.0	100.0	24.4397664853603	-0.06610552132539937	-1005.5399159524811
2407.0	100.0	24.439521833448847	-0.021980271852705856	-1005.545236403875
2408.0	100.0	24.438840055125276	-0.06560240734136293	-1005.5554777887174
2409.0	100.0	24.43859848362165	-0.021901725301843613	-1005.560831900847
2410.0	100.0	24.437919330423018	-0.06514226040477532	-1005.5709546125131
2411.0	100.0	24.43767896678802	-0.02166380747334867	-1005.5762714532389
2412.0	100.0	24.437004315197903	-0.06470560706453164	-1005.5863680930331
2413.0	100.0	24.436763379834385	-0.0215044948478361	-1005.5916064507173
2414.0	100.0	24.436092344037117	-0.06419185663860832	-1005.601897225166
2415.0	100.0	24.43585440510405	-0.021390996811910496	-1005.6069875148107
2416.0	100.0	24.435186290586277	-0.06375971964899269	-1005.6170101765525
2417.0	100.0	24.434947794330927	-0.021201710495520696	-1005.6223627017961
2418.0	100.0	24.434283672375486	-0.06330749289341955	-1005.6322928958461
2419.0	100.0	24.43404701815328	-0.021021335825423686	-1005.6375535137498
2420.0	100.0	24.43338572993719	-0.06287110755233527	-1005.6474582523002
2421.0	100.0	24.43314946619728	-0.0209164132594004	-1005.6527621112151
2422.0	100.0	24.432491530174374	-0.06239076046957694	-1005.6627213390233
2423.0	100.0	24.432257823453806	-0.020771771302418023	-1005.6679383539239
2424.0	100.0	24.43160341561727	-0.061937171948853044	-1005.6777538124417
2425.0	100.0	24.431369712988896	-0.02062054376464755	-1005.6830173597014
2426.0	100.0	24.430718961548237	-0.06152288859652981	-1005.6927052489818
2427.0	100.0	24.430486217943454	-0.020438796062078754	-1005.6979531498421
2428.0	100.0	24.429838721527283	-0.06107214014991833	-1005.7077042422147
2429.0	100.0	24.429608658879665	-0.020327475936541113	-1005.7128865729707
2430.0	100.0	24.428963942323197	-0.060621062585187395	-1005.7224738501261
2431.0	100.0	24.42873258366137	-0.02016066275313502	-1005.7277647615148
2432.0	100.0	24.428092041854924	-0.060217898308989805	-1005.7374418372862
2433.0	100.0	24.427864703742085	-0.020013057844037393	-1005.7425855226816
2434.0	100.0	24.427226596837578	-0.05979863831903945	-1005.7521717198875
2435.0	100.0	24.426998172400417	-0.019891909414104684	-1005.7572058790955
2436.0	100.0	24.426363462617942	-0.059339757454853925	-1005.7668951904619
2437.0	100.0	24.426136386682796	-0.01973801719347167	-1005.7720311447683
2438.0	100.0	24.4255066677151	-0.05895762277857377	-1005.7815117230705
2439.0	100.0	24.425280809161666	-0.019597818998851317	-1005.7865123606082
2440.0	100.0	24.42465214211227	-0.05847469236382377	-1005.7961039949488
2441.0	100.0	24.424428566187952	-0.01945895130739716	-1005.801111348469
2442.0	100.0	24.423803602104517	-0.058129575331932894	-1005.8106908736682
2443.0	100.0	24.42358035458066	-0.019289789568355274	-1005.8156273002314
2444.0	100.0	24.422958563502288	-0.05771271092107634	-1005.8250247662238
2445.0	100.0	24.422736764094537	-0.01918627851164765	-1005.8300807424043
2446.0	100.0	24.42211802203052	-0.05723626272289393	-1005.8395073916913
2447.0	100.0	24.421896738709144	-0.019064957873121492	-1005.8444964508894
2448.0	100.0	24.421280773087084	-0.05688177176595164	-1005.8538163665409
2449.0	100.0	24.421063024478777	-0.018931519201245535	-1005.858973146208
2450.0	100.0	24.420451076411265	-0.05648564927818301	-1005.8683406497014
2451.0	100.0	24.420231807878547	-0.018756844936504383	-1005.8732348858014
2452.0	100.0	24.41962322405552	-0.056053626085133396	-1005.8824980444023
2453.0	100.0	24.419404155558713	-0.01869007782493279	-1005.8872184787936
2454.0	100.0	24.41879892806872	-0.05567760294901755	-1005.8966765203874
2455.0	100.0	24.41858218154388	-0.018474288571155052	-1005.901567104575
2456.0	100.0	24.417980096729067	-0.055314117770068394	-1005.9108839195864
2457.0	100.0	24.41776503664344	-0.018402299823885783	-1005.9156955076224
2458.0	100.0	24.417166644181833	-0.054890636399214175	-1005.92498099999
2459.0	100.0	24.416950445281067	-0.01824873338968635	-1005.9297126813603
2460.0	100.0	24.4163540255413	-0.05450399480413161	-1005.9389939395755
2461.0	100.0	24.41614152185614	-0.0181297746620179	-1005.9437416416364
2462.0	100.0	24.41554861350237	-0.05412154071041979	-1005.9527951252511
2463.0	100.0	24.415335557150883	-0.018010814740140078	-1005.9577068742092
2464.0	100.0	24.41474673956985	-0.05375648869848991	-1005.9668646714645
2465.0	100.0	24.414533876807354	-0.01788604036514822	-1005.9715546928082
2466.0	100.0	24.413948263047168	-0.053376132760639405	-1005.9806426607275
2467.0	100.0	24.41373805700243	-0.01772547957085016	-1005.985366495469
2468.0	100.0	24.413154215345997	-0.05299967591234387	-1005.9943616221824
2469.0	100.0	24.41294388763258	-0.01761832623991081	-1005.9992284149666
2470.0	100.0	24.412365917467497	-0.05268008214403583	-1006.0082313633937
2471.0	100.0	24.41215580211699	-0.017474372093027987	-1006.0130092273452
2472.0	100.0	24.41157747286007	-0.052251071202081986	-1006.0220172037438
2473.0	100.0	24.411371599145077	-0.017376501421958093	-1006.0266666976298
2474.0	100.0	24.410797222249126	-0.05189568879348839	-1006.0355621681771
2475.0	100.0	24.41059041525395	-0.01727598640009775	-1006.0403020794104
2476.0	100.0	24.4100205549427	-0.05151239769245543	-1006.0490749290743
2477.0	100.0	24.409814349286666	-0.017149515998690586	-1006.0538780651235
2478.0	100.0	24.409246318193308	-0.051183643266721875	-1006.0626957173349
2479.0	100.0	24.409042190689316	-0.017036926799564745	-1006.0673764604119
2480.0	100.0	24.408476346566676	-0.05080461430311851	-1006.0762279745342
2481.0	100.0	24.40827389947061	-0.0169290253729	-1006.0809551218294
2482.0	100.0	24.407711910574275	-0.05044518888322009	-1006.0897359857775
2483.0	100.0	24.407509603033436	-0.016787370788120818	-1006.0942987215097
2484.0	100.0	24.406951100189637	-0.05010792967560632	-1006.1031439489639
2485.0	100.0	24.406748331823515	-0.01665709023300131	-1006.1076229797007
2486.0	100.0	24.406192738066142	-0.04974363531339644	-1006.1164254607119
2487.0	100.0	24.405992847380272	-0.016558105039129918	-1006.1210849131609
2488.0	100.0	24.405440111273904	-0.04943515598868369	-1006.1296220701662
2489.0	100.0	24.405241188508164	-0.016448461414917105	-1006.1342599253622
2490.0	100.0	24.404690354498157	-0.04908099139681824	-1006.1429340115785
2491.0	100.0	24.404491992958615	-0.016328182421797344	-1006.1474706384345
2492.0	100.0	24.40394634044253	-0.04872880065614671	-1006.1562102375689
2493.0	100.0	24.40374723333282	-0.016216269566073704	-1006.1605738103641
2494.0	100.0	24.403203957713224	-0.04836924337198446	-1006.1692639499497
2495.0	100.0	24.403007100086473	-0.016098312503409123	-1006.173769511626
2496.0	100.0	24.402465442039805	-0.04810240587683269	-1006.1823083338771
2497.0	100.0	24.402271670122236	-0.015963810047356225	-1006.1868137918563
2498.0	100.0	24.401733575493328	-0.04772810151773857	-1006.195403631891
2499.0	100.0	24.401539032347667	-0.01590601819516975	-1006.199865004048
2500.0	100.0	24.40100381807327	-0.04738963413880808	-1006.2082485971098
2501.0	100.0	24.40081023662064	-0.015775110690249568	-1006.2128208224642
2502.0	100.0	24.400278578170024	-0.04709749283596122	-1006.2213014019719
2503.0	100.0	24.400085232412575	-0.015622061508137506	-1006.2257150552657
2504.0	100.0	24.399555179383977	-0.04677302959643231	-1006.234105669497
2505.0	100.0	24.399365002489784	-0.015579602791175238	-1006.2387245051113
2506.0	100.0	24.3988384377153	-0.04636557448126093	-1006.2469886901573
2507.0	100.0	24.39864733040343	-0.015483740180495779	-1006.251421146038
2508.0	100.0	24.398124032047647	-0.046104018943205406	-1006.2596746283692
2509.0	100.0	24.397934834668902	-0.015323583201506626	-1006.2643059313214
2510.0	100.0	24.397413064282507	-0.04578028298180113	-1006.2725221396247
2511.0	100.0	24.39722481857499	-0.015284031729707428	-1006.2768532267023
2512.0	100.0	24.39670720244738	-0.04547492119100638	-1006.2850535760253
2513.0	100.0	24.396519500676643	-0.015134670483842726	-1006.2894964216216
2514.0	100.0	24.396003470172662	-0.045162696524278144	-1006.2977607636435
2515.0	100.0	24.39581739225307	-0.015004118732223902	-1006.3021029924073
2516.0	100.0	24.39530560155119	-0.04487558100529773	-1006.3102962496562
2517.0	100.0	24.395120442974786	-0.014931391164202532	-1006.3145594892882
2518.0	100.0	24.39460952035729	-0.04453882730172336	-1006.3229774261181
2519.0	100.0	24.3944259171566	-0.01481454276119575	-1006.3272546006558
2520.0	100.0	24.393919044267864	-0.04425373102864835	-1006.3353031546294
2521.0	100.0	24.393735592506143	-0.014721901638822019	-1006.3396268311426
2522.0	100.0	24.393231418236194	-0.04392766759510487	-1006.3478611055773
2523.0	100.0	24.39304812438791	-0.014622952580682426	-1006.3521566579495
2524.0	100.0	24.39254749036761	-0.04364061975816934	-1006.3602224943218
2525.0	100.0	24.39236548876018	-0.014526979486659564	-1006.3644544387664
2526.0	100.0	24.39186726933588	-0.04335773420620113	-1006.3725830334483
2527.0	100.0	24.39168652429281	-0.01441743941245167	-1006.3768399741347
2528.0	100.0	24.391190925703604	-0.0430611902837035	-1006.3848032134138
2529.0	100.0	24.391011514442592	-0.01432370243293038	-1006.3890436697234
2530.0	100.0	24.39051860816736	-0.04275475059675527	-1006.3970807173184
2531.0	100.0	24.39033795551441	-0.014227011346450442	-1006.4012140886565
2532.0	100.0	24.389848236213545	-0.042450834110688326	-1006.4093002910151
2533.0	100.0	24.389669811968382	-0.014149577275934046	-1006.4134908676901
2534.0	100.0	24.389183147177665	-0.04215912195963789	-1006.421347431173
2535.0	100.0	24.38900616235011	-0.014012360487932248	-1006.4255784943841
2536.0	100.0	24.388521502633353	-0.041910357503591664	-1006.4333620581199
2537.0	100.0	24.388345620814107	-0.013937477627559465	-1006.4376914565997
2538.0	100.0	24.387863836170496	-0.0416169561783339	-1006.4455384307026
2539.0	100.0	24.38768797906445	-0.01384455360357281	-1006.4497096129351
2540.0	100.0	24.387208434731473	-0.04134904088724698	-1006.4575638187519
2541.0	100.0	24.387034648698165	-0.013740942515487142	-1006.4617930268402
2542.0	100.0	24.38655747371919	-0.041043010556536384	-1006.4695949436804
2543.0	100.0	24.386384372365015	-0.013660005207316984	-1006.4736671404825
2544.0	100.0	24.385910624853715	-0.040736444139521905	-1006.4814343307957
2545.0	100.0	24.385737709568293	-0.013556166561239041	-1006.485571031708
2546.0	100.0	24.385266755681307	-0.040491568851414195	-1006.4933565817388
2547.0	100.0	24.385094632643778	-0.013481762704318874	-1006.4974713499378
2548.0	100.0	24.384626126789783	-0.04020691458672034	-1006.5051200213125
2549.0	100.0	24.384455319457462	-0.013384877035640971	-1006.5092280244762
2550.0	100.0	24.38398927315984	-0.039943929549318205	-1006.5169805945676
2551.0	100.0	24.383819711387684	-0.013253187011780418	-1006.5210090422681
2552.0	100.0	24.38335626248844	-0.03972110589440434	-1006.5287909382271
2553.0	100.0	24.383186591081127	-0.013211223652661714	-1006.5328274590014
2554.0	100.0	24.38272657695755	-0.03938913781225289	-1006.5404820372839
2555.0	100.0	24.382557425741947	-0.013131120838511518	-1006.544631236965
2556.0	100.0	24.382099433425456	-0.039118128504686635	-1006.5519170517758
2557.0	100.0	24.381931878188183	-0.013027068509168394	-1006.5560185788607
2558.0	100.0	24.381476348976356	-0.03888416486402704	-1006.5636505718386
2559.0	100.0	24.381310935995106	-0.012939702606093697	-1006.5677961794725
2560.0	100.0	24.38085670797256	-0.03859285096995473	-1006.5753207539369
2561.0	100.0	24.38069287479554	-0.012843147807763003	-1006.5791357157401
2562.0	100.0	24.38024145309683	-0.038347250294457735	-1006.5865552269179
2563.0	100.0	24.38007826635251	-0.012786578959216886	-1006.590636842086
2564.0	100.0	24.379628283603786	-0.03810413646625858	-1006.5981334759307
2565.0	100.0	24.379466099034243	-0.01265839319977474	-1006.6021785610975
2566.0	100.0	24.379019553050046	-0.037890756149870565	-1006.6096481317339
2567.0	100.0	24.378857235584803	-0.012555872778712096	-1006.6134802052842
2568.0	100.0	24.37841298309733	-0.037567518651669685	-1006.6209576688791
2569.0	100.0	24.378252347703583	-0.012502033857401458	-1006.6250199231862
2570.0	100.0	24.377812391570995	-0.037351499287941785	-1006.6322208801079
2571.0	100.0	24.377651806030684	-0.012424667201074225	-1006.6362423682085
2572.0	100.0	24.37721350105931	-0.03709264642727278	-1006.6435774625726
2573.0	100.0	24.377053304150095	-0.012372531151677182	-1006.6475196295903
2574.0	100.0	24.376617733006807	-0.036820470936742074	-1006.6549148159866
2575.0	100.0	24.37645774532186	-0.012232011584714179	-1006.6587853995597
2576.0	100.0	24.376024570006443	-0.03658273499086869	-1006.666129737798
2577.0	100.0	24.375866791364327	-0.012186762575990105	-1006.67005797514
2578.0	100.0	24.375437008526248	-0.03635812167327415	-1006.6772641492621
2579.0	100.0	24.375279687983994	-0.012060908529859204	-1006.6812183943473
2580.0	100.0	24.374851533053636	-0.036136463054498205	-1006.6884371627439
2581.0	100.0	24.374695055901263	-0.01200219693917926	-1006.6923037757962
2582.0	100.0	24.374268711445954	-0.03587077549512403	-1006.6995112293063
2583.0	100.0	24.374113565127384	-0.011952268835381056	-1006.7033541229835
2584.0	100.0	24.37368937132351	-0.03561178441926421	-1006.710512832244
2585.0	100.0	24.37353443470871	-0.011859836920689386	-1006.714406686186
2586.0	100.0	24.373114281175695	-0.035369124257288054	-1006.721484512177
2587.0	100.0	24.372960291967956	-0.011768149546869713	-1006.7252999448046
2588.0	100.0	24.372542821927436	-0.03512607449818	-1006.7325691184443
2589.0	100.0	24.372389942500924	-0.011735810973104372	-1006.7363236820345
2590.0	100.0	24.371972730704282	-0.03489313310424794	-1006.7434744780435
2591.0	100.0	24.371821108514347	-0.011613246525386712	-1006.7472511739061
2592.0	100.0	24.371407233192137	-0.034668112908797906	-1006.7543114759509
2593.0	100.0	24.37125552704158	-0.011530334066163906	-1006.7580589427488
2594.0	100.0	24.370844502161003	-0.03448545600068135	-1006.7652390814826
2595.0	100.0	24.370694345055966	-0.011478144017051526	-1006.7688000027782
2596.0	100.0	24.370284754195982	-0.03418893259874505	-1006.7759160001923
2597.0	100.0	24.37013524454843	-0.011403522265779153	-1006.7797882943435
2598.0	100.0	24.36972890033168	-0.03399365119473098	-1006.7866603178162
2599.0	100.0	24.369579023792785	-0.01133288438871687	-1006.790419863083
2600.0	100.0	24.369175756665424	-0.03375516825352068	-1006.7973946702355
2601.0	100.0	24.369027951499017	-0.01123289520098012	-1006.8011347515974
2602.0	100.0	24.36862569770244	-0.033545205917866965	-1006.8080516507996
2603.0	100.0	24.368478623374664	-0.0111609358231662	-1006.8117332008311
2604.0	100.0	24.368080086610025	-0.03332344174386097	-1006.8187291135248
2605.0	100.0	24.3679326561397	-0.011092675047568596	-1006.8223896801692
2606.0	100.0	24.3675357615079	-0.033104228653745155	-1006.8292212511926
2607.0	100.0	24.36738961090094	-0.011033048179244479	-1006.832999869346
2608.0	100.0	24.366994925430078	-0.03283604083911173	-1006.8399027024508
2609.0	100.0	24.366849873577813	-0.010971363220087155	-1006.8434542440194
2610.0	100.0	24.36645726573939	-0.03264281244414525	-1006.8503836953363
2611.0	100.0	24.366314136120792	-0.010926631487687617	-1006.8541194756268
2612.0	100.0	24.365923707031772	-0.03240248579526226	-1006.860814039001
2613.0	100.0	24.3657802993603	-0.010819872376960717	-1006.8644940648534
2614.0	100.0	24.36539319128413	-0.032256108479129984	-1006.871335346991
2615.0	100.0	24.365249192506862	-0.010732517879526886	-1006.874995886189
2616.0	100.0	24.36486511849275	-0.031988296475887475	-1006.8817180987648
2617.0	100.0	24.3647231303074	-0.01065543692077097	-1006.8851926967692
2618.0	100.0	24.364339781325274	-0.03182063033865362	-1006.8920353906691
2619.0	100.0	24.364198420419633	-0.010569008312427236	-1006.895513891827
2620.0	100.0	24.36381855098552	-0.031654951355708325	-1006.9023055297467
2621.0	100.0	24.363676464389382	-0.010447628266104136	-1006.9059444261989
2622.0	100.0	24.36329813895138	-0.03145131313732023	-1006.9125658352848
2623.0	100.0	24.36315911349068	-0.010407028950545292	-1006.9162350574532
2624.0	100.0	24.362783208316667	-0.0312146511804586	-1006.9228401479285
2625.0	100.0	24.362643524695997	-0.010394783397808418	-1006.926422804408
2626.0	100.0	24.362269521254003	-0.03094821652261661	-1006.9329474635516
2627.0	100.0	24.362131577885975	-0.010326085884933741	-1006.9366358010259
2628.0	100.0	24.361760383439712	-0.030736820343675444	-1006.943205200107
2629.0	100.0	24.361622652238044	-0.010272235203575964	-1006.9466224725429
2630.0	100.0	24.36125302809994	-0.0305859583187219	-1006.9532936432009
2631.0	100.0	24.36111576724558	-0.010178065612356327	-1006.956850129193
2632.0	100.0	24.36074867145107	-0.030368836971154212	-1006.9634112924975
2633.0	100.0	24.360613015208465	-0.010113038255688038	-1006.96679645928
2634.0	100.0	24.360247076104006	-0.03015444441632256	-1006.9734964134083
2635.0	100.0	24.36011360551427	-0.010043115534018179	-1006.9768485308552
2636.0	100.0	24.359750021601457	-0.029955366430507214	-1006.9834742673686
2637.0	100.0	24.35961440542223	-0.010013114296066723	-1006.9869763498812
2638.0	100.0	24.35925456895752	-0.029774926923660426	-1006.9933362246394
2639.0	100.0	24.35912154154311	-0.009913692799801543	-1006.9969137292035
2640.0	100.0	24.358761010909173	-0.029596797043002155	-1007.0033517287143
2641.0	100.0	24.35862905577933	-0.009848941933048078	-1007.0067927944156
2642.0	100.0	24.35827311709357	-0.02938692538317342	-1007.0133312602957
2643.0	100.0	24.358140606029046	-0.009772149356864686	-1007.0165832443712
2644.0	100.0	24.35778585413342	-0.029213191216739636	-1007.0230594974877
2645.0	100.0	24.35765559023207	-0.009689121799626065	-1007.0264358678331
2646.0	100.0	24.357303631906618	-0.029029102147158325	-1007.0329604070048
2647.0	100.0	24.357171851104578	-0.009663345183801578	-1007.0363996930256
2648.0	100.0	24.356822156619103	-0.028825256307511957	-1007.0427290265154
2649.0	100.0	24.356693121048906	-0.009573920578456711	-1007.0461074818026
2650.0	100.0	24.356343439696484	-0.028614728249529025	-1007.0524379133582
2651.0	100.0	24.356215429784488	-0.009529547423483251	-1007.0559177832347
2652.0	100.0	24.35586913888813	-0.02849308525398592	-1007.0620992192273
2653.0	100.0	24.35574174168052	-0.009433863795079944	-1007.0654255246574
2654.0	100.0	24.35539663967467	-0.028263279376444385	-1007.0718018291876
2655.0	100.0	24.355269800317004	-0.009411869117333677	-1007.0752385476828
2656.0	100.0	24.354928090593003	-0.028061519260610374	-1007.0813844414937
2657.0	100.0	24.354800384690694	-0.009372558607942642	-1007.0847577979521
2658.0	100.0	24.35446031680442	-0.02786569999279288	-1007.091064637283
2659.0	100.0	24.354334462431222	-0.009267668194729127	-1007.094348734445
2660.0	100.0	24.353997357687597	-0.027697667118495674	-1007.1005627927232
2661.0	100.0	24.353871783814196	-0.009265969600850264	-1007.1039350550857
2662.0	100.0	24.353536729839632	-0.02753302865628828	-1007.1101159166311
2663.0	100.0	24.353411605220714	-0.009133880262321058	-1007.1133970369253
2664.0	100.0	24.353078369942367	-0.02735639490739567	-1007.1194638099463
2665.0	100.0	24.352953713551507	-0.009141961683160608	-1007.1228654744214
2666.0	100.0	24.352623516287654	-0.027161004195139022	-1007.1291161871246
2667.0	100.0	24.352500036188307	-0.00903728033504451	-1007.13234834022
2668.0	100.0	24.35216998601269	-0.026966257549283088	-1007.1384711450435
2669.0	100.0	24.352046372534545	-0.008996443988389351	-1007.1417772390713
2670.0	100.0	24.351719340767055	-0.02679653861258374	-1007.147974953393
2671.0	100.0	24.35159835447805	-0.008947731148316575	-1007.1511136884694
2672.0	100.0	24.351273684484735	-0.026646464354604105	-1007.1572689969049
2673.0	100.0	24.3511513693764	-0.008876026082041985	-1007.1605713972411
2674.0	100.0	24.350828630239853	-0.026474352108294668	-1007.1665717421721
2675.0	100.0	24.35070785672134	-0.008817375683394912	-1007.1697895434631
2676.0	100.0	24.35038678460019	-0.026299483390301536	-1007.1757866716584
2677.0	100.0	24.35026708439453	-0.008750527414152307	-1007.1790879041547
2678.0	100.0	24.349947475717382	-0.02615571868460294	-1007.1850549108154
2679.0	100.0	24.349827967569915	-0.008659928483588054	-1007.1883695530937
2680.0	100.0	24.349511951567827	-0.025968321268973076	-1007.1943261600838
2681.0	100.0	24.34939179762194	-0.008644341857092853	-1007.197508817708
2682.0	100.0	24.349076955039965	-0.025776749223922563	-1007.203485449629
2683.0	100.0	24.348958341802867	-0.008633614274069822	-1007.2066500404761
2684.0	100.0	24.348645583822222	-0.02563492496852131	-1007.212705274751
2685.0	100.0	24.348528328069985	-0.008500413270520592	-1007.2157937881123
2686.0	100.0	24.348216645502852	-0.025508078190167937	-1007.2216606638765
2687.0	100.0	24.348099876452554	-0.008460177746725273	-1007.2248354356537
2688.0	100.0	24.34779008514457	-0.025274943552820048	-1007.2307279323439
2689.0	100.0	24.347675121057225	-0.008430686572459455	-1007.2338788317978
2690.0	100.0	24.347368298800987	-0.025149365570422282	-1007.2397913886836
2691.0	100.0	24.347252623548496	-0.008347219313891674	-1007.2429843092747
2692.0	100.0	24.34694706781874	-0.024958357532102758	-1007.2488392812377
2693.0	100.0	24.346831992716634	-0.008292825767290003	-1007.2519758410531
2694.0	100.0	24.346527695686618	-0.024818928113488757	-1007.2577742063058
2695.0	100.0	24.3464144405789	-0.008291304923854301	-1007.2610476749642
2696.0	100.0	24.346112292615206	-0.02464398007351508	-1007.2667768561068
2697.0	100.0	24.345998804951634	-0.008224414924408218	-1007.2698241041305
2698.0	100.0	24.345699239532554	-0.024457023200979828	-1007.2756604444876
2699.0	100.0	24.345586894447923	-0.008159396274544269	-1007.2788110568711
2700.0	100.0	24.345289082111687	-0.024342502799361048	-1007.284582945875
2701.0	100.0	24.34517738782078	-0.008109717639704963	-1007.2876491367724
2702.0	100.0	24.344880867336503	-0.02413201340919709	-1007.2932908156494
2703.0	100.0	24.344768693053346	-0.008085594820582895	-1007.2965034528854
2704.0	100.0	24.344476028952215	-0.02401387314441743	-1007.3021631592688
2705.0	100.0	24.344364533355925	-0.008009648756839929	-1007.3053635073788
2706.0	100.0	24.344073468463332	-0.023842778323013757	-1007.3109770121353
2707.0	100.0	24.343962235124955	-0.007959811639562442	-1007.3140288879381
2708.0	100.0	24.343672105497113	-0.023717734984996915	-1007.3195880851166
2709.0	100.0	24.343562869891525	-0.007900625595924202	-1007.3226671216869
2710.0	100.0	24.343273727105274	-0.023570492258487754	-1007.3284097472695
2711.0	100.0	24.343164677117507	-0.007836295584675612	-1007.3315204871309
2712.0	100.0	24.34287842874063	-0.023382726689882873	-1007.3370219110857
2713.0	100.0	24.342770998827735	-0.007786934885231224	-1007.339984990448
2714.0	100.0	24.34248613845667	-0.02331044828571287	-1007.3456568735738
2715.0	100.0	24.34237799898542	-0.007716243790658987	-1007.3488005712743
2716.0	100.0	24.342094758561263	-0.023121499782412833	-1007.3541717765386
2717.0	100.0	24.341987688146737	-0.007683416020387525	-1007.3573035817482
2718.0	100.0	24.34170777199389	-0.022956621810556004	-1007.3628787252153
2719.0	100.0	24.34160014737166	-0.007639187151449203	-1007.3658910801628
2720.0	100.0	24.341321245198845	-0.022834969181206123	-1007.3714223291759
2721.0	100.0	24.34121491191745	-0.007578413469026045	-1007.3744028144321
2722.0	100.0	24.340937792335268	-0.022658964699807407	-1007.3799317093375
2723.0	100.0	24.340833635569933	-0.007569141681231308	-1007.3829723409381
2724.0	100.0	24.34055709766769	-0.02252196737160085	-1007.3884315661523
2725.0	100.0	24.34045248251318	-0.007483517559649264	-1007.3913893904466
2726.0	100.0	24.340178128938316	-0.022413925683486415	-1007.3968699545484
2727.0	100.0	24.340074846019256	-0.007469903151253398	-1007.399828943759
2728.0	100.0	24.339802639796932	-0.022203056053448918	-1007.4053365956681
2729.0	100.0	24.339698960098705	-0.007417407775662334	-1007.4081803670889
2730.0	100.0	24.339429559218434	-0.022039590830963716	-1007.4136691967371
2731.0	100.0	24.339324647380497	-0.007402033270430822	-1007.4167230070138
2732.0	100.0	24.33905626876978	-0.021935117954657194	-1007.4220415124539
2733.0	100.0	24.338954639107737	-0.007312021033610026	-1007.4249900660027
2734.0	100.0	24.338688495720202	-0.021799134225556443	-1007.4302951688114
2735.0	100.0	24.338586884095797	-0.007260449918089892	-1007.433279629351
2736.0	100.0	24.3383221274235	-0.021658985857364827	-1007.4386619423965
2737.0	100.0	24.33822088486956	-0.007226903235486077	-1007.4414460301282
2738.0	100.0	24.33795765472265	-0.021510285693939153	-1007.4468232912242
2739.0	100.0	24.337856460291036	-0.007243612821611887	-1007.4498244901088
2740.0	100.0	24.337595481010233	-0.021349534518216345	-1007.4550378873387
2741.0	100.0	24.337495570067045	-0.007162734078613989	-1007.4581156460403
2742.0	100.0	24.337235614327916	-0.021232632770394694	-1007.4632551436354
2743.0	100.0	24.33713684097077	-0.0070753440754643075	-1007.4663128053205
2744.0	100.0	24.336878480318493	-0.021114473769244472	-1007.4714292010539
2745.0	100.0	24.33677991398729	-0.007026055921450755	-1007.4743476410002
2746.0	100.0	24.33652400943595	-0.02102446068423711	-1007.4796116963274
2747.0	100.0	24.336424596889117	-0.007005127682618051	-1007.4824817311395
2748.0	100.0	24.336170470320667	-0.02084039280200043	-1007.4877710852163
2749.0	100.0	24.336072638897594	-0.006914333667115562	-1007.4905274021089
2750.0	100.0	24.33582012751076	-0.020767102139072922	-1007.4958864271473
2751.0	100.0	24.335723610819468	-0.006908119257788965	-1007.4987139590643
2752.0	100.0	24.335471527336104	-0.020557909351469256	-1007.5038503894593
2753.0	100.0	24.335374835628524	-0.0068580549813723095	-1007.5067450491322
2754.0	100.0	24.33512563453494	-0.020436215102982325	-1007.5119412564791
2755.0	100.0	24.33503055519812	-0.0068757120348215085	-1007.5146619992952
2756.0	100.0	24.33478285708341	-0.020306069798309335	-1007.5199463268707
2757.0	100.0	24.33468620177311	-0.0067570887940974905	-1007.5226615795257
2758.0	100.0	24.334441069424482	-0.02019351323781432	-1007.5277424907609
2759.0	100.0	24.334346290610004	-0.006761188996078865	-1007.5306290741912
2760.0	100.0	24.33410061207089	-0.02005560336918987	-1007.5358250061017
2761.0	100.0	24.334006613003965	-0.006679847876605666	-1007.538593333551
2762.0	100.0	24.333764277265708	-0.019959632890445052	-1007.5436974187659
2763.0	100.0	24.33366955848992	-0.00663924803819019	-1007.5464694267101
2764.0	100.0	24.333429403074305	-0.019796216867953107	-1007.5515469334318
2765.0	100.0	24.333336332365707	-0.0065901910044380806	-1007.5543842336733
2766.0	100.0	24.333096515108128	-0.01971353501953081	-1007.5593638639212
2767.0	100.0	24.333003837670255	-0.006565248507062439	-1007.5622218022144
2768.0	100.0	24.33276550527352	-0.019598478815175974	-1007.5671479508708
2769.0	100.0	24.332674004458887	-0.006469900687869244	-1007.5699500425395
2770.0	100.0	24.332436770900554	-0.0194314287310246	-1007.5750237426062
2771.0	100.0	24.332344452478175	-0.006503312152797742	-1007.5777107339139
2772.0	100.0	24.3321115883372	-0.01931389486970992	-1007.5826784280837
2773.0	100.0	24.332019736210658	-0.0063975650676150984	-1007.5854816460039
2774.0	100.0	24.331786929583757	-0.019238552488679925	-1007.5904370126009
2775.0	100.0	24.331696153078504	-0.0063728355818447316	-1007.5932620404352
2776.0	100.0	24.33146435311094	-0.019072907963497584	-1007.5982143199815
2777.0	100.0	24.331374675644394	-0.006393956670920376	-1007.6008102422144
2778.0	100.0	24.33114518561397	-0.018931805936782373	-1007.6058559185132
2779.0	100.0	24.331055910353612	-0.00632706925470893	-1007.6084620503558
2780.0	100.0	24.330827212334718	-0.018823372794953063	-1007.6133824259591
2781.0	100.0	24.330738552967492	-0.006284678681190698	-1007.6161883506816
2782.0	100.0	24.330511269010906	-0.018673334859979223	-1007.6210881341859
2783.0	100.0	24.330422789545768	-0.0062871717280913435	-1007.623771778867
2784.0	100.0	24.330197361884142	-0.018562157396319827	-1007.6286118332927
2785.0	100.0	24.33011130347619	-0.00622760968450596	-1007.6313841817931
2786.0	100.0	24.329886355397324	-0.018449897586543695	-1007.6361609684855
2787.0	100.0	24.32979943467608	-0.006194446608892422	-1007.6388394123338
2788.0	100.0	24.32957671839484	-0.018301258257721602	-1007.6437836360849
2789.0	100.0	24.3294910770891	-0.00616591334608108	-1007.6464687098709
2790.0	100.0	24.32927015901751	-0.018244934257920727	-1007.6512357481706
2791.0	100.0	24.32918417463361	-0.006073648336285911	-1007.653867195939
2792.0	100.0	24.328964946129727	-0.018115594287799814	-1007.6587578171811
2793.0	100.0	24.328878677073295	-0.0060200936396473574	-1007.6613212651248
2794.0	100.0	24.328662157629775	-0.01804078082907022	-1007.6660745652337
2795.0	100.0	24.328577205994417	-0.006016277393885727	-1007.6687485813146
2796.0	100.0	24.328360871432267	-0.017895589625434968	-1007.6736227214052
2797.0	100.0	24.328276451364477	-0.005953712547231004	-1007.6761815935736
2798.0	100.0	24.32806107083367	-0.017812190398313353	-1007.6810439351949
2799.0	100.0	24.32797659551203	-0.005896023505659243	-1007.6835880864315
2800.0	100.0	24.32776349481245	-0.017701568703846052	-1007.6883346242984
2801.0	100.0	24.327681025476124	-0.005888057463309775	-1007.6908796700213
2802.0	100.0	24.32746905523775	-0.017555461984233408	-1007.6956665685348
2803.0	100.0	24.32738547142309	-0.005883964799459546	-1007.6982877870411
2804.0	100.0	24.32717571250748	-0.017429802600435598	-1007.703043521204
2805.0	100.0	24.32709253140084	-0.005806851846445027	-1007.7056481495144
2806.0	100.0	24.326884396694616	-0.01733225114108878	-1007.7101524989793
2807.0	100.0	24.326802560704763	-0.005808366552964938	-1007.7128009588374
2808.0	100.0	24.326594725922376	-0.01723930427986384	-1007.7173499119656
2809.0	100.0	24.326514071748914	-0.005737410593333692	-1007.7200098575851
2810.0	100.0	24.326307939374313	-0.017149121438618554	-1007.7246927325663
2811.0	100.0	24.32622668499805	-0.005702466639713768	-1007.7273008533291
2812.0	100.0	24.326022980648514	-0.016990530244525254	-1007.7320030984077
2813.0	100.0	24.325942153891344	-0.005656413209680046	-1007.7345425694098
2814.0	100.0	24.325739411180603	-0.016912032549962548	-1007.7390732755956
2815.0	100.0	24.325659556242037	-0.005642659097284892	-1007.7416042298635
2816.0	100.0	24.325457621514165	-0.01683590004145944	-1007.7463439262948
2817.0	100.0	24.325379269233633	-0.005572255116491823	-1007.748773408969
2818.0	100.0	24.325178280966696	-0.01669191720252072	-1007.7533578571151
2819.0	100.0	24.32509957101941	-0.005576931507924631	-1007.7558991575027
2820.0	100.0	24.324900929893055	-0.016623634721941626	-1007.7605133975522
2821.0	100.0	24.32482221093169	-0.005497325089447928	-1007.7629872312622
2822.0	100.0	24.324624949609483	-0.016479940901031224	-1007.7674966823631
2823.0	100.0	24.324546863349866	-0.0055087085176307934	-1007.7699595761846
2824.0	100.0	24.324350623852958	-0.01637377420667813	-1007.7745615571971
2825.0	100.0	24.324273663146222	-0.005481410219825126	-1007.7770356323122
2826.0	100.0	24.32407956503424	-0.016284845591247044	-1007.781575313436
2827.0	100.0	24.324002748924325	-0.005420867393350025	-1007.7840045189437
2828.0	100.0	24.323809528781947	-0.01619063202855427	-1007.7886342397237
2829.0	100.0	24.32373262896823	-0.005367586232063947	-1007.7910442122258
2830.0	100.0	24.323541193770172	-0.016094044890598735	-1007.7955360710323
2831.0	100.0	24.323465068853444	-0.005374545917476209	-1007.7979788839864
2832.0	100.0	24.323276116651318	-0.01598549922621894	-1007.8024234726649
2833.0	100.0	24.323199802079746	-0.00526001632165422	-1007.8048763397336
2834.0	100.0	24.323011547076455	-0.01592090862648046	-1007.8094126436856
2835.0	100.0	24.322936455283394	-0.005271158601220606	-1007.8118588811107
2836.0	100.0	24.3227492862904	-0.015810659733492154	-1007.8162676794033
2837.0	100.0	24.32267365239199	-0.005230638649018182	-1007.8187674992785
2838.0	100.0	24.32248798679104	-0.0156928192495639	-1007.8230457176726
2839.0	100.0	24.32241311065534	-0.005207599077783674	-1007.8255773345556
2840.0	100.0	24.322229335748794	-0.015625704800785168	-1007.8300410226099
2841.0	100.0	24.322155827995523	-0.005180670811936188	-1007.8324401577634
2842.0	100.0	24.3219718621441	-0.015479941754763152	-1007.8367449378653
2843.0	100.0	24.321899077314477	-0.005138347239339459	-1007.8391641875963
2844.0	100.0	24.32171686022868	-0.015415128982245651	-1007.8434895410967
2845.0	100.0	24.321644288254383	-0.005117562176265548	-1007.8459426403163
2846.0	100.0	24.321462338680146	-0.015266836378482697	-1007.8502598892774
2847.0	100.0	24.321390565938827	-0.00510955796920862	-1007.8526037828422
2848.0	100.0	24.321210954021787	-0.015198898960847236	-1007.856935588055
2849.0	100.0	24.32114064839819	-0.0050619880933372805	-1007.8593867195295
2850.0	100.0	24.32096214986734	-0.015128089525409541	-1007.8636802103663
2851.0	100.0	24.320889775504185	-0.004993026707586735	-1007.8661083868575
2852.0	100.0	24.32071430550893	-0.015014453648498705	-1007.8703833663044
2853.0	100.0	24.320641910567545	-0.004992172495245897	-1007.8727711230181
2854.0	100.0	24.320467392355315	-0.014906680051580124	-1007.876997229922
2855.0	100.0	24.32039623918097	-0.005006527478444213	-1007.8793820925652
2856.0	100.0	24.320223081415772	-0.014823503943917698	-1007.8837180208353
2857.0	100.0	24.320153185023415	-0.004933522611962284	-1007.8860105475293
2858.0	100.0	24.319980204895792	-0.014689804360274087	-1007.8903550566713
2859.0	100.0	24.319911197857337	-0.004929621688724596	-1007.8926811678552
2860.0	100.0	24.319738163712117	-0.01461339835996366	-1007.8968733579267
2861.0	100.0	24.319669998128315	-0.0048855992954186965	-1007.8992061249583
2862.0	100.0	24.31949943004321	-0.014537799577439985	-1007.9035360937258
2863.0	100.0	24.319429633223198	-0.0048674877906539	-1007.9058586613926
2864.0	100.0	24.31926251304602	-0.014449433280840675	-1007.9099658656359
2865.0	100.0	24.319192469955812	-0.004794077278477958	-1007.91239213844
2866.0	100.0	24.31902669975671	-0.014380646995823563	-1007.9164151629373
2867.0	100.0	24.318957947275685	-0.004763161881876591	-1007.9189056597847
2868.0	100.0	24.318791178428164	-0.01426118670493756	-1007.9229326124284
2869.0	100.0	24.31872465054844	-0.004771197517364533	-1007.925295878014
2870.0	100.0	24.31855884489305	-0.014201971129931969	-1007.9294085760753
2871.0	100.0	24.31849299294764	-0.004707153283586524	-1007.9317014665343
2872.0	100.0	24.31832742759414	-0.014109014307553059	-1007.9358927321496
2873.0	100.0	24.318262579105372	-0.0046814712316983805	-1007.9380769885796
2874.0	100.0	24.318099870767465	-0.014008111701102935	-1007.942371316047
2875.0	100.0	24.318032849410052	-0.004680282333823179	-1007.9446115482733
2876.0	100.0	24.31787118069911	-0.013879196416020872	-1007.9487284310732
2877.0	100.0	24.31780697262873	-0.004655494380161738	-1007.950884105377
2878.0	100.0	24.317645914177447	-0.013790752222436758	-1007.9550298583791
2879.0	100.0	24.31758136012649	-0.004638474078924325	-1007.957213983018
2880.0	100.0	24.31742164100351	-0.013777745991714779	-1007.9613381547686
2881.0	100.0	24.317357399457023	-0.004562837879553613	-1007.9635844297053
2882.0	100.0	24.317199092906005	-0.013650151463645128	-1007.967661989103
2883.0	100.0	24.317134782314294	-0.004522499442802335	-1007.9699613758966
2884.0	100.0	24.31697964740053	-0.013609006654805744	-1007.9739634294082
2885.0	100.0	24.316914484970653	-0.004518502515577461	-1007.976282039552
2886.0	100.0	24.316759384704387	-0.013474079964411353	-1007.9803052170557
2887.0	100.0	24.316695997833065	-0.004496625838635316	-1007.9825121347147
2888.0	100.0	24.31654206173397	-0.01343262710396842	-1007.9864359043197
2889.0	100.0	24.31647838687311	-0.004425502529689086	-1007.9887574061438
2890.0	100.0	24.316325415657474	-0.013364037428641968	-1007.9926599555127
2891.0	100.0	24.31626433459996	-0.004423419167180632	-1007.9947980953093
2892.0	100.0	24.316111592316794	-0.01322524841169582	-1007.9988335187103
2893.0	100.0	24.316049019367334	-0.0044027882197287226	-1008.0011229363089
2894.0	100.0	24.315899218856618	-0.013138296958632863	-1008.0051039317017
2895.0	100.0	24.315837365161144	-0.004447411317629265	-1008.0073289321557
2896.0	100.0	24.315687397374546	-0.013021972748937322	-1008.0111925187301
2897.0	100.0	24.315625553103022	-0.004353656535423803	-1008.0134754944346
2898.0	100.0	24.315477588517233	-0.013024380535976297	-1008.0173559397438
2899.0	100.0	24.31541721022347	-0.004292990228269164	-1008.0196040410497
2900.0	100.0	24.315270003169303	-0.012908644923731684	-1008.0233467239834
2901.0	100.0	24.315209209565843	-0.004320264262181555	-1008.025650133133
2902.0	100.0	24.31506434611509	-0.012827596298179575	-1008.0294553461698
2903.0	100.0	24.31500419534892	-0.004284593180571162	-1008.0317193458246
2904.0	100.0	24.314858365946087	-0.012763368405961506	-1008.0356510969463
2905.0	100.0	24.314798570138155	-0.004222892546286087	-1008.0376965436892
2906.0	100.0	24.314656130614946	-0.012669125932900446	-1008.0415929512889
2907.0	100.0	24.314595818171718	-0.004252764851401275	-1008.0438165160949
2908.0	100.0	24.314454989094482	-0.012567375307433551	-1008.0477487693603
2909.0	100.0	24.314395552753837	-0.004248085737238736	-1008.049934099922
2910.0	100.0	24.314253111530707	-0.012466149821561485	-1008.0536081797721
2911.0	100.0	24.314194518660656	-0.004184465028220592	-1008.0558719451084
2912.0	100.0	24.314055413832634	-0.012430513310838477	-1008.0595178688516
2913.0	100.0	24.313996100739562	-0.0041404615217834765	-1008.0618191388264
2914.0	100.0	24.31385767895608	-0.012341334734067429	-1008.0655688033438
2915.0	100.0	24.313799843266978	-0.0041212167982393666	-1008.0677022707011
2916.0	100.0	24.31366173829238	-0.012279590321659789	-1008.0714712906339
2917.0	100.0	24.31360444267262	-0.004072389843312118	-1008.0736515542636
2918.0	100.0	24.313467702988863	-0.01223794218559609	-1008.0775861082215
2919.0	100.0	24.3134099439008	-0.004027101266308282	-1008.0794048780755
2920.0	100.0	24.31327501612387	-0.0121441274230921	-1008.0831859045437
2921.0	100.0	24.313218743284388	-0.00408512698604438	-1008.0854232808737
2922.0	100.0	24.31308385305207	-0.012005509190135136	-1008.0892381753904
2923.0	100.0	24.313027395922617	-0.004014897790865002	-1008.0913310510662
2924.0	100.0	24.312894747835365	-0.012026967585545015	-1008.0950701829062
2925.0	100.0	24.312838093962196	-0.003933412027905076	-1008.097064463032
2926.0	100.0	24.31270585927706	-0.011896734670619795	-1008.1008169645971
2927.0	100.0	24.31265129168015	-0.004012928151021569	-1008.1029621430403
2928.0	100.0	24.31251932813807	-0.011796732965136381	-1008.1065034686201
2929.0	100.0	24.31246406344409	-0.003973445777855587	-1008.1086421709003
2930.0	100.0	24.312334441316498	-0.011757891472642733	-1008.1123888179529
2931.0	100.0	24.31227956508212	-0.003885482785467751	-1008.1144077025396
2932.0	100.0	24.312150573181235	-0.011717208004634567	-1008.1180214670885
2933.0	100.0	24.312096352645213	-0.003889447558369248	-1008.1202373847203
2934.0	100.0	24.311967623532126	-0.01156475013989603	-1008.1238963383419
2935.0	100.0	24.311914469900653	-0.003892091198300909	-1008.12588679166
2936.0	100.0	24.311787015869477	-0.011538208197640818	-1008.129667581849
2937.0	100.0	24.31173309072059	-0.0038655032301586905	-1008.1316509222195
2938.0	100.0	24.3116079499807	-0.011453043773594157	-1008.1351206406216
2939.0	100.0	24.311553885927037	-0.00381615167004754	-1008.1373011362182
2940.0	100.0	24.311430199419245	-0.011404659917125632	-1008.1408544135852
2941.0	100.0	24.311376759815566	-0.0038033798316179563	-1008.1430371389646
2942.0	100.0	24.31125288580071	-0.01128040689391089	-1008.1464725893193
2943.0	100.0	24.311200020232235	-0.003805629111942878	-1008.1485656633905
2944.0	100.0	24.31107737463213	-0.011270027106556552	-1008.152146171881
2945.0	100.0	24.311025323378704	-0.0037185852827340306	-1008.1541376390014
2946.0	100.0	24.310904064154823	-0.011234978314618393	-1008.1577173012967
2947.0	100.0	24.310851636440297	-0.003691481259307895	-1008.1597685178069
2948.0	100.0	24.310731245960515	-0.011125643557223976	-1008.1633662521806
2949.0	100.0	24.310680185878727	-0.0036776481240533977	-1008.1653756305064
2950.0	100.0	24.310560634077184	-0.011037117071323831	-1008.1687759957539
2951.0	100.0	24.310508155291444	-0.0037005646880045495	-1008.1708639877023
2952.0	100.0	24.31039047169601	-0.010960837405660668	-1008.1745575851924
2953.0	100.0	24.310340321175307	-0.003646129629327855	-1008.1763872752383
2954.0	100.0	24.310222451300756	-0.01093099541058464	-1008.1799102904151
2955.0	100.0	24.31017199432042	-0.0036452694027439376	-1008.1818824312996
2956.0	100.0	24.310055214580906	-0.010823732629213836	-1008.1854157971984
2957.0	100.0	24.310006267350413	-0.003621443959870545	-1008.1874959943393
2958.0	100.0	24.309889228325073	-0.010766002928443902	-1008.1908280902535
2959.0	100.0	24.309840113682377	-0.003616415896303859	-1008.1928995873282
2960.0	100.0	24.30972632721345	-0.010686113969026722	-1008.1963017674035
2961.0	100.0	24.309675694944605	-0.003579446097183357	-1008.1983853621653
2962.0	100.0	24.309562463793352	-0.010615407060168133	-1008.201685963993
2963.0	100.0	24.309513927835905	-0.0035478657436820893	-1008.2036761141262
2964.0	100.0	24.309401824461602	-0.01056286566534608	-1008.2072241261279
2965.0	100.0	24.30935235484385	-0.003553637137906246	-1008.2090988106697
2966.0	100.0	24.30924091578589	-0.010497865075126588	-1008.2125368594225
2967.0	100.0	24.309192244651676	-0.003505967175951074	-1008.2145474623959
2968.0	100.0	24.309082640093244	-0.010417045337162192	-1008.2178661434145
2969.0	100.0	24.30903378541412	-0.0035176296799076137	-1008.2199220634467
2970.0	100.0	24.308924349651303	-0.010357529777552306	-1008.2232279542793
2971.0	100.0	24.30887764157181	-0.0034533518366734258	-1008.225156099396
2972.0	100.0	24.30876831008759	-0.010330156337135517	-1008.2286709701019
2973.0	100.0	24.308721319125514	-0.0034472659107756356	-1008.2303939677422
2974.0	100.0	24.30861345540211	-0.010242837066701036	-1008.2338266244345
2975.0	100.0	24.308566919703573	-0.0034030443534217563	-1008.2358385747428
2976.0	100.0	24.308460062659325	-0.010180992525412609	-1008.239145522996
2977.0	100.0	24.30841354544004	-0.0033994406291189597	-1008.2411824429582
2978.0	100.0	24.30830727620209	-0.010093752045126646	-1008.2444122711618
2979.0	100.0	24.30826108291759	-0.0033989766527850653	-1008.2464205161469
2980.0	100.0	24.30815645109578	-0.01001975711045459	-1008.249626707995
2981.0	100.0	24.30810991830017	-0.0034007626143494605	-1008.2516768181357
2982.0	100.0	24.308006527811298	-0.009981645463557759	-1008.2548412205563
2983.0	100.0	24.30796161178016	-0.003335180666751535	-1008.2567360178363
2984.0	100.0	24.307858743107257	-0.00992000372900556	-1008.260092819871
2985.0	100.0	24.30781297886829	-0.0033433762132126653	-1008.2619573600621
2986.0	100.0	24.307712566426904	-0.009839387370427515	-1008.2652380825635
2987.0	100.0	24.307666345680577	-0.003324460848227567	-1008.267222261186
2988.0	100.0	24.307564844512186	-0.009760591623672283	-1008.2705167301922
2989.0	100.0	24.307520446757888	-0.0033056592948337853	-1008.2722568705725
2990.0	100.0	24.30742091291528	-0.009748965132842216	-1008.2756837000577
2991.0	100.0	24.30737642915096	-0.003255587432555151	-1008.2774259620613
2992.0	100.0	24.307277367668007	-0.009669201678718124	-1008.2807182410758
2993.0	100.0	24.307232507713717	-0.0032260242037041283	-1008.2825898801285
2994.0	100.0	24.307133591251343	-0.009638760489066065	-1008.2858809044561
2995.0	100.0	24.30709231982956	-0.0032167783260704484	-1008.2876746979588
2996.0	100.0	24.30699407479688	-0.009558497891333383	-1008.2909418266263
2997.0	100.0	24.306950510408456	-0.003178633188247326	-1008.2927259446036
2998.0	100.0	24.306853590185245	-0.009549024501423479	-1008.2960593848362
2999.0	100.0	24.306811091495742	-0.003140122107102354	-1008.2979493856465
3000.0	100.0	24.30671666188133	-0.009466368487911008	-1008.300928598323
3001.0	100.0	24.306672775993206	-0.0031402544746308445	-1008.3029325751941
3002.0	100.0	24.306577342822955	-0.009411807907063481	-1008.306044966401
3003.0	100.0	24.306535676936765	-0.003155420249578463	-1008.3079525690199
3004.0	100.0	24.306442197595448	-0.009273270341203114	-1008.3110545337704
3005.0	100.0	24.30640060742189	-0.0031287200507952944	-1008.3128775763681
3006.0	100.0	24.306308026622037	-0.009261066414360253	-1008.3159864483246
3007.0	100.0	24.306265700498294	-0.0031279251165968677	-1008.3178583093816
3008.0	100.0	24.306174496242985	-0.009197025444435932	-1008.321007397167
3009.0	100.0	24.30613311835194	-0.0030753479796232913	-1008.3227922341317
3010.0	100.0	24.306041781834416	-0.009153044180206448	-1008.3260035767144
3011.0	100.0	24.30599896559158	-0.003072743026830265	-1008.3276957948683
3012.0	100.0	24.305910044307737	-0.009101552712211497	-1008.3309321535909
3013.0	100.0	24.30586816455044	-0.0030086341974094022	-1008.3326128936776
3014.0	100.0	24.305779778614397	-0.009040870236587934	-1008.3358480742918
3015.0	100.0	24.30573994765169	-0.002988842628274766	-1008.3375785177803
3016.0	100.0	24.305650828886588	-0.009034760777539395	-1008.3406638884002
3017.0	100.0	24.305610613351433	-0.003007068864433867	-1008.342413603759
3018.0	100.0	24.305522835797117	-0.008922043695241952	-1008.345550712371
3019.0	100.0	24.305482678385964	-0.0029848183906987513	-1008.3474234911276
3020.0	100.0	24.305396765807696	-0.00890721903303209	-1008.350377779333
3021.0	100.0	24.305356474764515	-0.002937717365604836	-1008.352170814658
3022.0	100.0	24.305270383535124	-0.008817723658058605	-1008.3552841206628
3023.0	100.0	24.30523105852236	-0.0029374336720517265	-1008.3570623282135
3024.0	100.0	24.305147320211006	-0.008769186645173932	-1008.3600627713446
3025.0	100.0	24.305108205444967	-0.0029388815800190098	-1008.3618588191491
3026.0	100.0	24.305023672261918	-0.008721538003431097	-1008.3648809147261
3027.0	100.0	24.30498386235666	-0.0028926072614454995	-1008.3666162665402
3028.0	100.0	24.30490140440253	-0.008662675311540692	-1008.3695349052864
3029.0	100.0	24.304862544566987	-0.0028678623684636776	-1008.371370242886
3030.0	100.0	24.304781417010556	-0.00863440089931445	-1008.3744745106104
3031.0	100.0	24.30474239591328	-0.0028560104318490253	-1008.3761947497596
3032.0	100.0	24.304661999136513	-0.008559856049465029	-1008.3792208383226
3033.0	100.0	24.304623111216376	-0.0028791304911086036	-1008.380908169116
3034.0	100.0	24.30454223857474	-0.008452702299148684	-1008.3839334886495
3035.0	100.0	24.30450464557178	-0.002815596720219591	-1008.385624595109
3036.0	100.0	24.304424709873192	-0.008467551755176748	-1008.3886632346571
3037.0	100.0	24.30438812238851	-0.0028365116560073256	-1008.3902871805785
3038.0	100.0	24.304308568706194	-0.008386960221028633	-1008.3932059583013
3039.0	100.0	24.30427101350182	-0.002786409578060771	-1008.3948465028705
3040.0	100.0	24.304192845531574	-0.008379486192323775	-1008.3978224665376
3041.0	100.0	24.30415618177438	-0.00277219367987454	-1008.3996818801628
3042.0	100.0	24.304079476413442	-0.008280706325378997	-1008.4025163056925
3043.0	100.0	24.304043581693318	-0.002788967874066363	-1008.4042622179203
3044.0	100.0	24.30396579043162	-0.008228313846240724	-1008.4071893398699
3045.0	100.0	24.303928504644944	-0.0027148163638535156	-1008.4089332407857
3046.0	100.0	24.303852881621467	-0.008196200371795626	-1008.4118639833985
3047.0	100.0	24.303817405757208	-0.0027078767987069553	-1008.4134980871318
3048.0	100.0	24.30374241869114	-0.008170236517701837	-1008.4164893374875
3049.0	100.0	24.303706567988538	-0.002697380186197743	-1008.418212024786
3050.0	100.0	24.30363363105901	-0.008085164798860818	-1008.4210877724029
3051.0	100.0	24.303596329847704	-0.002710629174861771	-1008.4227493219701
3052.0	100.0	24.30352349519261	-0.00801185887521912	-1008.4256351911687
3053.0	100.0	24.303488755401226	-0.0027098136312514306	-1008.4271922033389
3054.0	100.0	24.30341623158569	-0.007986099238178498	-1008.4301142282625
3055.0	100.0	24.303380890380865	-0.002650045102785113	-1008.4317261734825
3056.0	100.0	24.30330971310223	-0.007918858906619147	-1008.4346556901558
3057.0	100.0	24.30327471258419	-0.0026560955677748855	-1008.4363013751315
3058.0	100.0	24.303204059979475	-0.007887692813955986	-1008.4391619739272
3059.0	100.0	24.303168869387694	-0.0026437509385511867	-1008.4407413838683
3060.0	100.0	24.303098964138083	-0.007819690948298336	-1008.4436957530922
3061.0	100.0	24.303064443428777	-0.002608031140752047	-1008.4452386790506
3062.0	100.0	24.302995249938373	-0.007798049346061864	-1008.4480613014601
3063.0	100.0	24.302962073649542	-0.002596056547807426	-1008.4498523575919
3064.0	100.0	24.30289256653848	-0.007749320323357009	-1008.4526371286883
3065.0	100.0	24.302858480834136	-0.002598888542330868	-1008.4542183436292
3066.0	100.0	24.302791032268217	-0.007682803137446327	-1008.457065473502
3067.0	100.0	24.302758367887012	-0.002553919343436341	-1008.4587965214878
3068.0	100.0	24.302691223775494	-0.007652763039880569	-1008.4613449878976
3069.0	100.0	24.302657813848676	-0.002548143574419207	-1008.4630388845793
3070.0	100.0	24.30259174541634	-0.007593595840273782	-1008.4659517330889
3071.0	100.0	24.30255855286085	-0.002568661800495159	-1008.4675112738009
3072.0	100.0	24.302492167676245	-0.007534963422613909	-1008.4702645754194
3073.0	100.0	24.30245944822931	-0.002504239799001708	-1008.4717946150628
3074.0	100.0	24.302394652384987	-0.007480777548661014	-1008.474558458055
3075.0	100.0	24.302362730269063	-0.0025327326037555826	-1008.4762059173944
3076.0	100.0	24.302298925554663	-0.007463593432568163	-1008.4789053011233
3077.0	100.0	24.302266280291285	-0.002471275619762092	-1008.4805706350212
3078.0	100.0	24.30220429573755	-0.007403619843015187	-1008.4834665515224
3079.0	100.0	24.302171652933946	-0.0024670024783651477	-1008.4848599265913
3080.0	100.0	24.30210937402668	-0.007381953331783174	-1008.4875956548201
3081.0	100.0	24.30207743763538	-0.002437596601630112	-1008.4891890142036
3082.0	100.0	24.302016017700335	-0.0073178528040674495	-1008.4919287435847
3083.0	100.0	24.301984756595306	-0.002454731926444792	-1008.4934830333269
3084.0	100.0	24.30192290536449	-0.007256233353552847	-1008.4961304729218
3085.0	100.0	24.30189264347211	-0.0024629452478080282	-1008.4979118235694
3086.0	100.0	24.301830857633746	-0.007173347018606248	-1008.5005075123257
3087.0	100.0	24.301801120772936	-0.0024191529524810714	-1008.5019336022817
3088.0	100.0	24.301741763254384	-0.007217716130199807	-1008.50464450011
3089.0	100.0	24.30171034329258	-0.0023561589255137803	-1008.5061957430426
3090.0	100.0	24.30165135270846	-0.007144989640276009	-1008.5089417848908
3091.0	100.0	24.301620664215736	-0.0023750037915597753	-1008.5105627014862
3092.0	100.0	24.301563093447545	-0.0071146311286566545	-1008.5131974110586
3093.0	100.0	24.301532636106366	-0.002366633096555219	-1008.5147298954323
3094.0	100.0	24.301475733696122	-0.007030843455697952	-1008.5174607426161
3095.0	100.0	24.301445350862565	-0.002341617359225119	-1008.5189841277721
3096.0	100.0	24.30138887699966	-0.0070261712021688705	-1008.5215976178962
3097.0	100.0	24.3013582575888	-0.0023066331818141824	-1008.523086910372
3098.0	100.0	24.30130360854343	-0.006973495329768691	-1008.5258205639708
3099.0	100.0	24.301273374410993	-0.002325918511434081	-1008.5272156541448
3100.0	100.0	24.301217787527204	-0.006889248366620557	-1008.5299914536865
3101.0	100.0	24.301188356665705	-0.002305795172678101	-1008.5315016081018
3102.0	100.0	24.301134780506203	-0.0068841819161413196	-1008.5342183381055
3103.0	100.0	24.301103996571985	-0.002303878717659635	-1008.5355940147217
3104.0	100.0	24.30105073411835	-0.006862112865016606	-1008.5382181770724
3105.0	100.0	24.301023096767636	-0.002222124541070021	-1008.5396755079657
3106.0	100.0	24.300968992314587	-0.006831625270581875	-1008.5424052553826
3107.0	100.0	24.300940664191277	-0.0022255862466859537	-1008.5437978704754
3108.0	100.0	24.30088826464517	-0.006780504575803142	-1008.5464483452972
3109.0	100.0	24.30086004965279	-0.0022353951986702207	-1008.5477358039182
3110.0	100.0	24.30080769575605	-0.006715052062251764	-1008.5503617832921
3111.0	100.0	24.30077866664045	-0.0022018325890695717	-1008.5519650118281
3112.0	100.0	24.300727575615554	-0.0066902934306194	-1008.5544796106042
3113.0	100.0	24.300700880428753	-0.0022172382168367966	-1008.5560805265752
3114.0	100.0	24.300650377563517	-0.0066406818301401925	-1008.5585453771339
3115.0	100.0	24.300621772791143	-0.00215531111911939	-1008.560076376802
3116.0	100.0	24.30057311268012	-0.0066094181439931565	-1008.5626399716442
3117.0	100.0	24.30054451492793	-0.0021974456935531053	-1008.5640769028549
3118.0	100.0	24.30049577247699	-0.006530410756316691	-1008.5665390256742
3119.0	100.0	24.300469650977753	-0.002190815139452298	-1008.5681412944452
3120.0	100.0	24.30041967201667	-0.0064860810645395485	-1008.5706010874544
3121.0	100.0	24.30039430628386	-0.0021757729898213536	-1008.5720895012606
3122.0	100.0	24.300344407983676	-0.006442883712698508	-1008.574591025257
3123.0	100.0	24.300318068085236	-0.00216857069810101	-1008.5759479407029
3124.0	100.0	24.300272048475826	-0.006407472191427514	-1008.5785730260056
3125.0	100.0	24.30024476915341	-0.0021416930159248934	-1008.5800377953348
3126.0	100.0	24.300197231285168	-0.006373201843443206	-1008.5825440124793
3127.0	100.0	24.300172462350364	-0.0021462799774878125	-1008.5840048934454
3128.0	100.0	24.30012579890355	-0.00627875860426299	-1008.5865279353667
3129.0	100.0	24.300100429508124	-0.002125359446750606	-1008.587942983748
3130.0	100.0	24.300055271966745	-0.0063055913868530706	-1008.590330422655
3131.0	100.0	24.300028915600286	-0.0021019891338768934	-1008.5918597835271
3132.0	100.0	24.299984134585127	-0.0062298487601077646	-1008.5942250434205
3133.0	100.0	24.299958817849898	-0.0021192112230661196	-1008.5957685149095
3134.0	100.0	24.299915434143273	-0.006230825481529222	-1008.5981491024787
3135.0	100.0	24.299890412276866	-0.0020794410670078836	-1008.5995528348923
3136.0	100.0	24.29984620464651	-0.006157747130304084	-1008.602111053283
3137.0	100.0	24.299820635064115	-0.0020742402659433955	-1008.6035149528536
3138.0	100.0	24.29977830981151	-0.006128354765674842	-1008.6059397797878
3139.0	100.0	24.299754035011464	-0.002058376762926526	-1008.6073939004282
3140.0	100.0	24.29971114011115	-0.00605373966375492	-1008.609806056727
3141.0	100.0	24.29968660748111	-0.002068832640643685	-1008.611067379214
3142.0	100.0	24.299644346239578	-0.0060517950783719535	-1008.6135717272647
3143.0	100.0	24.299619870517542	-0.0020394176967610963	-1008.6150455074117
3144.0	100.0	24.299578729971383	-0.006004758152223797	-1008.6174429946208
3145.0	100.0	24.299555955022978	-0.002034923033381675	-1008.6188542107001
3146.0	100.0	24.299514477524948	-0.0059489448745627385	-1008.6212429477724
3147.0	100.0	24.299491037332086	-0.0020015014376378293	-1008.6225871038927
3148.0	100.0	24.299451406207165	-0.005996487776046645	-1008.6249540033494
3149.0	100.0	24.299427296535566	-0.001977325380636743	-1008.626509331895
3150.0	100.0	24.29938779029084	-0.005912866193818552	-1008.6288624056696
3151.0	100.0	24.299366163461098	-0.0019714975572809553	-1008.630322001053
3152.0	100.0	24.299326718302932	-0.005851698673677257	-1008.632532435697
3153.0	100.0	24.29930399084251	-0.0019371764234479693	-1008.6338876190462
3154.0	100.0	24.29926478009448	-0.005842039482630697	-1008.6363022816859
3155.0	100.0	24.299241793308056	-0.0019560424334417142	-1008.6377733523252
3156.0	100.0	24.2992042325246	-0.005781538618561104	-1008.639955570335
3157.0	100.0	24.299182133381553	-0.0019579761565459933	-1008.641299099587
3158.0	100.0	24.29914484691937	-0.005762527725189839	-1008.6436602577528
3159.0	100.0	24.299122996006282	-0.0019014112326951101	-1008.6450542181315
3160.0	100.0	24.299086201947866	-0.005720231588510723	-1008.6474297896186
3161.0	100.0	24.299064355587237	-0.0019435744042998113	-1008.6488451346275
3162.0	100.0	24.299028209115797	-0.005674953482790644	-1008.6511230234954
3163.0	100.0	24.299004205045485	-0.0019000433039030593	-1008.6525099091629
3164.0	100.0	24.298971193160344	-0.005682196155098741	-1008.6549148130445
3165.0	100.0	24.298948324195923	-0.0018689085461422322	-1008.6561384580751
3166.0	100.0	24.29891429200277	-0.005583327101429073	-1008.6585611079047
3167.0	100.0	24.298891412925336	-0.0019049039163808652	-1008.6599907067748
3168.0	100.0	24.29885842589929	-0.005587285269394586	-1008.6621239560903
3169.0	100.0	24.29883744669926	-0.0018496625971083551	-1008.6634914387831
3170.0	100.0	24.298804064451605	-0.005546679266936015	-1008.6656735048207
3171.0	100.0	24.298781830457116	-0.0018454909179711604	-1008.6669758585484
3172.0	100.0	24.298749797006778	-0.005518097465415222	-1008.6693970246811
3173.0	100.0	24.298729286235965	-0.0018178619773647335	-1008.6706316348461
3174.0	100.0	24.298696373970767	-0.005498998615724842	-1008.6730272460595
3175.0	100.0	24.2986748833736	-0.0018243831070070761	-1008.674380412425
3176.0	100.0	24.298643581521603	-0.005463669487674989	-1008.6765891290511
3177.0	100.0	24.298621465777686	-0.001800815561605249	-1008.6778639689542
3178.0	100.0	24.298592095618954	-0.00540337450613017	-1008.68016612227
3179.0	100.0	24.298570612933787	-0.0018084901571712776	-1008.681507155268
3180.0	100.0	24.2985411721748	-0.005403091094217822	-1008.6836571313761
3181.0	100.0	24.298520391881095	-0.0017679412552729975	-1008.6851820545622
3182.0	100.0	24.298489941803172	-0.005361687063680696	-1008.6871792405229
3183.0	100.0	24.29847062743117	-0.0017960274171334994	-1008.6885909871563
3184.0	100.0	24.29844038870676	-0.005261959016382655	-1008.6908102368733
3185.0	100.0	24.298420623016536	-0.001783683731052517	-1008.6921050225139
3186.0	100.0	24.2983911249302	-0.005255284183594918	-1008.6943236688576
3187.0	100.0	24.298371977690472	-0.0017816429953804508	-1008.6956286963435
3188.0	100.0	24.298343935702047	-0.005238382480380957	-1008.6978710980322
3189.0	100.0	24.298324204447553	-0.0017450853780133703	-1008.6990620270522
3190.0	100.0	24.298295520847653	-0.005220887226246221	-1008.7013348618699
3191.0	100.0	24.29827766367997	-0.0017276794635684436	-1008.7026168477653
3192.0	100.0	24.298248941830977	-0.005172602943022593	-1008.7048764899585
3193.0	100.0	24.298230539768838	-0.0017297117188030985	-1008.7060979394532
3194.0	100.0	24.298203607968556	-0.005136426852599918	-1008.7082024026901
3195.0	100.0	24.29818454846724	-0.0017307452720581721	-1008.7096606818187
3196.0	100.0	24.298157981153146	-0.005109877358704654	-1008.71167281964
3197.0	100.0	24.298140062340085	-0.0017020257460236947	-1008.712998551957
3198.0	100.0	24.29811311369598	-0.005034320757828171	-1008.7150863034303
3199.0	100.0	24.298096316687538	-0.001759581315402868	-1008.7164478573271
3200.0	100.0	24.29807005225098	-0.005013389900967999	-1008.7186051900308
3201.0	100.0	24.298051330874184	-0.0016821493606332166	-1008.7198520754098
3202.0	100.0	24.298026717978424	-0.005011433301145261	-1008.7220232865157
3203.0	100.0	24.29800843276293	-0.0016759990695727734	-1008.7233269739554
3204.0	100.0	24.297984845576213	-0.004972206015780923	-1008.7254210953223
3205.0	100.0	24.297967445496276	-0.0016658127500709333	-1008.7266945002673
3206.0	100.0	24.29794310635275	-0.004950554584899036	-1008.728824305921
3207.0	100.0	24.2979247453037	-0.0016527615239698558	-1008.7300717840278
3208.0	100.0	24.29790187481525	-0.004913704732187583	-1008.7322383897405
3209.0	100.0	24.29788421793729	-0.0016404105448767103	-1008.7335647804261
3210.0	100.0	24.297862512653943	-0.004890186069818817	-1008.7356610349259
3211.0	100.0	24.297844646093424	-0.0016598116954552324	-1008.7368188962898
3212.0	100.0	24.297822329784516	-0.004849150733583529	-1008.7389401900621
3213.0	100.0	24.297805159379525	-0.0015753418011044296	-1008.7402231084349
3214.0	100.0	24.29778323477697	-0.004839722937118719	-1008.7422637765579
3215.0	100.0	24.29776531397872	-0.0016147101843330643	-1008.7435368858672
3216.0	100.0	24.297744930240427	-0.004781451179671883	-1008.7455197047366
3217.0	100.0	24.297728533795798	-0.0016279804094457252	-1008.7468758880113
3218.0	100.0	24.29770837075441	-0.004742563317357176	-1008.7488936198181
3219.0	100.0	24.29769039201255	-0.0015575591352055662	-1008.7500925006913
3220.0	100.0	24.297670706455115	-0.004725902875166915	-1008.7520767966431
3221.0	100.0	24.297654168245604	-0.0016202371713152912	-1008.7534963516522
3222.0	100.0	24.2976352199656	-0.004706623081702746	-1008.7555324360231
3223.0	100.0	24.297619481656294	-0.0015524482398041586	-1008.7567063548219
3224.0	100.0	24.29759947782348	-0.00468044997948944	-1008.75872524295
3225.0	100.0	24.297584245264602	-0.0015258216705908243	-1008.7599834037987
3226.0	100.0	24.297565043558595	-0.004671519263513932	-1008.7620310329594
3227.0	100.0	24.297549463922593	-0.0015218292876954167	-1008.7632734630205
3228.0	100.0	24.297530181933084	-0.004629661997934673	-1008.7652222796736
3229.0	100.0	24.297515479320424	-0.001554305289676749	-1008.7665049122513
3230.0	100.0	24.297496690006746	-0.004570709810320021	-1008.7686195205258
3231.0	100.0	24.29748166484401	-0.0015335134217045593	-1008.7698266932982
3232.0	100.0	24.297463894127024	-0.004537289492976312	-1008.7718570628839
3233.0	100.0	24.29744846048287	-0.0015403569123357793	-1008.7730071073717
3234.0	100.0	24.297431218952227	-0.004538082596076379	-1008.7749710863399
3235.0	100.0	24.297416241015846	-0.0014891374082927032	-1008.7762657398024
3236.0	100.0	24.297400471486046	-0.004456228084339333	-1008.7781084268161
3237.0	100.0	24.297384751544058	-0.0015315101178948298	-1008.779320965251
3238.0	100.0	24.29737052582259	-0.004459542773017675	-1008.7814191884462
3239.0	100.0	24.297354690122617	-0.0014776687016434052	-1008.782717327554
3240.0	100.0	24.29733967146333	-0.004465312085959463	-1008.7844983994247
3241.0	100.0	24.297325302895292	-0.0014827166550637728	-1008.7858356539253
3242.0	100.0	24.297308937540915	-0.004400277560899784	-1008.7877390247544
3243.0	100.0	24.297294655655538	-0.0014640788289588202	-1008.7889494891294
3244.0	100.0	24.297281815341456	-0.004376148135316269	-1008.7909008222592
3245.0	100.0	24.297265700506017	-0.0014673560942609317	-1008.7920995016509
3246.0	100.0	24.2972516849218	-0.004294800436503699	-1008.7939944214738
3247.0	100.0	24.29723813826809	-0.0014828453664724743	-1008.795296278994
3248.0	100.0	24.29722427532913	-0.004339244319094622	-1008.797243194116
3249.0	100.0	24.29721034679461	-0.0014446208585540837	-1008.7983651237752
3250.0	100.0	24.297197750105884	-0.0042965194801174835	-1008.8002400242191
3251.0	100.0	24.297183369563587	-0.0014229163931039324	-1008.80149394498
3252.0	100.0	24.297171645166284	-0.004253994192536961	-1008.8034408632863
3253.0	100.0	24.29715687433221	-0.0014308858873172908	-1008.8046655160008
3254.0	100.0	24.297145653277557	-0.004248282313633156	-1008.8065951504881
3255.0	100.0	24.297132249068575	-0.0014335616639996908	-1008.8076818644641
3256.0	100.0	24.29711991826056	-0.004169556013278487	-1008.8096659166517
3257.0	100.0	24.297107003691853	-0.0014286942574351146	-1008.8108258943427
3258.0	100.0	24.297094516783044	-0.004190957583179282	-1008.8128490026924
3259.0	100.0	24.29708192641581	-0.00136346071986063	-1008.8138529998175
3260.0	100.0	24.297071174386208	-0.004202403634057075	-1008.8157064583387
3261.0	100.0	24.297057756892215	-0.0013822263360507158	-1008.8169864113503
3262.0	100.0	24.29704804412715	-0.004109514051980844	-1008.8188366781698
3263.0	100.0	24.29703388962522	-0.0014095106005587543	-1008.8200783961368
3264.0	100.0	24.297025086822288	-0.0040846342230291535	-1008.8220272375198
3265.0	100.0	24.297012146423633	-0.0013585493844647093	-1008.823163516276
3266.0	100.0	24.297002997744723	-0.00404752101063631	-1008.8249179607354
3267.0	100.0	24.296990726991037	-0.0013951367308420394	-1008.8260562032525
3268.0	100.0	24.296982296380662	-0.004059904563398402	-1008.8280025288718
3269.0	100.0	24.296968737927543	-0.0013566158056030364	-1008.8290279312279
3270.0	100.0	24.296959482657137	-0.004010533306764886	-1008.8310547923525
3271.0	100.0	24.29694730542752	-0.001339414664588448	-1008.832225103888
3272.0	100.0	24.29693948812074	-0.004009059725037078	-1008.8339402133382
3273.0	100.0	24.296927281409385	-0.0013417372936874792	-1008.8351345153869
3274.0	100.0	24.296920113851904	-0.0039274936417923395	-1008.8369653771913
3275.0	100.0	24.29690855286096	-0.001379780180531284	-1008.8382216624558
3276.0	100.0	24.29690036439506	-0.003934930139932912	-1008.840020308757
3277.0	100.0	24.2968888330064	-0.001308674568418821	-1008.8411820446291
3278.0	100.0	24.296881679355224	-0.003909390531725831	-1008.8428785133469
3279.0	100.0	24.296870585669947	-0.001328992220502583	-1008.8441142521198
3280.0	100.0	24.296863637173473	-0.00386761025935126	-1008.8458213133935
3281.0	100.0	24.296851557417725	-0.0012971000203990115	-1008.8468651409642
3282.0	100.0	24.296845527816537	-0.0038711418848527118	-1008.8488155335988
3283.0	100.0	24.29683478896153	-0.0013077681882221852	-1008.8499314623546
3284.0	100.0	24.296829047753956	-0.003860820396608907	-1008.8517781592416
3285.0	100.0	24.296817829877213	-0.0012514962485506741	-1008.8529583132846
3286.0	100.0	24.29681279667695	-0.003830654109178998	-1008.8547597516759
3287.0	100.0	24.296802234028153	-0.0013061352033805923	-1008.8558329167587
3288.0	100.0	24.296796401566887	-0.0037957983456642238	-1008.8576654866071
3289.0	100.0	24.29678489864188	-0.0012197457917657725	-1008.858834157958
3290.0	100.0	24.296781069397888	-0.003804235544897706	-1008.8604462835569
3291.0	100.0	24.296770156637592	-0.0012252827787037064	-1008.8616343923034
3292.0	100.0	24.296767193978194	-0.003757974292645335	-1008.8634376001899
3293.0	100.0	24.296756078464412	-0.0012485108327025688	-1008.8645823285062
3294.0	100.0	24.29675280183627	-0.0037207250009863996	-1008.8662901916427
3295.0	100.0	24.296742034380685	-0.001253285571261391	-1008.86748131539
3296.0	100.0	24.296737968913757	-0.0036927632277947015	-1008.8690981804399
3297.0	100.0	24.296728550094745	-0.0012225416114281635	-1008.8703137946277
3298.0	100.0	24.29672484589919	-0.0036871702326022895	-1008.8719932023064
3299.0	100.0	24.296714165532045	-0.0011972091664091903	-1008.8731497941363
3300.0	100.0	24.296712247275316	-0.003658068970391749	-1008.8749088153786
3301.0	100.0	24.29670232943304	-0.00121717530231117	-1008.8759874435082
3302.0	100.0	24.296700287668155	-0.003616695096122492	-1008.8778023020124
3303.0	100.0	24.296690497547754	-0.001226449191957914	-1008.8787707486345
3304.0	100.0	24.296688492699264	-0.0036101743279712962	-1008.880536685102
3305.0	100.0	24.296678866589044	-0.001186800135180221	-1008.8817907886586
3306.0	100.0	24.296677943457897	-0.0035767037311475822	-1008.8834263895075
3307.0	100.0	24.296668888891855	-0.0011935642553700758	-1008.8846200878088
3308.0	100.0	24.296667819397644	-0.0035708343805070228	-1008.8860528054065
3309.0	100.0	24.29665716952439	-0.0011700156432532592	-1008.8873082472444
3310.0	100.0	24.296656677707734	-0.003515284010059499	-1008.8889750705812
3311.0	100.0	24.296648033728104	-0.0011877304742095793	-1008.8900815285705
3312.0	100.0	24.29664722585144	-0.0035331857845059458	-1008.891867685292
3313.0	100.0	24.29663891259239	-0.0011631102858604943	-1008.8929352698115
3314.0	100.0	24.296639086396734	-0.0034583450022270894	-1008.8946812245701
3315.0	100.0	24.296629630185883	-0.0011786029168294966	-1008.8957599243059
3316.0	100.0	24.296630987142755	-0.003456834658262907	-1008.8973730123062
3317.0	100.0	24.296621564060544	-0.001157401998365934	-1008.8983902184884
3318.0	100.0	24.29662220693268	-0.003436661411375359	-1008.9002148949072
3319.0	100.0	24.296614002457765	-0.0011739883452668825	-1008.9012588031882
3320.0	100.0	24.296615444429435	-0.0034085356942527966	-1008.9028920151039
3321.0	100.0	24.29660581246401	-0.0011297765166590394	-1008.9040050457435
3322.0	100.0	24.29660908418397	-0.0034078301693064076	-1008.9055971601805
3323.0	100.0	24.296599653644517	-0.001095910166113173	-1008.9067391632359
3324.0	100.0	24.296601506075135	-0.003364304639462658	-1008.9083858482446
3325.0	100.0	24.296593480278407	-0.00114814519414975	-1008.909451087016
3326.0	100.0	24.296595856893738	-0.0033347158075585	-1008.9111907662798
3327.0	100.0	24.296587363169774	-0.0011137557892221105	-1008.912253872879
3328.0	100.0	24.296590309379358	-0.003336830443216667	-1008.9137488733929
3329.0	100.0	24.296582100731197	-0.0011210815948874632	-1008.9149295550204
3330.0	100.0	24.296585299240675	-0.003284329624461443	-1008.9164344285493
3331.0	100.0	24.296577916859263	-0.0011249152734547248	-1008.9175638513161
3332.0	100.0	24.296581734579593	-0.0032541228442036123	-1008.9192931372729
3333.0	100.0	24.29657346015249	-0.0010974456966782128	-1008.9202251919794
3334.0	100.0	24.296576688702824	-0.003227516923416821	-1008.9218603105145
3335.0	100.0	24.296569425186707	-0.0011228232648019599	-1008.923022603618
3336.0	100.0	24.29657413196683	-0.003231456786722885	-1008.9245707813361
3337.0	100.0	24.296566379925327	-0.0010932488691078742	-1008.9256171384214
3338.0	100.0	24.29657097588875	-0.0032053688453132024	-1008.9272279189319
3339.0	100.0	24.29656377290401	-0.0010862484466236796	-1008.928362647296
3340.0	100.0	24.29656843101446	-0.003172218043955517	-1008.9298715314935
3341.0	100.0	24.296560595786318	-0.0010883964402228431	-1008.9309893432054
3342.0	100.0	24.296566756541868	-0.0031880332363597554	-1008.9324396531641
3343.0	100.0	24.296558876807843	-0.0010174932391799649	-1008.9336034557662
3344.0	100.0	24.296564796082382	-0.003149917233757269	-1008.935202060099
3345.0	100.0	24.29655856983524	-0.0010594524359393714	-1008.9362511979904
3346.0	100.0	24.296564211573912	-0.0031330466721446477	-1008.9378045327211
3347.0	100.0	24.296557189777012	-0.0010312348771748902	-1008.9388738189998
3348.0	100.0	24.29656390643625	-0.0031655372425030215	-1008.940467104217
3349.0	100.0	24.296556083298007	-0.0010123043492222168	-1008.9414251737912
3350.0	100.0	24.29656331328567	-0.0030686986194395326	-1008.9430495521821
3351.0	100.0	24.296556078986523	-0.001041239335548706	-1008.9440789853453
3352.0	100.0	24.29656307409427	-0.003077766071894248	-1008.9456642732084
3353.0	100.0	24.29655654505983	-0.0010032626333587886	-1008.9466572698611
3354.0	100.0	24.29656470553278	-0.003066184204347509	-1008.9481845156831
3355.0	100.0	24.296558816823676	-0.0009917465162162787	-1008.9493151782276
3356.0	100.0	24.29656654312205	-0.0030546958861097833	-1008.9508907331979
3357.0	100.0	24.296559252582146	-0.0009915796108982847	-1008.9518946577302
3358.0	100.0	24.296567274077752	-0.003017280508614537	-1008.9533904523439
3359.0	100.0	24.296561066786897	-0.0009952314072785263	-1008.9543497210524
3360.0	100.0	24.29657004517582	-0.0030032210756477324	-1008.9560148101805
3361.0	100.0	24.296563695006824	-0.000991543115440056	-1008.9568855836293
3362.0	100.0	24.296572135533136	-0.002981553757675709	-1008.9585199302695
3363.0	100.0	24.296566619808946	-0.00101719201254582	-1008.9596156942424
3364.0	100.0	24.29657598745655	-0.002921718063985487	-1008.9610513123987
3365.0	100.0	24.29656898247661	-0.000982164701923867	-1008.9620359624123
3366.0	100.0	24.296578825952203	-0.002926753095220755	-1008.9636703622821
3367.0	100.0	24.29657259151108	-0.0009863954669020734	-1008.9646042865966
3368.0	100.0	24.2965826785228	-0.002898984901522132	-1008.9661853359089
3369.0	100.0	24.296577377586594	-0.0009614852217558224	-1008.9672599506104
3370.0	100.0	24.296587789230415	-0.0028801224091532236	-1008.9686484246595
3371.0	100.0	24.29658223672762	-0.0009623381712864807	-1008.9696703876648
3372.0	100.0	24.2965922350918	-0.0028968407081604894	-1008.9711401230011
3373.0	100.0	24.296586895373036	-0.0009549682218934336	-1008.9721632116938
3374.0	100.0	24.29659689054879	-0.002813670144712356	-1008.9737179548889
3375.0	100.0	24.296591072696703	-0.0009654014376730651	-1008.9746919791442
3376.0	100.0	24.296603388962502	-0.0028319410987824195	-1008.9761123230668
3377.0	100.0	24.296597934996086	-0.0009500083415863234	-1008.9771921091594
3378.0	100.0	24.29660888603243	-0.0027966765173918803	-1008.9787104561058
3379.0	100.0	24.296603996373676	-0.0009436556145592832	-1008.9796319382212
3380.0	100.0	24.296615558327744	-0.0027673963756233615	-1008.9811244562795
3381.0	100.0	24.296611401252406	-0.000938982774739664	-1008.9820748130277
3382.0	100.0	24.296622128564987	-0.0027891300832941415	-1008.9835703787049
3383.0	100.0	24.296617685264486	-0.0009075684586151737	-1008.9844208520608
3384.0	100.0	24.296629476968963	-0.002783585910427736	-1008.986085210694
3385.0	100.0	24.29662503303507	-0.0008834734484364541	-1008.9870849055119
3386.0	100.0	24.29663837456949	-0.00274506661525129	-1008.988538887648
3387.0	100.0	24.29663343475315	-0.0009254717728736626	-1008.9894709817878
3388.0	100.0	24.296645284556885	-0.0026965079208847277	-1008.9909937547374
3389.0	100.0	24.296641036767245	-0.0009330279669549101	-1008.9920174851051
3390.0	100.0	24.296653720564652	-0.0026833360705072608	-1008.9933821913025
3391.0	100.0	24.29664986596771	-0.0008871545060157901	-1008.9944204169999
3392.0	100.0	24.296663045204856	-0.002695314498762495	-1008.9957694051063
3393.0	100.0	24.29665909005954	-0.0009019185294916678	-1008.9967904283457
3394.0	100.0	24.29667351379204	-0.002652973507757742	-1008.9982497623494
3395.0	100.0	24.296668066639707	-0.0008894783806014143	-1008.999147824178
3396.0	100.0	24.296682583438017	-0.0026316892334780034	-1009.0006281109867
3397.0	100.0	24.296678501485705	-0.0009058638130630242	-1009.0015721606633
3398.0	100.0	24.296692339248608	-0.0025829139606286435	-1009.0030124115578
3399.0	100.0	24.29668894945815	-0.0008906335154485065	-1009.0039887939108
3400.0	100.0	24.296704509007267	-0.0026261083738452094	-1009.0054992936061
3401.0	100.0	24.29670038914619	-0.0008938090708368199	-1009.0064004865985
3402.0	100.0	24.296714757652225	-0.0025846067704780153	-1009.007795965796
3403.0	100.0	24.29671123795301	-0.000857600208337431	-1009.0087350423961
3404.0	100.0	24.29672708497335	-0.002556475087727828	-1009.010238872478
3405.0	100.0	24.296722691471285	-0.0008617433832602402	-1009.011251380681
3406.0	100.0	24.296738207758604	-0.0025670093388374927	-1009.0124223232881
3407.0	100.0	24.296735409935277	-0.0008220558450699779	-1009.0134682729987
3408.0	100.0	24.296749535097454	-0.0025639318862488297	-1009.014970955897
3409.0	100.0	24.29674654937451	-0.0008056390497194329	-1009.015947785294
3410.0	100.0	24.29676362094022	-0.00257481030885861	-1009.0173540921876
3411.0	100.0	24.29676015576429	-0.000824125500982674	-1009.0181829364551
3412.0	100.0	24.296776147258793	-0.002464030121573218	-1009.0196359638842
3413.0	100.0	24.29677264579485	-0.000839603564950582	-1009.020437596086
3414.0	100.0	24.296790031700375	-0.0025248872484108305	-1009.0218982729741
3415.0	100.0	24.29678683429966	-0.000808855649451406	-1009.0228787567735
3416.0	100.0	24.296803091099708	-0.002449852838379613	-1009.0242582782003
3417.0	100.0	24.296800317604784	-0.0008541618815948712	-1009.0251821533325
3418.0	100.0	24.296817912178756	-0.002432071418376705	-1009.026423784209
3419.0	100.0	24.29681458480184	-0.0008295677265402422	-1009.0274893476341
3420.0	100.0	24.296831371404583	-0.00240685589464954	-1009.0288870783155
3421.0	100.0	24.296828619747654	-0.0008100198860393457	-1009.0298866627382
3422.0	100.0	24.296847122409943	-0.0024529350541345188	-1009.0311156435289
3423.0	100.0	24.296845185990758	-0.0007971634392101336	-1009.0322020467643
3424.0	100.0	24.296861996157467	-0.0024117587505850216	-1009.0335788144771
3425.0	100.0	24.29685916413165	-0.0007996455200462104	-1009.0344080960783
3426.0	100.0	24.29687884026006	-0.0023547068931171794	-1009.0357451287606
3427.0	100.0	24.296875512585068	-0.0008028496096363089	-1009.036697300048
3428.0	100.0	24.296893522425524	-0.0023698643869352436	-1009.037904586349
3429.0	100.0	24.296891324777018	-0.0007960072228024156	-1009.0389691115257
3430.0	100.0	24.29690998044752	-0.0023147050964619025	-1009.0403744062284
3431.0	100.0	24.29690825484343	-0.0008169797328541008	-1009.0411415732328
3432.0	100.0	24.29692741098964	-0.0023407521318854897	-1009.0425655370485
3433.0	100.0	24.296925390083615	-0.0007653441377243718	-1009.0435020730149
3434.0	100.0	24.296944248864364	-0.002335548477040094	-1009.0448186637069
3435.0	100.0	24.296942807327785	-0.0007286637674386053	-1009.0456704695779
3436.0	100.0	24.296961025430665	-0.0023476998375852724	-1009.0470574558763
3437.0	100.0	24.29695930384657	-0.0007583649218065014	-1009.0479897043919
3438.0	100.0	24.29697945013581	-0.002247274017323598	-1009.0492522700131
3439.0	100.0	24.296976817664294	-0.0007788334266690306	-1009.0502385500853
3440.0	100.0	24.296997100040926	-0.0022610485674694624	-1009.0514763452094
3441.0	100.0	24.296995199335726	-0.0007847391877930232	-1009.0525719293881
3442.0	100.0	24.297016913964224	-0.0022462733429715284	-1009.0537812990192
3443.0	100.0	24.297015393310495	-0.0007588675972291673	-1009.0546648031484
3444.0	100.0	24.29703415119207	-0.002208992310086743	-1009.055839672317
3445.0	100.0	24.297032774486123	-0.0007621195548345662	-1009.056850973558
3446.0	100.0	24.297054514074944	-0.002245943506089331	-1009.0581297044547
3447.0	100.0	24.297053386076	-0.0007111503038240613	-1009.0591479226908
3448.0	100.0	24.29707305050789	-0.002207616699112459	-1009.0603085631835
3449.0	100.0	24.297071758883778	-0.0007435395260897498	-1009.0612719987917
3450.0	100.0	24.297094124079706	-0.0022086704117409857	-1009.0625384612433
3451.0	100.0	24.297092319022667	-0.000705017005808688	-1009.0635569717749
3452.0	100.0	24.297114513117783	-0.0021793430642174792	-1009.0647521837873
3453.0	100.0	24.297112662721702	-0.0007245507593528088	-1009.0656008167413
3454.0	100.0	24.297134374315156	-0.0021571508694034594	-1009.0667513009116
3455.0	100.0	24.297133210908633	-0.000711640506313155	-1009.0678194092937
3456.0	100.0	24.29715686972734	-0.0021264117520487557	-1009.069137591757
3457.0	100.0	24.297154534361717	-0.0007604761227761025	-1009.0698745661263
3458.0	100.0	24.29717704155731	-0.0021099588345815643	-1009.0711578469351
3459.0	100.0	24.29717571226335	-0.0006887182153494703	-1009.0721471107188
3460.0	100.0	24.29719863644596	-0.002098295768384725	-1009.0733919400476
3461.0	100.0	24.297198374761777	-0.0007799599137200666	-1009.0743443797958
3462.0	100.0	24.297220744722146	-0.002072085621578278	-1009.0756184457792
3463.0	100.0	24.29721984870642	-0.0006891096017460322	-1009.076425860318
3464.0	100.0	24.29724275295189	-0.0020969192952041797	-1009.0777162422429
3465.0	100.0	24.297241329323352	-0.0006754984284473923	-1009.0785756915509
3466.0	100.0	24.297264891183417	-0.0020573287325278454	-1009.0798066772647
3467.0	100.0	24.297264707726708	-0.0007191155910860394	-1009.0806377132569
3468.0	100.0	24.297288841840853	-0.002056896113381553	-1009.0818266674288
3469.0	100.0	24.297288656312748	-0.0006742060737859457	-1009.0828840031915
3470.0	100.0	24.297311438852915	-0.0020395439794429625	-1009.0839860298967
3471.0	100.0	24.297310603801268	-0.0006819182563779888	-1009.0848387210505
3472.0	100.0	24.297334662715258	-0.002021900563031434	-1009.0860981813987
3473.0	100.0	24.297335274347986	-0.0007038741409553427	-1009.0870865073063
3474.0	100.0	24.297359399366105	-0.001969026170916423	-1009.088185030357
3475.0	100.0	24.297357587962964	-0.0006540581343473474	-1009.0890962514503
3476.0	100.0	24.297383558973408	-0.0020505885311674263	-1009.0903187323154
3477.0	100.0	24.29738283856247	-0.0006543135863103016	-1009.0911551594685
3478.0	100.0	24.29740821022015	-0.001963124309574116	-1009.0923591362539
3479.0	100.0	24.297407829887508	-0.0006487844149884622	-1009.0933068701526
3480.0	100.0	24.297432024958052	-0.0020325859230167134	-1009.0943790729348
3481.0	100.0	24.297431349542485	-0.000643536055095286	-1009.0954223151654
3482.0	100.0	24.297457983794544	-0.0019351565211047593	-1009.0964689508615
3483.0	100.0	24.29745775531201	-0.0006532043117824745	-1009.0974417401345
3484.0	100.0	24.297482910375702	-0.0019518919644011838	-1009.0985946256735
3485.0	100.0	24.297482560455023	-0.0006438213659740896	-1009.0994473355652
3486.0	100.0	24.297508552879336	-0.0019044613711510492	-1009.1006162821727
3487.0	100.0	24.29750837890702	-0.0006432404321559016	-1009.1014848382605
3488.0	100.0	24.29753614250513	-0.0019215789184976175	-1009.1027515594523
3489.0	100.0	24.297535109372127	-0.0006024481935231376	-1009.103577880624
3490.0	100.0	24.29756136683595	-0.0019127713579974164	-1009.1047471475637
3491.0	100.0	24.297560380578926	-0.0006186964291259092	-1009.1056608027015
3492.0	100.0	24.297587733594284	-0.0018839519288249727	-1009.1067186918514
3493.0	100.0	24.29758777049272	-0.0006585783426132609	-1009.1076989803016
3494.0	100.0	24.297613819144694	-0.001829206064956386	-1009.1088841694741
3495.0	100.0	24.29761506117823	-0.0006612321089081884	-1009.1096127399036
3496.0	100.0	24.297641319460702	-0.0018655410506001136	-1009.1107897645757
3497.0	100.0	24.297642199895893	-0.0006204021506784211	-1009.1117876241325
3498.0	100.0	24.297670036637886	-0.0018361916830741795	-1009.1128830685051
3499.0	100.0	24.297670789483877	-0.0006317989079608039	-1009.11369535964
3500.0	100.0	24.29769751224759	-0.001810621530963021	-1009.1148341629145
3501.0	100.0	24.297697412093882	-0.0006037774536853178	-1009.1156978366803
3502.0	100.0	24.297725524078814	-0.0018089563520139985	-1009.1168215407059
3503.0	100.0	24.297725546181763	-0.00063763860889421	-1009.1177017103815
3504.0	100.0	24.297754464205383	-0.0017674872190275013	-1009.1187916660054
3505.0	100.0	24.297754337433844	-0.0006143298676087972	-1009.1196862474332
3506.0	100.0	24.29778220236643	-0.0018107014714487334	-1009.1208058713436
3507.0	100.0	24.297782544032742	-0.0006062401654089281	-1009.1216748734823
3508.0	100.0	24.297811413461005	-0.001757704993252879	-1009.1227856349514
3509.0	100.0	24.297812648519905	-0.000602266366535967	-1009.1236456415895
3510.0	100.0	24.297841078105684	-0.001775666619269467	-1009.1247955660302
3511.0	100.0	24.297841595824895	-0.00057997397332221	-1009.1256975502681
3512.0	100.0	24.297870577536543	-0.0017279896286075762	-1009.1267805700973
3513.0	100.0	24.297872046996076	-0.0006088257102252427	-1009.127443786132
3514.0	100.0	24.297900990498217	-0.0017511285001665393	-1009.1286750742452
3515.0	100.0	24.297902172026813	-0.0005516335442243061	-1009.1296012933548
3516.0	100.0	24.297930181900824	-0.00173752168640234	-1009.1306778359148
3517.0	100.0	24.29793134161677	-0.0005729153164194022	-1009.1315142702019
3518.0	100.0	24.297960236550377	-0.0016762672812272708	-1009.13264861486
3519.0	100.0	24.29796260981723	-0.0006310793431619379	-1009.1335952544844
3520.0	100.0	24.297992309928283	-0.0016632343049387812	-1009.1345421391901
3521.0	100.0	24.29799144770116	-0.0005633116145440254	-1009.1354103071689
3522.0	100.0	24.298022451714907	-0.0017112191632607612	-1009.1364600390219
3523.0	100.0	24.29802340260857	-0.0005466717169996429	-1009.1373517586941
3524.0	100.0	24.29805311829016	-0.0016721884954731727	-1009.1384294094888
3525.0	100.0	24.298055421300717	-0.0005597503599770617	-1009.1391692227296
3526.0	100.0	24.298084219562313	-0.0016428888861135767	-1009.1402710768502
3527.0	100.0	24.298086417650648	-0.0006034759379390314	-1009.141231021651
3528.0	100.0	24.29811695269784	-0.0016238540339560178	-1009.1423038254738
3529.0	100.0	24.298117950666075	-0.0005701639536104629	-1009.143061852625
3530.0	100.0	24.298148373479812	-0.0016118822440460987	-1009.1440018681194
3531.0	100.0	24.298150487444055	-0.0005542878807677403	-1009.1449657712088
3532.0	100.0	24.298180092204657	-0.0016074540799446478	-1009.1459259808018
3533.0	100.0	24.298182555464912	-0.0005689482166501711	-1009.146869798251
3534.0	100.0	24.29821327514914	-0.0016030583982202128	-1009.147911670026
3535.0	100.0	24.298215063429836	-0.00054968243409024	-1009.1486707505453
3536.0	100.0	24.298246183721417	-0.0015989043106259685	-1009.1498526678279
3537.0	100.0	24.29824823973066	-0.0004973790875523736	-1009.1506154208164
3538.0	100.0	24.298278651946273	-0.00162037662835404	-1009.1516724222153
3539.0	100.0	24.298282088337373	-0.0005508374611237417	-1009.1525249448201
3540.0	100.0	24.29831140533994	-0.0015544772203817247	-1009.1535274073686
3541.0	100.0	24.2983146631928	-0.000527298969950401	-1009.1543624046784
3542.0	100.0	24.298345397696046	-0.0015603238838044593	-1009.15541465602
3543.0	100.0	24.2983487403339	-0.0005297386725121966	-1009.1561483637518
3544.0	100.0	24.298379630646103	-0.0015399444611730315	-1009.1573041562093
3545.0	100.0	24.298382615342916	-0.0005298434872026538	-1009.1581266627447
3546.0	100.0	24.298413242714126	-0.0015362687980955188	-1009.1589252417499
3547.0	100.0	24.29841566496353	-0.0005437767824728377	-1009.1599095561154
3548.0	100.0	24.298447580101033	-0.0015059856689892276	-1009.160831622079
3549.0	100.0	24.298450240518783	-0.0005417730908593677	-1009.1617533453078
3550.0	100.0	24.298482829870586	-0.0014919709764261344	-1009.1627032441247
3551.0	100.0	24.29848421474487	-0.0004915847320317641	-1009.1636815339273
3552.0	100.0	24.298516914905125	-0.0015231471780155408	-1009.1646091001056
3553.0	100.0	24.298519433591846	-0.0005144069013732146	-1009.1653843405605
3554.0	100.0	24.298550970312807	-0.0014596569975843143	-1009.1664308070511
3555.0	100.0	24.298555138659882	-0.0005250733860294373	-1009.1674286969429
3556.0	100.0	24.29858742404561	-0.0014717002510356858	-1009.1682029101574
3557.0	100.0	24.298590941512984	-0.0005267967030041057	-1009.1690417312284
3558.0	100.0	24.298622414183434	-0.0014207878636857876	-1009.170054214423
3559.0	100.0	24.298625837382364	-0.0004952034131982704	-1009.1709528603471
3560.0	100.0	24.298659013994644	-0.0014847690420011297	-1009.1718152203379
3561.0	100.0	24.298661309392315	-0.0004659298642266854	-1009.1726894637835
3562.0	100.0	24.298694239020016	-0.001423029182546793	-1009.1736134419069
3563.0	100.0	24.29869833257072	-0.0005318616002954324	-1009.1745813211221
3564.0	100.0	24.29873154974589	-0.0014497036581755725	-1009.1754717243209
3565.0	100.0	24.298733852092937	-0.000482008916286107	-1009.1761832717553
3566.0	100.0	24.298766712408977	-0.0014259640782738402	-1009.1772000880787
3567.0	100.0	24.298770102375	-0.0004736033508172135	-1009.1780970285179
3568.0	100.0	24.298804479412357	-0.001400297681792411	-1009.1790241988768
3569.0	100.0	24.298807203280784	-0.000487610011392414	-1009.1797826426816
3570.0	100.0	24.298841447495242	-0.0013800010383861578	-1009.1807855979756
3571.0	100.0	24.298844739046075	-0.00047595629240594514	-1009.1815306564421
3572.0	100.0	24.298878125417314	-0.0014114768443185687	-1009.1824781736958
3573.0	100.0	24.29888102082631	-0.0004726394517711893	-1009.1834684842197
3574.0	100.0	24.2989144624865	-0.0013888358800221688	-1009.1843202588785
3575.0	100.0	24.29891854412011	-0.0004633663728041076	-1009.1851381639538
3576.0	100.0	24.29895246584242	-0.0013388054668328501	-1009.186166538565
3577.0	100.0	24.298956863053544	-0.00048755937499820625	-1009.1868419575597
3578.0	100.0	24.29899178399519	-0.0013660494888931053	-1009.1878513535901
3579.0	100.0	24.29899356041399	-0.00047147553605551525	-1009.1886547693564
3580.0	100.0	24.299028742822692	-0.0013264277669242548	-1009.1895391599562
3581.0	100.0	24.299031227910884	-0.00046304273306291385	-1009.1904049166409
3582.0	100.0	24.29906634967138	-0.0012996050154964625	-1009.1913625768584
3583.0	100.0	24.299070958725615	-0.0004494823502585335	-1009.1922188723972
3584.0	100.0	24.299105213956437	-0.001361811020851101	-1009.193047096324
3585.0	100.0	24.29910883314156	-0.00041680019052997666	-1009.1939408270651
3586.0	100.0	24.299143522877884	-0.0013582056748807987	-1009.1948041954779
3587.0	100.0	24.299147510942642	-0.00043080964159266256	-1009.1955187713625
3588.0	100.0	24.299184012403	-0.0013161876243489776	-1009.196567589405
3589.0	100.0	24.299185841690047	-0.00043088996339855847	-1009.1972991138518
3590.0	100.0	24.299221923011615	-0.0012815044192042487	-1009.1981929369335
3591.0	100.0	24.29922488664198	-0.00044940090914143827	-1009.1990927934885
3592.0	100.0	24.299261606116872	-0.0013034978187027313	-1009.1999052868168
3593.0	100.0	24.29926570304464	-0.0004195699082600206	-1009.2007912051147
3594.0	100.0	24.299300965788344	-0.0012901274634156679	-1009.2015604515111
3595.0	100.0	24.299305129737924	-0.000424142908592782	-1009.2024375294011
3596.0	100.0	24.29934131550997	-0.0012473222193459684	-1009.2033177450935
3597.0	100.0	24.299343209837257	-0.00042652806191515347	-1009.2040791747017
3598.0	100.0	24.299380512530842	-0.0012625460537118546	-1009.2049926630899
3599.0	100.0	24.299384767136836	-0.0004361417588575326	-1009.2056918736441
3600.0	100.0	24.29941984031523	-0.0012450190186607277	-1009.206711540502
3601.0	100.0	24.29942537651153	-0.0004290085847897209	-1009.2074810357577
3602.0	100.0	24.299461718976943	-0.0012203264997801134	-1009.2083290418752
3603.0	100.0	24.299465706264677	-0.0004291929939766219	-1009.2091117436885
3604.0	100.0	24.299501553830307	-0.0012376525410844814	-1009.2100104352135
3605.0	100.0	24.299506067586506	-0.00036891824321802036	-1009.2107465528317
3606.0	100.0	24.299541793631192	-0.001219528903389093	-1009.2116472401339
3607.0	100.0	24.299547070544108	-0.0004104134980857439	-1009.2124770656799
3608.0	100.0	24.29958367648855	-0.0012078529157226701	-1009.213284097563
3609.0	100.0	24.299588087672426	-0.0004216120271054288	-1009.2142637087427
3610.0	100.0	24.29962467517971	-0.0011879358592505264	-1009.2150511250888
3611.0	100.0	24.29962918640675	-0.00041552701856006663	-1009.2159050593784
3612.0	100.0	24.29966629372904	-0.001181749402859634	-1009.2166234172659
3613.0	100.0	24.299671006578933	-0.00041884847465109137	-1009.2174088431134
3614.0	100.0	24.299708155134095	-0.0011734935810030376	-1009.218312323492
3615.0	100.0	24.299711506011928	-0.0003792808244026703	-1009.2191994774012
3616.0	100.0	24.299749479974402	-0.001185933424388369	-1009.2199351039962
3617.0	100.0	24.299753487108887	-0.0004030030946793087	-1009.2208478762893
3618.0	100.0	24.299791819443012	-0.0011290221097740945	-1009.2215453850372
3619.0	100.0	24.299795991754948	-0.00042346175562553846	-1009.2223718369775
3620.0	100.0	24.299834074769993	-0.0011024320457005787	-1009.2231522432962
3621.0	100.0	24.299838919186094	-0.00042542962479639557	-1009.2239273155284
3622.0	100.0	24.29987577615508	-0.0011336886782037164	-1009.2249063429666
3623.0	100.0	24.299881150426916	-0.00035610453241858355	-1009.2256024489876
3624.0	100.0	24.29991881096485	-0.0011700332976895239	-1009.2263863522195
3625.0	100.0	24.299923064096284	-0.00035936767695520487	-1009.2271598311419
3626.0	100.0	24.299962031487077	-0.0011237310856666806	-1009.2280629076236
3627.0	100.0	24.299965897098538	-0.0003946887724434854	-1009.2287017259151
3628.0	100.0	24.30000487437427	-0.0011208844110686647	-1009.2296579034944
3629.0	100.0	24.300009462879597	-0.00034723292884525364	-1009.2303736124537
3630.0	100.0	24.300047813338047	-0.0010881734223593122	-1009.2312741560495
3631.0	100.0	24.3000526237866	-0.0003854796421009827	-1009.2320094069523
3632.0	100.0	24.300091118297274	-0.001116362486104717	-1009.2329097776682
3633.0	100.0	24.30009491001939	-0.00036814046985809	-1009.2336240975067
3634.0	100.0	24.3001344932854	-0.0010696330718473381	-1009.2344445389529
3635.0	100.0	24.300139496676103	-0.0003506696836309198	-1009.2352651300369
3636.0	100.0	24.30017755562849	-0.0010771661762366692	-1009.2361473771728
3637.0	100.0	24.300183628556734	-0.00039869312503539717	-1009.2368092489295
3638.0	100.0	24.300221564107453	-0.001033891903983682	-1009.2376992048642
3639.0	100.0	24.300226668983814	-0.0003709893153615374	-1009.238284592488
3640.0	100.0	24.30026638386512	-0.001035306416566951	-1009.2391780404732
3641.0	100.0	24.300271240365607	-0.0003931455804366866	-1009.2399299370103
3642.0	100.0	24.300310361902056	-0.0010550198823470454	-1009.2407342306608
3643.0	100.0	24.300314891639932	-0.0003303713078662896	-1009.2414053311188
3644.0	100.0	24.300354341253634	-0.0010513839879112733	-1009.2422460742954
3645.0	100.0	24.30035899821211	-0.00033231583461882497	-1009.2430711621329
3646.0	100.0	24.30039822721535	-0.0010228189323100256	-1009.243925584072
3647.0	100.0	24.300404356248908	-0.00038382988798618846	-1009.244652325681
3648.0	100.0	24.30044413366449	-0.0010109681883020663	-1009.2454130007778
3649.0	100.0	24.300448628636904	-0.0003197092174985953	-1009.2463449824628
3650.0	100.0	24.30048848796328	-0.0010445830030630706	-1009.2469472464263
3651.0	100.0	24.30049398670059	-0.0003128530157868236	-1009.2478086647103
3652.0	100.0	24.30053338619301	-0.0010259694968552373	-1009.248516077859
3653.0	100.0	24.300539953855665	-0.00033263522865599444	-1009.2492963024727
3654.0	100.0	24.300580278577904	-0.0010157686617080764	-1009.2501583853656
3655.0	100.0	24.300583370769736	-0.00030149839426273805	-1009.2508416740269
3656.0	100.0	24.30062416253071	-0.0010067564496664366	-1009.2516623703486
3657.0	100.0	24.300629737238655	-0.00035804151629223826	-1009.2523877502067
3658.0	100.0	24.300668889943516	-0.0009563020216926366	-1009.2531894262422
3659.0	100.0	24.30067522202336	-0.0003274578098617763	-1009.2539481245323
3660.0	100.0	24.300716143071178	-0.0009687624700313475	-1009.2546690837316
3661.0	100.0	24.300721929723686	-0.0003169585529829984	-1009.2554505924561
3662.0	100.0	24.300760729934606	-0.0009625772714066023	-1009.2562599750045
3663.0	100.0	24.300766716465564	-0.0003322263707253061	-1009.2569628864348
3664.0	100.0	24.300807888342227	-0.0009600595805945488	-1009.2577958566229
3665.0	100.0	24.300813727770688	-0.00034028866268482743	-1009.258496390913
3666.0	100.0	24.300854217759255	-0.0009369649009272823	-1009.2592785757726
3667.0	100.0	24.300860326167527	-0.0003180681749431566	-1009.2599897065725
3668.0	100.0	24.300901986980083	-0.0009561324265885572	-1009.260759643717
3669.0	100.0	24.300906255766712	-0.00029161403552220745	-1009.261534226618
3670.0	100.0	24.300947077417547	-0.000931293043717444	-1009.2622619642668
3671.0	100.0	24.300952556830275	-0.000317144258687045	-1009.2630718507603
3672.0	100.0	24.300993392093353	-0.0009329690901872836	-1009.2637296733219
3673.0	100.0	24.30099917242511	-0.00031572371625300635	-1009.2645269816089
3674.0	100.0	24.301040949597194	-0.000903906886222	-1009.2651895068896
3675.0	100.0	24.301046971683814	-0.0003233079291262451	-1009.26613112869
3676.0	100.0	24.301088227802545	-0.0008886993246885879	-1009.2668426401021
3677.0	100.0	24.30109346617179	-0.00032121184179781663	-1009.2675864727046
3678.0	100.0	24.30113428421595	-0.0008750179009160994	-1009.2682075665083
3679.0	100.0	24.301140621573865	-0.0003027406543909647	-1009.2691218124905
3680.0	100.0	24.301182771029644	-0.0008719631037568829	-1009.2698048464771
3681.0	100.0	24.301188414668303	-0.0003245599294054603	-1009.2705322207595
3682.0	100.0	24.301230540619343	-0.0008875382989216943	-1009.2711600077525
3683.0	100.0	24.301236321472754	-0.0002975093367243217	-1009.2720027360215
3684.0	100.0	24.301278526760917	-0.0009137434322405059	-1009.272699045087
3685.0	100.0	24.301283345670065	-0.0002661353294390732	-1009.2735162399978
3686.0	100.0	24.30132440503206	-0.0008420928615075467	-1009.2742444779395
3687.0	100.0	24.30133170829139	-0.00031755462176263286	-1009.2749613697828
3688.0	100.0	24.301373168999532	-0.0008248788904697117	-1009.2756973523896
3689.0	100.0	24.301379152541767	-0.00030797221345315944	-1009.2763456598101
3690.0	100.0	24.301420655703698	-0.000836547060027773	-1009.2771113354836
3691.0	100.0	24.30142837396163	-0.00029606588481903584	-1009.2778552378185
3692.0	100.0	24.301469793341255	-0.0008589657282588992	-1009.2787410511272
3693.0	100.0	24.301475924997742	-0.00029415004872441884	-1009.2793817320355
3694.0	100.0	24.30151754241362	-0.0008268200763990563	-1009.2799334290586
3695.0	100.0	24.301524618952783	-0.00027741945634755474	-1009.2808155821182
3696.0	100.0	24.301567383462967	-0.0008297069566040118	-1009.2814880619275
3697.0	100.0	24.301573001312704	-0.00025753072406980656	-1009.2821883499498
3698.0	100.0	24.30161571213441	-0.0008582906432290818	-1009.2829360647148
3699.0	100.0	24.30162253573914	-0.000274334393580696	-1009.2837068247226
3700.0	100.0	24.301664488870447	-0.0007890596012473886	-1009.2844481703117
3701.0	100.0	24.301671477847112	-0.0002713036166295983	-1009.2851427907774
3702.0	100.0	24.301713982166238	-0.0008225151176671651	-1009.2859078835311
3703.0	100.0	24.30172060980386	-0.0002844922231457745	-1009.2865314730972
3704.0	100.0	24.301762670351597	-0.0007448948194249454	-1009.2872116923261
3705.0	100.0	24.301769563507538	-0.00031034561167960693	-1009.2880060539538
3706.0	100.0	24.30181180233586	-0.0007886298023627956	-1009.2887185923477
3707.0	100.0	24.301818944476892	-0.0002570303773040961	-1009.2893861888937
3708.0	100.0	24.301862127458183	-0.0007751860550082303	-1009.2901339558056
3709.0	100.0	24.301869151228107	-0.00029188201630666775	-1009.2908284147974
3710.0	100.0	24.301910729275818	-0.0007487746316652475	-1009.2915551234132
3711.0	100.0	24.301916867102843	-0.0002828858275211139	-1009.2923363608618
3712.0	100.0	24.301961380836904	-0.0007579433567797231	-1009.2930137083058
3713.0	100.0	24.301967558249988	-0.0002668444746681027	-1009.2937435401373
3714.0	100.0	24.30201062445174	-0.000744433108807772	-1009.2944002432539
3715.0	100.0	24.302017448229353	-0.00024174728600161074	-1009.2951205634929
3716.0	100.0	24.302061719205987	-0.0007573224771496032	-1009.2957704819
3717.0	100.0	24.302068459834352	-0.00028044020754409234	-1009.2966285297427
3718.0	100.0	24.302111268624753	-0.0007290822749571881	-1009.2972500129051
3719.0	100.0	24.302117949509796	-0.0002790327220022788	-1009.2978656332107
3720.0	100.0	24.302161377318132	-0.000733843484983209	-1009.2986333925815
3721.0	100.0	24.302169060470927	-0.00022260541638454277	-1009.2993797442404
3722.0	100.0	24.302212252846342	-0.0007599917305976093	-1009.2999866059567
3723.0	100.0	24.302218435345402	-0.0002356211011240142	-1009.300757373149
3724.0	100.0	24.302262484051532	-0.0007345067820458635	-1009.3014810154859
3725.0	100.0	24.30226933308278	-0.00025244352307591427	-1009.3021240476123
3726.0	100.0	24.302314408401426	-0.0006976215607880227	-1009.3027735465997
3727.0	100.0	24.302320402835605	-0.00025631663242428317	-1009.3035280101184
3728.0	100.0	24.302363345039076	-0.0007082974767802916	-1009.30417602866
3729.0	100.0	24.30237110536221	-0.00024253601991728715	-1009.3050125446863
3730.0	100.0	24.302415073584328	-0.0007099954209367804	-1009.3056254972939
3731.0	100.0	24.302421773602994	-0.0002502888154223781	-1009.3061233118494
3732.0	100.0	24.30246585098792	-0.0006799873176613777	-1009.3069401305049
3733.0	100.0	24.302472491423757	-0.0002347069305196705	-1009.3076450603209
3734.0	100.0	24.302516159538275	-0.0006677185654789351	-1009.308385040318
3735.0	100.0	24.302523988628938	-0.00027251868913457153	-1009.3089362931577
3736.0	100.0	24.302568447611797	-0.0006920636228728165	-1009.3097896086962
3737.0	100.0	24.302575432046442	-0.00019142732603012633	-1009.3104455462765
3738.0	100.0	24.302620483885466	-0.0007150924632244673	-1009.3110597020494
3739.0	100.0	24.30262677231786	-0.00020042504125042366	-1009.311696535693
3740.0	100.0	24.302671136019026	-0.0006916664272058637	-1009.3124126052168
3741.0	100.0	24.302678445926993	-0.00021124814431702787	-1009.313077859318
3742.0	100.0	24.302723216036206	-0.0006861838474740404	-1009.3138798033484
3743.0	100.0	24.30273033506806	-0.00019562088732547983	-1009.314311819943
3744.0	100.0	24.302774711641735	-0.0006646621661627564	-1009.3151315155038
3745.0	100.0	24.302781799224295	-0.00022440604109181153	-1009.3158364631958
3746.0	100.0	24.302826712112044	-0.0006354077355013229	-1009.316431531258
3747.0	100.0	24.302835199757386	-0.0002446627517287335	-1009.3171850068522
3748.0	100.0	24.3028793251317	-0.0006627486823575739	-1009.3178106981412
3749.0	100.0	24.30288655802702	-0.0001881866836262202	-1009.3184548731323
3750.0	100.0	24.302931246616208	-0.0006679787899487811	-1009.3190847426973
3751.0	100.0	24.30293841694848	-0.00018282297460278389	-1009.319824554297
3752.0	100.0	24.302983551192117	-0.0006324794484622286	-1009.3205135728084
3753.0	100.0	24.302991604561473	-0.00024258107387097768	-1009.3211054565934
3754.0	100.0	24.30303667251339	-0.0006169195056327205	-1009.3216497214296
3755.0	100.0	24.30304398520412	-0.00018063529885316697	-1009.3224909901029
3756.0	100.0	24.303088203396506	-0.0006751152249310832	-1009.3231107840262
3757.0	100.0	24.303095550340114	-0.0001590997496127417	-1009.3238135409094
3758.0	100.0	24.30314184646245	-0.0006338549740380386	-1009.3244326486288
3759.0	100.0	24.30314883768008	-0.00020579713861183034	-1009.3250310150148
3760.0	100.0	24.30319386511582	-0.000594195726991452	-1009.3257165986661
3761.0	100.0	24.30320103978556	-0.00019646610484308155	-1009.3265085869554
3762.0	100.0	24.303247169676904	-0.0005988131752201638	-1009.3270714044189
3763.0	100.0	24.30325464032276	-0.00024395507529703734	-1009.3276475276676
3764.0	100.0	24.30329981293886	-0.0005597902513777213	-1009.3283859360364
3765.0	100.0	24.303306881833013	-0.00017485180104949657	-1009.3290103597953
3766.0	100.0	24.303353208573114	-0.0006060103802105429	-1009.3296457036438
3767.0	100.0	24.303360692304945	-0.00023085008678433262	-1009.330375278329
3768.0	100.0	24.303405818277035	-0.0005443907432624021	-1009.3309406278656
3769.0	100.0	24.30341403057307	-0.0002282196224325558	-1009.3316877577034
3770.0	100.0	24.30345952175156	-0.0005846891753708515	-1009.3322215454344
3771.0	100.0	24.303467232450494	-0.00016174522657280458	-1009.3329548470517
3772.0	100.0	24.303512369530313	-0.0005425363986762697	-1009.3335174899735
3773.0	100.0	24.303520741936158	-0.0002486200184650383	-1009.3342381762302
3774.0	100.0	24.303566052030565	-0.0005526156459471906	-1009.3348051836526
3775.0	100.0	24.303574414144403	-0.00018970425919053938	-1009.3355046313638
3776.0	100.0	24.303619913329584	-0.0005545684270016692	-1009.3360565097564
3777.0	100.0	24.30362810315946	-0.00017060435067485193	-1009.3367766061375
3778.0	100.0	24.303674273001544	-0.0005825197449277721	-1009.3373537489441
3779.0	100.0	24.303682492668	-0.0001446405379713872	-1009.3379440773873
3780.0	100.0	24.303727809984768	-0.0005663539079238365	-1009.3386296658831
3781.0	100.0	24.30373593602199	-0.00017607269917798457	-1009.339260938183
3782.0	100.0	24.303781922231046	-0.0005500962991119862	-1009.3399719250347
3783.0	100.0	24.303790054808676	-0.00017318106737629422	-1009.3405730355931
3784.0	100.0	24.30383516669297	-0.0005462548455087047	-1009.3410552279522
3785.0	100.0	24.303843616726166	-0.00015954415615308527	-1009.3419068808493
3786.0	100.0	24.303890278517294	-0.0005246552971416052	-1009.3423599391394
3787.0	100.0	24.30389728924146	-0.00018626849992900104	-1009.3430632712672
3788.0	100.0	24.303944342517614	-0.0005225664582430313	-1009.3437386836035
3789.0	100.0	24.30395180066486	-0.00017454586534858228	-1009.3443073830008
3790.0	100.0	24.303997535877638	-0.0005263756143145099	-1009.3450745381754
3791.0	100.0	24.304006483607306	-0.00018572203433565957	-1009.3455170034234
3792.0	100.0	24.30405384129938	-0.000505254820843754	-1009.3462023590707
3793.0	100.0	24.304061710428684	-0.00017819710617217584	-1009.3469594569287
3794.0	100.0	24.30410704772029	-0.0004985971090816379	-1009.3473549379892
3795.0	100.0	24.304115569009955	-0.00017728958704975358	-1009.348111187019
3796.0	100.0	24.304162797893053	-0.00044846325226037987	-1009.34869840709
3797.0	100.0	24.304169687567256	-0.00023768277452991955	-1009.3493403733255
3798.0	100.0	24.304216568488147	-0.00045742827217444424	-1009.3498637789885
3799.0	100.0	24.304225090942452	-0.0001929426880654294	-1009.3506798010287
3800.0	100.0	24.30427171240778	-0.00045925243533659533	-1009.3510899881244
3801.0	100.0	24.30428009066657	-0.00016190613840700557	-1009.3518594978526
3802.0	100.0	24.30432614069969	-0.0004794683590548588	-1009.352340265898
3803.0	100.0	24.304334997117902	-0.0002015101741650221	-1009.353100152635
3804.0	100.0	24.304382112685932	-0.0004607657546963014	-1009.3535900468743
3805.0	100.0	24.304389411596183	-0.00015596392100149294	-1009.3542821537252
3806.0	100.0	24.304436609564494	-0.000482501937070749	-1009.3548521222912
3807.0	100.0	24.304445138616813	-0.00015135275749506653	-1009.3554818535786
3808.0	100.0	24.304491652436898	-0.0004391386773355055	-1009.3561001729095
3809.0	100.0	24.30450058763202	-0.00020542833486791742	-1009.3567758802159
3810.0	100.0	24.304547974454977	-0.0004210606892156063	-1009.3573326965336
3811.0	100.0	24.304554770383977	-0.0001802486705328057	-1009.3580123506154
3812.0	100.0	24.304603282519896	-0.0004571963044417784	-1009.3584324269624
3813.0	100.0	24.304611936699324	-0.00013811850019110523	-1009.3591864510248
3814.0	100.0	24.304658919422266	-0.0004408743571364309	-1009.3596732994523
3815.0	100.0	24.3046661324045	-0.00011903088703299574	-1009.3602786462873
3816.0	100.0	24.304715433046027	-0.0005043886540499942	-1009.3609444122058
3817.0	100.0	24.304722860752772	-0.0001339358916302256	-1009.361605465184
3818.0	100.0	24.304769265340624	-0.0004119159131467967	-1009.3621744805735
3819.0	100.0	24.304777474672253	-0.00019905383603998614	-1009.3628396249384
3820.0	100.0	24.304826184174456	-0.00040485982820140295	-1009.3633043077982
3821.0	100.0	24.3048347549963	-0.0001245088382571727	-1009.3640339254142
3822.0	100.0	24.304881376197386	-0.0004407496168970519	-1009.3644788040712
3823.0	100.0	24.304890903627438	-0.00013499509316341544	-1009.3651861427563
3824.0	100.0	24.304937227900584	-0.0004660937209660816	-1009.3656895539372
3825.0	100.0	24.30494674342058	-0.00012736049431044124	-1009.366380589508
3826.0	100.0	24.304993544316094	-0.0004118969227665628	-1009.3668361473065
3827.0	100.0	24.30500259229392	-0.00014616037880823044	-1009.3675904883198
3828.0	100.0	24.305049937224336	-0.00039570987066646026	-1009.3680158185906
3829.0	100.0	24.30505829418989	-0.00013548702754704586	-1009.3686405638085
3830.0	100.0	24.305106331237813	-0.00044675046138095356	-1009.3693260501224
3831.0	100.0	24.305114092001364	-0.00011423306619694814	-1009.3699397839313
3832.0	100.0	24.30516241997571	-0.0004097894055576004	-1009.3704759660735
3833.0	100.0	24.305169746309627	-0.00012428811303694695	-1009.3710462595484
3834.0	100.0	24.30521796469373	-0.00039769377166091926	-1009.3716297520057
3835.0	100.0	24.30522637768132	-0.0001512616356325814	-1009.3722536603392
3836.0	100.0	24.305273808327314	-0.00036250206447973303	-1009.3726953016497
3837.0	100.0	24.305283300780076	-0.00015525109431868648	-1009.3734121903802
3838.0	100.0	24.305330943045504	-0.00037341185550358326	-1009.3739215240937
3839.0	100.0	24.30533914997168	-0.00014407924563551925	-1009.37457356456
3840.0	100.0	24.30538848168596	-0.00037885854739263245	-1009.3750671358571
3841.0	100.0	24.305395877420622	-0.00012774683924904307	-1009.3757477385512
3842.0	100.0	24.305444140522273	-0.00034144930374105484	-1009.3761947520998
3843.0	100.0	24.30545430448515	-0.000135496467494328	-1009.376959430088
3844.0	100.0	24.305501889888404	-0.0003836672290276923	-1009.3773843324568
3845.0	100.0	24.3055111959112	-0.00011145485965169791	-1009.3780310038508
3846.0	100.0	24.30555826651001	-0.0003729337416503809	-1009.3784617028236
3847.0	100.0	24.30556667787966	-0.00014318710361012853	-1009.3791722945623
3848.0	100.0	24.30561566885703	-0.0003849674777622197	-1009.3795839443949
3849.0	100.0	24.30562407777449	-9.927127638104598e-5	-1009.3802730477248
3850.0	100.0	24.30567175643687	-0.00034725588906241205	-1009.3808298496523
3851.0	100.0	24.305680397289823	-0.00010911647463822852	-1009.3815302344026
3852.0	100.0	24.305729204924187	-0.0003799060019651958	-1009.3819808483966
3853.0	100.0	24.305738150413394	-0.0001241272089950572	-1009.3824923163642
3854.0	100.0	24.305785787231244	-0.0003619538194786465	-1009.3831460703246
3855.0	100.0	24.3057946972054	-0.00011351814985428556	-1009.383714157591
3856.0	100.0	24.305843161242603	-0.00030108742839055004	-1009.3841903316228
3857.0	100.0	24.3058518994679	-0.0001518753540464874	-1009.3847978745936
3858.0	100.0	24.305900522289157	-0.00032239627385502033	-1009.3853033313744
3859.0	100.0	24.305908933735523	-0.00011802294758311698	-1009.3858814761916
3860.0	100.0	24.3059572737309	-0.0003339254665987864	-1009.3864656094736
3861.0	100.0	24.305966500990056	-0.00012113329867469924	-1009.3870833654045
3862.0	100.0	24.30601623041607	-0.00033228283598424113	-1009.3875653874866
3863.0	100.0	24.3060248923316	-0.00011139209051089417	-1009.388154414859
3864.0	100.0	24.306073144342804	-0.0003026626468972145	-1009.3887653973591
3865.0	100.0	24.30608253307638	-0.00011230410562610029	-1009.3893740203491
3866.0	100.0	24.306130390516184	-0.000317939008943832	-1009.3898276622317
3867.0	100.0	24.30613934142318	-8.09061127237945e-5	-1009.3904152964521
3868.0	100.0	24.306188683804105	-0.0003513377588937088	-1009.3909508197472
3869.0	100.0	24.306196993143963	-0.00010013174372108332	-1009.3914692557895
3870.0	100.0	24.306245979691397	-0.0003234883110404628	-1009.3919812200554
3871.0	100.0	24.306255055568553	-6.595753185266153e-5	-1009.3925900609802
3872.0	100.0	24.306303645468684	-0.0003483316466363447	-1009.3930508462911
3873.0	100.0	24.306312717328524	-8.94597520187419e-5	-1009.3938228669135
3874.0	100.0	24.3063605632097	-0.0002791992110378849	-1009.3940857888012
3875.0	100.0	24.306369557989377	-0.00011781871303748968	-1009.3947834415561
3876.0	100.0	24.306418953058987	-0.0003211153755311743	-1009.3952639400777
3877.0	100.0	24.306427620446403	-0.0001256397855932594	-1009.3958574952883
3878.0	100.0	24.306477232429977	-0.00023979866494866397	-1009.3963116609173
3879.0	100.0	24.306485985336437	-0.0001280123258426235	-1009.396984093212
3880.0	100.0	24.306535176636896	-0.00024674203707179316	-1009.3974453369759
3881.0	100.0	24.30654479590068	-0.00011245660724056086	-1009.3980008629371
3882.0	100.0	24.306592914684853	-0.00027627415549061834	-1009.3984549297705
3883.0	100.0	24.30660298754936	-0.00011742124118294787	-1009.3991111236746
3884.0	100.0	24.306651124766336	-0.00029557896126523165	-1009.3996477874808
3885.0	100.0	24.30666008644905	-7.825814809523404e-5	-1009.4002505327817
3886.0	100.0	24.306709204191716	-0.0002724821316285865	-1009.400588744809
3887.0	100.0	24.306718796986615	-8.579886708697952e-5	-1009.401255113569
3888.0	100.0	24.306767738455164	-0.0002896534175099577	-1009.4016124885776
3889.0	100.0	24.306776224212125	-7.237675492431968e-5	-1009.402289356389
3890.0	100.0	24.306825448129775	-0.00029122935312147233	-1009.4027692955059
3891.0	100.0	24.306834307448977	-4.996941773133791e-5	-1009.403412869613
3892.0	100.0	24.30688403920272	-0.000315189733406932	-1009.4038155029469
3893.0	100.0	24.306892557444975	-3.686002478665973e-5	-1009.4045349954977
3894.0	100.0	24.30694307172697	-0.0002965068495023194	-1009.4047901060437
3895.0	100.0	24.30695259450832	-6.541353840953921e-5	-1009.4055268843802
3896.0	100.0	24.307001087553502	-0.00025292682734981273	-1009.405906121705
3897.0	100.0	24.307010072630273	-8.723806325426097e-5	-1009.4065512744507
3898.0	100.0	24.30705966535499	-0.00025196886558618973	-1009.4069553434931
3899.0	100.0	24.30706930224091	-8.829216661707058e-5	-1009.4076701001263
3900.0	100.0	24.30711788056229	-0.0002391766540570201	-1009.4079350930995
3901.0	100.0	24.307127024275257	-0.00010804961618162212	-1009.4086889724618
3902.0	100.0	24.307176659489116	-0.00022597803855580926	-1009.4090151913985
3903.0	100.0	24.307186542400807	-9.172466438448673e-5	-1009.4096316349414
3904.0	100.0	24.307234821920975	-0.00023145054003226897	-1009.4101088759639
3905.0	100.0	24.307244524326237	-4.148208051186001e-5	-1009.410712583868
3906.0	100.0	24.307295006867605	-0.00026390152313037716	-1009.4110650770265
3907.0	100.0	24.307302647541032	-6.056598065263361e-5	-1009.4116855707723
3908.0	100.0	24.30735419541284	-0.00023277625419662644	-1009.412224490342
3909.0	100.0	24.307362326142698	-0.0001018447250950529	-1009.4128080935818
3910.0	100.0	24.30741138306914	-0.00019267612763950023	-1009.4131924256569
3911.0	100.0	24.307421572586406	-0.00010791512230208774	-1009.4137833144143
3912.0	100.0	24.30747069050387	-0.0002272927960583279	-1009.4142036519155
3913.0	100.0	24.307480699338377	-6.080177069986735e-5	-1009.4146626287258
3914.0	100.0	24.307529849318318	-0.00021522615354356567	-1009.4151680695496
3915.0	100.0	24.30753898617558	-9.095495942030535e-5	-1009.4157835323623
3916.0	100.0	24.307588399369518	-0.0002151911058588996	-1009.4161867093678
3917.0	100.0	24.307597249192423	-1.8103731052659238e-5	-1009.4167170665199
3918.0	100.0	24.3076484835481	-0.000206645854098779	-1009.4171274884585
3919.0	100.0	24.30765807475068	-0.00010472387661946402	-1009.417881143421
3920.0	100.0	24.307708655924056	-0.0002126818035079141	-1009.4181279174703
3921.0	100.0	24.30771713518899	-8.807242743719861e-5	-1009.4187382868082
3922.0	100.0	24.307765601206377	-0.00016521455247992447	-1009.4191270133854
3923.0	100.0	24.307776447539364	-6.470410830611792e-5	-1009.4198012706551
3924.0	100.0	24.307825244811394	-0.0001913389418930442	-1009.4202223604
3925.0	100.0	24.307833830973998	-0.00010773562689430484	-1009.4207089809393
3926.0	100.0	24.307884011816288	-0.00017024641351111203	-1009.4209925327624
3927.0	100.0	24.307894523875238	-6.436167998480326e-5	-1009.4216700082392
3928.0	100.0	24.30794453982933	-0.000185577321715981	-1009.4222389449675
3929.0	100.0	24.307953271320393	-6.143736011283884e-5	-1009.4226753091978
3930.0	100.0	24.3080025462843	-0.00019578221750466798	-1009.4230887801434
3931.0	100.0	24.308013698659714	-5.3017030055995294e-5	-1009.4236490074709
3932.0	100.0	24.308063010929413	-0.00015219328327903511	-1009.4239807656787
3933.0	100.0	24.308072011788113	-9.239613083995064e-5	-1009.4247583843857
3934.0	100.0	24.30812201389779	-0.0001811441308370965	-1009.4251369408111
3935.0	100.0	24.30813252309676	-4.972281192098103e-5	-1009.4255675148427
3936.0	100.0	24.308182238855526	-0.00017845355157323264	-1009.4260205853632
3937.0	100.0	24.308191686836377	-7.930496366106783e-5	-1009.4265305923686
3938.0	100.0	24.308240791594372	-0.00013433098998356403	-1009.4270059057654
3939.0	100.0	24.308250936962345	-8.59588730276152e-5	-1009.4275882835168
3940.0	100.0	24.30830181209725	-0.0001876409396261023	-1009.4279745126878
3941.0	100.0	24.308310837933	-1.7096053130557036e-5	-1009.4284666287225
3942.0	100.0	24.308360756553164	-0.00017019054955677543	-1009.4288948734506
3943.0	100.0	24.30837036288901	-3.6445683965010775e-5	-1009.4295537401308
3944.0	100.0	24.308420391264608	-0.000189920945933008	-1009.4298984361195
3945.0	100.0	24.308429808071153	-4.7516936601911706e-5	-1009.4303588353733
3946.0	100.0	24.30847896357755	-0.00014302860099939854	-1009.4308217453815
3947.0	100.0	24.308490274892094	-0.00010084943649207547	-1009.4313944000435
3948.0	100.0	24.308540711098868	-0.00011170851305124653	-1009.431640150836
3949.0	100.0	24.308548435185326	-6.127763969557428e-5	-1009.4323525845492
3950.0	100.0	24.30859968486407	-0.00015728730748437508	-1009.4327146684697
3951.0	100.0	24.30860891288787	-4.135575978028532e-5	-1009.4330982041992
3952.0	100.0	24.308658616245744	-0.00016376739389213724	-1009.4334954125849
3953.0	100.0	24.308669161033908	-1.4894233924802038e-5	-1009.4342774277653
3954.0	100.0	24.30871901969206	-0.00017691646586926314	-1009.4345650677693
3955.0	100.0	24.30872978717455	-1.0115688053085971e-5	-1009.4350195594219
3956.0	100.0	24.308778282953103	-0.0001519366090262771	-1009.4354642523822
3957.0	100.0	24.308788542733193	-7.016037502441371e-5	-1009.4359907706743
3958.0	100.0	24.30883920304332	-0.00011347530415008464	-1009.4364555615281
3959.0	100.0	24.30884862258914	-3.388377616784741e-5	-1009.4369357761922
3960.0	100.0	24.308898954972957	-0.00013316071034566378	-1009.4373174473683
3961.0	100.0	24.308909144532247	-6.439338934108802e-5	-1009.4379206566172
3962.0	100.0	24.308958537662345	-0.000100642988011044	-1009.4381357447667
3963.0	100.0	24.308968519839375	-6.886231984320283e-5	-1009.4387652878308
3964.0	100.0	24.30901942188433	-0.000112822078722104	-1009.439142727172
3965.0	100.0	24.309029087601942	-4.111799874112282e-5	-1009.4398011298786
3966.0	100.0	24.309079453559754	-0.0001240201973938586	-1009.4400886649768
3967.0	100.0	24.309088841339015	-4.914703398096513e-5	-1009.4404084554172
3968.0	100.0	24.30913947256422	-8.473937933821155e-5	-1009.440848519628
3969.0	100.0	24.30914902295527	-8.182962176077754e-5	-1009.4415178039865
3970.0	100.0	24.30920021288009	-6.81975715512353e-5	-1009.4418654364865
3971.0	100.0	24.309209102733593	-9.06329798520247e-5	-1009.4423578525922
3972.0	100.0	24.309259545028123	-7.156998890334122e-5	-1009.4426447111724
3973.0	100.0	24.309269242629004	-4.961088175692384e-5	-1009.4432002194275
3974.0	100.0	24.309319740860712	-0.00012024414429979086	-1009.4434953127004
3975.0	100.0	24.309329452363144	-2.9175559084535132e-5	-1009.4441188905844
3976.0	100.0	24.3093793982621	-0.00011085393960706406	-1009.4443874931402
3977.0	100.0	24.30939079268113	-4.321630174709604e-5	-1009.4449258220957
3978.0	100.0	24.30944086662143	-5.597503993942709e-5	-1009.4452789618645
3979.0	100.0	24.309451617454357	-8.492632422681528e-5	-1009.4459239757472
3980.0	100.0	24.309500713284493	-7.368089658273595e-5	-1009.4462150975021
3981.0	100.0	24.309510917310188	-2.5063311158735856e-5	-1009.4467328601007
3982.0	100.0	24.30956078616934	-0.00010904119328747495	-1009.4470267551802
3983.0	100.0	24.309570877370366	-2.7589929408439972e-5	-1009.4475928695518
3984.0	100.0	24.30962209302898	-8.138361988666529e-5	-1009.447815359432
3985.0	100.0	24.30963164849221	-5.041684446534313e-5	-1009.4484227692366
3986.0	100.0	24.309682160618785	-7.398824526751861e-5	-1009.4487505693717
3987.0	100.0	24.309692558621343	-5.4875488032693785e-5	-1009.4493135980578
3988.0	100.0	24.309742086108912	-7.485282326231037e-5	-1009.4495741516031
3989.0	100.0	24.309753008217502	1.0136907725615005e-5	-1009.4501258362427
3990.0	100.0	24.309802126204016	-0.00013260414284474797	-1009.4504385596186
3991.0	100.0	24.309812519927796	-1.3172836144286086e-5	-1009.450947457424
3992.0	100.0	24.309864601163376	-6.131938499673404e-5	-1009.4512973553002
3993.0	100.0	24.30987429563732	-5.186598163166568e-5	-1009.4518563771452
3994.0	100.0	24.309924320775952	-5.402113436088784e-5	-1009.4521294047462
3995.0	100.0	24.309935335948047	-4.6895160403050384e-5	-1009.4526770607947
3996.0	100.0	24.30998525090495	-7.082513350522424e-5	-1009.4529219978745
3997.0	100.0	24.309994969809246	-2.2485772642172473e-5	-1009.4534764838352
3998.0	100.0	24.310044855496308	-4.469422515704369e-5	-1009.4536906390992
3999.0	100.0	24.31005520527429	-3.194542957387177e-5	-1009.4541967821476
4000.0	100.0	24.31010657430226	-5.6789343541699436e-5	-1009.4545019944225
