1.0	40.0	12.999967785510163	90.08275784666165	811.0797000487271
2.0	40.0	12.984727727399411	-39.43800660543733	782.7889835489252
3.0	40.0	13.000538307790928	-47.787392530873106	766.9504088225366
4.0	40.0	13.031542255465613	-49.74176753153377	757.9913959289
5.0	40.0	13.070941252503827	-49.34187034212355	752.8731434796969
6.0	40.0	13.115714505691981	-47.9679261920537	749.9386992409089
7.0	40.0	13.164383043991906	-46.19888595655757	748.26929572401
8.0	40.0	13.216135449210855	-44.30587864291968	747.3434799185156
9.0	40.0	13.270473940269133	-42.41049723182411	746.8601797212423
10.0	40.0	13.327059387372936	-40.56559018811526	746.6390990454521
11.0	40.0	13.385595841604298	-38.80227774993265	746.5702417527926
12.0	40.0	13.445852104380053	-37.137057200057654	746.5908518614975
13.0	40.0	13.507592283794825	-35.57461393843038	746.6638327350329
14.0	40.0	13.57058752134225	-34.11579402477559	746.7682389213356
15.0	40.0	13.634657726585642	-32.767147728967515	746.8918685688623
16.0	40.0	13.69958890178145	-31.540398442058745	747.0280390711147
17.0	40.0	13.765194495584577	-30.392760642395057	747.1743503259776
18.0	40.0	13.83130675801182	-29.317466266229882	747.3300906948972
19.0	40.0	13.897762927216545	-28.307724883661642	747.4960630250959
20.0	40.0	13.964421849269996	-27.369381415414622	747.6733843063774
21.0	40.0	14.031113747386184	-26.48725112716969	747.8637982490183
22.0	40.0	14.097743234360813	-25.656580826116684	748.0692294325139
23.0	40.0	14.164186146204733	-24.87509910540538	748.2917764556516
24.0	40.0	14.230342655074423	-24.136327296179385	748.5331231014336
25.0	40.0	14.296100035719283	-23.434503846789386	748.7951038008385
26.0	40.0	14.361412307261645	-22.76773562019991	749.0792570790597
27.0	40.0	14.426169241915964	-22.13635168954883	749.3869301007624
28.0	40.0	14.490332962318796	-21.535338834172737	749.7194489406716
29.0	40.0	14.553849316531865	-20.962323325665395	750.0775696981258
30.0	40.0	14.616644018193725	-20.425538518878405	750.4622842262984
31.0	40.0	14.678696760087494	-19.94093712651745	750.8740587509267
32.0	40.0	14.697160691244775	-5.887622440664225	752.2279186418921
33.0	40.0	14.71555472905297	-5.8574657466750235	753.5918038251824
34.0	40.0	14.733871136111473	-5.82674256746294	754.9644396677861
35.0	40.0	14.752122058797669	-5.796320875305034	756.345067000822
36.0	40.0	14.770292604930084	-5.764617704596727	757.73292385453
37.0	40.0	14.788394388173463	-5.733761026750012	759.1272321762955
38.0	40.0	14.806420144170248	-5.702127218807593	760.5275349921487
39.0	40.0	14.824370291631826	-5.671644579919024	761.9334504910129
40.0	40.0	14.842242195041173	-5.6411480126543925	763.344686859497
41.0	40.0	14.860044491892387	-5.610417896086082	764.7609860438051
42.0	40.0	14.877760853185137	-5.580355928289952	766.1820505646449
43.0	40.0	14.895408302537838	-5.550543253600423	767.6075384757527
44.0	40.0	14.912971214942228	-5.521404670094245	769.0374620528346
45.0	40.0	14.930451938641877	-5.49166085022081	770.4714898825845
46.0	40.0	14.947869717621293	-5.463240240536927	771.9094735975337
47.0	40.0	14.965192686409342	-5.435547439960807	773.351189831316
48.0	40.0	14.982441111361327	-5.407752264730414	774.7967378778335
49.0	40.0	14.99961278605599	-5.380294969992515	776.2457045777861
50.0	40.0	15.0166996189225	-5.353084273848653	777.6979989155351
51.0	40.0	15.03370978770467	-5.326274959117383	779.1535326612426
52.0	40.0	15.05064225818711	-5.299859045584584	780.6121372591746
53.0	40.0	15.067488982781613	-5.274042656919043	782.0735330043398
54.0	40.0	15.084255046827941	-5.2478138373494785	783.5378165806477
55.0	40.0	15.100945962140985	-5.22264720890498	785.004787246352
56.0	40.0	15.117553782679689	-5.197432391408157	786.4741451579381
57.0	40.0	15.13408091785821	-5.171925563371119	787.9461115249433
58.0	40.0	15.150526862643263	-5.147776002293678	789.4200925370947
59.0	40.0	15.166882808365955	-5.124006992347945	790.8961923712974
60.0	40.0	15.183165204343533	-5.0992996602516945	792.374335783126
61.0	40.0	15.199373595741566	-5.0755963396805575	793.8543396418768
62.0	40.0	15.215490817912217	-5.051870471812108	795.336001028441
63.0	40.0	15.231528274025763	-5.029259488995646	796.8194349669006
64.0	40.0	15.247484649933872	-5.006258014734029	798.3042260335161
65.0	40.0	15.263357899215471	-4.983349748305188	799.790613806414
66.0	40.0	15.279154842624026	-4.962457111529242	801.2782571319127
67.0	40.0	15.294872309796729	-4.941114584242363	802.7670732554918
68.0	40.0	15.31050206152173	-4.919949126293154	804.2569686414341
69.0	40.0	15.326054227594643	-4.899135325367543	805.7474291659597
70.0	40.0	15.341527999063015	-4.878761097972574	807.2388450256656
71.0	40.0	15.356919564074543	-4.858943266427029	808.730414482351
72.0	40.0	15.372230679518948	-4.838403372721984	810.2224312776555
73.0	40.0	15.387469714311647	-4.819292324468411	811.7146699184102
74.0	40.0	15.402612706562715	-4.799160424574644	813.207031497508
75.0	40.0	15.417687287066887	-4.780438236300878	814.6996237288978
76.0	40.0	15.432683841735303	-4.76162443834694	816.1923842405741
77.0	40.0	15.447587331502964	-4.742808579688848	817.685247660156
78.0	40.0	15.462423274918516	-4.724368097113175	819.1781261208813
79.0	40.0	15.477178047457482	-4.706458746000802	820.6710972377093
80.0	40.0	15.491855320051444	-4.68881885393435	822.1640655716515
81.0	40.0	15.506454502563088	-4.671947127362888	823.6569015792874
82.0	40.0	15.520973567827964	-4.655337467729228	825.1497267615015
83.0	40.0	15.535414137497954	-4.638081234856441	826.6425867195086
84.0	40.0	15.54977615041215	-4.621717537387214	828.1351426154672
85.0	40.0	15.564059151811353	-4.6047603427042345	829.6276334664805
86.0	40.0	15.578265143486991	-4.588871618849464	831.1199941914853
87.0	40.0	15.59239332985109	-4.572265022525715	832.6122184274598
88.0	40.0	15.606443812129452	-4.556940995600721	834.1044040618212
89.0	40.0	15.620425037169257	-4.540997957679977	835.5962070709652
90.0	40.0	15.634330019711378	-4.525663248896304	837.0879117524491
91.0	40.0	15.64815006901695	-4.51019102429926	838.5794838632029
92.0	40.0	15.661896479670427	-4.49503751128622	840.0708447509608
93.0	40.0	15.675577276460825	-4.480007339501382	841.5620154099
94.0	40.0	15.689169726886576	-4.4653239096424056	843.0529102077578
95.0	40.0	15.70269372538754	-4.45056616115952	844.5436231655502
96.0	40.0	15.716144163221239	-4.436218630768122	846.0341395906022
97.0	40.0	15.729518911141884	-4.421932185193012	847.5243543153988
98.0	40.0	15.742819585852557	-4.408321824830243	849.0144023536736
99.0	40.0	15.75605423367902	-4.394087080824586	850.5041359475453
100.0	40.0	15.769207408815328	-4.380808562577836	851.9937484348736
101.0	40.0	15.782288392147844	-4.366847082668767	853.4830596386522
102.0	40.0	15.795303550705214	-4.353857719817013	854.9720997069471
103.0	40.0	15.808240117457155	-4.340349992452707	856.46094577101
104.0	40.0	15.821113619406509	-4.328088325996681	857.949657521886
105.0	40.0	15.833920977924967	-4.31543164182917	859.4380622620166
106.0	40.0	15.846662597610822	-4.302949830593093	860.9261700141394
107.0	40.0	15.859338346324359	-4.290281297960458	862.4141350493609
108.0	40.0	15.871948974200748	-4.27853522389714	863.9018973842152
109.0	40.0	15.884503822520694	-4.266638569706096	865.3895490799136
110.0	40.0	15.89700113137006	-4.25473856402128	866.8768472871991
111.0	40.0	15.909442625780981	-4.243166435647806	868.3641451810931
112.0	40.0	15.921820813389084	-4.232249073178397	869.8510773638507
113.0	40.0	15.934150484237444	-4.220387668959519	871.3380054022421
114.0	40.0	15.946426923234402	-4.209131072013622	872.8247054769182
115.0	40.0	15.958655514995874	-4.198315518662581	874.3111549503911
116.0	40.0	15.970839921397967	-4.187873059681872	875.7975885403791
117.0	40.0	15.98297451504231	-4.176898660992371	877.2837748779078
118.0	40.0	15.995064186307467	-4.166456140774932	878.7698026072386
119.0	40.0	16.007107999962674	-4.156673669439944	880.2558111958139
120.0	40.0	16.019104594902515	-4.146088997009659	881.7417254036848
121.0	40.0	16.031052453701232	-4.136622953163014	883.22727954313
122.0	40.0	16.042953842711523	-4.126291686764132	884.7128131535826
123.0	40.0	16.054804962344612	-4.1173340584369615	886.1983670258458
124.0	40.0	16.06660145586916	-4.107727631446835	887.6836881728066
125.0	40.0	16.078354780567583	-4.098173072216587	889.1689022919003
126.0	40.0	16.090059584681583	-4.089425481084407	890.6541989035829
127.0	40.0	16.10171274567729	-4.080286587304933	892.1392073403754
128.0	40.0	16.1133188901365	-4.071463883395157	893.6240685235557
129.0	40.0	16.124874381575395	-4.062160269361237	895.1088940128884
130.0	40.0	16.136383587282673	-4.054080683623285	896.5936922417623
131.0	40.0	16.1478394042603	-4.0456720756880795	898.078323655958
132.0	40.0	16.15924553622797	-4.037056242957121	899.5628677761782
133.0	40.0	16.170603623031806	-4.029023348183832	901.0471741008463
134.0	40.0	16.181913382103772	-4.020875823876487	902.5315257348574
135.0	40.0	16.193179751412902	-4.012906841872225	904.0158577877091
136.0	40.0	16.20439957835055	-4.004988405309123	905.4999765395785
137.0	40.0	16.215584675206205	-3.9973292245836323	906.9840374383239
138.0	40.0	16.226719344181735	-3.9900803553782738	908.4679687687391
139.0	40.0	16.2378207084529	-3.982166889556468	909.9518968545674
140.0	40.0	16.248871376722256	-3.9749567222958615	911.4356413178946
141.0	40.0	16.25988138744017	-3.9673942745104283	912.9193002394736
142.0	40.0	16.270857231653448	-3.960976458262447	914.4029282375517
143.0	40.0	16.28178732417722	-3.953382006354996	915.8864037330218
144.0	40.0	16.292672301216736	-3.946526429858847	917.3697947331385
145.0	40.0	16.303523522439264	-3.9402439243272322	918.8532571704641
146.0	40.0	16.314337769139673	-3.933128437056812	920.3364803000883
147.0	40.0	16.325100555090504	-3.9265531624901007	921.8196113417355
148.0	40.0	16.335823862131	-3.9207073126867527	923.3027199713212
149.0	40.0	16.346511253960866	-3.9139550854376064	924.7856660077165
150.0	40.0	16.357158296597532	-3.908200812310525	926.26868703337
151.0	40.0	16.367758697689865	-3.9016157097446267	927.7515170720857
152.0	40.0	16.37831554191737	-3.896250594326619	929.2342658639673
153.0	40.0	16.388849392069638	-3.8898490008069646	930.7169899026014
154.0	40.0	16.399327875507264	-3.884713032233947	932.199716207069
155.0	40.0	16.409766703458914	-3.8788362237066747	933.682250120926
156.0	40.0	16.420175835817197	-3.873037474214688	935.164683565125
157.0	40.0	16.430540867265503	-3.8681419949883473	936.6473109708127
158.0	40.0	16.440862130829437	-3.8621599857987507	938.1296914034708
159.0	40.0	16.451150036713727	-3.857643459603581	939.6119917967541
160.0	40.0	16.461396844158763	-3.8523204347190463	941.0942418077314
161.0	40.0	16.47160703168607	-3.8474576019706856	942.5765051286264
162.0	40.0	16.48176741804363	-3.84213418942978	944.0586757236784
163.0	40.0	16.491904672905967	-3.8377964733375656	945.5407352986148
164.0	40.0	16.501987189347258	-3.8332073168272465	947.0227227851705
165.0	40.0	16.512039644001703	-3.8285128995975812	948.5045619200479
166.0	40.0	16.522053196262924	-3.8241992833146705	949.986410518266
167.0	40.0	16.53202830905495	-3.8193081521471095	951.4683468978378
168.0	40.0	16.54196679417709	-3.8153869579853232	952.9500575235056
169.0	40.0	16.551856211534933	-3.8113077471172048	954.4318304152705
170.0	40.0	16.561723114070652	-3.807290826895794	955.9134067841052
171.0	40.0	16.571543509117298	-3.803759686681731	957.3948962843737
172.0	40.0	16.581324259927605	-3.800067098718991	958.876473123069
173.0	40.0	16.59106915609206	-3.796913176611353	960.3578283355565
174.0	40.0	16.600774937780972	-3.7935694228625225	961.8392861442958
175.0	40.0	16.61044196120234	-3.7905276260664964	963.3205158824132
176.0	40.0	16.620071141992064	-3.7876291008462095	964.8017127493226
177.0	40.0	16.629664895648997	-3.784683904104537	966.2829251727594
178.0	40.0	16.639225807133656	-3.7819657348692433	967.7638950357896
179.0	40.0	16.648743225835332	-3.7792373960243157	969.2449266065996
180.0	40.0	16.65822558297399	-3.7767641062267225	970.7258593717809
181.0	40.0	16.667677466330264	-3.7743031125294535	972.2068574792962
182.0	40.0	16.677076833766165	-3.7719747700780144	973.6875682807004
183.0	40.0	16.686454862828615	-3.7697383391957966	975.1683856047401
184.0	40.0	16.69579719702363	-3.767508564918957	976.6489817333756
185.0	40.0	16.705089537446	-3.7654965953170163	978.129560239811
186.0	40.0	16.714359706598263	-3.7640770370861527	979.6101875855269
187.0	40.0	16.72359177279294	-3.7617740940159994	981.0906384055633
188.0	40.0	16.73278385378672	-3.760025403060348	982.571117882174
189.0	40.0	16.741938456325123	-3.758334103126683	984.0515379380985
190.0	40.0	16.75106589257348	-3.7568791595319477	985.5317176069095
191.0	40.0	16.76015161277134	-3.7552265512598986	987.0119843052129
192.0	40.0	16.7692085922274	-3.754122209718886	988.492121655076
193.0	40.0	16.77822224537331	-3.752761228630127	989.9722581213446
194.0	40.0	16.787206874809947	-3.7519642968225044	991.4521954045524
195.0	40.0	16.79615328309019	-3.7505734021422423	992.9322126952142
196.0	40.0	16.80507065935262	-3.7496301660783153	994.4119971675334
197.0	40.0	16.813953197627992	-3.748917065188536	995.8917640762063
198.0	40.0	16.82280134858007	-3.7478625053360304	997.371463384246
199.0	40.0	16.831609872418536	-3.7472909124977614	998.8510670097517
200.0	40.0	16.840382932020635	-3.7468249409295584	1000.33057773991
201.0	40.0	16.849130076953877	-3.746740047295106	1001.8099798198167
202.0	40.0	16.857843572670483	-3.7460815646966563	1003.2894427029242
203.0	40.0	16.866524085598712	-3.745723179268492	1004.7685880280688
204.0	40.0	16.87517113318407	-3.745802500712872	1006.2479242250898
205.0	40.0	16.883785557645734	-3.745619660878469	1007.7268744783191
206.0	40.0	16.892361911216263	-3.745721806369766	1009.2059731805712
207.0	40.0	16.90091247741554	-3.74634649103171	1010.6848412881689
208.0	40.0	16.9094298563382	-3.7461866817588647	1012.1637117492252
209.0	40.0	16.917916982132564	-3.7464182828997146	1013.642568382142
210.0	40.0	16.926371089589633	-3.7469309968028197	1015.1212192931455
211.0	40.0	16.934793807876957	-3.747484048403061	1016.5998482891035
212.0	40.0	16.943185131657053	-3.748061960332368	1018.0784545095172
213.0	40.0	16.951546775122146	-3.748751581719007	1019.5570242850727
214.0	40.0	16.95987625114183	-3.750013687126656	1021.0352978018764
215.0	40.0	16.96816877609095	-3.7503744417099973	1022.5137713555558
216.0	40.0	16.976437085671424	-3.751551822075475	1023.9920395527603
217.0	40.0	16.984675345192066	-3.7525910679079004	1025.4702224599987
218.0	40.0	16.992882966332004	-3.753736982683897	1026.948428599897
219.0	40.0	17.0010600759041	-3.7551281350540138	1028.4264070740894
220.0	40.0	17.009207377034393	-3.756453981910097	1029.9042076442656
221.0	40.0	17.017321544203966	-3.7580131962391192	1031.3823135072535
222.0	40.0	17.025409755013726	-3.75945500266155	1032.8601255238952
223.0	40.0	17.03347642631666	-3.761141043251434	1034.337934308316
224.0	40.0	17.04150679728057	-3.7629536770607666	1035.8156080621422
225.0	40.0	17.049508255509938	-3.764708613070108	1037.2933265670931
226.0	40.0	17.057482737307755	-3.766622261800156	1038.771142005957
227.0	40.0	17.06542101703462	-3.7685863018265238	1040.2488279223223
228.0	40.0	17.073336528605125	-3.770861042986798	1041.726518773642
229.0	40.0	17.081233133951056	-3.7729249769289264	1043.204104351976
230.0	40.0	17.089097517947415	-3.7753048487579983	1044.6817565803412
231.0	40.0	17.09693347377409	-3.777655607129866	1046.1593581094442
232.0	40.0	17.104736805939115	-3.7799785298876776	1047.6370010131054
233.0	40.0	17.112520734208882	-3.782793177289582	1049.1146096266193
234.0	40.0	17.1202794383964	-3.7853547300109756	1050.5920388180225
235.0	40.0	17.128018611585475	-3.7880543939937024	1052.0696242327854
236.0	40.0	17.13572468866758	-3.790914719535181	1053.5471253636751
237.0	40.0	17.14340622522516	-3.7938287511154782	1055.0247287572047
238.0	40.0	17.151054953278415	-3.7968323685269034	1056.5020760645184
239.0	40.0	17.158684489023802	-3.7995170891993624	1057.9794859048845
240.0	40.0	17.166293845081725	-3.8032081593235194	1059.4568398786876
241.0	40.0	17.17388526515184	-3.806526157110174	1060.9342040920365
242.0	40.0	17.181444892549102	-3.8097588612695543	1062.4116491160717
243.0	40.0	17.1889837576941	-3.8128824345731	1063.8888133888731
244.0	40.0	17.19649035685801	-3.8168527885709707	1065.366253741207
245.0	40.0	17.203980315901916	-3.8205426212325255	1066.8433380911636
246.0	40.0	17.211451803331087	-3.8239017393656347	1068.3205750563577
247.0	40.0	17.218897927901743	-3.828033472641491	1069.7978047936194
248.0	40.0	17.226325008752475	-3.831935986785713	1071.2748843504667
249.0	40.0	17.233735617924914	-3.8357580309789627	1072.7521313730945
250.0	40.0	17.24111591424023	-3.840146396332936	1074.2292279534502
251.0	40.0	17.248476119465163	-3.8439563364554896	1075.706238416321
252.0	40.0	17.25581323851789	-3.8486259195539354	1077.1833975005484
253.0	40.0	17.263123388131095	-3.852749985264728	1078.6603057270981
254.0	40.0	17.270416760712706	-3.857477353175685	1080.1374692937234
255.0	40.0	17.277689816443687	-3.8616776056535858	1081.61439208686
256.0	40.0	17.28494068631281	-3.8667247066401202	1083.0913838248905
257.0	40.0	17.29217165298019	-3.871106518337427	1084.5683805117526
258.0	40.0	17.29938499493895	-3.876013179371972	1086.0452657161936
259.0	40.0	17.306575787265217	-3.8812143216796926	1087.5221899096055
260.0	40.0	17.313757425799416	-3.8861442795328256	1088.9990198360742
261.0	40.0	17.32090902173495	-3.8910585823577497	1090.475859866745
262.0	40.0	17.328042961211704	-3.896356138288529	1091.952701402777
263.0	40.0	17.335155929129286	-3.901742289724927	1093.4294228190074
264.0	40.0	17.34225015578886	-3.907388356709112	1094.9061098762988
265.0	40.0	17.349323313383604	-3.9127660188440294	1096.3829077302146
266.0	40.0	17.35637981674616	-3.9182499366884866	1097.8595350066144
267.0	40.0	17.363414644119892	-3.924002923610599	1099.3361681350123
268.0	40.0	17.37043213309386	-3.929784757068636	1100.8127645184645
269.0	40.0	17.377432485007162	-3.935969731065836	1102.289271179176
270.0	40.0	17.384412991083703	-3.941369444301312	1103.7658557155605
271.0	40.0	17.391385078642806	-3.947913669047566	1105.2424322077177
272.0	40.0	17.398323470627854	-3.954260248384896	1106.7188824300442
273.0	40.0	17.405250570876607	-3.9604514843955414	1108.1952833835128
274.0	40.0	17.412163817609063	-3.967036622581756	1109.6717831372457
275.0	40.0	17.41905687253036	-3.973332549010966	1111.148138023917
276.0	40.0	17.425933884262726	-3.980260166282138	1112.6245920580188
277.0	40.0	17.432795628253267	-3.9867609997855906	1114.1008711733436
278.0	40.0	17.43964438699399	-3.99388459517846	1115.5772885387526
279.0	40.0	17.446476562445874	-4.000666525647151	1117.053617631992
280.0	40.0	17.453287635144072	-4.008235440394912	1118.5298926887074
281.0	40.0	17.46007797100138	-4.014955895750637	1120.0061423713773
282.0	40.0	17.46685081872839	-4.0223920596457665	1121.4823898658135
283.0	40.0	17.473610136658216	-4.030170131702018	1122.9586170398272
284.0	40.0	17.480350078933604	-4.037429270083761	1124.4348696933391
285.0	40.0	17.48708128182685	-4.045096406495365	1125.9110122513882
286.0	40.0	17.493790946462838	-4.05278918399635	1127.387139610861
287.0	40.0	17.5004819822153	-4.060777907377122	1128.8633382764765
288.0	40.0	17.50715816181375	-4.06865662621969	1130.3394391860593
289.0	40.0	17.513819225928515	-4.076825458167782	1131.8154671377583
290.0	40.0	17.5204630317444	-4.084746697691504	1133.2914153842528
291.0	40.0	17.52709033451389	-4.093337384183672	1134.7673858305948
292.0	40.0	17.533708656685263	-4.101860423850557	1136.2432692859088
293.0	40.0	17.540305299595524	-4.110181932088047	1137.7192269130044
294.0	40.0	17.54688449749448	-4.119020254758833	1139.1951941558766
295.0	40.0	17.55344792935926	-4.127652184565963	1140.6707830363523
296.0	40.0	17.5599968644249	-4.136451836806578	1142.1467502363487
297.0	40.0	17.56652733177462	-4.14574810097627	1143.6224958494327
298.0	40.0	17.573055555120657	-4.15469827035619	1145.0982211396256
299.0	40.0	17.57955645232246	-4.163829073078215	1146.5738582829301
300.0	40.0	17.586039958162953	-4.173354396737341	1148.049491211422
301.0	40.0	17.592508405415582	-4.182797671062974	1149.525250810156
302.0	40.0	17.598962612271166	-4.192168492389997	1151.0007203294745
303.0	40.0	17.60540708123559	-4.201725395812375	1152.4762258502756
304.0	40.0	17.61182908668001	-4.2118645935530346	1153.9516202415966
305.0	40.0	17.618237471113837	-4.221787116286825	1155.4270773599012
306.0	40.0	17.62462993481874	-4.231563578190201	1156.9024894545973
307.0	40.0	17.631006996960544	-4.242035609857509	1158.3776571549997
308.0	40.0	17.63738561302284	-4.251956708752709	1159.852917485161
309.0	40.0	17.643732114934515	-4.26233733995503	1161.3281879421495
310.0	40.0	17.650065267404656	-4.2728739168030145	1162.80337456833
311.0	40.0	17.65638543175909	-4.283336711528886	1164.2783343043
312.0	40.0	17.662697140821457	-4.294189931042828	1165.7533716251687
313.0	40.0	17.668986318830903	-4.3050826366465795	1167.2283242170022
314.0	40.0	17.675264763221648	-4.315937556043677	1168.7032425524662
315.0	40.0	17.68152609075301	-4.3268158886819155	1170.1779254975265
316.0	40.0	17.687779280527614	-4.338244897349498	1171.6527075431898
317.0	40.0	17.694023576854104	-4.349325289768398	1173.1273707197645
318.0	40.0	17.70024368165801	-4.3605589266178	1174.6019901577072
319.0	40.0	17.70644925943257	-4.372484681226986	1176.0764197272297
320.0	40.0	17.71264340058338	-4.383940328630594	1177.5507820807277
321.0	40.0	17.718830381458915	-4.395549588641979	1179.0252190409456
322.0	40.0	17.72499594053623	-4.407053008880784	1180.4993387487048
323.0	40.0	17.73115564513912	-4.419308318938893	1181.9733957336775
324.0	40.0	17.73729455857977	-4.431439224648739	1183.447339280742
325.0	40.0	17.743427651889636	-4.443396555430582	1184.9212097293089
326.0	40.0	17.74954136043999	-4.455465136984414	1186.3949825836273
327.0	40.0	17.755640321000445	-4.468299933803019	1187.8686216448107
328.0	40.0	17.761728571216025	-4.4804623768634455	1189.3421965827008
329.0	40.0	17.7678089111811	-4.493229779459238	1190.8156465855088
330.0	40.0	17.773875877992378	-4.5055746660447875	1192.2889900060832
331.0	40.0	17.779924878703948	-4.518531480345914	1193.7620779701842
332.0	40.0	17.785959936623588	-4.5315613591688475	1195.2351290632068
333.0	40.0	17.791990530891603	-4.5443439173028075	1196.708059442537
334.0	40.0	17.798002570701406	-4.55748709484874	1198.1808060731616
335.0	40.0	17.80400117749333	-4.570576835351304	1199.6534792953073
336.0	40.0	17.809992358028037	-4.58402087799167	1201.1260005123804
337.0	40.0	17.81597576657161	-4.597319787030505	1202.5982493441122
338.0	40.0	17.821938028275785	-4.610939903174474	1204.0705757439146
339.0	40.0	17.827887664015865	-4.624283542005232	1205.5426123547602
340.0	40.0	17.833827524183036	-4.638262793649309	1207.0147328953137
341.0	40.0	17.839761749833013	-4.651689888949849	1208.4863934443676
342.0	40.0	17.845684097389395	-4.665749098743873	1209.9582469772884
343.0	40.0	17.851587444442956	-4.679493854384668	1211.429779412
344.0	40.0	17.857479691290898	-4.693753001989181	1212.901268454065
345.0	40.0	17.86336987349554	-4.7076873587475125	1214.3725727735477
346.0	40.0	17.86923947499431	-4.722208380721258	1215.84363671239
347.0	40.0	17.875103231280768	-4.7363583654977495	1217.3146649941725
348.0	40.0	17.88095260596399	-4.750877206537156	1218.7855375544332
349.0	40.0	17.88679740061074	-4.765541766016739	1220.2562357564336
350.0	40.0	17.89262228163263	-4.780168292201953	1221.7266376603982
351.0	40.0	17.898438960862265	-4.79466702644212	1223.1969092288266
352.0	40.0	17.904251100104414	-4.809621859948051	1224.6670773801036
353.0	40.0	17.910052104319064	-4.824504635530218	1226.1369670269794
354.0	40.0	17.915835662126618	-4.839532237851804	1227.6065553320207
355.0	40.0	17.921607366389413	-4.854529466573165	1229.076146162875
356.0	40.0	17.927380528951506	-4.869789554927306	1230.5454457215503
357.0	40.0	17.93313293390939	-4.88506282811931	1232.0145281221708
358.0	40.0	17.93888011622898	-4.900193085302327	1233.4833488347538
359.0	40.0	17.944613810462837	-4.915709421713626	1234.9519357290778
360.0	40.0	17.9503437929822	-4.931427736063267	1236.4202884834451
361.0	40.0	17.956055184212097	-4.946789197251403	1237.8882046519473
362.0	40.0	17.961760011665163	-4.962745530560816	1239.3560963766722
363.0	40.0	17.967465859880257	-4.9786163753989765	1240.8236844227326
364.0	40.0	17.97315125712446	-4.994177949058057	1242.2910507857484
365.0	40.0	17.978825139754942	-5.010631711896214	1243.7579659392625
366.0	40.0	17.984489227532205	-5.0264557574983	1245.2245978663004
367.0	40.0	17.99015347018418	-5.042693623457422	1246.6910723787535
368.0	40.0	17.99579957123006	-5.059105186340124	1248.1571295558608
369.0	40.0	18.00144140087702	-5.075216282542287	1249.6228732531306
370.0	40.0	18.007071701801127	-5.092131004082766	1251.0883144226166
371.0	40.0	18.012698108957387	-5.108388329281837	1252.5533733254751
372.0	40.0	18.01830792130388	-5.125315257686623	1254.0182051913587
373.0	40.0	18.023910912915536	-5.141818056791183	1255.4825516056994
374.0	40.0	18.029516648552	-5.158861127835151	1256.946639573607
375.0	40.0	18.03510263384823	-5.175775414859296	1258.4101801507006
376.0	40.0	18.040677636052717	-5.192741735843503	1259.8735215955198
377.0	40.0	18.04624324138009	-5.209926748795747	1261.3365136251855
378.0	40.0	18.05181239120392	-5.227269422936365	1262.7989300952445
379.0	40.0	18.05736336933553	-5.244592369496593	1264.2609270763871
380.0	40.0	18.062909865983233	-5.262389357258436	1265.7224615526288
381.0	40.0	18.06844633273524	-5.279783535139065	1267.1836377454815
382.0	40.0	18.073980919570857	-5.297286557439814	1268.6442318996899
383.0	40.0	18.07949780343365	-5.315309910890503	1270.1044824586409
384.0	40.0	18.08501091862361	-5.333243299663327	1271.5643052731407
385.0	40.0	18.090518978943198	-5.351127089578354	1273.0235062582076
386.0	40.0	18.096021594033374	-5.3690695971979725	1274.4822780652723
387.0	40.0	18.101510191457095	-5.387273767899511	1275.940453824389
388.0	40.0	18.10698976460158	-5.4057881088427795	1277.3980824161602
389.0	40.0	18.11247065098342	-5.424060239705157	1278.8553639516804
390.0	40.0	18.117943937179078	-5.442561806261894	1280.3118933030607
391.0	40.0	18.12340154213422	-5.4612200382360125	1281.76791378339
392.0	40.0	18.128852385084762	-5.480026495007294	1283.2234769876138
393.0	40.0	18.134305715093713	-5.498723734726663	1284.6784423058168
394.0	40.0	18.139742111124832	-5.517812515982099	1286.1328651884685
395.0	40.0	18.145174030540797	-5.536894758505556	1287.5866075883291
396.0	40.0	18.150597770965383	-5.5558902859771555	1289.0398984142496
397.0	40.0	18.1560202060336	-5.575407681130654	1290.492544420577
398.0	40.0	18.161439859330503	-5.594545081767538	1291.9445381473379
399.0	40.0	18.16684204857077	-5.614121418555122	1293.3959082159759
400.0	40.0	18.172238964244663	-5.634052763458657	1294.8465670916744
401.0	40.0	18.177632033987145	-5.65405434290648	1296.2968497705406
402.0	40.0	18.183024398287703	-5.674032850758	1297.746108941276
403.0	40.0	18.188407725338827	-5.6944823661032755	1299.1947882614206
404.0	40.0	18.19377993448355	-5.715193238529013	1300.6428303987836
405.0	40.0	18.199147642986688	-5.735814759793721	1302.0902296252298
406.0	40.0	18.204516032439027	-5.756701703508548	1303.5368423151417
407.0	40.0	18.20987004512639	-5.777880506613659	1304.9826383112263
408.0	40.0	18.215221269711506	-5.799361220030442	1306.4276080407246
409.0	40.0	18.220569379797976	-5.8205667406514365	1307.8720569901798
410.0	40.0	18.22591374760178	-5.842426792459456	1309.3155610654494
411.0	40.0	18.231247821275307	-5.864020520070389	1310.7585332741005
412.0	40.0	18.23657447690695	-5.886163446565899	1312.200562128168
413.0	40.0	18.241895835176294	-5.908158698800113	1313.6418036459104
414.0	40.0	18.2472136285708	-5.9304888981598705	1315.0821891767725
415.0	40.0	18.25253122197397	-5.95260793556977	1316.5218825052548
416.0	40.0	18.25783720509023	-5.975111190201758	1317.9607332923479
417.0	40.0	18.263137741384398	-5.997635606747163	1319.398776765174
418.0	40.0	18.268435752301905	-6.0204882586203805	1320.8358473171145
419.0	40.0	18.273726241079487	-6.042920470506797	1322.2721677080276
420.0	40.0	18.280780103485803	-8.088295879191932	1323.6175116685965
421.0	40.0	18.28952634452873	-10.142047937542127	1324.8820760038245
422.0	40.0	18.29990900632805	-12.203271770065902	1326.0769251290594
423.0	40.0	18.3118673629689	-14.271004187852554	1327.2133650127776
424.0	40.0	18.32528923116059	-16.343726243149394	1328.301601263351
425.0	40.5	18.173427272318385	-16.33972503383533	1329.4185138055525
426.0	40.5	18.18573866207905	-16.375731061306393	1330.5572058548496
427.0	40.5	18.199336332948352	-18.458375186042186	1331.6484699746559
428.0	40.5	18.21268699409049	-18.48807470045924	1332.7606352461084
429.0	40.5	18.227231602121012	-20.56713694914012	1333.8295516039677
430.0	40.5	18.24008159036208	-18.531821144663244	1334.975776567297
431.0	40.5	18.25410163693137	-20.612147837234236	1336.0743416752407
432.0	40.5	18.266505445589267	-18.566698307582072	1337.241756221608
433.0	40.5	18.28007359870667	-20.642674790769316	1338.3596077697105
434.0	40.5	18.29339972817519	-20.641071407304704	1339.4878107832924
435.0	40.5	18.30521377633983	-18.58033257383331	1340.676921742352
436.0	40.5	18.318159328764022	-20.643638276496947	1341.815383776832
437.0	40.5	18.330895985102952	-20.626113178550735	1342.9611854686325
438.0	40.5	18.342203378967824	-18.555604091336495	1344.1634374876012
439.0	40.5	18.354594812043565	-20.60528308884478	1345.3153664037186
440.0	40.5	18.366821550795578	-20.58029222289788	1346.4729251837327
441.0	40.5	18.37886742693091	-20.555074175165586	1347.6346221932506
442.0	40.5	18.39075256097634	-20.529362712137345	1348.799678754307
443.0	40.5	18.402487363753853	-20.502248982486314	1349.967413864515
444.0	40.5	18.414068475370957	-20.47316334273859	1351.1373428499915
445.0	40.5	18.425505837558358	-20.441920132770715	1352.3088482666435
446.0	40.5	18.436799655433628	-200.2447779993127	1353.4170196423888
447.0	40.5	18.447595633370884	-21.268740027012843	1354.818123086053
448.0	40.5	18.458245035677386	-21.851501341652583	1356.269469488426
449.0	40.5	18.468784800311607	-22.15486551103092	1357.7012960383965
450.0	40.5	18.47506924848485	-13.409009037455553	1359.210331569825
451.0	40.5	18.480318981003478	-11.254838400082363	1360.7229153039898
452.0	40.5	18.486633971045897	-13.594640740836095	1362.1759091769775
453.0	40.5	18.49189603764063	-11.392353680736889	1363.6483365516285
454.0	40.5	18.49823681881107	-13.742306228538117	1365.0621518922273
455.0	40.5	18.504576120476816	-13.802480846199298	1366.4628415560983
456.0	40.5	18.50985866667981	-11.549435204533749	1367.8969430179857
457.0	40.5	18.51621413342746	-13.91374686657469	1369.2714631621393
458.0	40.5	18.522568427580094	-13.95852181793145	1370.6378154642998
459.0	40.5	18.527864485299748	-11.668898647915428	1372.045694664249
460.0	40.5	18.534221813955927	-14.046343749520952	1373.3926817980005
461.0	40.5	18.540579844501725	-14.081103882026994	1374.7342836660498
462.0	40.5	18.546931129333785	-14.114472811642628	1376.0705425123042
463.0	40.5	18.553262934569528	-14.147783240305957	1377.4014350913067
464.0	40.5	18.559596379997686	-14.18022893432036	1378.7270352822038
465.0	40.5	18.566957643797203	-16.577125093040536	1379.9946491246758
466.0	40.5	18.57428816833831	-16.60774823354444	1381.2618511690123
467.0	40.5	18.58157181664505	-16.639696294163578	1382.527366574514
468.0	40.5	18.58984102861591	-19.049538202316842	1383.7380137211717
469.0	40.5	18.599060577054395	-21.45786039259338	1384.8991774070419
470.0	40.5	18.608169822044097	-21.48701791310565	1386.0651103205355
471.0	40.5	18.618183844749606	-23.91274374744981	1387.1824229295055
472.0	40.5	18.628049942637055	-23.958698370849735	1388.3036979507942
473.0	40.5	18.637797131943145	-24.017452108618805	1389.4256553433029
474.0	40.5	18.647447040743433	-24.085622883516145	1390.5461434010756
475.0	40.5	18.65698339685827	-24.160708868417906	1391.6644530559383
476.0	40.5	18.66641716892298	-24.239702010415684	1392.779878175402
477.0	40.5	18.675746964403352	-24.32028132682563	1393.8921890339848
478.0	41.0	18.486615254052932	-24.372982743387634	1395.0013199032303
479.0	41.0	18.495456138607576	-24.45287744499792	1396.1074576986966
480.0	41.0	18.50421923617944	-24.52980592244914	1397.2107898656368
481.0	41.0	18.512907489910464	-24.602693283118704	1398.3116518500526
482.0	41.0	18.521539522248197	-24.671660323136262	1399.410435431559
483.0	41.0	18.53009631833855	-24.735733671019418	1400.5073768702941
484.0	41.0	18.538594329966074	-24.79588465316329	1401.6028469362438
485.0	41.0	18.547008197108628	-24.852172976957874	1402.6970092823192
486.0	41.0	18.55537580589872	-24.907432272344	1403.7902634838929
487.0	41.0	18.563678705319248	-24.962838087836445	1404.8824901255743
488.0	41.0	18.57193715953978	-25.01972957034124	1405.9737050693673
489.0	41.0	18.580137255100166	-25.07996953872245	1407.0642272032023
490.0	41.0	18.588279551683495	-25.144653840864027	1408.15371910632
491.0	41.0	18.596377866751077	-25.217170741115176	1409.2418087425285
492.0	41.0	18.604439547721455	-25.295674535685563	1410.3285555179157
493.0	41.0	18.612447587988	-25.37982603971987	1411.4137469515736
494.0	41.0	18.620419328703736	-25.46831609559611	1412.4970693928715
495.0	41.0	18.62834774783204	-25.56009564160829	1413.5783424500569
496.0	41.0	18.63623554172917	-25.65388897047504	1414.6574721457578
497.0	41.0	18.64408154003048	-25.747989208742062	1415.7344118881235
498.0	41.0	18.65190925783456	-25.83969933236915	1416.8088027708213
499.0	41.0	18.6597139671366	-25.926264963052617	1417.8811100889084
500.0	41.0	18.66748195186473	-26.005084551596102	1418.9516242038108
501.0	41.0	18.675219213334742	-26.072116898202676	1420.020498329621
502.0	41.0	18.682932695486436	-26.12586898432032	1421.0883971258584
503.0	41.0	18.6906341401585	-26.16518564275012	1422.1555007907623
504.0	41.0	18.698289403353257	-26.19157434016379	1423.222381562433
505.0	41.0	18.705921645246676	-26.206667237478083	1424.2893358560282
506.0	41.0	18.71351625191515	-26.211885135157626	1425.3567363224588
507.0	41.0	18.72108808549147	-26.209327829372427	1426.4248338296366
508.0	41.0	18.72861742592879	-26.201167337580237	1427.49375108352
509.0	41.0	18.736144008660872	-26.190230420810767	1428.5636350136465
510.0	41.0	18.743642712321797	-26.179032737846608	1429.6340980344555
511.0	41.0	18.75111603265826	-26.169632372004656	1430.704928512262
512.0	41.0	18.75856159726643	-26.163940180610815	1431.7757507263752
513.0	41.0	18.765980172689098	-26.164545981622826	1432.8463682873503
514.0	41.0	18.77337661140501	-26.173803540345368	1433.9163063791948
515.0	41.0	18.78074860018965	-26.194181048709858	1434.9852198675671
516.0	41.0	18.788114125672564	-26.224057487816772	1436.0525260600873
517.0	41.0	18.795471330114335	-26.261910594818758	1437.118045443718
518.0	41.0	18.802797664459266	-26.305059287533307	1438.1814441110257
519.0	41.0	18.810120480057087	-26.351482231593245	1439.2430093799776
520.0	41.5	18.678891972353714	-26.41904129823785	1440.3025998756689
521.0	41.5	18.686092634728958	-26.46475108487	1441.3604479661567
522.0	41.5	18.693268787908096	-26.50602641772849	1442.4168500897395
523.0	41.5	18.70044493446205	-26.540960725048677	1443.4720590167663
524.0	41.5	18.70759548709816	-26.56703955443428	1444.5263242887524
525.0	41.5	18.71474194478009	-26.583942462082337	1445.5802207817892
526.0	41.5	18.72186846040597	-26.59015813814014	1446.6339562028788
527.0	41.5	18.72899713114202	-26.58547881000603	1447.6875472920528
528.0	41.5	18.736128296782255	-26.570346344394892	1448.7415652009486
529.0	41.5	18.743246063391883	-26.545829036379853	1449.7958940581575
530.0	41.5	18.750347792336864	-26.512261898803025	1450.8504803857206
531.0	41.5	18.7574386728685	-26.471406168989656	1451.905779509544
532.0	41.5	18.764517210546572	-26.424860766300757	1452.961107073629
533.0	41.5	18.77158326802286	-26.377264440350075	1454.0163538282582
534.0	41.5	18.77864484697021	-26.330573178416163	1455.0711831552105
535.0	41.5	18.78571733982591	-26.284644382954273	1456.1256574617894
536.0	41.5	18.792774120128666	-26.23810990592448	1457.1791368832783
537.0	41.5	18.79982908034574	-26.191275654526866	1458.2315460502027
538.0	41.5	18.806867934331454	-26.14179792113174	1459.2827536506716
539.0	41.5	18.81417137602748	-200.6688252199154	1460.4351375286856
540.0	41.5	18.8214887769535	-26.793198013577825	1461.5637110288226
541.0	41.5	18.828767974721487	-27.306492614747814	1462.6510446235832
542.0	41.5	18.836044050367985	-27.609983499315053	1463.716563557184
543.0	41.5	18.84329897650991	-27.815689021117	1464.7674542776942
544.0	41.5	18.850539559724112	-27.959078074813565	1465.8080423361976
545.0	41.5	18.857772439289306	-28.058057100298907	1466.841086923067
546.0	41.5	18.86498759088661	-28.125697953234365	1467.8680387878883
547.0	41.5	18.87220942362298	-28.172946367713593	1468.890480698199
548.0	41.5	18.87942191142815	-28.210872012139085	1469.9087225221776
549.0	41.5	18.886616117496327	-28.255677273179217	1470.9230036959561
550.0	41.5	18.893803007666296	-28.302207262813436	1471.933454590511
551.0	41.5	18.90097967674017	-28.349882204312483	1472.9398797346448
552.0	41.5	18.90814582276569	-28.40444619289017	1473.9419289219636
553.0	41.5	18.915301593079867	-28.469792816654515	1474.9393341889136
554.0	41.5	18.922434817513686	-28.548898213928066	1475.931610816397
555.0	41.5	18.929567614669647	-28.638747760121063	1476.9186187487426
556.0	41.5	18.936691613858475	-28.736183252660453	1477.9003089086457
557.0	41.5	18.94381384831305	-28.836986158290816	1478.8765939872198
558.0	41.5	18.950935529244653	-28.93845758881751	1479.8477452516008
559.0	42.0	19.08076745146004	-29.064518786974403	1480.8139119319064
560.0	42.0	19.08808411076582	-29.15772686364075	1481.7754040692676
561.0	42.0	19.095398513154297	-29.242548104889458	1482.73300162328
562.0	42.0	19.102706781649495	-29.318075513693252	1483.6870596356566
563.0	42.0	19.11001591807912	-29.38604610956108	1484.6381743720847
564.0	42.0	19.117324339133877	-29.445429444518762	1485.5869286215402
565.0	42.0	19.124636257347717	-29.498483477263058	1486.5334677119508
566.0	42.0	19.131954199053098	-29.548388498760442	1487.4778754068357
567.0	42.0	19.139271085685543	-29.599441557870044	1488.4203131397126
568.0	42.0	19.14657844724831	-29.654518957493252	1489.3604080278842
569.0	42.0	19.153893779864177	-29.717495802662462	1490.2979965950474
570.0	42.0	19.161195388191473	-29.791108079982312	1491.2327110654724
571.0	42.0	19.168497019541924	-29.876033067691075	1492.163816537971
572.0	42.0	19.175792950822938	-29.970024746892268	1493.0912995062968
573.0	42.0	19.183080078397126	-30.071530804973726	1494.0144699484638
574.0	42.0	19.190364982435913	-30.178195780954375	1494.9331518139365
575.0	42.0	19.197642485902172	-30.286552357213257	1495.8471747389356
576.0	42.0	19.204916972498825	-30.392901657949857	1496.7566763300927
577.0	42.0	19.21218929506038	-30.490535257393816	1497.661532360721
578.0	42.0	19.21947622905275	-30.574735988074064	1498.562509692369
579.0	42.0	19.22675181886767	-30.64003859037617	1499.4601689091194
580.0	42.0	19.23403600705002	-30.68241864326898	1500.3553105502272
581.0	42.0	19.241309765475386	-30.701859462483235	1501.2481091024254
582.0	42.0	19.248576236194967	-30.701020319536216	1502.138976447157
583.0	42.0	19.255844788659235	-30.68343602532344	1503.0280987467922
584.0	42.0	19.263090258098078	-30.653142448636242	1503.9158132236564
585.0	42.0	19.270327455021555	-30.614963393569347	1504.801945803897
586.0	42.0	19.27756078239778	-30.57294821620498	1505.6862390893439
587.0	42.0	19.28478354101608	-30.532202483872915	1506.5684275144602
588.0	42.0	19.291996622239324	-30.495409180264613	1507.4479619084511
589.0	42.0	19.29918677536169	-30.465780963963226	1508.3245223555118
590.0	42.0	19.306372183531128	-30.447553372548377	1509.1974831983666
591.0	42.0	19.31354995679573	-30.444297274334122	1510.0663580311966
592.0	42.0	19.320710709742546	-30.454952505495488	1510.930151052319
593.0	42.0	19.32786455656133	-30.476942206801386	1511.7889347301366
594.0	42.0	19.335000813944625	-30.506510708841883	1512.6422323027355
595.0	42.5	19.10834229917228	-30.536225997329716	1513.4900741171027
596.0	42.5	19.115273686115398	-30.570985012303073	1514.3328648002898
597.0	42.5	19.122189866498317	-30.60103659602339	1515.1709378766311
598.0	42.5	19.12911506842117	-30.622530432422423	1516.0049244308784
599.0	42.5	19.136036388785165	-30.631678222900884	1516.8354144037005
600.0	42.5	19.142967260908595	-30.62603476500842	1517.662770279627
601.0	42.5	19.149891533404777	-30.60520110331722	1518.487759037275
602.0	42.5	19.15681370052072	-30.568117225883043	1519.3107069416164
603.0	42.5	19.16373306925058	-30.515732069902636	1520.1319994899404
604.0	42.5	19.170644032145063	-30.450248270725577	1520.951732008427
605.0	42.5	19.177537120325827	-30.373644151842953	1521.7699497029957
606.0	42.5	19.184425923186634	-30.287374333371183	1522.5865500649797
607.0	42.5	19.191316953298294	-30.195406740691904	1523.4015014912877
608.0	42.5	19.198198134352587	-30.102746008315187	1524.214069243333
609.0	42.5	19.20506463849906	-30.010917021417615	1525.0243315281352
610.0	42.5	19.211921943949417	-29.91952650778148	1525.8316780823325
611.0	42.5	19.218774743254055	-29.826731721535555	1526.6361490666745
612.0	42.5	19.22561622219728	-29.730390752054756	1527.4373205860816
613.0	42.5	19.232756344722066	-202.4517022891706	1528.248234023519
614.0	42.5	19.23971501981636	-30.638821628042187	1529.0771483568892
615.0	42.5	19.246667606349032	-31.24364424554616	1529.868436072714
616.0	42.5	19.25359939995186	-31.57733225740216	1530.6454171504752
617.0	42.5	19.260531609753826	-31.777413294054703	1531.4138039621832
618.0	42.5	19.26746435822152	-31.896382334644954	1532.1762463952527
619.0	42.5	19.274400489769263	-31.9627112985671	1532.9339860752657
620.0	42.5	19.281320176454287	-31.998805028595832	1533.688087097455
621.0	42.5	19.28824075833057	-32.0283794882935	1534.4388028370674
622.0	42.5	19.295148678688957	-32.0663988975535	1535.185651813496
623.0	42.5	19.302053834498235	-32.10432060992264	1535.9287324963448
624.0	42.5	19.3089476467107	-32.14960216438943	1536.6672770588864
625.0	42.5	19.315834701799506	-32.207712422055494	1537.4008707278767
626.0	42.5	19.322705868817685	-32.285497348574005	1538.1288644968765
627.0	42.5	19.32958274997542	-32.38145596702323	1538.8507730825688
628.0	42.5	19.336454046311367	-32.48933706345014	1539.5660934607831
629.0	42.5	19.343318104411633	-32.60362263298067	1540.2752985420468
630.0	43.0	19.093339891210114	-32.715901298489456	1540.978493178949
631.0	43.0	19.100090372186337	-32.82623635680036	1541.6761403272988
632.0	43.0	19.106866648504578	-32.92698401939459	1542.369058000788
633.0	43.0	19.113641450201577	-33.015461118809625	1543.0580564445495
634.0	43.0	19.120427182904344	-33.09106146560329	1543.7439319768953
635.0	43.0	19.127206890316028	-33.15645314477734	1544.4276464708016
636.0	43.0	19.13398982800868	-33.21147335743999	1545.109567339739
637.0	43.0	19.140779266590926	-33.259827137781166	1545.7905023491267
638.0	43.0	19.147561203220405	-33.30904925761426	1546.4701012559603
639.0	43.0	19.154336259199365	-33.36384940694385	1547.14870123163
640.0	43.0	19.161107605942146	-33.430113356297575	1547.8255747202809
641.0	43.0	19.16787373732919	-33.51246417782636	1548.5006216336706
642.0	43.0	19.17463188367858	-33.61112355751185	1549.1728463659215
643.0	43.0	19.181387895584088	-33.7220723272141	1549.8421434712425
644.0	43.0	19.188147458414775	-33.84221290599427	1550.5082590126644
645.0	43.0	19.19490047208787	-33.966932430263945	1551.1706944919842
646.0	43.0	19.20165506248453	-34.0907308367933	1551.8299784817928
647.0	43.0	19.208407759133255	-34.20516629131679	1552.486501805014
648.0	43.0	19.2151606501719	-34.301430291646476	1553.1408851239878
649.0	43.0	19.221907466526133	-34.37255652799495	1553.794044583655
650.0	43.0	19.22866102196131	-34.41266381523937	1554.4472055566239
651.0	43.0	19.235396780485893	-34.42067565643775	1555.1009633215936
652.0	43.0	19.24214242577465	-34.4004205252	1555.7565534406433
653.0	43.0	19.248870045311357	-34.36035281548914	1556.4141222310325
654.0	43.0	19.255593392079387	-34.30654645992297	1557.0742934961584
655.0	43.0	19.262304227300497	-34.246427947360395	1557.736887308999
656.0	43.0	19.269017508241873	-34.186488898607834	1558.4016481585409
657.0	43.0	19.27570432770929	-34.13206468427332	1559.0680583229075
658.0	43.0	19.282379329190253	-34.08767868594841	1559.7353015718452
659.0	43.0	19.289034852447593	-34.05954987880156	1560.4028139413235
660.0	43.0	19.295689535989762	-34.05169716918583	1561.0697731387108
661.0	43.0	19.302332264897665	-34.0636176880583	1561.7356235234533
662.0	43.0	19.308965802862097	-34.09087911619832	1562.3997531969278
663.0	43.0	19.315581925401577	-34.12803127046792	1563.0623511861604
664.0	43.5	19.156224670885003	-34.18038648064125	1563.7229216152691
665.0	43.5	19.16273761416868	-34.2210825906591	1564.382591057939
666.0	43.5	19.16924730222491	-34.25423123105468	1565.0415819497355
667.0	43.5	19.175758230303362	-34.27436708915538	1565.7005456478366
668.0	43.5	19.18226926752938	-34.27756936570044	1566.3605132537618
669.0	43.5	19.188776476945822	-34.26168831461366	1567.0219509432093
670.0	43.5	19.195281512643874	-34.22655991291664	1567.6856649822093
671.0	43.5	19.20177336223023	-34.17296212016654	1568.3517535983003
672.0	43.5	19.208262911178036	-34.10363123137644	1569.0207440642562
673.0	43.5	19.214744067423535	-34.02212294498306	1569.6921644245904
674.0	43.5	19.221216460081433	-33.93093970244099	1570.3658115135368
675.0	43.5	19.22768196707052	-33.83568239089624	1571.0414690803138
676.0	43.5	19.234131584985256	-33.741159810304914	1571.7184884267956
677.0	43.5	19.24057887676043	-33.64881705315136	1572.395999204211
678.0	43.5	19.24701535910861	-33.558251792237755	1573.0739745451665
679.0	43.5	19.25344216872232	-33.46504690405035	1573.7520072899129
680.0	43.5	19.259908509171446	-203.9886765174194	1574.4047070263132
681.0	43.5	19.26670739187101	-33.43772649540793	1575.2820205779446
682.0	43.5	19.273429410718578	-34.3995131679991	1575.9980880209378
683.0	43.5	19.280127294922867	-34.90259011457787	1576.6715345604234
684.0	43.5	19.286807728807556	-35.16989589510072	1577.3315276744584
685.0	43.5	19.293464864095732	-35.31165720541553	1577.9876174710382
686.0	43.5	19.300102623211924	-35.37924212384994	1578.6430743958795
687.0	43.5	19.30673066745233	-35.407923066887044	1579.2987605120636
688.0	43.5	19.313334796839538	-35.43435999970706	1579.9547125087652
689.0	43.5	19.319919161919874	-35.4733892064825	1580.6099357452558
690.0	43.5	19.32648841062588	-35.51810118199554	1581.263612610603
691.0	43.5	19.33303187483978	-35.57882450653553	1581.9147766419028
692.0	43.5	19.339559295554146	-35.662371390488104	1582.5624639375878
693.0	43.5	19.34607814901343	-35.77152464748797	1583.2056866641447
694.0	43.5	19.352582505574595	-35.898100197597024	1583.8441179211295
695.0	43.5	19.359069945360655	-36.03391800231572	1584.4771127419715
696.0	44.0	19.230531968419452	-36.18481302899569	1585.105882076561
697.0	44.0	19.23678468011955	-36.31566684886517	1585.7302803580815
698.0	44.0	19.243030845695085	-36.43407720145566	1586.3514556736968
699.0	44.0	19.249294880242694	-36.535771233441274	1586.9704760074267
700.0	44.0	19.25554597957099	-36.62147279593842	1587.588020090495
701.0	44.0	19.26180982532245	-36.693979195816745	1588.2049234930437
702.0	44.0	19.268069282451535	-36.75620784183787	1588.8214111184097
703.0	44.0	19.274324966529054	-36.81506568061533	1589.4380240575385
704.0	44.0	19.280582717476662	-36.87995413857383	1590.0541108773687
705.0	44.0	19.286837029557955	-36.958419878793485	1590.669160033925
706.0	44.0	19.293088202833516	-37.0579101126133	1591.2822339690213
707.0	44.0	19.29933719723604	-37.18067372898645	1591.8925386744293
708.0	44.0	19.30558530805626	-37.32016527336211	1592.4991653523862
709.0	44.0	19.311825118351845	-37.47112669507021	1593.101877663113
710.0	44.0	19.318067475601374	-37.62681111901816	1593.7005417979046
711.0	44.0	19.324308251317877	-37.77676172684044	1594.295106489222
712.0	44.0	19.330558855016907	-37.908827814783734	1594.8859696730333
713.0	44.0	19.336794526085104	-38.01075899569764	1595.4739698180374
714.0	44.0	19.34303789025822	-38.074015618674366	1596.0598552195347
715.0	44.0	19.349271213141677	-38.0934509923353	1596.6446120125122
716.0	44.0	19.355499737696025	-38.07311373004164	1597.2293062824529
717.0	44.0	19.36172673756232	-38.02470845233733	1597.8143012138062
718.0	44.0	19.367939447586735	-37.959190964517724	1598.3992885076061
719.0	44.0	19.37414143988037	-37.886899902362615	1598.9840585474253
720.0	44.0	19.380323234591007	-37.81723223719922	1599.5676846616257
721.0	44.0	19.386498227675222	-37.75729539847765	1600.149277879153
722.0	44.0	19.392644915317298	-37.713798129198494	1600.7280455140067
723.0	44.0	19.398795355395404	-37.69125871708678	1601.3024818613449
724.0	44.0	19.404923125871502	-37.69827602240901	1601.8719811772637
725.0	44.0	19.411041090465478	-37.72699096260359	1602.4357716078569
726.0	44.0	19.417154758636585	-37.76978411314477	1602.9936585558262
727.0	44.5	19.53821394151669	-37.83508908929993	1603.5455005263636
728.0	44.5	19.54422931294444	-37.88176653903943	1604.0919321171027
729.0	44.5	19.550251348188223	-37.91762706526645	1604.6334474498253
730.0	44.5	19.556280606513	-37.935433453460526	1605.1709572138898
731.0	44.5	19.562313074774327	-37.92857993287554	1605.705516362251
732.0	44.5	19.56835111822371	-37.895942891133586	1606.2379025775379
733.0	44.5	19.5743787642008	-37.837013843203145	1606.7689340589477
734.0	44.5	19.58041821867237	-37.753982846794216	1607.2987740921792
735.0	44.5	19.586449135354485	-37.65201216425524	1607.8270143804946
736.0	44.5	19.592476560098536	-37.53511038513037	1608.353879712436
737.0	44.5	19.598500454050523	-37.410208889738584	1608.8784410708702
738.0	44.5	19.604514686556474	-37.2833738791854	1609.3999812952834
739.0	44.5	19.610522809660853	-37.158227825698056	1609.917806138122
740.0	44.5	19.616528887694145	-37.03141809154954	1610.431347620167
741.0	44.5	19.622541265592282	-36.89789574767742	1610.9401109723237
742.0	44.5	19.628708920073333	-204.71318768125425	1611.3141422394303
743.0	44.5	19.634873819915803	-37.23415017021622	1611.971583270067
744.0	44.5	19.641000564433472	-38.26690175459548	1612.4697437929533
745.0	44.5	19.647112105072917	-38.78065634373297	1612.9348743982287
746.0	44.5	19.653237890709214	-39.019317969796546	1613.390782157768
747.0	44.5	19.659370410246908	-39.11807198371147	1613.8434698650738
748.0	44.5	19.665500412480462	-39.148024808349014	1614.294309294769
749.0	44.5	19.671630339089802	-39.16433559666803	1614.742756007631
750.0	44.5	19.67776389110169	-39.20043202319121	1615.1874740674305
751.0	44.5	19.683892377891446	-39.248656036693994	1615.6272097638964
752.0	44.5	19.690022120208855	-39.3232859265104	1616.060170635818
753.0	44.5	19.696145033728378	-39.43157316846674	1616.4850201953693
754.0	44.5	19.70227402861102	-39.57090288773318	1616.9007182053135
755.0	44.5	19.70841108066538	-39.72847861281465	1617.3067874354683
756.0	45.0	19.37340303392592	-39.90475763516273	1617.7037075467854
757.0	45.0	19.379311728549833	-40.062204405979124	1618.0923450405646
758.0	45.0	19.3852560349648	-40.204007862434324	1618.4739626246462
759.0	45.0	19.391220019195945	-40.32342660989757	1618.8497991090483
760.0	45.0	19.397218289187368	-40.42114654595127	1619.2216165333389
761.0	45.0	19.403225385239928	-40.50130042993966	1619.590545534619
762.0	45.0	19.4092689111262	-40.56934392818991	1619.957119194005
763.0	45.0	19.415319700199618	-40.63814780361917	1620.3215726699061
764.0	45.0	19.421389229894505	-40.71866428849044	1620.6831718022481
765.0	45.0	19.427475738414437	-40.8218393236398	1621.041416290931
766.0	45.0	19.433579808821378	-40.954476187299235	1621.394943315224
767.0	45.0	19.43970144963859	-41.11144973532768	1621.7433352977419
768.0	45.0	19.445844872945404	-41.28509543076111	1622.085610494155
769.0	45.0	19.452007200268206	-41.46556726265181	1622.4216471591478
770.0	45.0	19.458187508655143	-41.639216951553834	1622.751820221104
771.0	45.0	19.464396810679837	-41.78721973978193	1623.0778223085963
772.0	45.0	19.470616982997765	-41.892976643991595	1623.4011695449694
773.0	45.0	19.476875249875597	-41.94503393541469	1623.7233894728527
774.0	45.0	19.483139942750178	-41.938885322575025	1624.04661991647
775.0	45.0	19.48942657791494	-41.88561715729359	1624.3715024757598
776.0	45.0	19.49572429935614	-41.80136691281235	1624.699163441086
777.0	45.0	19.5020312133787	-41.704487549503874	1625.028656903799
778.0	45.0	19.50834898325749	-41.608678875746754	1625.3593506392533
779.0	45.0	19.514673404210765	-41.524010785440076	1625.6900748074443
780.0	45.0	19.52100373286816	-41.458737632827486	1626.0196825477547
781.0	45.0	19.52733458976268	-41.420555609630455	1626.3470544258084
782.0	45.0	19.5336833728842	-41.41930298139145	1626.6711321737753
783.0	45.0	19.540034013255607	-41.44538470793761	1626.990988679164
784.0	45.0	19.546404350816946	-41.4888024331478	1627.3066489318865
785.0	45.5	19.407542839476505	-41.5543467550565	1627.618196793959
786.0	45.5	19.413625437174577	-41.59879050686104	1627.9266753719287
787.0	45.5	19.41974780403843	-41.62645380233053	1628.2330865272847
788.0	45.5	19.42589049741854	-41.62853011501291	1628.5391289780414
789.0	45.5	19.43206376948111	-41.59959570590544	1628.8461397573742
790.0	45.5	19.438262680763078	-41.53915299089019	1629.1547895721774
791.0	45.5	19.444485886999164	-41.449037851627416	1629.4660534658956
792.0	45.5	19.45072694347012	-41.33522122673394	1629.7797480972392
793.0	45.5	19.45699049885156	-41.20439502443882	1630.0954715567273
794.0	45.5	19.46326231063185	-41.06447634401022	1630.412322535286
795.0	45.5	19.469563796332107	-40.924485576388605	1630.7299485144172
796.0	45.5	19.475873446938834	-40.78850541811756	1631.0467155231008
797.0	45.5	19.48220043027363	-40.65123762774339	1631.3626086102545
798.0	45.5	19.488555937736603	-40.505251260466835	1631.6768609768524
799.0	45.5	19.494934685621057	-40.34122557565227	1631.989052806313
800.0	45.5	19.501748656523763	-208.06243384491492	1632.4567333428754
801.0	45.5	19.508635595982796	-41.392369571141984	1632.7847076482474
802.0	45.5	19.51551272438525	-41.97280477301114	1633.0565322485782
803.0	45.5	19.522393756453486	-42.18575749600002	1633.3203059700984
804.0	45.5	19.529289919108994	-42.23336331234117	1633.5857655184193
805.0	45.5	19.536188166691833	-42.215193563310585	1633.854923261535
806.0	45.5	19.54309020148266	-42.21297016675858	1634.1260018370078
807.0	45.5	19.549992819677808	-42.23108138097464	1634.3969635834646
808.0	45.5	19.556915886208195	-42.277690734111324	1634.6655748587775
809.0	45.5	19.563835801803094	-42.36326408571531	1634.9299171776477
810.0	45.5	19.570768870509873	-42.49085885556112	1635.1880663266556
811.0	45.5	19.577716888037017	-42.64404867793159	1635.4392007765848
812.0	46.0	19.448486813820406	-42.82228394490862	1635.6834477833552
813.0	46.0	19.454706600092724	-42.97844172614065	1635.9210535050167
814.0	46.0	19.460961042630426	-43.11600674395377	1636.1536311350606
815.0	46.0	19.467266239360786	-43.226660301257844	1636.3823959120814
816.0	46.0	19.473610447308754	-43.31473023415463	1636.608881265133
817.0	46.0	19.479992933467432	-43.38314050906742	1636.834218800379
818.0	46.0	19.486410819495912	-43.438700564724485	1637.059031781041
819.0	46.0	19.492865893794868	-43.498196969301766	1637.282586195464
820.0	46.0	19.499353919076018	-43.57565455223804	1637.504535211242
821.0	46.0	19.505861956673343	-43.6855329738034	1637.7235698269028
822.0	46.0	19.512419525537638	-43.832096404163586	1637.9380511522893
823.0	46.0	19.51900350650146	-44.00414789235805	1638.1466297341578
824.0	46.0	19.52562353462224	-44.1904159416163	1638.3484069952938
825.0	46.0	19.532279586460497	-44.37756384770074	1638.5433551806918
826.0	46.0	19.538982142121597	-44.543467578218404	1638.7313932256782
827.0	46.0	19.54571230010838	-44.66429442339459	1638.9138534366637
828.0	46.0	19.55249370549476	-44.72338742945066	1639.0925650962056
829.0	46.0	19.55930238625858	-44.71287417245312	1639.269468609345
830.0	46.0	19.566146723515402	-44.641424958290294	1639.445601761655
831.0	46.0	19.57302338445008	-44.531389839026126	1639.6215710458896
832.0	46.0	19.57991967537295	-44.403868812761935	1639.7966330044535
833.0	46.0	19.586851818503163	-44.27886936140289	1639.9700386007312
834.0	46.0	19.593803261583904	-44.16875777460592	1640.1405074065203
835.0	46.0	19.600783514578403	-44.08311780647016	1640.3067399654603
836.0	46.0	19.60777786446058	-44.03034819225364	1640.4667604750884
837.0	46.0	19.614808555771006	-44.021737179172874	1640.6189714017098
838.0	46.0	19.621866931181657	-44.043719698903416	1640.762043877707
839.0	46.5	19.77796391786852	-44.09900266378053	1640.895935941278
840.0	46.5	19.784305698174258	-44.143037036841484	1641.0208100139052
841.0	46.5	19.79069884170524	-44.174859376681646	1641.1378306473928
842.0	46.5	19.797150065759823	-44.18280508144455	1641.248091641708
843.0	46.5	19.803655797682417	-44.157392070074025	1641.3531645326448
844.0	46.5	19.810198228766502	-44.09514954089058	1641.454111532075
845.0	46.5	19.81679624821723	-43.99642096959271	1641.551728689278
846.0	46.5	19.823432428152817	-43.86518911753723	1641.645887358678
847.0	46.5	19.830115672959035	-43.71038682968502	1641.73645073913
848.0	46.5	19.836841281614152	-43.54081376057084	1641.822259652447
849.0	46.5	19.843602855523407	-43.364029882096595	1641.9019094924925
850.0	46.5	19.850416574255583	-43.18828702495878	1641.9743488897411
851.0	46.5	19.85726102515956	-43.01153750651082	1642.0379982476938
852.0	46.5	19.864161103075137	-42.82489001815274	1642.0920134134435
853.0	46.5	19.871100841696297	-42.61823146935351	1642.1357294658978
854.0	46.5	19.878369617877823	-205.91961648119914	1642.2047100460195
855.0	46.5	19.88560745790517	-43.66301107763079	1642.2237285655476
856.0	46.5	19.89288029748663	-44.42230277236328	1642.1824055674633
857.0	46.5	19.900210571492376	-44.68679053904652	1642.1327473606468
858.0	46.5	19.90759089190559	-44.739129830581675	1642.0802235976623
859.0	46.5	19.915027426929267	-44.72553310902271	1642.0226135666874
860.0	46.5	19.92251709639635	-44.73605537940231	1641.9569339887325
861.0	46.5	19.93005326260588	-44.76980334857709	1641.8793931050814
862.0	46.5	19.937650921500875	-44.844238550365056	1641.7866435392507
863.0	46.5	19.945301246850725	-44.96976759721546	1641.6757411919093
864.0	46.5	19.95300570393978	-45.13888624981563	1641.5445994502172
865.0	46.5	19.9607817896399	-45.3305925755675	1641.3919256614752
866.0	47.0	19.643900619190013	-45.54260257323107	1641.217673214088
867.0	47.0	19.650843564682624	-45.72222243239227	1641.0224645820567
868.0	47.0	19.657878139784263	-45.87250123250497	1640.8074941065884
869.0	47.0	19.664998555361883	-45.99093441565753	1640.5738810097648
870.0	47.0	19.672204280792116	-46.08428240862792	1640.3225511260064
871.0	47.0	19.679489534494223	-46.1622188793493	1640.053325686568
872.0	47.0	19.686871259367063	-46.24136042779455	1639.7648195180473
873.0	47.0	19.69431842830163	-46.34176709321924	1639.4554017993883
874.0	47.0	19.70185567692625	-46.47979416368232	1639.1224811955287
875.0	47.0	19.709472042503194	-46.66224387927956	1638.763671906372
876.0	47.0	19.717175747669597	-46.875947991548514	1638.3761732028993
877.0	47.0	19.72497034727522	-47.105221001492	1637.9589774157587
878.0	47.0	19.732863961577312	-47.33091370126519	1637.510654528807
879.0	47.0	19.740845312213732	-47.523358407641126	1637.0319977659062
880.0	47.0	19.74891356801026	-47.65322557611	1636.5248374324678
881.0	47.0	19.757097566374586	-47.70347734408982	1635.9909081267929
882.0	47.0	19.765362291691897	-47.671618036426786	1635.4316502519712
883.0	47.0	19.77372362964736	-47.578305257807024	1634.8476383935329
884.0	47.0	19.78217646696069	-47.453264320178135	1634.2378726822708
885.0	47.0	19.790718716435485	-47.32332947654162	1633.6015212631373
886.0	47.0	19.79933388240656	-47.21135670162132	1632.935761027189
887.0	47.0	19.808038640018392	-47.128806151032485	1632.2385293410932
888.0	47.0	19.816839812313116	-47.08764092319405	1631.507703310963
889.0	47.0	19.825722629443135	-47.09373870864997	1630.7416719291066
890.0	47.0	19.834708348199793	-47.139674490548025	1629.9391618369655
891.0	47.5	19.71075228782254	-47.2247470412655	1629.100150640712
892.0	47.5	19.71885383338776	-47.30092140848097	1628.2260036594596
893.0	47.5	19.72706034642735	-47.36438838949541	1627.318155461001
894.0	47.5	19.735382556742252	-47.3994873538092	1626.3790328345299
895.0	47.5	19.743828848424823	-47.39613451792908	1625.411470312984
896.0	47.5	19.752367120915768	-47.34942147923538	1624.4173763448125
897.0	47.5	19.761027466384846	-47.263251370639054	1623.3985155470584
898.0	47.5	19.76978233524209	-47.145810766853934	1622.3551109274706
899.0	47.5	19.77865688289283	-47.00745234569126	1621.287364529195
900.0	47.5	19.7876320362736	-46.85973810696378	1620.1941749256252
901.0	47.5	19.796716593934985	-46.71120074740282	1619.0744288671815
902.0	47.5	19.805907497200216	-46.5681425574934	1617.9270042127123
903.0	47.5	19.815201457046705	-46.422414309702425	1616.7509450757336
904.0	47.5	19.824608512450233	-46.25632561488904	1615.545169826554
905.0	47.5	19.83413180918337	-209.0151343323025	1614.3093158457318
906.0	47.5	19.84416883175	-46.41321926464953	1613.180224385982
907.0	47.5	19.854281601947033	-47.531073306870276	1611.88160421925
908.0	47.5	19.864486577718775	-47.95705096136974	1610.5275117171504
909.0	47.5	19.87477373888597	-48.03579139553621	1609.138286025407
910.0	47.5	19.88516398072212	-48.0071034546613	1607.7137075899848
911.0	47.5	19.8956207884253	-48.011478745607036	1606.2476809024715
912.0	47.5	19.90616369369229	-48.05523290577546	1604.7328077256163
913.0	47.5	19.916789167155738	-48.15322046495439	1603.1618162729987
914.0	47.5	19.927491600738605	-48.31513473469817	1601.5262268530464
915.0	47.5	19.938282399818753	-48.52595674032732	1599.8187256140484
916.0	48.0	19.820957470072905	-48.773102420837276	1598.0320049574057
917.0	48.0	19.830260598918578	-48.99866577446853	1596.159132255648
918.0	48.0	19.83965325513836	-49.19410153979152	1594.193389131847
919.0	48.0	19.849140655620776	-49.350872139827466	1592.1269484003926
920.0	48.0	19.858727927766488	-49.472823821749785	1589.9514763228185
921.0	48.0	19.868395690953236	-49.571912808979874	1587.6557847196618
922.0	48.0	19.878144886862167	-49.66462281709774	1585.2259611988597
923.0	48.0	19.88797081287134	-49.778291212283364	1582.6461534754146
924.0	48.0	19.89786049147881	-49.93498049927224	1579.8979201600828
925.0	48.0	19.90781750847072	-50.14448789459046	1576.9600826858998
926.0	48.0	19.91783158232346	-50.39374037488681	1573.8106237455577
927.0	48.0	19.927909813891404	-50.660287514300634	1570.4265955739206
928.0	48.0	19.938046934545476	-50.91634863539665	1566.7841423222076
929.0	48.0	19.94825379374188	-51.121587772063535	1562.8594973797838
930.0	48.0	19.958507187183926	-51.240259644663	1558.6289727202527
931.0	48.0	19.96881999755025	-51.25246587599131	1554.068896840419
932.0	48.0	19.979169506282126	-51.16508855904186	1549.1552234294388
933.0	48.0	19.989563263191503	-51.014842339735125	1543.8646161567503
934.0	48.0	19.999980494669963	-50.83922171472566	1538.1751787073288
935.0	48.0	20.01041854952156	-50.6695667564458	1532.0693893515554
936.0	48.0	20.020880423015306	-50.525861756963465	1525.53560439205
937.0	48.0	20.03135256688827	-50.421743678279846	1518.5689407741656
938.0	48.0	20.041834640846425	-50.36575155474534	1511.1737888848038
939.0	48.0	20.052319393981936	-50.3571944233636	1503.3616696401034
940.0	48.5	20.22863224662525	-50.39047581635253	1495.15282072935
941.0	48.5	20.23752652551585	-50.406807698480655	1486.5733466082334
942.0	48.5	20.246421575603303	-50.39868007431045	1477.6521756950754
943.0	48.5	20.255304323516818	-50.3466707561861	1468.4200563819138
944.0	48.5	20.26417320658008	-50.23611967936786	1458.9057042140366
945.0	48.5	20.273009546973658	-50.06306434905306	1449.1357748479288
946.0	48.5	20.281811068072475	-49.831677874255995	1439.1342313677983
947.0	48.5	20.290555035818368	-49.55067582878371	1428.9222884187648
948.0	48.5	20.299244043382032	-49.233844285180524	1418.5215767575087
949.0	48.5	20.307848596956845	-48.895341174093794	1407.954946568257
950.0	48.5	20.31638960675247	-48.54384976651216	1397.2483683053315
951.0	48.5	20.32483448620234	-48.18231254841529	1386.432416035394
952.0	48.5	20.333206070309544	-47.799722333497506	1375.5416374356546
953.0	48.5	20.341471539274067	-47.381680811452235	1364.6146021824225
954.0	48.5	20.395690970052677	-103.17496554384553	1353.6735484733551
955.0	48.5	20.40395280887451	-47.3066009395713	1343.0522154180674
956.0	48.5	20.412079130754396	-48.23034715062965	1332.3385190786655
957.0	48.5	20.420097165428775	-48.40803198056251	1321.7141666858506
958.0	48.5	20.427996646361148	-48.265232975521286	1311.2281073021838
959.0	48.5	20.43578075017813	-48.03028869607626	1300.9129804132697
960.0	48.5	20.44343798629421	-47.820312105232595	1290.795278016384
961.0	48.5	20.450967568626496	-47.65288454893438	1280.8982403521195
962.0	48.5	20.45837746850512	-47.536846908659236	1271.2422653694746
963.0	48.5	20.465653849717448	-47.47923604085113	1261.8452071235117
964.0	48.5	20.47281327413457	-47.452847162410556	1252.7237379062756
965.0	49.0	20.135043966091594	-47.44892648489621	1243.892766883668
966.0	49.0	20.140522444041718	-47.41686212095094	1235.365595007209
967.0	49.0	20.14588414140645	-47.35712230727438	1227.1530397239853
968.0	49.0	20.151127452093405	-47.261475965811535	1219.2629237857077
969.0	49.0	20.156261806905228	-47.13361042651959	1211.6995995357358
970.0	49.0	20.161274467141563	-46.98260118844613	1204.462879718585
971.0	49.0	20.166171795655927	-46.82052122887721	1197.5484813263265
972.0	49.0	20.17095548545467	-46.666759686433934	1190.948185131396
973.0	49.0	20.175618509327833	-46.53640608413323	1184.6513363825495
974.0	49.0	20.18017700830987	-46.44478297690163	1178.64462072594
975.0	49.0	20.184621060342685	-46.389043101915725	1172.9135654293582
976.0	49.0	20.188978224771247	-46.35755676945322	1167.4440672275969
977.0	49.0	20.193229569681904	-46.338949544716726	1162.2222623270993
978.0	49.0	20.197397509690994	-46.31708459659605	1157.2356184403516
979.0	49.0	20.201467549831136	-46.267801073967306	1152.4731673103643
980.0	49.0	20.205455171240533	-46.16942323053779	1147.9254797108267
981.0	49.0	20.209365287276185	-46.00847519762334	1143.5838052542272
982.0	49.0	20.213189235184842	-45.782535011334325	1139.4399345866113
983.0	49.0	20.216940041924808	-45.50202510667136	1135.4844160281548
984.0	49.0	20.22059998431412	-45.19083811612799	1131.7080464192588
985.0	49.0	20.224189497180664	-44.86977475233728	1128.10125741122
986.0	49.0	20.227691937747526	-44.554633500280644	1124.6545626166373
987.0	49.0	20.231132904157228	-44.257720964181466	1121.3585370374603
988.0	49.0	20.234485963725632	-43.98691209406724	1118.2041924911416
989.0	49.0	20.237784338355205	-43.74904207058026	1115.1827235783235
990.0	49.0	20.24100119089906	-43.55180618968162	1112.2856153057057
991.0	49.0	20.244169153689406	-43.38850715995317	1109.505448235117
992.0	49.0	20.24726815079093	-43.24843840541059	1106.835204256861
993.0	49.5	20.167353504272892	-43.13798270183535	1104.269366638506
994.0	49.5	20.169883209770866	-43.007691097786136	1101.8033025825503
995.0	49.5	20.172377363631625	-42.865269965408984	1099.4336652650175
996.0	49.5	20.174815682201267	-42.70233045849845	1097.1572073540449
997.0	49.5	20.17720671503633	-42.51300035924212	1094.9713227552638
998.0	49.5	20.17954754183766	-42.296706568405824	1092.8736012405593
999.0	49.5	20.18185765857029	-42.055433393278456	1090.8610966339295
1000.0	49.5	20.18410999156887	-41.791573600730985	1088.931225216862
1001.0	49.5	20.186325239418046	-41.51187295973514	1087.080744608715
1002.0	49.5	20.188504779299766	-41.2244115807936	1085.3067520131872
1003.0	49.5	20.190641797465513	-40.936489166256884	1083.606562770846
1004.0	49.5	20.19274846305598	-40.65409517796427	1081.976904735934
1005.0	49.5	20.1948140123024	-40.377527411767275	1080.4156039161517
1006.0	49.5	20.196845066427336	-40.105344477682664	1078.9207125067726
1007.0	49.5	20.198850979987725	-39.830624916400566	1077.490466412552
1008.0	49.5	20.200825833181945	-39.54559526408807	1076.1238644191026
1009.0	49.5	20.200928973061075	-206.9741279981653	1075.2163007382662
1010.0	49.5	20.20154110064451	-40.28600317008506	1074.177623361422
1011.0	49.5	20.202700972155277	-40.83045075124953	1073.10040868623
1012.0	49.5	20.20415302802518	-40.99062238462916	1072.0455099202193
1013.0	49.5	20.205773274689477	-40.976290204795625	1071.0239353728402
1014.0	49.5	20.20750086717496	-40.88681351435005	1070.0403128868256
1015.0	49.5	20.20929024302827	-40.80115401091932	1069.0961911766847
1016.0	49.5	20.211135218877402	-40.72715727459101	1068.1921555189444
1017.0	49.5	20.213006762867476	-40.670227123289884	1067.3280127250675
1018.0	49.5	20.21490057115708	-40.64114259804753	1066.5030133760604
1019.0	49.5	20.21680731349836	-40.647276142856164	1065.7161091715443
1020.0	49.5	20.218740802308414	-40.68627511680858	1064.965123205894
1021.0	49.5	20.220675507619738	-40.74516810356751	1064.249093933703
1022.0	50.0	20.43373674482389	-40.825705144254826	1063.5669075095614
1023.0	50.0	20.43580155795874	-40.888864017839325	1062.9174478188336
1024.0	50.0	20.437872684696725	-40.93905795843586	1062.2998738232072
1025.0	50.0	20.439932007392354	-40.96949541811389	1061.7129285483659
1026.0	50.0	20.441988308323843	-40.97797096617572	1061.1561892184823
1027.0	50.0	20.44403487356698	-40.968735221404735	1060.6282001560348
1028.0	50.0	20.44609025931072	-40.94683980580302	1060.127415890562
1029.0	50.0	20.44813929628367	-40.9184988501895	1059.6519983294702
1030.0	50.0	20.450167307789265	-40.89547319262786	1059.1996217847202
1031.0	50.0	20.45220489287184	-40.88901751857542	1058.7681567059226
1032.0	50.0	20.454230283191986	-40.90975646979482	1058.3546333584898
1033.0	50.0	20.456249532533967	-40.95827611714653	1057.9568832940433
1034.0	50.0	20.458251137986775	-41.02867384105931	1057.5730693280411
1035.0	50.0	20.460251580702046	-41.11233881749449	1057.2015805367173
1036.0	50.0	20.462257875769325	-41.20153985005129	1056.8414575966476
1037.0	50.0	20.464248622038824	-41.281473144284575	1056.492281687889
1038.0	50.0	20.46625209314526	-41.33664124939506	1056.1545390551319
1039.0	50.0	20.468255694218875	-41.35233070738674	1055.829147976895
1040.0	50.0	20.470247846989007	-41.3204079944608	1055.5173744642857
1041.0	50.0	20.472246797282075	-41.238644166720725	1055.220198549201
1042.0	50.0	20.474230249062927	-41.112981098699	1054.9382643672805
1043.0	50.0	20.476205734704113	-40.96112580296468	1054.6719188875431
1044.0	50.0	20.47817782465496	-40.7975033858895	1054.420961653482
1045.0	50.0	20.480127170615464	-40.63424669532775	1054.1852611817887
1046.0	50.0	20.48206336817985	-40.48075701411815	1053.9642739345077
1047.0	50.0	20.483984493998996	-40.34362402886922	1053.7573646617154
1048.0	50.0	20.4859032100264	-40.23078117012286	1053.5637444718259
1049.0	50.0	20.487801780715227	-40.14702376604809	1053.3830692245554
1050.0	50.0	20.489705064034027	-40.094318633192884	1053.2151193158315
1051.0	50.0	20.491598568730343	-40.06394784239029	1053.0599779846063
1052.0	50.5	20.22001194068527	-40.05803580508415	1052.9187161846728
1053.0	50.5	20.222469704193006	-40.04624986540912	1052.7922436590852
1054.0	50.5	20.224904880920608	-40.02883199883928	1052.6816822875057
1055.0	50.5	20.227340553284375	-39.99733936115289	1052.5886455972948
1056.0	50.5	20.22978087845888	-39.944154213423005	1052.51430078838
1057.0	50.5	20.23220176546519	-39.86408629806022	1052.4595388785597
1058.0	50.5	20.234618898966925	-39.75735623636488	1052.4247074932075
1059.0	50.5	20.237037586935035	-39.62657205879128	1052.4095117346467
1060.0	50.5	20.239446029268077	-39.474520320554156	1052.412722154173
1061.0	50.5	20.241854486019875	-39.306438945561396	1052.4320887044064
1062.0	50.5	20.24425276517494	-39.12896372630458	1052.4633624822004
1063.0	50.5	20.24664929094518	-38.946591259822746	1052.5007462110489
1064.0	50.5	20.249042478138858	-38.76323820264343	1052.5341332612156
1065.0	50.5	20.251416205231447	-38.57875709338727	1052.5486893936727
1066.0	50.5	20.25376834089486	-38.387576520612505	1052.5213172444583
1067.0	50.5	20.256086511738825	-38.179547118101176	1052.4179980537701
1068.0	50.5	20.258365735609893	-237.78748641064573	1052.30409830714
1069.0	50.5	20.260054037053553	-38.86384689105152	1052.1540384397763
1070.0	50.5	20.261722161653307	-39.70909826964159	1051.624747650438
1071.0	50.5	20.263387482507156	-40.015063541492665	1050.7592283029512
1072.0	50.5	20.26499200538148	-40.04190839872297	1049.5432500626798
1073.0	50.5	20.26652927312135	-39.919590196264636	1047.9979595857453
1074.0	50.5	20.267968446640868	-39.72868720679047	1046.1816079606342
1075.0	50.5	20.26932722647287	-39.52468074638907	1044.176051270031
1076.0	50.5	20.270601680075995	-39.323741671128545	1042.0664189192
1077.0	50.5	20.27180853467732	-39.137669423280165	1039.922994056551
1078.0	50.5	20.272960379235098	-38.98134432570405	1037.7947255215133
1079.0	50.5	20.27406758093406	-38.86374624894554	1035.7124994501935
1080.0	50.5	20.275122453692585	-38.77586292461848	1033.693698818692
1081.0	50.5	20.276136287411134	-38.7078613691811	1031.7489293412796
1082.0	51.0	20.15200845050395	-38.66340780247486	1029.883131246852
1083.0	51.0	20.15297720859303	-38.608763680664595	1028.0996419903315
1084.0	51.0	20.153896000012384	-38.549111168942524	1026.399961684966
1085.0	51.0	20.154766255348065	-38.480007128593314	1024.7847437274295
1086.0	51.0	20.155588361022883	-38.40037696931382	1023.2539161236735
1087.0	51.0	20.1563664022559	-38.31213440954561	1021.8062112187857
1088.0	51.0	20.157112200559855	-38.21833899201924	1020.4397990428308
1089.0	51.0	20.157813387752356	-38.12217885205887	1019.1515862431445
1090.0	51.0	20.1584937473518	-38.02999625179091	1017.9379287060378
1091.0	51.0	20.159132862217252	-37.950928697309614	1016.794306257249
1092.0	51.0	20.159749174553717	-37.892359012162125	1015.7160197754148
1093.0	51.0	20.160344159121554	-37.86054830233585	1014.6983690035402
1094.0	51.0	20.1609194579622	-37.85233354342532	1013.7366067089381
1095.0	51.0	20.161480771163994	-37.86360467087313	1012.8264813022471
1096.0	51.0	20.162023756328587	-37.889144943924016	1011.9641893692464
1097.0	51.0	20.16254341969613	-37.92383635700322	1011.1462901035092
1098.0	51.0	20.16305365846946	-37.95825941916134	1010.3700870591668
1099.0	51.0	20.163564329171333	-37.98066492589212	1009.6334094713532
1100.0	51.0	20.164053687169165	-37.98039715449448	1008.934665541475
1101.0	51.0	20.164555212842085	-37.95126863392749	1008.2726243671266
1102.0	51.0	20.165053905927508	-37.88839888750466	1007.6461591782207
1103.0	51.0	20.165540204737315	-37.79253089668362	1007.0542311099576
1104.0	51.0	20.166029874132622	-37.671133994613136	1006.4958030537304
1105.0	51.0	20.166514450705115	-37.53508561852166	1005.9695853275451
1106.0	51.0	20.166986237974186	-37.393189570774084	1005.4735741588729
1107.0	51.0	20.16746148017012	-37.253406705684064	1005.0062226595046
1108.0	51.0	20.167930870679598	-37.12178601646618	1004.5657730477129
1109.0	51.0	20.168399662606245	-37.003391689332446	1004.1500051833601
1110.0	51.0	20.16886446774168	-36.904277869858554	1003.7571022984746
1111.0	51.0	20.16934010141117	-36.82833165060396	1003.3852182323462
1112.0	51.0	20.16981586880484	-36.77850290808739	1003.0325098123193
1113.0	51.0	20.170292674878628	-36.7482870666586	1002.6976281483953
1114.0	51.0	20.170771824094782	-36.732579877058996	1002.3793870235626
1115.0	51.5	19.988407113558722	-36.74110201753802	1002.0771236804346
1116.0	51.5	19.98890394542526	-36.73404720963141	1001.790284931942
1117.0	51.5	19.989424808857486	-36.72104926269004	1001.5190576138128
1118.0	51.5	19.989962153242494	-36.69775150706573	1001.2637182387007
1119.0	51.5	19.99051895491593	-36.65730813950902	1001.0240567360477
1120.0	51.5	19.991099770156783	-36.59677120648409	1000.8000016580972
1121.0	51.5	19.991718631808773	-36.51599657746626	1000.5916511084425
1122.0	51.5	19.992370374922473	-36.4159277160783	1000.3981119274249
1123.0	51.5	19.993042589223727	-36.29975781649686	1000.2185149237056
1124.0	51.5	19.993751218845237	-36.17193915753546	1000.0521837210716
1125.0	51.5	19.994482175876325	-36.036561879926104	999.8983825149353
1126.0	51.5	19.995233873191538	-35.898788195594996	999.7559814543903
1127.0	51.5	19.99599364239458	-35.762133154728524	999.62385206777
1128.0	51.5	19.996777427792008	-35.628968702728145	999.5011304599979
1129.0	51.5	19.997574664955774	-35.496131796721954	999.3864915330624
1130.0	51.5	19.998389430583636	-35.359988866156975	999.2795615927321
1131.0	51.5	19.99794598012625	-206.96356065398103	999.2787605996725
1132.0	51.5	19.99600353272932	-35.449487206890815	999.5071035876198
1133.0	51.5	19.99516667077688	-36.38943703369204	999.57111561943
1134.0	51.5	19.994938163617082	-36.85390789318088	999.5939504091803
1135.0	51.5	19.99507677765022	-37.08167020050487	999.5977593537108
1136.0	51.5	19.9954538333475	-37.182248159068926	999.5907500759595
1137.0	51.5	19.995985344516395	-37.21230558063423	999.5776176728144
1138.0	51.5	19.996639812496163	-37.220078480692926	999.5608210968564
1139.0	51.5	19.997368649455108	-37.23632129037192	999.5414077060939
1140.0	51.5	19.998174148371668	-37.25561534830035	999.5195167663594
1141.0	51.5	19.99903605933877	-37.28793373400007	999.4954775452067
1142.0	51.5	19.99995337124997	-37.341658141654506	999.4690774114764
1143.0	51.5	20.000941714133475	-37.426224117163976	999.4397890805607
1144.0	51.5	20.002001957858344	-37.53402597805186	999.4078598333488
1145.0	51.5	20.00310552685999	-37.65583741052114	999.3735629091705
1146.0	52.0	20.076797156605135	-37.79129610004055	999.3376632960023
1147.0	52.0	20.07795801371649	-37.91322798067813	999.3009841130022
1148.0	52.0	20.079165909691397	-38.02389052993531	999.2644611456288
1149.0	52.0	20.080434743109446	-38.11715881542722	999.2297213421448
1150.0	52.0	20.081748777973885	-38.19271937799877	999.1976753453589
1151.0	52.0	20.08311521884301	-38.2531748668088	999.1694465055135
1152.0	52.0	20.084516771933952	-38.30168164643572	999.1460928526113
1153.0	52.0	20.085957458254686	-38.34431522836636	999.1276887120175
1154.0	52.0	20.087444056200397	-38.39258495002083	999.1142810932994
1155.0	52.0	20.088956105758548	-38.454596280745044	999.1055560690437
1156.0	52.0	20.090501660095995	-38.53910451707619	999.1007207030019
1157.0	52.0	20.09207741947495	-38.648132092728574	999.0991299191556
1158.0	52.0	20.093685174904373	-38.77555829772564	999.1001683731595
1159.0	52.0	20.095325517888565	-38.916287963894156	999.1035140731731
1160.0	52.0	20.096994999833047	-39.06228140979178	999.1088740913344
1161.0	52.0	20.098698781395935	-39.202578378227145	999.116678081705
1162.0	52.0	20.100434038589036	-39.32232569412599	999.1274126617727
1163.0	52.0	20.102201508405372	-39.40949503740118	999.1422025554825
1164.0	52.0	20.10399725996262	-39.45439582725064	999.1623047551255
1165.0	52.0	20.105830615807243	-39.45272002693867	999.1887528121796
1166.0	52.0	20.10768823737328	-39.40929091126634	999.2223853485793
1167.0	52.0	20.10957981488216	-39.33818347264867	999.2633919973114
1168.0	52.0	20.111494119951015	-39.25166905498494	999.3116999886515
1169.0	52.0	20.11343837998248	-39.16130651744966	999.3662639586983
1170.0	52.0	20.115394748905384	-39.077024184103166	999.4256745834103
1171.0	52.0	20.117389945765307	-39.00576380815685	999.4889585698354
1172.0	52.0	20.11940097143782	-38.955100153657135	999.554430794053
1173.0	52.0	20.121438987785492	-38.930145366972454	999.6209385190726
1174.0	52.0	20.123499302751146	-38.934171737855095	999.6872094303843
1175.0	52.0	20.125586386241554	-38.958907796107574	999.7526517091968
1176.0	52.5	19.71349455762883	-39.00669073366192	999.8168982740682
1177.0	52.5	19.715725463925835	-39.04818073329763	999.8798370641734
1178.0	52.5	19.717995493212015	-39.08484386187365	999.9418428425707
1179.0	52.5	19.72029987796264	-39.10733465485708	1000.0035115385433
1180.0	52.5	19.722635203489922	-39.10750574160472	1000.0655166642439
1181.0	52.5	19.72500709150007	-39.08099337267637	1000.1283803630289
1182.0	52.5	19.727413043260473	-39.02661991657517	1000.1924618031486
1183.0	52.5	19.729854434606338	-38.94524219225477	1000.2580254969041
1184.0	52.5	19.732331867846415	-38.841046380314786	1000.3247982155573
1185.0	52.5	19.734835188255282	-38.71927306497536	1000.3926326057226
1186.0	52.5	19.73737464183622	-38.58503555811925	1000.4607007850717
1187.0	52.5	19.739947303940816	-38.44524899042831	1000.5282831564867
1188.0	52.5	19.74254002147734	-38.306373039202974	1000.5942606075301
1189.0	52.5	19.745157495275834	-38.16715104903979	1000.6576669212646
1190.0	52.5	19.747820478552693	-38.02338112392716	1000.7180403017051
1191.0	52.5	19.75050965814628	-37.86759486261744	1000.7746294505031
1192.0	52.5	19.751947605881842	-243.53807843444346	1000.940909792756
1193.0	52.5	19.753270083356178	-39.18692699383246	1001.117044055555
1194.0	52.5	19.75512104104186	-39.897112499886504	1001.2574272562243
1195.0	52.5	19.757331427869605	-40.21871984973024	1001.3856642193932
1196.0	52.5	19.75977007929528	-40.35151304699223	1001.5053913073536
1197.0	52.5	19.762398865810383	-40.39182804260804	1001.6177750850713
1198.0	52.5	19.765146474220618	-40.41206832326911	1001.7232970194037
1199.0	52.5	19.76800774711441	-40.44554836657759	1001.8213875113619
1200.0	52.5	19.77094957970056	-40.49119423308755	1001.9114336306036
1201.0	52.5	19.773980357463163	-40.563579542296864	1001.9923085501259
1202.0	52.5	19.777068502773048	-40.671376621833524	1002.0630294869994
1203.0	52.5	19.780219255288305	-40.81522046945743	1002.1230339046324
1204.0	52.5	19.783449005608393	-40.98077465348265	1002.1719234095382
1205.0	53.0	19.585644271400582	-41.168086225694935	1002.2102572974675
1206.0	53.0	19.589200018315562	-41.33489700327524	1002.2391279686748
1207.0	53.0	19.592880155846434	-41.48464176037197	1002.260138270858
1208.0	53.0	19.596664995686258	-41.61024371992064	1002.2751859870468
1209.0	53.0	19.600547321970403	-41.71366253661914	1002.2860931583988
1210.0	53.0	19.604533370827056	-41.79925946229008	1002.2946007638266
1211.0	53.0	19.60860317051998	-41.87322119413467	1002.3017687605861
1212.0	53.0	19.612756062000262	-41.949599189060145	1002.308008327424
1213.0	53.0	19.61698574237931	-42.04053367931471	1002.3132075744877
1214.0	53.0	19.621307256259037	-42.15882833405342	1002.3171775821716
1215.0	53.0	19.625700131505408	-42.30995322353848	1002.3193363572104
1216.0	53.0	19.630179677352455	-42.48691489014737	1002.3189452396928
1217.0	53.0	19.634733278866758	-42.68080171897261	1002.3158713210488
1218.0	53.0	19.639370218722608	-42.87951368704725	1002.3105754125869
1219.0	53.0	19.64407507532907	-43.06524693923905	1002.3041566428087
1220.0	53.0	19.64887632674617	-43.21697130981081	1002.2982300954508
1221.0	53.0	19.65374520518784	-43.31761363058809	1002.2950865769461
1222.0	53.0	19.658689224590198	-43.35671597755134	1002.2968884588712
1223.0	53.0	19.6637098703567	-43.3355509321841	1002.3059958334885
1224.0	53.0	19.668790641258408	-43.27185782946898	1002.3230622395836
1225.0	53.0	19.673946700798886	-43.18449530283008	1002.3488627105232
1226.0	53.0	19.679160185124495	-43.09086697052252	1002.3836512158309
1227.0	53.0	19.684438627056448	-43.00534805165609	1002.426361626639
1228.0	53.0	19.689768991131135	-42.93845807570349	1002.4760083954502
1229.0	53.0	19.695163980725148	-42.90253988170606	1002.5310085002202
1230.0	53.0	19.700618154360125	-42.902619715333266	1002.5900860061945
1231.0	53.0	19.70613807731335	-42.93873179640199	1002.6517044886386
1232.0	53.0	19.71171626241467	-42.99901395190186	1002.7156284158259
1233.0	53.5	19.543542177339695	-43.090350009965135	1002.7822641896433
1234.0	53.5	19.549175500617782	-43.1610010137436	1002.851923528576
1235.0	53.5	19.5548876126875	-43.21672454420212	1002.9258448656979
1236.0	53.5	19.560667277942006	-43.247453948908934	1003.005458378086
1237.0	53.5	19.56650745778204	-43.24547621472318	1003.0918568400102
1238.0	53.5	19.572416937049194	-43.20978303858978	1003.1862476868897
1239.0	53.5	19.578387461278265	-43.142350909736955	1003.2889137112966
1240.0	53.5	19.58442942113197	-43.049134294268086	1003.3997192325573
1241.0	53.5	19.590529027475007	-42.9377358836714	1003.518091044045
1242.0	53.5	19.59669652808653	-42.816777582186376	1003.6427358053786
1243.0	53.5	19.602908340444696	-42.693312492753115	1003.7727692430578
1244.0	53.5	19.609183461435453	-42.57415223541542	1003.9070346313198
1245.0	53.5	19.615525626948145	-42.454997269890285	1004.0445186937606
1246.0	53.5	19.62193075114783	-42.32527305593215	1004.1845050807405
1247.0	53.5	19.6284038657208	-42.17317503871231	1004.3266253173757
1248.0	53.5	19.635280537036202	-209.88412092021463	1004.6770652108399
1249.0	53.5	19.642225585361707	-43.41233621607948	1004.9605798688526
1250.0	53.5	19.64922576290378	-44.00086566601314	1005.2106335168111
1251.0	53.5	19.65629059522685	-44.21261027269943	1005.4505619423954
1252.0	53.5	19.663412915016274	-44.26637382495136	1005.6861054141599
1253.0	53.5	19.67058732018275	-44.283342903629396	1005.9185583919719
1254.0	53.5	19.67781986949546	-44.33065119738377	1006.1469589253528
1255.0	53.5	19.6850970037252	-44.40273981441937	1006.3698993977878
1256.0	53.5	19.692429164947228	-44.51606842819159	1006.5861370699691
1257.0	53.5	19.699819318885854	-44.68186657245007	1006.7942708266695
1258.0	53.5	19.707262252223906	-44.884249422705714	1006.9940008171616
1259.0	54.0	19.825807361486724	-45.11840939897031	1007.1853981459292
1260.0	54.0	19.832944312716947	-45.333757461652375	1007.3693379380096
1261.0	54.0	19.840157114901647	-45.530621940391065	1007.5475694591681
1262.0	54.0	19.847457047312567	-45.69780574583533	1007.7221568881281
1263.0	54.0	19.854829147673474	-45.835931834129575	1007.8950436884459
1264.0	54.0	19.862277656965738	-45.9521889147638	1008.0676947757034
1265.0	54.0	19.869806382437325	-46.05719915429121	1008.2406647788647
1266.0	54.0	19.87739928302653	-46.17233089944648	1008.4134861354831
1267.0	54.0	19.88507429256533	-46.31366453105994	1008.5854327353941
1268.0	54.0	19.89281663298102	-46.496391859720454	1008.7546580708341
1269.0	54.0	19.900624457224673	-46.721422077731276	1008.9200311429013
1270.0	54.0	19.908509965346862	-46.974589771299016	1009.0802404179497
1271.0	54.0	19.916474868286976	-47.238881122504154	1009.2345971391245
1272.0	54.0	19.92451627697519	-47.48939205588002	1009.3833434784749
1273.0	54.0	19.932634846284934	-47.695406401519534	1009.527767727134
1274.0	54.0	19.94083350460411	-47.831291459089336	1009.6694563425178
1275.0	54.0	19.94910510944214	-47.88169809699567	1009.8106099914014
1276.0	54.0	19.95745185528913	-47.85281339284237	1009.95263877558
1277.0	54.0	19.965870073918083	-47.77386725325291	1010.0966173798051
1278.0	54.0	19.974347296995322	-47.67264645577264	1010.2416536880329
1279.0	54.0	19.982882684019618	-47.57596830017742	1010.3864960224674
1280.0	54.0	19.991491291871355	-47.500477102629226	1010.5294587825856
1281.0	54.0	20.000155717879895	-47.45988207087663	1010.6684714746914
1282.0	54.0	20.008883604214567	-47.46226622330412	1010.8020510920376
1283.0	54.0	20.017675124563475	-47.51659322238981	1010.9279915804832
1284.0	54.0	20.026530615553646	-47.60376483048372	1011.0454877556442
1285.0	54.5	19.670669974670105	-47.709536123531606	1011.1546204323923
1286.0	54.5	19.67905349366272	-47.80467500150042	1011.2566007136737
1287.0	54.5	19.68752072698619	-47.876531675595075	1011.3526435355853
1288.0	54.5	19.696067133301604	-47.91003133913853	1011.4450005269388
1289.0	54.5	19.704692799358185	-47.89813402205345	1011.5351971208728
1290.0	54.5	19.713387732082392	-47.83999242945322	1011.6243287433438
1291.0	54.5	19.722155087050634	-47.74245995405895	1011.7126757484396
1292.0	54.5	19.731000018107807	-47.61636291917284	1011.7994731673176
1293.0	54.5	19.73990232806651	-47.472357497504014	1011.8834995939756
1294.0	54.5	19.748875909224108	-47.32000543031707	1011.96320980187
1295.0	54.5	19.7579208201538	-47.16908727964743	1012.0371099469625
1296.0	54.5	19.76704253902069	-47.011606234341485	1012.1038680559261
1297.0	54.5	19.77623156703636	-46.83320233433285	1012.1629021697237
1298.0	54.5	19.78550368317808	-46.61693050391632	1012.2137506802048
1299.0	54.5	19.79505652675304	-244.23533604248345	1012.3222678632594
1300.0	54.5	19.804503462215532	-48.33673544607633	1012.4309058927723
1301.0	54.5	19.814053693961426	-48.95358023563792	1012.5381224324726
1302.0	54.5	19.823725587866107	-49.11358605253847	1012.6468200487062
1303.0	54.5	19.833494564857176	-49.127067446791735	1012.7528569242161
1304.0	54.5	19.843356300519208	-49.16442867052198	1012.8519902627502
1305.0	54.5	19.853316274306227	-49.246444309342984	1012.9409021074581
1306.0	54.5	19.863375226324866	-49.39058828091082	1013.0165389686658
1307.0	54.5	19.873527221009617	-49.60816763485041	1013.0764267167749
1308.0	54.5	19.88377825152753	-49.87705987537309	1013.119566633398
1309.0	55.0	19.714585248032137	-50.177748324831576	1013.1462158016749
1310.0	55.0	19.72444255591883	-50.447004474613486	1013.157537859345
1311.0	55.0	19.7344159844408	-50.681739728028276	1013.156537693481
1312.0	55.0	19.744509250535557	-50.87353255098207	1013.1460207577685
1313.0	55.0	19.7547094337371	-51.0324668291523	1013.1280247995581
1314.0	55.0	19.765029585378286	-51.173533444796135	1013.1036051302624
1315.0	55.0	19.77544617863631	-51.322661539205534	1013.0723078752337
1316.0	55.0	19.785976488693322	-51.50751885727167	1013.0323885710882
1317.0	55.0	19.796610588957854	-51.7486949515411	1012.9814597806412
1318.0	55.0	19.80735724429519	-52.04577411819949	1012.9179382189802
1319.0	55.0	19.818218004707326	-52.37716921463532	1012.8399143791214
1320.0	55.0	19.829199237937214	-52.712437871588584	1012.7471992186287
1321.0	55.0	19.84029948010944	-53.0089755699962	1012.6409760606659
1322.0	55.0	19.85153576073161	-53.22165115864469	1012.5237560864927
1323.0	55.0	19.862876906579398	-53.31964111012473	1012.3989012229445
1324.0	55.0	19.874350293861017	-53.30354043386476	1012.2690997923826
1325.0	55.0	19.8859291195041	-53.2091718134635	1012.1356591616509
1326.0	55.0	19.897627438024816	-53.08484833933644	1011.9970371423695
1327.0	55.0	19.909430418900776	-52.970811240659344	1011.8511447884947
1328.0	55.0	19.92135247370568	-52.89102735841576	1011.6950942276878
1329.0	55.0	19.933372036939932	-52.863825044463766	1011.5258622725864
1330.0	55.0	19.945517174906243	-52.89818211882049	1011.3404279287982
1331.0	55.0	19.957785987985773	-52.993599690733625	1011.1363829151763
1332.0	55.5	19.80822419830984	-53.14354408449939	1010.9130159021441
1333.0	55.5	19.819790419866997	-53.27654508914494	1010.6707613425018
1334.0	55.5	19.83148992987022	-53.38718330028084	1010.4106093627432
1335.0	55.5	19.843333850289927	-53.45406865496377	1010.1346045013358
1336.0	55.5	19.855315231801377	-53.464362861126716	1009.8437475205847
1337.0	55.5	19.86742979401886	-53.41778778752241	1009.5384569197769
1338.0	55.5	19.879696073417854	-53.32343092340039	1009.2168178551785
1339.0	55.5	19.892094848655997	-53.19529140696571	1008.87597453015
1340.0	55.5	19.90463272974875	-53.0528796063938	1008.5115055771591
1341.0	55.5	19.917328722442065	-52.90810184200796	1008.1188137313715
1342.0	55.5	19.930171680492055	-52.766555924434236	1007.6931467071779
1343.0	55.5	19.943182994469357	-52.61432591068828	1007.2292054459275
1344.0	55.5	19.956367504118163	-52.423067509803616	1006.7221221687952
1345.0	55.5	19.96973346056483	-107.23214334349282	1006.1667604431289
1346.0	55.5	19.982937606191367	-157.85368235847787	1005.7342591403593
1347.0	55.5	19.996449587494777	-53.7972097884216	1005.1605240776482
1348.0	55.5	20.010249216368127	-54.13221343322746	1004.5108818495793
1349.0	55.5	20.024326992745063	-54.111676007881705	1003.7851765060068
1350.0	55.5	20.03866035091885	-54.07556146515647	1002.9691558305315
1351.0	55.5	20.053256522531427	-54.10198630949669	1002.0465227012078
1352.0	55.5	20.068117251555577	-54.20765181494201	1001.0005796426803
1353.0	55.5	20.083244638750195	-54.3992063410216	999.8148021715133
1354.0	55.5	20.098669305168322	-54.638572020521416	998.4744281096362
1355.0	56.0	19.977102098885236	-54.892084397441394	996.9679726221462
1356.0	56.0	19.991536995964594	-55.083487164766424	995.2891389652017
1357.0	56.0	20.006233219421024	-55.20721944196224	993.4367173630284
1358.0	56.0	20.021176925699454	-55.260387808687064	991.4166770394037
1359.0	56.0	20.03636572669853	-55.2629322367868	989.2424366678912
1360.0	56.0	20.051764108599368	-55.238221137065516	986.9354493568869
1361.0	56.0	20.067362545584857	-55.223207589342444	984.52410726231
1362.0	56.0	20.083125634788672	-55.2478273544472	982.0431603907948
1363.0	56.0	20.09903893826236	-55.326375829088406	979.5315622710395
1364.0	56.0	20.11507405420957	-55.4399939252652	977.0295853039717
1365.0	56.0	20.131209162565778	-55.561362075352896	974.5759814655182
1366.0	56.0	20.14743693182753	-55.65138806920377	972.2060210060203
1367.0	56.0	20.163721839121084	-55.66090357682516	969.9483703985234
1368.0	56.0	20.180070029724657	-55.557621515796775	967.8247942976386
1369.0	56.0	20.19646034407392	-55.33757428755238	965.8482349353067
1370.0	56.0	20.212873148697835	-55.02969473567876	964.0236954916427
1371.0	56.0	20.229292562295033	-54.688570848035965	962.3484145388364
1372.0	56.0	20.245714580344735	-54.36132076080049	960.8152689027615
1373.0	56.0	20.26214167616864	-54.07657274055754	959.4139669244761
1374.0	56.0	20.278577202245568	-53.84838571665269	958.1331731244638
1375.0	56.0	20.295002654363465	-53.69089227831737	956.9615766340528
1376.0	56.0	20.311455713583253	-53.61075899334567	955.8882633447555
1377.0	56.0	20.327930920183043	-53.58369706425627	954.9036452620973
1378.0	56.5	20.453045881680453	-53.588956439808285	954.0002415366439
1379.0	56.5	20.46652152167927	-53.58897082926441	953.1732713915876
1380.0	56.5	20.47997197595692	-53.56338804519938	952.4182954840929
1381.0	56.5	20.493411479828723	-53.49546198808912	951.7320112353054
1382.0	56.5	20.506836379816146	-53.37668149384904	951.1114988743423
1383.0	56.5	20.520252514206973	-53.20960245525603	950.5530733781123
1384.0	56.5	20.533660769926993	-53.00247187593637	950.0528041583557
1385.0	56.5	20.547060773323913	-52.769092971183234	949.6054056041462
1386.0	56.5	20.56046244942369	-52.527224954025655	949.2061625485144
1387.0	56.5	20.5738780519863	-52.29081606008084	948.849997715606
1388.0	56.5	20.587295766335235	-52.05617852981257	948.5323726070579
1389.0	56.5	20.60074008729579	-51.81324829754015	948.249586530509
1390.0	56.5	20.61422153341436	-51.54072363138121	947.998945144003
1391.0	56.5	20.62743064325426	-237.29304429911562	947.7024900899902
1392.0	56.5	20.638966620019783	-52.442701474322874	947.7076217922072
1393.0	56.5	20.65079966968207	-53.51738085804142	947.6129661926163
1394.0	56.5	20.66288755504061	-53.80113858073323	947.541959102284
1395.0	56.5	20.675188561097354	-53.798876242143464	947.4947243275009
1396.0	56.5	20.68767406806357	-53.78336513220728	947.4651489813334
1397.0	56.5	20.700312428461707	-53.8119088597953	947.4484906835846
1398.0	56.5	20.713102024160914	-53.91524037296275	947.4402851225271
1399.0	56.5	20.726036270044478	-54.09897308837886	947.4373046158901
1400.0	56.5	20.73911957641743	-54.35470160699377	947.4371090146699
1401.0	57.0	20.371729055101127	-54.641169163034064	947.4395190528114
1402.0	57.0	20.382370488716536	-54.914533218271295	947.4460376484003
1403.0	57.0	20.39310550994997	-55.15027697829963	947.4595285484806
1404.0	57.0	20.403941292505834	-55.33257696603985	947.482962073471
1405.0	57.0	20.414865183470916	-55.47443124424923	947.5187393450632
1406.0	57.0	20.42589511276524	-55.60339393884169	947.5677805541503
1407.0	57.0	20.437021592947065	-55.74208765809636	947.6289977267179
1408.0	57.0	20.44824918690167	-55.92707798948092	947.7004450998928
1409.0	57.0	20.45958124540409	-56.183061309796365	947.7788668702937
1410.0	57.0	20.471026703258733	-56.5054832578624	947.8622946284939
1411.0	57.0	20.482591629101186	-56.860819953938396	947.9496566880449
1412.0	57.0	20.494282823251112	-57.20669901881479	948.0414357979065
1413.0	57.0	20.50610840391323	-57.4818934447969	948.1402933918126
1414.0	57.0	20.518078932727228	-57.634098355556645	948.2503864119387
1415.0	57.0	20.53018442379188	-57.64559741745574	948.3757686398229
1416.0	57.0	20.542426650941493	-57.53756523248094	948.519301657128
1417.0	57.0	20.554806601716834	-57.36936728368939	948.680774794541
1418.0	57.0	20.567308084780304	-57.2024698524989	948.8586635369657
1419.0	57.0	20.57994208255645	-57.074173503811224	949.0507171394835
1420.0	57.0	20.592706474394742	-57.00452135446637	949.2550272855789
1421.0	57.0	20.605591358915188	-57.009205508001614	949.4687534684143
1422.0	57.0	20.6186025062296	-57.09518665712233	949.689595315714
1423.0	57.5	20.480871978548183	-57.2238901759212	949.9172607105669
1424.0	57.5	20.492016090079535	-57.36393891659761	950.1525535902065
1425.0	57.5	20.503263864681546	-57.479444312849864	950.3984688643687
1426.0	57.5	20.51460905797812	-57.54358975558349	950.6581614030516
1427.0	57.5	20.526042073355846	-57.542233190867464	950.9347190858522
1428.0	57.5	20.537575763000355	-57.474414596628506	951.2292581018143
1429.0	57.5	20.549201670870875	-57.353673668557256	951.5420161616368
1430.0	57.5	20.560923678326482	-57.19717603844103	951.8712369857226
1431.0	57.5	20.57274126152611	-57.027789286474984	952.2145085617952
1432.0	57.5	20.584656380991028	-56.86239713994423	952.5695875479847
1433.0	57.5	20.5966569727777	-56.69491500587386	952.93456961905
1434.0	57.5	20.608761906111184	-56.5085341504786	953.3080175373392
1435.0	57.5	20.620964600894922	-56.26644490762435	953.6897921339435
1436.0	57.5	20.63068449154581	-216.1520609548439	954.2581116265688
1437.0	57.5	20.638782729027138	-57.441591698375554	954.8110782624457
1438.0	57.5	20.647691610324934	-58.150329893283576	955.2994520647723
1439.0	57.5	20.657177318703077	-58.224735060381306	955.8013269357123
1440.0	57.5	20.667100976476842	-58.192970773110034	956.3153171135717
1441.0	57.5	20.677382107533482	-58.20612097031127	956.8356746395964
1442.0	57.5	20.68798039990044	-58.31373633854997	957.3580648243235
1443.0	57.5	20.69883357377624	-58.52851285433238	957.878199043437
1444.0	57.5	20.709943760679703	-58.82998468892024	958.3942531673973
1445.0	58.0	20.614959460728805	-59.176722868542825	958.9072416783899
1446.0	58.0	20.625768525152612	-59.48160739450613	959.4199474654545
1447.0	58.0	20.636715653965794	-59.73185832710694	959.9365757956148
1448.0	58.0	20.64779033726924	-59.91965967359367	960.4609068596945
1449.0	58.0	20.658986212727424	-60.07491353650271	960.9951724809949
1450.0	58.0	20.670275453397064	-60.23094752196667	961.53940666074
1451.0	58.0	20.681676407759642	-60.43039868570551	962.0909596893714
1452.0	58.0	20.693159520889164	-60.7138090471351	962.6470576969448
1453.0	58.0	20.70473572651049	-61.08686618647203	963.2043685562378
1454.0	58.0	20.71640023162635	-61.50654578004439	963.7608929553629
1455.0	58.0	20.728154324428	-61.91415308081655	964.3164525912431
1456.0	58.0	20.739996015464904	-62.227326100293034	964.8739979017522
1457.0	58.0	20.75191548763007	-62.377825321779355	965.4378339339976
1458.0	58.0	20.76391199107563	-62.347841315381	966.0122263592118
1459.0	58.0	20.775970737871184	-62.18412749599093	966.5990248127731
1460.0	58.0	20.788085038958403	-61.977285853025094	967.1966340686467
1461.0	58.0	20.800243050933766	-61.798782109935026	967.801935911322
1462.0	58.0	20.812440987841903	-61.68647829736807	968.4110507292419
1463.0	58.0	20.82467050718714	-61.66575005661803	969.0195472619854
1464.0	58.0	20.836937179681716	-61.74046944504377	969.6236898806264
1465.0	58.5	21.017536610085383	-61.90482780842056	970.222210757886
1466.0	58.5	21.029668759374967	-62.06581924032213	970.8149728246946
1467.0	58.5	21.04183615921897	-62.19843355774896	971.4056012569686
1468.0	58.5	21.054026217165067	-62.265360942229364	971.9976846070782
1469.0	58.5	21.066237137738323	-62.2493484634839	972.59476240092
1470.0	58.5	21.07846542992206	-62.152109364070476	973.1982595559607
1471.0	58.5	21.09069076411748	-61.98954435077161	973.8072893126707
1472.0	58.5	21.10292715327184	-61.78311474462225	974.4190652163641
1473.0	58.5	21.115155918154183	-61.564493324860024	975.0299766115548
1474.0	58.5	21.12737977616173	-61.34079460028172	975.6369188242641
1475.0	58.5	21.13959975390245	-61.093700882719794	976.2381495829964
1476.0	58.5	21.151815766280407	-60.78561292073005	976.8326277679275
1477.0	58.5	21.163643208782513	-240.6738278021321	977.3038585613426
1478.0	58.5	21.171300475209506	-61.49097925171376	978.0906967724237
1479.0	58.5	21.17953546195237	-62.610803155169904	978.7044548513005
1480.0	58.5	21.188282416112667	-62.787093047896605	979.3260796933232
1481.0	58.5	21.19745776033331	-62.737681490868084	979.9561643126085
1482.0	58.5	21.206987927386386	-62.76506576777459	980.584606715764
1483.0	58.5	21.216783472840984	-62.921304993587896	981.2036333300388
1484.0	58.5	21.226820563071215	-63.21495991227921	981.8082877309756
1485.0	59.0	20.849777761730024	-63.6084020088659	982.3968105042038
1486.0	59.0	20.860777517078414	-63.98512900961614	982.9717043664399
1487.0	59.0	20.871926527769002	-64.30211012646006	983.5386239992645
1488.0	59.0	20.883211661093874	-64.53822248113758	984.1037622977371
1489.0	59.0	20.89462481831527	-64.72454705078765	984.6719643293375
1490.0	59.0	20.906123597876952	-64.90664450101067	985.2448576039743
1491.0	59.0	20.917708699846397	-65.14251153142632	985.820100990596
1492.0	59.0	20.92935882226127	-65.48261023221121	986.3936184620377
1493.0	59.0	20.9410786552984	-65.93194888600247	986.961386654656
1494.0	59.0	20.952856418395193	-66.43053203072273	987.5221638386529
1495.0	59.0	20.964700495064953	-66.89423750325467	988.077506977193
1496.0	59.0	20.97659464689899	-67.2110707471093	988.6337488355657
1497.0	59.0	20.988521402098502	-67.3078875665813	989.1980285361965
1498.0	59.0	21.000486753972204	-67.19029484477652	989.7763647952881
1499.0	59.0	21.012459202833245	-66.96250154390265	990.3704488453997
1500.0	59.0	21.024426539795176	-66.73829642069408	990.9775544925452
1501.0	59.0	21.036393324574945	-66.58874076292535	991.5931378145561
1502.0	59.0	21.04834581693942	-66.54778713996716	992.2132623312544
1503.0	59.0	21.060285619465947	-66.62656964307926	992.8342473696363
1504.0	59.5	20.84414736322116	-66.83071576909795	993.4545365211145
1505.0	59.5	20.85693865840351	-67.03049115474732	994.0760802522199
1506.0	59.5	20.86974892501442	-67.19350960797921	994.7036683636646
1507.0	59.5	20.882591167990775	-67.27633204093208	995.3435707096485
1508.0	59.5	20.895443053423925	-67.2639510255071	996.0008118536621
1509.0	59.5	20.908299146385012	-67.1658754862722	996.6774894615062
1510.0	59.5	20.921149886434627	-67.0065492869092	997.3714670877222
1511.0	59.5	20.933998866282874	-66.82145003362112	998.079162285709
1512.0	59.5	20.94683459641464	-66.63687682771561	998.7960308045382
1513.0	59.5	20.959656302224772	-66.44316058400351	999.518147712522
1514.0	59.5	20.972472384348766	-66.20441565572784	1000.2432833472496
1515.0	59.5	20.985278915410483	-65.84464572887802	1000.9712886912896
1516.0	59.5	20.966454992805406	-265.3768357893458	1001.7569775791578
1517.0	59.5	20.97565947630582	-66.42074499523078	1002.543559533728
1518.0	59.5	20.985418540080595	-66.95521148318873	1003.3125541249082
1519.0	59.5	20.995602537316156	-66.92206987507625	1004.0981205220726
1520.0	59.5	21.006140395120497	-66.9260967431151	1004.8894309179265
1521.0	59.5	21.0169576482404	-67.09288812026963	1005.6758575487088
1522.0	59.5	21.028016927556834	-67.42875277712051	1006.4501565066058
1523.0	60.0	21.120400165822442	-67.89428906275273	1007.209935536141
1524.0	60.0	21.132617986335212	-68.31608798105893	1007.9577056641572
1525.0	60.0	21.14500749645142	-68.65332910214393	1008.6993496894463
1526.0	60.0	21.1575574869134	-68.90166088972958	1009.4412411580503
1527.0	60.0	21.170212731760714	-69.11167280931123	1010.1859034694975
1528.0	60.0	21.182971861652426	-69.34868276229115	1010.9309670714495
1529.0	60.0	21.19582070599485	-69.68946687388018	1011.6714041168274
1530.0	60.0	21.208729044786846	-70.16900297449207	1012.400571686502
1531.0	60.0	21.221715533601756	-70.74808093379792	1013.1139807360851
1532.0	60.0	21.23477345133355	-71.32354847856581	1013.8104765870786
1533.0	60.0	21.247885745268086	-71.7515902719282	1014.494474697343
1534.0	60.0	21.26105447538556	-71.91302882247962	1015.1740979952176
1535.0	60.0	21.274263622306275	-71.79600827426117	1015.8558155823224
1536.0	60.0	21.287490405215443	-71.52865715786187	1016.5403150999344
1537.0	60.0	21.300713240610694	-71.26779870746718	1017.2229202728624
1538.0	60.0	21.313939251544582	-71.10968231569689	1017.8966281063708
1539.0	60.0	21.327154260777807	-71.0928770052203	1018.5539422102698
1540.0	60.0	21.34035737033282	-71.22267746201419	1019.1896085538594
1541.0	60.5	21.012733642547122	-71.4676467410414	1019.801309259128
1542.0	60.5	21.026576580996277	-71.7053136293781	1020.3915845580295
1543.0	60.5	21.04046877621507	-71.87730154798965	1020.9666771961316
1544.0	60.5	21.05438555760306	-71.9394271771769	1021.5331985155036
1545.0	60.5	21.068324452464168	-71.88308059400009	1022.0953668476172
1546.0	60.5	21.08226894201303	-71.7325109900071	1022.6527412209518
1547.0	60.5	21.09621213525167	-71.52145759912129	1023.2011491433998
1548.0	60.5	21.11014944811106	-71.29516554307631	1023.7351039724791
1549.0	60.5	21.12407038541144	-71.06186881789009	1024.2504629927712
1550.0	60.5	21.138002258798668	-70.78009600027717	1024.7443846764263
1551.0	60.5	21.151932249121604	-70.35649624434018	1025.2170432122127
1552.0	60.5	21.164981387956704	-212.6809889160856	1025.596802808815
1553.0	60.5	21.174501443124168	-70.83661649528715	1026.0306738595912
1554.0	60.5	21.18464149381636	-71.63927994701591	1026.4502851129014
1555.0	60.5	21.19529225723755	-71.62528496522779	1026.8863713135167
1556.0	60.5	21.206369258308733	-71.65825669967606	1027.3181792163177
1557.0	60.5	21.21779456475325	-71.90787376026277	1027.7300518120783
1558.0	60.5	21.229520447615432	-72.36119329961177	1028.1138359195022
1559.0	61.0	20.89802447440287	-72.91357140923495	1028.469163177474
1560.0	61.0	20.911438157339852	-73.36563788005184	1028.8022634024587
1561.0	61.0	20.92506716543157	-73.70098873351681	1029.1231318764987
1562.0	61.0	20.938902074245206	-73.95856222264494	1029.4391252570608
1563.0	61.0	20.95288573178729	-74.21759628965394	1029.751312224959
1564.0	61.0	20.96700009632933	-74.57993722709027	1030.0542014208997
1565.0	61.0	20.981228927415316	-75.1111132060615	1030.3401583783252
1566.0	61.0	20.995578949326262	-75.78594138684589	1030.602923873998
1567.0	61.0	21.010017266908378	-76.47176564953318	1030.8421552840173
1568.0	61.0	21.02455947357676	-76.98492268868488	1031.064502039696
1569.0	61.0	21.03917923222405	-77.16358254893693	1031.282016649093
1570.0	61.0	21.053856078726504	-77.00743286604204	1031.5036321982116
1571.0	61.0	21.068562948295405	-76.6952070979632	1031.7307187513322
1572.0	61.0	21.083285890011716	-76.41407430525182	1031.9570245366829
1573.0	61.0	21.09801092348961	-76.2742335660634	1032.1736919191028
1574.0	61.0	21.112729754742222	-76.31172388251053	1032.3728024207812
1575.0	61.5	20.91320947058325	-76.57185183306392	1032.5485680732413
1576.0	61.5	20.9291833832722	-76.84912181569297	1032.701477922376
1577.0	61.5	20.945209168891697	-77.08826789412186	1032.8377150223905
1578.0	61.5	20.961251091162627	-77.21727466664615	1032.9661295744556
1579.0	61.5	20.977307151323938	-77.21341621347187	1033.0934615607625
1580.0	61.5	20.993363169665717	-77.09241683028067	1033.220198483686
1581.0	61.5	21.00939136046367	-76.90516999311401	1033.3411911533178
1582.0	61.5	21.025393483657115	-76.70797602601664	1033.449077247682
1583.0	61.5	21.04136980653504	-76.51535104254442	1033.5374637037878
1584.0	61.5	21.05731403319338	-76.27659529976711	1033.6021659136272
1585.0	61.5	21.073242785852685	-75.88375359257637	1033.6425225884977
1586.0	61.5	21.08914606343255	-115.98321474289203	1033.6624749895075
1587.0	61.5	21.100795930582105	-179.875697795312	1033.6529129318185
1588.0	61.5	21.11310940269136	-76.22261553049618	1033.6133126860038
1589.0	61.5	21.125957307624844	-76.12602008350026	1033.58334071855
1590.0	61.5	21.139222526973025	-76.12421899455128	1033.5416047443503
1591.0	61.5	21.152829661699396	-76.40588200532643	1033.4708326574446
1592.0	62.0	21.00461623828909	-76.96475178273316	1033.3625890584017
1593.0	62.0	21.019600815641418	-77.50371772654155	1033.2184874683148
1594.0	62.0	21.034813445234267	-77.93868179192995	1033.0467126665048
1595.0	62.0	21.05021469107539	-78.24292223739936	1032.8580154084466
1596.0	62.0	21.065750325555943	-78.49429683580239	1032.6573508989397
1597.0	62.0	21.0814085233997	-78.8079380599703	1032.4420411870196
1598.0	62.0	21.09714868893592	-79.29476676920854	1032.2037019567479
1599.0	62.0	21.112982501381655	-79.97419443483297	1031.9336397932375
1600.0	62.0	21.128880505675074	-80.7379031220588	1031.6279779255028
1601.0	62.0	21.14485981377251	-81.3835834237598	1031.2904895407196
1602.0	62.0	21.160901955883876	-81.6783721388214	1030.9332623482667
1603.0	62.0	21.17696798689352	-81.55037694294901	1030.567805970067
1604.0	62.0	21.193061293412374	-81.17793817584172	1030.1970590223764
1605.0	62.0	21.209139850323513	-80.82266127678378	1029.8148858990978
1606.0	62.0	21.225193951445963	-80.63017934176153	1029.4114749874448
1607.0	62.0	21.24122703567382	-80.65296364189446	1028.9773260378017
1608.0	62.5	21.377068959308207	-80.92963670335374	1028.506127868337
1609.0	62.5	21.39439431774014	-81.23780032808604	1027.9985543842556
1610.0	62.5	21.411742084760505	-81.49774707096535	1027.462600144845
1611.0	62.5	21.42912726794714	-81.62622904635784	1026.9099435589408
1612.0	62.5	21.44650582807699	-81.5993214286949	1026.3490654775835
1613.0	62.5	21.463877975274464	-81.44938711696439	1025.780718088231
1614.0	62.5	21.481216496230843	-81.22444230914516	1025.2001534830401
1615.0	62.5	21.49852972025769	-80.97877940526956	1024.6001812578784
1616.0	62.5	21.515794509265305	-80.71348596120114	1023.9751010149123
1617.0	62.5	21.533027698979584	-80.3492396075334	1023.3232154305704
1618.0	62.5	21.55024257629472	-79.72717164429676	1022.647024909525
1619.0	62.5	21.5660527377985	-213.57585130147874	1021.9108674680708
1620.0	62.5	21.578728749275616	-79.93801812436003	1021.1569874863875
1621.0	62.5	21.591999958297833	-80.3254979739896	1020.4047553830154
1622.0	62.5	21.60576220293306	-80.2646565980217	1019.6692824172487
1623.0	62.5	21.619916471592706	-80.46472488977658	1018.9218935531799
1624.0	62.5	21.63440509789861	-80.96798015340123	1018.1478489283362
1625.0	63.0	21.25846115437244	-81.62819606018974	1017.3457485073825
1626.0	63.0	21.274916439572312	-82.1538256494367	1016.5263750066616
1627.0	63.0	21.291581730719752	-82.51662404256531	1015.704696964996
1628.0	63.0	21.308414484393857	-82.79467396594835	1014.8908487592845
1629.0	63.0	21.325371643724953	-83.12713710580147	1014.0840398936165
1630.0	63.0	21.342412702295576	-83.65265516515176	1013.276453513082
1631.0	63.0	21.359527706934344	-84.4060899317862	1012.45920071364
1632.0	63.0	21.376696601941642	-85.26697228472855	1011.6290501243918
1633.0	63.0	21.393908823733845	-85.97446441729548	1010.7942502133562
1634.0	63.0	21.411147759192183	-86.25427435378398	1009.9720790489322
1635.0	63.0	21.42837679986367	-86.0497592464138	1009.1789205570533
1636.0	63.0	21.445571439905454	-85.61426861378231	1008.418490221195
1637.0	63.0	21.46269595151572	-85.24827000014736	1007.6830863543142
1638.0	63.0	21.479735773277945	-85.09964467873615	1006.9629303361805
1639.0	63.0	21.49670123960059	-85.19637147265276	1006.2495611507213
1640.0	63.5	21.33292051061331	-85.5558350320891	1005.5393405119096
1641.0	63.5	21.35145312230588	-85.89205826134764	1004.8386405551877
1642.0	63.5	21.36992561375103	-86.12593589132598	1004.1608107889365
1643.0	63.5	21.388327899010168	-86.19106967570892	1003.5192317748773
1644.0	63.5	21.406632822934135	-86.10223947166824	1002.9187263829563
1645.0	63.5	21.42483698082977	-85.92377813094035	1002.3545482897312
1646.0	63.5	21.442904761070412	-85.72352641621733	1001.8169167126438
1647.0	63.5	21.460849813388286	-85.5335203116743	1001.2970376936737
1648.0	63.5	21.478668183483254	-85.28070774661587	1000.7899055769963
1649.0	63.5	21.496364432809393	-84.81018238615681	1000.295897065709
1650.0	63.5	21.513941791534872	-83.86709649894496	999.820928905039
1651.0	63.5	21.527500333663383	-223.25733352738553	999.3852895202779
1652.0	63.5	21.541161812201846	-84.46957891922217	998.9230438035431
1653.0	63.5	21.555291343509566	-84.32774709418581	998.5029281522569
1654.0	63.5	21.569757430912297	-84.45012125470923	998.100761559984
1655.0	63.5	21.584502062279828	-84.93788736292558	997.6973186090161
1656.0	64.0	21.420212395094822	-85.65033215919722	997.287476932897
1657.0	64.0	21.436354167585645	-86.22774701719446	996.8786585064603
1658.0	64.0	21.452624028187614	-86.62676438006436	996.4850251689109
1659.0	64.0	21.46897071115985	-86.9429766291904	996.1141095369408
1660.0	64.0	21.485339576873987	-87.34012951683125	995.761061728928
1661.0	64.0	21.501701163787555	-87.97191030215221	995.4131717697547
1662.0	64.0	21.5180345478335	-88.85554283533952	995.057654315317
1663.0	64.0	21.53434338683699	-89.81686370017891	994.6891923976042
1664.0	64.0	21.550602096259002	-90.52972129281754	994.3152936704859
1665.0	64.0	21.566794701347334	-90.69348047402369	993.9521742272774
1666.0	64.0	21.582882090111386	-90.34971873219777	993.6100565593749
1667.0	64.0	21.598841132603802	-89.8837129531765	993.2837864908524
1668.0	64.0	21.614643535238166	-89.60293610661034	992.9581777040229
1669.0	64.0	21.6302990317398	-89.61502151891092	992.6189923111831
1670.0	64.0	21.645792101002638	-89.90298274792198	992.2552220116636
1671.0	64.5	21.799184396983208	-90.3984742079512	991.8654116886507
1672.0	64.5	21.816149146206943	-90.77090864170867	991.4598145253525
1673.0	64.5	21.83301402445964	-90.97010318699495	991.0537516875806
1674.0	64.5	21.849733579702406	-90.98002961769082	990.6558936460631
1675.0	64.5	21.866306822049587	-90.85609466105626	990.2628984264034
1676.0	64.5	21.882705009622676	-90.66519216345365	989.8637663029731
1677.0	64.5	21.898932666641674	-90.46179216414959	989.4481661847597
1678.0	64.5	21.91500311216901	-90.18217659023496	989.0100908024099
1679.0	64.5	21.930915588401763	-89.64269770411317	988.5508855103834
1680.0	64.5	21.946666167675495	-88.5302243818598	988.0796866544697
1681.0	64.5	21.957900410263473	-219.78095627501438	987.5368191837238
1682.0	64.5	21.968994386954183	-89.53928968727215	986.9832815198287
1683.0	64.5	21.98052199917477	-89.42143358975154	986.4798331294626
1684.0	64.5	21.99237531466734	-89.67472148787053	985.9747382511714
1685.0	65.0	21.608296935386278	-90.397900786073	985.4429370291925
1686.0	65.0	21.622609600335213	-91.1594005301215	984.8841360519533
1687.0	65.0	21.6371335961092	-91.75288015605747	984.3145257292905
1688.0	65.0	21.651825027854585	-92.1608752843146	983.7530557395863
1689.0	65.0	21.66659993526232	-92.57941105176617	983.2044571620764
1690.0	65.0	21.681428510797378	-93.21636782080373	982.6594168647101
1691.0	65.0	21.69627776301876	-94.17075994545202	982.1036823176438
1692.0	65.0	21.711132625623836	-95.32003425915121	981.5311576130351
1693.0	65.0	21.725982635682804	-96.27022503026409	980.9517548608006
1694.0	65.0	21.740795249263147	-96.60914257700959	980.3906252256689
1695.0	65.0	21.755543020003497	-96.29189725301268	979.8672714239628
1696.0	65.0	21.770191626676837	-95.79057155874804	979.3801926310952
1697.0	65.0	21.7847143068166	-95.50813057021341	978.9139485892225
1698.0	65.0	21.799106986722418	-95.58696275813016	978.4526829566917
1699.0	65.5	21.631810893569288	-96.06901996884712	977.9866083956247
1700.0	65.5	21.64847298828884	-96.59603393349408	977.5195949906902
1701.0	65.5	21.665050392339463	-97.01554044572897	977.0689013422224
1702.0	65.5	21.68152632511948	-97.21870617182344	976.6537621972221
1703.0	65.5	21.69786052356479	-97.24149427048775	976.279373381227
1704.0	65.5	21.714048460424806	-97.1655804163769	975.9349728433108
1705.0	65.5	21.730065664544636	-97.0772264314584	975.6054688910341
1706.0	65.5	21.745939970767907	-96.97839373601475	975.2796516334488
1707.0	65.5	21.761657965244066	-96.68782768882795	974.9529186795444
1708.0	65.5	21.777232149233967	-95.85956344837159	974.6307486499704
1709.0	65.5	21.790511064638533	-223.69489602168392	974.2379528285375
1710.0	65.5	21.801994358591493	-94.87540527297152	973.88916803911
1711.0	65.5	21.813944223179902	-94.84658367670214	973.593134185226
1712.0	65.5	21.8262714366653	-95.11063368985512	973.2979336392397
1713.0	66.0	21.985599632969706	-95.95076772058584	972.9778819813298
1714.0	66.0	22.0000122553199	-96.85244691467283	972.6322839602909
1715.0	66.0	22.014658142470008	-97.53893935110196	972.2804410570756
1716.0	66.0	22.029448702800494	-98.02177448068456	971.9417765763963
1717.0	66.0	22.044324234463623	-98.55845581526432	971.6163895042314
1718.0	66.0	22.059217528370407	-99.40499211390735	971.2876699647621
1719.0	66.0	22.074112058029925	-100.63051400771315	970.9364635020366
1720.0	66.0	22.088989475574657	-101.96253323176383	970.556129243426
1721.0	66.0	22.103837960766008	-102.85010895347173	970.1621922021476
1722.0	66.0	22.11860189507824	-102.87193367467923	969.7816109901863
1723.0	66.0	22.133248167224956	-102.33267826830148	969.4228854806842
1724.0	66.0	22.147729759480463	-101.88200349067021	969.0693232149863
1725.0	66.0	22.162038183367358	-101.85154866454513	968.6976182756954
1726.0	66.0	22.176191616931487	-102.24732849324394	968.2899881190543
1727.0	66.5	22.07478364882299	-102.96732154481766	967.8437701865741
1728.0	66.5	22.09086711937987	-103.53501322272112	967.3764035596612
1729.0	66.5	22.10682421464519	-103.86093565604773	966.9125541463254
1730.0	66.5	22.12260584629794	-103.95422056876946	966.4616859099475
1731.0	66.5	22.13819672808551	-103.90516723811777	966.0130227461458
1732.0	66.5	22.15358282496813	-103.81943174316224	965.5488358604404
1733.0	66.5	22.168776143935823	-103.67657749798043	965.05831759368
1734.0	66.5	22.183778262649664	-103.20120152386455	964.5414973258006
1735.0	66.5	22.198595461020066	-101.90969792513954	964.0128158516999
1736.0	66.5	22.21069848350683	-230.59594622477695	963.4134114225462
1737.0	66.5	22.22113484192092	-101.27740588591398	962.8127162742043
1738.0	66.5	22.231912387722144	-101.27200351366689	962.2714099462795
1739.0	66.5	22.24298823167167	-101.85607478640907	961.7177039738866
1740.0	67.0	21.8120592706144	-102.99934331565338	961.12971334479
1741.0	67.0	21.82637913678672	-103.90747558534369	960.5241186764457
1742.0	67.0	21.84088188404478	-104.50285305364268	959.9335090840472
1743.0	67.0	21.8554921076389	-105.08370668056268	959.3698003735414
1744.0	67.0	21.870129001125452	-106.01610817804512	958.8171434354445
1745.0	67.0	21.88477133008648	-107.42075082282395	958.2523108882841
1746.0	67.0	21.89939484645937	-108.99680292740607	957.6689832960822
1747.0	67.0	21.913976239965894	-110.01987945160054	957.0928277891526
1748.0	67.0	21.928463871623283	-109.95732495900018	956.5642932564849
1749.0	67.0	21.94280700730857	-109.30439557642518	956.0928491835753
1750.0	67.0	21.956986868429727	-108.88676602593667	955.6552783868098
1751.0	67.0	21.97098083859435	-109.04555918499493	955.2241840436727
1752.0	67.5	21.824411827479068	-109.81168854423812	954.7842868873238
1753.0	67.5	21.84134621574858	-110.57833061560443	954.3444649758233
1754.0	67.5	21.85813974593502	-111.10187911791026	953.934862481696
1755.0	67.5	21.87474428418665	-111.31900165548203	953.5773190866104
1756.0	67.5	21.891119547077075	-111.38111100281408	953.2632123404574
1757.0	67.5	21.90726033598149	-111.41654212704536	952.9665647745002
1758.0	67.5	21.92317222149745	-111.46315883162501	952.6655667957193
1759.0	67.5	21.938857227786347	-111.24019776267795	952.3516161758927
1760.0	67.5	21.95432179705769	-110.1593976948413	952.0339284452516
1761.0	67.5	21.968128292670244	-228.04964682827745	951.6334362014652
1762.0	67.5	21.979984849666398	-107.70720752326217	951.2664003516775
1763.0	67.5	21.992150413321955	-107.67728417948375	950.9391811037581
1764.0	67.5	22.004569398085465	-108.378467245979	950.5774718348729
1765.0	68.0	22.202585160291857	-109.67597504511619	950.1596635779082
1766.0	68.0	22.21725500617904	-110.642779498702	949.7086337956308
1767.0	68.0	22.2320279667555	-111.2861398261628	949.2567024728123
1768.0	68.0	22.246817044327972	-112.04060722804492	948.8051307854283
1769.0	68.0	22.261561410017134	-113.31359184028715	948.3251688263557
1770.0	68.0	22.276210469939514	-115.0963062842431	947.7892853718781
1771.0	68.0	22.2907535676503	-116.77162163251808	947.2002648595522
1772.0	68.0	22.30514591660234	-117.36091155180719	946.5980607887003
1773.0	68.0	22.319337907608332	-116.7653639502125	946.0139411366375
1774.0	68.0	22.333266249691786	-116.09281891662424	945.4311098983572
1775.0	68.0	22.346906436216663	-116.07370207455416	944.8138641188107
1776.0	68.5	22.271175646387174	-116.8361358135831	944.1383643235787
1777.0	68.5	22.287036037184304	-117.79882461147773	943.407194786547
1778.0	68.5	22.302668815872956	-118.51505457468188	942.6585806535873
1779.0	68.5	22.318031763641166	-118.8358695276089	941.930468256154
1780.0	68.5	22.33306973984481	-118.93866839900338	941.2209996043897
1781.0	68.5	22.347780406722027	-118.99357500310587	940.5040822423082
1782.0	68.5	22.362157957775974	-119.01112557760015	939.758868986361
1783.0	68.5	22.376222933115475	-118.60105961957467	938.9844118205309
1784.0	68.5	22.389968864849727	-116.95422567502456	938.2056392177185
1785.0	68.5	22.401655115194774	-227.06891363447556	937.3994956859743
1786.0	68.5	22.411334189480634	-114.2502252250638	936.5972658877922
1787.0	68.5	22.421177325856373	-114.4509842771552	935.862926060323
1788.0	69.0	22.006692195527787	-115.71588511368348	935.1110097955006
1789.0	69.0	22.020283199206528	-117.02279244380316	934.3394621961822
1790.0	69.0	22.03402312935974	-117.88123479402284	933.5956400561984
1791.0	69.0	22.047793241792522	-118.62052316812242	932.9093796195082
1792.0	69.0	22.06151794701306	-119.86931206810101	932.258294205582
1793.0	69.0	22.075148541874196	-121.82537695938568	931.6055626072055
1794.0	69.0	22.088667765858776	-123.91071818425623	930.946139763363
1795.0	69.0	22.102041767082248	-124.82449688996337	930.3310600101572
1796.0	69.0	22.115190489316753	-124.19563024894674	929.8105310148277
1797.0	69.0	22.12807385672431	-123.41148819523642	929.3673867995606
1798.0	69.0	22.140673771504133	-123.41637695683711	928.9552523558506
1799.0	69.5	22.024915504325133	-124.4085258437515	928.5439009522956
1800.0	69.5	22.040865566246943	-125.46174570833652	928.1424817612635
1801.0	69.5	22.056559233225926	-126.12556950124085	927.8000322078412
1802.0	69.5	22.071915267089928	-126.40107363361979	927.5453430352479
1803.0	69.5	22.08692230826787	-126.55206718085682	927.3530072362919
1804.0	69.5	22.101539079379588	-126.7712860890553	927.1790403113636
1805.0	69.5	22.11580812433211	-126.87691768432263	926.9954384150248
1806.0	69.5	22.12972498450846	-126.14477122696722	926.802361727678
1807.0	69.5	22.14326412254106	-123.51397325901587	926.6301308529497
1808.0	69.5	22.15402881348208	-236.34193273556943	926.3256859645369
1809.0	69.5	22.164614542576395	-121.07359307446612	926.1312815336089
1810.0	69.5	22.175283942923286	-121.84802474945141	925.9029330709786
1811.0	70.0	22.42442129457861	-123.46674597331992	925.6055754181331
1812.0	70.0	22.437221210155712	-124.55557761943591	925.2780719714749
1813.0	70.0	22.449985735463677	-125.33997653890528	924.9617804915271
1814.0	70.0	22.46261091441824	-126.6317730975474	924.6365463022961
1815.0	70.0	22.475060067974578	-128.8041857511071	924.2555434824231
1816.0	70.0	22.487285919180202	-131.22838472212032	923.8027418710006
1817.0	70.0	22.499260424382427	-132.327774138017	923.3300303583062
1818.0	70.0	22.510888853259818	-131.61800190658295	922.8945247994737
1819.0	70.0	22.52212946044202	-130.79416317305504	922.4743345606516
1820.0	70.0	22.53293351276615	-130.95565553601395	922.0175892933341
1821.0	70.5	22.495971391307805	-132.18203837623878	921.4949527265215
1822.0	70.5	22.509155016041408	-133.3766414960767	920.9304508573291
1823.0	70.5	22.521956318137374	-134.08155024931443	920.3921892497057
1824.0	70.5	22.534316855470596	-134.39960546991202	919.9084583941005
1825.0	70.5	22.546185555899303	-134.61416697960468	919.445264229633
1826.0	70.5	22.55759374137387	-134.84018480902333	918.9630029564594
1827.0	70.5	22.56853838383349	-134.57553553452746	918.4540666596346
1828.0	70.5	22.579037646244174	-132.65856274264326	917.9525838631039
1829.0	70.5	22.532848609455996	-266.6543182078776	917.4669374269024
1830.0	70.5	22.539759435117126	-128.24073185977372	917.0170568915523
1831.0	70.5	22.546660634588438	-128.77765046063138	916.6259403780306
1832.0	71.0	22.20989449809365	-130.64517694272368	916.2055234253268
1833.0	71.0	22.220854332188733	-132.02710336457878	915.7905961367526
1834.0	71.0	22.231794345447053	-132.89419050569506	915.4484447429511
1835.0	71.0	22.24260455730221	-134.34751279943464	915.1644774967863
1836.0	71.0	22.253233407444572	-136.87981491461764	914.8785206076872
1837.0	71.0	22.263660105699607	-139.6207057072318	914.5759386330831
1838.0	71.0	22.27382740153379	-140.6052558857082	914.3341382487785
1839.0	71.0	22.28365052745793	-139.63146954433205	914.2171005264607
1840.0	71.0	22.293085842736723	-138.90366839659768	914.1782661879812
1841.0	71.0	22.302133174336756	-139.40057313133812	914.1505676935345
1842.0	71.5	22.228432071746568	-140.88952909815475	914.113610400302
1843.0	71.5	22.241084731894972	-141.95566351134713	914.117320809946
1844.0	71.5	22.253290647267832	-142.46233672319673	914.2233018617254
1845.0	71.5	22.265004771736276	-142.78913357742255	914.40570225197
1846.0	71.5	22.276220389802017	-143.20583815714548	914.5955861788668
1847.0	71.5	22.286944764529178	-143.49666181507942	914.7491269229844
1848.0	71.5	22.297187328234255	-142.64844967045963	914.8675724212733
1849.0	71.5	22.306675981372567	-237.1343348929723	914.9805995048648
1850.0	71.5	22.313883798081637	-135.95945204406578	914.969392979128
1851.0	71.5	22.320966013271935	-135.7028863112933	915.0281719716756
1852.0	72.0	22.639810509806026	-137.41049657477365	914.9837626812507
1853.0	72.0	22.648564840538427	-138.9780852093339	914.8484185232115
1854.0	72.0	22.65719125071046	-139.92272380920514	914.695749938661
1855.0	72.0	22.665555526869515	-141.41829466982603	914.5206349416533
1856.0	72.0	22.673598719894457	-144.18205580365637	914.2526329647599
1857.0	72.0	22.68128661539774	-147.2430793307881	913.8693047782631
1858.0	72.0	22.688570098905565	-148.30618102065037	913.4562054538314
1859.0	72.0	22.695319830687016	-147.16316632141084	913.0836488073103
1860.0	72.0	22.701492536017437	-146.48773317395248	912.6998684746587
1861.0	72.0	22.707068111521092	-147.22857070570018	912.2392108711849
1862.0	72.5	22.71794571562949	-148.9229337586223	911.6989453745665
1863.0	72.5	22.725925884595295	-150.02993133957403	911.1648005500401
1864.0	72.5	22.733306904521143	-150.60860630225162	910.7109544296744
1865.0	72.5	22.740039198647	-151.04646662316082	910.3030687214618
1866.0	72.5	22.746127527333364	-151.46824763462587	909.8810209410863
1867.0	72.5	22.751592999431296	-151.3637236049188	909.4290523418204
1868.0	72.5	22.75644720637631	-148.87509930459782	908.9999943713998
1869.0	72.5	22.76108253161639	-235.75329883054337	908.6364995379917
1870.0	72.5	22.76310454918808	-141.8743480480975	908.3287397582925
1871.0	73.0	22.38636769006117	-143.34612380973806	908.0578189657584
1872.0	73.0	22.392654199476656	-145.2797941786471	907.7675906582789
1873.0	73.0	22.398830128169024	-146.51288265275517	907.5443384493431
1874.0	73.0	22.404751717512244	-147.9116253966046	907.4264526469195
1875.0	73.0	22.41034772395906	-150.7107453689972	907.3331954691109
1876.0	73.0	22.4155975182743	-154.19133900968788	907.2149423209285
1877.0	73.0	22.420439782311316	-155.67695810970173	907.1651177194351
1878.0	73.0	22.42478071283426	-154.42557885143535	907.2779053668933
1879.0	73.0	22.428587688106063	-153.58747766140164	907.4783109353789
1880.0	73.5	22.399316845697168	-154.70639826013178	907.6755391036827
1881.0	73.5	22.40687342699765	-156.14986112594246	907.8641473250016
1882.0	73.5	22.413865037237823	-157.1095598260632	908.1335386030032
1883.0	73.5	22.420214579350546	-157.60885974768297	908.5205013397806
1884.0	73.5	22.42587711285197	-158.1351124002246	908.935940294899
1885.0	73.5	22.430859736748587	-158.756211779714	909.2911777608647
1886.0	73.5	22.435157347284	-158.54031732372192	909.5595477630958
1887.0	73.5	22.438741481194942	-154.6210126867241	909.8001682728277
1888.0	73.5	22.440473318591668	-246.4929296066079	909.8519984473169
1889.0	73.5	22.441488976326966	-148.392548778363	909.9258883085442
1890.0	74.0	22.848731087545836	-150.29102049834606	909.8270494750061
1891.0	74.0	22.85039167791134	-151.93096844574103	909.5739471666923
1892.0	74.0	22.85168403054034	-153.08876889423198	909.2535531538902
1893.0	74.0	22.852474330293976	-155.2359760112905	908.8301322249365
1894.0	74.0	22.85271150940486	-158.78509441616913	908.2131697414682
1895.0	74.0	22.852345434860993	-161.7333986671967	907.4278888576142
1896.0	74.0	22.851265581676248	-161.3087108555801	906.6214983967778
1897.0	74.0	22.84938572166569	-159.77764380960113	905.8007844604899
1898.0	74.0	22.846659471194748	-160.04781085900837	904.8719738599152
1899.0	74.5	22.90909200506403	-161.93442133275965	903.80877910273
1900.0	74.5	22.908567665914674	-163.289225136135	902.7138594088841
1901.0	74.5	22.90725809211436	-164.06903696513407	901.7121146138588
1902.0	74.5	22.905068968589116	-164.63434839327235	900.7792783357676
1903.0	74.5	22.90203591673484	-165.2213010737659	899.8421304626445
1904.0	74.5	22.898161809553894	-165.1821518060751	898.8923654985933
1905.0	74.5	22.893450577439932	-161.36361317318463	898.0356369305133
1906.0	74.5	22.890237532162526	-265.3871663786675	897.3036878353386
1907.0	74.5	22.883885227346042	-153.80167930381035	896.6909345302118
1908.0	75.0	22.524875605900803	-156.08047092064916	896.1388303515716
1909.0	75.0	22.523347932160522	-157.93198658067607	895.6762573426217
1910.0	75.0	22.52143663471384	-159.25164636597086	895.4193659348982
1911.0	75.0	22.519056136613237	-161.7900321843427	895.3200705963303
1912.0	75.0	22.516153097293145	-165.70774724240138	895.2773054155986
1913.0	75.0	22.512680204626484	-168.37456859893732	895.3532765737988
1914.0	75.0	22.50854001981316	-167.20789245955376	895.7103408808129
1915.0	75.0	22.50367535194812	-165.80305111080438	896.2879351148584
1916.0	75.5	22.533898256896872	-167.0793700376167	896.9561483359302
1917.0	75.5	22.53299814969061	-168.71524131891215	897.7066839158448
1918.0	75.5	22.531287063297686	-169.76652689447513	898.6552610530016
1919.0	75.5	22.528669366039185	-170.39757782621353	899.8273664860995
1920.0	75.5	22.52510458762536	-171.16413249893358	901.0869293892492
1921.0	75.5	22.520588511926057	-171.99434862204333	902.3198572637327
1922.0	75.5	22.51509648337569	-170.67647415302235	903.5130177906094
1923.0	75.5	22.508515743034426	-249.872341190926	904.64630952121
1924.0	75.5	22.50083528273639	-158.46884756552126	905.7074885978756
1925.0	76.0	22.98414265750635	-159.80296650867294	906.6405534720398
1926.0	76.0	22.975128807545886	-162.09754339124305	907.3105796097989
1927.0	76.0	22.965411424693166	-163.5082557282567	907.804186410509
1928.0	76.0	22.95482319770813	-165.51557254685466	908.1107325910918
1929.0	76.0	22.94326079270686	-169.18651223252348	908.0866424864499
1930.0	76.0	22.930654149173158	-172.95666025646864	907.6888346650785
1931.0	76.0	22.916880793740066	-172.9599292530232	907.0698738489428
1932.0	76.0	22.9018143227476	-170.95419365831344	906.251692870841
1933.0	76.0	22.88539824245719	-171.17504342136814	905.0933509135691
1934.0	76.5	22.5717127980934	-173.59563156396013	903.5562583966625
1935.0	76.5	22.55794043973668	-175.13635202745806	901.7786566021341
1936.0	76.5	22.54284819776053	-176.00802713472734	899.9007851191279
1937.0	76.5	22.52639650659813	-176.77314050114524	897.86813544254
1938.0	76.5	22.508570517057954	-177.60093305096905	895.6090154490195
1939.0	76.5	22.48941703648771	-176.58044627392977	893.1732064722112
1940.0	76.5	22.47482338706667	-281.1181346356516	890.7053821189247
1941.0	76.5	22.454998010340706	-164.40655764432165	888.1420167958321
1942.0	77.0	22.527275825263096	-165.90829454954383	885.6564037931705
1943.0	77.0	22.51177443795135	-168.39958953870286	883.1897412377405
1944.0	77.0	22.495669171753946	-169.9052904033759	880.9526888401173
1945.0	77.0	22.478815356520272	-172.18462816950446	879.0227714433828
1946.0	77.0	22.461160352183967	-176.28243150893326	877.3088881505944
1947.0	77.0	22.442652672402758	-179.9828752949087	875.8614218937854
1948.0	77.0	22.423153909692633	-179.1903520601148	874.9308244823741
1949.0	77.0	22.402602474632452	-177.28403220982585	874.510363696369
1950.0	77.5	22.536187634411885	-178.75217369262793	874.4431964131603
1951.0	77.5	22.52106729116057	-180.75573463425388	874.7233679475193
1952.0	77.5	22.50481203492463	-181.92874874287943	875.5183539575075
1953.0	77.5	22.48728122119915	-182.889060336578	876.8346003100255
1954.0	77.5	22.468404851918837	-184.0424227692607	878.4928754086372
1955.0	77.5	22.448144164670932	-184.65020493996474	880.3759418996656
1956.0	77.5	22.426381438425466	-181.52261251577096	882.5173072866146
1957.0	77.5	22.405455697936503	-256.42492929673426	884.8493386003211
1958.0	77.5	22.384495724311982	-169.60097263615387	887.4774249653535
1959.0	78.0	23.074850364644927	-172.4785192940959	890.0894628125052
1960.0	78.0	23.049635811703943	-174.40891310093554	892.6945215553017
1961.0	78.0	23.02279012752803	-176.11743008933598	895.3478681153788
1962.0	78.0	22.994143352903905	-179.65001722173807	897.8667619166711
1963.0	78.0	22.9635352695166	-184.15239229204687	900.0869325356952
1964.0	78.0	22.930833358181815	-185.32229181974506	902.0934656355972
1965.0	78.0	22.895807204951538	-182.85841956608334	903.9140562986101
1966.0	78.0	22.858323563293258	-182.61601998093505	905.2966664612607
1967.0	78.5	22.59650933649681	-185.80815225860502	906.0792498073858
1968.0	78.5	22.560211943957118	-187.6145146844516	906.3571426241199
1969.0	78.5	22.521431608854762	-188.7530439438742	906.2353805027005
1970.0	78.5	22.480040050410814	-189.93798622634975	905.5652942753944
1971.0	78.5	22.436007364400517	-190.62774397159887	904.2226544329958
1972.0	78.5	22.389336975524056	-188.29928589307497	902.2628301962878
1973.0	78.5	22.353407952684417	-291.03833689224984	899.6409963913673
1974.0	78.5	22.3058415069044	-174.7890198002493	896.2016119980211
1975.0	79.0	22.470503068206828	-178.05162433759202	892.281992492008
1976.0	79.0	22.4290614756706	-180.21912974749367	887.9513118562177
1977.0	79.0	22.386206625737895	-181.95490398052675	883.4285142890325
1978.0	79.0	22.341873561314976	-185.56891136398468	878.6470752878607
1979.0	79.0	22.296008161994354	-190.2729515265963	873.548192333073
1980.0	79.0	22.24849703878288	-191.23531340000736	868.405618933054
1981.0	79.0	22.199206733456222	-188.60439660552981	863.4032701154318
1982.0	79.0	22.148125793857748	-188.59149129357564	858.391333885062
1983.0	79.5	22.441895912770946	-192.27830338929854	853.3600644097284
1984.0	79.5	22.401134813749874	-193.74497201379015	848.6029881915136
1985.0	79.5	22.358508082874156	-195.064337708128	844.2824392646255
1986.0	79.5	22.31388389539378	-196.43461425709538	840.2870659572118
1987.0	79.5	22.26721117573547	-196.94755450961748	836.5783307909269
1988.0	79.5	22.218346593531408	-192.78608873673443	833.3263139450596
1989.0	79.5	22.17579191174506	-266.35099760355973	830.537715916899
1990.0	79.5	22.134323300301126	-180.41656487202738	828.4051596659108
1991.0	80.0	22.55724313530135	-184.16121902694763	826.7448438288221
1992.0	80.0	22.51482899432801	-185.85508524044985	825.767909588345
1993.0	80.0	22.469580829704146	-188.3405209665818	825.5854300713966
1994.0	80.0	22.421279347473778	-192.87932426712035	826.041411379754
1995.0	80.0	22.369699177564947	-197.00365013152947	827.1256382853329
1996.0	80.0	22.314564295222024	-195.67297459085253	829.0721171610114
1997.0	80.0	22.255541115681456	-193.87492803864538	831.7238347101219
1998.0	80.5	23.26965341716328	-197.13852136143996	834.7486399642388
1999.0	80.5	23.206020500180898	-199.85954005164885	838.0788182866871
2000.0	80.5	23.138049016047006	-201.69500705346974	841.8106542697694
2001.0	80.5	23.065489725254466	-203.64174294550867	845.6786526986915
2002.0	80.5	22.988190241502902	-204.80392412099474	849.3490138183271
2003.0	80.5	22.906075887506947	-202.71520940417113	852.7214926236566
2004.0	80.5	22.85538136944776	-292.7909133562422	855.7615582126782
2005.0	80.5	22.76778216650783	-186.10021045442124	858.4667737879822
2006.0	81.0	22.63025943024819	-190.5704770858967	860.6113805620446
2007.0	81.0	22.55050703188372	-192.5604523269722	862.3009393188779
2008.0	81.0	22.467572489968642	-195.00787181390055	863.6897493590551
2009.0	81.0	22.38131633755427	-199.74275114007156	864.580788768375
2010.0	81.0	22.291571949772468	-203.91660539552265	864.9908678109302
2011.0	81.0	22.198117967300266	-202.01311297201798	865.2864110371645
2012.0	81.0	22.100895755616804	-200.23569970714294	865.3220813129401
2013.0	81.5	22.575719976400116	-204.81312507001766	864.8330198113781
2014.0	81.5	22.496257786654613	-207.10803381531525	863.9857792731722
2015.0	81.5	22.41380694473927	-209.00347085741123	862.9771638193905
2016.0	81.5	22.32832226349563	-210.8901022104438	861.5477781794712
2017.0	81.5	22.239795816678363	-211.62770646898053	859.497667251963
2018.0	81.5	22.148126133838918	-206.7172212167251	856.9536407465439
2019.0	81.5	22.067861712129666	-278.49124562273767	853.1409820981925
2020.0	82.0	22.71735564609481	-193.22906092883863	848.8700641921661
2021.0	82.0	22.647128462882	-195.92297442490576	844.1269747732445
2022.0	82.0	22.57379355374222	-197.7262351668306	839.2405808670542
2023.0	82.0	22.49706804035738	-201.49577652083562	834.1969516858603
2024.0	82.0	22.41664676527607	-206.91779210715106	828.8534307743021
2025.0	82.0	22.33216873321332	-208.1412667789503	823.5320795422457
2026.0	82.0	22.24313818620757	-205.27698969754383	818.4264415300948
2027.0	82.5	23.70018553698633	-208.2482457980408	813.2171776762527
2028.0	82.5	23.614403259183565	-211.80423374806261	807.8983464264697
2029.0	82.5	23.52344450330823	-214.5380083779408	802.8692373337835
2030.0	82.5	23.42686479135509	-217.3213750686129	798.0489199359705
2031.0	82.5	23.324348536796332	-218.9098298603288	793.1852220728412
2032.0	82.5	23.215568178886087	-215.70845173604616	788.3705308133162
2033.0	82.5	23.138782092483122	-495.41889843247833	783.5358413222594
2034.0	83.0	23.141146241469187	-201.01278325581646	779.1536494455864
2035.0	83.0	23.036468584414667	-204.16443038142353	774.8495016226275
2036.0	83.0	22.926261896567045	-206.5741585822751	770.9310900297905
2037.0	83.0	22.81020900130711	-211.48806830500223	767.2818313630498
2038.0	83.0	22.68800158433286	-217.55822850843668	763.7405031218043
2039.0	83.0	22.5592042696191	-217.19842649457127	760.8038592060292
2040.0	83.0	22.42360289362537	-215.50277585252164	758.4064598712773
2041.0	83.5	23.093510897294077	-221.5295648985573	756.1666918735878
2042.0	83.5	22.97718478651578	-225.089218719229	754.3906962399933
2043.0	83.5	22.856030300545854	-228.54278762419568	753.2369753785821
2044.0	83.5	22.730047490500674	-231.3100799653008	752.2596921943539
2045.0	83.5	22.599250618813034	-230.31102463828452	751.3077630059526
2046.0	83.5	22.463086311180273	-294.35128743983347	750.4260188538477
2047.0	84.0	23.388546143845687	-208.8862393155092	749.8034583427187
2048.0	84.0	23.266780178637454	-211.52822852396383	748.8706333592678
2049.0	84.0	23.142236772140432	-213.63634464110962	747.9445828212359
2050.0	84.0	23.01468008259057	-218.52051408704352	746.843149968984
2051.0	84.0	22.883850419519504	-224.41939405348984	745.3506236261939
2052.0	84.0	22.749358880071586	-223.07534899067838	744.0004337579766
2053.0	84.0	22.61067976159565	-222.22776937230657	742.5461251953614
2054.0	84.5	24.559373259256336	-228.24915790738416	740.6062266994539
2055.0	84.5	24.4340158993259	-232.96639069343885	738.6694349635986
2056.0	84.5	24.304529298503276	-237.32040923396514	736.714793322785
2057.0	84.5	24.1704780440894	-239.91293866748816	734.2942064035994
2058.0	84.5	24.142470611900954	-189.80808101366367	730.3145980369695
2059.0	84.5	24.00354771197434	-214.67044941527794	726.7605224599647
2060.0	85.0	24.10813446506184	-219.63718276082494	722.6623361029524
2061.0	85.0	23.984308851979268	-223.37368491692894	718.2844909996494
2062.0	85.0	23.855308359370852	-230.98044480998772	713.461587044483
2063.0	85.0	23.720764797012492	-238.5007877663891	708.0436709608412
2064.0	85.0	23.58015129140793	-237.47984940822957	702.7403569306235
2065.0	85.5	24.553195512081068	-243.61634339653142	696.7982480211044
2066.0	85.5	24.431697935505728	-250.8000681882653	690.6832923253099
2067.0	85.5	24.30532556092596	-257.6298869774908	684.5955901593444
2068.0	85.5	24.17392524951499	-259.9729506814875	677.9089809494191
2069.0	85.5	24.033849024369754	-298.6643001557314	670.4276564138471
2070.0	86.0	26.408794676567137	-229.05568768952614	663.0896729840098
2071.0	86.0	26.269297649114012	-233.1729074091692	655.2751212432532
2072.0	86.0	26.12521414011719	-239.99954287633173	647.3414129903481
2073.0	86.0	25.976551517554924	-247.90075138851392	638.9443220123866
2074.0	86.0	25.822957737398546	-244.98277124106542	630.9987130008226
2075.0	86.5	27.159971044172696	-248.3212645671936	622.7531399518815
2076.0	86.5	27.02182583838205	-252.96278271984357	614.7492781225209
2077.0	86.5	26.878564026842646	-257.4188189814299	607.0706997587812
2078.0	86.5	26.730243716861814	-258.04557738079603	599.1461375038026
2079.0	86.5	26.666523702334164	-137.93301703993993	591.5024570550847
2080.0	87.0	26.413968519583737	-225.48752093787382	583.9510577995693
2081.0	87.0	26.268608326097617	-229.59444318932287	576.2209981544121
2082.0	87.0	26.118356062677638	-236.4900511509718	568.7552296737258
2083.0	87.0	25.9628143656888	-246.33866674110445	561.1629239968266
2084.0	87.0	25.801391972560854	-247.90015608525863	554.3702985041881
2085.0	87.5	26.907476704911645	-256.8529096352249	547.8264577342665
2086.0	87.5	26.762590118766088	-268.3046971206581	542.3353255647698
2087.0	87.5	26.605059160132228	-285.93135039052686	537.1738902371942
2088.0	87.5	26.4247835672906	-268.9784645045423	531.9130422054316
2089.0	88.0	29.302901232569603	-254.11719873361358	527.6456373818268
2090.0	88.0	29.10449311387803	-269.3616184357262	523.9183558493351
2091.0	88.0	28.899525355238932	-277.40676127202505	522.668539075947
2092.0	88.0	28.688931106170614	-456.2365202778164	524.5985626674211
2093.0	88.5	29.39995352952897	-276.89124447631497	528.774485238488
2094.0	88.5	29.22473068042828	-364.97377817219336	532.6049674730523
2095.0	88.5	29.105856425227653	-290.18053481057655	537.5158524557239
2096.0	88.5	28.889612526838523	-260.3067913222407	540.5399361377384
2097.0	88.5	28.667549479771843	-263.2498466153873	541.8823711933376
2098.0	89.0	28.51166647208472	-269.6504786628562	541.8891259481867
2099.0	89.0	28.30442805675115	-273.85062482817216	540.25356956686
2100.0	89.0	28.091247534570673	-273.5652424287963	537.2716294361244
2101.0	89.0	27.87157475715748	-272.42321022483793	532.863916946826
2102.0	89.0	27.644759298866546	-274.92648732573934	527.21786332545
2103.0	89.5	28.299223143336192	-261.6232159621772	520.6664740257436
2104.0	89.5	28.38109712967028	-356.0390438565385	512.8479962276773
2105.0	89.5	28.155698038944458	-257.91561678796654	503.69973033726455
2106.0	89.5	27.923012988127255	-314.928446509368	494.40263451921885
2107.0	89.5	27.683452569161005	-261.4878043680379	484.4780751616131
2108.0	90.0	28.6778470045164	-420.8476641574779	474.4059613539908
2109.0	90.0	28.46558515060806	-266.3177122899439	463.8237695936847
2110.0	90.0	28.24728655704336	-267.71146900291274	453.3155869636272
2111.0	90.0	28.022187932327718	-269.9979097341494	442.6480180499305
2112.0	90.0	27.789509267019568	-275.34051875332585	432.1128704554089
2113.0	90.5	28.658650296755233	-282.1883067688607	421.67500186694645
2114.0	90.5	28.511005060318166	-288.2732729287298	411.22239818573297
2115.0	90.5	28.348719042130767	-284.394346455838	400.43338669879375
2116.0	90.5	28.143835885857595	-255.34269726381933	388.7447044121788
2117.0	91.0	29.005220342264366	-265.5837101524269	376.80677649126386
2118.0	91.0	28.833155685689032	-274.0456938177801	364.720883337598
2119.0	91.0	28.654707489762277	-278.20483478749514	352.7117570631897
2120.0	91.0	28.468963302145852	-278.28826992803874	340.8470003183376
2121.0	91.0	28.275425418476075	-282.6164113308629	328.9714491870623
2122.0	91.0	28.073688721216595	-287.2435978406558	317.32635885181963
2123.0	91.5	28.906126135991446	-288.8904120423273	305.4233519780554
2124.0	91.5	28.307597130707343	-165.127113478785	292.8425773591168
2125.0	91.5	28.111768356382072	-263.2155979266805	280.20846211659546
2126.0	91.5	27.91544971133563	-270.25350068494157	267.0828828206361
2127.0	92.0	30.39322527249192	-283.63344368579914	253.70414146086432
2128.0	92.0	28.999803977078678	-290.06704437685585	240.03399206812935
2129.0	92.0	28.83518789653608	-291.5756173671735	226.49377093585423
2130.0	92.0	28.75205574006447	-539.5634722531984	131.49035876880012
2131.0	92.5	30.04070007188705	-255.6443857361844	120.26160808549466
2132.0	92.5	29.92803770863412	-348.16384813032704	108.48840731400777
2133.0	92.5	29.76114475484938	-332.66273708868766	95.78340746875355
2134.0	93.0	29.634370454030044	-310.64172286905375	83.18574854657842
2135.0	93.0	29.487746012454497	-315.9277601616156	70.36744683118704
2136.0	93.0	29.33541135821213	-322.7551076397274	57.77121778746365
2137.0	93.0	29.17594266187128	-488.4467477530463	45.169522609105364
2138.0	93.5	29.520587011052754	-412.57465837010346	-40.75541479153098
2139.0	93.5	29.37226354271819	-399.79611911339316	-52.87953180527764
2140.0	93.5	29.01212032473566	-190.84687177210486	-63.519601041739946
2141.0	94.0	29.58240260522007	-375.61708695824234	-71.88782824798173
2142.0	94.0	29.44857231388176	-379.18730813419205	-79.18561666541984
2143.0	94.0	29.309646760879556	-384.4288431466704	-85.82303303004889
2144.0	94.5	30.454447038244194	-382.9802341666881	-91.976195569465
2145.0	94.5	30.32600902687233	-381.232617724	-97.81689353037348
2146.0	94.5	30.193724146012176	-379.2384028532249	-103.35822302354325
2147.0	94.5	30.224146028527926	-378.49686824204355	-108.77106168119906
2148.0	95.0	30.290562348762236	-627.5147751098791	-114.55035739665146
2149.0	95.0	30.16246966867852	-409.548652870081	-120.19624720345654
2150.0	95.0	30.030808870317102	-428.8733769593311	-125.70229228242611
2151.0	95.0	29.894893440296396	-398.27964870076664	-131.1697187907194
2152.0	95.5	29.247211880548658	-400.14701751746185	-136.3552549271508
2153.0	95.5	29.145139481874878	-402.5583533306885	-141.35763756154736
2154.0	95.5	29.04089112997851	-406.21020725638255	-145.7359714720818
2155.0	95.5	28.934409789747413	-407.2536334654986	-149.99861777446384
2156.0	95.5	28.822212603690094	-552.5415161482938	-155.01190601153957
2157.0	96.0	28.358221398928304	-363.17484588780314	-160.01979092067
2158.0	96.0	28.27578472000685	-522.8328517223042	-164.91405163971044
2159.0	96.0	28.190082577178313	-426.51334881528317	-169.69640614176717
2160.0	96.0	28.101502060470164	-389.1291400497014	-174.48077763030136
2161.0	96.5	30.09576626810364	-366.65116700178186	-250.47363926095815
2162.0	96.5	30.001391101646306	-451.4128338356096	-254.372487184977
2163.0	96.5	29.904666292168102	-459.5209267427663	-258.1920427785653
2164.0	96.5	29.843282605381596	-683.0440153980388	-269.0856083261632
2165.0	96.5	29.09817788491841	-896.7701297670775	-277.2005617874364
2166.0	97.0	30.638709402048825	-628.1760480600611	-283.72802353017505
2167.0	97.0	30.520397936386946	-533.6857211274838	-291.21534303617653
2168.0	97.0	30.401560062442947	-557.4736816814208	-300.404995190513
2169.0	97.0	30.277613889921764	-770.080751340491	-313.01976523676257
2170.0	97.0	30.930784754908004	-633.0534545063143	-332.34567388335245
2171.0	98.0	32.68641240246731	-754.8653139004966	-361.8736249764023
2172.0	98.5	32.210498771115915	-726.1194204383021	-397.1023289955217
2173.0	99.0	33.28942767869591	-881.325188190843	-438.4976074182174
2174.0	99.0	33.19493065500471	-757.3261891438395	-497.0821187088377
2175.0	99.5	35.50594346885034	-401.45890482592677	-671.3843678918955
2176.0	100.0	40.586240775541	-121.35451132611917	-799.0210220437733
2177.0	100.0	40.611517609127695	-46.653153675109714	-816.6521638191429
2178.0	100.0	40.63068675999187	-32.179262049020736	-829.8590688806872
2179.0	100.0	40.63188811161234	-24.518041384544734	-840.7394314665987
2180.0	100.0	40.61574048501188	-18.552354097415087	-850.3158774995461
2181.0	100.0	40.587898065519354	-14.20417856590151	-858.9608076211528
2182.0	100.0	40.552369087379226	-10.89857744826456	-866.8324089942382
2183.0	100.0	40.536335346216454	-3.8354418786931532	-873.8197538555074
2184.0	100.0	40.51893642922035	-3.4809780624694313	-880.0868233994482
2185.0	100.0	40.50496716653209	-2.4155817373777255	-885.6232925379156
2186.0	100.0	40.49020019768093	-2.2428985740672895	-890.463283777623
2187.0	100.0	40.47461600082364	-2.069767976383425	-894.6274435558248
2188.0	100.0	40.458381225419146	-1.9065540853373764	-898.1493098761437
2189.0	100.0	40.441618697218836	-1.7546292772806216	-901.0757233914796
2190.0	100.0	40.42436634262715	-1.614101123677006	-903.4656687065659
2191.0	100.0	40.40663888188589	-1.484774596181171	-905.3869070393259
2192.0	100.0	40.38841389181222	-1.3638577202674704	-906.9085751883844
2193.0	100.0	40.36971160809702	-1.2531662474948797	-908.098451234137
2194.0	100.0	40.35057075414973	-1.1511216721556385	-909.0178720857207
2195.0	100.0	40.33100585327231	-1.0591100436152097	-909.719928161699
2196.0	100.0	40.31103394259868	-0.9722249549380241	-910.2497758725557
2197.0	100.0	40.290693808083404	-0.8904976514367077	-910.6446106079508
2198.0	100.0	40.26999890293241	-0.8140147665116202	-910.9346857257076
2199.0	100.0	40.24902115110012	-0.7415214003131497	-911.1447446623167
2200.0	100.0	40.2277748441127	-0.6707111820955654	-911.2939182338664
2201.0	100.0	40.20628458056719	-0.6013411538384233	-911.3953765817213
2202.0	100.0	40.18452949841301	-0.5327965296203907	-911.4570524532612
2203.0	100.0	40.162517628614346	-0.4657587230118017	-911.4864006026927
2204.0	100.0	40.14026790822245	-0.4036346323826497	-911.4919071706096
2205.0	100.0	40.11777911921305	-0.3462554598033041	-911.4806869986423
2206.0	100.0	40.09505006842249	-0.2947222887597442	-911.4585218616301
2207.0	100.0	40.072105289722884	-0.24835469714061048	-911.4294167195256
2208.0	100.0	40.04895088949983	-0.20697279714697242	-911.396867296413
2209.0	100.0	40.02562115716211	-0.16886798560333474	-911.3625778602603
2210.0	100.0	40.00212203977971	-0.134588594513172	-911.3283711605554
2211.0	100.0	39.978467996028954	-0.10405270355277918	-911.2952302867396
2212.0	100.0	39.95466976572264	-0.07587196451957103	-911.2638410809495
2213.0	100.0	39.93076263767247	-0.05288781368188091	-911.234852288485
2214.0	100.0	39.906758021564244	-0.03351485677465578	-911.2087669466175
2215.0	100.0	39.88267591115926	-0.014900228237496536	-911.1855021276954
2216.0	100.0	39.85853046992184	0.002453180532990334	-911.1657488089988
2217.0	100.0	39.83435184939899	0.019582435000052124	-911.149464857318
2218.0	100.0	39.810137741184946	0.03592008634509052	-911.1368413988632
2219.0	100.0	39.785901186183835	0.051445712465237714	-911.1277124917672
2220.0	100.0	39.7616623189447	0.06629487213350946	-911.1220967395368
2221.0	100.0	39.73742307907174	0.08050775411691279	-911.1204278989483
2222.0	100.0	39.71319701673598	0.09416209997581743	-911.1218106707892
2223.0	100.0	39.68898876683158	0.10731628640297294	-911.1266568133944
2224.0	100.0	39.66481027587016	0.1190251078885222	-911.134772549098
2225.0	100.0	39.64065654797147	0.13071467985838578	-911.145924228419
2226.0	100.0	39.61654319283897	0.14166126577423369	-911.160136956304
2227.0	100.0	39.59247098497872	0.15175228783988293	-911.1770296375302
2228.0	100.0	39.56844757932265	0.16129517992734774	-911.1967492225494
2229.0	100.0	39.54447941655716	0.1701895686772507	-911.2188735821858
2230.0	100.0	39.520571012145076	0.17869545172239437	-911.2435766654936
2231.0	100.0	39.49672289350579	0.1866932092536325	-911.270383867183
2232.0	100.0	39.47294621289861	0.1939823523598796	-911.299581803556
2233.0	100.0	39.44923692219311	0.20081964551238485	-911.3307886179202
2234.0	100.0	39.42559769855639	0.20765640309016623	-911.3640648281239
2235.0	100.0	39.4020434519782	0.213253401421916	-911.3991123425731
2236.0	100.0	39.37856052052825	0.21922867713636543	-911.4358241868049
2237.0	100.0	39.35516138864453	0.22452080748295394	-911.4743880854606
2238.0	100.0	39.33185783562017	0.2295233379203527	-911.5145435930099
2239.0	100.0	39.30863376085277	0.2338059056294178	-911.5560217055014
2240.0	100.0	39.28549883606019	0.23848939360528476	-911.5991686079055
2241.0	100.0	39.262457145822	0.24253284660130098	-911.64372262568
2242.0	100.0	39.23950156547506	0.2461404620633866	-911.6894207696583
2243.0	100.0	39.21664817727326	0.2494232447728269	-911.7363913065092
2244.0	100.0	39.193894866385754	0.25265378524777843	-911.7845216287068
2245.0	100.0	39.17123692456656	0.2550028894011756	-911.8338672798048
2246.0	100.0	39.148674032739095	0.2572642593276353	-911.8840897067046
2247.0	100.0	39.12621809242277	0.25897998175179116	-911.9354471237933
2248.0	100.0	39.10385896406737	0.26119543396644523	-911.987809436287
2249.0	100.0	39.081600571085254	0.262299909467412	-912.040918638902
2250.0	100.0	39.05945513580576	0.2635214582595385	-912.0949904262025
2251.0	100.0	39.03740609782894	0.26494552260708215	-912.1498946377806
2252.0	100.0	39.01546343187919	0.2656112677748382	-912.2055785939355
2253.0	100.0	38.99362445736432	0.26645939658775897	-912.2619186230401
2254.0	100.0	38.97190174548055	0.26671804962631795	-912.3190036461693
2255.0	100.0	38.9502766874006	0.2674134456613501	-912.3767694701872
2256.0	100.0	38.928761124811096	0.26762372098318254	-912.4352179397654
2257.0	100.0	38.90735021051493	0.26741799350839596	-912.4944197557489
2258.0	100.0	38.88604265250898	0.26762345303929164	-912.5539120414777
2259.0	100.0	38.864849146166065	0.26753365802844487	-912.6141484401462
2260.0	100.0	38.84376515529228	0.2672394398598723	-912.6747538102607
2261.0	100.0	38.822789463165584	0.26643903540293734	-912.7360277438543
2262.0	100.0	38.801924237358634	0.2660254708896225	-912.7976434771695
2263.0	100.0	38.78115914788642	0.2657093551806077	-912.8597284335478
2264.0	100.0	38.76050838904465	0.2646683884814936	-912.9223691136588
2265.0	100.0	38.73996920543682	0.2640070883080235	-912.985245384786
2266.0	100.0	38.719530186053035	0.26308146463783705	-913.0485625915128
2267.0	100.0	38.699208809765324	0.2619671916176424	-913.1122839817231
2268.0	100.0	38.67898753649058	0.26082144939334506	-913.1763915619179
2269.0	100.0	38.65888371318178	0.2596881193703655	-913.2408600866806
2270.0	100.0	38.63887883276408	0.25795672771687733	-913.3055813313617
2271.0	100.0	38.61899197956759	0.25651257269483274	-913.3705787455988
2272.0	100.0	38.59920528952569	0.25470884122238596	-913.4358368529537
2273.0	100.0	38.579526463116245	0.2530381740869052	-913.501561116836
2274.0	100.0	38.55996293023867	0.2514918951789509	-913.567469219718
2275.0	100.0	38.540497200807806	0.24957842460361387	-913.6335523444577
2276.0	100.0	38.5211403449081	0.24805499988048446	-913.6999799285521
2277.0	100.0	38.50189802918995	0.2459328187952617	-913.766711535569
2278.0	100.0	38.48275453107904	0.24425820219496422	-913.8334782863965
2279.0	100.0	38.4637177378367	0.2420725541481642	-913.9006524289506
2280.0	100.0	38.44478582033467	0.24057039051530035	-913.967993461722
2281.0	100.0	38.425960111459275	0.23823587523349826	-914.0356833392809
2282.0	100.0	38.407239850267885	0.23631123765502257	-914.1034780076401
2283.0	100.0	38.38862250261745	0.2346225394140611	-914.1714193710296
2284.0	100.0	38.370110765366356	0.23209029130220024	-914.2397305921767
2285.0	100.0	38.35170362549356	0.23005761563675492	-914.3082376887627
2286.0	100.0	38.3333978167834	0.22822357781719582	-914.3770562041504
2287.0	100.0	38.31519992925297	0.22618861937436116	-914.4460556764695
2288.0	100.0	38.297103551115654	0.22376461969519595	-914.5154027066269
2289.0	100.0	38.27910276804514	0.22232811048297088	-914.5849298245774
2290.0	100.0	38.26121320693834	0.21968500667003613	-914.6546408491562
2291.0	100.0	38.24341699208415	0.21743870618062383	-914.7248044983605
2292.0	100.0	38.22571744491061	0.21578517944843875	-914.7952044551358
2293.0	100.0	38.20812607327721	0.21320286096177532	-914.8659592142371
2294.0	100.0	38.19064382067214	0.21133135918513854	-914.9370237600837
2295.0	100.0	38.17324979499905	0.20895282503844617	-915.0083168046517
2296.0	100.0	38.155968645493395	0.2072926329306846	-915.0799480360263
2297.0	100.0	38.13878804496123	0.20492409806960107	-915.1521767896847
2298.0	100.0	38.121707633879666	0.2031026434155784	-915.2246190705782
2299.0	100.0	38.104720113744804	0.20048612692691006	-915.2975365993601
2300.0	100.0	38.087838190573855	0.19880169116825328	-915.3710030120291
2301.0	100.0	38.071045790068105	0.19604810399788417	-915.4448501424029
2302.0	100.0	38.05435278006489	0.1939789275062877	-915.5191038900164
2303.0	100.0	38.03776299254323	0.1919832053948291	-915.5939941189305
2304.0	100.0	38.021261689263	0.18968586040819857	-915.66934215769
2305.0	100.0	38.00485754174566	0.1877144744547318	-915.7452035837249
2306.0	100.0	37.98854686411974	0.1855662538343391	-915.8215302353707
2307.0	100.0	37.972332360062644	0.18303148094546143	-915.8985127245314
2308.0	100.0	37.95621020463479	0.18118282269486125	-915.9760814042581
2309.0	100.0	37.94016731381687	0.17849812503750626	-916.0540951045946
2310.0	100.0	37.92423209489577	0.17688184134111765	-916.1327389140278
2311.0	100.0	37.9083888846486	0.17426209516333532	-916.2120006973055
2312.0	100.0	37.89262981848123	0.17238194512696056	-916.2919179399826
2313.0	100.0	37.876968827762724	0.16985023869158122	-916.372158352137
2314.0	100.0	37.86139227615797	0.1683802844584415	-916.4530346321054
2315.0	100.0	37.8459055338899	0.16607628324534401	-916.5345391465262
2316.0	100.0	37.83050933514593	0.16370874367238447	-916.6165255104371
2317.0	100.0	37.815198894941574	0.16198734844548038	-916.698839993935
2318.0	100.0	37.799979276611154	0.15955169377576864	-916.781834639416
2319.0	100.0	37.794923407568966	0.052739368876800675	-916.841933981034
2320.0	100.0	37.77984864661646	0.15645537402730625	-916.9121032575497
2321.0	100.0	37.77483584571012	0.051990956148555305	-916.9655195864398
2322.0	100.0	37.759882251280125	0.1535767120273363	-917.0312903567652
2323.0	100.0	37.75490738053394	0.05093676951991252	-917.0822096807033
2324.0	100.0	37.740082872327186	0.15111114435738937	-917.1464818907559
2325.0	100.0	37.73514048139132	0.05017361139217518	-917.1964994459222
2326.0	100.0	37.72043217203651	0.14811813451035924	-917.2603000902977
2327.0	100.0	37.71553703751713	0.049303942571555584	-917.3104790132463
2328.0	100.0	37.70093716400722	0.14590422305439574	-917.3744918149182
2329.0	100.0	37.69607387408338	0.048489570915621255	-917.4251566794601
2330.0	100.0	37.68158865194153	0.14297448577688623	-917.4892996532867
2331.0	100.0	37.676770185985745	0.04760738927614198	-917.54028502785
2332.0	100.0	37.66239953099054	0.14083873474945624	-917.6049289990665
2333.0	100.0	37.6576190204673	0.04675936789702138	-917.6561932800981
2334.0	100.0	37.64335243376245	0.13787771513705982	-917.7213754302512
2335.0	100.0	37.63860844063915	0.04584574581483709	-917.7730522511645
2336.0	100.0	37.624462051520474	0.13563152234793066	-917.8386426914569
2337.0	100.0	37.61975509751731	0.04501409766176123	-917.8905877614565
2338.0	100.0	37.605719030830905	0.1328205951934411	-917.9562051473216
2339.0	100.0	37.601041038889356	0.04417214246949738	-918.0086067726597
2340.0	100.0	37.58711381168267	0.13021584508762377	-918.0746946080225
2341.0	100.0	37.58247183305243	0.04339191670825268	-918.127236010353
2342.0	100.0	37.56866117877711	0.12791441379736074	-918.1934670590589
2343.0	100.0	37.5640479319591	0.04241499573883914	-918.2461782906588
2344.0	100.0	37.550342889493756	0.125125993917524	-918.3124470341843
2345.0	100.0	37.545766444794346	0.0417189105438775	-918.3654228227571
2346.0	100.0	37.53216060750764	0.12311299404604939	-918.4318791402808
2347.0	100.0	37.52762597598295	0.040431425080669235	-918.4848579905262
2348.0	100.0	37.51412701688397	0.12052275188119856	-918.5512752729041
2349.0	100.0	37.509626802712205	0.040224982706585505	-918.6042875578634
2350.0	100.0	37.496224100033	0.11791106595732886	-918.6709055231902
2351.0	100.0	37.49176566341094	0.039257944993021966	-918.7240029823096
2352.0	100.0	37.47846632858888	0.11578285335002199	-918.7904406779846
2353.0	100.0	37.47404138677693	0.03838638735659708	-918.8435456598401
2354.0	100.0	37.460844788483584	0.11328147135503915	-918.910038394449
2355.0	100.0	37.456448613055635	0.037545181701974795	-918.9631626522558
2356.0	100.0	37.443352812687706	0.11109996494912137	-919.0295281532442
2357.0	100.0	37.438997496437345	0.03689362104585447	-919.0824656071483
2358.0	100.0	37.426002335170594	0.10858041468192105	-919.1487895751017
2359.0	100.0	37.4216804478878	0.03599923980308993	-919.2018184049538
2360.0	100.0	37.40877791747959	0.10672456663136916	-919.2678901595235
2361.0	100.0	37.404481617746036	0.03528907444337357	-919.3208199900818
2362.0	100.0	37.39169263315948	0.10406888894107519	-919.3868242469865
2363.0	100.0	37.38742128087533	0.03456511833550579	-919.4397285881226
2364.0	100.0	37.374724408329875	0.10227319365316943	-919.50560769107
2365.0	100.0	37.37050029211986	0.033763014157626184	-919.5582701172898
2366.0	100.0	37.357893072040575	0.0998486958892149	-919.6237767089624
2367.0	100.0	37.353700388616026	0.033182723179538375	-919.6763644917104
2368.0	100.0	37.3411901785782	0.09780186635608731	-919.7420569895422
2369.0	100.0	37.33703019050301	0.03267883451532437	-919.7943948383376
2370.0	100.0	37.32462226565019	0.09549899794601806	-919.8598053910528
2371.0	100.0	37.32047982149987	0.03182843704880447	-919.9120048123655
2372.0	100.0	37.308166055485245	0.09373282779871148	-919.9772828744287
2373.0	100.0	37.304063506605495	0.031094616196130253	-920.029161987736
2374.0	100.0	37.29183578104782	0.09129715057145944	-920.0943322798697
2375.0	100.0	37.28777147170465	0.030553827012738493	-920.1462047816966
2376.0	100.0	37.27563828606263	0.08959573194927424	-920.210901275188
2377.0	100.0	37.27160469745132	0.0297281248406808	-920.2627017206939
2378.0	100.0	37.259563056536	0.08741468928286014	-920.3272521964215
2379.0	100.0	37.255544937542	0.028998928670614973	-920.3788767779093
2380.0	100.0	37.24360335691233	0.08575986389662604	-920.4429729729097
2381.0	100.0	37.23962372735448	0.02831926864030915	-920.4945829885112
2382.0	100.0	37.22776481166517	0.08381645516868647	-920.5585335999855
2383.0	100.0	37.22382373570518	0.027875728466175868	-920.6098805096431
2384.0	100.0	37.21205504322253	0.08141218960058995	-920.6736765991748
2385.0	100.0	37.20812770948005	0.02722750678655729	-920.7245947267481
2386.0	100.0	37.19645740329343	0.07990977695183421	-920.7882928648763
2387.0	100.0	37.19256633573921	0.02651129086111273	-920.8391020683596
2388.0	100.0	37.180976573720145	0.07774368356117178	-920.9024488810662
2389.0	100.0	37.17711609032699	0.02599418858707848	-920.953115441719
2390.0	100.0	37.165614618247034	0.0762051447416233	-921.0162088523131
2391.0	100.0	37.16177581409618	0.02539426659150118	-921.0665930880389
2392.0	100.0	37.15036129891164	0.07445917081455605	-921.1295746926804
2393.0	100.0	37.146564564945194	0.024710840998335083	-921.1795807773635
2394.0	100.0	37.135237601245265	0.07236641536446771	-921.2424294070372
2395.0	100.0	37.13146400724892	0.024258672721417313	-921.2923302024703
2396.0	100.0	37.12022246165394	0.07073057550938161	-921.3547154053026
2397.0	100.0	37.116468474707524	0.02370733919527697	-921.4044078223076
2398.0	100.0	37.10531214510559	0.06912628199521609	-921.4665737782036
2399.0	100.0	37.10159556841659	0.0226739459002065	-921.5162152866443
2400.0	100.0	37.09052322588566	0.06743730584649206	-921.5781347528977
2401.0	100.0	37.086824846389256	0.02248354104834626	-921.6273696007174
2402.0	100.0	37.075845482271035	0.06580194055255588	-921.6890923637397
2403.0	100.0	37.07217662578869	0.02194464404458951	-921.7381459163068
2404.0	100.0	37.06127021507772	0.06381386088690302	-921.7995500352844
2405.0	100.0	37.05763710472926	0.021363924008701334	-921.8485187876822
2406.0	100.0	37.04682205186896	0.06247637860722126	-921.9095869230011
2407.0	100.0	37.04321828679705	0.020780275532140326	-921.958395860872
2408.0	100.0	37.032492935945236	0.06091770236271181	-922.0193474051694
2409.0	100.0	37.02890893325797	0.02026717783535067	-922.0678142594321
2410.0	100.0	37.01827021079745	0.05888038194832141	-922.1284245716365
2411.0	100.0	37.01471380310022	0.01982921806580869	-922.1766857161671
2412.0	100.0	37.00414817752868	0.05760763210983657	-922.2370845270588
2413.0	100.0	37.000625164445346	0.01931015186157362	-922.2850591069466
2414.0	100.0	36.99013794614681	0.055927534765537856	-922.345158658735
2415.0	100.0	36.986633224681405	0.01872339969863313	-922.3930141243677
2416.0	100.0	36.97621849767791	0.054283447309746165	-922.4529942324905
2417.0	100.0	36.97275515767503	0.0182988356912229	-922.5004802101346
2418.0	100.0	36.9624148060717	0.05289877235326556	-922.5602412284211
2419.0	100.0	36.95897041216408	0.017687928427550976	-922.6075219387499
2420.0	100.0	36.94871721278738	0.051517248504403416	-922.6668922335527
2421.0	100.0	36.94529053027804	0.01724951913497516	-922.7139799550966
2422.0	100.0	36.93511313398256	0.05009563375419599	-922.773136952891
2423.0	100.0	36.93171763176749	0.016460743444626644	-922.8201328259736
2424.0	100.0	36.92161701717756	0.04864510604893621	-922.8788813000085
2425.0	100.0	36.91824046976137	0.016214877425694236	-922.9258051146932
2426.0	100.0	36.90820758986657	0.04725670892282815	-922.9843337515099
2427.0	100.0	36.90486390806832	0.015924158378234333	-923.0308403988608
2428.0	100.0	36.89491633249336	0.04575714034602709	-923.0893268435779
2429.0	100.0	36.891588557912414	0.01535173555475666	-923.1355881188683
2430.0	100.0	36.88171586624581	0.04424025798305168	-923.1935871467253
2431.0	100.0	36.87842238501452	0.014894239672235313	-923.2396769751354
2432.0	100.0	36.86862268366244	0.04323627288200069	-923.2976112094427
2433.0	100.0	36.865346934868555	0.014533607289447725	-923.3433914764908
2434.0	100.0	36.855621108664664	0.04190470649556744	-923.4010823780936
2435.0	100.0	36.852376244776764	0.013989783806108607	-923.44666047267
2436.0	100.0	36.8427166618424	0.0405793371107641	-923.5039935965194
2437.0	100.0	36.83949030336389	0.013356133058722897	-923.549546635127
2438.0	100.0	36.82991065117516	0.03934808772752773	-923.6065338787424
2439.0	100.0	36.82671457380049	0.013181899511929185	-923.6517244411488
2440.0	100.0	36.81719778957142	0.03796031467736107	-923.7084784268577
2441.0	100.0	36.8140259462435	0.012737840191235122	-923.7536617399937
2442.0	100.0	36.804588381803406	0.036954908089663244	-923.8101336004504
2443.0	100.0	36.801434796382935	0.012462135320411514	-923.8549365653533
2444.0	100.0	36.79206232069438	0.035337995054082194	-923.9113505851764
2445.0	100.0	36.78893712857679	0.011940103597009357	-923.9559380496271
2446.0	100.0	36.77964171424874	0.03454780430112287	-924.0120485537606
2447.0	100.0	36.776534115817114	0.011630138161131356	-924.0564402309464
2448.0	100.0	36.76729967437188	0.03319744170537124	-924.1122801450016
2449.0	100.0	36.76422983040858	0.011317488936549186	-924.156316688673
2450.0	100.0	36.755058386534124	0.03211641308231497	-924.211987336755
2451.0	100.0	36.75200288637659	0.010960400016579547	-924.256012018834
2452.0	100.0	36.7429153286253	0.030584981485831164	-924.3111788371019
2453.0	100.0	36.73987517847905	0.010451872724291959	-924.3550838037283
2454.0	100.0	36.730848553147396	0.030037173763785934	-924.4101475212409
2455.0	100.0	36.72783788308291	0.010037072915603068	-924.4536615559829
2456.0	100.0	36.718887804679	0.028933643538983762	-924.5085030230632
2457.0	100.0	36.71589132359606	0.009661765071283617	-924.5519194375273
2458.0	100.0	36.70699888034889	0.02775541985940087	-924.6064355494171
2459.0	100.0	36.704033248221535	0.009499579248808593	-924.64962764757
2460.0	100.0	36.69519838719708	0.02632528484078484	-924.7039528135667
2461.0	100.0	36.692253939175416	0.008966137271421395	-924.7468948875786
2462.0	100.0	36.68350170931105	0.025793055326692616	-924.8010632273988
2463.0	100.0	36.68057151164447	0.008703632677398583	-924.8437196740854
2464.0	100.0	36.67187756608958	0.024762317887041394	-924.8976027627663
2465.0	100.0	36.668976794838265	0.00828245115704966	-924.9401967171075
2466.0	100.0	36.660337764016816	0.023724272848292947	-924.9937931279884
2467.0	100.0	36.65745968607969	0.007873993927231496	-925.0361452457234
2468.0	100.0	36.64889223023928	0.022563830835748044	-925.0894758351656
2469.0	100.0	36.64602828542552	0.007581107126888237	-925.1316289683654
2470.0	100.0	36.637524486494954	0.02177015837789738	-925.1848459346955
2471.0	100.0	36.63468786343351	0.007427012847352578	-925.2267678978121
2472.0	100.0	36.62623902171889	0.020839893332991896	-925.2796176147531
2473.0	100.0	36.62342296640781	0.007001401548303502	-925.3214107521787
2474.0	100.0	36.61504573162372	0.01992194782629211	-925.3739760876489
2475.0	100.0	36.61224295300576	0.006720543298776438	-925.4155061777138
2476.0	100.0	36.603927002801136	0.01863433677902217	-925.4680948577242
2477.0	100.0	36.60114603641972	0.006469621529514189	-925.5093173605691
2478.0	100.0	36.59289078509189	0.01799851123950507	-925.5616030983534
2479.0	100.0	36.59013732726124	0.0061512003689056655	-925.60272079795
2480.0	100.0	36.581942264288955	0.017038976172518167	-925.6546955767008
2481.0	100.0	36.57920169307708	0.005864897454186886	-925.6955667103528
2482.0	100.0	36.57106867812049	0.016048799107323274	-925.7472609838935
2483.0	100.0	36.56834539013497	0.005515644983921417	-925.7881160900481
2484.0	100.0	36.56027255629935	0.015295931843539098	-925.8396888814126
2485.0	100.0	36.55757950568752	0.004947976550624155	-925.880261900823
2486.0	100.0	36.549557544810796	0.014474689555726629	-925.9314935892311
2487.0	100.0	36.54687480775131	0.004956183605414738	-925.9719639682711
2488.0	100.0	36.53891980251577	0.013692378484478157	-926.0227959745259
2489.0	100.0	36.53625917227186	0.0046635843536043135	-926.0631149565448
2490.0	100.0	36.528362223597654	0.012826456593962005	-926.1138369839352
2491.0	100.0	36.525719431585244	0.0042402809301391176	-926.1538934574043
2492.0	100.0	36.51787917133858	0.012049527129616548	-926.2044870076755
2493.0	100.0	36.51525593058394	0.004127164438691467	-926.2442132365393
2494.0	100.0	36.507467196327106	0.010918234236712926	-926.2946017813492
2495.0	100.0	36.504869708076264	0.003772128589733077	-926.3342697159079
2496.0	100.0	36.4971467816038	0.01054320670629254	-926.3841919821892
2497.0	100.0	36.49455221663497	0.0037256509075696107	-926.4238109563021
2498.0	100.0	36.48688428494425	0.00962616248112858	-926.473697503185
2499.0	100.0	36.48431823272416	0.003392384992115965	-926.51286375571
2500.0	100.0	36.47670584938395	0.008866057448249426	-926.5626603442568
2501.0	100.0	36.47415865574419	0.0031446513101022143	-926.6016213003672
2502.0	100.0	36.46659313647667	0.008092888994786022	-926.6510705462496
2503.0	100.0	36.4640717486753	0.002701755090846168	-926.6898846907669
2504.0	100.0	36.45656232450945	0.00741490225046121	-926.7390958263525
2505.0	100.0	36.454051396757045	0.002706204010066382	-926.7778805873847
2506.0	100.0	36.44659693409654	0.00683233608315666	-926.8267991930758
2507.0	100.0	36.44410440482049	0.0023398744322204266	-926.8654018932585
2508.0	100.0	36.43671208451381	0.0060912418155237525	-926.9139988128472
2509.0	100.0	36.43422967998947	0.0021913769739292576	-926.9524469389359
2510.0	100.0	36.42689116202967	0.00541824008367202	-927.0008812171179
2511.0	100.0	36.42444084748755	0.0019937843280088807	-927.0392530541206
2512.0	100.0	36.41713975132649	0.004442878949654753	-927.0873949138178
2513.0	100.0	36.414707426227565	0.0018053096197085078	-927.1255306593497
2514.0	100.0	36.40746086530784	0.004122205293055577	-927.1735723325385
2515.0	100.0	36.40504640544235	0.001485140905750449	-927.2113418471646
2516.0	100.0	36.39785939452235	0.0035329749303079005	-927.2592287363871
2517.0	100.0	36.39545408224991	0.0011937234888173072	-927.2968331253473
2518.0	100.0	36.38831883684164	0.0029491621934750628	-927.3444096422486
2519.0	100.0	36.38593249377832	0.0011811595367516867	-927.3819198387265
2520.0	100.0	36.378847831370614	0.0021060296806272305	-927.4294484370295
2521.0	100.0	36.376477660459095	0.0009966799386540493	-927.4666223272025
2522.0	100.0	36.369444816619946	0.0013690895845476275	-927.5139733018314
2523.0	100.0	36.367099740988984	0.0007623177960635505	-927.5508793481616
2524.0	100.0	36.36011160307155	0.0010985359015176796	-927.5979579600526
2525.0	100.0	36.35778352412821	0.0006080199576358151	-927.6349259152416
2526.0	100.0	36.35085499261013	0.0004424813283888892	-927.6815570936842
2527.0	100.0	36.34852992165338	0.0004386699350147731	-927.7184767485699
2528.0	100.0	36.34165940930987	7.346242926739273e-5	-927.7650892917658
2529.0	100.0	36.3393573585277	0.0002281779695214508	-927.8015424905348
2530.0	100.0	36.33253042779471	-0.0005897329050115396	-927.8478863342605
2531.0	100.0	36.33024513514847	0.00010990600475018592	-927.8843126651268
2532.0	100.0	36.323469045071974	-0.0012419852856837116	-927.9304428235693
2533.0	100.0	36.32120160310517	-0.00020181573999798958	-927.9668283483479
2534.0	100.0	36.314474122773156	-0.0015519801863015544	-928.0127243024417
2535.0	100.0	36.312222171104274	-0.0003458409112947461	-928.0488361104385
2536.0	100.0	36.305543468062794	-0.001972054836637236	-928.0944520447484
2537.0	100.0	36.30330918338905	-0.0004222520603606028	-928.1302320047195
2538.0	100.0	36.29667961740708	-0.002636287277764296	-928.1758163377134
2539.0	100.0	36.294461181963385	-0.0005806259564755157	-928.2114933984385
2540.0	100.0	36.28788002429514	-0.003056851447984282	-928.2568788279855
2541.0	100.0	36.28567702633989	-0.000814552297920093	-928.2924307309308
2542.0	100.0	36.279142733941626	-0.0038131235759296792	-928.3375738572656
2543.0	100.0	36.27695663252177	-0.0008270953618588926	-928.3730031056459
2544.0	100.0	36.27047082011031	-0.004140864746199059	-928.4178435861614
2545.0	100.0	36.268298551031734	-0.001088231783200054	-928.4530918377518
2546.0	100.0	36.26186052712663	-0.004321667860274029	-928.4979600935806
2547.0	100.0	36.25970520853565	-0.0013262762461993725	-928.532827799206
2548.0	100.0	36.25331190948474	-0.004761947411415669	-928.5772548003099
2549.0	100.0	36.251171692908756	-0.0013589106623463124	-928.6121780823315
2550.0	100.0	36.24482574350345	-0.005300215481753627	-928.6565039388458
2551.0	100.0	36.242701009630125	-0.001564998936840371	-928.6913199189632
2552.0	100.0	36.2363937603175	-0.00577907756927991	-928.7353864583067
2553.0	100.0	36.23429101241447	-0.0019046328766657088	-928.7698413348098
2554.0	100.0	36.228028451328264	-0.006215424162594581	-928.8138278138723
2555.0	100.0	36.2259344245403	-0.0017982117451392516	-928.8482870025903
2556.0	100.0	36.219724837776326	-0.0065845340388269325	-928.8917612670224
2557.0	100.0	36.21764495047135	-0.001965843304474923	-928.9262013755167
2558.0	100.0	36.21148061574905	-0.006931266132615771	-928.9696690780778
2559.0	100.0	36.209407632373576	-0.0021284282087529393	-929.0037223078123
2560.0	100.0	36.203287835623286	-0.007340397947725838	-929.0470021639933
2561.0	100.0	36.20124512650352	-0.002272036535791035	-929.0809999454586
2562.0	100.0	36.195160313048085	-0.0077352201484794225	-929.1239912393618
2563.0	100.0	36.19312489941831	-0.0023795156004399807	-929.1577658552237
2564.0	100.0	36.187085117379624	-0.00846455645025417	-929.2007606027903
2565.0	100.0	36.185071957719686	-0.002424081242696847	-929.234362422236
2566.0	100.0	36.17907366307288	-0.00844889542072966	-929.2769037958562
2567.0	100.0	36.177066115240486	-0.0026133286998534194	-929.3105487685833
2568.0	100.0	36.17112168111382	-0.008956445134053496	-929.3529339251821
2569.0	100.0	36.16912251856702	-0.0027284981521493003	-929.3863112069035
2570.0	100.0	36.16322959658027	-0.009283974273555559	-929.4285896368201
2571.0	100.0	36.16124529161701	-0.002991468073026742	-929.4617674734887
2572.0	100.0	36.155388583876004	-0.009787991687998194	-929.5037703099947
2573.0	100.0	36.153430843534345	-0.002980141932295899	-929.5369693795072
2574.0	100.0	36.1476016113139	-0.010194026318208737	-929.5788563394957
2575.0	100.0	36.14565815162804	-0.0035080950321763945	-929.6116975972445
2576.0	100.0	36.13987519734431	-0.010477665650290045	-929.6534511718901
2577.0	100.0	36.13793854416935	-0.0031781693044552932	-929.6861300824614
2578.0	100.0	36.13220366664031	-0.010885866326008907	-929.7276135989111
2579.0	100.0	36.13028154475858	-0.0033073569971022007	-929.760163559186
2580.0	100.0	36.12457725229468	-0.011404538393180742	-929.8015547389073
2581.0	100.0	36.12266744620324	-0.0034506133448099527	-929.8338968334363
2582.0	100.0	36.117011133265905	-0.01155863500597511	-929.874994492534
2583.0	100.0	36.11510648497783	-0.003609412485230917	-929.9072994181195
2584.0	100.0	36.109490384735736	-0.011926900548878768	-929.9483198700523
2585.0	100.0	36.10760691496833	-0.0038174365208567753	-929.9804369791821
2586.0	100.0	36.10202287257439	-0.012484528101793322	-930.0212346823979
2587.0	100.0	36.10015210323826	-0.003769988161871329	-930.0531190436201
2588.0	100.0	36.094614097247764	-0.012513947148930555	-930.0936443271186
2589.0	100.0	36.092749817775015	-0.003986525087599634	-930.1255616007685
2590.0	100.0	36.08724961894782	-0.01282280763110962	-930.165958381505
2591.0	100.0	36.08539802511621	-0.004111638867261362	-930.1975376314754
2592.0	100.0	36.07993834115211	-0.012948066998280305	-930.2379455226239
2593.0	100.0	36.07810733099141	-0.00416943633784556	-930.2693194405318
2594.0	100.0	36.07266954894392	-0.013500703366623418	-930.3093881356552
2595.0	100.0	36.07085868570355	-0.004255184574571678	-930.3408386397363
2596.0	100.0	36.06546750428515	-0.013586705439248246	-930.3805449205483
2597.0	100.0	36.06366035894977	-0.0047142371961400205	-930.4117522572518
2598.0	100.0	36.05830654323085	-0.013883512363097008	-930.4513739551041
2599.0	100.0	36.056505606934095	-0.004346642929670909	-930.4824387831167
2600.0	100.0	36.05119798002075	-0.014205353030477878	-930.5219577368325
2601.0	100.0	36.04941611549323	-0.004594594672325852	-930.5528527594586
2602.0	100.0	36.044136326747775	-0.014447305765920055	-930.5921835600432
2603.0	100.0	36.04236916019716	-0.004527913075373062	-930.6231093815503
2604.0	100.0	36.03712714435979	-0.014665738368685887	-930.6621411466205
2605.0	100.0	36.03537009582627	-0.004722006686088585	-930.6928740119562
2606.0	100.0	36.0301648973061	-0.014896762970107896	-930.7318116492603
2607.0	100.0	36.02841443771673	-0.004743798678833482	-930.7623003276351
2608.0	100.0	36.0232518414648	-0.015540001416421584	-930.8011088012825
2609.0	100.0	36.02152128575087	-0.004768897268440446	-930.8314098520946
2610.0	100.0	36.01637967750424	-0.015478248365656075	-930.8699808440984
2611.0	100.0	36.01466608308179	-0.004926506932110462	-930.900274022386
2612.0	100.0	36.0095670247475	-0.01565136627593233	-930.9385873778969
2613.0	100.0	36.00785316896944	-0.005095950922845368	-930.9687368040563
2614.0	100.0	36.002789440274874	-0.015876560002246565	-931.0069930622097
2615.0	100.0	36.00109271821958	-0.005037806940113278	-931.0369902226761
2616.0	100.0	35.9960651181081	-0.01617857068861753	-931.0750230882423
2617.0	100.0	35.994380453057595	-0.0050872262800928806	-931.1048751754865
2618.0	100.0	35.989381104695504	-0.016262963487579083	-931.1427620454297
2619.0	100.0	35.98771610911537	-0.005102407980897014	-931.1723638917497
2620.0	100.0	35.982758331869725	-0.016891334983115156	-931.2101308607504
2621.0	100.0	35.98109013567026	-0.005194908354996677	-931.2396385504393
2622.0	100.0	35.97616803990764	-0.016643759830668535	-931.2771565626384
2623.0	100.0	35.97451101428326	-0.0052283491980204076	-931.306692896018
2624.0	100.0	35.96963062765772	-0.0167531660904951	-931.3440274022182
2625.0	100.0	35.967993506811005	-0.005309184378823811	-931.3733148150238
2626.0	100.0	35.963131355211566	-0.017002567383048714	-931.4105530616233
2627.0	100.0	35.96150587425498	-0.005240910789307156	-931.4395537457415
2628.0	100.0	35.95668543186287	-0.017188264924106727	-931.4767232418415
2629.0	100.0	35.95507082922876	-0.0054483353166821175	-931.5057131558991
2630.0	100.0	35.950284713182704	-0.017290038235993965	-931.5426449615857
2631.0	100.0	35.94867431679969	-0.005764351450436615	-931.571330145885
2632.0	100.0	35.943922213929184	-0.017401109273783855	-931.6080968225608
2633.0	100.0	35.94232854024172	-0.00547378696961564	-931.6368396889696
2634.0	100.0	35.93761020616243	-0.0176831721090107	-931.6733701697457
2635.0	100.0	35.93602130307894	-0.005517930628347657	-931.7019530665787
2636.0	100.0	35.93133509980618	-0.01772894917576027	-931.7383152246603
2637.0	100.0	35.929764137422026	-0.005586953730323997	-931.7668774248949
2638.0	100.0	35.925102014961645	-0.017805683422587343	-931.8029930312965
2639.0	100.0	35.92354296065707	-0.005661280076158623	-931.8313163989612
2640.0	100.0	35.918921976335945	-0.017981465953456968	-931.8673861958215
2641.0	100.0	35.91737192486021	-0.005688172749584353	-931.8956114238553
2642.0	100.0	35.91278469556016	-0.018094490427543932	-931.9314533390601
2643.0	100.0	35.911238860927035	-0.0060376589085717495	-931.959553682109
2644.0	100.0	35.9066811751212	-0.018180387016492678	-931.9953589949123
2645.0	100.0	35.9051462542757	-0.005767370710806641	-932.0231832523273
2646.0	100.0	35.90062064016815	-0.01827977954962215	-932.0586539069417
2647.0	100.0	35.89910334708264	-0.005690807933884204	-932.0865873278756
2648.0	100.0	35.89460252953856	-0.018589668250886114	-932.1220017502103
2649.0	100.0	35.89309588917938	-0.005735287291543478	-932.149615627379
2650.0	100.0	35.888633760056166	-0.01862351019478952	-932.1849058803405
2651.0	100.0	35.88713062517471	-0.005884411985451867	-932.2124225627446
2652.0	100.0	35.882698312055076	-0.018611652450811096	-932.2474762391147
2653.0	100.0	35.881204526120264	-0.005958209702964479	-932.2749615842633
2654.0	100.0	35.87680390031098	-0.018728767834806835	-932.3099870055783
2655.0	100.0	35.875327964147715	-0.005870171681173772	-932.3371113229891
2656.0	100.0	35.87095031715918	-0.019273088464736073	-932.3719879459766
2657.0	100.0	35.86948499044071	-0.005967699944033616	-932.3991423149134
2658.0	100.0	35.865146343988826	-0.018834523486779494	-932.4337716472277
2659.0	100.0	35.86368302585648	-0.005956286348402369	-932.4607888755373
2660.0	100.0	35.85937357816036	-0.019140068210435627	-932.4952666326496
2661.0	100.0	35.85792064797321	-0.005944393323057834	-932.5220945558399
2662.0	100.0	35.8536415603885	-0.019132524644745345	-932.5564736139142
2663.0	100.0	35.852206737110336	-0.006061285107005144	-932.583292011227
2664.0	100.0	35.84794990319983	-0.019243903700191675	-932.6174934019839
2665.0	100.0	35.84652503685925	-0.005882665280219134	-932.6441378636774
2666.0	100.0	35.84229751575866	-0.019325208716407968	-932.6781770215658
2667.0	100.0	35.84088192373797	-0.0060768941899233065	-932.7047480854692
2668.0	100.0	35.83668280847762	-0.019688479984263065	-932.7385716169157
2669.0	100.0	35.835278093144375	-0.006148085137051402	-932.7650389999374
2670.0	100.0	35.83110951298212	-0.019422332039018553	-932.798673621401
2671.0	100.0	35.82971229764821	-0.006098240011410095	-932.8249841000994
2672.0	100.0	35.8255732577699	-0.01945177406177491	-932.8585616892417
2673.0	100.0	35.82418633147399	-0.006195041492391149	-932.8847228097022
2674.0	100.0	35.820080602421996	-0.019600520450639383	-932.9180486519414
2675.0	100.0	35.81869661031921	-0.006046229936333115	-932.9441893551971
2676.0	100.0	35.814621431135315	-0.019656041957644088	-932.977507584592
2677.0	100.0	35.81324665113154	-0.006183435797132606	-933.0034538037359
2678.0	100.0	35.809191147535344	-0.019638427157352135	-933.0363690458555
2679.0	100.0	35.80784038910354	-0.0062546030748634514	-933.0622312437839
2680.0	100.0	35.80380678892463	-0.01995763905300072	-933.0951627404751
2681.0	100.0	35.802457821222845	-0.006231385647767359	-933.12088608313
2682.0	100.0	35.79846534335796	-0.019831411936322752	-933.1536843218802
2683.0	100.0	35.7971185289201	-0.006323418660029413	-933.1792073122429
2684.0	100.0	35.793154808748156	-0.019659650503811663	-933.2119950366134
2685.0	100.0	35.79181584690244	-0.006369954751065667	-933.2374015754874
2686.0	100.0	35.7878719275794	-0.019816999850661505	-933.2698751797118
2687.0	100.0	35.786550375723415	-0.006279811609263037	-933.295322763869
2688.0	100.0	35.782633613772155	-0.01974868127410686	-933.3277519233311
2689.0	100.0	35.78131974344914	-0.006388765799285165	-933.3529911241124
2690.0	100.0	35.777438439723944	-0.019848675102074508	-933.3851098193782
2691.0	100.0	35.77612712538427	-0.006462600204774518	-933.4101276672192
2692.0	100.0	35.77226261864564	-0.019875138836002535	-933.4422607491156
2693.0	100.0	35.770960321618745	-0.00663697408213903	-933.4673441943762
2694.0	100.0	35.767131515076166	-0.019950129236776113	-933.4991585088665
2695.0	100.0	35.76584493177611	-0.006366521875555431	-933.5240184729626
2696.0	100.0	35.76202770757489	-0.019972207015583762	-933.5558043793285
2697.0	100.0	35.76075074663715	-0.0063986001521626635	-933.5804427943862
2698.0	100.0	35.75697301134195	-0.020019049131260108	-933.6123416852982
2699.0	100.0	35.75569622331785	-0.0064537770596546345	-933.6368354987922
2700.0	100.0	35.75193691289466	-0.01984445531135676	-933.6682880858004
2701.0	100.0	35.75067830561863	-0.006462425429070339	-933.6929036375715
2702.0	100.0	35.74694522260472	-0.020096876782053325	-933.724240799714
2703.0	100.0	35.7456856406523	-0.006357663114740033	-933.7487216112174
2704.0	100.0	35.741978507123875	-0.020148673245079414	-933.7798739356205
2705.0	100.0	35.740735598774876	-0.006411344827058039	-933.804188227192
2706.0	100.0	35.737060409403036	-0.020478367558297853	-933.8352843105259
2707.0	100.0	35.7358175043897	-0.006334180278598098	-933.8595770625703
2708.0	100.0	35.732162086833014	-0.020101422234115037	-933.8904189218432
2709.0	100.0	35.730928223425416	-0.0064233193108608035	-933.9143908595224
2710.0	100.0	35.72730330362999	-0.020122659886577937	-933.945348445541
2711.0	100.0	35.72607818269724	-0.006304358959104906	-933.9693767934305
2712.0	100.0	35.72247081505141	-0.02013788145902239	-933.999883389236
2713.0	100.0	35.721261805672754	-0.006467950098282672	-934.0237899330326
2714.0	100.0	35.717671834939644	-0.020096279453629733	-934.0543448277432
2715.0	100.0	35.716478444435076	-0.006528739711483344	-934.0780388052057
2716.0	100.0	35.71291963505062	-0.020246844144871348	-934.108434889009
2717.0	100.0	35.711718938102564	-0.006238269036674374	-934.1320079101655
2718.0	100.0	35.70818582461518	-0.0201952000581997	-934.1623100011209
2719.0	100.0	35.706991904576284	-0.006735911073938764	-934.18592458682
2720.0	100.0	35.703490123663784	-0.020162574249333882	-934.2159431649753
2721.0	100.0	35.702313007488286	-0.006344092151806339	-934.2394255058956
2722.0	100.0	35.69882031423156	-0.02031817522516769	-934.2693749219281
2723.0	100.0	35.69765044733554	-0.00634809757376573	-934.2927644346082
2724.0	100.0	35.69418907190434	-0.02003146023682836	-934.3225889095653
2725.0	100.0	35.69301955513099	-0.006545274267460348	-934.3457187259181
2726.0	100.0	35.689581081165855	-0.020134648973233565	-934.3754101295859
2727.0	100.0	35.68841957983561	-0.006407564704370459	-934.3985701187062
2728.0	100.0	35.685012326207804	-0.020178717880012367	-934.428179082049
2729.0	100.0	35.683866771973555	-0.006280517951763268	-934.4512666017926
2730.0	100.0	35.68046658537366	-0.02019012514522517	-934.480629393824
2731.0	100.0	35.67932783754922	-0.006435390027412048	-934.5034072120336
2732.0	100.0	35.67596004366	-0.019998263031296502	-934.5327505513283
2733.0	100.0	35.674821699414736	-0.006878963221471415	-934.555598274016
2734.0	100.0	35.67147615752287	-0.019951168967826886	-934.5847140119629
2735.0	100.0	35.67034435144382	-0.006529226309833312	-934.607553605938
2736.0	100.0	35.66702154233594	-0.020023378405828792	-934.6364957598809
2737.0	100.0	35.66590487075748	-0.006385250613616054	-934.6590996235171
2738.0	100.0	35.66260483144988	-0.020190860442078636	-934.6880303541636
2739.0	100.0	35.66149636581332	-0.0062339028696102115	-934.7104573556694
2740.0	100.0	35.658219344109256	-0.020095281686790808	-934.7392897097415
2741.0	100.0	35.65711186026554	-0.006353489426006383	-934.7617068902247
2742.0	100.0	35.65385430009936	-0.020058815278276243	-934.7902615102603
2743.0	100.0	35.65275284845507	-0.006397785100876281	-934.8125976295586
2744.0	100.0	35.6495200882343	-0.02001868748658272	-934.8410234548667
2745.0	100.0	35.64842486101163	-0.006356439913786552	-934.8632133746876
2746.0	100.0	35.645214395729305	-0.02036868221394547	-934.8915818626008
2747.0	100.0	35.64413520130783	-0.0063369772256554055	-934.9137374182419
2748.0	100.0	35.64093713642002	-0.019976956260646286	-934.9420183835715
2749.0	100.0	35.63986537969198	-0.006337576952860335	-934.9639850166149
2750.0	100.0	35.636695494917085	-0.019995639995907928	-934.9921602608466
2751.0	100.0	35.6356253586988	-0.006199421256780245	-935.0139593718138
2752.0	100.0	35.6324770174319	-0.019997352995066026	-935.0420355112157
2753.0	100.0	35.63141186228808	-0.006331203778500303	-935.0638023429553
2754.0	100.0	35.628285584242875	-0.019794459582554297	-935.0916607516286
2755.0	100.0	35.62722826241896	-0.0063395619346809096	-935.1133572111033
2756.0	100.0	35.62412178678483	-0.0199287400046819	-935.1411956800221
2757.0	100.0	35.62308051713382	-0.00628741727504977	-935.1627036599654
2758.0	100.0	35.61999600435629	-0.019761919193934115	-935.1903454315883
2759.0	100.0	35.61895213189353	-0.006348880067280833	-935.2117703949467
2760.0	100.0	35.61588877579358	-0.020021302783493348	-935.2392565950163
2761.0	100.0	35.614851894480445	-0.006274653613169527	-935.2607123071098
2762.0	100.0	35.61181307238411	-0.019825259518741263	-935.2880359449548
2763.0	100.0	35.61078361222998	-0.0062167279783917504	-935.3094321804315
2764.0	100.0	35.607768135434085	-0.019646003954783216	-935.3366923860317
2765.0	100.0	35.606745567407955	-0.006208845774771257	-935.3578861858697
2766.0	100.0	35.603744495421665	-0.019649899303061612	-935.3849992737445
2767.0	100.0	35.60273849974168	-0.0062203858126942315	-935.4061192946265
2768.0	100.0	35.59975803875177	-0.019573564752406455	-935.4331037170642
2769.0	100.0	35.598760133408184	-0.006085573486295892	-935.4540273138039
2770.0	100.0	35.595808708730914	-0.019437159905001403	-935.4810075996306
2771.0	100.0	35.59480905791221	-0.006259043441957317	-935.5019991168108
2772.0	100.0	35.59187991189083	-0.019295754399236708	-935.5285950435723
2773.0	100.0	35.59088762322243	-0.0060636353232586485	-935.5494675068668
2774.0	100.0	35.58797666715671	-0.019812728769427874	-935.5761388991276
2775.0	100.0	35.586992520683566	-0.00610085262336637	-935.5968741679226
2776.0	100.0	35.58409567123627	-0.01925561028182182	-935.6233120039064
2777.0	100.0	35.58312402974003	-0.005994357655506833	-935.6440385542943
2778.0	100.0	35.58024848228964	-0.01922743903168983	-935.6704185704308
2779.0	100.0	35.57928332692734	-0.006106818219686627	-935.6909635618205
2780.0	100.0	35.57642742335862	-0.019093605138120005	-935.7172520044971
2781.0	100.0	35.57546863989544	-0.006114896853837897	-935.7376966470397
2782.0	100.0	35.57263963675106	-0.019051735080931283	-935.7639255976577
2783.0	100.0	35.57168084293548	-0.006050886988630559	-935.7842527016762
2784.0	100.0	35.568863223046726	-0.018971786408742874	-935.8103231552396
2785.0	100.0	35.567911066147495	-0.006131602856181695	-935.8304936130622
2786.0	100.0	35.56512130480269	-0.018912586727268872	-935.8564887553154
2787.0	100.0	35.56417442305202	-0.006121563195128551	-935.8768066871401
2788.0	100.0	35.56140299469688	-0.019148660856075896	-935.9024373761732
2789.0	100.0	35.56047224397817	-0.0059025026491673445	-935.92258759094
2790.0	100.0	35.55770442649858	-0.018968563368740074	-935.9483502805417
2791.0	100.0	35.55677821581939	-0.0059317443488311385	-935.9681831318773
2792.0	100.0	35.55404446510854	-0.01877094801199434	-935.9938261301143
2793.0	100.0	35.55311797070316	-0.005953288171144596	-936.013686507778
2794.0	100.0	35.55040344933863	-0.018615683026411787	-936.0392336216744
2795.0	100.0	35.549482604519305	-0.0060219953861510985	-936.0591003158889
2796.0	100.0	35.54677910831155	-0.018715832638916848	-936.0843947624884
2797.0	100.0	35.54586403800649	-0.005888162930109059	-936.1041537060578
2798.0	100.0	35.543185447309554	-0.018630674737278027	-936.1294769895813
2799.0	100.0	35.54228668472592	-0.005741030845537069	-936.1489730071889
2800.0	100.0	35.53961118403158	-0.018559077650235577	-936.1741123342015
2801.0	100.0	35.538716247269896	-0.005924339829274221	-936.1935929490871
2802.0	100.0	35.536074048582456	-0.018447841067204564	-936.218565960426
2803.0	100.0	35.535177750729844	-0.006275636572902918	-936.2381558619372
2804.0	100.0	35.53255449547223	-0.018427122425604577	-936.2631890123905
2805.0	100.0	35.53165580558608	-0.005748427022829101	-936.2823570813317
2806.0	100.0	35.52905065652907	-0.018410063807130766	-936.3072141102356
2807.0	100.0	35.52816590470811	-0.005770660560438351	-936.3264559449224
2808.0	100.0	35.52557765677592	-0.018319683904496557	-936.3511731206621
2809.0	100.0	35.5246919748747	-0.005782353097155336	-936.370286353918
2810.0	100.0	35.52212074345052	-0.018174655958852936	-936.3948663045378
2811.0	100.0	35.52125559255615	-0.005814891636203519	-936.4140213362614
2812.0	100.0	35.51869549784239	-0.018150214517195482	-936.438489779026
2813.0	100.0	35.517827029907934	-0.005803937405930599	-936.4574663666673
2814.0	100.0	35.515292851844	-0.018124106080370683	-936.4818601857008
2815.0	100.0	35.51443152246943	-0.005641222852596395	-936.5007458745005
2816.0	100.0	35.511905359859696	-0.018050489038092775	-936.5249776061833
2817.0	100.0	35.51104877654691	-0.005724417295729584	-936.5438314045185
2818.0	100.0	35.50854766975286	-0.01825908937931307	-936.5679069661068
2819.0	100.0	35.50769826560449	-0.0057191445711258036	-936.5867062147745
2820.0	100.0	35.505205448662196	-0.017892335876386178	-936.6107397618742
2821.0	100.0	35.50436796175095	-0.005565743765220759	-936.6292843937288
2822.0	100.0	35.501891986357634	-0.017963224610800133	-936.653362198916
2823.0	100.0	35.50106070549263	-0.005674059723178744	-936.671929882234
2824.0	100.0	35.4986025664646	-0.017706014221737138	-936.6957874569093
2825.0	100.0	35.497766873520774	-0.005605289673938005	-936.71415660593
2826.0	100.0	35.495325409610714	-0.01768037355734602	-936.7379902099407
2827.0	100.0	35.49449744924641	-0.005609505074307395	-936.7563882548469
2828.0	100.0	35.49207917536522	-0.017605424027426493	-936.7800314986788
2829.0	100.0	35.49125723783245	-0.00548988302239566	-936.7982977925941
2830.0	100.0	35.488846619510845	-0.01775773181168463	-936.8218515044855
2831.0	100.0	35.488030223523026	-0.005581412392801844	-936.8399984639766
2832.0	100.0	35.48563589139774	-0.017810548835288917	-936.8633984329005
2833.0	100.0	35.484832361419606	-0.005387265000154166	-936.881665488507
2834.0	100.0	35.48245544470216	-0.017558080476252437	-936.9048180338842
2835.0	100.0	35.48165677234034	-0.005402991350654407	-936.9230137009147
2836.0	100.0	35.479295097092745	-0.017394230712974832	-936.9461428510649
2837.0	100.0	35.47849321492918	-0.005522673408255646	-936.9640502340424
2838.0	100.0	35.476146356561465	-0.017437885322592772	-936.9873056054398
2839.0	100.0	35.47534979989043	-0.005445341379433728	-937.0052225878455
2840.0	100.0	35.47302777938448	-0.017070973542465794	-937.0281709664469
2841.0	100.0	35.47223015443501	-0.0054735548403062355	-937.0460164889288
2842.0	100.0	35.46992200633555	-0.017184728353722006	-937.0688877302172
2843.0	100.0	35.46913739671681	-0.005452638579799626	-937.0867095328252
2844.0	100.0	35.46683780382217	-0.01708207055599207	-937.1095569575575
2845.0	100.0	35.46606421374336	-0.005398393995894276	-937.1270466319999
2846.0	100.0	35.46377351493842	-0.017015777825447984	-937.1498021950042
2847.0	100.0	35.463006778689525	-0.005673762875788669	-937.167346689875
2848.0	100.0	35.46074412981569	-0.016876614011126494	-937.189899612098
2849.0	100.0	35.459966143916	-0.005387881144360253	-937.2074805484438
2850.0	100.0	35.457720649079555	-0.016934469756147826	-937.2298139797552
2851.0	100.0	35.456947966531466	-0.00537600967990615	-937.2472356603832
2852.0	100.0	35.45471612631179	-0.016823822899388545	-937.2697142287711
2853.0	100.0	35.45395670399459	-0.005339330750814179	-937.2869942529834
2854.0	100.0	35.451733145619215	-0.01673436863390017	-937.3094027040537
2855.0	100.0	35.45097757364781	-0.00525566017421622	-937.3266261461175
2856.0	100.0	35.44876970126629	-0.01684541923115178	-937.3487472822069
2857.0	100.0	35.44801882561434	-0.0051451658679673535	-937.3660633880382
2858.0	100.0	35.44582578033467	-0.01660684620104015	-937.388160138973
2859.0	100.0	35.44508677720283	-0.00529776445552103	-937.405194767828
2860.0	100.0	35.44290034806499	-0.016568930857885335	-937.4272503118783
2861.0	100.0	35.442165492123216	-0.00524449022754982	-937.444227475624
2862.0	100.0	35.44000252142111	-0.016790257078291734	-937.4661797432184
2863.0	100.0	35.43926600500002	-0.005218176643342103	-937.4831379837673
2864.0	100.0	35.43712315742774	-0.0163407401156556	-937.5048015648929
2865.0	100.0	35.43638479378819	-0.005238847020869344	-937.5217500019612
2866.0	100.0	35.43425594385117	-0.016262900199986507	-937.5434353942745
2867.0	100.0	35.43352208258297	-0.005225075732254283	-937.5602113751282
2868.0	100.0	35.4314078024377	-0.016272855541687153	-937.5817649345713
2869.0	100.0	35.430679276958365	-0.005069927431429003	-937.5985210386605
2870.0	100.0	35.4285786745677	-0.016153034534635864	-937.6200775962187
2871.0	100.0	35.42786181210701	-0.005182295328342413	-937.6367629082237
2872.0	100.0	35.42576895124552	-0.016109727086872958	-937.6581455364974
2873.0	100.0	35.425055502922106	-0.005082264215663096	-937.6748310709731
2874.0	100.0	35.42297527616408	-0.01616168219765679	-937.6960415407368
2875.0	100.0	35.42227641970469	-0.004920269027721966	-937.7125526225145
2876.0	100.0	35.42020218210823	-0.016093131821696482	-937.7336685929519
2877.0	100.0	35.419506297845686	-0.005393833549022963	-937.7501688219385
2878.0	100.0	35.4174468406173	-0.015824139954993814	-937.7712733508188
2879.0	100.0	35.41675521824848	-0.005074546836991939	-937.7876972050295
2880.0	100.0	35.41471712668268	-0.01579598823454228	-937.8085707780679
2881.0	100.0	35.41401651967729	-0.00500903955013723	-937.8249676632157
2882.0	100.0	35.4119986589259	-0.015743545900569953	-937.8459294823147
2883.0	100.0	35.41130250300804	-0.0050788041173770015	-937.8621017216
2884.0	100.0	35.4092973992207	-0.015613951266014225	-937.8828958422127
2885.0	100.0	35.40860448394228	-0.0051165306424318675	-937.8990209018873
2886.0	100.0	35.406606759248824	-0.015510351861133127	-937.9197255695428
2887.0	100.0	35.405927376663186	-0.004958620939308553	-937.9358042867345
2888.0	100.0	35.40394151053602	-0.015547032689029091	-937.9565277667631
2889.0	100.0	35.40326744378896	-0.00483647885293759	-937.9724752411726
2890.0	100.0	35.40129484039942	-0.015524196434528605	-937.9930991521242
2891.0	100.0	35.40062350640878	-0.00476622428508768	-938.0089676885268
2892.0	100.0	35.39866539240964	-0.015771562348307448	-938.0293968656389
2893.0	100.0	35.39800613445021	-0.004749506394829873	-938.0452738619489
2894.0	100.0	35.396052526279895	-0.015466944588974471	-938.065704848955
2895.0	100.0	35.395389296554754	-0.004809727460213257	-938.0814517196449
2896.0	100.0	35.39344948512475	-0.015347621104336134	-938.1017186918807
2897.0	100.0	35.39279753408988	-0.0047028175209515325	-938.1173905834635
2898.0	100.0	35.3908785787589	-0.01520881759292827	-938.137701006531
2899.0	100.0	35.39022552178558	-0.0047741316793691695	-938.1532392669297
2900.0	100.0	35.38831654081631	-0.015159644925961516	-938.1734017552371
2901.0	100.0	35.38766787269045	-0.004734250843156618	-938.189024348206
2902.0	100.0	35.38577276020409	-0.015037818434225877	-938.2090584115423
2903.0	100.0	35.385119281380746	-0.004694608098318557	-938.2245977000031
2904.0	100.0	35.383237598670675	-0.015063891574414416	-938.244391401725
2905.0	100.0	35.382595936226316	-0.004559300122714678	-938.2598990319568
2906.0	100.0	35.38072694620366	-0.014964784801198129	-938.2796656929049
2907.0	100.0	35.38008878496202	-0.004678752008947348	-938.2951267791836
2908.0	100.0	35.37823275919138	-0.015103270279010227	-938.3147051791531
2909.0	100.0	35.377591411477006	-0.0046628640257466636	-938.3301522726756
2910.0	100.0	35.37574535249181	-0.014782403829103076	-938.3497831205327
2911.0	100.0	35.37511675570847	-0.004752412648235785	-938.3649215289175
2912.0	100.0	35.37328402155782	-0.014622893861866208	-938.3844489498097
2913.0	100.0	35.37265960396127	-0.004539268869605777	-938.3996619441298
2914.0	100.0	35.370838600226406	-0.014577929139386313	-938.4190988535424
2915.0	100.0	35.37021687989782	-0.00454991219367638	-938.434193312929
2916.0	100.0	35.36840203413395	-0.014671428150414194	-938.453668249473
2917.0	100.0	35.36779213671411	-0.004580617522887035	-938.4687101061423
2918.0	100.0	35.36598794602169	-0.014297181775853048	-938.4879806733907
2919.0	100.0	35.36537508602111	-0.004593011932854501	-938.5028754477684
2920.0	100.0	35.36358299756638	-0.014340948187232435	-938.5220705798338
2921.0	100.0	35.36298085153434	-0.004561886767183723	-938.536973048047
2922.0	100.0	35.36120130705396	-0.014323180644916424	-938.5561755019164
2923.0	100.0	35.36060384452044	-0.00445961621562279	-938.5709870142565
2924.0	100.0	35.358843104614216	-0.014496578605263299	-938.5900041214597
2925.0	100.0	35.35823439982656	-0.004491115101425863	-938.6047913739233
2926.0	100.0	35.356484237191715	-0.014096924680875356	-938.6236808140193
2927.0	100.0	35.35588679338054	-0.004560028393415623	-938.6384394674783
2928.0	100.0	35.354148691516585	-0.013995728115794219	-938.6572643819512
2929.0	100.0	35.35354856110495	-0.004459612072171713	-938.6719853881333
2930.0	100.0	35.35182253731045	-0.014007475785350087	-938.6906648982483
2931.0	100.0	35.35123271135638	-0.004354542643421594	-938.7051973807171
2932.0	100.0	35.349517581879994	-0.01398712026419955	-938.7240177570905
2933.0	100.0	35.34892324862634	-0.004360054893458229	-938.7384876602862
2934.0	100.0	35.347220717993906	-0.013938105899733596	-938.7569969992408
2935.0	100.0	35.346637615052174	-0.0043608038540177314	-938.7715727374438
2936.0	100.0	35.34494598487309	-0.013594144788299312	-938.7901263555825
2937.0	100.0	35.34435879712038	-0.004392096910822202	-938.8044430903781
2938.0	100.0	35.34267889427838	-0.013752711121248479	-938.8228461267405
2939.0	100.0	35.342103149161495	-0.004588116595890878	-938.8371855453158
2940.0	100.0	35.3404334258115	-0.013605008361537534	-938.8555475778516
2941.0	100.0	35.33985545687614	-0.0043367706361874805	-938.8698540354545
2942.0	100.0	35.33819617830892	-0.013474355859064015	-938.8881845784789
2943.0	100.0	35.33762979807709	-0.0043171034922646605	-938.9023907895204
2944.0	100.0	35.33598133597864	-0.01345250608015226	-938.920437279472
2945.0	100.0	35.33541026560583	-0.004225692495784382	-938.9347420014591
2946.0	100.0	35.33377371165086	-0.01346079265699725	-938.9527996404056
2947.0	100.0	35.3332128219145	-0.004130612102841064	-938.9668579899037
2948.0	100.0	35.33158635071909	-0.013419492478828104	-938.9848598138524
2949.0	100.0	35.33102317380387	-0.004167609891050895	-938.998794146422
2950.0	100.0	35.32940775736322	-0.013317420018978822	-939.0168300533238
2951.0	100.0	35.32885418184754	-0.004111444871063894	-939.0307201780288
2952.0	100.0	35.327242272767975	-0.013103830127553954	-939.0485113956863
2953.0	100.0	35.3266930500794	-0.004184346139078042	-939.0624077599676
2954.0	100.0	35.32509894477692	-0.013115281717960031	-939.0802004844513
2955.0	100.0	35.32454565164858	-0.004404100833958771	-939.0939450173365
2956.0	100.0	35.322961839500834	-0.0131061345565407	-939.111913958276
2957.0	100.0	35.32241908539638	-0.003974648134399406	-939.1254909029171
2958.0	100.0	35.32084598240276	-0.013090987941103423	-939.1431156602767
2959.0	100.0	35.32030005892461	-0.004051596914450073	-939.156897903904
2960.0	100.0	35.31873833752661	-0.012928838111818603	-939.1744250527186
2961.0	100.0	35.318195498526684	-0.0038999455601603796	-939.1880363467276
2962.0	100.0	35.316641637426365	-0.012915341950081672	-939.2055196906701
2963.0	100.0	35.31611020897132	-0.003929296374572722	-939.2191666214715
2964.0	100.0	35.31456860513091	-0.012850885093163199	-939.2366665171367
2965.0	100.0	35.314032447615645	-0.003867146904649642	-939.2500738561497
2966.0	100.0	35.312502386999554	-0.012787129728855939	-939.2674525827116
2967.0	100.0	35.31196805742674	-0.003879980956531592	-939.2808133923896
2968.0	100.0	35.31044746214886	-0.012609747363079975	-939.2980565305372
2969.0	100.0	35.309924727286	-0.0039148102995071555	-939.3114500981815
2970.0	100.0	35.3084145361886	-0.01260485196471122	-939.3286687156289
2971.0	100.0	35.30788715250189	-0.0039007104190514033	-939.3419441864482
2972.0	100.0	35.306386901628166	-0.012809541428030964	-939.3591159087125
2973.0	100.0	35.30586369561846	-0.003841807848766198	-939.3722802427741
2974.0	100.0	35.30437171273511	-0.012427142697773811	-939.3892833239954
2975.0	100.0	35.30386073311951	-0.003872151515514965	-939.40242041331
2976.0	100.0	35.30237125079197	-0.012256993596588677	-939.4194889448249
2977.0	100.0	35.30186280925075	-0.003866958145171788	-939.4326314279126
2978.0	100.0	35.30039120072276	-0.012253511792594483	-939.4493685837889
2979.0	100.0	35.29987807509548	-0.0037850141302759885	-939.4626415973889
2980.0	100.0	35.298417811894176	-0.012240479932381152	-939.479328299375
2981.0	100.0	35.297914415985794	-0.0037275813150316824	-939.4923079871076
2982.0	100.0	35.29645461410535	-0.012086237241548005	-939.5090236413589
2983.0	100.0	35.29595654861928	-0.003730284018073059	-939.5220927921223
2984.0	100.0	35.29450539858218	-0.012079356940406662	-939.5387667605838
2985.0	100.0	35.29401095163701	-0.00376359895966267	-939.5515834799189
2986.0	100.0	35.29257615778521	-0.011912917598221951	-939.5682232365841
2987.0	100.0	35.292076709756174	-0.0037728290696040995	-939.5808809139983
2988.0	100.0	35.29065247622348	-0.012280674287165703	-939.5974917451671
2989.0	100.0	35.29015694128908	-0.003638188067882052	-939.6103297161015
2990.0	100.0	35.28874288207316	-0.01174905916696034	-939.6266808637881
2991.0	100.0	35.28825670455247	-0.0037312583708747574	-939.6396118172015
2992.0	100.0	35.28684420334938	-0.01181800738496887	-939.6558629059007
2993.0	100.0	35.28636117948894	-0.0035815960374832004	-939.6685661445335
2994.0	100.0	35.28495756436169	-0.01179393960572999	-939.6848309942934
2995.0	100.0	35.28447857015347	-0.0034975533410614005	-939.6974789178653
2996.0	100.0	35.283091695819365	-0.011554213858034288	-939.7135888430794
2997.0	100.0	35.282606658745856	-0.0036452909939107482	-939.7261863880002
2998.0	100.0	35.28122992702927	-0.011592971996629418	-939.7422990925498
2999.0	100.0	35.280749132224656	-0.0035047348299900327	-939.7548321436558
3000.0	100.0	35.27938067606512	-0.011364268498936144	-939.7710187422869
3001.0	100.0	35.27891122182533	-0.0037137530711580215	-939.7834571254524
3002.0	100.0	35.27753624963475	-0.011311436403165554	-939.7994073935321
3003.0	100.0	35.27707683122727	-0.003545629549875801	-939.811715856907
3004.0	100.0	35.275711044898294	-0.011752044278230915	-939.827687893917
3005.0	100.0	35.275254835019496	-0.003501921295057901	-939.8401289962159
3006.0	100.0	35.2738991693625	-0.011296283307695913	-939.8557977412677
3007.0	100.0	35.273444935181026	-0.0034425732222275636	-939.8682392797674
3008.0	100.0	35.272106611572156	-0.011140820446956188	-939.8840396297051
3009.0	100.0	35.27164625538822	-0.0034455458273205644	-939.8961221593618
3010.0	100.0	35.27031694112339	-0.011069619946350608	-939.911864714263
3011.0	100.0	35.26985987243876	-0.003490485729682335	-939.9242027691865
3012.0	100.0	35.26853863510242	-0.011084883299676905	-939.9397448475556
3013.0	100.0	35.26807867877099	-0.0034648851184397042	-939.9518702869539
3014.0	100.0	35.266772149582366	-0.011036937776979838	-939.9673707239119
3015.0	100.0	35.266314783280556	-0.0033961475872512767	-939.9795280499195
3016.0	100.0	35.265018053203775	-0.010776381892500927	-939.9950763724377
3017.0	100.0	35.26456434585594	-0.003455052226308463	-940.0070456676817
3018.0	100.0	35.26327562423418	-0.01090024546016964	-940.0224155065265
3019.0	100.0	35.262832262682444	-0.0032170643767258696	-940.0344121342952
3020.0	100.0	35.261544504814594	-0.01086614142001033	-940.0498935787582
3021.0	100.0	35.2611027978229	-0.0036915768951932665	-940.0616232915518
3022.0	100.0	35.25982468836862	-0.010666479363175597	-940.0769362826758
3023.0	100.0	35.259386328207626	-0.003313100429429986	-940.0887929101765
3024.0	100.0	35.25811589340389	-0.010757950110917696	-940.1040709893108
3025.0	100.0	35.25768051297759	-0.003081521811395143	-940.115800849995
3026.0	100.0	35.256410966261264	-0.01073256020643017	-940.1310459715589
3027.0	100.0	35.2559856549978	-0.00322830322706742	-940.1427071161329
3028.0	100.0	35.25472599608667	-0.010491176415960495	-940.1578290666133
3029.0	100.0	35.254302469884045	-0.0032167734665164895	-940.169568038911
3030.0	100.0	35.25304982457817	-0.010425432370454252	-940.1847006032225
3031.0	100.0	35.25263014125347	-0.0032236446131594892	-940.1962784753902
3032.0	100.0	35.251386326236386	-0.010390593501617088	-940.2112425025119
3033.0	100.0	35.25096204207118	-0.003263734704868782	-940.2228869348462
3034.0	100.0	35.249732989543105	-0.010129649575784244	-940.2376523294711
3035.0	100.0	35.2493104484772	-0.0032718349771627343	-940.2493563737179
3036.0	100.0	35.24809036044336	-0.010288620079804684	-940.2640938941774
3037.0	100.0	35.247670304970775	-0.0032007201315173562	-940.2756990207079
3038.0	100.0	35.24645850275677	-0.010405170534987514	-940.2903782534657
3039.0	100.0	35.24604142708631	-0.0032152893353639433	-940.301808443183
3040.0	100.0	35.24483805845693	-0.010019302733557778	-940.3164576385059
3041.0	100.0	35.24442328233528	-0.0032008087601838307	-940.3279294825429
3042.0	100.0	35.2432275757627	-0.009929571967446888	-940.3424624545595
3043.0	100.0	35.24281722146484	-0.0030946303999779155	-940.3539732228962
3044.0	100.0	35.24162122930127	-0.01008181626249602	-940.368454810244
3045.0	100.0	35.24121910900648	-0.003062309465583408	-940.3797736006065
3046.0	100.0	35.24003126582343	-0.009956056092322935	-940.3941787670897
3047.0	100.0	35.239632592785675	-0.002989561322887432	-940.4054890319246
3048.0	100.0	35.23845306616862	-0.009889364101190536	-940.4199790306367
3049.0	100.0	35.238049958167515	-0.003048132414376459	-940.4311816030825
3050.0	100.0	35.236884773860346	-0.009739800521628893	-940.4454656093156
3051.0	100.0	35.23647580416399	-0.0029009177376527993	-940.4565699154897
3052.0	100.0	35.23532726915488	-0.00987725282320338	-940.4708276099973
3053.0	100.0	35.234921632797544	-0.002980784338462003	-940.4818985523478
3054.0	100.0	35.233779546358804	-0.009640121672431725	-940.4962554907494
3055.0	100.0	35.23337676351348	-0.0030207640486851037	-940.5073208319707
3056.0	100.0	35.232243395258934	-0.009900661865250545	-940.5214261767438
3057.0	100.0	35.231840866286134	-0.00302203281603404	-940.532426384329
3058.0	100.0	35.23071560101418	-0.00950890266198209	-940.5465148833707
3059.0	100.0	35.23031810805572	-0.0029477284067484025	-940.5574358541905
3060.0	100.0	35.22918240693867	-0.00960443188908546	-940.5715130609453
3061.0	100.0	35.22880294224643	-0.002788212010894411	-940.5824449865685
3062.0	100.0	35.227676279916636	-0.009551365599672932	-940.5964504876395
3063.0	100.0	35.22729899107775	-0.0029267691968651536	-940.6072430234476
3064.0	100.0	35.22617849125108	-0.0094123740822367	-940.6211922958776
3065.0	100.0	35.22579563151655	-0.0028381783546344145	-940.6319674872396
3066.0	100.0	35.22469203605699	-0.009395498920364646	-940.6458101934555
3067.0	100.0	35.22431169957937	-0.0028092396919959382	-940.656600806388
3068.0	100.0	35.22321447749369	-0.009299678923780605	-940.6705127272855
3069.0	100.0	35.22282896611242	-0.002784216034330131	-940.6812935556306
3070.0	100.0	35.221746421276244	-0.009350708333974344	-940.6949208584198
3071.0	100.0	35.22136329412129	-0.0025945977586374594	-940.7054686710899
3072.0	100.0	35.22028200429463	-0.009301847448367097	-940.7192760884691
3073.0	100.0	35.21990812790071	-0.0031526380996890185	-940.7298722651351
3074.0	100.0	35.21882523000505	-0.009109637612069203	-940.7434021844273
3075.0	100.0	35.218461760223676	-0.0026253050214338942	-940.7539756554402
3076.0	100.0	35.217387483781955	-0.009146230797941562	-940.7675950032108
3077.0	100.0	35.21701840860795	-0.0025855443609003304	-940.7781025781692
3078.0	100.0	35.21595789762435	-0.009031553518951935	-940.7916955597017
3079.0	100.0	35.21559186959148	-0.0027205608163055972	-940.8021513406967
3080.0	100.0	35.2145381695953	-0.008949774204687778	-940.8155380044627
3081.0	100.0	35.21416673556325	-0.00276237107756186	-940.8258806559261
3082.0	100.0	35.21312783743494	-0.008759445550577678	-940.8392434448281
3083.0	100.0	35.21275930057543	-0.0027018763096433958	-940.8495898658468
3084.0	100.0	35.21171279730853	-0.00887368913475418	-940.8631333680081
3085.0	100.0	35.21136086767522	-0.00260338715296991	-940.8733669279065
3086.0	100.0	35.210320106620806	-0.008718918720127287	-940.8865629426357
3087.0	100.0	35.209963200764385	-0.002642713441002745	-940.896799334952
3088.0	100.0	35.20893809433067	-0.00875780385608144	-940.9100520247089
3089.0	100.0	35.208575868126054	-0.0025726817805951678	-940.920324721866
3090.0	100.0	35.20756533920983	-0.008584039991693625	-940.9335022667237
3091.0	100.0	35.207206227156	-0.00299562743741212	-940.9438368617298
3092.0	100.0	35.206200867927485	-0.008512172485708753	-940.9568215428349
3093.0	100.0	35.205843500907946	-0.0025450843918475956	-940.9669793503567
3094.0	100.0	35.20483050335892	-0.008527418567905617	-940.9799532481223
3095.0	100.0	35.20449026658039	-0.002555154203930758	-940.9901020843613
3096.0	100.0	35.20348518503891	-0.008498025482621277	-941.0030395786275
3097.0	100.0	35.20313206851278	-0.0025188150488846387	-941.0131184238356
3098.0	100.0	35.2021486879834	-0.008300577435374944	-941.0259923996532
3099.0	100.0	35.20179711231562	-0.002557362133009143	-941.0360875645009
3100.0	100.0	35.200812667511535	-0.0082652825512923	-941.0489179759609
3101.0	100.0	35.200471547314855	-0.0025207727835228114	-941.0589582638149
3102.0	100.0	35.199493623428644	-0.008305538382186103	-941.0714885969637
3103.0	100.0	35.199153990213624	-0.0024359479430352804	-941.0814282271765
3104.0	100.0	35.19817571057589	-0.008269114005981185	-941.0942537802883
3105.0	100.0	35.19783825770096	-0.002499069384927672	-941.1041462151732
3106.0	100.0	35.19687361428729	-0.008128611652210202	-941.1168580632755
3107.0	100.0	35.19653077020358	-0.002502886293833311	-941.1267130500072
3108.0	100.0	35.19557213490163	-0.008101099422891068	-941.1393568190132
3109.0	100.0	35.195240336731885	-0.0027460035110965127	-941.1490502356679
3110.0	100.0	35.19428689004248	-0.008069522238880631	-941.1616821733834
3111.0	100.0	35.193950321793515	-0.0023462923041901603	-941.1714593049406
3112.0	100.0	35.19300479433084	-0.008033881576137276	-941.183965452982
3113.0	100.0	35.192676586552196	-0.002310105244335065	-941.193652064275
3114.0	100.0	35.191730155236606	-0.008005205028792902	-941.2060232515261
3115.0	100.0	35.19141214612429	-0.002410635278384815	-941.2158281930538
3116.0	100.0	35.190470919058086	-0.007978704118289017	-941.2282293035222
3117.0	100.0	35.19014034894949	-0.0023246794627794225	-941.2377862394733
3118.0	100.0	35.189220752812304	-0.007824797640295963	-941.2500855081814
3119.0	100.0	35.188891181333304	-0.0022394001868878493	-941.2596873837316
3120.0	100.0	35.187973623407565	-0.007687189207393621	-941.2720029596976
3121.0	100.0	35.187653761923045	-0.002299708309861672	-941.2815358503867
3122.0	100.0	35.18673775668761	-0.007614495371466954	-941.2937519867282
3123.0	100.0	35.18642200790422	-0.0023434311852682933	-941.303358343122
3124.0	100.0	35.1855204864899	-0.007396225815323498	-941.3154468542382
3125.0	100.0	35.1852059816547	-0.002251118235743554	-941.3249640843582
3126.0	100.0	35.18430339310167	-0.007499312520397523	-941.3370185598991
3127.0	100.0	35.183994169136355	-0.0024148549266066214	-941.3463983495736
3128.0	100.0	35.18310733577412	-0.00740924889412567	-941.3584940991781
3129.0	100.0	35.18279142020993	-0.0021084433264209157	-941.3678669189501
3130.0	100.0	35.18191930500977	-0.00731179530830296	-941.379925339194
3131.0	100.0	35.18160429903976	-0.002252003479534881	-941.3892471884383
3132.0	100.0	35.180732248436165	-0.007146615630173866	-941.4011894283202
3133.0	100.0	35.18042661191645	-0.002185286374445897	-941.4106337685271
3134.0	100.0	35.179561654829115	-0.006984295515133892	-941.4224995320884
3135.0	100.0	35.17925144485319	-0.002268394929680677	-941.431726223327
3136.0	100.0	35.17838378125039	-0.007066379509968338	-941.4436306208327
3137.0	100.0	35.17809134511244	-0.0021252514575226603	-941.452722858011
3138.0	100.0	35.17723070944188	-0.007030987646171256	-941.4645458870311
3139.0	100.0	35.17692373710715	-0.00213597852295104	-941.4737429667035
3140.0	100.0	35.17608480584904	-0.006880283941908972	-941.4855221671755
3141.0	100.0	35.17578131996626	-0.002145629113338661	-941.4946455355413
3142.0	100.0	35.17493991473403	-0.0067967282002163966	-941.5063907862672
3143.0	100.0	35.174645636613604	-0.0020705373121401366	-941.5154373505603
3144.0	100.0	35.173811460928555	-0.006848196016245876	-941.5271215384624
3145.0	100.0	35.173511257944384	-0.002046727062565251	-941.5361526895715
3146.0	100.0	35.17267559785467	-0.007127913083258831	-941.5475856125046
3147.0	100.0	35.17239339821657	-0.001979547246212975	-941.5567730647197
3148.0	100.0	35.17156308263651	-0.006658714781183186	-941.5682500283685
3149.0	100.0	35.1712756778135	-0.0020963960637796486	-941.5773865011774
3150.0	100.0	35.17045022015851	-0.006708782932549169	-941.5887400504832
3151.0	100.0	35.170164594630364	-0.001997809561013722	-941.5976845121586
3152.0	100.0	35.169354586775555	-0.006702389822881525	-941.6091160226904
3153.0	100.0	35.169062938709274	-0.001870359384256901	-941.6181450642628
3154.0	100.0	35.16825744538672	-0.006575848493258227	-941.6295494979377
3155.0	100.0	35.1679765621633	-0.002066148058385732	-941.6381498103616
3156.0	100.0	35.167168453115565	-0.006466923447427091	-941.6495464081281
3157.0	100.0	35.16688899229714	-0.0019582701283884715	-941.6584281092005
3158.0	100.0	35.16608735056193	-0.006417188465703789	-941.6697476541609
3159.0	100.0	35.165817158989825	-0.0019541736786759627	-941.6785307746147
3160.0	100.0	35.16502112610938	-0.006506436385392017	-941.689676150244
3161.0	100.0	35.16473716782286	-0.0019003278810981756	-941.6984357362356
3162.0	100.0	35.16396378232444	-0.006422313853745779	-941.7096523921778
3163.0	100.0	35.16368320473228	-0.0018122805484309943	-941.718376703334
3164.0	100.0	35.16290473058187	-0.006595808507888021	-941.7295008899652
3165.0	100.0	35.16262559596133	-0.0018741159632455944	-941.7381919647303
3166.0	100.0	35.16186165531866	-0.006283774168134506	-941.7492487099194
3167.0	100.0	35.16158447025455	-0.0017377134124528801	-941.7579163971297
3168.0	100.0	35.16081152104764	-0.0064203099694723105	-941.7688473805816
3169.0	100.0	35.16054240939975	-0.0017514385342275048	-941.7775121442526
3170.0	100.0	35.15978257398289	-0.0061516995674153994	-941.7884372076106
3171.0	100.0	35.159508668944085	-0.0018936560370240677	-941.7969484731152
3172.0	100.0	35.15875404730379	-0.006036128342182158	-941.8079956794245
3173.0	100.0	35.1584813319843	-0.0018886302667330483	-941.8164882060317
3174.0	100.0	35.157738947365885	-0.006064623682475458	-941.8274430685578
3175.0	100.0	35.157468251876004	-0.0017074136764611333	-941.8360205095613
3176.0	100.0	35.15671804372311	-0.00604018355251875	-941.8466226129697
3177.0	100.0	35.15645669761465	-0.001832606191492363	-941.8551368345815
3178.0	100.0	35.155709357272315	-0.005973965448673525	-941.865918047032
3179.0	100.0	35.15545735817428	-0.0018083839120484624	-941.8743971361621
3180.0	100.0	35.154716924195924	-0.006011985569035947	-941.885009269856
3181.0	100.0	35.15445226323375	-0.0016495097063453778	-941.8935241074088
3182.0	100.0	35.15372469722676	-0.0059249220800452335	-941.9040927573103
3183.0	100.0	35.153467540158104	-0.0020275443459912106	-941.9123712278582
3184.0	100.0	35.152745469447794	-0.005849371313586587	-941.9230762154461
3185.0	100.0	35.152483476677695	-0.0017557515812553798	-941.9313117422922
3186.0	100.0	35.15175818266115	-0.005718457577214511	-941.941972592356
3187.0	100.0	35.15151380783795	-0.001710603848560654	-941.9502516404856
3188.0	100.0	35.15079382125449	-0.005708451879085229	-941.9607772092023
3189.0	100.0	35.150535978300894	-0.001705303425599848	-941.9688811032004
3190.0	100.0	35.14982824113119	-0.005694032623850707	-941.9795371469029
3191.0	100.0	35.14957899386746	-0.001690354600142068	-941.9877530884637
3192.0	100.0	35.14887714287078	-0.005543952000329244	-941.9980673354809
3193.0	100.0	35.1486225869585	-0.0017217136217859285	-942.0062559688865
3194.0	100.0	35.14792476514184	-0.005683601616629842	-942.0166312242278
3195.0	100.0	35.147671532575025	-0.0015251863404907562	-942.0249048790979
3196.0	100.0	35.146973397452996	-0.005559681083364049	-942.0352529464209
3197.0	100.0	35.14673658214167	-0.0016696133988051529	-942.0432309607336
3198.0	100.0	35.14604166824148	-0.005532622505102349	-942.0535335758381
3199.0	100.0	35.14579145365558	-0.0015997793585919603	-942.0616067209996
3200.0	100.0	35.14510910898012	-0.005549177660835923	-942.0717929949875
3201.0	100.0	35.14486882774486	-0.0014642119939826976	-942.0798378307022
3202.0	100.0	35.14419209329214	-0.005816082320746217	-942.0900823833863
3203.0	100.0	35.143944579298	-0.001578675810915824	-942.0980568089852
3204.0	100.0	35.143265046756035	-0.0054333208582539785	-942.1082142588568
3205.0	100.0	35.14302774357015	-0.0015848575623118458	-942.1162129417651
3206.0	100.0	35.1423528238864	-0.0052478927277407154	-942.1263024348949
3207.0	100.0	35.14211774179666	-0.0016339997065282772	-942.1342327177456
3208.0	100.0	35.141455676301995	-0.005201204042094622	-942.1443946759819
3209.0	100.0	35.14121379485354	-0.001540964162618633	-942.1521859673262
3210.0	100.0	35.140554724753244	-0.005248055402578431	-942.1622357441685
3211.0	100.0	35.14032303727856	-0.0015770921841172575	-942.1701658260046
3212.0	100.0	35.13966142363767	-0.0052086998854623465	-942.1800248138582
3213.0	100.0	35.13943178392435	-0.0014390934281635539	-942.1878791103463
3214.0	100.0	35.13877573630112	-0.005289792533018759	-942.1977585102942
3215.0	100.0	35.138537947110805	-0.0014698069738858209	-942.2055412997612
3216.0	100.0	35.137895260813536	-0.0052118456418052215	-942.2154297653182
3217.0	100.0	35.13766687041423	-0.0013816005191044853	-942.2233125396667
3218.0	100.0	35.137027752832495	-0.005130980248586645	-942.2329713538792
3219.0	100.0	35.13679285203578	-0.0014573393506623067	-942.2408101230378
3220.0	100.0	35.1361522068783	-0.005072962019003862	-942.2505805511435
3221.0	100.0	35.135927209296604	-0.0014134963809851633	-942.2583193313043
3222.0	100.0	35.13529136340656	-0.005430762783061059	-942.2679819718206
3223.0	100.0	35.13506707487818	-0.0013775530654350607	-942.2756459445417
3224.0	100.0	35.13444335270965	-0.004901124634281096	-942.2852414549418
3225.0	100.0	35.13421299545792	-0.0014361947196443053	-942.2929152396849
3226.0	100.0	35.133593353389394	-0.004889177400406397	-942.3026558484721
3227.0	100.0	35.13336489869605	-0.0014031399135461082	-942.310112464212
3228.0	100.0	35.132741833337846	-0.004841817077480863	-942.3198263939613
3229.0	100.0	35.132531146935094	-0.0015919726129826892	-942.3274120813305
3230.0	100.0	35.131912161321466	-0.0046517617865412765	-942.3369245487256
3231.0	100.0	35.131686300831745	-0.0014363503687953847	-942.3444494343219
3232.0	100.0	35.131080159457696	-0.004805834512083348	-942.3540016388722
3233.0	100.0	35.13085847191373	-0.0014286253093340443	-942.3615893694091
3234.0	100.0	35.13024700721455	-0.004691764607271346	-942.3709153146358
3235.0	100.0	35.13004145151388	-0.0013569034245561754	-942.3783119625173
3236.0	100.0	35.129435835946246	-0.004684384566997549	-942.3879001974717
3237.0	100.0	35.12921546844578	-0.0012694237198300692	-942.3953479310311
3238.0	100.0	35.12862208866614	-0.004702645099197532	-942.4047071750701
3239.0	100.0	35.12840337252853	-0.0014064181929289152	-942.4121249635267
3240.0	100.0	35.12781462875509	-0.00447517861919679	-942.4214667521527
3241.0	100.0	35.127604969944045	-0.0014335739203796107	-942.4288583711535
3242.0	100.0	35.12701299676815	-0.004756405439543426	-942.4381991145012
3243.0	100.0	35.126805054154964	-0.001422952333383664	-942.4454229145338
3244.0	100.0	35.12621682582017	-0.004631603981715819	-942.4546765161494
3245.0	100.0	35.126002024913575	-0.001243193622770768	-942.462081956507
3246.0	100.0	35.12542531928927	-0.0045487788138785495	-942.4713358641227
3247.0	100.0	35.125222550750294	-0.0012084848218064902	-942.4785801727019
3248.0	100.0	35.12464922562615	-0.004492875241719873	-942.4877237298832
3249.0	100.0	35.12443761833957	-0.0012787994989909863	-942.494920400829
3250.0	100.0	35.1238623104056	-0.004430534230725635	-942.5041617434506
3251.0	100.0	35.123661223867	-0.001258675200231012	-942.5112757223635
3252.0	100.0	35.12308772504073	-0.004337869369877661	-942.5204513349039
3253.0	100.0	35.12288060931325	-0.0012322848339146463	-942.5276319362648
3254.0	100.0	35.122321365041536	-0.004332317521114968	-942.5366343739786
3255.0	100.0	35.12212254308813	-0.0012243291274578931	-942.5438736008836
3256.0	100.0	35.12155916003151	-0.004262856782919861	-942.5528323660365
3257.0	100.0	35.12136082033995	-0.0012333629373925457	-942.5599547658178
3258.0	100.0	35.12080254258865	-0.004273476058886402	-942.5689601811213
3259.0	100.0	35.1205969352502	-0.0013333165689537359	-942.5759864482279
3260.0	100.0	35.120051362655865	-0.004136662841731568	-942.5849802416884
3261.0	100.0	35.11985623271484	-0.0010673751199299867	-942.5920108586716
3262.0	100.0	35.1193056400844	-0.004703043722782859	-942.6007868328235
3263.0	100.0	35.119111626845836	-0.001056093153091025	-942.6081413396668
3264.0	100.0	35.118564580099374	-0.004295378793076079	-942.6167456768036
3265.0	100.0	35.118372369547316	-0.0011207174744119683	-942.6238519951836
3266.0	100.0	35.11783118960622	-0.0040651354781653095	-942.6325481145467
3267.0	100.0	35.11763099837136	-0.0011946279773011107	-942.6396210541183
3268.0	100.0	35.117101045977364	-0.004081161019736825	-942.6482507310013
3269.0	100.0	35.11690332789486	-0.0011463836574550706	-942.6553196547179
3270.0	100.0	35.11636841118595	-0.004204144298285186	-942.6639162775487
3271.0	100.0	35.11618722532936	-0.0010917850942615244	-942.670993527888
3272.0	100.0	35.11565690223315	-0.004024867626641811	-942.679609795488
3273.0	100.0	35.11546260540004	-0.0010920464133953429	-942.6864497281535
3274.0	100.0	35.11494315260014	-0.003903877854915056	-942.6950900933582
3275.0	100.0	35.11475078529939	-0.0011167018685551181	-942.7020019550722
3276.0	100.0	35.114228607249395	-0.004005437548219757	-942.7106419154093
3277.0	100.0	35.114043043085125	-0.0010309464280042553	-942.7174721440956
3278.0	100.0	35.11352439865723	-0.003976184343887341	-942.7260611063638
3279.0	100.0	35.11334094229318	-0.001053486231650233	-942.7327716316537
3280.0	100.0	35.112827565164736	-0.004036188445254943	-942.7413063154223
3281.0	100.0	35.11264536162851	-0.001037447331783878	-942.7481076478427
3282.0	100.0	35.11213500327564	-0.004027912088108531	-942.7566677514378
3283.0	100.0	35.11195418890393	-0.0011262545793166536	-942.7633030670279
3284.0	100.0	35.11144785916503	-0.003864734536213849	-942.7718256225305
3285.0	100.0	35.11126015911969	-0.0010348946361796198	-942.7784674565856
3286.0	100.0	35.11076479946983	-0.003815557198063049	-942.7868825824344
3287.0	100.0	35.11057842468303	-0.001056639268915266	-942.7935323115194
3288.0	100.0	35.1100868665168	-0.003744715255414317	-942.8019412447277
3289.0	100.0	35.109911010487174	-0.0010183479466706247	-942.808593250167
3290.0	100.0	35.10940736992641	-0.003744030715714818	-942.8169650076812
3291.0	100.0	35.109233184674956	-0.0010698955637725035	-942.823585251381
3292.0	100.0	35.10874820791996	-0.003516520317962238	-942.8318437957718
3293.0	100.0	35.108565893539215	-0.0009954485682412606	-942.8385430295164
3294.0	100.0	35.108085348714525	-0.0037734988951830853	-942.8467216332566
3295.0	100.0	35.107904753735504	-0.0009540045403895299	-942.8532144813315
3296.0	100.0	35.107421459556825	-0.0034369505660112308	-942.8614253171988
3297.0	100.0	35.107240979803045	-0.0010627748482029892	-942.8679813515556
3298.0	100.0	35.106768312646686	-0.0035741073731903076	-942.8763159920101
3299.0	100.0	35.106590123637915	-0.0010429561512908217	-942.8826693004668
3300.0	100.0	35.10612036582927	-0.003562713255648736	-942.8909472618241
3301.0	100.0	35.105951612363285	-0.0009720892356258078	-942.8974892322074
3302.0	100.0	35.10547039461683	-0.0038021558045099103	-942.9056132262488
3303.0	100.0	35.1053026379711	-0.0009125360092230288	-942.9119268372611
3304.0	100.0	35.10483206262783	-0.0035498220243826467	-942.920006254709
3305.0	100.0	35.104665441900764	-0.0009446748910620064	-942.9264644741456
3306.0	100.0	35.10419853986144	-0.0035269192414109918	-942.9344165417363
3307.0	100.0	35.10403329770685	-0.00086254334290619	-942.9408917151134
3308.0	100.0	35.1035717645673	-0.003407076478727249	-942.9490235896383
3309.0	100.0	35.10339873307233	-0.0009825227986209177	-942.9551656227504
3310.0	100.0	35.10294715181101	-0.0034189952827126517	-942.9632066147375
3311.0	100.0	35.10277625554338	-0.0007551684557595865	-942.9696758504639
3312.0	100.0	35.10232018487422	-0.0034651439507861733	-942.9774317149547
3313.0	100.0	35.10215686238652	-0.0008317645503055736	-942.9837382060618
3314.0	100.0	35.10170570829348	-0.0034056617501447726	-942.9917621986104
3315.0	100.0	35.10153720589458	-0.0008222010066807109	-942.9979534538031
3316.0	100.0	35.10109690568831	-0.0032370724949946457	-943.0057966836665
3317.0	100.0	35.1009368674415	-0.0008920614565489289	-943.0121450566314
3318.0	100.0	35.100483546344854	-0.0033416245009614833	-943.019966152101
3319.0	100.0	35.100332989809324	-0.0007936528503886091	-943.0262886096405
3320.0	100.0	35.099882644727224	-0.003331860600289126	-943.0340063952526
3321.0	100.0	35.099724817059105	-0.0008873761616555896	-943.0402047111802
3322.0	100.0	35.09929500207707	-0.003147185453920476	-943.048086592381
3323.0	100.0	35.09913079641659	-0.0012117943085288593	-943.0541325051628
3324.0	100.0	35.09869629750902	-0.0030793464563901494	-943.0618606202984
3325.0	100.0	35.098540695553545	-0.0007969488687503035	-943.0680014967356
3326.0	100.0	35.09810878433524	-0.0032374630579017566	-943.07566310589
3327.0	100.0	35.097946875003714	-0.0007439938735039225	-943.0817621861221
3328.0	100.0	35.09752639517509	-0.003237681078212305	-943.08946067426
3329.0	100.0	35.09736489117682	-0.000657685298541246	-943.0955262275882
3330.0	100.0	35.09694054024006	-0.003187115600648059	-943.1032444243558
3331.0	100.0	35.09678108583649	-0.0009103060555328631	-943.1093194744266
3332.0	100.0	35.09636788331566	-0.002960988202307886	-943.1169083214872
3333.0	100.0	35.09620712891063	-0.0009810210954827642	-943.1229426097424
3334.0	100.0	35.09579086242148	-0.002853156116151495	-943.1304426101574
3335.0	100.0	35.09564065078697	-0.0007819086947947077	-943.1364580559032
3336.0	100.0	35.09522633628453	-0.0029798857703981136	-943.1440388796871
3337.0	100.0	35.09506933335809	-0.0007994096007849919	-943.1499351541639
3338.0	100.0	35.0946656809039	-0.0029521020839555602	-943.157642378144
3339.0	100.0	35.09450979069712	-0.0007621731326301945	-943.1634417954563
3340.0	100.0	35.09410057043686	-0.003012108153632584	-943.1708652579232
3341.0	100.0	35.09396234044037	-0.0008022625259307379	-943.1767680543973
3342.0	100.0	35.09354959359534	-0.0029622665855767614	-943.1842953220868
3343.0	100.0	35.093402702888085	-0.000637677542497783	-943.1901403807467
3344.0	100.0	35.09300201139872	-0.003209525186913961	-943.1975720743012
3345.0	100.0	35.092856679432785	-0.0007537728279567365	-943.203429751176
3346.0	100.0	35.092449728634506	-0.002990173581479662	-943.2107791543028
3347.0	100.0	35.092306464983146	-0.0006846200639876125	-943.2166645522234
3348.0	100.0	35.091910497869364	-0.002839883702553255	-943.2239429162445
3349.0	100.0	35.09176970129917	-0.0006175836593521267	-943.2297882551798
3350.0	100.0	35.09136960507976	-0.002884979963598113	-943.2370052094352
3351.0	100.0	35.09123577883179	-0.0008044232701994503	-943.2428390259728
3352.0	100.0	35.09083778243264	-0.002738574745508855	-943.250112123075
3353.0	100.0	35.09069821350613	-0.0006258119785468455	-943.2558929579563
3354.0	100.0	35.09031069690444	-0.0028167898576518724	-943.2631621614796
3355.0	100.0	35.09017269515897	-0.0006760672045566015	-943.2687925674386
3356.0	100.0	35.0897816339172	-0.002756470823752358	-943.2760359975132
3357.0	100.0	35.08964305327909	-0.000708851089852959	-943.2818141271138
3358.0	100.0	35.089262821212905	-0.002651629095739808	-943.2889200135147
3359.0	100.0	35.089127490715335	-0.0007164762329985017	-943.2945515053849
3360.0	100.0	35.088740626678955	-0.0026303313114376266	-943.3017412898313
3361.0	100.0	35.08861386892943	-0.000699393095393051	-943.3074334174016
3362.0	100.0	35.088230395595204	-0.002654313720664832	-943.3146156421301
3363.0	100.0	35.0880960838348	-0.0005574292775845356	-943.3202277503135
3364.0	100.0	35.08772556904596	-0.0026858733238841236	-943.3272572701974
3365.0	100.0	35.08759057319286	-0.0009784367484696511	-943.3329097156225
3366.0	100.0	35.08721504155466	-0.0025510375175164858	-943.3399134450794
3367.0	100.0	35.08708210281057	-0.0006558844111845678	-943.3455283316695
3368.0	100.0	35.0867160209375	-0.002660725777189242	-943.3525487101683
3369.0	100.0	35.086584872831615	-0.0004799273732032807	-943.3581064432675
3370.0	100.0	35.08621598187591	-0.0025745185362702097	-943.3650586920556
3371.0	100.0	35.086091617123046	-0.0005557386635437299	-943.3705525410778
3372.0	100.0	35.08572470447451	-0.0026132844716273435	-943.3775798843918
3373.0	100.0	35.08559458484616	-0.0006072268840463801	-943.3832039394772
3374.0	100.0	35.085238851299614	-0.002470332636354175	-943.3899600975609
3375.0	100.0	35.08510927467742	-0.0005521375798305758	-943.3955953441227
3376.0	100.0	35.084749034639216	-0.0025102054632799723	-943.4023767498891
3377.0	100.0	35.084620333757044	-0.0006701548503722467	-943.4078639707753
3378.0	100.0	35.084269856814295	-0.0022616971841890048	-943.4148435908472
3379.0	100.0	35.084143767951865	-0.000695285307858128	-943.4201762603461
3380.0	100.0	35.08378783018109	-0.0024300521086042474	-943.4270772814381
3381.0	100.0	35.08366965392646	-0.0005714376637680562	-943.4325472355363
3382.0	100.0	35.08331645081234	-0.002387540090751065	-943.4393065602661
3383.0	100.0	35.08319207227237	-0.00046205276870277663	-943.4447400782182
3384.0	100.0	35.08284235448876	-0.002336085952975403	-943.4514892879615
3385.0	100.0	35.08271830059192	-0.0007212630727669886	-943.4567740367821
3386.0	100.0	35.08238048726678	-0.0026424115570190775	-943.4635039540814
3387.0	100.0	35.082247301411364	-0.000683453042711307	-943.4689979379086
3388.0	100.0	35.08192019109923	-0.0021168671982507324	-943.4756769908937
3389.0	100.0	35.081790376711105	-0.0006637258712636945	-943.4809776866837
3390.0	100.0	35.081457211132026	-0.0021757210282136097	-943.4875427476211
3391.0	100.0	35.08132790171193	-0.0005599523844402717	-943.4929697695499
3392.0	100.0	35.08100565219477	-0.0023157084098772342	-943.499604727738
3393.0	100.0	35.08087671095889	-0.0005759055428004126	-943.5049292681313
3394.0	100.0	35.08054904628772	-0.002164409497633201	-943.5114603753407
3395.0	100.0	35.08042997871347	-0.0006104927994872918	-943.5168492798325
3396.0	100.0	35.08010451657306	-0.0022280368592999668	-943.5233407589465
3397.0	100.0	35.079977699805916	-0.0005191903562928907	-943.5286891629153
3398.0	100.0	35.07965585023678	-0.002227342612059059	-943.5351612888193
3399.0	100.0	35.07953834625485	-0.00030675257430972427	-943.5403368081529
3400.0	100.0	35.079218807240714	-0.002308125510111531	-943.5468653977605
3401.0	100.0	35.07909474854937	-0.0005001589364787696	-943.5522330756605
3402.0	100.0	35.078777585536486	-0.0021491439252533683	-943.5586748734512
3403.0	100.0	35.07866256662107	-0.00046209388714138163	-943.5637928639577
3404.0	100.0	35.078340082376215	-0.002194663306018129	-943.5703217308834
3405.0	100.0	35.07822509091673	-0.0005337955231621266	-943.5753244726925
3406.0	100.0	35.07791515389238	-0.0019609484727698924	-943.5818299431546
3407.0	100.0	35.07780005778699	-0.0008897662642721645	-943.5870240139076
3408.0	100.0	35.077483347617616	-0.00201330172085791	-943.5933875290498
3409.0	100.0	35.07737044746013	-0.0005108449528216613	-943.5984262075917
3410.0	100.0	35.077064521302425	-0.0020279009787083848	-943.6048642652831
3411.0	100.0	35.0769446147728	-0.0004946704655474909	-943.609905921313
3412.0	100.0	35.07664125325324	-0.0020246804873471787	-943.6162389341298
3413.0	100.0	35.076528853429984	-0.0004441756500094802	-943.6214580353272
3414.0	100.0	35.07622924293855	-0.0019054449537034602	-943.6275494979723
3415.0	100.0	35.07611064006502	-0.0005339728093969755	-943.6327252345263
3416.0	100.0	35.075820630267124	-0.0019304439268897553	-943.6391036703033
3417.0	100.0	35.07570311692183	-0.0005175364545719941	-943.6441398116987
3418.0	100.0	35.07540730919993	-0.0019176605352946576	-943.650260626493
3419.0	100.0	35.075291949748	-0.0003406065150576463	-943.6553916084155
3420.0	100.0	35.07499777095678	-0.001940220473967399	-943.6615349740657
3421.0	100.0	35.074890099139914	-0.0005039493568626676	-943.6666516865084
3422.0	100.0	35.074593264341004	-0.0018625815234874761	-943.6726543476874
3423.0	100.0	35.074485392989345	-0.0005380377212204764	-943.6776353270596
3424.0	100.0	35.07419665506774	-0.0016778840637314174	-943.6838571800436
3425.0	100.0	35.07408263990497	-0.0005731508319758284	-943.6886562647317
3426.0	100.0	35.07379860176709	-0.001782863636686327	-943.6950018532341
3427.0	100.0	35.07369253975582	-0.0004932727762130408	-943.6999413030435
3428.0	100.0	35.07340970360037	-0.0018422597418277613	-943.7059739197502
3429.0	100.0	35.07329783872246	-0.0006820027587103612	-943.7109787158425
3430.0	100.0	35.07301737891111	-0.0017804518518920248	-943.7169465441694
3431.0	100.0	35.07291360432967	-0.000511374816824754	-943.7218850522768
3432.0	100.0	35.072637319213406	-0.0017572079135228813	-943.7279598144601
3433.0	100.0	35.072525771448845	-0.0003111497133379668	-943.7328726212533
3434.0	100.0	35.07224246134763	-0.0018618858085990347	-943.7389023931212
3435.0	100.0	35.07214881658171	-0.00034044742782138944	-943.7435227133235
3436.0	100.0	35.07186786714172	-0.0017817890881503661	-943.7496830140585
3437.0	100.0	35.07176630219317	-0.0003348671567243218	-943.7546469435815
3438.0	100.0	35.0714971731567	-0.0016043790241229586	-943.7604236997274
3439.0	100.0	35.07138829807173	-0.0004374131088984451	-943.7651877850184
3440.0	100.0	35.07112126499944	-0.0017979390521217944	-943.7711606931925
3441.0	100.0	35.07101251715625	-0.00030490575393097517	-943.7761170574547
3442.0	100.0	35.07075686495557	-0.0016297076268756074	-943.7818789378765
3443.0	100.0	35.07064994903989	-0.00044655987823902015	-943.7866262560786
3444.0	100.0	35.0703868310024	-0.0016935383465023401	-943.7926143615655
3445.0	100.0	35.070280528763085	-0.0002845325724777956	-943.7972727173056
3446.0	100.0	35.07001869896525	-0.0016586548588915751	-943.8032285115975
3447.0	100.0	35.0699224161834	-0.00042378047386049686	-943.8077887173508
3448.0	100.0	35.069657577604694	-0.0016299492607947572	-943.8137045886539
3449.0	100.0	35.06955312447252	-0.00035178997454560164	-943.8185391232174
3450.0	100.0	35.06930482769169	-0.0018677394368321314	-943.824266537637
3451.0	100.0	35.069201647179085	-0.00045833850420721415	-943.8289854285086
3452.0	100.0	35.06894776279359	-0.0015221903613996197	-943.8346339970449
3453.0	100.0	35.06884557378999	-0.000490774170934511	-943.8394170319472
3454.0	100.0	35.06860199517009	-0.0014963479409552754	-943.84508687844
3455.0	100.0	35.0685000450983	-0.0003615693011671835	-943.8498828497927
3456.0	100.0	35.06824333278053	-0.0015861006338388165	-943.8554496984106
3457.0	100.0	35.06815780357217	-0.00042113593977841866	-943.860139408275
3458.0	100.0	35.067903898481745	-0.001573155739788209	-943.8658746429429
3459.0	100.0	35.06780441846718	-0.00037864820099134085	-943.8703444545514
3460.0	100.0	35.0675592563046	-0.0015263603660900572	-943.8760321104398
3461.0	100.0	35.06746728891077	-0.00022670768958453876	-943.8807508939199
3462.0	100.0	35.06722570903152	-0.0016600845010162231	-943.8863623057067
3463.0	100.0	35.06712620809507	-0.000340792308993207	-943.8910408420851
3464.0	100.0	35.066877758402484	-0.0015667594515062367	-943.8965094629888
3465.0	100.0	35.06679609538029	-0.00029256056546522405	-943.9011122227537
3466.0	100.0	35.06655029529094	-0.001487680961047257	-943.906698526456
3467.0	100.0	35.06645300071943	-0.000464435796571362	-943.9112217648843
3468.0	100.0	35.06621824396767	-0.001384976805422265	-943.9168351510158
3469.0	100.0	35.06612992177735	-0.00040106275552059096	-943.9213020763269
3470.0	100.0	35.06589717771502	-0.0014678134223211523	-943.9268526229051
3471.0	100.0	35.06580033438468	-0.00042829052340549896	-943.9313031237879
3472.0	100.0	35.065562626111	-0.0016766846066264471	-943.9369278670432
3473.0	100.0	35.06548276360047	-0.00046840005818118524	-943.9413476754067
3474.0	100.0	35.06524494760437	-0.001394517989524312	-943.9467999437707
3475.0	100.0	35.06515970837535	-0.00021979332020806636	-943.9514256267927
3476.0	100.0	35.06492490433853	-0.00163093024659785	-943.9567902605681
3477.0	100.0	35.06483912485057	-0.00022311056122857912	-943.9611866044721
3478.0	100.0	35.06461504146019	-0.0015137976088978192	-943.966537088857
3479.0	100.0	35.0645222968944	-0.00028086369242727937	-943.971094927239
3480.0	100.0	35.06429234655768	-0.0015643975457750904	-943.9764553157104
3481.0	100.0	35.064214739143154	-0.0001812798984451515	-943.9808509725815
3482.0	100.0	35.063987739774994	-0.0015097034863261857	-943.9862424955929
3483.0	100.0	35.06389563782245	-0.00013618937558192726	-943.9906959778184
3484.0	100.0	35.06367929657875	-0.0015666271501008587	-943.9959717091773
3485.0	100.0	35.06359448877403	-0.0001463601078316132	-944.0004289971405
3486.0	100.0	35.0633789363453	-0.0015163515540776158	-944.0057295404415
3487.0	100.0	35.06328994660089	-0.0003556392711588579	-944.0099766492513
3488.0	100.0	35.06306814287883	-0.0013818653962731759	-944.0153446336469
3489.0	100.0	35.06299317828696	-0.0003518174851720631	-944.0197106711345
3490.0	100.0	35.062774619323314	-0.0012539155917242852	-944.025091709192
3491.0	100.0	35.062685985375566	-0.0003553914872340168	-944.0293505944096
3492.0	100.0	35.06247625131105	-0.001415340627527485	-944.034619439069
3493.0	100.0	35.062396384246405	-0.00019947590621516656	-944.0388104878485
3494.0	100.0	35.06218958602664	-0.0017000643159190212	-944.0441009164847
3495.0	100.0	35.06210143057124	-0.00027861552024280534	-944.0484455117852
3496.0	100.0	35.061888008834664	-0.0014199736536140378	-944.0535279199072
3497.0	100.0	35.06181827832749	-4.888124078140029e-5	-944.0578876596993
3498.0	100.0	35.061607620447106	-0.001410858324546246	-944.063041028067
3499.0	100.0	35.061520367856005	-0.0003150512910933965	-944.0674566961302
3500.0	100.0	35.061319178176426	-0.001290153352550126	-944.0724171678294
3501.0	100.0	35.06124290589681	-0.00023582949136313248	-944.0767404824306
3502.0	100.0	35.06103407945233	-0.0013336166101484887	-944.0818438489458
3503.0	100.0	35.06095751404806	-0.0003157684487345607	-944.0859501996727
3504.0	100.0	35.060753057232525	-0.0012245089504267042	-944.0911725006172
3505.0	100.0	35.0606689925784	-0.00031351529108556347	-944.0953095326122
3506.0	100.0	35.06048232209931	-0.0012230491195945217	-944.1004808326447
3507.0	100.0	35.06039728681428	-0.0002740657040381486	-944.1045736391623
3508.0	100.0	35.06019783544726	-0.0011715129376841861	-944.1097044148222
3509.0	100.0	35.06012228081998	-0.00035102893207901757	-944.1137959355195
3510.0	100.0	35.05993131579316	-0.0011597246930471223	-944.1188543537454
3511.0	100.0	35.05984993323978	-0.00031258482608360064	-944.122858113087
3512.0	100.0	35.05965983649878	-0.0012411638207979955	-944.1279398124827
3513.0	100.0	35.059579536482396	-0.00017556423980142184	-944.1321949557571
3514.0	100.0	35.05939147570506	-0.0012044911779579173	-944.1371589912061
3515.0	100.0	35.059319055502755	-0.0003080721027230812	-944.1412258214303
3516.0	100.0	35.059125238985104	-0.001468279394100506	-944.1463251275538
3517.0	100.0	35.05904590641456	-0.0003010479562157911	-944.1503538616727
3518.0	100.0	35.05886954839966	-0.0012261907861428859	-944.1551911225508
3519.0	100.0	35.05879093463474	-0.00024574429620794516	-944.1592563348903
3520.0	100.0	35.058602063075526	-0.0010116735606618503	-944.164147548948
3521.0	100.0	35.058530723331614	-0.00029042207422973686	-944.1681815287623
3522.0	100.0	35.058351950079704	-0.0011274043440436291	-944.1733055368004
3523.0	100.0	35.05827303638305	-0.0002529825127984014	-944.1772407596899
3524.0	100.0	35.058095963035555	-0.0011491953248537103	-944.1821558896837
3525.0	100.0	35.05801855233313	-0.0002270343308990073	-944.1860886638678
3526.0	100.0	35.05783486767699	-0.0011709182086354329	-944.1910578571587
3527.0	100.0	35.05777465709934	-0.00012189147472166769	-944.194965812245
3528.0	100.0	35.05759256119355	-0.0011355052888686907	-944.1998731837651
3529.0	100.0	35.05751682323935	-0.00025205394005747806	-944.203867175955
3530.0	100.0	35.057343882311805	-0.00115326191154333	-944.2085287578105
3531.0	100.0	35.05727697866807	-0.00018094500784804292	-944.2126445459047
3532.0	100.0	35.05709899403258	-0.0011300067880175345	-944.2174674217774
3533.0	100.0	35.057032103952146	-0.000133982070724246	-944.2213930261871
3534.0	100.0	35.056855794201724	-0.0011330097121034174	-944.2261173380211
3535.0	100.0	35.0567899291448	-0.00018507993918307617	-944.2299793479372
3536.0	100.0	35.05662375051091	-0.0010866436261172132	-944.234779050011
3537.0	100.0	35.05654898657657	-0.00021343343980289355	-944.2387072206113
3538.0	100.0	35.05637752972571	-0.0011295858690633118	-944.2434068416635
3539.0	100.0	35.056312226282074	-0.0004787928739071733	-944.2472702017529
3540.0	100.0	35.056149389077824	-0.0010686751154321981	-944.2520689861979
3541.0	100.0	35.05607703158977	-7.466420606398134e-5	-944.255797837387
3542.0	100.0	35.0559147859062	-0.0010577111852448557	-944.260682710779
3543.0	100.0	35.055843188597976	-0.00017297628119612615	-944.2644534438105
3544.0	100.0	35.05568405285942	-0.0011286496225326552	-944.2691578464581
3545.0	100.0	35.055613113370065	-3.7317472188127495e-5	-944.2730305748538
3546.0	100.0	35.05545555279651	-0.001086582662815475	-944.2776752877251
3547.0	100.0	35.05538487726046	-0.00026074446469110724	-944.2815323661143
3548.0	100.0	35.05523013822222	-0.0009083004670673147	-944.2860202809395
3549.0	100.0	35.055168006209186	-0.0002306966685426909	-944.2899768293778
3550.0	100.0	35.055006845402794	-0.0009993412930711482	-944.2944848590671
3551.0	100.0	35.054936561853886	-0.00012504943292642224	-944.2983190006761
3552.0	100.0	35.05478440370538	-0.0010445798640508661	-944.3028458444812
3553.0	100.0	35.054723661033776	-0.00016531162816877052	-944.3066184126428
3554.0	100.0	35.0545653965543	-0.0009514112567169303	-944.311296207568
3555.0	100.0	35.05449756043215	-6.470472880357254e-5	-944.3150179095643
3556.0	100.0	35.05434876390045	-0.0011063842635639632	-944.3195967347499
3557.0	100.0	35.05428822808693	-0.00016791601878021037	-944.3232612045005
3558.0	100.0	35.05413342897123	-0.0008856617786857267	-944.3277716112066
3559.0	100.0	35.05407453666129	-0.00018750877987670664	-944.3314725018669
3560.0	100.0	35.05392112921784	-0.0009565015493299169	-944.3361334440125
3561.0	100.0	35.05385586938075	2.1406112896871178e-5	-944.3396684881236
3562.0	100.0	35.0537199542894	-0.001329431187794653	-944.344212014194
3563.0	100.0	35.053653278501876	-0.00023584469292324854	-944.3479157252331
3564.0	100.0	35.05350406305505	-0.0008161235249049699	-944.3522950416319
3565.0	100.0	35.05343909466459	-6.340407211642917e-5	-944.3560244706498
3566.0	100.0	35.05330667029104	-0.0009796739889844012	-944.3606117188529
3567.0	100.0	35.05324169785359	-0.0001357911776623544	-944.3642500945951
3568.0	100.0	35.053095358677155	-0.0010587184754617923	-944.3685700597612
3569.0	100.0	35.05303083483818	-8.41680516062061e-5	-944.372248991969
3570.0	100.0	35.052893487366426	-0.000908849343200656	-944.376595556539
3571.0	100.0	35.05283866442649	1.8914562676606347e-5	-944.3801831432331
3572.0	100.0	35.052694479953	-0.0010471786480718583	-944.3846439645164
3573.0	100.0	35.05264028079681	4.423352461814778e-5	-944.3882624833811
3574.0	100.0	35.052498693429094	-0.001023495689978946	-944.3926048040626
3575.0	100.0	35.05244423588002	-0.00014907356484975193	-944.3962718520497
3576.0	100.0	35.05231228397731	-0.0007757281738968718	-944.4004594416763
3577.0	100.0	35.05225017119889	-0.00010638492797988088	-944.404170075623
3578.0	100.0	35.05211293389848	-0.0008765580318738233	-944.4083815496432
3579.0	100.0	35.052051381431646	-1.1195428638376268e-5	-944.411961950681
3580.0	100.0	35.051930093360234	-0.0010297282876520445	-944.4163217249733
3581.0	100.0	35.05186830116543	-5.37541163634106e-5	-944.4199411549556
3582.0	100.0	35.051734544492035	-0.0008057108116141286	-944.4242015791689
3583.0	100.0	35.051675174112745	-3.516719919773685e-5	-944.42766043203
3584.0	100.0	35.05154763112967	-0.0012044829686118912	-944.4319050849915
3585.0	100.0	35.05149650228794	-0.00013919055933463403	-944.4355291499505
3586.0	100.0	35.05136521745527	-0.0007271579425206703	-944.4397222724342
3587.0	100.0	35.05131399508408	-0.00013182735972709124	-944.443255438317
3588.0	100.0	35.05118369952068	-0.0007942216149158104	-944.4474086878645
3589.0	100.0	35.0511326816343	-0.00013491516623238907	-944.4509815289546
3590.0	100.0	35.051004466396535	-0.0008363739241865267	-944.4552280423001
3591.0	100.0	35.0509536593084	-5.251263813471135e-5	-944.4586351918631
3592.0	100.0	35.05082745980242	-0.0007595423445913807	-944.4627698187952
3593.0	100.0	35.05076968798304	-0.00017997869068955702	-944.4662334201819
3594.0	100.0	35.0506518495212	-0.0007313883659821968	-944.4704110196568
3595.0	100.0	35.050602798190404	-6.70127957426586e-6	-944.4738220089979
3596.0	100.0	35.050478280625995	-0.0007977916996198554	-944.477895036008
3597.0	100.0	35.0504220904811	-0.00013229832339358482	-944.4814308317906
3598.0	100.0	35.0502994459113	-0.0007815821227659393	-944.4855725168001
3599.0	100.0	35.05025939445817	-6.272348179048684e-5	-944.489062518014
3600.0	100.0	35.05013904908323	-0.000723625358007182	-944.4930719821937
3601.0	100.0	35.050083380506734	-7.170313633620613e-5	-944.4966100873555
3602.0	100.0	35.04996290272992	-0.0007697792640429588	-944.5005807674376
3603.0	100.0	35.04992420562213	-9.336989971792488e-5	-944.5040172244148
3604.0	100.0	35.04980616151895	-0.0007309907838231614	-944.5079979525042
3605.0	100.0	35.04975172567941	0.00010043203339589536	-944.5114966822656
3606.0	100.0	35.049634536634485	-0.0008841730923206346	-944.5154517908982
3607.0	100.0	35.049589572571655	-9.530344767774449e-5	-944.5188455596827
3608.0	100.0	35.04948182352836	-0.0010051534358852254	-944.522782865288
3609.0	100.0	35.049427153989654	-9.699337023769509e-5	-944.526277750719
3610.0	100.0	35.04931521806596	-0.0006676973126972734	-944.5302057806575
3611.0	100.0	35.0492698676178	-0.00016433062860394447	-944.5336449151429
3612.0	100.0	35.04915880064614	-0.0006363583457795396	-944.5375305504446
3613.0	100.0	35.04911319410289	-1.0787720178539437e-5	-944.5409443278596
3614.0	100.0	35.04900296905149	-0.0007513998098905065	-944.544857317014
3615.0	100.0	35.04895914070701	9.016574253480057e-5	-944.5481066893444
3616.0	100.0	35.04885033022199	-0.0007410813489369997	-944.5520259875728
3617.0	100.0	35.04879831048974	-0.00013152248635679925	-944.5554447574636
3618.0	100.0	35.04869866926443	-0.0007068671378172358	-944.5592855829467
3619.0	100.0	35.048655114684315	-1.3793915460631006e-5	-944.5625323841782
3620.0	100.0	35.04854918128132	-0.0007125484970804702	-944.5664302504172
3621.0	100.0	35.04849857232707	5.1803814672191014e-5	-944.5696252179446
3622.0	100.0	35.04839523454855	-0.0006449837950226957	-944.5735998954743
3623.0	100.0	35.04835976907594	-8.764702949904098e-5	-944.5768861474402
3624.0	100.0	35.048257032971925	-0.0007006344483041376	-944.5806861915198
3625.0	100.0	35.048206911346725	1.6766285473835836e-6	-944.5841091187165
3626.0	100.0	35.048104548462	-0.0006983432128419037	-944.5878183972603
3627.0	100.0	35.0480649182093	7.121079727572931e-5	-944.5911833485413
3628.0	100.0	35.047970415535936	-0.0008196228030473796	-944.5949942210309
3629.0	100.0	35.047921410064035	0.00015381972231327243	-944.5981307382467
3630.0	100.0	35.047823507301175	-0.0006147762599170426	-944.6019779311099
3631.0	100.0	35.04778280229945	-0.0004310580890592658	-944.6052846326797
3632.0	100.0	35.04768447701992	-0.000669377690844907	-944.6090837796993
3633.0	100.0	35.04764455191141	1.398556804902011e-5	-944.612246370993
3634.0	100.0	35.047549151632836	-0.0006083672769755928	-944.6159191232409
3635.0	100.0	35.047502070828514	-1.807024483968905e-5	-944.6190152573699
3636.0	100.0	35.047415810911666	-0.0006361396057180246	-944.6228308719435
3637.0	100.0	35.04736787441723	0.00010359210158795083	-944.6260894042613
3638.0	100.0	35.047281866066314	-0.0007486571878609963	-944.6297947432711
3639.0	100.0	35.047235772116565	-1.2750883176265351e-5	-944.6328432271252
3640.0	100.0	35.04715264064533	-0.0005895451431167649	-944.6366450007107
3641.0	100.0	35.04710564843424	4.226411605071385e-5	-944.6398488512092
3642.0	100.0	35.04701705528251	-0.0005637171870985846	-944.6434643819789
3643.0	100.0	35.04697999037184	-6.554155205597379e-6	-944.6466028582687
3644.0	100.0	35.04689074190694	-0.0005877970587350082	-944.6504024298173
3645.0	100.0	35.04685467862912	-1.9554008526414278e-5	-944.6534799785964
3646.0	100.0	35.046769048514896	-0.0006123382868905447	-944.6570596338571
3647.0	100.0	35.046725011673786	5.303713504724005e-5	-944.6601169235375
3648.0	100.0	35.04664939204508	-0.0005226610871293857	-944.6638097617463
3649.0	100.0	35.046614443490675	0.00011756047356561937	-944.6670113864526
3650.0	100.0	35.04653113474778	-0.0005029747709273524	-944.6705338645064
3651.0	100.0	35.046488420632095	-7.355846865214956e-5	-944.6736409651016
3652.0	100.0	35.046408143180784	-0.0004826642825165029	-944.6772540558688
3653.0	100.0	35.04636656045656	0.00010256150059794951	-944.6803099694598
3654.0	100.0	35.04630291883351	-0.0004952070553059727	-944.6838503474474
3655.0	100.0	35.04626059940441	-0.0003861517363430365	-944.6870030622598
3656.0	100.0	35.046182994698505	-0.00045880627574535214	-944.6905958524746
3657.0	100.0	35.046141466510484	4.388100884723857e-5	-944.6935952020065
3658.0	100.0	35.04607468585859	-0.00040721040891088483	-944.6972418458336
3659.0	100.0	35.04604054528895	4.838607344975331e-6	-944.7002318483258
3660.0	100.0	35.04596753123004	-0.0004024696148776964	-944.7037512237648
3661.0	100.0	35.045926642537566	9.821403690621756e-5	-944.7067824233825
3662.0	100.0	35.04585456228684	-0.00046547684435208395	-944.7102238330747
3663.0	100.0	35.04582215362179	6.54628026966743e-5	-944.7132088288037
3664.0	100.0	35.04575059504468	-0.00039271363757067696	-944.7167246392441
3665.0	100.0	35.04571922341822	-4.490904196099615e-6	-944.7199055588651
3666.0	100.0	35.04564864690864	-0.0004171946586766347	-944.7233952007766
3667.0	100.0	35.045610538349635	9.296070518157208e-5	-944.726257837951
3668.0	100.0	35.04554902807283	-0.0004978008611223144	-944.7296736843488
3669.0	100.0	35.04551040779469	0.00013300458200657582	-944.7327003839825
3670.0	100.0	35.04545129264985	-0.0004614038256611009	-944.7362339969267
3671.0	100.0	35.045413827610176	0.00015873135448501392	-944.7391272612575
3672.0	100.0	35.04534991285164	-0.0003096347506979238	-944.7425213603256
3673.0	100.0	35.04531949308426	2.922887813635014e-5	-944.7454372807464
3674.0	100.0	35.045254310015636	-0.0005313859002541619	-944.7488521730791
3675.0	100.0	35.04522534409825	0.00015758660901369655	-944.7518543277115
3676.0	100.0	35.04516297005413	-0.00036238759896736435	-944.7551485435696
3677.0	100.0	35.04512608677304	0.00010040236635558697	-944.7581388104564
3678.0	100.0	35.04507262856621	-0.0003314953850883769	-944.7615866477959
3679.0	100.0	35.04503610558353	-0.0002565288965365509	-944.7643739407249
3680.0	100.0	35.044977196310754	-0.0002900223616249274	-944.7677029515934
3681.0	100.0	35.04494853539648	-3.286549000597815e-5	-944.7706897575929
3682.0	100.0	35.044888382527766	-0.00033844304922403247	-944.7739867175599
3683.0	100.0	35.04486272333242	0.00023416982080227101	-944.7769871766234
3684.0	100.0	35.04480450930909	-0.00036766170543186627	-944.7803127754248
3685.0	100.0	35.044769563867796	8.131500203044362e-5	-944.7830508011556
3686.0	100.0	35.04472134859064	-0.00033905858249282767	-944.7864219016316
3687.0	100.0	35.0446875757689	8.800677394829675e-5	-944.7893970493146
3688.0	100.0	35.04464099531332	-0.00035749716255773704	-944.7926391773753
3689.0	100.0	35.04460543399504	0.00018181146208450227	-944.795517530195
3690.0	100.0	35.04455208439189	-0.0003198142065135288	-944.7986826630619
3691.0	100.0	35.04451908796762	-1.6360767677818984e-5	-944.8016621306459
3692.0	100.0	35.0444745009537	-0.00021453204085665757	-944.8048296473536
3693.0	100.0	35.04444833840655	6.225530478682064e-5	-944.8076461429395
3694.0	100.0	35.04439774990909	-0.000271939385725749	-944.8108651830014
3695.0	100.0	35.04436486906716	0.00011160314989796502	-944.8137259970098
3696.0	100.0	35.04431528397604	-0.00037100370966751416	-944.8169245652521
3697.0	100.0	35.044290137158264	0.000131361741682059	-944.8198484119516
3698.0	100.0	35.044242294055685	-0.00016708358526329117	-944.8230935088892
3699.0	100.0	35.04421747509414	2.550725949474542e-5	-944.8257745096196
3700.0	100.0	35.044169553001055	-0.0003089314532661814	-944.8290582440607
3701.0	100.0	35.04413868815592	0.00015740355205611978	-944.8317413649552
3702.0	100.0	35.04409099946334	-6.488876332672555e-5	-944.8350053487742
3703.0	100.0	35.044068276282495	2.6221957401424712e-5	-944.8378115034072
3704.0	100.0	35.04402182957761	-0.0005003755138343457	-944.8409634795242
3705.0	100.0	35.043998969998164	4.8588854633483276e-5	-944.8438156574365
3706.0	100.0	35.04395396086024	-0.0001336983413746636	-944.8469242888626
3707.0	100.0	35.04392347242316	-2.3563996053653106e-5	-944.849612529011
3708.0	100.0	35.04388731012221	5.5959671070665614e-5	-944.852622022001
3709.0	100.0	35.04385709600903	3.928818793784895e-5	-944.8555079158676
3710.0	100.0	35.043823226689675	-8.743432810822633e-5	-944.8585208048073
3711.0	100.0	35.04379453197581	0.00013200358419121735	-944.8613938981168
3712.0	100.0	35.043752996194485	-0.00017659199594200923	-944.8644760742397
3713.0	100.0	35.04373127601792	0.0002053251326425517	-944.8672037537041
3714.0	100.0	35.043691601919384	-6.323977384735365e-5	-944.870275309774
3715.0	100.0	35.04366313295456	6.0999687433746974e-5	-944.8729942173131
3716.0	100.0	35.04363241079994	-8.619622042442944e-5	-944.8760574635357
3717.0	100.0	35.04360562921935	8.856263002506548e-5	-944.8787399268755
3718.0	100.0	35.04356689120662	-6.447037061201659e-5	-944.8819227009178
3719.0	100.0	35.04354576825143	8.083315254939176e-5	-944.8845933764113
3720.0	100.0	35.043510307853076	-2.5734332996751343e-5	-944.8876041875275
3721.0	100.0	35.04348307370653	8.322191394704364e-5	-944.8901908735347
3722.0	100.0	35.043455914245776	1.2043045341302944e-5	-944.8932468361841
3723.0	100.0	35.04342918872407	0.00011251981830382035	-944.8958018061202
3724.0	100.0	35.043394820160934	0.00011626197496023433	-944.8989534412905
3725.0	100.0	35.043376200271624	2.5585224519743048e-5	-944.9016146200563
3726.0	100.0	35.0433440388215	-7.241812090191967e-5	-944.9046572075366
3727.0	100.0	35.04331790384644	0.00031586141161234763	-944.9073063507409
3728.0	100.0	35.04329490461295	-0.0005240984316521218	-944.9101998567475
3729.0	100.0	35.04326838662409	7.333272302290344e-5	-944.9128811980971
3730.0	100.0	35.04324537199358	0.00013194210407858876	-944.9158585864233
3731.0	100.0	35.043220504182834	8.432055068841603e-5	-944.9183990972166
3732.0	100.0	35.04319136227982	-1.1432392776282481e-5	-944.9215419532718
3733.0	100.0	35.04316518322741	0.00018216487623879229	-944.9239937168345
3734.0	100.0	35.04314607968577	-2.509932251890733e-5	-944.9270078714836
3735.0	100.0	35.04312200033978	0.00010631305262082196	-944.9296629275684
3736.0	100.0	35.04310073654182	2.1006625629862202e-5	-944.932579687653
3737.0	100.0	35.04307793880476	0.0002208379764234383	-944.9349458481275
3738.0	100.0	35.043052633988395	8.445468664762223e-6	-944.9379848079277
3739.0	100.0	35.043028298267444	0.00020055547711016883	-944.9404521251562
3740.0	100.0	35.04300250185064	-5.944030404411523e-5	-944.9435432144016
3741.0	100.0	35.042996147134005	0.00020530256289657617	-944.9459851989275
3742.0	100.0	35.04297151962117	8.654483721101073e-5	-944.9488622954096
3743.0	100.0	35.04294882869664	0.00020625115958530777	-944.9514788422352
3744.0	100.0	35.04292603764784	-7.0827171477379745e-6	-944.954221985387
3745.0	100.0	35.04290410348187	0.00014562961438089114	-944.9569149820642
3746.0	100.0	35.04288261697438	0.00012543967729000276	-944.9597253114898
3747.0	100.0	35.042874876815354	6.074925150854146e-5	-944.9624002854946
3748.0	100.0	35.042853949798825	0.00011373603220846923	-944.9652107298673
3749.0	100.0	35.04283388814539	0.00023277505627340627	-944.9676725823871
3750.0	100.0	35.04281302629074	4.736005368084542e-5	-944.9705826106996
3751.0	100.0	35.042792561251936	0.00011174535233703361	-944.9730122897332
3752.0	100.0	35.04277297056735	3.576220747315221e-5	-944.9760132792477
3753.0	100.0	35.04275927141934	0.0001550351385433917	-944.9783457035624
3754.0	100.0	35.042750243153364	-0.00022838262507910424	-944.9812232017495
3755.0	100.0	35.04272860062123	0.0002082126901375794	-944.9836883979294
3756.0	100.0	35.04271377502358	3.918048351725029e-5	-944.986646487116
3757.0	100.0	35.04269271777981	0.00027679454642047475	-944.9890788389814
3758.0	100.0	35.04267744439942	2.590183977980038e-5	-944.9917695348004
3759.0	100.0	35.04266516136492	0.00013133774848202105	-944.9942446482232
3760.0	100.0	35.04265092634244	0.00017892480293557866	-944.9969507760677
3761.0	100.0	35.042640088536885	0.0001915976945414788	-944.999605614432
3762.0	100.0	35.04262592292457	5.968961456495409e-5	-945.0023606607842
3763.0	100.0	35.04260699297822	0.00017841936010401158	-945.0048209069737
3764.0	100.0	35.04259325479031	0.0001808879475479472	-945.0076412282243
3765.0	100.0	35.04258306275974	0.00021968939929467547	-945.0099185451098
3766.0	100.0	35.04257136289561	-2.917316575599953e-5	-945.0128683964069
3767.0	100.0	35.04255248124773	0.0002276002031658231	-945.0152590688516
3768.0	100.0	35.04255145796679	0.00010802357517704495	-945.0179241388048
3769.0	100.0	35.04253201731724	0.00019968807001477444	-945.0205377148533
3770.0	100.0	35.04252971225904	0.00010001283879015627	-945.0231154736877
3771.0	100.0	35.04251229333501	0.0002517973410793388	-945.0255376041957
3772.0	100.0	35.042504894436654	0.0001457369830907001	-945.0282711267519
3773.0	100.0	35.04248679674983	0.00010344991715635556	-945.0306923113136
3774.0	100.0	35.04248010306971	0.00019444672870291233	-945.033433917458
3775.0	100.0	35.04246972907794	0.00013505259217788088	-945.0359093296049
3776.0	100.0	35.0424713433776	0.00014724728041186732	-945.0385987460588
3777.0	100.0	35.042454649426766	0.00021860534612354825	-945.0407922944612
3778.0	100.0	35.042449009700086	0.00016567841177400145	-945.043643797766
3779.0	100.0	35.04243249678434	9.362247060638962e-5	-945.0460589431509
3780.0	100.0	35.0424275971621	-0.00010641345142022788	-945.0486820474978
3781.0	100.0	35.04241162251045	0.0003025201856970783	-945.0509950385758
3782.0	100.0	35.04241697569625	5.0347108857022854e-5	-945.0537029244164
3783.0	100.0	35.04240877164098	0.0003051414448655178	-945.056049155081
3784.0	100.0	35.0424051084773	0.00011436097593720678	-945.0586662971248
3785.0	100.0	35.04239019537825	0.00017099730878029012	-945.0610266451603
3786.0	100.0	35.04238834907067	0.000201706493545084	-945.0637823460763
3787.0	100.0	35.04237293433014	5.6975744722703104e-5	-945.0660353619213
3788.0	100.0	35.04237982734123	0.00028562377480299605	-945.068683103387
3789.0	100.0	35.042364533212606	0.0001056341042710073	-945.0709911706982
3790.0	100.0	35.04236478509193	0.00022509130935478372	-945.0737028750347
3791.0	100.0	35.042358072437764	7.61981584115199e-5	-945.0759130417667
3792.0	100.0	35.04236049785822	0.000284707655656863	-945.0785488095486
3793.0	100.0	35.04234571207806	0.00015450757226100198	-945.0808656147113
3794.0	100.0	35.04234759933895	0.0003038395154504055	-945.0834009144077
3795.0	100.0	35.04234114884287	0.00014643388260895032	-945.0858256505717
3796.0	100.0	35.04234444729339	0.00011713467382261432	-945.0883836670162
3797.0	100.0	35.04232995318954	0.0002160732838761457	-945.0906679695123
3798.0	100.0	35.04233419879185	0.0002435258114270271	-945.0931096951093
3799.0	100.0	35.04232106956246	0.0003251506590408251	-945.0954688003712
3800.0	100.0	35.042325888445994	6.970812892609038e-5	-945.0980980612723
3801.0	100.0	35.04232864442987	0.00027162664186891557	-945.100313258726
3802.0	100.0	35.04233550486205	0.00018602896465374076	-945.1027355056624
3803.0	100.0	35.04232240924003	0.00017570527901786972	-945.1052304348163
3804.0	100.0	35.04232855341208	0.0001311977990986915	-945.1075812204431
3805.0	100.0	35.04231579089195	0.000280534002638556	-945.1099479802007
3806.0	100.0	35.04232272901749	-3.86303001333601e-5	-945.11243754933
3807.0	100.0	35.04231918029076	0.00015237353642222782	-945.1147262214035
3808.0	100.0	35.04232765062814	0.00020059862772999073	-945.1172244483325
3809.0	100.0	35.04232284890981	0.00018522134336531015	-945.1195153676464
3810.0	100.0	35.04233255443837	0.00020820930601412523	-945.121873623885
3811.0	100.0	35.04232113924156	0.00023871895856314513	-945.1241345244761
3812.0	100.0	35.04233120159461	0.00017273539887601103	-945.126602354539
3813.0	100.0	35.042327889687165	0.00023155553059085867	-945.1289338955952
3814.0	100.0	35.042339173630864	7.916433489889149e-5	-945.1313439180303
3815.0	100.0	35.042327486531676	0.00031450478048289257	-945.1336524629407
3816.0	100.0	35.04234014123164	4.395292942592816e-5	-945.1360296379138
3817.0	100.0	35.042328567106054	0.000287516527213498	-945.1381330800434
3818.0	100.0	35.04234104516552	-1.3608924766373181e-5	-945.1406225667075
3819.0	100.0	35.04234657790114	0.0004066538471063859	-945.1428623535234
3820.0	100.0	35.04236025324498	-1.2987429175632346e-5	-945.1452569146971
3821.0	100.0	35.042350280679095	0.00015341188950814281	-945.1473759448156
3822.0	100.0	35.042366034677826	0.00018262719977929696	-945.149883554334
3823.0	100.0	35.042354599292295	5.910696047956467e-5	-945.1520705790754
3824.0	100.0	35.042369591737426	7.474315727709564e-5	-945.154476798685
3825.0	100.0	35.042359445506754	0.00024322309200756187	-945.1566128136134
3826.0	100.0	35.042376160977476	-0.00010937722385825194	-945.1590619132489
3827.0	100.0	35.0423741672049	0.00021014285481534676	-945.1612200508382
3828.0	100.0	35.04239043903473	-1.6831092873181004e-5	-945.1635430843471
3829.0	100.0	35.042389699775114	0.00024012966480498838	-945.165740052908
3830.0	100.0	35.042406421734654	1.268580907805264e-5	-945.1680028773445
3831.0	100.0	35.042397796057706	0.00011126845401531287	-945.170233693268
3832.0	100.0	35.04241628310792	-6.469240985468739e-5	-945.1726792509135
3833.0	100.0	35.042415152524036	0.0001636246857416695	-945.1746521711034
3834.0	100.0	35.04243416496271	3.4713736512883685e-5	-945.177132850105
3835.0	100.0	35.04242462229858	9.386238204941031e-5	-945.1791832016305
3836.0	100.0	35.04244499982937	-0.00026742822773352827	-945.1815379922746
3837.0	100.0	35.042436995286145	4.375247798193899e-5	-945.183654885502
3838.0	100.0	35.042458013081465	0.00011333881252216243	-945.1858580999814
3839.0	100.0	35.04245675932139	0.00013716605088148802	-945.1880338809468
3840.0	100.0	35.0424802568019	-7.184909524261002e-5	-945.1903553480463
3841.0	100.0	35.04248066747971	0.00010472406886826353	-945.1925479055037
3842.0	100.0	35.04250243460253	5.9907157271681634e-5	-945.1948219845013
3843.0	100.0	35.042496272000506	0.00015941342904710572	-945.1969057233565
3844.0	100.0	35.04252077116059	-2.2852352664552405e-5	-945.1990635566308
3845.0	100.0	35.04251332717578	1.581552804766006e-5	-945.2012074841857
3846.0	100.0	35.04253876237615	-2.3257600992907334e-5	-945.2035164374539
3847.0	100.0	35.042532893006886	0.0002510257057379242	-945.2056776137287
3848.0	100.0	35.04255918939774	-8.112350456178623e-6	-945.207736123549
3849.0	100.0	35.04256063021333	1.655680986226057e-5	-945.2099688943921
3850.0	100.0	35.04258864620458	0.00019505148739141197	-945.21200396146
3851.0	100.0	35.0425909284847	6.889213850685158e-5	-945.2141558508029
3852.0	100.0	35.042619955659	-1.2725488542037707e-5	-945.2164413279635
3853.0	100.0	35.04261347367034	0.00018864941456608937	-945.2185686977174
3854.0	100.0	35.04264318083199	5.715541057245252e-5	-945.2207294960738
3855.0	100.0	35.04263823965527	9.007866615026643e-5	-945.2228246351315
3856.0	100.0	35.04266995529497	4.1563887761889e-5	-945.2249407031792
3857.0	100.0	35.04267210949893	9.869870626036159e-5	-945.2270220220726
3858.0	100.0	35.042702848066234	-2.637186259249088e-5	-945.2291158075499
3859.0	100.0	35.042699286490176	0.0002043809487158558	-945.2312680203463
3860.0	100.0	35.04273106112291	1.4795947620595637e-5	-945.233406769651
3861.0	100.0	35.04272780874919	0.00013755280569020245	-945.2354563183765
3862.0	100.0	35.04276096056218	2.7141599368892662e-5	-945.2375981457353
3863.0	100.0	35.0427652871972	0.00011948246027952843	-945.239503322558
3864.0	100.0	35.042799791435286	9.574754935701385e-5	-945.2417748794483
3865.0	100.0	35.042803754972816	7.865644570791914e-5	-945.243712399917
3866.0	100.0	35.042837291731864	1.143705996624206e-5	-945.2458590075685
3867.0	100.0	35.042835295968636	0.0001659753145572453	-945.2478608716069
3868.0	100.0	35.04287090884018	-7.116629153396686e-5	-945.2500497707298
3869.0	100.0	35.0428691078736	0.00015556394933045707	-945.251989103099
3870.0	100.0	35.042905560373185	9.346335030139836e-5	-945.2541898553455
3871.0	100.0	35.042902760994124	0.00010547815107739638	-945.2561187221967
3872.0	100.0	35.042941102113076	2.1286382530156286e-5	-945.258185552702
3873.0	100.0	35.04294563317169	0.000254068466737203	-945.2602260488403
3874.0	100.0	35.042984187402965	3.857577847464793e-5	-945.2621911755648
3875.0	100.0	35.042981554039144	0.0002140915632812189	-945.264240687734
3876.0	100.0	35.04302197448724	-6.88968026890088e-5	-945.2663437907763
3877.0	100.0	35.04302838465159	0.00011140643892719381	-945.2682759664053
3878.0	100.0	35.04306782855481	4.032679470945396e-5	-945.2704929493308
3879.0	100.0	35.04306738603261	0.00017205428359019494	-945.272439548487
3880.0	100.0	35.043107753938955	3.297052294903509e-5	-945.2744866654621
3881.0	100.0	35.04311386653866	0.00010658427042102621	-945.2764285917663
3882.0	100.0	35.04315511512332	-0.0003101662960343967	-945.2784445878665
3883.0	100.0	35.0431558697896	0.0002736073528815543	-945.2803987087324
3884.0	100.0	35.04319647388366	-0.00014210241621745784	-945.2824245901724
3885.0	100.0	35.04319714993316	0.00018687227447154994	-945.2844649348872
3886.0	100.0	35.04324116042614	4.951798712209984e-5	-945.2863167738299
3887.0	100.0	35.04323964536349	9.00594725182805e-5	-945.2883629742963
3888.0	100.0	35.04328505005757	0.0001604482920563695	-945.2903288167811
3889.0	100.0	35.043291828742646	0.00016761954037070514	-945.2923064597124
3890.0	100.0	35.043337222260284	2.3307276148764194e-5	-945.294259767255
3891.0	100.0	35.04334439955892	0.00013127411940559133	-945.2962390424624
3892.0	100.0	35.043389960349145	7.651128589382015e-5	-945.2981731034924
3893.0	100.0	35.043391210789075	8.287729572812848e-5	-945.3001741060456
3894.0	100.0	35.04343778530309	7.159801760779101e-5	-945.3020601235659
3895.0	100.0	35.043438215220526	0.0001853315918347127	-945.3040219428668
3896.0	100.0	35.04348650705891	-6.740845504712016e-5	-945.305919303275
3897.0	100.0	35.04349590321112	0.0003217503713881681	-945.3078504490258
3898.0	100.0	35.04354259674387	1.019419020999652e-6	-945.309743276918
3899.0	100.0	35.04354321506902	0.00017440975664379478	-945.3116836022516
3900.0	100.0	35.04359203583866	-7.277543578057091e-5	-945.313682039005
3901.0	100.0	35.043595076734455	0.00015047747544720866	-945.3154138497625
3902.0	100.0	35.04364320395395	1.8582508023466644e-5	-945.3174053460411
3903.0	100.0	35.04364486058834	0.0001306079061618465	-945.3193001202617
3904.0	100.0	35.04369560579636	0.00010861910951659711	-945.3213358776579
3905.0	100.0	35.04370555438198	0.00019841399883904586	-945.3230958765694
3906.0	100.0	35.04375633526365	1.5931202874573417e-5	-945.3250356993831
3907.0	100.0	35.0437667243501	0.00019167770220951226	-945.3269121667458
3908.0	100.0	35.043818429213424	-0.00010067056620215585	-945.3288167795403
3909.0	100.0	35.043821803611465	0.0002215992183216179	-945.3307336801388
3910.0	100.0	35.04387622143984	0.00013644771746309421	-945.3325668466275
3911.0	100.0	35.043879871878055	0.0002404931028852193	-945.3341769294859
3912.0	100.0	35.043933291948214	3.4042081194137077e-6	-945.3362943324386
3913.0	100.0	35.043944132206406	0.00013012352242052709	-945.3381371936814
3914.0	100.0	35.04399288855919	0.00010482917312691769	-945.3400180305064
3915.0	100.0	35.04400390769432	0.00026310408944714057	-945.3418785805699
3916.0	100.0	35.044061349526466	2.8091537456228142e-5	-945.3437087588997
3917.0	100.0	35.04406587820464	0.00019205172643341	-945.3454908610354
3918.0	100.0	35.04412297179756	9.232789487429226e-5	-945.347260183862
3919.0	100.0	35.04412682506463	0.00026755916216770185	-945.3490888432356
3920.0	100.0	35.044186416314126	3.95517254539454e-5	-945.3509610710721
3921.0	100.0	35.04419110945763	0.00010703839258439467	-945.3528446067173
3922.0	100.0	35.044248805484436	0.0001712994413225957	-945.3546466525606
3923.0	100.0	35.044262056226536	0.00020529153919683263	-945.3564112765226
3924.0	100.0	35.04431281846715	0.00016038513561486545	-945.3582208359295
3925.0	100.0	35.044326498879386	0.00012421758117837182	-945.3600100035701
3926.0	100.0	35.044387243561204	0.00017046579504654557	-945.3619170765279
3927.0	100.0	35.04440018274556	0.00016692627029532846	-945.363659602074
3928.0	100.0	35.04445307303651	-8.834350128154636e-5	-945.3655281653565
3929.0	100.0	35.044467628494935	6.516682364110541e-5	-945.3673498841537
3930.0	100.0	35.04452882793571	0.00028538602722813446	-945.3689376947606
3931.0	100.0	35.04453504493607	0.00015292423250989524	-945.3708762836654
3932.0	100.0	35.04459853669081	0.00018198327356745567	-945.3726185210783
3933.0	100.0	35.04461263168152	0.00016943838674486744	-945.3743488677976
3934.0	100.0	35.044667697016585	0.0002245842686803495	-945.3761431907503
3935.0	100.0	35.04468093145849	5.614869807607488e-5	-945.3778706477392
3936.0	100.0	35.04474530614723	0.00017700102278315238	-945.3796326509025
3937.0	100.0	35.04475182159207	0.00010095020588172772	-945.3814820254905
3938.0	100.0	35.04481649334333	0.00019618325007082787	-945.3831667915823
3939.0	100.0	35.04482408798647	0.00016915782515739865	-945.3848753700019
3940.0	100.0	35.04488887751969	0.00025028689101744435	-945.3867055581491
3941.0	100.0	35.044896493773365	0.0002053904391745017	-945.3884744948999
3942.0	100.0	35.0449622693545	9.550441754030273e-5	-945.3901467251869
3943.0	100.0	35.044975806795435	0.00013816117632325703	-945.3919327765385
3944.0	100.0	35.04504422686739	0.00023314945475374273	-945.3936029324227
3945.0	100.0	35.045052563908676	0.00016238161713586922	-945.3952471082993
3946.0	100.0	35.04511882769129	0.0002756709594476628	-945.3970494287063
3947.0	100.0	35.04512710644026	0.0001102246804926532	-945.3987461142825
3948.0	100.0	35.04519515451788	0.00012849048656980445	-945.4004016075992
3949.0	100.0	35.045203419824375	0.00020801254963696988	-945.4021797464875
3950.0	100.0	35.04527075594601	0.0002792609425015927	-945.4038565815738
3951.0	100.0	35.04527960123728	0.00013417142977583535	-945.4056116912571
3952.0	100.0	35.04534784980247	6.60835033698112e-5	-945.4073681861398
3953.0	100.0	35.045364033758446	0.0003563607142647646	-945.4089541553654
3954.0	100.0	35.04542804376725	5.9820574039864674e-5	-945.4106363614071
3955.0	100.0	35.04545191178611	0.0002917694582599448	-945.4122920618611
3956.0	100.0	35.045515344234396	0.00018651657639725858	-945.4139353800138
3957.0	100.0	35.04553107508599	5.7461909113046004e-5	-945.415596052425
3958.0	100.0	35.04559487688288	0.0002588747540375485	-945.4172367422141
3959.0	100.0	35.04561137543166	8.423713606185101e-5	-945.4189158729235
3960.0	100.0	35.0456834867789	0.0004184257570523102	-945.4203662419382
3961.0	100.0	35.04569259803339	1.671097161346382e-5	-945.4222261638982
3962.0	100.0	35.04576470241906	0.00021128424910217474	-945.4238926124441
3963.0	100.0	35.045781705460925	0.00013959680919465014	-945.4255225575492
3964.0	100.0	35.045847671628295	0.00033730484735064274	-945.4271014055804
3965.0	100.0	35.04586440718626	9.912182822068488e-5	-945.4288910055103
3966.0	100.0	35.04593839710585	0.00023762158288227116	-945.4305144871707
3967.0	100.0	35.04594830015353	0.00018208508163236508	-945.4321209310596
3968.0	100.0	35.0460231366963	0.0001732403232275811	-945.4336727188683
3969.0	100.0	35.04603127622933	0.00022495727814351895	-945.4353866814588
3970.0	100.0	35.046107038065045	0.0001688865106974363	-945.4370386218095
3971.0	100.0	35.04611762229729	0.0001838029443903998	-945.4385496054588
3972.0	100.0	35.046192881041556	0.00023988545333485648	-945.4401614610055
3973.0	100.0	35.046203543315244	9.697559992205938e-5	-945.4417403815035
3974.0	100.0	35.046279622979206	0.00025774770480053473	-945.4435009872609
3975.0	100.0	35.046297751361045	-0.00011581471761876104	-945.4450050374589
3976.0	100.0	35.04637415309138	0.00024074841411835554	-945.4465004246247
3977.0	100.0	35.04638518546947	3.271824568800822e-6	-945.448257106514
3978.0	100.0	35.04646268413056	0.0003664443229432266	-945.4496547655251
3979.0	100.0	35.04647351588735	8.361977859425729e-5	-945.4514418948843
3980.0	100.0	35.046551297409856	0.000358785574056499	-945.4529997286011
3981.0	100.0	35.046563283223364	0.00010946456225870775	-945.454486489901
3982.0	100.0	35.046641432860916	0.00013854757259460843	-945.4560509051134
3983.0	100.0	35.04665225708098	0.00017847258138573596	-945.4576328705747
3984.0	100.0	35.04673013452502	0.0002908272222848019	-945.4590688509699
3985.0	100.0	35.04674959709391	0.00016631106085687592	-945.4607913522443
3986.0	100.0	35.04682306532928	0.00021368879534052656	-945.462246113568
3987.0	100.0	35.046842036438825	0.00023048443909305368	-945.4638652340581
3988.0	100.0	35.046923017697296	0.00012491331968107435	-945.4653872835314
3989.0	100.0	35.04693375771616	0.0001452666936692564	-945.4670135222055
3990.0	100.0	35.047013875977385	0.0002797663079055603	-945.4684775708806
3991.0	100.0	35.047025941042904	0.00016916300989866176	-945.4700800695688
3992.0	100.0	35.04710752142174	0.0001938367187816881	-945.4715248476194
3993.0	100.0	35.04711950366254	0.00019361818371528127	-945.4731580798959
3994.0	100.0	35.047201113503654	0.00021382589746506882	-945.4746645460231
3995.0	100.0	35.0472137033292	0.0002286609552289169	-945.4761895255853
3996.0	100.0	35.04729629178074	0.00025698881877054863	-945.47770472758
3997.0	100.0	35.04731648041644	0.00011339233735892236	-945.4792691767544
3998.0	100.0	35.04739863727461	0.00018619891977615153	-945.4806279710838
3999.0	100.0	35.04741249384492	0.0002273528634159499	-945.4821823100898
4000.0	100.0	35.0474964642319	0.00022307879886326138	-945.4836216506623
