1.0	40.0	13.066175890931104	100.23656058321107	-3898.9219271886595
2.0	40.0	13.102533669605416	-29.26352826788132	-3399.270224429545
3.0	40.0	13.162825566983683	-39.347606500052464	-3107.78817423179
4.0	40.0	13.232802705253095	-42.61241180246228	-2928.1518175117335
5.0	40.0	13.306863899710622	-43.085233994706776	-2811.768406218445
6.0	40.0	13.383428499332908	-42.301278624247054	-2732.506193669691
7.0	40.0	13.461646466214988	-40.95193799012012	-2675.706121517911
8.0	40.0	13.54085284671696	-39.36429606758433	-2632.851699042687
9.0	40.0	13.620772131778176	-37.69618521829596	-2598.835054874512
10.0	40.0	13.701263741042222	-36.0395862192351	-2570.5040660727022
11.0	40.0	13.78222942617418	-34.435876587006895	-2545.867617008129
12.0	40.0	13.863602117184987	-32.91077997232039	-2523.6429422151778
13.0	40.0	13.945287049427211	-31.471524979496788	-2502.991749055798
14.0	40.0	14.027168721107804	-30.12151534101762	-2483.3572957338574
15.0	40.0	14.109180975734052	-28.857495310220184	-2464.3640425222884
16.0	40.0	14.191208816025162	-27.674266933426757	-2445.7523044446693
17.0	40.0	14.273173779939688	-26.570417039758794	-2427.335702956756
18.0	40.0	14.354956690400032	-25.540390658437154	-2408.9746510627124
19.0	40.0	14.436449371816744	-24.57332935171317	-2390.558233649222
20.0	40.0	14.517530162279089	-23.66604294814836	-2371.9912289463423
21.0	40.0	14.598122115684626	-22.812665568011475	-2353.1860466120943
22.0	40.0	14.678122756677693	-22.00871876293322	-2334.0577494221825
23.0	40.0	14.757446984376147	-21.25010965869057	-2314.531193061629
24.0	40.0	14.836021644705617	-20.5368138339389	-2294.578092748352
25.0	40.0	14.913788017193554	-19.86171879219253	-2274.296857509581
26.0	40.0	14.990690530688552	-19.221632292383845	-2253.9580176832537
27.0	40.0	15.06665839094246	-18.611340209908278	-2233.9596801699267
28.0	40.0	15.141660058301989	-18.032588390670917	-2214.7058624959636
29.0	40.0	15.17878862519321	-8.798782458021263	-2197.1332853488057
30.0	40.0	15.215650653803229	-8.666627970503868	-2180.9417089067597
31.0	40.0	15.252250156733037	-8.53629793544077	-2166.2276200316646
32.0	40.0	15.288580843903521	-8.409146598894752	-2152.9352943480735
33.0	40.0	15.324635448047903	-8.285701119414947	-2140.917118471533
34.0	40.0	15.360406461326487	-8.163290013048815	-2129.998818354948
35.0	40.0	15.388818971281855	-6.444723580640632	-2120.1355525062113
36.0	40.0	15.417055699776064	-6.370493257179743	-2111.0689205465096
37.0	40.0	15.44510190690653	-6.298085351208333	-2102.6826949263336
38.0	40.0	15.472966668086086	-6.227406885606399	-2094.8834072621135
39.0	40.0	15.500654845520021	-6.157341234751322	-2087.594648739045
40.0	40.0	15.528152933640529	-6.088645085062298	-2080.75428160724
41.0	40.0	15.555462527426748	-6.021856046211075	-2074.3100612778644
42.0	40.0	15.582593853693206	-5.955613281315138	-2068.2183742441143
43.0	40.0	15.609538672759653	-5.89029096248446	-2062.44208541588
44.0	40.0	15.636297150561433	-5.827205103514785	-2056.949084049719
45.0	40.0	15.662876783845421	-5.76368890933804	-2051.71205104928
46.0	40.0	15.689267660059897	-5.702356523072079	-2046.7069792923276
47.0	40.0	15.715465546593508	-5.642391275134838	-2041.9138479518247
48.0	40.0	15.741494712060014	-5.581990415577733	-2037.3141027491354
49.0	40.0	15.76732090994385	-5.523867660888722	-2032.8921417229005
50.0	40.0	15.79297741555513	-5.466241341728193	-2028.6338067537172
51.0	40.0	15.818449343254942	-5.409812356199186	-2024.5263484106072
52.0	40.0	15.843734614492234	-5.353683673573024	-2020.558427401236
53.0	40.0	15.868837416138577	-5.299570678318212	-2016.7201469114939
54.0	40.0	15.89375633566546	-5.245718679488077	-2013.0022926993875
55.0	40.0	15.912324860701709	-3.899083781230111	-2009.4831410274055
56.0	40.0	15.930791076424734	-3.8710838112446564	-2006.0680439522112
57.0	40.0	15.949157207302605	-3.8421436359707584	-2002.7507064173892
58.0	40.0	15.967424396702741	-3.8147759455103785	-1999.52482437863
59.0	40.0	15.985592110023038	-3.787175338993483	-1996.3845070631046
60.0	40.0	16.00364978567006	-3.759703196184468	-1993.32494308156
61.0	40.0	16.021615488856998	-3.732585168201865	-1990.340802888861
62.0	40.0	16.039479184134656	-3.7059305540573177	-1987.4277817777574
63.0	40.0	16.05724229357066	-3.6792680793606265	-1984.5820350409956
64.0	40.0	16.07490508291999	-3.653775250005134	-1981.7995447570763
65.0	40.0	16.092468416305625	-3.6274004583792827	-1979.077260612856
66.0	40.0	16.10993814074601	-3.6025955475221805	-1976.411355765167
67.0	40.0	16.127305130363556	-3.5767359546933646	-1973.7996620692932
68.0	40.0	16.144569931471523	-3.5523284156745705	-1971.2388799383707
69.0	40.0	16.16174336384707	-3.5277923456665046	-1968.7267858342054
70.0	40.0	16.178820499547406	-3.5034099869624646	-1966.2611525313866
71.0	40.0	16.195800281600054	-3.4793445350160797	-1963.8397178714135
72.0	40.0	16.212682740409793	-3.4553154618581696	-1961.4605063346617
73.0	40.0	16.22946881587554	-3.4320079854890175	-1959.1221019666002
74.0	40.0	16.246158221864647	-3.4090889926454473	-1956.8224980561122
75.0	40.0	16.2627515237651	-3.385323338425447	-1954.560466848597
76.0	40.0	16.27924933324203	-3.3623081850556265	-1952.3346312829171
77.0	40.0	16.295651874841347	-3.3403926166175326	-1950.1438081861031
78.0	40.0	16.311960971221403	-3.317844436447537	-1947.9866131360197
79.0	40.0	16.328188422220222	-3.2951411047928376	-1945.8622133415138
80.0	40.0	16.3443112482654	-3.273421418824485	-1943.7694842136104
81.0	40.0	16.360337562105634	-3.251947481592663	-1941.707133220591
82.0	40.0	16.376278430330267	-3.2306139603081148	-1939.674602067889
83.0	40.0	16.392128630706544	-3.2094562764909784	-1937.6710205564375
84.0	40.0	16.407886058114656	-3.1886182427407377	-1935.6953415856372
85.0	40.0	16.423552760184336	-3.1685873546826504	-1933.7467738611238
86.0	40.0	16.439127678047456	-3.1474782970400392	-1931.8246742631502
87.0	40.0	16.454612284839282	-3.127300476343492	-1929.9282955162557
88.0	40.0	16.47000740931124	-3.1078577494243866	-1928.056932768906
89.0	40.0	16.485312746948747	-3.0874970742207766	-1926.2100454308768
90.0	40.0	16.50053635352183	-3.068531586274906	-1924.3867875661015
91.0	40.0	16.51566320792418	-3.0488642696861357	-1922.586830229307
92.0	40.0	16.53070814082316	-3.0289414216905404	-1920.8091495808574
93.0	40.0	16.545662085369997	-3.0106139783255794	-1919.0537848397676
94.0	40.0	16.56053319860434	-2.9915328923429896	-1917.319799984039
95.0	40.0	16.575318489518295	-2.9729665227417494	-1915.606890274681
96.0	40.0	16.59000967665181	-2.9542924199511997	-1913.9144355796009
97.0	40.0	16.604620750089985	-2.9361791869190688	-1912.241969104961
98.0	40.0	16.619148385363747	-2.918602141856651	-1910.5890561876342
99.0	40.0	16.63359107085551	-2.9000588460275263	-1908.9555264075602
100.0	40.0	16.6479499675903	-2.882311599804381	-1907.340565955806
101.0	40.0	16.662223452256782	-2.8652344398394503	-1905.7441131302205
102.0	40.0	16.67642246288698	-2.8474441684190293	-1904.1658149027533
103.0	40.0	16.690538505492217	-2.8309189594103694	-1902.6052557635342
104.0	40.0	16.704563948169774	-2.813373347853265	-1901.0619194580138
105.0	40.0	16.71850729839435	-2.797463763030871	-1899.535573447884
106.0	40.0	16.73236931840215	-2.7811351948230567	-1898.0258555847006
107.0	40.0	16.746163032925658	-2.764389360448512	-1896.5325669670258
108.0	40.0	16.75986551119186	-2.748780084947051	-1895.0552832329763
109.0	40.0	16.773485273636187	-2.73287929488082	-1893.5938836885048
110.0	40.0	16.78703091127972	-2.716685103198812	-1892.1475891411883
111.0	40.0	16.80050250532624	-2.7011097772731345	-1890.7164953539886
112.0	40.0	16.813889879586434	-2.685413634851994	-1889.300095327205
113.0	40.0	16.82720167076861	-2.6697684844613794	-1887.898214502322
114.0	40.0	16.840435675783976	-2.6543835660083133	-1886.510403488079
115.0	40.0	16.85359194431295	-2.639069747231993	-1885.1365697701685
116.0	40.0	16.866671465352223	-2.624530974803638	-1883.7764761815447
117.0	40.0	16.879675168708633	-2.6088994746608822	-1882.4296119188623
118.0	40.0	16.892602409508743	-2.5939297314335086	-1881.0959469143982
119.0	40.0	16.905461338010937	-2.5798029256695005	-1879.7751984028266
120.0	40.0	16.918238421152125	-2.5648539768420213	-1878.466972481943
121.0	40.0	16.930940369592776	-2.550511591324855	-1877.1711512513268
122.0	40.0	16.94357612123884	-2.5371616057345303	-1875.887457831643
123.0	40.0	16.95613630870509	-2.5223961245114226	-1874.6158485882106
124.0	40.0	16.968618947409304	-2.5091852699070807	-1873.3557365001693
125.0	40.0	16.981026274592857	-2.495415388785842	-1872.1072784591233
126.0	40.0	16.993369998979887	-2.4809876660887236	-1870.8699703580605
127.0	40.0	17.005639906778296	-2.4681386298492405	-1869.6437055461538
128.0	40.0	17.017840258670926	-2.4546877652779053	-1868.4283248845975
129.0	40.0	17.029969006045295	-2.440565171771733	-1867.2234602475978
130.0	40.0	17.04202741378389	-2.4278968149646816	-1866.0292344908503
131.0	40.0	17.054016018345987	-2.4146674443917973	-1864.8452055883442
132.0	40.0	17.065934418903506	-2.401779184849293	-1863.6713497235053
133.0	40.0	17.07778360855062	-2.3885505850952757	-1862.5073887915378
134.0	40.0	17.089563421571906	-2.3760870937904754	-1861.353095802579
135.0	40.0	17.101275548749722	-2.36370681006023	-1860.2084336836565
136.0	40.0	17.112919267043978	-2.351573588104363	-1859.073028646161
137.0	40.0	17.124495544603693	-2.3393236779411173	-1857.9471806684096
138.0	40.0	17.13600481085368	-2.327571178863881	-1856.8303593816338
139.0	40.0	17.14745244196294	-2.3155363294310645	-1855.722639026073
140.0	40.0	17.158836550092804	-2.3042689670145617	-1854.623672152418
141.0	40.0	17.170148493651045	-2.291887431630147	-1853.5333345770973
142.0	40.0	17.18139310790757	-2.2802503044515627	-1852.45165222342
143.0	40.0	17.192577531046517	-2.2684987913935655	-1851.3782878726865
144.0	40.0	17.203700468306874	-2.257710483834986	-1850.3132934489026
145.0	40.0	17.214753069687386	-2.2454429571450203	-1849.2564591015598
146.0	40.0	17.225745294490046	-2.2342353653981446	-1848.2076050867538
147.0	40.0	17.236676060238548	-2.2234097030946582	-1847.1668736116542
148.0	40.0	17.24753615186632	-2.21150111370136	-1846.1336529516639
149.0	40.0	17.25834064404388	-2.200966415659635	-1845.1081082733126
150.0	40.0	17.26908363147993	-2.1892874317746487	-1844.0901740225133
151.0	40.0	17.279764773456222	-2.1788089083608986	-1843.0794655860705
152.0	40.0	17.29038299085996	-2.167263298283496	-1842.0761020504642
153.0	40.0	17.30093949186784	-2.1573191952001123	-1841.0799707680533
154.0	40.0	17.311431322446918	-2.1457951928489964	-1840.0907584035601
155.0	40.0	17.321873491693893	-2.135895226839898	-1839.1083418202784
156.0	40.0	17.33225275938113	-2.1251778032534125	-1838.1325413680788
157.0	40.0	17.342567889673003	-2.1141891191868796	-1837.1635603069794
158.0	40.0	17.352828435667774	-2.1042453367899263	-1836.201177967523
159.0	40.0	17.363027488478465	-2.0937421798648206	-1835.2448380858434
160.0	40.0	17.373174395239573	-2.0828819647725587	-1834.2949189047192
161.0	40.0	17.38325137956707	-2.0733196437332286	-1833.3511203849732
162.0	40.0	17.393281386044944	-2.0631317959305178	-1832.41340764407
163.0	40.0	17.403257272162143	-2.0529565656857773	-1831.481603410666
164.0	40.0	17.41316179666902	-2.042963102044753	-1830.555398208703
165.0	40.0	17.42302122281006	-2.0324298012936794	-1829.6348689736399
166.0	40.0	17.432826302301404	-2.023069670521569	-1828.720171363825
167.0	40.0	17.442575626571262	-2.0131567007643643	-1827.8108348630606
168.0	40.0	17.452256089972092	-2.0034887344334895	-1826.9067571954408
169.0	40.0	17.46189227518271	-1.9936551465865333	-1826.0079778558013
170.0	40.0	17.471475924299522	-1.9841370117037447	-1825.114327458683
171.0	40.0	17.48100490466283	-1.9747464966268613	-1824.2257577533255
172.0	40.0	17.490480238968185	-1.9650032029120215	-1823.3419735732512
173.0	40.0	17.499891023004235	-1.9558237994221113	-1822.4630905285899
174.0	40.0	17.50925256032866	-1.9463679151489126	-1821.5891468935524
175.0	40.0	17.518567313127736	-1.9376415935700784	-1820.7196438497917
176.0	40.0	17.52782856183419	-1.9277800801736018	-1819.8548068197774
177.0	40.0	17.53703771479277	-1.918807573768258	-1818.994497184148
178.0	40.0	17.546193712650922	-1.9098847512381818	-1818.138544734697
179.0	40.0	17.555298874952783	-1.9007013243337438	-1817.2868093527204
180.0	40.0	17.564351843744426	-1.8924893697704475	-1816.4394663744795
181.0	40.0	17.57335456058562	-1.8830871455060538	-1815.5960377549804
182.0	40.0	17.582305234156006	-1.874214832154423	-1814.7569385699735
183.0	40.0	17.59120548564626	-1.8660397471332957	-1813.921611830147
184.0	40.0	17.600056000133723	-1.8567136341587678	-1813.0901894408573
185.0	40.0	17.608856005388844	-1.8481344615638542	-1812.262779848805
186.0	40.0	17.61760715307804	-1.8401365658841515	-1811.4391721389595
187.0	40.0	17.62631454330825	-1.8309769847639659	-1810.6192124732843
188.0	40.0	17.63496724844447	-1.82312080036137	-1809.8028135675663
189.0	40.0	17.643570668322422	-1.8140944481376107	-1808.9901629879826
190.0	40.0	17.652126255073345	-1.8056893376907563	-1808.1808594894994
191.0	40.0	17.66063419585731	-1.7978864452125825	-1807.3750843131468
192.0	40.0	17.669100775855817	-1.7891138366361692	-1806.5726316935009
193.0	40.0	17.677512895941682	-1.7815715800249212	-1805.773762629931
194.0	40.0	17.685884112650005	-1.7732914665766482	-1804.9779942021719
195.0	40.0	17.694204140842334	-1.7645673321170843	-1804.1853544291275
196.0	40.0	17.702474988280212	-1.7570951718363277	-1803.3961165854532
197.0	40.0	17.710708113316944	-1.7485598552974095	-1802.6099676072172
198.0	40.0	17.718893509725962	-1.7411167635120648	-1801.8268553626476
199.0	40.0	17.727026588578376	-1.7330928078293557	-1801.0466586114674
200.0	40.0	17.73511593989279	-1.7247928587013166	-1800.2696842424123
201.0	40.0	17.74316736154337	-1.7175591273661819	-1799.4955178553394
202.0	40.0	17.751170794475595	-1.7097263178531488	-1798.724261477939
203.0	40.0	17.759124501689236	-1.702049344270229	-1797.9558613489
204.0	40.0	17.76703547486075	-1.694312389045427	-1797.1901664227332
205.0	40.0	17.774914006212562	-1.6861603156812623	-1796.4274857840771
206.0	40.0	17.78273479571947	-1.6790811039993672	-1795.667424696855
207.0	40.0	17.790514408933902	-1.671857212831609	-1794.9100203354262
208.0	40.0	17.798262101102722	-1.66430329964442	-1794.1552293431962
209.0	40.0	17.805954565841333	-1.6567904647738623	-1793.4030125661423
210.0	40.0	17.813619351508876	-1.6497111733294059	-1792.6535987936948
211.0	40.0	17.821225114456645	-1.6423951818920086	-1791.9066476377775
212.0	40.0	17.82879117919137	-1.6347987260067098	-1791.162100381022
213.0	40.0	17.836327250238448	-1.6287444102315372	-1790.4198687948756
214.0	40.0	17.843807817134373	-1.6222887481715738	-1789.680483226367
215.0	40.0	17.8512635558042	-1.6155963261457653	-1788.943399114194
216.0	40.0	17.858661552309012	-1.6091382229734685	-1788.208627331909
217.0	40.0	17.866034744186855	-1.6029209818227215	-1787.4760781532113
218.0	40.0	17.87335098205328	-1.5966435363515177	-1786.7459444766507
219.0	40.0	17.880642444548347	-1.590400217390837	-1786.0181002107638
220.0	40.0	17.887879650956943	-1.5843113213550348	-1785.2923933379266
221.0	40.0	17.895091713459074	-1.5780516391115151	-1784.5689256495164
222.0	40.0	17.9022483858827	-1.5720217027066548	-1783.8477095247672
223.0	40.0	17.909381975363523	-1.5659660654488579	-1783.1287490743214
224.0	40.0	17.916460715424858	-1.5598463819360202	-1782.4117240443954
225.0	40.0	17.92351496551232	-1.5543840837608147	-1781.6969098692853
226.0	40.0	17.93052215179716	-1.5478519527445476	-1780.984108711566
227.0	40.0	17.93749446291468	-1.5418976349015814	-1780.2733845784303
228.0	40.0	17.944423950206822	-1.5359737175367587	-1779.5644934241675
229.0	40.0	17.95131970677457	-1.5299561259416414	-1778.8579335397642
230.0	40.0	17.958184666126126	-1.5241966822562623	-1778.1529530527
231.0	40.0	17.965001639334815	-1.5183841506818565	-1777.450203588752
232.0	40.0	17.971785876613044	-1.513019338750689	-1776.7491059056945
233.0	40.0	17.978536708873857	-1.5067825943858344	-1776.050110454837
234.0	40.0	17.985244736063496	-1.5009510115478184	-1775.3528562341237
235.0	40.0	17.991918220086944	-1.4952965325706389	-1774.6573971253679
236.0	40.0	17.998550069920814	-1.4900886564759963	-1773.9637042178415
237.0	40.0	18.005156698552938	-1.4837753208639946	-1773.2719073978537
238.0	40.0	18.011722069526957	-1.4782033883643195	-1772.5816871053548
239.0	40.0	18.01825555848414	-1.4727446721027648	-1771.8936320793812
240.0	40.0	18.02474892024862	-1.4675170688105363	-1771.2065708621242
241.0	40.0	18.031216679106333	-1.4614271636861098	-1770.521739511258
242.0	40.0	18.037643890069006	-1.4560516221308182	-1769.838542817178
243.0	40.0	18.044038224987627	-1.4508344339264354	-1769.1568832887456
244.0	40.0	18.05040854416505	-1.4450184735576694	-1768.4766786433038
245.0	40.0	18.056746444825446	-1.4395592840837845	-1767.7982156546498
246.0	40.0	18.063045724030033	-1.4346753689162868	-1767.121213121754
247.0	40.0	18.069313935539036	-1.4286621784581361	-1766.4459211167432
248.0	40.0	18.07555980235265	-1.4233460334414563	-1765.772178573112
249.0	40.0	18.081775878559235	-1.4186968768359094	-1765.0997778641108
250.0	40.0	18.087960273473353	-1.4126768688428144	-1764.428974573031
251.0	40.0	18.094109865656183	-1.4080576350158795	-1763.7596558951984
252.0	40.0	18.10022741726663	-1.4021800796427413	-1763.0918603204702
253.0	40.0	18.106323729490242	-1.397672169267408	-1762.4251641493036
254.0	40.0	18.112387648703255	-1.3919467557753546	-1761.7602450241047
255.0	40.0	18.118425695982236	-1.38729604755192	-1761.0967591204076
256.0	40.0	18.124434925285563	-1.381835140412974	-1760.4345039400894
257.0	40.0	18.130409375507732	-1.3774779229724352	-1759.7734237322684
258.0	40.0	18.13635494313385	-1.3718230057576837	-1759.1139572451634
259.0	40.0	18.14227949499927	-1.3673840553336465	-1758.455922659981
260.0	40.0	18.148177019149184	-1.3620791697710692	-1757.7991479897282
261.0	40.0	18.154043833357484	-1.3576703238856453	-1757.14336440702
262.0	40.0	18.15988404918648	-1.3528271502859466	-1756.488893747256
263.0	40.0	18.165697176319014	-1.347362383756756	-1755.8358501857351
264.0	40.0	18.17147540271425	-1.343120023365895	-1755.1841041255923
265.0	40.0	18.177233945404684	-1.338343464461272	-1754.533687881199
266.0	40.0	18.18296678067374	-1.333081678968497	-1753.8842386292472
267.0	40.0	18.188674491337363	-1.3289013280356328	-1753.235870556093
268.0	40.0	18.194355025012932	-1.3242038687981452	-1752.5891222408197
269.0	40.0	18.20000278711604	-1.318909758414302	-1751.9432757426594
270.0	40.0	18.20562798655759	-1.3148616286510768	-1751.298655922751
271.0	40.0	18.21123029744091	-1.31025965052994	-1750.6552614021298
272.0	40.0	18.21680382834346	-1.3050559722979755	-1750.0127667264362
273.0	40.0	18.222344135190802	-1.3009477026329173	-1749.3717511772068
274.0	40.0	18.22786690896213	-1.296486566065369	-1748.7316070573052
275.0	40.0	18.23336135701285	-1.2919962571172532	-1748.0926010224778
276.0	40.0	18.238832130786633	-1.2868273993781145	-1747.4546981273018
277.0	40.0	18.24427592099473	-1.2829963736388073	-1746.8179317500735
278.0	40.0	18.249694817195753	-1.2784022622494817	-1746.1819423839354
279.0	40.0	18.255088859046328	-1.2740539227445125	-1745.547496070672
280.0	40.0	18.260456641951794	-1.269103468432869	-1744.9137600601762
281.0	40.0	18.265801199278876	-1.2653203169402094	-1744.2808975459545
282.0	40.0	18.271121154280273	-1.2609294496319703	-1743.6492918377767
283.0	40.0	18.27641823644411	-1.256641801434218	-1743.018738646918
284.0	40.0	18.281696354070217	-1.2522247164216622	-1742.3890563087998
285.0	40.0	18.28694403600297	-1.2480922812586799	-1741.760276125927
286.0	40.0	18.292159847084775	-1.2431443743123738	-1741.1327280356597
287.0	40.0	18.2973593791605	-1.2394529158121115	-1740.5061397079412
288.0	40.0	18.302533045747367	-1.2353977151649826	-1739.8805002237812
289.0	40.0	18.307686136641156	-1.2310842536942834	-1739.2555440683327
290.0	40.0	18.312815489540714	-1.2270599740492665	-1738.6317878673372
291.0	40.0	18.317920230710055	-1.2227130775304669	-1738.0086647738888
292.0	40.0	18.32300139094184	-1.2188715607896226	-1737.3866490232488
293.0	40.0	18.32805959514748	-1.2147896523781656	-1736.765755649338
294.0	40.0	18.333093984582135	-1.2106316443690786	-1736.1454846617892
295.0	40.0	18.338106002742784	-1.2068416219400497	-1735.5261448815775
296.0	40.0	18.343094734246083	-1.2029370296985782	-1734.9075830719155
297.0	40.0	18.34805870613371	-1.1985236747470298	-1734.2903173519155
298.0	40.0	18.35300771918968	-1.1951676426701792	-1733.6735119462078
299.0	40.0	18.35792794708134	-1.1913580393608492	-1733.057367384747
300.0	40.0	18.36282631639777	-1.1875324372215097	-1732.4424936951887
301.0	40.0	18.367701951800626	-1.1837747444918139	-1731.8286360980685
302.0	40.0	18.372555923259085	-1.1799322617483852	-1731.2151226479634
303.0	40.0	18.377388066748516	-1.176280423175677	-1730.6025460616904
304.0	40.0	18.382198778033494	-1.173227343760309	-1729.9908290566875
305.0	40.0	18.386988344505944	-1.1692086965308242	-1729.379812604265
306.0	40.0	18.391761316632273	-1.1656754695240488	-1728.7699000011671
307.0	40.0	18.396507746397777	-1.1623102197959998	-1728.1605327617374
308.0	40.0	18.401232431353424	-1.158834721562287	-1727.5518758886196
309.0	40.0	18.405935034278617	-1.1554935495741714	-1726.944333050578
310.0	40.0	18.410617963599684	-1.1520074994101996	-1726.3372260216688
311.0	40.0	18.415279530752628	-1.1487176888336186	-1725.731139640448
312.0	40.0	18.41992082153081	-1.1453705149954518	-1725.1255647356293
313.0	40.0	18.42453977972885	-1.142072921975469	-1724.5208807327892
314.0	40.0	18.429145297562282	-1.138753953410099	-1723.9169451005957
315.0	40.0	18.433723200456516	-1.13537020214805	-1723.313754268083
316.0	40.0	18.43828169932989	-1.1327623642122298	-1722.711214563247
317.0	40.0	18.442820244299824	-1.1288463356656409	-1722.1092332013889
318.0	40.0	18.44733777797812	-1.125679805894892	-1721.5081395369773
319.0	40.0	18.451836251915307	-1.1222543897613386	-1720.9078399624868
320.0	40.0	18.45631505331165	-1.1191839747734063	-1720.3080942227127
321.0	40.0	18.46077985893911	-1.1160215495759747	-1719.709055793744
322.0	40.0	18.46521911979154	-1.112867453964391	-1719.110875788471
323.0	40.0	18.469647015758554	-1.1103772829232186	-1718.5131040493718
324.0	40.0	18.47404693898005	-1.1066162419432137	-1717.9160538563106
325.0	40.0	18.47842752019378	-1.1036889387503122	-1717.319607771007
326.0	40.0	18.482789453486987	-1.1005525444119504	-1716.7240905510089
327.0	40.0	18.48713204962551	-1.0974029491498116	-1716.1293455144569
328.0	40.0	18.491461054024796	-1.0945660967664599	-1715.5348059051494
329.0	40.0	18.495765636728134	-1.0918428647614389	-1714.9411244029666
330.0	40.0	18.50005113010212	-1.0885754818764737	-1714.348081792645
331.0	40.0	18.504316715082055	-1.0853786020685356	-1713.7555906567159
332.0	40.0	18.508564317325824	-1.0825421815675074	-1713.163773681793
333.0	40.0	18.512793081698923	-1.079817619231305	-1712.5727466500252
334.0	40.0	18.517010747341093	-1.0774985506353614	-1711.9822211534015
335.0	40.0	18.52121081801684	-1.0742596742175807	-1711.3920924148151
336.0	40.0	18.52538520551672	-1.071676370919296	-1710.8027276750636
337.0	40.0	18.529540915569225	-1.0691428706928592	-1710.2140173338403
338.0	40.0	18.533680984469566	-1.0663310841663436	-1709.6257445841068
339.0	40.0	18.537801508432956	-1.064313403579856	-1709.0382742757513
340.0	40.0	18.54190418916192	-1.0612765556007109	-1708.4513273257407
341.0	40.0	18.54599502646102	-1.0586184819482327	-1707.8648249912585
342.0	40.0	18.550061582989002	-1.0567576787141493	-1707.2790795595936
343.0	40.0	18.554119344629235	-1.0536345670566463	-1706.6937109603202
344.0	40.0	18.558152130154404	-1.0509582827504251	-1706.108924533273
345.0	40.0	18.56216658088435	-1.0484687016109409	-1705.5249164050958
346.0	40.0	18.566170045693056	-1.0465936935619187	-1704.9412699560132
347.0	40.0	18.57015102539785	-1.0434506952361007	-1704.3579759278523
348.0	40.0	18.574114451629047	-1.0410885639648695	-1703.7756358895726
349.0	40.0	18.578063858767436	-1.0384289263574482	-1703.1937264204053
350.0	40.0	18.58199402898016	-1.0365365969199234	-1702.6122185446088
351.0	40.0	18.58592106333025	-1.0336576559630701	-1702.0313543357588
352.0	40.0	18.589817837713746	-1.0310751522907216	-1701.4509313156523
353.0	40.0	18.593699049828015	-1.029135272572553	-1700.871029361856
354.0	40.0	18.597563169552352	-1.0262389837064216	-1700.2917008088382
355.0	40.0	18.601410691773992	-1.0239925795054143	-1699.7128966095363
356.0	40.0	18.605248394227182	-1.0220922396732426	-1699.1346577622771
357.0	40.0	18.60907182875951	-1.0191727238627533	-1698.5567684327882
358.0	40.0	18.612873763208295	-1.0170097311286617	-1697.979348460667
359.0	40.0	18.61665765783292	-1.0150313787586895	-1697.4025144811915
360.0	40.0	18.620424712302775	-1.0122587353739985	-1696.8262008282188
361.0	40.0	18.624183485408267	-1.0098965696171243	-1696.2505791138983
362.0	40.0	18.627920118036315	-1.00812474052846	-1695.6751641403218
363.0	40.0	18.63164892643437	-1.0053120835015597	-1695.1001860409328
364.0	40.0	18.635354157030502	-1.0030682352346143	-1694.5259120516873
365.0	40.0	18.63905303317398	-1.0013120386700345	-1693.9519065554425
366.0	40.0	18.642727077400192	-0.9985830054569271	-1693.3784287604117
367.0	40.0	18.64638754126647	-0.9967878992285214	-1692.8055076218388
368.0	40.0	18.650040300269616	-0.9940338023336598	-1692.232882451472
369.0	40.0	18.653669378931976	-0.9918120585561135	-1691.6609853995656
370.0	40.0	18.657290157911728	-0.990127556231849	-1691.0892911244005
371.0	40.0	18.660891423365605	-0.9872270735906656	-1690.5181396266898
372.0	40.0	18.6644768048663	-0.9851546231799526	-1689.9475044377134
373.0	40.0	18.66805577744636	-0.9834559245042317	-1689.3772831957235
374.0	40.0	18.671617322278756	-0.980775587627419	-1688.8074544631597
375.0	40.0	18.675158617618724	-0.9791987754843037	-1688.2380483436002
376.0	40.0	18.67868566101249	-0.9764846128961385	-1687.669152737249
377.0	40.0	18.68220054986998	-0.9742978175478021	-1687.1006445934224
378.0	40.0	18.685713051008904	-0.9726125085050911	-1686.5326963412606
379.0	40.0	18.689197341199975	-0.9700417412808156	-1685.964900388213
380.0	40.0	18.692668101342377	-0.9684281084870302	-1685.3975740548958
381.0	40.0	18.696124560088823	-0.9659092957195379	-1684.8309459782583
382.0	40.0	18.699573331148386	-0.9642864154412796	-1684.264484792045
383.0	40.0	18.703011888455347	-0.9620098182244667	-1683.6986730521992
384.0	40.0	18.70642688686037	-0.9602616251842618	-1683.1329205785773
385.0	40.0	18.70982779038114	-0.9592103722968333	-1682.5678336446667
386.0	40.0	18.713221745256906	-0.9568355080908071	-1682.0029305313813
387.0	40.0	18.716604222549517	-0.9557153883961065	-1681.438691455363
388.0	40.0	18.71996824586453	-0.9537599408697462	-1680.8746655350337
389.0	40.0	18.723321918705892	-0.951944916683163	-1680.3109507971033
390.0	40.0	18.72665789224371	-0.9509424314730968	-1679.7480616860325
391.0	40.0	18.729988716533303	-0.9487194904865865	-1679.1854103452877
392.0	40.0	18.73329894897719	-0.9475792603112491	-1678.6227335700246
393.0	40.0	18.73659765441071	-0.945522748813982	-1678.0608104583869
394.0	40.0	18.739887393726544	-0.9438239761556487	-1677.4992934223171
395.0	40.0	18.743167057478168	-0.9428050236768801	-1676.9379195761949
396.0	40.0	18.74642726571099	-0.9406866172004968	-1676.3770803663433
397.0	40.0	18.749676479086354	-0.939562649268704	-1675.8168164089557
398.0	40.0	18.752911957354517	-0.9374285915270156	-1675.2566640350797
399.0	40.0	18.75615062069759	-0.9356755259370034	-1674.6969659398762
400.0	40.0	18.759362927694983	-0.9347702763535853	-1674.1374026182966
401.0	40.0	18.76256394257767	-0.9325086144608234	-1673.5786737415858
402.0	40.0	18.765755341728457	-0.9314943614022583	-1673.019864504932
403.0	40.0	18.76893485392165	-0.9294172586106841	-1672.4614287648799
404.0	40.0	18.772111212896164	-0.928323209564586	-1671.903489531918
405.0	40.0	18.775274897280067	-0.9261989907746254	-1671.345980357004
406.0	40.0	18.778424084292432	-0.9247975438381517	-1670.7887388191104
407.0	40.0	18.78156066249846	-0.9237432171871794	-1670.2318627558218
408.0	40.0	18.784696078325677	-0.9217616897691708	-1669.6754014251053
409.0	40.0	18.78781164205787	-0.9206498482797772	-1669.118985185984
410.0	40.0	18.79091850596135	-0.9188833503076606	-1668.5632281819867
411.0	40.0	18.79402319730626	-0.9177448737911897	-1668.007569994195
412.0	40.0	18.797109704465303	-0.9158270196005137	-1667.4526111497662
413.0	40.0	18.800185968266263	-0.9144212432197786	-1666.89746778768
414.0	40.0	18.8032600429685	-0.9136622740490327	-1666.3433177008055
415.0	40.0	18.80631755527236	-0.9116617692738911	-1665.7891435287795
416.0	40.0	18.809363984051974	-0.9108339154273276	-1665.2351874234118
417.0	40.0	18.81240596983795	-0.9088494543608727	-1664.681525707925
418.0	40.0	18.815432516858458	-0.9081879798370776	-1664.1285317582438
419.0	40.0	18.818460808800015	-0.9062414335537616	-1663.575390654009
420.0	40.0	18.82146864769501	-0.904858657318103	-1663.0228179935439
421.0	40.0	18.824467047508005	-0.9040840072026836	-1662.4705735224143
422.0	40.0	18.827457931879866	-0.9022519036951335	-1661.918885725177
423.0	40.0	18.830445150477825	-0.9014297229160144	-1661.367130994838
424.0	40.0	18.833416598802604	-0.8995468643630055	-1660.8157116128968
425.0	40.0	18.836385545258434	-0.898854240348184	-1660.2646030308222
426.0	40.0	18.839336938700917	-0.8968472121552343	-1659.7140582133775
427.0	40.0	18.842282238288774	-0.8961986485428515	-1659.1633846459458
428.0	40.0	18.84522144025243	-0.8943501449245902	-1658.613587248944
429.0	40.0	18.84814607213064	-0.8935286494927381	-1658.0634890640965
430.0	40.0	18.851061466494556	-0.8919362029603118	-1657.5140375752874
431.0	40.0	18.8539789281643	-0.890639224503232	-1656.9650527447461
432.0	40.0	18.856875944570724	-0.8901802282688102	-1656.4159953976948
433.0	40.0	18.85976536508297	-0.8884580149789033	-1655.867325522182
434.0	40.0	18.862651170102456	-0.8878064608042031	-1655.319128238792
435.0	40.0	18.86552266165243	-0.8860841984408245	-1654.7707370001763
436.0	40.0	18.86838690633264	-0.8856910094537033	-1654.2230895336222
437.0	40.0	18.871249413760598	-0.8838904118330602	-1653.6756450858686
438.0	40.0	18.874095182914022	-0.883436960818525	-1653.1283892425322
439.0	40.0	18.87693803962472	-0.881722464633787	-1652.5814968472491
440.0	40.0	18.87976744819578	-0.8805362588044626	-1652.0347819285992
441.0	40.0	18.88258905361985	-0.8802088578123787	-1651.4884825404688
442.0	40.0	18.885408894972787	-0.8783531043003959	-1650.9422099598928
443.0	40.0	18.88821138142965	-0.8779367048959574	-1650.3961620291523
444.0	40.0	18.89100570313334	-0.8764032410495343	-1649.8508239177459
445.0	40.0	18.89379844372271	-0.8759672132052589	-1649.305668404023
446.0	40.0	18.896577801674635	-0.8743637809764294	-1648.7604283108603
447.0	40.0	18.899347089829984	-0.8740569321441611	-1648.2157566309922
448.0	40.0	18.902115186391047	-0.8725145524184639	-1647.6711945507755
449.0	40.0	18.904867497484958	-0.8720436672911019	-1647.1268625907126
450.0	40.0	18.907617069130055	-0.8706717238598718	-1646.5827203991569
451.0	40.0	18.910354648510427	-0.8702572617062059	-1646.0390834673794
452.0	40.0	18.913081605456465	-0.8687163350362017	-1645.495801191043
453.0	40.0	18.91580739602407	-0.8683227936423016	-1644.9525296387708
454.0	40.0	18.918517966925915	-0.8668555557653083	-1644.40941815136
455.0	40.0	18.921225249318006	-0.8665301242006884	-1643.8668301603798
456.0	40.0	18.923921633423564	-0.8651220013800498	-1643.32424653267
457.0	40.0	18.926607449621446	-0.8647174717446975	-1642.781979124814
458.0	40.0	18.929294240596	-0.8634077678349318	-1642.2400386575887
459.0	40.0	18.93196292059178	-0.8631335712789684	-1641.6983128363245
460.0	40.0	18.934630880250214	-0.861783436230654	-1641.1568240803274
461.0	40.0	18.937286839951064	-0.8614772790838027	-1640.615736444071
462.0	40.0	18.93993335744086	-0.8600826913029016	-1640.0742739795103
463.0	40.0	18.942579056381824	-0.8597634664416229	-1639.5337850984788
464.0	40.0	18.945209469146537	-0.8585304310351454	-1638.992926617689
465.0	40.0	18.94783772765713	-0.8581267636817808	-1638.452713198256
466.0	40.0	18.950454652446197	-0.8569870275337456	-1637.912621081924
467.0	40.0	18.953061557495733	-0.8565289544985053	-1637.3728745831972
468.0	40.0	18.95566823074186	-0.8552563945246361	-1636.8332558631703
469.0	40.0	18.958259849619015	-0.8550625168612805	-1636.2938572255023
470.0	40.0	18.960849194245036	-0.8536341297072348	-1635.7545205652355
471.0	40.0	18.963426919968775	-0.8533715978025534	-1635.2155829878782
472.0	40.0	18.965995161059105	-0.8520651459190389	-1634.6767675240433
473.0	40.0	18.968563684643236	-0.8517528555224556	-1634.1384333505416
474.0	40.0	18.971122895567277	-0.8504555302127255	-1633.5999751477252
475.0	40.0	18.97366758454891	-0.8502321650033018	-1633.0620691299216
476.0	40.0	18.976207624892094	-0.8490095910463226	-1632.5240524587168
477.0	40.0	18.97873768399495	-0.8486224187973583	-1631.9865627641054
478.0	40.0	18.981268497329385	-0.8473206099970783	-1631.4489070858124
479.0	40.0	18.98379015026226	-0.8470455111398174	-1630.911806472583
480.0	40.0	18.98629814160107	-0.8457891654949636	-1630.3746737487907
481.0	40.0	18.98880015639105	-0.8455892605333056	-1629.837971621388
482.0	40.0	18.991294066385894	-0.8442285519159337	-1629.3014549064883
483.0	40.0	18.993787778250177	-0.8439827214149049	-1628.7650715617601
484.0	40.0	18.99627206399895	-0.8427415501332921	-1628.2290677967264
485.0	40.0	18.99874537071315	-0.8424743611393158	-1627.6927459436788
486.0	40.0	19.001209056480935	-0.8410294273819533	-1627.157045179039
487.0	40.0	19.00366543820266	-0.8410898294802399	-1626.6215451339613
488.0	40.0	19.0061290996985	-0.8395896891256934	-1626.0861571910623
489.0	40.0	19.00857091528084	-0.8394432553935238	-1625.5507511336716
490.0	40.0	19.01100874722311	-0.8382235555268541	-1625.015579307238
491.0	40.0	19.013436560136718	-0.838067214555103	-1624.480960368779
492.0	40.0	19.015871598886186	-0.8368430677226399	-1623.9463894994472
493.0	40.0	19.01828613884288	-0.8365362311187113	-1623.4118645609242
494.0	40.0	19.020695329551852	-0.8354928976975774	-1622.8776645199137
495.0	40.0	19.023095959273867	-0.835209477460664	-1622.3438600306476
496.0	40.0	19.02548953958712	-0.8340297910861045	-1621.8098767387016
497.0	40.0	19.02789012754559	-0.8339181909439113	-1621.2763683301055
498.0	40.0	19.03026988789346	-0.8325762852653109	-1620.7429279006294
499.0	40.0	19.032645605543678	-0.8326207177094244	-1620.2094745258141
500.0	40.0	19.03501181034742	-0.8313116692456264	-1619.6766091411703
501.0	40.0	19.03738468489897	-0.8311385792798437	-1619.143580074051
502.0	40.0	19.03973833121551	-0.83004390395585	-1618.6107983743132
503.0	40.0	19.04208725927902	-0.8298500956587277	-1618.078415116653
504.0	40.0	19.044426531923527	-0.8287059743159221	-1617.5459603553052
505.0	40.0	19.046773986569626	-0.8285306372600552	-1617.0139096154949
506.0	40.0	19.04910019695895	-0.8273311443637835	-1616.4818743517105
507.0	40.0	19.05142198809974	-0.8271615889877881	-1615.9498203150492
508.0	40.0	19.0537355738101	-0.8262725770831277	-1615.418388465109
509.0	40.0	19.056048853098602	-0.8261234241304969	-1614.8867493013338
510.0	40.0	19.058356823560473	-0.8251219661067112	-1614.3554082955156
511.0	40.0	19.060651449033173	-0.8252188765168859	-1613.8241386568077
512.0	40.0	19.06294170164259	-0.8243286694417788	-1613.2931154819776
513.0	40.0	19.065224553544365	-0.8241927560342406	-1612.7623643469735
514.0	40.0	19.06751328770827	-0.8233606381169379	-1612.231901106203
515.0	40.0	19.06978229028566	-0.8233597463097269	-1611.7014960638953
516.0	40.0	19.07204737962294	-0.822285057110005	-1611.1710263845684
517.0	40.0	19.07430395370856	-0.8223047656217978	-1610.6407463895405
518.0	40.0	19.076568586222226	-0.8213766009328302	-1610.1109871261933
519.0	40.0	19.078812629674406	-0.8215935854173657	-1609.5808455314334
520.0	40.0	19.08105322779507	-0.8213260847152102	-1609.0515952083435
521.0	40.0	19.08328455846333	-0.8218767195997315	-1608.5220623720659
522.0	40.0	19.085524700598903	-0.8227043880622282	-1607.992712289055
523.0	40.0	19.08774586660152	-0.8226314052288448	-1607.4633438246894
524.0	40.0	19.0899614163059	-0.8228436360241977	-1606.934451895509
525.0	40.0	19.092169484913484	-0.8229961055294627	-1606.4056642858159
526.0	40.0	19.094385176188524	-0.8231793856253473	-1605.876897460921
527.0	40.0	19.09658195921598	-0.8235209016388241	-1605.3486188648162
528.0	40.0	19.09877420201298	-0.8241746475621375	-1604.8196807044815
529.0	40.0	19.100959158331182	-0.8237001644341273	-1604.2917019170532
530.0	40.0	19.103150934010355	-0.8238974415727323	-1603.76354488875
531.0	40.0	19.105324008914074	-0.8239132759174336	-1603.2361227937517
532.0	40.0	19.10749372545577	-0.8240636530728217	-1602.7078540570762
533.0	40.0	19.109654817214583	-0.8242046735056451	-1602.1806197008277
534.0	40.0	19.111824494530108	-0.824258692287798	-1601.6527578277469
535.0	40.0	19.113975230318836	-0.8243882363631524	-1601.1255107110155
536.0	40.0	19.116121498904917	-0.8242851816346294	-1600.5987633860254
537.0	40.0	19.118260264568168	-0.8243854267413909	-1600.0716644833285
538.0	40.0	19.12040738740983	-0.824454194455928	-1599.5443980915702
539.0	40.0	19.1225351073884	-0.8244973446758365	-1599.0179556331098
540.0	40.0	19.12465901655404	-0.8250604950868332	-1598.491096449653
541.0	40.0	19.126781856470483	-0.8245232649581952	-1597.9644783174979
542.0	40.0	19.12890094765201	-0.8245487034678529	-1597.4384094542188
543.0	40.0	19.131007180511844	-0.8245239891223741	-1596.912309187003
544.0	40.0	19.13310958859129	-0.8246644976180838	-1596.3861276829036
545.0	40.0	19.135209921703996	-0.8246974902159719	-1595.8602373684455
546.0	40.0	19.13730768641352	-0.8249075251439719	-1595.3344416253108
547.0	40.0	19.13939163976182	-0.825658838473063	-1594.8088508140079
548.0	40.0	19.141473417984432	-0.8260554463392475	-1594.283521870841
549.0	40.0	19.14355168954921	-0.8276570539929373	-1593.7579174404655
550.0	40.0	19.14562875109657	-0.8284775404044142	-1593.23299139223
551.0	40.0	19.14769389982574	-0.8287508162785744	-1592.7078803053091
552.0	40.0	19.149751298564137	-0.8302162252644496	-1592.1828915045787
553.0	40.0	19.151810847638618	-0.8309448789134363	-1591.657568913768
554.0	40.0	19.153865832319212	-0.8311591648245703	-1591.1331140269886
555.0	40.0	19.155911016983705	-0.8323891123277593	-1590.608506060665
556.0	40.0	19.157948399127452	-0.8330417172305011	-1590.084247905409
557.0	40.0	19.15998613406113	-0.8331647824931754	-1589.5598095664325
558.0	40.0	19.162020896449224	-0.8343800417869484	-1589.03536432964
559.0	40.0	19.164044958871056	-0.8346149138575968	-1588.5116607391406
560.0	40.0	19.16606834167765	-0.8356898989488787	-1587.9875486955873
561.0	40.0	19.168088500515516	-0.8360669404975755	-1587.4636755991496
562.0	40.0	19.170097499512597	-0.8370875379560678	-1586.9400367678588
563.0	40.0	19.17209955114065	-0.8374272087056094	-1586.4164639479484
564.0	40.0	19.174103175670968	-0.8387660222024008	-1585.8930235194143
565.0	40.0	19.176103618580612	-0.8388117208974178	-1585.3697247261173
566.0	40.0	19.178093072589753	-0.8401723248239988	-1584.8463305219138
567.0	40.0	19.180074713248537	-0.8404093773192309	-1584.3236452308345
568.0	40.0	19.182059826669477	-0.8415086441658975	-1583.800656231117
569.0	40.0	19.18404047831037	-0.8418150080601078	-1583.277611939269
570.0	40.0	19.186011067636993	-0.842887721089038	-1582.7549170256052
571.0	40.0	19.187979725798108	-0.8431636937704168	-1582.2321566280657
572.0	40.0	19.189946316905676	-0.8443185321151857	-1581.709911222101
573.0	40.0	19.191902629036694	-0.8444853310282846	-1581.187224727067
574.0	40.0	19.19385196235938	-0.8456961250324819	-1580.6652350324978
575.0	40.0	19.19580183354133	-0.8457461278382816	-1580.1428802053867
576.0	40.0	19.197749238930477	-0.8463867906898384	-1579.6210281236592
577.0	40.0	19.199687289281535	-0.847453549418711	-1579.098810300295
578.0	40.0	19.20161813653547	-0.8476943249949529	-1578.577149341895
579.0	40.0	19.203550867747936	-0.8489031068001964	-1578.055613228047
580.0	40.0	19.205482145119017	-0.8491564190433557	-1577.5336574768412
581.0	40.0	19.20739961598748	-0.8496723264649761	-1577.0124611606507
582.0	40.0	19.20931793633515	-0.8508075547433833	-1576.4907021762965
583.0	40.0	19.211234296750078	-0.8508977752830328	-1575.9695277694507
584.0	40.0	19.21314027969647	-0.8517706857905649	-1575.4483956096055
585.0	40.0	19.215039779086737	-0.852626254187062	-1574.9273658884943
586.0	40.0	19.21694059945275	-0.8528676922417535	-1574.406577015758
587.0	40.0	19.218842115899523	-0.8534738098147964	-1573.8857788156795
588.0	40.0	19.220728530882855	-0.8545801910320742	-1573.3649659870414
589.0	40.0	19.222616854427518	-0.8546876565854165	-1572.8443226276395
590.0	40.0	19.224501490136337	-0.8553202761707756	-1572.3238602518757
591.0	40.0	19.226378060758158	-0.8565058091303563	-1571.8034583005672
592.0	40.0	19.228247134138083	-0.8566564322699657	-1571.2832724641687
593.0	40.0	19.23011748453037	-0.8573217708819469	-1570.7628364880343
594.0	40.0	19.231988155127173	-0.8585588480655191	-1570.2425754465871
595.0	40.0	19.23384568380955	-0.8585881583413969	-1569.7226018404106
596.0	40.0	19.235703834582505	-0.8592858015979905	-1569.2030237821627
597.0	40.0	19.237563152593957	-0.8603035510645949	-1568.6830387116586
598.0	40.0	19.23940651380789	-0.8606820276607835	-1568.1633460846995
599.0	40.0	19.2412461177079	-0.8611699660212554	-1567.6435900153135
600.0	40.0	19.243087337451207	-0.8620403605359029	-1567.1241821263568
601.0	40.0	19.244930021396378	-0.8631847678132614	-1566.6044994100653
602.0	40.0	19.246758124942758	-0.8634435619137216	-1566.085475535212
603.0	40.0	19.2485869555423	-0.8641796368853212	-1565.566407384165
604.0	40.0	19.25041645352064	-0.865349989669021	-1565.0472868831496
605.0	40.0	19.252231634120808	-0.8655668490942129	-1564.5280076597462
606.0	40.0	19.25404278847799	-0.8661075757663201	-1564.0092516374884
607.0	40.0	19.255858078005115	-0.8669116632139544	-1563.4905869055488
608.0	40.0	19.257669278784924	-0.8675512339213513	-1562.971767933641
609.0	40.0	19.259467994706025	-0.868711734305546	-1562.4532155565983
610.0	40.0	19.261270639177045	-0.8688317126293633	-1561.9348836836455
611.0	40.0	19.263071544336633	-0.8696217774369478	-1561.416429926567
612.0	40.0	19.26486027714167	-0.8701878570077666	-1560.8979531142656
613.0	40.0	19.266644787757897	-0.8707527111857594	-1560.379660631627
614.0	40.0	19.26844171700204	-0.871961849434984	-1559.8616867433477
615.0	40.0	19.27021914644393	-0.8721724130021514	-1559.3434789102016
616.0	40.0	19.271992274125857	-0.8726547195613101	-1558.825805250075
617.0	40.0	19.273771357927554	-0.8734171062471965	-1558.3079260938002
618.0	40.0	19.27554683385379	-0.8740394981875247	-1557.790024677899
619.0	40.0	19.27731114868837	-0.8750914091666449	-1557.2722933945217
620.0	40.0	19.279074395748438	-0.8753544609644011	-1556.7547821199507
621.0	40.0	19.280846446190804	-0.8758883506942728	-1556.2375630211552
622.0	40.0	19.28260127705043	-0.8766487578710841	-1555.719865602714
623.0	40.0	19.284353644277626	-0.8772325768493936	-1555.2026148780933
624.0	40.0	19.28611824584758	-0.8777540585661032	-1554.685371629033
625.0	40.0	19.287864507347106	-0.8790277380950009	-1554.168435471528
626.0	40.0	19.2896072990088	-0.8790717513270699	-1553.6514230926869
627.0	40.0	19.291349530050294	-0.8799847016578023	-1553.134612466618
628.0	40.0	19.29310000197487	-0.8805267097392844	-1552.6178175574778
629.0	40.0	19.294834668751058	-0.8814068135649249	-1552.100511377568
630.0	40.0	19.296568328349036	-0.8820109877937616	-1551.5839224559206
631.0	40.0	19.29831300020932	-0.8829040263071409	-1551.067477685772
632.0	40.0	19.300040779066265	-0.8836177357747332	-1550.5510034759016
633.0	40.0	19.30176551973296	-0.884403412194293	-1550.034438952847
634.0	40.0	19.303504681133123	-0.8850701125366076	-1549.5181565118153
635.0	40.0	19.305224632121188	-0.8862597851322078	-1549.0017987982646
636.0	40.0	19.306942997984738	-0.886473311684946	-1548.4858241973952
637.0	40.0	19.30866106480851	-0.8872906308691177	-1547.9695199290086
638.0	40.0	19.310389050625385	-0.8881931904654077	-1547.453392762966
639.0	40.0	19.31210127006296	-0.8885725069144226	-1546.9377440344142
640.0	40.0	19.313812634416735	-0.8894636787049406	-1546.4219665560242
641.0	40.0	19.315534978624473	-0.8901689629655734	-1545.9059399700589
642.0	40.0	19.317240928444264	-0.8909582073818092	-1545.390328528773
643.0	40.0	19.31894447737479	-0.8916516221105182	-1544.8746021951354
644.0	40.0	19.320661801345405	-0.8921868823967363	-1544.3597611329776
645.0	40.0	19.322360386545085	-0.8929830372082923	-1543.8436968765961
646.0	40.0	19.324058146967705	-0.8937182874207898	-1543.3290966697662
647.0	40.0	19.32576339062094	-0.8944989484380618	-1542.8135339034745
648.0	40.0	19.32746278464873	-0.8949490752950313	-1542.2981763740825
649.0	40.0	19.329154876895366	-0.8958016816828508	-1541.7830971084863
650.0	40.0	19.330848207818466	-0.8965375385044616	-1541.2679148926334
651.0	40.0	19.33255086817774	-0.8970032247900774	-1540.7530851091542
652.0	40.0	19.33423982640346	-0.8978252026336432	-1540.2379767737234
653.0	40.0	19.335924903891488	-0.8986300871206364	-1539.7235242207303
654.0	40.0	19.337626705579765	-0.8990268226161743	-1539.2090433078426
655.0	40.0	19.339310444676656	-0.8999083411536642	-1538.6942226785577
656.0	40.0	19.340993067589203	-0.900561764753958	-1538.1797204673976
657.0	40.0	19.342689394738173	-0.901277013188304	-1537.665505231341
658.0	40.0	19.344368872125116	-0.9018117031424843	-1537.1506636150104
659.0	40.0	19.346047176903557	-0.902442646847413	-1536.6368626977805
660.0	40.0	19.347732945432778	-0.9033274790524949	-1536.122020858424
661.0	40.0	19.34941702498738	-0.9035353358536992	-1535.6082186897497
662.0	40.0	19.351092606824345	-0.9046130287674212	-1535.0945446386697
663.0	40.0	19.35276802943638	-0.9053620595516172	-1534.5805673356979
664.0	40.0	19.35445737762144	-0.9060978059682766	-1534.0664012170441
665.0	40.0	19.356130078987	-0.9068045300269731	-1533.5522319977806
666.0	40.0	19.35780223932368	-0.907427207770332	-1533.0388680921067
667.0	40.0	19.35948814926683	-0.9083816682313811	-1532.5255295968661
668.0	40.0	19.361161840368467	-0.9087987978179941	-1532.011700528379
669.0	40.0	19.362833342757522	-0.9096813999075138	-1531.4982597921958
670.0	40.0	19.364517479629097	-0.9104020919792363	-1530.9851503978225
671.0	40.0	19.36618726635952	-0.9109128974394748	-1530.471464037882
672.0	40.0	19.36785890768422	-0.9119763444626617	-1529.9585408365674
673.0	40.0	19.369527749522643	-0.9122371011199852	-1529.4452531471018
674.0	40.0	19.371208770350012	-0.9137395470234224	-1528.9325996946397
675.0	40.0	19.372877075241192	-0.9146827216568686	-1528.4195989641794
676.0	40.0	19.37454250330033	-0.9152976786872409	-1527.9062968841029
677.0	40.0	19.37622145131455	-0.9162578945756187	-1527.393649882237
678.0	40.0	19.37788482174239	-0.9171722366840459	-1526.8812724162826
679.0	40.0	19.379550569378516	-0.9178325148390297	-1526.3685009830233
680.0	40.0	19.381226648313437	-0.9186884481657591	-1525.8558073968911
681.0	40.0	19.382889458035596	-0.9196842218100719	-1525.3435062088656
682.0	40.0	19.384551774400922	-0.9204526451335001	-1524.8310877419622
683.0	40.0	19.386219769373877	-0.921083009650957	-1524.3185638976934
684.0	40.0	19.38788866432869	-0.9223880217181856	-1523.8065226950407
685.0	40.0	19.389547215823537	-0.9233723266632498	-1523.2944739178727
686.0	40.0	19.391214302584896	-0.9242906835787493	-1522.7823932054143
687.0	40.0	19.392880662663636	-0.9252088331724826	-1522.2703027753203
688.0	40.0	19.394537746259818	-0.9260149110782733	-1521.7584337997268
689.0	40.0	19.39619233871742	-0.9266088472020904	-1521.2465751717823
690.0	40.0	19.397855178658908	-0.927897063907851	-1520.735052857287
691.0	40.0	19.39951731993247	-0.9288312462477395	-1520.2233861643579
692.0	40.0	19.401170190370543	-0.9296713652026127	-1519.7116409633445
693.0	40.0	19.402827170059766	-0.9307683834090484	-1519.2005028769954
694.0	40.0	19.4044801334555	-0.9315817113370871	-1518.6886539278144
695.0	40.0	19.406137758230244	-0.932374492170665	-1518.177507227819
696.0	40.0	19.4077925236368	-0.9336773646723754	-1517.6663060645085
697.0	40.0	19.409442760962683	-0.9348645209260275	-1517.1553049881175
698.0	40.0	19.411098583034924	-0.9356333530393737	-1516.6439582852852
699.0	40.0	19.412745329959698	-0.9368898061259862	-1516.1329230450312
700.0	40.0	19.414396119723502	-0.9371587865729772	-1515.6219984281406
701.0	40.0	19.41604222543005	-0.9386871083938118	-1515.1113386331854
702.0	40.0	19.41769336262781	-0.9396973577234536	-1514.6008119526234
703.0	40.0	19.419342174782848	-0.9408820481632181	-1514.0902285620623
704.0	40.0	19.420982716554867	-0.9420057338514715	-1513.579519584735
705.0	40.0	19.42262503022331	-0.9426893743756315	-1513.0686811158266
706.0	40.0	19.42427749267462	-0.9441447322826773	-1512.5585897691922
707.0	40.0	19.425915659405394	-0.9454470647435395	-1512.0483010153541
708.0	40.0	19.427553295026993	-0.9466514160801807	-1511.5380770756651
709.0	40.0	19.42919961865579	-0.9471298653837412	-1511.0280194493935
710.0	40.0	19.43084028219152	-0.9488260519420675	-1510.5176353520133
711.0	40.0	19.432473946652454	-0.9500005063836947	-1510.007886560287
712.0	40.0	19.434109444308955	-0.9507311173762686	-1509.4979293845643
713.0	40.0	19.435755225557493	-0.9525522362803446	-1508.988201567521
714.0	40.0	19.43738610498616	-0.9537782082052931	-1508.4784671039308
715.0	40.0	19.43901563482808	-0.9550937066168458	-1507.9689175837848
716.0	40.0	19.44064632220558	-0.9558194023341177	-1507.4592449226573
717.0	40.0	19.44228650588973	-0.9576535664877701	-1506.9500143327032
718.0	40.0	19.443912237281133	-0.9587668994139292	-1506.440641662245
719.0	40.0	19.445535950174733	-0.9595143187459232	-1505.9313245484632
720.0	40.0	19.447169679353056	-0.9612635461188843	-1505.422155442404
721.0	40.0	19.448797406116142	-0.9624751122419603	-1504.913039547706
722.0	40.0	19.4504177776066	-0.9632873589682823	-1504.4040530793486
723.0	40.0	19.452037457456385	-0.9649715470587453	-1503.8948887394406
724.0	40.0	19.453671323124045	-0.9660362846031397	-1503.3865646991187
725.0	40.0	19.455287577801606	-0.9670519666739464	-1502.8776731875184
726.0	40.0	19.456903582697514	-0.9684874345137102	-1502.3689492360502
727.0	40.0	19.458519870562952	-0.9698979023320391	-1501.8603700000733
728.0	40.0	19.460145542450192	-0.9705352558888894	-1501.3520345257893
729.0	40.0	19.461757752591332	-0.9722361828613505	-1500.8434915597209
730.0	40.0	19.46336782973747	-0.9729990317563969	-1500.3355147909347
731.0	40.0	19.464978534112134	-0.9748232365841517	-1499.827263228449
732.0	40.0	19.46660027710976	-0.9759827145334219	-1499.319435886032
733.0	40.0	19.468206031774088	-0.9768707618805686	-1498.8113754547994
734.0	40.0	19.46981104766704	-0.9784687390194521	-1498.303423308124
735.0	40.0	19.471422158979223	-0.9793767128876565	-1497.795577505656
736.0	40.0	19.473031883817196	-0.9810106665263332	-1497.2878706111312
737.0	40.0	19.474633523164055	-0.9823564082825611	-1496.7803416580468
738.0	40.0	19.47623271938343	-0.9830267530370914	-1496.2726800584203
739.0	40.0	19.47784664456159	-0.9848720044749472	-1495.765092229269
740.0	40.0	19.47944337353846	-0.9855385906409077	-1495.2576688214679
741.0	40.0	19.481038185539507	-0.9872668759223702	-1494.750695820163
742.0	40.0	19.482634617639683	-0.9881623195367841	-1494.2438225232734
743.0	40.0	19.48424052801621	-0.9896695509507191	-1493.7367964920077
744.0	40.0	19.485832156669975	-0.9904832727017475	-1493.2298635242082
745.0	40.0	19.487421828336707	-0.992245647133695	-1492.7232161761658
746.0	40.0	19.489011961974292	-0.9931099056503689	-1492.2166177245622
747.0	40.0	19.490612246065727	-0.9947587562037029	-1491.7102529207314
748.0	40.0	19.49219768757009	-0.9953853637618525	-1491.2038026449366
749.0	40.0	19.49378141773649	-0.9972685749223594	-1490.6975234267168
750.0	40.0	19.495366254871996	-0.9983576971163365	-1490.1909089677013
751.0	40.0	19.496960574824474	-0.9991835276695629	-1489.6849883381292
752.0	40.0	19.498541110450798	-1.0005434705954792	-1489.1789313188192
753.0	40.0	19.500121014911244	-1.0021053096788064	-1488.6732946028856
754.0	40.0	19.50170292982713	-1.0029638647701273	-1488.1674317084348
755.0	40.0	19.50328661550252	-1.0047266336408525	-1487.6616992005202
756.0	40.0	19.504860723126622	-1.0053697668111794	-1487.1561213511072
757.0	40.0	19.506435128259014	-1.0071663911749245	-1486.6509581897578
758.0	40.0	19.508011307434305	-1.0078450895043354	-1486.1455276617273
759.0	40.0	19.509588702085566	-1.0098518672718761	-1485.6405837225182
760.0	40.0	19.511156190938216	-1.0104050630795927	-1485.1355669850293
761.0	40.0	19.512724862053144	-1.0122821699800668	-1484.6305738332721
762.0	40.0	19.51429647248155	-1.0130360423478342	-1484.1255160454946
763.0	40.0	19.515866934523473	-1.0148287425150746	-1483.6209826128138
764.0	40.0	19.51743179825271	-1.015632244284965	-1483.116513098209
765.0	40.0	19.518991638291688	-1.0167788646093527	-1482.612038159159
766.0	40.0	19.520565174457982	-1.0186104481694271	-1482.1080717748157
767.0	40.0	19.52212273118527	-1.0194998134127786	-1481.6035535670783
768.0	40.0	19.52368102823605	-1.0210660611877318	-1481.0995985110226
769.0	40.0	19.525235286163493	-1.022051100997865	-1480.5958488529745
770.0	40.0	19.526802180467406	-1.0232052188453413	-1480.0921583490037
771.0	40.0	19.528352919442863	-1.0248918431222342	-1479.5882790451576
772.0	40.0	19.529905450876758	-1.025805251064667	-1479.0851386577333
773.0	40.0	19.53145376941603	-1.027579383276495	-1478.5818489451187
774.0	40.0	19.53301436644897	-1.02827821103306	-1478.0788407584582
775.0	40.0	19.534562025547473	-1.0296727610565857	-1477.5753142552448
776.0	40.0	19.53610613413788	-1.031290409105012	-1477.0723578636328
777.0	40.0	19.537647909367188	-1.0321220805117495	-1476.569923768095
778.0	40.0	19.53920234379329	-1.0334717155093536	-1476.067382839565
779.0	40.0	19.54074425189818	-1.0353475504977636	-1475.5647378764866
780.0	40.0	19.54228182753784	-1.0360470204600933	-1475.0623474523063
781.0	40.0	19.54381810593785	-1.037589765280264	-1474.5604729855095
782.0	40.0	19.545368580840922	-1.039347907861501	-1474.0585877291164
783.0	40.0	19.54690210491498	-1.0401727581956848	-1473.556401693562
784.0	40.0	19.548432950524596	-1.0416049284167561	-1473.054691809976
785.0	40.0	19.549963877947942	-1.0435042323635475	-1472.5534125119946
786.0	40.0	19.55150722872464	-1.0442817692437174	-1472.0520686814698
787.0	40.0	19.553033801956186	-1.0457688596883643	-1471.5507050884173
788.0	40.0	19.554559920239054	-1.0469394639122285	-1471.0500005139336
789.0	40.0	19.55608487935126	-1.0488947124396277	-1470.5490360884767
790.0	40.0	19.55762186361511	-1.04981450857439	-1470.0480812024794
791.0	40.0	19.559142762236675	-1.0511794021390228	-1469.547904177264
792.0	40.0	19.56066086972698	-1.0530026090266504	-1469.0470292702025
793.0	40.0	19.562189482641866	-1.0540116862199105	-1468.5473197150006
794.0	40.0	19.563710130454336	-1.0553021947916021	-1468.0474106643528
795.0	40.0	19.565224221371768	-1.0567295949855209	-1467.5471709190979
796.0	40.0	19.566738926587604	-1.0586517888082942	-1467.0478626439526
797.0	40.0	19.56825850203268	-1.0599512432420382	-1466.5479151883267
798.0	40.0	19.569773776076	-1.0614457865925775	-1466.048779072221
799.0	40.0	19.57128104712901	-1.063015080862885	-1465.5497005725158
800.0	40.0	19.572789705882023	-1.0644795912328493	-1465.0505806050687
801.0	40.0	19.574302114467972	-1.0665627081417106	-1464.5518873722028
802.0	40.0	19.575811158157354	-1.0676964527343826	-1464.0532256267604
803.0	40.0	19.57731469093132	-1.0691191403396758	-1463.5548652203438
804.0	40.0	19.57881458349279	-1.0709014222210607	-1463.0565179884225
805.0	40.0	19.58032120102328	-1.0721330159364044	-1462.5585912760696
806.0	40.0	19.58182423240316	-1.0743021493910747	-1462.060912181514
807.0	40.0	19.583320689904987	-1.0753818523623104	-1461.562738254431
808.0	40.0	19.584814121111965	-1.077024170089784	-1461.065829921092
809.0	40.0	19.586313894262904	-1.0784403361448005	-1460.568172676032
810.0	40.0	19.587811078732134	-1.080063310691732	-1460.0710828595454
811.0	40.0	19.589299925532345	-1.0816444991969514	-1459.574372082659
812.0	40.0	19.59079477862201	-1.0836110999373518	-1459.0773693525482
813.0	40.0	19.592283173587383	-1.0847395125124404	-1458.5807898747346
814.0	40.0	19.593771565186685	-1.0862169371781771	-1458.0845454517107
815.0	40.0	19.595253609415746	-1.087833257320077	-1457.5886680504077
816.0	40.0	19.596741305102427	-1.089473153507321	-1457.0925541244346
817.0	40.0	19.598222693697437	-1.0910000822346433	-1456.596638332371
818.0	40.0	19.599706095724883	-1.0925326671943996	-1456.1012751198086
819.0	40.0	19.601181249639495	-1.094128015324961	-1455.6056910066636
820.0	40.0	19.60266528597021	-1.0961817737815343	-1455.1105389838374
821.0	40.0	19.604136912745947	-1.0972034930692576	-1454.615294055152
822.0	40.0	19.605613777836467	-1.0988977571665204	-1454.1204985383622
823.0	40.0	19.607084798052696	-1.1004049887336145	-1453.6260335831578
824.0	40.0	19.60856032618766	-1.1020917836767732	-1453.1315365229768
825.0	40.0	19.610025384778446	-1.1035922984369235	-1452.6366355522503
826.0	40.0	19.611495931900095	-1.1052254846994902	-1452.1425514924874
827.0	40.0	19.612968218447094	-1.1069437172788616	-1451.648970181502
828.0	40.0	19.61442852986298	-1.108613736293566	-1451.1550227058135
829.0	40.0	19.615887850359027	-1.110607063046587	-1450.661397382986
830.0	40.0	19.617352422373095	-1.112292139064246	-1450.1682032833155
831.0	40.0	19.61881647776007	-1.1140409240323508	-1449.6751722755428
832.0	40.0	19.62027017063909	-1.1160237330285139	-1449.1819468199208
833.0	40.0	19.62172489291788	-1.1181419035858733	-1448.6891529642983
834.0	40.0	19.62318076180547	-1.1202789792633319	-1448.196754225126
835.0	40.0	19.62463785409642	-1.1222232489235209	-1447.7040779012063
836.0	40.0	19.62608805758922	-1.1244245029367286	-1447.2116796826604
837.0	40.0	19.62753286565164	-1.1264980222460474	-1446.7196629871191
838.0	40.0	19.628990801780777	-1.1285679966047446	-1446.2273634600656
839.0	40.0	19.63043328065405	-1.130860399873883	-1445.7358317214341
840.0	40.0	19.63187545913291	-1.132646521691571	-1445.243824302455
841.0	40.0	19.633314716172546	-1.1349665901642787	-1444.7526520489653
842.0	40.0	19.63476590239661	-1.137061366933805	-1444.2611074672868
843.0	40.0	19.63620377307051	-1.1391944820903472	-1443.7700805408085
844.0	40.0	19.637637965097536	-1.1413276392463134	-1443.2788948926038
845.0	40.0	19.63906962253602	-1.1434759351995643	-1442.7882041885964
846.0	40.0	19.64051621021059	-1.1455828744334087	-1442.2975685178922
847.0	40.0	19.641945098780262	-1.1476691406201651	-1441.8066564926223
848.0	40.0	19.64337197073702	-1.1498924540502398	-1441.3163060223255
849.0	40.0	19.644808183862292	-1.1515541952514392	-1440.8257934173648
850.0	40.0	19.646236995786225	-1.1540694211836602	-1440.335967118968
851.0	40.0	19.647659692717607	-1.1563005410250353	-1439.84582296315
852.0	40.0	19.649082078718177	-1.1584381248385744	-1439.3561538297458
853.0	40.0	19.65050866844081	-1.1606046512652266	-1438.8664618747864
854.0	40.0	19.651930925749358	-1.1628853977865812	-1438.3767144395624
855.0	40.0	19.653349743833193	-1.1649093066110243	-1437.8871982218889
856.0	40.0	19.654762390282936	-1.1670604258152784	-1437.3978009553778
857.0	40.0	19.656182690007842	-1.1688725326694676	-1436.908858886569
858.0	40.0	19.65759850343159	-1.1716818197230858	-1436.420089891464
859.0	40.0	19.659009411689993	-1.1739716699405254	-1435.9308503639902
860.0	40.0	19.660423792773305	-1.176198837059397	-1435.4422212956258
861.0	40.0	19.66182868165525	-1.1787882593808716	-1434.9535599499225
862.0	40.0	19.663240627301764	-1.1809250981249082	-1434.465105994317
863.0	40.0	19.664641948616914	-1.1828942649326923	-1433.9766478372915
864.0	40.0	19.66604980433146	-1.1857046286897779	-1433.4887697876277
865.0	40.0	19.667450060211625	-1.1879710501737355	-1433.0002701955777
866.0	40.0	19.66885273680116	-1.1903403008359141	-1432.5120255086556
867.0	40.0	19.670255406192833	-1.1928002866095178	-1432.0243323242485
868.0	40.0	19.671650531776212	-1.1945440652935888	-1431.5366213847985
869.0	40.0	19.673042073723398	-1.1974365958162305	-1431.0487304526391
870.0	40.0	19.674437791353682	-1.1997857698398524	-1430.561414689371
871.0	40.0	19.675836080714088	-1.202016317930938	-1430.0738965996404
872.0	40.0	19.677222305118917	-1.2041146179939162	-1429.5860763042128
873.0	40.0	19.678607128242408	-1.2068419879833436	-1429.098582765921
874.0	40.0	19.6800062846749	-1.2092233631528164	-1428.6115095170444
875.0	40.0	19.681386822887934	-1.211589030831956	-1428.124884801202
876.0	40.0	19.682766587886906	-1.2135671115937534	-1427.6376757839928
877.0	40.0	19.68414646570039	-1.2162169075150775	-1427.150966351973
878.0	40.0	19.685536933936508	-1.2186036321442812	-1426.6641933754588
879.0	40.0	19.686911148058144	-1.2207866174463995	-1426.1772195116262
880.0	40.0	19.688286060526014	-1.2234046281472517	-1425.6904143915704
881.0	40.0	19.689664839853993	-1.2257762224344622	-1425.2040282761066
882.0	40.0	19.691039747418166	-1.2278171356327812	-1424.7172673021346
883.0	40.0	19.69240952526875	-1.2306646814743611	-1424.2306211444352
884.0	40.0	19.693783226843074	-1.2328357493698232	-1423.7446820295756
885.0	40.0	19.69514701478069	-1.2350103508567642	-1423.258546789736
886.0	40.0	19.696517574710686	-1.2377593653916743	-1422.77267323641
887.0	40.0	19.69787840495201	-1.240214893566631	-1422.2862629017309
888.0	40.0	19.699245881368427	-1.242144520580122	-1421.8000882016793
889.0	40.0	19.70060559867202	-1.2451465290878294	-1421.3144256116136
890.0	40.0	19.70196611927992	-1.2469114564343466	-1420.8286384042433
891.0	40.0	19.70332830799783	-1.249859420052745	-1420.3429294699245
892.0	40.0	19.704682790711846	-1.252239049141148	-1419.8567301727278
893.0	40.0	19.706038939364575	-1.2542750870412882	-1419.3713355742136
894.0	40.0	19.707396127306566	-1.2571889077889504	-1418.8857770001919
895.0	40.0	19.708745182335242	-1.2590782881426317	-1418.3997668272007
896.0	40.0	19.71008997730196	-1.2621958176598318	-1417.914706646102
897.0	40.0	19.711439685628037	-1.2641804061818913	-1417.4292809926123
898.0	40.0	19.71279304165348	-1.2670941934104611	-1416.9436114057833
899.0	40.0	19.71413207622033	-1.2690905853519208	-1416.4584654502448
900.0	40.0	19.715473408210126	-1.2722274374769436	-1415.9728236773594
901.0	40.0	19.716824219327123	-1.274151721485089	-1415.4881546707234
902.0	40.0	19.718159154327594	-1.2771262375030097	-1415.002497594489
903.0	40.0	19.719495583307648	-1.2793145797629772	-1414.5181512210636
904.0	40.0	19.720834752766674	-1.282100179869973	-1414.0328614700725
905.0	40.0	19.7221713840158	-1.2843254952771757	-1413.548007025817
906.0	40.0	19.723501780207805	-1.2872002575945134	-1413.0627011482914
907.0	40.0	19.724828949746716	-1.2892791150985845	-1412.5779491208336
908.0	40.0	19.726167535219414	-1.2922746519758002	-1412.0934616635523
909.0	40.0	19.727493088155875	-1.2944273450704806	-1411.6083246397677
910.0	40.0	19.72881505430515	-1.2968504450256346	-1411.1234657041853
911.0	40.0	19.730143455605447	-1.2999897470180037	-1410.6391276288684
912.0	40.0	19.731470205942426	-1.30198482317394	-1410.1544011175629
913.0	40.0	19.732786980822755	-1.304937837753001	-1409.6693394044298
914.0	40.0	19.734110577670396	-1.3071638298660002	-1409.1849764795418
915.0	40.0	19.735425948885112	-1.309743374255284	-1408.699980195085
916.0	40.0	19.736743097133402	-1.3126775948196956	-1408.2157243587012
917.0	40.0	19.738061496894165	-1.3148744071819474	-1407.731183053875
918.0	40.0	19.73937159077162	-1.3173843609210991	-1407.2466693449835
919.0	40.0	19.740685454578873	-1.320363380226718	-1406.7621800374827
920.0	40.0	19.74200056518747	-1.322644294461141	-1406.2776663864533
921.0	40.0	19.743303985075503	-1.3251546027008525	-1405.793189288873
922.0	40.0	19.744606130637447	-1.3281576138057825	-1405.3085457909283
923.0	40.0	19.745914182209297	-1.3303186686690673	-1404.8240735363058
924.0	40.0	19.747221400904834	-1.3329776889761842	-1404.3402516636063
925.0	40.0	19.748518315640325	-1.3359383427904419	-1403.8557203987393
926.0	40.0	19.749815618463263	-1.338286524430051	-1403.3711101313968
927.0	40.0	19.751123697096656	-1.3407062600295663	-1402.8872818468203
928.0	40.0	19.752415495300426	-1.3434508776802403	-1402.4022244437278
929.0	40.0	19.753707972211146	-1.3464022424548105	-1401.918371882845
930.0	40.0	19.755011412100576	-1.348764503803143	-1401.4343049581046
931.0	40.0	19.756300608611504	-1.3513132714711338	-1400.9498567340142
932.0	40.0	19.757586521268887	-1.3538188830888231	-1400.4658730002561
933.0	40.0	19.75887876228611	-1.357068909202814	-1399.981631958437
934.0	40.0	19.76016910892543	-1.3592125808707627	-1399.4971777872768
935.0	40.0	19.76145031255059	-1.3620238255340065	-1399.0130207071884
936.0	40.0	19.76273786193515	-1.3645568524460667	-1398.5292196935775
937.0	40.0	19.76402344291331	-1.3671528002230748	-1398.044688310347
938.0	40.0	19.76529975572611	-1.3698930133817622	-1397.56059584057
939.0	40.0	19.766582796082297	-1.3729539027405657	-1397.0765730686294
940.0	40.0	19.767857911564555	-1.375280945905325	-1396.5922022836835
941.0	40.0	19.769135393568178	-1.3780055352371667	-1396.1081661613869
942.0	40.0	19.77041667194596	-1.3806046816075437	-1395.624128299054
943.0	40.0	19.77168518237959	-1.3833782836129769	-1395.1394781130512
944.0	40.0	19.77295670741574	-1.3862618208413868	-1394.6560492243793
945.0	40.0	19.774232661692086	-1.389644371016022	-1394.1718921885529
946.0	40.0	19.77549648150052	-1.3926709164502815	-1393.6878190005007
947.0	40.0	19.776759835736737	-1.3961499334815466	-1393.2035773455398
948.0	40.0	19.77803591249608	-1.3991734251588852	-1392.7193855394755
949.0	40.0	19.779295651690376	-1.4025643115138233	-1392.2355355842365
950.0	40.0	19.780552895173248	-1.4057516712737284	-1391.7510168023744
951.0	40.0	19.7818257661995	-1.4090856222494086	-1391.2668154282392
952.0	40.0	19.783080154343377	-1.4122529927522047	-1390.7824773137945
953.0	40.0	19.784336127251365	-1.4155549210783271	-1390.2989130820558
954.0	40.0	19.785594986656232	-1.4188717562095143	-1389.8147992282966
955.0	40.0	19.78685164705799	-1.4220922815913875	-1389.330534560671
956.0	40.0	19.788101826971754	-1.4255205672305626	-1388.846622450798
957.0	40.0	19.789357998421153	-1.4286958228220838	-1388.362059837416
958.0	40.0	19.79060863425474	-1.4319785615220104	-1387.878257263845
959.0	40.0	19.791855764382618	-1.4353787073775486	-1387.3939440920483
960.0	40.0	19.793106714059864	-1.438818256407725	-1386.9101411762729
961.0	40.0	19.794357127603007	-1.442039307071524	-1386.4260040378206
962.0	40.0	19.79559742539688	-1.4454667071507386	-1385.9415397033988
963.0	40.0	19.796842717958217	-1.4485861319300901	-1385.4572834740475
964.0	40.0	19.798082777105428	-1.4522718468003957	-1384.9732655392902
965.0	40.0	19.79932438810442	-1.4554400369674094	-1384.4890556948203
966.0	40.0	19.800566270259736	-1.4585382566964613	-1384.0048790823034
967.0	40.0	19.80180189092517	-1.4622741683322527	-1383.5210033163405
968.0	40.0	19.803038959107344	-1.4655280798154064	-1383.036771830276
969.0	40.0	19.804279245860993	-1.4691963312713312	-1382.552443528276
970.0	40.0	19.805508478212232	-1.4726495323208175	-1382.0680571134212
971.0	40.0	19.8067421118524	-1.476158247819493	-1381.5839640206266
972.0	40.0	19.807977387719614	-1.4806001206220745	-1381.099857132867
973.0	40.0	19.809202612137803	-1.4844154205449847	-1380.615551382241
974.0	40.0	19.810425314493724	-1.4884392026584259	-1380.1316488587158
975.0	40.0	19.811663519919428	-1.4924183525415367	-1379.6470348406924
976.0	40.0	19.812884183356744	-1.496035062641858	-1379.1630935207004
977.0	40.0	19.81410543355433	-1.5004160510974272	-1378.6786236752719
978.0	40.0	19.815337543145922	-1.5044427130397091	-1378.194824822972
979.0	40.0	19.81655407226873	-1.5080133321397473	-1377.7101861828642
980.0	40.0	19.817771425164423	-1.5126729273600037	-1377.2257202602418
981.0	40.0	19.81899861366925	-1.5168086506148644	-1376.7416865716034
982.0	40.0	19.820214107215616	-1.520565516777201	-1376.2572693883926
983.0	40.0	19.82142455332006	-1.5252634206946794	-1375.772869393511
984.0	40.0	19.822643073472644	-1.5294706255495505	-1375.288791449465
985.0	40.0	19.823859169954726	-1.5333231064263995	-1374.8046007516025
986.0	40.0	19.82506700120797	-1.5378242556148094	-1374.320393766192
987.0	40.0	19.82628132196749	-1.5419179355886767	-1373.836013261578
988.0	40.0	19.827494492066254	-1.5463807604332107	-1373.3511629312077
989.0	40.0	19.828697436267444	-1.5506769493884622	-1372.8670388453775
990.0	40.0	19.829910973212904	-1.5548924315167925	-1372.3821905261987
991.0	40.0	19.831117946987263	-1.5592512893492902	-1371.8982665404217
992.0	40.0	19.832325408506595	-1.563312835940512	-1371.4136957232113
993.0	40.0	19.833526555423568	-1.5681133021848461	-1370.9287995186892
994.0	40.0	19.83472941360419	-1.5722256754418167	-1370.4448455625163
995.0	40.0	19.83593461819975	-1.57686371502249	-1369.959716247084
996.0	40.0	19.83713168550492	-1.5811291991048457	-1369.475698798758
997.0	40.0	19.83833067046337	-1.5859389988383807	-1368.9908993837162
998.0	40.0	19.839534369640255	-1.5900451089698548	-1368.5065473787713
999.0	40.0	19.84072551911975	-1.5945121281835384	-1368.0218937507873
1000.0	40.0	19.841916101611574	-1.5995776182955224	-1367.5370725277044
1001.0	40.0	19.843121509520863	-1.60357580839655	-1367.0527055557973
1002.0	40.0	19.84430956187652	-1.6087885393180839	-1366.5675247042175
1003.0	40.0	19.84549954347902	-1.614138551545879	-1366.0831827538414
1004.0	40.0	19.846699740277316	-1.6187339187334198	-1365.5983071960243
1005.0	40.0	19.84788369979682	-1.6235979259923399	-1365.1135909881382
1006.0	40.0	19.84906978634186	-1.6287402073538837	-1364.628935577674
1007.0	40.0	19.850266258756765	-1.6337237312853015	-1364.143947837511
1008.0	40.0	19.851447234105315	-1.6387601690434537	-1363.658674216649
1009.0	40.0	19.85263797046368	-1.6442821894110116	-1363.1740935889977
1010.0	40.0	19.853823500680857	-1.649387922605796	-1362.6892755266238
1011.0	40.0	19.85500445273917	-1.6548113487766314	-1362.2044840966823
1012.0	40.0	19.856189551750614	-1.6601569186517775	-1361.7198102074503
1013.0	40.0	19.857371162148848	-1.6654800717899338	-1361.2347720725893
1014.0	40.0	19.858548626639614	-1.6708984502462827	-1360.7499904395584
1015.0	40.0	19.859730517392226	-1.6765919497399384	-1360.2645108159957
1016.0	40.0	19.86091120740882	-1.6817559951588006	-1359.7795550490991
1017.0	40.0	19.86208388775991	-1.6871503641397596	-1359.294616751033
1018.0	40.0	19.8632629370799	-1.692746400417789	-1358.8094776821351
1019.0	40.0	19.864440651656533	-1.698229148954193	-1358.3237874429662
1020.0	40.0	19.865610162972455	-1.7033528371000157	-1357.8388825550212
1021.0	40.0	19.86678838393953	-1.7093663477926566	-1357.3533463857136
1022.0	40.0	19.867961613172564	-1.7147570008174104	-1356.8685974603393
1023.0	40.0	19.86913600805649	-1.7200197696612542	-1356.383302106219
1024.0	40.0	19.87030322386874	-1.7259445471269665	-1355.897581064845
1025.0	40.0	19.871473854341193	-1.731495443594237	-1355.4120693967066
1026.0	40.0	19.872644663688586	-1.7367958667134913	-1354.9266637061673
1027.0	40.0	19.87380980945223	-1.742677145042578	-1354.4411607590362
1028.0	40.0	19.874976995511386	-1.7479681621210759	-1353.9556281845757
1029.0	40.0	19.876148701767136	-1.7538812182994137	-1353.4700665384557
1030.0	40.0	19.877307692022335	-1.7594792649042355	-1352.9841352138214
1031.0	40.0	19.878472605587614	-1.7652860388461977	-1352.4984622124225
1032.0	40.0	19.879641043628947	-1.7706336880413245	-1352.0131157863373
1033.0	40.0	19.880798440819213	-1.7767616264646184	-1351.5269817474084
1034.0	40.0	19.881962041101286	-1.78234917155374	-1351.0416304256037
1035.0	40.0	19.883126303085504	-1.7884374259993605	-1350.5552895971452
1036.0	40.0	19.884281034061388	-1.7947025168485964	-1350.0696302324059
1037.0	40.0	19.8854512200195	-1.800965214147098	-1349.5832214118832
1038.0	40.0	19.886603382276434	-1.807142998076959	-1349.097441841911
1039.0	40.0	19.887756757879526	-1.8133823122877128	-1348.6113603676974
1040.0	40.0	19.88892404731485	-1.8197085352684084	-1348.1249966430705
1041.0	40.0	19.890074322415416	-1.8261263387200575	-1347.6385608218752
1042.0	40.0	19.891225970518665	-1.8321379540127267	-1347.1522956406156
1043.0	40.0	19.892388873639174	-1.8385270065452355	-1346.666234210402
1044.0	40.0	19.893537684109713	-1.8449776115049779	-1346.1796569888695
1045.0	40.0	19.894687165467037	-1.8512211311747806	-1345.6934340994385
1046.0	40.0	19.895848243145405	-1.8575272564145469	-1345.2064764603688
1047.0	40.0	19.89699648132873	-1.8643244643325034	-1344.720114235824
1048.0	40.0	19.89814938623985	-1.8706870471036015	-1344.2335253875992
1049.0	40.0	19.899299858370565	-1.8769255889245742	-1343.7466057307802
1050.0	40.0	19.90044699316771	-1.8837856805084812	-1343.259343093421
1051.0	40.0	19.9015975334605	-1.8903923560359515	-1342.7727025030915
1052.0	40.0	19.902748184305235	-1.8966673658747404	-1342.2854122797262
1053.0	40.0	19.903890093161383	-1.9034478770349421	-1341.798912736815
1054.0	40.0	19.905038803895753	-1.909839300348442	-1341.3113960334642
1055.0	40.0	19.906187395467214	-1.9166639706622097	-1340.824456485275
1056.0	40.0	19.907327473217066	-1.9231302680964928	-1340.3370871377417
1057.0	40.0	19.908475250799764	-1.9298504161995178	-1339.8495217232094
1058.0	40.0	19.90962141559967	-1.936915381769653	-1339.3624172767647
1059.0	40.0	19.910767995127006	-1.9434659482211192	-1338.8747116281502
1060.0	40.0	19.911907070192008	-1.9502235703887507	-1338.3869288156313
1061.0	40.0	19.913049347046705	-1.9570937953236955	-1337.8994868053126
1062.0	40.0	19.914193650968002	-1.9639050708233492	-1337.4115226435995
1063.0	40.0	19.91533176480803	-1.9711260987132602	-1336.9235970719433
1064.0	40.0	19.91647242723129	-1.9776111767227609	-1336.4358724732294
1065.0	40.0	19.917617031910453	-1.9845056095226832	-1335.9479241566676
1066.0	40.0	19.91875047817152	-1.9915145119609838	-1335.4594872048244
1067.0	40.0	19.919890149554117	-1.9983814824341277	-1334.9711972764019
1068.0	40.0	19.921033035516786	-2.005539147196591	-1334.4833391949796
1069.0	40.0	19.92216543367023	-2.01207963345441	-1333.9947806260714
1070.0	40.0	19.923310955694745	-2.019506084610983	-1333.5061780839476
1071.0	40.0	19.92444342741856	-2.026511020305344	-1333.0176025472597
1072.0	40.0	19.92557410880904	-2.0335949402894964	-1332.528814226286
1073.0	40.0	19.926719758949613	-2.040849567546134	-1332.04014767332
1074.0	40.0	19.927849960515495	-2.047573766059122	-1331.55099678755
1075.0	40.0	19.92897855363337	-2.0551623912191057	-1331.06209816836
1076.0	40.0	19.930123470518087	-2.062470860145326	-1330.5730170420156
1077.0	40.0	19.93125130899144	-2.069135527711989	-1330.0839313095894
1078.0	40.0	19.93238136605039	-2.076989467068775	-1329.5941145464421
1079.0	40.0	19.933521553177844	-2.0840473307985703	-1329.1049959798358
1080.0	40.0	19.934648928759092	-2.091937494806301	-1328.6153552488377
1081.0	40.0	19.935784970840437	-2.0989684739780277	-1328.1259860178914
1082.0	40.0	19.93691601813546	-2.1066810589298264	-1327.6359849144758
1083.0	40.0	19.938042204918478	-2.114037614692026	-1327.1459637919436
1084.0	40.0	19.93917771017525	-2.1213036198538804	-1326.6563068597238
1085.0	40.0	19.940307278970476	-2.129236910579281	-1326.1655104492756
1086.0	40.0	19.94143354299596	-2.136480229971482	-1325.6756782630328
1087.0	40.0	19.942566285333136	-2.1440279257943815	-1325.1852973009663
1088.0	40.0	19.94369490371567	-2.151545930537659	-1324.6945804486909
1089.0	40.0	19.94482076191017	-2.159157471533523	-1324.2043972986248
1090.0	40.0	19.94595137008129	-2.166874045622249	-1323.7136473779703
1091.0	40.0	19.947079429680716	-2.17428793924321	-1323.2228235083392
1092.0	40.0	19.94821154299265	-2.1821881782484254	-1322.7318524625969
1093.0	40.0	19.949332159920196	-2.1899296336984047	-1322.2403529780759
1094.0	40.0	19.950462386023514	-2.1982899127607944	-1321.7492244400996
1095.0	40.0	19.951591870518456	-2.206041446384421	-1321.2578255226128
1096.0	40.0	19.952713340293297	-2.2143956388058297	-1320.7661334284032
1097.0	40.0	19.953842023097334	-2.222360932552036	-1320.27453616191
1098.0	40.0	19.95497011947746	-2.230255763175221	-1319.7823850211341
1099.0	40.0	19.9560917445294	-2.2387330789328184	-1319.291145264442
1100.0	40.0	19.957217579007484	-2.2468338991186254	-1318.7989662701507
1101.0	40.0	19.95834414563403	-2.2548201376224175	-1318.3066604364774
1102.0	40.0	19.95947211653473	-2.2633175001789794	-1317.814251281641
1103.0	40.0	19.960591070045027	-2.271204825771507	-1317.3218812214004
1104.0	40.0	19.96171838230879	-2.2798279596379176	-1316.8290492440876
1105.0	40.0	19.962844499174036	-2.2878160357388624	-1316.3364624493504
1106.0	40.0	19.96397064143862	-2.2960723922907613	-1315.8435355700403
1107.0	40.0	19.96509029057422	-2.3049044349634817	-1315.3500326502376
1108.0	40.0	19.966214692552015	-2.3130579528394106	-1314.8570195944997
1109.0	40.0	19.967340885639533	-2.321724393570537	-1314.3638073841084
1110.0	40.0	19.96846015206378	-2.3301635031497745	-1313.870439373118
1111.0	40.0	19.969582939753327	-2.338814831103857	-1313.3768416777184
1112.0	40.0	19.970708017879765	-2.3473530335270154	-1312.8824716738984
1113.0	40.0	19.971827250366804	-2.355810397440461	-1312.388568904951
1114.0	40.0	19.972949738008452	-2.3647345988045907	-1311.8941933803678
1115.0	40.0	19.97407608694418	-2.373075587775521	-1311.4000847517116
1116.0	40.0	19.975192575554107	-2.3820296830921652	-1310.9055116949362
1117.0	40.0	19.97631551180307	-2.3905538158442416	-1310.4109711669344
1118.0	40.0	19.977441611662083	-2.399293649132857	-1309.915816439698
1119.0	40.0	19.97855780627731	-2.4080452190390567	-1309.4209860230785
1120.0	40.0	19.979687088081953	-2.4167555438178625	-1308.9259733707597
1121.0	40.0	19.98080521569344	-2.4257829430428184	-1308.4306654866443
1122.0	40.0	19.98192090474798	-2.4342918918050933	-1307.935385885792
1123.0	40.0	19.983050577016527	-2.4433477662484604	-1307.439232277881
1124.0	40.0	19.984168476190256	-2.4519223182551944	-1306.9431199649855
1125.0	40.0	19.985283138192468	-2.4609346800441894	-1306.4476017705479
1126.0	40.0	19.986414771253365	-2.469655680244582	-1305.951066910128
1127.0	40.0	19.987529351113864	-2.478713635693488	-1305.4548394499232
1128.0	40.0	19.98864489110208	-2.4874364360837546	-1304.958036507763
1129.0	40.0	19.9897762650476	-2.4962601376953275	-1304.4609610874086
1130.0	40.0	19.990891063103746	-2.505220485373907	-1303.9639714499124
1131.0	40.0	19.992007068409073	-2.5141656187252712	-1303.4667436617542
1132.0	40.0	19.993137285303142	-2.5229089454352693	-1302.9696489959617
1133.0	40.0	19.9942523096414	-2.5320210324807335	-1302.472333503008
1134.0	40.0	19.995369370734256	-2.540873678310744	-1301.9741203186773
1135.0	40.0	19.99649868942184	-2.5497267818493192	-1301.4764245215845
1136.0	40.0	19.997614256621148	-2.5585504409260427	-1300.978280160188
1137.0	40.0	19.99873876320762	-2.5675962828532666	-1300.4799708345715
1138.0	40.0	19.99985990613435	-2.576689710731522	-1299.9816179931431
1139.0	40.0	20.00097532764359	-2.5853342982574894	-1299.4825419463791
1140.0	40.0	20.002100674782188	-2.5944202483427734	-1298.983680707682
1141.0	40.0	20.00322112231624	-2.603553418096417	-1298.484502492278
1142.0	40.0	20.004336719918456	-2.6122129197907213	-1297.9853257727364
1143.0	40.0	20.005461312040815	-2.621496412849609	-1297.4859363105793
1144.0	40.0	20.0065822017712	-2.6300896415630417	-1296.9860347093081
1145.0	40.0	20.00770034663895	-2.6392708231130824	-1296.4861270308481
1146.0	40.0	20.0088240648381	-2.6483865250271648	-1295.9859005994447
1147.0	40.0	20.00994527190536	-2.6571750783532426	-1295.485392220997
1148.0	40.0	20.011062278589595	-2.6661145277117937	-1294.9849197684175
1149.0	40.0	20.012186082645883	-2.6755308369393664	-1294.4842350856939
1150.0	40.0	20.01330808899666	-2.6841950567729835	-1293.9828401871825
1151.0	40.0	20.014425641706765	-2.6933605351133445	-1293.4821064821283
1152.0	40.0	20.01555047208965	-2.7026130017224776	-1292.9800816675297
1153.0	40.0	20.016671547521874	-2.711647445591726	-1292.4789449608747
1154.0	40.0	20.017790348811534	-2.720938225478285	-1291.9768052266622
1155.0	40.0	20.018915918917614	-2.7300004202677983	-1291.4750669064658
1156.0	40.0	20.020037836047493	-2.739212711657074	-1290.972665183811
1157.0	40.0	20.02115566648161	-2.7485630626741533	-1290.4699361692722
1158.0	40.0	20.02228116443704	-2.7580009187176144	-1289.9669873845235
1159.0	40.0	20.02340522960129	-2.7674193096345463	-1289.464287456818
1160.0	40.0	20.024523235720473	-2.776738343787113	-1288.9613541253498
1161.0	40.0	20.025648776391794	-2.7860591250188205	-1288.4580837327112
1162.0	40.0	20.026773557549426	-2.7953547947184223	-1287.9538890437357
1163.0	40.0	20.02789117930793	-2.8049279532552363	-1287.450190857575
1164.0	40.0	20.029017132921872	-2.8144684924439085	-1286.946621485744
1165.0	40.0	20.030143839248215	-2.823714821719786	-1286.4419038773601
1166.0	40.0	20.031269727101446	-2.8333547935340997	-1285.9375271492877
1167.0	40.0	20.032388376125457	-2.843019703477664	-1285.432290056473
1168.0	40.0	20.03351510604028	-2.852329646723277	-1284.9273844258314
1169.0	40.0	20.03464202316054	-2.8620093263853663	-1284.4226246460678
1170.0	40.0	20.035761271885765	-2.871428942715285	-1283.9170096520595
1171.0	40.0	20.03688942186571	-2.881274044307917	-1283.4114633148006
1172.0	40.0	20.038017044740798	-2.8905661577303636	-1282.905490229032
1173.0	40.0	20.039136020371238	-2.900227757153763	-1282.3996632564506
1174.0	40.0	20.040265064443304	-2.9100842687177617	-1281.892567852538
1175.0	40.0	20.041393166073146	-2.919433800655271	-1281.3860788476984
1176.0	40.0	20.042515648920393	-2.9290913653298025	-1280.8793686242177
1177.0	40.0	20.04364253893035	-2.939104358737658	-1280.372937185792
1178.0	40.0	20.044771500684615	-2.94854689715078	-1279.8655244275633
1179.0	40.0	20.04589543775229	-2.9583112591537084	-1279.3580115247355
1180.0	40.0	20.047022737662914	-2.968015507273063	-1278.8500502534705
1181.0	40.0	20.048154242073355	-2.978406783371198	-1278.341832112731
1182.0	40.0	20.049278519590658	-2.9880232920391485	-1277.8336529771584
1183.0	40.0	20.050400928756066	-2.9983216958113252	-1277.3248140074063
1184.0	40.0	20.051537664545688	-3.0086591471042814	-1276.816391870625
1185.0	40.0	20.05266414348764	-3.019267912422128	-1276.3075957361577
1186.0	40.0	20.05378688630428	-3.0296693101259495	-1275.7981859692711
1187.0	40.0	20.05491707980237	-3.0403277372447506	-1275.2887584812454
1188.0	40.0	20.056051368479707	-3.051136842829243	-1274.7786968185599
1189.0	40.0	20.057175618328106	-3.061838124509807	-1274.2691869919809
1190.0	40.0	20.058307475605766	-3.0728584772034977	-1273.759328779416
1191.0	40.0	20.05944252555728	-3.0835531101235936	-1273.2484036460241
1192.0	40.0	20.060568498377826	-3.094369944561269	-1272.7382461727534
1193.0	40.0	20.06170013120415	-3.1053084352978866	-1272.2275340357278
1194.0	40.0	20.062837821651573	-3.1161996854634832	-1271.716742628213
1195.0	40.0	20.06396428352932	-3.127271391915727	-1271.205453923479
1196.0	40.0	20.065097297776266	-3.1382531446040014	-1270.6941793116348
1197.0	40.0	20.066235156521007	-3.149313871905925	-1270.182474743192
1198.0	40.0	20.067363344279006	-3.160234153419392	-1269.6703880418693
1199.0	40.0	20.06849796386359	-3.1715279458597587	-1269.1582572527318
1200.0	40.0	20.06963608455654	-3.182437100536977	-1268.6461098986524
1201.0	40.0	20.070765547238306	-3.1936557186052728	-1268.1335618820417
1202.0	40.0	20.071896057547416	-3.20474159794607	-1267.6203885290092
1203.0	40.0	20.07304248282045	-3.2159335309529413	-1267.107105281835
1204.0	40.0	20.07417282288063	-3.227218330090244	-1266.5937889818335
1205.0	40.0	20.075304184528214	-3.238694147180154	-1266.0804827713753
1206.0	40.0	20.07645159635274	-3.250421937554257	-1265.5667240047703
1207.0	40.0	20.077582550996834	-3.2619644505376937	-1265.052406044979
1208.0	40.0	20.078714905914474	-3.273459378218203	-1264.5383266290467
1209.0	40.0	20.079865155115584	-3.2851246993213823	-1264.0231654775218
1210.0	40.0	20.080997716924873	-3.2966513617821858	-1263.5085025936137
1211.0	40.0	20.08213210714063	-3.308583923799205	-1262.9933643455227
1212.0	40.0	20.083282573947987	-3.3200452834361367	-1262.4778312784858
1213.0	40.0	20.08441723778043	-3.331699986347342	-1261.962100961254
1214.0	40.0	20.085552027305518	-3.343674512009852	-1261.4462253305373
1215.0	40.0	20.086689833581023	-3.3554105530329	-1260.9297228927549
1216.0	40.0	20.08784064128028	-3.3670683286991587	-1260.413272844685
1217.0	40.0	20.088977631917356	-3.378892650350006	-1259.8963120058474
1218.0	40.0	20.09011700181048	-3.3908558112961567	-1259.379425150884
1219.0	40.0	20.09126847261464	-3.402435770503819	-1258.862128851612
1220.0	40.0	20.092407543511094	-3.4145826359435123	-1258.3446915127347
1221.0	40.0	20.093549223169735	-3.4262342634383365	-1257.8264789038117
1222.0	40.0	20.094701982471037	-3.438350331133546	-1257.3084372855435
1223.0	40.0	20.095841442105517	-3.4503230721232034	-1256.789623962228
1224.0	40.0	20.096984723440553	-3.46226025367073	-1256.2704152196363
1225.0	40.0	20.09813370556245	-3.4740986962121565	-1255.7518108688653
1226.0	40.0	20.09928165693138	-3.4863365352739235	-1255.2321752792238
1227.0	40.0	20.100424711094192	-3.4982165007413912	-1254.7126670160021
1228.0	40.0	20.101569685831397	-3.5103016091761607	-1254.1930469418962
1229.0	40.0	20.102727154137394	-3.5222365792115777	-1253.672530418002
1230.0	40.0	20.1038710712816	-3.5342592500693537	-1253.152429537487
1231.0	40.0	20.10501924854416	-3.546309181878082	-1252.631957762579
1232.0	40.0	20.106178146701918	-3.5584181830714487	-1252.1104522186133
1233.0	40.0	20.107324933230103	-3.5706027520715438	-1251.5895373344392
1234.0	40.0	20.10847280660795	-3.582404031392596	-1251.0674651216607
1235.0	40.0	20.109628704114723	-3.594607403543552	-1250.5456421843319
1236.0	40.0	20.110782392929497	-3.6065362005105848	-1250.0234831084258
1237.0	40.0	20.111933898957552	-3.6184193418303283	-1249.5010031316083
1238.0	40.0	20.11308220715405	-3.6303073334235427	-1248.9784955838322
1239.0	40.0	20.11424676113851	-3.6421277535806222	-1248.4549809953094
1240.0	40.0	20.115399201758418	-3.6540696923192697	-1247.931986267038
1241.0	40.0	20.11655114045559	-3.6655494776498774	-1247.4086883268953
1242.0	40.0	20.11771068190165	-3.677142817169567	-1246.884315245011
1243.0	40.0	20.11886926995011	-3.688788339494781	-1246.359763773683
1244.0	40.0	20.120024234213034	-3.7001008395426465	-1245.835277419948
1245.0	40.0	20.12117845939256	-3.71150039465734	-1245.3102813989701
1246.0	40.0	20.12234674376377	-3.7230145099121184	-1244.7850019827313
1247.0	40.0	20.123504680556298	-3.7343174918327158	-1244.259882429217
1248.0	40.0	20.124661083492974	-3.745592862608558	-1243.733754893438
1249.0	40.5	19.917182658838076	-3.7552979277961707	-1243.2076957597856
1250.0	40.5	19.918308840458096	-3.7667111601870857	-1242.6810264617254
1251.0	40.5	19.91942924244533	-3.7784115736453776	-1242.154483882065
1252.0	40.5	19.92055386507255	-3.789745109290779	-1241.6277092871646
1253.0	40.5	19.92167424575593	-3.8013356682554362	-1241.100354491326
1254.0	40.5	19.922806000125007	-3.812816337694906	-1240.5729964963418
1255.0	40.5	19.92392675570298	-3.824054955185826	-1240.0450181561537
1256.0	40.5	19.925055753420054	-3.8355022301955595	-1239.5169313410188
1257.0	40.5	19.926188844443374	-3.8465269596807152	-1238.9884168015126
1258.0	40.5	19.927312597189434	-3.8578759075274753	-1238.4595730955436
1259.0	40.5	19.928443741246934	-3.8687699071992627	-1237.929600423296
1260.0	40.5	19.929578446209465	-3.8802002322347104	-1237.400835112307
1261.0	40.5	19.93070520747538	-3.891272320154473	-1236.870517991987
1262.0	40.5	19.9318320521837	-3.9027816248670164	-1236.3404984147767
1263.0	40.5	19.932968157501993	-3.9143459111771945	-1235.8099911087575
1264.0	40.5	19.93410442373739	-3.9259899531170728	-1235.2791117323134
1265.0	40.5	19.935234507196864	-3.9377044602662794	-1234.747662553106
1266.0	40.5	19.93636315966562	-3.9495770472665868	-1234.2155445876494
1267.0	40.5	19.937510856455084	-3.9618691430018944	-1233.6845573975481
1268.0	40.5	19.938641979681503	-3.974006800986319	-1233.1522586685005
1269.0	40.5	19.939774633914087	-3.9860578031186438	-1232.6182273173322
1270.0	40.5	19.940915429520874	-3.9983705305203046	-1232.0854469201893
1271.0	40.5	19.942057216983294	-4.010783507539536	-1231.5524728548598
1272.0	40.5	19.94319142802949	-4.022674698638906	-1231.0179913311713
1273.0	40.5	19.94432952550945	-4.03488663661408	-1230.4834650226408
1274.0	40.5	19.945479000488405	-4.04701104425709	-1229.949166271323
1275.0	40.5	19.94661634282036	-4.058875846734838	-1229.414342841625
1276.0	40.5	19.947754581357596	-4.070736470441546	-1228.8784846782366
1277.0	40.5	19.948894969823844	-4.082698670153917	-1228.3423890452002
1278.0	40.5	19.950047874160003	-4.094149229508201	-1227.8063553533161
1279.0	40.5	19.95118799390187	-4.106101553493265	-1227.270092353294
1280.0	40.5	19.9523307535234	-4.11749410347299	-1226.732401977673
1281.0	40.5	19.95348711316677	-4.128947080366332	-1226.194793256104
1282.0	40.5	19.95462883939034	-4.140156387401409	-1225.6570067530297
1283.0	40.5	19.955773751269597	-4.151465983145364	-1225.1185767503544
1284.0	40.5	19.956918406210477	-4.162511251109374	-1224.5797937204936
1285.0	40.5	19.95807613601762	-4.173462317625789	-1224.0415222923752
1286.0	40.5	19.959222028189128	-4.184330416649535	-1223.5019500239462
1287.0	40.5	19.960369984324952	-4.1951850906545225	-1222.9618003049898
1288.0	40.5	19.961517375962185	-4.2057549565785335	-1222.4216685496203
1289.0	40.5	19.962679010024214	-4.2161232833054845	-1221.8810899154937
1290.0	40.5	19.96382964347592	-4.226555554795447	-1221.3401030912232
1291.0	40.5	19.96497952090787	-4.236799012566099	-1220.7984523621592
1292.0	40.5	19.9661361591168	-4.246926726584364	-1220.256819212453
1293.0	40.5	19.9672928004274	-4.256872502549095	-1219.7146399062215
1294.0	40.5	19.968446602591108	-4.266734827502608	-1219.172135683902
1295.0	40.5	19.969599507555966	-4.276400753749966	-1218.629198678434
1296.0	40.5	19.970759493046362	-4.285878605368003	-1218.08580418123
1297.0	40.5	19.971922245299417	-4.295848065645062	-1217.5422719340079
1298.0	40.5	19.97307679811719	-4.30559490223456	-1216.9979248383079
1299.0	40.5	19.97423116637136	-4.315544296714004	-1216.45359650106
1300.0	40.5	19.975397365418523	-4.325000161344882	-1215.9084167573142
1301.0	40.5	19.976560706634455	-4.334490633203762	-1215.3631471903032
1302.0	40.5	19.977718100880253	-4.343677053273838	-1214.8179660671863
1303.0	40.5	19.97888439670851	-4.352841281204211	-1214.2714202297607
1304.0	40.5	19.980045557192813	-4.361774745547902	-1213.7252655132636
1305.0	40.5	19.98121170947902	-4.370745736358945	-1213.178864534362
1306.0	40.5	19.98237323246711	-4.3794844652290035	-1212.631715075052
1307.0	40.5	19.983544686922325	-4.3881367240695015	-1212.084020002455
1308.0	40.5	19.9847093161557	-4.396808879453218	-1211.5359309513856
1309.0	40.5	19.98587990706831	-4.405560010841742	-1210.988083006443
1310.0	40.5	19.987044950534088	-4.414739306927345	-1210.4394208614033
1311.0	40.5	19.98822192427601	-4.423926754677204	-1209.8907713861533
1312.0	40.5	19.989389793375892	-4.43284125640384	-1209.3413149620765
1313.0	40.5	19.990563860949493	-4.441793930323517	-1208.7912435803462
1314.0	40.5	19.991733525738322	-4.45050951361412	-1208.2415500000964
1315.0	40.5	19.992915111347887	-4.459264309974907	-1207.6910576078426
1316.0	40.5	19.99408664712465	-4.467655002771644	-1207.1401143132746
1317.0	40.5	19.99526629682296	-4.475754367151924	-1206.589569179325
1318.0	40.5	19.996440442794153	-4.484230748989068	-1206.0382201670425
1319.0	40.5	19.99762588155466	-4.49240732701781	-1205.485813668796
1320.0	40.5	19.998803748831435	-4.500215689208867	-1204.933998818684
1321.0	40.5	19.999988460437347	-4.508481758558487	-1204.381756100533
1322.0	40.5	20.001169180328258	-4.516067445393069	-1203.828311489348
1323.0	40.5	20.002363070520378	-4.524454132535089	-1203.2757161535253
1324.0	40.5	20.003547127157926	-4.532733029773759	-1202.7225669024645
1325.0	40.5	20.00473921528059	-4.540831947284649	-1202.1681804019631
1326.0	40.5	20.00592644433226	-4.548774305428119	-1201.6140436002877
1327.0	40.5	20.00712397517547	-4.556528003284578	-1201.0593911859705
1328.0	40.5	20.008317410717353	-4.564233837638237	-1200.5045913530773
1329.0	40.5	20.009510401824063	-4.571929901654995	-1199.9498662020535
1330.0	40.5	20.010710354184756	-4.579425471358387	-1199.3940445694855
1331.0	40.5	20.01191316822171	-4.586835009571032	-1198.8379950088665
1332.0	40.5	20.013112038596365	-4.593977336484993	-1198.282383747925
1333.0	40.5	20.014310348604518	-4.60132135514793	-1197.7256439989735
1334.0	40.5	20.015517153761696	-4.608255757125303	-1197.1689488202244
1335.0	40.5	20.016727718767754	-4.615305956375598	-1196.6120910779198
1336.0	40.5	20.017931041320765	-4.621843824175337	-1196.0540349272694
1337.0	40.5	20.019137249520245	-4.628725419019845	-1195.4972756376978
1338.0	40.5	20.0203472210693	-4.635240452755519	-1194.9387396324034
1339.0	40.5	20.021569573211817	-4.641699308012307	-1194.3805328781466
1340.0	40.5	20.022780098264903	-4.647992622701775	-1193.822524608763
1341.0	40.5	20.023992802417595	-4.654267616458938	-1193.2623388170662
1342.0	40.5	20.025206873197533	-4.660507366562801	-1192.7041699894676
1343.0	40.5	20.026428302333933	-4.66646100010226	-1192.1444863407467
1344.0	40.5	20.027655286972347	-4.672494703047969	-1191.584395060569
1345.0	40.5	20.02887409008567	-4.678518446666698	-1191.0243087836554
1346.0	40.5	20.030093944779708	-4.685095607722909	-1190.4639345451544
1347.0	40.5	20.0313152029323	-4.691644379802445	-1189.9034147385016
1348.0	40.5	20.032551633574673	-4.6983381298484845	-1189.3421675216161
1349.0	40.5	20.033776566284658	-4.705048241919776	-1188.7809253730306
1350.0	40.5	20.035004012450422	-4.711306515163535	-1188.2194993435546
1351.0	40.5	19.987401004718855	-187.66388956424123	-1183.6582266998246
1352.0	40.5	19.943015855419038	-15.407331300794382	-1179.6255149586957
1353.0	40.5	19.90541915453982	-15.911192937915803	-1176.5058780913769
1354.0	40.5	19.872736682507508	-16.129723244510025	-1173.9827495109978
1355.0	40.5	19.843833803148886	-16.257981398344263	-1171.8600550032186
1356.0	40.5	19.833154719743995	-6.5547309385164825	-1170.6807751507931
1357.0	40.5	19.82544116933226	-4.953808773288451	-1169.6835925085322
1358.0	40.5	19.81797187398416	-4.9854338027006815	-1168.7229950097194
1359.0	40.5	19.810728787534526	-5.0105801302692505	-1167.7836991287127
1360.0	40.5	19.80371488189237	-5.031734199232285	-1166.8574410604558
1361.0	40.5	19.796891332234868	-5.050954027491786	-1165.9430693363709
1362.0	40.5	19.790276068685674	-5.068736201634644	-1165.038107940742
1363.0	40.5	19.78384230972487	-5.085478374756333	-1164.142634650257
1364.0	40.5	19.777599570303504	-5.1015295758109644	-1163.2564394215929
1365.0	40.5	19.771526235062012	-5.116921951907032	-1162.37857783653
1366.0	40.5	19.76562276129966	-5.13172894843251	-1161.5092769605167
1367.0	40.5	19.759865721524985	-5.146306721221171	-1160.6486672281908
1368.0	40.5	19.75426914128773	-5.160626178369642	-1159.796237610819
1369.0	40.5	19.748821054294442	-5.17491353760287	-1158.9499246921891
1370.0	40.5	19.743506310134457	-5.188506208586342	-1158.1118431569876
1371.0	40.5	19.738322036652406	-5.202360135573982	-1157.2799356446806
1372.0	40.5	19.733267363029494	-5.215638707282481	-1156.4546336119506
1373.0	40.5	19.72834074916423	-5.228845867268642	-1155.6359161272574
1374.0	40.5	19.723525385037043	-5.242186994696855	-1154.8218479982206
1375.0	40.5	19.718834337372034	-5.255250567742092	-1154.013908423557
1376.0	40.5	19.71423907287418	-5.268334749264994	-1153.211674581347
1377.0	40.5	19.709749639725803	-5.281355998004168	-1152.4136592929813
1378.0	40.5	19.705368480657196	-5.294983382025029	-1151.6206769271305
1379.0	40.5	19.70107971655913	-5.308684086008406	-1150.8317742110846
1380.0	40.5	19.69688617462451	-5.322019276074535	-1150.0472785243821
1381.0	40.5	19.69278524180499	-5.3353299328668	-1149.267010046258
1382.0	40.5	19.68877335090404	-5.348386453684101	-1148.490752821541
1383.0	40.5	19.684845522112845	-5.361763252711158	-1147.7178438227452
1384.0	40.5	19.680993606000033	-5.374997994655301	-1146.948709856455
1385.0	40.5	19.677223464716196	-5.388484962720137	-1146.1828938196145
1386.0	40.5	19.673530133229875	-5.401727944074815	-1145.4204693198374
1387.0	40.5	19.66991766534522	-5.4155183756735426	-1144.6608337198475
1388.0	40.5	19.666367616756325	-5.428822164714344	-1143.9041799409888
1389.0	40.5	19.662898165901996	-5.442879879356619	-1143.1504503459385
1390.0	40.5	19.65948531206756	-5.456751455516845	-1142.3994589265872
1391.0	40.5	19.656143776177554	-5.470513637411009	-1141.6507728030376
1392.0	40.5	19.652868109576143	-5.484343364044022	-1140.904742967989
1393.0	40.5	19.649647558538405	-5.498217568703301	-1140.1618347222163
1394.0	40.5	19.646488954514208	-5.512051192796726	-1139.4206333919751
1395.0	40.5	19.643394996078516	-5.5258867647725936	-1138.681156995511
1396.0	40.5	19.640352380681204	-5.539635553779123	-1137.94381536843
1397.0	40.5	19.637366447752086	-5.553558144823534	-1137.2093512821493
1398.0	40.5	19.63443390919475	-5.567490452821119	-1136.4760113693956
1399.0	40.5	19.63155589511516	-5.58179097046024	-1135.744831518182
1400.0	40.5	19.628735050815155	-5.596328225888776	-1135.015648030879
1401.0	40.5	19.62597431786712	-5.610603129162083	-1134.2870946208457
1402.0	40.5	19.623275224001876	-5.624875908675585	-1133.5617210930704
1403.0	40.5	19.620644484277875	-5.639317210926337	-1132.83729404921
1404.0	40.5	19.618079975734197	-5.653437633998232	-1132.116486263388
1405.0	40.5	19.615587553304422	-5.667973449626953	-1131.397472387831
1406.0	40.5	19.613154797304933	-5.682474774563069	-1130.6814502849688
1407.0	40.5	19.610792947233122	-5.697569384706332	-1129.9683404739917
1408.0	40.5	19.608498683613522	-5.712768869173369	-1129.257849540897
1409.0	40.5	19.606249205973757	-5.728303770814334	-1128.550121363486
1410.0	40.5	19.60407505837974	-5.744021720568574	-1127.8448282784657
1411.0	40.5	19.601951593032584	-5.759847702806293	-1127.1426074311162
1412.0	40.5	19.599885415279992	-5.775871787112095	-1126.4424107211537
1413.0	40.5	19.597873664444435	-5.791962784931368	-1125.7443533478577
1414.0	40.5	19.595908135371293	-5.80796528715822	-1125.0490548957694
1415.0	40.5	19.594009616052027	-5.823959069732238	-1124.355817097591
1416.0	40.5	19.592150218730932	-5.840347333785137	-1123.6641344040934
1417.0	40.5	19.59033814265238	-5.856851587820588	-1122.9747166206594
1418.0	40.5	19.588580788130987	-5.873863151552376	-1122.2881706293956
1419.0	40.5	19.58686488186858	-5.890787281821162	-1121.6024642132254
1420.0	40.5	19.585194923586297	-5.907970357261532	-1120.9187818872956
1421.0	40.5	19.583570956896303	-5.925372137245481	-1120.2373489815693
1422.0	40.5	19.581990555005746	-5.943235941142523	-1119.556529192092
1423.0	40.5	19.580450887465933	-5.96130664773249	-1118.8783256860768
1424.0	40.5	19.578956042766073	-5.9798493285135805	-1118.2010396563555
1425.0	40.5	19.577502000817585	-5.998432660163735	-1117.5256103461948
1426.0	40.5	19.576089382960898	-6.017118754571488	-1116.8508114522733
1427.0	40.5	19.574717750804805	-6.035663964017748	-1116.1778781511923
1428.0	40.5	19.573383979092892	-6.054389835684699	-1115.5059982336481
1429.0	40.5	19.57208606789195	-6.0730984952368345	-1114.835884159154
1430.0	40.5	19.57081921721594	-6.0919141784301765	-1114.1666757282176
1431.0	40.5	19.56959846811962	-6.11075422147992	-1113.4984668220695
1432.0	40.5	19.56840493405404	-6.129821161918107	-1112.8309962477917
1433.0	40.5	19.567255147151442	-6.148541060832067	-1112.165113115166
1434.0	40.5	19.566131512733556	-6.167267124924161	-1111.500706950476
1435.0	41.0	19.36904753103403	-6.194307300033723	-1110.8368596537707
1436.0	41.0	19.368181223541555	-6.212845968984082	-1110.1732639116146
1437.0	41.0	19.367342816290794	-6.2311999046060516	-1109.510881178377
1438.0	41.0	19.366529318648915	-6.249266161750056	-1108.8501074575158
1439.0	41.0	19.36575500665347	-6.267356447153574	-1108.190226428391
1440.0	41.0	19.364994292196666	-6.285246734098742	-1107.5307920496743
1441.0	41.0	19.36427745469798	-6.302883757916597	-1106.8720777561853
1442.0	41.0	19.36357149052084	-6.320631757616195	-1106.2143352637647
1443.0	41.0	19.3629103967702	-6.338210588530465	-1105.5572548205632
1444.0	41.0	19.36226052515955	-6.355657587325429	-1104.9009032312151
1445.0	41.0	19.361452556416946	-8.495367407782467	-1104.2745248363058
1446.0	41.0	19.360661085233378	-8.513085509335928	-1103.6372145408861
1447.0	41.0	19.359899744826215	-8.53316450426521	-1102.9949003109884
1448.0	41.0	19.35917502500262	-8.554034718771305	-1102.347863388346
1449.0	41.0	19.3584829807502	-8.575521144989425	-1101.6990195309297
1450.0	41.0	19.357814225824296	-8.597095185490229	-1101.0488226101145
1451.0	41.0	19.357174165058534	-8.618406874937744	-1100.398082556484
1452.0	41.0	19.35656880374441	-8.640009129561028	-1099.746673124303
1453.0	41.0	19.35599580445819	-8.663398465832485	-1099.0944778348057
1454.0	41.0	19.355445010598018	-8.686329087902324	-1098.4429497538986
1455.0	41.0	19.354927686239524	-8.708885451986669	-1097.79067350788
1456.0	41.0	19.354432605651755	-8.73081398086223	-1097.1392817283947
1457.0	41.0	19.353972177389256	-8.752178511919345	-1096.4874535609179
1458.0	41.0	19.353532692139538	-8.773124782390257	-1095.8360204042262
1459.0	41.0	19.353021477108555	-10.987137543673866	-1095.211935156756
1460.0	41.0	19.35253899281532	-11.00395169910194	-1094.5785971143077
1461.0	41.0	19.352085865420474	-11.023122485629235	-1093.938946690629
1462.0	41.0	19.35166145008549	-11.044225528757117	-1093.295145653513
1463.0	41.0	19.351189328350497	-13.276224902957745	-1092.6754502459476
1464.0	41.0	19.350738723440845	-13.299827267825956	-1092.0436395633717
1465.0	41.0	19.350257954863025	-15.54805160612708	-1091.4311286202642
1466.0	41.0	19.34980332541076	-15.585390893318715	-1090.8028019276596
1467.0	41.0	19.349318225179704	-17.85298464603234	-1090.188707015725
1468.0	41.0	19.348875269335895	-17.902163700903355	-1089.558062407524
1469.0	41.0	19.34841928417816	-20.19790812957694	-1088.939351656116
1470.0	41.0	19.347959715079533	-22.508476717544628	-1088.328218917365
1471.0	41.0	19.34756247894754	-22.59647255467011	-1087.6940398226127
1472.0	41.0	19.347222406982095	-22.698518082909995	-1087.045015198217
1473.0	41.0	19.34693981009485	-22.809196967876854	-1086.3864625962888
1474.0	41.0	19.346736307742958	-22.926207754636977	-1085.7198702579744
1475.0	41.0	19.34658732244857	-23.04769447847222	-1085.0491051996578
1476.0	41.0	19.346517762040616	-23.16733155248219	-1084.3737952656998
1477.0	41.0	19.3465028196812	-23.28294658105582	-1083.6952812626494
1478.0	41.0	19.346561633855405	-23.394023706567328	-1083.015036708668
1479.0	41.0	19.346693985590786	-23.49976382727428	-1082.3321938017807
1480.0	41.0	19.346890465003472	-23.59624223065489	-1081.647420380169
1481.0	41.0	19.347147048531472	-23.682859884549273	-1080.9603982900248
1482.0	41.0	19.347470652563292	-23.761094438628465	-1080.2720378477177
1483.0	41.0	19.347873026183816	-23.82973214681746	-1079.5814551183598
1484.0	41.0	19.34832678694313	-23.88637884548498	-1078.8892764936093
1485.0	41.0	19.348846767510445	-23.935509436792298	-1078.195276710472
1486.0	41.0	19.34943148532988	-23.973819746946273	-1077.5005757578963
1487.0	41.0	19.350072096735595	-23.99920201000242	-1076.80348024869
1488.0	41.0	19.350779550319935	-24.01387462166531	-1076.1049783277394
1489.0	41.0	19.351538142407055	-24.01839346457097	-1075.4049861954716
1490.0	41.0	19.352353914805853	-24.021233696682902	-1074.7048827634587
1491.0	41.0	19.353225841919784	-24.023597804569658	-1074.0022036562016
1492.0	41.0	19.354158992378327	-24.021875682317493	-1073.300276985956
1493.0	41.0	19.35513953586554	-24.01764371137376	-1072.5969224585026
1494.0	41.0	19.356173418439106	-24.01721474079215	-1071.8926947704713
1495.0	41.0	19.357260022540686	-24.017362487739476	-1071.189132615795
1496.0	41.0	19.358398830046216	-24.021403335859105	-1070.4845726007934
1497.0	41.0	19.359587905950075	-24.023080177694908	-1069.780338006155
1498.0	41.0	19.360828409734196	-24.022112726492004	-1069.0759347341577
1499.0	41.0	19.362118472813627	-24.017712826712422	-1068.3723338600405
1500.0	41.0	19.363459151521432	-24.01176196381247	-1067.667760340326
1501.0	41.0	19.364846650608666	-24.00998029936827	-1066.9641874083395
1502.0	41.0	19.36628344526427	-24.015213241004147	-1066.2605011229778
1503.0	41.0	19.367767796280127	-24.023501035806483	-1065.5560479156861
1504.0	41.0	19.369299314124916	-24.02910554925348	-1064.8523879869877
1505.0	41.5	19.277810029231752	-24.03045080287372	-1064.1482628738033
1506.0	41.5	19.279502471269087	-24.036483022302882	-1063.4438928467698
1507.0	41.5	19.281242167319082	-24.042604745349152	-1062.738847608951
1508.0	41.5	19.283029981768905	-24.045108073800435	-1062.0331931141034
1509.0	41.5	19.284857945787238	-24.039039793375736	-1061.326037726118
1510.0	41.5	19.286726691537954	-24.022648747930198	-1060.6183577874983
1511.0	41.5	19.288624955786446	-23.995593828094602	-1059.9086222158824
1512.0	41.5	19.29056489697071	-23.95766888841898	-1059.1982472277505
1513.0	41.5	19.29254901384021	-23.91329420841394	-1058.485640552911
1514.0	41.5	19.294567992642648	-23.865666384462706	-1057.7727393873747
1515.0	41.5	19.296612078782932	-23.811697084323345	-1057.0566113431519
1516.0	41.5	19.29869504827547	-23.750744353386462	-1056.3400240502338
1517.0	41.5	19.300816894740084	-23.68282831986519	-1055.622161983553
1518.0	41.5	19.302968409748956	-23.610203245138315	-1054.9029308190961
1519.0	41.5	19.30514637664226	-23.532321817414562	-1054.1817862511991
1520.0	41.5	19.307356078758502	-23.450186343080112	-1053.459925187102
1521.0	41.5	19.309604110349166	-23.367039711970026	-1052.73678146638
1522.0	41.5	19.311870751735373	-23.29542141265671	-1052.0131395745068
1523.0	41.5	19.314170784225034	-23.236149759062773	-1051.2880692470203
1524.0	41.5	19.316506920175357	-23.174016996298423	-1050.563219123179
1525.0	41.5	19.318862277866938	-23.126510947661696	-1049.8377117319003
1526.0	41.5	19.32125079387219	-23.09079015998419	-1049.1125470130876
1527.0	41.5	19.32367525843507	-23.04879590850492	-1048.3860579231425
1528.0	41.5	19.326119038758183	-23.00177030614172	-1047.6601674238461
1529.0	41.5	19.32859713085387	-22.94649752402894	-1046.9333905438705
1530.0	41.5	19.331107932829095	-22.88049175597909	-1046.2069750709607
1531.0	41.5	19.333643795932865	-79.19356137857186	-1045.479767935948
1532.0	41.5	19.335527125887037	-134.03215673823715	-1044.465675195986
1533.0	41.5	19.33745840354676	-24.52788024202739	-1043.5186298797576
1534.0	41.5	19.33945791768092	-25.364510566103945	-1042.6405103171169
1535.0	41.5	19.341529929561773	-25.820185924384056	-1041.8069960337305
1536.0	41.5	19.34366566124472	-26.11731279296531	-1041.0041410389847
1537.0	41.5	19.34587601034885	-26.327729055109348	-1040.2209041090455
1538.0	41.5	19.348150089262784	-26.49507521276249	-1039.4518437642946
1539.0	41.5	19.3504869583599	-26.643571151018023	-1038.6922232557104
1540.0	41.5	19.352877421923843	-26.7916715031072	-1037.941095060253
1541.0	41.5	19.35532155863154	-26.924738743970906	-1037.1970004259642
1542.0	41.5	19.357825388122915	-27.04571007348233	-1036.4575993997555
1543.0	41.5	19.36038354850571	-27.157250139046347	-1035.724081354475
1544.0	41.5	19.362975143028578	-27.260289193018377	-1034.9942815895274
1545.0	41.5	19.3656315505027	-27.364629730036093	-1034.2687896180967
1546.0	41.5	19.36831835775623	-27.473944007843087	-1033.5471048230968
1547.0	41.5	19.371067875475557	-27.59025415541364	-1032.8295270094081
1548.0	41.5	19.373845664078328	-27.707870312375242	-1032.1146366108242
1549.0	41.5	19.376683352855785	-27.83692545817195	-1031.4041746141563
1550.0	41.5	19.37954855906422	-27.97263871204108	-1030.6961908250798
1551.0	42.0	19.589414755767415	-28.101305463222324	-1029.9911376730765
1552.0	42.0	19.592403616493087	-28.226818428968514	-1029.2877041885727
1553.0	42.0	19.595434993361753	-28.35600640434764	-1028.5867031845912
1554.0	42.0	19.598523206836962	-28.47652897092162	-1027.8869592208239
1555.0	42.0	19.601635909107078	-28.585739192193373	-1027.1880790980347
1556.0	42.0	19.604787101831175	-28.688092296214798	-1026.4902106165084
1557.0	42.0	19.607993252324018	-28.776218926386942	-1025.7936905728543
1558.0	42.0	19.611219810297136	-28.851708003235302	-1025.096109971967
1559.0	42.0	19.614481988436925	-28.930414649952446	-1024.4000652815485
1560.0	42.0	19.61779215160095	-29.00162400943726	-1023.7038647525616
1561.0	42.0	19.621123307969814	-29.060110844779285	-1023.0073500619659
1562.0	42.0	19.624483646032647	-29.109032207294696	-1022.3115164540675
1563.0	42.0	19.62787425149699	-29.152820400448604	-1021.6154543008093
1564.0	42.0	19.631295191427807	-29.19899930845869	-1020.9197507467179
1565.0	42.0	19.634744107594386	-29.280131665690458	-1020.2253398252589
1566.0	42.0	19.638230442755077	-29.409002114901373	-1019.5310291556697
1567.0	42.0	19.641745424722355	-29.559785614522124	-1018.8384338569289
1568.0	42.0	19.645280302834408	-29.73703504443214	-1018.146229879141
1569.0	42.0	19.6488465740666	-29.92284977864719	-1017.4561439149107
1570.0	42.0	19.65244849163624	-30.110789009211086	-1016.7672558371032
1571.0	42.0	19.656081568389737	-30.291590697390017	-1016.0802660799325
1572.0	42.0	19.659745173262227	-30.46204650773802	-1015.3932182507889
1573.0	42.0	19.663444892507705	-30.617371797786163	-1014.7077038552146
1574.0	42.0	19.667169546759382	-30.75428068281313	-1014.0217823750401
1575.0	42.0	19.670924429352777	-30.86802116097916	-1013.3359766421496
1576.0	42.0	19.67470997414176	-30.957097452087723	-1012.6504552613253
1577.0	42.0	19.678520876308937	-31.02515778121656	-1011.9637991365139
1578.0	42.0	19.682361500904324	-31.071011658344414	-1011.2774550636847
1579.0	42.0	19.686236483378995	-31.092737464345664	-1010.5902783095703
1580.0	42.0	19.690133194144092	-31.09794583281548	-1009.9030048684799
1581.0	42.0	19.694049837332503	-31.101460784876547	-1009.2152217304331
1582.0	42.0	19.697989492428654	-31.094828557022254	-1008.5284685884737
1583.0	42.0	19.701950997916697	-31.093543586659663	-1007.841152922725
1584.0	42.0	19.705943110836824	-31.09226877108019	-1007.1553231753368
1585.0	42.0	19.709948843315996	-31.087343513295107	-1006.4698790667338
1586.0	42.0	19.713985259449814	-31.07700526602959	-1005.7857086645041
1587.0	42.0	19.718041963979037	-31.070780388520085	-1005.1030003189065
1588.0	42.0	19.722130270960402	-31.06620386163314	-1004.421809457388
1589.0	42.0	19.72623369207512	-31.06737426428698	-1003.7423087249122
1590.0	42.0	19.730354417368464	-31.069796598462805	-1003.0646255831689
1591.0	42.0	19.734501069823732	-31.0690757557486	-1002.3892371269261
1592.0	42.0	19.738674302223465	-31.071100884623913	-1001.7158832779778
1593.0	42.0	19.742878392305457	-31.066414377959262	-1001.0453536824784
1594.0	42.5	19.55256785561617	-31.06252280120407	-1000.3756769508688
1595.0	42.5	19.556848393446884	-31.061697985373012	-999.7094079959954
1596.0	42.5	19.561154668035332	-31.044718650820922	-999.0434089907959
1597.0	42.5	19.56548334122603	-31.00686347575485	-998.3781788112905
1598.0	42.5	19.569833960352135	-30.96308040186197	-997.7129483013354
1599.0	42.5	19.574213317558147	-30.90830388806204	-997.0490970921084
1600.0	42.5	19.578604636752527	-30.83506238613451	-996.384895062873
1601.0	42.5	19.583014322364104	-30.742480997231894	-995.7204448541193
1602.0	42.5	19.58744901748797	-30.632067115603334	-995.0547634753697
1603.0	42.5	19.591899812300426	-30.516239942419837	-994.3897848334207
1604.0	42.5	19.596359491814383	-30.393025490809404	-993.7241346718405
1605.0	42.5	19.6008412471745	-30.259569317955698	-993.0567926499182
1606.0	42.5	19.605330829042217	-30.116684778268823	-992.3896746322573
1607.0	42.5	19.609836467409544	-29.967448788288657	-991.7227889283402
1608.0	42.5	19.614356178238033	-29.814054551286908	-991.0548837543423
1609.0	42.5	19.61889642915457	-29.65831645962154	-990.3873962091278
1610.0	42.5	19.623434728801083	-29.5269880506416	-989.7200053775462
1611.0	42.5	19.627993092622496	-29.42736714465802	-989.0536082451436
1612.0	42.5	19.63256114915506	-29.336825742393074	-988.3877491259087
1613.0	42.5	19.63714140393503	-29.262729600873445	-987.7242442256028
1614.0	42.5	19.641739934305644	-29.173571803356243	-987.060335748915
1615.0	42.5	19.646340216559924	-29.06778929097734	-986.3981032408396
1616.0	42.5	19.650961396447972	-28.941800799473647	-985.7362379945363
1617.0	42.5	19.655601417968477	-28.791728079684994	-985.0741766166982
1618.0	42.5	19.65968528840575	-180.67977617848402	-983.9399596428362
1619.0	42.5	19.6632229171807	-31.44956540191508	-983.1171615753924
1620.0	42.5	19.66686476267721	-32.67567148509856	-982.3545190805135
1621.0	42.5	19.670616273577156	-33.20851836416106	-981.6260425339527
1622.0	42.5	19.67447390065392	-33.49738105853929	-980.9190512990522
1623.0	42.5	19.678437349840955	-33.69717639476403	-980.225347320694
1624.0	42.5	19.682503442326816	-33.87455090192426	-979.5423445933086
1625.0	42.5	19.68663770554896	-34.057353347634454	-978.8648930961083
1626.0	42.5	19.690846565202296	-34.234004755292894	-978.1939396613798
1627.0	42.5	19.69513035427379	-34.39865999833533	-977.5273396197217
1628.0	42.5	19.69947187485775	-34.55402346019281	-976.8659333915035
1629.0	42.5	19.703880818815918	-34.69881740413652	-976.2076070940507
1630.0	42.5	19.708343698740762	-34.847989384930536	-975.5540327814426
1631.0	42.5	19.712867380988325	-35.00494381772734	-974.9042079750664
1632.0	42.5	19.717435122152953	-35.16965354592201	-974.2576887304825
1633.0	43.0	19.500561046031155	-35.341607195670264	-973.6144774194909
1634.0	43.0	19.505284724906765	-35.523501018581435	-972.9756384336815
1635.0	43.0	19.51004664990869	-35.68939131491425	-972.337490000654
1636.0	43.0	19.514867913968956	-35.839367073586004	-971.7025683143762
1637.0	43.0	19.51972815559636	-35.980079148231304	-971.069005028262
1638.0	43.0	19.52461754140054	-36.10337003890702	-970.4362211292695
1639.0	43.0	19.529548743860868	-36.207923030617046	-969.8049446520871
1640.0	43.0	19.53452120533041	-36.29091108655256	-969.1742126032659
1641.0	43.0	19.5395211711462	-36.36030865627128	-968.5446475045827
1642.0	43.0	19.54455024878316	-36.434821745229314	-967.9166650703145
1643.0	43.0	19.549606257722125	-36.50124609474505	-967.2907794419428
1644.0	43.0	19.554684571407865	-36.57075405182905	-966.664781291326
1645.0	43.0	19.559796762950093	-36.643009216386325	-966.0415837735833
1646.0	43.0	19.56494158524532	-36.77400595083507	-965.4216649877926
1647.0	43.0	19.570114319692177	-36.978237902068315	-964.8031932039237
1648.0	43.0	19.575298707687075	-37.216747212982185	-964.1873302177172
1649.0	43.0	19.580515906728724	-37.474375979465734	-963.5751113625411
1650.0	43.0	19.58576763881913	-37.721257928842775	-962.966114402915
1651.0	43.0	19.59105845744654	-37.94527771170965	-962.3582032647872
1652.0	43.0	19.596372686468108	-38.136191444413676	-961.7518622456128
1653.0	43.0	19.601722921022482	-38.28818040775264	-961.1469089741297
1654.0	43.0	19.607118851074517	-38.39526358318266	-960.5418829186328
1655.0	43.0	19.61252576590121	-38.454666528152934	-959.9372839589342
1656.0	43.0	19.617973670821346	-38.47197814912831	-959.3325271395995
1657.0	43.0	19.623430243070253	-38.45989755901512	-958.727012647996
1658.0	43.0	19.628910429133903	-38.42561274972219	-958.1222571894768
1659.0	43.0	19.634405114523613	-38.396211134668306	-957.518429240003
1660.0	43.0	19.639925466487828	-38.3789288349911	-956.9164824023921
1661.0	43.0	19.645468102230893	-38.37143848083125	-956.3166775613057
1662.0	43.0	19.651015733563796	-38.3628092197691	-955.7192528932495
1663.0	43.0	19.65659717043501	-38.34872082663985	-955.124789838861
1664.0	43.0	19.662190719179414	-38.327343605299326	-954.5340253164234
1665.0	43.0	19.667794059152143	-38.31814829346779	-953.9461636937043
1666.0	43.0	19.673424566416884	-38.31117352189703	-953.3619435542378
1667.0	43.0	19.679075290136574	-38.32124393238048	-952.7813354795205
1668.0	43.0	19.684741290188402	-38.3456834218737	-952.2057159161812
1669.0	43.5	19.558113801150018	-38.35383386527766	-951.6331437467014
1670.0	43.5	19.56392163003741	-38.349668694802546	-951.0641045643171
1671.0	43.5	19.569749967737536	-38.32470265764286	-950.4979755482235
1672.0	43.5	19.575602189641558	-38.268465955338144	-949.9332724537394
1673.0	43.5	19.5814735910523	-38.1831091493762	-949.3702647815104
1674.0	43.5	19.587356763555913	-38.0750162072326	-948.8085470892468
1675.0	43.5	19.593258272869594	-37.938943777926454	-948.2482534055255
1676.0	43.5	19.599184712177916	-37.77534845469054	-947.6877047642625
1677.0	43.5	19.60512136788818	-37.58520620782397	-947.1280746877774
1678.0	43.5	19.61106647741216	-37.378038928995466	-946.5692724506857
1679.0	43.5	19.617027489441664	-37.16445765853206	-946.0116627253437
1680.0	43.5	19.622985975102488	-36.93914196713832	-945.4553290494507
1681.0	43.5	19.62895938559339	-36.70860399064676	-944.8998289647691
1682.0	43.5	19.63493342962623	-36.478329861336	-944.3456659814718
1683.0	43.5	19.640918985027316	-36.27050261478553	-943.7946522806883
1684.0	43.5	19.646899398380643	-36.092026961665944	-943.2461444514884
1685.0	43.5	19.65290414130154	-35.93734914373814	-942.7004857897975
1686.0	43.5	19.65890508084567	-35.805324738469004	-942.1583965176465
1687.0	43.5	19.664936827124727	-35.6458360802348	-941.6204588478806
1688.0	43.5	19.670975479821166	-35.45220591800125	-941.0838158767552
1689.0	43.5	19.677030490624436	-35.21924717221178	-940.5495067478734
1690.0	43.5	19.682916582805593	-180.5716697466254	-940.0074948336784
1691.0	43.5	19.687297729731053	-37.646619355741954	-939.2693461886038
1692.0	43.5	19.691862596033204	-39.457415294545555	-938.569337107687
1693.0	43.5	19.696592900497517	-40.125145437036274	-937.8969646626532
1694.0	43.5	19.701461629576404	-40.4158896568382	-937.2464547159793
1695.0	43.5	19.706455927233883	-40.63956759831757	-936.6138574108106
1696.0	43.5	19.711559066267586	-40.865248698060064	-935.9988099838605
1697.0	43.5	19.71676369236627	-41.090894502175836	-935.3971158921377
1698.0	43.5	19.722059259929853	-41.31221622803512	-934.8078172749076
1699.0	43.5	19.727433584819522	-41.523031108317625	-934.2283107088633
1700.0	43.5	19.732886657833554	-41.71680219238373	-933.6581202817674
1701.0	43.5	19.738406094530784	-41.911517052726744	-933.0956262195731
1702.0	44.0	19.638196405207218	-42.11317981590241	-932.5392812031382
1703.0	44.0	19.644074621391823	-42.325421259719	-931.9900410198601
1704.0	44.0	19.650014973279198	-42.54629640354014	-931.4467489944283
1705.0	44.0	19.656011498384984	-42.73053985193416	-930.9070764712437
1706.0	44.0	19.662062535472472	-42.88112101916372	-930.3703638321123
1707.0	44.0	19.66815534998141	-43.01898994068086	-929.8370515592258
1708.0	44.0	19.67429044659279	-43.13188847112266	-929.3047624396678
1709.0	44.0	19.680468003104107	-43.23041248218585	-928.7745207903695
1710.0	44.0	19.686674680353754	-43.33327541586811	-928.244998971543
1711.0	44.0	19.692915434834312	-43.4335474608626	-927.717101062505
1712.0	44.0	19.699201369044804	-43.5245743840748	-927.1905364628287
1713.0	44.0	19.7055056793797	-43.604479805287944	-926.6641685020702
1714.0	44.0	19.711845345079585	-43.69093989890785	-926.1391458129868
1715.0	44.0	19.718208822271464	-43.87747999194464	-925.6155378569383
1716.0	44.0	19.72459821816224	-44.15964911049996	-925.093236216174
1717.0	44.0	19.731012420830755	-44.4736930824829	-924.5714507398086
1718.0	44.0	19.737472696183804	-44.766320630761136	-924.0505238074801
1719.0	44.0	19.743951284544465	-45.01202361722876	-923.5280837699128
1720.0	44.0	19.750460033028762	-45.197728613093105	-923.0030834075188
1721.0	44.0	19.757003949242137	-45.31466448323253	-922.4737176232686
1722.0	44.0	19.763562322393696	-45.3601441888908	-921.9406646365369
1723.0	44.0	19.770141650329286	-45.33632482082477	-921.4007981592337
1724.0	44.0	19.776757522001144	-45.26341600941828	-920.8554160850673
1725.0	44.0	19.7833739305175	-45.166342888482255	-920.3045551349185
1726.0	44.0	19.79000750155478	-45.08177738384088	-919.749417304786
1727.0	44.0	19.796646483080593	-45.01930655892938	-919.1913756018532
1728.0	44.0	19.80330375220237	-44.98618825456787	-918.6305918101306
1729.0	44.0	19.80996741424349	-44.957843606546724	-918.0691272522781
1730.0	44.0	19.816653097401293	-44.92708315010156	-917.5051491478528
1731.0	44.0	19.823348992606455	-44.89162829866296	-916.9394428938922
1732.0	44.0	19.830058503288416	-44.867264022096556	-916.372125656357
1733.0	44.0	19.83678784222957	-44.875529516801244	-915.803177864166
1734.0	44.5	19.97029542097301	-44.9057202603941	-915.2338728600729
1735.0	44.5	19.977493186277076	-44.892170346439585	-914.662554061767
1736.0	44.5	19.984692948963414	-44.84192656227199	-914.0883589926545
1737.0	44.5	19.991916656912544	-44.75415624694633	-913.5105102961985
1738.0	44.5	19.999151994555046	-44.6061159910218	-912.9282218195477
1739.0	44.5	20.006393953880103	-44.4098703572757	-912.3400706422174
1740.0	44.5	20.0136521435958	-44.18410550553844	-911.7459747842853
1741.0	44.5	20.020901073146064	-43.921887613728366	-911.1457141728323
1742.0	44.5	20.028159488057305	-43.62521587115302	-910.5398049349172
1743.0	44.5	20.035416773762943	-43.31241029896282	-909.9278831723346
1744.0	44.5	20.04266535064523	-42.99203221068823	-909.3111616879065
1745.0	44.5	20.04991431980527	-42.665640424930224	-908.6895620310852
1746.0	44.5	20.057169017610363	-42.33236768136684	-908.0647869849013
1747.0	44.5	20.06440603503175	-42.00875883686832	-907.4356588503368
1748.0	44.5	20.071645444591667	-41.74282537817926	-906.803936876492
1749.0	44.5	20.078884740243858	-41.49774538234863	-906.1700128534168
1750.0	44.5	20.086128323838576	-41.27919064155047	-905.5354156633043
1751.0	44.5	20.093367548335777	-41.024104148050256	-904.8982109999196
1752.0	44.5	20.10061120201422	-40.71376802091521	-904.2576664467855
1753.0	44.5	20.107861382989856	-40.33859144209632	-903.6138306993862
1754.0	44.5	20.11427766803944	-170.8428768854582	-902.3459254418617
1755.0	44.5	20.11949795755238	-44.26743396260743	-901.2897367855777
1756.0	44.5	20.124905612163964	-45.78549166367879	-900.3993633754121
1757.0	44.5	20.130485033729624	-46.2977680233021	-899.5900213865165
1758.0	44.5	20.136222614303428	-46.57867630735128	-898.827374255493
1759.0	44.5	20.14210345417034	-46.887105196359464	-898.0953794304255
1760.0	44.5	20.148119141624587	-47.191900280980576	-897.3841161809142
1761.0	44.5	20.154257369415923	-47.492093114971304	-896.6862866433568
1762.0	44.5	20.160505403529143	-47.774856657610485	-895.9989031371139
1763.0	44.5	20.16684635552753	-48.035827334336844	-895.3173001577229
1764.0	45.0	19.833533019301427	-48.25000135161165	-894.6412523942519
1765.0	45.0	19.840282463574813	-48.478158238288984	-893.9680456463005
1766.0	45.0	19.847106475442054	-48.728822108649005	-893.297720944788
1767.0	45.0	19.85398160328565	-48.94828715079987	-892.628974891999
1768.0	45.0	19.860922438312528	-49.11482613196513	-891.9596909859346
1769.0	45.0	19.86790917122692	-49.25432200863748	-891.290176582023
1770.0	45.0	19.874944599553665	-49.37925450718001	-890.6190509412432
1771.0	45.0	19.882017753854427	-49.491040240659785	-889.9474379169783
1772.0	45.0	19.889123553890066	-49.59276976295605	-889.2760574309638
1773.0	45.0	19.89626042046841	-49.709934336991644	-888.6054532647387
1774.0	45.0	19.903438686684403	-49.81500703186786	-887.9344901351587
1775.0	45.0	19.910637045559955	-49.917151147135726	-887.2654485615
1776.0	45.0	19.917860410469654	-50.101709805254984	-886.5981283658318
1777.0	45.0	19.925108632862475	-50.440440687648454	-885.9337404304462
1778.0	45.0	19.932396565336337	-50.80760543235446	-885.2704475120923
1779.0	45.0	19.939711992632688	-51.12246491527603	-884.6087065925074
1780.0	45.0	19.94706574168289	-51.37083043341706	-883.9461941065583
1781.0	45.0	19.95443648275854	-51.522776504898864	-883.2815473045573
1782.0	45.0	19.961835162302133	-51.57216495910867	-882.61235545018
1783.0	45.0	19.96926341311594	-51.52491502555247	-881.9381740048675
1784.0	45.0	19.976701241905992	-51.39773889453776	-881.2605929028468
1785.0	45.0	19.984151551227605	-51.23788582628564	-880.5771879880477
1786.0	45.0	19.99161643282413	-51.10090226641369	-879.8926574976454
1787.0	45.0	19.99908865183662	-51.000951327817475	-879.2077590920945
1788.0	45.0	20.00655823691791	-50.964078570696664	-878.5232356495959
1789.0	45.0	20.014052444466966	-50.93431500818279	-877.8409618639454
1790.0	45.0	20.021561981000854	-50.89861460991512	-877.1587770092026
1791.0	45.0	20.02907416802183	-50.854903939745704	-876.4790885168954
1792.0	45.0	20.036609863526245	-50.837725417861854	-875.7999995814152
1793.0	45.5	19.878400631843103	-50.83654227465511	-875.1235022097678
1794.0	45.5	19.88629122251847	-50.828068904566415	-874.4467378362501
1795.0	45.5	19.89419930057316	-50.76651721722024	-873.7705143020323
1796.0	45.5	19.902118015514464	-50.64359291210001	-873.0912690778006
1797.0	45.5	19.91005262869094	-50.44474138384132	-872.4078464577
1798.0	45.5	19.917983915273176	-50.185357240003164	-871.7213217627341
1799.0	45.5	19.925920774096	-49.88140000881106	-871.0306276187008
1800.0	45.5	19.93385790453696	-49.531504934500596	-870.3361196934111
1801.0	45.5	19.94178188681799	-49.14299538224256	-869.6375128670844
1802.0	45.5	19.949705243119137	-48.747645476038436	-868.9364201539167
1803.0	45.5	19.95761811755752	-48.34751531964023	-868.2308657178987
1804.0	45.5	19.965518767854096	-47.932741414756705	-867.5241409105884
1805.0	45.5	19.973414713731408	-47.51911641224769	-866.8144251860263
1806.0	45.5	19.98130415526191	-47.16771229279617	-866.104133884492
1807.0	45.5	19.98918088163737	-46.84975551881691	-865.3940841569106
1808.0	45.5	19.997061706482935	-46.528620130024834	-864.6832232330539
1809.0	45.5	20.004945547661297	-46.16344632100323	-863.972271615182
1810.0	45.5	20.012820109251432	-45.714129140032924	-863.2594601782653
1811.0	45.5	20.020698545481842	-45.16890431573351	-862.545527363053
1812.0	45.5	20.026206650746957	-172.53679918619832	-861.5656348335824
1813.0	45.5	20.031665981614164	-50.321557186484554	-860.7051153881697
1814.0	45.5	20.03737783923082	-51.241508990728896	-859.9296164689173
1815.0	45.5	20.04330413095886	-51.60823287624188	-859.1956033518466
1816.0	45.5	20.049412137839024	-52.00283852590846	-858.487012208398
1817.0	45.5	20.05570027115285	-52.39025706715738	-857.7949568121712
1818.0	45.5	20.06212573304292	-52.768988496966706	-857.1126079202129
1819.0	45.5	20.06868982099679	-53.12582134700421	-856.4363509289408
1820.0	45.5	20.075369949271433	-53.43755212769221	-855.7635492769851
1821.0	46.0	19.910968525152335	-53.69058984433864	-855.0909376714559
1822.0	46.0	19.918370977415208	-53.93995292861136	-854.418341569008
1823.0	46.0	19.925861022574853	-54.19708619742162	-853.7459847631865
1824.0	46.0	19.933411409753845	-54.391691094177666	-853.0715748610758
1825.0	46.0	19.941019280564667	-54.53014078070826	-852.3951862633735
1826.0	46.0	19.94866647992728	-54.64987237476611	-851.7170367087351
1827.0	46.0	19.956357382786763	-54.76749330789736	-851.0375904368559
1828.0	46.0	19.964083037819776	-54.90487266483912	-850.3589313865238
1829.0	46.0	19.971835445171056	-55.02898608537396	-849.6814014963826
1830.0	46.0	19.97961035251481	-55.13982889920222	-849.0058727489231
1831.0	46.0	19.987416444171572	-55.24331360551739	-848.3339734888283
1832.0	46.0	19.995236780959203	-55.442438188587275	-847.6649413649919
1833.0	46.0	20.00308214716858	-55.81702139299409	-847.0004791729527
1834.0	46.0	20.010944749649852	-56.19016031380908	-846.3402875657582
1835.0	46.0	20.018838164871113	-56.479534540007734	-845.681706629408
1836.0	46.0	20.026738978932585	-56.65182635997207	-845.0225705780381
1837.0	46.0	20.03467006835374	-56.69049969952831	-844.36002978271
1838.0	46.0	20.042599209915593	-56.60152013681297	-843.6945814616863
1839.0	46.0	20.050537999694225	-56.41059377920535	-843.0255093116294
1840.0	46.0	20.058465529473864	-56.16011019434758	-842.3528214511217
1841.0	46.0	20.066382164333312	-55.94377644990182	-841.6800806907753
1842.0	46.0	20.07428789319487	-55.765323807234886	-841.0097074397529
1843.0	46.0	20.082184178440013	-55.66436657912053	-840.3420974183796
1844.0	46.0	20.09006618443793	-55.588166902683575	-839.6796202408254
1845.0	46.0	20.097938182701707	-55.52214685331406	-839.0200380556735
1846.0	46.0	20.105796291425406	-55.45345466163969	-838.3636699061988
1847.0	46.5	20.20084534509428	-55.39749685622466	-837.7087674164794
1848.0	46.5	20.209443842015755	-55.3522387153087	-837.0555867878362
1849.0	46.5	20.218014503752084	-55.25853181318304	-836.4007623502883
1850.0	46.5	20.226558608277085	-55.088080635669314	-835.7430211684026
1851.0	46.5	20.23507414891451	-54.83779258499102	-835.0789255680307
1852.0	46.5	20.243555478078964	-54.48598271395457	-834.405940069879
1853.0	46.5	20.25197758988596	-54.06736524395037	-833.7230743467214
1854.0	46.5	20.260352803229342	-53.598128398558934	-833.0290567804063
1855.0	46.5	20.268663063027596	-53.07698802396488	-832.3229081859744
1856.0	46.5	20.276900267421485	-52.53959832461818	-831.6051484994011
1857.0	46.5	20.285074604076318	-51.99743194349995	-830.8755700880724
1858.0	46.5	20.293158976300102	-51.433069131473516	-830.1346120345676
1859.0	46.5	20.301163220896395	-50.85697405262223	-829.3812459202227
1860.0	46.5	20.30908496063582	-50.33494478793703	-828.6172670199539
1861.0	46.5	20.316924929547813	-49.870174284071645	-827.844377733647
1862.0	46.5	20.324676810796877	-49.39210799781887	-827.0615045222726
1863.0	46.5	20.33232997736936	-48.871336942903454	-826.2684743841486
1864.0	46.5	20.339888625114188	-48.25685835102291	-825.4638778444483
1865.0	46.5	20.34735114130158	-47.52941006964873	-824.6456897044504
1866.0	46.5	20.352124306550458	-165.05972837477685	-822.9455659862689
1867.0	46.5	20.356710135827647	-53.05742106680496	-821.8478430882537
1868.0	46.5	20.36143343413844	-53.96121485865969	-820.8668970086857
1869.0	46.5	20.366268270416498	-54.2353048475933	-819.9341559140255
1870.0	46.5	20.371193790885215	-54.547839662944625	-819.0275682840914
1871.0	46.5	20.3761772871423	-54.852880110754974	-818.1365432363044
1872.0	46.5	20.381206568347892	-55.13761453514064	-817.2503261551179
1873.0	46.5	20.38626878344791	-55.392875550755484	-816.3663983881173
1874.0	47.0	20.02194069077766	-55.54266427996296	-815.4802207762307
1875.0	47.0	20.027524815933806	-55.63082351664622	-814.5908071379857
1876.0	47.0	20.033082326966166	-55.706621644338654	-813.6981619306589
1877.0	47.0	20.038611986701554	-55.787162445688885	-812.8046090194649
1878.0	47.0	20.044107411176675	-55.80551130890138	-811.9089990795267
1879.0	47.0	20.049558702685797	-55.769526217673	-811.0137540608886
1880.0	47.0	20.05497977003425	-55.71377542597277	-810.119381969611
1881.0	47.0	20.060346566224084	-55.65764319794224	-809.2286736511946
1882.0	47.0	20.065662587649697	-55.59226819247569	-808.3433282082577
1883.0	47.0	20.070936722789007	-55.537319393755055	-807.4654746771828
1884.0	47.0	20.07616677944554	-55.476708304581535	-806.5963003667181
1885.0	47.0	20.081364104433977	-55.41006144118993	-805.736033060934
1886.0	47.0	20.08652095309963	-55.43027102872759	-804.8858840741358
1887.0	47.0	20.091647475238393	-55.61770843932703	-804.0467040373572
1888.0	47.0	20.09676009305189	-55.817866209058344	-803.2198295073558
1889.0	47.0	20.10184801125234	-55.94415021136402	-802.4016792976615
1890.0	47.0	20.10692145887467	-55.97115514777167	-801.5893858419414
1891.0	47.0	20.11199059991346	-55.88560222669124	-800.7836956202309
1892.0	47.0	20.11703764733041	-55.686240660245964	-799.9829600688582
1893.0	47.0	20.122065509486863	-55.39447821417621	-799.1865950718237
1894.0	47.0	20.127085584855863	-55.03791039812247	-798.3945071799307
1895.0	47.0	20.13207716390596	-54.68501770026338	-797.6090026736234
1896.0	47.0	20.1370464382251	-54.387789318718575	-796.8329280674618
1897.0	47.0	20.14199999062207	-54.1502192341294	-796.0680076622942
1898.0	47.0	20.14694826502783	-53.95806267384979	-795.3134720929519
1899.0	47.0	20.15187066293848	-53.78101461042834	-794.569745958027
1900.0	47.0	20.156789573261175	-53.6029441902725	-793.8369355076676
1901.0	47.0	20.1617042407867	-53.418177783204506	-793.113110655671
1902.0	47.5	19.977159528494937	-53.21600102746945	-792.3979124678268
1903.0	47.5	19.982732717637536	-53.05897333607827	-791.690303810571
1904.0	47.5	19.988313395851552	-52.872756798644	-790.9906124226688
1905.0	47.5	19.99387946611352	-52.62018677091377	-790.2944257485422
1906.0	47.5	19.999426089159016	-52.29318806457906	-789.6012876090284
1907.0	47.5	20.004966454799604	-51.88689252767636	-788.9097946130507
1908.0	47.5	20.01048247374299	-51.433998091789164	-788.2199899287733
1909.0	47.5	20.015969778341134	-50.94256284876501	-787.530322349793
1910.0	47.5	20.02144441117521	-50.417810117423755	-786.8421919133731
1911.0	47.5	20.02688232951132	-49.87568991580544	-786.1548474356189
1912.0	47.5	20.032291730494332	-49.33463950792621	-785.4686352213696
1913.0	47.5	20.03767737545984	-48.78853712801153	-784.7820079300573
1914.0	47.5	20.043025026482297	-48.23548464382543	-784.0969443477542
1915.0	47.5	20.048336160084617	-47.69686075402917	-783.411859951642
1916.0	47.5	20.053621591890362	-47.23464997945399	-782.728385322715
1917.0	47.5	20.05888884960015	-46.81368514600143	-782.0467301389521
1918.0	47.5	20.06412122494561	-46.38106925185754	-781.3681477235348
1919.0	47.5	20.06933140436325	-45.88544288229583	-780.6907326897069
1920.0	47.5	20.07451288949395	-45.30721521820522	-780.0124890647774
1921.0	47.5	20.079076597611316	-73.71229785057736	-779.0940683999969
1922.0	47.5	20.08270796328289	-145.35338312242644	-778.1655554561765
1923.0	47.5	20.08645793241611	-50.25576375209523	-777.3761049086431
1924.0	47.5	20.090304239923704	-50.71618878174003	-776.6459103241525
1925.0	47.5	20.09423947969196	-50.944311749161436	-775.949538421755
1926.0	47.5	20.09826962944455	-51.243660798422994	-775.2780266450757
1927.0	47.5	20.102366315194505	-51.50726416811561	-774.6250298866188
1928.0	47.5	20.10653194964496	-51.747790344952996	-773.984810921168
1929.0	47.5	20.11076469215605	-51.973212919129224	-773.3540539142912
1930.0	47.5	20.115050542478812	-52.15356202879345	-772.7312647576342
1931.0	48.0	19.931808737201322	-52.27412678100879	-772.1134889428399
1932.0	48.0	19.93692335452624	-52.392964536832146	-771.5017452606494
1933.0	48.0	19.942075230978816	-52.52059904382399	-770.8951471475043
1934.0	48.0	19.94724990671185	-52.5956536234143	-770.2918415139103
1935.0	48.0	19.952453800048218	-52.61159938013932	-769.6915622546597
1936.0	48.0	19.957682863396112	-52.603852270503005	-769.0963712557021
1937.0	48.0	19.9629191936671	-52.58927374229142	-768.504725077655
1938.0	48.0	19.96816782194127	-52.58763019109934	-767.9190278937114
1939.0	48.0	19.973420574753952	-52.59204637108608	-767.3397532368576
1940.0	48.0	19.978676252300893	-52.577832520734724	-766.7665186540307
1941.0	48.0	19.98394059403642	-52.55418507446575	-766.2001331518674
1942.0	48.0	19.98919889142432	-52.5408658048114	-765.640796033317
1943.0	48.0	19.994467638424286	-52.67171694351793	-765.0906677628466
1944.0	48.0	19.9997425067508	-52.89427978594221	-764.5474242078262
1945.0	48.0	20.005014643123868	-53.106370580294985	-764.0121160161412
1946.0	48.0	20.010300540333617	-53.24414742278938	-763.4819184300317
1947.0	48.0	20.01558317498215	-53.2948153097475	-762.9539126368433
1948.0	48.0	20.020866392901013	-53.23998354489321	-762.4282402603264
1949.0	48.0	20.026147930156274	-53.08244712121062	-761.9041049910004
1950.0	48.0	20.031418577530843	-52.83958054697504	-761.3803353352015
1951.0	48.0	20.036674410138822	-52.537271593883304	-760.8589556553333
1952.0	48.0	20.041913216833564	-52.24895253401975	-760.340945594206
1953.0	48.0	20.047134102213196	-51.994346433154334	-759.828879465731
1954.0	48.0	20.052332851812206	-51.790757654019956	-759.3238961736035
1955.0	48.0	20.057515531819853	-51.62284025866281	-758.8278884355432
1956.0	48.0	20.06267365012105	-51.45627780460682	-758.3406524332321
1957.0	48.0	20.067826756598002	-51.291745179266904	-757.8629473707746
1958.0	48.0	20.072976836656608	-51.12631482452074	-757.3938097957407
1959.0	48.5	20.154417522049005	-50.99792381030056	-756.9339207590988
1960.0	48.5	20.16054271585198	-50.87267495528972	-756.4833629482308
1961.0	48.5	20.166660846535294	-50.71901370321441	-756.0414217952243
1962.0	48.5	20.17275857498787	-50.50366787291933	-755.6084616074755
1963.0	48.5	20.17883903630779	-50.22756528184639	-755.1817320322162
1964.0	48.5	20.184887326973445	-49.87722838457215	-754.7608072613782
1965.0	48.5	20.190917471391757	-49.45594858376194	-754.3450016701354
1966.0	48.5	20.19690640182653	-49.00524468696412	-753.9366455122264
1967.0	48.5	20.20286707299655	-48.524095675505514	-753.532873184913
1968.0	48.5	20.208781572968192	-48.01333341084899	-753.1364611335927
1969.0	48.5	20.21465383507574	-47.48804068092784	-752.748377317564
1970.0	48.5	20.220486817026707	-46.97198322910633	-752.3673012103604
1971.0	48.5	20.22627545632001	-46.455457685667305	-751.9952181496511
1972.0	48.5	20.232024798778454	-45.92637639576949	-751.6314651859252
1973.0	48.5	20.237723256986964	-45.44296694509744	-751.2779576944806
1974.0	48.5	20.24337677888497	-45.01755159898343	-750.935444529721
1975.0	48.5	20.24899637748629	-44.63267760604065	-750.6060752733077
1976.0	48.5	20.254569124727446	-44.22266431156255	-750.2876837999546
1977.0	48.5	20.260109091085834	-43.752999197813836	-749.9798330714472
1978.0	48.5	20.26560638209953	-43.2105104761862	-749.6821094558164
1979.0	48.5	20.270457071983138	-68.37991147165343	-748.4688480216289
1980.0	48.5	20.317769097166344	-90.80799640797174	-747.8491663115524
1981.0	48.5	20.321807402925963	-48.23818700310162	-747.4210876142682
1982.0	48.5	20.32591850276876	-48.725365290718656	-747.083018105696
1983.0	48.5	20.330121908770806	-48.93991252716444	-746.7973541292622
1984.0	48.5	20.334381929891347	-49.200897495274646	-746.5468270490851
1985.0	48.5	20.33871258740251	-49.4383244596207	-746.3193217056589
1986.0	48.5	20.34309325757608	-49.65366184411335	-746.1075248349924
1987.0	48.5	20.347522326331802	-49.860380045405925	-745.905340042069
1988.0	48.5	20.351992559146446	-50.03255944789428	-745.7061238820315
1989.0	49.0	19.9479820372588	-50.11938213775639	-745.5066556201685
1990.0	49.0	19.952960721531515	-50.21646294813784	-745.304018557792
1991.0	49.0	19.957950614665098	-50.33723718564065	-745.09519163758
1992.0	49.0	19.96295414765469	-50.42497850661104	-744.8780030174784
1993.0	49.0	19.96796221620216	-50.45665256087114	-744.6491684054988
1994.0	49.0	19.97297846928162	-50.44858222771924	-744.4081024160737
1995.0	49.0	19.97800060074222	-50.42990705081602	-744.1536554789459
1996.0	49.0	19.983005088316112	-50.404787896330575	-743.884995130382
1997.0	49.0	19.98800072679544	-50.37366163294735	-743.6026315714407
1998.0	49.0	19.992973815887357	-50.33472160838311	-743.3080062183556
1999.0	49.0	19.997948316743237	-50.30714619746972	-742.9978237549035
2000.0	49.0	20.002899168127104	-50.262522660299176	-742.6755471801506
2001.0	49.0	20.007844246197454	-50.261258561065844	-742.3396637512548
2002.0	49.0	20.012768212851846	-50.407340157910326	-741.991286806546
2003.0	49.0	20.017688489165096	-50.618239718152495	-741.6312265241368
2004.0	49.0	20.022591519336256	-50.802860933631	-741.2572783819375
2005.0	49.0	20.027489512407644	-50.913327669243266	-740.868140689582
2006.0	49.0	20.03238082459611	-50.94665521752356	-740.4613689437084
2007.0	49.0	20.037257057237206	-50.88943229499041	-740.0376892803239
2008.0	49.0	20.042113132356615	-50.740845380068954	-739.5962732951083
2009.0	49.0	20.046954845415364	-50.51526291772592	-739.1362878388934
2010.0	49.0	20.051770112793346	-50.23736164055554	-738.6603127291028
2011.0	49.0	20.05655138777047	-49.96869728402033	-738.1680416208003
2012.0	49.0	20.06132023103395	-49.726024731738605	-737.6635865465372
2013.0	49.0	20.066058995082948	-49.530837057687876	-737.1484590533108
2014.0	49.0	20.070763974379663	-49.37052700569465	-736.6222560738181
2015.0	49.0	20.075455211769768	-49.21872508048432	-736.0871570223086
2016.0	49.0	20.08013416996881	-49.06870470928562	-735.5429615905022
2017.0	49.0	20.084784959842164	-48.91423407778488	-734.9902304574751
2018.0	49.0	20.08942798455939	-48.77319980084456	-734.4287548676976
2019.0	49.5	19.901893905988356	-48.66368917298096	-733.8594534784171
2020.0	49.5	19.90711146890735	-48.538188684190324	-733.2829131428826
2021.0	49.5	19.912330228284034	-48.36972826469799	-732.6988651678145
2022.0	49.5	19.917526214737666	-48.14132373639553	-732.1044713520645
2023.0	49.5	19.922697217636824	-47.848999862494885	-731.5003476843742
2024.0	49.5	19.927855807879943	-47.490997773054836	-730.886065307078
2025.0	49.5	19.932984606648397	-47.092573070497686	-730.2636324112212
2026.0	49.5	19.938091266178397	-46.66565908175132	-729.6319201751431
2027.0	49.5	19.943159366416555	-46.21065848425337	-728.9931586108169
2028.0	49.5	19.9482027386782	-45.743541448621855	-728.3473948115583
2029.0	49.5	19.95320535309805	-45.26967418631501	-727.6955468157729
2030.0	49.5	19.958172021235605	-44.7897942274169	-727.0386418579168
2031.0	49.5	19.963112136880714	-44.3125637778602	-726.3769824342186
2032.0	49.5	19.968011352871148	-43.84185720709886	-725.7119042726387
2033.0	49.5	19.972873952980034	-43.429120033157446	-725.0455826677719
2034.0	49.5	19.97770906034521	-43.04941756042261	-724.3775203680361
2035.0	49.5	19.982520378024642	-42.69963380172274	-723.7105557729806
2036.0	49.5	19.987302897638617	-42.32186349516515	-723.0438188794154
2037.0	49.5	19.99206490030679	-41.89237813858263	-722.3780891922189
2038.0	49.5	19.99680222160259	-41.40040625359955	-721.7135892718319
2039.0	49.5	20.000810942615338	-171.66611601524284	-720.5440979793439
2040.0	49.5	20.00409166969236	-44.75533872606065	-719.5640874885999
2041.0	49.5	20.007523599753306	-46.184176731528716	-718.9093238627825
2042.0	49.5	20.011064848592085	-46.58305458791648	-718.3243616292381
2043.0	49.5	20.01469508176168	-46.78177245574282	-717.7733025010159
2044.0	49.5	20.01841771409036	-47.02872692300924	-717.2454983473432
2045.0	49.5	20.022199199987195	-47.255972063053306	-716.7344121940214
2046.0	49.5	20.026059142470324	-47.46215405456276	-716.2353210240088
2047.0	49.5	20.02998808451955	-47.65492953771279	-715.74551763429
2048.0	49.5	20.03396243249046	-47.82640955425653	-715.262853366554
2049.0	50.0	20.087044534638355	-47.969436276435886	-714.7862561067425
2050.0	50.0	20.0920509866386	-48.08319271196551	-714.3146644729256
2051.0	50.0	20.09709243652266	-48.22025317116576	-713.84897662683
2052.0	50.0	20.102160402293304	-48.33920493659116	-713.3882288384204
2053.0	50.0	20.107264551871076	-48.40516276415807	-712.9293146693751
2054.0	50.0	20.11238779105799	-48.415514648376984	-712.4735301320915
2055.0	50.0	20.11754232959263	-48.40682404073481	-712.0180064640065
2056.0	50.0	20.122704476552894	-48.40172873044911	-711.5644133346524
2057.0	50.0	20.12788726201758	-48.39669273638744	-711.1129140412371
2058.0	50.0	20.133064927824456	-48.40010430854568	-710.6627855850032
2059.0	50.0	20.138256878071616	-48.39153365187169	-710.2149208502166
2060.0	50.0	20.1434642449214	-48.37088356447973	-709.7670512907208
2061.0	50.0	20.14867117731534	-48.341222984142924	-709.320047320673
2062.0	50.0	20.153878315512394	-48.39206009769673	-708.8738151865927
2063.0	50.0	20.1590982006339	-48.57985509522683	-708.4290681444143
2064.0	50.0	20.16432840983346	-48.78916387946612	-707.9830911780638
2065.0	50.0	20.169570684178456	-48.9715736979097	-707.5350901747275
2066.0	50.0	20.174820925736423	-49.092627876235056	-707.0818532622752
2067.0	50.0	20.180074253122974	-49.142351300570674	-706.6214889092033
2068.0	50.0	20.185337420415696	-49.10627955843442	-706.1543250695726
2069.0	50.0	20.190594214329895	-48.98524346490083	-705.6780017707288
2070.0	50.0	20.19585075938307	-48.79277292528971	-705.1918987137994
2071.0	50.0	20.20108798466113	-48.55268485451971	-704.6972621929243
2072.0	50.0	20.20631787460092	-48.321448386248434	-704.1945214157759
2073.0	50.0	20.211535936778432	-48.108223289285974	-703.6841182425417
2074.0	50.0	20.216744001766376	-47.93773696472278	-703.1676321689176
2075.0	50.0	20.22193479599221	-47.79480287987224	-702.6470635586314
2076.0	50.0	20.22710331277391	-47.65408811215952	-702.1216242598606
2077.0	50.0	20.232277824821367	-47.517939115368215	-701.590765082382
2078.0	50.0	20.237436173074563	-47.376144610423644	-701.0554476836181
2079.0	50.0	20.2425891986404	-47.26309505641169	-700.5145008317767
2080.0	50.5	19.880234302791152	-47.161289169878565	-699.9678647155218
2081.0	50.5	19.88574320268164	-47.066176323019384	-699.4176268431817
2082.0	50.5	19.89125496375832	-46.93061643728462	-698.8614460634394
2083.0	50.5	19.896749874734063	-46.738053296152	-698.2979659643098
2084.0	50.5	19.902240973314072	-46.49250808586444	-697.7268596475463
2085.0	50.5	19.907728442406444	-46.18485193945831	-697.1469237965807
2086.0	50.5	19.91318934171056	-45.82089916293966	-696.5577378135886
2087.0	50.5	19.91863750388739	-45.4332118069536	-695.960350027475
2088.0	50.5	19.92406011940385	-45.0216007850548	-695.3532975494608
2089.0	50.5	19.92946646263804	-44.58633518029611	-694.7376951308561
2090.0	50.5	19.934840808767028	-44.1368130072232	-694.1127944516113
2091.0	50.5	19.940188358776627	-43.6948679970427	-693.4783378375382
2092.0	50.5	19.945513902277895	-43.255511129090685	-692.8353063371851
2093.0	50.5	19.95080373659168	-42.80997988320043	-692.1830027359422
2094.0	50.5	19.95607463502178	-42.38932563825772	-691.5216410305413
2095.0	50.5	19.961312666950487	-42.02042290185584	-690.8523641946956
2096.0	50.5	19.966523982438815	-41.69959345608338	-690.1761395870079
2097.0	50.5	19.971713564412077	-41.381062571709954	-689.4925460985935
2098.0	50.5	19.97687755200041	-41.02177846815265	-688.8000644275052
2099.0	50.5	19.982018196637696	-40.60874917676556	-688.0997592907246
2100.0	50.5	19.987135706280064	-40.13286409188633	-687.38862146811
2101.0	50.5	19.991122915855687	-175.46621814022757	-685.8980383207744
2102.0	50.5	19.99489001656521	-44.497647310434274	-685.1276354758679
2103.0	50.5	19.99876735295565	-45.547025166682985	-684.4884474316606
2104.0	50.5	20.00275496414536	-45.86208400960178	-683.8828364886114
2105.0	50.5	20.00683194518672	-46.08901088444397	-683.2866360382037
2106.0	50.5	20.01097936967925	-46.342889998174115	-682.6915918144741
2107.0	50.5	20.01521239258807	-46.56922060846693	-682.091568875027
2108.0	50.5	20.019498192238206	-46.78158810978798	-681.4828329523494
2109.0	50.5	20.023848290001467	-46.98836354006263	-680.8658485687223
2110.0	50.5	20.028242187804977	-47.16902437559021	-680.2371171780153
2111.0	51.0	19.841623076482556	-47.291717986830754	-679.5972354139041
2112.0	51.0	19.846705928968827	-47.419631466820036	-678.9478227802839
2113.0	51.0	19.85181179534399	-47.57071317951907	-678.2876083091127
2114.0	51.0	19.85693127551645	-47.69490905842597	-677.6178286828527
2115.0	51.0	19.862081066311365	-47.7670477261471	-676.9370660593522
2116.0	51.0	19.86723111405711	-47.78983304667277	-676.245795976898
2117.0	51.0	19.87240402688344	-47.80592632792404	-675.5438462054879
2118.0	51.0	19.877575991971316	-47.81070848133561	-674.8326337330236
2119.0	51.0	19.88274807400559	-47.815282462165214	-674.1136635409473
2120.0	51.0	19.887921149329628	-47.798758217881726	-673.3852430672084
2121.0	51.0	19.893089826774904	-47.79472503771991	-672.6499584360062
2122.0	51.0	19.898253711375222	-47.78848475589116	-671.9072409548453
2123.0	51.0	19.903407294106817	-47.77571221123781	-671.1579480743693
2124.0	51.0	19.90856324046206	-47.865876647406466	-670.4028357222423
2125.0	51.0	19.913725159626363	-48.071391568326376	-669.6420110754416
2126.0	51.0	19.918873730067652	-48.30151730763627	-668.8743621403372
2127.0	51.0	19.92403043037943	-48.4859118125193	-668.0990672291013
2128.0	51.0	19.929183916481286	-48.60614984866668	-667.3135471966295
2129.0	51.0	19.934344554035103	-48.65469440060526	-666.5175834487944
2130.0	51.0	19.939504007885887	-48.620225020856104	-665.7104037784475
2131.0	51.0	19.94465122668416	-48.505048355725215	-664.8905621028047
2132.0	51.0	19.949792813129395	-48.320796297000406	-664.0578732183313
2133.0	51.0	19.95492796855612	-48.09426162791262	-663.213386739952
2134.0	51.0	19.960040551046653	-47.88076127082336	-662.3574703997018
2135.0	51.0	19.965138429320575	-47.689281757750436	-661.4935707607253
2136.0	51.0	19.970215190477543	-47.54171237412841	-660.6205814352986
2137.0	51.0	19.97528277134092	-47.41895730595698	-659.7400574304573
2138.0	51.0	19.980332569377953	-47.29894938539205	-658.8522267943486
2139.0	51.0	19.98537855303192	-47.17256382579723	-657.9564233615525
2140.0	51.0	19.99040520778539	-47.03661236822503	-657.0529196079024
2141.0	51.0	19.995416591339733	-46.924599743785244	-656.1416859347624
2142.0	51.5	19.81971941760628	-46.84773732618511	-655.2227638398701
2143.0	51.5	19.825271552919375	-46.757228709613116	-654.2950419744507
2144.0	51.5	19.830805634878757	-46.630294517777884	-653.3599503138306
2145.0	51.5	19.836326222178688	-46.44913169988661	-652.4129696599101
2146.0	51.5	19.841842614774297	-46.21030664274902	-651.455919792425
2147.0	51.5	19.84733521728543	-45.90864765408113	-650.4852954044452
2148.0	51.5	19.852799728627673	-45.56480147818485	-649.5033757077267
2149.0	51.5	19.85824628676846	-45.19678342242535	-648.510268889441
2150.0	51.5	19.86365701854214	-44.80077045177448	-647.506639033099
2151.0	51.5	19.86905231701586	-44.38295131238779	-646.4919937948891
2152.0	51.5	19.874398932722176	-43.94738719567251	-645.4665447431225
2153.0	51.5	19.879717045558074	-43.5142237674732	-644.432812843394
2154.0	51.5	19.88499276900129	-43.08240915155525	-643.3883474751659
2155.0	51.5	19.890231482223147	-42.64124677314159	-642.3361282792588
2156.0	51.5	19.895437788124582	-42.235449877219295	-641.2750718271036
2157.0	51.5	19.900602813930647	-41.87292134775511	-640.2086102184468
2158.0	51.5	19.9057309650965	-41.56775530420818	-639.1349599081436
2159.0	51.5	19.91082725963666	-41.247108829102466	-638.056157476524
2160.0	51.5	19.915896122569624	-40.87997128772612	-636.9701626807956
2161.0	51.5	19.920930655944854	-40.456164096068605	-635.8763231813958
2162.0	51.5	19.925938717579353	-74.7109427725804	-634.7763082178362
2163.0	51.5	19.929504059690224	-141.27728123398379	-633.7198521146804
2164.0	51.5	19.933197882304597	-44.46720962142173	-632.7140382779413
2165.0	51.5	19.937004389058604	-45.23399586684763	-631.7548096942775
2166.0	51.5	19.940891904919223	-45.47247032326224	-630.7997450678345
2167.0	51.5	19.944867654833246	-45.68572981737812	-629.8295883069676
2168.0	51.5	19.948900810777005	-45.91072587241689	-628.8411767988422
2169.0	51.5	19.952989422665894	-46.102634843577384	-627.8346638519465
2170.0	51.5	19.957117831020554	-46.27181231796848	-626.811087717279
2171.0	51.5	19.961277239976166	-46.42603809392827	-625.7725991363001
2172.0	51.5	19.965466421928387	-46.56367702387045	-624.7189606905999
2173.0	52.0	20.05200164994268	-46.67942084180851	-623.6525132201899
2174.0	52.0	20.057118613236838	-46.77581740869006	-622.5729715014712
2175.0	52.0	20.062240932724464	-46.89877561168823	-621.4818380927946
2176.0	52.0	20.067365420327786	-46.99392529824644	-620.3788952944795
2177.0	52.0	20.072489946878548	-47.03599471798003	-619.2649324281116
2178.0	52.0	20.07760029055971	-47.02748587119174	-618.140742458635
2179.0	52.0	20.082709486311728	-47.01489414157563	-617.005941934045
2180.0	52.0	20.08778817549405	-46.98828794451981	-615.8626534699536
2181.0	52.0	20.09286132763295	-46.95902954874051	-614.7125248016526
2182.0	52.0	20.09790396921508	-46.9377748242307	-613.5555672825174
2183.0	52.0	20.102924217318602	-46.90140288773205	-612.3939554927484
2184.0	52.0	20.107927336694736	-46.857269579816084	-611.2279315595136
2185.0	52.0	20.112898355097588	-46.80842150662254	-610.0585875510774
2186.0	52.0	20.11783984106443	-46.83424963453042	-608.8863287290889
2187.0	52.0	20.122764033353924	-46.97700612568493	-607.7144908249678
2188.0	52.0	20.127674838470227	-47.14662560943234	-606.5417923053545
2189.0	52.0	20.13255956804452	-47.29627936174115	-605.3684069120725
2190.0	52.0	20.137424836456347	-47.392509440314605	-604.193619425502
2191.0	52.0	20.142279656920948	-47.42768062316478	-603.0158320948129
2192.0	52.0	20.147100141313175	-47.38467579254916	-601.8359962954306
2193.0	52.0	20.151900010080738	-47.266271053884005	-600.6549659769171
2194.0	52.0	20.156675001818897	-47.07924041724944	-599.4718132851256
2195.0	52.0	20.161413023509976	-46.84154011289939	-598.2870405677766
2196.0	52.0	20.16612066164992	-46.591597943786844	-597.1028797024918
2197.0	52.0	20.170794446572813	-46.35954918642181	-595.9217869689187
2198.0	52.0	20.175427723658153	-46.164160131372945	-594.7447028777797
2199.0	52.0	20.180028602244004	-45.99808750889996	-593.5730685298325
2200.0	52.0	20.184605808784895	-45.83289762816867	-592.4075681443134
2201.0	52.0	20.189141509482816	-45.665666183125055	-591.248978185779
2202.0	52.0	20.193642884070123	-45.49097587462221	-590.0961874283851
2203.0	52.0	20.198121822287764	-45.314685951060014	-588.950016849085
2204.0	52.0	20.20257275381312	-45.16478142899255	-587.8116599736405
2205.0	52.5	19.844770556393637	-45.02354072596001	-586.6812165929534
2206.0	52.5	19.849542925426668	-44.88558038701694	-585.5583741683312
2207.0	52.5	19.8542823993942	-44.713754562052095	-584.4436580175301
2208.0	52.5	19.859008265388276	-44.49190763109397	-583.3350090195289
2209.0	52.5	19.86370053665489	-44.226413318479494	-582.2332842728821
2210.0	52.5	19.868374930887953	-43.90466030044703	-581.1368813845447
2211.0	52.5	19.873020176390572	-43.5395684694344	-580.0463068169427
2212.0	52.5	19.87763577100843	-43.162096587098695	-578.9632603950399
2213.0	52.5	19.88220583814858	-42.7653581014829	-577.8857420918089
2214.0	52.5	19.88675711862831	-42.346308979407816	-576.8156838650572
2215.0	52.5	19.89126632476401	-41.90852082256742	-575.7520493099435
2216.0	52.5	19.895750132238394	-41.46852478391537	-574.6958637357924
2217.0	52.5	19.90019220431218	-41.036276108921214	-573.6471945128983
2218.0	52.5	19.904601684814047	-40.60492432417655	-572.6061391612717
2219.0	52.5	19.90898876927103	-40.17317460654323	-571.5741507341072
2220.0	52.5	19.91333637411385	-39.79468787328744	-570.550047176365
2221.0	52.5	19.917665161499638	-39.471394769202185	-569.5376642417092
2222.0	52.5	19.92196011535405	-39.18567446450421	-568.536998916356
2223.0	52.5	19.926245372267438	-38.869602129981146	-567.5485102497921
2224.0	52.5	19.930498056444428	-38.51436557603638	-566.5710987222091
2225.0	52.5	19.934737720673276	-38.113551268556954	-565.6042928063132
2226.0	52.5	19.93896415134575	-74.78890635307727	-564.6495828828433
2227.0	52.5	19.94207853963588	-143.22155361481614	-563.2899240704534
2228.0	52.5	19.94529100276706	-42.59180841171897	-562.3105970866674
2229.0	52.5	19.948591327862456	-43.26065013732583	-561.4013293670288
2230.0	52.5	19.95195320885517	-43.46268504355327	-560.5383093744256
2231.0	52.5	19.95537375203886	-43.60631808538389	-559.7070486953496
2232.0	52.5	19.95884987701583	-43.76826010444275	-558.9029530690821
2233.0	52.5	19.962373890219574	-43.908343377821495	-558.1217342908398
2234.0	52.5	19.9659299992163	-44.0369858083032	-557.3607490321025
2235.0	52.5	19.969527953504027	-44.16201447461837	-556.6214816120996
2236.0	52.5	19.973142323593333	-44.26568744541868	-555.9029906108253
2237.0	52.5	19.97680119621743	-44.34915190053668	-555.2055689222375
2238.0	53.0	19.79683245632198	-44.40683669880428	-554.5304857396633
2239.0	53.0	19.801111558519118	-44.49621768657095	-553.8780228691274
2240.0	53.0	19.805408614975182	-44.592629566941945	-553.2493640304947
2241.0	53.0	19.809716675913823	-44.66088241386397	-552.6429381242857
2242.0	53.0	19.814025141151856	-44.68455020284031	-552.0603526549961
2243.0	53.0	19.818341791225574	-44.68647395138703	-551.5012935290315
2244.0	53.0	19.822654642770303	-44.67925957849932	-550.966535341792
2245.0	53.0	19.8269625247876	-44.65715048057053	-550.4559354348039
2246.0	53.0	19.83127350387124	-44.614612358830136	-549.9701360818216
2247.0	53.0	19.83556134472704	-44.558740681055376	-549.5099121365146
2248.0	53.0	19.83985081466506	-44.52019660296458	-549.074886583521
2249.0	53.0	19.844134557469612	-44.47443009371431	-548.6658544139783
2250.0	53.0	19.84840625256392	-44.427102234928526	-548.2819766837733
2251.0	53.0	19.85265991540454	-44.461647636497936	-547.9246567324378
2252.0	53.0	19.856923282434497	-44.58916131876979	-547.594442582212
2253.0	53.0	19.86117517852899	-44.768104246342126	-547.2879106535518
2254.0	53.0	19.865426418559007	-44.92728757406594	-547.005812807022
2255.0	53.0	19.869679019593338	-45.04518418428468	-546.7452225086477
2256.0	53.0	19.8739334929142	-45.11112111879141	-546.5049636270872
2257.0	53.0	19.878192219755142	-45.121663934695114	-546.2837859808322
2258.0	53.0	19.88244864971183	-45.06636628593384	-546.0791264599068
2259.0	53.0	19.886702591215347	-44.95028113383713	-545.8902753982766
2260.0	53.0	19.89095604244266	-44.78111540905978	-545.716628083974
2261.0	53.0	19.895202232977724	-44.586942695121934	-545.5565725791857
2262.0	53.0	19.899433582001127	-44.38919409589903	-545.4104741553116
2263.0	53.0	19.903664569662897	-44.21517789390537	-545.2770211285437
2264.0	53.0	19.9078806671079	-44.085743187814614	-545.1584755978602
2265.0	53.0	19.91210743079347	-43.963322720609746	-545.0512424956756
2266.0	53.0	19.916314231498013	-43.8385031002637	-544.9552573051502
2267.0	53.0	19.920526125072378	-43.7069617125457	-544.8693700145053
2268.0	53.0	19.924738000132816	-43.56513413229327	-544.7929941061886
2269.0	53.0	19.928941483245556	-43.431500991286704	-544.722471207161
2270.0	53.0	19.933155109125607	-43.3079270314447	-544.6589789451986
2271.0	53.5	19.765116355495337	-43.22791962157583	-544.6013397333412
2272.0	53.5	19.769869761412888	-43.12478563181699	-544.54634390727
2273.0	53.5	19.774618948504283	-42.9930425384297	-544.4942818978815
2274.0	53.5	19.77937565730061	-42.82182173330124	-544.4406843254135
2275.0	53.5	19.784124325278647	-42.60452692697429	-544.3845486479603
2276.0	53.5	19.78887427174875	-42.34498816506316	-544.325456013666
2277.0	53.5	19.793615897888223	-42.06297522270853	-544.2613036897734
2278.0	53.5	19.79834991434073	-41.75695501279972	-544.19181024485
2279.0	53.5	19.80307932018996	-41.43031930309213	-544.1161676458344
2280.0	53.5	19.807787717466855	-41.08403261467846	-544.0333236644314
2281.0	53.5	19.812477230274986	-40.71640042176978	-543.9435026031641
2282.0	53.5	19.81715932725187	-40.341397878303724	-543.8452146316841
2283.0	53.5	19.821828773470124	-39.97033593976552	-543.7394738614122
2284.0	53.5	19.82647702359877	-39.600546103789625	-543.6244162707688
2285.0	53.5	19.831099329136865	-39.229467227638146	-543.500203638857
2286.0	53.5	19.83571434714845	-38.90942351057474	-543.3683804372963
2287.0	53.5	19.84031081550267	-38.622890471660085	-543.228775375693
2288.0	53.5	19.84489270337915	-38.38263575067032	-543.0816741031339
2289.0	53.5	19.849461420438573	-38.113170978385085	-542.9257176756886
2290.0	53.5	19.854017728025	-37.80576060679205	-542.7607490480897
2291.0	53.5	19.858563644462066	-37.453987429605455	-542.5861509805092
2292.0	53.5	19.8630880509812	-37.05212935092627	-542.4017690432361
2293.0	53.5	19.866654390419303	-180.27313000821613	-542.1501977943255
2294.0	53.5	19.87020817781663	-41.68913687809741	-541.9335653920293
2295.0	53.5	19.87384088265687	-42.381233545397976	-541.7378677851448
2296.0	53.5	19.877546893516236	-42.594367608267184	-541.5482944939868
2297.0	53.5	19.8813114463533	-42.73305546273592	-541.35458770331
2298.0	53.5	19.885123208572868	-42.8803547728761	-541.1570248783702
2299.0	53.5	19.888981104758326	-43.01886127142874	-540.9514110117526
2300.0	53.5	19.892871735265285	-43.14076686237691	-540.737269344029
2301.0	53.5	19.896787469536978	-43.25813170311253	-540.5149240168827
2302.0	53.5	19.900732884613	-43.36104457577006	-540.2817240032882
2303.0	53.5	19.904692989049426	-43.444695648743895	-540.0382717984053
2304.0	54.0	20.0017890229497	-43.53685475635195	-539.7850916679939
2305.0	54.0	20.006598768379465	-43.62520516468326	-539.5221140209676
2306.0	54.0	20.011423457801843	-43.73504325561544	-539.250685304904
2307.0	54.0	20.016252996251556	-43.82065238423229	-538.9683985508597
2308.0	54.0	20.02108215181284	-43.86409804874324	-538.6770018884782
2309.0	54.0	20.02592487257264	-43.888155350723025	-538.3747925150531
2310.0	54.0	20.03075275025249	-43.90275558600319	-538.0632574999535
2311.0	54.0	20.03558044749095	-43.89858303709612	-537.7416031763137
2312.0	54.0	20.040395094512192	-43.87807245669892	-537.4111692314485
2313.0	54.0	20.045204826662335	-43.86213304560248	-537.072657497444
2314.0	54.0	20.04999122540789	-43.83969609363943	-536.7242285849981
2315.0	54.0	20.05477505805665	-43.808998832037126	-536.3677547149057
2316.0	54.0	20.059550102119864	-43.77120041712154	-536.0045047636956
2317.0	54.0	20.064310205498387	-43.775980935598014	-535.6332537146499
2318.0	54.0	20.069060310085217	-43.88171071710314	-535.2557614763662
2319.0	54.0	20.073803803891654	-44.04955898456849	-534.8712324612932
2320.0	54.0	20.07853793423256	-44.22351344361225	-534.4786811701131
2321.0	54.0	20.083257688816012	-44.36888948821924	-534.0785716743629
2322.0	54.0	20.08798816047246	-44.470163556506286	-533.670529507482
2323.0	54.0	20.0927085743253	-44.514645224590055	-533.2528820409434
2324.0	54.0	20.097421068379347	-44.49823847658835	-532.8250511894158
2325.0	54.0	20.1021340578906	-44.41823144002275	-532.3867352879178
2326.0	54.0	20.106822099762272	-44.2822705981643	-531.9371193482065
2327.0	54.0	20.1115040362624	-44.11146976735325	-531.4771241025921
2328.0	54.0	20.116175682226267	-43.921978670895065	-531.0062477533523
2329.0	54.0	20.120822869447515	-43.74578075844595	-530.5260959099446
2330.0	54.0	20.125468746685222	-43.601256212297386	-530.036613958206
2331.0	54.0	20.130097024760573	-43.476424113878466	-529.5389980335734
2332.0	54.0	20.134703503303967	-43.35052741978637	-529.0349449007692
2333.0	54.0	20.139308885840304	-43.223136665260455	-528.5214149676207
2334.0	54.0	20.14389683713063	-43.08469670396636	-528.0000572626097
2335.0	54.0	20.148488144557874	-42.95498156866045	-527.4708506941257
2336.0	54.0	20.153072309266722	-42.82820224076484	-526.9341472969893
2337.0	54.5	19.802841121096222	-42.705181333326884	-526.3891884593362
2338.0	54.5	19.807759637848328	-42.60490774340695	-525.8354827226112
2339.0	54.5	19.812677876608216	-42.483489763004236	-525.2752523363213
2340.0	54.5	19.81759058982674	-42.330825446166216	-524.7061914863082
2341.0	54.5	19.822502398875535	-42.146507457298476	-524.127326992549
2342.0	54.5	19.82740263764201	-41.91395632626811	-523.5382837353646
2343.0	54.5	19.83229733137644	-41.64698939168129	-522.9392433653459
2344.0	54.5	19.837191248699767	-41.36482975699903	-522.3297638709965
2345.0	54.5	19.842070721382235	-41.05814610855033	-521.7095448579834
2346.0	54.5	19.846943895505305	-40.72730700808505	-521.0792308164171
2347.0	54.5	19.8517988046356	-40.37713950276435	-520.4400471306706
2348.0	54.5	19.856638950584067	-40.023720619609676	-519.7910750886289
2349.0	54.5	19.86147077357093	-39.663777797870964	-519.1328028148761
2350.0	54.5	19.86628219822011	-39.29814675982895	-518.4655627821891
2351.0	54.5	19.871080171852245	-38.92917196409359	-517.7900734181032
2352.0	54.5	19.8758615689452	-38.5788509987676	-517.1077188995126
2353.0	54.5	19.880629928691913	-38.271388135405836	-516.4173888827845
2354.0	54.5	19.885388640058693	-38.016855730328025	-515.7226942722634
2355.0	54.5	19.890135886508492	-37.78187859131789	-515.0222967720431
2356.0	54.5	19.894876465405236	-37.51465673086445	-514.3154775662632
2357.0	54.5	19.89961325685385	-37.20941045940195	-513.6036353368196
2358.0	54.5	19.904341941624306	-36.86000576453902	-512.8857168219828
2359.0	54.5	19.908846617149344	-180.56860720632616	-511.70546267745215
2360.0	54.5	19.912502233716037	-40.000093025665215	-510.7934527977334
2361.0	54.5	19.91624135884002	-41.64614145345256	-509.9863418033468
2362.0	54.5	19.920082034200007	-42.19703084373356	-509.21983678802053
2363.0	54.5	19.92400088649945	-42.407310543135765	-508.4743852560514
2364.0	54.5	19.927993603669183	-42.561165046203165	-507.74079293605234
2365.0	54.5	19.932058021505703	-42.72832130191906	-507.0126334830829
2366.0	54.5	19.93617393561523	-42.894519729519864	-506.28846881691015
2367.0	54.5	19.940335594778112	-43.05144439738516	-505.5654896527451
2368.0	54.5	19.944547756240013	-43.19047024753097	-504.84271720454956
2369.0	54.5	19.94879842206534	-43.31096775643327	-504.1180035923326
2370.0	54.5	19.953092444211908	-43.416637419442495	-503.3933262254512
2371.0	55.0	19.774341004584734	-43.51298308277905	-502.66687710003197
2372.0	55.0	19.7792107385455	-43.62812120774088	-501.93882074668136
2373.0	55.0	19.784105845422374	-43.760746772873496	-501.20834290135497
2374.0	55.0	19.789022793099083	-43.863210367855466	-500.4755614142845
2375.0	55.0	19.79396956117107	-43.93497647488773	-499.73941737607504
2376.0	55.0	19.79891737934871	-43.995458898613094	-498.99994888992916
2377.0	55.0	19.803886022547587	-44.03782502763913	-498.2550422322215
2378.0	55.0	19.808858839204326	-44.06086061240672	-497.50734201418527
2379.0	55.0	19.813845790373733	-44.057912386978614	-496.75605073343945
2380.0	55.0	19.81883211849579	-44.05436146451949	-496.0006170934247
2381.0	55.0	19.82382358224567	-44.06503556751076	-495.2413491253225
2382.0	55.0	19.82882291891763	-44.06002287910388	-494.47967921798306
2383.0	55.0	19.833818138436772	-44.07360940770487	-493.71482762998176
2384.0	55.0	19.838814341046096	-44.1830034839436	-492.94782403476455
2385.0	55.0	19.84382079387133	-44.37565226806293	-492.178772564027
2386.0	55.0	19.848822787712933	-44.595424239725425	-491.4066021907722
2387.0	55.0	19.853833411676437	-44.79771715819542	-490.63254885232226
2388.0	55.0	19.858850861963457	-44.95614686251712	-489.8535107314725
2389.0	55.0	19.863875383332857	-45.060626480792706	-489.07013018435583
2390.0	55.0	19.868899238776837	-45.10033674765231	-488.2809944706339
2391.0	55.0	19.873930423011988	-45.07411164741247	-487.486634901265
2392.0	55.0	19.878959976570705	-44.986761504325436	-486.6859713827094
2393.0	55.0	19.883979887842823	-44.84831695091329	-485.87886359854593
2394.0	55.0	19.888998709683513	-44.68647126565576	-485.06618548565797
2395.0	55.0	19.894010632143605	-44.52238982304757	-484.25038950004665
2396.0	55.0	19.899002482422674	-44.395419772604676	-483.4312731176375
2397.0	55.0	19.903987647001962	-44.303290346087266	-482.61055957932496
2398.0	55.0	19.9089632750761	-44.21165382803882	-481.7887762276999
2399.0	55.0	19.91392954648546	-44.113875239634204	-480.96629826635933
2400.0	55.0	19.918896677744325	-44.0044804853453	-480.1426126985992
2401.0	55.0	19.92384915584912	-43.88860466040043	-479.3189433985382
2402.0	55.0	19.928806282483364	-43.78123338753293	-478.4957638327671
2403.0	55.0	19.933752827373215	-43.68342406379277	-477.6728368847211
2404.0	55.5	19.77223532259482	-43.60544287095638	-476.8503765350093
2405.0	55.5	19.77763683968103	-43.50778641972823	-476.0291505218168
2406.0	55.5	19.783035629928193	-43.38170547401834	-475.20689926096384
2407.0	55.5	19.78843199337834	-43.21346072185684	-474.3841326983338
2408.0	55.5	19.793813732380585	-43.00197810027652	-473.55967675993656
2409.0	55.5	19.79918587245851	-42.76115029712593	-472.73376178721315
2410.0	55.5	19.804545316723328	-42.49323535337488	-471.9071980388656
2411.0	55.5	19.809884812703377	-42.19772662123843	-471.07899404485136
2412.0	55.5	19.815202670087388	-41.87548946584974	-470.2493177706266
2413.0	55.5	19.82050853299175	-41.53224757371367	-469.41828300286454
2414.0	55.5	19.825792471565112	-41.182321332332045	-468.58762780383387
2415.0	55.5	19.83105372914041	-40.82206280862616	-467.75542789144964
2416.0	55.5	19.836285528424472	-40.459019407609176	-466.9232105811075
2417.0	55.5	19.84150165846305	-40.09503289358655	-466.0906748474059
2418.0	55.5	19.846690421453868	-39.768573211274855	-465.2593005977944
2419.0	55.5	19.851864462834573	-39.469443407055046	-464.42860324788444
2420.0	55.5	19.857020504322005	-39.22938557017823	-463.6008216238117
2421.0	55.5	19.86214975929305	-38.97423014312556	-462.7744555623879
2422.0	55.5	19.86727311943251	-38.6779948511258	-461.94808831192995
2423.0	55.5	19.872372697383405	-38.33410027415712	-461.1233383326276
2424.0	55.5	19.877466468058344	-37.93683554249313	-460.2977372855923
2425.0	55.5	19.881518365351525	-180.00981563586092	-459.39919883114646
2426.0	55.5	19.88540648079026	-42.58173776718734	-458.53996941583983
2427.0	55.5	19.889407466452408	-43.365757385076826	-457.71486194440064
2428.0	55.5	19.893513378955266	-43.61515639893223	-456.90661637998085
2429.0	55.5	19.89769224505665	-43.76641282722997	-456.10463231887934
2430.0	55.5	19.901931646840726	-43.93397926155794	-455.30962807628333
2431.0	55.5	19.90623231627218	-44.10075510809381	-454.51889638565774
2432.0	55.5	19.910580222892094	-44.2608466238778	-453.72951779214577
2433.0	55.5	19.914974796230783	-44.40730454011344	-452.9403577584284
2434.0	55.5	19.919395780003	-44.53160703797578	-452.1522091916959
2435.0	55.5	19.923855765019777	-44.638900974143276	-451.36252801883063
2436.0	56.0	19.784227239535458	-44.75227514366712	-450.572777727681
2437.0	56.0	19.789293274850476	-44.86091852709349	-449.7825530490164
2438.0	56.0	19.794372607482003	-44.98587369183691	-448.990780540902
2439.0	56.0	19.799459217387152	-45.08101376209436	-448.1979403905445
2440.0	56.0	19.8045631548229	-45.144331935389424	-447.40222676818854
2441.0	56.0	19.80966966522935	-45.19780841076171	-446.60436806657964
2442.0	56.0	19.814778247899405	-45.22735511081385	-445.8049058940285
2443.0	56.0	19.819895305320763	-45.24094670537293	-445.00230415022213
2444.0	56.0	19.825002368678575	-45.25812727110803	-444.19816256578093
2445.0	56.0	19.830104328079162	-45.258699295540346	-443.391432108521
2446.0	56.0	19.835193836158894	-45.26235339126494	-442.583209801335
2447.0	56.0	19.840285220650365	-45.25272462861172	-441.7740012715432
2448.0	56.0	19.845366620382727	-45.26786414964855	-440.9628504697273
2449.0	56.0	19.850443100213713	-45.390301753451226	-440.15240074405943
2450.0	56.0	19.85550428414834	-45.58530014561998	-439.34156509667173
2451.0	56.0	19.860577555301994	-45.79618089282378	-438.52998393988986
2452.0	56.0	19.865640636210546	-45.9816098854841	-437.7173135886164
2453.0	56.0	19.870697322596328	-46.11436585709873	-436.90278876840785
2454.0	56.0	19.875758334503125	-46.18196866158524	-436.0861845069432
2455.0	56.0	19.880809510004624	-46.177981718448784	-435.2664851844463
2456.0	56.0	19.885860909459087	-46.105139958297535	-434.44239373941116
2457.0	56.0	19.89088955666115	-45.97230742105206	-433.6151505062021
2458.0	56.0	19.895921950031166	-45.79895086724359	-432.7835084832807
2459.0	56.0	19.90093067039134	-45.614343308844944	-431.9506929000152
2460.0	56.0	19.905922953688343	-45.44610121090982	-431.11680423357114
2461.0	56.0	19.910907560968624	-45.302559826442405	-430.2820057434771
2462.0	56.0	19.915869122455323	-45.188370798343946	-429.4492868303962
2463.0	56.0	19.92081119378182	-45.07655071828333	-428.61804619869713
2464.0	56.0	19.925755498675862	-44.95867714070656	-427.78887689450806
2465.0	56.0	19.93068100838874	-44.83001664152878	-426.96143390089844
2466.0	56.0	19.935598372774916	-44.706207451394526	-426.13672950838605
2467.0	56.0	19.940509763898323	-44.58539880428179	-425.3141228456943
2468.0	56.5	20.042287427177335	-44.48926764477339	-424.49534762967767
2469.0	56.5	20.047937895047447	-44.37756910701235	-423.67983868797126
2470.0	56.5	20.05357932768785	-44.23974919286153	-422.86542002364166
2471.0	56.5	20.05921734695541	-44.072385219798655	-422.054909756278
2472.0	56.5	20.064841451094015	-43.85362164425796	-421.2441089636509
2473.0	56.5	20.07045294383092	-43.594215173204326	-420.43434564870194
2474.0	56.5	20.076049979117993	-43.31247789901294	-419.62545956942955
2475.0	56.5	20.081621428748694	-42.999351197427764	-418.81625083208957
2476.0	56.5	20.087184982293497	-42.65723236844644	-418.00733051781333
2477.0	56.5	20.092727591350997	-42.298237601262215	-417.19839695657754
2478.0	56.5	20.09823933326504	-41.93484800528191	-416.3898293596694
2479.0	56.5	20.103734222938915	-41.55913507523311	-415.58199666460985
2480.0	56.5	20.10920206176336	-41.16953895414643	-414.775855563917
2481.0	56.5	20.114650457784922	-40.77767124618605	-413.9695226402302
2482.0	56.5	20.120071168745866	-40.40429694091427	-413.1651137672645
2483.0	56.5	20.12547444229035	-40.07852383739461	-412.36260460098845
2484.0	56.5	20.130849033603525	-39.80489141410657	-411.5633720420883
2485.0	56.5	20.136209248760697	-39.54392033800688	-410.76530213444755
2486.0	56.5	20.14154738218758	-39.24226660504656	-409.96993717038646
2487.0	56.5	20.146877613765998	-38.89256170290731	-409.17433693921066
2488.0	56.5	20.152183274375023	-38.48772411716247	-408.37999142490247
2489.0	56.5	20.156758920105155	-179.38090153113293	-407.0082620776336
2490.0	56.5	20.160864909218862	-42.710684414375486	-406.08176292070135
2491.0	56.5	20.165058209550285	-43.855583540186025	-405.24273159517736
2492.0	56.5	20.169339878229483	-44.22943426789744	-404.4432791222259
2493.0	56.5	20.17370221183641	-44.41253024058579	-403.66662498009134
2494.0	56.5	20.178135152271803	-44.60107863514473	-402.9065549359681
2495.0	56.5	20.182625064972402	-44.811974418366816	-402.1550966291076
2496.0	56.5	20.18717305061242	-45.00534308949462	-401.4116297089293
2497.0	56.5	20.19175972715867	-45.1772739114769	-400.67148217106154
2498.0	56.5	20.196400997276918	-45.32401331146912	-399.93356008047266
2499.0	56.5	20.20107397670513	-45.45410533127097	-399.1972372391946
2500.0	57.0	19.847912547131564	-45.54893709397177	-398.46247317887924
2501.0	57.0	19.853013384815284	-45.66155799314197	-397.72883551208747
2502.0	57.0	19.85812923509435	-45.7924762647997	-396.9955771249371
2503.0	57.0	19.863269215657162	-45.89792683402475	-396.26117380287025
2504.0	57.0	19.868418066109488	-45.973828495846355	-395.526110796798
2505.0	57.0	19.873576866009085	-46.035053365407386	-394.7894820058924
2506.0	57.0	19.878747084564694	-46.0775186152239	-394.0518482968248
2507.0	57.0	19.883916007630905	-46.095205166128046	-393.3123951872885
2508.0	57.0	19.889073673251186	-46.09799548884326	-392.57227052936366
2509.0	57.0	19.89423952224941	-46.10918227904845	-391.83182360693246
2510.0	57.0	19.89939882204958	-46.11680362035739	-391.0902891915575
2511.0	57.0	19.904554355121718	-46.13112818077466	-390.34890989229024
2512.0	57.0	19.90969577482248	-46.193506157807256	-389.6067951092249
2513.0	57.0	19.91483901986131	-46.370002854788126	-388.86677011763595
2514.0	57.0	19.919979478990946	-46.59298606161372	-388.1256582973104
2515.0	57.0	19.92511387303871	-46.81385563087814	-387.38644869067844
2516.0	57.0	19.930249180054396	-46.99632180800658	-386.6456573115776
2517.0	57.0	19.935376927761794	-47.11487829322111	-385.9039221946234
2518.0	57.0	19.940503447297672	-47.15939056587211	-385.1587301748842
2519.0	57.0	19.945626228562194	-47.12997022612057	-384.41087601387017
2520.0	57.0	19.950744837749653	-47.03036177417927	-383.6588248510036
2521.0	57.0	19.955843416067907	-46.86981182197227	-382.9034154202177
2522.0	57.0	19.96092821735296	-46.678390193997515	-382.1453245604892
2523.0	57.0	19.966001610272222	-46.49345926531506	-381.38578241575703
2524.0	57.0	19.971041805505113	-46.34034567980207	-380.6264455340216
2525.0	57.0	19.97606819472127	-46.21703832205549	-379.8665986475098
2526.0	57.0	19.981076266901116	-46.11079062097368	-379.1091817637708
2527.0	57.0	19.986074269580477	-45.999103409427626	-378.35428551478725
2528.0	57.0	19.9910428618661	-45.87630188285129	-377.6004902720045
2529.0	57.0	19.99600169881244	-45.74134003255381	-376.84855155327176
2530.0	57.0	20.00094544235743	-45.620353213890226	-376.0992070521953
2531.0	57.5	19.829343935784514	-45.48995431180825	-375.353047387668
2532.0	57.5	19.834766579354103	-45.380640974831444	-374.6083827701661
2533.0	57.5	19.840173040226823	-45.25150919201563	-373.8663262745282
2534.0	57.5	19.845566845731696	-45.087724940900486	-373.1249048395798
2535.0	57.5	19.850943552307523	-44.878630444740125	-372.3835445685494
2536.0	57.5	19.856290764529867	-44.62991382314726	-371.6421593750893
2537.0	57.5	19.861621577660802	-44.3482172075807	-370.90074287542046
2538.0	57.5	19.86692865156703	-44.032739471310975	-370.1587644049938
2539.0	57.5	19.872197687434515	-43.68604446287554	-369.4172088285682
2540.0	57.5	19.87744630204009	-43.316837157181666	-368.67479139803777
2541.0	57.5	19.88265168355661	-42.93791309480507	-367.93278598768296
2542.0	57.5	19.88783233316575	-42.54959197365924	-367.1904494697368
2543.0	57.5	19.892972198667067	-42.147971963968175	-366.44972333651367
2544.0	57.5	19.898089734757143	-41.74807340826799	-365.7097649347767
2545.0	57.5	19.90315751698133	-41.36181454956949	-364.9712264449507
2546.0	57.5	19.90819899981563	-41.02808838206574	-364.2356778350064
2547.0	57.5	19.913218261895203	-40.72787486057303	-363.5032454326859
2548.0	57.5	19.918203487987693	-40.441465338372495	-362.7730017758654
2549.0	57.5	19.92316926052382	-40.112640057587384	-362.0465391851322
2550.0	57.5	19.928101646473674	-39.7333381436671	-361.3219207852742
2551.0	57.5	19.933018532037277	-39.29414648032262	-360.59882112962447
2552.0	57.5	19.936954235050283	-178.39802242447217	-359.73919796620265
2553.0	57.5	19.9407297937163	-43.73638852009193	-358.9767192776914
2554.0	57.5	19.944584939423283	-44.61380478857627	-358.2665556549895
2555.0	57.5	19.94852097059094	-44.89598834481456	-357.57987943759645
2556.0	57.5	19.95253262453796	-45.0650299832622	-356.9080201267402
2557.0	57.5	19.956574132045656	-45.26246071096262	-356.2467829916633
2558.0	57.5	19.960678343323362	-45.462392674282405	-355.59255194425623
2559.0	57.5	19.96481546768501	-45.64676686848614	-354.94449673589145
2560.0	57.5	19.968994119097257	-45.80594639438511	-354.2997743337535
2561.0	57.5	19.97319738386788	-45.94457748278408	-353.6575388369878
2562.0	57.5	19.977419242630756	-46.06066565315116	-353.0162932311143
2563.0	58.0	19.807741667453897	-46.16794383322324	-352.37777193183143
2564.0	58.0	19.812586385883943	-46.28190685655002	-351.74012140251006
2565.0	58.0	19.817455068422895	-46.383648996950654	-351.10386092413034
2566.0	58.0	19.822317452315076	-46.453925628486836	-350.4663224434064
2567.0	58.0	19.8271822925945	-46.508702004766874	-349.8301295901881
2568.0	58.0	19.832047043230855	-46.53894719653014	-349.192722946847
2569.0	58.0	19.836909774553444	-46.55633875168026	-348.55478289858996
2570.0	58.0	19.84177123707287	-46.57690620886816	-347.9180076018389
2571.0	58.0	19.84661803667849	-46.58375302751921	-347.28060445297126
2572.0	58.0	19.851446399710863	-46.57834679800644	-346.64334989335015
2573.0	58.0	19.856268859593467	-46.57114568405693	-346.0072396309626
2574.0	58.0	19.86108098574075	-46.58473397720192	-345.37202246348653
2575.0	58.0	19.865876446233674	-46.67653204918754	-344.73717020332134
2576.0	58.0	19.870664507590448	-46.85899555799193	-344.1030189669037
2577.0	58.0	19.875441757165746	-47.06990750259024	-343.4705085358347
2578.0	58.0	19.88020283982935	-47.25909404459237	-342.83799478821686
2579.0	58.0	19.884966667503743	-47.39046419667417	-342.20552662873655
2580.0	58.0	19.889720965447886	-47.451991948609326	-341.5718415233283
2581.0	58.0	19.89445740656528	-47.43652238943314	-340.93364596103345
2582.0	58.0	19.89919116467773	-47.347843740038165	-340.29401481497587
2583.0	58.0	19.903897490084237	-47.192944152866176	-339.6495304909753
2584.0	58.0	19.908591820458295	-46.986589654316624	-339.00187504528947
2585.0	58.0	19.913254840277954	-46.77179300620922	-338.35089919323
2586.0	58.0	19.917893664095782	-46.5747233860658	-337.70070153526285
2587.0	58.0	19.922515567315703	-46.398679728102614	-337.0484757893599
2588.0	58.0	19.927105047480605	-46.25582325809004	-336.39785617850816
2589.0	58.0	19.931671532172672	-46.12992281993396	-335.7489726567741
2590.0	58.0	19.93622501344818	-45.99715529840976	-335.1000813053565
2591.0	58.0	19.940751000823017	-45.85028462342529	-334.45352171197504
2592.0	58.0	19.945267397770976	-45.70219558265947	-333.807832253094
2593.0	58.0	19.949759854247116	-45.55775112256282	-333.1639845830352
2594.0	58.5	20.048269887089162	-45.43437947174304	-332.5214014612366
2595.0	58.5	20.05357711986642	-45.290151377791595	-331.88058366713085
2596.0	58.5	20.058860037577208	-45.12560520536358	-331.2397725520214
2597.0	58.5	20.06411809126224	-44.91590276628823	-330.5992352069292
2598.0	58.5	20.069362652507657	-44.65656715629393	-329.9578153772901
2599.0	58.5	20.07458941966633	-44.37047446344499	-329.3144629747928
2600.0	58.5	20.079789200715176	-44.04965921049367	-328.66973138092976
2601.0	58.5	20.084962160120103	-43.692443868101265	-328.0222085308659
2602.0	58.5	20.090097821469456	-43.31889239851066	-327.37424881633444
2603.0	58.5	20.095212624591333	-42.93566891519264	-326.72469716390117
2604.0	58.5	20.100293099866217	-42.53893823795057	-326.07439367476064
2605.0	58.5	20.105349553577394	-42.12929419513669	-325.42348489852975
2606.0	58.5	20.110368027519534	-41.70904349293658	-324.77303908824445
2607.0	58.5	20.11536683448363	-41.28975408284722	-324.122638738201
2608.0	58.5	20.120327565317737	-40.91168165881532	-323.471928479619
2609.0	58.5	20.12526949376833	-40.57805791130295	-322.8244447157498
2610.0	58.5	20.130179019379042	-40.272256560201065	-322.1780179844204
2611.0	58.5	20.13507559583681	-39.958364829078	-321.5340780928851
2612.0	58.5	20.139940116946438	-39.60185491480972	-320.89134769873795
2613.0	58.5	20.14479324873473	-39.19213833415684	-320.2503601736743
2614.0	58.5	20.149405650663702	-75.50728861871134	-318.9512585301527
2615.0	58.5	20.153458939669434	-144.38960444868468	-318.1670516126796
2616.0	58.5	20.15753731837939	-43.86872694873381	-317.45942660213007
2617.0	58.5	20.161651547096067	-44.48790130577309	-316.806807982281
2618.0	58.5	20.165799970762873	-44.72046374535187	-316.1836376462609
2619.0	58.5	20.169992110753487	-44.923084508140974	-315.5799381980896
2620.0	58.5	20.174204979681132	-45.154663050830536	-314.98929822158993
2621.0	58.5	20.17846301480106	-45.37517567550066	-314.407735799968
2622.0	58.5	20.182747143648182	-45.572561018406304	-313.832245157963
2623.0	58.5	20.187057286006183	-45.7471526034641	-313.2616320562714
2624.0	58.5	20.191391563979703	-45.89895394004508	-312.69459569772994
2625.0	59.0	19.84293860736404	-45.99309201365557	-312.13006353662104
2626.0	59.0	19.847733292539957	-46.10429111785762	-311.5672379090539
2627.0	59.0	19.8525469403646	-46.22359293276406	-311.00721963740364
2628.0	59.0	19.85737514213576	-46.32274200534836	-310.44922438250387
2629.0	59.0	19.86220828519916	-46.40127820683335	-309.89198662106287
2630.0	59.0	19.86705156421143	-46.4602988588352	-309.3337873824875
2631.0	59.0	19.871895248700596	-46.501820029937846	-308.77732667861966
2632.0	59.0	19.87674680261052	-46.51706866489649	-308.2212481176969
2633.0	59.0	19.881599117041453	-46.532577943909025	-307.66645779354917
2634.0	59.0	19.886455225954496	-46.541367819086965	-307.1127842369407
2635.0	59.0	19.891304965768743	-46.54490560803633	-306.55947807845945
2636.0	59.0	19.896142824288248	-46.57521860986213	-306.00921728335305
2637.0	59.0	19.9009896258262	-46.657596612530426	-305.4599352370907
2638.0	59.0	19.905833819718506	-46.81367423684772	-304.91154576762517
2639.0	59.0	19.910683947011155	-47.03334232736899	-304.36600692049404
2640.0	59.0	19.915526194135005	-47.24340958663523	-303.82208081210666
2641.0	59.0	19.920380772075102	-47.422031647193485	-303.2779208105092
2642.0	59.0	19.92524358590714	-47.53748197278908	-302.73282337877623
2643.0	59.0	19.930106902227728	-47.57729511181481	-302.1856093061409
2644.0	59.0	19.93497607418791	-47.53999673295172	-301.6362171327444
2645.0	59.0	19.939848612258295	-47.43137984225208	-301.08085289022057
2646.0	59.0	19.944708161049977	-47.26084041277653	-300.52247509803317
2647.0	59.0	19.94956882883972	-47.0503309739158	-299.9609406749392
2648.0	59.0	19.954414313042612	-46.86233380965226	-299.3975197195992
2649.0	59.0	19.95925076740397	-46.69230975930488	-298.83182849979886
2650.0	59.0	19.964087985099475	-46.55090642633037	-298.26547345190477
2651.0	59.0	19.96891150804043	-46.4269701354166	-297.70065053509455
2652.0	59.0	19.97373641958825	-46.31371186772864	-297.1370922200161
2653.0	59.0	19.978551031634794	-46.197195270454024	-296.57173232617464
2654.0	59.0	19.983374604491434	-46.06400113091261	-296.0077657641681
2655.0	59.0	19.988189814615332	-45.93154739222296	-295.4432013616411
2656.0	59.5	19.813976283181034	-45.80893826030054	-294.8803238897035
2657.0	59.5	19.819382055639828	-45.69485015260794	-294.31652259661837
2658.0	59.5	19.824784654319476	-45.56543158863983	-293.7518445644964
2659.0	59.5	19.830187489178943	-45.39553389768208	-293.1855362974259
2660.0	59.5	19.835596117724315	-45.18638425956196	-292.6173523234257
2661.0	59.5	19.840995025036868	-44.943317186890006	-292.04527004141585
2662.0	59.5	19.846390469571244	-44.66112351881515	-291.47057913161854
2663.0	59.5	19.851778499927207	-44.33897080894917	-290.89180235110337
2664.0	59.5	19.857149892972604	-43.995984601762665	-290.30912661895667
2665.0	59.5	19.862520412275234	-43.63970595432815	-289.72321979942194
2666.0	59.5	19.867875482941642	-43.26921138907819	-289.1338394409752
2667.0	59.5	19.873211947954122	-42.88550608148231	-288.5436543968567
2668.0	59.5	19.878540192431448	-42.501416672276804	-287.95091872928054
2669.0	59.5	19.88385998442868	-42.10454382985353	-287.35824617273107
2670.0	59.5	19.88915930219288	-41.73461367036524	-286.7636959428824
2671.0	59.5	19.894459031850648	-41.4243409541774	-286.1710336719415
2672.0	59.5	19.899749040555868	-41.1325804719714	-285.57838719717915
2673.0	59.5	19.905028774162922	-40.82675277877251	-284.98784894573197
2674.0	59.5	19.91031124470768	-40.48691937753803	-284.3982592247421
2675.0	59.5	19.915583108186144	-40.08798243986732	-283.80895533239203
2676.0	59.5	19.893665171080418	-188.65953339280622	-283.0561436461217
2677.0	59.5	19.89831187610279	-43.2992163279913	-282.3858347673978
2678.0	59.5	19.903026002561244	-44.72889049194282	-281.82193636958493
2679.0	59.5	19.90779949660321	-45.230555484745985	-281.2886027306545
2680.0	59.5	19.91261184189058	-45.466404955354754	-280.7699952927984
2681.0	59.5	19.91747395318704	-45.73450809282983	-280.262662093113
2682.0	59.5	19.922360551643795	-46.00859349512401	-279.7624431109695
2683.0	59.5	19.92729615329969	-46.27017359934282	-279.26712842250924
2684.0	59.5	19.932268318734323	-46.51074481591154	-278.7755404076012
2685.0	59.5	19.937278812471153	-46.73014771458118	-278.2888212560256
2686.0	59.5	19.942329598465506	-46.90904810034222	-277.8032784226799
2687.0	60.0	20.05216689817163	-47.068312653982275	-277.32022185114334
2688.0	60.0	20.058153760965045	-47.23095014209831	-276.8394492339614
2689.0	60.0	20.064171176758297	-47.369981337263496	-276.3596448579173
2690.0	60.0	20.07022468563211	-47.491162958005354	-275.8816735703581
2691.0	60.0	20.07628885245178	-47.59532321108393	-275.40405691679706
2692.0	60.0	20.082370138932692	-47.68058799180626	-274.92829989951986
2693.0	60.0	20.088467667121915	-47.764690857987326	-274.454023102862
2694.0	60.0	20.09458020509187	-47.83539652764113	-273.98113123499814
2695.0	60.0	20.10070588824052	-47.88909928844321	-273.51056721983394
2696.0	60.0	20.106841504100252	-47.93389056565951	-273.04108741806334
2697.0	60.0	20.1129911818666	-48.00954209749653	-272.57404040907016
2698.0	60.0	20.11914367776675	-48.12747751033724	-272.10987290440295
2699.0	60.0	20.125317583489913	-48.305408761331265	-271.64717575518466
2700.0	60.0	20.13150314295085	-48.5749721855012	-271.1875004809265
2701.0	60.0	20.137701348269562	-48.82323515556348	-270.7304438636918
2702.0	60.0	20.143924191618577	-49.03994158650196	-270.2731764044906
2703.0	60.0	20.150164038796415	-49.188592869859754	-269.814531152305
2704.0	60.0	20.156415766807896	-49.24978614819597	-269.3528258851665
2705.0	60.0	20.16268179913683	-49.22487350197354	-268.8873522878416
2706.0	60.0	20.168956902902053	-49.12072998861385	-268.41622046737336
2707.0	60.0	20.17523963041401	-48.95212908436711	-267.9398710057291
2708.0	60.0	20.181516503331647	-48.746763210156395	-267.4573666862306
2709.0	60.0	20.187806963918074	-48.567892998482186	-266.97102607989785
2710.0	60.0	20.194089146443634	-48.41676340712467	-266.48285253663795
2711.0	60.0	20.200362437399725	-48.30352831870221	-265.9907458922674
2712.0	60.0	20.20664262758264	-48.20372810879752	-265.4963414722356
2713.0	60.0	20.21291996053671	-48.10954899632959	-264.9983389679741
2714.0	60.0	20.21920551297141	-48.005767728111785	-264.4991847882044
2715.0	60.0	20.225491924861874	-47.87848940406211	-263.99431984755427
2716.0	60.5	19.96151576336508	-47.739250908528575	-263.48526215395697
2717.0	60.5	19.96830754443955	-47.6273505631089	-262.97043325911784
2718.0	60.5	19.97510515303318	-47.52021042362897	-262.4494812564091
2719.0	60.5	19.981899592853008	-47.37712229044999	-261.921483245608
2720.0	60.5	19.988706273812966	-47.179228461056354	-261.38382876324147
2721.0	60.5	19.99551534309259	-46.94402308682728	-260.8343323000499
2722.0	60.5	20.002310814259165	-46.66232394911051	-260.2733332564105
2723.0	60.5	20.009111383224646	-46.343723616581634	-259.69889864053835
2724.0	60.5	20.015889116045145	-45.99875813396324	-259.1120237361286
2725.0	60.5	20.02266703960411	-45.62969680288652	-258.51206926973026
2726.0	60.5	20.029419330773443	-45.241000407209846	-257.9000886282276
2727.0	60.5	20.036164596963754	-44.84102696444016	-257.2745396402047
2728.0	60.5	20.04288855011774	-44.44350436109496	-256.63776584511226
2729.0	60.5	20.049613554571888	-44.03073222236433	-255.98860188610035
2730.0	60.5	20.05631425972462	-43.63500392777732	-255.32722179841736
2731.0	60.5	20.063006099508165	-43.31977637249759	-254.65401626183444
2732.0	60.5	20.06968364885198	-43.011454325880536	-253.97001571518638
2733.0	60.5	20.076359611221932	-42.66488080476353	-253.27349241815998
2734.0	60.5	20.08302379559227	-42.27414993372225	-252.5653150078717
2735.0	60.5	20.089700015703468	-73.97091726229178	-251.8431696512248
2736.0	60.5	20.09548372117543	-141.91544997717207	-250.41516920422288
2737.0	60.5	20.101331818521086	-46.56403913837337	-249.55618750322847
2738.0	60.5	20.10724776634018	-47.664988333443596	-248.78073733817732
2739.0	60.5	20.11324289401912	-48.06539800125218	-248.0277647647092
2740.0	60.5	20.119297044743785	-48.37294086613525	-247.28189723643993
2741.0	60.5	20.1254196472719	-48.732837913736375	-246.53629416282246
2742.0	60.5	20.131595646411466	-49.07378251062559	-245.78716787873321
2743.0	60.5	20.137829767482376	-49.40221979474142	-245.03083501939676
2744.0	60.5	20.144114695547387	-49.70007900346226	-244.26640995917194
2745.0	60.5	20.150450273283663	-49.943573821518406	-243.49390300391138
2746.0	61.0	19.869248493459782	-50.10658553996927	-242.7102980036642
2747.0	61.0	19.876177578902585	-50.29985631047492	-241.91751033847103
2748.0	61.0	19.883139825131664	-50.48919561076017	-241.11376498169568
2749.0	61.0	19.890114104573577	-50.65270256001921	-240.3008596776751
2750.0	61.0	19.89712735345143	-50.797507935486394	-239.4791902583525
2751.0	61.0	19.904152250304257	-50.91181669160477	-238.6480237348427
2752.0	61.0	19.91119317092954	-51.01771281386992	-237.8115917539402
2753.0	61.0	19.91824659198487	-51.12205117721952	-236.96874496045092
2754.0	61.0	19.925302453294357	-51.22155858653732	-236.12310734579566
2755.0	61.0	19.932369176319977	-51.36169975680493	-235.2747136943067
2756.0	61.0	19.939451777085925	-51.552171631017806	-234.4235732374819
2757.0	61.0	19.94653816586167	-51.74052957035359	-233.5718346319975
2758.0	61.0	19.95363899013311	-52.04221024352944	-232.72023639647193
2759.0	61.0	19.960753415059074	-52.3544889199313	-231.86973560084252
2760.0	61.0	19.96788294967948	-52.61238518228977	-231.0204729464483
2761.0	61.0	19.975034830937556	-52.79881344785224	-230.1712590163599
2762.0	61.0	19.982197855953935	-52.87710896292611	-229.3194661438211
2763.0	61.0	19.989369642634657	-52.851351604145876	-228.4677056661816
2764.0	61.0	19.996535983728922	-52.733107634650686	-227.61312970532205
2765.0	61.0	20.00371711017076	-52.545309791388455	-226.75829304225243
2766.0	61.0	20.01088997756977	-52.32473703410956	-225.90456441332728
2767.0	61.0	20.018062362761214	-52.156226927636624	-225.05436491948808
2768.0	61.0	20.025219356105286	-52.01918239273628	-224.21003543288944
2769.0	61.0	20.032375217830385	-51.92832539516731	-223.37290490622473
2770.0	61.0	20.039538206333138	-51.84478536337154	-222.54405502321
2771.0	61.0	20.04668967830939	-51.76616846791918	-221.72431671819243
2772.0	61.0	20.0538519994251	-51.66615437752486	-220.9142906479706
2773.0	61.5	19.866473849792524	-51.5211914563375	-220.11157232895334
2774.0	61.5	19.87422284840536	-51.39768026285964	-219.3169916095248
2775.0	61.5	19.881972518743044	-51.286710132085126	-218.531802785468
2776.0	61.5	19.88972295582693	-51.1473537699889	-217.75337741768038
2777.0	61.5	19.8974747545886	-50.956246257280995	-216.9801698495093
2778.0	61.5	19.905224838433345	-50.71219176063397	-216.2138154091612
2779.0	61.5	19.912952703194033	-50.408857521758826	-215.45154641734524
2780.0	61.5	19.920684821295996	-50.06245925739937	-214.69329853748383
2781.0	61.5	19.92840175723631	-49.68133284015516	-213.94063152502974
2782.0	61.5	19.936096090481588	-49.27278254045012	-213.19510078556206
2783.0	61.5	19.943764771525963	-48.84690724540068	-212.456213408473
2784.0	61.5	19.95143149364523	-48.416038089193286	-211.72598628554135
2785.0	61.5	19.959072280219612	-47.96552995209406	-211.0032473533825
2786.0	61.5	19.96670021253442	-47.49911264751241	-210.2903697112315
2787.0	61.5	19.974310109683096	-47.12353226066105	-209.58665087853586
2788.0	61.5	19.98190166823516	-46.78198956572289	-208.8946436676308
2789.0	61.5	19.989491458832767	-46.37658426649027	-208.21244354950773
2790.0	61.5	19.997073585647364	-45.92027188398789	-207.54005319902674
2791.0	61.5	20.004235224045818	-78.32566493317928	-206.76606851815492
2792.0	61.5	20.01050327643443	-144.7194347641822	-205.9890131287014
2793.0	61.5	20.016858988438056	-50.75363418989586	-205.32087051938842
2794.0	61.5	20.023335207503585	-51.581187528477244	-204.71073334780692
2795.0	61.5	20.029922817729304	-51.9236450860544	-204.12751858061227
2796.0	61.5	20.03659270054665	-52.30532115379138	-203.56532742585048
2797.0	61.5	20.043349205803203	-52.72651855686955	-203.02170255531436
2798.0	61.5	20.05017235746483	-53.13037727509024	-202.4921482099154
2799.0	61.5	20.057079628816247	-53.50298072772716	-201.9751463956818
2800.0	62.0	19.90198580383181	-53.81004060362265	-201.46805812291825
2801.0	62.0	19.90975610768775	-54.04486811249765	-200.96930395212019
2802.0	62.0	19.91757087072672	-54.23572838220616	-200.47766852886224
2803.0	62.0	19.925417462719707	-54.44789890862578	-199.99086853068712
2804.0	62.0	19.933304211864492	-54.625626760603765	-199.51207598441934
2805.0	62.0	19.941217249584177	-54.78208098282331	-199.03897665806838
2806.0	62.0	19.94913809943047	-54.93652595572672	-198.57284684641547
2807.0	62.0	19.95708513992948	-55.07555096421666	-198.1142622679707
2808.0	62.0	19.965033653004202	-55.19671946319447	-197.66363579873587
2809.0	62.0	19.973001556591992	-55.3389985325809	-197.22328732809552
2810.0	62.0	19.980972369192493	-55.535554886605766	-196.79128547589102
2811.0	62.0	19.988961336381273	-55.75042361903712	-196.36829850384063
2812.0	62.0	19.99696051080349	-56.00685182821669	-195.95343197792386
2813.0	62.0	20.004970031287474	-56.36852372442916	-195.5498208554204
2814.0	62.0	20.012998736122576	-56.66031102816123	-195.15390531487063
2815.0	62.0	20.02104591839413	-56.868923774141464	-194.76428174084603
2816.0	62.0	20.029108117991935	-56.953769835223945	-194.3786122935439
2817.0	62.0	20.037181257488903	-56.910363967798034	-193.99526329642072
2818.0	62.0	20.045253166000403	-56.7580781166879	-193.61389503042506
2819.0	62.0	20.05333414485278	-56.52800043306864	-193.2332949312581
2820.0	62.0	20.061394123863856	-56.25826996393536	-192.85585454718878
2821.0	62.0	20.06945368612228	-56.06677652106853	-192.48395711767
2822.0	62.0	20.07751484494624	-55.92158561663713	-192.1198441013793
2823.0	62.0	20.085554275380108	-55.82125378244986	-191.76352056427277
2824.0	62.0	20.09359929574559	-55.72588613651133	-191.41437374514044
2825.0	62.0	20.101646702900265	-55.62959297121246	-191.0742075390498
2826.0	62.5	20.178384234781987	-55.50670078806907	-190.73919827631687
2827.0	62.5	20.187476033331553	-55.32150474169302	-190.40948365750728
2828.0	62.5	20.196563926887265	-55.17410294173226	-190.08326573024073
2829.0	62.5	20.205642867078154	-55.0123253987272	-189.75944427219224
2830.0	62.5	20.21473076467234	-54.79575054249267	-189.43695533888612
2831.0	62.5	20.22381598764392	-54.519469410267014	-189.11285018579886
2832.0	62.5	20.23288713151648	-54.18115054390788	-188.78727589037905
2833.0	62.5	20.241944247246437	-53.79372053391831	-188.45602721452943
2834.0	62.5	20.25099140921707	-53.35673652390494	-188.1233288860216
2835.0	62.5	20.26000674935323	-52.88481984885952	-187.7860396431826
2836.0	62.5	20.26901666428217	-52.39598226882187	-187.4463821620917
2837.0	62.5	20.277988990025527	-51.90196244784587	-187.10452256224968
2838.0	62.5	20.28694968435402	-51.38399347760965	-186.75843090613077
2839.0	62.5	20.29588875364499	-50.83999407604285	-186.40983432291992
2840.0	62.5	20.304822442484518	-50.40429608741028	-186.0593006133459
2841.0	62.5	20.313727754964344	-49.98898683820887	-185.7055355646988
2842.0	62.5	20.32262296659	-49.48318289056617	-185.3482446359871
2843.0	62.5	20.331513448263383	-48.90346122745737	-184.98562247504972
2844.0	62.5	20.339228759828984	-73.7323204271059	-183.81758674458584
2845.0	62.5	20.3465284127051	-148.47988775029322	-183.35590458858908
2846.0	62.5	20.353948257130234	-55.19027466538242	-182.92199332552457
2847.0	62.5	20.361500825267562	-55.794053169365434	-182.5313166827673
2848.0	62.5	20.369168613440934	-56.197544095226334	-182.15881986679327
2849.0	62.5	20.376952499319245	-56.691365100508214	-181.79899825693752
2850.0	62.5	20.384849679406763	-57.19632153495478	-181.44489936334696
2851.0	62.5	20.392839170262224	-57.66035697042905	-181.08836406601085
2852.0	63.0	20.02266663515677	-58.00862254480566	-180.72890633092143
2853.0	63.0	20.031371498344114	-58.30126921870402	-180.35955788544268
2854.0	63.0	20.040144133853765	-58.503141772175724	-179.97880999110885
2855.0	63.0	20.04897079424025	-58.74469372348837	-179.58685543098315
2856.0	63.0	20.05782924181255	-58.9486227038076	-179.18208883413052
2857.0	63.0	20.066741837119174	-59.11846708084064	-178.76573561081776
2858.0	63.0	20.075674254404664	-59.29189081028355	-178.33813412714989
2859.0	63.0	20.084629268221175	-59.46349192265784	-177.9004479872752
2860.0	63.0	20.093604339847175	-59.66179500073326	-177.45522649785934
2861.0	63.0	20.10259955331167	-59.92383146694401	-177.0008428288342
2862.0	63.0	20.111621911872664	-60.20874916562541	-176.5376257689787
2863.0	63.0	20.12066017155042	-60.45922074078838	-176.06516851593707
2864.0	63.0	20.129719121416386	-60.84577253603826	-175.58518361823204
2865.0	63.0	20.138803495262025	-61.21414767985229	-175.09565745202084
2866.0	63.0	20.14789855222076	-61.45974953293276	-174.59457456743294
2867.0	63.0	20.15703031284138	-61.57344729992588	-174.07805556729835
2868.0	63.0	20.166168229319723	-61.531009869977794	-173.54551463199556
2869.0	63.0	20.175321433437695	-61.35960005469899	-172.99572389999847
2870.0	63.0	20.184473656388484	-61.108302880346194	-172.42767563264607
2871.0	63.0	20.193615486560443	-60.813074041507754	-171.8450524672831
2872.0	63.0	20.202752428830888	-60.61809335978561	-171.24921108989463
2873.0	63.0	20.21189017077448	-60.489391198691145	-170.64255268201532
2874.0	63.0	20.221020790059658	-60.41500368080121	-170.02805525582073
2875.0	63.0	20.230153394943716	-60.338147741981814	-169.40446133314828
2876.0	63.0	20.239293291681893	-60.24282752372267	-168.76983566622056
2877.0	63.5	20.044409401831505	-60.055653051581814	-168.12313854565207
2878.0	63.5	20.054272386140568	-59.84166462453133	-167.46199549626795
2879.0	63.5	20.06414019796697	-59.653951019007785	-166.78518767624743
2880.0	63.5	20.07399646923385	-59.446467250313894	-166.09245300484812
2881.0	63.5	20.08386074434003	-59.172065623046684	-165.38169179725648
2882.0	63.5	20.09370519536773	-58.81474904791778	-164.6501404863688
2883.0	63.5	20.103532027964018	-58.393044091235865	-163.8980781507835
2884.0	63.5	20.113342673833927	-57.91023240916486	-163.12653737667154
2885.0	63.5	20.123136013661835	-57.385417022970735	-162.33646805660268
2886.0	63.5	20.132900493887778	-56.845099771724826	-161.52937534529755
2887.0	63.5	20.14264359598013	-56.27938983433336	-160.7056697137341
2888.0	63.5	20.15236701372836	-55.67440182607387	-159.86350844067752
2889.0	63.5	20.16206990296709	-55.068641325397074	-159.00752487425484
2890.0	63.5	20.17174839835641	-54.60556117606182	-158.13667469711098
2891.0	63.5	20.18142031927054	-54.06173313237103	-157.25293356912974
2892.0	63.5	20.19108138812252	-53.393997449526815	-156.35616281104367
2893.0	63.5	20.19963150988014	-78.77281313182814	-155.26406400266987
2894.0	63.5	20.20717473419905	-149.97131270221104	-154.22249909402123
2895.0	63.5	20.21488686366533	-59.4302614583594	-153.26405200575127
2896.0	63.5	20.222778730508875	-60.14860348201911	-152.33796212458716
2897.0	63.5	20.230831222274983	-60.61126691180605	-151.4192518006117
2898.0	63.5	20.239030464332814	-61.19186564316085	-150.5032681761194
2899.0	63.5	20.24736508214357	-61.79223357472661	-149.58496603784096
2900.0	63.5	20.255818651144814	-62.32043885835907	-148.66058880850676
2901.0	64.0	20.058041522324626	-62.740478599355974	-147.72619453998107
2902.0	64.0	20.067617462881714	-63.03099839201549	-146.7755630886205
2903.0	64.0	20.07726562359331	-63.233848473330944	-145.8101349125646
2904.0	64.0	20.086959480469297	-63.478177047261575	-144.8301933523971
2905.0	64.0	20.096704285600904	-63.68981742362347	-143.83813053062562
2906.0	64.0	20.106477764155535	-63.893883165506324	-142.83622052340849
2907.0	64.0	20.116279863992027	-64.09328284419516	-141.82702487914173
2908.0	64.0	20.12610454001184	-64.31368283118178	-140.8133850794365
2909.0	64.0	20.135942854269995	-64.6008318026186	-139.79871969359678
2910.0	64.0	20.145805118954744	-64.91964458448645	-138.78339103956537
2911.0	64.0	20.155677126301764	-65.1913626755943	-137.7676211759031
2912.0	64.0	20.165581995052936	-65.58838523041769	-136.75365754744212
2913.0	64.0	20.17550000474761	-65.96291963352469	-135.74219983777306
2914.0	64.0	20.18543335047142	-66.17293504615519	-134.73192189005383
2915.0	64.0	20.19538508546157	-66.21599210786181	-133.72065336507953
2916.0	64.0	20.205348618928404	-66.08107991741677	-132.70890320412616
2917.0	64.0	20.215304678715412	-65.81726204408011	-131.69676496738526
2918.0	64.0	20.22525476542567	-65.47786251103263	-130.6880021198232
2919.0	64.0	20.23518979013273	-65.15301139430211	-129.68752052922846
2920.0	64.0	20.24509860026971	-64.9531073685513	-128.69993868002058
2921.0	64.0	20.255004148243213	-64.82741788457547	-127.72999913117499
2922.0	64.0	20.264892677851414	-64.7300757951974	-126.78001233599441
2923.0	64.0	20.274788678895458	-64.61299921769944	-125.8504531978931
2924.0	64.5	20.331984835206235	-64.45270042241134	-124.9415010835675
2925.0	64.5	20.34319130857173	-64.18060394494343	-124.05146736005068
2926.0	64.5	20.354375406562664	-63.911273393883555	-123.18084237174773
2927.0	64.5	20.36555322111658	-63.629128732320936	-122.33194852152502
2928.0	64.5	20.37671596132431	-63.290805399570516	-121.50585335762378
2929.0	64.5	20.387859350483357	-62.86875143648858	-120.7009750630012
2930.0	64.5	20.398969200174424	-62.366770486376865	-119.91940248219828
2931.0	64.5	20.41005727650978	-61.79487339176596	-119.16409861354144
2932.0	64.5	20.421110587238026	-61.17941791637318	-118.44002271545644
2933.0	64.5	20.432123669087787	-60.54673114930042	-117.74737348782448
2934.0	64.5	20.44311357032421	-59.88012732736554	-117.09081192312856
2935.0	64.5	20.454066528036275	-59.156092166174105	-116.47170803117774
2936.0	64.5	20.464996953109395	-58.467494576028265	-115.89303815604161
2937.0	64.5	20.475889863583184	-57.90362650133112	-115.35773272983376
2938.0	64.5	20.486772423504835	-57.19462319879444	-114.86594366944638
2939.0	64.5	20.497630445865422	-75.99864333120901	-114.41796159713722
2940.0	64.5	20.50597264165348	-58.50820464318671	-113.0937217561482
2941.0	64.5	20.51445244979153	-154.75853965715572	-112.66153859715335
2942.0	64.5	20.52313140818971	-64.11098869671608	-112.30253071400898
2943.0	64.5	20.531997720016182	-64.67008749520049	-112.03702899992764
2944.0	64.5	20.541044735504645	-65.29599236879278	-111.85086445097734
2945.0	64.5	20.550254478812132	-66.00578867967899	-111.73553670855769
2946.0	64.5	20.55961204637295	-66.64828407789986	-111.68274895458259
2947.0	65.0	20.182449873297493	-67.11271965034166	-111.68359301442385
2948.0	65.0	20.192786841028873	-67.46384318227136	-111.7314404916311
2949.0	65.0	20.20322633381192	-67.67644265585751	-111.8189682350471
2950.0	65.0	20.213727572798916	-67.92351895636635	-111.94613805971395
2951.0	65.0	20.22428751898689	-68.14296305827034	-112.11037094143109
2952.0	65.0	20.23488623297437	-68.36070459556278	-112.31157024997584
2953.0	65.0	20.245526305496966	-68.61300590968372	-112.54572095992094
2954.0	65.0	20.256192999433352	-68.94326132693375	-112.81240589699424
2955.0	65.0	20.266894476345286	-69.33534325615398	-113.10326071806051
2956.0	65.0	20.277613416815964	-69.69433710434522	-113.41077940893767
2957.0	65.0	20.28836354369593	-70.00547231816527	-113.72378502612526
2958.0	65.0	20.299135755084507	-70.4627497025758	-114.03430150675513
2959.0	65.0	20.309941338701098	-70.78074783692755	-114.32792075793242
2960.0	65.0	20.320764017706235	-70.88842405143814	-114.58735830272822
2961.0	65.0	20.331600921075857	-70.80107768523446	-114.79810479302526
2962.0	65.0	20.342436765820526	-70.54769797639487	-114.94469498210232
2963.0	65.0	20.353271516023703	-70.19514891866937	-115.0142139024074
2964.0	65.0	20.364086429362754	-69.81686715116383	-114.99529996321245
2965.0	65.0	20.374886401162296	-69.58519479604388	-114.8810018693698
2966.0	65.0	20.38567974836692	-69.45763726562113	-114.66528707368033
2967.0	65.0	20.396451171599384	-69.37828240698582	-114.33835906781059
2968.0	65.5	20.184392959284967	-69.26350236554622	-113.8941700955455
2969.0	65.5	20.1961160010141	-69.07554778000532	-113.32953465766585
2970.0	65.5	20.20783139370397	-68.77004473634027	-112.64267428422437
2971.0	65.5	20.219549703936668	-68.41808213869714	-111.84274870359454
2972.0	65.5	20.23125663483886	-68.10659672047275	-110.94395885762273
2973.0	65.5	20.242932326420355	-67.7196540313242	-109.96416794931928
2974.0	65.5	20.254591166701605	-67.2295629214481	-108.92587663108732
2975.0	65.5	20.26622567166834	-66.64957674045039	-107.85361295111512
2976.0	65.5	20.277813390054632	-65.99288178630937	-106.77697579835971
2977.0	65.5	20.289369067501223	-65.30727417027035	-105.72087944101585
2978.0	65.5	20.30088672564568	-64.58176025190457	-104.71085002105191
2979.0	65.5	20.312377079932926	-63.78986459815338	-103.76601548437438
2980.0	65.5	20.323832427422776	-62.9566269729046	-102.90780008094151
2981.0	65.5	20.335264904112474	-62.306145620793295	-102.1526726527689
2982.0	65.5	20.346669847374745	-61.515574685041045	-101.51112852036054
2983.0	65.5	20.357441358766295	-78.9679286223485	-100.83262434494078
2984.0	65.5	20.36588481201768	-151.9944661738208	-100.19613948974104
2985.0	65.5	20.374474704901306	-67.33258814835818	-99.80584514290355
2986.0	65.5	20.383327674764224	-68.4777202224389	-99.61670689796829
2987.0	65.5	20.392408986392702	-69.07129663148945	-99.53753800584198
2988.0	65.5	20.40170088171166	-69.83174060040339	-99.54137966172404
2989.0	65.5	20.411190130909972	-70.6293874974034	-99.60272299247747
2990.0	66.0	20.438135458394903	-71.32256163317417	-99.69708499810706
2991.0	66.0	20.449675152225513	-71.82565820763533	-99.80114303933246
2992.0	66.0	20.461329573678363	-72.12080231124337	-99.89472690570268
2993.0	66.0	20.473077190636197	-72.33586932774179	-99.96560971372203
2994.0	66.0	20.484906339554097	-72.62062207267162	-100.00985013108125
2995.0	66.0	20.496777495050402	-72.86638061113419	-100.02381858858591
2996.0	66.0	20.508712588145467	-73.13002797031969	-100.0076968238571
2997.0	66.0	20.520675157143483	-73.48910474113876	-99.96228301429281
2998.0	66.0	20.532668303484517	-73.92779818112209	-99.8889574311556
2999.0	66.0	20.544696063981426	-74.33606000978935	-99.78457214355029
3000.0	66.0	20.556757730321365	-74.66281913181479	-99.65082783663415
3001.0	66.0	20.568854052417397	-75.1255271706048	-99.48654658504101
3002.0	66.0	20.58097206582967	-75.42865487390802	-99.29161302873739
3003.0	66.0	20.59311463297889	-75.47726481367549	-99.06211312979289
3004.0	66.0	20.60527947422589	-75.31480125011748	-98.79741831807267
3005.0	66.0	20.617438257460257	-74.98383375002678	-98.49576385825165
3006.0	66.0	20.62958097977437	-74.5571798194613	-98.16204292720111
3007.0	66.0	20.64170116224264	-74.15357870337229	-97.8014686186734
3008.0	66.0	20.653811388306195	-73.92528169398211	-97.41981314725157
3009.0	66.0	20.66590391856353	-73.80348037757571	-97.02116598594424
3010.0	66.0	20.6779848248329	-73.69920385313563	-96.60757559452529
3011.0	66.5	20.502242898836617	-73.52488047499101	-96.17659365655632
3012.0	66.5	20.515608055301566	-73.24589261668692	-95.7256329812314
3013.0	66.5	20.528967082423996	-72.80321455877231	-95.24987213671355
3014.0	66.5	20.54230520322777	-72.39626786912632	-94.75303485256785
3015.0	66.5	20.555622857982858	-71.97986244756372	-94.23441943385185
3016.0	66.5	20.568915676345107	-71.45092495823432	-93.69238153842375
3017.0	66.5	20.582165720314254	-70.81453407885559	-93.13030017544871
3018.0	66.5	20.595364077239307	-70.0860063416692	-92.55142235229069
3019.0	66.5	20.608522623385188	-69.31520641194427	-91.95698138482993
3020.0	66.5	20.621631929809006	-68.49274891702758	-91.35097148654638
3021.0	66.5	20.63471083285559	-67.5915055734646	-90.73410217280417
3022.0	66.5	20.64773395927357	-66.61613926790106	-90.10750577768428
3023.0	66.5	20.660725613731067	-65.84376444515961	-89.47414208301595
3024.0	66.5	20.673676600915602	-64.9150222429665	-88.83529560456009
3025.0	66.5	20.685570064407802	-77.90680899820696	-87.32568392196416
3026.0	66.5	20.695189159979588	-156.6778728023898	-86.46026723556092
3027.0	66.5	20.704971938249393	-72.00196709819559	-85.66894277338704
3028.0	66.5	20.71501887450786	-73.11810500991804	-85.03111118985258
3029.0	66.5	20.72533208042271	-73.83015390706177	-84.42888641084619
3030.0	66.5	20.735876432720598	-74.74135681619269	-83.85106459117938
3031.0	66.5	20.7466543461735	-75.64306532369527	-83.28921800811327
3032.0	67.0	20.31823002363242	-76.30171642977196	-82.73052994281728
3033.0	67.0	20.330318744224506	-76.78484381192389	-82.16688208437455
3034.0	67.0	20.34254026067653	-77.03321097806649	-81.58713704186191
3035.0	67.0	20.35486272665618	-77.29252391526605	-80.99726151658558
3036.0	67.0	20.36725353398417	-77.60461040991218	-80.39901128181067
3037.0	67.0	20.379716576662197	-77.94133963135442	-79.79706158440182
3038.0	67.0	20.392224574178684	-78.38992017048605	-79.19639797606894
3039.0	67.0	20.40477209814675	-78.92593729272994	-78.5986333977329
3040.0	67.0	20.417352195394095	-79.42841637842378	-78.00397977066136
3041.0	67.0	20.429970000352682	-79.80467565184087	-77.40984460196506
3042.0	67.0	20.44261644416307	-80.25969646690245	-76.8173207379048
3043.0	67.0	20.45529452492438	-80.59670965523932	-76.22517049775485
3044.0	67.0	20.46798751671751	-80.6190174857398	-75.62747303689807
3045.0	67.0	20.4806869305959	-80.41721141397429	-75.02109042877912
3046.0	67.0	20.493363828580144	-80.04605707100457	-74.40866875513679
3047.0	67.0	20.506024797594446	-79.58523850877286	-73.79230866324751
3048.0	67.0	20.51866337421605	-79.19186302939026	-73.17642787236508
3049.0	67.0	20.531262709385175	-79.00477732373365	-72.56878283139643
3050.0	67.0	20.543842404187053	-78.923577197155	-71.9713628995668
3051.0	67.5	20.32210223100549	-78.80056816432474	-71.38160653081731
3052.0	67.5	20.3359851619954	-78.58999389174753	-70.79546108642364
3053.0	67.5	20.3498648324849	-78.19293888209285	-70.20664734054611
3054.0	67.5	20.363710422286783	-77.65643482831857	-69.61154794805702
3055.0	67.5	20.377527903864795	-77.19986398442032	-69.01030312159664
3056.0	67.5	20.39129570533645	-76.65890973224357	-68.40199300414392
3057.0	67.5	20.405008181869707	-75.97888945249915	-67.7861333663955
3058.0	67.5	20.41866817558523	-75.1921025685097	-67.16627619936507
3059.0	67.5	20.432266693894483	-74.34378529961732	-66.54327565624531
3060.0	67.5	20.44580378680201	-73.42760589549884	-65.92012567300246
3061.0	67.5	20.459286764569907	-72.3992840000287	-65.2962243389785
3062.0	67.5	20.472713239384642	-71.28420815902291	-64.67224778185135
3063.0	67.5	20.48609431243802	-70.37392464839208	-64.05084951423945
3064.0	67.5	20.499409932260477	-69.23146730268708	-63.430231203621524
3065.0	67.5	20.509187791407932	-82.04830749046826	-62.43621702049732
3066.0	67.5	20.518759172862715	-160.8275477997545	-61.8000081424935
3067.0	67.5	20.528610335762615	-77.57390791962926	-61.29622294948454
3068.0	67.5	20.538783248047743	-78.34608183432883	-60.80765937498283
3069.0	67.5	20.54923727432794	-79.27375350456956	-60.31610728302407
3070.0	67.5	20.559943032347658	-80.31036497165188	-59.82786219002869
3071.0	68.0	20.572034530928647	-81.21475525598842	-59.33881628991738
3072.0	68.0	20.585414775227974	-81.8136004179411	-58.83879587605724
3073.0	68.0	20.598930749241323	-82.12617185027739	-58.31982909780552
3074.0	68.0	20.612554426702907	-82.38014023205552	-57.78159802297152
3075.0	68.0	20.6262420986371	-82.71535661213098	-57.233745447495565
3076.0	68.0	20.63998455619081	-83.07982686124103	-56.680265919889074
3077.0	68.0	20.653757376570372	-83.57179550952354	-56.12706971517544
3078.0	68.0	20.667551404104845	-84.15467696969395	-55.5770184846455
3079.0	68.0	20.681378271741625	-84.67469664335107	-55.02940129721253
3080.0	68.0	20.695226080810322	-85.02900847469293	-54.48131114259675
3081.0	68.0	20.709085760279795	-85.46738791783815	-53.9332532850486
3082.0	68.0	20.722965889501108	-85.68959878374031	-53.3834523374969
3083.0	68.0	20.73683276025094	-85.58291849815423	-52.82595261034878
3084.0	68.0	20.750697037393827	-85.2393810086438	-52.25951556948035
3085.0	68.0	20.764534792493226	-84.73963427423634	-51.687051165653905
3086.0	68.0	20.778340040068425	-84.19771080743975	-51.112097971870796
3087.0	68.0	20.792092934318166	-83.83329063403954	-50.54206180900177
3088.0	68.0	20.80581246453241	-83.66788839957884	-49.98333555189516
3089.0	68.5	20.620513335823038	-83.53194823491677	-49.43568395049777
3090.0	68.5	20.635953401729704	-83.32196838805285	-48.89498402970746
3091.0	68.5	20.651357377540002	-82.93914799974957	-48.3543358024646
3092.0	68.5	20.66673406138261	-82.30492124288823	-47.80540566000886
3093.0	68.5	20.682054821686872	-81.67950730018615	-47.24846045096928
3094.0	68.5	20.697322798561885	-81.06714264229035	-46.683603838071356
3095.0	68.5	20.712522478610722	-80.3056458258136	-46.11238162111724
3096.0	68.5	20.727644298354214	-79.41690921293706	-45.53573997005277
3097.0	68.5	20.742690985813244	-78.44302353318388	-44.956470409599
3098.0	68.5	20.757668880534805	-77.37929318252715	-44.37762296347638
3099.0	68.5	20.772564818731713	-76.19440835221704	-43.79738398440233
3100.0	68.5	20.78739211591117	-74.87837729892121	-43.215447805949225
3101.0	68.5	20.80214725915299	-73.78846665744803	-42.63451150654107
3102.0	68.5	20.816387118376355	-81.39232875362485	-41.35337461013674
3103.0	68.5	20.8268766643702	-76.9447820671842	-40.30788438505427
3104.0	68.5	20.837546443273304	-166.0751218479034	-39.73366558550657
3105.0	68.5	20.848530458651574	-82.48512671574086	-39.186917023124266
3106.0	68.5	20.859848422480937	-83.30143994213387	-38.67281512377776
3107.0	68.5	20.87145882717201	-84.36035588639847	-38.176365512542354
3108.0	69.0	20.439635152730006	-85.42317565656126	-37.694070899098286
3109.0	69.0	20.45293977287337	-86.3545571456145	-37.21595527659551
3110.0	69.0	20.466424036465057	-86.90722655758955	-36.727383535847544
3111.0	69.0	20.480051594988492	-87.1653035647815	-36.22043669470235
3112.0	69.0	20.493787432647416	-87.46838158286315	-35.69973328510902
3113.0	69.0	20.50758208583132	-87.91321394297141	-35.174238671705744
3114.0	69.0	20.521417413244823	-88.42717258989497	-34.64771174421482
3115.0	69.0	20.53529871150153	-89.05677607926593	-34.126251113087356
3116.0	69.0	20.549199297550345	-89.67441108083857	-33.61145954849356
3117.0	69.0	20.56313269257629	-90.11495238628963	-33.10134455708409
3118.0	69.0	20.577078262403045	-90.44734621913348	-32.59113837901768
3119.0	69.0	20.59103936150789	-90.77893923614043	-32.08222884866313
3120.0	69.0	20.60499942452226	-90.75022848775491	-31.568789738075186
3121.0	69.0	20.61894394670222	-90.42576946580542	-31.048318815204208
3122.0	69.0	20.632863358523327	-89.91841598618197	-30.52238375785368
3123.0	69.0	20.64676035925907	-89.33546356584667	-29.994029364165385
3124.0	69.0	20.66061785774677	-88.88127947436243	-29.4692975896259
3125.0	69.0	20.67444299858692	-88.66114263881393	-28.95540804629068
3126.0	69.5	20.448086635435786	-88.52614385231591	-28.453733253548087
3127.0	69.5	20.46359032177279	-88.3057963076766	-27.95641471764031
3128.0	69.5	20.479050537144452	-87.88432974534675	-27.458416145319763
3129.0	69.5	20.494470521690722	-87.19699197668334	-26.95083588443927
3130.0	69.5	20.509816253348042	-86.3589467346199	-26.428414958948203
3131.0	69.5	20.525088646915467	-85.60208960371614	-25.897888146530224
3132.0	69.5	20.540272834880387	-84.70178551006087	-25.358328589913754
3133.0	69.5	20.555369511707614	-83.68117933167882	-24.815331458411563
3134.0	69.5	20.570381803521265	-82.5364375066193	-24.26745677194628
3135.0	69.5	20.585305347437142	-81.25192464388923	-23.718130703255685
3136.0	69.5	20.600152619132878	-79.79298951102709	-23.16674101573301
3137.0	69.5	20.6149385715046	-78.34771449276789	-22.614996865135943
3138.0	69.5	20.62867710101169	-86.61862073089411	-21.855739566040018
3139.0	69.5	20.639054462873478	-82.48538396107656	-21.134977626500266
3140.0	69.5	20.649701638159577	-167.3956612637932	-20.596135064809296
3141.0	69.5	20.660745578767468	-87.47001974236368	-20.15168663391993
3142.0	69.5	20.67218094991875	-88.2100413394638	-19.724460709967143
3143.0	69.5	20.683953318011067	-89.22120938258733	-19.3036657151097
3144.0	70.0	20.682622222737667	-90.47606067701497	-18.894351839646117
3145.0	70.0	20.697229787512963	-91.49115778571844	-18.48376125022279
3146.0	70.0	20.712016139206508	-92.10144936520187	-18.057769278261148
3147.0	70.0	20.72692644768021	-92.363319070756	-17.608242963709298
3148.0	70.0	20.741929733269878	-92.64993693361006	-17.140505054782363
3149.0	70.0	20.757002558059664	-93.12019810077958	-16.665204821013532
3150.0	70.0	20.772115703564047	-93.67520172978354	-16.187222615225757
3151.0	70.0	20.787262940452333	-94.3007735152762	-15.71131708934734
3152.0	70.0	20.80241391383264	-94.85712015338987	-15.238382408584576
3153.0	70.0	20.817599077693277	-95.1966891606701	-14.765288276336056
3154.0	70.0	20.832815261684846	-95.45080973646061	-14.28874020941725
3155.0	70.0	20.848029637465057	-95.64149118404202	-13.810673787192563
3156.0	70.0	20.86325326312083	-95.43403383739025	-13.325317144702991
3157.0	70.0	20.878476780765276	-94.95269371928687	-12.83160392009576
3158.0	70.0	20.893659323675298	-94.32038207897308	-12.332119466497161
3159.0	70.0	20.90879058625923	-93.64900045781074	-11.831856385595572
3160.0	70.0	20.923865370483263	-93.13798123118333	-11.336843913399125
3161.0	70.5	20.733046619022595	-92.86395496213842	-10.854164733604655
3162.0	70.5	20.75006253907896	-92.62417064557215	-10.382666377142595
3163.0	70.5	20.7670228926265	-92.22563468054042	-9.913889722798563
3164.0	70.5	20.783935735751744	-91.57889517455756	-9.437319438341085
3165.0	70.5	20.800779107714295	-90.6049251153606	-8.945256701294113
3166.0	70.5	20.81755025509187	-89.48933453019993	-8.437726616982623
3167.0	70.5	20.834244996571886	-88.45949145529701	-7.9239224892610896
3168.0	70.5	20.85084507360562	-87.27385622863898	-7.404558641181058
3169.0	70.5	20.867365478546585	-85.93011615189972	-6.881788875942875
3170.0	70.5	20.88378755993551	-84.41845955511911	-6.3575580409523225
3171.0	70.5	20.900112342968733	-82.75592770770021	-5.832574721633026
3172.0	70.5	20.916324340395263	-80.99785366140527	-5.3054118367769485
3173.0	70.5	20.929873368880116	-91.77460351700083	-3.844214535284131
3174.0	70.5	20.94219895412643	-88.33078622503479	-3.1879110438153613
3175.0	70.5	20.913683082910417	-197.36707055590762	-2.7488785963121094
3176.0	70.5	20.926426959344617	-92.68609040646183	-2.288327072786159
3177.0	70.5	20.939545523404647	-93.34290083987776	-1.8454895048978812
3178.0	70.5	20.952943177487818	-94.14798810756689	-1.4116619325448758
3179.0	71.0	20.561623716124632	-95.33627128351763	-0.994132185864113
3180.0	71.0	20.57636573707273	-96.49904241693369	-0.584956286872683
3181.0	71.0	20.591295945800177	-97.31293784970939	-0.1706178480059326
3182.0	71.0	20.606352440625376	-97.73685535903864	0.2600920125959021
3183.0	71.0	20.621532203091036	-97.95435338315203	0.710051496422984
3184.0	71.0	20.636755474263307	-98.34908351966645	1.169487630318002
3185.0	71.0	20.652010597095007	-98.84757555980663	1.6296171360955003
3186.0	71.0	20.66726388611732	-99.32230566374554	2.0849791287211943
3187.0	71.0	20.68252860076376	-99.73189819348005	2.5344215731856417
3188.0	71.0	20.69781296076364	-100.02792319346257	2.9776886813678374
3189.0	71.0	20.713102589329562	-100.16477636493607	3.4188649729127665
3190.0	71.0	20.72838020754558	-100.28817799619937	3.859071879508786
3191.0	71.0	20.743629286505843	-100.22761871758557	4.299372302923464
3192.0	71.0	20.758849246129177	-99.81100614156853	4.743555803417313
3193.0	71.0	20.774019634956332	-99.11347842032806	5.194186152854769
3194.0	71.0	20.78913127665976	-98.26908580845694	5.649601894265652
3195.0	71.0	20.804188914121998	-97.39113338510367	6.1108442481006096
3196.0	71.5	20.574436621343544	-96.65756021852815	6.570256895800175
3197.0	71.5	20.591315257411974	-96.05664258511099	7.025940548100619
3198.0	71.5	20.60810894488533	-95.46667164297706	7.4805222096113875
3199.0	71.5	20.624817896949665	-94.84196645269097	7.932467785706911
3200.0	71.5	20.64144322570842	-93.95092659921313	8.389398851871789
3201.0	71.5	20.65799793674833	-92.6718988818184	8.861134644061268
3202.0	71.5	20.674457879809438	-91.00943868281529	9.351928738461513
3203.0	71.5	20.690795866016703	-89.07699733482885	9.860432775512308
3204.0	71.5	20.707001390560656	-87.02532860603726	10.383790972949472
3205.0	71.5	20.72306054956931	-84.91216074107493	10.920211798120972
3206.0	71.5	20.737753267513824	-109.17916018820095	11.843062187880777
3207.0	71.5	20.750144600152087	-92.4781625932242	12.441368063111593
3208.0	71.5	20.763096560962758	-94.49102437597433	12.853277544845444
3209.0	71.5	20.7760950605578	-173.12336548998607	13.266320660532049
3210.0	71.5	20.789162311588438	-97.77566154983079	13.650965597841896
3211.0	71.5	20.802632994879726	-99.01855478790795	14.005160690626923
3212.0	71.5	20.81634476524658	-99.42719726996016	14.38837160217988
3213.0	71.5	20.830200580687883	-99.73782634553933	14.796138680074456
3214.0	72.0	20.82277729803255	-100.13626344052106	15.21630588515508
3215.0	72.0	20.839256769985045	-100.69917809709389	15.637886266990018
3216.0	72.0	20.855822737322374	-101.45498161252698	16.058991125784246
3217.0	72.0	20.87244099682017	-102.15863779535748	16.483870471487098
3218.0	72.0	20.88907873461366	-102.51759243737868	16.920412544195745
3219.0	72.0	20.905753873991667	-102.61032827253138	17.371525592963856
3220.0	72.0	20.922423161299527	-102.54137690483682	17.835603530971426
3221.0	72.0	20.939058033305827	-102.22675941406149	18.312511470395986
3222.0	72.0	20.955663828592343	-101.83993645037772	18.79693065454488
3223.0	72.0	20.972219719534145	-101.41663204353222	19.284906120620075
3224.0	72.0	20.988711205045693	-101.09186890875812	19.768718877336365
3225.0	72.0	21.00511856491168	-100.77916701590401	20.245597354394185
3226.0	72.0	21.021448950146272	-100.2549850718799	20.722211485202536
3227.0	72.0	21.0377060620731	-99.7742864565952	21.197859686832732
3228.0	72.0	21.053868608602357	-99.32307481954139	21.67525078988542
3229.0	72.0	21.069933986851836	-98.69747325814791	22.158278850187127
3230.0	72.0	21.08588805833582	-97.82640676772746	22.64825371136712
3231.0	72.0	21.101703628610625	-96.68524520864783	23.143717587581392
3232.0	72.0	21.11738235029009	-95.39044874011668	23.641696381668435
3233.0	72.0	21.132927153793606	-94.11740549383511	24.137308655587418
3234.0	72.0	21.148341992020267	-92.66304074290824	24.628820036542876
3235.0	72.0	21.1636146244996	-90.7575756818304	25.127213318380353
3236.0	72.0	21.17874938486648	-88.35946113444312	25.63977971254603
3237.0	72.5	21.004304739456376	-85.54891482179657	26.169677623502093
3238.0	72.5	21.02091821033617	-130.34739005593713	27.3454464635796
3239.0	72.5	21.035328962421122	-96.05751425118166	27.96649240813249
3240.0	72.5	21.050310170729514	-98.31493434086407	28.36606928199889
3241.0	72.5	21.06563936316942	-99.86351986951423	28.733415125908973
3242.0	72.5	21.081199958699486	-101.04481124230794	29.097226942285626
3243.0	72.5	21.09688473928715	-101.81486005617164	29.468412193292217
3244.0	72.5	21.11181909566766	-172.808048540694	29.87415013045481
3245.0	72.5	21.126924684165633	-100.85759925234304	30.292538159664456
3246.0	72.5	21.142244607729147	-102.81945783656893	30.683716603243493
3247.0	72.5	21.15764783870124	-104.36025053785788	31.068208791093067
3248.0	72.5	21.17307475143202	-105.7742504134269	31.44161479703369
3249.0	72.5	21.188496509806264	-106.8940927070961	31.809604400101506
3250.0	72.5	21.203885612163436	-107.72844479921655	32.18182986899264
3251.0	72.5	21.219221342075343	-107.9266792356899	32.56867018085606
3252.0	72.5	21.234475232429766	-107.5441290931496	32.97679028810985
3253.0	72.5	21.249630875173803	-107.01753989003502	33.395702303062166
3254.0	72.5	21.26467835128898	-106.5256883115348	33.81861687049842
3255.0	72.5	21.279622208306385	-106.22723592374024	34.231735695355994
3256.0	72.5	21.29445112268709	-106.00277531699356	34.63071410805515
3257.0	73.0	20.88080818993861	-105.59455540709835	35.01985929160391
3258.0	73.0	20.89688925491102	-105.03848203841933	35.410957312113496
3259.0	73.0	20.912841655871585	-104.52339178248945	35.81258869456339
3260.0	73.0	20.92867062664205	-103.81759449240893	36.22238601235352
3261.0	73.0	20.944349743562785	-102.79386208739228	36.643557140517665
3262.0	73.0	20.959883871670915	-101.45353153076964	37.07331516112068
3263.0	73.0	20.975265814063913	-99.90585829514959	37.50632743078507
3264.0	73.0	20.990496024023436	-98.53974129316941	37.93934702804518
3265.0	73.0	21.00559067699037	-97.0391427446361	38.37289860379624
3266.0	73.0	21.020548124287576	-94.92814035385979	38.820952193155
3267.0	73.0	21.035351638502668	-92.08062240646136	39.297019826303256
3268.0	73.0	21.04998907355583	-88.69511321789149	39.80683711269596
3269.0	73.0	21.06355803846307	-161.37542780543455	41.00168729124853
3270.0	73.0	21.076816010606496	-102.09683248570862	41.443921784974236
3271.0	73.0	21.09042692287884	-103.6393419994964	41.794831274843695
3272.0	73.0	21.10418484874693	-105.08464550059705	42.14668838719458
3273.0	73.0	21.117998562722345	-106.54514368096281	42.50534620730525
3274.0	73.0	21.131817978555322	-107.71193957127062	42.87686414002551
3275.0	73.0	21.14560256423172	-108.32876011483185	43.277550009332415
3276.0	73.0	21.158378705902123	-173.4600192012434	43.774827900278645
3277.0	73.0	21.171389696910758	-106.97123297376216	44.20536895925181
3278.0	73.5	20.97335799330187	-109.05075736985793	44.60691180681048
3279.0	73.5	20.988262395600255	-110.65822392629349	44.996660242484175
3280.0	73.5	21.00317074220488	-111.74578836569482	45.38724369375353
3281.0	73.5	21.018038570179264	-112.44506894612306	45.79294582912817
3282.0	73.5	21.0328348714636	-112.55705265764834	46.224897833844636
3283.0	73.5	21.047538222868475	-112.10677870284206	46.68545475929105
3284.0	73.5	21.06214090416391	-111.3838473456224	47.16415824818154
3285.0	73.5	21.07661215624426	-110.55942233580471	47.6502621247913
3286.0	74.0	21.02148549554579	-109.91318346244904	48.129147499288564
3287.0	74.0	21.038714326966844	-109.53776240483366	48.589946731296074
3288.0	74.0	21.055819405519173	-109.20165847987371	49.03278717925833
3289.0	74.0	21.072800713761147	-108.5247118932332	49.47066922398342
3290.0	74.0	21.08964858303889	-107.68279102143464	49.90564060084615
3291.0	74.5	20.911437457952847	-106.56930885741018	50.339761492527465
3292.0	74.5	20.930753722582807	-105.13952310350734	50.77064205294835
3293.0	74.5	20.949898755891805	-103.45052137571241	51.19125483032232
3294.0	74.5	20.968858792349167	-101.48123827643556	51.59786787517564
3295.0	74.5	20.98763616416272	-99.41291951674107	51.99174913565518
3296.0	74.5	21.00622814157209	-97.5017186246046	52.36605650791377
3297.0	74.5	21.024623636242225	-95.1465468533985	52.73103600006364
3298.0	74.5	21.04166127577748	-171.2929719768192	53.73930227257788
3299.0	74.5	21.05775039402407	-110.43579527353026	54.046360182850876
3300.0	74.5	21.07440475080944	-111.72871791741872	54.247175507874076
3301.0	74.5	21.09129423279071	-112.18894598577532	54.497693886260244
3302.0	74.5	21.108243142264715	-112.5938732999198	54.79841437776458
3303.0	75.0	20.757444207627735	-113.25745633447582	55.118537175112024
3304.0	75.0	20.77592125508055	-114.40873445849903	55.44367388583835
3305.0	75.0	20.79443369882931	-115.48548465276241	55.770297967695335
3306.0	75.0	20.812921734160902	-116.1095736021433	56.10386903228568
3307.0	75.0	20.83020820378796	-182.8640421197172	56.574475879337584
3308.0	75.0	20.847395487051095	-115.46266820832209	56.97625172882703
3309.0	75.0	20.864802434811047	-116.46828982415029	57.33744898404598
3310.0	75.0	20.882287051778437	-116.93183787446313	57.699924073052685
3311.0	75.0	20.89976768116153	-117.25080030933918	58.06057299299311
3312.0	75.0	20.917222301030844	-117.29037021908798	58.42162641018606
3313.0	75.0	20.93460278960501	-117.19702303695861	58.78330541207909
3314.0	75.0	20.951904572335106	-116.84007732500828	59.15172454523868
3315.0	75.5	20.670000692305045	-115.86194734712653	59.54225045237017
3316.0	75.5	20.68951131402459	-114.59563513622706	59.96123589567882
3317.0	75.5	20.708867945628196	-113.14970223557505	60.4038150327003
3318.0	75.5	20.728093195320028	-111.49460531507475	60.86521503191976
3319.0	75.5	20.747145940651123	-109.80779520289636	61.33626351240299
3320.0	75.5	20.76603100136154	-108.21034575402912	61.80583747504061
3321.0	75.5	20.784735258232246	-106.38007537530262	62.272808545637595
3322.0	75.5	20.803269820610183	-104.25249501814243	62.740872318558125
3323.0	75.5	20.821616439353186	-101.91796609909069	63.212511171227305
3324.0	75.5	20.839771086993984	-99.27873183902886	63.69017243585346
3325.0	75.5	20.856988990802154	-167.1650551122541	64.6031090110755
3326.0	75.5	20.872939329975473	-120.57492648128023	64.87931155246291
3327.0	75.5	20.88935110682788	-119.77543803500859	65.15900086901443
3328.0	76.0	20.726707868749873	-120.36783516374852	65.50749065121876
3329.0	76.0	20.74601940343606	-120.94064051182617	65.92098413668504
3330.0	76.0	20.76536996152673	-120.84525257803944	66.40455197010021
3331.0	76.0	20.784692718100573	-121.14129919211796	66.92854449128338
3332.0	76.0	20.80395326784613	-122.07435933016079	67.4619353766346
3333.0	76.0	20.823140093367723	-122.99026800416007	67.9943405631733
3334.0	76.0	20.84225589571207	-123.38340091650052	68.5364129846424
3335.0	76.0	20.861254799544348	-123.17055505582954	69.10450589489925
3336.0	76.0	20.88012799338657	-122.48248234681206	69.70364785121622
3337.0	76.0	20.898874845413676	-121.23025947524435	70.32678095306663
3338.0	76.0	20.917455149116343	-119.87440924535504	70.95832053792653
3339.0	76.0	20.93588765764031	-119.03884129148815	71.57644590236187
3340.0	76.0	20.954192402373323	-118.63532810145404	72.17313192874133
3341.0	76.5	20.715135319699733	-118.16497583367952	72.766180576495
3342.0	76.5	20.735313329073712	-117.16730783674004	73.37866696801211
3343.0	76.5	20.755361279747973	-168.74097181589357	74.01523843790946
3344.0	76.5	20.77373246040524	-108.9452271356098	74.9160773899708
3345.0	76.5	20.791912459549177	-108.73281714512339	75.53630304518629
3346.0	76.5	20.810079227037555	-107.93780770876448	76.08948643562204
3347.0	76.5	20.828234936557067	-106.83432948586618	76.59590047553165
3348.0	76.5	20.84640548097164	-105.30383010814332	77.05633797513872
3349.0	76.5	20.864559853443712	-103.47765186012505	77.47622012347125
3350.0	76.5	20.88271134419797	-101.20974269021313	77.85657066327849
3351.0	76.5	20.900834238176508	-147.3924997280445	78.2030724974064
3352.0	76.5	20.917868695779887	-123.44590864389703	78.2267258358665
3353.0	76.5	20.935206483730273	-121.85934575894854	78.38922188956528
3354.0	77.0	20.556212612882522	-123.02542187674872	78.61675187581731
3355.0	77.0	20.57575755127223	-124.39806453841487	78.89848082852642
3356.0	77.0	20.595398487921862	-124.62208553805155	79.2659280559663
3357.0	77.0	20.61502585887823	-124.78181929252483	79.69258258897803
3358.0	77.0	20.63460930389754	-125.63000686964327	80.12114415312602
3359.0	77.0	20.65413013912338	-126.69550859776389	80.52404621842607
3360.0	77.0	20.673584574813194	-127.37355071509926	80.91436689992058
3361.0	77.0	20.69296747555973	-127.3299003355917	81.31990166643708
3362.0	77.0	20.712243787107894	-126.86237829321955	81.75056304556071
3363.0	77.0	20.731412489465107	-125.55607933472763	82.21017962878675
3364.0	77.0	20.750453693219235	-124.15160310881787	82.68407004903992
3365.0	77.0	20.76937323816115	-123.17308321755405	83.15174572446257
3366.0	77.0	20.788184046200207	-122.904628563573	83.59577408005967
3367.0	77.5	20.761784908891304	-122.83269096903516	84.03862306694883
3368.0	77.5	20.782567626344655	-122.01675064252471	84.51263475960532
3369.0	77.5	20.803143938025332	-120.53237595178658	85.04034818698592
3370.0	77.5	20.823478035880676	-118.69407837993103	85.61685600656092
3371.0	77.5	20.84355438305902	-116.61456289273337	86.22167650363531
3372.0	77.5	20.863381004008797	-114.2684758196016	86.83865597591527
3373.0	77.5	20.88297166787265	-111.69514137670333	87.46132359686473
3374.0	77.5	20.902344023283728	-109.01082862493112	88.08706618256511
3375.0	77.5	20.920294880634177	-154.3083557428689	89.26785237014974
3376.0	77.5	20.934626307156464	-106.86920478646456	89.97622441329433
3377.0	77.5	20.951565353354766	-163.35445183096905	90.34010339253327
3378.0	77.5	20.969457126977915	-128.23027957043774	90.61934302619089
3379.0	77.5	20.98829683443506	-127.29859257812315	91.07234984888443
3380.0	78.0	21.080450284090272	-128.4502901290345	91.57574244861942
3381.0	78.0	21.101430264488695	-129.9120524513108	92.09023958384928
3382.0	78.0	21.122092383859624	-130.2749606228913	92.65921864125879
3383.0	78.0	21.14239944775932	-130.42162615723527	93.27829418121705
3384.0	78.0	21.162375209626603	-131.17685729120848	93.89232639582181
3385.0	78.0	21.18208460681227	-132.2045691308583	94.48143186855403
3386.0	78.0	21.201572767002517	-132.75933340837838	95.05996612971886
3387.0	78.0	21.220841073783742	-132.5552289530204	95.65164212174903
3388.0	78.0	21.239879880444445	-131.88316601630228	96.2557418477963
3389.0	78.0	21.258682878737645	-130.3867470279009	96.87017913630551
3390.0	78.0	21.277253967262453	-128.77355853560283	97.47200063779681
3391.0	78.0	21.295611225295914	-127.63673516322767	98.04078151943762
3392.0	78.5	21.081991314117257	-127.14618341165519	98.56166623563259
3393.0	78.5	21.102169269627403	-126.50630665460912	99.05314426927514
3394.0	78.5	21.122137406683446	-125.04242237415278	99.5442322407841
3395.0	78.5	21.141835049668565	-122.91792236501414	100.03827480516951
3396.0	78.5	21.161030394716132	-134.87760937380253	63.62721433261337
3397.0	78.5	21.179932904212194	-109.61456893120476	63.90145276496416
3398.0	78.5	21.198630291994355	-108.4018901806964	64.20329482787787
3399.0	78.5	21.217038605683904	-106.78470726293739	64.51286667024283
3400.0	78.5	21.235239121575763	-104.98213742144405	64.79936359198207
3401.0	78.5	21.253272976992395	-103.05644876073127	65.05244613064102
3402.0	78.5	21.270901472842603	-138.76539394126337	65.2480276223442
3403.0	78.5	21.288964531222994	-127.53836705511809	65.45382959400318
3404.0	78.5	21.30696513688191	-127.4037731674981	65.74052975623472
3405.0	79.0	20.945897656026816	-129.1475028396673	66.05306760953353
3406.0	79.0	20.96563464915749	-130.85087893884815	66.39454324087966
3407.0	79.0	20.985178013929872	-131.34779386200904	66.7998445096017
3408.0	79.0	21.004454929987947	-131.900183359626	67.24040577702907
3409.0	79.0	21.02347991737721	-132.9633716322865	67.67148886439497
3410.0	79.0	21.04229790214249	-134.2058250213205	68.08332161551847
3411.0	79.0	21.060930853521217	-134.8277671368271	68.493705225496
3412.0	79.0	21.079369030768532	-140.81924305669006	68.92103316969491
3413.0	79.0	21.09744714278102	-127.24825152568216	69.41992309505372
3414.0	79.0	21.115196520359756	-128.01132199889145	69.86699679051407
3415.0	79.0	21.132753973640504	-127.64968023824646	70.32176357084317
3416.0	79.5	20.89543622168902	-127.87908112002809	70.7676137414734
3417.0	79.5	20.915163194167363	-128.1261093668372	71.20403465369954
3418.0	79.5	20.93474345260901	-127.35567765251831	71.65574493715006
3419.0	79.5	20.95410701478788	-125.55578788244084	72.13962577677987
3420.0	79.5	20.973197885469673	-123.24948581145267	72.63008594902566
3421.0	79.5	20.992005991609	-120.51321170549792	73.10324913723184
3422.0	79.5	21.010551800560048	-117.59305217122113	73.54556819147021
3423.0	79.5	21.028857006955988	-114.5476649882904	73.95685033243402
3424.0	79.5	21.046948251367386	-111.60597574333713	74.33898072104823
3425.0	79.5	21.064849455728073	-108.91081782995276	74.69999329217659
3426.0	79.5	21.081716508246693	-134.73723239995087	38.91191741314401
3427.0	79.5	21.098911747349053	-135.70948531728237	38.67252574106919
3428.0	79.5	21.116823356321508	-135.15206249280314	38.631079964704625
3429.0	80.0	20.91472226874201	-135.04947788898744	38.70920978625716
3430.0	80.0	20.935024924051234	-136.52771905266806	38.823931790186634
3431.0	80.0	20.955183558932138	-138.00116549212802	38.96621067858593
3432.0	80.0	20.975179659974682	-138.40126007698086	39.14762891031007
3433.0	80.0	20.99499472313266	-138.64259004159888	39.350103000767334
3434.0	80.0	21.01463763151447	-139.38681722117698	39.548249077950935
3435.0	80.0	21.034134778924514	-140.2021816308154	39.74293963518029
3436.0	80.0	21.053497895319808	-140.4987806215318	39.94577457980427
3437.0	80.0	21.072692889209453	-111.15031343297827	40.1538406927386
3438.0	80.0	21.090283186486833	-132.45570911459043	40.44262367894597
3439.0	80.0	21.10806222723209	-136.2672035123929	40.68649959780929
3440.0	80.0	21.126210844735844	-129.8666526672772	41.01165078533266
3441.0	80.5	20.878623191543955	-129.65018996008246	41.246544137498994
3442.0	80.5	20.903434388598356	-129.17601245121395	41.46252972212153
3443.0	80.5	20.927809121709494	-127.61463615331263	41.686014782236356
3444.0	80.5	20.951768495211105	-125.17291092289187	41.91108229785715
3445.0	80.5	20.975320342257017	-122.25847631460465	42.1193002273582
3446.0	80.5	20.998495701804373	-119.20491579663602	42.29906464771605
3447.0	80.5	21.02133276918489	-116.29177017480481	42.44892152297299
3448.0	80.5	21.04386813456979	-113.68311856582035	42.57378401988725
3449.0	80.5	21.066135809714844	-111.43235823215159	42.68317237711086
3450.0	80.5	21.194157453742157	-136.46424076853796	42.9925649935184
3451.0	80.5	21.217376982549414	-141.68144696652146	43.352033861918535
3452.0	80.5	21.239028024489066	-141.5930194077833	43.79307731902015
3453.0	81.0	21.62639106155629	-141.60251884831135	44.270501756750086
3454.0	81.0	21.64786552924806	-125.9197759435365	10.406233744049025
3455.0	81.0	21.666140032436243	-137.5291429148696	10.631353788648779
3456.0	81.0	21.69429967530614	-139.40254171136348	10.877069677372148
3457.0	81.0	21.72364107266603	-141.08634523976693	11.161003850686614
3458.0	81.0	21.753119614933404	-142.58331400812534	11.482954694635502
3459.0	81.0	21.78249958348372	-143.58916615955147	11.848545507132437
3460.0	81.0	21.81170079302061	-143.8482891219889	12.270012586239181
3461.0	81.0	21.840682137943773	-143.5576726366741	12.749805122256094
3462.0	81.0	21.86940948296322	-142.63607802593614	13.290078683665877
3463.0	81.0	21.897851432715623	-176.17038777589033	13.888020002063353
3464.0	81.0	21.907576260298196	-134.8049331574657	14.476674087019276
3465.0	81.5	21.546659961641648	-135.64359416453476	15.130829896711226
3466.0	81.5	21.58015920093606	-135.85243416298513	15.8124078574081
3467.0	81.5	21.59981777041611	-132.8947467854445	16.537317305731808
3468.0	81.5	21.631147956669285	-130.3122201119089	17.29036549914954
3469.0	81.5	21.66448434613678	-126.7846061298359	18.04984594513344
3470.0	81.5	21.6980161595006	-122.11954663992765	18.808278856236488
3471.0	81.5	21.73154974394595	-116.77753956823193	19.55967045127989
3472.0	81.5	21.764939770264746	-111.36008186296755	20.303770698697644
3473.0	81.5	21.778319056206197	-168.4177944124719	19.803348344019398
3474.0	81.5	21.809127716422122	-143.88962470602758	20.273850222118142
3475.0	81.5	21.841226912119588	-145.1624229354102	20.83505694344733
3476.0	81.5	21.873684605910036	-145.71108622859487	21.44204502226781
3477.0	81.5	21.906282684606577	-145.97534102431086	22.071314488792638
3478.0	81.5	21.93897810958367	-146.331089244889	22.72209165327033
3479.0	82.0	21.55048772527263	-194.66510457822483	-8.478446153094236
3480.0	82.0	21.58097681313091	-148.33782149777696	-8.042850122186326
3481.0	82.0	21.614207304518526	-148.27414482929294	-7.560955551944269
3482.0	82.0	21.64836847754163	-147.27011780988727	-7.056860467766243
3483.0	82.0	21.683019834716937	-146.90309653340398	-6.544800233554366
3484.0	82.0	21.717948660647767	-146.87390404375978	-6.0288421947529205
3485.0	82.0	21.752997214271666	-146.415071722986	-5.5073307299868635
3486.0	82.0	21.788054583962825	-145.91575814094395	-4.9801027647679454
3487.0	82.0	21.823053498290424	-145.32204432900053	-4.454063957115352
3488.0	82.0	21.85792805061405	-144.27063603171237	-3.941914799583255
3489.0	82.0	21.892668386252975	-142.27400524356517	-3.4552297440553152
3490.0	82.0	21.927240277948783	-140.00406483867357	-3.004607557879139
3491.0	82.0	21.9616377483414	-136.3510267256567	-2.5931920205475234
3492.0	82.0	21.995820462695676	-130.36364729052696	-2.2149445313946887
3493.0	82.0	21.99819839164981	-130.6014697468482	-1.8278172686758491
3494.0	82.5	21.63527749350024	-134.4694086344535	-1.5870328050904097
3495.0	82.5	21.66442416713069	-144.01690589829258	-0.9458694644766057
3496.0	82.5	21.69400214647483	-146.25745951842492	-0.32795459538923355
3497.0	82.5	21.72405546855929	-148.21867857587773	0.28631763758795437
3498.0	82.5	21.747337305453453	-203.57046491439718	0.9913819721772583
3499.0	82.5	21.77696288685095	-149.87843516495286	1.648563619040277
3500.0	82.5	21.80719784907561	-153.84758845642278	2.3104842672555588
3501.0	82.5	21.83805368229872	-156.35440926550476	2.9940958392688772
3502.0	82.5	21.86942423259581	-157.32375931630855	3.713642190657909
3503.0	82.5	21.90118344206467	-156.449995226775	4.469649963185682
3504.0	82.5	21.93322184811132	-155.117396839148	5.251424118962601
3505.0	82.5	21.965470973244884	-154.5146260246839	6.0522754763904585
3506.0	82.5	21.9978772067085	-154.62950010570097	6.87119613934319
3507.0	83.0	21.629122110859832	-154.35549965886855	7.713697632287377
3508.0	83.0	21.658171901920916	-153.63712881685225	8.588939336084012
3509.0	83.0	21.687080242645962	-152.55580998398645	9.496647388761676
3510.0	83.0	21.715844142522457	-150.68937696988166	10.430995670802552
3511.0	83.0	21.744462895811026	-147.88871801495202	11.386879213101125
3512.0	83.0	21.77295406705698	-144.51696682641312	12.365642732675663
3513.0	83.0	21.80130625864792	-140.20384817282533	13.367827513088379
3514.0	83.0	21.829510146099075	-133.45887601268376	14.386529595700914
3515.0	83.0	21.85380591809932	-114.3544011705526	14.240700231486464
3516.0	83.0	21.88021304704169	-149.18882241817414	15.041490834981836
3517.0	83.0	21.906255234232436	-209.03900133359858	-18.221281779566528
3518.0	83.0	21.932281532421534	-151.35914595235934	-17.828760493354277
3519.0	83.0	21.959304221799897	-156.9511899181918	-17.371633824602988
3520.0	83.0	21.986682854124954	-159.71899947755833	-16.87948584524296
3521.0	83.0	22.014371141928326	-161.985085091523	-16.375805451541975
3522.0	83.5	21.735911002931005	-163.96254668175078	-15.869193183346436
3523.0	84.0	21.45806673864258	-164.90243104542583	-15.3604518736745
3524.0	84.0	21.487595951555136	-164.87735837556238	-14.845249487167965
3525.0	84.0	21.516752353728286	-163.80359592834864	-14.323651524765177
3526.0	84.0	21.545518605844936	-162.39682400996392	-13.797243995654068
3527.0	84.0	21.573896917476507	-160.9895494707167	-13.272599594807144
3528.0	84.0	21.60192276434027	-160.52887218796698	-12.760078944882672
3529.0	84.5	21.329943912251448	-160.38435226670921	-12.261736757527068
3530.0	84.5	21.361909992004303	-159.23603457273694	-11.773537989525058
3531.0	84.5	21.393479586765203	-156.88081092816606	-11.296670035636145
3532.0	84.5	21.424631247534652	-153.3692144139156	-10.838352561600857
3533.0	84.5	21.45538296685485	-148.41503712973545	-10.403516753314202
3534.0	84.5	21.485740792336344	-142.3012266851721	-9.993608632781706
3535.0	84.5	21.51570032714373	-105.10649772117522	-10.1595787733741
3536.0	84.5	21.54530745557316	-155.01437346252715	-9.411497882740957
3537.0	84.5	21.57459209812139	-224.6538580896245	-8.51347767315612
3538.0	84.5	21.603638546788368	-163.62100111978242	-7.78285411963993
3539.0	85.0	21.33589413003258	-165.4066527470132	-7.0795586967574
3540.0	85.0	21.368629748518458	-167.97181335803432	-6.386559429714758
3541.0	85.0	21.401065995881353	-170.65318730525254	-5.689210340751643
3542.0	85.0	21.433201119843275	-172.43225652737587	-4.969590771467271
3543.0	85.0	21.465039208704585	-172.59368775463267	-4.224215805294582
3544.0	85.0	21.496558316568912	-171.33952044519307	-3.4570275577104814
3545.0	85.0	21.527770387231982	-170.11796728473206	-2.6660102032138457
3546.0	85.0	21.558698460384925	-169.58785813187026	-1.8564926252091207
3547.0	85.5	21.271086148132756	-168.47991177051924	-1.035517580823556
3548.0	85.5	21.306711065156023	-166.60533695714574	-0.21577766289402334
3549.0	85.5	21.34202481454012	-164.92739553541523	0.597149270298873
3550.0	85.5	21.377055424720105	-164.00512837025573	1.4209196629104293
3551.0	85.5	21.411858426356748	-162.45940593475416	2.296070540053969
3552.0	85.5	21.446493955251928	-159.42155278160382	3.2572011306138173
3553.0	85.5	21.481004715596352	-154.38036676855737	4.323696056186447
3554.0	85.5	21.51539329458255	-146.28695414551078	5.506206769488378
3555.0	85.5	21.549216977595883	-153.80261129438264	-27.518423987345365
3556.0	85.5	21.58117328799437	-162.00231057694316	-27.538363150678123
3557.0	86.0	21.30059841352549	-166.82696641020732	-26.780159158689475
3558.0	86.0	21.336282310622153	-169.90168088442385	-25.984685455589172
3559.0	86.0	21.372222298539956	-171.57991931232368	-25.138516633089324
3560.0	86.0	21.408314592417312	-175.23600619591838	-24.260703375613623
3561.0	86.0	21.44457247221317	-178.82238537370196	-23.35081619443455
3562.0	86.0	21.480988400798925	-179.62937038129624	-22.392481212009237
3563.0	86.0	21.517501627049956	-178.02339625937543	-21.38007952816884
3564.0	86.0	21.554050067273273	-175.74772732580166	-20.324607024489136
3565.0	86.0	21.590615050808065	-175.15065254971077	-19.23853374124122
3566.0	86.5	21.25301360507815	-175.7246456968499	-18.12263200216298
3567.0	86.5	21.29099247156642	-174.6511194645472	-16.962288565113152
3568.0	86.5	21.328610834972476	-172.5971704375311	-15.75264458665962
3569.0	86.5	21.365805975624845	-171.39952705696027	-14.512073496309899
3570.0	86.5	21.40258907868933	-170.15241593759643	-13.261026991654596
3571.0	86.5	21.438979294060577	-167.22849774343703	-12.017473058545528
3572.0	86.5	21.474983912668907	-161.75221565004185	-10.793016826726692
3573.0	86.5	21.51055676887164	-153.27391230401727	-9.58991734285347
3574.0	86.5	21.545661483842498	-82.45192656577068	-8.393944662254828
3575.0	86.5	21.55990082161295	-236.39526218182758	-7.118073840248447
3576.0	87.0	20.626720630825254	-169.44172974512418	-5.515893197537245
3577.0	87.0	20.658654962677872	-174.1492920807198	-4.035928889000433
3578.0	87.0	20.690816534805403	-176.1075050903164	-2.5923942478780493
3579.0	87.0	20.722869010587626	-178.77484440030176	-1.169392777292424
3580.0	87.0	20.75471593726043	-182.60850227950257	0.23011268307006105
3581.0	87.0	20.78631712720526	-184.6063960772363	1.6490657829551418
3582.0	87.0	20.817596679048027	-183.86997179159042	3.1237142137114535
3583.0	87.0	20.84847247055285	-181.58938469870543	4.6309569322637145
3584.0	87.0	20.87893375939974	-179.94483142767777	6.137710532880345
3585.0	87.5	21.001875717288037	-180.37155085132775	7.621563279556021
3586.0	87.5	21.032743397560544	-180.39831218554616	9.100143740731824
3587.0	87.5	21.063154931183487	-178.62534157258418	10.581759478342281
3588.0	87.5	21.093032545221252	-176.3586133847164	12.060845423173065
3589.0	87.5	21.122421414501904	-174.46852310405407	13.554307077180386
3590.0	87.5	21.151395921185596	-171.6738173532015	15.102048538402869
3591.0	87.5	21.179994652085433	-166.76729783365974	16.748146290705378
3592.0	87.5	21.208216282144615	-160.2702144023508	18.50579166092139
3593.0	87.5	21.234340158480713	-104.05114395094256	-16.218405331350603
3594.0	87.5	21.26099954324797	-246.0845456292399	-14.690121839075172
3595.0	88.0	21.039129420153532	-175.23962226248779	-13.451438981814457
3596.0	88.0	21.06895730165157	-180.30044851980077	-12.263226425828986
3597.0	88.0	21.098443344844124	-182.819601565365	-11.06826250680384
3598.0	88.0	21.127473028850748	-185.07145442913094	-9.866840263227353
3599.0	88.0	21.15610238741517	-188.42654858096523	-8.671020355111803
3600.0	88.0	21.184398392392893	-190.50505368213956	-7.476226302488205
3601.0	88.0	21.212324809008745	-189.77573216071866	-6.278218617170691
3602.0	88.0	21.23982872563658	-187.97784092061838	-5.081625618327248
3603.0	88.0	21.26691604756453	-186.31780823373668	-3.894234184067067
3604.0	88.5	21.05693364760834	-185.8684321379034	-2.717506916187637
3605.0	88.5	21.086712472985386	-186.26206177477812	-1.55785989513035
3606.0	88.5	21.11609575905539	-185.0990719652465	-0.4128085421161511
3607.0	88.5	21.14500107563647	-182.11922481709817	0.7121325216491385
3608.0	88.5	21.173415203273844	-178.30703316261835	1.8003742366401267
3609.0	88.5	21.20138430184085	-173.94873601950917	2.841874438822373
3610.0	88.5	21.228935453690337	-167.55648132936005	3.824942473746848
3611.0	88.5	21.256067468864	-159.40517615369833	4.738822892675513
3612.0	88.5	21.282536611852823	-125.54538397126879	5.3707612288054785
3613.0	88.5	21.308766477971364	-250.89861761851495	6.644605075943209
3614.0	89.0	21.124273147318572	-182.87767819364234	7.575099015089578
3615.0	89.0	21.153629282296762	-187.69149776427682	8.384929547963235
3616.0	89.0	21.182644197030143	-191.35085340716435	9.12467281892049
3617.0	89.0	21.211194723627774	-192.69673250001807	9.81353489572977
3618.0	89.0	21.239272867117297	-193.5230699383515	10.431317167393022
3619.0	89.0	21.26693408378615	-193.91179390975617	10.954723490053913
3620.0	89.0	21.29422007658824	-193.34175629936342	11.383399670552013
3621.0	89.0	21.321148568080023	-192.31332373142328	11.722192750263066
3622.0	89.0	21.347718769724242	-190.93432615384725	11.965654650344929
3623.0	89.0	21.373897126062374	-188.9749815326348	12.111106773007148
3624.0	89.5	21.23912602722621	-187.0582546051739	12.169054153746984
3625.0	89.5	21.26826198878776	-185.3989448477787	12.155140513523651
3626.0	89.5	21.29705491410331	-182.25623395154324	12.132250026374768
3627.0	89.5	21.325474196292248	-176.4893296599976	12.180273858997293
3628.0	89.5	21.353476650595926	-168.54835041345913	12.343356133089376
3629.0	89.5	21.381763748306287	-133.4551250393581	-26.40051281966926
3630.0	89.5	21.40525784561323	-180.9595326170189	-25.182031629198505
3631.0	89.5	21.430989960232225	-185.5988303218803	-25.408370695452557
3632.0	89.5	21.456905381743656	-259.34290396453935	-25.704560363090266
3633.0	89.5	21.481711853410932	-188.08461892320196	-26.120140507048916
3634.0	89.5	21.506579023162285	-193.1230494480337	-26.55625257543909
3635.0	89.5	21.531318097821497	-196.409317028987	-26.987246317900908
3636.0	90.0	21.403241935036178	-197.14809295329147	-27.37512349856679
3637.0	90.0	21.433981948575187	-195.5486690748316	-27.70160245669268
3638.0	90.0	21.464171632585437	-194.51148645066735	-27.96812406566897
3639.0	90.0	21.493927941586364	-194.55447816026071	-28.164465170507857
3640.0	90.0	21.523246700190604	-194.0974243577483	-28.254730248745574
3641.0	90.0	21.552070445717153	-193.46085880365885	-28.231634997627573
3642.0	90.0	21.580441906239084	-192.2593937051374	-28.129566958440673
3643.0	90.0	21.60853336598146	-189.24328943744536	-27.982204295499237
3644.0	90.0	21.636335599983045	-184.59306858360551	-27.79496923491856
3645.0	90.0	21.663756280164346	-175.25671330506165	-27.56493046044506
3646.0	90.0	21.690697220808598	-163.0472713931954	-27.27543493005508
3647.0	90.5	21.539061003618293	-188.96138722931644	-27.185357479541324
3648.0	90.5	21.561956104747626	-190.25814555296347	-26.770820038819704
3649.0	90.5	21.595321336195607	-196.2282059496976	-26.31697626197119
3650.0	90.5	21.625516127091053	-263.4180699805636	-25.890235625628456
3651.0	90.5	21.64493421264609	-194.47863860284045	-25.47127637085965
3652.0	90.5	21.67657000109696	-202.1112203144114	-25.122938595038903
3653.0	90.5	21.70931726135119	-205.21307284309472	-24.797853309804083
3654.0	90.5	21.741798803176984	-204.20358871046787	-24.4447504697552
3655.0	90.5	21.77379306361916	-202.54995447243596	-24.043584643667522
3656.0	90.5	21.805330264807637	-202.48627677377655	-23.594883868906383
3657.0	91.0	21.569582895511157	-202.7598074219115	-23.08210468456182
3658.0	91.0	21.615534870421634	-202.2106419690482	-22.485448629222876
3659.0	91.0	21.66120311890774	-200.88646402217125	-21.86523120421277
3660.0	91.5	20.99510256267844	-197.36309794076	-21.244021130148354
3661.0	91.5	21.039199768450317	-191.90214428534608	-20.58404948020045
3662.0	91.5	21.083528592797084	-183.14255690139314	-19.782414339240013
3663.0	91.5	21.12794584208902	-177.36894597484837	-62.36821733637957
3664.0	91.5	21.15450579574949	-199.3502286698869	-59.66646383985106
3665.0	91.5	21.18817198181099	-204.83479972309988	-58.82677407262389
3666.0	91.5	21.225717419785898	-210.33854254796947	-57.97940059430622
3667.0	92.0	20.98494400758853	-213.16048196088877	-56.9732523505352
3668.0	92.0	21.013406614706057	-276.70784663634055	-55.72458883619713
3669.0	92.0	21.041667468524764	-213.2981388684952	-54.419053197328694
3670.0	92.0	21.07124514365956	-214.87434324969442	-52.95017263444347
3671.0	92.0	21.10201583415213	-213.88479768957612	-51.27235107082677
3672.0	92.0	21.13387758220765	-212.82311216264844	-49.35388958797286
3673.0	92.5	21.03870539149108	-212.38641189968914	-47.20012566655164
3674.0	92.5	21.079364255938827	-212.7020231217534	-44.84352905465642
3675.0	92.5	21.120083871401608	-210.7698708059772	-42.296013481348425
3676.0	92.5	21.16097584846857	-206.54636779042085	-39.58602431430596
3677.0	92.5	21.202130161049865	-199.18776838634128	-36.74811522909356
3678.0	92.5	21.24367974090313	-188.64137333674307	-33.823637144361996
3679.0	92.5	21.281898553290354	-245.1749172645728	-31.018068663730347
3680.0	92.5	21.31829059015726	-222.9160290744416	-28.285462692970402
3681.0	93.0	21.169285935245153	-224.16544020393653	-25.376555705935537
3682.0	93.0	21.220057665663887	-226.20165385811407	-22.33643650596222
3683.0	93.0	21.27228941590444	-229.99797160370719	-19.31139960428333
3684.0	93.0	21.325794509381144	-230.4141043864686	-16.389366294153803
3685.0	93.0	21.38027408148846	-226.79818216897363	-13.528377348051107
3686.0	93.0	21.425083026024815	-280.02278258334184	-10.660342345822414
3687.0	93.5	21.202537332744548	-217.82285132317256	-7.815243995952958
3688.0	93.5	21.253928723072224	-217.00462578301006	-4.750075087022315
3689.0	93.5	21.30542347336078	-217.31371506866716	-1.5928272355582873
3690.0	93.5	21.35649260478071	-217.69419152272823	1.3464985975265744
3691.0	93.5	21.406868908236294	-214.58274738112135	3.909864637098231
3692.0	93.5	21.456303153533675	-206.9146018537678	6.073648916101517
3693.0	93.5	21.50210800508658	-204.5891963408134	-44.05053561227493
3694.0	93.5	21.541167944992	-235.46925266828362	-43.09488691154196
3695.0	94.0	21.143719287672884	-236.66018269866905	-42.20014417854756
3696.0	94.0	21.18774990869236	-240.43199453551696	-41.2517176077539
3697.0	94.0	21.231598123998534	-247.61558007554612	-40.30022124184807
3698.0	94.0	21.275170190770172	-249.0935640968686	-39.30227443507657
3699.0	94.0	21.318302112613797	-244.36474258022687	-38.19253322327282
3700.0	94.0	21.360980702947277	-241.84158277181538	-36.9898127352492
3701.0	94.5	20.870641441540666	-241.9429443220103	-35.60910990234522
3702.0	94.5	20.91713488081396	-240.55000257669425	-33.89260952439397
3703.0	94.5	20.963116814258598	-239.26145259322936	-31.918581811624485
3704.0	94.5	21.000871560820297	-255.77333497928936	-29.712339544975947
3705.0	94.5	21.041355797709294	-224.79261354038735	-27.478530822279758
3706.0	94.5	21.083320098764727	-230.52096416550046	-25.147805688888436
3707.0	94.5	21.122051804773967	-253.1603009136838	-22.239763462739614
3708.0	95.0	21.02497743688116	-255.74242594964386	-19.942171614030308
3709.0	95.0	21.073645873497078	-261.1524772550691	-17.32898937121929
3710.0	95.0	21.121689513097216	-270.07057473014504	-14.557151288587109
3711.0	95.0	21.169122513258998	-272.63646592036355	-11.790519057667616
3712.0	95.0	21.21573331532125	-268.539308102535	-8.885130455614231
3713.0	95.5	21.172208139406973	-267.7862182708011	-5.626476856796735
3714.0	95.5	21.21752743070261	-269.33692511017534	-1.9228823497465866
3715.0	95.5	21.262027784327206	-269.23331989558255	2.1705041124207938
3716.0	95.5	21.305783959476056	-268.698616456264	6.115109464931585
3717.0	95.5	21.34910271306795	-264.7509642304226	9.363153183127203
3718.0	95.5	21.391109507508315	-244.8202906270265	11.548762671209303
3719.0	95.5	21.43207429811126	-268.435564417044	-53.281945129772225
3720.0	96.0	21.196930992907976	-293.6824319988383	-52.62855697581818
3721.0	96.0	21.24512341116552	-300.8482890496219	-51.7559385403989
3722.0	96.0	21.29235205918445	-294.68477627915524	-51.00847261309697
3723.0	96.0	21.33921782234515	-299.9113487145248	-49.79690337577567
3724.0	96.0	21.38556449691379	-282.3341072661877	-48.32846920258652
3725.0	96.5	21.1896268228332	-290.97473257612234	-47.485499062468364
3726.0	96.5	21.241740981480795	-294.9612137190702	-45.40102306017454
3727.0	96.5	21.293193034109105	-299.264121329323	-42.79464710933907
3728.0	96.5	21.34449134194762	-295.57155432161704	-39.75341635557368
3729.0	96.5	21.395805642740292	-249.24773887805063	-32.09789343749702
3730.0	97.0	21.207730863586512	-339.57583572460334	-28.274194147291325
3731.0	97.0	21.265666564798643	-351.9755225418676	-23.4070453522926
3732.0	97.0	21.32350413936031	-372.57515458440383	-17.183820371064073
3733.0	97.0	21.381280810510503	-377.5997213533156	-9.602029951338324
3734.0	97.5	21.18641003721071	-380.75253684942055	0.17006253302268703
3735.0	97.5	21.252107212732593	-293.4781797679155	11.991490485963055
3736.0	97.5	21.316712323761045	-383.6498994942274	25.769002859496563
3737.0	97.5	21.382011751578183	-387.26461139423395	38.01735979308238
3738.0	98.0	21.99823233871505	-455.57370958671316	-95.64482565089381
3739.0	98.0	22.08661168066247	-473.99499269129603	-95.83470089250659
3740.0	98.0	22.174049584868328	-526.1120910247895	-96.3842202945749
3741.0	98.5	22.057341148094935	-502.88754196378704	-98.02020106280551
3742.0	98.5	22.172195450294176	-595.0880268713487	-102.14525580442435
3743.0	98.5	22.29015380585705	-533.9004232796028	-110.8657022639222
3744.0	99.0	22.121954403749637	-766.8623002092248	-129.42382587992418
3745.0	99.5	21.81563058527085	-684.8962869956902	-191.8820836760173
3746.0	100.0	21.738969924809556	32.11772254141883	-409.4027003263561
3747.0	100.0	21.862276412055444	39.53729581000351	-429.6773085034336
3748.0	100.0	21.963738520317076	38.95005609330193	-437.88801606885437
3749.0	100.0	22.053406815281928	-13.996164418471775	-443.5449304096216
3750.0	100.0	22.136204820103217	-2.6300883534234614	-447.6772898459993
3751.0	100.0	22.176119117871586	-0.2662930868513708	-450.64337734058563
3752.0	100.0	22.20725068507841	0.007538437180113126	-452.89038035924636
3753.0	100.0	22.23759326291967	0.14088228837781094	-454.75423839692155
3754.0	100.0	22.267183532667495	0.2364710002079371	-456.4550148722251
3755.0	100.0	22.296080627131445	0.3095781967941138	-458.1287359919288
3756.0	100.0	22.324358997150597	0.36875760789124423	-459.85188072614613
3757.0	100.0	22.352078071863396	0.4181229861056585	-461.65987945039103
3758.0	100.0	22.379282405694134	0.46018289617958985	-463.56201367872876
3759.0	100.0	22.405992153822066	0.49634493747236585	-465.55105107945803
3760.0	100.0	22.432232666767213	0.5274641353694324	-467.61020382114015
3761.0	100.0	22.45803699059436	0.5543807711205322	-469.7169931968183
3762.0	100.0	22.483427621313773	0.577499239683799	-471.8469792363651
3763.0	100.0	22.5084318072648	0.5976843891792514	-473.9756199238387
3764.0	100.0	22.533053400804526	0.6153332742109192	-476.07977851876785
3765.0	100.0	22.55731220206729	0.6304190984446448	-478.1383906976015
3766.0	100.0	22.58122575142376	0.6433463338347447	-480.1334564935773
3767.0	100.0	22.604797335906156	0.6545093822283057	-482.0497704505854
3768.0	100.0	22.62803716299986	0.6638842102777999	-483.8755013521424
3769.0	100.0	22.65096657251434	0.6717729927683672	-485.6016731145739
3770.0	100.0	22.673588443894076	0.6785403927265753	-487.22228090836086
3771.0	100.0	22.695910777119757	0.6844739281647896	-488.7337305932855
3772.0	100.0	22.717933313429093	0.6891469791869691	-490.1344902143964
3773.0	100.0	22.739658061334456	0.6930138743393462	-491.42505994413
3774.0	100.0	22.76108213783892	0.6957194319330865	-492.6074945901213
3775.0	100.0	22.78220401296183	0.6979026401984489	-493.68498540747635
3776.0	100.0	22.80301966409841	0.6998053288725703	-494.6618521186161
3777.0	100.0	22.82353022449527	0.7008383360391242	-495.5435072738543
3778.0	100.0	22.84374173570001	0.7011566194078546	-496.33597690179636
3779.0	100.0	22.863657119684177	0.7006971591832759	-497.04596880028777
3780.0	100.0	22.883282220367672	0.7000070758971536	-497.68089824794464
3781.0	100.0	22.902620107853796	0.6987131786422358	-498.24821091104167
3782.0	100.0	22.921678753580903	0.6969314605902338	-498.7559854793784
3783.0	100.0	22.940462539840752	0.6950767840518087	-499.21218247033875
3784.0	100.0	22.95897775947064	0.6925920851507311	-499.62497164458455
3785.0	100.0	22.97722954201618	0.6900687230159562	-500.00212991742126
3786.0	100.0	22.9952266399277	0.6870805593145871	-500.35138134664237
3787.0	100.0	23.012972357818313	0.6839367725447361	-500.6799293336318
3788.0	100.0	23.030472032219933	0.6806052941883819	-500.9945716837186
3789.0	100.0	23.047733152031466	0.6771809827802427	-501.301197266692
3790.0	100.0	23.064763429210632	0.6733305376511363	-501.6052499682338
3791.0	100.0	23.081566182361417	0.6694085974413566	-501.911244062327
3792.0	100.0	23.09814740928088	0.6654346146734285	-502.2229651035024
3793.0	100.0	23.11450983970878	0.661339286614911	-502.5431290804157
3794.0	100.0	23.130663266126817	0.6569821012149546	-502.874006257026
3795.0	100.0	23.146606759022433	0.6525739347643603	-503.2168604630595
3796.0	100.0	23.162346775094623	0.6481043108486788	-503.57236149011896
3797.0	100.0	23.17788767575964	0.6436579625054107	-503.9406678963631
3798.0	100.0	23.19323424676449	0.6389183664298037	-504.32117140439317
3799.0	100.0	23.204615790718986	0.4755538002184248	-504.71329941550744
3800.0	100.0	23.2158895012372	0.4730720836898267	-505.1158570756078
3801.0	100.0	23.227059493674233	0.47036669916411594	-505.5266908089295
3802.0	100.0	23.238126237841335	0.4676174095679493	-505.94419973036196
3803.0	100.0	23.249090124675526	0.4649971996656841	-506.36688639596355
3804.0	100.0	23.259953691015703	0.46229426906802507	-506.79298456527164
3805.0	100.0	23.270718257888692	0.45940786993687965	-507.22089405358395
3806.0	100.0	23.281383895835095	0.4568100810609955	-507.6489443121181
3807.0	100.0	23.29195532623941	0.45402077631067633	-508.07572107856845
3808.0	100.0	23.30243075603878	0.45116283873344154	-508.4996549736714
3809.0	100.0	23.312812810182393	0.44850315223626136	-508.91969585834937
3810.0	100.0	23.323104591916316	0.44574838194001765	-509.33468835575724
3811.0	100.0	23.333307984836303	0.44293211922616216	-509.7437672668862
3812.0	100.0	23.34341975018431	0.44016872879328084	-510.1460929652633
3813.0	100.0	23.353443664208914	0.4374216795483884	-510.54108715752153
3814.0	100.0	23.363377419885502	0.43469890162889163	-510.9282647730466
3815.0	100.0	23.373224307060685	0.43195288514732233	-511.30716407319363
3816.0	100.0	23.382985856751596	0.4291632473800773	-511.67747684666267
3817.0	100.0	23.392661318787187	0.4264297554462503	-512.038806498317
3818.0	100.0	23.402254333538988	0.42366903490669416	-512.3910332052598
3819.0	100.0	23.41176393096995	0.4209254238780874	-512.7337361364031
3820.0	100.0	23.42119059440391	0.41826393527992545	-513.0669048895953
3821.0	100.0	23.43053734138332	0.4154765079367107	-513.3901415221782
3822.0	100.0	23.439804017572836	0.4127016187483972	-513.7035243865128
3823.0	100.0	23.448991930399703	0.40999941188757966	-514.0068532284347
3824.0	100.0	23.458103439151227	0.4073924405262686	-514.3000928051463
3825.0	100.0	23.46713829951671	0.4045985050567047	-514.583261842
3826.0	100.0	23.476095315303866	0.40188148723874484	-514.8563765090325
3827.0	100.0	23.484979583062756	0.3993138280474395	-515.1194283739318
3828.0	100.0	23.493789341029135	0.39653813279776284	-515.372716338417
3829.0	100.0	23.5025265541768	0.3939669050406005	-515.6159888282574
3830.0	100.0	23.51118933443511	0.39121673283149094	-515.8497608190236
3831.0	100.0	23.519783740189776	0.38868718289961757	-516.0739506497872
3832.0	100.0	23.528304589391976	0.38595167106559203	-516.2886600376185
3833.0	100.0	23.536757422882165	0.38340546064019565	-516.4940227293196
3834.0	100.0	23.545141854666348	0.380843111482588	-516.6901873441792
3835.0	100.0	23.553458290200197	0.3781040262781818	-516.8771317191074
3836.0	100.0	23.561704859210316	0.37568392277078977	-517.0549650038082
3837.0	100.0	23.56988768241063	0.37306392326733845	-517.2237647054362
3838.0	100.0	23.57800370927399	0.3704127528239865	-517.3836849555611
3839.0	100.0	23.586054368698374	0.3679713133312799	-517.5348202656872
3840.0	100.0	23.594042182835476	0.365454642562802	-517.6773166118198
3841.0	100.0	23.601964323049078	0.36294803668179787	-517.8113493703314
3842.0	100.0	23.609824707852663	0.36042001201252105	-517.9371510562119
3843.0	100.0	23.617622347290162	0.3578365058248106	-518.0550922087883
3844.0	100.0	23.625359159923956	0.35547030419056685	-518.165428235109
3845.0	100.0	23.633036169542954	0.3529875253579551	-518.2685837495421
3846.0	100.0	23.640651289852972	0.35053498364692676	-518.3650209028294
3847.0	100.0	23.64820913981734	0.3481448776376444	-518.4550791780357
3848.0	100.0	23.655706759461083	0.34565529033206643	-518.5393536517796
3849.0	100.0	23.663146890136623	0.3433148102350717	-518.6184376518061
3850.0	100.0	23.67052825252102	0.34090182156977583	-518.69289430894
3851.0	100.0	23.677852621150333	0.33852196267722773	-518.7631607828428
3852.0	100.0	23.685120775240243	0.3361939729541304	-518.8298926377837
3853.0	100.0	23.692334268824773	0.3338035011947755	-518.8936672472521
3854.0	100.0	23.699492205639405	0.33152365907679193	-518.955044138599
3855.0	100.0	23.706596323324746	0.32928655540183377	-519.0145067989303
3856.0	100.0	23.713646843233086	0.32686381980952783	-519.0725743243073
3857.0	100.0	23.7206476885819	0.32456137180773065	-519.1297338756466
3858.0	100.0	23.72759549495436	0.3223166976138116	-519.1864352202675
3859.0	100.0	23.73449257910867	0.3200358925261308	-519.2430519248954
3860.0	100.0	23.741337922172352	0.31793532617014864	-519.2998672551148
3861.0	100.0	23.74813333735925	0.31559226720705685	-519.3572361407508
3862.0	100.0	23.75488018177424	0.31336649429636027	-519.415268561603
3863.0	100.0	23.761576245220034	0.31115280095789943	-519.4742169978267
3864.0	100.0	23.768224021306917	0.3090761705599736	-519.534247704412
3865.0	100.0	23.774821904370434	0.3068111043696999	-519.5953393216662
3866.0	100.0	23.78137283144338	0.3046729449672607	-519.6576925542226
3867.0	100.0	23.787876497697173	0.30260454888672494	-519.7212145175266
3868.0	100.0	23.794331129938122	0.3003913520525874	-519.7857026561874
3869.0	100.0	23.800741565867728	0.2983652830487286	-519.851327491505
3870.0	100.0	23.80710291576859	0.29622650957585833	-519.9179456663408
3871.0	100.0	23.81342015822702	0.2941017837188966	-519.9853509066459
3872.0	100.0	23.81968944884041	0.29211768716732	-520.0534953366365
3873.0	100.0	23.825916030524183	0.28999209318749536	-520.1221502598632
3874.0	100.0	23.832095909557147	0.28807589348963814	-520.1911845101115
3875.0	100.0	23.838231412958486	0.285900135810185	-520.2605286637847
3876.0	100.0	23.844322973952025	0.28402441761912467	-520.3299613375139
3877.0	100.0	23.850372412753927	0.28191980055627647	-520.3994717750029
3878.0	100.0	23.85637755565149	0.28005418981001257	-520.4687152258866
3879.0	100.0	23.862339435284944	0.2780748094299802	-520.537798484877
3880.0	100.0	23.868261172125866	0.2760209018738126	-520.6064698752795
3881.0	100.0	23.87414035416128	0.2741981874155596	-520.6746831274577
3882.0	100.0	23.87997741872356	0.27216291155866407	-520.7423962696839
3883.0	100.0	23.885775533503207	0.2703561258479746	-520.8095720113097
3884.0	100.0	23.891530262927994	0.26847069434548965	-520.8760201796659
3885.0	100.0	23.8972457868938	0.26646205879381657	-520.9418534332057
3886.0	100.0	23.902922826705094	0.2647371392033602	-521.0071906733446
3887.0	100.0	23.908557728228857	0.2628465267288384	-521.0717813383577
3888.0	100.0	23.91415393271865	0.26090675756936593	-521.1357645148295
3889.0	100.0	23.91971091395995	0.2591939142531435	-521.1991416443362
3890.0	100.0	23.925232513000097	0.2574009870717868	-521.2620032567484
3891.0	100.0	23.930713430562047	0.25558611341121573	-521.3243714283948
3892.0	100.0	23.936155954079016	0.25366700614082255	-521.3862768360489
3893.0	100.0	23.9415612725795	0.2520086565097804	-521.4477748133977
3894.0	100.0	23.94692850730976	0.2502542340455351	-521.5089363549857
3895.0	100.0	23.952258392004975	0.24850132902315208	-521.569850700875
3896.0	100.0	23.957553001238782	0.24668425206251773	-521.6304407044271
3897.0	100.0	23.962810172696184	0.24504655771675593	-521.6909513648661
3898.0	100.0	23.96803054263279	0.24334118321497625	-521.7512829436864
3899.0	100.0	23.97321701450581	0.241639889087202	-521.8115819434028
3900.0	100.0	23.97836699681616	0.23996109186899958	-521.8717434120606
3901.0	100.0	23.983486821653493	0.23827425950636905	-521.9319437882385
3902.0	100.0	23.988570740948056	0.23663925641589972	-521.9922132529492
3903.0	100.0	23.99362160674897	0.2348710029279522	-522.0524392065148
3904.0	100.0	23.998639724657696	0.23333399400191507	-522.1128511619535
3905.0	100.0	24.00362431781688	0.23173155502346607	-522.1733047008556
3906.0	100.0	24.008577468284606	0.2301093125511681	-522.2339094388731
3907.0	100.0	24.01349673020769	0.22850455494730806	-522.2946943136435
3908.0	100.0	24.01838342617461	0.2269231137145448	-522.3556415168034
3909.0	100.0	24.023238831473464	0.22534873122095894	-522.4167342199949
3910.0	100.0	24.028060625871102	0.22380040292687506	-522.4780925368202
3911.0	100.0	24.032852002028125	0.22223396982120497	-522.5396083423557
3912.0	100.0	24.037611616912415	0.2206983583730504	-522.601545925682
3913.0	100.0	24.04234169551163	0.2191914044650512	-522.6635622564354
3914.0	100.0	24.047039791876866	0.21763036083736997	-522.7259308972357
3915.0	100.0	24.051709349731755	0.2161534240161949	-522.7885760592335
3916.0	100.0	24.056349536685456	0.2146461145669608	-522.8515102733672
3917.0	100.0	24.060962339945394	0.21318098042760236	-522.9147391382656
3918.0	100.0	24.06554660278472	0.21168950284454713	-522.9783998576871
3919.0	100.0	24.07010195157443	0.21022767951229152	-523.0422789914363
3920.0	100.0	24.074627050776495	0.20880467654883147	-523.1065451584641
3921.0	100.0	24.079122393569545	0.2073379319082894	-523.1712551699378
3922.0	100.0	24.083590768140915	0.20594211643543747	-523.2361445434548
3923.0	100.0	24.088030552393523	0.2044977767530908	-523.3015516759652
3924.0	100.0	24.092441625173773	0.20311129711243558	-523.3672259427043
3925.0	100.0	24.09682546070875	0.2017986390029953	-523.4332534534921
3926.0	100.0	24.101182548206175	0.2003276427756353	-523.4996129137608
3927.0	100.0	24.105509912456306	0.19893330460195896	-523.5663233239042
3928.0	100.0	24.10981230665337	0.1975905223463735	-523.6333319235578
3929.0	100.0	24.114087199713524	0.19623175415578023	-523.7005823379627
3930.0	100.0	24.118333207696438	0.19488056391999273	-523.7681473762832
3931.0	100.0	24.12255396355798	0.19352143877800349	-523.8359577785285
3932.0	100.0	24.12674682516497	0.19235659785239484	-523.9039839451256
3933.0	100.0	24.13091381631427	0.1909288370932487	-523.9722991198404
3934.0	100.0	24.13505483849696	0.18958484648081533	-524.0406685355297
3935.0	100.0	24.139170423209485	0.18832490263693466	-524.109247586378
3936.0	100.0	24.14325895200064	0.18702342761971102	-524.1780013341244
3937.0	100.0	24.147323549540612	0.18576668430627535	-524.2468341188913
3938.0	100.0	24.151361729018404	0.18458023646737853	-524.315795908816
3939.0	100.0	24.15537513395856	0.1832264044174317	-524.3847551843894
3940.0	100.0	24.159364595525144	0.18198394295637274	-524.4538798696847
3941.0	100.0	24.163328881591557	0.18075039330010317	-524.5229204322878
3942.0	100.0	24.167267771014103	0.1796099598269423	-524.5921321371113
3943.0	100.0	24.171182611852686	0.17831099931036737	-524.6613380399967
3944.0	100.0	24.17507261012156	0.17706427964407198	-524.7304203546363
3945.0	100.0	24.178938209066867	0.17591217987327912	-524.7995590961009
3946.0	100.0	24.18278018064182	0.17479129063997031	-524.8686857011636
3947.0	100.0	24.18659871606372	0.17352931774268066	-524.9378346893834
3948.0	100.0	24.190396113341848	0.17234403168729534	-525.006949455881
3949.0	100.0	24.19416708973763	0.17118220606422943	-525.0759402593808
3950.0	100.0	24.197915522681136	0.17013255848499997	-525.144971967082
3951.0	100.0	24.201641494777864	0.16889771013312468	-525.2138605385188
3952.0	100.0	24.20534386347111	0.1677271461532429	-525.2827772797369
3953.0	100.0	24.209024259477683	0.1667056313854603	-525.351537407455
3954.0	100.0	24.21268266196752	0.16548025533276856	-525.4203153349051
3955.0	100.0	24.21631799108937	0.16437379484645218	-525.4890472451792
3956.0	100.0	24.21993037384054	0.16338683407917617	-525.5576107980759
3957.0	100.0	24.223522945641704	0.1621646347343357	-525.626135821668
3958.0	100.0	24.22709162530882	0.1610929625515366	-525.6946660104388
3959.0	100.0	24.230639436326403	0.16012454758267405	-525.7630820064159
3960.0	100.0	24.23416592812358	0.1589265684337579	-525.8313618188072
3961.0	100.0	24.237671152865474	0.1578622994140837	-525.899684231218
3962.0	100.0	24.241155218506318	0.15692669048366784	-525.9678416182089
3963.0	100.0	24.24461739785972	0.15577007988694774	-526.0359200714064
3964.0	100.0	24.24805915934031	0.1547193830981458	-526.1039719066936
3965.0	100.0	24.251480738307055	0.15382012148913915	-526.1718342581406
3966.0	100.0	24.254881487923967	0.15263793495709155	-526.2396583249491
3967.0	100.0	24.258261368838422	0.15178072234040055	-526.3073672354741
3968.0	100.0	24.26162249676065	0.15060486416050306	-526.3750135521668
3969.0	100.0	24.26496167679733	0.14975790262095942	-526.4424388861466
3970.0	100.0	24.268281390955092	0.14862017223830068	-526.5098159220552
3971.0	100.0	24.271581801647976	0.14767787403933322	-526.5770662475236
3972.0	100.0	24.27486297013044	0.1467616527295507	-526.6441534962381
3973.0	100.0	24.278124396424325	0.14569372672035655	-526.7112360944341
3974.0	100.0	24.281364312595752	0.14486394240221306	-526.777959857832
3975.0	100.0	24.28458763756014	0.1437966298283213	-526.8446328891517
3976.0	100.0	24.287791108089067	0.14282486991346474	-526.9111412481865
3977.0	100.0	24.290974892326528	0.1419671245574659	-526.977500506765
3978.0	100.0	24.294139880409183	0.14095396150525702	-527.0436142418821
3979.0	100.0	24.297286947989356	0.14014328429569278	-527.1096024495043
3980.0	100.0	24.300415888653525	0.13911154926678676	-527.1753450741011
3981.0	100.0	24.303525179705787	0.13827583316060935	-527.2408586663884
3982.0	100.0	24.306616657225803	0.13730924921824755	-527.3061881255559
3983.0	100.0	24.309691337045294	0.13638303916771435	-527.3712567649698
3984.0	100.0	24.31274643038289	0.13561102174713138	-527.4361822302596
3985.0	100.0	24.315783667649473	0.13460366876738591	-527.5008191707716
3986.0	100.0	24.31880312776787	0.1338712656081676	-527.5651931267417
3987.0	100.0	24.321805445774732	0.13295507465850329	-527.6294298614107
3988.0	100.0	24.324789987868073	0.13200911019820355	-527.6934229388138
3989.0	100.0	24.327758006113722	0.13127253646438528	-527.7571368058668
3990.0	100.0	24.33070946837863	0.1304430243331552	-527.8206290464719
3991.0	100.0	24.333641589139145	0.129561919294438	-527.8838491277746
3992.0	100.0	24.336558245262687	0.12862009699153282	-527.9469367627676
3993.0	100.0	24.339456474413936	0.12790789780076578	-528.0097487549609
3994.0	100.0	24.342339536146206	0.12709348211806837	-528.072377234239
3995.0	100.0	24.34520526441081	0.126241135324623	-528.1348180611303
3996.0	100.0	24.348054875004213	0.1254735602946428	-528.1969997239668
3997.0	100.0	24.350886919014055	0.12461883301816341	-528.2590820266042
3998.0	100.0	24.35370385926796	0.12371983202610429	-528.3209568038391
3999.0	100.0	24.35650495706661	0.12301727897926987	-528.3826929290714
4000.0	100.0	24.35928928092925	0.12227549327348869	-528.4442052168832
