1.0	40.0	13.066175890931106	100.23655990344916	-3664.0873277479036
2.0	40.0	13.102533669606775	-29.263528260850006	-3284.079060008684
3.0	40.0	13.162825566982661	-39.34760919450346	-3054.5603600622576
4.0	40.0	13.232803114879129	-42.61241015223272	-2908.8546190303737
5.0	40.0	13.30686389970967	-43.0852339779652	-2811.8144610400936
6.0	40.0	13.383428499332977	-42.301277880414276	-2743.932994583302
7.0	40.0	13.461646466214932	-40.95193830401542	-2694.003822003061
8.0	40.0	13.540852846716973	-39.36429626854373	-2655.3803501089546
9.0	40.0	13.620772131778555	-37.69618620389148	-2623.997273651401
10.0	40.0	13.70126374104266	-36.039586958151524	-2597.299840656343
11.0	40.0	13.782229426096974	-34.43587440673507	-2573.6476035853434
12.0	40.0	13.863602117184865	-32.910783304185216	-2551.9713062660244
13.0	40.0	13.945287049370677	-31.471522797234254	-2531.56591147611
14.0	40.0	14.027168721108483	-30.12151679533134	-2511.9620825595166
15.0	40.0	14.109180975734006	-28.85749581930574	-2492.844540522941
16.0	40.0	14.191208816014178	-27.674264177078285	-2473.9973165454044
17.0	40.0	14.273174220107274	-26.570476280749517	-2455.2680131456264
18.0	40.0	14.354956690254589	-25.540384244074012	-2436.544685079555
19.0	40.0	14.436449833538255	-24.573284351402464	-2417.7398877582245
20.0	40.0	14.517530263233741	-23.66609019724414	-2398.778550299484
21.0	40.0	14.598122115808657	-22.812630163008137	-2379.5917929605885
22.0	40.0	14.678122756861898	-22.008749981456	-2360.1115336538205
23.0	40.0	14.757446984400225	-21.25010770338271	-2340.2772727242495
24.0	40.0	14.836021645292567	-20.53677131160902	-2320.0707217753848
25.0	40.0	14.913788214284859	-19.86175756721567	-2299.588690199696
26.0	40.0	14.990690885697344	-19.221664153279267	-2279.0828065371866
27.0	40.0	15.066659210681312	-18.61127026351886	-2258.9174715880904
28.0	40.0	15.141660160617029	-18.032586625179437	-2239.4598209441915
29.0	40.0	15.178789086000673	-8.798827498535504	-2221.702943324597
30.0	40.0	15.215650654066947	-8.666582418280896	-2205.2491443292297
31.0	40.0	15.25225061857492	-8.53644098238874	-2190.215025574229
32.0	40.0	15.288581881796752	-8.409006485566714	-2176.5660784049287
33.0	40.0	15.324635809435494	-8.285721173274627	-2164.172179846605
34.0	40.0	15.360406930791203	-8.163358109965792	-2152.8717028011156
35.0	40.0	15.38881908179829	-6.444765934336857	-2142.6438287002884
36.0	40.0	15.417056062873126	-6.370614781013318	-2133.2160975746337
37.0	40.0	15.445102227267805	-6.297872951485163	-2124.4756362944463
38.0	40.0	15.472967035981466	-6.22736876914034	-2116.32983362006
39.0	40.0	15.500654845519486	-6.157350489073441	-2108.7027494686945
40.0	40.0	15.528153254329998	-6.088789421827179	-2101.5314651022272
41.0	40.0	15.55546289306383	-6.021748436062396	-2094.76318488713
42.0	40.0	15.582594796273277	-5.955570346155735	-2088.3531160315824
43.0	40.0	15.609539274402474	-5.890376606228898	-2082.2631113753305
44.0	40.0	15.636297150858502	-5.827115624658053	-2076.4606317674593
45.0	40.0	15.662877238951994	-5.7636985352219074	-2070.917363711553
46.0	40.0	15.689267660060183	-5.702349153342843	-2065.6095533932735
47.0	40.0	15.7154670099332	-5.642525880751529	-2060.5160805106857
48.0	40.0	15.74149518422707	-5.5819072642138945	-2055.6188315941636
49.0	40.0	15.767321381955334	-5.523965654715897	-2050.9014614682374
50.0	40.0	15.792978360958621	-5.466093751050028	-2046.3497877234256
51.0	40.0	15.818450193413478	-5.409852299166751	-2041.9514078308464
52.0	40.0	15.84373461492373	-5.353663050243879	-2037.6947625415623
53.0	40.0	15.86883766091987	-5.299704751028302	-2033.5697391873514
54.0	40.0	15.893756576006815	-5.245569670535796	-2029.5669199479094
55.0	40.0	15.91232547419795	-3.899139135453103	-2025.7784067916778
56.0	40.0	15.930791449592029	-3.871076480490827	-2022.094878914131
57.0	40.0	15.949157599128906	-3.8421425009831895	-2018.510132950917
58.0	40.0	15.96742464627552	-3.8149119446628292	-2015.0184398700314
59.0	40.0	15.98559331816099	-3.787036853890795	-2011.6142609133537
60.0	40.0	16.003650141921163	-3.7597062901675575	-2008.2926360611643
61.0	40.0	16.021615488858046	-3.7326460612880297	-2005.0489557298895
62.0	40.0	16.03947919236198	-3.7058306554718063	-2001.8787094572062
63.0	40.0	16.057243018372834	-3.679281195770445	-1998.778070495931
64.0	40.0	16.07490581059441	-3.653786446986165	-1995.743250660887
65.0	40.0	16.09246879693377	-3.6274858243258055	-1992.77061432885
66.0	40.0	16.109938406851803	-3.602511752345164	-1989.8575343022526
67.0	40.0	16.12730523444362	-3.5767196408023016	-1987.0006412021899
68.0	40.0	16.14457104561525	-3.55230686106201	-1984.197301673925
69.0	40.0	16.161743843054943	-3.527855626634407	-1981.4452817838248
70.0	40.0	16.178820875831835	-3.5033480307298523	-1978.7422027659939
71.0	40.0	16.19580065939691	-3.4793545211073047	-1976.085601620473
72.0	40.0	16.21268312620174	-3.455492984920725	-1973.474066756276
73.0	40.0	16.229469400177614	-3.4318244062828644	-1970.9054833665055
74.0	40.0	16.24615886321885	-3.4090869221557045	-1968.3783633163325
75.0	40.0	16.262752884809615	-3.3853700413750727	-1965.8910773462817
76.0	40.0	16.27925020116306	-3.3623090818507384	-1963.4424892311647
77.0	40.0	16.29565250979465	-3.3404004048379257	-1961.031161162604
78.0	40.0	16.31196098067722	-3.317806885357884	-1958.6558188140466
79.0	40.0	16.328188913413957	-3.2951317078177667	-1956.3154481470456
80.0	40.0	16.34431151620479	-3.2735835627847094	-1954.0089852054493
81.0	40.0	16.360338675137765	-3.2517978368934064	-1951.735382929094
82.0	40.0	16.37627901731405	-3.230679976204718	-1949.4935171552495
83.0	40.0	16.39212864011743	-3.2093975415264633	-1947.2829348312964
84.0	40.0	16.407886075274586	-3.1885902153953163	-1945.102187829779
85.0	40.0	16.42355276782003	-3.1685863620444192	-1942.9507825672265
86.0	40.0	16.43912832081232	-3.147493138913963	-1940.8279547657787
87.0	40.0	16.454612676461753	-3.127341864338733	-1938.7327516006837
88.0	40.0	16.470007419299144	-3.1078400466462615	-1936.6645709003164
89.0	40.0	16.485313239547484	-3.087545982608585	-1934.622960755824
90.0	40.0	16.50053635357914	-3.0684470742205368	-1932.6068992192272
91.0	40.0	16.51566373961601	-3.048901978699186	-1930.616065072183
92.0	40.0	16.530709161590174	-3.029051691725645	-1928.6494474897288
93.0	40.0	16.5456621903011	-3.010479948994228	-1926.706965841618
94.0	40.0	16.56053406750769	-2.991557047360634	-1924.7879124599149
95.0	40.0	16.57531946390214	-2.972954441633009	-1922.8914280492952
96.0	40.0	16.590009952392982	-2.954365083514729	-1921.0176033401788
97.0	40.0	16.604620769630895	-2.936075886509229	-1919.1652057257138
98.0	40.0	16.619148770636695	-2.918605098905943	-1917.3344125818562
99.0	40.0	16.633591818232066	-2.900074726850186	-1915.5243400238774
100.0	40.0	16.64795007263113	-2.8823255527214013	-1913.7347905879526
101.0	40.0	16.6622246057713	-2.8652941403370407	-1911.9654613935286
102.0	40.0	16.676423439151648	-2.8473916435068154	-1910.2157397295923
103.0	40.0	16.6905389941692	-2.83099217758278	-1908.4853315943337
104.0	40.0	16.70456396746933	-2.813319038214149	-1906.7741028755297
105.0	40.0	16.71850769465182	-2.7975250685258466	-1905.0812202296918
106.0	40.0	16.732370071902082	-2.781142100731853	-1903.4067517199621
107.0	40.0	16.74616381005483	-2.7642963027075513	-1901.7501395046538
108.0	40.0	16.759865511192917	-2.748748989689138	-1900.1108451171356
109.0	40.0	16.77348529482901	-2.732809654322332	-1898.488806621119
110.0	40.0	16.787031415986824	-2.7167920215016683	-1896.8836622585666
111.0	40.0	16.80050290323677	-2.7011713528822088	-1895.2951025387317
112.0	40.0	16.813890168384933	-2.685353536817278	-1893.7226266204448
113.0	40.0	16.827201961448342	-2.6697364915705117	-1892.1658344849247
114.0	40.0	16.840436050011235	-2.654429295928078	-1890.6247216645422
115.0	40.0	16.85359287620051	-2.6390221014192297	-1889.0989590743586
116.0	40.0	16.86667197858219	-2.624529608425782	-1887.5880747912302
117.0	40.0	16.87967586416832	-2.608900585120408	-1886.0919684091662
118.0	40.0	16.89260290215094	-2.5939392504303815	-1884.6100968509961
119.0	40.0	16.90546193566337	-2.5798301210715002	-1883.1425731312606
120.0	40.0	16.918238712369924	-2.56473444803973	-1881.6886385939522
121.0	40.0	16.930940871560644	-2.550609077082388	-1880.2486115881084
122.0	40.0	16.943574903823226	-2.5371443903839084	-1878.8218401946285
123.0	40.0	16.956136706254597	-2.5224652119917996	-1877.4081044873035
124.0	40.0	16.96861906472433	-2.5091138647144278	-1876.0072864538067
125.0	40.0	16.981026958091118	-2.4954207483407593	-1874.6191919632895
126.0	40.0	16.993371179661807	-2.4810002008836687	-1873.2435122111142
127.0	40.0	17.00564051828396	-2.4681337149843707	-1871.8800163436551
128.0	40.0	17.0178402680963	-2.4546748306045445	-1870.528307066015
129.0	40.0	17.029969798275644	-2.4405676836979553	-1869.1885500629728
130.0	40.0	17.042027804107917	-2.4279176935173057	-1867.8601915770482
131.0	40.0	17.05401630408163	-2.4146514512891604	-1866.5430092364545
132.0	40.0	17.06593472781662	-2.4016903966944145	-1865.2373148912363
133.0	40.0	17.077784285207663	-2.3886397864399433	-1863.9424293473257
134.0	40.0	17.089563814236485	-2.3759947484878285	-1862.6582606434176
135.0	40.0	17.101275849729596	-2.3637200495998476	-1861.3847324652138
136.0	40.0	17.11291994418179	-2.351654088549492	-1860.121632089584
137.0	40.0	17.124496552909783	-2.339316759675163	-1858.8688423379149
138.0	40.0	17.136005114118102	-2.327505268459268	-1857.6260768780617
139.0	40.0	17.147453320339906	-2.315538426993809	-1856.3933334267724
140.0	40.0	17.15883733489666	-2.304273862771454	-1855.170386425185
141.0	40.0	17.170149290884442	-2.291949654874469	-1853.9571760510412
142.0	40.0	17.181393522712334	-2.280255636815944	-1852.753369814845
143.0	40.0	17.192579208683046	-2.2684945274424906	-1851.5589498249983
144.0	40.0	17.203700859651548	-2.2577154050509414	-1850.3737293660333
145.0	40.0	17.21475347422229	-2.24541043529754	-1849.197603067712
146.0	40.0	17.22574599614924	-2.2341879063045247	-1848.0303896462776
147.0	40.0	17.236676566875335	-2.223482697855463	-1846.8720697974638
148.0	40.0	17.247536177121646	-2.2114992594033103	-1845.722501169691
149.0	40.0	17.258340945702948	-2.2009784680505007	-1844.5812858005042
150.0	40.0	17.269084023764062	-2.1891529680728827	-1843.4486545665848
151.0	40.0	17.279765081051274	-2.1788671413684844	-1842.3240412955931
152.0	40.0	17.290383795751257	-2.1673576085291337	-1841.207688770023
153.0	40.0	17.300940501218925	-2.157164175463182	-1840.0993344924348
154.0	40.0	17.311431628338923	-2.1459191058913523	-1838.9990720843803
155.0	40.0	17.32187411170843	-2.135895052046368	-1837.906220393545
156.0	40.0	17.332253169254226	-2.1251790471515974	-1836.8210006894583
157.0	40.0	17.342568494859478	-2.1140599267885243	-1835.7435068702052
158.0	40.0	17.352829341620065	-2.10424223969112	-1834.6733625463964
159.0	40.0	17.363028298098286	-2.093794350603673	-1833.6105525438888
160.0	40.0	17.373174410398125	-2.0829773978394894	-1832.5546889615334
161.0	40.0	17.38325178906377	-2.073302637409619	-1831.5060201495778
162.0	40.0	17.393281969254346	-2.063057053627263	-1830.4640287062712
163.0	40.0	17.403257963664824	-2.052977857740184	-1829.4291046969595
164.0	40.0	17.413161798436704	-2.0430148002596673	-1828.4007643810028
165.0	40.0	17.42302173666925	-2.0323562149278986	-1827.3788930047215
166.0	40.0	17.4328275306299	-2.023012598867379	-1826.3636479712932
167.0	40.0	17.44257643442659	-2.0132917172480247	-1825.3545138118725
168.0	40.0	17.452256405823203	-2.0034118746466647	-1824.351921538775
169.0	40.0	17.46189257926159	-1.993650562872013	-1823.3552290124153
170.0	40.0	17.471475952468708	-1.9841731370832527	-1822.3647331759419
171.0	40.0	17.481005615543474	-1.974642798825496	-1821.3802082808597
172.0	40.0	17.490480255341026	-1.9650336367494918	-1820.4016464891836
173.0	40.0	17.49989102536221	-1.955754519249704	-1819.428545009268
174.0	40.0	17.50925296805551	-1.9463361722194412	-1818.461357414246
175.0	40.0	17.518567615387305	-1.937733045837232	-1817.4997012183617
176.0	40.0	17.527828864961183	-1.9277899939311949	-1816.5434824952874
177.0	40.0	17.537037726454052	-1.918843694353214	-1815.5927869972277
178.0	40.0	17.546194722034297	-1.9097955788841599	-1814.6474666854588
179.0	40.0	17.555298905009455	-1.9007885604693784	-1813.7071464273745
180.0	40.0	17.56435216221301	-1.892399755165273	-1812.7721271937205
181.0	40.0	17.573354577951804	-1.8830379726457178	-1811.8424412296922
182.0	40.0	17.582305736320848	-1.8742660576421288	-1810.917446201652
183.0	40.0	17.591206518309	-1.8660116258885266	-1809.9974466229053
184.0	40.0	17.60005695484114	-1.8567878244390927	-1809.082306539802
185.0	40.0	17.60885749749507	-1.8481863832239793	-1808.1721757066405
186.0	40.0	17.61760784249102	-1.8399787909373275	-1807.266756049556
187.0	40.0	17.626315458316544	-1.831127808995467	-1806.365885069165
188.0	40.0	17.634967949385164	-1.8229324720008855	-1805.4698034386515
189.0	40.0	17.643571673922043	-1.8142823707733273	-1804.5779430487692
190.0	40.0	17.65212625618391	-1.805686381672122	-1803.690646674967
191.0	40.0	17.660634803536624	-1.7978849783513748	-1802.8081198710381
192.0	40.0	17.66910147845606	-1.789109085777608	-1801.9297673792164
193.0	40.0	17.677513201595588	-1.7814455236493087	-1801.055585192361
194.0	40.0	17.68588461566381	-1.7733352168767798	-1800.1858298358673
195.0	40.0	17.694204646103042	-1.7646539706869395	-1799.3203136567267
196.0	40.0	17.702475386839932	-1.757057389481538	-1798.4587755482526
197.0	40.0	17.710708511014484	-1.748483805008237	-1797.6012857474427
198.0	40.0	17.71889401451259	-1.741094059730752	-1796.7481694786861
199.0	40.0	17.7270270157915	-1.7332377717888194	-1795.8987694292532
200.0	40.0	17.73511753601631	-1.7247153795499863	-1795.0532018046606
201.0	40.0	17.74316834256614	-1.717457218215938	-1794.2119566900817
202.0	40.0	17.751171595186587	-1.709853265652417	-1793.3743223731763
203.0	40.0	17.759124501693684	-1.7019582583191986	-1792.540635443173
204.0	40.0	17.76703547593316	-1.6943747854655455	-1791.710427768967
205.0	40.0	17.774914927676047	-1.6861147169416708	-1790.883973566027
206.0	40.0	17.78273547294336	-1.6792064309347698	-1790.06135188859
207.0	40.0	17.790515156103574	-1.671641624669443	-1789.242412704509
208.0	40.0	17.798263427875405	-1.6642834608084849	-1788.4269860815841
209.0	40.0	17.80595536744643	-1.6569865295271198	-1787.615054603226
210.0	40.0	17.813619459249217	-1.649523158788922	-1786.806706897084
211.0	40.0	17.82122559753828	-1.6424577541321304	-1786.001791553066
212.0	40.0	17.82879187727351	-1.634817248945397	-1785.2002988399697
213.0	40.0	17.836327552696897	-1.628897825018667	-1784.40226863391
214.0	40.0	17.843808843185986	-1.6220543838579708	-1783.6072940875006
215.0	40.0	17.85126400243524	-1.6156296175797047	-1782.8160400550453
216.0	40.0	17.858661951634392	-1.6092048437255029	-1782.0277522281206
217.0	40.0	17.866034851133747	-1.602861516787227	-1781.2426623152187
218.0	40.0	17.87335179883819	-1.5966345072821788	-1780.4609926031653
219.0	40.0	17.88064356172341	-1.5904358182408356	-1779.6821750865508
220.0	40.0	17.88788015662752	-1.584245200728804	-1778.9067442448918
221.0	40.0	17.895092414336276	-1.5781483605119764	-1778.1342970220628
222.0	40.0	17.90224919369009	-1.5719907629822663	-1777.36501261416
223.0	40.0	17.909381976329602	-1.565885815098582	-1776.5982306038754
224.0	40.0	17.916461039211647	-1.559842771583031	-1775.8346876702142
225.0	40.0	17.92351646655917	-1.5543698351315052	-1775.0741159163847
226.0	40.0	17.93052267404829	-1.5478679818498216	-1774.3162669128878
227.0	40.0	17.93749446396211	-1.5418584869990368	-1773.5616706905823
228.0	40.0	17.94442396782468	-1.5360073838750472	-1772.8093036036687
229.0	40.0	17.95132010811776	-1.529935211156757	-1772.060109567369
230.0	40.0	17.958185172452456	-1.5242518204655537	-1771.31332657089
231.0	40.0	17.965002146251287	-1.518364255828035	-1770.5692763235127
232.0	40.0	17.971786580481602	-1.5129415577549212	-1769.8281571706975
233.0	40.0	17.978537618736024	-1.5067677144846818	-1769.0893838557695
234.0	40.0	17.9852453209877	-1.5009740840108754	-1768.3533247984294
235.0	40.0	17.991918221383777	-1.4953116379527847	-1767.6198396029847
236.0	40.0	17.998550472973637	-1.4900206783706242	-1766.889198985029
237.0	40.0	18.00515759922998	-1.4838510019335343	-1766.1604091477461
238.0	40.0	18.011722762358655	-1.478223661412381	-1765.4342201103432
239.0	40.0	18.01825646730787	-1.472654045829624	-1764.710643858205
240.0	40.0	18.02474993398896	-1.467553183826864	-1763.9892243708698
241.0	40.0	18.031216983108337	-1.4615148847868564	-1763.2702514249813
242.0	40.0	18.03764420666036	-1.4558104849895663	-1762.553439370808
243.0	40.0	18.04403841392961	-1.4511135431957782	-1761.839182371706
244.0	40.0	18.050409053423103	-1.4449415219706394	-1761.1270174952515
245.0	40.0	18.056746953146394	-1.4394539229469612	-1760.4172053374468
246.0	40.0	18.063046231140746	-1.4347292450291205	-1759.7093111884594
247.0	40.0	18.06931455790454	-1.4285826914812025	-1759.0035804352162
248.0	40.0	18.075560627238136	-1.423486534718091	-1758.3001590451224
249.0	40.0	18.081775985919254	-1.4184930706210581	-1757.59856043638
250.0	40.0	18.087960273502908	-1.4128069587955343	-1756.8992563053919
251.0	40.0	18.094109867106145	-1.4079174502263272	-1756.2016445117365
252.0	40.0	18.100227419444437	-1.402164053851687	-1755.5067055142856
253.0	40.0	18.106324038830106	-1.3977328523776487	-1754.8129329517317
254.0	40.0	18.112387969693394	-1.3919032453317655	-1754.1213587616742
255.0	40.0	18.11842591129745	-1.3874150602716877	-1753.4316590679173
256.0	40.0	18.124435751157648	-1.3818295048997136	-1752.7438385262399
257.0	40.0	18.130409795244415	-1.3773196207964267	-1752.0582065978463
258.0	40.0	18.136355050349376	-1.3718196307037307	-1751.3739879089926
259.0	40.0	18.142279745267064	-1.3674613878550128	-1750.6916106847448
260.0	40.0	18.14817746822631	-1.3620220911389243	-1750.01112391861
261.0	40.0	18.154043833521545	-1.357745338573948	-1749.3322358920698
262.0	40.0	18.159883647924712	-1.3526840661456674	-1748.655200791892
263.0	40.0	18.165697477879622	-1.3474188596038439	-1747.9797733699525
264.0	40.0	18.171475406327275	-1.3431694894846287	-1747.3060139489085
265.0	40.0	18.177233560955806	-1.3383470912083641	-1746.6339293580227
266.0	40.0	18.18296637790184	-1.3330544573845124	-1745.9634089258864
267.0	40.0	18.188674195721514	-1.3288052723032309	-1745.2943173227202
268.0	40.0	18.19435502540891	-1.3242398151406214	-1744.6269274301742
269.0	40.0	18.20000289333795	-1.3189015898743863	-1743.961266603311
270.0	40.0	18.205627478911744	-1.314865415239961	-1743.2967088920389
271.0	40.0	18.21122989443189	-1.3101255868463124	-1742.633839011085
272.0	40.0	18.216803829541014	-1.30500915188377	-1741.9726843101357
273.0	40.0	18.2223436263053	-1.3010745852039407	-1741.3128463179569
274.0	40.0	18.22786690925969	-1.2964410379094786	-1740.6540917324064
275.0	40.0	18.233361381904704	-1.2919864781433212	-1739.9969478445446
276.0	40.0	18.238831622868407	-1.2868369488388138	-1739.34118512661
277.0	40.0	18.244275921238618	-1.2828877974496276	-1738.6867844592207
278.0	40.0	18.24969456107138	-1.278655241563239	-1738.0341405425597
279.0	40.0	18.255088255704976	-1.2738835374151032	-1737.3821439461929
280.0	40.0	18.260456238275	-1.2691037444803333	-1736.7315916174032
281.0	40.0	18.265801217853625	-1.265296552976889	-1736.0828035533777
282.0	40.0	18.27112090226856	-1.2608530796001483	-1735.4348445328817
283.0	40.0	18.276417833777895	-1.2567056402877401	-1734.7884096978025
284.0	40.0	18.28169544138008	-1.2523267794388853	-1734.1430274430124
285.0	40.0	18.28694312314111	-1.2480202042905237	-1733.4990630200828
286.0	40.0	18.29215893311067	-1.2430970516731532	-1732.8560113155288
287.0	40.0	18.297358870508265	-1.2394911037448284	-1732.2143723966205
288.0	40.0	18.302533045740415	-1.2354144555651605	-1731.5736889429043
289.0	40.0	18.307685732522867	-1.2309579396099595	-1730.9346412052555
290.0	40.0	18.312815191620356	-1.2271100835310895	-1730.2963327340383
291.0	40.0	18.3179195221189	-1.222751004023343	-1729.6590824902062
292.0	40.0	18.32300162026435	-1.2187523228009267	-1729.023066823538
293.0	40.0	18.328059190809643	-1.2147483122290095	-1728.3883687348762
294.0	40.0	18.33309358121841	-1.2107322362363608	-1727.7545977259194
295.0	40.0	18.33810508896352	-1.2068953817893882	-1727.1218163056894
296.0	40.0	18.343093713964905	-1.2028881545133736	-1726.4901023575471
297.0	40.0	18.348057950469162	-1.19904318704584	-1725.859570972779
298.0	40.0	18.353006823957955	-1.1945664954001218	-1725.2299364061503
299.0	40.0	18.357927262591502	-1.1914125006302787	-1724.601562632258
300.0	40.0	18.362825400619027	-1.1874844040551353	-1723.973779044248
301.0	40.0	18.367701037130708	-1.183780121627407	-1723.3473034623437
302.0	40.0	18.37255500737609	-1.1798434606887809	-1722.7217736017835
303.0	40.0	18.377387661812985	-1.1763020978697154	-1722.0972347863367
304.0	40.0	18.382198374029485	-1.173261703360735	-1721.4736773946622
305.0	40.0	18.386987023874333	-1.169189397009788	-1720.8511166916965
306.0	40.0	18.391760609551145	-1.165661436369683	-1720.2293017438565
307.0	40.0	18.396506506040623	-1.162327455352129	-1719.6085688888222
308.0	40.0	18.401231408285998	-1.1588476235949015	-1718.988906257129
309.0	40.0	18.40593463021039	-1.1553858874306568	-1718.370160016294
310.0	40.0	18.41061704774773	-1.1520445865140059	-1717.752170959556
311.0	40.0	18.415278508445155	-1.1486614549742786	-1717.1350090873216
312.0	40.0	18.41991979779731	-1.1454376885469195	-1716.5189438476073
313.0	40.0	18.42453888274735	-1.141993020982647	-1715.903684584157
314.0	40.0	18.42914394906077	-1.1386509026141491	-1715.2893506599326
315.0	40.0	18.433722176466677	-1.1359841048484605	-1714.6757137882662
316.0	40.0	18.438280531166043	-1.1322169770575998	-1714.0631488392578
317.0	40.0	18.442818920601287	-1.128835524312983	-1713.4513371136027
318.0	40.0	18.44733634758146	-1.1256090276765387	-1712.8404420114168
319.0	40.0	18.451835227324196	-1.1223760416068138	-1712.2303993874916
320.0	40.0	18.456313516782252	-1.118968796206564	-1711.6212083637593
321.0	40.0	18.46077850742413	-1.116051227352165	-1711.0127683904973
322.0	40.0	18.465217688528583	-1.11295825802073	-1710.4052110121809
323.0	40.0	18.469645368023627	-1.1104160280244983	-1709.798623220615
324.0	40.0	18.47404542233106	-1.1065701108007817	-1709.192396863018
325.0	40.0	18.47842613974297	-1.1036450266526354	-1708.5875644167984
326.0	40.0	18.482788429806213	-1.1005715802082436	-1707.9834377720506
327.0	40.0	18.48712978058994	-1.0974863063459757	-1707.3798454060097
328.0	40.0	18.49145878287414	-1.0944566850353303	-1706.777363642353
329.0	40.0	18.49576409958291	-1.0919803481268993	-1706.1753262517425
330.0	40.0	18.500049460622847	-1.0884213712275195	-1705.5743644573465
331.0	40.0	18.50431495444331	-1.0853774027379557	-1704.9741094472615
332.0	40.0	18.50856287205598	-1.0824594874004596	-1704.3744322672778
333.0	40.0	18.51279194903035	-1.0797983002768987	-1703.7758291112723
334.0	40.0	18.517008487723547	-1.0774745460764166	-1703.1778450267216
335.0	40.0	18.521209069444204	-1.0742235292337932	-1702.5805087754761
336.0	40.0	18.525383260066068	-1.0716917062158082	-1701.9841436875413
337.0	40.0	18.529539376710243	-1.0689865403760688	-1701.3884876184804
338.0	40.0	18.53367952249007	-1.0663968594996889	-1700.7935152182545
339.0	40.0	18.53779956099029	-1.0643483401809335	-1700.1994220626318
340.0	40.0	18.541902650203888	-1.0612936476590658	-1699.6059859407058
341.0	40.0	18.545993154361355	-1.0586513424351547	-1699.0135751195744
342.0	40.0	18.550060041979343	-1.056665445138993	-1698.4214303024905
343.0	40.0	18.554117911189046	-1.0535624640869	-1697.830348640473
344.0	40.0	18.558149748815698	-1.0510316853254567	-1697.2401147958565
345.0	40.0	18.562164710350995	-1.0484949314623988	-1696.6501780605627
346.0	40.0	18.566168294337768	-1.0465678247349721	-1696.0613077094329
347.0	40.0	18.57014896975533	-1.0433547700721013	-1695.4732599225092
348.0	40.0	18.57411239707335	-1.0410252987859252	-1694.885648893195
349.0	40.0	18.578061579368462	-1.038425148525544	-1694.2989722190412
350.0	40.0	18.581992276581776	-1.0365278064495729	-1693.7129091763059
351.0	40.0	18.58591968926144	-1.03360542361996	-1693.127606281934
352.0	40.0	18.589816401454982	-1.0310149183497113	-1692.5429901604384
353.0	40.0	18.593696674758174	-1.029233069658569	-1691.9591798854146
354.0	40.0	18.597560779277423	-1.026278986826819	-1691.3759202806273
355.0	40.0	18.601408631462487	-1.023948349573748	-1690.793469956555
356.0	40.0	18.605246018220267	-1.0220707092109835	-1690.2115767454034
357.0	40.0	18.609069460494155	-1.0192801757592673	-1689.6308664586531
358.0	40.0	18.612871520126607	-1.0167872225638992	-1689.050559319475
359.0	40.0	18.616655407620392	-1.0151149284999077	-1688.470842773531
360.0	40.0	18.620422996386502	-1.0122227474020158	-1687.8917985090911
361.0	40.0	18.624181423848956	-1.009821169552943	-1687.313631983805
362.0	40.0	18.627917409015453	-1.0081912156113284	-1686.7363542816158
363.0	40.0	18.631646759509454	-1.0053348283530517	-1686.1594117605566
364.0	40.0	18.635352204031836	-1.0030034423164051	-1685.5833454947096
365.0	40.0	18.6390499144291	-1.001303500194557	-1685.0081665844918
366.0	40.0	18.642724698103265	-0.9985379020798199	-1684.4332653400324
367.0	40.0	18.646385149720487	-0.9967704598883392	-1683.8591161360146
368.0	40.0	18.650036663906608	-0.9940619305390075	-1683.2856788365134
369.0	40.0	18.653666667086668	-0.9916944021114306	-1682.7132588062213
370.0	40.0	18.657287356402716	-0.9900690057031366	-1682.1412959055579
371.0	40.0	18.66088936231238	-0.987453511446042	-1681.5697258378027
372.0	40.0	18.664474424158396	-0.9850123909947955	-1680.9991027811325
373.0	40.0	18.668052655021068	-0.9834825382379335	-1680.4288398688452
374.0	40.0	18.671614928449713	-0.9807496984462523	-1679.8597603928997
375.0	40.0	18.67515563139111	-0.9791279744476591	-1679.2909526576436
376.0	40.0	18.678682869589572	-0.976447372205482	-1678.7229952150471
377.0	40.0	18.68219783479007	-0.9742690148192998	-1678.1556505200647
378.0	40.0	18.68571032506203	-0.9726607833779309	-1677.5889378622712
379.0	40.0	18.68919410867483	-0.9699310208055556	-1677.022936958831
380.0	40.0	18.69266559613246	-0.9685180133993242	-1676.4577018985701
381.0	40.0	18.69612133229362	-0.965776258288497	-1675.8926498760952
382.0	40.0	18.699570009720322	-0.9643108973752438	-1675.3285794410524
383.0	40.0	18.703008472215473	-0.9619894399520486	-1674.76491626539
384.0	40.0	18.706423243891322	-0.9602538229403889	-1674.202059214558
385.0	40.0	18.709824662882877	-0.9590679585274532	-1673.6400249117082
386.0	40.0	18.713218100147326	-0.9569295898253105	-1673.0783904877558
387.0	40.0	18.716600813498232	-0.9558385469507686	-1672.5174811413992
388.0	40.0	18.719964775197493	-0.9535406113335856	-1671.956974225519
389.0	40.0	18.723319355539164	-0.9520152938976847	-1671.3973030990683
390.0	40.0	18.726654138579097	-0.9507866932421519	-1670.8382393410427
391.0	40.0	18.72998474698627	-0.9487982916916321	-1670.279431206132
392.0	40.0	18.733295623727773	-0.9476474474811056	-1669.7215245349628
393.0	40.0	18.736594872922485	-0.9454664882172737	-1669.1644789522222
394.0	40.0	18.73988396104111	-0.943818243141689	-1668.6074356155436
395.0	40.0	18.743164367317977	-0.9426979463428986	-1668.0515963967418
396.0	40.0	18.746423725021494	-0.9406493777017914	-1667.4958000026122
397.0	40.0	18.749672825548583	-0.9395741601033512	-1666.9409889361532
398.0	40.0	18.75290820127221	-0.9373623375262397	-1666.3864797353788
399.0	40.0	18.75614686417258	-0.935813688509344	-1665.832933737438
400.0	40.0	18.759359278439202	-0.9346076777987666	-1665.2794429418468
401.0	40.0	18.762560289898918	-0.9325021681567534	-1664.726955446504
402.0	40.0	18.76575168863787	-0.9314234785698466	-1664.1750020285208
403.0	40.0	18.768931203351727	-0.9295210068694089	-1663.623459049241
404.0	40.0	18.772107738047907	-0.928181694304671	-1663.0720652572827
405.0	40.0	18.77527101221164	-0.926313529495332	-1662.5219575145636
406.0	40.0	18.778420751943592	-0.9246360071003936	-1661.9720050725807
407.0	40.0	18.781557526949328	-0.9237671106546148	-1661.4226400725584
408.0	40.0	18.784692425497795	-0.9217621148587206	-1660.8735690546148
409.0	40.0	18.787808843250318	-0.9207192041325619	-1660.3252154990541
410.0	40.0	18.790915397221184	-0.9187622564710711	-1659.7773914756451
411.0	40.0	18.79401977069294	-0.9177287743686251	-1659.230414503899
412.0	40.0	18.797106049851198	-0.915794902898012	-1658.6835728942565
413.0	40.0	18.80019032484375	-0.9144328314098932	-1658.1370409618237
414.0	40.0	18.803256507174424	-0.9136242676958165	-1657.59129669673
415.0	40.0	18.806314860834334	-0.9116806700214879	-1657.0462547548293
416.0	40.0	18.809360598536564	-0.9107351963862178	-1656.5016753404486
417.0	40.0	18.81240243402596	-0.9089028474463808	-1655.9571666670852
418.0	40.0	18.815429495182556	-0.9081785104786426	-1655.4131536638681
419.0	40.0	18.818457239357446	-0.9062087441375598	-1654.8698565925474
420.0	40.0	18.8214656281011	-0.904843849310808	-1654.3268033066959
421.0	40.0	18.824464429017354	-0.9041123474715406	-1653.7844984658918
422.0	40.0	18.82745451328797	-0.9021417500298861	-1653.2423178534361
423.0	40.0	18.830442030306138	-0.9013900916448448	-1652.7009947149463
424.0	40.0	18.833413166244423	-0.8996095923669467	-1652.1597635024737
425.0	40.0	18.836381473638067	-0.8987172000483292	-1651.6190964645623
426.0	40.0	18.83933392939623	-0.8969086467284062	-1651.0789416768273
427.0	40.0	18.842278602099285	-0.8961360000870854	-1650.5391568708535
428.0	40.0	18.84521831065144	-0.8943127133977647	-1649.9996736399432
429.0	40.0	18.84814295091521	-0.8936670059698418	-1649.4605402676082
430.0	40.0	18.851059320556054	-0.8918450958839966	-1648.9221221473038
431.0	40.0	18.85397496694954	-0.8904984599552849	-1648.3838971118582
432.0	40.0	18.856873351482868	-0.8901460952291662	-1647.8458928210098
433.0	40.0	18.859761938302633	-0.8883252876176029	-1647.3086207197985
434.0	40.0	18.862647635915096	-0.8878252302663295	-1646.7715587651853
435.0	40.0	18.865518653609264	-0.8862157889942283	-1646.234956721597
436.0	40.0	18.868383624211532	-0.885573521071114	-1645.6984626788667
437.0	40.0	18.87124642681045	-0.8838382729072314	-1645.1626034855033
438.0	40.0	18.874092179806148	-0.8834800579060224	-1644.6268482831315
439.0	40.0	18.876934929953002	-0.8816848549205683	-1644.0916704615286
440.0	40.0	18.879763589100335	-0.8805599322507872	-1643.556691675379
441.0	40.0	18.88258592126843	-0.8801260959387854	-1643.022047077215
442.0	40.0	18.88540501456546	-0.8782941678875921	-1642.487958282356
443.0	40.0	18.88820802265574	-0.8780328594361143	-1641.9538368026074
444.0	40.0	18.891003013306193	-0.8763099278130011	-1641.4203211334848
445.0	40.0	18.89379468849876	-0.8760069882335346	-1640.8872338636588
446.0	40.0	18.896574783645708	-0.8742934642513154	-1640.353855459701
447.0	40.0	18.899343517090458	-0.8740836539647533	-1639.8211099165949
448.0	40.0	18.902111747602177	-0.8724244750227356	-1639.288890209692
449.0	40.0	18.904864347328807	-0.8720987080452691	-1638.7566731568504
450.0	40.0	18.9076144263924	-0.8706108922974777	-1638.2247158436119
451.0	40.0	18.91035087721806	-0.8701979569886984	-1637.6929134636136
452.0	40.0	18.913077566391394	-0.8686581598665088	-1637.1618685774095
453.0	40.0	18.91580478908976	-0.8683864089997704	-1636.6309524338187
454.0	40.0	18.918513870535747	-0.8669144718891173	-1636.100129521288
455.0	40.0	18.921222037610463	-0.8663664836792312	-1635.5692779474741
456.0	40.0	18.92391776544779	-0.8649848203050555	-1635.0390321752598
457.0	40.0	18.926604600728346	-0.8648295061531658	-1634.508756474181
458.0	40.0	18.929290491838564	-0.8634218859264292	-1633.9788706911338
459.0	40.0	18.931960607233478	-0.8630265858894971	-1633.4492554751773
460.0	40.0	18.93462791645695	-0.861670677856685	-1632.9197765085735
461.0	40.0	18.937284280613447	-0.8614855709762614	-1632.3905286363686
462.0	40.0	18.939930087397126	-0.860102299506047	-1631.8615145984527
463.0	40.0	18.942576477284266	-0.8597278091255949	-1631.33262267061
464.0	40.0	18.94520656010583	-0.8585686212216184	-1630.803691982853
465.0	40.0	18.947834642426947	-0.858146926416303	-1630.275367456846
466.0	40.0	18.95045169910955	-0.8567994528968577	-1629.7469424271171
467.0	40.0	18.95305816205715	-0.8565215466110789	-1629.2185693406864
468.0	40.0	18.9556654813016	-0.8553066244310484	-1628.6907096478594
469.0	40.0	18.958256241402367	-0.8549718292401616	-1628.1630350896378
470.0	40.0	18.96084594869298	-0.8535481829732842	-1627.6354205838281
471.0	40.0	18.963423646905003	-0.8534243920616613	-1627.1077638096408
472.0	40.0	18.965992300628095	-0.851969004535437	-1626.5801443707983
473.0	40.0	18.96856058484301	-0.8518246925273054	-1626.0531912635272
474.0	40.0	18.97111879187727	-0.8505050800980968	-1625.5260164501346
475.0	40.0	18.973664101722232	-0.8501231448625312	-1624.9989288722527
476.0	40.0	18.97620460916191	-0.8489644516699185	-1624.4718820283135
477.0	40.0	18.978734071019076	-0.8486671040557192	-1623.945271807041
478.0	40.0	18.981265590071374	-0.8471579089360128	-1623.4186269643474
479.0	40.0	18.983786307922127	-0.8470870858914131	-1622.8921848564673
480.0	40.0	18.986294792451904	-0.8457872670365737	-1622.3657503968002
481.0	40.0	18.98879737612487	-0.8454868166466777	-1621.8391388116625
482.0	40.0	18.991291059724265	-0.8442106243770859	-1621.3131663092138
483.0	40.0	18.993784244064948	-0.8440725801609058	-1620.7867916384744
484.0	40.0	18.996269081385734	-0.8426054409114102	-1620.2608754916482
485.0	40.0	18.998742262084825	-0.8424102357141883	-1619.7347454865628
486.0	40.0	19.00120596714175	-0.8411450768187431	-1619.2089200296248
487.0	40.0	19.003662843429456	-0.84081627829816	-1618.6830593265622
488.0	40.0	19.006126012577667	-0.8397403040641968	-1618.1572925417854
489.0	40.0	19.008567564456804	-0.8394511747658274	-1617.6316178360453
490.0	40.0	19.011004894028723	-0.8381184310799784	-1617.1057264593235
491.0	40.0	19.013433113395195	-0.8381715134490217	-1616.5801342450147
492.0	40.0	19.015868529714552	-0.8366721022061656	-1616.0547442654754
493.0	40.0	19.018283802002966	-0.8365054764140589	-1615.528954055925
494.0	40.0	19.02069198806049	-0.8354597895797276	-1615.0035025795924
495.0	40.0	19.023092885560594	-0.8352648611009439	-1614.4779990193394
496.0	40.0	19.025486033943906	-0.8340010012157124	-1613.9527048743255
497.0	40.0	19.02788648723011	-0.8338506006401977	-1613.427389528307
498.0	40.0	19.03026645206321	-0.8326026742498317	-1612.901889960408
499.0	40.0	19.03264184015503	-0.8325586808643811	-1612.3766160058133
500.0	40.0	19.0350083720363	-0.8313733175948115	-1611.8511340868956
501.0	40.0	19.037381798568962	-0.8311082095379073	-1611.3260955415776
502.0	40.0	19.039734011525237	-0.8300162807940916	-1610.8005180219593
503.0	40.0	19.042083231553047	-0.8298158654313519	-1610.2754099658696
504.0	40.0	19.044423022849276	-0.8285803966767118	-1609.7499381205666
505.0	40.0	19.046770019603844	-0.8284468951343061	-1609.2249032530262
506.0	40.0	19.049096316850612	-0.8273162064853612	-1608.6997006562638
507.0	40.0	19.051418390007136	-0.8272826805839026	-1608.1744062188845
508.0	40.0	19.053732307772243	-0.826055654134438	-1607.6490641799026
509.0	40.0	19.05604615390583	-0.8261052811039648	-1607.1237478543305
510.0	40.0	19.058354158076284	-0.8251754812096521	-1606.598311295288
511.0	40.0	19.06064784248674	-0.8252188705717078	-1606.0734541615798
512.0	40.0	19.062938861131805	-0.8242402112781073	-1605.548077634644
513.0	40.0	19.065220504889094	-0.8242057852333495	-1605.0229465415916
514.0	40.0	19.06750915151211	-0.8232935585625132	-1604.497513888513
515.0	40.0	19.06977867750385	-0.8233031105790173	-1603.9723322158143
516.0	40.0	19.072043917594797	-0.8222728586874877	-1603.4471893542839
517.0	40.0	19.07429995172939	-0.8223220322681722	-1602.9214843752693
518.0	40.0	19.07656436180358	-0.8218420567527309	-1602.3963088582104
519.0	40.0	19.0788086660202	-0.8210313511984841	-1601.8705703598466
520.0	40.0	19.081048499155706	-0.8212655231442999	-1601.345756366028
521.0	40.0	19.083281011301082	-0.8224666445325536	-1600.8198866230368
522.0	40.0	19.085521610902795	-0.8220752365330076	-1600.2948877008826
523.0	40.0	19.087740890345824	-0.8224952320043659	-1599.769490085599
524.0	40.0	19.089957057267114	-0.8227042531709252	-1599.2437030373105
525.0	40.0	19.092164935394212	-0.8230881980210313	-1598.718296739145
526.0	40.0	19.094380692536326	-0.8231589308628185	-1598.1928522131395
527.0	40.0	19.096577262059217	-0.8234279347168564	-1597.667387048007
528.0	40.0	19.098769871452287	-0.8241637541262739	-1597.141775570699
529.0	40.0	19.10095454726027	-0.8236081024577175	-1596.616279320028
530.0	40.0	19.10314714113134	-0.8237425896437618	-1596.0906651706218
531.0	40.0	19.105320829723414	-0.8240908905621857	-1595.5650752264855
532.0	40.0	19.10748983465589	-0.8241022309541258	-1595.0395538785267
533.0	40.0	19.109650861934675	-0.8239809706853043	-1594.5138684166782
534.0	40.0	19.11182097170139	-0.8243299767850005	-1593.988132807064
535.0	40.0	19.113970879221082	-0.8241256110770957	-1593.4624950323862
536.0	40.0	19.116117457751262	-0.8243786117484386	-1592.9365052824899
537.0	40.0	19.11825645340687	-0.8244072939734483	-1592.4109844675022
538.0	40.0	19.120402710845312	-0.8244268884331436	-1591.8851900388015
539.0	40.0	19.122530634612367	-0.8249622008038306	-1591.3593358613539
540.0	40.0	19.12465536475381	-0.8243878123251065	-1590.833177477692
541.0	40.0	19.126777403591714	-0.8245749903529753	-1590.3076256557174
542.0	40.0	19.128896990145623	-0.8244924595081476	-1589.7817006407329
543.0	40.0	19.13100292392188	-0.8245257383756448	-1589.255870650219
544.0	40.0	19.13310484111862	-0.8246141194002877	-1588.730119429226
545.0	40.0	19.13520563439273	-0.8247763158381983	-1588.2038988149866
546.0	40.0	19.13730368184168	-0.8248499541240069	-1587.6780147183858
547.0	40.0	19.1393879826403	-0.825484118741348	-1587.1520098717283
548.0	40.0	19.141467872629086	-0.8260070682288969	-1586.6263493885417
549.0	40.0	19.143547853894386	-0.8275445381577927	-1586.1002880069889
550.0	40.0	19.145624447027643	-0.8284595920320222	-1585.5745063840207
551.0	40.0	19.147689400937182	-0.8288323634212685	-1585.0486180334967
552.0	40.0	19.149747215873788	-0.8301515269031814	-1584.5224704020168
553.0	40.0	19.151805907824794	-0.8308473995687724	-1583.9965429946878
554.0	40.0	19.153862244038923	-0.8310316032292647	-1583.4703664596575
555.0	40.0	19.155906716119315	-0.8323557850467359	-1582.944155977334
556.0	40.0	19.157944179629666	-0.8329532885805211	-1582.4183972694727
557.0	40.0	19.15998152312054	-0.8332572628017048	-1581.8925199551363
558.0	40.0	19.162016772853335	-0.8343377703983874	-1581.3665768776827
559.0	40.0	19.16404097300698	-0.8345322428169092	-1580.840355380563
560.0	40.0	19.16606438093163	-0.8356817319322584	-1580.314661886945
561.0	40.0	19.16808336551171	-0.8357824176084344	-1579.788567515616
562.0	40.0	19.17009300441928	-0.8371744194970479	-1579.2624376955284
563.0	40.0	19.172094992595152	-0.8372746003143738	-1578.736514364072
564.0	40.0	19.17409841924166	-0.8388182406201165	-1578.2107609587956
565.0	40.0	19.17609891657766	-0.8387844725672997	-1577.685052702955
566.0	40.0	19.178088610123925	-0.8400853948211338	-1577.1590507301673
567.0	40.0	19.180071191751782	-0.8403301507263461	-1576.6331481289362
568.0	40.0	19.182054791882244	-0.8415016287712341	-1576.1074225739449
569.0	40.0	19.184035489389952	-0.8417542634687617	-1575.581494144559
570.0	40.0	19.186006908988677	-0.8429069474687652	-1575.055802511512
571.0	40.0	19.187975281838593	-0.8431165793111873	-1574.530106350269
572.0	40.0	19.189941819234445	-0.8442593207553025	-1574.0040265694183
573.0	40.0	19.191897527263666	-0.8443414904391118	-1573.478460668231
574.0	40.0	19.193846850998934	-0.8456504691287452	-1572.952606234517
575.0	40.0	19.195798125708386	-0.845674942671215	-1572.4271040302212
576.0	40.0	19.197745128728368	-0.8463611414105101	-1571.9015981074256
577.0	40.0	19.199682948028	-0.8474297647598034	-1571.3760757881528
578.0	40.0	19.20161357578885	-0.8476837006842047	-1570.8507378816364
579.0	40.0	19.203545841392494	-0.8488351532724417	-1570.3249457492434
580.0	40.0	19.2054775926746	-0.8489681066178646	-1569.7996895820952
581.0	40.0	19.20739428662699	-0.8496082881291611	-1569.2743360385
582.0	40.0	19.20931276578554	-0.8507420747047559	-1568.7488748223968
583.0	40.0	19.21122893179107	-0.8510408512621584	-1568.223470585196
584.0	40.0	19.21313541775369	-0.85159895610355	-1567.6985558470938
585.0	40.0	19.21503525663951	-0.8526924725375861	-1567.1734596702654
586.0	40.0	19.216936452376547	-0.8526821505337596	-1566.6485704304228
587.0	40.0	19.218836966203984	-0.8539388001917932	-1566.1232987143494
588.0	40.0	19.220723644089965	-0.854011408719808	-1565.5985402281997
589.0	40.0	19.22261134244143	-0.8545722676153289	-1565.0734902330062
590.0	40.0	19.22449713879022	-0.8557764154226358	-1564.548632504344
591.0	40.0	19.22637236897314	-0.8560392229656445	-1564.0238045078042
592.0	40.0	19.228242115087674	-0.856584791344007	-1563.4995034092008
593.0	40.0	19.2301132281738	-0.8572712535095096	-1562.9750389953088
594.0	40.0	19.23198373420166	-0.8584855946449338	-1562.4502313540831
595.0	40.0	19.233840723877854	-0.858527956617477	-1561.9260340676133
596.0	40.0	19.235698533558747	-0.8591159187008308	-1561.4016840289667
597.0	40.0	19.23755680725316	-0.8603880111317035	-1560.8774029132142
598.0	40.0	19.239401485466093	-0.8604947493860506	-1560.3531757073804
599.0	40.0	19.241240713677016	-0.861137597101421	-1559.8289354069768
600.0	40.0	19.243082272331687	-0.8625397429724156	-1559.3054819279666
601.0	40.0	19.244924737163124	-0.8626859072049089	-1558.7815081409688
602.0	40.0	19.24675209474006	-0.8633971200811614	-1558.2572609667197
603.0	40.0	19.248581940850666	-0.8640935375567175	-1557.7338758987821
604.0	40.0	19.25041109049519	-0.8652819420993857	-1557.210036057029
605.0	40.0	19.252226644415337	-0.8655324229172574	-1556.686545154785
606.0	40.0	19.25403791763123	-0.8660752296852832	-1556.1633604866108
607.0	40.0	19.255852469446783	-0.8667887629637808	-1555.6397051512695
608.0	40.0	19.257663409181983	-0.8679479142264684	-1555.117064679244
609.0	40.0	19.259463340272767	-0.8682723579223077	-1554.5936764985593
610.0	40.0	19.261264763026105	-0.868755714898452	-1554.0704352154287
611.0	40.0	19.2630664905248	-0.869447796987382	-1553.5479173216922
612.0	40.0	19.264855095757895	-0.8701845228240322	-1553.024800595639
613.0	40.0	19.266638986389054	-0.8712591576996348	-1552.5021829178725
614.0	40.0	19.26843540806521	-0.8713620684479716	-1551.9795230400498
615.0	40.0	19.270213757070298	-0.8719979866718153	-1551.4570472403836
616.0	40.0	19.271987052631324	-0.872769010463628	-1550.9347582723278
617.0	40.0	19.273766089805004	-0.8733317642359368	-1550.4125170118934
618.0	40.0	19.275541005506273	-0.8738637895711459	-1549.8903926257015
619.0	40.0	19.27730572251657	-0.8750866938825461	-1549.368059273956
620.0	40.0	19.279068766998112	-0.8752918293669097	-1548.8460651363885
621.0	40.0	19.28083985944284	-0.8759081654233952	-1548.324499120284
622.0	40.0	19.282595719545956	-0.8764575013101663	-1547.8029542681816
623.0	40.0	19.284347584526337	-0.8771706151001872	-1547.281248826529
624.0	40.0	19.286111469864874	-0.8777722016489736	-1546.7595888052601
625.0	40.0	19.287857762615342	-0.8789709114096338	-1546.2382386406534
626.0	40.0	19.289601327848647	-0.8791064565945654	-1545.7169344974775
627.0	40.0	19.291342661275806	-0.879729295884353	-1545.19572258272
628.0	40.0	19.293092912742697	-0.8804917916535359	-1544.6744480776495
629.0	40.0	19.2948285087611	-0.8813017387263459	-1544.1540021215515
630.0	40.0	19.29656236009996	-0.8820562368199908	-1543.6330026933438
631.0	40.0	19.298306823338702	-0.8829682165880779	-1543.1120815529107
632.0	40.0	19.30003474012843	-0.8833889882489119	-1542.5915881789765
633.0	40.0	19.30176182337964	-0.8842729610998393	-1542.0707521302963
634.0	40.0	19.30349758531676	-0.8850096082724419	-1541.5504441986873
635.0	40.0	19.305218401265712	-0.8861879745262532	-1541.030022567789
636.0	40.0	19.306936153022242	-0.8866131360563163	-1540.5096214213615
637.0	40.0	19.30865448714672	-0.8871220014838088	-1539.98950699211
638.0	40.0	19.310381770971013	-0.8880138712309514	-1539.4694538646097
639.0	40.0	19.31209360896449	-0.8886988261556932	-1538.9497494571008
640.0	40.0	19.313805895702718	-0.8894315474818715	-1538.429692532192
641.0	40.0	19.315527326412255	-0.8899600507143434	-1537.9099472010005
642.0	40.0	19.31723373353567	-0.8907695848073471	-1537.3902948947023
643.0	40.0	19.318936266261424	-0.8915811350619774	-1536.8706960177897
644.0	40.0	19.320654422811845	-0.8922448270570074	-1536.3511033215837
645.0	40.0	19.32235462187476	-0.8929753350731553	-1535.8315529239212
646.0	40.0	19.32405068613733	-0.8935502578978911	-1535.3122045848559
647.0	40.0	19.32575643940073	-0.8943823922367266	-1534.7928463523806
648.0	40.0	19.327455545292025	-0.8950409707402669	-1534.2741625828148
649.0	40.0	19.329147909675747	-0.8956615221146754	-1533.7549345459518
650.0	40.0	19.330840716097835	-0.8964028591687222	-1533.235677415497
651.0	40.0	19.332543328593506	-0.897053062055875	-1532.716930712672
652.0	40.0	19.334230752555374	-0.8977170996945018	-1532.1977879302206
653.0	40.0	19.335917946357718	-0.898365924006703	-1531.6789299049206
654.0	40.0	19.337618306528952	-0.8991735337280871	-1531.1601900156063
655.0	40.0	19.339302717549383	-0.8998307763195026	-1530.6415049415937
656.0	40.0	19.34098516749563	-0.9005006282957483	-1530.122991563617
657.0	40.0	19.34268112015553	-0.9010786642701096	-1529.6046184879815
658.0	40.0	19.344359876968777	-0.9018583743749701	-1529.0858776175032
659.0	40.0	19.34603907999887	-0.9024229270338658	-1528.5675347167144
660.0	40.0	19.34772398004518	-0.9032159472169978	-1528.0491206575568
661.0	40.0	19.349407895502573	-0.903850635334518	-1527.5307571014337
662.0	40.0	19.351084359627936	-0.9041468685682392	-1527.0127729681112
663.0	40.0	19.352759414860596	-0.9053672474201249	-1526.4938828665024
664.0	40.0	19.354449201146455	-0.9059100658425872	-1525.9758116946155
665.0	40.0	19.35612096510846	-0.9067548902558099	-1525.4577288616986
666.0	40.0	19.357792765489304	-0.9074311029696251	-1524.9394919295812
667.0	40.0	19.359479867271425	-0.9082311664781187	-1524.4214201493255
668.0	40.0	19.361152251979878	-0.9087724293932763	-1523.90311921519
669.0	40.0	19.362823566085254	-0.9095378122405545	-1523.3850576045318
670.0	40.0	19.364508539838006	-0.9102042893282849	-1522.866865605768
671.0	40.0	19.36617806605149	-0.9110243114384486	-1522.348806256954
672.0	40.0	19.367848970637088	-0.911880882618733	-1521.8306216238245
673.0	40.0	19.36951753878322	-0.9126892420546515	-1521.3127966331447
674.0	40.0	19.37119826790051	-0.9132540926799804	-1520.794923823092
675.0	40.0	19.372867218343192	-0.9143701394403931	-1520.2768381788687
676.0	40.0	19.374533067658483	-0.9153478015515224	-1519.7583789887676
677.0	40.0	19.376211129486446	-0.9161111438238585	-1519.2406136712402
678.0	40.0	19.37787453294757	-0.9171602114275623	-1518.7224885338276
679.0	40.0	19.379540295570948	-0.9177666517364456	-1518.2044321928622
680.0	40.0	19.381217064669343	-0.9185763364083775	-1517.6865781541446
681.0	40.0	19.38287879788932	-0.9194615566712756	-1517.1682590434666
682.0	40.0	19.384539528287192	-0.9205714833298626	-1516.6502587808604
683.0	40.0	19.386208469748258	-0.9208124708267138	-1516.131932834582
684.0	40.0	19.387877194925615	-0.9224309202550948	-1515.6135016209992
685.0	40.0	19.389536760428804	-0.9231817897347574	-1515.0957609146124
686.0	40.0	19.39120340546012	-0.9242420143673786	-1514.5771196841451
687.0	40.0	19.392869166643095	-0.9250465551032291	-1514.0590093607123
688.0	40.0	19.394525850166193	-0.9260990716379669	-1513.54047570382
689.0	40.0	19.396181188779863	-0.9269386056557793	-1513.0220508126422
690.0	40.0	19.39784360651873	-0.9273558009582122	-1512.5033784572393
691.0	40.0	19.39950568959202	-0.9287210573283999	-1511.9853420829343
692.0	40.0	19.401157912755504	-0.9295920967320129	-1511.4666135136035
693.0	40.0	19.40281543915687	-0.9306144392134159	-1510.9478693222595
694.0	40.0	19.404467795640365	-0.9316602976638865	-1510.4295600019761
695.0	40.0	19.406125849412984	-0.9322356568841382	-1509.910249859476
696.0	40.0	19.40778132021286	-0.9335532907299866	-1509.3919973999464
697.0	40.0	19.409430929197942	-0.9347391828332335	-1508.8727264665786
698.0	40.0	19.411086483038513	-0.9355630467148693	-1508.3537662771846
699.0	40.0	19.412732119472967	-0.9368244533321521	-1507.8349280359587
700.0	40.0	19.414383434328922	-0.9376579324737712	-1507.3155886397021
701.0	40.0	19.416029789454814	-0.938033534855759	-1506.7961261070366
702.0	40.0	19.41768066454048	-0.9395488938113318	-1506.2771206201814
703.0	40.0	19.419328055588664	-0.9408000893838592	-1505.757855772355
704.0	40.0	19.42096946728678	-0.9418005395155283	-1505.2380994295124
705.0	40.0	19.422610725805356	-0.9425974586046135	-1504.718353300461
706.0	40.0	19.424264429998253	-0.9441667603998335	-1504.1989768200149
707.0	40.0	19.425902732170005	-0.9454173325978099	-1503.679263278739
708.0	40.0	19.427539080568934	-0.9464401611937122	-1503.159318546825
709.0	40.0	19.42918585296819	-0.9471572119099692	-1502.6393003445194
710.0	40.0	19.43082663361488	-0.948748565826697	-1502.11925532726
711.0	40.0	19.43246043892036	-0.949881503190545	-1501.5989535605156
712.0	40.0	19.434095638471806	-0.9510507855219509	-1501.0786408398246
713.0	40.0	19.435740585697246	-0.9520491457013323	-1500.5582383522408
714.0	40.0	19.43737167542314	-0.9536835133890286	-1500.0376348683017
715.0	40.0	19.439002329750725	-0.9549308482385316	-1499.5170996130753
716.0	40.0	19.44063179124703	-0.9557311352347758	-1498.9962610205055
717.0	40.0	19.44227298967969	-0.9574429919493748	-1498.4748580861594
718.0	40.0	19.443897386912692	-0.9586156338471957	-1497.9543095099027
719.0	40.0	19.44552187145215	-0.9596128609778581	-1497.4329790351696
720.0	40.0	19.447154877813396	-0.9609826490014152	-1496.912035329201
721.0	40.0	19.448782573558972	-0.9624364717472138	-1496.390294064225
722.0	40.0	19.450402844327165	-0.9631800471065362	-1495.8686525483674
723.0	40.0	19.452021594036815	-0.9648230819376641	-1495.3471351692972
724.0	40.0	19.453655714333237	-0.9661088875996661	-1494.8252391793612
725.0	40.0	19.455272782706256	-0.9669096421364656	-1494.3034948630636
726.0	40.0	19.456887987130237	-0.9683339253987547	-1493.7813619641813
727.0	40.0	19.458503879640503	-0.9697340811185092	-1493.259250609507
728.0	40.0	19.460130283275106	-0.970485709015376	-1492.7367662037666
729.0	40.0	19.461741939624645	-0.9720912368828711	-1492.21421598271
730.0	40.0	19.463352062895208	-0.9728775575739965	-1491.6917511919044
731.0	40.0	19.46496325357954	-0.9746706482744536	-1491.1689099211828
732.0	40.0	19.466584198735593	-0.9759001110843261	-1490.646202279814
733.0	40.0	19.46819042573983	-0.9767803860219586	-1490.1227184700224
734.0	40.0	19.469794891159257	-0.9785555119877456	-1489.6001486623054
735.0	40.0	19.4714066087301	-0.9790530874084046	-1489.0767213827678
736.0	40.0	19.473016514982607	-0.9810103874422242	-1488.5533351841184
737.0	40.0	19.474617564136924	-0.9821942976720764	-1488.0297346679463
738.0	40.0	19.476215762696086	-0.9829239361442859	-1487.506295631725
739.0	40.0	19.477829890172302	-0.9846988931150359	-1486.9824225301234
740.0	40.0	19.47942648660016	-0.9855637185762421	-1486.458455901439
741.0	40.0	19.48102183591695	-0.9870900227977862	-1485.9345333093095
742.0	40.0	19.48261722530393	-0.987919473009468	-1485.4100923973203
743.0	40.0	19.484223742461868	-0.9896841888039135	-1484.8858401001157
744.0	40.0	19.485814396006578	-0.990385636022135	-1484.3615513884406
745.0	40.0	19.48740472675824	-0.9922378967739686	-1483.8366623755478
746.0	40.0	19.488994888310028	-0.9933514043112278	-1483.3124439116132
747.0	40.0	19.490594608657357	-0.9940736693480665	-1482.7873746955145
748.0	40.0	19.49217992051429	-0.9959400259484829	-1482.2624588247195
749.0	40.0	19.493763425744444	-0.9965680164855772	-1481.7376585821694
750.0	40.0	19.495348373073707	-0.9982893388503081	-1481.2125283258347
751.0	40.0	19.49694244446186	-0.9992009175096105	-1480.687319420386
752.0	40.0	19.498522486045694	-1.0007097497806536	-1480.1617729936665
753.0	40.0	19.500101964438617	-1.0015016163732602	-1479.636687799844
754.0	40.0	19.50168519931472	-1.0033309734429328	-1479.110782222736
755.0	40.0	19.503268088128213	-1.0041291913188073	-1478.5851679853165
756.0	40.0	19.50484184829262	-1.0056664187768778	-1478.0594809212228
757.0	40.0	19.506416006396325	-1.0067145240404085	-1477.5331714174336
758.0	40.0	19.50799241969116	-1.007812636715229	-1477.0074058031837
759.0	40.0	19.509569361785005	-1.009487547690145	-1476.481788160345
760.0	40.0	19.511137476715028	-1.0104387542172222	-1475.9551188208707
761.0	40.0	19.512705740822902	-1.0121591230132638	-1475.4294886665027
762.0	40.0	19.514276969098642	-1.0128867694619312	-1474.9031234707613
763.0	40.0	19.515848093688575	-1.0147471685611809	-1474.3762759311123
764.0	40.0	19.517412430581853	-1.0153979505861024	-1473.850062465025
765.0	40.0	19.51897221745394	-1.0172754448726549	-1473.323629141719
766.0	40.0	19.520544409512546	-1.0180689222231556	-1472.7969565258813
767.0	40.0	19.522102403475174	-1.0191234253760098	-1472.270066283473
768.0	40.0	19.523660231307915	-1.0210436472174498	-1471.743516122127
769.0	40.0	19.52521427516607	-1.0219297190995098	-1471.2170676514224
770.0	40.0	19.526781925896096	-1.0236108269774729	-1470.6899871862518
771.0	40.0	19.528332865694992	-1.0243240941091414	-1470.16318724244
772.0	40.0	19.529884893919935	-1.02564972039009	-1469.6365332808427
773.0	40.0	19.53143305913609	-1.0274222678707454	-1469.1097214158872
774.0	40.0	19.532993141833366	-1.028219619605115	-1468.5827610046647
775.0	40.0	19.53454071039463	-1.0293930870789647	-1468.0560699320374
776.0	40.0	19.536084533054314	-1.0313154172431873	-1467.5288705943499
777.0	40.0	19.537626712118303	-1.03188204789063	-1467.0019364296636
778.0	40.0	19.539181276346245	-1.0334468556440684	-1466.4748646012006
779.0	40.0	19.54072270531597	-1.0351982664794264	-1465.9480686559052
780.0	40.0	19.542259837160596	-1.0358806664204114	-1465.4206603519908
781.0	40.0	19.54379609670177	-1.0374332525921306	-1464.894101259556
782.0	40.0	19.545347469637992	-1.039093996551375	-1464.366894677464
783.0	40.0	19.546879926443673	-1.0401219407741933	-1463.8393972744886
784.0	40.0	19.548410263530922	-1.0414207458714422	-1463.3127461506072
785.0	40.0	19.54994077531392	-1.0434280857550038	-1462.785619345543
786.0	40.0	19.55148480410836	-1.0441130455229104	-1462.2585695636492
787.0	40.0	19.553012131414107	-1.0456063279051728	-1461.7315487757737
788.0	40.0	19.55453668163375	-1.047432317703057	-1461.2047603148476
789.0	40.0	19.556062602158363	-1.0482512464659357	-1460.678178274091
790.0	40.0	19.557597522250703	-1.0496747616818418	-1460.151382607202
791.0	40.0	19.559118297152704	-1.0511176963290794	-1459.6245173149964
792.0	40.0	19.56063711940697	-1.0528486380566633	-1459.0974891785509
793.0	40.0	19.562165038685833	-1.0537867776023055	-1458.5714357300828
794.0	40.0	19.56368641994934	-1.0552053306770561	-1458.0444678325036
795.0	40.0	19.565199958262127	-1.0564614775488077	-1457.5185298113731
796.0	40.0	19.566714699060054	-1.0586608692998793	-1456.9915579967965
797.0	40.0	19.568233963074245	-1.0597444748214673	-1456.4649534958764
798.0	40.0	19.569748556295924	-1.06124604123664	-1455.9387909106904
799.0	40.0	19.571256850846662	-1.0628511360115906	-1455.412699801864
800.0	40.0	19.572765050600996	-1.0648063840216857	-1454.8867021219182
801.0	40.0	19.574277833816645	-1.0659572488525746	-1454.3607642149043
802.0	40.0	19.57578678497149	-1.0675645740918658	-1453.8344810642566
803.0	40.0	19.577289320542867	-1.0689184427152403	-1453.3089013939
804.0	40.0	19.578789103559938	-1.0706155752142117	-1452.7829922717756
805.0	40.0	19.580295422736025	-1.072571066777422	-1452.2577423364748
806.0	40.0	19.581797067345775	-1.07378562727645	-1451.7321592094052
807.0	40.0	19.583294779779344	-1.0752832140279545	-1451.2066059814479
808.0	40.0	19.584787364586724	-1.076751747959961	-1450.6816208423484
809.0	40.0	19.58628759839522	-1.0783314307014218	-1450.156272648005
810.0	40.0	19.587785158321253	-1.0798567984624265	-1449.6314105665274
811.0	40.0	19.589273348012977	-1.081932448120891	-1449.106131573831
812.0	40.0	19.590768041341853	-1.0830200055255443	-1448.5817313371253
813.0	40.0	19.592256174949743	-1.0845907788242402	-1448.0572650380147
814.0	40.0	19.593744066786172	-1.086046181429441	-1447.5324810416619
815.0	40.0	19.59522658704315	-1.0877102216709105	-1447.0079394441634
816.0	40.0	19.596714748351165	-1.0892938137638166	-1446.484281958414
817.0	40.0	19.598196060799474	-1.0908371925429925	-1445.9602964535986
818.0	40.0	19.599677723457027	-1.0924334991429314	-1445.4361386034252
819.0	40.0	19.60115288874923	-1.094325522957353	-1444.9126640450927
820.0	40.0	19.60263665731264	-1.095597872208586	-1444.389016886756
821.0	40.0	19.604109236305348	-1.097117765076604	-1443.865924367574
822.0	40.0	19.605585449441456	-1.0987162719860437	-1443.3424180509078
823.0	40.0	19.607055932557643	-1.1001885442748895	-1442.8192972991453
824.0	40.0	19.608531301495155	-1.1020129940384422	-1442.2965020397057
825.0	40.0	19.60999686461993	-1.1034280994783203	-1441.7734439644871
826.0	40.0	19.6114663042985	-1.105023965819949	-1441.2513252805272
827.0	40.0	19.612938530400065	-1.1068023529027198	-1440.7290838055917
828.0	40.0	19.61439927008827	-1.1085897934344395	-1440.2068441402014
829.0	40.0	19.615857522612238	-1.11027518253521	-1439.6847333385438
830.0	40.0	19.617322356844973	-1.1120711468158664	-1439.1627257786593
831.0	40.0	19.618786079391224	-1.1139867282890235	-1438.640849663519
832.0	40.0	19.620240352143824	-1.1158395476084593	-1438.1196571894702
833.0	40.0	19.621694410607375	-1.1179579935622201	-1437.5982716137792
834.0	40.0	19.6231504237531	-1.1199959755037776	-1437.0767425280944
835.0	40.0	19.62460725623578	-1.1220862785397787	-1436.5559656210153
836.0	40.0	19.62605731332867	-1.1242023015603817	-1436.0348826521217
837.0	40.0	19.627502639221223	-1.1263177644333509	-1435.5140181799934
838.0	40.0	19.62895949137314	-1.128468432444352	-1434.9938420478998
839.0	40.0	19.630402527340284	-1.1304822510520511	-1434.4728526812332
840.0	40.0	19.631844962495855	-1.132690878319289	-1433.9530678967708
841.0	40.0	19.633283003501703	-1.1346559587592069	-1433.4328463585803
842.0	40.0	19.634734284874373	-1.1369588376159285	-1432.913264152648
843.0	40.0	19.636172284850772	-1.1389107721258325	-1432.3934644468195
844.0	40.0	19.637605580586662	-1.141145244670204	-1431.8735287732309
845.0	40.0	19.639037258622324	-1.1432152211782327	-1431.35428434098
846.0	40.0	19.640483340361666	-1.1454481015186642	-1430.8349358375074
847.0	40.0	19.641912182613048	-1.1474895247672323	-1430.3155017044144
848.0	40.0	19.643339112784673	-1.149626448621912	-1429.7966519273455
849.0	40.0	19.64477468246544	-1.1517675245785286	-1429.27755175302
850.0	40.0	19.646204133815647	-1.1539364460717547	-1428.75916260134
851.0	40.0	19.64762565678288	-1.1557309186335771	-1428.2404048027747
852.0	40.0	19.649048199118237	-1.1583099458633412	-1427.7218251501733
853.0	40.0	19.650474597222296	-1.1603852066602953	-1427.2039325148692
854.0	40.0	19.65189771934994	-1.162573654134708	-1426.6849830454537
855.0	40.0	19.653314555325842	-1.1647695087561096	-1426.1673645023961
856.0	40.0	19.65473653224391	-1.166919640605286	-1425.6492556372375
857.0	40.0	19.656147648962847	-1.1691275713802822	-1425.131546232345
858.0	40.0	19.657565676890258	-1.17100905990622	-1424.6138023595122
859.0	40.0	19.658973807600354	-1.173755615164255	-1424.0963217161882
860.0	40.0	19.660388746337983	-1.1760976160504084	-1423.578407113612
861.0	40.0	19.66179364867226	-1.1783395977688038	-1423.0611395804224
862.0	40.0	19.66320476350402	-1.1808681266248022	-1422.5442108449058
863.0	40.0	19.66460586249624	-1.1830848315869005	-1422.0267643850166
864.0	40.0	19.66601401279086	-1.185017463545992	-1421.5095247683646
865.0	40.0	19.66741442665545	-1.1878560612564144	-1420.9921474603489
866.0	40.0	19.668816400011654	-1.1901600244727488	-1420.4758410487163
867.0	40.0	19.67021892538797	-1.1924815967652074	-1419.9591309525472
868.0	40.0	19.671614516276122	-1.1948483024431662	-1419.4423073589714
869.0	40.0	19.673005736520974	-1.1967822458300634	-1418.925217930744
870.0	40.0	19.6744016241116	-1.1995720514609185	-1418.4090861570135
871.0	40.0	19.67579900712933	-1.2019780150640376	-1417.8921752081865
872.0	40.0	19.67718589149085	-1.2041904484113577	-1417.3758572571803
873.0	40.0	19.678568917657444	-1.2062034365332666	-1416.859582927156
874.0	40.0	19.679968096756507	-1.209017746422066	-1416.3428002268176
875.0	40.0	19.68134892838254	-1.2114089929601861	-1415.826761463826
876.0	40.0	19.682728368914326	-1.2132195277548024	-1415.310904438827
877.0	40.0	19.684115971661743	-1.2161100231059943	-1414.7946613763424
878.0	40.0	19.685498240614706	-1.2185750651847058	-1414.2786242244426
879.0	40.0	19.686871850290586	-1.2207012195300295	-1413.7625387311018
880.0	40.0	19.688246403028735	-1.222986797816725	-1413.2462407759735
881.0	40.0	19.68962596022455	-1.225488813835212	-1412.7301981350545
882.0	40.0	19.691000803438893	-1.2280719407609513	-1412.2141762651192
883.0	40.0	19.692370112745678	-1.2299663932124343	-1411.6986689286375
884.0	40.0	19.693743785667134	-1.232773814536159	-1411.1823409466963
885.0	40.0	19.695107584669266	-1.2351657116718897	-1410.6664500124475
886.0	40.0	19.696478391383803	-1.2371358452848613	-1410.1504072853654
887.0	40.0	19.697838655783332	-1.2400327339857429	-1409.6348991543614
888.0	40.0	19.699204837708848	-1.2419123859915713	-1409.119047386873
889.0	40.0	19.70057037697822	-1.2448353068970162	-1408.6029260187904
890.0	40.0	19.701926244315153	-1.2472416380106959	-1408.0871584321446
891.0	40.0	19.70328682946444	-1.2491768295957333	-1407.5712327060623
892.0	40.0	19.704641557590573	-1.2520313581272384	-1407.0551286317914
893.0	40.0	19.70599769166439	-1.2540473091625983	-1406.539378272394
894.0	40.0	19.707354130228573	-1.2569129836936703	-1406.0234891499929
895.0	40.0	19.708703496364148	-1.258985128369304	-1405.5075823798807
896.0	40.0	19.710048089074895	-1.2619102061647764	-1404.9916187896706
897.0	40.0	19.71140023796377	-1.264338441995905	-1404.4752271368127
898.0	40.0	19.71275030854591	-1.2665857449926923	-1403.9591575206537
899.0	40.0	19.714090554745113	-1.2693358823309042	-1403.4431114077295
900.0	40.0	19.715431406294098	-1.271511166336061	-1402.9272761279235
901.0	40.0	19.71678165579793	-1.274410143622306	-1402.4110435003238
902.0	40.0	19.718116365741462	-1.2765151741196912	-1401.8945904734453
903.0	40.0	19.719452250242604	-1.27941144890573	-1401.3782631261188
904.0	40.0	19.720791482273203	-1.2814337697613545	-1400.862085011165
905.0	40.0	19.722127859717055	-1.2844731910121838	-1400.3456652917655
906.0	40.0	19.723458234690007	-1.2866138093993542	-1399.8294773779746
907.0	40.0	19.724784573787986	-1.2891509259241534	-1399.3128134310973
908.0	40.0	19.726123130500174	-1.2920640408844453	-1398.7961754189691
909.0	40.0	19.727449707254415	-1.294118628167536	-1398.2798373022563
910.0	40.0	19.728770889676863	-1.2971419335072758	-1397.7628283410222
911.0	40.0	19.73009808797874	-1.2993167866793216	-1397.2465229970153
912.0	40.0	19.73142488700804	-1.30215220728536	-1396.7297900587207
913.0	40.0	19.732741331796753	-1.3043906484594823	-1396.2125742128335
914.0	40.0	19.734064841801374	-1.3069784215003828	-1395.6958061162188
915.0	40.0	19.735380294770387	-1.3098348600496257	-1395.1786824881233
916.0	40.0	19.73669801534602	-1.3121285391908317	-1394.6615251159756
917.0	40.0	19.73801840557266	-1.3145814434121252	-1394.1448410863075
918.0	40.0	19.739326591132663	-1.3176399579620575	-1393.6274525683684
919.0	40.0	19.740638916565725	-1.3197553771465877	-1393.1105126808711
920.0	40.0	19.741954150929917	-1.3224104427163577	-1392.5929458076453
921.0	40.0	19.743257905590287	-1.3253376889028512	-1392.0751860976297
922.0	40.0	19.74456009959259	-1.3276074368321586	-1391.5579586232243
923.0	40.0	19.745868000285366	-1.330080621233563	-1391.0404883059648
924.0	40.0	19.74717460860103	-1.3330650202392555	-1390.5221089056124
925.0	40.0	19.74847071081524	-1.3354332482614497	-1390.0048199638763
926.0	40.0	19.749768382819024	-1.3379021879797575	-1389.4871504134742
927.0	40.0	19.751075541657567	-1.3405724862283974	-1388.9684517470878
928.0	40.0	19.75236789793197	-1.343681179699973	-1388.45065160473
929.0	40.0	19.75366047089794	-1.345754619323761	-1387.932456441311
930.0	40.0	19.75496341005817	-1.3485351554891312	-1387.4141347689024
931.0	40.0	19.756252536780003	-1.351067748774415	-1386.89575616092
932.0	40.0	19.757538540901233	-1.3541773587110517	-1386.3773105375628
933.0	40.0	19.75883075017813	-1.3563491703511272	-1385.8590840709328
934.0	40.0	19.760120453787614	-1.3590148702328606	-1385.3400747770647
935.0	40.0	19.761401857261518	-1.36169882494269	-1384.8210342451437
936.0	40.0	19.762689483432887	-1.3643741349765757	-1384.3028550579763
937.0	40.0	19.763974728262337	-1.367412868459002	-1383.7831458134945
938.0	40.0	19.765251054281254	-1.3696394374780188	-1383.263908478623
939.0	40.0	19.766533347185362	-1.3723983717653225	-1382.7449072791444
940.0	40.0	19.767809345486555	-1.3750143236855246	-1382.2255031039776
941.0	40.0	19.769085640302837	-1.3776715338767884	-1381.7061467932258
942.0	40.0	19.77036536895722	-1.3803949482411855	-1381.187024333832
943.0	40.0	19.771634072028665	-1.3833042428225286	-1380.6674164655426
944.0	40.0	19.772907089893245	-1.3859511935719588	-1380.1473846688548
945.0	40.0	19.774182271027563	-1.3893080341587662	-1379.6278058982684
946.0	40.0	19.775445303297147	-1.3930122679961932	-1379.1082096336693
947.0	40.0	19.776707507849256	-1.3958009456577252	-1378.58805804795
948.0	40.0	19.777984832309684	-1.398960700572851	-1378.067971306937
949.0	40.0	19.779244327408072	-1.4023034734165576	-1377.5479217095367
950.0	40.0	19.78050355958231	-1.4054869671599262	-1377.0274279756352
951.0	40.0	19.781772832380504	-1.4088220989082203	-1376.507354981888
952.0	40.0	19.783027729567262	-1.4119906409402614	-1375.9866618871652
953.0	40.0	19.784282793198212	-1.4153183897335189	-1375.4662191778395
954.0	40.0	19.78554314910729	-1.4186431626776312	-1374.9457244225798
955.0	40.0	19.786799344521288	-1.4219382276876094	-1374.4244728417652
956.0	40.0	19.788050335170553	-1.425144945955596	-1373.9040846691287
957.0	40.0	19.789304534453436	-1.4285473300460192	-1373.3835439079896
958.0	40.0	19.790556452841297	-1.4317690766745552	-1372.8621394741972
959.0	40.0	19.791803063165652	-1.4347816815701246	-1372.3414336359158
960.0	40.0	19.793053743884876	-1.4385061624793973	-1371.820345872696
961.0	40.0	19.794302905746985	-1.441784202663193	-1371.2992348779107
962.0	40.0	19.795542646375196	-1.4451886352085743	-1370.7774705634067
963.0	40.0	19.796789521830785	-1.4485462978618548	-1370.2563054126013
964.0	40.0	19.7980282742758	-1.4518850785099155	-1369.7346713341985
965.0	40.0	19.7992707468064	-1.4552549375997645	-1369.213254726245
966.0	40.0	19.800511448827017	-1.458524818555156	-1368.6917223639489
967.0	40.0	19.801746999661173	-1.4619779394281145	-1368.1700691753472
968.0	40.0	19.802984658583874	-1.4651637050035884	-1367.648317334469
969.0	40.0	19.804224417632923	-1.4687022441222062	-1367.126530373843
970.0	40.0	19.80545308576407	-1.4724368799877947	-1366.6043564603308
971.0	40.0	19.806685842675126	-1.4762855288276244	-1366.0831640342708
972.0	40.0	19.80792225120626	-1.4803315547574472	-1365.5609123142674
973.0	40.0	19.809146875473573	-1.483929396063398	-1365.038948896712
974.0	40.0	19.810372249964463	-1.4879834754628882	-1364.5169525610668
975.0	40.0	19.8116081061239	-1.4921660298348702	-1363.9948177797996
976.0	40.0	19.81282876265306	-1.4961313356993806	-1363.4725967538925
977.0	40.0	19.814049439492845	-1.4998154584946772	-1362.9505931397082
978.0	40.0	19.815281421098042	-1.5040965505930992	-1362.4285985785293
979.0	40.0	19.81649693425505	-1.508166124213336	-1361.9062619019967
980.0	40.0	19.817714639979418	-1.5118966376532683	-1361.3841217096272
981.0	40.0	19.81894288663888	-1.5164796636251763	-1360.8613971206614
982.0	40.0	19.82015685941063	-1.5207959336145196	-1360.3392560519253
983.0	40.0	19.821367447016364	-1.5245388813545373	-1359.816763784073
984.0	40.0	19.82259200561364	-1.5291189770477218	-1359.2946727783026
985.0	40.0	19.823802220213484	-1.5334205527588451	-1358.7722613548146
986.0	40.0	19.82500959273177	-1.5372232771654817	-1358.2497043908766
987.0	40.0	19.82622347494817	-1.5420014902383399	-1357.727143588953
988.0	40.0	19.82743598230184	-1.5458239474174607	-1357.2049905655947
989.0	40.0	19.828648092798645	-1.5503402406478082	-1356.6826768046838
990.0	40.0	19.82985206249477	-1.5544093132589614	-1356.1598342070768
991.0	40.0	19.831059111430577	-1.5591009451605469	-1355.637352404515
992.0	40.0	19.83226626423785	-1.5634661498341127	-1355.1145852194202
993.0	40.0	19.833468310987698	-1.5673434134037605	-1354.5924466208446
994.0	40.0	19.83467032092995	-1.5722681866086277	-1354.0696027671447
995.0	40.0	19.835877193026672	-1.576279495368977	-1353.54691511902
996.0	40.0	19.83707264606616	-1.5808203128341687	-1353.0241473626777
997.0	40.0	19.83827190645887	-1.5855039809869556	-1352.5014183984401
998.0	40.0	19.83947451299592	-1.5898770178919757	-1351.9788648613767
999.0	40.0	19.840665393726777	-1.5945834026095358	-1351.4562241774836
1000.0	40.0	19.841861443796134	-1.5988225487249659	-1350.93324954742
1001.0	40.0	19.843060838553352	-1.6037314655298252	-1350.410436874284
1002.0	40.0	19.844249300012862	-1.608470624114346	-1349.8873878220538
1003.0	40.0	19.845438680876406	-1.613306834770396	-1349.3642278695577
1004.0	40.0	19.846637731205142	-1.618359876623863	-1348.8414229859104
1005.0	40.0	19.84782239542975	-1.6235061870184724	-1348.318697124893
1006.0	40.0	19.84900846011162	-1.6282912068826982	-1347.7962946603564
1007.0	40.0	19.85020463395145	-1.6337313735701355	-1347.2729650339388
1008.0	40.0	19.851389145242333	-1.638499051355947	-1346.74982492958
1009.0	40.0	19.85257649562939	-1.6438542495560995	-1346.2268926630813
1010.0	40.0	19.853761065679464	-1.6491971195647195	-1345.7038065403062
1011.0	40.0	19.854941716095404	-1.6543694536482565	-1345.180429125023
1012.0	40.0	19.856127314199004	-1.6597734973581972	-1344.657760119562
1013.0	40.0	19.85730811543494	-1.665288656715047	-1344.1344311729845
1014.0	40.0	19.8584856943787	-1.6705492371730701	-1343.6111215853286
1015.0	40.0	19.859667203356643	-1.675979959500686	-1343.087859801316
1016.0	40.0	19.86084837858818	-1.681189317935488	-1342.564574240376
1017.0	40.0	19.862020533153206	-1.686989467041372	-1342.0416423975432
1018.0	40.0	19.86319892699199	-1.692310328134185	-1341.5179938089366
1019.0	40.0	19.86437772871616	-1.6978483874274624	-1340.994703849999
1020.0	40.0	19.865546524225525	-1.7034151998568945	-1340.4709458878533
1021.0	40.0	19.866725007142733	-1.7086210625484668	-1339.9475364924403
1022.0	40.0	19.867897371634566	-1.714326983664922	-1339.4240077000436
1023.0	40.0	19.86907115392607	-1.7200878342275292	-1338.9000898873855
1024.0	40.0	19.87023762723393	-1.7250938378327612	-1338.3769690374656
1025.0	40.0	19.871408173686834	-1.7312788277939353	-1337.8532042309794
1026.0	40.0	19.872579516402816	-1.7366786072809908	-1337.3289920623233
1027.0	40.0	19.87374529800761	-1.7421669155846677	-1336.8052173465892
1028.0	40.0	19.874911637354092	-1.7478495568652221	-1336.281127736071
1029.0	40.0	19.87608244375223	-1.7532032989685673	-1335.7577988956052
1030.0	40.0	19.877241967166057	-1.7594017632644463	-1335.2335060975818
1031.0	40.0	19.87840623432917	-1.7647418738231833	-1334.7092535772176
1032.0	40.0	19.879574929612225	-1.7704905925769312	-1334.184848759703
1033.0	40.0	19.880731685232558	-1.7760787399608706	-1333.6605958517814
1034.0	40.0	19.881904316872202	-1.7819433764833528	-1333.136484805164
1035.0	40.0	19.883059644660754	-1.7880818084177406	-1332.6119136000677
1036.0	40.0	19.884213902761683	-1.7946975554359557	-1332.0871808053341
1037.0	40.0	19.885383808742514	-1.8005430705652663	-1331.5624088938202
1038.0	40.0	19.886536404458518	-1.8068606385102801	-1331.037752759064
1039.0	40.0	19.887690759741748	-1.8129823786619268	-1330.512751838293
1040.0	40.0	19.888856861754586	-1.8192738985453143	-1329.9877652467862
1041.0	40.0	19.890006521497842	-1.8256259279018665	-1329.4629297903205
1042.0	40.0	19.891158221498888	-1.831802658599097	-1328.9378842709846
1043.0	40.0	19.892321340847115	-1.8378283214050106	-1328.4120382022695
1044.0	40.0	19.893469228095665	-1.84453919719185	-1327.8868421642974
1045.0	40.0	19.894626922861335	-1.8509400442968102	-1327.361163700251
1046.0	40.0	19.895779797247165	-1.8573693584144444	-1326.8359007588413
1047.0	40.0	19.896927166899985	-1.8639039118678034	-1326.3100388925009
1048.0	40.0	19.898080782407856	-1.8700398910553149	-1325.7840475801227
1049.0	40.0	19.899230645452285	-1.8768867164345033	-1325.2586943458534
1050.0	40.0	19.90037682246108	-1.8830862893364742	-1324.7320413068292
1051.0	40.0	19.901528385602436	-1.8900018523802875	-1324.2051705788856
1052.0	40.0	19.902678935028952	-1.8964629896247338	-1323.6798031356573
1053.0	40.0	19.90382051191572	-1.9027967576356815	-1323.152956463698
1054.0	40.0	19.904969393456643	-1.909657226528684	-1322.626083014924
1055.0	40.0	19.906118030275685	-1.9160071945203385	-1322.0997730577578
1056.0	40.0	19.907265187730754	-1.9227745978430861	-1321.5723149532778
1057.0	40.0	19.908404192240912	-1.9298552070472688	-1321.0449403422895
1058.0	40.0	19.909551325620008	-1.9361130426077413	-1320.5177946385008
1059.0	40.0	19.91069672340477	-1.9430595230985244	-1319.9902178816237
1060.0	40.0	19.911836041000008	-1.94983146665044	-1319.4625813624461
1061.0	40.0	19.912978216174185	-1.956819669644207	-1318.9349555379013
1062.0	40.0	19.914123064170383	-1.9635959378237802	-1318.4071411842915
1063.0	40.0	19.91526091623807	-1.9703810821333454	-1317.8790756258586
1064.0	40.0	19.916400337819315	-1.977201302114123	-1317.3501171946405
1065.0	40.0	19.91754601101226	-1.9840972940539292	-1316.8217893583424
1066.0	40.0	19.918678785697878	-1.9910595299740936	-1316.2934127085969
1067.0	40.0	19.919825310459935	-1.998029922329222	-1315.7647007585224
1068.0	40.0	19.920960546122377	-2.00502977911292	-1315.2357527172635
1069.0	40.0	19.922092252383766	-2.0120961109523097	-1314.7066973148292
1070.0	40.0	19.923237080341497	-2.0189447599046533	-1314.1771928542325
1071.0	40.0	19.92437070862991	-2.026135819533645	-1313.6478202906962
1072.0	40.0	19.925501146340107	-2.0330237326830574	-1313.1182043601157
1073.0	40.0	19.926646882989978	-2.040264071298988	-1312.588045110166
1074.0	40.0	19.92777540725269	-2.0475102339576527	-1312.0579721776844
1075.0	40.0	19.928904931441966	-2.0543968214645827	-1311.5275215144939
1076.0	40.0	19.930049639461064	-2.0618840423709703	-1310.9975153702744
1077.0	40.0	19.931177194875715	-2.0691967002505676	-1310.4666794431014
1078.0	40.0	19.932305808697446	-2.0762831749329558	-1309.935531050373
1079.0	40.0	19.933447703787586	-2.0838517427559586	-1309.404399244301
1080.0	40.0	19.934574593993815	-2.091242517857325	-1308.873007413126
1081.0	40.0	19.935709737454435	-2.09870281451479	-1308.341142163799
1082.0	40.0	19.93684183942979	-2.106078476068388	-1307.8096464393561
1083.0	40.0	19.93796669051445	-2.1133530400670533	-1307.277125438694
1084.0	40.0	19.939102092052917	-2.121287391901427	-1306.7448015694629
1085.0	40.0	19.940231942906532	-2.128632335435039	-1306.2125491185982
1086.0	40.0	19.941358772388757	-2.135907360566317	-1305.6795669256226
1087.0	40.0	19.942489821683854	-2.1436265245163026	-1305.146416144312
1088.0	40.0	19.943618537577763	-2.1514169933616936	-1304.6134280242918
1089.0	40.0	19.94474400934239	-2.158698462611911	-1304.0799190803425
1090.0	40.0	19.945874553434635	-2.1663405163688223	-1303.5460806603164
1091.0	40.0	19.94700512251544	-2.1739100509868026	-1303.012372961051
1092.0	40.0	19.94813534101412	-2.1817008119152543	-1302.4777882756252
1093.0	40.0	19.949256841457036	-2.18957353726335	-1301.9435142910065
1094.0	40.0	19.950385364614238	-2.1976466650652	-1301.408702573003
1095.0	40.0	19.9515147422472	-2.2057135493613975	-1300.8738275383212
1096.0	40.0	19.95264133367522	-2.213579922980572	-1300.338621158953
1097.0	40.0	19.953763711549957	-2.2219848031266785	-1299.8028473449992
1098.0	40.0	19.954892414142222	-2.2299424092361324	-1299.2673241056195
1099.0	40.0	19.95601997799236	-2.23809332939294	-1298.7309959953684
1100.0	40.0	19.957138934655028	-2.2462060433778586	-1298.1952053506802
1101.0	40.0	19.9582667285	-2.2547477403622276	-1297.6588444877784
1102.0	40.0	19.95939338246843	-2.2624964961968423	-1297.122159172407
1103.0	40.0	19.96052067921256	-2.2710707427028622	-1296.5850508201402
1104.0	40.0	19.961638908646552	-2.279066810148413	-1296.0478095157341
1105.0	40.0	19.96276510416391	-2.287351117951135	-1295.510845547058
1106.0	40.0	19.963891392891934	-2.295858649023743	-1294.9726850395548
1107.0	40.0	19.965011494901617	-2.3041443138992386	-1294.4348800924001
1108.0	40.0	19.96613583125415	-2.3127189862545685	-1293.8969008634547
1109.0	40.0	19.967260947948578	-2.321445724845704	-1293.3584473996548
1110.0	40.0	19.96838041115631	-2.329619986815065	-1292.8195730567172
1111.0	40.0	19.969503505423166	-2.338299365550472	-1292.2807965233062
1112.0	40.0	19.97062841637826	-2.346877049416481	-1291.7421056165947
1113.0	40.0	19.971746749207114	-2.3554968621305847	-1291.2026276006218
1114.0	40.0	19.972869585658874	-2.363880487779512	-1290.6632371705814
1115.0	40.0	19.973995966608488	-2.3728493527500545	-1290.1235860838838
1116.0	40.0	19.97511239288699	-2.381141108549406	-1289.583313628896
1117.0	40.0	19.976241986868096	-2.3902048555239044	-1289.0430248080922
1118.0	40.0	19.977360767402192	-2.3989381354223256	-1288.5025217560114
1119.0	40.0	19.978476202481524	-2.407456130990484	-1287.96176876396
1120.0	40.0	19.97960647731999	-2.4164932277645135	-1287.4214844816374
1121.0	40.0	19.980723197171486	-2.424937036097712	-1286.8802396894475
1122.0	40.0	19.98183895825608	-2.4340917164765887	-1286.3386956594632
1123.0	40.0	19.982971066657367	-2.442689152781315	-1285.7974003180161
1124.0	40.0	19.98408637101664	-2.4516388162319545	-1285.2552773427858
1125.0	40.0	19.985201786096706	-2.4603229570752707	-1284.7136658681618
1126.0	40.0	19.9863323905786	-2.469125306429855	-1284.1713934656168
1127.0	40.0	19.987447859346556	-2.4781419239262403	-1283.6289224772293
1128.0	40.0	19.98856232417976	-2.486933161813559	-1283.0863981537016
1129.0	40.0	19.989693476073	-2.4959964506412464	-1282.543796378124
1130.0	40.0	19.9908079813864	-2.5048093247151266	-1282.000670000798
1131.0	40.0	19.991923595600433	-2.513571341574757	-1281.4573833286508
1132.0	40.0	19.993054551649884	-2.5225029911902257	-1280.913645644975
1133.0	40.0	19.994169166853055	-2.5311380586861247	-1280.3701937013652
1134.0	40.0	19.995295149400818	-2.5403779440242644	-1279.8259668478718
1135.0	40.0	19.996415752030554	-2.549415847206146	-1279.282157204152
1136.0	40.0	19.997530120871385	-2.558155182371348	-1278.7374913402607
1137.0	40.0	19.99865544861602	-2.5672151942167947	-1278.1932203627307
1138.0	40.0	19.999775945532313	-2.57585352375323	-1277.6481198878005
1139.0	40.0	20.000890452571337	-2.5850058065486636	-1277.1027590853696
1140.0	40.0	20.00201629614434	-2.5941039528034806	-1276.5580105052109
1141.0	40.0	20.003137491421413	-2.602857176065528	-1276.0130412340388
1142.0	40.0	20.00425148960482	-2.611906759776513	-1275.4671589244433
1143.0	40.0	20.00537691013275	-2.620748181850276	-1274.9207249808458
1144.0	40.0	20.006497622716402	-2.62991205866749	-1274.3747549850855
1145.0	40.0	20.00761490864162	-2.6386117481245726	-1273.8287759664595
1146.0	40.0	20.00873848746198	-2.6477020584869755	-1273.281806522564
1147.0	40.0	20.009859850743013	-2.656767188805238	-1272.735665610464
1148.0	40.0	20.01097737853998	-2.665818958649458	-1272.1886222168937
1149.0	40.0	20.012100536894998	-2.6746714731299224	-1271.6411209670466
1150.0	40.0	20.013222623353546	-2.6842123957430704	-1271.094062917245
1151.0	40.0	20.014340115493855	-2.6927252058910414	-1270.546586869493
1152.0	40.0	20.015464701042923	-2.7021173425642986	-1269.9984011579913
1153.0	40.0	20.01658683019766	-2.711090252216517	-1269.4505202998007
1154.0	40.0	20.01770390325378	-2.7204344356997443	-1268.901862595664
1155.0	40.0	20.018828855084895	-2.729695874030508	-1268.3532500730948
1156.0	40.0	20.019952347412865	-2.738714887653245	-1267.804353657062
1157.0	40.0	20.02107002002524	-2.748054445681321	-1267.2554473251291
1158.0	40.0	20.022194281382856	-2.757452752234639	-1266.706182791095
1159.0	40.0	20.02331857201527	-2.766844602584164	-1266.1570295884198
1160.0	40.0	20.024444564691958	-2.775976042802185	-1265.607658865202
1161.0	40.0	20.025561784683305	-2.7856518395654026	-1265.0573065687095
1162.0	40.0	20.026685903678803	-2.7951150920296866	-1264.5069125631308
1163.0	40.0	20.027812413016363	-2.804350799915218	-1263.9565399046828
1164.0	40.0	20.028930400051387	-2.813745432064374	-1263.4060408294426
1165.0	40.0	20.03005555302734	-2.823423502509678	-1262.855030754952
1166.0	40.0	20.031181879799643	-2.8330357529406363	-1262.303348123612
1167.0	40.0	20.032299805777644	-2.842165730892148	-1261.752248812461
1168.0	40.0	20.03342697747234	-2.8520679394807362	-1261.2005688425197
1169.0	40.0	20.034553625405135	-2.861267083407697	-1260.6484976535082
1170.0	40.0	20.035673027039635	-2.871082187926429	-1260.0964395322026
1171.0	40.0	20.036800217905082	-2.880628689519254	-1259.5439544271396
1172.0	40.0	20.037927896004256	-2.8901922248421386	-1258.9907863790509
1173.0	40.0	20.039049461144625	-2.8997599350492966	-1258.4380488734064
1174.0	40.0	20.040176393913292	-2.9093605071903514	-1257.8850869206879
1175.0	40.0	20.041303559655976	-2.9191002916589217	-1257.3312282670274
1176.0	40.0	20.0424272471521	-2.9287156625265096	-1256.7771827134907
1177.0	40.0	20.043552817424402	-2.938352240936988	-1256.2239724389717
1178.0	40.0	20.04468163563869	-2.948295548272858	-1255.6688627167557
1179.0	40.0	20.045806113926925	-2.957787460408749	-1255.1143877476668
1180.0	40.0	20.046933649758643	-2.9675028367836735	-1254.5599840923755
1181.0	40.0	20.048063650835182	-2.9776787347179168	-1254.0045029968721
1182.0	40.0	20.049188569362393	-2.9876076334009523	-1253.4485124669825
1183.0	40.0	20.050315716137153	-2.9979345131119643	-1252.8933839401263
1184.0	40.0	20.051447783958164	-3.0081589684190764	-1252.3370166819227
1185.0	40.0	20.052572875886483	-3.018476400255967	-1251.7804901426389
1186.0	40.0	20.053696649236677	-3.029288041747145	-1251.2243549300704
1187.0	40.0	20.05483424401633	-3.0399004567585237	-1250.6669134981908
1188.0	40.0	20.05596105790701	-3.0504327235674027	-1250.1101792654815
1189.0	40.0	20.057085148344605	-3.061383242793115	-1249.5519154396404
1190.0	40.0	20.058224380935926	-3.072075822875492	-1248.9946716932745
1191.0	40.0	20.059350483904673	-3.082896633688688	-1248.435745857129
1192.0	40.0	20.06047769109173	-3.093917335738329	-1247.8773196912719
1193.0	40.0	20.06160876866073	-3.104688024479509	-1247.31840693292
1194.0	40.0	20.06274526758594	-3.115783334707791	-1246.7587501084588
1195.0	40.0	20.06387248433149	-3.1266937914471065	-1246.1995793144351
1196.0	40.0	20.065005723297013	-3.137559457682228	-1245.6392513310059
1197.0	40.0	20.06614353681947	-3.1488992747789317	-1245.078947549811
1198.0	40.0	20.06727160292657	-3.159685061116915	-1244.5179825044663
1199.0	40.0	20.068405968018446	-3.1709007812302663	-1243.9574638436368
1200.0	40.0	20.06954500280403	-3.181795582398503	-1243.395412902521
1201.0	40.0	20.07067410383665	-3.193153472904441	-1242.8335956011542
1202.0	40.0	20.07180889641589	-3.20420952057121	-1242.2717191171516
1203.0	40.0	20.072949519575232	-3.215339898341005	-1241.7087433568583
1204.0	40.0	20.074080519595736	-3.2266494924639924	-1241.1458685176574
1205.0	40.0	20.075211144498006	-3.238312188552354	-1240.583164099894
1206.0	40.0	20.076357900993827	-3.2497269688851427	-1240.0188651490444
1207.0	40.0	20.077490713870464	-3.261530287039725	-1239.4542637919592
1208.0	40.0	20.07862351816675	-3.272942636288864	-1238.890182983642
1209.0	40.0	20.079771926682554	-3.2845924321136453	-1238.324712854393
1210.0	40.0	20.08090475829112	-3.296159391907766	-1237.7597289543005
1211.0	40.0	20.082039037604027	-3.3077564669517208	-1237.193948756644
1212.0	40.0	20.08318819228358	-3.319475022132272	-1236.6275267651424
1213.0	40.0	20.084323758115943	-3.331367586964369	-1236.060790942672
1214.0	40.0	20.08545923502072	-3.3429760518086273	-1235.493952932415
1215.0	40.0	20.08660255078173	-3.354645272045119	-1234.9264255863588
1216.0	40.0	20.087746508500754	-3.366795329719867	-1234.3585904469408
1217.0	40.0	20.088883853796997	-3.378365765829642	-1233.7905890608179
1218.0	40.0	20.090023240475457	-3.390063290209531	-1233.2213762364718
1219.0	40.0	20.09117502763365	-3.402077650665062	-1232.652337347954
1220.0	40.0	20.092313531977155	-3.413778459338203	-1232.0826000227876
1221.0	40.0	20.093454084458898	-3.425811803826094	-1231.5126053885908
1222.0	40.0	20.094608327490064	-3.4378987765070623	-1230.9422292853446
1223.0	40.0	20.09574780488288	-3.4495559909186704	-1230.3713937236155
1224.0	40.0	20.096890385203054	-3.4616337166773534	-1229.7999525095702
1225.0	40.0	20.098045527791655	-3.4737725671451085	-1229.2282593869459
1226.0	40.0	20.0991875109946	-3.48565926493881	-1228.6558657398027
1227.0	40.0	20.100332286158306	-3.497759384433005	-1228.0834648832267
1228.0	40.0	20.1014753562618	-3.509624369588058	-1227.509975939652
1229.0	40.0	20.102632552785938	-3.52165786904339	-1226.9370456375143
1230.0	40.0	20.10377627007935	-3.5337727518265014	-1226.3629516450196
1231.0	40.0	20.104924128217487	-3.5456660881685353	-1225.7882960564739
1232.0	40.0	20.106083344944366	-3.557806289611208	-1225.2138149208072
1233.0	40.0	20.10722903056098	-3.569915498585083	-1224.638802166673
1234.0	40.0	20.108377627348084	-3.5821044317229935	-1224.0625285958117
1235.0	40.0	20.109532970166946	-3.59395197575322	-1223.4869110376503
1236.0	40.0	20.110686817915674	-3.6060011253188873	-1222.9101922504715
1237.0	40.0	20.11183800559465	-3.6178990668749123	-1222.3337633725507
1238.0	40.0	20.112987295494197	-3.6298635246408772	-1221.7559698690843
1239.0	40.0	20.11415029357772	-3.6415204625810857	-1221.1779588246318
1240.0	40.0	20.115303738797053	-3.653351111842675	-1220.6001853812115
1241.0	40.0	20.116454516340422	-3.665122221540168	-1220.0217554842911
1242.0	40.0	20.117614987557655	-3.6767019658502016	-1219.4428714329213
1243.0	40.0	20.118773179087533	-3.6880981009836695	-1218.8635416797877
1244.0	40.0	20.119928073852293	-3.69968373718258	-1218.2843681629158
1245.0	40.0	20.12109040001491	-3.71117607990214	-1217.7040241956047
1246.0	40.0	20.12225117135038	-3.7224119597616494	-1217.1238768147948
1247.0	40.0	20.12340914601573	-3.7338170289469694	-1216.5428559001873
1248.0	40.0	20.1245652145908	-3.745031554044387	-1215.9618498928232
1249.0	40.5	19.91708929289351	-3.754711854665277	-1215.379860505914
1250.0	40.5	19.918216632077947	-3.766345085112835	-1214.7983891095066
1251.0	40.5	19.91933558140322	-3.7776310916697753	-1214.2161688417746
1252.0	40.5	19.920460711182617	-3.789425448206252	-1213.6338367217595
1253.0	40.5	19.921589515254162	-3.800796287015522	-1213.0506444641421
1254.0	40.5	19.92271157634803	-3.812177752673408	-1212.4676222478777
1255.0	40.5	19.92383181553451	-3.823707242040144	-1211.8838840280364
1256.0	40.5	19.92496141418869	-3.8349393920605754	-1211.3000297816247
1257.0	40.5	19.92609450696908	-3.846164958134047	-1210.7155384755665
1258.0	40.5	19.92721843138595	-3.8573812978255764	-1210.1310719164815
1259.0	40.5	19.92834864952489	-3.8684390994903732	-1209.5465030109008
1260.0	40.5	19.929484212060007	-3.8793661186178836	-1208.9607103235523
1261.0	40.5	19.930610671041336	-3.890769545591421	-1208.3753338744839
1262.0	40.5	19.93173771973668	-3.9022156665231673	-1207.7896781621191
1263.0	40.5	19.932873457685655	-3.913914009142143	-1207.2030761924536
1264.0	40.5	19.9340105961611	-3.9253453662997555	-1206.6169485103583
1265.0	40.5	19.935139158153753	-3.93728289864009	-1206.0298265311426
1266.0	40.5	19.936276441549584	-3.949189047475379	-1205.4432404393463
1267.0	40.5	19.937414865752665	-3.9612352118315086	-1204.85518985003
1268.0	40.5	19.938546613175326	-3.973314771669651	-1204.2670853704374
1269.0	40.5	19.93967968630992	-3.9856509171669083	-1203.678960356715
1270.0	40.5	19.940820469326646	-3.9978563119875656	-1203.0897997446123
1271.0	40.5	19.941962732826408	-4.010154529573812	-1202.5013866268043
1272.0	40.5	19.943096935284508	-4.022326354457903	-1201.911611233761
1273.0	40.5	19.944235082975894	-4.034193957223607	-1201.3218827323642
1274.0	40.5	19.945384650087675	-4.046464468886252	-1200.732087825201
1275.0	40.5	19.946521382983768	-4.058292578445115	-1200.1415270647824
1276.0	40.5	19.947661844067895	-4.070214324090375	-1199.5505314658953
1277.0	40.5	19.948806128112988	-4.082193098419351	-1198.959948238745
1278.0	40.5	19.94995320343828	-4.093819701672774	-1198.3678135185626
1279.0	40.5	19.9510931163731	-4.105398221750473	-1197.776011598058
1280.0	40.5	19.952235783817194	-4.11708865801531	-1197.183845736432
1281.0	40.5	19.953391223033634	-4.128452712880192	-1196.5911741859372
1282.0	40.5	19.954532881348523	-4.1397845169064835	-1195.9980637159174
1283.0	40.5	19.955679121055713	-4.150913919729048	-1195.404504682322
1284.0	40.5	19.956823306350437	-4.162064617831756	-1194.8113750828484
1285.0	40.5	19.957981423015593	-4.172981182660891	-1194.2168992095549
1286.0	40.5	19.959128886522095	-4.183863194078492	-1193.6218769636687
1287.0	40.5	19.96027414621003	-4.194582856595591	-1193.0270002527038
1288.0	40.5	19.96142989887053	-4.205392160096452	-1192.431824702215
1289.0	40.5	19.962583337717806	-4.2157539126773	-1191.8361187949533
1290.0	40.5	19.96373360048479	-4.2260418346592	-1191.2400897900502
1291.0	40.5	19.96488284781182	-4.236431438035263	-1190.6433767721553
1292.0	40.5	19.966040575076153	-4.246494754043976	-1190.0464664291617
1293.0	40.5	19.96720007281636	-4.256404115466507	-1189.4487607135388
1294.0	40.5	19.968351533660115	-4.266403502853203	-1188.851441086455
1295.0	40.5	19.969503449906227	-4.275963531995592	-1188.2528648840566
1296.0	40.5	19.97067010797772	-4.285599771364984	-1187.6539263465925
1297.0	40.5	19.971825659396433	-4.295260972921691	-1187.0547738508346
1298.0	40.5	19.972980466927837	-4.305402848215765	-1186.4549364018662
1299.0	40.5	19.97414394443077	-4.314973485425718	-1185.8545108154594
1300.0	40.5	19.97530833178767	-4.324667567662546	-1185.2536559403381
1301.0	40.5	19.976464060858266	-4.333991692233006	-1184.6526901752566
1302.0	40.5	19.977622644651667	-4.343395199290611	-1184.0510402179082
1303.0	40.5	19.978788033946117	-4.352478931224756	-1183.4487482995933
1304.0	40.5	19.97995530739568	-4.36141417358519	-1182.8456784836494
1305.0	40.5	19.98111583721776	-4.370471059659651	-1182.2424964365541
1306.0	40.5	19.982277296612757	-4.379143185693676	-1181.63850424486
1307.0	40.5	19.98344967171523	-4.387723553346952	-1181.0338801703397
1308.0	40.5	19.984619277604573	-4.396585927957643	-1180.4284796804525
1309.0	40.5	19.985784628613096	-4.405095510298364	-1179.8230856138666
1310.0	40.5	19.986949915336762	-4.414322097055026	-1179.2166818947853
1311.0	40.5	19.988126474959696	-4.423591866897664	-1178.6096818754404
1312.0	40.5	19.989294509346525	-4.432666647784324	-1178.0022967098587
1313.0	40.5	19.990467646964003	-4.441270829512908	-1177.3939895951446
1314.0	40.5	19.99163801978334	-4.45031190716561	-1176.78502552557
1315.0	40.5	19.992818452280467	-4.458771380599385	-1176.1754346970376
1316.0	40.5	19.99399102004706	-4.467267042509781	-1175.5652903537236
1317.0	40.5	19.99516918430662	-4.475677002890888	-1174.953737163358
1318.0	40.5	19.996343038713494	-4.483718790420188	-1174.3424103310685
1319.0	40.5	19.997529528289466	-4.492039613954013	-1173.730731304947
1320.0	40.5	19.998706757950675	-4.500136869062807	-1173.1169802164452
1321.0	40.5	19.99989152952157	-4.508057229594683	-1172.503073205009
1322.0	40.5	20.00107394853406	-4.515871711314998	-1171.8887429918384
1323.0	40.5	20.00226624725587	-4.524223389509282	-1171.2731987653729
1324.0	40.5	20.0034501920473	-4.532354720604427	-1170.6573900691164
1325.0	40.5	20.004643254070622	-4.540516161604586	-1170.0406242240608
1326.0	40.5	20.005830447688755	-4.5484758198373765	-1169.4223967308894
1327.0	40.5	20.00702940057608	-4.5562218637620635	-1168.803624546768
1328.0	40.5	20.008219930347177	-4.564043926740898	-1168.1844546457646
1329.0	40.5	20.009418384554248	-4.571628236933237	-1167.5642821284218
1330.0	40.5	20.01061294813648	-4.579094435067378	-1166.9438750212355
1331.0	40.5	20.01181634763682	-4.586539517475321	-1166.3216277311562
1332.0	40.5	20.013014049068556	-4.593852706970947	-1165.6995638898231
1333.0	40.5	20.014212983163414	-4.600944549410546	-1165.0761134233028
1334.0	40.5	20.015418952341324	-4.608125601336779	-1164.4521477783937
1335.0	40.5	20.016629861480023	-4.615004199958175	-1163.8269659163734
1336.0	40.5	20.0178333911375	-4.621831682530857	-1163.2014803605675
1337.0	40.5	20.019038926441635	-4.628400196040618	-1162.5746181451905
1338.0	40.5	20.020254507046925	-4.635059682320656	-1161.9477463848566
1339.0	40.5	20.021471374736198	-4.641428915813038	-1161.3194199038262
1340.0	40.5	20.022682393603286	-4.647836770512	-1160.690581892513
1341.0	40.5	20.02389407829203	-4.653979819920456	-1160.0608854676552
1342.0	40.5	20.025108079386136	-4.660567303147489	-1159.4305503881221
1343.0	40.5	20.026336954155422	-4.66621829056776	-1158.7994327565157
1344.0	40.5	20.027556741848052	-4.6721842450694755	-1158.1678449149617
1345.0	40.5	20.02877539820642	-4.678241024046749	-1157.5347802381384
1346.0	40.5	20.02999507134879	-4.684898117106567	-1156.9022311266904
1347.0	40.5	20.031217167310892	-4.691506792488178	-1156.268151302579
1348.0	40.5	20.03245254769502	-4.698049467887472	-1155.6337812275221
1349.0	40.5	20.033677732746668	-4.704820764350183	-1154.9982220346687
1350.0	40.5	20.034906839422366	-4.711258601195824	-1154.3628903103263
1351.0	40.5	19.987213477362815	-187.67479838340827	-1150.7842374282443
1352.0	40.5	19.942551638417896	-15.317017974541782	-1147.7031796137583
1353.0	40.5	19.904742090860484	-15.84630046486388	-1145.365937416099
1354.0	40.5	19.871878474058306	-16.075602845867895	-1143.449238370763
1355.0	40.5	19.84284467214473	-16.2101844363492	-1141.7957708964725
1356.0	40.5	19.83210626202233	-6.536104853266669	-1140.8143649111098
1357.0	40.5	19.824369701586683	-4.940360394521456	-1139.9121807250062
1358.0	40.5	19.816856299112793	-4.971855170486688	-1139.0125948664497
1359.0	40.5	19.8095861350949	-4.996917317248374	-1138.1175543330146
1360.0	40.5	19.802525546487193	-5.0184803602551895	-1137.2296245458658
1361.0	40.5	19.795677735684272	-5.037812190227981	-1136.3480885004637
1362.0	40.5	19.789025178888306	-5.0557093843970975	-1135.4742346361456
1363.0	40.5	19.78257559964547	-5.072672762978426	-1134.6072761132157
1364.0	40.5	19.776298020968913	-5.088963755909674	-1133.7465501507008
1365.0	40.5	19.770199022682643	-5.104292305126713	-1132.8924581715382
1366.0	40.5	19.764260312783723	-5.1195186046797	-1132.0444766843116
1367.0	40.5	19.758491508934227	-5.1342512401197204	-1131.2022408641944
1368.0	40.5	19.752868725401996	-5.148791399368751	-1130.3655040212489
1369.0	40.5	19.747389014710674	-5.163040034179587	-1129.533936006607
1370.0	40.5	19.74205170850545	-5.177247250343504	-1128.707828031381
1371.0	40.5	19.736849687619138	-5.190723801453774	-1127.8861488373998
1372.0	40.5	19.731776704996026	-5.204200472327634	-1127.0683720102766
1373.0	40.5	19.726821648773004	-5.217773942532176	-1126.2549813788182
1374.0	40.5	19.7219939234577	-5.230866459195251	-1125.445588152357
1375.0	40.5	19.71726790190602	-5.244311352672632	-1124.6396151662825
1376.0	40.5	19.71266620700128	-5.257610128143114	-1123.8371134625947
1377.0	40.5	19.708157741465243	-5.271588084306983	-1123.037794155926
1378.0	40.5	19.703758467479997	-5.285275018262782	-1122.2419518940667
1379.0	40.5	19.699451218628262	-5.298867395651754	-1121.4478986067659
1380.0	40.5	19.69524150673649	-5.312227085082483	-1120.6569166768702
1381.0	40.5	19.691123805210587	-5.325639127770119	-1119.868447197589
1382.0	40.5	19.68709503870659	-5.338704389584521	-1119.081978263529
1383.0	40.5	19.683143331028727	-5.3520550635063655	-1118.2979407322694
1384.0	40.5	19.67928369315456	-5.365309770212525	-1117.5152525603696
1385.0	40.5	19.67549767806883	-5.378838442496793	-1116.734414923968
1386.0	40.5	19.671787908042234	-5.392495848809775	-1115.9549788888542
1387.0	40.5	19.668161918163833	-5.405986758169581	-1115.1763684576579
1388.0	40.5	19.664594107342605	-5.41986062286326	-1114.3991225253728
1389.0	40.5	19.661113312374358	-5.433676098908923	-1113.622310789623
1390.0	40.5	19.657685850764206	-5.447604160654692	-1112.8462617765645
1391.0	40.5	19.654330916981074	-5.461493754804352	-1112.0705722373368
1392.0	40.5	19.65104216668006	-5.475486343913023	-1111.2950204683657
1393.0	40.5	19.647808610707415	-5.489264090892559	-1110.5189430460257
1394.0	40.5	19.644637037159097	-5.503244447870813	-1109.7428014434304
1395.0	40.5	19.6415312504173	-5.5171453542130635	-1108.9656613977525
1396.0	40.5	19.638476238433068	-5.531129609274927	-1108.1884485533426
1397.0	40.5	19.63547748874405	-5.54514073585992	-1107.4094165199422
1398.0	40.5	19.632534811543092	-5.559233127925876	-1106.6293581195391
1399.0	40.5	19.629651840437198	-5.57366920922783	-1105.8475831946446
1400.0	40.5	19.626830914872432	-5.588036408893611	-1105.0641240020052
1401.0	40.5	19.624074525592572	-5.6023889092552634	-1104.2797493188982
1402.0	40.5	19.621387646955878	-5.616711413430649	-1103.4928206183179
1403.0	40.5	19.618772300657948	-5.630977202284166	-1102.704413306348
1404.0	40.5	19.616225145475426	-5.645398914329736	-1101.9151240794827
1405.0	40.5	19.613748688685437	-5.659825993715149	-1101.124023094453
1406.0	40.5	19.611329976310348	-5.674614505259716	-1100.3318406840938
1407.0	40.5	19.608986019049564	-5.689443879926047	-1099.537455526061
1408.0	40.5	19.60670107274412	-5.704836989257453	-1098.7411421864444
1409.0	40.5	19.60447377052615	-5.720565463659842	-1097.9434238421027
1410.0	40.5	19.60230550851766	-5.736463884783507	-1097.1432509629342
1411.0	40.5	19.600190049446255	-5.752234507327762	-1096.3410360379214
1412.0	40.5	19.598134817234186	-5.768389173666809	-1095.53658029361
1413.0	40.5	19.596134522509168	-5.784347863440058	-1094.7295943045724
1414.0	40.5	19.594177846442005	-5.800601798056089	-1093.921164767367
1415.0	40.5	19.592279813881742	-5.816658768411697	-1093.1104159946135
1416.0	40.5	19.590433889647016	-5.83298983589575	-1092.2972361434915
1417.0	40.5	19.58862841316462	-5.8496387306199145	-1091.4826742434689
1418.0	40.5	19.586871879486324	-5.866649698557651	-1090.666371290641
1419.0	40.5	19.585167651843385	-5.883638459910735	-1089.8488316085916
1420.0	40.5	19.58350436801594	-5.900865419055404	-1089.0299026014573
1421.0	40.5	19.581885571724317	-5.91834879639928	-1088.2097778135058
1422.0	40.5	19.5803100587683	-5.93598722920535	-1087.389582290346
1423.0	40.5	19.578777189227576	-5.954270760775178	-1086.5687184515368
1424.0	40.5	19.577287549160324	-5.9728629033302605	-1085.7475521884214
1425.0	40.5	19.575838613758165	-5.991556996943908	-1084.9278670392769
1426.0	40.5	19.574427813481762	-6.010173714546785	-1084.1083164506367
1427.0	40.5	19.57305864988372	-6.029041233446227	-1083.2901388286093
1428.0	40.5	19.57172048830347	-6.047615934487734	-1082.4742242795353
1429.0	40.5	19.57042791185482	-6.066195341751015	-1081.66051952917
1430.0	40.5	19.569164887747423	-6.085161520078861	-1080.8487153773501
1431.0	40.5	19.56794595215907	-6.104243788931684	-1080.040935581159
1432.0	40.5	19.566755969282923	-6.12311698921188	-1079.2367222855605
1433.0	40.5	19.56560829784503	-6.1421082349658995	-1078.43696062361
1434.0	40.5	19.564493367766584	-6.160756430175861	-1077.6408068304577
1435.0	41.0	19.36755399815984	-6.187930316464315	-1076.8503538989767
1436.0	41.0	19.366678507044437	-6.206381678791625	-1076.0648594885524
1437.0	41.0	19.365844094004963	-6.224796946360774	-1075.2852173989809
1438.0	41.0	19.365041048558094	-6.243062915634904	-1074.5115593334433
1439.0	41.0	19.364251894795004	-6.261184071702066	-1073.7437165901154
1440.0	41.0	19.363507931767945	-6.279081738378129	-1072.9815839915643
1441.0	41.0	19.3627759036304	-6.296876034397963	-1072.2272043377618
1442.0	41.0	19.362087749037382	-6.314412202426414	-1071.4777998619525
1443.0	41.0	19.361410477344005	-6.332382678179106	-1070.7356084256326
1444.0	41.0	19.360777181433185	-6.3496811002657045	-1069.9991041598312
1445.0	41.0	19.359955765059365	-8.487585301137948	-1069.298023830665
1446.0	41.0	19.359163012906354	-8.505247570482888	-1068.591460406571
1447.0	41.0	19.358416795965045	-8.525493602283854	-1067.882827529736
1448.0	41.0	19.357686939758246	-8.5465825004751	-1067.1745638103305
1449.0	41.0	19.356989476759257	-8.568126043471423	-1066.4665825287257
1450.0	41.0	19.356326780738264	-8.589711837774907	-1065.7612703524057
1451.0	41.0	19.35569471033286	-8.611276433805042	-1065.057108195127
1452.0	41.0	19.355084680913052	-8.632549296769508	-1064.3531731636056
1453.0	41.0	19.35450594020331	-8.655926879686913	-1063.6496392294407
1454.0	41.0	19.353960223521668	-8.679039455191287	-1062.9460645553777
1455.0	41.0	19.35343508976045	-8.701610118921916	-1062.2414897391043
1456.0	41.0	19.352947152901148	-8.723652944837669	-1061.5350952894164
1457.0	41.0	19.35248035024928	-8.745190193432194	-1060.8264553295564
1458.0	41.0	19.352048337559065	-8.766094006408654	-1060.1133684233016
1459.0	41.0	19.351537144406876	-10.97858252858454	-1059.423573063918
1460.0	41.0	19.35105383365465	-10.995502973139494	-1058.7193185583878
1461.0	41.0	19.350600758107667	-11.014722612049438	-1058.001444529618
1462.0	41.0	19.350177842217146	-11.035832382452144	-1057.2718547520228
1463.0	41.0	19.349703745426517	-13.266170213376498	-1056.5582688070026
1464.0	41.0	19.34926620190961	-13.289542270383862	-1055.8240981890701
1465.0	41.0	19.34878969409729	-15.53543361196072	-1055.0984915867593
1466.0	41.0	19.348355145690654	-15.572888291585185	-1054.3468099048469
1467.0	41.0	19.347956662619993	-15.616647480542833	-1053.5732944382432
1468.0	41.0	19.347550413265555	-17.896759393584347	-1052.8065600796488
1469.0	41.0	19.347143277282193	-20.18587231878078	-1052.038158176848
1470.0	41.0	19.34676176898375	-22.490551212633825	-1051.2620457271125
1471.0	41.0	19.346418914388813	-22.57626352587178	-1050.4492054899074
1472.0	41.0	19.3461275893965	-22.67695285466377	-1049.608494226017
1473.0	41.0	19.345900345303537	-22.78710008022129	-1048.74500683227
1474.0	41.0	19.345735213947492	-22.903334561721994	-1047.860863890013
1475.0	41.0	19.345630156958528	-23.024964611457968	-1046.9611400758536
1476.0	41.0	19.345583749255898	-23.144864345577087	-1046.0459266019193
1477.0	41.0	19.345616758208287	-23.261427726377246	-1045.1171679376985
1478.0	41.0	19.345697684907776	-23.373236006091368	-1044.1769240783226
1479.0	41.0	19.345845100109834	-23.47999043550175	-1043.2256088988804
1480.0	41.0	19.346070053139382	-23.577700641978364	-1042.2649576506958
1481.0	41.0	19.346349139138102	-23.665554441824714	-1041.296483015397
1482.0	41.0	19.34669054843693	-23.745520406347367	-1040.3214526126283
1483.0	41.0	19.347101547396544	-23.81559142394624	-1039.3404316347976
1484.0	41.0	19.347570170885945	-23.874067801703685	-1038.3558178546145
1485.0	41.0	19.348108516897952	-23.92415721459659	-1037.3684024750942
1486.0	41.0	19.348700126660713	-23.964368678921268	-1036.3811858364315
1487.0	41.0	19.34935050329618	-23.991506211434682	-1035.3935863712982
1488.0	41.0	19.350068916794644	-24.007382237404805	-1034.4085673749425
1489.0	41.0	19.35083625441702	-24.013400121105885	-1033.4278420195567
1490.0	41.0	19.351660726567566	-24.01604678060128	-1032.4533906960069
1491.0	41.0	19.35254030903571	-24.018884207954127	-1031.484919034531
1492.0	41.0	19.3534820451174	-24.01769673121152	-1030.525597144327
1493.0	41.0	19.354469827909252	-24.01343195998678	-1029.5770385193716
1494.0	41.0	19.35550911900084	-24.013199461945756	-1028.640358201068
1495.0	41.0	19.356601810860433	-24.012783597237014	-1027.7168602408074
1496.0	41.0	19.357750888584373	-24.01703276802441	-1026.8086435757589
1497.0	41.0	19.358946083180946	-24.01921047258068	-1025.9158897393158
1498.0	41.0	19.360189874273654	-24.018682102104595	-1025.040188737164
1499.0	41.0	19.361484004620774	-24.014952677504976	-1024.1825511090017
1500.0	41.0	19.362827618097093	-24.00869947584608	-1023.3427903800571
1501.0	41.0	19.36421878991096	-24.00649361988786	-1022.5224979141337
1502.0	41.0	19.36564165452563	-24.010618679785374	-1021.7218625268237
1503.0	41.0	19.367128376340368	-24.019217352377204	-1020.9403143475691
1504.0	41.0	19.368663336592878	-24.02542723750026	-1020.1789633130835
1505.0	41.5	19.27721237723959	-24.026267884158038	-1019.4366793095886
1506.0	41.5	19.27891480696253	-24.032302835665877	-1018.7132089643486
1507.0	41.5	19.280660350499144	-24.038485294232174	-1018.0073605160627
1508.0	41.5	19.282446327124912	-24.041859024274814	-1017.3177499695078
1509.0	41.5	19.284268267150793	-24.037163683668965	-1016.6442900830652
1510.0	41.5	19.286130656258536	-24.02236630721519	-1015.9857705883333
1511.0	41.5	19.288039393865315	-23.996712909263948	-1015.3418551134655
1512.0	41.5	19.289986195648723	-23.96037894850464	-1014.7100039232436
1513.0	41.5	19.291959101953953	-23.91630382618981	-1014.0892793965551
1514.0	41.5	19.29397372926543	-23.869399964056594	-1013.4794219541892
1515.0	41.5	19.29602866745769	-23.816417072685816	-1012.8779103717898
1516.0	41.5	19.298117099699823	-23.756438437318778	-1012.2839681031659
1517.0	41.5	19.300229602770614	-23.68919826890759	-1011.6946053106138
1518.0	41.5	19.302377767555527	-23.61759408867007	-1011.1093019783756
1519.0	41.5	19.304564010491784	-23.540472612240617	-1010.5263120076125
1520.0	41.5	19.306770587571172	-23.45851484449899	-1009.9429848822258
1521.0	41.5	19.309012915549022	-23.375288255086996	-1009.3587179205005
1522.0	41.5	19.311289112336514	-23.301511048944388	-1008.7720509598448
1523.0	41.5	19.313586650277152	-23.24226309114234	-1008.1793221539875
1524.0	41.5	19.31592160368199	-23.179658117618747	-1007.5813042162555
1525.0	41.5	19.31828145828064	-23.129260926802868	-1006.9747330157415
1526.0	41.5	19.320666570178506	-23.093834447424353	-1006.3599930735229
1527.0	41.5	19.323091275080127	-23.05280290646973	-1005.7336850197192
1528.0	41.5	19.325538427397483	-23.006599514336113	-1005.0951482775017
1529.0	41.5	19.328011809708826	-22.95251729059011	-1004.4418916306814
1530.0	41.5	19.33051967564045	-22.888292858201595	-1003.7740218713639
1531.0	41.5	19.33306287712747	-22.812516180868773	-1003.0901363166934
1532.0	41.5	19.335084197171458	-189.81605817159496	-1002.2445093453125
1533.0	41.5	19.337011980273296	-24.38580175209897	-1001.3734619863736
1534.0	41.5	19.33901218018275	-25.319100833492293	-1000.5350914060657
1535.0	41.5	19.341082243097055	-25.806443036085	-999.7025435616896
1536.0	41.5	19.34322246272102	-26.118887742899215	-998.8644019588094
1537.0	41.5	19.345428219840446	-26.335534319497764	-998.0149952177217
1538.0	41.5	19.347696476836695	-26.505689996369735	-997.1507555007944
1539.0	41.5	19.350034243774076	-26.650858382872737	-996.2708691679932
1540.0	41.5	19.35242944759028	-26.797324610142656	-995.3718995487043
1541.0	41.5	19.35488348525176	-26.931794234688336	-994.4540921978216
1542.0	41.5	19.357376641186296	-27.05352531003171	-993.516237801304
1543.0	41.5	19.359934539191794	-27.165544381743516	-992.5582524851999
1544.0	41.5	19.362531388432853	-27.269001819625252	-991.579065321042
1545.0	41.5	19.365186919928924	-27.371161154490398	-990.5806342372551
1546.0	41.5	19.36789180713147	-27.478674020310077	-989.5610182137344
1547.0	41.5	19.37062658613791	-27.592233834724524	-988.5218729284535
1548.0	41.5	19.373422073848573	-27.709551725016826	-987.4631212363985
1549.0	41.5	19.37624577168788	-27.835069049877717	-986.3855501855436
1550.0	41.5	19.37912131954528	-27.97006930468408	-985.2893887971165
1551.0	41.5	19.38203887342588	-28.10388984003968	-984.176550648277
1552.0	42.0	19.59193939655691	-28.224284910417545	-983.0466795271583
1553.0	42.0	19.594986832273907	-28.35271151292303	-981.9006705311358
1554.0	42.0	19.598060128771973	-28.475396030292007	-980.7400109397497
1555.0	42.0	19.601173825102464	-28.585502595849206	-979.5653365775725
1556.0	42.0	19.60434161458233	-28.68924025595991	-978.3790360898807
1557.0	42.0	19.607532461569814	-28.779577619965973	-977.1813649830028
1558.0	42.0	19.61076024825914	-28.855922230312054	-975.9746402040017
1559.0	42.0	19.61403699953412	-28.934524561148383	-974.7599364999102
1560.0	42.0	19.617336131839238	-29.007228388408876	-973.5386764838177
1561.0	42.0	19.620665645442987	-29.067357679444953	-972.312934172602
1562.0	42.0	19.624028294556208	-29.117402134299684	-971.0844759414733
1563.0	42.0	19.62742044698324	-29.161827372538394	-969.8552230045881
1564.0	42.0	19.630850328304376	-29.204656323015943	-968.6277099273292
1565.0	42.0	19.634303093885933	-29.27967740290684	-967.4041968673429
1566.0	42.0	19.63778754613723	-29.40213735657446	-966.1856480907084
1567.0	42.0	19.64129472042427	-29.550050181790844	-964.9757970722287
1568.0	42.0	19.64483221760421	-29.724054687352712	-963.7767373437788
1569.0	42.0	19.648397783784407	-29.908489101322697	-962.5881538212379
1570.0	42.0	19.65200735780756	-30.09675350751274	-961.4131457175129
1571.0	42.0	19.655642266531032	-30.278886376481964	-960.2535706749078
1572.0	42.0	19.659299588279524	-30.450988011128715	-959.1099170626359
1573.0	42.0	19.663000074075402	-30.609028960863263	-957.9848592592687
1574.0	42.0	19.666725016356086	-30.74867120919203	-956.8772568966505
1575.0	42.0	19.67047998867646	-30.866139095223502	-955.7900466274573
1576.0	42.0	19.674270128560902	-30.95832743731033	-954.7233623009276
1577.0	42.0	19.678084002986402	-31.029291711927527	-953.679532293261
1578.0	42.0	19.68192487885995	-31.078463372238314	-952.6581664500601
1579.0	42.0	19.685792777512066	-31.103204226494636	-951.6602167246958
1580.0	42.0	19.689691342485407	-31.110113735907646	-950.6872501694437
1581.0	42.0	19.6936084637002	-31.112819445957257	-949.7408840239857
1582.0	42.0	19.69754884788093	-31.10768030094613	-948.8213333539077
1583.0	42.0	19.70151033893339	-31.10564197072191	-947.9293445984404
1584.0	42.0	19.705503546989274	-31.10450036504513	-947.0660065729393
1585.0	42.0	19.709517909788953	-31.100303450170102	-946.232203770033
1586.0	42.0	19.713545688287834	-31.09067680785853	-945.4282009748498
1587.0	42.0	19.717612808718663	-31.082680909724274	-944.6549435860185
1588.0	42.0	19.721691366723924	-31.07885435832634	-943.9111542224553
1589.0	42.0	19.725795163089934	-31.077974035388856	-943.1989616579573
1590.0	42.0	19.729922127579165	-31.08130329774882	-942.5173891080194
1591.0	42.0	19.73406669152323	-31.07968043340864	-941.8660642993665
1592.0	42.0	19.73824004723705	-31.0820791378319	-941.2447596140943
1593.0	42.0	19.742441958257707	-31.0781317921818	-940.6531090766686
1594.0	42.5	19.55210465758216	-31.072919114472885	-940.0906489518825
1595.0	42.5	19.556388172439544	-31.073243284526193	-939.5567463519953
1596.0	42.5	19.56069470744965	-31.05916996226615	-939.0491702709862
1597.0	42.5	19.56502207937882	-31.02327962027978	-938.5668441870696
1598.0	42.5	19.5693726062615	-30.98025495540051	-938.109901376397
1599.0	42.5	19.573753502928692	-30.92764156051356	-937.674363082336
1600.0	42.5	19.578153284703323	-30.857058150746248	-937.2607727439517
1601.0	42.5	19.582564426505087	-30.767094259252037	-936.866443031495
1602.0	42.5	19.586992321961525	-30.6585382200535	-936.4913171680446
1603.0	42.5	19.591444420991536	-30.543017913459522	-936.1325537013298
1604.0	42.5	19.59591383774484	-30.42118094030737	-935.7892765317467
1605.0	42.5	19.600389052263	-30.28885352443188	-935.4614411747627
1606.0	42.5	19.60488518708633	-30.147064517787715	-935.1457617862428
1607.0	42.5	19.609389686921872	-29.998374568083232	-934.8413087586256
1608.0	42.5	19.613908943464192	-29.845124419737587	-934.54677683096
1609.0	42.5	19.61845121676668	-29.688908388174376	-934.2619564130783
1610.0	42.5	19.622991796189456	-29.552720139914758	-933.9825331038877
1611.0	42.5	19.627551140966883	-29.450964526821554	-933.7100048458005
1612.0	42.5	19.632123858578506	-29.356947927473094	-933.4416396067579
1613.0	42.5	19.636709000791765	-29.283563127586255	-933.1756958064442
1614.0	42.5	19.64130204552531	-29.196544443476864	-932.9107992947895
1615.0	42.5	19.645913856215977	-29.092874396581266	-932.6444486014086
1616.0	42.5	19.650531910763764	-28.96960195261965	-932.3751330906875
1617.0	42.5	19.65517445223371	-28.822439845253783	-932.1006729390355
1618.0	42.5	19.659366262646653	-180.53724545092993	-931.5356999643234
1619.0	42.5	19.662889005213923	-31.103751849618263	-931.2432806149479
1620.0	42.5	19.666511054565426	-32.49525689758653	-930.9536233838262
1621.0	42.5	19.670244218013913	-33.09955562777974	-930.6448499426651
1622.0	42.5	19.674086114852333	-33.41654360626935	-930.3149953800494
1623.0	42.5	19.67804236605028	-33.63026012517472	-929.9666581323568
1624.0	42.5	19.682088033177788	-33.816669594548905	-929.5982924225734
1625.0	42.5	19.686207198409154	-34.0066774843963	-929.2106311461155
1626.0	42.5	19.690405183155008	-34.187317945410534	-928.8030525105839
1627.0	42.5	19.694678182121717	-34.35601554317439	-928.3742837011023
1628.0	42.5	19.699017383460646	-34.51532538959522	-927.9238250456498
1629.0	42.5	19.703410493111182	-34.66289450863945	-927.4500806102637
1630.0	42.5	19.707865216997178	-34.81362018717937	-926.9513545992927
1631.0	42.5	19.712376222534612	-34.972601717854715	-926.4277299415461
1632.0	42.5	19.716946892766416	-35.138948991473946	-925.8772204517155
1633.0	43.0	19.50004603792996	-35.310740839301126	-925.2996208912672
1634.0	43.0	19.504757156431367	-35.496117192821835	-924.6929492852283
1635.0	43.0	19.509516034601738	-35.66421344029456	-924.0570915975543
1636.0	43.0	19.514330462979295	-35.81635977947789	-923.3900976610685
1637.0	43.0	19.519188436960377	-35.95975719711468	-922.6911881259864
1638.0	43.0	19.52408105297588	-36.084722570215234	-921.9594444897297
1639.0	43.0	19.52900864223312	-36.192797731460665	-921.1951099829323
1640.0	43.0	19.533980623445405	-36.278176594092166	-920.3969681785438
1641.0	43.0	19.538975033525066	-36.34921269704689	-919.5650150744746
1642.0	43.0	19.543994733519884	-36.424080539164294	-918.7007666485347
1643.0	43.0	19.549048774256697	-36.491476498054965	-917.8037114581077
1644.0	43.0	19.554126076673104	-36.56178316666844	-916.8740922134482
1645.0	43.0	19.55924587280351	-36.63184063672746	-915.9120193580864
1646.0	43.0	19.564381256608637	-36.75438129614331	-914.9189533954636
1647.0	43.0	19.569544826518847	-36.95526318094804	-913.895880062396
1648.0	43.0	19.574732583037445	-37.19113168250564	-912.8441082138444
1649.0	43.0	19.57995632983363	-37.44957772031604	-911.7640839920233
1650.0	43.0	19.585201682782948	-37.69807734322131	-910.6561035011881
1651.0	43.0	19.590490845563313	-37.925508750392574	-909.5223578909406
1652.0	43.0	19.59580151616568	-38.12056766882146	-908.3599456052137
1653.0	43.0	19.60114928762546	-38.27664689542699	-907.1719903024804
1654.0	43.0	19.606545361336277	-38.38885719443888	-905.958205185663
1655.0	43.0	19.611953283539926	-38.45324109330417	-904.7202624811563
1656.0	43.0	19.617390738604694	-38.4741970328702	-903.4578067049704
1657.0	43.0	19.622854435104255	-38.46547056894833	-902.174941844944
1658.0	43.0	19.628335670750445	-38.431479953973245	-900.87167968186
1659.0	43.0	19.633828427571792	-38.401955114192155	-899.5508379224225
1660.0	43.0	19.63934895625202	-38.38347209914426	-898.2165155615199
1661.0	43.0	19.644883114347753	-38.37578570398827	-896.8700516408918
1662.0	43.0	19.650440761308904	-38.367724280307236	-895.5148593473547
1663.0	43.0	19.656019937796568	-38.35468004439502	-894.1537861860972
1664.0	43.0	19.66160540681251	-38.334133234485584	-892.78841921245
1665.0	43.0	19.667219281910942	-38.32308675994389	-891.4217456699266
1666.0	43.0	19.67284690980333	-38.31681184903106	-890.0571364296311
1667.0	43.0	19.67849697419808	-38.324628561605515	-888.6952799003384
1668.0	43.0	19.684162992792	-38.34921999658048	-887.3404124509616
1669.0	43.5	19.55753326386829	-38.359311437350016	-885.9923045596619
1670.0	43.5	19.563340324211087	-38.356740056765524	-884.6559891748941
1671.0	43.5	19.56916835583331	-38.33480183273594	-883.3308875032224
1672.0	43.5	19.575022090734297	-38.28163658702381	-882.0188829902957
1673.0	43.5	19.580891256807494	-38.19856877941567	-880.7216580280564
1674.0	43.5	19.586775689660776	-38.0926703022419	-879.4400361155862
1675.0	43.5	19.592674835918775	-37.959347136559494	-878.1759994095896
1676.0	43.5	19.59860426205411	-37.79847143310599	-876.9307283430786
1677.0	43.5	19.604539352890605	-37.6109354202981	-875.7060487283096
1678.0	43.5	19.610485565226814	-37.40426417630904	-874.5049874739279
1679.0	43.5	19.61644152119679	-37.19138258318989	-873.3289163512773
1680.0	43.5	19.622406746278713	-36.967357022298	-872.1793470530378
1681.0	43.5	19.628380066495964	-36.73670498960834	-871.0587599203184
1682.0	43.5	19.63435516919979	-36.50673586630875	-869.9659799302223
1683.0	43.5	19.640333149800803	-36.29299453071693	-868.905752297627
1684.0	43.5	19.646323556603377	-36.11608111185581	-867.8771625114204
1685.0	43.5	19.652327557036863	-35.95501261760119	-866.8818470564077
1686.0	43.5	19.65832941913823	-35.82493901281361	-865.9215953543544
1687.0	43.5	19.664361728971123	-35.66845574009531	-864.9961195370925
1688.0	43.5	19.670400079815735	-35.47844719195939	-864.1050209435454
1689.0	43.5	19.676455319810156	-35.24967120448497	-863.2506697184716
1690.0	43.5	19.68251472652354	-77.7029221669537	-862.4302489857168
1691.0	43.5	19.686895748736706	-141.47117561306945	-861.5705951799208
1692.0	43.5	19.69144712304399	-39.361075536261986	-860.7230597449732
1693.0	43.5	19.696182382993417	-40.09774891453689	-859.9177072139078
1694.0	43.5	19.701048140962484	-40.40545847410508	-859.1496510861793
1695.0	43.5	19.70603691970175	-40.63224258609433	-858.419833723033
1696.0	43.5	19.711141500556664	-40.85554431946415	-857.7302271825124
1697.0	43.5	19.716344129089876	-41.08161154958154	-857.0818127613757
1698.0	43.5	19.72164079369036	-41.30354011251772	-856.4740571031326
1699.0	43.5	19.727006587065933	-41.51494160450943	-855.906272711292
1700.0	43.5	19.732466121455733	-41.71054609730782	-855.376270116767
1701.0	43.5	19.737984956218266	-41.903812406492214	-854.884130089557
1702.0	43.5	19.7435742827912	-42.10361343385308	-854.428338896546
1703.0	44.0	19.64360901754677	-42.31411252253895	-854.0077048994226
1704.0	44.0	19.649547652674244	-42.53727063790871	-853.6212972141124
1705.0	44.0	19.655544107019757	-42.72551905004852	-853.2669470822776
1706.0	44.0	19.661586803777926	-42.877835985551634	-852.9422957716627
1707.0	44.0	19.667684925080202	-43.01796921061	-852.6452108598784
1708.0	44.0	19.673820436457643	-43.13254815953836	-852.3739731509382
1709.0	44.0	19.679998349702522	-43.23214769869553	-852.1279392973624
1710.0	44.0	19.686204931190186	-43.334406102737745	-851.9062772410306
1711.0	44.0	19.692447042875422	-43.43479938490543	-851.7073408042071
1712.0	44.0	19.698732776892147	-43.52713186191783	-851.5297989015235
1713.0	44.0	19.705037386324022	-43.60843162405383	-851.3736468349641
1714.0	44.0	19.711376617496025	-43.690390244201595	-851.2371859908827
1715.0	44.0	19.717737054637517	-43.86462990554369	-851.1199890509854
1716.0	44.0	19.724128996276796	-44.13831970093077	-851.0204634902484
1717.0	44.0	19.730543598531433	-44.45352250888048	-850.9384172643415
1718.0	44.0	19.736995141113734	-44.749592602942656	-850.8715608931715
1719.0	44.0	19.743480562133072	-45.00050242976426	-850.8159618180299
1720.0	44.0	19.74998906041371	-45.192349786087355	-850.7694525384557
1721.0	44.0	19.756533175409196	-45.316714060803335	-850.7290989883782
1722.0	44.0	19.763092381420734	-45.36925154976136	-850.6916930701124
1723.0	44.0	19.769676865124925	-45.352076647892716	-850.6568559454445
1724.0	44.0	19.77628725687202	-45.28198127822045	-850.6209163046032
1725.0	44.0	19.782905472880664	-45.18618088511022	-850.5842496491164
1726.0	44.0	19.789539640100593	-45.10055303737456	-850.5461536870275
1727.0	44.0	19.796186065904994	-45.0336193618338	-850.5066630333575
1728.0	44.0	19.80283821776498	-44.999388715229884	-850.466028325306
1729.0	44.0	19.809502183582925	-44.97107933553863	-850.4215100792859
1730.0	44.0	19.81618879041637	-44.9408644283533	-850.3733466353957
1731.0	44.0	19.82288577934951	-44.90479679836617	-850.3186172162386
1732.0	44.0	19.829595647497793	-44.87917246261211	-850.256688135263
1733.0	44.0	19.836331799556923	-44.88260432144089	-850.1876853010282
1734.0	44.5	19.969719735508612	-44.91525360095843	-850.10819275309
1735.0	44.5	19.976920322120325	-44.9048792380182	-850.0182235706479
1736.0	44.5	19.98412074674923	-44.85819208531036	-849.9149292439213
1737.0	44.5	19.991351486115974	-44.77534374249481	-849.793303317821
1738.0	44.5	19.99858108134878	-44.63309270677836	-849.6541513337412
1739.0	44.5	20.00582400075911	-44.4401677618191	-849.4950548762934
1740.0	44.5	20.013083749113704	-44.21734596077011	-849.3125030581664
1741.0	44.5	20.02034060175616	-43.958504272140615	-849.1065109295773
1742.0	44.5	20.027596058509758	-43.66455828462851	-848.8756295594966
1743.0	44.5	20.034855330259553	-43.352057317091386	-848.6209848500199
1744.0	44.5	20.04210667687472	-43.03243901680783	-848.341111050998
1745.0	44.5	20.049357183821204	-42.70668894567151	-848.0358546646373
1746.0	44.5	20.056611462287243	-42.373508525397234	-847.705740528261
1747.0	44.5	20.063850892958925	-42.04536763958202	-847.3503517675825
1748.0	44.5	20.071094960450896	-41.77727318471785	-846.9705376648784
1749.0	44.5	20.07833748582366	-41.52695202064243	-846.5649482019523
1750.0	44.5	20.085582873245553	-41.30953144496408	-846.1351947457077
1751.0	44.5	20.09282440679917	-41.05855607155585	-845.6809847170708
1752.0	44.5	20.10006929538196	-40.753999797373716	-845.1995014301135
1753.0	44.5	20.107328424614625	-40.38527685513664	-844.6912806684828
1754.0	44.5	20.1139466148071	-170.69257806936474	-843.8330182363296
1755.0	44.5	20.119138473146798	-44.06601093208965	-842.9709477474736
1756.0	44.5	20.12451821810083	-45.7407680179553	-842.3520653185666
1757.0	44.5	20.13008704057783	-46.30060484934152	-841.7133219111636
1758.0	44.5	20.13580662389942	-46.580489245930615	-841.0501584448118
1759.0	44.5	20.141673566003885	-46.87987645840624	-840.3655237088477
1760.0	44.5	20.147675416122173	-47.185048203663094	-839.6601730397081
1761.0	44.5	20.153802535458855	-47.484777161492175	-838.9339049878611
1762.0	44.5	20.16004116821071	-47.76915348391556	-838.1869530861204
1763.0	44.5	20.16637219061901	-48.032102789896754	-837.4172655229593
1764.0	45.0	19.83299595582084	-48.24583833557152	-836.624924793246
1765.0	45.0	19.83973766406553	-48.473182206818535	-835.809638311061
1766.0	45.0	19.846559558971176	-48.721700243406275	-834.9696322887811
1767.0	45.0	19.85343668563777	-48.94598521718022	-834.1055694439118
1768.0	45.0	19.860367673107355	-49.11644950096807	-833.2168397684502
1769.0	45.0	19.867353362758667	-49.25683713470159	-832.3011021230353
1770.0	45.0	19.874391637526426	-49.3838789455205	-831.3600810032208
1771.0	45.0	19.88145786848386	-49.49696585585112	-830.3947270826027
1772.0	45.0	19.888561593263507	-49.597755127636276	-829.4050144250411
1773.0	45.0	19.895705060880243	-49.713691688950334	-828.3935755580374
1774.0	45.0	19.902875133243658	-49.8200233822148	-827.3616904775189
1775.0	45.0	19.91007291977361	-49.9209637951486	-826.3094907194759
1776.0	45.0	19.917301899389717	-50.09038133907866	-825.2392400403938
1777.0	45.0	19.92454350618376	-50.417417552569916	-824.1534311887216
1778.0	45.0	19.931830538932296	-50.78744011281989	-823.0519872101661
1779.0	45.0	19.939144716103925	-51.107291251781106	-821.935671898827
1780.0	45.0	19.94649765178981	-51.363936443007596	-820.8037986372694
1781.0	45.0	19.953867598958393	-51.52531230398351	-819.6550725909095
1782.0	45.0	19.96127358477017	-51.584570641041914	-818.4887260818534
1783.0	45.0	19.968700307844905	-51.54596162225259	-817.3063316619675
1784.0	45.0	19.97613820329771	-51.42521346263445	-816.1082724767517
1785.0	45.0	19.98358657084428	-51.265181647658494	-814.895927284165
1786.0	45.0	19.99104963121878	-51.124960872192354	-813.674062436905
1787.0	45.0	19.998523069033926	-51.01847045803584	-812.4450308870003
1788.0	45.0	20.00600684323434	-50.97830784542864	-811.2124717822434
1789.0	45.0	20.013489235724936	-50.94854854347349	-809.977999856947
1790.0	45.0	20.02099834390172	-50.912994572245786	-808.7444900928333
1791.0	45.0	20.028518888441116	-50.86987509194206	-807.5115519274625
1792.0	45.0	20.036052924965308	-50.849979447581504	-806.2819852326643
1793.0	45.5	19.87779167113362	-50.84549533908656	-805.0560366440541
1794.0	45.5	19.88567745052784	-50.84140318844885	-803.8356712569735
1795.0	45.5	19.893586840605135	-50.78486536236128	-802.6199006499003
1796.0	45.5	19.901513307301922	-50.668471898393385	-801.4076650561478
1797.0	45.5	19.90944199166676	-50.47633307218105	-800.1993243384701
1798.0	45.5	19.917375946800238	-50.221418023033635	-798.9951298382371
1799.0	45.5	19.925314138048027	-49.92167402402694	-797.7948323264786
1800.0	45.5	19.933252064904575	-49.57577925220289	-796.6004734295464
1801.0	45.5	19.9411782841674	-49.189877303568665	-795.4126547988163
1802.0	45.5	19.949104851271727	-48.79371410230189	-794.2333675844093
1803.0	45.5	19.95702042107851	-48.39504618213254	-793.0651729573241
1804.0	45.5	19.96493205202327	-47.98089694678516	-791.9085133234612
1805.0	45.5	19.972822744782903	-47.56448225822149	-790.7646545700234
1806.0	45.5	19.980714388831238	-47.20886890600334	-789.6348479167602
1807.0	45.5	19.98859933572167	-46.88642271334429	-788.5205318585131
1808.0	45.5	19.996483874120305	-46.56704452131156	-787.421951449824
1809.0	45.5	20.00436138152684	-46.208470355898726	-786.3401970554669
1810.0	45.5	20.012238075684824	-45.76780036880934	-785.273013613882
1811.0	45.5	20.020118398643415	-45.23119743231338	-784.220537626137
1812.0	45.5	20.025882646605616	-172.01694455117	-783.1036980777274
1813.0	45.5	20.031330526038534	-50.344214699520805	-782.0468124805498
1814.0	45.5	20.037023668464574	-51.314173348166804	-781.0559821459111
1815.0	45.5	20.042940808416773	-51.665628815348185	-780.0923376028887
1816.0	45.5	20.04903925125019	-52.03714241284365	-779.1520964873503
1817.0	45.5	20.055319525111027	-52.41722563859574	-778.2342999611623
1818.0	45.5	20.061738394063056	-52.79009080249182	-777.3371273657926
1819.0	45.5	20.068296344694506	-53.1437904222376	-776.4597258869685
1820.0	45.5	20.074971529259845	-53.45820947869568	-775.6014945408494
1821.0	46.0	19.91049152732679	-53.71103159364682	-774.7607194596605
1822.0	46.0	19.91789164376601	-53.95251266925831	-773.9364635740277
1823.0	46.0	19.925379339265092	-54.211342676975946	-773.1280992608214
1824.0	46.0	19.93292882579505	-54.40712283616703	-772.3356406919577
1825.0	46.0	19.940533511780117	-54.544491313557394	-771.5565278014157
1826.0	46.0	19.948180116711104	-54.66763152209933	-770.7903553163846
1827.0	46.0	19.955870544816726	-54.78283722511021	-770.0401843126624
1828.0	46.0	19.963602263289907	-54.91982278148741	-769.3048812118486
1829.0	46.0	19.97134853299804	-55.04484473439475	-768.585770253227
1830.0	46.0	19.979123214869723	-55.155919564270356	-767.8850257704248
1831.0	46.0	19.986929406034843	-55.25871358016165	-767.201833407404
1832.0	46.0	19.994748867965026	-55.436364443156876	-766.5381031599
1833.0	46.0	20.00259433369076	-55.79839916867238	-765.8941568665289
1834.0	46.0	20.010455590653063	-56.177500707945136	-765.2716226104749
1835.0	46.0	20.01834729253829	-56.476800716823526	-764.6654490722399
1836.0	46.0	20.02625230811943	-56.66257113843297	-764.0742079266864
1837.0	46.0	20.034178017767726	-56.71533238629696	-763.4950755289747
1838.0	46.0	20.042114783761164	-56.63852345221399	-762.9261831950347
1839.0	46.0	20.050051977963108	-56.45607549578921	-762.3690604494999
1840.0	46.0	20.057980476172723	-56.20732584306987	-761.8226006459549
1841.0	46.0	20.065899189941415	-55.98306858622609	-761.2896559929367
1842.0	46.0	20.073807837670127	-55.79834248163549	-760.7729250429126
1843.0	46.0	20.08170418542873	-55.68827580873468	-760.275317490819
1844.0	46.0	20.08958684833227	-55.611002909999286	-759.7968514134342
1845.0	46.0	20.0974498759952	-55.54353562831419	-759.3380505170777
1846.0	46.0	20.105312825409804	-55.47529922500197	-758.896942955731
1847.0	46.5	20.200261270779716	-55.41605943139107	-758.47289441222
1848.0	46.5	20.208858735267505	-55.368273165453154	-758.0661399952992
1849.0	46.5	20.21743398534208	-55.28088372784887	-757.6746911950748
1850.0	46.5	20.225980839298057	-55.11789329564951	-757.2976635798029
1851.0	46.5	20.23449195194117	-54.8764176731774	-756.9309680757325
1852.0	46.5	20.24296770307582	-54.53294508433506	-756.5727933715199
1853.0	46.5	20.251397200932935	-54.11908145582913	-756.2245444536304
1854.0	46.5	20.259770424297777	-53.65476680709985	-755.8831082882472
1855.0	46.5	20.268072952945086	-53.13657437303592	-755.5507501909746
1856.0	46.5	20.276317468837508	-52.597541149301975	-755.226669967109
1857.0	46.5	20.284481545236776	-52.05650875001895	-754.912798399393
1858.0	46.5	20.292565320233283	-51.49273361873567	-754.6083508818161
1859.0	46.5	20.300568665056172	-50.91503365255521	-754.3140954086879
1860.0	46.5	20.308492344688393	-50.383813534727494	-754.0296094717919
1861.0	46.5	20.316326592227476	-49.912474311431545	-753.7555958984896
1862.0	46.5	20.324066578898613	-49.43772368031225	-753.4920321787712
1863.0	46.5	20.331712667036825	-48.92228589609808	-753.2372852997979
1864.0	46.5	20.33926473116507	-48.3177025087979	-752.9909583097334
1865.0	46.5	20.3467329743468	-47.60051283771491	-752.7493769457187
1866.0	46.5	20.351761866223065	-164.65098148046462	-751.9349214829114
1867.0	46.5	20.35630645195868	-52.868811208100055	-751.6607565670422
1868.0	46.5	20.360994129445622	-53.896401352987446	-751.4632833361285
1869.0	46.5	20.36578225587068	-54.1885716149507	-751.2760682723396
1870.0	46.5	20.37066886937857	-54.4912421892185	-751.0960882995109
1871.0	46.5	20.375615897232066	-54.79820200873805	-750.9236971083404
1872.0	46.5	20.3806071082357	-55.08249135109471	-750.7581123620389
1873.0	46.5	20.385633030449828	-55.341784936465835	-750.597777589197
1874.0	47.0	20.021257347550183	-55.49906699151375	-750.4417585820686
1875.0	47.0	20.026805863235968	-55.59387176274752	-750.2865015740324
1876.0	47.0	20.03233530694787	-55.664738829746824	-750.1315118970292
1877.0	47.0	20.03784039003809	-55.748423863911434	-749.9765448230668
1878.0	47.0	20.043318680468516	-55.77311020041274	-749.8182798463583
1879.0	47.0	20.048754180194937	-55.740478645112255	-749.6569496146391
1880.0	47.0	20.05414694871817	-55.686303229961354	-749.493271118285
1881.0	47.0	20.05949489042838	-55.62987087884092	-749.3268661423697
1882.0	47.0	20.064789753030364	-55.56551888122162	-749.1587837012651
1883.0	47.0	20.070049620123196	-55.509902707096195	-748.9903808469746
1884.0	47.0	20.075275533979376	-55.45139078662139	-748.8216097993973
1885.0	47.0	20.080455120990347	-55.38467723995001	-748.6526418872755
1886.0	47.0	20.08559888723763	-55.388343005710546	-748.482497255994
1887.0	47.0	20.0907255873218	-55.56493470927668	-748.3156688839925
1888.0	47.0	20.095822758805816	-55.76904815553804	-748.1488619555889
1889.0	47.0	20.1009176936063	-55.90671859335282	-747.9805535279629
1890.0	47.0	20.1059871494383	-55.946004751197954	-747.8087167183043
1891.0	47.0	20.11104349216573	-55.874745983553055	-747.6292883705272
1892.0	47.0	20.116096664350824	-55.68851769582154	-747.4428955190351
1893.0	47.0	20.12112638220935	-55.40694234328269	-747.2484790667569
1894.0	47.0	20.126135811396708	-55.05744558937242	-747.0453209430817
1895.0	47.0	20.13112939982066	-54.69871548661992	-746.8374494028627
1896.0	47.0	20.136104636841235	-54.399862171191145	-746.625985538328
1897.0	47.0	20.141060907749523	-54.1545842539817	-746.4134252359066
1898.0	47.0	20.146000915649225	-53.95937616619418	-746.2001975526008
1899.0	47.0	20.15093136634852	-53.781630123243296	-745.9863590694048
1900.0	47.0	20.15586266165948	-53.6050579645577	-745.7720997117602
1901.0	47.0	20.160777100072846	-53.42331360051878	-745.5564433878371
1902.0	47.5	19.976252491020414	-53.218593366959915	-745.3392173133161
1903.0	47.5	19.981834664297807	-53.06000743062228	-745.1195130411835
1904.0	47.5	19.987404213714747	-52.8804191869457	-744.8959215321144
1905.0	47.5	19.992971267003984	-52.63587968320291	-744.66825778814
1906.0	47.5	19.998519418219253	-52.31876357227807	-744.4323173141107
1907.0	47.5	20.00406415308395	-51.92062736065705	-744.1884492727694
1908.0	47.5	20.00958308007946	-51.47252022384752	-743.9357373326775
1909.0	47.5	20.015085414067045	-50.986099768062694	-743.6734515929013
1910.0	47.5	20.020556117959416	-50.46470857984595	-743.4023695418095
1911.0	47.5	20.02599697266359	-49.92356883608092	-743.1229553313726
1912.0	47.5	20.03141192976568	-49.383084291814555	-742.8369199825787
1913.0	47.5	20.036792939939517	-48.83761720308711	-742.5435182078438
1914.0	47.5	20.04214440430983	-48.28719239206242	-742.2444880585984
1915.0	47.5	20.04747070868259	-47.741074862198445	-741.9399516200845
1916.0	47.5	20.052761043819732	-47.27227888263332	-741.6298790652364
1917.0	47.5	20.058016178140694	-46.84902273887021	-741.3153534348901
1918.0	47.5	20.063251235872002	-46.42092164226552	-740.9976089136474
1919.0	47.5	20.06846771671032	-45.9341472533621	-740.6747132401298
1920.0	47.5	20.073655074920115	-45.36658476873168	-740.3452357395237
1921.0	47.5	20.07836893236649	-73.79842523970171	-739.887333281795
1922.0	47.5	20.08200231691971	-144.66702317518073	-739.4147229375426
1923.0	47.5	20.08574308399707	-50.14574598609663	-739.04019225639
1924.0	47.5	20.089582043672202	-50.6750619491548	-738.6919716748338
1925.0	47.5	20.09351885980534	-50.89862654125961	-738.3490929258344
1926.0	47.5	20.097534477014253	-51.196960125345484	-738.009602225599
1927.0	47.5	20.101626019657513	-51.46425509192789	-737.6732971788181
1928.0	47.5	20.105780870106823	-51.70730367338823	-737.3382217188908
1929.0	47.5	20.11000989201926	-51.93559462467714	-737.002882745107
1930.0	47.5	20.11429539421966	-52.121821517294194	-736.6643319982313
1931.0	48.0	19.9310685340778	-52.249202366017606	-736.3245790126193
1932.0	48.0	19.936181535885268	-52.36363510522511	-735.9789584877274
1933.0	48.0	19.94132889449565	-52.494629648862585	-735.629564842762
1934.0	48.0	19.946501803452062	-52.577260474101315	-735.2750232681497
1935.0	48.0	19.95170767314398	-52.59885360250508	-734.9144543123346
1936.0	48.0	19.95692942227571	-52.591214849643976	-734.5479401469468
1937.0	48.0	19.962155895943592	-52.57829212130856	-734.1759267162466
1938.0	48.0	19.96740794679747	-52.57438256756106	-733.7988152308894
1939.0	48.0	19.972661527167354	-52.5797689752896	-733.4191488857527
1940.0	48.0	19.977912051008218	-52.567988798535616	-733.0353636038587
1941.0	48.0	19.98317362333774	-52.54627637256744	-732.6504227617731
1942.0	48.0	19.98843808742909	-52.52550669647655	-732.2638510759042
1943.0	48.0	19.99369977422249	-52.63567902348631	-731.877900303186
1944.0	48.0	19.998971145740263	-52.85606658904151	-731.4928025008481
1945.0	48.0	20.004240723959605	-53.0734989828993	-731.1075943563858
1946.0	48.0	20.009524472570305	-53.22031194844472	-730.7209057424694
1947.0	48.0	20.014805713575246	-53.28274506943916	-730.331054715924
1948.0	48.0	20.020097449248283	-53.240483810665474	-729.9365011279721
1949.0	48.0	20.02537634260067	-53.09470691400503	-729.5360267016624
1950.0	48.0	20.030646538057777	-52.86073217034566	-729.1296106938407
1951.0	48.0	20.03590279186942	-52.563113967442504	-728.7186711650722
1952.0	48.0	20.041141599078337	-52.2690996416813	-728.3048204985963
1953.0	48.0	20.046360871121564	-52.011669584216904	-727.8908678200971
1954.0	48.0	20.051554880173875	-51.80100488233522	-727.4791658749602
1955.0	48.0	20.056736608824124	-51.63126259441377	-727.0706751712961
1956.0	48.0	20.061910525238975	-51.4649393683131	-726.6666069073435
1957.0	48.0	20.06706078438716	-51.30093316397662	-726.2666783137928
1958.0	48.0	20.07219596836205	-51.13434074697054	-725.8707939200962
1959.0	48.5	20.153621308551163	-51.00391258842314	-725.4801939519646
1960.0	48.5	20.159753135265426	-50.87740716062732	-725.0956573726564
1961.0	48.5	20.16585907690113	-50.729696872161725	-724.7164578535962
1962.0	48.5	20.171955624262555	-50.522347465886455	-724.3415557134058
1963.0	48.5	20.17803428307373	-50.2535471599526	-723.9709494339719
1964.0	48.5	20.184081342646564	-49.913199855292746	-723.6044379447455
1965.0	48.5	20.190110200144222	-49.49788137763852	-723.2410444364068
1966.0	48.5	20.1960985442352	-49.05006127856034	-722.8819710180542
1967.0	48.5	20.202058333946344	-48.57362046354803	-722.5283136409438
1968.0	48.5	20.2079721606043	-48.06600751758931	-722.181455778963
1969.0	48.5	20.213854149853653	-47.54065043154125	-721.8432680510973
1970.0	48.5	20.219685508084794	-47.02385461018589	-721.5142208349863
1971.0	48.5	20.22548084598314	-46.50788108350845	-721.1966593183889
1972.0	48.5	20.231222837330876	-45.98066037362521	-720.8905458370797
1973.0	48.5	20.236920608537112	-45.4863354326559	-720.597901135141
1974.0	48.5	20.242577418588308	-45.05552396970662	-720.31958154638
1975.0	48.5	20.24818761701074	-44.66864535001162	-720.057367640621
1976.0	48.5	20.253766828680135	-44.26483345439399	-719.811577019098
1977.0	48.5	20.259300362448595	-43.80327231818211	-719.5815750178507
1978.0	48.5	20.264795921952263	-43.270562928823196	-719.3667468873041
1979.0	48.5	20.269806635398382	-68.43941790383018	-718.6956797915702
1980.0	48.5	20.317114836957106	-90.13820173108513	-718.089759610386
1981.0	48.5	20.321132940963082	-48.128339418223725	-717.9378602017144
1982.0	48.5	20.32524543815908	-48.68605998789795	-717.8162481970555
1983.0	48.5	20.329423713372343	-48.90045023631345	-717.7049812793398
1984.0	48.5	20.33368068533142	-49.158214660804546	-717.609875036491
1985.0	48.5	20.337994546206467	-49.39932694468293	-717.5284703255842
1986.0	48.5	20.342366128227145	-49.615000597977534	-717.4601351123928
1987.0	48.5	20.346786592722577	-49.82253968886962	-717.4002699777513
1988.0	48.5	20.351253442729668	-50.000416678884214	-717.3462072569055
1989.0	49.0	19.947213894318022	-50.09308143173487	-717.2955772564148
1990.0	49.0	19.95218517623545	-50.189884687388066	-717.2442269095488
1991.0	49.0	19.957168876543534	-50.30988952969367	-717.1891095391122
1992.0	49.0	19.962166346332044	-50.404127926662895	-717.1280067417281
1993.0	49.0	19.96717582812177	-50.44273007867181	-717.0596857345872
1994.0	49.0	19.9721906207049	-50.43665404131335	-716.9796422979757
1995.0	49.0	19.977203025416323	-50.4203792029149	-716.8888742545254
1996.0	49.0	19.982208329054643	-50.39406127893137	-716.7865462070422
1997.0	49.0	19.987197618677357	-50.36623493851769	-716.6727828850718
1998.0	49.0	19.992181918082498	-50.32564920942508	-716.5489297064307
1999.0	49.0	19.99714859113378	-50.2979646138981	-716.4127661701585
2000.0	49.0	20.002103439744896	-50.256815209737404	-716.2687380392111
2001.0	49.0	20.00703272379904	-50.24231416992983	-716.1132090738879
2002.0	49.0	20.011954892486454	-50.37130037888981	-715.9499164816154
2003.0	49.0	20.016873741429574	-50.57900366068129	-715.7786402429178
2004.0	49.0	20.02177681679813	-50.77157437549514	-715.5983224140866
2005.0	49.0	20.02667508396009	-50.89212881030118	-715.4073667532825
2006.0	49.0	20.0315616342775	-50.935308863306055	-715.2038966768071
2007.0	49.0	20.036439450759442	-50.890232887473566	-714.9872208488833
2008.0	49.0	20.041296861652686	-50.752629146329156	-714.7564557361652
2009.0	49.0	20.046129631112425	-50.536054807374285	-714.5117347833623
2010.0	49.0	20.05094600482707	-50.262257126637074	-714.2534498628758
2011.0	49.0	20.055741923603247	-49.98947611840922	-713.9837869156761
2012.0	49.0	20.06050032940688	-49.7458704571269	-713.7041372015423
2013.0	49.0	20.06523701105867	-49.543340139337296	-713.4168027805689
2014.0	49.0	20.069956460763546	-49.38034311158004	-713.1220729891401
2015.0	49.0	20.074640736657404	-49.228567561796496	-712.8231247436256
2016.0	49.0	20.079316325867662	-49.07861180645617	-712.5169517953609
2017.0	49.0	20.083973793971026	-48.92402622416479	-712.2056749449803
2018.0	49.0	20.08861485829744	-48.781077725196376	-711.8882675593387
2019.0	49.5	19.901029357837594	-48.6681957427934	-711.5660711236112
2020.0	49.5	19.906261782094333	-48.54681306559257	-711.2383415525031
2021.0	49.5	19.911466408411755	-48.38605053464644	-710.9036464960935
2022.0	49.5	19.916661829909128	-48.165250271956054	-710.5631744949522
2023.0	49.5	19.921841801583053	-47.882204387724435	-710.213238134995
2024.0	49.5	19.92699568132269	-47.53153908530097	-709.8553866796647
2025.0	49.5	19.93213202284315	-47.1377621329173	-709.4887730350448
2026.0	49.5	19.937235039516363	-46.714494572476866	-709.1115740195148
2027.0	49.5	19.942312303409242	-46.262692002201746	-708.7257836304537
2028.0	49.5	19.947353512707913	-45.79586007428888	-708.3316331228048
2029.0	49.5	19.95236034129268	-45.32414609649069	-707.9299234386592
2030.0	49.5	19.95733579082094	-44.8446153778683	-707.5228052333212
2031.0	49.5	19.96227375963857	-44.367582465584036	-707.1084835207566
2032.0	49.5	19.967182411101902	-43.89327843052363	-706.6890190438993
2033.0	49.5	19.97204997150744	-43.47462025807164	-706.2636209926168
2034.0	49.5	19.976895487770093	-43.08925522815005	-705.8335426362279
2035.0	49.5	19.98170350969353	-42.73966234702213	-705.3998257491759
2036.0	49.5	19.986486424161924	-42.36772399044356	-704.9608443748508
2037.0	49.5	19.991248386923957	-41.94569641408595	-704.5186078841319
2038.0	49.5	19.995993519811787	-41.46312215843255	-704.0701241087962
2039.0	49.5	20.000140487493162	-73.66619125646352	-703.2454476426789
2040.0	49.5	20.003449332436503	-143.1648356276648	-702.5123554139215
2041.0	49.5	20.00686422381067	-45.99100996044573	-702.0930097437109
2042.0	49.5	20.010389810375678	-46.48154152424197	-701.7175867156665
2043.0	49.5	20.014012644154974	-46.69493211572624	-701.3483722968693
2044.0	49.5	20.017717815863715	-46.949303813055856	-700.981134988664
2045.0	49.5	20.021497838560723	-47.187264681691296	-700.6145508363788
2046.0	49.5	20.025347355153663	-47.40046811042193	-700.2465973919601
2047.0	49.5	20.02926399027302	-47.5982518208629	-699.8753453222807
2048.0	49.5	20.033233290547276	-47.77655840217468	-699.5019217989396
2049.0	49.5	20.037265104840653	-47.916959719643046	-699.1236426174946
2050.0	50.0	20.091222709908735	-48.04419119340115	-698.7393375603782
2051.0	50.0	20.096261244013167	-48.18112103730182	-698.3507981487311
2052.0	50.0	20.101326015957	-48.30633489730605	-697.9559935736626
2053.0	50.0	20.106431935596678	-48.380204739427626	-697.5540887142489
2054.0	50.0	20.11156362588186	-48.400450104290975	-697.145868168436
2055.0	50.0	20.11670954575211	-48.39390863701379	-696.7292640802689
2056.0	50.0	20.121881284960992	-48.389413220528375	-696.3055659322372
2057.0	50.0	20.12705808430521	-48.38359539815801	-695.8756688943974
2058.0	50.0	20.13224507592829	-48.38648275100121	-695.440684464006
2059.0	50.0	20.13744208388531	-48.38105142221116	-694.9984583206117
2060.0	50.0	20.14264508946768	-48.361157372554416	-694.5511084925715
2061.0	50.0	20.14785455772112	-48.33151689199102	-694.1008498591555
2062.0	50.0	20.153069957951082	-48.36750356054215	-693.6466875856911
2063.0	50.0	20.158287557000587	-48.54651449552788	-693.1900240045712
2064.0	50.0	20.16352873972409	-48.75633447928204	-692.7322228252256
2065.0	50.0	20.168765368271742	-48.94557556687071	-692.2707165143704
2066.0	50.0	20.174018828397713	-49.07372327573034	-691.8038693060383
2067.0	50.0	20.179280730369193	-49.133000197395894	-691.3311994383804
2068.0	50.0	20.18454134527243	-49.106777091636495	-690.8500285244652
2069.0	50.0	20.189803490725797	-48.995334395737075	-690.3604604036371
2070.0	50.0	20.195065016116413	-48.81023789416931	-689.8628979589452
2071.0	50.0	20.200314306569673	-48.573792776293466	-689.3553595666293
2072.0	50.0	20.205550152425648	-48.339809336112864	-688.8432453109776
2073.0	50.0	20.21077235721023	-48.12649762166623	-688.3251345105274
2074.0	50.0	20.21597852104372	-47.95172268915359	-687.8039322857309
2075.0	50.0	20.221174880361684	-47.80716496667729	-687.2792305079766
2076.0	50.0	20.22636330344886	-47.66728084196329	-686.753968087546
2077.0	50.0	20.231528701082343	-47.53046148179297	-686.2261284843088
2078.0	50.0	20.236690596203847	-47.38889702772362	-685.6966986506553
2079.0	50.0	20.24184960372538	-47.27320918096837	-685.1642363355126
2080.0	50.5	19.87945709069277	-47.16948382378564	-684.631978066702
2081.0	50.5	19.884971516621576	-47.078338230188045	-684.096472501065
2082.0	50.5	19.89047883826217	-46.94910395544651	-683.5592914652054
2083.0	50.5	19.895983864067198	-46.763256653420406	-683.0183390213541
2084.0	50.5	19.901481207818374	-46.5235427856074	-682.4715198033734
2085.0	50.5	19.906966359423894	-46.22349100964474	-681.9205590074401
2086.0	50.5	19.912431327396725	-45.86332010199421	-681.3628926274005
2087.0	50.5	19.917884687865435	-45.47755094200519	-680.8008414236009
2088.0	50.5	19.92331258113004	-45.06839919309213	-680.2327399780366
2089.0	50.5	19.92872386864259	-44.63547477079993	-679.6593379009878
2090.0	50.5	19.934104048154143	-44.18611453865794	-679.0813958249017
2091.0	50.5	19.939463253592447	-43.74325616376706	-678.4996782253108
2092.0	50.5	19.94478956002334	-43.303916773252496	-677.9143296470647
2093.0	50.5	19.95008679516548	-42.859887912228515	-677.3251611936635
2094.0	50.5	19.955364005257408	-42.43186909792004	-676.7322181870702
2095.0	50.5	19.96060787404034	-42.0600322714617	-676.1364896110317
2096.0	50.5	19.965832461491868	-41.73313621786293	-675.538935519661
2097.0	50.5	19.971023236099047	-41.4186736512712	-674.9371818254292
2098.0	50.5	19.976194792063858	-41.06561916144276	-674.3331337945348
2099.0	50.5	19.981349168839053	-40.659408484161574	-673.7250379312068
2100.0	50.5	19.986475053591448	-40.19180042762839	-673.1112841851817
2101.0	50.5	19.990608761141218	-174.60405678717981	-671.8532289911607
2102.0	50.5	19.994363571877752	-44.319698128632744	-671.2812930421042
2103.0	50.5	19.998236503838672	-45.50097783381847	-670.8247598478621
2104.0	50.5	20.002220099452085	-45.85137338931627	-670.3577831186536
2105.0	50.5	20.006295802508497	-46.07331418953014	-669.8726460604995
2106.0	50.5	20.010449538497127	-46.32804844549569	-669.3725923402478
2107.0	50.5	20.01467904109331	-46.55694622242949	-668.859866254661
2108.0	50.5	20.01897433103733	-46.76952715347724	-668.3361779859158
2109.0	50.5	20.023320365603375	-46.977712302999315	-667.8016087883162
2110.0	50.5	20.027719120164946	-47.16281185478351	-667.2566771940718
2111.0	51.0	19.841016005361414	-47.28972454962038	-666.7014696136237
2112.0	51.0	19.84610072815901	-47.41733122794024	-666.1365552493295
2113.0	51.0	19.851214484801638	-47.56749149933547	-665.5606373323923
2114.0	51.0	19.856343270999627	-47.697336633634876	-664.9759653226137
2115.0	51.0	19.8615036940325	-47.776558364020644	-664.379659703174
2116.0	51.0	19.866668868390956	-47.8036331337563	-663.7715451204798
2117.0	51.0	19.871850607945273	-47.81974005863642	-663.1517204831371
2118.0	51.0	19.877033448090355	-47.825844681500236	-662.5213895346269
2119.0	51.0	19.88221909140529	-47.83242873939006	-661.8802961806443
2120.0	51.0	19.887411762499774	-47.817988479390166	-661.230117751161
2121.0	51.0	19.892589089886204	-47.81294475049862	-660.5709008262183
2122.0	51.0	19.897767657491777	-47.80936927281382	-659.9028746158001
2123.0	51.0	19.90294335689048	-47.79320532380572	-659.2283400036838
2124.0	51.0	19.908115605074524	-47.867838008533695	-658.5464990121619
2125.0	51.0	19.913285831051684	-48.06716191238119	-657.8587626425004
2126.0	51.0	19.918450605598135	-48.29932602020305	-657.1675875523548
2127.0	51.0	19.923622606181404	-48.491562438995224	-656.4687824976974
2128.0	51.0	19.9287978632824	-48.61968618844996	-655.7624210426782
2129.0	51.0	19.933969604896358	-48.677218709489615	-655.0476507544516
2130.0	51.0	19.93914594776054	-48.652507480984646	-654.323988873673
2131.0	51.0	19.9443135880459	-48.54626939825261	-653.5921578671321
2132.0	51.0	19.94947172234765	-48.36910476076701	-652.8514438614619
2133.0	51.0	19.954626450184627	-48.14538725454355	-652.1060781176274
2134.0	51.0	19.959758642704003	-47.92871024561322	-651.3562184332991
2135.0	51.0	19.9648771230557	-47.73396396247381	-650.6055069112673
2136.0	51.0	19.969976748869218	-47.58378421748629	-649.8556507887126
2137.0	51.0	19.975061910673887	-47.46014003519739	-649.1093370679988
2138.0	51.0	19.98013497844262	-47.34145569397438	-648.368379074399
2139.0	51.0	19.985198829887988	-47.216524481237265	-647.6348820261235
2140.0	51.0	19.990248327822037	-47.08171314893241	-646.9083037721347
2141.0	51.0	19.99527951842791	-46.968423832391544	-646.1896657739079
2142.0	51.5	19.819468857767948	-46.88920798192541	-645.4813180029334
2143.0	51.5	19.825042720262136	-46.801464423070314	-644.7835496506223
2144.0	51.5	19.830601142072517	-46.68019251351946	-644.095914103901
2145.0	51.5	19.836147681740158	-46.50492155187907	-643.4177490620843
2146.0	51.5	19.841679456088205	-46.27270355167182	-642.7489227943039
2147.0	51.5	19.847194344604404	-45.97680627491552	-642.087233575012
2148.0	51.5	19.85268438574787	-45.63583706954179	-641.4332510465023
2149.0	51.5	19.85815448417337	-45.27107330049426	-640.7843176523114
2150.0	51.5	19.863597494599027	-44.87715978212564	-640.1399200765351
2151.0	51.5	19.869008590167955	-44.46191618840502	-639.5003742012616
2152.0	51.5	19.874379201103917	-44.027278239530276	-638.8634441955437
2153.0	51.5	19.879722354234623	-43.59406130421224	-638.2284689528009
2154.0	51.5	19.885024887085727	-43.16261344889087	-637.5935649409926
2155.0	51.5	19.89029167092348	-42.722784811943995	-636.9570804237225
2156.0	51.5	19.89552770000016	-42.31042069008817	-636.3170228629268
2157.0	51.5	19.90071818705348	-41.94613868862651	-635.6698191930828
2158.0	51.5	19.905883128967435	-41.63780671600927	-635.0153278632638
2159.0	51.5	19.91100950109122	-41.3203626172704	-634.3485146856515
2160.0	51.5	19.91610145233042	-40.95776520701823	-633.6676132402353
2161.0	51.5	19.92116383164497	-40.53896517091748	-632.9679026365452
2162.0	51.5	19.926196916117213	-40.055598087114994	-632.2466651753183
2163.0	51.5	19.92994891746197	-174.254125523183	-631.5293236490619
2164.0	51.5	19.933640394426586	-44.3715582248136	-630.8855422823246
2165.0	51.5	19.937456436618056	-45.239497276550516	-630.2601477635408
2166.0	51.5	19.94136139995013	-45.501547622707534	-629.6035501648444
2167.0	51.5	19.945353707182264	-45.715181139594584	-628.9004435374687
2168.0	51.5	19.949408491302968	-45.945483945102545	-628.1473172554865
2169.0	51.5	19.95351027955681	-46.1430923095472	-627.3471190935045
2170.0	51.5	19.95766612786442	-46.315910864061046	-626.5031795139722
2171.0	51.5	19.961852251022343	-46.473865535010674	-625.6201393838353
2172.0	51.5	19.966078745685607	-46.61601798257459	-624.7011042003575
2173.0	52.0	20.05243078443343	-46.73524596817279	-623.7486561253191
2174.0	52.0	20.05757032185499	-46.832379399190195	-622.7653556986616
2175.0	52.0	20.06272713838483	-46.956690882415906	-621.7552433011836
2176.0	52.0	20.067884401593506	-47.05640350191494	-620.7208665425087
2177.0	52.0	20.073036429330145	-47.103340107028	-619.6655935362343
2178.0	52.0	20.078186953558	-47.09845792181502	-618.5902107803316
2179.0	52.0	20.083319250880162	-47.086869198427536	-617.5014961870562
2180.0	52.0	20.08843645807985	-47.062223391500225	-616.402544969764
2181.0	52.0	20.093542046016665	-47.033947918882866	-615.2981932137154
2182.0	52.0	20.098617909014667	-47.014131969092276	-614.1936058289486
2183.0	52.0	20.10367099447641	-46.97946788140589	-613.0936376467155
2184.0	52.0	20.108706663723087	-46.93685679532994	-612.0016006494989
2185.0	52.0	20.11370281460482	-46.88844190317626	-610.9223449324382
2186.0	52.0	20.118681647115796	-46.90868915913785	-609.8619581381382
2187.0	52.0	20.123637320043052	-47.04935957597945	-608.8250331497248
2188.0	52.0	20.128578602367043	-47.219976892961064	-607.8121634258848
2189.0	52.0	20.13349349964111	-47.37353163536293	-606.826893655569
2190.0	52.0	20.138383539124145	-47.47293281285042	-605.8708567511779
2191.0	52.0	20.143268904220314	-47.51179131490367	-604.9443055133246
2192.0	52.0	20.148125185641128	-47.472522634066145	-604.0477676518007
2193.0	52.0	20.152958234391782	-47.357122701242766	-603.1842965723924
2194.0	52.0	20.15775582941112	-47.17263514895395	-602.3537884834084
2195.0	52.0	20.16253125187444	-46.935940624667005	-601.5572794453063
2196.0	52.0	20.16727362940277	-46.685427236905134	-600.7978568275065
2197.0	52.0	20.171971345238447	-46.45323913419512	-600.0771174496807
2198.0	52.0	20.17664232738068	-46.25645624988125	-599.3966811791125
2199.0	52.0	20.181275539267766	-46.090601430877044	-598.7583976912852
2200.0	52.0	20.18587144202451	-45.92623172219261	-598.1620849227393
2201.0	52.0	20.190441552959793	-45.75960210818938	-597.6076822987209
2202.0	52.0	20.194986621440556	-45.58568389016087	-597.0941600205322
2203.0	52.0	20.199497408275345	-45.40931743138839	-596.6214851805586
2204.0	52.0	20.203975614493963	-45.259641161952054	-596.1880966100792
2205.0	52.5	19.846076615031777	-45.11831658587164	-595.7934314979403
2206.0	52.5	19.850879632558442	-44.981196968310435	-595.4358947101703
2207.0	52.5	19.855648507179616	-44.810360915232756	-595.1133520523362
2208.0	52.5	19.86040424259827	-44.58860423905532	-594.824475476896
2209.0	52.5	19.86513651218958	-44.32321611422809	-594.5669160090363
2210.0	52.5	19.86983268952602	-44.001368059430696	-594.3377040054793
2211.0	52.5	19.874508242812485	-43.635031469275354	-594.135562180563
2212.0	52.5	19.879146267578083	-43.25663372483292	-593.9599613582284
2213.0	52.5	19.883751187768432	-42.85843391642287	-593.8078638377158
2214.0	52.5	19.88833243340076	-42.438077407458515	-593.6784896899514
2215.0	52.5	19.89287031233496	-41.99878022348933	-593.571014678611
2216.0	52.5	19.897381917573625	-41.55719373402607	-593.4841194043228
2217.0	52.5	19.90185047557984	-41.123895458841005	-593.4150844918449
2218.0	52.5	19.90628679626156	-40.69101300670179	-593.3645341001729
2219.0	52.5	19.910698651488204	-40.258227569631806	-593.329549163024
2220.0	52.5	19.915070352468597	-39.87917981607643	-593.3089305184103
2221.0	52.5	19.91942247197432	-39.555685063162876	-593.3029618048475
2222.0	52.5	19.92374040701489	-39.26847865956537	-593.3091329271334
2223.0	52.5	19.92804275482442	-38.95071275185553	-593.3253115285613
2224.0	52.5	19.932316443963852	-38.59287084523278	-593.3509499993302
2225.0	52.5	19.936570454341343	-38.18945572740968	-593.3824569266828
2226.0	52.5	19.940817838857523	-71.85997801657014	-593.4191033729916
2227.0	52.5	19.94394605639128	-147.7112653293605	-593.1913960565792
2228.0	52.5	19.947167015949823	-42.68810555610878	-593.3198130569473
2229.0	52.5	19.950477275890155	-43.355104895610545	-593.4544031466056
2230.0	52.5	19.95385115012223	-43.558045378440646	-593.5754046241317
2231.0	52.5	19.95728481038661	-43.70336144162708	-593.6846781150555
2232.0	52.5	19.96077168660429	-43.86715441569133	-593.787785028339
2233.0	52.5	19.964300147153473	-44.00795269913651	-593.8845835793178
2234.0	52.5	19.967872542512627	-44.13831338641884	-593.9769614283077
2235.0	52.5	19.971467466818364	-44.26372072471602	-594.0613626536586
2236.0	52.5	19.975108931992665	-44.36759410960391	-594.139937001648
2237.0	52.5	19.97876880454602	-44.451351979057605	-594.2097244522627
2238.0	53.0	19.79867683011519	-44.50857929396757	-594.2706002839083
2239.0	53.0	19.80297230214503	-44.59951201785933	-594.320992617877
2240.0	53.0	19.807279431163188	-44.69525948191775	-594.3610301813463
2241.0	53.0	19.811592154955356	-44.76098895633874	-594.3898402592523
2242.0	53.0	19.81591373573449	-44.78288499797901	-594.4035267768644
2243.0	53.0	19.820234981756258	-44.78399883623561	-594.4028342378359
2244.0	53.0	19.824559784577293	-44.77505277403373	-594.3880482085178
2245.0	53.0	19.828875082254434	-44.75136499986149	-594.3571741359777
2246.0	53.0	19.833182577037245	-44.70714313279056	-594.3108478484587
2247.0	53.0	19.837480656090985	-44.65038339164006	-594.2485923995424
2248.0	53.0	19.841769176598195	-44.611725411126855	-594.1718105979519
2249.0	53.0	19.846050182181347	-44.56538058602056	-594.0781645304066
2250.0	53.0	19.850317293856726	-44.51764631943584	-593.9706050835257
2251.0	53.0	19.854575807616392	-44.558648206662376	-593.8479880528686
2252.0	53.0	19.858824096527226	-44.690426092297855	-593.711707557176
2253.0	53.0	19.863067709977305	-44.86828369730619	-593.5613241383054
2254.0	53.0	19.867316623432604	-45.02306008322199	-593.3954151533751
2255.0	53.0	19.871548606828828	-45.135775097268336	-593.2131395141703
2256.0	53.0	19.875790329049924	-45.19519746988403	-593.0145192564889
2257.0	53.0	19.880028914213604	-45.1982115808343	-592.7981773501645
2258.0	53.0	19.884263015117863	-45.135195143017114	-592.5629272924801
2259.0	53.0	19.888498221111096	-45.01128491331022	-592.3088403790449
2260.0	53.0	19.892724817992065	-44.8354212377793	-592.0372577858994
2261.0	53.0	19.89693594366308	-44.63670787984375	-591.7495116839837
2262.0	53.0	19.90114526046645	-44.43684423157851	-591.4463468022935
2263.0	53.0	19.90534296793619	-44.2636744909182	-591.1297435448449
2264.0	53.0	19.909535725213573	-44.133049329007676	-590.8001804800538
2265.0	53.0	19.913715098628902	-44.00827323168214	-590.460833242182
2266.0	53.0	19.917895871753128	-43.88075268126695	-590.1123510690984
2267.0	53.0	19.922072047168378	-43.74582954621753	-589.7542120742942
2268.0	53.0	19.926240044043002	-43.6016673055306	-589.3887061054356
2269.0	53.0	19.930416013153444	-43.466620332950605	-589.0163337623038
2270.0	53.0	19.934590304248655	-43.343674346760785	-588.639591686674
2271.0	53.5	19.7664514399509	-43.26168459350477	-588.2580565616826
2272.0	53.5	19.771175303749317	-43.15479530649235	-587.8718706970675
2273.0	53.5	19.77589733965909	-43.01778011870516	-587.4819371156016
2274.0	53.5	19.780614293729457	-42.840995031441565	-587.0893075068716
2275.0	53.5	19.78533776641048	-42.61745797932747	-586.692630466465
2276.0	53.5	19.79005174779929	-42.352969545525724	-586.2927119239865
2277.0	53.5	19.79476445203189	-42.067095347528785	-585.8898962669982
2278.0	53.5	19.799465598919088	-41.75718412753642	-585.4853254678004
2279.0	53.5	19.804158104824076	-41.42752387459034	-585.079639009035
2280.0	53.5	19.808833952993748	-41.07763012136387	-584.6749594660196
2281.0	53.5	19.813501649105287	-40.707073399003306	-584.2714780232735
2282.0	53.5	19.818153570264503	-40.330545399228775	-583.8728264556861
2283.0	53.5	19.822788423543358	-39.95908430295886	-583.4794844334072
2284.0	53.5	19.82740630157257	-39.58755937197056	-583.0926267303732
2285.0	53.5	19.832008485225675	-39.217620614381914	-582.7135733187574
2286.0	53.5	19.836596930612842	-38.899768343733676	-582.3440024753214
2287.0	53.5	19.841167785066457	-38.61832311333516	-581.9862310910412
2288.0	53.5	19.845719037963452	-38.37619472676628	-581.6413957154066
2289.0	53.5	19.850268530203657	-38.103119136806534	-581.310964395821
2290.0	53.5	19.854801686878695	-37.79093060678948	-580.9934736536434
2291.0	53.5	19.859317650348128	-37.43430768628745	-580.690760078753
2292.0	53.5	19.86382684335517	-177.6469346709519	-580.4037901871336
2293.0	53.5	19.867253875146382	-39.92806040205824	-580.1646520113839
2294.0	53.5	19.870803255035266	-41.80987722250374	-579.9520122114892
2295.0	53.5	19.874428998128923	-42.424719263890296	-579.7629162674943
2296.0	53.5	19.878126862443587	-42.61980514223674	-579.5880919363477
2297.0	53.5	19.881882534981642	-42.756737803351584	-579.4283576209223
2298.0	53.5	19.885682848961167	-42.90585025325388	-579.2872546459585
2299.0	53.5	19.88952936768828	-43.04210955008085	-579.1648779013441
2300.0	53.5	19.893402500228056	-43.16300557426626	-579.0615542804484
2301.0	53.5	19.897311796935277	-43.279367194898064	-578.977399870742
2302.0	53.5	19.90123937409616	-43.37958629296067	-578.9123707432951
2303.0	53.5	19.90519246561689	-43.461690354238115	-578.8646312468097
2304.0	54.0	20.002275071190194	-43.553978107153505	-578.8328911308071
2305.0	54.0	20.007074411723227	-43.64454909204707	-578.8175080038346
2306.0	54.0	20.0118859365421	-43.75353059432715	-578.8176074095453
2307.0	54.0	20.0167057291869	-43.835121290755616	-578.8308841561953
2308.0	54.0	20.021523724386206	-43.874527786738874	-578.8547133527562
2309.0	54.0	20.026354421008143	-43.898641931691586	-578.8887471694886
2310.0	54.0	20.03117039865744	-43.91036914575844	-578.930561317352
2311.0	54.0	20.035986334393467	-43.904325234887644	-578.9806824943425
2312.0	54.0	20.04079059567866	-43.88299974889482	-579.0356875669382
2313.0	54.0	20.045576338397126	-43.86698044495107	-579.0961218361101
2314.0	54.0	20.050364405123325	-43.84347775332147	-579.16047787597
2315.0	54.0	20.05513682722104	-43.811236192366856	-579.2272741846347
2316.0	54.0	20.0599014543748	-43.77267756961166	-579.2976612235175
2317.0	54.0	20.064651719576265	-43.78809455381913	-579.3693462027946
2318.0	54.0	20.069390418473084	-43.899224121175614	-579.4419902244739
2319.0	54.0	20.074124962250327	-44.07117502131661	-579.5167421566011
2320.0	54.0	20.07884989644083	-44.24291936993049	-579.5891382165496
2321.0	54.0	20.08356329395146	-44.38428944075821	-579.6586061128509
2322.0	54.0	20.088283604316423	-44.48086084590387	-579.7226499893012
2323.0	54.0	20.092995469314708	-44.51964445248712	-579.7791053122778
2324.0	54.0	20.097699783074237	-44.49679057433395	-579.8262381057932
2325.0	54.0	20.102405500366235	-44.41120286270226	-579.8631826361473
2326.0	54.0	20.10708459722017	-44.27053039506274	-579.8861985386197
2327.0	54.0	20.111759970776866	-44.09749954034249	-579.8972561355394
2328.0	54.0	20.11642334420171	-43.907238365130496	-579.8957600547445
2329.0	54.0	20.121062364779373	-43.73342089829104	-579.8813356456411
2330.0	54.0	20.12569573274436	-43.59234044588194	-579.854143231572
2331.0	54.0	20.130323120575945	-43.46732777750024	-579.8147220848774
2332.0	54.0	20.134922960368893	-43.34166519642365	-579.7625825855688
2333.0	54.0	20.139521160237894	-43.213042258188935	-579.6968146204814
2334.0	54.0	20.144104042679928	-43.07412190323428	-579.617235015052
2335.0	54.0	20.148689026074244	-42.945580093127205	-579.5236157470226
2336.0	54.0	20.1532688048616	-42.819079218832016	-579.4168458470975
2337.0	54.5	19.803066923465348	-42.69860078353524	-579.2956191422061
2338.0	54.5	19.80798185040706	-42.5968572783841	-579.1607637209165
2339.0	54.5	19.81289612980982	-42.473065001311824	-579.0103485684501
2340.0	54.5	19.817805613126183	-42.31749199898717	-578.8450390479029
2341.0	54.5	19.82271423381889	-42.12862202487267	-578.6633135849138
2342.0	54.5	19.82761168061731	-41.891442002646976	-578.4642900897076
2343.0	54.5	19.832503146576784	-41.62272766988106	-578.2477335392122
2344.0	54.5	19.837394592047563	-41.338148797765406	-578.0140493975962
2345.0	54.5	19.84226977276794	-41.02858729688528	-577.7615493107885
2346.0	54.5	19.847140011285592	-40.69539881375942	-577.4926142942035
2347.0	54.5	19.85199096156523	-40.34405856221256	-577.2065738441297
2348.0	54.5	19.856829055376792	-39.98983897897066	-576.9041347883946
2349.0	54.5	19.861656202503564	-39.629412432030115	-576.5852077040623
2350.0	54.5	19.866466502567512	-39.26330485626115	-576.2516725625826
2351.0	54.5	19.87126099669545	-38.89446227059776	-575.9013654698543
2352.0	54.5	19.876040420586634	-38.5488173585568	-575.5367342162232
2353.0	54.5	19.88080646805068	-38.24359653840475	-575.1592376612199
2354.0	54.5	19.885562631074432	-37.996250731921904	-574.7674435689826
2355.0	54.5	19.890307008759642	-37.758888179518	-574.363816766191
2356.0	54.5	19.895046427179203	-37.4883619368588	-573.9464897114544
2357.0	54.5	19.89978321334701	-37.17956416130692	-573.5165461229291
2358.0	54.5	19.904509640365582	-36.82568664966746	-573.0728703494307
2359.0	54.5	19.908907705470256	-180.54859506972915	-572.28691990974
2360.0	54.5	19.912572567288958	-40.24531049513675	-571.8479739662314
2361.0	54.5	19.916326400747973	-41.734375680432834	-571.4329819897167
2362.0	54.5	19.920181459942846	-42.22795348005953	-570.9981947357634
2363.0	54.5	19.924110563013848	-42.426162861607985	-570.5437805901438
2364.0	54.5	19.92812166301967	-42.578119912899425	-570.0724859005338
2365.0	54.5	19.932188729175383	-42.74644323908459	-569.5884456722414
2366.0	54.5	19.93631130939094	-42.912079949368675	-569.0937581552383
2367.0	54.5	19.940481141665977	-43.06715413709784	-568.5898083264748
2368.0	54.5	19.944699547139496	-43.20425904002985	-568.0759435426864
2369.0	54.5	19.948956459952637	-43.323484129658425	-567.5531947144358
2370.0	54.5	19.953258276392273	-43.42941298745349	-567.0231727952879
2371.0	55.0	19.77454546381524	-43.52413515384476	-566.4832993299636
2372.0	55.0	19.779428095233545	-43.642314894876705	-565.9368704959093
2373.0	55.0	19.784318991910496	-43.77329803849698	-565.3836879653587
2374.0	55.0	19.78923959114354	-43.87224785519472	-564.8220142025032
2375.0	55.0	19.794190270246954	-43.941900326253304	-564.2529678750819
2376.0	55.0	19.799141021196785	-44.0010747014412	-563.6757575663484
2377.0	55.0	19.80411064256083	-44.042008382737556	-563.0906323529381
2378.0	55.0	19.80908567896975	-44.062492146977824	-562.4988244318332
2379.0	55.0	19.814074621294267	-44.05728075446865	-561.9006099716811
2380.0	55.0	19.819062413019026	-44.05604464923482	-561.2978214295566
2381.0	55.0	19.824054489793802	-44.06586694256786	-560.6900064181398
2382.0	55.0	19.82905523715561	-44.06074194692438	-560.0788779620206
2383.0	55.0	19.834051482473285	-44.07807983200087	-559.4642475218257
2384.0	55.0	19.839048646533552	-44.199610246754915	-558.8481113268673
2385.0	55.0	19.84405561928237	-44.396101200585456	-558.2310323600539
2386.0	55.0	19.849058626666064	-44.61577915351267	-557.612175958525
2387.0	55.0	19.854071446766792	-44.81454006886207	-556.9929316643942
2388.0	55.0	19.85908952941194	-44.96869827508369	-556.3705963293651
2389.0	55.0	19.864114960288216	-45.06739334598241	-555.745421589838
2390.0	55.0	19.86914073764624	-45.10120044751069	-555.1149999262244
2391.0	55.0	19.87417277485165	-45.06853965062008	-554.4798351101753
2392.0	55.0	19.87920251921329	-44.97593784262272	-553.8394677818644
2393.0	55.0	19.884222308796723	-44.83447830847768	-553.1936716977466
2394.0	55.0	19.88924085716284	-44.670898765959116	-552.5419605855927
2395.0	55.0	19.894252789753693	-44.509170697345574	-551.8870108634883
2396.0	55.0	19.899244184261285	-44.38572302894857	-551.2298197615916
2397.0	55.0	19.904229340906937	-44.294711507238986	-550.5699556055354
2398.0	55.0	19.90920575583446	-44.20274787665904	-549.9082528841564
2399.0	55.0	19.914171322452827	-44.10428802447326	-549.244813676373
2400.0	55.0	19.919138566373018	-43.993459880171365	-548.579558392784
2401.0	55.0	19.92409268765541	-43.87858367210985	-547.9124555948044
2402.0	55.0	19.92904957565073	-43.77110458904527	-547.2430968718978
2403.0	55.5	19.76710485004332	-43.67527317390701	-546.5708720504317
2404.0	55.5	19.772518729356165	-43.59719623537219	-545.8960612265984
2405.0	55.5	19.777923983598455	-43.497316324711825	-545.2183792273316
2406.0	55.5	19.78332137112691	-43.368280891207384	-544.5373992732984
2407.0	55.5	19.788717984329907	-43.195543930042106	-543.8504460937966
2408.0	55.5	19.79410136080671	-42.981065161477936	-543.1576184876499
2409.0	55.5	19.799473920586735	-42.73828092814831	-542.4563853061223
2410.0	55.5	19.804832448070876	-42.46769074239453	-541.7484246063152
2411.0	55.5	19.81017433865094	-42.16982085714535	-541.0304867666487
2412.0	55.5	19.81549120847324	-41.84522602897046	-540.306121869215
2413.0	55.5	19.82079663579134	-41.5013613634645	-539.5733642157688
2414.0	55.5	19.82608248676577	-41.15045744943151	-538.8336829214294
2415.0	55.5	19.831342401291263	-40.78980317208985	-538.0870624297085
2416.0	55.5	19.836575302519904	-40.426466927138144	-537.3330779667336
2417.0	55.5	19.841791793098842	-40.063546654768516	-536.5733666273557
2418.0	55.5	19.84698093133905	-39.741669706814555	-535.8067387318977
2419.0	55.5	19.852155931143805	-39.44574023932019	-535.0347913651827
2420.0	55.5	19.85731316779442	-39.20859870425772	-534.2583211992124
2421.0	55.5	19.862443314011077	-38.95025649985308	-533.4767522432312
2422.0	55.5	19.86756962601009	-38.65005870737183	-532.6902854784688
2423.0	55.5	19.872669721596747	-38.30135802384611	-531.8968618706758
2424.0	55.5	19.877764608057507	-37.89937478905577	-531.0982702845168
2425.0	55.5	19.881696752871065	-180.4380754496561	-530.3164300698293
2426.0	55.5	19.885599098843013	-42.71534717190356	-529.5407595804694
2427.0	55.5	19.889615096791502	-43.412471130450506	-528.7671700482922
2428.0	55.5	19.893732710443135	-43.638526715816305	-527.9834433566671
2429.0	55.5	19.897922505241457	-43.78752263383889	-527.1906636861258
2430.0	55.5	19.90217262840448	-43.95675270975598	-526.3914090651599
2431.0	55.5	19.90648267689797	-44.121730910434714	-525.5862206049821
2432.0	55.5	19.91083828040183	-44.280805920991725	-524.7765572370143
2433.0	55.5	19.91524004444345	-44.424987184453386	-523.9626499464646
2434.0	55.5	19.919668572354478	-44.54766665987683	-523.1442306645466
2435.0	55.5	19.92413620352528	-44.65350040234021	-522.3215596493051
2436.0	56.0	19.784572331940378	-44.766606298278184	-521.4954883449492
2437.0	56.0	19.789634578463872	-44.877471203024086	-520.6641724670783
2438.0	56.0	19.79471871989213	-45.00084085264412	-519.8307345866178
2439.0	56.0	19.799811940967576	-45.09199703076588	-518.9923026950537
2440.0	56.0	19.80492096927578	-45.15428548085234	-518.1494009881278
2441.0	56.0	19.81003107614528	-45.20538353580466	-517.3014241348262
2442.0	56.0	19.815144955481717	-45.23382877424442	-516.4482952643492
2443.0	56.0	19.820264457803017	-45.246996002816616	-515.5918477881988
2444.0	56.0	19.825376961104944	-45.263376647388505	-514.7302711080813
2445.0	56.0	19.83048244251653	-45.26371236454801	-513.86592813937
2446.0	56.0	19.835576479430962	-45.26642299444934	-512.9981322224703
2447.0	56.0	19.84067169292657	-45.25749976562928	-512.1292619018749
2448.0	56.0	19.845757177239115	-45.279155261531656	-511.2571945810031
2449.0	56.0	19.850837560798432	-45.41118577249862	-510.38513249104886
2450.0	56.0	19.855902148053506	-45.61069397395045	-509.5128759788948
2451.0	56.0	19.860980953516258	-45.82084405805843	-508.6393335603453
2452.0	56.0	19.866050065059916	-46.00235917002507	-507.7655291259486
2453.0	56.0	19.87111095255919	-46.12950011230201	-506.8878751721821
2454.0	56.0	19.87617714229921	-46.19066680786871	-506.0066859539775
2455.0	56.0	19.881233556084258	-46.18056846329083	-505.1205865448362
2456.0	56.0	19.886284140073766	-46.101803381151534	-504.22944178152005
2457.0	56.0	19.891322887936493	-45.96382330861858	-503.33243685653633
2458.0	56.0	19.896359987780222	-45.78880605259704	-502.4289807734898
2459.0	56.0	19.901374103008536	-45.60429566098872	-501.5213425656507
2460.0	56.0	19.906370146638498	-45.43858983866358	-500.610466440469
2461.0	56.0	19.91135962988409	-45.29880327056112	-499.6975404524594
2462.0	56.0	19.91632056813763	-45.18543592755378	-498.78236257348317
2463.0	56.0	19.92127377856312	-45.0732991888171	-497.86506010780494
2464.0	56.0	19.926223572054038	-44.95499294830029	-496.946387375345
2465.0	56.0	19.93115467496071	-44.8256867495637	-496.02535169663213
2466.0	56.0	19.93607840646641	-44.703310957392354	-495.103584632665
2467.0	56.0	19.94099547296886	-44.58318320321191	-494.1786280577667
2468.0	56.5	20.042835667465745	-44.48805288267799	-493.25264574215765
2469.0	56.5	20.048492571670803	-44.37450522676501	-492.3242620567016
2470.0	56.5	20.054140386725066	-44.23447967174423	-491.3917624008001
2471.0	56.5	20.059783848123494	-44.06281423128526	-490.4549236092949
2472.0	56.5	20.065412768240456	-43.83859542861921	-489.51243673140794
2473.0	56.5	20.07103104346152	-43.57679215030209	-488.56327720510075
2474.0	56.5	20.076635426065202	-43.29203352059655	-487.6084307843055
2475.0	56.5	20.08221578098706	-42.97627448693355	-486.6460872733577
2476.0	56.5	20.087783097045374	-42.63135092808819	-485.6768567972768
2477.0	56.5	20.093332261741786	-42.271657172765366	-484.70182694549766
2478.0	56.5	20.098849671981984	-41.90765827042892	-483.7197608895858
2479.0	56.5	20.104353898607872	-41.530945939827326	-482.73329471578614
2480.0	56.5	20.109825776526158	-41.1403659041845	-481.74034481744377
2481.0	56.5	20.11528250329072	-40.74934528705968	-480.74247193203695
2482.0	56.5	20.120710247130926	-40.380938184353454	-479.7406783467304
2483.0	56.5	20.126121166924317	-40.057778518731574	-478.7341249455715
2484.0	56.5	20.13149742237112	-39.79107546135945	-477.72407789875996
2485.0	56.5	20.136871691309494	-39.52681618656547	-476.7118811822256
2486.0	56.5	20.14221842161278	-39.22110999686362	-475.6962268265502
2487.0	56.5	20.1475578929827	-38.86671600225857	-474.67736191005525
2488.0	56.5	20.152876400929042	-38.45635610617188	-473.6532937539712
2489.0	56.5	20.157331192137182	-179.6932907997775	-472.2403113728749
2490.0	56.5	20.16146040889161	-42.91065396006476	-471.2436379882994
2491.0	56.5	20.165672404977805	-43.934519493676454	-470.26130574188494
2492.0	56.5	20.169975626504833	-44.271568423721035	-469.26781820913976
2493.0	56.5	20.1743572405472	-44.45059378232939	-468.26164482566065
2494.0	56.5	20.178807305406952	-44.64232188828894	-467.2475588610357
2495.0	56.5	20.18331532564604	-44.8525631732408	-466.2291707240338
2496.0	56.5	20.187882834768395	-45.043941588497496	-465.2081305115259
2497.0	56.5	20.192486309283044	-45.21386790729833	-464.18185536640004
2498.0	56.5	20.197146090388667	-45.35875837042387	-463.1521498532276
2499.0	56.5	20.201840176520722	-45.48749974283521	-462.12000073157276
2500.0	57.0	19.848723930959707	-45.58162050825369	-461.0823563272422
2501.0	57.0	19.853841135133703	-45.69698354484615	-460.04042177814046
2502.0	57.0	19.858974805081722	-45.82662237995958	-458.9946764345201
2503.0	57.0	19.86413162580352	-45.92927053557668	-457.94370526986194
2504.0	57.0	19.86929793594098	-46.00363021462958	-456.88697507852044
2505.0	57.0	19.87447337692198	-46.06290782636981	-455.8248434553863
2506.0	57.0	19.87966118178753	-46.104003645160425	-454.7557105695751
2507.0	57.0	19.88484650779073	-46.11915981699513	-453.6834759096815
2508.0	57.0	19.890031651083923	-46.12316593538599	-452.60533162798896
2509.0	57.0	19.89520473346648	-46.13437275571357	-451.52370049274015
2510.0	57.0	19.900381472354507	-46.14177725938367	-450.4385079858745
2511.0	57.0	19.905552420644735	-46.160382739343916	-449.3512854225898
2512.0	57.0	19.91071186739311	-46.234803517106805	-448.2610971123552
2513.0	57.0	19.915871428754617	-46.41896712002548	-447.1711437576895
2514.0	57.0	19.921028856332025	-46.64423434496378	-446.0805930384681
2515.0	57.0	19.926174256558678	-46.86335160775506	-444.99069985681496
2516.0	57.0	19.931328437947304	-47.039947956053275	-443.90034653232766
2517.0	57.0	19.936472231800387	-47.150909163030285	-442.80864231600583
2518.0	57.0	19.9416206133856	-47.18692701021798	-441.71456684699206
2519.0	57.0	19.946757694375787	-47.14937028449459	-440.61917874240015
2520.0	57.0	19.951892366280237	-47.042293355581705	-439.521035258395
2521.0	57.0	19.957006083418968	-46.875749614775614	-438.42193127392585
2522.0	57.0	19.96210326484907	-46.68245744455366	-437.3241459748853
2523.0	57.0	19.967182868383947	-46.50115609009604	-436.22806043618664
2524.0	57.0	19.972242329396884	-46.350193924229856	-435.1368351606009
2525.0	57.0	19.97728105236649	-46.23094666200752	-434.05231275448585
2526.0	57.0	19.982294510149636	-46.12462422004024	-432.97684372209295
2527.0	57.0	19.987305138699025	-46.012100962581016	-431.91057016101723
2528.0	57.0	19.992290627210732	-45.8874025165906	-430.8546850203843
2529.0	57.0	19.997261012713672	-45.75404552951397	-429.8120736883166
2530.0	57.0	20.002210379273908	-45.63241470088785	-428.78103797418373
2531.0	57.5	19.830633404552064	-45.503262249601	-427.76433421302585
2532.0	57.5	19.83605986139849	-45.39331309925483	-426.7631908166841
2533.0	57.5	19.841483776557933	-45.26061183592376	-425.77778843089396
2534.0	57.5	19.846886937521425	-45.091880446875145	-424.8077244292606
2535.0	57.5	19.852269299923556	-44.87712547494831	-423.8534209588625
2536.0	57.5	19.85762549532417	-44.624321197591684	-422.91447416575323
2537.0	57.5	19.86296379903449	-44.33846514738306	-421.99229252681556
2538.0	57.5	19.868277403331042	-44.01881348378899	-421.08657531314446
2539.0	57.5	19.873552681289496	-43.668451368730985	-420.19906822551985
2540.0	57.5	19.878806668864918	-43.297429996074726	-419.3318855091195
2541.0	57.5	19.88401846567503	-42.917138965523826	-418.48572322815494
2542.0	57.5	19.889198084509975	-42.5269209919417	-417.66076694811954
2543.0	57.5	19.894345275241562	-42.12380965937122	-416.86107291044925
2544.0	57.5	19.89946436494173	-41.72359468130158	-416.08463135336996
2545.0	57.5	19.904542072601078	-41.344599038046894	-415.33380807511537
2546.0	57.5	19.90958806555382	-41.01238181879042	-414.60964183994633
2547.0	57.5	19.914613786258805	-40.71787355798449	-413.91168838325723
2548.0	57.5	19.91960092551086	-40.42733550213768	-413.24276408056636
2549.0	57.5	19.92457045765292	-40.09172400502007	-412.60179521544114
2550.0	57.5	19.929506657384675	-39.704788011412354	-411.9887309197015
2551.0	57.5	19.934418529301926	-39.257134048729	-411.4027202202978
2552.0	57.5	19.93824364513888	-179.17364420040667	-410.76823003672985
2553.0	57.5	19.94202039708162	-43.90716485521351	-410.22992296094276
2554.0	57.5	19.94588871329153	-44.68606516657318	-409.74092701449473
2555.0	57.5	19.949831467513334	-44.94194812941088	-409.28205582573344
2556.0	57.5	19.953839819979155	-45.11289973749597	-408.85146246681006
2557.0	57.5	19.957895955738742	-45.31299783636522	-408.45033982488064
2558.0	57.5	19.96200184419852	-45.51150875187743	-408.0791474985888
2559.0	57.5	19.96614106994103	-45.694307680830846	-407.7375918382999
2560.0	57.5	19.97031865450225	-45.85101505195311	-407.42244464175093
2561.0	57.5	19.974529007998363	-45.98752330312567	-407.13328897438083
2562.0	57.5	19.978752328244376	-46.100154200981635	-406.8691354725846
2563.0	58.0	19.809099560168214	-46.20649712317245	-406.62787594675234
2564.0	58.0	19.813952752770014	-46.321583199591785	-406.408477542992
2565.0	58.0	19.818813594344956	-46.419674260022454	-406.2085746510206
2566.0	58.0	19.823676108450332	-46.48645398595671	-406.027049761418
2567.0	58.0	19.82853455428449	-46.53809599513491	-405.86213390226635
2568.0	58.0	19.8334061948755	-46.56614914374418	-405.71112015581036
2569.0	58.0	19.838265013091494	-46.582433188377905	-405.57418600257176
2570.0	58.0	19.843118980213895	-46.6023311881279	-405.4491192872127
2571.0	58.0	19.84796801490109	-46.60753264110994	-405.33479810500427
2572.0	58.0	19.852793012167314	-46.60073469011803	-405.2312764934918
2573.0	58.0	19.857611890455978	-46.59367162471159	-405.1371107178094
2574.0	58.0	19.86242138589044	-46.612059550474385	-405.05196460007437
2575.0	58.0	19.8672066048898	-46.72016558606691	-404.9753321162239
2576.0	58.0	19.871991476372447	-46.90987991927356	-404.9054330348153
2577.0	58.0	19.876770379730264	-47.119353166812566	-404.8430316532863
2578.0	58.0	19.881529320864075	-47.30210707086362	-404.78479282930107
2579.0	58.0	19.88628739307749	-47.424163694136496	-404.72965594061543
2580.0	58.0	19.891035888030046	-47.47520427708893	-404.6752499136705
2581.0	58.0	19.895767207936277	-47.44906804669799	-404.61948505431604
2582.0	58.0	19.90049486573262	-47.34988277573544	-404.5626387986701
2583.0	58.0	19.90519519250284	-47.186170975337696	-404.5021629348754
2584.0	58.0	19.90987408238886	-46.97584543515877	-404.4408483378743
2585.0	58.0	19.91453749831906	-46.76227197839394	-404.38056775567634
2586.0	58.0	19.91916829002176	-46.56819248111264	-404.3203503530485
2587.0	58.0	19.92378055796893	-46.395091470408865	-404.26294646173125
2588.0	58.0	19.928361885761024	-46.2553139934202	-404.21091029155764
2589.0	58.0	19.93291887493848	-46.129253862010685	-404.16478231269014
2590.0	58.0	19.93746396570552	-45.994777313740315	-404.1249917882815
2591.0	58.0	19.94198112444336	-45.843931082282154	-404.0926999946179
2592.0	58.0	19.94648021444177	-45.69772946256467	-404.0694960150691
2593.0	58.0	19.950965210039655	-45.55316416883692	-404.05705508560084
2594.0	58.5	20.049557099663616	-45.42961777467304	-404.054215335987
2595.0	58.5	20.0548505575551	-45.282429260357716	-404.06402000443853
2596.0	58.5	20.060132011249816	-45.11257596824485	-404.0845103066333
2597.0	58.5	20.06537711586068	-44.89416511336435	-404.1173285019588
2598.0	58.5	20.070612472428166	-44.629080447229256	-404.1617992120128
2599.0	58.5	20.07582515045306	-44.337902219406864	-404.21709697659185
2600.0	58.5	20.081009571251027	-44.01106313406547	-404.28282981702
2601.0	58.5	20.086169650139443	-43.64902384729647	-404.35972898215874
2602.0	58.5	20.09129935699943	-43.273693241437776	-404.44909389446104
2603.0	58.5	20.09640409017231	-42.88802873387103	-404.5494841399536
2604.0	58.5	20.101468083643745	-42.48898635368233	-404.66095477538346
2605.0	58.5	20.106510096111528	-42.07659457210523	-404.7820819118126
2606.0	58.5	20.111516743507515	-41.655818688345235	-404.91328022759336
2607.0	58.5	20.116499351401586	-41.23732308807656	-405.0524214651265
2608.0	58.5	20.12144563165276	-40.868353686465554	-405.19892942474985
2609.0	58.5	20.126372849097454	-40.537811086528656	-405.35188976361883
2610.0	58.5	20.13126792015684	-40.2330953461991	-405.50932879374704
2611.0	58.5	20.13614940577245	-39.91424092745041	-405.6682643878997
2612.0	58.5	20.14100054943647	-39.55042028612373	-405.82770086026454
2613.0	58.5	20.14583928082451	-39.13201513032036	-405.9828964075499
2614.0	58.5	20.150360827801457	-177.96294755873248	-405.78505711530573
2615.0	58.5	20.154381691444488	-42.52810086298926	-405.7156184662907
2616.0	58.5	20.158453724769924	-44.084903070915196	-405.9020221724735
2617.0	58.5	20.162560967135455	-44.60442843211856	-406.0598935368585
2618.0	58.5	20.16671147441218	-44.805090075608014	-406.1905188667494
2619.0	58.5	20.170900470176257	-45.00289397762129	-406.3007693660421
2620.0	58.5	20.175109225036174	-45.22794534074068	-406.39221085717804
2621.0	58.5	20.179362222995273	-45.44026011853407	-406.46635878586943
2622.0	58.5	20.183640283076446	-45.629972009306826	-406.5212498693253
2623.0	58.5	20.18794354414979	-45.798944593889004	-406.5550565982374
2624.0	58.5	20.1922703571086	-45.9437841431051	-406.5676469058669
2625.0	59.0	19.84385571403109	-46.032711812745454	-406.5565708478418
2626.0	59.0	19.848636382658718	-46.14189127210591	-406.52182864268633
2627.0	59.0	19.853448041147182	-46.25634252434584	-406.46383703852587
2628.0	59.0	19.858259965788985	-46.35107482493997	-406.38085417857377
2629.0	59.0	19.86309012454437	-46.426448965770994	-406.27438637729193
2630.0	59.0	19.86791384181227	-46.4782676667834	-406.14545853156517
2631.0	59.0	19.872756636143354	-46.5134036421131	-405.99287323674423
2632.0	59.0	19.877597967536534	-46.52647393120145	-405.82132219213463
2633.0	59.0	19.882439131419137	-46.54343490997028	-405.6299070460387
2634.0	59.0	19.88727751985782	-46.54936381698966	-405.42277333459083
2635.0	59.0	19.892122759793825	-46.555005916586616	-405.20106364399027
2636.0	59.0	19.89694930025192	-46.58955552710571	-404.9670944174091
2637.0	59.0	19.90178473743602	-46.67835679133465	-404.72231382868864
2638.0	59.0	19.906619212166778	-46.84203045645728	-404.4692772971632
2639.0	59.0	19.911451500313348	-47.062904177990156	-404.2119527122051
2640.0	59.0	19.916291535425408	-47.26945687329672	-403.94936737941737
2641.0	59.0	19.921136283685115	-47.44114433163331	-403.68267902428477
2642.0	59.0	19.925988985958668	-47.547631931592036	-403.4118808723185
2643.0	59.0	19.930836600607726	-47.57825613410461	-403.13700952678283
2644.0	59.0	19.93569596105655	-47.53219580156616	-402.85686121261205
2645.0	59.0	19.94055662747588	-47.41582697095051	-402.5733217904417
2646.0	59.0	19.945412609981872	-47.2385679202685	-402.2847954349917
2647.0	59.0	19.95025557635468	-47.02678799871648	-401.9937407304786
2648.0	59.0	19.95509808447579	-46.842124350735254	-401.70055148618655
2649.0	59.0	19.95992461755298	-46.673769951337206	-401.4076114312658
2650.0	59.0	19.964750303478976	-46.535041547872304	-401.1148797963462
2651.0	59.0	19.969564723612628	-46.41135328966022	-400.8230536087199
2652.0	59.0	19.97438025736063	-46.29820752496442	-400.53181253801864
2653.0	59.0	19.97918553984298	-46.17939818020083	-400.24023708030103
2654.0	59.0	19.98399144691362	-46.04398827082774	-399.9492373291507
2655.0	59.0	19.98880100288592	-45.911270267096725	-399.65680544857446
2656.0	59.5	19.814679619917637	-45.790095017085505	-399.36253385675957
2657.0	59.5	19.820077584038014	-45.674282051231444	-399.06566406355853
2658.0	59.5	19.825470286734895	-45.54137685746496	-398.76584929571715
2659.0	59.5	19.830865550520418	-45.36637178029833	-398.4614255999569
2660.0	59.5	19.836264790256998	-45.15325420971455	-398.15027438460214
2661.0	59.5	19.841654785431434	-44.9057554588151	-397.8319341648098
2662.0	59.5	19.847040587194925	-44.618932417021156	-397.50495979182466
2663.0	59.5	19.85242019776078	-44.29271201796303	-397.169251841567
2664.0	59.5	19.857781007869534	-43.9480135980521	-396.8271462177687
2665.0	59.5	19.863135633370455	-43.590210824544414	-396.4782728443361
2666.0	59.5	19.868487470369278	-43.21756657028646	-396.12273471334316
2667.0	59.5	19.873812874004685	-42.833138150480984	-395.7618203630004
2668.0	59.5	19.879131842986787	-42.44806138508916	-395.39548664534556
2669.0	59.5	19.884440445960394	-42.049977478760546	-395.02449649951234
2670.0	59.5	19.889728830744463	-41.68903718916725	-394.64961576245526
2671.0	59.5	19.895019318582854	-41.381308367669334	-394.2706930108202
2672.0	59.5	19.900299233748573	-41.08812871210354	-393.88958642538137
2673.0	59.5	19.90556700327121	-40.780764433102014	-393.50579434233634
2674.0	59.5	19.910842536275464	-40.434909074637694	-393.11921131540424
2675.0	59.5	19.916104433847796	-40.028589442263765	-392.7286759328962
2676.0	59.5	19.8941161755836	-189.2769032515677	-392.22552685290435
2677.0	59.5	19.898772934113225	-43.4575661515073	-391.7692449522201
2678.0	59.5	19.90348113135835	-44.76767326938038	-391.3902374701126
2679.0	59.5	19.90824791320509	-45.22358917343023	-391.0121117571734
2680.0	59.5	19.91305296313439	-45.45829382428516	-390.6298190206466
2681.0	59.5	19.917899983650095	-45.73650157080591	-390.24502380906114
2682.0	59.5	19.92278783776419	-46.00914525382944	-389.86019314670955
2683.0	59.5	19.92771740007341	-46.26987924059465	-389.47446322753854
2684.0	59.5	19.932682335161605	-46.50959280709951	-389.0873402349067
2685.0	59.5	19.93768582132458	-46.726193346961956	-388.6979063459759
2686.0	59.5	19.94273119430582	-46.900481964449675	-388.3046320505417
2687.0	60.0	20.0527295904369	-47.060458560433275	-387.90776540190507
2688.0	60.0	20.058715647305345	-47.224368040676595	-387.5054589266353
2689.0	60.0	20.064725949324362	-47.36034129507249	-387.09621638675776
2690.0	60.0	20.070765279430383	-47.480334410303826	-386.6805117186511
2691.0	60.0	20.076821395022392	-47.58072254107247	-386.25726775902666
2692.0	60.0	20.082897132207112	-47.66618790941295	-385.82596068339876
2693.0	60.0	20.08898750836835	-47.74973769621718	-385.3855975534672
2694.0	60.0	20.095097977673426	-47.819408957040324	-384.9386223689006
2695.0	60.0	20.10121570422372	-47.87095453005903	-384.48366797181484
2696.0	60.0	20.107343958967125	-47.918615463963654	-384.0225561515602
2697.0	60.0	20.113484733128548	-47.99841560707096	-383.5549928122099
2698.0	60.0	20.119630957465763	-48.120287887376556	-383.08116487859974
2699.0	60.0	20.12579710830223	-48.311652347625206	-382.6022921047809
2700.0	60.0	20.131975879641804	-48.58274483213074	-382.118663982084
2701.0	60.0	20.138166114816094	-48.82758129491953	-381.62998878357433
2702.0	60.0	20.144382384082853	-49.03850336779727	-381.1349318784388
2703.0	60.0	20.150606772540556	-49.17771000997031	-380.6328258331009
2704.0	60.0	20.15685304536929	-49.22893952357711	-380.1206583891984
2705.0	60.0	20.16310984209232	-49.1947690888954	-379.5999312022663
2706.0	60.0	20.169382834783814	-49.08283693168249	-379.0677564074441
2707.0	60.0	20.17565624170711	-48.90815758528342	-378.5264219533118
2708.0	60.0	20.181924437226808	-48.70258538958548	-377.9766695530745
2709.0	60.0	20.188205646959812	-48.52772944083134	-377.4202538780759
2710.0	60.0	20.19447050512422	-48.380172129105596	-376.85793011372857
2711.0	60.0	20.200740435321872	-48.27026146274063	-376.29257064413605
2712.0	60.0	20.207010964151163	-48.17065488025592	-375.72510941006504
2713.0	60.0	20.21327814293905	-48.07614464190024	-375.1550363869984
2714.0	60.0	20.21955382900895	-47.97029845488198	-374.5841064664301
2715.0	60.0	20.225831071169726	-47.841274551848024	-374.0111445429407
2716.0	60.5	19.96198572240851	-47.703453032389504	-373.43765971419646
2717.0	60.5	19.968768505007503	-47.592655297752145	-372.8627737010233
2718.0	60.5	19.975547614663803	-47.48399525694895	-372.28747293248796
2719.0	60.5	19.982340178470242	-47.33501058452596	-371.70901998336467
2720.0	60.5	19.989136994671302	-47.132432421119034	-371.1276544978414
2721.0	60.5	19.995935297377574	-46.89334656282004	-370.54347542176623
2722.0	60.5	20.00272195622923	-46.60691066865618	-369.9544578680352
2723.0	60.5	20.009505755447424	-46.28537612337961	-369.362707667258
2724.0	60.5	20.016277274553723	-45.938219215021554	-368.76697508177455
2725.0	60.5	20.023038677745465	-45.56741272001903	-368.16895589674584
2726.0	60.5	20.029788092416677	-45.17708219412974	-367.56959469303234
2727.0	60.5	20.036524657632285	-44.77791235834887	-366.9697792443664
2728.0	60.5	20.043238433182182	-44.3796893071675	-366.368664353103
2729.0	60.5	20.04995439204829	-43.96546846378352	-365.76852573827597
2730.0	60.5	20.05664361291238	-43.578942466614116	-365.1691183842798
2731.0	60.5	20.063329673855435	-43.26871285553072	-364.57158318656695
2732.0	60.5	20.070000163331322	-42.956325482139505	-363.9760289224618
2733.0	60.5	20.076669086875174	-42.60773802925913	-363.3821357254712
2734.0	60.5	20.08332627065331	-42.21071275473254	-362.78970950026854
2735.0	60.5	20.089904211489216	-73.57832633472836	-361.95378256198023
2736.0	60.5	20.095705077480513	-142.4056957652242	-361.06182115647215
2737.0	60.5	20.10155922328474	-46.71995647032965	-360.5271727755333
2738.0	60.5	20.107481891872542	-47.70786476455125	-359.99642106295937
2739.0	60.5	20.1134854274556	-48.07562324806422	-359.4489861258917
2740.0	60.5	20.11954452163219	-48.38750064310445	-358.8928693191472
2741.0	60.5	20.12567374760184	-48.74766133308699	-358.3343266262808
2742.0	60.5	20.13185658229326	-49.0859284561459	-357.7764778807748
2743.0	60.5	20.138094159773484	-49.41342616696359	-357.2192670571815
2744.0	60.5	20.144385005237453	-49.70684519799237	-356.6629086078069
2745.0	61.0	19.86277864559605	-49.917771296007466	-356.1070095437731
2746.0	61.0	19.869667152699744	-50.10429078723527	-355.5492288491241
2747.0	61.0	19.87659892509008	-50.30121566599321	-354.9899792419374
2748.0	61.0	19.883563638426047	-50.487159433774586	-354.4274677324398
2749.0	61.0	19.890539231617172	-50.65055230292119	-353.8625179122937
2750.0	61.0	19.897555653557085	-50.792833154231346	-353.2922193992439
2751.0	61.0	19.9045830837931	-50.904732409291306	-352.71875392608564
2752.0	61.0	19.911625311166844	-51.011594010813425	-352.142986979888
2753.0	61.0	19.91867200083607	-51.11475125877597	-351.5639564733921
2754.0	61.0	19.92573928994549	-51.21656868953965	-350.98302029813595
2755.0	61.0	19.93280742904659	-51.3624790657589	-350.39972921898493
2756.0	61.0	19.93989145399786	-51.55431504102848	-349.8160715212511
2757.0	61.0	19.94698073552188	-51.74756014157207	-349.2305314855991
2758.0	61.0	19.95408502188951	-52.05921648511537	-348.64569668889243
2759.0	61.0	19.96120197953244	-52.36647259392855	-348.06080155574193
2760.0	61.0	19.968335499660544	-52.61964360347073	-347.47528965815786
2761.0	61.0	19.975486182715354	-52.79705014398796	-346.8860088730506
2762.0	61.0	19.982654907581008	-52.86519718619076	-346.2925315779149
2763.0	61.0	19.98981882073352	-52.830689635521196	-345.69288415811405
2764.0	61.0	19.997000597410842	-52.7050978758061	-345.08661674938463
2765.0	61.0	20.00418368269731	-52.51298947792209	-344.47425092418246
2766.0	61.0	20.011358319296473	-52.29433584624842	-343.8573910331976
2767.0	61.0	20.01852522976583	-52.13046943013494	-343.2378582449204
2768.0	61.0	20.02569190874467	-51.99809598793127	-342.6178220437894
2769.0	61.0	20.032850291906268	-51.90937999955749	-341.9984663238239
2770.0	61.0	20.040014633494824	-51.82643920124561	-341.3803309080304
2771.0	61.0	20.047167724519635	-51.748111179679945	-340.76391098535623
2772.0	61.0	20.054333598825874	-51.64455046067598	-340.14804124913013
2773.0	61.5	19.867079737606257	-51.498370213588146	-339.5326370682063
2774.0	61.5	19.87482272901507	-51.37796751846469	-338.91695007685524
2775.0	61.5	19.88257883892704	-51.26647515706846	-338.30074423432677
2776.0	61.5	19.890329796854328	-51.12252620559645	-337.6832510465261
2777.0	61.5	19.898080264623815	-50.926768862609244	-337.06274760256093
2778.0	61.5	19.90582827552368	-50.67729212643182	-336.4354267818878
2779.0	61.5	19.91355505967076	-50.36941954511654	-335.8047359054702
2780.0	61.5	19.921284481859722	-50.019616191415025	-335.16840205878583
2781.0	61.5	19.928992711660808	-49.6359204363777	-334.5281101963729
2782.0	61.5	19.93668858166393	-49.2252505467561	-333.8856755864135
2783.0	61.5	19.944355866859905	-48.79925194482536	-333.24131618522955
2784.0	61.5	19.95202003047476	-48.366480890906836	-332.5950755341511
2785.0	61.5	19.95965027262104	-47.91433908499392	-331.94798390999216
2786.0	61.5	19.967272360134242	-47.451138953737065	-331.3011551550519
2787.0	61.5	19.97488097039161	-47.08403023836097	-330.654513620544
2788.0	61.5	19.982473566208498	-46.73840819407902	-330.0080025250435
2789.0	61.5	19.99005370760385	-46.32872862112894	-329.363573839696
2790.0	61.5	19.997636723466965	-45.86514460303744	-328.7189026168137
2791.0	61.5	20.004792913574878	-78.91649700089562	-328.0262310962037
2792.0	61.5	20.0110465602642	-145.109401922358	-327.31664282868
2793.0	61.5	20.017409988051075	-50.87714730274871	-326.6816099638972
2794.0	61.5	20.023887931185868	-51.644888332103775	-326.06551050747714
2795.0	61.5	20.030477054661368	-51.9712722450727	-325.44894890349235
2796.0	61.5	20.037148960625167	-52.35258047975557	-324.83389502981674
2797.0	61.5	20.043905408295398	-52.76894945812706	-324.2215000651738
2798.0	61.5	20.050731236225385	-53.170379733787016	-323.6137468112632
2799.0	61.5	20.057637375413393	-53.53710865644442	-323.0088795689805
2800.0	62.0	19.902660707906726	-53.839191055288886	-322.4064826739416
2801.0	62.0	19.91043095067869	-54.06822678051397	-321.8035204458621
2802.0	62.0	19.918244793150713	-54.25955931701082	-321.19924231841566
2803.0	62.0	19.92609054533294	-54.46599580900714	-320.59436339954533
2804.0	62.0	19.933976414865462	-54.63947461030336	-319.98770383026994
2805.0	62.0	19.941888356543462	-54.79781499319551	-319.3777906841408
2806.0	62.0	19.94980434975759	-54.95156174816113	-318.7672076094787
2807.0	62.0	19.957743711873228	-55.08915731832401	-318.15424879998704
2808.0	62.0	19.965698137479173	-55.20965790419491	-317.5421720499346
2809.0	62.0	19.97366352768228	-55.35508205779169	-316.9322492952801
2810.0	62.0	19.98163327705336	-55.55665201663473	-316.32394745023305
2811.0	62.0	19.98961457338423	-55.769058602546764	-315.7181804249748
2812.0	62.0	19.99761546533282	-56.0337800907856	-315.11446681849856
2813.0	62.0	20.00562721085093	-56.3940009972381	-314.514920355569
2814.0	62.0	20.013654426112762	-56.679603368064235	-313.9175681336753
2815.0	62.0	20.021699534230347	-56.88133323993677	-313.31969500632016
2816.0	62.0	20.029762083635646	-56.95687982397597	-312.71980880691285
2817.0	62.0	20.037824047429012	-56.9050427638081	-312.11636244437307
2818.0	62.0	20.04590243227151	-56.745702030339714	-311.5082001357756
2819.0	62.0	20.05397048086216	-56.51149277884879	-310.89535061601526
2820.0	62.0	20.062038760651635	-56.24301764061583	-310.2790496972047
2821.0	62.0	20.070094411108887	-56.0561636727776	-309.66315862418
2822.0	62.0	20.078150798520838	-55.91386844166304	-309.04846770279124
2823.0	62.0	20.086190773014913	-55.81496592294646	-308.4375992474584
2824.0	62.0	20.094232292308806	-55.71879447117891	-307.82970165388633
2825.0	62.0	20.102270681344976	-55.6204786323435	-307.22558171016254
2826.0	62.5	20.179167895966465	-55.49310303294208	-306.62422914197634
2827.0	62.5	20.188248100231352	-55.30783542364996	-306.0228051169004
2828.0	62.5	20.19733274505773	-55.16142641901056	-305.42187404110723
2829.0	62.5	20.20641733984117	-54.996448142554776	-304.8197519857318
2830.0	62.5	20.215502318786644	-54.77577039895695	-304.21629756956673
2831.0	62.5	20.22457798271182	-54.49469021471173	-303.60810654413837
2832.0	62.5	20.2336426118559	-54.1531168375966	-302.994300210443
2833.0	62.5	20.24270376152904	-53.76187715032948	-302.3761440044222
2834.0	62.5	20.25173930140882	-53.32161929644012	-301.7521824559897
2835.0	62.5	20.260756477480147	-52.848055144237186	-301.1257310217343
2836.0	62.5	20.26974988823403	-52.358502272897915	-300.4972337179623
2837.0	62.5	20.27872814896035	-51.86363757780718	-299.8662861165784
2838.0	62.5	20.287684022055203	-51.34288367284594	-299.2354150537941
2839.0	62.5	20.296618760254006	-50.80091376971569	-298.6029284675737
2840.0	62.5	20.305533599330126	-50.37320317394399	-297.97111599759245
2841.0	62.5	20.31444806609521	-49.95188346397464	-297.3400120021616
2842.0	62.5	20.32333852205807	-49.440767242901494	-296.7092188403424
2843.0	62.5	20.332227221567475	-48.853919907004986	-296.07844203279006
2844.0	62.5	20.339933999414477	-74.28706015543241	-295.083129164353
2845.0	62.5	20.34722717155028	-148.90347765555293	-294.2299079684782
2846.0	62.5	20.354647360038726	-55.292439160091746	-293.6623575319588
2847.0	62.5	20.362192786976934	-55.85734988085672	-293.07859436517003
2848.0	62.5	20.369871075657453	-56.25602910489269	-292.4801172493612
2849.0	62.5	20.377658446828164	-56.74630074135436	-291.88034596694797
2850.0	62.5	20.38555357915581	-57.24656246335992	-291.2815683406871
2851.0	62.5	20.393547346912158	-57.70562867150016	-290.6847177409935
2852.0	63.0	20.023448880627907	-58.047902433530375	-290.08836539787774
2853.0	63.0	20.032163745344587	-58.33529941155495	-289.48956226247896
2854.0	63.0	20.040939241117044	-58.53397547745923	-288.8871734776317
2855.0	63.0	20.04977047258633	-58.7714241979474	-288.2806889753093
2856.0	63.0	20.058635594330315	-58.97436141435294	-287.66976202265334
2857.0	63.0	20.067553245924042	-59.144448569432576	-287.0547985189123
2858.0	63.0	20.07648680213473	-59.31973046051877	-286.43651307948136
2859.0	63.0	20.085454475162535	-59.491573326177985	-285.81732870566657
2860.0	63.0	20.094435953601028	-59.69405549925899	-285.19753595993956
2861.0	63.0	20.10344052292057	-59.96158528910025	-284.5789225351152
2862.0	63.0	20.112465759009492	-60.2454219250002	-283.96216594747926
2863.0	63.0	20.121513564084925	-60.49757267015475	-283.34555455794055
2864.0	63.0	20.13058505096771	-60.89120696180469	-282.7324462135082
2865.0	63.0	20.13967264782706	-61.25285731173936	-282.1225006847111
2866.0	63.0	20.14879529743989	-61.491837510508915	-281.51119112224677
2867.0	63.0	20.157939777344232	-61.596868215848545	-280.8976867926296
2868.0	63.0	20.167087299900803	-61.54602203929148	-280.27786596451915
2869.0	63.0	20.17625096673888	-61.36939330803166	-279.6535577427631
2870.0	63.0	20.1854147036854	-61.114913688057776	-279.024245265036
2871.0	63.0	20.19457932643009	-60.82146991422175	-278.3916773667787
2872.0	63.0	20.20373307353113	-60.63361707752604	-277.75977345625114
2873.0	63.0	20.212883804388582	-60.50933065569084	-277.1317437815764
2874.0	63.0	20.22203924137575	-60.437052640640594	-276.5087671705741
2875.0	63.0	20.231193754922444	-60.360467290406774	-275.89062398313376
2876.0	63.0	20.24035325431068	-60.26261782628052	-275.2769560183069
2877.0	63.5	20.045607509436742	-60.070750731728786	-274.6658336343099
2878.0	63.5	20.055494118320482	-59.85894990263851	-274.0551148151313
2879.0	63.5	20.065372334449975	-59.67164448278145	-273.4449453063706
2880.0	63.5	20.075264783741805	-59.4623622120709	-272.83315490881273
2881.0	63.5	20.085142322099948	-59.18345336752809	-272.2172175924331
2882.0	63.5	20.095011083217383	-58.82223783332488	-271.596647898062
2883.0	63.5	20.10487948674573	-58.397464049781966	-270.97150888997754
2884.0	63.5	20.114715304964125	-57.91139062017963	-270.34385887792365
2885.0	63.5	20.124532313534857	-57.38543148383687	-269.7147189513773
2886.0	63.5	20.134325919081988	-56.84438539606546	-269.0868656542007
2887.0	63.5	20.144091169626712	-56.277052950717696	-268.45875251444335
2888.0	63.5	20.15384462409131	-55.668665065894075	-267.8329116089125
2889.0	63.5	20.163580211477775	-55.07237855200811	-267.20723988090583
2890.0	63.5	20.173300243850754	-54.6120045169325	-266.58578346754643
2891.0	63.5	20.182997685711232	-54.05858069994454	-265.96496733154385
2892.0	63.5	20.1926950946183	-53.382536357247176	-265.34701510926635
2893.0	63.5	20.20106113959864	-78.75559040705024	-264.6517880421873
2894.0	63.5	20.208645099904945	-150.46088493893524	-264.00554084057154
2895.0	63.5	20.21640749416363	-59.60093270375576	-263.39912122937426
2896.0	63.5	20.22434699412528	-60.249838218347925	-262.81136816218304
2897.0	63.5	20.23245708825351	-60.72315568313108	-262.2269617079177
2898.0	63.5	20.2406992628245	-61.31093834753266	-261.6494987044925
2899.0	63.5	20.2490849158751	-61.90804853992744	-261.0789781067397
2900.0	63.5	20.257590767283006	-62.42972921442622	-260.5152130219536
2901.0	64.0	20.06000045823616	-62.842412032487886	-259.9521070283698
2902.0	64.0	20.06961710347808	-63.120928063325394	-259.3881814048659
2903.0	64.0	20.079315244555225	-63.329339067934676	-258.8201143876578
2904.0	64.0	20.089057699964897	-63.57370474932813	-258.2488405511594
2905.0	64.0	20.098845835811524	-63.786267890572084	-257.67449547774095
2906.0	64.0	20.108678740175492	-63.99246900655634	-257.0975545550274
2907.0	64.0	20.11853191438598	-64.19371115028477	-256.521314432193
2908.0	64.0	20.128401411524973	-64.42336080938358	-255.9482714224016
2909.0	64.0	20.138293660377304	-64.72098310313525	-255.3784823185337
2910.0	64.0	20.148214603485645	-65.03967544036387	-254.81226237383433
2911.0	64.0	20.158147506193185	-65.3128559370596	-254.24995027360654
2912.0	64.0	20.16810530710563	-65.72848699649424	-253.69188301937317
2913.0	64.0	20.178083962228452	-66.09004229865052	-253.13754698078185
2914.0	64.0	20.188080403550966	-66.28624332520245	-252.58336475162076
2915.0	64.0	20.198098674253362	-66.31200936657503	-252.0254156521561
2916.0	64.0	20.208119382536122	-66.16179700463951	-251.4628133137932
2917.0	64.0	20.218137239647888	-65.88928798794923	-250.8957330027253
2918.0	64.0	20.22814238772781	-65.5446226147867	-250.32321750583813
2919.0	64.0	20.23814192547623	-65.23680932161979	-249.75020912990198
2920.0	64.0	20.248115809284023	-65.04963719907519	-249.18097511545193
2921.0	64.0	20.258088011961654	-64.93337923838877	-248.61710836397387
2922.0	64.0	20.268045886248416	-64.83707096346177	-248.05912660863737
2923.0	64.0	20.27800228197497	-64.71895291999127	-247.507568963518
2924.0	64.5	20.33546298082959	-64.54858273952583	-246.95849840733723
2925.0	64.5	20.34672788622819	-64.27133905408964	-246.4095858083595
2926.0	64.5	20.35798466658643	-64.00543872163846	-245.85902352779124
2927.0	64.5	20.36923003450837	-63.72012886167813	-245.30647899971868
2928.0	64.5	20.38046169265484	-63.3719108134512	-244.74876969310967
2929.0	64.5	20.39167529352891	-62.939357324164064	-244.18550228445594
2930.0	64.5	20.40285369645535	-62.42736317073629	-243.61698154091744
2931.0	64.5	20.414004611395846	-61.847516167222224	-243.04379749632932
2932.0	64.5	20.425117023455034	-61.2282857123983	-242.46967061856753
2933.0	64.5	20.43620793854315	-60.59280952363129	-241.89376810617716
2934.0	64.5	20.447260123711438	-59.918230633259654	-241.31869217320033
2935.0	64.5	20.458288550187934	-59.18205900115699	-240.74363093506554
2936.0	64.5	20.46927576329534	-58.52464376944236	-240.1700158764236
2937.0	64.5	20.480250020374353	-57.94379234559162	-239.59883409335922
2938.0	64.5	20.49119496788444	-57.20693970993685	-239.0286102820881
2939.0	64.5	20.501605305076197	-75.0266043264828	-238.13942777404344
2940.0	64.5	20.510012163011538	-149.726311371478	-237.24451617942947
2941.0	64.5	20.518566177986454	-63.28307441162997	-236.69567363157196
2942.0	64.5	20.52732292516645	-64.38103242603844	-236.1803255798873
2943.0	64.5	20.536264025702824	-64.91571666978825	-235.6522306713237
2944.0	64.5	20.545380213769583	-65.56807756440784	-235.12246726187823
2945.0	64.5	20.554666145179148	-66.27788280665762	-234.5981425508813
2946.0	64.5	20.56409766434088	-66.90409109461108	-234.07798710898732
2947.0	65.0	20.187049998978004	-67.34448372033991	-233.5584034654304
2948.0	65.0	20.197464299419472	-67.6665765962371	-233.03566261499347
2949.0	65.0	20.207953413083384	-67.87329408958469	-232.5052027284845
2950.0	65.0	20.218521645470457	-68.12705709207002	-231.96998203116195
2951.0	65.0	20.22914246978268	-68.34342144180812	-231.42871698333408
2952.0	65.0	20.2397995055537	-68.56773571999328	-230.88540370250317
2953.0	65.0	20.25049123424506	-68.83652468545814	-230.34145007522636
2954.0	65.0	20.261213676600086	-69.18632368235005	-229.80096813971218
2955.0	65.0	20.271962083460423	-69.5821690027498	-229.26354518621946
2956.0	65.0	20.282743452996996	-69.93294296506944	-228.73069678392187
2957.0	65.0	20.29354905318527	-70.26842647333635	-228.19905773023302
2958.0	65.0	20.304376353326646	-70.7257233579634	-227.6727602689091
2959.0	65.0	20.31522239855047	-70.99893759388296	-227.14721269861548
2960.0	65.0	20.32609772517146	-71.06726200204386	-226.617572487085
2961.0	65.0	20.336982749770566	-70.93773804905703	-226.08194603983534
2962.0	65.0	20.347863745988857	-70.65740082958355	-225.54059338237033
2963.0	65.0	20.35873498681506	-70.28894065752563	-224.99393457066012
2964.0	65.0	20.36959722048043	-69.92888288719138	-224.4449049347774
2965.0	65.0	20.38043559684119	-69.72432417890278	-223.900056712354
2966.0	65.0	20.391253683146328	-69.61612553197865	-223.3635184938623
2967.0	65.0	20.402070953719395	-69.53474387682289	-222.8347214661347
2968.0	65.5	20.190129246132134	-69.409891173679	-222.31278573512435
2969.0	65.5	20.201893611912137	-69.19832142783888	-221.79361135330905
2970.0	65.5	20.213655297298644	-68.8618209654459	-221.27376107893056
2971.0	65.5	20.225401051586662	-68.52532570952646	-220.7521438392381
2972.0	65.5	20.237142303387095	-68.20002452539286	-220.22594016335572
2973.0	65.5	20.248849218612126	-67.78561251178786	-219.69418591062757
2974.0	65.5	20.260532553142315	-67.27031282341554	-219.1582678411736
2975.0	65.5	20.272182006767782	-66.666913837302	-218.6172327073949
2976.0	65.5	20.283800472284238	-65.99773002503537	-218.07485659999946
2977.0	65.5	20.295376953437277	-65.30051538312706	-217.53217352959905
2978.0	65.5	20.306913237724256	-64.55859838682821	-216.99124825843762
2979.0	65.5	20.318415368034266	-63.73774472982105	-216.45133065768044
2980.0	65.5	20.329894324333143	-62.93983334305325	-215.91252292682643
2981.0	65.5	20.34133674269384	-62.277312651793856	-215.3766894440783
2982.0	65.5	20.352754696017808	-61.42456831360662	-214.84228760468272
2983.0	65.5	20.36292016829969	-79.13649952735831	-214.20574958915935
2984.0	65.5	20.371383706749942	-153.3067518632675	-213.58399125160884
2985.0	65.5	20.38002803450965	-67.92975227426733	-213.0385531022834
2986.0	65.5	20.38893606073124	-68.82986855302686	-212.54341297944913
2987.0	65.5	20.39807163432633	-69.43078065427886	-212.052493309138
2988.0	65.5	20.407419030078618	-70.21356294815627	-211.5707296821645
2989.0	65.5	20.416945889270508	-70.99069155296782	-211.09979374743847
2990.0	66.0	20.444180714719533	-71.64217544475827	-210.63385314733037
2991.0	66.0	20.455760545908134	-72.09129411161761	-210.16612882418687
2992.0	66.0	20.46743551320601	-72.32940467306415	-209.69298845133656
2993.0	66.0	20.4792107173597	-72.5733381406962	-209.2117534848296
2994.0	66.0	20.491057427687895	-72.85038605170065	-208.72534113940014
2995.0	66.0	20.502948435085806	-73.09176628696578	-208.2363691350525
2996.0	66.0	20.514882225410037	-73.37830467825255	-207.74838431073746
2997.0	66.0	20.52684720612436	-73.76352439070978	-207.26455112562206
2998.0	66.0	20.538853202443015	-74.20504605687057	-206.7857816791067
2999.0	66.0	20.550887129360863	-74.58952856053183	-206.3115427779513
3000.0	66.0	20.562942986669626	-74.93068249157731	-205.84003143045996
3001.0	66.0	20.575047937573306	-75.3875871148838	-205.37176425463528
3002.0	66.0	20.58716513311205	-75.61334071454704	-204.90428821143195
3003.0	66.0	20.59931070791887	-75.59940856546798	-204.4314627958027
3004.0	66.0	20.611451750221747	-75.37975780129132	-203.95188450051447
3005.0	66.0	20.623595152447503	-75.01016668056876	-203.4645320168475
3006.0	66.0	20.63571759550253	-74.5682588345656	-202.97211802869452
3007.0	66.0	20.64782377292063	-74.21076701671063	-202.47931941096041
3008.0	66.0	20.65990634153942	-74.02005825015972	-201.992299503254
3009.0	66.0	20.671978080090742	-73.91303760931721	-201.51322666158555
3010.0	66.5	20.495115180828243	-73.78478947308922	-201.04123490201897
3011.0	66.5	20.50847087992485	-73.58727129289757	-200.5727456170987
3012.0	66.5	20.521823240189104	-73.26028163388762	-200.10373546166008
3013.0	66.5	20.53515741720641	-72.79724355727915	-199.62850722196885
3014.0	66.5	20.5484805443173	-72.3973149260917	-199.14903572973347
3015.0	66.5	20.561764653004083	-71.95119874349906	-198.6624114108625
3016.0	66.5	20.57502067234717	-71.38295986309376	-198.16797619275556
3017.0	66.5	20.58823940871886	-70.7138240035088	-197.66780886983835
3018.0	66.5	20.601409575092532	-69.96228478375201	-197.16340674759815
3019.0	66.5	20.614533914004827	-69.17748634062427	-196.65786642985287
3020.0	66.5	20.627607575108208	-68.32937045361365	-196.15241784768105
3021.0	66.5	20.64064476213246	-67.39304867856809	-195.64671020723694
3022.0	66.5	20.653638505136993	-66.45612817283678	-195.14159531652587
3023.0	66.5	20.666594862236888	-65.67412204575142	-194.6378275726845
3024.0	66.5	20.67951040124187	-64.66172777593836	-194.13594733457938
3025.0	66.5	20.690369326725637	-78.317624067196	-193.1117505642668
3026.0	66.5	20.700001681759044	-158.64191862799277	-192.27828971174029
3027.0	66.5	20.709826026435994	-72.51615893168159	-191.84268915750897
3028.0	66.5	20.719929817110167	-73.38481012937791	-191.4333100065517
3029.0	66.5	20.730283278434374	-74.16741663581782	-191.01780863656919
3030.0	66.5	20.74086916459159	-75.09884177707856	-190.60707533529092
3031.0	67.0	20.311487738315265	-75.89274311723287	-190.20084744338803
3032.0	67.0	20.323432372211872	-76.54535350604148	-189.79460532809256
3033.0	67.0	20.335537405681556	-76.94999828614733	-189.3778185381585
3034.0	67.0	20.347768414639123	-77.1637384913062	-188.94709342844286
3035.0	67.0	20.36008163888729	-77.45456219549716	-188.50485547388973
3036.0	67.0	20.37246449873361	-77.75905073563636	-188.05465965442772
3037.0	67.0	20.384913229786026	-78.12124306355832	-187.60040437500695
3038.0	67.0	20.39740106444625	-78.60932097004157	-187.14607815339178
3039.0	67.0	20.40991968352866	-79.14448037221322	-186.69668131240178
3040.0	67.0	20.42247853862641	-79.61098821232414	-186.24851483472742
3041.0	67.0	20.435077029362475	-79.96820071910793	-185.79951511124722
3042.0	67.0	20.447699901096176	-80.44622133928588	-185.35158176018518
3043.0	67.0	20.46034672404479	-80.6776358283261	-184.90059043642557
3044.0	67.0	20.473007583050432	-80.62153775220196	-184.43996705593597
3045.0	67.0	20.485655171956015	-80.35814415103401	-183.96991219208027
3046.0	67.0	20.498303823266795	-79.948293766673	-183.48984797494816
3047.0	67.0	20.510918568753315	-79.4798220880256	-183.00296900120145
3048.0	67.0	20.523510104865295	-79.15256607256121	-182.5159119593086
3049.0	67.0	20.53605966759868	-79.00595783128989	-182.0373970715026
3050.0	67.0	20.548591207626796	-78.92754938163338	-181.5660523930705
3051.0	67.5	20.327141492901617	-78.77631586750206	-181.1013220912438
3052.0	67.5	20.340988475539646	-78.51788632843316	-180.6375941765395
3053.0	67.5	20.354825197038778	-78.05161770858635	-180.16942247065347
3054.0	67.5	20.368627522686513	-77.53410641379253	-179.69031297751533
3055.0	67.5	20.382391110499587	-77.06594855890785	-179.20522210723243
3056.0	67.5	20.39611440535632	-76.47765751667873	-178.71111060790508
3057.0	67.5	20.40977715502722	-75.75728069366846	-178.21048347393287
3058.0	67.5	20.42338184240628	-74.94682030960885	-177.70707331710543
3059.0	67.5	20.436923335940754	-74.07782146289061	-177.2029069453715
3060.0	67.5	20.450409287470826	-73.13185802979676	-176.69915225365148
3061.0	67.5	20.46383717193282	-72.05566093758561	-176.19539392199292
3062.0	67.5	20.477216655106517	-70.99541719843951	-175.69364020289112
3063.0	67.5	20.490538068300737	-70.063984625538	-175.19343586070048
3064.0	67.5	20.503001080957514	-80.8670813664586	-174.6565921838512
3065.0	67.5	20.51242081665836	-72.8734267349541	-173.93344854258493
3066.0	67.5	20.52201588791173	-162.7903224141621	-173.4406787494059
3067.0	67.5	20.531937522874557	-77.86366161359092	-173.03075538242175
3068.0	67.5	20.542174800411537	-78.5996749950142	-172.62572709590626
3069.0	67.5	20.55268949777511	-79.58981804794351	-172.22013060504258
3070.0	68.0	20.562907197152537	-80.6190118619153	-171.8188883612475
3071.0	68.0	20.57613894341591	-81.43007458861757	-171.4165897563674
3072.0	68.0	20.58953467184062	-81.92858347796394	-171.0053511166416
3073.0	68.0	20.603059078436058	-82.18870345773927	-170.57830541361483
3074.0	68.0	20.616674395066507	-82.47290389048929	-170.13711789906014
3075.0	68.0	20.630347660191102	-82.80811213233474	-169.68932892031023
3076.0	68.0	20.644070343192197	-83.19554334858083	-169.238510136263
3077.0	68.0	20.657819158582384	-83.73146363408948	-168.79238056998767
3078.0	68.0	20.671590868485502	-84.30809870084595	-168.3525364621899
3079.0	68.0	20.685389854313897	-84.77784023577058	-167.91667069407836
3080.0	68.0	20.699210088103655	-85.11802693607504	-167.4827884424991
3081.0	68.0	20.713042188604685	-85.5484821385643	-167.0501658737721
3082.0	68.0	20.726889907720494	-85.65899668722837	-166.61475915105194
3083.0	68.0	20.74072176937019	-85.47447999396562	-166.1709361099943
3084.0	68.0	20.754547558240528	-85.07139629163238	-165.71770602405118
3085.0	68.0	20.76834165793939	-84.5470603560972	-165.25744797011276
3086.0	68.0	20.782101938060705	-84.02654804629809	-164.7926984532075
3087.0	68.0	20.795807612906692	-83.73618899628397	-164.33541785528138
3088.0	68.0	20.809489512442894	-83.60223226020935	-163.88612791257373
3089.0	68.5	20.624621302858635	-83.44209562736174	-163.4465412789024
3090.0	68.5	20.640019967629495	-83.19771644321618	-163.0114577069508
3091.0	68.5	20.655388021786926	-82.73365448545233	-162.57303970063103
3092.0	68.5	20.67071076238232	-82.06313610060545	-162.12439294223634
3093.0	68.5	20.685987775670718	-81.4675044615064	-161.6650324887872
3094.0	68.5	20.701196726437928	-80.81637961062077	-161.1980762962302
3095.0	68.5	20.716344030621485	-80.01031146290384	-160.7220334457783
3096.0	68.5	20.731416881975218	-79.09677566296567	-160.24312611475904
3097.0	68.5	20.746410259002527	-78.0949728076723	-159.76145526322404
3098.0	68.5	20.76133346836459	-77.00284477961236	-159.28061349473126
3099.0	68.5	20.77617858486499	-75.77130061515234	-158.79949116779184
3100.0	68.5	20.790952398747848	-74.49375893386355	-158.3187059408758
3101.0	68.5	20.805650073838628	-73.41038817280712	-157.8413088021764
3102.0	68.5	20.818575280651558	-81.40534003868525	-156.87268036640987
3103.0	68.5	20.829156105570974	-161.36935617013296	-156.22579036364883
3104.0	68.5	20.839825364387007	-81.4667732099428	-155.48177221603905
3105.0	68.5	20.85089602624263	-82.70831154264886	-155.11139239477987
3106.0	68.5	20.86227868979331	-83.52717979487721	-154.73327495104752
3107.0	68.5	20.87394913992035	-84.6456734186045	-154.35289283856423
3108.0	69.0	20.44251622288924	-85.6708504647444	-153.97488868864542
3109.0	69.0	20.455853246266695	-86.50083711520465	-153.5904644110143
3110.0	69.0	20.469370928474813	-86.94361030888716	-153.1915034006403
3111.0	69.0	20.48301606734457	-87.17142010653808	-152.77230793952495
3112.0	69.0	20.496737411946473	-87.53293207021214	-152.33951606403
3113.0	69.0	20.510524016279774	-87.9848841626314	-151.90011579903245
3114.0	69.0	20.52434648796868	-88.53043599156139	-151.46000637160353
3115.0	69.0	20.538214097688467	-89.17368739716815	-151.02671399121883
3116.0	69.0	20.552108566220422	-89.75445548080641	-150.598823150482
3117.0	69.0	20.56601978429031	-90.12644083749512	-150.1725038242676
3118.0	69.0	20.57994880044929	-90.4926039862876	-149.74591204027948
3119.0	69.0	20.5938943058881	-90.73619137978642	-149.3169941796387
3120.0	69.0	20.6078323671022	-90.61340143513175	-148.87961728971302
3121.0	69.0	20.62174858356224	-90.22947729963741	-148.43123669117597
3122.0	69.0	20.635631668803445	-89.68971068001784	-147.97494169027368
3123.0	69.0	20.649495574586446	-89.11382445859968	-147.51416564031533
3124.0	69.0	20.663326025315133	-88.72883243412635	-147.05658307853588
3125.0	69.0	20.6771149404066	-88.55460089280233	-146.6105225211991
3126.0	69.5	20.45117718792001	-88.40317781863874	-146.1754572457769
3127.0	69.5	20.46664763644762	-88.14069688977241	-145.74569858480288
3128.0	69.5	20.48207496692633	-87.65043473916326	-145.31165727557428
3129.0	69.5	20.497455260422473	-86.8908401287894	-144.86366203665438
3130.0	69.5	20.512762718538415	-86.08760356982182	-144.40365516696676
3131.0	69.5	20.527990955639428	-85.29856685630966	-143.9366461915587
3132.0	69.5	20.543131426933815	-84.36682717858592	-143.46268566437854
3133.0	69.5	20.55819684739921	-83.31463334669392	-142.98640045211863
3134.0	69.5	20.573151798192622	-82.13717895599865	-142.50984095767768
3135.0	69.5	20.588034399583396	-80.80834458725799	-142.03424599604836
3136.0	69.5	20.6028557776371	-79.31368232643945	-141.5599646539418
3137.0	69.5	20.61758702985341	-77.94250385339163	-141.08678165120526
3138.0	69.5	20.62996739508783	-86.65571100122467	-140.5040100802912
3139.0	69.5	20.64049965023156	-83.26497066657133	-139.97541653341565
3140.0	69.5	20.651203328296084	-169.1030759348191	-139.5161755085101
3141.0	69.5	20.662347478065588	-87.52297530562444	-139.11492457688348
3142.0	69.5	20.67386200420417	-88.28024439450274	-138.73193316148223
3143.0	69.5	20.68569777532015	-89.40557428421788	-138.35899252679758
3144.0	70.0	20.685054972254175	-90.6536309128472	-137.9975154079411
3145.0	70.0	20.69970359841193	-91.57391491381884	-137.63555091275308
3146.0	70.0	20.714517648354697	-92.08175348366585	-137.26002778012298
3147.0	70.0	20.72944424542381	-92.31069827223591	-136.86608122535577
3148.0	70.0	20.74445586545569	-92.65400023285397	-136.45807149507777
3149.0	70.0	20.759525359613765	-93.14936961515164	-136.04742306946176
3150.0	70.0	20.774640685976067	-93.72266370017635	-135.63856681415797
3151.0	70.0	20.78977637414549	-94.34546988590323	-135.23875393218205
3152.0	70.0	20.80493109139897	-94.86068749337814	-134.84535505486087
3153.0	70.0	20.82010991009212	-95.14664623115252	-134.45477569025834
3154.0	70.0	20.835312137791778	-95.42473672462684	-134.06443125805998
3155.0	70.0	20.850521913837376	-95.52787105463385	-133.67313252579225
3156.0	70.0	20.865735016908953	-95.23769861294181	-133.27386995525458
3157.0	70.0	20.88093171907648	-94.7137013483041	-132.86619201894882
3158.0	70.0	20.896102165651122	-94.05885878627201	-132.452107207423
3159.0	70.0	20.911213031542406	-93.40812934846566	-132.0343099747739
3160.0	70.0	20.92625530017051	-92.95583018410845	-131.6244593270765
3161.0	70.5	20.735979244221742	-92.71961056004352	-131.22591528108487
3162.0	70.5	20.7529656076518	-92.44460869792087	-130.83746931570963
3163.0	70.5	20.76990204885919	-92.00142797101941	-130.45074567296473
3164.0	70.5	20.78679921595122	-91.27829900859773	-130.05466349024914
3165.0	70.5	20.803606259811172	-90.24272267600453	-129.64203958327175
3166.0	70.5	20.820352996915403	-89.15237246191445	-129.21624939348885
3167.0	70.5	20.83701831167972	-88.10044105207105	-128.78386646459322
3168.0	70.5	20.853582733891848	-86.87827205755053	-128.34530720028943
3169.0	70.5	20.870071695833786	-85.49773002699561	-127.90388184222098
3170.0	70.5	20.886459301463535	-83.95169509976196	-127.46119954377326
3171.0	70.5	20.902749604135668	-82.25935697654103	-127.01781885359192
3172.0	70.5	20.91892790808119	-80.52148359528843	-126.57626402239612
3173.0	70.5	20.931657915627852	-93.54266261151389	-125.65713390465372
3174.0	70.5	20.94407543274784	-88.6808608275793	-125.2067597585973
3175.0	70.5	20.9155316542589	-198.94776387702504	-124.57804587011142
3176.0	70.5	20.928348895920948	-92.7833543172838	-124.27157330058675
3177.0	70.5	20.941528767019854	-93.3885726884508	-123.95630197703579
3178.0	70.5	20.954955477784676	-94.31904334729624	-123.6327066648662
3179.0	71.0	20.563974447101028	-95.53074697116251	-123.31487261935861
3180.0	71.0	20.57874489077239	-96.63041333254802	-122.99912884569729
3181.0	71.0	20.593689033668582	-97.36112117790908	-122.67277440212283
3182.0	71.0	20.608770710485274	-97.71999284879566	-122.32462345966914
3183.0	71.0	20.623945500376657	-97.93983274689793	-121.95645954884584
3184.0	71.0	20.639167388856286	-98.38132348009704	-121.57950749837698
3185.0	71.0	20.654416962548858	-98.87165785244453	-121.20225767533246
3186.0	71.0	20.669664905262817	-99.33656597615469	-120.82765389798521
3187.0	71.0	20.68492372137489	-99.72068042133355	-120.45749033211564
3188.0	71.0	20.700201655751066	-99.98462664936727	-120.09106679774217
3189.0	71.0	20.715483232009678	-100.09100050960195	-119.72469831360984
3190.0	71.0	20.7307490353375	-100.22266309898336	-119.35807771587454
3191.0	71.0	20.745992259562133	-100.08347396785213	-118.98885966834492
3192.0	71.0	20.76119007437197	-99.6059876295577	-118.61292629327123
3193.0	71.0	20.77635200757266	-98.87035583645256	-118.22817129703715
3194.0	71.0	20.79144450968562	-98.00505828843072	-117.83738684151986
3195.0	71.0	20.806474907661787	-97.1390514996233	-117.44423025409199
3196.0	71.5	20.5772040007122	-96.43549739232165	-117.05363526693495
3197.0	71.5	20.59405972177846	-95.83480444714749	-116.66971497655105
3198.0	71.5	20.610818668239375	-95.2424947971905	-116.29131375017874
3199.0	71.5	20.627497053559512	-94.59173244476922	-115.91494475688987
3200.0	71.5	20.644107524327378	-93.62628054989692	-115.53271040553624
3201.0	71.5	20.66063287268467	-92.27450622890296	-115.1375331820085
3202.0	71.5	20.677073628317938	-90.54260302389397	-114.72695468218272
3203.0	71.5	20.693376866368514	-88.58330294647139	-114.3029279013073
3204.0	71.5	20.709541050905653	-86.5004439879481	-113.86872858528507
3205.0	71.5	20.725575929066018	-84.38032089829726	-113.42932205273229
3206.0	71.5	20.739484079270863	-111.27309683029394	-113.01188758820456
3207.0	71.5	20.75198251725499	-92.97627291596103	-112.56289151678045
3208.0	71.5	20.765014032787548	-94.64205003836022	-112.24757249768027
3209.0	71.5	20.77794072807729	-173.96005520213058	-111.8716500830727
3210.0	71.5	20.79108743833011	-98.08336335886871	-111.54053203108467
3211.0	71.5	20.804611979232075	-99.05720374737152	-111.25052719217692
3212.0	71.5	20.818357822178875	-99.436767295745	-110.94656501016007
3213.0	71.5	20.832234171541042	-99.73801490287146	-110.62837113215622
3214.0	72.0	20.82540763579701	-100.16129481242804	-110.30442781418066
3215.0	72.0	20.841911218804686	-100.76007459883299	-109.9826490840049
3216.0	72.0	20.8584809693019	-101.52047451057001	-109.66834730411696
3217.0	72.0	20.87510835448772	-102.17327700871641	-109.35585594938271
3218.0	72.0	20.89177126644709	-102.46310711597206	-109.03548777620162
3219.0	72.0	20.90844330780754	-102.54232680907243	-108.70339951903081
3220.0	72.0	20.925114506677378	-102.43334730060258	-108.36016674098144
3221.0	72.0	20.941760874297977	-102.09243371820835	-108.00408414382964
3222.0	72.0	20.958371809559424	-101.69899900289337	-107.64047442183448
3223.0	72.0	20.97493857351118	-101.28459372642367	-107.27207212137522
3224.0	72.0	20.99142845696694	-101.00665795517442	-106.90752219705718
3225.0	72.0	21.007850564908765	-100.6552060426071	-106.54302505087396
3226.0	72.0	21.02418089730574	-100.10822765905547	-106.17306381792054
3227.0	72.0	21.04044612263723	-99.66656650658327	-105.7979836249202
3228.0	72.0	21.05661404083647	-99.19460859500235	-105.41279872557105
3229.0	72.0	21.0726928993315	-98.52822614391125	-105.01598517138191
3230.0	72.0	21.08864104809482	-97.60180969703346	-104.60541737348336
3231.0	72.0	21.10446473135943	-96.41808467257212	-104.1849241766868
3232.0	72.0	21.120144946364444	-95.11355733965324	-103.7552954430639
3233.0	72.0	21.13569220349035	-93.83531302082183	-103.32132648347483
3234.0	72.0	21.151100413094863	-92.31772441259578	-102.8816939127764
3235.0	72.0	21.166381865338106	-90.3109420772372	-102.4283180418744
3236.0	72.0	21.181514235901865	-87.81582097729114	-101.95515553781152
3237.0	72.5	21.007652036024105	-84.94615945210367	-101.46106010022496
3238.0	72.5	21.02362830427193	-133.88078740391538	-100.7359072258156
3239.0	72.5	21.03819822417098	-96.59188509791356	-100.14768526364077
3240.0	72.5	21.053286695416382	-98.58924068250721	-99.72225361926333
3241.0	72.5	21.06868837696295	-100.09898024875135	-99.3361850261022
3242.0	72.5	21.084297389882295	-101.20692955844298	-98.96219057202224
3243.0	72.5	21.10002790903294	-101.90896519663838	-98.58198523957336
3244.0	72.5	21.114894501176988	-173.6072017286042	-98.22773774415981
3245.0	72.5	21.13005018874317	-101.16054696419684	-97.85097036406681
3246.0	72.5	21.145394826331003	-103.06756808691517	-97.5019378066844
3247.0	72.5	21.160815207707312	-104.5990717718952	-97.161753693356
3248.0	72.5	21.176260843851995	-106.00340701958535	-96.8326733603483
3249.0	72.5	21.19169522212126	-107.07454459775698	-96.50350284850431
3250.0	72.5	21.20709895317637	-107.8227450761182	-96.16751673919664
3251.0	72.5	21.22243622780774	-107.88504678976335	-95.81263518461574
3252.0	72.5	21.23769966406072	-107.43555237821126	-95.43877553744119
3253.0	72.5	21.252854583012734	-106.91317555394926	-95.05410309244235
3254.0	72.5	21.267901991640198	-106.45284849128038	-94.66661542099861
3255.0	72.5	21.282844287700573	-106.18837095457567	-94.2883574773387
3256.0	72.5	21.29767309621887	-105.96428957282191	-93.92013275839653
3257.0	73.0	20.88439841815126	-105.50410088827616	-93.55495197435903
3258.0	73.0	20.900471691603347	-104.95905106460042	-93.18421617523985
3259.0	73.0	20.916429735878964	-104.42159922629418	-92.80508087946463
3260.0	73.0	20.932244466917258	-103.65196485602435	-92.41572923792197
3261.0	73.0	20.947925398651495	-102.5654159582052	-92.0165893645784
3262.0	73.0	20.963446894011483	-101.16463321198235	-91.61376209195089
3263.0	73.0	20.978830155306447	-99.62110285208061	-91.21062318893537
3264.0	73.0	20.994052088234522	-98.28405141228785	-90.81153346300388
3265.0	73.0	21.00914414025712	-96.6813242506219	-90.41562022358843
3266.0	73.0	21.024090404681246	-94.42101348110744	-90.01299199258847
3267.0	73.0	21.038891596312098	-91.43510891749426	-89.59554765653917
3268.0	73.0	21.053526865493566	-87.99441609467016	-89.15701736137183
3269.0	73.0	21.066814574284926	-166.3736151197281	-88.84736044081676
3270.0	73.0	21.08019353919749	-102.54312714134424	-88.42976163024414
3271.0	73.0	21.0938831051518	-103.98474667781929	-88.09840656910006
3272.0	73.0	21.10768379270123	-105.45994997084657	-87.80089734565081
3273.0	73.0	21.12152738661054	-106.89509798497691	-87.52452907281773
3274.0	73.0	21.135369027319147	-107.98879537780353	-87.24726619126027
3275.0	73.0	21.149022218771275	-175.8804370711389	-86.95118122428062
3276.0	73.0	21.161782488223402	-104.57593900833616	-86.44992210556741
3277.0	73.0	21.174850086266012	-107.52174182668156	-86.1058435245627
3278.0	73.5	20.977322443254412	-109.48643068292316	-85.79633303498237
3279.0	73.5	20.992258463323914	-111.0019640174022	-85.5077258210777
3280.0	73.5	21.00717539754688	-111.99630769176643	-85.22087614754224
3281.0	73.5	21.022053086026038	-112.60335871697964	-84.92572300201368
3282.0	73.5	21.03685696328737	-112.58264278567867	-84.61295407805204
3283.0	73.5	21.051561926874513	-112.07164130734641	-84.28061362949484
3284.0	73.5	21.06616051421033	-111.31192330855048	-83.93334382234187
3285.0	73.5	21.08064448234477	-110.48277847395315	-83.5761532937707
3286.0	74.0	21.026292981072878	-109.89080023319688	-83.22387798869822
3287.0	74.0	21.04352042064496	-109.55557071481013	-82.87928782036423
3288.0	74.0	21.060628310224875	-109.17378110131197	-82.53982133501663
3289.0	74.0	21.077604682638906	-108.42645691982185	-82.18790574059777
3290.0	74.0	21.09443728075354	-107.55876266774548	-81.81996038768317
3291.0	74.5	20.916888323000894	-106.365859453672	-81.4368288103244
3292.0	74.5	20.936186214326	-104.86641607642525	-81.04143665808417
3293.0	74.5	20.95531563072671	-103.1322234943796	-80.64091781926622
3294.0	74.5	20.974265397002245	-101.07646505556005	-80.23349533678261
3295.0	74.5	20.993023028214434	-99.06028517527756	-79.82233740024091
3296.0	74.5	21.011594322193556	-97.09314493537738	-79.41146937210999
3297.0	74.5	21.02996502260117	-94.59694828140472	-78.99374271018888
3298.0	74.5	21.04631717020804	-178.23783539105074	-78.40672285298811
3299.0	74.5	21.062669067660664	-111.2435287088731	-77.95984760545706
3300.0	74.5	21.079469516927492	-112.14868283167445	-77.60586615525726
3301.0	74.5	21.09642941249732	-112.52808268794503	-77.25987953930648
3302.0	74.5	21.1134208080475	-112.96367137378125	-76.91507827517773
3303.0	75.0	20.76293911002908	-113.69008194177313	-76.5831403217095
3304.0	75.0	20.781481740121322	-114.86214756600593	-76.26375328692859
3305.0	75.0	20.80002855945399	-115.86174151873892	-75.9493591278936
3306.0	75.0	20.8185359300237	-116.38015460391192	-75.63129717792896
3307.0	75.0	20.835584026014967	-178.33276675591463	-75.59409985053817
3308.0	75.0	20.85286287234632	-115.98610004442594	-75.2438987187511
3309.0	75.0	20.870321701889623	-116.75831831393837	-74.94363406538073
3310.0	75.0	20.887836720883044	-117.1429262868658	-74.66147522053369
3311.0	75.0	20.905331954702298	-117.3507654032232	-74.39145446483772
3312.0	75.0	20.922792996910182	-117.32980261194996	-74.13137777367584
3313.0	75.0	20.940172143283004	-117.17330280076528	-73.87975482861123
3314.0	75.5	20.65639856668462	-116.6336619534308	-73.62971754447166
3315.0	75.5	20.676013834933624	-115.58907269266068	-73.36972642838636
3316.0	75.5	20.695498991967256	-114.3157867122949	-73.09738696613941
3317.0	75.5	20.714850202705257	-112.81079720381925	-72.81124380143493
3318.0	75.5	20.73404386839072	-111.11665281792149	-72.51227057339783
3319.0	75.5	20.75307711068548	-109.51955621478581	-72.21151679521157
3320.0	75.5	20.77193236150728	-107.87645760585292	-71.91690487918487
3321.0	75.5	20.790607798403567	-105.9417814971303	-71.62588186134705
3322.0	75.5	20.809112375478616	-103.76793260705956	-71.3392636606753
3323.0	75.5	20.827419084482166	-101.34295597120465	-71.05339724064466
3324.0	75.5	20.845549291212286	-98.60191445830904	-70.76775275241226
3325.0	75.5	20.862105926608674	-177.57956414642476	-70.42701831797112
3326.0	75.5	20.878273284857453	-120.31486784311892	-70.24761325247927
3327.0	75.5	20.89478510712975	-120.00957332539565	-70.11121263652595
3328.0	76.0	20.732960784051645	-120.78784653256695	-69.98939084040447
3329.0	76.0	20.752331120075034	-121.11937181114656	-69.8458780254325
3330.0	76.0	20.77171316143298	-121.02559559166336	-69.65869963888932
3331.0	76.0	20.79105015752266	-121.53904941626794	-69.452637291837
3332.0	76.0	20.81031039039801	-122.52643922732277	-69.25624076719963
3333.0	76.0	20.829506616320167	-123.32813231652538	-69.0690200888642
3334.0	76.0	20.84860593724457	-123.5275486210685	-68.87566905000016
3335.0	76.0	20.86760738842122	-123.19723679769542	-68.66088579115949
3336.0	76.0	20.886475033482625	-122.30765974864612	-68.42256991324491
3337.0	76.0	20.905199363353017	-120.9720266309769	-68.16478312010875
3338.0	76.0	20.923771050924415	-119.6940120448706	-67.9025834451993
3339.0	76.0	20.942183878103314	-119.05698536745675	-67.6560310032327
3340.0	76.5	20.70204652301794	-118.65661940313873	-67.42975104560753
3341.0	76.5	20.722316908189974	-118.08323038115138	-67.2021526732848
3342.0	76.5	20.7424850846795	-116.94342123052685	-66.9469440359911
3343.0	76.5	20.762223337301414	-165.3279439774455	-66.6010856533176
3344.0	76.5	20.78054585585743	-108.90568016277575	-66.02327329755005
3345.0	76.5	20.798753218860337	-108.48814883050547	-65.68207507979915
3346.0	76.5	20.816935774605472	-107.63100225559167	-65.37814499050269
3347.0	76.5	20.835124581520976	-106.44357246540285	-65.08944527880875
3348.0	76.5	20.853314226228775	-104.78335343675236	-64.80427488647663
3349.0	76.5	20.871501688585877	-102.91772921003354	-64.51877233349732
3350.0	76.5	20.88966684953231	-100.4715810867797	-64.22399183237161
3351.0	76.5	20.907308646287547	-160.19247510907098	-63.950032388548486
3352.0	76.5	20.924527071797982	-122.54710771956205	-63.694355768648705
3353.0	76.5	20.941976902955417	-122.19098998474857	-63.50671697405691
3354.0	77.0	20.56455518387376	-123.78649223436457	-63.35493299384562
3355.0	77.0	20.584243326741706	-124.75321079946421	-63.191369689207875
3356.0	77.0	20.603966780963788	-124.75566045970024	-62.97286386862835
3357.0	77.0	20.623662301917022	-125.16642310378283	-62.72550866693051
3358.0	77.0	20.643294636803326	-126.1495736751144	-62.48810676854261
3359.0	77.0	20.66285992775271	-127.16656853853192	-62.27288507627301
3360.0	77.0	20.68235206705372	-127.57830046687565	-62.06698661748581
3361.0	77.0	20.701761214872903	-127.4698421179528	-61.85580553820292
3362.0	77.0	20.721058165653847	-126.6819909204016	-61.63200193477066
3363.0	77.0	20.74023688219293	-125.257178640118	-61.39662352777609
3364.0	77.0	20.759286760461464	-123.92352326047752	-61.16675873412424
3365.0	77.0	20.77822305375719	-123.22649802839246	-60.96488483558954
3366.0	77.5	20.751093060313167	-123.13935149173338	-60.802199619469675
3367.0	77.5	20.772026835501446	-122.87509800774102	-60.66529114218751
3368.0	77.5	20.79277974616294	-121.79703094308888	-60.517368943278484
3369.0	77.5	20.8133124297026	-120.20589859880992	-60.33749494751095
3370.0	77.5	20.833592986682056	-118.26713406920253	-60.12715852187577
3371.0	77.5	20.853620339687414	-116.10475439388314	-59.89650697218952
3372.0	77.5	20.873398562751145	-113.66439158548557	-59.65535926335942
3373.0	77.5	20.892944909143754	-111.01967311071064	-59.40971728995549
3374.0	77.5	20.912274062800147	-108.32128558877577	-59.164240780618094
3375.0	77.5	20.92845057891633	-108.55264316702595	-58.549560166890025
3376.0	77.5	20.94433141397403	-106.49951416188759	-58.077430437025235
3377.0	77.5	20.961123750398627	-175.49936168628082	-57.929276522376014
3378.0	77.5	20.97963523089323	-128.06226555301612	-57.83735823061822
3379.0	77.5	20.998590148465247	-127.63224261324402	-57.72067162114798
3380.0	78.0	21.08876051609109	-129.20309452516597	-57.633561608798544
3381.0	78.0	21.10965555854083	-130.33825494890084	-57.539299783251444
3382.0	78.0	21.130217881403194	-130.47045626617168	-57.38867424230884
3383.0	78.0	21.15041529532462	-130.83494419155664	-57.20119026602802
3384.0	78.0	21.170301380641092	-131.69090360092304	-57.01559672531836
3385.0	78.0	21.189937208760238	-132.67252797667905	-56.84744600625415
3386.0	78.0	21.209353944083382	-132.91237876020597	-56.6792555078423
3387.0	78.0	21.22854416909702	-132.6379667391715	-56.494090598526356
3388.0	78.0	21.24750280530579	-131.62595488281704	-56.287033552807195
3389.0	78.0	21.266222746205248	-130.0147612578487	-56.0624692520041
3390.0	78.0	21.284712034920734	-128.47160253495593	-55.834756308426506
3391.0	78.0	21.303002689076198	-127.58826230251482	-55.62511189342221
3392.0	78.5	21.089534087207962	-127.1397139506149	-55.43806333956549
3393.0	78.5	21.109657092456807	-126.26002762356015	-55.2446825732858
3394.0	78.5	21.12954640472382	-124.49404570136791	-55.01079459662176
3395.0	78.5	21.14914917969956	-122.27894120769982	-54.733239787141066
3396.0	78.5	21.16806865040221	-128.694137489365	-54.29819407962626
3397.0	78.5	21.18697356869674	-109.58507094444994	-53.92348334572398
3398.0	78.5	21.205553654395068	-108.0708046464121	-53.62067070377097
3399.0	78.5	21.22388638490714	-106.38085668631516	-53.348459016792624
3400.0	78.5	21.242033879486733	-104.47361892891769	-53.09080327310839
3401.0	78.5	21.259868607077852	-118.43867168462741	-52.884302785707746
3402.0	78.5	21.277659110495538	-135.48823945832748	-52.918645762517514
3403.0	78.5	21.29576544727598	-128.836628376188	-52.825205929504484
3404.0	78.5	21.313709419676343	-128.89568009283317	-52.72188371859582
3405.0	79.0	20.955684949347766	-130.65639110224166	-52.645531642144675
3406.0	79.0	20.975407670198514	-131.85252413783215	-52.551484417515915
3407.0	79.0	20.9949023140872	-132.1552126412295	-52.39880563644322
3408.0	79.0	21.014125449250468	-132.78640857004464	-52.2171911512211
3409.0	79.0	21.033106214810005	-133.85236896630747	-52.0470671335793
3410.0	79.0	21.05188551153773	-134.95650530911428	-51.90346688621463
3411.0	79.0	21.070479736955296	-135.28081178308324	-51.77092869957443
3412.0	79.0	21.088841199599987	-135.39232443774827	-51.53873853946729
3413.0	79.0	21.106817594470236	-128.184273703734	-51.27421950550861
3414.0	79.0	21.124500777584775	-128.19088608144466	-51.1273865853851
3415.0	79.0	21.142029469815057	-127.90614702802048	-51.02249806700503
3416.0	79.5	20.927343250844583	-128.23868488478294	-50.967992190279475
3417.0	79.5	20.94723512276837	-128.22251319715267	-50.939770694083144
3418.0	79.5	20.966960212774655	-127.05676089784865	-50.8813849348139
3419.0	79.5	20.986442548997825	-125.07362618391028	-50.76580057724481
3420.0	79.5	21.005645896942312	-122.57478155941246	-50.60170206690353
3421.0	79.5	21.024567701722123	-119.7420692129756	-50.40785255230601
3422.0	79.5	21.043232517429022	-116.7440213328242	-50.19865895276209
3423.0	79.5	21.06166461879094	-113.69059737890618	-49.98219395973925
3424.0	79.5	21.079886905276318	-110.831642006347	-49.76755530300738
3425.0	79.5	21.097302206979116	-90.3215432485873	-49.54035511310914
3426.0	79.5	21.114332318126714	-97.98037692444429	-49.24205073174911
3427.0	79.5	21.132204760282104	-135.68008258205242	-49.205367398170914
3428.0	79.5	21.150192945671986	-134.91768674670257	-49.14417887079737
3429.0	80.0	20.93824349490123	-135.36746762296974	-49.07099058122641
3430.0	80.0	20.958568455073713	-137.17777366624566	-49.01716909218524
3431.0	80.0	20.97876806345376	-138.26501437430898	-48.93401156220233
3432.0	80.0	20.998829813576563	-138.44217732149713	-48.78911283074898
3433.0	80.0	21.01871799494512	-138.89941113423637	-48.61447856566621
3434.0	80.0	21.038450041819598	-139.72791540911757	-48.44070792312709
3435.0	80.0	21.058048252776477	-140.4398938844972	-48.276067703544264
3436.0	80.0	21.07750608363209	-140.4554350502549	-48.106687523681856
3437.0	80.0	21.097087891908885	-111.61494076184668	-47.858649215048565
3438.0	80.0	21.115084508676336	-131.73293222002218	-47.55717344516622
3439.0	80.0	21.133579202440387	-133.72664643480027	-47.24692102380188
3440.0	80.5	20.86106153173102	-129.8457940625409	-46.99132582333747
3441.0	80.5	20.886296818954797	-129.77462010966715	-46.81064874854045
3442.0	80.5	20.911025213314147	-128.88888021918112	-46.62582672055456
3443.0	80.5	20.93532853122478	-127.00075426669346	-46.38604694575846
3444.0	80.5	20.959211431020428	-124.32668819667917	-46.08742743527038
3445.0	80.5	20.982691556522187	-121.29831863928875	-45.75672419393853
3446.0	80.5	21.005799765829142	-118.25668237251564	-45.41742731622897
3447.0	80.5	21.02858016626581	-115.40140168053533	-45.08474199022739
3448.0	80.5	21.051063427861262	-112.92137588836626	-44.768426205023076
3449.0	80.5	21.178163549990934	-111.8930718318685	-44.92540600505579
3450.0	80.5	21.20208429248474	-140.98044538666636	-44.76705411588711
3451.0	80.5	21.224772230444827	-141.73008309787704	-44.67069335520664
3452.0	80.5	21.246155448955488	-141.6645394139224	-44.54715545469715
3453.0	81.0	21.628403566166885	-127.87128886685069	-44.415345331629425
3454.0	81.0	21.647499534453086	-137.928414777474	-44.19145415895859
3455.0	81.0	21.675978657209033	-139.99779643550787	-44.03202333236242
3456.0	81.0	21.705576660710275	-141.03942645207516	-43.84832316416717
3457.0	81.0	21.735283319283067	-142.3896422495192	-43.67375237880583
3458.0	81.0	21.7648738421897	-143.5193787014136	-43.52316727734557
3459.0	81.0	21.794284159433666	-144.17913938093474	-43.39719288685921
3460.0	81.0	21.823478712910873	-144.1382452855516	-43.28672886355318
3461.0	81.0	21.85242468952856	-143.7001098377103	-43.18305858151217
3462.0	81.0	21.88110546825388	-142.5310322307485	-43.07389080321121
3463.0	81.0	21.893015161871165	-167.35607254830805	-42.89870889058905
3464.0	81.5	21.526882800570828	-136.00323465472246	-42.72830042477335
3465.0	81.5	21.560130159146198	-136.3712417858107	-42.57523391507923
3466.0	81.5	21.588750541963336	-136.40819680115513	-42.444153856600956
3467.0	81.5	21.61152190503312	-131.82084239270134	-42.149089517767976
3468.0	81.5	21.644394327889035	-129.5114037447011	-41.91107387236501
3469.0	81.5	21.677920551346165	-125.48000716178818	-41.62717450834803
3470.0	81.5	21.711496451119793	-120.44222409659952	-41.291117624104515
3471.0	81.5	21.745031314561494	-114.94963528247634	-40.914967945214585
3472.0	81.5	21.764750326801547	-146.4175684518188	-40.78986236071552
3473.0	81.5	21.790211500589905	-142.60469564723968	-40.70040094453639
3474.0	81.5	21.8217981222343	-144.48149383662113	-40.62497216339485
3475.0	81.5	21.85407531156232	-145.55598340570086	-40.550565043379116
3476.0	81.5	21.886611843978574	-145.87189759928947	-40.45679822422322
3477.0	81.5	21.919260825122606	-146.25790384081736	-40.34565285775095
3478.0	81.5	21.936770769985085	-195.1819981943613	-40.193404613175446
3479.0	82.0	21.56182003043078	-147.17940923916748	-40.020954018228906
3480.0	82.0	21.59420307442906	-148.7398402803865	-39.88034879603265
3481.0	82.0	21.62800201823413	-148.03229776806313	-39.70703485704604
3482.0	82.0	21.662459329037006	-147.15790442890443	-39.51572733506419
3483.0	82.0	21.69728878773354	-147.05425107022816	-39.3390254026343
3484.0	82.0	21.732317048446664	-146.9007677163081	-39.16212544745525
3485.0	82.0	21.767404696154095	-146.3705700779721	-38.95357749606322
3486.0	82.0	21.802462707117495	-145.87321453358342	-38.71213458040936
3487.0	82.0	21.837425532749187	-145.16292050558084	-38.45787895832919
3488.0	82.0	21.87226678297301	-143.77832787432794	-38.21139085151178
3489.0	82.0	21.906950030535405	-141.52954003740462	-37.97553282483212
3490.0	82.0	21.941468127705583	-139.0104100244009	-37.75123673477849
3491.0	82.0	21.975798327413386	-134.41583206786535	-37.507870920450024
3492.0	82.0	22.009895727152315	-127.75552479050766	-37.22127526114438
3493.0	82.0	22.003209786429142	-130.45313518071595	-36.7865585528213
3494.0	82.5	21.647312941070123	-142.36617820337756	-37.32696376885754
3495.0	82.5	21.6765758142006	-145.070571022855	-37.292989788546826
3496.0	82.5	21.706314700608054	-147.15802255381976	-37.312864189454494
3497.0	82.5	21.7319237078456	-205.26755000693075	-37.354818579261334
3498.0	82.5	21.759500624121294	-146.43820953935497	-37.34691535257618
3499.0	82.5	21.78934579474716	-151.6767714083592	-37.38507545880324
3500.0	82.5	21.819799214399623	-155.13301965690087	-37.47021681701852
3501.0	82.5	21.85084616205572	-157.02288918067242	-37.56582407666935
3502.0	82.5	21.882354992858364	-157.24720915922504	-37.6358471395319
3503.0	82.5	21.9142148117135	-155.9756827434336	-37.681076267310374
3504.0	82.5	21.946321027715108	-154.84674015426532	-37.72825271809841
3505.0	82.5	21.97861810376688	-154.58301883156847	-37.80653750618346
3506.0	83.0	21.612201338477945	-154.57349017743562	-37.91602439272993
3507.0	83.0	21.641327088255906	-154.1604874176401	-38.009715902710106
3508.0	83.0	21.67031232437543	-153.3938696166809	-38.06833452402992
3509.0	83.0	21.699159908131627	-151.99896350210648	-38.103356760879
3510.0	83.0	21.727854821062493	-149.77760052232475	-38.13904421270684
3511.0	83.0	21.756427400730388	-146.62746274489913	-38.18068957634672
3512.0	83.0	21.78485049054289	-143.11023392369933	-38.22616513520605
3513.0	83.0	21.689357349201668	-137.87350744261101	-38.256097066297
3514.0	83.0	21.7142746706945	-107.27830399888157	-38.52508919154099
3515.0	83.0	21.732296022220357	-148.23461831262333	-38.67614866419466
3516.0	83.0	21.75112998427283	-149.8104259655116	-38.88918546806592
3517.0	83.0	21.76934974543399	-209.46933691786518	-39.15859391169088
3518.0	83.0	21.78690007550312	-154.3341798333431	-39.51071905020225
3519.0	83.0	21.8056678212298	-158.27132007253292	-39.83949933548448
3520.0	83.0	21.825515463634115	-160.7568879069526	-40.14549692067217
3521.0	83.5	21.72052627212502	-162.87974434184935	-40.474141406798424
3522.0	83.5	21.74769456930006	-164.59463875036275	-40.82881719846466
3523.0	84.0	21.471036281390795	-165.07384046830157	-41.173338704071696
3524.0	84.0	21.500406510158754	-164.6704063594771	-41.49258541656487
3525.0	84.0	21.52939781747283	-163.34721881241478	-41.7886888861131
3526.0	84.0	21.55799543938981	-161.93016882347254	-42.076897552207406
3527.0	84.0	21.586226910514977	-160.74989032125862	-42.36890151751533
3528.0	84.0	21.614106446720402	-160.64367644758707	-42.69286179504936
3529.0	84.5	21.34380174512247	-160.19242913521006	-43.02826864596432
3530.0	84.5	21.375592045045554	-158.48895988301965	-43.34575162485875
3531.0	84.5	21.406979601879858	-155.75999473911077	-43.653097692075065
3532.0	84.5	21.437957791105518	-151.6082601554797	-43.95957339941448
3533.0	84.5	21.468530370392646	-146.16770955648215	-44.26508332480207
3534.0	84.5	21.49869724553477	-139.5891806669504	-44.565035863949475
3535.0	84.5	21.528507999336366	-109.05908312537505	-45.41000053630753
3536.0	84.5	21.55793180564175	-219.46054069046738	-45.91953428757057
3537.0	84.5	21.587101260332968	-162.0498411965113	-46.5015032637949
3538.0	85.0	21.316785379060416	-164.44724475261143	-47.12049312348115
3539.0	85.0	21.34970250174002	-166.44865143261083	-47.727641344299464
3540.0	85.0	21.382295961765628	-169.13522734129532	-48.35848049413333
3541.0	85.0	21.414587420703832	-171.55351410418038	-49.01150790331618
3542.0	85.0	21.44659586187324	-172.76357631605575	-49.663552597649975
3543.0	85.0	21.478303006124374	-172.25767165789253	-50.28666523061393
3544.0	85.0	21.509699756356245	-170.69168403091473	-50.88793029973186
3545.0	85.0	21.540783248912724	-169.99850800991413	-51.511732107854826
3546.0	85.5	21.250175147007784	-169.28771200341205	-52.162520060446624
3547.0	85.5	21.28599226968746	-167.80008865248058	-52.78727223098284
3548.0	85.5	21.32154096940106	-165.91349871908582	-53.33773059107426
3549.0	85.5	21.356790228768677	-164.60044293086122	-53.85054324988903
3550.0	85.5	21.391782046902378	-163.59647967097862	-54.38564154936956
3551.0	85.5	21.426580602207324	-161.46685638210553	-54.953033680658145
3552.0	85.5	21.461259174462548	-157.7165987299653	-55.536419571719875
3553.0	85.5	21.49581668422836	-151.4895711801338	-56.106554651044306
3554.0	85.5	21.530250230157787	-142.24924812175738	-56.63065167065909
3555.0	85.5	21.563082428093978	-161.0237576487321	-57.08920358798735
3556.0	85.5	21.595296740156652	-163.76568099244608	-57.77525231993894
3557.0	86.0	21.31543916053107	-168.39180440776244	-58.566668270298685
3558.0	86.0	21.351173983803363	-170.42707199567843	-59.275501865523914
3559.0	86.0	21.3871321796956	-172.8515997463881	-59.915269070494105
3560.0	86.0	21.42325518668563	-176.92633398252548	-60.60248416689491
3561.0	86.0	21.459550073259567	-179.53912716372707	-61.31566537062799
3562.0	86.0	21.49599270491279	-179.2148265300241	-61.9655963431874
3563.0	86.0	21.53248740635729	-177.03385455749918	-62.54655141973263
3564.0	86.0	21.56898410286877	-175.21775313885135	-63.115424660842265
3565.0	86.0	21.605489359444896	-175.47509545748161	-63.73051472729284
3566.0	86.5	21.266738351096258	-175.53961605181243	-64.35640621806965
3567.0	86.5	21.30447884978675	-173.79621228925825	-64.89208818821284
3568.0	86.5	21.341825963826484	-172.0451636220448	-65.35164566104183
3569.0	86.5	21.378735429317025	-170.99920022180774	-65.81559644219634
3570.0	86.5	21.415242884333804	-169.26352883912952	-66.3195689751206
3571.0	86.5	21.451366195791355	-165.22345400987228	-66.84307464386839
3572.0	86.5	21.487082700547685	-158.77521752952526	-67.34171504396642
3573.0	86.5	21.52236522243214	-148.7278620966143	-67.775629881289
3574.0	86.5	21.54753866223518	-152.04969597582368	-68.58441513555661
3575.0	86.5	21.568614203875736	-165.88223008935938	-69.15529142518287
3576.0	87.0	20.64844826959405	-171.65086717732	-69.84058864778207
3577.0	87.0	20.68085606930377	-175.10181030657606	-70.48753970844454
3578.0	87.0	20.713242569060984	-176.90026176778326	-71.01236550833619
3579.0	87.0	20.745367282646143	-180.39130443505292	-71.52871569463393
3580.0	87.0	20.777231845221102	-183.8393046876228	-72.08476435198402
3581.0	87.0	20.80880920146707	-184.54112539636705	-72.6068406030722
3582.0	87.0	20.840010357888143	-182.9877668762304	-73.04376303945968
3583.0	87.0	20.870784442778884	-180.75775691120094	-73.42303839508904
3584.0	87.0	20.90114803005532	-179.89535840673068	-73.80054811938531
3585.0	87.5	21.016540839536344	-180.59588659659408	-74.20467677305612
3586.0	87.5	21.047149617764326	-179.87974921194083	-74.54867238374602
3587.0	87.5	21.077262807087028	-177.6361004328508	-74.76683664868547
3588.0	87.5	21.10684431125493	-175.61464835983944	-74.92577581368542
3589.0	87.5	21.135965810839764	-173.49455184318722	-75.09104022535502
3590.0	87.5	21.16469492941567	-169.92143105635571	-75.26942250164153
3591.0	87.5	21.193052872462403	-164.30155021461738	-75.4356369801975
3592.0	87.5	21.22101443292405	-156.50253891220112	-75.56035831220055
3593.0	87.5	21.245935556842646	-177.78863692848006	-75.49230155529114
3594.0	87.5	21.273181920682404	-172.34397140172086	-75.5174556246922
3595.0	88.0	21.05138755357575	-177.49484717165345	-75.72797515037966
3596.0	88.0	21.08107071341284	-181.61361947079757	-75.9332623487693
3597.0	88.0	21.11035347847965	-183.59556805873407	-76.01230548616813
3598.0	88.0	21.139188881679075	-186.48711285290113	-76.05021260235058
3599.0	88.0	21.167659616001856	-189.60217693348037	-76.11142994281444
3600.0	88.0	21.195796646403135	-190.43792207445995	-76.15277343606489
3601.0	88.0	21.22353871776836	-189.19048058609906	-76.12487214769402
3602.0	88.0	21.25085730132648	-187.2190238095577	-76.04630110640745
3603.0	88.0	21.277776306719797	-185.93834090436417	-75.95070855453368
3604.0	88.5	21.06943235392651	-186.11102717611817	-75.87271871955492
3605.0	88.5	21.099052880754975	-186.0548194982722	-75.78859504528377
3606.0	88.5	21.12824520874678	-184.07466705025294	-75.62619705745266
3607.0	88.5	21.1569421089901	-180.5684272849722	-75.39176332253975
3608.0	88.5	21.185166626073975	-176.67998502256654	-75.14702172609152
3609.0	88.5	21.212964031300533	-171.54052977661033	-74.90546487945922
3610.0	88.5	21.240341404755135	-164.2014869357817	-74.65535660549008
3611.0	88.5	21.267116140082482	-120.07452584530388	-74.8287802322813
3612.0	88.5	21.29355019697066	-244.29155627985463	-74.6440326514162
3613.0	88.5	21.319740976831298	-180.75941022613029	-74.56096020184143
3614.0	89.0	21.137173959947454	-184.6488425138264	-74.50303183200387
3615.0	89.0	21.166386099839926	-189.53506200381764	-74.47071786672595
3616.0	89.0	21.19522028036478	-192.0972589701375	-74.38177442796157
3617.0	89.0	21.223564510082245	-193.00101246838526	-74.21340908632868
3618.0	89.0	21.251455980323662	-193.84259423529792	-74.02051088216082
3619.0	89.0	21.278950321437737	-193.73900605632488	-73.81749851536306
3620.0	89.0	21.306077995981735	-192.88974336177617	-73.6029448710223
3621.0	89.0	21.332851118931774	-191.7723081064622	-73.36734854142412
3622.0	89.0	21.35925613179277	-190.10679281855963	-73.084280616171
3623.0	89.0	21.385262513546518	-188.09101869149973	-72.7537445117141
3624.0	89.5	21.252540178473076	-186.38820516690282	-72.41257400196784
3625.0	89.5	21.281545151195406	-184.32095057238817	-72.08320936306161
3626.0	89.5	21.310202489714165	-180.0503617785608	-71.73721219960113
3627.0	89.5	21.33846665082354	-173.31276468564099	-71.33817852114734
3628.0	89.5	21.366299663585067	-164.69224416935148	-70.87882298385571
3629.0	89.5	21.392439870918196	-144.92751406431168	-70.60947375316509
3630.0	89.5	21.416936663756278	-182.98523960993057	-70.2540171638975
3631.0	89.5	21.44296392793671	-251.70537536605357	-70.0164254153717
3632.0	89.5	21.468209082573512	-184.5852490352376	-69.56844096037325
3633.0	89.5	21.493003453694726	-190.3383021711288	-69.16877700806687
3634.0	89.5	21.517802241377154	-194.83211615781988	-68.84487799950459
3635.0	90.0	21.384874604281364	-197.02736349148762	-68.49666194800972
3636.0	90.0	21.41615120283911	-196.65514616694315	-68.07462200350133
3637.0	90.0	21.44680820955959	-194.94316547583054	-67.61812995090351
3638.0	90.0	21.476966095735314	-194.51857747166738	-67.18405130961051
3639.0	90.0	21.506702023728355	-194.5156927376757	-66.73935668551424
3640.0	90.0	21.53596273474838	-193.808737298146	-66.2156454035468
3641.0	90.0	21.564727562010816	-193.14673472715626	-65.65602318928227
3642.0	90.0	21.593063093746604	-191.28078372046406	-65.1091102806093
3643.0	90.0	21.62110980616359	-187.6370916764334	-64.57291037158946
3644.0	90.0	21.648862413521126	-181.30793908100162	-64.00243488294767
3645.0	90.0	21.676185976779752	-170.20318215802368	-63.330401756309676
3646.0	90.5	21.54920469935796	-172.41345887359662	-62.57883315016088
3647.0	90.5	21.543721856853427	-186.71996946123753	-62.53410768297667
3648.0	90.5	21.57457076953733	-193.4784061934713	-62.132736448057635
3649.0	90.5	21.609176614097404	-198.19486878506305	-61.75658494276502
3650.0	90.5	21.62933318397031	-261.3712342378794	-61.21828318746867
3651.0	90.5	21.657016806422867	-197.9420829481079	-60.702716832059636
3652.0	90.5	21.689607102957357	-203.97423045326397	-60.26058614917022
3653.0	90.5	21.722478335505752	-205.02420017207447	-59.748941214677075
3654.0	90.5	21.75495575190878	-203.24756819454018	-59.171882321238
3655.0	90.5	21.78694302035331	-202.26449804316178	-58.59772726778195
3656.0	90.5	21.818510209215518	-202.75913968684318	-58.050821295196506
3657.0	91.0	21.349915276625353	-202.6568699281151	-57.47911899422854
3658.0	91.0	21.396987427607307	-201.68226139463192	-56.84575494608487
3659.0	91.0	21.443866474295277	-199.8066737408139	-56.21111116833255
3660.0	91.5	21.01147927798062	-195.22681162566022	-55.58788795311161
3661.0	91.5	21.0555111463989	-188.70382304243793	-54.94252596787326
3662.0	91.5	21.099724109689454	-177.79643994184977	-54.21106921414942
3663.0	91.5	21.13490667353013	-189.03568503687282	-53.71421443785556
3664.0	91.5	21.165478452351525	-201.67774522162077	-53.04882128699736
3665.0	91.5	21.200603123977235	-207.20507607622437	-52.52809042105346
3666.0	91.5	21.239149074226063	-211.96805110595662	-52.02067241954354
3667.0	92.0	20.9970494888203	-270.60859852744204	-51.421886474933366
3668.0	92.0	21.02479589301506	-210.1931392594946	-50.771510592471444
3669.0	92.0	21.05378848286343	-214.56062990595476	-50.21210240512979
3670.0	92.0	21.083983734733536	-214.55947451088883	-49.625937551304276
3671.0	92.0	21.11527588476154	-213.4029149505185	-49.03101620002042
3672.0	92.0	21.147549706507696	-212.44908633019512	-48.447807426692464
3673.0	92.5	21.056348671599793	-212.6949585707731	-47.90506675695944
3674.0	92.5	21.097181637177947	-212.2341965645237	-47.37097988193814
3675.0	92.5	21.13810969274347	-209.22821903222516	-46.82589602309504
3676.0	92.5	21.17928551486251	-203.78514443168226	-46.303847602990565
3677.0	92.5	21.22078894020071	-194.84211989238426	-45.7937727448511
3678.0	92.5	21.262766363543513	-219.9247919596944	-45.28860947945699
3679.0	92.5	21.29830566771375	-220.8893169597461	-45.36486451823771
3680.0	93.0	21.141105783226905	-223.86237703836431	-45.234922191204014
3681.0	93.0	21.191160325420416	-224.82140309540475	-45.12430322104392
3682.0	93.0	21.242788323090977	-227.9332455116327	-45.06093410341508
3683.0	93.0	21.295784331178087	-230.96454992506455	-45.05841061771022
3684.0	93.0	21.3499120994403	-228.93265475115902	-45.03872544880731
3685.0	93.0	21.404856669183914	-288.8955081352387	-45.07333418539597
3686.0	93.5	21.173305863345792	-217.32215681560797	-45.133216130258134
3687.0	93.5	21.223960302054653	-217.6198157847016	-45.36938724403835
3688.0	93.5	21.275315423572163	-216.9126936776018	-45.621723980381375
3689.0	93.5	21.32648554841725	-217.77414402006693	-46.00506378427508
3690.0	93.5	21.377102769873705	-216.97807265667296	-46.577001264398696
3691.0	93.5	21.426904505923975	-211.75358335287711	-47.27493163406241
3692.0	93.5	21.475727245188875	-202.05942332251007	-48.03068817904902
3693.0	93.5	21.51725594179072	-225.5482027481895	-49.26600632403472
3694.0	94.0	21.114869304609165	-235.13837433375383	-50.36021802318277
3695.0	94.0	21.158820015606707	-238.14392111895162	-51.57491767885921
3696.0	94.0	21.20273748831366	-243.39380004011895	-52.77499954811836
3697.0	94.0	21.24644701391699	-249.64569447883696	-54.107356743646875
3698.0	94.0	21.289823994466413	-247.3257071726521	-55.38518160301245
3699.0	94.0	21.33273152864479	-242.85040636421596	-56.696101855351124
3700.0	94.5	20.84348987746644	-242.12926160193214	-58.179642454201385
3701.0	94.5	20.890342535354236	-241.66290757178254	-59.715021299498176
3702.0	94.5	20.93670523493964	-240.14979250700634	-61.18325817435854
3703.0	94.5	20.978530660253778	-263.50266973211785	-62.70197242037365
3704.0	94.5	21.01741430682904	-227.769453533086	-64.28516980991186
3705.0	94.5	21.058986680604693	-219.7788662567608	-66.0821466505749
3706.0	94.5	21.09891723388459	-254.53674462491153	-68.48696336048951
3707.0	95.0	20.999641455454398	-252.80877324635924	-70.60412692620875
3708.0	95.0	21.048729704842962	-257.82762647298796	-72.80839086486378
3709.0	95.0	21.09728038623205	-264.610771136733	-74.86410273023785
3710.0	95.0	21.14520948181672	-272.76771783387767	-76.9986734729306
3711.0	95.0	21.1923894648371	-270.80437668559523	-78.95420897462266
3712.0	95.0	21.238731780302142	-267.4435992796523	-80.86490785315212
3713.0	95.5	21.189140601396815	-268.6762899669155	-82.87602332304884
3714.0	95.5	21.234130597558266	-269.34527063667707	-84.75568060027572
3715.0	95.5	21.278271937802728	-269.2555959457969	-86.47182904961792
3716.0	95.5	21.321811825888833	-267.6549592034314	-88.26034857380553
3717.0	95.5	21.36499061424792	-261.1038820332283	-90.13679444330259
3718.0	95.5	21.40555033469988	-216.85305151744424	-92.49917350856533
3719.0	96.0	21.16727482917357	-291.9156891891154	-94.67776648632827
3720.0	96.0	21.21574527552854	-295.9527483447422	-96.88710583552444
3721.0	96.0	21.26352317806717	-296.7519997561635	-98.81138434700841
3722.0	96.0	21.310701688282283	-299.150506002858	-100.70575070970892
3723.0	96.0	21.35733635210262	-298.4294785737263	-102.38523946749996
3724.0	96.5	21.15806039979803	-281.9065552913037	-104.22542968994995
3725.0	96.5	21.21073606740549	-290.7246063625166	-105.89726831261326
3726.0	96.5	21.262526553180525	-297.2411427055242	-107.4279498605926
3727.0	96.5	21.313894091987116	-298.7565692297733	-109.16303221276662
3728.0	96.5	21.365211268204828	-290.3913540839349	-111.09702144438882
3729.0	96.5	21.416602038012034	-276.34853210379475	-114.18537296416511
3730.0	97.0	21.231348720211905	-343.6649207336379	-117.10403019124315
3731.0	97.0	21.289246211715188	-361.08426462709224	-120.0658566092522
3732.0	97.0	21.347106698853466	-378.2510588636897	-123.33774236116433
3733.0	97.0	21.404843785704944	-378.6589978138978	-126.80077939216542
3734.0	97.5	21.212896850183675	-351.80041768200135	-130.72863105238815
3735.0	97.5	21.27837080907634	-339.24171110561036	-134.52011827607365
3736.0	97.5	21.3431442176537	-390.79327370176753	-139.7237554089921
3737.0	97.5	21.40927483977094	-393.81451510728687	-146.73251679346606
3738.0	98.0	22.033644307984094	-454.79271315167813	-154.86922919731165
3739.0	98.0	22.12136050443209	-497.9260440216556	-163.97963395818186
3740.0	98.0	22.20742927472812	-504.0543231854156	-174.65815925754225
3741.0	98.5	22.09991809834431	-543.8612174704404	-188.57282708415568
3742.0	98.5	22.21698365726247	-612.1959455941036	-207.03532090121487
3743.0	99.0	22.032393999679435	-622.0719229445256	-235.12507875032958
3744.0	99.0	22.176554395129838	-862.5305073213693	-281.5075258020124
3745.0	99.5	21.877067229520048	-453.05785202409584	-402.2093803694587
3746.0	100.0	21.7857406831857	107.8959631894937	-594.309032350061
3747.0	100.0	21.789515736256455	38.95040811025959	-600.9159248502367
3748.0	100.0	21.88998762950617	10.400541863998292	-605.7412069687326
3749.0	100.0	21.978596827718185	-17.30652277472346	-609.0073806761094
3750.0	100.0	22.061158544754612	-7.697525600787879	-611.7039049240593
3751.0	100.0	22.12362977007832	-4.150471162783537	-613.8774499130886
3752.0	100.0	22.154019713873595	-1.7576241007250064	-615.772608613702
3753.0	100.0	22.18370129301394	-1.548283193877029	-617.5741251291781
3754.0	100.0	22.21269019178048	-1.3758418124127054	-619.370330884937
3755.0	100.0	22.241037245277457	-1.2306643112208089	-621.2012845935049
3756.0	100.0	22.26879442672476	-1.1057812179223123	-623.0729836437008
3757.0	100.0	22.296019276564657	-0.997473472855361	-624.9725920430767
3758.0	100.0	22.322731603381474	-0.9027728887729848	-626.8782260499236
3759.0	100.0	22.3489489959954	-0.8191591612864695	-628.7642917983563
3760.0	100.0	22.374704185657606	-0.7448546844187973	-630.6056617539516
3761.0	100.0	22.400024746047052	-0.6783179896097686	-632.3795219268357
3762.0	100.0	22.424939277007336	-0.6184901563271025	-634.0662102678814
3763.0	100.0	22.449462742517785	-0.5645244429639251	-635.6501805958119
3764.0	100.0	22.473609231168716	-0.5155765391768682	-637.1191528127143
3765.0	100.0	22.49741670376841	-0.4711194200494908	-638.4646970113156
3766.0	100.0	22.520889459476294	-0.43039280171149397	-639.6821269962533
3767.0	100.0	22.54403289876282	-0.3931071086911533	-640.7690408183603
3768.0	100.0	22.566861531012094	-0.3587522951534523	-641.7259296446202
3769.0	100.0	22.58937984059371	-0.32706863238091477	-642.555337266326
3770.0	100.0	22.61159797995456	-0.29771640078239564	-643.2614241678399
3771.0	100.0	22.633516144364002	-0.270500720786889	-643.8492559431847
3772.0	100.0	22.65513184446003	-0.2450840979927342	-644.3250859298828
3773.0	100.0	22.676442925863846	-0.2213674920968802	-644.6958252552696
3774.0	100.0	22.697450538919107	-0.19922539582275972	-644.9688113877695
3775.0	100.0	22.71815634027886	-0.17846166499438504	-645.1516423806856
3776.0	100.0	22.73856085490558	-0.158959018677325	-645.2520501616009
3777.0	100.0	22.7586734344239	-0.14039621308195283	-645.2777933628261
3778.0	100.0	22.778501095285705	-0.12305814736591972	-645.2365772154308
3779.0	100.0	22.798049725745667	-0.106779105454286	-645.1360947521298
3780.0	100.0	22.81732466891581	-0.09153943156744156	-644.9837394548817
3781.0	100.0	22.836330302766196	-0.07719561426394222	-644.7871264870453
3782.0	100.0	22.85507169121799	-0.06365514799272831	-644.5530810080309
3783.0	100.0	22.873555706127807	-0.05090947949700378	-644.2885809000984
3784.0	100.0	22.891785833612886	-0.038858201244688834	-643.9999399241374
3785.0	100.0	22.909766269338025	-0.027498099260476742	-643.6932645143763
3786.0	100.0	22.927501860827206	-0.016764656316645324	-643.3742748536708
3787.0	100.0	22.944997033328075	-0.00658173457117828	-643.0476108773776
3788.0	100.0	22.962257743153955	0.0030107302741866756	-642.7178004948182
3789.0	100.0	22.97928689049378	0.012125067570217318	-642.3885844667764
3790.0	100.0	22.996090463090763	0.020750915871643582	-642.0630144510013
3791.0	100.0	23.012673342427593	0.028918490845738092	-641.74361194278
3792.0	100.0	23.029041121435892	0.036626733994096466	-641.4320930387098
3793.0	100.0	23.045196542737436	0.04394620510900087	-641.1301305415217
3794.0	100.0	23.0611456676347	0.05088148831134519	-640.8383886899783
3795.0	100.0	23.07688883662094	0.057418105470704514	-640.5573958432717
3796.0	100.0	23.092434059327307	0.06364246056522117	-640.2873038565457
3797.0	100.0	23.103964307723423	0.051172296024686974	-640.0258092818098
3798.0	100.0	23.115384745538115	0.05435784655905168	-639.7756015293375
3799.0	100.0	23.126698762925002	0.05742587494116496	-639.5354376769433
3800.0	100.0	23.13790677514484	0.06037906087152561	-639.304705224532
3801.0	100.0	23.14901210285408	0.06321079092339144	-639.0827395897205
3802.0	100.0	23.160014719159857	0.06591436216819077	-638.8687414189303
3803.0	100.0	23.17091484689529	0.06848744068059288	-638.6622194344761
3804.0	100.0	23.1817163082128	0.07096793372844833	-638.4621974233065
3805.0	100.0	23.192419849358618	0.0733421461199268	-638.2681774674024
3806.0	100.0	23.203026779452525	0.0756176150499272	-638.0791918010193
3807.0	100.0	23.213537274982556	0.07781165409838442	-637.8945714564779
3808.0	100.0	23.223955656346558	0.0798887496900239	-637.7135044927725
3809.0	100.0	23.234281772126018	0.081888178771556	-637.5354275263319
3810.0	100.0	23.244515137999038	0.08381220899435947	-637.3595710596815
3811.0	100.0	23.254657525468097	0.08565411768130139	-637.1852306916752
3812.0	100.0	23.26471081418174	0.08739751259888963	-637.011650755694
3813.0	100.0	23.274674829603274	0.0890752051124808	-636.838317129617
3814.0	100.0	23.284550924931303	0.09070531708870423	-636.6647134872338
3815.0	100.0	23.294340954523562	0.09221312972512043	-636.4899532917437
3816.0	100.0	23.30404569973182	0.093683423083432	-636.3136905730867
3817.0	100.0	23.31366637858249	0.09509769867280919	-636.1355030188698
3818.0	100.0	23.323203891524532	0.09643798884898667	-635.9545422076367
3819.0	100.0	23.332657570836865	0.09770485240909166	-635.7704276691576
3820.0	100.0	23.342032597279307	0.09892237002693549	-635.5828388340163
3821.0	100.0	23.351326967177787	0.10007656510203752	-635.3912435540327
3822.0	100.0	23.360541438735023	0.10117299633681257	-635.1951399541927
3823.0	100.0	23.36967837347786	0.10223003457395974	-634.9942694371998
3824.0	100.0	23.378738486876365	0.10323809126401726	-634.7881652525695
3825.0	100.0	23.3877204957976	0.10417094105940326	-634.5767387120198
3826.0	100.0	23.396629688992796	0.10507475441839055	-634.3595550748505
3827.0	100.0	23.405463394884034	0.1059123806163488	-634.1363486647738
3828.0	100.0	23.414223242632143	0.10673740959866221	-633.9073007333758
3829.0	100.0	23.422911622179424	0.10747569525859386	-633.6720044276769
3830.0	100.0	23.43152698765965	0.10820786033030028	-633.4306954865956
3831.0	100.0	23.440071866967212	0.10885922404463065	-633.1833654838439
3832.0	100.0	23.448545754738962	0.10951471790145366	-632.9300348348269
3833.0	100.0	23.45695236568984	0.11011725221628423	-632.6711029281039
3834.0	100.0	23.465287809387018	0.11068654938027236	-632.40673767098
3835.0	100.0	23.47355799332355	0.1111851965652836	-632.1373061753
3836.0	100.0	23.481758004355953	0.11169687858529155	-631.8634844717669
3837.0	100.0	23.489894894395757	0.1121216805259431	-631.5854883785292
3838.0	100.0	23.497966219832655	0.11258257268304481	-631.3041696470299
3839.0	100.0	23.505972427415944	0.11294804873308838	-631.020002310299
3840.0	100.0	23.51391542058727	0.11330868484049672	-630.7339003745108
3841.0	100.0	23.52179511544874	0.11365545241832621	-630.4463938271343
3842.0	100.0	23.52961062767671	0.1139409208354025	-630.1584449293592
3843.0	100.0	23.5373656596521	0.11422430990198372	-629.8706627431335
3844.0	100.0	23.54505958941295	0.11448220158946305	-629.5837726381371
3845.0	100.0	23.55269370286904	0.11469202991902368	-629.2986694462498
3846.0	100.0	23.560268474183825	0.11489918656242304	-629.0160619323069
3847.0	100.0	23.567783061242398	0.11507367027098443	-628.7363469749246
3848.0	100.0	23.575240110561108	0.11520802311366084	-628.4604729849224
3849.0	100.0	23.582639098269922	0.11535204640141383	-628.1888765655069
3850.0	100.0	23.58998177881012	0.11547089303591855	-627.9219330731306
3851.0	100.0	23.597269517559862	0.11552786518714943	-627.6601882322144
3852.0	100.0	23.60449972899364	0.1156191146271666	-627.4038640699424
3853.0	100.0	23.61167695638016	0.11565115564320658	-627.1534814453028
3854.0	100.0	23.618801037814674	0.11567452958705657	-626.9090473362733
3855.0	100.0	23.625870750206385	0.11568629323700277	-626.6707860242599
3856.0	100.0	23.632887265168698	0.11566578557509948	-626.4386884717635
3857.0	100.0	23.639852222799234	0.11565362091766944	-626.2130631892275
3858.0	100.0	23.646764458435708	0.11559799675088926	-625.9935956278242
3859.0	100.0	23.65362800567957	0.1155464587419558	-625.7805484427884
3860.0	100.0	23.660438249431476	0.11548537980414976	-625.5736023162901
3861.0	100.0	23.66720180842016	0.11536776071245015	-625.3727435298399
3862.0	100.0	23.673914302677588	0.11527532533850657	-625.1777079467297
3863.0	100.0	23.680578315634413	0.11517061940163828	-624.9885103149728
3864.0	100.0	23.687192505198656	0.11502714463174954	-624.8048909948687
3865.0	100.0	23.693758298287666	0.11488234199947013	-624.6266072755332
3866.0	100.0	23.700275065778907	0.11470958087283421	-624.4535519449115
3867.0	100.0	23.706744441486563	0.11456543507301395	-624.2853400146423
3868.0	100.0	23.71316755173628	0.11438576491417653	-624.1220071394308
3869.0	100.0	23.719542974504936	0.11416739814830243	-623.9631331643816
3870.0	100.0	23.725872518537816	0.11399283177974105	-623.808562838216
3871.0	100.0	23.73215785122384	0.11376362887116667	-623.6579760287557
3872.0	100.0	23.73839449315453	0.11354722917244184	-623.511373869127
3873.0	100.0	23.744589691972973	0.11332233134279499	-623.3684392555788
3874.0	100.0	23.750738246541477	0.11305944313401839	-623.2288999614707
3875.0	100.0	23.756841759860844	0.11282949798361652	-623.0927474135652
3876.0	100.0	23.76290330398512	0.1125567693937235	-622.95970250413
3877.0	100.0	23.768920035102752	0.11230647396738687	-622.829502828099
3878.0	100.0	23.774894609205813	0.112016996677454	-622.7020559282737
3879.0	100.0	23.780825686122498	0.1117306635306154	-622.5773787756953
3880.0	100.0	23.786713389453865	0.11145183115258277	-622.4551405747779
3881.0	100.0	23.792559520966524	0.11113861760547178	-622.3350243276827
3882.0	100.0	23.798365306105644	0.1108566076525746	-622.2170599989898
3883.0	100.0	23.804129312176784	0.11054002143818431	-622.1012498815184
3884.0	100.0	23.809853212074433	0.11021170347094163	-621.9873679642793
3885.0	100.0	23.81553766371285	0.10988541284839393	-621.8753878026355
3886.0	100.0	23.821179002520047	0.10956617721971088	-621.7649473307495
3887.0	100.0	23.826782590818073	0.10923061407859468	-621.6562141232644
3888.0	100.0	23.832346332218066	0.10889358582446737	-621.5490384761523
3889.0	100.0	23.837871479947005	0.10856085961069212	-621.4432749161899
3890.0	100.0	23.8433565494276	0.1082003466762228	-621.3388066416883
3891.0	100.0	23.84880498314859	0.10783887063572638	-621.2356886196005
3892.0	100.0	23.854213029123766	0.10748191384117006	-621.1336871301714
3893.0	100.0	23.859585578818034	0.10711850829105792	-621.0329180296291
3894.0	100.0	23.864920202765866	0.10675664355411259	-620.9331610241137
3895.0	100.0	23.870218316593576	0.10639013736289936	-620.834481595113
3896.0	100.0	23.87548306897281	0.10599568041968305	-620.7367489156419
3897.0	100.0	23.880711871016825	0.10561572640877533	-620.6399258659739
3898.0	100.0	23.88590512367729	0.10525033064838402	-620.5440039754457
3899.0	100.0	23.891063770290195	0.10485194973749648	-620.4489183814686
3900.0	100.0	23.896187047871322	0.10447844419766117	-620.3546123550393
3901.0	100.0	23.901277037827377	0.10406649133856577	-620.2610719363671
3902.0	100.0	23.90633262831631	0.10368458197974964	-620.168134378584
3903.0	100.0	23.911353791540193	0.10329074978319082	-620.075968916645
3904.0	100.0	23.916342147443938	0.10288595712672367	-619.9844507914122
3905.0	100.0	23.92129539058478	0.1024900705353211	-619.8936527304229
3906.0	100.0	23.926216667476794	0.10206003680409903	-619.8033173319473
3907.0	100.0	23.93110433165032	0.1016750455281916	-619.7135679799165
3908.0	100.0	23.935959510706176	0.10127811432953139	-619.6244292845862
3909.0	100.0	23.94078363005032	0.10084299106851762	-619.5359240975254
3910.0	100.0	23.945574617951834	0.10043984208080066	-619.4478338039178
3911.0	100.0	23.950337504117144	0.10002370600294963	-619.3602734876872
3912.0	100.0	23.95506686393764	0.09960232383245018	-619.2732980257938
3913.0	100.0	23.95976886063877	0.09919679883033732	-619.1868139394472
3914.0	100.0	23.964439233052964	0.09877394004303472	-619.1008767796288
3915.0	100.0	23.969079236008906	0.09835420594028078	-619.0154863645002
3916.0	100.0	23.973689970393508	0.0979329046284534	-618.9305172852313
3917.0	100.0	23.978270666778467	0.09751127445435134	-618.8461018137291
3918.0	100.0	23.982820924253062	0.09709417168318803	-618.7622392849186
3919.0	100.0	23.987341535570806	0.09666138000097473	-618.6788734564255
3920.0	100.0	23.991834010549805	0.09625417762142428	-618.5961740205206
3921.0	100.0	23.99629733322606	0.0958152321246183	-618.513875404078
3922.0	100.0	24.00073272631041	0.09538279931618346	-618.4322561566107
3923.0	100.0	24.005139484037375	0.09496521650137889	-618.3512016727574
3924.0	100.0	24.009518405561387	0.09454026015801271	-618.2707377797819
3925.0	100.0	24.01386948115334	0.0941155260640797	-618.1908345710804
3926.0	100.0	24.018191816124045	0.09369670603796455	-618.1116793760636
3927.0	100.0	24.02248670280307	0.0932591101560393	-618.0330992743856
3928.0	100.0	24.026755145407197	0.09282410920013956	-617.9551644458193
3929.0	100.0	24.03099487143322	0.09241573440788232	-617.8779205843653
3930.0	100.0	24.035207739247205	0.09198109267034067	-617.8013084245811
3931.0	100.0	24.039395511137904	0.09152930881974317	-617.7253416503654
3932.0	100.0	24.043555941807867	0.09112854210472023	-617.6501640057635
3933.0	100.0	24.04768945201654	0.09069345604507593	-617.5756720305086
3934.0	100.0	24.05179849448111	0.09026849519044432	-617.5018724665174
3935.0	100.0	24.055880371665026	0.08984904536820353	-617.4287698035812
3936.0	100.0	24.059937924835385	0.0894024937341157	-617.3565043049678
3937.0	100.0	24.06396913443163	0.08898730788491607	-617.2849098567011
3938.0	100.0	24.067976172100106	0.08857515042009571	-617.2140123989702
3939.0	100.0	24.071958507050823	0.0881287159988193	-617.1439042619918
3940.0	100.0	24.07591495092286	0.08771488544263902	-617.0745680680697
3941.0	100.0	24.079845976010628	0.08728387788889289	-617.0059520232
3942.0	100.0	24.08375364141547	0.08686783118941843	-616.9381156275208
3943.0	100.0	24.087638287823623	0.08643759685824857	-616.8710243454966
3944.0	100.0	24.09149701410382	0.08602192844047549	-616.8046719549523
3945.0	100.0	24.095332632971285	0.08560119301919222	-616.7390805177666
3946.0	100.0	24.099144512688394	0.08517686809250492	-616.674161844176
3947.0	100.0	24.10293205514267	0.08474862631219181	-616.6100587387338
3948.0	100.0	24.106697092354423	0.08434295238199026	-616.5466313219365
3949.0	100.0	24.110439046380105	0.08393612473926043	-616.4838933500187
3950.0	100.0	24.11415763793248	0.083492613895574	-616.4218994088558
3951.0	100.0	24.117854563248233	0.08309637965687502	-616.3604887407753
3952.0	100.0	24.121527725786972	0.08267391418332214	-616.2997484043053
3953.0	100.0	24.125178800303125	0.08225968790824628	-616.2397685262301
3954.0	100.0	24.128806215800847	0.0818572753092144	-616.1804022759595
3955.0	100.0	24.13241480139151	0.08143246596179544	-616.1214926565269
3956.0	100.0	24.13599946406967	0.08101614199341323	-616.0632230011818
3957.0	100.0	24.139561432819946	0.08061559991107241	-616.0055067792142
3958.0	100.0	24.143102848494173	0.08020452121654459	-615.9484543645564
3959.0	100.0	24.14662221938577	0.07980517703260634	-615.8917624532152
3960.0	100.0	24.150120279594955	0.0793887150212548	-615.8355320604917
3961.0	100.0	24.153598767608067	0.07898722530586913	-615.779879208433
3962.0	100.0	24.1570544863424	0.07859217018000621	-615.7246187345761
3963.0	100.0	24.160489586345594	0.07817041134553808	-615.66975785117
3964.0	100.0	24.163904210298636	0.07778790273922237	-615.6154730852927
3965.0	100.0	24.167298376400357	0.07737594649938352	-615.5614345806628
3966.0	100.0	24.17067140237077	0.07696129701853006	-615.5076746723914
3967.0	100.0	24.17402555063981	0.07660408725160844	-615.4543755992902
3968.0	100.0	24.17735889485283	0.07619843300956435	-615.4013531918141
3969.0	100.0	24.18067249926741	0.07582324804739969	-615.3485565593704
3970.0	100.0	24.183966174896046	0.0754420708267153	-615.2960199377479
3971.0	100.0	24.187239602309255	0.07504713538434572	-615.2437638688266
3972.0	100.0	24.19049409920843	0.07465103952109751	-615.1917944148413
3973.0	100.0	24.193730551435255	0.07426364445450948	-615.1399653985759
3974.0	100.0	24.19694511053089	0.0738858955919808	-615.0882898489336
3975.0	100.0	24.20014326512657	0.07349231214753559	-615.0368559148143
3976.0	100.0	24.203321629199436	0.07309732469374369	-614.9855861349631
3977.0	100.0	24.206479833533887	0.07274727384617902	-614.9344459117707
3978.0	100.0	24.209620613062274	0.07232141867275294	-614.8834109520526
3979.0	100.0	24.212742888497566	0.0719599991109033	-614.8325990825172
3980.0	100.0	24.215845344831298	0.07161033544739558	-614.7819144623215
3981.0	100.0	24.218930607170833	0.07120843005955059	-614.731254978405
3982.0	100.0	24.22199762148656	0.07082800431285462	-614.6807333967954
3983.0	100.0	24.2250469296596	0.0704639248175992	-614.6303134380073
3984.0	100.0	24.228077978109425	0.07008435757920742	-614.5800251262411
3985.0	100.0	24.231092501129716	0.0697063058425804	-614.529930229765
3986.0	100.0	24.23408717679709	0.06934362357034916	-614.479815934557
3987.0	100.0	24.237064434719834	0.06898826351066746	-614.429804865466
3988.0	100.0	24.240026911532535	0.06860122435591706	-614.3798569985005
3989.0	100.0	24.242969246910405	0.06825888337353773	-614.3301509532121
3990.0	100.0	24.245896790249233	0.06788329351353631	-614.2805382357113
3991.0	100.0	24.248804747082524	0.06752794716996965	-614.2310514819312
3992.0	100.0	24.251698110739234	0.06717107675722178	-614.1815347527498
3993.0	100.0	24.25457335924157	0.06679719691171403	-614.132276004172
3994.0	100.0	24.25743228082828	0.06647368397210589	-614.0830230835073
3995.0	100.0	24.26027400963666	0.06607884179736148	-614.0340163757133
3996.0	100.0	24.26310059245832	0.06573348993155399	-613.985092407648
3997.0	100.0	24.26591157577772	0.06539083585900757	-613.9364531145042
3998.0	100.0	24.268704187398367	0.06505361436436147	-613.8877672479383
3999.0	100.0	24.271481190947597	0.06466979054974806	-613.8391829188274
4000.0	100.0	24.27424367289946	0.06437752905629503	-613.790877558961
