<VTKFile type="UnstructuredGrid" version="1.0" byte_order="LittleEndian" header_type="UInt64">
  <UnstructuredGrid>
    <FieldData>
      <DataArray type="Float64" Name="TimeValue" NumberOfTuples="1" format="ascii" RangeMin="200" RangeMax="200">
        200
      </DataArray>
    </FieldData>
    <Piece NumberOfPoints="3039" NumberOfCells="2872">
      <PointData Scalars="sigma_yy">
        <DataArray type="Float64" Name="v" format="ascii" RangeMin="-0.00003615632" RangeMax="1.007621">
          0.001289581 0.001300881 0.005786428 0.001122144 0.00094634 0.004098008
          0.0008464214 0.0002888199 0.000165213 0.0008350773 0.00386231 0.000803462
          0.00382633 0.000135549 0.0001320823 0.0007931887 0.003811495 0.0007890484
          0.003797573 0.0001308484 0.000130306 0.0007868847 0.003785739 0.0007858192
          0.003778229 0.0001300261 0.0001299088 0.000785769 0.003776166 0.0007867754
          0.00377999 0.0001299428 0.0001301314 0.0007888667 0.003789841 0.0007920448
          0.003805724 0.0001304767 0.0001309768 0.0007962918 0.003827567 0.0008015768
          0.003855242 0.0001316274 0.0001324225 0.0008078568 0.003888561 0.0008150803
          0.003927285 0.0001333544 0.0001344142 0.0008231865 0.00397112 0.0008321053
          0.004019705 0.0001355919 0.0001368761 0.0008417584 0.004072603 0.0008520666
          0.004129293 0.0001382545 0.0001397137 0.0008629852 0.004189189 0.0008759272
          0.004253227 0.000141243 0.0001429619 0.0009040905 0.004370554 0.0009253761
          0.004533862 0.0001460788 0.0001480571 0.0009470294 0.004722345 0.0009718837
          0.004923744 0.0001496975 0.000151718 0.001002207 0.005133153 0.001038049
          0.005344264 0.0001549077 0.0001595871 0.001074207 0.005543889 0.001107343
          0.005723937 0.000164695 0.0001694656 0.001136239 0.005880166 0.001160353
          0.006009935 0.00017365 0.0001771617 0.001179396 0.006111774 0.001193287
          0.006185432 0.0001799554 0.0001820131 0.001202164 0.006231855 0.001206357
          0.006253049 0.0001833464 0.0001839958 0.001206361 0.006251867 0.001202793
          0.006231754 0.0001840267 0.0001835248 0.001196345 0.006196492 0.001187747
          0.006149955 0.0001825889 0.0001813248 0.001177742 0.006095909 0.001167106
          0.006037852 0.0001798394 0.0001782408 0.001156788 0.005978929 0.001148376
          0.005922127 0.0001766477 0.0001752238 0.001145427 0.005871773 0.001156681
          0.005840113 0.0001742323 0.0001738873 0.001202719 0.005871365 0.001418514
          0.006355345 0.0001757799 0.0005695817 0.00277192 0.01337306 0.002298615
          0.00275103 0.0122128 0.002631844 0.00002068175 0.00004532096 0.000005107957
          0.000001237863 0.00001199798 8.749113e-7 1.460334e-8 -9.676051e-7 -2.380551e-8
          -3.180612e-7 -0.000001220471 -0.0000012654 -4.040269e-7 -4.233344e-7 -0.000001263257
          -0.000001255915 -4.252594e-7 -4.241111e-7 -0.000001251448 -0.000001250415 -4.232691e-7
          -4.232817e-7 -0.000001252351 -0.000001256933 -4.241313e-7 -4.257484e-7 -0.000001264022
          -0.000001273551 -4.280891e-7 -4.31127e-7 -0.000001285471 -0.000001299717 -4.348386e-7
          -4.391965e-7 -0.000001316175 -0.000001334636 -4.441613e-7 -4.496672e-7 -0.000001354688
          -0.000001375422 -4.555883e-7 -4.616423e-7 -0.00000139432 -0.00000136748 -4.67026e-7
          -4.572625e-7 -0.00000104123 -0.000001113969 -3.81086e-7 -4.277428e-7 -0.000001300446
          -0.000001487935 -4.841436e-7 -5.294811e-7 -0.000001638241 -0.000001740632 -5.633391e-7
          -5.891276e-7 -0.000001815623 -0.000001877507 -6.112784e-7 -6.308074e-7 -0.000001929541
          -0.000001971614 -6.47638e-7 -6.615694e-7 -0.00000200336 -0.000002024702 -6.724485e-7
          -6.802157e-7 -0.000002035975 -0.000002037958 -6.849337e-7 -6.867958e-7 -0.000002031807
          -0.000002018914 -6.861082e-7 -6.832504e-7 -0.000002000701 -0.000001978323 -6.786162e-7
          -6.725306e-7 -0.000001952093 -0.000001919986 -6.651087e-7 -6.560219e-7 -0.000001873946
          -0.00000179493 -6.447008e-7 -6.374939e-7 -0.000001683484 -0.000001912495 -7.13738e-7
          -0.000001474044 -0.000002077347 0.0003953968 -0.000003124949 0.0003899638 0.01184436
          0.002486877 0.01172941 0.002423845 4.587434e-7 0.000003924192 3.086353e-7
          1.694976e-7 0.000001282245 1.019885e-7 5.884928e-8 -3.335892e-8 2.947009e-8
          6.287393e-10 -6.306762e-8 -7.101444e-8 -9.369562e-9 -1.235969e-8 -7.257069e-8
          -7.262646e-8 -1.310496e-8 -1.323636e-8 -7.250756e-8 -7.250502e-8 -1.324201e-8
          -1.3248e-8 -7.265744e-8 -7.295732e-8 -1.328016e-8 -1.334089e-8 -7.339521e-8
          -7.396533e-8 -1.342861e-8 -1.354203e-8 -7.466239e-8 -7.548056e-8 -1.367982e-8
          -1.384051e-8 -7.641141e-8 -7.743957e-8 -1.4022e-8 -1.422023e-8 -7.853211e-8
          -7.960789e-8 -1.44259e-8 -1.461472e-8 -8.041896e-8 -7.620018e-8 -1.470926e-8
          -1.314129e-8 -5.926131e-8 -7.716566e-8 -9.959094e-9 -1.580981e-8 -9.089878e-8
          -9.948496e-8 -1.861639e-8 -1.984796e-8 -1.053123e-7 -1.099276e-7 -2.068767e-8
          -2.151261e-8 -1.140605e-7 -1.177486e-7 -2.230549e-8 -2.302202e-8 -1.20947e-7
          -1.236142e-7 -2.364767e-8 -2.41737e-8 -1.257187e-7 -1.272456e-7 -2.459321e-8
          -2.490225e-8 -1.282029e-7 -1.286231e-7 -2.510118e-8 -2.519517e-8 -1.2856e-7
          -1.280795e-7 -2.519324e-8 -2.510654e-8 -1.272486e-7 -1.261305e-7 -2.494977e-8
          -2.476091e-8 -1.248194e-7 -1.23701e-7 -2.469982e-8 -2.548838e-8 -1.251385e-7
          -1.450597e-7 -3.06244e-8 -5.947697e-8 -2.916537e-7 -0.00000124728 -2.30068e-7
          -0.000001251136 -0.000003441623 0.0003875081 -0.000003624798 0.0003860192 0.0116844
          0.002396833 0.01165374 0.002383785 5.902326e-8 4.168047e-7 3.248102e-8
          1.984763e-8 1.349618e-7 1.023393e-8 1.103725e-8 2.030438e-9 3.813299e-9
          1.001576e-9 -1.274567e-9 -2.344254e-9 -7.789583e-11 -4.488592e-10 -2.648139e-9
          -2.720752e-9 -5.636452e-10 -5.952521e-10 -2.734666e-9 -2.739487e-9 -6.03018e-10
          -6.053863e-10 -2.747547e-9 -2.761157e-9 -6.075132e-10 -6.106265e-10 -2.780316e-9
          -2.804772e-9 -6.149051e-10 -6.203225e-10 -2.83418e-9 -2.868128e-9 -6.267948e-10
          -6.342036e-10 -2.906028e-9 -2.946713e-9 -6.423807e-10 -6.50979e-10 -2.987444e-9
          -3.020995e-9 -6.593052e-10 -6.659971e-10 -3.023086e-9 -2.477493e-9 -6.631055e-10
          -4.787219e-10 -2.112734e-9 -3.810464e-9 -5.470419e-10 -9.826267e-10 -4.213278e-9
          -4.269201e-9 -9.748032e-10 -9.309764e-10 -4.359085e-9 -4.517302e-9 -9.366429e-10
          -9.708911e-10 -4.679301e-9 -4.826237e-9 -1.005503e-9 -1.036434e-9 -4.954984e-9
          -5.063709e-9 -1.063424e-9 -1.08613e-9 -5.150849e-9 -5.215376e-9 -1.104212e-9
          -1.11743e-9 -5.257116e-9 -5.276774e-9 -1.125685e-9 -1.128937e-9 -5.27561e-9
          -5.255585e-9 -1.127058e-9 -1.120489e-9 -5.22438e-9 -5.223554e-9 -1.116443e-9
          -1.159862e-9 -5.449315e-9 -6.75502e-9 -1.461616e-9 -2.920853e-9 -1.303943e-8
          -4.480687e-8 -9.564156e-9 -4.221928e-8 -2.230648e-7 -0.000001263522 -2.22567e-7
          -0.000001266963 -0.000003689159 0.0003848722 -0.00000370344 0.0003837918 0.01162215
          0.002375226 0.01158742 0.002367763 6.572238e-9 4.356901e-8 3.238778e-9
          2.145871e-9 1.389849e-8 1.032522e-9 1.292102e-9 4.14366e-10 4.415605e-10
          1.700225e-10 6.497607e-11 -6.091133e-11 5.879795e-11 1.72051e-11 -1.023509e-10
          -1.147804e-10 2.87159e-12 -1.673052e-12 -1.181776e-10 -1.191399e-10 -2.980782e-12
          -3.321211e-12 -1.19674e-10 -1.203041e-10 -3.447093e-12 -3.470145e-12 -1.211706e-10
          -1.222674e-10 -3.573196e-12 -3.682455e-12 -1.23565e-10 -1.25018e-10 -3.742257e-12
          -3.689458e-12 -1.265794e-10 -1.281472e-10 -3.495473e-12 -3.116833e-12 -1.299135e-10
          -1.340568e-10 -3.513742e-12 -1.127145e-11 -1.369925e-10 -7.536587e-11 -2.414248e-11
          -4.876747e-12 -1.472179e-10 -2.409889e-10 -3.570496e-11 -5.001901e-11 -2.05508e-10
          -1.848095e-10 -3.25855e-11 -2.725295e-11 -1.861394e-10 -1.94308e-10 -2.871916e-11
          -3.070362e-11 -2.015391e-10 -2.077601e-10 -3.203259e-11 -3.309159e-11 -2.131088e-10
          -2.175406e-10 -3.39705e-11 -3.467276e-11 -2.209936e-10 -2.234164e-10 -3.519305e-11
          -3.551758e-11 -2.247444e-10 -2.247968e-10 -3.558486e-11 -3.518162e-11 -2.231774e-10
          -2.201057e-10 -3.386214e-11 -3.183102e-11 -2.229839e-10 -2.782563e-10 -3.662225e-11
          -9.518835e-11 -6.017988e-10 -2.106432e-9 -4.24697e-10 -1.940275e-9 -8.850708e-9
          -4.171351e-8 -8.700104e-9 -4.15458e-8 -2.223034e-7 -0.000001265657 -2.217799e-7
          -0.000001262519 -0.000003700411 0.0003826947 -0.000003691825 0.0003815705 0.0115502
          0.002360387 0.01151145 0.002352892 6.182817e-10 3.93335e-9 3.004599e-10
          -1.651683e-10 -5.238829e-10 -9.661769e-11 1.411701e-10 6.626556e-11 -6.877168e-11
          -6.023191e-11 3.48754e-11 2.286363e-11 -5.706242e-11 -5.575917e-11 1.862691e-11
          1.725936e-11 -5.525435e-11 -5.511066e-11 1.687172e-11 1.678528e-11 -5.513615e-11
          -5.526502e-11 1.669987e-11 1.696481e-11 -5.570641e-11 -5.495211e-11 1.703854e-11
          1.723558e-11 -5.486931e-11 -5.434832e-11 1.773626e-11 1.873659e-11 -5.282385e-11
          -4.962522e-11 2.036145e-11 2.276869e-11 -4.410317e-11 -3.529576e-11 2.437723e-11
          1.485751e-11 -2.314184e-11 -5.91113e-12 -1.280265e-11 -1.665942e-11 -4.670514e-11
          -1.031711e-10 -2.005958e-12 -4.799062e-12 2.18822e-11 9.583677e-12 -8.398007e-14
          -6.43593e-14 5.496908e-12 2.969539e-12 -1.186296e-12 -1.709887e-12 1.718218e-12
          1.322439e-12 -1.908234e-12 -2.026308e-12 1.211434e-12 1.183809e-12 -2.10779e-12
          -2.163025e-12 1.184856e-12 1.193648e-12 -2.196314e-12 -2.198808e-12 1.201517e-12
          1.216278e-12 -2.107175e-12 -1.700636e-12 1.301959e-12 1.68025e-12 -5.273012e-13
          1.197829e-12 2.801416e-12 4.442871e-12 -4.109609e-12 -6.34971e-11 -9.875836e-13
          -6.047605e-11 -3.940769e-10 -1.909399e-9 -3.906186e-10 -1.90214e-9 -8.656666e-9
          -4.141234e-8 -8.628078e-9 -4.127196e-8 -2.211018e-7 -0.000001258742 -2.203642e-7
          -0.000001254785 -0.000003681517 0.0003804318 -0.000003670665 0.0003793005 0.01147204
          0.002345321 0.01143272 0.002337793 -1.409988e-9 -5.852832e-9 -8.189133e-10
          -4.772594e-9 -1.919212e-8 -2.663899e-9 -5.617863e-10 -4.59621e-10 -1.788185e-9
          -1.449653e-9 -4.187165e-10 -4.032033e-10 -1.318013e-9 -1.271219e-9 -3.981027e-10
          -3.971232e-10 -1.258754e-9 -1.259714e-9 -3.977408e-10 -3.990443e-10 -1.265817e-9
          -1.274074e-9 -4.01457e-10 -3.99914e-10 -1.285808e-9 -1.285245e-9 -4.005079e-10
          -3.995714e-10 -1.290872e-9 -1.29103e-9 -3.954241e-10 -3.857615e-10 -1.281005e-9
          -1.252897e-9 -3.675981e-10 -3.35937e-10 -1.194032e-9 -1.081171e-9 -2.800854e-10
          -1.261201e-10 -8.763917e-10 -3.435312e-10 -1.737026e-10 -4.473174e-10 -5.940294e-10
          -1.771131e-9 8.10808e-11 3.246359e-11 2.755447e-10 1.053815e-10 1.286487e-11
          5.10834e-12 3.870414e-11 1.404176e-11 2.17886e-12 1.151828e-12 5.095675e-12
          1.903305e-12 7.938694e-13 6.721875e-13 7.708606e-13 3.720329e-13 6.340394e-13
          6.221708e-13 2.318284e-13 1.795768e-13 6.152666e-13 6.170002e-13 1.54465e-13
          1.464885e-13 6.900812e-13 1.055199e-12 2.134525e-13 5.736946e-13 2.160355e-12
          3.780151e-12 1.673299e-12 3.28807e-12 -1.664719e-12 -6.103777e-11 -2.135034e-12
          -6.130543e-11 -3.902684e-10 -1.896948e-9 -3.894452e-10 -1.891093e-9 -8.599449e-9
          -4.112788e-8 -8.570722e-9 -4.098782e-8 -2.196175e-7 -0.000001250807 -2.188877e-7
          -0.000001246854 -0.000003658899 0.0003782284 -0.000003645318 0.0003772789 0.01139432
          0.002330545 0.01135766 0.002323857 -1.335256e-8 -5.630109e-8 -5.968387e-9
          -3.193491e-8 -1.55589e-7 -5.065377e-9 -3.152066e-9 -2.110329e-9 3.896288e-9
          7.041851e-9 -1.722736e-9 -1.598545e-9 8.142989e-9 8.437691e-9 -1.579262e-9
          -1.600508e-9 8.416365e-9 8.274475e-9 -1.637097e-9 -1.679933e-9 8.087592e-9
          7.883089e-9 -1.733455e-9 -1.751281e-9 7.645779e-9 7.503796e-9 -1.785326e-9
          -1.79955e-9 7.324967e-9 7.218263e-9 -1.781691e-9 -1.704732e-9 7.212167e-9
          7.39895e-9 -1.5175e-9 -1.118908e-9 7.978441e-9 9.372848e-9 -4.741361e-10
          4.420053e-10 1.12085e-8 9.625685e-9 -1.948186e-9 -6.695412e-9 -6.438353e-9
          -2.448534e-8 9.284032e-10 3.453496e-10 3.12395e-9 1.132689e-9 1.235294e-10
          4.364049e-11 3.9637e-10 1.371117e-10 1.52858e-11 5.325632e-12 4.704735e-11
          1.604851e-11 1.851556e-12 6.460579e-13 5.448593e-12 1.839597e-12 2.278384e-13
          7.90923e-14 6.124817e-13 1.916643e-13 1.987444e-14 -6.291336e-16 4.084414e-14
          -1.067121e-14 6.121118e-14 4.183558e-13 4.024312e-14 3.926254e-13 1.51484e-12
          3.130939e-12 1.486671e-12 3.109798e-12 -2.250362e-12 -6.116863e-11 -2.211485e-12
          -6.08438e-11 -3.881589e-10 -1.884993e-9 -3.867054e-10 -1.879237e-9 -8.54359e-9
          -4.085707e-8 -8.519503e-9 -4.073914e-8 -2.1819e-7 -0.000001242974 -2.175329e-7
          -0.000001239206 -0.000003630165 0.0003764676 -0.000003613979 0.0003757945 0.01132329
          0.002317837 0.01129161 0.002312532 -6.70445e-8 -4.070377e-7 3.54527e-8
          -1.468086e-7 -0.000001005638 2.632937e-7 6.359325e-8 7.289959e-8 3.495314e-7
          3.761419e-7 7.587358e-8 7.640268e-8 3.833771e-7 3.83284e-7 7.598819e-8
          7.521795e-8 3.803984e-7 3.764704e-7 7.431709e-8 7.336746e-8 3.721665e-7
          3.677297e-7 7.231644e-8 7.149033e-8 3.629765e-7 3.58635e-7 7.060151e-8
          6.997401e-8 3.542777e-7 3.508569e-7 6.966098e-8 6.997756e-8 3.48416e-7
          3.48032e-7 7.168636e-8 7.650496e-8 3.525651e-7 3.688508e-7 8.166979e-8
          6.143052e-8 3.854493e-7 2.895517e-7 -2.275728e-8 -8.719639e-8 -8.878189e-8
          -3.03536e-7 1.051303e-8 3.711316e-9 3.540288e-8 1.214007e-8 1.269848e-9
          4.299879e-10 4.055749e-9 1.343432e-9 1.445892e-10 4.839803e-11 4.426018e-10
          1.453616e-10 1.615452e-11 5.381852e-12 4.767521e-11 1.5635e-11 1.786796e-12
          5.832384e-13 5.129081e-12 1.67743e-12 1.733838e-13 3.584486e-14 5.348348e-13
          1.577118e-13 5.770062e-14 3.996417e-13 1.00677e-13 4.165884e-13 1.491267e-12
          3.128101e-12 1.503255e-12 3.159906e-12 -2.11549e-12 -6.044415e-11 -1.992759e-12
          -6.002457e-11 -3.852775e-10 -1.874279e-9 -3.840141e-10 -1.870455e-9 -8.499522e-9
          -4.063607e-8 -8.484237e-9 -4.05484e-8 -2.169209e-7 -0.000001235578 -2.163557e-7
          -0.000001232126 -0.000003597312 0.0003752537 -0.000003580764 0.0003748321 0.01126295
          0.002307962 0.01123754 0.002304112 -4.698221e-7 -0.000002254086 0.000001245017
          -0.000001868565 -0.000003440039 0.000005573954 0.000001498442 0.000001569732 0.000006266981
          0.000006431742 0.000001582759 0.000001574123 0.00000642556 0.000006356448 0.000001557302
          0.000001537448 0.000006263596 0.000006162013 0.000001516523 0.000001495243 0.000006057427
          0.000005951916 0.000001472965 0.000001450889 0.000005843235 0.000005731312 0.000001429336
          0.000001411086 0.000005622723 0.000005525521 0.000001395868 0.000001387364 0.000005437542
          0.000005371304 0.000001396125 0.000001448617 0.000005364942 0.000005516479 0.000001513645
          0.000001198008 0.000005787904 0.00000493436 -3.709401e-7 -0.000001034935 -0.000001552407
          -0.000003458178 1.193247e-7 3.961629e-8 4.02559e-7 1.288522e-7 1.289712e-8
          4.175426e-9 4.076956e-8 1.288587e-8 1.347642e-9 4.344282e-10 4.074602e-9
          1.290406e-9 1.4007e-10 4.521661e-11 4.09585e-10 1.303413e-10 1.46219e-11
          4.732179e-12 4.158307e-11 1.328991e-11 1.521235e-12 4.77815e-13 4.241074e-12
          1.342501e-12 2.055202e-13 4.526186e-13 4.80434e-13 5.418475e-13 1.523327e-12
          3.201863e-12 1.562146e-12 3.254508e-12 -1.855802e-12 -5.96271e-11 -1.716937e-12
          -5.929039e-11 -3.830273e-10 -1.867961e-9 -3.823877e-10 -1.866803e-9 -8.473702e-9
          -4.047535e-8 -8.467401e-9 -4.041528e-8 -2.158385e-7 -0.000001228897 -2.15372e-7
          -0.000001225949 -0.000003564937 0.000374513 -0.000003550414 0.0003742783 0.01121551
          0.002300942 0.01119693 0.002298396 -0.000003917574 0.000008914623 0.00002882658
          0.00009969955 0.0001851507 0.0001907575 0.00003038127 0.00003060632 0.0001863316
          0.0001854298 0.00003034936 0.00002991363 0.0001833168 0.0001807236 0.00002941
          0.00002888171 0.0001779455 0.0001751029 0.00002834534 0.00002780669 0.0001722415
          0.0001693758 0.00002725786 0.00002668543 0.0001664773 0.0001634589 0.00002612806
          0.00002560881 0.0001604991 0.0001576611 0.00002511638 0.00002469271 0.0001548914
          0.0001523268 0.00002447139 0.00002478818 0.0001504216 0.0001502266 0.00002576833
          0.00002272201 0.0001522427 0.000127213 -0.000006090992 -0.00001131673 -0.00001916424
          -0.00003613638 0.000001359883 4.174391e-7 0.000004737454 0.000001384712 1.279331e-7
          3.941975e-8 4.09199e-7 1.226492e-7 1.221589e-8 3.807071e-9 3.724855e-8
          1.144186e-8 1.192589e-9 3.751701e-10 3.545902e-9 1.105312e-9 1.183738e-10
          3.739882e-11 3.454188e-10 1.078526e-10 1.180004e-11 3.703486e-12 3.352139e-11
          1.032704e-11 1.213529e-12 7.700459e-13 3.2016e-12 1.356571e-12 1.643708e-12
          3.320011e-12 1.822759e-12 3.405689e-12 -1.588687e-12 -5.904029e-11 -1.479795e-12
          -5.888132e-11 -3.820949e-10 -1.866751e-9 -3.82074e-10 -1.867404e-9 -8.46435e-9
          -4.036647e-8 -8.463378e-9 -4.03279e-8 -2.14963e-7 -0.000001223364 -2.146228e-7
          -0.000001221228 -0.000003537738 0.0003741106 -0.000003527384 0.0003739951 0.0111818
          0.002296415 0.01117011 0.00229494 0.004416346 0.003431332 0.003103497
          0.1113907 0.1085447 0.1072491 0.003031399 0.003009676 0.1063828
          0.1056304 0.002985353 0.00295973 0.1048737 0.1041138 0.002933624
          0.00290741 0.1033525 0.1025905 0.002881208 0.002855021 0.101826
          0.1010565 0.002828712 0.002801824 0.1002795 0.09949085 0.002775068
          0.002748468 0.0986966 0.09788829 0.002721622 0.002694906 0.09705273
          0.09618675 0.002670469 0.0026571 0.09529946 0.09443472 0.002621067
          0.001879931 0.0926171 0.06963347 0.0002888522 0.0007928455 0.02155234
          0.000805709 0.00001222492 -2.586231e-7 0.00004560711 0.00001376062 -9.96487e-7
          -5.360899e-7 0.000004183581 0.000001219424 -2.208799e-7 -8.113504e-8 3.434952e-7
          9.417298e-8 -2.792956e-8 -9.218722e-9 2.525385e-8 6.646363e-9 -2.954466e-9
          -9.264422e-10 1.722098e-9 4.416134e-10 -2.856723e-10 -8.691688e-11 1.132939e-10
          2.965037e-11 -2.608806e-11 -7.367561e-12 8.203661e-12 2.831271e-12 -7.374955e-13
          2.689098e-12 2.339014e-12 3.641992e-12 -1.625253e-12 -5.885453e-11 -1.299363e-12
          -5.872303e-11 -3.821934e-10 -1.868236e-9 -3.822617e-10 -1.86882e-9 -8.463336e-9
          -4.029967e-8 -8.463466e-9 -4.028247e-8 -2.143675e-7 -0.000001219639 -2.142108e-7
          -0.000001218667 -0.000003519752 0.0003739193 -0.000003515107 0.0003738753 0.01116179
          0.002293917 0.01115679 0.002293309 0.00137129 0.1087467 0.0008059117
          0.02155244 0.00002771702 5.350958e-7 0.00004564417 0.00001377043 -5.793966e-7
          -1.996845e-7 0.000004186192 0.000001220118 -3.573975e-8 5.997676e-10 3.436791e-7
          9.42218e-8 3.568993e-9 1.822231e-9 2.526683e-8 6.649821e-9 6.478842e-10
          1.853033e-10 1.723021e-9 4.418589e-10 4.371209e-11 8.414264e-12 1.133587e-10
          2.966719e-11 1.463125e-12 7.828358e-13 8.207876e-12 2.832255e-12 1.785012e-12
          3.526227e-12 2.339209e-12 3.642009e-12 -1.30101e-12 -5.870512e-11 -1.299381e-12
          -5.872306e-11 -3.822922e-10 -1.869024e-9 -3.822617e-10 -1.86882e-9 -8.463522e-9
          -4.027672e-8 -8.463468e-9 -4.028249e-8 -2.141582e-7 -0.000001218341 -2.142109e-7
          -0.000001218667 -0.000003513552 0.0003738608 -0.000003515109 0.0003738753 0.01115513
          0.002293107 0.01115679 0.002293309 0.1085447 0.1113907 0.004416347
          0.00343133 0.1072491 0.003103498 0.0000996997 0.0001851501 0.0001907576
          0.1063828 0.003031399 0.1056304 0.003009676 0.0001863317 0.0001854298
          0.1048737 0.002985353 0.1041138 0.00295973 0.0001833168 0.0001807236
          0.1033525 0.002933623 0.1025905 0.00290741 0.0001779455 0.0001751029
          0.101826 0.002881208 0.1010565 0.002855021 0.0001722415 0.0001693758
          0.1002795 0.002828712 0.09949084 0.002801824 0.0001664772 0.0001634588
          0.0986966 0.002775067 0.09788829 0.002748468 0.0001604991 0.0001576611
          0.09705272 0.002721622 0.09618675 0.002694906 0.0001548914 0.0001523268
          0.09529946 0.002670469 0.09443473 0.0026571 0.0001504215 0.0001502266
          0.09261712 0.002621064 0.06963352 0.001879918 0.0001522426 0.0001272125
          0.0002888371 0.000793255 -0.00001916152 -0.00003615632 0.00001219182 -2.694594e-7
          0.000004740939 0.000001385711 -9.999708e-7 -5.371918e-7 4.094884e-7 1.22731e-7
          -2.212232e-7 -8.124048e-8 3.72709e-8 1.144764e-8 -2.796149e-8 -9.22824e-9
          3.547267e-9 1.105578e-9 -2.957256e-9 -9.272434e-10 3.454444e-10 1.078401e-10
          -2.858966e-10 -8.697758e-11 3.351032e-11 1.032108e-11 -2.61037e-11 -7.371283e-12
          3.198873e-12 1.355419e-12 -7.382594e-13 2.688986e-12 1.822292e-12 3.405491e-12
          -1.625263e-12 -5.885455e-11 -1.479903e-12 -5.888142e-11 -3.821934e-10 -1.868236e-9
          -3.820741e-10 -1.867405e-9 -8.463339e-9 -4.02997e-8 -8.463384e-9 -4.032794e-8
          -2.143677e-7 -0.000001219639 -2.146231e-7 -0.000001221229 -0.000003519755 0.0003739193
          -0.000003527388 0.0003739952 0.01116179 0.002293917 0.01117012 0.002294941
          -0.000003917535 0.000008914459 0.00002882661 -0.000001868555 -0.000003440084 0.000005573961
          0.00003038128 0.00003060633 0.000006266984 0.000006431743 0.00003034936 0.00002991363
          0.00000642556 0.000006356448 0.00002940999 0.00002888171 0.000006263596 0.000006162012
          0.00002834534 0.00002780668 0.000006057427 0.000005951916 0.00002725786 0.00002668543
          0.000005843234 0.000005731312 0.00002612806 0.00002560881 0.000005622723 0.000005525521
          0.00002511638 0.00002469271 0.000005437542 0.000005371303 0.00002447139 0.00002478817
          0.00000536494 0.000005516476 0.00002576829 0.00002272187 0.000005787891 0.000004934317
          -0.000006090446 -0.00001132153 -0.000001552312 -0.000003459311 0.000001360847 4.177165e-7
          4.028339e-7 1.289324e-7 1.28014e-7 3.94428e-8 4.079335e-8 1.289281e-8
          1.222224e-8 3.808741e-9 4.076574e-9 1.290948e-9 1.192994e-9 3.752533e-10
          4.097263e-10 1.30375e-10 1.183842e-10 3.739643e-11 4.15897e-11 1.329054e-11
          1.179729e-11 3.701906e-12 4.240749e-12 1.342192e-12 1.212784e-12 7.697168e-13
          4.802669e-13 5.417494e-13 1.643567e-12 3.31993e-12 1.562097e-12 3.254449e-12
          -1.588763e-12 -5.904042e-11 -1.717016e-12 -5.929058e-11 -3.820952e-10 -1.866753e-9
          -3.823881e-10 -1.866805e-9 -8.464358e-9 -4.036653e-8 -8.467413e-9 -4.041534e-8
          -2.149633e-7 -0.000001223365 -2.153724e-7 -0.000001225951 -0.000003537744 0.0003741107
          -0.000003550421 0.0003742784 0.01118181 0.002296417 0.01119694 0.002298398
          -4.698195e-7 -0.000002254098 0.000001245019 -1.46808e-7 -0.000001005641 2.632941e-7
          0.000001498443 0.000001569733 3.495316e-7 3.76142e-7 0.000001582759 0.000001574123
          3.833772e-7 3.83284e-7 0.000001557302 0.000001537448 3.803983e-7 3.764704e-7
          0.000001516523 0.000001495243 3.721665e-7 3.677297e-7 0.000001472964 0.000001450889
          3.629764e-7 3.58635e-7 0.000001429337 0.000001411086 3.542777e-7 3.50857e-7
          0.000001395868 0.000001387364 3.48416e-7 3.48032e-7 0.000001396125 0.000001448616
          3.525649e-7 3.688504e-7 0.000001513641 0.000001197994 3.854478e-7 2.895475e-7
          -3.709308e-7 -0.000001035175 -8.87845e-8 -3.035746e-7 1.194011e-7 3.963904e-8
          3.542332e-8 1.214633e-8 1.290403e-8 4.177497e-9 4.057712e-9 1.344043e-9
          1.348253e-9 4.346045e-10 4.4279e-10 1.454187e-10 1.401193e-10 4.522971e-11
          4.769225e-11 1.563984e-11 1.462512e-11 4.732803e-12 5.130415e-12 1.677637e-12
          1.521296e-12 4.777315e-13 5.348471e-13 1.575521e-13 2.054664e-13 4.525364e-13
          1.005952e-13 4.164027e-13 1.523282e-12 3.201769e-12 1.503162e-12 3.159698e-12
          -1.855905e-12 -5.962737e-11 -1.992916e-12 -6.002498e-11 -3.83028e-10 -1.867964e-9
          -3.84015e-10 -1.870458e-9 -8.473716e-9 -4.047543e-8 -8.484255e-9 -4.054849e-8
          -2.15839e-7 -0.000001228899 -2.163562e-7 -0.000001232129 -0.000003564945 0.0003745131
          -0.000003580772 0.0003748323 0.01121553 0.002300944 0.01123756 0.002304115
          -6.704433e-8 -4.070387e-7 3.545282e-8 -3.193487e-8 -1.555893e-7 -5.065346e-9
          6.359332e-8 7.289962e-8 3.896305e-9 7.04186e-9 7.587359e-8 7.640268e-8
          8.142991e-9 8.437691e-9 7.59882e-8 7.521795e-8 8.416366e-9 8.274476e-9
          7.43171e-8 7.336747e-8 8.087594e-9 7.883094e-9 7.231642e-8 7.149035e-8
          7.645775e-9 7.503802e-9 7.060153e-8 6.997403e-8 7.324973e-9 7.218269e-9
          6.966099e-8 6.997755e-8 7.21217e-9 7.398945e-9 7.168629e-8 7.65048e-8
          7.978419e-9 9.372792e-9 8.166928e-8 6.142914e-8 1.120832e-8 9.625219e-9
          -2.275955e-8 -8.719715e-8 -6.439443e-9 -2.448208e-8 1.051819e-8 3.712969e-9
          3.125132e-9 1.133093e-9 1.27039e-9 4.301651e-10 3.965107e-10 1.371613e-10
          1.446468e-10 4.841617e-11 4.70648e-11 1.605365e-11 1.616025e-11 5.383302e-12
          5.4503e-12 1.839369e-12 1.787191e-12 5.829835e-13 6.123854e-13 1.907705e-13
          1.732489e-13 3.541144e-14 4.052625e-14 -1.168434e-14 5.750963e-14 3.991797e-13
          3.987786e-14 3.91565e-13 1.491059e-12 3.127612e-12 1.486275e-12 3.108697e-12
          -2.115765e-12 -6.044487e-11 -2.211958e-12 -6.084514e-11 -3.852787e-10 -1.874284e-9
          -3.867068e-10 -1.879243e-9 -8.499543e-9 -4.063617e-8 -8.519528e-9 -4.073926e-8
          -2.169214e-7 -0.00000123558 -2.175335e-7 -0.000001239208 -0.000003597321 0.0003752539
          -0.000003613989 0.0003757947 0.01126297 0.002307965 0.01129163 0.002312535
          -1.335256e-8 -5.630124e-8 -5.968383e-9 -4.772617e-9 -1.919234e-8 -2.663909e-9
          -3.152063e-9 -2.110328e-9 -1.78819e-9 -1.449654e-9 -1.722735e-9 -1.598544e-9
          -1.318013e-9 -1.271218e-9 -1.579262e-9 -1.600507e-9 -1.258752e-9 -1.259712e-9
          -1.637096e-9 -1.67993e-9 -1.265815e-9 -1.274071e-9 -1.733455e-9 -1.751279e-9
          -1.285806e-9 -1.285242e-9 -1.785324e-9 -1.799548e-9 -1.290869e-9 -1.291027e-9
          -1.78169e-9 -1.704734e-9 -1.281003e-9 -1.252896e-9 -1.517507e-9 -1.118928e-9
          -1.194033e-9 -1.081178e-9 -4.742001e-10 4.418394e-10 -8.764188e-10 -3.436073e-10
          -1.94864e-9 -6.693348e-9 -5.94256e-10 -1.770246e-9 9.286227e-10 3.45435e-10
          2.755418e-10 1.054166e-10 1.235575e-10 4.365037e-11 3.869835e-11 1.402934e-11
          1.529085e-11 5.325965e-12 5.095037e-12 1.901099e-12 1.851934e-12 6.445117e-13
          7.712859e-13 3.687641e-13 2.27575e-13 7.71523e-14 2.318859e-13 1.757144e-13
          1.94679e-14 -2.745882e-15 1.542738e-13 1.421954e-13 6.071826e-14 4.161268e-13
          2.130272e-13 5.6911e-13 1.514273e-12 3.128631e-12 1.672672e-12 3.283313e-12
          -2.251039e-12 -6.117119e-11 -2.135853e-12 -6.131046e-11 -3.881606e-10 -1.885e-9
          -3.894472e-10 -1.891104e-9 -8.543617e-9 -4.085721e-8 -8.570751e-9 -4.098796e-8
          -2.181906e-7 -0.000001242977 -2.188884e-7 -0.000001246857 -0.000003630175 0.0003764679
          -0.000003645329 0.0003772792 0.01132331 0.00231784 0.01135769 0.002323861
          -1.410063e-9 -5.853433e-9 -8.189534e-10 -1.653877e-10 -5.257031e-10 -9.676059e-11
          -5.618075e-10 -4.596296e-10 -6.885578e-11 -6.027299e-11 -4.187178e-10 -4.032005e-10
          -5.707907e-11 -5.576188e-11 -3.98098e-10 -3.971174e-10 -5.525108e-11 -5.510359e-11
          -3.977346e-10 -3.990376e-10 -5.512812e-11 -5.525559e-11 -4.014505e-10 -3.999074e-10
          -5.569729e-11 -5.494227e-11 -4.005013e-10 -3.995649e-10 -5.486001e-11 -5.433869e-11
          -3.954179e-10 -3.857561e-10 -5.281552e-11 -4.96181e-11 -3.67595e-10 -3.359404e-10
          -4.410162e-11 -3.530847e-11 -2.801093e-10 -1.262029e-10 -2.320179e-11 -6.115807e-12
          -1.739674e-10 -4.470875e-10 -4.736455e-11 -1.030425e-10 8.092605e-11 3.260693e-11
          2.119614e-11 1.017555e-11 1.285427e-11 5.053371e-12 5.540051e-12 2.800827e-12
          2.165303e-12 1.145205e-12 1.649825e-12 1.292288e-12 7.938324e-13 6.64165e-13
          1.193699e-12 1.151001e-12 6.333074e-13 6.126421e-13 1.164877e-12 1.156702e-12
          6.138064e-13 6.063028e-13 1.179194e-12 1.17614e-12 6.879224e-13 1.043738e-12
          1.277456e-12 1.638095e-12 2.157631e-12 3.768307e-12 2.775207e-12 4.399836e-12
          -1.667856e-12 -6.104986e-11 -1.014879e-12 -6.051914e-11 -3.902727e-10 -1.896965e-9
          -3.906471e-10 -1.902188e-9 -8.599482e-9 -4.112804e-8 -8.628134e-9 -4.127216e-8
          -2.196182e-7 -0.00000125081 -2.203649e-7 -0.000001254789 -0.00000365891 0.0003782288
          -0.000003670677 0.000379301 0.01139435 0.00233055 0.01143275 0.002337798
          6.176569e-10 3.927796e-9 2.999358e-10 2.144157e-9 1.388159e-8 1.030576e-9
          1.408309e-10 6.607211e-11 4.402191e-10 1.691785e-10 3.476323e-11 2.27982e-11
          5.822615e-11 1.67879e-11 1.857993e-11 1.722524e-11 2.512077e-12 -1.990818e-12
          1.683939e-11 1.675826e-11 -3.295941e-12 -3.617869e-12 1.667091e-11 1.693953e-11
          -3.752517e-12 -3.760903e-12 1.701034e-11 1.72098e-11 -3.876187e-12 -3.973883e-12
          1.770558e-11 1.870449e-11 -4.051052e-12 -3.99644e-12 2.031261e-11 2.268198e-11
          -3.853523e-12 -3.576742e-12 2.415619e-11 1.422143e-11 -4.365166e-12 -1.332765e-11
          -1.476527e-11 -1.493655e-11 -3.009885e-11 6.022486e-12 -4.717133e-12 -2.870558e-12
          -4.554651e-11 -4.50208e-11 2.105742e-13 -5.00096e-13 -3.156699e-11 -2.815398e-11
          -1.472152e-12 -1.869269e-12 -2.979654e-11 -3.146031e-11 -2.0604e-12 -2.191136e-12
          -3.290393e-11 -3.386153e-11 -2.2676e-12 -2.338884e-12 -3.486854e-11 -3.547013e-11
          -2.363861e-12 -2.383232e-12 -3.611763e-11 -3.633718e-11 -2.281877e-12 -1.890468e-12
          -3.65345e-11 -3.601608e-11 -7.076741e-13 1.005728e-12 -3.483264e-11 -3.267253e-11
          -4.293592e-12 -6.368871e-11 -3.760722e-11 -9.602908e-11 -3.942626e-10 -1.909591e-9
          -4.256877e-10 -1.941108e-9 -8.656876e-9 -4.141267e-8 -8.701106e-9 -4.154673e-8
          -2.211027e-7 -0.000001258746 -2.217816e-7 -0.000001262523 -0.000003681529 0.0003804322
          -0.000003691839 0.0003815709 0.01147207 0.002345326 0.01151149 0.002352897
          6.567842e-9 4.35178e-8 3.231556e-9 1.983778e-8 1.348074e-7 1.0207e-8
          1.286987e-9 4.109646e-10 3.794244e-9 9.884905e-10 6.249301e-11 -6.288737e-11
          -8.786713e-11 -4.571639e-10 -1.041443e-10 -1.164413e-10 -5.713709e-10 -6.025506e-10
          -1.198373e-10 -1.207383e-10 -6.103337e-10 -6.124915e-10 -1.213063e-10 -1.21883e-10
          -6.147461e-10 -6.176637e-10 -1.227957e-10 -1.238448e-10 -6.221139e-10 -6.273372e-10
          -1.252014e-10 -1.266301e-10 -6.34013e-10 -6.412799e-10 -1.28347e-10 -1.301845e-10
          -6.499397e-10 -6.592256e-10 -1.330905e-10 -1.407052e-10 -6.708656e-10 -6.874455e-10
          -1.549863e-10 -2.317376e-11 -7.171259e-10 -2.579547e-10 -1.80746e-10 -2.323988e-10
          -6.559033e-10 -9.879621e-10 -2.036148e-10 -1.860957e-10 -9.79056e-10 -9.324234e-10
          -1.900361e-10 -1.974638e-10 -9.515209e-10 -9.831008e-10 -2.05689e-10 -2.109593e-10
          -1.02377e-9 -1.048815e-9 -2.173596e-10 -2.208016e-10 -1.082124e-9 -1.098643e-9
          -2.253428e-10 -2.267333e-10 -1.123324e-9 -1.130089e-9 -2.291888e-10 -2.281561e-10
          -1.145194e-9 -1.14173e-9 -2.277053e-10 -2.234908e-10 -1.146923e-9 -1.133385e-9
          -2.275751e-10 -2.816469e-10 -1.136591e-9 -1.17281e-9 -6.064211e-10 -2.109791e-9
          -1.481929e-9 -2.933723e-9 -8.855309e-9 -4.171685e-8 -9.584368e-9 -4.223173e-8
          -2.223084e-7 -0.000001265663 -2.225868e-7 -0.000001266976 -0.000003700427 0.0003826951
          -0.000003703468 0.0003837921 0.01155023 0.002360391 0.01158745 0.002367767
          5.90081e-8 4.163427e-7 3.237754e-8 1.695111e-7 0.000001280874 1.015638e-7
          1.096484e-8 1.979112e-9 2.917117e-8 4.051911e-10 -1.315342e-9 -2.379457e-9
          -9.557592e-9 -1.252851e-8 -2.681554e-9 -2.75268e-9 -1.326861e-8 -1.33942e-8
          -2.766753e-9 -2.770751e-9 -1.340099e-8 -1.340321e-8 -2.77933e-9 -2.79214e-9
          -1.343773e-8 -1.349471e-8 -2.811978e-9 -2.835588e-9 -1.358538e-8 -1.369476e-8
          -2.865761e-9 -2.898967e-9 -1.383578e-8 -1.39926e-8 -2.938453e-9 -2.980724e-9
          -1.417979e-8 -1.438064e-8 -3.031143e-9 -3.092413e-9 -1.461506e-8 -1.487973e-8
          -3.18671e-9 -1.608678e-9 -1.523137e-8 -9.896841e-9 -2.45468e-9 -3.951032e-9
          -1.102316e-8 -1.667563e-8 -4.282408e-9 -4.2845e-9 -1.910567e-8 -2.004038e-8
          -4.425788e-9 -4.566285e-9 -2.104457e-8 -2.174547e-8 -4.76054e-9 -4.875918e-9
          -2.269753e-8 -2.325786e-8 -5.038342e-9 -5.113784e-9 -2.405092e-8 -2.441193e-8
          -5.236155e-9 -5.265957e-9 -2.500649e-8 -2.514319e-8 -5.34424e-9 -5.327869e-9
          -2.552342e-8 -2.54387e-8 -5.364338e-9 -5.307128e-9 -2.562307e-8 -2.535224e-8
          -5.314389e-9 -5.275394e-9 -2.538551e-8 -2.500811e-8 -5.540131e-9 -6.806712e-9
          -2.513934e-8 -2.573544e-8 -1.313002e-8 -4.485683e-8 -3.106373e-8 -5.971798e-8
          -2.231523e-7 -0.000001263567 -2.304948e-7 -0.000001251351 -0.000003689247 0.0003848724
          -0.000003625189 0.0003860191 0.01162217 0.002375228 0.01165374 0.002383784
          4.590123e-7 0.000003920159 3.067303e-7 0.000001239507 0.00001198628 8.657424e-7
          5.745129e-8 -3.448473e-8 -3.098594e-8 -3.242536e-7 -6.407522e-8 -7.195355e-8
          -4.09833e-7 -4.288886e-7 -7.349664e-8 -7.352742e-8 -4.307899e-7 -4.295289e-7
          -7.341563e-8 -7.339431e-8 -4.287272e-7 -4.286452e-7 -7.355804e-8 -7.383914e-8
          -4.295498e-7 -4.310715e-7 -7.429044e-8 -7.484032e-8 -4.334742e-7 -4.364101e-7
          -7.555198e-8 -7.635006e-8 -4.401892e-7 -4.444438e-7 -7.730312e-8 -7.832897e-8
          -4.495001e-7 -4.549503e-7 -7.950898e-8 -8.07843e-8 -4.611463e-7 -4.67689e-7
          -8.230023e-8 -6.464218e-8 -4.74968e-7 -4.180811e-7 -6.268229e-8 -8.121599e-8
          -3.93059e-7 -4.442437e-7 -9.370578e-8 -1.010952e-7 -4.987032e-7 -5.401032e-7
          -1.074008e-7 -1.112651e-7 -5.75514e-7 -5.973196e-7 -1.161462e-7 -1.191009e-7
          -6.229082e-7 -6.39081e-7 -1.230932e-7 -1.249845e-7 -6.595901e-7 -6.69966e-7
          -1.279183e-7 -1.286337e-7 -6.846836e-7 -6.88725e-7 -1.304486e-7 -1.300266e-7
          -6.974074e-7 -6.953974e-7 -1.308432e-7 -1.294948e-7 -6.987709e-7 -6.919198e-7
          -1.2956e-7 -1.275536e-7 -6.914159e-7 -6.812422e-7 -1.271485e-7 -1.25125e-7
          -6.779938e-7 -6.647443e-7 -1.274697e-7 -1.464634e-7 -6.576059e-7 -6.461496e-7
          -2.939392e-7 -0.000001248576 -7.264837e-7 -0.000001482288 -0.000003443716 0.0003875066
          -0.000003136846 0.0003899553 0.01168438 0.002396824 0.01172931 0.002423815
          0.00002069058 0.00004528774 0.000005074867 0.0008465447 0.0002887244 0.000166571
          -1.060563e-8 -9.888686e-7 0.0001369909 0.0001335691 -0.000001240806 -0.000001284454
          0.0001323128 0.0001318022 -0.000001282639 -0.000001274471 0.0001314945 0.0001314054
          -0.000001270536 -0.000001268742 0.00013141 0.0001316249 -0.000001271268 -0.000001275096
          0.0001319399 0.0001324646 -0.000001282805 -0.000001291565 0.0001330841 0.0001339022
          -0.000001304137 -0.000001317615 0.0001348019 0.0001358835 -0.000001334808 -0.000001352631
          0.000137028 0.0001383327 -0.000001373935 -0.000001395463 0.0001396756 0.0001411508
          -0.000001419705 -0.000001229546 0.0001426344 0.0001449721 -0.000001076089 -0.000001161774
          0.0001474379 0.0001495714 -0.00000135883 -0.000001532767 0.0001509901 0.0001536678
          -0.000001690762 -0.000001764799 0.0001565925 0.0001625305 -0.000001860153 -0.000001901317
          0.0001668292 0.0001725001 -0.000001975515 -0.00000199575 0.0001758017 0.0001802514
          -0.000002050595 -0.000002049109 0.0001821248 0.000185153 -0.000002084218 -0.000002062545
          0.0001855355 0.0001871792 -0.000002080788 -0.000002043584 0.0001862359 0.0001867435
          -0.00000205016 -0.000002002991 0.0001848173 0.0001845701 -0.000002001799 -0.000001944562
          0.0001820844 0.0001815045 -0.000001923649 -0.000001819179 0.0001789063 0.0001784995
          -0.000001732546 -0.000001935156 0.000176503 0.0001771729 -0.000002122832 0.0003953769
          0.0001780764 0.0005727756 0.01184407 0.00248679 0.01221392 0.002631745
          0.005788611 0.001121794 0.00414214 0.001301597 0.001288492 0.0009547345
          0.003907704 0.003872887 0.0008440157 0.000812734 0.003857204 0.003844114
          0.0008023257 0.000798391 0.003831342 0.003824597 0.0007960405 0.0007951533
          0.003821577 0.003826137 0.0007949056 0.0007960796 0.003835018 0.003851616
          0.0007979681 0.0008013065 0.003872469 0.003900836 0.0008053453 0.0008107836
          0.003933131 0.003972536 0.0008168481 0.0008242199 0.004015315 0.00406458
          0.0008321022 0.0008411621 0.004116386 0.004173769 0.000850569 0.0008609724
          0.004232629 0.004309359 0.0008715198 0.0008909887 0.004414518 0.004617954
          0.0009123416 0.0009381168 0.004770711 0.005020993 0.0009552579 0.0009877981
          0.005186655 0.0054516 0.001012407 0.001058368 0.005600479 0.005834604
          0.001086185 0.001128303 0.005937019 0.006123401 0.001148276 0.001181783
          0.006168983 0.006301304 0.001191506 0.001215129 0.006289511 0.006370856
          0.001214366 0.001228539 0.006310009 0.006350991 0.001218665 0.001225236
          0.006255106 0.006270144 0.00120875 0.001210374 0.006154944 0.006158597
          0.001190238 0.00118985 0.006038318 0.006043127 0.001169363 0.001171189
          0.005931476 0.005961111 0.001158085 0.001179553 0.005931697 0.006476762
          0.001215584 0.001441225 0.01340896 0.002750913 0.002779009 0.002297221
          0.110909 0.4272551 0.4236743 0.421718 0.1081038 0.4196474
          0.4181687 0.4236742 0.4272551 0.110909 0.421718 0.4196474
          0.1081038 0.4181687 0.1067104 0.4167772 0.4153467 0.1059838
          0.4138643 0.4123475 0.4167772 0.1067104 0.4153467 0.4138643
          0.1059838 0.4123474 0.1052449 0.4108034 0.4092412 0.1044923
          0.4076648 0.406078 0.4108034 0.1052449 0.4092412 0.4076648
          0.1044923 0.4060779 0.1037332 0.404483 0.4028815 0.1029718
          0.4012743 0.3996614 0.404483 0.1037332 0.4028815 0.4012743
          0.1029718 0.3996613 0.1022088 0.3980418 0.3964145 0.1014421
          0.3947783 0.3931322 0.3980418 0.1022088 0.3964145 0.3947783
          0.1014421 0.3931321 0.1006697 0.3914748 0.3898038 0.09988621
          0.388138 0.3864851 0.3914747 0.1006697 0.3898038 0.3881379
          0.0998862 0.3864851 0.09909544 0.384828 0.3831542 0.0982972
          0.3814541 0.3797146 0.384828 0.09909544 0.3831542 0.3814541
          0.0982972 0.3797146 0.09747906 0.3779308 0.3760967 0.09663481
          0.37421 0.3722687 0.3779307 0.09747906 0.3760967 0.37421
          0.09663481 0.3722687 0.09577281 0.370282 0.3682672 0.09493615
          0.3662745 0.3643054 0.370282 0.09577281 0.3682672 0.3662745
          0.09493615 0.3643054 0.09423427 0.3622033 0.3589264 0.08772077
          0.3486978 0.2979787 0.3622033 0.09423426 0.3589264 0.3486978
          0.08772074 0.2979787 0.04086965 0.1755029 0.07131651 0.3932928
          0.07131649 0.1755021 0.0408694 0.4261672 0.7630622 0.7572234
          0.7623154 1.002885 1.002846 1.002846 0.423556 0.7613077
          0.7603085 1.002859 1.002863 0.4205743 0.7592907 0.7580361
          1.002894 1.002935 0.4188748 0.756861 0.7556853 1.002973
          1.003007 0.7630619 0.7572227 0.7623154 0.4261671 0.7613078
          0.7603087 0.423556 0.7592908 0.7580363 0.4205743 0.7568611
          0.7556854 0.4188748 0.4174762 0.7544354 0.7530917 1.003048
          1.003093 0.416069 0.7517087 0.7502987 1.003138 1.003182
          0.4146107 0.7488568 0.7473794 1.003228 1.003275 0.41311
          0.7458777 0.7443583 1.003321 1.003367 0.7544354 0.7530917
          0.4174762 0.7517087 0.7502988 0.416069 0.7488568 0.7473794
          0.4146107 0.7458777 0.7443583 0.4131099 0.4115781 0.7428233
          0.7412722 1.003413 1.003459 0.4100244 0.739708 0.7381335
          1.003505 1.003549 0.4084545 0.7365502 0.7349578 1.003593
          1.003636 0.4068725 0.7333574 0.7317504 1.003678 1.003719
          0.7428233 0.7412722 0.4115781 0.739708 0.7381335 0.4100244
          0.7365501 0.7349577 0.4084545 0.7333573 0.7317503 0.4068725
          0.4052814 0.7301377 0.7285198 1.003758 1.003797 0.403683
          0.7268973 0.7252708 1.003834 1.00387 0.4020786 0.7236407
          0.7220073 1.003904 1.003936 0.4004686 0.7203707 0.7187312
          1.003967 1.003996 0.7301377 0.7285198 0.4052814 0.7268972
          0.7252707 0.403683 0.7236406 0.7220072 0.4020786 0.7203707
          0.7187311 0.4004685 0.3988525 0.7170886 0.715443 1.004023
          1.004048 0.3972292 0.7137942 0.712142 1.004071 1.004091
          0.3955976 0.7104864 0.708827 1.004109 1.004124 0.3939565
          0.7071636 0.7054959 1.004136 1.004146 0.7170886 0.7154429
          0.3988524 0.7137941 0.712142 0.3972292 0.7104863 0.7088269
          0.3955976 0.7071635 0.7054958 0.3939565 0.392305 0.7038235
          0.7021458 1.004152 1.004155 0.3906416 0.7004628 0.6988004
          1.004155 1.00415 0.3889676 0.6971762 0.6955603 1.004141
          1.004127 0.3873111 0.6939428 0.6923192 1.004108 1.004084
          0.7038234 0.7021458 0.3923049 0.7004627 0.6988003 0.3906416
          0.6971761 0.6955602 0.3889676 0.6939428 0.6923191 0.3873111
          0.3856579 0.6906868 0.6890442 1.004054 1.004018 0.383994
          0.687391 0.6857288 1.003976 1.003925 0.3823082 0.6840611
          0.6823824 1.003866 1.00386 0.3805895 0.6806796 0.6789558
          1.003898 1.003935 0.6906867 0.6890441 0.3856579 0.6873909
          0.6857288 0.383994 0.684061 0.6823823 0.3823082 0.6806795
          0.6789558 0.3805895 0.3788286 0.6772096 0.6754391 1.003973
          1.004012 0.3770202 0.6736431 0.6718202 1.004051 1.00409
          0.3751601 0.6699687 0.6680868 1.00413 1.004171 0.3732458
          0.6661734 0.6642283 1.004212 1.004254 0.6772095 0.6754391
          0.3788286 0.673643 0.6718201 0.3770202 0.6699687 0.6680867
          0.3751601 0.6661733 0.6642282 0.3732458 0.3712804 0.6622499
          0.6602369 1.004297 1.004341 0.3692752 0.6581921 0.6561217
          1.004385 1.00443 0.3672658 0.654032 0.6519379 1.004476
          1.004521 0.3652892 0.6498913 0.6479187 1.004566 1.004605
          0.6622498 0.6602369 0.3712804 0.6581921 0.6561217 0.3692752
          0.654032 0.6519379 0.3672659 0.6498914 0.6479189 0.3652892
          0.3632989 0.6458972 0.6437589 1.004645 1.004686 0.3608527
          0.6414484 0.6387373 1.00473 1.004777 0.3554972 0.6355192
          0.63018 1.004822 1.004869 0.3329694 0.6179738 0.5665072
          1.005036 1.007621 0.6458974 0.6437591 0.3632989 0.6414485
          0.6387374 0.3608528 0.6355193 0.6301801 0.3554972 0.6179738
          0.5665073 0.3329694 0.2408611 0.4558255 0.3110084 0.6569365
          0.4558251 0.3110065 0.2408609
        </DataArray>
        <DataArray type="Float64" Name="strain" NumberOfComponents="3" format="ascii" RangeMin="0.02436661965000888" RangeMax="8.344383713868817">
          -0.00671045 -0.04718084 -0.05922445 0.03902453 -0.01566517 -0.08112196
          0.03592426 -0.01682364 -0.01447679 -0.02101017 -0.03705948 -0.01077036
          0.04242534 -0.0132451 -0.08178176 0.04152458 -0.01493608 -0.01374055
          0.03550544 -0.01808556 -0.002907693 -0.02363294 -0.02412043 -0.001523069
          0.0413988 -0.01674152 -0.002328937 0.041287 -0.01194286 -0.08199181
          0.04110863 -0.01372582 -0.01359342 0.0402786 -0.01093405 -0.08199043
          0.04028088 -0.01270116 -0.01357961 0.04113081 -0.01564661 -0.002124878
          0.04033571 -0.01461957 -0.002057098 0.03953022 -0.009947186 -0.08185931
          0.03956514 -0.01171277 -0.01354985 0.03886577 -0.008953771 -0.08167477
          0.038905 -0.01072921 -0.01349649 0.03962456 -0.0136299 -0.002012439
          0.03896892 -0.01265627 -0.00196027 0.03821136 -0.007964557 -0.08146886
          0.03825238 -0.0097527 -0.0134319 0.03754773 -0.006988755 -0.08125091
          0.03759084 -0.008789335 -0.01336318 0.03832226 -0.01169298 -0.001899646
          0.03766579 -0.01074161 -0.001834882 0.03687201 -0.006031501 -0.08102316
          0.03691697 -0.007843592 -0.01329321 0.03618542 -0.005095785 -0.08078634
          0.03623155 -0.006918405 -0.01322337 0.0369948 -0.009805375 -0.001769542
          0.03630976 -0.008887124 -0.001706101 0.03549006 -0.004183407 -0.08054104
          0.03553659 -0.006015604 -0.01315457 0.03478818 -0.003295232 -0.08028781
          0.03483441 -0.005136102 -0.0130875 0.03561278 -0.007988936 -0.001646361
          0.03490653 -0.007112064 -0.001591658 0.03408194 -0.00243129 -0.08002712
          0.03412729 -0.004279989 -0.01302269 0.03337333 -0.001590896 -0.07975932
          0.03341738 -0.00344665 -0.01296048 0.03419372 -0.006256967 -0.001542945
          0.03347694 -0.005423404 -0.001500844 0.03266414 -0.000772817 -0.07948463
          0.03270662 -0.002634928 -0.01290106 0.03195604 0.00002454389 -0.07920316
          0.03199682 -0.001843302 -0.01284451 0.03275861 -0.004610569 -0.001465701
          0.03204091 -0.00381725 -0.001437643 0.03125062 0.000802967 -0.07891503
          0.03128967 -0.001070053 -0.01279084 0.03054951 0.001564262 -0.07862037
          0.03058684 -0.0003134262 -0.01274002 0.03132584 -0.003041985 -0.001416654
          0.03061527 -0.002283194 -0.001402667 0.02985449 0.002310131 -0.0783195
          0.02989011 0.0004282477 -0.01269209 0.02916763 0.003042051 -0.07801307
          0.02920152 0.001156429 -0.01264724 0.02991107 -0.001539312 -0.001395672
          0.0292153 -0.0008089157 -0.001395845 0.02849155 0.00376121 -0.07770223
          0.02852358 0.001872218 -0.01260583 0.02782905 0.004468935 -0.07738888
          0.02785989 0.002576091 -0.01256877 0.02853043 -0.00009085552 -0.001403684
          0.02785959 0.0006155893 -0.001419885 0.02718506 0.005163922 -0.07707986
          0.02721538 0.003269545 -0.0125409 0.02656571 0.005844857 -0.07677834
          0.0265945 0.003951892 -0.01252258 0.02720762 0.001310168 -0.001445481
          0.02658071 0.001991173 -0.001482167 0.02597878 0.006509982 -0.07648871
          0.02600516 0.004619838 -0.01251393 0.02543389 0.007155387 -0.07621811
          0.02545727 0.005268519 -0.01251617 0.02598694 0.002655673 -0.001532585
          0.02543654 0.00329881 -0.001598814 0.02494222 0.007775217 -0.0759753
          0.02496232 0.005891429 -0.01253071 0.02451558 0.008361787 -0.07576933
          0.02453232 0.006480339 -0.01255844 0.02494163 0.003913564 -0.001681851
          0.02451498 0.004491061 -0.001781163 0.02416514 0.008906109 -0.07560829
          0.02417876 0.007025611 -0.01259892 0.02389984 0.009398812 -0.07549826
          0.02391084 0.007517563 -0.0126501 0.02416826 0.005021494 -0.001893781
          0.02391019 0.005495314 -0.002013934 0.02372465 0.009831541 -0.07544193
          0.02373364 0.007947843 -0.0127085 0.0236397 0.01019818 -0.07543815
          0.02364728 0.008310575 -0.01276991 0.02374492 0.005904725 -0.002134008
          0.02367122 0.006244873 -0.00224609 0.02364031 0.01049561 -0.07548231
          0.02364694 0.008603029 -0.01283012 0.02371786 0.0107239 -0.07556729
          0.02372383 0.008825696 -0.01288565 0.02368296 0.006514321 -0.002343471
          0.0237703 0.006714833 -0.002421587 0.02386102 0.010886 -0.0756847
          0.02386648 0.0089819 -0.01293404 0.02405697 0.01098715 -0.07582584
          0.02406196 0.009077176 -0.01297384 0.02392108 0.00685077 -0.002478195
          0.02412208 0.006928395 -0.002513023 0.02429245 0.01103421 -0.07598245
          0.02429694 0.00911863 -0.01300449 0.02455451 0.01103511 -0.07614709
          0.02455844 0.009114347 -0.01302601 0.02435998 0.006955233 -0.002527222
          0.02462197 0.00693952 -0.002522863 0.02483098 0.01099832 -0.07631328
          0.02483433 0.009072896 -0.01303892 0.02511082 0.01093242 -0.07647562
          0.02511361 0.009002901 -0.01304398 0.02489624 0.006889739 -0.002502529
          0.02517228 0.006814227 -0.002469001 0.02538426 0.01084574 -0.07662972
          0.02538664 0.008912674 -0.01304207 0.02564269 0.01074603 -0.07677203
          0.02564507 0.008809856 -0.01303398 0.02544096 0.006720821 -0.002424963
          0.02569452 0.006616523 -0.002372688 0.02587813 0.01063987 -0.07689919
          0.0258817 0.008700918 -0.01301985 0.02608096 0.01053135 -0.07700554
          0.02609054 0.008590246 -0.01299791 0.02592636 0.006507126 -0.002313554
          0.02613108 0.00639694 -0.002247426 0.0262326 0.01042045 -0.07707436
          0.02627003 0.008479398 -0.0129617 0.02629709 0.01031 -0.07705657
          0.02645029 0.008372927 -0.01289968 0.02630946 0.006289711 -0.002173363
          0.02650679 0.00619469 -0.002099989 0.02633526 0.01025985 -0.07686182
          0.02687526 0.008321027 -0.01282425 0.02768305 0.01057242 -0.07664068
          0.02907402 0.008587165 -0.01295583 0.02703068 0.006150112 -0.002093571
          0.02955189 0.006283845 -0.002391335 0.03962399 0.01195049 -0.07824244
          0.04158756 0.01033738 -0.01471781 0.1302813 0.04286179 -0.1335288
          0.1061307 0.03025567 -0.02572441 0.04315318 0.006967396 -0.00369084
          0.1041239 0.01178505 -0.004435607 0.03557191 -0.01832809 -0.0005504267
          -0.02391261 -0.02014906 -0.00008751483 0.04142586 -0.01733672 -0.0004951662
          0.03567252 -0.01844146 -0.0001008547 -0.02386864 -0.01947439 -0.000006168644
          0.04149378 -0.01751907 -0.0001567677 0.0411671 -0.01630907 -0.0003689426
          0.04040056 -0.01530643 -0.0002795374 0.04123411 -0.01655563 -0.0001287231
          0.04048616 -0.0155878 -0.00005442709 0.03970834 -0.01432615 -0.0002044462
          0.03906658 -0.01336042 -0.0001256042 0.03981818 -0.01463006 0.00003768078
          0.03919799 -0.01368009 0.0001433934 0.03843137 -0.01240457 -0.00003939528
          0.03778352 -0.01145845 0.000051572 0.0385805 -0.01273561 0.0002605272
          0.03794572 -0.01179646 0.0003847031 0.03711746 -0.0105242 0.0001433099
          0.03643323 -0.00960448 0.0002321659 0.03728723 -0.01086429 0.0005105358
          0.03660467 -0.009941766 0.000632829 0.0357331 -0.008701684 0.0003151966
          0.03502022 -0.007817574 0.0003901792 0.0359005 -0.009031713 0.000747184
          0.03517855 -0.008136651 0.0008502125 0.03429802 -0.006953202 0.0004555506
          0.03356988 -0.006108921 0.0005103287 0.03444329 -0.007258522 0.0009395514
          0.03369924 -0.006398582 0.001013778 0.03283897 -0.005284477 0.0005540188
          0.03210813 -0.004479126 0.0005865048 0.03295068 -0.005557406 0.001072268
          0.0322014 -0.004734936 0.001115013 0.03137987 -0.003691763 0.0006079182
          0.03065639 -0.002921043 0.000618481 0.03145462 -0.003930573 0.001142392
          0.03071299 -0.003143286 0.001154919 0.02993973 -0.002165511 0.0006183236
          0.02923199 -0.001423749 0.0006072935 0.02997879 -0.002371757 0.001152957
          0.02925418 -0.001614582 0.001136444 0.02853563 -0.0006945797 0.000584804
          0.02785402 0.00002260893 0.0005497405 0.02854172 -0.0008705458 0.001104621
          0.02784495 -0.00013899 0.001055782 0.02719213 0.0007274556 0.0005002054
          0.02655673 0.001418147 0.000433438 0.02716909 0.000579737 0.0009870604
          0.02652158 0.001283694 0.0008944389 0.02595663 0.002091364 0.0003458891
          0.0254031 0.002741575 0.0002346836 0.02591254 0.001968902 0.0007731151
          0.02535492 0.002628736 0.0006189339 0.02490949 0.003360737 0.00009853294
          0.02448963 0.003938783 -0.00006109252 0.02486391 0.003253659 0.0004301533
          0.02445476 0.003831914 0.0002094734 0.0241555 0.004464908 -0.0002388077
          0.02391502 0.004929241 -0.0004250988 0.02413977 0.004351351 -0.00003446057
          0.02392535 0.00480184 -0.0002873787 0.02377049 0.005324525 -0.0006079256
          0.02371831 0.005647189 -0.0007753257 0.0238108 0.005177212 -0.0005321541
          0.023789 0.005475957 -0.0007527324 0.0237501 0.005897435 -0.00091772
          0.02385434 0.006078608 -0.001029074 0.02384849 0.005700625 -0.0009371305
          0.02397559 0.005856656 -0.001078489 0.02401791 0.006196349 -0.001106874
          0.0242272 0.006257834 -0.001151428 0.02415601 0.005951297 -0.001174577
          0.02437582 0.005992814 -0.001226652 0.02446897 0.006271155 -0.001165019
          0.02473079 0.006244815 -0.001151161 0.02462195 0.005989937 -0.001238332
          0.02488266 0.005951406 -0.001214658 0.02500151 0.006187296 -0.001114024
          0.02527141 0.006106682 -0.001057966 0.02514773 0.005885582 -0.001161381
          0.0254086 0.005800127 -0.001084382 0.02553225 0.006010344 -0.0009871421
          0.0257773 0.005904644 -0.0009051438 0.02565836 0.005701747 -0.0009892325
          0.02589168 0.005595989 -0.0008809082 0.02600116 0.005794691 -0.0008147491
          0.02620051 0.005684449 -0.0007183984 0.0261049 0.005487175 -0.0007639087
          0.026297 0.005378801 -0.000643487 0.02638108 0.00557826 -0.0006218771
          0.02659774 0.005486401 -0.0005469389 0.02647561 0.005275338 -0.0005291021
          0.0266911 0.005185436 -0.0004382798 0.02716115 0.005433155 -0.000551076
          0.02972318 0.00543403 -0.0007103297 0.02723407 0.00511787 -0.0003887726
          0.02972482 0.005055055 -0.0003660579 0.04320338 0.005413005 -0.0009505171
          0.1033773 0.005917906 -0.0004836178 0.04303775 0.00497185 -0.0003038825
          0.1033015 0.004856358 -0.0001147002 0.03570692 -0.01848287 -0.0000577656
          -0.02385365 -0.01940596 -0.00001793563 0.04153979 -0.01757964 -0.0001129414
          0.0356999 -0.01846677 -0.000087327 -0.0238769 -0.01935253 -0.00001104064
          0.04156572 -0.01759687 -0.0001431365 0.04131119 -0.01666627 -0.0001127961
          0.04059148 -0.01574174 -0.00005590207 0.04137986 -0.01672962 -0.0001469848
          0.04070356 -0.01585458 -0.00009438709 0.03995241 -0.01481575 0.00004374891
          0.03936026 -0.01388986 0.0001724252 0.04010382 -0.01497048 0.00001178478
          0.03954777 -0.01407773 0.0001610377 0.03876695 -0.01296275 0.0003210412
          0.03815047 -0.01203417 0.0004814822 0.03898596 -0.0131752 0.0003411412
          0.03839407 -0.01226221 0.0005402834 0.03750307 -0.01110562 0.000645723
          0.03682376 -0.01017989 0.0008062783 0.03776241 -0.01133989 0.0007470717
          0.037089 -0.01041125 0.0009509129 0.03611519 -0.009260497 0.0009567494
          0.03538211 -0.008351024 0.001092163 0.03637658 -0.00948068 0.001142657
          0.03563093 -0.008553238 0.001315139 0.03463032 -0.007454692 0.00120908
          0.03386591 -0.006574059 0.001305523 0.03485956 -0.00763392 0.001463442
          0.03407058 -0.006727097 0.001584863 0.03309467 -0.005710875 0.00138077
          0.03232163 -0.004866026 0.001435047 0.0332717 -0.005836127 0.001678602
          0.03246958 -0.004963154 0.001745275 0.03155095 -0.004039583 0.00146916
          0.03078585 -0.003230906 0.001484092 0.03166951 -0.004109097 0.001786331
          0.03087547 -0.00327378 0.001803427 0.0300289 -0.002438833 0.00148058
          0.02928241 -0.001661941 0.001458708 0.03009038 -0.002456185 0.001797834
          0.02931667 -0.001654805 0.00176986 0.02854898 -0.0008988975 0.001417507
          0.02783235 -0.0001489052 0.001354603 0.02855705 -0.0008680943 0.00171832
          0.02781542 -0.00009504063 0.001640067 0.02713813 0.0005877158 0.001265991
          0.02647476 0.001308774 0.001146093 0.02709805 0.0006640706 0.001529693
          0.02641479 0.001406647 0.001379613 0.02585415 0.002009423 0.0009884009
          0.02529176 0.002681424 0.0007872292 0.02578004 0.00212662 0.001181014
          0.02521281 0.002813428 0.00092633 0.02480542 0.003312994 0.0005405016
          0.02441229 0.003889979 0.0002529251 0.02473466 0.003452014 0.0006134727
          0.02436497 0.004024957 0.0002505544 0.02412454 0.004398626 -0.00006215511
          0.02394591 0.004828935 -0.0003841829 0.02411484 0.004516828 -0.0001421249
          0.0239834 0.004918688 -0.0005357398 0.0238712 0.005176745 -0.0006901902
          0.0238885 0.005443621 -0.0009603311 0.02395895 0.005229806 -0.0009009307
          0.02402365 0.005456044 -0.001214973 0.02398258 0.005635236 -0.001181183
          0.02413738 0.005759593 -0.001346136 0.02415808 0.005606917 -0.001464521
          0.02434391 0.005693311 -0.001644594 0.02433749 0.005825789 -0.001454111
          0.02456874 0.005843298 -0.001507931 0.02456485 0.005726293 -0.001756274
          0.0248069 0.00571653 -0.001804621 0.0248186 0.005821486 -0.001512936
          0.02507629 0.005769228 -0.001475918 0.02505839 0.005673908 -0.001797124
          0.02530999 0.005607238 -0.00174254 0.02533292 0.005694596 -0.001404296
          0.02558148 0.005604623 -0.001305479 0.02555456 0.00552406 -0.00165001
          0.02578696 0.005430548 -0.001528409 0.02581669 0.005505163 -0.001186429
          0.02603493 0.005400855 -0.001053519 0.0260038 0.005331558 -0.001385975
          0.02620308 0.005230821 -0.001230251 0.02623414 0.005295318 -0.0009128701
          0.02641408 0.005191928 -0.0007713771 0.02638373 0.00513142 -0.001068356
          0.02654515 0.005036572 -0.0009072073 0.02658036 0.005095248 -0.0006376013
          0.02677708 0.005010981 -0.0005192662 0.02669112 0.004950051 -0.0007526971
          0.02686474 0.004874955 -0.0006074019 0.02728907 0.004940428 -0.0004155058
          0.02973497 0.004879216 -0.0003148321 0.02735284 0.004812538 -0.0004696375
          0.02977788 0.004766018 -0.0003363542 0.04299909 0.004837639 -0.0002054808
          0.1033878 0.004755479 -0.0001525129 0.04304198 0.004743036 -0.0002142187
          0.1034906 0.004709654 -0.0001628133 0.03567319 -0.01841212 -0.0001244923
          -0.02392226 -0.01925223 -0.000001726258 0.04157763 -0.01758958 -0.0001964852
          0.03563141 -0.01832747 -0.000162371 -0.02398426 -0.01911162 0.000004532137
          0.04157651 -0.01756179 -0.0002607011 0.04143809 -0.01677363 -0.0002063944
          0.04081263 -0.01595313 -0.0001532713 0.04148499 -0.01680464 -0.0002839202
          0.04091327 -0.01604477 -0.0002330545 0.04026252 -0.01512022 -0.00003859908
          0.03975211 -0.01427061 0.0001306173 0.04041917 -0.01527107 -0.0001103921
          0.03996293 -0.01447448 0.0000781923 0.03923037 -0.01340131 0.0003424296
          0.03867066 -0.01251045 0.0005825975 0.03949034 -0.01364819 0.0003217198
          0.0389717 -0.0127877 0.0006048026 0.03806092 -0.01159837 0.0008362466
          0.03739763 -0.0106681 0.001088988 0.03839186 -0.01189163 0.0009094499
          0.03774499 -0.01096248 0.001217029 0.03668328 -0.009725047 0.001328053
          0.03592473 -0.008776155 0.00154329 0.03703275 -0.01000662 0.001510275
          0.03626282 -0.009033254 0.001775091 0.03513153 -0.007828816 0.001727744
          0.03431424 -0.006889859 0.001877707 0.03544691 -0.008052852 0.002001717
          0.03459845 -0.007075472 0.002184997 0.03348299 -0.005964795 0.001992287
          0.03264644 -0.005057405 0.002072645 0.03373048 -0.006109449 0.002323807
          0.03285415 -0.005160687 0.002419939 0.03181136 -0.004169668 0.002121095
          0.03098261 -0.003301944 0.002140207 0.03197811 -0.004232502 0.002476793
          0.03110843 -0.003325903 0.002498101 0.03016359 -0.002453338 0.00213197
          0.02935689 -0.001622173 0.002097031 0.0302491 -0.002440102 0.002486802
          0.02940297 -0.001573166 0.00244404 0.0285653 -0.000806582 0.00203399
          0.027793 -0.00000524637 0.001938782 0.02857291 -0.0007227769 0.002368231
          0.0277635 0.000112811 0.002254197 0.02704715 0.0007815934 0.001804222
          0.02633956 0.001550752 0.001620077 0.02698307 0.0009334272 0.002092463
          0.02624625 0.001735034 0.001869226 0.0256882 0.002294389 0.001374406
          0.02511711 0.00299855 0.001057259 0.0255761 0.00250718 0.001568221
          0.02500383 0.003230871 0.001176449 0.02465289 0.003643482 0.0006671909
          0.02431714 0.004207514 0.0002181374 0.02456269 0.003879637 0.0006944675
          0.02427564 0.004426641 0.0001461597 0.02411793 0.004673958 -0.0002592606
          0.02404677 0.005036718 -0.0007256528 0.02414407 0.004855404 -0.0004226678
          0.02414768 0.005165718 -0.0009601783 0.02408323 0.005300517 -0.001145469
          0.02420261 0.00547681 -0.001494983 0.02425507 0.005370277 -0.001426307
          0.02443457 0.005487214 -0.001799451 0.02438146 0.005579464 -0.00176302
          0.02459961 0.00562236 -0.001947803 0.02465946 0.005534904 -0.002073158
          0.02490857 0.005530053 -0.002250462 0.02484044 0.00561847 -0.002053617
          0.02509064 0.005579476 -0.002088418 0.02516577 0.005487252 -0.002339813
          0.02541927 0.005418804 -0.002352624 0.02534002 0.005515509 -0.002062213
          0.0255812 0.005434992 -0.001985854 0.02566103 0.005334621 -0.002301651
          0.0258862 0.005242272 -0.002199805 0.0258092 0.005344609 -0.001870148
          0.02602105 0.005249438 -0.00172525 0.02609233 0.005147212 -0.002059324
          0.02627875 0.005053165 -0.001891281 0.02621524 0.005153214 -0.001560375
          0.0263912 0.005058748 -0.001383751 0.0264458 0.004962609 -0.001705385
          0.02659414 0.004877307 -0.001509938 0.02654846 0.004968486 -0.001202655
          0.02668625 0.004884944 -0.00102312 0.02672393 0.004798761 -0.00131174
          0.02683494 0.004728378 -0.00111583 0.0268084 0.004810548 -0.0008491422
          0.02695934 0.004747084 -0.0006821877 0.02693192 0.004667333 -0.000925262
          0.02706055 0.004616541 -0.0007412257 0.02742797 0.00469621 -0.000521765
          0.02984156 0.004660468 -0.0003673722 0.02751151 0.00457687 -0.000563454
          0.02991528 0.004548911 -0.0003921182 0.04310989 0.004641455 -0.0002297722
          0.1035903 0.004624594 -0.0001540501 0.04318359 0.004531833 -0.0002396126
          0.1036888 0.004519424 -0.0001456083 0.03557294 -0.01821387 -0.0002014409
          -0.02406209 -0.01893398 0.000008980743 0.04156015 -0.01751265 -0.0003320236
          0.03549565 -0.01807015 -0.000241171 -0.02415571 -0.01871933 0.00001295625
          0.04152568 -0.01743985 -0.0004074927 0.04151749 -0.01682149 -0.000375135
          0.04100038 -0.01612886 -0.0003320526 0.04153164 -0.01682076 -0.0004755555
          0.04106823 -0.01620138 -0.0004460378 0.04056514 -0.0154218 -0.0002051057
          0.04016887 -0.01468744 4.277174e-7 0.04069176 -0.01556763 -0.0003203604
          0.04035775 -0.01490375 -0.0001026446 0.0397535 -0.01391439 0.0002743941
          0.03928531 -0.01309399 0.0006010098 0.04000507 -0.01419387 0.0001980908
          0.03959586 -0.01342423 0.0005663307 0.03874511 -0.01222173 0.0009597891
          0.03812364 -0.01129857 0.001327777 0.03910624 -0.01258569 0.0009799901
          0.03852222 -0.0116762 0.001412321 0.03742063 -0.01033133 0.00168249
          0.03664376 -0.009331615 0.002004848 0.03783981 -0.01070188 0.001835414
          0.03706491 -0.009676243 0.002224263 0.03580661 -0.00831358 0.002281261
          0.0349256 -0.007291351 0.002504356 0.03621163 -0.008617322 0.002560091
          0.03529909 -0.007544085 0.002831978 0.03401719 -0.006276923 0.002672365
          0.03309572 -0.005278975 0.00278763 0.03434759 -0.006473208 0.003036551
          0.03337554 -0.005417111 0.003176248 0.0321723 -0.004302592 0.002854782
          0.03125467 -0.003349638 0.002878994 0.03239754 -0.004383368 0.00325694
          0.03142385 -0.003375121 0.003285547 0.03034777 -0.002419475 0.00286446
          0.0294548 -0.001509831 0.002813057 0.03046085 -0.00239203 0.003267943
          0.02951234 -0.001431421 0.003207128 0.0285788 -0.0006177772 0.002723095
          0.0277248 0.0002590313 0.002588062 0.02858157 -0.0004895493 0.003101482
          0.0276741 0.0004367934 0.00294291 0.02690273 0.001120551 0.002395481
          0.02613116 0.001961528 0.002126609 0.02680199 0.001347813 0.002714939
          0.02598945 0.002236509 0.002391811 0.02544063 0.002767591 0.001759065
          0.0248727 0.003512104 0.001276009 0.0252782 0.003082457 0.001942241
          0.02472493 0.003847172 0.0013448 0.024469 0.004159037 0.000682824
          0.0242511 0.004676057 0.00002031224 0.0243808 0.004481276 0.0006155822
          0.02425947 0.004948478 -0.00017624 0.02420736 0.005050375 -0.0006442959
          0.02430059 0.005292259 -0.00124633 0.02432639 0.005246531 -0.0009353767
          0.02452252 0.005402079 -0.001587965 0.02448705 0.00542495 -0.001745455
          0.0247292 0.005473719 -0.002126556 0.02479264 0.005450611 -0.002100828
          0.02509571 0.005423989 -0.002470365 0.02499842 0.005461118 -0.002390581
          0.02527386 0.005406199 -0.002546809 0.02540336 0.005348082 -0.002707264
          0.02569667 0.005243454 -0.002828114 0.02554101 0.005324603 -0.002608637
          0.02579056 0.005228589 -0.002591277 0.02596419 0.005125852 -0.002851715
          0.0262003 0.005006527 -0.002797065 0.02601749 0.005127177 -0.002510218
          0.02621997 0.005026511 -0.002380144 0.02640378 0.004892759 -0.002682002
          0.02657624 0.004788645 -0.002522391 0.02639838 0.004930403 -0.002214273
          0.02655434 0.004840976 -0.002024055 0.02672093 0.004695976 -0.002331762
          0.02684167 0.004615072 -0.002121292 0.02668993 0.004759294 -0.001819114
          0.02680695 0.004685893 -0.001607266 0.02694207 0.004545465 -0.001899947
          0.02702502 0.00448638 -0.001674654 0.0269064 0.004621113 -0.001394514
          0.02698887 0.004565194 -0.001185021 0.02709236 0.004436982 -0.001450461
          0.02714543 0.004396461 -0.001230705 0.02706002 0.004518257 -0.0009812015
          0.02716656 0.00448032 -0.000783902 0.02719063 0.004364036 -0.001017197
          0.02727545 0.004338923 -0.0008104427 0.02760052 0.004451239 -0.0005928128
          0.02999412 0.004430457 -0.0004086158 0.02769281 0.004320247 -0.0006101492
          0.03007585 0.004306949 -0.0004174842 0.04325942 0.004416635 -0.0002450214
          0.1037877 0.00440662 -0.0001401522 0.04333668 0.004297694 -0.0002470483
          0.1038869 0.004290507 -0.0001360649 0.0353984 -0.01789564 -0.0002800861
          -0.02426474 -0.01846809 0.00001691059 0.04147102 -0.01734143 -0.0004835839
          0.0352813 -0.01769102 -0.0003164854 -0.02438823 -0.01818214 0.0000208376
          0.04139551 -0.01721675 -0.0005564068 0.04152403 -0.01679901 -0.0005798708
          0.04111141 -0.01625745 -0.0005687521 0.04149282 -0.01675412 -0.0006819564
          0.04112592 -0.01629301 -0.0006921386 0.04079046 -0.01570214 -0.0004502835
          0.04051681 -0.01511525 -0.0002269187 0.04085365 -0.01581878 -0.0005857941
          0.0406333 -0.01531231 -0.0003639185 0.04022804 -0.01447709 0.0000939724
          0.03988365 -0.01376875 0.0004980119 0.04040379 -0.01475131 -0.00003226439
          0.04012509 -0.01411304 0.0003967116 0.03945553 -0.01297565 0.0009629747
          0.0389241 -0.01209106 0.001459941 0.03976748 -0.01337798 0.0009028574
          0.03930607 -0.01253358 0.001458399 0.03827915 -0.01111842 0.001956494
          0.03752142 -0.01007136 0.002421272 0.03872165 -0.01157764 0.002029335
          0.03800473 -0.01052023 0.00257878 0.03666276 -0.008971019 0.002828607
          0.03572347 -0.007841594 0.003161768 0.03715952 -0.009382871 0.003072347
          0.03620417 -0.008194342 0.003483959 0.03472792 -0.006705672 0.003413822
          0.03369987 -0.005580909 0.003586171 0.03516655 -0.006984492 0.003799552
          0.03407737 -0.005778498 0.004017117 0.03265902 -0.004478623 0.003685651
          0.03161951 -0.003404043 0.003721269 0.03296396 -0.004593614 0.004143619
          0.03184662 -0.003438645 0.004190502 0.03059008 -0.002357475 0.003701216
          0.02957554 -0.00133582 0.003630252 0.03073795 -0.002315244 0.004169231
          0.02964443 -0.001219944 0.004087373 0.02857938 -0.0003342348 0.003507188
          0.02760769 0.0006517777 0.003322095 0.0285698 -0.0001463783 0.003944867
          0.02752054 0.000911933 0.003729739 0.0266753 0.001622925 0.003053081
          0.02581477 0.002569646 0.002664099 0.02651511 0.001956709 0.003412583
          0.02559874 0.00297448 0.002941699 0.025085 0.003461809 0.002110526
          0.02456489 0.00424213 0.001366286 0.02485789 0.003918783 0.002251873
          0.02440351 0.004702015 0.001315125 0.02431386 0.004843574 0.0004703878
          0.02432386 0.005232079 -0.0004620491 0.02429442 0.005236967 0.0002181545
          0.02447567 0.005507618 -0.0008547768 0.02452429 0.005427461 -0.001304208
          0.02483225 0.005478449 -0.001983792 0.02482782 0.0055716 -0.001752858
          0.02524874 0.005502002 -0.002425279 0.025185 0.005432376 -0.002484958
          0.02554173 0.005326008 -0.002820139 0.02567539 0.005354642 -0.002883958
          0.02607158 0.005168614 -0.003160041 0.0258768 0.005187179 -0.003011302
          0.02617535 0.005036644 -0.00308288 0.02641744 0.004971801 -0.00328725
          0.02670456 0.004783217 -0.003297615 0.02643068 0.004888886 -0.003059008
          0.02664205 0.004752909 -0.002961914 0.02693275 0.004614291 -0.003219755
          0.02710707 0.004470443 -0.003077917 0.02681261 0.004633341 -0.002810963
          0.0269476 0.004531674 -0.002622307 0.02723526 0.004352851 -0.002891725
          0.02732592 0.004260054 -0.002676528 0.02705296 0.004447413 -0.002408977
          0.0271344 0.00437899 -0.002181213 0.02738724 0.004189208 -0.002444023
          0.02742639 0.004136953 -0.002202934 0.02719683 0.004324416 -0.001946844
          0.027244 0.00428167 -0.001711637 0.02744915 0.004099939 -0.00195961
          0.02745986 0.004075095 -0.001718513 0.02727842 0.004248876 -0.001479605
          0.02730199 0.004224358 -0.00125326 0.02746142 0.004059725 -0.001482585
          0.02745607 0.004051503 -0.001253547 0.02732164 0.004206616 -0.001033847
          0.02738537 0.004194275 -0.0008215947 0.02745102 0.004048427 -0.001032137
          0.02749451 0.004048756 -0.0008183539 0.02778656 0.004186035 -0.0006162623
          0.03015894 0.00418063 -0.0004193722 0.02788012 0.004050969 -0.0006119923
          0.030242 0.004053736 -0.0004147746 0.04341459 0.004176819 -0.0002459128
          0.1039858 0.00417321 -0.0001320387 0.04349212 0.004055928 -0.0002416528
          0.1040833 0.004056549 -0.0001274366 0.03514563 -0.01745855 -0.0003488535
          -0.02452475 -0.01786472 0.00002459877 0.04130011 -0.01706709 -0.0006221089
          0.03499378 -0.017202 -0.0003760803 -0.02467252 -0.01751998 0.00002805353
          0.0411875 -0.01689594 -0.0006771672 0.04143814 -0.01668607 -0.000775159
          0.04110985 -0.016306 -0.0008065468 0.0413623 -0.01659762 -0.0008525084
          0.04106352 -0.01629715 -0.0009008421 0.04087552 -0.01591217 -0.0007147528
          0.0406954 -0.01548488 -0.0005006958 0.04085207 -0.01597897 -0.0008221306
          0.04069256 -0.01562334 -0.0006202285 0.04051309 -0.01500121 -0.0001697691
          0.040294 -0.01443765 0.0002677133 0.04053759 -0.01520976 -0.0003029213
          0.04036425 -0.01471912 0.0001213292 0.04001154 -0.01377237 0.000796546
          0.03963776 -0.01298719 0.00139537 0.04015498 -0.01413223 0.0006456104
          0.03988282 -0.01342726 0.001261428 0.03914247 -0.01207082 0.002034229
          0.03849976 -0.01102373 0.002673916 0.03950714 -0.01258109 0.001950765
          0.0389808 -0.01157711 0.002678704 0.03769796 -0.009861963 0.003270293
          0.03674644 -0.008616036 0.003783215 0.03826629 -0.01041623 0.003393288
          0.03735267 -0.009123483 0.00403585 0.03567399 -0.007323934 0.004185553
          0.0345198 -0.00602167 0.004467333 0.03626239 -0.007743676 0.004557523
          0.03504287 -0.006327657 0.00493207 0.03332246 -0.004736117 0.004633628
          0.03211219 -0.003482365 0.004698501 0.0337488 -0.004917905 0.005158052
          0.03242634 -0.003540701 0.005251582 0.030908 -0.002264772 0.004678107
          0.02971916 -0.001079707 0.004584542 0.03110543 -0.002205738 0.005235495
          0.02980013 -0.000909776 0.005129239 0.02854961 0.00008135478 0.004420145
          0.02740579 0.001228068 0.004170841 0.02851448 0.0003588438 0.004939869
          0.02725382 0.001615035 0.004651554 0.02631091 0.002364164 0.003796528
          0.02533046 0.003469812 0.003220595 0.02604761 0.002866529 0.004208446
          0.02499609 0.004082026 0.003492084 0.02459682 0.004469446 0.002345293
          0.02426435 0.005226802 0.00115254 0.02431093 0.005130994 0.002353121
          0.02419373 0.005803289 0.0008217241 0.02436354 0.005641197 -0.0001755507
          0.02475417 0.005746413 -0.001365584 0.02457964 0.006018974 -0.0007433221
          0.02520281 0.00591034 -0.00199057 0.02526496 0.005652469 -0.002273003
          0.02578864 0.005451617 -0.002894652 0.02586104 0.005640306 -0.002841957
          0.02646295 0.005306368 -0.003363525 0.02627079 0.005202339 -0.003276787
          0.02668438 0.004942922 -0.003469345 0.02697093 0.004963189 -0.003635307
          0.02737196 0.004644403 -0.003723578 0.02701879 0.004698593 -0.003517017
          0.02727464 0.004484035 -0.00345804 0.02766834 0.004368862 -0.00368154
          0.02787165 0.004144036 -0.003550733 0.02745957 0.004305667 -0.003323667
          0.02758471 0.004164192 -0.003138297 0.02799774 0.003969717 -0.003362214
          0.02806307 0.003841324 -0.003138286 0.02766201 0.004056881 -0.002920277
          0.02770274 0.003979306 -0.002683038 0.02808281 0.003752305 -0.00289449
          0.02806987 0.00369563 -0.00264143 0.02771668 0.003926475 -0.002436223
          0.02771184 0.003893515 -0.002186636 0.02803473 0.003664614 -0.002386223
          0.02798559 0.003653294 -0.002133564 0.02769442 0.003876007 -0.001938966
          0.02766897 0.003870111 -0.001696324 0.02792861 0.003656553 -0.001886466
          0.02786818 0.003670096 -0.001646757 0.02763851 0.003872565 -0.001460624
          0.02760538 0.003880631 -0.001232863 0.0278072 0.003690357 -0.001415421
          0.02774788 0.003714402 -0.001192828 0.02757684 0.003892011 -0.001013335
          0.02760117 0.003904784 -0.0008018436 0.02769737 0.003739822 -0.0009788965
          0.02770382 0.003764658 -0.0007732679 0.02797198 0.003917353 -0.0005981861
          0.0303237 0.0039284 -0.0004041629 0.02806075 0.00378733 -0.0005757206
          0.03040283 0.003806598 -0.0003880495 0.04356821 0.003936934 -0.0002343631
          0.1041785 0.003942274 -0.0001219792 0.04364182 0.00382163 -0.000224229
          0.1042701 0.003831999 -0.0001155752 0.03482913 -0.01692653 -0.0003975834
          -0.02482969 -0.01715235 0.0000311096 0.04106207 -0.01670926 -0.0007184581
          0.03465598 -0.01663862 -0.0004133692 -0.02499472 -0.01676574 0.00003376794
          0.04092989 -0.01651594 -0.0007429473 0.0412695 -0.01649471 -0.0009065488
          0.04098862 -0.01627032 -0.0009621022 0.04116515 -0.01638694 -0.0009283422
          0.04088592 -0.01623181 -0.000974471 0.04077979 -0.01601778 -0.0008901901
          0.04061479 -0.01571841 -0.0007027713 0.04065247 -0.01602724 -0.0008988514
          0.04045097 -0.01575974 -0.0007288645 0.04046126 -0.01535927 -0.0004134877
          0.04031387 -0.01493256 -0.00002834839 0.04027203 -0.01543254 -0.0004850129
          0.04013011 -0.0150558 -0.0001665607 0.04016843 -0.01442746 0.0004577476
          0.04000315 -0.01382183 0.001054529 0.04003313 -0.0146301 0.0002470551
          0.03996649 -0.01413581 0.0007847088 0.03977158 -0.0130807 0.001763434
          0.03940669 -0.01216469 0.002563647 0.0398866 -0.01353041 0.001470048
          0.0397179 -0.01275326 0.002306161 0.03883748 -0.01104745 0.003403568
          0.03801636 -0.009734531 0.004206086 0.03935914 -0.01174189 0.003258059
          0.03871065 -0.01046162 0.004242372 0.03694315 -0.008269869 0.004890612
          0.03566703 -0.006721731 0.005400519 0.03772044 -0.008934603 0.005142138
          0.03641721 -0.007240802 0.005849719 0.03426345 -0.005157199 0.005717668
          0.03280416 -0.003622671 0.005857232 0.0348962 -0.005482919 0.006308875
          0.0332689 -0.003743564 0.006523978 0.03133814 -0.002138449 0.005851174
          0.02988822 -0.0007031091 0.005730936 0.03161867 -0.002064653 0.006538001
          0.02998524 -0.0004502207 0.006402007 0.0284584 0.0006996597 0.005512534
          0.02705055 0.002093815 0.005179705 0.02837275 0.001123012 0.00614895
          0.02677439 0.002695286 0.005765796 0.02570277 0.00349505 0.004652356
          0.02458009 0.004848353 0.003736993 0.02524156 0.004298138 0.005132458
          0.02407301 0.00581933 0.003910877 0.02403311 0.005914482 0.002206915
          0.02427341 0.006391131 0.0002489657 0.02385045 0.006803508 0.001786295
          0.02462658 0.006906243 -0.0006352398 0.02501465 0.006312873 -0.001499402
          0.02586214 0.005954925 -0.002701676 0.02574003 0.006450158 -0.002415867
          0.02676046 0.005835322 -0.003441269 0.02663347 0.005505171 -0.003420208
          0.02727252 0.005048893 -0.003792806 0.02758486 0.005221967 -0.003951396
          0.02820288 0.004670442 -0.004134969 0.02776514 0.004630956 -0.003925836
          0.02811748 0.004275142 -0.003896979 0.02863004 0.004209077 -0.004112939
          0.02889555 0.003845481 -0.003966253 0.02834755 0.003989641 -0.003763215
          0.02847821 0.003772389 -0.003564983 0.02903326 0.003573832 -0.003748654
          0.02907509 0.003381877 -0.003494413 0.02853228 0.003615895 -0.003329798
          0.02852995 0.003510592 -0.003075739 0.02904809 0.003255589 -0.00322452
          0.02897387 0.003181581 -0.002951372 0.02848802 0.003446763 -0.002814375
          0.02841982 0.003415487 -0.002552955 0.02886907 0.003148083 -0.002682036
          0.02874623 0.003145176 -0.002420352 0.02833565 0.003408997 -0.002295917
          0.02824326 0.003420745 -0.002045895 0.02861471 0.00316469 -0.002168246
          0.02848132 0.003199973 -0.001926528 0.02814834 0.003445303 -0.001804351
          0.02805488 0.003478219 -0.00157199 0.02835096 0.003245639 -0.001695358
          0.02822697 0.003297342 -0.001474529 0.0279654 0.003515864 -0.00134901
          0.02788182 0.003555293 -0.001135268 0.0281114 0.003351576 -0.001263627
          0.02800578 0.003405528 -0.00106212 0.02781108 0.003594128 -0.0009303874
          0.02780109 0.003630473 -0.0007338795 0.0279167 0.003456957 -0.000869419
          0.02789182 0.003504101 -0.0006849457 0.0281452 0.003662842 -0.0005455011
          0.03047829 0.003690113 -0.0003669849 0.02822428 0.003545616 -0.000508441
          0.03054911 0.003580525 -0.000341537 0.043712 0.003711627 -0.0002114924
          0.1043572 0.003727178 -0.0001082249 0.04377788 0.003608349 -0.000196425
          0.1044387 0.00362908 -0.00009997216 0.03447971 -0.01634627 -0.0004240547
          -0.02516682 -0.01636253 0.00003619771 0.04079883 -0.01632884 -0.0007466033
          0.03430747 -0.01606002 -0.000430874 -0.02534647 -0.01594176 0.00003868465
          0.04067829 -0.01616678 -0.0007213189 0.04105384 -0.01628762 -0.0009048055
          0.0407502 -0.01618765 -0.0009169652 0.04093359 -0.01621225 -0.0008127939
          0.0405602 -0.0161359 -0.0007617138 0.04045599 -0.01600148 -0.0008275043
          0.0401877 -0.01573368 -0.0006850723 0.04016369 -0.01592312 -0.0006618819
          0.03981281 -0.01562323 -0.000572619 0.03996471 -0.01541506 -0.0005086816
          0.03981394 -0.01507471 -0.0002815579 0.03954566 -0.01529928 -0.00048757
          0.03938181 -0.0149878 -0.0003662913 0.03974691 -0.01472126 0.00003273374
          0.03975544 -0.01433845 0.0004763373 0.03932556 -0.01469639 -0.00016336
          0.03937355 -0.01441171 0.0001653909 0.03980844 -0.01388418 0.001089998
          0.03984164 -0.01328842 0.001904309 0.03951335 -0.0141004 0.00066655
          0.03971027 -0.01370106 0.001390939 0.03974521 -0.01245701 0.002920123
          0.03936934 -0.01129697 0.004078095 0.03988144 -0.01311136 0.002383414
          0.03986556 -0.01218668 0.003647268 0.03857494 -0.009769782 0.005241499
          0.03731824 -0.007937255 0.006232682 0.03942964 -0.01078597 0.005082563
          0.0383761 -0.008878152 0.00645697 0.03569025 -0.005942123 0.006917069
          0.0338579 -0.003930372 0.007260326 0.03670525 -0.006612341 0.007500793
          0.03463336 -0.004233019 0.008070662 0.03196782 -0.001989325 0.007313413
          0.03009485 -0.0001379982 0.0071593 0.03242221 -0.001924854 0.008201715
          0.03022435 0.0002522475 0.008026878 0.02824445 0.001657212 0.006863347
          0.02638967 0.003467651 0.006425065 0.02805209 0.002346316 0.007675373
          0.02583182 0.004492787 0.007182255 0.0246087 0.005355411 0.005650639
          0.0235031 0.007050577 0.003905357 0.02372147 0.006803405 0.006192264
          0.02303677 0.008546512 0.003458274 0.02395103 0.007707137 0.0009078008
          0.02539658 0.007217868 -0.001838983 0.02464176 0.008398856 -0.0006052563
          0.02668856 0.007182646 -0.003235934 0.02680538 0.006357282 -0.003404905
          0.02790295 0.005514488 -0.004123186 0.02821853 0.005977722 -0.004322346
          0.02925859 0.004975262 -0.004640777 0.02869478 0.004778308 -0.004366086
          0.02922038 0.004176863 -0.004340114 0.02991276 0.004184595 -0.004591931
          0.03027267 0.003592792 -0.004366002 0.02952975 0.003713242 -0.004165442
          0.02967454 0.003374062 -0.003914813 0.03042002 0.003171112 -0.004063148
          0.03042087 0.002885757 -0.003736023 0.02970026 0.003139096 -0.003630975
          0.02964332 0.002987572 -0.003337896 0.03032454 0.002705647 -0.003410824
          0.03016629 0.0026051 -0.003099476 0.02953139 0.002900984 -0.003048322
          0.02938495 0.002863871 -0.002768565 0.02997084 0.002563873 -0.002806515
          0.02975548 0.002566291 -0.002532815 0.02921891 0.002863708 -0.002501364
          0.02904409 0.002890484 -0.002247536 0.0295323 0.002600266 -0.00227755
          0.02930979 0.002656432 -0.002039205 0.0288683 0.002936228 -0.002006912
          0.02869712 0.002994596 -0.001778851 0.02909391 0.002727486 -0.001816073
          0.02888885 0.002807681 -0.001606505 0.02853446 0.003060525 -0.001562523
          0.02838289 0.003129962 -0.001357052 0.02869746 0.00289246 -0.001409008
          0.02852154 0.002978191 -0.001222281 0.02824391 0.003199666 -0.001161591
          0.02811859 0.003267051 -0.0009753477 0.02836198 0.003061976 -0.001045215
          0.02821941 0.003141517 -0.0008768752 0.02801318 0.00333008 -0.0007975963
          0.02797503 0.003387173 -0.0006277148 0.02809971 0.003215011 -0.0007164752
          0.02804994 0.003281086 -0.000563389 0.02829707 0.003437153 -0.0004654393
          0.03061446 0.003479207 -0.0003122741 0.02836282 0.003338743 -0.0004173606
          0.03067361 0.003387337 -0.000279747 0.0438387 0.003513033 -0.0001793132
          0.1045139 0.003538798 -0.00009089266 0.04389381 0.003426734 -0.0001604419
          0.1045819 0.003457254 -0.0000810787 0.03414992 -0.01579575 -0.0004352944
          -0.02553592 -0.01549551 0.00004012341 0.04057582 -0.01605771 -0.000645823
          0.03402353 -0.01558247 -0.0004344241 -0.025739 -0.01500035 0.00002929852
          0.04047685 -0.01603732 -0.0004580298 0.04077874 -0.01616943 -0.0006083859
          0.04026408 -0.0160505 -0.0004805194 0.04049854 -0.01612763 -0.0002204891
          0.03977915 -0.01586382 -0.00007896258 0.03974138 -0.01575966 -0.0004104634
          0.03932671 -0.01541547 -0.0004140951 0.03917411 -0.01547837 -0.0001226508
          0.03875498 -0.01511555 -0.0002471655 0.03903672 -0.01509055 -0.0004346783
          0.0388628 -0.01480752 -0.0004166339 0.03847282 -0.01480932 -0.0003636976
          0.03829124 -0.01455672 -0.0004276639 0.03879823 -0.01456579 -0.0003193957
          0.03884448 -0.01435509 -0.000107892 0.03819924 -0.01435019 -0.0004155732
          0.03820438 -0.01418398 -0.0003070502 0.0390079 -0.01415563 0.0002587774
          0.03928916 -0.01392847 0.0008364455 0.03832698 -0.01405186 -0.00007357954
          0.0385949 -0.01393992 0.0003314921 0.0396596 -0.01359475 0.00169996
          0.04001286 -0.0130044 0.002928766 0.03903301 -0.01381035 0.0009852377
          0.03963113 -0.01356514 0.002008151 0.04009685 -0.01192223 0.004539955
          0.03952102 -0.01012174 0.006354696 0.04025494 -0.0129755 0.003553329
          0.04048039 -0.01162518 0.00567902 0.03800674 -0.007617653 0.007954239
          0.03570156 -0.004748393 0.008941091 0.0395916 -0.009125633 0.008027254
          0.03723904 -0.005671262 0.009791629 0.03305075 -0.001901518 0.009237073
          0.03038902 0.0007481054 0.009040999 0.03399428 -0.001995944 0.01046474
          0.03062234 0.001392147 0.01025979 0.02775683 0.003264186 0.008614185
          0.02497081 0.005927046 0.008082959 0.02727597 0.004549321 0.009729005
          0.02352284 0.008112125 0.009216989 0.02250918 0.008861121 0.006652891
          0.02319221 0.0100731 0.002037888 0.02124458 0.01170503 0.006513886
          0.02490704 0.01087503 -0.0008982516 0.02622079 0.008538092 -0.002677932
          0.0285122 0.006703628 -0.004555486 0.02872366 0.007884154 -0.004763743
          0.03075842 0.005767005 -0.005462959 0.02992652 0.005290422 -0.004991169
          0.03074792 0.004237423 -0.004885359 0.03179571 0.004336848 -0.005240579
          0.03224609 0.00336989 -0.004777904 0.03115965 0.003481076 -0.004571126
          0.03129633 0.002960446 -0.004189005 0.0323422 0.002734176 -0.004278713
          0.03222963 0.002331795 -0.003810248 0.03125554 0.002618345 -0.003801403
          0.03110405 0.002407933 -0.003434102 0.03199771 0.002092193 -0.003391215
          0.03170051 0.001966393 -0.003022341 0.03088618 0.002293588 -0.003095755
          0.0306311 0.002248971 -0.002787376 0.03137089 0.001920639 -0.002698323
          0.03102913 0.001931406 -0.002412473 0.03035811 0.002254698 -0.002506848
          0.03008009 0.002296401 -0.002251001 0.03068798 0.001981983 -0.002158422
          0.03035559 0.002060236 -0.001930649 0.02980574 0.002363292 -0.002016545
          0.029541 0.002447153 -0.001800448 0.03003727 0.00215715 -0.001724561
          0.02973651 0.002265876 -0.001536418 0.02928995 0.002541624 -0.001600071
          0.02905537 0.002641719 -0.001413189 0.02945563 0.002381108 -0.001363203
          0.02919613 0.002498662 -0.001202504 0.0288391 0.002743482 -0.001237959
          0.02864218 0.00284376 -0.001072878 0.02895894 0.002615202 -0.001052403
          0.02874441 0.002728049 -0.0009113835 0.02846494 0.002940031 -0.0009167318
          0.02830757 0.003030301 -0.0007685439 0.02855238 0.002835056 -0.0007782537
          0.02838265 0.002934522 -0.0006520829 0.02817564 0.003113017 -0.0006275324
          0.0281159 0.003187013 -0.0004931033 0.02824049 0.003025134 -0.0005321474
          0.02817242 0.003105922 -0.0004179144 0.02842089 0.003251471 -0.0003650205
          0.03072597 0.003305905 -0.0002444773 0.02847079 0.003176233 -0.0003091766
          0.03077105 0.00323573 -0.0002069506 0.04394263 0.003350338 -0.0001400848
          0.1046421 0.003385219 -0.0000706292 0.0439847 0.003284573 -0.0001184999
          0.1046938 0.003323317 -0.0000596444 0.03394593 -0.01548583 -0.0003866938
          -0.02595969 -0.01440613 -0.00004598796 0.0402494 -0.016102 0.00001417094
          0.03382545 -0.01564478 0.000009478289 -0.02620246 -0.01366381 -0.0003390049
          0.03937615 -0.01596387 0.001049895 0.03989335 -0.01594497 0.0003886589
          0.03905399 -0.01549296 0.0003460811 0.03879906 -0.01539121 0.001023832
          0.03816531 -0.01493445 0.0006482108 0.03850009 -0.01508124 0.0001253184
          0.03814572 -0.01475216 -0.0001015893 0.03780186 -0.01461215 0.0002973269
          0.03754885 -0.0143569 0.00003372666 0.03789198 -0.01448437 -0.000277772
          0.03769858 -0.01426029 -0.000389758 0.03732448 -0.01413347 -0.0001514982
          0.03710857 -0.01392929 -0.0002736229 0.03756056 -0.01407272 -0.0004336075
          0.03749202 -0.01392164 -0.0004026406 0.03690777 -0.01374357 -0.0003417494
          0.03674146 -0.01358187 -0.0003579103 0.03752053 -0.01381102 -0.0002815471
          0.03768697 -0.01374538 -0.00003962356 0.03663861 -0.01345386 -0.0003167813
          0.03664044 -0.01337323 -0.0002031252 0.03804659 -0.01372275 0.0003811142
          0.03866494 -0.01371524 0.001088242 0.03680719 -0.01335716 0.00001621307
          0.03722849 -0.01342272 0.000408354 0.03958276 -0.01361035 0.002278009
          0.04065437 -0.01304869 0.004261838 0.03803898 -0.01357147 0.00111207
          0.03941098 -0.01371043 0.002434951 0.04110379 -0.01120757 0.007222815
          0.03946594 -0.007380999 0.0103182 0.04130444 -0.01328241 0.005043976
          0.04214001 -0.0103865 0.009558782 0.03556746 -0.002416071 0.01192212
          0.03100771 0.002252437 0.01178287 0.03849234 -0.003772444 0.01348948
          0.03178995 0.003439693 0.01380618 0.02639387 0.006511159 0.01111961
          0.02092131 0.01183831 0.01069816 0.02445121 0.01003383 0.01304349
          0.01737938 0.01819298 0.0116862 0.0217054 0.01459729 0.004036621
          0.02864842 0.009992255 -0.004598557 0.02732116 0.01439714 -0.002509858
          0.03348058 0.0075697 -0.006826938 0.03187227 0.006477181 -0.006106648
          0.03318027 0.004473821 -0.005673517 0.03513027 0.004608665 -0.006142735
          0.03541953 0.003064128 -0.005066126 0.0336195 0.003241913 -0.004966225
          0.03361277 0.002480516 -0.004299833 0.03518401 0.00218552 -0.004179807
          0.0347347 0.001683078 -0.003497271 0.03337619 0.002020625 -0.00372972
          0.03302458 0.001757482 -0.003253211 0.03420425 0.00140837 -0.002969927
          0.03365229 0.00127808 -0.002554782 0.03261964 0.001625409 -0.002855075
          0.03219518 0.001582407 -0.002519632 0.03310668 0.001242752 -0.002220914
          0.03258064 0.001271508 -0.001946823 0.03177021 0.001600813 -0.002233677
          0.03135561 0.001661809 -0.001986747 0.0320804 0.001344139 -0.001717452
          0.03160874 0.001446838 -0.001522074 0.03095778 0.001752172 -0.00177072
          0.03058052 0.001862315 -0.001579321 0.03116673 0.0015698 -0.001352908
          0.0307546 0.00170581 -0.001204217 0.0302261 0.001985086 -0.001407699
          0.02989589 0.002115006 -0.001252092 0.03037221 0.001849386 -0.001071709
          0.03001923 0.001996243 -0.0009521355 0.0295907 0.00224778 -0.001109574
          0.02931096 0.002379982 -0.0009778653 0.02969527 0.002142958 -0.0008430172
          0.02939993 0.002286744 -0.0007424502 0.0290568 0.002508845 -0.0008551912
          0.02882803 0.002632125 -0.0007401736 0.02913272 0.002425313 -0.0006489701
          0.02889299 0.002556783 -0.0005614517 0.02862404 0.002748011 -0.000631748
          0.02844434 0.002855068 -0.0005290966 0.02867982 0.002679624 -0.0004790349
          0.02849245 0.002792617 -0.0004010656 0.02829392 0.002952192 -0.0004315957
          0.02821911 0.00303859 -0.0003387962 0.02833569 0.002894836 -0.0003270517
          0.02825569 0.002985626 -0.0002566439 0.02851211 0.003113754 -0.0002505267
          0.03080844 0.003177474 -0.000167615 0.02854455 0.003064602 -0.0001897109
          0.03083782 0.003131654 -0.0001268821 0.04401962 0.003230026 -0.00009592702
          0.1047368 0.003272048 -0.00004822258 0.04404709 0.003187153 -0.00007258829
          0.1047706 0.003231799 -0.00003645832 0.03229211 -0.01573751 0.002433386
          -0.02645758 -0.01297813 -0.001080919 0.03720688 -0.0148555 0.002432388
          0.02652723 -0.01321687 0.01596072 -0.02279933 -0.01720658 0.01040926
          0.03437359 -0.0134444 0.0117257 0.0374045 -0.01448665 0.001634751
          0.03727749 -0.01427767 0.001066834 0.0359653 -0.01339753 0.009808714
          0.03642237 -0.01334574 0.009140008 0.03715376 -0.01410074 0.0007178062
          0.03699641 -0.01392097 0.0004977579 0.0365407 -0.01324489 0.008859598
          0.0364689 -0.01308146 0.008680415 0.03678808 -0.0137296 0.0003507873
          0.03653636 -0.01352902 0.0002503921 0.03626397 -0.01286882 0.008531124
          0.0359646 -0.01262468 0.008395987 0.03625914 -0.01332647 0.0001847952
          0.03597864 -0.01313171 0.0001491715 0.03560041 -0.01236409 0.008271348
          0.03519545 -0.01209928 0.0081562 0.03572164 -0.01295659 0.0001436149
          0.03552183 -0.01281608 0.00017286 0.03477149 -0.01184253 0.008049876
          0.03435427 -0.01160769 0.007954392 0.03542716 -0.01273142 0.0002502601
          0.03551244 -0.01273217 0.0004059081 0.03396783 -0.01140847 0.007876355
          0.0336562 -0.01127223 0.007823672 0.03590343 -0.01286122 0.0007032032
          0.03683461 -0.0131813 0.001289483 0.03348569 -0.01123018 0.007823466
          0.0335841 -0.01133693 0.007918427 0.03877743 -0.01373694 0.002575546
          0.04235339 -0.01383377 0.006005514 0.03425676 -0.01172913 0.008218415
          0.03641665 -0.01277816 0.009092525 0.04378979 -0.007817897 0.01407225
          0.03381296 0.005095234 0.01691361 0.0437543 -0.01468405 0.01333658
          0.04078225 0.008596986 0.02877058 0.01893714 0.01830985 0.01650816
          0.02113674 0.02344091 0.005781154 0.01139143 0.03875634 0.01953824
          0.04124301 0.01321892 -0.004641044 0.03617751 0.009299499 -0.007058827
          0.03812854 0.004625805 -0.006440205 0.04292142 0.004574184 -0.005446021
          0.04119488 0.002464793 -0.003758672 0.03786561 0.002790214 -0.00488152
          0.0371482 0.001846812 -0.003758351 0.03956816 0.001534718 -0.002650212
          0.03819956 0.001046695 -0.00198152 0.0363419 0.001334382 -0.002993261
          0.03554863 0.001065487 -0.002454354 0.0370389 0.0007922991 -0.001554084
          0.036036 0.0006794475 -0.001262083 0.03479903 0.0009453142 -0.002058046
          0.03410079 0.0009209294 -0.001755419 0.03515432 0.0006590937 -0.001051459
          0.03436845 0.0007017423 -0.0008928187 0.03345366 0.0009605423 -0.001516984
          0.03285481 0.00104384 -0.001324088 0.03366069 0.0007881996 -0.0007690756
          0.0330184 0.0009053059 -0.0006697086 0.03230085 0.001157145 -0.001164411
          0.03178855 0.001290827 -0.00102952 0.0324324 0.00104367 -0.0005879178
          0.03189588 0.001196349 -0.0005191264 0.03131513 0.001437831 -0.0009134748
          0.03087825 0.001592805 -0.0008119866 0.03140374 0.00135804 -0.0004601502
          0.0309521 0.001524564 -0.0004087137 0.03047601 0.001751561 -0.0007219003
          0.03010689 0.001910727 -0.0006408579 0.03053803 0.001692539 -0.0003631552
          0.03015927 0.001859163 -0.0003222405 0.02976964 0.002067536 -0.0005670772
          0.02946325 0.002219684 -0.0004992008 0.0298141 0.002022077 -0.0002850415
          0.02950113 0.002179273 -0.0002508542 0.02918679 0.00236524 -0.0004361918
          0.02893932 0.002502594 -0.0003772585 0.02921917 0.002329041 -0.0002191426
          0.02896708 0.002469937 -0.000189499 0.02871966 0.002630423 -0.0003217991
          0.02852688 0.002747672 -0.0002693593 0.02874355 0.002600766 -0.0001616143
          0.02854755 0.002720573 -0.0001352562 0.02836563 0.002853541 -0.0002195999
          0.02828196 0.002947484 -0.0001722826 0.02838363 0.002828637 -0.0001102521
          0.02829777 0.002924478 -0.00008648126 0.02856787 0.003029202 -0.0001273188
          0.03085898 0.00309866 -0.00008513208 0.02858192 0.003007848 -0.0000638992
          0.03087173 0.003078759 -0.00004271879 0.04406687 0.003156297 -0.00004869082
          0.1047949 0.003202856 -0.00002444226 0.04407881 0.003137692 -0.0000244282
          0.1048096 0.003185417 -0.00001225896 0.04779294 0.007528862 -3.118344e-7
          0.03982982 0.0427302 -0.000001365453 0.041243 0.01321959 0.004640695
          0.01138887 0.03875822 -0.01953941 0.04496844 0.002904905 -7.543155e-8
          0.04222806 0.001656801 -4.810536e-8 0.0429216 0.004574148 0.005445967
          0.04119494 0.002464765 0.00375861 0.0401502 0.001080528 -5.148381e-8
          0.0385531 0.0007683999 -6.042676e-8 0.03956819 0.001534708 0.002650123
          0.03819956 0.001046694 0.001981406 0.03727067 0.0006073537 -6.80626e-8
          0.03619755 0.0005487456 -7.323648e-8 0.03703889 0.0007923036 0.001553952
          0.03603598 0.0006794542 0.001261939 0.03527211 0.0005625369 -7.600407e-8
          0.03445726 0.0006279763 -7.653395e-8 0.0351543 0.0006591013 0.001051308
          0.03436843 0.0007017495 0.0008926663 0.03372942 0.0007303071 -7.495069e-8
          0.03307273 0.0008588387 -7.135938e-8 0.03366067 0.0007882057 0.0007689259
          0.03301838 0.0009053105 0.0006695658 0.0324761 0.001005651 -6.58905e-8
          0.03193154 0.001164723 -5.873063e-8 0.03243238 0.001043673 0.0005877856
          0.03189587 0.00119635 0.0005190082 0.03143318 0.001331348 -5.013593e-8
          0.03097664 0.001501747 -4.04311e-8 0.03140372 0.001358038 0.000460049
          0.03095208 0.001524561 0.0004086318 0.03055864 0.001672812 -2.999736e-8
          0.0301767 0.001841934 -1.925339e-8 0.03053802 0.001692535 0.0003630941
          0.03015927 0.001859158 0.0003222009 0.02982889 0.00200689 -8.63357e-9
          0.02951373 0.002165773 1.432985e-9 0.0298141 0.002022072 0.0002850232
          0.02950112 0.002179267 0.0002508561 0.02922995 0.002316948 1.053923e-8
          0.02897633 0.002459027 1.831167e-8 0.02921917 0.002329036 0.0002191628
          0.02896708 0.002469933 0.0001895348 0.02875152 0.002590857 2.441662e-8
          0.02855444 0.002711518 2.856264e-8 0.02874355 0.002600764 0.0001616625
          0.02854755 0.002720572 0.0001353129 0.02838964 0.002820316 3.050191e-8
          0.02830304 0.00291679 3.003529e-8 0.02838363 0.002828639 0.0001103128
          0.02829776 0.002924482 0.00008654117 0.02858661 0.003000713 2.703773e-8
          0.03087599 0.003072112 2.15861e-8 0.02858192 0.003007855 0.00006395323
          0.03087172 0.003078769 0.00004276199 0.04408279 0.003131479 1.460682e-8
          0.1048144 0.003179596 8.349179e-9 0.0440788 0.003137704 0.00002445749
          0.1048095 0.003185432 0.00001227581 -0.02279932 -0.01720657 -0.01040924
          0.02652721 -0.01321686 -0.0159607 0.03229207 -0.0157375 -0.002433383
          -0.02645757 -0.01297812 0.001080922 0.03437357 -0.01344439 -0.01172568
          0.03720684 -0.01485549 -0.002432383 0.03382541 -0.01564477 -0.000009478626
          -0.02620245 -0.01366381 0.0003390062 0.03937611 -0.01596385 -0.001049893
          0.03596527 -0.01339752 -0.009808702 0.03740447 -0.01448664 -0.001634746
          0.03642235 -0.01334572 -0.009139996 0.03727747 -0.01427766 -0.001066829
          0.03879903 -0.0153912 -0.001023829 0.03816528 -0.01493444 -0.0006482073
          0.03654068 -0.01324488 -0.008859586 0.03715373 -0.01410073 -0.0007178011
          0.03646888 -0.01308145 -0.008680402 0.03699638 -0.01392096 -0.0004977522
          0.03780183 -0.01461214 -0.0002973226 0.03754882 -0.01435689 -0.00003372128
          0.03626395 -0.01286881 -0.008531111 0.03678805 -0.01372959 -0.000350781
          0.03596457 -0.01262467 -0.008395974 0.03653634 -0.01352901 -0.000250385
          0.03732445 -0.01413346 0.0001515048 0.03710854 -0.01392928 0.0002736307
          0.03560039 -0.01236408 -0.008271334 0.03625912 -0.01332646 -0.0001847872
          0.03519543 -0.01209928 -0.008156186 0.03597861 -0.0131317 -0.000149163
          0.03690774 -0.01374356 0.0003417585 0.03674143 -0.01358186 0.0003579202
          0.03477147 -0.01184252 -0.008049861 0.03572162 -0.01295658 -0.0001436062
          0.03435425 -0.01160768 -0.007954378 0.0355218 -0.01281607 -0.0001728517
          0.03663858 -0.01345385 0.0003167915 0.0366404 -0.01337321 0.0002031344
          0.03396782 -0.01140847 -0.007876342 0.03542714 -0.01273141 -0.0002502533
          0.03365619 -0.01127223 -0.00782366 0.03551242 -0.01273215 -0.0004059043
          0.03680716 -0.01335715 -0.0000162064 0.03722845 -0.0134227 -0.0004083522
          0.03348569 -0.01123018 -0.007823457 0.03590342 -0.01286121 -0.0007032046
          0.03358412 -0.01133694 -0.007918422 0.03683461 -0.0131813 -0.001289493
          0.03803894 -0.01357145 -0.001112077 0.03941095 -0.0137104 -0.00243497
          0.03425681 -0.01172915 -0.008218418 0.03877744 -0.01373694 -0.002575571
          0.03641675 -0.0127782 -0.00909254 0.04235343 -0.01383377 -0.006005568
          0.04130442 -0.01328237 -0.005044015 0.04213997 -0.01038644 -0.009558846
          0.0437545 -0.01468414 -0.01333663 0.04378983 -0.007817842 -0.01407236
          0.04078227 0.008597279 -0.02877064 0.03381293 0.005095307 -0.01691361
          0.03849226 -0.003772357 -0.01348953 0.03178988 0.003439737 -0.01380618
          0.01893672 0.01831003 -0.01650827 0.02113468 0.02344256 -0.005782799
          0.02445115 0.01003376 -0.01304352 0.01737814 0.0181936 -0.01168726
          0.0361776 0.009299724 0.00705888 0.03812865 0.004625795 0.006440271
          0.02732039 0.01439805 0.002509264 0.03348054 0.00756986 0.006827014
          0.03786565 0.002790211 0.004881488 0.03714819 0.001846819 0.003758263
          0.03513028 0.004608708 0.006142756 0.03541951 0.003064158 0.005066072
          0.03634188 0.001334395 0.002993142 0.0355486 0.001065503 0.002454217
          0.03518397 0.002185549 0.004179708 0.03473465 0.001683107 0.003497146
          0.03479899 0.0009453306 0.0020579 0.03410075 0.0009209447 0.001755269
          0.03420419 0.001408398 0.002969787 0.03365223 0.001278105 0.002554635
          0.03345362 0.0009605552 0.001516835 0.03285477 0.00104385 0.001323944
          0.03310661 0.001242773 0.002220766 0.03258058 0.001271524 0.001946679
          0.03230081 0.001157151 0.001164277 0.03178852 0.001290829 0.0010294
          0.03208034 0.001344149 0.001717316 0.03160869 0.001446842 0.001521951
          0.03131511 0.001437829 0.0009133711 0.03087823 0.0015928 0.0008119018
          0.03116668 0.001569799 0.0013528 0.03075457 0.001705803 0.001204127
          0.03047599 0.001751553 0.000721836 0.03010687 0.001910717 0.000640815
          0.03037218 0.001849375 0.001071639 0.0300192 0.001996229 0.000952087
          0.02976963 0.002067525 0.0005670555 0.02946324 0.002219673 0.0004991996
          0.02969526 0.002142943 0.00084299 0.02939992 0.002286729 0.0007424438
          0.02918679 0.002365231 0.0004362093 0.02893932 0.002502587 0.0003772921
          0.02913271 0.002425299 0.0006489829 0.02889298 0.002556772 0.0005614814
          0.02871965 0.002630419 0.0003218455 0.02852687 0.002747671 0.0002694146
          0.02867981 0.002679617 0.0004790782 0.02849245 0.002792616 0.0004011186
          0.02836563 0.002853545 0.0002196597 0.02828195 0.002947493 0.000172342
          0.02833569 0.002894841 0.0003271101 0.02825568 0.002985639 0.0002567026
          0.02856786 0.003029216 0.0001273727 0.03085896 0.003098679 0.00008517537
          0.02854453 0.003064623 0.0001897646 0.0308378 0.003131683 0.0001269256
          0.04406686 0.003156322 0.00004872034 0.1047949 0.003202887 0.00002445957
          0.04404707 0.003187191 0.00007261822 0.1047705 0.003231845 0.00003647643
          0.03394589 -0.01548581 0.0003866931 -0.02595968 -0.01440611 0.00004598883
          0.04024936 -0.01610199 -0.00001417141 0.0340235 -0.01558246 0.0004344235
          -0.025739 -0.01500034 -0.00002929764 0.04047682 -0.01603731 0.0004580286
          0.03989332 -0.01594496 -0.000388658 0.03905395 -0.01549294 -0.0003460786
          0.0404985 -0.01612762 0.000220489 0.03977912 -0.01586381 0.00007896431
          0.03850006 -0.01508123 -0.0001253142 0.03814569 -0.01475215 0.0001015951
          0.03917408 -0.01547836 0.0001226549 0.03875495 -0.01511554 0.0002471723
          0.03789194 -0.01448435 0.0002777798 0.03769855 -0.01426028 0.0003897678
          0.03847278 -0.01480931 0.0003637072 0.03829121 -0.01455671 0.0004276765
          0.03756052 -0.0140727 0.0004336191 0.03749198 -0.01392162 0.0004026536
          0.0381992 -0.01435018 0.0004155885 0.03820434 -0.01418396 0.0003070675
          0.03752049 -0.013811 0.0002815604 0.03768692 -0.01374536 0.00003963569
          0.03832693 -0.01405184 0.00007359755 0.03859484 -0.01393989 -0.0003314752
          0.03804654 -0.01372272 -0.0003811054 0.03866489 -0.01371521 -0.00108824
          0.03903294 -0.01381031 -0.0009852243 0.03963106 -0.01356509 -0.002008144
          0.0395827 -0.01361031 -0.002278016 0.04065431 -0.01304864 -0.004261859
          0.04025486 -0.01297545 -0.003553332 0.04048028 -0.0116251 -0.005679032
          0.04110371 -0.01120749 -0.00722285 0.03946583 -0.007380909 -0.01031824
          0.03959147 -0.009125542 -0.008027271 0.03723889 -0.005671164 -0.009791643
          0.03556734 -0.002415984 -0.01192215 0.0310076 0.002252483 -0.01178288
          0.03399413 -0.001995857 -0.01046475 0.0306222 0.001392201 -0.01025982
          0.0263938 0.006511124 -0.01111967 0.02092087 0.0118384 -0.01069865
          0.02727587 0.004549326 -0.009729078 0.02352262 0.008112131 -0.00921728
          0.02170427 0.01459809 -0.00403772 0.02864808 0.009992683 0.004598463
          0.02124379 0.01170543 -0.00651475 0.0249064 0.0108756 0.0008977816
          0.03187217 0.006477325 0.006106695 0.0331802 0.004473898 0.005673496
          0.0287234 0.007884424 0.004763713 0.03075828 0.005767148 0.005462945
          0.03361942 0.003241971 0.004966148 0.03361269 0.002480565 0.004299722
          0.03179558 0.004336946 0.005240518 0.03224597 0.003369967 0.004777806
          0.0333761 0.002020668 0.003729588 0.03302449 0.001757519 0.003253069
          0.03234209 0.002734239 0.00427859 0.03222952 0.002331848 0.003810111
          0.03261955 0.00162544 0.002854929 0.0321951 0.00158243 0.002519488
          0.0319976 0.002092236 0.003391072 0.0317004 0.001966427 0.003022196
          0.03177013 0.001600829 0.002233539 0.03135554 0.001661817 0.00198662
          0.03137079 0.001920663 0.002698182 0.03102904 0.001931419 0.002412341
          0.03095772 0.001752172 0.001770606 0.03058047 0.001862308 0.001579224
          0.0306879 0.001981986 0.002158302 0.03035553 0.00206023 0.001930544
          0.03022606 0.001985073 0.001407621 0.02989586 0.002114989 0.001252035
          0.03003722 0.002157136 0.001724474 0.02973647 0.002265856 0.001536351
          0.02959068 0.00224776 0.001109539 0.02931094 0.002379962 0.0009778514
          0.0294556 0.002381084 0.001363157 0.02919611 0.002498637 0.00120248
          0.02905679 0.002508826 0.0008551972 0.02882802 0.00263211 0.0007401974
          0.02895893 0.002615179 0.0010524 0.0287444 0.00272803 0.0009113994
          0.02862404 0.002748001 0.0006317867 0.02844434 0.002855065 0.0005291462
          0.02855237 0.002835043 0.000778286 0.02838265 0.002934518 0.0006521278
          0.02829392 0.002952199 0.0004316518 0.0282191 0.003038606 0.0003388537
          0.02824048 0.003025141 0.0005322005 0.0281724 0.00310594 0.0004179702
          0.02851209 0.003113781 0.0002505801 0.03080841 0.003177511 0.0001676587
          0.02847077 0.003176265 0.0003092295 0.03077102 0.003235776 0.0002069947
          0.04401959 0.003230075 0.00009595756 0.1047367 0.003272109 0.00004824187
          0.04398466 0.003284635 0.0001185313 0.1046938 0.003323393 0.00005966531
          0.03414989 -0.01579574 0.0004352938 -0.02553592 -0.0154955 -0.00004012239
          0.04057578 -0.0160577 0.0006458216 0.03430744 -0.01606 0.0004308735
          -0.02534647 -0.01594175 -0.00003868344 0.04067825 -0.01616677 0.0007213176
          0.0407787 -0.01616942 0.0006083853 0.04026404 -0.01605049 0.0004805209
          0.04093355 -0.01621224 0.0008127933 0.04056016 -0.01613589 0.0007617156
          0.03974134 -0.01575965 0.0004104679 0.03932668 -0.01541546 0.0004141032
          0.04016365 -0.01592311 0.0006618873 0.03981277 -0.01562322 0.0005726292
          0.03903668 -0.01509054 0.0004346905 0.03886276 -0.01480751 0.0004166502
          0.03954562 -0.01529928 0.0004875855 0.03938177 -0.01498779 0.0003663124
          0.03879818 -0.01456578 0.0003194158 0.03884443 -0.01435507 0.000107915
          0.03932551 -0.01469638 0.0001633862 0.03937349 -0.01441169 -0.0001653606
          0.03900784 -0.01415561 -0.000258753 0.03928909 -0.01392843 -0.0008364217
          0.03951328 -0.01410037 -0.0006665172 0.03971019 -0.01370102 -0.001390906
          0.03965951 -0.01359471 -0.001699939 0.04001276 -0.01300434 -0.00292875
          0.03988133 -0.0131113 -0.002383383 0.03986543 -0.01218661 -0.00364724
          0.04009673 -0.01192215 -0.004539946 0.03952088 -0.01012165 -0.006354693
          0.0394295 -0.01078588 -0.00508254 0.03837593 -0.008878052 -0.00645695
          0.03800658 -0.007617552 -0.007954238 0.03570139 -0.004748292 -0.00894109
          0.03670507 -0.006612234 -0.007500775 0.03463317 -0.004232913 -0.00807065
          0.03305058 -0.001901428 -0.009237078 0.03038886 0.0007481732 -0.009041026
          0.03242203 -0.001924756 -0.008201717 0.03022417 0.0002523311 -0.00802691
          0.02775669 0.003264225 -0.008614267 0.02497062 0.005927073 -0.008083183
          0.02805191 0.002346382 -0.007675459 0.02583162 0.004492846 -0.007182446
          0.02250869 0.00886131 -0.006653466 0.02319151 0.01007357 -0.002038532
          0.02372112 0.006803533 -0.006192673 0.02303618 0.008546845 -0.003458865
          0.02622037 0.008538462 0.00267774 0.02851196 0.006703843 0.004555435
          0.02464124 0.008399247 0.0006049064 0.02668821 0.007182923 0.003235808
          0.02992633 0.005290568 0.004991108 0.03074776 0.004237533 0.004885269
          0.02821827 0.005977915 0.004322265 0.02925838 0.004975409 0.004640684
          0.0311595 0.003481164 0.004571012 0.03129618 0.002960519 0.004188874
          0.02991257 0.004184712 0.004591819 0.03027249 0.003592888 0.004365875
          0.03125539 0.002618404 0.003801262 0.03110391 0.00240798 0.003433958
          0.03041984 0.00317119 0.004063011 0.03042071 0.002885819 0.00373588
          0.03088605 0.002293622 0.003095612 0.03063099 0.002248992 0.002787239
          0.03032439 0.002705694 0.00341068 0.03016614 0.002605132 0.003099335
          0.03035801 0.002254707 0.00250672 0.03008 0.002296398 0.002250887
          0.02997071 0.00256389 0.00280638 0.02975536 0.002566295 0.00253269
          0.02980567 0.002363279 0.002016447 0.02954094 0.002447132 0.001800368
          0.0295322 0.002600257 0.002277439 0.02930971 0.002656412 0.00203911
          0.02928991 0.002541597 0.001600013 0.02905535 0.00264169 0.001413152
          0.02909385 0.002727459 0.001815999 0.02888881 0.002807649 0.001606453
          0.02883909 0.002743455 0.001237944 0.02864217 0.002843736 0.001072884
          0.02869743 0.002892427 0.001408978 0.02852152 0.002978162 0.001222273
          0.02846493 0.002940015 0.0009167558 0.02830757 0.003030294 0.0007685826
          0.02836197 0.003061955 0.001045228 0.0282194 0.003141507 0.0008769058
          0.02817563 0.003113023 0.0006275814 0.02811588 0.003187034 0.0004931571
          0.0280997 0.003215016 0.0007165188 0.02804992 0.003281108 0.00056344
          0.02842086 0.003251508 0.0003650728 0.03072593 0.003305959 0.0002445219
          0.02836279 0.003338784 0.0004174122 0.03067356 0.003387399 0.0002797924
          0.04394258 0.003350411 0.0001401174 0.104642 0.00338531 0.00007065227
          0.04389375 0.003426818 0.000160476 0.1045818 0.003457361 0.00008110458
          0.03447967 -0.01634626 0.0004240544 -0.02516682 -0.01636251 -0.00003619627
          0.04079879 -0.01632883 0.0007466021 0.03465594 -0.01663861 0.0004133691
          -0.02499473 -0.01676573 -0.00003376623 0.04092984 -0.01651593 0.0007429464
          0.04105381 -0.01628761 0.0009048053 0.04075017 -0.01618764 0.0009169679
          0.04116511 -0.01638693 0.0009283426 0.04088589 -0.01623181 0.0009744751
          0.04045596 -0.01600148 0.0008275115 0.04018766 -0.01573368 0.0006850854
          0.04065243 -0.01602724 0.0008988611 0.04045093 -0.01575974 0.0007288817
          0.03996467 -0.01541505 0.0005087016 0.03981389 -0.01507471 0.0002815851
          0.04027199 -0.01543254 0.0004850387 0.04013006 -0.01505579 0.0001665956
          0.03974685 -0.01472125 -0.00003269984 0.03975537 -0.01433843 -0.0004762978
          0.04003307 -0.01463008 -0.0002470118 0.03996641 -0.01413579 -0.0007846583
          0.03980836 -0.01388415 -0.001089955 0.03984154 -0.01328837 -0.001904264
          0.0398865 -0.01353037 -0.001469992 0.03971778 -0.01275321 -0.002306103
          0.03974509 -0.01245694 -0.002920078 0.0393692 -0.01129689 -0.004078053
          0.039359 -0.01174182 -0.003258 0.03871048 -0.01046153 -0.004242315
          0.03857477 -0.009769686 -0.00524146 0.03731806 -0.007937148 -0.006232647
          0.03772026 -0.008934499 -0.005142083 0.036417 -0.007240688 -0.00584967
          0.03569005 -0.00594201 -0.006917039 0.03385769 -0.003930259 -0.007260308
          0.03489598 -0.005482798 -0.006308836 0.03326868 -0.003743442 -0.006523954
          0.03196762 -0.001989217 -0.007313414 0.03009464 -0.0001378977 -0.007159334
          0.03161844 -0.002064532 -0.006538 0.02998502 -0.0004501029 -0.006402041
          0.02824424 0.001657304 -0.006863432 0.02638945 0.00346774 -0.006425235
          0.02837252 0.001123126 -0.006149032 0.02677414 0.0026954 -0.00576595
          0.02460839 0.005355534 -0.005650956 0.02350262 0.007050821 -0.003905839
          0.02524126 0.004298273 -0.00513272 0.0240726 0.005819536 -0.003911268
          0.0239505 0.007707488 -0.0009082209 0.02539616 0.007218181 0.001838767
          0.02384995 0.006803808 -0.00178671 0.02462612 0.00690656 0.0006349551
          0.02680506 0.006357518 0.003404783 0.02790268 0.005514671 0.00412308
          0.02573965 0.006450424 0.002415696 0.02676014 0.005835536 0.003441141
          0.02869454 0.004778455 0.004365972 0.02922016 0.004176983 0.004339989
          0.02758458 0.005222143 0.003951274 0.02820263 0.004670588 0.004134843
          0.02952954 0.003713341 0.004165307 0.02967434 0.003374143 0.003914671
          0.0286298 0.004209199 0.004112805 0.02889532 0.003845583 0.003966113
          0.02970007 0.00313916 0.00363083 0.02964314 0.002987619 0.00333775
          0.02903304 0.003573915 0.003748508 0.02907488 0.003381941 0.003494265
          0.02953124 0.002901014 0.003048179 0.02938481 0.002863884 0.00276843
          0.0290479 0.003255635 0.003224371 0.0289737 0.003181609 0.002951226
          0.02921879 0.002863707 0.002501239 0.02904399 0.002890468 0.002247425
          0.02886891 0.003148092 0.002681896 0.02874611 0.003145168 0.002420222
          0.02886823 0.002936202 0.002006819 0.02869707 0.002994563 0.001778779
          0.02861461 0.003164668 0.002168132 0.02848124 0.00319994 0.001926433
          0.02853442 0.003060489 0.001562475 0.02838287 0.003129928 0.001357028
          0.02835091 0.0032456 0.001695287 0.02822694 0.003297303 0.001474485
          0.0282439 0.003199639 0.001161591 0.02811858 0.003267037 0.0009753679
          0.02811138 0.003351543 0.001263609 0.02800577 0.003405507 0.001062127
          0.02801317 0.003330081 0.0007976331 0.02797501 0.003387195 0.0006277622
          0.02791669 0.003456953 0.0008694469 0.0278918 0.003504121 0.0006849884
          0.02829704 0.003437197 0.00046549 0.0306144 0.003479276 0.0003123205
          0.02822424 0.003545661 0.0005084907 0.03054905 0.003580599 0.0003415847
          0.04383863 0.003513128 0.0001793495 0.1045138 0.003538919 0.0000909222
          0.04377779 0.003608454 0.000196464 0.1044386 0.003629217 0.0001000064
          0.03482909 -0.01692652 0.0003975837 -0.02482969 -0.01715233 -0.00003110757
          0.04106203 -0.01670925 0.0007184576 0.03499373 -0.01720198 0.000376081
          -0.02467252 -0.01751996 -0.00002805109 0.04118746 -0.01689594 0.0006771674
          0.04126946 -0.01649471 0.0009065502 0.04098858 -0.01627032 0.0009621084
          0.04136226 -0.01659762 0.0008525114 0.04106348 -0.01629716 0.0009008512
          0.04077975 -0.01601778 0.0008902034 0.04061474 -0.01571841 0.000702794
          0.04085203 -0.01597898 0.0008221488 0.04069251 -0.01562335 0.0006202583
          0.04046121 -0.01535927 0.0004135211 0.04031381 -0.01493255 0.00002839276
          0.04053754 -0.01520977 0.0003029641 0.04036418 -0.01471912 -0.0001212732
          0.04016836 -0.01442745 -0.0004576929 0.04000306 -0.0138218 -0.001054465
          0.04015489 -0.01413221 -0.0006455424 0.03988271 -0.01342723 -0.001261351
          0.03977147 -0.01308065 -0.001763364 0.03940655 -0.01216462 -0.002563574
          0.03950701 -0.01258105 -0.001950681 0.03898065 -0.01157704 -0.002678616
          0.03883732 -0.01104737 -0.003403494 0.03801617 -0.009734435 -0.004206014
          0.03826612 -0.01041614 -0.0033932 0.03735247 -0.009123379 -0.004035765
          0.03694295 -0.008269758 -0.004890544 0.03566681 -0.006721609 -0.005400459
          0.03626217 -0.007743558 -0.004557444 0.03504264 -0.006327527 -0.004932
          0.03426322 -0.005157069 -0.005717621 0.03280392 -0.003622537 -0.005857204
          0.03374856 -0.004917765 -0.005157998 0.03242609 -0.003540555 -0.005251548
          0.0313379 -0.002138313 -0.005851171 0.02988797 -0.000702974 -0.005730967
          0.03110517 -0.002205588 -0.005235489 0.02979986 -0.0009096241 -0.005129267
          0.02845815 0.0006997944 -0.005512612 0.02705028 0.002093952 -0.005179846
          0.02851421 0.0003589976 -0.004939941 0.02725353 0.001615193 -0.004651682
          0.02570246 0.003495201 -0.004652581 0.02457971 0.004848548 -0.003737318
          0.02604729 0.002866698 -0.004208645 0.02499572 0.004082222 -0.003492362
          0.02403264 0.005914746 -0.002207292 0.02427294 0.006391433 -0.000249283
          0.0243105 0.005131237 -0.002353457 0.02419327 0.005803572 -0.0008220444
          0.02501423 0.006313155 0.001499186 0.02586178 0.005955165 0.002701519
          0.02457919 0.006019259 0.0007430736 0.02520241 0.005910597 0.001990385
          0.02663315 0.005505373 0.003420073 0.02727222 0.005049064 0.003792675
          0.02586069 0.005640529 0.002841806 0.02646262 0.005306563 0.003363389
          0.02776487 0.004631103 0.003925703 0.02811722 0.004275267 0.00389684
          0.02697062 0.00496336 0.003635173 0.02737166 0.004644552 0.003723442
          0.0283473 0.003989747 0.003763071 0.02847797 0.003772475 0.003564834
          0.02766804 0.004368992 0.003681399 0.02787137 0.004144147 0.003550584
          0.02853204 0.003615961 0.003329644 0.02852974 0.003510639 0.003075583
          0.02799746 0.003969808 0.003362057 0.02806282 0.003841394 0.003138121
          0.02848783 0.003446789 0.00281422 0.02841966 0.003415492 0.002552805
          0.02808258 0.003752352 0.00289432 0.02806967 0.003695654 0.002641259
          0.02833552 0.003408984 0.002295778 0.02824316 0.003420716 0.002045773
          0.02803457 0.003664613 0.002386058 0.02798546 0.003653272 0.002133413
          0.02814828 0.003445263 0.001804253 0.02805483 0.003478175 0.00157192
          0.02792851 0.003656515 0.001886336 0.02786812 0.003670048 0.001646656
          0.02796537 0.003515824 0.00134897 0.02788181 0.003555264 0.001135258
          0.02780717 0.00369031 0.001415354 0.02774786 0.003714364 0.001192796
          0.02781107 0.003594118 0.0009304037 0.02780107 0.003630488 0.0007339161
          0.02769735 0.003739803 0.0009788977 0.0277038 0.003764666 0.0007732963
          0.02814517 0.003662887 0.0005455493 0.03047823 0.003690192 0.0003670343
          0.02806071 0.003787372 0.0005757666 0.03040277 0.003806679 0.0003881013
          0.04371191 0.003711742 0.0002115351 0.104357 0.00372733 0.0001082653
          0.04364172 0.003821754 0.0002242766 0.1042699 0.003832167 0.0001156238
          0.03514558 -0.01745854 0.0003488549 -0.02452475 -0.01786469 -0.0000245958
          0.04130006 -0.01706709 0.0006221101 0.03528124 -0.01769101 0.0003164877
          -0.02438823 -0.01818211 -0.00002083394 0.04139545 -0.01721675 0.0005564096
          0.0414381 -0.01668608 0.0007751642 0.04110981 -0.01630601 0.00080656
          0.04149277 -0.01675413 0.0006819647 0.04112587 -0.01629303 0.0006921574
          0.04087548 -0.01591219 0.0007147775 0.04069536 -0.0154849 0.0005007349
          0.04085361 -0.0158188 0.0005858277 0.04063325 -0.01531233 0.0003639696
          0.04051303 -0.01500122 0.0001698238 0.04029393 -0.01443765 -0.0002676434
          0.04040372 -0.01475132 0.00003233363 0.040125 -0.01411305 -0.0003966257
          0.04001144 -0.01377236 -0.0007964631 0.03963764 -0.01298716 -0.001395277
          0.03976736 -0.01337796 -0.0009027582 0.03930593 -0.01253354 -0.001458291
          0.03914233 -0.01207077 -0.00203413 0.03849959 -0.01102366 -0.002673814
          0.03872148 -0.01157758 -0.002029222 0.03800454 -0.01052015 -0.002578666
          0.03769777 -0.00986187 -0.003270192 0.03674623 -0.008615925 -0.003783118
          0.03715931 -0.00938277 -0.003072235 0.03620394 -0.008194224 -0.003483854
          0.03567376 -0.007323807 -0.004185464 0.03451956 -0.006021531 -0.004467256
          0.0351663 -0.006984357 -0.003799456 0.03407711 -0.00577835 -0.004017033
          0.03332221 -0.004735967 -0.004633568 0.03211192 -0.003482207 -0.004698462
          0.03296369 -0.004593455 -0.004143552 0.03184634 -0.003438475 -0.004190458
          0.03090773 -0.002264609 -0.004678096 0.02971888 -0.001079539 -0.004584565
          0.03073766 -0.002315067 -0.004169215 0.02964413 -0.001219761 -0.004087391
          0.02854932 0.00008152616 -0.00442021 0.02740549 0.001228244 -0.004170958
          0.02856948 -0.0001461908 -0.003944925 0.02752021 0.0009121254 -0.003729845
          0.02631058 0.002364348 -0.003796706 0.02533009 0.003470015 -0.00322084
          0.02651477 0.001956908 -0.003412744 0.02559837 0.002974693 -0.002941918
          0.02459641 0.004469681 -0.002345591 0.0242639 0.005227071 -0.001152847
          0.02485749 0.003919017 -0.002252141 0.02440307 0.004702275 -0.001315412
          0.02436309 0.005641478 0.0001752867 0.02475375 0.00574668 0.001365377
          0.02429397 0.005237242 -0.0002184203 0.02447524 0.005507889 0.000854557
          0.02526457 0.00565271 0.002272837 0.02578828 0.005451832 0.002894509
          0.02482741 0.005571854 0.001752682 0.02524834 0.005502235 0.002425131
          0.02627044 0.005202532 0.003276654 0.02668404 0.004943096 0.003469213
          0.02567501 0.005354857 0.002883826 0.02607121 0.005168812 0.003159914
          0.02701846 0.004698749 0.00351688 0.02727431 0.004484173 0.003457893
          0.02641707 0.004971985 0.003287119 0.02670419 0.004783386 0.003297474
          0.02745926 0.004305787 0.003323509 0.02758441 0.004164291 0.003138126
          0.02693239 0.004614443 0.003219599 0.02710671 0.004470576 0.003077743
          0.02766173 0.004056956 0.002920094 0.02770249 0.003979354 0.002682847
          0.02723493 0.004352959 0.002891533 0.02732561 0.004260133 0.002676321
          0.02771647 0.003926494 0.002436031 0.02771167 0.003893507 0.002186452
          0.02738697 0.004189255 0.002443806 0.02742616 0.004136966 0.002202716
          0.02769429 0.003875975 0.0019388 0.02766888 0.003870062 0.001696186
          0.02744898 0.00409992 0.001959404 0.02745974 0.00407505 0.001718331
          0.02763847 0.003872511 0.001460522 0.02760535 0.003880582 0.001232803
          0.02746135 0.004059665 0.001482441 0.02745604 0.004051442 0.001253451
          0.02757683 0.003891979 0.001013316 0.02760115 0.003904782 0.0008018607
          0.027451 0.00404838 0.001032091 0.02749449 0.004048739 0.0008183554
          0.02797194 0.00391739 0.0005982288 0.03032363 0.003928481 0.0004042175
          0.02788008 0.004050996 0.0006120302 0.03024192 0.004053815 0.0004148328
          0.0435681 0.003937066 0.0002344172 0.1041783 0.003942457 0.0001220386
          0.04349199 0.004056067 0.0002417156 0.1040831 0.00405675 0.0001275106
          0.03539834 -0.01789563 0.0002800899 -0.02426474 -0.01846806 -0.00001690597
          0.04147096 -0.01734143 0.000483589 0.03549558 -0.01807014 0.0002411768
          -0.02415571 -0.0187193 -0.00001295029 0.04152562 -0.01743987 0.0004075011
          0.04152398 -0.01679903 0.0005798835 0.04111137 -0.01625748 0.0005687787
          0.04153159 -0.01682078 0.0004755745 0.04106818 -0.01620142 0.000446075
          0.04079041 -0.01570218 0.0004503287 0.04051674 -0.01511528 0.000226985
          0.0406917 -0.01556768 0.000320421 0.04035767 -0.01490379 0.0001027299
          0.04022796 -0.01447711 -0.00009388569 0.03988354 -0.01376875 -0.0004979082
          0.04000496 -0.01419389 -0.0001979838 0.03959573 -0.01342422 -0.0005662081
          0.03945539 -0.01297563 -0.0009628589 0.03892394 -0.01209102 -0.001459819
          0.03910607 -0.01258566 -0.0009798587 0.03852204 -0.01167614 -0.001412186
          0.03827896 -0.01111836 -0.00195637 0.03752122 -0.01007127 -0.002421149
          0.0378396 -0.01070181 -0.001835281 0.03706468 -0.009676144 -0.002224134
          0.03666253 -0.00897091 -0.002828489 0.03572323 -0.007841467 -0.003161656
          0.03621139 -0.008617204 -0.002559969 0.03529884 -0.007543951 -0.002831863
          0.03472767 -0.00670553 -0.00341372 0.0336996 -0.005580752 -0.003586082
          0.03434733 -0.006473058 -0.003036445 0.03337526 -0.005416947 -0.003176154
          0.03265874 -0.004478454 -0.003685579 0.03161922 -0.003403864 -0.003721219
          0.03239725 -0.004383191 -0.003256862 0.03142355 -0.003374932 -0.00328549
          0.03058977 -0.002357286 -0.003701194 0.02957522 -0.001335624 -0.003630262
          0.03046053 -0.002391831 -0.003267913 0.02951201 -0.001431212 -0.00320713
          0.02857905 -0.0003340325 -0.003507238 0.02760735 0.0006519851 -0.003322191
          0.02858123 -0.0004893337 -0.003101523 0.02767375 0.0004370146 -0.002942995
          0.02667495 0.001623138 -0.003053227 0.02581439 0.002569868 -0.002664297
          0.02680162 0.001348039 -0.002715072 0.02598907 0.002236741 -0.002391992
          0.02508459 0.003462046 -0.002110769 0.02456446 0.004242385 -0.001366553
          0.02527779 0.003082698 -0.001942463 0.02472451 0.003847424 -0.001345047
          0.02431342 0.004843843 -0.0004706463 0.02432341 0.00523235 0.0004618252
          0.02438036 0.00448154 -0.0006158281 0.02425903 0.004948747 0.0001760202
          0.02452386 0.005427722 0.001304025 0.02483183 0.005478697 0.001983642
          0.02432595 0.005246798 0.0009351946 0.02452208 0.00540234 0.001587818
          0.02518459 0.00543261 0.002484829 0.02554131 0.005326231 0.002820019
          0.02479219 0.005450864 0.002100705 0.02509527 0.005424235 0.002470254
          0.02587639 0.005187391 0.00301118 0.02617494 0.005036845 0.003082746
          0.02540291 0.005348323 0.002707152 0.02569622 0.005243687 0.00282799
          0.02643027 0.004889073 0.003058856 0.02664164 0.004753078 0.002961741
          0.02596373 0.005126075 0.002851572 0.02619985 0.005006735 0.002796896
          0.02681222 0.004633487 0.002810766 0.02694724 0.004531791 0.002622086
          0.02640333 0.004892946 0.002681804 0.02657581 0.004788805 0.002522162
          0.02705263 0.004447495 0.002408737 0.02713412 0.004379033 0.002180962
          0.02672053 0.004696101 0.002331505 0.02684131 0.004615154 0.002121013
          0.0271966 0.004324418 0.001946595 0.02724383 0.004281635 0.001711407
          0.02694177 0.0045455 0.001899657 0.02702479 0.004486366 0.001674371
          0.02727831 0.004248814 0.001479411 0.02730194 0.004224285 0.001253118
          0.0270922 0.004436927 0.001450208 0.02714534 0.004396379 0.001230504
          0.02732162 0.004206551 0.001033766 0.02738536 0.00419424 0.0008215741
          0.02719059 0.004363952 0.001017067 0.02727544 0.004338863 0.0008103901
          0.02778652 0.004186046 0.0006162925 0.03015886 0.004180702 0.0004194346
          0.02769278 0.004320236 0.0006101667 0.03007577 0.004307009 0.0004175511
          0.04341444 0.004176962 0.0002459875 0.1039855 0.004173428 0.0001321328
          0.04333652 0.00429784 0.0002471391 0.1038866 0.004290746 0.0001361872
          0.03557287 -0.01821386 0.0002014497 -0.02406209 -0.01893395 -0.000008972806
          0.04156008 -0.01751267 0.0003320367 0.03563133 -0.01832748 0.0001623846
          -0.02398425 -0.01911159 -0.00000452118 0.04157644 -0.01756182 0.0002607213
          0.04151744 -0.01682153 0.0003751628 0.04100032 -0.01612891 0.0003321045
          0.04148493 -0.0168047 0.0002839607 0.0409132 -0.01604483 0.0002331264
          0.04056507 -0.01542185 0.0002051865 0.04016877 -0.01468747 -3.193911e-7
          0.04041907 -0.01527113 0.0001104983 0.0399628 -0.01447451 -0.00007805749
          0.03975337 -0.0139144 -0.0002742649 0.03928515 -0.01309398 -0.0006008688
          0.03949017 -0.01364819 -0.0003215684 0.0389715 -0.01278767 -0.0006046463
          0.03874491 -0.01222169 -0.0009596446 0.03812342 -0.0112985 -0.001327634
          0.03839163 -0.01189157 -0.0009092972 0.03774475 -0.0109624 -0.001216884
          0.03742039 -0.01033124 -0.001682353 0.03664352 -0.009331504 -0.002004718
          0.03703249 -0.01000651 -0.001510139 0.03626255 -0.009033132 -0.001774963
          0.03580635 -0.008313453 -0.002281138 0.03492534 -0.00729121 -0.002504241
          0.03544664 -0.008052717 -0.002001597 0.03459818 -0.007075324 -0.002184885
          0.03401692 -0.006276768 -0.002672259 0.03309544 -0.005278806 -0.002787534
          0.0337302 -0.00610929 -0.002323702 0.03285387 -0.005160515 -0.002419843
          0.032172 -0.004302409 -0.0028547 0.03125436 -0.003349442 -0.002878931
          0.03197782 -0.004232317 -0.002476707 0.03110812 -0.003325703 -0.002498031
          0.03034745 -0.002419267 -0.002864421 0.02945446 -0.001509612 -0.002813049
          0.03024877 -0.002439888 -0.002486755 0.02940262 -0.00157294 -0.002444021
          0.02857845 -0.0006175502 -0.002723125 0.02772443 0.0002592646 -0.002588135
          0.02857255 -0.0007225405 -0.002368249 0.02776312 0.0001130549 -0.002254259
          0.02690235 0.001120789 -0.002395601 0.02613077 0.001961769 -0.002126776
          0.02698268 0.0009336746 -0.002092572 0.02624585 0.001735283 -0.00186938
          0.02544022 0.002767836 -0.001759271 0.02487228 0.003512356 -0.001276238
          0.02557569 0.002507429 -0.001568411 0.02500341 0.003231123 -0.00117666
          0.02446856 0.004159297 -0.0006830542 0.02425065 0.004676324 -0.0000205215
          0.02456226 0.003879894 -0.0006946798 0.02427519 0.004426907 -0.0001463532
          0.02420691 0.005050646 0.0006441209 0.02430013 0.00529253 0.001246191
          0.0241436 0.004855678 0.0004225059 0.0241472 0.005165999 0.0009600509
          0.02448659 0.00542522 0.001745341 0.02472872 0.00547399 0.002126455
          0.02425457 0.005370565 0.001426205 0.02443407 0.005487508 0.001799363
          0.02499793 0.005461386 0.00239048 0.02527337 0.005406465 0.002546696
          0.02465893 0.005535201 0.002073069 0.02490804 0.005530351 0.002250361
          0.0255405 0.005324862 0.002608503 0.02579005 0.005228836 0.002591116
          0.02516523 0.005487546 0.00233969 0.02541872 0.00541909 0.002352474
          0.02601699 0.005127408 0.002510025 0.02621948 0.005026717 0.002379916
          0.02566048 0.005334894 0.002301467 0.02588565 0.005242527 0.002199583
          0.02639791 0.004930577 0.002214008 0.02655391 0.004841109 0.002023756
          0.02609179 0.005147439 0.002059059 0.02627823 0.005053355 0.001890973
          0.02668955 0.004759375 0.001818789 0.02680663 0.004685915 0.001606932
          0.02644532 0.004962749 0.001705037 0.02659372 0.004877384 0.001509561
          0.02690617 0.004621077 0.001394195 0.02698873 0.004565112 0.001184749
          0.0267236 0.004798764 0.001311356 0.02683472 0.004728311 0.001115476
          0.02705995 0.004518153 0.0009810063 0.02716653 0.004480229 0.0007838026
          0.0269318 0.004667217 0.0009249816 0.0270605 0.004616416 0.0007410578
          0.0276005 0.004451197 0.0005928089 0.02999404 0.004430497 0.0004086866
          0.02751149 0.004576786 0.0005634139 0.0299152 0.00454892 0.0003921903
          0.04325924 0.00441678 0.0002451347 0.1037873 0.004406882 0.0001403152
          0.04318339 0.004531973 0.0002397576 0.1036884 0.004519714 0.0001458319
          0.0356731 -0.01841214 0.0001245137 -0.02392225 -0.0192522 0.000001742054
          0.04157754 -0.01758963 0.0001965161 0.03569979 -0.0184668 0.00008736156
          -0.02387688 -0.0193525 0.00001106471 0.04156561 -0.01759694 0.0001431832
          0.04143801 -0.0167737 0.0002064525 0.04081253 -0.0159532 0.0001533698
          0.04137976 -0.0167297 0.0001470662 0.04070343 -0.01585466 0.00009451941
          0.04026239 -0.01512027 0.00003873596 0.03975193 -0.01427063 -0.0001304548
          0.04010364 -0.01497051 -0.00001161447 0.03954754 -0.01407771 -0.0001608515
          0.03923015 -0.01340129 -0.0003422597 0.03867042 -0.0125104 -0.0005824318
          0.0389857 -0.01317514 -0.0003409618 0.03839378 -0.01226212 -0.0005401172
          0.03806066 -0.01159829 -0.0008360922 0.03739736 -0.01066799 -0.001088845
          0.03776211 -0.01133978 -0.0007469236 0.03708871 -0.01041112 -0.0009507785
          0.03668301 -0.009724925 -0.001327923 0.03592445 -0.008776021 -0.001543169
          0.03637629 -0.009480543 -0.001142537 0.03563063 -0.008553093 -0.001315027
          0.03513125 -0.007828673 -0.001727631 0.03431396 -0.006889707 -0.0018776
          0.03485927 -0.00763377 -0.001463339 0.0340703 -0.006726941 -0.001584764
          0.03348271 -0.005964633 -0.001992186 0.03264615 -0.005057232 -0.002072549
          0.03327142 -0.005835964 -0.001678508 0.03246929 -0.004962982 -0.001745183
          0.03181106 -0.004169482 -0.002121007 0.0309823 -0.003301744 -0.002140131
          0.03166922 -0.004108915 -0.001786243 0.03087517 -0.003273583 -0.001803345
          0.03016326 -0.002453122 -0.002131913 0.02935655 -0.001621942 -0.002096999
          0.03009006 -0.002455971 -0.001797766 0.02931633 -0.001654573 -0.001769814
          0.02856493 -0.000806339 -0.002033996 0.02779262 -0.000004993892 -0.001938831
          0.02855668 -0.0008678479 -0.00171831 0.02781504 -0.0000947819 -0.0016401
          0.02704675 0.0007818488 -0.001804319 0.02633916 0.001551007 -0.001620219
          0.02709766 0.0006643315 -0.001529779 0.02641439 0.001406906 -0.001379744
          0.0256878 0.00229464 -0.001374583 0.02511669 0.002998801 -0.001057452
          0.02577964 0.002126872 -0.001181176 0.02521239 0.00281368 -0.0009265032
          0.02465246 0.003643738 -0.0006673835 0.02431668 0.004207781 -0.0002183111
          0.02473423 0.003452271 -0.0006136437 0.02436451 0.004025228 -0.0002507056
          0.02411745 0.004674237 0.0002591167 0.02404627 0.005037011 0.0007255425
          0.02411435 0.004517114 0.000142002 0.02398288 0.004918995 0.0005356507
          0.0240827 0.005300823 0.001145384 0.02420207 0.005477127 0.00149491
          0.0239584 0.005230131 0.0009008621 0.02402308 0.005456387 0.001214914
          0.0243809 0.005579788 0.001762943 0.02459905 0.005622688 0.001947714
          0.0241575 0.005607267 0.001464455 0.02434332 0.005693668 0.001644517
          0.02483986 0.005618796 0.002053506 0.02509005 0.005579799 0.002088281
          0.02456425 0.005726649 0.001756175 0.02480628 0.005716887 0.0018045
          0.02533943 0.005515823 0.002062042 0.0255806 0.005435294 0.001985646
          0.02505776 0.00567426 0.00179697 0.02530934 0.005607586 0.001742352
          0.0258086 0.005344891 0.001869895 0.02602045 0.005249692 0.001724948
          0.0255539 0.005524394 0.001649776 0.02578629 0.005430866 0.001528125
          0.02621466 0.005153423 0.001560019 0.02639067 0.005058897 0.001383346
          0.02600313 0.005331842 0.00138563 0.02620243 0.005231057 0.001229843
          0.026548 0.004968553 0.001202216 0.0266859 0.00488492 0.001022681
          0.02638313 0.005131578 0.001067884 0.02654464 0.005036628 0.000906696
          0.02680819 0.004810437 0.0008487566 0.02695925 0.004746928 0.0006819211
          0.02669076 0.004949985 0.000752196 0.02686455 0.004874788 0.0006070013
          0.02742794 0.004696073 0.0005216626 0.02984148 0.004660429 0.0003674375
          0.02735278 0.004812339 0.0004694295 0.02977781 0.004765907 0.0003363924
          0.04310966 0.004641579 0.000229962 0.1035897 0.004624922 0.0001543681
          0.04304171 0.004743128 0.0002144722 0.1034899 0.004710033 0.0001632857
          0.03570678 -0.01848292 0.00005782431 -0.02385362 -0.01940594 0.00001797494
          0.04153965 -0.01757973 0.0001130094 0.03567232 -0.01844154 0.0001009623
          -0.02386858 -0.0194744 0.000006236347 0.04149357 -0.01751916 0.0001568514
          0.04131105 -0.01666636 0.0001129037 0.04059129 -0.0157418 0.00005607483
          0.04123391 -0.01655571 0.00012885 0.04048587 -0.01558782 0.0000546424
          0.03995216 -0.01481575 -0.00004355143 0.03935997 -0.01388981 -0.0001722276
          0.03981785 -0.01463 -0.00003748817 0.03919763 -0.01367998 -0.000143198
          0.03876663 -0.01296265 -0.0003208669 0.03815015 -0.01203405 -0.0004813253
          0.03858014 -0.01273548 -0.000260385 0.03794536 -0.0117963 -0.0003845584
          0.03750275 -0.01110548 -0.0006455896 0.03682344 -0.01017975 -0.0008061563
          0.03728689 -0.01086413 -0.0005104355 0.03660433 -0.009941602 -0.0006327162
          0.03611488 -0.009260346 -0.0009566437 0.03538181 -0.008350869 -0.001092062
          0.03590018 -0.009031551 -0.0007471081 0.03517823 -0.008136485 -0.0008501177
          0.03463002 -0.007454534 -0.00120899 0.03386562 -0.006573899 -0.001305433
          0.03444299 -0.007258358 -0.0009394888 0.03369893 -0.006398416 -0.001013692
          0.03309438 -0.00571071 -0.001380687 0.03232134 -0.004865857 -0.00143496
          0.03295039 -0.005557242 -0.001072211 0.03220111 -0.004734768 -0.001114927
          0.03155066 -0.004039405 -0.001469078 0.03078555 -0.003230717 -0.001484007
          0.03145434 -0.003930404 -0.001142332 0.03071269 -0.003143104 -0.001154827
          0.03002859 -0.002438626 -0.001480506 0.02928207 -0.001661715 -0.001458647
          0.02997849 -0.002371564 -0.001152893 0.02925384 -0.001614365 -0.001136361
          0.02854862 -0.0008986508 -0.001417482 0.02783196 -0.0001486441 -0.001354618
          0.02854137 -0.000870307 -0.001104592 0.02784457 -0.0001387256 -0.001055767
          0.02713774 0.0005879797 -0.001266068 0.02647437 0.001309034 -0.001146212
          0.02716872 0.0005799972 -0.0009871402 0.02652119 0.001283955 -0.000894542
          0.02585375 0.002009675 -0.0009885477 0.02529134 0.00268168 -0.0007873778
          0.02591215 0.001969148 -0.0007732495 0.02535448 0.002629013 -0.0006190488
          0.02480498 0.003313259 -0.0005406519 0.02441183 0.003890259 -0.0002530527
          0.02486347 0.003253931 -0.0004302972 0.02445426 0.00383222 -0.0002095738
          0.02412404 0.004398924 0.00006205309 0.02394537 0.00482926 0.0003841185
          0.02413927 0.004351659 0.00003436596 0.02392476 0.004802202 0.0002873461
          0.02387062 0.005177093 0.0006901362 0.02388791 0.005443988 0.0009602859
          0.02381022 0.005177578 0.0005320959 0.02378836 0.005476362 0.0007527061
          0.02398197 0.005635612 0.001181124 0.02413676 0.005759976 0.001346071
          0.02384788 0.005701015 0.0009370598 0.02397492 0.005857077 0.001078444
          0.02433685 0.005826174 0.001454022 0.02456809 0.005843686 0.001507827
          0.02415538 0.005951696 0.001174479 0.02437512 0.005993244 0.001226574
          0.02481793 0.005821873 0.001512798 0.0250756 0.005769616 0.001475755
          0.02462128 0.005990345 0.001238193 0.02488192 0.005951845 0.001214531
          0.02533221 0.00569498 0.001404086 0.02558074 0.005605001 0.001305227
          0.02514701 0.005885999 0.00116118 0.0254078 0.005800573 0.001084178
          0.02581594 0.005505523 0.00118611 0.02603417 0.005401184 0.001053135
          0.02565756 0.005702165 0.0009889349 0.0258908 0.005596423 0.0008805804
          0.02623338 0.005295589 0.0009123965 0.02641338 0.005192104 0.0007708294
          0.02610403 0.005487553 0.0007634531 0.02629607 0.00537914 0.0006429639
          0.02657978 0.005095284 0.0006369977 0.0267767 0.005010856 0.0005187073
          0.02647479 0.005275529 0.0005284313 0.0266904 0.00518546 0.0004375898
          0.02728891 0.004940183 0.0004151271 0.02973489 0.004879004 0.0003147965
          0.02723368 0.005117642 0.000388145 0.02972461 0.005054744 0.0003658652
          0.04299876 0.00483767 0.0002058212 0.1033868 0.004755934 0.0001532602
          0.04303735 0.004971747 0.0003043069 0.1033 0.004856952 0.0001160121
          0.03557157 -0.01832819 0.000550625 -0.02391248 -0.02014913 0.00008762874
          0.04142556 -0.01733678 0.0004952097 0.03550486 -0.01808565 0.00290808
          -0.02363265 -0.02412071 0.001523194 0.0413984 -0.01674149 0.002328783
          0.04116678 -0.01630913 0.0003690703 0.04040013 -0.01530633 0.0002797494
          0.04113027 -0.01564655 0.002125205 0.04033528 -0.01461937 0.002057098
          0.03970795 -0.01432606 0.0002045849 0.03906614 -0.01336022 0.0001257641
          0.03962403 -0.01362973 0.002012812 0.03896853 -0.01265603 0.001960187
          0.038431 -0.01240443 0.00003947714 0.03778311 -0.01145823 -0.00005145893
          0.03832179 -0.0116928 0.001900007 0.03766545 -0.01074136 0.001834735
          0.03711713 -0.01052405 -0.0001432615 0.03643285 -0.009604263 -0.0002320784
          0.03699438 -0.009805207 0.001769913 0.03630945 -0.008886875 0.001705907
          0.0357328 -0.008701543 -0.0003151658 0.03501987 -0.007817359 -0.000390106
          0.0356124 -0.007988773 0.00164675 0.03490625 -0.007111814 0.001591426
          0.03429774 -0.006953066 -0.0004555288 0.03356954 -0.006108708 -0.0005102624
          0.03419336 -0.006256808 0.001543354 0.03347667 -0.005423152 0.001500581
          0.03283871 -0.005284346 -0.0005539996 0.0321078 -0.004478916 -0.0005864389
          0.03275828 -0.004610414 0.001466133 0.03204066 -0.003816999 0.001437356
          0.03137962 -0.003691635 -0.0006078938 0.03065607 -0.002920829 -0.000618406
          0.03132552 -0.003041836 0.001417113 0.03061502 -0.002282944 0.001402367
          0.02993949 -0.002165373 -0.0006182844 0.02923164 -0.001423505 -0.0006072083
          0.02991077 -0.001539168 0.001396167 0.02921505 -0.0008086603 0.001395548
          0.02853533 -0.000694399 -0.0005847798 0.02785363 0.00002292634 -0.0005496966
          0.02853008 -0.00009066496 0.001404212 0.0278594 0.0006159451 0.001419562
          0.02719179 0.000727669 -0.0005002912 0.02655635 0.001418463 -0.0004335707
          0.02720708 0.001310472 0.001446031 0.02658063 0.0019915 0.001481378
          0.02595625 0.002091568 -0.0003459817 0.02540263 0.002741952 -0.0002348352
          0.02598623 0.002656071 0.001533305 0.02543643 0.003299191 0.001597911
          0.02490905 0.003360975 -0.0000986345 0.02448909 0.0039392 0.00006092743
          0.02494078 0.00391405 0.001682685 0.02451484 0.004491493 0.001780203
          0.02415499 0.004465175 0.0002387694 0.02391439 0.004929728 0.000424999
          0.02416729 0.005022045 0.001894773 0.02391 0.005495811 0.002012995
          0.02376991 0.005324845 0.0006079124 0.02371764 0.005647717 0.0007752155
          0.02374387 0.005905335 0.002135056 0.02367102 0.006245396 0.002245097
          0.02374949 0.005897772 0.0009176946 0.02385364 0.006079155 0.001028942
          0.02368185 0.006514961 0.002344546 0.02377009 0.006715371 0.002420543
          0.02401727 0.006196695 0.001106828 0.02422647 0.006258396 0.001151267
          0.02391992 0.006851433 0.002479283 0.02412186 0.006928952 0.002511934
          0.02446829 0.006271512 0.001164942 0.02473001 0.006245396 0.001150959
          0.02435876 0.00695592 0.002528308 0.0246217 0.006940102 0.002521729
          0.02500078 0.006187671 0.001113898 0.02527055 0.006107285 0.001057702
          0.02489495 0.006890454 0.002503593 0.02517194 0.006814843 0.002467816
          0.02553143 0.006010742 0.0009869385 0.02577633 0.005905266 0.0009047781
          0.02543956 0.006721573 0.002425977 0.02569405 0.006617186 0.002371429
          0.0260002 0.005795098 0.0008144072 0.0261994 0.00568505 0.0007178457
          0.02592479 0.006507925 0.002314466 0.02613039 0.006397652 0.002246022
          0.02638001 0.005578577 0.0006212866 0.02659663 0.005486775 0.0005460966
          0.02630766 0.006290528 0.002174057 0.02650585 0.006195345 0.002098277
          0.02716033 0.005433041 0.0005502843 0.02972261 0.0054338 0.0007097471
          0.02702875 0.006150666 0.002093864 0.02955111 0.006283957 0.002389542
          0.04320274 0.005412609 0.0009510329 0.1033748 0.005918715 0.0004860658
          0.04315149 0.006966999 0.003692101 0.1041206 0.01178493 0.004439203
          0.03592411 -0.01682418 0.01447689 -0.02100958 -0.03705982 0.01077025
          0.04152678 -0.01493602 0.01374262 0.0390236 -0.0156653 0.0811206
          -0.006710221 -0.04718115 0.05922338 0.04242482 -0.0132447 0.08178253
          0.04110582 -0.01372525 0.01359637 0.04028276 -0.01270072 0.01358187
          0.04128611 -0.01194311 0.08199282 0.0402783 -0.01093365 0.08199099
          0.03956235 -0.01171199 0.01355277 0.03890691 -0.01072864 0.01349869
          0.03952947 -0.009947503 0.08186023 0.03886556 -0.008953418 0.0816753
          0.03824969 -0.009751777 0.01343476 0.03759278 -0.008788665 0.01336532
          0.03821068 -0.007964926 0.08146977 0.03754759 -0.006988435 0.08125143
          0.03691436 -0.007842536 0.01329603 0.03623349 -0.006917633 0.01322547
          0.03687137 -0.006031907 0.08102406 0.03618533 -0.005095488 0.08078684
          0.03553405 -0.006014421 0.01315734 0.03483633 -0.005135237 0.01308956
          0.03548945 -0.004183841 0.08054193 0.03478812 -0.003294953 0.0802883
          0.03412481 -0.00427869 0.01302541 0.03341928 -0.003445702 0.01296249
          0.03408135 -0.002431748 0.080028 0.03337329 -0.001590632 0.0797598
          0.0327042 -0.002633527 0.01290373 0.0319987 -0.001842284 0.01284648
          0.03266356 -0.0007732958 0.07948548 0.03195603 0.0000247914 0.07920362
          0.03128732 -0.001068566 0.01279346 0.03058869 -0.0003123538 0.01274196
          0.03125006 0.0008024633 0.07891586 0.03054953 0.001564484 0.0786208
          0.02988783 0.0004298049 0.01269467 0.02920336 0.00115754 0.01264916
          0.02985394 0.00230959 0.07832029 0.02916769 0.003042232 0.07801345
          0.02852147 0.001873756 0.01260837 0.02786228 0.002577663 0.01257159
          0.02849098 0.003760702 0.07770289 0.02782922 0.00446902 0.07739008
          0.02721295 0.003271191 0.01254373 0.02659717 0.003954467 0.01252674
          0.02718405 0.005163567 0.07708036 0.02656626 0.00584442 0.07678084
          0.02600239 0.004621999 0.01251711 0.02545991 0.005271722 0.01252066
          0.02597741 0.006509761 0.07648896 0.02543455 0.00715489 0.07622086
          0.02495933 0.005894013 0.01253401 0.02453486 0.006484086 0.01256312
          0.02494058 0.007775147 0.07597532 0.02451629 0.008361308 0.07577219
          0.02417559 0.007028521 0.01260231 0.02391329 0.007521644 0.01265496
          0.02416326 0.008906174 0.0756081 0.02390057 0.009398286 0.07550113
          0.02373044 0.007950912 0.01271192 0.02364972 0.008314918 0.0127749
          0.02372268 0.009831651 0.07544159 0.02364047 0.01019757 0.07544112
          0.02364368 0.008606235 0.01283357 0.02372628 0.008830264 0.01289077
          0.02363824 0.01049576 0.07548189 0.02371866 0.01072324 0.07557035
          0.02386316 0.008985227 0.01293753 0.02406442 0.009081924 0.01297907
          0.02385886 0.01088618 0.07568422 0.02405778 0.01098645 0.07582897
          0.02429353 0.009122059 0.01300802 0.02456091 0.009119229 0.01303131
          0.02429021 0.01103441 0.07598194 0.02455529 0.01103441 0.07615026
          0.02483079 0.009076413 0.01304249 0.02511604 0.009007884 0.01304931
          0.02482864 0.01099855 0.07631273 0.02511153 0.01093173 0.0764788
          0.02538294 0.008916272 0.01304565 0.0256474 0.008814923 0.0130393
          0.0253818 0.010846 0.07662913 0.02564326 0.0107454 0.07677517
          0.02587777 0.008704607 0.0130234 0.02609267 0.008595405 0.01300314
          0.02587547 0.0106402 0.07689852 0.02608126 0.01053083 0.07700857
          0.02626574 0.008483203 0.01296511 0.02645204 0.00837817 0.01290467
          0.02622958 0.0104209 0.07707355 0.02629685 0.01030967 0.07705937
          0.02687051 0.008324885 0.01282735 0.02907568 0.008592299 0.01296065
          0.02633153 0.01026042 0.07686078 0.02768223 0.01057175 0.07664347
          0.04158306 0.01033986 0.0147203 0.1061271 0.03025369 0.02572671
          0.03962045 0.01194958 0.07824069 0.1302775 0.04285907 0.1335249
          0.03560236 -0.01149545 0.01129503 0.01538227 0.002487147 0.03078419
          -0.05185745 0.001624202 0.006004615 0.0299919 -0.004829187 0.03958476
          0.03394476 -0.0117782 0.009384015 0.03223192 -0.001030001 0.03252334
          0.03336221 -0.002432312 0.0335486 -0.05185737 0.001624291 -0.006004469
          0.01538226 0.002487156 -0.03078415 0.03560233 -0.01149544 -0.01129502
          0.02999188 -0.004829205 -0.03958471 0.03223189 -0.001030017 -0.03252329
          0.03394473 -0.01177819 -0.009384002 0.03336219 -0.002432321 -0.03354855
          0.0352043 -0.01280681 0.009279474 0.03464744 -0.001974576 0.0323008
          0.03514884 -0.002211755 0.03239405 0.03607032 -0.01321208 0.009143421
          0.03569011 -0.002033405 0.03207272 0.03593065 -0.001905601 0.03188914
          0.03464742 -0.00197458 -0.03230075 0.03520427 -0.0128068 -0.009279462
          0.03514882 -0.002211754 -0.032394 0.03569009 -0.0020334 -0.03207266
          0.0360703 -0.01321207 -0.009143409 0.03593063 -0.001905594 -0.03188908
          0.03644275 -0.01327079 0.008951315 0.03611077 -0.001690855 0.03166593
          0.03617981 -0.001453856 0.03142749 0.036504 -0.01316616 0.00876781
          0.03618927 -0.00120087 0.03119469 0.03614316 -0.0009319118 0.03094435
          0.03611074 -0.001690846 -0.03166587 0.03644273 -0.01327078 -0.008951303
          0.03617979 -0.001453845 -0.03142743 0.03618924 -0.001200859 -0.03119462
          0.03650397 -0.01316615 -0.008767798 0.03614313 -0.0009319001 -0.03094428
          0.03637468 -0.01298019 0.008606445 0.03605458 -0.0006632543 0.03069672
          0.03593085 -0.0003918008 0.03044093 0.03612244 -0.01274991 0.008462962
          0.03577777 -0.0001270617 0.03018459 0.03560042 0.0001312775 0.02992533
          0.03605455 -0.0006632424 -0.03069666 0.03637466 -0.01298018 -0.008606432
          0.03593083 -0.0003917888 -0.03044086 0.03577775 -0.0001270496 -0.03018452
          0.03612242 -0.0127499 -0.008462949 0.0356004 0.0001312896 -0.02992526
          0.03578846 -0.01249573 0.008332459 0.03540232 0.0003784765 0.02966487
          0.03518715 0.0006134419 0.02940381 0.03540138 -0.01223154 0.008212336
          0.03495731 0.0008334316 0.02914184 0.03471574 0.001037022 0.02888037
          0.0354023 0.0003784884 -0.02966481 0.03578844 -0.01249572 -0.008332445
          0.03518714 0.0006134537 -0.02940375 0.03495729 0.0008334431 -0.02914177
          0.03540136 -0.01223154 -0.008212322 0.03471573 0.001037033 -0.0288803
          0.03498405 -0.01196904 0.008101471 0.03446384 0.00122197 0.02861818
          0.03420348 0.001384856 0.02835467 0.03456021 -0.01172165 0.00799941
          0.03394225 0.001519858 0.02809106 0.03367802 0.001628543 0.02783752
          0.03446383 0.001221981 -0.02861811 0.03498403 -0.01196903 -0.008101457
          0.03420347 0.001384865 -0.0283546 0.03394224 0.001519866 -0.02809099
          0.03456019 -0.01172164 -0.007999396 0.03367801 0.00162855 -0.02783745
          0.03415455 -0.01150245 0.007911622 0.03341054 0.001710537 0.02758691
          0.03314243 0.001763305 0.02734 0.0337981 -0.01133082 0.007842865
          0.03287748 0.001770684 0.02709012 0.03262425 0.001729428 0.02684593
          0.03341053 0.001710543 -0.02758684 0.03415454 -0.01150244 -0.007911608
          0.03314243 0.001763309 -0.02733993 0.03287748 0.001770687 -0.02709005
          0.03379809 -0.01133082 -0.007842852 0.03262425 0.001729429 -0.02684586
          0.03354603 -0.01123814 0.007809439 0.03237961 0.001641027 0.02660369
          0.03215379 0.00150698 0.02637484 0.03348457 -0.01126074 0.007844298
          0.03195274 0.001307629 0.02614359 0.03179284 0.00104705 0.02594076
          0.03237962 0.001641026 -0.02660362 0.03354603 -0.01123814 -0.007809428
          0.03215381 0.001506975 -0.02637478 0.03195276 0.00130762 -0.02614353
          0.03348458 -0.01126075 -0.007844291 0.03179288 0.001047036 -0.0259407
          0.03380845 -0.01148184 0.008019607 0.03168967 0.0006846243 0.02574017
          0.03167942 0.0002263633 0.02559825 0.03504623 -0.01210662 0.008576843
          0.03181593 -0.0004042958 0.02551258 0.03222104 -0.001281462 0.0255262
          0.03168972 0.0006846023 -0.0257401 0.03380848 -0.01148186 -0.008019605
          0.03167949 0.0002263339 -0.02559819 0.03181602 -0.0004043418 -0.02551253
          0.0350463 -0.01210666 -0.008576849 0.03222116 -0.001281522 -0.02552615
          0.03922215 -0.01374786 0.01066374 0.03317322 -0.002484604 0.02594086
          0.035423 -0.004592645 0.02653872 0.04829236 -0.008111829 0.02370221
          0.04378925 -0.007571025 0.0323668 0.04761383 0.02227053 0.05974279
          0.03317336 -0.00248469 -0.02594081 0.03922229 -0.01374793 -0.01066376
          0.03542315 -0.004592745 -0.02653863 0.04378941 -0.007571154 -0.03236669
          0.04829261 -0.00811184 -0.02370234 0.04761365 0.02227138 -0.0597429
          0.01988488 0.02827428 0.02713869 0.01078588 0.0623013 0.04182094
          0.02593894 0.04568538 0.01247268 0.02241008 0.1555315 0.000001651269
          0.02593652 0.04568779 -0.01247382 0.01078386 0.06230316 -0.04182082
          0.0198842 0.02827489 -0.0271387 0.03294522 -0.005440743 0.03690067
          -0.003924971 0.1719592 0.07813945 -0.093196 0.1943008 -0.07357677
          0.02154176 0.1677711 0.09581425 -0.05549306 8.335296 0.000009490058
          -1.023734 7.76141 0.000006947008 0.001855283 8.341303 0.00001117952
          0.02490826 0.0059775 0.03279457 0.02453639 0.172655 0.08382685
          0.02628736 0.1678376 0.09058339 0.01989358 8.34436 0.00001240668
          0.0216477 8.32047 0.00001287939 0.0312539 -0.0007308242 0.03225859
          0.03118317 0.1682406 0.08678939 0.03089194 0.1701588 0.0864116
          0.02976171 8.306989 0.00001302154 0.02950157 8.289405 0.00001301949
          0.03217677 -0.001056341 0.03208526 0.03192795 0.1708156 0.08542968
          0.03245913 0.1710957 0.08592356 0.03089999 8.265352 0.00001297887
          0.0318128 8.236545 0.00001294426 -0.00392496 0.1719601 -0.07813892
          -0.09319588 0.1943023 0.07357792 0.02154175 0.1677711 -0.09581386
          0.03294521 -0.005440691 -0.03690062 0.02453639 0.1726546 -0.08382647
          0.02628735 0.1678371 -0.09058299 0.02490825 0.005977481 -0.03279452
          0.03118315 0.1682402 -0.08678896 0.03089192 0.1701584 -0.08641115
          0.03125388 -0.0007308432 -0.03225855 0.03192793 0.1708152 -0.08542921
          0.03245911 0.1710954 -0.08592308 0.03217675 -0.001056354 -0.03208521
          0.03412327 -0.00201322 0.03276537 0.03352796 0.1721975 0.08514118
          0.03405924 0.1736179 0.08425933 0.03312163 8.208897 0.00001290544
          0.03362386 8.18028 0.00001286216 0.03484013 -0.002083487 0.03221971
          0.03444414 0.1748293 0.08346717 0.03471318 0.1760271 0.08287703
          0.03400438 8.149075 0.00001281682 0.0343378 8.116053 0.00001277533
          0.03545859 -0.002099025 0.03227178 0.03502023 0.1773804 0.08209238
          0.0352683 0.1787759 0.08123463 0.03471605 8.082376 0.00001273801
          0.03493504 8.047836 0.00001270062 0.03581561 -0.001976046 0.03195457
          0.0354406 0.1801125 0.08038057 0.03555434 0.1814371 0.07955663
          0.03511306 8.011973 0.00001266436 0.03523185 7.974992 0.00001263035
          0.03352793 0.1721972 -0.08514068 0.03405921 0.1736177 -0.08425881
          0.03412324 -0.002013226 -0.03276532 0.03444412 0.1748291 -0.08346662
          0.03471316 0.1760269 -0.08287647 0.03484011 -0.002083488 -0.03221966
          0.03502021 0.1773803 -0.08209181 0.03526827 0.1787758 -0.08123404
          0.03545856 -0.002099023 -0.03227173 0.03544058 0.1801124 -0.08037997
          0.03555431 0.1814371 -0.07955602 0.03581559 -0.00197604 -0.03195452
          0.03603142 -0.001796614 0.03179269 0.03565895 0.1827509 0.07870625
          0.03574113 0.1840447 0.07783241 0.03536286 7.937084 0.00001259855
          0.03544078 7.898301 0.00001256879 0.03615424 -0.001575269 0.0315407
          0.03579478 0.1852925 0.07695218 0.03582138 0.1865015 0.07607621
          0.03549855 7.858546 0.00001253878 0.03552548 7.817859 0.00001251132
          0.03619037 -0.001328615 0.03131622 0.03583462 0.1876603 0.07520055
          0.03583318 0.1887733 0.07431944 0.03554838 7.776262 0.00001248443
          0.03554813 7.7338 0.00001246033 0.03617247 -0.001067288 0.0310683
          0.0358171 0.1898334 0.0734368 0.03578703 0.1908392 0.07255704
          0.03553392 7.69046 0.00001243888 0.0355039 7.646246 0.00001241844
          0.03565893 0.1827508 -0.07870563 0.0357411 0.1840447 -0.07783178
          0.0360314 -0.001796606 -0.03179263 0.03579476 0.1852925 -0.07695153
          0.03582135 0.1865015 -0.07607556 0.03615422 -0.00157526 -0.03154064
          0.03583459 0.1876603 -0.07519989 0.03583315 0.1887733 -0.07431877
          0.03619035 -0.001328604 -0.03131616 0.03581708 0.1898335 -0.07343612
          0.03578701 0.1908393 -0.07255636 0.03617245 -0.001067277 -0.03106824
          0.03610317 -0.0007979403 0.03082237 0.03574649 0.1917838 0.07168146
          0.03569589 0.1926687 0.07080795 0.03546625 7.601152 0.00001239892
          0.03541625 7.55519 0.0000123803 0.03599679 -0.0005271417 0.03056872
          0.03563594 0.1934913 0.06993766 0.03556728 0.1942496 0.06907234
          0.03535677 7.508356 0.00001236252 0.03528775 7.460644 0.00001234554
          0.03585751 -0.0002587673 0.03031337 0.03549103 0.1949404 0.06821264
          0.03540764 0.1955639 0.06735839 0.03521163 7.412043 0.00001232936
          0.03512751 7.362551 0.00001231394 0.03569185 0.000003314149 0.03005506
          0.03531767 0.1961186 0.0665099 0.03522165 0.1966032 0.06566783
          0.0350365 7.312157 0.0000122993 0.03493891 7.26085 0.00001228511
          0.03574646 0.1917838 -0.07168076 0.03569587 0.1926688 -0.07080725
          0.03610314 -0.0007979285 -0.0308223 0.03563592 0.1934913 -0.06993695
          0.03556726 0.1942496 -0.06907162 0.03599677 -0.0005271297 -0.03056866
          0.03549101 0.1949405 -0.06821192 0.03540762 0.195564 -0.06735766
          0.03585749 -0.0002587552 -0.03031331 0.03531765 0.1961187 -0.06650916
          0.03522163 0.1966033 -0.06566709 0.03569184 0.000003326246 -0.030055
          0.03550371 0.0002562475 0.02979525 0.03512005 0.1970162 0.06483229
          0.03501324 0.1973572 0.06400357 0.03483548 7.208615 0.00001227196
          0.03472626 7.155438 0.00001225955 0.03529664 0.0004977396 0.02953444
          0.03490161 0.1976251 0.06318174 0.03478559 0.197819 0.06236701
          0.03461178 7.1013 0.00001224792 0.03449239 7.046183 0.00001223705
          0.0350739 0.000725333 0.02927278 0.03466542 0.1979379 0.06155922
          0.0345414 0.1979811 0.06075872 0.03436839 6.990064 0.00001222703
          0.03423993 6.93292 0.00001221778 0.0348378 0.0009374737 0.02901115
          0.03441382 0.1979476 0.05996546 0.03428301 0.1978364 0.05917941
          0.03410735 6.874722 0.00001220953 0.03397098 6.815444 0.00001220202
          0.03512003 0.1970163 -0.06483154 0.03501322 0.1973573 -0.06400282
          0.0355037 0.0002562596 -0.02979518 0.03490159 0.1976252 -0.06318099
          0.03478557 0.1978191 -0.06236624 0.03529662 0.0004977515 -0.02953437
          0.03466541 0.197938 -0.06155845 0.03454139 0.1979812 -0.06075795
          0.03507388 0.0007253447 -0.02927271 0.0344138 0.1979477 -0.05996468
          0.034283 0.1978364 -0.05917862 0.03483779 0.0009374851 -0.02901109
          0.03459098 0.001131832 0.02874915 0.03414907 0.1976464 0.05840023
          0.03401204 0.1973768 0.05762819 0.03383097 6.755051 0.00001219594
          0.03368687 6.693512 0.0000121899 0.03433451 0.001306763 0.02848733
          0.03387149 0.1970258 0.05686186 0.0337372 0.1966023 0.0561047
          0.03353478 6.630792 0.00001218107 0.03337883 6.566901 0.00001216507
          0.03407329 0.001455783 0.02822144 0.03359889 0.1960998 0.05534899
          0.03345612 0.1955067 0.05460231 0.03323426 6.501774 0.00001217342
          0.03308337 6.435298 0.00001218213 0.03381046 0.001577452 0.02796358
          0.03331012 0.1948238 0.05386386 0.03316188 0.1940502 0.053133
          0.03292707 6.367425 0.00001218951 0.03276709 6.298103 0.00001219743
          0.03414906 0.1976465 -0.05839944 0.03401203 0.1973769 -0.0576274
          0.03459096 0.001131843 -0.02874908 0.03387148 0.1970259 -0.05686106
          0.03373719 0.1966023 -0.0561039 0.0343345 0.001306774 -0.02848726
          0.03359888 0.1960999 -0.05534819 0.03345611 0.1955068 -0.0546015
          0.03407328 0.001455792 -0.02822137 0.03331011 0.1948238 -0.05386304
          0.03316187 0.1940503 -0.05313218 0.03381045 0.001577459 -0.02796352
          0.03354463 0.00167282 0.02771167 0.03301168 0.1931843 0.05240903
          0.03285994 0.1922239 0.05169273 0.03260387 6.227269 0.00001220643
          0.03243719 6.154856 0.00001221729 0.03327637 0.001741382 0.02746369
          0.03270692 0.1911649 0.05098478 0.03255308 0.1900007 0.05028649
          0.03226696 6.080786 0.00001223065 0.0320912 6.00497 0.00001224705
          0.03300968 0.001773274 0.02721472 0.03239747 0.1887118 0.0496012
          0.03223654 0.187262 0.04892222 0.03189553 5.927274 0.00001226694
          0.03180663 5.847472 0.00001229133 0.0327493 0.001756012 0.02696695
          0.03208202 0.1856805 0.04823678 0.03192488 0.1839834 0.04756048
          0.03162695 5.765642 0.00001231964 0.03144769 5.681711 0.00001235248
          0.03301167 0.1931843 -0.05240821 0.03285993 0.1922239 -0.0516919
          0.03354462 0.001672826 -0.0277116 0.03270691 0.1911649 -0.05098394
          0.03255308 0.1900007 -0.05028565 0.03327636 0.001741387 -0.02746362
          0.03239747 0.1887118 -0.04960036 0.03223654 0.187262 -0.04892137
          0.03300967 0.001773278 -0.02721465 0.03208202 0.1856805 -0.04823592
          0.03192489 0.1839834 -0.04755962 0.0327493 0.001756014 -0.02696689
          0.03250056 0.001690599 0.02672366 0.03176722 0.1821659 0.04688872
          0.03160953 0.1802242 0.04622314 0.03126643 5.595537 0.00001239217
          0.03108178 5.506982 0.00001243887 0.03226299 0.001581224 0.02648851
          0.03145231 0.1781521 0.0455637 0.03129693 0.1759417 0.04490982
          0.03089464 5.415888 0.00001249358 0.03070602 5.322079 0.00001255742
          0.03204998 0.001414359 0.02625689 0.03114322 0.1735834 0.04425869
          0.03099086 0.171073 0.043615 0.03051459 5.225358 0.00001263147
          0.03031845 5.125516 0.00001271716 0.03186449 0.001188758 0.02604047
          0.03084056 0.1683996 0.0429786 0.03069543 0.1655496 0.04234856
          0.03011948 5.022307 0.00001281618 0.0299194 4.915449 0.0000129304
          0.03176723 0.1821659 -0.04688786 0.03160954 0.1802243 -0.04622227
          0.03250057 0.001690599 -0.02672359 0.03145232 0.1781521 -0.04556281
          0.03129694 0.1759417 -0.04490894 0.032263 0.001581221 -0.02648844
          0.03114324 0.1735834 -0.04425779 0.03099089 0.171073 -0.0436141
          0.03205 0.001414352 -0.02625682 0.0308406 0.1683996 -0.04297768
          0.03069547 0.1655496 -0.04234763 0.03186452 0.001188746 -0.02604041
          0.0317335 0.0008750897 0.02583332 0.03055518 0.1625057 0.04171982
          0.0304181 0.1592639 0.04110406 0.02971362 4.804621 0.00001306135
          0.02949724 4.689474 0.00001321111 0.03166419 0.0004779793 0.02566609
          0.0302852 0.1558022 0.04049706 0.0301644 0.1520929 0.03990009
          0.02927452 4.569571 0.00001338206 0.02904752 4.444395 0.00001357608
          0.03172157 -0.00007488832 0.02552542 0.03005636 0.1481046 0.03930778
          0.02995736 0.1438265 0.03875843 0.02880023 4.313341 0.00001379216
          0.02851899 4.175682 0.00001402547 0.0319539 -0.0007775341 0.02551827
          0.02987556 0.1391744 0.0382373 0.0298029 0.1340772 0.03777331
          0.0282188 4.030333 0.00001429743 0.02790013 3.875968 0.00001471573
          0.03055523 0.1625057 -0.04171889 0.03041815 0.1592639 -0.04110311
          0.03173354 0.0008750721 -0.02583326 0.03028526 0.1558021 -0.0404961
          0.03016448 0.1520929 -0.03989912 0.03166425 0.0004779535 -0.02566603
          0.03005645 0.1481046 -0.03930679 0.02995747 0.1438264 -0.03875743
          0.03172165 -0.00007492417 -0.02552536 0.02987569 0.1391742 -0.03823632
          0.02980303 0.134077 -0.0377723 0.031954 -0.0007775885 -0.02551822
          0.03255971 -0.001835834 0.02560437 0.02974343 0.1285411 0.03734134
          0.02965729 0.1225375 0.03702558 0.0274082 3.711297 0.00001506285
          0.02668019 3.533995 0.00001540536 0.03400547 -0.003269951 0.0262601
          0.02956518 0.1158359 0.03668461 0.02952595 0.1081718 0.03627565
          0.02565536 3.340459 0.00001571282 0.02394059 3.125331 0.00001586321
          0.03843445 -0.005633879 0.02912592 0.02988975 0.09959779 0.03685572
          0.03082553 0.08708992 0.03694506 0.02106671 2.879411 0.00001567826
          0.01910937 2.576173 0.00001424714 0.05210702 -0.00003216333 0.04605664
          0.03882766 0.07166311 0.0425761 0.05996701 0.07837169 0.08683518
          0.03045123 2.168614 0.0000102128 0.1723885 1.418221 -3.242387e-7
          0.02974357 0.128541 -0.03734031 0.02965743 0.1225374 -0.03702452
          0.03255984 -0.001835903 -0.02560431 0.02956531 0.1158357 -0.03668351
          0.02952605 0.1081716 -0.0362745 0.03400563 -0.003270041 -0.02626004
          0.02988973 0.09959774 -0.0368545 0.03082539 0.08708985 -0.03694379
          0.03843464 -0.005633974 -0.02912582 0.03882723 0.07166328 -0.04257495
          0.0599671 0.07837261 -0.08683526 0.05210734 -0.0000320657 -0.04605675
          0.02637609 0.04670106 0.05705704 0.01290802 0.1124489 0.09411646
          0.01511979 0.1081724 0.03334066 0.008151718 0.364613 0.0000064289
          0.01290695 0.1124517 -0.09411407 0.01511699 0.1081743 -0.0333394
          0.02637548 0.04670246 -0.05705688
          <InformationKey name="L2_NORM_FINITE_RANGE" location="vtkDataArray" length="2">
            <Value index="0">
              0.02436661965
            </Value>
            <Value index="1">
              8.3443837139
            </Value>
          </InformationKey>
          <InformationKey name="L2_NORM_RANGE" location="vtkDataArray" length="2">
            <Value index="0">
              0.02436661965
            </Value>
            <Value index="1">
              8.3443837139
            </Value>
          </InformationKey>
        </DataArray>
        <DataArray type="Float64" Name="sigma_yy" format="ascii" RangeMin="-0.0042627420594" RangeMax="0.027405206990000004">
          -0.00216558565512 -0.0019887651264 -0.0012168476370000003 -0.0015454538862000006 -0.0014944814843999997 -0.0007337153476999997
          -0.0004543117514 -0.0009518095246999998 0.000037361128499999924 -0.0014977307619999998 -0.0007372130855999999 -0.0015086568007000002
          -0.0007470265134000002 0.00003476507220000004 0.00002654353729999999 -0.0015156370684 -0.0007526879111000002 -0.0015208068916999998
          -0.0007563680065 0.000022510405500000006 0.000020367361100000002 -0.0015252511466000002 -0.0007593631171999997 -0.0015292920077999998
          -0.0007620891264 0.00001876187359999998 0.000017245275900000032 -0.0015329965778000001 -0.0007646472238000004 -0.0015363721589
          -0.0007670552227 0.000015705809800000107 0.000014127908099999965 -0.0015394157835000005 -0.0007693129975 -0.0015421284034999997
          -0.0007714207773999998 0.000012516544399999774 0.000010875905700000071 -0.0015445155027999998 -0.0007733831572000001 -0.0015465909967999998
          -0.000775210091 0.000009205597100000038 0.0000074992743999998745 -0.0015483713533000001 -0.0007769138435000003 -0.0015498708408
          -0.0007785042207000001 0.000005748284500000222 0.0000039450241000000585 -0.0015510992047000002 -0.0007799859351000002 -0.0015520592716
          -0.0007813536622999999 0.0000020864874000000054 1.839251999999949e-7 -0.0015527440456999998 -0.0007825867741999998 -0.0015531278496999999
          -0.0007836417065000001 -0.0000017303819000000089 -0.0000035937059000001057 -0.0015531795456999997 -0.000784454092 -0.0015529517724
          -0.0007849678699999999 -0.000005302292400000027 -0.0000067021242999997885 -0.0015525000323000004 -0.0007851162055000001 -0.0015514256043
          -0.0007846136994999998 -0.000007586885600000107 -0.000007729135600000124 -0.0015496107854999996 -0.0007832723885000001 -0.0015471087995999997
          -0.0007809962449000001 -0.000006835692499999877 -0.000004671714199999918 -0.0015440437152 -0.0007777871107 -0.0015405846998000003
          -0.0007737520554999999 -0.0000011260270000000877 0.0000037090314999999533 -0.0015370506222 -0.0007691915341999998 -0.0015338954323999999
          -0.0007645783481999998 0.00000950267509999987 0.000015723965899999992 -0.0015315714588000002 -0.0007604271183999999 -0.0015304133261
          -0.0007571651035000002 0.00002176873906000005 0.000027116773700000032 -0.0015305896134999999 -0.0007550575450200001 -0.0015320830441
          -0.0007541810155399998 0.000031431776500000066 0.0000345772191999999 -0.0015347376013999999 -0.0007544612731799999 -0.0015383137442
          -0.0007557298715 0.000036573426399999867 0.000037534899400000016 -0.0015425429916999997 -0.0007577757846 -0.0015471698853
          -0.0007603847457 0.000037621443800000124 0.00003700679580000014 -0.001551963803 -0.0007633554112000001 -0.0015567337561999998
          -0.0007665119035200001 0.00003585902910000002 0.0000343342639999998 -0.0015613138619999997 -0.0007696955183799998 -0.0015655456943
          -0.0007727466160819998 0.00003257812029999998 0.000030742837199999964 -0.0015692243077 -0.0007754544727599998 -0.0015719166041000003
          -0.0007774145947200001 0.000029037777100000038 0.0000278621817000001 -0.0015725065126 -0.0007777003956 -0.0015681870701000002
          -0.0007742486006000002 0.000028118789100000048 0.00003159474660000002 -0.0015551177225999998 -0.0007652026995000001 -0.00155341969108
          -0.0007799262873999998 0.000037766497899999825 -0.000001286543060000107 -0.0022842978780999996 -0.0013189962283999997 -0.0042627420594
          -0.0025103137263799997 -0.0005304724883000002 -0.0010536676408000002 -0.00044880930448000007 -0.0009393163948199999 0.00003930434267999987
          -0.00045725084374000004 -0.0009440970566460001 0.00002816623236000001 0.00003963299914000003 0.00003201532620000014 0.000028363172879999988
          0.000021338431700000113 0.00002816833730000003 0.00002601505959999997 0.00001777102289999997 0.000015738456099999993 0.00002431666540000005
          0.000022665657299999854 0.000014056588900000127 0.000012356014899999916 0.000020965570099999845 0.00001921314410000002 0.000010566295999999797
          0.000008703025500000065 0.00001742432409999997 0.000015612993500000047 0.000006798045000000159 0.000004878273199999986 0.000013783750200000144
          0.000011931503900000026 0.0000029571286999999784 0.0000010327891000000165 0.000010045439400000012 0.000008111734500000098 -9.098986000000614e-7
          -0.0000028931252000000943 0.000006119909100000097 0.000004074099299999943 -0.0000049371518000000606 -0.000007049032900000124 0.0000020017126999999447
          -3.2100499999946415e-8 -0.000009208084499999822 -0.000011348338999999778 -0.0000019097690000000154 -0.000003430180500000044 -0.000013339054999999962
          -0.000014965122999999986 -0.0000043233934999999175 -0.000004358019000000186 -0.000015935058500000223 -0.000015922001000000133 -0.000003253734000000236
          -7.424010999997451e-7 -0.000014574217499999781 -0.000011589995500000065 0.000003288031200000274 0.000008657595099999759 -0.000006889437400000105
          -7.696494999999989e-7 0.000014901227099999994 0.000021371283000000254 0.000006099993300000118 0.000012875971900000105 0.000027403452219999913
          0.00003249940599999982 0.000018823180039999787 0.00002351205400000004 0.00003640643211999984 0.00003908629414000008 0.000026832526099999997
          0.000028883847599999994 0.000040634825780000245 0.000041211205700000004 0.00002985563980000012 0.000029956108199999866 0.00004099545759999981
          0.00004016494600000006 0.000029382529299999918 0.000028309679600000037 0.000038882008400000054 0.000037292753719999846 0.000026888950899999933
          0.000025251094100000157 0.00003553207747999995 0.000033741684181999976 0.00002351438080000012 0.00002180905189999982 0.00003212787136000003
          0.000031098732420000035 0.00002033493430000007 0.000019477609399999904 0.000031530340700000125 0.00003480631090000005 0.00001997286610000001
          0.00002273308120000005 0.00003836673739999995 -0.000005990046499999997 0.000025217008699999965 -0.000015183040299999838 -0.0005380604471000003
          -0.0010140540364200002 -0.0005412562191 -0.0010248759830000002 -0.00046140903422800024 -0.0009459214357528001 0.000024068532680000055
          -0.00046322796014000014 -0.0009464893020920001 0.000022634087708000063 0.00002315687210000022 0.000016139111079999934 0.000021593348440000172
          0.000014403350759999961 0.000012794524899999828 0.000010905224399999902 0.000011145176999999981 0.000009383160399999857 0.000009278258300000175
          0.000007556539899999947 0.000007826071899999862 0.0000060986952000001085 0.000005688872199999858 0.000003712590000000051 0.0000041564969999999425
          0.0000020571062999999633 0.00000168139740000008 -3.5915789999999836e-7 -1.1987079999985375e-7 -0.000002306270400000064 -0.0000023839285000000074
          -0.000004391124899999935 -0.000004461197400000138 -0.000006576591099999842 -0.0000064001809000001625 -0.000008444277299999988 -0.000008676676999999791
          -0.000010808346999999934 -0.000010557886999999916 -0.000012762589500000152 -0.000013024481500000071 -0.000015364260999999994 -0.000015046740000000077
          -0.000017343586499999987 -0.00001782869849999999 -0.000020351975000000026 -0.000019509121999999996 -0.000021300066999999755 -0.000022773392000000013
          -0.000024806296000000097 -0.00002237088999999998 -0.000022293975500000014 -0.00002602027600000012 -0.00002585463549999989 -0.000020611442499999793
          -0.000016968292499999984 -0.000023702786499999837 -0.000019131514500000062 -0.000011340589500000131 -0.00000423098210000012 -0.000012226221000000224
          -0.000003842133100000073 0.0000033846830000000226 0.000010421666819999866 0.000004597260200000168 0.000011747332179999962 0.00001610992028000003
          0.00002017014740000024 0.000016907155499999842 0.00002006912019999994 0.000022700116900000056 0.00002396519989999984 0.000021602164900000133
          0.000021946564000000094 0.00002425330839999986 0.000023815363300000006 0.000021475030499999997 0.000020467889999999916 0.000022858102999999948
          0.00002154847669999996 0.00001912947349999994 0.000017608102500000137 0.00002001920579999999 0.00001837889429999991 0.00001601016649999999
          0.000014416050999999944 0.00001672496440000003 0.000015169367900000086 0.000012895021399999954 0.000011528612800000063 0.00001388644370000005
          0.000013192684300000003 0.000010445299499999976 0.000009881655499999989 0.00001365476400000004 0.000016100613400000174 0.000010347046800000091
          0.000012876222400000061 0.000018963829299999916 -0.000018234273700000078 0.000016484986699999978 -0.00001921738700000004 -0.0005430150972000001
          -0.0010296787506000004 -0.0005436117713 -0.0010307634270000005 -0.0004640434414319999 -0.0009467998981591997 0.000022071788299999834
          -0.00046449033338000006 -0.000947052174604 0.0000217490004919999 0.000021282551709799855 0.000014135489019999912 0.000021262758239999915
          0.000014327456879999941 0.000010933988000000054 0.000009281831100000116 0.000011269828799999966 0.000009754447200000147 0.000007810826900000053
          0.000006101709599999996 0.000008403012900000045 0.000006756784699999778 0.0000041015925999998264 0.0000018820021999998783 0.000004740816000000158
          0.0000024278668000001532 -4.524389999997621e-7 -0.0000028067161999997714 -5.7894599999974385e-8 -0.000002593533999999913 -0.000005118921000000173
          -0.00000737192650000008 -0.000005091429000000115 -0.000007520105500000198 -0.000009594335500000018 -0.000011847129500000113 -0.000009906295000000098
          -0.000012324029499999936 -0.000014204753499999949 -0.000016729109499999937 -0.000014872095999999809 -0.000017641202499999885 -0.00001943877699999986
          -0.000022272404500000077 -0.000020675127000000022 -0.000023921888000000135 -0.00002504739100000005 -0.000027415775999999794 -0.000027173752000000203
          -0.000030000041999999924 -0.000028826466000000135 -0.00002853003000000004 -0.000031678226499999844 -0.0000311809875 -0.000025704426999999842
          -0.000019816033500000118 -0.00002736822900000003 -0.000019596453499999963 -0.000011173250000000005 -0.0000012195165000000382 -0.000008622463499999928
          0.0000031436224999999997 0.000008003320599999901 0.000014951318780000091 0.000012887890799999776 0.000019099695019999965 0.000019195543500000103
          0.000021149462099999948 0.00002193720740000004 0.000022370633899999983 0.000021491365999999904 0.00002081629850000014 0.00002137210050000003
          0.000019636300999999996 0.00001955189250000003 0.000017984627500000063 0.000017602270499999954 0.000015534313500000066 0.000016300932000000013
          0.000014617820999999751 0.000013579620000000142 0.000011810494999999903 0.000013006149999999974 0.000011509583500000007 0.000010252453000000036
          0.000008906289000000106 0.000010162006000000032 0.000009004779000000181 0.000007765488999999907 0.000006830583999999853 0.000008115910700000017
          0.000007692653399999806 0.000006146609699999971 0.000005910570000000074 0.00000828689119999996 0.00001110492100000011 0.000006728249299999997
          0.000009877998900000097 0.0000153101946 -0.000019530456900000057 0.000014569602900000164 -0.00001963373030000004 -0.0005436946153000002
          -0.0010309643048 -0.0005436744065999998 -0.0010311274235999997 -0.00046484309419999995 -0.0009472632470679997 0.000021409225920000025
          -0.00046520784782000006 -0.0009474262457980002 0.000020943534840000117 0.00002120109329019997 0.000014537167420000052 0.000020967948940000096
          0.000014570087319999885 0.00001171339888000003 0.0000104042983999999 0.00001202285839999991 0.000010990462600000107 0.000009237661000000035
          0.000007731588200000064 0.00001009915080000002 0.000008850842599999942 0.000005781081099999958 0.000003442272899999943 0.000007103650700000094
          0.000004868968999999994 8.431150000001828e-7 -0.0000018722815000000526 0.000002244542499999805 -6.239309999999906e-7 -0.000004587326000000058
          -0.000007242939500000047 -0.000003586983499999986 -0.000006539334499999998 -0.000009852400000000072 -0.00001249646349999987 -0.000009458146999999951
          -0.000012413592500000036 -0.000015298452499999874 -0.000018386756499999928 -0.00001555229349999993 -0.000019051557999999926 -0.000021842144500000197
          -0.000025631497500000024 -0.0000230488184999999 -0.000027547439999999986 -0.00002952126149999979 -0.000032971419500000214 -0.00003229139300000009
          -0.000036596813499999975 -0.000035013481000000204 -0.00003420053899999994 -0.000039136876999999924 -0.000037809337500000105 -0.00002890951050000002
          -0.00001841753600000002 -0.00003024520449999986 -0.000015798673999999916 -0.0000043858014999999665 0.000009241909000000046 0.0000020708774999999154
          0.000017159756999999865 0.000018886464299999992 0.000023588320299999975 0.000025584274599999902 0.00002781942729999993 0.00002447945039999997
          0.000023134990999999942 0.000026279854399999918 0.0000230193190000001 0.000020726918500000187 0.000017966822999999988 0.000019247022500000178
          0.00001559416250000009 0.00001525483949999994 0.000012798241000000048 0.00001236774749999982 0.00000968538349999982 0.000010684315000000098
          0.000008926755500000087 0.000007553172000000037 0.000005916754499999975 0.0000074980979999997965 0.000006354150999999964 0.0000046948075000001305
          0.0000038011259999999765 0.0000054489960000002056 0.0000047533145000001105 0.0000031591324999998273 0.000002722129000000245 0.000004298581499999947
          0.000004295019099999979 0.0000025202820000000743 0.000002775830199999839 0.0000053794122999998465 0.000008864244999999997 0.0000041443501000000884
          0.000007958450600000062 0.000013984230500000238 -0.000019707795200000136 0.000013458613099999948 -0.000019809723499999992 -0.0005437016012000003
          -0.0010313801698000004 -0.0005438052926000002 -0.0010317126530000006 -0.0004656172106599999 -0.0009475329202000001 0.000020307662320000203
          -0.0004660763253200001 -0.0009475774893600001 0.000019488669600000088 0.000020500763360000025 0.000014323631980000004 0.00001976522040000006
          0.000013726301639999915 0.000012041845999999849 0.000011323426559999773 0.000011647137199999871 0.000011231972020000002 0.00001080036960000018
          0.000009965650800000127 0.000011153759300000074 0.00001091112240000008 0.000008626466299999829 0.000006707542999999894 0.000010244860700000101
          0.000008941523000000112 0.000004221456500000137 0.0000012741930000002232 0.000006853925499999833 0.000003980581499999954 -0.0000019584770000001105
          -0.000005298156500000041 4.950155000001968e-7 -0.000003328648000000056 -0.000008644913500000054 -0.000012029532499999939 -0.000007259388000000113
          -0.000011235211999999871 -0.000015613874999999835 -0.00001963876200000009 -0.000015409835500000125 -0.000020103931000000123 -0.000024327647500000167
          -0.000029752025500000063 -0.000025672532999999924 -0.00003230881600000001 -0.000035645358999999855 -0.00004113735050000002 -0.000039766371499999923
          -0.00004693308999999991 -0.00004436524850000002 -0.00004216450099999992 -0.00005111963150000009 -0.0000473637625000001 -0.0000309994755
          -0.00001081372799999996 -0.000030316393999999936 -0.0000019848634999999877 0.00001144995100000011 0.00002674919670000006 0.000024323260500000054
          0.00003729253838000014 0.000032293457600000004 0.0000310970793 0.000037973681599999976 0.00003266324889999992 0.00002683211099999975
          0.000021699722999999967 0.000025693135000000077 0.000018955662999999937 0.000016747607000000137 0.000012436070499999902 0.00001315963599999979
          0.000008518278499999885 0.00000892713549999987 0.000006219633999999981 0.000005009030500000158 0.000002494000000000225 0.000004225562000000206
          0.000002820818500000239 7.917344999999303e-7 -2.821330000000998e-7 0.0000018765379999998051 0.0000012738034999998007 -8.923524999998935e-7
          -0.0000011749275000000705 9.175345000001081e-7 7.54818500000219e-7 -0.0000012316544999999876 -0.000001113594999999912 8.199079999998932e-7
          0.0000013452349999998164 -7.791225000000921e-7 1.4740700000038841e-8 0.000003000271200000236 0.000007128015700000117 0.000001947045800000024
          0.0000063648231000000135 0.000012963151499999945 -0.0000199433453000002 0.000012493624599999897 -0.00002009645160000004 -0.0005439622358000002
          -0.0010320826328 -0.0005441506614 -0.00103246916458 -0.0004665794493000001 -0.0009475577026400001 0.00001848734349999987
          -0.0004671218996000002 -0.0009474821245200002 0.00001730697530000005 0.000018739932099999965 0.00001271595130000003 0.000017400249500000063
          0.000011222912800000086 0.000010725971419999967 0.000010561393980000192 0.000009170035400000048 0.000009191187979999878 0.000010983866300000247
          0.000011514460199999878 0.00001017278212000005 0.000011639423400000012 0.000011811094199999852 0.000011480877499999938 0.000013140238900000019
          0.000014113817000000109 0.000010152272999999953 0.000007630191500000065 0.000013967670999999803 0.00001224069800000002 0.000004008024000000132
          -3.6241999999996933e-7 0.000008799431500000173 0.000003952950999999885 -0.000005061313999999983 -0.000009847070500000046 -0.0000016832330000001843
          -0.000007566707500000085 -0.000014810836999999978 -0.00002036080300000011 -0.000013602845499999782 -0.000020263444499999863 -0.000027049881500000176
          -0.00003528340500000004 -0.000028387899000000132 -0.000038749709499999995 -0.00004489997450000004 -0.000054485218999999746 -0.000051408770000000074
          -0.0000645899115000002 -0.000060018636499999835 -0.00005332796050000014 -0.00007200062549999987 -0.00005941122699999979 -0.00002642761449999994
          0.000012707600000000083 -0.000015901025999999946 0.00003522750749999975 0.00004051420629999996 0.00004722577440000009 0.000058153505400000005
          0.000054181398620000156 0.00004133393560000003 0.000031816417999999775 0.00004111904599999992 0.00002806759050000011 0.0000225502975
          0.000014708850000000018 0.000017304235499999888 0.000009068245999999803 0.000008544017499999855 0.000003970682000000187 0.000003104292500000142
          -9.86704499999875e-7 7.612580000000241e-7 -0.0000013540060000001307 -0.0000036205405000000545 -0.000005167908000000176 -0.0000026337189999998257
          -0.0000033022414999998802 -0.000005933260500000067 -0.0000061534774999997626 -0.000003541107500000212 -0.0000034899415000000195 -0.000006007519499999974
          -0.000005624609500000123 -0.0000032454700000000437 -0.000002850451000000144 -0.000005089324999999997 -0.00000443121849999997 -0.0000022537094999998504
          -0.0000012025828999998733 -0.000003587765999999814 -0.000002298172700000054 9.890909000000474e-7 0.00000566872879999986 1.293582999998754e-7
          0.0000050416394999999355 0.0000120540877999999 -0.00002025526660000004 0.000011650187399999947 -0.000020410778099999874 -0.0005443527418000003
          -0.0010328561604000003 -0.0005445556659999999 -0.0010332302718 -0.0004677051458999999 -0.0009473707893799998 0.000015938236300000094
          -0.0004683467108000001 -0.0009472580943799998 0.000014331579599999816 0.000015691479599999982 0.000009142875199999768 0.00001348062529999999
          0.000006303140200000205 0.00000687570470000009 0.000007082723060000093 0.0000037854669000000472 0.000004368534999999868 0.000008730268780000024
          0.000011241116300000114 0.000006854384699999995 0.000010392552099999878 0.000014038835099999913 0.000016491414500000013 0.000014337592800000079
          0.00001817490500000021 0.00001790879049999987 0.000017577033999999825 0.000021333379499999883 0.000023012614999999927 0.00001495730050000026
          0.000010024331500000157 0.000022213295500000126 0.000018165712499999917 0.0000034236689999998417 -0.000003897701000000038 0.000011018631500000069
          0.0000019883540000001528 -0.000011424473999999913 -0.000019567383500000166 -0.000007636625500000007 -0.00001784746299999996 -0.000029555594499999926
          -0.00004279627449999993 -0.0000303136625 -0.00004753372900000022 -0.000059856833500000075 -0.0000785894249999998 -0.00007118831900000016
          -0.00009890283899999975 -0.00008847466250000006 -0.00006326979400000015 -0.00011129971699999985 -0.00005794923899999999 0.0000071609389999998945
          0.00006546699950000015 0.00005015991149999988 0.0000976568232999999 0.000072975953 0.00005560053589999982 0.00007913640260000015
          0.00004973934399999997 0.00003648094700000003 0.0000212891250000002 0.00002727145049999995 0.000011830727500000173 0.000010144864499999978
          0.0000023526399999998395 0.0000015856475000001038 -0.000004937678500000038 -0.000002830987999999885 -0.000006074114499999827 -0.000008857848000000152
          -0.000011000212500000221 -0.000007923106999999932 -0.000008796335000000168 -0.000011950677499999952 -0.00001211368849999999 -0.00000900303550000005
          -0.000008765925999999912 -0.000011764235999999997 -0.000011090821999999989 -0.000008243707500000082 -0.0000075467539999999825 -0.000010221142000000003
          -0.000009238531499999969 -0.000006740793000000106 -0.000005840985999999963 -0.00000818998050000016 -0.000007075016999999786 -0.0000047733329999997586
          -0.000003268263700000148 -0.0000058083996000000106 -0.00000411418460000018 -6.312993000002361e-7 0.0000044843634999999855 -0.0000012942584999998292
          0.00000399680659999994 0.000011286191300000045 -0.000020555678199999834 0.000010964028499999814 -0.000020685667999999895 -0.0005447512620999999
          -0.0010335843427400004 -0.0005449337048000001 -0.0010339132124800006 -0.0004690995205999999 -0.00094720768408 0.000012332291899999944
          -0.0004701024255000001 -0.00094733937896 0.00000950144879999997 0.000010456971900000065 0.000002467578500000145 0.0000059910707999998815
          -0.000002437732200000123 3.72884999999973e-8 0.0000014676753000000217 -0.000003723801659999796 -9.025928200000494e-7 0.000004918373701600014
          0.00000923742509999999 0.0000033163069999998517 0.000007885464580000128 0.00001391531849999991 0.000018747871099999905 0.000012700926300000134
          0.000017944730200000115 0.000023482334299999975 0.00002751304100000009 0.000023739865299999958 0.000029898832499999913 0.000029644785499999876
          0.000028194199999999927 0.00003556719900000005 0.00003874035299999989 0.000021924911500000236 0.00001143512550000008 0.00003634188099999977
          0.000026328669500000153 -0.0000010610205000002523 -0.000014319058499999939 0.000010532354500000013 -0.000007409972000000083 -0.000030214674999999897
          -0.00005310133650000011 -0.000028367549999999897 -0.00005968804349999986 -0.00008712271149999995 -0.00013022063249999995 -0.00011118072099999979
          -0.00018217530200000012 -0.00014143430650000004 -0.000026127454500000165 -0.00017110367250000014 0.00006268121599999991 0.00011441272150000006
          0.00011847332250000001 0.0001785969306800001 0.0001133986252 0.00007209321269999996 0.00003645220450000003 0.000051509231500000096
          0.00001734482300000005 0.000014197018000000155 5.569834999999778e-7 -0.0000011947280000001005 -0.000011280985499999888 -0.0000075938915000001985
          -0.000012212405499999902 -0.00001651906199999995 -0.00001892425700000014 -0.000014576389499999923 -0.00001551352849999995 -0.00001966928650000006
          -0.0000194402695 -0.000015553411999999863 -0.000015033682500000097 -0.000018641504499999973 -0.000017514012999999754 -0.000014170243000000147
          -0.00001310439799999992 -0.00001620428400000011 -0.000014802811500000183 -0.000011927306999999962 -0.00001069568850000018 -0.000013365510499999974
          -0.000011924275999999856 -0.000009436553000000083 -0.000008135348699999952 -0.000010487991299999846 -0.000009029679699999983 -0.00000669699870000002
          -0.000004840071999999923 -0.000007446615900000126 -0.000005452681899999973 -0.0000018639472999997807 0.000003576895299999882 -0.000002345114899999828
          0.0000032210603999997754 0.000010684477499999906 -0.000020799054600000026 0.000010445954599999853 -0.0000208954496 -0.0005450970017000002
          -0.0010342075138 -0.0005452411540000002 -0.0010344685548600002 -0.0004717718593000002 -0.0009478971095000002 0.000004608807999999896
          -0.00047568158292 -0.0009494539085400002 -0.000005331362639999784 -7.4587729999994e-7 -0.0000075200868399999576 -0.00000896920000000009
          -0.000009871424700000165 -0.00000613896283999991 -0.000002035858779999979 -0.000005798623339999877 -0.0000017661993800000745 0.0000022242578984000337
          0.0000063360515200000835 0.000001496168359999904 0.000004504891300000093 0.00001067635017999981 0.000015712473700000037 0.000007882223600000003
          0.000012181751180000124 0.000021849117899999978 0.000029338917399999818 0.00001793166949999998 0.00002567835099999988 0.000038053341999999985
          0.000046838794000000115 0.00003596088079999996 0.0000490570110000001 0.00005222132600000011 0.000048118056499999844 0.00006380667050000013
          0.00007395848299999987 0.00003115359700000002 0.000006322465500000205 0.0000660519084999999 0.000034847372500000165 -0.000022823987500000006
          -0.00006760083300000025 -0.000008684913500000077 -0.00007760195799999993 -0.0001517270409999999 -0.00027394906999999994 -0.00023210875249999997
          -0.0004276700775000002 -0.00015426300499999992 0.00022049503700000004 0.000040155425000000224 0.00035108222299999993 0.00019577294999999984
          0.0000792299590000001 0.00013871171731999992 0.000027356747500000158 0.000021482736499999997 -0.0000045696735000001055 -0.000011399863499999937
          -0.000025694000500000095 -0.00001682434899999984 -0.000022373694000000053 -0.000030726751000000255 -0.000031740951499999916 -0.00002444758350000005
          -0.00002468441100000002 -0.00003093361999999988 -0.000029312127500000168 -0.000023946702999999973 -0.000022696462499999827 -0.000027351941000000132
          -0.000025279054999999943 -0.000021184775500000173 -0.00001955147199999998 -0.00002320164499999992 -0.000021169614999999945 -0.000017874476499999897
          -0.000016198794000000134 -0.00001920483899999984 -0.000017315139500000065 -0.00001454980199999998 -0.000012937622899999872 -0.00001550015930000015
          -0.00001375335700000004 -0.000011356490499999935 -0.00000976974259999996 -0.000012057226699999949 -0.000010367654699999994 -0.000008067492100000219
          -0.000005960248400000198 -0.000008570009099999973 -0.000006371460199999848 -0.0000027443704999999717 0.0000029253954000000595 -0.0000030678551000001576
          0.0000026848286999998997 0.00001024719450000007 -0.000020975420899999985 0.000010084702399999983 -0.000021040045799999883 -0.00054536894866
          -0.00103470138882 -0.00054547255768 -0.0010348907178000005 -0.0004888324785 -0.0009542192239459998 -0.00002284248929999992
          -0.00053485380418 -0.0009876469504399997 -0.000032520946860000196 -0.000011610962100000016 -0.000006236730860000015 -0.000005316380699999965
          -0.000003906726599999936 -0.000002758066260000026 -7.123854200001484e-7 -0.00000501429780000012 -0.0000061613470999999695 7.046832200000168e-7
          0.0000022005024800001466 -0.000006912210479999957 -0.000007029164380000017 0.000004307209237999991 0.0000074826258399998745 -0.0000063036600999998365
          -0.000004471609179999891 0.000012232195480000084 0.000019210243599999975 -0.0000011419402000000239 0.000004274260799999935 0.000029308887999999933
          0.000043785437100000185 0.000012691920700000034 0.00002566895059999989 0.00006427473049999998 0.0000911822899999999 0.00004591661540000001
          0.00007862989049999996 0.00011281821650000007 0.00009444553400000011 0.00013297892549999992 0.00018737759550000005 0.00002856370699999991
          -0.00009261999250000002 0.00012941622099999986 -0.00012965295249999997 -0.0004251696925 -0.0005432881400000003 -0.0009224931124999998
          -0.00004738117999999988 0.0004773361765 0.00028564937200000005 0.0006525927669999998 0.00006980619449999998 0.00003836935899999996
          -0.00002550375899999996 -0.000054422893500000064 -0.00006684511600000011 -0.00004063162799999997 -0.000043147311499999994 -0.00006230890049999993
          -0.00005570836749999996 -0.00004169863550000005 -0.000038945197500000106 -0.000049478734999999966 -0.00004403233050000003 -0.000035860428999999986
          -0.000032811715999999865 -0.00003934580599999988 -0.00003530012489999995 -0.000029927192999999913 -0.000027238336499999956 -0.00003177072220000024
          -0.000028650362000000036 -0.000024738711700000195 -0.000022409648899999992 -0.00002585437569999985 -0.000023316069799999844 -0.00002022975009999997
          -0.00001817915200000006 -0.000020983699900000158 -0.000018817860300000115 -0.000016238696799999932 -0.000014389435999999919 -0.00001678723629999983
          -0.000014863967899999974 -0.000012605498799999999 -0.00001083617960000002 -0.000013015256599999998 -0.000011187374600000097 -0.000008964184899999865
          -0.000006694783800000116 -0.000009260135199999988 -0.000006937756199999859 -0.0000033228857000001 0.0000024952534000000076 -0.0000035144950000001597
          0.000002352835400000023 0.000009956541899999899 -0.000021090693499999963 0.000009859780400000085 -0.000021128653100000108 -0.0005455591573200003
          -0.0010350501895200006 -0.00054562497854 -0.00103517176842 -0.0006678391609000001 -0.001238024049254 -0.0001106825216
          -0.00081715947225 -0.0020527072334000003 -0.0005919441462499998 -0.00011122445720000009 -0.00012200560960000014 -0.0005864203227499999
          -0.0005888552552500002 -0.00012831735250000003 -0.00013166042370000002 -0.0005911123971000001 -0.0005922637064999999 -0.0001333560299
          -0.00013395345999999987 -0.0005923873432999999 -0.0005916127700499998 -0.00013362076671799995 -0.00013231940913999997 -0.0005899880457999998
          -0.0005874759907000002 -0.00012976546867999998 -0.0001256003015000001 -0.0005837203673500001 -0.0005786960123000001 -0.0001193162930000001
          -0.00010953091759999996 -0.00057222690625 -0.0005626890838499999 -0.00009392636949999998 -0.00006789273699999981 -0.0005485449311499999
          -0.0005257650827499998 -0.000020161305499999896 0.000096874529 -0.00048561950525 -0.0004125413000000001 0.00025678700349999984
          -0.00033172925250000003 -0.00012034003699999983 -0.0009720203650000001 -0.0014727119724999998 0.001092710293 0.001137000802532
          0.0008551161602848 0.0001972459639999998 -0.0001086153309999998 -0.00018298785917993996 -0.00019797998750132004 -0.00011392839349999994
          -0.00009293720050000017 -0.0001432541935448199 -0.00010632551918125984 -0.00007602647850000006 -0.00006367234419999996 -0.00008322268745000023
          -0.00006792735925380012 -0.0000544416681999998 -0.00004730677610000007 -0.000057137642817599936 -0.00004910994157579995 -0.00004161176120000009
          -0.00003693347509999986 -0.00004287334273339995 -0.000037851726645999964 -0.00003299153209999994 -0.000029593932200000134 -0.00003368350000479994
          -0.00003013229553538003 -0.000026605659399999962 -0.000023930107499999933 -0.000027037062599800058 -0.00002428487070496013 -0.000021497361600000015
          -0.000019255698400000122 -0.00002179564654876011 -0.000019510713885999826 -0.000017164972800000016 -0.000015191356599999986 -0.000017385550100739846
          -0.000015383086754300004 -0.00001329877539999999 -0.000011430910999999754 -0.000013465169574923902 -0.000011574065224572157 -0.000009465552999999991
          -0.000007106309100000242 -0.000009586453904040235 -0.000007205616582779856 -0.0000036476634800001545 0.000002253477860000085 -0.0000037261117208197805
          0.0000021948457807599438 0.000009792311380000008 -0.000021154872580000034 0.000009752594146879964 -0.000021169988981599882 -0.00054567296084
          -0.0010352608562939996 -0.0005457001793060598 -0.0010353118665742398 0.0004199879489999997 0.00705907452 0.0008552696247151999
          0.0011366433912179997 -0.00029668163349999994 -0.00021971130549999987 -0.00018297969882005976 -0.00019798217899868014 -0.0001509006689999999
          -0.00011016984199999999 -0.00014325496445518013 -0.00010632580131873998 -0.00008541173750000021 -0.00006925485040000001 -0.00008322278354999995
          -0.00006792736174619984 -0.00005798773379999998 -0.000049682943799999934 -0.000057137275682400064 -0.00004910979142420022 -0.00004327719509999987
          -0.000038147124800000194 -0.0000428734667666001 -0.00003785159235399997 -0.000033907362199999945 -0.000030307084999999948 -0.000033683593695199816
          -0.00003013237216461991 -0.000027177424400000116 -0.00002440072659999989 -0.00002703663370019992 -0.000024284678495040133 -0.000021893341999999798
          -0.0000195945026000001 -0.000021795698751240256 -0.000019510527513999826 -0.000017457981500000204 -0.000015446171899999966 -0.00001738537869925984
          -0.0000153829382457 -0.000013520011699999838 -0.000011621077400000013 -0.000013465054825075905 -0.000011573992175428153 -0.000009626188400000132
          -0.000007238528800000057 -0.000009586420495960235 -0.0000072056264172198556 -0.0000037520260199999777 0.000002175590220000036 -0.00000372616167917978
          0.000002195017519240089 0.000009739562500000086 -0.000021174781619999915 0.000009752756553119832 -0.000021170069358400156 -0.0005457084712600002
          -0.0010353273901040005 -0.0005457004814739397 -0.0010353123923857596 -0.0020527062104000004 -0.0008171590382500002 -0.0006678385289999999
          -0.0012380232650859998 -0.0005919438362499999 -0.00011068221780000004 -0.0005348534370200001 -0.00098764644118 -0.00003252072303999992
          -0.0005864200313500002 -0.00011122412860000007 -0.0005888552854999999 -0.0001220054479 -0.000005316311999999835 -0.000003906589700000087
          -0.0005911120682499997 -0.0001283171783999999 -0.0005922635941500003 -0.0001316599463 -0.000005013870000000119 -0.000006161129600000112
          -0.0005923866987499999 -0.00013335550599999997 -0.0005916125897499999 -0.00013395289207999988 -0.0000069119756199998265 -0.000007028666520000016
          -0.0005899875187999999 -0.0001336202128100002 -0.0005874756063000001 -0.0001323189777400001 -0.000006303149220000109 -0.000004471068539999891
          -0.0005837201123999998 -0.00012976525068 -0.0005786956026 -0.00012559974919999995 -0.0000011415862999998946 0.000004274713900000065
          -0.0005722265335 -0.00011931532579999984 -0.0005626886243 -0.0001095299871000001 0.000012692516399999893 0.000025670041799999897
          -0.0005485443718999998 -0.00009392550000000015 -0.0005257645227500002 -0.00006789137149999997 0.00004591773190000011 0.00007863119349999994
          -0.00048561826300000003 -0.000020159381999999817 -0.0004125401807499999 0.00009687738250000009 0.0001329811574999999 0.00018738044750000007
          -0.00012033538750000025 0.0002567924604999999 -0.0009720404562499997 -0.00033171862750000004 0.00012942006649999997 -0.0001296431599999999
          -0.0014729355149999998 0.001092791173 -0.0009225478625000001 -0.000047515007500000114 0.00019730353049999985 -0.00010861383850000001
          0.0006526963684999999 0.00006982365099999993 -0.00011392951149999992 -0.0000929375114999999 -0.000054421961500000115 -0.00006684486899999985
          -0.00007602641700000018 -0.00006367179340000019 -0.00006230865300000007 -0.00005570818149999998 -0.00005444150699999981 -0.000047306837599999936
          -0.000049478486999999995 -0.00004403177300000015 -0.0000416115442000001 -0.000036933227099999864 -0.00003934543399999989 -0.0000352999755999998
          -0.00003299148820000008 -0.00002959388830000001 -0.00003177030059999995 -0.00002865013830000018 -0.00002660530599999997 -0.0000239297355000002
          -0.000025854059000000005 -0.00002331548699999984 -0.00002149722469999988 -0.00001925558009999999 -0.00002098340180000004 -0.000018817543599999995
          -0.000017164625600000017 -0.00001519105899999998 -0.00001678695679999997 -0.00001486375040000012 -0.000013298539799999987 -0.000011430755999999756
          -0.000013014890799999993 -0.000011187126600000096 -0.000009465484799999988 -0.000007106333900000239 -0.000009260023599999985 -0.000006937780999999857
          -0.000003647763300000156 0.0000022533278200000853 -0.000003514383900000017 0.0000023528534999998935 0.000009792383420000157 -0.00002115478689999989
          0.000009859507600000083 -0.00002112890915999983 -0.0005456708455600003 -0.0010352564654020006 -0.0005456254015000001 -0.0010351723632400001
          -0.0004888323854999999 -0.0009542192117939998 -0.00002284203100000004 -0.00047568124428000013 -0.0009494533949399999 -0.000005331158660000064
          -0.000011610655200000014 -0.00000623660263999989 -0.000008968902399999814 -0.000009871058899999885 -0.000002757653960000026 -7.121983000000202e-7
          -0.000005798469700000021 -0.000001766035820000219 7.048759200001467e-7 0.000002200935239999872 0.0000014965620599999045 0.000004505005260000223
          0.000004307634309999992 0.00000748305674000015 0.000007882549720000005 0.000012182301239999997 0.000012232654279999809 0.000019210764399999977
          0.000017931967099999978 0.000025678667199999886 0.000029309532799999934 0.00004378599560000006 0.00003596127759999995 0.0000490574450000001
          0.00006427547500000011 0.00009118340599999987 0.00006380722850000011 0.00007395935049999998 0.00011281988999999996 0.00009444770349999991
          0.00006605327149999994 0.000034848674999999975 0.000028566622500000085 -0.00009261341999999994 -0.00000868274199999985 -0.00007759811400000017
          -0.00042517380999999984 -0.0005434041275000002 -0.00023210715 -0.0004277183474999999 0.0004773572675 0.0002856947385000001
          0.00004010270999999997 0.00035112627000000017 0.00003837724499999978 -0.000025502454999999985 0.00013873058930000001 0.00002736177449999981
          -0.000040630821999999984 -0.00004314675350000001 -0.000011397940499999933 -0.00002569319349999981 -0.000041698386999999897 -0.00003894476350000012
          -0.000030726192500000115 -0.00003174039349999991 -0.000035859994999999985 -0.000032811219999999854 -0.0000309333715 -0.000029311879000000043
          -0.00002992694450000006 -0.000027237964000000092 -0.000027351382999999872 -0.00002527868250000009 -0.000024738054499999924 -0.000022409170999999864
          -0.000023201210500000043 -0.00002116924199999995 -0.000020229501099999988 -0.00001817866790000021 -0.00001920434199999984 -0.000017314432199999934
          -0.000016238200300000076 -0.000014389032499999788 -0.000015499476800000024 -0.000013752773700000185 -0.000012604971800000004 -0.000010835820000000015
          -0.000012056767400000106 -0.000010367146299999998 -0.000008964011299999865 -0.000006694790000000121 -0.000008569495000000105 -0.000006371447799999849
          -0.000003322818000000232 0.0000024951847000001527 -0.000003068084499999881 0.0000026846670000000386 0.00000995616370000017 -0.000021090811800000096
          0.000010084447699999855 -0.00002104028190000001 -0.0005455596522000003 -0.0010350513208800005 -0.0005454733819 -0.0010348918987600005
          -0.0004717720014000001 -0.0009478970871800002 0.000004609018800000171 -0.00047010205400000024 -0.0009473388585400004 0.00000950169059999997
          -7.455703999999385e-7 -0.000007519712359999956 0.000005991411800000157 -0.000002437347799999852 -0.000006138569139999914 -0.0000020357206400001247
          -0.0000037236566999999395 -9.024763800001928e-7 0.0000022246016078000335 0.0000063363342400000825 0.0000033165970979998518 0.000007885659260000129
          0.00001067656779999981 0.000015712628700000034 0.00001270101930000013 0.000017944971499999977 0.000021849229499999985 0.000029339270299999964
          0.00002374001359999983 0.000029898956000000047 0.00003805371350000011 0.00004683916549999998 0.00003556757000000006 0.00003874047650000002
          0.00005222175950000001 0.000048118676000000005 0.00003634206649999995 0.000026329288499999916 0.000031154526499999875 0.000006323767500000017
          0.00001053309800000016 -0.000007409165499999911 -0.000022822002999999926 -0.00006759872450000004 -0.000028366185500000112 -0.000059686308
          -0.00015172617699999995 -0.00027396694499999996 -0.00011118053749999986 -0.0001821834345000002 -0.00015431498249999994 0.00022050514950000007
          -0.00017113531000000008 0.00006266657950000014 0.00019579814249999998 0.00007923939299999994 0.00017861578870000003 0.0001134118122000001
          0.000021486150000000106 -0.0000045680600000000035 0.00005151500299999988 0.00001734773899999972 -0.000016823480000000137 -0.00002237307349999993
          -0.0000011934244999999846 -0.00001128024049999991 -0.00002444690150000004 -0.000024683853000000035 -0.000016518503499999818 -0.000018923884500000015
          -0.000023946392499999835 -0.000022696275500000113 -0.000019668976000000195 -0.000019439834999999863 -0.000021184464500000183 -0.000019550789499999855
          -0.000018640945999999857 -0.00001751351600000005 -0.000017873608000000027 -0.000016198049000000153 -0.000016203601000000144 -0.000014801942499999932
          -0.000014548871499999857 -0.000012936791600000015 -0.000013364579499999984 -0.00001192334500000014 -0.000011356055499999945 -0.000009769295699999838
          -0.000010487029799999985 -0.000009028997199999847 -0.000008067107700000217 -0.000005960192600000194 -0.000007446311599999997 -0.0000054525454999999816
          -0.000002744377199999828 0.0000029251407000002016 -0.00000234514019999996 0.0000032207002999999273 0.00001024654970000007 -0.00002097579960000012
          0.000010445396099999996 -0.000020895760599999984 -0.0005453671613600004 -0.0010346976799200005 -0.0005452422194000002 -0.0010344703659800007
          -0.0004690993904000002 -0.00094720765432 0.000012332564699999943 -0.00046834655580000006 -0.0009472575634200006 0.000014331642100000224
          0.000010457343900000062 0.0000024677464 0.00001348104069999999 0.000006303357699999786 3.7697700000000207e-8 0.0000014682619399998911
          0.000003785894700000048 0.000004369098700000011 0.000004918604732200013 0.00000923752429999999 0.0000068545496819999955 0.000010392539700000153
          0.00001391526889999991 0.000018747697500000176 0.000014337648099999954 0.000018174817700000083 0.00002348229040000011 0.00002751322599999983
          0.000021333193000000022 0.000023012613999999945 0.000029644846499999903 0.000028194137500000062 0.000022213232499999883 0.000018165711499999935
          0.000021925158499999933 0.000011435620500000094 0.000011018816500000073 0.000001988539500000008 -0.0000010606484999999634 -0.000014318190499999965
          -0.000007636068000000168 -0.00001784665750000013 -0.000030213620999999894 -0.000053100282999999957 -0.000030313289999999837 -0.00004753335699999996
          -0.00008712277549999988 -0.00013022603250000003 -0.00007118838300000017 -0.00009890600549999982 -0.00014145205050000015 -0.00002614668300000015
          -0.00011130995549999994 -0.000057964995000000194 0.00011441874049999994 0.000118486291 0.00005015687349999989 0.00009766616080000017
          0.00007210128490000014 0.000036456299500000014 0.0000791448907000002 0.00004974436999999992 0.000014198756499999964 5.579770000001042e-7
          0.000027273995499999916 0.000011832031499999869 -0.0000075930850000000635 -0.00001221197100000004 0.0000015864545000000708 -0.000004937181999999912
          -0.000014576017000000092 -0.00001551315600000012 -0.000008857352000000133 -0.000010999902000000085 -0.000015553100999999873 -0.000015033123499999832
          -0.00001195042849999997 -0.000012113129500000002 -0.000014169435999999904 -0.00001310334299999992 -0.000011763614499999868 -0.00001108976649999985
          -0.000011926066000000252 -0.000010694695000000065 -0.000010219653000000008 -0.000009237228000000139 -0.000009435497999999833 -0.000008134381000000077
          -0.000008188739000000046 -0.000007073899999999799 -0.000006696236100000024 -0.00000483956410000005 -0.000005807283600000008 -0.000004113744400000175
          -0.0000018642263000000533 0.000003576417400000027 -0.0000012945003000001007 0.000003996458399999951 0.000010683720600000048 -0.00002079958880000001
          0.000010963289700000107 -0.000020686481199999882 -0.0005450982283000002 -0.0010342099172600003 -0.0005449329271 -0.0010339107948999999
          -0.0004677047 -0.0009473702503600001 0.000015938366999999952 -0.00046712139790000003 -0.0009474820687200003 0.00001730745270000005
          0.000015691975599999986 0.00000914340220000004 0.000017400609599999917 0.000011223520400000088 0.000006875903599999945 0.00000708301817999982
          0.000009170271499999903 0.00000919145085999988 0.00000873060804000017 0.000011240979900000113 0.000010173025280000192 0.000011639150600000013
          0.000014038500299999913 0.000016491685799999897 0.000013139996599999886 0.000014113611400000135 0.000017908665499999897 0.000017576847000000128
          0.000013967422000000096 0.000012240386999999751 0.000014957175499999982 0.00001002395900000003 0.000008799182499999913 0.000003952826000000178
          0.000003423730000000147 -0.000003897639499999884 -0.0000016832339999998923 -0.000007566522500000079 -0.000011424164500000038 -0.00001956682600000001
          -0.000013602722000000167 -0.000020263320499999843 -0.000029554913000000067 -0.00004279596500000009 -0.00002838752749999997 -0.000038749338500000224
          -0.000059857392500000064 -0.00007859184600000004 -0.000051409205 -0.00006459171149999983 -0.00008848142599999982 -0.00006328096049999996
          -0.0000720050934999998 -0.00005941854850000017 0.0000071546124999998154 0.00006547146650000011 -0.000015907229500000068 0.00003522788100000017
          0.00007298345430000006 0.00005560608319999988 0.00005815885379999996 0.000054186819559999814 0.00003648448350000014 0.00002129092499999991
          0.000041122706999999876 0.000028069638500000073 0.0000101455479999998 0.000002352951000000106 0.000017305352500000138 0.000009068742499999949
          -0.0000028308014999999996 -0.000006073742500000082 0.000003104169500000105 -9.868280000000419e-7 -0.000007922796499999795 -0.000008795899999999902
          -0.0000036201685000000353 -0.000005167411499999775 -0.000009002104500000061 -0.00000876487050000007 -0.000005932638999999958 -0.0000061526695000000875
          -0.000008242527500000111 -0.000007545078499999881 -0.000006006091500000027 -0.000005623057000000005 -0.000006739364999999864 -0.000005839620500000124
          -0.000005087463000000031 -0.000004429295000000134 -0.000004772030499999901 -0.0000032677982000000276 -0.0000035862770000001155 -0.000002297062899999772
          -6.312006000000996e-7 0.0000044839037000000015 1.293769000001504e-7 0.000005040832999999806 0.000011285167300000057 -0.000020556597299999945
          0.000011649063699999829 -0.000020411914699999844 -0.0005447532446000001 -0.0010335875400400002 -0.0005445582741999998 -0.00103323419598
          -0.00046657913000000014 -0.0009475571344800003 0.0000184877036 -0.0004660759018600001 -0.00094757689578 0.000019489221899999944
          0.000018740688499999963 0.000012716664300000032 0.00001976592770000019 0.000013726917180000043 0.000010726495939999968 0.000010561612219999918
          0.000011647697679999872 0.00001123211834 0.00001098374229999997 0.000011514533600000169 0.000011153746399999943 0.000010911047000000093
          0.000011810944400000141 0.000011480318999999813 0.000010244834400000266 0.000008941459499999991 0.00001015196199999996 0.000007629880500000072
          0.000006853366999999981 0.000003980023000000094 0.000004007774999999894 -3.6235949999979434e-7 4.950139999998097e-7 -0.0000033288350000000272
          -0.000005061376999999955 -0.000009847195000000192 -0.0000072597604999999625 -0.000011235213000000131 -0.000014810837499999834 -0.000020360741499999956
          -0.000015410083999999976 -0.000020104117499999963 -0.000027049634500000166 -0.00003528346749999987 -0.000025672719500000084 -0.00003230906449999986
          -0.000044900347500000055 -0.000054486337000000036 -0.00003976637300000009 -0.00004693371200000017 -0.00006002180099999999 -0.000053333172000000233
          -0.00005112161749999977 -0.0000473672369999999 -0.00002643288749999991 0.000012706359500000217 -0.000030320302500000002 -0.000001986972000000148
          0.00004051755629999993 0.00004723021709999989 0.000024324625999999897 0.00003729585973999998 0.00004133716930000013 0.00003181859000000002
          0.00003797675930000007 0.000032665470000000046 0.000022551476500000012 0.000014709222499999869 0.000025694128000000073 0.00001895591150000004
          0.000008544141499999834 0.000003970434500000043 0.0000131595739999998 0.000008518092499999897 7.611965000001419e-7 -0.0000013536954999999928
          0.000005008906500000139 0.000002494000500000079 -0.000002633345499999991 -0.0000033014334999999088 7.917360000000632e-7 -2.8151099999984146e-7
          -0.0000035396174999999593 -0.0000034879555000000443 -8.907390000000446e-7 -0.0000011730649999999872 -0.0000032433595000002048 -0.000002848464500000051
          -0.0000012296670000001647 -0.0000011112360000002308 -0.0000022517860000000146 -0.0000012011440000000129 -7.765784999998345e-7 1.668850000001862e-8
          9.89407100000053e-7 0.0000056681140000001465 0.000001947598099999878 0.000006364245500000028 0.000012052808599999933 -0.000020257258300000156
          0.000012492140300000067 -0.00002009874809999987 -0.0005443536494999998 -0.0010328554582199998 -0.0005441525544000003 -0.0010324699186400005
          -0.00046561636796000006 -0.0009475322881799999 0.000020308499819999783 -0.0004652069903600001 -0.00094742555153 0.000020944559459999826
          0.00002050126954000014 0.000014324435380000133 0.00002096912670000008 0.000014571129420000014 0.000012042439339999847 0.000011323477400000049
          0.00001202346351999991 0.000010990623300000251 0.000010800696700000061 0.000009965674100000012 0.000010099050600000035 0.00000885074809999983
          0.000008626118100000121 0.000006707169999999913 0.000007103277700000092 0.000004868410500000143 0.000004220897999999724 0.0000012737585000000858
          0.0000022445409999999584 -6.239939999999624e-7 -0.0000019586639999998275 -0.0000052982815000000466 -0.0000035873559999998562 -0.000006539459500000274
          -0.000008645038500000035 -0.000012029967000000052 -0.000009458334000000217 -0.000012413903499999752 -0.00001561430949999997 -0.00001963888700000007
          -0.00001555266649999993 -0.00001905224050000006 -0.000024327710500000118 -0.000029752150499999797 -0.000023049377000000038 -0.000027547688999999987
          -0.000035645793499999975 -0.00004113790950000001 -0.00003229157999999979 -0.000036597000499999946 -0.00004436636599999984 -0.00004216654899999988
          -0.000039137621500000046 -0.00003781039250000009 -0.00003100195749999999 -0.00001081565050000009 -0.000030246446 -0.00001579979099999989
          0.000011450385499999973 0.000026751368199999903 0.000002070815499999905 0.000017160818199999847 0.00003229605069999984 0.00003109871760000012
          0.000025585664900000014 0.000027820525699999914 0.000026832856000000005 0.000021700218499999837 0.000026280561199999922 0.000023019257000000116
          0.000016747544499999997 0.00001243557450000018 0.000019246464500000192 0.00001559372799999997 0.000008926701500000137 0.000006219076999999957
          0.00001236743699999998 0.000009685011500000098 0.000004225500999999924 0.0000028215014999999534 0.000007552801 0.000005916817499999969
          0.0000018775320000000613 0.0000012755419999999062 0.0000046954289999999646 0.000003802368500000085 9.196459999999088e-7 7.575500000000268e-7
          0.000003161305500000059 0.000002724922999999917 8.227630000001317e-7 0.0000013475930000000644 0.000002523510000000008 0.0000027787476999999314
          0.0000030013571999999538 0.00000712740759999999 0.000004146125299999782 0.00000795839429999993 0.000012961165000000115 -0.000019946460699999886
          0.000013456378099999992 -0.000019813763699999936 -0.0005439651703999999 -0.0010320845619999997 -0.0005438075373 -0.0010317116576
          -0.00046484181141999995 -0.000947262449198 0.00002141093750000001 -0.00046448857269999993 -0.000947051693732 0.00002175132755399987
          0.000021202869901999956 0.000014538256520000037 0.00002126517092000003 0.000014329392519999942 0.000011713986020000032 0.000010404526799999914
          0.000011270590899999835 0.00000975449580000016 0.000009237653299999918 0.000007731462699999947 0.000008402949399999928 0.000006756498500000064
          0.000005780782499999971 0.0000034421479000002255 0.000004740697200000179 0.0000024279339999998905 8.431140000002003e-7 -0.0000018725920000001909
          -5.7988100000095445e-8 -0.000002593658500000029 -0.000004587574500000183 -0.000007243249999999907 -0.000005091738999999828 -0.000007520354000000038
          -0.000009852896499999951 -0.000012496898500000134 -0.000009906544000000079 -0.000012324526499999894 -0.000015298763999999995 -0.000018387191999999794
          -0.000014872841000000071 -0.00001764213349999987 -0.000021842889499999948 -0.000025631994500000003 -0.000020676182000000008 -0.000023922385499999997
          -0.000029521633999999917 -0.00003297148200000003 -0.0000271739389999999 -0.000029999608500000068 -0.00003501335750000009 -0.00003420053950000007
          -0.00003167735850000013 -0.00003118024300000018 -0.000028909945000000107 -0.000018418280000000035 -0.000027367609000000014 -0.00001959614399999983
          -0.000004386049499999965 0.000009242467000000042 -0.000008622402000000047 0.0000031434985000000005 0.00001888713440000013 0.000023588915499999972
          0.000012887667600000057 0.00001909943349999983 0.000024479648299999835 0.000023134494999999946 0.000021936624100000186 0.00002236989560000013
          0.000020726422000000073 0.000017966264500000102 0.000021371665499999756 0.000019635618499999854 0.000015254095499999942 0.000012797868499999897
          0.000017601588000000093 0.000015533755000000204 0.00001068388100000009 0.000008926198500000063 0.000013578752000000147 0.000011809627500000037
          0.0000074980374999998985 0.000006354896999999936 0.000010252019499999901 0.000008906413999999825 0.000005450549000000167 0.000004755674999999925
          0.000007766173500000008 0.00000683226200000007 0.000004302182000000017 0.000004299102700000189 0.000006149591200000029 0.0000059151692000000015
          0.000005382570599999947 0.00000886477249999985 0.000006732667699999939 0.000009879674900000069 0.000013981431799999862 -0.000019713231399999787
          0.000014566693099999922 -0.00001964113909999995 -0.0005437064184000001 -0.0010313818074000006 -0.0005436803695999997 -0.001031128287
          -0.00046404087865000007 -0.0009467990933744002 0.000022075747639999936 -0.00046322319343999993 -0.0009464878807420001 0.000022640697746000006
          0.00002128627761799997 0.000014137560320000044 0.00002159876365999987 0.000014405977079999962 0.000010934601299999922 0.000009282015600000001
          0.000011145610500000128 0.000009383679200000165 0.000007810843999999941 0.000006101646600000009 0.000007826330800000018 0.000006098453399999833
          0.000004101703200000113 0.0000018822368000001644 0.000004156577099999814 0.000002057514500000244 -4.526870000000349e-7 -0.000002807205500000177
          -1.2003819999985705e-7 -0.0000023067287000002175 -0.000005119045500000035 -0.000007372236999999924 -0.000004461408700000001 -0.0000065766664999998265
          -0.000009594893999999867 -0.000011847688500000115 -0.000008677297499999924 -0.000010809277500000081 -0.000014205437000000067 -0.000016730164999999758
          -0.000013025660500000049 -0.000015365626500000108 -0.000019440079999999843 -0.000022273459500000063 -0.000017830002499999943 -0.000020353463999999992
          -0.00002504764000000003 -0.000027414908499999957 -0.000022773950500000146 -0.000024805117999999814 -0.00002882485349999999 -0.00002852816900000005
          -0.00002601742349999998 -0.000025851472000000046 -0.00002570287650000001 -0.000019815227500000113 -0.000023700863000000004 -0.000019129964500000055
          -0.000011173064500000135 -0.0000012195795000000202 -0.000012225725500000068 -0.0000038424565000000595 0.000008002507400000192 0.000014950155280000102
          0.000004595584700000045 0.00001174553899999999 0.00001919433349999985 0.000021148568299999963 0.000016905318799999998 0.000020067990800000224
          0.000021490497500000058 0.000020815616000000025 0.000021601333100000144 0.000021946259199999835 0.000019551395500000052 0.000017984130500000094
          0.00002147428599999987 0.000020467145500000068 0.0000163000634999999 0.000014616767000000022 0.000019128542499999964 0.000017606923999999995
          0.000013005033999999981 0.000011508777999999865 0.0000160088635 0.000014414933999999959 0.000010161635500000156 0.000009005402000000124
          0.000012893428500000084 0.000011528056299999904 0.000008118283599999813 0.000007696708499999863 0.00001044588580000007 0.000009884439600000032
          0.000008291746600000126 0.000011108706499999924 0.000010352182199999983 0.000012881691600000234 0.000015308400800000027 -0.00001954014259999981
          0.000016484479299999958 -0.000019229238500000038 -0.0005437069323000002 -0.0010309718602000005 -0.0005436314960999999 -0.001030777547
          -0.0004614001232499999 -0.0009459193345275999 0.00002408119610000011 -0.00045723329124 -0.0009440932689960004 0.000028192310139999996
          0.000023163964680000038 0.000016141808079999935 0.000028369037619999786 0.00002134340360000026 0.000012795298399999987 0.000010905601599999917
          0.00001776910560000013 0.000015741499799999863 0.000009278282600000045 0.000007556911400000091 0.000014053823700000129 0.00001235910249999992
          0.000005688791599999863 0.00000371244789999991 0.000010563381999999792 0.000008706119300000066 0.000001681427899999953 -3.59021999999859e-7
          0.000006794530100000015 0.0000048812553999999815 -0.000002384443100000003 -0.000004391354800000075 0.00000295362520000012 0.0000010355233000000151
          -0.000006400900600000015 -0.000008445158200000115 -9.140592999999166e-7 -0.000002890379600000082 -0.000010559313999999899 -0.000012764078999999994
          -0.000004942162400000045 -0.000007047390899999827 -0.000015048726000000042 -0.00001734532399999983 -0.000009214410500000071 -0.000011346729500000158
          -0.00001950980499999997 -0.000021297959000000023 -0.000013343706500000081 -0.00001495867449999985 -0.000022366858499999855 -0.000022289013500000047
          -0.000015932947499999984 -0.00001590984650000003 -0.00002060933300000021 -0.000016965812000000128 -0.000014578060999999927 -0.000011579392999999946
          -0.000011340031999999989 -0.000004230444199999961 -0.000006896071400000109 -7.603876999999858e-7 0.000003381667300000192 0.000010419615220000042
          0.000006086375100000162 0.000012882819400000018 0.000016107037140000063 0.00002016952639999998 0.00001881040677999996 0.00002352152609999993
          0.000022698603099999783 0.000023965620500000135 0.000026820615399999867 0.000028894362299999868 0.000024251671600000133 0.000023815337999999877
          0.000029844088200000127 0.000029966907600000154 0.000022856656899999815 0.000021548196200000122 0.000029370363899999928 0.00002831977840000006
          0.000020017040500000145 0.000018377894599999785 0.000026875960400000097 0.000025260782199999784 0.00001672207420000004 0.000015168307200000233
          0.000023500713500000014 0.000021817710799999996 0.00001388441159999989 0.000013194046599999798 0.00002032089599999996 0.000019486910400000168
          0.000013657729399999926 0.000016107808700000178 0.000019962244800000064 0.000022749062900000043 0.000018965613199999992 -0.00001824777440000008
          0.00002521045189999984 -0.00001518660809999999 -0.0005430480551000002 -0.0010297060896000006 -0.0005413228917000001 -0.0010249348380000005
          -0.00044878289012 -0.0009393129108999999 0.00003936948413999985 -0.0004543237308000002 -0.0009518067800400002 0.00003737565489999995
          0.00003960448375999996 0.000032046423900000026 0.000034708962200000036 0.000026570455700000018 0.000028131725300000044 0.00002604655559999997
          0.00002245941570000002 0.000020398435500000005 0.000024278678000000046 0.00002269858599999998 0.000018711747100000108 0.000017278080600000164
          0.000020925946399999974 0.000019247368600000146 0.000015656017599999834 0.000014162101099999962 0.000017383601999999833 0.00001564882279999991
          0.000012466460800000051 0.000010910873700000073 0.00001374108180000014 0.00001196797850000003 0.000009155073300000038 0.0000075347445999998755
          0.000010001139899999874 0.00000814902699999997 0.00000569764809999997 0.000003980859599999931 0.000006073594100000109 0.0000041114594999999445
          0.000002034574300000142 2.192146000000042e-7 0.000001952817000000121 5.177100000101551e-9 -0.0000017840696999999816 -0.0000035604965000000454
          -0.000001958316000000012 -0.0000033839899999998978 -0.000005362568300000165 -0.000006668052100000022 -0.0000043664164999999944 -0.000004294900500000091
          -0.000007667318600000003 -0.000007697064499999967 -0.0000033203215000001 -6.734943000000217e-7 -0.000006929831800000034 -0.000004636396300000006
          0.0000032108411999999934 0.00000872987319999992 -0.000001223552499999959 0.000003750288000000154 0.000014808421999999907 0.000021444358900000173
          0.000009407159600000072 0.000015772066700000064 0.00002731015026000009 0.00003257793419999983 0.000021674539719999937 0.000027167239699999784
          0.00003631173418000013 0.000039168376180000095 0.000031335812900000064 0.0000346289810000002 0.00004053838067999998 0.00004129482410000001
          0.000036476085399999885 0.0000375868972999999 0.000040897396899999965 0.000040248861499999944 0.00003752229860000014 0.0000370590411999999
          0.00003878213729999995 0.00003737626534000017 0.00003575901439999992 0.00003438617409999998 0.00003543135993999987 0.00003382344262399989
          0.00003247688940000017 0.00003079432990000017 0.00003202564846000022 0.00003117920963999995 0.000028935353799999975 0.000027912501099999914
          0.0000314299126 0.0000348921688000001 0.00002801582639999998 0.0000316482696999999 0.00003827334589999993 -0.000005922808300000173
          0.00003767513250000005 -0.0000012154788199999029 -0.0005382331677000002 -0.00101413112568 -0.0005305135274 -0.0010536275949999997
          -0.0012168720108000001 -0.0015454229106000002 -0.0007337996404999998 -0.0019888152012 -0.002165543265960001 -0.0014947084803
          -0.0007371506457999997 -0.0007470820942 -0.0014975656928000003 -0.0015087673888999997 -0.0007526083035999999 -0.0007564189256000003
          -0.0015154435678999998 -0.0015209118701000003 -0.0007592775867 -0.0007621410054999999 -0.0015250496584999999 -0.0015293991432999998
          -0.0007645577996999998 -0.0007671090051999999 -0.0015327896714000002 -0.0015364826552999998 -0.0007692213409000001 -0.0007714759048
          -0.0015392062601999996 -0.0015422404622999998 -0.0007732887602000002 -0.0007752675377000001 -0.0015443021236 -0.0015467075563000002
          -0.0007768165582999997 -0.0007785640048000001 -0.0015481548740999998 -0.0015499902904999997 -0.0007798869200999999 -0.0007814160084999997
          -0.0015508802088000002 -0.0015521826158999999 -0.0007824872895 -0.0007837087485999998 -0.0015525242081 -0.001553255042
          -0.0007843652490000003 -0.0007850628155000001 -0.0015529750419 -0.0015531431883 -0.0007850443555 -0.0007847507520000002
          -0.0015523109678 -0.0015516797290000002 -0.0007831612949999999 -0.0007811462051999999 -0.0015493354549 -0.0015473690513999998
          -0.0007776534471999998 -0.0007738994119999999 -0.0015437304926999998 -0.0015408391220999998 -0.0007690203720999997 -0.0007647145624999998
          -0.0015366823838999996 -0.0015341331220999998 -0.0007602432547 -0.0007573025133999999 -0.0015311831032 -0.0015306524888999999
          -0.0007548664167800001 -0.00075432174318 -0.0015301873208 -0.0015323260380000002 -0.0007542655452799999 -0.0007558722471000002
          -0.0015343255121999999 -0.0015385587582999998 -0.0007575762793000002 -0.0007605274751999998 -0.0015421237114999998 -0.0015474153582
          -0.0007631536867999999 -0.0007666551234400001 -0.0015515392786 -0.0015569794781000001 -0.00076949191514 -0.0007728892633239999
          -0.0015608841073 -0.001565791256 -0.00077525048266 -0.0007775563409399998 -0.0015687925596000003 -0.001572159356
          -0.0007774964405000001 -0.0007743872498 -0.0015720738896 -0.0015684252379999997 -0.0007649851156999999 -0.0007799901843999999
          -0.0015546651156999997 -0.0015535368762600002 -0.0013185939883999997 -0.00251016616092 -0.0022835643635 -0.0042623406388
          -0.0016284651940000005 -0.0018367404840000001 -0.003637731895 -0.0014220478015000001 -0.0008414365049999998 -0.0013608011085000002
          -0.0013883282744999999 -0.003637728175999999 -0.001836737013 -0.0016284632100000004 -0.0014220466849999998 -0.0013608018519999999
          -0.0008414365049999998 -0.0013883286464999999 -0.00089071566 -0.001378102382 -0.0013933147295 -0.0009174185009999999
          -0.0013933860249999992 -0.0014032223739999998 -0.0013781030015000003 -0.0008907154120000001 -0.0013933148535 -0.0013933856545
          -0.000917418253 -0.0014032232409999996 -0.0009273369040000002 -0.0014081487420000004 -0.001415904241 -0.0009302462079999998
          -0.0014223886719999998 -0.0014293739374999998 -0.0014081488660000001 -0.000927337151 -0.0014159037459999997 -0.0014223897865
          -0.0009302459599999999 -0.0014293741855000005 -0.0009304922919999999 -0.0014359424595000007 -0.0014423176135 -0.0009294998180000001
          -0.0014483061579999997 -0.001453838885 -0.0014359427075 -0.0009304922910000002 -0.0014423178614999998 -0.0014483062814999996
          -0.0009294995700000002 -0.0014538392560000005 -0.0009276420329999997 -0.0014588401734999994 -0.0014632165565000002 -0.0009249670990000001
          -0.0014668921719999998 -0.0014697891705000004 -0.0014588399255000002 -0.0009276415369999998 -0.0014632165559999996 -0.001466892048
          -0.0009249668510000002 -0.0014697914024999997 -0.0009214445869999999 -0.0014718300969999998 -0.0014728680300000003 -0.0009162736499999999
          -0.0014726147749999998 -0.0014712518504999997 -0.00147183022 -0.0009214443389999998 -0.0014728675345000001 -0.0014726145265000008
          -0.0009162736489999996 -0.0014712518494999997 -0.0009108947579999999 -0.001468547407 -0.0014641528719999998 -0.0009034503570000001
          -0.001457333934 -0.0014485228295000004 -0.00146854778 -0.0009108950050000003 -0.0014641543589999995 -0.0014573351735
          -0.000903449861 -0.0014485235729999998 -0.000893461576 -0.0014374679060000003 -0.0014237559279999998 -0.0008797899069999997
          -0.0014071688015000004 -0.0013864438375 -0.0014374691449999999 -0.0008934610789999995 -0.0014237565479999997 -0.001407169544
          -0.0008797899050000005 -0.0013864443325000005 -0.0008605016019999998 -0.0013617904409999996 -0.0013284923160000002 -0.0008283677189999998
          -0.0012877555545000002 -0.0012215489469999997 -0.0013617915539999995 -0.0008605008560000001 -0.0013284918190000002 -0.0012877550565000002
          -0.0008283667239999996 -0.0012215485729999997 -0.0007263483290000005 -0.001127708091 -0.0009475754180000003 0.00018709668500000034
          -0.0004978511400000003 -0.0011498652524999991 -0.0011277069755000002 -0.0007263490689999999 -0.0009475734380000003 -0.0004978419874999999
          0.00018710163499999994 -0.0011499081349999995 -0.002860444164999999 0.0025916447830500004 0.005128810495128 0.019416911975
          0.005128546014871999 0.002590296876949999 -0.002860869999999998 -0.0032225460779999994 0.0013903741363440155 0.001168132312780239
          0.0016855870423134404 0.006024023379999998 0.007200035999999998 0.00555468563 -0.0018369800820000005 0.0017273773381656556
          0.0016843358082070153 0.00526558985 0.0052547739300000005 -0.001831369872 0.0016189739935727843 0.0015693362987601437
          0.00509214537 0.005007946109999999 -0.0018465315140000003 0.001558060886171839 0.0015583366075290644 0.0049733285599999994
          0.00497049938 0.0013903738016559832 0.001168112007219759 0.00168559072768656 -0.0032225465759999983 0.0017273803058343437
          0.0016843388437929843 -0.00183698504 0.0016189768104272165 0.0015693395432398564 -0.0018313663999999998 0.00155806272182816
          0.001558336502470935 -0.0018465310199999995 -0.0018504881439999996 0.001555644565799041 0.001542227750598922 0.00496439451
          0.00494615906 -0.001852443192 0.0015334306379015752 0.0015305236265228726 0.0049288473559999995 0.004923933455999999
          -0.0018599828140000007 0.001529325000176841 0.001525235427484856 0.004925420389999999 0.004923288361999999 -0.0018681010779999987
          0.0015207006692344396 0.0015179905857730315 0.004918920792 0.0049181862919999994 0.00155564498220096 0.0015422274694010779
          -0.00185048963 0.0015334296780984242 0.0015305219774771274 -0.0018524436879999997 0.00152932166982316 0.0015252324045151443
          -0.0018599838060000004 0.0015206979567655601 0.0015179861982269687 -0.0018681005839999993 -0.001879001882 0.0015163644941515362
          0.0015142182872752807 0.004920376662 0.004922054536 -0.0018905935980000005 0.001511675002076 0.0015095618848656794
          0.004922932778 0.004924716864 -0.0019031737979999992 0.0015078558208308792 0.0015060981273664804 0.004927448508
          0.004930195218 -0.0019160804140000009 0.0015042203571867204 0.0015024396400708795 0.004932750152 0.004935488615999999
          0.001516358427848464 0.0015142125207247194 -0.0018790033679999994 0.0015116685419240003 0.0015095547271343204 -0.0018905936
          0.0015078489531691198 0.0015060895686335193 -0.0019031757800000004 0.0015042110948132795 0.0015024286819291203 -0.0019160814060000006
          -0.0019291371680000002 0.00150077732159736 0.0014991222177438406 0.004938431104 0.00494134531 -0.0019420600220000004
          0.0014974457945995995 0.0014957899896934402 0.0049441521640000005 0.004946906925999999 -0.0019546343800000004 0.0014941637326979999
          0.0014925454335760794 0.004949592470000001 0.00495214979 -0.0019666623279999997 0.0014909244278639197 0.0014893056751424005
          0.004954540449999999 0.00495675551 0.0015007666464026397 0.0014991118242561597 -0.0019291376640000002 0.0014974337014003998
          0.0014957771863065602 -0.0019420610139999999 0.0014941504673020001 0.00149253046842392 -0.0019546343800000004 0.0014909087541360802
          0.0014892912748576009 -0.001966663317999999 -0.001977956979999999 0.0014876911572404008 0.0014860793856371199 0.00495877414
          0.00496056857 -0.001988347694 0.001484462923972959 0.0014828375497072804 0.004962107550000001 0.0049633757
          -0.0019976827600000006 0.0014812040043688803 0.0014795622934196007 0.004964341279999999 0.00496498842 -0.0020058029400000003
          0.0014779101783733597 0.0014762342643621592 0.00496529331 0.004965223709999999 0.0014876760527596004 0.0014860616003628789
          -0.00197795599 0.0014844444420270399 0.0014828193662927204 -0.0019883536440000005 0.0014811851356311206 0.0014795437365803998
          -0.001997687719999999 0.00147788996162664 0.00147621264563784 -0.0020058079000000004 -0.0020125808500000004 0.0014745256132024794
          0.00147276931627928 0.00496474242 0.004963772569999999 -0.002017998562 0.00147084586258592 0.0014687489539907202
          0.0049621132899999995 0.00495949875 -0.00202166947 0.0014666735024256002 0.00146471394647608 0.00495621906
          0.00495274586 -0.002023031122 0.00146286041868864 0.0014610736902989604 0.00494907373 0.004945079189999999
          0.0014745043347975193 0.0014727473997207198 -0.0020125853140000004 0.0014708230654140795 0.00146872553800928 -0.002018003522
          0.0014666494775744002 0.0014646895615239204 -0.0020216704600000005 0.00146283543731136 0.00146104814170104 -0.0020230355860000005
          -0.0020221661160000006 0.00145932421192656 0.00145759584003632 0.004940629330000001 0.004935605618 -0.0020188242679999996
          0.0014558501258756793 0.0014540272860285603 0.00492985726 0.004923183070000001 -0.002012215900000001 0.0014520639181376004
          0.00145007530421248 0.004915328522000001 0.004906454764 -0.0020017992160000003 0.0014482188058539199 0.0014464453834672796
          0.00489707958 0.004887041614 0.00145929838807344 0.0014575685499636794 -0.0020221700840000007 0.0014558233941243195
          0.0014540011599714405 -0.002018826251999999 0.0014520367218624002 0.00145004685378752 -0.0020122178840000005 0.0014481913941460796
          0.0014464188305327193 -0.002001801693999999 -0.0019882689659999997 0.0014446938181358405 0.0014429874154625601 0.004876237813999999
          0.004864624767999999 -0.001971190041999999 0.0014413666276433595 0.00143979796167384 0.00485221288 0.004838938430000001
          -0.0019501885620000004 0.0014382374570931203 0.0014367577887612806 0.004824667517999999 0.004809421668 -0.0019248640879999995
          0.0014355153232665605 0.0014344686715121598 0.004793365008 0.004776402158 0.0014446649878641612 0.0014429586265374405
          -0.00198827095 0.0014413392083566395 0.0014397707663261598 -0.001971192025999999 0.00143821085490688 0.0014367316672387197
          -0.00195019005 0.0014354898007334393 0.0014344438484878398 -0.00192486607 -0.0018944585179999998 0.0014334750476339198
          0.0014327060194133591 0.004758169625999999 0.004738766612 -0.0018583266060000004 0.0014326240196819201 0.0014333520292040796
          0.004718786942 0.004698178856 -0.0018144604459999997 0.0014346011661985599 0.0014373344138279207 0.004676101772000001
          0.004653400760000001 -0.0017600737720000006 0.0014434204453211206 0.001456304590533679 0.0046332703440000005 0.0046198019519999994
          0.00143345009436608 0.00143268184658664 -0.0018944604999999997 0.0014326021763180802 0.00143333098679592 -0.001858327596
          0.00143458098980144 0.0014373144841720801 -0.0018144614360000003 0.0014434027346788805 0.0014562895694663206 -0.0017600742659999995
          -0.0016890454199999998 0.00147659000194008 0.0015140884916613597 0.004614144761999999 0.004624900925999999 -0.0015833370079999993
          0.0015767248045406399 0.0017122351027362562 0.004675517108000001 0.004820161805999999 -0.0013300492160000007 0.0019859744728260797
          0.0026079684479250395 0.0052090570499999985 0.00632085232 0.000028802700000000184 0.0043683560582600004 0.008703441736272001
          0.009477591799999999 0.01742110717 0.0014765763360599202 0.0015140798143386393 -0.0016890454179999993 0.0015767167414593598
          0.0017122283452637448 -0.0015833365160000004 0.0019859626691739194 0.00260795335207496 -0.0013300591399999996 0.00436831638174
          0.008703314563727998 0.000028805609999999995 -0.0026410647899999967 0.012851758826864 0.014287854762199998 0.027405206990000004
          0.012849162913136002 0.0142857512178 -0.002641882609999999
        </DataArray>
      </PointData>
      <CellData>
      </CellData>
      <Points>
        <DataArray type="Float64" Name="Points" NumberOfComponents="3" format="ascii" RangeMin="0" RangeMax="141.4213562373095">
          0 0 0 2 4.042199e-17 0
          2 2 0 0 2 0
          4 0 0 4 2 0
          2 4 0 0 4 0
          4 4 0 6 4.042199e-17 0
          6 2 0 8 0 0
          8 2 0 6 4 0
          8 4 0 10 9.473903e-17 0
          10 2 0 12 0 0
          12 2 0 10 4 0
          12 4 0 14 9.473903e-17 0
          14 2 0 16 0 0
          16 2 0 14 4 0
          16 4 0 18 1.35161e-16 0
          18 2 0 20 0 0
          20 2 0 18 4 0
          20 4 0 22 1.263187e-16 0
          22 2 0 24 0 0
          24 2 0 22 4 0
          24 4 0 26 9.473903e-17 0
          26 2 0 28 0 0
          28 2 0 26 4 0
          28 4 0 30 1.35161e-16 0
          30 2 0 32 0 0
          32 2 0 30 4 0
          32 4 0 34 1.578984e-16 0
          34 2 0 36 0 0
          36 2 0 34 4 0
          36 4 0 38 4.042199e-17 0
          38 2 0 40 0 0
          40 2 0 38 4 0
          40 4 0 42 4.042199e-17 0
          42 2 0 44 0 0
          44 2 0 42 4 0
          44 4 0 46 1.578984e-16 0
          46 2 0 48 0 0
          48 2 0 46 4 0
          48 4 0 50 0 0
          50 2 0 52 0 0
          52 2 0 50 4 0
          52 4 0 54 -4.042199e-17 0
          54 2 0 56 0 0
          56 2 0 54 4 0
          56 4 0 58 9.473903e-17 0
          58 2 0 60 0 0
          60 2 0 58 4 0
          60 4 0 62 9.473903e-17 0
          62 2 0 64 0 0
          64 2 0 62 4 0
          64 4 0 66 9.473903e-17 0
          66 2 0 68 0 0
          68 2 0 66 4 0
          68 4 0 70 0 0
          70 2 0 72 0 0
          72 2 0 70 4 0
          72 4 0 74 -4.042199e-17 0
          74 2 0 76 0 0
          76 2 0 74 4 0
          76 4 0 78 4.042199e-17 0
          78 2 0 80 0 0
          80 2 0 78 4 0
          80 4 0 82 -4.042199e-17 0
          82 2 0 84 0 0
          84 2 0 82 4 0
          84 4 0 86 -4.042199e-17 0
          86 2 0 88 0 0
          88 2 0 86 4 0
          88 4 0 90 4.042199e-17 0
          90 2 0 92 0 0
          92 2 0 90 4 0
          92 4 0 94 -4.042199e-17 0
          94 2 0 96 0 0
          96 2 0 94 4 0
          96 4 0 98 0 0
          98 2 0 100 0 0
          100 2 0 98 4 0
          100 4 0 2 6 0
          4.042199e-17 6 0 4 6 0
          2 8 0 0 8 0
          4 8 0 6 6 0
          8 6 0 6 8 0
          8 8 0 10 6 0
          12 6 0 10 8 0
          12 8 0 14 6 0
          16 6 0 14 8 0
          16 8 0 18 6 0
          20 6 0 18 8 0
          20 8 0 22 6 0
          24 6 0 22 8 0
          24 8 0 26 6 0
          28 6 0 26 8 0
          28 8 0 30 6 0
          32 6 0 30 8 0
          32 8 0 34 6 0
          36 6 0 34 8 0
          36 8 0 38 6 0
          40 6 0 38 8 0
          40 8 0 42 6 0
          44 6 0 42 8 0
          44 8 0 46 6 0
          48 6 0 46 8 0
          48 8 0 50 6 0
          52 6 0 50 8 0
          52 8 0 54 6 0
          56 6 0 54 8 0
          56 8 0 58 6 0
          60 6 0 58 8 0
          60 8 0 62 6 0
          64 6 0 62 8 0
          64 8 0 66 6 0
          68 6 0 66 8 0
          68 8 0 70 6 0
          72 6 0 70 8 0
          72 8 0 74 6 0
          76 6 0 74 8 0
          76 8 0 78 6 0
          80 6 0 78 8 0
          80 8 0 82 6 0
          84 6 0 82 8 0
          84 8 0 86 6 0
          88 6 0 86 8 0
          88 8 0 90 6 0
          92 6 0 90 8 0
          92 8 0 94 6 0
          96 6 0 94 8 0
          96 8 0 98 6 0
          100 6 0 98 8 0
          100 8 0 2 10 0
          4.042199e-17 10 0 4 10 0
          2 12 0 0 12 0
          4 12 0 6 10 0
          8 10 0 6 12 0
          8 12 0 10 10 0
          12 10 0 10 12 0
          12 12 0 14 10 0
          16 10 0 14 12 0
          16 12 0 18 10 0
          20 10 0 18 12 0
          20 12 0 22 10 0
          24 10 0 22 12 0
          24 12 0 26 10 0
          28 10 0 26 12 0
          28 12 0 30 10 0
          32 10 0 30 12 0
          32 12 0 34 10 0
          36 10 0 34 12 0
          36 12 0 38 10 0
          40 10 0 38 12 0
          40 12 0 42 10 0
          44 10 0 42 12 0
          44 12 0 46 10 0
          48 10 0 46 12 0
          48 12 0 50 10 0
          52 10 0 50 12 0
          52 12 0 54 10 0
          56 10 0 54 12 0
          56 12 0 58 10 0
          60 10 0 58 12 0
          60 12 0 62 10 0
          64 10 0 62 12 0
          64 12 0 66 10 0
          68 10 0 66 12 0
          68 12 0 70 10 0
          72 10 0 70 12 0
          72 12 0 74 10 0
          76 10 0 74 12 0
          76 12 0 78 10 0
          80 10 0 78 12 0
          80 12 0 82 10 0
          84 10 0 82 12 0
          84 12 0 86 10 0
          88 10 0 86 12 0
          88 12 0 90 10 0
          92 10 0 90 12 0
          92 12 0 94 10 0
          96 10 0 94 12 0
          96 12 0 98 10 0
          100 10 0 98 12 0
          100 12 0 2 14 0
          0 14 0 4 14 0
          2 16 0 0 16 0
          4 16 0 6 14 0
          8 14 0 6 16 0
          8 16 0 10 14 0
          12 14 0 10 16 0
          12 16 0 14 14 0
          16 14 0 14 16 0
          16 16 0 18 14 0
          20 14 0 18 16 0
          20 16 0 22 14 0
          24 14 0 22 16 0
          24 16 0 26 14 0
          28 14 0 26 16 0
          28 16 0 30 14 0
          32 14 0 30 16 0
          32 16 0 34 14 0
          36 14 0 34 16 0
          36 16 0 38 14 0
          40 14 0 38 16 0
          40 16 0 42 14 0
          44 14 0 42 16 0
          44 16 0 46 14 0
          48 14 0 46 16 0
          48 16 0 50 14 0
          52 14 0 50 16 0
          52 16 0 54 14 0
          56 14 0 54 16 0
          56 16 0 58 14 0
          60 14 0 58 16 0
          60 16 0 62 14 0
          64 14 0 62 16 0
          64 16 0 66 14 0
          68 14 0 66 16 0
          68 16 0 70 14 0
          72 14 0 70 16 0
          72 16 0 74 14 0
          76 14 0 74 16 0
          76 16 0 78 14 0
          80 14 0 78 16 0
          80 16 0 82 14 0
          84 14 0 82 16 0
          84 16 0 86 14 0
          88 14 0 86 16 0
          88 16 0 90 14 0
          92 14 0 90 16 0
          92 16 0 94 14 0
          96 14 0 94 16 0
          96 16 0 98 14 0
          100 14 0 98 16 0
          100 16 0 2 18 0
          0 18 0 4 18 0
          2 20 0 0 20 0
          4 20 0 6 18 0
          8 18 0 6 20 0
          8 20 0 10 18 0
          12 18 0 10 20 0
          12 20 0 14 18 0
          16 18 0 14 20 0
          16 20 0 18 18 0
          20 18 0 18 20 0
          20 20 0 22 18 0
          24 18 0 22 20 0
          24 20 0 26 18 0
          28 18 0 26 20 0
          28 20 0 30 18 0
          32 18 0 30 20 0
          32 20 0 34 18 0
          36 18 0 34 20 0
          36 20 0 38 18 0
          40 18 0 38 20 0
          40 20 0 42 18 0
          44 18 0 42 20 0
          44 20 0 46 18 0
          48 18 0 46 20 0
          48 20 0 50 18 0
          52 18 0 50 20 0
          52 20 0 54 18 0
          56 18 0 54 20 0
          56 20 0 58 18 0
          60 18 0 58 20 0
          60 20 0 62 18 0
          64 18 0 62 20 0
          64 20 0 66 18 0
          68 18 0 66 20 0
          68 20 0 70 18 0
          72 18 0 70 20 0
          72 20 0 74 18 0
          76 18 0 74 20 0
          76 20 0 78 18 0
          80 18 0 78 20 0
          80 20 0 82 18 0
          84 18 0 82 20 0
          84 20 0 86 18 0
          88 18 0 86 20 0
          88 20 0 90 18 0
          92 18 0 90 20 0
          92 20 0 94 18 0
          96 18 0 94 20 0
          96 20 0 98 18 0
          100 18 0 98 20 0
          100 20 0 2 22 0
          0 22 0 4 22 0
          2 24 0 0 24 0
          4 24 0 6 22 0
          8 22 0 6 24 0
          8 24 0 10 22 0
          12 22 0 10 24 0
          12 24 0 14 22 0
          16 22 0 14 24 0
          16 24 0 18 22 0
          20 22 0 18 24 0
          20 24 0 22 22 0
          24 22 0 22 24 0
          24 24 0 26 22 0
          28 22 0 26 24 0
          28 24 0 30 22 0
          32 22 0 30 24 0
          32 24 0 34 22 0
          36 22 0 34 24 0
          36 24 0 38 22 0
          40 22 0 38 24 0
          40 24 0 42 22 0
          44 22 0 42 24 0
          44 24 0 46 22 0
          48 22 0 46 24 0
          48 24 0 50 22 0
          52 22 0 50 24 0
          52 24 0 54 22 0
          56 22 0 54 24 0
          56 24 0 58 22 0
          60 22 0 58 24 0
          60 24 0 62 22 0
          64 22 0 62 24 0
          64 24 0 66 22 0
          68 22 0 66 24 0
          68 24 0 70 22 0
          72 22 0 70 24 0
          72 24 0 74 22 0
          76 22 0 74 24 0
          76 24 0 78 22 0
          80 22 0 78 24 0
          80 24 0 82 22 0
          84 22 0 82 24 0
          84 24 0 86 22 0
          88 22 0 86 24 0
          88 24 0 90 22 0
          92 22 0 90 24 0
          92 24 0 94 22 0
          96 22 0 94 24 0
          96 24 0 98 22 0
          100 22 0 98 24 0
          100 24 0 2 26 0
          0 26 0 4 26 0
          2 28 0 0 28 0
          4 28 0 6 26 0
          8 26 0 6 28 0
          8 28 0 10 26 0
          12 26 0 10 28 0
          12 28 0 14 26 0
          16 26 0 14 28 0
          16 28 0 18 26 0
          20 26 0 18 28 0
          20 28 0 22 26 0
          24 26 0 22 28 0
          24 28 0 26 26 0
          28 26 0 26 28 0
          28 28 0 30 26 0
          32 26 0 30 28 0
          32 28 0 34 26 0
          36 26 0 34 28 0
          36 28 0 38 26 0
          40 26 0 38 28 0
          40 28 0 42 26 0
          44 26 0 42 28 0
          44 28 0 46 26 0
          48 26 0 46 28 0
          48 28 0 50 26 0
          52 26 0 50 28 0
          52 28 0 54 26 0
          56 26 0 54 28 0
          56 28 0 58 26 0
          60 26 0 58 28 0
          60 28 0 62 26 0
          64 26 0 62 28 0
          64 28 0 66 26 0
          68 26 0 66 28 0
          68 28 0 70 26 0
          72 26 0 70 28 0
          72 28 0 74 26 0
          76 26 0 74 28 0
          76 28 0 78 26 0
          80 26 0 78 28 0
          80 28 0 82 26 0
          84 26 0 82 28 0
          84 28 0 86 26 0
          88 26 0 86 28 0
          88 28 0 90 26 0
          92 26 0 90 28 0
          92 28 0 94 26 0
          96 26 0 94 28 0
          96 28 0 98 26 0
          100 26 0 98 28 0
          100 28 0 2 30 0
          0 30 0 4 30 0
          2 32 0 0 32 0
          4 32 0 6 30 0
          8 30 0 6 32 0
          8 32 0 10 30 0
          12 30 0 10 32 0
          12 32 0 14 30 0
          16 30 0 14 32 0
          16 32 0 18 30 0
          20 30 0 18 32 0
          20 32 0 22 30 0
          24 30 0 22 32 0
          24 32 0 26 30 0
          28 30 0 26 32 0
          28 32 0 30 30 0
          32 30 0 30 32 0
          32 32 0 34 30 0
          36 30 0 34 32 0
          36 32 0 38 30 0
          40 30 0 38 32 0
          40 32 0 42 30 0
          44 30 0 42 32 0
          44 32 0 46 30 0
          48 30 0 46 32 0
          48 32 0 50 30 0
          52 30 0 50 32 0
          52 32 0 54 30 0
          56 30 0 54 32 0
          56 32 0 58 30 0
          60 30 0 58 32 0
          60 32 0 62 30 0
          64 30 0 62 32 0
          64 32 0 66 30 0
          68 30 0 66 32 0
          68 32 0 70 30 0
          72 30 0 70 32 0
          72 32 0 74 30 0
          76 30 0 74 32 0
          76 32 0 78 30 0
          80 30 0 78 32 0
          80 32 0 82 30 0
          84 30 0 82 32 0
          84 32 0 86 30 0
          88 30 0 86 32 0
          88 32 0 90 30 0
          92 30 0 90 32 0
          92 32 0 94 30 0
          96 30 0 94 32 0
          96 32 0 98 30 0
          100 30 0 98 32 0
          100 32 0 2 34 0
          0 34 0 4 34 0
          2 36 0 0 36 0
          4 36 0 6 34 0
          8 34 0 6 36 0
          8 36 0 10 34 0
          12 34 0 10 36 0
          12 36 0 14 34 0
          16 34 0 14 36 0
          16 36 0 18 34 0
          20 34 0 18 36 0
          20 36 0 22 34 0
          24 34 0 22 36 0
          24 36 0 26 34 0
          28 34 0 26 36 0
          28 36 0 30 34 0
          32 34 0 30 36 0
          32 36 0 34 34 0
          36 34 0 34 36 0
          36 36 0 38 34 0
          40 34 0 38 36 0
          40 36 0 42 34 0
          44 34 0 42 36 0
          44 36 0 46 34 0
          48 34 0 46 36 0
          48 36 0 50 34 0
          52 34 0 50 36 0
          52 36 0 54 34 0
          56 34 0 54 36 0
          56 36 0 58 34 0
          60 34 0 58 36 0
          60 36 0 62 34 0
          64 34 0 62 36 0
          64 36 0 66 34 0
          68 34 0 66 36 0
          68 36 0 70 34 0
          72 34 0 70 36 0
          72 36 0 74 34 0
          76 34 0 74 36 0
          76 36 0 78 34 0
          80 34 0 78 36 0
          80 36 0 82 34 0
          84 34 0 82 36 0
          84 36 0 86 34 0
          88 34 0 86 36 0
          88 36 0 90 34 0
          92 34 0 90 36 0
          92 36 0 94 34 0
          96 34 0 94 36 0
          96 36 0 98 34 0
          100 34 0 98 36 0
          100 36 0 2 38 0
          0 38 0 4 38 0
          2 40 0 0 40 0
          4 40 0 6 38 0
          8 38 0 6 40 0
          8 40 0 10 38 0
          12 38 0 10 40 0
          12 40 0 14 38 0
          16 38 0 14 40 0
          16 40 0 18 38 0
          20 38 0 18 40 0
          20 40 0 22 38 0
          24 38 0 22 40 0
          24 40 0 26 38 0
          28 38 0 26 40 0
          28 40 0 30 38 0
          32 38 0 30 40 0
          32 40 0 34 38 0
          36 38 0 34 40 0
          36 40 0 38 38 0
          40 38 0 38 40 0
          40 40 0 42 38 0
          44 38 0 42 40 0
          44 40 0 46 38 0
          48 38 0 46 40 0
          48 40 0 50 38 0
          52 38 0 50 40 0
          52 40 0 54 38 0
          56 38 0 54 40 0
          56 40 0 58 38 0
          60 38 0 58 40 0
          60 40 0 62 38 0
          64 38 0 62 40 0
          64 40 0 66 38 0
          68 38 0 66 40 0
          68 40 0 70 38 0
          72 38 0 70 40 0
          72 40 0 74 38 0
          76 38 0 74 40 0
          76 40 0 78 38 0
          80 38 0 78 40 0
          80 40 0 82 38 0
          84 38 0 82 40 0
          84 40 0 86 38 0
          88 38 0 86 40 0
          88 40 0 90 38 0
          92 38 0 90 40 0
          92 40 0 94 38 0
          96 38 0 94 40 0
          96 40 0 98 38 0
          100 38 0 98 40 0
          100 40 0 2 42 0
          0 42 0 4 42 0
          2 44 0 0 44 0
          4 44 0 6 42 0
          8 42 0 6 44 0
          8 44 0 10 42 0
          12 42 0 10 44 0
          12 44 0 14 42 0
          16 42 0 14 44 0
          16 44 0 18 42 0
          20 42 0 18 44 0
          20 44 0 22 42 0
          24 42 0 22 44 0
          24 44 0 26 42 0
          28 42 0 26 44 0
          28 44 0 30 42 0
          32 42 0 30 44 0
          32 44 0 34 42 0
          36 42 0 34 44 0
          36 44 0 38 42 0
          40 42 0 38 44 0
          40 44 0 42 42 0
          44 42 0 42 44 0
          44 44 0 46 42 0
          48 42 0 46 44 0
          48 44 0 50 42 0
          52 42 0 50 44 0
          52 44 0 54 42 0
          56 42 0 54 44 0
          56 44 0 58 42 0
          60 42 0 58 44 0
          60 44 0 62 42 0
          64 42 0 62 44 0
          64 44 0 66 42 0
          68 42 0 66 44 0
          68 44 0 70 42 0
          72 42 0 70 44 0
          72 44 0 74 42 0
          76 42 0 74 44 0
          76 44 0 78 42 0
          80 42 0 78 44 0
          80 44 0 82 42 0
          84 42 0 82 44 0
          84 44 0 86 42 0
          88 42 0 86 44 0
          88 44 0 90 42 0
          92 42 0 90 44 0
          92 44 0 94 42 0
          96 42 0 94 44 0
          96 44 0 98 42 0
          100 42 0 98 44 0
          100 44 0 2 46 0
          0 46 0 4 46 0
          2 48 0 0 48 0
          4 48 0 6 46 0
          8 46 0 6 48 0
          8 48 0 10 46 0
          12 46 0 10 48 0
          12 48 0 14 46 0
          16 46 0 14 48 0
          16 48 0 18 46 0
          20 46 0 18 48 0
          20 48 0 22 46 0
          24 46 0 22 48 0
          24 48 0 26 46 0
          28 46 0 26 48 0
          28 48 0 30 46 0
          32 46 0 30 48 0
          32 48 0 34 46 0
          36 46 0 34 48 0
          36 48 0 38 46 0
          40 46 0 38 48 0
          40 48 0 42 46 0
          44 46 0 42 48 0
          44 48 0 46 46 0
          48 46 0 46 48 0
          48 48 0 50 46 0
          52 46 0 50 48 0
          52 48 0 54 46 0
          56 46 0 54 48 0
          56 48 0 58 46 0
          60 46 0 58 48 0
          60 48 0 62 46 0
          64 46 0 62 48 0
          64 48 0 66 46 0
          68 46 0 66 48 0
          68 48 0 70 46 0
          72 46 0 70 48 0
          72 48 0 74 46 0
          76 46 0 74 48 0
          76 48 0 78 46 0
          80 46 0 78 48 0
          80 48 0 82 46 0
          84 46 0 82 48 0
          84 48 0 86 46 0
          88 46 0 86 48 0
          88 48 0 90 46 0
          92 46 0 90 48 0
          92 48 0 94 46 0
          96 46 0 94 48 0
          96 48 0 98 46 0
          100 46 0 98 48 0
          100 48 0 44 50 0
          42 50 0 44 52 0
          42 52 0 46 50 0
          48 50 0 46 52 0
          48 52 0 50 50 0
          52 50 0 50 52 0
          52 52 0 54 50 0
          56 50 0 54 52 0
          56 52 0 58 50 0
          60 50 0 58 52 0
          60 52 0 62 50 0
          64 50 0 62 52 0
          64 52 0 66 50 0
          68 50 0 66 52 0
          68 52 0 70 50 0
          72 50 0 70 52 0
          72 52 0 74 50 0
          76 50 0 74 52 0
          76 52 0 78 50 0
          80 50 0 78 52 0
          80 52 0 82 50 0
          84 50 0 82 52 0
          84 52 0 86 50 0
          88 50 0 86 52 0
          88 52 0 90 50 0
          92 50 0 90 52 0
          92 52 0 94 50 0
          96 50 0 94 52 0
          96 52 0 98 50 0
          100 50 0 98 52 0
          100 52 0 0 52 0
          2 52 0 2 54 0
          4.042199e-17 54 0 4 52 0
          4 54 0 2 56 0
          0 56 0 4 56 0
          6 52 0 6 54 0
          8 52 0 8 54 0
          6 56 0 8 56 0
          10 52 0 10 54 0
          12 52 0 12 54 0
          10 56 0 12 56 0
          14 52 0 14 54 0
          16 52 0 16 54 0
          14 56 0 16 56 0
          18 52 0 18 54 0
          20 52 0 20 54 0
          18 56 0 20 56 0
          22 52 0 22 54 0
          24 52 0 24 54 0
          22 56 0 24 56 0
          26 52 0 26 54 0
          28 52 0 28 54 0
          26 56 0 28 56 0
          30 52 0 30 54 0
          32 52 0 32 54 0
          30 56 0 32 56 0
          34 52 0 34 54 0
          36 52 0 36 54 0
          34 56 0 36 56 0
          38 52 0 38 54 0
          40 52 0 40 54 0
          38 56 0 40 56 0
          42 54 0 44 54 0
          42 56 0 44 56 0
          46 54 0 48 54 0
          46 56 0 48 56 0
          50 54 0 52 54 0
          50 56 0 52 56 0
          54 54 0 56 54 0
          54 56 0 56 56 0
          58 54 0 60 54 0
          58 56 0 60 56 0
          62 54 0 64 54 0
          62 56 0 64 56 0
          66 54 0 68 54 0
          66 56 0 68 56 0
          70 54 0 72 54 0
          70 56 0 72 56 0
          74 54 0 76 54 0
          74 56 0 76 56 0
          78 54 0 80 54 0
          78 56 0 80 56 0
          82 54 0 84 54 0
          82 56 0 84 56 0
          86 54 0 88 54 0
          86 56 0 88 56 0
          90 54 0 92 54 0
          90 56 0 92 56 0
          94 54 0 96 54 0
          94 56 0 96 56 0
          98 54 0 100 54 0
          98 56 0 100 56 0
          2 58 0 -4.042199e-17 58 0
          4 58 0 2 60 0
          0 60 0 4 60 0
          6 58 0 8 58 0
          6 60 0 8 60 0
          10 58 0 12 58 0
          10 60 0 12 60 0
          14 58 0 16 58 0
          14 60 0 16 60 0
          18 58 0 20 58 0
          18 60 0 20 60 0
          22 58 0 24 58 0
          22 60 0 24 60 0
          26 58 0 28 58 0
          26 60 0 28 60 0
          30 58 0 32 58 0
          30 60 0 32 60 0
          34 58 0 36 58 0
          34 60 0 36 60 0
          38 58 0 40 58 0
          38 60 0 40 60 0
          42 58 0 44 58 0
          42 60 0 44 60 0
          46 58 0 48 58 0
          46 60 0 48 60 0
          50 58 0 52 58 0
          50 60 0 52 60 0
          54 58 0 56 58 0
          54 60 0 56 60 0
          58 58 0 60 58 0
          58 60 0 60 60 0
          62 58 0 64 58 0
          62 60 0 64 60 0
          66 58 0 68 58 0
          66 60 0 68 60 0
          70 58 0 72 58 0
          70 60 0 72 60 0
          74 58 0 76 58 0
          74 60 0 76 60 0
          78 58 0 80 58 0
          78 60 0 80 60 0
          82 58 0 84 58 0
          82 60 0 84 60 0
          86 58 0 88 58 0
          86 60 0 88 60 0
          90 58 0 92 58 0
          90 60 0 92 60 0
          94 58 0 96 58 0
          94 60 0 96 60 0
          98 58 0 100 58 0
          98 60 0 100 60 0
          2 62 0 -4.042199e-17 62 0
          4 62 0 2 64 0
          0 64 0 4 64 0
          6 62 0 8 62 0
          6 64 0 8 64 0
          10 62 0 12 62 0
          10 64 0 12 64 0
          14 62 0 16 62 0
          14 64 0 16 64 0
          18 62 0 20 62 0
          18 64 0 20 64 0
          22 62 0 24 62 0
          22 64 0 24 64 0
          26 62 0 28 62 0
          26 64 0 28 64 0
          30 62 0 32 62 0
          30 64 0 32 64 0
          34 62 0 36 62 0
          34 64 0 36 64 0
          38 62 0 40 62 0
          38 64 0 40 64 0
          42 62 0 44 62 0
          42 64 0 44 64 0
          46 62 0 48 62 0
          46 64 0 48 64 0
          50 62 0 52 62 0
          50 64 0 52 64 0
          54 62 0 56 62 0
          54 64 0 56 64 0
          58 62 0 60 62 0
          58 64 0 60 64 0
          62 62 0 64 62 0
          62 64 0 64 64 0
          66 62 0 68 62 0
          66 64 0 68 64 0
          70 62 0 72 62 0
          70 64 0 72 64 0
          74 62 0 76 62 0
          74 64 0 76 64 0
          78 62 0 80 62 0
          78 64 0 80 64 0
          82 62 0 84 62 0
          82 64 0 84 64 0
          86 62 0 88 62 0
          86 64 0 88 64 0
          90 62 0 92 62 0
          90 64 0 92 64 0
          94 62 0 96 62 0
          94 64 0 96 64 0
          98 62 0 100 62 0
          98 64 0 100 64 0
          2 66 0 4.042199e-17 66 0
          4 66 0 2 68 0
          0 68 0 4 68 0
          6 66 0 8 66 0
          6 68 0 8 68 0
          10 66 0 12 66 0
          10 68 0 12 68 0
          14 66 0 16 66 0
          14 68 0 16 68 0
          18 66 0 20 66 0
          18 68 0 20 68 0
          22 66 0 24 66 0
          22 68 0 24 68 0
          26 66 0 28 66 0
          26 68 0 28 68 0
          30 66 0 32 66 0
          30 68 0 32 68 0
          34 66 0 36 66 0
          34 68 0 36 68 0
          38 66 0 40 66 0
          38 68 0 40 68 0
          42 66 0 44 66 0
          42 68 0 44 68 0
          46 66 0 48 66 0
          46 68 0 48 68 0
          50 66 0 52 66 0
          50 68 0 52 68 0
          54 66 0 56 66 0
          54 68 0 56 68 0
          58 66 0 60 66 0
          58 68 0 60 68 0
          62 66 0 64 66 0
          62 68 0 64 68 0
          66 66 0 68 66 0
          66 68 0 68 68 0
          70 66 0 72 66 0
          70 68 0 72 68 0
          74 66 0 76 66 0
          74 68 0 76 68 0
          78 66 0 80 66 0
          78 68 0 80 68 0
          82 66 0 84 66 0
          82 68 0 84 68 0
          86 66 0 88 66 0
          86 68 0 88 68 0
          90 66 0 92 66 0
          90 68 0 92 68 0
          94 66 0 96 66 0
          94 68 0 96 68 0
          98 66 0 100 66 0
          98 68 0 100 68 0
          2 70 0 -4.042199e-17 70 0
          4 70 0 2 72 0
          0 72 0 4 72 0
          6 70 0 8 70 0
          6 72 0 8 72 0
          10 70 0 12 70 0
          10 72 0 12 72 0
          14 70 0 16 70 0
          14 72 0 16 72 0
          18 70 0 20 70 0
          18 72 0 20 72 0
          22 70 0 24 70 0
          22 72 0 24 72 0
          26 70 0 28 70 0
          26 72 0 28 72 0
          30 70 0 32 70 0
          30 72 0 32 72 0
          34 70 0 36 70 0
          34 72 0 36 72 0
          38 70 0 40 70 0
          38 72 0 40 72 0
          42 70 0 44 70 0
          42 72 0 44 72 0
          46 70 0 48 70 0
          46 72 0 48 72 0
          50 70 0 52 70 0
          50 72 0 52 72 0
          54 70 0 56 70 0
          54 72 0 56 72 0
          58 70 0 60 70 0
          58 72 0 60 72 0
          62 70 0 64 70 0
          62 72 0 64 72 0
          66 70 0 68 70 0
          66 72 0 68 72 0
          70 70 0 72 70 0
          70 72 0 72 72 0
          74 70 0 76 70 0
          74 72 0 76 72 0
          78 70 0 80 70 0
          78 72 0 80 72 0
          82 70 0 84 70 0
          82 72 0 84 72 0
          86 70 0 88 70 0
          86 72 0 88 72 0
          90 70 0 92 70 0
          90 72 0 92 72 0
          94 70 0 96 70 0
          94 72 0 96 72 0
          98 70 0 100 70 0
          98 72 0 100 72 0
          2 74 0 -4.042199e-17 74 0
          4 74 0 2 76 0
          0 76 0 4 76 0
          6 74 0 8 74 0
          6 76 0 8 76 0
          10 74 0 12 74 0
          10 76 0 12 76 0
          14 74 0 16 74 0
          14 76 0 16 76 0
          18 74 0 20 74 0
          18 76 0 20 76 0
          22 74 0 24 74 0
          22 76 0 24 76 0
          26 74 0 28 74 0
          26 76 0 28 76 0
          30 74 0 32 74 0
          30 76 0 32 76 0
          34 74 0 36 74 0
          34 76 0 36 76 0
          38 74 0 40 74 0
          38 76 0 40 76 0
          42 74 0 44 74 0
          42 76 0 44 76 0
          46 74 0 48 74 0
          46 76 0 48 76 0
          50 74 0 52 74 0
          50 76 0 52 76 0
          54 74 0 56 74 0
          54 76 0 56 76 0
          58 74 0 60 74 0
          58 76 0 60 76 0
          62 74 0 64 74 0
          62 76 0 64 76 0
          66 74 0 68 74 0
          66 76 0 68 76 0
          70 74 0 72 74 0
          70 76 0 72 76 0
          74 74 0 76 74 0
          74 76 0 76 76 0
          78 74 0 80 74 0
          78 76 0 80 76 0
          82 74 0 84 74 0
          82 76 0 84 76 0
          86 74 0 88 74 0
          86 76 0 88 76 0
          90 74 0 92 74 0
          90 76 0 92 76 0
          94 74 0 96 74 0
          94 76 0 96 76 0
          98 74 0 100 74 0
          98 76 0 100 76 0
          2 78 0 4.042199e-17 78 0
          4 78 0 2 80 0
          0 80 0 4 80 0
          6 78 0 8 78 0
          6 80 0 8 80 0
          10 78 0 12 78 0
          10 80 0 12 80 0
          14 78 0 16 78 0
          14 80 0 16 80 0
          18 78 0 20 78 0
          18 80 0 20 80 0
          22 78 0 24 78 0
          22 80 0 24 80 0
          26 78 0 28 78 0
          26 80 0 28 80 0
          30 78 0 32 78 0
          30 80 0 32 80 0
          34 78 0 36 78 0
          34 80 0 36 80 0
          38 78 0 40 78 0
          38 80 0 40 80 0
          42 78 0 44 78 0
          42 80 0 44 80 0
          46 78 0 48 78 0
          46 80 0 48 80 0
          50 78 0 52 78 0
          50 80 0 52 80 0
          54 78 0 56 78 0
          54 80 0 56 80 0
          58 78 0 60 78 0
          58 80 0 60 80 0
          62 78 0 64 78 0
          62 80 0 64 80 0
          66 78 0 68 78 0
          66 80 0 68 80 0
          70 78 0 72 78 0
          70 80 0 72 80 0
          74 78 0 76 78 0
          74 80 0 76 80 0
          78 78 0 80 78 0
          78 80 0 80 80 0
          82 78 0 84 78 0
          82 80 0 84 80 0
          86 78 0 88 78 0
          86 80 0 88 80 0
          90 78 0 92 78 0
          90 80 0 92 80 0
          94 78 0 96 78 0
          94 80 0 96 80 0
          98 78 0 100 78 0
          98 80 0 100 80 0
          2 82 0 -4.042199e-17 82 0
          4 82 0 2 84 0
          0 84 0 4 84 0
          6 82 0 8 82 0
          6 84 0 8 84 0
          10 82 0 12 82 0
          10 84 0 12 84 0
          14 82 0 16 82 0
          14 84 0 16 84 0
          18 82 0 20 82 0
          18 84 0 20 84 0
          22 82 0 24 82 0
          22 84 0 24 84 0
          26 82 0 28 82 0
          26 84 0 28 84 0
          30 82 0 32 82 0
          30 84 0 32 84 0
          34 82 0 36 82 0
          34 84 0 36 84 0
          38 82 0 40 82 0
          38 84 0 40 84 0
          42 82 0 44 82 0
          42 84 0 44 84 0
          46 82 0 48 82 0
          46 84 0 48 84 0
          50 82 0 52 82 0
          50 84 0 52 84 0
          54 82 0 56 82 0
          54 84 0 56 84 0
          58 82 0 60 82 0
          58 84 0 60 84 0
          62 82 0 64 82 0
          62 84 0 64 84 0
          66 82 0 68 82 0
          66 84 0 68 84 0
          70 82 0 72 82 0
          70 84 0 72 84 0
          74 82 0 76 82 0
          74 84 0 76 84 0
          78 82 0 80 82 0
          78 84 0 80 84 0
          82 82 0 84 82 0
          82 84 0 84 84 0
          86 82 0 88 82 0
          86 84 0 88 84 0
          90 82 0 92 82 0
          90 84 0 92 84 0
          94 82 0 96 82 0
          94 84 0 96 84 0
          98 82 0 100 82 0
          98 84 0 100 84 0
          2 86 0 -4.042199e-17 86 0
          4 86 0 2 88 0
          0 88 0 4 88 0
          6 86 0 8 86 0
          6 88 0 8 88 0
          10 86 0 12 86 0
          10 88 0 12 88 0
          14 86 0 16 86 0
          14 88 0 16 88 0
          18 86 0 20 86 0
          18 88 0 20 88 0
          22 86 0 24 86 0
          22 88 0 24 88 0
          26 86 0 28 86 0
          26 88 0 28 88 0
          30 86 0 32 86 0
          30 88 0 32 88 0
          34 86 0 36 86 0
          34 88 0 36 88 0
          38 86 0 40 86 0
          38 88 0 40 88 0
          42 86 0 44 86 0
          42 88 0 44 88 0
          46 86 0 48 86 0
          46 88 0 48 88 0
          50 86 0 52 86 0
          50 88 0 52 88 0
          54 86 0 56 86 0
          54 88 0 56 88 0
          58 86 0 60 86 0
          58 88 0 60 88 0
          62 86 0 64 86 0
          62 88 0 64 88 0
          66 86 0 68 86 0
          66 88 0 68 88 0
          70 86 0 72 86 0
          70 88 0 72 88 0
          74 86 0 76 86 0
          74 88 0 76 88 0
          78 86 0 80 86 0
          78 88 0 80 88 0
          82 86 0 84 86 0
          82 88 0 84 88 0
          86 86 0 88 86 0
          86 88 0 88 88 0
          90 86 0 92 86 0
          90 88 0 92 88 0
          94 86 0 96 86 0
          94 88 0 96 88 0
          98 86 0 100 86 0
          98 88 0 100 88 0
          2 90 0 4.042199e-17 90 0
          4 90 0 2 92 0
          0 92 0 4 92 0
          6 90 0 8 90 0
          6 92 0 8 92 0
          10 90 0 12 90 0
          10 92 0 12 92 0
          14 90 0 16 90 0
          14 92 0 16 92 0
          18 90 0 20 90 0
          18 92 0 20 92 0
          22 90 0 24 90 0
          22 92 0 24 92 0
          26 90 0 28 90 0
          26 92 0 28 92 0
          30 90 0 32 90 0
          30 92 0 32 92 0
          34 90 0 36 90 0
          34 92 0 36 92 0
          38 90 0 40 90 0
          38 92 0 40 92 0
          42 90 0 44 90 0
          42 92 0 44 92 0
          46 90 0 48 90 0
          46 92 0 48 92 0
          50 90 0 52 90 0
          50 92 0 52 92 0
          54 90 0 56 90 0
          54 92 0 56 92 0
          58 90 0 60 90 0
          58 92 0 60 92 0
          62 90 0 64 90 0
          62 92 0 64 92 0
          66 90 0 68 90 0
          66 92 0 68 92 0
          70 90 0 72 90 0
          70 92 0 72 92 0
          74 90 0 76 90 0
          74 92 0 76 92 0
          78 90 0 80 90 0
          78 92 0 80 92 0
          82 90 0 84 90 0
          82 92 0 84 92 0
          86 90 0 88 90 0
          86 92 0 88 92 0
          90 90 0 92 90 0
          90 92 0 92 92 0
          94 90 0 96 90 0
          94 92 0 96 92 0
          98 90 0 100 90 0
          98 92 0 100 92 0
          2 94 0 -4.042199e-17 94 0
          4 94 0 2 96 0
          0 96 0 4 96 0
          6 94 0 8 94 0
          6 96 0 8 96 0
          10 94 0 12 94 0
          10 96 0 12 96 0
          14 94 0 16 94 0
          14 96 0 16 96 0
          18 94 0 20 94 0
          18 96 0 20 96 0
          22 94 0 24 94 0
          22 96 0 24 96 0
          26 94 0 28 94 0
          26 96 0 28 96 0
          30 94 0 32 94 0
          30 96 0 32 96 0
          34 94 0 36 94 0
          34 96 0 36 96 0
          38 94 0 40 94 0
          38 96 0 40 96 0
          42 94 0 44 94 0
          42 96 0 44 96 0
          46 94 0 48 94 0
          46 96 0 48 96 0
          50 94 0 52 94 0
          50 96 0 52 96 0
          54 94 0 56 94 0
          54 96 0 56 96 0
          58 94 0 60 94 0
          58 96 0 60 96 0
          62 94 0 64 94 0
          62 96 0 64 96 0
          66 94 0 68 94 0
          66 96 0 68 96 0
          70 94 0 72 94 0
          70 96 0 72 96 0
          74 94 0 76 94 0
          74 96 0 76 96 0
          78 94 0 80 94 0
          78 96 0 80 96 0
          82 94 0 84 94 0
          82 96 0 84 96 0
          86 94 0 88 94 0
          86 96 0 88 96 0
          90 94 0 92 94 0
          90 96 0 92 96 0
          94 94 0 96 94 0
          94 96 0 96 96 0
          98 94 0 100 94 0
          98 96 0 100 96 0
          2 98 0 0 98 0
          4 98 0 2 100 0
          0 100 0 4 100 0
          6 98 0 8 98 0
          6 100 0 8 100 0
          10 98 0 12 98 0
          10 100 0 12 100 0
          14 98 0 16 98 0
          14 100 0 16 100 0
          18 98 0 20 98 0
          18 100 0 20 100 0
          22 98 0 24 98 0
          22 100 0 24 100 0
          26 98 0 28 98 0
          26 100 0 28 100 0
          30 98 0 32 98 0
          30 100 0 32 100 0
          34 98 0 36 98 0
          34 100 0 36 100 0
          38 98 0 40 98 0
          38 100 0 40 100 0
          42 98 0 44 98 0
          42 100 0 44 100 0
          46 98 0 48 98 0
          46 100 0 48 100 0
          50 98 0 52 98 0
          50 100 0 52 100 0
          54 98 0 56 98 0
          54 100 0 56 100 0
          58 98 0 60 98 0
          58 100 0 60 100 0
          62 98 0 64 98 0
          62 100 0 64 100 0
          66 98 0 68 98 0
          66 100 0 68 100 0
          70 98 0 72 98 0
          70 100 0 72 100 0
          74 98 0 76 98 0
          74 100 0 76 100 0
          78 98 0 80 98 0
          78 100 0 80 100 0
          82 98 0 84 98 0
          82 100 0 84 100 0
          86 98 0 88 98 0
          86 100 0 88 100 0
          90 98 0 92 98 0
          90 100 0 92 100 0
          94 98 0 96 98 0
          94 100 0 96 100 0
          98 98 0 100 98 0
          98 100 0 100 100 0
          1 48 0 1 49 0
          0 49 0 2 49 0
          3 48 0 3 49 0
          4 49 0 0 51 0
          1 51 0 1 52 0
          2 51 0 3 51 0
          3 52 0 4 51 0
          5 48 0 5 49 0
          6 49 0 7 48 0
          7 49 0 8 49 0
          5 51 0 5 52 0
          6 51 0 7 51 0
          7 52 0 8 51 0
          9 48 0 9 49 0
          10 49 0 11 48 0
          11 49 0 12 49 0
          9 51 0 9 52 0
          10 51 0 11 51 0
          11 52 0 12 51 0
          13 48 0 13 49 0
          14 49 0 15 48 0
          15 49 0 16 49 0
          13 51 0 13 52 0
          14 51 0 15 51 0
          15 52 0 16 51 0
          17 48 0 17 49 0
          18 49 0 19 48 0
          19 49 0 20 49 0
          17 51 0 17 52 0
          18 51 0 19 51 0
          19 52 0 20 51 0
          21 48 0 21 49 0
          22 49 0 23 48 0
          23 49 0 24 49 0
          21 51 0 21 52 0
          22 51 0 23 51 0
          23 52 0 24 51 0
          25 48 0 25 49 0
          26 49 0 27 48 0
          27 49 0 28 49 0
          25 51 0 25 52 0
          26 51 0 27 51 0
          27 52 0 28 51 0
          29 48 0 29 49 0
          30 49 0 31 48 0
          31 49 0 32 49 0
          29 51 0 29 52 0
          30 51 0 31 51 0
          31 52 0 32 51 0
          33 48 0 33 49 0
          34 49 0 35 48 0
          35 49 0 36 49 0
          33 51 0 33 52 0
          34 51 0 35 51 0
          35 52 0 36 51 0
          37 48 0 37 49 0
          38 49 0 39 48 0
          39 49 0 40 49 0
          37 51 0 37 52 0
          38 51 0 39 51 0
          39 52 0 40 51 0
          41 48 0 41 49 0
          42 49 0 41 50 0
          42 51 0 41 51 0
          41 52 0 0.5 49 0
          0.5 49.5 0 0 49.5 0
          1 49.5 0 0.5 50 0
          0 50 0 1 50 0
          1.5 49 0 1.5 49.5 0
          2 49.5 0 1.5 50 0
          2 50 0 2.5 49 0
          2.5 49.5 0 3 49.5 0
          2.5 50 0 3 50 0
          3.5 49 0 3.5 49.5 0
          4 49.5 0 3.5 50 0
          4 50 0 0.5 50.5 0
          0 50.5 0 1 50.5 0
          0.5 51 0 1.5 50.5 0
          2 50.5 0 1.5 51 0
          2.5 50.5 0 3 50.5 0
          2.5 51 0 3.5 50.5 0
          4 50.5 0 3.5 51 0
          4.5 49 0 4.5 49.5 0
          5 49.5 0 4.5 50 0
          5 50 0 5.5 49 0
          5.5 49.5 0 6 49.5 0
          5.5 50 0 6 50 0
          6.5 49 0 6.5 49.5 0
          7 49.5 0 6.5 50 0
          7 50 0 7.5 49 0
          7.5 49.5 0 8 49.5 0
          7.5 50 0 8 50 0
          4.5 50.5 0 5 50.5 0
          4.5 51 0 5.5 50.5 0
          6 50.5 0 5.5 51 0
          6.5 50.5 0 7 50.5 0
          6.5 51 0 7.5 50.5 0
          8 50.5 0 7.5 51 0
          8.5 49 0 8.5 49.5 0
          9 49.5 0 8.5 50 0
          9 50 0 9.5 49 0
          9.5 49.5 0 10 49.5 0
          9.5 50 0 10 50 0
          10.5 49 0 10.5 49.5 0
          11 49.5 0 10.5 50 0
          11 50 0 11.5 49 0
          11.5 49.5 0 12 49.5 0
          11.5 50 0 12 50 0
          8.5 50.5 0 9 50.5 0
          8.5 51 0 9.5 50.5 0
          10 50.5 0 9.5 51 0
          10.5 50.5 0 11 50.5 0
          10.5 51 0 11.5 50.5 0
          12 50.5 0 11.5 51 0
          12.5 49 0 12.5 49.5 0
          13 49.5 0 12.5 50 0
          13 50 0 13.5 49 0
          13.5 49.5 0 14 49.5 0
          13.5 50 0 14 50 0
          14.5 49 0 14.5 49.5 0
          15 49.5 0 14.5 50 0
          15 50 0 15.5 49 0
          15.5 49.5 0 16 49.5 0
          15.5 50 0 16 50 0
          12.5 50.5 0 13 50.5 0
          12.5 51 0 13.5 50.5 0
          14 50.5 0 13.5 51 0
          14.5 50.5 0 15 50.5 0
          14.5 51 0 15.5 50.5 0
          16 50.5 0 15.5 51 0
          16.5 49 0 16.5 49.5 0
          17 49.5 0 16.5 50 0
          17 50 0 17.5 49 0
          17.5 49.5 0 18 49.5 0
          17.5 50 0 18 50 0
          18.5 49 0 18.5 49.5 0
          19 49.5 0 18.5 50 0
          19 50 0 19.5 49 0
          19.5 49.5 0 20 49.5 0
          19.5 50 0 20 50 0
          16.5 50.5 0 17 50.5 0
          16.5 51 0 17.5 50.5 0
          18 50.5 0 17.5 51 0
          18.5 50.5 0 19 50.5 0
          18.5 51 0 19.5 50.5 0
          20 50.5 0 19.5 51 0
          20.5 49 0 20.5 49.5 0
          21 49.5 0 20.5 50 0
          21 50 0 21.5 49 0
          21.5 49.5 0 22 49.5 0
          21.5 50 0 22 50 0
          22.5 49 0 22.5 49.5 0
          23 49.5 0 22.5 50 0
          23 50 0 23.5 49 0
          23.5 49.5 0 24 49.5 0
          23.5 50 0 24 50 0
          20.5 50.5 0 21 50.5 0
          20.5 51 0 21.5 50.5 0
          22 50.5 0 21.5 51 0
          22.5 50.5 0 23 50.5 0
          22.5 51 0 23.5 50.5 0
          24 50.5 0 23.5 51 0
          24.5 49 0 24.5 49.5 0
          25 49.5 0 24.5 50 0
          25 50 0 25.5 49 0
          25.5 49.5 0 26 49.5 0
          25.5 50 0 26 50 0
          26.5 49 0 26.5 49.5 0
          27 49.5 0 26.5 50 0
          27 50 0 27.5 49 0
          27.5 49.5 0 28 49.5 0
          27.5 50 0 28 50 0
          24.5 50.5 0 25 50.5 0
          24.5 51 0 25.5 50.5 0
          26 50.5 0 25.5 51 0
          26.5 50.5 0 27 50.5 0
          26.5 51 0 27.5 50.5 0
          28 50.5 0 27.5 51 0
          28.5 49 0 28.5 49.5 0
          29 49.5 0 28.5 50 0
          29 50 0 29.5 49 0
          29.5 49.5 0 30 49.5 0
          29.5 50 0 30 50 0
          30.5 49 0 30.5 49.5 0
          31 49.5 0 30.5 50 0
          31 50 0 31.5 49 0
          31.5 49.5 0 32 49.5 0
          31.5 50 0 32 50 0
          28.5 50.5 0 29 50.5 0
          28.5 51 0 29.5 50.5 0
          30 50.5 0 29.5 51 0
          30.5 50.5 0 31 50.5 0
          30.5 51 0 31.5 50.5 0
          32 50.5 0 31.5 51 0
          32.5 49 0 32.5 49.5 0
          33 49.5 0 32.5 50 0
          33 50 0 33.5 49 0
          33.5 49.5 0 34 49.5 0
          33.5 50 0 34 50 0
          34.5 49 0 34.5 49.5 0
          35 49.5 0 34.5 50 0
          35 50 0 35.5 49 0
          35.5 49.5 0 36 49.5 0
          35.5 50 0 36 50 0
          32.5 50.5 0 33 50.5 0
          32.5 51 0 33.5 50.5 0
          34 50.5 0 33.5 51 0
          34.5 50.5 0 35 50.5 0
          34.5 51 0 35.5 50.5 0
          36 50.5 0 35.5 51 0
          36.5 49 0 36.5 49.5 0
          37 49.5 0 36.5 50 0
          37 50 0 37.5 49 0
          37.5 49.5 0 38 49.5 0
          37.5 50 0 38 50 0
          38.5 49 0 38.5 49.5 0
          39 49.5 0 38.5 50 0
          39 50 0 39.5 49 0
          39.5 49.5 0 40 49.5 0
          39.5 50 0 40 50 0
          36.5 50.5 0 37 50.5 0
          36.5 51 0 37.5 50.5 0
          38 50.5 0 37.5 51 0
          38.5 50.5 0 39 50.5 0
          38.5 51 0 39.5 50.5 0
          40 50.5 0 39.5 51 0
          40.5 49 0 40.5 49.5 0
          41 49.5 0 40.5 50 0
          40.5 50.5 0 41 50.5 0
          40.5 51 0
          <InformationKey name="L2_NORM_FINITE_RANGE" location="vtkDataArray" length="2">
            <Value index="0">
              0
            </Value>
            <Value index="1">
              141.42135624
            </Value>
          </InformationKey>
          <InformationKey name="L2_NORM_RANGE" location="vtkDataArray" length="2">
            <Value index="0">
              0
            </Value>
            <Value index="1">
              141.42135624
            </Value>
          </InformationKey>
        </DataArray>
      </Points>
      <Cells>
        <DataArray type="Int64" Name="connectivity" format="ascii" RangeMin="0" RangeMax="3038">
          0 1 2 3 1 4
          5 2 3 2 6 7
          2 5 8 6 4 9
          10 5 9 11 12 10
          5 10 13 8 10 12
          14 13 11 15 16 12
          15 17 18 16 12 16
          19 14 16 18 20 19
          17 21 22 18 21 23
          24 22 18 22 25 20
          22 24 26 25 23 27
          28 24 27 29 30 28
          24 28 31 26 28 30
          32 31 29 33 34 30
          33 35 36 34 30 34
          37 32 34 36 38 37
          35 39 40 36 39 41
          42 40 36 40 43 38
          40 42 44 43 41 45
          46 42 45 47 48 46
          42 46 49 44 46 48
          50 49 47 51 52 48
          51 53 54 52 48 52
          55 50 52 54 56 55
          53 57 58 54 57 59
          60 58 54 58 61 56
          58 60 62 61 59 63
          64 60 63 65 66 64
          60 64 67 62 64 66
          68 67 65 69 70 66
          69 71 72 70 66 70
          73 68 70 72 74 73
          71 75 76 72 75 77
          78 76 72 76 79 74
          76 78 80 79 77 81
          82 78 81 83 84 82
          78 82 85 80 82 84
          86 85 83 87 88 84
          87 89 90 88 84 88
          91 86 88 90 92 91
          89 93 94 90 93 95
          96 94 90 94 97 92
          94 96 98 97 95 99
          100 96 99 101 102 100
          96 100 103 98 100 102
          104 103 101 105 106 102
          105 107 108 106 102 106
          109 104 106 108 110 109
          107 111 112 108 111 113
          114 112 108 112 115 110
          112 114 116 115 113 117
          118 114 117 119 120 118
          114 118 121 116 118 120
          122 121 119 123 124 120
          123 125 126 124 120 124
          127 122 124 126 128 127
          125 129 130 126 129 131
          132 130 126 130 133 128
          130 132 134 133 131 135
          136 132 135 137 138 136
          132 136 139 134 136 138
          140 139 137 141 142 138
          141 143 144 142 138 142
          145 140 142 144 146 145
          143 147 148 144 147 149
          150 148 144 148 151 146
          148 150 152 151 7 6
          153 154 6 8 155 153
          154 153 156 157 153 155
          158 156 8 13 159 155
          13 14 160 159 155 159
          161 158 159 160 162 161
          14 19 163 160 19 20
          164 163 160 163 165 162
          163 164 166 165 20 25
          167 164 25 26 168 167
          164 167 169 166 167 168
          170 169 26 31 171 168
          31 32 172 171 168 171
          173 170 171 172 174 173
          32 37 175 172 37 38
          176 175 172 175 177 174
          175 176 178 177 38 43
          179 176 43 44 180 179
          176 179 181 178 179 180
          182 181 44 49 183 180
          49 50 184 183 180 183
          185 182 183 184 186 185
          50 55 187 184 55 56
          188 187 184 187 189 186
          187 188 190 189 56 61
          191 188 61 62 192 191
          188 191 193 190 191 192
          194 193 62 67 195 192
          67 68 196 195 192 195
          197 194 195 196 198 197
          68 73 199 196 73 74
          200 199 196 199 201 198
          199 200 202 201 74 79
          203 200 79 80 204 203
          200 203 205 202 203 204
          206 205 80 85 207 204
          85 86 208 207 204 207
          209 206 207 208 210 209
          86 91 211 208 91 92
          212 211 208 211 213 210
          211 212 214 213 92 97
          215 212 97 98 216 215
          212 215 217 214 215 216
          218 217 98 103 219 216
          103 104 220 219 216 219
          221 218 219 220 222 221
          104 109 223 220 109 110
          224 223 220 223 225 222
          223 224 226 225 110 115
          227 224 115 116 228 227
          224 227 229 226 227 228
          230 229 116 121 231 228
          121 122 232 231 228 231
          233 230 231 232 234 233
          122 127 235 232 127 128
          236 235 232 235 237 234
          235 236 238 237 128 133
          239 236 133 134 240 239
          236 239 241 238 239 240
          242 241 134 139 243 240
          139 140 244 243 240 243
          245 242 243 244 246 245
          140 145 247 244 145 146
          248 247 244 247 249 246
          247 248 250 249 146 151
          251 248 151 152 252 251
          248 251 253 250 251 252
          254 253 157 156 255 256
          156 158 257 255 256 255
          258 259 255 257 260 258
          158 161 261 257 161 162
          262 261 257 261 263 260
          261 262 264 263 162 165
          265 262 165 166 266 265
          262 265 267 264 265 266
          268 267 166 169 269 266
          169 170 270 269 266 269
          271 268 269 270 272 271
          170 173 273 270 173 174
          274 273 270 273 275 272
          273 274 276 275 174 177
          277 274 177 178 278 277
          274 277 279 276 277 278
          280 279 178 181 281 278
          181 182 282 281 278 281
          283 280 281 282 284 283
          182 185 285 282 185 186
          286 285 282 285 287 284
          285 286 288 287 186 189
          289 286 189 190 290 289
          286 289 291 288 289 290
          292 291 190 193 293 290
          193 194 294 293 290 293
          295 292 293 294 296 295
          194 197 297 294 197 198
          298 297 294 297 299 296
          297 298 300 299 198 201
          301 298 201 202 302 301
          298 301 303 300 301 302
          304 303 202 205 305 302
          205 206 306 305 302 305
          307 304 305 306 308 307
          206 209 309 306 209 210
          310 309 306 309 311 308
          309 310 312 311 210 213
          313 310 213 214 314 313
          310 313 315 312 313 314
          316 315 214 217 317 314
          217 218 318 317 314 317
          319 316 317 318 320 319
          218 221 321 318 221 222
          322 321 318 321 323 320
          321 322 324 323 222 225
          325 322 225 226 326 325
          322 325 327 324 325 326
          328 327 226 229 329 326
          229 230 330 329 326 329
          331 328 329 330 332 331
          230 233 333 330 233 234
          334 333 330 333 335 332
          333 334 336 335 234 237
          337 334 237 238 338 337
          334 337 339 336 337 338
          340 339 238 241 341 338
          241 242 342 341 338 341
          343 340 341 342 344 343
          242 245 345 342 245 246
          346 345 342 345 347 344
          345 346 348 347 246 249
          349 346 249 250 350 349
          346 349 351 348 349 350
          352 351 250 253 353 350
          253 254 354 353 350 353
          355 352 353 354 356 355
          259 258 357 358 258 260
          359 357 358 357 360 361
          357 359 362 360 260 263
          363 359 263 264 364 363
          359 363 365 362 363 364
          366 365 264 267 367 364
          267 268 368 367 364 367
          369 366 367 368 370 369
          268 271 371 368 271 272
          372 371 368 371 373 370
          371 372 374 373 272 275
          375 372 275 276 376 375
          372 375 377 374 375 376
          378 377 276 279 379 376
          279 280 380 379 376 379
          381 378 379 380 382 381
          280 283 383 380 283 284
          384 383 380 383 385 382
          383 384 386 385 284 287
          387 384 287 288 388 387
          384 387 389 386 387 388
          390 389 288 291 391 388
          291 292 392 391 388 391
          393 390 391 392 394 393
          292 295 395 392 295 296
          396 395 392 395 397 394
          395 396 398 397 296 299
          399 396 299 300 400 399
          396 399 401 398 399 400
          402 401 300 303 403 400
          303 304 404 403 400 403
          405 402 403 404 406 405
          304 307 407 404 307 308
          408 407 404 407 409 406
          407 408 410 409 308 311
          411 408 311 312 412 411
          408 411 413 410 411 412
          414 413 312 315 415 412
          315 316 416 415 412 415
          417 414 415 416 418 417
          316 319 419 416 319 320
          420 419 416 419 421 418
          419 420 422 421 320 323
          423 420 323 324 424 423
          420 423 425 422 423 424
          426 425 324 327 427 424
          327 328 428 427 424 427
          429 426 427 428 430 429
          328 331 431 428 331 332
          432 431 428 431 433 430
          431 432 434 433 332 335
          435 432 335 336 436 435
          432 435 437 434 435 436
          438 437 336 339 439 436
          339 340 440 439 436 439
          441 438 439 440 442 441
          340 343 443 440 343 344
          444 443 440 443 445 442
          443 444 446 445 344 347
          447 444 347 348 448 447
          444 447 449 446 447 448
          450 449 348 351 451 448
          351 352 452 451 448 451
          453 450 451 452 454 453
          352 355 455 452 355 356
          456 455 452 455 457 454
          455 456 458 457 361 360
          459 460 360 362 461 459
          460 459 462 463 459 461
          464 462 362 365 465 461
          365 366 466 465 461 465
          467 464 465 466 468 467
          366 369 469 466 369 370
          470 469 466 469 471 468
          469 470 472 471 370 373
          473 470 373 374 474 473
          470 473 475 472 473 474
          476 475 374 377 477 474
          377 378 478 477 474 477
          479 476 477 478 480 479
          378 381 481 478 381 382
          482 481 478 481 483 480
          481 482 484 483 382 385
          485 482 385 386 486 485
          482 485 487 484 485 486
          488 487 386 389 489 486
          389 390 490 489 486 489
          491 488 489 490 492 491
          390 393 493 490 393 394
          494 493 490 493 495 492
          493 494 496 495 394 397
          497 494 397 398 498 497
          494 497 499 496 497 498
          500 499 398 401 501 498
          401 402 502 501 498 501
          503 500 501 502 504 503
          402 405 505 502 405 406
          506 505 502 505 507 504
          505 506 508 507 406 409
          509 506 409 410 510 509
          506 509 511 508 509 510
          512 511 410 413 513 510
          413 414 514 513 510 513
          515 512 513 514 516 515
          414 417 517 514 417 418
          518 517 514 517 519 516
          517 518 520 519 418 421
          521 518 421 422 522 521
          518 521 523 520 521 522
          524 523 422 425 525 522
          425 426 526 525 522 525
          527 524 525 526 528 527
          426 429 529 526 429 430
          530 529 526 529 531 528
          529 530 532 531 430 433
          533 530 433 434 534 533
          530 533 535 532 533 534
          536 535 434 437 537 534
          437 438 538 537 534 537
          539 536 537 538 540 539
          438 441 541 538 441 442
          542 541 538 541 543 540
          541 542 544 543 442 445
          545 542 445 446 546 545
          542 545 547 544 545 546
          548 547 446 449 549 546
          449 450 550 549 546 549
          551 548 549 550 552 551
          450 453 553 550 453 454
          554 553 550 553 555 552
          553 554 556 555 454 457
          557 554 457 458 558 557
          554 557 559 556 557 558
          560 559 463 462 561 562
          462 464 563 561 562 561
          564 565 561 563 566 564
          464 467 567 563 467 468
          568 567 563 567 569 566
          567 568 570 569 468 471
          571 568 471 472 572 571
          568 571 573 570 571 572
          574 573 472 475 575 572
          475 476 576 575 572 575
          577 574 575 576 578 577
          476 479 579 576 479 480
          580 579 576 579 581 578
          579 580 582 581 480 483
          583 580 483 484 584 583
          580 583 585 582 583 584
          586 585 484 487 587 584
          487 488 588 587 584 587
          589 586 587 588 590 589
          488 491 591 588 491 492
          592 591 588 591 593 590
          591 592 594 593 492 495
          595 592 495 496 596 595
          592 595 597 594 595 596
          598 597 496 499 599 596
          499 500 600 599 596 599
          601 598 599 600 602 601
          500 503 603 600 503 504
          604 603 600 603 605 602
          603 604 606 605 504 507
          607 604 507 508 608 607
          604 607 609 606 607 608
          610 609 508 511 611 608
          511 512 612 611 608 611
          613 610 611 612 614 613
          512 515 615 612 515 516
          616 615 612 615 617 614
          615 616 618 617 516 519
          619 616 519 520 620 619
          616 619 621 618 619 620
          622 621 520 523 623 620
          523 524 624 623 620 623
          625 622 623 624 626 625
          524 527 627 624 527 528
          628 627 624 627 629 626
          627 628 630 629 528 531
          631 628 531 532 632 631
          628 631 633 630 631 632
          634 633 532 535 635 632
          535 536 636 635 632 635
          637 634 635 636 638 637
          536 539 639 636 539 540
          640 639 636 639 641 638
          639 640 642 641 540 543
          643 640 543 544 644 643
          640 643 645 642 643 644
          646 645 544 547 647 644
          547 548 648 647 644 647
          649 646 647 648 650 649
          548 551 651 648 551 552
          652 651 648 651 653 650
          651 652 654 653 552 555
          655 652 555 556 656 655
          652 655 657 654 655 656
          658 657 556 559 659 656
          559 560 660 659 656 659
          661 658 659 660 662 661
          565 564 663 664 564 566
          665 663 664 663 666 667
          663 665 668 666 566 569
          669 665 569 570 670 669
          665 669 671 668 669 670
          672 671 570 573 673 670
          573 574 674 673 670 673
          675 672 673 674 676 675
          574 577 677 674 577 578
          678 677 674 677 679 676
          677 678 680 679 578 581
          681 678 581 582 682 681
          678 681 683 680 681 682
          684 683 582 585 685 682
          585 586 686 685 682 685
          687 684 685 686 688 687
          586 589 689 686 589 590
          690 689 686 689 691 688
          689 690 692 691 590 593
          693 690 593 594 694 693
          690 693 695 692 693 694
          696 695 594 597 697 694
          597 598 698 697 694 697
          699 696 697 698 700 699
          598 601 701 698 601 602
          702 701 698 701 703 700
          701 702 704 703 602 605
          705 702 605 606 706 705
          702 705 707 704 705 706
          708 707 606 609 709 706
          609 610 710 709 706 709
          711 708 709 710 712 711
          610 613 713 710 613 614
          714 713 710 713 715 712
          713 714 716 715 614 617
          717 714 617 618 718 717
          714 717 719 716 717 718
          720 719 618 621 721 718
          621 622 722 721 718 721
          723 720 721 722 724 723
          622 625 725 722 625 626
          726 725 722 725 727 724
          725 726 728 727 626 629
          729 726 629 630 730 729
          726 729 731 728 729 730
          732 731 630 633 733 730
          633 634 734 733 730 733
          735 732 733 734 736 735
          634 637 737 734 637 638
          738 737 734 737 739 736
          737 738 740 739 638 641
          741 738 641 642 742 741
          738 741 743 740 741 742
          744 743 642 645 745 742
          645 646 746 745 742 745
          747 744 745 746 748 747
          646 649 749 746 649 650
          750 749 746 749 751 748
          749 750 752 751 650 653
          753 750 653 654 754 753
          750 753 755 752 753 754
          756 755 654 657 757 754
          657 658 758 757 754 757
          759 756 757 758 760 759
          658 661 761 758 661 662
          762 761 758 761 763 760
          761 762 764 763 667 666
          765 766 666 668 767 765
          766 765 768 769 765 767
          770 768 668 671 771 767
          671 672 772 771 767 771
          773 770 771 772 774 773
          672 675 775 772 675 676
          776 775 772 775 777 774
          775 776 778 777 676 679
          779 776 679 680 780 779
          776 779 781 778 779 780
          782 781 680 683 783 780
          683 684 784 783 780 783
          785 782 783 784 786 785
          684 687 787 784 687 688
          788 787 784 787 789 786
          787 788 790 789 688 691
          791 788 691 692 792 791
          788 791 793 790 791 792
          794 793 692 695 795 792
          695 696 796 795 792 795
          797 794 795 796 798 797
          696 699 799 796 699 700
          800 799 796 799 801 798
          799 800 802 801 700 703
          803 800 703 704 804 803
          800 803 805 802 803 804
          806 805 704 707 807 804
          707 708 808 807 804 807
          809 806 807 808 810 809
          708 711 811 808 711 712
          812 811 808 811 813 810
          811 812 814 813 712 715
          815 812 715 716 816 815
          812 815 817 814 815 816
          818 817 716 719 819 816
          719 720 820 819 816 819
          821 818 819 820 822 821
          720 723 823 820 723 724
          824 823 820 823 825 822
          823 824 826 825 724 727
          827 824 727 728 828 827
          824 827 829 826 827 828
          830 829 728 731 831 828
          731 732 832 831 828 831
          833 830 831 832 834 833
          732 735 835 832 735 736
          836 835 832 835 837 834
          835 836 838 837 736 739
          839 836 739 740 840 839
          836 839 841 838 839 840
          842 841 740 743 843 840
          743 744 844 843 840 843
          845 842 843 844 846 845
          744 747 847 844 747 748
          848 847 844 847 849 846
          847 848 850 849 748 751
          851 848 751 752 852 851
          848 851 853 850 851 852
          854 853 752 755 855 852
          755 756 856 855 852 855
          857 854 855 856 858 857
          756 759 859 856 759 760
          860 859 856 859 861 858
          859 860 862 861 760 763
          863 860 763 764 864 863
          860 863 865 862 863 864
          866 865 769 768 867 868
          768 770 869 867 868 867
          870 871 867 869 872 870
          770 773 873 869 773 774
          874 873 869 873 875 872
          873 874 876 875 774 777
          877 874 777 778 878 877
          874 877 879 876 877 878
          880 879 778 781 881 878
          781 782 882 881 878 881
          883 880 881 882 884 883
          782 785 885 882 785 786
          886 885 882 885 887 884
          885 886 888 887 786 789
          889 886 789 790 890 889
          886 889 891 888 889 890
          892 891 790 793 893 890
          793 794 894 893 890 893
          895 892 893 894 896 895
          794 797 897 894 797 798
          898 897 894 897 899 896
          897 898 900 899 798 801
          901 898 801 802 902 901
          898 901 903 900 901 902
          904 903 802 805 905 902
          805 806 906 905 902 905
          907 904 905 906 908 907
          806 809 909 906 809 810
          910 909 906 909 911 908
          909 910 912 911 810 813
          913 910 813 814 914 913
          910 913 915 912 913 914
          916 915 814 817 917 914
          817 818 918 917 914 917
          919 916 917 918 920 919
          818 821 921 918 821 822
          922 921 918 921 923 920
          921 922 924 923 822 825
          925 922 825 826 926 925
          922 925 927 924 925 926
          928 927 826 829 929 926
          829 830 930 929 926 929
          931 928 929 930 932 931
          830 833 933 930 833 834
          934 933 930 933 935 932
          933 934 936 935 834 837
          937 934 837 838 938 937
          934 937 939 936 937 938
          940 939 838 841 941 938
          841 842 942 941 938 941
          943 940 941 942 944 943
          842 845 945 942 845 846
          946 945 942 945 947 944
          945 946 948 947 846 849
          949 946 849 850 950 949
          946 949 951 948 949 950
          952 951 850 853 953 950
          853 854 954 953 950 953
          955 952 953 954 956 955
          854 857 957 954 857 858
          958 957 954 957 959 956
          957 958 960 959 858 861
          961 958 861 862 962 961
          958 961 963 960 961 962
          964 963 862 865 965 962
          865 866 966 965 962 965
          967 964 965 966 968 967
          871 870 969 970 870 872
          971 969 970 969 972 973
          969 971 974 972 872 875
          975 971 875 876 976 975
          971 975 977 974 975 976
          978 977 876 879 979 976
          879 880 980 979 976 979
          981 978 979 980 982 981
          880 883 983 980 883 884
          984 983 980 983 985 982
          983 984 986 985 884 887
          987 984 887 888 988 987
          984 987 989 986 987 988
          990 989 888 891 991 988
          891 892 992 991 988 991
          993 990 991 992 994 993
          892 895 995 992 895 896
          996 995 992 995 997 994
          995 996 998 997 896 899
          999 996 899 900 1000 999
          996 999 1001 998 999 1000
          1002 1001 900 903 1003 1000
          903 904 1004 1003 1000 1003
          1005 1002 1003 1004 1006 1005
          904 907 1007 1004 907 908
          1008 1007 1004 1007 1009 1006
          1007 1008 1010 1009 908 911
          1011 1008 911 912 1012 1011
          1008 1011 1013 1010 1011 1012
          1014 1013 912 915 1015 1012
          915 916 1016 1015 1012 1015
          1017 1014 1015 1016 1018 1017
          916 919 1019 1016 919 920
          1020 1019 1016 1019 1021 1018
          1019 1020 1022 1021 920 923
          1023 1020 923 924 1024 1023
          1020 1023 1025 1022 1023 1024
          1026 1025 924 927 1027 1024
          927 928 1028 1027 1024 1027
          1029 1026 1027 1028 1030 1029
          928 931 1031 1028 931 932
          1032 1031 1028 1031 1033 1030
          1031 1032 1034 1033 932 935
          1035 1032 935 936 1036 1035
          1032 1035 1037 1034 1035 1036
          1038 1037 936 939 1039 1036
          939 940 1040 1039 1036 1039
          1041 1038 1039 1040 1042 1041
          940 943 1043 1040 943 944
          1044 1043 1040 1043 1045 1042
          1043 1044 1046 1045 944 947
          1047 1044 947 948 1048 1047
          1044 1047 1049 1046 1047 1048
          1050 1049 948 951 1051 1048
          951 952 1052 1051 1048 1051
          1053 1050 1051 1052 1054 1053
          952 955 1055 1052 955 956
          1056 1055 1052 1055 1057 1054
          1055 1056 1058 1057 956 959
          1059 1056 959 960 1060 1059
          1056 1059 1061 1058 1059 1060
          1062 1061 960 963 1063 1060
          963 964 1064 1063 1060 1063
          1065 1062 1063 1064 1066 1065
          964 967 1067 1064 967 968
          1068 1067 1064 1067 1069 1066
          1067 1068 1070 1069 973 972
          1071 1072 972 974 1073 1071
          1072 1071 1074 1075 1071 1073
          1076 1074 974 977 1077 1073
          977 978 1078 1077 1073 1077
          1079 1076 1077 1078 1080 1079
          978 981 1081 1078 981 982
          1082 1081 1078 1081 1083 1080
          1081 1082 1084 1083 982 985
          1085 1082 985 986 1086 1085
          1082 1085 1087 1084 1085 1086
          1088 1087 986 989 1089 1086
          989 990 1090 1089 1086 1089
          1091 1088 1089 1090 1092 1091
          990 993 1093 1090 993 994
          1094 1093 1090 1093 1095 1092
          1093 1094 1096 1095 994 997
          1097 1094 997 998 1098 1097
          1094 1097 1099 1096 1097 1098
          1100 1099 998 1001 1101 1098
          1001 1002 1102 1101 1098 1101
          1103 1100 1101 1102 1104 1103
          1002 1005 1105 1102 1005 1006
          1106 1105 1102 1105 1107 1104
          1105 1106 1108 1107 1006 1009
          1109 1106 1009 1010 1110 1109
          1106 1109 1111 1108 1109 1110
          1112 1111 1010 1013 1113 1110
          1013 1014 1114 1113 1110 1113
          1115 1112 1113 1114 1116 1115
          1014 1017 1117 1114 1017 1018
          1118 1117 1114 1117 1119 1116
          1117 1118 1120 1119 1018 1021
          1121 1118 1021 1022 1122 1121
          1118 1121 1123 1120 1121 1122
          1124 1123 1022 1025 1125 1122
          1025 1026 1126 1125 1122 1125
          1127 1124 1125 1126 1128 1127
          1026 1029 1129 1126 1029 1030
          1130 1129 1126 1129 1131 1128
          1129 1130 1132 1131 1030 1033
          1133 1130 1033 1034 1134 1133
          1130 1133 1135 1132 1133 1134
          1136 1135 1034 1037 1137 1134
          1037 1038 1138 1137 1134 1137
          1139 1136 1137 1138 1140 1139
          1038 1041 1141 1138 1041 1042
          1142 1141 1138 1141 1143 1140
          1141 1142 1144 1143 1042 1045
          1145 1142 1045 1046 1146 1145
          1142 1145 1147 1144 1145 1146
          1148 1147 1046 1049 1149 1146
          1049 1050 1150 1149 1146 1149
          1151 1148 1149 1150 1152 1151
          1050 1053 1153 1150 1053 1054
          1154 1153 1150 1153 1155 1152
          1153 1154 1156 1155 1054 1057
          1157 1154 1057 1058 1158 1157
          1154 1157 1159 1156 1157 1158
          1160 1159 1058 1061 1161 1158
          1061 1062 1162 1161 1158 1161
          1163 1160 1161 1162 1164 1163
          1062 1065 1165 1162 1065 1066
          1166 1165 1162 1165 1167 1164
          1165 1166 1168 1167 1066 1069
          1169 1166 1069 1070 1170 1169
          1166 1169 1171 1168 1169 1170
          1172 1171 1075 1074 1173 1174
          1074 1076 1175 1173 1174 1173
          1176 1177 1173 1175 1178 1176
          1076 1079 1179 1175 1079 1080
          1180 1179 1175 1179 1181 1178
          1179 1180 1182 1181 1080 1083
          1183 1180 1083 1084 1184 1183
          1180 1183 1185 1182 1183 1184
          1186 1185 1084 1087 1187 1184
          1087 1088 1188 1187 1184 1187
          1189 1186 1187 1188 1190 1189
          1088 1091 1191 1188 1091 1092
          1192 1191 1188 1191 1193 1190
          1191 1192 1194 1193 1092 1095
          1195 1192 1095 1096 1196 1195
          1192 1195 1197 1194 1195 1196
          1198 1197 1096 1099 1199 1196
          1099 1100 1200 1199 1196 1199
          1201 1198 1199 1200 1202 1201
          1100 1103 1203 1200 1103 1104
          1204 1203 1200 1203 1205 1202
          1203 1204 1206 1205 1104 1107
          1207 1204 1107 1108 1208 1207
          1204 1207 1209 1206 1207 1208
          1210 1209 1108 1111 1211 1208
          1111 1112 1212 1211 1208 1211
          1213 1210 1211 1212 1214 1213
          1112 1115 1215 1212 1115 1116
          1216 1215 1212 1215 1217 1214
          1215 1216 1218 1217 1116 1119
          1219 1216 1119 1120 1220 1219
          1216 1219 1221 1218 1219 1220
          1222 1221 1120 1123 1223 1220
          1123 1124 1224 1223 1220 1223
          1225 1222 1223 1224 1226 1225
          1124 1127 1227 1224 1127 1128
          1228 1227 1224 1227 1229 1226
          1227 1228 1230 1229 1128 1131
          1231 1228 1131 1132 1232 1231
          1228 1231 1233 1230 1231 1232
          1234 1233 1132 1135 1235 1232
          1135 1136 1236 1235 1232 1235
          1237 1234 1235 1236 1238 1237
          1136 1139 1239 1236 1139 1140
          1240 1239 1236 1239 1241 1238
          1239 1240 1242 1241 1140 1143
          1243 1240 1143 1144 1244 1243
          1240 1243 1245 1242 1243 1244
          1246 1245 1144 1147 1247 1244
          1147 1148 1248 1247 1244 1247
          1249 1246 1247 1248 1250 1249
          1148 1151 1251 1248 1151 1152
          1252 1251 1248 1251 1253 1250
          1251 1252 1254 1253 1152 1155
          1255 1252 1155 1156 1256 1255
          1252 1255 1257 1254 1255 1256
          1258 1257 1156 1159 1259 1256
          1159 1160 1260 1259 1256 1259
          1261 1258 1259 1260 1262 1261
          1160 1163 1263 1260 1163 1164
          1264 1263 1260 1263 1265 1262
          1263 1264 1266 1265 1164 1167
          1267 1264 1167 1168 1268 1267
          1264 1267 1269 1266 1267 1268
          1270 1269 1168 1171 1271 1268
          1171 1172 1272 1271 1268 1271
          1273 1270 1271 1272 1274 1273
          1217 1218 1275 1276 1276 1275
          1277 1278 1218 1221 1279 1275
          1221 1222 1280 1279 1275 1279
          1281 1277 1279 1280 1282 1281
          1222 1225 1283 1280 1225 1226
          1284 1283 1280 1283 1285 1282
          1283 1284 1286 1285 1226 1229
          1287 1284 1229 1230 1288 1287
          1284 1287 1289 1286 1287 1288
          1290 1289 1230 1233 1291 1288
          1233 1234 1292 1291 1288 1291
          1293 1290 1291 1292 1294 1293
          1234 1237 1295 1292 1237 1238
          1296 1295 1292 1295 1297 1294
          1295 1296 1298 1297 1238 1241
          1299 1296 1241 1242 1300 1299
          1296 1299 1301 1298 1299 1300
          1302 1301 1242 1245 1303 1300
          1245 1246 1304 1303 1300 1303
          1305 1302 1303 1304 1306 1305
          1246 1249 1307 1304 1249 1250
          1308 1307 1304 1307 1309 1306
          1307 1308 1310 1309 1250 1253
          1311 1308 1253 1254 1312 1311
          1308 1311 1313 1310 1311 1312
          1314 1313 1254 1257 1315 1312
          1257 1258 1316 1315 1312 1315
          1317 1314 1315 1316 1318 1317
          1258 1261 1319 1316 1261 1262
          1320 1319 1316 1319 1321 1318
          1319 1320 1322 1321 1262 1265
          1323 1320 1265 1266 1324 1323
          1320 1323 1325 1322 1323 1324
          1326 1325 1266 1269 1327 1324
          1269 1270 1328 1327 1324 1327
          1329 1326 1327 1328 1330 1329
          1270 1273 1331 1328 1273 1274
          1332 1331 1328 1331 1333 1330
          1331 1332 1334 1333 1335 1336
          1337 1338 1336 1339 1340 1337
          1338 1337 1341 1342 1337 1340
          1343 1341 1339 1344 1345 1340
          1344 1346 1347 1345 1340 1345
          1348 1343 1345 1347 1349 1348
          1346 1350 1351 1347 1350 1352
          1353 1351 1347 1351 1354 1349
          1351 1353 1355 1354 1352 1356
          1357 1353 1356 1358 1359 1357
          1353 1357 1360 1355 1357 1359
          1361 1360 1358 1362 1363 1359
          1362 1364 1365 1363 1359 1363
          1366 1361 1363 1365 1367 1366
          1364 1368 1369 1365 1368 1370
          1371 1369 1365 1369 1372 1367
          1369 1371 1373 1372 1370 1374
          1375 1371 1374 1376 1377 1375
          1371 1375 1378 1373 1375 1377
          1379 1378 1376 1380 1381 1377
          1380 1382 1383 1381 1377 1381
          1384 1379 1381 1383 1385 1384
          1382 1386 1387 1383 1386 1388
          1389 1387 1383 1387 1390 1385
          1387 1389 1391 1390 1388 1392
          1393 1389 1392 1394 1395 1393
          1389 1393 1396 1391 1393 1395
          1397 1396 1394 1278 1398 1395
          1278 1277 1399 1398 1395 1398
          1400 1397 1398 1399 1401 1400
          1277 1281 1402 1399 1281 1282
          1403 1402 1399 1402 1404 1401
          1402 1403 1405 1404 1282 1285
          1406 1403 1285 1286 1407 1406
          1403 1406 1408 1405 1406 1407
          1409 1408 1286 1289 1410 1407
          1289 1290 1411 1410 1407 1410
          1412 1409 1410 1411 1413 1412
          1290 1293 1414 1411 1293 1294
          1415 1414 1411 1414 1416 1413
          1414 1415 1417 1416 1294 1297
          1418 1415 1297 1298 1419 1418
          1415 1418 1420 1417 1418 1419
          1421 1420 1298 1301 1422 1419
          1301 1302 1423 1422 1419 1422
          1424 1421 1422 1423 1425 1424
          1302 1305 1426 1423 1305 1306
          1427 1426 1423 1426 1428 1425
          1426 1427 1429 1428 1306 1309
          1430 1427 1309 1310 1431 1430
          1427 1430 1432 1429 1430 1431
          1433 1432 1310 1313 1434 1431
          1313 1314 1435 1434 1431 1434
          1436 1433 1434 1435 1437 1436
          1314 1317 1438 1435 1317 1318
          1439 1438 1435 1438 1440 1437
          1438 1439 1441 1440 1318 1321
          1442 1439 1321 1322 1443 1442
          1439 1442 1444 1441 1442 1443
          1445 1444 1322 1325 1446 1443
          1325 1326 1447 1446 1443 1446
          1448 1445 1446 1447 1449 1448
          1326 1329 1450 1447 1329 1330
          1451 1450 1447 1450 1452 1449
          1450 1451 1453 1452 1330 1333
          1454 1451 1333 1334 1455 1454
          1451 1454 1456 1453 1454 1455
          1457 1456 1342 1341 1458 1459
          1341 1343 1460 1458 1459 1458
          1461 1462 1458 1460 1463 1461
          1343 1348 1464 1460 1348 1349
          1465 1464 1460 1464 1466 1463
          1464 1465 1467 1466 1349 1354
          1468 1465 1354 1355 1469 1468
          1465 1468 1470 1467 1468 1469
          1471 1470 1355 1360 1472 1469
          1360 1361 1473 1472 1469 1472
          1474 1471 1472 1473 1475 1474
          1361 1366 1476 1473 1366 1367
          1477 1476 1473 1476 1478 1475
          1476 1477 1479 1478 1367 1372
          1480 1477 1372 1373 1481 1480
          1477 1480 1482 1479 1480 1481
          1483 1482 1373 1378 1484 1481
          1378 1379 1485 1484 1481 1484
          1486 1483 1484 1485 1487 1486
          1379 1384 1488 1485 1384 1385
          1489 1488 1485 1488 1490 1487
          1488 1489 1491 1490 1385 1390
          1492 1489 1390 1391 1493 1492
          1489 1492 1494 1491 1492 1493
          1495 1494 1391 1396 1496 1493
          1396 1397 1497 1496 1493 1496
          1498 1495 1496 1497 1499 1498
          1397 1400 1500 1497 1400 1401
          1501 1500 1497 1500 1502 1499
          1500 1501 1503 1502 1401 1404
          1504 1501 1404 1405 1505 1504
          1501 1504 1506 1503 1504 1505
          1507 1506 1405 1408 1508 1505
          1408 1409 1509 1508 1505 1508
          1510 1507 1508 1509 1511 1510
          1409 1412 1512 1509 1412 1413
          1513 1512 1509 1512 1514 1511
          1512 1513 1515 1514 1413 1416
          1516 1513 1416 1417 1517 1516
          1513 1516 1518 1515 1516 1517
          1519 1518 1417 1420 1520 1517
          1420 1421 1521 1520 1517 1520
          1522 1519 1520 1521 1523 1522
          1421 1424 1524 1521 1424 1425
          1525 1524 1521 1524 1526 1523
          1524 1525 1527 1526 1425 1428
          1528 1525 1428 1429 1529 1528
          1525 1528 1530 1527 1528 1529
          1531 1530 1429 1432 1532 1529
          1432 1433 1533 1532 1529 1532
          1534 1531 1532 1533 1535 1534
          1433 1436 1536 1533 1436 1437
          1537 1536 1533 1536 1538 1535
          1536 1537 1539 1538 1437 1440
          1540 1537 1440 1441 1541 1540
          1537 1540 1542 1539 1540 1541
          1543 1542 1441 1444 1544 1541
          1444 1445 1545 1544 1541 1544
          1546 1543 1544 1545 1547 1546
          1445 1448 1548 1545 1448 1449
          1549 1548 1545 1548 1550 1547
          1548 1549 1551 1550 1449 1452
          1552 1549 1452 1453 1553 1552
          1549 1552 1554 1551 1552 1553
          1555 1554 1453 1456 1556 1553
          1456 1457 1557 1556 1553 1556
          1558 1555 1556 1557 1559 1558
          1462 1461 1560 1561 1461 1463
          1562 1560 1561 1560 1563 1564
          1560 1562 1565 1563 1463 1466
          1566 1562 1466 1467 1567 1566
          1562 1566 1568 1565 1566 1567
          1569 1568 1467 1470 1570 1567
          1470 1471 1571 1570 1567 1570
          1572 1569 1570 1571 1573 1572
          1471 1474 1574 1571 1474 1475
          1575 1574 1571 1574 1576 1573
          1574 1575 1577 1576 1475 1478
          1578 1575 1478 1479 1579 1578
          1575 1578 1580 1577 1578 1579
          1581 1580 1479 1482 1582 1579
          1482 1483 1583 1582 1579 1582
          1584 1581 1582 1583 1585 1584
          1483 1486 1586 1583 1486 1487
          1587 1586 1583 1586 1588 1585
          1586 1587 1589 1588 1487 1490
          1590 1587 1490 1491 1591 1590
          1587 1590 1592 1589 1590 1591
          1593 1592 1491 1494 1594 1591
          1494 1495 1595 1594 1591 1594
          1596 1593 1594 1595 1597 1596
          1495 1498 1598 1595 1498 1499
          1599 1598 1595 1598 1600 1597
          1598 1599 1601 1600 1499 1502
          1602 1599 1502 1503 1603 1602
          1599 1602 1604 1601 1602 1603
          1605 1604 1503 1506 1606 1603
          1506 1507 1607 1606 1603 1606
          1608 1605 1606 1607 1609 1608
          1507 1510 1610 1607 1510 1511
          1611 1610 1607 1610 1612 1609
          1610 1611 1613 1612 1511 1514
          1614 1611 1514 1515 1615 1614
          1611 1614 1616 1613 1614 1615
          1617 1616 1515 1518 1618 1615
          1518 1519 1619 1618 1615 1618
          1620 1617 1618 1619 1621 1620
          1519 1522 1622 1619 1522 1523
          1623 1622 1619 1622 1624 1621
          1622 1623 1625 1624 1523 1526
          1626 1623 1526 1527 1627 1626
          1623 1626 1628 1625 1626 1627
          1629 1628 1527 1530 1630 1627
          1530 1531 1631 1630 1627 1630
          1632 1629 1630 1631 1633 1632
          1531 1534 1634 1631 1534 1535
          1635 1634 1631 1634 1636 1633
          1634 1635 1637 1636 1535 1538
          1638 1635 1538 1539 1639 1638
          1635 1638 1640 1637 1638 1639
          1641 1640 1539 1542 1642 1639
          1542 1543 1643 1642 1639 1642
          1644 1641 1642 1643 1645 1644
          1543 1546 1646 1643 1546 1547
          1647 1646 1643 1646 1648 1645
          1646 1647 1649 1648 1547 1550
          1650 1647 1550 1551 1651 1650
          1647 1650 1652 1649 1650 1651
          1653 1652 1551 1554 1654 1651
          1554 1555 1655 1654 1651 1654
          1656 1653 1654 1655 1657 1656
          1555 1558 1658 1655 1558 1559
          1659 1658 1655 1658 1660 1657
          1658 1659 1661 1660 1564 1563
          1662 1663 1563 1565 1664 1662
          1663 1662 1665 1666 1662 1664
          1667 1665 1565 1568 1668 1664
          1568 1569 1669 1668 1664 1668
          1670 1667 1668 1669 1671 1670
          1569 1572 1672 1669 1572 1573
          1673 1672 1669 1672 1674 1671
          1672 1673 1675 1674 1573 1576
          1676 1673 1576 1577 1677 1676
          1673 1676 1678 1675 1676 1677
          1679 1678 1577 1580 1680 1677
          1580 1581 1681 1680 1677 1680
          1682 1679 1680 1681 1683 1682
          1581 1584 1684 1681 1584 1585
          1685 1684 1681 1684 1686 1683
          1684 1685 1687 1686 1585 1588
          1688 1685 1588 1589 1689 1688
          1685 1688 1690 1687 1688 1689
          1691 1690 1589 1592 1692 1689
          1592 1593 1693 1692 1689 1692
          1694 1691 1692 1693 1695 1694
          1593 1596 1696 1693 1596 1597
          1697 1696 1693 1696 1698 1695
          1696 1697 1699 1698 1597 1600
          1700 1697 1600 1601 1701 1700
          1697 1700 1702 1699 1700 1701
          1703 1702 1601 1604 1704 1701
          1604 1605 1705 1704 1701 1704
          1706 1703 1704 1705 1707 1706
          1605 1608 1708 1705 1608 1609
          1709 1708 1705 1708 1710 1707
          1708 1709 1711 1710 1609 1612
          1712 1709 1612 1613 1713 1712
          1709 1712 1714 1711 1712 1713
          1715 1714 1613 1616 1716 1713
          1616 1617 1717 1716 1713 1716
          1718 1715 1716 1717 1719 1718
          1617 1620 1720 1717 1620 1621
          1721 1720 1717 1720 1722 1719
          1720 1721 1723 1722 1621 1624
          1724 1721 1624 1625 1725 1724
          1721 1724 1726 1723 1724 1725
          1727 1726 1625 1628 1728 1725
          1628 1629 1729 1728 1725 1728
          1730 1727 1728 1729 1731 1730
          1629 1632 1732 1729 1632 1633
          1733 1732 1729 1732 1734 1731
          1732 1733 1735 1734 1633 1636
          1736 1733 1636 1637 1737 1736
          1733 1736 1738 1735 1736 1737
          1739 1738 1637 1640 1740 1737
          1640 1641 1741 1740 1737 1740
          1742 1739 1740 1741 1743 1742
          1641 1644 1744 1741 1644 1645
          1745 1744 1741 1744 1746 1743
          1744 1745 1747 1746 1645 1648
          1748 1745 1648 1649 1749 1748
          1745 1748 1750 1747 1748 1749
          1751 1750 1649 1652 1752 1749
          1652 1653 1753 1752 1749 1752
          1754 1751 1752 1753 1755 1754
          1653 1656 1756 1753 1656 1657
          1757 1756 1753 1756 1758 1755
          1756 1757 1759 1758 1657 1660
          1760 1757 1660 1661 1761 1760
          1757 1760 1762 1759 1760 1761
          1763 1762 1666 1665 1764 1765
          1665 1667 1766 1764 1765 1764
          1767 1768 1764 1766 1769 1767
          1667 1670 1770 1766 1670 1671
          1771 1770 1766 1770 1772 1769
          1770 1771 1773 1772 1671 1674
          1774 1771 1674 1675 1775 1774
          1771 1774 1776 1773 1774 1775
          1777 1776 1675 1678 1778 1775
          1678 1679 1779 1778 1775 1778
          1780 1777 1778 1779 1781 1780
          1679 1682 1782 1779 1682 1683
          1783 1782 1779 1782 1784 1781
          1782 1783 1785 1784 1683 1686
          1786 1783 1686 1687 1787 1786
          1783 1786 1788 1785 1786 1787
          1789 1788 1687 1690 1790 1787
          1690 1691 1791 1790 1787 1790
          1792 1789 1790 1791 1793 1792
          1691 1694 1794 1791 1694 1695
          1795 1794 1791 1794 1796 1793
          1794 1795 1797 1796 1695 1698
          1798 1795 1698 1699 1799 1798
          1795 1798 1800 1797 1798 1799
          1801 1800 1699 1702 1802 1799
          1702 1703 1803 1802 1799 1802
          1804 1801 1802 1803 1805 1804
          1703 1706 1806 1803 1706 1707
          1807 1806 1803 1806 1808 1805
          1806 1807 1809 1808 1707 1710
          1810 1807 1710 1711 1811 1810
          1807 1810 1812 1809 1810 1811
          1813 1812 1711 1714 1814 1811
          1714 1715 1815 1814 1811 1814
          1816 1813 1814 1815 1817 1816
          1715 1718 1818 1815 1718 1719
          1819 1818 1815 1818 1820 1817
          1818 1819 1821 1820 1719 1722
          1822 1819 1722 1723 1823 1822
          1819 1822 1824 1821 1822 1823
          1825 1824 1723 1726 1826 1823
          1726 1727 1827 1826 1823 1826
          1828 1825 1826 1827 1829 1828
          1727 1730 1830 1827 1730 1731
          1831 1830 1827 1830 1832 1829
          1830 1831 1833 1832 1731 1734
          1834 1831 1734 1735 1835 1834
          1831 1834 1836 1833 1834 1835
          1837 1836 1735 1738 1838 1835
          1738 1739 1839 1838 1835 1838
          1840 1837 1838 1839 1841 1840
          1739 1742 1842 1839 1742 1743
          1843 1842 1839 1842 1844 1841
          1842 1843 1845 1844 1743 1746
          1846 1843 1746 1747 1847 1846
          1843 1846 1848 1845 1846 1847
          1849 1848 1747 1750 1850 1847
          1750 1751 1851 1850 1847 1850
          1852 1849 1850 1851 1853 1852
          1751 1754 1854 1851 1754 1755
          1855 1854 1851 1854 1856 1853
          1854 1855 1857 1856 1755 1758
          1858 1855 1758 1759 1859 1858
          1855 1858 1860 1857 1858 1859
          1861 1860 1759 1762 1862 1859
          1762 1763 1863 1862 1859 1862
          1864 1861 1862 1863 1865 1864
          1768 1767 1866 1867 1767 1769
          1868 1866 1867 1866 1869 1870
          1866 1868 1871 1869 1769 1772
          1872 1868 1772 1773 1873 1872
          1868 1872 1874 1871 1872 1873
          1875 1874 1773 1776 1876 1873
          1776 1777 1877 1876 1873 1876
          1878 1875 1876 1877 1879 1878
          1777 1780 1880 1877 1780 1781
          1881 1880 1877 1880 1882 1879
          1880 1881 1883 1882 1781 1784
          1884 1881 1784 1785 1885 1884
          1881 1884 1886 1883 1884 1885
          1887 1886 1785 1788 1888 1885
          1788 1789 1889 1888 1885 1888
          1890 1887 1888 1889 1891 1890
          1789 1792 1892 1889 1792 1793
          1893 1892 1889 1892 1894 1891
          1892 1893 1895 1894 1793 1796
          1896 1893 1796 1797 1897 1896
          1893 1896 1898 1895 1896 1897
          1899 1898 1797 1800 1900 1897
          1800 1801 1901 1900 1897 1900
          1902 1899 1900 1901 1903 1902
          1801 1804 1904 1901 1804 1805
          1905 1904 1901 1904 1906 1903
          1904 1905 1907 1906 1805 1808
          1908 1905 1808 1809 1909 1908
          1905 1908 1910 1907 1908 1909
          1911 1910 1809 1812 1912 1909
          1812 1813 1913 1912 1909 1912
          1914 1911 1912 1913 1915 1914
          1813 1816 1916 1913 1816 1817
          1917 1916 1913 1916 1918 1915
          1916 1917 1919 1918 1817 1820
          1920 1917 1820 1821 1921 1920
          1917 1920 1922 1919 1920 1921
          1923 1922 1821 1824 1924 1921
          1824 1825 1925 1924 1921 1924
          1926 1923 1924 1925 1927 1926
          1825 1828 1928 1925 1828 1829
          1929 1928 1925 1928 1930 1927
          1928 1929 1931 1930 1829 1832
          1932 1929 1832 1833 1933 1932
          1929 1932 1934 1931 1932 1933
          1935 1934 1833 1836 1936 1933
          1836 1837 1937 1936 1933 1936
          1938 1935 1936 1937 1939 1938
          1837 1840 1940 1937 1840 1841
          1941 1940 1937 1940 1942 1939
          1940 1941 1943 1942 1841 1844
          1944 1941 1844 1845 1945 1944
          1941 1944 1946 1943 1944 1945
          1947 1946 1845 1848 1948 1945
          1848 1849 1949 1948 1945 1948
          1950 1947 1948 1949 1951 1950
          1849 1852 1952 1949 1852 1853
          1953 1952 1949 1952 1954 1951
          1952 1953 1955 1954 1853 1856
          1956 1953 1856 1857 1957 1956
          1953 1956 1958 1955 1956 1957
          1959 1958 1857 1860 1960 1957
          1860 1861 1961 1960 1957 1960
          1962 1959 1960 1961 1963 1962
          1861 1864 1964 1961 1864 1865
          1965 1964 1961 1964 1966 1963
          1964 1965 1967 1966 1870 1869
          1968 1969 1869 1871 1970 1968
          1969 1968 1971 1972 1968 1970
          1973 1971 1871 1874 1974 1970
          1874 1875 1975 1974 1970 1974
          1976 1973 1974 1975 1977 1976
          1875 1878 1978 1975 1878 1879
          1979 1978 1975 1978 1980 1977
          1978 1979 1981 1980 1879 1882
          1982 1979 1882 1883 1983 1982
          1979 1982 1984 1981 1982 1983
          1985 1984 1883 1886 1986 1983
          1886 1887 1987 1986 1983 1986
          1988 1985 1986 1987 1989 1988
          1887 1890 1990 1987 1890 1891
          1991 1990 1987 1990 1992 1989
          1990 1991 1993 1992 1891 1894
          1994 1991 1894 1895 1995 1994
          1991 1994 1996 1993 1994 1995
          1997 1996 1895 1898 1998 1995
          1898 1899 1999 1998 1995 1998
          2000 1997 1998 1999 2001 2000
          1899 1902 2002 1999 1902 1903
          2003 2002 1999 2002 2004 2001
          2002 2003 2005 2004 1903 1906
          2006 2003 1906 1907 2007 2006
          2003 2006 2008 2005 2006 2007
          2009 2008 1907 1910 2010 2007
          1910 1911 2011 2010 2007 2010
          2012 2009 2010 2011 2013 2012
          1911 1914 2014 2011 1914 1915
          2015 2014 2011 2014 2016 2013
          2014 2015 2017 2016 1915 1918
          2018 2015 1918 1919 2019 2018
          2015 2018 2020 2017 2018 2019
          2021 2020 1919 1922 2022 2019
          1922 1923 2023 2022 2019 2022
          2024 2021 2022 2023 2025 2024
          1923 1926 2026 2023 1926 1927
          2027 2026 2023 2026 2028 2025
          2026 2027 2029 2028 1927 1930
          2030 2027 1930 1931 2031 2030
          2027 2030 2032 2029 2030 2031
          2033 2032 1931 1934 2034 2031
          1934 1935 2035 2034 2031 2034
          2036 2033 2034 2035 2037 2036
          1935 1938 2038 2035 1938 1939
          2039 2038 2035 2038 2040 2037
          2038 2039 2041 2040 1939 1942
          2042 2039 1942 1943 2043 2042
          2039 2042 2044 2041 2042 2043
          2045 2044 1943 1946 2046 2043
          1946 1947 2047 2046 2043 2046
          2048 2045 2046 2047 2049 2048
          1947 1950 2050 2047 1950 1951
          2051 2050 2047 2050 2052 2049
          2050 2051 2053 2052 1951 1954
          2054 2051 1954 1955 2055 2054
          2051 2054 2056 2053 2054 2055
          2057 2056 1955 1958 2058 2055
          1958 1959 2059 2058 2055 2058
          2060 2057 2058 2059 2061 2060
          1959 1962 2062 2059 1962 1963
          2063 2062 2059 2062 2064 2061
          2062 2063 2065 2064 1963 1966
          2066 2063 1966 1967 2067 2066
          2063 2066 2068 2065 2066 2067
          2069 2068 1972 1971 2070 2071
          1971 1973 2072 2070 2071 2070
          2073 2074 2070 2072 2075 2073
          1973 1976 2076 2072 1976 1977
          2077 2076 2072 2076 2078 2075
          2076 2077 2079 2078 1977 1980
          2080 2077 1980 1981 2081 2080
          2077 2080 2082 2079 2080 2081
          2083 2082 1981 1984 2084 2081
          1984 1985 2085 2084 2081 2084
          2086 2083 2084 2085 2087 2086
          1985 1988 2088 2085 1988 1989
          2089 2088 2085 2088 2090 2087
          2088 2089 2091 2090 1989 1992
          2092 2089 1992 1993 2093 2092
          2089 2092 2094 2091 2092 2093
          2095 2094 1993 1996 2096 2093
          1996 1997 2097 2096 2093 2096
          2098 2095 2096 2097 2099 2098
          1997 2000 2100 2097 2000 2001
          2101 2100 2097 2100 2102 2099
          2100 2101 2103 2102 2001 2004
          2104 2101 2004 2005 2105 2104
          2101 2104 2106 2103 2104 2105
          2107 2106 2005 2008 2108 2105
          2008 2009 2109 2108 2105 2108
          2110 2107 2108 2109 2111 2110
          2009 2012 2112 2109 2012 2013
          2113 2112 2109 2112 2114 2111
          2112 2113 2115 2114 2013 2016
          2116 2113 2016 2017 2117 2116
          2113 2116 2118 2115 2116 2117
          2119 2118 2017 2020 2120 2117
          2020 2021 2121 2120 2117 2120
          2122 2119 2120 2121 2123 2122
          2021 2024 2124 2121 2024 2025
          2125 2124 2121 2124 2126 2123
          2124 2125 2127 2126 2025 2028
          2128 2125 2028 2029 2129 2128
          2125 2128 2130 2127 2128 2129
          2131 2130 2029 2032 2132 2129
          2032 2033 2133 2132 2129 2132
          2134 2131 2132 2133 2135 2134
          2033 2036 2136 2133 2036 2037
          2137 2136 2133 2136 2138 2135
          2136 2137 2139 2138 2037 2040
          2140 2137 2040 2041 2141 2140
          2137 2140 2142 2139 2140 2141
          2143 2142 2041 2044 2144 2141
          2044 2045 2145 2144 2141 2144
          2146 2143 2144 2145 2147 2146
          2045 2048 2148 2145 2048 2049
          2149 2148 2145 2148 2150 2147
          2148 2149 2151 2150 2049 2052
          2152 2149 2052 2053 2153 2152
          2149 2152 2154 2151 2152 2153
          2155 2154 2053 2056 2156 2153
          2056 2057 2157 2156 2153 2156
          2158 2155 2156 2157 2159 2158
          2057 2060 2160 2157 2060 2061
          2161 2160 2157 2160 2162 2159
          2160 2161 2163 2162 2061 2064
          2164 2161 2064 2065 2165 2164
          2161 2164 2166 2163 2164 2165
          2167 2166 2065 2068 2168 2165
          2068 2069 2169 2168 2165 2168
          2170 2167 2168 2169 2171 2170
          2074 2073 2172 2173 2073 2075
          2174 2172 2173 2172 2175 2176
          2172 2174 2177 2175 2075 2078
          2178 2174 2078 2079 2179 2178
          2174 2178 2180 2177 2178 2179
          2181 2180 2079 2082 2182 2179
          2082 2083 2183 2182 2179 2182
          2184 2181 2182 2183 2185 2184
          2083 2086 2186 2183 2086 2087
          2187 2186 2183 2186 2188 2185
          2186 2187 2189 2188 2087 2090
          2190 2187 2090 2091 2191 2190
          2187 2190 2192 2189 2190 2191
          2193 2192 2091 2094 2194 2191
          2094 2095 2195 2194 2191 2194
          2196 2193 2194 2195 2197 2196
          2095 2098 2198 2195 2098 2099
          2199 2198 2195 2198 2200 2197
          2198 2199 2201 2200 2099 2102
          2202 2199 2102 2103 2203 2202
          2199 2202 2204 2201 2202 2203
          2205 2204 2103 2106 2206 2203
          2106 2107 2207 2206 2203 2206
          2208 2205 2206 2207 2209 2208
          2107 2110 2210 2207 2110 2111
          2211 2210 2207 2210 2212 2209
          2210 2211 2213 2212 2111 2114
          2214 2211 2114 2115 2215 2214
          2211 2214 2216 2213 2214 2215
          2217 2216 2115 2118 2218 2215
          2118 2119 2219 2218 2215 2218
          2220 2217 2218 2219 2221 2220
          2119 2122 2222 2219 2122 2123
          2223 2222 2219 2222 2224 2221
          2222 2223 2225 2224 2123 2126
          2226 2223 2126 2127 2227 2226
          2223 2226 2228 2225 2226 2227
          2229 2228 2127 2130 2230 2227
          2130 2131 2231 2230 2227 2230
          2232 2229 2230 2231 2233 2232
          2131 2134 2234 2231 2134 2135
          2235 2234 2231 2234 2236 2233
          2234 2235 2237 2236 2135 2138
          2238 2235 2138 2139 2239 2238
          2235 2238 2240 2237 2238 2239
          2241 2240 2139 2142 2242 2239
          2142 2143 2243 2242 2239 2242
          2244 2241 2242 2243 2245 2244
          2143 2146 2246 2243 2146 2147
          2247 2246 2243 2246 2248 2245
          2246 2247 2249 2248 2147 2150
          2250 2247 2150 2151 2251 2250
          2247 2250 2252 2249 2250 2251
          2253 2252 2151 2154 2254 2251
          2154 2155 2255 2254 2251 2254
          2256 2253 2254 2255 2257 2256
          2155 2158 2258 2255 2158 2159
          2259 2258 2255 2258 2260 2257
          2258 2259 2261 2260 2159 2162
          2262 2259 2162 2163 2263 2262
          2259 2262 2264 2261 2262 2263
          2265 2264 2163 2166 2266 2263
          2166 2167 2267 2266 2263 2266
          2268 2265 2266 2267 2269 2268
          2167 2170 2270 2267 2170 2171
          2271 2270 2267 2270 2272 2269
          2270 2271 2273 2272 2176 2175
          2274 2275 2175 2177 2276 2274
          2275 2274 2277 2278 2274 2276
          2279 2277 2177 2180 2280 2276
          2180 2181 2281 2280 2276 2280
          2282 2279 2280 2281 2283 2282
          2181 2184 2284 2281 2184 2185
          2285 2284 2281 2284 2286 2283
          2284 2285 2287 2286 2185 2188
          2288 2285 2188 2189 2289 2288
          2285 2288 2290 2287 2288 2289
          2291 2290 2189 2192 2292 2289
          2192 2193 2293 2292 2289 2292
          2294 2291 2292 2293 2295 2294
          2193 2196 2296 2293 2196 2197
          2297 2296 2293 2296 2298 2295
          2296 2297 2299 2298 2197 2200
          2300 2297 2200 2201 2301 2300
          2297 2300 2302 2299 2300 2301
          2303 2302 2201 2204 2304 2301
          2204 2205 2305 2304 2301 2304
          2306 2303 2304 2305 2307 2306
          2205 2208 2308 2305 2208 2209
          2309 2308 2305 2308 2310 2307
          2308 2309 2311 2310 2209 2212
          2312 2309 2212 2213 2313 2312
          2309 2312 2314 2311 2312 2313
          2315 2314 2213 2216 2316 2313
          2216 2217 2317 2316 2313 2316
          2318 2315 2316 2317 2319 2318
          2217 2220 2320 2317 2220 2221
          2321 2320 2317 2320 2322 2319
          2320 2321 2323 2322 2221 2224
          2324 2321 2224 2225 2325 2324
          2321 2324 2326 2323 2324 2325
          2327 2326 2225 2228 2328 2325
          2228 2229 2329 2328 2325 2328
          2330 2327 2328 2329 2331 2330
          2229 2232 2332 2329 2232 2233
          2333 2332 2329 2332 2334 2331
          2332 2333 2335 2334 2233 2236
          2336 2333 2236 2237 2337 2336
          2333 2336 2338 2335 2336 2337
          2339 2338 2237 2240 2340 2337
          2240 2241 2341 2340 2337 2340
          2342 2339 2340 2341 2343 2342
          2241 2244 2344 2341 2244 2245
          2345 2344 2341 2344 2346 2343
          2344 2345 2347 2346 2245 2248
          2348 2345 2248 2249 2349 2348
          2345 2348 2350 2347 2348 2349
          2351 2350 2249 2252 2352 2349
          2252 2253 2353 2352 2349 2352
          2354 2351 2352 2353 2355 2354
          2253 2256 2356 2353 2256 2257
          2357 2356 2353 2356 2358 2355
          2356 2357 2359 2358 2257 2260
          2360 2357 2260 2261 2361 2360
          2357 2360 2362 2359 2360 2361
          2363 2362 2261 2264 2364 2361
          2264 2265 2365 2364 2361 2364
          2366 2363 2364 2365 2367 2366
          2265 2268 2368 2365 2268 2269
          2369 2368 2365 2368 2370 2367
          2368 2369 2371 2370 2269 2272
          2372 2369 2272 2273 2373 2372
          2369 2372 2374 2371 2372 2373
          2375 2374 2278 2277 2376 2377
          2277 2279 2378 2376 2377 2376
          2379 2380 2376 2378 2381 2379
          2279 2282 2382 2378 2282 2283
          2383 2382 2378 2382 2384 2381
          2382 2383 2385 2384 2283 2286
          2386 2383 2286 2287 2387 2386
          2383 2386 2388 2385 2386 2387
          2389 2388 2287 2290 2390 2387
          2290 2291 2391 2390 2387 2390
          2392 2389 2390 2391 2393 2392
          2291 2294 2394 2391 2294 2295
          2395 2394 2391 2394 2396 2393
          2394 2395 2397 2396 2295 2298
          2398 2395 2298 2299 2399 2398
          2395 2398 2400 2397 2398 2399
          2401 2400 2299 2302 2402 2399
          2302 2303 2403 2402 2399 2402
          2404 2401 2402 2403 2405 2404
          2303 2306 2406 2403 2306 2307
          2407 2406 2403 2406 2408 2405
          2406 2407 2409 2408 2307 2310
          2410 2407 2310 2311 2411 2410
          2407 2410 2412 2409 2410 2411
          2413 2412 2311 2314 2414 2411
          2314 2315 2415 2414 2411 2414
          2416 2413 2414 2415 2417 2416
          2315 2318 2418 2415 2318 2319
          2419 2418 2415 2418 2420 2417
          2418 2419 2421 2420 2319 2322
          2422 2419 2322 2323 2423 2422
          2419 2422 2424 2421 2422 2423
          2425 2424 2323 2326 2426 2423
          2326 2327 2427 2426 2423 2426
          2428 2425 2426 2427 2429 2428
          2327 2330 2430 2427 2330 2331
          2431 2430 2427 2430 2432 2429
          2430 2431 2433 2432 2331 2334
          2434 2431 2334 2335 2435 2434
          2431 2434 2436 2433 2434 2435
          2437 2436 2335 2338 2438 2435
          2338 2339 2439 2438 2435 2438
          2440 2437 2438 2439 2441 2440
          2339 2342 2442 2439 2342 2343
          2443 2442 2439 2442 2444 2441
          2442 2443 2445 2444 2343 2346
          2446 2443 2346 2347 2447 2446
          2443 2446 2448 2445 2446 2447
          2449 2448 2347 2350 2450 2447
          2350 2351 2451 2450 2447 2450
          2452 2449 2450 2451 2453 2452
          2351 2354 2454 2451 2354 2355
          2455 2454 2451 2454 2456 2453
          2454 2455 2457 2456 2355 2358
          2458 2455 2358 2359 2459 2458
          2455 2458 2460 2457 2458 2459
          2461 2460 2359 2362 2462 2459
          2362 2363 2463 2462 2459 2462
          2464 2461 2462 2463 2465 2464
          2363 2366 2466 2463 2366 2367
          2467 2466 2463 2466 2468 2465
          2466 2467 2469 2468 2367 2370
          2470 2467 2370 2371 2471 2470
          2467 2470 2472 2469 2470 2471
          2473 2472 2371 2374 2474 2471
          2374 2375 2475 2474 2471 2474
          2476 2473 2474 2475 2477 2476
          2380 2379 2478 2479 2379 2381
          2480 2478 2479 2478 2481 2482
          2478 2480 2483 2481 2381 2384
          2484 2480 2384 2385 2485 2484
          2480 2484 2486 2483 2484 2485
          2487 2486 2385 2388 2488 2485
          2388 2389 2489 2488 2485 2488
          2490 2487 2488 2489 2491 2490
          2389 2392 2492 2489 2392 2393
          2493 2492 2489 2492 2494 2491
          2492 2493 2495 2494 2393 2396
          2496 2493 2396 2397 2497 2496
          2493 2496 2498 2495 2496 2497
          2499 2498 2397 2400 2500 2497
          2400 2401 2501 2500 2497 2500
          2502 2499 2500 2501 2503 2502
          2401 2404 2504 2501 2404 2405
          2505 2504 2501 2504 2506 2503
          2504 2505 2507 2506 2405 2408
          2508 2505 2408 2409 2509 2508
          2505 2508 2510 2507 2508 2509
          2511 2510 2409 2412 2512 2509
          2412 2413 2513 2512 2509 2512
          2514 2511 2512 2513 2515 2514
          2413 2416 2516 2513 2416 2417
          2517 2516 2513 2516 2518 2515
          2516 2517 2519 2518 2417 2420
          2520 2517 2420 2421 2521 2520
          2517 2520 2522 2519 2520 2521
          2523 2522 2421 2424 2524 2521
          2424 2425 2525 2524 2521 2524
          2526 2523 2524 2525 2527 2526
          2425 2428 2528 2525 2428 2429
          2529 2528 2525 2528 2530 2527
          2528 2529 2531 2530 2429 2432
          2532 2529 2432 2433 2533 2532
          2529 2532 2534 2531 2532 2533
          2535 2534 2433 2436 2536 2533
          2436 2437 2537 2536 2533 2536
          2538 2535 2536 2537 2539 2538
          2437 2440 2540 2537 2440 2441
          2541 2540 2537 2540 2542 2539
          2540 2541 2543 2542 2441 2444
          2544 2541 2444 2445 2545 2544
          2541 2544 2546 2543 2544 2545
          2547 2546 2445 2448 2548 2545
          2448 2449 2549 2548 2545 2548
          2550 2547 2548 2549 2551 2550
          2449 2452 2552 2549 2452 2453
          2553 2552 2549 2552 2554 2551
          2552 2553 2555 2554 2453 2456
          2556 2553 2456 2457 2557 2556
          2553 2556 2558 2555 2556 2557
          2559 2558 2457 2460 2560 2557
          2460 2461 2561 2560 2557 2560
          2562 2559 2560 2561 2563 2562
          2461 2464 2564 2561 2464 2465
          2565 2564 2561 2564 2566 2563
          2564 2565 2567 2566 2465 2468
          2568 2565 2468 2469 2569 2568
          2565 2568 2570 2567 2568 2569
          2571 2570 2469 2472 2572 2569
          2472 2473 2573 2572 2569 2572
          2574 2571 2572 2573 2575 2574
          2473 2476 2576 2573 2476 2477
          2577 2576 2573 2576 2578 2575
          2576 2577 2579 2578 1177 2580
          2581 2582 2580 1176 2583 2581
          1176 2584 2585 2583 2584 1178
          2586 2585 2587 2588 2589 1335
          2588 2590 1336 2589 2590 2591
          2592 1336 2591 2593 1339 2592
          1178 2594 2595 2586 2594 1181
          2596 2595 1181 2597 2598 2596
          2597 1182 2599 2598 2593 2600
          2601 1339 2600 2602 1344 2601
          2602 2603 2604 1344 2603 2605
          1346 2604 1182 2606 2607 2599
          2606 1185 2608 2607 1185 2609
          2610 2608 2609 1186 2611 2610
          2605 2612 2613 1346 2612 2614
          1350 2613 2614 2615 2616 1350
          2615 2617 1352 2616 1186 2618
          2619 2611 2618 1189 2620 2619
          1189 2621 2622 2620 2621 1190
          2623 2622 2617 2624 2625 1352
          2624 2626 1356 2625 2626 2627
          2628 1356 2627 2629 1358 2628
          1190 2630 2631 2623 2630 1193
          2632 2631 1193 2633 2634 2632
          2633 1194 2635 2634 2629 2636
          2637 1358 2636 2638 1362 2637
          2638 2639 2640 1362 2639 2641
          1364 2640 1194 2642 2643 2635
          2642 1197 2644 2643 1197 2645
          2646 2644 2645 1198 2647 2646
          2641 2648 2649 1364 2648 2650
          1368 2649 2650 2651 2652 1368
          2651 2653 1370 2652 1198 2654
          2655 2647 2654 1201 2656 2655
          1201 2657 2658 2656 2657 1202
          2659 2658 2653 2660 2661 1370
          2660 2662 1374 2661 2662 2663
          2664 1374 2663 2665 1376 2664
          1202 2666 2667 2659 2666 1205
          2668 2667 1205 2669 2670 2668
          2669 1206 2671 2670 2665 2672
          2673 1376 2672 2674 1380 2673
          2674 2675 2676 1380 2675 2677
          1382 2676 1206 2678 2679 2671
          2678 1209 2680 2679 1209 2681
          2682 2680 2681 1210 2683 2682
          2677 2684 2685 1382 2684 2686
          1386 2685 2686 2687 2688 1386
          2687 2689 1388 2688 1210 2690
          2691 2683 2690 1213 2692 2691
          1213 2693 2694 2692 2693 1214
          2695 2694 2689 2696 2697 1388
          2696 2698 1392 2697 2698 2699
          2700 1392 2699 2701 1394 2700
          1214 2702 2703 2695 2702 1217
          2704 2703 2703 2704 1276 2705
          2705 1276 2706 2707 2701 2707
          2708 1394 2707 2706 1278 2708
          2582 2709 2710 2711 2709 2581
          2712 2710 2711 2710 2713 2714
          2710 2712 2715 2713 2581 2716
          2717 2712 2716 2583 2718 2717
          2712 2717 2719 2715 2717 2718
          2720 2719 2583 2721 2722 2718
          2721 2585 2723 2722 2718 2722
          2724 2720 2722 2723 2725 2724
          2585 2726 2727 2723 2726 2586
          2728 2727 2723 2727 2729 2725
          2727 2728 2730 2729 2714 2713
          2731 2732 2713 2715 2733 2731
          2732 2731 2734 2587 2731 2733
          2588 2734 2715 2719 2735 2733
          2719 2720 2736 2735 2733 2735
          2737 2588 2735 2736 2590 2737
          2720 2724 2738 2736 2724 2725
          2739 2738 2736 2738 2740 2590
          2738 2739 2591 2740 2725 2729
          2741 2739 2729 2730 2742 2741
          2739 2741 2743 2591 2741 2742
          2593 2743 2586 2744 2745 2728
          2744 2595 2746 2745 2728 2745
          2747 2730 2745 2746 2748 2747
          2595 2749 2750 2746 2749 2596
          2751 2750 2746 2750 2752 2748
          2750 2751 2753 2752 2596 2754
          2755 2751 2754 2598 2756 2755
          2751 2755 2757 2753 2755 2756
          2758 2757 2598 2759 2760 2756
          2759 2599 2761 2760 2756 2760
          2762 2758 2760 2761 2763 2762
          2730 2747 2764 2742 2747 2748
          2765 2764 2742 2764 2766 2593
          2764 2765 2600 2766 2748 2752
          2767 2765 2752 2753 2768 2767
          2765 2767 2769 2600 2767 2768
          2602 2769 2753 2757 2770 2768
          2757 2758 2771 2770 2768 2770
          2772 2602 2770 2771 2603 2772
          2758 2762 2773 2771 2762 2763
          2774 2773 2771 2773 2775 2603
          2773 2774 2605 2775 2599 2776
          2777 2761 2776 2607 2778 2777
          2761 2777 2779 2763 2777 2778
          2780 2779 2607 2781 2782 2778
          2781 2608 2783 2782 2778 2782
          2784 2780 2782 2783 2785 2784
          2608 2786 2787 2783 2786 2610
          2788 2787 2783 2787 2789 2785
          2787 2788 2790 2789 2610 2791
          2792 2788 2791 2611 2793 2792
          2788 2792 2794 2790 2792 2793
          2795 2794 2763 2779 2796 2774
          2779 2780 2797 2796 2774 2796
          2798 2605 2796 2797 2612 2798
          2780 2784 2799 2797 2784 2785
          2800 2799 2797 2799 2801 2612
          2799 2800 2614 2801 2785 2789
          2802 2800 2789 2790 2803 2802
          2800 2802 2804 2614 2802 2803
          2615 2804 2790 2794 2805 2803
          2794 2795 2806 2805 2803 2805
          2807 2615 2805 2806 2617 2807
          2611 2808 2809 2793 2808 2619
          2810 2809 2793 2809 2811 2795
          2809 2810 2812 2811 2619 2813
          2814 2810 2813 2620 2815 2814
          2810 2814 2816 2812 2814 2815
          2817 2816 2620 2818 2819 2815
          2818 2622 2820 2819 2815 2819
          2821 2817 2819 2820 2822 2821
          2622 2823 2824 2820 2823 2623
          2825 2824 2820 2824 2826 2822
          2824 2825 2827 2826 2795 2811
          2828 2806 2811 2812 2829 2828
          2806 2828 2830 2617 2828 2829
          2624 2830 2812 2816 2831 2829
          2816 2817 2832 2831 2829 2831
          2833 2624 2831 2832 2626 2833
          2817 2821 2834 2832 2821 2822
          2835 2834 2832 2834 2836 2626
          2834 2835 2627 2836 2822 2826
          2837 2835 2826 2827 2838 2837
          2835 2837 2839 2627 2837 2838
          2629 2839 2623 2840 2841 2825
          2840 2631 2842 2841 2825 2841
          2843 2827 2841 2842 2844 2843
          2631 2845 2846 2842 2845 2632
          2847 2846 2842 2846 2848 2844
          2846 2847 2849 2848 2632 2850
          2851 2847 2850 2634 2852 2851
          2847 2851 2853 2849 2851 2852
          2854 2853 2634 2855 2856 2852
          2855 2635 2857 2856 2852 2856
          2858 2854 2856 2857 2859 2858
          2827 2843 2860 2838 2843 2844
          2861 2860 2838 2860 2862 2629
          2860 2861 2636 2862 2844 2848
          2863 2861 2848 2849 2864 2863
          2861 2863 2865 2636 2863 2864
          2638 2865 2849 2853 2866 2864
          2853 2854 2867 2866 2864 2866
          2868 2638 2866 2867 2639 2868
          2854 2858 2869 2867 2858 2859
          2870 2869 2867 2869 2871 2639
          2869 2870 2641 2871 2635 2872
          2873 2857 2872 2643 2874 2873
          2857 2873 2875 2859 2873 2874
          2876 2875 2643 2877 2878 2874
          2877 2644 2879 2878 2874 2878
          2880 2876 2878 2879 2881 2880
          2644 2882 2883 2879 2882 2646
          2884 2883 2879 2883 2885 2881
          2883 2884 2886 2885 2646 2887
          2888 2884 2887 2647 2889 2888
          2884 2888 2890 2886 2888 2889
          2891 2890 2859 2875 2892 2870
          2875 2876 2893 2892 2870 2892
          2894 2641 2892 2893 2648 2894
          2876 2880 2895 2893 2880 2881
          2896 2895 2893 2895 2897 2648
          2895 2896 2650 2897 2881 2885
          2898 2896 2885 2886 2899 2898
          2896 2898 2900 2650 2898 2899
          2651 2900 2886 2890 2901 2899
          2890 2891 2902 2901 2899 2901
          2903 2651 2901 2902 2653 2903
          2647 2904 2905 2889 2904 2655
          2906 2905 2889 2905 2907 2891
          2905 2906 2908 2907 2655 2909
          2910 2906 2909 2656 2911 2910
          2906 2910 2912 2908 2910 2911
          2913 2912 2656 2914 2915 2911
          2914 2658 2916 2915 2911 2915
          2917 2913 2915 2916 2918 2917
          2658 2919 2920 2916 2919 2659
          2921 2920 2916 2920 2922 2918
          2920 2921 2923 2922 2891 2907
          2924 2902 2907 2908 2925 2924
          2902 2924 2926 2653 2924 2925
          2660 2926 2908 2912 2927 2925
          2912 2913 2928 2927 2925 2927
          2929 2660 2927 2928 2662 2929
          2913 2917 2930 2928 2917 2918
          2931 2930 2928 2930 2932 2662
          2930 2931 2663 2932 2918 2922
          2933 2931 2922 2923 2934 2933
          2931 2933 2935 2663 2933 2934
          2665 2935 2659 2936 2937 2921
          2936 2667 2938 2937 2921 2937
          2939 2923 2937 2938 2940 2939
          2667 2941 2942 2938 2941 2668
          2943 2942 2938 2942 2944 2940
          2942 2943 2945 2944 2668 2946
          2947 2943 2946 2670 2948 2947
          2943 2947 2949 2945 2947 2948
          2950 2949 2670 2951 2952 2948
          2951 2671 2953 2952 2948 2952
          2954 2950 2952 2953 2955 2954
          2923 2939 2956 2934 2939 2940
          2957 2956 2934 2956 2958 2665
          2956 2957 2672 2958 2940 2944
          2959 2957 2944 2945 2960 2959
          2957 2959 2961 2672 2959 2960
          2674 2961 2945 2949 2962 2960
          2949 2950 2963 2962 2960 2962
          2964 2674 2962 2963 2675 2964
          2950 2954 2965 2963 2954 2955
          2966 2965 2963 2965 2967 2675
          2965 2966 2677 2967 2671 2968
          2969 2953 2968 2679 2970 2969
          2953 2969 2971 2955 2969 2970
          2972 2971 2679 2973 2974 2970
          2973 2680 2975 2974 2970 2974
          2976 2972 2974 2975 2977 2976
          2680 2978 2979 2975 2978 2682
          2980 2979 2975 2979 2981 2977
          2979 2980 2982 2981 2682 2983
          2984 2980 2983 2683 2985 2984
          2980 2984 2986 2982 2984 2985
          2987 2986 2955 2971 2988 2966
          2971 2972 2989 2988 2966 2988
          2990 2677 2988 2989 2684 2990
          2972 2976 2991 2989 2976 2977
          2992 2991 2989 2991 2993 2684
          2991 2992 2686 2993 2977 2981
          2994 2992 2981 2982 2995 2994
          2992 2994 2996 2686 2994 2995
          2687 2996 2982 2986 2997 2995
          2986 2987 2998 2997 2995 2997
          2999 2687 2997 2998 2689 2999
          2683 3000 3001 2985 3000 2691
          3002 3001 2985 3001 3003 2987
          3001 3002 3004 3003 2691 3005
          3006 3002 3005 2692 3007 3006
          3002 3006 3008 3004 3006 3007
          3009 3008 2692 3010 3011 3007
          3010 2694 3012 3011 3007 3011
          3013 3009 3011 3012 3014 3013
          2694 3015 3016 3012 3015 2695
          3017 3016 3012 3016 3018 3014
          3016 3017 3019 3018 2987 3003
          3020 2998 3003 3004 3021 3020
          2998 3020 3022 2689 3020 3021
          2696 3022 3004 3008 3023 3021
          3008 3009 3024 3023 3021 3023
          3025 2696 3023 3024 2698 3025
          3009 3013 3026 3024 3013 3014
          3027 3026 3024 3026 3028 2698
          3026 3027 2699 3028 3014 3018
          3029 3027 3018 3019 3030 3029
          3027 3029 3031 2699 3029 3030
          2701 3031 2695 3032 3033 3017
          3032 2703 3034 3033 3017 3033
          3035 3019 3033 3034 2705 3035
          3019 3035 3036 3030 3035 2705
          3037 3036 3030 3036 3038 2701
          3036 3037 2707 3038
        </DataArray>
        <DataArray type="Int64" Name="offsets" format="ascii" RangeMin="4" RangeMax="11488">
          4 8 12 16 20 24
          28 32 36 40 44 48
          52 56 60 64 68 72
          76 80 84 88 92 96
          100 104 108 112 116 120
          124 128 132 136 140 144
          148 152 156 160 164 168
          172 176 180 184 188 192
          196 200 204 208 212 216
          220 224 228 232 236 240
          244 248 252 256 260 264
          268 272 276 280 284 288
          292 296 300 304 308 312
          316 320 324 328 332 336
          340 344 348 352 356 360
          364 368 372 376 380 384
          388 392 396 400 404 408
          412 416 420 424 428 432
          436 440 444 448 452 456
          460 464 468 472 476 480
          484 488 492 496 500 504
          508 512 516 520 524 528
          532 536 540 544 548 552
          556 560 564 568 572 576
          580 584 588 592 596 600
          604 608 612 616 620 624
          628 632 636 640 644 648
          652 656 660 664 668 672
          676 680 684 688 692 696
          700 704 708 712 716 720
          724 728 732 736 740 744
          748 752 756 760 764 768
          772 776 780 784 788 792
          796 800 804 808 812 816
          820 824 828 832 836 840
          844 848 852 856 860 864
          868 872 876 880 884 888
          892 896 900 904 908 912
          916 920 924 928 932 936
          940 944 948 952 956 960
          964 968 972 976 980 984
          988 992 996 1000 1004 1008
          1012 1016 1020 1024 1028 1032
          1036 1040 1044 1048 1052 1056
          1060 1064 1068 1072 1076 1080
          1084 1088 1092 1096 1100 1104
          1108 1112 1116 1120 1124 1128
          1132 1136 1140 1144 1148 1152
          1156 1160 1164 1168 1172 1176
          1180 1184 1188 1192 1196 1200
          1204 1208 1212 1216 1220 1224
          1228 1232 1236 1240 1244 1248
          1252 1256 1260 1264 1268 1272
          1276 1280 1284 1288 1292 1296
          1300 1304 1308 1312 1316 1320
          1324 1328 1332 1336 1340 1344
          1348 1352 1356 1360 1364 1368
          1372 1376 1380 1384 1388 1392
          1396 1400 1404 1408 1412 1416
          1420 1424 1428 1432 1436 1440
          1444 1448 1452 1456 1460 1464
          1468 1472 1476 1480 1484 1488
          1492 1496 1500 1504 1508 1512
          1516 1520 1524 1528 1532 1536
          1540 1544 1548 1552 1556 1560
          1564 1568 1572 1576 1580 1584
          1588 1592 1596 1600 1604 1608
          1612 1616 1620 1624 1628 1632
          1636 1640 1644 1648 1652 1656
          1660 1664 1668 1672 1676 1680
          1684 1688 1692 1696 1700 1704
          1708 1712 1716 1720 1724 1728
          1732 1736 1740 1744 1748 1752
          1756 1760 1764 1768 1772 1776
          1780 1784 1788 1792 1796 1800
          1804 1808 1812 1816 1820 1824
          1828 1832 1836 1840 1844 1848
          1852 1856 1860 1864 1868 1872
          1876 1880 1884 1888 1892 1896
          1900 1904 1908 1912 1916 1920
          1924 1928 1932 1936 1940 1944
          1948 1952 1956 1960 1964 1968
          1972 1976 1980 1984 1988 1992
          1996 2000 2004 2008 2012 2016
          2020 2024 2028 2032 2036 2040
          2044 2048 2052 2056 2060 2064
          2068 2072 2076 2080 2084 2088
          2092 2096 2100 2104 2108 2112
          2116 2120 2124 2128 2132 2136
          2140 2144 2148 2152 2156 2160
          2164 2168 2172 2176 2180 2184
          2188 2192 2196 2200 2204 2208
          2212 2216 2220 2224 2228 2232
          2236 2240 2244 2248 2252 2256
          2260 2264 2268 2272 2276 2280
          2284 2288 2292 2296 2300 2304
          2308 2312 2316 2320 2324 2328
          2332 2336 2340 2344 2348 2352
          2356 2360 2364 2368 2372 2376
          2380 2384 2388 2392 2396 2400
          2404 2408 2412 2416 2420 2424
          2428 2432 2436 2440 2444 2448
          2452 2456 2460 2464 2468 2472
          2476 2480 2484 2488 2492 2496
          2500 2504 2508 2512 2516 2520
          2524 2528 2532 2536 2540 2544
          2548 2552 2556 2560 2564 2568
          2572 2576 2580 2584 2588 2592
          2596 2600 2604 2608 2612 2616
          2620 2624 2628 2632 2636 2640
          2644 2648 2652 2656 2660 2664
          2668 2672 2676 2680 2684 2688
          2692 2696 2700 2704 2708 2712
          2716 2720 2724 2728 2732 2736
          2740 2744 2748 2752 2756 2760
          2764 2768 2772 2776 2780 2784
          2788 2792 2796 2800 2804 2808
          2812 2816 2820 2824 2828 2832
          2836 2840 2844 2848 2852 2856
          2860 2864 2868 2872 2876 2880
          2884 2888 2892 2896 2900 2904
          2908 2912 2916 2920 2924 2928
          2932 2936 2940 2944 2948 2952
          2956 2960 2964 2968 2972 2976
          2980 2984 2988 2992 2996 3000
          3004 3008 3012 3016 3020 3024
          3028 3032 3036 3040 3044 3048
          3052 3056 3060 3064 3068 3072
          3076 3080 3084 3088 3092 3096
          3100 3104 3108 3112 3116 3120
          3124 3128 3132 3136 3140 3144
          3148 3152 3156 3160 3164 3168
          3172 3176 3180 3184 3188 3192
          3196 3200 3204 3208 3212 3216
          3220 3224 3228 3232 3236 3240
          3244 3248 3252 3256 3260 3264
          3268 3272 3276 3280 3284 3288
          3292 3296 3300 3304 3308 3312
          3316 3320 3324 3328 3332 3336
          3340 3344 3348 3352 3356 3360
          3364 3368 3372 3376 3380 3384
          3388 3392 3396 3400 3404 3408
          3412 3416 3420 3424 3428 3432
          3436 3440 3444 3448 3452 3456
          3460 3464 3468 3472 3476 3480
          3484 3488 3492 3496 3500 3504
          3508 3512 3516 3520 3524 3528
          3532 3536 3540 3544 3548 3552
          3556 3560 3564 3568 3572 3576
          3580 3584 3588 3592 3596 3600
          3604 3608 3612 3616 3620 3624
          3628 3632 3636 3640 3644 3648
          3652 3656 3660 3664 3668 3672
          3676 3680 3684 3688 3692 3696
          3700 3704 3708 3712 3716 3720
          3724 3728 3732 3736 3740 3744
          3748 3752 3756 3760 3764 3768
          3772 3776 3780 3784 3788 3792
          3796 3800 3804 3808 3812 3816
          3820 3824 3828 3832 3836 3840
          3844 3848 3852 3856 3860 3864
          3868 3872 3876 3880 3884 3888
          3892 3896 3900 3904 3908 3912
          3916 3920 3924 3928 3932 3936
          3940 3944 3948 3952 3956 3960
          3964 3968 3972 3976 3980 3984
          3988 3992 3996 4000 4004 4008
          4012 4016 4020 4024 4028 4032
          4036 4040 4044 4048 4052 4056
          4060 4064 4068 4072 4076 4080
          4084 4088 4092 4096 4100 4104
          4108 4112 4116 4120 4124 4128
          4132 4136 4140 4144 4148 4152
          4156 4160 4164 4168 4172 4176
          4180 4184 4188 4192 4196 4200
          4204 4208 4212 4216 4220 4224
          4228 4232 4236 4240 4244 4248
          4252 4256 4260 4264 4268 4272
          4276 4280 4284 4288 4292 4296
          4300 4304 4308 4312 4316 4320
          4324 4328 4332 4336 4340 4344
          4348 4352 4356 4360 4364 4368
          4372 4376 4380 4384 4388 4392
          4396 4400 4404 4408 4412 4416
          4420 4424 4428 4432 4436 4440
          4444 4448 4452 4456 4460 4464
          4468 4472 4476 4480 4484 4488
          4492 4496 4500 4504 4508 4512
          4516 4520 4524 4528 4532 4536
          4540 4544 4548 4552 4556 4560
          4564 4568 4572 4576 4580 4584
          4588 4592 4596 4600 4604 4608
          4612 4616 4620 4624 4628 4632
          4636 4640 4644 4648 4652 4656
          4660 4664 4668 4672 4676 4680
          4684 4688 4692 4696 4700 4704
          4708 4712 4716 4720 4724 4728
          4732 4736 4740 4744 4748 4752
          4756 4760 4764 4768 4772 4776
          4780 4784 4788 4792 4796 4800
          4804 4808 4812 4816 4820 4824
          4828 4832 4836 4840 4844 4848
          4852 4856 4860 4864 4868 4872
          4876 4880 4884 4888 4892 4896
          4900 4904 4908 4912 4916 4920
          4924 4928 4932 4936 4940 4944
          4948 4952 4956 4960 4964 4968
          4972 4976 4980 4984 4988 4992
          4996 5000 5004 5008 5012 5016
          5020 5024 5028 5032 5036 5040
          5044 5048 5052 5056 5060 5064
          5068 5072 5076 5080 5084 5088
          5092 5096 5100 5104 5108 5112
          5116 5120 5124 5128 5132 5136
          5140 5144 5148 5152 5156 5160
          5164 5168 5172 5176 5180 5184
          5188 5192 5196 5200 5204 5208
          5212 5216 5220 5224 5228 5232
          5236 5240 5244 5248 5252 5256
          5260 5264 5268 5272 5276 5280
          5284 5288 5292 5296 5300 5304
          5308 5312 5316 5320 5324 5328
          5332 5336 5340 5344 5348 5352
          5356 5360 5364 5368 5372 5376
          5380 5384 5388 5392 5396 5400
          5404 5408 5412 5416 5420 5424
          5428 5432 5436 5440 5444 5448
          5452 5456 5460 5464 5468 5472
          5476 5480 5484 5488 5492 5496
          5500 5504 5508 5512 5516 5520
          5524 5528 5532 5536 5540 5544
          5548 5552 5556 5560 5564 5568
          5572 5576 5580 5584 5588 5592
          5596 5600 5604 5608 5612 5616
          5620 5624 5628 5632 5636 5640
          5644 5648 5652 5656 5660 5664
          5668 5672 5676 5680 5684 5688
          5692 5696 5700 5704 5708 5712
          5716 5720 5724 5728 5732 5736
          5740 5744 5748 5752 5756 5760
          5764 5768 5772 5776 5780 5784
          5788 5792 5796 5800 5804 5808
          5812 5816 5820 5824 5828 5832
          5836 5840 5844 5848 5852 5856
          5860 5864 5868 5872 5876 5880
          5884 5888 5892 5896 5900 5904
          5908 5912 5916 5920 5924 5928
          5932 5936 5940 5944 5948 5952
          5956 5960 5964 5968 5972 5976
          5980 5984 5988 5992 5996 6000
          6004 6008 6012 6016 6020 6024
          6028 6032 6036 6040 6044 6048
          6052 6056 6060 6064 6068 6072
          6076 6080 6084 6088 6092 6096
          6100 6104 6108 6112 6116 6120
          6124 6128 6132 6136 6140 6144
          6148 6152 6156 6160 6164 6168
          6172 6176 6180 6184 6188 6192
          6196 6200 6204 6208 6212 6216
          6220 6224 6228 6232 6236 6240
          6244 6248 6252 6256 6260 6264
          6268 6272 6276 6280 6284 6288
          6292 6296 6300 6304 6308 6312
          6316 6320 6324 6328 6332 6336
          6340 6344 6348 6352 6356 6360
          6364 6368 6372 6376 6380 6384
          6388 6392 6396 6400 6404 6408
          6412 6416 6420 6424 6428 6432
          6436 6440 6444 6448 6452 6456
          6460 6464 6468 6472 6476 6480
          6484 6488 6492 6496 6500 6504
          6508 6512 6516 6520 6524 6528
          6532 6536 6540 6544 6548 6552
          6556 6560 6564 6568 6572 6576
          6580 6584 6588 6592 6596 6600
          6604 6608 6612 6616 6620 6624
          6628 6632 6636 6640 6644 6648
          6652 6656 6660 6664 6668 6672
          6676 6680 6684 6688 6692 6696
          6700 6704 6708 6712 6716 6720
          6724 6728 6732 6736 6740 6744
          6748 6752 6756 6760 6764 6768
          6772 6776 6780 6784 6788 6792
          6796 6800 6804 6808 6812 6816
          6820 6824 6828 6832 6836 6840
          6844 6848 6852 6856 6860 6864
          6868 6872 6876 6880 6884 6888
          6892 6896 6900 6904 6908 6912
          6916 6920 6924 6928 6932 6936
          6940 6944 6948 6952 6956 6960
          6964 6968 6972 6976 6980 6984
          6988 6992 6996 7000 7004 7008
          7012 7016 7020 7024 7028 7032
          7036 7040 7044 7048 7052 7056
          7060 7064 7068 7072 7076 7080
          7084 7088 7092 7096 7100 7104
          7108 7112 7116 7120 7124 7128
          7132 7136 7140 7144 7148 7152
          7156 7160 7164 7168 7172 7176
          7180 7184 7188 7192 7196 7200
          7204 7208 7212 7216 7220 7224
          7228 7232 7236 7240 7244 7248
          7252 7256 7260 7264 7268 7272
          7276 7280 7284 7288 7292 7296
          7300 7304 7308 7312 7316 7320
          7324 7328 7332 7336 7340 7344
          7348 7352 7356 7360 7364 7368
          7372 7376 7380 7384 7388 7392
          7396 7400 7404 7408 7412 7416
          7420 7424 7428 7432 7436 7440
          7444 7448 7452 7456 7460 7464
          7468 7472 7476 7480 7484 7488
          7492 7496 7500 7504 7508 7512
          7516 7520 7524 7528 7532 7536
          7540 7544 7548 7552 7556 7560
          7564 7568 7572 7576 7580 7584
          7588 7592 7596 7600 7604 7608
          7612 7616 7620 7624 7628 7632
          7636 7640 7644 7648 7652 7656
          7660 7664 7668 7672 7676 7680
          7684 7688 7692 7696 7700 7704
          7708 7712 7716 7720 7724 7728
          7732 7736 7740 7744 7748 7752
          7756 7760 7764 7768 7772 7776
          7780 7784 7788 7792 7796 7800
          7804 7808 7812 7816 7820 7824
          7828 7832 7836 7840 7844 7848
          7852 7856 7860 7864 7868 7872
          7876 7880 7884 7888 7892 7896
          7900 7904 7908 7912 7916 7920
          7924 7928 7932 7936 7940 7944
          7948 7952 7956 7960 7964 7968
          7972 7976 7980 7984 7988 7992
          7996 8000 8004 8008 8012 8016
          8020 8024 8028 8032 8036 8040
          8044 8048 8052 8056 8060 8064
          8068 8072 8076 8080 8084 8088
          8092 8096 8100 8104 8108 8112
          8116 8120 8124 8128 8132 8136
          8140 8144 8148 8152 8156 8160
          8164 8168 8172 8176 8180 8184
          8188 8192 8196 8200 8204 8208
          8212 8216 8220 8224 8228 8232
          8236 8240 8244 8248 8252 8256
          8260 8264 8268 8272 8276 8280
          8284 8288 8292 8296 8300 8304
          8308 8312 8316 8320 8324 8328
          8332 8336 8340 8344 8348 8352
          8356 8360 8364 8368 8372 8376
          8380 8384 8388 8392 8396 8400
          8404 8408 8412 8416 8420 8424
          8428 8432 8436 8440 8444 8448
          8452 8456 8460 8464 8468 8472
          8476 8480 8484 8488 8492 8496
          8500 8504 8508 8512 8516 8520
          8524 8528 8532 8536 8540 8544
          8548 8552 8556 8560 8564 8568
          8572 8576 8580 8584 8588 8592
          8596 8600 8604 8608 8612 8616
          8620 8624 8628 8632 8636 8640
          8644 8648 8652 8656 8660 8664
          8668 8672 8676 8680 8684 8688
          8692 8696 8700 8704 8708 8712
          8716 8720 8724 8728 8732 8736
          8740 8744 8748 8752 8756 8760
          8764 8768 8772 8776 8780 8784
          8788 8792 8796 8800 8804 8808
          8812 8816 8820 8824 8828 8832
          8836 8840 8844 8848 8852 8856
          8860 8864 8868 8872 8876 8880
          8884 8888 8892 8896 8900 8904
          8908 8912 8916 8920 8924 8928
          8932 8936 8940 8944 8948 8952
          8956 8960 8964 8968 8972 8976
          8980 8984 8988 8992 8996 9000
          9004 9008 9012 9016 9020 9024
          9028 9032 9036 9040 9044 9048
          9052 9056 9060 9064 9068 9072
          9076 9080 9084 9088 9092 9096
          9100 9104 9108 9112 9116 9120
          9124 9128 9132 9136 9140 9144
          9148 9152 9156 9160 9164 9168
          9172 9176 9180 9184 9188 9192
          9196 9200 9204 9208 9212 9216
          9220 9224 9228 9232 9236 9240
          9244 9248 9252 9256 9260 9264
          9268 9272 9276 9280 9284 9288
          9292 9296 9300 9304 9308 9312
          9316 9320 9324 9328 9332 9336
          9340 9344 9348 9352 9356 9360
          9364 9368 9372 9376 9380 9384
          9388 9392 9396 9400 9404 9408
          9412 9416 9420 9424 9428 9432
          9436 9440 9444 9448 9452 9456
          9460 9464 9468 9472 9476 9480
          9484 9488 9492 9496 9500 9504
          9508 9512 9516 9520 9524 9528
          9532 9536 9540 9544 9548 9552
          9556 9560 9564 9568 9572 9576
          9580 9584 9588 9592 9596 9600
          9604 9608 9612 9616 9620 9624
          9628 9632 9636 9640 9644 9648
          9652 9656 9660 9664 9668 9672
          9676 9680 9684 9688 9692 9696
          9700 9704 9708 9712 9716 9720
          9724 9728 9732 9736 9740 9744
          9748 9752 9756 9760 9764 9768
          9772 9776 9780 9784 9788 9792
          9796 9800 9804 9808 9812 9816
          9820 9824 9828 9832 9836 9840
          9844 9848 9852 9856 9860 9864
          9868 9872 9876 9880 9884 9888
          9892 9896 9900 9904 9908 9912
          9916 9920 9924 9928 9932 9936
          9940 9944 9948 9952 9956 9960
          9964 9968 9972 9976 9980 9984
          9988 9992 9996 10000 10004 10008
          10012 10016 10020 10024 10028 10032
          10036 10040 10044 10048 10052 10056
          10060 10064 10068 10072 10076 10080
          10084 10088 10092 10096 10100 10104
          10108 10112 10116 10120 10124 10128
          10132 10136 10140 10144 10148 10152
          10156 10160 10164 10168 10172 10176
          10180 10184 10188 10192 10196 10200
          10204 10208 10212 10216 10220 10224
          10228 10232 10236 10240 10244 10248
          10252 10256 10260 10264 10268 10272
          10276 10280 10284 10288 10292 10296
          10300 10304 10308 10312 10316 10320
          10324 10328 10332 10336 10340 10344
          10348 10352 10356 10360 10364 10368
          10372 10376 10380 10384 10388 10392
          10396 10400 10404 10408 10412 10416
          10420 10424 10428 10432 10436 10440
          10444 10448 10452 10456 10460 10464
          10468 10472 10476 10480 10484 10488
          10492 10496 10500 10504 10508 10512
          10516 10520 10524 10528 10532 10536
          10540 10544 10548 10552 10556 10560
          10564 10568 10572 10576 10580 10584
          10588 10592 10596 10600 10604 10608
          10612 10616 10620 10624 10628 10632
          10636 10640 10644 10648 10652 10656
          10660 10664 10668 10672 10676 10680
          10684 10688 10692 10696 10700 10704
          10708 10712 10716 10720 10724 10728
          10732 10736 10740 10744 10748 10752
          10756 10760 10764 10768 10772 10776
          10780 10784 10788 10792 10796 10800
          10804 10808 10812 10816 10820 10824
          10828 10832 10836 10840 10844 10848
          10852 10856 10860 10864 10868 10872
          10876 10880 10884 10888 10892 10896
          10900 10904 10908 10912 10916 10920
          10924 10928 10932 10936 10940 10944
          10948 10952 10956 10960 10964 10968
          10972 10976 10980 10984 10988 10992
          10996 11000 11004 11008 11012 11016
          11020 11024 11028 11032 11036 11040
          11044 11048 11052 11056 11060 11064
          11068 11072 11076 11080 11084 11088
          11092 11096 11100 11104 11108 11112
          11116 11120 11124 11128 11132 11136
          11140 11144 11148 11152 11156 11160
          11164 11168 11172 11176 11180 11184
          11188 11192 11196 11200 11204 11208
          11212 11216 11220 11224 11228 11232
          11236 11240 11244 11248 11252 11256
          11260 11264 11268 11272 11276 11280
          11284 11288 11292 11296 11300 11304
          11308 11312 11316 11320 11324 11328
          11332 11336 11340 11344 11348 11352
          11356 11360 11364 11368 11372 11376
          11380 11384 11388 11392 11396 11400
          11404 11408 11412 11416 11420 11424
          11428 11432 11436 11440 11444 11448
          11452 11456 11460 11464 11468 11472
          11476 11480 11484 11488
        </DataArray>
        <DataArray type="UInt8" Name="types" format="ascii" RangeMin="9" RangeMax="9">
          9 9 9 9 9 9
          9 9 9 9 9 9
          9 9 9 9 9 9
          9 9 9 9 9 9
          9 9 9 9 9 9
          9 9 9 9 9 9
          9 9 9 9 9 9
          9 9 9 9 9 9
          9 9 9 9 9 9
          9 9 9 9 9 9
          9 9 9 9 9 9
          9 9 9 9 9 9
          9 9 9 9 9 9
          9 9 9 9 9 9
          9 9 9 9 9 9
          9 9 9 9 9 9
          9 9 9 9 9 9
          9 9 9 9 9 9
          9 9 9 9 9 9
          9 9 9 9 9 9
          9 9 9 9 9 9
          9 9 9 9 9 9
          9 9 9 9 9 9
          9 9 9 9 9 9
          9 9 9 9 9 9
          9 9 9 9 9 9
          9 9 9 9 9 9
          9 9 9 9 9 9
          9 9 9 9 9 9
          9 9 9 9 9 9
          9 9 9 9 9 9
          9 9 9 9 9 9
          9 9 9 9 9 9
          9 9 9 9 9 9
          9 9 9 9 9 9
          9 9 9 9 9 9
          9 9 9 9 9 9
          9 9 9 9 9 9
          9 9 9 9 9 9
          9 9 9 9 9 9
          9 9 9 9 9 9
          9 9 9 9 9 9
          9 9 9 9 9 9
          9 9 9 9 9 9
          9 9 9 9 9 9
          9 9 9 9 9 9
          9 9 9 9 9 9
          9 9 9 9 9 9
          9 9 9 9 9 9
          9 9 9 9 9 9
          9 9 9 9 9 9
          9 9 9 9 9 9
          9 9 9 9 9 9
          9 9 9 9 9 9
          9 9 9 9 9 9
          9 9 9 9 9 9
          9 9 9 9 9 9
          9 9 9 9 9 9
          9 9 9 9 9 9
          9 9 9 9 9 9
          9 9 9 9 9 9
          9 9 9 9 9 9
          9 9 9 9 9 9
          9 9 9 9 9 9
          9 9 9 9 9 9
          9 9 9 9 9 9
          9 9 9 9 9 9
          9 9 9 9 9 9
          9 9 9 9 9 9
          9 9 9 9 9 9
          9 9 9 9 9 9
          9 9 9 9 9 9
          9 9 9 9 9 9
          9 9 9 9 9 9
          9 9 9 9 9 9
          9 9 9 9 9 9
          9 9 9 9 9 9
          9 9 9 9 9 9
          9 9 9 9 9 9
          9 9 9 9 9 9
          9 9 9 9 9 9
          9 9 9 9 9 9
          9 9 9 9 9 9
          9 9 9 9 9 9
          9 9 9 9 9 9
          9 9 9 9 9 9
          9 9 9 9 9 9
          9 9 9 9 9 9
          9 9 9 9 9 9
          9 9 9 9 9 9
          9 9 9 9 9 9
          9 9 9 9 9 9
          9 9 9 9 9 9
          9 9 9 9 9 9
          9 9 9 9 9 9
          9 9 9 9 9 9
          9 9 9 9 9 9
          9 9 9 9 9 9
          9 9 9 9 9 9
          9 9 9 9 9 9
          9 9 9 9 9 9
          9 9 9 9 9 9
          9 9 9 9 9 9
          9 9 9 9 9 9
          9 9 9 9 9 9
          9 9 9 9 9 9
          9 9 9 9 9 9
          9 9 9 9 9 9
          9 9 9 9 9 9
          9 9 9 9 9 9
          9 9 9 9 9 9
          9 9 9 9 9 9
          9 9 9 9 9 9
          9 9 9 9 9 9
          9 9 9 9 9 9
          9 9 9 9 9 9
          9 9 9 9 9 9
          9 9 9 9 9 9
          9 9 9 9 9 9
          9 9 9 9 9 9
          9 9 9 9 9 9
          9 9 9 9 9 9
          9 9 9 9 9 9
          9 9 9 9 9 9
          9 9 9 9 9 9
          9 9 9 9 9 9
          9 9 9 9 9 9
          9 9 9 9 9 9
          9 9 9 9 9 9
          9 9 9 9 9 9
          9 9 9 9 9 9
          9 9 9 9 9 9
          9 9 9 9 9 9
          9 9 9 9 9 9
          9 9 9 9 9 9
          9 9 9 9 9 9
          9 9 9 9 9 9
          9 9 9 9 9 9
          9 9 9 9 9 9
          9 9 9 9 9 9
          9 9 9 9 9 9
          9 9 9 9 9 9
          9 9 9 9 9 9
          9 9 9 9 9 9
          9 9 9 9 9 9
          9 9 9 9 9 9
          9 9 9 9 9 9
          9 9 9 9 9 9
          9 9 9 9 9 9
          9 9 9 9 9 9
          9 9 9 9 9 9
          9 9 9 9 9 9
          9 9 9 9 9 9
          9 9 9 9 9 9
          9 9 9 9 9 9
          9 9 9 9 9 9
          9 9 9 9 9 9
          9 9 9 9 9 9
          9 9 9 9 9 9
          9 9 9 9 9 9
          9 9 9 9 9 9
          9 9 9 9 9 9
          9 9 9 9 9 9
          9 9 9 9 9 9
          9 9 9 9 9 9
          9 9 9 9 9 9
          9 9 9 9 9 9
          9 9 9 9 9 9
          9 9 9 9 9 9
          9 9 9 9 9 9
          9 9 9 9 9 9
          9 9 9 9 9 9
          9 9 9 9 9 9
          9 9 9 9 9 9
          9 9 9 9 9 9
          9 9 9 9 9 9
          9 9 9 9 9 9
          9 9 9 9 9 9
          9 9 9 9 9 9
          9 9 9 9 9 9
          9 9 9 9 9 9
          9 9 9 9 9 9
          9 9 9 9 9 9
          9 9 9 9 9 9
          9 9 9 9 9 9
          9 9 9 9 9 9
          9 9 9 9 9 9
          9 9 9 9 9 9
          9 9 9 9 9 9
          9 9 9 9 9 9
          9 9 9 9 9 9
          9 9 9 9 9 9
          9 9 9 9 9 9
          9 9 9 9 9 9
          9 9 9 9 9 9
          9 9 9 9 9 9
          9 9 9 9 9 9
          9 9 9 9 9 9
          9 9 9 9 9 9
          9 9 9 9 9 9
          9 9 9 9 9 9
          9 9 9 9 9 9
          9 9 9 9 9 9
          9 9 9 9 9 9
          9 9 9 9 9 9
          9 9 9 9 9 9
          9 9 9 9 9 9
          9 9 9 9 9 9
          9 9 9 9 9 9
          9 9 9 9 9 9
          9 9 9 9 9 9
          9 9 9 9 9 9
          9 9 9 9 9 9
          9 9 9 9 9 9
          9 9 9 9 9 9
          9 9 9 9 9 9
          9 9 9 9 9 9
          9 9 9 9 9 9
          9 9 9 9 9 9
          9 9 9 9 9 9
          9 9 9 9 9 9
          9 9 9 9 9 9
          9 9 9 9 9 9
          9 9 9 9 9 9
          9 9 9 9 9 9
          9 9 9 9 9 9
          9 9 9 9 9 9
          9 9 9 9 9 9
          9 9 9 9 9 9
          9 9 9 9 9 9
          9 9 9 9 9 9
          9 9 9 9 9 9
          9 9 9 9 9 9
          9 9 9 9 9 9
          9 9 9 9 9 9
          9 9 9 9 9 9
          9 9 9 9 9 9
          9 9 9 9 9 9
          9 9 9 9 9 9
          9 9 9 9 9 9
          9 9 9 9 9 9
          9 9 9 9 9 9
          9 9 9 9 9 9
          9 9 9 9 9 9
          9 9 9 9 9 9
          9 9 9 9 9 9
          9 9 9 9 9 9
          9 9 9 9 9 9
          9 9 9 9 9 9
          9 9 9 9 9 9
          9 9 9 9 9 9
          9 9 9 9 9 9
          9 9 9 9 9 9
          9 9 9 9 9 9
          9 9 9 9 9 9
          9 9 9 9 9 9
          9 9 9 9 9 9
          9 9 9 9 9 9
          9 9 9 9 9 9
          9 9 9 9 9 9
          9 9 9 9 9 9
          9 9 9 9 9 9
          9 9 9 9 9 9
          9 9 9 9 9 9
          9 9 9 9 9 9
          9 9 9 9 9 9
          9 9 9 9 9 9
          9 9 9 9 9 9
          9 9 9 9 9 9
          9 9 9 9 9 9
          9 9 9 9 9 9
          9 9 9 9 9 9
          9 9 9 9 9 9
          9 9 9 9 9 9
          9 9 9 9 9 9
          9 9 9 9 9 9
          9 9 9 9 9 9
          9 9 9 9 9 9
          9 9 9 9 9 9
          9 9 9 9 9 9
          9 9 9 9 9 9
          9 9 9 9 9 9
          9 9 9 9 9 9
          9 9 9 9 9 9
          9 9 9 9 9 9
          9 9 9 9 9 9
          9 9 9 9 9 9
          9 9 9 9 9 9
          9 9 9 9 9 9
          9 9 9 9 9 9
          9 9 9 9 9 9
          9 9 9 9 9 9
          9 9 9 9 9 9
          9 9 9 9 9 9
          9 9 9 9 9 9
          9 9 9 9 9 9
          9 9 9 9 9 9
          9 9 9 9 9 9
          9 9 9 9 9 9
          9 9 9 9 9 9
          9 9 9 9 9 9
          9 9 9 9 9 9
          9 9 9 9 9 9
          9 9 9 9 9 9
          9 9 9 9 9 9
          9 9 9 9 9 9
          9 9 9 9 9 9
          9 9 9 9 9 9
          9 9 9 9 9 9
          9 9 9 9 9 9
          9 9 9 9 9 9
          9 9 9 9 9 9
          9 9 9 9 9 9
          9 9 9 9 9 9
          9 9 9 9 9 9
          9 9 9 9 9 9
          9 9 9 9 9 9
          9 9 9 9 9 9
          9 9 9 9 9 9
          9 9 9 9 9 9
          9 9 9 9 9 9
          9 9 9 9 9 9
          9 9 9 9 9 9
          9 9 9 9 9 9
          9 9 9 9 9 9
          9 9 9 9 9 9
          9 9 9 9 9 9
          9 9 9 9 9 9
          9 9 9 9 9 9
          9 9 9 9 9 9
          9 9 9 9 9 9
          9 9 9 9 9 9
          9 9 9 9 9 9
          9 9 9 9 9 9
          9 9 9 9 9 9
          9 9 9 9 9 9
          9 9 9 9 9 9
          9 9 9 9 9 9
          9 9 9 9 9 9
          9 9 9 9 9 9
          9 9 9 9 9 9
          9 9 9 9 9 9
          9 9 9 9 9 9
          9 9 9 9 9 9
          9 9 9 9 9 9
          9 9 9 9 9 9
          9 9 9 9 9 9
          9 9 9 9 9 9
          9 9 9 9 9 9
          9 9 9 9 9 9
          9 9 9 9 9 9
          9 9 9 9 9 9
          9 9 9 9 9 9
          9 9 9 9 9 9
          9 9 9 9 9 9
          9 9 9 9 9 9
          9 9 9 9 9 9
          9 9 9 9 9 9
          9 9 9 9 9 9
          9 9 9 9 9 9
          9 9 9 9 9 9
          9 9 9 9 9 9
          9 9 9 9 9 9
          9 9 9 9 9 9
          9 9 9 9 9 9
          9 9 9 9 9 9
          9 9 9 9 9 9
          9 9 9 9 9 9
          9 9 9 9 9 9
          9 9 9 9 9 9
          9 9 9 9 9 9
          9 9 9 9 9 9
          9 9 9 9 9 9
          9 9 9 9 9 9
          9 9 9 9 9 9
          9 9 9 9 9 9
          9 9 9 9 9 9
          9 9 9 9 9 9
          9 9 9 9 9 9
          9 9 9 9 9 9
          9 9 9 9 9 9
          9 9 9 9 9 9
          9 9 9 9 9 9
          9 9 9 9 9 9
          9 9 9 9 9 9
          9 9 9 9 9 9
          9 9 9 9 9 9
          9 9 9 9 9 9
          9 9 9 9 9 9
          9 9 9 9 9 9
          9 9 9 9 9 9
          9 9 9 9 9 9
          9 9 9 9 9 9
          9 9 9 9 9 9
          9 9 9 9 9 9
          9 9 9 9 9 9
          9 9 9 9 9 9
          9 9 9 9 9 9
          9 9 9 9 9 9
          9 9 9 9 9 9
          9 9 9 9 9 9
          9 9 9 9 9 9
          9 9 9 9 9 9
          9 9 9 9 9 9
          9 9 9 9 9 9
          9 9 9 9 9 9
          9 9 9 9 9 9
          9 9 9 9 9 9
          9 9 9 9 9 9
          9 9 9 9 9 9
          9 9 9 9 9 9
          9 9 9 9 9 9
          9 9 9 9 9 9
          9 9 9 9 9 9
          9 9 9 9 9 9
          9 9 9 9 9 9
          9 9 9 9 9 9
          9 9 9 9 9 9
          9 9 9 9 9 9
          9 9 9 9 9 9
          9 9 9 9 9 9
          9 9 9 9 9 9
          9 9 9 9 9 9
          9 9 9 9 9 9
          9 9 9 9 9 9
          9 9 9 9 9 9
          9 9 9 9 9 9
          9 9 9 9 9 9
          9 9 9 9 9 9
          9 9 9 9 9 9
          9 9 9 9 9 9
          9 9 9 9 9 9
          9 9 9 9 9 9
          9 9 9 9 9 9
          9 9 9 9 9 9
          9 9 9 9 9 9
          9 9 9 9 9 9
          9 9 9 9 9 9
          9 9 9 9 9 9
          9 9 9 9 9 9
          9 9 9 9 9 9
          9 9 9 9 9 9
          9 9 9 9 9 9
          9 9 9 9 9 9
          9 9 9 9 9 9
          9 9 9 9 9 9
          9 9 9 9 9 9
          9 9 9 9 9 9
          9 9 9 9 9 9
          9 9 9 9 9 9
          9 9 9 9 9 9
          9 9 9 9 9 9
          9 9 9 9 9 9
          9 9 9 9 9 9
          9 9 9 9 9 9
          9 9 9 9 9 9
          9 9 9 9 9 9
          9 9 9 9 9 9
          9 9 9 9 9 9
          9 9 9 9 9 9
          9 9 9 9 9 9
          9 9 9 9 9 9
          9 9 9 9 9 9
          9 9 9 9 9 9
          9 9 9 9 9 9
          9 9 9 9 9 9
          9 9 9 9 9 9
          9 9 9 9 9 9
          9 9 9 9 9 9
          9 9 9 9 9 9
          9 9 9 9 9 9
          9 9 9 9 9 9
          9 9 9 9 9 9
          9 9 9 9 9 9
          9 9 9 9 9 9
          9 9 9 9 9 9
          9 9 9 9 9 9
          9 9 9 9 9 9
          9 9 9 9
        </DataArray>
      </Cells>
    </Piece>
  </UnstructuredGrid>
</VTKFile>
