<?xml version="1.0"?>
<VTKFile type="UnstructuredGrid" version="0.1">
<UnstructuredGrid>
<Piece NumberOfPoints="3039" NumberOfCells="2872">
<Points>
<DataArray type="Float64" Naame="nodes" NumberOfComponents="3" format="ascii">
0.000000E+00 0.000000E+00 0
2.000000E+00 4.042199E-17 0
2.000000E+00 2.000000E+00 0
0.000000E+00 2.000000E+00 0
4.000000E+00 0.000000E+00 0
4.000000E+00 2.000000E+00 0
2.000000E+00 4.000000E+00 0
0.000000E+00 4.000000E+00 0
4.000000E+00 4.000000E+00 0
6.000000E+00 4.042199E-17 0
6.000000E+00 2.000000E+00 0
8.000000E+00 0.000000E+00 0
8.000000E+00 2.000000E+00 0
6.000000E+00 4.000000E+00 0
8.000000E+00 4.000000E+00 0
1.000000E+01 9.473903E-17 0
1.000000E+01 2.000000E+00 0
1.200000E+01 0.000000E+00 0
1.200000E+01 2.000000E+00 0
1.000000E+01 4.000000E+00 0
1.200000E+01 4.000000E+00 0
1.400000E+01 9.473903E-17 0
1.400000E+01 2.000000E+00 0
1.600000E+01 0.000000E+00 0
1.600000E+01 2.000000E+00 0
1.400000E+01 4.000000E+00 0
1.600000E+01 4.000000E+00 0
1.800000E+01 1.351610E-16 0
1.800000E+01 2.000000E+00 0
2.000000E+01 0.000000E+00 0
2.000000E+01 2.000000E+00 0
1.800000E+01 4.000000E+00 0
2.000000E+01 4.000000E+00 0
2.200000E+01 1.263187E-16 0
2.200000E+01 2.000000E+00 0
2.400000E+01 0.000000E+00 0
2.400000E+01 2.000000E+00 0
2.200000E+01 4.000000E+00 0
2.400000E+01 4.000000E+00 0
2.600000E+01 9.473903E-17 0
2.600000E+01 2.000000E+00 0
2.800000E+01 0.000000E+00 0
2.800000E+01 2.000000E+00 0
2.600000E+01 4.000000E+00 0
2.800000E+01 4.000000E+00 0
3.000000E+01 1.351610E-16 0
3.000000E+01 2.000000E+00 0
3.200000E+01 0.000000E+00 0
3.200000E+01 2.000000E+00 0
3.000000E+01 4.000000E+00 0
3.200000E+01 4.000000E+00 0
3.400000E+01 1.578984E-16 0
3.400000E+01 2.000000E+00 0
3.600000E+01 0.000000E+00 0
3.600000E+01 2.000000E+00 0
3.400000E+01 4.000000E+00 0
3.600000E+01 4.000000E+00 0
3.800000E+01 4.042199E-17 0
3.800000E+01 2.000000E+00 0
4.000000E+01 0.000000E+00 0
4.000000E+01 2.000000E+00 0
3.800000E+01 4.000000E+00 0
4.000000E+01 4.000000E+00 0
4.200000E+01 4.042199E-17 0
4.200000E+01 2.000000E+00 0
4.400000E+01 0.000000E+00 0
4.400000E+01 2.000000E+00 0
4.200000E+01 4.000000E+00 0
4.400000E+01 4.000000E+00 0
4.600000E+01 1.578984E-16 0
4.600000E+01 2.000000E+00 0
4.800000E+01 0.000000E+00 0
4.800000E+01 2.000000E+00 0
4.600000E+01 4.000000E+00 0
4.800000E+01 4.000000E+00 0
5.000000E+01 0.000000E+00 0
5.000000E+01 2.000000E+00 0
5.200000E+01 0.000000E+00 0
5.200000E+01 2.000000E+00 0
5.000000E+01 4.000000E+00 0
5.200000E+01 4.000000E+00 0
5.400000E+01 -4.042199E-17 0
5.400000E+01 2.000000E+00 0
5.600000E+01 0.000000E+00 0
5.600000E+01 2.000000E+00 0
5.400000E+01 4.000000E+00 0
5.600000E+01 4.000000E+00 0
5.800000E+01 9.473903E-17 0
5.800000E+01 2.000000E+00 0
6.000000E+01 0.000000E+00 0
6.000000E+01 2.000000E+00 0
5.800000E+01 4.000000E+00 0
6.000000E+01 4.000000E+00 0
6.200000E+01 9.473903E-17 0
6.200000E+01 2.000000E+00 0
6.400000E+01 0.000000E+00 0
6.400000E+01 2.000000E+00 0
6.200000E+01 4.000000E+00 0
6.400000E+01 4.000000E+00 0
6.600000E+01 9.473903E-17 0
6.600000E+01 2.000000E+00 0
6.800000E+01 0.000000E+00 0
6.800000E+01 2.000000E+00 0
6.600000E+01 4.000000E+00 0
6.800000E+01 4.000000E+00 0
7.000000E+01 0.000000E+00 0
7.000000E+01 2.000000E+00 0
7.200000E+01 0.000000E+00 0
7.200000E+01 2.000000E+00 0
7.000000E+01 4.000000E+00 0
7.200000E+01 4.000000E+00 0
7.400000E+01 -4.042199E-17 0
7.400000E+01 2.000000E+00 0
7.600000E+01 0.000000E+00 0
7.600000E+01 2.000000E+00 0
7.400000E+01 4.000000E+00 0
7.600000E+01 4.000000E+00 0
7.800000E+01 4.042199E-17 0
7.800000E+01 2.000000E+00 0
8.000000E+01 0.000000E+00 0
8.000000E+01 2.000000E+00 0
7.800000E+01 4.000000E+00 0
8.000000E+01 4.000000E+00 0
8.200000E+01 -4.042199E-17 0
8.200000E+01 2.000000E+00 0
8.400000E+01 0.000000E+00 0
8.400000E+01 2.000000E+00 0
8.200000E+01 4.000000E+00 0
8.400000E+01 4.000000E+00 0
8.600000E+01 -4.042199E-17 0
8.600000E+01 2.000000E+00 0
8.800000E+01 0.000000E+00 0
8.800000E+01 2.000000E+00 0
8.600000E+01 4.000000E+00 0
8.800000E+01 4.000000E+00 0
9.000000E+01 4.042199E-17 0
9.000000E+01 2.000000E+00 0
9.200000E+01 0.000000E+00 0
9.200000E+01 2.000000E+00 0
9.000000E+01 4.000000E+00 0
9.200000E+01 4.000000E+00 0
9.400000E+01 -4.042199E-17 0
9.400000E+01 2.000000E+00 0
9.600000E+01 0.000000E+00 0
9.600000E+01 2.000000E+00 0
9.400000E+01 4.000000E+00 0
9.600000E+01 4.000000E+00 0
9.800000E+01 0.000000E+00 0
9.800000E+01 2.000000E+00 0
1.000000E+02 0.000000E+00 0
1.000000E+02 2.000000E+00 0
9.800000E+01 4.000000E+00 0
1.000000E+02 4.000000E+00 0
2.000000E+00 6.000000E+00 0
4.042199E-17 6.000000E+00 0
4.000000E+00 6.000000E+00 0
2.000000E+00 8.000000E+00 0
0.000000E+00 8.000000E+00 0
4.000000E+00 8.000000E+00 0
6.000000E+00 6.000000E+00 0
8.000000E+00 6.000000E+00 0
6.000000E+00 8.000000E+00 0
8.000000E+00 8.000000E+00 0
1.000000E+01 6.000000E+00 0
1.200000E+01 6.000000E+00 0
1.000000E+01 8.000000E+00 0
1.200000E+01 8.000000E+00 0
1.400000E+01 6.000000E+00 0
1.600000E+01 6.000000E+00 0
1.400000E+01 8.000000E+00 0
1.600000E+01 8.000000E+00 0
1.800000E+01 6.000000E+00 0
2.000000E+01 6.000000E+00 0
1.800000E+01 8.000000E+00 0
2.000000E+01 8.000000E+00 0
2.200000E+01 6.000000E+00 0
2.400000E+01 6.000000E+00 0
2.200000E+01 8.000000E+00 0
2.400000E+01 8.000000E+00 0
2.600000E+01 6.000000E+00 0
2.800000E+01 6.000000E+00 0
2.600000E+01 8.000000E+00 0
2.800000E+01 8.000000E+00 0
3.000000E+01 6.000000E+00 0
3.200000E+01 6.000000E+00 0
3.000000E+01 8.000000E+00 0
3.200000E+01 8.000000E+00 0
3.400000E+01 6.000000E+00 0
3.600000E+01 6.000000E+00 0
3.400000E+01 8.000000E+00 0
3.600000E+01 8.000000E+00 0
3.800000E+01 6.000000E+00 0
4.000000E+01 6.000000E+00 0
3.800000E+01 8.000000E+00 0
4.000000E+01 8.000000E+00 0
4.200000E+01 6.000000E+00 0
4.400000E+01 6.000000E+00 0
4.200000E+01 8.000000E+00 0
4.400000E+01 8.000000E+00 0
4.600000E+01 6.000000E+00 0
4.800000E+01 6.000000E+00 0
4.600000E+01 8.000000E+00 0
4.800000E+01 8.000000E+00 0
5.000000E+01 6.000000E+00 0
5.200000E+01 6.000000E+00 0
5.000000E+01 8.000000E+00 0
5.200000E+01 8.000000E+00 0
5.400000E+01 6.000000E+00 0
5.600000E+01 6.000000E+00 0
5.400000E+01 8.000000E+00 0
5.600000E+01 8.000000E+00 0
5.800000E+01 6.000000E+00 0
6.000000E+01 6.000000E+00 0
5.800000E+01 8.000000E+00 0
6.000000E+01 8.000000E+00 0
6.200000E+01 6.000000E+00 0
6.400000E+01 6.000000E+00 0
6.200000E+01 8.000000E+00 0
6.400000E+01 8.000000E+00 0
6.600000E+01 6.000000E+00 0
6.800000E+01 6.000000E+00 0
6.600000E+01 8.000000E+00 0
6.800000E+01 8.000000E+00 0
7.000000E+01 6.000000E+00 0
7.200000E+01 6.000000E+00 0
7.000000E+01 8.000000E+00 0
7.200000E+01 8.000000E+00 0
7.400000E+01 6.000000E+00 0
7.600000E+01 6.000000E+00 0
7.400000E+01 8.000000E+00 0
7.600000E+01 8.000000E+00 0
7.800000E+01 6.000000E+00 0
8.000000E+01 6.000000E+00 0
7.800000E+01 8.000000E+00 0
8.000000E+01 8.000000E+00 0
8.200000E+01 6.000000E+00 0
8.400000E+01 6.000000E+00 0
8.200000E+01 8.000000E+00 0
8.400000E+01 8.000000E+00 0
8.600000E+01 6.000000E+00 0
8.800000E+01 6.000000E+00 0
8.600000E+01 8.000000E+00 0
8.800000E+01 8.000000E+00 0
9.000000E+01 6.000000E+00 0
9.200000E+01 6.000000E+00 0
9.000000E+01 8.000000E+00 0
9.200000E+01 8.000000E+00 0
9.400000E+01 6.000000E+00 0
9.600000E+01 6.000000E+00 0
9.400000E+01 8.000000E+00 0
9.600000E+01 8.000000E+00 0
9.800000E+01 6.000000E+00 0
1.000000E+02 6.000000E+00 0
9.800000E+01 8.000000E+00 0
1.000000E+02 8.000000E+00 0
2.000000E+00 1.000000E+01 0
4.042199E-17 1.000000E+01 0
4.000000E+00 1.000000E+01 0
2.000000E+00 1.200000E+01 0
0.000000E+00 1.200000E+01 0
4.000000E+00 1.200000E+01 0
6.000000E+00 1.000000E+01 0
8.000000E+00 1.000000E+01 0
6.000000E+00 1.200000E+01 0
8.000000E+00 1.200000E+01 0
1.000000E+01 1.000000E+01 0
1.200000E+01 1.000000E+01 0
1.000000E+01 1.200000E+01 0
1.200000E+01 1.200000E+01 0
1.400000E+01 1.000000E+01 0
1.600000E+01 1.000000E+01 0
1.400000E+01 1.200000E+01 0
1.600000E+01 1.200000E+01 0
1.800000E+01 1.000000E+01 0
2.000000E+01 1.000000E+01 0
1.800000E+01 1.200000E+01 0
2.000000E+01 1.200000E+01 0
2.200000E+01 1.000000E+01 0
2.400000E+01 1.000000E+01 0
2.200000E+01 1.200000E+01 0
2.400000E+01 1.200000E+01 0
2.600000E+01 1.000000E+01 0
2.800000E+01 1.000000E+01 0
2.600000E+01 1.200000E+01 0
2.800000E+01 1.200000E+01 0
3.000000E+01 1.000000E+01 0
3.200000E+01 1.000000E+01 0
3.000000E+01 1.200000E+01 0
3.200000E+01 1.200000E+01 0
3.400000E+01 1.000000E+01 0
3.600000E+01 1.000000E+01 0
3.400000E+01 1.200000E+01 0
3.600000E+01 1.200000E+01 0
3.800000E+01 1.000000E+01 0
4.000000E+01 1.000000E+01 0
3.800000E+01 1.200000E+01 0
4.000000E+01 1.200000E+01 0
4.200000E+01 1.000000E+01 0
4.400000E+01 1.000000E+01 0
4.200000E+01 1.200000E+01 0
4.400000E+01 1.200000E+01 0
4.600000E+01 1.000000E+01 0
4.800000E+01 1.000000E+01 0
4.600000E+01 1.200000E+01 0
4.800000E+01 1.200000E+01 0
5.000000E+01 1.000000E+01 0
5.200000E+01 1.000000E+01 0
5.000000E+01 1.200000E+01 0
5.200000E+01 1.200000E+01 0
5.400000E+01 1.000000E+01 0
5.600000E+01 1.000000E+01 0
5.400000E+01 1.200000E+01 0
5.600000E+01 1.200000E+01 0
5.800000E+01 1.000000E+01 0
6.000000E+01 1.000000E+01 0
5.800000E+01 1.200000E+01 0
6.000000E+01 1.200000E+01 0
6.200000E+01 1.000000E+01 0
6.400000E+01 1.000000E+01 0
6.200000E+01 1.200000E+01 0
6.400000E+01 1.200000E+01 0
6.600000E+01 1.000000E+01 0
6.800000E+01 1.000000E+01 0
6.600000E+01 1.200000E+01 0
6.800000E+01 1.200000E+01 0
7.000000E+01 1.000000E+01 0
7.200000E+01 1.000000E+01 0
7.000000E+01 1.200000E+01 0
7.200000E+01 1.200000E+01 0
7.400000E+01 1.000000E+01 0
7.600000E+01 1.000000E+01 0
7.400000E+01 1.200000E+01 0
7.600000E+01 1.200000E+01 0
7.800000E+01 1.000000E+01 0
8.000000E+01 1.000000E+01 0
7.800000E+01 1.200000E+01 0
8.000000E+01 1.200000E+01 0
8.200000E+01 1.000000E+01 0
8.400000E+01 1.000000E+01 0
8.200000E+01 1.200000E+01 0
8.400000E+01 1.200000E+01 0
8.600000E+01 1.000000E+01 0
8.800000E+01 1.000000E+01 0
8.600000E+01 1.200000E+01 0
8.800000E+01 1.200000E+01 0
9.000000E+01 1.000000E+01 0
9.200000E+01 1.000000E+01 0
9.000000E+01 1.200000E+01 0
9.200000E+01 1.200000E+01 0
9.400000E+01 1.000000E+01 0
9.600000E+01 1.000000E+01 0
9.400000E+01 1.200000E+01 0
9.600000E+01 1.200000E+01 0
9.800000E+01 1.000000E+01 0
1.000000E+02 1.000000E+01 0
9.800000E+01 1.200000E+01 0
1.000000E+02 1.200000E+01 0
2.000000E+00 1.400000E+01 0
0.000000E+00 1.400000E+01 0
4.000000E+00 1.400000E+01 0
2.000000E+00 1.600000E+01 0
0.000000E+00 1.600000E+01 0
4.000000E+00 1.600000E+01 0
6.000000E+00 1.400000E+01 0
8.000000E+00 1.400000E+01 0
6.000000E+00 1.600000E+01 0
8.000000E+00 1.600000E+01 0
1.000000E+01 1.400000E+01 0
1.200000E+01 1.400000E+01 0
1.000000E+01 1.600000E+01 0
1.200000E+01 1.600000E+01 0
1.400000E+01 1.400000E+01 0
1.600000E+01 1.400000E+01 0
1.400000E+01 1.600000E+01 0
1.600000E+01 1.600000E+01 0
1.800000E+01 1.400000E+01 0
2.000000E+01 1.400000E+01 0
1.800000E+01 1.600000E+01 0
2.000000E+01 1.600000E+01 0
2.200000E+01 1.400000E+01 0
2.400000E+01 1.400000E+01 0
2.200000E+01 1.600000E+01 0
2.400000E+01 1.600000E+01 0
2.600000E+01 1.400000E+01 0
2.800000E+01 1.400000E+01 0
2.600000E+01 1.600000E+01 0
2.800000E+01 1.600000E+01 0
3.000000E+01 1.400000E+01 0
3.200000E+01 1.400000E+01 0
3.000000E+01 1.600000E+01 0
3.200000E+01 1.600000E+01 0
3.400000E+01 1.400000E+01 0
3.600000E+01 1.400000E+01 0
3.400000E+01 1.600000E+01 0
3.600000E+01 1.600000E+01 0
3.800000E+01 1.400000E+01 0
4.000000E+01 1.400000E+01 0
3.800000E+01 1.600000E+01 0
4.000000E+01 1.600000E+01 0
4.200000E+01 1.400000E+01 0
4.400000E+01 1.400000E+01 0
4.200000E+01 1.600000E+01 0
4.400000E+01 1.600000E+01 0
4.600000E+01 1.400000E+01 0
4.800000E+01 1.400000E+01 0
4.600000E+01 1.600000E+01 0
4.800000E+01 1.600000E+01 0
5.000000E+01 1.400000E+01 0
5.200000E+01 1.400000E+01 0
5.000000E+01 1.600000E+01 0
5.200000E+01 1.600000E+01 0
5.400000E+01 1.400000E+01 0
5.600000E+01 1.400000E+01 0
5.400000E+01 1.600000E+01 0
5.600000E+01 1.600000E+01 0
5.800000E+01 1.400000E+01 0
6.000000E+01 1.400000E+01 0
5.800000E+01 1.600000E+01 0
6.000000E+01 1.600000E+01 0
6.200000E+01 1.400000E+01 0
6.400000E+01 1.400000E+01 0
6.200000E+01 1.600000E+01 0
6.400000E+01 1.600000E+01 0
6.600000E+01 1.400000E+01 0
6.800000E+01 1.400000E+01 0
6.600000E+01 1.600000E+01 0
6.800000E+01 1.600000E+01 0
7.000000E+01 1.400000E+01 0
7.200000E+01 1.400000E+01 0
7.000000E+01 1.600000E+01 0
7.200000E+01 1.600000E+01 0
7.400000E+01 1.400000E+01 0
7.600000E+01 1.400000E+01 0
7.400000E+01 1.600000E+01 0
7.600000E+01 1.600000E+01 0
7.800000E+01 1.400000E+01 0
8.000000E+01 1.400000E+01 0
7.800000E+01 1.600000E+01 0
8.000000E+01 1.600000E+01 0
8.200000E+01 1.400000E+01 0
8.400000E+01 1.400000E+01 0
8.200000E+01 1.600000E+01 0
8.400000E+01 1.600000E+01 0
8.600000E+01 1.400000E+01 0
8.800000E+01 1.400000E+01 0
8.600000E+01 1.600000E+01 0
8.800000E+01 1.600000E+01 0
9.000000E+01 1.400000E+01 0
9.200000E+01 1.400000E+01 0
9.000000E+01 1.600000E+01 0
9.200000E+01 1.600000E+01 0
9.400000E+01 1.400000E+01 0
9.600000E+01 1.400000E+01 0
9.400000E+01 1.600000E+01 0
9.600000E+01 1.600000E+01 0
9.800000E+01 1.400000E+01 0
1.000000E+02 1.400000E+01 0
9.800000E+01 1.600000E+01 0
1.000000E+02 1.600000E+01 0
2.000000E+00 1.800000E+01 0
0.000000E+00 1.800000E+01 0
4.000000E+00 1.800000E+01 0
2.000000E+00 2.000000E+01 0
0.000000E+00 2.000000E+01 0
4.000000E+00 2.000000E+01 0
6.000000E+00 1.800000E+01 0
8.000000E+00 1.800000E+01 0
6.000000E+00 2.000000E+01 0
8.000000E+00 2.000000E+01 0
1.000000E+01 1.800000E+01 0
1.200000E+01 1.800000E+01 0
1.000000E+01 2.000000E+01 0
1.200000E+01 2.000000E+01 0
1.400000E+01 1.800000E+01 0
1.600000E+01 1.800000E+01 0
1.400000E+01 2.000000E+01 0
1.600000E+01 2.000000E+01 0
1.800000E+01 1.800000E+01 0
2.000000E+01 1.800000E+01 0
1.800000E+01 2.000000E+01 0
2.000000E+01 2.000000E+01 0
2.200000E+01 1.800000E+01 0
2.400000E+01 1.800000E+01 0
2.200000E+01 2.000000E+01 0
2.400000E+01 2.000000E+01 0
2.600000E+01 1.800000E+01 0
2.800000E+01 1.800000E+01 0
2.600000E+01 2.000000E+01 0
2.800000E+01 2.000000E+01 0
3.000000E+01 1.800000E+01 0
3.200000E+01 1.800000E+01 0
3.000000E+01 2.000000E+01 0
3.200000E+01 2.000000E+01 0
3.400000E+01 1.800000E+01 0
3.600000E+01 1.800000E+01 0
3.400000E+01 2.000000E+01 0
3.600000E+01 2.000000E+01 0
3.800000E+01 1.800000E+01 0
4.000000E+01 1.800000E+01 0
3.800000E+01 2.000000E+01 0
4.000000E+01 2.000000E+01 0
4.200000E+01 1.800000E+01 0
4.400000E+01 1.800000E+01 0
4.200000E+01 2.000000E+01 0
4.400000E+01 2.000000E+01 0
4.600000E+01 1.800000E+01 0
4.800000E+01 1.800000E+01 0
4.600000E+01 2.000000E+01 0
4.800000E+01 2.000000E+01 0
5.000000E+01 1.800000E+01 0
5.200000E+01 1.800000E+01 0
5.000000E+01 2.000000E+01 0
5.200000E+01 2.000000E+01 0
5.400000E+01 1.800000E+01 0
5.600000E+01 1.800000E+01 0
5.400000E+01 2.000000E+01 0
5.600000E+01 2.000000E+01 0
5.800000E+01 1.800000E+01 0
6.000000E+01 1.800000E+01 0
5.800000E+01 2.000000E+01 0
6.000000E+01 2.000000E+01 0
6.200000E+01 1.800000E+01 0
6.400000E+01 1.800000E+01 0
6.200000E+01 2.000000E+01 0
6.400000E+01 2.000000E+01 0
6.600000E+01 1.800000E+01 0
6.800000E+01 1.800000E+01 0
6.600000E+01 2.000000E+01 0
6.800000E+01 2.000000E+01 0
7.000000E+01 1.800000E+01 0
7.200000E+01 1.800000E+01 0
7.000000E+01 2.000000E+01 0
7.200000E+01 2.000000E+01 0
7.400000E+01 1.800000E+01 0
7.600000E+01 1.800000E+01 0
7.400000E+01 2.000000E+01 0
7.600000E+01 2.000000E+01 0
7.800000E+01 1.800000E+01 0
8.000000E+01 1.800000E+01 0
7.800000E+01 2.000000E+01 0
8.000000E+01 2.000000E+01 0
8.200000E+01 1.800000E+01 0
8.400000E+01 1.800000E+01 0
8.200000E+01 2.000000E+01 0
8.400000E+01 2.000000E+01 0
8.600000E+01 1.800000E+01 0
8.800000E+01 1.800000E+01 0
8.600000E+01 2.000000E+01 0
8.800000E+01 2.000000E+01 0
9.000000E+01 1.800000E+01 0
9.200000E+01 1.800000E+01 0
9.000000E+01 2.000000E+01 0
9.200000E+01 2.000000E+01 0
9.400000E+01 1.800000E+01 0
9.600000E+01 1.800000E+01 0
9.400000E+01 2.000000E+01 0
9.600000E+01 2.000000E+01 0
9.800000E+01 1.800000E+01 0
1.000000E+02 1.800000E+01 0
9.800000E+01 2.000000E+01 0
1.000000E+02 2.000000E+01 0
2.000000E+00 2.200000E+01 0
0.000000E+00 2.200000E+01 0
4.000000E+00 2.200000E+01 0
2.000000E+00 2.400000E+01 0
0.000000E+00 2.400000E+01 0
4.000000E+00 2.400000E+01 0
6.000000E+00 2.200000E+01 0
8.000000E+00 2.200000E+01 0
6.000000E+00 2.400000E+01 0
8.000000E+00 2.400000E+01 0
1.000000E+01 2.200000E+01 0
1.200000E+01 2.200000E+01 0
1.000000E+01 2.400000E+01 0
1.200000E+01 2.400000E+01 0
1.400000E+01 2.200000E+01 0
1.600000E+01 2.200000E+01 0
1.400000E+01 2.400000E+01 0
1.600000E+01 2.400000E+01 0
1.800000E+01 2.200000E+01 0
2.000000E+01 2.200000E+01 0
1.800000E+01 2.400000E+01 0
2.000000E+01 2.400000E+01 0
2.200000E+01 2.200000E+01 0
2.400000E+01 2.200000E+01 0
2.200000E+01 2.400000E+01 0
2.400000E+01 2.400000E+01 0
2.600000E+01 2.200000E+01 0
2.800000E+01 2.200000E+01 0
2.600000E+01 2.400000E+01 0
2.800000E+01 2.400000E+01 0
3.000000E+01 2.200000E+01 0
3.200000E+01 2.200000E+01 0
3.000000E+01 2.400000E+01 0
3.200000E+01 2.400000E+01 0
3.400000E+01 2.200000E+01 0
3.600000E+01 2.200000E+01 0
3.400000E+01 2.400000E+01 0
3.600000E+01 2.400000E+01 0
3.800000E+01 2.200000E+01 0
4.000000E+01 2.200000E+01 0
3.800000E+01 2.400000E+01 0
4.000000E+01 2.400000E+01 0
4.200000E+01 2.200000E+01 0
4.400000E+01 2.200000E+01 0
4.200000E+01 2.400000E+01 0
4.400000E+01 2.400000E+01 0
4.600000E+01 2.200000E+01 0
4.800000E+01 2.200000E+01 0
4.600000E+01 2.400000E+01 0
4.800000E+01 2.400000E+01 0
5.000000E+01 2.200000E+01 0
5.200000E+01 2.200000E+01 0
5.000000E+01 2.400000E+01 0
5.200000E+01 2.400000E+01 0
5.400000E+01 2.200000E+01 0
5.600000E+01 2.200000E+01 0
5.400000E+01 2.400000E+01 0
5.600000E+01 2.400000E+01 0
5.800000E+01 2.200000E+01 0
6.000000E+01 2.200000E+01 0
5.800000E+01 2.400000E+01 0
6.000000E+01 2.400000E+01 0
6.200000E+01 2.200000E+01 0
6.400000E+01 2.200000E+01 0
6.200000E+01 2.400000E+01 0
6.400000E+01 2.400000E+01 0
6.600000E+01 2.200000E+01 0
6.800000E+01 2.200000E+01 0
6.600000E+01 2.400000E+01 0
6.800000E+01 2.400000E+01 0
7.000000E+01 2.200000E+01 0
7.200000E+01 2.200000E+01 0
7.000000E+01 2.400000E+01 0
7.200000E+01 2.400000E+01 0
7.400000E+01 2.200000E+01 0
7.600000E+01 2.200000E+01 0
7.400000E+01 2.400000E+01 0
7.600000E+01 2.400000E+01 0
7.800000E+01 2.200000E+01 0
8.000000E+01 2.200000E+01 0
7.800000E+01 2.400000E+01 0
8.000000E+01 2.400000E+01 0
8.200000E+01 2.200000E+01 0
8.400000E+01 2.200000E+01 0
8.200000E+01 2.400000E+01 0
8.400000E+01 2.400000E+01 0
8.600000E+01 2.200000E+01 0
8.800000E+01 2.200000E+01 0
8.600000E+01 2.400000E+01 0
8.800000E+01 2.400000E+01 0
9.000000E+01 2.200000E+01 0
9.200000E+01 2.200000E+01 0
9.000000E+01 2.400000E+01 0
9.200000E+01 2.400000E+01 0
9.400000E+01 2.200000E+01 0
9.600000E+01 2.200000E+01 0
9.400000E+01 2.400000E+01 0
9.600000E+01 2.400000E+01 0
9.800000E+01 2.200000E+01 0
1.000000E+02 2.200000E+01 0
9.800000E+01 2.400000E+01 0
1.000000E+02 2.400000E+01 0
2.000000E+00 2.600000E+01 0
0.000000E+00 2.600000E+01 0
4.000000E+00 2.600000E+01 0
2.000000E+00 2.800000E+01 0
0.000000E+00 2.800000E+01 0
4.000000E+00 2.800000E+01 0
6.000000E+00 2.600000E+01 0
8.000000E+00 2.600000E+01 0
6.000000E+00 2.800000E+01 0
8.000000E+00 2.800000E+01 0
1.000000E+01 2.600000E+01 0
1.200000E+01 2.600000E+01 0
1.000000E+01 2.800000E+01 0
1.200000E+01 2.800000E+01 0
1.400000E+01 2.600000E+01 0
1.600000E+01 2.600000E+01 0
1.400000E+01 2.800000E+01 0
1.600000E+01 2.800000E+01 0
1.800000E+01 2.600000E+01 0
2.000000E+01 2.600000E+01 0
1.800000E+01 2.800000E+01 0
2.000000E+01 2.800000E+01 0
2.200000E+01 2.600000E+01 0
2.400000E+01 2.600000E+01 0
2.200000E+01 2.800000E+01 0
2.400000E+01 2.800000E+01 0
2.600000E+01 2.600000E+01 0
2.800000E+01 2.600000E+01 0
2.600000E+01 2.800000E+01 0
2.800000E+01 2.800000E+01 0
3.000000E+01 2.600000E+01 0
3.200000E+01 2.600000E+01 0
3.000000E+01 2.800000E+01 0
3.200000E+01 2.800000E+01 0
3.400000E+01 2.600000E+01 0
3.600000E+01 2.600000E+01 0
3.400000E+01 2.800000E+01 0
3.600000E+01 2.800000E+01 0
3.800000E+01 2.600000E+01 0
4.000000E+01 2.600000E+01 0
3.800000E+01 2.800000E+01 0
4.000000E+01 2.800000E+01 0
4.200000E+01 2.600000E+01 0
4.400000E+01 2.600000E+01 0
4.200000E+01 2.800000E+01 0
4.400000E+01 2.800000E+01 0
4.600000E+01 2.600000E+01 0
4.800000E+01 2.600000E+01 0
4.600000E+01 2.800000E+01 0
4.800000E+01 2.800000E+01 0
5.000000E+01 2.600000E+01 0
5.200000E+01 2.600000E+01 0
5.000000E+01 2.800000E+01 0
5.200000E+01 2.800000E+01 0
5.400000E+01 2.600000E+01 0
5.600000E+01 2.600000E+01 0
5.400000E+01 2.800000E+01 0
5.600000E+01 2.800000E+01 0
5.800000E+01 2.600000E+01 0
6.000000E+01 2.600000E+01 0
5.800000E+01 2.800000E+01 0
6.000000E+01 2.800000E+01 0
6.200000E+01 2.600000E+01 0
6.400000E+01 2.600000E+01 0
6.200000E+01 2.800000E+01 0
6.400000E+01 2.800000E+01 0
6.600000E+01 2.600000E+01 0
6.800000E+01 2.600000E+01 0
6.600000E+01 2.800000E+01 0
6.800000E+01 2.800000E+01 0
7.000000E+01 2.600000E+01 0
7.200000E+01 2.600000E+01 0
7.000000E+01 2.800000E+01 0
7.200000E+01 2.800000E+01 0
7.400000E+01 2.600000E+01 0
7.600000E+01 2.600000E+01 0
7.400000E+01 2.800000E+01 0
7.600000E+01 2.800000E+01 0
7.800000E+01 2.600000E+01 0
8.000000E+01 2.600000E+01 0
7.800000E+01 2.800000E+01 0
8.000000E+01 2.800000E+01 0
8.200000E+01 2.600000E+01 0
8.400000E+01 2.600000E+01 0
8.200000E+01 2.800000E+01 0
8.400000E+01 2.800000E+01 0
8.600000E+01 2.600000E+01 0
8.800000E+01 2.600000E+01 0
8.600000E+01 2.800000E+01 0
8.800000E+01 2.800000E+01 0
9.000000E+01 2.600000E+01 0
9.200000E+01 2.600000E+01 0
9.000000E+01 2.800000E+01 0
9.200000E+01 2.800000E+01 0
9.400000E+01 2.600000E+01 0
9.600000E+01 2.600000E+01 0
9.400000E+01 2.800000E+01 0
9.600000E+01 2.800000E+01 0
9.800000E+01 2.600000E+01 0
1.000000E+02 2.600000E+01 0
9.800000E+01 2.800000E+01 0
1.000000E+02 2.800000E+01 0
2.000000E+00 3.000000E+01 0
0.000000E+00 3.000000E+01 0
4.000000E+00 3.000000E+01 0
2.000000E+00 3.200000E+01 0
0.000000E+00 3.200000E+01 0
4.000000E+00 3.200000E+01 0
6.000000E+00 3.000000E+01 0
8.000000E+00 3.000000E+01 0
6.000000E+00 3.200000E+01 0
8.000000E+00 3.200000E+01 0
1.000000E+01 3.000000E+01 0
1.200000E+01 3.000000E+01 0
1.000000E+01 3.200000E+01 0
1.200000E+01 3.200000E+01 0
1.400000E+01 3.000000E+01 0
1.600000E+01 3.000000E+01 0
1.400000E+01 3.200000E+01 0
1.600000E+01 3.200000E+01 0
1.800000E+01 3.000000E+01 0
2.000000E+01 3.000000E+01 0
1.800000E+01 3.200000E+01 0
2.000000E+01 3.200000E+01 0
2.200000E+01 3.000000E+01 0
2.400000E+01 3.000000E+01 0
2.200000E+01 3.200000E+01 0
2.400000E+01 3.200000E+01 0
2.600000E+01 3.000000E+01 0
2.800000E+01 3.000000E+01 0
2.600000E+01 3.200000E+01 0
2.800000E+01 3.200000E+01 0
3.000000E+01 3.000000E+01 0
3.200000E+01 3.000000E+01 0
3.000000E+01 3.200000E+01 0
3.200000E+01 3.200000E+01 0
3.400000E+01 3.000000E+01 0
3.600000E+01 3.000000E+01 0
3.400000E+01 3.200000E+01 0
3.600000E+01 3.200000E+01 0
3.800000E+01 3.000000E+01 0
4.000000E+01 3.000000E+01 0
3.800000E+01 3.200000E+01 0
4.000000E+01 3.200000E+01 0
4.200000E+01 3.000000E+01 0
4.400000E+01 3.000000E+01 0
4.200000E+01 3.200000E+01 0
4.400000E+01 3.200000E+01 0
4.600000E+01 3.000000E+01 0
4.800000E+01 3.000000E+01 0
4.600000E+01 3.200000E+01 0
4.800000E+01 3.200000E+01 0
5.000000E+01 3.000000E+01 0
5.200000E+01 3.000000E+01 0
5.000000E+01 3.200000E+01 0
5.200000E+01 3.200000E+01 0
5.400000E+01 3.000000E+01 0
5.600000E+01 3.000000E+01 0
5.400000E+01 3.200000E+01 0
5.600000E+01 3.200000E+01 0
5.800000E+01 3.000000E+01 0
6.000000E+01 3.000000E+01 0
5.800000E+01 3.200000E+01 0
6.000000E+01 3.200000E+01 0
6.200000E+01 3.000000E+01 0
6.400000E+01 3.000000E+01 0
6.200000E+01 3.200000E+01 0
6.400000E+01 3.200000E+01 0
6.600000E+01 3.000000E+01 0
6.800000E+01 3.000000E+01 0
6.600000E+01 3.200000E+01 0
6.800000E+01 3.200000E+01 0
7.000000E+01 3.000000E+01 0
7.200000E+01 3.000000E+01 0
7.000000E+01 3.200000E+01 0
7.200000E+01 3.200000E+01 0
7.400000E+01 3.000000E+01 0
7.600000E+01 3.000000E+01 0
7.400000E+01 3.200000E+01 0
7.600000E+01 3.200000E+01 0
7.800000E+01 3.000000E+01 0
8.000000E+01 3.000000E+01 0
7.800000E+01 3.200000E+01 0
8.000000E+01 3.200000E+01 0
8.200000E+01 3.000000E+01 0
8.400000E+01 3.000000E+01 0
8.200000E+01 3.200000E+01 0
8.400000E+01 3.200000E+01 0
8.600000E+01 3.000000E+01 0
8.800000E+01 3.000000E+01 0
8.600000E+01 3.200000E+01 0
8.800000E+01 3.200000E+01 0
9.000000E+01 3.000000E+01 0
9.200000E+01 3.000000E+01 0
9.000000E+01 3.200000E+01 0
9.200000E+01 3.200000E+01 0
9.400000E+01 3.000000E+01 0
9.600000E+01 3.000000E+01 0
9.400000E+01 3.200000E+01 0
9.600000E+01 3.200000E+01 0
9.800000E+01 3.000000E+01 0
1.000000E+02 3.000000E+01 0
9.800000E+01 3.200000E+01 0
1.000000E+02 3.200000E+01 0
2.000000E+00 3.400000E+01 0
0.000000E+00 3.400000E+01 0
4.000000E+00 3.400000E+01 0
2.000000E+00 3.600000E+01 0
0.000000E+00 3.600000E+01 0
4.000000E+00 3.600000E+01 0
6.000000E+00 3.400000E+01 0
8.000000E+00 3.400000E+01 0
6.000000E+00 3.600000E+01 0
8.000000E+00 3.600000E+01 0
1.000000E+01 3.400000E+01 0
1.200000E+01 3.400000E+01 0
1.000000E+01 3.600000E+01 0
1.200000E+01 3.600000E+01 0
1.400000E+01 3.400000E+01 0
1.600000E+01 3.400000E+01 0
1.400000E+01 3.600000E+01 0
1.600000E+01 3.600000E+01 0
1.800000E+01 3.400000E+01 0
2.000000E+01 3.400000E+01 0
1.800000E+01 3.600000E+01 0
2.000000E+01 3.600000E+01 0
2.200000E+01 3.400000E+01 0
2.400000E+01 3.400000E+01 0
2.200000E+01 3.600000E+01 0
2.400000E+01 3.600000E+01 0
2.600000E+01 3.400000E+01 0
2.800000E+01 3.400000E+01 0
2.600000E+01 3.600000E+01 0
2.800000E+01 3.600000E+01 0
3.000000E+01 3.400000E+01 0
3.200000E+01 3.400000E+01 0
3.000000E+01 3.600000E+01 0
3.200000E+01 3.600000E+01 0
3.400000E+01 3.400000E+01 0
3.600000E+01 3.400000E+01 0
3.400000E+01 3.600000E+01 0
3.600000E+01 3.600000E+01 0
3.800000E+01 3.400000E+01 0
4.000000E+01 3.400000E+01 0
3.800000E+01 3.600000E+01 0
4.000000E+01 3.600000E+01 0
4.200000E+01 3.400000E+01 0
4.400000E+01 3.400000E+01 0
4.200000E+01 3.600000E+01 0
4.400000E+01 3.600000E+01 0
4.600000E+01 3.400000E+01 0
4.800000E+01 3.400000E+01 0
4.600000E+01 3.600000E+01 0
4.800000E+01 3.600000E+01 0
5.000000E+01 3.400000E+01 0
5.200000E+01 3.400000E+01 0
5.000000E+01 3.600000E+01 0
5.200000E+01 3.600000E+01 0
5.400000E+01 3.400000E+01 0
5.600000E+01 3.400000E+01 0
5.400000E+01 3.600000E+01 0
5.600000E+01 3.600000E+01 0
5.800000E+01 3.400000E+01 0
6.000000E+01 3.400000E+01 0
5.800000E+01 3.600000E+01 0
6.000000E+01 3.600000E+01 0
6.200000E+01 3.400000E+01 0
6.400000E+01 3.400000E+01 0
6.200000E+01 3.600000E+01 0
6.400000E+01 3.600000E+01 0
6.600000E+01 3.400000E+01 0
6.800000E+01 3.400000E+01 0
6.600000E+01 3.600000E+01 0
6.800000E+01 3.600000E+01 0
7.000000E+01 3.400000E+01 0
7.200000E+01 3.400000E+01 0
7.000000E+01 3.600000E+01 0
7.200000E+01 3.600000E+01 0
7.400000E+01 3.400000E+01 0
7.600000E+01 3.400000E+01 0
7.400000E+01 3.600000E+01 0
7.600000E+01 3.600000E+01 0
7.800000E+01 3.400000E+01 0
8.000000E+01 3.400000E+01 0
7.800000E+01 3.600000E+01 0
8.000000E+01 3.600000E+01 0
8.200000E+01 3.400000E+01 0
8.400000E+01 3.400000E+01 0
8.200000E+01 3.600000E+01 0
8.400000E+01 3.600000E+01 0
8.600000E+01 3.400000E+01 0
8.800000E+01 3.400000E+01 0
8.600000E+01 3.600000E+01 0
8.800000E+01 3.600000E+01 0
9.000000E+01 3.400000E+01 0
9.200000E+01 3.400000E+01 0
9.000000E+01 3.600000E+01 0
9.200000E+01 3.600000E+01 0
9.400000E+01 3.400000E+01 0
9.600000E+01 3.400000E+01 0
9.400000E+01 3.600000E+01 0
9.600000E+01 3.600000E+01 0
9.800000E+01 3.400000E+01 0
1.000000E+02 3.400000E+01 0
9.800000E+01 3.600000E+01 0
1.000000E+02 3.600000E+01 0
2.000000E+00 3.800000E+01 0
0.000000E+00 3.800000E+01 0
4.000000E+00 3.800000E+01 0
2.000000E+00 4.000000E+01 0
0.000000E+00 4.000000E+01 0
4.000000E+00 4.000000E+01 0
6.000000E+00 3.800000E+01 0
8.000000E+00 3.800000E+01 0
6.000000E+00 4.000000E+01 0
8.000000E+00 4.000000E+01 0
1.000000E+01 3.800000E+01 0
1.200000E+01 3.800000E+01 0
1.000000E+01 4.000000E+01 0
1.200000E+01 4.000000E+01 0
1.400000E+01 3.800000E+01 0
1.600000E+01 3.800000E+01 0
1.400000E+01 4.000000E+01 0
1.600000E+01 4.000000E+01 0
1.800000E+01 3.800000E+01 0
2.000000E+01 3.800000E+01 0
1.800000E+01 4.000000E+01 0
2.000000E+01 4.000000E+01 0
2.200000E+01 3.800000E+01 0
2.400000E+01 3.800000E+01 0
2.200000E+01 4.000000E+01 0
2.400000E+01 4.000000E+01 0
2.600000E+01 3.800000E+01 0
2.800000E+01 3.800000E+01 0
2.600000E+01 4.000000E+01 0
2.800000E+01 4.000000E+01 0
3.000000E+01 3.800000E+01 0
3.200000E+01 3.800000E+01 0
3.000000E+01 4.000000E+01 0
3.200000E+01 4.000000E+01 0
3.400000E+01 3.800000E+01 0
3.600000E+01 3.800000E+01 0
3.400000E+01 4.000000E+01 0
3.600000E+01 4.000000E+01 0
3.800000E+01 3.800000E+01 0
4.000000E+01 3.800000E+01 0
3.800000E+01 4.000000E+01 0
4.000000E+01 4.000000E+01 0
4.200000E+01 3.800000E+01 0
4.400000E+01 3.800000E+01 0
4.200000E+01 4.000000E+01 0
4.400000E+01 4.000000E+01 0
4.600000E+01 3.800000E+01 0
4.800000E+01 3.800000E+01 0
4.600000E+01 4.000000E+01 0
4.800000E+01 4.000000E+01 0
5.000000E+01 3.800000E+01 0
5.200000E+01 3.800000E+01 0
5.000000E+01 4.000000E+01 0
5.200000E+01 4.000000E+01 0
5.400000E+01 3.800000E+01 0
5.600000E+01 3.800000E+01 0
5.400000E+01 4.000000E+01 0
5.600000E+01 4.000000E+01 0
5.800000E+01 3.800000E+01 0
6.000000E+01 3.800000E+01 0
5.800000E+01 4.000000E+01 0
6.000000E+01 4.000000E+01 0
6.200000E+01 3.800000E+01 0
6.400000E+01 3.800000E+01 0
6.200000E+01 4.000000E+01 0
6.400000E+01 4.000000E+01 0
6.600000E+01 3.800000E+01 0
6.800000E+01 3.800000E+01 0
6.600000E+01 4.000000E+01 0
6.800000E+01 4.000000E+01 0
7.000000E+01 3.800000E+01 0
7.200000E+01 3.800000E+01 0
7.000000E+01 4.000000E+01 0
7.200000E+01 4.000000E+01 0
7.400000E+01 3.800000E+01 0
7.600000E+01 3.800000E+01 0
7.400000E+01 4.000000E+01 0
7.600000E+01 4.000000E+01 0
7.800000E+01 3.800000E+01 0
8.000000E+01 3.800000E+01 0
7.800000E+01 4.000000E+01 0
8.000000E+01 4.000000E+01 0
8.200000E+01 3.800000E+01 0
8.400000E+01 3.800000E+01 0
8.200000E+01 4.000000E+01 0
8.400000E+01 4.000000E+01 0
8.600000E+01 3.800000E+01 0
8.800000E+01 3.800000E+01 0
8.600000E+01 4.000000E+01 0
8.800000E+01 4.000000E+01 0
9.000000E+01 3.800000E+01 0
9.200000E+01 3.800000E+01 0
9.000000E+01 4.000000E+01 0
9.200000E+01 4.000000E+01 0
9.400000E+01 3.800000E+01 0
9.600000E+01 3.800000E+01 0
9.400000E+01 4.000000E+01 0
9.600000E+01 4.000000E+01 0
9.800000E+01 3.800000E+01 0
1.000000E+02 3.800000E+01 0
9.800000E+01 4.000000E+01 0
1.000000E+02 4.000000E+01 0
2.000000E+00 4.200000E+01 0
0.000000E+00 4.200000E+01 0
4.000000E+00 4.200000E+01 0
2.000000E+00 4.400000E+01 0
0.000000E+00 4.400000E+01 0
4.000000E+00 4.400000E+01 0
6.000000E+00 4.200000E+01 0
8.000000E+00 4.200000E+01 0
6.000000E+00 4.400000E+01 0
8.000000E+00 4.400000E+01 0
1.000000E+01 4.200000E+01 0
1.200000E+01 4.200000E+01 0
1.000000E+01 4.400000E+01 0
1.200000E+01 4.400000E+01 0
1.400000E+01 4.200000E+01 0
1.600000E+01 4.200000E+01 0
1.400000E+01 4.400000E+01 0
1.600000E+01 4.400000E+01 0
1.800000E+01 4.200000E+01 0
2.000000E+01 4.200000E+01 0
1.800000E+01 4.400000E+01 0
2.000000E+01 4.400000E+01 0
2.200000E+01 4.200000E+01 0
2.400000E+01 4.200000E+01 0
2.200000E+01 4.400000E+01 0
2.400000E+01 4.400000E+01 0
2.600000E+01 4.200000E+01 0
2.800000E+01 4.200000E+01 0
2.600000E+01 4.400000E+01 0
2.800000E+01 4.400000E+01 0
3.000000E+01 4.200000E+01 0
3.200000E+01 4.200000E+01 0
3.000000E+01 4.400000E+01 0
3.200000E+01 4.400000E+01 0
3.400000E+01 4.200000E+01 0
3.600000E+01 4.200000E+01 0
3.400000E+01 4.400000E+01 0
3.600000E+01 4.400000E+01 0
3.800000E+01 4.200000E+01 0
4.000000E+01 4.200000E+01 0
3.800000E+01 4.400000E+01 0
4.000000E+01 4.400000E+01 0
4.200000E+01 4.200000E+01 0
4.400000E+01 4.200000E+01 0
4.200000E+01 4.400000E+01 0
4.400000E+01 4.400000E+01 0
4.600000E+01 4.200000E+01 0
4.800000E+01 4.200000E+01 0
4.600000E+01 4.400000E+01 0
4.800000E+01 4.400000E+01 0
5.000000E+01 4.200000E+01 0
5.200000E+01 4.200000E+01 0
5.000000E+01 4.400000E+01 0
5.200000E+01 4.400000E+01 0
5.400000E+01 4.200000E+01 0
5.600000E+01 4.200000E+01 0
5.400000E+01 4.400000E+01 0
5.600000E+01 4.400000E+01 0
5.800000E+01 4.200000E+01 0
6.000000E+01 4.200000E+01 0
5.800000E+01 4.400000E+01 0
6.000000E+01 4.400000E+01 0
6.200000E+01 4.200000E+01 0
6.400000E+01 4.200000E+01 0
6.200000E+01 4.400000E+01 0
6.400000E+01 4.400000E+01 0
6.600000E+01 4.200000E+01 0
6.800000E+01 4.200000E+01 0
6.600000E+01 4.400000E+01 0
6.800000E+01 4.400000E+01 0
7.000000E+01 4.200000E+01 0
7.200000E+01 4.200000E+01 0
7.000000E+01 4.400000E+01 0
7.200000E+01 4.400000E+01 0
7.400000E+01 4.200000E+01 0
7.600000E+01 4.200000E+01 0
7.400000E+01 4.400000E+01 0
7.600000E+01 4.400000E+01 0
7.800000E+01 4.200000E+01 0
8.000000E+01 4.200000E+01 0
7.800000E+01 4.400000E+01 0
8.000000E+01 4.400000E+01 0
8.200000E+01 4.200000E+01 0
8.400000E+01 4.200000E+01 0
8.200000E+01 4.400000E+01 0
8.400000E+01 4.400000E+01 0
8.600000E+01 4.200000E+01 0
8.800000E+01 4.200000E+01 0
8.600000E+01 4.400000E+01 0
8.800000E+01 4.400000E+01 0
9.000000E+01 4.200000E+01 0
9.200000E+01 4.200000E+01 0
9.000000E+01 4.400000E+01 0
9.200000E+01 4.400000E+01 0
9.400000E+01 4.200000E+01 0
9.600000E+01 4.200000E+01 0
9.400000E+01 4.400000E+01 0
9.600000E+01 4.400000E+01 0
9.800000E+01 4.200000E+01 0
1.000000E+02 4.200000E+01 0
9.800000E+01 4.400000E+01 0
1.000000E+02 4.400000E+01 0
2.000000E+00 4.600000E+01 0
0.000000E+00 4.600000E+01 0
4.000000E+00 4.600000E+01 0
2.000000E+00 4.800000E+01 0
0.000000E+00 4.800000E+01 0
4.000000E+00 4.800000E+01 0
6.000000E+00 4.600000E+01 0
8.000000E+00 4.600000E+01 0
6.000000E+00 4.800000E+01 0
8.000000E+00 4.800000E+01 0
1.000000E+01 4.600000E+01 0
1.200000E+01 4.600000E+01 0
1.000000E+01 4.800000E+01 0
1.200000E+01 4.800000E+01 0
1.400000E+01 4.600000E+01 0
1.600000E+01 4.600000E+01 0
1.400000E+01 4.800000E+01 0
1.600000E+01 4.800000E+01 0
1.800000E+01 4.600000E+01 0
2.000000E+01 4.600000E+01 0
1.800000E+01 4.800000E+01 0
2.000000E+01 4.800000E+01 0
2.200000E+01 4.600000E+01 0
2.400000E+01 4.600000E+01 0
2.200000E+01 4.800000E+01 0
2.400000E+01 4.800000E+01 0
2.600000E+01 4.600000E+01 0
2.800000E+01 4.600000E+01 0
2.600000E+01 4.800000E+01 0
2.800000E+01 4.800000E+01 0
3.000000E+01 4.600000E+01 0
3.200000E+01 4.600000E+01 0
3.000000E+01 4.800000E+01 0
3.200000E+01 4.800000E+01 0
3.400000E+01 4.600000E+01 0
3.600000E+01 4.600000E+01 0
3.400000E+01 4.800000E+01 0
3.600000E+01 4.800000E+01 0
3.800000E+01 4.600000E+01 0
4.000000E+01 4.600000E+01 0
3.800000E+01 4.800000E+01 0
4.000000E+01 4.800000E+01 0
4.200000E+01 4.600000E+01 0
4.400000E+01 4.600000E+01 0
4.200000E+01 4.800000E+01 0
4.400000E+01 4.800000E+01 0
4.600000E+01 4.600000E+01 0
4.800000E+01 4.600000E+01 0
4.600000E+01 4.800000E+01 0
4.800000E+01 4.800000E+01 0
5.000000E+01 4.600000E+01 0
5.200000E+01 4.600000E+01 0
5.000000E+01 4.800000E+01 0
5.200000E+01 4.800000E+01 0
5.400000E+01 4.600000E+01 0
5.600000E+01 4.600000E+01 0
5.400000E+01 4.800000E+01 0
5.600000E+01 4.800000E+01 0
5.800000E+01 4.600000E+01 0
6.000000E+01 4.600000E+01 0
5.800000E+01 4.800000E+01 0
6.000000E+01 4.800000E+01 0
6.200000E+01 4.600000E+01 0
6.400000E+01 4.600000E+01 0
6.200000E+01 4.800000E+01 0
6.400000E+01 4.800000E+01 0
6.600000E+01 4.600000E+01 0
6.800000E+01 4.600000E+01 0
6.600000E+01 4.800000E+01 0
6.800000E+01 4.800000E+01 0
7.000000E+01 4.600000E+01 0
7.200000E+01 4.600000E+01 0
7.000000E+01 4.800000E+01 0
7.200000E+01 4.800000E+01 0
7.400000E+01 4.600000E+01 0
7.600000E+01 4.600000E+01 0
7.400000E+01 4.800000E+01 0
7.600000E+01 4.800000E+01 0
7.800000E+01 4.600000E+01 0
8.000000E+01 4.600000E+01 0
7.800000E+01 4.800000E+01 0
8.000000E+01 4.800000E+01 0
8.200000E+01 4.600000E+01 0
8.400000E+01 4.600000E+01 0
8.200000E+01 4.800000E+01 0
8.400000E+01 4.800000E+01 0
8.600000E+01 4.600000E+01 0
8.800000E+01 4.600000E+01 0
8.600000E+01 4.800000E+01 0
8.800000E+01 4.800000E+01 0
9.000000E+01 4.600000E+01 0
9.200000E+01 4.600000E+01 0
9.000000E+01 4.800000E+01 0
9.200000E+01 4.800000E+01 0
9.400000E+01 4.600000E+01 0
9.600000E+01 4.600000E+01 0
9.400000E+01 4.800000E+01 0
9.600000E+01 4.800000E+01 0
9.800000E+01 4.600000E+01 0
1.000000E+02 4.600000E+01 0
9.800000E+01 4.800000E+01 0
1.000000E+02 4.800000E+01 0
4.400000E+01 5.000000E+01 0
4.200000E+01 5.000000E+01 0
4.400000E+01 5.200000E+01 0
4.200000E+01 5.200000E+01 0
4.600000E+01 5.000000E+01 0
4.800000E+01 5.000000E+01 0
4.600000E+01 5.200000E+01 0
4.800000E+01 5.200000E+01 0
5.000000E+01 5.000000E+01 0
5.200000E+01 5.000000E+01 0
5.000000E+01 5.200000E+01 0
5.200000E+01 5.200000E+01 0
5.400000E+01 5.000000E+01 0
5.600000E+01 5.000000E+01 0
5.400000E+01 5.200000E+01 0
5.600000E+01 5.200000E+01 0
5.800000E+01 5.000000E+01 0
6.000000E+01 5.000000E+01 0
5.800000E+01 5.200000E+01 0
6.000000E+01 5.200000E+01 0
6.200000E+01 5.000000E+01 0
6.400000E+01 5.000000E+01 0
6.200000E+01 5.200000E+01 0
6.400000E+01 5.200000E+01 0
6.600000E+01 5.000000E+01 0
6.800000E+01 5.000000E+01 0
6.600000E+01 5.200000E+01 0
6.800000E+01 5.200000E+01 0
7.000000E+01 5.000000E+01 0
7.200000E+01 5.000000E+01 0
7.000000E+01 5.200000E+01 0
7.200000E+01 5.200000E+01 0
7.400000E+01 5.000000E+01 0
7.600000E+01 5.000000E+01 0
7.400000E+01 5.200000E+01 0
7.600000E+01 5.200000E+01 0
7.800000E+01 5.000000E+01 0
8.000000E+01 5.000000E+01 0
7.800000E+01 5.200000E+01 0
8.000000E+01 5.200000E+01 0
8.200000E+01 5.000000E+01 0
8.400000E+01 5.000000E+01 0
8.200000E+01 5.200000E+01 0
8.400000E+01 5.200000E+01 0
8.600000E+01 5.000000E+01 0
8.800000E+01 5.000000E+01 0
8.600000E+01 5.200000E+01 0
8.800000E+01 5.200000E+01 0
9.000000E+01 5.000000E+01 0
9.200000E+01 5.000000E+01 0
9.000000E+01 5.200000E+01 0
9.200000E+01 5.200000E+01 0
9.400000E+01 5.000000E+01 0
9.600000E+01 5.000000E+01 0
9.400000E+01 5.200000E+01 0
9.600000E+01 5.200000E+01 0
9.800000E+01 5.000000E+01 0
1.000000E+02 5.000000E+01 0
9.800000E+01 5.200000E+01 0
1.000000E+02 5.200000E+01 0
0.000000E+00 5.200000E+01 0
2.000000E+00 5.200000E+01 0
2.000000E+00 5.400000E+01 0
4.042199E-17 5.400000E+01 0
4.000000E+00 5.200000E+01 0
4.000000E+00 5.400000E+01 0
2.000000E+00 5.600000E+01 0
0.000000E+00 5.600000E+01 0
4.000000E+00 5.600000E+01 0
6.000000E+00 5.200000E+01 0
6.000000E+00 5.400000E+01 0
8.000000E+00 5.200000E+01 0
8.000000E+00 5.400000E+01 0
6.000000E+00 5.600000E+01 0
8.000000E+00 5.600000E+01 0
1.000000E+01 5.200000E+01 0
1.000000E+01 5.400000E+01 0
1.200000E+01 5.200000E+01 0
1.200000E+01 5.400000E+01 0
1.000000E+01 5.600000E+01 0
1.200000E+01 5.600000E+01 0
1.400000E+01 5.200000E+01 0
1.400000E+01 5.400000E+01 0
1.600000E+01 5.200000E+01 0
1.600000E+01 5.400000E+01 0
1.400000E+01 5.600000E+01 0
1.600000E+01 5.600000E+01 0
1.800000E+01 5.200000E+01 0
1.800000E+01 5.400000E+01 0
2.000000E+01 5.200000E+01 0
2.000000E+01 5.400000E+01 0
1.800000E+01 5.600000E+01 0
2.000000E+01 5.600000E+01 0
2.200000E+01 5.200000E+01 0
2.200000E+01 5.400000E+01 0
2.400000E+01 5.200000E+01 0
2.400000E+01 5.400000E+01 0
2.200000E+01 5.600000E+01 0
2.400000E+01 5.600000E+01 0
2.600000E+01 5.200000E+01 0
2.600000E+01 5.400000E+01 0
2.800000E+01 5.200000E+01 0
2.800000E+01 5.400000E+01 0
2.600000E+01 5.600000E+01 0
2.800000E+01 5.600000E+01 0
3.000000E+01 5.200000E+01 0
3.000000E+01 5.400000E+01 0
3.200000E+01 5.200000E+01 0
3.200000E+01 5.400000E+01 0
3.000000E+01 5.600000E+01 0
3.200000E+01 5.600000E+01 0
3.400000E+01 5.200000E+01 0
3.400000E+01 5.400000E+01 0
3.600000E+01 5.200000E+01 0
3.600000E+01 5.400000E+01 0
3.400000E+01 5.600000E+01 0
3.600000E+01 5.600000E+01 0
3.800000E+01 5.200000E+01 0
3.800000E+01 5.400000E+01 0
4.000000E+01 5.200000E+01 0
4.000000E+01 5.400000E+01 0
3.800000E+01 5.600000E+01 0
4.000000E+01 5.600000E+01 0
4.200000E+01 5.400000E+01 0
4.400000E+01 5.400000E+01 0
4.200000E+01 5.600000E+01 0
4.400000E+01 5.600000E+01 0
4.600000E+01 5.400000E+01 0
4.800000E+01 5.400000E+01 0
4.600000E+01 5.600000E+01 0
4.800000E+01 5.600000E+01 0
5.000000E+01 5.400000E+01 0
5.200000E+01 5.400000E+01 0
5.000000E+01 5.600000E+01 0
5.200000E+01 5.600000E+01 0
5.400000E+01 5.400000E+01 0
5.600000E+01 5.400000E+01 0
5.400000E+01 5.600000E+01 0
5.600000E+01 5.600000E+01 0
5.800000E+01 5.400000E+01 0
6.000000E+01 5.400000E+01 0
5.800000E+01 5.600000E+01 0
6.000000E+01 5.600000E+01 0
6.200000E+01 5.400000E+01 0
6.400000E+01 5.400000E+01 0
6.200000E+01 5.600000E+01 0
6.400000E+01 5.600000E+01 0
6.600000E+01 5.400000E+01 0
6.800000E+01 5.400000E+01 0
6.600000E+01 5.600000E+01 0
6.800000E+01 5.600000E+01 0
7.000000E+01 5.400000E+01 0
7.200000E+01 5.400000E+01 0
7.000000E+01 5.600000E+01 0
7.200000E+01 5.600000E+01 0
7.400000E+01 5.400000E+01 0
7.600000E+01 5.400000E+01 0
7.400000E+01 5.600000E+01 0
7.600000E+01 5.600000E+01 0
7.800000E+01 5.400000E+01 0
8.000000E+01 5.400000E+01 0
7.800000E+01 5.600000E+01 0
8.000000E+01 5.600000E+01 0
8.200000E+01 5.400000E+01 0
8.400000E+01 5.400000E+01 0
8.200000E+01 5.600000E+01 0
8.400000E+01 5.600000E+01 0
8.600000E+01 5.400000E+01 0
8.800000E+01 5.400000E+01 0
8.600000E+01 5.600000E+01 0
8.800000E+01 5.600000E+01 0
9.000000E+01 5.400000E+01 0
9.200000E+01 5.400000E+01 0
9.000000E+01 5.600000E+01 0
9.200000E+01 5.600000E+01 0
9.400000E+01 5.400000E+01 0
9.600000E+01 5.400000E+01 0
9.400000E+01 5.600000E+01 0
9.600000E+01 5.600000E+01 0
9.800000E+01 5.400000E+01 0
1.000000E+02 5.400000E+01 0
9.800000E+01 5.600000E+01 0
1.000000E+02 5.600000E+01 0
2.000000E+00 5.800000E+01 0
-4.042199E-17 5.800000E+01 0
4.000000E+00 5.800000E+01 0
2.000000E+00 6.000000E+01 0
0.000000E+00 6.000000E+01 0
4.000000E+00 6.000000E+01 0
6.000000E+00 5.800000E+01 0
8.000000E+00 5.800000E+01 0
6.000000E+00 6.000000E+01 0
8.000000E+00 6.000000E+01 0
1.000000E+01 5.800000E+01 0
1.200000E+01 5.800000E+01 0
1.000000E+01 6.000000E+01 0
1.200000E+01 6.000000E+01 0
1.400000E+01 5.800000E+01 0
1.600000E+01 5.800000E+01 0
1.400000E+01 6.000000E+01 0
1.600000E+01 6.000000E+01 0
1.800000E+01 5.800000E+01 0
2.000000E+01 5.800000E+01 0
1.800000E+01 6.000000E+01 0
2.000000E+01 6.000000E+01 0
2.200000E+01 5.800000E+01 0
2.400000E+01 5.800000E+01 0
2.200000E+01 6.000000E+01 0
2.400000E+01 6.000000E+01 0
2.600000E+01 5.800000E+01 0
2.800000E+01 5.800000E+01 0
2.600000E+01 6.000000E+01 0
2.800000E+01 6.000000E+01 0
3.000000E+01 5.800000E+01 0
3.200000E+01 5.800000E+01 0
3.000000E+01 6.000000E+01 0
3.200000E+01 6.000000E+01 0
3.400000E+01 5.800000E+01 0
3.600000E+01 5.800000E+01 0
3.400000E+01 6.000000E+01 0
3.600000E+01 6.000000E+01 0
3.800000E+01 5.800000E+01 0
4.000000E+01 5.800000E+01 0
3.800000E+01 6.000000E+01 0
4.000000E+01 6.000000E+01 0
4.200000E+01 5.800000E+01 0
4.400000E+01 5.800000E+01 0
4.200000E+01 6.000000E+01 0
4.400000E+01 6.000000E+01 0
4.600000E+01 5.800000E+01 0
4.800000E+01 5.800000E+01 0
4.600000E+01 6.000000E+01 0
4.800000E+01 6.000000E+01 0
5.000000E+01 5.800000E+01 0
5.200000E+01 5.800000E+01 0
5.000000E+01 6.000000E+01 0
5.200000E+01 6.000000E+01 0
5.400000E+01 5.800000E+01 0
5.600000E+01 5.800000E+01 0
5.400000E+01 6.000000E+01 0
5.600000E+01 6.000000E+01 0
5.800000E+01 5.800000E+01 0
6.000000E+01 5.800000E+01 0
5.800000E+01 6.000000E+01 0
6.000000E+01 6.000000E+01 0
6.200000E+01 5.800000E+01 0
6.400000E+01 5.800000E+01 0
6.200000E+01 6.000000E+01 0
6.400000E+01 6.000000E+01 0
6.600000E+01 5.800000E+01 0
6.800000E+01 5.800000E+01 0
6.600000E+01 6.000000E+01 0
6.800000E+01 6.000000E+01 0
7.000000E+01 5.800000E+01 0
7.200000E+01 5.800000E+01 0
7.000000E+01 6.000000E+01 0
7.200000E+01 6.000000E+01 0
7.400000E+01 5.800000E+01 0
7.600000E+01 5.800000E+01 0
7.400000E+01 6.000000E+01 0
7.600000E+01 6.000000E+01 0
7.800000E+01 5.800000E+01 0
8.000000E+01 5.800000E+01 0
7.800000E+01 6.000000E+01 0
8.000000E+01 6.000000E+01 0
8.200000E+01 5.800000E+01 0
8.400000E+01 5.800000E+01 0
8.200000E+01 6.000000E+01 0
8.400000E+01 6.000000E+01 0
8.600000E+01 5.800000E+01 0
8.800000E+01 5.800000E+01 0
8.600000E+01 6.000000E+01 0
8.800000E+01 6.000000E+01 0
9.000000E+01 5.800000E+01 0
9.200000E+01 5.800000E+01 0
9.000000E+01 6.000000E+01 0
9.200000E+01 6.000000E+01 0
9.400000E+01 5.800000E+01 0
9.600000E+01 5.800000E+01 0
9.400000E+01 6.000000E+01 0
9.600000E+01 6.000000E+01 0
9.800000E+01 5.800000E+01 0
1.000000E+02 5.800000E+01 0
9.800000E+01 6.000000E+01 0
1.000000E+02 6.000000E+01 0
2.000000E+00 6.200000E+01 0
-4.042199E-17 6.200000E+01 0
4.000000E+00 6.200000E+01 0
2.000000E+00 6.400000E+01 0
0.000000E+00 6.400000E+01 0
4.000000E+00 6.400000E+01 0
6.000000E+00 6.200000E+01 0
8.000000E+00 6.200000E+01 0
6.000000E+00 6.400000E+01 0
8.000000E+00 6.400000E+01 0
1.000000E+01 6.200000E+01 0
1.200000E+01 6.200000E+01 0
1.000000E+01 6.400000E+01 0
1.200000E+01 6.400000E+01 0
1.400000E+01 6.200000E+01 0
1.600000E+01 6.200000E+01 0
1.400000E+01 6.400000E+01 0
1.600000E+01 6.400000E+01 0
1.800000E+01 6.200000E+01 0
2.000000E+01 6.200000E+01 0
1.800000E+01 6.400000E+01 0
2.000000E+01 6.400000E+01 0
2.200000E+01 6.200000E+01 0
2.400000E+01 6.200000E+01 0
2.200000E+01 6.400000E+01 0
2.400000E+01 6.400000E+01 0
2.600000E+01 6.200000E+01 0
2.800000E+01 6.200000E+01 0
2.600000E+01 6.400000E+01 0
2.800000E+01 6.400000E+01 0
3.000000E+01 6.200000E+01 0
3.200000E+01 6.200000E+01 0
3.000000E+01 6.400000E+01 0
3.200000E+01 6.400000E+01 0
3.400000E+01 6.200000E+01 0
3.600000E+01 6.200000E+01 0
3.400000E+01 6.400000E+01 0
3.600000E+01 6.400000E+01 0
3.800000E+01 6.200000E+01 0
4.000000E+01 6.200000E+01 0
3.800000E+01 6.400000E+01 0
4.000000E+01 6.400000E+01 0
4.200000E+01 6.200000E+01 0
4.400000E+01 6.200000E+01 0
4.200000E+01 6.400000E+01 0
4.400000E+01 6.400000E+01 0
4.600000E+01 6.200000E+01 0
4.800000E+01 6.200000E+01 0
4.600000E+01 6.400000E+01 0
4.800000E+01 6.400000E+01 0
5.000000E+01 6.200000E+01 0
5.200000E+01 6.200000E+01 0
5.000000E+01 6.400000E+01 0
5.200000E+01 6.400000E+01 0
5.400000E+01 6.200000E+01 0
5.600000E+01 6.200000E+01 0
5.400000E+01 6.400000E+01 0
5.600000E+01 6.400000E+01 0
5.800000E+01 6.200000E+01 0
6.000000E+01 6.200000E+01 0
5.800000E+01 6.400000E+01 0
6.000000E+01 6.400000E+01 0
6.200000E+01 6.200000E+01 0
6.400000E+01 6.200000E+01 0
6.200000E+01 6.400000E+01 0
6.400000E+01 6.400000E+01 0
6.600000E+01 6.200000E+01 0
6.800000E+01 6.200000E+01 0
6.600000E+01 6.400000E+01 0
6.800000E+01 6.400000E+01 0
7.000000E+01 6.200000E+01 0
7.200000E+01 6.200000E+01 0
7.000000E+01 6.400000E+01 0
7.200000E+01 6.400000E+01 0
7.400000E+01 6.200000E+01 0
7.600000E+01 6.200000E+01 0
7.400000E+01 6.400000E+01 0
7.600000E+01 6.400000E+01 0
7.800000E+01 6.200000E+01 0
8.000000E+01 6.200000E+01 0
7.800000E+01 6.400000E+01 0
8.000000E+01 6.400000E+01 0
8.200000E+01 6.200000E+01 0
8.400000E+01 6.200000E+01 0
8.200000E+01 6.400000E+01 0
8.400000E+01 6.400000E+01 0
8.600000E+01 6.200000E+01 0
8.800000E+01 6.200000E+01 0
8.600000E+01 6.400000E+01 0
8.800000E+01 6.400000E+01 0
9.000000E+01 6.200000E+01 0
9.200000E+01 6.200000E+01 0
9.000000E+01 6.400000E+01 0
9.200000E+01 6.400000E+01 0
9.400000E+01 6.200000E+01 0
9.600000E+01 6.200000E+01 0
9.400000E+01 6.400000E+01 0
9.600000E+01 6.400000E+01 0
9.800000E+01 6.200000E+01 0
1.000000E+02 6.200000E+01 0
9.800000E+01 6.400000E+01 0
1.000000E+02 6.400000E+01 0
2.000000E+00 6.600000E+01 0
4.042199E-17 6.600000E+01 0
4.000000E+00 6.600000E+01 0
2.000000E+00 6.800000E+01 0
0.000000E+00 6.800000E+01 0
4.000000E+00 6.800000E+01 0
6.000000E+00 6.600000E+01 0
8.000000E+00 6.600000E+01 0
6.000000E+00 6.800000E+01 0
8.000000E+00 6.800000E+01 0
1.000000E+01 6.600000E+01 0
1.200000E+01 6.600000E+01 0
1.000000E+01 6.800000E+01 0
1.200000E+01 6.800000E+01 0
1.400000E+01 6.600000E+01 0
1.600000E+01 6.600000E+01 0
1.400000E+01 6.800000E+01 0
1.600000E+01 6.800000E+01 0
1.800000E+01 6.600000E+01 0
2.000000E+01 6.600000E+01 0
1.800000E+01 6.800000E+01 0
2.000000E+01 6.800000E+01 0
2.200000E+01 6.600000E+01 0
2.400000E+01 6.600000E+01 0
2.200000E+01 6.800000E+01 0
2.400000E+01 6.800000E+01 0
2.600000E+01 6.600000E+01 0
2.800000E+01 6.600000E+01 0
2.600000E+01 6.800000E+01 0
2.800000E+01 6.800000E+01 0
3.000000E+01 6.600000E+01 0
3.200000E+01 6.600000E+01 0
3.000000E+01 6.800000E+01 0
3.200000E+01 6.800000E+01 0
3.400000E+01 6.600000E+01 0
3.600000E+01 6.600000E+01 0
3.400000E+01 6.800000E+01 0
3.600000E+01 6.800000E+01 0
3.800000E+01 6.600000E+01 0
4.000000E+01 6.600000E+01 0
3.800000E+01 6.800000E+01 0
4.000000E+01 6.800000E+01 0
4.200000E+01 6.600000E+01 0
4.400000E+01 6.600000E+01 0
4.200000E+01 6.800000E+01 0
4.400000E+01 6.800000E+01 0
4.600000E+01 6.600000E+01 0
4.800000E+01 6.600000E+01 0
4.600000E+01 6.800000E+01 0
4.800000E+01 6.800000E+01 0
5.000000E+01 6.600000E+01 0
5.200000E+01 6.600000E+01 0
5.000000E+01 6.800000E+01 0
5.200000E+01 6.800000E+01 0
5.400000E+01 6.600000E+01 0
5.600000E+01 6.600000E+01 0
5.400000E+01 6.800000E+01 0
5.600000E+01 6.800000E+01 0
5.800000E+01 6.600000E+01 0
6.000000E+01 6.600000E+01 0
5.800000E+01 6.800000E+01 0
6.000000E+01 6.800000E+01 0
6.200000E+01 6.600000E+01 0
6.400000E+01 6.600000E+01 0
6.200000E+01 6.800000E+01 0
6.400000E+01 6.800000E+01 0
6.600000E+01 6.600000E+01 0
6.800000E+01 6.600000E+01 0
6.600000E+01 6.800000E+01 0
6.800000E+01 6.800000E+01 0
7.000000E+01 6.600000E+01 0
7.200000E+01 6.600000E+01 0
7.000000E+01 6.800000E+01 0
7.200000E+01 6.800000E+01 0
7.400000E+01 6.600000E+01 0
7.600000E+01 6.600000E+01 0
7.400000E+01 6.800000E+01 0
7.600000E+01 6.800000E+01 0
7.800000E+01 6.600000E+01 0
8.000000E+01 6.600000E+01 0
7.800000E+01 6.800000E+01 0
8.000000E+01 6.800000E+01 0
8.200000E+01 6.600000E+01 0
8.400000E+01 6.600000E+01 0
8.200000E+01 6.800000E+01 0
8.400000E+01 6.800000E+01 0
8.600000E+01 6.600000E+01 0
8.800000E+01 6.600000E+01 0
8.600000E+01 6.800000E+01 0
8.800000E+01 6.800000E+01 0
9.000000E+01 6.600000E+01 0
9.200000E+01 6.600000E+01 0
9.000000E+01 6.800000E+01 0
9.200000E+01 6.800000E+01 0
9.400000E+01 6.600000E+01 0
9.600000E+01 6.600000E+01 0
9.400000E+01 6.800000E+01 0
9.600000E+01 6.800000E+01 0
9.800000E+01 6.600000E+01 0
1.000000E+02 6.600000E+01 0
9.800000E+01 6.800000E+01 0
1.000000E+02 6.800000E+01 0
2.000000E+00 7.000000E+01 0
-4.042199E-17 7.000000E+01 0
4.000000E+00 7.000000E+01 0
2.000000E+00 7.200000E+01 0
0.000000E+00 7.200000E+01 0
4.000000E+00 7.200000E+01 0
6.000000E+00 7.000000E+01 0
8.000000E+00 7.000000E+01 0
6.000000E+00 7.200000E+01 0
8.000000E+00 7.200000E+01 0
1.000000E+01 7.000000E+01 0
1.200000E+01 7.000000E+01 0
1.000000E+01 7.200000E+01 0
1.200000E+01 7.200000E+01 0
1.400000E+01 7.000000E+01 0
1.600000E+01 7.000000E+01 0
1.400000E+01 7.200000E+01 0
1.600000E+01 7.200000E+01 0
1.800000E+01 7.000000E+01 0
2.000000E+01 7.000000E+01 0
1.800000E+01 7.200000E+01 0
2.000000E+01 7.200000E+01 0
2.200000E+01 7.000000E+01 0
2.400000E+01 7.000000E+01 0
2.200000E+01 7.200000E+01 0
2.400000E+01 7.200000E+01 0
2.600000E+01 7.000000E+01 0
2.800000E+01 7.000000E+01 0
2.600000E+01 7.200000E+01 0
2.800000E+01 7.200000E+01 0
3.000000E+01 7.000000E+01 0
3.200000E+01 7.000000E+01 0
3.000000E+01 7.200000E+01 0
3.200000E+01 7.200000E+01 0
3.400000E+01 7.000000E+01 0
3.600000E+01 7.000000E+01 0
3.400000E+01 7.200000E+01 0
3.600000E+01 7.200000E+01 0
3.800000E+01 7.000000E+01 0
4.000000E+01 7.000000E+01 0
3.800000E+01 7.200000E+01 0
4.000000E+01 7.200000E+01 0
4.200000E+01 7.000000E+01 0
4.400000E+01 7.000000E+01 0
4.200000E+01 7.200000E+01 0
4.400000E+01 7.200000E+01 0
4.600000E+01 7.000000E+01 0
4.800000E+01 7.000000E+01 0
4.600000E+01 7.200000E+01 0
4.800000E+01 7.200000E+01 0
5.000000E+01 7.000000E+01 0
5.200000E+01 7.000000E+01 0
5.000000E+01 7.200000E+01 0
5.200000E+01 7.200000E+01 0
5.400000E+01 7.000000E+01 0
5.600000E+01 7.000000E+01 0
5.400000E+01 7.200000E+01 0
5.600000E+01 7.200000E+01 0
5.800000E+01 7.000000E+01 0
6.000000E+01 7.000000E+01 0
5.800000E+01 7.200000E+01 0
6.000000E+01 7.200000E+01 0
6.200000E+01 7.000000E+01 0
6.400000E+01 7.000000E+01 0
6.200000E+01 7.200000E+01 0
6.400000E+01 7.200000E+01 0
6.600000E+01 7.000000E+01 0
6.800000E+01 7.000000E+01 0
6.600000E+01 7.200000E+01 0
6.800000E+01 7.200000E+01 0
7.000000E+01 7.000000E+01 0
7.200000E+01 7.000000E+01 0
7.000000E+01 7.200000E+01 0
7.200000E+01 7.200000E+01 0
7.400000E+01 7.000000E+01 0
7.600000E+01 7.000000E+01 0
7.400000E+01 7.200000E+01 0
7.600000E+01 7.200000E+01 0
7.800000E+01 7.000000E+01 0
8.000000E+01 7.000000E+01 0
7.800000E+01 7.200000E+01 0
8.000000E+01 7.200000E+01 0
8.200000E+01 7.000000E+01 0
8.400000E+01 7.000000E+01 0
8.200000E+01 7.200000E+01 0
8.400000E+01 7.200000E+01 0
8.600000E+01 7.000000E+01 0
8.800000E+01 7.000000E+01 0
8.600000E+01 7.200000E+01 0
8.800000E+01 7.200000E+01 0
9.000000E+01 7.000000E+01 0
9.200000E+01 7.000000E+01 0
9.000000E+01 7.200000E+01 0
9.200000E+01 7.200000E+01 0
9.400000E+01 7.000000E+01 0
9.600000E+01 7.000000E+01 0
9.400000E+01 7.200000E+01 0
9.600000E+01 7.200000E+01 0
9.800000E+01 7.000000E+01 0
1.000000E+02 7.000000E+01 0
9.800000E+01 7.200000E+01 0
1.000000E+02 7.200000E+01 0
2.000000E+00 7.400000E+01 0
-4.042199E-17 7.400000E+01 0
4.000000E+00 7.400000E+01 0
2.000000E+00 7.600000E+01 0
0.000000E+00 7.600000E+01 0
4.000000E+00 7.600000E+01 0
6.000000E+00 7.400000E+01 0
8.000000E+00 7.400000E+01 0
6.000000E+00 7.600000E+01 0
8.000000E+00 7.600000E+01 0
1.000000E+01 7.400000E+01 0
1.200000E+01 7.400000E+01 0
1.000000E+01 7.600000E+01 0
1.200000E+01 7.600000E+01 0
1.400000E+01 7.400000E+01 0
1.600000E+01 7.400000E+01 0
1.400000E+01 7.600000E+01 0
1.600000E+01 7.600000E+01 0
1.800000E+01 7.400000E+01 0
2.000000E+01 7.400000E+01 0
1.800000E+01 7.600000E+01 0
2.000000E+01 7.600000E+01 0
2.200000E+01 7.400000E+01 0
2.400000E+01 7.400000E+01 0
2.200000E+01 7.600000E+01 0
2.400000E+01 7.600000E+01 0
2.600000E+01 7.400000E+01 0
2.800000E+01 7.400000E+01 0
2.600000E+01 7.600000E+01 0
2.800000E+01 7.600000E+01 0
3.000000E+01 7.400000E+01 0
3.200000E+01 7.400000E+01 0
3.000000E+01 7.600000E+01 0
3.200000E+01 7.600000E+01 0
3.400000E+01 7.400000E+01 0
3.600000E+01 7.400000E+01 0
3.400000E+01 7.600000E+01 0
3.600000E+01 7.600000E+01 0
3.800000E+01 7.400000E+01 0
4.000000E+01 7.400000E+01 0
3.800000E+01 7.600000E+01 0
4.000000E+01 7.600000E+01 0
4.200000E+01 7.400000E+01 0
4.400000E+01 7.400000E+01 0
4.200000E+01 7.600000E+01 0
4.400000E+01 7.600000E+01 0
4.600000E+01 7.400000E+01 0
4.800000E+01 7.400000E+01 0
4.600000E+01 7.600000E+01 0
4.800000E+01 7.600000E+01 0
5.000000E+01 7.400000E+01 0
5.200000E+01 7.400000E+01 0
5.000000E+01 7.600000E+01 0
5.200000E+01 7.600000E+01 0
5.400000E+01 7.400000E+01 0
5.600000E+01 7.400000E+01 0
5.400000E+01 7.600000E+01 0
5.600000E+01 7.600000E+01 0
5.800000E+01 7.400000E+01 0
6.000000E+01 7.400000E+01 0
5.800000E+01 7.600000E+01 0
6.000000E+01 7.600000E+01 0
6.200000E+01 7.400000E+01 0
6.400000E+01 7.400000E+01 0
6.200000E+01 7.600000E+01 0
6.400000E+01 7.600000E+01 0
6.600000E+01 7.400000E+01 0
6.800000E+01 7.400000E+01 0
6.600000E+01 7.600000E+01 0
6.800000E+01 7.600000E+01 0
7.000000E+01 7.400000E+01 0
7.200000E+01 7.400000E+01 0
7.000000E+01 7.600000E+01 0
7.200000E+01 7.600000E+01 0
7.400000E+01 7.400000E+01 0
7.600000E+01 7.400000E+01 0
7.400000E+01 7.600000E+01 0
7.600000E+01 7.600000E+01 0
7.800000E+01 7.400000E+01 0
8.000000E+01 7.400000E+01 0
7.800000E+01 7.600000E+01 0
8.000000E+01 7.600000E+01 0
8.200000E+01 7.400000E+01 0
8.400000E+01 7.400000E+01 0
8.200000E+01 7.600000E+01 0
8.400000E+01 7.600000E+01 0
8.600000E+01 7.400000E+01 0
8.800000E+01 7.400000E+01 0
8.600000E+01 7.600000E+01 0
8.800000E+01 7.600000E+01 0
9.000000E+01 7.400000E+01 0
9.200000E+01 7.400000E+01 0
9.000000E+01 7.600000E+01 0
9.200000E+01 7.600000E+01 0
9.400000E+01 7.400000E+01 0
9.600000E+01 7.400000E+01 0
9.400000E+01 7.600000E+01 0
9.600000E+01 7.600000E+01 0
9.800000E+01 7.400000E+01 0
1.000000E+02 7.400000E+01 0
9.800000E+01 7.600000E+01 0
1.000000E+02 7.600000E+01 0
2.000000E+00 7.800000E+01 0
4.042199E-17 7.800000E+01 0
4.000000E+00 7.800000E+01 0
2.000000E+00 8.000000E+01 0
0.000000E+00 8.000000E+01 0
4.000000E+00 8.000000E+01 0
6.000000E+00 7.800000E+01 0
8.000000E+00 7.800000E+01 0
6.000000E+00 8.000000E+01 0
8.000000E+00 8.000000E+01 0
1.000000E+01 7.800000E+01 0
1.200000E+01 7.800000E+01 0
1.000000E+01 8.000000E+01 0
1.200000E+01 8.000000E+01 0
1.400000E+01 7.800000E+01 0
1.600000E+01 7.800000E+01 0
1.400000E+01 8.000000E+01 0
1.600000E+01 8.000000E+01 0
1.800000E+01 7.800000E+01 0
2.000000E+01 7.800000E+01 0
1.800000E+01 8.000000E+01 0
2.000000E+01 8.000000E+01 0
2.200000E+01 7.800000E+01 0
2.400000E+01 7.800000E+01 0
2.200000E+01 8.000000E+01 0
2.400000E+01 8.000000E+01 0
2.600000E+01 7.800000E+01 0
2.800000E+01 7.800000E+01 0
2.600000E+01 8.000000E+01 0
2.800000E+01 8.000000E+01 0
3.000000E+01 7.800000E+01 0
3.200000E+01 7.800000E+01 0
3.000000E+01 8.000000E+01 0
3.200000E+01 8.000000E+01 0
3.400000E+01 7.800000E+01 0
3.600000E+01 7.800000E+01 0
3.400000E+01 8.000000E+01 0
3.600000E+01 8.000000E+01 0
3.800000E+01 7.800000E+01 0
4.000000E+01 7.800000E+01 0
3.800000E+01 8.000000E+01 0
4.000000E+01 8.000000E+01 0
4.200000E+01 7.800000E+01 0
4.400000E+01 7.800000E+01 0
4.200000E+01 8.000000E+01 0
4.400000E+01 8.000000E+01 0
4.600000E+01 7.800000E+01 0
4.800000E+01 7.800000E+01 0
4.600000E+01 8.000000E+01 0
4.800000E+01 8.000000E+01 0
5.000000E+01 7.800000E+01 0
5.200000E+01 7.800000E+01 0
5.000000E+01 8.000000E+01 0
5.200000E+01 8.000000E+01 0
5.400000E+01 7.800000E+01 0
5.600000E+01 7.800000E+01 0
5.400000E+01 8.000000E+01 0
5.600000E+01 8.000000E+01 0
5.800000E+01 7.800000E+01 0
6.000000E+01 7.800000E+01 0
5.800000E+01 8.000000E+01 0
6.000000E+01 8.000000E+01 0
6.200000E+01 7.800000E+01 0
6.400000E+01 7.800000E+01 0
6.200000E+01 8.000000E+01 0
6.400000E+01 8.000000E+01 0
6.600000E+01 7.800000E+01 0
6.800000E+01 7.800000E+01 0
6.600000E+01 8.000000E+01 0
6.800000E+01 8.000000E+01 0
7.000000E+01 7.800000E+01 0
7.200000E+01 7.800000E+01 0
7.000000E+01 8.000000E+01 0
7.200000E+01 8.000000E+01 0
7.400000E+01 7.800000E+01 0
7.600000E+01 7.800000E+01 0
7.400000E+01 8.000000E+01 0
7.600000E+01 8.000000E+01 0
7.800000E+01 7.800000E+01 0
8.000000E+01 7.800000E+01 0
7.800000E+01 8.000000E+01 0
8.000000E+01 8.000000E+01 0
8.200000E+01 7.800000E+01 0
8.400000E+01 7.800000E+01 0
8.200000E+01 8.000000E+01 0
8.400000E+01 8.000000E+01 0
8.600000E+01 7.800000E+01 0
8.800000E+01 7.800000E+01 0
8.600000E+01 8.000000E+01 0
8.800000E+01 8.000000E+01 0
9.000000E+01 7.800000E+01 0
9.200000E+01 7.800000E+01 0
9.000000E+01 8.000000E+01 0
9.200000E+01 8.000000E+01 0
9.400000E+01 7.800000E+01 0
9.600000E+01 7.800000E+01 0
9.400000E+01 8.000000E+01 0
9.600000E+01 8.000000E+01 0
9.800000E+01 7.800000E+01 0
1.000000E+02 7.800000E+01 0
9.800000E+01 8.000000E+01 0
1.000000E+02 8.000000E+01 0
2.000000E+00 8.200000E+01 0
-4.042199E-17 8.200000E+01 0
4.000000E+00 8.200000E+01 0
2.000000E+00 8.400000E+01 0
0.000000E+00 8.400000E+01 0
4.000000E+00 8.400000E+01 0
6.000000E+00 8.200000E+01 0
8.000000E+00 8.200000E+01 0
6.000000E+00 8.400000E+01 0
8.000000E+00 8.400000E+01 0
1.000000E+01 8.200000E+01 0
1.200000E+01 8.200000E+01 0
1.000000E+01 8.400000E+01 0
1.200000E+01 8.400000E+01 0
1.400000E+01 8.200000E+01 0
1.600000E+01 8.200000E+01 0
1.400000E+01 8.400000E+01 0
1.600000E+01 8.400000E+01 0
1.800000E+01 8.200000E+01 0
2.000000E+01 8.200000E+01 0
1.800000E+01 8.400000E+01 0
2.000000E+01 8.400000E+01 0
2.200000E+01 8.200000E+01 0
2.400000E+01 8.200000E+01 0
2.200000E+01 8.400000E+01 0
2.400000E+01 8.400000E+01 0
2.600000E+01 8.200000E+01 0
2.800000E+01 8.200000E+01 0
2.600000E+01 8.400000E+01 0
2.800000E+01 8.400000E+01 0
3.000000E+01 8.200000E+01 0
3.200000E+01 8.200000E+01 0
3.000000E+01 8.400000E+01 0
3.200000E+01 8.400000E+01 0
3.400000E+01 8.200000E+01 0
3.600000E+01 8.200000E+01 0
3.400000E+01 8.400000E+01 0
3.600000E+01 8.400000E+01 0
3.800000E+01 8.200000E+01 0
4.000000E+01 8.200000E+01 0
3.800000E+01 8.400000E+01 0
4.000000E+01 8.400000E+01 0
4.200000E+01 8.200000E+01 0
4.400000E+01 8.200000E+01 0
4.200000E+01 8.400000E+01 0
4.400000E+01 8.400000E+01 0
4.600000E+01 8.200000E+01 0
4.800000E+01 8.200000E+01 0
4.600000E+01 8.400000E+01 0
4.800000E+01 8.400000E+01 0
5.000000E+01 8.200000E+01 0
5.200000E+01 8.200000E+01 0
5.000000E+01 8.400000E+01 0
5.200000E+01 8.400000E+01 0
5.400000E+01 8.200000E+01 0
5.600000E+01 8.200000E+01 0
5.400000E+01 8.400000E+01 0
5.600000E+01 8.400000E+01 0
5.800000E+01 8.200000E+01 0
6.000000E+01 8.200000E+01 0
5.800000E+01 8.400000E+01 0
6.000000E+01 8.400000E+01 0
6.200000E+01 8.200000E+01 0
6.400000E+01 8.200000E+01 0
6.200000E+01 8.400000E+01 0
6.400000E+01 8.400000E+01 0
6.600000E+01 8.200000E+01 0
6.800000E+01 8.200000E+01 0
6.600000E+01 8.400000E+01 0
6.800000E+01 8.400000E+01 0
7.000000E+01 8.200000E+01 0
7.200000E+01 8.200000E+01 0
7.000000E+01 8.400000E+01 0
7.200000E+01 8.400000E+01 0
7.400000E+01 8.200000E+01 0
7.600000E+01 8.200000E+01 0
7.400000E+01 8.400000E+01 0
7.600000E+01 8.400000E+01 0
7.800000E+01 8.200000E+01 0
8.000000E+01 8.200000E+01 0
7.800000E+01 8.400000E+01 0
8.000000E+01 8.400000E+01 0
8.200000E+01 8.200000E+01 0
8.400000E+01 8.200000E+01 0
8.200000E+01 8.400000E+01 0
8.400000E+01 8.400000E+01 0
8.600000E+01 8.200000E+01 0
8.800000E+01 8.200000E+01 0
8.600000E+01 8.400000E+01 0
8.800000E+01 8.400000E+01 0
9.000000E+01 8.200000E+01 0
9.200000E+01 8.200000E+01 0
9.000000E+01 8.400000E+01 0
9.200000E+01 8.400000E+01 0
9.400000E+01 8.200000E+01 0
9.600000E+01 8.200000E+01 0
9.400000E+01 8.400000E+01 0
9.600000E+01 8.400000E+01 0
9.800000E+01 8.200000E+01 0
1.000000E+02 8.200000E+01 0
9.800000E+01 8.400000E+01 0
1.000000E+02 8.400000E+01 0
2.000000E+00 8.600000E+01 0
-4.042199E-17 8.600000E+01 0
4.000000E+00 8.600000E+01 0
2.000000E+00 8.800000E+01 0
0.000000E+00 8.800000E+01 0
4.000000E+00 8.800000E+01 0
6.000000E+00 8.600000E+01 0
8.000000E+00 8.600000E+01 0
6.000000E+00 8.800000E+01 0
8.000000E+00 8.800000E+01 0
1.000000E+01 8.600000E+01 0
1.200000E+01 8.600000E+01 0
1.000000E+01 8.800000E+01 0
1.200000E+01 8.800000E+01 0
1.400000E+01 8.600000E+01 0
1.600000E+01 8.600000E+01 0
1.400000E+01 8.800000E+01 0
1.600000E+01 8.800000E+01 0
1.800000E+01 8.600000E+01 0
2.000000E+01 8.600000E+01 0
1.800000E+01 8.800000E+01 0
2.000000E+01 8.800000E+01 0
2.200000E+01 8.600000E+01 0
2.400000E+01 8.600000E+01 0
2.200000E+01 8.800000E+01 0
2.400000E+01 8.800000E+01 0
2.600000E+01 8.600000E+01 0
2.800000E+01 8.600000E+01 0
2.600000E+01 8.800000E+01 0
2.800000E+01 8.800000E+01 0
3.000000E+01 8.600000E+01 0
3.200000E+01 8.600000E+01 0
3.000000E+01 8.800000E+01 0
3.200000E+01 8.800000E+01 0
3.400000E+01 8.600000E+01 0
3.600000E+01 8.600000E+01 0
3.400000E+01 8.800000E+01 0
3.600000E+01 8.800000E+01 0
3.800000E+01 8.600000E+01 0
4.000000E+01 8.600000E+01 0
3.800000E+01 8.800000E+01 0
4.000000E+01 8.800000E+01 0
4.200000E+01 8.600000E+01 0
4.400000E+01 8.600000E+01 0
4.200000E+01 8.800000E+01 0
4.400000E+01 8.800000E+01 0
4.600000E+01 8.600000E+01 0
4.800000E+01 8.600000E+01 0
4.600000E+01 8.800000E+01 0
4.800000E+01 8.800000E+01 0
5.000000E+01 8.600000E+01 0
5.200000E+01 8.600000E+01 0
5.000000E+01 8.800000E+01 0
5.200000E+01 8.800000E+01 0
5.400000E+01 8.600000E+01 0
5.600000E+01 8.600000E+01 0
5.400000E+01 8.800000E+01 0
5.600000E+01 8.800000E+01 0
5.800000E+01 8.600000E+01 0
6.000000E+01 8.600000E+01 0
5.800000E+01 8.800000E+01 0
6.000000E+01 8.800000E+01 0
6.200000E+01 8.600000E+01 0
6.400000E+01 8.600000E+01 0
6.200000E+01 8.800000E+01 0
6.400000E+01 8.800000E+01 0
6.600000E+01 8.600000E+01 0
6.800000E+01 8.600000E+01 0
6.600000E+01 8.800000E+01 0
6.800000E+01 8.800000E+01 0
7.000000E+01 8.600000E+01 0
7.200000E+01 8.600000E+01 0
7.000000E+01 8.800000E+01 0
7.200000E+01 8.800000E+01 0
7.400000E+01 8.600000E+01 0
7.600000E+01 8.600000E+01 0
7.400000E+01 8.800000E+01 0
7.600000E+01 8.800000E+01 0
7.800000E+01 8.600000E+01 0
8.000000E+01 8.600000E+01 0
7.800000E+01 8.800000E+01 0
8.000000E+01 8.800000E+01 0
8.200000E+01 8.600000E+01 0
8.400000E+01 8.600000E+01 0
8.200000E+01 8.800000E+01 0
8.400000E+01 8.800000E+01 0
8.600000E+01 8.600000E+01 0
8.800000E+01 8.600000E+01 0
8.600000E+01 8.800000E+01 0
8.800000E+01 8.800000E+01 0
9.000000E+01 8.600000E+01 0
9.200000E+01 8.600000E+01 0
9.000000E+01 8.800000E+01 0
9.200000E+01 8.800000E+01 0
9.400000E+01 8.600000E+01 0
9.600000E+01 8.600000E+01 0
9.400000E+01 8.800000E+01 0
9.600000E+01 8.800000E+01 0
9.800000E+01 8.600000E+01 0
1.000000E+02 8.600000E+01 0
9.800000E+01 8.800000E+01 0
1.000000E+02 8.800000E+01 0
2.000000E+00 9.000000E+01 0
4.042199E-17 9.000000E+01 0
4.000000E+00 9.000000E+01 0
2.000000E+00 9.200000E+01 0
0.000000E+00 9.200000E+01 0
4.000000E+00 9.200000E+01 0
6.000000E+00 9.000000E+01 0
8.000000E+00 9.000000E+01 0
6.000000E+00 9.200000E+01 0
8.000000E+00 9.200000E+01 0
1.000000E+01 9.000000E+01 0
1.200000E+01 9.000000E+01 0
1.000000E+01 9.200000E+01 0
1.200000E+01 9.200000E+01 0
1.400000E+01 9.000000E+01 0
1.600000E+01 9.000000E+01 0
1.400000E+01 9.200000E+01 0
1.600000E+01 9.200000E+01 0
1.800000E+01 9.000000E+01 0
2.000000E+01 9.000000E+01 0
1.800000E+01 9.200000E+01 0
2.000000E+01 9.200000E+01 0
2.200000E+01 9.000000E+01 0
2.400000E+01 9.000000E+01 0
2.200000E+01 9.200000E+01 0
2.400000E+01 9.200000E+01 0
2.600000E+01 9.000000E+01 0
2.800000E+01 9.000000E+01 0
2.600000E+01 9.200000E+01 0
2.800000E+01 9.200000E+01 0
3.000000E+01 9.000000E+01 0
3.200000E+01 9.000000E+01 0
3.000000E+01 9.200000E+01 0
3.200000E+01 9.200000E+01 0
3.400000E+01 9.000000E+01 0
3.600000E+01 9.000000E+01 0
3.400000E+01 9.200000E+01 0
3.600000E+01 9.200000E+01 0
3.800000E+01 9.000000E+01 0
4.000000E+01 9.000000E+01 0
3.800000E+01 9.200000E+01 0
4.000000E+01 9.200000E+01 0
4.200000E+01 9.000000E+01 0
4.400000E+01 9.000000E+01 0
4.200000E+01 9.200000E+01 0
4.400000E+01 9.200000E+01 0
4.600000E+01 9.000000E+01 0
4.800000E+01 9.000000E+01 0
4.600000E+01 9.200000E+01 0
4.800000E+01 9.200000E+01 0
5.000000E+01 9.000000E+01 0
5.200000E+01 9.000000E+01 0
5.000000E+01 9.200000E+01 0
5.200000E+01 9.200000E+01 0
5.400000E+01 9.000000E+01 0
5.600000E+01 9.000000E+01 0
5.400000E+01 9.200000E+01 0
5.600000E+01 9.200000E+01 0
5.800000E+01 9.000000E+01 0
6.000000E+01 9.000000E+01 0
5.800000E+01 9.200000E+01 0
6.000000E+01 9.200000E+01 0
6.200000E+01 9.000000E+01 0
6.400000E+01 9.000000E+01 0
6.200000E+01 9.200000E+01 0
6.400000E+01 9.200000E+01 0
6.600000E+01 9.000000E+01 0
6.800000E+01 9.000000E+01 0
6.600000E+01 9.200000E+01 0
6.800000E+01 9.200000E+01 0
7.000000E+01 9.000000E+01 0
7.200000E+01 9.000000E+01 0
7.000000E+01 9.200000E+01 0
7.200000E+01 9.200000E+01 0
7.400000E+01 9.000000E+01 0
7.600000E+01 9.000000E+01 0
7.400000E+01 9.200000E+01 0
7.600000E+01 9.200000E+01 0
7.800000E+01 9.000000E+01 0
8.000000E+01 9.000000E+01 0
7.800000E+01 9.200000E+01 0
8.000000E+01 9.200000E+01 0
8.200000E+01 9.000000E+01 0
8.400000E+01 9.000000E+01 0
8.200000E+01 9.200000E+01 0
8.400000E+01 9.200000E+01 0
8.600000E+01 9.000000E+01 0
8.800000E+01 9.000000E+01 0
8.600000E+01 9.200000E+01 0
8.800000E+01 9.200000E+01 0
9.000000E+01 9.000000E+01 0
9.200000E+01 9.000000E+01 0
9.000000E+01 9.200000E+01 0
9.200000E+01 9.200000E+01 0
9.400000E+01 9.000000E+01 0
9.600000E+01 9.000000E+01 0
9.400000E+01 9.200000E+01 0
9.600000E+01 9.200000E+01 0
9.800000E+01 9.000000E+01 0
1.000000E+02 9.000000E+01 0
9.800000E+01 9.200000E+01 0
1.000000E+02 9.200000E+01 0
2.000000E+00 9.400000E+01 0
-4.042199E-17 9.400000E+01 0
4.000000E+00 9.400000E+01 0
2.000000E+00 9.600000E+01 0
0.000000E+00 9.600000E+01 0
4.000000E+00 9.600000E+01 0
6.000000E+00 9.400000E+01 0
8.000000E+00 9.400000E+01 0
6.000000E+00 9.600000E+01 0
8.000000E+00 9.600000E+01 0
1.000000E+01 9.400000E+01 0
1.200000E+01 9.400000E+01 0
1.000000E+01 9.600000E+01 0
1.200000E+01 9.600000E+01 0
1.400000E+01 9.400000E+01 0
1.600000E+01 9.400000E+01 0
1.400000E+01 9.600000E+01 0
1.600000E+01 9.600000E+01 0
1.800000E+01 9.400000E+01 0
2.000000E+01 9.400000E+01 0
1.800000E+01 9.600000E+01 0
2.000000E+01 9.600000E+01 0
2.200000E+01 9.400000E+01 0
2.400000E+01 9.400000E+01 0
2.200000E+01 9.600000E+01 0
2.400000E+01 9.600000E+01 0
2.600000E+01 9.400000E+01 0
2.800000E+01 9.400000E+01 0
2.600000E+01 9.600000E+01 0
2.800000E+01 9.600000E+01 0
3.000000E+01 9.400000E+01 0
3.200000E+01 9.400000E+01 0
3.000000E+01 9.600000E+01 0
3.200000E+01 9.600000E+01 0
3.400000E+01 9.400000E+01 0
3.600000E+01 9.400000E+01 0
3.400000E+01 9.600000E+01 0
3.600000E+01 9.600000E+01 0
3.800000E+01 9.400000E+01 0
4.000000E+01 9.400000E+01 0
3.800000E+01 9.600000E+01 0
4.000000E+01 9.600000E+01 0
4.200000E+01 9.400000E+01 0
4.400000E+01 9.400000E+01 0
4.200000E+01 9.600000E+01 0
4.400000E+01 9.600000E+01 0
4.600000E+01 9.400000E+01 0
4.800000E+01 9.400000E+01 0
4.600000E+01 9.600000E+01 0
4.800000E+01 9.600000E+01 0
5.000000E+01 9.400000E+01 0
5.200000E+01 9.400000E+01 0
5.000000E+01 9.600000E+01 0
5.200000E+01 9.600000E+01 0
5.400000E+01 9.400000E+01 0
5.600000E+01 9.400000E+01 0
5.400000E+01 9.600000E+01 0
5.600000E+01 9.600000E+01 0
5.800000E+01 9.400000E+01 0
6.000000E+01 9.400000E+01 0
5.800000E+01 9.600000E+01 0
6.000000E+01 9.600000E+01 0
6.200000E+01 9.400000E+01 0
6.400000E+01 9.400000E+01 0
6.200000E+01 9.600000E+01 0
6.400000E+01 9.600000E+01 0
6.600000E+01 9.400000E+01 0
6.800000E+01 9.400000E+01 0
6.600000E+01 9.600000E+01 0
6.800000E+01 9.600000E+01 0
7.000000E+01 9.400000E+01 0
7.200000E+01 9.400000E+01 0
7.000000E+01 9.600000E+01 0
7.200000E+01 9.600000E+01 0
7.400000E+01 9.400000E+01 0
7.600000E+01 9.400000E+01 0
7.400000E+01 9.600000E+01 0
7.600000E+01 9.600000E+01 0
7.800000E+01 9.400000E+01 0
8.000000E+01 9.400000E+01 0
7.800000E+01 9.600000E+01 0
8.000000E+01 9.600000E+01 0
8.200000E+01 9.400000E+01 0
8.400000E+01 9.400000E+01 0
8.200000E+01 9.600000E+01 0
8.400000E+01 9.600000E+01 0
8.600000E+01 9.400000E+01 0
8.800000E+01 9.400000E+01 0
8.600000E+01 9.600000E+01 0
8.800000E+01 9.600000E+01 0
9.000000E+01 9.400000E+01 0
9.200000E+01 9.400000E+01 0
9.000000E+01 9.600000E+01 0
9.200000E+01 9.600000E+01 0
9.400000E+01 9.400000E+01 0
9.600000E+01 9.400000E+01 0
9.400000E+01 9.600000E+01 0
9.600000E+01 9.600000E+01 0
9.800000E+01 9.400000E+01 0
1.000000E+02 9.400000E+01 0
9.800000E+01 9.600000E+01 0
1.000000E+02 9.600000E+01 0
2.000000E+00 9.800000E+01 0
0.000000E+00 9.800000E+01 0
4.000000E+00 9.800000E+01 0
2.000000E+00 1.000000E+02 0
0.000000E+00 1.000000E+02 0
4.000000E+00 1.000000E+02 0
6.000000E+00 9.800000E+01 0
8.000000E+00 9.800000E+01 0
6.000000E+00 1.000000E+02 0
8.000000E+00 1.000000E+02 0
1.000000E+01 9.800000E+01 0
1.200000E+01 9.800000E+01 0
1.000000E+01 1.000000E+02 0
1.200000E+01 1.000000E+02 0
1.400000E+01 9.800000E+01 0
1.600000E+01 9.800000E+01 0
1.400000E+01 1.000000E+02 0
1.600000E+01 1.000000E+02 0
1.800000E+01 9.800000E+01 0
2.000000E+01 9.800000E+01 0
1.800000E+01 1.000000E+02 0
2.000000E+01 1.000000E+02 0
2.200000E+01 9.800000E+01 0
2.400000E+01 9.800000E+01 0
2.200000E+01 1.000000E+02 0
2.400000E+01 1.000000E+02 0
2.600000E+01 9.800000E+01 0
2.800000E+01 9.800000E+01 0
2.600000E+01 1.000000E+02 0
2.800000E+01 1.000000E+02 0
3.000000E+01 9.800000E+01 0
3.200000E+01 9.800000E+01 0
3.000000E+01 1.000000E+02 0
3.200000E+01 1.000000E+02 0
3.400000E+01 9.800000E+01 0
3.600000E+01 9.800000E+01 0
3.400000E+01 1.000000E+02 0
3.600000E+01 1.000000E+02 0
3.800000E+01 9.800000E+01 0
4.000000E+01 9.800000E+01 0
3.800000E+01 1.000000E+02 0
4.000000E+01 1.000000E+02 0
4.200000E+01 9.800000E+01 0
4.400000E+01 9.800000E+01 0
4.200000E+01 1.000000E+02 0
4.400000E+01 1.000000E+02 0
4.600000E+01 9.800000E+01 0
4.800000E+01 9.800000E+01 0
4.600000E+01 1.000000E+02 0
4.800000E+01 1.000000E+02 0
5.000000E+01 9.800000E+01 0
5.200000E+01 9.800000E+01 0
5.000000E+01 1.000000E+02 0
5.200000E+01 1.000000E+02 0
5.400000E+01 9.800000E+01 0
5.600000E+01 9.800000E+01 0
5.400000E+01 1.000000E+02 0
5.600000E+01 1.000000E+02 0
5.800000E+01 9.800000E+01 0
6.000000E+01 9.800000E+01 0
5.800000E+01 1.000000E+02 0
6.000000E+01 1.000000E+02 0
6.200000E+01 9.800000E+01 0
6.400000E+01 9.800000E+01 0
6.200000E+01 1.000000E+02 0
6.400000E+01 1.000000E+02 0
6.600000E+01 9.800000E+01 0
6.800000E+01 9.800000E+01 0
6.600000E+01 1.000000E+02 0
6.800000E+01 1.000000E+02 0
7.000000E+01 9.800000E+01 0
7.200000E+01 9.800000E+01 0
7.000000E+01 1.000000E+02 0
7.200000E+01 1.000000E+02 0
7.400000E+01 9.800000E+01 0
7.600000E+01 9.800000E+01 0
7.400000E+01 1.000000E+02 0
7.600000E+01 1.000000E+02 0
7.800000E+01 9.800000E+01 0
8.000000E+01 9.800000E+01 0
7.800000E+01 1.000000E+02 0
8.000000E+01 1.000000E+02 0
8.200000E+01 9.800000E+01 0
8.400000E+01 9.800000E+01 0
8.200000E+01 1.000000E+02 0
8.400000E+01 1.000000E+02 0
8.600000E+01 9.800000E+01 0
8.800000E+01 9.800000E+01 0
8.600000E+01 1.000000E+02 0
8.800000E+01 1.000000E+02 0
9.000000E+01 9.800000E+01 0
9.200000E+01 9.800000E+01 0
9.000000E+01 1.000000E+02 0
9.200000E+01 1.000000E+02 0
9.400000E+01 9.800000E+01 0
9.600000E+01 9.800000E+01 0
9.400000E+01 1.000000E+02 0
9.600000E+01 1.000000E+02 0
9.800000E+01 9.800000E+01 0
1.000000E+02 9.800000E+01 0
9.800000E+01 1.000000E+02 0
1.000000E+02 1.000000E+02 0
1.000000E+00 4.800000E+01 0
1.000000E+00 4.900000E+01 0
0.000000E+00 4.900000E+01 0
2.000000E+00 4.900000E+01 0
3.000000E+00 4.800000E+01 0
3.000000E+00 4.900000E+01 0
4.000000E+00 4.900000E+01 0
0.000000E+00 5.100000E+01 0
1.000000E+00 5.100000E+01 0
1.000000E+00 5.200000E+01 0
2.000000E+00 5.100000E+01 0
3.000000E+00 5.100000E+01 0
3.000000E+00 5.200000E+01 0
4.000000E+00 5.100000E+01 0
5.000000E+00 4.800000E+01 0
5.000000E+00 4.900000E+01 0
6.000000E+00 4.900000E+01 0
7.000000E+00 4.800000E+01 0
7.000000E+00 4.900000E+01 0
8.000000E+00 4.900000E+01 0
5.000000E+00 5.100000E+01 0
5.000000E+00 5.200000E+01 0
6.000000E+00 5.100000E+01 0
7.000000E+00 5.100000E+01 0
7.000000E+00 5.200000E+01 0
8.000000E+00 5.100000E+01 0
9.000000E+00 4.800000E+01 0
9.000000E+00 4.900000E+01 0
1.000000E+01 4.900000E+01 0
1.100000E+01 4.800000E+01 0
1.100000E+01 4.900000E+01 0
1.200000E+01 4.900000E+01 0
9.000000E+00 5.100000E+01 0
9.000000E+00 5.200000E+01 0
1.000000E+01 5.100000E+01 0
1.100000E+01 5.100000E+01 0
1.100000E+01 5.200000E+01 0
1.200000E+01 5.100000E+01 0
1.300000E+01 4.800000E+01 0
1.300000E+01 4.900000E+01 0
1.400000E+01 4.900000E+01 0
1.500000E+01 4.800000E+01 0
1.500000E+01 4.900000E+01 0
1.600000E+01 4.900000E+01 0
1.300000E+01 5.100000E+01 0
1.300000E+01 5.200000E+01 0
1.400000E+01 5.100000E+01 0
1.500000E+01 5.100000E+01 0
1.500000E+01 5.200000E+01 0
1.600000E+01 5.100000E+01 0
1.700000E+01 4.800000E+01 0
1.700000E+01 4.900000E+01 0
1.800000E+01 4.900000E+01 0
1.900000E+01 4.800000E+01 0
1.900000E+01 4.900000E+01 0
2.000000E+01 4.900000E+01 0
1.700000E+01 5.100000E+01 0
1.700000E+01 5.200000E+01 0
1.800000E+01 5.100000E+01 0
1.900000E+01 5.100000E+01 0
1.900000E+01 5.200000E+01 0
2.000000E+01 5.100000E+01 0
2.100000E+01 4.800000E+01 0
2.100000E+01 4.900000E+01 0
2.200000E+01 4.900000E+01 0
2.300000E+01 4.800000E+01 0
2.300000E+01 4.900000E+01 0
2.400000E+01 4.900000E+01 0
2.100000E+01 5.100000E+01 0
2.100000E+01 5.200000E+01 0
2.200000E+01 5.100000E+01 0
2.300000E+01 5.100000E+01 0
2.300000E+01 5.200000E+01 0
2.400000E+01 5.100000E+01 0
2.500000E+01 4.800000E+01 0
2.500000E+01 4.900000E+01 0
2.600000E+01 4.900000E+01 0
2.700000E+01 4.800000E+01 0
2.700000E+01 4.900000E+01 0
2.800000E+01 4.900000E+01 0
2.500000E+01 5.100000E+01 0
2.500000E+01 5.200000E+01 0
2.600000E+01 5.100000E+01 0
2.700000E+01 5.100000E+01 0
2.700000E+01 5.200000E+01 0
2.800000E+01 5.100000E+01 0
2.900000E+01 4.800000E+01 0
2.900000E+01 4.900000E+01 0
3.000000E+01 4.900000E+01 0
3.100000E+01 4.800000E+01 0
3.100000E+01 4.900000E+01 0
3.200000E+01 4.900000E+01 0
2.900000E+01 5.100000E+01 0
2.900000E+01 5.200000E+01 0
3.000000E+01 5.100000E+01 0
3.100000E+01 5.100000E+01 0
3.100000E+01 5.200000E+01 0
3.200000E+01 5.100000E+01 0
3.300000E+01 4.800000E+01 0
3.300000E+01 4.900000E+01 0
3.400000E+01 4.900000E+01 0
3.500000E+01 4.800000E+01 0
3.500000E+01 4.900000E+01 0
3.600000E+01 4.900000E+01 0
3.300000E+01 5.100000E+01 0
3.300000E+01 5.200000E+01 0
3.400000E+01 5.100000E+01 0
3.500000E+01 5.100000E+01 0
3.500000E+01 5.200000E+01 0
3.600000E+01 5.100000E+01 0
3.700000E+01 4.800000E+01 0
3.700000E+01 4.900000E+01 0
3.800000E+01 4.900000E+01 0
3.900000E+01 4.800000E+01 0
3.900000E+01 4.900000E+01 0
4.000000E+01 4.900000E+01 0
3.700000E+01 5.100000E+01 0
3.700000E+01 5.200000E+01 0
3.800000E+01 5.100000E+01 0
3.900000E+01 5.100000E+01 0
3.900000E+01 5.200000E+01 0
4.000000E+01 5.100000E+01 0
4.100000E+01 4.800000E+01 0
4.100000E+01 4.900000E+01 0
4.200000E+01 4.900000E+01 0
4.100000E+01 5.000000E+01 0
4.200000E+01 5.100000E+01 0
4.100000E+01 5.100000E+01 0
4.100000E+01 5.200000E+01 0
5.000000E-01 4.900000E+01 0
5.000000E-01 4.950000E+01 0
0.000000E+00 4.950000E+01 0
1.000000E+00 4.950000E+01 0
5.000000E-01 5.000000E+01 0
0.000000E+00 5.000000E+01 0
1.000000E+00 5.000000E+01 0
1.500000E+00 4.900000E+01 0
1.500000E+00 4.950000E+01 0
2.000000E+00 4.950000E+01 0
1.500000E+00 5.000000E+01 0
2.000000E+00 5.000000E+01 0
2.500000E+00 4.900000E+01 0
2.500000E+00 4.950000E+01 0
3.000000E+00 4.950000E+01 0
2.500000E+00 5.000000E+01 0
3.000000E+00 5.000000E+01 0
3.500000E+00 4.900000E+01 0
3.500000E+00 4.950000E+01 0
4.000000E+00 4.950000E+01 0
3.500000E+00 5.000000E+01 0
4.000000E+00 5.000000E+01 0
5.000000E-01 5.050000E+01 0
0.000000E+00 5.050000E+01 0
1.000000E+00 5.050000E+01 0
5.000000E-01 5.100000E+01 0
1.500000E+00 5.050000E+01 0
2.000000E+00 5.050000E+01 0
1.500000E+00 5.100000E+01 0
2.500000E+00 5.050000E+01 0
3.000000E+00 5.050000E+01 0
2.500000E+00 5.100000E+01 0
3.500000E+00 5.050000E+01 0
4.000000E+00 5.050000E+01 0
3.500000E+00 5.100000E+01 0
4.500000E+00 4.900000E+01 0
4.500000E+00 4.950000E+01 0
5.000000E+00 4.950000E+01 0
4.500000E+00 5.000000E+01 0
5.000000E+00 5.000000E+01 0
5.500000E+00 4.900000E+01 0
5.500000E+00 4.950000E+01 0
6.000000E+00 4.950000E+01 0
5.500000E+00 5.000000E+01 0
6.000000E+00 5.000000E+01 0
6.500000E+00 4.900000E+01 0
6.500000E+00 4.950000E+01 0
7.000000E+00 4.950000E+01 0
6.500000E+00 5.000000E+01 0
7.000000E+00 5.000000E+01 0
7.500000E+00 4.900000E+01 0
7.500000E+00 4.950000E+01 0
8.000000E+00 4.950000E+01 0
7.500000E+00 5.000000E+01 0
8.000000E+00 5.000000E+01 0
4.500000E+00 5.050000E+01 0
5.000000E+00 5.050000E+01 0
4.500000E+00 5.100000E+01 0
5.500000E+00 5.050000E+01 0
6.000000E+00 5.050000E+01 0
5.500000E+00 5.100000E+01 0
6.500000E+00 5.050000E+01 0
7.000000E+00 5.050000E+01 0
6.500000E+00 5.100000E+01 0
7.500000E+00 5.050000E+01 0
8.000000E+00 5.050000E+01 0
7.500000E+00 5.100000E+01 0
8.500000E+00 4.900000E+01 0
8.500000E+00 4.950000E+01 0
9.000000E+00 4.950000E+01 0
8.500000E+00 5.000000E+01 0
9.000000E+00 5.000000E+01 0
9.500000E+00 4.900000E+01 0
9.500000E+00 4.950000E+01 0
1.000000E+01 4.950000E+01 0
9.500000E+00 5.000000E+01 0
1.000000E+01 5.000000E+01 0
1.050000E+01 4.900000E+01 0
1.050000E+01 4.950000E+01 0
1.100000E+01 4.950000E+01 0
1.050000E+01 5.000000E+01 0
1.100000E+01 5.000000E+01 0
1.150000E+01 4.900000E+01 0
1.150000E+01 4.950000E+01 0
1.200000E+01 4.950000E+01 0
1.150000E+01 5.000000E+01 0
1.200000E+01 5.000000E+01 0
8.500000E+00 5.050000E+01 0
9.000000E+00 5.050000E+01 0
8.500000E+00 5.100000E+01 0
9.500000E+00 5.050000E+01 0
1.000000E+01 5.050000E+01 0
9.500000E+00 5.100000E+01 0
1.050000E+01 5.050000E+01 0
1.100000E+01 5.050000E+01 0
1.050000E+01 5.100000E+01 0
1.150000E+01 5.050000E+01 0
1.200000E+01 5.050000E+01 0
1.150000E+01 5.100000E+01 0
1.250000E+01 4.900000E+01 0
1.250000E+01 4.950000E+01 0
1.300000E+01 4.950000E+01 0
1.250000E+01 5.000000E+01 0
1.300000E+01 5.000000E+01 0
1.350000E+01 4.900000E+01 0
1.350000E+01 4.950000E+01 0
1.400000E+01 4.950000E+01 0
1.350000E+01 5.000000E+01 0
1.400000E+01 5.000000E+01 0
1.450000E+01 4.900000E+01 0
1.450000E+01 4.950000E+01 0
1.500000E+01 4.950000E+01 0
1.450000E+01 5.000000E+01 0
1.500000E+01 5.000000E+01 0
1.550000E+01 4.900000E+01 0
1.550000E+01 4.950000E+01 0
1.600000E+01 4.950000E+01 0
1.550000E+01 5.000000E+01 0
1.600000E+01 5.000000E+01 0
1.250000E+01 5.050000E+01 0
1.300000E+01 5.050000E+01 0
1.250000E+01 5.100000E+01 0
1.350000E+01 5.050000E+01 0
1.400000E+01 5.050000E+01 0
1.350000E+01 5.100000E+01 0
1.450000E+01 5.050000E+01 0
1.500000E+01 5.050000E+01 0
1.450000E+01 5.100000E+01 0
1.550000E+01 5.050000E+01 0
1.600000E+01 5.050000E+01 0
1.550000E+01 5.100000E+01 0
1.650000E+01 4.900000E+01 0
1.650000E+01 4.950000E+01 0
1.700000E+01 4.950000E+01 0
1.650000E+01 5.000000E+01 0
1.700000E+01 5.000000E+01 0
1.750000E+01 4.900000E+01 0
1.750000E+01 4.950000E+01 0
1.800000E+01 4.950000E+01 0
1.750000E+01 5.000000E+01 0
1.800000E+01 5.000000E+01 0
1.850000E+01 4.900000E+01 0
1.850000E+01 4.950000E+01 0
1.900000E+01 4.950000E+01 0
1.850000E+01 5.000000E+01 0
1.900000E+01 5.000000E+01 0
1.950000E+01 4.900000E+01 0
1.950000E+01 4.950000E+01 0
2.000000E+01 4.950000E+01 0
1.950000E+01 5.000000E+01 0
2.000000E+01 5.000000E+01 0
1.650000E+01 5.050000E+01 0
1.700000E+01 5.050000E+01 0
1.650000E+01 5.100000E+01 0
1.750000E+01 5.050000E+01 0
1.800000E+01 5.050000E+01 0
1.750000E+01 5.100000E+01 0
1.850000E+01 5.050000E+01 0
1.900000E+01 5.050000E+01 0
1.850000E+01 5.100000E+01 0
1.950000E+01 5.050000E+01 0
2.000000E+01 5.050000E+01 0
1.950000E+01 5.100000E+01 0
2.050000E+01 4.900000E+01 0
2.050000E+01 4.950000E+01 0
2.100000E+01 4.950000E+01 0
2.050000E+01 5.000000E+01 0
2.100000E+01 5.000000E+01 0
2.150000E+01 4.900000E+01 0
2.150000E+01 4.950000E+01 0
2.200000E+01 4.950000E+01 0
2.150000E+01 5.000000E+01 0
2.200000E+01 5.000000E+01 0
2.250000E+01 4.900000E+01 0
2.250000E+01 4.950000E+01 0
2.300000E+01 4.950000E+01 0
2.250000E+01 5.000000E+01 0
2.300000E+01 5.000000E+01 0
2.350000E+01 4.900000E+01 0
2.350000E+01 4.950000E+01 0
2.400000E+01 4.950000E+01 0
2.350000E+01 5.000000E+01 0
2.400000E+01 5.000000E+01 0
2.050000E+01 5.050000E+01 0
2.100000E+01 5.050000E+01 0
2.050000E+01 5.100000E+01 0
2.150000E+01 5.050000E+01 0
2.200000E+01 5.050000E+01 0
2.150000E+01 5.100000E+01 0
2.250000E+01 5.050000E+01 0
2.300000E+01 5.050000E+01 0
2.250000E+01 5.100000E+01 0
2.350000E+01 5.050000E+01 0
2.400000E+01 5.050000E+01 0
2.350000E+01 5.100000E+01 0
2.450000E+01 4.900000E+01 0
2.450000E+01 4.950000E+01 0
2.500000E+01 4.950000E+01 0
2.450000E+01 5.000000E+01 0
2.500000E+01 5.000000E+01 0
2.550000E+01 4.900000E+01 0
2.550000E+01 4.950000E+01 0
2.600000E+01 4.950000E+01 0
2.550000E+01 5.000000E+01 0
2.600000E+01 5.000000E+01 0
2.650000E+01 4.900000E+01 0
2.650000E+01 4.950000E+01 0
2.700000E+01 4.950000E+01 0
2.650000E+01 5.000000E+01 0
2.700000E+01 5.000000E+01 0
2.750000E+01 4.900000E+01 0
2.750000E+01 4.950000E+01 0
2.800000E+01 4.950000E+01 0
2.750000E+01 5.000000E+01 0
2.800000E+01 5.000000E+01 0
2.450000E+01 5.050000E+01 0
2.500000E+01 5.050000E+01 0
2.450000E+01 5.100000E+01 0
2.550000E+01 5.050000E+01 0
2.600000E+01 5.050000E+01 0
2.550000E+01 5.100000E+01 0
2.650000E+01 5.050000E+01 0
2.700000E+01 5.050000E+01 0
2.650000E+01 5.100000E+01 0
2.750000E+01 5.050000E+01 0
2.800000E+01 5.050000E+01 0
2.750000E+01 5.100000E+01 0
2.850000E+01 4.900000E+01 0
2.850000E+01 4.950000E+01 0
2.900000E+01 4.950000E+01 0
2.850000E+01 5.000000E+01 0
2.900000E+01 5.000000E+01 0
2.950000E+01 4.900000E+01 0
2.950000E+01 4.950000E+01 0
3.000000E+01 4.950000E+01 0
2.950000E+01 5.000000E+01 0
3.000000E+01 5.000000E+01 0
3.050000E+01 4.900000E+01 0
3.050000E+01 4.950000E+01 0
3.100000E+01 4.950000E+01 0
3.050000E+01 5.000000E+01 0
3.100000E+01 5.000000E+01 0
3.150000E+01 4.900000E+01 0
3.150000E+01 4.950000E+01 0
3.200000E+01 4.950000E+01 0
3.150000E+01 5.000000E+01 0
3.200000E+01 5.000000E+01 0
2.850000E+01 5.050000E+01 0
2.900000E+01 5.050000E+01 0
2.850000E+01 5.100000E+01 0
2.950000E+01 5.050000E+01 0
3.000000E+01 5.050000E+01 0
2.950000E+01 5.100000E+01 0
3.050000E+01 5.050000E+01 0
3.100000E+01 5.050000E+01 0
3.050000E+01 5.100000E+01 0
3.150000E+01 5.050000E+01 0
3.200000E+01 5.050000E+01 0
3.150000E+01 5.100000E+01 0
3.250000E+01 4.900000E+01 0
3.250000E+01 4.950000E+01 0
3.300000E+01 4.950000E+01 0
3.250000E+01 5.000000E+01 0
3.300000E+01 5.000000E+01 0
3.350000E+01 4.900000E+01 0
3.350000E+01 4.950000E+01 0
3.400000E+01 4.950000E+01 0
3.350000E+01 5.000000E+01 0
3.400000E+01 5.000000E+01 0
3.450000E+01 4.900000E+01 0
3.450000E+01 4.950000E+01 0
3.500000E+01 4.950000E+01 0
3.450000E+01 5.000000E+01 0
3.500000E+01 5.000000E+01 0
3.550000E+01 4.900000E+01 0
3.550000E+01 4.950000E+01 0
3.600000E+01 4.950000E+01 0
3.550000E+01 5.000000E+01 0
3.600000E+01 5.000000E+01 0
3.250000E+01 5.050000E+01 0
3.300000E+01 5.050000E+01 0
3.250000E+01 5.100000E+01 0
3.350000E+01 5.050000E+01 0
3.400000E+01 5.050000E+01 0
3.350000E+01 5.100000E+01 0
3.450000E+01 5.050000E+01 0
3.500000E+01 5.050000E+01 0
3.450000E+01 5.100000E+01 0
3.550000E+01 5.050000E+01 0
3.600000E+01 5.050000E+01 0
3.550000E+01 5.100000E+01 0
3.650000E+01 4.900000E+01 0
3.650000E+01 4.950000E+01 0
3.700000E+01 4.950000E+01 0
3.650000E+01 5.000000E+01 0
3.700000E+01 5.000000E+01 0
3.750000E+01 4.900000E+01 0
3.750000E+01 4.950000E+01 0
3.800000E+01 4.950000E+01 0
3.750000E+01 5.000000E+01 0
3.800000E+01 5.000000E+01 0
3.850000E+01 4.900000E+01 0
3.850000E+01 4.950000E+01 0
3.900000E+01 4.950000E+01 0
3.850000E+01 5.000000E+01 0
3.900000E+01 5.000000E+01 0
3.950000E+01 4.900000E+01 0
3.950000E+01 4.950000E+01 0
4.000000E+01 4.950000E+01 0
3.950000E+01 5.000000E+01 0
4.000000E+01 5.000000E+01 0
3.650000E+01 5.050000E+01 0
3.700000E+01 5.050000E+01 0
3.650000E+01 5.100000E+01 0
3.750000E+01 5.050000E+01 0
3.800000E+01 5.050000E+01 0
3.750000E+01 5.100000E+01 0
3.850000E+01 5.050000E+01 0
3.900000E+01 5.050000E+01 0
3.850000E+01 5.100000E+01 0
3.950000E+01 5.050000E+01 0
4.000000E+01 5.050000E+01 0
3.950000E+01 5.100000E+01 0
4.050000E+01 4.900000E+01 0
4.050000E+01 4.950000E+01 0
4.100000E+01 4.950000E+01 0
4.050000E+01 5.000000E+01 0
4.050000E+01 5.050000E+01 0
4.100000E+01 5.050000E+01 0
4.050000E+01 5.100000E+01 0
</DataArray>
</Points>
<Cells>
<DataArray type="Int32" Name="connectivity" NumberOfComponents="1" format="ascii">
0 1 2 3
1 4 5 2
3 2 6 7
2 5 8 6
4 9 10 5
9 11 12 10
5 10 13 8
10 12 14 13
11 15 16 12
15 17 18 16
12 16 19 14
16 18 20 19
17 21 22 18
21 23 24 22
18 22 25 20
22 24 26 25
23 27 28 24
27 29 30 28
24 28 31 26
28 30 32 31
29 33 34 30
33 35 36 34
30 34 37 32
34 36 38 37
35 39 40 36
39 41 42 40
36 40 43 38
40 42 44 43
41 45 46 42
45 47 48 46
42 46 49 44
46 48 50 49
47 51 52 48
51 53 54 52
48 52 55 50
52 54 56 55
53 57 58 54
57 59 60 58
54 58 61 56
58 60 62 61
59 63 64 60
63 65 66 64
60 64 67 62
64 66 68 67
65 69 70 66
69 71 72 70
66 70 73 68
70 72 74 73
71 75 76 72
75 77 78 76
72 76 79 74
76 78 80 79
77 81 82 78
81 83 84 82
78 82 85 80
82 84 86 85
83 87 88 84
87 89 90 88
84 88 91 86
88 90 92 91
89 93 94 90
93 95 96 94
90 94 97 92
94 96 98 97
95 99 100 96
99 101 102 100
96 100 103 98
100 102 104 103
101 105 106 102
105 107 108 106
102 106 109 104
106 108 110 109
107 111 112 108
111 113 114 112
108 112 115 110
112 114 116 115
113 117 118 114
117 119 120 118
114 118 121 116
118 120 122 121
119 123 124 120
123 125 126 124
120 124 127 122
124 126 128 127
125 129 130 126
129 131 132 130
126 130 133 128
130 132 134 133
131 135 136 132
135 137 138 136
132 136 139 134
136 138 140 139
137 141 142 138
141 143 144 142
138 142 145 140
142 144 146 145
143 147 148 144
147 149 150 148
144 148 151 146
148 150 152 151
7 6 153 154
6 8 155 153
154 153 156 157
153 155 158 156
8 13 159 155
13 14 160 159
155 159 161 158
159 160 162 161
14 19 163 160
19 20 164 163
160 163 165 162
163 164 166 165
20 25 167 164
25 26 168 167
164 167 169 166
167 168 170 169
26 31 171 168
31 32 172 171
168 171 173 170
171 172 174 173
32 37 175 172
37 38 176 175
172 175 177 174
175 176 178 177
38 43 179 176
43 44 180 179
176 179 181 178
179 180 182 181
44 49 183 180
49 50 184 183
180 183 185 182
183 184 186 185
50 55 187 184
55 56 188 187
184 187 189 186
187 188 190 189
56 61 191 188
61 62 192 191
188 191 193 190
191 192 194 193
62 67 195 192
67 68 196 195
192 195 197 194
195 196 198 197
68 73 199 196
73 74 200 199
196 199 201 198
199 200 202 201
74 79 203 200
79 80 204 203
200 203 205 202
203 204 206 205
80 85 207 204
85 86 208 207
204 207 209 206
207 208 210 209
86 91 211 208
91 92 212 211
208 211 213 210
211 212 214 213
92 97 215 212
97 98 216 215
212 215 217 214
215 216 218 217
98 103 219 216
103 104 220 219
216 219 221 218
219 220 222 221
104 109 223 220
109 110 224 223
220 223 225 222
223 224 226 225
110 115 227 224
115 116 228 227
224 227 229 226
227 228 230 229
116 121 231 228
121 122 232 231
228 231 233 230
231 232 234 233
122 127 235 232
127 128 236 235
232 235 237 234
235 236 238 237
128 133 239 236
133 134 240 239
236 239 241 238
239 240 242 241
134 139 243 240
139 140 244 243
240 243 245 242
243 244 246 245
140 145 247 244
145 146 248 247
244 247 249 246
247 248 250 249
146 151 251 248
151 152 252 251
248 251 253 250
251 252 254 253
157 156 255 256
156 158 257 255
256 255 258 259
255 257 260 258
158 161 261 257
161 162 262 261
257 261 263 260
261 262 264 263
162 165 265 262
165 166 266 265
262 265 267 264
265 266 268 267
166 169 269 266
169 170 270 269
266 269 271 268
269 270 272 271
170 173 273 270
173 174 274 273
270 273 275 272
273 274 276 275
174 177 277 274
177 178 278 277
274 277 279 276
277 278 280 279
178 181 281 278
181 182 282 281
278 281 283 280
281 282 284 283
182 185 285 282
185 186 286 285
282 285 287 284
285 286 288 287
186 189 289 286
189 190 290 289
286 289 291 288
289 290 292 291
190 193 293 290
193 194 294 293
290 293 295 292
293 294 296 295
194 197 297 294
197 198 298 297
294 297 299 296
297 298 300 299
198 201 301 298
201 202 302 301
298 301 303 300
301 302 304 303
202 205 305 302
205 206 306 305
302 305 307 304
305 306 308 307
206 209 309 306
209 210 310 309
306 309 311 308
309 310 312 311
210 213 313 310
213 214 314 313
310 313 315 312
313 314 316 315
214 217 317 314
217 218 318 317
314 317 319 316
317 318 320 319
218 221 321 318
221 222 322 321
318 321 323 320
321 322 324 323
222 225 325 322
225 226 326 325
322 325 327 324
325 326 328 327
226 229 329 326
229 230 330 329
326 329 331 328
329 330 332 331
230 233 333 330
233 234 334 333
330 333 335 332
333 334 336 335
234 237 337 334
237 238 338 337
334 337 339 336
337 338 340 339
238 241 341 338
241 242 342 341
338 341 343 340
341 342 344 343
242 245 345 342
245 246 346 345
342 345 347 344
345 346 348 347
246 249 349 346
249 250 350 349
346 349 351 348
349 350 352 351
250 253 353 350
253 254 354 353
350 353 355 352
353 354 356 355
259 258 357 358
258 260 359 357
358 357 360 361
357 359 362 360
260 263 363 359
263 264 364 363
359 363 365 362
363 364 366 365
264 267 367 364
267 268 368 367
364 367 369 366
367 368 370 369
268 271 371 368
271 272 372 371
368 371 373 370
371 372 374 373
272 275 375 372
275 276 376 375
372 375 377 374
375 376 378 377
276 279 379 376
279 280 380 379
376 379 381 378
379 380 382 381
280 283 383 380
283 284 384 383
380 383 385 382
383 384 386 385
284 287 387 384
287 288 388 387
384 387 389 386
387 388 390 389
288 291 391 388
291 292 392 391
388 391 393 390
391 392 394 393
292 295 395 392
295 296 396 395
392 395 397 394
395 396 398 397
296 299 399 396
299 300 400 399
396 399 401 398
399 400 402 401
300 303 403 400
303 304 404 403
400 403 405 402
403 404 406 405
304 307 407 404
307 308 408 407
404 407 409 406
407 408 410 409
308 311 411 408
311 312 412 411
408 411 413 410
411 412 414 413
312 315 415 412
315 316 416 415
412 415 417 414
415 416 418 417
316 319 419 416
319 320 420 419
416 419 421 418
419 420 422 421
320 323 423 420
323 324 424 423
420 423 425 422
423 424 426 425
324 327 427 424
327 328 428 427
424 427 429 426
427 428 430 429
328 331 431 428
331 332 432 431
428 431 433 430
431 432 434 433
332 335 435 432
335 336 436 435
432 435 437 434
435 436 438 437
336 339 439 436
339 340 440 439
436 439 441 438
439 440 442 441
340 343 443 440
343 344 444 443
440 443 445 442
443 444 446 445
344 347 447 444
347 348 448 447
444 447 449 446
447 448 450 449
348 351 451 448
351 352 452 451
448 451 453 450
451 452 454 453
352 355 455 452
355 356 456 455
452 455 457 454
455 456 458 457
361 360 459 460
360 362 461 459
460 459 462 463
459 461 464 462
362 365 465 461
365 366 466 465
461 465 467 464
465 466 468 467
366 369 469 466
369 370 470 469
466 469 471 468
469 470 472 471
370 373 473 470
373 374 474 473
470 473 475 472
473 474 476 475
374 377 477 474
377 378 478 477
474 477 479 476
477 478 480 479
378 381 481 478
381 382 482 481
478 481 483 480
481 482 484 483
382 385 485 482
385 386 486 485
482 485 487 484
485 486 488 487
386 389 489 486
389 390 490 489
486 489 491 488
489 490 492 491
390 393 493 490
393 394 494 493
490 493 495 492
493 494 496 495
394 397 497 494
397 398 498 497
494 497 499 496
497 498 500 499
398 401 501 498
401 402 502 501
498 501 503 500
501 502 504 503
402 405 505 502
405 406 506 505
502 505 507 504
505 506 508 507
406 409 509 506
409 410 510 509
506 509 511 508
509 510 512 511
410 413 513 510
413 414 514 513
510 513 515 512
513 514 516 515
414 417 517 514
417 418 518 517
514 517 519 516
517 518 520 519
418 421 521 518
421 422 522 521
518 521 523 520
521 522 524 523
422 425 525 522
425 426 526 525
522 525 527 524
525 526 528 527
426 429 529 526
429 430 530 529
526 529 531 528
529 530 532 531
430 433 533 530
433 434 534 533
530 533 535 532
533 534 536 535
434 437 537 534
437 438 538 537
534 537 539 536
537 538 540 539
438 441 541 538
441 442 542 541
538 541 543 540
541 542 544 543
442 445 545 542
445 446 546 545
542 545 547 544
545 546 548 547
446 449 549 546
449 450 550 549
546 549 551 548
549 550 552 551
450 453 553 550
453 454 554 553
550 553 555 552
553 554 556 555
454 457 557 554
457 458 558 557
554 557 559 556
557 558 560 559
463 462 561 562
462 464 563 561
562 561 564 565
561 563 566 564
464 467 567 563
467 468 568 567
563 567 569 566
567 568 570 569
468 471 571 568
471 472 572 571
568 571 573 570
571 572 574 573
472 475 575 572
475 476 576 575
572 575 577 574
575 576 578 577
476 479 579 576
479 480 580 579
576 579 581 578
579 580 582 581
480 483 583 580
483 484 584 583
580 583 585 582
583 584 586 585
484 487 587 584
487 488 588 587
584 587 589 586
587 588 590 589
488 491 591 588
491 492 592 591
588 591 593 590
591 592 594 593
492 495 595 592
495 496 596 595
592 595 597 594
595 596 598 597
496 499 599 596
499 500 600 599
596 599 601 598
599 600 602 601
500 503 603 600
503 504 604 603
600 603 605 602
603 604 606 605
504 507 607 604
507 508 608 607
604 607 609 606
607 608 610 609
508 511 611 608
511 512 612 611
608 611 613 610
611 612 614 613
512 515 615 612
515 516 616 615
612 615 617 614
615 616 618 617
516 519 619 616
519 520 620 619
616 619 621 618
619 620 622 621
520 523 623 620
523 524 624 623
620 623 625 622
623 624 626 625
524 527 627 624
527 528 628 627
624 627 629 626
627 628 630 629
528 531 631 628
531 532 632 631
628 631 633 630
631 632 634 633
532 535 635 632
535 536 636 635
632 635 637 634
635 636 638 637
536 539 639 636
539 540 640 639
636 639 641 638
639 640 642 641
540 543 643 640
543 544 644 643
640 643 645 642
643 644 646 645
544 547 647 644
547 548 648 647
644 647 649 646
647 648 650 649
548 551 651 648
551 552 652 651
648 651 653 650
651 652 654 653
552 555 655 652
555 556 656 655
652 655 657 654
655 656 658 657
556 559 659 656
559 560 660 659
656 659 661 658
659 660 662 661
565 564 663 664
564 566 665 663
664 663 666 667
663 665 668 666
566 569 669 665
569 570 670 669
665 669 671 668
669 670 672 671
570 573 673 670
573 574 674 673
670 673 675 672
673 674 676 675
574 577 677 674
577 578 678 677
674 677 679 676
677 678 680 679
578 581 681 678
581 582 682 681
678 681 683 680
681 682 684 683
582 585 685 682
585 586 686 685
682 685 687 684
685 686 688 687
586 589 689 686
589 590 690 689
686 689 691 688
689 690 692 691
590 593 693 690
593 594 694 693
690 693 695 692
693 694 696 695
594 597 697 694
597 598 698 697
694 697 699 696
697 698 700 699
598 601 701 698
601 602 702 701
698 701 703 700
701 702 704 703
602 605 705 702
605 606 706 705
702 705 707 704
705 706 708 707
606 609 709 706
609 610 710 709
706 709 711 708
709 710 712 711
610 613 713 710
613 614 714 713
710 713 715 712
713 714 716 715
614 617 717 714
617 618 718 717
714 717 719 716
717 718 720 719
618 621 721 718
621 622 722 721
718 721 723 720
721 722 724 723
622 625 725 722
625 626 726 725
722 725 727 724
725 726 728 727
626 629 729 726
629 630 730 729
726 729 731 728
729 730 732 731
630 633 733 730
633 634 734 733
730 733 735 732
733 734 736 735
634 637 737 734
637 638 738 737
734 737 739 736
737 738 740 739
638 641 741 738
641 642 742 741
738 741 743 740
741 742 744 743
642 645 745 742
645 646 746 745
742 745 747 744
745 746 748 747
646 649 749 746
649 650 750 749
746 749 751 748
749 750 752 751
650 653 753 750
653 654 754 753
750 753 755 752
753 754 756 755
654 657 757 754
657 658 758 757
754 757 759 756
757 758 760 759
658 661 761 758
661 662 762 761
758 761 763 760
761 762 764 763
667 666 765 766
666 668 767 765
766 765 768 769
765 767 770 768
668 671 771 767
671 672 772 771
767 771 773 770
771 772 774 773
672 675 775 772
675 676 776 775
772 775 777 774
775 776 778 777
676 679 779 776
679 680 780 779
776 779 781 778
779 780 782 781
680 683 783 780
683 684 784 783
780 783 785 782
783 784 786 785
684 687 787 784
687 688 788 787
784 787 789 786
787 788 790 789
688 691 791 788
691 692 792 791
788 791 793 790
791 792 794 793
692 695 795 792
695 696 796 795
792 795 797 794
795 796 798 797
696 699 799 796
699 700 800 799
796 799 801 798
799 800 802 801
700 703 803 800
703 704 804 803
800 803 805 802
803 804 806 805
704 707 807 804
707 708 808 807
804 807 809 806
807 808 810 809
708 711 811 808
711 712 812 811
808 811 813 810
811 812 814 813
712 715 815 812
715 716 816 815
812 815 817 814
815 816 818 817
716 719 819 816
719 720 820 819
816 819 821 818
819 820 822 821
720 723 823 820
723 724 824 823
820 823 825 822
823 824 826 825
724 727 827 824
727 728 828 827
824 827 829 826
827 828 830 829
728 731 831 828
731 732 832 831
828 831 833 830
831 832 834 833
732 735 835 832
735 736 836 835
832 835 837 834
835 836 838 837
736 739 839 836
739 740 840 839
836 839 841 838
839 840 842 841
740 743 843 840
743 744 844 843
840 843 845 842
843 844 846 845
744 747 847 844
747 748 848 847
844 847 849 846
847 848 850 849
748 751 851 848
751 752 852 851
848 851 853 850
851 852 854 853
752 755 855 852
755 756 856 855
852 855 857 854
855 856 858 857
756 759 859 856
759 760 860 859
856 859 861 858
859 860 862 861
760 763 863 860
763 764 864 863
860 863 865 862
863 864 866 865
769 768 867 868
768 770 869 867
868 867 870 871
867 869 872 870
770 773 873 869
773 774 874 873
869 873 875 872
873 874 876 875
774 777 877 874
777 778 878 877
874 877 879 876
877 878 880 879
778 781 881 878
781 782 882 881
878 881 883 880
881 882 884 883
782 785 885 882
785 786 886 885
882 885 887 884
885 886 888 887
786 789 889 886
789 790 890 889
886 889 891 888
889 890 892 891
790 793 893 890
793 794 894 893
890 893 895 892
893 894 896 895
794 797 897 894
797 798 898 897
894 897 899 896
897 898 900 899
798 801 901 898
801 802 902 901
898 901 903 900
901 902 904 903
802 805 905 902
805 806 906 905
902 905 907 904
905 906 908 907
806 809 909 906
809 810 910 909
906 909 911 908
909 910 912 911
810 813 913 910
813 814 914 913
910 913 915 912
913 914 916 915
814 817 917 914
817 818 918 917
914 917 919 916
917 918 920 919
818 821 921 918
821 822 922 921
918 921 923 920
921 922 924 923
822 825 925 922
825 826 926 925
922 925 927 924
925 926 928 927
826 829 929 926
829 830 930 929
926 929 931 928
929 930 932 931
830 833 933 930
833 834 934 933
930 933 935 932
933 934 936 935
834 837 937 934
837 838 938 937
934 937 939 936
937 938 940 939
838 841 941 938
841 842 942 941
938 941 943 940
941 942 944 943
842 845 945 942
845 846 946 945
942 945 947 944
945 946 948 947
846 849 949 946
849 850 950 949
946 949 951 948
949 950 952 951
850 853 953 950
853 854 954 953
950 953 955 952
953 954 956 955
854 857 957 954
857 858 958 957
954 957 959 956
957 958 960 959
858 861 961 958
861 862 962 961
958 961 963 960
961 962 964 963
862 865 965 962
865 866 966 965
962 965 967 964
965 966 968 967
871 870 969 970
870 872 971 969
970 969 972 973
969 971 974 972
872 875 975 971
875 876 976 975
971 975 977 974
975 976 978 977
876 879 979 976
879 880 980 979
976 979 981 978
979 980 982 981
880 883 983 980
883 884 984 983
980 983 985 982
983 984 986 985
884 887 987 984
887 888 988 987
984 987 989 986
987 988 990 989
888 891 991 988
891 892 992 991
988 991 993 990
991 992 994 993
892 895 995 992
895 896 996 995
992 995 997 994
995 996 998 997
896 899 999 996
899 900 1000 999
996 999 1001 998
999 1000 1002 1001
900 903 1003 1000
903 904 1004 1003
1000 1003 1005 1002
1003 1004 1006 1005
904 907 1007 1004
907 908 1008 1007
1004 1007 1009 1006
1007 1008 1010 1009
908 911 1011 1008
911 912 1012 1011
1008 1011 1013 1010
1011 1012 1014 1013
912 915 1015 1012
915 916 1016 1015
1012 1015 1017 1014
1015 1016 1018 1017
916 919 1019 1016
919 920 1020 1019
1016 1019 1021 1018
1019 1020 1022 1021
920 923 1023 1020
923 924 1024 1023
1020 1023 1025 1022
1023 1024 1026 1025
924 927 1027 1024
927 928 1028 1027
1024 1027 1029 1026
1027 1028 1030 1029
928 931 1031 1028
931 932 1032 1031
1028 1031 1033 1030
1031 1032 1034 1033
932 935 1035 1032
935 936 1036 1035
1032 1035 1037 1034
1035 1036 1038 1037
936 939 1039 1036
939 940 1040 1039
1036 1039 1041 1038
1039 1040 1042 1041
940 943 1043 1040
943 944 1044 1043
1040 1043 1045 1042
1043 1044 1046 1045
944 947 1047 1044
947 948 1048 1047
1044 1047 1049 1046
1047 1048 1050 1049
948 951 1051 1048
951 952 1052 1051
1048 1051 1053 1050
1051 1052 1054 1053
952 955 1055 1052
955 956 1056 1055
1052 1055 1057 1054
1055 1056 1058 1057
956 959 1059 1056
959 960 1060 1059
1056 1059 1061 1058
1059 1060 1062 1061
960 963 1063 1060
963 964 1064 1063
1060 1063 1065 1062
1063 1064 1066 1065
964 967 1067 1064
967 968 1068 1067
1064 1067 1069 1066
1067 1068 1070 1069
973 972 1071 1072
972 974 1073 1071
1072 1071 1074 1075
1071 1073 1076 1074
974 977 1077 1073
977 978 1078 1077
1073 1077 1079 1076
1077 1078 1080 1079
978 981 1081 1078
981 982 1082 1081
1078 1081 1083 1080
1081 1082 1084 1083
982 985 1085 1082
985 986 1086 1085
1082 1085 1087 1084
1085 1086 1088 1087
986 989 1089 1086
989 990 1090 1089
1086 1089 1091 1088
1089 1090 1092 1091
990 993 1093 1090
993 994 1094 1093
1090 1093 1095 1092
1093 1094 1096 1095
994 997 1097 1094
997 998 1098 1097
1094 1097 1099 1096
1097 1098 1100 1099
998 1001 1101 1098
1001 1002 1102 1101
1098 1101 1103 1100
1101 1102 1104 1103
1002 1005 1105 1102
1005 1006 1106 1105
1102 1105 1107 1104
1105 1106 1108 1107
1006 1009 1109 1106
1009 1010 1110 1109
1106 1109 1111 1108
1109 1110 1112 1111
1010 1013 1113 1110
1013 1014 1114 1113
1110 1113 1115 1112
1113 1114 1116 1115
1014 1017 1117 1114
1017 1018 1118 1117
1114 1117 1119 1116
1117 1118 1120 1119
1018 1021 1121 1118
1021 1022 1122 1121
1118 1121 1123 1120
1121 1122 1124 1123
1022 1025 1125 1122
1025 1026 1126 1125
1122 1125 1127 1124
1125 1126 1128 1127
1026 1029 1129 1126
1029 1030 1130 1129
1126 1129 1131 1128
1129 1130 1132 1131
1030 1033 1133 1130
1033 1034 1134 1133
1130 1133 1135 1132
1133 1134 1136 1135
1034 1037 1137 1134
1037 1038 1138 1137
1134 1137 1139 1136
1137 1138 1140 1139
1038 1041 1141 1138
1041 1042 1142 1141
1138 1141 1143 1140
1141 1142 1144 1143
1042 1045 1145 1142
1045 1046 1146 1145
1142 1145 1147 1144
1145 1146 1148 1147
1046 1049 1149 1146
1049 1050 1150 1149
1146 1149 1151 1148
1149 1150 1152 1151
1050 1053 1153 1150
1053 1054 1154 1153
1150 1153 1155 1152
1153 1154 1156 1155
1054 1057 1157 1154
1057 1058 1158 1157
1154 1157 1159 1156
1157 1158 1160 1159
1058 1061 1161 1158
1061 1062 1162 1161
1158 1161 1163 1160
1161 1162 1164 1163
1062 1065 1165 1162
1065 1066 1166 1165
1162 1165 1167 1164
1165 1166 1168 1167
1066 1069 1169 1166
1069 1070 1170 1169
1166 1169 1171 1168
1169 1170 1172 1171
1075 1074 1173 1174
1074 1076 1175 1173
1174 1173 1176 1177
1173 1175 1178 1176
1076 1079 1179 1175
1079 1080 1180 1179
1175 1179 1181 1178
1179 1180 1182 1181
1080 1083 1183 1180
1083 1084 1184 1183
1180 1183 1185 1182
1183 1184 1186 1185
1084 1087 1187 1184
1087 1088 1188 1187
1184 1187 1189 1186
1187 1188 1190 1189
1088 1091 1191 1188
1091 1092 1192 1191
1188 1191 1193 1190
1191 1192 1194 1193
1092 1095 1195 1192
1095 1096 1196 1195
1192 1195 1197 1194
1195 1196 1198 1197
1096 1099 1199 1196
1099 1100 1200 1199
1196 1199 1201 1198
1199 1200 1202 1201
1100 1103 1203 1200
1103 1104 1204 1203
1200 1203 1205 1202
1203 1204 1206 1205
1104 1107 1207 1204
1107 1108 1208 1207
1204 1207 1209 1206
1207 1208 1210 1209
1108 1111 1211 1208
1111 1112 1212 1211
1208 1211 1213 1210
1211 1212 1214 1213
1112 1115 1215 1212
1115 1116 1216 1215
1212 1215 1217 1214
1215 1216 1218 1217
1116 1119 1219 1216
1119 1120 1220 1219
1216 1219 1221 1218
1219 1220 1222 1221
1120 1123 1223 1220
1123 1124 1224 1223
1220 1223 1225 1222
1223 1224 1226 1225
1124 1127 1227 1224
1127 1128 1228 1227
1224 1227 1229 1226
1227 1228 1230 1229
1128 1131 1231 1228
1131 1132 1232 1231
1228 1231 1233 1230
1231 1232 1234 1233
1132 1135 1235 1232
1135 1136 1236 1235
1232 1235 1237 1234
1235 1236 1238 1237
1136 1139 1239 1236
1139 1140 1240 1239
1236 1239 1241 1238
1239 1240 1242 1241
1140 1143 1243 1240
1143 1144 1244 1243
1240 1243 1245 1242
1243 1244 1246 1245
1144 1147 1247 1244
1147 1148 1248 1247
1244 1247 1249 1246
1247 1248 1250 1249
1148 1151 1251 1248
1151 1152 1252 1251
1248 1251 1253 1250
1251 1252 1254 1253
1152 1155 1255 1252
1155 1156 1256 1255
1252 1255 1257 1254
1255 1256 1258 1257
1156 1159 1259 1256
1159 1160 1260 1259
1256 1259 1261 1258
1259 1260 1262 1261
1160 1163 1263 1260
1163 1164 1264 1263
1260 1263 1265 1262
1263 1264 1266 1265
1164 1167 1267 1264
1167 1168 1268 1267
1264 1267 1269 1266
1267 1268 1270 1269
1168 1171 1271 1268
1171 1172 1272 1271
1268 1271 1273 1270
1271 1272 1274 1273
1217 1218 1275 1276
1276 1275 1277 1278
1218 1221 1279 1275
1221 1222 1280 1279
1275 1279 1281 1277
1279 1280 1282 1281
1222 1225 1283 1280
1225 1226 1284 1283
1280 1283 1285 1282
1283 1284 1286 1285
1226 1229 1287 1284
1229 1230 1288 1287
1284 1287 1289 1286
1287 1288 1290 1289
1230 1233 1291 1288
1233 1234 1292 1291
1288 1291 1293 1290
1291 1292 1294 1293
1234 1237 1295 1292
1237 1238 1296 1295
1292 1295 1297 1294
1295 1296 1298 1297
1238 1241 1299 1296
1241 1242 1300 1299
1296 1299 1301 1298
1299 1300 1302 1301
1242 1245 1303 1300
1245 1246 1304 1303
1300 1303 1305 1302
1303 1304 1306 1305
1246 1249 1307 1304
1249 1250 1308 1307
1304 1307 1309 1306
1307 1308 1310 1309
1250 1253 1311 1308
1253 1254 1312 1311
1308 1311 1313 1310
1311 1312 1314 1313
1254 1257 1315 1312
1257 1258 1316 1315
1312 1315 1317 1314
1315 1316 1318 1317
1258 1261 1319 1316
1261 1262 1320 1319
1316 1319 1321 1318
1319 1320 1322 1321
1262 1265 1323 1320
1265 1266 1324 1323
1320 1323 1325 1322
1323 1324 1326 1325
1266 1269 1327 1324
1269 1270 1328 1327
1324 1327 1329 1326
1327 1328 1330 1329
1270 1273 1331 1328
1273 1274 1332 1331
1328 1331 1333 1330
1331 1332 1334 1333
1335 1336 1337 1338
1336 1339 1340 1337
1338 1337 1341 1342
1337 1340 1343 1341
1339 1344 1345 1340
1344 1346 1347 1345
1340 1345 1348 1343
1345 1347 1349 1348
1346 1350 1351 1347
1350 1352 1353 1351
1347 1351 1354 1349
1351 1353 1355 1354
1352 1356 1357 1353
1356 1358 1359 1357
1353 1357 1360 1355
1357 1359 1361 1360
1358 1362 1363 1359
1362 1364 1365 1363
1359 1363 1366 1361
1363 1365 1367 1366
1364 1368 1369 1365
1368 1370 1371 1369
1365 1369 1372 1367
1369 1371 1373 1372
1370 1374 1375 1371
1374 1376 1377 1375
1371 1375 1378 1373
1375 1377 1379 1378
1376 1380 1381 1377
1380 1382 1383 1381
1377 1381 1384 1379
1381 1383 1385 1384
1382 1386 1387 1383
1386 1388 1389 1387
1383 1387 1390 1385
1387 1389 1391 1390
1388 1392 1393 1389
1392 1394 1395 1393
1389 1393 1396 1391
1393 1395 1397 1396
1394 1278 1398 1395
1278 1277 1399 1398
1395 1398 1400 1397
1398 1399 1401 1400
1277 1281 1402 1399
1281 1282 1403 1402
1399 1402 1404 1401
1402 1403 1405 1404
1282 1285 1406 1403
1285 1286 1407 1406
1403 1406 1408 1405
1406 1407 1409 1408
1286 1289 1410 1407
1289 1290 1411 1410
1407 1410 1412 1409
1410 1411 1413 1412
1290 1293 1414 1411
1293 1294 1415 1414
1411 1414 1416 1413
1414 1415 1417 1416
1294 1297 1418 1415
1297 1298 1419 1418
1415 1418 1420 1417
1418 1419 1421 1420
1298 1301 1422 1419
1301 1302 1423 1422
1419 1422 1424 1421
1422 1423 1425 1424
1302 1305 1426 1423
1305 1306 1427 1426
1423 1426 1428 1425
1426 1427 1429 1428
1306 1309 1430 1427
1309 1310 1431 1430
1427 1430 1432 1429
1430 1431 1433 1432
1310 1313 1434 1431
1313 1314 1435 1434
1431 1434 1436 1433
1434 1435 1437 1436
1314 1317 1438 1435
1317 1318 1439 1438
1435 1438 1440 1437
1438 1439 1441 1440
1318 1321 1442 1439
1321 1322 1443 1442
1439 1442 1444 1441
1442 1443 1445 1444
1322 1325 1446 1443
1325 1326 1447 1446
1443 1446 1448 1445
1446 1447 1449 1448
1326 1329 1450 1447
1329 1330 1451 1450
1447 1450 1452 1449
1450 1451 1453 1452
1330 1333 1454 1451
1333 1334 1455 1454
1451 1454 1456 1453
1454 1455 1457 1456
1342 1341 1458 1459
1341 1343 1460 1458
1459 1458 1461 1462
1458 1460 1463 1461
1343 1348 1464 1460
1348 1349 1465 1464
1460 1464 1466 1463
1464 1465 1467 1466
1349 1354 1468 1465
1354 1355 1469 1468
1465 1468 1470 1467
1468 1469 1471 1470
1355 1360 1472 1469
1360 1361 1473 1472
1469 1472 1474 1471
1472 1473 1475 1474
1361 1366 1476 1473
1366 1367 1477 1476
1473 1476 1478 1475
1476 1477 1479 1478
1367 1372 1480 1477
1372 1373 1481 1480
1477 1480 1482 1479
1480 1481 1483 1482
1373 1378 1484 1481
1378 1379 1485 1484
1481 1484 1486 1483
1484 1485 1487 1486
1379 1384 1488 1485
1384 1385 1489 1488
1485 1488 1490 1487
1488 1489 1491 1490
1385 1390 1492 1489
1390 1391 1493 1492
1489 1492 1494 1491
1492 1493 1495 1494
1391 1396 1496 1493
1396 1397 1497 1496
1493 1496 1498 1495
1496 1497 1499 1498
1397 1400 1500 1497
1400 1401 1501 1500
1497 1500 1502 1499
1500 1501 1503 1502
1401 1404 1504 1501
1404 1405 1505 1504
1501 1504 1506 1503
1504 1505 1507 1506
1405 1408 1508 1505
1408 1409 1509 1508
1505 1508 1510 1507
1508 1509 1511 1510
1409 1412 1512 1509
1412 1413 1513 1512
1509 1512 1514 1511
1512 1513 1515 1514
1413 1416 1516 1513
1416 1417 1517 1516
1513 1516 1518 1515
1516 1517 1519 1518
1417 1420 1520 1517
1420 1421 1521 1520
1517 1520 1522 1519
1520 1521 1523 1522
1421 1424 1524 1521
1424 1425 1525 1524
1521 1524 1526 1523
1524 1525 1527 1526
1425 1428 1528 1525
1428 1429 1529 1528
1525 1528 1530 1527
1528 1529 1531 1530
1429 1432 1532 1529
1432 1433 1533 1532
1529 1532 1534 1531
1532 1533 1535 1534
1433 1436 1536 1533
1436 1437 1537 1536
1533 1536 1538 1535
1536 1537 1539 1538
1437 1440 1540 1537
1440 1441 1541 1540
1537 1540 1542 1539
1540 1541 1543 1542
1441 1444 1544 1541
1444 1445 1545 1544
1541 1544 1546 1543
1544 1545 1547 1546
1445 1448 1548 1545
1448 1449 1549 1548
1545 1548 1550 1547
1548 1549 1551 1550
1449 1452 1552 1549
1452 1453 1553 1552
1549 1552 1554 1551
1552 1553 1555 1554
1453 1456 1556 1553
1456 1457 1557 1556
1553 1556 1558 1555
1556 1557 1559 1558
1462 1461 1560 1561
1461 1463 1562 1560
1561 1560 1563 1564
1560 1562 1565 1563
1463 1466 1566 1562
1466 1467 1567 1566
1562 1566 1568 1565
1566 1567 1569 1568
1467 1470 1570 1567
1470 1471 1571 1570
1567 1570 1572 1569
1570 1571 1573 1572
1471 1474 1574 1571
1474 1475 1575 1574
1571 1574 1576 1573
1574 1575 1577 1576
1475 1478 1578 1575
1478 1479 1579 1578
1575 1578 1580 1577
1578 1579 1581 1580
1479 1482 1582 1579
1482 1483 1583 1582
1579 1582 1584 1581
1582 1583 1585 1584
1483 1486 1586 1583
1486 1487 1587 1586
1583 1586 1588 1585
1586 1587 1589 1588
1487 1490 1590 1587
1490 1491 1591 1590
1587 1590 1592 1589
1590 1591 1593 1592
1491 1494 1594 1591
1494 1495 1595 1594
1591 1594 1596 1593
1594 1595 1597 1596
1495 1498 1598 1595
1498 1499 1599 1598
1595 1598 1600 1597
1598 1599 1601 1600
1499 1502 1602 1599
1502 1503 1603 1602
1599 1602 1604 1601
1602 1603 1605 1604
1503 1506 1606 1603
1506 1507 1607 1606
1603 1606 1608 1605
1606 1607 1609 1608
1507 1510 1610 1607
1510 1511 1611 1610
1607 1610 1612 1609
1610 1611 1613 1612
1511 1514 1614 1611
1514 1515 1615 1614
1611 1614 1616 1613
1614 1615 1617 1616
1515 1518 1618 1615
1518 1519 1619 1618
1615 1618 1620 1617
1618 1619 1621 1620
1519 1522 1622 1619
1522 1523 1623 1622
1619 1622 1624 1621
1622 1623 1625 1624
1523 1526 1626 1623
1526 1527 1627 1626
1623 1626 1628 1625
1626 1627 1629 1628
1527 1530 1630 1627
1530 1531 1631 1630
1627 1630 1632 1629
1630 1631 1633 1632
1531 1534 1634 1631
1534 1535 1635 1634
1631 1634 1636 1633
1634 1635 1637 1636
1535 1538 1638 1635
1538 1539 1639 1638
1635 1638 1640 1637
1638 1639 1641 1640
1539 1542 1642 1639
1542 1543 1643 1642
1639 1642 1644 1641
1642 1643 1645 1644
1543 1546 1646 1643
1546 1547 1647 1646
1643 1646 1648 1645
1646 1647 1649 1648
1547 1550 1650 1647
1550 1551 1651 1650
1647 1650 1652 1649
1650 1651 1653 1652
1551 1554 1654 1651
1554 1555 1655 1654
1651 1654 1656 1653
1654 1655 1657 1656
1555 1558 1658 1655
1558 1559 1659 1658
1655 1658 1660 1657
1658 1659 1661 1660
1564 1563 1662 1663
1563 1565 1664 1662
1663 1662 1665 1666
1662 1664 1667 1665
1565 1568 1668 1664
1568 1569 1669 1668
1664 1668 1670 1667
1668 1669 1671 1670
1569 1572 1672 1669
1572 1573 1673 1672
1669 1672 1674 1671
1672 1673 1675 1674
1573 1576 1676 1673
1576 1577 1677 1676
1673 1676 1678 1675
1676 1677 1679 1678
1577 1580 1680 1677
1580 1581 1681 1680
1677 1680 1682 1679
1680 1681 1683 1682
1581 1584 1684 1681
1584 1585 1685 1684
1681 1684 1686 1683
1684 1685 1687 1686
1585 1588 1688 1685
1588 1589 1689 1688
1685 1688 1690 1687
1688 1689 1691 1690
1589 1592 1692 1689
1592 1593 1693 1692
1689 1692 1694 1691
1692 1693 1695 1694
1593 1596 1696 1693
1596 1597 1697 1696
1693 1696 1698 1695
1696 1697 1699 1698
1597 1600 1700 1697
1600 1601 1701 1700
1697 1700 1702 1699
1700 1701 1703 1702
1601 1604 1704 1701
1604 1605 1705 1704
1701 1704 1706 1703
1704 1705 1707 1706
1605 1608 1708 1705
1608 1609 1709 1708
1705 1708 1710 1707
1708 1709 1711 1710
1609 1612 1712 1709
1612 1613 1713 1712
1709 1712 1714 1711
1712 1713 1715 1714
1613 1616 1716 1713
1616 1617 1717 1716
1713 1716 1718 1715
1716 1717 1719 1718
1617 1620 1720 1717
1620 1621 1721 1720
1717 1720 1722 1719
1720 1721 1723 1722
1621 1624 1724 1721
1624 1625 1725 1724
1721 1724 1726 1723
1724 1725 1727 1726
1625 1628 1728 1725
1628 1629 1729 1728
1725 1728 1730 1727
1728 1729 1731 1730
1629 1632 1732 1729
1632 1633 1733 1732
1729 1732 1734 1731
1732 1733 1735 1734
1633 1636 1736 1733
1636 1637 1737 1736
1733 1736 1738 1735
1736 1737 1739 1738
1637 1640 1740 1737
1640 1641 1741 1740
1737 1740 1742 1739
1740 1741 1743 1742
1641 1644 1744 1741
1644 1645 1745 1744
1741 1744 1746 1743
1744 1745 1747 1746
1645 1648 1748 1745
1648 1649 1749 1748
1745 1748 1750 1747
1748 1749 1751 1750
1649 1652 1752 1749
1652 1653 1753 1752
1749 1752 1754 1751
1752 1753 1755 1754
1653 1656 1756 1753
1656 1657 1757 1756
1753 1756 1758 1755
1756 1757 1759 1758
1657 1660 1760 1757
1660 1661 1761 1760
1757 1760 1762 1759
1760 1761 1763 1762
1666 1665 1764 1765
1665 1667 1766 1764
1765 1764 1767 1768
1764 1766 1769 1767
1667 1670 1770 1766
1670 1671 1771 1770
1766 1770 1772 1769
1770 1771 1773 1772
1671 1674 1774 1771
1674 1675 1775 1774
1771 1774 1776 1773
1774 1775 1777 1776
1675 1678 1778 1775
1678 1679 1779 1778
1775 1778 1780 1777
1778 1779 1781 1780
1679 1682 1782 1779
1682 1683 1783 1782
1779 1782 1784 1781
1782 1783 1785 1784
1683 1686 1786 1783
1686 1687 1787 1786
1783 1786 1788 1785
1786 1787 1789 1788
1687 1690 1790 1787
1690 1691 1791 1790
1787 1790 1792 1789
1790 1791 1793 1792
1691 1694 1794 1791
1694 1695 1795 1794
1791 1794 1796 1793
1794 1795 1797 1796
1695 1698 1798 1795
1698 1699 1799 1798
1795 1798 1800 1797
1798 1799 1801 1800
1699 1702 1802 1799
1702 1703 1803 1802
1799 1802 1804 1801
1802 1803 1805 1804
1703 1706 1806 1803
1706 1707 1807 1806
1803 1806 1808 1805
1806 1807 1809 1808
1707 1710 1810 1807
1710 1711 1811 1810
1807 1810 1812 1809
1810 1811 1813 1812
1711 1714 1814 1811
1714 1715 1815 1814
1811 1814 1816 1813
1814 1815 1817 1816
1715 1718 1818 1815
1718 1719 1819 1818
1815 1818 1820 1817
1818 1819 1821 1820
1719 1722 1822 1819
1722 1723 1823 1822
1819 1822 1824 1821
1822 1823 1825 1824
1723 1726 1826 1823
1726 1727 1827 1826
1823 1826 1828 1825
1826 1827 1829 1828
1727 1730 1830 1827
1730 1731 1831 1830
1827 1830 1832 1829
1830 1831 1833 1832
1731 1734 1834 1831
1734 1735 1835 1834
1831 1834 1836 1833
1834 1835 1837 1836
1735 1738 1838 1835
1738 1739 1839 1838
1835 1838 1840 1837
1838 1839 1841 1840
1739 1742 1842 1839
1742 1743 1843 1842
1839 1842 1844 1841
1842 1843 1845 1844
1743 1746 1846 1843
1746 1747 1847 1846
1843 1846 1848 1845
1846 1847 1849 1848
1747 1750 1850 1847
1750 1751 1851 1850
1847 1850 1852 1849
1850 1851 1853 1852
1751 1754 1854 1851
1754 1755 1855 1854
1851 1854 1856 1853
1854 1855 1857 1856
1755 1758 1858 1855
1758 1759 1859 1858
1855 1858 1860 1857
1858 1859 1861 1860
1759 1762 1862 1859
1762 1763 1863 1862
1859 1862 1864 1861
1862 1863 1865 1864
1768 1767 1866 1867
1767 1769 1868 1866
1867 1866 1869 1870
1866 1868 1871 1869
1769 1772 1872 1868
1772 1773 1873 1872
1868 1872 1874 1871
1872 1873 1875 1874
1773 1776 1876 1873
1776 1777 1877 1876
1873 1876 1878 1875
1876 1877 1879 1878
1777 1780 1880 1877
1780 1781 1881 1880
1877 1880 1882 1879
1880 1881 1883 1882
1781 1784 1884 1881
1784 1785 1885 1884
1881 1884 1886 1883
1884 1885 1887 1886
1785 1788 1888 1885
1788 1789 1889 1888
1885 1888 1890 1887
1888 1889 1891 1890
1789 1792 1892 1889
1792 1793 1893 1892
1889 1892 1894 1891
1892 1893 1895 1894
1793 1796 1896 1893
1796 1797 1897 1896
1893 1896 1898 1895
1896 1897 1899 1898
1797 1800 1900 1897
1800 1801 1901 1900
1897 1900 1902 1899
1900 1901 1903 1902
1801 1804 1904 1901
1804 1805 1905 1904
1901 1904 1906 1903
1904 1905 1907 1906
1805 1808 1908 1905
1808 1809 1909 1908
1905 1908 1910 1907
1908 1909 1911 1910
1809 1812 1912 1909
1812 1813 1913 1912
1909 1912 1914 1911
1912 1913 1915 1914
1813 1816 1916 1913
1816 1817 1917 1916
1913 1916 1918 1915
1916 1917 1919 1918
1817 1820 1920 1917
1820 1821 1921 1920
1917 1920 1922 1919
1920 1921 1923 1922
1821 1824 1924 1921
1824 1825 1925 1924
1921 1924 1926 1923
1924 1925 1927 1926
1825 1828 1928 1925
1828 1829 1929 1928
1925 1928 1930 1927
1928 1929 1931 1930
1829 1832 1932 1929
1832 1833 1933 1932
1929 1932 1934 1931
1932 1933 1935 1934
1833 1836 1936 1933
1836 1837 1937 1936
1933 1936 1938 1935
1936 1937 1939 1938
1837 1840 1940 1937
1840 1841 1941 1940
1937 1940 1942 1939
1940 1941 1943 1942
1841 1844 1944 1941
1844 1845 1945 1944
1941 1944 1946 1943
1944 1945 1947 1946
1845 1848 1948 1945
1848 1849 1949 1948
1945 1948 1950 1947
1948 1949 1951 1950
1849 1852 1952 1949
1852 1853 1953 1952
1949 1952 1954 1951
1952 1953 1955 1954
1853 1856 1956 1953
1856 1857 1957 1956
1953 1956 1958 1955
1956 1957 1959 1958
1857 1860 1960 1957
1860 1861 1961 1960
1957 1960 1962 1959
1960 1961 1963 1962
1861 1864 1964 1961
1864 1865 1965 1964
1961 1964 1966 1963
1964 1965 1967 1966
1870 1869 1968 1969
1869 1871 1970 1968
1969 1968 1971 1972
1968 1970 1973 1971
1871 1874 1974 1970
1874 1875 1975 1974
1970 1974 1976 1973
1974 1975 1977 1976
1875 1878 1978 1975
1878 1879 1979 1978
1975 1978 1980 1977
1978 1979 1981 1980
1879 1882 1982 1979
1882 1883 1983 1982
1979 1982 1984 1981
1982 1983 1985 1984
1883 1886 1986 1983
1886 1887 1987 1986
1983 1986 1988 1985
1986 1987 1989 1988
1887 1890 1990 1987
1890 1891 1991 1990
1987 1990 1992 1989
1990 1991 1993 1992
1891 1894 1994 1991
1894 1895 1995 1994
1991 1994 1996 1993
1994 1995 1997 1996
1895 1898 1998 1995
1898 1899 1999 1998
1995 1998 2000 1997
1998 1999 2001 2000
1899 1902 2002 1999
1902 1903 2003 2002
1999 2002 2004 2001
2002 2003 2005 2004
1903 1906 2006 2003
1906 1907 2007 2006
2003 2006 2008 2005
2006 2007 2009 2008
1907 1910 2010 2007
1910 1911 2011 2010
2007 2010 2012 2009
2010 2011 2013 2012
1911 1914 2014 2011
1914 1915 2015 2014
2011 2014 2016 2013
2014 2015 2017 2016
1915 1918 2018 2015
1918 1919 2019 2018
2015 2018 2020 2017
2018 2019 2021 2020
1919 1922 2022 2019
1922 1923 2023 2022
2019 2022 2024 2021
2022 2023 2025 2024
1923 1926 2026 2023
1926 1927 2027 2026
2023 2026 2028 2025
2026 2027 2029 2028
1927 1930 2030 2027
1930 1931 2031 2030
2027 2030 2032 2029
2030 2031 2033 2032
1931 1934 2034 2031
1934 1935 2035 2034
2031 2034 2036 2033
2034 2035 2037 2036
1935 1938 2038 2035
1938 1939 2039 2038
2035 2038 2040 2037
2038 2039 2041 2040
1939 1942 2042 2039
1942 1943 2043 2042
2039 2042 2044 2041
2042 2043 2045 2044
1943 1946 2046 2043
1946 1947 2047 2046
2043 2046 2048 2045
2046 2047 2049 2048
1947 1950 2050 2047
1950 1951 2051 2050
2047 2050 2052 2049
2050 2051 2053 2052
1951 1954 2054 2051
1954 1955 2055 2054
2051 2054 2056 2053
2054 2055 2057 2056
1955 1958 2058 2055
1958 1959 2059 2058
2055 2058 2060 2057
2058 2059 2061 2060
1959 1962 2062 2059
1962 1963 2063 2062
2059 2062 2064 2061
2062 2063 2065 2064
1963 1966 2066 2063
1966 1967 2067 2066
2063 2066 2068 2065
2066 2067 2069 2068
1972 1971 2070 2071
1971 1973 2072 2070
2071 2070 2073 2074
2070 2072 2075 2073
1973 1976 2076 2072
1976 1977 2077 2076
2072 2076 2078 2075
2076 2077 2079 2078
1977 1980 2080 2077
1980 1981 2081 2080
2077 2080 2082 2079
2080 2081 2083 2082
1981 1984 2084 2081
1984 1985 2085 2084
2081 2084 2086 2083
2084 2085 2087 2086
1985 1988 2088 2085
1988 1989 2089 2088
2085 2088 2090 2087
2088 2089 2091 2090
1989 1992 2092 2089
1992 1993 2093 2092
2089 2092 2094 2091
2092 2093 2095 2094
1993 1996 2096 2093
1996 1997 2097 2096
2093 2096 2098 2095
2096 2097 2099 2098
1997 2000 2100 2097
2000 2001 2101 2100
2097 2100 2102 2099
2100 2101 2103 2102
2001 2004 2104 2101
2004 2005 2105 2104
2101 2104 2106 2103
2104 2105 2107 2106
2005 2008 2108 2105
2008 2009 2109 2108
2105 2108 2110 2107
2108 2109 2111 2110
2009 2012 2112 2109
2012 2013 2113 2112
2109 2112 2114 2111
2112 2113 2115 2114
2013 2016 2116 2113
2016 2017 2117 2116
2113 2116 2118 2115
2116 2117 2119 2118
2017 2020 2120 2117
2020 2021 2121 2120
2117 2120 2122 2119
2120 2121 2123 2122
2021 2024 2124 2121
2024 2025 2125 2124
2121 2124 2126 2123
2124 2125 2127 2126
2025 2028 2128 2125
2028 2029 2129 2128
2125 2128 2130 2127
2128 2129 2131 2130
2029 2032 2132 2129
2032 2033 2133 2132
2129 2132 2134 2131
2132 2133 2135 2134
2033 2036 2136 2133
2036 2037 2137 2136
2133 2136 2138 2135
2136 2137 2139 2138
2037 2040 2140 2137
2040 2041 2141 2140
2137 2140 2142 2139
2140 2141 2143 2142
2041 2044 2144 2141
2044 2045 2145 2144
2141 2144 2146 2143
2144 2145 2147 2146
2045 2048 2148 2145
2048 2049 2149 2148
2145 2148 2150 2147
2148 2149 2151 2150
2049 2052 2152 2149
2052 2053 2153 2152
2149 2152 2154 2151
2152 2153 2155 2154
2053 2056 2156 2153
2056 2057 2157 2156
2153 2156 2158 2155
2156 2157 2159 2158
2057 2060 2160 2157
2060 2061 2161 2160
2157 2160 2162 2159
2160 2161 2163 2162
2061 2064 2164 2161
2064 2065 2165 2164
2161 2164 2166 2163
2164 2165 2167 2166
2065 2068 2168 2165
2068 2069 2169 2168
2165 2168 2170 2167
2168 2169 2171 2170
2074 2073 2172 2173
2073 2075 2174 2172
2173 2172 2175 2176
2172 2174 2177 2175
2075 2078 2178 2174
2078 2079 2179 2178
2174 2178 2180 2177
2178 2179 2181 2180
2079 2082 2182 2179
2082 2083 2183 2182
2179 2182 2184 2181
2182 2183 2185 2184
2083 2086 2186 2183
2086 2087 2187 2186
2183 2186 2188 2185
2186 2187 2189 2188
2087 2090 2190 2187
2090 2091 2191 2190
2187 2190 2192 2189
2190 2191 2193 2192
2091 2094 2194 2191
2094 2095 2195 2194
2191 2194 2196 2193
2194 2195 2197 2196
2095 2098 2198 2195
2098 2099 2199 2198
2195 2198 2200 2197
2198 2199 2201 2200
2099 2102 2202 2199
2102 2103 2203 2202
2199 2202 2204 2201
2202 2203 2205 2204
2103 2106 2206 2203
2106 2107 2207 2206
2203 2206 2208 2205
2206 2207 2209 2208
2107 2110 2210 2207
2110 2111 2211 2210
2207 2210 2212 2209
2210 2211 2213 2212
2111 2114 2214 2211
2114 2115 2215 2214
2211 2214 2216 2213
2214 2215 2217 2216
2115 2118 2218 2215
2118 2119 2219 2218
2215 2218 2220 2217
2218 2219 2221 2220
2119 2122 2222 2219
2122 2123 2223 2222
2219 2222 2224 2221
2222 2223 2225 2224
2123 2126 2226 2223
2126 2127 2227 2226
2223 2226 2228 2225
2226 2227 2229 2228
2127 2130 2230 2227
2130 2131 2231 2230
2227 2230 2232 2229
2230 2231 2233 2232
2131 2134 2234 2231
2134 2135 2235 2234
2231 2234 2236 2233
2234 2235 2237 2236
2135 2138 2238 2235
2138 2139 2239 2238
2235 2238 2240 2237
2238 2239 2241 2240
2139 2142 2242 2239
2142 2143 2243 2242
2239 2242 2244 2241
2242 2243 2245 2244
2143 2146 2246 2243
2146 2147 2247 2246
2243 2246 2248 2245
2246 2247 2249 2248
2147 2150 2250 2247
2150 2151 2251 2250
2247 2250 2252 2249
2250 2251 2253 2252
2151 2154 2254 2251
2154 2155 2255 2254
2251 2254 2256 2253
2254 2255 2257 2256
2155 2158 2258 2255
2158 2159 2259 2258
2255 2258 2260 2257
2258 2259 2261 2260
2159 2162 2262 2259
2162 2163 2263 2262
2259 2262 2264 2261
2262 2263 2265 2264
2163 2166 2266 2263
2166 2167 2267 2266
2263 2266 2268 2265
2266 2267 2269 2268
2167 2170 2270 2267
2170 2171 2271 2270
2267 2270 2272 2269
2270 2271 2273 2272
2176 2175 2274 2275
2175 2177 2276 2274
2275 2274 2277 2278
2274 2276 2279 2277
2177 2180 2280 2276
2180 2181 2281 2280
2276 2280 2282 2279
2280 2281 2283 2282
2181 2184 2284 2281
2184 2185 2285 2284
2281 2284 2286 2283
2284 2285 2287 2286
2185 2188 2288 2285
2188 2189 2289 2288
2285 2288 2290 2287
2288 2289 2291 2290
2189 2192 2292 2289
2192 2193 2293 2292
2289 2292 2294 2291
2292 2293 2295 2294
2193 2196 2296 2293
2196 2197 2297 2296
2293 2296 2298 2295
2296 2297 2299 2298
2197 2200 2300 2297
2200 2201 2301 2300
2297 2300 2302 2299
2300 2301 2303 2302
2201 2204 2304 2301
2204 2205 2305 2304
2301 2304 2306 2303
2304 2305 2307 2306
2205 2208 2308 2305
2208 2209 2309 2308
2305 2308 2310 2307
2308 2309 2311 2310
2209 2212 2312 2309
2212 2213 2313 2312
2309 2312 2314 2311
2312 2313 2315 2314
2213 2216 2316 2313
2216 2217 2317 2316
2313 2316 2318 2315
2316 2317 2319 2318
2217 2220 2320 2317
2220 2221 2321 2320
2317 2320 2322 2319
2320 2321 2323 2322
2221 2224 2324 2321
2224 2225 2325 2324
2321 2324 2326 2323
2324 2325 2327 2326
2225 2228 2328 2325
2228 2229 2329 2328
2325 2328 2330 2327
2328 2329 2331 2330
2229 2232 2332 2329
2232 2233 2333 2332
2329 2332 2334 2331
2332 2333 2335 2334
2233 2236 2336 2333
2236 2237 2337 2336
2333 2336 2338 2335
2336 2337 2339 2338
2237 2240 2340 2337
2240 2241 2341 2340
2337 2340 2342 2339
2340 2341 2343 2342
2241 2244 2344 2341
2244 2245 2345 2344
2341 2344 2346 2343
2344 2345 2347 2346
2245 2248 2348 2345
2248 2249 2349 2348
2345 2348 2350 2347
2348 2349 2351 2350
2249 2252 2352 2349
2252 2253 2353 2352
2349 2352 2354 2351
2352 2353 2355 2354
2253 2256 2356 2353
2256 2257 2357 2356
2353 2356 2358 2355
2356 2357 2359 2358
2257 2260 2360 2357
2260 2261 2361 2360
2357 2360 2362 2359
2360 2361 2363 2362
2261 2264 2364 2361
2264 2265 2365 2364
2361 2364 2366 2363
2364 2365 2367 2366
2265 2268 2368 2365
2268 2269 2369 2368
2365 2368 2370 2367
2368 2369 2371 2370
2269 2272 2372 2369
2272 2273 2373 2372
2369 2372 2374 2371
2372 2373 2375 2374
2278 2277 2376 2377
2277 2279 2378 2376
2377 2376 2379 2380
2376 2378 2381 2379
2279 2282 2382 2378
2282 2283 2383 2382
2378 2382 2384 2381
2382 2383 2385 2384
2283 2286 2386 2383
2286 2287 2387 2386
2383 2386 2388 2385
2386 2387 2389 2388
2287 2290 2390 2387
2290 2291 2391 2390
2387 2390 2392 2389
2390 2391 2393 2392
2291 2294 2394 2391
2294 2295 2395 2394
2391 2394 2396 2393
2394 2395 2397 2396
2295 2298 2398 2395
2298 2299 2399 2398
2395 2398 2400 2397
2398 2399 2401 2400
2299 2302 2402 2399
2302 2303 2403 2402
2399 2402 2404 2401
2402 2403 2405 2404
2303 2306 2406 2403
2306 2307 2407 2406
2403 2406 2408 2405
2406 2407 2409 2408
2307 2310 2410 2407
2310 2311 2411 2410
2407 2410 2412 2409
2410 2411 2413 2412
2311 2314 2414 2411
2314 2315 2415 2414
2411 2414 2416 2413
2414 2415 2417 2416
2315 2318 2418 2415
2318 2319 2419 2418
2415 2418 2420 2417
2418 2419 2421 2420
2319 2322 2422 2419
2322 2323 2423 2422
2419 2422 2424 2421
2422 2423 2425 2424
2323 2326 2426 2423
2326 2327 2427 2426
2423 2426 2428 2425
2426 2427 2429 2428
2327 2330 2430 2427
2330 2331 2431 2430
2427 2430 2432 2429
2430 2431 2433 2432
2331 2334 2434 2431
2334 2335 2435 2434
2431 2434 2436 2433
2434 2435 2437 2436
2335 2338 2438 2435
2338 2339 2439 2438
2435 2438 2440 2437
2438 2439 2441 2440
2339 2342 2442 2439
2342 2343 2443 2442
2439 2442 2444 2441
2442 2443 2445 2444
2343 2346 2446 2443
2346 2347 2447 2446
2443 2446 2448 2445
2446 2447 2449 2448
2347 2350 2450 2447
2350 2351 2451 2450
2447 2450 2452 2449
2450 2451 2453 2452
2351 2354 2454 2451
2354 2355 2455 2454
2451 2454 2456 2453
2454 2455 2457 2456
2355 2358 2458 2455
2358 2359 2459 2458
2455 2458 2460 2457
2458 2459 2461 2460
2359 2362 2462 2459
2362 2363 2463 2462
2459 2462 2464 2461
2462 2463 2465 2464
2363 2366 2466 2463
2366 2367 2467 2466
2463 2466 2468 2465
2466 2467 2469 2468
2367 2370 2470 2467
2370 2371 2471 2470
2467 2470 2472 2469
2470 2471 2473 2472
2371 2374 2474 2471
2374 2375 2475 2474
2471 2474 2476 2473
2474 2475 2477 2476
2380 2379 2478 2479
2379 2381 2480 2478
2479 2478 2481 2482
2478 2480 2483 2481
2381 2384 2484 2480
2384 2385 2485 2484
2480 2484 2486 2483
2484 2485 2487 2486
2385 2388 2488 2485
2388 2389 2489 2488
2485 2488 2490 2487
2488 2489 2491 2490
2389 2392 2492 2489
2392 2393 2493 2492
2489 2492 2494 2491
2492 2493 2495 2494
2393 2396 2496 2493
2396 2397 2497 2496
2493 2496 2498 2495
2496 2497 2499 2498
2397 2400 2500 2497
2400 2401 2501 2500
2497 2500 2502 2499
2500 2501 2503 2502
2401 2404 2504 2501
2404 2405 2505 2504
2501 2504 2506 2503
2504 2505 2507 2506
2405 2408 2508 2505
2408 2409 2509 2508
2505 2508 2510 2507
2508 2509 2511 2510
2409 2412 2512 2509
2412 2413 2513 2512
2509 2512 2514 2511
2512 2513 2515 2514
2413 2416 2516 2513
2416 2417 2517 2516
2513 2516 2518 2515
2516 2517 2519 2518
2417 2420 2520 2517
2420 2421 2521 2520
2517 2520 2522 2519
2520 2521 2523 2522
2421 2424 2524 2521
2424 2425 2525 2524
2521 2524 2526 2523
2524 2525 2527 2526
2425 2428 2528 2525
2428 2429 2529 2528
2525 2528 2530 2527
2528 2529 2531 2530
2429 2432 2532 2529
2432 2433 2533 2532
2529 2532 2534 2531
2532 2533 2535 2534
2433 2436 2536 2533
2436 2437 2537 2536
2533 2536 2538 2535
2536 2537 2539 2538
2437 2440 2540 2537
2440 2441 2541 2540
2537 2540 2542 2539
2540 2541 2543 2542
2441 2444 2544 2541
2444 2445 2545 2544
2541 2544 2546 2543
2544 2545 2547 2546
2445 2448 2548 2545
2448 2449 2549 2548
2545 2548 2550 2547
2548 2549 2551 2550
2449 2452 2552 2549
2452 2453 2553 2552
2549 2552 2554 2551
2552 2553 2555 2554
2453 2456 2556 2553
2456 2457 2557 2556
2553 2556 2558 2555
2556 2557 2559 2558
2457 2460 2560 2557
2460 2461 2561 2560
2557 2560 2562 2559
2560 2561 2563 2562
2461 2464 2564 2561
2464 2465 2565 2564
2561 2564 2566 2563
2564 2565 2567 2566
2465 2468 2568 2565
2468 2469 2569 2568
2565 2568 2570 2567
2568 2569 2571 2570
2469 2472 2572 2569
2472 2473 2573 2572
2569 2572 2574 2571
2572 2573 2575 2574
2473 2476 2576 2573
2476 2477 2577 2576
2573 2576 2578 2575
2576 2577 2579 2578
1177 2580 2581 2582
2580 1176 2583 2581
1176 2584 2585 2583
2584 1178 2586 2585
2587 2588 2589 1335
2588 2590 1336 2589
2590 2591 2592 1336
2591 2593 1339 2592
1178 2594 2595 2586
2594 1181 2596 2595
1181 2597 2598 2596
2597 1182 2599 2598
2593 2600 2601 1339
2600 2602 1344 2601
2602 2603 2604 1344
2603 2605 1346 2604
1182 2606 2607 2599
2606 1185 2608 2607
1185 2609 2610 2608
2609 1186 2611 2610
2605 2612 2613 1346
2612 2614 1350 2613
2614 2615 2616 1350
2615 2617 1352 2616
1186 2618 2619 2611
2618 1189 2620 2619
1189 2621 2622 2620
2621 1190 2623 2622
2617 2624 2625 1352
2624 2626 1356 2625
2626 2627 2628 1356
2627 2629 1358 2628
1190 2630 2631 2623
2630 1193 2632 2631
1193 2633 2634 2632
2633 1194 2635 2634
2629 2636 2637 1358
2636 2638 1362 2637
2638 2639 2640 1362
2639 2641 1364 2640
1194 2642 2643 2635
2642 1197 2644 2643
1197 2645 2646 2644
2645 1198 2647 2646
2641 2648 2649 1364
2648 2650 1368 2649
2650 2651 2652 1368
2651 2653 1370 2652
1198 2654 2655 2647
2654 1201 2656 2655
1201 2657 2658 2656
2657 1202 2659 2658
2653 2660 2661 1370
2660 2662 1374 2661
2662 2663 2664 1374
2663 2665 1376 2664
1202 2666 2667 2659
2666 1205 2668 2667
1205 2669 2670 2668
2669 1206 2671 2670
2665 2672 2673 1376
2672 2674 1380 2673
2674 2675 2676 1380
2675 2677 1382 2676
1206 2678 2679 2671
2678 1209 2680 2679
1209 2681 2682 2680
2681 1210 2683 2682
2677 2684 2685 1382
2684 2686 1386 2685
2686 2687 2688 1386
2687 2689 1388 2688
1210 2690 2691 2683
2690 1213 2692 2691
1213 2693 2694 2692
2693 1214 2695 2694
2689 2696 2697 1388
2696 2698 1392 2697
2698 2699 2700 1392
2699 2701 1394 2700
1214 2702 2703 2695
2702 1217 2704 2703
2703 2704 1276 2705
2705 1276 2706 2707
2701 2707 2708 1394
2707 2706 1278 2708
2582 2709 2710 2711
2709 2581 2712 2710
2711 2710 2713 2714
2710 2712 2715 2713
2581 2716 2717 2712
2716 2583 2718 2717
2712 2717 2719 2715
2717 2718 2720 2719
2583 2721 2722 2718
2721 2585 2723 2722
2718 2722 2724 2720
2722 2723 2725 2724
2585 2726 2727 2723
2726 2586 2728 2727
2723 2727 2729 2725
2727 2728 2730 2729
2714 2713 2731 2732
2713 2715 2733 2731
2732 2731 2734 2587
2731 2733 2588 2734
2715 2719 2735 2733
2719 2720 2736 2735
2733 2735 2737 2588
2735 2736 2590 2737
2720 2724 2738 2736
2724 2725 2739 2738
2736 2738 2740 2590
2738 2739 2591 2740
2725 2729 2741 2739
2729 2730 2742 2741
2739 2741 2743 2591
2741 2742 2593 2743
2586 2744 2745 2728
2744 2595 2746 2745
2728 2745 2747 2730
2745 2746 2748 2747
2595 2749 2750 2746
2749 2596 2751 2750
2746 2750 2752 2748
2750 2751 2753 2752
2596 2754 2755 2751
2754 2598 2756 2755
2751 2755 2757 2753
2755 2756 2758 2757
2598 2759 2760 2756
2759 2599 2761 2760
2756 2760 2762 2758
2760 2761 2763 2762
2730 2747 2764 2742
2747 2748 2765 2764
2742 2764 2766 2593
2764 2765 2600 2766
2748 2752 2767 2765
2752 2753 2768 2767
2765 2767 2769 2600
2767 2768 2602 2769
2753 2757 2770 2768
2757 2758 2771 2770
2768 2770 2772 2602
2770 2771 2603 2772
2758 2762 2773 2771
2762 2763 2774 2773
2771 2773 2775 2603
2773 2774 2605 2775
2599 2776 2777 2761
2776 2607 2778 2777
2761 2777 2779 2763
2777 2778 2780 2779
2607 2781 2782 2778
2781 2608 2783 2782
2778 2782 2784 2780
2782 2783 2785 2784
2608 2786 2787 2783
2786 2610 2788 2787
2783 2787 2789 2785
2787 2788 2790 2789
2610 2791 2792 2788
2791 2611 2793 2792
2788 2792 2794 2790
2792 2793 2795 2794
2763 2779 2796 2774
2779 2780 2797 2796
2774 2796 2798 2605
2796 2797 2612 2798
2780 2784 2799 2797
2784 2785 2800 2799
2797 2799 2801 2612
2799 2800 2614 2801
2785 2789 2802 2800
2789 2790 2803 2802
2800 2802 2804 2614
2802 2803 2615 2804
2790 2794 2805 2803
2794 2795 2806 2805
2803 2805 2807 2615
2805 2806 2617 2807
2611 2808 2809 2793
2808 2619 2810 2809
2793 2809 2811 2795
2809 2810 2812 2811
2619 2813 2814 2810
2813 2620 2815 2814
2810 2814 2816 2812
2814 2815 2817 2816
2620 2818 2819 2815
2818 2622 2820 2819
2815 2819 2821 2817
2819 2820 2822 2821
2622 2823 2824 2820
2823 2623 2825 2824
2820 2824 2826 2822
2824 2825 2827 2826
2795 2811 2828 2806
2811 2812 2829 2828
2806 2828 2830 2617
2828 2829 2624 2830
2812 2816 2831 2829
2816 2817 2832 2831
2829 2831 2833 2624
2831 2832 2626 2833
2817 2821 2834 2832
2821 2822 2835 2834
2832 2834 2836 2626
2834 2835 2627 2836
2822 2826 2837 2835
2826 2827 2838 2837
2835 2837 2839 2627
2837 2838 2629 2839
2623 2840 2841 2825
2840 2631 2842 2841
2825 2841 2843 2827
2841 2842 2844 2843
2631 2845 2846 2842
2845 2632 2847 2846
2842 2846 2848 2844
2846 2847 2849 2848
2632 2850 2851 2847
2850 2634 2852 2851
2847 2851 2853 2849
2851 2852 2854 2853
2634 2855 2856 2852
2855 2635 2857 2856
2852 2856 2858 2854
2856 2857 2859 2858
2827 2843 2860 2838
2843 2844 2861 2860
2838 2860 2862 2629
2860 2861 2636 2862
2844 2848 2863 2861
2848 2849 2864 2863
2861 2863 2865 2636
2863 2864 2638 2865
2849 2853 2866 2864
2853 2854 2867 2866
2864 2866 2868 2638
2866 2867 2639 2868
2854 2858 2869 2867
2858 2859 2870 2869
2867 2869 2871 2639
2869 2870 2641 2871
2635 2872 2873 2857
2872 2643 2874 2873
2857 2873 2875 2859
2873 2874 2876 2875
2643 2877 2878 2874
2877 2644 2879 2878
2874 2878 2880 2876
2878 2879 2881 2880
2644 2882 2883 2879
2882 2646 2884 2883
2879 2883 2885 2881
2883 2884 2886 2885
2646 2887 2888 2884
2887 2647 2889 2888
2884 2888 2890 2886
2888 2889 2891 2890
2859 2875 2892 2870
2875 2876 2893 2892
2870 2892 2894 2641
2892 2893 2648 2894
2876 2880 2895 2893
2880 2881 2896 2895
2893 2895 2897 2648
2895 2896 2650 2897
2881 2885 2898 2896
2885 2886 2899 2898
2896 2898 2900 2650
2898 2899 2651 2900
2886 2890 2901 2899
2890 2891 2902 2901
2899 2901 2903 2651
2901 2902 2653 2903
2647 2904 2905 2889
2904 2655 2906 2905
2889 2905 2907 2891
2905 2906 2908 2907
2655 2909 2910 2906
2909 2656 2911 2910
2906 2910 2912 2908
2910 2911 2913 2912
2656 2914 2915 2911
2914 2658 2916 2915
2911 2915 2917 2913
2915 2916 2918 2917
2658 2919 2920 2916
2919 2659 2921 2920
2916 2920 2922 2918
2920 2921 2923 2922
2891 2907 2924 2902
2907 2908 2925 2924
2902 2924 2926 2653
2924 2925 2660 2926
2908 2912 2927 2925
2912 2913 2928 2927
2925 2927 2929 2660
2927 2928 2662 2929
2913 2917 2930 2928
2917 2918 2931 2930
2928 2930 2932 2662
2930 2931 2663 2932
2918 2922 2933 2931
2922 2923 2934 2933
2931 2933 2935 2663
2933 2934 2665 2935
2659 2936 2937 2921
2936 2667 2938 2937
2921 2937 2939 2923
2937 2938 2940 2939
2667 2941 2942 2938
2941 2668 2943 2942
2938 2942 2944 2940
2942 2943 2945 2944
2668 2946 2947 2943
2946 2670 2948 2947
2943 2947 2949 2945
2947 2948 2950 2949
2670 2951 2952 2948
2951 2671 2953 2952
2948 2952 2954 2950
2952 2953 2955 2954
2923 2939 2956 2934
2939 2940 2957 2956
2934 2956 2958 2665
2956 2957 2672 2958
2940 2944 2959 2957
2944 2945 2960 2959
2957 2959 2961 2672
2959 2960 2674 2961
2945 2949 2962 2960
2949 2950 2963 2962
2960 2962 2964 2674
2962 2963 2675 2964
2950 2954 2965 2963
2954 2955 2966 2965
2963 2965 2967 2675
2965 2966 2677 2967
2671 2968 2969 2953
2968 2679 2970 2969
2953 2969 2971 2955
2969 2970 2972 2971
2679 2973 2974 2970
2973 2680 2975 2974
2970 2974 2976 2972
2974 2975 2977 2976
2680 2978 2979 2975
2978 2682 2980 2979
2975 2979 2981 2977
2979 2980 2982 2981
2682 2983 2984 2980
2983 2683 2985 2984
2980 2984 2986 2982
2984 2985 2987 2986
2955 2971 2988 2966
2971 2972 2989 2988
2966 2988 2990 2677
2988 2989 2684 2990
2972 2976 2991 2989
2976 2977 2992 2991
2989 2991 2993 2684
2991 2992 2686 2993
2977 2981 2994 2992
2981 2982 2995 2994
2992 2994 2996 2686
2994 2995 2687 2996
2982 2986 2997 2995
2986 2987 2998 2997
2995 2997 2999 2687
2997 2998 2689 2999
2683 3000 3001 2985
3000 2691 3002 3001
2985 3001 3003 2987
3001 3002 3004 3003
2691 3005 3006 3002
3005 2692 3007 3006
3002 3006 3008 3004
3006 3007 3009 3008
2692 3010 3011 3007
3010 2694 3012 3011
3007 3011 3013 3009
3011 3012 3014 3013
2694 3015 3016 3012
3015 2695 3017 3016
3012 3016 3018 3014
3016 3017 3019 3018
2987 3003 3020 2998
3003 3004 3021 3020
2998 3020 3022 2689
3020 3021 2696 3022
3004 3008 3023 3021
3008 3009 3024 3023
3021 3023 3025 2696
3023 3024 2698 3025
3009 3013 3026 3024
3013 3014 3027 3026
3024 3026 3028 2698
3026 3027 2699 3028
3014 3018 3029 3027
3018 3019 3030 3029
3027 3029 3031 2699
3029 3030 2701 3031
2695 3032 3033 3017
3032 2703 3034 3033
3017 3033 3035 3019
3033 3034 2705 3035
3019 3035 3036 3030
3035 2705 3037 3036
3030 3036 3038 2701
3036 3037 2707 3038
</DataArray>
<DataArray type="Int32" Name="offsets" NumberOfComponents="1" format="ascii">
4
8
12
16
20
24
28
32
36
40
44
48
52
56
60
64
68
72
76
80
84
88
92
96
100
104
108
112
116
120
124
128
132
136
140
144
148
152
156
160
164
168
172
176
180
184
188
192
196
200
204
208
212
216
220
224
228
232
236
240
244
248
252
256
260
264
268
272
276
280
284
288
292
296
300
304
308
312
316
320
324
328
332
336
340
344
348
352
356
360
364
368
372
376
380
384
388
392
396
400
404
408
412
416
420
424
428
432
436
440
444
448
452
456
460
464
468
472
476
480
484
488
492
496
500
504
508
512
516
520
524
528
532
536
540
544
548
552
556
560
564
568
572
576
580
584
588
592
596
600
604
608
612
616
620
624
628
632
636
640
644
648
652
656
660
664
668
672
676
680
684
688
692
696
700
704
708
712
716
720
724
728
732
736
740
744
748
752
756
760
764
768
772
776
780
784
788
792
796
800
804
808
812
816
820
824
828
832
836
840
844
848
852
856
860
864
868
872
876
880
884
888
892
896
900
904
908
912
916
920
924
928
932
936
940
944
948
952
956
960
964
968
972
976
980
984
988
992
996
1000
1004
1008
1012
1016
1020
1024
1028
1032
1036
1040
1044
1048
1052
1056
1060
1064
1068
1072
1076
1080
1084
1088
1092
1096
1100
1104
1108
1112
1116
1120
1124
1128
1132
1136
1140
1144
1148
1152
1156
1160
1164
1168
1172
1176
1180
1184
1188
1192
1196
1200
1204
1208
1212
1216
1220
1224
1228
1232
1236
1240
1244
1248
1252
1256
1260
1264
1268
1272
1276
1280
1284
1288
1292
1296
1300
1304
1308
1312
1316
1320
1324
1328
1332
1336
1340
1344
1348
1352
1356
1360
1364
1368
1372
1376
1380
1384
1388
1392
1396
1400
1404
1408
1412
1416
1420
1424
1428
1432
1436
1440
1444
1448
1452
1456
1460
1464
1468
1472
1476
1480
1484
1488
1492
1496
1500
1504
1508
1512
1516
1520
1524
1528
1532
1536
1540
1544
1548
1552
1556
1560
1564
1568
1572
1576
1580
1584
1588
1592
1596
1600
1604
1608
1612
1616
1620
1624
1628
1632
1636
1640
1644
1648
1652
1656
1660
1664
1668
1672
1676
1680
1684
1688
1692
1696
1700
1704
1708
1712
1716
1720
1724
1728
1732
1736
1740
1744
1748
1752
1756
1760
1764
1768
1772
1776
1780
1784
1788
1792
1796
1800
1804
1808
1812
1816
1820
1824
1828
1832
1836
1840
1844
1848
1852
1856
1860
1864
1868
1872
1876
1880
1884
1888
1892
1896
1900
1904
1908
1912
1916
1920
1924
1928
1932
1936
1940
1944
1948
1952
1956
1960
1964
1968
1972
1976
1980
1984
1988
1992
1996
2000
2004
2008
2012
2016
2020
2024
2028
2032
2036
2040
2044
2048
2052
2056
2060
2064
2068
2072
2076
2080
2084
2088
2092
2096
2100
2104
2108
2112
2116
2120
2124
2128
2132
2136
2140
2144
2148
2152
2156
2160
2164
2168
2172
2176
2180
2184
2188
2192
2196
2200
2204
2208
2212
2216
2220
2224
2228
2232
2236
2240
2244
2248
2252
2256
2260
2264
2268
2272
2276
2280
2284
2288
2292
2296
2300
2304
2308
2312
2316
2320
2324
2328
2332
2336
2340
2344
2348
2352
2356
2360
2364
2368
2372
2376
2380
2384
2388
2392
2396
2400
2404
2408
2412
2416
2420
2424
2428
2432
2436
2440
2444
2448
2452
2456
2460
2464
2468
2472
2476
2480
2484
2488
2492
2496
2500
2504
2508
2512
2516
2520
2524
2528
2532
2536
2540
2544
2548
2552
2556
2560
2564
2568
2572
2576
2580
2584
2588
2592
2596
2600
2604
2608
2612
2616
2620
2624
2628
2632
2636
2640
2644
2648
2652
2656
2660
2664
2668
2672
2676
2680
2684
2688
2692
2696
2700
2704
2708
2712
2716
2720
2724
2728
2732
2736
2740
2744
2748
2752
2756
2760
2764
2768
2772
2776
2780
2784
2788
2792
2796
2800
2804
2808
2812
2816
2820
2824
2828
2832
2836
2840
2844
2848
2852
2856
2860
2864
2868
2872
2876
2880
2884
2888
2892
2896
2900
2904
2908
2912
2916
2920
2924
2928
2932
2936
2940
2944
2948
2952
2956
2960
2964
2968
2972
2976
2980
2984
2988
2992
2996
3000
3004
3008
3012
3016
3020
3024
3028
3032
3036
3040
3044
3048
3052
3056
3060
3064
3068
3072
3076
3080
3084
3088
3092
3096
3100
3104
3108
3112
3116
3120
3124
3128
3132
3136
3140
3144
3148
3152
3156
3160
3164
3168
3172
3176
3180
3184
3188
3192
3196
3200
3204
3208
3212
3216
3220
3224
3228
3232
3236
3240
3244
3248
3252
3256
3260
3264
3268
3272
3276
3280
3284
3288
3292
3296
3300
3304
3308
3312
3316
3320
3324
3328
3332
3336
3340
3344
3348
3352
3356
3360
3364
3368
3372
3376
3380
3384
3388
3392
3396
3400
3404
3408
3412
3416
3420
3424
3428
3432
3436
3440
3444
3448
3452
3456
3460
3464
3468
3472
3476
3480
3484
3488
3492
3496
3500
3504
3508
3512
3516
3520
3524
3528
3532
3536
3540
3544
3548
3552
3556
3560
3564
3568
3572
3576
3580
3584
3588
3592
3596
3600
3604
3608
3612
3616
3620
3624
3628
3632
3636
3640
3644
3648
3652
3656
3660
3664
3668
3672
3676
3680
3684
3688
3692
3696
3700
3704
3708
3712
3716
3720
3724
3728
3732
3736
3740
3744
3748
3752
3756
3760
3764
3768
3772
3776
3780
3784
3788
3792
3796
3800
3804
3808
3812
3816
3820
3824
3828
3832
3836
3840
3844
3848
3852
3856
3860
3864
3868
3872
3876
3880
3884
3888
3892
3896
3900
3904
3908
3912
3916
3920
3924
3928
3932
3936
3940
3944
3948
3952
3956
3960
3964
3968
3972
3976
3980
3984
3988
3992
3996
4000
4004
4008
4012
4016
4020
4024
4028
4032
4036
4040
4044
4048
4052
4056
4060
4064
4068
4072
4076
4080
4084
4088
4092
4096
4100
4104
4108
4112
4116
4120
4124
4128
4132
4136
4140
4144
4148
4152
4156
4160
4164
4168
4172
4176
4180
4184
4188
4192
4196
4200
4204
4208
4212
4216
4220
4224
4228
4232
4236
4240
4244
4248
4252
4256
4260
4264
4268
4272
4276
4280
4284
4288
4292
4296
4300
4304
4308
4312
4316
4320
4324
4328
4332
4336
4340
4344
4348
4352
4356
4360
4364
4368
4372
4376
4380
4384
4388
4392
4396
4400
4404
4408
4412
4416
4420
4424
4428
4432
4436
4440
4444
4448
4452
4456
4460
4464
4468
4472
4476
4480
4484
4488
4492
4496
4500
4504
4508
4512
4516
4520
4524
4528
4532
4536
4540
4544
4548
4552
4556
4560
4564
4568
4572
4576
4580
4584
4588
4592
4596
4600
4604
4608
4612
4616
4620
4624
4628
4632
4636
4640
4644
4648
4652
4656
4660
4664
4668
4672
4676
4680
4684
4688
4692
4696
4700
4704
4708
4712
4716
4720
4724
4728
4732
4736
4740
4744
4748
4752
4756
4760
4764
4768
4772
4776
4780
4784
4788
4792
4796
4800
4804
4808
4812
4816
4820
4824
4828
4832
4836
4840
4844
4848
4852
4856
4860
4864
4868
4872
4876
4880
4884
4888
4892
4896
4900
4904
4908
4912
4916
4920
4924
4928
4932
4936
4940
4944
4948
4952
4956
4960
4964
4968
4972
4976
4980
4984
4988
4992
4996
5000
5004
5008
5012
5016
5020
5024
5028
5032
5036
5040
5044
5048
5052
5056
5060
5064
5068
5072
5076
5080
5084
5088
5092
5096
5100
5104
5108
5112
5116
5120
5124
5128
5132
5136
5140
5144
5148
5152
5156
5160
5164
5168
5172
5176
5180
5184
5188
5192
5196
5200
5204
5208
5212
5216
5220
5224
5228
5232
5236
5240
5244
5248
5252
5256
5260
5264
5268
5272
5276
5280
5284
5288
5292
5296
5300
5304
5308
5312
5316
5320
5324
5328
5332
5336
5340
5344
5348
5352
5356
5360
5364
5368
5372
5376
5380
5384
5388
5392
5396
5400
5404
5408
5412
5416
5420
5424
5428
5432
5436
5440
5444
5448
5452
5456
5460
5464
5468
5472
5476
5480
5484
5488
5492
5496
5500
5504
5508
5512
5516
5520
5524
5528
5532
5536
5540
5544
5548
5552
5556
5560
5564
5568
5572
5576
5580
5584
5588
5592
5596
5600
5604
5608
5612
5616
5620
5624
5628
5632
5636
5640
5644
5648
5652
5656
5660
5664
5668
5672
5676
5680
5684
5688
5692
5696
5700
5704
5708
5712
5716
5720
5724
5728
5732
5736
5740
5744
5748
5752
5756
5760
5764
5768
5772
5776
5780
5784
5788
5792
5796
5800
5804
5808
5812
5816
5820
5824
5828
5832
5836
5840
5844
5848
5852
5856
5860
5864
5868
5872
5876
5880
5884
5888
5892
5896
5900
5904
5908
5912
5916
5920
5924
5928
5932
5936
5940
5944
5948
5952
5956
5960
5964
5968
5972
5976
5980
5984
5988
5992
5996
6000
6004
6008
6012
6016
6020
6024
6028
6032
6036
6040
6044
6048
6052
6056
6060
6064
6068
6072
6076
6080
6084
6088
6092
6096
6100
6104
6108
6112
6116
6120
6124
6128
6132
6136
6140
6144
6148
6152
6156
6160
6164
6168
6172
6176
6180
6184
6188
6192
6196
6200
6204
6208
6212
6216
6220
6224
6228
6232
6236
6240
6244
6248
6252
6256
6260
6264
6268
6272
6276
6280
6284
6288
6292
6296
6300
6304
6308
6312
6316
6320
6324
6328
6332
6336
6340
6344
6348
6352
6356
6360
6364
6368
6372
6376
6380
6384
6388
6392
6396
6400
6404
6408
6412
6416
6420
6424
6428
6432
6436
6440
6444
6448
6452
6456
6460
6464
6468
6472
6476
6480
6484
6488
6492
6496
6500
6504
6508
6512
6516
6520
6524
6528
6532
6536
6540
6544
6548
6552
6556
6560
6564
6568
6572
6576
6580
6584
6588
6592
6596
6600
6604
6608
6612
6616
6620
6624
6628
6632
6636
6640
6644
6648
6652
6656
6660
6664
6668
6672
6676
6680
6684
6688
6692
6696
6700
6704
6708
6712
6716
6720
6724
6728
6732
6736
6740
6744
6748
6752
6756
6760
6764
6768
6772
6776
6780
6784
6788
6792
6796
6800
6804
6808
6812
6816
6820
6824
6828
6832
6836
6840
6844
6848
6852
6856
6860
6864
6868
6872
6876
6880
6884
6888
6892
6896
6900
6904
6908
6912
6916
6920
6924
6928
6932
6936
6940
6944
6948
6952
6956
6960
6964
6968
6972
6976
6980
6984
6988
6992
6996
7000
7004
7008
7012
7016
7020
7024
7028
7032
7036
7040
7044
7048
7052
7056
7060
7064
7068
7072
7076
7080
7084
7088
7092
7096
7100
7104
7108
7112
7116
7120
7124
7128
7132
7136
7140
7144
7148
7152
7156
7160
7164
7168
7172
7176
7180
7184
7188
7192
7196
7200
7204
7208
7212
7216
7220
7224
7228
7232
7236
7240
7244
7248
7252
7256
7260
7264
7268
7272
7276
7280
7284
7288
7292
7296
7300
7304
7308
7312
7316
7320
7324
7328
7332
7336
7340
7344
7348
7352
7356
7360
7364
7368
7372
7376
7380
7384
7388
7392
7396
7400
7404
7408
7412
7416
7420
7424
7428
7432
7436
7440
7444
7448
7452
7456
7460
7464
7468
7472
7476
7480
7484
7488
7492
7496
7500
7504
7508
7512
7516
7520
7524
7528
7532
7536
7540
7544
7548
7552
7556
7560
7564
7568
7572
7576
7580
7584
7588
7592
7596
7600
7604
7608
7612
7616
7620
7624
7628
7632
7636
7640
7644
7648
7652
7656
7660
7664
7668
7672
7676
7680
7684
7688
7692
7696
7700
7704
7708
7712
7716
7720
7724
7728
7732
7736
7740
7744
7748
7752
7756
7760
7764
7768
7772
7776
7780
7784
7788
7792
7796
7800
7804
7808
7812
7816
7820
7824
7828
7832
7836
7840
7844
7848
7852
7856
7860
7864
7868
7872
7876
7880
7884
7888
7892
7896
7900
7904
7908
7912
7916
7920
7924
7928
7932
7936
7940
7944
7948
7952
7956
7960
7964
7968
7972
7976
7980
7984
7988
7992
7996
8000
8004
8008
8012
8016
8020
8024
8028
8032
8036
8040
8044
8048
8052
8056
8060
8064
8068
8072
8076
8080
8084
8088
8092
8096
8100
8104
8108
8112
8116
8120
8124
8128
8132
8136
8140
8144
8148
8152
8156
8160
8164
8168
8172
8176
8180
8184
8188
8192
8196
8200
8204
8208
8212
8216
8220
8224
8228
8232
8236
8240
8244
8248
8252
8256
8260
8264
8268
8272
8276
8280
8284
8288
8292
8296
8300
8304
8308
8312
8316
8320
8324
8328
8332
8336
8340
8344
8348
8352
8356
8360
8364
8368
8372
8376
8380
8384
8388
8392
8396
8400
8404
8408
8412
8416
8420
8424
8428
8432
8436
8440
8444
8448
8452
8456
8460
8464
8468
8472
8476
8480
8484
8488
8492
8496
8500
8504
8508
8512
8516
8520
8524
8528
8532
8536
8540
8544
8548
8552
8556
8560
8564
8568
8572
8576
8580
8584
8588
8592
8596
8600
8604
8608
8612
8616
8620
8624
8628
8632
8636
8640
8644
8648
8652
8656
8660
8664
8668
8672
8676
8680
8684
8688
8692
8696
8700
8704
8708
8712
8716
8720
8724
8728
8732
8736
8740
8744
8748
8752
8756
8760
8764
8768
8772
8776
8780
8784
8788
8792
8796
8800
8804
8808
8812
8816
8820
8824
8828
8832
8836
8840
8844
8848
8852
8856
8860
8864
8868
8872
8876
8880
8884
8888
8892
8896
8900
8904
8908
8912
8916
8920
8924
8928
8932
8936
8940
8944
8948
8952
8956
8960
8964
8968
8972
8976
8980
8984
8988
8992
8996
9000
9004
9008
9012
9016
9020
9024
9028
9032
9036
9040
9044
9048
9052
9056
9060
9064
9068
9072
9076
9080
9084
9088
9092
9096
9100
9104
9108
9112
9116
9120
9124
9128
9132
9136
9140
9144
9148
9152
9156
9160
9164
9168
9172
9176
9180
9184
9188
9192
9196
9200
9204
9208
9212
9216
9220
9224
9228
9232
9236
9240
9244
9248
9252
9256
9260
9264
9268
9272
9276
9280
9284
9288
9292
9296
9300
9304
9308
9312
9316
9320
9324
9328
9332
9336
9340
9344
9348
9352
9356
9360
9364
9368
9372
9376
9380
9384
9388
9392
9396
9400
9404
9408
9412
9416
9420
9424
9428
9432
9436
9440
9444
9448
9452
9456
9460
9464
9468
9472
9476
9480
9484
9488
9492
9496
9500
9504
9508
9512
9516
9520
9524
9528
9532
9536
9540
9544
9548
9552
9556
9560
9564
9568
9572
9576
9580
9584
9588
9592
9596
9600
9604
9608
9612
9616
9620
9624
9628
9632
9636
9640
9644
9648
9652
9656
9660
9664
9668
9672
9676
9680
9684
9688
9692
9696
9700
9704
9708
9712
9716
9720
9724
9728
9732
9736
9740
9744
9748
9752
9756
9760
9764
9768
9772
9776
9780
9784
9788
9792
9796
9800
9804
9808
9812
9816
9820
9824
9828
9832
9836
9840
9844
9848
9852
9856
9860
9864
9868
9872
9876
9880
9884
9888
9892
9896
9900
9904
9908
9912
9916
9920
9924
9928
9932
9936
9940
9944
9948
9952
9956
9960
9964
9968
9972
9976
9980
9984
9988
9992
9996
10000
10004
10008
10012
10016
10020
10024
10028
10032
10036
10040
10044
10048
10052
10056
10060
10064
10068
10072
10076
10080
10084
10088
10092
10096
10100
10104
10108
10112
10116
10120
10124
10128
10132
10136
10140
10144
10148
10152
10156
10160
10164
10168
10172
10176
10180
10184
10188
10192
10196
10200
10204
10208
10212
10216
10220
10224
10228
10232
10236
10240
10244
10248
10252
10256
10260
10264
10268
10272
10276
10280
10284
10288
10292
10296
10300
10304
10308
10312
10316
10320
10324
10328
10332
10336
10340
10344
10348
10352
10356
10360
10364
10368
10372
10376
10380
10384
10388
10392
10396
10400
10404
10408
10412
10416
10420
10424
10428
10432
10436
10440
10444
10448
10452
10456
10460
10464
10468
10472
10476
10480
10484
10488
10492
10496
10500
10504
10508
10512
10516
10520
10524
10528
10532
10536
10540
10544
10548
10552
10556
10560
10564
10568
10572
10576
10580
10584
10588
10592
10596
10600
10604
10608
10612
10616
10620
10624
10628
10632
10636
10640
10644
10648
10652
10656
10660
10664
10668
10672
10676
10680
10684
10688
10692
10696
10700
10704
10708
10712
10716
10720
10724
10728
10732
10736
10740
10744
10748
10752
10756
10760
10764
10768
10772
10776
10780
10784
10788
10792
10796
10800
10804
10808
10812
10816
10820
10824
10828
10832
10836
10840
10844
10848
10852
10856
10860
10864
10868
10872
10876
10880
10884
10888
10892
10896
10900
10904
10908
10912
10916
10920
10924
10928
10932
10936
10940
10944
10948
10952
10956
10960
10964
10968
10972
10976
10980
10984
10988
10992
10996
11000
11004
11008
11012
11016
11020
11024
11028
11032
11036
11040
11044
11048
11052
11056
11060
11064
11068
11072
11076
11080
11084
11088
11092
11096
11100
11104
11108
11112
11116
11120
11124
11128
11132
11136
11140
11144
11148
11152
11156
11160
11164
11168
11172
11176
11180
11184
11188
11192
11196
11200
11204
11208
11212
11216
11220
11224
11228
11232
11236
11240
11244
11248
11252
11256
11260
11264
11268
11272
11276
11280
11284
11288
11292
11296
11300
11304
11308
11312
11316
11320
11324
11328
11332
11336
11340
11344
11348
11352
11356
11360
11364
11368
11372
11376
11380
11384
11388
11392
11396
11400
11404
11408
11412
11416
11420
11424
11428
11432
11436
11440
11444
11448
11452
11456
11460
11464
11468
11472
11476
11480
11484
11488
</DataArray>
<DataArray type="UInt8" Name="types" NumberOfComponents="1" format="ascii">
9
9
9
9
9
9
9
9
9
9
9
9
9
9
9
9
9
9
9
9
9
9
9
9
9
9
9
9
9
9
9
9
9
9
9
9
9
9
9
9
9
9
9
9
9
9
9
9
9
9
9
9
9
9
9
9
9
9
9
9
9
9
9
9
9
9
9
9
9
9
9
9
9
9
9
9
9
9
9
9
9
9
9
9
9
9
9
9
9
9
9
9
9
9
9
9
9
9
9
9
9
9
9
9
9
9
9
9
9
9
9
9
9
9
9
9
9
9
9
9
9
9
9
9
9
9
9
9
9
9
9
9
9
9
9
9
9
9
9
9
9
9
9
9
9
9
9
9
9
9
9
9
9
9
9
9
9
9
9
9
9
9
9
9
9
9
9
9
9
9
9
9
9
9
9
9
9
9
9
9
9
9
9
9
9
9
9
9
9
9
9
9
9
9
9
9
9
9
9
9
9
9
9
9
9
9
9
9
9
9
9
9
9
9
9
9
9
9
9
9
9
9
9
9
9
9
9
9
9
9
9
9
9
9
9
9
9
9
9
9
9
9
9
9
9
9
9
9
9
9
9
9
9
9
9
9
9
9
9
9
9
9
9
9
9
9
9
9
9
9
9
9
9
9
9
9
9
9
9
9
9
9
9
9
9
9
9
9
9
9
9
9
9
9
9
9
9
9
9
9
9
9
9
9
9
9
9
9
9
9
9
9
9
9
9
9
9
9
9
9
9
9
9
9
9
9
9
9
9
9
9
9
9
9
9
9
9
9
9
9
9
9
9
9
9
9
9
9
9
9
9
9
9
9
9
9
9
9
9
9
9
9
9
9
9
9
9
9
9
9
9
9
9
9
9
9
9
9
9
9
9
9
9
9
9
9
9
9
9
9
9
9
9
9
9
9
9
9
9
9
9
9
9
9
9
9
9
9
9
9
9
9
9
9
9
9
9
9
9
9
9
9
9
9
9
9
9
9
9
9
9
9
9
9
9
9
9
9
9
9
9
9
9
9
9
9
9
9
9
9
9
9
9
9
9
9
9
9
9
9
9
9
9
9
9
9
9
9
9
9
9
9
9
9
9
9
9
9
9
9
9
9
9
9
9
9
9
9
9
9
9
9
9
9
9
9
9
9
9
9
9
9
9
9
9
9
9
9
9
9
9
9
9
9
9
9
9
9
9
9
9
9
9
9
9
9
9
9
9
9
9
9
9
9
9
9
9
9
9
9
9
9
9
9
9
9
9
9
9
9
9
9
9
9
9
9
9
9
9
9
9
9
9
9
9
9
9
9
9
9
9
9
9
9
9
9
9
9
9
9
9
9
9
9
9
9
9
9
9
9
9
9
9
9
9
9
9
9
9
9
9
9
9
9
9
9
9
9
9
9
9
9
9
9
9
9
9
9
9
9
9
9
9
9
9
9
9
9
9
9
9
9
9
9
9
9
9
9
9
9
9
9
9
9
9
9
9
9
9
9
9
9
9
9
9
9
9
9
9
9
9
9
9
9
9
9
9
9
9
9
9
9
9
9
9
9
9
9
9
9
9
9
9
9
9
9
9
9
9
9
9
9
9
9
9
9
9
9
9
9
9
9
9
9
9
9
9
9
9
9
9
9
9
9
9
9
9
9
9
9
9
9
9
9
9
9
9
9
9
9
9
9
9
9
9
9
9
9
9
9
9
9
9
9
9
9
9
9
9
9
9
9
9
9
9
9
9
9
9
9
9
9
9
9
9
9
9
9
9
9
9
9
9
9
9
9
9
9
9
9
9
9
9
9
9
9
9
9
9
9
9
9
9
9
9
9
9
9
9
9
9
9
9
9
9
9
9
9
9
9
9
9
9
9
9
9
9
9
9
9
9
9
9
9
9
9
9
9
9
9
9
9
9
9
9
9
9
9
9
9
9
9
9
9
9
9
9
9
9
9
9
9
9
9
9
9
9
9
9
9
9
9
9
9
9
9
9
9
9
9
9
9
9
9
9
9
9
9
9
9
9
9
9
9
9
9
9
9
9
9
9
9
9
9
9
9
9
9
9
9
9
9
9
9
9
9
9
9
9
9
9
9
9
9
9
9
9
9
9
9
9
9
9
9
9
9
9
9
9
9
9
9
9
9
9
9
9
9
9
9
9
9
9
9
9
9
9
9
9
9
9
9
9
9
9
9
9
9
9
9
9
9
9
9
9
9
9
9
9
9
9
9
9
9
9
9
9
9
9
9
9
9
9
9
9
9
9
9
9
9
9
9
9
9
9
9
9
9
9
9
9
9
9
9
9
9
9
9
9
9
9
9
9
9
9
9
9
9
9
9
9
9
9
9
9
9
9
9
9
9
9
9
9
9
9
9
9
9
9
9
9
9
9
9
9
9
9
9
9
9
9
9
9
9
9
9
9
9
9
9
9
9
9
9
9
9
9
9
9
9
9
9
9
9
9
9
9
9
9
9
9
9
9
9
9
9
9
9
9
9
9
9
9
9
9
9
9
9
9
9
9
9
9
9
9
9
9
9
9
9
9
9
9
9
9
9
9
9
9
9
9
9
9
9
9
9
9
9
9
9
9
9
9
9
9
9
9
9
9
9
9
9
9
9
9
9
9
9
9
9
9
9
9
9
9
9
9
9
9
9
9
9
9
9
9
9
9
9
9
9
9
9
9
9
9
9
9
9
9
9
9
9
9
9
9
9
9
9
9
9
9
9
9
9
9
9
9
9
9
9
9
9
9
9
9
9
9
9
9
9
9
9
9
9
9
9
9
9
9
9
9
9
9
9
9
9
9
9
9
9
9
9
9
9
9
9
9
9
9
9
9
9
9
9
9
9
9
9
9
9
9
9
9
9
9
9
9
9
9
9
9
9
9
9
9
9
9
9
9
9
9
9
9
9
9
9
9
9
9
9
9
9
9
9
9
9
9
9
9
9
9
9
9
9
9
9
9
9
9
9
9
9
9
9
9
9
9
9
9
9
9
9
9
9
9
9
9
9
9
9
9
9
9
9
9
9
9
9
9
9
9
9
9
9
9
9
9
9
9
9
9
9
9
9
9
9
9
9
9
9
9
9
9
9
9
9
9
9
9
9
9
9
9
9
9
9
9
9
9
9
9
9
9
9
9
9
9
9
9
9
9
9
9
9
9
9
9
9
9
9
9
9
9
9
9
9
9
9
9
9
9
9
9
9
9
9
9
9
9
9
9
9
9
9
9
9
9
9
9
9
9
9
9
9
9
9
9
9
9
9
9
9
9
9
9
9
9
9
9
9
9
9
9
9
9
9
9
9
9
9
9
9
9
9
9
9
9
9
9
9
9
9
9
9
9
9
9
9
9
9
9
9
9
9
9
9
9
9
9
9
9
9
9
9
9
9
9
9
9
9
9
9
9
9
9
9
9
9
9
9
9
9
9
9
9
9
9
9
9
9
9
9
9
9
9
9
9
9
9
9
9
9
9
9
9
9
9
9
9
9
9
9
9
9
9
9
9
9
9
9
9
9
9
9
9
9
9
9
9
9
9
9
9
9
9
9
9
9
9
9
9
9
9
9
9
9
9
9
9
9
9
9
9
9
9
9
9
9
9
9
9
9
9
9
9
9
9
9
9
9
9
9
9
9
9
9
9
9
9
9
9
9
9
9
9
9
9
9
9
9
9
9
9
9
9
9
9
9
9
9
9
9
9
9
9
9
9
9
9
9
9
9
9
9
9
9
9
9
9
9
9
9
9
9
9
9
9
9
9
9
9
9
9
9
9
9
9
9
9
9
9
9
9
9
9
9
9
9
9
9
9
9
9
9
9
9
9
9
9
9
9
9
9
9
9
9
9
9
9
9
9
9
9
9
9
9
9
9
9
9
9
9
9
9
9
9
9
9
9
9
9
9
9
9
9
9
9
9
9
9
9
9
9
9
9
9
9
9
9
9
9
9
9
9
9
9
9
9
9
9
9
9
9
9
9
9
9
9
9
9
9
9
9
9
9
9
9
9
9
9
9
9
9
9
9
9
9
9
9
9
9
9
9
9
9
9
9
9
9
9
9
9
9
9
9
9
9
9
9
9
9
9
9
9
9
9
9
9
9
9
9
9
9
9
9
9
9
9
9
9
9
9
9
9
9
9
9
9
9
9
9
9
9
9
9
9
9
9
9
9
9
9
9
9
9
9
9
9
9
9
9
9
9
9
9
9
9
9
9
9
9
9
9
9
9
9
9
9
9
9
9
9
9
9
9
9
9
9
9
9
9
9
9
9
9
9
9
9
9
9
9
9
9
9
9
9
9
9
9
9
9
9
9
9
9
9
9
9
9
9
9
9
9
9
9
9
9
9
9
9
9
9
9
9
9
9
9
9
9
9
9
9
9
9
9
9
9
9
9
9
9
9
9
9
9
9
9
9
9
9
9
9
9
9
9
9
9
9
9
9
9
9
9
9
9
9
9
9
9
9
9
9
9
9
9
9
9
9
9
9
9
9
9
9
9
9
9
9
9
9
9
9
9
9
9
9
9
9
9
9
9
9
9
9
9
9
9
9
9
9
9
9
9
9
9
9
9
9
9
9
9
9
9
9
9
9
9
9
9
9
9
9
9
9
9
9
9
9
9
9
9
9
9
9
9
9
9
9
9
9
9
9
9
9
9
9
9
9
9
9
9
9
9
9
9
9
9
9
9
9
9
9
9
9
9
9
9
9
9
9
9
9
9
9
9
9
9
9
9
9
9
9
9
9
9
9
9
9
9
9
9
9
9
9
9
9
9
9
9
9
9
9
9
9
9
9
9
9
9
9
9
9
9
9
9
9
9
9
9
9
9
9
9
9
9
9
9
9
9
9
9
9
9
9
9
9
9
9
9
9
9
9
9
9
9
9
9
9
9
9
9
9
9
9
9
9
9
9
9
9
9
9
9
9
9
9
9
9
9
9
9
9
9
9
9
9
9
9
9
9
9
9
9
9
9
9
9
9
9
9
9
9
9
9
9
9
9
9
9
9
9
9
9
9
9
9
9
9
9
9
9
9
9
9
9
9
9
9
9
9
9
9
9
9
9
9
9
9
9
9
9
9
9
9
9
9
9
9
9
9
9
9
9
9
9
9
9
9
9
9
9
9
9
9
9
9
9
9
9
9
9
9
9
9
9
9
9
9
9
9
9
9
9
9
9
9
9
9
9
9
9
9
9
9
9
9
9
9
9
9
9
9
9
9
9
9
9
9
9
9
9
9
9
9
9
9
9
9
9
9
9
9
9
9
9
9
9
9
9
9
9
9
9
9
9
9
9
9
9
9
9
9
9
9
9
9
9
9
9
9
9
9
9
9
9
9
9
9
9
9
9
9
9
9
9
9
9
9
9
9
9
9
9
9
9
9
9
9
9
9
9
9
9
9
9
9
9
9
9
9
9
9
9
9
9
9
9
9
9
9
9
9
9
9
9
9
9
9
9
9
9
9
9
9
9
9
9
9
9
9
9
9
9
9
9
9
9
9
9
9
9
9
9
9
9
9
9
9
9
9
9
9
9
9
9
9
9
9
9
9
9
9
9
9
9
9
9
9
9
9
9
9
9
9
9
9
9
9
9
9
9
9
9
9
9
9
9
9
9
9
9
9
9
9
9
9
9
9
9
9
9
9
9
9
9
9
9
9
9
9
9
9
9
9
9
9
9
9
9
9
9
9
9
9
9
9
9
9
9
9
9
9
9
9
9
9
9
9
9
9
9
9
9
9
9
9
9
9
9
9
9
9
9
9
9
9
9
9
9
9
9
9
9
9
9
9
9
9
9
9
9
9
9
9
9
9
9
9
9
9
9
9
9
9
9
9
9
9
9
9
9
9
9
9
9
9
9
9
9
9
9
9
9
9
9
9
9
9
9
9
9
9
9
9
9
9
9
9
9
9
9
9
9
9
9
9
9
9
9
9
9
9
9
9
9
9
9
9
9
9
9
9
9
9
9
9
9
9
9
9
9
9
9
9
9
9
9
9
9
9
9
9
9
9
9
9
9
9
9
9
9
9
9
9
9
9
9
9
9
9
9
9
9
9
9
9
9
9
9
9
9
9
9
9
9
9
9
9
9
9
9
9
9
9
9
9
9
9
9
9
9
9
9
9
9
9
9
9
9
9
9
9
9
9
9
9
9
9
9
9
9
9
9
9
9
9
9
9
9
9
9
9
9
9
9
9
9
9
9
9
9
9
9
9
9
9
9
9
9
9
9
9
9
9
9
9
9
9
9
9
9
9
9
9
9
9
9
9
9
9
9
9
9
9
9
9
9
9
9
9
9
9
9
9
9
9
9
9
9
9
9
9
9
9
9
9
9
9
9
9
9
9
9
9
9
9
9
9
9
9
9
9
9
9
9
9
9
9
9
9
9
9
9
9
9
9
9
9
9
9
9
9
9
9
9
9
9
9
9
9
9
9
9
9
9
9
9
9
9
9
9
9
9
9
9
9
9
9
9
9
9
9
9
9
9
9
9
9
9
9
9
9
9
9
9
9
9
9
9
9
9
9
</DataArray>
</Cells>
<PointData>
<DataArray type="Float64" Name="u" NumberOfComponents="2" format="ascii">
0.000000E+00 0.000000E+00
8.480414E-02 0.000000E+00
8.377351E-02 -3.741451E-02
-1.030338E-03 -3.946882E-02
1.683796E-01 0.000000E+00
1.673542E-01 -3.536899E-02
8.068589E-02 -7.482493E-02
-4.116070E-03 -7.892144E-02
1.642809E-01 -7.074737E-02
2.507216E-01 0.000000E+00
2.497083E-01 -3.333039E-02
3.318190E-01 0.000000E+00
3.308254E-01 -3.130023E-02
2.466698E-01 -6.668415E-02
3.278447E-01 -6.263732E-02
4.116528E-01 0.000000E+00
4.106868E-01 -2.928252E-02
4.901990E-01 0.000000E+00
4.892679E-01 -2.728302E-02
4.077872E-01 -5.861396E-02
4.864712E-01 -5.462483E-02
5.674315E-01 0.000000E+00
5.665414E-01 -2.530843E-02
6.433239E-01 0.000000E+00
6.424796E-01 -2.336565E-02
5.638662E-01 -5.068285E-02
6.399403E-01 -4.680151E-02
7.178521E-01 0.000000E+00
7.170566E-01 -2.146095E-02
7.909951E-01 0.000000E+00
7.902498E-01 -1.959944E-02
7.146625E-01 -4.299344E-02
7.880048E-01 -3.926903E-02
8.627363E-01 0.000000E+00
8.620407E-01 -1.778463E-02
9.330631E-01 0.000000E+00
9.324151E-01 -1.601820E-02
8.599437E-01 -3.563562E-02
9.304603E-01 -3.209703E-02
1.001967E+00 0.000000E+00
1.001363E+00 -1.430011E-02
1.069443E+00 0.000000E+00
1.068879E+00 -1.262874E-02
9.995411E-01 -2.865356E-02
1.067177E+00 -2.530243E-02
1.135489E+00 0.000000E+00
1.134961E+00 -1.100129E-02
1.200106E+00 0.000000E+00
1.199608E+00 -9.414190E-03
1.133364E+00 -2.203842E-02
1.198100E+00 -1.885474E-02
1.263299E+00 0.000000E+00
1.262826E+00 -7.863516E-03
1.325074E+00 0.000000E+00
1.324620E+00 -6.345398E-03
1.261390E+00 -1.574381E-02
1.323240E+00 -1.269810E-02
1.385440E+00 0.000000E+00
1.385000E+00 -4.856404E-03
1.444413E+00 0.000000E+00
1.443981E+00 -3.393895E-03
1.383661E+00 -9.710888E-03
1.442667E+00 -6.776957E-03
1.502011E+00 0.000000E+00
1.501583E+00 -1.956415E-03
1.558261E+00 0.000000E+00
1.557833E+00 -5.441045E-04
1.500279E+00 -3.893423E-03
1.556525E+00 -1.060604E-03
1.613200E+00 0.000000E+00
1.612766E+00 8.408310E-04
1.666877E+00 0.000000E+00
1.666434E+00 2.193654E-03
1.611442E+00 1.716993E-03
1.665083E+00 4.429680E-03
1.719355E+00 0.000000E+00
1.718900E+00 3.506736E-03
1.770719E+00 0.000000E+00
1.770250E+00 4.769454E-03
1.717514E+00 7.061827E-03
1.768825E+00 9.591659E-03
1.821072E+00 0.000000E+00
1.820590E+00 5.968520E-03
1.870541E+00 0.000000E+00
1.870047E+00 7.088840E-03
1.819127E+00 1.199198E-02
1.868552E+00 1.423204E-02
1.919272E+00 0.000000E+00
1.918769E+00 8.114871E-03
1.967425E+00 0.000000E+00
1.966920E+00 9.032242E-03
1.917254E+00 1.628041E-02
1.965402E+00 1.810835E-02
2.015171E+00 0.000000E+00
2.014671E+00 9.829312E-03
2.062683E+00 0.000000E+00
2.062195E+00 1.049835E-02
2.013171E+00 1.969294E-02
2.060738E+00 2.101939E-02
2.110127E+00 0.000000E+00
2.109659E+00 1.103615E-02
2.157658E+00 0.000000E+00
2.157218E+00 1.144417E-02
2.108268E+00 2.208218E-02
2.155913E+00 2.288508E-02
2.205413E+00 0.000000E+00
2.205006E+00 1.172815E-02
2.253507E+00 0.000000E+00
2.253139E+00 1.189756E-02
2.203807E+00 2.344044E-02
2.252057E+00 2.376787E-02
2.302033E+00 0.000000E+00
2.301707E+00 1.196479E-02
2.351057E+00 0.000000E+00
2.350774E+00 1.194435E-02
2.300751E+00 2.389272E-02
2.349947E+00 2.384433E-02
2.400623E+00 0.000000E+00
2.400383E+00 1.185198E-02
2.450752E+00 0.000000E+00
2.450553E+00 1.170382E-02
2.399684E+00 2.365431E-02
2.449977E+00 2.335491E-02
2.501445E+00 0.000000E+00
2.501285E+00 1.151568E-02
2.552685E+00 0.000000E+00
2.552560E+00 1.130244E-02
2.500823E+00 2.297754E-02
2.552202E+00 2.255161E-02
2.604442E+00 0.000000E+00
2.604348E+00 1.107756E-02
2.656672E+00 0.000000E+00
2.656605E+00 1.085284E-02
2.604081E+00 2.210366E-02
2.656417E+00 2.165685E-02
2.709324E+00 0.000000E+00
2.709281E+00 1.063822E-02
2.762340E+00 0.000000E+00
2.762316E+00 1.044183E-02
2.709159E+00 2.123067E-02
2.762251E+00 2.084101E-02
2.815658E+00 0.000000E+00
2.815650E+00 1.027002E-02
2.869212E+00 0.000000E+00
2.869218E+00 1.012746E-02
2.815632E+00 2.050024E-02
2.869239E+00 2.021745E-02
2.922936E+00 0.000000E+00
2.922954E+00 1.001701E-02
2.976765E+00 0.000000E+00
2.976793E+00 9.938126E-03
2.923010E+00 1.999821E-02
2.976881E+00 1.984117E-02
7.555554E-02 -1.122247E-01
-9.240146E-03 -1.183386E-01
1.591713E-01 -1.061425E-01
6.840737E-02 -1.496025E-01
-1.637319E-02 -1.576951E-01
1.520461E-01 -1.415579E-01
2.416151E-01 -1.000831E-01
3.228831E-01 -9.404696E-02
2.345602E-01 -1.335457E-01
3.159513E-01 -1.255625E-01
4.029574E-01 -8.804256E-02
4.818099E-01 -8.208405E-02
3.962032E-01 -1.176151E-01
4.752849E-01 -1.097188E-01
5.594050E-01 -7.618949E-02
6.357038E-01 -7.037848E-02
5.531546E-01 -1.018951E-01
6.297636E-01 -9.416876E-02
7.106667E-01 -6.466992E-02
7.842571E-01 -5.907992E-02
7.050609E-01 -8.656474E-02
7.789970E-01 -7.910544E-02
8.564424E-01 -5.362034E-02
9.271961E-01 -4.829794E-02
8.515270E-01 -7.180824E-02
9.226127E-01 -6.468421E-02
9.964979E-01 -4.311431E-02
1.064334E+00 -3.806637E-02
9.922243E-01 -5.773767E-02
1.060340E+00 -5.096672E-02
1.130695E+00 -3.314733E-02
1.195581E+00 -2.834787E-02
1.126948E+00 -4.436431E-02
1.192041E+00 -3.791975E-02
1.258992E+00 -2.365734E-02
1.320935E+00 -1.906498E-02
1.255621E+00 -3.162020E-02
1.317696E+00 -2.545226E-02
1.381422E+00 -1.456100E-02
1.440469E+00 -1.013773E-02
1.378276E+00 -1.940342E-02
1.437380E+00 -1.346372E-02
1.498098E+00 -5.790915E-03
1.554337E+00 -1.521102E-03
1.495031E+00 -7.627520E-03
1.551260E+00 -1.895695E-03
1.609227E+00 2.664699E-03
1.662823E+00 6.751403E-03
1.606110E+00 3.721946E-03
1.659640E+00 9.204182E-03
1.715195E+00 1.071459E-02
1.766441E+00 1.452022E-02
1.711928E+00 1.451651E-02
1.763080E+00 1.961081E-02
1.816677E+00 1.812592E-02
1.866049E+00 2.148413E-02
1.813227E+00 2.442746E-02
1.862527E+00 2.890037E-02
1.914720E+00 2.454689E-02
1.962868E+00 2.727115E-02
1.911159E+00 3.296416E-02
1.959312E+00 3.656187E-02
2.010673E+00 2.962360E-02
2.058314E+00 3.158384E-02
2.007176E+00 3.965130E-02
2.054933E+00 4.220881E-02
2.105958E+00 3.314575E-02
2.153753E+00 3.431725E-02
2.102746E+00 4.423045E-02
2.150757E+00 4.573102E-02
2.201824E+00 3.511893E-02
2.250273E+00 3.558195E-02
2.199084E+00 4.674181E-02
2.247816E+00 4.730753E-02
2.299178E+00 3.574563E-02
2.348590E+00 3.565476E-02
2.297018E+00 4.748287E-02
2.346731E+00 4.732891E-02
2.398539E+00 3.535706E-02
2.449035E+00 3.490072E-02
2.396975E+00 4.690966E-02
2.447751E+00 4.628891E-02
2.500068E+00 3.433229E-02
2.551617E+00 3.369505E-02
2.499042E+00 4.552758E-02
2.550823E+00 4.468175E-02
2.603645E+00 3.302783E-02
2.656111E+00 3.236428E-02
2.603056E+00 4.380131E-02
2.655698E+00 4.292925E-02
2.708963E+00 3.173267E-02
2.762147E+00 3.115592E-02
2.708699E+00 4.210146E-02
2.762009E+00 4.134686E-02
2.815604E+00 3.065185E-02
2.869277E+00 3.023347E-02
2.815571E+00 4.068787E-02
2.869332E+00 4.014071E-02
2.923104E+00 2.990861E-02
2.977026E+00 2.967508E-02
2.923236E+00 3.971502E-02
2.977229E+00 3.940757E-02
5.927871E-02 -1.869403E-01
-2.547211E-02 -1.969581E-01
1.429366E-01 -1.769910E-01
4.822130E-02 -2.242117E-01
-3.647856E-02 -2.360851E-01
1.318877E-01 -2.124323E-01
2.255299E-01 -1.670858E-01
3.070672E-01 -1.572134E-01
2.145610E-01 -2.007104E-01
2.962582E-01 -1.890238E-01
3.875348E-01 -1.473759E-01
4.668993E-01 -1.375862E-01
3.769695E-01 -1.773649E-01
4.566600E-01 -1.657409E-01
5.451115E-01 -1.278669E-01
6.221113E-01 -1.182462E-01
5.352734E-01 -1.541714E-01
6.127367E-01 -1.426860E-01
6.978330E-01 -1.087548E-01
7.722105E-01 -9.942195E-02
6.889669E-01 -1.313200E-01
7.638778E-01 -1.201097E-01
8.451823E-01 -9.027188E-02
9.166949E-01 -8.132185E-02
8.373867E-01 -1.090879E-01
9.094204E-01 -9.828053E-02
9.867054E-01 -7.258109E-02
1.055183E+00 -6.405100E-02
9.799193E-01 -8.770488E-02
1.048839E+00 -7.736872E-02
1.122106E+00 -5.572630E-02
1.187468E+00 -4.759654E-02
1.116151E+00 -6.727127E-02
1.181842E+00 -5.740463E-02
1.251266E+00 -3.964794E-02
1.313509E+00 -3.186523E-02
1.245908E+00 -4.775564E-02
1.308357E+00 -3.830811E-02
1.374209E+00 -2.423358E-02
1.433386E+00 -1.674082E-02
1.369204E+00 -2.904531E-02
1.428468E+00 -1.995282E-02
1.491064E+00 -9.379908E-03
1.547278E+00 -2.152107E-03
1.486179E+00 -1.102209E-02
1.542371E+00 -2.254780E-03
1.602074E+00 4.929531E-03
1.655516E+00 1.183655E-02
1.597096E+00 6.332188E-03
1.650425E+00 1.470150E-02
1.707692E+00 1.852239E-02
1.758722E+00 2.492212E-02
1.702459E+00 2.279168E-02
1.753335E+00 3.051702E-02
1.808753E+00 3.095591E-02
1.857965E+00 3.653678E-02
1.803227E+00 3.777338E-02
1.852338E+00 4.444995E-02
1.906555E+00 4.158103E-02
1.954729E+00 4.601873E-02
1.900892E+00 5.044420E-02
1.949112E+00 5.567526E-02
2.002685E+00 4.980136E-02
2.050607E+00 5.290558E-02
1.997206E+00 6.009230E-02
2.045357E+00 6.367723E-02
2.098654E+00 5.533346E-02
2.146958E+00 5.711037E-02
2.093714E+00 6.644322E-02
2.142398E+00 6.843085E-02
2.195623E+00 5.828150E-02
2.244725E+00 5.890760E-02
2.191493E+00 6.970302E-02
2.241056E+00 7.033932E-02
2.294313E+00 5.906041E-02
2.344413E+00 5.881811E-02
2.291118E+00 7.043025E-02
2.341687E+00 7.007167E-02
2.395032E+00 5.826102E-02
2.446160E+00 5.746782E-02
2.392756E+00 6.935978E-02
2.444304E+00 6.838706E-02
2.497775E+00 5.651266E-02
2.549845E+00 5.546294E-02
2.496301E+00 6.723920E-02
2.548712E+00 6.599309E-02
2.602332E+00 5.437807E-02
2.655193E+00 5.330878E-02
2.601497E+00 6.471567E-02
2.654612E+00 6.346362E-02
2.708379E+00 5.229714E-02
2.761844E+00 5.137689E-02
2.708015E+00 6.228357E-02
2.761661E+00 6.121263E-02
2.815536E+00 5.057394E-02
2.869407E+00 4.990695E-02
2.815505E+00 6.027913E-02
2.869504E+00 5.950325E-02
2.923406E+00 4.938677E-02
2.977487E+00 4.900897E-02
2.923616E+00 5.889644E-02
2.977799E+00 5.845284E-02
3.530326E-02 -2.613814E-01
-4.931753E-02 -2.750235E-01
1.189598E-01 -2.478634E-01
2.061061E-02 -2.984050E-01
-6.389651E-02 -3.137117E-01
1.042312E-01 -2.832567E-01
2.017046E-01 -2.344187E-01
2.835643E-01 -2.210101E-01
1.870292E-01 -2.682000E-01
2.690414E-01 -2.531796E-01
3.645346E-01 -2.076164E-01
4.445810E-01 -1.942334E-01
3.502710E-01 -2.381558E-01
4.306864E-01 -2.231078E-01
5.236411E-01 -1.808737E-01
6.016292E-01 -1.675643E-01
5.102217E-01 -2.080348E-01
5.887796E-01 -1.929562E-01
6.784431E-01 -1.543430E-01
7.539729E-01 -1.412530E-01
6.662384E-01 -1.779084E-01
7.424624E-01 -1.629406E-01
8.281105E-01 -1.283376E-01
9.007582E-01 -1.156346E-01
8.173138E-01 -1.481078E-01
8.906654E-01 -1.334639E-01
9.718351E-01 -1.031733E-01
1.041281E+00 -9.097221E-02
9.624098E-01 -1.190556E-01
1.032466E+00 -1.049179E-01
1.109055E+00 -7.903896E-02
1.175137E+00 -6.737110E-02
1.100778E+00 -9.107190E-02
1.167319E+00 -7.752459E-02
1.239522E+00 -5.595815E-02
1.302217E+00 -4.478411E-02
1.232078E+00 -6.427067E-02
1.295060E+00 -5.129557E-02
1.363238E+00 -3.383063E-02
1.422606E+00 -2.308093E-02
1.356284E+00 -3.857962E-02
1.415771E+00 -2.610329E-02
1.480351E+00 -1.252464E-02
1.536513E+00 -2.163804E-03
1.473554E+00 -1.385384E-02
1.529674E+00 -1.833640E-03
1.591147E+00 7.979944E-03
1.644335E+00 1.785810E-02
1.584193E+00 9.929789E-03
1.637204E+00 2.137335E-02
1.696193E+00 2.739005E-02
1.746883E+00 3.646372E-02
1.688847E+00 3.239119E-02
1.739318E+00 4.283689E-02
1.796612E+00 4.494513E-02
1.845618E+00 5.269644E-02
1.788865E+00 5.253957E-02
1.837772E+00 6.133133E-02
1.894154E+00 5.959669E-02
1.942462E+00 6.555794E-02
1.886324E+00 6.907523E-02
1.934782E+00 7.568298E-02
1.990756E+00 7.053306E-02
2.039214E+00 7.451586E-02
1.983360E+00 8.111966E-02
2.032226E+00 8.539957E-02
2.087974E+00 7.753697E-02
2.137134E+00 7.965762E-02
2.081495E+00 8.857831E-02
2.131239E+00 9.074385E-02
2.186757E+00 8.096267E-02
2.236875E+00 8.155338E-02
2.181493E+00 9.200732E-02
2.232261E+00 9.249406E-02
2.287498E+00 8.154040E-02
2.338615E+00 8.103727E-02
2.283529E+00 9.233548E-02
2.335266E+00 9.166203E-02
2.390203E+00 8.015510E-02
2.442231E+00 7.899840E-02
2.387435E+00 9.059783E-02
2.439994E+00 8.925699E-02
2.494662E+00 7.766227E-02
2.547457E+00 7.623076E-02
2.492900E+00 8.774137E-02
2.546113E+00 8.613957E-02
2.600575E+00 7.477616E-02
2.653976E+00 7.335910E-02
2.599593E+00 8.452689E-02
2.653303E+00 8.296579E-02
2.707620E+00 7.202901E-02
2.761468E+00 7.082496E-02
2.707207E+00 8.150679E-02
2.761274E+00 8.018949E-02
2.815482E+00 6.977652E-02
2.869625E+00 6.890448E-02
2.815472E+00 7.904361E-02
2.869773E+00 7.808974E-02
2.923863E+00 6.822029E-02
2.978163E+00 6.771655E-02
2.924148E+00 7.733873E-02
2.978574E+00 7.678159E-02
4.248071E-03 -3.352296E-01
-8.010525E-02 -3.520800E-01
8.779955E-02 -3.185754E-01
-1.366107E-02 -3.717958E-01
-9.781649E-02 -3.900535E-01
6.978250E-02 -3.537741E-01
1.706228E-01 -3.020337E-01
2.527647E-01 -2.855285E-01
1.525947E-01 -3.358886E-01
2.348313E-01 -3.180412E-01
3.342374E-01 -2.689978E-01
4.150152E-01 -2.523981E-01
3.165141E-01 -3.001441E-01
3.976258E-01 -2.821255E-01
4.950321E-01 -2.357083E-01
5.741826E-01 -2.189326E-01
4.781045E-01 -2.639361E-01
5.578417E-01 -2.455558E-01
6.523275E-01 -2.021004E-01
7.293047E-01 -1.852638E-01
6.366855E-01 -2.269988E-01
7.144505E-01 -2.083145E-01
8.049442E-01 -1.684905E-01
8.790841E-01 -1.518549E-01
7.909344E-01 -1.895824E-01
8.659375E-01 -1.709013E-01
9.515849E-01 -1.354277E-01
1.022339E+00 -1.192681E-01
9.392820E-01 -1.523742E-01
1.010826E+00 -1.340934E-01
1.091272E+00 -1.034172E-01
1.158342E+00 -8.789671E-02
1.080468E+00 -1.161291E-01
1.148148E+00 -9.852415E-02
1.223534E+00 -7.270969E-02
1.286850E+00 -5.784451E-02
1.213840E+00 -8.129445E-02
1.277541E+00 -6.443330E-02
1.348307E+00 -4.328036E-02
1.407930E+00 -2.899436E-02
1.339267E+00 -4.791897E-02
1.399043E+00 -3.172435E-02
1.465751E+00 -1.497059E-02
1.521814E+00 -1.211518E-03
1.456900E+00 -1.582908E-02
1.512887E+00 -2.353621E-04
1.576188E+00 1.224779E-02
1.628982E+00 2.532465E-02
1.567079E+00 1.501185E-02
1.619605E+00 2.980286E-02
1.680366E+00 3.787896E-02
1.730582E+00 4.971874E-02
1.670678E+00 4.394983E-02
1.720606E+00 5.719944E-02
1.779937E+00 6.062747E-02
1.828767E+00 7.040566E-02
1.769772E+00 6.927983E-02
1.818573E+00 7.996208E-02
1.877393E+00 7.890652E-02
1.926089E+00 8.605211E-02
1.867364E+00 8.910185E-02
1.916418E+00 9.664727E-02
1.975062E+00 9.183128E-02
2.024456E+00 9.628922E-02
1.965924E+00 1.026257E-01
2.015991E+00 1.071254E-01
2.074357E+00 9.951507E-02
2.124803E+00 1.016298E-01
2.066662E+00 1.102778E-01
2.117935E+00 1.122426E-01
2.175794E+00 1.027745E-01
2.227306E+00 1.031001E-01
2.169770E+00 1.131936E-01
2.222111E+00 1.133066E-01
2.279297E+00 1.027582E-01
2.331718E+00 1.018940E-01
2.274893E+00 1.127513E-01
2.328049E+00 1.116843E-01
2.384518E+00 1.006420E-01
2.437647E+00 9.912266E-02
2.381518E+00 1.102466E-01
2.435246E+00 1.085614E-01
2.491060E+00 9.744158E-02
2.544716E+00 9.568913E-02
2.489186E+00 1.067346E-01
2.543299E+00 1.048557E-01
2.598577E+00 9.394118E-02
2.652612E+00 9.226003E-02
2.597552E+00 1.029989E-01
2.651920E+00 1.012243E-01
2.706790E+00 9.069568E-02
2.761087E+00 8.928695E-02
2.706381E+00 9.958018E-02
2.760915E+00 9.810335E-02
2.815480E+00 8.806272E-02
2.869946E+00 8.704264E-02
2.815508E+00 9.682105E-02
2.870146E+00 9.575141E-02
2.924468E+00 8.623653E-02
2.979027E+00 8.563378E-02
2.924819E+00 9.490288E-02
2.979518E+00 9.426333E-02
-3.297613E-02 -4.080395E-01
-1.168875E-01 -4.275548E-01
5.031705E-02 -3.888012E-01
-5.354101E-02 -4.438954E-01
-1.371621E-01 -4.645072E-01
2.955812E-02 -4.236008E-01
1.330758E-01 -3.697247E-01
2.153621E-01 -3.506901E-01
1.122180E-01 -4.034950E-01
1.945028E-01 -3.834373E-01
2.972067E-01 -3.315817E-01
3.786015E-01 -3.122945E-01
2.764485E-01 -3.632832E-01
3.580547E-01 -3.428909E-01
4.594925E-01 -2.927431E-01
5.397745E-01 -2.728731E-01
4.392767E-01 -3.221319E-01
5.200198E-01 -3.009079E-01
6.192916E-01 -2.526724E-01
6.978436E-01 -2.321794E-01
6.001357E-01 -2.791694E-01
6.794250E-01 -2.569321E-01
7.752011E-01 -2.114816E-01
8.511265E-01 -1.907045E-01
7.576450E-01 -2.342835E-01
8.345264E-01 -2.113729E-01
9.253976E-01 -1.699908E-01
9.978278E-01 -1.494767E-01
9.097983E-01 -1.883874E-01
9.832171E-01 -1.655180E-01
1.068278E+00 -1.292726E-01
1.136661E+00 -1.094518E-01
1.054589E+00 -1.429291E-01
1.123783E+00 -1.207373E-01
1.202931E+00 -9.004910E-02
1.267078E+00 -7.106575E-02
1.190726E+00 -9.900576E-02
1.255390E+00 -7.774871E-02
1.329113E+00 -5.247967E-02
1.389060E+00 -3.425828E-02
1.317782E+00 -5.694493E-02
1.377921E+00 -3.655495E-02
1.446951E+00 -1.637501E-02
1.502834E+00 1.168980E-03
1.435839E+00 -1.654321E-02
1.491585E+00 3.091543E-03
1.556795E+00 1.831549E-02
1.608991E+00 3.491639E-02
1.545253E+00 2.227298E-02
1.597041E+00 4.079640E-02
1.659696E+00 5.071554E-02
1.709310E+00 6.537657E-02
1.647315E+00 5.830553E-02
1.696604E+00 7.435208E-02
1.758313E+00 7.856351E-02
1.807170E+00 9.002822E-02
1.745510E+00 8.853342E-02
1.794560E+00 1.006068E-01
1.856257E+00 9.964987E-02
1.905832E+00 1.074243E-01
1.844127E+00 1.105074E-01
1.894427E+00 1.183059E-01
1.956042E+00 1.134349E-01
2.006946E+00 1.178259E-01
1.945544E+00 1.241610E-01
1.997469E+00 1.282853E-01
2.058537E+00 1.207797E-01
2.110761E+00 1.224985E-01
2.050131E+00 1.309183E-01
2.103424E+00 1.323054E-01
2.163540E+00 1.231885E-01
2.216785E+00 1.230483E-01
2.157232E+00 1.326819E-01
2.211440E+00 1.322630E-01
2.270411E+00 1.222608E-01
2.324339E+00 1.209897E-01
2.265946E+00 1.312392E-01
2.320664E+00 1.297748E-01
2.378501E+00 1.193775E-01
2.432841E+00 1.175465E-01
2.375527E+00 1.280094E-01
2.430482E+00 1.260602E-01
2.487317E+00 1.155997E-01
2.541892E+00 1.136230E-01
2.485490E+00 1.240244E-01
2.540524E+00 1.219820E-01
2.596541E+00 1.116866E-01
2.651245E+00 1.098476E-01
2.595564E+00 1.199981E-01
2.650599E+00 1.181248E-01
2.705989E+00 1.081506E-01
2.760762E+00 1.066300E-01
2.705623E+00 1.164029E-01
2.760633E+00 1.148635E-01
2.815558E+00 1.053107E-01
2.870371E+00 1.042089E-01
2.815630E+00 1.135287E-01
2.870617E+00 1.124125E-01
2.925198E+00 1.033314E-01
2.980038E+00 1.026648E-01
2.925599E+00 1.115200E-01
2.980581E+00 1.108367E-01
-7.518657E-02 -4.792995E-01
-1.584732E-01 -5.008374E-01
7.676390E-03 -4.581168E-01
-9.773279E-02 -5.141923E-01
-1.806443E-01 -5.364777E-01
-1.514381E-02 -4.922964E-01
9.019278E-02 -4.371497E-01
1.724229E-01 -4.162383E-01
6.718916E-02 -4.706410E-01
1.493145E-01 -4.490471E-01
2.544013E-01 -3.952091E-01
3.361294E-01 -3.738807E-01
2.312543E-01 -4.273113E-01
3.130008E-01 -4.052114E-01
4.175701E-01 -3.520776E-01
4.986439E-01 -3.296509E-01
3.945177E-01 -3.825238E-01
4.757455E-01 -3.590500E-01
5.792262E-01 -3.065047E-01
6.591410E-01 -2.826205E-01
5.565995E-01 -3.346464E-01
6.369558E-01 -3.092512E-01
7.381564E-01 -2.580713E-01
8.159873E-01 -2.330187E-01
7.166266E-01 -2.829029E-01
7.953404E-01 -2.557506E-01
8.923159E-01 -2.076906E-01
9.668275E-01 -1.823407E-01
8.727454E-01 -2.280444E-01
9.484470E-01 -2.000987E-01
1.039251E+00 -1.572034E-01
1.109388E+00 -1.324575E-01
1.022068E+00 -1.722342E-01
1.093309E+00 -1.447173E-01
1.177119E+00 -1.082090E-01
1.242390E+00 -8.449424E-02
1.161974E+00 -1.177222E-01
1.227966E+00 -9.132307E-02
1.305196E+00 -6.129576E-02
1.365553E+00 -3.856538E-02
1.291259E+00 -6.551215E-02
1.351864E+00 -4.023073E-02
1.423489E+00 -1.625437E-02
1.479049E+00 5.643639E-03
1.409802E+00 -1.541028E-02
1.465113E+00 8.965789E-03
1.532342E+00 2.702670E-02
1.583626E+00 4.760371E-02
1.517920E+00 3.275797E-02
1.568579E+00 5.553708E-02
1.633403E+00 6.686801E-02
1.682391E+00 8.422475E-02
1.617809E+00 7.656683E-02
1.666583E+00 9.507469E-02
1.731328E+00 9.921956E-02
1.780779E+00 1.116624E-01
1.715773E+00 1.106076E-01
1.765922E+00 1.231048E-01
1.831075E+00 1.215890E-01
1.882350E+00 1.291752E-01
1.817261E+00 1.327558E-01
1.869803E+00 1.398715E-01
1.934601E+00 1.346741E-01
1.987736E+00 1.383765E-01
1.923430E+00 1.448149E-01
1.977955E+00 1.479576E-01
2.041614E+00 1.405803E-01
2.096078E+00 1.415695E-01
2.033170E+00 1.496498E-01
2.088878E+00 1.502026E-01
2.150979E+00 1.416006E-01
2.206184E+00 1.408969E-01
2.144908E+00 1.498818E-01
2.201120E+00 1.489085E-01
2.261585E+00 1.396486E-01
2.317096E+00 1.380146E-01
2.257408E+00 1.474640E-01
2.313694E+00 1.456961E-01
2.372653E+00 1.361267E-01
2.428211E+00 1.340937E-01
2.369924E+00 1.437249E-01
2.426062E+00 1.416479E-01
2.483739E+00 1.320044E-01
2.539217E+00 1.299316E-01
2.482087E+00 1.395442E-01
2.537990E+00 1.374777E-01
2.594636E+00 1.279336E-01
2.649993E+00 1.260572E-01
2.593771E+00 1.355000E-01
2.649434E+00 1.336518E-01
2.705288E+00 1.243387E-01
2.760529E+00 1.228054E-01
2.704990E+00 1.319646E-01
2.760452E+00 1.304619E-01
2.815724E+00 1.214765E-01
2.870882E+00 1.203637E-01
2.815837E+00 1.291600E-01
2.871160E+00 1.280682E-01
2.926016E+00 1.194705E-01
2.981138E+00 1.187815E-01
2.926442E+00 1.271885E-01
2.981700E+00 1.265052E-01
-1.209900E-01 -5.485212E-01
-2.034904E-01 -5.713667E-01
-3.870576E-02 -5.260950E-01
-1.447581E-01 -5.822432E-01
-2.268163E-01 -6.054486E-01
-6.279938E-02 -5.594812E-01
4.341281E-02 -5.039287E-01
1.253905E-01 -4.818223E-01
1.908666E-02 -5.369883E-01
1.008832E-01 -5.145347E-01
2.072204E-01 -4.595387E-01
2.888689E-01 -4.368133E-01
1.825298E-01 -4.918407E-01
2.639467E-01 -4.686003E-01
3.702921E-01 -4.133804E-01
4.514542E-01 -3.890041E-01
3.450782E-01 -4.445224E-01
4.259226E-01 -4.193618E-01
5.323281E-01 -3.635040E-01
6.128694E-01 -3.367720E-01
5.065253E-01 -3.929239E-01
5.869380E-01 -3.650604E-01
6.929709E-01 -3.087908E-01
7.724153E-01 -2.796578E-01
6.671598E-01 -3.356795E-01
7.470725E-01 -3.047822E-01
8.508502E-01 -2.496040E-01
9.278087E-01 -2.189815E-01
8.263806E-01 -2.725159E-01
9.045887E-01 -2.392119E-01
1.002783E+00 -1.882055E-01
1.075322E+00 -1.576639E-01
9.810537E-01 -2.053611E-01
1.055121E+00 -1.715057E-01
1.145108E+00 -1.276382E-01
1.211969E+00 -9.827002E-02
1.126272E+00 -1.380956E-01
1.194203E+00 -1.053934E-01
1.275846E+00 -6.957402E-02
1.336738E+00 -4.147939E-02
1.258794E+00 -7.346321E-02
1.320024E+00 -4.222270E-02
1.394656E+00 -1.388697E-02
1.449629E+00 1.323990E-02
1.377893E+00 -1.152392E-02
1.432398E+00 1.870893E-02
1.501799E+00 3.970326E-02
1.551687E+00 6.484182E-02
1.483719E+00 4.817879E-02
1.532676E+00 7.581318E-02
1.600364E+00 8.756850E-02
1.649128E+00 1.069357E-01
1.580907E+00 1.000085E-01
1.630051E+00 1.197516E-01
1.698922E+00 1.226123E-01
1.750170E+00 1.347709E-01
1.680963E+00 1.350462E-01
1.733812E+00 1.464083E-01
1.802929E+00 1.438071E-01
1.857050E+00 1.501916E-01
1.788409E+00 1.544802E-01
1.844414E+00 1.599008E-01
1.912284E+00 1.544022E-01
1.968350E+00 1.568826E-01
1.901445E+00 1.632498E-01
1.959152E+00 1.650174E-01
2.024988E+00 1.580184E-01
2.081975E+00 1.581307E-01
2.017246E+00 1.655983E-01
2.075504E+00 1.653022E-01
2.139135E+00 1.574794E-01
2.196337E+00 1.562725E-01
2.133763E+00 1.643685E-01
2.191908E+00 1.629824E-01
2.253483E+00 1.546752E-01
2.310511E+00 1.528193E-01
2.249865E+00 1.612877E-01
2.307586E+00 1.593973E-01
2.367379E+00 1.508104E-01
2.424064E+00 1.487332E-01
2.365046E+00 1.574004E-01
2.422237E+00 1.553686E-01
2.480556E+00 1.466558E-01
2.536858E+00 1.446335E-01
2.479161E+00 1.533590E-01
2.535830E+00 1.514179E-01
2.592977E+00 1.427102E-01
2.648928E+00 1.409207E-01
2.592261E+00 1.495822E-01
2.648478E+00 1.478808E-01
2.704729E+00 1.392919E-01
2.760400E+00 1.378434E-01
2.704506E+00 1.463361E-01
2.760372E+00 1.449643E-01
2.815965E+00 1.365887E-01
2.871446E+00 1.355351E-01
2.816104E+00 1.437760E-01
2.871733E+00 1.427768E-01
2.926868E+00 1.346831E-01
2.982256E+00 1.340168E-01
2.927288E+00 1.419661E-01
2.982797E+00 1.413282E-01
-1.688219E-01 -6.153261E-01
-2.504112E-01 -6.386700E-01
-8.719618E-02 -5.924434E-01
-1.929401E-01 -6.477520E-01
-2.740370E-01 -6.709732E-01
-1.116368E-01 -6.249994E-01
-5.544621E-03 -5.698185E-01
7.604295E-02 -5.471720E-01
-3.020549E-02 -6.024515E-01
5.113226E-02 -5.797371E-01
1.574173E-01 -5.241663E-01
2.384386E-01 -5.004650E-01
1.320982E-01 -5.564501E-01
2.125106E-01 -5.322684E-01
3.190530E-01 -4.757900E-01
3.993132E-01 -4.499284E-01
2.923631E-01 -5.069930E-01
3.717854E-01 -4.804846E-01
4.793439E-01 -4.226988E-01
5.592882E-01 -3.939225E-01
4.509691E-01 -4.525906E-01
5.301195E-01 -4.231096E-01
6.392542E-01 -3.634257E-01
7.192531E-01 -3.310794E-01
6.094276E-01 -3.917939E-01
6.890335E-01 -3.583799E-01
7.991185E-01 -2.968753E-01
8.784201E-01 -2.610237E-01
7.689534E-01 -3.226580E-01
8.489513E-01 -2.845997E-01
9.564379E-01 -2.240128E-01
1.032277E+00 -1.865406E-01
9.283879E-01 -2.445252E-01
1.006190E+00 -2.031896E-01
1.105112E+00 -1.493067E-01
1.174394E+00 -1.127915E-01
1.081106E+00 -1.616050E-01
1.152146E+00 -1.206353E-01
1.239884E+00 -7.716760E-02
1.301528E+00 -4.234858E-02
1.218816E+00 -8.069033E-02
1.280986E+00 -4.171132E-02
1.359300E+00 -8.106559E-03
1.413145E+00 2.571065E-02
1.338588E+00 -3.335360E-03
1.391466E+00 3.473932E-02
1.463314E+00 5.861663E-02
1.511219E+00 8.877786E-02
1.440062E+00 7.160848E-02
1.486988E+00 1.040135E-01
1.559352E+00 1.139225E-01
1.609534E+00 1.333193E-01
1.535808E+00 1.291328E-01
1.588004E+00 1.472270E-01
1.662252E+00 1.475887E-01
1.717276E+00 1.576701E-01
1.643350E+00 1.597701E-01
1.701119E+00 1.681342E-01
1.774120E+00 1.644643E-01
1.832253E+00 1.687573E-01
1.760535E+00 1.734386E-01
1.820931E+00 1.765480E-01
1.891198E+00 1.711897E-01
1.950574E+00 1.722574E-01
1.881804E+00 1.780981E-01
1.942797E+00 1.785428E-01
2.010099E+00 1.723331E-01
2.069576E+00 1.716943E-01
2.003672E+00 1.782048E-01
2.064274E+00 1.773152E-01
2.128868E+00 1.705483E-01
2.187891E+00 1.690512E-01
2.124510E+00 1.760421E-01
2.184325E+00 1.745104E-01
2.246593E+00 1.673225E-01
2.304947E+00 1.654550E-01
2.243694E+00 1.728148E-01
2.302613E+00 1.710287E-01
2.362946E+00 1.635218E-01
2.420596E+00 1.615811E-01
2.361092E+00 1.692098E-01
2.419148E+00 1.674044E-01
2.477910E+00 1.596798E-01
2.534911E+00 1.578557E-01
2.476809E+00 1.656497E-01
2.534106E+00 1.639758E-01
2.591626E+00 1.561388E-01
2.648085E+00 1.545530E-01
2.591073E+00 1.624069E-01
2.647747E+00 1.609619E-01
2.704319E+00 1.531165E-01
2.760362E+00 1.518421E-01
2.704166E+00 1.596554E-01
2.760369E+00 1.584974E-01
2.816249E+00 1.507382E-01
2.872014E+00 1.498087E-01
2.816395E+00 1.574942E-01
2.872283E+00 1.566485E-01
2.927691E+00 1.490521E-01
2.983313E+00 1.484536E-01
2.928071E+00 1.559581E-01
2.983795E+00 1.554093E-01
-2.168218E-01 -6.795217E-01
-2.974037E-01 -7.022837E-01
-1.358049E-01 -6.572137E-01
-2.400744E-01 -7.106707E-01
-3.201178E-01 -7.324845E-01
-1.592784E-01 -6.892245E-01
-5.457828E-02 -6.349580E-01
2.640148E-02 -6.122252E-01
-7.831228E-02 -6.674256E-01
2.017035E-03 -6.445577E-01
1.067244E-01 -5.885806E-01
1.862594E-01 -5.638303E-01
8.132820E-02 -6.203646E-01
1.597053E-01 -5.949412E-01
2.651139E-01 -5.379261E-01
3.434903E-01 -5.108134E-01
2.373810E-01 -5.683990E-01
3.145737E-01 -5.407294E-01
4.216078E-01 -4.823610E-01
4.996884E-01 -4.523492E-01
3.914754E-01 -5.118011E-01
4.682789E-01 -4.813805E-01
5.779609E-01 -4.204769E-01
6.566580E-01 -3.863758E-01
5.452050E-01 -4.491398E-01
6.225202E-01 -4.146552E-01
7.359770E-01 -3.496462E-01
8.159703E-01 -3.099523E-01
7.005393E-01 -3.774025E-01
7.795825E-01 -3.367801E-01
8.963170E-01 -2.672335E-01
9.760331E-01 -2.220142E-01
8.598102E-01 -2.922342E-01
9.407979E-01 -2.436335E-01
1.053457E+00 -1.755248E-01
1.126850E+00 -1.292328E-01
1.020930E+00 -1.919072E-01
1.097504E+00 -1.391682E-01
1.195149E+00 -8.407120E-02
1.258030E+00 -4.011442E-02
1.168203E+00 -8.744082E-02
1.232126E+00 -3.727906E-02
1.315342E+00 3.233919E-03
1.366728E+00 4.656432E-02
1.288914E+00 1.231988E-02
1.337863E+00 6.245506E-02
1.413240E+00 8.791585E-02
1.459843E+00 1.215382E-01
1.382043E+00 1.082726E-01
1.430238E+00 1.407439E-01
1.510771E+00 1.451108E-01
1.566225E+00 1.608153E-01
1.485326E+00 1.608780E-01
1.545332E+00 1.732092E-01
1.625031E+00 1.709968E-01
1.685985E+00 1.773637E-01
1.608210E+00 1.806539E-01
1.672503E+00 1.850066E-01
1.748123E+00 1.811305E-01
1.810768E+00 1.831290E-01
1.737285E+00 1.873783E-01
1.802005E+00 1.884538E-01
1.873472E+00 1.839166E-01
1.935956E+00 1.838675E-01
1.866348E+00 1.886619E-01
1.930138E+00 1.882792E-01
1.998050E+00 1.832370E-01
2.059655E+00 1.822037E-01
1.993285E+00 1.874909E-01
2.055749E+00 1.864250E-01
2.120722E+00 1.808957E-01
2.181231E+00 1.794079E-01
2.117524E+00 1.851736E-01
2.178621E+00 1.838048E-01
2.241183E+00 1.778118E-01
2.300594E+00 1.761635E-01
2.239067E+00 1.823706E-01
2.298893E+00 1.809117E-01
2.359489E+00 1.745069E-01
2.417899E+00 1.728777E-01
2.358139E+00 1.794609E-01
2.416848E+00 1.780446E-01
2.475861E+00 1.713047E-01
2.533415E+00 1.698114E-01
2.475065E+00 1.766845E-01
2.532836E+00 1.753983E-01
2.590601E+00 1.684165E-01
2.647463E+00 1.671349E-01
2.590208E+00 1.742003E-01
2.647230E+00 1.731018E-01
2.704044E+00 1.659779E-01
2.760387E+00 1.649532E-01
2.703949E+00 1.721112E-01
2.760411E+00 1.712345E-01
2.816535E+00 1.640654E-01
2.872532E+00 1.633160E-01
2.816665E+00 1.704748E-01
2.872755E+00 1.698329E-01
2.928418E+00 1.627027E-01
2.984233E+00 1.622132E-01
2.928726E+00 1.693064E-01
2.984619E+00 1.688846E-01
-2.620814E-01 -7.413165E-01
-3.415632E-01 -7.613632E-01
-1.814649E-01 -7.212632E-01
-2.816898E-01 -7.717953E-01
-3.605686E-01 -7.884835E-01
-2.016940E-01 -7.534875E-01
-1.011348E-01 -6.998380E-01
-2.206591E-02 -6.764816E-01
-1.231764E-01 -7.317923E-01
-4.615691E-02 -7.075702E-01
5.580718E-02 -6.515372E-01
1.328271E-01 -6.254104E-01
3.000931E-02 -6.818619E-01
1.056213E-01 -6.551236E-01
2.092356E-01 -5.982709E-01
2.851810E-01 -5.700988E-01
1.807629E-01 -6.274685E-01
2.554552E-01 -5.988434E-01
3.607823E-01 -5.407494E-01
4.361725E-01 -5.099833E-01
3.297228E-01 -5.690954E-01
4.036241E-01 -5.379914E-01
5.115278E-01 -4.774709E-01
5.870921E-01 -4.427785E-01
4.772689E-01 -5.052165E-01
5.508377E-01 -4.703566E-01
6.632038E-01 -4.053395E-01
7.403183E-01 -3.644159E-01
6.246113E-01 -4.328616E-01
6.990217E-01 -3.919831E-01
8.189877E-01 -3.190804E-01
8.996381E-01 -2.683538E-01
7.747278E-01 -3.466755E-01
8.526919E-01 -2.954558E-01
9.817286E-01 -2.119162E-01
1.062320E+00 -1.515922E-01
9.339875E-01 -2.364239E-01
1.018017E+00 -1.686765E-01
1.136801E+00 -9.117270E-02
1.202430E+00 -3.278028E-02
1.098557E+00 -9.636573E-02
1.167435E+00 -2.589894E-02
1.258176E+00 2.523575E-02
1.303041E+00 8.449473E-02
1.220795E+00 4.477481E-02
1.259822E+00 1.152269E-01
1.346299E+00 1.325647E-01
1.399784E+00 1.600558E-01
1.308259E+00 1.582478E-01
1.371556E+00 1.770305E-01
1.461246E+00 1.750525E-01
1.526685E+00 1.835073E-01
1.440707E+00 1.862431E-01
1.511510E+00 1.911345E-01
1.593750E+00 1.882862E-01
1.661171E+00 1.908973E-01
1.582268E+00 1.937677E-01
1.652287E+00 1.951043E-01
1.728295E+00 1.921701E-01
1.794793E+00 1.925818E-01
1.721293E+00 1.956426E-01
1.789197E+00 1.956641E-01
1.860512E+00 1.924214E-01
1.925385E+00 1.918729E-01
1.855991E+00 1.953397E-01
1.921707E+00 1.947794E-01
1.989398E+00 1.910592E-01
2.052567E+00 1.900658E-01
1.986394E+00 1.940579E-01
2.050107E+00 1.932282E-01
2.114920E+00 1.889549E-01
2.176498E+00 1.877727E-01
2.112907E+00 1.923292E-01
2.174856E+00 1.913908E-01
2.237345E+00 1.865555E-01
2.297509E+00 1.853315E-01
2.236013E+00 1.904363E-01
2.296440E+00 1.894847E-01
2.357042E+00 1.841241E-01
2.415995E+00 1.829522E-01
2.356194E+00 1.885516E-01
2.415335E+00 1.876498E-01
2.474419E+00 1.818315E-01
2.532367E+00 1.807749E-01
2.473920E+00 1.867901E-01
2.532007E+00 1.859815E-01
2.589892E+00 1.797931E-01
2.647045E+00 1.788942E-01
2.589650E+00 1.852314E-01
2.646904E+00 1.845455E-01
2.703877E+00 1.780845E-01
2.760438E+00 1.773681E-01
2.703825E+00 1.839281E-01
2.760464E+00 1.833821E-01
2.816779E+00 1.767473E-01
2.872947E+00 1.762222E-01
2.816873E+00 1.829088E-01
2.873101E+00 1.825082E-01
2.928987E+00 1.757908E-01
2.984945E+00 1.754442E-01
2.929197E+00 1.821786E-01
2.985206E+00 1.819132E-01
-2.967196E-01 -8.026959E-01
-3.740632E-01 -8.128242E-01
-2.201041E-01 -7.851321E-01
-3.061667E-01 -8.320259E-01
-3.705817E-01 -8.319778E-01
-2.385006E-01 -8.140478E-01
-1.451821E-01 -7.624346E-01
-7.061731E-02 -7.374666E-01
-1.678544E-01 -7.911182E-01
-9.558215E-02 -7.660388E-01
3.855027E-03 -7.112390E-01
7.812984E-02 -6.840564E-01
-2.263303E-02 -7.396167E-01
5.041956E-02 -7.121369E-01
1.520602E-01 -6.559730E-01
2.255298E-01 -6.269241E-01
1.232131E-01 -6.836746E-01
1.955080E-01 -6.541909E-01
2.984669E-01 -5.967659E-01
3.708507E-01 -5.652835E-01
2.671431E-01 -6.235677E-01
3.380163E-01 -5.916195E-01
4.427159E-01 -5.321853E-01
5.141560E-01 -4.970864E-01
4.080863E-01 -5.580810E-01
4.773496E-01 -5.225885E-01
5.853430E-01 -4.594765E-01
6.565757E-01 -4.186614E-01
5.458467E-01 -4.846680E-01
6.136920E-01 -4.436882E-01
7.283641E-01 -3.736532E-01
8.015932E-01 -3.229532E-01
6.811197E-01 -3.987520E-01
7.485664E-01 -3.485107E-01
8.778701E-01 -2.641060E-01
9.599060E-01 -1.929876E-01
8.169269E-01 -2.907625E-01
8.883654E-01 -2.212993E-01
1.047536E+00 -1.064746E-01
1.123778E+00 -1.527354E-02
9.696352E-01 -1.294402E-01
1.061312E+00 2.079104E-03
1.171260E+00 7.753674E-02
1.208981E+00 1.534055E-01
1.100532E+00 1.355160E-01
1.165812E+00 1.849280E-01
1.274242E+00 1.799554E-01
1.349368E+00 1.893616E-01
1.251780E+00 1.936256E-01
1.335743E+00 1.967062E-01
1.425481E+00 1.938006E-01
1.500541E+00 1.961266E-01
1.416339E+00 1.982571E-01
1.493996E+00 1.990981E-01
1.574057E+00 1.973425E-01
1.645962E+00 1.979031E-01
1.569164E+00 1.995310E-01
1.642194E+00 1.997070E-01
1.716319E+00 1.980485E-01
1.785224E+00 1.979185E-01
1.713354E+00 1.997132E-01
1.782855E+00 1.996037E-01
1.852783E+00 1.976010E-01
1.919097E+00 1.971543E-01
1.850870E+00 1.994139E-01
1.917540E+00 1.991682E-01
1.984261E+00 1.966190E-01
2.048360E+00 1.960247E-01
1.982987E+00 1.988841E-01
2.047318E+00 1.985745E-01
2.111478E+00 1.953936E-01
2.173690E+00 1.947429E-01
2.110625E+00 1.982492E-01
2.172994E+00 1.979164E-01
2.235068E+00 1.940867E-01
2.295680E+00 1.934361E-01
2.234503E+00 1.975822E-01
2.295226E+00 1.972520E-01
2.355592E+00 1.928007E-01
2.414867E+00 1.921886E-01
2.355232E+00 1.969304E-01
2.414587E+00 1.966210E-01
2.473567E+00 1.916063E-01
2.531751E+00 1.910596E-01
2.473355E+00 1.963271E-01
2.531599E+00 1.960514E-01
2.589478E+00 1.905529E-01
2.646806E+00 1.900901E-01
2.589377E+00 1.957961E-01
2.646748E+00 1.955630E-01
2.703790E+00 1.896737E-01
2.760485E+00 1.893054E-01
2.703770E+00 1.953533E-01
2.760498E+00 1.951680E-01
2.816942E+00 1.889862E-01
2.873215E+00 1.887159E-01
2.816985E+00 1.950073E-01
2.873284E+00 1.948711E-01
2.929350E+00 1.884933E-01
2.985395E+00 1.883137E-01
2.929444E+00 1.947590E-01
2.985511E+00 1.946684E-01
1.150243E+00 2.010000E-01
1.049287E+00 2.010000E-01
1.165812E+00 2.170720E-01
1.100532E+00 2.664840E-01
1.244320E+00 2.010000E-01
1.331255E+00 2.010000E-01
1.251780E+00 2.083744E-01
1.335743E+00 2.052938E-01
1.413319E+00 2.010000E-01
1.491829E+00 2.010000E-01
1.416339E+00 2.037429E-01
1.493996E+00 2.029019E-01
1.567543E+00 2.010000E-01
1.640944E+00 2.010000E-01
1.569164E+00 2.024690E-01
1.642194E+00 2.022930E-01
1.712370E+00 2.010000E-01
1.782069E+00 2.010000E-01
1.713354E+00 2.022868E-01
1.782855E+00 2.023963E-01
1.850234E+00 2.010000E-01
1.917023E+00 2.010000E-01
1.850870E+00 2.025861E-01
1.917540E+00 2.028318E-01
1.982564E+00 2.010000E-01
2.046971E+00 2.010000E-01
1.982987E+00 2.031159E-01
2.047318E+00 2.034255E-01
2.110341E+00 2.010000E-01
2.172762E+00 2.010000E-01
2.110625E+00 2.037508E-01
2.172994E+00 2.040836E-01
2.234315E+00 2.010000E-01
2.295075E+00 2.010000E-01
2.234503E+00 2.044178E-01
2.295226E+00 2.047480E-01
2.355112E+00 2.010000E-01
2.414494E+00 2.010000E-01
2.355232E+00 2.050696E-01
2.414587E+00 2.053790E-01
2.473285E+00 2.010000E-01
2.531548E+00 2.010000E-01
2.473355E+00 2.056729E-01
2.531599E+00 2.059486E-01
2.589343E+00 2.010000E-01
2.646729E+00 2.010000E-01
2.589377E+00 2.062039E-01
2.646748E+00 2.064370E-01
2.703764E+00 2.010000E-01
2.760503E+00 2.010000E-01
2.703770E+00 2.066467E-01
2.760498E+00 2.068320E-01
2.817000E+00 2.010000E-01
2.873307E+00 2.010000E-01
2.816985E+00 2.069927E-01
2.873284E+00 2.071289E-01
2.929475E+00 2.010000E-01
2.985550E+00 2.010000E-01
2.929444E+00 2.072410E-01
2.985511E+00 2.073316E-01
-3.705817E-01 1.233978E+00
-3.061667E-01 1.234026E+00
-2.967196E-01 1.204696E+00
-3.740632E-01 1.214824E+00
-2.385006E-01 1.216048E+00
-2.201041E-01 1.187132E+00
-2.816898E-01 1.173795E+00
-3.605686E-01 1.190484E+00
-2.016940E-01 1.155488E+00
-1.678544E-01 1.193118E+00
-1.451821E-01 1.164435E+00
-9.558215E-02 1.168039E+00
-7.061731E-02 1.139467E+00
-1.231764E-01 1.133792E+00
-4.615691E-02 1.109570E+00
-2.263303E-02 1.141617E+00
3.855027E-03 1.113239E+00
5.041956E-02 1.114137E+00
7.812984E-02 1.086056E+00
3.000931E-02 1.083862E+00
1.056213E-01 1.057124E+00
1.232131E-01 1.085675E+00
1.520602E-01 1.057973E+00
1.955080E-01 1.056191E+00
2.255298E-01 1.028924E+00
1.807629E-01 1.029469E+00
2.554552E-01 1.000843E+00
2.671431E-01 1.025568E+00
2.984669E-01 9.987659E-01
3.380163E-01 9.936195E-01
3.708507E-01 9.672835E-01
3.297228E-01 9.710954E-01
4.036241E-01 9.399914E-01
4.080863E-01 9.600810E-01
4.427159E-01 9.341853E-01
4.773496E-01 9.245885E-01
5.141560E-01 8.990864E-01
4.772689E-01 9.072165E-01
5.508377E-01 8.723566E-01
5.458467E-01 8.866680E-01
5.853430E-01 8.614765E-01
6.136920E-01 8.456882E-01
6.565757E-01 8.206614E-01
6.246113E-01 8.348616E-01
6.990217E-01 7.939831E-01
6.811197E-01 8.007520E-01
7.283641E-01 7.756532E-01
7.485664E-01 7.505107E-01
8.015932E-01 7.249532E-01
7.747278E-01 7.486755E-01
8.526919E-01 6.974558E-01
8.169269E-01 6.927625E-01
8.778701E-01 6.661060E-01
8.883654E-01 6.232993E-01
9.599060E-01 5.949876E-01
9.339875E-01 6.384239E-01
1.018017E+00 5.706765E-01
9.696352E-01 5.314402E-01
1.047536E+00 5.084746E-01
1.061312E+00 3.999209E-01
1.123778E+00 4.172735E-01
1.098557E+00 4.983657E-01
1.167435E+00 4.278989E-01
1.171260E+00 3.244633E-01
1.208981E+00 2.485945E-01
1.220795E+00 3.572252E-01
1.259822E+00 2.867731E-01
1.274242E+00 2.220446E-01
1.349368E+00 2.126384E-01
1.308259E+00 2.437522E-01
1.371556E+00 2.249695E-01
1.425481E+00 2.081994E-01
1.500541E+00 2.058734E-01
1.440707E+00 2.157569E-01
1.511510E+00 2.108655E-01
1.574057E+00 2.046575E-01
1.645962E+00 2.040969E-01
1.582268E+00 2.082323E-01
1.652287E+00 2.068957E-01
1.716319E+00 2.039515E-01
1.785224E+00 2.040815E-01
1.721293E+00 2.063574E-01
1.789197E+00 2.063359E-01
1.852783E+00 2.043990E-01
1.919097E+00 2.048457E-01
1.855991E+00 2.066603E-01
1.921707E+00 2.072206E-01
1.984261E+00 2.053810E-01
2.048360E+00 2.059753E-01
1.986394E+00 2.079421E-01
2.050107E+00 2.087718E-01
2.111478E+00 2.066064E-01
2.173690E+00 2.072571E-01
2.112907E+00 2.096708E-01
2.174856E+00 2.106092E-01
2.235068E+00 2.079133E-01
2.295680E+00 2.085639E-01
2.236013E+00 2.115637E-01
2.296440E+00 2.125153E-01
2.355592E+00 2.091993E-01
2.414867E+00 2.098114E-01
2.356194E+00 2.134484E-01
2.415335E+00 2.143502E-01
2.473567E+00 2.103937E-01
2.531751E+00 2.109404E-01
2.473920E+00 2.152099E-01
2.532007E+00 2.160185E-01
2.589478E+00 2.114471E-01
2.646806E+00 2.119099E-01
2.589650E+00 2.167686E-01
2.646904E+00 2.174545E-01
2.703790E+00 2.123263E-01
2.760485E+00 2.126946E-01
2.703825E+00 2.180719E-01
2.760464E+00 2.186179E-01
2.816942E+00 2.130138E-01
2.873215E+00 2.132841E-01
2.816873E+00 2.190912E-01
2.873101E+00 2.194918E-01
2.929350E+00 2.135067E-01
2.985395E+00 2.136863E-01
2.929197E+00 2.198214E-01
2.985206E+00 2.200868E-01
-2.620814E-01 1.143317E+00
-3.415632E-01 1.163363E+00
-1.814649E-01 1.123263E+00
-2.400744E-01 1.112671E+00
-3.201178E-01 1.134484E+00
-1.592784E-01 1.091225E+00
-1.011348E-01 1.101838E+00
-2.206591E-02 1.078482E+00
-7.831228E-02 1.069426E+00
2.017035E-03 1.046558E+00
5.580718E-02 1.053537E+00
1.328271E-01 1.027410E+00
8.132820E-02 1.022365E+00
1.597053E-01 9.969412E-01
2.092356E-01 1.000271E+00
2.851810E-01 9.720988E-01
2.373810E-01 9.703990E-01
3.145737E-01 9.427294E-01
3.607823E-01 9.427494E-01
4.361725E-01 9.119833E-01
3.914754E-01 9.138011E-01
4.682789E-01 8.833805E-01
5.115278E-01 8.794709E-01
5.870921E-01 8.447785E-01
5.452050E-01 8.511398E-01
6.225202E-01 8.166552E-01
6.632038E-01 8.073395E-01
7.403183E-01 7.664159E-01
7.005393E-01 7.794025E-01
7.795825E-01 7.387801E-01
8.189877E-01 7.210804E-01
8.996381E-01 6.703538E-01
8.598102E-01 6.942342E-01
9.407979E-01 6.456335E-01
9.817286E-01 6.139162E-01
1.062320E+00 5.535922E-01
1.020930E+00 5.939072E-01
1.097504E+00 5.411682E-01
1.136801E+00 4.931727E-01
1.202430E+00 4.347803E-01
1.168203E+00 4.894408E-01
1.232126E+00 4.392791E-01
1.258176E+00 3.767642E-01
1.303041E+00 3.175053E-01
1.288914E+00 3.896801E-01
1.337863E+00 3.395449E-01
1.346299E+00 2.694353E-01
1.399784E+00 2.419442E-01
1.382043E+00 2.937274E-01
1.430238E+00 2.612561E-01
1.461246E+00 2.269475E-01
1.526685E+00 2.184927E-01
1.485326E+00 2.411220E-01
1.545332E+00 2.287908E-01
1.593750E+00 2.137138E-01
1.661171E+00 2.111027E-01
1.608210E+00 2.213461E-01
1.672503E+00 2.169934E-01
1.728295E+00 2.098299E-01
1.794793E+00 2.094182E-01
1.737285E+00 2.146217E-01
1.802005E+00 2.135462E-01
1.860512E+00 2.095786E-01
1.925385E+00 2.101271E-01
1.866348E+00 2.133381E-01
1.930138E+00 2.137208E-01
1.989398E+00 2.109408E-01
2.052567E+00 2.119342E-01
1.993285E+00 2.145091E-01
2.055749E+00 2.155750E-01
2.114920E+00 2.130451E-01
2.176498E+00 2.142273E-01
2.117524E+00 2.168264E-01
2.178621E+00 2.181952E-01
2.237345E+00 2.154445E-01
2.297509E+00 2.166685E-01
2.239067E+00 2.196294E-01
2.298893E+00 2.210883E-01
2.357042E+00 2.178759E-01
2.415995E+00 2.190478E-01
2.358139E+00 2.225391E-01
2.416848E+00 2.239554E-01
2.474419E+00 2.201685E-01
2.532367E+00 2.212251E-01
2.475065E+00 2.253155E-01
2.532836E+00 2.266017E-01
2.589892E+00 2.222069E-01
2.647045E+00 2.231058E-01
2.590208E+00 2.277997E-01
2.647230E+00 2.288982E-01
2.703877E+00 2.239155E-01
2.760438E+00 2.246319E-01
2.703949E+00 2.298888E-01
2.760411E+00 2.307655E-01
2.816779E+00 2.252527E-01
2.872947E+00 2.257778E-01
2.816665E+00 2.315252E-01
2.872755E+00 2.321671E-01
2.928987E+00 2.262092E-01
2.984945E+00 2.265558E-01
2.928726E+00 2.326936E-01
2.984619E+00 2.331154E-01
-2.168218E-01 1.081522E+00
-2.974037E-01 1.104284E+00
-1.358049E-01 1.059214E+00
-1.929401E-01 1.049752E+00
-2.740370E-01 1.072973E+00
-1.116368E-01 1.026999E+00
-5.457828E-02 1.036958E+00
2.640148E-02 1.014225E+00
-3.020549E-02 1.004451E+00
5.113226E-02 9.817371E-01
1.067244E-01 9.905806E-01
1.862594E-01 9.658303E-01
1.320982E-01 9.584501E-01
2.125106E-01 9.342684E-01
2.651139E-01 9.399261E-01
3.434903E-01 9.128134E-01
2.923631E-01 9.089930E-01
3.717854E-01 8.824846E-01
4.216078E-01 8.843610E-01
4.996884E-01 8.543492E-01
4.509691E-01 8.545906E-01
5.301195E-01 8.251096E-01
5.779609E-01 8.224769E-01
6.566580E-01 7.883758E-01
6.094276E-01 7.937939E-01
6.890335E-01 7.603799E-01
7.359770E-01 7.516462E-01
8.159703E-01 7.119523E-01
7.689534E-01 7.246580E-01
8.489513E-01 6.865997E-01
8.963170E-01 6.692335E-01
9.760331E-01 6.240142E-01
9.283879E-01 6.465252E-01
1.006190E+00 6.051896E-01
1.053457E+00 5.775248E-01
1.126850E+00 5.312328E-01
1.081106E+00 5.636050E-01
1.152146E+00 5.226353E-01
1.195149E+00 4.860712E-01
1.258030E+00 4.421144E-01
1.218816E+00 4.826903E-01
1.280986E+00 4.437113E-01
1.315342E+00 3.987661E-01
1.366728E+00 3.554357E-01
1.338588E+00 4.053354E-01
1.391466E+00 3.672607E-01
1.413240E+00 3.140841E-01
1.459843E+00 2.804618E-01
1.440062E+00 3.303915E-01
1.486988E+00 2.979865E-01
1.510771E+00 2.568892E-01
1.566225E+00 2.411847E-01
1.535808E+00 2.728672E-01
1.588004E+00 2.547730E-01
1.625031E+00 2.310032E-01
1.685985E+00 2.246363E-01
1.643350E+00 2.422299E-01
1.701119E+00 2.338658E-01
1.748123E+00 2.208695E-01
1.810768E+00 2.188710E-01
1.760535E+00 2.285614E-01
1.820931E+00 2.254520E-01
1.873472E+00 2.180834E-01
1.935956E+00 2.181325E-01
1.881804E+00 2.239019E-01
1.942797E+00 2.234572E-01
1.998050E+00 2.187630E-01
2.059655E+00 2.197963E-01
2.003672E+00 2.237952E-01
2.064274E+00 2.246848E-01
2.120722E+00 2.211043E-01
2.181231E+00 2.225921E-01
2.124510E+00 2.259579E-01
2.184325E+00 2.274896E-01
2.241183E+00 2.241882E-01
2.300594E+00 2.258365E-01
2.243694E+00 2.291852E-01
2.302613E+00 2.309713E-01
2.359489E+00 2.274931E-01
2.417899E+00 2.291223E-01
2.361092E+00 2.327902E-01
2.419148E+00 2.345956E-01
2.475861E+00 2.306953E-01
2.533415E+00 2.321886E-01
2.476809E+00 2.363503E-01
2.534106E+00 2.380242E-01
2.590601E+00 2.335835E-01
2.647463E+00 2.348651E-01
2.591073E+00 2.395931E-01
2.647747E+00 2.410381E-01
2.704044E+00 2.360221E-01
2.760387E+00 2.370468E-01
2.704166E+00 2.423446E-01
2.760369E+00 2.435026E-01
2.816535E+00 2.379346E-01
2.872532E+00 2.386840E-01
2.816395E+00 2.445058E-01
2.872283E+00 2.453515E-01
2.928418E+00 2.392973E-01
2.984233E+00 2.397868E-01
2.928071E+00 2.460419E-01
2.983795E+00 2.465907E-01
-1.688219E-01 1.017326E+00
-2.504112E-01 1.040670E+00
-8.719618E-02 9.944434E-01
-1.447581E-01 9.842432E-01
-2.268163E-01 1.007449E+00
-6.279938E-02 9.614812E-01
-5.544621E-03 9.718185E-01
7.604295E-02 9.491720E-01
1.908666E-02 9.389883E-01
1.008832E-01 9.165347E-01
1.574173E-01 9.261663E-01
2.384386E-01 9.024650E-01
1.825298E-01 8.938407E-01
2.639467E-01 8.706003E-01
3.190530E-01 8.777900E-01
3.993132E-01 8.519284E-01
3.450782E-01 8.465224E-01
4.259226E-01 8.213618E-01
4.793439E-01 8.246988E-01
5.592882E-01 7.959225E-01
5.065253E-01 7.949239E-01
5.869380E-01 7.670604E-01
6.392542E-01 7.654257E-01
7.192531E-01 7.330794E-01
6.671598E-01 7.376795E-01
7.470725E-01 7.067822E-01
7.991185E-01 6.988753E-01
8.784201E-01 6.630237E-01
8.263806E-01 6.745159E-01
9.045887E-01 6.412119E-01
9.564379E-01 6.260128E-01
1.032277E+00 5.885406E-01
9.810537E-01 6.073611E-01
1.055121E+00 5.735057E-01
1.105112E+00 5.513067E-01
1.174394E+00 5.147915E-01
1.126272E+00 5.400956E-01
1.194203E+00 5.073934E-01
1.239884E+00 4.791676E-01
1.301528E+00 4.443486E-01
1.258794E+00 4.754632E-01
1.320024E+00 4.442227E-01
1.359300E+00 4.101066E-01
1.413145E+00 3.762893E-01
1.377893E+00 4.135239E-01
1.432398E+00 3.832911E-01
1.463314E+00 3.433834E-01
1.511219E+00 3.132221E-01
1.483719E+00 3.538212E-01
1.532676E+00 3.261868E-01
1.559352E+00 2.880775E-01
1.609534E+00 2.686807E-01
1.580907E+00 3.019915E-01
1.630051E+00 2.822484E-01
1.662252E+00 2.544113E-01
1.717276E+00 2.443299E-01
1.680963E+00 2.669538E-01
1.733812E+00 2.555917E-01
1.774120E+00 2.375357E-01
1.832253E+00 2.332427E-01
1.788409E+00 2.475198E-01
1.844414E+00 2.420992E-01
1.891198E+00 2.308103E-01
1.950574E+00 2.297426E-01
1.901445E+00 2.387502E-01
1.959152E+00 2.369826E-01
2.010099E+00 2.296669E-01
2.069576E+00 2.303057E-01
2.017246E+00 2.364017E-01
2.075504E+00 2.366978E-01
2.128868E+00 2.314517E-01
2.187891E+00 2.329488E-01
2.133763E+00 2.376315E-01
2.191908E+00 2.390176E-01
2.246593E+00 2.346775E-01
2.304947E+00 2.365450E-01
2.249865E+00 2.407123E-01
2.307586E+00 2.426027E-01
2.362946E+00 2.384782E-01
2.420596E+00 2.404189E-01
2.365046E+00 2.445996E-01
2.422237E+00 2.466314E-01
2.477910E+00 2.423202E-01
2.534911E+00 2.441443E-01
2.479161E+00 2.486410E-01
2.535830E+00 2.505821E-01
2.591626E+00 2.458612E-01
2.648085E+00 2.474470E-01
2.592261E+00 2.524178E-01
2.648478E+00 2.541192E-01
2.704319E+00 2.488835E-01
2.760362E+00 2.501579E-01
2.704506E+00 2.556639E-01
2.760372E+00 2.570357E-01
2.816249E+00 2.512618E-01
2.872014E+00 2.521913E-01
2.816104E+00 2.582240E-01
2.871733E+00 2.592232E-01
2.927691E+00 2.529479E-01
2.983313E+00 2.535464E-01
2.927288E+00 2.600339E-01
2.982797E+00 2.606718E-01
-1.209900E-01 9.505212E-01
-2.034904E-01 9.733667E-01
-3.870576E-02 9.280950E-01
-9.773279E-02 9.161923E-01
-1.806443E-01 9.384777E-01
-1.514381E-02 8.942964E-01
4.341281E-02 9.059287E-01
1.253905E-01 8.838223E-01
6.718916E-02 8.726410E-01
1.493145E-01 8.510471E-01
2.072204E-01 8.615387E-01
2.888689E-01 8.388133E-01
2.312543E-01 8.293113E-01
3.130008E-01 8.072114E-01
3.702921E-01 8.153804E-01
4.514542E-01 7.910041E-01
3.945177E-01 7.845238E-01
4.757455E-01 7.610500E-01
5.323281E-01 7.655040E-01
6.128694E-01 7.387720E-01
5.565995E-01 7.366464E-01
6.369558E-01 7.112512E-01
6.929709E-01 7.107908E-01
7.724153E-01 6.816578E-01
7.166266E-01 6.849029E-01
7.953404E-01 6.577506E-01
8.508502E-01 6.516040E-01
9.278087E-01 6.209815E-01
8.727454E-01 6.300444E-01
9.484470E-01 6.020987E-01
1.002783E+00 5.902055E-01
1.075322E+00 5.596639E-01
1.022068E+00 5.742342E-01
1.093309E+00 5.467173E-01
1.145108E+00 5.296382E-01
1.211969E+00 5.002700E-01
1.161974E+00 5.197222E-01
1.227966E+00 4.933231E-01
1.275846E+00 4.715740E-01
1.336738E+00 4.434794E-01
1.291259E+00 4.675121E-01
1.351864E+00 4.422307E-01
1.394656E+00 4.158870E-01
1.449629E+00 3.887601E-01
1.409802E+00 4.174103E-01
1.465113E+00 3.930342E-01
1.501799E+00 3.622967E-01
1.551687E+00 3.371582E-01
1.517920E+00 3.692420E-01
1.568579E+00 3.464629E-01
1.600364E+00 3.144315E-01
1.649128E+00 2.950643E-01
1.617809E+00 3.254332E-01
1.666583E+00 3.069253E-01
1.698922E+00 2.793877E-01
1.750170E+00 2.672291E-01
1.715773E+00 2.913924E-01
1.765922E+00 2.788952E-01
1.802929E+00 2.581929E-01
1.857050E+00 2.518084E-01
1.817261E+00 2.692442E-01
1.869803E+00 2.621285E-01
1.912284E+00 2.475978E-01
1.968350E+00 2.451174E-01
1.923430E+00 2.571851E-01
1.977955E+00 2.540424E-01
2.024988E+00 2.439816E-01
2.081975E+00 2.438693E-01
2.033170E+00 2.523502E-01
2.088878E+00 2.517974E-01
2.139135E+00 2.445206E-01
2.196337E+00 2.457275E-01
2.144908E+00 2.521182E-01
2.201120E+00 2.530915E-01
2.253483E+00 2.473248E-01
2.310511E+00 2.491807E-01
2.257408E+00 2.545360E-01
2.313694E+00 2.563039E-01
2.367379E+00 2.511896E-01
2.424064E+00 2.532668E-01
2.369924E+00 2.582751E-01
2.426062E+00 2.603521E-01
2.480556E+00 2.553442E-01
2.536858E+00 2.573665E-01
2.482087E+00 2.624558E-01
2.537990E+00 2.645223E-01
2.592977E+00 2.592898E-01
2.648928E+00 2.610793E-01
2.593771E+00 2.665000E-01
2.649434E+00 2.683482E-01
2.704729E+00 2.627081E-01
2.760400E+00 2.641566E-01
2.704990E+00 2.700354E-01
2.760452E+00 2.715381E-01
2.815965E+00 2.654113E-01
2.871446E+00 2.664649E-01
2.815837E+00 2.728400E-01
2.871160E+00 2.739318E-01
2.926868E+00 2.673169E-01
2.982256E+00 2.679832E-01
2.926442E+00 2.748115E-01
2.981700E+00 2.754948E-01
-7.518657E-02 8.812995E-01
-1.584732E-01 9.028374E-01
7.676390E-03 8.601168E-01
-5.354101E-02 8.458954E-01
-1.371621E-01 8.665072E-01
2.955812E-02 8.256008E-01
9.019278E-02 8.391497E-01
1.724229E-01 8.182383E-01
1.122180E-01 8.054950E-01
1.945028E-01 7.854373E-01
2.544013E-01 7.972091E-01
3.361294E-01 7.758807E-01
2.764485E-01 7.652832E-01
3.580547E-01 7.448909E-01
4.175701E-01 7.540776E-01
4.986439E-01 7.316509E-01
4.392767E-01 7.241319E-01
5.200198E-01 7.029079E-01
5.792262E-01 7.085047E-01
6.591410E-01 6.846205E-01
6.001357E-01 6.811694E-01
6.794250E-01 6.589321E-01
7.381564E-01 6.600713E-01
8.159873E-01 6.350187E-01
7.576450E-01 6.362835E-01
8.345264E-01 6.133729E-01
8.923159E-01 6.096906E-01
9.668275E-01 5.843407E-01
9.097983E-01 5.903874E-01
9.832171E-01 5.675180E-01
1.039251E+00 5.592034E-01
1.109388E+00 5.344575E-01
1.054589E+00 5.449291E-01
1.123783E+00 5.227373E-01
1.177119E+00 5.102090E-01
1.242390E+00 4.864942E-01
1.190726E+00 5.010058E-01
1.255390E+00 4.797487E-01
1.305196E+00 4.632958E-01
1.365553E+00 4.405654E-01
1.317782E+00 4.589449E-01
1.377921E+00 4.385549E-01
1.423489E+00 4.182544E-01
1.479049E+00 3.963564E-01
1.435839E+00 4.185432E-01
1.491585E+00 3.989085E-01
1.532342E+00 3.749733E-01
1.583626E+00 3.543963E-01
1.545253E+00 3.797270E-01
1.597041E+00 3.612036E-01
1.633403E+00 3.351320E-01
1.682391E+00 3.177753E-01
1.647315E+00 3.436945E-01
1.696604E+00 3.276479E-01
1.731328E+00 3.027804E-01
1.780779E+00 2.903376E-01
1.745510E+00 3.134666E-01
1.794560E+00 3.013932E-01
1.831075E+00 2.804110E-01
1.882350E+00 2.728248E-01
1.844127E+00 2.914926E-01
1.894427E+00 2.836941E-01
1.934601E+00 2.673259E-01
1.987736E+00 2.636235E-01
1.945544E+00 2.778390E-01
1.997469E+00 2.737147E-01
2.041614E+00 2.614197E-01
2.096078E+00 2.604305E-01
2.050131E+00 2.710817E-01
2.103424E+00 2.696946E-01
2.150979E+00 2.603994E-01
2.206184E+00 2.611031E-01
2.157232E+00 2.693181E-01
2.211440E+00 2.697370E-01
2.261585E+00 2.623514E-01
2.317096E+00 2.639854E-01
2.265946E+00 2.707608E-01
2.320664E+00 2.722252E-01
2.372653E+00 2.658733E-01
2.428211E+00 2.679063E-01
2.375527E+00 2.739906E-01
2.430482E+00 2.759398E-01
2.483739E+00 2.699956E-01
2.539217E+00 2.720684E-01
2.485490E+00 2.779756E-01
2.540524E+00 2.800180E-01
2.594636E+00 2.740664E-01
2.649993E+00 2.759428E-01
2.595564E+00 2.820019E-01
2.650599E+00 2.838752E-01
2.705288E+00 2.776613E-01
2.760529E+00 2.791946E-01
2.705623E+00 2.855971E-01
2.760633E+00 2.871365E-01
2.815724E+00 2.805235E-01
2.870882E+00 2.816363E-01
2.815630E+00 2.884713E-01
2.870617E+00 2.895875E-01
2.926016E+00 2.825295E-01
2.981138E+00 2.832185E-01
2.925599E+00 2.904800E-01
2.980581E+00 2.911633E-01
-3.297613E-02 8.100395E-01
-1.168875E-01 8.295548E-01
5.031705E-02 7.908012E-01
-1.366107E-02 7.737958E-01
-9.781649E-02 7.920535E-01
6.978250E-02 7.557741E-01
1.330758E-01 7.717247E-01
2.153621E-01 7.526901E-01
1.525947E-01 7.378886E-01
2.348313E-01 7.200412E-01
2.972067E-01 7.335817E-01
3.786015E-01 7.142945E-01
3.165141E-01 7.021441E-01
3.976258E-01 6.841255E-01
4.594925E-01 6.947431E-01
5.397745E-01 6.748731E-01
4.781045E-01 6.659361E-01
5.578417E-01 6.475558E-01
6.192916E-01 6.546724E-01
6.978436E-01 6.341794E-01
6.366855E-01 6.289988E-01
7.144505E-01 6.103145E-01
7.752011E-01 6.134816E-01
8.511265E-01 5.927045E-01
7.909344E-01 5.915824E-01
8.659375E-01 5.729013E-01
9.253976E-01 5.719908E-01
9.978278E-01 5.514767E-01
9.392820E-01 5.543742E-01
1.010826E+00 5.360934E-01
1.068278E+00 5.312726E-01
1.136661E+00 5.114518E-01
1.080468E+00 5.181291E-01
1.148148E+00 5.005241E-01
1.202931E+00 4.920491E-01
1.267078E+00 4.730658E-01
1.213840E+00 4.832944E-01
1.277541E+00 4.664333E-01
1.329113E+00 4.544797E-01
1.389060E+00 4.362583E-01
1.339267E+00 4.499190E-01
1.399043E+00 4.337243E-01
1.446951E+00 4.183750E-01
1.502834E+00 4.008310E-01
1.456900E+00 4.178291E-01
1.512887E+00 4.022354E-01
1.556795E+00 3.836845E-01
1.608991E+00 3.670836E-01
1.567079E+00 3.869881E-01
1.619605E+00 3.721971E-01
1.659696E+00 3.512845E-01
1.709310E+00 3.366234E-01
1.670678E+00 3.580502E-01
1.720606E+00 3.448006E-01
1.758313E+00 3.234365E-01
1.807170E+00 3.119718E-01
1.769772E+00 3.327202E-01
1.818573E+00 3.220379E-01
1.856257E+00 3.023501E-01
1.905832E+00 2.945757E-01
1.867364E+00 3.128981E-01
1.916418E+00 3.053527E-01
1.956042E+00 2.885651E-01
2.006946E+00 2.841741E-01
1.965924E+00 2.993743E-01
2.015991E+00 2.948746E-01
2.058537E+00 2.812203E-01
2.110761E+00 2.795015E-01
2.066662E+00 2.917222E-01
2.117935E+00 2.897574E-01
2.163540E+00 2.788115E-01
2.216785E+00 2.789517E-01
2.169770E+00 2.888064E-01
2.222111E+00 2.886934E-01
2.270411E+00 2.797392E-01
2.324339E+00 2.810103E-01
2.274893E+00 2.892487E-01
2.328049E+00 2.903157E-01
2.378501E+00 2.826225E-01
2.432841E+00 2.844535E-01
2.381518E+00 2.917534E-01
2.435246E+00 2.934386E-01
2.487317E+00 2.864003E-01
2.541892E+00 2.883770E-01
2.489186E+00 2.952654E-01
2.543299E+00 2.971443E-01
2.596541E+00 2.903134E-01
2.651245E+00 2.921524E-01
2.597552E+00 2.990011E-01
2.651920E+00 3.007757E-01
2.705989E+00 2.938494E-01
2.760762E+00 2.953700E-01
2.706381E+00 3.024198E-01
2.760915E+00 3.038966E-01
2.815558E+00 2.966893E-01
2.870371E+00 2.977911E-01
2.815508E+00 3.051790E-01
2.870146E+00 3.062486E-01
2.925198E+00 2.986686E-01
2.980038E+00 2.993352E-01
2.924819E+00 3.070971E-01
2.979518E+00 3.077367E-01
4.248071E-03 7.372296E-01
-8.010525E-02 7.540800E-01
8.779955E-02 7.205754E-01
2.061061E-02 7.004050E-01
-6.389651E-02 7.157117E-01
1.042312E-01 6.852567E-01
1.706228E-01 7.040337E-01
2.527647E-01 6.875285E-01
1.870292E-01 6.702000E-01
2.690414E-01 6.551796E-01
3.342374E-01 6.709978E-01
4.150152E-01 6.543981E-01
3.502710E-01 6.401558E-01
4.306864E-01 6.251078E-01
4.950321E-01 6.377083E-01
5.741826E-01 6.209326E-01
5.102217E-01 6.100348E-01
5.887796E-01 5.949562E-01
6.523275E-01 6.041004E-01
7.293047E-01 5.872638E-01
6.662384E-01 5.799084E-01
7.424624E-01 5.649406E-01
8.049442E-01 5.704905E-01
8.790841E-01 5.538549E-01
8.173138E-01 5.501078E-01
8.906654E-01 5.354639E-01
9.515849E-01 5.374277E-01
1.022339E+00 5.212681E-01
9.624098E-01 5.210556E-01
1.032466E+00 5.069179E-01
1.091272E+00 5.054172E-01
1.158342E+00 4.898967E-01
1.100778E+00 4.930719E-01
1.167319E+00 4.795246E-01
1.223534E+00 4.747097E-01
1.286850E+00 4.598445E-01
1.232078E+00 4.662707E-01
1.295060E+00 4.532956E-01
1.348307E+00 4.452804E-01
1.407930E+00 4.309944E-01
1.356284E+00 4.405796E-01
1.415771E+00 4.281033E-01
1.465751E+00 4.169706E-01
1.521814E+00 4.032115E-01
1.473554E+00 4.158538E-01
1.529674E+00 4.038336E-01
1.576188E+00 3.897522E-01
1.628982E+00 3.766754E-01
1.584193E+00 3.920702E-01
1.637204E+00 3.806267E-01
1.680366E+00 3.641210E-01
1.730582E+00 3.522813E-01
1.688847E+00 3.696088E-01
1.739318E+00 3.591631E-01
1.779937E+00 3.413725E-01
1.828767E+00 3.315943E-01
1.788865E+00 3.494604E-01
1.837772E+00 3.406687E-01
1.877393E+00 3.230935E-01
1.926089E+00 3.159479E-01
1.886324E+00 3.329248E-01
1.934782E+00 3.263170E-01
1.975062E+00 3.101687E-01
2.024456E+00 3.057108E-01
1.983360E+00 3.208803E-01
2.032226E+00 3.166004E-01
2.074357E+00 3.024849E-01
2.124803E+00 3.003702E-01
2.081495E+00 3.134217E-01
2.131239E+00 3.112561E-01
2.175794E+00 2.992255E-01
2.227306E+00 2.988999E-01
2.181493E+00 3.099927E-01
2.232261E+00 3.095059E-01
2.279297E+00 2.992418E-01
2.331718E+00 3.001060E-01
2.283529E+00 3.096645E-01
2.335266E+00 3.103380E-01
2.384518E+00 3.013580E-01
2.437647E+00 3.028773E-01
2.387435E+00 3.114022E-01
2.439994E+00 3.127430E-01
2.491060E+00 3.045584E-01
2.544716E+00 3.063109E-01
2.492900E+00 3.142586E-01
2.546113E+00 3.158604E-01
2.598577E+00 3.080588E-01
2.652612E+00 3.097400E-01
2.599593E+00 3.174731E-01
2.653303E+00 3.190342E-01
2.706790E+00 3.113043E-01
2.761087E+00 3.127130E-01
2.707207E+00 3.204932E-01
2.761274E+00 3.218105E-01
2.815480E+00 3.139373E-01
2.869946E+00 3.149574E-01
2.815472E+00 3.229564E-01
2.869773E+00 3.239103E-01
2.924468E+00 3.157635E-01
2.979027E+00 3.163662E-01
2.924148E+00 3.246613E-01
2.978574E+00 3.252184E-01
3.530326E-02 6.633814E-01
-4.931753E-02 6.770235E-01
1.189598E-01 6.498634E-01
4.822130E-02 6.262117E-01
-3.647856E-02 6.380851E-01
1.318877E-01 6.144323E-01
2.017046E-01 6.364187E-01
2.835643E-01 6.230101E-01
2.145610E-01 6.027104E-01
2.962582E-01 5.910238E-01
3.645346E-01 6.096164E-01
4.445810E-01 5.962334E-01
3.769695E-01 5.793649E-01
4.566600E-01 5.677409E-01
5.236411E-01 5.828737E-01
6.016292E-01 5.695643E-01
5.352734E-01 5.561714E-01
6.127367E-01 5.446860E-01
6.784431E-01 5.563430E-01
7.539729E-01 5.432530E-01
6.889669E-01 5.333200E-01
7.638778E-01 5.221097E-01
8.281105E-01 5.303376E-01
9.007582E-01 5.176346E-01
8.373867E-01 5.110879E-01
9.094204E-01 5.002805E-01
9.718351E-01 5.051733E-01
1.041281E+00 4.929722E-01
9.799193E-01 4.897049E-01
1.048839E+00 4.793687E-01
1.109055E+00 4.810390E-01
1.175137E+00 4.693711E-01
1.116151E+00 4.692713E-01
1.181842E+00 4.594046E-01
1.239522E+00 4.579581E-01
1.302217E+00 4.467841E-01
1.245908E+00 4.497556E-01
1.308357E+00 4.403081E-01
1.363238E+00 4.358306E-01
1.422606E+00 4.250809E-01
1.369204E+00 4.310453E-01
1.428468E+00 4.219528E-01
1.480351E+00 4.145246E-01
1.536513E+00 4.041638E-01
1.486179E+00 4.130221E-01
1.542371E+00 4.042548E-01
1.591147E+00 3.940201E-01
1.644335E+00 3.841419E-01
1.597096E+00 3.956678E-01
1.650425E+00 3.872985E-01
1.696193E+00 3.746100E-01
1.746883E+00 3.655363E-01
1.702459E+00 3.792083E-01
1.753335E+00 3.714830E-01
1.796612E+00 3.570549E-01
1.845618E+00 3.493036E-01
1.803227E+00 3.642266E-01
1.852338E+00 3.575500E-01
1.894154E+00 3.424033E-01
1.942462E+00 3.364421E-01
1.900892E+00 3.515558E-01
1.949112E+00 3.463247E-01
1.990756E+00 3.314669E-01
2.039214E+00 3.274841E-01
1.997206E+00 3.419077E-01
2.045357E+00 3.383228E-01
2.087974E+00 3.244630E-01
2.137134E+00 3.223424E-01
2.093714E+00 3.355568E-01
2.142398E+00 3.335692E-01
2.186757E+00 3.210373E-01
2.236875E+00 3.204466E-01
2.191493E+00 3.322970E-01
2.241056E+00 3.316607E-01
2.287498E+00 3.204596E-01
2.338615E+00 3.209627E-01
2.291118E+00 3.315697E-01
2.341687E+00 3.319283E-01
2.390203E+00 3.218449E-01
2.442231E+00 3.230016E-01
2.392756E+00 3.326402E-01
2.444304E+00 3.336129E-01
2.494662E+00 3.243377E-01
2.547457E+00 3.257692E-01
2.496301E+00 3.347608E-01
2.548712E+00 3.360069E-01
2.600575E+00 3.272238E-01
2.653976E+00 3.286409E-01
2.601497E+00 3.372843E-01
2.654612E+00 3.385364E-01
2.707620E+00 3.299710E-01
2.761468E+00 3.311750E-01
2.708015E+00 3.397164E-01
2.761661E+00 3.407874E-01
2.815482E+00 3.322235E-01
2.869625E+00 3.330955E-01
2.815505E+00 3.417209E-01
2.869504E+00 3.424967E-01
2.923863E+00 3.337797E-01
2.978163E+00 3.342834E-01
2.923616E+00 3.431036E-01
2.977799E+00 3.435472E-01
5.927871E-02 5.889403E-01
-2.547211E-02 5.989581E-01
1.429366E-01 5.789910E-01
6.840737E-02 5.516025E-01
-1.637319E-02 5.596951E-01
1.520461E-01 5.435579E-01
2.255299E-01 5.690858E-01
3.070672E-01 5.592134E-01
2.345602E-01 5.355457E-01
3.159513E-01 5.275625E-01
3.875348E-01 5.493759E-01
4.668993E-01 5.395862E-01
3.962032E-01 5.196151E-01
4.752849E-01 5.117188E-01
5.451115E-01 5.298669E-01
6.221113E-01 5.202462E-01
5.531546E-01 5.038951E-01
6.297636E-01 4.961688E-01
6.978330E-01 5.107548E-01
7.722105E-01 5.014220E-01
7.050609E-01 4.885647E-01
7.789970E-01 4.811054E-01
8.451823E-01 4.922719E-01
9.166949E-01 4.833219E-01
8.515270E-01 4.738082E-01
9.226127E-01 4.666842E-01
9.867054E-01 4.745811E-01
1.055183E+00 4.660510E-01
9.922243E-01 4.597377E-01
1.060340E+00 4.529667E-01
1.122106E+00 4.577263E-01
1.187468E+00 4.495965E-01
1.126948E+00 4.463643E-01
1.192041E+00 4.399197E-01
1.251266E+00 4.416479E-01
1.313509E+00 4.338652E-01
1.255621E+00 4.336202E-01
1.317696E+00 4.274523E-01
1.374209E+00 4.262336E-01
1.433386E+00 4.187408E-01
1.378276E+00 4.214034E-01
1.437380E+00 4.154637E-01
1.491064E+00 4.113799E-01
1.547278E+00 4.041521E-01
1.495031E+00 4.096275E-01
1.551260E+00 4.038957E-01
1.602074E+00 3.970705E-01
1.655516E+00 3.901635E-01
1.606110E+00 3.982781E-01
1.659640E+00 3.927958E-01
1.707692E+00 3.834776E-01
1.758722E+00 3.770779E-01
1.711928E+00 3.874835E-01
1.763080E+00 3.823892E-01
1.808753E+00 3.710441E-01
1.857965E+00 3.654632E-01
1.813227E+00 3.775725E-01
1.862527E+00 3.730996E-01
1.906555E+00 3.604190E-01
1.954729E+00 3.559813E-01
1.911159E+00 3.690358E-01
1.959312E+00 3.654381E-01
2.002685E+00 3.521986E-01
2.050607E+00 3.490944E-01
2.007176E+00 3.623487E-01
2.054933E+00 3.597912E-01
2.098654E+00 3.466665E-01
2.146958E+00 3.448896E-01
2.102746E+00 3.577696E-01
2.150757E+00 3.562690E-01
2.195623E+00 3.437185E-01
2.244725E+00 3.430924E-01
2.199084E+00 3.552582E-01
2.247816E+00 3.546925E-01
2.294313E+00 3.429396E-01
2.344413E+00 3.431819E-01
2.297018E+00 3.545171E-01
2.346731E+00 3.546711E-01
2.395032E+00 3.437390E-01
2.446160E+00 3.445322E-01
2.396975E+00 3.550903E-01
2.447751E+00 3.557111E-01
2.497775E+00 3.454873E-01
2.549845E+00 3.465371E-01
2.499042E+00 3.564724E-01
2.550823E+00 3.573183E-01
2.602332E+00 3.476219E-01
2.655193E+00 3.486912E-01
2.603056E+00 3.581987E-01
2.655698E+00 3.590707E-01
2.708379E+00 3.497029E-01
2.761844E+00 3.506231E-01
2.708699E+00 3.598985E-01
2.762009E+00 3.606531E-01
2.815536E+00 3.514261E-01
2.869407E+00 3.520930E-01
2.815571E+00 3.613121E-01
2.869332E+00 3.618593E-01
2.923406E+00 3.526132E-01
2.977487E+00 3.529910E-01
2.923236E+00 3.622850E-01
2.977229E+00 3.625924E-01
7.555554E-02 5.142247E-01
-9.240146E-03 5.203386E-01
1.591713E-01 5.081425E-01
8.068589E-02 4.768249E-01
-4.116070E-03 4.809214E-01
1.642809E-01 4.727474E-01
2.416151E-01 5.020831E-01
3.228831E-01 4.960470E-01
2.466698E-01 4.686842E-01
3.278447E-01 4.646373E-01
4.029574E-01 4.900426E-01
4.818099E-01 4.840841E-01
4.077872E-01 4.606140E-01
4.864712E-01 4.566248E-01
5.594050E-01 4.781895E-01
6.357038E-01 4.723785E-01
5.638662E-01 4.526828E-01
6.399403E-01 4.488015E-01
7.106667E-01 4.666699E-01
7.842571E-01 4.610799E-01
7.146625E-01 4.449934E-01
7.880048E-01 4.412690E-01
8.564424E-01 4.556203E-01
9.271961E-01 4.502979E-01
8.599437E-01 4.376356E-01
9.304603E-01 4.340970E-01
9.964979E-01 4.451143E-01
1.064334E+00 4.400664E-01
9.995411E-01 4.306536E-01
1.067177E+00 4.273024E-01
1.130695E+00 4.351473E-01
1.195581E+00 4.303479E-01
1.133364E+00 4.240384E-01
1.198100E+00 4.208547E-01
1.258992E+00 4.256573E-01
1.320935E+00 4.210650E-01
1.261390E+00 4.177438E-01
1.323240E+00 4.146981E-01
1.381422E+00 4.165610E-01
1.440469E+00 4.121377E-01
1.383661E+00 4.117109E-01
1.442667E+00 4.087770E-01
1.498098E+00 4.077909E-01
1.554337E+00 4.035211E-01
1.500279E+00 4.058934E-01
1.556525E+00 4.030606E-01
1.609227E+00 3.993353E-01
1.662823E+00 3.952486E-01
1.611442E+00 4.002830E-01
1.665083E+00 3.975703E-01
1.715195E+00 3.912854E-01
1.766441E+00 3.874798E-01
1.717514E+00 3.949382E-01
1.768825E+00 3.924083E-01
1.816677E+00 3.838741E-01
1.866049E+00 3.805159E-01
1.819127E+00 3.900080E-01
1.868552E+00 3.877680E-01
1.914720E+00 3.774531E-01
1.962868E+00 3.747289E-01
1.917254E+00 3.857196E-01
1.965402E+00 3.838917E-01
2.010673E+00 3.723764E-01
2.058314E+00 3.704162E-01
2.013171E+00 3.823071E-01
2.060738E+00 3.809806E-01
2.105958E+00 3.688542E-01
2.153753E+00 3.676827E-01
2.108268E+00 3.799178E-01
2.155913E+00 3.791149E-01
2.201824E+00 3.668811E-01
2.250273E+00 3.664180E-01
2.203807E+00 3.785596E-01
2.252057E+00 3.782321E-01
2.299178E+00 3.662544E-01
2.348590E+00 3.663452E-01
2.300751E+00 3.781073E-01
2.349947E+00 3.781557E-01
2.398539E+00 3.666429E-01
2.449035E+00 3.670993E-01
2.399684E+00 3.783457E-01
2.449977E+00 3.786451E-01
2.500068E+00 3.676677E-01
2.551617E+00 3.683049E-01
2.500823E+00 3.790225E-01
2.552202E+00 3.794484E-01
2.603645E+00 3.689722E-01
2.656111E+00 3.696357E-01
2.604081E+00 3.798963E-01
2.656417E+00 3.803432E-01
2.708963E+00 3.702673E-01
2.762147E+00 3.708441E-01
2.709159E+00 3.807693E-01
2.762251E+00 3.811590E-01
2.815604E+00 3.713481E-01
2.869277E+00 3.717665E-01
2.815632E+00 3.814998E-01
2.869239E+00 3.817825E-01
2.923104E+00 3.720914E-01
2.977026E+00 3.723249E-01
2.923010E+00 3.820018E-01
2.976881E+00 3.821588E-01
8.377351E-02 4.394145E-01
-1.030338E-03 4.414688E-01
1.673542E-01 4.373690E-01
8.480414E-02 4.020000E-01
1.618153E-13 4.020000E-01
1.683796E-01 4.020000E-01
2.497083E-01 4.353304E-01
3.308254E-01 4.333002E-01
2.507216E-01 4.020000E-01
3.318190E-01 4.020000E-01
4.106868E-01 4.312825E-01
4.892679E-01 4.292830E-01
4.116528E-01 4.020000E-01
4.901990E-01 4.020000E-01
5.665414E-01 4.273084E-01
6.424796E-01 4.253656E-01
5.674315E-01 4.020000E-01
6.433239E-01 4.020000E-01
7.170566E-01 4.234609E-01
7.902498E-01 4.215994E-01
7.178521E-01 4.020000E-01
7.909951E-01 4.020000E-01
8.620407E-01 4.197846E-01
9.324151E-01 4.180182E-01
8.627363E-01 4.020000E-01
9.330631E-01 4.020000E-01
1.001363E+00 4.163001E-01
1.068879E+00 4.146287E-01
1.001967E+00 4.020000E-01
1.069443E+00 4.020000E-01
1.134961E+00 4.130013E-01
1.199608E+00 4.114142E-01
1.135489E+00 4.020000E-01
1.200106E+00 4.020000E-01
1.262826E+00 4.098635E-01
1.324620E+00 4.083454E-01
1.263299E+00 4.020000E-01
1.325074E+00 4.020000E-01
1.385000E+00 4.068564E-01
1.443981E+00 4.053939E-01
1.385440E+00 4.020000E-01
1.444413E+00 4.020000E-01
1.501583E+00 4.039564E-01
1.557833E+00 4.025441E-01
1.502011E+00 4.020000E-01
1.558261E+00 4.020000E-01
1.612766E+00 4.011592E-01
1.666434E+00 3.998063E-01
1.613200E+00 4.020000E-01
1.666877E+00 4.020000E-01
1.718900E+00 3.984933E-01
1.770250E+00 3.972305E-01
1.719355E+00 4.020000E-01
1.770719E+00 4.020000E-01
1.820590E+00 3.960315E-01
1.870047E+00 3.949112E-01
1.821072E+00 4.020000E-01
1.870541E+00 4.020000E-01
1.918769E+00 3.938851E-01
1.966920E+00 3.929678E-01
1.919272E+00 4.020000E-01
1.967425E+00 4.020000E-01
2.014671E+00 3.921707E-01
2.062195E+00 3.915017E-01
2.015171E+00 4.020000E-01
2.062683E+00 4.020000E-01
2.109659E+00 3.909639E-01
2.157218E+00 3.905558E-01
2.110127E+00 4.020000E-01
2.157658E+00 4.020000E-01
2.205006E+00 3.902718E-01
2.253139E+00 3.901024E-01
2.205413E+00 4.020000E-01
2.253507E+00 4.020000E-01
2.301707E+00 3.900352E-01
2.350774E+00 3.900556E-01
2.302033E+00 4.020000E-01
2.351057E+00 4.020000E-01
2.400383E+00 3.901480E-01
2.450553E+00 3.902962E-01
2.400623E+00 4.020000E-01
2.450752E+00 4.020000E-01
2.501285E+00 3.904843E-01
2.552560E+00 3.906976E-01
2.501445E+00 4.020000E-01
2.552685E+00 4.020000E-01
2.604348E+00 3.909224E-01
2.656605E+00 3.911472E-01
2.604442E+00 4.020000E-01
2.656672E+00 4.020000E-01
2.709281E+00 3.913618E-01
2.762316E+00 3.915582E-01
2.709324E+00 4.020000E-01
2.762340E+00 4.020000E-01
2.815650E+00 3.917300E-01
2.869218E+00 3.918725E-01
2.815658E+00 4.020000E-01
2.869212E+00 4.020000E-01
2.922954E+00 3.919830E-01
2.976793E+00 3.920619E-01
2.922936E+00 4.020000E-01
2.976765E+00 4.020000E-01
-3.388988E-01 -8.359626E-01
-3.356097E-01 -8.455826E-01
-3.570137E-01 -8.365098E-01
-3.100359E-01 -8.427998E-01
-2.727867E-01 -8.240717E-01
-2.802723E-01 -8.355266E-01
-2.479973E-01 -8.260253E-01
-3.570137E-01 1.238510E+00
-3.356097E-01 1.247583E+00
-3.388988E-01 1.237963E+00
-3.100359E-01 1.244800E+00
-2.802723E-01 1.237527E+00
-2.727867E-01 1.226072E+00
-2.479973E-01 1.228025E+00
-2.034611E-01 -8.029559E-01
-2.141836E-01 -8.152226E-01
-1.794034E-01 -8.035797E-01
-1.318513E-01 -7.787815E-01
-1.439997E-01 -7.913319E-01
-1.081972E-01 -7.786225E-01
-2.141836E-01 1.217223E+00
-2.034611E-01 1.204956E+00
-1.794034E-01 1.205580E+00
-1.439997E-01 1.193332E+00
-1.318513E-01 1.180781E+00
-1.081972E-01 1.180623E+00
-5.915034E-02 -7.529723E-01
-7.214825E-02 -7.655360E-01
-3.596314E-02 -7.521271E-01
1.390629E-02 -7.260015E-01
2.765152E-04 -7.384283E-01
3.650711E-02 -7.244593E-01
-7.214825E-02 1.167536E+00
-5.915034E-02 1.154972E+00
-3.596314E-02 1.154127E+00
2.765152E-04 1.140428E+00
1.390629E-02 1.128001E+00
3.650711E-02 1.126459E+00
8.686568E-02 -6.980292E-01
7.267900E-02 -7.102289E-01
1.087516E-01 -6.957385E-01
1.594343E-01 -6.690664E-01
1.446922E-01 -6.809831E-01
1.804732E-01 -6.659526E-01
7.267900E-02 1.112229E+00
8.686568E-02 1.100029E+00
1.087516E-01 1.097739E+00
1.446922E-01 1.082983E+00
1.594343E-01 1.071066E+00
1.804732E-01 1.067953E+00
2.314156E-01 -6.390319E-01
2.160721E-01 -6.506319E-01
2.514691E-01 -6.350022E-01
3.026787E-01 -6.077739E-01
2.866470E-01 -6.190412E-01
3.215942E-01 -6.027228E-01
2.160721E-01 1.052632E+00
2.314156E-01 1.041032E+00
2.514691E-01 1.037002E+00
2.866470E-01 1.021041E+00
3.026787E-01 1.009774E+00
3.215942E-01 1.004723E+00
3.731525E-01 -5.750696E-01
3.563055E-01 -5.860119E-01
3.907724E-01 -5.688660E-01
4.428174E-01 -5.406061E-01
4.249881E-01 -5.512370E-01
4.589480E-01 -5.330712E-01
3.563055E-01 9.880119E-01
3.731525E-01 9.770696E-01
3.907724E-01 9.708660E-01
4.249881E-01 9.532370E-01
4.428174E-01 9.426061E-01
4.589480E-01 9.350712E-01
5.116887E-01 -5.039671E-01
4.926507E-01 -5.143078E-01
5.260961E-01 -4.948780E-01
5.798390E-01 -4.646097E-01
5.592875E-01 -4.747031E-01
5.922328E-01 -4.536882E-01
4.926507E-01 9.163078E-01
5.116887E-01 9.059671E-01
5.260961E-01 8.968780E-01
5.592875E-01 8.767031E-01
5.798390E-01 8.666097E-01
5.922328E-01 8.556882E-01
6.474363E-01 -4.217873E-01
6.249446E-01 -4.317140E-01
6.574376E-01 -4.086372E-01
7.147982E-01 -3.744086E-01
6.897369E-01 -3.842822E-01
7.218765E-01 -3.584294E-01
6.249446E-01 8.337140E-01
6.474363E-01 8.237873E-01
6.574376E-01 8.106372E-01
6.897369E-01 7.862822E-01
7.147982E-01 7.764086E-01
7.218765E-01 7.604294E-01
7.825393E-01 -3.207761E-01
7.539118E-01 -3.307932E-01
7.859209E-01 -3.009931E-01
8.520162E-01 -2.579251E-01
8.180396E-01 -2.684884E-01
8.504985E-01 -2.324700E-01
7.539118E-01 7.327932E-01
7.825393E-01 7.227761E-01
7.859209E-01 7.029931E-01
8.180396E-01 6.704884E-01
8.520162E-01 6.599251E-01
8.504985E-01 6.344700E-01
9.269965E-01 -1.793731E-01
8.837732E-01 -1.915627E-01
9.190784E-01 -1.429385E-01
1.017510E+00 -6.750822E-02
9.606336E-01 -7.887957E-02
1.013906E+00 1.832660E-02
8.837732E-01 5.935627E-01
9.269965E-01 5.813731E-01
9.190784E-01 5.449385E-01
9.606336E-01 4.808796E-01
1.017510E+00 4.695082E-01
1.013906E+00 3.836734E-01
1.086024E+00 7.343574E-02
1.040204E+00 1.179551E-01
1.064720E+00 1.713239E-01
1.004654E+00 2.010000E-01
1.064720E+00 2.306761E-01
1.040204E+00 2.840449E-01
1.086024E+00 3.285643E-01
-3.465813E-01 -8.434977E-01
-3.395954E-01 -8.349213E-01
-3.463096E-01 -8.222143E-01
-3.333269E-01 -8.374718E-01
-3.265600E-01 2.010000E-01
-1.337976E-01 2.010000E-01
-3.313454E-01 2.010000E-01
-3.234738E-01 -8.450335E-01
-3.236941E-01 -8.377301E-01
-3.118689E-01 -8.361774E-01
-3.234688E-01 2.010000E-01
-3.126451E-01 2.010000E-01
-2.955495E-01 -8.395426E-01
-2.984961E-01 -8.333592E-01
-2.840044E-01 -8.296514E-01
-3.000431E-01 2.010000E-01
-2.860916E-01 2.010000E-01
-2.643808E-01 -8.309859E-01
-2.686884E-01 -8.253041E-01
-2.527524E-01 -8.204715E-01
-2.711743E-01 2.010000E-01
-2.555394E-01 2.010000E-01
-3.395954E-01 1.236921E+00
-3.463096E-01 1.224214E+00
-3.333269E-01 1.239472E+00
-3.465813E-01 1.245498E+00
-3.236941E-01 1.239730E+00
-3.118689E-01 1.238177E+00
-3.234738E-01 1.247034E+00
-2.984961E-01 1.235359E+00
-2.840044E-01 1.231651E+00
-2.955495E-01 1.241543E+00
-2.686884E-01 1.227304E+00
-2.527524E-01 1.222471E+00
-2.643808E-01 1.232986E+00
-2.312389E-01 -8.207502E-01
-2.363369E-01 -8.152629E-01
-2.195538E-01 -8.097601E-01
-2.393664E-01 2.010000E-01
-2.227784E-01 2.010000E-01
-1.968907E-01 -8.094897E-01
-2.024837E-01 -8.040192E-01
-1.851859E-01 -7.980788E-01
-2.058695E-01 2.010000E-01
-1.887104E-01 2.010000E-01
-1.617630E-01 -7.975205E-01
-1.677052E-01 -7.919692E-01
-1.500798E-01 -7.857150E-01
-1.713519E-01 2.010000E-01
-1.538352E-01 2.010000E-01
-1.261380E-01 -7.850291E-01
-1.323395E-01 -7.793346E-01
-1.145083E-01 -7.728415E-01
-1.361931E-01 2.010000E-01
-1.184528E-01 2.010000E-01
-2.363369E-01 1.217263E+00
-2.195538E-01 1.211760E+00
-2.312389E-01 1.222750E+00
-2.024837E-01 1.206019E+00
-1.851859E-01 1.200079E+00
-1.968907E-01 1.211490E+00
-1.677052E-01 1.193969E+00
-1.500798E-01 1.187715E+00
-1.617630E-01 1.199521E+00
-1.323395E-01 1.181335E+00
-1.145083E-01 1.174842E+00
-1.261380E-01 1.187029E+00
-9.019577E-02 -7.721223E-01
-9.660560E-02 -7.662470E-01
-7.864858E-02 -7.595603E-01
-1.006355E-01 2.010000E-01
-8.275945E-02 2.010000E-01
-5.406727E-02 -7.588696E-01
-6.065166E-02 -7.527888E-01
-4.262698E-02 -7.459379E-01
-6.484000E-02 2.010000E-01
-4.689043E-02 2.010000E-01
-1.784576E-02 -7.453124E-01
-2.458492E-02 -7.390122E-01
-6.534924E-03 -7.320152E-01
-2.892170E-02 2.010000E-01
-1.094383E-02 2.010000E-01
1.839623E-02 -7.314769E-01
1.151478E-02 -7.249498E-01
2.955701E-02 -7.178178E-01
7.034554E-03 2.010000E-01
2.500577E-02 2.010000E-01
-9.660560E-02 1.168247E+00
-7.864858E-02 1.161560E+00
-9.019577E-02 1.174122E+00
-6.065166E-02 1.154789E+00
-4.262698E-02 1.147938E+00
-5.406727E-02 1.160870E+00
-2.458492E-02 1.141012E+00
-6.534924E-03 1.134015E+00
-1.784576E-02 1.147312E+00
1.151478E-02 1.126950E+00
2.955701E-02 1.119818E+00
1.839623E-02 1.133477E+00
5.460314E-02 -7.173765E-01
4.758543E-02 -7.106207E-01
6.559415E-02 -7.033594E-01
4.296321E-02 2.010000E-01
6.090066E-02 2.010000E-01
9.072985E-02 -7.030165E-01
8.357794E-02 -6.960342E-01
1.015321E-01 -6.886451E-01
7.881264E-02 2.010000E-01
9.669418E-02 2.010000E-01
1.267402E-01 -6.883945E-01
1.194524E-01 -6.811917E-01
1.373349E-01 -6.736732E-01
1.145409E-01 2.010000E-01
1.323486E-01 2.010000E-01
1.626041E-01 -6.735031E-01
1.551761E-01 -6.660886E-01
1.729726E-01 -6.584364E-01
1.501134E-01 2.010000E-01
1.678321E-01 2.010000E-01
4.758543E-02 1.112621E+00
6.559415E-02 1.105359E+00
5.460314E-02 1.119377E+00
8.357794E-02 1.098034E+00
1.015321E-01 1.090645E+00
9.072985E-02 1.105016E+00
1.194524E-01 1.083192E+00
1.373349E-01 1.075673E+00
1.267402E-01 1.090394E+00
1.551761E-01 1.068089E+00
1.729726E-01 1.060436E+00
1.626041E-01 1.075503E+00
1.982967E-01 -6.583296E-01
1.907214E-01 -6.507149E-01
2.084198E-01 -6.429220E-01
1.855013E-01 2.010000E-01
2.031181E-01 2.010000E-01
2.337969E-01 -6.428570E-01
2.260652E-01 -6.350556E-01
2.436549E-01 -6.271133E-01
2.206797E-01 2.010000E-01
2.381833E-01 2.010000E-01
2.690864E-01 -6.270646E-01
2.611866E-01 -6.190923E-01
2.786572E-01 -6.109903E-01
2.556256E-01 2.010000E-01
2.729989E-01 2.010000E-01
3.041498E-01 -6.109287E-01
2.960650E-01 -6.028034E-01
3.134111E-01 -5.945275E-01
2.902946E-01 2.010000E-01
3.075340E-01 2.010000E-01
1.907214E-01 1.052715E+00
2.084198E-01 1.044922E+00
1.982967E-01 1.060330E+00
2.260652E-01 1.037056E+00
2.436549E-01 1.029113E+00
2.337969E-01 1.044857E+00
2.611866E-01 1.021092E+00
2.786572E-01 1.012990E+00
2.690864E-01 1.029065E+00
2.960650E-01 1.004803E+00
3.134111E-01 9.965275E-01
3.041498E-01 1.012929E+00
3.389799E-01 -5.944189E-01
3.306947E-01 -5.861593E-01
3.479137E-01 -5.776933E-01
3.247146E-01 2.010000E-01
3.418283E-01 2.010000E-01
3.735700E-01 -5.774963E-01
3.650662E-01 -5.691241E-01
3.821509E-01 -5.604461E-01
3.588719E-01 2.010000E-01
3.758437E-01 2.010000E-01
4.079120E-01 -5.601151E-01
3.991667E-01 -5.516534E-01
4.161124E-01 -5.427399E-01
3.927420E-01 2.010000E-01
4.095653E-01 2.010000E-01
4.420001E-01 -5.422248E-01
4.329872E-01 -5.336990E-01
4.497903E-01 -5.245237E-01
4.263121E-01 2.010000E-01
4.429814E-01 2.010000E-01
3.306947E-01 9.881593E-01
3.479137E-01 9.796933E-01
3.389799E-01 9.964189E-01
3.650662E-01 9.711241E-01
3.821509E-01 9.624461E-01
3.735700E-01 9.794963E-01
3.991667E-01 9.536534E-01
4.161124E-01 9.447399E-01
4.079120E-01 9.621151E-01
4.329872E-01 9.356990E-01
4.497903E-01 9.265237E-01
4.420001E-01 9.442248E-01
4.758316E-01 -5.237683E-01
4.665211E-01 -5.152063E-01
4.831788E-01 -5.057388E-01
4.595719E-01 2.010000E-01
4.760826E-01 2.010000E-01
5.094054E-01 -5.046809E-01
4.997631E-01 -4.961129E-01
5.162734E-01 -4.863194E-01
4.925122E-01 2.010000E-01
5.088593E-01 2.010000E-01
5.427233E-01 -4.848891E-01
5.327091E-01 -4.763499E-01
5.490699E-01 -4.661972E-01
5.251211E-01 2.010000E-01
5.412800E-01 2.010000E-01
5.757900E-01 -4.643077E-01
5.653561E-01 -4.558486E-01
5.815682E-01 -4.452877E-01
5.573726E-01 2.010000E-01
5.733817E-01 2.010000E-01
4.665211E-01 9.172063E-01
4.831788E-01 9.077388E-01
4.758316E-01 9.257683E-01
4.997631E-01 8.981129E-01
5.162734E-01 8.883194E-01
5.094054E-01 9.066809E-01
5.327091E-01 8.783499E-01
5.490699E-01 8.681972E-01
5.427233E-01 8.868891E-01
5.653561E-01 8.578486E-01
5.815682E-01 8.472877E-01
5.757900E-01 8.663077E-01
6.086173E-01 -4.428293E-01
5.977059E-01 -4.344984E-01
6.137690E-01 -4.234645E-01
5.893033E-01 2.010000E-01
6.051362E-01 2.010000E-01
6.412169E-01 -4.203237E-01
6.297580E-01 -4.121681E-01
6.456736E-01 -4.005893E-01
6.208792E-01 2.010000E-01
6.365312E-01 2.010000E-01
6.736098E-01 -3.966320E-01
6.615166E-01 -3.887057E-01
6.772878E-01 -3.764929E-01
6.520912E-01 2.010000E-01
6.675575E-01 2.010000E-01
7.058233E-01 -3.715595E-01
6.929885E-01 -3.639233E-01
7.086206E-01 -3.509652E-01
6.829284E-01 2.010000E-01
6.982019E-01 2.010000E-01
5.977059E-01 8.364984E-01
6.137690E-01 8.254645E-01
6.086173E-01 8.448293E-01
6.297580E-01 8.141681E-01
6.456736E-01 8.025893E-01
6.412169E-01 8.223237E-01
6.615166E-01 7.907057E-01
6.772878E-01 7.784929E-01
6.736098E-01 7.986320E-01
6.929885E-01 7.659233E-01
7.086206E-01 7.529652E-01
7.058233E-01 7.735595E-01
7.379036E-01 -3.448553E-01
7.241865E-01 -3.375817E-01
7.396881E-01 -3.237319E-01
7.133768E-01 2.010000E-01
7.284497E-01 2.010000E-01
7.699116E-01 -3.161939E-01
7.551286E-01 -3.093675E-01
7.705119E-01 -2.944304E-01
7.434169E-01 2.010000E-01
7.582733E-01 2.010000E-01
8.019562E-01 -2.851215E-01
7.858442E-01 -2.788504E-01
8.011307E-01 -2.625449E-01
7.730150E-01 2.010000E-01
7.876322E-01 2.010000E-01
8.342011E-01 -2.509891E-01
8.163802E-01 -2.454109E-01
8.316024E-01 -2.273133E-01
8.021151E-01 2.010000E-01
8.164422E-01 2.010000E-01
7.241865E-01 7.395817E-01
7.396881E-01 7.257319E-01
7.379036E-01 7.468553E-01
7.551286E-01 7.113675E-01
7.705119E-01 6.964304E-01
7.699116E-01 7.181939E-01
7.858442E-01 6.808504E-01
8.011307E-01 6.645449E-01
8.019562E-01 6.871215E-01
8.163802E-01 6.474109E-01
8.316024E-01 6.293133E-01
8.342011E-01 6.529891E-01
8.669837E-01 -2.127541E-01
8.468168E-01 -2.080724E-01
8.620436E-01 -1.874479E-01
8.305886E-01 2.010000E-01
8.444996E-01 2.010000E-01
9.010341E-01 -1.685186E-01
8.773240E-01 -1.650646E-01
8.927605E-01 -1.403562E-01
8.581210E-01 2.010000E-01
8.713765E-01 2.010000E-01
9.385316E-01 -1.137177E-01
9.086143E-01 -1.123429E-01
9.256773E-01 -7.899297E-02
8.840631E-01 2.010000E-01
8.962521E-01 2.010000E-01
9.872303E-01 -3.446459E-02
9.469003E-01 -3.483650E-02
9.816402E-01 3.443266E-02
9.084724E-01 2.010000E-01
9.450746E-01 2.010000E-01
8.468168E-01 6.100724E-01
8.620436E-01 5.894479E-01
8.669837E-01 6.147541E-01
8.773240E-01 5.670646E-01
8.927605E-01 5.423562E-01
9.010341E-01 5.705186E-01
9.086143E-01 5.143429E-01
9.256773E-01 4.809930E-01
9.385316E-01 5.157177E-01
9.469003E-01 4.368365E-01
9.816402E-01 3.675673E-01
9.872303E-01 4.364646E-01
1.031331E+00 7.164010E-02
1.005964E+00 1.077781E-01
1.016138E+00 1.547081E-01
9.872791E-01 2.010000E-01
1.005964E+00 2.942219E-01
1.016138E+00 2.472919E-01
1.031331E+00 3.303599E-01
</DataArray>
<DataArray type="Float64" Name="phi" NumberOfComponents="1" format="ascii">
1.000000E+02
9.856847E+01
9.856793E+01
1.000000E+02
9.709465E+01
9.709374E+01
9.856624E+01
1.000000E+02
9.709078E+01
9.557937E+01
9.557824E+01
9.402377E+01
9.402259E+01
9.557448E+01
9.401850E+01
9.242877E+01
9.242769E+01
9.079507E+01
9.079422E+01
9.242369E+01
9.079070E+01
8.912327E+01
8.912277E+01
8.741395E+01
8.741386E+01
8.912001E+01
8.741208E+01
8.566771E+01
8.566807E+01
8.388524E+01
8.388606E+01
8.566737E+01
8.388646E+01
8.206739E+01
8.206864E+01
8.021520E+01
8.021683E+01
8.207005E+01
8.021909E+01
7.832994E+01
7.833188E+01
7.641315E+01
7.641530E+01
7.833475E+01
7.641850E+01
7.446666E+01
7.446893E+01
7.249261E+01
7.249489E+01
7.447213E+01
7.249777E+01
7.049345E+01
7.049564E+01
6.847190E+01
6.847391E+01
7.049787E+01
6.847521E+01
6.643094E+01
6.643270E+01
6.437370E+01
6.437515E+01
6.643284E+01
6.437399E+01
6.230336E+01
6.230445E+01
6.022296E+01
6.022370E+01
6.230195E+01
6.021989E+01
5.813528E+01
5.813565E+01
5.604256E+01
5.604257E+01
5.813068E+01
5.603662E+01
5.394638E+01
5.394602E+01
5.184750E+01
5.184673E+01
5.393928E+01
5.183937E+01
4.974585E+01
4.974461E+01
4.764062E+01
4.763881E+01
4.973669E+01
4.763028E+01
4.553046E+01
4.552798E+01
4.341381E+01
4.341057E+01
4.551870E+01
4.340034E+01
4.128921E+01
4.128516E+01
3.915558E+01
3.915071E+01
4.127380E+01
3.913815E+01
3.701238E+01
3.700678E+01
3.485970E+01
3.485348E+01
3.699304E+01
3.483874E+01
3.269817E+01
3.269150E+01
3.052885E+01
3.052193E+01
3.267604E+01
3.050612E+01
2.835313E+01
2.834615E+01
2.617249E+01
2.616565E+01
2.833036E+01
2.615026E+01
2.398844E+01
2.398191E+01
2.180241E+01
2.179630E+01
2.396726E+01
2.178267E+01
1.961562E+01
1.961004E+01
1.742910E+01
1.742412E+01
1.959763E+01
1.741307E+01
1.524364E+01
1.523931E+01
1.305983E+01
1.305615E+01
1.522970E+01
1.304800E+01
1.087801E+01
1.087498E+01
8.698367E+00
8.695980E+00
1.086829E+01
8.690708E+00
6.520918E+00
6.519153E+00
4.345558E+00
4.344394E+00
6.515257E+00
4.341829E+00
2.172078E+00
2.171491E+00
0.000000E+00
0.000000E+00
2.170217E+00
0.000000E+00
9.856339E+01
1.000000E+02
9.708580E+01
9.855933E+01
1.000000E+02
9.707871E+01
9.556815E+01
9.401158E+01
9.555911E+01
9.400169E+01
9.241691E+01
9.078468E+01
9.240718E+01
9.077600E+01
8.911527E+01
8.740897E+01
8.910837E+01
8.740437E+01
8.566609E+01
8.388702E+01
8.566408E+01
8.388767E+01
8.207234E+01
8.022282E+01
8.207546E+01
8.022802E+01
7.833952E+01
7.642383E+01
7.834626E+01
7.643140E+01
7.447748E+01
7.250257E+01
7.448511E+01
7.250944E+01
7.050159E+01
6.847736E+01
7.050691E+01
6.848045E+01
6.643303E+01
6.437198E+01
6.643334E+01
6.436915E+01
6.229766E+01
6.021341E+01
6.229156E+01
6.020418E+01
5.812223E+01
5.602653E+01
5.811022E+01
5.601223E+01
5.392791E+01
5.182698E+01
5.391182E+01
5.180948E+01
4.972338E+01
4.761596E+01
4.970459E+01
4.759573E+01
4.550310E+01
4.338314E+01
4.548104E+01
4.335877E+01
4.125473E+01
3.911707E+01
4.122768E+01
3.908724E+01
3.697005E+01
3.481415E+01
3.693761E+01
3.477961E+01
3.265034E+01
3.047990E+01
3.261441E+01
3.044343E+01
2.830428E+01
2.612491E+01
2.826814E+01
2.608995E+01
2.394319E+01
2.176032E+01
2.391010E+01
2.172968E+01
1.957732E+01
1.739501E+01
1.954954E+01
1.737035E+01
1.521400E+01
1.303470E+01
1.519260E+01
1.301659E+01
1.085737E+01
8.682111E+00
1.084252E+01
8.670423E+00
6.508908E+00
4.337650E+00
6.500280E+00
4.331975E+00
2.168144E+00
0.000000E+00
2.165331E+00
0.000000E+00
9.855402E+01
1.000000E+02
9.706942E+01
9.854741E+01
1.000000E+02
9.705787E+01
9.554726E+01
9.398867E+01
9.553248E+01
9.397235E+01
9.239429E+01
9.076442E+01
9.237804E+01
9.074968E+01
8.909906E+01
8.739804E+01
8.908705E+01
8.738968E+01
8.566115E+01
8.388823E+01
8.565701E+01
8.388849E+01
8.207931E+01
8.023469E+01
8.208376E+01
8.024274E+01
7.835499E+01
7.644130E+01
7.836576E+01
7.645364E+01
7.449514E+01
7.251852E+01
7.450773E+01
7.253000E+01
7.051400E+01
6.848459E+01
7.052301E+01
6.848993E+01
6.643380E+01
6.436546E+01
6.643450E+01
6.436090E+01
6.228357E+01
6.019207E+01
6.227356E+01
6.017688E+01
5.809447E+01
5.599353E+01
5.807476E+01
5.597020E+01
5.389085E+01
5.178673E+01
5.386480E+01
5.175855E+01
4.968019E+01
4.756941E+01
4.964999E+01
4.753675E+01
4.545224E+01
4.332690E+01
4.541638E+01
4.328710E+01
4.119231E+01
3.904831E+01
4.114817E+01
3.899991E+01
3.689549E+01
3.473500E+01
3.684343E+01
3.468030E+01
3.256831E+01
3.039694E+01
3.251223E+01
3.034082E+01
2.822236E+01
2.604588E+01
2.816750E+01
2.599342E+01
2.386860E+01
2.169139E+01
2.381945E+01
2.164625E+01
1.951493E+01
1.733970E+01
1.947427E+01
1.730380E+01
1.516604E+01
1.299415E+01
1.513500E+01
1.296796E+01
1.082412E+01
8.655962E+00
1.080267E+01
8.639113E+00
6.489612E+00
4.324963E+00
6.477192E+00
4.316806E+00
2.161858E+00
0.000000E+00
2.157822E+00
0.000000E+00
9.853948E+01
1.000000E+02
9.704400E+01
9.853025E+01
1.000000E+02
9.702783E+01
9.551469E+01
9.395259E+01
9.549386E+01
9.392933E+01
9.235821E+01
9.073149E+01
9.233464E+01
9.070961E+01
8.907199E+01
8.737892E+01
8.905355E+01
8.736535E+01
8.565131E+01
8.388814E+01
8.564360E+01
8.388677E+01
8.208858E+01
8.025208E+01
8.209344E+01
8.026249E+01
7.837856E+01
7.646852E+01
7.839332E+01
7.648600E+01
7.452308E+01
7.254411E+01
7.454136E+01
7.256109E+01
7.053418E+01
6.849664E+01
7.054778E+01
6.850494E+01
6.643552E+01
6.435544E+01
6.643697E+01
6.434906E+01
6.226140E+01
6.015836E+01
6.224688E+01
6.013620E+01
5.805078E+01
5.594194E+01
5.802215E+01
5.590839E+01
5.383341E+01
5.172473E+01
5.379638E+01
5.168498E+01
4.961373E+01
4.749740E+01
4.957109E+01
4.745088E+01
4.537297E+01
4.323881E+01
4.532137E+01
4.318132E+01
4.109469E+01
3.894160E+01
4.103126E+01
3.887296E+01
3.678123E+01
3.461556E+01
3.670876E+01
3.454098E+01
3.244649E+01
3.027565E+01
3.237162E+01
3.020222E+01
2.810433E+01
2.593344E+01
2.803381E+01
2.586703E+01
2.376361E+01
2.159523E+01
2.370219E+01
2.153940E+01
1.942849E+01
1.726349E+01
1.937860E+01
1.721969E+01
1.510022E+01
1.293865E+01
1.506252E+01
1.290694E+01
1.077871E+01
8.620303E+00
1.075280E+01
8.599988E+00
6.463339E+00
4.307716E+00
6.448390E+00
4.297918E+00
2.153330E+00
0.000000E+00
2.148495E+00
0.000000E+00
9.851976E+01
1.000000E+02
9.700943E+01
9.850811E+01
1.000000E+02
9.698895E+01
9.547007E+01
9.390258E+01
9.544349E+01
9.387251E+01
9.230728E+01
9.068386E+01
9.227622E+01
9.065420E+01
8.903143E+01
8.734855E+01
8.900540E+01
8.732811E+01
8.563339E+01
8.388385E+01
8.562011E+01
8.387873E+01
8.209786E+01
8.027362E+01
8.210120E+01
8.028494E+01
7.840987E+01
7.650611E+01
7.842786E+01
7.652874E+01
7.456275E+01
7.258125E+01
7.458740E+01
7.260490E+01
7.056414E+01
6.851512E+01
7.058366E+01
6.852754E+01
6.643902E+01
6.434171E+01
6.644187E+01
6.433336E+01
6.222978E+01
6.011000E+01
6.220979E+01
6.007924E+01
5.798839E+01
5.586912E+01
5.794894E+01
5.582360E+01
5.375335E+01
5.163899E+01
5.370393E+01
5.158634E+01
4.952161E+01
4.739654E+01
4.946472E+01
4.733352E+01
4.526078E+01
4.311382E+01
4.519016E+01
4.303536E+01
4.095722E+01
3.879368E+01
4.087198E+01
3.870362E+01
3.662610E+01
3.445703E+01
3.653361E+01
3.436451E+01
3.228842E+01
3.012155E+01
3.219800E+01
3.003496E+01
2.795713E+01
2.579542E+01
2.787567E+01
2.572001E+01
2.363642E+01
2.147993E+01
2.356764E+01
2.141807E+01
1.932568E+01
1.717338E+01
1.927085E+01
1.712553E+01
1.502274E+01
1.287352E+01
1.498172E+01
1.283913E+01
1.072554E+01
8.578632E+00
1.069750E+01
8.556689E+00
6.432690E+00
4.287638E+00
6.416573E+00
4.277097E+00
2.143429E+00
0.000000E+00
2.138241E+00
0.000000E+00
9.849542E+01
1.000000E+02
9.696663E+01
9.848186E+01
1.000000E+02
9.694275E+01
9.541441E+01
9.383942E+01
9.538325E+01
9.380379E+01
9.224172E+01
9.062078E+01
9.220426E+01
9.058399E+01
8.897542E+01
8.730374E+01
8.894167E+01
8.727529E+01
8.560318E+01
8.387063E+01
8.558210E+01
8.385867E+01
8.210260E+01
8.029565E+01
8.210097E+01
8.030468E+01
7.844674E+01
7.655364E+01
7.846561E+01
7.658031E+01
7.461536E+01
7.263237E+01
7.464659E+01
7.266399E+01
7.060681E+01
6.854265E+01
7.063416E+01
6.856106E+01
6.644580E+01
6.432400E+01
6.645119E+01
6.431362E+01
6.218655E+01
6.004331E+01
6.215959E+01
6.000138E+01
5.790308E+01
5.577127E+01
5.784996E+01
5.571148E+01
5.364770E+01
5.152656E+01
5.358419E+01
5.145894E+01
4.939957E+01
4.726064E+01
4.932497E+01
4.717639E+01
4.510830E+01
4.294505E+01
4.501386E+01
4.284212E+01
4.077517E+01
3.860303E+01
4.066681E+01
3.849267E+01
3.643209E+01
3.426462E+01
3.632284E+01
3.415899E+01
3.210181E+01
2.994400E+01
3.200161E+01
2.985045E+01
2.779100E+01
2.564229E+01
2.770481E+01
2.556380E+01
2.349721E+01
2.135506E+01
2.342652E+01
2.129210E+01
1.921521E+01
1.707710E+01
1.915979E+01
1.702898E+01
1.494029E+01
1.280442E+01
1.489919E+01
1.277004E+01
1.066924E+01
8.534590E+00
1.064127E+01
8.512732E+00
6.400356E+00
4.266503E+00
6.384330E+00
4.256044E+00
2.133036E+00
0.000000E+00
2.127905E+00
0.000000E+00
9.846760E+01
1.000000E+02
9.691766E+01
9.845283E+01
1.000000E+02
9.689175E+01
9.535051E+01
9.376626E+01
9.531677E+01
9.372763E+01
9.216456E+01
9.054450E+01
9.212355E+01
9.050327E+01
8.890463E+01
8.724288E+01
8.886510E+01
8.720695E+01
8.555650E+01
8.384198E+01
8.552626E+01
8.381982E+01
8.209502E+01
8.031056E+01
8.208339E+01
8.031153E+01
7.848320E+01
7.660789E+01
7.849770E+01
7.663501E+01
7.468080E+01
7.270005E+01
7.471735E+01
7.274069E+01
7.066637E+01
6.858350E+01
7.070420E+01
6.861098E+01
6.645857E+01
6.430223E+01
6.646868E+01
6.428992E+01
6.212834E+01
5.995246E+01
6.209204E+01
5.989523E+01
5.778855E+01
5.564356E+01
5.771764E+01
5.556684E+01
5.351287E+01
5.138249E+01
5.343308E+01
5.129563E+01
4.923925E+01
4.707895E+01
4.914010E+01
4.696635E+01
4.490559E+01
4.272630E+01
4.478266E+01
4.259811E+01
4.054760E+01
3.837396E+01
4.041912E+01
3.824914E+01
3.620774E+01
3.404968E+01
3.608925E+01
3.393910E+01
3.189946E+01
2.975622E+01
3.179758E+01
2.966326E+01
2.761880E+01
2.548606E+01
2.753468E+01
2.541049E+01
2.335688E+01
2.123032E+01
2.328952E+01
2.117076E+01
1.910558E+01
1.698201E+01
1.905343E+01
1.693689E+01
1.485912E+01
1.273654E+01
1.482068E+01
1.270444E+01
1.061404E+01
8.491471E+00
1.058796E+01
8.471117E+00
6.368754E+00
4.245891E+00
6.353854E+00
4.236188E+00
2.122932E+00
0.000000E+00
2.118186E+00
0.000000E+00
9.843771E+01
1.000000E+02
9.686540E+01
9.842237E+01
1.000000E+02
9.683901E+01
9.528273E+01
9.368885E+01
9.524913E+01
9.365104E+01
9.208238E+01
9.046149E+01
9.204238E+01
9.042048E+01
8.882413E+01
8.716824E+01
8.878292E+01
8.712774E+01
8.549166E+01
8.379177E+01
8.545336E+01
8.375798E+01
8.206488E+01
8.030566E+01
8.203881E+01
8.029123E+01
7.850684E+01
7.665961E+01
7.850797E+01
7.667881E+01
7.475499E+01
7.278577E+01
7.479156E+01
7.283454E+01
7.074847E+01
6.864476E+01
7.079991E+01
6.868647E+01
6.648257E+01
6.427686E+01
6.650173E+01
6.426340E+01
6.204973E+01
5.982801E+01
6.200013E+01
5.974863E+01
5.763588E+01
5.548077E+01
5.754188E+01
5.538493E+01
5.334381E+01
5.119588E+01
5.324318E+01
5.107950E+01
4.902463E+01
4.683695E+01
4.888992E+01
4.669030E+01
4.464531E+01
4.245931E+01
4.449542E+01
4.231319E+01
4.028405E+01
3.812118E+01
4.014613E+01
3.799367E+01
3.597026E+01
3.382987E+01
3.585393E+01
3.372460E+01
3.169820E+01
2.957346E+01
3.160346E+01
2.948853E+01
2.745400E+01
2.533841E+01
2.737814E+01
2.527092E+01
2.322550E+01
2.111432E+01
2.316574E+01
2.106174E+01
1.900411E+01
1.689427E+01
1.895822E+01
1.685466E+01
1.478439E+01
1.267415E+01
1.475068E+01
1.264603E+01
1.056337E+01
8.451932E+00
1.054054E+01
8.434133E+00
6.339819E+00
4.227057E+00
6.326806E+00
4.218600E+00
2.113726E+00
0.000000E+00
2.109601E+00
0.000000E+00
9.840689E+01
1.000000E+02
9.681302E+01
9.839129E+01
1.000000E+02
9.678795E+01
9.521688E+01
9.361547E+01
9.518716E+01
9.358360E+01
9.200492E+01
9.038153E+01
9.197129E+01
9.034560E+01
8.874260E+01
8.708654E+01
8.870403E+01
8.704567E+01
8.541243E+01
8.371930E+01
8.537021E+01
8.367728E+01
8.200539E+01
8.026725E+01
8.196597E+01
8.023412E+01
7.849858E+01
7.668897E+01
7.847718E+01
7.668626E+01
7.482355E+01
7.288510E+01
7.484589E+01
7.293359E+01
7.085890E+01
6.873817E+01
7.092477E+01
6.880227E+01
6.652837E+01
6.425020E+01
6.656578E+01
6.423850E+01
6.194157E+01
5.965433E+01
6.187183E+01
5.954179E+01
5.743452E+01
5.527893E+01
5.731363E+01
5.516145E+01
5.312747E+01
5.094167E+01
5.299012E+01
5.077813E+01
4.873421E+01
4.652832E+01
4.855904E+01
4.635627E+01
4.433710E+01
4.216454E+01
4.417672E+01
4.201924E+01
4.000987E+01
3.787047E+01
3.988009E+01
3.775527E+01
3.574335E+01
3.362573E+01
3.564129E+01
3.353533E+01
3.151525E+01
2.940995E+01
3.143511E+01
2.933890E+01
2.730827E+01
2.520895E+01
2.724529E+01
2.515322E+01
2.311099E+01
2.101363E+01
2.306183E+01
2.097048E+01
1.891627E+01
1.681847E+01
1.887867E+01
1.678603E+01
1.471990E+01
1.262035E+01
1.469231E+01
1.259734E+01
1.051970E+01
8.417892E+00
1.050103E+01
8.403347E+00
6.314940E+00
4.210894E+00
6.304317E+00
4.204001E+00
2.105847E+00
0.000000E+00
2.102494E+00
0.000000E+00
9.837558E+01
1.000000E+02
9.676464E+01
9.835980E+01
1.000000E+02
9.674471E+01
9.516156E+01
9.355691E+01
9.514217E+01
9.353628E+01
9.194228E+01
9.031306E+01
9.191774E+01
9.028374E+01
8.866774E+01
8.700610E+01
8.863400E+01
8.696868E+01
8.532819E+01
8.363394E+01
8.528786E+01
8.359143E+01
8.192292E+01
8.019397E+01
8.187911E+01
8.015026E+01
7.844441E+01
7.666823E+01
7.840356E+01
7.663582E+01
7.485255E+01
7.297315E+01
7.483910E+01
7.299392E+01
7.099437E+01
6.888111E+01
7.105936E+01
6.897532E+01
6.661892E+01
6.423068E+01
6.669525E+01
6.423137E+01
6.178794E+01
5.940748E+01
6.168622E+01
5.924951E+01
5.718100E+01
5.502744E+01
5.704021E+01
5.486437E+01
5.282252E+01
5.058897E+01
5.262037E+01
5.038334E+01
4.837131E+01
4.618296E+01
4.818377E+01
4.601929E+01
4.402217E+01
4.188342E+01
4.388139E+01
4.176250E+01
3.976126E+01
3.765126E+01
3.965702E+01
3.756090E+01
3.555004E+01
3.345502E+01
3.547126E+01
3.338598E+01
3.136426E+01
2.927626E+01
3.130351E+01
2.922267E+01
2.718989E+01
2.510426E+01
2.714255E+01
2.506246E+01
2.301868E+01
2.093262E+01
2.298185E+01
2.090031E+01
1.884569E+01
1.675759E+01
1.881754E+01
1.673332E+01
1.466812E+01
1.257717E+01
1.464748E+01
1.255995E+01
1.048466E+01
8.390598E+00
1.047069E+01
8.379721E+00
6.295011E+00
4.197966E+00
6.287074E+00
4.192823E+00
2.099561E+00
0.000000E+00
2.097063E+00
0.000000E+00
9.834462E+01
1.000000E+02
9.673135E+01
9.833348E+01
1.000000E+02
9.672903E+01
9.513072E+01
9.352106E+01
9.512607E+01
9.350894E+01
9.189664E+01
9.025723E+01
9.187789E+01
9.023348E+01
8.860311E+01
8.693428E+01
8.857554E+01
8.690370E+01
8.525058E+01
8.355173E+01
8.521749E+01
8.351643E+01
8.183735E+01
8.010694E+01
8.179994E+01
8.006740E+01
7.835975E+01
7.659431E+01
7.831818E+01
7.655140E+01
7.480701E+01
7.298736E+01
7.476540E+01
7.295608E+01
7.110370E+01
6.907880E+01
7.110944E+01
6.916788E+01
6.680530E+01
6.424999E+01
6.695929E+01
6.430644E+01
6.156282E+01
5.907315E+01
6.141560E+01
5.890142E+01
5.688925E+01
5.465704E+01
5.670403E+01
5.441568E+01
5.239524E+01
5.018074E+01
5.217903E+01
5.000474E+01
4.801212E+01
4.587572E+01
4.787016E+01
4.575995E+01
4.376091E+01
4.166055E+01
4.366508E+01
4.158007E+01
3.956992E+01
3.748583E+01
3.950148E+01
3.742700E+01
3.540604E+01
3.332897E+01
3.535503E+01
3.328442E+01
3.125343E+01
2.917853E+01
3.121432E+01
2.914407E+01
2.710358E+01
2.502806E+01
2.707316E+01
2.500120E+01
2.295154E+01
2.087373E+01
2.292789E+01
2.085298E+01
1.879438E+01
1.671334E+01
1.877630E+01
1.669774E+01
1.463049E+01
1.254578E+01
1.461722E+01
1.253471E+01
1.045920E+01
8.370770E+00
1.045022E+01
8.363779E+00
6.280544E+00
4.188594E+00
6.275445E+00
4.185293E+00
2.095011E+00
0.000000E+00
2.093411E+00
0.000000E+00
9.833738E+01
1.000000E+02
9.673697E+01
9.836548E+01
1.000000E+02
9.674980E+01
9.512384E+01
9.349822E+01
9.512321E+01
9.348956E+01
9.186136E+01
9.021285E+01
9.184770E+01
9.019583E+01
8.855187E+01
8.687762E+01
8.853240E+01
8.685624E+01
8.518944E+01
8.348670E+01
8.516658E+01
8.346297E+01
8.176850E+01
8.003405E+01
8.174373E+01
8.000790E+01
7.828269E+01
7.651365E+01
7.825498E+01
7.648426E+01
7.472582E+01
7.291713E+01
7.469503E+01
7.288612E+01
7.108251E+01
6.920214E+01
7.105576E+01
6.919993E+01
6.714350E+01
6.444239E+01
6.728157E+01
6.472316E+01
6.124848E+01
5.875863E+01
6.102578E+01
5.861678E+01
5.647073E+01
5.419511E+01
5.627518E+01
5.405132E+01
5.200827E+01
4.987312E+01
5.190345E+01
4.979356E+01
4.776638E+01
4.567617E+01
4.770392E+01
4.562584E+01
4.359608E+01
4.152229E+01
4.355465E+01
4.148760E+01
3.945241E+01
3.738486E+01
3.942297E+01
3.735957E+01
3.531851E+01
3.325254E+01
3.529659E+01
3.323340E+01
3.118633E+01
2.911941E+01
3.116953E+01
2.910460E+01
2.705139E+01
2.498199E+01
2.703832E+01
2.497045E+01
2.291096E+01
2.083812E+01
2.290079E+01
2.082920E+01
1.876335E+01
1.668657E+01
1.875558E+01
1.667986E+01
1.460772E+01
1.252678E+01
1.460200E+01
1.252202E+01
1.044379E+01
8.358772E+00
1.043992E+01
8.355763E+00
6.271795E+00
4.182930E+00
6.269601E+00
4.181510E+00
2.092266E+00
0.000000E+00
2.091578E+00
0.000000E+00
5.851972E+01
6.078237E+01
5.861678E+01
6.102578E+01
5.620759E+01
5.400466E+01
5.627518E+01
5.405132E+01
5.186911E+01
4.976727E+01
5.190345E+01
4.979356E+01
4.768319E+01
4.560910E+01
4.770392E+01
4.562584E+01
4.354086E+01
4.147605E+01
4.355465E+01
4.148760E+01
3.941315E+01
3.735114E+01
3.942297E+01
3.735957E+01
3.528928E+01
3.322702E+01
3.529659E+01
3.323340E+01
3.116393E+01
2.909967E+01
3.116953E+01
2.910460E+01
2.703396E+01
2.496660E+01
2.703832E+01
2.497045E+01
2.289739E+01
2.082622E+01
2.290079E+01
2.082920E+01
1.875298E+01
1.667762E+01
1.875558E+01
1.667986E+01
1.460010E+01
1.252043E+01
1.460200E+01
1.252202E+01
1.043863E+01
8.354759E+00
1.043992E+01
8.355763E+00
6.268869E+00
4.181037E+00
6.269601E+00
4.181510E+00
2.091349E+00
0.000000E+00
2.091578E+00
0.000000E+00
1.000000E+02
9.836548E+01
9.833738E+01
1.000000E+02
9.674980E+01
9.673697E+01
9.833348E+01
1.000000E+02
9.672903E+01
9.512321E+01
9.512384E+01
9.348956E+01
9.349822E+01
9.512607E+01
9.350894E+01
9.184770E+01
9.186136E+01
9.019583E+01
9.021285E+01
9.187789E+01
9.023348E+01
8.853240E+01
8.855187E+01
8.685624E+01
8.687762E+01
8.857554E+01
8.690370E+01
8.516658E+01
8.518944E+01
8.346297E+01
8.348670E+01
8.521749E+01
8.351643E+01
8.174373E+01
8.176850E+01
8.000790E+01
8.003405E+01
8.179994E+01
8.006740E+01
7.825498E+01
7.828269E+01
7.648426E+01
7.651365E+01
7.831818E+01
7.655140E+01
7.469503E+01
7.472582E+01
7.288612E+01
7.291713E+01
7.476540E+01
7.295608E+01
7.105576E+01
7.108251E+01
6.919993E+01
6.920214E+01
7.110944E+01
6.916788E+01
6.728157E+01
6.714350E+01
6.472316E+01
6.444239E+01
6.695929E+01
6.430644E+01
6.124848E+01
5.875863E+01
6.141560E+01
5.890142E+01
5.647073E+01
5.419511E+01
5.670403E+01
5.441568E+01
5.200827E+01
4.987312E+01
5.217903E+01
5.000474E+01
4.776638E+01
4.567617E+01
4.787016E+01
4.575995E+01
4.359608E+01
4.152229E+01
4.366508E+01
4.158007E+01
3.945241E+01
3.738486E+01
3.950148E+01
3.742700E+01
3.531851E+01
3.325254E+01
3.535503E+01
3.328442E+01
3.118633E+01
2.911941E+01
3.121432E+01
2.914407E+01
2.705139E+01
2.498199E+01
2.707316E+01
2.500120E+01
2.291096E+01
2.083812E+01
2.292789E+01
2.085298E+01
1.876335E+01
1.668657E+01
1.877630E+01
1.669774E+01
1.460772E+01
1.252678E+01
1.461722E+01
1.253471E+01
1.044379E+01
8.358772E+00
1.045022E+01
8.363779E+00
6.271795E+00
4.182930E+00
6.275445E+00
4.185293E+00
2.092266E+00
0.000000E+00
2.093411E+00
0.000000E+00
9.834462E+01
1.000000E+02
9.673135E+01
9.835980E+01
1.000000E+02
9.674471E+01
9.513072E+01
9.352106E+01
9.514217E+01
9.353628E+01
9.189664E+01
9.025723E+01
9.191774E+01
9.028374E+01
8.860311E+01
8.693428E+01
8.863400E+01
8.696868E+01
8.525058E+01
8.355173E+01
8.528786E+01
8.359143E+01
8.183735E+01
8.010694E+01
8.187911E+01
8.015026E+01
7.835975E+01
7.659431E+01
7.840356E+01
7.663582E+01
7.480701E+01
7.298736E+01
7.483910E+01
7.299392E+01
7.110370E+01
6.907880E+01
7.105936E+01
6.897532E+01
6.680530E+01
6.424999E+01
6.669525E+01
6.423137E+01
6.156282E+01
5.907315E+01
6.168622E+01
5.924951E+01
5.688925E+01
5.465704E+01
5.704021E+01
5.486437E+01
5.239524E+01
5.018074E+01
5.262037E+01
5.038334E+01
4.801212E+01
4.587572E+01
4.818377E+01
4.601929E+01
4.376091E+01
4.166055E+01
4.388139E+01
4.176250E+01
3.956992E+01
3.748583E+01
3.965702E+01
3.756090E+01
3.540604E+01
3.332897E+01
3.547126E+01
3.338598E+01
3.125343E+01
2.917853E+01
3.130351E+01
2.922267E+01
2.710358E+01
2.502806E+01
2.714255E+01
2.506246E+01
2.295154E+01
2.087373E+01
2.298185E+01
2.090031E+01
1.879438E+01
1.671334E+01
1.881754E+01
1.673332E+01
1.463049E+01
1.254578E+01
1.464748E+01
1.255995E+01
1.045920E+01
8.370770E+00
1.047069E+01
8.379721E+00
6.280544E+00
4.188594E+00
6.287074E+00
4.192823E+00
2.095011E+00
0.000000E+00
2.097063E+00
0.000000E+00
9.837558E+01
1.000000E+02
9.676464E+01
9.839129E+01
1.000000E+02
9.678795E+01
9.516156E+01
9.355691E+01
9.518716E+01
9.358360E+01
9.194228E+01
9.031306E+01
9.197129E+01
9.034560E+01
8.866774E+01
8.700610E+01
8.870403E+01
8.704567E+01
8.532819E+01
8.363394E+01
8.537021E+01
8.367728E+01
8.192292E+01
8.019397E+01
8.196597E+01
8.023412E+01
7.844441E+01
7.666823E+01
7.847718E+01
7.668626E+01
7.485255E+01
7.297315E+01
7.484589E+01
7.293359E+01
7.099437E+01
6.888111E+01
7.092477E+01
6.880227E+01
6.661892E+01
6.423068E+01
6.656578E+01
6.423850E+01
6.178794E+01
5.940748E+01
6.187183E+01
5.954179E+01
5.718100E+01
5.502744E+01
5.731363E+01
5.516145E+01
5.282252E+01
5.058897E+01
5.299012E+01
5.077813E+01
4.837131E+01
4.618296E+01
4.855904E+01
4.635627E+01
4.402217E+01
4.188342E+01
4.417672E+01
4.201924E+01
3.976126E+01
3.765126E+01
3.988009E+01
3.775527E+01
3.555004E+01
3.345502E+01
3.564129E+01
3.353533E+01
3.136426E+01
2.927626E+01
3.143511E+01
2.933890E+01
2.718989E+01
2.510426E+01
2.724529E+01
2.515322E+01
2.301868E+01
2.093262E+01
2.306183E+01
2.097048E+01
1.884569E+01
1.675759E+01
1.887867E+01
1.678603E+01
1.466812E+01
1.257717E+01
1.469231E+01
1.259734E+01
1.048466E+01
8.390598E+00
1.050103E+01
8.403347E+00
6.295011E+00
4.197966E+00
6.304317E+00
4.204001E+00
2.099561E+00
0.000000E+00
2.102494E+00
0.000000E+00
9.840689E+01
1.000000E+02
9.681302E+01
9.842237E+01
1.000000E+02
9.683901E+01
9.521688E+01
9.361547E+01
9.524913E+01
9.365104E+01
9.200492E+01
9.038153E+01
9.204238E+01
9.042048E+01
8.874260E+01
8.708654E+01
8.878292E+01
8.712774E+01
8.541243E+01
8.371930E+01
8.545336E+01
8.375798E+01
8.200539E+01
8.026725E+01
8.203881E+01
8.029123E+01
7.849858E+01
7.668897E+01
7.850797E+01
7.667881E+01
7.482355E+01
7.288510E+01
7.479156E+01
7.283454E+01
7.085890E+01
6.873817E+01
7.079991E+01
6.868647E+01
6.652837E+01
6.425020E+01
6.650173E+01
6.426340E+01
6.194157E+01
5.965433E+01
6.200013E+01
5.974863E+01
5.743452E+01
5.527893E+01
5.754188E+01
5.538493E+01
5.312747E+01
5.094167E+01
5.324318E+01
5.107950E+01
4.873421E+01
4.652832E+01
4.888992E+01
4.669030E+01
4.433710E+01
4.216454E+01
4.449542E+01
4.231319E+01
4.000987E+01
3.787047E+01
4.014613E+01
3.799367E+01
3.574335E+01
3.362573E+01
3.585393E+01
3.372460E+01
3.151525E+01
2.940995E+01
3.160346E+01
2.948853E+01
2.730827E+01
2.520895E+01
2.737814E+01
2.527092E+01
2.311099E+01
2.101363E+01
2.316574E+01
2.106174E+01
1.891627E+01
1.681847E+01
1.895822E+01
1.685466E+01
1.471990E+01
1.262035E+01
1.475068E+01
1.264603E+01
1.051970E+01
8.417892E+00
1.054054E+01
8.434133E+00
6.314940E+00
4.210894E+00
6.326806E+00
4.218600E+00
2.105847E+00
0.000000E+00
2.109601E+00
0.000000E+00
9.843771E+01
1.000000E+02
9.686540E+01
9.845283E+01
1.000000E+02
9.689175E+01
9.528273E+01
9.368885E+01
9.531677E+01
9.372763E+01
9.208238E+01
9.046149E+01
9.212355E+01
9.050327E+01
8.882413E+01
8.716824E+01
8.886510E+01
8.720695E+01
8.549166E+01
8.379177E+01
8.552626E+01
8.381982E+01
8.206488E+01
8.030566E+01
8.208339E+01
8.031153E+01
7.850684E+01
7.665961E+01
7.849770E+01
7.663501E+01
7.475499E+01
7.278577E+01
7.471735E+01
7.274069E+01
7.074847E+01
6.864476E+01
7.070420E+01
6.861098E+01
6.648257E+01
6.427686E+01
6.646868E+01
6.428992E+01
6.204973E+01
5.982801E+01
6.209204E+01
5.989523E+01
5.763588E+01
5.548077E+01
5.771764E+01
5.556684E+01
5.334381E+01
5.119588E+01
5.343308E+01
5.129563E+01
4.902463E+01
4.683695E+01
4.914010E+01
4.696635E+01
4.464531E+01
4.245931E+01
4.478266E+01
4.259811E+01
4.028405E+01
3.812118E+01
4.041912E+01
3.824914E+01
3.597026E+01
3.382987E+01
3.608925E+01
3.393910E+01
3.169820E+01
2.957346E+01
3.179758E+01
2.966326E+01
2.745400E+01
2.533841E+01
2.753468E+01
2.541049E+01
2.322550E+01
2.111432E+01
2.328952E+01
2.117076E+01
1.900411E+01
1.689427E+01
1.905343E+01
1.693689E+01
1.478439E+01
1.267415E+01
1.482068E+01
1.270444E+01
1.056337E+01
8.451932E+00
1.058796E+01
8.471117E+00
6.339819E+00
4.227057E+00
6.353854E+00
4.236188E+00
2.113726E+00
0.000000E+00
2.118186E+00
0.000000E+00
9.846760E+01
1.000000E+02
9.691766E+01
9.848186E+01
1.000000E+02
9.694275E+01
9.535051E+01
9.376626E+01
9.538325E+01
9.380379E+01
9.216456E+01
9.054450E+01
9.220426E+01
9.058399E+01
8.890463E+01
8.724288E+01
8.894167E+01
8.727529E+01
8.555650E+01
8.384198E+01
8.558210E+01
8.385867E+01
8.209502E+01
8.031056E+01
8.210097E+01
8.030468E+01
7.848320E+01
7.660789E+01
7.846561E+01
7.658031E+01
7.468080E+01
7.270005E+01
7.464659E+01
7.266399E+01
7.066637E+01
6.858350E+01
7.063416E+01
6.856106E+01
6.645857E+01
6.430223E+01
6.645119E+01
6.431362E+01
6.212834E+01
5.995246E+01
6.215959E+01
6.000138E+01
5.778855E+01
5.564356E+01
5.784996E+01
5.571148E+01
5.351287E+01
5.138249E+01
5.358419E+01
5.145894E+01
4.923925E+01
4.707895E+01
4.932497E+01
4.717639E+01
4.490559E+01
4.272630E+01
4.501386E+01
4.284212E+01
4.054760E+01
3.837396E+01
4.066681E+01
3.849267E+01
3.620774E+01
3.404968E+01
3.632284E+01
3.415899E+01
3.189946E+01
2.975622E+01
3.200161E+01
2.985045E+01
2.761880E+01
2.548606E+01
2.770481E+01
2.556380E+01
2.335688E+01
2.123032E+01
2.342652E+01
2.129210E+01
1.910558E+01
1.698201E+01
1.915979E+01
1.702898E+01
1.485912E+01
1.273654E+01
1.489919E+01
1.277004E+01
1.061404E+01
8.491471E+00
1.064127E+01
8.512732E+00
6.368754E+00
4.245891E+00
6.384330E+00
4.256044E+00
2.122932E+00
0.000000E+00
2.127905E+00
0.000000E+00
9.849542E+01
1.000000E+02
9.696663E+01
9.850811E+01
1.000000E+02
9.698895E+01
9.541441E+01
9.383942E+01
9.544349E+01
9.387251E+01
9.224172E+01
9.062078E+01
9.227622E+01
9.065420E+01
8.897542E+01
8.730374E+01
8.900540E+01
8.732811E+01
8.560318E+01
8.387063E+01
8.562011E+01
8.387873E+01
8.210260E+01
8.029565E+01
8.210120E+01
8.028494E+01
7.844674E+01
7.655364E+01
7.842786E+01
7.652874E+01
7.461536E+01
7.263237E+01
7.458740E+01
7.260490E+01
7.060681E+01
6.854265E+01
7.058366E+01
6.852754E+01
6.644580E+01
6.432400E+01
6.644187E+01
6.433336E+01
6.218655E+01
6.004331E+01
6.220979E+01
6.007924E+01
5.790308E+01
5.577127E+01
5.794894E+01
5.582360E+01
5.364770E+01
5.152656E+01
5.370393E+01
5.158634E+01
4.939957E+01
4.726064E+01
4.946472E+01
4.733352E+01
4.510830E+01
4.294505E+01
4.519016E+01
4.303536E+01
4.077517E+01
3.860303E+01
4.087198E+01
3.870362E+01
3.643209E+01
3.426462E+01
3.653361E+01
3.436451E+01
3.210181E+01
2.994400E+01
3.219800E+01
3.003496E+01
2.779100E+01
2.564229E+01
2.787567E+01
2.572001E+01
2.349721E+01
2.135506E+01
2.356764E+01
2.141807E+01
1.921521E+01
1.707710E+01
1.927085E+01
1.712553E+01
1.494029E+01
1.280442E+01
1.498172E+01
1.283913E+01
1.066924E+01
8.534590E+00
1.069750E+01
8.556689E+00
6.400356E+00
4.266503E+00
6.416573E+00
4.277097E+00
2.133036E+00
0.000000E+00
2.138241E+00
0.000000E+00
9.851976E+01
1.000000E+02
9.700943E+01
9.853025E+01
1.000000E+02
9.702783E+01
9.547007E+01
9.390258E+01
9.549386E+01
9.392933E+01
9.230728E+01
9.068386E+01
9.233464E+01
9.070961E+01
8.903143E+01
8.734855E+01
8.905355E+01
8.736535E+01
8.563339E+01
8.388385E+01
8.564360E+01
8.388677E+01
8.209786E+01
8.027362E+01
8.209344E+01
8.026249E+01
7.840987E+01
7.650611E+01
7.839332E+01
7.648600E+01
7.456275E+01
7.258125E+01
7.454136E+01
7.256109E+01
7.056414E+01
6.851512E+01
7.054778E+01
6.850494E+01
6.643902E+01
6.434171E+01
6.643697E+01
6.434906E+01
6.222978E+01
6.011000E+01
6.224688E+01
6.013620E+01
5.798839E+01
5.586912E+01
5.802215E+01
5.590839E+01
5.375335E+01
5.163899E+01
5.379638E+01
5.168498E+01
4.952161E+01
4.739654E+01
4.957109E+01
4.745088E+01
4.526078E+01
4.311382E+01
4.532137E+01
4.318132E+01
4.095722E+01
3.879368E+01
4.103126E+01
3.887296E+01
3.662610E+01
3.445703E+01
3.670876E+01
3.454098E+01
3.228842E+01
3.012155E+01
3.237162E+01
3.020222E+01
2.795713E+01
2.579542E+01
2.803381E+01
2.586703E+01
2.363642E+01
2.147993E+01
2.370219E+01
2.153940E+01
1.932568E+01
1.717338E+01
1.937860E+01
1.721969E+01
1.502274E+01
1.287352E+01
1.506252E+01
1.290694E+01
1.072554E+01
8.578632E+00
1.075280E+01
8.599988E+00
6.432690E+00
4.287638E+00
6.448390E+00
4.297918E+00
2.143429E+00
0.000000E+00
2.148495E+00
0.000000E+00
9.853948E+01
1.000000E+02
9.704400E+01
9.854741E+01
1.000000E+02
9.705787E+01
9.551469E+01
9.395259E+01
9.553248E+01
9.397235E+01
9.235821E+01
9.073149E+01
9.237804E+01
9.074968E+01
8.907199E+01
8.737892E+01
8.908705E+01
8.738968E+01
8.565131E+01
8.388814E+01
8.565701E+01
8.388849E+01
8.208858E+01
8.025208E+01
8.208376E+01
8.024274E+01
7.837856E+01
7.646852E+01
7.836576E+01
7.645364E+01
7.452308E+01
7.254411E+01
7.450773E+01
7.253000E+01
7.053418E+01
6.849664E+01
7.052301E+01
6.848993E+01
6.643552E+01
6.435544E+01
6.643450E+01
6.436090E+01
6.226140E+01
6.015836E+01
6.227356E+01
6.017688E+01
5.805078E+01
5.594194E+01
5.807476E+01
5.597020E+01
5.383341E+01
5.172473E+01
5.386480E+01
5.175855E+01
4.961373E+01
4.749740E+01
4.964999E+01
4.753675E+01
4.537297E+01
4.323881E+01
4.541638E+01
4.328710E+01
4.109469E+01
3.894160E+01
4.114817E+01
3.899991E+01
3.678123E+01
3.461556E+01
3.684343E+01
3.468030E+01
3.244649E+01
3.027565E+01
3.251223E+01
3.034082E+01
2.810433E+01
2.593344E+01
2.816750E+01
2.599342E+01
2.376361E+01
2.159523E+01
2.381945E+01
2.164625E+01
1.942849E+01
1.726349E+01
1.947427E+01
1.730380E+01
1.510022E+01
1.293865E+01
1.513500E+01
1.296796E+01
1.077871E+01
8.620303E+00
1.080267E+01
8.639113E+00
6.463339E+00
4.307716E+00
6.477192E+00
4.316806E+00
2.153330E+00
0.000000E+00
2.157822E+00
0.000000E+00
9.855402E+01
1.000000E+02
9.706942E+01
9.855933E+01
1.000000E+02
9.707871E+01
9.554726E+01
9.398867E+01
9.555911E+01
9.400169E+01
9.239429E+01
9.076442E+01
9.240718E+01
9.077600E+01
8.909906E+01
8.739804E+01
8.910837E+01
8.740437E+01
8.566115E+01
8.388823E+01
8.566408E+01
8.388767E+01
8.207931E+01
8.023469E+01
8.207546E+01
8.022802E+01
7.835499E+01
7.644130E+01
7.834626E+01
7.643140E+01
7.449514E+01
7.251852E+01
7.448511E+01
7.250944E+01
7.051400E+01
6.848459E+01
7.050691E+01
6.848045E+01
6.643380E+01
6.436546E+01
6.643334E+01
6.436915E+01
6.228357E+01
6.019207E+01
6.229156E+01
6.020418E+01
5.809447E+01
5.599353E+01
5.811022E+01
5.601223E+01
5.389085E+01
5.178673E+01
5.391182E+01
5.180948E+01
4.968019E+01
4.756941E+01
4.970459E+01
4.759573E+01
4.545224E+01
4.332690E+01
4.548104E+01
4.335877E+01
4.119231E+01
3.904831E+01
4.122768E+01
3.908724E+01
3.689549E+01
3.473500E+01
3.693761E+01
3.477961E+01
3.256831E+01
3.039694E+01
3.261441E+01
3.044343E+01
2.822236E+01
2.604588E+01
2.826814E+01
2.608995E+01
2.386860E+01
2.169139E+01
2.391010E+01
2.172968E+01
1.951493E+01
1.733970E+01
1.954954E+01
1.737035E+01
1.516604E+01
1.299415E+01
1.519260E+01
1.301659E+01
1.082412E+01
8.655962E+00
1.084252E+01
8.670423E+00
6.489612E+00
4.324963E+00
6.500280E+00
4.331975E+00
2.161858E+00
0.000000E+00
2.165331E+00
0.000000E+00
9.856339E+01
1.000000E+02
9.708580E+01
9.856624E+01
1.000000E+02
9.709078E+01
9.556815E+01
9.401158E+01
9.557448E+01
9.401850E+01
9.241691E+01
9.078468E+01
9.242369E+01
9.079070E+01
8.911527E+01
8.740897E+01
8.912001E+01
8.741208E+01
8.566609E+01
8.388702E+01
8.566737E+01
8.388646E+01
8.207234E+01
8.022282E+01
8.207005E+01
8.021909E+01
7.833952E+01
7.642383E+01
7.833475E+01
7.641850E+01
7.447748E+01
7.250257E+01
7.447213E+01
7.249777E+01
7.050159E+01
6.847736E+01
7.049787E+01
6.847521E+01
6.643303E+01
6.437198E+01
6.643284E+01
6.437399E+01
6.229766E+01
6.021341E+01
6.230195E+01
6.021989E+01
5.812223E+01
5.602653E+01
5.813068E+01
5.603662E+01
5.392791E+01
5.182698E+01
5.393928E+01
5.183937E+01
4.972338E+01
4.761596E+01
4.973669E+01
4.763028E+01
4.550310E+01
4.338314E+01
4.551870E+01
4.340034E+01
4.125473E+01
3.911707E+01
4.127380E+01
3.913815E+01
3.697005E+01
3.481415E+01
3.699304E+01
3.483874E+01
3.265034E+01
3.047990E+01
3.267604E+01
3.050612E+01
2.830428E+01
2.612491E+01
2.833036E+01
2.615026E+01
2.394319E+01
2.176032E+01
2.396726E+01
2.178267E+01
1.957732E+01
1.739501E+01
1.959763E+01
1.741307E+01
1.521400E+01
1.303470E+01
1.522970E+01
1.304800E+01
1.085737E+01
8.682111E+00
1.086829E+01
8.690708E+00
6.508908E+00
4.337650E+00
6.515257E+00
4.341829E+00
2.168144E+00
0.000000E+00
2.170217E+00
0.000000E+00
9.856793E+01
1.000000E+02
9.709374E+01
9.856847E+01
1.000000E+02
9.709465E+01
9.557824E+01
9.402259E+01
9.557937E+01
9.402377E+01
9.242769E+01
9.079422E+01
9.242877E+01
9.079507E+01
8.912277E+01
8.741386E+01
8.912327E+01
8.741395E+01
8.566807E+01
8.388606E+01
8.566771E+01
8.388524E+01
8.206864E+01
8.021683E+01
8.206739E+01
8.021520E+01
7.833188E+01
7.641530E+01
7.832994E+01
7.641315E+01
7.446893E+01
7.249489E+01
7.446666E+01
7.249261E+01
7.049564E+01
6.847391E+01
7.049345E+01
6.847190E+01
6.643270E+01
6.437515E+01
6.643094E+01
6.437370E+01
6.230445E+01
6.022370E+01
6.230336E+01
6.022296E+01
5.813565E+01
5.604257E+01
5.813528E+01
5.604256E+01
5.394602E+01
5.184673E+01
5.394638E+01
5.184750E+01
4.974461E+01
4.763881E+01
4.974585E+01
4.764062E+01
4.552798E+01
4.341057E+01
4.553046E+01
4.341381E+01
4.128516E+01
3.915071E+01
4.128921E+01
3.915558E+01
3.700678E+01
3.485348E+01
3.701238E+01
3.485970E+01
3.269150E+01
3.052193E+01
3.269817E+01
3.052885E+01
2.834615E+01
2.616565E+01
2.835313E+01
2.617249E+01
2.398191E+01
2.179630E+01
2.398844E+01
2.180241E+01
1.961004E+01
1.742412E+01
1.961562E+01
1.742910E+01
1.523931E+01
1.305615E+01
1.524364E+01
1.305983E+01
1.087498E+01
8.695980E+00
1.087801E+01
8.698367E+00
6.519153E+00
4.344394E+00
6.520918E+00
4.345558E+00
2.171491E+00
0.000000E+00
2.172078E+00
0.000000E+00
9.916709E+01
9.920700E+01
1.000000E+02
9.839705E+01
9.755951E+01
9.757951E+01
9.676127E+01
1.000000E+02
9.920700E+01
9.916709E+01
9.839705E+01
9.757951E+01
9.755951E+01
9.676127E+01
9.593755E+01
9.594327E+01
9.512528E+01
9.430738E+01
9.430672E+01
9.348707E+01
9.594327E+01
9.593755E+01
9.512528E+01
9.430672E+01
9.430738E+01
9.348707E+01
9.266980E+01
9.266585E+01
9.184267E+01
9.102313E+01
9.101720E+01
9.018917E+01
9.266585E+01
9.266980E+01
9.184267E+01
9.101720E+01
9.102313E+01
9.018917E+01
8.936564E+01
8.935836E+01
8.852457E+01
8.769597E+01
8.768767E+01
8.684751E+01
8.935836E+01
8.936564E+01
8.852457E+01
8.768767E+01
8.769597E+01
8.684751E+01
8.601313E+01
8.600400E+01
8.515711E+01
8.431659E+01
8.430704E+01
8.345367E+01
8.600400E+01
8.601313E+01
8.515711E+01
8.430704E+01
8.431659E+01
8.345367E+01
8.260540E+01
8.259595E+01
8.173398E+01
8.087792E+01
8.086785E+01
7.999751E+01
8.259595E+01
8.260540E+01
8.173398E+01
8.086785E+01
8.087792E+01
7.999751E+01
7.913363E+01
7.912289E+01
7.824389E+01
7.737189E+01
7.736041E+01
7.647241E+01
7.912289E+01
7.913363E+01
7.824389E+01
7.736041E+01
7.737189E+01
7.647241E+01
7.559204E+01
7.557985E+01
7.468261E+01
7.379321E+01
7.378058E+01
7.287366E+01
7.557985E+01
7.559204E+01
7.468261E+01
7.378058E+01
7.379321E+01
7.287366E+01
7.197401E+01
7.196184E+01
7.104527E+01
7.013246E+01
7.012439E+01
6.920056E+01
7.196184E+01
7.197401E+01
7.104527E+01
7.012439E+01
7.013246E+01
6.920056E+01
6.825846E+01
6.827572E+01
6.735188E+01
6.619017E+01
6.640003E+01
6.496814E+01
6.827572E+01
6.825846E+01
6.735188E+01
6.640003E+01
6.619017E+01
6.496814E+01
6.279210E+01
6.255438E+01
6.086723E+01
6.211068E+01
6.086723E+01
6.255438E+01
6.279210E+01
9.960318E+01
9.966261E+01
1.000000E+02
9.926532E+01
1.002307E+02
1.000000E+02
9.968763E+01
9.880362E+01
9.884788E+01
9.842937E+01
9.912470E+01
9.862477E+01
9.798867E+01
9.801269E+01
9.759788E+01
9.816175E+01
9.771761E+01
9.717033E+01
9.718457E+01
9.677247E+01
9.728535E+01
9.686034E+01
9.966261E+01
1.000000E+02
9.926532E+01
9.960318E+01
9.884788E+01
9.842937E+01
9.880362E+01
9.801269E+01
9.759788E+01
9.798867E+01
9.718457E+01
9.677247E+01
9.717033E+01
9.635228E+01
9.636118E+01
9.595050E+01
9.643983E+01
9.602231E+01
9.553429E+01
9.554019E+01
9.513010E+01
9.560690E+01
9.519288E+01
9.471612E+01
9.472007E+01
9.430999E+01
9.477970E+01
9.436701E+01
9.389706E+01
9.389974E+01
9.348925E+01
9.395457E+01
9.354220E+01
9.636118E+01
9.595050E+01
9.635228E+01
9.554019E+01
9.513010E+01
9.553429E+01
9.472007E+01
9.430999E+01
9.471612E+01
9.389974E+01
9.348925E+01
9.389706E+01
9.307669E+01
9.307844E+01
9.266724E+01
9.312973E+01
9.271703E+01
9.225453E+01
9.225559E+01
9.184344E+01
9.230402E+01
9.189062E+01
9.143024E+01
9.143075E+01
9.101747E+01
9.147675E+01
9.106236E+01
9.060352E+01
9.060358E+01
9.018903E+01
9.064741E+01
9.023185E+01
9.307844E+01
9.266724E+01
9.307669E+01
9.225559E+01
9.184344E+01
9.225453E+01
9.143075E+01
9.101747E+01
9.143024E+01
9.060358E+01
9.018903E+01
9.060352E+01
8.977412E+01
8.977380E+01
8.935786E+01
8.981564E+01
8.939875E+01
8.894185E+01
8.894118E+01
8.852376E+01
8.898116E+01
8.856284E+01
8.810652E+01
8.810556E+01
8.768657E+01
8.814377E+01
8.772392E+01
8.726800E+01
8.726677E+01
8.684615E+01
8.730327E+01
8.688182E+01
8.977380E+01
8.935786E+01
8.977412E+01
8.894118E+01
8.852376E+01
8.894185E+01
8.810556E+01
8.768657E+01
8.810652E+01
8.726677E+01
8.684615E+01
8.726800E+01
8.642618E+01
8.642469E+01
8.600239E+01
8.645955E+01
8.603644E+01
8.558098E+01
8.557924E+01
8.515524E+01
8.561248E+01
8.518767E+01
8.473244E+01
8.473045E+01
8.430501E+01
8.476202E+01
8.433563E+01
8.388085E+01
8.387901E+01
8.345183E+01
8.390856E+01
8.348030E+01
8.642469E+01
8.600239E+01
8.642618E+01
8.557924E+01
8.515524E+01
8.558098E+01
8.473045E+01
8.430501E+01
8.473244E+01
8.387901E+01
8.345183E+01
8.388085E+01
8.302535E+01
8.302340E+01
8.259387E+01
8.305088E+01
8.262046E+01
8.216549E+01
8.216329E+01
8.173166E+01
8.218906E+01
8.175666E+01
8.130144E+01
8.129900E+01
8.086528E+01
8.132326E+01
8.088885E+01
8.043321E+01
8.043052E+01
7.999471E+01
8.045341E+01
8.001693E+01
8.302340E+01
8.259387E+01
8.302535E+01
8.216329E+01
8.173166E+01
8.216549E+01
8.129900E+01
8.086528E+01
8.130144E+01
8.043052E+01
7.999471E+01
8.043321E+01
7.956074E+01
7.955782E+01
7.911985E+01
7.957940E+01
7.914081E+01
7.868394E+01
7.868078E+01
7.824061E+01
7.870113E+01
7.826037E+01
7.780271E+01
7.779933E+01
7.735691E+01
7.781856E+01
7.737589E+01
7.691698E+01
7.691335E+01
7.646866E+01
7.693189E+01
7.648675E+01
7.955782E+01
7.911985E+01
7.956074E+01
7.868078E+01
7.824061E+01
7.868394E+01
7.779933E+01
7.735691E+01
7.780271E+01
7.691335E+01
7.646866E+01
7.691698E+01
7.602671E+01
7.602284E+01
7.557587E+01
7.604050E+01
7.559312E+01
7.513182E+01
7.512774E+01
7.467843E+01
7.514461E+01
7.469493E+01
7.423220E+01
7.422793E+01
7.377623E+01
7.424408E+01
7.379207E+01
7.332774E+01
7.332333E+01
7.286921E+01
7.333889E+01
7.288454E+01
7.602284E+01
7.557587E+01
7.602671E+01
7.512774E+01
7.467843E+01
7.513182E+01
7.422793E+01
7.377623E+01
7.423220E+01
7.332333E+01
7.286921E+01
7.332774E+01
7.241836E+01
7.241390E+01
7.195741E+01
7.242903E+01
7.197240E+01
7.150412E+01
7.149980E+01
7.104113E+01
7.151472E+01
7.105615E+01
7.058533E+01
7.058152E+01
7.012121E+01
7.059673E+01
7.013681E+01
6.966277E+01
6.966056E+01
6.920013E+01
6.967695E+01
6.921834E+01
7.241390E+01
7.195741E+01
7.241836E+01
7.149980E+01
7.104113E+01
7.150412E+01
7.058152E+01
7.012121E+01
7.058533E+01
6.966056E+01
6.920013E+01
6.966277E+01
6.873820E+01
6.874084E+01
6.828462E+01
6.876204E+01
6.831195E+01
6.781463E+01
6.783471E+01
6.739677E+01
6.787505E+01
6.746677E+01
6.688799E+01
6.697921E+01
6.657934E+01
6.710919E+01
6.683369E+01
6.582299E+01
6.610617E+01
6.512327E+01
6.654415E+01
6.503091E+01
6.874084E+01
6.828462E+01
6.873820E+01
6.783471E+01
6.739677E+01
6.781463E+01
6.697921E+01
6.657934E+01
6.688799E+01
6.610617E+01
6.512327E+01
6.582299E+01
6.376837E+01
6.348447E+01
6.228306E+01
6.285831E+01
6.348447E+01
6.228306E+01
6.376837E+01
</DataArray>
<DataArray type="Float64" Name="P" NumberOfComponents="2" format="ascii">
9.701018E-01 2.595115E-06
9.681430E-01 8.283665E-06
9.681601E-01 5.016213E-05
9.701105E-01 1.101798E-05
9.659035E-01 2.010196E-05
9.659338E-01 1.229100E-04
9.682100E-01 9.051385E-05
9.701360E-01 1.927015E-05
9.660234E-01 2.277928E-04
9.636026E-01 3.567590E-05
9.636493E-01 2.185072E-04
9.612260E-01 5.459530E-05
9.612905E-01 3.341733E-04
9.637880E-01 4.124940E-04
9.614831E-01 6.394360E-04
9.587605E-01 7.640173E-05
9.588428E-01 4.667294E-04
9.561978E-01 1.005409E-04
9.562965E-01 6.124308E-04
9.590892E-01 9.023444E-04
9.565922E-01 1.193605E-03
9.535348E-01 1.264211E-04
9.536471E-01 7.673577E-04
9.507726E-01 1.534965E-04
9.508950E-01 9.279418E-04
9.539841E-01 1.505071E-03
9.512629E-01 1.829161E-03
9.479158E-01 1.813443E-04
9.480442E-01 1.091437E-03
9.449703E-01 2.097145E-04
9.451008E-01 1.256208E-03
9.484310E-01 2.159854E-03
9.454942E-01 2.493339E-03
9.419426E-01 2.385422E-04
9.420713E-01 1.421777E-03
9.388380E-01 2.679235E-04
9.389616E-01 1.588656E-03
9.424597E-01 2.828177E-03
9.393347E-01 3.165010E-03
9.356606E-01 2.980630E-04
9.357761E-01 1.758005E-03
9.324122E-01 3.292010E-04
9.325176E-01 1.931193E-03
9.361255E-01 3.505920E-03
9.328368E-01 3.853578E-03
9.290931E-01 3.615306E-04
9.291869E-01 2.109303E-03
9.257028E-01 3.951005E-04
9.257840E-01 2.292577E-03
9.294714E-01 4.210250E-03
9.260310E-01 4.576676E-03
9.222408E-01 4.297038E-04
9.223088E-01 2.479785E-03
9.187078E-01 4.647435E-04
9.187624E-01 2.667489E-03
9.225165E-01 4.950752E-03
9.189299E-01 5.325964E-03
9.151083E-01 4.990780E-04
9.151493E-01 2.849198E-03
9.114521E-01 5.308615E-04
9.114793E-01 3.014538E-03
9.152757E-01 5.689603E-03
9.115640E-01 6.020959E-03
9.077577E-01 5.574174E-04
9.077710E-01 3.148618E-03
9.040549E-01 5.752087E-04
9.040547E-01 3.231990E-03
9.078134E-01 6.289959E-03
9.040550E-01 6.457004E-03
9.003881E-01 5.799925E-04
9.003752E-01 3.241634E-03
8.968177E-01 5.672497E-04
8.967943E-01 3.153469E-03
9.003358E-01 6.475000E-03
8.967207E-01 6.294618E-03
8.934202E-01 5.329352E-04
8.933897E-01 2.946572E-03
8.902844E-01 4.744829E-04
8.902521E-01 2.608665E-03
8.932924E-01 5.873211E-03
8.901467E-01 5.186413E-03
8.875045E-01 3.918269E-04
8.874768E-01 2.141473E-03
8.851695E-01 2.880544E-04
8.851535E-01 1.563854E-03
8.873835E-01 4.239320E-03
8.850942E-01 3.072610E-03
8.833515E-01 1.693261E-04
8.833537E-01 9.107775E-04
8.820961E-01 4.394957E-05
8.821211E-01 2.278041E-04
8.833486E-01 1.759609E-03
8.821849E-01 3.939405E-04
8.814166E-01 -7.912360E-05
8.814664E-01 -4.372260E-04
8.812938E-01 -1.918412E-04
8.813680E-01 -1.042301E-03
8.816060E-01 -9.280444E-04
8.815820E-01 -2.123557E-03
8.816808E-01 -2.881419E-04
8.817764E-01 -1.556611E-03
8.825103E-01 -3.643850E-04
8.826230E-01 -1.962319E-03
8.820565E-01 -3.133418E-03
8.829558E-01 -3.924668E-03
8.837030E-01 -4.192140E-04
8.838274E-01 -2.253447E-03
8.851741E-01 -4.531000E-04
8.853048E-01 -2.433281E-03
8.841969E-01 -4.487678E-03
8.856943E-01 -4.830665E-03
8.868400E-01 -4.677950E-04
8.869715E-01 -2.511467E-03
8.886215E-01 -4.658317E-04
8.887493E-01 -2.501463E-03
8.873650E-01 -4.973894E-03
8.891326E-01 -4.944683E-03
8.904476E-01 -4.501173E-04
8.905678E-01 -2.418514E-03
8.922563E-01 -4.236259E-04
8.923661E-01 -2.278148E-03
8.909291E-01 -4.773505E-03
8.926968E-01 -4.491080E-03
8.939962E-01 -3.891742E-04
8.940936E-01 -2.095067E-03
8.956259E-01 -3.492695E-04
8.957100E-01 -1.882400E-03
8.943879E-01 -4.126289E-03
8.959650E-01 -3.704757E-03
8.971137E-01 -3.060185E-04
8.971845E-01 -1.651235E-03
8.984368E-01 -2.610871E-04
8.984948E-01 -1.410404E-03
8.973999E-01 -3.248016E-03
8.986723E-01 -2.773143E-03
8.995792E-01 -2.157033E-04
8.996257E-01 -1.166480E-03
9.005313E-01 -1.706918E-04
9.005678E-01 -9.239444E-04
8.997688E-01 -2.292802E-03
9.006812E-01 -1.815597E-03
9.012877E-01 -1.265543E-04
9.013161E-01 -6.855829E-04
9.018464E-01 -8.374018E-05
9.018687E-01 -4.538770E-04
9.014052E-01 -1.346862E-03
9.019398E-01 -8.913651E-04
9.022098E-01 -4.440721E-05
9.022283E-01 -2.392424E-04
9.023896E-01 -2.945489E-05
9.024007E-01 -1.127977E-04
9.022878E-01 -4.688580E-04
9.024558E-01 -2.182423E-04
9.682859E-01 1.131205E-04
9.701709E-01 2.262552E-05
9.661650E-01 3.005510E-04
9.683771E-01 1.102140E-04
9.702043E-01 1.893208E-05
9.663473E-01 3.266438E-04
9.640109E-01 5.638544E-04
9.617952E-01 8.960940E-04
9.643052E-01 6.524314E-04
9.622132E-01 1.079990E-03
9.594910E-01 1.288046E-03
9.570770E-01 1.727982E-03
9.600344E-01 1.597578E-03
9.577379E-01 2.189247E-03
9.545391E-01 2.202907E-03
9.518708E-01 2.700298E-03
9.553009E-01 2.836478E-03
9.527099E-01 3.520588E-03
9.490720E-01 3.209751E-03
9.461475E-01 3.724136E-03
9.499606E-01 4.225186E-03
9.470562E-01 4.938053E-03
9.431055E-01 4.240020E-03
9.399556E-01 4.757380E-03
9.440060E-01 5.652099E-03
9.408225E-01 6.365306E-03
9.367071E-01 5.278745E-03
9.333682E-01 5.807980E-03
9.375198E-01 7.079846E-03
9.341111E-01 7.800574E-03
9.299451E-01 6.348789E-03
9.264422E-01 6.902963E-03
9.306075E-01 8.533053E-03
9.270176E-01 9.281037E-03
9.228625E-01 7.468245E-03
9.192090E-01 8.035736E-03
9.233470E-01 1.004330E-02
9.196001E-01 1.080966E-02
9.154865E-01 8.586894E-03
9.117049E-01 9.090487E-03
9.157819E-01 1.155641E-02
9.119020E-01 1.224151E-02
9.078833E-01 9.500231E-03
9.040541E-01 9.754359E-03
9.079796E-01 1.280088E-02
9.040494E-01 1.314739E-02
9.002677E-01 9.778821E-03
8.965951E-01 9.495858E-03
9.001669E-01 1.317540E-02
8.964125E-01 1.277363E-02
8.931274E-01 8.838798E-03
8.899697E-01 7.771299E-03
8.928902E-01 1.184787E-02
8.897194E-01 1.035044E-02
8.872296E-01 6.305491E-03
8.850010E-01 4.510777E-03
8.870181E-01 8.307116E-03
8.848833E-01 5.827688E-03
8.833498E-01 2.506875E-03
8.823040E-01 4.416556E-04
8.833729E-01 3.090902E-03
8.824986E-01 3.075137E-04
8.818529E-01 -1.537769E-03
8.819525E-01 -3.309610E-03
8.822289E-01 -2.322739E-03
8.825002E-01 -4.643254E-03
8.825351E-01 -4.790631E-03
8.835194E-01 -5.937761E-03
8.832297E-01 -6.554122E-03
8.843264E-01 -8.009873E-03
8.848183E-01 -6.742117E-03
8.863454E-01 -7.220108E-03
8.856987E-01 -9.008748E-03
8.872602E-01 -9.579850E-03
8.880196E-01 -7.404699E-03
8.897674E-01 -7.338151E-03
8.889325E-01 -9.771564E-03
8.906474E-01 -9.642352E-03
8.915256E-01 -7.066456E-03
8.932409E-01 -6.635235E-03
8.923479E-01 -9.253840E-03
8.939878E-01 -8.665856E-03
8.948709E-01 -6.086848E-03
8.963828E-01 -5.458505E-03
8.955315E-01 -7.933026E-03
8.969525E-01 -7.102680E-03
8.977522E-01 -4.781204E-03
8.989625E-01 -4.079359E-03
8.982318E-01 -6.213793E-03
8.993570E-01 -5.296767E-03
9.000027E-01 -3.370959E-03
9.008665E-01 -2.668159E-03
9.003206E-01 -4.373820E-03
9.011187E-01 -3.459864E-03
9.015512E-01 -1.978468E-03
9.020565E-01 -1.308697E-03
9.017502E-01 -2.564088E-03
9.022161E-01 -1.695048E-03
9.023860E-01 -6.876547E-04
9.025461E-01 -3.192640E-04
9.025206E-01 -8.898002E-04
9.026698E-01 -4.121226E-04
9.684696E-01 7.574365E-05
9.702218E-01 6.569303E-06
9.665546E-01 2.943064E-04
9.685465E-01 5.796024E-06
9.702070E-01 -1.546943E-05
9.667676E-01 1.952360E-04
9.646531E-01 6.612371E-04
9.627173E-01 1.169871E-03
9.650318E-01 5.771732E-04
9.632818E-01 1.147911E-03
9.606991E-01 1.806868E-03
9.585554E-01 2.552380E-03
9.614574E-01 1.894093E-03
9.595021E-01 2.793037E-03
9.562521E-01 3.381911E-03
9.537661E-01 4.269327E-03
9.573678E-01 3.814432E-03
9.550184E-01 4.923658E-03
9.510864E-01 5.190228E-03
9.482132E-01 6.124878E-03
9.524332E-01 6.086065E-03
9.496070E-01 7.271293E-03
9.451565E-01 7.060088E-03
9.419327E-01 7.989837E-03
9.465496E-01 8.456706E-03
9.432819E-01 9.629378E-03
9.385620E-01 8.914677E-03
9.350646E-01 9.840146E-03
9.398317E-01 1.078639E-02
9.362285E-01 1.193347E-02
9.314585E-01 1.077428E-02
9.277575E-01 1.172415E-02
9.324988E-01 1.308197E-02
9.286636E-01 1.424415E-02
9.239708E-01 1.269129E-02
9.201043E-01 1.366588E-02
9.247361E-01 1.542671E-02
9.207238E-01 1.662238E-02
9.161628E-01 1.461994E-02
9.121552E-01 1.550027E-02
9.166309E-01 1.780024E-02
9.124650E-01 1.889536E-02
9.081009E-01 1.622259E-02
9.040372E-01 1.666967E-02
9.082450E-01 1.979996E-02
9.040122E-01 2.035986E-02
9.000273E-01 1.669732E-02
8.961655E-01 1.615311E-02
8.998407E-01 2.038213E-02
8.958439E-01 1.966197E-02
8.925745E-01 1.491017E-02
8.893936E-01 1.291136E-02
8.921717E-01 1.803304E-02
8.889908E-01 1.543304E-02
8.867549E-01 1.020735E-02
8.847564E-01 6.966574E-03
8.864500E-01 1.195630E-02
8.846439E-01 7.857464E-03
8.834421E-01 3.444826E-03
8.827983E-01 -7.402383E-05
8.835919E-01 3.493100E-03
8.832436E-01 -7.701040E-04
8.827650E-01 -3.337864E-03
8.832536E-01 -6.163318E-03
8.835019E-01 -4.632876E-03
8.842485E-01 -7.898778E-03
8.841634E-01 -8.444825E-03
8.853929E-01 -1.014483E-02
8.853638E-01 -1.047173E-02
8.867369E-01 -1.233464E-02
8.868469E-01 -1.127665E-02
8.884400E-01 -1.188734E-02
8.882705E-01 -1.352472E-02
8.898832E-01 -1.411244E-02
8.900988E-01 -1.204368E-02
8.917624E-01 -1.182142E-02
8.915092E-01 -1.418559E-02
8.930979E-01 -1.383773E-02
8.933826E-01 -1.129756E-02
8.949222E-01 -1.054488E-02
8.946117E-01 -1.316020E-02
8.960246E-01 -1.223679E-02
8.963542E-01 -9.628495E-03
8.976594E-01 -8.603867E-03
8.973194E-01 -1.114071E-02
8.984855E-01 -9.933079E-03
8.988255E-01 -7.516029E-03
8.998449E-01 -6.399698E-03
8.995173E-01 -8.662743E-03
9.004126E-01 -7.366862E-03
9.007137E-01 -5.280005E-03
9.014309E-01 -4.173689E-03
9.011713E-01 -6.072054E-03
9.017949E-01 -4.795901E-03
9.019972E-01 -3.091048E-03
9.024148E-01 -2.041977E-03
9.022861E-01 -3.549210E-03
9.026483E-01 -2.342793E-03
9.026887E-01 -1.070729E-03
9.028244E-01 -4.945028E-04
9.028868E-01 -1.226916E-03
9.030067E-01 -5.647543E-04
9.685895E-01 -1.010057E-04
9.701426E-01 -4.748437E-05
9.669647E-01 2.539773E-05
9.685803E-01 -2.432732E-04
9.700117E-01 -8.903064E-05
9.671230E-01 -2.143537E-04
9.654149E-01 3.921784E-04
9.638752E-01 1.001038E-03
9.657732E-01 1.043574E-04
9.644612E-01 7.225519E-04
9.622743E-01 1.840942E-03
9.605418E-01 2.888467E-03
9.631076E-01 1.634526E-03
9.616286E-01 2.819336E-03
9.586132E-01 4.108685E-03
9.564363E-01 5.458165E-03
9.599423E-01 4.240011E-03
9.579770E-01 5.845233E-03
9.539763E-01 6.889890E-03
9.512196E-01 8.359229E-03
9.556797E-01 7.574173E-03
9.530234E-01 9.364148E-03
9.481736E-01 9.829749E-03
9.448636E-01 1.127764E-02
9.500100E-01 1.115973E-02
9.466679E-01 1.292107E-02
9.413265E-01 1.269388E-02
9.376032E-01 1.408356E-02
9.430436E-01 1.462936E-02
9.391910E-01 1.628772E-02
9.337311E-01 1.546240E-02
9.297397E-01 1.685029E-02
9.351609E-01 1.791722E-02
9.309931E-01 1.954826E-02
9.256474E-01 1.826218E-02
9.214630E-01 1.969636E-02
9.267123E-01 2.120796E-02
9.223289E-01 2.290397E-02
9.171896E-01 2.112070E-02
9.128323E-01 2.245789E-02
9.178439E-01 2.460550E-02
9.132588E-01 2.622224E-02
9.084094E-01 2.357216E-02
9.039674E-01 2.426269E-02
9.085909E-01 2.758448E-02
9.038927E-01 2.843120E-02
8.995950E-01 2.427309E-02
8.954337E-01 2.332991E-02
8.992741E-01 2.842100E-02
8.949164E-01 2.718806E-02
8.916714E-01 2.121836E-02
8.885114E-01 1.788033E-02
8.910612E-01 2.445800E-02
8.879603E-01 2.019609E-02
8.861207E-01 1.348484E-02
8.845805E-01 8.413124E-03
8.857957E-01 1.469719E-02
8.846173E-01 8.526065E-03
8.838699E-01 3.151170E-03
8.838871E-01 -1.846543E-03
8.843401E-01 2.327838E-03
8.847944E-01 -3.362096E-03
8.844893E-01 -6.247698E-03
8.855264E-01 -9.863888E-03
8.857853E-01 -8.205941E-03
8.871322E-01 -1.205256E-02
8.868609E-01 -1.262762E-02
8.883754E-01 -1.455619E-02
8.886840E-01 -1.488502E-02
8.903219E-01 -1.676888E-02
8.899745E-01 -1.571954E-02
8.915840E-01 -1.621629E-02
8.919576E-01 -1.781443E-02
8.935296E-01 -1.815149E-02
8.931496E-01 -1.615687E-02
8.946336E-01 -1.565208E-02
8.949986E-01 -1.791308E-02
8.963434E-01 -1.722500E-02
8.960119E-01 -1.480553E-02
8.972709E-01 -1.370926E-02
8.975550E-01 -1.619987E-02
8.986332E-01 -1.493427E-02
8.984041E-01 -1.244152E-02
8.994098E-01 -1.106628E-02
8.995823E-01 -1.350805E-02
9.004093E-01 -1.198501E-02
9.002893E-01 -9.633763E-03
9.010453E-01 -8.181652E-03
9.011218E-01 -1.041433E-02
9.017269E-01 -8.832391E-03
9.016814E-01 -6.736633E-03
9.022016E-01 -5.316193E-03
9.022314E-01 -7.264679E-03
9.026412E-01 -5.727762E-03
9.026100E-01 -3.931086E-03
9.029113E-01 -2.592640E-03
9.029618E-01 -4.231870E-03
9.031984E-01 -2.788506E-03
9.031108E-01 -1.355886E-03
9.032132E-01 -6.218061E-04
9.033565E-01 -1.456185E-03
9.034398E-01 -6.651279E-04
9.685016E-01 -4.168841E-04
9.697993E-01 -1.389543E-04
9.672205E-01 -5.180064E-04
9.683394E-01 -6.153262E-04
9.694937E-01 -1.955118E-04
9.672378E-01 -8.746190E-04
9.660771E-01 -2.811268E-04
9.650016E-01 3.138455E-04
9.662996E-01 -7.516352E-04
9.654587E-01 -2.140538E-04
9.639097E-01 1.269873E-03
9.627072E-01 2.572603E-03
9.646306E-01 7.528206E-04
9.637150E-01 2.145514E-03
9.612957E-01 4.187025E-03
9.595821E-01 6.056542E-03
9.626006E-01 3.935845E-03
9.611746E-01 6.066250E-03
9.574911E-01 8.106524E-03
9.549770E-01 1.025321E-02
9.593376E-01 8.450669E-03
9.570197E-01 1.098358E-02
9.520309E-01 1.241678E-02
9.486801E-01 1.453528E-02
9.541936E-01 1.355687E-02
9.508779E-01 1.608031E-02
9.449795E-01 1.657515E-02
9.409968E-01 1.853504E-02
9.471298E-01 1.849921E-02
9.430292E-01 2.080312E-02
9.367981E-01 2.044181E-02
9.324359E-01 2.233931E-02
9.386585E-01 2.302327E-02
9.340865E-01 2.521919E-02
9.279429E-01 2.427143E-02
9.233320E-01 2.626028E-02
9.293572E-01 2.745675E-02
9.244876E-01 2.977921E-02
9.186014E-01 2.828005E-02
9.137475E-01 3.022730E-02
9.194729E-01 3.217154E-02
9.143025E-01 3.451802E-02
9.087851E-01 3.189065E-02
9.037748E-01 3.292979E-02
9.089863E-01 3.655607E-02
9.035952E-01 3.783886E-02
8.988561E-01 3.288658E-02
8.942677E-01 3.126770E-02
8.983105E-01 3.774372E-02
8.934565E-01 3.559700E-02
8.903284E-01 2.772651E-02
8.873511E-01 2.229013E-02
8.894621E-01 3.096858E-02
8.867142E-01 2.402328E-02
8.855218E-01 1.546262E-02
8.848267E-01 8.068098E-03
8.853731E-01 1.560768E-02
8.853091E-01 6.895272E-03
8.850852E-01 9.317833E-04
8.860434E-01 -5.359261E-03
8.862081E-01 -1.115957E-03
8.877224E-01 -7.851413E-03
8.874536E-01 -1.050655E-02
8.891105E-01 -1.443237E-02
8.895592E-01 -1.311424E-02
8.915003E-01 -1.693903E-02
8.908573E-01 -1.719278E-02
8.925817E-01 -1.891351E-02
8.933950E-01 -1.947418E-02
8.951480E-01 -2.091311E-02
8.942097E-01 -1.975010E-02
8.956980E-01 -1.986392E-02
8.967080E-01 -2.145722E-02
8.980567E-01 -2.129591E-02
8.970273E-01 -1.940795E-02
8.981948E-01 -1.851889E-02
8.991981E-01 -2.059652E-02
9.001497E-01 -1.950061E-02
8.992082E-01 -1.731378E-02
9.000804E-01 -1.588943E-02
9.009352E-01 -1.812403E-02
9.015799E-01 -1.655915E-02
9.008262E-01 -1.432357E-02
9.014600E-01 -1.267688E-02
9.021072E-01 -1.487806E-02
9.025378E-01 -1.313575E-02
9.019947E-01 -1.099531E-02
9.024412E-01 -9.312388E-03
9.028883E-01 -1.137315E-02
9.031723E-01 -9.619737E-03
9.028085E-01 -7.651350E-03
9.031041E-01 -6.027216E-03
9.034003E-01 -7.895776E-03
9.035804E-01 -6.214319E-03
9.033340E-01 -4.449343E-03
9.035039E-01 -2.929125E-03
9.037191E-01 -4.583638E-03
9.038219E-01 -3.014800E-03
9.036191E-01 -1.527312E-03
9.036823E-01 -6.946753E-04
9.038938E-01 -1.569604E-03
9.039363E-01 -7.108150E-04
9.680836E-01 -8.303539E-04
9.690875E-01 -2.565678E-04
9.671606E-01 -1.269110E-03
9.677292E-01 -1.052894E-03
9.685776E-01 -3.198542E-04
9.669809E-01 -1.683558E-03
9.664191E-01 -1.287301E-03
9.657995E-01 -8.394373E-04
9.664216E-01 -1.861987E-03
9.659994E-01 -1.529591E-03
9.652217E-01 1.029532E-04
9.645849E-01 1.550470E-03
9.656405E-01 -6.438829E-04
9.652503E-01 8.201403E-04
9.637720E-01 3.486039E-03
9.626570E-01 5.856307E-03
9.647157E-01 2.857724E-03
9.639117E-01 5.423770E-03
9.611200E-01 8.569193E-03
9.590646E-01 1.150152E-02
9.627105E-01 8.428706E-03
9.609927E-01 1.174347E-02
9.564350E-01 1.451753E-02
9.532270E-01 1.749471E-02
9.586635E-01 1.521456E-02
9.556741E-01 1.868906E-02
9.494872E-01 2.034939E-02
9.453003E-01 2.305364E-02
9.520370E-01 2.204616E-02
9.478252E-01 2.522632E-02
9.407654E-01 2.563772E-02
9.359717E-01 2.817679E-02
9.431503E-01 2.824624E-02
9.381286E-01 3.119190E-02
9.309806E-01 3.076417E-02
9.258169E-01 3.347342E-02
9.328480E-01 3.418894E-02
9.273490E-01 3.735363E-02
9.204736E-01 3.630938E-02
9.149296E-01 3.914752E-02
9.216238E-01 4.072563E-02
9.156370E-01 4.417975E-02
9.091865E-01 4.166242E-02
9.033277E-01 4.326150E-02
9.093751E-01 4.731446E-02
9.029356E-01 4.933359E-02
8.975956E-01 4.308354E-02
8.924435E-01 4.019380E-02
8.966530E-01 4.901918E-02
8.911819E-01 4.504996E-02
8.884600E-01 3.407786E-02
8.861093E-01 2.518632E-02
8.873408E-01 3.686184E-02
8.856460E-01 2.547587E-02
8.854629E-01 1.491285E-02
8.861976E-01 4.862412E-03
8.859578E-01 1.312172E-02
8.876598E-01 1.852049E-03
8.878301E-01 -3.862178E-03
8.899244E-01 -1.080698E-02
8.900848E-01 -7.294663E-03
8.927371E-01 -1.413286E-02
8.921609E-01 -1.595009E-02
8.943273E-01 -1.947275E-02
8.953013E-01 -1.888454E-02
8.975951E-01 -2.189839E-02
8.962945E-01 -2.162765E-02
8.979969E-01 -2.267650E-02
8.995300E-01 -2.353149E-02
9.010843E-01 -2.410499E-02
8.994155E-01 -2.286116E-02
9.005620E-01 -2.239095E-02
9.022791E-01 -2.388873E-02
9.031596E-01 -2.309926E-02
9.014661E-01 -2.143905E-02
9.021652E-01 -2.014424E-02
9.037804E-01 -2.190485E-02
9.041962E-01 -2.043340E-02
9.026975E-01 -1.861518E-02
9.030981E-01 -1.693548E-02
9.044564E-01 -1.878083E-02
9.046029E-01 -1.701839E-02
9.033972E-01 -1.516852E-02
9.036194E-01 -1.336165E-02
9.046698E-01 -1.519868E-02
9.046834E-01 -1.336021E-02
9.037838E-01 -1.154954E-02
9.039053E-01 -9.756903E-03
9.046641E-01 -1.153079E-02
9.046265E-01 -9.730109E-03
9.039949E-01 -8.000630E-03
9.040610E-01 -6.291606E-03
9.045817E-01 -7.971575E-03
9.045375E-01 -6.263902E-03
9.041099E-01 -4.636923E-03
9.041468E-01 -3.047171E-03
9.044998E-01 -4.613020E-03
9.044730E-01 -3.028939E-03
9.041757E-01 -1.584092E-03
9.041973E-01 -7.142378E-04
9.044602E-01 -1.572350E-03
9.044610E-01 -7.058688E-04
9.672767E-01 -1.274099E-03
9.679651E-01 -3.832703E-04
9.666985E-01 -2.098808E-03
9.667317E-01 -1.486445E-03
9.672548E-01 -4.452151E-04
9.663209E-01 -2.496088E-03
9.663034E-01 -2.444721E-03
9.660445E-01 -2.241074E-03
9.660712E-01 -3.000999E-03
9.659328E-01 -2.919868E-03
9.658544E-01 -1.433776E-03
9.656490E-01 1.179491E-05
9.658402E-01 -2.193470E-03
9.657248E-01 -7.904702E-04
9.653336E-01 2.098155E-03
9.648065E-01 4.788718E-03
9.655294E-01 1.284740E-03
9.652050E-01 3.999412E-03
9.639551E-01 8.007510E-03
9.626496E-01 1.164126E-02
9.646851E-01 7.304593E-03
9.638511E-01 1.113368E-02
9.607499E-01 1.554247E-02
9.581353E-01 1.954111E-02
9.625203E-01 1.538343E-02
9.604779E-01 1.989658E-02
9.547469E-01 2.347419E-02
9.506155E-01 2.723009E-02
9.575478E-01 2.447415E-02
9.536671E-01 2.893037E-02
9.458525E-01 3.078821E-02
9.406065E-01 3.423117E-02
9.489148E-01 3.316955E-02
9.434696E-01 3.724028E-02
9.350070E-01 3.771897E-02
9.291235E-01 4.142744E-02
9.375226E-01 4.133055E-02
9.311950E-01 4.569671E-02
9.229518E-01 4.545493E-02
9.164361E-01 4.969302E-02
9.244970E-01 5.053400E-02
9.173434E-01 5.578504E-02
9.095362E-01 5.365030E-02
9.023647E-01 5.623953E-02
9.096466E-01 6.085788E-02
9.015332E-01 6.423740E-02
8.954000E-01 5.569011E-02
8.896213E-01 5.009815E-02
8.937186E-01 6.326162E-02
8.877237E-01 5.514264E-02
8.861698E-01 3.898589E-02
8.855128E-01 2.447656E-02
8.851073E-01 3.989345E-02
8.860123E-01 2.167441E-02
8.870879E-01 9.975672E-03
8.898914E-01 -2.179508E-03
8.891466E-01 5.288754E-03
8.930975E-01 -7.142876E-03
8.931048E-01 -1.131169E-02
8.962286E-01 -1.766104E-02
8.969991E-01 -1.569534E-02
9.004266E-01 -2.114399E-02
8.989930E-01 -2.173611E-02
9.012746E-01 -2.405166E-02
9.032031E-01 -2.427961E-02
9.052963E-01 -2.575331E-02
9.030470E-01 -2.505357E-02
9.043441E-01 -2.510230E-02
9.067602E-01 -2.606588E-02
9.076909E-01 -2.558625E-02
9.052320E-01 -2.447623E-02
9.057879E-01 -2.338332E-02
9.081971E-01 -2.457734E-02
9.083818E-01 -2.322232E-02
9.060875E-01 -2.197560E-02
9.061979E-01 -2.036283E-02
9.083344E-01 -2.164726E-02
9.081282E-01 -1.993867E-02
9.061753E-01 -1.862390E-02
9.060647E-01 -1.681549E-02
9.078212E-01 -1.815615E-02
9.074577E-01 -1.634111E-02
9.059012E-01 -1.497840E-02
9.057112E-01 -1.314195E-02
9.070714E-01 -1.452263E-02
9.066868E-01 -1.272126E-02
9.055142E-01 -1.132710E-02
9.053242E-01 -9.548623E-03
9.063215E-01 -1.095161E-02
9.059882E-01 -9.223978E-03
9.051513E-01 -7.816629E-03
9.050024E-01 -6.137805E-03
9.056954E-01 -7.545529E-03
9.054489E-01 -5.921171E-03
9.048826E-01 -4.517005E-03
9.047953E-01 -2.963596E-03
9.052526E-01 -4.354821E-03
9.051089E-01 -2.855164E-03
9.047426E-01 -1.536334E-03
9.047231E-01 -6.867829E-04
9.050186E-01 -1.478241E-03
9.049795E-01 -6.581302E-04
9.661049E-01 -1.684817E-03
9.664533E-01 -5.049719E-04
9.658642E-01 -2.858154E-03
9.654109E-01 -1.867593E-03
9.655672E-01 -5.632229E-04
9.653524E-01 -3.169209E-03
9.657414E-01 -3.492789E-03
9.656701E-01 -3.499774E-03
9.653378E-01 -3.875067E-03
9.652605E-01 -3.896459E-03
9.655787E-01 -2.828885E-03
9.654239E-01 -1.477399E-03
9.650388E-01 -3.223194E-03
9.646828E-01 -1.923553E-03
9.652132E-01 5.201467E-04
9.649839E-01 3.129840E-03
9.643066E-01 -8.509950E-05
9.640563E-01 2.266120E-03
9.647423E-01 6.347172E-03
9.644024E-01 1.018582E-02
9.640130E-01 5.193481E-03
9.641320E-01 8.813309E-03
9.637570E-01 1.463051E-02
9.624994E-01 1.958306E-02
9.642166E-01 1.322711E-02
9.639136E-01 1.844632E-02
9.603006E-01 2.483921E-02
9.569327E-01 3.013167E-02
9.627517E-01 2.432711E-02
9.602698E-01 3.055956E-02
9.523713E-01 3.524241E-02
9.467975E-01 4.012891E-02
9.562165E-01 3.677180E-02
9.506812E-01 4.274185E-02
9.404837E-01 4.497981E-02
9.336407E-01 5.015291E-02
9.440139E-01 4.858585E-02
9.365725E-01 5.476836E-02
9.263152E-01 5.599998E-02
9.183826E-01 6.258018E-02
9.284889E-01 6.188690E-02
9.195887E-01 7.024099E-02
9.096699E-01 6.920240E-02
9.003120E-01 7.370032E-02
9.095447E-01 7.907510E-02
8.984871E-01 8.518472E-02
8.914420E-01 7.190577E-02
8.855095E-01 5.971907E-02
8.883464E-01 8.172238E-02
8.831725E-01 6.283078E-02
8.844888E-01 3.871972E-02
8.875863E-01 1.654843E-02
8.849337E-01 3.428012E-02
8.907992E-01 8.796712E-03
8.924653E-01 -9.325116E-04
8.974577E-01 -1.275803E-02
8.973551E-01 -8.350572E-03
9.030745E-01 -1.852377E-02
9.018218E-01 -2.009960E-02
9.052938E-01 -2.426589E-02
9.075315E-01 -2.406642E-02
9.107045E-01 -2.667628E-02
9.078394E-01 -2.626751E-02
9.095463E-01 -2.683127E-02
9.127451E-01 -2.746499E-02
9.138727E-01 -2.714755E-02
9.105573E-01 -2.646206E-02
9.110264E-01 -2.550001E-02
9.143096E-01 -2.617364E-02
9.142492E-01 -2.481983E-02
9.110941E-01 -2.416898E-02
9.108782E-01 -2.261435E-02
9.138466E-01 -2.325368E-02
9.132212E-01 -2.157603E-02
9.104729E-01 -2.093019E-02
9.099506E-01 -1.917765E-02
9.124621E-01 -1.984758E-02
9.116352E-01 -1.810516E-02
9.093663E-01 -1.739695E-02
9.087608E-01 -1.561501E-02
9.107887E-01 -1.637145E-02
9.099575E-01 -1.466079E-02
9.081640E-01 -1.385022E-02
9.075974E-01 -1.211536E-02
9.091665E-01 -1.298257E-02
9.084333E-01 -1.134319E-02
9.070760E-01 -1.041953E-02
9.066104E-01 -8.769217E-03
9.077699E-01 -9.747257E-03
9.071844E-01 -8.198216E-03
9.062074E-01 -7.169111E-03
9.058714E-01 -5.622639E-03
9.066818E-01 -6.698782E-03
9.062649E-01 -5.251213E-03
9.056049E-01 -4.132926E-03
9.054093E-01 -2.707958E-03
9.059352E-01 -3.857996E-03
9.056926E-01 -2.526398E-03
9.052842E-01 -1.400391E-03
9.052264E-01 -6.210758E-04
9.055355E-01 -1.305123E-03
9.054603E-01 -5.767541E-04
9.646688E-01 -2.037747E-03
9.645996E-01 -6.228641E-04
9.648182E-01 -3.411782E-03
9.639031E-01 -2.203634E-03
9.635459E-01 -6.904578E-04
9.643018E-01 -3.555268E-03
9.648828E-01 -4.084563E-03
9.646829E-01 -3.994348E-03
9.643729E-01 -4.012114E-03
9.638422E-01 -3.628511E-03
9.641494E-01 -3.238415E-03
9.634174E-01 -2.010615E-03
9.627659E-01 -2.736581E-03
9.615301E-01 -1.673704E-03
9.627538E-01 -4.440483E-04
9.623961E-01 1.484793E-03
9.605477E-01 -5.297830E-04
9.600566E-01 8.357429E-04
9.624609E-01 3.929541E-03
9.629350E-01 7.102315E-03
9.601410E-01 2.662147E-03
9.608046E-01 5.212369E-03
9.636742E-01 1.121371E-02
9.643672E-01 1.641395E-02
9.619879E-01 8.758518E-03
9.635143E-01 1.357219E-02
9.644926E-01 2.270783E-02
9.633584E-01 2.985905E-02
9.649741E-01 1.986669E-02
9.656035E-01 2.765255E-02
9.603332E-01 3.738898E-02
9.551983E-01 4.480446E-02
9.643455E-01 3.655218E-02
9.603284E-01 4.582682E-02
9.482834E-01 5.199559E-02
9.401595E-01 5.947903E-02
9.535129E-01 5.490707E-02
9.446656E-01 6.414697E-02
9.311440E-01 6.821845E-02
9.210142E-01 7.898765E-02
9.344819E-01 7.499271E-02
9.227394E-01 8.913437E-02
9.091595E-01 9.108545E-02
8.956872E-01 9.953999E-02
9.082913E-01 1.062487E-01
8.912430E-01 1.180547E-01
8.841884E-01 9.248095E-02
8.813339E-01 6.253760E-02
8.789344E-01 1.028751E-01
8.814670E-01 5.563307E-02
8.874209E-01 2.533968E-02
8.962356E-01 -1.304704E-03
8.931719E-01 1.144197E-02
9.043020E-01 -1.257798E-02
9.040127E-01 -1.620685E-02
9.099043E-01 -2.374281E-02
9.123976E-01 -2.336251E-02
9.176850E-01 -2.762550E-02
9.139506E-01 -2.708212E-02
9.164348E-01 -2.804780E-02
9.207472E-01 -2.867762E-02
9.221816E-01 -2.814628E-02
9.177089E-01 -2.769246E-02
9.181031E-01 -2.662219E-02
9.224947E-01 -2.686159E-02
9.220690E-01 -2.524560E-02
9.178872E-01 -2.518006E-02
9.172660E-01 -2.355702E-02
9.211756E-01 -2.350892E-02
9.200010E-01 -2.175366E-02
9.163895E-01 -2.185792E-02
9.153653E-01 -2.013962E-02
9.186727E-01 -2.002699E-02
9.172780E-01 -1.834856E-02
9.142706E-01 -1.843257E-02
9.131601E-01 -1.675277E-02
9.158768E-01 -1.672470E-02
9.145107E-01 -1.515562E-02
9.120729E-01 -1.510858E-02
9.110365E-01 -1.350435E-02
9.132085E-01 -1.363912E-02
9.119904E-01 -1.217243E-02
9.100703E-01 -1.194248E-02
9.091877E-01 -1.042451E-02
9.108698E-01 -1.075304E-02
9.098560E-01 -9.379098E-03
9.083974E-01 -8.951664E-03
9.077052E-01 -7.525102E-03
9.089547E-01 -8.049488E-03
9.081692E-01 -6.763804E-03
9.071141E-01 -6.146064E-03
9.066255E-01 -4.815935E-03
9.075010E-01 -5.522264E-03
9.069499E-01 -4.325627E-03
9.062395E-01 -3.536687E-03
9.059551E-01 -2.314858E-03
9.065149E-01 -3.175464E-03
9.061937E-01 -2.077561E-03
9.057693E-01 -1.194723E-03
9.056781E-01 -5.262375E-04
9.059825E-01 -1.071374E-03
9.058768E-01 -4.705169E-04
9.631480E-01 -2.376787E-03
9.623846E-01 -7.788656E-04
9.638373E-01 -3.519523E-03
9.624547E-01 -2.551529E-03
9.610623E-01 -9.111820E-04
9.633724E-01 -3.064798E-03
9.637047E-01 -3.446654E-03
9.624848E-01 -2.588779E-03
9.624764E-01 -2.010113E-03
9.601369E-01 -7.392240E-04
9.606681E-01 -1.653391E-03
9.589648E-01 -9.635121E-04
9.576748E-01 -1.354742E-04
9.557981E-01 -7.163738E-05
9.577642E-01 -3.911945E-04
9.571668E-01 3.445895E-04
9.545691E-01 -1.213325E-04
9.538984E-01 3.417593E-05
9.571834E-01 1.511235E-03
9.578335E-01 3.355370E-03
9.537536E-01 6.018059E-04
9.541831E-01 1.758387E-03
9.591518E-01 6.145741E-03
9.611387E-01 1.021153E-02
9.553000E-01 3.718514E-03
9.572539E-01 6.790721E-03
9.636397E-01 1.594632E-02
9.661194E-01 2.371879E-02
9.601694E-01 1.143270E-02
9.639720E-01 1.828467E-02
9.673872E-01 3.359797E-02
9.657128E-01 4.497058E-02
9.679568E-01 2.805944E-02
9.701193E-01 4.101232E-02
9.599167E-01 5.670013E-02
9.505144E-01 6.846825E-02
9.673874E-01 5.609648E-02
9.583634E-01 7.172164E-02
9.388464E-01 8.214713E-02
9.248882E-01 1.011662E-01
9.448693E-01 8.946600E-02
9.276504E-01 1.159249E-01
9.064469E-01 1.263972E-01
8.839657E-01 1.424824E-01
9.024174E-01 1.551348E-01
8.721342E-01 1.739801E-01
8.736021E-01 1.086975E-01
8.862113E-01 3.847144E-02
8.723451E-01 9.996461E-02
8.985760E-01 1.080299E-02
9.031762E-01 -5.823650E-03
9.149740E-01 -2.296853E-02
9.174924E-01 -2.230873E-02
9.275408E-01 -3.010427E-02
9.220986E-01 -2.851843E-02
9.259015E-01 -2.947644E-02
9.322670E-01 -3.059958E-02
9.338588E-01 -2.891121E-02
9.274714E-01 -2.854898E-02
9.276149E-01 -2.688548E-02
9.336528E-01 -2.664034E-02
9.324460E-01 -2.433749E-02
9.268821E-01 -2.498900E-02
9.256302E-01 -2.307439E-02
9.307017E-01 -2.218135E-02
9.286892E-01 -2.021319E-02
9.240875E-01 -2.122688E-02
9.224004E-01 -1.947397E-02
9.265676E-01 -1.842513E-02
9.244327E-01 -1.679403E-02
9.206633E-01 -1.781827E-02
9.189387E-01 -1.625254E-02
9.223437E-01 -1.529444E-02
9.203377E-01 -1.390321E-02
9.172679E-01 -1.476654E-02
9.156788E-01 -1.335004E-02
9.184385E-01 -1.260089E-02
9.166614E-01 -1.137180E-02
9.141903E-01 -1.199412E-02
9.128152E-01 -1.069157E-02
9.150164E-01 -1.020369E-02
9.135099E-01 -9.087249E-03
9.115619E-01 -9.436885E-03
9.104356E-01 -8.226176E-03
9.121455E-01 -8.015643E-03
9.109252E-01 -6.984052E-03
9.094392E-01 -7.056916E-03
9.085741E-01 -5.927741E-03
9.098497E-01 -5.989318E-03
9.089181E-01 -5.029624E-03
9.078399E-01 -4.838230E-03
9.072354E-01 -3.788726E-03
9.081291E-01 -4.104216E-03
9.074801E-01 -3.213186E-03
9.067584E-01 -2.780481E-03
9.064057E-01 -1.818506E-03
9.069680E-01 -2.357521E-03
9.065889E-01 -1.541440E-03
9.061725E-01 -9.371262E-04
9.060540E-01 -4.104930E-04
9.063370E-01 -7.938818E-04
9.062075E-01 -3.469760E-04
9.618643E-01 -2.581429E-03
9.594553E-01 -1.117351E-03
9.623754E-01 -1.521183E-03
9.608579E-01 -1.522426E-03
9.572027E-01 -1.312128E-03
9.585245E-01 2.310965E-03
9.596658E-01 6.962671E-04
9.563155E-01 1.637584E-03
9.538936E-01 4.159127E-03
9.511270E-01 3.570978E-03
9.538738E-01 1.382899E-03
9.522654E-01 7.501853E-04
9.496483E-01 2.379915E-03
9.486041E-01 1.336252E-03
9.511640E-01 2.079751E-04
9.504134E-01 -5.504421E-05
9.476681E-01 5.879622E-04
9.467860E-01 1.362305E-04
9.500070E-01 5.415906E-05
9.500331E-01 6.277466E-04
9.460214E-01 -2.590920E-05
9.455004E-01 1.275956E-04
9.506512E-01 1.806524E-03
9.520908E-01 3.823206E-03
9.453966E-01 6.754148E-04
9.459456E-01 1.758686E-03
9.546560E-01 7.068954E-03
9.586921E-01 1.220653E-02
9.474940E-01 3.625898E-03
9.505635E-01 6.745126E-03
9.643651E-01 2.032155E-02
9.708182E-01 3.289183E-02
9.559105E-01 1.203857E-02
9.643789E-01 2.135343E-02
9.743468E-01 5.074273E-02
9.689477E-01 7.205368E-02
9.753544E-01 3.797783E-02
9.810916E-01 6.478213E-02
9.538130E-01 9.628483E-02
9.312944E-01 1.351253E-01
9.682702E-01 1.003174E-01
9.360858E-01 1.629564E-01
8.929923E-01 2.000197E-01
8.558709E-01 2.068109E-01
8.698364E-01 2.760061E-01
8.490787E-01 2.085631E-01
8.844010E-01 6.284137E-02
9.193464E-01 -1.897426E-02
9.176143E-01 2.172417E-03
9.449869E-01 -3.699143E-02
9.346945E-01 -3.288974E-02
9.404920E-01 -3.222845E-02
9.517680E-01 -3.442741E-02
9.519232E-01 -2.900942E-02
9.417811E-01 -2.916337E-02
9.408756E-01 -2.597598E-02
9.496469E-01 -2.453808E-02
9.464802E-01 -2.107359E-02
9.389166E-01 -2.313537E-02
9.364768E-01 -2.069358E-02
9.430464E-01 -1.836556E-02
9.396098E-01 -1.620115E-02
9.338505E-01 -1.860084E-02
9.311931E-01 -1.679102E-02
9.362860E-01 -1.442823E-02
9.331248E-01 -1.294079E-02
9.285891E-01 -1.520454E-02
9.260852E-01 -1.379291E-02
9.301466E-01 -1.166450E-02
9.273580E-01 -1.054647E-02
9.237082E-01 -1.251813E-02
9.214731E-01 -1.135091E-02
9.247591E-01 -9.548536E-03
9.223477E-01 -8.642793E-03
9.193884E-01 -1.026883E-02
9.174591E-01 -9.254882E-03
9.201206E-01 -7.808677E-03
9.180744E-01 -7.030959E-03
9.156875E-01 -8.296270E-03
9.140748E-01 -7.383491E-03
9.162057E-01 -6.298380E-03
9.145114E-01 -5.602675E-03
9.126208E-01 -6.509652E-03
9.113248E-01 -5.669924E-03
9.129887E-01 -4.937886E-03
9.116346E-01 -4.299847E-03
9.101853E-01 -4.861122E-03
9.092003E-01 -4.081372E-03
9.104461E-01 -3.685805E-03
9.094201E-01 -3.094122E-03
9.083670E-01 -3.329826E-03
9.076822E-01 -2.606442E-03
9.085529E-01 -2.524027E-03
9.078405E-01 -1.975427E-03
9.071418E-01 -1.911980E-03
9.067413E-01 -1.249845E-03
9.072784E-01 -1.448881E-03
9.068613E-01 -9.469599E-04
9.064741E-01 -6.433989E-04
9.063355E-01 -2.806908E-04
9.065823E-01 -4.873017E-04
9.064366E-01 -2.122867E-04
9.526386E-01 4.070565E-03
9.508027E-01 -2.408158E-05
9.462741E-01 7.405950E-03
8.719163E-01 1.083733E-02
8.632167E-01 7.650071E-03
8.810275E-01 6.603567E-03
9.443812E-01 5.906702E-03
9.443626E-01 3.978418E-03
8.872268E-01 4.056803E-03
8.904428E-01 2.859776E-03
9.443094E-01 2.595235E-03
9.438557E-01 1.671086E-03
8.918584E-01 2.242238E-03
8.921718E-01 1.889844E-03
9.430356E-01 1.060267E-03
9.419614E-01 6.700480E-04
8.917716E-01 1.677614E-03
8.908935E-01 1.549341E-03
9.407645E-01 4.453605E-04
9.396020E-01 3.718812E-04
8.896922E-01 1.459050E-03
8.883246E-01 1.325481E-03
9.386410E-01 5.085523E-04
9.380616E-01 9.249117E-04
8.869430E-01 1.310879E-03
8.856173E-01 1.433594E-03
9.381473E-01 1.712062E-03
9.393655E-01 3.081171E-03
8.845166E-01 1.654613E-03
8.839065E-01 2.011508E-03
9.425015E-01 5.498451E-03
9.489866E-01 1.005621E-02
8.842034E-01 2.624405E-03
8.862226E-01 3.735033E-03
9.614451E-01 1.964953E-02
9.819567E-01 4.224943E-02
8.918986E-01 6.089628E-03
9.069707E-01 1.303837E-02
9.905421E-01 9.258520E-02
9.419602E-01 2.107373E-01
9.493560E-01 4.964655E-02
9.229259E-01 3.068309E-01
8.222653E-01 3.942198E-01
8.946376E-01 1.181652E-01
8.121465E-01 4.459719E-01
9.913152E-01 4.391048E-05
9.616040E-01 -3.658846E-02
9.684336E-01 -3.609374E-02
9.947561E-01 -3.075391E-02
9.834173E-01 -2.120196E-02
9.653439E-01 -2.744556E-02
9.604154E-01 -2.151091E-02
9.735522E-01 -1.495829E-02
9.654650E-01 -1.135792E-02
9.553173E-01 -1.754829E-02
9.504698E-01 -1.476210E-02
9.586750E-01 -9.108441E-03
9.528309E-01 -7.583733E-03
9.459707E-01 -1.270102E-02
9.418237E-01 -1.110992E-02
9.477024E-01 -6.481679E-03
9.431360E-01 -5.644266E-03
9.380059E-01 -9.836928E-03
9.344891E-01 -8.786711E-03
9.390265E-01 -4.981830E-03
9.352995E-01 -4.439913E-03
9.312472E-01 -7.896708E-03
9.282577E-01 -7.124371E-03
9.319015E-01 -3.983619E-03
9.287931E-01 -3.589630E-03
9.255025E-01 -6.439955E-03
9.229669E-01 -5.822214E-03
9.259452E-01 -3.241858E-03
9.233359E-01 -2.928927E-03
9.206394E-01 -5.255750E-03
9.185106E-01 -4.729299E-03
9.209487E-01 -2.642655E-03
9.187709E-01 -2.377089E-03
9.165733E-01 -4.234601E-03
9.148216E-01 -3.765627E-03
9.167929E-01 -2.127882E-03
9.150069E-01 -1.891870E-03
9.132503E-01 -3.318046E-03
9.118552E-01 -2.888833E-03
9.134068E-01 -1.666783E-03
9.119873E-01 -1.451034E-03
9.106322E-01 -2.475985E-03
9.095772E-01 -2.078304E-03
9.107437E-01 -1.243576E-03
9.096715E-01 -1.043778E-03
9.086860E-01 -1.695217E-03
9.079542E-01 -1.326634E-03
9.087661E-01 -8.513350E-04
9.080227E-01 -6.661963E-04
9.073767E-01 -9.729234E-04
9.069479E-01 -6.358076E-04
9.074360E-01 -4.885439E-04
9.070002E-01 -3.192421E-04
9.066605E-01 -3.271000E-04
9.065096E-01 -1.423503E-04
9.067077E-01 -1.642134E-04
9.065538E-01 -7.141959E-05
1.026568E+00 5.329938E-15
9.795858E-01 -8.062778E-15
9.913152E-01 -4.391048E-05
8.121465E-01 -4.459719E-01
1.005450E+00 7.499643E-15
9.883173E-01 5.369403E-15
9.947561E-01 3.075391E-02
9.834173E-01 2.120196E-02
9.762429E-01 5.528564E-15
9.671180E-01 3.422609E-15
9.735522E-01 1.495829E-02
9.654650E-01 1.135792E-02
9.597761E-01 3.017768E-15
9.536077E-01 4.899184E-15
9.586750E-01 9.108441E-03
9.528309E-01 7.583733E-03
9.482738E-01 2.412892E-15
9.435699E-01 1.360674E-15
9.477024E-01 6.481679E-03
9.431360E-01 5.644266E-03
9.393644E-01 2.913902E-15
9.355681E-01 2.545815E-15
9.390265E-01 4.981830E-03
9.352995E-01 4.439913E-03
9.321185E-01 4.749836E-15
9.289708E-01 9.572963E-16
9.319015E-01 3.983619E-03
9.287931E-01 3.589630E-03
9.260922E-01 5.326685E-16
9.234585E-01 1.516419E-15
9.259452E-01 3.241858E-03
9.233359E-01 2.928927E-03
9.210515E-01 3.648638E-15
9.188575E-01 2.677166E-16
9.209487E-01 2.642655E-03
9.187709E-01 2.377089E-03
9.168659E-01 3.222574E-15
9.150686E-01 2.780247E-15
9.167929E-01 2.127882E-03
9.150069E-01 1.891870E-03
9.134589E-01 -2.543023E-15
9.120313E-01 2.642743E-17
9.134068E-01 1.666783E-03
9.119873E-01 1.451034E-03
9.107809E-01 1.424709E-15
9.097029E-01 -2.532967E-17
9.107437E-01 1.243576E-03
9.096715E-01 1.043778E-03
9.087928E-01 -3.699433E-16
9.080455E-01 -2.477944E-16
9.087661E-01 8.513350E-04
9.080227E-01 6.661963E-04
9.074558E-01 -1.229594E-15
9.070177E-01 -8.267889E-16
9.074360E-01 4.885439E-04
9.070002E-01 3.192421E-04
9.067235E-01 1.432160E-15
9.065685E-01 2.125802E-15
9.067077E-01 1.642134E-04
9.065538E-01 7.141959E-05
8.632167E-01 -7.650071E-03
8.719163E-01 -1.083733E-02
9.526386E-01 -4.070565E-03
9.508027E-01 2.408158E-05
8.810275E-01 -6.603567E-03
9.462741E-01 -7.405950E-03
9.608579E-01 1.522426E-03
9.572027E-01 1.312128E-03
9.585245E-01 -2.310965E-03
8.872268E-01 -4.056803E-03
9.443812E-01 -5.906702E-03
8.904428E-01 -2.859776E-03
9.443626E-01 -3.978418E-03
9.538936E-01 -4.159127E-03
9.511270E-01 -3.570978E-03
8.918584E-01 -2.242238E-03
9.443094E-01 -2.595235E-03
8.921718E-01 -1.889844E-03
9.438557E-01 -1.671086E-03
9.496483E-01 -2.379915E-03
9.486041E-01 -1.336252E-03
8.917716E-01 -1.677614E-03
9.430356E-01 -1.060267E-03
8.908935E-01 -1.549341E-03
9.419614E-01 -6.700480E-04
9.476681E-01 -5.879622E-04
9.467860E-01 -1.362305E-04
8.896922E-01 -1.459050E-03
9.407645E-01 -4.453605E-04
8.883246E-01 -1.325481E-03
9.396020E-01 -3.718812E-04
9.460214E-01 2.590920E-05
9.455004E-01 -1.275956E-04
8.869430E-01 -1.310879E-03
9.386410E-01 -5.085523E-04
8.856173E-01 -1.433594E-03
9.380616E-01 -9.249117E-04
9.453966E-01 -6.754148E-04
9.459456E-01 -1.758686E-03
8.845166E-01 -1.654613E-03
9.381473E-01 -1.712062E-03
8.839065E-01 -2.011508E-03
9.393655E-01 -3.081171E-03
9.474940E-01 -3.625898E-03
9.505635E-01 -6.745126E-03
8.842034E-01 -2.624405E-03
9.425015E-01 -5.498451E-03
8.862226E-01 -3.735033E-03
9.489866E-01 -1.005621E-02
9.559105E-01 -1.203857E-02
9.643789E-01 -2.135343E-02
8.918986E-01 -6.089628E-03
9.614451E-01 -1.964953E-02
9.069707E-01 -1.303837E-02
9.819567E-01 -4.224943E-02
9.753544E-01 -3.797783E-02
9.810916E-01 -6.478213E-02
9.493560E-01 -4.964655E-02
9.905421E-01 -9.258520E-02
9.229259E-01 -3.068309E-01
9.419602E-01 -2.107373E-01
9.682702E-01 -1.003174E-01
9.360858E-01 -1.629564E-01
8.222653E-01 -3.942198E-01
8.946376E-01 -1.181652E-01
8.698364E-01 -2.760061E-01
8.490787E-01 -2.085631E-01
9.616040E-01 3.658846E-02
9.684336E-01 3.609374E-02
9.176143E-01 -2.172417E-03
9.449869E-01 3.699143E-02
9.653439E-01 2.744556E-02
9.604154E-01 2.151091E-02
9.517680E-01 3.442741E-02
9.519232E-01 2.900942E-02
9.553173E-01 1.754829E-02
9.504698E-01 1.476210E-02
9.496469E-01 2.453808E-02
9.464802E-01 2.107359E-02
9.459707E-01 1.270102E-02
9.418237E-01 1.110992E-02
9.430464E-01 1.836556E-02
9.396098E-01 1.620115E-02
9.380059E-01 9.836928E-03
9.344891E-01 8.786711E-03
9.362860E-01 1.442823E-02
9.331248E-01 1.294079E-02
9.312472E-01 7.896708E-03
9.282577E-01 7.124371E-03
9.301466E-01 1.166450E-02
9.273580E-01 1.054647E-02
9.255025E-01 6.439955E-03
9.229669E-01 5.822214E-03
9.247591E-01 9.548536E-03
9.223477E-01 8.642793E-03
9.206394E-01 5.255750E-03
9.185106E-01 4.729299E-03
9.201206E-01 7.808677E-03
9.180744E-01 7.030959E-03
9.165733E-01 4.234601E-03
9.148216E-01 3.765627E-03
9.162057E-01 6.298380E-03
9.145114E-01 5.602675E-03
9.132503E-01 3.318046E-03
9.118552E-01 2.888833E-03
9.129887E-01 4.937886E-03
9.116346E-01 4.299847E-03
9.106322E-01 2.475985E-03
9.095772E-01 2.078304E-03
9.104461E-01 3.685805E-03
9.094201E-01 3.094122E-03
9.086860E-01 1.695217E-03
9.079542E-01 1.326634E-03
9.085529E-01 2.524027E-03
9.078405E-01 1.975427E-03
9.073767E-01 9.729234E-04
9.069479E-01 6.358076E-04
9.072784E-01 1.448881E-03
9.068613E-01 9.469599E-04
9.066605E-01 3.271000E-04
9.065096E-01 1.423503E-04
9.065823E-01 4.873017E-04
9.064366E-01 2.122867E-04
9.618643E-01 2.581429E-03
9.594553E-01 1.117351E-03
9.623754E-01 1.521183E-03
9.624547E-01 2.551529E-03
9.610623E-01 9.111820E-04
9.633724E-01 3.064798E-03
9.596658E-01 -6.962671E-04
9.563155E-01 -1.637584E-03
9.624764E-01 2.010113E-03
9.601369E-01 7.392240E-04
9.538738E-01 -1.382899E-03
9.522654E-01 -7.501853E-04
9.576748E-01 1.354742E-04
9.557981E-01 7.163738E-05
9.511640E-01 -2.079751E-04
9.504134E-01 5.504421E-05
9.545691E-01 1.213325E-04
9.538984E-01 -3.417593E-05
9.500070E-01 -5.415906E-05
9.500331E-01 -6.277466E-04
9.537536E-01 -6.018059E-04
9.541831E-01 -1.758387E-03
9.506512E-01 -1.806524E-03
9.520908E-01 -3.823206E-03
9.553000E-01 -3.718514E-03
9.572539E-01 -6.790721E-03
9.546560E-01 -7.068954E-03
9.586921E-01 -1.220653E-02
9.601694E-01 -1.143270E-02
9.639720E-01 -1.828467E-02
9.643651E-01 -2.032155E-02
9.708182E-01 -3.289183E-02
9.679568E-01 -2.805944E-02
9.701193E-01 -4.101232E-02
9.743468E-01 -5.074273E-02
9.689477E-01 -7.205368E-02
9.673874E-01 -5.609648E-02
9.583634E-01 -7.172164E-02
9.538130E-01 -9.628483E-02
9.312944E-01 -1.351253E-01
9.448693E-01 -8.946600E-02
9.276504E-01 -1.159249E-01
8.929923E-01 -2.000197E-01
8.558709E-01 -2.068109E-01
9.024174E-01 -1.551348E-01
8.721342E-01 -1.739801E-01
8.844010E-01 -6.284137E-02
9.193464E-01 1.897426E-02
8.723451E-01 -9.996461E-02
8.985760E-01 -1.080299E-02
9.346945E-01 3.288974E-02
9.404920E-01 3.222845E-02
9.174924E-01 2.230873E-02
9.275408E-01 3.010427E-02
9.417811E-01 2.916337E-02
9.408756E-01 2.597598E-02
9.322670E-01 3.059958E-02
9.338588E-01 2.891121E-02
9.389166E-01 2.313537E-02
9.364768E-01 2.069358E-02
9.336528E-01 2.664034E-02
9.324460E-01 2.433749E-02
9.338505E-01 1.860084E-02
9.311931E-01 1.679102E-02
9.307017E-01 2.218135E-02
9.286892E-01 2.021319E-02
9.285891E-01 1.520454E-02
9.260852E-01 1.379291E-02
9.265676E-01 1.842513E-02
9.244327E-01 1.679403E-02
9.237082E-01 1.251813E-02
9.214731E-01 1.135091E-02
9.223437E-01 1.529444E-02
9.203377E-01 1.390321E-02
9.193884E-01 1.026883E-02
9.174591E-01 9.254882E-03
9.184385E-01 1.260089E-02
9.166614E-01 1.137180E-02
9.156875E-01 8.296270E-03
9.140748E-01 7.383491E-03
9.150164E-01 1.020369E-02
9.135099E-01 9.087249E-03
9.126208E-01 6.509652E-03
9.113248E-01 5.669924E-03
9.121455E-01 8.015643E-03
9.109252E-01 6.984052E-03
9.101853E-01 4.861122E-03
9.092003E-01 4.081372E-03
9.098497E-01 5.989318E-03
9.089181E-01 5.029624E-03
9.083670E-01 3.329826E-03
9.076822E-01 2.606442E-03
9.081291E-01 4.104216E-03
9.074801E-01 3.213186E-03
9.071418E-01 1.911980E-03
9.067413E-01 1.249845E-03
9.069680E-01 2.357521E-03
9.065889E-01 1.541440E-03
9.064741E-01 6.433989E-04
9.063355E-01 2.806908E-04
9.063370E-01 7.938818E-04
9.062075E-01 3.469760E-04
9.631480E-01 2.376787E-03
9.623846E-01 7.788656E-04
9.638373E-01 3.519523E-03
9.639031E-01 2.203634E-03
9.635459E-01 6.904578E-04
9.643018E-01 3.555268E-03
9.637047E-01 3.446654E-03
9.624848E-01 2.588779E-03
9.643729E-01 4.012114E-03
9.638422E-01 3.628511E-03
9.606681E-01 1.653391E-03
9.589648E-01 9.635121E-04
9.627659E-01 2.736581E-03
9.615301E-01 1.673704E-03
9.577642E-01 3.911945E-04
9.571668E-01 -3.445895E-04
9.605477E-01 5.297830E-04
9.600566E-01 -8.357429E-04
9.571834E-01 -1.511235E-03
9.578335E-01 -3.355370E-03
9.601410E-01 -2.662147E-03
9.608046E-01 -5.212369E-03
9.591518E-01 -6.145741E-03
9.611387E-01 -1.021153E-02
9.619879E-01 -8.758518E-03
9.635143E-01 -1.357219E-02
9.636397E-01 -1.594632E-02
9.661194E-01 -2.371879E-02
9.649741E-01 -1.986669E-02
9.656035E-01 -2.765255E-02
9.673872E-01 -3.359797E-02
9.657128E-01 -4.497058E-02
9.643455E-01 -3.655218E-02
9.603284E-01 -4.582682E-02
9.599167E-01 -5.670013E-02
9.505144E-01 -6.846825E-02
9.535129E-01 -5.490707E-02
9.446656E-01 -6.414697E-02
9.388464E-01 -8.214713E-02
9.248882E-01 -1.011662E-01
9.344819E-01 -7.499271E-02
9.227394E-01 -8.913437E-02
9.064469E-01 -1.263972E-01
8.839657E-01 -1.424824E-01
9.082913E-01 -1.062487E-01
8.912430E-01 -1.180547E-01
8.736021E-01 -1.086975E-01
8.862113E-01 -3.847144E-02
8.789344E-01 -1.028751E-01
8.814670E-01 -5.563307E-02
9.031762E-01 5.823650E-03
9.149740E-01 2.296853E-02
8.931719E-01 -1.144197E-02
9.043020E-01 1.257798E-02
9.220986E-01 2.851843E-02
9.259015E-01 2.947644E-02
9.123976E-01 2.336251E-02
9.176850E-01 2.762550E-02
9.274714E-01 2.854898E-02
9.276149E-01 2.688548E-02
9.207472E-01 2.867762E-02
9.221816E-01 2.814628E-02
9.268821E-01 2.498900E-02
9.256302E-01 2.307439E-02
9.224947E-01 2.686159E-02
9.220690E-01 2.524560E-02
9.240875E-01 2.122688E-02
9.224004E-01 1.947397E-02
9.211756E-01 2.350892E-02
9.200010E-01 2.175366E-02
9.206633E-01 1.781827E-02
9.189387E-01 1.625254E-02
9.186727E-01 2.002699E-02
9.172780E-01 1.834856E-02
9.172679E-01 1.476654E-02
9.156788E-01 1.335004E-02
9.158768E-01 1.672470E-02
9.145107E-01 1.515562E-02
9.141903E-01 1.199412E-02
9.128152E-01 1.069157E-02
9.132085E-01 1.363912E-02
9.119904E-01 1.217243E-02
9.115619E-01 9.436885E-03
9.104356E-01 8.226176E-03
9.108698E-01 1.075304E-02
9.098560E-01 9.379098E-03
9.094392E-01 7.056916E-03
9.085741E-01 5.927741E-03
9.089547E-01 8.049488E-03
9.081692E-01 6.763804E-03
9.078399E-01 4.838230E-03
9.072354E-01 3.788726E-03
9.075010E-01 5.522264E-03
9.069499E-01 4.325627E-03
9.067584E-01 2.780481E-03
9.064057E-01 1.818506E-03
9.065149E-01 3.175464E-03
9.061937E-01 2.077561E-03
9.061725E-01 9.371262E-04
9.060540E-01 4.104930E-04
9.059825E-01 1.071374E-03
9.058768E-01 4.705169E-04
9.646688E-01 2.037747E-03
9.645996E-01 6.228641E-04
9.648182E-01 3.411782E-03
9.654109E-01 1.867593E-03
9.655672E-01 5.632229E-04
9.653524E-01 3.169209E-03
9.648828E-01 4.084563E-03
9.646829E-01 3.994348E-03
9.653378E-01 3.875067E-03
9.652605E-01 3.896459E-03
9.641494E-01 3.238415E-03
9.634174E-01 2.010615E-03
9.650388E-01 3.223194E-03
9.646828E-01 1.923553E-03
9.627538E-01 4.440483E-04
9.623961E-01 -1.484793E-03
9.643066E-01 8.509950E-05
9.640563E-01 -2.266120E-03
9.624609E-01 -3.929541E-03
9.629350E-01 -7.102315E-03
9.640130E-01 -5.193481E-03
9.641320E-01 -8.813309E-03
9.636742E-01 -1.121371E-02
9.643672E-01 -1.641395E-02
9.642166E-01 -1.322711E-02
9.639136E-01 -1.844632E-02
9.644926E-01 -2.270783E-02
9.633584E-01 -2.985905E-02
9.627517E-01 -2.432711E-02
9.602698E-01 -3.055956E-02
9.603332E-01 -3.738898E-02
9.551983E-01 -4.480446E-02
9.562165E-01 -3.677180E-02
9.506812E-01 -4.274185E-02
9.482834E-01 -5.199559E-02
9.401595E-01 -5.947903E-02
9.440139E-01 -4.858585E-02
9.365725E-01 -5.476836E-02
9.311440E-01 -6.821845E-02
9.210142E-01 -7.898765E-02
9.284889E-01 -6.188690E-02
9.195887E-01 -7.024099E-02
9.091595E-01 -9.108545E-02
8.956872E-01 -9.953999E-02
9.095447E-01 -7.907510E-02
8.984871E-01 -8.518472E-02
8.841884E-01 -9.248095E-02
8.813339E-01 -6.253760E-02
8.883464E-01 -8.172238E-02
8.831725E-01 -6.283078E-02
8.874209E-01 -2.533968E-02
8.962356E-01 1.304704E-03
8.849337E-01 -3.428012E-02
8.907992E-01 -8.796712E-03
9.040127E-01 1.620685E-02
9.099043E-01 2.374281E-02
8.973551E-01 8.350572E-03
9.030745E-01 1.852377E-02
9.139506E-01 2.708212E-02
9.164348E-01 2.804780E-02
9.075315E-01 2.406642E-02
9.107045E-01 2.667628E-02
9.177089E-01 2.769246E-02
9.181031E-01 2.662219E-02
9.127451E-01 2.746499E-02
9.138727E-01 2.714755E-02
9.178872E-01 2.518006E-02
9.172660E-01 2.355702E-02
9.143096E-01 2.617364E-02
9.142492E-01 2.481983E-02
9.163895E-01 2.185792E-02
9.153653E-01 2.013962E-02
9.138466E-01 2.325368E-02
9.132212E-01 2.157603E-02
9.142706E-01 1.843257E-02
9.131601E-01 1.675277E-02
9.124621E-01 1.984758E-02
9.116352E-01 1.810516E-02
9.120729E-01 1.510858E-02
9.110365E-01 1.350435E-02
9.107887E-01 1.637145E-02
9.099575E-01 1.466079E-02
9.100703E-01 1.194248E-02
9.091877E-01 1.042451E-02
9.091665E-01 1.298257E-02
9.084333E-01 1.134319E-02
9.083974E-01 8.951664E-03
9.077052E-01 7.525102E-03
9.077699E-01 9.747257E-03
9.071844E-01 8.198216E-03
9.071141E-01 6.146064E-03
9.066255E-01 4.815935E-03
9.066818E-01 6.698782E-03
9.062649E-01 5.251213E-03
9.062395E-01 3.536687E-03
9.059551E-01 2.314858E-03
9.059352E-01 3.857996E-03
9.056926E-01 2.526398E-03
9.057693E-01 1.194723E-03
9.056781E-01 5.262375E-04
9.055355E-01 1.305123E-03
9.054603E-01 5.767541E-04
9.661049E-01 1.684817E-03
9.664533E-01 5.049719E-04
9.658642E-01 2.858154E-03
9.667317E-01 1.486445E-03
9.672548E-01 4.452151E-04
9.663209E-01 2.496088E-03
9.657414E-01 3.492789E-03
9.656701E-01 3.499774E-03
9.660712E-01 3.000999E-03
9.659328E-01 2.919868E-03
9.655787E-01 2.828885E-03
9.654239E-01 1.477399E-03
9.658402E-01 2.193470E-03
9.657248E-01 7.904702E-04
9.652132E-01 -5.201467E-04
9.649839E-01 -3.129840E-03
9.655294E-01 -1.284740E-03
9.652050E-01 -3.999412E-03
9.647423E-01 -6.347172E-03
9.644024E-01 -1.018582E-02
9.646851E-01 -7.304593E-03
9.638511E-01 -1.113368E-02
9.637570E-01 -1.463051E-02
9.624994E-01 -1.958306E-02
9.625203E-01 -1.538343E-02
9.604779E-01 -1.989658E-02
9.603006E-01 -2.483921E-02
9.569327E-01 -3.013167E-02
9.575478E-01 -2.447415E-02
9.536671E-01 -2.893037E-02
9.523713E-01 -3.524241E-02
9.467975E-01 -4.012891E-02
9.489148E-01 -3.316955E-02
9.434696E-01 -3.724028E-02
9.404837E-01 -4.497981E-02
9.336407E-01 -5.015291E-02
9.375226E-01 -4.133055E-02
9.311950E-01 -4.569671E-02
9.263152E-01 -5.599998E-02
9.183826E-01 -6.258018E-02
9.244970E-01 -5.053400E-02
9.173434E-01 -5.578504E-02
9.096699E-01 -6.920240E-02
9.003120E-01 -7.370032E-02
9.096466E-01 -6.085788E-02
9.015332E-01 -6.423740E-02
8.914420E-01 -7.190577E-02
8.855095E-01 -5.971907E-02
8.937186E-01 -6.326162E-02
8.877237E-01 -5.514264E-02
8.844888E-01 -3.871972E-02
8.875863E-01 -1.654843E-02
8.851073E-01 -3.989345E-02
8.860123E-01 -2.167441E-02
8.924653E-01 9.325116E-04
8.974577E-01 1.275803E-02
8.891466E-01 -5.288754E-03
8.930975E-01 7.142876E-03
9.018218E-01 2.009960E-02
9.052938E-01 2.426589E-02
8.969991E-01 1.569534E-02
9.004266E-01 2.114399E-02
9.078394E-01 2.626751E-02
9.095463E-01 2.683127E-02
9.032031E-01 2.427961E-02
9.052963E-01 2.575331E-02
9.105573E-01 2.646206E-02
9.110264E-01 2.550001E-02
9.067602E-01 2.606588E-02
9.076909E-01 2.558625E-02
9.110941E-01 2.416898E-02
9.108782E-01 2.261435E-02
9.081971E-01 2.457734E-02
9.083818E-01 2.322232E-02
9.104729E-01 2.093019E-02
9.099506E-01 1.917765E-02
9.083344E-01 2.164726E-02
9.081282E-01 1.993867E-02
9.093663E-01 1.739695E-02
9.087608E-01 1.561501E-02
9.078212E-01 1.815615E-02
9.074577E-01 1.634111E-02
9.081640E-01 1.385022E-02
9.075974E-01 1.211536E-02
9.070714E-01 1.452263E-02
9.066868E-01 1.272126E-02
9.070760E-01 1.041953E-02
9.066104E-01 8.769217E-03
9.063215E-01 1.095161E-02
9.059882E-01 9.223978E-03
9.062074E-01 7.169111E-03
9.058714E-01 5.622639E-03
9.056954E-01 7.545529E-03
9.054489E-01 5.921171E-03
9.056049E-01 4.132926E-03
9.054093E-01 2.707958E-03
9.052526E-01 4.354821E-03
9.051089E-01 2.855164E-03
9.052842E-01 1.400391E-03
9.052264E-01 6.210758E-04
9.050186E-01 1.478241E-03
9.049795E-01 6.581302E-04
9.672767E-01 1.274099E-03
9.679651E-01 3.832703E-04
9.666985E-01 2.098808E-03
9.677292E-01 1.052894E-03
9.685776E-01 3.198542E-04
9.669809E-01 1.683558E-03
9.663034E-01 2.444721E-03
9.660445E-01 2.241074E-03
9.664216E-01 1.861987E-03
9.659994E-01 1.529591E-03
9.658544E-01 1.433776E-03
9.656490E-01 -1.179491E-05
9.656405E-01 6.438829E-04
9.652503E-01 -8.201403E-04
9.653336E-01 -2.098155E-03
9.648065E-01 -4.788718E-03
9.647157E-01 -2.857724E-03
9.639117E-01 -5.423770E-03
9.639551E-01 -8.007510E-03
9.626496E-01 -1.164126E-02
9.627105E-01 -8.428706E-03
9.609927E-01 -1.174347E-02
9.607499E-01 -1.554247E-02
9.581353E-01 -1.954111E-02
9.586635E-01 -1.521456E-02
9.556741E-01 -1.868906E-02
9.547469E-01 -2.347419E-02
9.506155E-01 -2.723009E-02
9.520370E-01 -2.204616E-02
9.478252E-01 -2.522632E-02
9.458525E-01 -3.078821E-02
9.406065E-01 -3.423117E-02
9.431503E-01 -2.824624E-02
9.381286E-01 -3.119190E-02
9.350070E-01 -3.771897E-02
9.291235E-01 -4.142744E-02
9.328480E-01 -3.418894E-02
9.273490E-01 -3.735363E-02
9.229518E-01 -4.545493E-02
9.164361E-01 -4.969302E-02
9.216238E-01 -4.072563E-02
9.156370E-01 -4.417975E-02
9.095362E-01 -5.365030E-02
9.023647E-01 -5.623953E-02
9.093751E-01 -4.731446E-02
9.029356E-01 -4.933359E-02
8.954000E-01 -5.569011E-02
8.896213E-01 -5.009815E-02
8.966530E-01 -4.901918E-02
8.911819E-01 -4.504996E-02
8.861698E-01 -3.898589E-02
8.855128E-01 -2.447656E-02
8.873408E-01 -3.686184E-02
8.856460E-01 -2.547587E-02
8.870879E-01 -9.975672E-03
8.898914E-01 2.179508E-03
8.859578E-01 -1.312172E-02
8.876598E-01 -1.852049E-03
8.931048E-01 1.131169E-02
8.962286E-01 1.766104E-02
8.900848E-01 7.294663E-03
8.927371E-01 1.413286E-02
8.989930E-01 2.173611E-02
9.012746E-01 2.405166E-02
8.953013E-01 1.888454E-02
8.975951E-01 2.189839E-02
9.030470E-01 2.505357E-02
9.043441E-01 2.510230E-02
8.995300E-01 2.353149E-02
9.010843E-01 2.410499E-02
9.052320E-01 2.447623E-02
9.057879E-01 2.338332E-02
9.022791E-01 2.388873E-02
9.031596E-01 2.309926E-02
9.060875E-01 2.197560E-02
9.061979E-01 2.036283E-02
9.037804E-01 2.190485E-02
9.041962E-01 2.043340E-02
9.061753E-01 1.862390E-02
9.060647E-01 1.681549E-02
9.044564E-01 1.878083E-02
9.046029E-01 1.701839E-02
9.059012E-01 1.497840E-02
9.057112E-01 1.314195E-02
9.046698E-01 1.519868E-02
9.046834E-01 1.336021E-02
9.055142E-01 1.132710E-02
9.053242E-01 9.548623E-03
9.046641E-01 1.153079E-02
9.046265E-01 9.730109E-03
9.051513E-01 7.816629E-03
9.050024E-01 6.137805E-03
9.045817E-01 7.971575E-03
9.045375E-01 6.263902E-03
9.048826E-01 4.517005E-03
9.047953E-01 2.963596E-03
9.044998E-01 4.613020E-03
9.044730E-01 3.028939E-03
9.047426E-01 1.536334E-03
9.047231E-01 6.867829E-04
9.044602E-01 1.572350E-03
9.044610E-01 7.058688E-04
9.680836E-01 8.303539E-04
9.690875E-01 2.565678E-04
9.671606E-01 1.269110E-03
9.683394E-01 6.153262E-04
9.694937E-01 1.955118E-04
9.672378E-01 8.746190E-04
9.664191E-01 1.287301E-03
9.657995E-01 8.394373E-04
9.662996E-01 7.516352E-04
9.654587E-01 2.140538E-04
9.652217E-01 -1.029532E-04
9.645849E-01 -1.550470E-03
9.646306E-01 -7.528206E-04
9.637150E-01 -2.145514E-03
9.637720E-01 -3.486039E-03
9.626570E-01 -5.856307E-03
9.626006E-01 -3.935845E-03
9.611746E-01 -6.066250E-03
9.611200E-01 -8.569193E-03
9.590646E-01 -1.150152E-02
9.593376E-01 -8.450669E-03
9.570197E-01 -1.098358E-02
9.564350E-01 -1.451753E-02
9.532270E-01 -1.749471E-02
9.541936E-01 -1.355687E-02
9.508779E-01 -1.608031E-02
9.494872E-01 -2.034939E-02
9.453003E-01 -2.305364E-02
9.471298E-01 -1.849921E-02
9.430292E-01 -2.080312E-02
9.407654E-01 -2.563772E-02
9.359717E-01 -2.817679E-02
9.386585E-01 -2.302327E-02
9.340865E-01 -2.521919E-02
9.309806E-01 -3.076417E-02
9.258169E-01 -3.347342E-02
9.293572E-01 -2.745675E-02
9.244876E-01 -2.977921E-02
9.204736E-01 -3.630938E-02
9.149296E-01 -3.914752E-02
9.194729E-01 -3.217154E-02
9.143025E-01 -3.451802E-02
9.091865E-01 -4.166242E-02
9.033277E-01 -4.326150E-02
9.089863E-01 -3.655607E-02
9.035952E-01 -3.783886E-02
8.975956E-01 -4.308354E-02
8.924435E-01 -4.019380E-02
8.983105E-01 -3.774372E-02
8.934565E-01 -3.559700E-02
8.884600E-01 -3.407786E-02
8.861093E-01 -2.518632E-02
8.894621E-01 -3.096858E-02
8.867142E-01 -2.402328E-02
8.854629E-01 -1.491285E-02
8.861976E-01 -4.862412E-03
8.853731E-01 -1.560768E-02
8.853091E-01 -6.895272E-03
8.878301E-01 3.862178E-03
8.899244E-01 1.080698E-02
8.862081E-01 1.115957E-03
8.877224E-01 7.851413E-03
8.921609E-01 1.595009E-02
8.943273E-01 1.947275E-02
8.895592E-01 1.311424E-02
8.915003E-01 1.693903E-02
8.962945E-01 2.162765E-02
8.979969E-01 2.267650E-02
8.933950E-01 1.947418E-02
8.951480E-01 2.091311E-02
8.994155E-01 2.286116E-02
9.005620E-01 2.239095E-02
8.967080E-01 2.145722E-02
8.980567E-01 2.129591E-02
9.014661E-01 2.143905E-02
9.021652E-01 2.014424E-02
8.991981E-01 2.059652E-02
9.001497E-01 1.950061E-02
9.026975E-01 1.861518E-02
9.030981E-01 1.693548E-02
9.009352E-01 1.812403E-02
9.015799E-01 1.655915E-02
9.033972E-01 1.516852E-02
9.036194E-01 1.336165E-02
9.021072E-01 1.487806E-02
9.025378E-01 1.313575E-02
9.037838E-01 1.154954E-02
9.039053E-01 9.756903E-03
9.028883E-01 1.137315E-02
9.031723E-01 9.619737E-03
9.039949E-01 8.000630E-03
9.040610E-01 6.291606E-03
9.034003E-01 7.895776E-03
9.035804E-01 6.214319E-03
9.041099E-01 4.636923E-03
9.041468E-01 3.047171E-03
9.037191E-01 4.583638E-03
9.038219E-01 3.014800E-03
9.041757E-01 1.584092E-03
9.041973E-01 7.142378E-04
9.038938E-01 1.569604E-03
9.039363E-01 7.108150E-04
9.685016E-01 4.168841E-04
9.697993E-01 1.389543E-04
9.672205E-01 5.180064E-04
9.685803E-01 2.432732E-04
9.700117E-01 8.903064E-05
9.671230E-01 2.143537E-04
9.660771E-01 2.811268E-04
9.650016E-01 -3.138455E-04
9.657732E-01 -1.043574E-04
9.644612E-01 -7.225519E-04
9.639097E-01 -1.269873E-03
9.627072E-01 -2.572603E-03
9.631076E-01 -1.634526E-03
9.616286E-01 -2.819336E-03
9.612957E-01 -4.187025E-03
9.595821E-01 -6.056542E-03
9.599423E-01 -4.240011E-03
9.579770E-01 -5.845233E-03
9.574911E-01 -8.106524E-03
9.549770E-01 -1.025321E-02
9.556797E-01 -7.574173E-03
9.530234E-01 -9.364148E-03
9.520309E-01 -1.241678E-02
9.486801E-01 -1.453528E-02
9.500100E-01 -1.115973E-02
9.466679E-01 -1.292107E-02
9.449795E-01 -1.657515E-02
9.409968E-01 -1.853504E-02
9.430436E-01 -1.462936E-02
9.391910E-01 -1.628772E-02
9.367981E-01 -2.044181E-02
9.324359E-01 -2.233931E-02
9.351609E-01 -1.791722E-02
9.309931E-01 -1.954826E-02
9.279429E-01 -2.427143E-02
9.233320E-01 -2.626028E-02
9.267123E-01 -2.120796E-02
9.223289E-01 -2.290397E-02
9.186014E-01 -2.828005E-02
9.137475E-01 -3.022730E-02
9.178439E-01 -2.460550E-02
9.132588E-01 -2.622224E-02
9.087851E-01 -3.189065E-02
9.037748E-01 -3.292979E-02
9.085909E-01 -2.758448E-02
9.038927E-01 -2.843120E-02
8.988561E-01 -3.288658E-02
8.942677E-01 -3.126770E-02
8.992741E-01 -2.842100E-02
8.949164E-01 -2.718806E-02
8.903284E-01 -2.772651E-02
8.873511E-01 -2.229013E-02
8.910612E-01 -2.445800E-02
8.879603E-01 -2.019609E-02
8.855218E-01 -1.546262E-02
8.848267E-01 -8.068098E-03
8.857957E-01 -1.469719E-02
8.846173E-01 -8.526065E-03
8.850852E-01 -9.317833E-04
8.860434E-01 5.359261E-03
8.843401E-01 -2.327838E-03
8.847944E-01 3.362096E-03
8.874536E-01 1.050655E-02
8.891105E-01 1.443237E-02
8.857853E-01 8.205941E-03
8.871322E-01 1.205256E-02
8.908573E-01 1.719278E-02
8.925817E-01 1.891351E-02
8.886840E-01 1.488502E-02
8.903219E-01 1.676888E-02
8.942097E-01 1.975010E-02
8.956980E-01 1.986392E-02
8.919576E-01 1.781443E-02
8.935296E-01 1.815149E-02
8.970273E-01 1.940795E-02
8.981948E-01 1.851889E-02
8.949986E-01 1.791308E-02
8.963434E-01 1.722500E-02
8.992082E-01 1.731378E-02
9.000804E-01 1.588943E-02
8.975550E-01 1.619987E-02
8.986332E-01 1.493427E-02
9.008262E-01 1.432357E-02
9.014600E-01 1.267688E-02
8.995823E-01 1.350805E-02
9.004093E-01 1.198501E-02
9.019947E-01 1.099531E-02
9.024412E-01 9.312388E-03
9.011218E-01 1.041433E-02
9.017269E-01 8.832391E-03
9.028085E-01 7.651350E-03
9.031041E-01 6.027216E-03
9.022314E-01 7.264679E-03
9.026412E-01 5.727762E-03
9.033340E-01 4.449343E-03
9.035039E-01 2.929125E-03
9.029618E-01 4.231870E-03
9.031984E-01 2.788506E-03
9.036191E-01 1.527312E-03
9.036823E-01 6.946753E-04
9.033565E-01 1.456185E-03
9.034398E-01 6.651279E-04
9.685895E-01 1.010057E-04
9.701426E-01 4.748437E-05
9.669647E-01 -2.539773E-05
9.685465E-01 -5.796024E-06
9.702070E-01 1.546943E-05
9.667676E-01 -1.952360E-04
9.654149E-01 -3.921784E-04
9.638752E-01 -1.001038E-03
9.650318E-01 -5.771732E-04
9.632818E-01 -1.147911E-03
9.622743E-01 -1.840942E-03
9.605418E-01 -2.888467E-03
9.614574E-01 -1.894093E-03
9.595021E-01 -2.793037E-03
9.586132E-01 -4.108685E-03
9.564363E-01 -5.458165E-03
9.573678E-01 -3.814432E-03
9.550184E-01 -4.923658E-03
9.539763E-01 -6.889890E-03
9.512196E-01 -8.359229E-03
9.524332E-01 -6.086065E-03
9.496070E-01 -7.271293E-03
9.481736E-01 -9.829749E-03
9.448636E-01 -1.127764E-02
9.465496E-01 -8.456706E-03
9.432819E-01 -9.629378E-03
9.413265E-01 -1.269388E-02
9.376032E-01 -1.408356E-02
9.398317E-01 -1.078639E-02
9.362285E-01 -1.193347E-02
9.337311E-01 -1.546240E-02
9.297397E-01 -1.685029E-02
9.324988E-01 -1.308197E-02
9.286636E-01 -1.424415E-02
9.256474E-01 -1.826218E-02
9.214630E-01 -1.969636E-02
9.247361E-01 -1.542671E-02
9.207238E-01 -1.662238E-02
9.171896E-01 -2.112070E-02
9.128323E-01 -2.245789E-02
9.166309E-01 -1.780024E-02
9.124650E-01 -1.889536E-02
9.084094E-01 -2.357216E-02
9.039674E-01 -2.426269E-02
9.082450E-01 -1.979996E-02
9.040122E-01 -2.035986E-02
8.995950E-01 -2.427309E-02
8.954337E-01 -2.332991E-02
8.998407E-01 -2.038213E-02
8.958439E-01 -1.966197E-02
8.916714E-01 -2.121836E-02
8.885114E-01 -1.788033E-02
8.921717E-01 -1.803304E-02
8.889908E-01 -1.543304E-02
8.861207E-01 -1.348484E-02
8.845805E-01 -8.413124E-03
8.864500E-01 -1.195630E-02
8.846439E-01 -7.857464E-03
8.838699E-01 -3.151170E-03
8.838871E-01 1.846543E-03
8.835919E-01 -3.493100E-03
8.832436E-01 7.701040E-04
8.844893E-01 6.247698E-03
8.855264E-01 9.863888E-03
8.835019E-01 4.632876E-03
8.842485E-01 7.898778E-03
8.868609E-01 1.262762E-02
8.883754E-01 1.455619E-02
8.853638E-01 1.047173E-02
8.867369E-01 1.233464E-02
8.899745E-01 1.571954E-02
8.915840E-01 1.621629E-02
8.882705E-01 1.352472E-02
8.898832E-01 1.411244E-02
8.931496E-01 1.615687E-02
8.946336E-01 1.565208E-02
8.915092E-01 1.418559E-02
8.930979E-01 1.383773E-02
8.960119E-01 1.480553E-02
8.972709E-01 1.370926E-02
8.946117E-01 1.316020E-02
8.960246E-01 1.223679E-02
8.984041E-01 1.244152E-02
8.994098E-01 1.106628E-02
8.973194E-01 1.114071E-02
8.984855E-01 9.933079E-03
9.002893E-01 9.633763E-03
9.010453E-01 8.181652E-03
8.995173E-01 8.662743E-03
9.004126E-01 7.366862E-03
9.016814E-01 6.736633E-03
9.022016E-01 5.316193E-03
9.011713E-01 6.072054E-03
9.017949E-01 4.795901E-03
9.026100E-01 3.931086E-03
9.029113E-01 2.592640E-03
9.022861E-01 3.549210E-03
9.026483E-01 2.342793E-03
9.031108E-01 1.355886E-03
9.032132E-01 6.218061E-04
9.028868E-01 1.226916E-03
9.030067E-01 5.647543E-04
9.684696E-01 -7.574365E-05
9.702218E-01 -6.569303E-06
9.665546E-01 -2.943064E-04
9.683771E-01 -1.102140E-04
9.702043E-01 -1.893208E-05
9.663473E-01 -3.266438E-04
9.646531E-01 -6.612371E-04
9.627173E-01 -1.169871E-03
9.643052E-01 -6.524314E-04
9.622132E-01 -1.079990E-03
9.606991E-01 -1.806868E-03
9.585554E-01 -2.552380E-03
9.600344E-01 -1.597578E-03
9.577379E-01 -2.189247E-03
9.562521E-01 -3.381911E-03
9.537661E-01 -4.269327E-03
9.553009E-01 -2.836478E-03
9.527099E-01 -3.520588E-03
9.510864E-01 -5.190228E-03
9.482132E-01 -6.124878E-03
9.499606E-01 -4.225186E-03
9.470562E-01 -4.938053E-03
9.451565E-01 -7.060088E-03
9.419327E-01 -7.989837E-03
9.440060E-01 -5.652099E-03
9.408225E-01 -6.365306E-03
9.385620E-01 -8.914677E-03
9.350646E-01 -9.840146E-03
9.375198E-01 -7.079846E-03
9.341111E-01 -7.800574E-03
9.314585E-01 -1.077428E-02
9.277575E-01 -1.172415E-02
9.306075E-01 -8.533053E-03
9.270176E-01 -9.281037E-03
9.239708E-01 -1.269129E-02
9.201043E-01 -1.366588E-02
9.233470E-01 -1.004330E-02
9.196001E-01 -1.080966E-02
9.161628E-01 -1.461994E-02
9.121552E-01 -1.550027E-02
9.157819E-01 -1.155641E-02
9.119020E-01 -1.224151E-02
9.081009E-01 -1.622259E-02
9.040372E-01 -1.666967E-02
9.079796E-01 -1.280088E-02
9.040494E-01 -1.314739E-02
9.000273E-01 -1.669732E-02
8.961655E-01 -1.615311E-02
9.001669E-01 -1.317540E-02
8.964125E-01 -1.277363E-02
8.925745E-01 -1.491017E-02
8.893936E-01 -1.291136E-02
8.928902E-01 -1.184787E-02
8.897194E-01 -1.035044E-02
8.867549E-01 -1.020735E-02
8.847564E-01 -6.966574E-03
8.870181E-01 -8.307116E-03
8.848833E-01 -5.827688E-03
8.834421E-01 -3.444826E-03
8.827983E-01 7.402383E-05
8.833729E-01 -3.090902E-03
8.824986E-01 -3.075137E-04
8.827650E-01 3.337864E-03
8.832536E-01 6.163318E-03
8.822289E-01 2.322739E-03
8.825002E-01 4.643254E-03
8.841634E-01 8.444825E-03
8.853929E-01 1.014483E-02
8.832297E-01 6.554122E-03
8.843264E-01 8.009873E-03
8.868469E-01 1.127665E-02
8.884400E-01 1.188734E-02
8.856987E-01 9.008748E-03
8.872602E-01 9.579850E-03
8.900988E-01 1.204368E-02
8.917624E-01 1.182142E-02
8.889325E-01 9.771564E-03
8.906474E-01 9.642352E-03
8.933826E-01 1.129756E-02
8.949222E-01 1.054488E-02
8.923479E-01 9.253840E-03
8.939878E-01 8.665856E-03
8.963542E-01 9.628495E-03
8.976594E-01 8.603867E-03
8.955315E-01 7.933026E-03
8.969525E-01 7.102680E-03
8.988255E-01 7.516029E-03
8.998449E-01 6.399698E-03
8.982318E-01 6.213793E-03
8.993570E-01 5.296767E-03
9.007137E-01 5.280005E-03
9.014309E-01 4.173689E-03
9.003206E-01 4.373820E-03
9.011187E-01 3.459864E-03
9.019972E-01 3.091048E-03
9.024148E-01 2.041977E-03
9.017502E-01 2.564088E-03
9.022161E-01 1.695048E-03
9.026887E-01 1.070729E-03
9.028244E-01 4.945028E-04
9.025206E-01 8.898002E-04
9.026698E-01 4.121226E-04
9.682859E-01 -1.131205E-04
9.701709E-01 -2.262552E-05
9.661650E-01 -3.005510E-04
9.682100E-01 -9.051385E-05
9.701360E-01 -1.927015E-05
9.660234E-01 -2.277928E-04
9.640109E-01 -5.638544E-04
9.617952E-01 -8.960940E-04
9.637880E-01 -4.124940E-04
9.614831E-01 -6.394360E-04
9.594910E-01 -1.288046E-03
9.570770E-01 -1.727982E-03
9.590892E-01 -9.023444E-04
9.565922E-01 -1.193605E-03
9.545391E-01 -2.202907E-03
9.518708E-01 -2.700298E-03
9.539841E-01 -1.505071E-03
9.512629E-01 -1.829161E-03
9.490720E-01 -3.209751E-03
9.461475E-01 -3.724136E-03
9.484310E-01 -2.159854E-03
9.454942E-01 -2.493339E-03
9.431055E-01 -4.240020E-03
9.399556E-01 -4.757380E-03
9.424597E-01 -2.828177E-03
9.393347E-01 -3.165010E-03
9.367071E-01 -5.278745E-03
9.333682E-01 -5.807980E-03
9.361255E-01 -3.505920E-03
9.328368E-01 -3.853578E-03
9.299451E-01 -6.348789E-03
9.264422E-01 -6.902963E-03
9.294714E-01 -4.210250E-03
9.260310E-01 -4.576676E-03
9.228625E-01 -7.468245E-03
9.192090E-01 -8.035736E-03
9.225165E-01 -4.950752E-03
9.189299E-01 -5.325964E-03
9.154865E-01 -8.586894E-03
9.117049E-01 -9.090487E-03
9.152757E-01 -5.689603E-03
9.115640E-01 -6.020959E-03
9.078833E-01 -9.500231E-03
9.040541E-01 -9.754359E-03
9.078134E-01 -6.289959E-03
9.040550E-01 -6.457004E-03
9.002677E-01 -9.778821E-03
8.965951E-01 -9.495858E-03
9.003358E-01 -6.475000E-03
8.967207E-01 -6.294618E-03
8.931274E-01 -8.838798E-03
8.899697E-01 -7.771299E-03
8.932924E-01 -5.873211E-03
8.901467E-01 -5.186413E-03
8.872296E-01 -6.305491E-03
8.850010E-01 -4.510777E-03
8.873835E-01 -4.239320E-03
8.850942E-01 -3.072610E-03
8.833498E-01 -2.506875E-03
8.823040E-01 -4.416556E-04
8.833486E-01 -1.759609E-03
8.821849E-01 -3.939405E-04
8.818529E-01 1.537769E-03
8.819525E-01 3.309610E-03
8.816060E-01 9.280444E-04
8.815820E-01 2.123557E-03
8.825351E-01 4.790631E-03
8.835194E-01 5.937761E-03
8.820565E-01 3.133418E-03
8.829558E-01 3.924668E-03
8.848183E-01 6.742117E-03
8.863454E-01 7.220108E-03
8.841969E-01 4.487678E-03
8.856943E-01 4.830665E-03
8.880196E-01 7.404699E-03
8.897674E-01 7.338151E-03
8.873650E-01 4.973894E-03
8.891326E-01 4.944683E-03
8.915256E-01 7.066456E-03
8.932409E-01 6.635235E-03
8.909291E-01 4.773505E-03
8.926968E-01 4.491080E-03
8.948709E-01 6.086848E-03
8.963828E-01 5.458505E-03
8.943879E-01 4.126289E-03
8.959650E-01 3.704757E-03
8.977522E-01 4.781204E-03
8.989625E-01 4.079359E-03
8.973999E-01 3.248016E-03
8.986723E-01 2.773143E-03
9.000027E-01 3.370959E-03
9.008665E-01 2.668159E-03
8.997688E-01 2.292802E-03
9.006812E-01 1.815597E-03
9.015512E-01 1.978468E-03
9.020565E-01 1.308697E-03
9.014052E-01 1.346862E-03
9.019398E-01 8.913651E-04
9.023860E-01 6.876547E-04
9.025461E-01 3.192640E-04
9.022878E-01 4.688580E-04
9.024558E-01 2.182423E-04
9.681601E-01 -5.016213E-05
9.701105E-01 -1.101798E-05
9.659338E-01 -1.229100E-04
9.681430E-01 -8.283665E-06
9.701018E-01 -2.595115E-06
9.659035E-01 -2.010196E-05
9.636493E-01 -2.185072E-04
9.612905E-01 -3.341733E-04
9.636026E-01 -3.567590E-05
9.612260E-01 -5.459530E-05
9.588428E-01 -4.667294E-04
9.562965E-01 -6.124308E-04
9.587605E-01 -7.640173E-05
9.561978E-01 -1.005409E-04
9.536471E-01 -7.673577E-04
9.508950E-01 -9.279418E-04
9.535348E-01 -1.264211E-04
9.507726E-01 -1.534965E-04
9.480442E-01 -1.091437E-03
9.451008E-01 -1.256208E-03
9.479158E-01 -1.813443E-04
9.449703E-01 -2.097145E-04
9.420713E-01 -1.421777E-03
9.389616E-01 -1.588656E-03
9.419426E-01 -2.385422E-04
9.388380E-01 -2.679235E-04
9.357761E-01 -1.758005E-03
9.325176E-01 -1.931193E-03
9.356606E-01 -2.980630E-04
9.324122E-01 -3.292010E-04
9.291869E-01 -2.109303E-03
9.257840E-01 -2.292577E-03
9.290931E-01 -3.615306E-04
9.257028E-01 -3.951005E-04
9.223088E-01 -2.479785E-03
9.187624E-01 -2.667489E-03
9.222408E-01 -4.297038E-04
9.187078E-01 -4.647435E-04
9.151493E-01 -2.849198E-03
9.114793E-01 -3.014538E-03
9.151083E-01 -4.990780E-04
9.114521E-01 -5.308615E-04
9.077710E-01 -3.148618E-03
9.040547E-01 -3.231990E-03
9.077577E-01 -5.574174E-04
9.040549E-01 -5.752087E-04
9.003752E-01 -3.241634E-03
8.967943E-01 -3.153469E-03
9.003881E-01 -5.799925E-04
8.968177E-01 -5.672497E-04
8.933897E-01 -2.946572E-03
8.902521E-01 -2.608665E-03
8.934202E-01 -5.329352E-04
8.902844E-01 -4.744829E-04
8.874768E-01 -2.141473E-03
8.851535E-01 -1.563854E-03
8.875045E-01 -3.918269E-04
8.851695E-01 -2.880544E-04
8.833537E-01 -9.107775E-04
8.821211E-01 -2.278041E-04
8.833515E-01 -1.693261E-04
8.820961E-01 -4.394957E-05
8.814664E-01 4.372260E-04
8.813680E-01 1.042301E-03
8.814166E-01 7.912360E-05
8.812938E-01 1.918412E-04
8.817764E-01 1.556611E-03
8.826230E-01 1.962319E-03
8.816808E-01 2.881419E-04
8.825103E-01 3.643850E-04
8.838274E-01 2.253447E-03
8.853048E-01 2.433281E-03
8.837030E-01 4.192140E-04
8.851741E-01 4.531000E-04
8.869715E-01 2.511467E-03
8.887493E-01 2.501463E-03
8.868400E-01 4.677950E-04
8.886215E-01 4.658317E-04
8.905678E-01 2.418514E-03
8.923661E-01 2.278148E-03
8.904476E-01 4.501173E-04
8.922563E-01 4.236259E-04
8.940936E-01 2.095067E-03
8.957100E-01 1.882400E-03
8.939962E-01 3.891742E-04
8.956259E-01 3.492695E-04
8.971845E-01 1.651235E-03
8.984948E-01 1.410404E-03
8.971137E-01 3.060185E-04
8.984368E-01 2.610871E-04
8.996257E-01 1.166480E-03
9.005678E-01 9.239444E-04
8.995792E-01 2.157033E-04
9.005313E-01 1.706918E-04
9.013161E-01 6.855829E-04
9.018687E-01 4.538770E-04
9.012877E-01 1.265543E-04
9.018464E-01 8.374018E-05
9.022283E-01 2.392424E-04
9.024007E-01 1.127977E-04
9.022098E-01 4.440721E-05
9.023896E-01 2.945489E-05
8.679788E-01 1.025377E-02
7.085774E-01 1.189324E-02
6.967733E-01 1.425087E-02
7.229193E-01 7.847370E-03
8.763751E-01 8.622871E-03
7.323989E-01 5.402150E-03
7.385463E-01 4.035921E-03
6.967733E-01 -1.425087E-02
7.085774E-01 -1.189324E-02
8.679788E-01 -1.025377E-02
7.229193E-01 -7.847370E-03
7.323989E-01 -5.402150E-03
8.763751E-01 -8.622871E-03
7.385463E-01 -4.035921E-03
8.845152E-01 5.062477E-03
7.425590E-01 3.243146E-03
7.453905E-01 2.787108E-03
8.891018E-01 3.338204E-03
7.474242E-01 2.512440E-03
7.489581E-01 2.342019E-03
7.425590E-01 -3.243146E-03
8.845152E-01 -5.062477E-03
7.453905E-01 -2.787108E-03
7.474242E-01 -2.512440E-03
8.891018E-01 -3.338204E-03
7.489581E-01 -2.342019E-03
8.913165E-01 2.499008E-03
7.501251E-01 2.231105E-03
7.510345E-01 2.158733E-03
8.921219E-01 2.040883E-03
7.517423E-01 2.110138E-03
7.522971E-01 2.079117E-03
7.501251E-01 -2.231105E-03
8.913165E-01 -2.499008E-03
7.510345E-01 -2.158733E-03
7.517423E-01 -2.110138E-03
8.921219E-01 -2.040883E-03
7.522971E-01 -2.079117E-03
8.920431E-01 1.769810E-03
7.527271E-01 2.059620E-03
7.530579E-01 2.049640E-03
8.913810E-01 1.605131E-03
7.533055E-01 2.046232E-03
7.534855E-01 2.048419E-03
7.527271E-01 -2.059620E-03
8.920431E-01 -1.769810E-03
7.530579E-01 -2.049640E-03
7.533055E-01 -2.046232E-03
8.913810E-01 -1.605131E-03
7.534855E-01 -2.048419E-03
8.903256E-01 1.504101E-03
7.536068E-01 2.052897E-03
7.536754E-01 2.049297E-03
8.890148E-01 1.394405E-03
7.536859E-01 1.994068E-03
7.536712E-01 1.894358E-03
7.536068E-01 -2.052897E-03
8.903256E-01 -1.504101E-03
7.536754E-01 -2.049297E-03
7.536859E-01 -1.994068E-03
8.890148E-01 -1.394405E-03
7.536712E-01 -1.894358E-03
8.876344E-01 1.295681E-03
7.536254E-01 1.869172E-03
7.535537E-01 1.891871E-03
8.862646E-01 1.359549E-03
7.534737E-01 1.936295E-03
7.534014E-01 1.993353E-03
7.536254E-01 -1.869172E-03
8.876344E-01 -1.295681E-03
7.535537E-01 -1.891871E-03
7.534737E-01 -1.936295E-03
8.862646E-01 -1.359549E-03
7.534014E-01 -1.993353E-03
8.850267E-01 1.532257E-03
7.533452E-01 2.058771E-03
7.533192E-01 2.128579E-03
8.841315E-01 1.810799E-03
7.533362E-01 2.203532E-03
7.534244E-01 2.302699E-03
7.533452E-01 -2.058771E-03
8.850267E-01 -1.532257E-03
7.533192E-01 -2.128579E-03
7.533362E-01 -2.203532E-03
8.841315E-01 -1.810799E-03
7.534244E-01 -2.302699E-03
8.839119E-01 2.275041E-03
7.535911E-01 2.428332E-03
7.538811E-01 2.582468E-03
8.849310E-01 3.078254E-03
7.543223E-01 2.770236E-03
7.550021E-01 3.010691E-03
7.535911E-01 -2.428332E-03
8.839119E-01 -2.275041E-03
7.538811E-01 -2.582468E-03
7.543223E-01 -2.770236E-03
8.849310E-01 -3.078254E-03
7.550021E-01 -3.010691E-03
8.884201E-01 4.593523E-03
7.559857E-01 3.319206E-03
7.574824E-01 3.761258E-03
8.976318E-01 8.182328E-03
7.597287E-01 4.428538E-03
7.634556E-01 5.705884E-03
7.559857E-01 -3.319206E-03
8.884201E-01 -4.593523E-03
7.574824E-01 -3.761258E-03
7.597287E-01 -4.428538E-03
8.976318E-01 -8.182328E-03
7.634556E-01 -5.705884E-03
9.237072E-01 2.228826E-02
7.702721E-01 8.935829E-03
7.853643E-01 2.104007E-02
9.704953E-01 1.233837E-01
8.255375E-01 8.126051E-02
8.362120E-01 3.646494E-01
7.702721E-01 -8.935829E-03
9.237072E-01 -2.228826E-02
7.853643E-01 -2.104007E-02
8.255375E-01 -8.126051E-02
9.704953E-01 -1.233837E-01
8.362120E-01 -3.646494E-01
8.080020E-01 5.179065E-01
7.527546E-01 6.035288E-01
9.058277E-01 2.944716E-01
8.079909E-01 -3.913536E-14
9.058277E-01 -2.944716E-01
7.527546E-01 -6.035288E-01
8.080020E-01 -5.179065E-01
7.014215E-01 1.352531E-02
5.833772E-01 2.356151E-02
5.726294E-01 2.880195E-02
5.946911E-01 1.589646E-02
4.970386E-01 3.094747E-14
4.529066E-01 4.707346E-14
5.246832E-01 8.024137E-14
7.161499E-01 9.683047E-03
6.017091E-01 1.104906E-02
6.059752E-01 8.211247E-03
5.376215E-01 8.497369E-14
5.417103E-01 8.743006E-14
7.281838E-01 6.419783E-03
6.088848E-01 6.516628E-03
6.110872E-01 5.436159E-03
5.432854E-01 1.468270E-14
5.440071E-01 -7.982504E-14
7.358023E-01 4.629551E-03
6.128017E-01 4.710650E-03
6.142168E-01 4.200507E-03
5.443358E-01 -8.789150E-14
5.444977E-01 -9.017787E-14
5.833772E-01 -2.356151E-02
5.726294E-01 -2.880195E-02
5.946911E-01 -1.589646E-02
7.014215E-01 -1.352531E-02
6.017091E-01 -1.104906E-02
6.059752E-01 -8.211247E-03
7.161499E-01 -9.683047E-03
6.088848E-01 -6.516628E-03
6.110872E-01 -5.436159E-03
7.281838E-01 -6.419783E-03
6.128017E-01 -4.710650E-03
6.142168E-01 -4.200507E-03
7.358023E-01 -4.629551E-03
7.407391E-01 3.575817E-03
6.153951E-01 3.827957E-03
6.164098E-01 3.563945E-03
5.445712E-01 6.267209E-14
5.446026E-01 1.474862E-13
7.440962E-01 2.987284E-03
6.173046E-01 3.374604E-03
6.181133E-01 3.234524E-03
5.446082E-01 1.068555E-13
5.445970E-01 1.498246E-13
7.464825E-01 2.630568E-03
6.188515E-01 3.128935E-03
6.195362E-01 3.051921E-03
5.445757E-01 1.045102E-13
5.445509E-01 -8.167078E-15
7.482448E-01 2.418548E-03
6.201794E-01 2.995128E-03
6.207896E-01 2.951935E-03
5.445241E-01 -4.684100E-14
5.444947E-01 1.118688E-13
6.153951E-01 -3.827957E-03
6.164098E-01 -3.563945E-03
7.407391E-01 -3.575817E-03
6.173046E-01 -3.374604E-03
6.181133E-01 -3.234524E-03
7.440962E-01 -2.987284E-03
6.188515E-01 -3.128935E-03
6.195362E-01 -3.051921E-03
7.464825E-01 -2.630568E-03
6.201794E-01 -2.995128E-03
6.207896E-01 -2.951935E-03
7.482448E-01 -2.418548E-03
7.495790E-01 2.279928E-03
6.213718E-01 2.918756E-03
6.219313E-01 2.894453E-03
5.444642E-01 2.013528E-13
5.444346E-01 2.650380E-13
7.506081E-01 2.191577E-03
6.224721E-01 2.876766E-03
6.229974E-01 2.863629E-03
5.444057E-01 1.169811E-13
5.443773E-01 1.823541E-14
7.514101E-01 2.131611E-03
6.235091E-01 2.853872E-03
6.240091E-01 2.847339E-03
5.443499E-01 -7.372748E-14
5.443239E-01 -1.625713E-13
7.520368E-01 2.093051E-03
6.244992E-01 2.843358E-03
6.249809E-01 2.841128E-03
5.442995E-01 -9.817321E-14
5.442764E-01 8.866519E-14
6.213718E-01 -2.918756E-03
6.219313E-01 -2.894453E-03
7.495790E-01 -2.279928E-03
6.224721E-01 -2.876766E-03
6.229974E-01 -2.863629E-03
7.506081E-01 -2.191577E-03
6.235091E-01 -2.853872E-03
6.240091E-01 -2.847339E-03
7.514101E-01 -2.131611E-03
6.244992E-01 -2.843358E-03
6.249809E-01 -2.841128E-03
7.520368E-01 -2.093051E-03
7.525260E-01 2.067918E-03
6.254550E-01 2.840148E-03
6.259224E-01 2.840446E-03
5.442548E-01 1.939889E-13
5.442351E-01 2.147033E-13
7.529037E-01 2.053759E-03
6.263840E-01 2.841788E-03
6.268407E-01 2.843798E-03
5.442172E-01 2.381810E-13
5.442011E-01 1.242201E-13
7.531911E-01 2.047069E-03
6.272927E-01 2.846238E-03
6.277408E-01 2.849174E-03
5.441868E-01 -1.092702E-14
5.441746E-01 -2.126771E-14
7.534033E-01 2.046882E-03
6.281853E-01 2.852488E-03
6.286267E-01 2.855908E-03
5.441644E-01 -3.781177E-14
5.441563E-01 3.600592E-14
6.254550E-01 -2.840148E-03
6.259224E-01 -2.840446E-03
7.525260E-01 -2.067918E-03
6.263840E-01 -2.841788E-03
6.268407E-01 -2.843798E-03
7.529037E-01 -2.053759E-03
6.272927E-01 -2.846238E-03
6.277408E-01 -2.849174E-03
7.531911E-01 -2.047069E-03
6.281853E-01 -2.852488E-03
6.286267E-01 -2.855908E-03
7.534033E-01 -2.046882E-03
7.535530E-01 2.050596E-03
6.290653E-01 2.859170E-03
6.295012E-01 2.861934E-03
5.441503E-01 1.517189E-14
5.441465E-01 2.866110E-14
7.536478E-01 2.053831E-03
6.299344E-01 2.863019E-03
6.303643E-01 2.859281E-03
5.441451E-01 2.943826E-14
5.441463E-01 3.710920E-14
7.536876E-01 2.032196E-03
6.307881E-01 2.843367E-03
6.312003E-01 2.802931E-03
5.441505E-01 1.002549E-13
5.441585E-01 1.142385E-13
7.536796E-01 1.939498E-03
6.315968E-01 2.739497E-03
6.319779E-01 2.687080E-03
5.441725E-01 7.842685E-14
5.441918E-01 4.035661E-14
6.290653E-01 -2.859170E-03
6.295012E-01 -2.861934E-03
7.535530E-01 -2.050596E-03
6.299344E-01 -2.863019E-03
6.303643E-01 -2.859281E-03
7.536478E-01 -2.053831E-03
6.307881E-01 -2.843367E-03
6.312003E-01 -2.802931E-03
7.536876E-01 -2.032196E-03
6.315968E-01 -2.739497E-03
6.319779E-01 -2.687080E-03
7.536796E-01 -1.939498E-03
7.536532E-01 1.872935E-03
6.323460E-01 2.659473E-03
6.327080E-01 2.648602E-03
5.442133E-01 5.985143E-14
5.442369E-01 6.837933E-14
7.535914E-01 1.876918E-03
6.330680E-01 2.647409E-03
6.334287E-01 2.652091E-03
5.442625E-01 5.568809E-14
5.442903E-01 3.594694E-14
7.535138E-01 1.911959E-03
6.337912E-01 2.660663E-03
6.341569E-01 2.672003E-03
5.443200E-01 2.742945E-14
5.443517E-01 3.071501E-14
7.534359E-01 1.963769E-03
6.345267E-01 2.685240E-03
6.349014E-01 2.699704E-03
5.443856E-01 1.847047E-14
5.444217E-01 6.521866E-14
6.323460E-01 -2.659473E-03
6.327080E-01 -2.648602E-03
7.536532E-01 -1.872935E-03
6.330680E-01 -2.647409E-03
6.334287E-01 -2.652091E-03
7.535914E-01 -1.876918E-03
6.337912E-01 -2.660663E-03
6.341569E-01 -2.672003E-03
7.535138E-01 -1.911959E-03
6.345267E-01 -2.685240E-03
6.349014E-01 -2.699704E-03
7.534359E-01 -1.963769E-03
7.533706E-01 2.024937E-03
6.352811E-01 2.715063E-03
6.356665E-01 2.730980E-03
5.444599E-01 9.985068E-14
5.445004E-01 1.105088E-13
7.533277E-01 2.093841E-03
6.360578E-01 2.746239E-03
6.364551E-01 2.759032E-03
5.445432E-01 7.316370E-14
5.445883E-01 2.076811E-14
7.533205E-01 2.163807E-03
6.368576E-01 2.768189E-03
6.372700E-01 2.778703E-03
5.446338E-01 -8.298050E-15
5.446787E-01 -2.682750E-14
7.533709E-01 2.250234E-03
6.376939E-01 2.799867E-03
6.381275E-01 2.826742E-03
5.447225E-01 7.066396E-15
5.447681E-01 2.152098E-14
6.352811E-01 -2.715063E-03
6.356665E-01 -2.730980E-03
7.533706E-01 -2.024937E-03
6.360578E-01 -2.746239E-03
6.364551E-01 -2.759032E-03
7.533277E-01 -2.093841E-03
6.368576E-01 -2.768189E-03
6.372700E-01 -2.778703E-03
7.533205E-01 -2.163807E-03
6.376939E-01 -2.799867E-03
6.381275E-01 -2.826742E-03
7.533709E-01 -2.250234E-03
7.534961E-01 2.361325E-03
6.385720E-01 2.857384E-03
6.390299E-01 2.892374E-03
5.448149E-01 4.488077E-14
5.448632E-01 7.137693E-14
7.537183E-01 2.502902E-03
6.395036E-01 2.931087E-03
6.399952E-01 2.972656E-03
5.449136E-01 5.387184E-14
5.449665E-01 3.624184E-14
7.540794E-01 2.669431E-03
6.405044E-01 3.018464E-03
6.410347E-01 3.071319E-03
5.450199E-01 1.969952E-14
5.450744E-01 1.915135E-14
7.546273E-01 2.885514E-03
6.415904E-01 3.131066E-03
6.421759E-01 3.196237E-03
5.451315E-01 2.027892E-14
5.451915E-01 2.638167E-14
6.385720E-01 -2.857384E-03
6.390299E-01 -2.892374E-03
7.534961E-01 -2.361325E-03
6.395036E-01 -2.931087E-03
6.399952E-01 -2.972656E-03
7.537183E-01 -2.502902E-03
6.405044E-01 -3.018464E-03
6.410347E-01 -3.071319E-03
7.540794E-01 -2.669431E-03
6.415904E-01 -3.131066E-03
6.421759E-01 -3.196237E-03
7.546273E-01 -2.885514E-03
7.554484E-01 3.150017E-03
6.427899E-01 3.269185E-03
6.434397E-01 3.356588E-03
5.452504E-01 1.876017E-14
5.453101E-01 4.392320E-15
7.566567E-01 3.523935E-03
6.441338E-01 3.460948E-03
6.448831E-01 3.582193E-03
5.453720E-01 1.649288E-14
5.454373E-01 1.940462E-14
7.584847E-01 4.043185E-03
6.456867E-01 3.727575E-03
6.465669E-01 3.920815E-03
5.454970E-01 1.073447E-14
5.455584E-01 -2.206568E-15
7.613479E-01 4.946229E-03
6.475428E-01 4.187591E-03
6.486550E-01 4.577909E-03
5.456144E-01 1.218643E-14
5.456751E-01 1.594905E-14
6.427899E-01 -3.269185E-03
6.434397E-01 -3.356588E-03
7.554484E-01 -3.150017E-03
6.441338E-01 -3.460948E-03
6.448831E-01 -3.582193E-03
7.566567E-01 -3.523935E-03
6.456867E-01 -3.727575E-03
6.465669E-01 -3.920815E-03
7.584847E-01 -4.043185E-03
6.475428E-01 -4.187591E-03
6.486550E-01 -4.577909E-03
7.613479E-01 -4.946229E-03
7.662609E-01 6.826131E-03
6.499372E-01 5.202825E-03
6.515035E-01 6.369939E-03
5.457101E-01 1.594645E-14
5.457218E-01 2.174649E-14
7.761548E-01 1.267784E-02
6.535558E-01 8.773567E-03
6.567021E-01 1.414592E-02
5.456584E-01 1.172153E-14
5.454276E-01 3.969047E-15
8.009011E-01 3.905494E-02
6.624343E-01 2.689585E-02
6.743349E-01 5.877369E-02
5.446116E-01 4.014150E-15
5.416874E-01 3.844147E-15
8.503618E-01 1.808634E-01
7.021795E-01 1.423693E-01
7.326371E-01 3.609209E-01
5.330698E-01 3.747003E-15
5.359742E-01 -1.337819E-14
6.499372E-01 -5.202825E-03
6.515035E-01 -6.369939E-03
7.662609E-01 -6.826131E-03
6.535558E-01 -8.773567E-03
6.567021E-01 -1.414592E-02
7.761548E-01 -1.267784E-02
6.624343E-01 -2.689585E-02
6.743349E-01 -5.877369E-02
8.009011E-01 -3.905494E-02
7.021795E-01 -1.423693E-01
7.326371E-01 -3.609209E-01
8.503618E-01 -1.808634E-01
7.746779E-01 5.552283E-01
6.998593E-01 5.798078E-01
7.749200E-01 4.782656E-01
6.763631E-01 -5.567768E-14
6.998593E-01 -5.798078E-01
7.749200E-01 -4.782656E-01
7.746779E-01 -5.552283E-01
</DataArray>
<DataArray type="Float64" Name="v" NumberOfComponents="1" format="ascii">
1.491889E-15
1.655304E-15
-3.258472E-15
-3.133273E-15
1.675330E-15
-3.273137E-15
-4.897995E-15
-4.430016E-15
-4.950623E-15
1.683584E-15
-3.279624E-15
1.691001E-15
-3.281415E-15
-4.972499E-15
-4.977882E-15
1.695607E-15
-3.283243E-15
1.697554E-15
-3.284236E-15
-4.982538E-15
-4.984214E-15
1.697952E-15
-3.285743E-15
1.701851E-15
-3.289014E-15
-4.987183E-15
-4.995837E-15
1.707049E-15
-3.288885E-15
1.708783E-15
-3.288949E-15
-4.993569E-15
-4.992224E-15
1.712164E-15
-3.289169E-15
1.713534E-15
-3.290904E-15
-4.991153E-15
-4.994137E-15
1.717667E-15
-3.290510E-15
1.721047E-15
-3.292340E-15
-4.990403E-15
-4.993967E-15
1.723542E-15
-3.293626E-15
1.725573E-15
-3.294768E-15
-4.995527E-15
-4.996458E-15
1.726038E-15
-3.295326E-15
1.721441E-15
-3.292998E-15
-4.995268E-15
-4.985785E-15
1.645566E-15
-3.183407E-15
8.570490E-16
-1.750660E-15
-4.800366E-15
-2.524192E-15
-2.270358E-17
3.422509E-16
1.312705E-16
-3.639841E-17
1.468416E-15
-2.107400E-16
7.145307E-18
-1.481082E-17
1.182538E-17
-1.446516E-17
-6.565048E-17
-5.440510E-17
8.176135E-18
-7.838951E-18
4.356440E-18
-3.470996E-18
-2.860928E-17
-1.254928E-17
2.050764E-18
-1.385783E-18
8.948612E-19
-5.170362E-19
-5.000218E-18
-1.870000E-18
3.701983E-19
-1.831360E-19
1.470113E-19
-6.201179E-20
-6.664219E-19
-2.279797E-19
5.646593E-20
-2.010880E-20
2.107896E-20
-6.228345E-21
-7.508483E-20
-2.379914E-20
7.672187E-21
-1.827816E-21
2.728208E-21
-4.993860E-22
-7.232705E-21
-2.089690E-21
9.489106E-22
-1.220770E-22
3.229516E-22
-2.383132E-23
-5.642087E-22
-1.371219E-22
1.075153E-22
-1.833705E-24
3.497218E-23
1.515504E-24
-2.705921E-23
-2.473388E-24
1.109025E-23
1.217987E-24
3.416049E-24
6.358244E-25
1.387403E-24
1.181645E-24
1.015875E-24
2.828706E-25
2.886904E-25
1.150106E-25
6.179978E-25
2.722942E-25
7.693857E-26
4.393305E-26
1.848464E-26
1.596518E-26
1.090042E-25
4.078766E-26
3.591822E-27
5.547070E-27
3.036584E-28
1.843235E-27
1.443111E-26
4.842542E-27
-1.993834E-28
5.851456E-28
-1.610344E-28
1.816118E-28
1.541816E-27
4.807382E-28
-6.999517E-29
7.007490E-29
1.046241E-28
1.669988E-28
1.991762E-28
5.694793E-28
2.740733E-15
4.222221E-15
2.580987E-15
5.372759E-14
5.835230E-14
5.324636E-14
2.517978E-15
2.508840E-15
5.306507E-14
5.305578E-14
2.502018E-15
2.502776E-15
5.305459E-14
5.307182E-14
2.499293E-15
2.481847E-15
5.307587E-14
5.304878E-14
2.498902E-15
2.508190E-15
5.312788E-14
5.316674E-14
2.518927E-15
2.518693E-15
5.321656E-14
5.324027E-14
2.541269E-15
2.540506E-15
5.333915E-14
5.336576E-14
2.545823E-15
2.553232E-15
5.341060E-14
5.346265E-14
2.566485E-15
2.597397E-15
5.353110E-14
5.363163E-14
2.609160E-15
2.091902E-15
5.223550E-14
3.149481E-14
5.446721E-15
-8.813763E-16
1.841244E-14
-3.641294E-15
-2.567351E-16
-1.803716E-16
-9.680336E-16
-5.876577E-16
-8.999356E-17
-3.827125E-17
-2.772285E-16
-1.138404E-16
-1.488359E-17
-5.445957E-18
-4.303833E-17
-1.534161E-17
-1.899959E-18
-6.359151E-19
-5.213758E-18
-1.696957E-18
-2.045665E-19
-6.313577E-20
-5.289919E-19
-1.572388E-19
-1.858220E-20
-5.148742E-21
-4.408586E-20
-1.139163E-20
-1.307013E-21
-2.842751E-22
-2.566769E-21
-4.191320E-22
-4.122379E-23
4.444036E-24
8.689978E-24
5.133432E-23
7.420220E-24
4.331919E-24
3.224414E-23
1.523436E-23
1.996449E-24
8.185967E-25
6.316581E-24
2.410241E-24
3.107668E-25
1.109691E-25
8.620010E-25
2.904382E-25
3.743356E-26
1.188482E-26
9.176905E-26
2.674403E-26
3.523334E-27
1.014213E-27
6.958514E-27
1.666551E-27
4.652957E-28
1.924401E-27
9.586970E-28
6.277026E-27
2.533638E-13
2.677939E-13
2.518982E-13
8.597471E-13
9.048124E-13
8.552147E-13
2.513627E-13
2.513672E-13
8.535725E-13
8.536016E-13
2.514046E-13
2.514867E-13
8.537705E-13
8.540516E-13
2.515310E-13
2.515141E-13
8.542330E-13
8.543221E-13
2.518150E-13
2.519441E-13
8.553376E-13
8.556910E-13
2.521219E-13
2.522505E-13
8.562217E-13
8.567081E-13
2.526187E-13
2.527706E-13
8.579347E-13
8.585375E-13
2.529777E-13
2.532111E-13
8.593097E-13
8.601819E-13
2.534946E-13
2.538277E-13
8.612237E-13
8.623447E-13
2.467208E-13
1.456020E-13
8.377838E-13
4.921348E-13
5.704179E-14
-1.482959E-14
1.610219E-13
-5.895901E-14
-3.553809E-15
-1.897462E-15
-1.274449E-14
-6.073107E-15
-8.452803E-16
-3.343613E-16
-2.552095E-15
-9.699418E-16
-1.225874E-16
-4.245916E-17
-3.439016E-16
-1.153764E-16
-1.401140E-17
-4.415885E-18
-3.682690E-17
-1.117742E-17
-1.325661E-18
-3.757211E-19
-3.203783E-18
-8.526658E-19
-9.854775E-20
-2.282701E-20
-2.025424E-19
-3.830102E-20
-4.041383E-21
-1.330956E-22
-2.812769E-21
2.305481E-21
3.515090E-22
2.405599E-22
1.776808E-21
8.889555E-22
1.166366E-22
4.888911E-23
3.773334E-22
1.453729E-22
1.873937E-23
6.707920E-24
5.208662E-23
1.747890E-23
2.255882E-24
7.092981E-25
5.465895E-24
1.559518E-24
2.045351E-25
5.143329E-26
3.827885E-25
6.525126E-26
9.738505E-27
8.963765E-28
-3.774994E-27
-9.069263E-27
1.558610E-27
1.981277E-26
8.650191E-28
6.078341E-26
2.316494E-12
2.457363E-12
2.302250E-12
4.718684E-12
5.159367E-12
4.673262E-12
2.297005E-12
2.296872E-12
4.655917E-12
4.654053E-12
2.297325E-12
2.298079E-12
4.654565E-12
4.655956E-12
2.298596E-12
2.299087E-12
4.656872E-12
4.658363E-12
2.302203E-12
2.302939E-12
4.667070E-12
4.667672E-12
2.304243E-12
2.305728E-12
4.669908E-12
4.673512E-12
2.309436E-12
2.311416E-12
4.683578E-12
4.689090E-12
2.313924E-12
2.316818E-12
4.696269E-12
4.704934E-12
2.320337E-12
2.324126E-12
4.716000E-12
4.728686E-12
2.258313E-12
1.330590E-12
4.600337E-12
2.751363E-12
4.060599E-13
-2.279908E-13
8.690130E-13
-8.571852E-13
-4.472920E-14
-1.925442E-14
-1.538061E-13
-6.040744E-14
-7.624378E-15
-2.775507E-15
-2.251323E-14
-7.820413E-15
-9.482351E-16
-3.068341E-16
-2.562084E-15
-7.947743E-16
-9.420466E-17
-2.730972E-17
-2.327352E-16
-6.358076E-17
-7.370425E-18
-1.790941E-18
-1.574896E-17
-3.280580E-18
-3.574505E-19
-3.738547E-20
-4.204432E-19
7.867079E-20
1.415490E-20
1.297074E-20
9.383181E-20
5.096856E-20
6.740693E-21
2.902481E-21
2.228527E-20
8.677694E-21
1.124346E-21
4.031186E-22
3.110605E-21
1.036256E-21
1.348812E-22
4.189400E-23
3.189506E-22
8.831342E-23
1.179944E-23
2.816120E-24
2.029537E-23
2.663554E-24
4.325280E-25
-6.824349E-26
-8.258895E-25
-9.561090E-25
-1.053236E-25
-5.962523E-26
-5.731253E-25
-2.644979E-25
-8.022662E-27
1.818077E-25
-5.248814E-26
5.311388E-25
4.794594E-12
6.174024E-12
4.648060E-12
-1.475688E-11
-1.043698E-11
-1.523322E-11
4.589390E-12
4.577206E-12
-1.543343E-11
-1.549505E-11
4.574261E-12
4.574132E-12
-1.552210E-11
-1.553961E-11
4.573356E-12
4.575907E-12
-1.555672E-11
-1.556028E-11
4.597611E-12
4.592970E-12
-1.551521E-11
-1.555204E-11
4.592580E-12
4.597946E-12
-1.557896E-11
-1.558730E-11
4.621408E-12
4.633612E-12
-1.554747E-11
-1.553297E-11
4.651118E-12
4.674258E-12
-1.550162E-11
-1.544936E-11
4.706697E-12
4.748255E-12
-1.536157E-11
-1.522973E-11
4.655942E-12
3.037218E-12
-1.458761E-11
-7.184543E-12
1.333837E-12
-3.136255E-12
3.167126E-14
-1.117976E-11
-5.184137E-13
-1.872938E-13
-1.712655E-12
-5.729390E-13
-6.560674E-14
-2.164606E-14
-1.883106E-13
-5.866838E-14
-6.755838E-15
-1.990974E-15
-1.728328E-14
-4.770558E-15
-5.484864E-16
-1.377781E-16
-1.206327E-15
-2.642381E-16
-2.961188E-17
-4.301512E-18
-4.138814E-17
1.206328E-18
3.705696E-19
6.780851E-19
4.969799E-18
2.961819E-18
3.863268E-19
1.714063E-19
1.328917E-18
5.199039E-19
6.700093E-20
2.397044E-20
1.851004E-19
6.064467E-20
7.932452E-21
2.411248E-21
1.812005E-20
4.748121E-21
6.523257E-22
1.420361E-22
9.544167E-22
4.424578E-23
1.395200E-23
-9.164217E-24
-9.715590E-23
-7.614066E-23
-8.513503E-24
-4.917222E-24
-4.193768E-23
-2.006872E-23
-2.391040E-24
-1.008119E-24
-8.827929E-24
-3.525271E-24
-2.300397E-25
1.516762E-24
-8.644796E-25
4.233664E-24
-1.121553E-10
-9.862152E-11
-1.137090E-10
-4.234021E-10
-3.809833E-10
-4.284672E-10
-1.143896E-10
-1.146596E-10
-4.307489E-10
-4.318198E-10
-1.148048E-10
-1.149172E-10
-4.324575E-10
-4.329839E-10
-1.150221E-10
-1.150800E-10
-4.334745E-10
-4.338191E-10
-1.150218E-10
-1.152067E-10
-4.339138E-10
-4.346937E-10
-1.153710E-10
-1.154895E-10
-4.354328E-10
-4.361121E-10
-1.154894E-10
-1.155374E-10
-4.365365E-10
-4.370200E-10
-1.155325E-10
-1.154519E-10
-4.373408E-10
-4.373947E-10
-1.152384E-10
-1.148364E-10
-4.369636E-10
-4.357911E-10
-1.107390E-10
-5.977534E-11
-4.205683E-10
-2.294455E-10
-1.050803E-11
-3.886575E-11
-5.457118E-11
-1.318467E-10
-5.542221E-12
-1.725525E-12
-1.754563E-11
-5.102142E-12
-5.309543E-13
-1.550176E-13
-1.465211E-12
-3.967579E-13
-4.252109E-14
-1.072844E-14
-9.917718E-14
-2.181502E-14
-2.365470E-15
-3.859094E-16
-3.636930E-15
-9.284329E-17
-1.415671E-18
3.762857E-17
2.960035E-16
1.879575E-16
2.323302E-17
1.047693E-17
8.470892E-17
3.273333E-17
4.083246E-18
1.440665E-18
1.139365E-17
3.608105E-18
4.652089E-19
1.357938E-19
1.021705E-18
2.416493E-19
3.405943E-20
6.053673E-21
3.521858E-20
-7.239080E-21
-2.495270E-22
-9.959277E-22
-9.921372E-21
-6.161805E-21
-6.842965E-22
-3.598953E-22
-3.107092E-21
-1.414973E-21
-1.680459E-22
-7.314948E-23
-6.054842E-22
-2.480997E-22
-3.023372E-23
-1.161893E-23
-9.805735E-23
-3.656949E-23
-2.976211E-24
1.154040E-23
-9.642534E-24
3.066483E-23
-1.085151E-09
-9.521170E-10
-1.101602E-09
-1.426823E-09
-1.009207E-09
-1.479945E-09
-1.109088E-09
-1.113024E-09
-1.503876E-09
-1.517477E-09
-1.115511E-09
-1.117642E-09
-1.526455E-09
-1.534406E-09
-1.119654E-09
-1.121264E-09
-1.542102E-09
-1.548883E-09
-1.122441E-09
-1.125433E-09
-1.555387E-09
-1.566322E-09
-1.128319E-09
-1.131408E-09
-1.576776E-09
-1.589396E-09
-1.134108E-09
-1.136739E-09
-1.602200E-09
-1.614130E-09
-1.138889E-09
-1.140125E-09
-1.624745E-09
-1.632325E-09
-1.139630E-09
-1.136380E-09
-1.633853E-09
-1.625447E-09
-1.095680E-09
-5.896632E-10
-1.557336E-09
-7.487401E-10
-1.964164E-10
-4.364643E-10
-5.686081E-10
-1.408896E-09
-5.422562E-11
-1.475573E-11
-1.630476E-10
-4.151538E-11
-3.936697E-12
-9.740551E-13
-1.021787E-11
-2.256986E-12
-2.137180E-13
-3.649371E-14
-4.024486E-13
-3.242763E-14
-1.782725E-15
2.346870E-15
1.720565E-14
1.290756E-14
1.559187E-15
7.036597E-16
5.934375E-15
2.265360E-15
2.693249E-16
9.227585E-17
7.664508E-16
2.321765E-16
2.856118E-17
7.801066E-18
6.112944E-17
1.235155E-17
1.713169E-18
1.776205E-19
6.627403E-19
-1.157700E-18
-1.016114E-19
-9.624946E-20
-9.095222E-19
-4.950576E-19
-5.538899E-20
-2.692307E-20
-2.334040E-19
-1.016213E-19
-1.197439E-20
-5.034405E-21
-4.200909E-20
-1.673295E-20
-2.034342E-21
-7.975253E-22
-6.478593E-21
-2.451390E-21
-3.042710E-22
-1.106426E-22
-9.076937E-22
-3.227091E-22
-2.977553E-23
7.918870E-23
-8.815762E-23
1.978004E-22
3.658677E-09
4.971626E-09
3.488234E-09
3.527676E-08
3.941443E-08
3.473194E-08
3.413598E-09
3.368564E-09
3.450159E-08
3.435321E-08
3.337368E-09
3.308513E-09
3.424206E-08
3.413256E-08
3.279476E-09
3.251624E-09
3.401675E-08
3.389706E-08
3.221259E-09
3.181283E-09
3.375856E-08
3.360288E-08
3.144031E-09
3.094594E-09
3.346156E-08
3.326474E-08
3.039976E-09
2.989532E-09
3.303701E-08
3.282446E-08
2.942210E-09
2.904563E-09
3.261675E-08
3.243807E-08
2.887645E-09
2.906224E-09
3.232858E-08
3.234673E-08
2.876695E-09
2.289549E-09
3.157540E-08
2.134918E-08
-1.334394E-09
-4.426415E-09
-2.301748E-09
-1.348689E-08
-4.743607E-10
-1.127062E-10
-1.322937E-09
-2.912780E-10
-2.530251E-11
-4.789936E-12
-5.847395E-11
-8.701761E-12
-5.586744E-13
9.389067E-14
-2.919190E-14
7.022097E-13
1.015166E-13
4.944160E-14
3.913649E-13
1.575434E-13
1.913561E-14
6.455764E-15
5.373276E-14
1.597249E-14
1.927749E-15
4.924213E-16
3.993431E-15
6.936836E-16
9.189189E-17
2.013690E-19
-3.421191E-17
-1.136845E-16
-1.182980E-17
-8.372545E-18
-7.535098E-17
-3.833422E-17
-4.382228E-18
-2.016800E-18
-1.730785E-17
-7.284240E-18
-8.621294E-19
-3.509137E-19
-2.923926E-18
-1.133704E-18
-1.378477E-19
-5.268975E-20
-4.279308E-19
-1.580610E-19
-1.970152E-20
-7.231385E-21
-5.733175E-20
-2.046961E-20
-2.606780E-21
-9.074079E-22
-7.194660E-21
-2.452992E-21
-2.507091E-22
4.743376E-22
-6.836518E-22
1.078802E-21
1.579499E-07
1.710392E-07
1.562006E-07
5.315685E-07
5.732295E-07
5.258266E-07
1.554672E-07
1.549427E-07
5.232198E-07
5.210336E-07
1.544972E-07
1.540252E-07
5.188905E-07
5.165028E-07
1.535038E-07
1.529369E-07
5.138159E-07
5.108426E-07
1.522738E-07
1.515898E-07
5.074309E-07
5.040083E-07
1.509718E-07
1.501290E-07
5.008454E-07
4.968432E-07
1.491440E-07
1.482038E-07
4.922561E-07
4.877634E-07
1.472550E-07
1.463839E-07
4.831296E-07
4.786501E-07
1.457346E-07
1.455477E-07
4.748300E-07
4.726705E-07
1.420532E-07
9.882313E-08
4.629840E-07
3.585133E-07
-1.350371E-09
-3.959432E-08
1.095023E-08
-1.106638E-07
-3.476750E-09
-6.987680E-10
-8.306585E-09
-1.469923E-09
-1.204786E-10
-1.075322E-11
-1.948723E-10
5.909775E-12
3.638507E-12
2.808685E-12
1.742575E-11
8.555605E-12
1.218924E-12
4.258598E-13
3.073448E-12
9.026162E-13
1.266649E-13
3.094003E-14
2.065975E-13
2.326318E-14
4.857746E-15
-6.436987E-16
-1.100629E-14
-1.074815E-14
-1.078373E-15
-6.717973E-16
-6.108142E-15
-2.900370E-15
-3.324806E-16
-1.473805E-16
-1.252850E-15
-5.095586E-16
-6.111050E-17
-2.420473E-17
-1.986028E-16
-7.494587E-17
-9.267001E-18
-3.454956E-18
-2.756358E-17
-9.923775E-18
-1.260515E-18
-4.515890E-19
-3.508499E-18
-1.220763E-18
-1.592520E-19
-5.537054E-20
-4.186862E-19
-1.416860E-19
-1.897908E-20
-6.333536E-21
-4.729480E-20
-1.541448E-20
-1.776858E-21
2.277501E-21
-4.344731E-21
4.275210E-21
1.598754E-06
1.732658E-06
1.578913E-06
5.861276E-06
6.298364E-06
5.786507E-06
1.567747E-06
1.556693E-06
5.729402E-06
5.666355E-06
1.544744E-06
1.531234E-06
5.595488E-06
5.515979E-06
1.516114E-06
1.499472E-06
5.428341E-06
5.333247E-06
1.480925E-06
1.462259E-06
5.229987E-06
5.124899E-06
1.444421E-06
1.423628E-06
5.021447E-06
4.908015E-06
1.400572E-06
1.377503E-06
4.786034E-06
4.662308E-06
1.353444E-06
1.329339E-06
4.532816E-06
4.400234E-06
1.306884E-06
1.290156E-06
4.269835E-06
4.157344E-06
1.275344E-06
1.217998E-06
4.154524E-06
4.852831E-06
7.403217E-08
-2.875270E-07
3.926636E-07
-6.569760E-07
-1.638727E-08
-2.249808E-09
-1.642625E-08
4.474022E-10
-1.043829E-10
9.827850E-11
9.737875E-10
3.988317E-10
5.453156E-11
1.927550E-11
1.082786E-10
1.602575E-11
5.149803E-12
8.671219E-13
-4.028326E-12
-5.016526E-12
-9.920935E-14
-1.868328E-13
-2.988428E-12
-1.441303E-12
-1.185360E-13
-5.903609E-14
-6.247172E-13
-2.533862E-13
-2.618866E-14
-1.082869E-14
-9.813922E-14
-3.672193E-14
-4.266001E-15
-1.621116E-15
-1.337241E-14
-4.762113E-15
-5.988067E-16
-2.160935E-16
-1.663914E-15
-5.717303E-16
-7.645300E-17
-2.658328E-17
-1.934848E-16
-6.455310E-17
-9.099756E-18
-3.070184E-18
-2.124309E-17
-6.895725E-18
-1.021701E-18
-3.354520E-19
-2.207264E-18
-6.961358E-19
-1.085943E-19
-3.439522E-20
-2.160070E-19
-6.561111E-20
-9.715927E-21
6.391942E-21
-1.847623E-20
4.402824E-21
3.320382E-05
3.466460E-05
3.288969E-05
2.292176E-04
2.342750E-04
2.277432E-04
3.256885E-05
3.219691E-05
2.258816E-04
2.236938E-04
3.177664E-05
3.131193E-05
2.212426E-04
2.185732E-04
3.080797E-05
3.026902E-05
2.157198E-04
2.127067E-04
2.969518E-05
2.910570E-05
2.095434E-04
2.062768E-04
2.851288E-05
2.788687E-05
2.029454E-04
1.995002E-04
2.722841E-05
2.655561E-05
1.959267E-04
1.922619E-04
2.585170E-05
2.512242E-05
1.884342E-04
1.844442E-04
2.438182E-05
2.368559E-05
1.803159E-04
1.762217E-04
2.355698E-05
2.568721E-05
1.734956E-04
1.582601E-04
2.223797E-06
-1.099581E-06
1.420022E-05
2.876660E-07
7.220767E-08
2.452463E-08
6.968780E-07
1.604978E-07
5.982049E-09
9.832670E-10
2.881634E-08
2.210363E-09
-5.441620E-11
-1.491683E-10
-1.388270E-09
-1.048952E-09
-9.184195E-11
-4.349321E-11
-5.038756E-10
-2.060917E-10
-1.826577E-11
-7.143427E-12
-7.727357E-11
-2.736641E-11
-2.662081E-12
-9.575083E-13
-9.290573E-12
-3.047818E-12
-3.350367E-13
-1.146339E-13
-9.704171E-13
-3.004961E-13
-3.848790E-14
-1.271045E-14
-9.051706E-14
-2.648273E-14
-4.135260E-15
-1.326617E-15
-7.497417E-15
-2.039413E-15
-4.197909E-16
-1.309978E-16
-5.260759E-16
-1.253576E-16
-4.027828E-17
-1.218338E-17
-2.591928E-17
-3.720516E-18
-3.616179E-18
-1.049141E-18
2.500860E-19
5.237117E-19
-2.959240E-19
-8.087032E-20
3.002583E-19
1.317913E-19
-2.210786E-20
-1.515826E-20
4.183483E-20
-7.982436E-20
2.409221E-03
2.428705E-03
2.398723E-03
9.178915E-02
9.197489E-02
9.145228E-02
2.383601E-03
2.366279E-03
9.094271E-02
9.037587E-02
2.347483E-03
2.327577E-03
8.977957E-02
8.916402E-02
2.306772E-03
2.285188E-03
8.853355E-02
8.788966E-02
2.262875E-03
2.239873E-03
8.723195E-02
8.656426E-02
2.216259E-03
2.192047E-03
8.589793E-02
8.521813E-02
2.167073E-03
2.141304E-03
8.451260E-02
8.377220E-02
2.114367E-03
2.086140E-03
8.298551E-02
8.214025E-02
2.056703E-03
2.027074E-03
8.121865E-02
8.018294E-02
1.983104E-03
1.516132E-03
7.820605E-02
5.675483E-02
5.023982E-04
2.250966E-04
1.684165E-02
-1.951943E-04
4.413097E-05
1.223110E-05
-8.752671E-05
-2.084175E-05
3.338780E-06
8.887000E-07
-4.723716E-06
-1.018985E-06
2.296978E-07
5.727932E-08
-2.046593E-07
-3.629511E-08
1.363486E-08
3.039712E-09
-4.860868E-09
-1.073844E-10
6.102820E-10
9.941206E-11
2.285257E-10
1.012546E-10
7.549856E-12
-3.351089E-12
2.647549E-11
2.980998E-12
-2.312286E-12
-9.579530E-13
-1.504079E-12
-1.334594E-12
-3.251194E-13
-9.585266E-14
-6.715822E-13
-2.700477E-13
-2.433697E-14
-4.847820E-15
-9.339188E-14
-2.817473E-14
-4.103636E-16
2.683574E-16
-7.226985E-15
-1.409921E-15
2.157143E-16
1.084879E-16
-9.488460E-17
8.913333E-17
4.590524E-17
1.760412E-17
6.279933E-17
2.803050E-17
6.299526E-18
2.120325E-18
1.007895E-17
3.052138E-18
6.260944E-19
-3.137135E-19
8.151043E-19
9.367630E-19
1.462197E-03
6.144750E-02
-1.951943E-04
1.684165E-02
2.204280E-04
4.406160E-05
-8.752671E-05
-2.084175E-05
8.495458E-06
1.545551E-06
-4.723716E-06
-1.018985E-06
2.667074E-07
4.711640E-08
-2.046593E-07
-3.629511E-08
1.044325E-08
3.283526E-09
-4.860868E-09
-1.073844E-10
1.213076E-09
4.311452E-10
2.285257E-10
1.012546E-10
1.355474E-10
3.588258E-11
2.647549E-11
2.980998E-12
7.221449E-12
6.325500E-13
-1.504079E-12
-1.334594E-12
-3.107715E-13
-2.143244E-13
-6.715822E-13
-2.700477E-13
-7.841266E-14
-1.747952E-14
-9.339188E-14
-2.817473E-14
3.647391E-16
2.965943E-15
-7.226985E-15
-1.409921E-15
2.041230E-15
1.006245E-15
-9.488460E-17
8.913333E-17
4.160976E-16
1.508420E-16
6.279933E-17
2.803050E-17
4.829713E-17
1.356627E-17
1.007895E-17
3.052138E-18
3.883422E-18
8.829970E-18
8.151043E-19
9.367630E-19
9.197489E-02
9.178915E-02
2.409221E-03
2.428705E-03
9.145228E-02
2.398723E-03
2.292176E-04
2.342750E-04
2.277432E-04
9.094271E-02
2.383601E-03
9.037587E-02
2.366279E-03
2.258816E-04
2.236938E-04
8.977957E-02
2.347483E-03
8.916402E-02
2.327577E-03
2.212426E-04
2.185732E-04
8.853355E-02
2.306772E-03
8.788966E-02
2.285188E-03
2.157198E-04
2.127067E-04
8.723195E-02
2.262875E-03
8.656426E-02
2.239873E-03
2.095434E-04
2.062768E-04
8.589793E-02
2.216259E-03
8.521813E-02
2.192047E-03
2.029454E-04
1.995002E-04
8.451260E-02
2.167073E-03
8.377220E-02
2.141304E-03
1.959267E-04
1.922619E-04
8.298551E-02
2.114367E-03
8.214025E-02
2.086140E-03
1.884342E-04
1.844442E-04
8.121865E-02
2.056703E-03
8.018294E-02
2.027074E-03
1.803159E-04
1.762217E-04
7.820605E-02
1.983104E-03
5.675483E-02
1.516132E-03
1.734956E-04
1.582601E-04
5.023982E-04
2.250966E-04
1.420022E-05
2.876660E-07
4.413097E-05
1.223110E-05
6.968780E-07
1.604978E-07
3.338780E-06
8.887000E-07
2.881634E-08
2.210363E-09
2.296978E-07
5.727932E-08
-1.388270E-09
-1.048952E-09
1.363486E-08
3.039712E-09
-5.038756E-10
-2.060917E-10
6.102820E-10
9.941206E-11
-7.727357E-11
-2.736641E-11
7.549856E-12
-3.351089E-12
-9.290573E-12
-3.047818E-12
-2.312286E-12
-9.579530E-13
-9.704171E-13
-3.004961E-13
-3.251194E-13
-9.585266E-14
-9.051706E-14
-2.648273E-14
-2.433697E-14
-4.847820E-15
-7.497417E-15
-2.039413E-15
-4.103636E-16
2.683574E-16
-5.260759E-16
-1.253576E-16
2.157143E-16
1.084879E-16
-2.591928E-17
-3.720516E-18
4.590524E-17
1.760412E-17
2.500860E-19
5.237117E-19
6.299526E-18
2.120325E-18
3.002583E-19
1.317913E-19
6.260944E-19
-3.137135E-19
4.183483E-20
-7.982436E-20
3.320382E-05
3.466460E-05
3.288969E-05
5.861276E-06
6.298364E-06
5.786507E-06
3.256885E-05
3.219691E-05
5.729402E-06
5.666355E-06
3.177664E-05
3.131193E-05
5.595488E-06
5.515979E-06
3.080797E-05
3.026902E-05
5.428341E-06
5.333247E-06
2.969518E-05
2.910570E-05
5.229987E-06
5.124899E-06
2.851288E-05
2.788687E-05
5.021447E-06
4.908015E-06
2.722841E-05
2.655561E-05
4.786034E-06
4.662308E-06
2.585170E-05
2.512242E-05
4.532816E-06
4.400234E-06
2.438182E-05
2.368559E-05
4.269835E-06
4.157344E-06
2.355698E-05
2.568721E-05
4.154524E-06
4.852831E-06
2.223797E-06
-1.099581E-06
3.926636E-07
-6.569760E-07
7.220767E-08
2.452463E-08
-1.642625E-08
4.474022E-10
5.982049E-09
9.832670E-10
9.737875E-10
3.988317E-10
-5.441620E-11
-1.491683E-10
1.082786E-10
1.602575E-11
-9.184195E-11
-4.349321E-11
-4.028326E-12
-5.016526E-12
-1.826577E-11
-7.143427E-12
-2.988428E-12
-1.441303E-12
-2.662081E-12
-9.575083E-13
-6.247172E-13
-2.533862E-13
-3.350367E-13
-1.146339E-13
-9.813922E-14
-3.672193E-14
-3.848790E-14
-1.271045E-14
-1.337241E-14
-4.762113E-15
-4.135260E-15
-1.326617E-15
-1.663914E-15
-5.717303E-16
-4.197909E-16
-1.309978E-16
-1.934848E-16
-6.455310E-17
-4.027828E-17
-1.218338E-17
-2.124309E-17
-6.895725E-18
-3.616179E-18
-1.049141E-18
-2.207264E-18
-6.961358E-19
-2.959240E-19
-8.087032E-20
-2.160070E-19
-6.561111E-20
-2.210786E-20
-1.515826E-20
-1.847623E-20
4.402824E-21
1.598754E-06
1.732658E-06
1.578913E-06
5.315685E-07
5.732295E-07
5.258266E-07
1.567747E-06
1.556693E-06
5.232198E-07
5.210336E-07
1.544744E-06
1.531234E-06
5.188905E-07
5.165028E-07
1.516114E-06
1.499472E-06
5.138159E-07
5.108426E-07
1.480925E-06
1.462259E-06
5.074309E-07
5.040083E-07
1.444421E-06
1.423628E-06
5.008454E-07
4.968432E-07
1.400572E-06
1.377503E-06
4.922561E-07
4.877634E-07
1.353444E-06
1.329339E-06
4.831296E-07
4.786501E-07
1.306884E-06
1.290156E-06
4.748300E-07
4.726705E-07
1.275344E-06
1.217998E-06
4.629840E-07
3.585133E-07
7.403217E-08
-2.875270E-07
1.095023E-08
-1.106638E-07
-1.638727E-08
-2.249808E-09
-8.306585E-09
-1.469923E-09
-1.043829E-10
9.827850E-11
-1.948723E-10
5.909775E-12
5.453156E-11
1.927550E-11
1.742575E-11
8.555605E-12
5.149803E-12
8.671219E-13
3.073448E-12
9.026162E-13
-9.920935E-14
-1.868328E-13
2.065975E-13
2.326318E-14
-1.185360E-13
-5.903609E-14
-1.100629E-14
-1.074815E-14
-2.618866E-14
-1.082869E-14
-6.108142E-15
-2.900370E-15
-4.266001E-15
-1.621116E-15
-1.252850E-15
-5.095586E-16
-5.988067E-16
-2.160935E-16
-1.986028E-16
-7.494587E-17
-7.645300E-17
-2.658328E-17
-2.756358E-17
-9.923775E-18
-9.099756E-18
-3.070184E-18
-3.508499E-18
-1.220763E-18
-1.021701E-18
-3.354520E-19
-4.186862E-19
-1.416860E-19
-1.085943E-19
-3.439522E-20
-4.729480E-20
-1.541448E-20
-9.715927E-21
6.391942E-21
-4.344731E-21
4.275210E-21
1.579499E-07
1.710392E-07
1.562006E-07
3.527676E-08
3.941443E-08
3.473194E-08
1.554672E-07
1.549427E-07
3.450159E-08
3.435321E-08
1.544972E-07
1.540252E-07
3.424206E-08
3.413256E-08
1.535038E-07
1.529369E-07
3.401675E-08
3.389706E-08
1.522738E-07
1.515898E-07
3.375856E-08
3.360288E-08
1.509718E-07
1.501290E-07
3.346156E-08
3.326474E-08
1.491440E-07
1.482038E-07
3.303701E-08
3.282446E-08
1.472550E-07
1.463839E-07
3.261675E-08
3.243807E-08
1.457346E-07
1.455477E-07
3.232858E-08
3.234673E-08
1.420532E-07
9.882313E-08
3.157540E-08
2.134918E-08
-1.350371E-09
-3.959432E-08
-2.301748E-09
-1.348689E-08
-3.476750E-09
-6.987680E-10
-1.322937E-09
-2.912780E-10
-1.204786E-10
-1.075322E-11
-5.847395E-11
-8.701761E-12
3.638507E-12
2.808685E-12
-2.919190E-14
7.022097E-13
1.218924E-12
4.258598E-13
3.913649E-13
1.575434E-13
1.266649E-13
3.094003E-14
5.373276E-14
1.597249E-14
4.857746E-15
-6.436987E-16
3.993431E-15
6.936836E-16
-1.078373E-15
-6.717973E-16
-3.421191E-17
-1.136845E-16
-3.324806E-16
-1.473805E-16
-7.535098E-17
-3.833422E-17
-6.111050E-17
-2.420473E-17
-1.730785E-17
-7.284240E-18
-9.267001E-18
-3.454956E-18
-2.923926E-18
-1.133704E-18
-1.260515E-18
-4.515890E-19
-4.279308E-19
-1.580610E-19
-1.592520E-19
-5.537054E-20
-5.733175E-20
-2.046961E-20
-1.897908E-20
-6.333536E-21
-7.194660E-21
-2.452992E-21
-1.776858E-21
2.277501E-21
-6.836518E-22
1.078802E-21
3.658677E-09
4.971626E-09
3.488234E-09
-1.426823E-09
-1.009207E-09
-1.479945E-09
3.413598E-09
3.368564E-09
-1.503876E-09
-1.517477E-09
3.337368E-09
3.308513E-09
-1.526455E-09
-1.534406E-09
3.279476E-09
3.251624E-09
-1.542102E-09
-1.548883E-09
3.221259E-09
3.181283E-09
-1.555387E-09
-1.566322E-09
3.144031E-09
3.094594E-09
-1.576776E-09
-1.589396E-09
3.039976E-09
2.989532E-09
-1.602200E-09
-1.614130E-09
2.942210E-09
2.904563E-09
-1.624745E-09
-1.632325E-09
2.887645E-09
2.906224E-09
-1.633853E-09
-1.625447E-09
2.876695E-09
2.289549E-09
-1.557336E-09
-7.487401E-10
-1.334394E-09
-4.426415E-09
-5.686081E-10
-1.408896E-09
-4.743607E-10
-1.127062E-10
-1.630476E-10
-4.151538E-11
-2.530251E-11
-4.789936E-12
-1.021787E-11
-2.256986E-12
-5.586744E-13
9.389067E-14
-4.024486E-13
-3.242763E-14
1.015166E-13
4.944160E-14
1.720565E-14
1.290756E-14
1.913561E-14
6.455764E-15
5.934375E-15
2.265360E-15
1.927749E-15
4.924213E-16
7.664508E-16
2.321765E-16
9.189189E-17
2.013690E-19
6.112944E-17
1.235155E-17
-1.182980E-17
-8.372545E-18
6.627403E-19
-1.157700E-18
-4.382228E-18
-2.016800E-18
-9.095222E-19
-4.950576E-19
-8.621294E-19
-3.509137E-19
-2.334040E-19
-1.016213E-19
-1.378477E-19
-5.268975E-20
-4.200909E-20
-1.673295E-20
-1.970152E-20
-7.231385E-21
-6.478593E-21
-2.451390E-21
-2.606780E-21
-9.074079E-22
-9.076937E-22
-3.227091E-22
-2.507091E-22
4.743376E-22
-8.815762E-23
1.978004E-22
-1.085151E-09
-9.521170E-10
-1.101602E-09
-4.234021E-10
-3.809833E-10
-4.284672E-10
-1.109088E-09
-1.113024E-09
-4.307489E-10
-4.318198E-10
-1.115511E-09
-1.117642E-09
-4.324575E-10
-4.329839E-10
-1.119654E-09
-1.121264E-09
-4.334745E-10
-4.338191E-10
-1.122441E-09
-1.125433E-09
-4.339138E-10
-4.346937E-10
-1.128319E-09
-1.131408E-09
-4.354328E-10
-4.361121E-10
-1.134108E-09
-1.136739E-09
-4.365365E-10
-4.370200E-10
-1.138889E-09
-1.140125E-09
-4.373408E-10
-4.373947E-10
-1.139630E-09
-1.136380E-09
-4.369636E-10
-4.357911E-10
-1.095680E-09
-5.896632E-10
-4.205683E-10
-2.294455E-10
-1.964164E-10
-4.364643E-10
-5.457118E-11
-1.318467E-10
-5.422562E-11
-1.475573E-11
-1.754563E-11
-5.102142E-12
-3.936697E-12
-9.740551E-13
-1.465211E-12
-3.967579E-13
-2.137180E-13
-3.649371E-14
-9.917718E-14
-2.181502E-14
-1.782725E-15
2.346870E-15
-3.636930E-15
-9.284329E-17
1.559187E-15
7.036597E-16
2.960035E-16
1.879575E-16
2.693249E-16
9.227585E-17
8.470892E-17
3.273333E-17
2.856118E-17
7.801066E-18
1.139365E-17
3.608105E-18
1.713169E-18
1.776205E-19
1.021705E-18
2.416493E-19
-1.016114E-19
-9.624946E-20
3.521858E-20
-7.239080E-21
-5.538899E-20
-2.692307E-20
-9.921372E-21
-6.161805E-21
-1.197439E-20
-5.034405E-21
-3.107092E-21
-1.414973E-21
-2.034342E-21
-7.975253E-22
-6.054842E-22
-2.480997E-22
-3.042710E-22
-1.106426E-22
-9.805735E-23
-3.656949E-23
-2.977553E-23
7.918870E-23
-9.642534E-24
3.066483E-23
-1.121553E-10
-9.862152E-11
-1.137090E-10
-1.475688E-11
-1.043698E-11
-1.523322E-11
-1.143896E-10
-1.146596E-10
-1.543343E-11
-1.549505E-11
-1.148048E-10
-1.149172E-10
-1.552210E-11
-1.553961E-11
-1.150221E-10
-1.150800E-10
-1.555672E-11
-1.556028E-11
-1.150218E-10
-1.152067E-10
-1.551521E-11
-1.555204E-11
-1.153710E-10
-1.154895E-10
-1.557896E-11
-1.558730E-11
-1.154894E-10
-1.155374E-10
-1.554747E-11
-1.553297E-11
-1.155325E-10
-1.154519E-10
-1.550162E-11
-1.544936E-11
-1.152384E-10
-1.148364E-10
-1.536157E-11
-1.522973E-11
-1.107390E-10
-5.977534E-11
-1.458761E-11
-7.184543E-12
-1.050803E-11
-3.886575E-11
3.167126E-14
-1.117976E-11
-5.542221E-12
-1.725525E-12
-1.712655E-12
-5.729390E-13
-5.309543E-13
-1.550176E-13
-1.883106E-13
-5.866838E-14
-4.252109E-14
-1.072844E-14
-1.728328E-14
-4.770558E-15
-2.365470E-15
-3.859094E-16
-1.206327E-15
-2.642381E-16
-1.415671E-18
3.762857E-17
-4.138814E-17
1.206328E-18
2.323302E-17
1.047693E-17
4.969799E-18
2.961819E-18
4.083246E-18
1.440665E-18
1.328917E-18
5.199039E-19
4.652089E-19
1.357938E-19
1.851004E-19
6.064467E-20
3.405943E-20
6.053673E-21
1.812005E-20
4.748121E-21
-2.495270E-22
-9.959277E-22
9.544167E-22
4.424578E-23
-6.842965E-22
-3.598953E-22
-9.715590E-23
-7.614066E-23
-1.680459E-22
-7.314948E-23
-4.193768E-23
-2.006872E-23
-3.023372E-23
-1.161893E-23
-8.827929E-24
-3.525271E-24
-2.976211E-24
1.154040E-23
-8.644796E-25
4.233664E-24
4.794594E-12
6.174024E-12
4.648060E-12
4.718684E-12
5.159367E-12
4.673262E-12
4.589390E-12
4.577206E-12
4.655917E-12
4.654053E-12
4.574261E-12
4.574132E-12
4.654565E-12
4.655956E-12
4.573356E-12
4.575907E-12
4.656872E-12
4.658363E-12
4.597611E-12
4.592970E-12
4.667070E-12
4.667672E-12
4.592580E-12
4.597946E-12
4.669908E-12
4.673512E-12
4.621408E-12
4.633612E-12
4.683578E-12
4.689090E-12
4.651118E-12
4.674258E-12
4.696269E-12
4.704934E-12
4.706697E-12
4.748255E-12
4.716000E-12
4.728686E-12
4.655942E-12
3.037218E-12
4.600337E-12
2.751363E-12
1.333837E-12
-3.136255E-12
8.690130E-13
-8.571852E-13
-5.184137E-13
-1.872938E-13
-1.538061E-13
-6.040744E-14
-6.560674E-14
-2.164606E-14
-2.251323E-14
-7.820413E-15
-6.755838E-15
-1.990974E-15
-2.562084E-15
-7.947743E-16
-5.484864E-16
-1.377781E-16
-2.327352E-16
-6.358076E-17
-2.961188E-17
-4.301512E-18
-1.574896E-17
-3.280580E-18
3.705696E-19
6.780851E-19
-4.204432E-19
7.867079E-20
3.863268E-19
1.714063E-19
9.383181E-20
5.096856E-20
6.700093E-20
2.397044E-20
2.228527E-20
8.677694E-21
7.932452E-21
2.411248E-21
3.110605E-21
1.036256E-21
6.523257E-22
1.420361E-22
3.189506E-22
8.831342E-23
1.395200E-23
-9.164217E-24
2.029537E-23
2.663554E-24
-8.513503E-24
-4.917222E-24
-8.258895E-25
-9.561090E-25
-2.391040E-24
-1.008119E-24
-5.731253E-25
-2.644979E-25
-2.300397E-25
1.516762E-24
-5.248814E-26
5.311388E-25
2.316494E-12
2.457363E-12
2.302250E-12
8.597471E-13
9.048124E-13
8.552147E-13
2.297005E-12
2.296872E-12
8.535725E-13
8.536016E-13
2.297325E-12
2.298079E-12
8.537705E-13
8.540516E-13
2.298596E-12
2.299087E-12
8.542330E-13
8.543221E-13
2.302203E-12
2.302939E-12
8.553376E-13
8.556910E-13
2.304243E-12
2.305728E-12
8.562217E-13
8.567081E-13
2.309436E-12
2.311416E-12
8.579347E-13
8.585375E-13
2.313924E-12
2.316818E-12
8.593097E-13
8.601819E-13
2.320337E-12
2.324126E-12
8.612237E-13
8.623447E-13
2.258313E-12
1.330590E-12
8.377838E-13
4.921348E-13
4.060599E-13
-2.279908E-13
1.610219E-13
-5.895901E-14
-4.472920E-14
-1.925442E-14
-1.274449E-14
-6.073107E-15
-7.624378E-15
-2.775507E-15
-2.552095E-15
-9.699418E-16
-9.482351E-16
-3.068341E-16
-3.439016E-16
-1.153764E-16
-9.420466E-17
-2.730972E-17
-3.682690E-17
-1.117742E-17
-7.370425E-18
-1.790941E-18
-3.203783E-18
-8.526658E-19
-3.574505E-19
-3.738547E-20
-2.025424E-19
-3.830102E-20
1.415490E-20
1.297074E-20
-2.812769E-21
2.305481E-21
6.740693E-21
2.902481E-21
1.776808E-21
8.889555E-22
1.124346E-21
4.031186E-22
3.773334E-22
1.453729E-22
1.348812E-22
4.189400E-23
5.208662E-23
1.747890E-23
1.179944E-23
2.816120E-24
5.465895E-24
1.559518E-24
4.325280E-25
-6.824349E-26
3.827885E-25
6.525126E-26
-1.053236E-25
-5.962523E-26
-3.774994E-27
-9.069263E-27
-8.022662E-27
1.818077E-25
8.650191E-28
6.078341E-26
2.533638E-13
2.677939E-13
2.518982E-13
5.372759E-14
5.835230E-14
5.324636E-14
2.513627E-13
2.513672E-13
5.306507E-14
5.305578E-14
2.514046E-13
2.514867E-13
5.305459E-14
5.307182E-14
2.515310E-13
2.515141E-13
5.307587E-14
5.304878E-14
2.518150E-13
2.519441E-13
5.312788E-14
5.316674E-14
2.521219E-13
2.522505E-13
5.321656E-14
5.324027E-14
2.526187E-13
2.527706E-13
5.333915E-14
5.336576E-14
2.529777E-13
2.532111E-13
5.341060E-14
5.346265E-14
2.534946E-13
2.538277E-13
5.353110E-14
5.363163E-14
2.467208E-13
1.456020E-13
5.223550E-14
3.149481E-14
5.704179E-14
-1.482959E-14
1.841244E-14
-3.641294E-15
-3.553809E-15
-1.897462E-15
-9.680336E-16
-5.876577E-16
-8.452803E-16
-3.343613E-16
-2.772285E-16
-1.138404E-16
-1.225874E-16
-4.245916E-17
-4.303833E-17
-1.534161E-17
-1.401140E-17
-4.415885E-18
-5.213758E-18
-1.696957E-18
-1.325661E-18
-3.757211E-19
-5.289919E-19
-1.572388E-19
-9.854775E-20
-2.282701E-20
-4.408586E-20
-1.139163E-20
-4.041383E-21
-1.330956E-22
-2.566769E-21
-4.191320E-22
3.515090E-22
2.405599E-22
8.689978E-24
5.133432E-23
1.166366E-22
4.888911E-23
3.224414E-23
1.523436E-23
1.873937E-23
6.707920E-24
6.316581E-24
2.410241E-24
2.255882E-24
7.092981E-25
8.620010E-25
2.904382E-25
2.045351E-25
5.143329E-26
9.176905E-26
2.674403E-26
9.738505E-27
8.963765E-28
6.958514E-27
1.666551E-27
1.558610E-27
1.981277E-26
9.586970E-28
6.277026E-27
2.740733E-15
4.222221E-15
2.580987E-15
-4.897995E-15
-4.430016E-15
-4.950623E-15
2.517978E-15
2.508840E-15
-4.972499E-15
-4.977882E-15
2.502018E-15
2.502776E-15
-4.982538E-15
-4.984214E-15
2.499293E-15
2.481847E-15
-4.987183E-15
-4.995837E-15
2.498902E-15
2.508190E-15
-4.993569E-15
-4.992224E-15
2.518927E-15
2.518693E-15
-4.991153E-15
-4.994137E-15
2.541269E-15
2.540506E-15
-4.990403E-15
-4.993967E-15
2.545823E-15
2.553232E-15
-4.995527E-15
-4.996458E-15
2.566485E-15
2.597397E-15
-4.995268E-15
-4.985785E-15
2.609160E-15
2.091902E-15
-4.800366E-15
-2.524192E-15
5.446721E-15
-8.813763E-16
1.468416E-15
-2.107400E-16
-2.567351E-16
-1.803716E-16
-6.565048E-17
-5.440510E-17
-8.999356E-17
-3.827125E-17
-2.860928E-17
-1.254928E-17
-1.488359E-17
-5.445957E-18
-5.000218E-18
-1.870000E-18
-1.899959E-18
-6.359151E-19
-6.664219E-19
-2.279797E-19
-2.045665E-19
-6.313577E-20
-7.508483E-20
-2.379914E-20
-1.858220E-20
-5.148742E-21
-7.232705E-21
-2.089690E-21
-1.307013E-21
-2.842751E-22
-5.642087E-22
-1.371219E-22
-4.122379E-23
4.444036E-24
-2.705921E-23
-2.473388E-24
7.420220E-24
4.331919E-24
1.387403E-24
1.181645E-24
1.996449E-24
8.185967E-25
6.179978E-25
2.722942E-25
3.107668E-25
1.109691E-25
1.090042E-25
4.078766E-26
3.743356E-26
1.188482E-26
1.443111E-26
4.842542E-27
3.523334E-27
1.014213E-27
1.541816E-27
4.807382E-28
4.652957E-28
1.924401E-27
1.991762E-28
5.694793E-28
-3.258472E-15
-3.133273E-15
-3.273137E-15
1.655304E-15
1.491889E-15
1.675330E-15
-3.279624E-15
-3.281415E-15
1.683584E-15
1.691001E-15
-3.283243E-15
-3.284236E-15
1.695607E-15
1.697554E-15
-3.285743E-15
-3.289014E-15
1.697952E-15
1.701851E-15
-3.288885E-15
-3.288949E-15
1.707049E-15
1.708783E-15
-3.289169E-15
-3.290904E-15
1.712164E-15
1.713534E-15
-3.290510E-15
-3.292340E-15
1.717667E-15
1.721047E-15
-3.293626E-15
-3.294768E-15
1.723542E-15
1.725573E-15
-3.295326E-15
-3.292998E-15
1.726038E-15
1.721441E-15
-3.183407E-15
-1.750660E-15
1.645566E-15
8.570490E-16
3.422509E-16
-3.639841E-17
-2.270358E-17
1.312705E-16
-1.481082E-17
-1.446516E-17
7.145307E-18
1.182538E-17
-7.838951E-18
-3.470996E-18
8.176135E-18
4.356440E-18
-1.385783E-18
-5.170362E-19
2.050764E-18
8.948612E-19
-1.831360E-19
-6.201179E-20
3.701983E-19
1.470113E-19
-2.010880E-20
-6.228345E-21
5.646593E-20
2.107896E-20
-1.827816E-21
-4.993860E-22
7.672187E-21
2.728208E-21
-1.220770E-22
-2.383132E-23
9.489106E-22
3.229516E-22
-1.833705E-24
1.515504E-24
1.075153E-22
3.497218E-23
1.217987E-24
6.358244E-25
1.109025E-23
3.416049E-24
2.828706E-25
1.150106E-25
1.015875E-24
2.886904E-25
4.393305E-26
1.596518E-26
7.693857E-26
1.848464E-26
5.547070E-27
1.843235E-27
3.591822E-27
3.036584E-28
5.851456E-28
1.816118E-28
-1.993834E-28
-1.610344E-28
7.007490E-29
1.669988E-28
-6.999517E-29
1.046241E-28
9.180990E-02
4.107779E-01
4.116480E-01
4.107515E-01
9.164999E-02
4.102045E-01
4.093038E-01
4.116480E-01
4.107779E-01
9.180990E-02
4.107515E-01
4.102045E-01
9.164999E-02
4.093038E-01
9.120648E-02
4.082174E-01
4.070276E-01
9.066372E-02
4.057576E-01
4.044244E-01
4.082174E-01
9.120648E-02
4.070276E-01
4.057576E-01
9.066372E-02
4.044244E-01
9.008051E-02
4.030400E-01
4.016129E-01
8.947384E-02
4.001491E-01
3.986529E-01
4.030400E-01
9.008051E-02
4.016129E-01
4.001491E-01
8.947384E-02
3.986529E-01
8.885051E-02
3.971273E-01
3.955745E-01
8.821327E-02
3.939960E-01
3.923929E-01
3.971273E-01
8.885051E-02
3.955745E-01
3.939960E-01
8.821327E-02
3.923929E-01
8.756261E-02
3.907660E-01
3.891160E-01
8.689841E-02
3.874561E-01
3.858693E-01
3.907660E-01
8.756261E-02
3.891160E-01
3.874561E-01
8.689841E-02
3.858693E-01
8.623152E-02
3.843312E-01
3.827756E-01
8.556056E-02
3.811871E-01
3.795607E-01
3.843312E-01
8.623152E-02
3.827756E-01
3.811871E-01
8.556056E-02
3.795607E-01
8.486918E-02
3.778924E-01
3.761782E-01
8.414751E-02
3.744129E-01
3.725867E-01
3.778924E-01
8.486918E-02
3.761782E-01
3.744129E-01
8.414751E-02
3.725867E-01
8.338545E-02
3.706940E-01
3.687276E-01
8.257191E-02
3.666796E-01
3.645406E-01
3.706940E-01
8.338545E-02
3.687276E-01
3.666796E-01
8.257191E-02
3.645406E-01
8.169424E-02
3.622997E-01
3.599433E-01
8.073801E-02
3.574549E-01
3.548039E-01
3.622997E-01
8.169424E-02
3.599433E-01
3.574549E-01
8.073801E-02
3.548039E-01
7.961480E-02
3.518668E-01
3.476340E-01
7.310460E-02
3.360366E-01
2.844875E-01
3.518668E-01
7.961480E-02
3.476340E-01
3.360366E-01
7.310460E-02
2.844875E-01
3.429845E-02
1.507809E-01
4.384742E-02
3.105588E-01
4.384742E-02
1.507809E-01
3.429845E-02
4.108555E-01
7.646056E-01
7.688774E-01
7.648851E-01
1.002454E+00
1.002215E+00
1.002442E+00
4.108127E-01
7.653067E-01
7.652213E-01
1.002423E+00
1.002424E+00
4.105354E-01
7.648232E-01
7.642037E-01
1.002437E+00
1.002457E+00
4.097850E-01
7.634256E-01
7.625310E-01
1.002482E+00
1.002511E+00
7.646056E-01
7.688774E-01
7.648851E-01
4.108555E-01
7.653067E-01
7.652213E-01
4.108127E-01
7.648232E-01
7.642037E-01
4.105354E-01
7.634256E-01
7.625310E-01
4.097850E-01
4.087767E-01
7.615474E-01
7.604951E-01
1.002543E+00
1.002578E+00
4.076338E-01
7.593856E-01
7.582260E-01
1.002614E+00
1.002652E+00
4.064016E-01
7.570224E-01
7.557791E-01
1.002691E+00
1.002731E+00
4.050980E-01
7.544999E-01
7.531882E-01
1.002772E+00
1.002813E+00
7.615474E-01
7.604951E-01
4.087767E-01
7.593856E-01
7.582260E-01
4.076338E-01
7.570224E-01
7.557791E-01
4.064016E-01
7.544999E-01
7.531882E-01
4.050980E-01
4.037380E-01
7.518466E-01
7.504770E-01
1.002855E+00
1.002897E+00
4.023313E-01
7.490814E-01
7.476613E-01
1.002939E+00
1.002982E+00
4.008853E-01
7.462181E-01
7.447528E-01
1.003024E+00
1.003067E+00
3.994048E-01
7.432664E-01
7.417599E-01
1.003109E+00
1.003151E+00
7.518466E-01
7.504770E-01
4.037380E-01
7.490814E-01
7.476613E-01
4.023313E-01
7.462181E-01
7.447528E-01
4.008853E-01
7.432664E-01
7.417599E-01
3.994048E-01
3.978936E-01
7.402339E-01
7.386892E-01
1.003193E+00
1.003235E+00
3.963541E-01
7.371262E-01
7.355456E-01
1.003276E+00
1.003316E+00
3.947884E-01
7.339477E-01
7.323330E-01
1.003355E+00
1.003394E+00
3.931975E-01
7.307017E-01
7.290541E-01
1.003432E+00
1.003469E+00
7.402339E-01
7.386892E-01
3.978936E-01
7.371262E-01
7.355456E-01
3.963541E-01
7.339477E-01
7.323330E-01
3.947884E-01
7.307017E-01
7.290541E-01
3.931975E-01
3.915824E-01
7.273905E-01
7.257109E-01
1.003504E+00
1.003538E+00
3.899436E-01
7.240156E-01
7.223049E-01
1.003571E+00
1.003603E+00
3.882836E-01
7.205799E-01
7.188492E-01
1.003632E+00
1.003660E+00
3.866503E-01
7.171714E-01
7.155666E-01
1.003685E+00
1.003706E+00
7.273905E-01
7.257109E-01
3.915824E-01
7.240156E-01
7.223049E-01
3.899436E-01
7.205799E-01
7.188492E-01
3.882836E-01
7.171714E-01
7.155666E-01
3.866503E-01
3.851004E-01
7.139667E-01
7.123573E-01
1.003724E+00
1.003740E+00
3.835569E-01
7.107344E-01
7.090955E-01
1.003753E+00
1.003762E+00
3.819858E-01
7.074376E-01
7.057586E-01
1.003769E+00
1.003771E+00
3.803789E-01
7.040575E-01
7.023335E-01
1.003770E+00
1.003764E+00
7.139667E-01
7.123573E-01
3.851004E-01
7.107344E-01
7.090955E-01
3.835569E-01
7.074376E-01
7.057586E-01
3.819858E-01
7.040575E-01
7.023335E-01
3.803789E-01
3.787320E-01
7.005860E-01
6.988145E-01
1.003753E+00
1.003737E+00
3.770415E-01
6.970190E-01
6.952001E-01
1.003715E+00
1.003686E+00
3.753023E-01
6.933604E-01
6.915008E-01
1.003650E+00
1.003632E+00
3.735078E-01
6.896077E-01
6.876831E-01
1.003673E+00
1.003715E+00
7.005860E-01
6.988145E-01
3.787320E-01
6.970190E-01
6.952001E-01
3.770415E-01
6.933604E-01
6.915008E-01
3.753023E-01
6.896077E-01
6.876831E-01
3.735078E-01
3.716491E-01
6.857255E-01
6.837335E-01
1.003756E+00
1.003799E+00
3.697204E-01
6.817051E-01
6.796388E-01
1.003842E+00
1.003886E+00
3.677144E-01
6.775323E-01
6.753834E-01
1.003930E+00
1.003975E+00
3.656220E-01
6.731900E-01
6.709495E-01
1.004022E+00
1.004068E+00
6.857255E-01
6.837335E-01
3.716491E-01
6.817051E-01
6.796388E-01
3.697204E-01
6.775323E-01
6.753834E-01
3.677144E-01
6.731900E-01
6.709495E-01
3.656220E-01
3.634338E-01
6.686590E-01
6.663152E-01
1.004116E+00
1.004165E+00
3.611367E-01
6.639147E-01
6.614539E-01
1.004215E+00
1.004266E+00
3.587174E-01
6.589281E-01
6.563312E-01
1.004318E+00
1.004372E+00
3.561526E-01
6.536573E-01
6.508966E-01
1.004426E+00
1.004483E+00
6.686590E-01
6.663152E-01
3.634338E-01
6.639147E-01
6.614539E-01
3.611367E-01
6.589281E-01
6.563312E-01
3.587174E-01
6.536573E-01
6.508966E-01
3.561526E-01
3.533962E-01
6.480312E-01
6.450198E-01
1.004541E+00
1.004602E+00
3.500805E-01
6.417634E-01
6.379933E-01
1.004666E+00
1.004735E+00
3.435579E-01
6.330718E-01
6.254374E-01
1.004818E+00
1.004926E+00
3.197302E-01
6.099679E-01
5.575274E-01
1.005152E+00
1.008271E+00
6.480312E-01
6.450198E-01
3.533962E-01
6.417634E-01
6.379933E-01
3.500805E-01
6.330718E-01
6.254374E-01
3.435579E-01
6.099679E-01
5.575274E-01
3.197302E-01
2.233561E-01
4.232692E-01
2.535060E-01
5.891953E-01
4.232692E-01
2.535060E-01
2.233561E-01
</DataArray>
<DataArray type="Float64" Name="strain" NumberOfComponents="3" format="ascii">
4.269971E-02 -1.973571E-02 1.403932E-07
4.209324E-02 -1.870753E-02 2.919328E-07
4.209433E-02 -1.870662E-02 -5.667718E-06
4.269852E-02 -1.973181E-02 3.361591E-07
4.147907E-02 -1.768365E-02 6.163110E-07
4.148330E-02 -1.768610E-02 -4.244130E-06
4.209699E-02 -1.870325E-02 -1.325704E-05
4.269455E-02 -1.971927E-02 5.676786E-07
4.149531E-02 -1.769289E-02 -1.185653E-05
4.086087E-02 -1.666318E-02 1.046507E-06
4.086881E-02 -1.666912E-02 4.052604E-06
4.023455E-02 -1.564698E-02 1.570365E-06
4.024642E-02 -1.565628E-02 1.857383E-05
4.089185E-02 -1.668645E-02 3.705964E-06
4.028119E-02 -1.568377E-02 3.215229E-05
3.959714E-02 -1.463713E-02 2.174901E-06
3.961282E-02 -1.464942E-02 3.836446E-05
3.894690E-02 -1.363656E-02 2.844756E-06
3.896599E-02 -1.365131E-02 6.222049E-05
3.965902E-02 -1.468602E-02 7.156729E-05
3.902242E-02 -1.369538E-02 1.195100E-04
3.828334E-02 -1.264868E-02 3.563533E-06
3.830518E-02 -1.266520E-02 8.880372E-05
3.760704E-02 -1.167694E-02 4.315908E-06
3.763084E-02 -1.169451E-02 1.167721E-04
3.836995E-02 -1.271471E-02 1.732410E-04
3.770155E-02 -1.174725E-02 2.299866E-04
3.691939E-02 -1.072448E-02 5.089680E-06
3.694426E-02 -1.074237E-02 1.448927E-04
3.622229E-02 -9.793843E-03 5.877184E-06
3.624737E-02 -9.811385E-03 1.721178E-04
3.701829E-02 -1.079613E-02 2.871754E-04
3.632207E-02 -9.864112E-03 3.426032E-04
3.551786E-02 -8.886747E-03 6.675733E-06
3.554232E-02 -8.903349E-03 1.976160E-04
3.480817E-02 -8.004009E-03 7.487079E-06
3.483132E-02 -8.019184E-03 2.207672E-04
3.561522E-02 -8.953239E-03 3.945094E-04
3.490028E-02 -8.064746E-03 4.415761E-04
3.409514E-02 -7.145561E-03 8.316041E-06
3.411641E-02 -7.158928E-03 2.411328E-04
3.338048E-02 -6.310567E-03 9.168571E-06
3.339944E-02 -6.321850E-03 2.584158E-04
3.417971E-02 -7.199002E-03 4.828747E-04
3.345582E-02 -6.355597E-03 5.177891E-04
3.266567E-02 -5.497594E-03 1.004940E-05
3.268207E-02 -5.506613E-03 2.724209E-04
3.195211E-02 -4.704828E-03 1.095936E-05
3.196580E-02 -4.711488E-03 2.830173E-04
3.273069E-02 -5.533495E-03 5.459339E-04
3.200625E-02 -4.731226E-03 5.670753E-04
3.124117E-02 -3.930284E-03 1.189223E-05
3.125210E-02 -3.934557E-03 2.901025E-04
3.053435E-02 -3.172011E-03 1.283103E-05
3.054257E-02 -3.173923E-03 2.935615E-04
3.128428E-02 -3.947087E-03 5.810504E-04
3.056660E-02 -3.179333E-03 5.876765E-04
2.983346E-02 -2.428282E-03 1.374394E-05
2.983905E-02 -2.427890E-03 2.932208E-04
2.914084E-02 -1.697776E-03 1.458011E-05
2.914391E-02 -1.695151E-03 2.887974E-04
2.985521E-02 -2.426369E-03 5.866484E-04
2.915254E-02 -1.686935E-03 5.774288E-04
2.845958E-02 -9.797605E-04 1.526660E-05
2.846025E-02 -9.749845E-04 2.798563E-04
2.779384E-02 -2.743057E-04 1.570805E-05
2.779226E-02 -2.674652E-04 2.657904E-04
2.846179E-02 -9.603299E-04 5.591558E-04
2.778724E-02 -2.466548E-04 5.306021E-04
2.714912E-02 4.174924E-04 1.579142E-05
2.714552E-02 4.262871E-04 2.458499E-04
2.653251E-02 1.093283E-03 1.539798E-05
2.652721E-02 1.103869E-03 2.192434E-04
2.713466E-02 4.528984E-04 4.902350E-04
2.651158E-02 1.135763E-03 4.364307E-04
2.595269E-02 1.749283E-03 1.442361E-05
2.594619E-02 1.761404E-03 1.853247E-04
2.541971E-02 2.380228E-03 1.280520E-05
2.541270E-02 2.393496E-03 1.438523E-04
2.592736E-02 1.797780E-03 3.678706E-04
2.539283E-02 2.433147E-03 2.840895E-04
2.494434E-02 2.979529E-03 1.054676E-05
2.493771E-02 2.993396E-03 9.526047E-05
2.453709E-02 3.539694E-03 7.735125E-06
2.453185E-02 3.553467E-03 4.084531E-05
2.491949E-02 3.034651E-03 1.860434E-04
2.451827E-02 3.594228E-03 7.648029E-05
2.420698E-02 4.052984E-03 4.536366E-06
2.420412E-02 4.065878E-03 -1.723471E-05
2.396037E-02 4.512219E-03 1.170583E-06
2.396075E-02 4.523442E-03 -7.618327E-05
2.419808E-02 4.103794E-03 -4.009752E-05
2.396461E-02 4.556173E-03 -1.579459E-04
2.380016E-02 4.911549E-03 -2.127325E-06
2.380433E-02 4.920398E-03 -1.329577E-04
2.372539E-02 5.247049E-03 -5.147170E-06
2.373358E-02 5.252991E-03 -1.846978E-04
2.381958E-02 4.945898E-03 -2.709160E-04
2.376067E-02 5.269733E-03 -3.733270E-04
2.373152E-02 5.517049E-03 -7.730969E-06
2.374358E-02 5.519763E-03 -2.290648E-04
2.381092E-02 5.722191E-03 -9.783500E-06
2.382641E-02 5.721587E-03 -2.644269E-04
2.378194E-02 5.526869E-03 -4.606207E-04
2.387461E-02 5.718846E-03 -5.296913E-04
2.395365E-02 5.865277E-03 -1.126857E-05
2.397191E-02 5.861475E-03 -2.899001E-04
2.414831E-02 5.950974E-03 -1.219730E-05
2.416855E-02 5.944277E-03 -3.052914E-04
2.402792E-02 5.849305E-03 -5.789322E-04
2.422995E-02 5.923618E-03 -6.081013E-04
2.438278E-02 5.985435E-03 -1.261421E-05
2.440413E-02 5.976283E-03 -3.109914E-04
2.464488E-02 5.975880E-03 -1.258442E-05
2.466651E-02 5.964802E-03 -3.078454E-04
2.446841E-02 5.948472E-03 -6.180960E-04
2.473121E-02 5.931423E-03 -6.106895E-04
2.492294E-02 5.930164E-03 -1.218336E-05
2.494411E-02 5.917726E-03 -2.970175E-04
2.520628E-02 5.856365E-03 -1.148876E-05
2.522634E-02 5.843122E-03 -2.798559E-04
2.500704E-02 5.880463E-03 -5.882576E-04
2.528570E-02 5.803611E-03 -5.535090E-04
2.548543E-02 5.762408E-03 -1.057484E-05
2.550392E-02 5.748863E-03 -2.577668E-04
2.575239E-02 5.655755E-03 -9.508216E-06
2.576900E-02 5.642328E-03 -2.321043E-04
2.555838E-02 5.708578E-03 -5.092374E-04
2.581771E-02 5.602494E-03 -4.581091E-04
2.600066E-02 5.543175E-03 -8.345377E-06
2.601523E-02 5.530188E-03 -2.040852E-04
2.622513E-02 5.430596E-03 -7.131461E-06
2.623767E-02 5.418262E-03 -1.747304E-04
2.605780E-02 5.491730E-03 -4.025018E-04
2.627414E-02 5.381792E-03 -3.443978E-04
2.642204E-02 5.323033E-03 -5.900136E-06
2.643265E-02 5.311462E-03 -1.448349E-04
2.658871E-02 5.224577E-03 -4.674417E-06
2.659762E-02 5.213787E-03 -1.149636E-04
2.646340E-02 5.277287E-03 -2.853324E-04
2.662330E-02 5.181941E-03 -2.263903E-04
2.672339E-02 5.138431E-03 -3.468927E-06
2.673088E-02 5.128358E-03 -8.547150E-05
2.682505E-02 5.066949E-03 -2.298292E-06
2.683145E-02 5.057470E-03 -5.657072E-05
2.675236E-02 5.098645E-03 -1.682467E-04
2.684975E-02 5.029503E-03 -1.112925E-04
2.689344E-02 5.011571E-03 -1.229840E-06
2.689908E-02 5.002533E-03 -2.861480E-05
2.693002E-02 4.972028E-03 -9.442694E-07
2.693472E-02 4.963208E-03 -3.651337E-06
2.691531E-02 4.975766E-03 -5.617239E-05
2.695018E-02 4.937037E-03 -7.065673E-06
4.209995E-02 -1.869558E-02 -2.435322E-05
4.268626E-02 -1.969586E-02 6.487125E-07
4.151379E-02 -1.770254E-02 -2.568151E-05
4.210102E-02 -1.868072E-02 -4.038137E-05
4.267130E-02 -1.965808E-02 5.082906E-07
4.153649E-02 -1.771260E-02 -4.832882E-05
4.092863E-02 -1.671400E-02 -4.722186E-06
4.033747E-02 -1.572864E-02 3.664281E-05
4.097671E-02 -1.674977E-02 -2.478923E-05
4.041270E-02 -1.578935E-02 2.783842E-05
3.973441E-02 -1.474647E-02 9.553872E-05
3.911507E-02 -1.376868E-02 1.682379E-04
3.983649E-02 -1.482977E-02 1.057695E-04
3.924170E-02 -1.387085E-02 2.039720E-04
3.847679E-02 -1.279748E-02 2.504862E-04
3.781865E-02 -1.183572E-02 3.379049E-04
3.862390E-02 -1.291374E-02 3.165597E-04
3.798085E-02 -1.196069E-02 4.373239E-04
3.714124E-02 -1.088653E-02 4.263704E-04
3.644639E-02 -9.952879E-03 5.122966E-04
3.731235E-02 -1.101469E-02 5.602792E-04
3.662000E-02 -1.007899E-02 6.801089E-04
3.573672E-02 -9.037254E-03 5.927862E-04
3.501529E-02 -8.141424E-03 6.656586E-04
3.590677E-02 -9.156688E-03 7.924448E-04
3.517647E-02 -8.250343E-03 8.939711E-04
3.428530E-02 -7.266343E-03 7.293880E-04
3.354983E-02 -6.412177E-03 7.829943E-04
3.443333E-02 -7.361804E-03 9.823856E-04
3.368162E-02 -6.492130E-03 1.056269E-03
3.281175E-02 -5.578424E-03 8.259150E-04
3.207365E-02 -4.764070E-03 8.578717E-04
3.292533E-02 -5.641631E-03 1.114905E-03
3.216805E-02 -4.809984E-03 1.158062E-03
3.133786E-02 -3.967775E-03 8.787253E-04
3.060658E-02 -3.188050E-03 8.883132E-04
3.141286E-02 -3.996374E-03 1.185759E-03
3.066249E-02 -3.199661E-03 1.197988E-03
2.988204E-02 -2.423450E-03 8.862679E-04
2.916679E-02 -1.672784E-03 8.718309E-04
2.991945E-02 -2.418587E-03 1.194423E-03
2.918647E-02 -1.652022E-03 1.174132E-03
2.846414E-02 -9.353683E-04 8.436975E-04
2.777854E-02 -2.113418E-04 7.999495E-04
2.846697E-02 -8.992865E-04 1.135337E-03
2.776570E-02 -1.605555E-04 1.075318E-03
2.711614E-02 4.979797E-04 7.381561E-04
2.648507E-02 1.189739E-03 6.557292E-04
2.708932E-02 5.626711E-04 9.905624E-04
2.644695E-02 1.267085E-03 8.773093E-04
2.589558E-02 1.859267E-03 5.505867E-04
2.535952E-02 2.500040E-03 4.220658E-04
2.585019E-02 1.947217E-03 7.325785E-04
2.531248E-02 2.595430E-03 5.555763E-04
2.488933E-02 3.104025E-03 2.718485E-04
2.449639E-02 3.662436E-03 1.045134E-04
2.484757E-02 3.202447E-03 3.490778E-04
2.446744E-02 3.758456E-03 1.201306E-04
2.418937E-02 4.166800E-03 -7.263633E-05
2.397295E-02 4.610029E-03 -2.505238E-04
2.418017E-02 4.254525E-03 -1.204375E-04
2.398871E-02 4.683859E-03 -3.596636E-04
2.384726E-02 4.987234E-03 -4.197016E-04
2.380818E-02 5.296116E-03 -5.717006E-04
2.389077E-02 5.042559E-03 -5.845897E-04
2.387962E-02 5.329780E-03 -7.840935E-04
2.384808E-02 5.536981E-03 -6.999472E-04
2.395682E-02 5.712507E-03 -8.001556E-04
2.394529E-02 5.547474E-03 -9.499578E-04
2.407576E-02 5.699923E-03 -1.077191E-03
2.412266E-02 5.827363E-03 -8.703105E-04
2.433314E-02 5.887774E-03 -9.104111E-04
2.425809E-02 5.793218E-03 -1.163850E-03
2.447919E-02 5.834719E-03 -1.210602E-03
2.457579E-02 5.901050E-03 -9.221040E-04
2.483876E-02 5.875117E-03 -9.082719E-04
2.472653E-02 5.832525E-03 -1.220191E-03
2.498865E-02 5.794986E-03 -1.196852E-03
2.511121E-02 5.818081E-03 -8.726140E-04
2.538361E-02 5.737848E-03 -8.192421E-04
2.525548E-02 5.730272E-03 -1.145744E-03
2.551850E-02 5.646047E-03 -1.072414E-03
2.564793E-02 5.641826E-03 -7.523183E-04
2.589761E-02 5.536714E-03 -6.757564E-04
2.577078E-02 5.549240E-03 -9.823381E-04
2.600686E-02 5.445922E-03 -8.805629E-04
2.612752E-02 5.428383E-03 -5.930025E-04
2.633380E-02 5.321826E-03 -5.069000E-04
2.622261E-02 5.341268E-03 -7.714579E-04
2.641506E-02 5.239572E-03 -6.585770E-04
2.651369E-02 5.221162E-03 -4.196304E-04
2.666531E-02 5.129680E-03 -3.327210E-04
2.658213E-02 5.144305E-03 -5.446128E-04
2.672250E-02 5.058186E-03 -4.314281E-04
2.678752E-02 5.049901E-03 -2.471119E-04
2.687974E-02 4.983625E-03 -1.633452E-04
2.683544E-02 4.983257E-03 -3.201564E-04
2.692069E-02 4.920934E-03 -2.114548E-04
2.694200E-02 4.931880E-03 -8.237380E-05
2.697547E-02 4.894204E-03 -1.032339E-05
2.697846E-02 4.871976E-03 -1.065386E-04
2.700997E-02 4.835824E-03 -1.331988E-05
4.209738E-02 -1.865486E-02 -6.234136E-05
4.264667E-02 -1.960150E-02 9.463659E-08
4.156035E-02 -1.771977E-02 -8.176124E-05
4.208570E-02 -1.861363E-02 -9.070479E-05
4.260899E-02 -1.952119E-02 -6.238183E-07
4.158163E-02 -1.772000E-02 -1.271076E-04
4.103266E-02 -1.679090E-02 -5.935504E-05
4.050316E-02 -1.586359E-02 2.123634E-06
4.109211E-02 -1.683369E-02 -1.103529E-04
4.060395E-02 -1.594812E-02 -4.329361E-05
3.996151E-02 -1.493432E-02 9.812996E-05
3.939882E-02 -1.400108E-02 2.224049E-04
4.010430E-02 -1.505759E-02 6.905493E-05
3.958147E-02 -1.415781E-02 2.194456E-04
3.880836E-02 -1.306354E-02 3.673705E-04
3.818597E-02 -1.212298E-02 5.247595E-04
3.902582E-02 -1.324642E-02 3.986893E-04
3.843059E-02 -1.232320E-02 5.963000E-04
3.753020E-02 -1.118203E-02 6.863404E-04
3.684217E-02 -1.024420E-02 8.445876E-04
3.779243E-02 -1.139005E-02 8.013861E-04
3.711152E-02 -1.045055E-02 1.003611E-03
3.612514E-02 -9.313332E-03 9.931756E-04
3.538388E-02 -8.393100E-03 1.127244E-03
3.639125E-02 -9.509416E-03 1.194030E-03
3.563750E-02 -8.571771E-03 1.365651E-03
3.462403E-02 -7.486631E-03 1.243439E-03
3.385145E-02 -6.596275E-03 1.339790E-03
3.485770E-02 -7.642510E-03 1.513671E-03
3.405976E-02 -6.725801E-03 1.635392E-03
3.307168E-02 -5.723520E-03 1.415452E-03
3.228963E-02 -4.869006E-03 1.470381E-03
3.325129E-02 -5.824764E-03 1.729876E-03
3.243888E-02 -4.941339E-03 1.797432E-03
3.150941E-02 -4.032619E-03 1.504934E-03
3.073436E-02 -3.213656E-03 1.519439E-03
3.162788E-02 -4.076315E-03 1.838994E-03
3.082244E-02 -3.229496E-03 1.855455E-03
2.996737E-02 -2.411057E-03 1.513750E-03
2.921134E-02 -1.623722E-03 1.486812E-03
3.002584E-02 -2.400006E-03 1.847010E-03
2.924114E-02 -1.586713E-03 1.812545E-03
2.846984E-02 -8.509329E-04 1.436328E-03
2.774798E-02 -9.289134E-05 1.358602E-03
2.847212E-02 -7.887933E-04 1.749153E-03
2.772438E-02 -6.454948E-06 1.651918E-03
2.705323E-02 6.486433E-04 1.248763E-03
2.639613E-02 1.369696E-03 1.101571E-03
2.700653E-02 7.581832E-04 1.514209E-03
2.633110E-02 1.500179E-03 1.328858E-03
2.579026E-02 2.063612E-03 9.129604E-04
2.525134E-02 2.721115E-03 6.821525E-04
2.571458E-02 2.211148E-03 1.090473E-03
2.517582E-02 2.879467E-03 7.985884E-04
2.479492E-02 3.331175E-03 4.136343E-04
2.443346E-02 3.882657E-03 1.179248E-04
2.473261E-02 3.491725E-03 4.604267E-04
2.439759E-02 4.035223E-03 9.149358E-05
2.417385E-02 4.366227E-03 -1.895827E-04
2.401633E-02 4.775790E-03 -4.913531E-04
2.417536E-02 4.500525E-03 -2.868556E-04
2.406202E-02 4.882947E-03 -6.517925E-04
2.395513E-02 5.109044E-03 -7.707763E-04
2.398001E-02 5.367246E-03 -1.014406E-03
2.404703E-02 5.182640E-03 -9.831387E-04
2.411578E-02 5.403746E-03 -1.265769E-03
2.407803E-02 5.554573E-03 -1.212977E-03
2.423502E-02 5.677390E-03 -1.361472E-03
2.425189E-02 5.553296E-03 -1.490257E-03
2.443884E-02 5.640187E-03 -1.652464E-03
2.443667E-02 5.743558E-03 -1.458667E-03
2.466933E-02 5.761780E-03 -1.506456E-03
2.466104E-02 5.674319E-03 -1.752698E-03
2.490460E-02 5.665835E-03 -1.794733E-03
2.492064E-02 5.741020E-03 -1.509101E-03
2.517987E-02 5.689998E-03 -1.472470E-03
2.515768E-02 5.624494E-03 -1.784817E-03
2.541074E-02 5.559201E-03 -1.730705E-03
2.543805E-02 5.616806E-03 -1.403306E-03
2.568805E-02 5.528668E-03 -1.308581E-03
2.565638E-02 5.477717E-03 -1.640792E-03
2.588919E-02 5.386551E-03 -1.523391E-03
2.592435E-02 5.431815E-03 -1.194975E-03
2.614285E-02 5.331482E-03 -1.068495E-03
2.610537E-02 5.290987E-03 -1.386197E-03
2.630237E-02 5.195215E-03 -1.235936E-03
2.634064E-02 5.231959E-03 -9.342348E-04
2.651574E-02 5.136689E-03 -7.962653E-04
2.647862E-02 5.102482E-03 -1.078179E-03
2.663321E-02 5.015265E-03 -9.172903E-04
2.666688E-02 5.048371E-03 -6.576245E-04
2.679336E-02 4.969058E-03 -5.203839E-04
2.676572E-02 4.935411E-03 -7.564683E-04
2.687607E-02 4.864257E-03 -5.978581E-04
2.689491E-02 4.900239E-03 -3.857868E-04
2.697158E-02 4.842901E-03 -2.545548E-04
2.696445E-02 4.802710E-03 -4.427242E-04
2.703122E-02 4.751308E-03 -2.917997E-04
2.702382E-02 4.797497E-03 -1.281147E-04
2.705286E-02 4.763370E-03 -1.598061E-05
2.707703E-02 4.710189E-03 -1.466762E-04
2.710314E-02 4.678613E-03 -1.825103E-05
4.206244E-02 -1.855241E-02 -1.253450E-04
4.255481E-02 -1.941224E-02 -1.656215E-06
4.159615E-02 -1.770880E-02 -1.845094E-04
4.202415E-02 -1.846678E-02 -1.655229E-04
4.248099E-02 -1.927027E-02 -2.988430E-06
4.159958E-02 -1.768144E-02 -2.530354E-04
4.114996E-02 -1.687370E-02 -1.785557E-04
4.070905E-02 -1.603877E-02 -1.100934E-04
4.120063E-02 -1.690592E-02 -2.633788E-04
4.081155E-02 -1.613042E-02 -1.985255E-04
4.025826E-02 -1.519598E-02 1.583755E-05
3.978293E-02 -1.433839E-02 1.914543E-04
4.041535E-02 -1.534465E-02 -6.296866E-05
3.999458E-02 -1.453880E-02 1.356451E-04
3.927005E-02 -1.346101E-02 4.062623E-04
3.870951E-02 -1.256138E-02 6.475661E-04
3.953257E-02 -1.370456E-02 3.861094E-04
3.901512E-02 -1.283638E-02 6.738132E-04
3.809518E-02 -1.164001E-02 9.014522E-04
3.742558E-02 -1.070019E-02 1.154088E-03
3.843234E-02 -1.193241E-02 9.816450E-04
3.778013E-02 -1.099499E-02 1.291612E-03
3.670388E-02 -9.747514E-03 1.393059E-03
3.593708E-02 -8.788915E-03 1.608451E-03
3.706070E-02 -1.003035E-02 1.586850E-03
3.628193E-02 -9.047575E-03 1.853496E-03
3.513473E-02 -7.831660E-03 1.793440E-03
3.430736E-02 -6.882398E-03 1.944328E-03
3.545569E-02 -8.056972E-03 2.081908E-03
3.459557E-02 -7.068490E-03 2.266956E-03
3.346511E-02 -5.946466E-03 2.060093E-03
3.261671E-02 -5.027515E-03 2.141590E-03
3.371481E-02 -6.090408E-03 2.407441E-03
3.282481E-02 -5.128611E-03 2.504935E-03
3.176907E-02 -4.127463E-03 2.190606E-03
3.092727E-02 -3.246695E-03 2.208867E-03
3.193439E-02 -4.186433E-03 2.562365E-03
3.104981E-02 -3.264938E-03 2.582596E-03
3.009503E-02 -2.384487E-03 2.197103E-03
2.927563E-02 -1.539580E-03 2.154202E-03
3.017538E-02 -2.363510E-03 2.567126E-03
2.931457E-02 -1.480648E-03 2.514931E-03
2.847306E-02 -7.109470E-04 2.076532E-03
2.769356E-02 1.012263E-04 1.957599E-03
2.847164E-02 -6.149936E-04 2.421490E-03
2.765372E-02 2.333354E-04 2.278240E-03
2.694734E-02 8.943229E-04 1.788434E-03
2.624983E-02 1.662001E-03 1.559301E-03
2.687320E-02 1.061027E-03 2.073037E-03
2.614967E-02 1.859699E-03 1.792638E-03
2.562161E-02 2.393360E-03 1.263178E-03
2.508580E-02 3.073446E-03 9.004999E-04
2.550955E-02 2.614766E-03 1.428056E-03
2.498173E-02 3.306571E-03 9.817498E-04
2.466282E-02 3.685719E-03 4.829063E-04
2.436461E-02 4.215852E-03 3.312072E-05
2.458926E-02 3.914612E-03 4.725338E-04
2.434161E-02 4.423284E-03 -6.647801E-05
2.419167E-02 4.655017E-03 -4.198070E-04
2.413405E-02 5.001082E-03 -8.472061E-04
2.423236E-02 4.825745E-03 -5.966380E-04
2.424308E-02 5.124100E-03 -1.083429E-03
2.417500E-02 5.257785E-03 -1.225865E-03
2.429477E-02 5.433062E-03 -1.540082E-03
2.434941E-02 5.327086E-03 -1.501884E-03
2.452592E-02 5.447390E-03 -1.837408E-03
2.447326E-02 5.537426E-03 -1.781499E-03
2.469171E-02 5.582684E-03 -1.947997E-03
2.474893E-02 5.499574E-03 -2.084315E-03
2.499788E-02 5.498574E-03 -2.243854E-03
2.493365E-02 5.580907E-03 -2.042362E-03
2.518542E-02 5.543592E-03 -2.070959E-03
2.525615E-02 5.458541E-03 -2.322325E-03
2.551115E-02 5.391984E-03 -2.329350E-03
2.543636E-02 5.481042E-03 -2.042455E-03
2.567866E-02 5.401996E-03 -1.966665E-03
2.575420E-02 5.309261E-03 -2.276323E-03
2.597991E-02 5.218428E-03 -2.175118E-03
2.590699E-02 5.313513E-03 -1.853586E-03
2.611801E-02 5.221057E-03 -1.712671E-03
2.618545E-02 5.125381E-03 -2.037117E-03
2.636983E-02 5.034186E-03 -1.872580E-03
2.630984E-02 5.128707E-03 -1.552351E-03
2.648161E-02 5.039420E-03 -1.379768E-03
2.653319E-02 4.947480E-03 -1.690295E-03
2.667634E-02 4.866862E-03 -1.497472E-03
2.663311E-02 4.955290E-03 -1.200686E-03
2.676449E-02 4.877762E-03 -1.019520E-03
2.680036E-02 4.793214E-03 -1.299767E-03
2.690638E-02 4.726952E-03 -1.101411E-03
2.687615E-02 4.807808E-03 -8.394450E-04
2.696858E-02 4.746042E-03 -6.625458E-04
2.699549E-02 4.668199E-03 -9.053792E-04
2.706871E-02 4.616888E-03 -7.135818E-04
2.704239E-02 4.692799E-03 -4.900251E-04
2.709822E-02 4.648179E-03 -3.225817E-04
2.712696E-02 4.572824E-03 -5.270895E-04
2.717114E-02 4.535714E-03 -3.465313E-04
2.713691E-02 4.612028E-03 -1.619253E-04
2.715966E-02 4.583547E-03 -2.009579E-05
2.720217E-02 4.505145E-03 -1.736908E-04
2.722121E-02 4.480301E-03 -2.149741E-05
4.196778E-02 -1.835289E-02 -2.099449E-04
4.238495E-02 -1.909193E-02 -4.584474E-06
4.158783E-02 -1.763345E-02 -3.306977E-04
4.189098E-02 -1.820793E-02 -2.568959E-04
4.226499E-02 -1.887524E-02 -6.390343E-06
4.155749E-02 -1.756100E-02 -4.145896E-04
4.123854E-02 -1.692515E-02 -3.627645E-04
4.090408E-02 -1.621724E-02 -3.071054E-04
4.125866E-02 -1.692643E-02 -4.731939E-04
4.097949E-02 -1.629316E-02 -4.323847E-04
4.056643E-02 -1.549755E-02 -1.670569E-04
4.020588E-02 -1.475330E-02 5.068660E-05
4.070185E-02 -1.564766E-02 -2.938359E-04
4.040470E-02 -1.497446E-02 -6.250863E-05
3.980220E-02 -1.397240E-02 3.350786E-04
3.933667E-02 -1.314519E-02 6.702632E-04
4.006494E-02 -1.425743E-02 2.517146E-04
3.965956E-02 -1.348199E-02 6.327761E-04
3.879470E-02 -1.226625E-02 1.036129E-03
3.816831E-02 -1.133589E-02 1.410100E-03
3.916874E-02 -1.263789E-02 1.058344E-03
3.857939E-02 -1.172199E-02 1.501462E-03
3.745761E-02 -1.036046E-02 1.769908E-03
3.667062E-02 -9.351225E-03 2.096544E-03
3.788780E-02 -1.073956E-02 1.933909E-03
3.710043E-02 -9.703649E-03 2.330344E-03
3.582125E-02 -8.322209E-03 2.376452E-03
3.492643E-02 -7.287567E-03 2.602323E-03
3.623218E-02 -8.632270E-03 2.671838E-03
3.530303E-02 -7.544662E-03 2.947606E-03
3.400308E-02 -6.259416E-03 2.772464E-03
3.306586E-02 -5.246567E-03 2.889195E-03
3.433402E-02 -6.457873E-03 3.154627E-03
3.334399E-02 -5.384615E-03 3.295680E-03
3.212611E-02 -4.254190E-03 2.956840E-03
3.119167E-02 -3.284200E-03 2.979748E-03
3.234768E-02 -4.332585E-03 3.376643E-03
3.135524E-02 -3.304906E-03 3.403746E-03
3.026763E-02 -2.336077E-03 2.960491E-03
2.935776E-02 -1.407944E-03 2.898262E-03
3.037296E-02 -2.301218E-03 3.381066E-03
2.940503E-02 -1.319127E-03 3.308258E-03
2.846662E-02 -4.979394E-04 2.787463E-03
2.760247E-02 3.939598E-04 2.616776E-03
2.845634E-02 -3.560251E-04 3.178442E-03
2.753662E-02 5.883762E-04 2.976587E-03
2.678080E-02 1.263463E-03 2.369645E-03
2.602719E-02 2.099170E-03 2.027945E-03
2.666572E-02 1.508396E-03 2.679864E-03
2.587806E-02 2.388074E-03 2.263191E-03
2.537649E-02 2.881035E-03 1.580401E-03
2.486514E-02 3.582775E-03 1.033657E-03
2.522071E-02 3.199130E-03 1.712885E-03
2.473971E-02 3.906037E-03 1.043913E-03
2.451811E-02 4.179192E-03 4.181789E-04
2.433895E-02 4.654588E-03 -2.182496E-04
2.445939E-02 4.478719E-03 3.055434E-04
2.437140E-02 4.904135E-03 -4.345489E-04
2.431027E-02 5.006489E-03 -8.257836E-04
2.440242E-02 5.243528E-03 -1.365185E-03
2.444210E-02 5.187899E-03 -1.115034E-03
2.462802E-02 5.347963E-03 -1.694960E-03
2.458233E-02 5.381023E-03 -1.812049E-03
2.481889E-02 5.437316E-03 -2.155227E-03
2.488704E-02 5.407771E-03 -2.154060E-03
2.518316E-02 5.392004E-03 -2.487580E-03
2.508541E-02 5.431404E-03 -2.393655E-03
2.536057E-02 5.381283E-03 -2.533444E-03
2.548800E-02 5.324107E-03 -2.701286E-03
2.578110E-02 5.224600E-03 -2.807630E-03
2.562873E-02 5.302745E-03 -2.585404E-03
2.587955E-02 5.208640E-03 -2.562907E-03
2.604944E-02 5.109997E-03 -2.822696E-03
2.628632E-02 4.992438E-03 -2.763734E-03
2.610725E-02 5.108645E-03 -2.480130E-03
2.630950E-02 5.009471E-03 -2.350751E-03
2.648981E-02 4.879971E-03 -2.647378E-03
2.666115E-02 4.777251E-03 -2.488539E-03
2.648635E-02 4.915354E-03 -2.187115E-03
2.663927E-02 4.828643E-03 -1.999809E-03
2.680342E-02 4.686405E-03 -2.299895E-03
2.692044E-02 4.607844E-03 -2.091793E-03
2.677039E-02 4.750371E-03 -1.797544E-03
2.688205E-02 4.680722E-03 -1.587222E-03
2.701614E-02 4.540941E-03 -1.872396E-03
2.709412E-02 4.484518E-03 -1.647950E-03
2.697646E-02 4.619395E-03 -1.374105E-03
2.705556E-02 4.565836E-03 -1.162029E-03
2.715748E-02 4.437187E-03 -1.423073E-03
2.720877E-02 4.397547E-03 -1.201040E-03
2.712102E-02 4.519396E-03 -9.536233E-04
2.717423E-02 4.479407E-03 -7.505340E-04
2.725005E-02 4.364295E-03 -9.840340E-04
2.728294E-02 4.336269E-03 -7.733758E-04
2.721636E-02 4.445218E-03 -5.536502E-04
2.724845E-02 4.416204E-03 -3.635059E-04
2.730876E-02 4.312454E-03 -5.697446E-04
2.732863E-02 4.291973E-03 -3.735677E-04
2.727149E-02 4.391751E-03 -1.819202E-04
2.728650E-02 4.371067E-03 -2.245424E-05
2.734352E-02 4.274071E-03 -1.866657E-04
2.735428E-02 4.258024E-03 -2.297796E-05
4.179237E-02 -1.803038E-02 -3.044380E-04
4.212041E-02 -1.861976E-02 -8.340132E-06
4.150620E-02 -1.746141E-02 -5.011438E-04
4.167166E-02 -1.782021E-02 -3.506472E-04
4.195149E-02 -1.832659E-02 -1.036390E-05
4.143300E-02 -1.733352E-02 -5.864809E-04
4.125712E-02 -1.690571E-02 -5.898545E-04
4.103157E-02 -1.635254E-02 -5.688639E-04
4.123173E-02 -1.686045E-02 -7.069482E-04
4.105592E-02 -1.639097E-02 -7.090787E-04
4.081228E-02 -1.578763E-02 -4.379517E-04
4.057801E-02 -1.519336E-02 -1.998841E-04
4.088967E-02 -1.591060E-02 -5.909656E-04
4.071278E-02 -1.540021E-02 -3.533963E-04
4.030420E-02 -1.454981E-02 1.374257E-04
3.996485E-02 -1.383724E-02 5.589375E-04
4.050140E-02 -1.483696E-02 -2.217875E-06
4.022932E-02 -1.419684E-02 4.495072E-04
3.953553E-02 -1.303971E-02 1.041611E-03
3.899728E-02 -1.214904E-02 1.555471E-03
3.986998E-02 -1.345849E-02 9.802526E-04
3.939909E-02 -1.260767E-02 1.560126E-03
3.834033E-02 -1.116760E-02 2.066894E-03
3.756651E-02 -1.010861E-02 2.543489E-03
3.879840E-02 -1.164120E-02 2.152722E-03
3.806031E-02 -1.056911E-02 2.719190E-03
3.668903E-02 -8.993463E-03 2.959123E-03
3.572959E-02 -7.846976E-03 3.297305E-03
3.719125E-02 -9.413610E-03 3.224218E-03
3.621138E-02 -8.204565E-03 3.642062E-03
3.471357E-02 -6.692408E-03 3.551887E-03
3.366518E-02 -5.547857E-03 3.725173E-03
3.514986E-02 -6.972800E-03 3.959979E-03
3.403787E-02 -5.744064E-03 4.177656E-03
3.260408E-02 -4.424747E-03 3.824513E-03
3.154398E-02 -3.328124E-03 3.858495E-03
3.290240E-02 -4.535632E-03 4.303347E-03
3.176280E-02 -3.355845E-03 4.348569E-03
3.049309E-02 -2.258020E-03 3.833364E-03
2.945626E-02 -1.211373E-03 3.749700E-03
3.063051E-02 -2.205665E-03 4.322777E-03
2.951138E-02 -1.081217E-03 4.228338E-03
2.843868E-02 -1.844741E-04 3.599167E-03
2.745190E-02 8.234705E-04 3.361651E-03
2.841078E-02 2.287964E-05 4.055393E-03
2.734245E-02 1.108372E-03 3.776748E-03
2.652204E-02 1.804768E-03 3.005157E-03
2.569688E-02 2.736370E-03 2.494462E-03
2.634172E-02 2.164580E-03 3.346586E-03
2.547724E-02 3.157019E-03 2.714577E-03
2.504146E-02 3.577339E-03 1.814067E-03
2.461299E-02 4.279564E-03 9.951681E-04
2.484058E-02 4.024960E-03 1.866035E-03
2.449928E-02 4.704150E-03 8.634252E-04
2.442890E-02 4.809523E-03 1.168512E-04
2.445946E-02 5.162226E-03 -7.282259E-04
2.445072E-02 5.162883E-03 -1.686791E-04
2.463037E-02 5.413409E-03 -1.110641E-03
2.464873E-02 5.356531E-03 -1.470005E-03
2.493802E-02 5.422626E-03 -2.071424E-03
2.495501E-02 5.493936E-03 -1.891796E-03
2.535158E-02 5.449255E-03 -2.487397E-03
2.527706E-02 5.393297E-03 -2.521148E-03
2.562679E-02 5.299744E-03 -2.824217E-03
2.576440E-02 5.321954E-03 -2.900681E-03
2.615461E-02 5.149040E-03 -3.149984E-03
2.595945E-02 5.169234E-03 -2.995466E-03
2.625781E-02 5.023564E-03 -3.054872E-03
2.649854E-02 4.959922E-03 -3.261063E-03
2.678518E-02 4.775530E-03 -3.261832E-03
2.651351E-02 4.878477E-03 -3.024024E-03
2.672487E-02 4.744028E-03 -2.923602E-03
2.701294E-02 4.608814E-03 -3.178738E-03
2.718623E-02 4.466234E-03 -3.034709E-03
2.689453E-02 4.625601E-03 -2.771891E-03
2.702752E-02 4.525163E-03 -2.584164E-03
2.731256E-02 4.349612E-03 -2.848422E-03
2.740047E-02 4.257827E-03 -2.634435E-03
2.712979E-02 4.442433E-03 -2.372661E-03
2.720721E-02 4.375829E-03 -2.146884E-03
2.745830E-02 4.188140E-03 -2.403747E-03
2.749346E-02 4.137107E-03 -2.164470E-03
2.726512E-02 4.323142E-03 -1.914019E-03
2.730804E-02 4.281983E-03 -1.679365E-03
2.751220E-02 4.101160E-03 -1.922476E-03
2.751956E-02 4.076934E-03 -1.681925E-03
2.733966E-02 4.250049E-03 -1.446714E-03
2.736290E-02 4.225254E-03 -1.218674E-03
2.751951E-02 4.061428E-03 -1.445687E-03
2.751509E-02 4.052065E-03 -1.215659E-03
2.738002E-02 4.205788E-03 -9.969262E-04
2.739275E-02 4.190120E-03 -7.824386E-04
2.750858E-02 4.046687E-03 -9.930062E-04
2.750171E-02 4.043521E-03 -7.783529E-04
2.740245E-02 4.176974E-03 -5.756742E-04
2.741021E-02 4.165305E-03 -3.769521E-04
2.749577E-02 4.041135E-03 -5.719555E-04
2.749178E-02 4.038394E-03 -3.740328E-04
2.741694E-02 4.154279E-03 -1.880667E-04
2.742328E-02 4.143280E-03 -2.309075E-05
2.749049E-02 4.034450E-03 -1.863301E-04
2.749233E-02 4.028825E-03 -2.282236E-05
4.152970E-02 -1.757893E-02 -3.938592E-04
4.175939E-02 -1.799804E-02 -1.239676E-05
4.133855E-02 -1.717805E-02 -6.667869E-04
4.136841E-02 -1.730945E-02 -4.328949E-04
4.154582E-02 -1.763722E-02 -1.438924E-05
4.122523E-02 -1.699785E-02 -7.386383E-04
4.118242E-02 -1.679029E-02 -8.180668E-04
4.105046E-02 -1.640623E-02 -8.438117E-04
4.111143E-02 -1.669761E-02 -9.164808E-04
4.101563E-02 -1.639907E-02 -9.622508E-04
4.092801E-02 -1.601126E-02 -7.412438E-04
4.079698E-02 -1.558527E-02 -5.104696E-04
4.092348E-02 -1.608667E-02 -8.740048E-04
4.081993E-02 -1.573961E-02 -6.540245E-04
4.063706E-02 -1.510404E-02 -1.564576E-04
4.042645E-02 -1.454179E-02 3.098848E-04
4.069207E-02 -1.533464E-02 -3.092495E-04
4.052870E-02 -1.484890E-02 1.508464E-04
4.014122E-02 -1.387420E-02 8.712565E-04
3.975430E-02 -1.308134E-02 1.502968E-03
4.031505E-02 -1.426004E-02 7.161827E-04
4.002570E-02 -1.354498E-02 1.373852E-03
3.923727E-02 -1.215147E-02 2.171400E-03
3.856706E-02 -1.108574E-02 2.834363E-03
3.962254E-02 -1.268117E-02 2.101348E-03
3.906187E-02 -1.165360E-02 2.859962E-03
3.773520E-02 -9.901545E-03 3.446152E-03
3.675379E-02 -8.630906E-03 3.966836E-03
3.831008E-02 -1.046516E-02 3.595262E-03
3.735990E-02 -9.142803E-03 4.248105E-03
3.565336E-02 -7.313097E-03 4.371110E-03
3.447364E-02 -5.984828E-03 4.651700E-03
3.623643E-02 -7.732921E-03 4.771539E-03
3.498803E-02 -6.287268E-03 5.143117E-03
3.325255E-02 -4.672865E-03 4.816128E-03
3.201864E-02 -3.391422E-03 4.879417E-03
3.366851E-02 -4.848119E-03 5.365576E-03
3.232143E-02 -3.440324E-03 5.457598E-03
3.078875E-02 -2.143506E-03 4.855881E-03
2.957043E-02 -9.243099E-04 4.751227E-03
3.097301E-02 -2.071222E-03 5.440866E-03
2.963368E-02 -7.350774E-04 5.327216E-03
2.836882E-02 2.741507E-04 4.554281E-03
2.720011E-02 1.455441E-03 4.227763E-03
2.830750E-02 5.802743E-04 5.104983E-03
2.701317E-02 1.881882E-03 4.722129E-03
2.611376E-02 2.604240E-03 3.704252E-03
2.521221E-02 3.666797E-03 2.910529E-03
2.582292E-02 3.146703E-03 4.076022E-03
2.489614E-02 4.286900E-03 3.058667E-03
2.462576E-02 4.551102E-03 1.840820E-03
2.442409E-02 5.175171E-03 6.168174E-04
2.441698E-02 5.161510E-03 1.695414E-03
2.443021E-02 5.677589E-03 2.163097E-04
2.455991E-02 5.522081E-03 -5.726906E-04
2.491844E-02 5.634703E-03 -1.588182E-03
2.480435E-02 5.858891E-03 -1.112685E-03
2.536377E-02 5.794203E-03 -2.157039E-03
2.538839E-02 5.576124E-03 -2.373783E-03
2.588662E-02 5.406686E-03 -2.927533E-03
2.597591E-02 5.573968E-03 -2.897729E-03
2.655597E-02 5.272713E-03 -3.366202E-03
2.635699E-02 5.177921E-03 -3.273015E-03
2.676597E-02 4.930369E-03 -3.444825E-03
2.705520E-02 4.947748E-03 -3.611220E-03
2.745249E-02 4.638545E-03 -3.684883E-03
2.709855E-02 4.692465E-03 -3.480365E-03
2.735315E-02 4.481252E-03 -3.414527E-03
2.774642E-02 4.367938E-03 -3.634780E-03
2.794726E-02 4.145672E-03 -3.499976E-03
2.753654E-02 4.304640E-03 -3.276825E-03
2.765954E-02 4.164209E-03 -3.090553E-03
2.807052E-02 3.972758E-03 -3.310165E-03
2.813272E-02 3.845240E-03 -3.086737E-03
2.773411E-02 4.057700E-03 -2.873235E-03
2.777159E-02 3.980884E-03 -2.637616E-03
2.814911E-02 3.756849E-03 -2.844533E-03
2.813272E-02 3.700648E-03 -2.593594E-03
2.778194E-02 3.928793E-03 -2.392758E-03
2.777343E-02 3.896445E-03 -2.144994E-03
2.809419E-02 3.669927E-03 -2.340592E-03
2.804193E-02 3.658629E-03 -2.089892E-03
2.775268E-02 3.879240E-03 -1.898682E-03
2.772486E-02 3.873127E-03 -1.656767E-03
2.798245E-02 3.661505E-03 -1.844302E-03
2.792066E-02 3.674129E-03 -1.605587E-03
2.769392E-02 3.874653E-03 -1.421181E-03
2.766279E-02 3.880946E-03 -1.193130E-03
2.786022E-02 3.692838E-03 -1.374805E-03
2.780381E-02 3.714647E-03 -1.152537E-03
2.763364E-02 3.889655E-03 -9.732938E-04
2.760807E-02 3.898890E-03 -7.619811E-04
2.775337E-02 3.737154E-03 -9.390389E-04
2.771028E-02 3.758459E-03 -7.343501E-04
2.758724E-02 3.907156E-03 -5.592673E-04
2.757202E-02 3.913303E-03 -3.652846E-04
2.767551E-02 3.777086E-03 -5.383986E-04
2.764973E-02 3.791932E-03 -3.512477E-04
2.756299E-02 3.916520E-03 -1.817104E-04
2.756032E-02 3.916496E-03 -2.220740E-05
2.763334E-02 3.802262E-03 -1.744909E-04
2.762622E-02 3.807951E-03 -2.128290E-05
4.119066E-02 -1.701589E-02 -4.672568E-04
4.131269E-02 -1.724725E-02 -1.631925E-05
4.109720E-02 -1.679817E-02 -7.991706E-04
4.100014E-02 -1.670339E-02 -4.973002E-04
4.106144E-02 -1.683039E-02 -1.820659E-05
4.096051E-02 -1.658707E-02 -8.459340E-04
4.102320E-02 -1.658809E-02 -9.950933E-04
4.095380E-02 -1.637369E-02 -1.051760E-03
4.092403E-02 -1.647132E-02 -1.045638E-03
4.086737E-02 -1.633760E-02 -1.096790E-03
4.087326E-02 -1.613646E-02 -9.713650E-04
4.077148E-02 -1.585511E-02 -7.634054E-04
4.077242E-02 -1.616132E-02 -1.012373E-03
4.063978E-02 -1.592292E-02 -8.168100E-04
4.064869E-02 -1.551154E-02 -4.409213E-04
4.051123E-02 -1.509265E-02 -1.242404E-05
4.049159E-02 -1.561717E-02 -5.322624E-04
4.035670E-02 -1.524883E-02 -1.635198E-04
4.035915E-02 -1.458473E-02 5.226406E-04
4.017341E-02 -1.396566E-02 1.169281E-03
4.025048E-02 -1.481788E-02 3.045278E-04
4.016228E-02 -1.430659E-02 8.972797E-04
3.991007E-02 -1.320214E-02 1.924713E-03
3.950495E-02 -1.225712E-02 2.764134E-03
4.004988E-02 -1.367469E-02 1.635908E-03
3.983834E-02 -1.286367E-02 2.520330E-03
3.889090E-02 -1.110663E-02 3.632286E-03
3.802498E-02 -9.758466E-03 4.449870E-03
3.942850E-02 -1.181326E-02 3.510906E-03
3.872558E-02 -1.049136E-02 4.519253E-03
3.691134E-02 -8.258591E-03 5.137188E-03
3.560148E-02 -6.676601E-03 5.642144E-03
3.768442E-02 -8.922807E-03 5.426146E-03
3.633935E-02 -7.189810E-03 6.127628E-03
3.417029E-02 -5.079471E-03 5.953195E-03
3.268583E-02 -3.511516E-03 6.090982E-03
3.478691E-02 -5.395574E-03 6.576886E-03
3.313415E-02 -3.620070E-03 6.788842E-03
3.119102E-02 -1.989159E-03 6.088171E-03
2.970171E-02 -5.061991E-04 5.967691E-03
3.145481E-02 -1.899061E-03 6.811498E-03
2.977578E-02 -2.277793E-04 6.687787E-03
2.821920E-02 9.564340E-04 5.719583E-03
2.676416E-02 2.412496E-03 5.269460E-03
2.809246E-02 1.424542E-03 6.414674E-03
2.642571E-02 3.084689E-03 5.882370E-03
2.544811E-02 3.824826E-03 4.454531E-03
2.453023E-02 5.042234E-03 3.115646E-03
2.496128E-02 4.686386E-03 4.819804E-03
2.413688E-02 5.956056E-03 3.002246E-03
2.425807E-02 5.851407E-03 1.366528E-03
2.458410E-02 6.178772E-03 -3.786161E-04
2.423433E-02 6.591693E-03 7.701877E-04
2.497887E-02 6.620413E-03 -1.195181E-03
2.524419E-02 6.130299E-03 -1.793167E-03
2.600810E-02 5.850947E-03 -2.796444E-03
2.594622E-02 6.277033E-03 -2.593068E-03
2.688638E-02 5.757640E-03 -3.461381E-03
2.673851E-02 5.455526E-03 -3.429884E-03
2.736195E-02 5.027844E-03 -3.766598E-03
2.768233E-02 5.191630E-03 -3.918729E-03
2.829021E-02 4.661210E-03 -4.082705E-03
2.784820E-02 4.624044E-03 -3.882562E-03
2.819653E-02 4.275249E-03 -3.845060E-03
2.871148E-02 4.209554E-03 -4.052494E-03
2.897158E-02 3.850810E-03 -3.902900E-03
2.842283E-02 3.993364E-03 -3.707322E-03
2.854957E-02 3.778097E-03 -3.508033E-03
2.910388E-02 3.581854E-03 -3.685369E-03
2.914054E-02 3.391530E-03 -3.432952E-03
2.859968E-02 3.622780E-03 -3.273649E-03
2.859352E-02 3.518208E-03 -3.021512E-03
2.910887E-02 3.266252E-03 -3.165854E-03
2.903057E-02 3.192801E-03 -2.895939E-03
2.854798E-02 3.454805E-03 -2.762639E-03
2.847646E-02 3.423676E-03 -2.503863E-03
2.892230E-02 3.159466E-03 -2.629900E-03
2.879661E-02 3.156335E-03 -2.371322E-03
2.838937E-02 3.417024E-03 -2.249321E-03
2.829460E-02 3.428232E-03 -2.001444E-03
2.866285E-02 3.175218E-03 -2.121970E-03
2.852793E-02 3.209435E-03 -1.882571E-03
2.819809E-02 3.451799E-03 -1.761603E-03
2.810422E-02 3.483214E-03 -1.530511E-03
2.839690E-02 3.253578E-03 -1.653278E-03
2.827343E-02 3.303291E-03 -1.433944E-03
2.801621E-02 3.518814E-03 -1.308472E-03
2.793634E-02 3.555659E-03 -1.095545E-03
2.816016E-02 3.355084E-03 -1.224278E-03
2.805893E-02 3.406183E-03 -1.023937E-03
2.786624E-02 3.591413E-03 -8.916404E-04
2.780701E-02 3.624252E-03 -6.965868E-04
2.797098E-02 3.454403E-03 -8.325727E-04
2.789713E-02 3.498061E-03 -6.498625E-04
2.775940E-02 3.652782E-03 -5.102015E-04
2.772385E-02 3.675996E-03 -3.324967E-04
2.783788E-02 3.535894E-03 -4.755501E-04
2.779343E-02 3.567021E-03 -3.096133E-04
2.770055E-02 3.693269E-03 -1.649679E-04
2.768912E-02 3.704665E-03 -2.008645E-05
2.776375E-02 3.590947E-03 -1.534377E-04
2.774822E-02 3.607925E-03 -1.865464E-05
4.080143E-02 -1.637810E-02 -5.243967E-04
4.079221E-02 -1.638661E-02 -2.012914E-05
4.082345E-02 -1.637653E-02 -8.760765E-04
4.060053E-02 -1.604789E-02 -5.510621E-04
4.050250E-02 -1.591141E-02 -2.225565E-05
4.069693E-02 -1.618471E-02 -8.838339E-04
4.082067E-02 -1.636147E-02 -1.056325E-03
4.075427E-02 -1.629984E-02 -1.076524E-03
4.071603E-02 -1.627715E-02 -1.006388E-03
4.059806E-02 -1.626488E-02 -9.620072E-04
4.060814E-02 -1.615889E-02 -9.739377E-04
4.040873E-02 -1.593029E-02 -7.964393E-04
4.035262E-02 -1.611570E-02 -8.359843E-04
4.005953E-02 -1.585817E-02 -6.975446E-04
4.021021E-02 -1.563460E-02 -5.708329E-04
4.006048E-02 -1.529952E-02 -2.891626E-04
3.980402E-02 -1.555122E-02 -5.569477E-04
3.963431E-02 -1.523852E-02 -3.818545E-04
3.998221E-02 -1.493718E-02 8.072709E-05
3.997121E-02 -1.453477E-02 5.803500E-04
3.956651E-02 -1.493465E-02 -1.271742E-04
3.959986E-02 -1.462957E-02 2.536990E-04
3.999590E-02 -1.405196E-02 1.250708E-03
3.998947E-02 -1.341951E-02 2.121262E-03
3.971999E-02 -1.429057E-02 8.100742E-04
3.988753E-02 -1.385535E-02 1.594483E-03
3.984035E-02 -1.254435E-02 3.188609E-03
3.940115E-02 -1.133583E-02 4.385638E-03
4.001333E-02 -1.322042E-02 2.650477E-03
3.993187E-02 -1.224157E-02 3.973996E-03
3.854128E-02 -9.759032E-03 5.567522E-03
3.722846E-02 -7.879765E-03 6.555278E-03
3.941466E-02 -1.078138E-02 5.450794E-03
3.828111E-02 -8.815364E-03 6.835251E-03
3.556076E-02 -5.843053E-03 7.225089E-03
3.370187E-02 -3.792371E-03 7.561320E-03
3.655169E-02 -6.499072E-03 7.862115E-03
3.444788E-02 -4.076981E-03 8.416643E-03
3.178393E-02 -1.805680E-03 7.629456E-03
2.985831E-02 1.140475E-04 7.508446E-03
3.221200E-02 -1.720558E-03 8.568332E-03
2.995383E-02 5.396313E-04 8.460176E-03
2.790881E-02 2.017880E-03 7.214182E-03
2.595271E-02 3.958081E-03 6.577050E-03
2.763583E-02 2.790545E-03 8.154735E-03
2.526702E-02 5.133851E-03 7.371046E-03
2.433110E-02 5.799957E-03 5.120459E-03
2.379372E-02 7.031658E-03 2.579223E-03
2.354862E-02 7.253957E-03 5.225910E-03
2.369809E-02 8.206189E-03 1.631114E-03
2.449112E-02 7.307799E-03 -1.807889E-04
2.572736E-02 6.913221E-03 -2.221422E-03
2.523407E-02 7.859010E-03 -1.522829E-03
2.693890E-02 6.939994E-03 -3.374170E-03
2.697059E-02 6.226533E-03 -3.451415E-03
2.801222E-02 5.469005E-03 -4.077434E-03
2.834600E-02 5.905482E-03 -4.255959E-03
2.935829E-02 4.958578E-03 -4.543793E-03
2.878787E-02 4.765683E-03 -4.297518E-03
2.930542E-02 4.177441E-03 -4.265765E-03
3.000207E-02 4.185794E-03 -4.495225E-03
3.035257E-02 3.601245E-03 -4.274966E-03
2.960746E-02 3.719970E-03 -4.090960E-03
2.974499E-02 3.384196E-03 -3.842845E-03
3.049049E-02 3.183492E-03 -3.979141E-03
3.048279E-02 2.900706E-03 -3.659295E-03
2.976398E-02 3.151370E-03 -3.562852E-03
2.970123E-02 3.001232E-03 -3.274180E-03
3.037931E-02 2.722351E-03 -3.341082E-03
3.021539E-02 2.622905E-03 -3.036147E-03
2.958451E-02 2.915453E-03 -2.989100E-03
2.943425E-02 2.878644E-03 -2.713633E-03
3.001565E-02 2.582183E-03 -2.748899E-03
2.979719E-02 2.584544E-03 -2.480178E-03
2.926527E-02 2.878306E-03 -2.450340E-03
2.908832E-02 2.904439E-03 -2.199947E-03
2.957191E-02 2.617929E-03 -2.229171E-03
2.934816E-02 2.673003E-03 -1.994405E-03
2.891114E-02 2.949081E-03 -1.962246E-03
2.873933E-02 3.005894E-03 -1.736613E-03
2.913181E-02 2.742489E-03 -1.774241E-03
2.892703E-02 2.820677E-03 -1.567111E-03
2.857690E-02 3.069829E-03 -1.522270E-03
2.842671E-02 3.136866E-03 -1.318440E-03
2.873673E-02 2.903052E-03 -1.371620E-03
2.856295E-02 2.986034E-03 -1.186582E-03
2.829077E-02 3.203804E-03 -1.124403E-03
2.817043E-02 3.268119E-03 -9.395376E-04
2.840708E-02 3.066786E-03 -1.011018E-03
2.827000E-02 3.143074E-03 -8.441439E-04
2.806657E-02 3.327836E-03 -7.633238E-04
2.797971E-02 3.381451E-03 -5.953461E-04
2.815223E-02 3.213167E-03 -6.853471E-04
2.805398E-02 3.275763E-03 -5.341697E-04
2.791006E-02 3.427865E-03 -4.353078E-04
2.785764E-02 3.466337E-03 -2.831665E-04
2.797523E-02 3.329931E-03 -3.903033E-04
2.791578E-02 3.375088E-03 -2.536968E-04
2.782217E-02 3.496515E-03 -1.401860E-04
2.780279E-02 3.518833E-03 -1.702208E-05
2.787513E-02 3.411018E-03 -1.254818E-04
2.785223E-02 3.438324E-03 -1.522081E-05
4.040648E-02 -1.572474E-02 -5.806969E-04
4.018474E-02 -1.539168E-02 -2.506666E-05
4.059342E-02 -1.604043E-02 -8.531222E-04
4.023560E-02 -1.543260E-02 -6.145329E-04
3.982155E-02 -1.479585E-02 -3.072281E-05
4.051435E-02 -1.598764E-02 -7.354106E-04
4.059478E-02 -1.623632E-02 -8.554659E-04
4.035018E-02 -1.621698E-02 -7.188720E-04
4.038247E-02 -1.623023E-02 -5.325046E-04
3.991663E-02 -1.609431E-02 -3.351807E-04
3.996258E-02 -1.599875E-02 -5.969577E-04
3.958203E-02 -1.568604E-02 -5.384449E-04
3.940344E-02 -1.576232E-02 -2.983496E-04
3.899325E-02 -1.540813E-02 -3.595234E-04
3.928940E-02 -1.536581E-02 -5.039415E-04
3.910514E-02 -1.507463E-02 -4.383843E-04
3.870041E-02 -1.509470E-02 -4.292424E-04
3.850812E-02 -1.482955E-02 -4.555515E-04
3.903082E-02 -1.481821E-02 -2.973058E-04
3.906874E-02 -1.458810E-02 -4.164114E-05
3.840951E-02 -1.460780E-02 -4.097372E-04
3.841235E-02 -1.442414E-02 -2.676066E-04
3.922320E-02 -1.436426E-02 3.734226E-04
3.949038E-02 -1.410598E-02 1.007838E-03
3.853586E-02 -1.427194E-02 3.152917E-06
3.880547E-02 -1.413593E-02 4.541412E-04
3.983353E-02 -1.373123E-02 1.939905E-03
4.013434E-02 -1.308636E-02 3.248004E-03
3.924028E-02 -1.397507E-02 1.169357E-03
3.981715E-02 -1.368496E-02 2.277323E-03
4.013139E-02 -1.193584E-02 4.936035E-03
3.944412E-02 -1.006048E-02 6.796929E-03
4.037816E-02 -1.302817E-02 3.932935E-03
4.047683E-02 -1.158615E-02 6.169873E-03
3.783112E-02 -7.488782E-03 8.391383E-03
3.547355E-02 -4.568267E-03 9.350123E-03
3.942218E-02 -8.987609E-03 8.569291E-03
3.695296E-02 -5.457892E-03 1.030297E-02
3.280128E-02 -1.671540E-03 9.666604E-03
3.007098E-02 1.080732E-03 9.590396E-03
3.367772E-02 -1.728926E-03 1.098102E-02
3.022702E-02 1.791061E-03 1.097930E-02
2.721033E-02 3.838771E-03 9.296656E-03
2.423157E-02 6.793476E-03 8.266013E-03
2.649340E-02 5.354831E-03 1.074702E-02
2.263828E-02 9.261818E-03 9.158796E-03
2.273154E-02 9.114289E-03 4.815985E-03
2.423828E-02 9.269742E-03 -7.221149E-05
2.242170E-02 1.123944E-02 3.218127E-03
2.594276E-02 9.807029E-03 -2.516397E-03
2.668327E-02 8.038472E-03 -3.152549E-03
2.867369E-02 6.575607E-03 -4.473047E-03
2.897182E-02 7.614218E-03 -4.752207E-03
3.086807E-02 5.742449E-03 -5.243200E-03
3.003236E-02 5.269666E-03 -4.846194E-03
3.084089E-02 4.241365E-03 -4.752880E-03
3.188909E-02 4.349006E-03 -5.051153E-03
3.232719E-02 3.387546E-03 -4.626641E-03
3.124131E-02 3.492558E-03 -4.455656E-03
3.136625E-02 2.975797E-03 -4.088492E-03
3.240956E-02 2.754235E-03 -4.156067E-03
3.228481E-02 2.353980E-03 -3.708954E-03
3.131496E-02 2.636395E-03 -3.713668E-03
3.115494E-02 2.427958E-03 -3.357195E-03
3.204331E-02 2.116186E-03 -3.306223E-03
3.173904E-02 1.991698E-03 -2.950025E-03
3.093057E-02 2.314934E-03 -3.027958E-03
3.067077E-02 2.270999E-03 -2.727199E-03
3.140448E-02 1.946671E-03 -2.635992E-03
3.105947E-02 1.957557E-03 -2.358080E-03
3.039452E-02 2.276795E-03 -2.453009E-03
3.011444E-02 2.317985E-03 -2.202405E-03
3.071640E-02 2.007665E-03 -2.110372E-03
3.038315E-02 2.084893E-03 -1.887678E-03
2.983901E-02 2.383820E-03 -1.972259E-03
2.957400E-02 2.466125E-03 -1.759684E-03
3.006482E-02 2.180268E-03 -1.685663E-03
2.976476E-02 2.286989E-03 -1.500785E-03
2.932340E-02 2.558584E-03 -1.562175E-03
2.908996E-02 2.656264E-03 -1.377631E-03
2.948520E-02 2.399802E-03 -1.330197E-03
2.922762E-02 2.514582E-03 -1.171630E-03
2.887556E-02 2.755267E-03 -1.204332E-03
2.868146E-02 2.852501E-03 -1.040895E-03
2.899297E-02 2.628056E-03 -1.023291E-03
2.878184E-02 2.737613E-03 -8.837797E-04
2.850846E-02 2.945514E-03 -8.862258E-04
2.835703E-02 3.032380E-03 -7.394819E-04
2.859453E-02 2.841176E-03 -7.520140E-04
2.843111E-02 2.937111E-03 -6.271754E-04
2.822734E-02 3.111615E-03 -6.000275E-04
2.811934E-02 3.182120E-03 -4.674041E-04
2.829146E-02 3.024172E-03 -5.086610E-04
2.817531E-02 3.101452E-03 -3.960455E-04
2.803278E-02 3.243140E-03 -3.413149E-04
2.796725E-02 3.294237E-03 -2.217078E-04
2.808221E-02 3.168356E-03 -2.890615E-04
2.801157E-02 3.224583E-03 -1.876614E-04
2.792208E-02 3.335329E-03 -1.095730E-04
2.789604E-02 3.367170E-03 -1.327995E-05
2.796255E-02 3.270170E-03 -9.268462E-05
2.793377E-02 3.306003E-03 -1.122572E-05
4.011763E-02 -1.523130E-02 -6.306710E-04
3.937351E-02 -1.404784E-02 -4.882014E-05
4.037496E-02 -1.606212E-02 -3.919855E-04
4.003672E-02 -1.526891E-02 -4.476445E-04
3.873702E-02 -1.295494E-02 -1.124255E-04
3.972728E-02 -1.609155E-02 4.316087E-04
3.987618E-02 -1.614728E-02 2.569205E-05
3.920467E-02 -1.578985E-02 1.098063E-04
3.881678E-02 -1.571483E-02 6.655777E-04
3.825654E-02 -1.525011E-02 4.275545E-04
3.869725E-02 -1.538686E-02 -2.618822E-05
3.834216E-02 -1.504811E-02 -2.015809E-04
3.793257E-02 -1.491123E-02 1.434641E-04
3.768595E-02 -1.464396E-02 -8.184705E-05
3.807838E-02 -1.476761E-02 -3.425452E-04
3.787682E-02 -1.452971E-02 -4.275536E-04
3.745739E-02 -1.440837E-02 -2.424477E-04
3.723691E-02 -1.419067E-02 -3.473016E-04
3.773550E-02 -1.432744E-02 -4.484229E-04
3.766937E-02 -1.416086E-02 -3.954806E-04
3.703551E-02 -1.399066E-02 -4.025413E-04
3.687488E-02 -1.381460E-02 -4.079427E-04
3.770613E-02 -1.403393E-02 -2.504070E-04
3.788621E-02 -1.395081E-02 2.167691E-05
3.678495E-02 -1.367262E-02 -3.558877E-04
3.680712E-02 -1.357852E-02 -2.283101E-04
3.826319E-02 -1.390798E-02 4.855736E-04
3.889690E-02 -1.387301E-02 1.260816E-03
3.700227E-02 -1.354935E-02 1.160494E-05
3.746245E-02 -1.360207E-02 4.388170E-04
3.980901E-02 -1.372185E-02 2.563013E-03
4.080424E-02 -1.307392E-02 4.719111E-03
3.832213E-02 -1.373496E-02 1.212530E-03
3.973106E-02 -1.383662E-02 2.687223E-03
4.104360E-02 -1.109625E-02 7.864402E-03
3.913510E-02 -7.130174E-03 1.100905E-02
4.154001E-02 -1.329301E-02 5.601841E-03
4.195630E-02 -1.015481E-02 1.048131E-02
3.512342E-02 -2.084442E-03 1.258497E-02
3.046011E-02 2.771314E-03 1.277890E-02
3.782416E-02 -3.318190E-03 1.446812E-02
3.086372E-02 4.239214E-03 1.533702E-02
2.514391E-02 7.778274E-03 1.270202E-02
2.045752E-02 1.298764E-02 9.437522E-03
2.225177E-02 1.224131E-02 1.547880E-02
1.944899E-02 1.771741E-02 6.708996E-03
2.398784E-02 1.285444E-02 -3.811362E-04
2.916439E-02 9.303670E-03 -5.084063E-03
2.897387E-02 1.238351E-02 -5.220106E-03
3.363357E-02 7.473641E-03 -6.589135E-03
3.198219E-02 6.442382E-03 -5.795476E-03
3.326570E-02 4.506531E-03 -5.396384E-03
3.519037E-02 4.691482E-03 -5.761044E-03
3.547287E-02 3.123066E-03 -4.796194E-03
3.369409E-02 3.272529E-03 -4.763587E-03
3.367302E-02 2.508830E-03 -4.148644E-03
3.522753E-02 2.229257E-03 -3.994949E-03
3.476842E-02 1.721195E-03 -3.365343E-03
3.342368E-02 2.048951E-03 -3.612897E-03
3.306235E-02 1.786635E-03 -3.160158E-03
3.423031E-02 1.444659E-03 -2.871211E-03
3.367300E-02 1.313828E-03 -2.477959E-03
3.265051E-02 1.655393E-03 -2.779095E-03
3.222143E-02 1.612875E-03 -2.456309E-03
3.312397E-02 1.278240E-03 -2.159275E-03
3.259600E-02 1.306583E-03 -1.896148E-03
3.179357E-02 1.631281E-03 -2.179961E-03
3.137743E-02 1.691753E-03 -1.940442E-03
3.209498E-02 1.378464E-03 -1.674924E-03
3.162341E-02 1.480005E-03 -1.485721E-03
3.097910E-02 1.781070E-03 -1.730191E-03
3.060217E-02 1.889672E-03 -1.543327E-03
3.118220E-02 1.601380E-03 -1.321298E-03
3.077146E-02 1.735384E-03 -1.176281E-03
3.024875E-02 2.010443E-03 -1.375280E-03
2.992012E-02 2.137950E-03 -1.222506E-03
3.039094E-02 1.876560E-03 -1.046641E-03
3.004027E-02 2.020662E-03 -9.293207E-04
2.961702E-02 2.267949E-03 -1.082248E-03
2.933986E-02 2.397073E-03 -9.523664E-04
2.971903E-02 2.164311E-03 -8.219915E-04
2.942680E-02 2.304776E-03 -7.228678E-04
2.908882E-02 2.522618E-03 -8.312041E-04
2.886392E-02 2.642408E-03 -7.174845E-04
2.916315E-02 2.439830E-03 -6.305822E-04
2.892766E-02 2.567654E-03 -5.440913E-04
2.866504E-02 2.754699E-03 -6.102362E-04
2.849195E-02 2.858121E-03 -5.087327E-04
2.871990E-02 2.686782E-03 -4.626073E-04
2.853938E-02 2.796060E-03 -3.855462E-04
2.834427E-02 2.951635E-03 -4.124464E-04
2.822154E-02 3.034506E-03 -3.210112E-04
2.838554E-02 2.894620E-03 -3.124871E-04
2.825775E-02 2.981864E-03 -2.431417E-04
2.812314E-02 3.106278E-03 -2.342013E-04
2.804834E-02 3.166770E-03 -1.519770E-04
2.815526E-02 3.057455E-03 -1.773344E-04
2.807724E-02 3.121306E-03 -1.150351E-04
2.799615E-02 3.216122E-03 -7.501960E-05
2.796509E-02 3.255327E-03 -9.081618E-06
2.802259E-02 3.173640E-03 -5.676026E-05
2.798972E-02 3.215534E-03 -6.868687E-06
3.897767E-02 -1.544396E-02 8.435677E-04
3.753385E-02 -1.101149E-02 -3.803371E-04
3.771028E-02 -1.526173E-02 1.414809E-03
3.288841E-02 -1.259207E-02 2.510396E-03
3.078983E-02 -7.205450E-03 -3.124690E-04
3.470034E-02 -1.300854E-02 1.149753E-03
3.731774E-02 -1.477839E-02 9.099069E-04
3.726352E-02 -1.454061E-02 4.791920E-04
3.583466E-02 -1.331737E-02 5.772558E-04
3.636685E-02 -1.340693E-02 3.110124E-04
3.720006E-02 -1.436226E-02 1.942130E-04
3.706285E-02 -1.417869E-02 5.245761E-06
3.653787E-02 -1.334686E-02 1.660734E-04
3.648576E-02 -1.319070E-02 7.725322E-05
3.685796E-02 -1.397806E-02 -1.228383E-04
3.660569E-02 -1.376411E-02 -2.099281E-04
3.628834E-02 -1.297220E-02 1.828221E-05
3.599344E-02 -1.271373E-02 -2.299477E-05
3.632972E-02 -1.354623E-02 -2.671079E-04
3.605701E-02 -1.333656E-02 -2.979675E-04
3.563312E-02 -1.243197E-02 -5.419161E-05
3.523718E-02 -1.214551E-02 -8.124347E-05
3.581594E-02 -1.314778E-02 -2.996694E-04
3.563843E-02 -1.299385E-02 -2.655151E-04
3.483246E-02 -1.186926E-02 -9.687848E-05
3.443460E-02 -1.160932E-02 -9.933810E-05
3.557337E-02 -1.289569E-02 -1.836453E-04
3.570166E-02 -1.288608E-02 -2.354209E-05
3.407226E-02 -1.138064E-02 -9.263134E-05
3.379338E-02 -1.121395E-02 -7.309000E-05
3.615963E-02 -1.301315E-02 2.860072E-04
3.719834E-02 -1.334436E-02 9.201567E-04
3.367150E-02 -1.114715E-02 -2.079003E-05
3.385073E-02 -1.124608E-02 9.916883E-05
3.929125E-02 -1.390775E-02 2.386661E-03
4.284916E-02 -1.385583E-02 6.440218E-03
3.468003E-02 -1.166857E-02 3.912098E-04
3.719977E-02 -1.283807E-02 1.287876E-03
4.315349E-02 -7.239448E-03 1.549195E-02
3.189874E-02 6.679932E-03 1.957835E-02
4.521502E-02 -1.474842E-02 6.952495E-03
3.706897E-02 1.175897E-02 3.054390E-02
1.621541E-02 2.146727E-02 1.868684E-02
2.641800E-02 1.942438E-02 -2.784047E-03
1.666348E-02 3.670761E-02 1.091579E-02
4.252010E-02 1.097281E-02 -7.363434E-03
3.639558E-02 8.977433E-03 -7.449121E-03
3.809034E-02 4.819532E-03 -5.946414E-03
4.287647E-02 4.763940E-03 -5.235015E-03
4.111857E-02 2.669480E-03 -3.460584E-03
3.786409E-02 2.907055E-03 -4.531784E-03
3.715821E-02 1.919650E-03 -3.542829E-03
3.951847E-02 1.663906E-03 -2.462072E-03
3.817226E-02 1.131773E-03 -1.866912E-03
3.635253E-02 1.388968E-03 -2.854008E-03
3.555767E-02 1.112165E-03 -2.357813E-03
3.702429E-02 8.553881E-04 -1.480266E-03
3.602781E-02 7.321002E-04 -1.211284E-03
3.480660E-02 9.883650E-04 -1.987074E-03
3.410749E-02 9.621080E-04 -1.700901E-03
3.514961E-02 7.066486E-04 -1.014417E-03
3.436609E-02 7.464702E-04 -8.645556E-04
3.346017E-02 1.000450E-03 -1.473692E-03
3.286174E-02 1.082539E-03 -1.288793E-03
3.366032E-02 8.309592E-04 -7.467506E-04
3.302002E-02 9.463165E-04 -6.515854E-04
3.230874E-02 1.194452E-03 -1.134990E-03
3.179786E-02 1.326446E-03 -1.004508E-03
3.243612E-02 1.082857E-03 -5.728645E-04
3.190188E-02 1.233501E-03 -5.063660E-04
3.132627E-02 1.471425E-03 -8.918182E-04
3.089159E-02 1.624027E-03 -7.929110E-04
3.141221E-02 1.392883E-03 -4.491287E-04
3.096328E-02 1.556800E-03 -3.990255E-04
3.049189E-02 1.780075E-03 -7.048264E-04
3.012562E-02 1.936227E-03 -6.253499E-04
3.055217E-02 1.721874E-03 -3.544988E-04
3.017662E-02 1.885324E-03 -3.143904E-04
2.979155E-02 2.089755E-03 -5.528088E-04
2.948865E-02 2.238405E-03 -4.859314E-04
2.983490E-02 2.044825E-03 -2.778294E-04
2.952565E-02 2.198415E-03 -2.441566E-04
2.921609E-02 2.380304E-03 -4.237494E-04
2.897312E-02 2.513900E-03 -3.655280E-04
2.924778E-02 2.344439E-03 -2.128712E-04
2.900036E-02 2.481511E-03 -1.835947E-04
2.875909E-02 2.637934E-03 -3.107153E-04
2.857331E-02 2.751408E-03 -2.589037E-04
2.878259E-02 2.608494E-03 -1.560431E-04
2.859368E-02 2.724491E-03 -1.300075E-04
2.841511E-02 2.853583E-03 -2.098015E-04
2.828374E-02 2.943964E-03 -1.632104E-04
2.843289E-02 2.828839E-03 -1.053388E-04
2.829938E-02 2.921106E-03 -8.193607E-05
2.817836E-02 3.022298E-03 -1.190105E-04
2.809804E-02 3.088569E-03 -7.718178E-05
2.819228E-02 3.001092E-03 -5.973866E-05
2.811059E-02 3.068825E-03 -3.873652E-05
2.804163E-02 3.143061E-03 -3.807141E-05
2.800745E-02 3.186911E-03 -4.605965E-06
2.805312E-02 3.124623E-03 -1.910412E-05
2.801815E-02 3.169661E-03 -2.310928E-06
4.879650E-02 6.416223E-03 6.549138E-16
4.973716E-02 2.444419E-02 5.549205E-16
4.252010E-02 1.097281E-02 7.363434E-03
1.666348E-02 3.670761E-02 -1.091579E-02
4.487809E-02 3.147957E-03 -5.101694E-16
4.207802E-02 1.888297E-03 8.403209E-16
4.287647E-02 4.763940E-03 5.235015E-03
4.111857E-02 2.669480E-03 3.460584E-03
4.006165E-02 1.223950E-03 2.116301E-16
3.850757E-02 8.593033E-04 -7.337361E-16
3.951847E-02 1.663906E-03 2.462072E-03
3.817226E-02 1.131773E-03 1.866912E-03
3.724623E-02 6.734358E-04 9.130613E-17
3.618316E-02 6.034139E-04 -2.455784E-16
3.702429E-02 8.553881E-04 1.480266E-03
3.602781E-02 7.321002E-04 1.211284E-03
3.526309E-02 6.116324E-04 7.005585E-16
3.445175E-02 6.739270E-04 1.455590E-16
3.514961E-02 7.066486E-04 1.014417E-03
3.436609E-02 7.464702E-04 8.645556E-04
3.372669E-02 7.740478E-04 -5.661003E-16
3.307254E-02 9.006407E-04 -2.303132E-16
3.366032E-02 8.309592E-04 7.467506E-04
3.302002E-02 9.463165E-04 6.515854E-04
3.247842E-02 1.045480E-03 9.250081E-16
3.193642E-02 1.202396E-03 2.075950E-16
3.243612E-02 1.082857E-03 5.728645E-04
3.190188E-02 1.233501E-03 5.063660E-04
3.144077E-02 1.366614E-03 1.479697E-15
3.098711E-02 1.534327E-03 3.227736E-16
3.141221E-02 1.392883E-03 4.491287E-04
3.096328E-02 1.556800E-03 3.990255E-04
3.057221E-02 1.702426E-03 -1.382066E-15
3.019358E-02 1.868318E-03 -1.577945E-16
3.055217E-02 1.721874E-03 3.544988E-04
3.017662E-02 1.885324E-03 3.143904E-04
2.984932E-02 2.029817E-03 -2.498177E-16
2.953797E-02 2.185058E-03 -6.032610E-16
2.983490E-02 2.044825E-03 2.778294E-04
2.952565E-02 2.198415E-03 2.441566E-04
2.925833E-02 2.332460E-03 -1.510282E-15
2.900943E-02 2.470692E-03 2.963818E-16
2.924778E-02 2.344439E-03 2.128712E-04
2.900036E-02 2.481511E-03 1.835947E-04
2.879042E-02 2.598659E-03 7.234202E-16
2.860048E-02 2.715498E-03 9.344403E-16
2.878259E-02 2.608494E-03 1.560431E-04
2.859368E-02 2.724491E-03 1.300075E-04
2.843882E-02 2.820570E-03 2.068669E-16
2.830460E-02 2.913468E-03 8.244709E-16
2.843289E-02 2.828839E-03 1.053388E-04
2.829938E-02 2.921106E-03 8.193607E-05
2.819693E-02 2.994005E-03 -4.753522E-16
2.811478E-02 3.062226E-03 -7.455596E-16
2.819228E-02 3.001092E-03 5.973866E-05
2.811059E-02 3.068825E-03 3.873652E-05
2.805696E-02 3.118461E-03 -3.819096E-16
2.802173E-02 3.163897E-03 1.979262E-15
2.805312E-02 3.124623E-03 1.910412E-05
2.801815E-02 3.169661E-03 2.310928E-06
3.078983E-02 -7.205450E-03 3.124690E-04
3.288841E-02 -1.259207E-02 -2.510396E-03
3.897767E-02 -1.544396E-02 -8.435677E-04
3.753385E-02 -1.101149E-02 3.803371E-04
3.470034E-02 -1.300854E-02 -1.149753E-03
3.771028E-02 -1.526173E-02 -1.414809E-03
4.003672E-02 -1.526891E-02 4.476445E-04
3.873702E-02 -1.295494E-02 1.124255E-04
3.972728E-02 -1.609155E-02 -4.316087E-04
3.583466E-02 -1.331737E-02 -5.772558E-04
3.731774E-02 -1.477839E-02 -9.099069E-04
3.636685E-02 -1.340693E-02 -3.110124E-04
3.726352E-02 -1.454061E-02 -4.791920E-04
3.881678E-02 -1.571483E-02 -6.655777E-04
3.825654E-02 -1.525011E-02 -4.275545E-04
3.653787E-02 -1.334686E-02 -1.660734E-04
3.720006E-02 -1.436226E-02 -1.942130E-04
3.648576E-02 -1.319070E-02 -7.725322E-05
3.706285E-02 -1.417869E-02 -5.245761E-06
3.793257E-02 -1.491123E-02 -1.434641E-04
3.768595E-02 -1.464396E-02 8.184705E-05
3.628834E-02 -1.297220E-02 -1.828221E-05
3.685796E-02 -1.397806E-02 1.228383E-04
3.599344E-02 -1.271373E-02 2.299477E-05
3.660569E-02 -1.376411E-02 2.099281E-04
3.745739E-02 -1.440837E-02 2.424477E-04
3.723691E-02 -1.419067E-02 3.473016E-04
3.563312E-02 -1.243197E-02 5.419161E-05
3.632972E-02 -1.354623E-02 2.671079E-04
3.523718E-02 -1.214551E-02 8.124347E-05
3.605701E-02 -1.333656E-02 2.979675E-04
3.703551E-02 -1.399066E-02 4.025413E-04
3.687488E-02 -1.381460E-02 4.079427E-04
3.483246E-02 -1.186926E-02 9.687848E-05
3.581594E-02 -1.314778E-02 2.996694E-04
3.443460E-02 -1.160932E-02 9.933810E-05
3.563843E-02 -1.299385E-02 2.655151E-04
3.678495E-02 -1.367262E-02 3.558877E-04
3.680712E-02 -1.357852E-02 2.283101E-04
3.407226E-02 -1.138064E-02 9.263134E-05
3.557337E-02 -1.289569E-02 1.836453E-04
3.379338E-02 -1.121395E-02 7.309000E-05
3.570166E-02 -1.288608E-02 2.354209E-05
3.700227E-02 -1.354935E-02 -1.160494E-05
3.746245E-02 -1.360207E-02 -4.388170E-04
3.367150E-02 -1.114715E-02 2.079003E-05
3.615963E-02 -1.301315E-02 -2.860072E-04
3.385073E-02 -1.124608E-02 -9.916883E-05
3.719834E-02 -1.334436E-02 -9.201567E-04
3.832213E-02 -1.373496E-02 -1.212530E-03
3.973106E-02 -1.383662E-02 -2.687223E-03
3.468003E-02 -1.166857E-02 -3.912098E-04
3.929125E-02 -1.390775E-02 -2.386661E-03
3.719977E-02 -1.283807E-02 -1.287876E-03
4.284916E-02 -1.385583E-02 -6.440218E-03
4.154001E-02 -1.329301E-02 -5.601841E-03
4.195630E-02 -1.015481E-02 -1.048131E-02
4.521502E-02 -1.474842E-02 -6.952495E-03
4.315349E-02 -7.239448E-03 -1.549195E-02
3.706897E-02 1.175897E-02 -3.054390E-02
3.189874E-02 6.679932E-03 -1.957835E-02
3.782416E-02 -3.318190E-03 -1.446812E-02
3.086372E-02 4.239214E-03 -1.533702E-02
1.621541E-02 2.146727E-02 -1.868684E-02
2.641800E-02 1.942438E-02 2.784047E-03
2.225177E-02 1.224131E-02 -1.547880E-02
1.944899E-02 1.771741E-02 -6.708996E-03
3.639558E-02 8.977433E-03 7.449121E-03
3.809034E-02 4.819532E-03 5.946414E-03
2.897387E-02 1.238351E-02 5.220106E-03
3.363357E-02 7.473641E-03 6.589135E-03
3.786409E-02 2.907055E-03 4.531784E-03
3.715821E-02 1.919650E-03 3.542829E-03
3.519037E-02 4.691482E-03 5.761044E-03
3.547287E-02 3.123066E-03 4.796194E-03
3.635253E-02 1.388968E-03 2.854008E-03
3.555767E-02 1.112165E-03 2.357813E-03
3.522753E-02 2.229257E-03 3.994949E-03
3.476842E-02 1.721195E-03 3.365343E-03
3.480660E-02 9.883650E-04 1.987074E-03
3.410749E-02 9.621080E-04 1.700901E-03
3.423031E-02 1.444659E-03 2.871211E-03
3.367300E-02 1.313828E-03 2.477959E-03
3.346017E-02 1.000450E-03 1.473692E-03
3.286174E-02 1.082539E-03 1.288793E-03
3.312397E-02 1.278240E-03 2.159275E-03
3.259600E-02 1.306583E-03 1.896148E-03
3.230874E-02 1.194452E-03 1.134990E-03
3.179786E-02 1.326446E-03 1.004508E-03
3.209498E-02 1.378464E-03 1.674924E-03
3.162341E-02 1.480005E-03 1.485721E-03
3.132627E-02 1.471425E-03 8.918182E-04
3.089159E-02 1.624027E-03 7.929110E-04
3.118220E-02 1.601380E-03 1.321298E-03
3.077146E-02 1.735384E-03 1.176281E-03
3.049189E-02 1.780075E-03 7.048264E-04
3.012562E-02 1.936227E-03 6.253499E-04
3.039094E-02 1.876560E-03 1.046641E-03
3.004027E-02 2.020662E-03 9.293207E-04
2.979155E-02 2.089755E-03 5.528088E-04
2.948865E-02 2.238405E-03 4.859314E-04
2.971903E-02 2.164311E-03 8.219915E-04
2.942680E-02 2.304776E-03 7.228678E-04
2.921609E-02 2.380304E-03 4.237494E-04
2.897312E-02 2.513900E-03 3.655280E-04
2.916315E-02 2.439830E-03 6.305822E-04
2.892766E-02 2.567654E-03 5.440913E-04
2.875909E-02 2.637934E-03 3.107153E-04
2.857331E-02 2.751408E-03 2.589037E-04
2.871990E-02 2.686782E-03 4.626073E-04
2.853938E-02 2.796060E-03 3.855462E-04
2.841511E-02 2.853583E-03 2.098015E-04
2.828374E-02 2.943964E-03 1.632104E-04
2.838554E-02 2.894620E-03 3.124871E-04
2.825775E-02 2.981864E-03 2.431417E-04
2.817836E-02 3.022298E-03 1.190105E-04
2.809804E-02 3.088569E-03 7.718178E-05
2.815526E-02 3.057455E-03 1.773344E-04
2.807724E-02 3.121306E-03 1.150351E-04
2.804163E-02 3.143061E-03 3.807141E-05
2.800745E-02 3.186911E-03 4.605965E-06
2.802259E-02 3.173640E-03 5.676026E-05
2.798972E-02 3.215534E-03 6.868687E-06
4.011763E-02 -1.523130E-02 6.306710E-04
3.937351E-02 -1.404784E-02 4.882014E-05
4.037496E-02 -1.606212E-02 3.919855E-04
4.023560E-02 -1.543260E-02 6.145329E-04
3.982155E-02 -1.479585E-02 3.072281E-05
4.051435E-02 -1.598764E-02 7.354106E-04
3.987618E-02 -1.614728E-02 -2.569205E-05
3.920467E-02 -1.578985E-02 -1.098063E-04
4.038247E-02 -1.623023E-02 5.325046E-04
3.991663E-02 -1.609431E-02 3.351807E-04
3.869725E-02 -1.538686E-02 2.618822E-05
3.834216E-02 -1.504811E-02 2.015809E-04
3.940344E-02 -1.576232E-02 2.983496E-04
3.899325E-02 -1.540813E-02 3.595234E-04
3.807838E-02 -1.476761E-02 3.425452E-04
3.787682E-02 -1.452971E-02 4.275536E-04
3.870041E-02 -1.509470E-02 4.292424E-04
3.850812E-02 -1.482955E-02 4.555515E-04
3.773550E-02 -1.432744E-02 4.484229E-04
3.766937E-02 -1.416086E-02 3.954806E-04
3.840951E-02 -1.460780E-02 4.097372E-04
3.841235E-02 -1.442414E-02 2.676066E-04
3.770613E-02 -1.403393E-02 2.504070E-04
3.788621E-02 -1.395081E-02 -2.167691E-05
3.853586E-02 -1.427194E-02 -3.152917E-06
3.880547E-02 -1.413593E-02 -4.541412E-04
3.826319E-02 -1.390798E-02 -4.855736E-04
3.889690E-02 -1.387301E-02 -1.260816E-03
3.924028E-02 -1.397507E-02 -1.169357E-03
3.981715E-02 -1.368496E-02 -2.277323E-03
3.980901E-02 -1.372185E-02 -2.563013E-03
4.080424E-02 -1.307392E-02 -4.719111E-03
4.037816E-02 -1.302817E-02 -3.932935E-03
4.047683E-02 -1.158615E-02 -6.169873E-03
4.104360E-02 -1.109625E-02 -7.864402E-03
3.913510E-02 -7.130174E-03 -1.100905E-02
3.942218E-02 -8.987609E-03 -8.569291E-03
3.695296E-02 -5.457892E-03 -1.030297E-02
3.512342E-02 -2.084442E-03 -1.258497E-02
3.046011E-02 2.771314E-03 -1.277890E-02
3.367772E-02 -1.728926E-03 -1.098102E-02
3.022702E-02 1.791061E-03 -1.097930E-02
2.514391E-02 7.778274E-03 -1.270202E-02
2.045752E-02 1.298764E-02 -9.437522E-03
2.649340E-02 5.354831E-03 -1.074702E-02
2.263828E-02 9.261818E-03 -9.158796E-03
2.398784E-02 1.285444E-02 3.811362E-04
2.916439E-02 9.303670E-03 5.084063E-03
2.242170E-02 1.123944E-02 -3.218127E-03
2.594276E-02 9.807029E-03 2.516397E-03
3.198219E-02 6.442382E-03 5.795476E-03
3.326570E-02 4.506531E-03 5.396384E-03
2.897182E-02 7.614218E-03 4.752207E-03
3.086807E-02 5.742449E-03 5.243200E-03
3.369409E-02 3.272529E-03 4.763587E-03
3.367302E-02 2.508830E-03 4.148644E-03
3.188909E-02 4.349006E-03 5.051153E-03
3.232719E-02 3.387546E-03 4.626641E-03
3.342368E-02 2.048951E-03 3.612897E-03
3.306235E-02 1.786635E-03 3.160158E-03
3.240956E-02 2.754235E-03 4.156067E-03
3.228481E-02 2.353980E-03 3.708954E-03
3.265051E-02 1.655393E-03 2.779095E-03
3.222143E-02 1.612875E-03 2.456309E-03
3.204331E-02 2.116186E-03 3.306223E-03
3.173904E-02 1.991698E-03 2.950025E-03
3.179357E-02 1.631281E-03 2.179961E-03
3.137743E-02 1.691753E-03 1.940442E-03
3.140448E-02 1.946671E-03 2.635992E-03
3.105947E-02 1.957557E-03 2.358080E-03
3.097910E-02 1.781070E-03 1.730191E-03
3.060217E-02 1.889672E-03 1.543327E-03
3.071640E-02 2.007665E-03 2.110372E-03
3.038315E-02 2.084893E-03 1.887678E-03
3.024875E-02 2.010443E-03 1.375280E-03
2.992012E-02 2.137950E-03 1.222506E-03
3.006482E-02 2.180268E-03 1.685663E-03
2.976476E-02 2.286989E-03 1.500785E-03
2.961702E-02 2.267949E-03 1.082248E-03
2.933986E-02 2.397073E-03 9.523664E-04
2.948520E-02 2.399802E-03 1.330197E-03
2.922762E-02 2.514582E-03 1.171630E-03
2.908882E-02 2.522618E-03 8.312041E-04
2.886392E-02 2.642408E-03 7.174845E-04
2.899297E-02 2.628056E-03 1.023291E-03
2.878184E-02 2.737613E-03 8.837797E-04
2.866504E-02 2.754699E-03 6.102362E-04
2.849195E-02 2.858121E-03 5.087327E-04
2.859453E-02 2.841176E-03 7.520140E-04
2.843111E-02 2.937111E-03 6.271754E-04
2.834427E-02 2.951635E-03 4.124464E-04
2.822154E-02 3.034506E-03 3.210112E-04
2.829146E-02 3.024172E-03 5.086610E-04
2.817531E-02 3.101452E-03 3.960455E-04
2.812314E-02 3.106278E-03 2.342013E-04
2.804834E-02 3.166770E-03 1.519770E-04
2.808221E-02 3.168356E-03 2.890615E-04
2.801157E-02 3.224583E-03 1.876614E-04
2.799615E-02 3.216122E-03 7.501960E-05
2.796509E-02 3.255327E-03 9.081618E-06
2.796255E-02 3.270170E-03 9.268462E-05
2.793377E-02 3.306003E-03 1.122572E-05
4.040648E-02 -1.572474E-02 5.806969E-04
4.018474E-02 -1.539168E-02 2.506666E-05
4.059342E-02 -1.604043E-02 8.531222E-04
4.060053E-02 -1.604789E-02 5.510621E-04
4.050250E-02 -1.591141E-02 2.225565E-05
4.069693E-02 -1.618471E-02 8.838339E-04
4.059478E-02 -1.623632E-02 8.554659E-04
4.035018E-02 -1.621698E-02 7.188720E-04
4.071603E-02 -1.627715E-02 1.006388E-03
4.059806E-02 -1.626488E-02 9.620072E-04
3.996258E-02 -1.599875E-02 5.969577E-04
3.958203E-02 -1.568604E-02 5.384449E-04
4.035262E-02 -1.611570E-02 8.359843E-04
4.005953E-02 -1.585817E-02 6.975446E-04
3.928940E-02 -1.536581E-02 5.039415E-04
3.910514E-02 -1.507463E-02 4.383843E-04
3.980402E-02 -1.555122E-02 5.569477E-04
3.963431E-02 -1.523852E-02 3.818545E-04
3.903082E-02 -1.481821E-02 2.973058E-04
3.906874E-02 -1.458810E-02 4.164114E-05
3.956651E-02 -1.493465E-02 1.271742E-04
3.959986E-02 -1.462957E-02 -2.536990E-04
3.922320E-02 -1.436426E-02 -3.734226E-04
3.949038E-02 -1.410598E-02 -1.007838E-03
3.971999E-02 -1.429057E-02 -8.100742E-04
3.988753E-02 -1.385535E-02 -1.594483E-03
3.983353E-02 -1.373123E-02 -1.939905E-03
4.013434E-02 -1.308636E-02 -3.248004E-03
4.001333E-02 -1.322042E-02 -2.650477E-03
3.993187E-02 -1.224157E-02 -3.973996E-03
4.013139E-02 -1.193584E-02 -4.936035E-03
3.944412E-02 -1.006048E-02 -6.796929E-03
3.941466E-02 -1.078138E-02 -5.450794E-03
3.828111E-02 -8.815364E-03 -6.835251E-03
3.783112E-02 -7.488782E-03 -8.391383E-03
3.547355E-02 -4.568267E-03 -9.350123E-03
3.655169E-02 -6.499072E-03 -7.862115E-03
3.444788E-02 -4.076981E-03 -8.416643E-03
3.280128E-02 -1.671540E-03 -9.666604E-03
3.007098E-02 1.080732E-03 -9.590396E-03
3.221200E-02 -1.720558E-03 -8.568332E-03
2.995383E-02 5.396313E-04 -8.460176E-03
2.721033E-02 3.838771E-03 -9.296656E-03
2.423157E-02 6.793476E-03 -8.266013E-03
2.763583E-02 2.790545E-03 -8.154735E-03
2.526702E-02 5.133851E-03 -7.371046E-03
2.273154E-02 9.114289E-03 -4.815985E-03
2.423828E-02 9.269742E-03 7.221149E-05
2.354862E-02 7.253957E-03 -5.225910E-03
2.369809E-02 8.206189E-03 -1.631114E-03
2.668327E-02 8.038472E-03 3.152549E-03
2.867369E-02 6.575607E-03 4.473047E-03
2.523407E-02 7.859010E-03 1.522829E-03
2.693890E-02 6.939994E-03 3.374170E-03
3.003236E-02 5.269666E-03 4.846194E-03
3.084089E-02 4.241365E-03 4.752880E-03
2.834600E-02 5.905482E-03 4.255959E-03
2.935829E-02 4.958578E-03 4.543793E-03
3.124131E-02 3.492558E-03 4.455656E-03
3.136625E-02 2.975797E-03 4.088492E-03
3.000207E-02 4.185794E-03 4.495225E-03
3.035257E-02 3.601245E-03 4.274966E-03
3.131496E-02 2.636395E-03 3.713668E-03
3.115494E-02 2.427958E-03 3.357195E-03
3.049049E-02 3.183492E-03 3.979141E-03
3.048279E-02 2.900706E-03 3.659295E-03
3.093057E-02 2.314934E-03 3.027958E-03
3.067077E-02 2.270999E-03 2.727199E-03
3.037931E-02 2.722351E-03 3.341082E-03
3.021539E-02 2.622905E-03 3.036147E-03
3.039452E-02 2.276795E-03 2.453009E-03
3.011444E-02 2.317985E-03 2.202405E-03
3.001565E-02 2.582183E-03 2.748899E-03
2.979719E-02 2.584544E-03 2.480178E-03
2.983901E-02 2.383820E-03 1.972259E-03
2.957400E-02 2.466125E-03 1.759684E-03
2.957191E-02 2.617929E-03 2.229171E-03
2.934816E-02 2.673003E-03 1.994405E-03
2.932340E-02 2.558584E-03 1.562175E-03
2.908996E-02 2.656264E-03 1.377631E-03
2.913181E-02 2.742489E-03 1.774241E-03
2.892703E-02 2.820677E-03 1.567111E-03
2.887556E-02 2.755267E-03 1.204332E-03
2.868146E-02 2.852501E-03 1.040895E-03
2.873673E-02 2.903052E-03 1.371620E-03
2.856295E-02 2.986034E-03 1.186582E-03
2.850846E-02 2.945514E-03 8.862258E-04
2.835703E-02 3.032380E-03 7.394819E-04
2.840708E-02 3.066786E-03 1.011018E-03
2.827000E-02 3.143074E-03 8.441439E-04
2.822734E-02 3.111615E-03 6.000275E-04
2.811934E-02 3.182120E-03 4.674041E-04
2.815223E-02 3.213167E-03 6.853471E-04
2.805398E-02 3.275763E-03 5.341697E-04
2.803278E-02 3.243140E-03 3.413149E-04
2.796725E-02 3.294237E-03 2.217078E-04
2.797523E-02 3.329931E-03 3.903033E-04
2.791578E-02 3.375088E-03 2.536968E-04
2.792208E-02 3.335329E-03 1.095730E-04
2.789604E-02 3.367170E-03 1.327995E-05
2.787513E-02 3.411018E-03 1.254818E-04
2.785223E-02 3.438324E-03 1.522081E-05
4.080143E-02 -1.637810E-02 5.243967E-04
4.079221E-02 -1.638661E-02 2.012914E-05
4.082345E-02 -1.637653E-02 8.760765E-04
4.100014E-02 -1.670339E-02 4.973002E-04
4.106144E-02 -1.683039E-02 1.820659E-05
4.096051E-02 -1.658707E-02 8.459340E-04
4.082067E-02 -1.636147E-02 1.056325E-03
4.075427E-02 -1.629984E-02 1.076524E-03
4.092403E-02 -1.647132E-02 1.045638E-03
4.086737E-02 -1.633760E-02 1.096790E-03
4.060814E-02 -1.615889E-02 9.739377E-04
4.040873E-02 -1.593029E-02 7.964393E-04
4.077242E-02 -1.616132E-02 1.012373E-03
4.063978E-02 -1.592292E-02 8.168100E-04
4.021021E-02 -1.563460E-02 5.708329E-04
4.006048E-02 -1.529952E-02 2.891626E-04
4.049159E-02 -1.561717E-02 5.322624E-04
4.035670E-02 -1.524883E-02 1.635198E-04
3.998221E-02 -1.493718E-02 -8.072709E-05
3.997121E-02 -1.453477E-02 -5.803500E-04
4.025048E-02 -1.481788E-02 -3.045278E-04
4.016228E-02 -1.430659E-02 -8.972797E-04
3.999590E-02 -1.405196E-02 -1.250708E-03
3.998947E-02 -1.341951E-02 -2.121262E-03
4.004988E-02 -1.367469E-02 -1.635908E-03
3.983834E-02 -1.286367E-02 -2.520330E-03
3.984035E-02 -1.254435E-02 -3.188609E-03
3.940115E-02 -1.133583E-02 -4.385638E-03
3.942850E-02 -1.181326E-02 -3.510906E-03
3.872558E-02 -1.049136E-02 -4.519253E-03
3.854128E-02 -9.759032E-03 -5.567522E-03
3.722846E-02 -7.879765E-03 -6.555278E-03
3.768442E-02 -8.922807E-03 -5.426146E-03
3.633935E-02 -7.189810E-03 -6.127628E-03
3.556076E-02 -5.843053E-03 -7.225089E-03
3.370187E-02 -3.792371E-03 -7.561320E-03
3.478691E-02 -5.395574E-03 -6.576886E-03
3.313415E-02 -3.620070E-03 -6.788842E-03
3.178393E-02 -1.805680E-03 -7.629456E-03
2.985831E-02 1.140475E-04 -7.508446E-03
3.145481E-02 -1.899061E-03 -6.811498E-03
2.977578E-02 -2.277793E-04 -6.687787E-03
2.790881E-02 2.017880E-03 -7.214182E-03
2.595271E-02 3.958081E-03 -6.577050E-03
2.809246E-02 1.424542E-03 -6.414674E-03
2.642571E-02 3.084689E-03 -5.882370E-03
2.433110E-02 5.799957E-03 -5.120459E-03
2.379372E-02 7.031658E-03 -2.579223E-03
2.496128E-02 4.686386E-03 -4.819804E-03
2.413688E-02 5.956056E-03 -3.002246E-03
2.449112E-02 7.307799E-03 1.807889E-04
2.572736E-02 6.913221E-03 2.221422E-03
2.423433E-02 6.591693E-03 -7.701877E-04
2.497887E-02 6.620413E-03 1.195181E-03
2.697059E-02 6.226533E-03 3.451415E-03
2.801222E-02 5.469005E-03 4.077434E-03
2.594622E-02 6.277033E-03 2.593068E-03
2.688638E-02 5.757640E-03 3.461381E-03
2.878787E-02 4.765683E-03 4.297518E-03
2.930542E-02 4.177441E-03 4.265765E-03
2.768233E-02 5.191630E-03 3.918729E-03
2.829021E-02 4.661210E-03 4.082705E-03
2.960746E-02 3.719970E-03 4.090960E-03
2.974499E-02 3.384196E-03 3.842845E-03
2.871148E-02 4.209554E-03 4.052494E-03
2.897158E-02 3.850810E-03 3.902900E-03
2.976398E-02 3.151370E-03 3.562852E-03
2.970123E-02 3.001232E-03 3.274180E-03
2.910388E-02 3.581854E-03 3.685369E-03
2.914054E-02 3.391530E-03 3.432952E-03
2.958451E-02 2.915453E-03 2.989100E-03
2.943425E-02 2.878644E-03 2.713633E-03
2.910887E-02 3.266252E-03 3.165854E-03
2.903057E-02 3.192801E-03 2.895939E-03
2.926527E-02 2.878306E-03 2.450340E-03
2.908832E-02 2.904439E-03 2.199947E-03
2.892230E-02 3.159466E-03 2.629900E-03
2.879661E-02 3.156335E-03 2.371322E-03
2.891114E-02 2.949081E-03 1.962246E-03
2.873933E-02 3.005894E-03 1.736613E-03
2.866285E-02 3.175218E-03 2.121970E-03
2.852793E-02 3.209435E-03 1.882571E-03
2.857690E-02 3.069829E-03 1.522270E-03
2.842671E-02 3.136866E-03 1.318440E-03
2.839690E-02 3.253578E-03 1.653278E-03
2.827343E-02 3.303291E-03 1.433944E-03
2.829077E-02 3.203804E-03 1.124403E-03
2.817043E-02 3.268119E-03 9.395376E-04
2.816016E-02 3.355084E-03 1.224278E-03
2.805893E-02 3.406183E-03 1.023937E-03
2.806657E-02 3.327836E-03 7.633238E-04
2.797971E-02 3.381451E-03 5.953461E-04
2.797098E-02 3.454403E-03 8.325727E-04
2.789713E-02 3.498061E-03 6.498625E-04
2.791006E-02 3.427865E-03 4.353078E-04
2.785764E-02 3.466337E-03 2.831665E-04
2.783788E-02 3.535894E-03 4.755501E-04
2.779343E-02 3.567021E-03 3.096133E-04
2.782217E-02 3.496515E-03 1.401860E-04
2.780279E-02 3.518833E-03 1.702208E-05
2.776375E-02 3.590947E-03 1.534377E-04
2.774822E-02 3.607925E-03 1.865464E-05
4.119066E-02 -1.701589E-02 4.672568E-04
4.131269E-02 -1.724725E-02 1.631925E-05
4.109720E-02 -1.679817E-02 7.991706E-04
4.136841E-02 -1.730945E-02 4.328949E-04
4.154582E-02 -1.763722E-02 1.438924E-05
4.122523E-02 -1.699785E-02 7.386383E-04
4.102320E-02 -1.658809E-02 9.950933E-04
4.095380E-02 -1.637369E-02 1.051760E-03
4.111143E-02 -1.669761E-02 9.164808E-04
4.101563E-02 -1.639907E-02 9.622508E-04
4.087326E-02 -1.613646E-02 9.713650E-04
4.077148E-02 -1.585511E-02 7.634054E-04
4.092348E-02 -1.608667E-02 8.740048E-04
4.081993E-02 -1.573961E-02 6.540245E-04
4.064869E-02 -1.551154E-02 4.409213E-04
4.051123E-02 -1.509265E-02 1.242404E-05
4.069207E-02 -1.533464E-02 3.092495E-04
4.052870E-02 -1.484890E-02 -1.508464E-04
4.035915E-02 -1.458473E-02 -5.226406E-04
4.017341E-02 -1.396566E-02 -1.169281E-03
4.031505E-02 -1.426004E-02 -7.161827E-04
4.002570E-02 -1.354498E-02 -1.373852E-03
3.991007E-02 -1.320214E-02 -1.924713E-03
3.950495E-02 -1.225712E-02 -2.764134E-03
3.962254E-02 -1.268117E-02 -2.101348E-03
3.906187E-02 -1.165360E-02 -2.859962E-03
3.889090E-02 -1.110663E-02 -3.632286E-03
3.802498E-02 -9.758466E-03 -4.449870E-03
3.831008E-02 -1.046516E-02 -3.595262E-03
3.735990E-02 -9.142803E-03 -4.248105E-03
3.691134E-02 -8.258591E-03 -5.137188E-03
3.560148E-02 -6.676601E-03 -5.642144E-03
3.623643E-02 -7.732921E-03 -4.771539E-03
3.498803E-02 -6.287268E-03 -5.143117E-03
3.417029E-02 -5.079471E-03 -5.953195E-03
3.268583E-02 -3.511516E-03 -6.090982E-03
3.366851E-02 -4.848119E-03 -5.365576E-03
3.232143E-02 -3.440324E-03 -5.457598E-03
3.119102E-02 -1.989159E-03 -6.088171E-03
2.970171E-02 -5.061991E-04 -5.967691E-03
3.097301E-02 -2.071222E-03 -5.440866E-03
2.963368E-02 -7.350774E-04 -5.327216E-03
2.821920E-02 9.564340E-04 -5.719583E-03
2.676416E-02 2.412496E-03 -5.269460E-03
2.830750E-02 5.802743E-04 -5.104983E-03
2.701317E-02 1.881882E-03 -4.722129E-03
2.544811E-02 3.824826E-03 -4.454531E-03
2.453023E-02 5.042234E-03 -3.115646E-03
2.582292E-02 3.146703E-03 -4.076022E-03
2.489614E-02 4.286900E-03 -3.058667E-03
2.425807E-02 5.851407E-03 -1.366528E-03
2.458410E-02 6.178772E-03 3.786161E-04
2.441698E-02 5.161510E-03 -1.695414E-03
2.443021E-02 5.677589E-03 -2.163097E-04
2.524419E-02 6.130299E-03 1.793167E-03
2.600810E-02 5.850947E-03 2.796444E-03
2.480435E-02 5.858891E-03 1.112685E-03
2.536377E-02 5.794203E-03 2.157039E-03
2.673851E-02 5.455526E-03 3.429884E-03
2.736195E-02 5.027844E-03 3.766598E-03
2.597591E-02 5.573968E-03 2.897729E-03
2.655597E-02 5.272713E-03 3.366202E-03
2.784820E-02 4.624044E-03 3.882562E-03
2.819653E-02 4.275249E-03 3.845060E-03
2.705520E-02 4.947748E-03 3.611220E-03
2.745249E-02 4.638545E-03 3.684883E-03
2.842283E-02 3.993364E-03 3.707322E-03
2.854957E-02 3.778097E-03 3.508033E-03
2.774642E-02 4.367938E-03 3.634780E-03
2.794726E-02 4.145672E-03 3.499976E-03
2.859968E-02 3.622780E-03 3.273649E-03
2.859352E-02 3.518208E-03 3.021512E-03
2.807052E-02 3.972758E-03 3.310165E-03
2.813272E-02 3.845240E-03 3.086737E-03
2.854798E-02 3.454805E-03 2.762639E-03
2.847646E-02 3.423676E-03 2.503863E-03
2.814911E-02 3.756849E-03 2.844533E-03
2.813272E-02 3.700648E-03 2.593594E-03
2.838937E-02 3.417024E-03 2.249321E-03
2.829460E-02 3.428232E-03 2.001444E-03
2.809419E-02 3.669927E-03 2.340592E-03
2.804193E-02 3.658629E-03 2.089892E-03
2.819809E-02 3.451799E-03 1.761603E-03
2.810422E-02 3.483214E-03 1.530511E-03
2.798245E-02 3.661505E-03 1.844302E-03
2.792066E-02 3.674129E-03 1.605587E-03
2.801621E-02 3.518814E-03 1.308472E-03
2.793634E-02 3.555659E-03 1.095545E-03
2.786022E-02 3.692838E-03 1.374805E-03
2.780381E-02 3.714647E-03 1.152537E-03
2.786624E-02 3.591413E-03 8.916404E-04
2.780701E-02 3.624252E-03 6.965868E-04
2.775337E-02 3.737154E-03 9.390389E-04
2.771028E-02 3.758459E-03 7.343501E-04
2.775940E-02 3.652782E-03 5.102015E-04
2.772385E-02 3.675996E-03 3.324967E-04
2.767551E-02 3.777086E-03 5.383986E-04
2.764973E-02 3.791932E-03 3.512477E-04
2.770055E-02 3.693269E-03 1.649679E-04
2.768912E-02 3.704665E-03 2.008645E-05
2.763334E-02 3.802262E-03 1.744909E-04
2.762622E-02 3.807951E-03 2.128290E-05
4.152970E-02 -1.757893E-02 3.938592E-04
4.175939E-02 -1.799804E-02 1.239676E-05
4.133855E-02 -1.717805E-02 6.667869E-04
4.167166E-02 -1.782021E-02 3.506472E-04
4.195149E-02 -1.832659E-02 1.036390E-05
4.143300E-02 -1.733352E-02 5.864809E-04
4.118242E-02 -1.679029E-02 8.180668E-04
4.105046E-02 -1.640623E-02 8.438117E-04
4.123173E-02 -1.686045E-02 7.069482E-04
4.105592E-02 -1.639097E-02 7.090787E-04
4.092801E-02 -1.601126E-02 7.412438E-04
4.079698E-02 -1.558527E-02 5.104696E-04
4.088967E-02 -1.591060E-02 5.909656E-04
4.071278E-02 -1.540021E-02 3.533963E-04
4.063706E-02 -1.510404E-02 1.564576E-04
4.042645E-02 -1.454179E-02 -3.098848E-04
4.050140E-02 -1.483696E-02 2.217875E-06
4.022932E-02 -1.419684E-02 -4.495072E-04
4.014122E-02 -1.387420E-02 -8.712565E-04
3.975430E-02 -1.308134E-02 -1.502968E-03
3.986998E-02 -1.345849E-02 -9.802526E-04
3.939909E-02 -1.260767E-02 -1.560126E-03
3.923727E-02 -1.215147E-02 -2.171400E-03
3.856706E-02 -1.108574E-02 -2.834363E-03
3.879840E-02 -1.164120E-02 -2.152722E-03
3.806031E-02 -1.056911E-02 -2.719190E-03
3.773520E-02 -9.901545E-03 -3.446152E-03
3.675379E-02 -8.630906E-03 -3.966836E-03
3.719125E-02 -9.413610E-03 -3.224218E-03
3.621138E-02 -8.204565E-03 -3.642062E-03
3.565336E-02 -7.313097E-03 -4.371110E-03
3.447364E-02 -5.984828E-03 -4.651700E-03
3.514986E-02 -6.972800E-03 -3.959979E-03
3.403787E-02 -5.744064E-03 -4.177656E-03
3.325255E-02 -4.672865E-03 -4.816128E-03
3.201864E-02 -3.391422E-03 -4.879417E-03
3.290240E-02 -4.535632E-03 -4.303347E-03
3.176280E-02 -3.355845E-03 -4.348569E-03
3.078875E-02 -2.143506E-03 -4.855881E-03
2.957043E-02 -9.243099E-04 -4.751227E-03
3.063051E-02 -2.205665E-03 -4.322777E-03
2.951138E-02 -1.081217E-03 -4.228338E-03
2.836882E-02 2.741507E-04 -4.554281E-03
2.720011E-02 1.455441E-03 -4.227763E-03
2.841078E-02 2.287964E-05 -4.055393E-03
2.734245E-02 1.108372E-03 -3.776748E-03
2.611376E-02 2.604240E-03 -3.704252E-03
2.521221E-02 3.666797E-03 -2.910529E-03
2.634172E-02 2.164580E-03 -3.346586E-03
2.547724E-02 3.157019E-03 -2.714577E-03
2.462576E-02 4.551102E-03 -1.840820E-03
2.442409E-02 5.175171E-03 -6.168174E-04
2.484058E-02 4.024960E-03 -1.866035E-03
2.449928E-02 4.704150E-03 -8.634252E-04
2.455991E-02 5.522081E-03 5.726906E-04
2.491844E-02 5.634703E-03 1.588182E-03
2.445072E-02 5.162883E-03 1.686791E-04
2.463037E-02 5.413409E-03 1.110641E-03
2.538839E-02 5.576124E-03 2.373783E-03
2.588662E-02 5.406686E-03 2.927533E-03
2.495501E-02 5.493936E-03 1.891796E-03
2.535158E-02 5.449255E-03 2.487397E-03
2.635699E-02 5.177921E-03 3.273015E-03
2.676597E-02 4.930369E-03 3.444825E-03
2.576440E-02 5.321954E-03 2.900681E-03
2.615461E-02 5.149040E-03 3.149984E-03
2.709855E-02 4.692465E-03 3.480365E-03
2.735315E-02 4.481252E-03 3.414527E-03
2.649854E-02 4.959922E-03 3.261063E-03
2.678518E-02 4.775530E-03 3.261832E-03
2.753654E-02 4.304640E-03 3.276825E-03
2.765954E-02 4.164209E-03 3.090553E-03
2.701294E-02 4.608814E-03 3.178738E-03
2.718623E-02 4.466234E-03 3.034709E-03
2.773411E-02 4.057700E-03 2.873235E-03
2.777159E-02 3.980884E-03 2.637616E-03
2.731256E-02 4.349612E-03 2.848422E-03
2.740047E-02 4.257827E-03 2.634435E-03
2.778194E-02 3.928793E-03 2.392758E-03
2.777343E-02 3.896445E-03 2.144994E-03
2.745830E-02 4.188140E-03 2.403747E-03
2.749346E-02 4.137107E-03 2.164470E-03
2.775268E-02 3.879240E-03 1.898682E-03
2.772486E-02 3.873127E-03 1.656767E-03
2.751220E-02 4.101160E-03 1.922476E-03
2.751956E-02 4.076934E-03 1.681925E-03
2.769392E-02 3.874653E-03 1.421181E-03
2.766279E-02 3.880946E-03 1.193130E-03
2.751951E-02 4.061428E-03 1.445687E-03
2.751509E-02 4.052065E-03 1.215659E-03
2.763364E-02 3.889655E-03 9.732938E-04
2.760807E-02 3.898890E-03 7.619811E-04
2.750858E-02 4.046687E-03 9.930062E-04
2.750171E-02 4.043521E-03 7.783529E-04
2.758724E-02 3.907156E-03 5.592673E-04
2.757202E-02 3.913303E-03 3.652846E-04
2.749577E-02 4.041135E-03 5.719555E-04
2.749178E-02 4.038394E-03 3.740328E-04
2.756299E-02 3.916520E-03 1.817104E-04
2.756032E-02 3.916496E-03 2.220740E-05
2.749049E-02 4.034450E-03 1.863301E-04
2.749233E-02 4.028825E-03 2.282236E-05
4.179237E-02 -1.803038E-02 3.044380E-04
4.212041E-02 -1.861976E-02 8.340132E-06
4.150620E-02 -1.746141E-02 5.011438E-04
4.189098E-02 -1.820793E-02 2.568959E-04
4.226499E-02 -1.887524E-02 6.390343E-06
4.155749E-02 -1.756100E-02 4.145896E-04
4.125712E-02 -1.690571E-02 5.898545E-04
4.103157E-02 -1.635254E-02 5.688639E-04
4.125866E-02 -1.692643E-02 4.731939E-04
4.097949E-02 -1.629316E-02 4.323847E-04
4.081228E-02 -1.578763E-02 4.379517E-04
4.057801E-02 -1.519336E-02 1.998841E-04
4.070185E-02 -1.564766E-02 2.938359E-04
4.040470E-02 -1.497446E-02 6.250863E-05
4.030420E-02 -1.454981E-02 -1.374257E-04
3.996485E-02 -1.383724E-02 -5.589375E-04
4.006494E-02 -1.425743E-02 -2.517146E-04
3.965956E-02 -1.348199E-02 -6.327761E-04
3.953553E-02 -1.303971E-02 -1.041611E-03
3.899728E-02 -1.214904E-02 -1.555471E-03
3.916874E-02 -1.263789E-02 -1.058344E-03
3.857939E-02 -1.172199E-02 -1.501462E-03
3.834033E-02 -1.116760E-02 -2.066894E-03
3.756651E-02 -1.010861E-02 -2.543489E-03
3.788780E-02 -1.073956E-02 -1.933909E-03
3.710043E-02 -9.703649E-03 -2.330344E-03
3.668903E-02 -8.993463E-03 -2.959123E-03
3.572959E-02 -7.846976E-03 -3.297305E-03
3.623218E-02 -8.632270E-03 -2.671838E-03
3.530303E-02 -7.544662E-03 -2.947606E-03
3.471357E-02 -6.692408E-03 -3.551887E-03
3.366518E-02 -5.547857E-03 -3.725173E-03
3.433402E-02 -6.457873E-03 -3.154627E-03
3.334399E-02 -5.384615E-03 -3.295680E-03
3.260408E-02 -4.424747E-03 -3.824513E-03
3.154398E-02 -3.328124E-03 -3.858495E-03
3.234768E-02 -4.332585E-03 -3.376643E-03
3.135524E-02 -3.304906E-03 -3.403746E-03
3.049309E-02 -2.258020E-03 -3.833364E-03
2.945626E-02 -1.211373E-03 -3.749700E-03
3.037296E-02 -2.301218E-03 -3.381066E-03
2.940503E-02 -1.319127E-03 -3.308258E-03
2.843868E-02 -1.844741E-04 -3.599167E-03
2.745190E-02 8.234705E-04 -3.361651E-03
2.845634E-02 -3.560251E-04 -3.178442E-03
2.753662E-02 5.883762E-04 -2.976587E-03
2.652204E-02 1.804768E-03 -3.005157E-03
2.569688E-02 2.736370E-03 -2.494462E-03
2.666572E-02 1.508396E-03 -2.679864E-03
2.587806E-02 2.388074E-03 -2.263191E-03
2.504146E-02 3.577339E-03 -1.814067E-03
2.461299E-02 4.279564E-03 -9.951681E-04
2.522071E-02 3.199130E-03 -1.712885E-03
2.473971E-02 3.906037E-03 -1.043913E-03
2.442890E-02 4.809523E-03 -1.168512E-04
2.445946E-02 5.162226E-03 7.282259E-04
2.445939E-02 4.478719E-03 -3.055434E-04
2.437140E-02 4.904135E-03 4.345489E-04
2.464873E-02 5.356531E-03 1.470005E-03
2.493802E-02 5.422626E-03 2.071424E-03
2.444210E-02 5.187899E-03 1.115034E-03
2.462802E-02 5.347963E-03 1.694960E-03
2.527706E-02 5.393297E-03 2.521148E-03
2.562679E-02 5.299744E-03 2.824217E-03
2.488704E-02 5.407771E-03 2.154060E-03
2.518316E-02 5.392004E-03 2.487580E-03
2.595945E-02 5.169234E-03 2.995466E-03
2.625781E-02 5.023564E-03 3.054872E-03
2.548800E-02 5.324107E-03 2.701286E-03
2.578110E-02 5.224600E-03 2.807630E-03
2.651351E-02 4.878477E-03 3.024024E-03
2.672487E-02 4.744028E-03 2.923602E-03
2.604944E-02 5.109997E-03 2.822696E-03
2.628632E-02 4.992438E-03 2.763734E-03
2.689453E-02 4.625601E-03 2.771891E-03
2.702752E-02 4.525163E-03 2.584164E-03
2.648981E-02 4.879971E-03 2.647378E-03
2.666115E-02 4.777251E-03 2.488539E-03
2.712979E-02 4.442433E-03 2.372661E-03
2.720721E-02 4.375829E-03 2.146884E-03
2.680342E-02 4.686405E-03 2.299895E-03
2.692044E-02 4.607844E-03 2.091793E-03
2.726512E-02 4.323142E-03 1.914019E-03
2.730804E-02 4.281983E-03 1.679365E-03
2.701614E-02 4.540941E-03 1.872396E-03
2.709412E-02 4.484518E-03 1.647950E-03
2.733966E-02 4.250049E-03 1.446714E-03
2.736290E-02 4.225254E-03 1.218674E-03
2.715748E-02 4.437187E-03 1.423073E-03
2.720877E-02 4.397547E-03 1.201040E-03
2.738002E-02 4.205788E-03 9.969262E-04
2.739275E-02 4.190120E-03 7.824386E-04
2.725005E-02 4.364295E-03 9.840340E-04
2.728294E-02 4.336269E-03 7.733758E-04
2.740245E-02 4.176974E-03 5.756742E-04
2.741021E-02 4.165305E-03 3.769521E-04
2.730876E-02 4.312454E-03 5.697446E-04
2.732863E-02 4.291973E-03 3.735677E-04
2.741694E-02 4.154279E-03 1.880667E-04
2.742328E-02 4.143280E-03 2.309075E-05
2.734352E-02 4.274071E-03 1.866657E-04
2.735428E-02 4.258024E-03 2.297796E-05
4.196778E-02 -1.835289E-02 2.099449E-04
4.238495E-02 -1.909193E-02 4.584474E-06
4.158783E-02 -1.763345E-02 3.306977E-04
4.202415E-02 -1.846678E-02 1.655229E-04
4.248099E-02 -1.927027E-02 2.988430E-06
4.159958E-02 -1.768144E-02 2.530354E-04
4.123854E-02 -1.692515E-02 3.627645E-04
4.090408E-02 -1.621724E-02 3.071054E-04
4.120063E-02 -1.690592E-02 2.633788E-04
4.081155E-02 -1.613042E-02 1.985255E-04
4.056643E-02 -1.549755E-02 1.670569E-04
4.020588E-02 -1.475330E-02 -5.068660E-05
4.041535E-02 -1.534465E-02 6.296866E-05
3.999458E-02 -1.453880E-02 -1.356451E-04
3.980220E-02 -1.397240E-02 -3.350786E-04
3.933667E-02 -1.314519E-02 -6.702632E-04
3.953257E-02 -1.370456E-02 -3.861094E-04
3.901512E-02 -1.283638E-02 -6.738132E-04
3.879470E-02 -1.226625E-02 -1.036129E-03
3.816831E-02 -1.133589E-02 -1.410100E-03
3.843234E-02 -1.193241E-02 -9.816450E-04
3.778013E-02 -1.099499E-02 -1.291612E-03
3.745761E-02 -1.036046E-02 -1.769908E-03
3.667062E-02 -9.351225E-03 -2.096544E-03
3.706070E-02 -1.003035E-02 -1.586850E-03
3.628193E-02 -9.047575E-03 -1.853496E-03
3.582125E-02 -8.322209E-03 -2.376452E-03
3.492643E-02 -7.287567E-03 -2.602323E-03
3.545569E-02 -8.056972E-03 -2.081908E-03
3.459557E-02 -7.068490E-03 -2.266956E-03
3.400308E-02 -6.259416E-03 -2.772464E-03
3.306586E-02 -5.246567E-03 -2.889195E-03
3.371481E-02 -6.090408E-03 -2.407441E-03
3.282481E-02 -5.128611E-03 -2.504935E-03
3.212611E-02 -4.254190E-03 -2.956840E-03
3.119167E-02 -3.284200E-03 -2.979748E-03
3.193439E-02 -4.186433E-03 -2.562365E-03
3.104981E-02 -3.264938E-03 -2.582596E-03
3.026763E-02 -2.336077E-03 -2.960491E-03
2.935776E-02 -1.407944E-03 -2.898262E-03
3.017538E-02 -2.363510E-03 -2.567126E-03
2.931457E-02 -1.480648E-03 -2.514931E-03
2.846662E-02 -4.979394E-04 -2.787463E-03
2.760247E-02 3.939598E-04 -2.616776E-03
2.847164E-02 -6.149936E-04 -2.421490E-03
2.765372E-02 2.333354E-04 -2.278240E-03
2.678080E-02 1.263463E-03 -2.369645E-03
2.602719E-02 2.099170E-03 -2.027945E-03
2.687320E-02 1.061027E-03 -2.073037E-03
2.614967E-02 1.859699E-03 -1.792638E-03
2.537649E-02 2.881035E-03 -1.580401E-03
2.486514E-02 3.582775E-03 -1.033657E-03
2.550955E-02 2.614766E-03 -1.428056E-03
2.498173E-02 3.306571E-03 -9.817498E-04
2.451811E-02 4.179192E-03 -4.181789E-04
2.433895E-02 4.654588E-03 2.182496E-04
2.458926E-02 3.914612E-03 -4.725338E-04
2.434161E-02 4.423284E-03 6.647801E-05
2.431027E-02 5.006489E-03 8.257836E-04
2.440242E-02 5.243528E-03 1.365185E-03
2.423236E-02 4.825745E-03 5.966380E-04
2.424308E-02 5.124100E-03 1.083429E-03
2.458233E-02 5.381023E-03 1.812049E-03
2.481889E-02 5.437316E-03 2.155227E-03
2.434941E-02 5.327086E-03 1.501884E-03
2.452592E-02 5.447390E-03 1.837408E-03
2.508541E-02 5.431404E-03 2.393655E-03
2.536057E-02 5.381283E-03 2.533444E-03
2.474893E-02 5.499574E-03 2.084315E-03
2.499788E-02 5.498574E-03 2.243854E-03
2.562873E-02 5.302745E-03 2.585404E-03
2.587955E-02 5.208640E-03 2.562907E-03
2.525615E-02 5.458541E-03 2.322325E-03
2.551115E-02 5.391984E-03 2.329350E-03
2.610725E-02 5.108645E-03 2.480130E-03
2.630950E-02 5.009471E-03 2.350751E-03
2.575420E-02 5.309261E-03 2.276323E-03
2.597991E-02 5.218428E-03 2.175118E-03
2.648635E-02 4.915354E-03 2.187115E-03
2.663927E-02 4.828643E-03 1.999809E-03
2.618545E-02 5.125381E-03 2.037117E-03
2.636983E-02 5.034186E-03 1.872580E-03
2.677039E-02 4.750371E-03 1.797544E-03
2.688205E-02 4.680722E-03 1.587222E-03
2.653319E-02 4.947480E-03 1.690295E-03
2.667634E-02 4.866862E-03 1.497472E-03
2.697646E-02 4.619395E-03 1.374105E-03
2.705556E-02 4.565836E-03 1.162029E-03
2.680036E-02 4.793214E-03 1.299767E-03
2.690638E-02 4.726952E-03 1.101411E-03
2.712102E-02 4.519396E-03 9.536233E-04
2.717423E-02 4.479407E-03 7.505340E-04
2.699549E-02 4.668199E-03 9.053792E-04
2.706871E-02 4.616888E-03 7.135818E-04
2.721636E-02 4.445218E-03 5.536502E-04
2.724845E-02 4.416204E-03 3.635059E-04
2.712696E-02 4.572824E-03 5.270895E-04
2.717114E-02 4.535714E-03 3.465313E-04
2.727149E-02 4.391751E-03 1.819202E-04
2.728650E-02 4.371067E-03 2.245424E-05
2.720217E-02 4.505145E-03 1.736908E-04
2.722121E-02 4.480301E-03 2.149741E-05
4.206244E-02 -1.855241E-02 1.253450E-04
4.255481E-02 -1.941224E-02 1.656215E-06
4.159615E-02 -1.770880E-02 1.845094E-04
4.208570E-02 -1.861363E-02 9.070479E-05
4.260899E-02 -1.952119E-02 6.238183E-07
4.158163E-02 -1.772000E-02 1.271076E-04
4.114996E-02 -1.687370E-02 1.785557E-04
4.070905E-02 -1.603877E-02 1.100934E-04
4.109211E-02 -1.683369E-02 1.103529E-04
4.060395E-02 -1.594812E-02 4.329361E-05
4.025826E-02 -1.519598E-02 -1.583755E-05
3.978293E-02 -1.433839E-02 -1.914543E-04
4.010430E-02 -1.505759E-02 -6.905493E-05
3.958147E-02 -1.415781E-02 -2.194456E-04
3.927005E-02 -1.346101E-02 -4.062623E-04
3.870951E-02 -1.256138E-02 -6.475661E-04
3.902582E-02 -1.324642E-02 -3.986893E-04
3.843059E-02 -1.232320E-02 -5.963000E-04
3.809518E-02 -1.164001E-02 -9.014522E-04
3.742558E-02 -1.070019E-02 -1.154088E-03
3.779243E-02 -1.139005E-02 -8.013861E-04
3.711152E-02 -1.045055E-02 -1.003611E-03
3.670388E-02 -9.747514E-03 -1.393059E-03
3.593708E-02 -8.788915E-03 -1.608451E-03
3.639125E-02 -9.509416E-03 -1.194030E-03
3.563750E-02 -8.571771E-03 -1.365651E-03
3.513473E-02 -7.831660E-03 -1.793440E-03
3.430736E-02 -6.882398E-03 -1.944328E-03
3.485770E-02 -7.642510E-03 -1.513671E-03
3.405976E-02 -6.725801E-03 -1.635392E-03
3.346511E-02 -5.946466E-03 -2.060093E-03
3.261671E-02 -5.027515E-03 -2.141590E-03
3.325129E-02 -5.824764E-03 -1.729876E-03
3.243888E-02 -4.941339E-03 -1.797432E-03
3.176907E-02 -4.127463E-03 -2.190606E-03
3.092727E-02 -3.246695E-03 -2.208867E-03
3.162788E-02 -4.076315E-03 -1.838994E-03
3.082244E-02 -3.229496E-03 -1.855455E-03
3.009503E-02 -2.384487E-03 -2.197103E-03
2.927563E-02 -1.539580E-03 -2.154202E-03
3.002584E-02 -2.400006E-03 -1.847010E-03
2.924114E-02 -1.586713E-03 -1.812545E-03
2.847306E-02 -7.109470E-04 -2.076532E-03
2.769356E-02 1.012263E-04 -1.957599E-03
2.847212E-02 -7.887933E-04 -1.749153E-03
2.772438E-02 -6.454948E-06 -1.651918E-03
2.694734E-02 8.943229E-04 -1.788434E-03
2.624983E-02 1.662001E-03 -1.559301E-03
2.700653E-02 7.581832E-04 -1.514209E-03
2.633110E-02 1.500179E-03 -1.328858E-03
2.562161E-02 2.393360E-03 -1.263178E-03
2.508580E-02 3.073446E-03 -9.004999E-04
2.571458E-02 2.211148E-03 -1.090473E-03
2.517582E-02 2.879467E-03 -7.985884E-04
2.466282E-02 3.685719E-03 -4.829063E-04
2.436461E-02 4.215852E-03 -3.312072E-05
2.473261E-02 3.491725E-03 -4.604267E-04
2.439759E-02 4.035223E-03 -9.149358E-05
2.419167E-02 4.655017E-03 4.198070E-04
2.413405E-02 5.001082E-03 8.472061E-04
2.417536E-02 4.500525E-03 2.868556E-04
2.406202E-02 4.882947E-03 6.517925E-04
2.417500E-02 5.257785E-03 1.225865E-03
2.429477E-02 5.433062E-03 1.540082E-03
2.404703E-02 5.182640E-03 9.831387E-04
2.411578E-02 5.403746E-03 1.265769E-03
2.447326E-02 5.537426E-03 1.781499E-03
2.469171E-02 5.582684E-03 1.947997E-03
2.425189E-02 5.553296E-03 1.490257E-03
2.443884E-02 5.640187E-03 1.652464E-03
2.493365E-02 5.580907E-03 2.042362E-03
2.518542E-02 5.543592E-03 2.070959E-03
2.466104E-02 5.674319E-03 1.752698E-03
2.490460E-02 5.665835E-03 1.794733E-03
2.543636E-02 5.481042E-03 2.042455E-03
2.567866E-02 5.401996E-03 1.966665E-03
2.515768E-02 5.624494E-03 1.784817E-03
2.541074E-02 5.559201E-03 1.730705E-03
2.590699E-02 5.313513E-03 1.853586E-03
2.611801E-02 5.221057E-03 1.712671E-03
2.565638E-02 5.477717E-03 1.640792E-03
2.588919E-02 5.386551E-03 1.523391E-03
2.630984E-02 5.128707E-03 1.552351E-03
2.648161E-02 5.039420E-03 1.379768E-03
2.610537E-02 5.290987E-03 1.386197E-03
2.630237E-02 5.195215E-03 1.235936E-03
2.663311E-02 4.955290E-03 1.200686E-03
2.676449E-02 4.877762E-03 1.019520E-03
2.647862E-02 5.102482E-03 1.078179E-03
2.663321E-02 5.015265E-03 9.172903E-04
2.687615E-02 4.807808E-03 8.394450E-04
2.696858E-02 4.746042E-03 6.625458E-04
2.676572E-02 4.935411E-03 7.564683E-04
2.687607E-02 4.864257E-03 5.978581E-04
2.704239E-02 4.692799E-03 4.900251E-04
2.709822E-02 4.648179E-03 3.225817E-04
2.696445E-02 4.802710E-03 4.427242E-04
2.703122E-02 4.751308E-03 2.917997E-04
2.713691E-02 4.612028E-03 1.619253E-04
2.715966E-02 4.583547E-03 2.009579E-05
2.707703E-02 4.710189E-03 1.466762E-04
2.710314E-02 4.678613E-03 1.825103E-05
4.209738E-02 -1.865486E-02 6.234136E-05
4.264667E-02 -1.960150E-02 -9.463659E-08
4.156035E-02 -1.771977E-02 8.176124E-05
4.210102E-02 -1.868072E-02 4.038137E-05
4.267130E-02 -1.965808E-02 -5.082906E-07
4.153649E-02 -1.771260E-02 4.832882E-05
4.103266E-02 -1.679090E-02 5.935504E-05
4.050316E-02 -1.586359E-02 -2.123634E-06
4.097671E-02 -1.674977E-02 2.478923E-05
4.041270E-02 -1.578935E-02 -2.783842E-05
3.996151E-02 -1.493432E-02 -9.812996E-05
3.939882E-02 -1.400108E-02 -2.224049E-04
3.983649E-02 -1.482977E-02 -1.057695E-04
3.924170E-02 -1.387085E-02 -2.039720E-04
3.880836E-02 -1.306354E-02 -3.673705E-04
3.818597E-02 -1.212298E-02 -5.247595E-04
3.862390E-02 -1.291374E-02 -3.165597E-04
3.798085E-02 -1.196069E-02 -4.373239E-04
3.753020E-02 -1.118203E-02 -6.863404E-04
3.684217E-02 -1.024420E-02 -8.445876E-04
3.731235E-02 -1.101469E-02 -5.602792E-04
3.662000E-02 -1.007899E-02 -6.801089E-04
3.612514E-02 -9.313332E-03 -9.931756E-04
3.538388E-02 -8.393100E-03 -1.127244E-03
3.590677E-02 -9.156688E-03 -7.924448E-04
3.517647E-02 -8.250343E-03 -8.939711E-04
3.462403E-02 -7.486631E-03 -1.243439E-03
3.385145E-02 -6.596275E-03 -1.339790E-03
3.443333E-02 -7.361804E-03 -9.823856E-04
3.368162E-02 -6.492130E-03 -1.056269E-03
3.307168E-02 -5.723520E-03 -1.415452E-03
3.228963E-02 -4.869006E-03 -1.470381E-03
3.292533E-02 -5.641631E-03 -1.114905E-03
3.216805E-02 -4.809984E-03 -1.158062E-03
3.150941E-02 -4.032619E-03 -1.504934E-03
3.073436E-02 -3.213656E-03 -1.519439E-03
3.141286E-02 -3.996374E-03 -1.185759E-03
3.066249E-02 -3.199661E-03 -1.197988E-03
2.996737E-02 -2.411057E-03 -1.513750E-03
2.921134E-02 -1.623722E-03 -1.486812E-03
2.991945E-02 -2.418587E-03 -1.194423E-03
2.918647E-02 -1.652022E-03 -1.174132E-03
2.846984E-02 -8.509329E-04 -1.436328E-03
2.774798E-02 -9.289134E-05 -1.358602E-03
2.846697E-02 -8.992865E-04 -1.135337E-03
2.776570E-02 -1.605555E-04 -1.075318E-03
2.705323E-02 6.486433E-04 -1.248763E-03
2.639613E-02 1.369696E-03 -1.101571E-03
2.708932E-02 5.626711E-04 -9.905624E-04
2.644695E-02 1.267085E-03 -8.773093E-04
2.579026E-02 2.063612E-03 -9.129604E-04
2.525134E-02 2.721115E-03 -6.821525E-04
2.585019E-02 1.947217E-03 -7.325785E-04
2.531248E-02 2.595430E-03 -5.555763E-04
2.479492E-02 3.331175E-03 -4.136343E-04
2.443346E-02 3.882657E-03 -1.179248E-04
2.484757E-02 3.202447E-03 -3.490778E-04
2.446744E-02 3.758456E-03 -1.201306E-04
2.417385E-02 4.366227E-03 1.895827E-04
2.401633E-02 4.775790E-03 4.913531E-04
2.418017E-02 4.254525E-03 1.204375E-04
2.398871E-02 4.683859E-03 3.596636E-04
2.395513E-02 5.109044E-03 7.707763E-04
2.398001E-02 5.367246E-03 1.014406E-03
2.389077E-02 5.042559E-03 5.845897E-04
2.387962E-02 5.329780E-03 7.840935E-04
2.407803E-02 5.554573E-03 1.212977E-03
2.423502E-02 5.677390E-03 1.361472E-03
2.394529E-02 5.547474E-03 9.499578E-04
2.407576E-02 5.699923E-03 1.077191E-03
2.443667E-02 5.743558E-03 1.458667E-03
2.466933E-02 5.761780E-03 1.506456E-03
2.425809E-02 5.793218E-03 1.163850E-03
2.447919E-02 5.834719E-03 1.210602E-03
2.492064E-02 5.741020E-03 1.509101E-03
2.517987E-02 5.689998E-03 1.472470E-03
2.472653E-02 5.832525E-03 1.220191E-03
2.498865E-02 5.794986E-03 1.196852E-03
2.543805E-02 5.616806E-03 1.403306E-03
2.568805E-02 5.528668E-03 1.308581E-03
2.525548E-02 5.730272E-03 1.145744E-03
2.551850E-02 5.646047E-03 1.072414E-03
2.592435E-02 5.431815E-03 1.194975E-03
2.614285E-02 5.331482E-03 1.068495E-03
2.577078E-02 5.549240E-03 9.823381E-04
2.600686E-02 5.445922E-03 8.805629E-04
2.634064E-02 5.231959E-03 9.342348E-04
2.651574E-02 5.136689E-03 7.962653E-04
2.622261E-02 5.341268E-03 7.714579E-04
2.641506E-02 5.239572E-03 6.585770E-04
2.666688E-02 5.048371E-03 6.576245E-04
2.679336E-02 4.969058E-03 5.203839E-04
2.658213E-02 5.144305E-03 5.446128E-04
2.672250E-02 5.058186E-03 4.314281E-04
2.689491E-02 4.900239E-03 3.857868E-04
2.697158E-02 4.842901E-03 2.545548E-04
2.683544E-02 4.983257E-03 3.201564E-04
2.692069E-02 4.920934E-03 2.114548E-04
2.702382E-02 4.797497E-03 1.281147E-04
2.705286E-02 4.763370E-03 1.598061E-05
2.697846E-02 4.871976E-03 1.065386E-04
2.700997E-02 4.835824E-03 1.331988E-05
4.209995E-02 -1.869558E-02 2.435322E-05
4.268626E-02 -1.969586E-02 -6.487125E-07
4.151379E-02 -1.770254E-02 2.568151E-05
4.209699E-02 -1.870325E-02 1.325704E-05
4.269455E-02 -1.971927E-02 -5.676786E-07
4.149531E-02 -1.769289E-02 1.185653E-05
4.092863E-02 -1.671400E-02 4.722186E-06
4.033747E-02 -1.572864E-02 -3.664281E-05
4.089185E-02 -1.668645E-02 -3.705964E-06
4.028119E-02 -1.568377E-02 -3.215229E-05
3.973441E-02 -1.474647E-02 -9.553872E-05
3.911507E-02 -1.376868E-02 -1.682379E-04
3.965902E-02 -1.468602E-02 -7.156729E-05
3.902242E-02 -1.369538E-02 -1.195100E-04
3.847679E-02 -1.279748E-02 -2.504862E-04
3.781865E-02 -1.183572E-02 -3.379049E-04
3.836995E-02 -1.271471E-02 -1.732410E-04
3.770155E-02 -1.174725E-02 -2.299866E-04
3.714124E-02 -1.088653E-02 -4.263704E-04
3.644639E-02 -9.952879E-03 -5.122966E-04
3.701829E-02 -1.079613E-02 -2.871754E-04
3.632207E-02 -9.864112E-03 -3.426032E-04
3.573672E-02 -9.037254E-03 -5.927862E-04
3.501529E-02 -8.141424E-03 -6.656586E-04
3.561522E-02 -8.953239E-03 -3.945094E-04
3.490028E-02 -8.064746E-03 -4.415761E-04
3.428530E-02 -7.266343E-03 -7.293880E-04
3.354983E-02 -6.412177E-03 -7.829943E-04
3.417971E-02 -7.199002E-03 -4.828747E-04
3.345582E-02 -6.355597E-03 -5.177891E-04
3.281175E-02 -5.578424E-03 -8.259150E-04
3.207365E-02 -4.764070E-03 -8.578717E-04
3.273069E-02 -5.533495E-03 -5.459339E-04
3.200625E-02 -4.731226E-03 -5.670753E-04
3.133786E-02 -3.967775E-03 -8.787253E-04
3.060658E-02 -3.188050E-03 -8.883132E-04
3.128428E-02 -3.947087E-03 -5.810504E-04
3.056660E-02 -3.179333E-03 -5.876765E-04
2.988204E-02 -2.423450E-03 -8.862679E-04
2.916679E-02 -1.672784E-03 -8.718309E-04
2.985521E-02 -2.426369E-03 -5.866484E-04
2.915254E-02 -1.686935E-03 -5.774288E-04
2.846414E-02 -9.353683E-04 -8.436975E-04
2.777854E-02 -2.113418E-04 -7.999495E-04
2.846179E-02 -9.603299E-04 -5.591558E-04
2.778724E-02 -2.466548E-04 -5.306021E-04
2.711614E-02 4.979797E-04 -7.381561E-04
2.648507E-02 1.189739E-03 -6.557292E-04
2.713466E-02 4.528984E-04 -4.902350E-04
2.651158E-02 1.135763E-03 -4.364307E-04
2.589558E-02 1.859267E-03 -5.505867E-04
2.535952E-02 2.500040E-03 -4.220658E-04
2.592736E-02 1.797780E-03 -3.678706E-04
2.539283E-02 2.433147E-03 -2.840895E-04
2.488933E-02 3.104025E-03 -2.718485E-04
2.449639E-02 3.662436E-03 -1.045134E-04
2.491949E-02 3.034651E-03 -1.860434E-04
2.451827E-02 3.594228E-03 -7.648029E-05
2.418937E-02 4.166800E-03 7.263633E-05
2.397295E-02 4.610029E-03 2.505238E-04
2.419808E-02 4.103794E-03 4.009752E-05
2.396461E-02 4.556173E-03 1.579459E-04
2.384726E-02 4.987234E-03 4.197016E-04
2.380818E-02 5.296116E-03 5.717006E-04
2.381958E-02 4.945898E-03 2.709160E-04
2.376067E-02 5.269733E-03 3.733270E-04
2.384808E-02 5.536981E-03 6.999472E-04
2.395682E-02 5.712507E-03 8.001556E-04
2.378194E-02 5.526869E-03 4.606207E-04
2.387461E-02 5.718846E-03 5.296913E-04
2.412266E-02 5.827363E-03 8.703105E-04
2.433314E-02 5.887774E-03 9.104111E-04
2.402792E-02 5.849305E-03 5.789322E-04
2.422995E-02 5.923618E-03 6.081013E-04
2.457579E-02 5.901050E-03 9.221040E-04
2.483876E-02 5.875117E-03 9.082719E-04
2.446841E-02 5.948472E-03 6.180960E-04
2.473121E-02 5.931423E-03 6.106895E-04
2.511121E-02 5.818081E-03 8.726140E-04
2.538361E-02 5.737848E-03 8.192421E-04
2.500704E-02 5.880463E-03 5.882576E-04
2.528570E-02 5.803611E-03 5.535090E-04
2.564793E-02 5.641826E-03 7.523183E-04
2.589761E-02 5.536714E-03 6.757564E-04
2.555838E-02 5.708578E-03 5.092374E-04
2.581771E-02 5.602494E-03 4.581091E-04
2.612752E-02 5.428383E-03 5.930025E-04
2.633380E-02 5.321826E-03 5.069000E-04
2.605780E-02 5.491730E-03 4.025018E-04
2.627414E-02 5.381792E-03 3.443978E-04
2.651369E-02 5.221162E-03 4.196304E-04
2.666531E-02 5.129680E-03 3.327210E-04
2.646340E-02 5.277287E-03 2.853324E-04
2.662330E-02 5.181941E-03 2.263903E-04
2.678752E-02 5.049901E-03 2.471119E-04
2.687974E-02 4.983625E-03 1.633452E-04
2.675236E-02 5.098645E-03 1.682467E-04
2.684975E-02 5.029503E-03 1.112925E-04
2.694200E-02 4.931880E-03 8.237380E-05
2.697547E-02 4.894204E-03 1.032339E-05
2.691531E-02 4.975766E-03 5.617239E-05
2.695018E-02 4.937037E-03 7.065673E-06
4.209433E-02 -1.870662E-02 5.667718E-06
4.269852E-02 -1.973181E-02 -3.361591E-07
4.148330E-02 -1.768610E-02 4.244130E-06
4.209324E-02 -1.870753E-02 -2.919328E-07
4.269971E-02 -1.973571E-02 -1.403931E-07
4.147907E-02 -1.768365E-02 -6.163110E-07
4.086881E-02 -1.666912E-02 -4.052604E-06
4.024642E-02 -1.565628E-02 -1.857383E-05
4.086087E-02 -1.666318E-02 -1.046507E-06
4.023455E-02 -1.564698E-02 -1.570365E-06
3.961282E-02 -1.464942E-02 -3.836446E-05
3.896599E-02 -1.365131E-02 -6.222049E-05
3.959714E-02 -1.463713E-02 -2.174901E-06
3.894690E-02 -1.363656E-02 -2.844756E-06
3.830518E-02 -1.266520E-02 -8.880372E-05
3.763084E-02 -1.169451E-02 -1.167721E-04
3.828334E-02 -1.264868E-02 -3.563533E-06
3.760704E-02 -1.167694E-02 -4.315908E-06
3.694426E-02 -1.074237E-02 -1.448927E-04
3.624737E-02 -9.811385E-03 -1.721178E-04
3.691939E-02 -1.072448E-02 -5.089680E-06
3.622229E-02 -9.793843E-03 -5.877184E-06
3.554232E-02 -8.903349E-03 -1.976160E-04
3.483132E-02 -8.019184E-03 -2.207672E-04
3.551786E-02 -8.886747E-03 -6.675733E-06
3.480817E-02 -8.004009E-03 -7.487079E-06
3.411641E-02 -7.158928E-03 -2.411328E-04
3.339944E-02 -6.321850E-03 -2.584158E-04
3.409514E-02 -7.145561E-03 -8.316041E-06
3.338048E-02 -6.310567E-03 -9.168571E-06
3.268207E-02 -5.506613E-03 -2.724209E-04
3.196580E-02 -4.711488E-03 -2.830173E-04
3.266567E-02 -5.497594E-03 -1.004940E-05
3.195211E-02 -4.704828E-03 -1.095936E-05
3.125210E-02 -3.934557E-03 -2.901025E-04
3.054257E-02 -3.173923E-03 -2.935615E-04
3.124117E-02 -3.930284E-03 -1.189223E-05
3.053435E-02 -3.172011E-03 -1.283103E-05
2.983905E-02 -2.427890E-03 -2.932208E-04
2.914391E-02 -1.695151E-03 -2.887974E-04
2.983346E-02 -2.428282E-03 -1.374394E-05
2.914084E-02 -1.697776E-03 -1.458011E-05
2.846025E-02 -9.749845E-04 -2.798563E-04
2.779226E-02 -2.674652E-04 -2.657904E-04
2.845958E-02 -9.797605E-04 -1.526660E-05
2.779384E-02 -2.743057E-04 -1.570805E-05
2.714552E-02 4.262871E-04 -2.458499E-04
2.652721E-02 1.103869E-03 -2.192434E-04
2.714912E-02 4.174924E-04 -1.579142E-05
2.653251E-02 1.093283E-03 -1.539798E-05
2.594619E-02 1.761404E-03 -1.853247E-04
2.541270E-02 2.393496E-03 -1.438523E-04
2.595269E-02 1.749283E-03 -1.442361E-05
2.541971E-02 2.380228E-03 -1.280520E-05
2.493771E-02 2.993396E-03 -9.526047E-05
2.453185E-02 3.553467E-03 -4.084531E-05
2.494434E-02 2.979529E-03 -1.054676E-05
2.453709E-02 3.539694E-03 -7.735125E-06
2.420412E-02 4.065878E-03 1.723471E-05
2.396075E-02 4.523442E-03 7.618327E-05
2.420698E-02 4.052984E-03 -4.536366E-06
2.396037E-02 4.512219E-03 -1.170583E-06
2.380433E-02 4.920398E-03 1.329577E-04
2.373358E-02 5.252991E-03 1.846978E-04
2.380016E-02 4.911549E-03 2.127325E-06
2.372539E-02 5.247049E-03 5.147170E-06
2.374358E-02 5.519763E-03 2.290648E-04
2.382641E-02 5.721587E-03 2.644269E-04
2.373152E-02 5.517049E-03 7.730969E-06
2.381092E-02 5.722191E-03 9.783500E-06
2.397191E-02 5.861475E-03 2.899001E-04
2.416855E-02 5.944277E-03 3.052914E-04
2.395365E-02 5.865277E-03 1.126857E-05
2.414831E-02 5.950974E-03 1.219730E-05
2.440413E-02 5.976283E-03 3.109914E-04
2.466651E-02 5.964802E-03 3.078454E-04
2.438278E-02 5.985435E-03 1.261421E-05
2.464488E-02 5.975880E-03 1.258442E-05
2.494411E-02 5.917726E-03 2.970175E-04
2.522634E-02 5.843122E-03 2.798559E-04
2.492294E-02 5.930164E-03 1.218336E-05
2.520628E-02 5.856365E-03 1.148876E-05
2.550392E-02 5.748863E-03 2.577668E-04
2.576900E-02 5.642328E-03 2.321043E-04
2.548543E-02 5.762408E-03 1.057484E-05
2.575239E-02 5.655755E-03 9.508216E-06
2.601523E-02 5.530188E-03 2.040852E-04
2.623767E-02 5.418262E-03 1.747304E-04
2.600066E-02 5.543175E-03 8.345377E-06
2.622513E-02 5.430596E-03 7.131461E-06
2.643265E-02 5.311462E-03 1.448349E-04
2.659762E-02 5.213787E-03 1.149636E-04
2.642204E-02 5.323033E-03 5.900136E-06
2.658871E-02 5.224577E-03 4.674417E-06
2.673088E-02 5.128358E-03 8.547150E-05
2.683145E-02 5.057470E-03 5.657072E-05
2.672339E-02 5.138431E-03 3.468927E-06
2.682505E-02 5.066949E-03 2.298292E-06
2.689908E-02 5.002533E-03 2.861480E-05
2.693472E-02 4.963208E-03 3.651337E-06
2.689344E-02 5.011571E-03 1.229840E-06
2.693002E-02 4.972028E-03 9.442694E-07
3.239166E-02 -1.208524E-02 2.648069E-03
2.283552E-02 -7.104261E-04 3.176090E-03
2.067911E-02 5.046329E-03 -7.076989E-03
2.804378E-02 -2.685320E-03 1.730282E-03
3.385239E-02 -1.283846E-02 1.788772E-03
3.120692E-02 -4.015678E-03 1.072447E-03
3.317440E-02 -4.672979E-03 6.757979E-04
2.067911E-02 5.046329E-03 7.076989E-03
2.283552E-02 -7.104261E-04 -3.176090E-03
3.239166E-02 -1.208524E-02 -2.648069E-03
2.804378E-02 -2.685320E-03 -1.730282E-03
3.120692E-02 -4.015678E-03 -1.072447E-03
3.385239E-02 -1.283846E-02 -1.788772E-03
3.317440E-02 -4.672979E-03 -6.757979E-04
3.535091E-02 -1.320397E-02 8.402773E-04
3.436181E-02 -4.997962E-03 4.811109E-04
3.513962E-02 -5.095513E-03 3.506933E-04
3.615381E-02 -1.338749E-02 4.318155E-04
3.563145E-02 -5.066600E-03 2.771997E-04
3.594781E-02 -4.943587E-03 2.246531E-04
3.436181E-02 -4.997962E-03 -4.811109E-04
3.535091E-02 -1.320397E-02 -8.402773E-04
3.513962E-02 -5.095513E-03 -3.506933E-04
3.563145E-02 -5.066600E-03 -2.771997E-04
3.615381E-02 -1.338749E-02 -4.318155E-04
3.594781E-02 -4.943587E-03 -2.246531E-04
3.648566E-02 -1.339222E-02 2.312837E-04
3.613204E-02 -4.759998E-03 1.893649E-04
3.622460E-02 -4.530728E-03 1.636709E-04
3.653354E-02 -1.327846E-02 1.172512E-04
3.624416E-02 -4.269443E-03 1.439320E-04
3.620884E-02 -3.984614E-03 1.294012E-04
3.613204E-02 -4.759998E-03 -1.893649E-04
3.648566E-02 -1.339222E-02 -2.312837E-04
3.622460E-02 -4.530728E-03 -1.636709E-04
3.624416E-02 -4.269443E-03 -1.439320E-04
3.653354E-02 -1.327846E-02 -1.172512E-04
3.620884E-02 -3.984614E-03 -1.294012E-04
3.640163E-02 -1.308768E-02 4.497978E-05
3.612815E-02 -3.683311E-03 1.172555E-04
3.601167E-02 -3.370971E-03 1.082131E-04
3.615073E-02 -1.284684E-02 -4.201644E-06
3.586487E-02 -3.052119E-03 1.002669E-04
3.569353E-02 -2.730589E-03 9.430006E-05
3.612815E-02 -3.683311E-03 -1.172555E-04
3.640163E-02 -1.308768E-02 -4.497978E-05
3.601167E-02 -3.370971E-03 -1.082131E-04
3.586487E-02 -3.052119E-03 -1.002669E-04
3.615073E-02 -1.284684E-02 4.201644E-06
3.569353E-02 -2.730589E-03 -9.430006E-05
3.581970E-02 -1.257474E-02 -3.952404E-05
3.550090E-02 -2.409732E-03 8.873150E-05
3.529035E-02 -2.092400E-03 8.379563E-05
3.543735E-02 -1.228807E-02 -6.874549E-05
3.506340E-02 -1.783260E-03 7.509059E-05
3.483052E-02 -1.493058E-03 6.530558E-05
3.550090E-02 -2.409732E-03 -8.873150E-05
3.581970E-02 -1.257474E-02 3.952404E-05
3.529035E-02 -2.092400E-03 -8.379563E-05
3.506340E-02 -1.783260E-03 -7.509059E-05
3.543735E-02 -1.228807E-02 6.874549E-05
3.483052E-02 -1.493058E-03 -6.530558E-05
3.503502E-02 -1.200577E-02 -9.128217E-05
3.459047E-02 -1.221947E-03 5.988387E-05
3.434229E-02 -9.657405E-04 5.869573E-05
3.463075E-02 -1.173661E-02 -9.995240E-05
3.408816E-02 -7.264246E-04 5.873757E-05
3.383159E-02 -5.061662E-04 6.070180E-05
3.459047E-02 -1.221947E-03 -5.988387E-05
3.503502E-02 -1.200577E-02 9.128217E-05
3.434229E-02 -9.657405E-04 -5.869573E-05
3.408816E-02 -7.264246E-04 -5.873757E-05
3.463075E-02 -1.173661E-02 9.995240E-05
3.383159E-02 -5.061662E-04 -6.070180E-05
3.424609E-02 -1.148958E-02 -9.794706E-05
3.357373E-02 -3.086948E-04 6.247323E-05
3.331777E-02 -1.373714E-04 6.531698E-05
3.391756E-02 -1.128743E-02 -8.730901E-05
3.306611E-02 -5.389851E-06 6.439553E-05
3.282714E-02 7.977557E-05 6.686004E-05
3.357373E-02 -3.086948E-04 -6.247323E-05
3.424609E-02 -1.148958E-02 9.794706E-05
3.331777E-02 -1.373714E-04 -6.531698E-05
3.306611E-02 -5.389851E-06 -6.439553E-05
3.391756E-02 -1.128743E-02 8.730901E-05
3.282714E-02 7.977557E-05 -6.686004E-05
3.370457E-02 -1.116568E-02 -5.691585E-05
3.259870E-02 1.180254E-04 7.038852E-05
3.239229E-02 1.070192E-04 8.160369E-05
3.370449E-02 -1.116994E-02 1.715380E-05
3.221158E-02 3.101245E-05 8.855218E-05
3.207873E-02 -1.156465E-04 1.116149E-04
3.259870E-02 1.180254E-04 -7.038852E-05
3.370457E-02 -1.116568E-02 5.691585E-05
3.239229E-02 1.070192E-04 -8.160369E-05
3.221158E-02 3.101245E-05 -8.855218E-05
3.370449E-02 -1.116994E-02 -1.715380E-05
3.207873E-02 -1.156465E-04 -1.116149E-04
3.413768E-02 -1.139827E-02 1.931464E-04
3.200375E-02 -3.636204E-04 1.274252E-04
3.204177E-02 -7.305492E-04 1.752195E-04
3.560890E-02 -1.209196E-02 7.024032E-04
3.223448E-02 -1.269058E-03 2.369935E-04
3.277829E-02 -2.110519E-03 3.369664E-04
3.200375E-02 -3.636204E-04 -1.274252E-04
3.413768E-02 -1.139827E-02 -1.931464E-04
3.204177E-02 -7.305492E-04 -1.752195E-04
3.223448E-02 -1.269058E-03 -2.369935E-04
3.560890E-02 -1.209196E-02 -7.024032E-04
3.277829E-02 -2.110519E-03 -3.369664E-04
4.034867E-02 -1.392183E-02 2.978334E-03
3.399569E-02 -3.337952E-03 7.374237E-04
3.712913E-02 -5.821375E-03 1.583727E-03
4.818685E-02 -7.284743E-03 2.053684E-02
4.772432E-02 -9.298399E-03 1.024094E-02
4.804005E-02 2.379368E-02 5.501520E-02
3.399569E-02 -3.337952E-03 -7.374237E-04
4.034867E-02 -1.392183E-02 -2.978334E-03
3.712913E-02 -5.821375E-03 -1.583727E-03
4.772432E-02 -9.298399E-03 -1.024094E-02
4.818685E-02 -7.284743E-03 -2.053684E-02
4.804005E-02 2.379368E-02 -5.501520E-02
1.598179E-02 3.269210E-02 2.825013E-02
1.383071E-02 6.067557E-02 3.187406E-02
3.591496E-02 3.382504E-02 8.637158E-04
3.836053E-02 9.883133E-02 -1.027754E-16
3.591496E-02 3.382504E-02 -8.637158E-04
1.383071E-02 6.067557E-02 -3.187406E-02
1.598179E-02 3.269210E-02 -2.825013E-02
2.122745E-02 -5.333223E-04 2.832333E-03
4.353707E-03 1.361960E-01 1.895385E-03
1.748915E-02 1.499543E-01 -1.008319E-01
1.514038E-02 1.350938E-01 1.369425E-03
-4.744482E-02 8.109790E+00 1.766330E-13
-1.055901E+00 7.233674E+00 5.614939E-13
1.487924E-02 8.157654E+00 6.701454E-14
2.564087E-02 -1.830049E-03 2.591311E-03
2.134049E-02 1.316779E-01 1.221763E-03
2.531922E-02 1.301322E-01 7.565096E-04
2.051001E-02 8.165007E+00 5.155994E-13
2.382636E-02 8.160648E+00 1.207108E-12
2.983263E-02 -3.518789E-03 1.380272E-03
2.795733E-02 1.293709E-01 6.050781E-04
2.989691E-02 1.292504E-01 4.564116E-04
2.669013E-02 8.148038E+00 2.530611E-13
2.897225E-02 8.130419E+00 2.543907E-13
3.231718E-02 -4.407203E-03 8.798447E-04
3.130060E-02 1.295407E-01 3.665745E-04
3.239560E-02 1.301275E-01 2.778607E-04
3.061832E-02 8.109115E+00 2.243336E-13
3.186035E-02 8.085105E+00 5.246675E-13
4.353707E-03 1.361960E-01 -1.895385E-03
1.748915E-02 1.499543E-01 1.008319E-01
1.514038E-02 1.350938E-01 -1.369425E-03
2.122745E-02 -5.333223E-04 -2.832333E-03
2.134049E-02 1.316779E-01 -1.221763E-03
2.531922E-02 1.301322E-01 -7.565096E-04
2.564087E-02 -1.830049E-03 -2.591311E-03
2.795733E-02 1.293709E-01 -6.050781E-04
2.989691E-02 1.292504E-01 -4.564116E-04
2.983263E-02 -3.518789E-03 -1.380272E-03
3.130060E-02 1.295407E-01 -3.665745E-04
3.239560E-02 1.301275E-01 -2.778607E-04
3.231718E-02 -4.407203E-03 -8.798447E-04
3.383654E-02 -4.877841E-03 5.598329E-04
3.322855E-02 1.309154E-01 2.323144E-04
3.387735E-02 1.318718E-01 2.069927E-04
3.279656E-02 8.058835E+00 3.166461E-13
3.352667E-02 8.030802E+00 -2.460019E-13
3.479500E-02 -5.065807E-03 4.126571E-04
3.438373E-02 1.329576E-01 1.821797E-04
3.479251E-02 1.341290E-01 1.628744E-04
3.408746E-02 8.001300E+00 -3.388023E-13
3.453351E-02 7.970489E+00 3.929010E-13
3.541272E-02 -5.096832E-03 3.079720E-04
3.511705E-02 1.353637E-01 1.520170E-04
3.537483E-02 1.366504E-01 1.475298E-04
3.488705E-02 7.938487E+00 8.550423E-14
3.516958E-02 7.905418E+00 5.598129E-14
3.580888E-02 -5.013481E-03 2.495526E-04
3.557836E-02 1.379763E-01 1.429962E-04
3.574013E-02 1.393269E-01 1.407336E-04
3.539012E-02 7.871370E+00 2.430238E-13
3.556430E-02 7.836396E+00 3.020546E-13
3.322855E-02 1.309154E-01 -2.323144E-04
3.387735E-02 1.318718E-01 -2.069927E-04
3.383654E-02 -4.877841E-03 -5.598329E-04
3.438373E-02 1.329576E-01 -1.821797E-04
3.479251E-02 1.341290E-01 -1.628744E-04
3.479500E-02 -5.065807E-03 -4.126571E-04
3.511705E-02 1.353637E-01 -1.520170E-04
3.537483E-02 1.366504E-01 -1.475298E-04
3.541272E-02 -5.096832E-03 -3.079720E-04
3.557836E-02 1.379763E-01 -1.429962E-04
3.574013E-02 1.393269E-01 -1.407336E-04
3.580888E-02 -5.013481E-03 -2.495526E-04
3.605351E-02 -4.859190E-03 2.047047E-04
3.586493E-02 1.406938E-01 1.406166E-04
3.595842E-02 1.420712E-01 1.430822E-04
3.569888E-02 7.800532E+00 2.351613E-13
3.580049E-02 7.763817E+00 3.738655E-13
3.618850E-02 -4.649636E-03 1.759575E-04
3.602523E-02 1.434520E-01 1.459281E-04
3.607007E-02 1.448294E-01 1.499054E-04
3.587294E-02 7.726272E+00 3.440660E-13
3.592187E-02 7.687911E+00 4.761561E-13
3.624230E-02 -4.403909E-03 1.527233E-04
3.609498E-02 1.461986E-01 1.545272E-04
3.610230E-02 1.475557E-01 1.604894E-04
3.594966E-02 7.648741E+00 -4.982909E-14
3.595905E-02 7.608770E+00 3.443867E-14
3.623265E-02 -4.129225E-03 1.364076E-04
3.609413E-02 1.488961E-01 1.668822E-04
3.607269E-02 1.502153E-01 1.739705E-04
3.595193E-02 7.567996E+00 -3.360625E-13
3.593084E-02 7.526417E+00 1.620861E-14
3.586493E-02 1.406938E-01 -1.406166E-04
3.595842E-02 1.420712E-01 -1.430822E-04
3.605351E-02 -4.859190E-03 -2.047047E-04
3.602523E-02 1.434520E-01 -1.459281E-04
3.607007E-02 1.448294E-01 -1.499054E-04
3.618850E-02 -4.649636E-03 -1.759575E-04
3.609498E-02 1.461986E-01 -1.545272E-04
3.610230E-02 1.475557E-01 -1.604894E-04
3.624230E-02 -4.403909E-03 -1.527233E-04
3.609413E-02 1.488961E-01 -1.668822E-04
3.607269E-02 1.502153E-01 -1.739705E-04
3.623265E-02 -4.129225E-03 -1.364076E-04
3.617357E-02 -3.835872E-03 1.227457E-04
3.603898E-02 1.515100E-01 1.813393E-04
3.599419E-02 1.527772E-01 1.895524E-04
3.589681E-02 7.484025E+00 2.444235E-13
3.585120E-02 7.440815E+00 -8.253748E-15
3.607394E-02 -3.528059E-03 1.126036E-04
3.593941E-02 1.540134E-01 1.981625E-04
3.587585E-02 1.552153E-01 2.072773E-04
3.579505E-02 7.396774E+00 1.898540E-13
3.572970E-02 7.351890E+00 -1.312628E-13
3.594172E-02 -3.212237E-03 1.038844E-04
3.580409E-02 1.563802E-01 2.166004E-04
3.572481E-02 1.575056E-01 2.265506E-04
3.565570E-02 7.306150E+00 -1.671702E-13
3.557378E-02 7.259536E+00 -6.711370E-14
3.578198E-02 -2.891363E-03 9.722650E-05
3.563864E-02 1.585886E-01 2.368776E-04
3.554632E-02 1.596265E-01 2.476171E-04
3.548457E-02 7.212032E+00 2.469078E-13
3.538889E-02 7.163618E+00 4.030110E-14
3.603898E-02 1.515100E-01 -1.813393E-04
3.599419E-02 1.527772E-01 -1.895524E-04
3.617357E-02 -3.835872E-03 -1.227457E-04
3.593941E-02 1.540134E-01 -1.981625E-04
3.587585E-02 1.552153E-01 -2.072773E-04
3.607394E-02 -3.528059E-03 -1.126036E-04
3.580409E-02 1.563802E-01 -2.166004E-04
3.572481E-02 1.575056E-01 -2.265506E-04
3.594172E-02 -3.212237E-03 -1.038844E-04
3.563864E-02 1.585886E-01 -2.368776E-04
3.554632E-02 1.596265E-01 -2.476171E-04
3.578198E-02 -2.891363E-03 -9.722650E-05
3.559967E-02 -2.569982E-03 9.131012E-05
3.544819E-02 1.606171E-01 2.585641E-04
3.534461E-02 1.615581E-01 2.700155E-04
3.528699E-02 7.114273E+00 -1.550135E-13
3.517934E-02 7.063975E+00 1.020506E-13
3.539770E-02 -2.250351E-03 8.645225E-05
3.523591E-02 1.624471E-01 2.817809E-04
3.512225E-02 1.632818E-01 2.936848E-04
3.506607E-02 7.012701E+00 1.937124E-13
3.494744E-02 6.960425E+00 -9.743008E-14
3.517850E-02 -1.936302E-03 7.987950E-05
3.500327E-02 1.640604E-01 3.050249E-04
3.487853E-02 1.647789E-01 3.159475E-04
3.481908E-02 6.907124E+00 3.792214E-14
3.466811E-02 6.852769E+00 3.817420E-13
3.494733E-02 -1.635279E-03 7.011066E-05
3.475345E-02 1.654361E-01 3.327153E-04
3.463055E-02 1.660308E-01 3.450321E-04
3.452868E-02 6.797353E+00 2.410878E-13
3.442421E-02 6.740849E+00 4.324030E-13
3.544819E-02 1.606171E-01 -2.585641E-04
3.534461E-02 1.615581E-01 -2.700155E-04
3.559967E-02 -2.569982E-03 -9.131012E-05
3.523591E-02 1.624471E-01 -2.817809E-04
3.512225E-02 1.632818E-01 -2.936848E-04
3.539770E-02 -2.250351E-03 -8.645225E-05
3.500327E-02 1.640604E-01 -3.050249E-04
3.487853E-02 1.647789E-01 -3.159475E-04
3.517850E-02 -1.936302E-03 -7.987950E-05
3.475345E-02 1.654361E-01 -3.327153E-04
3.463055E-02 1.660308E-01 -3.450321E-04
3.494733E-02 -1.635279E-03 -7.011066E-05
3.471170E-02 -1.355622E-03 6.175577E-05
3.450323E-02 1.665567E-01 3.581117E-04
3.437195E-02 1.670152E-01 3.725764E-04
3.429563E-02 6.683180E+00 2.025016E-13
3.415795E-02 6.624313E+00 1.650228E-13
3.446717E-02 -1.091857E-03 5.908854E-05
3.423761E-02 1.674041E-01 3.879432E-04
3.410084E-02 1.677214E-01 4.040451E-04
3.401590E-02 6.564201E+00 3.771424E-13
3.387066E-02 6.502797E+00 2.523719E-14
3.421579E-02 -8.439256E-04 5.838365E-05
3.396184E-02 1.679640E-01 4.206838E-04
3.382085E-02 1.681288E-01 4.383087E-04
3.372210E-02 6.440048E+00 2.369415E-14
3.357057E-02 6.375896E+00 1.144129E-13
3.395997E-02 -6.136069E-04 5.970489E-05
3.367813E-02 1.682129E-01 4.567438E-04
3.353407E-02 1.682130E-01 4.759588E-04
3.341649E-02 6.310283E+00 1.419647E-13
3.326014E-02 6.243147E+00 2.751367E-13
3.450323E-02 1.665567E-01 -3.581117E-04
3.437195E-02 1.670152E-01 -3.725764E-04
3.471170E-02 -1.355622E-03 -6.175577E-05
3.423761E-02 1.674041E-01 -3.879432E-04
3.410084E-02 1.677214E-01 -4.040451E-04
3.446717E-02 -1.091857E-03 -5.908854E-05
3.396184E-02 1.679640E-01 -4.206838E-04
3.382085E-02 1.681288E-01 -4.383087E-04
3.421579E-02 -8.439256E-04 -5.838365E-05
3.367813E-02 1.682129E-01 -4.567438E-04
3.353407E-02 1.682130E-01 -4.759588E-04
3.395997E-02 -6.136069E-04 -5.970489E-05
3.370269E-02 -4.045378E-04 6.129414E-05
3.338871E-02 1.681257E-01 4.957577E-04
3.324225E-02 1.679480E-01 5.167017E-04
3.310155E-02 6.174418E+00 9.442136E-14
3.294042E-02 6.104027E+00 1.105026E-13
3.344533E-02 -2.191614E-04 6.425529E-05
3.309474E-02 1.676753E-01 5.387150E-04
3.294643E-02 1.673016E-01 5.615213E-04
3.277648E-02 6.031893E+00 3.147504E-13
3.260879E-02 5.957926E+00 8.314865E-14
3.319107E-02 -6.569241E-05 6.441031E-05
3.279605E-02 1.668140E-01 5.839704E-04
3.264666E-02 1.661770E-01 6.091553E-04
3.243312E-02 5.882010E+00 1.231233E-14
3.224444E-02 5.803932E+00 -5.369588E-14
3.294468E-02 4.315908E-05 6.530186E-05
3.249868E-02 1.653982E-01 6.318043E-04
3.234985E-02 1.644979E-01 6.579844E-04
3.210075E-02 5.723646E+00 -1.077469E-13
3.192974E-02 5.641157E+00 3.162603E-13
3.338871E-02 1.681257E-01 -4.957577E-04
3.324225E-02 1.679480E-01 -5.167017E-04
3.370269E-02 -4.045378E-04 -6.129414E-05
3.309474E-02 1.676753E-01 -5.387150E-04
3.294643E-02 1.673016E-01 -5.615213E-04
3.344533E-02 -2.191614E-04 -6.425529E-05
3.279605E-02 1.668140E-01 -5.839704E-04
3.264666E-02 1.661770E-01 -6.091553E-04
3.319107E-02 -6.569241E-05 -6.441031E-05
3.249868E-02 1.653982E-01 -6.318043E-04
3.234985E-02 1.644979E-01 -6.579844E-04
3.294468E-02 4.315908E-05 -6.530186E-05
3.271116E-02 1.044135E-04 6.766205E-05
3.220072E-02 1.634716E-01 6.853675E-04
3.205203E-02 1.623150E-01 7.151724E-04
3.175462E-02 5.556316E+00 1.117291E-13
3.157623E-02 5.468981E+00 1.152645E-13
3.249173E-02 1.198702E-04 7.587830E-05
3.190422E-02 1.610202E-01 7.472937E-04
3.175834E-02 1.595792E-01 7.815440E-04
3.139526E-02 5.378992E+00 1.846131E-13
3.121228E-02 5.286172E+00 -1.884114E-13
3.229806E-02 7.666280E-05 8.339077E-05
3.161391E-02 1.579817E-01 8.161433E-04
3.147154E-02 1.562214E-01 8.550039E-04
3.102692E-02 5.190319E+00 -3.034734E-13
3.083769E-02 5.091219E+00 2.595855E-14
3.213687E-02 -3.104561E-05 9.953191E-05
3.133191E-02 1.542862E-01 8.977204E-04
3.119734E-02 1.521631E-01 9.442198E-04
3.064479E-02 4.988620E+00 1.492736E-13
3.044904E-02 4.882238E+00 4.398446E-13
3.220072E-02 1.634716E-01 -6.853675E-04
3.205203E-02 1.623150E-01 -7.151724E-04
3.271116E-02 1.044135E-04 -6.766205E-05
3.190422E-02 1.610202E-01 -7.472937E-04
3.175834E-02 1.595792E-01 -7.815440E-04
3.249173E-02 1.198702E-04 -7.587830E-05
3.161391E-02 1.579817E-01 -8.161433E-04
3.147154E-02 1.562214E-01 -8.550039E-04
3.229806E-02 7.666280E-05 -8.339077E-05
3.133191E-02 1.542862E-01 -8.977204E-04
3.119734E-02 1.521631E-01 -9.442198E-04
3.213687E-02 -3.104561E-05 -9.953191E-05
3.203230E-02 -2.284358E-04 1.149869E-04
3.106664E-02 1.498342E-01 9.903005E-04
3.094118E-02 1.472910E-01 1.045113E-03
3.024904E-02 4.771738E+00 7.335613E-14
3.004137E-02 4.656759E+00 7.762644E-14
3.200227E-02 -5.265686E-04 1.503602E-04
3.082173E-02 1.445098E-01 1.105365E-03
3.071411E-02 1.414680E-01 1.173331E-03
2.982467E-02 4.536856E+00 2.048619E-13
2.960020E-02 4.411507E+00 3.233941E-13
3.210889E-02 -9.800574E-04 1.863917E-04
3.061625E-02 1.381340E-01 1.240929E-03
3.053343E-02 1.344898E-01 1.333636E-03
2.936189E-02 4.280078E+00 1.928218E-13
2.910378E-02 4.141837E+00 1.792404E-13
3.243522E-02 -1.631365E-03 2.900643E-04
3.046726E-02 1.304696E-01 1.424051E-03
3.043038E-02 1.260353E-01 1.532632E-03
2.881400E-02 3.995798E+00 -4.321165E-14
2.848385E-02 3.840775E+00 2.579050E-13
3.106664E-02 1.498342E-01 -9.903005E-04
3.094118E-02 1.472910E-01 -1.045113E-03
3.203230E-02 -2.284358E-04 -1.149869E-04
3.082173E-02 1.445098E-01 -1.105365E-03
3.071411E-02 1.414680E-01 -1.173331E-03
3.200227E-02 -5.265686E-04 -1.503602E-04
3.061625E-02 1.381340E-01 -1.240929E-03
3.053343E-02 1.344898E-01 -1.333636E-03
3.210889E-02 -9.800574E-04 -1.863917E-04
3.046726E-02 1.304696E-01 -1.424051E-03
3.043038E-02 1.260353E-01 -1.532632E-03
3.243522E-02 -1.631365E-03 -2.900643E-04
3.321860E-02 -2.646116E-03 4.225505E-04
3.043395E-02 1.211219E-01 1.661769E-03
3.049129E-02 1.156590E-01 1.890101E-03
2.807066E-02 3.675196E+00 2.951064E-14
2.753088E-02 3.496805E+00 1.271109E-13
3.517647E-02 -4.281396E-03 1.067678E-03
3.067425E-02 1.093638E-01 2.137892E-03
3.120045E-02 1.019465E-01 2.434680E-03
2.686351E-02 3.302113E+00 1.535827E-13
2.599931E-02 3.086199E+00 2.036705E-14
4.111953E-02 -7.206357E-03 4.781312E-03
3.251073E-02 9.328120E-02 3.666644E-03
3.592300E-02 8.052200E-02 4.654889E-03
2.516751E-02 2.841235E+00 -4.465203E-15
2.811081E-02 2.546064E+00 -2.978853E-14
5.596731E-02 -9.687459E-04 3.146698E-02
4.890163E-02 6.335753E-02 1.469224E-02
7.324996E-02 7.869648E-02 8.903612E-02
5.400950E-02 2.157772E+00 1.297070E-14
2.741227E-01 1.408353E+00 5.131631E-14
3.043395E-02 1.211219E-01 -1.661769E-03
3.049129E-02 1.156590E-01 -1.890101E-03
3.321860E-02 -2.646116E-03 -4.225505E-04
3.067425E-02 1.093638E-01 -2.137892E-03
3.120045E-02 1.019465E-01 -2.434680E-03
3.517647E-02 -4.281396E-03 -1.067678E-03
3.251073E-02 9.328120E-02 -3.666644E-03
3.592300E-02 8.052200E-02 -4.654889E-03
4.111953E-02 -7.206357E-03 -4.781312E-03
4.890163E-02 6.335753E-02 -1.469224E-02
7.324996E-02 7.869648E-02 -8.903612E-02
5.596731E-02 -9.687459E-04 -3.146698E-02
2.397983E-02 4.956816E-02 5.238542E-02
1.910866E-02 1.027300E-01 8.005138E-02
2.664100E-02 8.469062E-02 1.854296E-02
2.597432E-02 2.587911E-01 1.173527E-15
1.910866E-02 1.027300E-01 -8.005138E-02
2.664100E-02 8.469062E-02 -1.854296E-02
2.397983E-02 4.956816E-02 -5.238542E-02
</DataArray>
<DataArray type="Float64" Name="strain_E" NumberOfComponents="4" format="ascii">
4.269971E-02 1.403932E-07 0.000000E+00 -1.973571E-02
4.209324E-02 2.919328E-07 -1.134293E-18 -1.870753E-02
4.209433E-02 -1.030313E-03 1.024646E-03 -1.870662E-02
4.269852E-02 -1.029956E-03 1.030293E-03 -1.973181E-02
4.147907E-02 6.163110E-07 0.000000E+00 -1.768365E-02
4.148330E-02 -1.025287E-03 1.021043E-03 -1.768610E-02
4.209699E-02 -2.056081E-03 2.042824E-03 -1.870325E-02
4.269455E-02 -2.054377E-03 2.054944E-03 -1.971927E-02
4.149531E-02 -2.046993E-03 2.035136E-03 -1.769289E-02
4.086087E-02 1.046507E-06 -1.010339E-18 -1.666318E-02
4.086881E-02 -1.013385E-03 1.017438E-03 -1.666912E-02
4.023455E-02 1.570365E-06 0.000000E+00 -1.564698E-02
4.024642E-02 -9.938181E-04 1.012392E-03 -1.565628E-02
4.089185E-02 -2.024220E-03 2.027926E-03 -1.668645E-02
4.028119E-02 -1.986172E-03 2.018324E-03 -1.568377E-02
3.959714E-02 2.174901E-06 3.288392E-35 -1.463713E-02
3.961282E-02 -9.664755E-04 1.004840E-03 -1.464942E-02
3.894690E-02 2.844756E-06 0.000000E+00 -1.363656E-02
3.896599E-02 -9.318833E-04 9.941038E-04 -1.365131E-02
3.965902E-02 -1.932574E-03 2.004142E-03 -1.468602E-02
3.902242E-02 -1.864403E-03 1.983913E-03 -1.369538E-02
3.828334E-02 3.563533E-06 1.162235E-34 -1.264868E-02
3.830518E-02 -8.911016E-04 9.799053E-04 -1.266520E-02
3.760704E-02 4.315908E-06 0.000000E+00 -1.167694E-02
3.763084E-02 -8.455851E-04 9.623572E-04 -1.169451E-02
3.836995E-02 -1.783705E-03 1.956946E-03 -1.271471E-02
3.770155E-02 -1.693347E-03 1.923334E-03 -1.174725E-02
3.691939E-02 5.089680E-06 -6.502571E-19 -1.072448E-02
3.694426E-02 -7.970230E-04 9.419157E-04 -1.074237E-02
3.622229E-02 5.877184E-06 0.000000E+00 -9.793843E-03
3.624737E-02 -7.471806E-04 9.192983E-04 -9.811385E-03
3.701829E-02 -1.596700E-03 1.883875E-03 -1.079613E-02
3.632207E-02 -1.497319E-03 1.839922E-03 -9.864112E-03
3.551786E-02 6.675733E-06 -1.215137E-35 -8.886747E-03
3.554232E-02 -6.977591E-04 8.953751E-04 -8.903349E-03
3.480817E-02 7.487079E-06 0.000000E+00 -8.004009E-03
3.483132E-02 -6.502865E-04 8.710537E-04 -8.019184E-03
3.561522E-02 -1.398656E-03 1.793165E-03 -8.953239E-03
3.490028E-02 -1.303823E-03 1.745399E-03 -8.064746E-03
3.409514E-02 8.316041E-06 2.524841E-36 -7.145561E-03
3.411641E-02 -6.060417E-04 8.471745E-04 -7.158928E-03
3.338048E-02 9.168571E-06 0.000000E+00 -6.310567E-03
3.339944E-02 -5.660139E-04 8.244297E-04 -6.321850E-03
3.417971E-02 -1.215426E-03 1.698301E-03 -7.199002E-03
3.345582E-02 -1.135477E-03 1.653266E-03 -6.355597E-03
3.266567E-02 1.004940E-05 -3.333355E-19 -5.497594E-03
3.268207E-02 -5.308939E-04 8.033148E-04 -5.506613E-03
3.195211E-02 1.095936E-05 0.000000E+00 -4.704828E-03
3.196580E-02 -5.010929E-04 7.841102E-04 -4.711488E-03
3.273069E-02 -1.065371E-03 1.611305E-03 -5.533495E-03
3.200625E-02 -1.005933E-03 1.573008E-03 -4.731226E-03
3.124117E-02 1.189223E-05 4.366463E-35 -3.930284E-03
3.125210E-02 -4.767836E-04 7.668861E-04 -3.934557E-03
3.053435E-02 1.283103E-05 0.000000E+00 -3.172011E-03
3.054257E-02 -4.579561E-04 7.515176E-04 -3.173923E-03
3.128428E-02 -9.574989E-04 1.538549E-03 -3.947087E-03
3.056660E-02 -9.200407E-04 1.507717E-03 -3.179333E-03
2.983346E-02 1.374394E-05 -1.472340E-19 -2.428282E-03
2.983905E-02 -4.444761E-04 7.376969E-04 -2.427890E-03
2.914084E-02 1.458011E-05 0.000000E+00 -1.697776E-03
2.914391E-02 -4.361355E-04 7.249329E-04 -1.695151E-03
2.985521E-02 -8.932840E-04 1.479932E-03 -2.426369E-03
2.915254E-02 -8.768109E-04 1.454240E-03 -1.686935E-03
2.845958E-02 1.526660E-05 -5.940580E-20 -9.797605E-04
2.846025E-02 -4.326794E-04 7.125356E-04 -9.749845E-04
2.779384E-02 1.570805E-05 0.000000E+00 -2.743057E-04
2.779226E-02 -4.338014E-04 6.995917E-04 -2.674652E-04
2.846179E-02 -8.701126E-04 1.429268E-03 -9.603299E-04
2.778724E-02 -8.725741E-04 1.403176E-03 -2.466548E-04
2.714912E-02 1.579142E-05 -4.638254E-36 4.174924E-04
2.714552E-02 -4.390992E-04 6.849491E-04 4.262871E-04
2.653251E-02 1.539798E-05 0.000000E+00 1.093283E-03
2.652721E-02 -4.479946E-04 6.672379E-04 1.103869E-03
2.713466E-02 -8.833788E-04 1.373614E-03 4.528984E-04
2.651158E-02 -9.013394E-04 1.337770E-03 1.135763E-03
2.595269E-02 1.442361E-05 0.000000E+00 1.749283E-03
2.594619E-02 -4.596330E-04 6.449577E-04 1.761404E-03
2.541971E-02 1.280520E-05 0.000000E+00 2.380228E-03
2.541270E-02 -4.727988E-04 6.166511E-04 2.393496E-03
2.592736E-02 -9.246893E-04 1.292560E-03 1.797780E-03
2.539283E-02 -9.509120E-04 1.235002E-03 2.433147E-03
2.494434E-02 1.054676E-05 -1.806577E-19 2.979529E-03
2.493771E-02 -4.858937E-04 5.811542E-04 2.993396E-03
2.453709E-02 7.735125E-06 0.000000E+00 3.539694E-03
2.453185E-02 -4.970228E-04 5.378681E-04 3.553467E-03
2.491949E-02 -9.767098E-04 1.162753E-03 3.034651E-03
2.451827E-02 -9.982046E-04 1.074685E-03 3.594228E-03
2.420698E-02 4.536366E-06 2.073544E-35 4.052984E-03
2.420412E-02 -5.041985E-04 4.869638E-04 4.065878E-03
2.396037E-02 1.170583E-06 0.000000E+00 4.512219E-03
2.396075E-02 -5.056203E-04 4.294370E-04 4.523442E-03
2.419808E-02 -1.011384E-03 9.712860E-04 4.103794E-03
2.396461E-02 -1.012684E-03 8.547380E-04 4.556173E-03
2.380016E-02 -2.127325E-06 -1.735466E-36 4.911549E-03
2.380433E-02 -4.999467E-04 3.669890E-04 4.920398E-03
2.372539E-02 -5.147170E-06 0.000000E+00 5.247049E-03
2.373358E-02 -4.864781E-04 3.017803E-04 5.252991E-03
2.381958E-02 -9.995368E-04 7.286208E-04 4.945898E-03
2.376067E-02 -9.707044E-04 5.973774E-04 5.269733E-03
2.373152E-02 -7.730969E-06 -1.949416E-36 5.517049E-03
2.374358E-02 -4.652114E-04 2.361466E-04 5.519763E-03
2.381092E-02 -9.783500E-06 0.000000E+00 5.722191E-03
2.382641E-02 -4.367800E-04 1.723531E-04 5.721587E-03
2.378194E-02 -9.263520E-04 4.657313E-04 5.526869E-03
2.387461E-02 -8.678963E-04 3.382049E-04 5.718846E-03
2.395365E-02 -1.126857E-05 0.000000E+00 5.865277E-03
2.397191E-02 -4.023212E-04 1.124212E-04 5.861475E-03
2.414831E-02 -1.219730E-05 0.000000E+00 5.950974E-03
2.416855E-02 -3.633138E-04 5.802241E-05 5.944277E-03
2.402792E-02 -7.977237E-04 2.187915E-04 5.849305E-03
2.422995E-02 -7.188592E-04 1.107578E-04 5.923618E-03
2.438278E-02 -1.261421E-05 -3.629148E-19 5.985435E-03
2.440413E-02 -3.214128E-04 1.042138E-05 5.976283E-03
2.464488E-02 -1.258442E-05 0.000000E+00 5.975880E-03
2.466651E-02 -2.782970E-04 -2.954840E-05 5.964802E-03
2.446841E-02 -6.346360E-04 1.654008E-05 5.948472E-03
2.473121E-02 -5.483939E-04 -6.229553E-05 5.931423E-03
2.492294E-02 -1.218336E-05 3.595635E-19 5.930164E-03
2.494411E-02 -2.355371E-04 -6.148044E-05 5.917726E-03
2.520628E-02 -1.148876E-05 0.000000E+00 5.856365E-03
2.522634E-02 -1.944911E-04 -8.536486E-05 5.843122E-03
2.500704E-02 -4.632218E-04 -1.250358E-04 5.880463E-03
2.528570E-02 -3.817592E-04 -1.717499E-04 5.803611E-03
2.548543E-02 -1.057484E-05 -3.493920E-19 5.762408E-03
2.550392E-02 -1.562334E-04 -1.015334E-04 5.748863E-03
2.575239E-02 -9.508216E-06 0.000000E+00 5.655755E-03
2.576900E-02 -1.215186E-04 -1.105857E-04 5.642328E-03
2.555838E-02 -3.060658E-04 -2.031716E-04 5.708578E-03
2.581771E-02 -2.375619E-04 -2.205472E-04 5.602494E-03
2.600066E-02 -8.345377E-06 -3.360992E-19 5.543175E-03
2.601523E-02 -9.077784E-05 -1.133074E-04 5.530188E-03
2.622513E-02 -7.131461E-06 0.000000E+00 5.430596E-03
2.623767E-02 -6.414218E-05 -1.105882E-04 5.418262E-03
2.605780E-02 -1.770319E-04 -2.254699E-04 5.491730E-03
2.627414E-02 -1.246768E-04 -2.197210E-04 5.381792E-03
2.642204E-02 -5.900136E-06 3.227514E-19 5.323033E-03
2.643265E-02 -4.148211E-05 -1.033528E-04 5.311462E-03
2.658871E-02 -4.674417E-06 0.000000E+00 5.224577E-03
2.659762E-02 -2.245522E-05 -9.250839E-05 5.213787E-03
2.646340E-02 -8.019700E-05 -2.051354E-04 5.277287E-03
2.662330E-02 -4.288721E-05 -1.835031E-04 5.181941E-03
2.672339E-02 -3.468927E-06 -3.115584E-19 5.138431E-03
2.673088E-02 -6.553760E-06 -7.891774E-05 5.128358E-03
2.682505E-02 -2.298292E-06 0.000000E+00 5.066949E-03
2.683145E-02 6.850647E-06 -6.342136E-05 5.057470E-03
2.675236E-02 -1.172813E-05 -1.565186E-04 5.098645E-03
2.684975E-02 1.453550E-05 -1.258281E-04 5.029503E-03
2.689344E-02 -1.229840E-06 0.000000E+00 5.011571E-03
2.689908E-02 1.845901E-05 -4.707381E-05 5.002533E-03
2.693002E-02 -9.442694E-07 0.000000E+00 4.972028E-03
2.693472E-02 2.906343E-05 -3.271477E-05 4.963208E-03
2.691531E-02 3.734343E-05 -9.351582E-05 4.975766E-03
2.695018E-02 5.825170E-05 -6.531737E-05 4.937037E-03
4.209995E-02 -3.072182E-03 3.047828E-03 -1.869558E-02
4.268626E-02 -3.067294E-03 3.067943E-03 -1.969586E-02
4.151379E-02 -3.060804E-03 3.035123E-03 -1.770254E-02
4.210102E-02 -4.072878E-03 4.032496E-03 -1.868072E-02
4.267130E-02 -4.062217E-03 4.062726E-03 -1.965808E-02
4.153649E-02 -4.061792E-03 4.013463E-03 -1.771260E-02
4.092863E-02 -3.029025E-03 3.024302E-03 -1.671400E-02
4.033747E-02 -2.974463E-03 3.011106E-03 -1.572864E-02
4.097671E-02 -4.023806E-03 3.999016E-03 -1.674977E-02
4.041270E-02 -3.955772E-03 3.983610E-03 -1.578935E-02
3.973441E-02 -2.896581E-03 2.992120E-03 -1.474647E-02
3.911507E-02 -2.796648E-03 2.964886E-03 -1.376868E-02
3.983649E-02 -3.856735E-03 3.962504E-03 -1.482977E-02
3.924170E-02 -3.728016E-03 3.931988E-03 -1.387085E-02
3.847679E-02 -2.677556E-03 2.928042E-03 -1.279748E-02
3.781865E-02 -2.543482E-03 2.881387E-03 -1.183572E-02
3.862390E-02 -3.573099E-03 3.889659E-03 -1.291374E-02
3.798085E-02 -3.397301E-03 3.834625E-03 -1.196069E-02
3.714124E-02 -2.399459E-03 2.825830E-03 -1.088653E-02
3.644639E-02 -2.250883E-03 2.763180E-03 -9.952879E-03
3.731235E-02 -3.207245E-03 3.767524E-03 -1.101469E-02
3.662000E-02 -3.010219E-03 3.690328E-03 -1.007899E-02
3.573672E-02 -2.103051E-03 2.695837E-03 -9.037254E-03
3.501529E-02 -1.960769E-03 2.626428E-03 -8.141424E-03
3.590677E-02 -2.813499E-03 3.605944E-03 -9.156688E-03
3.517647E-02 -2.623751E-03 3.517722E-03 -8.250343E-03
3.428530E-02 -1.828070E-03 2.557458E-03 -7.266343E-03
3.354983E-02 -1.708052E-03 2.491047E-03 -6.412177E-03
3.443333E-02 -2.446585E-03 3.428970E-03 -7.361804E-03
3.368162E-02 -2.286299E-03 3.342568E-03 -6.492130E-03
3.281175E-02 -1.602852E-03 2.428767E-03 -5.578424E-03
3.207365E-02 -1.513708E-03 2.371579E-03 -4.764070E-03
3.292533E-02 -2.145825E-03 3.260729E-03 -5.641631E-03
3.216805E-02 -2.026839E-03 3.184902E-03 -4.809984E-03
3.133786E-02 -1.441116E-03 2.319841E-03 -3.967775E-03
3.060658E-02 -1.385022E-03 2.273336E-03 -3.188050E-03
3.141286E-02 -1.930001E-03 3.115760E-03 -3.996374E-03
3.066249E-02 -1.855235E-03 3.053224E-03 -3.199661E-03
2.988204E-02 -1.345020E-03 2.231288E-03 -2.423450E-03
2.916679E-02 -1.320503E-03 2.192334E-03 -1.672784E-03
2.991945E-02 -1.802021E-03 2.996444E-03 -2.418587E-03
2.918647E-02 -1.769598E-03 2.943730E-03 -1.652022E-03
2.846414E-02 -1.310740E-03 2.154438E-03 -9.353683E-04
2.777854E-02 -1.314842E-03 2.114792E-03 -2.113418E-04
2.846697E-02 -1.757062E-03 2.892399E-03 -8.992865E-04
2.776570E-02 -1.763293E-03 2.838611E-03 -1.605555E-04
2.711614E-02 -1.331597E-03 2.069753E-03 4.979797E-04
2.648507E-02 -1.359186E-03 2.014915E-03 1.189739E-03
2.708932E-02 -1.786700E-03 2.777263E-03 5.626711E-04
2.644695E-02 -1.824787E-03 2.702097E-03 1.267085E-03
2.589558E-02 -1.394846E-03 1.945432E-03 1.859267E-03
2.535952E-02 -1.434596E-03 1.856661E-03 2.500040E-03
2.585019E-02 -1.873638E-03 2.606216E-03 1.947217E-03
2.531248E-02 -1.927526E-03 2.483103E-03 2.595430E-03
2.488933E-02 -1.473216E-03 1.745065E-03 3.104025E-03
2.449639E-02 -1.504628E-03 1.609141E-03 3.662436E-03
2.484757E-02 -1.978951E-03 2.328028E-03 3.202447E-03
2.446744E-02 -2.019293E-03 2.139423E-03 3.758456E-03
2.418937E-02 -1.522657E-03 1.450021E-03 4.166800E-03
2.397295E-02 -1.521990E-03 1.271466E-03 4.610029E-03
2.418017E-02 -2.040051E-03 1.919613E-03 4.254525E-03
2.398871E-02 -2.034243E-03 1.674580E-03 4.683859E-03
2.384726E-02 -1.498992E-03 1.079291E-03 4.987234E-03
2.380818E-02 -1.452147E-03 8.804466E-04 5.296116E-03
2.389077E-02 -1.997478E-03 1.412888E-03 5.042559E-03
2.387962E-02 -1.928398E-03 1.144304E-03 5.329780E-03
2.384808E-02 -1.382078E-03 6.821312E-04 5.536981E-03
2.395682E-02 -1.291249E-03 4.910936E-04 5.712507E-03
2.394529E-02 -1.828538E-03 8.785806E-04 5.547474E-03
2.407576E-02 -1.701801E-03 6.246096E-04 5.699923E-03
2.412266E-02 -1.183499E-03 3.131881E-04 5.827363E-03
2.433314E-02 -1.063527E-03 1.531159E-04 5.887774E-03
2.425809E-02 -1.553764E-03 3.899143E-04 5.793218E-03
2.447919E-02 -1.390970E-03 1.803679E-04 5.834719E-03
2.457579E-02 -9.363973E-04 1.429335E-05 5.901050E-03
2.483876E-02 -8.070869E-04 -1.011849E-04 5.875117E-03
2.472653E-02 -1.220255E-03 6.473354E-08 5.832525E-03
2.498865E-02 -1.048167E-03 -1.486852E-04 5.794986E-03
2.511121E-02 -6.801168E-04 -1.924972E-04 5.818081E-03
2.538361E-02 -5.592774E-04 -2.599647E-04 5.737848E-03
2.525548E-02 -8.804993E-04 -2.652447E-04 5.730272E-03
2.551850E-02 -7.219817E-04 -3.504324E-04 5.646047E-03
2.564793E-02 -4.474626E-04 -3.048558E-04 5.641826E-03
2.589761E-02 -3.466088E-04 -3.291476E-04 5.536714E-03
2.577078E-02 -5.761089E-04 -4.062292E-04 5.549240E-03
2.600686E-02 -4.451143E-04 -4.354486E-04 5.445922E-03
2.612752E-02 -2.577242E-04 -3.352783E-04 5.428383E-03
2.633380E-02 -1.809820E-04 -3.259180E-04 5.321826E-03
2.622261E-02 -3.300469E-04 -4.414110E-04 5.341268E-03
2.641506E-02 -2.309187E-04 -4.276583E-04 5.239572E-03
2.651369E-02 -1.158503E-04 -3.037800E-04 5.221162E-03
2.666531E-02 -6.123310E-05 -2.714879E-04 5.129680E-03
2.658213E-02 -1.468844E-04 -3.977284E-04 5.144305E-03
2.672250E-02 -7.642337E-05 -3.550047E-04 5.058186E-03
2.678752E-02 -1.559947E-05 -2.315125E-04 5.049901E-03
2.687974E-02 2.291044E-05 -1.862556E-04 4.983625E-03
2.683544E-02 -1.750150E-05 -3.026549E-04 4.983257E-03
2.692069E-02 3.229622E-05 -2.437510E-04 4.920934E-03
2.694200E-02 5.639765E-05 -1.387715E-04 4.931880E-03
2.697547E-02 8.708640E-05 -9.740979E-05 4.894204E-03
2.697846E-02 7.565168E-05 -1.821903E-04 4.871976E-03
2.700997E-02 1.153879E-04 -1.287078E-04 4.835824E-03
4.209738E-02 -5.051475E-03 4.989134E-03 -1.865486E-02
4.264667E-02 -5.031903E-03 5.031997E-03 -1.960150E-02
4.156035E-02 -5.043926E-03 4.962165E-03 -1.771977E-02
4.208570E-02 -6.000261E-03 5.909556E-03 -1.861363E-02
4.260899E-02 -5.968351E-03 5.967727E-03 -1.952119E-02
4.158163E-02 -5.999955E-03 5.872847E-03 -1.772000E-02
4.103266E-02 -5.003397E-03 4.944042E-03 -1.679090E-02
4.050316E-02 -4.926014E-03 4.928137E-03 -1.586359E-02
4.109211E-02 -5.961264E-03 5.850911E-03 -1.683369E-02
4.060395E-02 -5.879673E-03 5.836379E-03 -1.594812E-02
3.996151E-02 -4.810215E-03 4.908345E-03 -1.493432E-02
3.939882E-02 -4.657038E-03 4.879443E-03 -1.400108E-02
4.010430E-02 -5.752826E-03 5.821881E-03 -1.505759E-02
3.958147E-02 -5.581072E-03 5.800518E-03 -1.415781E-02
3.880836E-02 -4.470188E-03 4.837559E-03 -1.306354E-02
3.818597E-02 -4.255819E-03 4.780578E-03 -1.212298E-02
3.902582E-02 -5.367832E-03 5.766521E-03 -1.324642E-02
3.843059E-02 -5.119628E-03 5.715928E-03 -1.232320E-02
3.753020E-02 -4.021995E-03 4.708335E-03 -1.118203E-02
3.684217E-02 -3.777907E-03 4.622495E-03 -1.024420E-02
3.779243E-02 -4.845661E-03 5.647047E-03 -1.139005E-02
3.711152E-02 -4.556932E-03 5.560543E-03 -1.045055E-02
3.612514E-02 -3.532956E-03 4.526132E-03 -9.313332E-03
3.538388E-02 -3.295882E-03 4.423125E-03 -8.393100E-03
3.639125E-02 -4.265072E-03 5.459102E-03 -9.509416E-03
3.563750E-02 -3.981126E-03 5.346777E-03 -8.571771E-03
3.462403E-02 -3.074080E-03 4.317519E-03 -7.486631E-03
3.385145E-02 -2.873213E-03 4.213003E-03 -6.596275E-03
3.485770E-02 -3.714549E-03 5.228221E-03 -7.642510E-03
3.405976E-02 -3.472607E-03 5.107999E-03 -6.725801E-03
3.307168E-02 -2.697114E-03 4.112566E-03 -5.723520E-03
3.228963E-02 -2.547958E-03 4.018339E-03 -4.869006E-03
3.325129E-02 -3.260223E-03 4.990099E-03 -5.824764E-03
3.243888E-02 -3.080206E-03 4.877638E-03 -4.941339E-03
3.150941E-02 -2.426599E-03 3.931532E-03 -4.032619E-03
3.073436E-02 -2.332977E-03 3.852416E-03 -3.213656E-03
3.162788E-02 -2.933708E-03 4.772701E-03 -4.076315E-03
3.082244E-02 -2.820762E-03 4.676217E-03 -3.229496E-03
2.996737E-02 -2.266495E-03 3.780245E-03 -2.411057E-03
2.921134E-02 -2.226297E-03 3.713110E-03 -1.623722E-03
3.002584E-02 -2.740777E-03 4.587787E-03 -2.400006E-03
2.924114E-02 -2.692878E-03 4.505422E-03 -1.586713E-03
2.846984E-02 -2.211368E-03 3.647697E-03 -8.509329E-04
2.774798E-02 -2.220417E-03 3.579019E-03 -9.289134E-05
2.847212E-02 -2.676021E-03 4.425174E-03 -7.887933E-04
2.772438E-02 -2.688809E-03 4.340728E-03 -6.454948E-06
2.705323E-02 -2.251486E-03 3.500249E-03 6.486433E-04
2.639613E-02 -2.301313E-03 3.402884E-03 1.369696E-03
2.700653E-02 -2.728925E-03 4.243134E-03 7.581832E-04
2.633110E-02 -2.792194E-03 4.121052E-03 1.500179E-03
2.579026E-02 -2.364577E-03 3.277537E-03 2.063612E-03
2.525134E-02 -2.433372E-03 3.115525E-03 2.721115E-03
2.571458E-02 -2.871497E-03 3.961970E-03 2.211148E-03
2.517582E-02 -2.956080E-03 3.754669E-03 2.879467E-03
2.479492E-02 -2.497367E-03 2.911001E-03 3.331175E-03
2.443346E-02 -2.544949E-03 2.662874E-03 3.882657E-03
2.473261E-02 -3.032003E-03 3.492429E-03 3.491725E-03
2.439759E-02 -3.084087E-03 3.175581E-03 4.035223E-03
2.417385E-02 -2.565128E-03 2.375545E-03 4.366227E-03
2.401633E-02 -2.549474E-03 2.058121E-03 4.775790E-03
2.417536E-02 -3.098787E-03 2.811931E-03 4.500525E-03
2.406202E-02 -3.066702E-03 2.414910E-03 4.882947E-03
2.395513E-02 -2.493358E-03 1.722581E-03 5.109044E-03
2.398001E-02 -2.396230E-03 1.381824E-03 5.367246E-03
2.404703E-02 -2.983782E-03 2.000643E-03 5.182640E-03
2.411578E-02 -2.851171E-03 1.585401E-03 5.403746E-03
2.407803E-02 -2.261158E-03 1.048181E-03 5.554573E-03
2.423502E-02 -2.093981E-03 7.325087E-04 5.677390E-03
2.425189E-02 -2.674244E-03 1.183987E-03 5.553296E-03
2.443884E-02 -2.461360E-03 8.088959E-04 5.640187E-03
2.443667E-02 -1.902359E-03 4.436922E-04 5.743558E-03
2.466933E-02 -1.694845E-03 1.883891E-04 5.761780E-03
2.466104E-02 -2.222611E-03 4.699132E-04 5.674319E-03
2.490460E-02 -1.968669E-03 1.739365E-04 5.665835E-03
2.492064E-02 -1.480045E-03 -2.905630E-05 5.741020E-03
2.517987E-02 -1.265927E-03 -2.065431E-04 5.689998E-03
2.515768E-02 -1.709809E-03 -7.500796E-05 5.624494E-03
2.541074E-02 -1.455148E-03 -2.755567E-04 5.559201E-03
2.543805E-02 -1.059310E-03 -3.439955E-04 5.616806E-03
2.568805E-02 -8.655553E-04 -4.430253E-04 5.528668E-03
2.565638E-02 -1.212161E-03 -4.286316E-04 5.477717E-03
2.588919E-02 -9.864407E-04 -5.369506E-04 5.386551E-03
2.592435E-02 -6.884505E-04 -5.065247E-04 5.431815E-03
2.614285E-02 -5.302507E-04 -5.382444E-04 5.331482E-03
2.610537E-02 -7.816969E-04 -6.045004E-04 5.290987E-03
2.630237E-02 -5.998985E-04 -6.360376E-04 5.195215E-03
2.634064E-02 -3.918287E-04 -5.424061E-04 5.231959E-03
2.651574E-02 -2.728849E-04 -5.233804E-04 5.136689E-03
2.647862E-02 -4.415145E-04 -6.366647E-04 5.102482E-03
2.663321E-02 -3.057881E-04 -6.115022E-04 5.015265E-03
2.666688E-02 -1.721755E-04 -4.854490E-04 5.048371E-03
2.679336E-02 -8.772860E-05 -4.326553E-04 4.969058E-03
2.676572E-02 -1.910052E-04 -5.654631E-04 4.935411E-03
2.687607E-02 -9.473240E-05 -5.031257E-04 4.864257E-03
2.689491E-02 -1.702960E-05 -3.687572E-04 4.900239E-03
2.697158E-02 4.282929E-05 -2.973841E-04 4.842901E-03
2.696445E-02 -1.401296E-05 -4.287112E-04 4.802710E-03
2.703122E-02 5.448037E-05 -3.462801E-04 4.751308E-03
2.702382E-02 9.502727E-05 -2.231420E-04 4.797497E-03
2.705286E-02 1.428793E-04 -1.588599E-04 4.763370E-03
2.707703E-02 1.143239E-04 -2.610001E-04 4.710189E-03
2.710314E-02 1.692021E-04 -1.874532E-04 4.678613E-03
4.206244E-02 -6.910616E-03 6.785271E-03 -1.855241E-02
4.255481E-02 -6.862966E-03 6.861309E-03 -1.941224E-02
4.159615E-02 -6.921448E-03 6.736939E-03 -1.770880E-02
4.202415E-02 -7.773313E-03 7.607790E-03 -1.846678E-02
4.248099E-02 -7.706864E-03 7.703876E-03 -1.927027E-02
4.159958E-02 -7.799034E-03 7.545999E-03 -1.768144E-02
4.114996E-02 -6.889440E-03 6.710884E-03 -1.687370E-02
4.070905E-02 -6.809615E-03 6.699522E-03 -1.603877E-02
4.120063E-02 -7.778652E-03 7.515274E-03 -1.690592E-02
4.081155E-02 -7.707035E-03 7.508510E-03 -1.613042E-02
4.025826E-02 -6.678692E-03 6.694530E-03 -1.519598E-02
3.978293E-02 -6.495916E-03 6.687370E-03 -1.433839E-02
4.041535E-02 -7.580003E-03 7.517034E-03 -1.534465E-02
3.999458E-02 -7.395391E-03 7.531036E-03 -1.453880E-02
3.927005E-02 -6.263813E-03 6.670075E-03 -1.346101E-02
3.870951E-02 -5.988611E-03 6.636177E-03 -1.256138E-02
3.953257E-02 -7.154195E-03 7.540304E-03 -1.370456E-02
3.901512E-02 -6.861488E-03 7.535301E-03 -1.283638E-02
3.809518E-02 -5.680088E-03 6.581541E-03 -1.164001E-02
3.742558E-02 -5.350746E-03 6.504834E-03 -1.070019E-02
3.843234E-02 -6.526737E-03 7.508382E-03 -1.193241E-02
3.778013E-02 -6.163233E-03 7.454845E-03 -1.099499E-02
3.670388E-02 -5.014411E-03 6.407471E-03 -9.747514E-03
3.593708E-02 -4.684625E-03 6.293076E-03 -8.788915E-03
3.706070E-02 -5.786636E-03 7.373486E-03 -1.003035E-02
3.628193E-02 -5.413012E-03 7.266508E-03 -9.047575E-03
3.513473E-02 -4.373221E-03 6.166661E-03 -7.831660E-03
3.430736E-02 -4.089431E-03 6.033759E-03 -6.882398E-03
3.545569E-02 -5.056928E-03 7.138836E-03 -8.056972E-03
3.459557E-02 -4.730110E-03 6.997065E-03 -7.068490E-03
3.346511E-02 -3.839600E-03 5.899693E-03 -5.946466E-03
3.261671E-02 -3.627447E-03 5.769038E-03 -5.027515E-03
3.371481E-02 -4.440909E-03 6.848350E-03 -6.090408E-03
3.282481E-02 -4.194468E-03 6.699404E-03 -5.128611E-03
3.176907E-02 -3.454637E-03 5.645243E-03 -4.127463E-03
3.092727E-02 -3.321459E-03 5.530326E-03 -3.246695E-03
3.193439E-02 -3.993363E-03 6.555729E-03 -4.186433E-03
3.104981E-02 -3.838412E-03 6.421008E-03 -3.264938E-03
3.009503E-02 -3.227448E-03 5.424551E-03 -2.384487E-03
2.927563E-02 -3.171814E-03 5.326016E-03 -1.539580E-03
3.017538E-02 -3.729449E-03 6.296576E-03 -2.363510E-03
2.931457E-02 -3.665894E-03 6.180825E-03 -1.480648E-03
2.847306E-02 -3.153583E-03 5.230115E-03 -7.109470E-04
2.769356E-02 -3.171326E-03 5.128925E-03 1.012263E-04
2.847164E-02 -3.646948E-03 6.068438E-03 -6.149936E-04
2.765372E-02 -3.671237E-03 5.949478E-03 2.333354E-04
2.694734E-02 -3.222352E-03 5.010787E-03 8.943229E-04
2.624983E-02 -3.301343E-03 4.860644E-03 1.662001E-03
2.687320E-02 -3.735665E-03 5.808702E-03 1.061027E-03
2.614967E-02 -3.833392E-03 5.626030E-03 1.859699E-03
2.562161E-02 -3.398767E-03 4.661945E-03 2.393360E-03
2.508580E-02 -3.500019E-03 4.400519E-03 3.073446E-03
2.550955E-02 -3.951517E-03 5.379573E-03 2.614766E-03
2.498173E-02 -4.070076E-03 5.051826E-03 3.306571E-03
2.466282E-02 -3.586463E-03 4.069370E-03 3.685719E-03
2.436461E-02 -3.638726E-03 3.671847E-03 4.215852E-03
2.458926E-02 -4.164279E-03 4.636812E-03 3.914612E-03
2.434161E-02 -4.210006E-03 4.143528E-03 4.423284E-03
2.419167E-02 -3.640889E-03 3.221082E-03 4.655017E-03
2.413405E-02 -3.583478E-03 2.736272E-03 5.001082E-03
2.423236E-02 -4.189678E-03 3.593040E-03 4.825745E-03
2.424308E-02 -4.095271E-03 3.011842E-03 5.124100E-03
2.417500E-02 -3.464222E-03 2.238357E-03 5.257785E-03
2.429477E-02 -3.287103E-03 1.747021E-03 5.433062E-03
2.434941E-02 -3.927950E-03 2.426066E-03 5.327086E-03
2.452592E-02 -3.695909E-03 1.858501E-03 5.447390E-03
2.447326E-02 -3.060709E-03 1.279210E-03 5.537426E-03
2.469171E-02 -2.796519E-03 8.485228E-04 5.582684E-03
2.474893E-02 -3.411909E-03 1.327594E-03 5.499574E-03
2.499788E-02 -3.091075E-03 8.472213E-04 5.498574E-03
2.493365E-02 -2.507336E-03 4.649740E-04 5.580907E-03
2.518542E-02 -2.205930E-03 1.349706E-04 5.543592E-03
2.525615E-02 -2.749023E-03 4.266976E-04 5.458541E-03
2.551115E-02 -2.400353E-03 7.100320E-05 5.391984E-03
2.543636E-02 -1.903968E-03 -1.384877E-04 5.481042E-03
2.567866E-02 -1.611283E-03 -3.553818E-04 5.401996E-03
2.575420E-02 -2.057610E-03 -2.187126E-04 5.309261E-03
2.597991E-02 -1.730714E-03 -4.444032E-04 5.218428E-03
2.590699E-02 -1.335502E-03 -5.180833E-04 5.313513E-03
2.611801E-02 -1.081973E-03 -6.306979E-04 5.221057E-03
2.618545E-02 -1.426826E-03 -6.102916E-04 5.125381E-03
2.636983E-02 -1.150516E-03 -7.220639E-04 5.034186E-03
2.630984E-02 -8.539172E-04 -6.984340E-04 5.128707E-03
2.648161E-02 -6.527067E-04 -7.270610E-04 5.039420E-03
2.653319E-02 -9.041143E-04 -7.861810E-04 4.947480E-03
2.667634E-02 -6.881248E-04 -8.093469E-04 4.866862E-03
2.663311E-02 -4.781987E-04 -7.224868E-04 4.955290E-03
2.676449E-02 -3.290608E-04 -6.904594E-04 4.877762E-03
2.680036E-02 -5.016302E-04 -7.981365E-04 4.793214E-03
2.690638E-02 -3.426501E-04 -7.587609E-04 4.726952E-03
2.687615E-02 -2.030643E-04 -6.363806E-04 4.807808E-03
2.696858E-02 -9.732773E-05 -5.652181E-04 4.746042E-03
2.699549E-02 -2.084356E-04 -6.969437E-04 4.668199E-03
2.706871E-02 -9.569798E-05 -6.178838E-04 4.616888E-03
2.704239E-02 -8.508018E-06 -4.815171E-04 4.692799E-03
2.709822E-02 6.705484E-05 -3.896366E-04 4.648179E-03
2.712696E-02 -7.820037E-07 -5.263075E-04 4.572824E-03
2.717114E-02 8.020788E-05 -4.267392E-04 4.535714E-03
2.713691E-02 1.332233E-04 -2.951486E-04 4.612028E-03
2.715966E-02 1.939242E-04 -2.140200E-04 4.583547E-03
2.720217E-02 1.513057E-04 -3.249965E-04 4.505145E-03
2.722121E-02 2.165556E-04 -2.380530E-04 4.480301E-03
4.196778E-02 -8.578952E-03 8.369007E-03 -1.835289E-02
4.238495E-02 -8.491290E-03 8.486706E-03 -1.909193E-02
4.158783E-02 -8.622803E-03 8.292105E-03 -1.763345E-02
4.189098E-02 -9.318464E-03 9.061569E-03 -1.820793E-02
4.226499E-02 -9.208058E-03 9.201667E-03 -1.887524E-02
4.155749E-02 -9.382829E-03 8.968240E-03 -1.756100E-02
4.123854E-02 -8.618625E-03 8.255861E-03 -1.692515E-02
4.090408E-02 -8.561589E-03 8.254483E-03 -1.621724E-02
4.125866E-02 -9.398557E-03 8.925363E-03 -1.692643E-02
4.097949E-02 -9.361734E-03 8.929349E-03 -1.629316E-02
4.056643E-02 -8.446903E-03 8.279846E-03 -1.549755E-02
4.020588E-02 -8.270961E-03 8.321648E-03 -1.475330E-02
4.070185E-02 -9.267592E-03 8.973756E-03 -1.564766E-02
4.040470E-02 -9.111514E-03 9.049005E-03 -1.497446E-02
3.980220E-02 -8.032744E-03 8.367823E-03 -1.397240E-02
3.933667E-02 -7.735210E-03 8.405473E-03 -1.314519E-02
4.006494E-02 -8.890394E-03 9.142109E-03 -1.425743E-02
3.965956E-02 -8.604218E-03 9.236994E-03 -1.348199E-02
3.879470E-02 -7.386211E-03 8.422339E-03 -1.226625E-02
3.816831E-02 -6.998497E-03 8.408597E-03 -1.133589E-02
3.916874E-02 -8.257534E-03 9.315878E-03 -1.263789E-02
3.857939E-02 -7.860372E-03 9.361834E-03 -1.172199E-02
3.745761E-02 -6.588586E-03 8.358494E-03 -1.036046E-02
3.667062E-02 -6.174713E-03 8.271257E-03 -9.351225E-03
3.788780E-02 -7.428119E-03 9.362027E-03 -1.073956E-02
3.710043E-02 -6.980094E-03 9.310438E-03 -9.703649E-03
3.582125E-02 -5.774487E-03 8.150939E-03 -8.322209E-03
3.492643E-02 -5.402923E-03 8.005246E-03 -7.287567E-03
3.623218E-02 -6.537062E-03 9.208901E-03 -8.632270E-03
3.530303E-02 -6.118438E-03 9.066044E-03 -7.544662E-03
3.400308E-02 -5.071349E-03 7.843813E-03 -6.259416E-03
3.306586E-02 -4.787231E-03 7.676426E-03 -5.246567E-03
3.433402E-02 -5.740074E-03 8.894701E-03 -6.457873E-03
3.334399E-02 -5.413226E-03 8.708906E-03 -5.384615E-03
3.212611E-02 -4.554725E-03 7.511564E-03 -4.254190E-03
3.119167E-02 -4.375599E-03 7.355346E-03 -3.284200E-03
3.234768E-02 -5.144706E-03 8.521349E-03 -4.332585E-03
3.135524E-02 -4.937867E-03 8.341613E-03 -3.304906E-03
3.026763E-02 -4.250223E-03 7.210714E-03 -2.336077E-03
2.935776E-02 -4.178359E-03 7.076621E-03 -1.407944E-03
3.037296E-02 -4.793914E-03 8.174980E-03 -2.301218E-03
2.940503E-02 -4.713092E-03 8.021350E-03 -1.319127E-03
2.846662E-02 -4.159499E-03 6.946962E-03 -4.979394E-04
2.760247E-02 -4.192429E-03 6.809205E-03 3.939598E-04
2.845634E-02 -4.695313E-03 7.873755E-03 -3.560251E-04
2.753662E-02 -4.739658E-03 7.716245E-03 5.883762E-04
2.678080E-02 -4.273582E-03 6.643226E-03 1.263463E-03
2.602719E-02 -4.394004E-03 6.421948E-03 2.099170E-03
2.666572E-02 -4.841995E-03 7.521859E-03 1.508396E-03
2.587806E-02 -4.990287E-03 7.253478E-03 2.388074E-03
2.537649E-02 -4.535899E-03 6.116300E-03 2.881035E-03
2.486514E-02 -4.671676E-03 5.705333E-03 3.582775E-03
2.522071E-02 -5.159371E-03 6.872256E-03 3.199130E-03
2.473971E-02 -5.310628E-03 6.354541E-03 3.906037E-03
2.451811E-02 -4.768541E-03 5.186719E-03 4.179192E-03
2.433895E-02 -4.797500E-03 4.579251E-03 4.654588E-03
2.445939E-02 -5.401181E-03 5.706724E-03 4.478719E-03
2.437140E-02 -5.398124E-03 4.963575E-03 4.904135E-03
2.431027E-02 -4.740963E-03 3.915179E-03 5.006489E-03
2.440242E-02 -4.594721E-03 3.229536E-03 5.243528E-03
2.444210E-02 -5.287005E-03 4.171971E-03 5.187899E-03
2.462802E-02 -5.070760E-03 3.375800E-03 5.347963E-03
2.458233E-02 -4.365488E-03 2.553438E-03 5.381023E-03
2.481889E-02 -4.067186E-03 1.911959E-03 5.437316E-03
2.488704E-02 -4.764105E-03 2.610045E-03 5.407771E-03
2.518316E-02 -4.388170E-03 1.900589E-03 5.392004E-03
2.508541E-02 -3.717645E-03 1.323989E-03 5.431404E-03
2.536057E-02 -3.335927E-03 8.024825E-04 5.381283E-03
2.548800E-02 -3.966453E-03 1.265168E-03 5.324107E-03
2.578110E-02 -3.521780E-03 7.141494E-04 5.224600E-03
2.562873E-02 -2.940219E-03 3.548149E-04 5.302745E-03
2.587955E-02 -2.546331E-03 -1.657599E-05 5.208640E-03
2.604944E-02 -3.074136E-03 2.514403E-04 5.109997E-03
2.628632E-02 -2.639467E-03 -1.242670E-04 4.992438E-03
2.610725E-02 -2.166874E-03 -3.132564E-04 5.108645E-03
2.630950E-02 -1.811044E-03 -5.397077E-04 5.009471E-03
2.648981E-02 -2.229356E-03 -4.180224E-04 4.879971E-03
2.666115E-02 -1.851346E-03 -6.371935E-04 4.777251E-03
2.648635E-02 -1.484843E-03 -7.022717E-04 4.915354E-03
2.663927E-02 -1.191547E-03 -8.082615E-04 4.828643E-03
2.680342E-02 -1.509605E-03 -7.902897E-04 4.686405E-03
2.692044E-02 -1.205683E-03 -8.861092E-04 4.607844E-03
2.677039E-02 -9.322503E-04 -8.652938E-04 4.750371E-03
2.688205E-02 -7.063865E-04 -8.808358E-04 4.680722E-03
2.701614E-02 -9.392041E-04 -9.331921E-04 4.540941E-03
2.709412E-02 -7.084386E-04 -9.395118E-04 4.484518E-03
2.697646E-02 -5.121749E-04 -8.619303E-04 4.619395E-03
2.705556E-02 -3.469742E-04 -8.150543E-04 4.565836E-03
2.715748E-02 -5.107381E-04 -9.123352E-04 4.437187E-03
2.720877E-02 -3.428485E-04 -8.581912E-04 4.397547E-03
2.712102E-02 -2.075515E-04 -7.460718E-04 4.519396E-03
2.717423E-02 -9.028008E-05 -6.602540E-04 4.479407E-03
2.725005E-02 -2.011306E-04 -7.829034E-04 4.364295E-03
2.728294E-02 -8.171151E-05 -6.916643E-04 4.336269E-03
2.721636E-02 8.718482E-06 -5.623687E-04 4.445218E-03
2.724845E-02 9.347223E-05 -4.569782E-04 4.416204E-03
2.730876E-02 1.941113E-05 -5.891557E-04 4.312454E-03
2.732863E-02 1.062953E-04 -4.798630E-04 4.291973E-03
2.727149E-02 1.680749E-04 -3.499951E-04 4.391751E-03
2.728650E-02 2.365719E-04 -2.590261E-04 4.371067E-03
2.734352E-02 1.829906E-04 -3.696563E-04 4.274071E-03
2.735428E-02 2.534422E-04 -2.764202E-04 4.258024E-03
4.179237E-02 -9.983589E-03 9.679151E-03 -1.803038E-02
4.212041E-02 -9.849918E-03 9.841578E-03 -1.861976E-02
4.150620E-02 -1.006971E-02 9.568567E-03 -1.746141E-02
4.167166E-02 -1.056720E-02 1.021655E-02 -1.782021E-02
4.195149E-02 -1.041077E-02 1.040040E-02 -1.832659E-02
4.143300E-02 -1.067500E-02 1.008852E-02 -1.733352E-02
4.125712E-02 -1.010769E-02 9.517831E-03 -1.690571E-02
4.103157E-02 -1.009526E-02 9.526394E-03 -1.635254E-02
4.123173E-02 -1.073582E-02 1.002887E-02 -1.686045E-02
4.105592E-02 -1.074992E-02 1.004084E-02 -1.639097E-02
4.081228E-02 -1.002871E-02 9.590758E-03 -1.578763E-02
4.057801E-02 -9.903467E-03 9.703583E-03 -1.519336E-02
4.088967E-02 -1.071603E-02 1.012507E-02 -1.591060E-02
4.071278E-02 -1.063139E-02 1.027800E-02 -1.540021E-02
4.030420E-02 -9.714954E-03 9.852380E-03 -1.454981E-02
3.996485E-02 -9.459745E-03 1.001868E-02 -1.383724E-02
4.050140E-02 -1.049141E-02 1.048919E-02 -1.483696E-02
4.022932E-02 -1.028949E-02 1.073900E-02 -1.419684E-02
3.953553E-02 -9.137189E-03 1.017880E-02 -1.303971E-02
3.899728E-02 -8.751468E-03 1.030694E-02 -1.214904E-02
3.986998E-02 -1.001804E-02 1.099829E-02 -1.345849E-02
3.939909E-02 -9.671587E-03 1.123171E-02 -1.260767E-02
3.834033E-02 -8.313468E-03 1.038036E-02 -1.116760E-02
3.756651E-02 -7.841283E-03 1.038477E-02 -1.010861E-02
3.879840E-02 -9.251721E-03 1.140444E-02 -1.164120E-02
3.806031E-02 -8.771287E-03 1.149048E-02 -1.056911E-02
3.668903E-02 -7.358415E-03 1.031754E-02 -8.993463E-03
3.572959E-02 -6.890027E-03 1.018733E-02 -7.846976E-03
3.719125E-02 -8.254863E-03 1.147908E-02 -9.413610E-03
3.621138E-02 -7.734487E-03 1.137655E-02 -8.204565E-03
3.471357E-02 -6.458789E-03 1.001068E-02 -6.692408E-03
3.366518E-02 -6.082026E-03 9.807199E-03 -5.547857E-03
3.514986E-02 -7.242657E-03 1.120264E-02 -6.972800E-03
3.403787E-02 -6.806173E-03 1.098383E-02 -5.744064E-03
3.260408E-02 -5.770894E-03 9.595406E-03 -4.424747E-03
3.154398E-02 -5.531288E-03 9.389784E-03 -3.328124E-03
3.290240E-02 -6.443199E-03 1.074655E-02 -4.535632E-03
3.176280E-02 -6.163710E-03 1.051228E-02 -3.355845E-03
3.049309E-02 -5.365661E-03 9.199025E-03 -2.258020E-03
2.945626E-02 -5.274889E-03 9.024589E-03 -1.211373E-03
3.063051E-02 -5.972021E-03 1.029480E-02 -2.205665E-03
2.951138E-02 -5.869819E-03 1.009816E-02 -1.081217E-03
2.843868E-02 -5.259447E-03 8.858614E-03 -1.844741E-04
2.745190E-02 -5.318927E-03 8.680578E-03 8.234705E-04
2.841078E-02 -5.858332E-03 9.913726E-03 2.287964E-05
2.734245E-02 -5.938021E-03 9.714769E-03 1.108372E-03
2.652204E-02 -5.448494E-03 8.453650E-03 1.804768E-03
2.569688E-02 -5.631390E-03 8.125851E-03 2.736370E-03
2.634172E-02 -6.103138E-03 9.449724E-03 2.164580E-03
2.547724E-02 -6.329313E-03 9.043889E-03 3.157019E-03
2.504146E-02 -5.830970E-03 7.645037E-03 3.577339E-03
2.461299E-02 -5.992603E-03 6.987771E-03 4.279564E-03
2.484058E-02 -6.561406E-03 8.427441E-03 4.024960E-03
2.449928E-02 -6.721857E-03 7.585282E-03 4.704150E-03
2.442890E-02 -6.061649E-03 6.178500E-03 4.809523E-03
2.445946E-02 -6.004528E-03 5.276302E-03 5.162226E-03
2.445072E-02 -6.744681E-03 6.576001E-03 5.162883E-03
2.463037E-02 -6.602894E-03 5.492253E-03 5.413409E-03
2.464873E-02 -5.815138E-03 4.345134E-03 5.356531E-03
2.493802E-02 -5.507735E-03 3.436310E-03 5.422626E-03
2.495501E-02 -6.306211E-03 4.414415E-03 5.493936E-03
2.535158E-02 -5.884719E-03 3.397321E-03 5.449255E-03
2.527706E-02 -5.107540E-03 2.586392E-03 5.393297E-03
2.562679E-02 -4.644019E-03 1.819802E-03 5.299744E-03
2.576440E-02 -5.376205E-03 2.475523E-03 5.321954E-03
2.615461E-02 -4.818713E-03 1.668729E-03 5.149040E-03
2.595945E-02 -4.146301E-03 1.150835E-03 5.169234E-03
2.625781E-02 -3.640005E-03 5.851332E-04 5.023564E-03
2.649854E-02 -4.245796E-03 9.847336E-04 4.959922E-03
2.678518E-02 -3.683806E-03 4.219738E-04 4.775530E-03
2.651351E-02 -3.145451E-03 1.214265E-04 4.878477E-03
2.672487E-02 -2.677185E-03 -2.464173E-04 4.744028E-03
2.701294E-02 -3.151183E-03 -2.755531E-05 4.608814E-03
2.718623E-02 -2.659249E-03 -3.754596E-04 4.466234E-03
2.689453E-02 -2.244482E-03 -5.274092E-04 4.625601E-03
2.702752E-02 -1.852329E-03 -7.318352E-04 4.525163E-03
2.731256E-02 -2.213725E-03 -6.346966E-04 4.349612E-03
2.740047E-02 -1.816344E-03 -8.180912E-04 4.257827E-03
2.712979E-02 -1.502517E-03 -8.701439E-04 4.442433E-03
2.720721E-02 -1.194603E-03 -9.522817E-04 4.375829E-03
2.745830E-02 -1.466223E-03 -9.375233E-04 4.188140E-03
2.749346E-02 -1.160881E-03 -1.003589E-03 4.137107E-03
2.726512E-02 -9.266586E-04 -9.873608E-04 4.323142E-03
2.730804E-02 -6.958196E-04 -9.835452E-04 4.281983E-03
2.751220E-02 -8.969268E-04 -1.025549E-03 4.101160E-03
2.751956E-02 -6.705006E-04 -1.011424E-03 4.076934E-03
2.733966E-02 -4.986506E-04 -9.480634E-04 4.250049E-03
2.736290E-02 -3.313889E-04 -8.872854E-04 4.225254E-03
2.751951E-02 -4.775349E-04 -9.681520E-04 4.061428E-03
2.751509E-02 -3.139035E-04 -9.017551E-04 4.052065E-03
2.738002E-02 -1.900984E-04 -8.068277E-04 4.205788E-03
2.739275E-02 -7.076730E-05 -7.116713E-04 4.190120E-03
2.750858E-02 -1.755025E-04 -8.175036E-04 4.046687E-03
2.750171E-02 -5.829346E-05 -7.200594E-04 4.043521E-03
2.740245E-02 3.062876E-05 -6.063030E-04 4.176974E-03
2.741021E-02 1.180811E-04 -4.950332E-04 4.165305E-03
2.749577E-02 4.167201E-05 -6.136275E-04 4.041135E-03
2.749178E-02 1.282332E-04 -5.022660E-04 4.038394E-03
2.741694E-02 1.955044E-04 -3.835711E-04 4.154279E-03
2.742328E-02 2.666592E-04 -2.897500E-04 4.143280E-03
2.749049E-02 2.050948E-04 -3.914249E-04 4.034450E-03
2.749233E-02 2.757679E-04 -2.985903E-04 4.028825E-03
4.152970E-02 -1.106335E-02 1.066949E-02 -1.757893E-02
4.175939E-02 -1.088559E-02 1.087319E-02 -1.799804E-02
4.133855E-02 -1.119137E-02 1.052458E-02 -1.717805E-02
4.136841E-02 -1.146706E-02 1.103416E-02 -1.730945E-02
4.154582E-02 -1.127006E-02 1.125568E-02 -1.763722E-02
4.122523E-02 -1.161243E-02 1.087379E-02 -1.699785E-02
4.118242E-02 -1.127368E-02 1.045561E-02 -1.679029E-02
4.105046E-02 -1.131401E-02 1.047020E-02 -1.640623E-02
4.111143E-02 -1.171281E-02 1.079632E-02 -1.669761E-02
4.101563E-02 -1.177670E-02 1.081445E-02 -1.639907E-02
4.092801E-02 -1.131541E-02 1.057417E-02 -1.601126E-02
4.079698E-02 -1.127930E-02 1.076883E-02 -1.558527E-02
4.092348E-02 -1.181387E-02 1.093987E-02 -1.608667E-02
4.081993E-02 -1.183269E-02 1.117866E-02 -1.573961E-02
4.063706E-02 -1.120319E-02 1.104673E-02 -1.510404E-02
4.042645E-02 -1.107817E-02 1.138806E-02 -1.454179E-02
4.069207E-02 -1.183477E-02 1.152552E-02 -1.533464E-02
4.052870E-02 -1.180945E-02 1.196030E-02 -1.484890E-02
4.014122E-02 -1.088846E-02 1.175972E-02 -1.387420E-02
3.975430E-02 -1.061542E-02 1.211839E-02 -1.308134E-02
4.031505E-02 -1.173224E-02 1.244842E-02 -1.426004E-02
4.002570E-02 -1.156986E-02 1.294371E-02 -1.354498E-02
3.923727E-02 -1.024597E-02 1.241737E-02 -1.215147E-02
3.856706E-02 -9.781836E-03 1.261620E-02 -1.108574E-02
3.962254E-02 -1.129089E-02 1.339224E-02 -1.268117E-02
3.906187E-02 -1.087923E-02 1.373919E-02 -1.165360E-02
3.773520E-02 -9.244585E-03 1.269074E-02 -9.901545E-03
3.675379E-02 -8.672696E-03 1.263953E-02 -8.630906E-03
3.831008E-02 -1.034552E-02 1.394078E-02 -1.046516E-02
3.735990E-02 -9.729982E-03 1.397809E-02 -9.142803E-03
3.565336E-02 -8.111669E-03 1.248278E-02 -7.313097E-03
3.447364E-02 -7.602622E-03 1.225432E-02 -5.984828E-03
3.623643E-02 -9.092584E-03 1.386412E-02 -7.732921E-03
3.498803E-02 -8.495034E-03 1.363815E-02 -6.287268E-03
3.325255E-02 -7.175033E-03 1.199116E-02 -4.672865E-03
3.201864E-02 -6.845603E-03 1.172502E-02 -3.391422E-03
3.366851E-02 -7.985207E-03 1.335078E-02 -4.848119E-03
3.232143E-02 -7.591405E-03 1.304900E-02 -3.440324E-03
3.078875E-02 -6.621592E-03 1.147747E-02 -2.143506E-03
2.957043E-02 -6.505752E-03 1.125698E-02 -9.243099E-04
3.097301E-02 -7.325938E-03 1.276680E-02 -2.071222E-03
2.963368E-02 -7.193104E-03 1.252032E-02 -7.350774E-04
2.836882E-02 -6.500339E-03 1.105462E-02 2.741507E-04
2.720011E-02 -6.607321E-03 1.083508E-02 1.455441E-03
2.830750E-02 -7.196615E-03 1.230160E-02 5.802743E-04
2.701317E-02 -7.341116E-03 1.206324E-02 1.881882E-03
2.611376E-02 -6.819685E-03 1.052394E-02 2.604240E-03
2.521221E-02 -7.100003E-03 1.001053E-02 3.666797E-03
2.582292E-02 -7.617562E-03 1.169358E-02 3.146703E-03
2.489614E-02 -7.964610E-03 1.102328E-02 4.286900E-03
2.462576E-02 -7.362548E-03 9.203368E-03 4.551102E-03
2.442409E-02 -7.498522E-03 8.115339E-03 5.175171E-03
2.441698E-02 -8.245267E-03 9.940681E-03 5.161510E-03
2.443021E-02 -8.313502E-03 8.529811E-03 5.677589E-03
2.455991E-02 -7.436832E-03 6.864141E-03 5.522081E-03
2.491844E-02 -7.170210E-03 5.582027E-03 5.634703E-03
2.480435E-02 -8.111662E-03 6.998977E-03 5.858891E-03
2.536377E-02 -7.671401E-03 5.514362E-03 5.794203E-03
2.538839E-02 -6.733149E-03 4.359366E-03 5.576124E-03
2.588662E-02 -6.175458E-03 3.247925E-03 5.406686E-03
2.597591E-02 -7.060266E-03 4.162537E-03 5.573968E-03
2.655597E-02 -6.349623E-03 2.983421E-03 5.272713E-03
2.635699E-02 -5.548283E-03 2.275268E-03 5.177921E-03
2.676597E-02 -4.896762E-03 1.451937E-03 4.930369E-03
2.705520E-02 -5.602166E-03 1.990946E-03 4.947748E-03
2.745249E-02 -4.865792E-03 1.180909E-03 4.638545E-03
2.709855E-02 -4.255908E-03 7.755429E-04 4.692465E-03
2.735315E-02 -3.649521E-03 2.349936E-04 4.481252E-03
2.774642E-02 -4.171947E-03 5.371664E-04 4.367938E-03
2.794726E-02 -3.537766E-03 3.779052E-05 4.145672E-03
2.753654E-02 -3.091467E-03 -1.853577E-04 4.304640E-03
2.765954E-02 -2.588076E-03 -5.024769E-04 4.164209E-03
2.807052E-02 -2.969967E-03 -3.401977E-04 3.972758E-03
2.813272E-02 -2.468682E-03 -6.180550E-04 3.845240E-03
2.773411E-02 -2.140602E-03 -7.326330E-04 4.057700E-03
2.777159E-02 -1.747208E-03 -8.904081E-04 3.980884E-03
2.814911E-02 -2.030389E-03 -8.141435E-04 3.756849E-03
2.813272E-02 -1.649852E-03 -9.437418E-04 3.700648E-03
2.778194E-02 -1.404367E-03 -9.883910E-04 3.928793E-03
2.777343E-02 -1.107748E-03 -1.037245E-03 3.896445E-03
2.809419E-02 -1.321255E-03 -1.019337E-03 3.669927E-03
2.804193E-02 -1.038802E-03 -1.051089E-03 3.658629E-03
2.775268E-02 -8.527363E-04 -1.045945E-03 3.879240E-03
2.772486E-02 -6.347077E-04 -1.022059E-03 3.873127E-03
2.798245E-02 -7.969996E-04 -1.047303E-03 3.661505E-03
2.792066E-02 -5.907446E-04 -1.014842E-03 3.674129E-03
2.769392E-02 -4.491645E-04 -9.720163E-04 3.874653E-03
2.766279E-02 -2.917840E-04 -9.013456E-04 3.880946E-03
2.786022E-02 -4.153303E-04 -9.594748E-04 3.692838E-03
2.780381E-02 -2.664063E-04 -8.861309E-04 3.714647E-03
2.763364E-02 -1.584293E-04 -8.148645E-04 3.889655E-03
2.760807E-02 -4.514331E-05 -7.168378E-04 3.898890E-03
2.775337E-02 -1.399299E-04 -7.991090E-04 3.737154E-03
2.771028E-02 -3.212142E-05 -7.022286E-04 3.758459E-03
2.758724E-02 5.185908E-05 -6.111264E-04 3.907156E-03
2.757202E-02 1.361943E-04 -5.014788E-04 3.913303E-03
2.767551E-02 6.056891E-05 -5.989675E-04 3.777086E-03
2.764973E-02 1.414803E-04 -4.927280E-04 3.791932E-03
2.756299E-02 2.112996E-04 -3.930100E-04 3.916520E-03
2.756032E-02 2.803914E-04 -3.025988E-04 3.916496E-03
2.763334E-02 2.137431E-04 -3.882340E-04 3.802262E-03
2.762622E-02 2.802511E-04 -3.015340E-04 3.807951E-03
4.119066E-02 -1.177349E-02 1.130623E-02 -1.701589E-02
4.131269E-02 -1.155974E-02 1.154342E-02 -1.724725E-02
4.109720E-02 -1.193200E-02 1.113283E-02 -1.679817E-02
4.100014E-02 -1.197665E-02 1.147935E-02 -1.670339E-02
4.106144E-02 -1.174861E-02 1.173040E-02 -1.683039E-02
4.096051E-02 -1.214257E-02 1.129664E-02 -1.658707E-02
4.102320E-02 -1.204498E-02 1.104989E-02 -1.658809E-02
4.095380E-02 -1.212799E-02 1.107623E-02 -1.637369E-02
4.092403E-02 -1.226082E-02 1.121518E-02 -1.647132E-02
4.086737E-02 -1.235849E-02 1.126170E-02 -1.633760E-02
4.087326E-02 -1.220086E-02 1.122950E-02 -1.613646E-02
4.077148E-02 -1.228143E-02 1.151802E-02 -1.585511E-02
4.077242E-02 -1.247023E-02 1.145785E-02 -1.616132E-02
4.063978E-02 -1.262366E-02 1.180685E-02 -1.592292E-02
4.064869E-02 -1.237545E-02 1.193453E-02 -1.551154E-02
4.051123E-02 -1.246917E-02 1.245674E-02 -1.509265E-02
4.049159E-02 -1.282361E-02 1.229135E-02 -1.561717E-02
4.035670E-02 -1.304886E-02 1.288534E-02 -1.524883E-02
4.035915E-02 -1.252973E-02 1.305237E-02 -1.458473E-02
4.017341E-02 -1.251189E-02 1.368117E-02 -1.396566E-02
4.025048E-02 -1.326035E-02 1.356488E-02 -1.481788E-02
4.016228E-02 -1.340907E-02 1.430635E-02 -1.430659E-02
3.991007E-02 -1.236739E-02 1.429210E-02 -1.320214E-02
3.950495E-02 -1.205761E-02 1.482174E-02 -1.225712E-02
4.004988E-02 -1.343876E-02 1.507467E-02 -1.367469E-02
3.983834E-02 -1.329029E-02 1.581062E-02 -1.286367E-02
3.889090E-02 -1.157046E-02 1.520275E-02 -1.110663E-02
3.802498E-02 -1.093513E-02 1.538500E-02 -9.758466E-03
3.942850E-02 -1.291740E-02 1.642831E-02 -1.181326E-02
3.872558E-02 -1.231540E-02 1.683465E-02 -1.049136E-02
3.691134E-02 -1.022129E-02 1.535848E-02 -8.258591E-03
3.560148E-02 -9.517391E-03 1.515954E-02 -6.676601E-03
3.768442E-02 -1.154446E-02 1.697061E-02 -8.922807E-03
3.633935E-02 -1.071943E-02 1.684706E-02 -7.189810E-03
3.417029E-02 -8.901106E-03 1.485430E-02 -5.079471E-03
3.268583E-02 -8.421706E-03 1.451269E-02 -3.511516E-03
3.478691E-02 -9.964141E-03 1.654103E-02 -5.395574E-03
3.313415E-02 -9.367055E-03 1.615590E-02 -3.620070E-03
3.119102E-02 -8.101025E-03 1.418920E-02 -1.989159E-03
2.970171E-02 -7.945958E-03 1.391365E-02 -5.061991E-04
3.145481E-02 -8.969582E-03 1.578108E-02 -1.899061E-03
2.977578E-02 -8.783801E-03 1.547159E-02 -2.277793E-04
2.821920E-02 -7.962382E-03 1.368197E-02 9.564340E-04
2.676416E-02 -8.159820E-03 1.342928E-02 2.412496E-03
2.809246E-02 -8.819073E-03 1.523375E-02 1.424542E-03
2.642571E-02 -9.094025E-03 1.497640E-02 3.084689E-03
2.544811E-02 -8.525142E-03 1.297967E-02 3.824826E-03
2.453023E-02 -8.950215E-03 1.206586E-02 5.042234E-03
2.496128E-02 -9.585095E-03 1.440490E-02 4.686386E-03
2.413688E-02 -1.008736E-02 1.308961E-02 5.956056E-03
2.425807E-02 -9.213497E-03 1.058003E-02 5.851407E-03
2.458410E-02 -9.139989E-03 8.761373E-03 6.178772E-03
2.423433E-02 -1.025079E-02 1.102098E-02 6.591693E-03
2.497887E-02 -9.921626E-03 8.726446E-03 6.620413E-03
2.524419E-02 -8.724011E-03 6.930844E-03 6.130299E-03
2.600810E-02 -8.057241E-03 5.260797E-03 5.850947E-03
2.594622E-02 -9.204850E-03 6.611782E-03 6.277033E-03
2.688638E-02 -8.264950E-03 4.803569E-03 5.757640E-03
2.673851E-02 -7.244468E-03 3.814584E-03 5.455526E-03
2.736195E-02 -6.376279E-03 2.609681E-03 5.027844E-03
2.768233E-02 -7.240158E-03 3.321429E-03 5.191630E-03
2.829021E-02 -6.230171E-03 2.147466E-03 4.661210E-03
2.784820E-02 -5.520431E-03 1.637869E-03 4.624044E-03
2.819653E-02 -4.719630E-03 8.745702E-04 4.275249E-03
2.871148E-02 -5.294792E-03 1.242298E-03 4.209554E-03
2.897158E-02 -4.460936E-03 5.580363E-04 3.850810E-03
2.842283E-02 -3.995275E-03 2.879529E-04 3.993364E-03
2.854957E-02 -3.353985E-03 -1.540475E-04 3.778097E-03
2.910388E-02 -3.734029E-03 4.866094E-05 3.581854E-03
2.914054E-02 -3.108096E-03 -3.248559E-04 3.391530E-03
2.859968E-02 -2.793730E-03 -4.799191E-04 3.622780E-03
2.859352E-02 -2.308224E-03 -7.132874E-04 3.518208E-03
2.910887E-02 -2.572420E-03 -5.934347E-04 3.266252E-03
2.903057E-02 -2.115209E-03 -7.807300E-04 3.192801E-03
2.854798E-02 -1.889602E-03 -8.730368E-04 3.454805E-03
2.847646E-02 -1.529851E-03 -9.740123E-04 3.423676E-03
2.892230E-02 -1.725322E-03 -9.045785E-04 3.159466E-03
2.879661E-02 -1.392904E-03 -9.784185E-04 3.156335E-03
2.838937E-02 -1.221471E-03 -1.027849E-03 3.417024E-03
2.829460E-02 -9.577132E-04 -1.043731E-03 3.428232E-03
2.866285E-02 -1.109506E-03 -1.012465E-03 3.175218E-03
2.852793E-02 -8.679628E-04 -1.014608E-03 3.209435E-03
2.819809E-02 -7.325970E-04 -1.029006E-03 3.451799E-03
2.810422E-02 -5.408355E-04 -9.896750E-04 3.483214E-03
2.839690E-02 -6.621945E-04 -9.910834E-04 3.253578E-03
2.827343E-02 -4.869988E-04 -9.469448E-04 3.303291E-03
2.801621E-02 -3.777272E-04 -9.307446E-04 3.518814E-03
2.793634E-02 -2.390481E-04 -8.564970E-04 3.555659E-03
2.816016E-02 -3.378660E-04 -8.864122E-04 3.355084E-03
2.805893E-02 -2.108268E-04 -8.131106E-04 3.406183E-03
2.786624E-02 -1.209599E-04 -7.706805E-04 3.591413E-03
2.780701E-02 -1.993849E-05 -6.766483E-04 3.624252E-03
2.797098E-02 -1.023344E-04 -7.302383E-04 3.454403E-03
2.789713E-02 -9.178485E-06 -6.406840E-04 3.498061E-03
2.775940E-02 6.727553E-05 -5.774770E-04 3.652782E-03
2.772385E-02 1.437069E-04 -4.762036E-04 3.675996E-03
2.783788E-02 7.157261E-05 -5.471227E-04 3.535894E-03
2.779343E-02 1.426077E-04 -4.522210E-04 3.567021E-03
2.770055E-02 2.121558E-04 -3.771237E-04 3.693269E-03
2.768912E-02 2.751817E-04 -2.952682E-04 3.704665E-03
2.776375E-02 2.063879E-04 -3.598256E-04 3.590947E-03
2.774822E-02 2.651395E-04 -2.837942E-04 3.607925E-03
4.080143E-02 -1.206695E-02 1.154256E-02 -1.637810E-02
4.079221E-02 -1.182667E-02 1.180654E-02 -1.638661E-02
4.082345E-02 -1.223263E-02 1.135655E-02 -1.637653E-02
4.060053E-02 -1.202685E-02 1.147579E-02 -1.604789E-02
4.050250E-02 -1.177550E-02 1.175325E-02 -1.591141E-02
4.069693E-02 -1.218175E-02 1.129792E-02 -1.618471E-02
4.082067E-02 -1.234763E-02 1.129130E-02 -1.636147E-02
4.075427E-02 -1.245996E-02 1.138344E-02 -1.629984E-02
4.071603E-02 -1.228707E-02 1.128068E-02 -1.627715E-02
4.059806E-02 -1.242986E-02 1.146785E-02 -1.626488E-02
4.060814E-02 -1.262427E-02 1.165034E-02 -1.615889E-02
4.040873E-02 -1.287047E-02 1.207403E-02 -1.593029E-02
4.035262E-02 -1.268188E-02 1.184589E-02 -1.611570E-02
4.005953E-02 -1.304941E-02 1.235187E-02 -1.585817E-02
4.021021E-02 -1.318929E-02 1.261846E-02 -1.563460E-02
4.006048E-02 -1.354724E-02 1.325808E-02 -1.529952E-02
3.980402E-02 -1.349187E-02 1.293493E-02 -1.555122E-02
3.963431E-02 -1.396799E-02 1.358613E-02 -1.523852E-02
3.998221E-02 -1.390566E-02 1.398638E-02 -1.493718E-02
3.997121E-02 -1.422411E-02 1.480446E-02 -1.453477E-02
3.956651E-02 -1.445188E-02 1.432470E-02 -1.493465E-02
3.959986E-02 -1.492316E-02 1.517686E-02 -1.462957E-02
3.999590E-02 -1.445248E-02 1.570319E-02 -1.405196E-02
3.998947E-02 -1.452294E-02 1.664420E-02 -1.341951E-02
3.971999E-02 -1.535067E-02 1.616074E-02 -1.429057E-02
3.988753E-02 -1.567643E-02 1.727091E-02 -1.385535E-02
3.984035E-02 -1.435428E-02 1.754289E-02 -1.254435E-02
3.940115E-02 -1.388256E-02 1.826820E-02 -1.133583E-02
4.001333E-02 -1.580356E-02 1.845404E-02 -1.322042E-02
3.993187E-02 -1.560453E-02 1.957853E-02 -1.224157E-02
3.854128E-02 -1.311664E-02 1.868416E-02 -9.759032E-03
3.722846E-02 -1.217384E-02 1.872912E-02 -7.879765E-03
3.941466E-02 -1.498234E-02 2.043314E-02 -1.078138E-02
3.828111E-02 -1.398165E-02 2.081690E-02 -8.815364E-03
3.556076E-02 -1.123939E-02 1.846448E-02 -5.843053E-03
3.370187E-02 -1.047501E-02 1.803633E-02 -3.792371E-03
3.655169E-02 -1.283262E-02 2.069474E-02 -6.499072E-03
3.444788E-02 -1.182424E-02 2.024089E-02 -4.076981E-03
3.178393E-02 -9.965245E-03 1.759470E-02 -1.805680E-03
2.985831E-02 -9.734412E-03 1.724286E-02 1.140475E-04
3.221200E-02 -1.114056E-02 1.970889E-02 -1.720558E-03
2.995383E-02 -1.083902E-02 1.929919E-02 5.396313E-04
2.790881E-02 -9.798129E-03 1.701231E-02 2.017880E-03
2.595271E-02 -1.019242E-02 1.676947E-02 3.958081E-03
2.763583E-02 -1.094843E-02 1.910317E-02 2.790545E-03
2.526702E-02 -1.153834E-02 1.890939E-02 5.133851E-03
2.433110E-02 -1.086212E-02 1.598258E-02 5.799957E-03
2.379372E-02 -1.139662E-02 1.397584E-02 7.031658E-03
2.354862E-02 -1.244853E-02 1.767444E-02 7.253957E-03
2.369809E-02 -1.284667E-02 1.447779E-02 8.206189E-03
2.449112E-02 -1.129559E-02 1.111480E-02 7.307799E-03
2.572736E-02 -1.055991E-02 8.338487E-03 6.913221E-03
2.523407E-02 -1.220741E-02 1.068458E-02 7.859010E-03
2.693890E-02 -1.090717E-02 7.532998E-03 6.939994E-03
2.697059E-02 -9.459862E-03 6.008447E-03 6.226533E-03
2.801222E-02 -8.224973E-03 4.147540E-03 5.469005E-03
2.834600E-02 -9.378388E-03 5.122429E-03 5.905482E-03
2.935829E-02 -7.878240E-03 3.334447E-03 4.958578E-03
2.878787E-02 -7.009490E-03 2.711973E-03 4.765683E-03
2.930542E-02 -5.900019E-03 1.634254E-03 4.177441E-03
3.000207E-02 -6.536906E-03 2.041681E-03 4.185794E-03
3.035257E-02 -5.395452E-03 1.120486E-03 3.601245E-03
2.960746E-02 -4.930306E-03 8.393460E-04 3.719970E-03
2.974499E-02 -4.102112E-03 2.592675E-04 3.384196E-03
3.049049E-02 -4.446371E-03 4.672304E-04 3.183492E-03
3.048279E-02 -3.663602E-03 4.307089E-06 2.900706E-03
2.976398E-02 -3.402335E-03 -1.605175E-04 3.151370E-03
2.970123E-02 -2.813187E-03 -4.609927E-04 3.001232E-03
3.037931E-02 -3.018035E-03 -3.230476E-04 2.722351E-03
3.021539E-02 -2.483586E-03 -5.525610E-04 2.622905E-03
2.958451E-02 -2.317085E-03 -6.720149E-04 2.915453E-03
2.943425E-02 -1.898522E-03 -8.151107E-04 2.878644E-03
3.001565E-02 -2.038769E-03 -7.101300E-04 2.582183E-03
2.979719E-02 -1.666501E-03 -8.136763E-04 2.584544E-03
2.926527E-02 -1.544500E-03 -9.058405E-04 2.878306E-03
2.908832E-02 -1.244365E-03 -9.555814E-04 2.904439E-03
2.957191E-02 -1.353376E-03 -8.757943E-04 2.617929E-03
2.934816E-02 -1.088884E-03 -9.055206E-04 2.673003E-03
2.891114E-02 -9.894412E-04 -9.728051E-04 2.949081E-03
2.873933E-02 -7.726392E-04 -9.639733E-04 3.005894E-03
2.913181E-02 -8.647324E-04 -9.095082E-04 2.742489E-03
2.892703E-02 -6.743039E-04 -8.928066E-04 2.820677E-03
2.857690E-02 -5.881106E-04 -9.341598E-04 3.069829E-03
2.842671E-02 -4.309594E-04 -8.874801E-04 3.136866E-03
2.873673E-02 -5.122351E-04 -8.593848E-04 2.903052E-03
2.856295E-02 -3.740990E-04 -8.124829E-04 2.986034E-03
2.829077E-02 -2.970150E-04 -8.273879E-04 3.203804E-03
2.817043E-02 -1.826594E-04 -7.568782E-04 3.268119E-03
2.840708E-02 -2.561683E-04 -7.548499E-04 3.066786E-03
2.827000E-02 -1.552419E-04 -6.889020E-04 3.143074E-03
2.806657E-02 -8.469976E-05 -6.786240E-04 3.327836E-03
2.797971E-02 -2.781989E-07 -5.950679E-04 3.381451E-03
2.815223E-02 -6.851998E-05 -6.168271E-04 3.213167E-03
2.805398E-02 6.482002E-06 -5.406517E-04 3.275763E-03
2.791006E-02 7.318825E-05 -5.084960E-04 3.427865E-03
2.785764E-02 1.380445E-04 -4.212110E-04 3.466337E-03
2.797523E-02 7.199077E-05 -4.622941E-04 3.329931E-03
2.791578E-02 1.300103E-04 -3.837071E-04 3.375088E-03
2.782217E-02 1.964154E-04 -3.366014E-04 3.496515E-03
2.780279E-02 2.502048E-04 -2.672269E-04 3.518833E-03
2.787513E-02 1.823402E-04 -3.078220E-04 3.411018E-03
2.785223E-02 2.305795E-04 -2.458003E-04 3.438324E-03
4.040648E-02 -1.182189E-02 1.124119E-02 -1.572474E-02
4.018474E-02 -1.155934E-02 1.153428E-02 -1.539168E-02
4.059342E-02 -1.195187E-02 1.109875E-02 -1.604043E-02
4.023560E-02 -1.138025E-02 1.076571E-02 -1.543260E-02
3.982155E-02 -1.110510E-02 1.107438E-02 -1.479585E-02
4.051435E-02 -1.147429E-02 1.073888E-02 -1.598764E-02
4.059478E-02 -1.205686E-02 1.120139E-02 -1.623632E-02
4.035018E-02 -1.228663E-02 1.156776E-02 -1.621698E-02
4.038247E-02 -1.165374E-02 1.112123E-02 -1.623023E-02
3.991663E-02 -1.210097E-02 1.176579E-02 -1.609431E-02
3.996258E-02 -1.268899E-02 1.209203E-02 -1.599875E-02
3.958203E-02 -1.320012E-02 1.266167E-02 -1.568604E-02
3.940344E-02 -1.271610E-02 1.241775E-02 -1.576232E-02
3.899325E-02 -1.335605E-02 1.299653E-02 -1.540813E-02
3.928940E-02 -1.375108E-02 1.324714E-02 -1.536581E-02
3.910514E-02 -1.431500E-02 1.387661E-02 -1.507463E-02
3.870041E-02 -1.397600E-02 1.354676E-02 -1.509470E-02
3.850812E-02 -1.458950E-02 1.413395E-02 -1.482955E-02
3.903082E-02 -1.489144E-02 1.459413E-02 -1.481821E-02
3.906874E-02 -1.548431E-02 1.544267E-02 -1.458810E-02
3.840951E-02 -1.522351E-02 1.481378E-02 -1.460780E-02
3.841235E-02 -1.590169E-02 1.563409E-02 -1.442414E-02
3.922320E-02 -1.608672E-02 1.646014E-02 -1.436426E-02
3.949038E-02 -1.666623E-02 1.767407E-02 -1.410598E-02
3.853586E-02 -1.663854E-02 1.664170E-02 -1.427194E-02
3.880547E-02 -1.743211E-02 1.788625E-02 -1.413593E-02
3.983353E-02 -1.714381E-02 1.908372E-02 -1.373123E-02
4.013434E-02 -1.736852E-02 2.061653E-02 -1.308636E-02
3.924028E-02 -1.824680E-02 1.941615E-02 -1.397507E-02
3.981715E-02 -1.897526E-02 2.125259E-02 -1.368496E-02
4.013139E-02 -1.712445E-02 2.206048E-02 -1.193584E-02
3.944412E-02 -1.625860E-02 2.305552E-02 -1.006048E-02
4.037816E-02 -1.937430E-02 2.330724E-02 -1.302817E-02
4.047683E-02 -1.904996E-02 2.521984E-02 -1.158615E-02
3.783112E-02 -1.491721E-02 2.330860E-02 -7.488782E-03
3.547355E-02 -1.355479E-02 2.290492E-02 -4.568267E-03
3.942218E-02 -1.775628E-02 2.632557E-02 -8.987609E-03
3.695296E-02 -1.593569E-02 2.623866E-02 -5.457892E-03
3.280128E-02 -1.258413E-02 2.225074E-02 -1.671540E-03
3.007098E-02 -1.216248E-02 2.175288E-02 1.080732E-03
3.367772E-02 -1.446222E-02 2.544324E-02 -1.728926E-03
3.022702E-02 -1.381638E-02 2.479569E-02 1.791061E-03
2.721033E-02 -1.235266E-02 2.164931E-02 3.838771E-03
2.423157E-02 -1.328506E-02 2.155107E-02 6.793476E-03
2.649340E-02 -1.416811E-02 2.491513E-02 5.354831E-03
2.263828E-02 -1.572164E-02 2.488044E-02 9.261818E-03
2.273154E-02 -1.443942E-02 1.925541E-02 9.114289E-03
2.423828E-02 -1.426300E-02 1.419079E-02 9.269742E-03
2.242170E-02 -1.677712E-02 1.999524E-02 1.123944E-02
2.594276E-02 -1.521128E-02 1.269488E-02 9.807029E-03
2.668327E-02 -1.274082E-02 9.588268E-03 8.038472E-03
2.867369E-02 -1.077752E-02 6.304477E-03 6.575607E-03
2.897182E-02 -1.255812E-02 7.805915E-03 7.614218E-03
3.086807E-02 -1.000163E-02 4.758429E-03 5.742449E-03
3.003236E-02 -8.863493E-03 4.017299E-03 5.269666E-03
3.084089E-02 -7.203125E-03 2.450245E-03 4.241365E-03
3.188909E-02 -7.885389E-03 2.834237E-03 4.349006E-03
3.232719E-02 -6.237097E-03 1.610456E-03 3.387546E-03
3.124131E-02 -5.841103E-03 1.385447E-03 3.492558E-03
3.136625E-02 -4.747743E-03 6.592512E-04 2.975797E-03
3.240956E-02 -4.974139E-03 8.180719E-04 2.754235E-03
3.228481E-02 -4.002031E-03 2.930771E-04 2.353980E-03
3.131496E-02 -3.873116E-03 1.594483E-04 2.636395E-03
3.115494E-02 -3.169902E-03 -1.872924E-04 2.427958E-03
3.204331E-02 -3.244271E-03 -6.195223E-05 2.116186E-03
3.173904E-02 -2.644781E-03 -3.052436E-04 1.991698E-03
3.093057E-02 -2.599658E-03 -4.283001E-04 2.314934E-03
3.067077E-02 -2.132865E-03 -5.943345E-04 2.270999E-03
3.140448E-02 -2.163599E-03 -4.723933E-04 1.946671E-03
3.105947E-02 -1.772289E-03 -5.857910E-04 1.957557E-03
3.039452E-02 -1.747290E-03 -7.057193E-04 2.276795E-03
3.011444E-02 -1.426233E-03 -7.761727E-04 2.317985E-03
3.071640E-02 -1.450426E-03 -6.599454E-04 2.007665E-03
3.038315E-02 -1.183134E-03 -7.045444E-04 2.084893E-03
2.983901E-02 -1.157074E-03 -8.151849E-04 2.383820E-03
2.957400E-02 -9.301787E-04 -8.295052E-04 2.466125E-03
3.006482E-02 -9.594049E-04 -7.262578E-04 2.180268E-03
2.976476E-02 -7.709550E-04 -7.298300E-04 2.286989E-03
2.932340E-02 -7.380872E-04 -8.240878E-04 2.558584E-03
2.908996E-02 -5.749290E-04 -8.027024E-04 2.656264E-03
2.948520E-02 -6.114370E-04 -7.187603E-04 2.399802E-03
2.922762E-02 -4.758936E-04 -6.957365E-04 2.514582E-03
2.887556E-02 -4.359971E-04 -7.683353E-04 2.755267E-03
2.868146E-02 -3.174400E-04 -7.234545E-04 2.852501E-03
2.899297E-02 -3.603733E-04 -6.629181E-04 2.628056E-03
2.878184E-02 -2.616578E-04 -6.221219E-04 2.737613E-03
2.850846E-02 -2.160386E-04 -6.701872E-04 2.945514E-03
2.835703E-02 -1.290460E-04 -6.104359E-04 3.032380E-03
2.859453E-02 -1.770686E-04 -5.749453E-04 2.841176E-03
2.843111E-02 -1.043299E-04 -5.228456E-04 2.937111E-03
2.822734E-02 -5.407548E-05 -5.459520E-04 3.111615E-03
2.811934E-02 1.097773E-05 -4.783818E-04 3.182120E-03
2.829146E-02 -4.147222E-05 -4.671888E-04 3.024172E-03
2.817531E-02 1.323243E-05 -4.092780E-04 3.101452E-03
2.803278E-02 6.798689E-05 -4.093017E-04 3.243140E-03
2.796725E-02 1.186256E-04 -3.403334E-04 3.294237E-03
2.808221E-02 6.131384E-05 -3.503753E-04 3.168356E-03
2.801157E-02 1.041304E-04 -2.917917E-04 3.224583E-03
2.792208E-02 1.643850E-04 -2.739580E-04 3.335329E-03
2.789604E-02 2.065804E-04 -2.198604E-04 3.367170E-03
2.796255E-02 1.428842E-04 -2.355688E-04 3.270170E-03
2.793377E-02 1.786290E-04 -1.898547E-04 3.306003E-03
4.011763E-02 -1.053855E-02 9.907884E-03 -1.523130E-02
3.937351E-02 -1.025159E-02 1.020277E-02 -1.404784E-02
4.037496E-02 -1.065663E-02 1.026464E-02 -1.606212E-02
4.003672E-02 -8.904685E-03 8.457040E-03 -1.526891E-02
3.873702E-02 -8.578167E-03 8.465741E-03 -1.295494E-02
3.972728E-02 -9.572779E-03 1.000439E-02 -1.609155E-02
3.987618E-02 -1.117764E-02 1.120333E-02 -1.614728E-02
3.920467E-02 -1.200900E-02 1.211881E-02 -1.578985E-02
3.881678E-02 -1.093048E-02 1.159606E-02 -1.571483E-02
3.825654E-02 -1.211475E-02 1.254231E-02 -1.525011E-02
3.869725E-02 -1.281855E-02 1.279236E-02 -1.538686E-02
3.834216E-02 -1.352291E-02 1.332132E-02 -1.504811E-02
3.793257E-02 -1.298716E-02 1.313063E-02 -1.491123E-02
3.768595E-02 -1.368060E-02 1.359875E-02 -1.464396E-02
3.807838E-02 -1.416267E-02 1.382012E-02 -1.476761E-02
3.787682E-02 -1.479162E-02 1.436407E-02 -1.452971E-02
3.745739E-02 -1.430316E-02 1.406071E-02 -1.440837E-02
3.723691E-02 -1.492435E-02 1.457704E-02 -1.419067E-02
3.773550E-02 -1.545370E-02 1.500527E-02 -1.432744E-02
3.766937E-02 -1.618372E-02 1.578824E-02 -1.416086E-02
3.703551E-02 -1.559291E-02 1.519037E-02 -1.399066E-02
3.687488E-02 -1.634783E-02 1.593989E-02 -1.381460E-02
3.770613E-02 -1.701057E-02 1.676016E-02 -1.403393E-02
3.788621E-02 -1.795746E-02 1.797913E-02 -1.395081E-02
3.678495E-02 -1.722535E-02 1.686946E-02 -1.367262E-02
3.680712E-02 -1.826445E-02 1.803614E-02 -1.357852E-02
3.826319E-02 -1.903516E-02 1.952073E-02 -1.390798E-02
3.889690E-02 -2.021813E-02 2.147895E-02 -1.387301E-02
3.700227E-02 -1.950935E-02 1.952095E-02 -1.354935E-02
3.746245E-02 -2.100471E-02 2.144353E-02 -1.360207E-02
3.980901E-02 -2.137496E-02 2.393797E-02 -1.372185E-02
4.080424E-02 -2.210374E-02 2.682285E-02 -1.307392E-02
3.832213E-02 -2.277206E-02 2.398459E-02 -1.373496E-02
3.973106E-02 -2.470319E-02 2.739041E-02 -1.383662E-02
4.104360E-02 -2.160623E-02 2.947063E-02 -1.109625E-02
3.913510E-02 -1.950551E-02 3.051456E-02 -7.130174E-03
4.154001E-02 -2.613848E-02 3.174032E-02 -1.329301E-02
4.195630E-02 -2.518692E-02 3.566822E-02 -1.015481E-02
3.512342E-02 -1.713515E-02 2.972012E-02 -2.084442E-03
3.046011E-02 -1.602042E-02 2.879933E-02 2.771314E-03
3.782416E-02 -2.154010E-02 3.600822E-02 -3.318190E-03
3.086372E-02 -1.929556E-02 3.463257E-02 4.239214E-03
2.514391E-02 -1.674373E-02 2.944575E-02 7.778274E-03
2.045752E-02 -1.929469E-02 2.873221E-02 1.298764E-02
2.225177E-02 -2.099439E-02 3.647319E-02 1.224131E-02
1.944899E-02 -2.392810E-02 3.063709E-02 1.771741E-02
2.398784E-02 -1.879755E-02 1.841641E-02 1.285444E-02
2.916439E-02 -1.498990E-02 9.905837E-03 9.303670E-03
2.897387E-02 -1.872813E-02 1.350803E-02 1.238351E-02
3.363357E-02 -1.291292E-02 6.323787E-03 7.473641E-03
3.198219E-02 -1.133785E-02 5.542373E-03 6.442382E-03
3.326570E-02 -8.541277E-03 3.144893E-03 4.506531E-03
3.519037E-02 -9.049229E-03 3.288185E-03 4.691482E-03
3.547287E-02 -6.571293E-03 1.775100E-03 3.123066E-03
3.369409E-02 -6.522624E-03 1.759036E-03 3.272529E-03
3.367302E-02 -5.069732E-03 9.210884E-04 2.508830E-03
3.522753E-02 -4.934110E-03 9.391615E-04 2.229257E-03
3.476842E-02 -3.804787E-03 4.394443E-04 1.721195E-03
3.342368E-02 -4.004445E-03 3.915480E-04 2.048951E-03
3.306235E-02 -3.204502E-03 4.434383E-05 1.786635E-03
3.423031E-02 -2.993802E-03 1.225912E-04 1.444659E-03
3.367300E-02 -2.391256E-03 -8.670242E-05 1.313828E-03
3.265051E-02 -2.589742E-03 -1.893526E-04 1.655393E-03
3.222143E-02 -2.107444E-03 -3.488657E-04 1.612875E-03
3.312397E-02 -1.930789E-03 -2.284861E-04 1.278240E-03
3.259600E-02 -1.570619E-03 -3.255286E-04 1.306583E-03
3.179357E-02 -1.722267E-03 -4.576936E-04 1.631281E-03
3.137743E-02 -1.409979E-03 -5.304628E-04 1.691753E-03
3.209498E-02 -1.283430E-03 -3.914940E-04 1.378464E-03
3.162341E-02 -1.050763E-03 -4.349581E-04 1.480005E-03
3.097910E-02 -1.153571E-03 -5.766209E-04 1.781070E-03
3.060217E-02 -9.408423E-04 -6.024845E-04 1.889672E-03
3.118220E-02 -8.597804E-04 -4.615172E-04 1.601380E-03
3.077146E-02 -7.013252E-04 -4.749562E-04 1.735384E-03
3.024875E-02 -7.628566E-04 -6.124236E-04 2.010443E-03
2.992012E-02 -6.129334E-04 -6.095721E-04 2.137950E-03
3.039094E-02 -5.687129E-04 -4.779277E-04 1.876560E-03
3.004027E-02 -4.569584E-04 -4.723623E-04 2.020662E-03
2.961702E-02 -4.859786E-04 -5.962690E-04 2.267949E-03
2.933986E-02 -3.780267E-04 -5.743397E-04 2.397073E-03
2.971903E-02 -3.622648E-04 -4.597266E-04 2.164311E-03
2.942680E-02 -2.816791E-04 -4.411887E-04 2.304776E-03
2.908882E-02 -2.859249E-04 -5.452792E-04 2.522618E-03
2.886392E-02 -2.071108E-04 -5.103738E-04 2.642408E-03
2.916315E-02 -2.128545E-04 -4.177277E-04 2.439830E-03
2.892766E-02 -1.538850E-04 -3.902063E-04 2.567654E-03
2.866504E-02 -1.394563E-04 -4.707798E-04 2.754699E-03
2.849195E-02 -8.115758E-05 -4.275751E-04 2.858121E-03
2.871990E-02 -1.031886E-04 -3.594188E-04 2.686782E-03
2.853938E-02 -5.942610E-05 -3.261201E-04 2.796060E-03
2.834427E-02 -3.065801E-05 -3.817884E-04 2.951635E-03
2.822154E-02 1.340345E-05 -3.344146E-04 3.034506E-03
2.838554E-02 -2.144401E-05 -2.910431E-04 2.894620E-03
2.825775E-02 1.176392E-05 -2.549056E-04 2.981864E-03
2.812314E-02 5.222660E-05 -2.864279E-04 3.106278E-03
2.804834E-02 8.687154E-05 -2.388485E-04 3.166770E-03
2.815526E-02 4.108188E-05 -2.184163E-04 3.057455E-03
2.807724E-02 6.728813E-05 -1.823232E-04 3.121306E-03
2.799615E-02 1.182713E-04 -1.932909E-04 3.216122E-03
2.796509E-02 1.472392E-04 -1.563209E-04 3.255327E-03
2.802259E-02 9.106465E-05 -1.478249E-04 3.173640E-03
2.798972E-02 1.130035E-04 -1.198722E-04 3.215534E-03
3.897767E-02 -5.970080E-03 6.813648E-03 -1.544396E-02
3.753385E-02 -4.433303E-03 4.052966E-03 -1.101149E-02
3.771028E-02 -9.010430E-03 1.042524E-02 -1.526173E-02
3.288841E-02 -3.955766E-03 6.466162E-03 -1.259207E-02
3.078983E-02 9.064087E-03 -9.376556E-03 -7.205450E-03
3.470034E-02 -9.455993E-03 1.060575E-02 -1.300854E-02
3.731774E-02 -1.114161E-02 1.205152E-02 -1.477839E-02
3.726352E-02 -1.236010E-02 1.283929E-02 -1.454061E-02
3.583466E-02 -1.152029E-02 1.209755E-02 -1.331737E-02
3.636685E-02 -1.259839E-02 1.290940E-02 -1.340693E-02
3.720006E-02 -1.316891E-02 1.336313E-02 -1.436226E-02
3.706285E-02 -1.380942E-02 1.381466E-02 -1.417869E-02
3.653787E-02 -1.332127E-02 1.348735E-02 -1.334686E-02
3.648576E-02 -1.390877E-02 1.398602E-02 -1.319070E-02
3.685796E-02 -1.439679E-02 1.427395E-02 -1.397806E-02
3.660569E-02 -1.499678E-02 1.478686E-02 -1.376411E-02
3.628834E-02 -1.446135E-02 1.447963E-02 -1.297220E-02
3.599344E-02 -1.503718E-02 1.501419E-02 -1.271373E-02
3.632972E-02 -1.565635E-02 1.538924E-02 -1.354623E-02
3.605701E-02 -1.641539E-02 1.611742E-02 -1.333656E-02
3.563312E-02 -1.567878E-02 1.562459E-02 -1.243197E-02
3.523718E-02 -1.642714E-02 1.634590E-02 -1.214551E-02
3.581594E-02 -1.731254E-02 1.701287E-02 -1.314778E-02
3.563843E-02 -1.839418E-02 1.812867E-02 -1.299385E-02
3.483246E-02 -1.732024E-02 1.722336E-02 -1.186926E-02
3.443460E-02 -1.840825E-02 1.830891E-02 -1.160932E-02
3.557337E-02 -1.972280E-02 1.953915E-02 -1.289569E-02
3.570166E-02 -2.138170E-02 2.135816E-02 -1.288608E-02
3.407226E-02 -1.975711E-02 1.966448E-02 -1.138064E-02
3.379338E-02 -2.146404E-02 2.139095E-02 -1.121395E-02
3.615963E-02 -2.348795E-02 2.377395E-02 -1.301315E-02
3.719834E-02 -2.620425E-02 2.712440E-02 -1.334436E-02
3.367150E-02 -2.368055E-02 2.365976E-02 -1.114715E-02
3.385073E-02 -2.666953E-02 2.676869E-02 -1.124608E-02
3.929125E-02 -2.966138E-02 3.204804E-02 -1.390775E-02
4.284916E-02 -3.298313E-02 3.942335E-02 -1.385583E-02
3.468003E-02 -3.093536E-02 3.132657E-02 -1.166857E-02
3.719977E-02 -3.761526E-02 3.890314E-02 -1.283807E-02
4.315349E-02 -3.047719E-02 4.596914E-02 -7.239448E-03
3.189874E-02 -2.520531E-02 4.478366E-02 6.679932E-03
4.521502E-02 -4.796409E-02 5.491658E-02 -1.474842E-02
3.706897E-02 -3.968337E-02 7.022727E-02 1.175897E-02
1.621541E-02 -2.918252E-02 4.786936E-02 2.146727E-02
2.641800E-02 -2.584138E-02 2.305733E-02 1.942438E-02
1.666348E-02 -4.075876E-02 5.167455E-02 3.670761E-02
4.252010E-02 -1.523331E-02 7.869880E-03 1.097281E-02
3.639558E-02 -1.463120E-02 7.182076E-03 8.977433E-03
3.809034E-02 -9.049572E-03 3.103158E-03 4.819532E-03
4.287647E-02 -7.471016E-03 2.236001E-03 4.763940E-03
4.111857E-02 -4.514957E-03 1.054372E-03 2.669480E-03
3.786409E-02 -6.108360E-03 1.576576E-03 2.907055E-03
3.715821E-02 -4.379189E-03 8.363600E-04 1.919650E-03
3.951847E-02 -3.031013E-03 5.689413E-04 1.663906E-03
3.817226E-02 -2.171218E-03 3.043053E-04 1.131773E-03
3.635253E-02 -3.273253E-03 4.192452E-04 1.388968E-03
3.555767E-02 -2.520116E-03 1.623031E-04 1.112165E-03
3.702429E-02 -1.623972E-03 1.437059E-04 8.553881E-04
3.602781E-02 -1.251458E-03 4.017441E-05 7.321002E-04
3.480660E-02 -1.982144E-03 -4.930068E-06 9.883650E-04
3.410749E-02 -1.583296E-03 -1.176056E-04 9.621080E-04
3.514961E-02 -9.850845E-04 -2.933255E-05 7.066486E-04
3.436609E-02 -7.873602E-04 -7.719532E-05 7.464702E-04
3.346017E-02 -1.278717E-03 -1.949748E-04 1.000450E-03
3.286174E-02 -1.040502E-03 -2.482911E-04 1.082539E-03
3.366032E-02 -6.362181E-04 -1.105325E-04 8.309592E-04
3.302002E-02 -5.179118E-04 -1.336736E-04 9.463165E-04
3.230874E-02 -8.505152E-04 -2.844750E-04 1.194452E-03
3.179786E-02 -6.965418E-04 -3.079659E-04 1.326446E-03
3.243612E-02 -4.234937E-04 -1.493709E-04 1.082857E-03
3.190188E-02 -3.469282E-04 -1.594378E-04 1.233501E-03
3.132627E-02 -5.700995E-04 -3.217187E-04 1.471425E-03
3.089159E-02 -4.651420E-04 -3.277690E-04 1.624027E-03
3.141221E-02 -2.840205E-04 -1.651082E-04 1.392883E-03
3.096328E-02 -2.317774E-04 -1.672481E-04 1.556800E-03
3.049189E-02 -3.772569E-04 -3.275694E-04 1.780075E-03
3.012562E-02 -3.031527E-04 -3.221972E-04 1.936227E-03
3.055217E-02 -1.880128E-04 -1.664860E-04 1.721874E-03
3.017662E-02 -1.510945E-04 -1.632959E-04 1.885324E-03
2.979155E-02 -2.403216E-04 -3.124872E-04 2.089755E-03
2.948865E-02 -1.868123E-04 -2.991191E-04 2.238405E-03
2.983490E-02 -1.197781E-04 -1.580513E-04 2.044825E-03
2.952565E-02 -9.309460E-05 -1.510620E-04 2.198415E-03
2.921609E-02 -1.410734E-04 -2.826760E-04 2.380304E-03
2.897312E-02 -1.018448E-04 -2.636833E-04 2.513900E-03
2.924778E-02 -7.027327E-05 -1.425980E-04 2.344439E-03
2.900036E-02 -5.068773E-05 -1.329070E-04 2.481511E-03
2.875909E-02 -6.808066E-05 -2.426346E-04 2.637934E-03
2.857331E-02 -3.889606E-05 -2.200076E-04 2.751408E-03
2.878259E-02 -3.381815E-05 -1.222249E-04 2.608494E-03
2.859368E-02 -1.922469E-05 -1.107828E-04 2.724491E-03
2.841511E-02 -1.352959E-05 -1.962719E-04 2.853583E-03
2.828374E-02 8.681869E-06 -1.718922E-04 2.943964E-03
2.843289E-02 -6.529143E-06 -9.880969E-05 2.828839E-03
2.829938E-02 4.597595E-06 -8.653366E-05 2.921106E-03
2.817836E-02 2.831974E-05 -1.473303E-04 3.022298E-03
2.809804E-02 4.589440E-05 -1.230762E-04 3.088569E-03
2.819228E-02 1.444371E-05 -7.418237E-05 3.001092E-03
2.811059E-02 2.326175E-05 -6.199827E-05 3.068825E-03
2.804163E-02 6.185166E-05 -9.992307E-05 3.143061E-03
2.800745E-02 7.657735E-05 -8.118332E-05 3.186911E-03
2.805312E-02 3.127191E-05 -5.037602E-05 3.124623E-03
2.801815E-02 3.866439E-05 -4.097532E-05 3.169661E-03
4.879650E-02 9.291103E-16 -2.193868E-16 6.416223E-03
4.973716E-02 2.964541E-16 2.496092E-16 2.444419E-02
4.252010E-02 1.523331E-02 -7.869880E-03 1.097281E-02
1.666348E-02 4.075876E-02 -5.167455E-02 3.670761E-02
4.487809E-02 -1.129454E-16 -3.575137E-16 3.147957E-03
4.207802E-02 1.600210E-15 -8.944026E-16 1.888297E-03
4.287647E-02 7.471016E-03 -2.236001E-03 4.763940E-03
4.111857E-02 4.514957E-03 -1.054372E-03 2.669480E-03
4.006165E-02 6.427165E-16 -4.267481E-16 1.223950E-03
3.850757E-02 -3.981574E-16 -3.174025E-16 8.593033E-04
3.951847E-02 3.031013E-03 -5.689413E-04 1.663906E-03
3.817226E-02 2.171218E-03 -3.043053E-04 1.131773E-03
3.724623E-02 1.880292E-16 -1.584941E-16 6.734358E-04
3.618316E-02 6.350653E-17 -2.039451E-16 6.034139E-04
3.702429E-02 1.623972E-03 -1.437059E-04 8.553881E-04
3.602781E-02 1.251458E-03 -4.017441E-05 7.321002E-04
3.526309E-02 3.928167E-16 3.258582E-16 6.116324E-04
3.445175E-02 6.128554E-16 -5.205748E-16 6.739270E-04
3.514961E-02 9.850845E-04 2.933255E-05 7.066486E-04
3.436609E-02 7.873602E-04 7.719532E-05 7.464702E-04
3.372669E-02 2.826215E-16 -8.852894E-16 7.740478E-04
3.307254E-02 1.131152E-16 -3.829689E-16 9.006407E-04
3.366032E-02 6.362181E-04 1.105325E-04 8.309592E-04
3.302002E-02 5.179118E-04 1.336736E-04 9.463165E-04
3.247842E-02 7.064309E-16 1.339742E-16 1.045480E-03
3.193642E-02 -2.550155E-16 2.908618E-16 1.202396E-03
3.243612E-02 4.234937E-04 1.493709E-04 1.082857E-03
3.190188E-02 3.469282E-04 1.594378E-04 1.233501E-03
3.144077E-02 1.390577E-15 3.139626E-16 1.366614E-03
3.098711E-02 9.934272E-17 3.366514E-16 1.534327E-03
3.141221E-02 2.840205E-04 1.651082E-04 1.392883E-03
3.096328E-02 2.317774E-04 1.672481E-04 1.556800E-03
3.057221E-02 -6.445749E-16 -8.130769E-16 1.702426E-03
3.019358E-02 1.664786E-15 -1.725985E-15 1.868318E-03
3.055217E-02 1.880128E-04 1.664860E-04 1.721874E-03
3.017662E-02 1.510945E-04 1.632959E-04 1.885324E-03
2.984932E-02 3.608146E-16 -6.383958E-16 2.029817E-03
2.953797E-02 9.035536E-16 -1.352662E-15 2.185058E-03
2.983490E-02 1.197781E-04 1.580513E-04 2.044825E-03
2.952565E-02 9.309460E-05 1.510620E-04 2.198415E-03
2.925833E-02 -1.100476E-15 -4.833252E-16 2.332460E-03
2.900943E-02 8.071125E-16 -5.085299E-16 2.470692E-03
2.924778E-02 7.027327E-05 1.425980E-04 2.344439E-03
2.900036E-02 5.068773E-05 1.329070E-04 2.481511E-03
2.879042E-02 1.945463E-15 -9.002809E-16 2.598659E-03
2.860048E-02 -3.850981E-16 1.392407E-15 2.715498E-03
2.878259E-02 3.381815E-05 1.222249E-04 2.608494E-03
2.859368E-02 1.922469E-05 1.107828E-04 2.724491E-03
2.843882E-02 2.472720E-16 4.427893E-16 2.820570E-03
2.830460E-02 7.528105E-16 8.894819E-17 2.913468E-03
2.843289E-02 6.529143E-06 9.880969E-05 2.828839E-03
2.829938E-02 -4.597595E-06 8.653366E-05 2.921106E-03
2.819693E-02 3.226995E-17 -2.533076E-16 2.994005E-03
2.811478E-02 6.624208E-17 -8.565819E-16 3.062226E-03
2.819228E-02 -1.444371E-05 7.418237E-05 3.001092E-03
2.811059E-02 -2.326175E-05 6.199827E-05 3.068825E-03
2.805696E-02 5.594637E-16 -4.235430E-16 3.118461E-03
2.802173E-02 -9.542800E-16 2.589885E-15 3.163897E-03
2.805312E-02 -3.127191E-05 5.037602E-05 3.124623E-03
2.801815E-02 -3.866439E-05 4.097532E-05 3.169661E-03
3.078983E-02 -9.064087E-03 9.376556E-03 -7.205450E-03
3.288841E-02 3.955766E-03 -6.466162E-03 -1.259207E-02
3.897767E-02 5.970080E-03 -6.813648E-03 -1.544396E-02
3.753385E-02 4.433303E-03 -4.052966E-03 -1.101149E-02
3.470034E-02 9.455993E-03 -1.060575E-02 -1.300854E-02
3.771028E-02 9.010430E-03 -1.042524E-02 -1.526173E-02
4.003672E-02 8.904685E-03 -8.457040E-03 -1.526891E-02
3.873702E-02 8.578167E-03 -8.465741E-03 -1.295494E-02
3.972728E-02 9.572779E-03 -1.000439E-02 -1.609155E-02
3.583466E-02 1.152029E-02 -1.209755E-02 -1.331737E-02
3.731774E-02 1.114161E-02 -1.205152E-02 -1.477839E-02
3.636685E-02 1.259839E-02 -1.290940E-02 -1.340693E-02
3.726352E-02 1.236010E-02 -1.283929E-02 -1.454061E-02
3.881678E-02 1.093048E-02 -1.159606E-02 -1.571483E-02
3.825654E-02 1.211475E-02 -1.254231E-02 -1.525011E-02
3.653787E-02 1.332127E-02 -1.348735E-02 -1.334686E-02
3.720006E-02 1.316891E-02 -1.336313E-02 -1.436226E-02
3.648576E-02 1.390877E-02 -1.398602E-02 -1.319070E-02
3.706285E-02 1.380942E-02 -1.381466E-02 -1.417869E-02
3.793257E-02 1.298716E-02 -1.313063E-02 -1.491123E-02
3.768595E-02 1.368060E-02 -1.359875E-02 -1.464396E-02
3.628834E-02 1.446135E-02 -1.447963E-02 -1.297220E-02
3.685796E-02 1.439679E-02 -1.427395E-02 -1.397806E-02
3.599344E-02 1.503718E-02 -1.501419E-02 -1.271373E-02
3.660569E-02 1.499678E-02 -1.478686E-02 -1.376411E-02
3.745739E-02 1.430316E-02 -1.406071E-02 -1.440837E-02
3.723691E-02 1.492435E-02 -1.457704E-02 -1.419067E-02
3.563312E-02 1.567878E-02 -1.562459E-02 -1.243197E-02
3.632972E-02 1.565635E-02 -1.538924E-02 -1.354623E-02
3.523718E-02 1.642714E-02 -1.634590E-02 -1.214551E-02
3.605701E-02 1.641539E-02 -1.611742E-02 -1.333656E-02
3.703551E-02 1.559291E-02 -1.519037E-02 -1.399066E-02
3.687488E-02 1.634783E-02 -1.593989E-02 -1.381460E-02
3.483246E-02 1.732024E-02 -1.722336E-02 -1.186926E-02
3.581594E-02 1.731254E-02 -1.701287E-02 -1.314778E-02
3.443460E-02 1.840825E-02 -1.830891E-02 -1.160932E-02
3.563843E-02 1.839418E-02 -1.812867E-02 -1.299385E-02
3.678495E-02 1.722535E-02 -1.686946E-02 -1.367262E-02
3.680712E-02 1.826445E-02 -1.803614E-02 -1.357852E-02
3.407226E-02 1.975711E-02 -1.966448E-02 -1.138064E-02
3.557337E-02 1.972280E-02 -1.953915E-02 -1.289569E-02
3.379338E-02 2.146404E-02 -2.139095E-02 -1.121395E-02
3.570166E-02 2.138170E-02 -2.135816E-02 -1.288608E-02
3.700227E-02 1.950935E-02 -1.952095E-02 -1.354935E-02
3.746245E-02 2.100471E-02 -2.144353E-02 -1.360207E-02
3.367150E-02 2.368055E-02 -2.365976E-02 -1.114715E-02
3.615963E-02 2.348795E-02 -2.377395E-02 -1.301315E-02
3.385073E-02 2.666953E-02 -2.676869E-02 -1.124608E-02
3.719834E-02 2.620425E-02 -2.712440E-02 -1.334436E-02
3.832213E-02 2.277206E-02 -2.398459E-02 -1.373496E-02
3.973106E-02 2.470319E-02 -2.739041E-02 -1.383662E-02
3.468003E-02 3.093536E-02 -3.132657E-02 -1.166857E-02
3.929125E-02 2.966138E-02 -3.204804E-02 -1.390775E-02
3.719977E-02 3.761526E-02 -3.890314E-02 -1.283807E-02
4.284916E-02 3.298313E-02 -3.942335E-02 -1.385583E-02
4.154001E-02 2.613848E-02 -3.174032E-02 -1.329301E-02
4.195630E-02 2.518692E-02 -3.566822E-02 -1.015481E-02
4.521502E-02 4.796409E-02 -5.491658E-02 -1.474842E-02
4.315349E-02 3.047719E-02 -4.596914E-02 -7.239448E-03
3.706897E-02 3.968337E-02 -7.022727E-02 1.175897E-02
3.189874E-02 2.520531E-02 -4.478366E-02 6.679932E-03
3.782416E-02 2.154010E-02 -3.600822E-02 -3.318190E-03
3.086372E-02 1.929556E-02 -3.463257E-02 4.239214E-03
1.621541E-02 2.918252E-02 -4.786936E-02 2.146727E-02
2.641800E-02 2.584138E-02 -2.305733E-02 1.942438E-02
2.225177E-02 2.099439E-02 -3.647319E-02 1.224131E-02
1.944899E-02 2.392810E-02 -3.063709E-02 1.771741E-02
3.639558E-02 1.463120E-02 -7.182076E-03 8.977433E-03
3.809034E-02 9.049572E-03 -3.103158E-03 4.819532E-03
2.897387E-02 1.872813E-02 -1.350803E-02 1.238351E-02
3.363357E-02 1.291292E-02 -6.323787E-03 7.473641E-03
3.786409E-02 6.108360E-03 -1.576576E-03 2.907055E-03
3.715821E-02 4.379189E-03 -8.363600E-04 1.919650E-03
3.519037E-02 9.049229E-03 -3.288185E-03 4.691482E-03
3.547287E-02 6.571293E-03 -1.775100E-03 3.123066E-03
3.635253E-02 3.273253E-03 -4.192452E-04 1.388968E-03
3.555767E-02 2.520116E-03 -1.623031E-04 1.112165E-03
3.522753E-02 4.934110E-03 -9.391615E-04 2.229257E-03
3.476842E-02 3.804787E-03 -4.394443E-04 1.721195E-03
3.480660E-02 1.982144E-03 4.930068E-06 9.883650E-04
3.410749E-02 1.583296E-03 1.176056E-04 9.621080E-04
3.423031E-02 2.993802E-03 -1.225912E-04 1.444659E-03
3.367300E-02 2.391256E-03 8.670242E-05 1.313828E-03
3.346017E-02 1.278717E-03 1.949748E-04 1.000450E-03
3.286174E-02 1.040502E-03 2.482911E-04 1.082539E-03
3.312397E-02 1.930789E-03 2.284861E-04 1.278240E-03
3.259600E-02 1.570619E-03 3.255286E-04 1.306583E-03
3.230874E-02 8.505152E-04 2.844750E-04 1.194452E-03
3.179786E-02 6.965418E-04 3.079659E-04 1.326446E-03
3.209498E-02 1.283430E-03 3.914940E-04 1.378464E-03
3.162341E-02 1.050763E-03 4.349581E-04 1.480005E-03
3.132627E-02 5.700995E-04 3.217187E-04 1.471425E-03
3.089159E-02 4.651420E-04 3.277690E-04 1.624027E-03
3.118220E-02 8.597804E-04 4.615172E-04 1.601380E-03
3.077146E-02 7.013252E-04 4.749562E-04 1.735384E-03
3.049189E-02 3.772569E-04 3.275694E-04 1.780075E-03
3.012562E-02 3.031527E-04 3.221972E-04 1.936227E-03
3.039094E-02 5.687129E-04 4.779277E-04 1.876560E-03
3.004027E-02 4.569584E-04 4.723623E-04 2.020662E-03
2.979155E-02 2.403216E-04 3.124872E-04 2.089755E-03
2.948865E-02 1.868123E-04 2.991191E-04 2.238405E-03
2.971903E-02 3.622648E-04 4.597266E-04 2.164311E-03
2.942680E-02 2.816791E-04 4.411887E-04 2.304776E-03
2.921609E-02 1.410734E-04 2.826760E-04 2.380304E-03
2.897312E-02 1.018448E-04 2.636833E-04 2.513900E-03
2.916315E-02 2.128545E-04 4.177277E-04 2.439830E-03
2.892766E-02 1.538850E-04 3.902063E-04 2.567654E-03
2.875909E-02 6.808066E-05 2.426346E-04 2.637934E-03
2.857331E-02 3.889606E-05 2.200076E-04 2.751408E-03
2.871990E-02 1.031886E-04 3.594188E-04 2.686782E-03
2.853938E-02 5.942610E-05 3.261201E-04 2.796060E-03
2.841511E-02 1.352959E-05 1.962719E-04 2.853583E-03
2.828374E-02 -8.681869E-06 1.718922E-04 2.943964E-03
2.838554E-02 2.144401E-05 2.910431E-04 2.894620E-03
2.825775E-02 -1.176392E-05 2.549056E-04 2.981864E-03
2.817836E-02 -2.831974E-05 1.473303E-04 3.022298E-03
2.809804E-02 -4.589440E-05 1.230762E-04 3.088569E-03
2.815526E-02 -4.108188E-05 2.184163E-04 3.057455E-03
2.807724E-02 -6.728813E-05 1.823232E-04 3.121306E-03
2.804163E-02 -6.185166E-05 9.992307E-05 3.143061E-03
2.800745E-02 -7.657735E-05 8.118332E-05 3.186911E-03
2.802259E-02 -9.106465E-05 1.478249E-04 3.173640E-03
2.798972E-02 -1.130035E-04 1.198722E-04 3.215534E-03
4.011763E-02 1.053855E-02 -9.907884E-03 -1.523130E-02
3.937351E-02 1.025159E-02 -1.020277E-02 -1.404784E-02
4.037496E-02 1.065663E-02 -1.026464E-02 -1.606212E-02
4.023560E-02 1.138025E-02 -1.076571E-02 -1.543260E-02
3.982155E-02 1.110510E-02 -1.107438E-02 -1.479585E-02
4.051435E-02 1.147429E-02 -1.073888E-02 -1.598764E-02
3.987618E-02 1.117764E-02 -1.120333E-02 -1.614728E-02
3.920467E-02 1.200900E-02 -1.211881E-02 -1.578985E-02
4.038247E-02 1.165374E-02 -1.112123E-02 -1.623023E-02
3.991663E-02 1.210097E-02 -1.176579E-02 -1.609431E-02
3.869725E-02 1.281855E-02 -1.279236E-02 -1.538686E-02
3.834216E-02 1.352291E-02 -1.332132E-02 -1.504811E-02
3.940344E-02 1.271610E-02 -1.241775E-02 -1.576232E-02
3.899325E-02 1.335605E-02 -1.299653E-02 -1.540813E-02
3.807838E-02 1.416267E-02 -1.382012E-02 -1.476761E-02
3.787682E-02 1.479162E-02 -1.436407E-02 -1.452971E-02
3.870041E-02 1.397600E-02 -1.354676E-02 -1.509470E-02
3.850812E-02 1.458950E-02 -1.413395E-02 -1.482955E-02
3.773550E-02 1.545370E-02 -1.500527E-02 -1.432744E-02
3.766937E-02 1.618372E-02 -1.578824E-02 -1.416086E-02
3.840951E-02 1.522351E-02 -1.481378E-02 -1.460780E-02
3.841235E-02 1.590169E-02 -1.563409E-02 -1.442414E-02
3.770613E-02 1.701057E-02 -1.676016E-02 -1.403393E-02
3.788621E-02 1.795746E-02 -1.797913E-02 -1.395081E-02
3.853586E-02 1.663854E-02 -1.664170E-02 -1.427194E-02
3.880547E-02 1.743211E-02 -1.788625E-02 -1.413593E-02
3.826319E-02 1.903516E-02 -1.952073E-02 -1.390798E-02
3.889690E-02 2.021813E-02 -2.147895E-02 -1.387301E-02
3.924028E-02 1.824680E-02 -1.941615E-02 -1.397507E-02
3.981715E-02 1.897526E-02 -2.125259E-02 -1.368496E-02
3.980901E-02 2.137496E-02 -2.393797E-02 -1.372185E-02
4.080424E-02 2.210374E-02 -2.682285E-02 -1.307392E-02
4.037816E-02 1.937430E-02 -2.330724E-02 -1.302817E-02
4.047683E-02 1.904996E-02 -2.521984E-02 -1.158615E-02
4.104360E-02 2.160623E-02 -2.947063E-02 -1.109625E-02
3.913510E-02 1.950551E-02 -3.051456E-02 -7.130174E-03
3.942218E-02 1.775628E-02 -2.632557E-02 -8.987609E-03
3.695296E-02 1.593569E-02 -2.623866E-02 -5.457892E-03
3.512342E-02 1.713515E-02 -2.972012E-02 -2.084442E-03
3.046011E-02 1.602042E-02 -2.879933E-02 2.771314E-03
3.367772E-02 1.446222E-02 -2.544324E-02 -1.728926E-03
3.022702E-02 1.381638E-02 -2.479569E-02 1.791061E-03
2.514391E-02 1.674373E-02 -2.944575E-02 7.778274E-03
2.045752E-02 1.929469E-02 -2.873221E-02 1.298764E-02
2.649340E-02 1.416811E-02 -2.491513E-02 5.354831E-03
2.263828E-02 1.572164E-02 -2.488044E-02 9.261818E-03
2.398784E-02 1.879755E-02 -1.841641E-02 1.285444E-02
2.916439E-02 1.498990E-02 -9.905837E-03 9.303670E-03
2.242170E-02 1.677712E-02 -1.999524E-02 1.123944E-02
2.594276E-02 1.521128E-02 -1.269488E-02 9.807029E-03
3.198219E-02 1.133785E-02 -5.542373E-03 6.442382E-03
3.326570E-02 8.541277E-03 -3.144893E-03 4.506531E-03
2.897182E-02 1.255812E-02 -7.805915E-03 7.614218E-03
3.086807E-02 1.000163E-02 -4.758429E-03 5.742449E-03
3.369409E-02 6.522624E-03 -1.759036E-03 3.272529E-03
3.367302E-02 5.069732E-03 -9.210884E-04 2.508830E-03
3.188909E-02 7.885389E-03 -2.834237E-03 4.349006E-03
3.232719E-02 6.237097E-03 -1.610456E-03 3.387546E-03
3.342368E-02 4.004445E-03 -3.915480E-04 2.048951E-03
3.306235E-02 3.204502E-03 -4.434383E-05 1.786635E-03
3.240956E-02 4.974139E-03 -8.180719E-04 2.754235E-03
3.228481E-02 4.002031E-03 -2.930771E-04 2.353980E-03
3.265051E-02 2.589742E-03 1.893526E-04 1.655393E-03
3.222143E-02 2.107444E-03 3.488657E-04 1.612875E-03
3.204331E-02 3.244271E-03 6.195223E-05 2.116186E-03
3.173904E-02 2.644781E-03 3.052436E-04 1.991698E-03
3.179357E-02 1.722267E-03 4.576936E-04 1.631281E-03
3.137743E-02 1.409979E-03 5.304628E-04 1.691753E-03
3.140448E-02 2.163599E-03 4.723933E-04 1.946671E-03
3.105947E-02 1.772289E-03 5.857910E-04 1.957557E-03
3.097910E-02 1.153571E-03 5.766209E-04 1.781070E-03
3.060217E-02 9.408423E-04 6.024845E-04 1.889672E-03
3.071640E-02 1.450426E-03 6.599454E-04 2.007665E-03
3.038315E-02 1.183134E-03 7.045444E-04 2.084893E-03
3.024875E-02 7.628566E-04 6.124236E-04 2.010443E-03
2.992012E-02 6.129334E-04 6.095721E-04 2.137950E-03
3.006482E-02 9.594049E-04 7.262578E-04 2.180268E-03
2.976476E-02 7.709550E-04 7.298300E-04 2.286989E-03
2.961702E-02 4.859786E-04 5.962690E-04 2.267949E-03
2.933986E-02 3.780267E-04 5.743397E-04 2.397073E-03
2.948520E-02 6.114370E-04 7.187603E-04 2.399802E-03
2.922762E-02 4.758936E-04 6.957365E-04 2.514582E-03
2.908882E-02 2.859249E-04 5.452792E-04 2.522618E-03
2.886392E-02 2.071108E-04 5.103738E-04 2.642408E-03
2.899297E-02 3.603733E-04 6.629181E-04 2.628056E-03
2.878184E-02 2.616578E-04 6.221219E-04 2.737613E-03
2.866504E-02 1.394563E-04 4.707798E-04 2.754699E-03
2.849195E-02 8.115758E-05 4.275751E-04 2.858121E-03
2.859453E-02 1.770686E-04 5.749453E-04 2.841176E-03
2.843111E-02 1.043299E-04 5.228456E-04 2.937111E-03
2.834427E-02 3.065801E-05 3.817884E-04 2.951635E-03
2.822154E-02 -1.340345E-05 3.344146E-04 3.034506E-03
2.829146E-02 4.147222E-05 4.671888E-04 3.024172E-03
2.817531E-02 -1.323243E-05 4.092780E-04 3.101452E-03
2.812314E-02 -5.222660E-05 2.864279E-04 3.106278E-03
2.804834E-02 -8.687154E-05 2.388485E-04 3.166770E-03
2.808221E-02 -6.131384E-05 3.503753E-04 3.168356E-03
2.801157E-02 -1.041304E-04 2.917917E-04 3.224583E-03
2.799615E-02 -1.182713E-04 1.932909E-04 3.216122E-03
2.796509E-02 -1.472392E-04 1.563209E-04 3.255327E-03
2.796255E-02 -1.428842E-04 2.355688E-04 3.270170E-03
2.793377E-02 -1.786290E-04 1.898547E-04 3.306003E-03
4.040648E-02 1.182189E-02 -1.124119E-02 -1.572474E-02
4.018474E-02 1.155934E-02 -1.153428E-02 -1.539168E-02
4.059342E-02 1.195187E-02 -1.109875E-02 -1.604043E-02
4.060053E-02 1.202685E-02 -1.147579E-02 -1.604789E-02
4.050250E-02 1.177550E-02 -1.175325E-02 -1.591141E-02
4.069693E-02 1.218175E-02 -1.129792E-02 -1.618471E-02
4.059478E-02 1.205686E-02 -1.120139E-02 -1.623632E-02
4.035018E-02 1.228663E-02 -1.156776E-02 -1.621698E-02
4.071603E-02 1.228707E-02 -1.128068E-02 -1.627715E-02
4.059806E-02 1.242986E-02 -1.146785E-02 -1.626488E-02
3.996258E-02 1.268899E-02 -1.209203E-02 -1.599875E-02
3.958203E-02 1.320012E-02 -1.266167E-02 -1.568604E-02
4.035262E-02 1.268188E-02 -1.184589E-02 -1.611570E-02
4.005953E-02 1.304941E-02 -1.235187E-02 -1.585817E-02
3.928940E-02 1.375108E-02 -1.324714E-02 -1.536581E-02
3.910514E-02 1.431500E-02 -1.387661E-02 -1.507463E-02
3.980402E-02 1.349187E-02 -1.293493E-02 -1.555122E-02
3.963431E-02 1.396799E-02 -1.358613E-02 -1.523852E-02
3.903082E-02 1.489144E-02 -1.459413E-02 -1.481821E-02
3.906874E-02 1.548431E-02 -1.544267E-02 -1.458810E-02
3.956651E-02 1.445188E-02 -1.432470E-02 -1.493465E-02
3.959986E-02 1.492316E-02 -1.517686E-02 -1.462957E-02
3.922320E-02 1.608672E-02 -1.646014E-02 -1.436426E-02
3.949038E-02 1.666623E-02 -1.767407E-02 -1.410598E-02
3.971999E-02 1.535067E-02 -1.616074E-02 -1.429057E-02
3.988753E-02 1.567643E-02 -1.727091E-02 -1.385535E-02
3.983353E-02 1.714381E-02 -1.908372E-02 -1.373123E-02
4.013434E-02 1.736852E-02 -2.061653E-02 -1.308636E-02
4.001333E-02 1.580356E-02 -1.845404E-02 -1.322042E-02
3.993187E-02 1.560453E-02 -1.957853E-02 -1.224157E-02
4.013139E-02 1.712445E-02 -2.206048E-02 -1.193584E-02
3.944412E-02 1.625860E-02 -2.305552E-02 -1.006048E-02
3.941466E-02 1.498234E-02 -2.043314E-02 -1.078138E-02
3.828111E-02 1.398165E-02 -2.081690E-02 -8.815364E-03
3.783112E-02 1.491721E-02 -2.330860E-02 -7.488782E-03
3.547355E-02 1.355479E-02 -2.290492E-02 -4.568267E-03
3.655169E-02 1.283262E-02 -2.069474E-02 -6.499072E-03
3.444788E-02 1.182424E-02 -2.024089E-02 -4.076981E-03
3.280128E-02 1.258413E-02 -2.225074E-02 -1.671540E-03
3.007098E-02 1.216248E-02 -2.175288E-02 1.080732E-03
3.221200E-02 1.114056E-02 -1.970889E-02 -1.720558E-03
2.995383E-02 1.083902E-02 -1.929919E-02 5.396313E-04
2.721033E-02 1.235266E-02 -2.164931E-02 3.838771E-03
2.423157E-02 1.328506E-02 -2.155107E-02 6.793476E-03
2.763583E-02 1.094843E-02 -1.910317E-02 2.790545E-03
2.526702E-02 1.153834E-02 -1.890939E-02 5.133851E-03
2.273154E-02 1.443942E-02 -1.925541E-02 9.114289E-03
2.423828E-02 1.426300E-02 -1.419079E-02 9.269742E-03
2.354862E-02 1.244853E-02 -1.767444E-02 7.253957E-03
2.369809E-02 1.284667E-02 -1.447779E-02 8.206189E-03
2.668327E-02 1.274082E-02 -9.588268E-03 8.038472E-03
2.867369E-02 1.077752E-02 -6.304477E-03 6.575607E-03
2.523407E-02 1.220741E-02 -1.068458E-02 7.859010E-03
2.693890E-02 1.090717E-02 -7.532998E-03 6.939994E-03
3.003236E-02 8.863493E-03 -4.017299E-03 5.269666E-03
3.084089E-02 7.203125E-03 -2.450245E-03 4.241365E-03
2.834600E-02 9.378388E-03 -5.122429E-03 5.905482E-03
2.935829E-02 7.878240E-03 -3.334447E-03 4.958578E-03
3.124131E-02 5.841103E-03 -1.385447E-03 3.492558E-03
3.136625E-02 4.747743E-03 -6.592512E-04 2.975797E-03
3.000207E-02 6.536906E-03 -2.041681E-03 4.185794E-03
3.035257E-02 5.395452E-03 -1.120486E-03 3.601245E-03
3.131496E-02 3.873116E-03 -1.594483E-04 2.636395E-03
3.115494E-02 3.169902E-03 1.872924E-04 2.427958E-03
3.049049E-02 4.446371E-03 -4.672304E-04 3.183492E-03
3.048279E-02 3.663602E-03 -4.307089E-06 2.900706E-03
3.093057E-02 2.599658E-03 4.283001E-04 2.314934E-03
3.067077E-02 2.132865E-03 5.943345E-04 2.270999E-03
3.037931E-02 3.018035E-03 3.230476E-04 2.722351E-03
3.021539E-02 2.483586E-03 5.525610E-04 2.622905E-03
3.039452E-02 1.747290E-03 7.057193E-04 2.276795E-03
3.011444E-02 1.426233E-03 7.761727E-04 2.317985E-03
3.001565E-02 2.038769E-03 7.101300E-04 2.582183E-03
2.979719E-02 1.666501E-03 8.136763E-04 2.584544E-03
2.983901E-02 1.157074E-03 8.151849E-04 2.383820E-03
2.957400E-02 9.301787E-04 8.295052E-04 2.466125E-03
2.957191E-02 1.353376E-03 8.757943E-04 2.617929E-03
2.934816E-02 1.088884E-03 9.055206E-04 2.673003E-03
2.932340E-02 7.380872E-04 8.240878E-04 2.558584E-03
2.908996E-02 5.749290E-04 8.027024E-04 2.656264E-03
2.913181E-02 8.647324E-04 9.095082E-04 2.742489E-03
2.892703E-02 6.743039E-04 8.928066E-04 2.820677E-03
2.887556E-02 4.359971E-04 7.683353E-04 2.755267E-03
2.868146E-02 3.174400E-04 7.234545E-04 2.852501E-03
2.873673E-02 5.122351E-04 8.593848E-04 2.903052E-03
2.856295E-02 3.740990E-04 8.124829E-04 2.986034E-03
2.850846E-02 2.160386E-04 6.701872E-04 2.945514E-03
2.835703E-02 1.290460E-04 6.104359E-04 3.032380E-03
2.840708E-02 2.561683E-04 7.548499E-04 3.066786E-03
2.827000E-02 1.552419E-04 6.889020E-04 3.143074E-03
2.822734E-02 5.407548E-05 5.459520E-04 3.111615E-03
2.811934E-02 -1.097773E-05 4.783818E-04 3.182120E-03
2.815223E-02 6.851998E-05 6.168271E-04 3.213167E-03
2.805398E-02 -6.482002E-06 5.406517E-04 3.275763E-03
2.803278E-02 -6.798689E-05 4.093017E-04 3.243140E-03
2.796725E-02 -1.186256E-04 3.403334E-04 3.294237E-03
2.797523E-02 -7.199077E-05 4.622941E-04 3.329931E-03
2.791578E-02 -1.300103E-04 3.837071E-04 3.375088E-03
2.792208E-02 -1.643850E-04 2.739580E-04 3.335329E-03
2.789604E-02 -2.065804E-04 2.198604E-04 3.367170E-03
2.787513E-02 -1.823402E-04 3.078220E-04 3.411018E-03
2.785223E-02 -2.305795E-04 2.458003E-04 3.438324E-03
4.080143E-02 1.206695E-02 -1.154256E-02 -1.637810E-02
4.079221E-02 1.182667E-02 -1.180654E-02 -1.638661E-02
4.082345E-02 1.223263E-02 -1.135655E-02 -1.637653E-02
4.100014E-02 1.197665E-02 -1.147935E-02 -1.670339E-02
4.106144E-02 1.174861E-02 -1.173040E-02 -1.683039E-02
4.096051E-02 1.214257E-02 -1.129664E-02 -1.658707E-02
4.082067E-02 1.234763E-02 -1.129130E-02 -1.636147E-02
4.075427E-02 1.245996E-02 -1.138344E-02 -1.629984E-02
4.092403E-02 1.226082E-02 -1.121518E-02 -1.647132E-02
4.086737E-02 1.235849E-02 -1.126170E-02 -1.633760E-02
4.060814E-02 1.262427E-02 -1.165034E-02 -1.615889E-02
4.040873E-02 1.287047E-02 -1.207403E-02 -1.593029E-02
4.077242E-02 1.247023E-02 -1.145785E-02 -1.616132E-02
4.063978E-02 1.262366E-02 -1.180685E-02 -1.592292E-02
4.021021E-02 1.318929E-02 -1.261846E-02 -1.563460E-02
4.006048E-02 1.354724E-02 -1.325808E-02 -1.529952E-02
4.049159E-02 1.282361E-02 -1.229135E-02 -1.561717E-02
4.035670E-02 1.304886E-02 -1.288534E-02 -1.524883E-02
3.998221E-02 1.390566E-02 -1.398638E-02 -1.493718E-02
3.997121E-02 1.422411E-02 -1.480446E-02 -1.453477E-02
4.025048E-02 1.326035E-02 -1.356488E-02 -1.481788E-02
4.016228E-02 1.340907E-02 -1.430635E-02 -1.430659E-02
3.999590E-02 1.445248E-02 -1.570319E-02 -1.405196E-02
3.998947E-02 1.452294E-02 -1.664420E-02 -1.341951E-02
4.004988E-02 1.343876E-02 -1.507467E-02 -1.367469E-02
3.983834E-02 1.329029E-02 -1.581062E-02 -1.286367E-02
3.984035E-02 1.435428E-02 -1.754289E-02 -1.254435E-02
3.940115E-02 1.388256E-02 -1.826820E-02 -1.133583E-02
3.942850E-02 1.291740E-02 -1.642831E-02 -1.181326E-02
3.872558E-02 1.231540E-02 -1.683465E-02 -1.049136E-02
3.854128E-02 1.311664E-02 -1.868416E-02 -9.759032E-03
3.722846E-02 1.217384E-02 -1.872912E-02 -7.879765E-03
3.768442E-02 1.154446E-02 -1.697061E-02 -8.922807E-03
3.633935E-02 1.071943E-02 -1.684706E-02 -7.189810E-03
3.556076E-02 1.123939E-02 -1.846448E-02 -5.843053E-03
3.370187E-02 1.047501E-02 -1.803633E-02 -3.792371E-03
3.478691E-02 9.964141E-03 -1.654103E-02 -5.395574E-03
3.313415E-02 9.367055E-03 -1.615590E-02 -3.620070E-03
3.178393E-02 9.965245E-03 -1.759470E-02 -1.805680E-03
2.985831E-02 9.734412E-03 -1.724286E-02 1.140475E-04
3.145481E-02 8.969582E-03 -1.578108E-02 -1.899061E-03
2.977578E-02 8.783801E-03 -1.547159E-02 -2.277793E-04
2.790881E-02 9.798129E-03 -1.701231E-02 2.017880E-03
2.595271E-02 1.019242E-02 -1.676947E-02 3.958081E-03
2.809246E-02 8.819073E-03 -1.523375E-02 1.424542E-03
2.642571E-02 9.094025E-03 -1.497640E-02 3.084689E-03
2.433110E-02 1.086212E-02 -1.598258E-02 5.799957E-03
2.379372E-02 1.139662E-02 -1.397584E-02 7.031658E-03
2.496128E-02 9.585095E-03 -1.440490E-02 4.686386E-03
2.413688E-02 1.008736E-02 -1.308961E-02 5.956056E-03
2.449112E-02 1.129559E-02 -1.111480E-02 7.307799E-03
2.572736E-02 1.055991E-02 -8.338487E-03 6.913221E-03
2.423433E-02 1.025079E-02 -1.102098E-02 6.591693E-03
2.497887E-02 9.921626E-03 -8.726446E-03 6.620413E-03
2.697059E-02 9.459862E-03 -6.008447E-03 6.226533E-03
2.801222E-02 8.224973E-03 -4.147540E-03 5.469005E-03
2.594622E-02 9.204850E-03 -6.611782E-03 6.277033E-03
2.688638E-02 8.264950E-03 -4.803569E-03 5.757640E-03
2.878787E-02 7.009490E-03 -2.711973E-03 4.765683E-03
2.930542E-02 5.900019E-03 -1.634254E-03 4.177441E-03
2.768233E-02 7.240158E-03 -3.321429E-03 5.191630E-03
2.829021E-02 6.230171E-03 -2.147466E-03 4.661210E-03
2.960746E-02 4.930306E-03 -8.393460E-04 3.719970E-03
2.974499E-02 4.102112E-03 -2.592675E-04 3.384196E-03
2.871148E-02 5.294792E-03 -1.242298E-03 4.209554E-03
2.897158E-02 4.460936E-03 -5.580363E-04 3.850810E-03
2.976398E-02 3.402335E-03 1.605175E-04 3.151370E-03
2.970123E-02 2.813187E-03 4.609927E-04 3.001232E-03
2.910388E-02 3.734029E-03 -4.866094E-05 3.581854E-03
2.914054E-02 3.108096E-03 3.248559E-04 3.391530E-03
2.958451E-02 2.317085E-03 6.720149E-04 2.915453E-03
2.943425E-02 1.898522E-03 8.151107E-04 2.878644E-03
2.910887E-02 2.572420E-03 5.934347E-04 3.266252E-03
2.903057E-02 2.115209E-03 7.807300E-04 3.192801E-03
2.926527E-02 1.544500E-03 9.058405E-04 2.878306E-03
2.908832E-02 1.244365E-03 9.555814E-04 2.904439E-03
2.892230E-02 1.725322E-03 9.045785E-04 3.159466E-03
2.879661E-02 1.392904E-03 9.784185E-04 3.156335E-03
2.891114E-02 9.894412E-04 9.728051E-04 2.949081E-03
2.873933E-02 7.726392E-04 9.639733E-04 3.005894E-03
2.866285E-02 1.109506E-03 1.012465E-03 3.175218E-03
2.852793E-02 8.679628E-04 1.014608E-03 3.209435E-03
2.857690E-02 5.881106E-04 9.341598E-04 3.069829E-03
2.842671E-02 4.309594E-04 8.874801E-04 3.136866E-03
2.839690E-02 6.621945E-04 9.910834E-04 3.253578E-03
2.827343E-02 4.869988E-04 9.469448E-04 3.303291E-03
2.829077E-02 2.970150E-04 8.273879E-04 3.203804E-03
2.817043E-02 1.826594E-04 7.568782E-04 3.268119E-03
2.816016E-02 3.378660E-04 8.864122E-04 3.355084E-03
2.805893E-02 2.108268E-04 8.131106E-04 3.406183E-03
2.806657E-02 8.469976E-05 6.786240E-04 3.327836E-03
2.797971E-02 2.781989E-07 5.950679E-04 3.381451E-03
2.797098E-02 1.023344E-04 7.302383E-04 3.454403E-03
2.789713E-02 9.178485E-06 6.406840E-04 3.498061E-03
2.791006E-02 -7.318825E-05 5.084960E-04 3.427865E-03
2.785764E-02 -1.380445E-04 4.212110E-04 3.466337E-03
2.783788E-02 -7.157261E-05 5.471227E-04 3.535894E-03
2.779343E-02 -1.426077E-04 4.522210E-04 3.567021E-03
2.782217E-02 -1.964154E-04 3.366014E-04 3.496515E-03
2.780279E-02 -2.502048E-04 2.672269E-04 3.518833E-03
2.776375E-02 -2.063879E-04 3.598256E-04 3.590947E-03
2.774822E-02 -2.651395E-04 2.837942E-04 3.607925E-03
4.119066E-02 1.177349E-02 -1.130623E-02 -1.701589E-02
4.131269E-02 1.155974E-02 -1.154342E-02 -1.724725E-02
4.109720E-02 1.193200E-02 -1.113283E-02 -1.679817E-02
4.136841E-02 1.146706E-02 -1.103416E-02 -1.730945E-02
4.154582E-02 1.127006E-02 -1.125568E-02 -1.763722E-02
4.122523E-02 1.161243E-02 -1.087379E-02 -1.699785E-02
4.102320E-02 1.204498E-02 -1.104989E-02 -1.658809E-02
4.095380E-02 1.212799E-02 -1.107623E-02 -1.637369E-02
4.111143E-02 1.171281E-02 -1.079632E-02 -1.669761E-02
4.101563E-02 1.177670E-02 -1.081445E-02 -1.639907E-02
4.087326E-02 1.220086E-02 -1.122950E-02 -1.613646E-02
4.077148E-02 1.228143E-02 -1.151802E-02 -1.585511E-02
4.092348E-02 1.181387E-02 -1.093987E-02 -1.608667E-02
4.081993E-02 1.183269E-02 -1.117866E-02 -1.573961E-02
4.064869E-02 1.237545E-02 -1.193453E-02 -1.551154E-02
4.051123E-02 1.246917E-02 -1.245674E-02 -1.509265E-02
4.069207E-02 1.183477E-02 -1.152552E-02 -1.533464E-02
4.052870E-02 1.180945E-02 -1.196030E-02 -1.484890E-02
4.035915E-02 1.252973E-02 -1.305237E-02 -1.458473E-02
4.017341E-02 1.251189E-02 -1.368117E-02 -1.396566E-02
4.031505E-02 1.173224E-02 -1.244842E-02 -1.426004E-02
4.002570E-02 1.156986E-02 -1.294371E-02 -1.354498E-02
3.991007E-02 1.236739E-02 -1.429210E-02 -1.320214E-02
3.950495E-02 1.205761E-02 -1.482174E-02 -1.225712E-02
3.962254E-02 1.129089E-02 -1.339224E-02 -1.268117E-02
3.906187E-02 1.087923E-02 -1.373919E-02 -1.165360E-02
3.889090E-02 1.157046E-02 -1.520275E-02 -1.110663E-02
3.802498E-02 1.093513E-02 -1.538500E-02 -9.758466E-03
3.831008E-02 1.034552E-02 -1.394078E-02 -1.046516E-02
3.735990E-02 9.729982E-03 -1.397809E-02 -9.142803E-03
3.691134E-02 1.022129E-02 -1.535848E-02 -8.258591E-03
3.560148E-02 9.517391E-03 -1.515954E-02 -6.676601E-03
3.623643E-02 9.092584E-03 -1.386412E-02 -7.732921E-03
3.498803E-02 8.495034E-03 -1.363815E-02 -6.287268E-03
3.417029E-02 8.901106E-03 -1.485430E-02 -5.079471E-03
3.268583E-02 8.421706E-03 -1.451269E-02 -3.511516E-03
3.366851E-02 7.985207E-03 -1.335078E-02 -4.848119E-03
3.232143E-02 7.591405E-03 -1.304900E-02 -3.440324E-03
3.119102E-02 8.101025E-03 -1.418920E-02 -1.989159E-03
2.970171E-02 7.945958E-03 -1.391365E-02 -5.061991E-04
3.097301E-02 7.325938E-03 -1.276680E-02 -2.071222E-03
2.963368E-02 7.193104E-03 -1.252032E-02 -7.350774E-04
2.821920E-02 7.962382E-03 -1.368197E-02 9.564340E-04
2.676416E-02 8.159820E-03 -1.342928E-02 2.412496E-03
2.830750E-02 7.196615E-03 -1.230160E-02 5.802743E-04
2.701317E-02 7.341116E-03 -1.206324E-02 1.881882E-03
2.544811E-02 8.525142E-03 -1.297967E-02 3.824826E-03
2.453023E-02 8.950215E-03 -1.206586E-02 5.042234E-03
2.582292E-02 7.617562E-03 -1.169358E-02 3.146703E-03
2.489614E-02 7.964610E-03 -1.102328E-02 4.286900E-03
2.425807E-02 9.213497E-03 -1.058003E-02 5.851407E-03
2.458410E-02 9.139989E-03 -8.761373E-03 6.178772E-03
2.441698E-02 8.245267E-03 -9.940681E-03 5.161510E-03
2.443021E-02 8.313502E-03 -8.529811E-03 5.677589E-03
2.524419E-02 8.724011E-03 -6.930844E-03 6.130299E-03
2.600810E-02 8.057241E-03 -5.260797E-03 5.850947E-03
2.480435E-02 8.111662E-03 -6.998977E-03 5.858891E-03
2.536377E-02 7.671401E-03 -5.514362E-03 5.794203E-03
2.673851E-02 7.244468E-03 -3.814584E-03 5.455526E-03
2.736195E-02 6.376279E-03 -2.609681E-03 5.027844E-03
2.597591E-02 7.060266E-03 -4.162537E-03 5.573968E-03
2.655597E-02 6.349623E-03 -2.983421E-03 5.272713E-03
2.784820E-02 5.520431E-03 -1.637869E-03 4.624044E-03
2.819653E-02 4.719630E-03 -8.745702E-04 4.275249E-03
2.705520E-02 5.602166E-03 -1.990946E-03 4.947748E-03
2.745249E-02 4.865792E-03 -1.180909E-03 4.638545E-03
2.842283E-02 3.995275E-03 -2.879529E-04 3.993364E-03
2.854957E-02 3.353985E-03 1.540475E-04 3.778097E-03
2.774642E-02 4.171947E-03 -5.371664E-04 4.367938E-03
2.794726E-02 3.537766E-03 -3.779052E-05 4.145672E-03
2.859968E-02 2.793730E-03 4.799191E-04 3.622780E-03
2.859352E-02 2.308224E-03 7.132874E-04 3.518208E-03
2.807052E-02 2.969967E-03 3.401977E-04 3.972758E-03
2.813272E-02 2.468682E-03 6.180550E-04 3.845240E-03
2.854798E-02 1.889602E-03 8.730368E-04 3.454805E-03
2.847646E-02 1.529851E-03 9.740123E-04 3.423676E-03
2.814911E-02 2.030389E-03 8.141435E-04 3.756849E-03
2.813272E-02 1.649852E-03 9.437418E-04 3.700648E-03
2.838937E-02 1.221471E-03 1.027849E-03 3.417024E-03
2.829460E-02 9.577132E-04 1.043731E-03 3.428232E-03
2.809419E-02 1.321255E-03 1.019337E-03 3.669927E-03
2.804193E-02 1.038802E-03 1.051089E-03 3.658629E-03
2.819809E-02 7.325970E-04 1.029006E-03 3.451799E-03
2.810422E-02 5.408355E-04 9.896750E-04 3.483214E-03
2.798245E-02 7.969996E-04 1.047303E-03 3.661505E-03
2.792066E-02 5.907446E-04 1.014842E-03 3.674129E-03
2.801621E-02 3.777272E-04 9.307446E-04 3.518814E-03
2.793634E-02 2.390481E-04 8.564970E-04 3.555659E-03
2.786022E-02 4.153303E-04 9.594748E-04 3.692838E-03
2.780381E-02 2.664063E-04 8.861309E-04 3.714647E-03
2.786624E-02 1.209599E-04 7.706805E-04 3.591413E-03
2.780701E-02 1.993849E-05 6.766483E-04 3.624252E-03
2.775337E-02 1.399299E-04 7.991090E-04 3.737154E-03
2.771028E-02 3.212142E-05 7.022286E-04 3.758459E-03
2.775940E-02 -6.727553E-05 5.774770E-04 3.652782E-03
2.772385E-02 -1.437069E-04 4.762036E-04 3.675996E-03
2.767551E-02 -6.056891E-05 5.989675E-04 3.777086E-03
2.764973E-02 -1.414803E-04 4.927280E-04 3.791932E-03
2.770055E-02 -2.121558E-04 3.771237E-04 3.693269E-03
2.768912E-02 -2.751817E-04 2.952682E-04 3.704665E-03
2.763334E-02 -2.137431E-04 3.882340E-04 3.802262E-03
2.762622E-02 -2.802511E-04 3.015340E-04 3.807951E-03
4.152970E-02 1.106335E-02 -1.066949E-02 -1.757893E-02
4.175939E-02 1.088559E-02 -1.087319E-02 -1.799804E-02
4.133855E-02 1.119137E-02 -1.052458E-02 -1.717805E-02
4.167166E-02 1.056720E-02 -1.021655E-02 -1.782021E-02
4.195149E-02 1.041077E-02 -1.040040E-02 -1.832659E-02
4.143300E-02 1.067500E-02 -1.008852E-02 -1.733352E-02
4.118242E-02 1.127368E-02 -1.045561E-02 -1.679029E-02
4.105046E-02 1.131401E-02 -1.047020E-02 -1.640623E-02
4.123173E-02 1.073582E-02 -1.002887E-02 -1.686045E-02
4.105592E-02 1.074992E-02 -1.004084E-02 -1.639097E-02
4.092801E-02 1.131541E-02 -1.057417E-02 -1.601126E-02
4.079698E-02 1.127930E-02 -1.076883E-02 -1.558527E-02
4.088967E-02 1.071603E-02 -1.012507E-02 -1.591060E-02
4.071278E-02 1.063139E-02 -1.027800E-02 -1.540021E-02
4.063706E-02 1.120319E-02 -1.104673E-02 -1.510404E-02
4.042645E-02 1.107817E-02 -1.138806E-02 -1.454179E-02
4.050140E-02 1.049141E-02 -1.048919E-02 -1.483696E-02
4.022932E-02 1.028949E-02 -1.073900E-02 -1.419684E-02
4.014122E-02 1.088846E-02 -1.175972E-02 -1.387420E-02
3.975430E-02 1.061542E-02 -1.211839E-02 -1.308134E-02
3.986998E-02 1.001804E-02 -1.099829E-02 -1.345849E-02
3.939909E-02 9.671587E-03 -1.123171E-02 -1.260767E-02
3.923727E-02 1.024597E-02 -1.241737E-02 -1.215147E-02
3.856706E-02 9.781836E-03 -1.261620E-02 -1.108574E-02
3.879840E-02 9.251721E-03 -1.140444E-02 -1.164120E-02
3.806031E-02 8.771287E-03 -1.149048E-02 -1.056911E-02
3.773520E-02 9.244585E-03 -1.269074E-02 -9.901545E-03
3.675379E-02 8.672696E-03 -1.263953E-02 -8.630906E-03
3.719125E-02 8.254863E-03 -1.147908E-02 -9.413610E-03
3.621138E-02 7.734487E-03 -1.137655E-02 -8.204565E-03
3.565336E-02 8.111669E-03 -1.248278E-02 -7.313097E-03
3.447364E-02 7.602622E-03 -1.225432E-02 -5.984828E-03
3.514986E-02 7.242657E-03 -1.120264E-02 -6.972800E-03
3.403787E-02 6.806173E-03 -1.098383E-02 -5.744064E-03
3.325255E-02 7.175033E-03 -1.199116E-02 -4.672865E-03
3.201864E-02 6.845603E-03 -1.172502E-02 -3.391422E-03
3.290240E-02 6.443199E-03 -1.074655E-02 -4.535632E-03
3.176280E-02 6.163710E-03 -1.051228E-02 -3.355845E-03
3.078875E-02 6.621592E-03 -1.147747E-02 -2.143506E-03
2.957043E-02 6.505752E-03 -1.125698E-02 -9.243099E-04
3.063051E-02 5.972021E-03 -1.029480E-02 -2.205665E-03
2.951138E-02 5.869819E-03 -1.009816E-02 -1.081217E-03
2.836882E-02 6.500339E-03 -1.105462E-02 2.741507E-04
2.720011E-02 6.607321E-03 -1.083508E-02 1.455441E-03
2.841078E-02 5.858332E-03 -9.913726E-03 2.287964E-05
2.734245E-02 5.938021E-03 -9.714769E-03 1.108372E-03
2.611376E-02 6.819685E-03 -1.052394E-02 2.604240E-03
2.521221E-02 7.100003E-03 -1.001053E-02 3.666797E-03
2.634172E-02 6.103138E-03 -9.449724E-03 2.164580E-03
2.547724E-02 6.329313E-03 -9.043889E-03 3.157019E-03
2.462576E-02 7.362548E-03 -9.203368E-03 4.551102E-03
2.442409E-02 7.498522E-03 -8.115339E-03 5.175171E-03
2.484058E-02 6.561406E-03 -8.427441E-03 4.024960E-03
2.449928E-02 6.721857E-03 -7.585282E-03 4.704150E-03
2.455991E-02 7.436832E-03 -6.864141E-03 5.522081E-03
2.491844E-02 7.170210E-03 -5.582027E-03 5.634703E-03
2.445072E-02 6.744681E-03 -6.576001E-03 5.162883E-03
2.463037E-02 6.602894E-03 -5.492253E-03 5.413409E-03
2.538839E-02 6.733149E-03 -4.359366E-03 5.576124E-03
2.588662E-02 6.175458E-03 -3.247925E-03 5.406686E-03
2.495501E-02 6.306211E-03 -4.414415E-03 5.493936E-03
2.535158E-02 5.884719E-03 -3.397321E-03 5.449255E-03
2.635699E-02 5.548283E-03 -2.275268E-03 5.177921E-03
2.676597E-02 4.896762E-03 -1.451937E-03 4.930369E-03
2.576440E-02 5.376205E-03 -2.475523E-03 5.321954E-03
2.615461E-02 4.818713E-03 -1.668729E-03 5.149040E-03
2.709855E-02 4.255908E-03 -7.755429E-04 4.692465E-03
2.735315E-02 3.649521E-03 -2.349936E-04 4.481252E-03
2.649854E-02 4.245796E-03 -9.847336E-04 4.959922E-03
2.678518E-02 3.683806E-03 -4.219738E-04 4.775530E-03
2.753654E-02 3.091467E-03 1.853577E-04 4.304640E-03
2.765954E-02 2.588076E-03 5.024769E-04 4.164209E-03
2.701294E-02 3.151183E-03 2.755531E-05 4.608814E-03
2.718623E-02 2.659249E-03 3.754596E-04 4.466234E-03
2.773411E-02 2.140602E-03 7.326330E-04 4.057700E-03
2.777159E-02 1.747208E-03 8.904081E-04 3.980884E-03
2.731256E-02 2.213725E-03 6.346966E-04 4.349612E-03
2.740047E-02 1.816344E-03 8.180912E-04 4.257827E-03
2.778194E-02 1.404367E-03 9.883910E-04 3.928793E-03
2.777343E-02 1.107748E-03 1.037245E-03 3.896445E-03
2.745830E-02 1.466223E-03 9.375233E-04 4.188140E-03
2.749346E-02 1.160881E-03 1.003589E-03 4.137107E-03
2.775268E-02 8.527363E-04 1.045945E-03 3.879240E-03
2.772486E-02 6.347077E-04 1.022059E-03 3.873127E-03
2.751220E-02 8.969268E-04 1.025549E-03 4.101160E-03
2.751956E-02 6.705006E-04 1.011424E-03 4.076934E-03
2.769392E-02 4.491645E-04 9.720163E-04 3.874653E-03
2.766279E-02 2.917840E-04 9.013456E-04 3.880946E-03
2.751951E-02 4.775349E-04 9.681520E-04 4.061428E-03
2.751509E-02 3.139035E-04 9.017551E-04 4.052065E-03
2.763364E-02 1.584293E-04 8.148645E-04 3.889655E-03
2.760807E-02 4.514331E-05 7.168378E-04 3.898890E-03
2.750858E-02 1.755025E-04 8.175036E-04 4.046687E-03
2.750171E-02 5.829346E-05 7.200594E-04 4.043521E-03
2.758724E-02 -5.185908E-05 6.111264E-04 3.907156E-03
2.757202E-02 -1.361943E-04 5.014788E-04 3.913303E-03
2.749577E-02 -4.167201E-05 6.136275E-04 4.041135E-03
2.749178E-02 -1.282332E-04 5.022660E-04 4.038394E-03
2.756299E-02 -2.112996E-04 3.930100E-04 3.916520E-03
2.756032E-02 -2.803914E-04 3.025988E-04 3.916496E-03
2.749049E-02 -2.050948E-04 3.914249E-04 4.034450E-03
2.749233E-02 -2.757679E-04 2.985903E-04 4.028825E-03
4.179237E-02 9.983589E-03 -9.679151E-03 -1.803038E-02
4.212041E-02 9.849918E-03 -9.841578E-03 -1.861976E-02
4.150620E-02 1.006971E-02 -9.568567E-03 -1.746141E-02
4.189098E-02 9.318464E-03 -9.061569E-03 -1.820793E-02
4.226499E-02 9.208058E-03 -9.201667E-03 -1.887524E-02
4.155749E-02 9.382829E-03 -8.968240E-03 -1.756100E-02
4.125712E-02 1.010769E-02 -9.517831E-03 -1.690571E-02
4.103157E-02 1.009526E-02 -9.526394E-03 -1.635254E-02
4.125866E-02 9.398557E-03 -8.925363E-03 -1.692643E-02
4.097949E-02 9.361734E-03 -8.929349E-03 -1.629316E-02
4.081228E-02 1.002871E-02 -9.590758E-03 -1.578763E-02
4.057801E-02 9.903467E-03 -9.703583E-03 -1.519336E-02
4.070185E-02 9.267592E-03 -8.973756E-03 -1.564766E-02
4.040470E-02 9.111514E-03 -9.049005E-03 -1.497446E-02
4.030420E-02 9.714954E-03 -9.852380E-03 -1.454981E-02
3.996485E-02 9.459745E-03 -1.001868E-02 -1.383724E-02
4.006494E-02 8.890394E-03 -9.142109E-03 -1.425743E-02
3.965956E-02 8.604218E-03 -9.236994E-03 -1.348199E-02
3.953553E-02 9.137189E-03 -1.017880E-02 -1.303971E-02
3.899728E-02 8.751468E-03 -1.030694E-02 -1.214904E-02
3.916874E-02 8.257534E-03 -9.315878E-03 -1.263789E-02
3.857939E-02 7.860372E-03 -9.361834E-03 -1.172199E-02
3.834033E-02 8.313468E-03 -1.038036E-02 -1.116760E-02
3.756651E-02 7.841283E-03 -1.038477E-02 -1.010861E-02
3.788780E-02 7.428119E-03 -9.362027E-03 -1.073956E-02
3.710043E-02 6.980094E-03 -9.310438E-03 -9.703649E-03
3.668903E-02 7.358415E-03 -1.031754E-02 -8.993463E-03
3.572959E-02 6.890027E-03 -1.018733E-02 -7.846976E-03
3.623218E-02 6.537062E-03 -9.208901E-03 -8.632270E-03
3.530303E-02 6.118438E-03 -9.066044E-03 -7.544662E-03
3.471357E-02 6.458789E-03 -1.001068E-02 -6.692408E-03
3.366518E-02 6.082026E-03 -9.807199E-03 -5.547857E-03
3.433402E-02 5.740074E-03 -8.894701E-03 -6.457873E-03
3.334399E-02 5.413226E-03 -8.708906E-03 -5.384615E-03
3.260408E-02 5.770894E-03 -9.595406E-03 -4.424747E-03
3.154398E-02 5.531288E-03 -9.389784E-03 -3.328124E-03
3.234768E-02 5.144706E-03 -8.521349E-03 -4.332585E-03
3.135524E-02 4.937867E-03 -8.341613E-03 -3.304906E-03
3.049309E-02 5.365661E-03 -9.199025E-03 -2.258020E-03
2.945626E-02 5.274889E-03 -9.024589E-03 -1.211373E-03
3.037296E-02 4.793914E-03 -8.174980E-03 -2.301218E-03
2.940503E-02 4.713092E-03 -8.021350E-03 -1.319127E-03
2.843868E-02 5.259447E-03 -8.858614E-03 -1.844741E-04
2.745190E-02 5.318927E-03 -8.680578E-03 8.234705E-04
2.845634E-02 4.695313E-03 -7.873755E-03 -3.560251E-04
2.753662E-02 4.739658E-03 -7.716245E-03 5.883762E-04
2.652204E-02 5.448494E-03 -8.453650E-03 1.804768E-03
2.569688E-02 5.631390E-03 -8.125851E-03 2.736370E-03
2.666572E-02 4.841995E-03 -7.521859E-03 1.508396E-03
2.587806E-02 4.990287E-03 -7.253478E-03 2.388074E-03
2.504146E-02 5.830970E-03 -7.645037E-03 3.577339E-03
2.461299E-02 5.992603E-03 -6.987771E-03 4.279564E-03
2.522071E-02 5.159371E-03 -6.872256E-03 3.199130E-03
2.473971E-02 5.310628E-03 -6.354541E-03 3.906037E-03
2.442890E-02 6.061649E-03 -6.178500E-03 4.809523E-03
2.445946E-02 6.004528E-03 -5.276302E-03 5.162226E-03
2.445939E-02 5.401181E-03 -5.706724E-03 4.478719E-03
2.437140E-02 5.398124E-03 -4.963575E-03 4.904135E-03
2.464873E-02 5.815138E-03 -4.345134E-03 5.356531E-03
2.493802E-02 5.507735E-03 -3.436310E-03 5.422626E-03
2.444210E-02 5.287005E-03 -4.171971E-03 5.187899E-03
2.462802E-02 5.070760E-03 -3.375800E-03 5.347963E-03
2.527706E-02 5.107540E-03 -2.586392E-03 5.393297E-03
2.562679E-02 4.644019E-03 -1.819802E-03 5.299744E-03
2.488704E-02 4.764105E-03 -2.610045E-03 5.407771E-03
2.518316E-02 4.388170E-03 -1.900589E-03 5.392004E-03
2.595945E-02 4.146301E-03 -1.150835E-03 5.169234E-03
2.625781E-02 3.640005E-03 -5.851332E-04 5.023564E-03
2.548800E-02 3.966453E-03 -1.265168E-03 5.324107E-03
2.578110E-02 3.521780E-03 -7.141494E-04 5.224600E-03
2.651351E-02 3.145451E-03 -1.214265E-04 4.878477E-03
2.672487E-02 2.677185E-03 2.464173E-04 4.744028E-03
2.604944E-02 3.074136E-03 -2.514403E-04 5.109997E-03
2.628632E-02 2.639467E-03 1.242670E-04 4.992438E-03
2.689453E-02 2.244482E-03 5.274092E-04 4.625601E-03
2.702752E-02 1.852329E-03 7.318352E-04 4.525163E-03
2.648981E-02 2.229356E-03 4.180224E-04 4.879971E-03
2.666115E-02 1.851346E-03 6.371935E-04 4.777251E-03
2.712979E-02 1.502517E-03 8.701439E-04 4.442433E-03
2.720721E-02 1.194603E-03 9.522817E-04 4.375829E-03
2.680342E-02 1.509605E-03 7.902897E-04 4.686405E-03
2.692044E-02 1.205683E-03 8.861092E-04 4.607844E-03
2.726512E-02 9.266586E-04 9.873608E-04 4.323142E-03
2.730804E-02 6.958196E-04 9.835452E-04 4.281983E-03
2.701614E-02 9.392041E-04 9.331921E-04 4.540941E-03
2.709412E-02 7.084386E-04 9.395118E-04 4.484518E-03
2.733966E-02 4.986506E-04 9.480634E-04 4.250049E-03
2.736290E-02 3.313889E-04 8.872854E-04 4.225254E-03
2.715748E-02 5.107381E-04 9.123352E-04 4.437187E-03
2.720877E-02 3.428485E-04 8.581912E-04 4.397547E-03
2.738002E-02 1.900984E-04 8.068277E-04 4.205788E-03
2.739275E-02 7.076730E-05 7.116713E-04 4.190120E-03
2.725005E-02 2.011306E-04 7.829034E-04 4.364295E-03
2.728294E-02 8.171151E-05 6.916643E-04 4.336269E-03
2.740245E-02 -3.062876E-05 6.063030E-04 4.176974E-03
2.741021E-02 -1.180811E-04 4.950332E-04 4.165305E-03
2.730876E-02 -1.941113E-05 5.891557E-04 4.312454E-03
2.732863E-02 -1.062953E-04 4.798630E-04 4.291973E-03
2.741694E-02 -1.955044E-04 3.835711E-04 4.154279E-03
2.742328E-02 -2.666592E-04 2.897500E-04 4.143280E-03
2.734352E-02 -1.829906E-04 3.696563E-04 4.274071E-03
2.735428E-02 -2.534422E-04 2.764202E-04 4.258024E-03
4.196778E-02 8.578952E-03 -8.369007E-03 -1.835289E-02
4.238495E-02 8.491290E-03 -8.486706E-03 -1.909193E-02
4.158783E-02 8.622803E-03 -8.292105E-03 -1.763345E-02
4.202415E-02 7.773313E-03 -7.607790E-03 -1.846678E-02
4.248099E-02 7.706864E-03 -7.703876E-03 -1.927027E-02
4.159958E-02 7.799034E-03 -7.545999E-03 -1.768144E-02
4.123854E-02 8.618625E-03 -8.255861E-03 -1.692515E-02
4.090408E-02 8.561589E-03 -8.254483E-03 -1.621724E-02
4.120063E-02 7.778652E-03 -7.515274E-03 -1.690592E-02
4.081155E-02 7.707035E-03 -7.508510E-03 -1.613042E-02
4.056643E-02 8.446903E-03 -8.279846E-03 -1.549755E-02
4.020588E-02 8.270961E-03 -8.321648E-03 -1.475330E-02
4.041535E-02 7.580003E-03 -7.517034E-03 -1.534465E-02
3.999458E-02 7.395391E-03 -7.531036E-03 -1.453880E-02
3.980220E-02 8.032744E-03 -8.367823E-03 -1.397240E-02
3.933667E-02 7.735210E-03 -8.405473E-03 -1.314519E-02
3.953257E-02 7.154195E-03 -7.540304E-03 -1.370456E-02
3.901512E-02 6.861488E-03 -7.535301E-03 -1.283638E-02
3.879470E-02 7.386211E-03 -8.422339E-03 -1.226625E-02
3.816831E-02 6.998497E-03 -8.408597E-03 -1.133589E-02
3.843234E-02 6.526737E-03 -7.508382E-03 -1.193241E-02
3.778013E-02 6.163233E-03 -7.454845E-03 -1.099499E-02
3.745761E-02 6.588586E-03 -8.358494E-03 -1.036046E-02
3.667062E-02 6.174713E-03 -8.271257E-03 -9.351225E-03
3.706070E-02 5.786636E-03 -7.373486E-03 -1.003035E-02
3.628193E-02 5.413012E-03 -7.266508E-03 -9.047575E-03
3.582125E-02 5.774487E-03 -8.150939E-03 -8.322209E-03
3.492643E-02 5.402923E-03 -8.005246E-03 -7.287567E-03
3.545569E-02 5.056928E-03 -7.138836E-03 -8.056972E-03
3.459557E-02 4.730110E-03 -6.997065E-03 -7.068490E-03
3.400308E-02 5.071349E-03 -7.843813E-03 -6.259416E-03
3.306586E-02 4.787231E-03 -7.676426E-03 -5.246567E-03
3.371481E-02 4.440909E-03 -6.848350E-03 -6.090408E-03
3.282481E-02 4.194468E-03 -6.699404E-03 -5.128611E-03
3.212611E-02 4.554725E-03 -7.511564E-03 -4.254190E-03
3.119167E-02 4.375599E-03 -7.355346E-03 -3.284200E-03
3.193439E-02 3.993363E-03 -6.555729E-03 -4.186433E-03
3.104981E-02 3.838412E-03 -6.421008E-03 -3.264938E-03
3.026763E-02 4.250223E-03 -7.210714E-03 -2.336077E-03
2.935776E-02 4.178359E-03 -7.076621E-03 -1.407944E-03
3.017538E-02 3.729449E-03 -6.296576E-03 -2.363510E-03
2.931457E-02 3.665894E-03 -6.180825E-03 -1.480648E-03
2.846662E-02 4.159499E-03 -6.946962E-03 -4.979394E-04
2.760247E-02 4.192429E-03 -6.809205E-03 3.939598E-04
2.847164E-02 3.646948E-03 -6.068438E-03 -6.149936E-04
2.765372E-02 3.671237E-03 -5.949478E-03 2.333354E-04
2.678080E-02 4.273582E-03 -6.643226E-03 1.263463E-03
2.602719E-02 4.394004E-03 -6.421948E-03 2.099170E-03
2.687320E-02 3.735665E-03 -5.808702E-03 1.061027E-03
2.614967E-02 3.833392E-03 -5.626030E-03 1.859699E-03
2.537649E-02 4.535899E-03 -6.116300E-03 2.881035E-03
2.486514E-02 4.671676E-03 -5.705333E-03 3.582775E-03
2.550955E-02 3.951517E-03 -5.379573E-03 2.614766E-03
2.498173E-02 4.070076E-03 -5.051826E-03 3.306571E-03
2.451811E-02 4.768541E-03 -5.186719E-03 4.179192E-03
2.433895E-02 4.797500E-03 -4.579251E-03 4.654588E-03
2.458926E-02 4.164279E-03 -4.636812E-03 3.914612E-03
2.434161E-02 4.210006E-03 -4.143528E-03 4.423284E-03
2.431027E-02 4.740963E-03 -3.915179E-03 5.006489E-03
2.440242E-02 4.594721E-03 -3.229536E-03 5.243528E-03
2.423236E-02 4.189678E-03 -3.593040E-03 4.825745E-03
2.424308E-02 4.095271E-03 -3.011842E-03 5.124100E-03
2.458233E-02 4.365488E-03 -2.553438E-03 5.381023E-03
2.481889E-02 4.067186E-03 -1.911959E-03 5.437316E-03
2.434941E-02 3.927950E-03 -2.426066E-03 5.327086E-03
2.452592E-02 3.695909E-03 -1.858501E-03 5.447390E-03
2.508541E-02 3.717645E-03 -1.323989E-03 5.431404E-03
2.536057E-02 3.335927E-03 -8.024825E-04 5.381283E-03
2.474893E-02 3.411909E-03 -1.327594E-03 5.499574E-03
2.499788E-02 3.091075E-03 -8.472213E-04 5.498574E-03
2.562873E-02 2.940219E-03 -3.548149E-04 5.302745E-03
2.587955E-02 2.546331E-03 1.657599E-05 5.208640E-03
2.525615E-02 2.749023E-03 -4.266976E-04 5.458541E-03
2.551115E-02 2.400353E-03 -7.100320E-05 5.391984E-03
2.610725E-02 2.166874E-03 3.132564E-04 5.108645E-03
2.630950E-02 1.811044E-03 5.397077E-04 5.009471E-03
2.575420E-02 2.057610E-03 2.187126E-04 5.309261E-03
2.597991E-02 1.730714E-03 4.444032E-04 5.218428E-03
2.648635E-02 1.484843E-03 7.022717E-04 4.915354E-03
2.663927E-02 1.191547E-03 8.082615E-04 4.828643E-03
2.618545E-02 1.426826E-03 6.102916E-04 5.125381E-03
2.636983E-02 1.150516E-03 7.220639E-04 5.034186E-03
2.677039E-02 9.322503E-04 8.652938E-04 4.750371E-03
2.688205E-02 7.063865E-04 8.808358E-04 4.680722E-03
2.653319E-02 9.041143E-04 7.861810E-04 4.947480E-03
2.667634E-02 6.881248E-04 8.093469E-04 4.866862E-03
2.697646E-02 5.121749E-04 8.619303E-04 4.619395E-03
2.705556E-02 3.469742E-04 8.150543E-04 4.565836E-03
2.680036E-02 5.016302E-04 7.981365E-04 4.793214E-03
2.690638E-02 3.426501E-04 7.587609E-04 4.726952E-03
2.712102E-02 2.075515E-04 7.460718E-04 4.519396E-03
2.717423E-02 9.028008E-05 6.602540E-04 4.479407E-03
2.699549E-02 2.084356E-04 6.969437E-04 4.668199E-03
2.706871E-02 9.569798E-05 6.178838E-04 4.616888E-03
2.721636E-02 -8.718482E-06 5.623687E-04 4.445218E-03
2.724845E-02 -9.347223E-05 4.569782E-04 4.416204E-03
2.712696E-02 7.820037E-07 5.263075E-04 4.572824E-03
2.717114E-02 -8.020788E-05 4.267392E-04 4.535714E-03
2.727149E-02 -1.680749E-04 3.499951E-04 4.391751E-03
2.728650E-02 -2.365719E-04 2.590261E-04 4.371067E-03
2.720217E-02 -1.513057E-04 3.249965E-04 4.505145E-03
2.722121E-02 -2.165556E-04 2.380530E-04 4.480301E-03
4.206244E-02 6.910616E-03 -6.785271E-03 -1.855241E-02
4.255481E-02 6.862966E-03 -6.861309E-03 -1.941224E-02
4.159615E-02 6.921448E-03 -6.736939E-03 -1.770880E-02
4.208570E-02 6.000261E-03 -5.909556E-03 -1.861363E-02
4.260899E-02 5.968351E-03 -5.967727E-03 -1.952119E-02
4.158163E-02 5.999955E-03 -5.872847E-03 -1.772000E-02
4.114996E-02 6.889440E-03 -6.710884E-03 -1.687370E-02
4.070905E-02 6.809615E-03 -6.699522E-03 -1.603877E-02
4.109211E-02 5.961264E-03 -5.850911E-03 -1.683369E-02
4.060395E-02 5.879673E-03 -5.836379E-03 -1.594812E-02
4.025826E-02 6.678692E-03 -6.694530E-03 -1.519598E-02
3.978293E-02 6.495916E-03 -6.687370E-03 -1.433839E-02
4.010430E-02 5.752826E-03 -5.821881E-03 -1.505759E-02
3.958147E-02 5.581072E-03 -5.800518E-03 -1.415781E-02
3.927005E-02 6.263813E-03 -6.670075E-03 -1.346101E-02
3.870951E-02 5.988611E-03 -6.636177E-03 -1.256138E-02
3.902582E-02 5.367832E-03 -5.766521E-03 -1.324642E-02
3.843059E-02 5.119628E-03 -5.715928E-03 -1.232320E-02
3.809518E-02 5.680088E-03 -6.581541E-03 -1.164001E-02
3.742558E-02 5.350746E-03 -6.504834E-03 -1.070019E-02
3.779243E-02 4.845661E-03 -5.647047E-03 -1.139005E-02
3.711152E-02 4.556932E-03 -5.560543E-03 -1.045055E-02
3.670388E-02 5.014411E-03 -6.407471E-03 -9.747514E-03
3.593708E-02 4.684625E-03 -6.293076E-03 -8.788915E-03
3.639125E-02 4.265072E-03 -5.459102E-03 -9.509416E-03
3.563750E-02 3.981126E-03 -5.346777E-03 -8.571771E-03
3.513473E-02 4.373221E-03 -6.166661E-03 -7.831660E-03
3.430736E-02 4.089431E-03 -6.033759E-03 -6.882398E-03
3.485770E-02 3.714549E-03 -5.228221E-03 -7.642510E-03
3.405976E-02 3.472607E-03 -5.107999E-03 -6.725801E-03
3.346511E-02 3.839600E-03 -5.899693E-03 -5.946466E-03
3.261671E-02 3.627447E-03 -5.769038E-03 -5.027515E-03
3.325129E-02 3.260223E-03 -4.990099E-03 -5.824764E-03
3.243888E-02 3.080206E-03 -4.877638E-03 -4.941339E-03
3.176907E-02 3.454637E-03 -5.645243E-03 -4.127463E-03
3.092727E-02 3.321459E-03 -5.530326E-03 -3.246695E-03
3.162788E-02 2.933708E-03 -4.772701E-03 -4.076315E-03
3.082244E-02 2.820762E-03 -4.676217E-03 -3.229496E-03
3.009503E-02 3.227448E-03 -5.424551E-03 -2.384487E-03
2.927563E-02 3.171814E-03 -5.326016E-03 -1.539580E-03
3.002584E-02 2.740777E-03 -4.587787E-03 -2.400006E-03
2.924114E-02 2.692878E-03 -4.505422E-03 -1.586713E-03
2.847306E-02 3.153583E-03 -5.230115E-03 -7.109470E-04
2.769356E-02 3.171326E-03 -5.128925E-03 1.012263E-04
2.847212E-02 2.676021E-03 -4.425174E-03 -7.887933E-04
2.772438E-02 2.688809E-03 -4.340728E-03 -6.454948E-06
2.694734E-02 3.222352E-03 -5.010787E-03 8.943229E-04
2.624983E-02 3.301343E-03 -4.860644E-03 1.662001E-03
2.700653E-02 2.728925E-03 -4.243134E-03 7.581832E-04
2.633110E-02 2.792194E-03 -4.121052E-03 1.500179E-03
2.562161E-02 3.398767E-03 -4.661945E-03 2.393360E-03
2.508580E-02 3.500019E-03 -4.400519E-03 3.073446E-03
2.571458E-02 2.871497E-03 -3.961970E-03 2.211148E-03
2.517582E-02 2.956080E-03 -3.754669E-03 2.879467E-03
2.466282E-02 3.586463E-03 -4.069370E-03 3.685719E-03
2.436461E-02 3.638726E-03 -3.671847E-03 4.215852E-03
2.473261E-02 3.032003E-03 -3.492429E-03 3.491725E-03
2.439759E-02 3.084087E-03 -3.175581E-03 4.035223E-03
2.419167E-02 3.640889E-03 -3.221082E-03 4.655017E-03
2.413405E-02 3.583478E-03 -2.736272E-03 5.001082E-03
2.417536E-02 3.098787E-03 -2.811931E-03 4.500525E-03
2.406202E-02 3.066702E-03 -2.414910E-03 4.882947E-03
2.417500E-02 3.464222E-03 -2.238357E-03 5.257785E-03
2.429477E-02 3.287103E-03 -1.747021E-03 5.433062E-03
2.404703E-02 2.983782E-03 -2.000643E-03 5.182640E-03
2.411578E-02 2.851171E-03 -1.585401E-03 5.403746E-03
2.447326E-02 3.060709E-03 -1.279210E-03 5.537426E-03
2.469171E-02 2.796519E-03 -8.485228E-04 5.582684E-03
2.425189E-02 2.674244E-03 -1.183987E-03 5.553296E-03
2.443884E-02 2.461360E-03 -8.088959E-04 5.640187E-03
2.493365E-02 2.507336E-03 -4.649740E-04 5.580907E-03
2.518542E-02 2.205930E-03 -1.349706E-04 5.543592E-03
2.466104E-02 2.222611E-03 -4.699132E-04 5.674319E-03
2.490460E-02 1.968669E-03 -1.739365E-04 5.665835E-03
2.543636E-02 1.903968E-03 1.384877E-04 5.481042E-03
2.567866E-02 1.611283E-03 3.553818E-04 5.401996E-03
2.515768E-02 1.709809E-03 7.500796E-05 5.624494E-03
2.541074E-02 1.455148E-03 2.755567E-04 5.559201E-03
2.590699E-02 1.335502E-03 5.180833E-04 5.313513E-03
2.611801E-02 1.081973E-03 6.306979E-04 5.221057E-03
2.565638E-02 1.212161E-03 4.286316E-04 5.477717E-03
2.588919E-02 9.864407E-04 5.369506E-04 5.386551E-03
2.630984E-02 8.539172E-04 6.984340E-04 5.128707E-03
2.648161E-02 6.527067E-04 7.270610E-04 5.039420E-03
2.610537E-02 7.816969E-04 6.045004E-04 5.290987E-03
2.630237E-02 5.998985E-04 6.360376E-04 5.195215E-03
2.663311E-02 4.781987E-04 7.224868E-04 4.955290E-03
2.676449E-02 3.290608E-04 6.904594E-04 4.877762E-03
2.647862E-02 4.415145E-04 6.366647E-04 5.102482E-03
2.663321E-02 3.057881E-04 6.115022E-04 5.015265E-03
2.687615E-02 2.030643E-04 6.363806E-04 4.807808E-03
2.696858E-02 9.732773E-05 5.652181E-04 4.746042E-03
2.676572E-02 1.910052E-04 5.654631E-04 4.935411E-03
2.687607E-02 9.473240E-05 5.031257E-04 4.864257E-03
2.704239E-02 8.508018E-06 4.815171E-04 4.692799E-03
2.709822E-02 -6.705484E-05 3.896366E-04 4.648179E-03
2.696445E-02 1.401296E-05 4.287112E-04 4.802710E-03
2.703122E-02 -5.448037E-05 3.462801E-04 4.751308E-03
2.713691E-02 -1.332233E-04 2.951486E-04 4.612028E-03
2.715966E-02 -1.939242E-04 2.140200E-04 4.583547E-03
2.707703E-02 -1.143239E-04 2.610001E-04 4.710189E-03
2.710314E-02 -1.692021E-04 1.874532E-04 4.678613E-03
4.209738E-02 5.051475E-03 -4.989134E-03 -1.865486E-02
4.264667E-02 5.031903E-03 -5.031997E-03 -1.960150E-02
4.156035E-02 5.043926E-03 -4.962165E-03 -1.771977E-02
4.210102E-02 4.072878E-03 -4.032496E-03 -1.868072E-02
4.267130E-02 4.062217E-03 -4.062726E-03 -1.965808E-02
4.153649E-02 4.061792E-03 -4.013463E-03 -1.771260E-02
4.103266E-02 5.003397E-03 -4.944042E-03 -1.679090E-02
4.050316E-02 4.926014E-03 -4.928137E-03 -1.586359E-02
4.097671E-02 4.023806E-03 -3.999016E-03 -1.674977E-02
4.041270E-02 3.955772E-03 -3.983610E-03 -1.578935E-02
3.996151E-02 4.810215E-03 -4.908345E-03 -1.493432E-02
3.939882E-02 4.657038E-03 -4.879443E-03 -1.400108E-02
3.983649E-02 3.856735E-03 -3.962504E-03 -1.482977E-02
3.924170E-02 3.728016E-03 -3.931988E-03 -1.387085E-02
3.880836E-02 4.470188E-03 -4.837559E-03 -1.306354E-02
3.818597E-02 4.255819E-03 -4.780578E-03 -1.212298E-02
3.862390E-02 3.573099E-03 -3.889659E-03 -1.291374E-02
3.798085E-02 3.397301E-03 -3.834625E-03 -1.196069E-02
3.753020E-02 4.021995E-03 -4.708335E-03 -1.118203E-02
3.684217E-02 3.777907E-03 -4.622495E-03 -1.024420E-02
3.731235E-02 3.207245E-03 -3.767524E-03 -1.101469E-02
3.662000E-02 3.010219E-03 -3.690328E-03 -1.007899E-02
3.612514E-02 3.532956E-03 -4.526132E-03 -9.313332E-03
3.538388E-02 3.295882E-03 -4.423125E-03 -8.393100E-03
3.590677E-02 2.813499E-03 -3.605944E-03 -9.156688E-03
3.517647E-02 2.623751E-03 -3.517722E-03 -8.250343E-03
3.462403E-02 3.074080E-03 -4.317519E-03 -7.486631E-03
3.385145E-02 2.873213E-03 -4.213003E-03 -6.596275E-03
3.443333E-02 2.446585E-03 -3.428970E-03 -7.361804E-03
3.368162E-02 2.286299E-03 -3.342568E-03 -6.492130E-03
3.307168E-02 2.697114E-03 -4.112566E-03 -5.723520E-03
3.228963E-02 2.547958E-03 -4.018339E-03 -4.869006E-03
3.292533E-02 2.145825E-03 -3.260729E-03 -5.641631E-03
3.216805E-02 2.026839E-03 -3.184902E-03 -4.809984E-03
3.150941E-02 2.426599E-03 -3.931532E-03 -4.032619E-03
3.073436E-02 2.332977E-03 -3.852416E-03 -3.213656E-03
3.141286E-02 1.930001E-03 -3.115760E-03 -3.996374E-03
3.066249E-02 1.855235E-03 -3.053224E-03 -3.199661E-03
2.996737E-02 2.266495E-03 -3.780245E-03 -2.411057E-03
2.921134E-02 2.226297E-03 -3.713110E-03 -1.623722E-03
2.991945E-02 1.802021E-03 -2.996444E-03 -2.418587E-03
2.918647E-02 1.769598E-03 -2.943730E-03 -1.652022E-03
2.846984E-02 2.211368E-03 -3.647697E-03 -8.509329E-04
2.774798E-02 2.220417E-03 -3.579019E-03 -9.289134E-05
2.846697E-02 1.757062E-03 -2.892399E-03 -8.992865E-04
2.776570E-02 1.763293E-03 -2.838611E-03 -1.605555E-04
2.705323E-02 2.251486E-03 -3.500249E-03 6.486433E-04
2.639613E-02 2.301313E-03 -3.402884E-03 1.369696E-03
2.708932E-02 1.786700E-03 -2.777263E-03 5.626711E-04
2.644695E-02 1.824787E-03 -2.702097E-03 1.267085E-03
2.579026E-02 2.364577E-03 -3.277537E-03 2.063612E-03
2.525134E-02 2.433372E-03 -3.115525E-03 2.721115E-03
2.585019E-02 1.873638E-03 -2.606216E-03 1.947217E-03
2.531248E-02 1.927526E-03 -2.483103E-03 2.595430E-03
2.479492E-02 2.497367E-03 -2.911001E-03 3.331175E-03
2.443346E-02 2.544949E-03 -2.662874E-03 3.882657E-03
2.484757E-02 1.978951E-03 -2.328028E-03 3.202447E-03
2.446744E-02 2.019293E-03 -2.139423E-03 3.758456E-03
2.417385E-02 2.565128E-03 -2.375545E-03 4.366227E-03
2.401633E-02 2.549474E-03 -2.058121E-03 4.775790E-03
2.418017E-02 2.040051E-03 -1.919613E-03 4.254525E-03
2.398871E-02 2.034243E-03 -1.674580E-03 4.683859E-03
2.395513E-02 2.493358E-03 -1.722581E-03 5.109044E-03
2.398001E-02 2.396230E-03 -1.381824E-03 5.367246E-03
2.389077E-02 1.997478E-03 -1.412888E-03 5.042559E-03
2.387962E-02 1.928398E-03 -1.144304E-03 5.329780E-03
2.407803E-02 2.261158E-03 -1.048181E-03 5.554573E-03
2.423502E-02 2.093981E-03 -7.325087E-04 5.677390E-03
2.394529E-02 1.828538E-03 -8.785806E-04 5.547474E-03
2.407576E-02 1.701801E-03 -6.246096E-04 5.699923E-03
2.443667E-02 1.902359E-03 -4.436922E-04 5.743558E-03
2.466933E-02 1.694845E-03 -1.883891E-04 5.761780E-03
2.425809E-02 1.553764E-03 -3.899143E-04 5.793218E-03
2.447919E-02 1.390970E-03 -1.803679E-04 5.834719E-03
2.492064E-02 1.480045E-03 2.905630E-05 5.741020E-03
2.517987E-02 1.265927E-03 2.065431E-04 5.689998E-03
2.472653E-02 1.220255E-03 -6.473354E-08 5.832525E-03
2.498865E-02 1.048167E-03 1.486852E-04 5.794986E-03
2.543805E-02 1.059310E-03 3.439955E-04 5.616806E-03
2.568805E-02 8.655553E-04 4.430253E-04 5.528668E-03
2.525548E-02 8.804993E-04 2.652447E-04 5.730272E-03
2.551850E-02 7.219817E-04 3.504324E-04 5.646047E-03
2.592435E-02 6.884505E-04 5.065247E-04 5.431815E-03
2.614285E-02 5.302507E-04 5.382444E-04 5.331482E-03
2.577078E-02 5.761089E-04 4.062292E-04 5.549240E-03
2.600686E-02 4.451143E-04 4.354486E-04 5.445922E-03
2.634064E-02 3.918287E-04 5.424061E-04 5.231959E-03
2.651574E-02 2.728849E-04 5.233804E-04 5.136689E-03
2.622261E-02 3.300469E-04 4.414110E-04 5.341268E-03
2.641506E-02 2.309187E-04 4.276583E-04 5.239572E-03
2.666688E-02 1.721755E-04 4.854490E-04 5.048371E-03
2.679336E-02 8.772860E-05 4.326553E-04 4.969058E-03
2.658213E-02 1.468844E-04 3.977284E-04 5.144305E-03
2.672250E-02 7.642337E-05 3.550047E-04 5.058186E-03
2.689491E-02 1.702960E-05 3.687572E-04 4.900239E-03
2.697158E-02 -4.282929E-05 2.973841E-04 4.842901E-03
2.683544E-02 1.750150E-05 3.026549E-04 4.983257E-03
2.692069E-02 -3.229622E-05 2.437510E-04 4.920934E-03
2.702382E-02 -9.502727E-05 2.231420E-04 4.797497E-03
2.705286E-02 -1.428793E-04 1.588599E-04 4.763370E-03
2.697846E-02 -7.565168E-05 1.821903E-04 4.871976E-03
2.700997E-02 -1.153879E-04 1.287078E-04 4.835824E-03
4.209995E-02 3.072182E-03 -3.047828E-03 -1.869558E-02
4.268626E-02 3.067294E-03 -3.067943E-03 -1.969586E-02
4.151379E-02 3.060804E-03 -3.035123E-03 -1.770254E-02
4.209699E-02 2.056081E-03 -2.042824E-03 -1.870325E-02
4.269455E-02 2.054377E-03 -2.054944E-03 -1.971927E-02
4.149531E-02 2.046993E-03 -2.035136E-03 -1.769289E-02
4.092863E-02 3.029025E-03 -3.024302E-03 -1.671400E-02
4.033747E-02 2.974463E-03 -3.011106E-03 -1.572864E-02
4.089185E-02 2.024220E-03 -2.027926E-03 -1.668645E-02
4.028119E-02 1.986172E-03 -2.018324E-03 -1.568377E-02
3.973441E-02 2.896581E-03 -2.992120E-03 -1.474647E-02
3.911507E-02 2.796648E-03 -2.964886E-03 -1.376868E-02
3.965902E-02 1.932574E-03 -2.004142E-03 -1.468602E-02
3.902242E-02 1.864403E-03 -1.983913E-03 -1.369538E-02
3.847679E-02 2.677556E-03 -2.928042E-03 -1.279748E-02
3.781865E-02 2.543482E-03 -2.881387E-03 -1.183572E-02
3.836995E-02 1.783705E-03 -1.956946E-03 -1.271471E-02
3.770155E-02 1.693347E-03 -1.923334E-03 -1.174725E-02
3.714124E-02 2.399459E-03 -2.825830E-03 -1.088653E-02
3.644639E-02 2.250883E-03 -2.763180E-03 -9.952879E-03
3.701829E-02 1.596700E-03 -1.883875E-03 -1.079613E-02
3.632207E-02 1.497319E-03 -1.839922E-03 -9.864112E-03
3.573672E-02 2.103051E-03 -2.695837E-03 -9.037254E-03
3.501529E-02 1.960769E-03 -2.626428E-03 -8.141424E-03
3.561522E-02 1.398656E-03 -1.793165E-03 -8.953239E-03
3.490028E-02 1.303823E-03 -1.745399E-03 -8.064746E-03
3.428530E-02 1.828070E-03 -2.557458E-03 -7.266343E-03
3.354983E-02 1.708052E-03 -2.491047E-03 -6.412177E-03
3.417971E-02 1.215426E-03 -1.698301E-03 -7.199002E-03
3.345582E-02 1.135477E-03 -1.653266E-03 -6.355597E-03
3.281175E-02 1.602852E-03 -2.428767E-03 -5.578424E-03
3.207365E-02 1.513708E-03 -2.371579E-03 -4.764070E-03
3.273069E-02 1.065371E-03 -1.611305E-03 -5.533495E-03
3.200625E-02 1.005933E-03 -1.573008E-03 -4.731226E-03
3.133786E-02 1.441116E-03 -2.319841E-03 -3.967775E-03
3.060658E-02 1.385022E-03 -2.273336E-03 -3.188050E-03
3.128428E-02 9.574989E-04 -1.538549E-03 -3.947087E-03
3.056660E-02 9.200407E-04 -1.507717E-03 -3.179333E-03
2.988204E-02 1.345020E-03 -2.231288E-03 -2.423450E-03
2.916679E-02 1.320503E-03 -2.192334E-03 -1.672784E-03
2.985521E-02 8.932840E-04 -1.479932E-03 -2.426369E-03
2.915254E-02 8.768109E-04 -1.454240E-03 -1.686935E-03
2.846414E-02 1.310740E-03 -2.154438E-03 -9.353683E-04
2.777854E-02 1.314842E-03 -2.114792E-03 -2.113418E-04
2.846179E-02 8.701126E-04 -1.429268E-03 -9.603299E-04
2.778724E-02 8.725741E-04 -1.403176E-03 -2.466548E-04
2.711614E-02 1.331597E-03 -2.069753E-03 4.979797E-04
2.648507E-02 1.359186E-03 -2.014915E-03 1.189739E-03
2.713466E-02 8.833788E-04 -1.373614E-03 4.528984E-04
2.651158E-02 9.013394E-04 -1.337770E-03 1.135763E-03
2.589558E-02 1.394846E-03 -1.945432E-03 1.859267E-03
2.535952E-02 1.434596E-03 -1.856661E-03 2.500040E-03
2.592736E-02 9.246893E-04 -1.292560E-03 1.797780E-03
2.539283E-02 9.509120E-04 -1.235002E-03 2.433147E-03
2.488933E-02 1.473216E-03 -1.745065E-03 3.104025E-03
2.449639E-02 1.504628E-03 -1.609141E-03 3.662436E-03
2.491949E-02 9.767098E-04 -1.162753E-03 3.034651E-03
2.451827E-02 9.982046E-04 -1.074685E-03 3.594228E-03
2.418937E-02 1.522657E-03 -1.450021E-03 4.166800E-03
2.397295E-02 1.521990E-03 -1.271466E-03 4.610029E-03
2.419808E-02 1.011384E-03 -9.712860E-04 4.103794E-03
2.396461E-02 1.012684E-03 -8.547380E-04 4.556173E-03
2.384726E-02 1.498992E-03 -1.079291E-03 4.987234E-03
2.380818E-02 1.452147E-03 -8.804466E-04 5.296116E-03
2.381958E-02 9.995368E-04 -7.286208E-04 4.945898E-03
2.376067E-02 9.707044E-04 -5.973774E-04 5.269733E-03
2.384808E-02 1.382078E-03 -6.821312E-04 5.536981E-03
2.395682E-02 1.291249E-03 -4.910936E-04 5.712507E-03
2.378194E-02 9.263520E-04 -4.657313E-04 5.526869E-03
2.387461E-02 8.678963E-04 -3.382049E-04 5.718846E-03
2.412266E-02 1.183499E-03 -3.131881E-04 5.827363E-03
2.433314E-02 1.063527E-03 -1.531159E-04 5.887774E-03
2.402792E-02 7.977237E-04 -2.187915E-04 5.849305E-03
2.422995E-02 7.188592E-04 -1.107578E-04 5.923618E-03
2.457579E-02 9.363973E-04 -1.429335E-05 5.901050E-03
2.483876E-02 8.070869E-04 1.011849E-04 5.875117E-03
2.446841E-02 6.346360E-04 -1.654008E-05 5.948472E-03
2.473121E-02 5.483939E-04 6.229553E-05 5.931423E-03
2.511121E-02 6.801168E-04 1.924972E-04 5.818081E-03
2.538361E-02 5.592774E-04 2.599647E-04 5.737848E-03
2.500704E-02 4.632218E-04 1.250358E-04 5.880463E-03
2.528570E-02 3.817592E-04 1.717499E-04 5.803611E-03
2.564793E-02 4.474626E-04 3.048558E-04 5.641826E-03
2.589761E-02 3.466088E-04 3.291476E-04 5.536714E-03
2.555838E-02 3.060658E-04 2.031716E-04 5.708578E-03
2.581771E-02 2.375619E-04 2.205472E-04 5.602494E-03
2.612752E-02 2.577242E-04 3.352783E-04 5.428383E-03
2.633380E-02 1.809820E-04 3.259180E-04 5.321826E-03
2.605780E-02 1.770319E-04 2.254699E-04 5.491730E-03
2.627414E-02 1.246768E-04 2.197210E-04 5.381792E-03
2.651369E-02 1.158503E-04 3.037800E-04 5.221162E-03
2.666531E-02 6.123310E-05 2.714879E-04 5.129680E-03
2.646340E-02 8.019700E-05 2.051354E-04 5.277287E-03
2.662330E-02 4.288721E-05 1.835031E-04 5.181941E-03
2.678752E-02 1.559947E-05 2.315125E-04 5.049901E-03
2.687974E-02 -2.291044E-05 1.862556E-04 4.983625E-03
2.675236E-02 1.172813E-05 1.565186E-04 5.098645E-03
2.684975E-02 -1.453550E-05 1.258281E-04 5.029503E-03
2.694200E-02 -5.639765E-05 1.387715E-04 4.931880E-03
2.697547E-02 -8.708640E-05 9.740979E-05 4.894204E-03
2.691531E-02 -3.734343E-05 9.351582E-05 4.975766E-03
2.695018E-02 -5.825170E-05 6.531737E-05 4.937037E-03
4.209433E-02 1.030313E-03 -1.024646E-03 -1.870662E-02
4.269852E-02 1.029956E-03 -1.030293E-03 -1.973181E-02
4.148330E-02 1.025287E-03 -1.021043E-03 -1.768610E-02
4.209324E-02 -2.919328E-07 5.995204E-18 -1.870753E-02
4.269971E-02 -1.403931E-07 -1.576517E-17 -1.973571E-02
4.147907E-02 -6.163110E-07 8.437695E-18 -1.768365E-02
4.086881E-02 1.013385E-03 -1.017438E-03 -1.666912E-02
4.024642E-02 9.938181E-04 -1.012392E-03 -1.565628E-02
4.086087E-02 -1.046507E-06 3.419487E-17 -1.666318E-02
4.023455E-02 -1.570365E-06 -3.941292E-17 -1.564698E-02
3.961282E-02 9.664755E-04 -1.004840E-03 -1.464942E-02
3.896599E-02 9.318833E-04 -9.941038E-04 -1.365131E-02
3.959714E-02 -2.174901E-06 -2.220446E-17 -1.463713E-02
3.894690E-02 -2.844756E-06 1.302292E-16 -1.363656E-02
3.830518E-02 8.911016E-04 -9.799053E-04 -1.266520E-02
3.763084E-02 8.455851E-04 -9.623572E-04 -1.169451E-02
3.828334E-02 -3.563533E-06 5.995204E-18 -1.264868E-02
3.760704E-02 -4.315908E-06 -2.964295E-17 -1.167694E-02
3.694426E-02 7.970230E-04 -9.419157E-04 -1.074237E-02
3.624737E-02 7.471806E-04 -9.192983E-04 -9.811385E-03
3.691939E-02 -5.089680E-06 8.215650E-18 -1.072448E-02
3.622229E-02 -5.877184E-06 4.207745E-17 -9.793843E-03
3.554232E-02 6.977591E-04 -8.953751E-04 -8.903349E-03
3.483132E-02 6.502865E-04 -8.710537E-04 -8.019184E-03
3.551786E-02 -6.675733E-06 2.131628E-17 -8.886747E-03
3.480817E-02 -7.487079E-06 -3.663736E-17 -8.004009E-03
3.411641E-02 6.060417E-04 -8.471745E-04 -7.158928E-03
3.339944E-02 5.660139E-04 -8.244297E-04 -6.321850E-03
3.409514E-02 -8.316041E-06 3.308465E-17 -7.145561E-03
3.338048E-02 -9.168571E-06 4.485301E-17 -6.310567E-03
3.268207E-02 5.308939E-04 -8.033148E-04 -5.506613E-03
3.196580E-02 5.010929E-04 -7.841102E-04 -4.711488E-03
3.266567E-02 -1.004940E-05 -7.749357E-17 -5.497594E-03
3.195211E-02 -1.095936E-05 4.662937E-18 -4.704828E-03
3.125210E-02 4.767836E-04 -7.668861E-04 -3.934557E-03
3.054257E-02 4.579561E-04 -7.515176E-04 -3.173923E-03
3.124117E-02 -1.189223E-05 4.662937E-18 -3.930284E-03
3.053435E-02 -1.283103E-05 3.130829E-17 -3.172011E-03
2.983905E-02 4.444761E-04 -7.376969E-04 -2.427890E-03
2.914391E-02 4.361355E-04 -7.249329E-04 -1.695151E-03
2.983346E-02 -1.374394E-05 2.220446E-17 -2.428282E-03
2.914084E-02 -1.458011E-05 3.397282E-17 -1.697776E-03
2.846025E-02 4.326794E-04 -7.125356E-04 -9.749845E-04
2.779226E-02 4.338014E-04 -6.995917E-04 -2.674652E-04
2.845958E-02 -1.526660E-05 6.217249E-18 -9.797605E-04
2.779384E-02 -1.570805E-05 -3.996803E-18 -2.743057E-04
2.714552E-02 4.390992E-04 -6.849491E-04 4.262871E-04
2.652721E-02 4.479946E-04 -6.672379E-04 1.103869E-03
2.714912E-02 -1.579142E-05 -1.998401E-17 4.174924E-04
2.653251E-02 -1.539798E-05 -1.509903E-17 1.093283E-03
2.594619E-02 4.596330E-04 -6.449577E-04 1.761404E-03
2.541270E-02 4.727988E-04 -6.166511E-04 2.393496E-03
2.595269E-02 -1.442361E-05 -6.661338E-19 1.749283E-03
2.541971E-02 -1.280520E-05 3.508305E-17 2.380228E-03
2.493771E-02 4.858937E-04 -5.811542E-04 2.993396E-03
2.453185E-02 4.970228E-04 -5.378681E-04 3.553467E-03
2.494434E-02 -1.054676E-05 2.575717E-17 2.979529E-03
2.453709E-02 -7.735125E-06 3.574918E-17 3.539694E-03
2.420412E-02 5.041985E-04 -4.869638E-04 4.065878E-03
2.396075E-02 5.056203E-04 -4.294370E-04 4.523442E-03
2.420698E-02 -4.536366E-06 -2.331468E-17 4.052984E-03
2.396037E-02 -1.170583E-06 -1.720846E-17 4.512219E-03
2.380433E-02 4.999467E-04 -3.669890E-04 4.920398E-03
2.373358E-02 4.864781E-04 -3.017803E-04 5.252991E-03
2.380016E-02 2.127325E-06 -1.154632E-17 4.911549E-03
2.372539E-02 5.147170E-06 -2.109424E-18 5.247049E-03
2.374358E-02 4.652114E-04 -2.361466E-04 5.519763E-03
2.382641E-02 4.367800E-04 -1.723531E-04 5.721587E-03
2.373152E-02 7.730969E-06 6.816769E-17 5.517049E-03
2.381092E-02 9.783500E-06 5.162537E-17 5.722191E-03
2.397191E-02 4.023212E-04 -1.124212E-04 5.861475E-03
2.416855E-02 3.633138E-04 -5.802241E-05 5.944277E-03
2.395365E-02 1.126857E-05 3.841372E-17 5.865277E-03
2.414831E-02 1.219730E-05 -5.107026E-17 5.950974E-03
2.440413E-02 3.214128E-04 -1.042138E-05 5.976283E-03
2.466651E-02 2.782970E-04 2.954840E-05 5.964802E-03
2.438278E-02 1.261421E-05 -1.465494E-17 5.985435E-03
2.464488E-02 1.258442E-05 3.563816E-17 5.975880E-03
2.494411E-02 2.355371E-04 6.148044E-05 5.917726E-03
2.522634E-02 1.944911E-04 8.536486E-05 5.843122E-03
2.492294E-02 1.218336E-05 8.881784E-18 5.930164E-03
2.520628E-02 1.148876E-05 -1.598721E-17 5.856365E-03
2.550392E-02 1.562334E-04 1.015334E-04 5.748863E-03
2.576900E-02 1.215186E-04 1.105857E-04 5.642328E-03
2.548543E-02 1.057484E-05 5.617729E-17 5.762408E-03
2.575239E-02 9.508216E-06 -1.443290E-17 5.655755E-03
2.601523E-02 9.077784E-05 1.133074E-04 5.530188E-03
2.623767E-02 6.414218E-05 1.105882E-04 5.418262E-03
2.600066E-02 8.345377E-06 1.798561E-17 5.543175E-03
2.622513E-02 7.131461E-06 -4.773959E-18 5.430596E-03
2.643265E-02 4.148211E-05 1.033528E-04 5.311462E-03
2.659762E-02 2.245522E-05 9.250839E-05 5.213787E-03
2.642204E-02 5.900136E-06 -1.132427E-17 5.323033E-03
2.658871E-02 4.674417E-06 1.343370E-17 5.224577E-03
2.673088E-02 6.553760E-06 7.891774E-05 5.128358E-03
2.683145E-02 -6.850647E-06 6.342136E-05 5.057470E-03
2.672339E-02 3.468927E-06 4.196643E-17 5.138431E-03
2.682505E-02 2.298292E-06 -2.164935E-17 5.066949E-03
2.689908E-02 -1.845901E-05 4.707381E-05 5.002533E-03
2.693472E-02 -2.906343E-05 3.271477E-05 4.963208E-03
2.689344E-02 1.229840E-06 8.215650E-18 5.011571E-03
2.693002E-02 9.442694E-07 -3.197442E-17 4.972028E-03
3.239166E-02 1.956534E-03 6.915351E-04 -1.208524E-02
2.283552E-02 4.370656E-03 -1.194566E-03 -7.104261E-04
2.067911E-02 1.372922E-02 -2.080621E-02 5.046329E-03
2.804378E-02 -3.813921E-03 5.544203E-03 -2.685320E-03
3.385239E-02 -7.426875E-03 9.215647E-03 -1.283846E-02
3.120692E-02 -7.507070E-03 8.579517E-03 -4.015678E-03
3.317440E-02 -9.583371E-03 1.025917E-02 -4.672979E-03
2.067911E-02 -1.372922E-02 2.080621E-02 5.046329E-03
2.283552E-02 -4.370656E-03 1.194566E-03 -7.104261E-04
3.239166E-02 -1.956534E-03 -6.915351E-04 -1.208524E-02
2.804378E-02 3.813921E-03 -5.544203E-03 -2.685320E-03
3.120692E-02 7.507070E-03 -8.579517E-03 -4.015678E-03
3.385239E-02 7.426875E-03 -9.215647E-03 -1.283846E-02
3.317440E-02 9.583371E-03 -1.025917E-02 -4.672979E-03
3.535091E-02 -1.068108E-02 1.152136E-02 -1.320397E-02
3.436181E-02 -1.078797E-02 1.126908E-02 -4.997962E-03
3.513962E-02 -1.162663E-02 1.197732E-02 -5.095513E-03
3.615381E-02 -1.212595E-02 1.255777E-02 -1.338749E-02
3.563145E-02 -1.221779E-02 1.249499E-02 -5.066600E-03
3.594781E-02 -1.268534E-02 1.290999E-02 -4.943587E-03
3.436181E-02 1.078797E-02 -1.126908E-02 -4.997962E-03
3.535091E-02 1.068108E-02 -1.152136E-02 -1.320397E-02
3.513962E-02 1.162663E-02 -1.197732E-02 -5.095513E-03
3.563145E-02 1.221779E-02 -1.249499E-02 -5.066600E-03
3.615381E-02 1.212595E-02 -1.255777E-02 -1.338749E-02
3.594781E-02 1.268534E-02 -1.290999E-02 -4.943587E-03
3.648566E-02 -1.298613E-02 1.321741E-02 -1.339222E-02
3.613204E-02 -1.306482E-02 1.325419E-02 -4.759998E-03
3.622460E-02 -1.339481E-02 1.355848E-02 -4.530728E-03
3.653354E-02 -1.362429E-02 1.374154E-02 -1.327846E-02
3.624416E-02 -1.369196E-02 1.383589E-02 -4.269443E-03
3.620884E-02 -1.397132E-02 1.410073E-02 -3.984614E-03
3.613204E-02 1.306482E-02 -1.325419E-02 -4.759998E-03
3.648566E-02 1.298613E-02 -1.321741E-02 -1.339222E-02
3.622460E-02 1.339481E-02 -1.355848E-02 -4.530728E-03
3.624416E-02 1.369196E-02 -1.383589E-02 -4.269443E-03
3.653354E-02 1.362429E-02 -1.374154E-02 -1.327846E-02
3.620884E-02 1.397132E-02 -1.410073E-02 -3.984614E-03
3.640163E-02 -1.418528E-02 1.423026E-02 -1.308768E-02
3.612815E-02 -1.424267E-02 1.435993E-02 -3.683311E-03
3.601167E-02 -1.451352E-02 1.462173E-02 -3.370971E-03
3.615073E-02 -1.474356E-02 1.473935E-02 -1.284684E-02
3.586487E-02 -1.479054E-02 1.489080E-02 -3.052119E-03
3.569353E-02 -1.507858E-02 1.517288E-02 -2.730589E-03
3.612815E-02 1.424267E-02 -1.435993E-02 -3.683311E-03
3.640163E-02 1.418528E-02 -1.423026E-02 -1.308768E-02
3.601167E-02 1.451352E-02 -1.462173E-02 -3.370971E-03
3.586487E-02 1.479054E-02 -1.489080E-02 -3.052119E-03
3.615073E-02 1.474356E-02 -1.473935E-02 -1.284684E-02
3.569353E-02 1.507858E-02 -1.517288E-02 -2.730589E-03
3.581970E-02 -1.534723E-02 1.530771E-02 -1.257474E-02
3.550090E-02 -1.538296E-02 1.547169E-02 -2.409732E-03
3.529035E-02 -1.570770E-02 1.579150E-02 -2.092400E-03
3.543735E-02 -1.603724E-02 1.596849E-02 -1.228807E-02
3.506340E-02 -1.605954E-02 1.613463E-02 -1.783260E-03
3.483052E-02 -1.644278E-02 1.650808E-02 -1.493058E-03
3.550090E-02 1.538296E-02 -1.547169E-02 -2.409732E-03
3.581970E-02 1.534723E-02 -1.530771E-02 -1.257474E-02
3.529035E-02 1.570770E-02 -1.579150E-02 -2.092400E-03
3.506340E-02 1.605954E-02 -1.613463E-02 -1.783260E-03
3.543735E-02 1.603724E-02 -1.596849E-02 -1.228807E-02
3.483052E-02 1.644278E-02 -1.650808E-02 -1.493058E-03
3.503502E-02 -1.685289E-02 1.676161E-02 -1.200577E-02
3.459047E-02 -1.686083E-02 1.692071E-02 -1.221947E-03
3.434229E-02 -1.732043E-02 1.737913E-02 -9.657405E-04
3.463075E-02 -1.783623E-02 1.773627E-02 -1.173661E-02
3.408816E-02 -1.782916E-02 1.788790E-02 -7.264246E-04
3.383159E-02 -1.839317E-02 1.845387E-02 -5.061662E-04
3.459047E-02 1.686083E-02 -1.692071E-02 -1.221947E-03
3.503502E-02 1.685289E-02 -1.676161E-02 -1.200577E-02
3.434229E-02 1.732043E-02 -1.737913E-02 -9.657405E-04
3.408816E-02 1.782916E-02 -1.788790E-02 -7.264246E-04
3.463075E-02 1.783623E-02 -1.773627E-02 -1.173661E-02
3.383159E-02 1.839317E-02 -1.845387E-02 -5.061662E-04
3.424609E-02 -1.904499E-02 1.894705E-02 -1.148958E-02
3.357373E-02 -1.902189E-02 1.908436E-02 -3.086948E-04
3.331777E-02 -1.972323E-02 1.978855E-02 -1.373714E-04
3.391756E-02 -2.055828E-02 2.047097E-02 -1.128743E-02
3.306611E-02 -2.051265E-02 2.057705E-02 -5.389851E-06
3.282714E-02 -2.140613E-02 2.147299E-02 7.977557E-05
3.357373E-02 1.902189E-02 -1.908436E-02 -3.086948E-04
3.424609E-02 1.904499E-02 -1.894705E-02 -1.148958E-02
3.331777E-02 1.972323E-02 -1.978855E-02 -1.373714E-04
3.306611E-02 2.051265E-02 -2.057705E-02 -5.389851E-06
3.391756E-02 2.055828E-02 -2.047097E-02 -1.128743E-02
3.282714E-02 2.140613E-02 -2.147299E-02 7.977557E-05
3.370457E-02 -2.249637E-02 2.243946E-02 -1.116568E-02
3.259870E-02 -2.242880E-02 2.249918E-02 1.180254E-04
3.239229E-02 -2.360238E-02 2.368399E-02 1.070192E-04
3.370449E-02 -2.505672E-02 2.507387E-02 -1.116994E-02
3.221158E-02 -2.497377E-02 2.506232E-02 3.101245E-05
3.207873E-02 -2.658016E-02 2.669178E-02 -1.156465E-04
3.259870E-02 2.242880E-02 -2.249918E-02 1.180254E-04
3.370457E-02 2.249637E-02 -2.243946E-02 -1.116568E-02
3.239229E-02 2.360238E-02 -2.368399E-02 1.070192E-04
3.221158E-02 2.497377E-02 -2.506232E-02 3.101245E-05
3.370449E-02 2.505672E-02 -2.507387E-02 -1.116994E-02
3.207873E-02 2.658016E-02 -2.669178E-02 -1.156465E-04
3.413768E-02 -2.859418E-02 2.878733E-02 -1.139827E-02
3.200375E-02 -2.851637E-02 2.864380E-02 -3.636204E-04
3.204177E-02 -3.087438E-02 3.104960E-02 -7.305492E-04
3.560890E-02 -3.383761E-02 3.454002E-02 -1.209196E-02
3.223448E-02 -3.385894E-02 3.409593E-02 -1.269058E-03
3.277829E-02 -3.783813E-02 3.817509E-02 -2.110519E-03
3.200375E-02 2.851637E-02 -2.864380E-02 -3.636204E-04
3.413768E-02 2.859418E-02 -2.878733E-02 -1.139827E-02
3.204177E-02 3.087438E-02 -3.104960E-02 -7.305492E-04
3.223448E-02 3.385894E-02 -3.409593E-02 -1.269058E-03
3.560890E-02 3.383761E-02 -3.454002E-02 -1.209196E-02
3.277829E-02 3.783813E-02 -3.817509E-02 -2.110519E-03
4.034867E-02 -4.246104E-02 4.543938E-02 -1.392183E-02
3.399569E-02 -4.333955E-02 4.407698E-02 -3.337952E-03
3.712913E-02 -5.263726E-02 5.422099E-02 -5.821375E-03
4.818685E-02 -4.681668E-02 6.735352E-02 -7.284743E-03
4.772432E-02 -6.644972E-02 7.669066E-02 -9.298399E-03
4.804005E-02 -5.518031E-02 1.101955E-01 2.379368E-02
3.399569E-02 4.333955E-02 -4.407698E-02 -3.337952E-03
4.034867E-02 4.246104E-02 -4.543938E-02 -1.392183E-02
3.712913E-02 5.263726E-02 -5.422099E-02 -5.821375E-03
4.772432E-02 6.644972E-02 -7.669066E-02 -9.298399E-03
4.818685E-02 4.681668E-02 -6.735352E-02 -7.284743E-03
4.804005E-02 5.518031E-02 -1.101955E-01 2.379368E-02
1.598179E-02 -4.135210E-02 6.960223E-02 3.269210E-02
1.383071E-02 -5.032745E-02 8.220151E-02 6.067557E-02
3.591496E-02 -2.824455E-02 2.910827E-02 3.382504E-02
3.836053E-02 1.332282E-15 -1.351776E-15 9.883133E-02
3.591496E-02 2.824455E-02 -2.910827E-02 3.382504E-02
1.383071E-02 5.032745E-02 -8.220151E-02 6.067557E-02
1.598179E-02 4.135210E-02 -6.960223E-02 3.269210E-02
2.122745E-02 1.094125E-02 -8.108914E-03 -5.333223E-04
4.353707E-03 1.260733E-02 -1.071194E-02 1.361960E-01
1.748915E-02 -2.426701E-02 -7.656485E-02 1.499543E-01
1.514038E-02 4.726215E-03 -3.356790E-03 1.350938E-01
-4.744482E-02 1.369038E-13 3.985350E-14 8.109790E+00
-1.055901E+00 3.017325E-13 2.595132E-13 7.233674E+00
1.487924E-02 1.537970E-14 5.191551E-14 8.157654E+00
2.564087E-02 -4.955294E-04 3.086840E-03 -1.830049E-03
2.134049E-02 -1.237131E-04 1.345476E-03 1.316779E-01
2.531922E-02 -3.756819E-03 4.513329E-03 1.301322E-01
2.051001E-02 4.958766E-14 4.658614E-13 8.165007E+00
2.382636E-02 2.211043E-13 9.863960E-13 8.160648E+00
2.983263E-02 -5.998597E-03 7.378869E-03 -3.518789E-03
2.795733E-02 -6.010844E-03 6.615922E-03 1.293709E-01
2.989691E-02 -7.666660E-03 8.123072E-03 1.292504E-01
2.669013E-02 -3.120658E-14 2.841473E-13 8.148038E+00
2.897225E-02 7.348334E-14 1.806718E-13 8.130419E+00
3.231718E-02 -8.662421E-03 9.542266E-03 -4.407203E-03
3.130060E-02 -8.849841E-03 9.216416E-03 1.295407E-01
3.239560E-02 -9.796929E-03 1.007479E-02 1.301275E-01
3.061832E-02 9.971072E-14 1.248576E-13 8.109115E+00
3.186035E-02 2.534533E-13 2.710925E-13 8.085105E+00
4.353707E-03 -1.260733E-02 1.071194E-02 1.361960E-01
1.748915E-02 2.426701E-02 7.656485E-02 1.499543E-01
1.514038E-02 -4.726215E-03 3.356790E-03 1.350938E-01
2.122745E-02 -1.094125E-02 8.108914E-03 -5.333223E-04
2.134049E-02 1.237131E-04 -1.345476E-03 1.316779E-01
2.531922E-02 3.756819E-03 -4.513329E-03 1.301322E-01
2.564087E-02 4.955294E-04 -3.086840E-03 -1.830049E-03
2.795733E-02 6.010844E-03 -6.615922E-03 1.293709E-01
2.989691E-02 7.666660E-03 -8.123072E-03 1.292504E-01
2.983263E-02 5.998597E-03 -7.378869E-03 -3.518789E-03
3.130060E-02 8.849841E-03 -9.216416E-03 1.295407E-01
3.239560E-02 9.796929E-03 -1.007479E-02 1.301275E-01
3.231718E-02 8.662421E-03 -9.542266E-03 -4.407203E-03
3.383654E-02 -1.026209E-02 1.082192E-02 -4.877841E-03
3.322855E-02 -1.050011E-02 1.073243E-02 1.309154E-01
3.387735E-02 -1.105274E-02 1.125973E-02 1.318718E-01
3.279656E-02 1.961935E-13 1.208027E-13 8.058835E+00
3.352667E-02 -6.158638E-14 -1.842735E-13 8.030802E+00
3.479500E-02 -1.124003E-02 1.165268E-02 -5.065807E-03
3.438373E-02 -1.150921E-02 1.169138E-02 1.329576E-01
3.479251E-02 -1.189674E-02 1.205962E-02 1.341290E-01
3.408746E-02 1.137485E-13 -4.520450E-13 8.001300E+00
3.453351E-02 1.057009E-13 2.872078E-13 7.970489E+00
3.541272E-02 -1.194572E-02 1.225369E-02 -5.096832E-03
3.511705E-02 -1.221873E-02 1.237074E-02 1.353637E-01
3.537483E-02 -1.249246E-02 1.263999E-02 1.366504E-01
3.488705E-02 5.280047E-14 3.265761E-14 7.938487E+00
3.516958E-02 7.710407E-14 -2.084614E-14 7.905418E+00
3.580888E-02 -1.246326E-02 1.271281E-02 -5.013481E-03
3.557836E-02 -1.273430E-02 1.287730E-02 1.379763E-01
3.574013E-02 -1.295046E-02 1.309119E-02 1.393269E-01
3.539012E-02 1.158409E-13 1.271165E-13 7.871370E+00
3.556430E-02 1.101410E-13 1.914764E-13 7.836396E+00
3.322855E-02 1.050011E-02 -1.073243E-02 1.309154E-01
3.387735E-02 1.105274E-02 -1.125973E-02 1.318718E-01
3.383654E-02 1.026209E-02 -1.082192E-02 -4.877841E-03
3.438373E-02 1.150921E-02 -1.169138E-02 1.329576E-01
3.479251E-02 1.189674E-02 -1.205962E-02 1.341290E-01
3.479500E-02 1.124003E-02 -1.165268E-02 -5.065807E-03
3.511705E-02 1.221873E-02 -1.237074E-02 1.353637E-01
3.537483E-02 1.249246E-02 -1.263999E-02 1.366504E-01
3.541272E-02 1.194572E-02 -1.225369E-02 -5.096832E-03
3.557836E-02 1.273430E-02 -1.287730E-02 1.379763E-01
3.574013E-02 1.295046E-02 -1.309119E-02 1.393269E-01
3.580888E-02 1.246326E-02 -1.271281E-02 -5.013481E-03
3.605351E-02 -1.288400E-02 1.308871E-02 -4.859190E-03
3.586493E-02 -1.314329E-02 1.328391E-02 1.406938E-01
3.595842E-02 -1.331722E-02 1.346031E-02 1.420712E-01
3.569888E-02 1.117654E-13 1.236949E-13 7.800532E+00
3.580049E-02 9.289043E-14 2.806068E-13 7.763817E+00
3.618850E-02 -1.323433E-02 1.341029E-02 -4.649636E-03
3.602523E-02 -1.347799E-02 1.362392E-02 1.434520E-01
3.607007E-02 -1.362813E-02 1.377804E-02 1.448294E-01
3.587294E-02 1.149273E-13 2.290469E-13 7.726272E+00
3.592187E-02 1.844395E-13 2.918591E-13 7.687911E+00
3.624230E-02 -1.354679E-02 1.369951E-02 -4.403909E-03
3.609498E-02 -1.376926E-02 1.392378E-02 1.461986E-01
3.610230E-02 -1.390270E-02 1.406319E-02 1.475557E-01
3.594966E-02 6.203959E-14 -1.115575E-13 7.648741E+00
3.595905E-02 1.056453E-13 -7.125456E-14 7.608770E+00
3.623265E-02 -1.383293E-02 1.396934E-02 -4.129225E-03
3.609413E-02 -1.403100E-02 1.419788E-02 1.488961E-01
3.607269E-02 -1.415552E-02 1.432949E-02 1.502153E-01
3.595193E-02 6.256445E-14 -3.991231E-13 7.567996E+00
3.593084E-02 6.233359E-14 -4.618592E-14 7.526417E+00
3.586493E-02 1.314329E-02 -1.328391E-02 1.406938E-01
3.595842E-02 1.331722E-02 -1.346031E-02 1.420712E-01
3.605351E-02 1.288400E-02 -1.308871E-02 -4.859190E-03
3.602523E-02 1.347799E-02 -1.362392E-02 1.434520E-01
3.607007E-02 1.362813E-02 -1.377804E-02 1.448294E-01
3.618850E-02 1.323433E-02 -1.341029E-02 -4.649636E-03
3.609498E-02 1.376926E-02 -1.392378E-02 1.461986E-01
3.610230E-02 1.390270E-02 -1.406319E-02 1.475557E-01
3.624230E-02 1.354679E-02 -1.369951E-02 -4.403909E-03
3.609413E-02 1.403100E-02 -1.419788E-02 1.488961E-01
3.607269E-02 1.415552E-02 -1.432949E-02 1.502153E-01
3.623265E-02 1.383293E-02 -1.396934E-02 -4.129225E-03
3.617357E-02 -1.410771E-02 1.423045E-02 -3.835872E-03
3.603898E-02 -1.427737E-02 1.445871E-02 1.515100E-01
3.599419E-02 -1.439706E-02 1.458661E-02 1.527772E-01
3.589681E-02 1.411234E-13 1.032031E-13 7.484025E+00
3.585120E-02 1.267655E-13 -1.348192E-13 7.440815E+00
3.607394E-02 -1.437754E-02 1.449015E-02 -3.528059E-03
3.593941E-02 -1.451597E-02 1.471413E-02 1.540134E-01
3.587585E-02 -1.463500E-02 1.484228E-02 1.552153E-01
3.579505E-02 8.156272E-14 1.081416E-13 7.396774E+00
3.572970E-02 5.203130E-14 -1.832212E-13 7.351890E+00
3.594172E-02 -1.465109E-02 1.475497E-02 -3.212237E-03
3.580409E-02 -1.475496E-02 1.497156E-02 1.563802E-01
3.572481E-02 -1.487613E-02 1.510268E-02 1.575056E-01
3.565570E-02 7.605882E-14 -2.426653E-13 7.306150E+00
3.557378E-02 6.730376E-14 -1.343932E-13 7.259536E+00
3.578198E-02 -1.493271E-02 1.502994E-02 -2.891363E-03
3.563864E-02 -1.499942E-02 1.523630E-02 1.585886E-01
3.554632E-02 -1.512554E-02 1.537315E-02 1.596265E-01
3.548457E-02 1.142890E-13 1.327768E-13 7.212032E+00
3.538889E-02 8.308715E-14 -4.296563E-14 7.163618E+00
3.603898E-02 1.427737E-02 -1.445871E-02 1.515100E-01
3.599419E-02 1.439706E-02 -1.458661E-02 1.527772E-01
3.617357E-02 1.410771E-02 -1.423045E-02 -3.835872E-03
3.593941E-02 1.451597E-02 -1.471413E-02 1.540134E-01
3.587585E-02 1.463500E-02 -1.484228E-02 1.552153E-01
3.607394E-02 1.437754E-02 -1.449015E-02 -3.528059E-03
3.580409E-02 1.475496E-02 -1.497156E-02 1.563802E-01
3.572481E-02 1.487613E-02 -1.510268E-02 1.575056E-01
3.594172E-02 1.465109E-02 -1.475497E-02 -3.212237E-03
3.563864E-02 1.499942E-02 -1.523630E-02 1.585886E-01
3.554632E-02 1.512554E-02 -1.537315E-02 1.596265E-01
3.578198E-02 1.493271E-02 -1.502994E-02 -2.891363E-03
3.559967E-02 -1.522860E-02 1.531991E-02 -2.569982E-03
3.544819E-02 -1.525513E-02 1.551369E-02 1.606171E-01
3.534461E-02 -1.538840E-02 1.565842E-02 1.615581E-01
3.528699E-02 7.870837E-14 -2.336173E-13 7.114273E+00
3.517934E-02 1.277338E-13 -2.584707E-14 7.063975E+00
3.539770E-02 -1.554233E-02 1.562878E-02 -2.250351E-03
3.523591E-02 -1.552610E-02 1.580788E-02 1.624471E-01
3.512225E-02 -1.566879E-02 1.596248E-02 1.632818E-01
3.506607E-02 1.458926E-13 4.805109E-14 7.012701E+00
3.494744E-02 5.525243E-14 -1.527192E-13 6.960425E+00
3.517850E-02 -1.587996E-02 1.595984E-02 -1.936302E-03
3.500327E-02 -1.581723E-02 1.612225E-02 1.640604E-01
3.487853E-02 -1.597082E-02 1.628677E-02 1.647789E-01
3.481908E-02 9.304748E-14 -5.489251E-14 6.907124E+00
3.466811E-02 1.166575E-13 2.653906E-13 6.852769E+00
3.494733E-02 -1.624693E-02 1.631704E-02 -1.635279E-03
3.475345E-02 -1.612974E-02 1.646245E-02 1.654361E-01
3.463055E-02 -1.629724E-02 1.664228E-02 1.660308E-01
3.452868E-02 3.105561E-14 2.100016E-13 6.797353E+00
3.442421E-02 1.580781E-13 2.743073E-13 6.740849E+00
3.544819E-02 1.525513E-02 -1.551369E-02 1.606171E-01
3.534461E-02 1.538840E-02 -1.565842E-02 1.615581E-01
3.559967E-02 1.522860E-02 -1.531991E-02 -2.569982E-03
3.523591E-02 1.552610E-02 -1.580788E-02 1.624471E-01
3.512225E-02 1.566879E-02 -1.596248E-02 1.632818E-01
3.539770E-02 1.554233E-02 -1.562878E-02 -2.250351E-03
3.500327E-02 1.581723E-02 -1.612225E-02 1.640604E-01
3.487853E-02 1.597082E-02 -1.628677E-02 1.647789E-01
3.517850E-02 1.587996E-02 -1.595984E-02 -1.936302E-03
3.475345E-02 1.612974E-02 -1.646245E-02 1.654361E-01
3.463055E-02 1.629724E-02 -1.664228E-02 1.660308E-01
3.494733E-02 1.624693E-02 -1.631704E-02 -1.635279E-03
3.471170E-02 -1.664726E-02 1.670902E-02 -1.355622E-03
3.450323E-02 -1.647436E-02 1.683247E-02 1.665567E-01
3.437195E-02 -1.666082E-02 1.703339E-02 1.670152E-01
3.429563E-02 8.927012E-14 1.134617E-13 6.683180E+00
3.415795E-02 7.990267E-14 8.530880E-14 6.624313E+00
3.446717E-02 -1.708480E-02 1.714389E-02 -1.091857E-03
3.423761E-02 -1.685734E-02 1.724528E-02 1.674041E-01
3.410084E-02 -1.706467E-02 1.746872E-02 1.677214E-01
3.401590E-02 1.315031E-13 2.454699E-13 6.564201E+00
3.387066E-02 8.426900E-14 -5.913976E-14 6.502797E+00
3.421579E-02 -1.756845E-02 1.762683E-02 -8.439256E-04
3.396184E-02 -1.728336E-02 1.770405E-02 1.679640E-01
3.382085E-02 -1.751377E-02 1.795208E-02 1.681288E-01
3.372210E-02 7.569363E-14 -5.202306E-14 6.440048E+00
3.357057E-02 7.737165E-14 3.691932E-14 6.375896E+00
3.395997E-02 -1.810352E-02 1.816323E-02 -6.136069E-04
3.367813E-02 -1.775702E-02 1.821377E-02 1.682129E-01
3.353407E-02 -1.801419E-02 1.849015E-02 1.682130E-01
3.341649E-02 1.095566E-13 3.227466E-14 6.310283E+00
3.326014E-02 1.168945E-13 1.583412E-13 6.243147E+00
3.450323E-02 1.647436E-02 -1.683247E-02 1.665567E-01
3.437195E-02 1.666082E-02 -1.703339E-02 1.670152E-01
3.471170E-02 1.664726E-02 -1.670902E-02 -1.355622E-03
3.423761E-02 1.685734E-02 -1.724528E-02 1.674041E-01
3.410084E-02 1.706467E-02 -1.746872E-02 1.677214E-01
3.446717E-02 1.708480E-02 -1.714389E-02 -1.091857E-03
3.396184E-02 1.728336E-02 -1.770405E-02 1.679640E-01
3.382085E-02 1.751377E-02 -1.795208E-02 1.681288E-01
3.421579E-02 1.756845E-02 -1.762683E-02 -8.439256E-04
3.367813E-02 1.775702E-02 -1.821377E-02 1.682129E-01
3.353407E-02 1.801419E-02 -1.849015E-02 1.682130E-01
3.395997E-02 1.810352E-02 -1.816323E-02 -6.136069E-04
3.370269E-02 -1.869921E-02 1.876051E-02 -4.045378E-04
3.338871E-02 -1.828636E-02 1.878212E-02 1.681257E-01
3.324225E-02 -1.857382E-02 1.909052E-02 1.679480E-01
3.310155E-02 9.374063E-14 4.964891E-16 6.174418E+00
3.294042E-02 8.661508E-14 2.390522E-14 6.104027E+00
3.344533E-02 -1.936230E-02 1.942655E-02 -2.191614E-04
3.309474E-02 -1.887765E-02 1.941636E-02 1.676753E-01
3.294643E-02 -1.919869E-02 1.976021E-02 1.673016E-01
3.277648E-02 1.099069E-13 2.048384E-13 6.031893E+00
3.260879E-02 1.127715E-13 -2.987206E-14 5.957926E+00
3.319107E-02 -2.010645E-02 2.017086E-02 -6.569241E-05
3.279605E-02 -1.953612E-02 2.012009E-02 1.668140E-01
3.264666E-02 -1.988621E-02 2.049537E-02 1.661770E-01
3.243312E-02 9.533520E-14 -8.316685E-14 5.882010E+00
3.224444E-02 1.005327E-13 -1.545041E-13 5.803932E+00
3.294468E-02 -2.094463E-02 2.100993E-02 4.315908E-05
3.249868E-02 -2.027225E-02 2.090405E-02 1.653982E-01
3.234985E-02 -2.068677E-02 2.134476E-02 1.644979E-01
3.210075E-02 6.628890E-14 -1.741383E-13 5.723646E+00
3.192974E-02 1.410364E-13 1.752619E-13 5.641157E+00
3.338871E-02 1.828636E-02 -1.878212E-02 1.681257E-01
3.324225E-02 1.857382E-02 -1.909052E-02 1.679480E-01
3.370269E-02 1.869921E-02 -1.876051E-02 -4.045378E-04
3.309474E-02 1.887765E-02 -1.941636E-02 1.676753E-01
3.294643E-02 1.919869E-02 -1.976021E-02 1.673016E-01
3.344533E-02 1.936230E-02 -1.942655E-02 -2.191614E-04
3.279605E-02 1.953612E-02 -2.012009E-02 1.668140E-01
3.264666E-02 1.988621E-02 -2.049537E-02 1.661770E-01
3.319107E-02 2.010645E-02 -2.017086E-02 -6.569241E-05
3.249868E-02 2.027225E-02 -2.090405E-02 1.653982E-01
3.234985E-02 2.068677E-02 -2.134476E-02 1.644979E-01
3.294468E-02 2.094463E-02 -2.100993E-02 4.315908E-05
3.271116E-02 -2.190061E-02 2.196827E-02 1.044135E-04
3.220072E-02 -2.113212E-02 2.181749E-02 1.634716E-01
3.205203E-02 -2.160889E-02 2.232406E-02 1.623150E-01
3.175462E-02 1.249691E-13 -1.328197E-14 5.556316E+00
3.157623E-02 8.119023E-14 3.399620E-14 5.468981E+00
3.249173E-02 -2.299352E-02 2.306940E-02 1.198702E-04
3.190422E-02 -2.212092E-02 2.286821E-02 1.610202E-01
3.175834E-02 -2.267306E-02 2.345460E-02 1.595792E-01
3.139526E-02 9.042654E-14 9.424098E-14 5.378992E+00
3.121228E-02 4.431178E-14 -2.328204E-13 5.286172E+00
3.229806E-02 -2.426248E-02 2.434587E-02 7.666280E-05
3.161391E-02 -2.327163E-02 2.408777E-02 1.579817E-01
3.147154E-02 -2.391755E-02 2.477255E-02 1.562214E-01
3.102692E-02 9.742561E-14 -4.009509E-13 5.190319E+00
3.083769E-02 5.826954E-14 -3.243918E-14 5.091219E+00
3.213687E-02 -2.574111E-02 2.584065E-02 -3.104561E-05
3.133191E-02 -2.461865E-02 2.551637E-02 1.542862E-01
3.119734E-02 -2.538440E-02 2.632862E-02 1.521631E-01
3.064479E-02 6.091512E-14 8.843343E-14 4.988620E+00
3.044904E-02 1.422944E-13 2.977361E-13 4.882238E+00
3.220072E-02 2.113212E-02 -2.181749E-02 1.634716E-01
3.205203E-02 2.160889E-02 -2.232406E-02 1.623150E-01
3.271116E-02 2.190061E-02 -2.196827E-02 1.044135E-04
3.190422E-02 2.212092E-02 -2.286821E-02 1.610202E-01
3.175834E-02 2.267306E-02 -2.345460E-02 1.595792E-01
3.249173E-02 2.299352E-02 -2.306940E-02 1.198702E-04
3.161391E-02 2.327163E-02 -2.408777E-02 1.579817E-01
3.147154E-02 2.391755E-02 -2.477255E-02 1.562214E-01
3.229806E-02 2.426248E-02 -2.434587E-02 7.666280E-05
3.133191E-02 2.461865E-02 -2.551637E-02 1.542862E-01
3.119734E-02 2.538440E-02 -2.632862E-02 1.521631E-01
3.213687E-02 2.574111E-02 -2.584065E-02 -3.104561E-05
3.203230E-02 -2.750544E-02 2.762043E-02 -2.284358E-04
3.106664E-02 -2.622837E-02 2.721867E-02 1.498342E-01
3.094118E-02 -2.715160E-02 2.819672E-02 1.472910E-01
3.024904E-02 8.755222E-14 -1.390740E-14 4.771738E+00
3.004137E-02 1.092826E-13 -3.161950E-14 4.656759E+00
3.200227E-02 -2.962642E-02 2.977678E-02 -5.265686E-04
3.082173E-02 -2.817474E-02 2.928010E-02 1.445098E-01
3.071411E-02 -2.931864E-02 3.049197E-02 1.414680E-01
2.982467E-02 6.321002E-14 1.415792E-13 4.536856E+00
2.960020E-02 9.772462E-14 2.256944E-13 4.411507E+00
3.210889E-02 -3.228437E-02 3.247076E-02 -9.800574E-04
3.061625E-02 -3.061429E-02 3.185522E-02 1.381340E-01
3.053343E-02 -3.206729E-02 3.340093E-02 1.344898E-01
2.936189E-02 7.289767E-14 1.197691E-13 4.280078E+00
2.910378E-02 1.014067E-13 7.754395E-14 4.141837E+00
3.243522E-02 -3.566977E-02 3.595983E-02 -1.631365E-03
3.046726E-02 -3.375468E-02 3.517873E-02 1.304696E-01
3.043038E-02 -3.574145E-02 3.727408E-02 1.260353E-01
2.881400E-02 4.509217E-14 -8.828671E-14 3.995798E+00
2.848385E-02 1.014760E-13 1.565417E-13 3.840775E+00
3.106664E-02 2.622837E-02 -2.721867E-02 1.498342E-01
3.094118E-02 2.715160E-02 -2.819672E-02 1.472910E-01
3.203230E-02 2.750544E-02 -2.762043E-02 -2.284358E-04
3.082173E-02 2.817474E-02 -2.928010E-02 1.445098E-01
3.071411E-02 2.931864E-02 -3.049197E-02 1.414680E-01
3.200227E-02 2.962642E-02 -2.977678E-02 -5.265686E-04
3.061625E-02 3.061429E-02 -3.185522E-02 1.381340E-01
3.053343E-02 3.206729E-02 -3.340093E-02 1.344898E-01
3.210889E-02 3.228437E-02 -3.247076E-02 -9.800574E-04
3.046726E-02 3.375468E-02 -3.517873E-02 1.304696E-01
3.043038E-02 3.574145E-02 -3.727408E-02 1.260353E-01
3.243522E-02 3.566977E-02 -3.595983E-02 -1.631365E-03
3.321860E-02 -4.037540E-02 4.079795E-02 -2.646116E-03
3.043395E-02 -3.810313E-02 3.976490E-02 1.211219E-01
3.049129E-02 -4.097374E-02 4.286384E-02 1.156590E-01
2.807066E-02 6.982027E-14 -4.043341E-14 3.675196E+00
2.753088E-02 6.607729E-14 6.105262E-14 3.496805E+00
3.517647E-02 -4.729411E-02 4.836179E-02 -4.281396E-03
3.067425E-02 -4.472201E-02 4.685991E-02 1.093638E-01
3.120045E-02 -4.989050E-02 5.232518E-02 1.019465E-01
2.686351E-02 6.901225E-14 8.452680E-14 3.302113E+00
2.599931E-02 6.332470E-14 -4.291566E-14 3.086199E+00
4.111953E-02 -5.857914E-02 6.336045E-02 -7.206357E-03
3.251073E-02 -5.663687E-02 6.030352E-02 9.328120E-02
3.592300E-02 -6.955574E-02 7.421063E-02 8.052200E-02
2.516751E-02 6.800957E-14 -7.241085E-14 2.841235E+00
2.811081E-02 5.308939E-14 -8.285719E-14 2.546064E+00
5.596731E-02 -6.762073E-02 9.908771E-02 -9.687459E-04
4.890163E-02 -8.864033E-02 1.033326E-01 6.335753E-02
7.324996E-02 -6.751835E-02 1.565545E-01 7.869648E-02
5.400950E-02 4.049886E-14 -2.777449E-14 2.157772E+00
2.741227E-01 3.247736E-14 1.884228E-14 1.408353E+00
3.043395E-02 3.810313E-02 -3.976490E-02 1.211219E-01
3.049129E-02 4.097374E-02 -4.286384E-02 1.156590E-01
3.321860E-02 4.037540E-02 -4.079795E-02 -2.646116E-03
3.067425E-02 4.472201E-02 -4.685991E-02 1.093638E-01
3.120045E-02 4.989050E-02 -5.232518E-02 1.019465E-01
3.517647E-02 4.729411E-02 -4.836179E-02 -4.281396E-03
3.251073E-02 5.663687E-02 -6.030352E-02 9.328120E-02
3.592300E-02 6.955574E-02 -7.421063E-02 8.052200E-02
4.111953E-02 5.857914E-02 -6.336045E-02 -7.206357E-03
4.890163E-02 8.864033E-02 -1.033326E-01 6.335753E-02
7.324996E-02 6.751835E-02 -1.565545E-01 7.869648E-02
5.596731E-02 6.762073E-02 -9.908771E-02 -9.687459E-04
2.397983E-02 -4.895808E-02 1.013435E-01 4.956816E-02
1.910866E-02 -4.936873E-02 1.294201E-01 1.027300E-01
2.664100E-02 -4.074417E-02 5.928714E-02 8.469062E-02
2.597432E-02 7.203491E-15 -5.876389E-15 2.587911E-01
1.910866E-02 4.936873E-02 -1.294201E-01 1.027300E-01
2.664100E-02 4.074417E-02 -5.928714E-02 8.469062E-02
2.397983E-02 4.895808E-02 -1.013435E-01 4.956816E-02
</DataArray>
</PointData>
</Piece>
</UnstructuredGrid>
</VTKFile>
