<?xml version="1.0"?>
<VTKFile type="UnstructuredGrid" version="0.1">
<UnstructuredGrid>
<Piece NumberOfPoints="3137" NumberOfCells="2956">
<Points>
<DataArray type="Float64" Naame="nodes" NumberOfComponents="3" format="ascii">
0.000000E+00 0.000000E+00 0
2.000000E+00 4.042199E-17 0
2.000000E+00 2.000000E+00 0
0.000000E+00 2.000000E+00 0
4.000000E+00 0.000000E+00 0
4.000000E+00 2.000000E+00 0
2.000000E+00 4.000000E+00 0
0.000000E+00 4.000000E+00 0
4.000000E+00 4.000000E+00 0
6.000000E+00 4.042199E-17 0
6.000000E+00 2.000000E+00 0
8.000000E+00 0.000000E+00 0
8.000000E+00 2.000000E+00 0
6.000000E+00 4.000000E+00 0
8.000000E+00 4.000000E+00 0
1.000000E+01 9.473903E-17 0
1.000000E+01 2.000000E+00 0
1.200000E+01 0.000000E+00 0
1.200000E+01 2.000000E+00 0
1.000000E+01 4.000000E+00 0
1.200000E+01 4.000000E+00 0
1.400000E+01 9.473903E-17 0
1.400000E+01 2.000000E+00 0
1.600000E+01 0.000000E+00 0
1.600000E+01 2.000000E+00 0
1.400000E+01 4.000000E+00 0
1.600000E+01 4.000000E+00 0
1.800000E+01 1.351610E-16 0
1.800000E+01 2.000000E+00 0
2.000000E+01 0.000000E+00 0
2.000000E+01 2.000000E+00 0
1.800000E+01 4.000000E+00 0
2.000000E+01 4.000000E+00 0
2.200000E+01 1.263187E-16 0
2.200000E+01 2.000000E+00 0
2.400000E+01 0.000000E+00 0
2.400000E+01 2.000000E+00 0
2.200000E+01 4.000000E+00 0
2.400000E+01 4.000000E+00 0
2.600000E+01 9.473903E-17 0
2.600000E+01 2.000000E+00 0
2.800000E+01 0.000000E+00 0
2.800000E+01 2.000000E+00 0
2.600000E+01 4.000000E+00 0
2.800000E+01 4.000000E+00 0
3.000000E+01 1.351610E-16 0
3.000000E+01 2.000000E+00 0
3.200000E+01 0.000000E+00 0
3.200000E+01 2.000000E+00 0
3.000000E+01 4.000000E+00 0
3.200000E+01 4.000000E+00 0
3.400000E+01 1.578984E-16 0
3.400000E+01 2.000000E+00 0
3.600000E+01 0.000000E+00 0
3.600000E+01 2.000000E+00 0
3.400000E+01 4.000000E+00 0
3.600000E+01 4.000000E+00 0
3.800000E+01 4.042199E-17 0
3.800000E+01 2.000000E+00 0
4.000000E+01 0.000000E+00 0
4.000000E+01 2.000000E+00 0
3.800000E+01 4.000000E+00 0
4.000000E+01 4.000000E+00 0
4.200000E+01 4.042199E-17 0
4.200000E+01 2.000000E+00 0
4.400000E+01 0.000000E+00 0
4.400000E+01 2.000000E+00 0
4.200000E+01 4.000000E+00 0
4.400000E+01 4.000000E+00 0
4.600000E+01 1.578984E-16 0
4.600000E+01 2.000000E+00 0
4.800000E+01 0.000000E+00 0
4.800000E+01 2.000000E+00 0
4.600000E+01 4.000000E+00 0
4.800000E+01 4.000000E+00 0
5.000000E+01 0.000000E+00 0
5.000000E+01 2.000000E+00 0
5.200000E+01 0.000000E+00 0
5.200000E+01 2.000000E+00 0
5.000000E+01 4.000000E+00 0
5.200000E+01 4.000000E+00 0
5.400000E+01 -4.042199E-17 0
5.400000E+01 2.000000E+00 0
5.600000E+01 0.000000E+00 0
5.600000E+01 2.000000E+00 0
5.400000E+01 4.000000E+00 0
5.600000E+01 4.000000E+00 0
5.800000E+01 9.473903E-17 0
5.800000E+01 2.000000E+00 0
6.000000E+01 0.000000E+00 0
6.000000E+01 2.000000E+00 0
5.800000E+01 4.000000E+00 0
6.000000E+01 4.000000E+00 0
6.200000E+01 9.473903E-17 0
6.200000E+01 2.000000E+00 0
6.400000E+01 0.000000E+00 0
6.400000E+01 2.000000E+00 0
6.200000E+01 4.000000E+00 0
6.400000E+01 4.000000E+00 0
6.600000E+01 9.473903E-17 0
6.600000E+01 2.000000E+00 0
6.800000E+01 0.000000E+00 0
6.800000E+01 2.000000E+00 0
6.600000E+01 4.000000E+00 0
6.800000E+01 4.000000E+00 0
7.000000E+01 0.000000E+00 0
7.000000E+01 2.000000E+00 0
7.200000E+01 0.000000E+00 0
7.200000E+01 2.000000E+00 0
7.000000E+01 4.000000E+00 0
7.200000E+01 4.000000E+00 0
7.400000E+01 -4.042199E-17 0
7.400000E+01 2.000000E+00 0
7.600000E+01 0.000000E+00 0
7.600000E+01 2.000000E+00 0
7.400000E+01 4.000000E+00 0
7.600000E+01 4.000000E+00 0
7.800000E+01 4.042199E-17 0
7.800000E+01 2.000000E+00 0
8.000000E+01 0.000000E+00 0
8.000000E+01 2.000000E+00 0
7.800000E+01 4.000000E+00 0
8.000000E+01 4.000000E+00 0
8.200000E+01 -4.042199E-17 0
8.200000E+01 2.000000E+00 0
8.400000E+01 0.000000E+00 0
8.400000E+01 2.000000E+00 0
8.200000E+01 4.000000E+00 0
8.400000E+01 4.000000E+00 0
8.600000E+01 -4.042199E-17 0
8.600000E+01 2.000000E+00 0
8.800000E+01 0.000000E+00 0
8.800000E+01 2.000000E+00 0
8.600000E+01 4.000000E+00 0
8.800000E+01 4.000000E+00 0
9.000000E+01 4.042199E-17 0
9.000000E+01 2.000000E+00 0
9.200000E+01 0.000000E+00 0
9.200000E+01 2.000000E+00 0
9.000000E+01 4.000000E+00 0
9.200000E+01 4.000000E+00 0
9.400000E+01 -4.042199E-17 0
9.400000E+01 2.000000E+00 0
9.600000E+01 0.000000E+00 0
9.600000E+01 2.000000E+00 0
9.400000E+01 4.000000E+00 0
9.600000E+01 4.000000E+00 0
9.800000E+01 0.000000E+00 0
9.800000E+01 2.000000E+00 0
1.000000E+02 0.000000E+00 0
1.000000E+02 2.000000E+00 0
9.800000E+01 4.000000E+00 0
1.000000E+02 4.000000E+00 0
2.000000E+00 6.000000E+00 0
4.042199E-17 6.000000E+00 0
4.000000E+00 6.000000E+00 0
2.000000E+00 8.000000E+00 0
0.000000E+00 8.000000E+00 0
4.000000E+00 8.000000E+00 0
6.000000E+00 6.000000E+00 0
8.000000E+00 6.000000E+00 0
6.000000E+00 8.000000E+00 0
8.000000E+00 8.000000E+00 0
1.000000E+01 6.000000E+00 0
1.200000E+01 6.000000E+00 0
1.000000E+01 8.000000E+00 0
1.200000E+01 8.000000E+00 0
1.400000E+01 6.000000E+00 0
1.600000E+01 6.000000E+00 0
1.400000E+01 8.000000E+00 0
1.600000E+01 8.000000E+00 0
1.800000E+01 6.000000E+00 0
2.000000E+01 6.000000E+00 0
1.800000E+01 8.000000E+00 0
2.000000E+01 8.000000E+00 0
2.200000E+01 6.000000E+00 0
2.400000E+01 6.000000E+00 0
2.200000E+01 8.000000E+00 0
2.400000E+01 8.000000E+00 0
2.600000E+01 6.000000E+00 0
2.800000E+01 6.000000E+00 0
2.600000E+01 8.000000E+00 0
2.800000E+01 8.000000E+00 0
3.000000E+01 6.000000E+00 0
3.200000E+01 6.000000E+00 0
3.000000E+01 8.000000E+00 0
3.200000E+01 8.000000E+00 0
3.400000E+01 6.000000E+00 0
3.600000E+01 6.000000E+00 0
3.400000E+01 8.000000E+00 0
3.600000E+01 8.000000E+00 0
3.800000E+01 6.000000E+00 0
4.000000E+01 6.000000E+00 0
3.800000E+01 8.000000E+00 0
4.000000E+01 8.000000E+00 0
4.200000E+01 6.000000E+00 0
4.400000E+01 6.000000E+00 0
4.200000E+01 8.000000E+00 0
4.400000E+01 8.000000E+00 0
4.600000E+01 6.000000E+00 0
4.800000E+01 6.000000E+00 0
4.600000E+01 8.000000E+00 0
4.800000E+01 8.000000E+00 0
5.000000E+01 6.000000E+00 0
5.200000E+01 6.000000E+00 0
5.000000E+01 8.000000E+00 0
5.200000E+01 8.000000E+00 0
5.400000E+01 6.000000E+00 0
5.600000E+01 6.000000E+00 0
5.400000E+01 8.000000E+00 0
5.600000E+01 8.000000E+00 0
5.800000E+01 6.000000E+00 0
6.000000E+01 6.000000E+00 0
5.800000E+01 8.000000E+00 0
6.000000E+01 8.000000E+00 0
6.200000E+01 6.000000E+00 0
6.400000E+01 6.000000E+00 0
6.200000E+01 8.000000E+00 0
6.400000E+01 8.000000E+00 0
6.600000E+01 6.000000E+00 0
6.800000E+01 6.000000E+00 0
6.600000E+01 8.000000E+00 0
6.800000E+01 8.000000E+00 0
7.000000E+01 6.000000E+00 0
7.200000E+01 6.000000E+00 0
7.000000E+01 8.000000E+00 0
7.200000E+01 8.000000E+00 0
7.400000E+01 6.000000E+00 0
7.600000E+01 6.000000E+00 0
7.400000E+01 8.000000E+00 0
7.600000E+01 8.000000E+00 0
7.800000E+01 6.000000E+00 0
8.000000E+01 6.000000E+00 0
7.800000E+01 8.000000E+00 0
8.000000E+01 8.000000E+00 0
8.200000E+01 6.000000E+00 0
8.400000E+01 6.000000E+00 0
8.200000E+01 8.000000E+00 0
8.400000E+01 8.000000E+00 0
8.600000E+01 6.000000E+00 0
8.800000E+01 6.000000E+00 0
8.600000E+01 8.000000E+00 0
8.800000E+01 8.000000E+00 0
9.000000E+01 6.000000E+00 0
9.200000E+01 6.000000E+00 0
9.000000E+01 8.000000E+00 0
9.200000E+01 8.000000E+00 0
9.400000E+01 6.000000E+00 0
9.600000E+01 6.000000E+00 0
9.400000E+01 8.000000E+00 0
9.600000E+01 8.000000E+00 0
9.800000E+01 6.000000E+00 0
1.000000E+02 6.000000E+00 0
9.800000E+01 8.000000E+00 0
1.000000E+02 8.000000E+00 0
2.000000E+00 1.000000E+01 0
4.042199E-17 1.000000E+01 0
4.000000E+00 1.000000E+01 0
2.000000E+00 1.200000E+01 0
0.000000E+00 1.200000E+01 0
4.000000E+00 1.200000E+01 0
6.000000E+00 1.000000E+01 0
8.000000E+00 1.000000E+01 0
6.000000E+00 1.200000E+01 0
8.000000E+00 1.200000E+01 0
1.000000E+01 1.000000E+01 0
1.200000E+01 1.000000E+01 0
1.000000E+01 1.200000E+01 0
1.200000E+01 1.200000E+01 0
1.400000E+01 1.000000E+01 0
1.600000E+01 1.000000E+01 0
1.400000E+01 1.200000E+01 0
1.600000E+01 1.200000E+01 0
1.800000E+01 1.000000E+01 0
2.000000E+01 1.000000E+01 0
1.800000E+01 1.200000E+01 0
2.000000E+01 1.200000E+01 0
2.200000E+01 1.000000E+01 0
2.400000E+01 1.000000E+01 0
2.200000E+01 1.200000E+01 0
2.400000E+01 1.200000E+01 0
2.600000E+01 1.000000E+01 0
2.800000E+01 1.000000E+01 0
2.600000E+01 1.200000E+01 0
2.800000E+01 1.200000E+01 0
3.000000E+01 1.000000E+01 0
3.200000E+01 1.000000E+01 0
3.000000E+01 1.200000E+01 0
3.200000E+01 1.200000E+01 0
3.400000E+01 1.000000E+01 0
3.600000E+01 1.000000E+01 0
3.400000E+01 1.200000E+01 0
3.600000E+01 1.200000E+01 0
3.800000E+01 1.000000E+01 0
4.000000E+01 1.000000E+01 0
3.800000E+01 1.200000E+01 0
4.000000E+01 1.200000E+01 0
4.200000E+01 1.000000E+01 0
4.400000E+01 1.000000E+01 0
4.200000E+01 1.200000E+01 0
4.400000E+01 1.200000E+01 0
4.600000E+01 1.000000E+01 0
4.800000E+01 1.000000E+01 0
4.600000E+01 1.200000E+01 0
4.800000E+01 1.200000E+01 0
5.000000E+01 1.000000E+01 0
5.200000E+01 1.000000E+01 0
5.000000E+01 1.200000E+01 0
5.200000E+01 1.200000E+01 0
5.400000E+01 1.000000E+01 0
5.600000E+01 1.000000E+01 0
5.400000E+01 1.200000E+01 0
5.600000E+01 1.200000E+01 0
5.800000E+01 1.000000E+01 0
6.000000E+01 1.000000E+01 0
5.800000E+01 1.200000E+01 0
6.000000E+01 1.200000E+01 0
6.200000E+01 1.000000E+01 0
6.400000E+01 1.000000E+01 0
6.200000E+01 1.200000E+01 0
6.400000E+01 1.200000E+01 0
6.600000E+01 1.000000E+01 0
6.800000E+01 1.000000E+01 0
6.600000E+01 1.200000E+01 0
6.800000E+01 1.200000E+01 0
7.000000E+01 1.000000E+01 0
7.200000E+01 1.000000E+01 0
7.000000E+01 1.200000E+01 0
7.200000E+01 1.200000E+01 0
7.400000E+01 1.000000E+01 0
7.600000E+01 1.000000E+01 0
7.400000E+01 1.200000E+01 0
7.600000E+01 1.200000E+01 0
7.800000E+01 1.000000E+01 0
8.000000E+01 1.000000E+01 0
7.800000E+01 1.200000E+01 0
8.000000E+01 1.200000E+01 0
8.200000E+01 1.000000E+01 0
8.400000E+01 1.000000E+01 0
8.200000E+01 1.200000E+01 0
8.400000E+01 1.200000E+01 0
8.600000E+01 1.000000E+01 0
8.800000E+01 1.000000E+01 0
8.600000E+01 1.200000E+01 0
8.800000E+01 1.200000E+01 0
9.000000E+01 1.000000E+01 0
9.200000E+01 1.000000E+01 0
9.000000E+01 1.200000E+01 0
9.200000E+01 1.200000E+01 0
9.400000E+01 1.000000E+01 0
9.600000E+01 1.000000E+01 0
9.400000E+01 1.200000E+01 0
9.600000E+01 1.200000E+01 0
9.800000E+01 1.000000E+01 0
1.000000E+02 1.000000E+01 0
9.800000E+01 1.200000E+01 0
1.000000E+02 1.200000E+01 0
2.000000E+00 1.400000E+01 0
0.000000E+00 1.400000E+01 0
4.000000E+00 1.400000E+01 0
2.000000E+00 1.600000E+01 0
0.000000E+00 1.600000E+01 0
4.000000E+00 1.600000E+01 0
6.000000E+00 1.400000E+01 0
8.000000E+00 1.400000E+01 0
6.000000E+00 1.600000E+01 0
8.000000E+00 1.600000E+01 0
1.000000E+01 1.400000E+01 0
1.200000E+01 1.400000E+01 0
1.000000E+01 1.600000E+01 0
1.200000E+01 1.600000E+01 0
1.400000E+01 1.400000E+01 0
1.600000E+01 1.400000E+01 0
1.400000E+01 1.600000E+01 0
1.600000E+01 1.600000E+01 0
1.800000E+01 1.400000E+01 0
2.000000E+01 1.400000E+01 0
1.800000E+01 1.600000E+01 0
2.000000E+01 1.600000E+01 0
2.200000E+01 1.400000E+01 0
2.400000E+01 1.400000E+01 0
2.200000E+01 1.600000E+01 0
2.400000E+01 1.600000E+01 0
2.600000E+01 1.400000E+01 0
2.800000E+01 1.400000E+01 0
2.600000E+01 1.600000E+01 0
2.800000E+01 1.600000E+01 0
3.000000E+01 1.400000E+01 0
3.200000E+01 1.400000E+01 0
3.000000E+01 1.600000E+01 0
3.200000E+01 1.600000E+01 0
3.400000E+01 1.400000E+01 0
3.600000E+01 1.400000E+01 0
3.400000E+01 1.600000E+01 0
3.600000E+01 1.600000E+01 0
3.800000E+01 1.400000E+01 0
4.000000E+01 1.400000E+01 0
3.800000E+01 1.600000E+01 0
4.000000E+01 1.600000E+01 0
4.200000E+01 1.400000E+01 0
4.400000E+01 1.400000E+01 0
4.200000E+01 1.600000E+01 0
4.400000E+01 1.600000E+01 0
4.600000E+01 1.400000E+01 0
4.800000E+01 1.400000E+01 0
4.600000E+01 1.600000E+01 0
4.800000E+01 1.600000E+01 0
5.000000E+01 1.400000E+01 0
5.200000E+01 1.400000E+01 0
5.000000E+01 1.600000E+01 0
5.200000E+01 1.600000E+01 0
5.400000E+01 1.400000E+01 0
5.600000E+01 1.400000E+01 0
5.400000E+01 1.600000E+01 0
5.600000E+01 1.600000E+01 0
5.800000E+01 1.400000E+01 0
6.000000E+01 1.400000E+01 0
5.800000E+01 1.600000E+01 0
6.000000E+01 1.600000E+01 0
6.200000E+01 1.400000E+01 0
6.400000E+01 1.400000E+01 0
6.200000E+01 1.600000E+01 0
6.400000E+01 1.600000E+01 0
6.600000E+01 1.400000E+01 0
6.800000E+01 1.400000E+01 0
6.600000E+01 1.600000E+01 0
6.800000E+01 1.600000E+01 0
7.000000E+01 1.400000E+01 0
7.200000E+01 1.400000E+01 0
7.000000E+01 1.600000E+01 0
7.200000E+01 1.600000E+01 0
7.400000E+01 1.400000E+01 0
7.600000E+01 1.400000E+01 0
7.400000E+01 1.600000E+01 0
7.600000E+01 1.600000E+01 0
7.800000E+01 1.400000E+01 0
8.000000E+01 1.400000E+01 0
7.800000E+01 1.600000E+01 0
8.000000E+01 1.600000E+01 0
8.200000E+01 1.400000E+01 0
8.400000E+01 1.400000E+01 0
8.200000E+01 1.600000E+01 0
8.400000E+01 1.600000E+01 0
8.600000E+01 1.400000E+01 0
8.800000E+01 1.400000E+01 0
8.600000E+01 1.600000E+01 0
8.800000E+01 1.600000E+01 0
9.000000E+01 1.400000E+01 0
9.200000E+01 1.400000E+01 0
9.000000E+01 1.600000E+01 0
9.200000E+01 1.600000E+01 0
9.400000E+01 1.400000E+01 0
9.600000E+01 1.400000E+01 0
9.400000E+01 1.600000E+01 0
9.600000E+01 1.600000E+01 0
9.800000E+01 1.400000E+01 0
1.000000E+02 1.400000E+01 0
9.800000E+01 1.600000E+01 0
1.000000E+02 1.600000E+01 0
2.000000E+00 1.800000E+01 0
0.000000E+00 1.800000E+01 0
4.000000E+00 1.800000E+01 0
2.000000E+00 2.000000E+01 0
0.000000E+00 2.000000E+01 0
4.000000E+00 2.000000E+01 0
6.000000E+00 1.800000E+01 0
8.000000E+00 1.800000E+01 0
6.000000E+00 2.000000E+01 0
8.000000E+00 2.000000E+01 0
1.000000E+01 1.800000E+01 0
1.200000E+01 1.800000E+01 0
1.000000E+01 2.000000E+01 0
1.200000E+01 2.000000E+01 0
1.400000E+01 1.800000E+01 0
1.600000E+01 1.800000E+01 0
1.400000E+01 2.000000E+01 0
1.600000E+01 2.000000E+01 0
1.800000E+01 1.800000E+01 0
2.000000E+01 1.800000E+01 0
1.800000E+01 2.000000E+01 0
2.000000E+01 2.000000E+01 0
2.200000E+01 1.800000E+01 0
2.400000E+01 1.800000E+01 0
2.200000E+01 2.000000E+01 0
2.400000E+01 2.000000E+01 0
2.600000E+01 1.800000E+01 0
2.800000E+01 1.800000E+01 0
2.600000E+01 2.000000E+01 0
2.800000E+01 2.000000E+01 0
3.000000E+01 1.800000E+01 0
3.200000E+01 1.800000E+01 0
3.000000E+01 2.000000E+01 0
3.200000E+01 2.000000E+01 0
3.400000E+01 1.800000E+01 0
3.600000E+01 1.800000E+01 0
3.400000E+01 2.000000E+01 0
3.600000E+01 2.000000E+01 0
3.800000E+01 1.800000E+01 0
4.000000E+01 1.800000E+01 0
3.800000E+01 2.000000E+01 0
4.000000E+01 2.000000E+01 0
4.200000E+01 1.800000E+01 0
4.400000E+01 1.800000E+01 0
4.200000E+01 2.000000E+01 0
4.400000E+01 2.000000E+01 0
4.600000E+01 1.800000E+01 0
4.800000E+01 1.800000E+01 0
4.600000E+01 2.000000E+01 0
4.800000E+01 2.000000E+01 0
5.000000E+01 1.800000E+01 0
5.200000E+01 1.800000E+01 0
5.000000E+01 2.000000E+01 0
5.200000E+01 2.000000E+01 0
5.400000E+01 1.800000E+01 0
5.600000E+01 1.800000E+01 0
5.400000E+01 2.000000E+01 0
5.600000E+01 2.000000E+01 0
5.800000E+01 1.800000E+01 0
6.000000E+01 1.800000E+01 0
5.800000E+01 2.000000E+01 0
6.000000E+01 2.000000E+01 0
6.200000E+01 1.800000E+01 0
6.400000E+01 1.800000E+01 0
6.200000E+01 2.000000E+01 0
6.400000E+01 2.000000E+01 0
6.600000E+01 1.800000E+01 0
6.800000E+01 1.800000E+01 0
6.600000E+01 2.000000E+01 0
6.800000E+01 2.000000E+01 0
7.000000E+01 1.800000E+01 0
7.200000E+01 1.800000E+01 0
7.000000E+01 2.000000E+01 0
7.200000E+01 2.000000E+01 0
7.400000E+01 1.800000E+01 0
7.600000E+01 1.800000E+01 0
7.400000E+01 2.000000E+01 0
7.600000E+01 2.000000E+01 0
7.800000E+01 1.800000E+01 0
8.000000E+01 1.800000E+01 0
7.800000E+01 2.000000E+01 0
8.000000E+01 2.000000E+01 0
8.200000E+01 1.800000E+01 0
8.400000E+01 1.800000E+01 0
8.200000E+01 2.000000E+01 0
8.400000E+01 2.000000E+01 0
8.600000E+01 1.800000E+01 0
8.800000E+01 1.800000E+01 0
8.600000E+01 2.000000E+01 0
8.800000E+01 2.000000E+01 0
9.000000E+01 1.800000E+01 0
9.200000E+01 1.800000E+01 0
9.000000E+01 2.000000E+01 0
9.200000E+01 2.000000E+01 0
9.400000E+01 1.800000E+01 0
9.600000E+01 1.800000E+01 0
9.400000E+01 2.000000E+01 0
9.600000E+01 2.000000E+01 0
9.800000E+01 1.800000E+01 0
1.000000E+02 1.800000E+01 0
9.800000E+01 2.000000E+01 0
1.000000E+02 2.000000E+01 0
2.000000E+00 2.200000E+01 0
0.000000E+00 2.200000E+01 0
4.000000E+00 2.200000E+01 0
2.000000E+00 2.400000E+01 0
0.000000E+00 2.400000E+01 0
4.000000E+00 2.400000E+01 0
6.000000E+00 2.200000E+01 0
8.000000E+00 2.200000E+01 0
6.000000E+00 2.400000E+01 0
8.000000E+00 2.400000E+01 0
1.000000E+01 2.200000E+01 0
1.200000E+01 2.200000E+01 0
1.000000E+01 2.400000E+01 0
1.200000E+01 2.400000E+01 0
1.400000E+01 2.200000E+01 0
1.600000E+01 2.200000E+01 0
1.400000E+01 2.400000E+01 0
1.600000E+01 2.400000E+01 0
1.800000E+01 2.200000E+01 0
2.000000E+01 2.200000E+01 0
1.800000E+01 2.400000E+01 0
2.000000E+01 2.400000E+01 0
2.200000E+01 2.200000E+01 0
2.400000E+01 2.200000E+01 0
2.200000E+01 2.400000E+01 0
2.400000E+01 2.400000E+01 0
2.600000E+01 2.200000E+01 0
2.800000E+01 2.200000E+01 0
2.600000E+01 2.400000E+01 0
2.800000E+01 2.400000E+01 0
3.000000E+01 2.200000E+01 0
3.200000E+01 2.200000E+01 0
3.000000E+01 2.400000E+01 0
3.200000E+01 2.400000E+01 0
3.400000E+01 2.200000E+01 0
3.600000E+01 2.200000E+01 0
3.400000E+01 2.400000E+01 0
3.600000E+01 2.400000E+01 0
3.800000E+01 2.200000E+01 0
4.000000E+01 2.200000E+01 0
3.800000E+01 2.400000E+01 0
4.000000E+01 2.400000E+01 0
4.200000E+01 2.200000E+01 0
4.400000E+01 2.200000E+01 0
4.200000E+01 2.400000E+01 0
4.400000E+01 2.400000E+01 0
4.600000E+01 2.200000E+01 0
4.800000E+01 2.200000E+01 0
4.600000E+01 2.400000E+01 0
4.800000E+01 2.400000E+01 0
5.000000E+01 2.200000E+01 0
5.200000E+01 2.200000E+01 0
5.000000E+01 2.400000E+01 0
5.200000E+01 2.400000E+01 0
5.400000E+01 2.200000E+01 0
5.600000E+01 2.200000E+01 0
5.400000E+01 2.400000E+01 0
5.600000E+01 2.400000E+01 0
5.800000E+01 2.200000E+01 0
6.000000E+01 2.200000E+01 0
5.800000E+01 2.400000E+01 0
6.000000E+01 2.400000E+01 0
6.200000E+01 2.200000E+01 0
6.400000E+01 2.200000E+01 0
6.200000E+01 2.400000E+01 0
6.400000E+01 2.400000E+01 0
6.600000E+01 2.200000E+01 0
6.800000E+01 2.200000E+01 0
6.600000E+01 2.400000E+01 0
6.800000E+01 2.400000E+01 0
7.000000E+01 2.200000E+01 0
7.200000E+01 2.200000E+01 0
7.000000E+01 2.400000E+01 0
7.200000E+01 2.400000E+01 0
7.400000E+01 2.200000E+01 0
7.600000E+01 2.200000E+01 0
7.400000E+01 2.400000E+01 0
7.600000E+01 2.400000E+01 0
7.800000E+01 2.200000E+01 0
8.000000E+01 2.200000E+01 0
7.800000E+01 2.400000E+01 0
8.000000E+01 2.400000E+01 0
8.200000E+01 2.200000E+01 0
8.400000E+01 2.200000E+01 0
8.200000E+01 2.400000E+01 0
8.400000E+01 2.400000E+01 0
8.600000E+01 2.200000E+01 0
8.800000E+01 2.200000E+01 0
8.600000E+01 2.400000E+01 0
8.800000E+01 2.400000E+01 0
9.000000E+01 2.200000E+01 0
9.200000E+01 2.200000E+01 0
9.000000E+01 2.400000E+01 0
9.200000E+01 2.400000E+01 0
9.400000E+01 2.200000E+01 0
9.600000E+01 2.200000E+01 0
9.400000E+01 2.400000E+01 0
9.600000E+01 2.400000E+01 0
9.800000E+01 2.200000E+01 0
1.000000E+02 2.200000E+01 0
9.800000E+01 2.400000E+01 0
1.000000E+02 2.400000E+01 0
2.000000E+00 2.600000E+01 0
0.000000E+00 2.600000E+01 0
4.000000E+00 2.600000E+01 0
2.000000E+00 2.800000E+01 0
0.000000E+00 2.800000E+01 0
4.000000E+00 2.800000E+01 0
6.000000E+00 2.600000E+01 0
8.000000E+00 2.600000E+01 0
6.000000E+00 2.800000E+01 0
8.000000E+00 2.800000E+01 0
1.000000E+01 2.600000E+01 0
1.200000E+01 2.600000E+01 0
1.000000E+01 2.800000E+01 0
1.200000E+01 2.800000E+01 0
1.400000E+01 2.600000E+01 0
1.600000E+01 2.600000E+01 0
1.400000E+01 2.800000E+01 0
1.600000E+01 2.800000E+01 0
1.800000E+01 2.600000E+01 0
2.000000E+01 2.600000E+01 0
1.800000E+01 2.800000E+01 0
2.000000E+01 2.800000E+01 0
2.200000E+01 2.600000E+01 0
2.400000E+01 2.600000E+01 0
2.200000E+01 2.800000E+01 0
2.400000E+01 2.800000E+01 0
2.600000E+01 2.600000E+01 0
2.800000E+01 2.600000E+01 0
2.600000E+01 2.800000E+01 0
2.800000E+01 2.800000E+01 0
3.000000E+01 2.600000E+01 0
3.200000E+01 2.600000E+01 0
3.000000E+01 2.800000E+01 0
3.200000E+01 2.800000E+01 0
3.400000E+01 2.600000E+01 0
3.600000E+01 2.600000E+01 0
3.400000E+01 2.800000E+01 0
3.600000E+01 2.800000E+01 0
3.800000E+01 2.600000E+01 0
4.000000E+01 2.600000E+01 0
3.800000E+01 2.800000E+01 0
4.000000E+01 2.800000E+01 0
4.200000E+01 2.600000E+01 0
4.400000E+01 2.600000E+01 0
4.200000E+01 2.800000E+01 0
4.400000E+01 2.800000E+01 0
4.600000E+01 2.600000E+01 0
4.800000E+01 2.600000E+01 0
4.600000E+01 2.800000E+01 0
4.800000E+01 2.800000E+01 0
5.000000E+01 2.600000E+01 0
5.200000E+01 2.600000E+01 0
5.000000E+01 2.800000E+01 0
5.200000E+01 2.800000E+01 0
5.400000E+01 2.600000E+01 0
5.600000E+01 2.600000E+01 0
5.400000E+01 2.800000E+01 0
5.600000E+01 2.800000E+01 0
5.800000E+01 2.600000E+01 0
6.000000E+01 2.600000E+01 0
5.800000E+01 2.800000E+01 0
6.000000E+01 2.800000E+01 0
6.200000E+01 2.600000E+01 0
6.400000E+01 2.600000E+01 0
6.200000E+01 2.800000E+01 0
6.400000E+01 2.800000E+01 0
6.600000E+01 2.600000E+01 0
6.800000E+01 2.600000E+01 0
6.600000E+01 2.800000E+01 0
6.800000E+01 2.800000E+01 0
7.000000E+01 2.600000E+01 0
7.200000E+01 2.600000E+01 0
7.000000E+01 2.800000E+01 0
7.200000E+01 2.800000E+01 0
7.400000E+01 2.600000E+01 0
7.600000E+01 2.600000E+01 0
7.400000E+01 2.800000E+01 0
7.600000E+01 2.800000E+01 0
7.800000E+01 2.600000E+01 0
8.000000E+01 2.600000E+01 0
7.800000E+01 2.800000E+01 0
8.000000E+01 2.800000E+01 0
8.200000E+01 2.600000E+01 0
8.400000E+01 2.600000E+01 0
8.200000E+01 2.800000E+01 0
8.400000E+01 2.800000E+01 0
8.600000E+01 2.600000E+01 0
8.800000E+01 2.600000E+01 0
8.600000E+01 2.800000E+01 0
8.800000E+01 2.800000E+01 0
9.000000E+01 2.600000E+01 0
9.200000E+01 2.600000E+01 0
9.000000E+01 2.800000E+01 0
9.200000E+01 2.800000E+01 0
9.400000E+01 2.600000E+01 0
9.600000E+01 2.600000E+01 0
9.400000E+01 2.800000E+01 0
9.600000E+01 2.800000E+01 0
9.800000E+01 2.600000E+01 0
1.000000E+02 2.600000E+01 0
9.800000E+01 2.800000E+01 0
1.000000E+02 2.800000E+01 0
2.000000E+00 3.000000E+01 0
0.000000E+00 3.000000E+01 0
4.000000E+00 3.000000E+01 0
2.000000E+00 3.200000E+01 0
0.000000E+00 3.200000E+01 0
4.000000E+00 3.200000E+01 0
6.000000E+00 3.000000E+01 0
8.000000E+00 3.000000E+01 0
6.000000E+00 3.200000E+01 0
8.000000E+00 3.200000E+01 0
1.000000E+01 3.000000E+01 0
1.200000E+01 3.000000E+01 0
1.000000E+01 3.200000E+01 0
1.200000E+01 3.200000E+01 0
1.400000E+01 3.000000E+01 0
1.600000E+01 3.000000E+01 0
1.400000E+01 3.200000E+01 0
1.600000E+01 3.200000E+01 0
1.800000E+01 3.000000E+01 0
2.000000E+01 3.000000E+01 0
1.800000E+01 3.200000E+01 0
2.000000E+01 3.200000E+01 0
2.200000E+01 3.000000E+01 0
2.400000E+01 3.000000E+01 0
2.200000E+01 3.200000E+01 0
2.400000E+01 3.200000E+01 0
2.600000E+01 3.000000E+01 0
2.800000E+01 3.000000E+01 0
2.600000E+01 3.200000E+01 0
2.800000E+01 3.200000E+01 0
3.000000E+01 3.000000E+01 0
3.200000E+01 3.000000E+01 0
3.000000E+01 3.200000E+01 0
3.200000E+01 3.200000E+01 0
3.400000E+01 3.000000E+01 0
3.600000E+01 3.000000E+01 0
3.400000E+01 3.200000E+01 0
3.600000E+01 3.200000E+01 0
3.800000E+01 3.000000E+01 0
4.000000E+01 3.000000E+01 0
3.800000E+01 3.200000E+01 0
4.000000E+01 3.200000E+01 0
4.200000E+01 3.000000E+01 0
4.400000E+01 3.000000E+01 0
4.200000E+01 3.200000E+01 0
4.400000E+01 3.200000E+01 0
4.600000E+01 3.000000E+01 0
4.800000E+01 3.000000E+01 0
4.600000E+01 3.200000E+01 0
4.800000E+01 3.200000E+01 0
5.000000E+01 3.000000E+01 0
5.200000E+01 3.000000E+01 0
5.000000E+01 3.200000E+01 0
5.200000E+01 3.200000E+01 0
5.400000E+01 3.000000E+01 0
5.600000E+01 3.000000E+01 0
5.400000E+01 3.200000E+01 0
5.600000E+01 3.200000E+01 0
5.800000E+01 3.000000E+01 0
6.000000E+01 3.000000E+01 0
5.800000E+01 3.200000E+01 0
6.000000E+01 3.200000E+01 0
6.200000E+01 3.000000E+01 0
6.400000E+01 3.000000E+01 0
6.200000E+01 3.200000E+01 0
6.400000E+01 3.200000E+01 0
6.600000E+01 3.000000E+01 0
6.800000E+01 3.000000E+01 0
6.600000E+01 3.200000E+01 0
6.800000E+01 3.200000E+01 0
7.000000E+01 3.000000E+01 0
7.200000E+01 3.000000E+01 0
7.000000E+01 3.200000E+01 0
7.200000E+01 3.200000E+01 0
7.400000E+01 3.000000E+01 0
7.600000E+01 3.000000E+01 0
7.400000E+01 3.200000E+01 0
7.600000E+01 3.200000E+01 0
7.800000E+01 3.000000E+01 0
8.000000E+01 3.000000E+01 0
7.800000E+01 3.200000E+01 0
8.000000E+01 3.200000E+01 0
8.200000E+01 3.000000E+01 0
8.400000E+01 3.000000E+01 0
8.200000E+01 3.200000E+01 0
8.400000E+01 3.200000E+01 0
8.600000E+01 3.000000E+01 0
8.800000E+01 3.000000E+01 0
8.600000E+01 3.200000E+01 0
8.800000E+01 3.200000E+01 0
9.000000E+01 3.000000E+01 0
9.200000E+01 3.000000E+01 0
9.000000E+01 3.200000E+01 0
9.200000E+01 3.200000E+01 0
9.400000E+01 3.000000E+01 0
9.600000E+01 3.000000E+01 0
9.400000E+01 3.200000E+01 0
9.600000E+01 3.200000E+01 0
9.800000E+01 3.000000E+01 0
1.000000E+02 3.000000E+01 0
9.800000E+01 3.200000E+01 0
1.000000E+02 3.200000E+01 0
2.000000E+00 3.400000E+01 0
0.000000E+00 3.400000E+01 0
4.000000E+00 3.400000E+01 0
2.000000E+00 3.600000E+01 0
0.000000E+00 3.600000E+01 0
4.000000E+00 3.600000E+01 0
6.000000E+00 3.400000E+01 0
8.000000E+00 3.400000E+01 0
6.000000E+00 3.600000E+01 0
8.000000E+00 3.600000E+01 0
1.000000E+01 3.400000E+01 0
1.200000E+01 3.400000E+01 0
1.000000E+01 3.600000E+01 0
1.200000E+01 3.600000E+01 0
1.400000E+01 3.400000E+01 0
1.600000E+01 3.400000E+01 0
1.400000E+01 3.600000E+01 0
1.600000E+01 3.600000E+01 0
1.800000E+01 3.400000E+01 0
2.000000E+01 3.400000E+01 0
1.800000E+01 3.600000E+01 0
2.000000E+01 3.600000E+01 0
2.200000E+01 3.400000E+01 0
2.400000E+01 3.400000E+01 0
2.200000E+01 3.600000E+01 0
2.400000E+01 3.600000E+01 0
2.600000E+01 3.400000E+01 0
2.800000E+01 3.400000E+01 0
2.600000E+01 3.600000E+01 0
2.800000E+01 3.600000E+01 0
3.000000E+01 3.400000E+01 0
3.200000E+01 3.400000E+01 0
3.000000E+01 3.600000E+01 0
3.200000E+01 3.600000E+01 0
3.400000E+01 3.400000E+01 0
3.600000E+01 3.400000E+01 0
3.400000E+01 3.600000E+01 0
3.600000E+01 3.600000E+01 0
3.800000E+01 3.400000E+01 0
4.000000E+01 3.400000E+01 0
3.800000E+01 3.600000E+01 0
4.000000E+01 3.600000E+01 0
4.200000E+01 3.400000E+01 0
4.400000E+01 3.400000E+01 0
4.200000E+01 3.600000E+01 0
4.400000E+01 3.600000E+01 0
4.600000E+01 3.400000E+01 0
4.800000E+01 3.400000E+01 0
4.600000E+01 3.600000E+01 0
4.800000E+01 3.600000E+01 0
5.000000E+01 3.400000E+01 0
5.200000E+01 3.400000E+01 0
5.000000E+01 3.600000E+01 0
5.200000E+01 3.600000E+01 0
5.400000E+01 3.400000E+01 0
5.600000E+01 3.400000E+01 0
5.400000E+01 3.600000E+01 0
5.600000E+01 3.600000E+01 0
5.800000E+01 3.400000E+01 0
6.000000E+01 3.400000E+01 0
5.800000E+01 3.600000E+01 0
6.000000E+01 3.600000E+01 0
6.200000E+01 3.400000E+01 0
6.400000E+01 3.400000E+01 0
6.200000E+01 3.600000E+01 0
6.400000E+01 3.600000E+01 0
6.600000E+01 3.400000E+01 0
6.800000E+01 3.400000E+01 0
6.600000E+01 3.600000E+01 0
6.800000E+01 3.600000E+01 0
7.000000E+01 3.400000E+01 0
7.200000E+01 3.400000E+01 0
7.000000E+01 3.600000E+01 0
7.200000E+01 3.600000E+01 0
7.400000E+01 3.400000E+01 0
7.600000E+01 3.400000E+01 0
7.400000E+01 3.600000E+01 0
7.600000E+01 3.600000E+01 0
7.800000E+01 3.400000E+01 0
8.000000E+01 3.400000E+01 0
7.800000E+01 3.600000E+01 0
8.000000E+01 3.600000E+01 0
8.200000E+01 3.400000E+01 0
8.400000E+01 3.400000E+01 0
8.200000E+01 3.600000E+01 0
8.400000E+01 3.600000E+01 0
8.600000E+01 3.400000E+01 0
8.800000E+01 3.400000E+01 0
8.600000E+01 3.600000E+01 0
8.800000E+01 3.600000E+01 0
9.000000E+01 3.400000E+01 0
9.200000E+01 3.400000E+01 0
9.000000E+01 3.600000E+01 0
9.200000E+01 3.600000E+01 0
9.400000E+01 3.400000E+01 0
9.600000E+01 3.400000E+01 0
9.400000E+01 3.600000E+01 0
9.600000E+01 3.600000E+01 0
9.800000E+01 3.400000E+01 0
1.000000E+02 3.400000E+01 0
9.800000E+01 3.600000E+01 0
1.000000E+02 3.600000E+01 0
2.000000E+00 3.800000E+01 0
0.000000E+00 3.800000E+01 0
4.000000E+00 3.800000E+01 0
2.000000E+00 4.000000E+01 0
0.000000E+00 4.000000E+01 0
4.000000E+00 4.000000E+01 0
6.000000E+00 3.800000E+01 0
8.000000E+00 3.800000E+01 0
6.000000E+00 4.000000E+01 0
8.000000E+00 4.000000E+01 0
1.000000E+01 3.800000E+01 0
1.200000E+01 3.800000E+01 0
1.000000E+01 4.000000E+01 0
1.200000E+01 4.000000E+01 0
1.400000E+01 3.800000E+01 0
1.600000E+01 3.800000E+01 0
1.400000E+01 4.000000E+01 0
1.600000E+01 4.000000E+01 0
1.800000E+01 3.800000E+01 0
2.000000E+01 3.800000E+01 0
1.800000E+01 4.000000E+01 0
2.000000E+01 4.000000E+01 0
2.200000E+01 3.800000E+01 0
2.400000E+01 3.800000E+01 0
2.200000E+01 4.000000E+01 0
2.400000E+01 4.000000E+01 0
2.600000E+01 3.800000E+01 0
2.800000E+01 3.800000E+01 0
2.600000E+01 4.000000E+01 0
2.800000E+01 4.000000E+01 0
3.000000E+01 3.800000E+01 0
3.200000E+01 3.800000E+01 0
3.000000E+01 4.000000E+01 0
3.200000E+01 4.000000E+01 0
3.400000E+01 3.800000E+01 0
3.600000E+01 3.800000E+01 0
3.400000E+01 4.000000E+01 0
3.600000E+01 4.000000E+01 0
3.800000E+01 3.800000E+01 0
4.000000E+01 3.800000E+01 0
3.800000E+01 4.000000E+01 0
4.000000E+01 4.000000E+01 0
4.200000E+01 3.800000E+01 0
4.400000E+01 3.800000E+01 0
4.200000E+01 4.000000E+01 0
4.400000E+01 4.000000E+01 0
4.600000E+01 3.800000E+01 0
4.800000E+01 3.800000E+01 0
4.600000E+01 4.000000E+01 0
4.800000E+01 4.000000E+01 0
5.000000E+01 3.800000E+01 0
5.200000E+01 3.800000E+01 0
5.000000E+01 4.000000E+01 0
5.200000E+01 4.000000E+01 0
5.400000E+01 3.800000E+01 0
5.600000E+01 3.800000E+01 0
5.400000E+01 4.000000E+01 0
5.600000E+01 4.000000E+01 0
5.800000E+01 3.800000E+01 0
6.000000E+01 3.800000E+01 0
5.800000E+01 4.000000E+01 0
6.000000E+01 4.000000E+01 0
6.200000E+01 3.800000E+01 0
6.400000E+01 3.800000E+01 0
6.200000E+01 4.000000E+01 0
6.400000E+01 4.000000E+01 0
6.600000E+01 3.800000E+01 0
6.800000E+01 3.800000E+01 0
6.600000E+01 4.000000E+01 0
6.800000E+01 4.000000E+01 0
7.000000E+01 3.800000E+01 0
7.200000E+01 3.800000E+01 0
7.000000E+01 4.000000E+01 0
7.200000E+01 4.000000E+01 0
7.400000E+01 3.800000E+01 0
7.600000E+01 3.800000E+01 0
7.400000E+01 4.000000E+01 0
7.600000E+01 4.000000E+01 0
7.800000E+01 3.800000E+01 0
8.000000E+01 3.800000E+01 0
7.800000E+01 4.000000E+01 0
8.000000E+01 4.000000E+01 0
8.200000E+01 3.800000E+01 0
8.400000E+01 3.800000E+01 0
8.200000E+01 4.000000E+01 0
8.400000E+01 4.000000E+01 0
8.600000E+01 3.800000E+01 0
8.800000E+01 3.800000E+01 0
8.600000E+01 4.000000E+01 0
8.800000E+01 4.000000E+01 0
9.000000E+01 3.800000E+01 0
9.200000E+01 3.800000E+01 0
9.000000E+01 4.000000E+01 0
9.200000E+01 4.000000E+01 0
9.400000E+01 3.800000E+01 0
9.600000E+01 3.800000E+01 0
9.400000E+01 4.000000E+01 0
9.600000E+01 4.000000E+01 0
9.800000E+01 3.800000E+01 0
1.000000E+02 3.800000E+01 0
9.800000E+01 4.000000E+01 0
1.000000E+02 4.000000E+01 0
2.000000E+00 4.200000E+01 0
0.000000E+00 4.200000E+01 0
4.000000E+00 4.200000E+01 0
2.000000E+00 4.400000E+01 0
0.000000E+00 4.400000E+01 0
4.000000E+00 4.400000E+01 0
6.000000E+00 4.200000E+01 0
8.000000E+00 4.200000E+01 0
6.000000E+00 4.400000E+01 0
8.000000E+00 4.400000E+01 0
1.000000E+01 4.200000E+01 0
1.200000E+01 4.200000E+01 0
1.000000E+01 4.400000E+01 0
1.200000E+01 4.400000E+01 0
1.400000E+01 4.200000E+01 0
1.600000E+01 4.200000E+01 0
1.400000E+01 4.400000E+01 0
1.600000E+01 4.400000E+01 0
1.800000E+01 4.200000E+01 0
2.000000E+01 4.200000E+01 0
1.800000E+01 4.400000E+01 0
2.000000E+01 4.400000E+01 0
2.200000E+01 4.200000E+01 0
2.400000E+01 4.200000E+01 0
2.200000E+01 4.400000E+01 0
2.400000E+01 4.400000E+01 0
2.600000E+01 4.200000E+01 0
2.800000E+01 4.200000E+01 0
2.600000E+01 4.400000E+01 0
2.800000E+01 4.400000E+01 0
3.000000E+01 4.200000E+01 0
3.200000E+01 4.200000E+01 0
3.000000E+01 4.400000E+01 0
3.200000E+01 4.400000E+01 0
3.400000E+01 4.200000E+01 0
3.600000E+01 4.200000E+01 0
3.400000E+01 4.400000E+01 0
3.600000E+01 4.400000E+01 0
3.800000E+01 4.200000E+01 0
4.000000E+01 4.200000E+01 0
3.800000E+01 4.400000E+01 0
4.000000E+01 4.400000E+01 0
4.200000E+01 4.200000E+01 0
4.400000E+01 4.200000E+01 0
4.200000E+01 4.400000E+01 0
4.400000E+01 4.400000E+01 0
4.600000E+01 4.200000E+01 0
4.800000E+01 4.200000E+01 0
4.600000E+01 4.400000E+01 0
4.800000E+01 4.400000E+01 0
5.000000E+01 4.200000E+01 0
5.200000E+01 4.200000E+01 0
5.000000E+01 4.400000E+01 0
5.200000E+01 4.400000E+01 0
5.400000E+01 4.200000E+01 0
5.600000E+01 4.200000E+01 0
5.400000E+01 4.400000E+01 0
5.600000E+01 4.400000E+01 0
5.800000E+01 4.200000E+01 0
6.000000E+01 4.200000E+01 0
5.800000E+01 4.400000E+01 0
6.000000E+01 4.400000E+01 0
6.200000E+01 4.200000E+01 0
6.400000E+01 4.200000E+01 0
6.200000E+01 4.400000E+01 0
6.400000E+01 4.400000E+01 0
6.600000E+01 4.200000E+01 0
6.800000E+01 4.200000E+01 0
6.600000E+01 4.400000E+01 0
6.800000E+01 4.400000E+01 0
7.000000E+01 4.200000E+01 0
7.200000E+01 4.200000E+01 0
7.000000E+01 4.400000E+01 0
7.200000E+01 4.400000E+01 0
7.400000E+01 4.200000E+01 0
7.600000E+01 4.200000E+01 0
7.400000E+01 4.400000E+01 0
7.600000E+01 4.400000E+01 0
7.800000E+01 4.200000E+01 0
8.000000E+01 4.200000E+01 0
7.800000E+01 4.400000E+01 0
8.000000E+01 4.400000E+01 0
8.200000E+01 4.200000E+01 0
8.400000E+01 4.200000E+01 0
8.200000E+01 4.400000E+01 0
8.400000E+01 4.400000E+01 0
8.600000E+01 4.200000E+01 0
8.800000E+01 4.200000E+01 0
8.600000E+01 4.400000E+01 0
8.800000E+01 4.400000E+01 0
9.000000E+01 4.200000E+01 0
9.200000E+01 4.200000E+01 0
9.000000E+01 4.400000E+01 0
9.200000E+01 4.400000E+01 0
9.400000E+01 4.200000E+01 0
9.600000E+01 4.200000E+01 0
9.400000E+01 4.400000E+01 0
9.600000E+01 4.400000E+01 0
9.800000E+01 4.200000E+01 0
1.000000E+02 4.200000E+01 0
9.800000E+01 4.400000E+01 0
1.000000E+02 4.400000E+01 0
2.000000E+00 4.600000E+01 0
0.000000E+00 4.600000E+01 0
4.000000E+00 4.600000E+01 0
2.000000E+00 4.800000E+01 0
0.000000E+00 4.800000E+01 0
4.000000E+00 4.800000E+01 0
6.000000E+00 4.600000E+01 0
8.000000E+00 4.600000E+01 0
6.000000E+00 4.800000E+01 0
8.000000E+00 4.800000E+01 0
1.000000E+01 4.600000E+01 0
1.200000E+01 4.600000E+01 0
1.000000E+01 4.800000E+01 0
1.200000E+01 4.800000E+01 0
1.400000E+01 4.600000E+01 0
1.600000E+01 4.600000E+01 0
1.400000E+01 4.800000E+01 0
1.600000E+01 4.800000E+01 0
1.800000E+01 4.600000E+01 0
2.000000E+01 4.600000E+01 0
1.800000E+01 4.800000E+01 0
2.000000E+01 4.800000E+01 0
2.200000E+01 4.600000E+01 0
2.400000E+01 4.600000E+01 0
2.200000E+01 4.800000E+01 0
2.400000E+01 4.800000E+01 0
2.600000E+01 4.600000E+01 0
2.800000E+01 4.600000E+01 0
2.600000E+01 4.800000E+01 0
2.800000E+01 4.800000E+01 0
3.000000E+01 4.600000E+01 0
3.200000E+01 4.600000E+01 0
3.000000E+01 4.800000E+01 0
3.200000E+01 4.800000E+01 0
3.400000E+01 4.600000E+01 0
3.600000E+01 4.600000E+01 0
3.400000E+01 4.800000E+01 0
3.600000E+01 4.800000E+01 0
3.800000E+01 4.600000E+01 0
4.000000E+01 4.600000E+01 0
3.800000E+01 4.800000E+01 0
4.000000E+01 4.800000E+01 0
4.200000E+01 4.600000E+01 0
4.400000E+01 4.600000E+01 0
4.200000E+01 4.800000E+01 0
4.400000E+01 4.800000E+01 0
4.600000E+01 4.600000E+01 0
4.800000E+01 4.600000E+01 0
4.600000E+01 4.800000E+01 0
4.800000E+01 4.800000E+01 0
5.000000E+01 4.600000E+01 0
5.200000E+01 4.600000E+01 0
5.000000E+01 4.800000E+01 0
5.200000E+01 4.800000E+01 0
5.400000E+01 4.600000E+01 0
5.600000E+01 4.600000E+01 0
5.400000E+01 4.800000E+01 0
5.600000E+01 4.800000E+01 0
5.800000E+01 4.600000E+01 0
6.000000E+01 4.600000E+01 0
5.800000E+01 4.800000E+01 0
6.000000E+01 4.800000E+01 0
6.200000E+01 4.600000E+01 0
6.400000E+01 4.600000E+01 0
6.200000E+01 4.800000E+01 0
6.400000E+01 4.800000E+01 0
6.600000E+01 4.600000E+01 0
6.800000E+01 4.600000E+01 0
6.600000E+01 4.800000E+01 0
6.800000E+01 4.800000E+01 0
7.000000E+01 4.600000E+01 0
7.200000E+01 4.600000E+01 0
7.000000E+01 4.800000E+01 0
7.200000E+01 4.800000E+01 0
7.400000E+01 4.600000E+01 0
7.600000E+01 4.600000E+01 0
7.400000E+01 4.800000E+01 0
7.600000E+01 4.800000E+01 0
7.800000E+01 4.600000E+01 0
8.000000E+01 4.600000E+01 0
7.800000E+01 4.800000E+01 0
8.000000E+01 4.800000E+01 0
8.200000E+01 4.600000E+01 0
8.400000E+01 4.600000E+01 0
8.200000E+01 4.800000E+01 0
8.400000E+01 4.800000E+01 0
8.600000E+01 4.600000E+01 0
8.800000E+01 4.600000E+01 0
8.600000E+01 4.800000E+01 0
8.800000E+01 4.800000E+01 0
9.000000E+01 4.600000E+01 0
9.200000E+01 4.600000E+01 0
9.000000E+01 4.800000E+01 0
9.200000E+01 4.800000E+01 0
9.400000E+01 4.600000E+01 0
9.600000E+01 4.600000E+01 0
9.400000E+01 4.800000E+01 0
9.600000E+01 4.800000E+01 0
9.800000E+01 4.600000E+01 0
1.000000E+02 4.600000E+01 0
9.800000E+01 4.800000E+01 0
1.000000E+02 4.800000E+01 0
5.400000E+01 5.000000E+01 0
5.200000E+01 5.000000E+01 0
5.600000E+01 5.000000E+01 0
5.400000E+01 5.200000E+01 0
5.200000E+01 5.200000E+01 0
5.600000E+01 5.200000E+01 0
5.800000E+01 5.000000E+01 0
6.000000E+01 5.000000E+01 0
5.800000E+01 5.200000E+01 0
6.000000E+01 5.200000E+01 0
6.200000E+01 5.000000E+01 0
6.400000E+01 5.000000E+01 0
6.200000E+01 5.200000E+01 0
6.400000E+01 5.200000E+01 0
6.600000E+01 5.000000E+01 0
6.800000E+01 5.000000E+01 0
6.600000E+01 5.200000E+01 0
6.800000E+01 5.200000E+01 0
7.000000E+01 5.000000E+01 0
7.200000E+01 5.000000E+01 0
7.000000E+01 5.200000E+01 0
7.200000E+01 5.200000E+01 0
7.400000E+01 5.000000E+01 0
7.600000E+01 5.000000E+01 0
7.400000E+01 5.200000E+01 0
7.600000E+01 5.200000E+01 0
7.800000E+01 5.000000E+01 0
8.000000E+01 5.000000E+01 0
7.800000E+01 5.200000E+01 0
8.000000E+01 5.200000E+01 0
8.200000E+01 5.000000E+01 0
8.400000E+01 5.000000E+01 0
8.200000E+01 5.200000E+01 0
8.400000E+01 5.200000E+01 0
8.600000E+01 5.000000E+01 0
8.800000E+01 5.000000E+01 0
8.600000E+01 5.200000E+01 0
8.800000E+01 5.200000E+01 0
9.000000E+01 5.000000E+01 0
9.200000E+01 5.000000E+01 0
9.000000E+01 5.200000E+01 0
9.200000E+01 5.200000E+01 0
9.400000E+01 5.000000E+01 0
9.600000E+01 5.000000E+01 0
9.400000E+01 5.200000E+01 0
9.600000E+01 5.200000E+01 0
9.800000E+01 5.000000E+01 0
1.000000E+02 5.000000E+01 0
9.800000E+01 5.200000E+01 0
1.000000E+02 5.200000E+01 0
0.000000E+00 5.200000E+01 0
2.000000E+00 5.200000E+01 0
2.000000E+00 5.400000E+01 0
4.042199E-17 5.400000E+01 0
4.000000E+00 5.200000E+01 0
4.000000E+00 5.400000E+01 0
2.000000E+00 5.600000E+01 0
0.000000E+00 5.600000E+01 0
4.000000E+00 5.600000E+01 0
6.000000E+00 5.200000E+01 0
6.000000E+00 5.400000E+01 0
8.000000E+00 5.200000E+01 0
8.000000E+00 5.400000E+01 0
6.000000E+00 5.600000E+01 0
8.000000E+00 5.600000E+01 0
1.000000E+01 5.200000E+01 0
1.000000E+01 5.400000E+01 0
1.200000E+01 5.200000E+01 0
1.200000E+01 5.400000E+01 0
1.000000E+01 5.600000E+01 0
1.200000E+01 5.600000E+01 0
1.400000E+01 5.200000E+01 0
1.400000E+01 5.400000E+01 0
1.600000E+01 5.200000E+01 0
1.600000E+01 5.400000E+01 0
1.400000E+01 5.600000E+01 0
1.600000E+01 5.600000E+01 0
1.800000E+01 5.200000E+01 0
1.800000E+01 5.400000E+01 0
2.000000E+01 5.200000E+01 0
2.000000E+01 5.400000E+01 0
1.800000E+01 5.600000E+01 0
2.000000E+01 5.600000E+01 0
2.200000E+01 5.200000E+01 0
2.200000E+01 5.400000E+01 0
2.400000E+01 5.200000E+01 0
2.400000E+01 5.400000E+01 0
2.200000E+01 5.600000E+01 0
2.400000E+01 5.600000E+01 0
2.600000E+01 5.200000E+01 0
2.600000E+01 5.400000E+01 0
2.800000E+01 5.200000E+01 0
2.800000E+01 5.400000E+01 0
2.600000E+01 5.600000E+01 0
2.800000E+01 5.600000E+01 0
3.000000E+01 5.200000E+01 0
3.000000E+01 5.400000E+01 0
3.200000E+01 5.200000E+01 0
3.200000E+01 5.400000E+01 0
3.000000E+01 5.600000E+01 0
3.200000E+01 5.600000E+01 0
3.400000E+01 5.200000E+01 0
3.400000E+01 5.400000E+01 0
3.600000E+01 5.200000E+01 0
3.600000E+01 5.400000E+01 0
3.400000E+01 5.600000E+01 0
3.600000E+01 5.600000E+01 0
3.800000E+01 5.200000E+01 0
3.800000E+01 5.400000E+01 0
4.000000E+01 5.200000E+01 0
4.000000E+01 5.400000E+01 0
3.800000E+01 5.600000E+01 0
4.000000E+01 5.600000E+01 0
4.200000E+01 5.200000E+01 0
4.200000E+01 5.400000E+01 0
4.400000E+01 5.200000E+01 0
4.400000E+01 5.400000E+01 0
4.200000E+01 5.600000E+01 0
4.400000E+01 5.600000E+01 0
4.600000E+01 5.200000E+01 0
4.600000E+01 5.400000E+01 0
4.800000E+01 5.200000E+01 0
4.800000E+01 5.400000E+01 0
4.600000E+01 5.600000E+01 0
4.800000E+01 5.600000E+01 0
5.000000E+01 5.200000E+01 0
5.000000E+01 5.400000E+01 0
5.200000E+01 5.400000E+01 0
5.000000E+01 5.600000E+01 0
5.200000E+01 5.600000E+01 0
5.400000E+01 5.400000E+01 0
5.600000E+01 5.400000E+01 0
5.400000E+01 5.600000E+01 0
5.600000E+01 5.600000E+01 0
5.800000E+01 5.400000E+01 0
6.000000E+01 5.400000E+01 0
5.800000E+01 5.600000E+01 0
6.000000E+01 5.600000E+01 0
6.200000E+01 5.400000E+01 0
6.400000E+01 5.400000E+01 0
6.200000E+01 5.600000E+01 0
6.400000E+01 5.600000E+01 0
6.600000E+01 5.400000E+01 0
6.800000E+01 5.400000E+01 0
6.600000E+01 5.600000E+01 0
6.800000E+01 5.600000E+01 0
7.000000E+01 5.400000E+01 0
7.200000E+01 5.400000E+01 0
7.000000E+01 5.600000E+01 0
7.200000E+01 5.600000E+01 0
7.400000E+01 5.400000E+01 0
7.600000E+01 5.400000E+01 0
7.400000E+01 5.600000E+01 0
7.600000E+01 5.600000E+01 0
7.800000E+01 5.400000E+01 0
8.000000E+01 5.400000E+01 0
7.800000E+01 5.600000E+01 0
8.000000E+01 5.600000E+01 0
8.200000E+01 5.400000E+01 0
8.400000E+01 5.400000E+01 0
8.200000E+01 5.600000E+01 0
8.400000E+01 5.600000E+01 0
8.600000E+01 5.400000E+01 0
8.800000E+01 5.400000E+01 0
8.600000E+01 5.600000E+01 0
8.800000E+01 5.600000E+01 0
9.000000E+01 5.400000E+01 0
9.200000E+01 5.400000E+01 0
9.000000E+01 5.600000E+01 0
9.200000E+01 5.600000E+01 0
9.400000E+01 5.400000E+01 0
9.600000E+01 5.400000E+01 0
9.400000E+01 5.600000E+01 0
9.600000E+01 5.600000E+01 0
9.800000E+01 5.400000E+01 0
1.000000E+02 5.400000E+01 0
9.800000E+01 5.600000E+01 0
1.000000E+02 5.600000E+01 0
2.000000E+00 5.800000E+01 0
-4.042199E-17 5.800000E+01 0
4.000000E+00 5.800000E+01 0
2.000000E+00 6.000000E+01 0
0.000000E+00 6.000000E+01 0
4.000000E+00 6.000000E+01 0
6.000000E+00 5.800000E+01 0
8.000000E+00 5.800000E+01 0
6.000000E+00 6.000000E+01 0
8.000000E+00 6.000000E+01 0
1.000000E+01 5.800000E+01 0
1.200000E+01 5.800000E+01 0
1.000000E+01 6.000000E+01 0
1.200000E+01 6.000000E+01 0
1.400000E+01 5.800000E+01 0
1.600000E+01 5.800000E+01 0
1.400000E+01 6.000000E+01 0
1.600000E+01 6.000000E+01 0
1.800000E+01 5.800000E+01 0
2.000000E+01 5.800000E+01 0
1.800000E+01 6.000000E+01 0
2.000000E+01 6.000000E+01 0
2.200000E+01 5.800000E+01 0
2.400000E+01 5.800000E+01 0
2.200000E+01 6.000000E+01 0
2.400000E+01 6.000000E+01 0
2.600000E+01 5.800000E+01 0
2.800000E+01 5.800000E+01 0
2.600000E+01 6.000000E+01 0
2.800000E+01 6.000000E+01 0
3.000000E+01 5.800000E+01 0
3.200000E+01 5.800000E+01 0
3.000000E+01 6.000000E+01 0
3.200000E+01 6.000000E+01 0
3.400000E+01 5.800000E+01 0
3.600000E+01 5.800000E+01 0
3.400000E+01 6.000000E+01 0
3.600000E+01 6.000000E+01 0
3.800000E+01 5.800000E+01 0
4.000000E+01 5.800000E+01 0
3.800000E+01 6.000000E+01 0
4.000000E+01 6.000000E+01 0
4.200000E+01 5.800000E+01 0
4.400000E+01 5.800000E+01 0
4.200000E+01 6.000000E+01 0
4.400000E+01 6.000000E+01 0
4.600000E+01 5.800000E+01 0
4.800000E+01 5.800000E+01 0
4.600000E+01 6.000000E+01 0
4.800000E+01 6.000000E+01 0
5.000000E+01 5.800000E+01 0
5.200000E+01 5.800000E+01 0
5.000000E+01 6.000000E+01 0
5.200000E+01 6.000000E+01 0
5.400000E+01 5.800000E+01 0
5.600000E+01 5.800000E+01 0
5.400000E+01 6.000000E+01 0
5.600000E+01 6.000000E+01 0
5.800000E+01 5.800000E+01 0
6.000000E+01 5.800000E+01 0
5.800000E+01 6.000000E+01 0
6.000000E+01 6.000000E+01 0
6.200000E+01 5.800000E+01 0
6.400000E+01 5.800000E+01 0
6.200000E+01 6.000000E+01 0
6.400000E+01 6.000000E+01 0
6.600000E+01 5.800000E+01 0
6.800000E+01 5.800000E+01 0
6.600000E+01 6.000000E+01 0
6.800000E+01 6.000000E+01 0
7.000000E+01 5.800000E+01 0
7.200000E+01 5.800000E+01 0
7.000000E+01 6.000000E+01 0
7.200000E+01 6.000000E+01 0
7.400000E+01 5.800000E+01 0
7.600000E+01 5.800000E+01 0
7.400000E+01 6.000000E+01 0
7.600000E+01 6.000000E+01 0
7.800000E+01 5.800000E+01 0
8.000000E+01 5.800000E+01 0
7.800000E+01 6.000000E+01 0
8.000000E+01 6.000000E+01 0
8.200000E+01 5.800000E+01 0
8.400000E+01 5.800000E+01 0
8.200000E+01 6.000000E+01 0
8.400000E+01 6.000000E+01 0
8.600000E+01 5.800000E+01 0
8.800000E+01 5.800000E+01 0
8.600000E+01 6.000000E+01 0
8.800000E+01 6.000000E+01 0
9.000000E+01 5.800000E+01 0
9.200000E+01 5.800000E+01 0
9.000000E+01 6.000000E+01 0
9.200000E+01 6.000000E+01 0
9.400000E+01 5.800000E+01 0
9.600000E+01 5.800000E+01 0
9.400000E+01 6.000000E+01 0
9.600000E+01 6.000000E+01 0
9.800000E+01 5.800000E+01 0
1.000000E+02 5.800000E+01 0
9.800000E+01 6.000000E+01 0
1.000000E+02 6.000000E+01 0
2.000000E+00 6.200000E+01 0
-4.042199E-17 6.200000E+01 0
4.000000E+00 6.200000E+01 0
2.000000E+00 6.400000E+01 0
0.000000E+00 6.400000E+01 0
4.000000E+00 6.400000E+01 0
6.000000E+00 6.200000E+01 0
8.000000E+00 6.200000E+01 0
6.000000E+00 6.400000E+01 0
8.000000E+00 6.400000E+01 0
1.000000E+01 6.200000E+01 0
1.200000E+01 6.200000E+01 0
1.000000E+01 6.400000E+01 0
1.200000E+01 6.400000E+01 0
1.400000E+01 6.200000E+01 0
1.600000E+01 6.200000E+01 0
1.400000E+01 6.400000E+01 0
1.600000E+01 6.400000E+01 0
1.800000E+01 6.200000E+01 0
2.000000E+01 6.200000E+01 0
1.800000E+01 6.400000E+01 0
2.000000E+01 6.400000E+01 0
2.200000E+01 6.200000E+01 0
2.400000E+01 6.200000E+01 0
2.200000E+01 6.400000E+01 0
2.400000E+01 6.400000E+01 0
2.600000E+01 6.200000E+01 0
2.800000E+01 6.200000E+01 0
2.600000E+01 6.400000E+01 0
2.800000E+01 6.400000E+01 0
3.000000E+01 6.200000E+01 0
3.200000E+01 6.200000E+01 0
3.000000E+01 6.400000E+01 0
3.200000E+01 6.400000E+01 0
3.400000E+01 6.200000E+01 0
3.600000E+01 6.200000E+01 0
3.400000E+01 6.400000E+01 0
3.600000E+01 6.400000E+01 0
3.800000E+01 6.200000E+01 0
4.000000E+01 6.200000E+01 0
3.800000E+01 6.400000E+01 0
4.000000E+01 6.400000E+01 0
4.200000E+01 6.200000E+01 0
4.400000E+01 6.200000E+01 0
4.200000E+01 6.400000E+01 0
4.400000E+01 6.400000E+01 0
4.600000E+01 6.200000E+01 0
4.800000E+01 6.200000E+01 0
4.600000E+01 6.400000E+01 0
4.800000E+01 6.400000E+01 0
5.000000E+01 6.200000E+01 0
5.200000E+01 6.200000E+01 0
5.000000E+01 6.400000E+01 0
5.200000E+01 6.400000E+01 0
5.400000E+01 6.200000E+01 0
5.600000E+01 6.200000E+01 0
5.400000E+01 6.400000E+01 0
5.600000E+01 6.400000E+01 0
5.800000E+01 6.200000E+01 0
6.000000E+01 6.200000E+01 0
5.800000E+01 6.400000E+01 0
6.000000E+01 6.400000E+01 0
6.200000E+01 6.200000E+01 0
6.400000E+01 6.200000E+01 0
6.200000E+01 6.400000E+01 0
6.400000E+01 6.400000E+01 0
6.600000E+01 6.200000E+01 0
6.800000E+01 6.200000E+01 0
6.600000E+01 6.400000E+01 0
6.800000E+01 6.400000E+01 0
7.000000E+01 6.200000E+01 0
7.200000E+01 6.200000E+01 0
7.000000E+01 6.400000E+01 0
7.200000E+01 6.400000E+01 0
7.400000E+01 6.200000E+01 0
7.600000E+01 6.200000E+01 0
7.400000E+01 6.400000E+01 0
7.600000E+01 6.400000E+01 0
7.800000E+01 6.200000E+01 0
8.000000E+01 6.200000E+01 0
7.800000E+01 6.400000E+01 0
8.000000E+01 6.400000E+01 0
8.200000E+01 6.200000E+01 0
8.400000E+01 6.200000E+01 0
8.200000E+01 6.400000E+01 0
8.400000E+01 6.400000E+01 0
8.600000E+01 6.200000E+01 0
8.800000E+01 6.200000E+01 0
8.600000E+01 6.400000E+01 0
8.800000E+01 6.400000E+01 0
9.000000E+01 6.200000E+01 0
9.200000E+01 6.200000E+01 0
9.000000E+01 6.400000E+01 0
9.200000E+01 6.400000E+01 0
9.400000E+01 6.200000E+01 0
9.600000E+01 6.200000E+01 0
9.400000E+01 6.400000E+01 0
9.600000E+01 6.400000E+01 0
9.800000E+01 6.200000E+01 0
1.000000E+02 6.200000E+01 0
9.800000E+01 6.400000E+01 0
1.000000E+02 6.400000E+01 0
2.000000E+00 6.600000E+01 0
4.042199E-17 6.600000E+01 0
4.000000E+00 6.600000E+01 0
2.000000E+00 6.800000E+01 0
0.000000E+00 6.800000E+01 0
4.000000E+00 6.800000E+01 0
6.000000E+00 6.600000E+01 0
8.000000E+00 6.600000E+01 0
6.000000E+00 6.800000E+01 0
8.000000E+00 6.800000E+01 0
1.000000E+01 6.600000E+01 0
1.200000E+01 6.600000E+01 0
1.000000E+01 6.800000E+01 0
1.200000E+01 6.800000E+01 0
1.400000E+01 6.600000E+01 0
1.600000E+01 6.600000E+01 0
1.400000E+01 6.800000E+01 0
1.600000E+01 6.800000E+01 0
1.800000E+01 6.600000E+01 0
2.000000E+01 6.600000E+01 0
1.800000E+01 6.800000E+01 0
2.000000E+01 6.800000E+01 0
2.200000E+01 6.600000E+01 0
2.400000E+01 6.600000E+01 0
2.200000E+01 6.800000E+01 0
2.400000E+01 6.800000E+01 0
2.600000E+01 6.600000E+01 0
2.800000E+01 6.600000E+01 0
2.600000E+01 6.800000E+01 0
2.800000E+01 6.800000E+01 0
3.000000E+01 6.600000E+01 0
3.200000E+01 6.600000E+01 0
3.000000E+01 6.800000E+01 0
3.200000E+01 6.800000E+01 0
3.400000E+01 6.600000E+01 0
3.600000E+01 6.600000E+01 0
3.400000E+01 6.800000E+01 0
3.600000E+01 6.800000E+01 0
3.800000E+01 6.600000E+01 0
4.000000E+01 6.600000E+01 0
3.800000E+01 6.800000E+01 0
4.000000E+01 6.800000E+01 0
4.200000E+01 6.600000E+01 0
4.400000E+01 6.600000E+01 0
4.200000E+01 6.800000E+01 0
4.400000E+01 6.800000E+01 0
4.600000E+01 6.600000E+01 0
4.800000E+01 6.600000E+01 0
4.600000E+01 6.800000E+01 0
4.800000E+01 6.800000E+01 0
5.000000E+01 6.600000E+01 0
5.200000E+01 6.600000E+01 0
5.000000E+01 6.800000E+01 0
5.200000E+01 6.800000E+01 0
5.400000E+01 6.600000E+01 0
5.600000E+01 6.600000E+01 0
5.400000E+01 6.800000E+01 0
5.600000E+01 6.800000E+01 0
5.800000E+01 6.600000E+01 0
6.000000E+01 6.600000E+01 0
5.800000E+01 6.800000E+01 0
6.000000E+01 6.800000E+01 0
6.200000E+01 6.600000E+01 0
6.400000E+01 6.600000E+01 0
6.200000E+01 6.800000E+01 0
6.400000E+01 6.800000E+01 0
6.600000E+01 6.600000E+01 0
6.800000E+01 6.600000E+01 0
6.600000E+01 6.800000E+01 0
6.800000E+01 6.800000E+01 0
7.000000E+01 6.600000E+01 0
7.200000E+01 6.600000E+01 0
7.000000E+01 6.800000E+01 0
7.200000E+01 6.800000E+01 0
7.400000E+01 6.600000E+01 0
7.600000E+01 6.600000E+01 0
7.400000E+01 6.800000E+01 0
7.600000E+01 6.800000E+01 0
7.800000E+01 6.600000E+01 0
8.000000E+01 6.600000E+01 0
7.800000E+01 6.800000E+01 0
8.000000E+01 6.800000E+01 0
8.200000E+01 6.600000E+01 0
8.400000E+01 6.600000E+01 0
8.200000E+01 6.800000E+01 0
8.400000E+01 6.800000E+01 0
8.600000E+01 6.600000E+01 0
8.800000E+01 6.600000E+01 0
8.600000E+01 6.800000E+01 0
8.800000E+01 6.800000E+01 0
9.000000E+01 6.600000E+01 0
9.200000E+01 6.600000E+01 0
9.000000E+01 6.800000E+01 0
9.200000E+01 6.800000E+01 0
9.400000E+01 6.600000E+01 0
9.600000E+01 6.600000E+01 0
9.400000E+01 6.800000E+01 0
9.600000E+01 6.800000E+01 0
9.800000E+01 6.600000E+01 0
1.000000E+02 6.600000E+01 0
9.800000E+01 6.800000E+01 0
1.000000E+02 6.800000E+01 0
2.000000E+00 7.000000E+01 0
-4.042199E-17 7.000000E+01 0
4.000000E+00 7.000000E+01 0
2.000000E+00 7.200000E+01 0
0.000000E+00 7.200000E+01 0
4.000000E+00 7.200000E+01 0
6.000000E+00 7.000000E+01 0
8.000000E+00 7.000000E+01 0
6.000000E+00 7.200000E+01 0
8.000000E+00 7.200000E+01 0
1.000000E+01 7.000000E+01 0
1.200000E+01 7.000000E+01 0
1.000000E+01 7.200000E+01 0
1.200000E+01 7.200000E+01 0
1.400000E+01 7.000000E+01 0
1.600000E+01 7.000000E+01 0
1.400000E+01 7.200000E+01 0
1.600000E+01 7.200000E+01 0
1.800000E+01 7.000000E+01 0
2.000000E+01 7.000000E+01 0
1.800000E+01 7.200000E+01 0
2.000000E+01 7.200000E+01 0
2.200000E+01 7.000000E+01 0
2.400000E+01 7.000000E+01 0
2.200000E+01 7.200000E+01 0
2.400000E+01 7.200000E+01 0
2.600000E+01 7.000000E+01 0
2.800000E+01 7.000000E+01 0
2.600000E+01 7.200000E+01 0
2.800000E+01 7.200000E+01 0
3.000000E+01 7.000000E+01 0
3.200000E+01 7.000000E+01 0
3.000000E+01 7.200000E+01 0
3.200000E+01 7.200000E+01 0
3.400000E+01 7.000000E+01 0
3.600000E+01 7.000000E+01 0
3.400000E+01 7.200000E+01 0
3.600000E+01 7.200000E+01 0
3.800000E+01 7.000000E+01 0
4.000000E+01 7.000000E+01 0
3.800000E+01 7.200000E+01 0
4.000000E+01 7.200000E+01 0
4.200000E+01 7.000000E+01 0
4.400000E+01 7.000000E+01 0
4.200000E+01 7.200000E+01 0
4.400000E+01 7.200000E+01 0
4.600000E+01 7.000000E+01 0
4.800000E+01 7.000000E+01 0
4.600000E+01 7.200000E+01 0
4.800000E+01 7.200000E+01 0
5.000000E+01 7.000000E+01 0
5.200000E+01 7.000000E+01 0
5.000000E+01 7.200000E+01 0
5.200000E+01 7.200000E+01 0
5.400000E+01 7.000000E+01 0
5.600000E+01 7.000000E+01 0
5.400000E+01 7.200000E+01 0
5.600000E+01 7.200000E+01 0
5.800000E+01 7.000000E+01 0
6.000000E+01 7.000000E+01 0
5.800000E+01 7.200000E+01 0
6.000000E+01 7.200000E+01 0
6.200000E+01 7.000000E+01 0
6.400000E+01 7.000000E+01 0
6.200000E+01 7.200000E+01 0
6.400000E+01 7.200000E+01 0
6.600000E+01 7.000000E+01 0
6.800000E+01 7.000000E+01 0
6.600000E+01 7.200000E+01 0
6.800000E+01 7.200000E+01 0
7.000000E+01 7.000000E+01 0
7.200000E+01 7.000000E+01 0
7.000000E+01 7.200000E+01 0
7.200000E+01 7.200000E+01 0
7.400000E+01 7.000000E+01 0
7.600000E+01 7.000000E+01 0
7.400000E+01 7.200000E+01 0
7.600000E+01 7.200000E+01 0
7.800000E+01 7.000000E+01 0
8.000000E+01 7.000000E+01 0
7.800000E+01 7.200000E+01 0
8.000000E+01 7.200000E+01 0
8.200000E+01 7.000000E+01 0
8.400000E+01 7.000000E+01 0
8.200000E+01 7.200000E+01 0
8.400000E+01 7.200000E+01 0
8.600000E+01 7.000000E+01 0
8.800000E+01 7.000000E+01 0
8.600000E+01 7.200000E+01 0
8.800000E+01 7.200000E+01 0
9.000000E+01 7.000000E+01 0
9.200000E+01 7.000000E+01 0
9.000000E+01 7.200000E+01 0
9.200000E+01 7.200000E+01 0
9.400000E+01 7.000000E+01 0
9.600000E+01 7.000000E+01 0
9.400000E+01 7.200000E+01 0
9.600000E+01 7.200000E+01 0
9.800000E+01 7.000000E+01 0
1.000000E+02 7.000000E+01 0
9.800000E+01 7.200000E+01 0
1.000000E+02 7.200000E+01 0
2.000000E+00 7.400000E+01 0
-4.042199E-17 7.400000E+01 0
4.000000E+00 7.400000E+01 0
2.000000E+00 7.600000E+01 0
0.000000E+00 7.600000E+01 0
4.000000E+00 7.600000E+01 0
6.000000E+00 7.400000E+01 0
8.000000E+00 7.400000E+01 0
6.000000E+00 7.600000E+01 0
8.000000E+00 7.600000E+01 0
1.000000E+01 7.400000E+01 0
1.200000E+01 7.400000E+01 0
1.000000E+01 7.600000E+01 0
1.200000E+01 7.600000E+01 0
1.400000E+01 7.400000E+01 0
1.600000E+01 7.400000E+01 0
1.400000E+01 7.600000E+01 0
1.600000E+01 7.600000E+01 0
1.800000E+01 7.400000E+01 0
2.000000E+01 7.400000E+01 0
1.800000E+01 7.600000E+01 0
2.000000E+01 7.600000E+01 0
2.200000E+01 7.400000E+01 0
2.400000E+01 7.400000E+01 0
2.200000E+01 7.600000E+01 0
2.400000E+01 7.600000E+01 0
2.600000E+01 7.400000E+01 0
2.800000E+01 7.400000E+01 0
2.600000E+01 7.600000E+01 0
2.800000E+01 7.600000E+01 0
3.000000E+01 7.400000E+01 0
3.200000E+01 7.400000E+01 0
3.000000E+01 7.600000E+01 0
3.200000E+01 7.600000E+01 0
3.400000E+01 7.400000E+01 0
3.600000E+01 7.400000E+01 0
3.400000E+01 7.600000E+01 0
3.600000E+01 7.600000E+01 0
3.800000E+01 7.400000E+01 0
4.000000E+01 7.400000E+01 0
3.800000E+01 7.600000E+01 0
4.000000E+01 7.600000E+01 0
4.200000E+01 7.400000E+01 0
4.400000E+01 7.400000E+01 0
4.200000E+01 7.600000E+01 0
4.400000E+01 7.600000E+01 0
4.600000E+01 7.400000E+01 0
4.800000E+01 7.400000E+01 0
4.600000E+01 7.600000E+01 0
4.800000E+01 7.600000E+01 0
5.000000E+01 7.400000E+01 0
5.200000E+01 7.400000E+01 0
5.000000E+01 7.600000E+01 0
5.200000E+01 7.600000E+01 0
5.400000E+01 7.400000E+01 0
5.600000E+01 7.400000E+01 0
5.400000E+01 7.600000E+01 0
5.600000E+01 7.600000E+01 0
5.800000E+01 7.400000E+01 0
6.000000E+01 7.400000E+01 0
5.800000E+01 7.600000E+01 0
6.000000E+01 7.600000E+01 0
6.200000E+01 7.400000E+01 0
6.400000E+01 7.400000E+01 0
6.200000E+01 7.600000E+01 0
6.400000E+01 7.600000E+01 0
6.600000E+01 7.400000E+01 0
6.800000E+01 7.400000E+01 0
6.600000E+01 7.600000E+01 0
6.800000E+01 7.600000E+01 0
7.000000E+01 7.400000E+01 0
7.200000E+01 7.400000E+01 0
7.000000E+01 7.600000E+01 0
7.200000E+01 7.600000E+01 0
7.400000E+01 7.400000E+01 0
7.600000E+01 7.400000E+01 0
7.400000E+01 7.600000E+01 0
7.600000E+01 7.600000E+01 0
7.800000E+01 7.400000E+01 0
8.000000E+01 7.400000E+01 0
7.800000E+01 7.600000E+01 0
8.000000E+01 7.600000E+01 0
8.200000E+01 7.400000E+01 0
8.400000E+01 7.400000E+01 0
8.200000E+01 7.600000E+01 0
8.400000E+01 7.600000E+01 0
8.600000E+01 7.400000E+01 0
8.800000E+01 7.400000E+01 0
8.600000E+01 7.600000E+01 0
8.800000E+01 7.600000E+01 0
9.000000E+01 7.400000E+01 0
9.200000E+01 7.400000E+01 0
9.000000E+01 7.600000E+01 0
9.200000E+01 7.600000E+01 0
9.400000E+01 7.400000E+01 0
9.600000E+01 7.400000E+01 0
9.400000E+01 7.600000E+01 0
9.600000E+01 7.600000E+01 0
9.800000E+01 7.400000E+01 0
1.000000E+02 7.400000E+01 0
9.800000E+01 7.600000E+01 0
1.000000E+02 7.600000E+01 0
2.000000E+00 7.800000E+01 0
4.042199E-17 7.800000E+01 0
4.000000E+00 7.800000E+01 0
2.000000E+00 8.000000E+01 0
0.000000E+00 8.000000E+01 0
4.000000E+00 8.000000E+01 0
6.000000E+00 7.800000E+01 0
8.000000E+00 7.800000E+01 0
6.000000E+00 8.000000E+01 0
8.000000E+00 8.000000E+01 0
1.000000E+01 7.800000E+01 0
1.200000E+01 7.800000E+01 0
1.000000E+01 8.000000E+01 0
1.200000E+01 8.000000E+01 0
1.400000E+01 7.800000E+01 0
1.600000E+01 7.800000E+01 0
1.400000E+01 8.000000E+01 0
1.600000E+01 8.000000E+01 0
1.800000E+01 7.800000E+01 0
2.000000E+01 7.800000E+01 0
1.800000E+01 8.000000E+01 0
2.000000E+01 8.000000E+01 0
2.200000E+01 7.800000E+01 0
2.400000E+01 7.800000E+01 0
2.200000E+01 8.000000E+01 0
2.400000E+01 8.000000E+01 0
2.600000E+01 7.800000E+01 0
2.800000E+01 7.800000E+01 0
2.600000E+01 8.000000E+01 0
2.800000E+01 8.000000E+01 0
3.000000E+01 7.800000E+01 0
3.200000E+01 7.800000E+01 0
3.000000E+01 8.000000E+01 0
3.200000E+01 8.000000E+01 0
3.400000E+01 7.800000E+01 0
3.600000E+01 7.800000E+01 0
3.400000E+01 8.000000E+01 0
3.600000E+01 8.000000E+01 0
3.800000E+01 7.800000E+01 0
4.000000E+01 7.800000E+01 0
3.800000E+01 8.000000E+01 0
4.000000E+01 8.000000E+01 0
4.200000E+01 7.800000E+01 0
4.400000E+01 7.800000E+01 0
4.200000E+01 8.000000E+01 0
4.400000E+01 8.000000E+01 0
4.600000E+01 7.800000E+01 0
4.800000E+01 7.800000E+01 0
4.600000E+01 8.000000E+01 0
4.800000E+01 8.000000E+01 0
5.000000E+01 7.800000E+01 0
5.200000E+01 7.800000E+01 0
5.000000E+01 8.000000E+01 0
5.200000E+01 8.000000E+01 0
5.400000E+01 7.800000E+01 0
5.600000E+01 7.800000E+01 0
5.400000E+01 8.000000E+01 0
5.600000E+01 8.000000E+01 0
5.800000E+01 7.800000E+01 0
6.000000E+01 7.800000E+01 0
5.800000E+01 8.000000E+01 0
6.000000E+01 8.000000E+01 0
6.200000E+01 7.800000E+01 0
6.400000E+01 7.800000E+01 0
6.200000E+01 8.000000E+01 0
6.400000E+01 8.000000E+01 0
6.600000E+01 7.800000E+01 0
6.800000E+01 7.800000E+01 0
6.600000E+01 8.000000E+01 0
6.800000E+01 8.000000E+01 0
7.000000E+01 7.800000E+01 0
7.200000E+01 7.800000E+01 0
7.000000E+01 8.000000E+01 0
7.200000E+01 8.000000E+01 0
7.400000E+01 7.800000E+01 0
7.600000E+01 7.800000E+01 0
7.400000E+01 8.000000E+01 0
7.600000E+01 8.000000E+01 0
7.800000E+01 7.800000E+01 0
8.000000E+01 7.800000E+01 0
7.800000E+01 8.000000E+01 0
8.000000E+01 8.000000E+01 0
8.200000E+01 7.800000E+01 0
8.400000E+01 7.800000E+01 0
8.200000E+01 8.000000E+01 0
8.400000E+01 8.000000E+01 0
8.600000E+01 7.800000E+01 0
8.800000E+01 7.800000E+01 0
8.600000E+01 8.000000E+01 0
8.800000E+01 8.000000E+01 0
9.000000E+01 7.800000E+01 0
9.200000E+01 7.800000E+01 0
9.000000E+01 8.000000E+01 0
9.200000E+01 8.000000E+01 0
9.400000E+01 7.800000E+01 0
9.600000E+01 7.800000E+01 0
9.400000E+01 8.000000E+01 0
9.600000E+01 8.000000E+01 0
9.800000E+01 7.800000E+01 0
1.000000E+02 7.800000E+01 0
9.800000E+01 8.000000E+01 0
1.000000E+02 8.000000E+01 0
2.000000E+00 8.200000E+01 0
-4.042199E-17 8.200000E+01 0
4.000000E+00 8.200000E+01 0
2.000000E+00 8.400000E+01 0
0.000000E+00 8.400000E+01 0
4.000000E+00 8.400000E+01 0
6.000000E+00 8.200000E+01 0
8.000000E+00 8.200000E+01 0
6.000000E+00 8.400000E+01 0
8.000000E+00 8.400000E+01 0
1.000000E+01 8.200000E+01 0
1.200000E+01 8.200000E+01 0
1.000000E+01 8.400000E+01 0
1.200000E+01 8.400000E+01 0
1.400000E+01 8.200000E+01 0
1.600000E+01 8.200000E+01 0
1.400000E+01 8.400000E+01 0
1.600000E+01 8.400000E+01 0
1.800000E+01 8.200000E+01 0
2.000000E+01 8.200000E+01 0
1.800000E+01 8.400000E+01 0
2.000000E+01 8.400000E+01 0
2.200000E+01 8.200000E+01 0
2.400000E+01 8.200000E+01 0
2.200000E+01 8.400000E+01 0
2.400000E+01 8.400000E+01 0
2.600000E+01 8.200000E+01 0
2.800000E+01 8.200000E+01 0
2.600000E+01 8.400000E+01 0
2.800000E+01 8.400000E+01 0
3.000000E+01 8.200000E+01 0
3.200000E+01 8.200000E+01 0
3.000000E+01 8.400000E+01 0
3.200000E+01 8.400000E+01 0
3.400000E+01 8.200000E+01 0
3.600000E+01 8.200000E+01 0
3.400000E+01 8.400000E+01 0
3.600000E+01 8.400000E+01 0
3.800000E+01 8.200000E+01 0
4.000000E+01 8.200000E+01 0
3.800000E+01 8.400000E+01 0
4.000000E+01 8.400000E+01 0
4.200000E+01 8.200000E+01 0
4.400000E+01 8.200000E+01 0
4.200000E+01 8.400000E+01 0
4.400000E+01 8.400000E+01 0
4.600000E+01 8.200000E+01 0
4.800000E+01 8.200000E+01 0
4.600000E+01 8.400000E+01 0
4.800000E+01 8.400000E+01 0
5.000000E+01 8.200000E+01 0
5.200000E+01 8.200000E+01 0
5.000000E+01 8.400000E+01 0
5.200000E+01 8.400000E+01 0
5.400000E+01 8.200000E+01 0
5.600000E+01 8.200000E+01 0
5.400000E+01 8.400000E+01 0
5.600000E+01 8.400000E+01 0
5.800000E+01 8.200000E+01 0
6.000000E+01 8.200000E+01 0
5.800000E+01 8.400000E+01 0
6.000000E+01 8.400000E+01 0
6.200000E+01 8.200000E+01 0
6.400000E+01 8.200000E+01 0
6.200000E+01 8.400000E+01 0
6.400000E+01 8.400000E+01 0
6.600000E+01 8.200000E+01 0
6.800000E+01 8.200000E+01 0
6.600000E+01 8.400000E+01 0
6.800000E+01 8.400000E+01 0
7.000000E+01 8.200000E+01 0
7.200000E+01 8.200000E+01 0
7.000000E+01 8.400000E+01 0
7.200000E+01 8.400000E+01 0
7.400000E+01 8.200000E+01 0
7.600000E+01 8.200000E+01 0
7.400000E+01 8.400000E+01 0
7.600000E+01 8.400000E+01 0
7.800000E+01 8.200000E+01 0
8.000000E+01 8.200000E+01 0
7.800000E+01 8.400000E+01 0
8.000000E+01 8.400000E+01 0
8.200000E+01 8.200000E+01 0
8.400000E+01 8.200000E+01 0
8.200000E+01 8.400000E+01 0
8.400000E+01 8.400000E+01 0
8.600000E+01 8.200000E+01 0
8.800000E+01 8.200000E+01 0
8.600000E+01 8.400000E+01 0
8.800000E+01 8.400000E+01 0
9.000000E+01 8.200000E+01 0
9.200000E+01 8.200000E+01 0
9.000000E+01 8.400000E+01 0
9.200000E+01 8.400000E+01 0
9.400000E+01 8.200000E+01 0
9.600000E+01 8.200000E+01 0
9.400000E+01 8.400000E+01 0
9.600000E+01 8.400000E+01 0
9.800000E+01 8.200000E+01 0
1.000000E+02 8.200000E+01 0
9.800000E+01 8.400000E+01 0
1.000000E+02 8.400000E+01 0
2.000000E+00 8.600000E+01 0
-4.042199E-17 8.600000E+01 0
4.000000E+00 8.600000E+01 0
2.000000E+00 8.800000E+01 0
0.000000E+00 8.800000E+01 0
4.000000E+00 8.800000E+01 0
6.000000E+00 8.600000E+01 0
8.000000E+00 8.600000E+01 0
6.000000E+00 8.800000E+01 0
8.000000E+00 8.800000E+01 0
1.000000E+01 8.600000E+01 0
1.200000E+01 8.600000E+01 0
1.000000E+01 8.800000E+01 0
1.200000E+01 8.800000E+01 0
1.400000E+01 8.600000E+01 0
1.600000E+01 8.600000E+01 0
1.400000E+01 8.800000E+01 0
1.600000E+01 8.800000E+01 0
1.800000E+01 8.600000E+01 0
2.000000E+01 8.600000E+01 0
1.800000E+01 8.800000E+01 0
2.000000E+01 8.800000E+01 0
2.200000E+01 8.600000E+01 0
2.400000E+01 8.600000E+01 0
2.200000E+01 8.800000E+01 0
2.400000E+01 8.800000E+01 0
2.600000E+01 8.600000E+01 0
2.800000E+01 8.600000E+01 0
2.600000E+01 8.800000E+01 0
2.800000E+01 8.800000E+01 0
3.000000E+01 8.600000E+01 0
3.200000E+01 8.600000E+01 0
3.000000E+01 8.800000E+01 0
3.200000E+01 8.800000E+01 0
3.400000E+01 8.600000E+01 0
3.600000E+01 8.600000E+01 0
3.400000E+01 8.800000E+01 0
3.600000E+01 8.800000E+01 0
3.800000E+01 8.600000E+01 0
4.000000E+01 8.600000E+01 0
3.800000E+01 8.800000E+01 0
4.000000E+01 8.800000E+01 0
4.200000E+01 8.600000E+01 0
4.400000E+01 8.600000E+01 0
4.200000E+01 8.800000E+01 0
4.400000E+01 8.800000E+01 0
4.600000E+01 8.600000E+01 0
4.800000E+01 8.600000E+01 0
4.600000E+01 8.800000E+01 0
4.800000E+01 8.800000E+01 0
5.000000E+01 8.600000E+01 0
5.200000E+01 8.600000E+01 0
5.000000E+01 8.800000E+01 0
5.200000E+01 8.800000E+01 0
5.400000E+01 8.600000E+01 0
5.600000E+01 8.600000E+01 0
5.400000E+01 8.800000E+01 0
5.600000E+01 8.800000E+01 0
5.800000E+01 8.600000E+01 0
6.000000E+01 8.600000E+01 0
5.800000E+01 8.800000E+01 0
6.000000E+01 8.800000E+01 0
6.200000E+01 8.600000E+01 0
6.400000E+01 8.600000E+01 0
6.200000E+01 8.800000E+01 0
6.400000E+01 8.800000E+01 0
6.600000E+01 8.600000E+01 0
6.800000E+01 8.600000E+01 0
6.600000E+01 8.800000E+01 0
6.800000E+01 8.800000E+01 0
7.000000E+01 8.600000E+01 0
7.200000E+01 8.600000E+01 0
7.000000E+01 8.800000E+01 0
7.200000E+01 8.800000E+01 0
7.400000E+01 8.600000E+01 0
7.600000E+01 8.600000E+01 0
7.400000E+01 8.800000E+01 0
7.600000E+01 8.800000E+01 0
7.800000E+01 8.600000E+01 0
8.000000E+01 8.600000E+01 0
7.800000E+01 8.800000E+01 0
8.000000E+01 8.800000E+01 0
8.200000E+01 8.600000E+01 0
8.400000E+01 8.600000E+01 0
8.200000E+01 8.800000E+01 0
8.400000E+01 8.800000E+01 0
8.600000E+01 8.600000E+01 0
8.800000E+01 8.600000E+01 0
8.600000E+01 8.800000E+01 0
8.800000E+01 8.800000E+01 0
9.000000E+01 8.600000E+01 0
9.200000E+01 8.600000E+01 0
9.000000E+01 8.800000E+01 0
9.200000E+01 8.800000E+01 0
9.400000E+01 8.600000E+01 0
9.600000E+01 8.600000E+01 0
9.400000E+01 8.800000E+01 0
9.600000E+01 8.800000E+01 0
9.800000E+01 8.600000E+01 0
1.000000E+02 8.600000E+01 0
9.800000E+01 8.800000E+01 0
1.000000E+02 8.800000E+01 0
2.000000E+00 9.000000E+01 0
4.042199E-17 9.000000E+01 0
4.000000E+00 9.000000E+01 0
2.000000E+00 9.200000E+01 0
0.000000E+00 9.200000E+01 0
4.000000E+00 9.200000E+01 0
6.000000E+00 9.000000E+01 0
8.000000E+00 9.000000E+01 0
6.000000E+00 9.200000E+01 0
8.000000E+00 9.200000E+01 0
1.000000E+01 9.000000E+01 0
1.200000E+01 9.000000E+01 0
1.000000E+01 9.200000E+01 0
1.200000E+01 9.200000E+01 0
1.400000E+01 9.000000E+01 0
1.600000E+01 9.000000E+01 0
1.400000E+01 9.200000E+01 0
1.600000E+01 9.200000E+01 0
1.800000E+01 9.000000E+01 0
2.000000E+01 9.000000E+01 0
1.800000E+01 9.200000E+01 0
2.000000E+01 9.200000E+01 0
2.200000E+01 9.000000E+01 0
2.400000E+01 9.000000E+01 0
2.200000E+01 9.200000E+01 0
2.400000E+01 9.200000E+01 0
2.600000E+01 9.000000E+01 0
2.800000E+01 9.000000E+01 0
2.600000E+01 9.200000E+01 0
2.800000E+01 9.200000E+01 0
3.000000E+01 9.000000E+01 0
3.200000E+01 9.000000E+01 0
3.000000E+01 9.200000E+01 0
3.200000E+01 9.200000E+01 0
3.400000E+01 9.000000E+01 0
3.600000E+01 9.000000E+01 0
3.400000E+01 9.200000E+01 0
3.600000E+01 9.200000E+01 0
3.800000E+01 9.000000E+01 0
4.000000E+01 9.000000E+01 0
3.800000E+01 9.200000E+01 0
4.000000E+01 9.200000E+01 0
4.200000E+01 9.000000E+01 0
4.400000E+01 9.000000E+01 0
4.200000E+01 9.200000E+01 0
4.400000E+01 9.200000E+01 0
4.600000E+01 9.000000E+01 0
4.800000E+01 9.000000E+01 0
4.600000E+01 9.200000E+01 0
4.800000E+01 9.200000E+01 0
5.000000E+01 9.000000E+01 0
5.200000E+01 9.000000E+01 0
5.000000E+01 9.200000E+01 0
5.200000E+01 9.200000E+01 0
5.400000E+01 9.000000E+01 0
5.600000E+01 9.000000E+01 0
5.400000E+01 9.200000E+01 0
5.600000E+01 9.200000E+01 0
5.800000E+01 9.000000E+01 0
6.000000E+01 9.000000E+01 0
5.800000E+01 9.200000E+01 0
6.000000E+01 9.200000E+01 0
6.200000E+01 9.000000E+01 0
6.400000E+01 9.000000E+01 0
6.200000E+01 9.200000E+01 0
6.400000E+01 9.200000E+01 0
6.600000E+01 9.000000E+01 0
6.800000E+01 9.000000E+01 0
6.600000E+01 9.200000E+01 0
6.800000E+01 9.200000E+01 0
7.000000E+01 9.000000E+01 0
7.200000E+01 9.000000E+01 0
7.000000E+01 9.200000E+01 0
7.200000E+01 9.200000E+01 0
7.400000E+01 9.000000E+01 0
7.600000E+01 9.000000E+01 0
7.400000E+01 9.200000E+01 0
7.600000E+01 9.200000E+01 0
7.800000E+01 9.000000E+01 0
8.000000E+01 9.000000E+01 0
7.800000E+01 9.200000E+01 0
8.000000E+01 9.200000E+01 0
8.200000E+01 9.000000E+01 0
8.400000E+01 9.000000E+01 0
8.200000E+01 9.200000E+01 0
8.400000E+01 9.200000E+01 0
8.600000E+01 9.000000E+01 0
8.800000E+01 9.000000E+01 0
8.600000E+01 9.200000E+01 0
8.800000E+01 9.200000E+01 0
9.000000E+01 9.000000E+01 0
9.200000E+01 9.000000E+01 0
9.000000E+01 9.200000E+01 0
9.200000E+01 9.200000E+01 0
9.400000E+01 9.000000E+01 0
9.600000E+01 9.000000E+01 0
9.400000E+01 9.200000E+01 0
9.600000E+01 9.200000E+01 0
9.800000E+01 9.000000E+01 0
1.000000E+02 9.000000E+01 0
9.800000E+01 9.200000E+01 0
1.000000E+02 9.200000E+01 0
2.000000E+00 9.400000E+01 0
-4.042199E-17 9.400000E+01 0
4.000000E+00 9.400000E+01 0
2.000000E+00 9.600000E+01 0
0.000000E+00 9.600000E+01 0
4.000000E+00 9.600000E+01 0
6.000000E+00 9.400000E+01 0
8.000000E+00 9.400000E+01 0
6.000000E+00 9.600000E+01 0
8.000000E+00 9.600000E+01 0
1.000000E+01 9.400000E+01 0
1.200000E+01 9.400000E+01 0
1.000000E+01 9.600000E+01 0
1.200000E+01 9.600000E+01 0
1.400000E+01 9.400000E+01 0
1.600000E+01 9.400000E+01 0
1.400000E+01 9.600000E+01 0
1.600000E+01 9.600000E+01 0
1.800000E+01 9.400000E+01 0
2.000000E+01 9.400000E+01 0
1.800000E+01 9.600000E+01 0
2.000000E+01 9.600000E+01 0
2.200000E+01 9.400000E+01 0
2.400000E+01 9.400000E+01 0
2.200000E+01 9.600000E+01 0
2.400000E+01 9.600000E+01 0
2.600000E+01 9.400000E+01 0
2.800000E+01 9.400000E+01 0
2.600000E+01 9.600000E+01 0
2.800000E+01 9.600000E+01 0
3.000000E+01 9.400000E+01 0
3.200000E+01 9.400000E+01 0
3.000000E+01 9.600000E+01 0
3.200000E+01 9.600000E+01 0
3.400000E+01 9.400000E+01 0
3.600000E+01 9.400000E+01 0
3.400000E+01 9.600000E+01 0
3.600000E+01 9.600000E+01 0
3.800000E+01 9.400000E+01 0
4.000000E+01 9.400000E+01 0
3.800000E+01 9.600000E+01 0
4.000000E+01 9.600000E+01 0
4.200000E+01 9.400000E+01 0
4.400000E+01 9.400000E+01 0
4.200000E+01 9.600000E+01 0
4.400000E+01 9.600000E+01 0
4.600000E+01 9.400000E+01 0
4.800000E+01 9.400000E+01 0
4.600000E+01 9.600000E+01 0
4.800000E+01 9.600000E+01 0
5.000000E+01 9.400000E+01 0
5.200000E+01 9.400000E+01 0
5.000000E+01 9.600000E+01 0
5.200000E+01 9.600000E+01 0
5.400000E+01 9.400000E+01 0
5.600000E+01 9.400000E+01 0
5.400000E+01 9.600000E+01 0
5.600000E+01 9.600000E+01 0
5.800000E+01 9.400000E+01 0
6.000000E+01 9.400000E+01 0
5.800000E+01 9.600000E+01 0
6.000000E+01 9.600000E+01 0
6.200000E+01 9.400000E+01 0
6.400000E+01 9.400000E+01 0
6.200000E+01 9.600000E+01 0
6.400000E+01 9.600000E+01 0
6.600000E+01 9.400000E+01 0
6.800000E+01 9.400000E+01 0
6.600000E+01 9.600000E+01 0
6.800000E+01 9.600000E+01 0
7.000000E+01 9.400000E+01 0
7.200000E+01 9.400000E+01 0
7.000000E+01 9.600000E+01 0
7.200000E+01 9.600000E+01 0
7.400000E+01 9.400000E+01 0
7.600000E+01 9.400000E+01 0
7.400000E+01 9.600000E+01 0
7.600000E+01 9.600000E+01 0
7.800000E+01 9.400000E+01 0
8.000000E+01 9.400000E+01 0
7.800000E+01 9.600000E+01 0
8.000000E+01 9.600000E+01 0
8.200000E+01 9.400000E+01 0
8.400000E+01 9.400000E+01 0
8.200000E+01 9.600000E+01 0
8.400000E+01 9.600000E+01 0
8.600000E+01 9.400000E+01 0
8.800000E+01 9.400000E+01 0
8.600000E+01 9.600000E+01 0
8.800000E+01 9.600000E+01 0
9.000000E+01 9.400000E+01 0
9.200000E+01 9.400000E+01 0
9.000000E+01 9.600000E+01 0
9.200000E+01 9.600000E+01 0
9.400000E+01 9.400000E+01 0
9.600000E+01 9.400000E+01 0
9.400000E+01 9.600000E+01 0
9.600000E+01 9.600000E+01 0
9.800000E+01 9.400000E+01 0
1.000000E+02 9.400000E+01 0
9.800000E+01 9.600000E+01 0
1.000000E+02 9.600000E+01 0
2.000000E+00 9.800000E+01 0
0.000000E+00 9.800000E+01 0
4.000000E+00 9.800000E+01 0
2.000000E+00 1.000000E+02 0
0.000000E+00 1.000000E+02 0
4.000000E+00 1.000000E+02 0
6.000000E+00 9.800000E+01 0
8.000000E+00 9.800000E+01 0
6.000000E+00 1.000000E+02 0
8.000000E+00 1.000000E+02 0
1.000000E+01 9.800000E+01 0
1.200000E+01 9.800000E+01 0
1.000000E+01 1.000000E+02 0
1.200000E+01 1.000000E+02 0
1.400000E+01 9.800000E+01 0
1.600000E+01 9.800000E+01 0
1.400000E+01 1.000000E+02 0
1.600000E+01 1.000000E+02 0
1.800000E+01 9.800000E+01 0
2.000000E+01 9.800000E+01 0
1.800000E+01 1.000000E+02 0
2.000000E+01 1.000000E+02 0
2.200000E+01 9.800000E+01 0
2.400000E+01 9.800000E+01 0
2.200000E+01 1.000000E+02 0
2.400000E+01 1.000000E+02 0
2.600000E+01 9.800000E+01 0
2.800000E+01 9.800000E+01 0
2.600000E+01 1.000000E+02 0
2.800000E+01 1.000000E+02 0
3.000000E+01 9.800000E+01 0
3.200000E+01 9.800000E+01 0
3.000000E+01 1.000000E+02 0
3.200000E+01 1.000000E+02 0
3.400000E+01 9.800000E+01 0
3.600000E+01 9.800000E+01 0
3.400000E+01 1.000000E+02 0
3.600000E+01 1.000000E+02 0
3.800000E+01 9.800000E+01 0
4.000000E+01 9.800000E+01 0
3.800000E+01 1.000000E+02 0
4.000000E+01 1.000000E+02 0
4.200000E+01 9.800000E+01 0
4.400000E+01 9.800000E+01 0
4.200000E+01 1.000000E+02 0
4.400000E+01 1.000000E+02 0
4.600000E+01 9.800000E+01 0
4.800000E+01 9.800000E+01 0
4.600000E+01 1.000000E+02 0
4.800000E+01 1.000000E+02 0
5.000000E+01 9.800000E+01 0
5.200000E+01 9.800000E+01 0
5.000000E+01 1.000000E+02 0
5.200000E+01 1.000000E+02 0
5.400000E+01 9.800000E+01 0
5.600000E+01 9.800000E+01 0
5.400000E+01 1.000000E+02 0
5.600000E+01 1.000000E+02 0
5.800000E+01 9.800000E+01 0
6.000000E+01 9.800000E+01 0
5.800000E+01 1.000000E+02 0
6.000000E+01 1.000000E+02 0
6.200000E+01 9.800000E+01 0
6.400000E+01 9.800000E+01 0
6.200000E+01 1.000000E+02 0
6.400000E+01 1.000000E+02 0
6.600000E+01 9.800000E+01 0
6.800000E+01 9.800000E+01 0
6.600000E+01 1.000000E+02 0
6.800000E+01 1.000000E+02 0
7.000000E+01 9.800000E+01 0
7.200000E+01 9.800000E+01 0
7.000000E+01 1.000000E+02 0
7.200000E+01 1.000000E+02 0
7.400000E+01 9.800000E+01 0
7.600000E+01 9.800000E+01 0
7.400000E+01 1.000000E+02 0
7.600000E+01 1.000000E+02 0
7.800000E+01 9.800000E+01 0
8.000000E+01 9.800000E+01 0
7.800000E+01 1.000000E+02 0
8.000000E+01 1.000000E+02 0
8.200000E+01 9.800000E+01 0
8.400000E+01 9.800000E+01 0
8.200000E+01 1.000000E+02 0
8.400000E+01 1.000000E+02 0
8.600000E+01 9.800000E+01 0
8.800000E+01 9.800000E+01 0
8.600000E+01 1.000000E+02 0
8.800000E+01 1.000000E+02 0
9.000000E+01 9.800000E+01 0
9.200000E+01 9.800000E+01 0
9.000000E+01 1.000000E+02 0
9.200000E+01 1.000000E+02 0
9.400000E+01 9.800000E+01 0
9.600000E+01 9.800000E+01 0
9.400000E+01 1.000000E+02 0
9.600000E+01 1.000000E+02 0
9.800000E+01 9.800000E+01 0
1.000000E+02 9.800000E+01 0
9.800000E+01 1.000000E+02 0
1.000000E+02 1.000000E+02 0
1.000000E+00 4.800000E+01 0
1.000000E+00 4.900000E+01 0
0.000000E+00 4.900000E+01 0
2.000000E+00 4.900000E+01 0
3.000000E+00 4.800000E+01 0
3.000000E+00 4.900000E+01 0
4.000000E+00 4.900000E+01 0
0.000000E+00 5.100000E+01 0
1.000000E+00 5.100000E+01 0
1.000000E+00 5.200000E+01 0
2.000000E+00 5.100000E+01 0
3.000000E+00 5.100000E+01 0
3.000000E+00 5.200000E+01 0
4.000000E+00 5.100000E+01 0
5.000000E+00 4.800000E+01 0
5.000000E+00 4.900000E+01 0
6.000000E+00 4.900000E+01 0
7.000000E+00 4.800000E+01 0
7.000000E+00 4.900000E+01 0
8.000000E+00 4.900000E+01 0
5.000000E+00 5.100000E+01 0
5.000000E+00 5.200000E+01 0
6.000000E+00 5.100000E+01 0
7.000000E+00 5.100000E+01 0
7.000000E+00 5.200000E+01 0
8.000000E+00 5.100000E+01 0
9.000000E+00 4.800000E+01 0
9.000000E+00 4.900000E+01 0
1.000000E+01 4.900000E+01 0
1.100000E+01 4.800000E+01 0
1.100000E+01 4.900000E+01 0
1.200000E+01 4.900000E+01 0
9.000000E+00 5.100000E+01 0
9.000000E+00 5.200000E+01 0
1.000000E+01 5.100000E+01 0
1.100000E+01 5.100000E+01 0
1.100000E+01 5.200000E+01 0
1.200000E+01 5.100000E+01 0
1.300000E+01 4.800000E+01 0
1.300000E+01 4.900000E+01 0
1.400000E+01 4.900000E+01 0
1.500000E+01 4.800000E+01 0
1.500000E+01 4.900000E+01 0
1.600000E+01 4.900000E+01 0
1.300000E+01 5.100000E+01 0
1.300000E+01 5.200000E+01 0
1.400000E+01 5.100000E+01 0
1.500000E+01 5.100000E+01 0
1.500000E+01 5.200000E+01 0
1.600000E+01 5.100000E+01 0
1.700000E+01 4.800000E+01 0
1.700000E+01 4.900000E+01 0
1.800000E+01 4.900000E+01 0
1.900000E+01 4.800000E+01 0
1.900000E+01 4.900000E+01 0
2.000000E+01 4.900000E+01 0
1.700000E+01 5.100000E+01 0
1.700000E+01 5.200000E+01 0
1.800000E+01 5.100000E+01 0
1.900000E+01 5.100000E+01 0
1.900000E+01 5.200000E+01 0
2.000000E+01 5.100000E+01 0
2.100000E+01 4.800000E+01 0
2.100000E+01 4.900000E+01 0
2.200000E+01 4.900000E+01 0
2.300000E+01 4.800000E+01 0
2.300000E+01 4.900000E+01 0
2.400000E+01 4.900000E+01 0
2.100000E+01 5.100000E+01 0
2.100000E+01 5.200000E+01 0
2.200000E+01 5.100000E+01 0
2.300000E+01 5.100000E+01 0
2.300000E+01 5.200000E+01 0
2.400000E+01 5.100000E+01 0
2.500000E+01 4.800000E+01 0
2.500000E+01 4.900000E+01 0
2.600000E+01 4.900000E+01 0
2.700000E+01 4.800000E+01 0
2.700000E+01 4.900000E+01 0
2.800000E+01 4.900000E+01 0
2.500000E+01 5.100000E+01 0
2.500000E+01 5.200000E+01 0
2.600000E+01 5.100000E+01 0
2.700000E+01 5.100000E+01 0
2.700000E+01 5.200000E+01 0
2.800000E+01 5.100000E+01 0
2.900000E+01 4.800000E+01 0
2.900000E+01 4.900000E+01 0
3.000000E+01 4.900000E+01 0
3.100000E+01 4.800000E+01 0
3.100000E+01 4.900000E+01 0
3.200000E+01 4.900000E+01 0
2.900000E+01 5.100000E+01 0
2.900000E+01 5.200000E+01 0
3.000000E+01 5.100000E+01 0
3.100000E+01 5.100000E+01 0
3.100000E+01 5.200000E+01 0
3.200000E+01 5.100000E+01 0
3.300000E+01 4.800000E+01 0
3.300000E+01 4.900000E+01 0
3.400000E+01 4.900000E+01 0
3.500000E+01 4.800000E+01 0
3.500000E+01 4.900000E+01 0
3.600000E+01 4.900000E+01 0
3.300000E+01 5.100000E+01 0
3.300000E+01 5.200000E+01 0
3.400000E+01 5.100000E+01 0
3.500000E+01 5.100000E+01 0
3.500000E+01 5.200000E+01 0
3.600000E+01 5.100000E+01 0
3.700000E+01 4.800000E+01 0
3.700000E+01 4.900000E+01 0
3.800000E+01 4.900000E+01 0
3.900000E+01 4.800000E+01 0
3.900000E+01 4.900000E+01 0
4.000000E+01 4.900000E+01 0
3.700000E+01 5.100000E+01 0
3.700000E+01 5.200000E+01 0
3.800000E+01 5.100000E+01 0
3.900000E+01 5.100000E+01 0
3.900000E+01 5.200000E+01 0
4.000000E+01 5.100000E+01 0
4.100000E+01 4.800000E+01 0
4.100000E+01 4.900000E+01 0
4.200000E+01 4.900000E+01 0
4.100000E+01 5.100000E+01 0
4.100000E+01 5.200000E+01 0
4.200000E+01 5.100000E+01 0
5.000000E-01 4.900000E+01 0
5.000000E-01 4.950000E+01 0
0.000000E+00 4.950000E+01 0
1.000000E+00 4.950000E+01 0
5.000000E-01 5.000000E+01 0
0.000000E+00 5.000000E+01 0
1.000000E+00 5.000000E+01 0
1.500000E+00 4.900000E+01 0
1.500000E+00 4.950000E+01 0
2.000000E+00 4.950000E+01 0
1.500000E+00 5.000000E+01 0
2.000000E+00 5.000000E+01 0
2.500000E+00 4.900000E+01 0
2.500000E+00 4.950000E+01 0
3.000000E+00 4.950000E+01 0
2.500000E+00 5.000000E+01 0
3.000000E+00 5.000000E+01 0
3.500000E+00 4.900000E+01 0
3.500000E+00 4.950000E+01 0
4.000000E+00 4.950000E+01 0
3.500000E+00 5.000000E+01 0
4.000000E+00 5.000000E+01 0
5.000000E-01 5.050000E+01 0
0.000000E+00 5.050000E+01 0
1.000000E+00 5.050000E+01 0
5.000000E-01 5.100000E+01 0
1.500000E+00 5.050000E+01 0
2.000000E+00 5.050000E+01 0
1.500000E+00 5.100000E+01 0
2.500000E+00 5.050000E+01 0
3.000000E+00 5.050000E+01 0
2.500000E+00 5.100000E+01 0
3.500000E+00 5.050000E+01 0
4.000000E+00 5.050000E+01 0
3.500000E+00 5.100000E+01 0
4.500000E+00 4.900000E+01 0
4.500000E+00 4.950000E+01 0
5.000000E+00 4.950000E+01 0
4.500000E+00 5.000000E+01 0
5.000000E+00 5.000000E+01 0
5.500000E+00 4.900000E+01 0
5.500000E+00 4.950000E+01 0
6.000000E+00 4.950000E+01 0
5.500000E+00 5.000000E+01 0
6.000000E+00 5.000000E+01 0
6.500000E+00 4.900000E+01 0
6.500000E+00 4.950000E+01 0
7.000000E+00 4.950000E+01 0
6.500000E+00 5.000000E+01 0
7.000000E+00 5.000000E+01 0
7.500000E+00 4.900000E+01 0
7.500000E+00 4.950000E+01 0
8.000000E+00 4.950000E+01 0
7.500000E+00 5.000000E+01 0
8.000000E+00 5.000000E+01 0
4.500000E+00 5.050000E+01 0
5.000000E+00 5.050000E+01 0
4.500000E+00 5.100000E+01 0
5.500000E+00 5.050000E+01 0
6.000000E+00 5.050000E+01 0
5.500000E+00 5.100000E+01 0
6.500000E+00 5.050000E+01 0
7.000000E+00 5.050000E+01 0
6.500000E+00 5.100000E+01 0
7.500000E+00 5.050000E+01 0
8.000000E+00 5.050000E+01 0
7.500000E+00 5.100000E+01 0
8.500000E+00 4.900000E+01 0
8.500000E+00 4.950000E+01 0
9.000000E+00 4.950000E+01 0
8.500000E+00 5.000000E+01 0
9.000000E+00 5.000000E+01 0
9.500000E+00 4.900000E+01 0
9.500000E+00 4.950000E+01 0
1.000000E+01 4.950000E+01 0
9.500000E+00 5.000000E+01 0
1.000000E+01 5.000000E+01 0
1.050000E+01 4.900000E+01 0
1.050000E+01 4.950000E+01 0
1.100000E+01 4.950000E+01 0
1.050000E+01 5.000000E+01 0
1.100000E+01 5.000000E+01 0
1.150000E+01 4.900000E+01 0
1.150000E+01 4.950000E+01 0
1.200000E+01 4.950000E+01 0
1.150000E+01 5.000000E+01 0
1.200000E+01 5.000000E+01 0
8.500000E+00 5.050000E+01 0
9.000000E+00 5.050000E+01 0
8.500000E+00 5.100000E+01 0
9.500000E+00 5.050000E+01 0
1.000000E+01 5.050000E+01 0
9.500000E+00 5.100000E+01 0
1.050000E+01 5.050000E+01 0
1.100000E+01 5.050000E+01 0
1.050000E+01 5.100000E+01 0
1.150000E+01 5.050000E+01 0
1.200000E+01 5.050000E+01 0
1.150000E+01 5.100000E+01 0
1.250000E+01 4.900000E+01 0
1.250000E+01 4.950000E+01 0
1.300000E+01 4.950000E+01 0
1.250000E+01 5.000000E+01 0
1.300000E+01 5.000000E+01 0
1.350000E+01 4.900000E+01 0
1.350000E+01 4.950000E+01 0
1.400000E+01 4.950000E+01 0
1.350000E+01 5.000000E+01 0
1.400000E+01 5.000000E+01 0
1.450000E+01 4.900000E+01 0
1.450000E+01 4.950000E+01 0
1.500000E+01 4.950000E+01 0
1.450000E+01 5.000000E+01 0
1.500000E+01 5.000000E+01 0
1.550000E+01 4.900000E+01 0
1.550000E+01 4.950000E+01 0
1.600000E+01 4.950000E+01 0
1.550000E+01 5.000000E+01 0
1.600000E+01 5.000000E+01 0
1.250000E+01 5.050000E+01 0
1.300000E+01 5.050000E+01 0
1.250000E+01 5.100000E+01 0
1.350000E+01 5.050000E+01 0
1.400000E+01 5.050000E+01 0
1.350000E+01 5.100000E+01 0
1.450000E+01 5.050000E+01 0
1.500000E+01 5.050000E+01 0
1.450000E+01 5.100000E+01 0
1.550000E+01 5.050000E+01 0
1.600000E+01 5.050000E+01 0
1.550000E+01 5.100000E+01 0
1.650000E+01 4.900000E+01 0
1.650000E+01 4.950000E+01 0
1.700000E+01 4.950000E+01 0
1.650000E+01 5.000000E+01 0
1.700000E+01 5.000000E+01 0
1.750000E+01 4.900000E+01 0
1.750000E+01 4.950000E+01 0
1.800000E+01 4.950000E+01 0
1.750000E+01 5.000000E+01 0
1.800000E+01 5.000000E+01 0
1.850000E+01 4.900000E+01 0
1.850000E+01 4.950000E+01 0
1.900000E+01 4.950000E+01 0
1.850000E+01 5.000000E+01 0
1.900000E+01 5.000000E+01 0
1.950000E+01 4.900000E+01 0
1.950000E+01 4.950000E+01 0
2.000000E+01 4.950000E+01 0
1.950000E+01 5.000000E+01 0
2.000000E+01 5.000000E+01 0
1.650000E+01 5.050000E+01 0
1.700000E+01 5.050000E+01 0
1.650000E+01 5.100000E+01 0
1.750000E+01 5.050000E+01 0
1.800000E+01 5.050000E+01 0
1.750000E+01 5.100000E+01 0
1.850000E+01 5.050000E+01 0
1.900000E+01 5.050000E+01 0
1.850000E+01 5.100000E+01 0
1.950000E+01 5.050000E+01 0
2.000000E+01 5.050000E+01 0
1.950000E+01 5.100000E+01 0
2.050000E+01 4.900000E+01 0
2.050000E+01 4.950000E+01 0
2.100000E+01 4.950000E+01 0
2.050000E+01 5.000000E+01 0
2.100000E+01 5.000000E+01 0
2.150000E+01 4.900000E+01 0
2.150000E+01 4.950000E+01 0
2.200000E+01 4.950000E+01 0
2.150000E+01 5.000000E+01 0
2.200000E+01 5.000000E+01 0
2.250000E+01 4.900000E+01 0
2.250000E+01 4.950000E+01 0
2.300000E+01 4.950000E+01 0
2.250000E+01 5.000000E+01 0
2.300000E+01 5.000000E+01 0
2.350000E+01 4.900000E+01 0
2.350000E+01 4.950000E+01 0
2.400000E+01 4.950000E+01 0
2.350000E+01 5.000000E+01 0
2.400000E+01 5.000000E+01 0
2.050000E+01 5.050000E+01 0
2.100000E+01 5.050000E+01 0
2.050000E+01 5.100000E+01 0
2.150000E+01 5.050000E+01 0
2.200000E+01 5.050000E+01 0
2.150000E+01 5.100000E+01 0
2.250000E+01 5.050000E+01 0
2.300000E+01 5.050000E+01 0
2.250000E+01 5.100000E+01 0
2.350000E+01 5.050000E+01 0
2.400000E+01 5.050000E+01 0
2.350000E+01 5.100000E+01 0
2.450000E+01 4.900000E+01 0
2.450000E+01 4.950000E+01 0
2.500000E+01 4.950000E+01 0
2.450000E+01 5.000000E+01 0
2.500000E+01 5.000000E+01 0
2.550000E+01 4.900000E+01 0
2.550000E+01 4.950000E+01 0
2.600000E+01 4.950000E+01 0
2.550000E+01 5.000000E+01 0
2.600000E+01 5.000000E+01 0
2.650000E+01 4.900000E+01 0
2.650000E+01 4.950000E+01 0
2.700000E+01 4.950000E+01 0
2.650000E+01 5.000000E+01 0
2.700000E+01 5.000000E+01 0
2.750000E+01 4.900000E+01 0
2.750000E+01 4.950000E+01 0
2.800000E+01 4.950000E+01 0
2.750000E+01 5.000000E+01 0
2.800000E+01 5.000000E+01 0
2.450000E+01 5.050000E+01 0
2.500000E+01 5.050000E+01 0
2.450000E+01 5.100000E+01 0
2.550000E+01 5.050000E+01 0
2.600000E+01 5.050000E+01 0
2.550000E+01 5.100000E+01 0
2.650000E+01 5.050000E+01 0
2.700000E+01 5.050000E+01 0
2.650000E+01 5.100000E+01 0
2.750000E+01 5.050000E+01 0
2.800000E+01 5.050000E+01 0
2.750000E+01 5.100000E+01 0
2.850000E+01 4.900000E+01 0
2.850000E+01 4.950000E+01 0
2.900000E+01 4.950000E+01 0
2.850000E+01 5.000000E+01 0
2.900000E+01 5.000000E+01 0
2.950000E+01 4.900000E+01 0
2.950000E+01 4.950000E+01 0
3.000000E+01 4.950000E+01 0
2.950000E+01 5.000000E+01 0
3.000000E+01 5.000000E+01 0
3.050000E+01 4.900000E+01 0
3.050000E+01 4.950000E+01 0
3.100000E+01 4.950000E+01 0
3.050000E+01 5.000000E+01 0
3.100000E+01 5.000000E+01 0
3.150000E+01 4.900000E+01 0
3.150000E+01 4.950000E+01 0
3.200000E+01 4.950000E+01 0
3.150000E+01 5.000000E+01 0
3.200000E+01 5.000000E+01 0
2.850000E+01 5.050000E+01 0
2.900000E+01 5.050000E+01 0
2.850000E+01 5.100000E+01 0
2.950000E+01 5.050000E+01 0
3.000000E+01 5.050000E+01 0
2.950000E+01 5.100000E+01 0
3.050000E+01 5.050000E+01 0
3.100000E+01 5.050000E+01 0
3.050000E+01 5.100000E+01 0
3.150000E+01 5.050000E+01 0
3.200000E+01 5.050000E+01 0
3.150000E+01 5.100000E+01 0
3.250000E+01 4.900000E+01 0
3.250000E+01 4.950000E+01 0
3.300000E+01 4.950000E+01 0
3.250000E+01 5.000000E+01 0
3.300000E+01 5.000000E+01 0
3.350000E+01 4.900000E+01 0
3.350000E+01 4.950000E+01 0
3.400000E+01 4.950000E+01 0
3.350000E+01 5.000000E+01 0
3.400000E+01 5.000000E+01 0
3.450000E+01 4.900000E+01 0
3.450000E+01 4.950000E+01 0
3.500000E+01 4.950000E+01 0
3.450000E+01 5.000000E+01 0
3.500000E+01 5.000000E+01 0
3.550000E+01 4.900000E+01 0
3.550000E+01 4.950000E+01 0
3.600000E+01 4.950000E+01 0
3.550000E+01 5.000000E+01 0
3.600000E+01 5.000000E+01 0
3.250000E+01 5.050000E+01 0
3.300000E+01 5.050000E+01 0
3.250000E+01 5.100000E+01 0
3.350000E+01 5.050000E+01 0
3.400000E+01 5.050000E+01 0
3.350000E+01 5.100000E+01 0
3.450000E+01 5.050000E+01 0
3.500000E+01 5.050000E+01 0
3.450000E+01 5.100000E+01 0
3.550000E+01 5.050000E+01 0
3.600000E+01 5.050000E+01 0
3.550000E+01 5.100000E+01 0
3.650000E+01 4.900000E+01 0
3.650000E+01 4.950000E+01 0
3.700000E+01 4.950000E+01 0
3.650000E+01 5.000000E+01 0
3.700000E+01 5.000000E+01 0
3.750000E+01 4.900000E+01 0
3.750000E+01 4.950000E+01 0
3.800000E+01 4.950000E+01 0
3.750000E+01 5.000000E+01 0
3.800000E+01 5.000000E+01 0
3.850000E+01 4.900000E+01 0
3.850000E+01 4.950000E+01 0
3.900000E+01 4.950000E+01 0
3.850000E+01 5.000000E+01 0
3.900000E+01 5.000000E+01 0
3.950000E+01 4.900000E+01 0
3.950000E+01 4.950000E+01 0
4.000000E+01 4.950000E+01 0
3.950000E+01 5.000000E+01 0
4.000000E+01 5.000000E+01 0
3.650000E+01 5.050000E+01 0
3.700000E+01 5.050000E+01 0
3.650000E+01 5.100000E+01 0
3.750000E+01 5.050000E+01 0
3.800000E+01 5.050000E+01 0
3.750000E+01 5.100000E+01 0
3.850000E+01 5.050000E+01 0
3.900000E+01 5.050000E+01 0
3.850000E+01 5.100000E+01 0
3.950000E+01 5.050000E+01 0
4.000000E+01 5.050000E+01 0
3.950000E+01 5.100000E+01 0
4.050000E+01 4.900000E+01 0
4.050000E+01 4.950000E+01 0
4.100000E+01 4.950000E+01 0
4.050000E+01 5.000000E+01 0
4.100000E+01 5.000000E+01 0
4.050000E+01 5.050000E+01 0
4.100000E+01 5.050000E+01 0
4.050000E+01 5.100000E+01 0
4.300000E+01 4.800000E+01 0
4.300000E+01 4.900000E+01 0
4.400000E+01 4.900000E+01 0
4.300000E+01 5.100000E+01 0
4.300000E+01 5.200000E+01 0
4.400000E+01 5.100000E+01 0
4.150000E+01 4.900000E+01 0
4.150000E+01 4.950000E+01 0
4.200000E+01 4.950000E+01 0
4.150000E+01 5.000000E+01 0
4.200000E+01 5.000000E+01 0
4.150000E+01 5.050000E+01 0
4.200000E+01 5.050000E+01 0
4.150000E+01 5.100000E+01 0
4.250000E+01 4.900000E+01 0
4.250000E+01 4.950000E+01 0
4.300000E+01 4.950000E+01 0
4.250000E+01 5.000000E+01 0
4.300000E+01 5.000000E+01 0
4.250000E+01 5.050000E+01 0
4.300000E+01 5.050000E+01 0
4.250000E+01 5.100000E+01 0
4.500000E+01 4.800000E+01 0
4.500000E+01 4.900000E+01 0
4.600000E+01 4.900000E+01 0
4.350000E+01 4.900000E+01 0
4.350000E+01 4.950000E+01 0
4.400000E+01 4.950000E+01 0
4.350000E+01 5.000000E+01 0
4.400000E+01 5.000000E+01 0
4.500000E+01 5.100000E+01 0
4.500000E+01 5.200000E+01 0
4.600000E+01 5.100000E+01 0
4.350000E+01 5.050000E+01 0
4.400000E+01 5.050000E+01 0
4.350000E+01 5.100000E+01 0
4.450000E+01 4.900000E+01 0
4.450000E+01 4.950000E+01 0
4.500000E+01 4.950000E+01 0
4.450000E+01 5.000000E+01 0
4.500000E+01 5.000000E+01 0
4.450000E+01 5.050000E+01 0
4.500000E+01 5.050000E+01 0
4.450000E+01 5.100000E+01 0
4.700000E+01 4.800000E+01 0
4.700000E+01 4.900000E+01 0
4.800000E+01 4.900000E+01 0
4.550000E+01 4.900000E+01 0
4.550000E+01 4.950000E+01 0
4.600000E+01 4.950000E+01 0
4.550000E+01 5.000000E+01 0
4.600000E+01 5.000000E+01 0
4.700000E+01 5.100000E+01 0
4.700000E+01 5.200000E+01 0
4.800000E+01 5.100000E+01 0
4.550000E+01 5.050000E+01 0
4.600000E+01 5.050000E+01 0
4.550000E+01 5.100000E+01 0
4.650000E+01 4.900000E+01 0
4.650000E+01 4.950000E+01 0
4.700000E+01 4.950000E+01 0
4.650000E+01 5.000000E+01 0
4.700000E+01 5.000000E+01 0
4.650000E+01 5.050000E+01 0
4.700000E+01 5.050000E+01 0
4.650000E+01 5.100000E+01 0
4.900000E+01 4.800000E+01 0
4.900000E+01 4.900000E+01 0
5.000000E+01 4.900000E+01 0
4.750000E+01 4.900000E+01 0
4.750000E+01 4.950000E+01 0
4.800000E+01 4.950000E+01 0
4.750000E+01 5.000000E+01 0
4.800000E+01 5.000000E+01 0
4.900000E+01 5.100000E+01 0
4.900000E+01 5.200000E+01 0
5.000000E+01 5.100000E+01 0
4.750000E+01 5.050000E+01 0
4.800000E+01 5.050000E+01 0
4.750000E+01 5.100000E+01 0
4.850000E+01 4.900000E+01 0
4.850000E+01 4.950000E+01 0
4.900000E+01 4.950000E+01 0
4.850000E+01 5.000000E+01 0
4.900000E+01 5.000000E+01 0
4.850000E+01 5.050000E+01 0
4.900000E+01 5.050000E+01 0
4.850000E+01 5.100000E+01 0
5.100000E+01 4.800000E+01 0
5.100000E+01 4.900000E+01 0
5.200000E+01 4.900000E+01 0
5.100000E+01 5.000000E+01 0
5.000000E+01 5.000000E+01 0
4.950000E+01 4.900000E+01 0
4.950000E+01 4.950000E+01 0
5.000000E+01 4.950000E+01 0
4.950000E+01 5.000000E+01 0
5.100000E+01 5.100000E+01 0
5.200000E+01 5.100000E+01 0
5.100000E+01 5.200000E+01 0
4.950000E+01 5.050000E+01 0
5.000000E+01 5.050000E+01 0
4.950000E+01 5.100000E+01 0
</DataArray>
</Points>
<Cells>
<DataArray type="Int32" Name="connectivity" NumberOfComponents="1" format="ascii">
0 1 2 3
1 4 5 2
3 2 6 7
2 5 8 6
4 9 10 5
9 11 12 10
5 10 13 8
10 12 14 13
11 15 16 12
15 17 18 16
12 16 19 14
16 18 20 19
17 21 22 18
21 23 24 22
18 22 25 20
22 24 26 25
23 27 28 24
27 29 30 28
24 28 31 26
28 30 32 31
29 33 34 30
33 35 36 34
30 34 37 32
34 36 38 37
35 39 40 36
39 41 42 40
36 40 43 38
40 42 44 43
41 45 46 42
45 47 48 46
42 46 49 44
46 48 50 49
47 51 52 48
51 53 54 52
48 52 55 50
52 54 56 55
53 57 58 54
57 59 60 58
54 58 61 56
58 60 62 61
59 63 64 60
63 65 66 64
60 64 67 62
64 66 68 67
65 69 70 66
69 71 72 70
66 70 73 68
70 72 74 73
71 75 76 72
75 77 78 76
72 76 79 74
76 78 80 79
77 81 82 78
81 83 84 82
78 82 85 80
82 84 86 85
83 87 88 84
87 89 90 88
84 88 91 86
88 90 92 91
89 93 94 90
93 95 96 94
90 94 97 92
94 96 98 97
95 99 100 96
99 101 102 100
96 100 103 98
100 102 104 103
101 105 106 102
105 107 108 106
102 106 109 104
106 108 110 109
107 111 112 108
111 113 114 112
108 112 115 110
112 114 116 115
113 117 118 114
117 119 120 118
114 118 121 116
118 120 122 121
119 123 124 120
123 125 126 124
120 124 127 122
124 126 128 127
125 129 130 126
129 131 132 130
126 130 133 128
130 132 134 133
131 135 136 132
135 137 138 136
132 136 139 134
136 138 140 139
137 141 142 138
141 143 144 142
138 142 145 140
142 144 146 145
143 147 148 144
147 149 150 148
144 148 151 146
148 150 152 151
7 6 153 154
6 8 155 153
154 153 156 157
153 155 158 156
8 13 159 155
13 14 160 159
155 159 161 158
159 160 162 161
14 19 163 160
19 20 164 163
160 163 165 162
163 164 166 165
20 25 167 164
25 26 168 167
164 167 169 166
167 168 170 169
26 31 171 168
31 32 172 171
168 171 173 170
171 172 174 173
32 37 175 172
37 38 176 175
172 175 177 174
175 176 178 177
38 43 179 176
43 44 180 179
176 179 181 178
179 180 182 181
44 49 183 180
49 50 184 183
180 183 185 182
183 184 186 185
50 55 187 184
55 56 188 187
184 187 189 186
187 188 190 189
56 61 191 188
61 62 192 191
188 191 193 190
191 192 194 193
62 67 195 192
67 68 196 195
192 195 197 194
195 196 198 197
68 73 199 196
73 74 200 199
196 199 201 198
199 200 202 201
74 79 203 200
79 80 204 203
200 203 205 202
203 204 206 205
80 85 207 204
85 86 208 207
204 207 209 206
207 208 210 209
86 91 211 208
91 92 212 211
208 211 213 210
211 212 214 213
92 97 215 212
97 98 216 215
212 215 217 214
215 216 218 217
98 103 219 216
103 104 220 219
216 219 221 218
219 220 222 221
104 109 223 220
109 110 224 223
220 223 225 222
223 224 226 225
110 115 227 224
115 116 228 227
224 227 229 226
227 228 230 229
116 121 231 228
121 122 232 231
228 231 233 230
231 232 234 233
122 127 235 232
127 128 236 235
232 235 237 234
235 236 238 237
128 133 239 236
133 134 240 239
236 239 241 238
239 240 242 241
134 139 243 240
139 140 244 243
240 243 245 242
243 244 246 245
140 145 247 244
145 146 248 247
244 247 249 246
247 248 250 249
146 151 251 248
151 152 252 251
248 251 253 250
251 252 254 253
157 156 255 256
156 158 257 255
256 255 258 259
255 257 260 258
158 161 261 257
161 162 262 261
257 261 263 260
261 262 264 263
162 165 265 262
165 166 266 265
262 265 267 264
265 266 268 267
166 169 269 266
169 170 270 269
266 269 271 268
269 270 272 271
170 173 273 270
173 174 274 273
270 273 275 272
273 274 276 275
174 177 277 274
177 178 278 277
274 277 279 276
277 278 280 279
178 181 281 278
181 182 282 281
278 281 283 280
281 282 284 283
182 185 285 282
185 186 286 285
282 285 287 284
285 286 288 287
186 189 289 286
189 190 290 289
286 289 291 288
289 290 292 291
190 193 293 290
193 194 294 293
290 293 295 292
293 294 296 295
194 197 297 294
197 198 298 297
294 297 299 296
297 298 300 299
198 201 301 298
201 202 302 301
298 301 303 300
301 302 304 303
202 205 305 302
205 206 306 305
302 305 307 304
305 306 308 307
206 209 309 306
209 210 310 309
306 309 311 308
309 310 312 311
210 213 313 310
213 214 314 313
310 313 315 312
313 314 316 315
214 217 317 314
217 218 318 317
314 317 319 316
317 318 320 319
218 221 321 318
221 222 322 321
318 321 323 320
321 322 324 323
222 225 325 322
225 226 326 325
322 325 327 324
325 326 328 327
226 229 329 326
229 230 330 329
326 329 331 328
329 330 332 331
230 233 333 330
233 234 334 333
330 333 335 332
333 334 336 335
234 237 337 334
237 238 338 337
334 337 339 336
337 338 340 339
238 241 341 338
241 242 342 341
338 341 343 340
341 342 344 343
242 245 345 342
245 246 346 345
342 345 347 344
345 346 348 347
246 249 349 346
249 250 350 349
346 349 351 348
349 350 352 351
250 253 353 350
253 254 354 353
350 353 355 352
353 354 356 355
259 258 357 358
258 260 359 357
358 357 360 361
357 359 362 360
260 263 363 359
263 264 364 363
359 363 365 362
363 364 366 365
264 267 367 364
267 268 368 367
364 367 369 366
367 368 370 369
268 271 371 368
271 272 372 371
368 371 373 370
371 372 374 373
272 275 375 372
275 276 376 375
372 375 377 374
375 376 378 377
276 279 379 376
279 280 380 379
376 379 381 378
379 380 382 381
280 283 383 380
283 284 384 383
380 383 385 382
383 384 386 385
284 287 387 384
287 288 388 387
384 387 389 386
387 388 390 389
288 291 391 388
291 292 392 391
388 391 393 390
391 392 394 393
292 295 395 392
295 296 396 395
392 395 397 394
395 396 398 397
296 299 399 396
299 300 400 399
396 399 401 398
399 400 402 401
300 303 403 400
303 304 404 403
400 403 405 402
403 404 406 405
304 307 407 404
307 308 408 407
404 407 409 406
407 408 410 409
308 311 411 408
311 312 412 411
408 411 413 410
411 412 414 413
312 315 415 412
315 316 416 415
412 415 417 414
415 416 418 417
316 319 419 416
319 320 420 419
416 419 421 418
419 420 422 421
320 323 423 420
323 324 424 423
420 423 425 422
423 424 426 425
324 327 427 424
327 328 428 427
424 427 429 426
427 428 430 429
328 331 431 428
331 332 432 431
428 431 433 430
431 432 434 433
332 335 435 432
335 336 436 435
432 435 437 434
435 436 438 437
336 339 439 436
339 340 440 439
436 439 441 438
439 440 442 441
340 343 443 440
343 344 444 443
440 443 445 442
443 444 446 445
344 347 447 444
347 348 448 447
444 447 449 446
447 448 450 449
348 351 451 448
351 352 452 451
448 451 453 450
451 452 454 453
352 355 455 452
355 356 456 455
452 455 457 454
455 456 458 457
361 360 459 460
360 362 461 459
460 459 462 463
459 461 464 462
362 365 465 461
365 366 466 465
461 465 467 464
465 466 468 467
366 369 469 466
369 370 470 469
466 469 471 468
469 470 472 471
370 373 473 470
373 374 474 473
470 473 475 472
473 474 476 475
374 377 477 474
377 378 478 477
474 477 479 476
477 478 480 479
378 381 481 478
381 382 482 481
478 481 483 480
481 482 484 483
382 385 485 482
385 386 486 485
482 485 487 484
485 486 488 487
386 389 489 486
389 390 490 489
486 489 491 488
489 490 492 491
390 393 493 490
393 394 494 493
490 493 495 492
493 494 496 495
394 397 497 494
397 398 498 497
494 497 499 496
497 498 500 499
398 401 501 498
401 402 502 501
498 501 503 500
501 502 504 503
402 405 505 502
405 406 506 505
502 505 507 504
505 506 508 507
406 409 509 506
409 410 510 509
506 509 511 508
509 510 512 511
410 413 513 510
413 414 514 513
510 513 515 512
513 514 516 515
414 417 517 514
417 418 518 517
514 517 519 516
517 518 520 519
418 421 521 518
421 422 522 521
518 521 523 520
521 522 524 523
422 425 525 522
425 426 526 525
522 525 527 524
525 526 528 527
426 429 529 526
429 430 530 529
526 529 531 528
529 530 532 531
430 433 533 530
433 434 534 533
530 533 535 532
533 534 536 535
434 437 537 534
437 438 538 537
534 537 539 536
537 538 540 539
438 441 541 538
441 442 542 541
538 541 543 540
541 542 544 543
442 445 545 542
445 446 546 545
542 545 547 544
545 546 548 547
446 449 549 546
449 450 550 549
546 549 551 548
549 550 552 551
450 453 553 550
453 454 554 553
550 553 555 552
553 554 556 555
454 457 557 554
457 458 558 557
554 557 559 556
557 558 560 559
463 462 561 562
462 464 563 561
562 561 564 565
561 563 566 564
464 467 567 563
467 468 568 567
563 567 569 566
567 568 570 569
468 471 571 568
471 472 572 571
568 571 573 570
571 572 574 573
472 475 575 572
475 476 576 575
572 575 577 574
575 576 578 577
476 479 579 576
479 480 580 579
576 579 581 578
579 580 582 581
480 483 583 580
483 484 584 583
580 583 585 582
583 584 586 585
484 487 587 584
487 488 588 587
584 587 589 586
587 588 590 589
488 491 591 588
491 492 592 591
588 591 593 590
591 592 594 593
492 495 595 592
495 496 596 595
592 595 597 594
595 596 598 597
496 499 599 596
499 500 600 599
596 599 601 598
599 600 602 601
500 503 603 600
503 504 604 603
600 603 605 602
603 604 606 605
504 507 607 604
507 508 608 607
604 607 609 606
607 608 610 609
508 511 611 608
511 512 612 611
608 611 613 610
611 612 614 613
512 515 615 612
515 516 616 615
612 615 617 614
615 616 618 617
516 519 619 616
519 520 620 619
616 619 621 618
619 620 622 621
520 523 623 620
523 524 624 623
620 623 625 622
623 624 626 625
524 527 627 624
527 528 628 627
624 627 629 626
627 628 630 629
528 531 631 628
531 532 632 631
628 631 633 630
631 632 634 633
532 535 635 632
535 536 636 635
632 635 637 634
635 636 638 637
536 539 639 636
539 540 640 639
636 639 641 638
639 640 642 641
540 543 643 640
543 544 644 643
640 643 645 642
643 644 646 645
544 547 647 644
547 548 648 647
644 647 649 646
647 648 650 649
548 551 651 648
551 552 652 651
648 651 653 650
651 652 654 653
552 555 655 652
555 556 656 655
652 655 657 654
655 656 658 657
556 559 659 656
559 560 660 659
656 659 661 658
659 660 662 661
565 564 663 664
564 566 665 663
664 663 666 667
663 665 668 666
566 569 669 665
569 570 670 669
665 669 671 668
669 670 672 671
570 573 673 670
573 574 674 673
670 673 675 672
673 674 676 675
574 577 677 674
577 578 678 677
674 677 679 676
677 678 680 679
578 581 681 678
581 582 682 681
678 681 683 680
681 682 684 683
582 585 685 682
585 586 686 685
682 685 687 684
685 686 688 687
586 589 689 686
589 590 690 689
686 689 691 688
689 690 692 691
590 593 693 690
593 594 694 693
690 693 695 692
693 694 696 695
594 597 697 694
597 598 698 697
694 697 699 696
697 698 700 699
598 601 701 698
601 602 702 701
698 701 703 700
701 702 704 703
602 605 705 702
605 606 706 705
702 705 707 704
705 706 708 707
606 609 709 706
609 610 710 709
706 709 711 708
709 710 712 711
610 613 713 710
613 614 714 713
710 713 715 712
713 714 716 715
614 617 717 714
617 618 718 717
714 717 719 716
717 718 720 719
618 621 721 718
621 622 722 721
718 721 723 720
721 722 724 723
622 625 725 722
625 626 726 725
722 725 727 724
725 726 728 727
626 629 729 726
629 630 730 729
726 729 731 728
729 730 732 731
630 633 733 730
633 634 734 733
730 733 735 732
733 734 736 735
634 637 737 734
637 638 738 737
734 737 739 736
737 738 740 739
638 641 741 738
641 642 742 741
738 741 743 740
741 742 744 743
642 645 745 742
645 646 746 745
742 745 747 744
745 746 748 747
646 649 749 746
649 650 750 749
746 749 751 748
749 750 752 751
650 653 753 750
653 654 754 753
750 753 755 752
753 754 756 755
654 657 757 754
657 658 758 757
754 757 759 756
757 758 760 759
658 661 761 758
661 662 762 761
758 761 763 760
761 762 764 763
667 666 765 766
666 668 767 765
766 765 768 769
765 767 770 768
668 671 771 767
671 672 772 771
767 771 773 770
771 772 774 773
672 675 775 772
675 676 776 775
772 775 777 774
775 776 778 777
676 679 779 776
679 680 780 779
776 779 781 778
779 780 782 781
680 683 783 780
683 684 784 783
780 783 785 782
783 784 786 785
684 687 787 784
687 688 788 787
784 787 789 786
787 788 790 789
688 691 791 788
691 692 792 791
788 791 793 790
791 792 794 793
692 695 795 792
695 696 796 795
792 795 797 794
795 796 798 797
696 699 799 796
699 700 800 799
796 799 801 798
799 800 802 801
700 703 803 800
703 704 804 803
800 803 805 802
803 804 806 805
704 707 807 804
707 708 808 807
804 807 809 806
807 808 810 809
708 711 811 808
711 712 812 811
808 811 813 810
811 812 814 813
712 715 815 812
715 716 816 815
812 815 817 814
815 816 818 817
716 719 819 816
719 720 820 819
816 819 821 818
819 820 822 821
720 723 823 820
723 724 824 823
820 823 825 822
823 824 826 825
724 727 827 824
727 728 828 827
824 827 829 826
827 828 830 829
728 731 831 828
731 732 832 831
828 831 833 830
831 832 834 833
732 735 835 832
735 736 836 835
832 835 837 834
835 836 838 837
736 739 839 836
739 740 840 839
836 839 841 838
839 840 842 841
740 743 843 840
743 744 844 843
840 843 845 842
843 844 846 845
744 747 847 844
747 748 848 847
844 847 849 846
847 848 850 849
748 751 851 848
751 752 852 851
848 851 853 850
851 852 854 853
752 755 855 852
755 756 856 855
852 855 857 854
855 856 858 857
756 759 859 856
759 760 860 859
856 859 861 858
859 860 862 861
760 763 863 860
763 764 864 863
860 863 865 862
863 864 866 865
769 768 867 868
768 770 869 867
868 867 870 871
867 869 872 870
770 773 873 869
773 774 874 873
869 873 875 872
873 874 876 875
774 777 877 874
777 778 878 877
874 877 879 876
877 878 880 879
778 781 881 878
781 782 882 881
878 881 883 880
881 882 884 883
782 785 885 882
785 786 886 885
882 885 887 884
885 886 888 887
786 789 889 886
789 790 890 889
886 889 891 888
889 890 892 891
790 793 893 890
793 794 894 893
890 893 895 892
893 894 896 895
794 797 897 894
797 798 898 897
894 897 899 896
897 898 900 899
798 801 901 898
801 802 902 901
898 901 903 900
901 902 904 903
802 805 905 902
805 806 906 905
902 905 907 904
905 906 908 907
806 809 909 906
809 810 910 909
906 909 911 908
909 910 912 911
810 813 913 910
813 814 914 913
910 913 915 912
913 914 916 915
814 817 917 914
817 818 918 917
914 917 919 916
917 918 920 919
818 821 921 918
821 822 922 921
918 921 923 920
921 922 924 923
822 825 925 922
825 826 926 925
922 925 927 924
925 926 928 927
826 829 929 926
829 830 930 929
926 929 931 928
929 930 932 931
830 833 933 930
833 834 934 933
930 933 935 932
933 934 936 935
834 837 937 934
837 838 938 937
934 937 939 936
937 938 940 939
838 841 941 938
841 842 942 941
938 941 943 940
941 942 944 943
842 845 945 942
845 846 946 945
942 945 947 944
945 946 948 947
846 849 949 946
849 850 950 949
946 949 951 948
949 950 952 951
850 853 953 950
853 854 954 953
950 953 955 952
953 954 956 955
854 857 957 954
857 858 958 957
954 957 959 956
957 958 960 959
858 861 961 958
861 862 962 961
958 961 963 960
961 962 964 963
862 865 965 962
865 866 966 965
962 965 967 964
965 966 968 967
871 870 969 970
870 872 971 969
970 969 972 973
969 971 974 972
872 875 975 971
875 876 976 975
971 975 977 974
975 976 978 977
876 879 979 976
879 880 980 979
976 979 981 978
979 980 982 981
880 883 983 980
883 884 984 983
980 983 985 982
983 984 986 985
884 887 987 984
887 888 988 987
984 987 989 986
987 988 990 989
888 891 991 988
891 892 992 991
988 991 993 990
991 992 994 993
892 895 995 992
895 896 996 995
992 995 997 994
995 996 998 997
896 899 999 996
899 900 1000 999
996 999 1001 998
999 1000 1002 1001
900 903 1003 1000
903 904 1004 1003
1000 1003 1005 1002
1003 1004 1006 1005
904 907 1007 1004
907 908 1008 1007
1004 1007 1009 1006
1007 1008 1010 1009
908 911 1011 1008
911 912 1012 1011
1008 1011 1013 1010
1011 1012 1014 1013
912 915 1015 1012
915 916 1016 1015
1012 1015 1017 1014
1015 1016 1018 1017
916 919 1019 1016
919 920 1020 1019
1016 1019 1021 1018
1019 1020 1022 1021
920 923 1023 1020
923 924 1024 1023
1020 1023 1025 1022
1023 1024 1026 1025
924 927 1027 1024
927 928 1028 1027
1024 1027 1029 1026
1027 1028 1030 1029
928 931 1031 1028
931 932 1032 1031
1028 1031 1033 1030
1031 1032 1034 1033
932 935 1035 1032
935 936 1036 1035
1032 1035 1037 1034
1035 1036 1038 1037
936 939 1039 1036
939 940 1040 1039
1036 1039 1041 1038
1039 1040 1042 1041
940 943 1043 1040
943 944 1044 1043
1040 1043 1045 1042
1043 1044 1046 1045
944 947 1047 1044
947 948 1048 1047
1044 1047 1049 1046
1047 1048 1050 1049
948 951 1051 1048
951 952 1052 1051
1048 1051 1053 1050
1051 1052 1054 1053
952 955 1055 1052
955 956 1056 1055
1052 1055 1057 1054
1055 1056 1058 1057
956 959 1059 1056
959 960 1060 1059
1056 1059 1061 1058
1059 1060 1062 1061
960 963 1063 1060
963 964 1064 1063
1060 1063 1065 1062
1063 1064 1066 1065
964 967 1067 1064
967 968 1068 1067
1064 1067 1069 1066
1067 1068 1070 1069
973 972 1071 1072
972 974 1073 1071
1072 1071 1074 1075
1071 1073 1076 1074
974 977 1077 1073
977 978 1078 1077
1073 1077 1079 1076
1077 1078 1080 1079
978 981 1081 1078
981 982 1082 1081
1078 1081 1083 1080
1081 1082 1084 1083
982 985 1085 1082
985 986 1086 1085
1082 1085 1087 1084
1085 1086 1088 1087
986 989 1089 1086
989 990 1090 1089
1086 1089 1091 1088
1089 1090 1092 1091
990 993 1093 1090
993 994 1094 1093
1090 1093 1095 1092
1093 1094 1096 1095
994 997 1097 1094
997 998 1098 1097
1094 1097 1099 1096
1097 1098 1100 1099
998 1001 1101 1098
1001 1002 1102 1101
1098 1101 1103 1100
1101 1102 1104 1103
1002 1005 1105 1102
1005 1006 1106 1105
1102 1105 1107 1104
1105 1106 1108 1107
1006 1009 1109 1106
1009 1010 1110 1109
1106 1109 1111 1108
1109 1110 1112 1111
1010 1013 1113 1110
1013 1014 1114 1113
1110 1113 1115 1112
1113 1114 1116 1115
1014 1017 1117 1114
1017 1018 1118 1117
1114 1117 1119 1116
1117 1118 1120 1119
1018 1021 1121 1118
1021 1022 1122 1121
1118 1121 1123 1120
1121 1122 1124 1123
1022 1025 1125 1122
1025 1026 1126 1125
1122 1125 1127 1124
1125 1126 1128 1127
1026 1029 1129 1126
1029 1030 1130 1129
1126 1129 1131 1128
1129 1130 1132 1131
1030 1033 1133 1130
1033 1034 1134 1133
1130 1133 1135 1132
1133 1134 1136 1135
1034 1037 1137 1134
1037 1038 1138 1137
1134 1137 1139 1136
1137 1138 1140 1139
1038 1041 1141 1138
1041 1042 1142 1141
1138 1141 1143 1140
1141 1142 1144 1143
1042 1045 1145 1142
1045 1046 1146 1145
1142 1145 1147 1144
1145 1146 1148 1147
1046 1049 1149 1146
1049 1050 1150 1149
1146 1149 1151 1148
1149 1150 1152 1151
1050 1053 1153 1150
1053 1054 1154 1153
1150 1153 1155 1152
1153 1154 1156 1155
1054 1057 1157 1154
1057 1058 1158 1157
1154 1157 1159 1156
1157 1158 1160 1159
1058 1061 1161 1158
1061 1062 1162 1161
1158 1161 1163 1160
1161 1162 1164 1163
1062 1065 1165 1162
1065 1066 1166 1165
1162 1165 1167 1164
1165 1166 1168 1167
1066 1069 1169 1166
1069 1070 1170 1169
1166 1169 1171 1168
1169 1170 1172 1171
1075 1074 1173 1174
1074 1076 1175 1173
1174 1173 1176 1177
1173 1175 1178 1176
1076 1079 1179 1175
1079 1080 1180 1179
1175 1179 1181 1178
1179 1180 1182 1181
1080 1083 1183 1180
1083 1084 1184 1183
1180 1183 1185 1182
1183 1184 1186 1185
1084 1087 1187 1184
1087 1088 1188 1187
1184 1187 1189 1186
1187 1188 1190 1189
1088 1091 1191 1188
1091 1092 1192 1191
1188 1191 1193 1190
1191 1192 1194 1193
1092 1095 1195 1192
1095 1096 1196 1195
1192 1195 1197 1194
1195 1196 1198 1197
1096 1099 1199 1196
1099 1100 1200 1199
1196 1199 1201 1198
1199 1200 1202 1201
1100 1103 1203 1200
1103 1104 1204 1203
1200 1203 1205 1202
1203 1204 1206 1205
1104 1107 1207 1204
1107 1108 1208 1207
1204 1207 1209 1206
1207 1208 1210 1209
1108 1111 1211 1208
1111 1112 1212 1211
1208 1211 1213 1210
1211 1212 1214 1213
1112 1115 1215 1212
1115 1116 1216 1215
1212 1215 1217 1214
1215 1216 1218 1217
1116 1119 1219 1216
1119 1120 1220 1219
1216 1219 1221 1218
1219 1220 1222 1221
1120 1123 1223 1220
1123 1124 1224 1223
1220 1223 1225 1222
1223 1224 1226 1225
1124 1127 1227 1224
1127 1128 1228 1227
1224 1227 1229 1226
1227 1228 1230 1229
1128 1131 1231 1228
1131 1132 1232 1231
1228 1231 1233 1230
1231 1232 1234 1233
1132 1135 1235 1232
1135 1136 1236 1235
1232 1235 1237 1234
1235 1236 1238 1237
1136 1139 1239 1236
1139 1140 1240 1239
1236 1239 1241 1238
1239 1240 1242 1241
1140 1143 1243 1240
1143 1144 1244 1243
1240 1243 1245 1242
1243 1244 1246 1245
1144 1147 1247 1244
1147 1148 1248 1247
1244 1247 1249 1246
1247 1248 1250 1249
1148 1151 1251 1248
1151 1152 1252 1251
1248 1251 1253 1250
1251 1252 1254 1253
1152 1155 1255 1252
1155 1156 1256 1255
1252 1255 1257 1254
1255 1256 1258 1257
1156 1159 1259 1256
1159 1160 1260 1259
1256 1259 1261 1258
1259 1260 1262 1261
1160 1163 1263 1260
1163 1164 1264 1263
1260 1263 1265 1262
1263 1264 1266 1265
1164 1167 1267 1264
1167 1168 1268 1267
1264 1267 1269 1266
1267 1268 1270 1269
1168 1171 1271 1268
1171 1172 1272 1271
1268 1271 1273 1270
1271 1272 1274 1273
1226 1229 1275 1276
1229 1230 1277 1275
1276 1275 1278 1279
1275 1277 1280 1278
1230 1233 1281 1277
1233 1234 1282 1281
1277 1281 1283 1280
1281 1282 1284 1283
1234 1237 1285 1282
1237 1238 1286 1285
1282 1285 1287 1284
1285 1286 1288 1287
1238 1241 1289 1286
1241 1242 1290 1289
1286 1289 1291 1288
1289 1290 1292 1291
1242 1245 1293 1290
1245 1246 1294 1293
1290 1293 1295 1292
1293 1294 1296 1295
1246 1249 1297 1294
1249 1250 1298 1297
1294 1297 1299 1296
1297 1298 1300 1299
1250 1253 1301 1298
1253 1254 1302 1301
1298 1301 1303 1300
1301 1302 1304 1303
1254 1257 1305 1302
1257 1258 1306 1305
1302 1305 1307 1304
1305 1306 1308 1307
1258 1261 1309 1306
1261 1262 1310 1309
1306 1309 1311 1308
1309 1310 1312 1311
1262 1265 1313 1310
1265 1266 1314 1313
1310 1313 1315 1312
1313 1314 1316 1315
1266 1269 1317 1314
1269 1270 1318 1317
1314 1317 1319 1316
1317 1318 1320 1319
1270 1273 1321 1318
1273 1274 1322 1321
1318 1321 1323 1320
1321 1322 1324 1323
1325 1326 1327 1328
1326 1329 1330 1327
1328 1327 1331 1332
1327 1330 1333 1331
1329 1334 1335 1330
1334 1336 1337 1335
1330 1335 1338 1333
1335 1337 1339 1338
1336 1340 1341 1337
1340 1342 1343 1341
1337 1341 1344 1339
1341 1343 1345 1344
1342 1346 1347 1343
1346 1348 1349 1347
1343 1347 1350 1345
1347 1349 1351 1350
1348 1352 1353 1349
1352 1354 1355 1353
1349 1353 1356 1351
1353 1355 1357 1356
1354 1358 1359 1355
1358 1360 1361 1359
1355 1359 1362 1357
1359 1361 1363 1362
1360 1364 1365 1361
1364 1366 1367 1365
1361 1365 1368 1363
1365 1367 1369 1368
1366 1370 1371 1367
1370 1372 1373 1371
1367 1371 1374 1369
1371 1373 1375 1374
1372 1376 1377 1373
1376 1378 1379 1377
1373 1377 1380 1375
1377 1379 1381 1380
1378 1382 1383 1379
1382 1384 1385 1383
1379 1383 1386 1381
1383 1385 1387 1386
1384 1388 1389 1385
1388 1390 1391 1389
1385 1389 1392 1387
1389 1391 1393 1392
1390 1394 1395 1391
1394 1396 1397 1395
1391 1395 1398 1393
1395 1397 1399 1398
1396 1400 1401 1397
1400 1279 1402 1401
1397 1401 1403 1399
1401 1402 1404 1403
1279 1278 1405 1402
1278 1280 1406 1405
1402 1405 1407 1404
1405 1406 1408 1407
1280 1283 1409 1406
1283 1284 1410 1409
1406 1409 1411 1408
1409 1410 1412 1411
1284 1287 1413 1410
1287 1288 1414 1413
1410 1413 1415 1412
1413 1414 1416 1415
1288 1291 1417 1414
1291 1292 1418 1417
1414 1417 1419 1416
1417 1418 1420 1419
1292 1295 1421 1418
1295 1296 1422 1421
1418 1421 1423 1420
1421 1422 1424 1423
1296 1299 1425 1422
1299 1300 1426 1425
1422 1425 1427 1424
1425 1426 1428 1427
1300 1303 1429 1426
1303 1304 1430 1429
1426 1429 1431 1428
1429 1430 1432 1431
1304 1307 1433 1430
1307 1308 1434 1433
1430 1433 1435 1432
1433 1434 1436 1435
1308 1311 1437 1434
1311 1312 1438 1437
1434 1437 1439 1436
1437 1438 1440 1439
1312 1315 1441 1438
1315 1316 1442 1441
1438 1441 1443 1440
1441 1442 1444 1443
1316 1319 1445 1442
1319 1320 1446 1445
1442 1445 1447 1444
1445 1446 1448 1447
1320 1323 1449 1446
1323 1324 1450 1449
1446 1449 1451 1448
1449 1450 1452 1451
1332 1331 1453 1454
1331 1333 1455 1453
1454 1453 1456 1457
1453 1455 1458 1456
1333 1338 1459 1455
1338 1339 1460 1459
1455 1459 1461 1458
1459 1460 1462 1461
1339 1344 1463 1460
1344 1345 1464 1463
1460 1463 1465 1462
1463 1464 1466 1465
1345 1350 1467 1464
1350 1351 1468 1467
1464 1467 1469 1466
1467 1468 1470 1469
1351 1356 1471 1468
1356 1357 1472 1471
1468 1471 1473 1470
1471 1472 1474 1473
1357 1362 1475 1472
1362 1363 1476 1475
1472 1475 1477 1474
1475 1476 1478 1477
1363 1368 1479 1476
1368 1369 1480 1479
1476 1479 1481 1478
1479 1480 1482 1481
1369 1374 1483 1480
1374 1375 1484 1483
1480 1483 1485 1482
1483 1484 1486 1485
1375 1380 1487 1484
1380 1381 1488 1487
1484 1487 1489 1486
1487 1488 1490 1489
1381 1386 1491 1488
1386 1387 1492 1491
1488 1491 1493 1490
1491 1492 1494 1493
1387 1392 1495 1492
1392 1393 1496 1495
1492 1495 1497 1494
1495 1496 1498 1497
1393 1398 1499 1496
1398 1399 1500 1499
1496 1499 1501 1498
1499 1500 1502 1501
1399 1403 1503 1500
1403 1404 1504 1503
1500 1503 1505 1502
1503 1504 1506 1505
1404 1407 1507 1504
1407 1408 1508 1507
1504 1507 1509 1506
1507 1508 1510 1509
1408 1411 1511 1508
1411 1412 1512 1511
1508 1511 1513 1510
1511 1512 1514 1513
1412 1415 1515 1512
1415 1416 1516 1515
1512 1515 1517 1514
1515 1516 1518 1517
1416 1419 1519 1516
1419 1420 1520 1519
1516 1519 1521 1518
1519 1520 1522 1521
1420 1423 1523 1520
1423 1424 1524 1523
1520 1523 1525 1522
1523 1524 1526 1525
1424 1427 1527 1524
1427 1428 1528 1527
1524 1527 1529 1526
1527 1528 1530 1529
1428 1431 1531 1528
1431 1432 1532 1531
1528 1531 1533 1530
1531 1532 1534 1533
1432 1435 1535 1532
1435 1436 1536 1535
1532 1535 1537 1534
1535 1536 1538 1537
1436 1439 1539 1536
1439 1440 1540 1539
1536 1539 1541 1538
1539 1540 1542 1541
1440 1443 1543 1540
1443 1444 1544 1543
1540 1543 1545 1542
1543 1544 1546 1545
1444 1447 1547 1544
1447 1448 1548 1547
1544 1547 1549 1546
1547 1548 1550 1549
1448 1451 1551 1548
1451 1452 1552 1551
1548 1551 1553 1550
1551 1552 1554 1553
1457 1456 1555 1556
1456 1458 1557 1555
1556 1555 1558 1559
1555 1557 1560 1558
1458 1461 1561 1557
1461 1462 1562 1561
1557 1561 1563 1560
1561 1562 1564 1563
1462 1465 1565 1562
1465 1466 1566 1565
1562 1565 1567 1564
1565 1566 1568 1567
1466 1469 1569 1566
1469 1470 1570 1569
1566 1569 1571 1568
1569 1570 1572 1571
1470 1473 1573 1570
1473 1474 1574 1573
1570 1573 1575 1572
1573 1574 1576 1575
1474 1477 1577 1574
1477 1478 1578 1577
1574 1577 1579 1576
1577 1578 1580 1579
1478 1481 1581 1578
1481 1482 1582 1581
1578 1581 1583 1580
1581 1582 1584 1583
1482 1485 1585 1582
1485 1486 1586 1585
1582 1585 1587 1584
1585 1586 1588 1587
1486 1489 1589 1586
1489 1490 1590 1589
1586 1589 1591 1588
1589 1590 1592 1591
1490 1493 1593 1590
1493 1494 1594 1593
1590 1593 1595 1592
1593 1594 1596 1595
1494 1497 1597 1594
1497 1498 1598 1597
1594 1597 1599 1596
1597 1598 1600 1599
1498 1501 1601 1598
1501 1502 1602 1601
1598 1601 1603 1600
1601 1602 1604 1603
1502 1505 1605 1602
1505 1506 1606 1605
1602 1605 1607 1604
1605 1606 1608 1607
1506 1509 1609 1606
1509 1510 1610 1609
1606 1609 1611 1608
1609 1610 1612 1611
1510 1513 1613 1610
1513 1514 1614 1613
1610 1613 1615 1612
1613 1614 1616 1615
1514 1517 1617 1614
1517 1518 1618 1617
1614 1617 1619 1616
1617 1618 1620 1619
1518 1521 1621 1618
1521 1522 1622 1621
1618 1621 1623 1620
1621 1622 1624 1623
1522 1525 1625 1622
1525 1526 1626 1625
1622 1625 1627 1624
1625 1626 1628 1627
1526 1529 1629 1626
1529 1530 1630 1629
1626 1629 1631 1628
1629 1630 1632 1631
1530 1533 1633 1630
1533 1534 1634 1633
1630 1633 1635 1632
1633 1634 1636 1635
1534 1537 1637 1634
1537 1538 1638 1637
1634 1637 1639 1636
1637 1638 1640 1639
1538 1541 1641 1638
1541 1542 1642 1641
1638 1641 1643 1640
1641 1642 1644 1643
1542 1545 1645 1642
1545 1546 1646 1645
1642 1645 1647 1644
1645 1646 1648 1647
1546 1549 1649 1646
1549 1550 1650 1649
1646 1649 1651 1648
1649 1650 1652 1651
1550 1553 1653 1650
1553 1554 1654 1653
1650 1653 1655 1652
1653 1654 1656 1655
1559 1558 1657 1658
1558 1560 1659 1657
1658 1657 1660 1661
1657 1659 1662 1660
1560 1563 1663 1659
1563 1564 1664 1663
1659 1663 1665 1662
1663 1664 1666 1665
1564 1567 1667 1664
1567 1568 1668 1667
1664 1667 1669 1666
1667 1668 1670 1669
1568 1571 1671 1668
1571 1572 1672 1671
1668 1671 1673 1670
1671 1672 1674 1673
1572 1575 1675 1672
1575 1576 1676 1675
1672 1675 1677 1674
1675 1676 1678 1677
1576 1579 1679 1676
1579 1580 1680 1679
1676 1679 1681 1678
1679 1680 1682 1681
1580 1583 1683 1680
1583 1584 1684 1683
1680 1683 1685 1682
1683 1684 1686 1685
1584 1587 1687 1684
1587 1588 1688 1687
1684 1687 1689 1686
1687 1688 1690 1689
1588 1591 1691 1688
1591 1592 1692 1691
1688 1691 1693 1690
1691 1692 1694 1693
1592 1595 1695 1692
1595 1596 1696 1695
1692 1695 1697 1694
1695 1696 1698 1697
1596 1599 1699 1696
1599 1600 1700 1699
1696 1699 1701 1698
1699 1700 1702 1701
1600 1603 1703 1700
1603 1604 1704 1703
1700 1703 1705 1702
1703 1704 1706 1705
1604 1607 1707 1704
1607 1608 1708 1707
1704 1707 1709 1706
1707 1708 1710 1709
1608 1611 1711 1708
1611 1612 1712 1711
1708 1711 1713 1710
1711 1712 1714 1713
1612 1615 1715 1712
1615 1616 1716 1715
1712 1715 1717 1714
1715 1716 1718 1717
1616 1619 1719 1716
1619 1620 1720 1719
1716 1719 1721 1718
1719 1720 1722 1721
1620 1623 1723 1720
1623 1624 1724 1723
1720 1723 1725 1722
1723 1724 1726 1725
1624 1627 1727 1724
1627 1628 1728 1727
1724 1727 1729 1726
1727 1728 1730 1729
1628 1631 1731 1728
1631 1632 1732 1731
1728 1731 1733 1730
1731 1732 1734 1733
1632 1635 1735 1732
1635 1636 1736 1735
1732 1735 1737 1734
1735 1736 1738 1737
1636 1639 1739 1736
1639 1640 1740 1739
1736 1739 1741 1738
1739 1740 1742 1741
1640 1643 1743 1740
1643 1644 1744 1743
1740 1743 1745 1742
1743 1744 1746 1745
1644 1647 1747 1744
1647 1648 1748 1747
1744 1747 1749 1746
1747 1748 1750 1749
1648 1651 1751 1748
1651 1652 1752 1751
1748 1751 1753 1750
1751 1752 1754 1753
1652 1655 1755 1752
1655 1656 1756 1755
1752 1755 1757 1754
1755 1756 1758 1757
1661 1660 1759 1760
1660 1662 1761 1759
1760 1759 1762 1763
1759 1761 1764 1762
1662 1665 1765 1761
1665 1666 1766 1765
1761 1765 1767 1764
1765 1766 1768 1767
1666 1669 1769 1766
1669 1670 1770 1769
1766 1769 1771 1768
1769 1770 1772 1771
1670 1673 1773 1770
1673 1674 1774 1773
1770 1773 1775 1772
1773 1774 1776 1775
1674 1677 1777 1774
1677 1678 1778 1777
1774 1777 1779 1776
1777 1778 1780 1779
1678 1681 1781 1778
1681 1682 1782 1781
1778 1781 1783 1780
1781 1782 1784 1783
1682 1685 1785 1782
1685 1686 1786 1785
1782 1785 1787 1784
1785 1786 1788 1787
1686 1689 1789 1786
1689 1690 1790 1789
1786 1789 1791 1788
1789 1790 1792 1791
1690 1693 1793 1790
1693 1694 1794 1793
1790 1793 1795 1792
1793 1794 1796 1795
1694 1697 1797 1794
1697 1698 1798 1797
1794 1797 1799 1796
1797 1798 1800 1799
1698 1701 1801 1798
1701 1702 1802 1801
1798 1801 1803 1800
1801 1802 1804 1803
1702 1705 1805 1802
1705 1706 1806 1805
1802 1805 1807 1804
1805 1806 1808 1807
1706 1709 1809 1806
1709 1710 1810 1809
1806 1809 1811 1808
1809 1810 1812 1811
1710 1713 1813 1810
1713 1714 1814 1813
1810 1813 1815 1812
1813 1814 1816 1815
1714 1717 1817 1814
1717 1718 1818 1817
1814 1817 1819 1816
1817 1818 1820 1819
1718 1721 1821 1818
1721 1722 1822 1821
1818 1821 1823 1820
1821 1822 1824 1823
1722 1725 1825 1822
1725 1726 1826 1825
1822 1825 1827 1824
1825 1826 1828 1827
1726 1729 1829 1826
1729 1730 1830 1829
1826 1829 1831 1828
1829 1830 1832 1831
1730 1733 1833 1830
1733 1734 1834 1833
1830 1833 1835 1832
1833 1834 1836 1835
1734 1737 1837 1834
1737 1738 1838 1837
1834 1837 1839 1836
1837 1838 1840 1839
1738 1741 1841 1838
1741 1742 1842 1841
1838 1841 1843 1840
1841 1842 1844 1843
1742 1745 1845 1842
1745 1746 1846 1845
1842 1845 1847 1844
1845 1846 1848 1847
1746 1749 1849 1846
1749 1750 1850 1849
1846 1849 1851 1848
1849 1850 1852 1851
1750 1753 1853 1850
1753 1754 1854 1853
1850 1853 1855 1852
1853 1854 1856 1855
1754 1757 1857 1854
1757 1758 1858 1857
1854 1857 1859 1856
1857 1858 1860 1859
1763 1762 1861 1862
1762 1764 1863 1861
1862 1861 1864 1865
1861 1863 1866 1864
1764 1767 1867 1863
1767 1768 1868 1867
1863 1867 1869 1866
1867 1868 1870 1869
1768 1771 1871 1868
1771 1772 1872 1871
1868 1871 1873 1870
1871 1872 1874 1873
1772 1775 1875 1872
1775 1776 1876 1875
1872 1875 1877 1874
1875 1876 1878 1877
1776 1779 1879 1876
1779 1780 1880 1879
1876 1879 1881 1878
1879 1880 1882 1881
1780 1783 1883 1880
1783 1784 1884 1883
1880 1883 1885 1882
1883 1884 1886 1885
1784 1787 1887 1884
1787 1788 1888 1887
1884 1887 1889 1886
1887 1888 1890 1889
1788 1791 1891 1888
1791 1792 1892 1891
1888 1891 1893 1890
1891 1892 1894 1893
1792 1795 1895 1892
1795 1796 1896 1895
1892 1895 1897 1894
1895 1896 1898 1897
1796 1799 1899 1896
1799 1800 1900 1899
1896 1899 1901 1898
1899 1900 1902 1901
1800 1803 1903 1900
1803 1804 1904 1903
1900 1903 1905 1902
1903 1904 1906 1905
1804 1807 1907 1904
1807 1808 1908 1907
1904 1907 1909 1906
1907 1908 1910 1909
1808 1811 1911 1908
1811 1812 1912 1911
1908 1911 1913 1910
1911 1912 1914 1913
1812 1815 1915 1912
1815 1816 1916 1915
1912 1915 1917 1914
1915 1916 1918 1917
1816 1819 1919 1916
1819 1820 1920 1919
1916 1919 1921 1918
1919 1920 1922 1921
1820 1823 1923 1920
1823 1824 1924 1923
1920 1923 1925 1922
1923 1924 1926 1925
1824 1827 1927 1924
1827 1828 1928 1927
1924 1927 1929 1926
1927 1928 1930 1929
1828 1831 1931 1928
1831 1832 1932 1931
1928 1931 1933 1930
1931 1932 1934 1933
1832 1835 1935 1932
1835 1836 1936 1935
1932 1935 1937 1934
1935 1936 1938 1937
1836 1839 1939 1936
1839 1840 1940 1939
1936 1939 1941 1938
1939 1940 1942 1941
1840 1843 1943 1940
1843 1844 1944 1943
1940 1943 1945 1942
1943 1944 1946 1945
1844 1847 1947 1944
1847 1848 1948 1947
1944 1947 1949 1946
1947 1948 1950 1949
1848 1851 1951 1948
1851 1852 1952 1951
1948 1951 1953 1950
1951 1952 1954 1953
1852 1855 1955 1952
1855 1856 1956 1955
1952 1955 1957 1954
1955 1956 1958 1957
1856 1859 1959 1956
1859 1860 1960 1959
1956 1959 1961 1958
1959 1960 1962 1961
1865 1864 1963 1964
1864 1866 1965 1963
1964 1963 1966 1967
1963 1965 1968 1966
1866 1869 1969 1965
1869 1870 1970 1969
1965 1969 1971 1968
1969 1970 1972 1971
1870 1873 1973 1970
1873 1874 1974 1973
1970 1973 1975 1972
1973 1974 1976 1975
1874 1877 1977 1974
1877 1878 1978 1977
1974 1977 1979 1976
1977 1978 1980 1979
1878 1881 1981 1978
1881 1882 1982 1981
1978 1981 1983 1980
1981 1982 1984 1983
1882 1885 1985 1982
1885 1886 1986 1985
1982 1985 1987 1984
1985 1986 1988 1987
1886 1889 1989 1986
1889 1890 1990 1989
1986 1989 1991 1988
1989 1990 1992 1991
1890 1893 1993 1990
1893 1894 1994 1993
1990 1993 1995 1992
1993 1994 1996 1995
1894 1897 1997 1994
1897 1898 1998 1997
1994 1997 1999 1996
1997 1998 2000 1999
1898 1901 2001 1998
1901 1902 2002 2001
1998 2001 2003 2000
2001 2002 2004 2003
1902 1905 2005 2002
1905 1906 2006 2005
2002 2005 2007 2004
2005 2006 2008 2007
1906 1909 2009 2006
1909 1910 2010 2009
2006 2009 2011 2008
2009 2010 2012 2011
1910 1913 2013 2010
1913 1914 2014 2013
2010 2013 2015 2012
2013 2014 2016 2015
1914 1917 2017 2014
1917 1918 2018 2017
2014 2017 2019 2016
2017 2018 2020 2019
1918 1921 2021 2018
1921 1922 2022 2021
2018 2021 2023 2020
2021 2022 2024 2023
1922 1925 2025 2022
1925 1926 2026 2025
2022 2025 2027 2024
2025 2026 2028 2027
1926 1929 2029 2026
1929 1930 2030 2029
2026 2029 2031 2028
2029 2030 2032 2031
1930 1933 2033 2030
1933 1934 2034 2033
2030 2033 2035 2032
2033 2034 2036 2035
1934 1937 2037 2034
1937 1938 2038 2037
2034 2037 2039 2036
2037 2038 2040 2039
1938 1941 2041 2038
1941 1942 2042 2041
2038 2041 2043 2040
2041 2042 2044 2043
1942 1945 2045 2042
1945 1946 2046 2045
2042 2045 2047 2044
2045 2046 2048 2047
1946 1949 2049 2046
1949 1950 2050 2049
2046 2049 2051 2048
2049 2050 2052 2051
1950 1953 2053 2050
1953 1954 2054 2053
2050 2053 2055 2052
2053 2054 2056 2055
1954 1957 2057 2054
1957 1958 2058 2057
2054 2057 2059 2056
2057 2058 2060 2059
1958 1961 2061 2058
1961 1962 2062 2061
2058 2061 2063 2060
2061 2062 2064 2063
1967 1966 2065 2066
1966 1968 2067 2065
2066 2065 2068 2069
2065 2067 2070 2068
1968 1971 2071 2067
1971 1972 2072 2071
2067 2071 2073 2070
2071 2072 2074 2073
1972 1975 2075 2072
1975 1976 2076 2075
2072 2075 2077 2074
2075 2076 2078 2077
1976 1979 2079 2076
1979 1980 2080 2079
2076 2079 2081 2078
2079 2080 2082 2081
1980 1983 2083 2080
1983 1984 2084 2083
2080 2083 2085 2082
2083 2084 2086 2085
1984 1987 2087 2084
1987 1988 2088 2087
2084 2087 2089 2086
2087 2088 2090 2089
1988 1991 2091 2088
1991 1992 2092 2091
2088 2091 2093 2090
2091 2092 2094 2093
1992 1995 2095 2092
1995 1996 2096 2095
2092 2095 2097 2094
2095 2096 2098 2097
1996 1999 2099 2096
1999 2000 2100 2099
2096 2099 2101 2098
2099 2100 2102 2101
2000 2003 2103 2100
2003 2004 2104 2103
2100 2103 2105 2102
2103 2104 2106 2105
2004 2007 2107 2104
2007 2008 2108 2107
2104 2107 2109 2106
2107 2108 2110 2109
2008 2011 2111 2108
2011 2012 2112 2111
2108 2111 2113 2110
2111 2112 2114 2113
2012 2015 2115 2112
2015 2016 2116 2115
2112 2115 2117 2114
2115 2116 2118 2117
2016 2019 2119 2116
2019 2020 2120 2119
2116 2119 2121 2118
2119 2120 2122 2121
2020 2023 2123 2120
2023 2024 2124 2123
2120 2123 2125 2122
2123 2124 2126 2125
2024 2027 2127 2124
2027 2028 2128 2127
2124 2127 2129 2126
2127 2128 2130 2129
2028 2031 2131 2128
2031 2032 2132 2131
2128 2131 2133 2130
2131 2132 2134 2133
2032 2035 2135 2132
2035 2036 2136 2135
2132 2135 2137 2134
2135 2136 2138 2137
2036 2039 2139 2136
2039 2040 2140 2139
2136 2139 2141 2138
2139 2140 2142 2141
2040 2043 2143 2140
2043 2044 2144 2143
2140 2143 2145 2142
2143 2144 2146 2145
2044 2047 2147 2144
2047 2048 2148 2147
2144 2147 2149 2146
2147 2148 2150 2149
2048 2051 2151 2148
2051 2052 2152 2151
2148 2151 2153 2150
2151 2152 2154 2153
2052 2055 2155 2152
2055 2056 2156 2155
2152 2155 2157 2154
2155 2156 2158 2157
2056 2059 2159 2156
2059 2060 2160 2159
2156 2159 2161 2158
2159 2160 2162 2161
2060 2063 2163 2160
2063 2064 2164 2163
2160 2163 2165 2162
2163 2164 2166 2165
2069 2068 2167 2168
2068 2070 2169 2167
2168 2167 2170 2171
2167 2169 2172 2170
2070 2073 2173 2169
2073 2074 2174 2173
2169 2173 2175 2172
2173 2174 2176 2175
2074 2077 2177 2174
2077 2078 2178 2177
2174 2177 2179 2176
2177 2178 2180 2179
2078 2081 2181 2178
2081 2082 2182 2181
2178 2181 2183 2180
2181 2182 2184 2183
2082 2085 2185 2182
2085 2086 2186 2185
2182 2185 2187 2184
2185 2186 2188 2187
2086 2089 2189 2186
2089 2090 2190 2189
2186 2189 2191 2188
2189 2190 2192 2191
2090 2093 2193 2190
2093 2094 2194 2193
2190 2193 2195 2192
2193 2194 2196 2195
2094 2097 2197 2194
2097 2098 2198 2197
2194 2197 2199 2196
2197 2198 2200 2199
2098 2101 2201 2198
2101 2102 2202 2201
2198 2201 2203 2200
2201 2202 2204 2203
2102 2105 2205 2202
2105 2106 2206 2205
2202 2205 2207 2204
2205 2206 2208 2207
2106 2109 2209 2206
2109 2110 2210 2209
2206 2209 2211 2208
2209 2210 2212 2211
2110 2113 2213 2210
2113 2114 2214 2213
2210 2213 2215 2212
2213 2214 2216 2215
2114 2117 2217 2214
2117 2118 2218 2217
2214 2217 2219 2216
2217 2218 2220 2219
2118 2121 2221 2218
2121 2122 2222 2221
2218 2221 2223 2220
2221 2222 2224 2223
2122 2125 2225 2222
2125 2126 2226 2225
2222 2225 2227 2224
2225 2226 2228 2227
2126 2129 2229 2226
2129 2130 2230 2229
2226 2229 2231 2228
2229 2230 2232 2231
2130 2133 2233 2230
2133 2134 2234 2233
2230 2233 2235 2232
2233 2234 2236 2235
2134 2137 2237 2234
2137 2138 2238 2237
2234 2237 2239 2236
2237 2238 2240 2239
2138 2141 2241 2238
2141 2142 2242 2241
2238 2241 2243 2240
2241 2242 2244 2243
2142 2145 2245 2242
2145 2146 2246 2245
2242 2245 2247 2244
2245 2246 2248 2247
2146 2149 2249 2246
2149 2150 2250 2249
2246 2249 2251 2248
2249 2250 2252 2251
2150 2153 2253 2250
2153 2154 2254 2253
2250 2253 2255 2252
2253 2254 2256 2255
2154 2157 2257 2254
2157 2158 2258 2257
2254 2257 2259 2256
2257 2258 2260 2259
2158 2161 2261 2258
2161 2162 2262 2261
2258 2261 2263 2260
2261 2262 2264 2263
2162 2165 2265 2262
2165 2166 2266 2265
2262 2265 2267 2264
2265 2266 2268 2267
2171 2170 2269 2270
2170 2172 2271 2269
2270 2269 2272 2273
2269 2271 2274 2272
2172 2175 2275 2271
2175 2176 2276 2275
2271 2275 2277 2274
2275 2276 2278 2277
2176 2179 2279 2276
2179 2180 2280 2279
2276 2279 2281 2278
2279 2280 2282 2281
2180 2183 2283 2280
2183 2184 2284 2283
2280 2283 2285 2282
2283 2284 2286 2285
2184 2187 2287 2284
2187 2188 2288 2287
2284 2287 2289 2286
2287 2288 2290 2289
2188 2191 2291 2288
2191 2192 2292 2291
2288 2291 2293 2290
2291 2292 2294 2293
2192 2195 2295 2292
2195 2196 2296 2295
2292 2295 2297 2294
2295 2296 2298 2297
2196 2199 2299 2296
2199 2200 2300 2299
2296 2299 2301 2298
2299 2300 2302 2301
2200 2203 2303 2300
2203 2204 2304 2303
2300 2303 2305 2302
2303 2304 2306 2305
2204 2207 2307 2304
2207 2208 2308 2307
2304 2307 2309 2306
2307 2308 2310 2309
2208 2211 2311 2308
2211 2212 2312 2311
2308 2311 2313 2310
2311 2312 2314 2313
2212 2215 2315 2312
2215 2216 2316 2315
2312 2315 2317 2314
2315 2316 2318 2317
2216 2219 2319 2316
2219 2220 2320 2319
2316 2319 2321 2318
2319 2320 2322 2321
2220 2223 2323 2320
2223 2224 2324 2323
2320 2323 2325 2322
2323 2324 2326 2325
2224 2227 2327 2324
2227 2228 2328 2327
2324 2327 2329 2326
2327 2328 2330 2329
2228 2231 2331 2328
2231 2232 2332 2331
2328 2331 2333 2330
2331 2332 2334 2333
2232 2235 2335 2332
2235 2236 2336 2335
2332 2335 2337 2334
2335 2336 2338 2337
2236 2239 2339 2336
2239 2240 2340 2339
2336 2339 2341 2338
2339 2340 2342 2341
2240 2243 2343 2340
2243 2244 2344 2343
2340 2343 2345 2342
2343 2344 2346 2345
2244 2247 2347 2344
2247 2248 2348 2347
2344 2347 2349 2346
2347 2348 2350 2349
2248 2251 2351 2348
2251 2252 2352 2351
2348 2351 2353 2350
2351 2352 2354 2353
2252 2255 2355 2352
2255 2256 2356 2355
2352 2355 2357 2354
2355 2356 2358 2357
2256 2259 2359 2356
2259 2260 2360 2359
2356 2359 2361 2358
2359 2360 2362 2361
2260 2263 2363 2360
2263 2264 2364 2363
2360 2363 2365 2362
2363 2364 2366 2365
2264 2267 2367 2364
2267 2268 2368 2367
2364 2367 2369 2366
2367 2368 2370 2369
2273 2272 2371 2372
2272 2274 2373 2371
2372 2371 2374 2375
2371 2373 2376 2374
2274 2277 2377 2373
2277 2278 2378 2377
2373 2377 2379 2376
2377 2378 2380 2379
2278 2281 2381 2378
2281 2282 2382 2381
2378 2381 2383 2380
2381 2382 2384 2383
2282 2285 2385 2382
2285 2286 2386 2385
2382 2385 2387 2384
2385 2386 2388 2387
2286 2289 2389 2386
2289 2290 2390 2389
2386 2389 2391 2388
2389 2390 2392 2391
2290 2293 2393 2390
2293 2294 2394 2393
2390 2393 2395 2392
2393 2394 2396 2395
2294 2297 2397 2394
2297 2298 2398 2397
2394 2397 2399 2396
2397 2398 2400 2399
2298 2301 2401 2398
2301 2302 2402 2401
2398 2401 2403 2400
2401 2402 2404 2403
2302 2305 2405 2402
2305 2306 2406 2405
2402 2405 2407 2404
2405 2406 2408 2407
2306 2309 2409 2406
2309 2310 2410 2409
2406 2409 2411 2408
2409 2410 2412 2411
2310 2313 2413 2410
2313 2314 2414 2413
2410 2413 2415 2412
2413 2414 2416 2415
2314 2317 2417 2414
2317 2318 2418 2417
2414 2417 2419 2416
2417 2418 2420 2419
2318 2321 2421 2418
2321 2322 2422 2421
2418 2421 2423 2420
2421 2422 2424 2423
2322 2325 2425 2422
2325 2326 2426 2425
2422 2425 2427 2424
2425 2426 2428 2427
2326 2329 2429 2426
2329 2330 2430 2429
2426 2429 2431 2428
2429 2430 2432 2431
2330 2333 2433 2430
2333 2334 2434 2433
2430 2433 2435 2432
2433 2434 2436 2435
2334 2337 2437 2434
2337 2338 2438 2437
2434 2437 2439 2436
2437 2438 2440 2439
2338 2341 2441 2438
2341 2342 2442 2441
2438 2441 2443 2440
2441 2442 2444 2443
2342 2345 2445 2442
2345 2346 2446 2445
2442 2445 2447 2444
2445 2446 2448 2447
2346 2349 2449 2446
2349 2350 2450 2449
2446 2449 2451 2448
2449 2450 2452 2451
2350 2353 2453 2450
2353 2354 2454 2453
2450 2453 2455 2452
2453 2454 2456 2455
2354 2357 2457 2454
2357 2358 2458 2457
2454 2457 2459 2456
2457 2458 2460 2459
2358 2361 2461 2458
2361 2362 2462 2461
2458 2461 2463 2460
2461 2462 2464 2463
2362 2365 2465 2462
2365 2366 2466 2465
2462 2465 2467 2464
2465 2466 2468 2467
2366 2369 2469 2466
2369 2370 2470 2469
2466 2469 2471 2468
2469 2470 2472 2471
2375 2374 2473 2474
2374 2376 2475 2473
2474 2473 2476 2477
2473 2475 2478 2476
2376 2379 2479 2475
2379 2380 2480 2479
2475 2479 2481 2478
2479 2480 2482 2481
2380 2383 2483 2480
2383 2384 2484 2483
2480 2483 2485 2482
2483 2484 2486 2485
2384 2387 2487 2484
2387 2388 2488 2487
2484 2487 2489 2486
2487 2488 2490 2489
2388 2391 2491 2488
2391 2392 2492 2491
2488 2491 2493 2490
2491 2492 2494 2493
2392 2395 2495 2492
2395 2396 2496 2495
2492 2495 2497 2494
2495 2496 2498 2497
2396 2399 2499 2496
2399 2400 2500 2499
2496 2499 2501 2498
2499 2500 2502 2501
2400 2403 2503 2500
2403 2404 2504 2503
2500 2503 2505 2502
2503 2504 2506 2505
2404 2407 2507 2504
2407 2408 2508 2507
2504 2507 2509 2506
2507 2508 2510 2509
2408 2411 2511 2508
2411 2412 2512 2511
2508 2511 2513 2510
2511 2512 2514 2513
2412 2415 2515 2512
2415 2416 2516 2515
2512 2515 2517 2514
2515 2516 2518 2517
2416 2419 2519 2516
2419 2420 2520 2519
2516 2519 2521 2518
2519 2520 2522 2521
2420 2423 2523 2520
2423 2424 2524 2523
2520 2523 2525 2522
2523 2524 2526 2525
2424 2427 2527 2524
2427 2428 2528 2527
2524 2527 2529 2526
2527 2528 2530 2529
2428 2431 2531 2528
2431 2432 2532 2531
2528 2531 2533 2530
2531 2532 2534 2533
2432 2435 2535 2532
2435 2436 2536 2535
2532 2535 2537 2534
2535 2536 2538 2537
2436 2439 2539 2536
2439 2440 2540 2539
2536 2539 2541 2538
2539 2540 2542 2541
2440 2443 2543 2540
2443 2444 2544 2543
2540 2543 2545 2542
2543 2544 2546 2545
2444 2447 2547 2544
2447 2448 2548 2547
2544 2547 2549 2546
2547 2548 2550 2549
2448 2451 2551 2548
2451 2452 2552 2551
2548 2551 2553 2550
2551 2552 2554 2553
2452 2455 2555 2552
2455 2456 2556 2555
2552 2555 2557 2554
2555 2556 2558 2557
2456 2459 2559 2556
2459 2460 2560 2559
2556 2559 2561 2558
2559 2560 2562 2561
2460 2463 2563 2560
2463 2464 2564 2563
2560 2563 2565 2562
2563 2564 2566 2565
2464 2467 2567 2564
2467 2468 2568 2567
2564 2567 2569 2566
2567 2568 2570 2569
2468 2471 2571 2568
2471 2472 2572 2571
2568 2571 2573 2570
2571 2572 2574 2573
1177 2575 2576 2577
2575 1176 2578 2576
1176 2579 2580 2578
2579 1178 2581 2580
2582 2583 2584 1325
2583 2585 1326 2584
2585 2586 2587 1326
2586 2588 1329 2587
1178 2589 2590 2581
2589 1181 2591 2590
1181 2592 2593 2591
2592 1182 2594 2593
2588 2595 2596 1329
2595 2597 1334 2596
2597 2598 2599 1334
2598 2600 1336 2599
1182 2601 2602 2594
2601 1185 2603 2602
1185 2604 2605 2603
2604 1186 2606 2605
2600 2607 2608 1336
2607 2609 1340 2608
2609 2610 2611 1340
2610 2612 1342 2611
1186 2613 2614 2606
2613 1189 2615 2614
1189 2616 2617 2615
2616 1190 2618 2617
2612 2619 2620 1342
2619 2621 1346 2620
2621 2622 2623 1346
2622 2624 1348 2623
1190 2625 2626 2618
2625 1193 2627 2626
1193 2628 2629 2627
2628 1194 2630 2629
2624 2631 2632 1348
2631 2633 1352 2632
2633 2634 2635 1352
2634 2636 1354 2635
1194 2637 2638 2630
2637 1197 2639 2638
1197 2640 2641 2639
2640 1198 2642 2641
2636 2643 2644 1354
2643 2645 1358 2644
2645 2646 2647 1358
2646 2648 1360 2647
1198 2649 2650 2642
2649 1201 2651 2650
1201 2652 2653 2651
2652 1202 2654 2653
2648 2655 2656 1360
2655 2657 1364 2656
2657 2658 2659 1364
2658 2660 1366 2659
1202 2661 2662 2654
2661 1205 2663 2662
1205 2664 2665 2663
2664 1206 2666 2665
2660 2667 2668 1366
2667 2669 1370 2668
2669 2670 2671 1370
2670 2672 1372 2671
1206 2673 2674 2666
2673 1209 2675 2674
1209 2676 2677 2675
2676 1210 2678 2677
2672 2679 2680 1372
2679 2681 1376 2680
2681 2682 2683 1376
2682 2684 1378 2683
1210 2685 2686 2678
2685 1213 2687 2686
1213 2688 2689 2687
2688 1214 2690 2689
2684 2691 2692 1378
2691 2693 1382 2692
2693 2694 2695 1382
2694 2696 1384 2695
1214 2697 2698 2690
2697 1217 2699 2698
2696 2700 2701 1384
2700 2702 1388 2701
2577 2703 2704 2705
2703 2576 2706 2704
2705 2704 2707 2708
2704 2706 2709 2707
2576 2710 2711 2706
2710 2578 2712 2711
2706 2711 2713 2709
2711 2712 2714 2713
2578 2715 2716 2712
2715 2580 2717 2716
2712 2716 2718 2714
2716 2717 2719 2718
2580 2720 2721 2717
2720 2581 2722 2721
2717 2721 2723 2719
2721 2722 2724 2723
2708 2707 2725 2726
2707 2709 2727 2725
2726 2725 2728 2582
2725 2727 2583 2728
2709 2713 2729 2727
2713 2714 2730 2729
2727 2729 2731 2583
2729 2730 2585 2731
2714 2718 2732 2730
2718 2719 2733 2732
2730 2732 2734 2585
2732 2733 2586 2734
2719 2723 2735 2733
2723 2724 2736 2735
2733 2735 2737 2586
2735 2736 2588 2737
2581 2738 2739 2722
2738 2590 2740 2739
2722 2739 2741 2724
2739 2740 2742 2741
2590 2743 2744 2740
2743 2591 2745 2744
2740 2744 2746 2742
2744 2745 2747 2746
2591 2748 2749 2745
2748 2593 2750 2749
2745 2749 2751 2747
2749 2750 2752 2751
2593 2753 2754 2750
2753 2594 2755 2754
2750 2754 2756 2752
2754 2755 2757 2756
2724 2741 2758 2736
2741 2742 2759 2758
2736 2758 2760 2588
2758 2759 2595 2760
2742 2746 2761 2759
2746 2747 2762 2761
2759 2761 2763 2595
2761 2762 2597 2763
2747 2751 2764 2762
2751 2752 2765 2764
2762 2764 2766 2597
2764 2765 2598 2766
2752 2756 2767 2765
2756 2757 2768 2767
2765 2767 2769 2598
2767 2768 2600 2769
2594 2770 2771 2755
2770 2602 2772 2771
2755 2771 2773 2757
2771 2772 2774 2773
2602 2775 2776 2772
2775 2603 2777 2776
2772 2776 2778 2774
2776 2777 2779 2778
2603 2780 2781 2777
2780 2605 2782 2781
2777 2781 2783 2779
2781 2782 2784 2783
2605 2785 2786 2782
2785 2606 2787 2786
2782 2786 2788 2784
2786 2787 2789 2788
2757 2773 2790 2768
2773 2774 2791 2790
2768 2790 2792 2600
2790 2791 2607 2792
2774 2778 2793 2791
2778 2779 2794 2793
2791 2793 2795 2607
2793 2794 2609 2795
2779 2783 2796 2794
2783 2784 2797 2796
2794 2796 2798 2609
2796 2797 2610 2798
2784 2788 2799 2797
2788 2789 2800 2799
2797 2799 2801 2610
2799 2800 2612 2801
2606 2802 2803 2787
2802 2614 2804 2803
2787 2803 2805 2789
2803 2804 2806 2805
2614 2807 2808 2804
2807 2615 2809 2808
2804 2808 2810 2806
2808 2809 2811 2810
2615 2812 2813 2809
2812 2617 2814 2813
2809 2813 2815 2811
2813 2814 2816 2815
2617 2817 2818 2814
2817 2618 2819 2818
2814 2818 2820 2816
2818 2819 2821 2820
2789 2805 2822 2800
2805 2806 2823 2822
2800 2822 2824 2612
2822 2823 2619 2824
2806 2810 2825 2823
2810 2811 2826 2825
2823 2825 2827 2619
2825 2826 2621 2827
2811 2815 2828 2826
2815 2816 2829 2828
2826 2828 2830 2621
2828 2829 2622 2830
2816 2820 2831 2829
2820 2821 2832 2831
2829 2831 2833 2622
2831 2832 2624 2833
2618 2834 2835 2819
2834 2626 2836 2835
2819 2835 2837 2821
2835 2836 2838 2837
2626 2839 2840 2836
2839 2627 2841 2840
2836 2840 2842 2838
2840 2841 2843 2842
2627 2844 2845 2841
2844 2629 2846 2845
2841 2845 2847 2843
2845 2846 2848 2847
2629 2849 2850 2846
2849 2630 2851 2850
2846 2850 2852 2848
2850 2851 2853 2852
2821 2837 2854 2832
2837 2838 2855 2854
2832 2854 2856 2624
2854 2855 2631 2856
2838 2842 2857 2855
2842 2843 2858 2857
2855 2857 2859 2631
2857 2858 2633 2859
2843 2847 2860 2858
2847 2848 2861 2860
2858 2860 2862 2633
2860 2861 2634 2862
2848 2852 2863 2861
2852 2853 2864 2863
2861 2863 2865 2634
2863 2864 2636 2865
2630 2866 2867 2851
2866 2638 2868 2867
2851 2867 2869 2853
2867 2868 2870 2869
2638 2871 2872 2868
2871 2639 2873 2872
2868 2872 2874 2870
2872 2873 2875 2874
2639 2876 2877 2873
2876 2641 2878 2877
2873 2877 2879 2875
2877 2878 2880 2879
2641 2881 2882 2878
2881 2642 2883 2882
2878 2882 2884 2880
2882 2883 2885 2884
2853 2869 2886 2864
2869 2870 2887 2886
2864 2886 2888 2636
2886 2887 2643 2888
2870 2874 2889 2887
2874 2875 2890 2889
2887 2889 2891 2643
2889 2890 2645 2891
2875 2879 2892 2890
2879 2880 2893 2892
2890 2892 2894 2645
2892 2893 2646 2894
2880 2884 2895 2893
2884 2885 2896 2895
2893 2895 2897 2646
2895 2896 2648 2897
2642 2898 2899 2883
2898 2650 2900 2899
2883 2899 2901 2885
2899 2900 2902 2901
2650 2903 2904 2900
2903 2651 2905 2904
2900 2904 2906 2902
2904 2905 2907 2906
2651 2908 2909 2905
2908 2653 2910 2909
2905 2909 2911 2907
2909 2910 2912 2911
2653 2913 2914 2910
2913 2654 2915 2914
2910 2914 2916 2912
2914 2915 2917 2916
2885 2901 2918 2896
2901 2902 2919 2918
2896 2918 2920 2648
2918 2919 2655 2920
2902 2906 2921 2919
2906 2907 2922 2921
2919 2921 2923 2655
2921 2922 2657 2923
2907 2911 2924 2922
2911 2912 2925 2924
2922 2924 2926 2657
2924 2925 2658 2926
2912 2916 2927 2925
2916 2917 2928 2927
2925 2927 2929 2658
2927 2928 2660 2929
2654 2930 2931 2915
2930 2662 2932 2931
2915 2931 2933 2917
2931 2932 2934 2933
2662 2935 2936 2932
2935 2663 2937 2936
2932 2936 2938 2934
2936 2937 2939 2938
2663 2940 2941 2937
2940 2665 2942 2941
2937 2941 2943 2939
2941 2942 2944 2943
2665 2945 2946 2942
2945 2666 2947 2946
2942 2946 2948 2944
2946 2947 2949 2948
2917 2933 2950 2928
2933 2934 2951 2950
2928 2950 2952 2660
2950 2951 2667 2952
2934 2938 2953 2951
2938 2939 2954 2953
2951 2953 2955 2667
2953 2954 2669 2955
2939 2943 2956 2954
2943 2944 2957 2956
2954 2956 2958 2669
2956 2957 2670 2958
2944 2948 2959 2957
2948 2949 2960 2959
2957 2959 2961 2670
2959 2960 2672 2961
2666 2962 2963 2947
2962 2674 2964 2963
2947 2963 2965 2949
2963 2964 2966 2965
2674 2967 2968 2964
2967 2675 2969 2968
2964 2968 2970 2966
2968 2969 2971 2970
2675 2972 2973 2969
2972 2677 2974 2973
2969 2973 2975 2971
2973 2974 2976 2975
2677 2977 2978 2974
2977 2678 2979 2978
2974 2978 2980 2976
2978 2979 2981 2980
2949 2965 2982 2960
2965 2966 2983 2982
2960 2982 2984 2672
2982 2983 2679 2984
2966 2970 2985 2983
2970 2971 2986 2985
2983 2985 2987 2679
2985 2986 2681 2987
2971 2975 2988 2986
2975 2976 2989 2988
2986 2988 2990 2681
2988 2989 2682 2990
2976 2980 2991 2989
2980 2981 2992 2991
2989 2991 2993 2682
2991 2992 2684 2993
2678 2994 2995 2979
2994 2686 2996 2995
2979 2995 2997 2981
2995 2996 2998 2997
2686 2999 3000 2996
2999 2687 3001 3000
2996 3000 3002 2998
3000 3001 3003 3002
2687 3004 3005 3001
3004 2689 3006 3005
3001 3005 3007 3003
3005 3006 3008 3007
2689 3009 3010 3006
3009 2690 3011 3010
3006 3010 3012 3008
3010 3011 3013 3012
2981 2997 3014 2992
2997 2998 3015 3014
2992 3014 3016 2684
3014 3015 2691 3016
2998 3002 3017 3015
3002 3003 3018 3017
3015 3017 3019 2691
3017 3018 2693 3019
3003 3007 3020 3018
3007 3008 3021 3020
3018 3020 3022 2693
3020 3021 2694 3022
3008 3012 3023 3021
3012 3013 3024 3023
3021 3023 3025 2694
3023 3024 2696 3025
2690 3026 3027 3011
3026 2698 3028 3027
3011 3027 3029 3013
3027 3028 3030 3029
3013 3029 3031 3024
3029 3030 3032 3031
3024 3031 3033 2696
3031 3032 2700 3033
1217 3034 3035 2699
3034 1218 3036 3035
2702 3037 3038 1388
3037 3039 1390 3038
2698 3040 3041 3028
3040 2699 3042 3041
3028 3041 3043 3030
3041 3042 3044 3043
3030 3043 3045 3032
3043 3044 3046 3045
3032 3045 3047 2700
3045 3046 2702 3047
2699 3048 3049 3042
3048 3035 3050 3049
3042 3049 3051 3044
3049 3050 3052 3051
3044 3051 3053 3046
3051 3052 3054 3053
3046 3053 3055 2702
3053 3054 3037 3055
1218 3056 3057 3036
3056 1221 3058 3057
3035 3059 3060 3050
3059 3036 3061 3060
3050 3060 3062 3052
3060 3061 3063 3062
3039 3064 3065 1390
3064 3066 1394 3065
3052 3062 3067 3054
3062 3063 3068 3067
3054 3067 3069 3037
3067 3068 3039 3069
3036 3070 3071 3061
3070 3057 3072 3071
3061 3071 3073 3063
3071 3072 3074 3073
3063 3073 3075 3068
3073 3074 3076 3075
3068 3075 3077 3039
3075 3076 3064 3077
1221 3078 3079 3058
3078 1222 3080 3079
3057 3081 3082 3072
3081 3058 3083 3082
3072 3082 3084 3074
3082 3083 3085 3084
3066 3086 3087 1394
3086 3088 1396 3087
3074 3084 3089 3076
3084 3085 3090 3089
3076 3089 3091 3064
3089 3090 3066 3091
3058 3092 3093 3083
3092 3079 3094 3093
3083 3093 3095 3085
3093 3094 3096 3095
3085 3095 3097 3090
3095 3096 3098 3097
3090 3097 3099 3066
3097 3098 3086 3099
1222 3100 3101 3080
3100 1225 3102 3101
3079 3103 3104 3094
3103 3080 3105 3104
3094 3104 3106 3096
3104 3105 3107 3106
3088 3108 3109 1396
3108 3110 1400 3109
3096 3106 3111 3098
3106 3107 3112 3111
3098 3111 3113 3086
3111 3112 3088 3113
3080 3114 3115 3105
3114 3101 3116 3115
3105 3115 3117 3107
3115 3116 3118 3117
3107 3117 3119 3112
3117 3118 3120 3119
3112 3119 3121 3088
3119 3120 3108 3121
1225 3122 3123 3102
3122 1226 3124 3123
3102 3123 3125 3126
3123 3124 1276 3125
3101 3127 3128 3116
3127 3102 3129 3128
3116 3128 3130 3118
3128 3129 3126 3130
3126 3125 3131 3110
3125 1276 3132 3131
3110 3131 3133 1400
3131 3132 1279 3133
3118 3130 3134 3120
3130 3126 3135 3134
3120 3134 3136 3108
3134 3135 3110 3136
</DataArray>
<DataArray type="Int32" Name="offsets" NumberOfComponents="1" format="ascii">
4
8
12
16
20
24
28
32
36
40
44
48
52
56
60
64
68
72
76
80
84
88
92
96
100
104
108
112
116
120
124
128
132
136
140
144
148
152
156
160
164
168
172
176
180
184
188
192
196
200
204
208
212
216
220
224
228
232
236
240
244
248
252
256
260
264
268
272
276
280
284
288
292
296
300
304
308
312
316
320
324
328
332
336
340
344
348
352
356
360
364
368
372
376
380
384
388
392
396
400
404
408
412
416
420
424
428
432
436
440
444
448
452
456
460
464
468
472
476
480
484
488
492
496
500
504
508
512
516
520
524
528
532
536
540
544
548
552
556
560
564
568
572
576
580
584
588
592
596
600
604
608
612
616
620
624
628
632
636
640
644
648
652
656
660
664
668
672
676
680
684
688
692
696
700
704
708
712
716
720
724
728
732
736
740
744
748
752
756
760
764
768
772
776
780
784
788
792
796
800
804
808
812
816
820
824
828
832
836
840
844
848
852
856
860
864
868
872
876
880
884
888
892
896
900
904
908
912
916
920
924
928
932
936
940
944
948
952
956
960
964
968
972
976
980
984
988
992
996
1000
1004
1008
1012
1016
1020
1024
1028
1032
1036
1040
1044
1048
1052
1056
1060
1064
1068
1072
1076
1080
1084
1088
1092
1096
1100
1104
1108
1112
1116
1120
1124
1128
1132
1136
1140
1144
1148
1152
1156
1160
1164
1168
1172
1176
1180
1184
1188
1192
1196
1200
1204
1208
1212
1216
1220
1224
1228
1232
1236
1240
1244
1248
1252
1256
1260
1264
1268
1272
1276
1280
1284
1288
1292
1296
1300
1304
1308
1312
1316
1320
1324
1328
1332
1336
1340
1344
1348
1352
1356
1360
1364
1368
1372
1376
1380
1384
1388
1392
1396
1400
1404
1408
1412
1416
1420
1424
1428
1432
1436
1440
1444
1448
1452
1456
1460
1464
1468
1472
1476
1480
1484
1488
1492
1496
1500
1504
1508
1512
1516
1520
1524
1528
1532
1536
1540
1544
1548
1552
1556
1560
1564
1568
1572
1576
1580
1584
1588
1592
1596
1600
1604
1608
1612
1616
1620
1624
1628
1632
1636
1640
1644
1648
1652
1656
1660
1664
1668
1672
1676
1680
1684
1688
1692
1696
1700
1704
1708
1712
1716
1720
1724
1728
1732
1736
1740
1744
1748
1752
1756
1760
1764
1768
1772
1776
1780
1784
1788
1792
1796
1800
1804
1808
1812
1816
1820
1824
1828
1832
1836
1840
1844
1848
1852
1856
1860
1864
1868
1872
1876
1880
1884
1888
1892
1896
1900
1904
1908
1912
1916
1920
1924
1928
1932
1936
1940
1944
1948
1952
1956
1960
1964
1968
1972
1976
1980
1984
1988
1992
1996
2000
2004
2008
2012
2016
2020
2024
2028
2032
2036
2040
2044
2048
2052
2056
2060
2064
2068
2072
2076
2080
2084
2088
2092
2096
2100
2104
2108
2112
2116
2120
2124
2128
2132
2136
2140
2144
2148
2152
2156
2160
2164
2168
2172
2176
2180
2184
2188
2192
2196
2200
2204
2208
2212
2216
2220
2224
2228
2232
2236
2240
2244
2248
2252
2256
2260
2264
2268
2272
2276
2280
2284
2288
2292
2296
2300
2304
2308
2312
2316
2320
2324
2328
2332
2336
2340
2344
2348
2352
2356
2360
2364
2368
2372
2376
2380
2384
2388
2392
2396
2400
2404
2408
2412
2416
2420
2424
2428
2432
2436
2440
2444
2448
2452
2456
2460
2464
2468
2472
2476
2480
2484
2488
2492
2496
2500
2504
2508
2512
2516
2520
2524
2528
2532
2536
2540
2544
2548
2552
2556
2560
2564
2568
2572
2576
2580
2584
2588
2592
2596
2600
2604
2608
2612
2616
2620
2624
2628
2632
2636
2640
2644
2648
2652
2656
2660
2664
2668
2672
2676
2680
2684
2688
2692
2696
2700
2704
2708
2712
2716
2720
2724
2728
2732
2736
2740
2744
2748
2752
2756
2760
2764
2768
2772
2776
2780
2784
2788
2792
2796
2800
2804
2808
2812
2816
2820
2824
2828
2832
2836
2840
2844
2848
2852
2856
2860
2864
2868
2872
2876
2880
2884
2888
2892
2896
2900
2904
2908
2912
2916
2920
2924
2928
2932
2936
2940
2944
2948
2952
2956
2960
2964
2968
2972
2976
2980
2984
2988
2992
2996
3000
3004
3008
3012
3016
3020
3024
3028
3032
3036
3040
3044
3048
3052
3056
3060
3064
3068
3072
3076
3080
3084
3088
3092
3096
3100
3104
3108
3112
3116
3120
3124
3128
3132
3136
3140
3144
3148
3152
3156
3160
3164
3168
3172
3176
3180
3184
3188
3192
3196
3200
3204
3208
3212
3216
3220
3224
3228
3232
3236
3240
3244
3248
3252
3256
3260
3264
3268
3272
3276
3280
3284
3288
3292
3296
3300
3304
3308
3312
3316
3320
3324
3328
3332
3336
3340
3344
3348
3352
3356
3360
3364
3368
3372
3376
3380
3384
3388
3392
3396
3400
3404
3408
3412
3416
3420
3424
3428
3432
3436
3440
3444
3448
3452
3456
3460
3464
3468
3472
3476
3480
3484
3488
3492
3496
3500
3504
3508
3512
3516
3520
3524
3528
3532
3536
3540
3544
3548
3552
3556
3560
3564
3568
3572
3576
3580
3584
3588
3592
3596
3600
3604
3608
3612
3616
3620
3624
3628
3632
3636
3640
3644
3648
3652
3656
3660
3664
3668
3672
3676
3680
3684
3688
3692
3696
3700
3704
3708
3712
3716
3720
3724
3728
3732
3736
3740
3744
3748
3752
3756
3760
3764
3768
3772
3776
3780
3784
3788
3792
3796
3800
3804
3808
3812
3816
3820
3824
3828
3832
3836
3840
3844
3848
3852
3856
3860
3864
3868
3872
3876
3880
3884
3888
3892
3896
3900
3904
3908
3912
3916
3920
3924
3928
3932
3936
3940
3944
3948
3952
3956
3960
3964
3968
3972
3976
3980
3984
3988
3992
3996
4000
4004
4008
4012
4016
4020
4024
4028
4032
4036
4040
4044
4048
4052
4056
4060
4064
4068
4072
4076
4080
4084
4088
4092
4096
4100
4104
4108
4112
4116
4120
4124
4128
4132
4136
4140
4144
4148
4152
4156
4160
4164
4168
4172
4176
4180
4184
4188
4192
4196
4200
4204
4208
4212
4216
4220
4224
4228
4232
4236
4240
4244
4248
4252
4256
4260
4264
4268
4272
4276
4280
4284
4288
4292
4296
4300
4304
4308
4312
4316
4320
4324
4328
4332
4336
4340
4344
4348
4352
4356
4360
4364
4368
4372
4376
4380
4384
4388
4392
4396
4400
4404
4408
4412
4416
4420
4424
4428
4432
4436
4440
4444
4448
4452
4456
4460
4464
4468
4472
4476
4480
4484
4488
4492
4496
4500
4504
4508
4512
4516
4520
4524
4528
4532
4536
4540
4544
4548
4552
4556
4560
4564
4568
4572
4576
4580
4584
4588
4592
4596
4600
4604
4608
4612
4616
4620
4624
4628
4632
4636
4640
4644
4648
4652
4656
4660
4664
4668
4672
4676
4680
4684
4688
4692
4696
4700
4704
4708
4712
4716
4720
4724
4728
4732
4736
4740
4744
4748
4752
4756
4760
4764
4768
4772
4776
4780
4784
4788
4792
4796
4800
4804
4808
4812
4816
4820
4824
4828
4832
4836
4840
4844
4848
4852
4856
4860
4864
4868
4872
4876
4880
4884
4888
4892
4896
4900
4904
4908
4912
4916
4920
4924
4928
4932
4936
4940
4944
4948
4952
4956
4960
4964
4968
4972
4976
4980
4984
4988
4992
4996
5000
5004
5008
5012
5016
5020
5024
5028
5032
5036
5040
5044
5048
5052
5056
5060
5064
5068
5072
5076
5080
5084
5088
5092
5096
5100
5104
5108
5112
5116
5120
5124
5128
5132
5136
5140
5144
5148
5152
5156
5160
5164
5168
5172
5176
5180
5184
5188
5192
5196
5200
5204
5208
5212
5216
5220
5224
5228
5232
5236
5240
5244
5248
5252
5256
5260
5264
5268
5272
5276
5280
5284
5288
5292
5296
5300
5304
5308
5312
5316
5320
5324
5328
5332
5336
5340
5344
5348
5352
5356
5360
5364
5368
5372
5376
5380
5384
5388
5392
5396
5400
5404
5408
5412
5416
5420
5424
5428
5432
5436
5440
5444
5448
5452
5456
5460
5464
5468
5472
5476
5480
5484
5488
5492
5496
5500
5504
5508
5512
5516
5520
5524
5528
5532
5536
5540
5544
5548
5552
5556
5560
5564
5568
5572
5576
5580
5584
5588
5592
5596
5600
5604
5608
5612
5616
5620
5624
5628
5632
5636
5640
5644
5648
5652
5656
5660
5664
5668
5672
5676
5680
5684
5688
5692
5696
5700
5704
5708
5712
5716
5720
5724
5728
5732
5736
5740
5744
5748
5752
5756
5760
5764
5768
5772
5776
5780
5784
5788
5792
5796
5800
5804
5808
5812
5816
5820
5824
5828
5832
5836
5840
5844
5848
5852
5856
5860
5864
5868
5872
5876
5880
5884
5888
5892
5896
5900
5904
5908
5912
5916
5920
5924
5928
5932
5936
5940
5944
5948
5952
5956
5960
5964
5968
5972
5976
5980
5984
5988
5992
5996
6000
6004
6008
6012
6016
6020
6024
6028
6032
6036
6040
6044
6048
6052
6056
6060
6064
6068
6072
6076
6080
6084
6088
6092
6096
6100
6104
6108
6112
6116
6120
6124
6128
6132
6136
6140
6144
6148
6152
6156
6160
6164
6168
6172
6176
6180
6184
6188
6192
6196
6200
6204
6208
6212
6216
6220
6224
6228
6232
6236
6240
6244
6248
6252
6256
6260
6264
6268
6272
6276
6280
6284
6288
6292
6296
6300
6304
6308
6312
6316
6320
6324
6328
6332
6336
6340
6344
6348
6352
6356
6360
6364
6368
6372
6376
6380
6384
6388
6392
6396
6400
6404
6408
6412
6416
6420
6424
6428
6432
6436
6440
6444
6448
6452
6456
6460
6464
6468
6472
6476
6480
6484
6488
6492
6496
6500
6504
6508
6512
6516
6520
6524
6528
6532
6536
6540
6544
6548
6552
6556
6560
6564
6568
6572
6576
6580
6584
6588
6592
6596
6600
6604
6608
6612
6616
6620
6624
6628
6632
6636
6640
6644
6648
6652
6656
6660
6664
6668
6672
6676
6680
6684
6688
6692
6696
6700
6704
6708
6712
6716
6720
6724
6728
6732
6736
6740
6744
6748
6752
6756
6760
6764
6768
6772
6776
6780
6784
6788
6792
6796
6800
6804
6808
6812
6816
6820
6824
6828
6832
6836
6840
6844
6848
6852
6856
6860
6864
6868
6872
6876
6880
6884
6888
6892
6896
6900
6904
6908
6912
6916
6920
6924
6928
6932
6936
6940
6944
6948
6952
6956
6960
6964
6968
6972
6976
6980
6984
6988
6992
6996
7000
7004
7008
7012
7016
7020
7024
7028
7032
7036
7040
7044
7048
7052
7056
7060
7064
7068
7072
7076
7080
7084
7088
7092
7096
7100
7104
7108
7112
7116
7120
7124
7128
7132
7136
7140
7144
7148
7152
7156
7160
7164
7168
7172
7176
7180
7184
7188
7192
7196
7200
7204
7208
7212
7216
7220
7224
7228
7232
7236
7240
7244
7248
7252
7256
7260
7264
7268
7272
7276
7280
7284
7288
7292
7296
7300
7304
7308
7312
7316
7320
7324
7328
7332
7336
7340
7344
7348
7352
7356
7360
7364
7368
7372
7376
7380
7384
7388
7392
7396
7400
7404
7408
7412
7416
7420
7424
7428
7432
7436
7440
7444
7448
7452
7456
7460
7464
7468
7472
7476
7480
7484
7488
7492
7496
7500
7504
7508
7512
7516
7520
7524
7528
7532
7536
7540
7544
7548
7552
7556
7560
7564
7568
7572
7576
7580
7584
7588
7592
7596
7600
7604
7608
7612
7616
7620
7624
7628
7632
7636
7640
7644
7648
7652
7656
7660
7664
7668
7672
7676
7680
7684
7688
7692
7696
7700
7704
7708
7712
7716
7720
7724
7728
7732
7736
7740
7744
7748
7752
7756
7760
7764
7768
7772
7776
7780
7784
7788
7792
7796
7800
7804
7808
7812
7816
7820
7824
7828
7832
7836
7840
7844
7848
7852
7856
7860
7864
7868
7872
7876
7880
7884
7888
7892
7896
7900
7904
7908
7912
7916
7920
7924
7928
7932
7936
7940
7944
7948
7952
7956
7960
7964
7968
7972
7976
7980
7984
7988
7992
7996
8000
8004
8008
8012
8016
8020
8024
8028
8032
8036
8040
8044
8048
8052
8056
8060
8064
8068
8072
8076
8080
8084
8088
8092
8096
8100
8104
8108
8112
8116
8120
8124
8128
8132
8136
8140
8144
8148
8152
8156
8160
8164
8168
8172
8176
8180
8184
8188
8192
8196
8200
8204
8208
8212
8216
8220
8224
8228
8232
8236
8240
8244
8248
8252
8256
8260
8264
8268
8272
8276
8280
8284
8288
8292
8296
8300
8304
8308
8312
8316
8320
8324
8328
8332
8336
8340
8344
8348
8352
8356
8360
8364
8368
8372
8376
8380
8384
8388
8392
8396
8400
8404
8408
8412
8416
8420
8424
8428
8432
8436
8440
8444
8448
8452
8456
8460
8464
8468
8472
8476
8480
8484
8488
8492
8496
8500
8504
8508
8512
8516
8520
8524
8528
8532
8536
8540
8544
8548
8552
8556
8560
8564
8568
8572
8576
8580
8584
8588
8592
8596
8600
8604
8608
8612
8616
8620
8624
8628
8632
8636
8640
8644
8648
8652
8656
8660
8664
8668
8672
8676
8680
8684
8688
8692
8696
8700
8704
8708
8712
8716
8720
8724
8728
8732
8736
8740
8744
8748
8752
8756
8760
8764
8768
8772
8776
8780
8784
8788
8792
8796
8800
8804
8808
8812
8816
8820
8824
8828
8832
8836
8840
8844
8848
8852
8856
8860
8864
8868
8872
8876
8880
8884
8888
8892
8896
8900
8904
8908
8912
8916
8920
8924
8928
8932
8936
8940
8944
8948
8952
8956
8960
8964
8968
8972
8976
8980
8984
8988
8992
8996
9000
9004
9008
9012
9016
9020
9024
9028
9032
9036
9040
9044
9048
9052
9056
9060
9064
9068
9072
9076
9080
9084
9088
9092
9096
9100
9104
9108
9112
9116
9120
9124
9128
9132
9136
9140
9144
9148
9152
9156
9160
9164
9168
9172
9176
9180
9184
9188
9192
9196
9200
9204
9208
9212
9216
9220
9224
9228
9232
9236
9240
9244
9248
9252
9256
9260
9264
9268
9272
9276
9280
9284
9288
9292
9296
9300
9304
9308
9312
9316
9320
9324
9328
9332
9336
9340
9344
9348
9352
9356
9360
9364
9368
9372
9376
9380
9384
9388
9392
9396
9400
9404
9408
9412
9416
9420
9424
9428
9432
9436
9440
9444
9448
9452
9456
9460
9464
9468
9472
9476
9480
9484
9488
9492
9496
9500
9504
9508
9512
9516
9520
9524
9528
9532
9536
9540
9544
9548
9552
9556
9560
9564
9568
9572
9576
9580
9584
9588
9592
9596
9600
9604
9608
9612
9616
9620
9624
9628
9632
9636
9640
9644
9648
9652
9656
9660
9664
9668
9672
9676
9680
9684
9688
9692
9696
9700
9704
9708
9712
9716
9720
9724
9728
9732
9736
9740
9744
9748
9752
9756
9760
9764
9768
9772
9776
9780
9784
9788
9792
9796
9800
9804
9808
9812
9816
9820
9824
9828
9832
9836
9840
9844
9848
9852
9856
9860
9864
9868
9872
9876
9880
9884
9888
9892
9896
9900
9904
9908
9912
9916
9920
9924
9928
9932
9936
9940
9944
9948
9952
9956
9960
9964
9968
9972
9976
9980
9984
9988
9992
9996
10000
10004
10008
10012
10016
10020
10024
10028
10032
10036
10040
10044
10048
10052
10056
10060
10064
10068
10072
10076
10080
10084
10088
10092
10096
10100
10104
10108
10112
10116
10120
10124
10128
10132
10136
10140
10144
10148
10152
10156
10160
10164
10168
10172
10176
10180
10184
10188
10192
10196
10200
10204
10208
10212
10216
10220
10224
10228
10232
10236
10240
10244
10248
10252
10256
10260
10264
10268
10272
10276
10280
10284
10288
10292
10296
10300
10304
10308
10312
10316
10320
10324
10328
10332
10336
10340
10344
10348
10352
10356
10360
10364
10368
10372
10376
10380
10384
10388
10392
10396
10400
10404
10408
10412
10416
10420
10424
10428
10432
10436
10440
10444
10448
10452
10456
10460
10464
10468
10472
10476
10480
10484
10488
10492
10496
10500
10504
10508
10512
10516
10520
10524
10528
10532
10536
10540
10544
10548
10552
10556
10560
10564
10568
10572
10576
10580
10584
10588
10592
10596
10600
10604
10608
10612
10616
10620
10624
10628
10632
10636
10640
10644
10648
10652
10656
10660
10664
10668
10672
10676
10680
10684
10688
10692
10696
10700
10704
10708
10712
10716
10720
10724
10728
10732
10736
10740
10744
10748
10752
10756
10760
10764
10768
10772
10776
10780
10784
10788
10792
10796
10800
10804
10808
10812
10816
10820
10824
10828
10832
10836
10840
10844
10848
10852
10856
10860
10864
10868
10872
10876
10880
10884
10888
10892
10896
10900
10904
10908
10912
10916
10920
10924
10928
10932
10936
10940
10944
10948
10952
10956
10960
10964
10968
10972
10976
10980
10984
10988
10992
10996
11000
11004
11008
11012
11016
11020
11024
11028
11032
11036
11040
11044
11048
11052
11056
11060
11064
11068
11072
11076
11080
11084
11088
11092
11096
11100
11104
11108
11112
11116
11120
11124
11128
11132
11136
11140
11144
11148
11152
11156
11160
11164
11168
11172
11176
11180
11184
11188
11192
11196
11200
11204
11208
11212
11216
11220
11224
11228
11232
11236
11240
11244
11248
11252
11256
11260
11264
11268
11272
11276
11280
11284
11288
11292
11296
11300
11304
11308
11312
11316
11320
11324
11328
11332
11336
11340
11344
11348
11352
11356
11360
11364
11368
11372
11376
11380
11384
11388
11392
11396
11400
11404
11408
11412
11416
11420
11424
11428
11432
11436
11440
11444
11448
11452
11456
11460
11464
11468
11472
11476
11480
11484
11488
11492
11496
11500
11504
11508
11512
11516
11520
11524
11528
11532
11536
11540
11544
11548
11552
11556
11560
11564
11568
11572
11576
11580
11584
11588
11592
11596
11600
11604
11608
11612
11616
11620
11624
11628
11632
11636
11640
11644
11648
11652
11656
11660
11664
11668
11672
11676
11680
11684
11688
11692
11696
11700
11704
11708
11712
11716
11720
11724
11728
11732
11736
11740
11744
11748
11752
11756
11760
11764
11768
11772
11776
11780
11784
11788
11792
11796
11800
11804
11808
11812
11816
11820
11824
</DataArray>
<DataArray type="UInt8" Name="types" NumberOfComponents="1" format="ascii">
9
9
9
9
9
9
9
9
9
9
9
9
9
9
9
9
9
9
9
9
9
9
9
9
9
9
9
9
9
9
9
9
9
9
9
9
9
9
9
9
9
9
9
9
9
9
9
9
9
9
9
9
9
9
9
9
9
9
9
9
9
9
9
9
9
9
9
9
9
9
9
9
9
9
9
9
9
9
9
9
9
9
9
9
9
9
9
9
9
9
9
9
9
9
9
9
9
9
9
9
9
9
9
9
9
9
9
9
9
9
9
9
9
9
9
9
9
9
9
9
9
9
9
9
9
9
9
9
9
9
9
9
9
9
9
9
9
9
9
9
9
9
9
9
9
9
9
9
9
9
9
9
9
9
9
9
9
9
9
9
9
9
9
9
9
9
9
9
9
9
9
9
9
9
9
9
9
9
9
9
9
9
9
9
9
9
9
9
9
9
9
9
9
9
9
9
9
9
9
9
9
9
9
9
9
9
9
9
9
9
9
9
9
9
9
9
9
9
9
9
9
9
9
9
9
9
9
9
9
9
9
9
9
9
9
9
9
9
9
9
9
9
9
9
9
9
9
9
9
9
9
9
9
9
9
9
9
9
9
9
9
9
9
9
9
9
9
9
9
9
9
9
9
9
9
9
9
9
9
9
9
9
9
9
9
9
9
9
9
9
9
9
9
9
9
9
9
9
9
9
9
9
9
9
9
9
9
9
9
9
9
9
9
9
9
9
9
9
9
9
9
9
9
9
9
9
9
9
9
9
9
9
9
9
9
9
9
9
9
9
9
9
9
9
9
9
9
9
9
9
9
9
9
9
9
9
9
9
9
9
9
9
9
9
9
9
9
9
9
9
9
9
9
9
9
9
9
9
9
9
9
9
9
9
9
9
9
9
9
9
9
9
9
9
9
9
9
9
9
9
9
9
9
9
9
9
9
9
9
9
9
9
9
9
9
9
9
9
9
9
9
9
9
9
9
9
9
9
9
9
9
9
9
9
9
9
9
9
9
9
9
9
9
9
9
9
9
9
9
9
9
9
9
9
9
9
9
9
9
9
9
9
9
9
9
9
9
9
9
9
9
9
9
9
9
9
9
9
9
9
9
9
9
9
9
9
9
9
9
9
9
9
9
9
9
9
9
9
9
9
9
9
9
9
9
9
9
9
9
9
9
9
9
9
9
9
9
9
9
9
9
9
9
9
9
9
9
9
9
9
9
9
9
9
9
9
9
9
9
9
9
9
9
9
9
9
9
9
9
9
9
9
9
9
9
9
9
9
9
9
9
9
9
9
9
9
9
9
9
9
9
9
9
9
9
9
9
9
9
9
9
9
9
9
9
9
9
9
9
9
9
9
9
9
9
9
9
9
9
9
9
9
9
9
9
9
9
9
9
9
9
9
9
9
9
9
9
9
9
9
9
9
9
9
9
9
9
9
9
9
9
9
9
9
9
9
9
9
9
9
9
9
9
9
9
9
9
9
9
9
9
9
9
9
9
9
9
9
9
9
9
9
9
9
9
9
9
9
9
9
9
9
9
9
9
9
9
9
9
9
9
9
9
9
9
9
9
9
9
9
9
9
9
9
9
9
9
9
9
9
9
9
9
9
9
9
9
9
9
9
9
9
9
9
9
9
9
9
9
9
9
9
9
9
9
9
9
9
9
9
9
9
9
9
9
9
9
9
9
9
9
9
9
9
9
9
9
9
9
9
9
9
9
9
9
9
9
9
9
9
9
9
9
9
9
9
9
9
9
9
9
9
9
9
9
9
9
9
9
9
9
9
9
9
9
9
9
9
9
9
9
9
9
9
9
9
9
9
9
9
9
9
9
9
9
9
9
9
9
9
9
9
9
9
9
9
9
9
9
9
9
9
9
9
9
9
9
9
9
9
9
9
9
9
9
9
9
9
9
9
9
9
9
9
9
9
9
9
9
9
9
9
9
9
9
9
9
9
9
9
9
9
9
9
9
9
9
9
9
9
9
9
9
9
9
9
9
9
9
9
9
9
9
9
9
9
9
9
9
9
9
9
9
9
9
9
9
9
9
9
9
9
9
9
9
9
9
9
9
9
9
9
9
9
9
9
9
9
9
9
9
9
9
9
9
9
9
9
9
9
9
9
9
9
9
9
9
9
9
9
9
9
9
9
9
9
9
9
9
9
9
9
9
9
9
9
9
9
9
9
9
9
9
9
9
9
9
9
9
9
9
9
9
9
9
9
9
9
9
9
9
9
9
9
9
9
9
9
9
9
9
9
9
9
9
9
9
9
9
9
9
9
9
9
9
9
9
9
9
9
9
9
9
9
9
9
9
9
9
9
9
9
9
9
9
9
9
9
9
9
9
9
9
9
9
9
9
9
9
9
9
9
9
9
9
9
9
9
9
9
9
9
9
9
9
9
9
9
9
9
9
9
9
9
9
9
9
9
9
9
9
9
9
9
9
9
9
9
9
9
9
9
9
9
9
9
9
9
9
9
9
9
9
9
9
9
9
9
9
9
9
9
9
9
9
9
9
9
9
9
9
9
9
9
9
9
9
9
9
9
9
9
9
9
9
9
9
9
9
9
9
9
9
9
9
9
9
9
9
9
9
9
9
9
9
9
9
9
9
9
9
9
9
9
9
9
9
9
9
9
9
9
9
9
9
9
9
9
9
9
9
9
9
9
9
9
9
9
9
9
9
9
9
9
9
9
9
9
9
9
9
9
9
9
9
9
9
9
9
9
9
9
9
9
9
9
9
9
9
9
9
9
9
9
9
9
9
9
9
9
9
9
9
9
9
9
9
9
9
9
9
9
9
9
9
9
9
9
9
9
9
9
9
9
9
9
9
9
9
9
9
9
9
9
9
9
9
9
9
9
9
9
9
9
9
9
9
9
9
9
9
9
9
9
9
9
9
9
9
9
9
9
9
9
9
9
9
9
9
9
9
9
9
9
9
9
9
9
9
9
9
9
9
9
9
9
9
9
9
9
9
9
9
9
9
9
9
9
9
9
9
9
9
9
9
9
9
9
9
9
9
9
9
9
9
9
9
9
9
9
9
9
9
9
9
9
9
9
9
9
9
9
9
9
9
9
9
9
9
9
9
9
9
9
9
9
9
9
9
9
9
9
9
9
9
9
9
9
9
9
9
9
9
9
9
9
9
9
9
9
9
9
9
9
9
9
9
9
9
9
9
9
9
9
9
9
9
9
9
9
9
9
9
9
9
9
9
9
9
9
9
9
9
9
9
9
9
9
9
9
9
9
9
9
9
9
9
9
9
9
9
9
9
9
9
9
9
9
9
9
9
9
9
9
9
9
9
9
9
9
9
9
9
9
9
9
9
9
9
9
9
9
9
9
9
9
9
9
9
9
9
9
9
9
9
9
9
9
9
9
9
9
9
9
9
9
9
9
9
9
9
9
9
9
9
9
9
9
9
9
9
9
9
9
9
9
9
9
9
9
9
9
9
9
9
9
9
9
9
9
9
9
9
9
9
9
9
9
9
9
9
9
9
9
9
9
9
9
9
9
9
9
9
9
9
9
9
9
9
9
9
9
9
9
9
9
9
9
9
9
9
9
9
9
9
9
9
9
9
9
9
9
9
9
9
9
9
9
9
9
9
9
9
9
9
9
9
9
9
9
9
9
9
9
9
9
9
9
9
9
9
9
9
9
9
9
9
9
9
9
9
9
9
9
9
9
9
9
9
9
9
9
9
9
9
9
9
9
9
9
9
9
9
9
9
9
9
9
9
9
9
9
9
9
9
9
9
9
9
9
9
9
9
9
9
9
9
9
9
9
9
9
9
9
9
9
9
9
9
9
9
9
9
9
9
9
9
9
9
9
9
9
9
9
9
9
9
9
9
9
9
9
9
9
9
9
9
9
9
9
9
9
9
9
9
9
9
9
9
9
9
9
9
9
9
9
9
9
9
9
9
9
9
9
9
9
9
9
9
9
9
9
9
9
9
9
9
9
9
9
9
9
9
9
9
9
9
9
9
9
9
9
9
9
9
9
9
9
9
9
9
9
9
9
9
9
9
9
9
9
9
9
9
9
9
9
9
9
9
9
9
9
9
9
9
9
9
9
9
9
9
9
9
9
9
9
9
9
9
9
9
9
9
9
9
9
9
9
9
9
9
9
9
9
9
9
9
9
9
9
9
9
9
9
9
9
9
9
9
9
9
9
9
9
9
9
9
9
9
9
9
9
9
9
9
9
9
9
9
9
9
9
9
9
9
9
9
9
9
9
9
9
9
9
9
9
9
9
9
9
9
9
9
9
9
9
9
9
9
9
9
9
9
9
9
9
9
9
9
9
9
9
9
9
9
9
9
9
9
9
9
9
9
9
9
9
9
9
9
9
9
9
9
9
9
9
9
9
9
9
9
9
9
9
9
9
9
9
9
9
9
9
9
9
9
9
9
9
9
9
9
9
9
9
9
9
9
9
9
9
9
9
9
9
9
9
9
9
9
9
9
9
9
9
9
9
9
9
9
9
9
9
9
9
9
9
9
9
9
9
9
9
9
9
9
9
9
9
9
9
9
9
9
9
9
9
9
9
9
9
9
9
9
9
9
9
9
9
9
9
9
9
9
9
9
9
9
9
9
9
9
9
9
9
9
9
9
9
9
9
9
9
9
9
9
9
9
9
9
9
9
9
9
9
9
9
9
9
9
9
9
9
9
9
9
9
9
9
9
9
9
9
9
9
9
9
9
9
9
9
9
9
9
9
9
9
9
9
9
9
9
9
9
9
9
9
9
9
9
9
9
9
9
9
9
9
9
9
9
9
9
9
9
9
9
9
9
9
9
9
9
9
9
9
9
9
9
9
9
9
9
9
9
9
9
9
9
9
9
9
9
9
9
9
9
9
9
9
9
9
9
9
9
9
9
9
9
9
9
9
9
9
9
9
9
9
9
9
9
9
9
9
9
9
9
9
9
9
9
9
9
9
9
9
9
9
9
9
9
9
9
9
9
9
9
9
9
9
9
9
9
9
9
9
9
9
9
9
9
9
9
9
9
9
9
9
9
9
9
9
9
9
9
9
9
9
9
9
9
9
9
9
9
9
9
9
9
9
9
9
9
9
9
9
9
9
9
9
9
9
9
9
9
9
9
9
9
9
9
9
9
9
9
9
9
9
9
9
9
9
9
9
9
9
9
9
9
9
9
9
9
9
9
9
9
9
9
9
9
9
9
9
9
9
9
9
9
9
9
9
9
9
9
9
9
9
9
9
9
9
9
9
9
9
9
9
9
9
9
9
9
9
9
9
9
9
9
9
9
9
9
9
9
9
9
9
9
9
9
9
9
9
9
9
9
9
9
9
9
9
9
9
9
9
9
9
9
9
9
9
9
9
9
9
9
9
9
9
9
9
9
9
9
9
9
9
9
9
9
9
9
9
9
9
9
9
9
9
9
9
9
9
9
9
9
9
9
9
9
9
9
9
9
9
9
9
9
9
9
9
9
9
9
9
9
9
9
9
9
9
9
9
9
9
9
9
9
9
9
9
9
9
9
9
9
9
9
9
9
9
9
9
9
9
9
9
9
9
9
9
9
9
9
9
9
9
9
9
9
9
9
9
9
9
9
9
9
9
9
9
9
9
9
9
9
9
9
9
9
9
9
9
9
9
9
9
9
9
9
9
9
9
9
9
9
9
9
9
9
9
9
9
9
9
9
9
9
9
9
9
9
9
9
9
9
9
9
9
9
9
9
9
9
9
9
9
9
9
9
9
9
9
9
9
9
9
9
9
9
9
9
9
9
9
9
9
9
9
9
9
9
9
9
9
9
9
9
9
9
9
9
9
9
9
9
9
9
9
9
9
9
9
9
9
9
9
9
9
9
9
9
9
9
9
9
9
9
9
9
9
9
9
9
9
9
9
9
9
9
9
9
9
9
9
9
9
9
9
9
9
9
9
9
9
9
9
9
9
9
9
9
9
9
9
9
9
9
9
9
9
9
9
9
9
9
9
9
9
9
9
9
9
9
9
9
9
9
9
9
9
9
9
9
9
9
9
9
9
9
9
9
9
9
9
9
9
9
9
9
9
9
9
9
9
9
9
9
9
9
9
9
9
9
9
9
9
9
9
9
9
9
9
9
9
9
9
9
9
9
9
9
9
9
9
9
9
9
9
9
9
9
9
9
9
9
9
9
9
9
9
9
9
9
9
9
9
9
9
9
9
9
9
9
9
9
9
9
9
9
9
9
9
9
9
9
9
9
9
9
9
9
9
9
9
9
9
9
9
9
9
9
9
9
9
9
9
9
9
9
9
9
9
9
9
9
9
9
9
9
9
9
9
9
9
9
9
9
9
9
9
9
9
9
9
9
9
9
9
9
9
9
9
9
9
9
9
9
9
9
9
9
9
9
9
9
9
9
9
9
9
9
9
9
9
9
9
9
9
9
9
9
9
9
9
9
9
9
9
9
9
9
9
9
9
9
9
9
9
9
9
9
9
9
9
9
9
9
9
9
9
9
9
9
9
9
9
9
9
9
9
9
9
9
9
9
9
9
9
9
9
9
9
9
9
9
9
9
9
9
9
9
9
9
9
9
9
9
9
9
9
9
9
9
9
9
9
9
9
9
9
9
9
9
9
9
9
9
9
9
9
9
9
9
9
9
9
9
9
9
9
9
9
9
9
9
9
9
9
9
9
9
9
9
9
9
9
9
9
9
9
9
9
9
9
9
9
</DataArray>
</Cells>
<PointData>
<DataArray type="Float64" Name="u" NumberOfComponents="2" format="ascii">
0.000000E+00 0.000000E+00
7.020018E-02 0.000000E+00
5.339406E-02 -4.404415E-02
-1.484060E-02 -4.356652E-02
1.529703E-01 0.000000E+00
1.358739E-01 -4.224875E-02
4.704687E-02 -8.687582E-02
-2.096329E-02 -9.023349E-02
1.295930E-01 -8.313880E-02
2.364354E-01 0.000000E+00
2.192474E-01 -4.044186E-02
3.192704E-01 0.000000E+00
3.020551E-01 -3.865089E-02
2.129715E-01 -7.952008E-02
2.957810E-01 -7.595515E-02
4.013350E-01 0.000000E+00
3.841184E-01 -3.686540E-02
4.826248E-01 0.000000E+00
4.654191E-01 -3.506913E-02
3.778526E-01 -7.240343E-02
4.591752E-01 -6.883026E-02
5.631119E-01 0.000000E+00
5.459269E-01 -3.324927E-02
6.427379E-01 0.000000E+00
6.255841E-01 -3.139779E-02
5.397243E-01 -6.520976E-02
6.194460E-01 -6.152493E-02
7.214216E-01 0.000000E+00
7.043106E-01 -2.951121E-02
7.990676E-01 0.000000E+00
7.820109E-01 -2.759012E-02
6.982612E-01 -5.776757E-02
7.760732E-01 -5.393785E-02
8.755727E-01 0.000000E+00
8.585809E-01 -2.563868E-02
9.508327E-01 0.000000E+00
9.339147E-01 -2.366382E-02
8.527747E-01 -5.004337E-02
9.282550E-01 -4.609768E-02
1.024749E+00 0.000000E+00
1.007911E+00 -2.167427E-02
1.097232E+00 0.000000E+00
1.080479E+00 -1.967973E-02
1.002407E+00 -4.211838E-02
1.075132E+00 -3.812528E-02
1.168209E+00 0.000000E+00
1.151541E+00 -1.768998E-02
1.237621E+00 0.000000E+00
1.221037E+00 -1.571433E-02
1.146348E+00 -3.413866E-02
1.215990E+00 -3.017794E-02
1.305430E+00 0.000000E+00
1.288926E+00 -1.376118E-02
1.371616E+00 0.000000E+00
1.355187E+00 -1.183783E-02
1.284011E+00 -2.626077E-02
1.350388E+00 -2.240246E-02
1.436178E+00 0.000000E+00
1.419817E+00 -9.950374E-03
1.499131E+00 0.000000E+00
1.482829E+00 -8.103634E-03
1.415115E+00 -1.861578E-02
1.478206E+00 -1.491081E-02
1.560504E+00 0.000000E+00
1.544254E+00 -6.300835E-03
1.620339E+00 0.000000E+00
1.604132E+00 -4.543146E-03
1.539692E+00 -1.129464E-02
1.599614E+00 -7.770908E-03
1.678684E+00 0.000000E+00
1.662518E+00 -2.829783E-03
1.735588E+00 0.000000E+00
1.719465E+00 -1.159858E-03
1.658025E+00 -4.339462E-03
1.714986E+00 -1.000293E-03
1.791105E+00 0.000000E+00
1.775024E+00 4.642438E-04
1.845283E+00 0.000000E+00
1.829244E+00 2.041827E-03
1.770555E+00 2.243045E-03
1.824790E+00 5.389813E-03
1.898162E+00 0.000000E+00
1.882168E+00 3.576028E-03
1.949764E+00 0.000000E+00
1.933823E+00 5.072343E-03
1.877738E+00 8.444837E-03
1.929436E+00 1.141656E-02
2.000090E+00 0.000000E+00
1.984215E+00 6.538112E-03
2.049106E+00 0.000000E+00
2.033321E+00 7.982554E-03
1.979903E+00 1.431582E-02
2.029134E+00 1.715485E-02
2.096729E+00 0.000000E+00
2.081073E+00 9.416112E-03
2.142805E+00 0.000000E+00
2.127343E+00 1.084682E-02
2.077098E+00 1.994471E-02
2.123723E+00 2.268687E-02
2.187084E+00 0.000000E+00
2.171925E+00 1.226941E-02
2.229192E+00 0.000000E+00
2.214508E+00 1.363670E-02
2.168898E+00 2.535191E-02
2.212472E+00 2.782941E-02
2.268634E+00 0.000000E+00
2.254695E+00 1.479855E-02
2.304889E+00 0.000000E+00
2.292067E+00 1.539453E-02
2.254275E+00 2.982460E-02
2.294176E+00 3.068053E-02
2.337657E+00 0.000000E+00
2.326394E+00 1.472275E-02
2.367155E+00 0.000000E+00
2.357827E+00 1.177784E-02
2.332142E+00 2.916207E-02
2.367896E+00 2.372253E-02
2.393380E+00 0.000000E+00
2.385765E+00 6.657646E-03
2.409409E+00 0.000000E+00
2.400569E+00 1.012868E-02
2.396647E+00 1.772008E-02
2.397759E+00 3.727629E-02
2.400280E+00 0.000000E+00
2.388193E+00 3.701704E-02
2.398436E+00 0.000000E+00
2.378049E+00 3.443267E-02
2.374673E+00 8.823220E-02
2.356639E+00 8.148924E-02
2.409059E+00 0.000000E+00
2.386649E+00 3.583377E-02
2.421259E+00 0.000000E+00
2.401536E+00 4.194973E-02
2.360262E+00 7.529887E-02
2.380898E+00 8.288704E-02
2.435806E+00 0.000000E+00
2.418456E+00 4.507462E-02
2.455073E+00 0.000000E+00
2.439109E+00 4.474411E-02
2.404453E+00 8.854686E-02
2.429707E+00 8.850287E-02
2.479574E+00 0.000000E+00
2.464401E+00 4.307602E-02
2.509062E+00 0.000000E+00
2.494337E+00 4.110391E-02
2.457771E+00 8.571496E-02
2.489429E+00 8.246203E-02
2.545724E+00 0.000000E+00
2.530538E+00 3.864279E-02
2.612062E+00 0.000000E+00
2.580299E+00 3.382370E-02
2.526470E+00 7.911738E-02
2.573432E+00 7.491745E-02
4.101175E-02 -1.298694E-01
-2.645270E-02 -1.357542E-01
1.236922E-01 -1.241434E-01
3.364753E-02 -1.725649E-01
-3.342872E-02 -1.803019E-01
1.162200E-01 -1.650856E-01
2.071009E-01 -1.187102E-01
2.899054E-01 -1.133988E-01
1.996019E-01 -1.578917E-01
2.823831E-01 -1.508761E-01
3.719772E-01 -1.081197E-01
4.533213E-01 -1.028138E-01
3.644448E-01 -1.439207E-01
4.458087E-01 -1.369379E-01
5.339232E-01 -9.743776E-02
6.137344E-01 -9.196249E-02
5.264719E-01 -1.298635E-01
6.063935E-01 -1.226521E-01
6.926780E-01 -8.637246E-02
7.706559E-01 -8.066530E-02
6.855007E-01 -1.152773E-01
7.636943E-01 -1.077309E-01
8.475562E-01 -7.485058E-02
9.232607E-01 -6.894772E-02
8.408572E-01 -1.000222E-01
9.168618E-01 -9.217499E-02
9.976526E-01 -6.298330E-02
1.070624E+00 -5.698814E-02
9.915791E-01 -8.422481E-02
1.064887E+00 -7.621462E-02
1.142082E+00 -5.099449E-02
1.211952E+00 -4.503364E-02
1.136679E+00 -6.819066E-02
1.206866E+00 -6.019874E-02
1.280181E+00 -3.913429E-02
1.346741E+00 -3.332144E-02
1.275388E+00 -5.228131E-02
1.342206E+00 -4.447564E-02
1.411624E+00 -2.761594E-02
1.474842E+00 -2.203427E-02
1.407309E+00 -3.681284E-02
1.470708E+00 -2.931775E-02
1.536426E+00 -1.658846E-02
1.596423E+00 -1.128627E-02
1.532436E+00 -2.200930E-02
1.592546E+00 -1.490127E-02
1.654892E+00 -6.131940E-03
1.711900E+00 -1.128229E-03
1.651103E+00 -8.003172E-03
1.708185E+00 -1.321307E-03
1.767515E+00 3.722124E-03
1.821802E+00 8.418695E-03
1.763872E+00 5.140269E-03
1.818242E+00 1.137978E-02
1.874820E+00 1.296564E-02
1.926621E+00 1.737027E-02
1.871371E+00 1.739787E-02
1.923331E+00 2.319529E-02
1.977243E+00 2.164040E-02
2.026716E+00 2.578093E-02
1.974192E+00 2.876811E-02
2.024028E+00 3.410059E-02
2.075059E+00 2.978741E-02
2.122288E+00 3.363212E-02
2.072927E+00 3.915392E-02
2.121012E+00 4.384624E-02
2.168429E+00 3.723344E-02
2.213541E+00 4.039378E-02
2.168463E+00 4.801609E-02
2.215567E+00 5.135699E-02
2.257762E+00 4.268275E-02
2.301333E+00 4.324392E-02
2.262756E+00 5.331243E-02
2.310578E+00 5.296050E-02
2.344445E+00 4.065669E-02
2.385007E+00 3.466552E-02
2.358703E+00 4.955204E-02
2.395897E+00 5.319607E-02
2.404495E+00 4.419495E-02
2.383857E+00 9.273683E-02
2.389421E+00 1.019625E-01
2.356494E+00 1.724432E-01
2.354742E+00 1.553305E-01
2.334918E+00 1.417512E-01
2.330757E+00 2.330073E-01
2.315974E+00 2.099038E-01
2.332331E+00 1.207987E-01
2.356296E+00 1.202103E-01
2.311895E+00 1.748800E-01
2.332845E+00 1.570648E-01
2.387864E+00 1.264701E-01
2.419410E+00 1.275261E-01
2.369917E+00 1.598891E-01
2.407444E+00 1.621553E-01
2.451397E+00 1.247551E-01
2.485254E+00 1.211430E-01
2.443603E+00 1.604737E-01
2.479924E+00 1.573391E-01
2.523352E+00 1.178493E-01
2.570793E+00 1.145834E-01
2.519486E+00 1.544327E-01
2.567985E+00 1.520062E-01
2.464981E-02 -2.148674E-01
-4.211014E-02 -2.242489E-01
1.069950E-01 -2.057782E-01
1.401505E-02 -2.567180E-01
-5.241184E-02 -2.676379E-01
9.607106E-02 -2.461259E-01
1.902438E-01 -1.969548E-01
2.729541E-01 -1.883193E-01
1.791071E-01 -2.358049E-01
2.616822E-01 -2.256691E-01
3.549828E-01 -1.797624E-01
4.363548E-01 -1.711782E-01
3.436377E-01 -2.156135E-01
4.249921E-01 -2.055244E-01
5.170771E-01 -1.624803E-01
5.971179E-01 -1.536043E-01
5.057570E-01 -1.952969E-01
5.859090E-01 -1.848459E-01
6.764096E-01 -1.445086E-01
7.548541E-01 -1.351751E-01
6.653876E-01 -1.741106E-01
7.440976E-01 -1.630581E-01
8.323294E-01 -1.256091E-01
9.086980E-01 -1.158367E-01
8.219148E-01 -1.516851E-01
8.986928E-01 -1.400166E-01
9.838166E-01 -1.059018E-01
1.057546E+00 -9.586070E-02
9.742736E-01 -1.281036E-01
1.048499E+00 -1.160161E-01
1.129760E+00 -8.577611E-02
1.200356E+00 -7.571179E-02
1.121220E+00 -1.038363E-01
1.192313E+00 -9.164980E-02
1.269256E+00 -6.572771E-02
1.336411E+00 -5.587695E-02
1.261679E+00 -7.953897E-02
1.329255E+00 -6.757746E-02
1.401804E+00 -4.620417E-02
1.465443E+00 -3.674537E-02
1.395013E+00 -5.582775E-02
1.458956E+00 -4.434076E-02
1.527364E+00 -2.752876E-02
1.587626E+00 -1.857591E-02
1.521124E+00 -3.315694E-02
1.581580E+00 -2.230802E-02
1.646304E+00 -9.902862E-03
1.703488E+00 -1.521058E-03
1.640414E+00 -1.181861E-02
1.697731E+00 -1.707538E-03
1.759275E+00 6.561496E-03
1.813761E+00 1.433879E-02
1.753648E+00 8.010447E-03
1.808288E+00 1.732174E-02
1.867046E+00 2.180433E-02
1.919230E+00 2.894635E-02
1.861779E+00 2.620860E-02
1.914257E+00 3.464068E-02
1.970422E+00 3.573972E-02
2.020754E+00 4.213463E-02
1.965879E+00 4.256296E-02
2.016841E+00 4.988036E-02
2.070393E+00 4.804049E-02
2.119574E+00 5.330167E-02
2.067395E+00 5.643839E-02
2.117885E+00 6.199819E-02
2.168633E+00 5.765933E-02
2.218049E+00 6.069766E-02
2.168775E+00 6.620610E-02
2.220662E+00 6.856256E-02
2.268443E+00 6.178383E-02
2.320197E+00 6.027071E-02
2.274112E+00 6.852396E-02
2.327183E+00 6.741493E-02
2.368270E+00 6.026028E-02
2.378724E+00 1.011010E-01
2.353739E+00 9.413217E-02
2.330831E+00 1.790386E-01
2.351630E+00 1.826728E-01
2.317408E+00 2.671256E-01
2.296761E+00 2.738332E-01
2.270882E+00 3.625626E-01
2.307292E+00 3.112336E-01
2.303381E+00 2.787273E-01
2.288261E+00 3.773076E-01
2.298653E+00 3.429445E-01
2.302388E+00 2.340056E-01
2.316768E+00 1.982844E-01
2.302390E+00 2.941095E-01
2.311270E+00 2.462396E-01
2.353504E+00 1.914124E-01
2.394950E+00 1.934565E-01
2.341630E+00 2.243847E-01
2.383785E+00 2.230552E-01
2.434749E+00 1.931071E-01
2.473568E+00 1.909133E-01
2.425928E+00 2.232787E-01
2.466845E+00 2.219980E-01
2.514754E+00 1.886334E-01
2.564504E+00 1.870036E-01
2.509593E+00 2.203516E-01
2.560696E+00 2.193346E-01
1.827791E-03 -2.980512E-01
-6.422118E-02 -3.104015E-01
8.354856E-02 -2.860665E-01
-1.179247E-02 -3.388011E-01
-7.741772E-02 -3.524586E-01
6.955155E-02 -3.255454E-01
1.663161E-01 -2.743735E-01
2.486962E-01 -2.628687E-01
1.520064E-01 -3.126073E-01
2.341411E-01 -2.998676E-01
3.305279E-01 -2.514386E-01
4.118246E-01 -2.399612E-01
3.157964E-01 -2.871980E-01
3.969852E-01 -2.744640E-01
4.925993E-01 -2.283164E-01
5.728352E-01 -2.163975E-01
4.777215E-01 -2.615291E-01
5.579940E-01 -2.482650E-01
6.524802E-01 -2.041214E-01
7.314452E-01 -1.914355E-01
6.377597E-01 -2.345635E-01
7.169395E-01 -2.203471E-01
8.096074E-01 -1.783219E-01
8.868154E-01 -1.648001E-01
7.954176E-01 -2.055777E-01
8.730441E-01 -1.902631E-01
9.628984E-01 -1.509250E-01
1.037678E+00 -1.367804E-01
9.496410E-01 -1.744572E-01
1.025013E+00 -1.582550E-01
1.110982E+00 -1.224698E-01
1.182658E+00 -1.081054E-01
1.098962E+00 -1.417824E-01
1.171302E+00 -1.251816E-01
1.252582E+00 -9.379723E-02
1.320669E+00 -7.964569E-02
1.241877E+00 -1.085968E-01
1.310569E+00 -9.216230E-02
1.386873E+00 -6.573677E-02
1.451192E+00 -5.214113E-02
1.377312E+00 -7.599496E-02
1.442087E+00 -6.019175E-02
1.513664E+00 -3.891548E-02
1.574362E+00 -2.610503E-02
1.504930E+00 -4.483116E-02
1.565920E+00 -2.997646E-02
1.633388E+00 -1.374587E-02
1.690870E+00 -1.867052E-03
1.625178E+00 -1.567923E-02
1.682857E+00 -1.982126E-03
1.746950E+00 9.507007E-03
1.801783E+00 2.035185E-02
1.739132E+00 1.107780E-02
1.794195E+00 2.346257E-02
1.855531E+00 3.063454E-02
1.908374E+00 4.030088E-02
1.848248E+00 3.512108E-02
1.901521E+00 4.597148E-02
1.960523E+00 4.925910E-02
2.012240E+00 5.736141E-02
1.954280E+00 5.588077E-02
2.006854E+00 6.464553E-02
2.063861E+00 6.438454E-02
2.115822E+00 7.001010E-02
2.059653E+00 7.197616E-02
2.113178E+00 7.749339E-02
2.168669E+00 7.380946E-02
2.222981E+00 7.530742E-02
2.167973E+00 8.076423E-02
2.224054E+00 8.167298E-02
2.278144E+00 7.480866E-02
2.317948E+00 8.892644E-02
2.272915E+00 8.794159E-02
2.268876E+00 1.543090E-01
2.302232E+00 1.678026E-01
2.265550E+00 2.703826E-01
2.230474E+00 2.609443E-01
2.189295E+00 3.691100E-01
2.228333E+00 3.716567E-01
2.233362E+00 4.317766E-01
2.167422E+00 4.578695E-01
2.209890E+00 4.700005E-01
2.272000E+00 4.265297E-01
2.297500E+00 3.989125E-01
2.256390E+00 4.617201E-01
2.293811E+00 4.428477E-01
2.308588E+00 3.526794E-01
2.315538E+00 2.994872E-01
2.315828E+00 4.058185E-01
2.325960E+00 3.542948E-01
2.336711E+00 2.621267E-01
2.375765E+00 2.529208E-01
2.339915E+00 3.062159E-01
2.372348E+00 2.849875E-01
2.418476E+00 2.520225E-01
2.460690E+00 2.510545E-01
2.413656E+00 2.805208E-01
2.456148E+00 2.787909E-01
2.504707E+00 2.497319E-01
2.557109E+00 2.489216E-01
2.500931E+00 2.771794E-01
2.554386E+00 2.759770E-01
-2.670870E-02 -3.789068E-01
-9.186975E-02 -3.937365E-01
5.422083E-02 -3.645116E-01
-4.277311E-02 -4.183149E-01
-1.074356E-01 -4.341735E-01
3.770898E-02 -4.029187E-01
1.363248E-01 -3.504602E-01
2.181713E-01 -3.366210E-01
1.194293E-01 -3.878904E-01
2.009506E-01 -3.730888E-01
2.996008E-01 -3.228510E-01
3.806265E-01 -3.089996E-01
2.821094E-01 -3.583577E-01
3.629161E-01 -3.435296E-01
4.612638E-01 -2.949119E-01
5.415066E-01 -2.804365E-01
4.433859E-01 -3.284293E-01
5.235163E-01 -3.128811E-01
6.213215E-01 -2.654380E-01
7.006431E-01 -2.498103E-01
6.032840E-01 -2.967217E-01
6.826415E-01 -2.798144E-01
7.793706E-01 -2.334895E-01
8.573650E-01 -2.164643E-01
7.615110E-01 -2.620653E-01
8.397775E-01 -2.434367E-01
9.344510E-01 -1.987804E-01
1.010423E+00 -1.805384E-01
9.172823E-01 -2.239564E-01
9.938216E-01 -2.037202E-01
1.085058E+00 -1.618840E-01
1.158135E+00 -1.429914E-01
1.069155E+00 -1.828860E-01
1.143023E+00 -1.616578E-01
1.229453E+00 -1.240449E-01
1.298855E+00 -1.052212E-01
1.215175E+00 -1.402640E-01
1.285396E+00 -1.189331E-01
1.366237E+00 -8.667757E-02
1.431560E+00 -6.854615E-02
1.353532E+00 -9.787469E-02
1.419507E+00 -7.726844E-02
1.494848E+00 -5.093491E-02
1.556187E+00 -3.393162E-02
1.483326E+00 -5.726267E-02
1.545078E+00 -3.797859E-02
1.615718E+00 -1.760860E-02
1.673625E+00 -2.026264E-03
1.604924E+00 -1.951641E-02
1.663085E+00 -1.959437E-03
1.730123E+00 1.276289E-02
1.785445E+00 2.670569E-02
1.719823E+00 1.462178E-02
1.775423E+00 3.015868E-02
1.839843E+00 3.973158E-02
1.893594E+00 5.172920E-02
1.830186E+00 4.456203E-02
1.884443E+00 5.769133E-02
1.947024E+00 6.252268E-02
2.000523E+00 7.185356E-02
1.938575E+00 6.932735E-02
1.993030E+00 7.916121E-02
2.054561E+00 7.937928E-02
2.109656E+00 8.469141E-02
2.048320E+00 8.680157E-02
2.104908E+00 9.187280E-02
2.166137E+00 8.748064E-02
2.220098E+00 9.069459E-02
2.161157E+00 9.529538E-02
2.187268E+00 1.291924E-01
2.230884E+00 1.408012E-01
2.193002E+00 2.485198E-01
2.153170E+00 2.340544E-01
2.107602E+00 3.509356E-01
2.149245E+00 3.615144E-01
2.111464E+00 4.670567E-01
2.063377E+00 4.647921E-01
2.065281E+00 5.305911E-01
2.137853E+00 5.036939E-01
2.191077E+00 4.976431E-01
2.120782E+00 5.282228E-01
2.175538E+00 5.203841E-01
2.241245E+00 4.890661E-01
2.285912E+00 4.755784E-01
2.227549E+00 5.121215E-01
2.275972E+00 5.011971E-01
2.319094E+00 4.492861E-01
2.337474E+00 4.057378E-01
2.317103E+00 4.825480E-01
2.345622E+00 4.494435E-01
2.349920E+00 3.547717E-01
2.374584E+00 3.209120E-01
2.362739E+00 4.029541E-01
2.382536E+00 3.610060E-01
2.412463E+00 3.099053E-01
2.454166E+00 3.060076E-01
2.415507E+00 3.411115E-01
2.455423E+00 3.334519E-01
2.499101E+00 3.032944E-01
2.553213E+00 3.009986E-01
2.499905E+00 3.287563E-01
2.554205E+00 3.246900E-01
-5.983065E-02 -4.569804E-01
-1.239666E-01 -4.737186E-01
2.017688E-02 -4.407270E-01
-7.772120E-02 -4.948674E-01
-1.413089E-01 -5.123317E-01
1.791409E-03 -4.779049E-01
1.014866E-01 -4.248617E-01
1.826523E-01 -4.092357E-01
8.267079E-02 -4.613454E-01
1.634574E-01 -4.450333E-01
2.635007E-01 -3.936810E-01
3.440346E-01 -3.780133E-01
2.439622E-01 -4.287886E-01
3.241720E-01 -4.124098E-01
4.242637E-01 -3.620363E-01
5.041861E-01 -3.455505E-01
4.040843E-01 -3.956806E-01
4.836931E-01 -3.783797E-01
5.837884E-01 -3.283657E-01
6.630444E-01 -3.103164E-01
5.629939E-01 -3.602955E-01
6.419854E-01 -3.412395E-01
7.419085E-01 -2.912774E-01
8.203031E-01 -2.711788E-01
7.206615E-01 -3.210585E-01
7.989941E-01 -2.996471E-01
8.981034E-01 -2.500188E-01
9.751257E-01 -2.278728E-01
8.769104E-01 -2.769623E-01
9.542683E-01 -2.530396E-01
1.051125E+00 -2.048959E-01
1.125811E+00 -1.813123E-01
1.030841E+00 -2.280072E-01
1.106321E+00 -2.020895E-01
1.198873E+00 -1.573939E-01
1.270025E+00 -1.334297E-01
1.180343E+00 -1.755921E-01
1.252535E+00 -1.488685E-01
1.339043E+00 -1.096962E-01
1.405792E+00 -8.643751E-02
1.322574E+00 -1.222787E-01
1.390239E+00 -9.615319E-02
1.470244E+00 -6.385760E-02
1.532480E+00 -4.212407E-02
1.455443E+00 -7.077404E-02
1.518247E+00 -4.637413E-02
1.592683E+00 -2.137500E-02
1.651117E+00 -1.723365E-03
1.578849E+00 -2.314417E-02
1.637565E+00 -1.236384E-03
1.708101E+00 1.673979E-02
1.763976E+00 3.393215E-02
1.694779E+00 1.923498E-02
1.750905E+00 3.817742E-02
1.819102E+00 4.974872E-02
1.873864E+00 6.402059E-02
1.806363E+00 5.547469E-02
1.861598E+00 7.092882E-02
1.928700E+00 7.648422E-02
1.984114E+00 8.677610E-02
1.917110E+00 8.422936E-02
1.973428E+00 9.499234E-02
2.040616E+00 9.450874E-02
2.097645E+00 9.984291E-02
2.030593E+00 1.030325E-01
2.079081E+00 1.165886E-01
2.136869E+00 1.209687E-01
2.110857E+00 2.178163E-01
2.065695E+00 2.000871E-01
2.018968E+00 3.226400E-01
2.064274E+00 3.378990E-01
2.017534E+00 4.565596E-01
1.970757E+00 4.451906E-01
1.935395E+00 5.529890E-01
1.997210E+00 5.472328E-01
2.048316E+00 5.558523E-01
1.974085E+00 5.801860E-01
2.034967E+00 5.734914E-01
2.106407E+00 5.481965E-01
2.161990E+00 5.405373E-01
2.093660E+00 5.659959E-01
2.150156E+00 5.587289E-01
2.215357E+00 5.325756E-01
2.266000E+00 5.228714E-01
2.204652E+00 5.510733E-01
2.256894E+00 5.420967E-01
2.311902E+00 5.084752E-01
2.348879E+00 4.840399E-01
2.305742E+00 5.299901E-01
2.348512E+00 5.112222E-01
2.374070E+00 4.459382E-01
2.394323E+00 4.029400E-01
2.381756E+00 4.815097E-01
2.406769E+00 4.428350E-01
2.422835E+00 3.745961E-01
2.460226E+00 3.617162E-01
2.433572E+00 4.097303E-01
2.468411E+00 3.911009E-01
2.503748E+00 3.542087E-01
2.557787E+00 3.478398E-01
2.510670E+00 3.801574E-01
2.564100E+00 3.711901E-01
-9.628044E-02 -5.319502E-01
-1.593044E-01 -5.499823E-01
-1.727564E-02 -5.144312E-01
-1.153393E-01 -5.682134E-01
-1.777901E-01 -5.866484E-01
-3.684698E-02 -5.502968E-01
6.316198E-02 -4.973234E-01
1.435544E-01 -4.804627E-01
4.314687E-02 -5.327905E-01
1.231383E-01 -5.155173E-01
2.236882E-01 -4.636550E-01
3.035246E-01 -4.466807E-01
2.028781E-01 -4.982638E-01
2.822897E-01 -4.807895E-01
3.830404E-01 -4.293044E-01
4.622211E-01 -4.112895E-01
3.613218E-01 -4.628439E-01
4.399507E-01 -4.441871E-01
5.410715E-01 -3.924131E-01
6.196180E-01 -3.724745E-01
5.181939E-01 -4.246003E-01
5.961086E-01 -4.038855E-01
6.978987E-01 -3.513004E-01
7.759427E-01 -3.287507E-01
6.737772E-01 -3.818593E-01
7.512849E-01 -3.583519E-01
8.537417E-01 -3.047320E-01
9.312177E-01 -2.792195E-01
8.286921E-01 -3.332160E-01
9.060003E-01 -3.063505E-01
1.008193E+00 -2.522841E-01
1.084371E+00 -2.241164E-01
9.831113E-01 -2.777380E-01
1.059787E+00 -2.474900E-01
1.159348E+00 -1.950302E-01
1.232663E+00 -1.654371E-01
1.135626E+00 -2.158816E-01
1.210093E+00 -1.833525E-01
1.303868E+00 -1.357939E-01
1.372615E+00 -1.065456E-01
1.282596E+00 -1.504582E-01
1.352611E+00 -1.177883E-01
1.438719E+00 -7.808425E-02
1.502189E+00 -5.073668E-02
1.419793E+00 -8.588962E-02
1.484056E+00 -5.522698E-02
1.563234E+00 -2.476898E-02
1.622225E+00 -3.877008E-04
1.545591E+00 -2.617859E-02
1.604834E+00 9.692842E-04
1.679631E+00 2.226586E-02
1.735950E+00 4.309555E-02
1.662363E+00 2.604188E-02
1.718781E+00 4.894902E-02
1.791673E+00 6.197929E-02
1.847317E+00 7.869116E-02
1.774670E+00 6.957225E-02
1.830633E+00 8.763108E-02
1.903436E+00 9.287105E-02
1.960448E+00 1.041382E-01
1.887301E+00 1.026850E-01
1.943185E+00 1.152335E-01
2.014181E+00 1.152772E-01
2.016856E+00 1.816572E-01
1.962952E+00 1.639872E-01
1.921251E+00 2.857320E-01
1.971372E+00 3.052671E-01
1.922010E+00 4.314962E-01
1.871048E+00 4.155590E-01
1.823409E+00 5.406421E-01
1.878388E+00 5.498737E-01
1.898996E+00 6.001176E-01
1.824488E+00 6.142380E-01
1.886458E+00 6.155800E-01
1.961581E+00 5.960218E-01
2.023068E+00 5.889271E-01
1.950309E+00 6.093326E-01
2.012149E+00 6.030597E-01
2.082345E+00 5.821119E-01
2.139737E+00 5.752875E-01
2.072199E+00 5.968444E-01
2.130567E+00 5.904171E-01
2.195326E+00 5.679749E-01
2.248932E+00 5.595320E-01
2.187266E+00 5.834551E-01
2.242146E+00 5.754831E-01
2.299863E+00 5.487864E-01
2.346467E+00 5.334668E-01
2.294759E+00 5.656854E-01
2.344063E+00 5.525606E-01
2.386040E+00 5.101929E-01
2.417413E+00 4.778916E-01
2.388194E+00 5.337404E-01
2.425475E+00 5.074540E-01
2.445896E+00 4.446311E-01
2.479267E+00 4.214164E-01
2.457853E+00 4.771990E-01
2.491579E+00 4.518892E-01
2.520303E+00 4.068753E-01
2.572953E+00 3.953217E-01
2.531896E+00 4.343265E-01
2.583819E+00 4.205576E-01
-1.347214E-01 -6.036520E-01
-1.965950E-01 -6.223146E-01
-5.673721E-02 -5.855072E-01
-1.542375E-01 -6.382728E-01
-2.155348E-01 -6.569694E-01
-7.674698E-02 -6.200856E-01
2.282114E-02 -5.677584E-01
1.024117E-01 -5.502059E-01
2.394336E-03 -6.022594E-01
8.158495E-02 -5.845531E-01
1.817327E-01 -5.326074E-01
2.606576E-01 -5.146992E-01
1.604483E-01 -5.666819E-01
2.387993E-01 -5.483646E-01
3.391046E-01 -4.962269E-01
4.170481E-01 -4.769666E-01
3.165379E-01 -5.293672E-01
3.936548E-01 -5.095108E-01
4.945263E-01 -4.567242E-01
5.716285E-01 -4.353187E-01
4.702183E-01 -4.886449E-01
5.463470E-01 -4.666152E-01
6.484758E-01 -4.125667E-01
7.251992E-01 -3.882748E-01
6.221871E-01 -4.432433E-01
6.978982E-01 -4.183192E-01
8.019199E-01 -3.622454E-01
8.787211E-01 -3.342967E-01
7.736432E-01 -3.916046E-01
8.495737E-01 -3.628459E-01
9.556076E-01 -3.043012E-01
1.032448E+00 -2.722440E-01
9.258004E-01 -3.318033E-01
1.002336E+00 -2.983049E-01
1.108914E+00 -2.382935E-01
1.184451E+00 -2.028512E-01
1.079003E+00 -2.623372E-01
1.155339E+00 -2.241560E-01
1.258334E+00 -1.665406E-01
1.329811E+00 -1.301168E-01
1.230557E+00 -1.843604E-01
1.303659E+00 -1.438500E-01
1.398294E+00 -9.433907E-02
1.463514E+00 -5.987864E-02
1.373705E+00 -1.036580E-01
1.440110E+00 -6.476403E-02
1.525602E+00 -2.728665E-02
1.585057E+00 3.025765E-03
1.502843E+00 -2.799574E-02
1.562456E+00 6.027924E-03
1.642601E+00 3.083596E-02
1.698984E+00 5.607536E-02
1.619865E+00 3.700543E-02
1.676023E+00 6.491144E-02
1.754910E+00 7.861992E-02
1.811110E+00 9.812373E-02
1.731792E+00 8.964664E-02
1.787645E+00 1.108062E-01
1.867357E+00 1.143396E-01
1.902288E+00 1.487642E-01
1.833475E+00 1.370378E-01
1.812517E+00 2.394126E-01
1.868412E+00 2.638363E-01
1.817718E+00 3.972452E-01
1.761805E+00 3.763535E-01
1.710783E+00 5.112047E-01
1.768038E+00 5.273893E-01
1.751726E+00 6.215621E-01
1.680947E+00 6.220214E-01
1.730785E+00 6.457098E-01
1.809574E+00 6.321427E-01
1.875382E+00 6.272266E-01
1.798244E+00 6.426147E-01
1.864713E+00 6.379032E-01
1.939605E+00 6.216479E-01
2.002179E+00 6.160231E-01
1.929703E+00 6.329272E-01
1.993183E+00 6.277933E-01
2.063149E+00 6.102702E-01
2.122555E+00 6.042208E-01
2.055158E+00 6.224526E-01
2.115622E+00 6.167808E-01
2.180370E+00 5.976255E-01
2.236473E+00 5.901179E-01
2.174540E+00 6.105819E-01
2.231810E+00 6.035607E-01
2.290552E+00 5.810957E-01
2.341923E+00 5.695246E-01
2.287206E+00 5.952553E-01
2.340260E+00 5.849251E-01
2.389340E+00 5.537894E-01
2.431346E+00 5.323221E-01
2.390127E+00 5.714631E-01
2.435707E+00 5.536916E-01
2.468226E+00 5.062713E-01
2.503948E+00 4.814259E-01
2.476677E+00 5.318030E-01
2.515241E+00 5.091361E-01
2.544410E+00 4.621460E-01
2.595906E+00 4.469030E-01
2.556737E+00 4.897470E-01
2.608287E+00 4.740454E-01
-1.736758E-01 -6.720954E-01
-2.344017E-01 -6.906012E-01
-9.665229E-02 -6.540794E-01
-1.927831E-01 -7.051577E-01
-2.529467E-01 -7.231926E-01
-1.161860E-01 -6.875691E-01
-1.790242E-02 -6.363505E-01
6.087442E-02 -6.185946E-01
-3.780874E-02 -6.701137E-01
4.048802E-02 -6.523588E-01
1.392018E-01 -6.004745E-01
2.168488E-01 -5.817197E-01
1.181243E-01 -6.339377E-01
1.948822E-01 -6.146644E-01
2.937313E-01 -5.621615E-01
3.698817E-01 -5.416960E-01
2.707488E-01 -5.944913E-01
3.458121E-01 -5.734028E-01
4.454018E-01 -5.202260E-01
5.204265E-01 -4.976236E-01
4.201930E-01 -5.513468E-01
4.940210E-01 -5.282119E-01
5.951084E-01 -4.737153E-01
6.696137E-01 -4.482800E-01
5.674331E-01 -5.038267E-01
6.405816E-01 -4.779637E-01
7.441236E-01 -4.210516E-01
8.188320E-01 -3.917245E-01
7.136423E-01 -4.503421E-01
7.868219E-01 -4.206276E-01
8.939335E-01 -3.599667E-01
9.695853E-01 -3.254519E-01
8.603592E-01 -3.884299E-01
9.345153E-01 -3.533068E-01
1.045822E+00 -2.879369E-01
1.122405E+00 -2.474053E-01
1.009527E+00 -3.147973E-01
1.085475E+00 -2.725332E-01
1.198655E+00 -2.042554E-01
1.273415E+00 -1.594090E-01
1.162030E+00 -2.264857E-01
1.238149E+00 -1.773030E-01
1.345303E+00 -1.141920E-01
1.413206E+00 -7.003214E-02
1.312066E+00 -1.264637E-01
1.381880E+00 -7.597460E-02
1.476743E+00 -2.820807E-02
1.536449E+00 1.029654E-02
1.446491E+00 -2.785180E-02
1.506238E+00 1.626442E-02
1.593505E+00 4.504572E-02
1.649142E+00 7.609608E-02
1.562628E+00 5.563912E-02
1.617405E+00 9.039494E-02
1.704397E+00 1.032754E-01
1.756041E+00 1.283393E-01
1.670658E+00 1.202917E-01
1.686908E+00 1.855891E-01
1.752665E+00 2.128481E-01
1.702993E+00 3.526454E-01
1.640912E+00 3.256629E-01
1.587719E+00 4.709993E-01
1.650825E+00 4.924535E-01
1.611443E+00 6.162486E-01
1.541957E+00 6.051925E-01
1.567215E+00 6.632246E-01
1.650002E+00 6.561543E-01
1.718817E+00 6.554956E-01
1.636928E+00 6.658837E-01
1.707612E+00 6.635263E-01
1.787424E+00 6.518462E-01
1.854757E+00 6.476214E-01
1.777273E+00 6.601686E-01
1.845678E+00 6.563281E-01
1.920696E+00 6.431164E-01
1.985184E+00 6.384001E-01
1.912678E+00 6.522047E-01
1.978206E+00 6.478807E-01
2.048194E+00 6.334530E-01
2.109706E+00 6.281805E-01
2.042232E+00 6.433436E-01
2.104738E+00 6.385123E-01
2.169682E+00 6.224201E-01
2.228043E+00 6.159272E-01
2.165701E+00 6.332453E-01
2.225058E+00 6.273364E-01
2.284622E+00 6.083379E-01
2.339083E+00 5.991076E-01
2.282683E+00 6.204952E-01
2.338324E+00 6.123153E-01
2.390837E+00 5.874682E-01
2.439083E+00 5.725913E-01
2.391553E+00 6.022600E-01
2.441784E+00 5.897670E-01
2.483365E+00 5.543722E-01
2.524846E+00 5.346535E-01
2.488592E+00 5.746937E-01
2.532617E+00 5.580806E-01
2.567960E+00 5.165369E-01
2.620079E+00 5.014391E-01
2.577524E+00 5.421100E-01
2.630612E+00 5.284708E-01
-2.112295E-01 -7.375282E-01
-2.708445E-01 -7.547109E-01
-1.350080E-01 -7.206828E-01
-2.285337E-01 -7.693359E-01
-2.876203E-01 -7.850920E-01
-1.526706E-01 -7.535997E-01
-5.703952E-02 -7.036380E-01
2.058438E-02 -6.858219E-01
-7.533902E-02 -7.369486E-01
1.195447E-03 -7.188368E-01
9.726322E-02 -6.669589E-01
1.729086E-01 -6.470644E-01
7.655855E-02 -6.993508E-01
1.508867E-01 -6.787763E-01
2.476168E-01 -6.262383E-01
3.215108E-01 -6.045315E-01
2.243466E-01 -6.573092E-01
2.970395E-01 -6.350166E-01
3.946981E-01 -5.819131E-01
4.672754E-01 -5.582759E-01
3.690192E-01 -6.118644E-01
4.403262E-01 -5.877424E-01
5.393447E-01 -5.334481E-01
6.110274E-01 -5.072013E-01
5.110129E-01 -5.624803E-01
5.811589E-01 -5.358550E-01
6.824761E-01 -4.792518E-01
7.538834E-01 -4.492562E-01
6.508810E-01 -5.075899E-01
7.203397E-01 -4.773460E-01
8.254907E-01 -4.167993E-01
8.975959E-01 -3.813772E-01
7.897445E-01 -4.447053E-01
8.593659E-01 -4.091450E-01
9.705547E-01 -3.423827E-01
1.044734E+00 -2.991322E-01
9.295628E-01 -3.699988E-01
1.000820E+00 -3.264071E-01
1.120316E+00 -2.510299E-01
1.196830E+00 -1.980163E-01
1.073727E+00 -2.773072E-01
1.148691E+00 -2.216652E-01
1.272566E+00 -1.412202E-01
1.344733E+00 -8.314405E-02
1.224995E+00 -1.593549E-01
1.299602E+00 -9.253494E-02
1.410891E+00 -2.694755E-02
1.470680E+00 2.448322E-02
1.368027E+00 -2.574634E-02
1.427930E+00 3.583632E-02
1.525977E+00 6.980748E-02
1.578679E+00 1.090420E-01
1.481015E+00 8.932975E-02
1.525057E+00 1.379823E-01
1.612178E+00 1.600502E-01
1.575185E+00 2.944710E-01
1.505055E+00 2.577185E-01
1.450508E+00 4.173281E-01
1.521113E+00 4.462769E-01
1.471015E+00 5.897119E-01
1.397094E+00 5.703427E-01
1.394853E+00 6.663545E-01
1.482312E+00 6.666724E-01
1.552243E+00 6.738481E-01
1.464195E+00 6.795340E-01
1.539289E+00 6.804370E-01
1.625030E+00 6.730208E-01
1.697112E+00 6.706358E-01
1.614045E+00 6.790884E-01
1.687774E+00 6.766814E-01
1.768073E+00 6.674992E-01
1.837652E+00 6.639616E-01
1.760087E+00 6.737345E-01
1.830813E+00 6.705277E-01
1.905730E+00 6.602074E-01
1.972259E+00 6.562983E-01
1.899894E+00 6.671882E-01
1.967331E+00 6.637493E-01
2.037233E+00 6.522158E-01
2.100650E+00 6.478826E-01
2.033148E+00 6.601817E-01
2.097367E+00 6.564111E-01
2.162501E+00 6.431730E-01
2.222742E+00 6.379129E-01
2.159992E+00 6.523271E-01
2.220990E+00 6.477844E-01
2.281270E+00 6.318704E-01
2.337887E+00 6.247419E-01
2.280274E+00 6.426005E-01
2.337680E+00 6.365514E-01
2.392267E+00 6.161533E-01
2.443967E+00 6.057350E-01
2.392945E+00 6.293800E-01
2.445719E+00 6.208530E-01
2.492635E+00 5.933879E-01
2.538676E+00 5.797466E-01
2.495722E+00 6.109260E-01
2.543272E+00 6.000230E-01
2.585261E+00 5.663087E-01
2.639520E+00 5.546410E-01
2.591271E+00 5.891746E-01
2.646713E+00 5.796712E-01
-2.439014E-01 -8.008301E-01
-3.024631E-01 -8.142187E-01
-1.686356E-01 -7.864649E-01
-2.559229E-01 -8.323933E-01
-3.136665E-01 -8.419151E-01
-1.825143E-01 -8.190103E-01
-9.263727E-02 -7.698410E-01
-1.783243E-02 -7.510976E-01
-1.091783E-01 -8.017470E-01
-3.668784E-02 -7.822579E-01
5.588602E-02 -7.309021E-01
1.287799E-01 -7.096925E-01
3.523305E-02 -7.614761E-01
1.066888E-01 -7.397833E-01
2.009709E-01 -6.876576E-01
2.724762E-01 -6.648354E-01
1.776451E-01 -7.172974E-01
2.480031E-01 -6.940123E-01
3.432664E-01 -6.411766E-01
4.133098E-01 -6.165702E-01
3.176398E-01 -6.698642E-01
3.864429E-01 -6.447516E-01
4.826003E-01 -5.908545E-01
5.511708E-01 -5.638201E-01
4.543430E-01 -6.185344E-01
5.213257E-01 -5.910285E-01
6.190958E-01 -5.352059E-01
6.864905E-01 -5.046848E-01
5.874223E-01 -5.619950E-01
6.526916E-01 -5.311192E-01
7.535088E-01 -4.718429E-01
8.203487E-01 -4.361557E-01
7.172110E-01 -4.979871E-01
7.810787E-01 -4.620671E-01
8.872784E-01 -3.969520E-01
9.547032E-01 -3.533384E-01
8.444251E-01 -4.226897E-01
9.074497E-01 -3.789894E-01
1.023275E+00 -3.040663E-01
1.093969E+00 -2.473961E-01
9.705348E-01 -3.297501E-01
1.034486E+00 -2.730953E-01
1.167694E+00 -1.813665E-01
1.243228E+00 -1.056899E-01
1.100900E+00 -2.059807E-01
1.171838E+00 -1.241567E-01
1.314570E+00 -2.504695E-02
1.374994E+00 5.148480E-02
1.244667E+00 -2.687884E-02
1.305576E+00 7.334463E-02
1.423624E+00 1.159276E-01
1.427786E+00 2.149633E-01
1.335060E+00 1.686081E-01
1.292904E+00 3.383271E-01
1.374976E+00 3.825893E-01
1.318575E+00 5.470926E-01
1.233560E+00 5.190197E-01
1.207518E+00 6.550005E-01
1.303866E+00 6.623490E-01
1.371898E+00 6.831467E-01
1.274049E+00 6.850087E-01
1.355820E+00 6.895519E-01
1.449817E+00 6.859001E-01
1.527743E+00 6.855827E-01
1.437768E+00 6.901540E-01
1.518398E+00 6.891577E-01
1.604619E+00 6.839027E-01
1.679936E+00 6.815542E-01
1.597131E+00 6.874134E-01
1.673788E+00 6.853283E-01
1.753489E+00 6.788965E-01
1.825229E+00 6.761070E-01
1.748361E+00 6.831056E-01
1.820922E+00 6.808407E-01
1.895178E+00 6.732585E-01
1.963390E+00 6.703586E-01
1.891568E+00 6.785658E-01
1.960398E+00 6.762731E-01
2.029922E+00 6.673710E-01
2.094815E+00 6.642280E-01
2.027497E+00 6.739268E-01
2.092923E+00 6.714701E-01
2.158084E+00 6.608359E-01
2.219706E+00 6.570781E-01
2.156701E+00 6.688297E-01
2.218811E+00 6.659172E-01
2.279602E+00 6.528147E-01
2.337627E+00 6.478848E-01
2.279178E+00 6.626316E-01
2.337667E+00 6.588628E-01
2.393554E+00 6.421172E-01
2.447098E+00 6.353725E-01
2.394074E+00 6.545023E-01
2.448155E+00 6.494736E-01
2.498037E+00 6.276476E-01
2.546674E+00 6.192437E-01
2.499732E+00 6.437964E-01
2.549122E+00 6.376854E-01
2.595783E+00 6.108704E-01
2.652285E+00 6.035101E-01
2.599049E+00 6.316162E-01
2.656407E+00 6.262788E-01
-2.623039E-01 -8.638474E-01
-3.168736E-01 -8.680998E-01
-1.941720E-01 -8.500069E-01
-2.587747E-01 -8.922699E-01
-3.018766E-01 -8.946427E-01
-1.986233E-01 -8.785862E-01
-1.247174E-01 -8.320720E-01
-5.475006E-02 -8.121861E-01
-1.332713E-01 -8.609135E-01
-6.570251E-02 -8.412201E-01
1.541377E-02 -7.911162E-01
8.550510E-02 -7.691429E-01
2.834261E-03 -8.201959E-01
7.162640E-02 -7.981163E-01
1.552810E-01 -7.463318E-01
2.245267E-01 -7.226459E-01
1.402164E-01 -7.750645E-01
2.082835E-01 -7.510045E-01
2.930388E-01 -6.980090E-01
3.606260E-01 -6.723382E-01
2.755828E-01 -7.258397E-01
3.418810E-01 -6.994886E-01
4.271502E-01 -6.455375E-01
4.925520E-01 -6.174695E-01
4.069802E-01 -6.719430E-01
4.707727E-01 -6.431761E-01
5.568222E-01 -5.879208E-01
6.199485E-01 -5.565755E-01
5.332034E-01 -6.129932E-01
5.941595E-01 -5.810314E-01
6.819068E-01 -5.230065E-01
7.426739E-01 -4.866648E-01
6.534858E-01 -5.468261E-01
7.110139E-01 -5.098073E-01
8.022302E-01 -4.468591E-01
8.605334E-01 -4.027220E-01
7.665500E-01 -4.692358E-01
8.198092E-01 -4.241436E-01
9.175357E-01 -3.531075E-01
9.733474E-01 -2.962922E-01
8.702747E-01 -3.733399E-01
9.171783E-01 -3.152081E-01
1.028627E+00 -2.292620E-01
1.085476E+00 -1.459573E-01
9.594353E-01 -2.469231E-01
9.954548E-01 -1.623913E-01
1.148389E+00 -3.495955E-02
1.206546E+00 1.026453E-01
1.023656E+00 -4.538640E-02
1.044298E+00 1.466840E-01
1.198488E+00 2.743984E-01
1.138629E+00 4.828148E-01
1.022410E+00 4.245405E-01
9.809443E-01 6.338017E-01
1.102320E+00 6.449561E-01
1.168641E+00 6.856706E-01
1.052766E+00 6.861564E-01
1.150313E+00 6.924147E-01
1.256288E+00 6.916039E-01
1.343649E+00 6.928285E-01
1.245215E+00 6.937015E-01
1.336255E+00 6.936587E-01
1.428920E+00 6.924088E-01
1.511638E+00 6.912687E-01
1.423605E+00 6.930940E-01
1.507604E+00 6.922895E-01
1.591765E+00 6.898002E-01
1.669411E+00 6.881965E-01
1.588579E+00 6.913784E-01
1.666822E+00 6.904284E-01
1.744730E+00 6.865529E-01
1.817886E+00 6.849121E-01
1.742589E+00 6.894746E-01
1.816102E+00 6.885320E-01
1.889035E+00 6.832838E-01
1.958311E+00 6.816560E-01
1.887552E+00 6.876030E-01
1.957095E+00 6.866805E-01
2.025820E+00 6.800008E-01
2.091632E+00 6.782780E-01
2.024850E+00 6.857507E-01
2.090895E+00 6.847939E-01
2.155778E+00 6.764371E-01
2.218240E+00 6.744191E-01
2.155266E+00 6.837850E-01
2.217944E+00 6.826948E-01
2.278944E+00 6.721584E-01
2.337760E+00 6.695868E-01
2.278858E+00 6.814914E-01
2.337877E+00 6.801428E-01
2.394496E+00 6.666425E-01
2.448933E+00 6.632893E-01
2.394816E+00 6.786231E-01
2.449468E+00 6.769222E-01
2.500925E+00 6.595539E-01
2.550807E+00 6.555786E-01
2.501702E+00 6.750636E-01
2.551865E+00 6.731229E-01
2.601289E+00 6.516545E-01
2.659258E+00 6.482051E-01
2.602660E+00 6.712337E-01
2.660975E+00 6.695721E-01
1.040197E+00 6.937916E-01
9.298852E-01 6.941697E-01
1.144118E+00 6.935477E-01
1.052712E+00 7.014174E-01
9.826407E-01 7.564076E-01
1.150371E+00 6.946382E-01
1.241553E+00 6.933321E-01
1.333841E+00 6.931299E-01
1.245336E+00 6.929440E-01
1.336402E+00 6.925938E-01
1.421888E+00 6.929334E-01
1.506316E+00 6.927372E-01
1.423766E+00 6.927709E-01
1.507770E+00 6.931867E-01
1.587574E+00 6.925385E-01
1.666014E+00 6.923365E-01
1.588744E+00 6.937033E-01
1.666981E+00 6.942512E-01
1.741926E+00 6.921319E-01
1.815554E+00 6.919266E-01
1.742737E+00 6.947967E-01
1.816236E+00 6.953287E-01
1.887099E+00 6.917236E-01
1.956727E+00 6.915261E-01
1.887670E+00 6.958503E-01
1.957199E+00 6.963752E-01
2.024561E+00 6.913375E-01
2.090685E+00 6.911607E-01
2.024945E+00 6.969239E-01
2.090991E+00 6.975221E-01
2.155135E+00 6.909978E-01
2.217896E+00 6.908501E-01
2.155374E+00 6.981996E-01
2.218083E+00 6.989886E-01
2.278896E+00 6.907186E-01
2.338003E+00 6.906051E-01
2.279045E+00 6.999238E-01
2.338129E+00 7.010416E-01
2.395035E+00 6.905145E-01
2.449782E+00 6.904571E-01
2.395148E+00 7.023793E-01
2.449880E+00 7.039690E-01
2.502115E+00 6.904484E-01
2.552373E+00 6.905012E-01
2.502177E+00 7.058213E-01
2.552355E+00 7.078890E-01
2.603254E+00 6.906031E-01
2.661642E+00 6.906899E-01
2.603094E+00 7.100139E-01
2.661274E+00 7.118833E-01
-2.890771E-01 2.297811E+00
-2.461063E-01 2.295341E+00
-2.495515E-01 2.266994E+00
-3.039578E-01 2.271314E+00
-1.861086E-01 2.281614E+00
-1.815965E-01 2.253105E+00
-2.431159E-01 2.235617E+00
-3.007064E-01 2.245185E+00
-1.698813E-01 2.222186E+00
-1.209185E-01 2.263909E+00
-1.123186E-01 2.235135E+00
-5.351476E-02 2.244191E+00
-4.253372E-02 2.215224E+00
-9.671984E-02 2.204885E+00
-2.440245E-02 2.185368E+00
1.485885E-02 2.223154E+00
2.744467E-02 2.194137E+00
8.350778E-02 2.201077E+00
9.735562E-02 2.172151E+00
4.734884E-02 2.164564E+00
1.186432E-01 2.142852E+00
1.519762E-01 2.178037E+00
1.669601E-01 2.149329E+00
2.199409E-01 2.153994E+00
2.360518E-01 2.125626E+00
1.894528E-01 2.120344E+00
2.596882E-01 2.097023E+00
2.871621E-01 2.128847E+00
3.044443E-01 2.100952E+00
3.534248E-01 2.102492E+00
3.719601E-01 2.075211E+00
3.292359E-01 2.072817E+00
3.979838E-01 2.047618E+00
4.185281E-01 2.074892E+00
4.384499E-01 2.048302E+00
4.823360E-01 2.046009E+00
5.038287E-01 2.020095E+00
4.658492E-01 2.021288E+00
5.328002E-01 1.993644E+00
5.447321E-01 2.015655E+00
5.680625E-01 1.990380E+00
6.055816E-01 1.983476E+00
6.311232E-01 1.958841E+00
5.988543E-01 1.964449E+00
6.640591E-01 1.933388E+00
6.647153E-01 1.949001E+00
6.929698E-01 1.925038E+00
7.219594E-01 1.911656E+00
7.535653E-01 1.888419E+00
7.284787E-01 1.900039E+00
7.921953E-01 1.863869E+00
7.771150E-01 1.870695E+00
8.128724E-01 1.848291E+00
8.298782E-01 1.825138E+00
8.708209E-01 1.803789E+00
8.553228E-01 1.824207E+00
9.180511E-01 1.780185E+00
8.797049E-01 1.773799E+00
9.273541E-01 1.753765E+00
9.258754E-01 1.715129E+00
9.826222E-01 1.696484E+00
9.807729E-01 1.730574E+00
1.044326E+00 1.673472E+00
9.672812E-01 1.646216E+00
1.037308E+00 1.628867E+00
1.002299E+00 1.560751E+00
1.093520E+00 1.544727E+00
1.110341E+00 1.605789E+00
1.180898E+00 1.523207E+00
1.029226E+00 1.442184E+00
1.155751E+00 1.432470E+00
1.048221E+00 1.247553E+00
1.212777E+00 1.293382E+00
1.253309E+00 1.424981E+00
1.313576E+00 1.323846E+00
1.025629E+00 9.677760E-01
1.202701E+00 1.118538E+00
1.142468E+00 9.091541E-01
1.341148E+00 1.226339E+00
1.297472E+00 1.054039E+00
1.104177E+00 7.445675E-01
1.168785E+00 7.013841E-01
1.237816E+00 8.726265E-01
1.209341E+00 7.338058E-01
1.256504E+00 6.949897E-01
1.343929E+00 6.933981E-01
1.274394E+00 7.016030E-01
1.356211E+00 6.966355E-01
1.429232E+00 6.934485E-01
1.511965E+00 6.942118E-01
1.438215E+00 6.956858E-01
1.518875E+00 6.963263E-01
1.592094E+00 6.952944E-01
1.669729E+00 6.965021E-01
1.597618E+00 6.976999E-01
1.674265E+00 6.994000E-01
1.745027E+00 6.977406E-01
1.818157E+00 6.989709E-01
1.748813E+00 7.012238E-01
1.821337E+00 7.030791E-01
1.889276E+00 7.001881E-01
1.958524E+00 7.014108E-01
1.891941E+00 7.049378E-01
1.960731E+00 7.068140E-01
2.026015E+00 7.026736E-01
2.091826E+00 7.040231E-01
2.027801E+00 7.087502E-01
2.093222E+00 7.108102E-01
2.155996E+00 7.055157E-01
2.218513E+00 7.072151E-01
2.157030E+00 7.130748E-01
2.219215E+00 7.156391E-01
2.279310E+00 7.091915E-01
2.338254E+00 7.115205E-01
2.279712E+00 7.186121E-01
2.338385E+00 7.221157E-01
2.395147E+00 7.142787E-01
2.449745E+00 7.175309E-01
2.395022E+00 7.262798E-01
2.449344E+00 7.312211E-01
2.501862E+00 7.212934E-01
2.551773E+00 7.254629E-01
2.501107E+00 7.369823E-01
2.550531E+00 7.434090E-01
2.602134E+00 7.297234E-01
2.659817E+00 7.334880E-01
2.600252E+00 7.499987E-01
2.657143E+00 7.558468E-01
-2.310492E-01 2.204122E+00
-2.894727E-01 2.217550E+00
-1.559398E-01 2.189712E+00
-2.156349E-01 2.172687E+00
-2.745983E-01 2.188484E+00
-1.399080E-01 2.156906E+00
-8.010039E-02 2.173048E+00
-5.450634E-03 2.154271E+00
-6.271425E-02 2.140212E+00
1.368637E-02 2.122061E+00
6.812027E-02 2.134047E+00
1.408786E-01 2.112809E+00
8.892476E-02 2.102537E+00
1.631421E-01 2.081923E+00
2.129520E-01 2.090739E+00
2.843640E-01 2.067868E+00
2.365098E-01 2.060410E+00
3.091313E-01 2.038058E+00
3.550872E-01 2.044140E+00
4.250853E-01 2.019443E+00
3.810591E-01 2.014832E+00
4.523286E-01 1.990618E+00
4.943420E-01 1.993616E+00
5.628782E-01 1.966448E+00
5.229844E-01 1.965247E+00
5.930977E-01 1.938494E+00
6.307583E-01 1.937679E+00
6.980884E-01 1.906980E+00
6.627771E-01 1.910081E+00
7.321755E-01 1.879668E+00
7.650123E-01 1.873935E+00
8.317161E-01 1.838017E+00
8.014949E-01 1.846835E+00
8.709998E-01 1.811057E+00
8.984595E-01 1.798552E+00
9.656496E-01 1.754637E+00
9.410479E-01 1.771662E+00
1.012130E+00 1.727777E+00
1.033953E+00 1.705006E+00
1.104373E+00 1.647897E+00
1.084850E+00 1.678325E+00
1.159629E+00 1.622257E+00
1.177837E+00 1.581323E+00
1.253113E+00 1.504986E+00
1.235751E+00 1.559443E+00
1.310157E+00 1.492062E+00
1.324133E+00 1.423617E+00
1.384125E+00 1.346385E+00
1.378330E+00 1.424695E+00
1.437938E+00 1.362564E+00
1.432102E+00 1.281321E+00
1.433456E+00 1.178432E+00
1.490676E+00 1.308564E+00
1.533440E+00 1.258512E+00
1.379896E+00 1.009482E+00
1.323146E+00 8.442473E-01
1.510646E+00 1.134815E+00
1.455714E+00 9.744510E-01
1.305552E+00 7.257131E-01
1.372432E+00 7.030702E-01
1.401853E+00 8.206349E-01
1.396343E+00 7.209508E-01
1.450384E+00 6.999201E-01
1.528357E+00 6.999003E-01
1.464901E+00 7.063186E-01
1.540029E+00 7.050473E-01
1.605255E+00 7.012316E-01
1.680570E+00 7.032113E-01
1.614823E+00 7.060658E-01
1.688564E+00 7.081255E-01
1.754100E+00 7.054805E-01
1.825798E+00 7.078634E-01
1.760862E+00 7.106990E-01
1.831549E+00 7.135060E-01
1.895697E+00 7.102908E-01
1.963858E+00 7.127606E-01
1.900576E+00 7.164215E-01
1.967954E+00 7.194164E-01
2.030351E+00 7.153154E-01
2.095231E+00 7.180311E-01
2.033722E+00 7.225262E-01
2.097919E+00 7.258333E-01
2.158530E+00 7.210098E-01
2.220238E+00 7.243778E-01
2.160566E+00 7.294578E-01
2.221652E+00 7.335567E-01
2.280291E+00 7.282863E-01
2.338547E+00 7.329139E-01
2.281108E+00 7.383277E-01
2.338781E+00 7.440188E-01
2.394769E+00 7.384633E-01
2.448629E+00 7.451336E-01
2.394395E+00 7.509322E-01
2.447546E+00 7.593924E-01
2.499806E+00 7.530253E-01
2.548458E+00 7.619356E-01
2.497815E+00 7.696007E-01
2.545312E+00 7.812933E-01
2.597237E+00 7.711203E-01
2.653047E+00 7.792942E-01
2.592791E+00 7.933780E-01
2.647263E+00 8.041185E-01
-1.982768E-01 2.140927E+00
-2.577843E-01 2.158157E+00
-1.221718E-01 2.124034E+00
-1.797670E-01 2.108593E+00
-2.398390E-01 2.126683E+00
-1.032675E-01 2.090950E+00
-4.431927E-02 2.106942E+00
3.319327E-02 2.089080E+00
-2.498540E-02 2.073442E+00
5.322171E-02 2.055635E+00
1.097701E-01 2.070171E+00
1.853272E-01 2.050228E+00
1.307773E-01 2.037161E+00
2.074666E-01 2.017831E+00
2.599637E-01 2.029346E+00
3.338029E-01 2.007574E+00
2.832784E-01 1.997596E+00
3.583003E-01 1.976437E+00
4.069500E-01 1.984877E+00
4.794970E-01 1.961149E+00
4.326508E-01 1.954302E+00
5.064558E-01 1.931076E+00
5.515402E-01 1.936215E+00
6.231944E-01 1.909846E+00
5.798478E-01 1.906588E+00
6.529738E-01 1.880607E+00
6.946057E-01 1.881755E+00
7.659608E-01 1.851598E+00
7.260050E-01 1.852850E+00
7.991436E-01 1.822981E+00
8.374966E-01 1.818958E+00
9.095093E-01 1.783326E+00
8.726265E-01 1.790606E+00
9.467154E-01 1.755278E+00
9.823569E-01 1.744088E+00
1.056413E+00 1.700549E+00
1.021649E+00 1.716529E+00
1.097514E+00 1.673983E+00
1.131868E+00 1.652103E+00
1.208252E+00 1.598688E+00
1.173982E+00 1.627608E+00
1.250005E+00 1.578054E+00
1.283850E+00 1.541439E+00
1.355849E+00 1.482881E+00
1.323808E+00 1.526811E+00
1.393482E+00 1.475901E+00
1.421804E+00 1.426199E+00
1.481366E+00 1.374310E+00
1.457928E+00 1.427359E+00
1.517498E+00 1.382840E+00
1.536443E+00 1.328555E+00
1.588888E+00 1.288955E+00
1.573716E+00 1.343079E+00
1.628322E+00 1.307953E+00
1.619976E+00 1.235032E+00
1.580959E+00 1.097693E+00
1.681193E+00 1.277626E+00
1.694103E+00 1.208105E+00
1.526598E+00 9.452768E-01
1.475825E+00 8.008333E-01
1.646929E+00 1.066268E+00
1.593479E+00 9.203691E-01
1.483624E+00 7.199128E-01
1.553112E+00 7.116649E-01
1.546638E+00 7.847746E-01
1.568433E+00 7.227309E-01
1.625942E+00 7.121554E-01
1.698053E+00 7.142135E-01
1.637956E+00 7.193161E-01
1.708700E+00 7.213623E-01
1.769015E+00 7.169963E-01
1.838567E+00 7.201462E-01
1.778386E+00 7.243912E-01
1.846783E+00 7.278617E-01
1.906595E+00 7.234775E-01
1.973063E+00 7.269311E-01
1.913746E+00 7.315694E-01
1.979217E+00 7.354314E-01
2.037979E+00 7.305307E-01
2.101362E+00 7.343611E-01
2.043181E+00 7.394632E-01
2.105643E+00 7.437520E-01
2.163224E+00 7.385581E-01
2.223546E+00 7.433088E-01
2.166602E+00 7.484486E-01
2.226029E+00 7.537718E-01
2.282250E+00 7.488631E-01
2.339156E+00 7.555549E-01
2.283825E+00 7.600308E-01
2.339767E+00 7.676682E-01
2.393927E+00 7.638217E-01
2.446043E+00 7.741728E-01
2.393415E+00 7.773088E-01
2.444066E+00 7.897303E-01
2.494953E+00 7.869616E-01
2.540774E+00 8.018039E-01
2.490994E+00 8.054860E-01
2.534466E+00 8.238896E-01
2.586547E+00 8.170550E-01
2.639512E+00 8.304872E-01
2.578140E+00 8.423834E-01
2.629608E+00 8.583387E-01
-1.605864E-01 2.075552E+00
-2.212365E-01 2.094122E+00
-8.364264E-02 2.057475E+00
-1.410657E-01 2.041737E+00
-2.023025E-01 2.060506E+00
-6.363825E-02 2.023482E+00
-4.968818E-03 2.039688E+00
7.373805E-02 2.021874E+00
1.544415E-02 2.005592E+00
9.458201E-02 1.987823E+00
1.520037E-01 2.003695E+00
2.295991E-01 1.984878E+00
1.734000E-01 1.969888E+00
2.517143E-01 1.951505E+00
3.064412E-01 1.965253E+00
3.825617E-01 1.944715E+00
3.294248E-01 1.932438E+00
4.065219E-01 1.912508E+00
4.580604E-01 1.923165E+00
5.330695E-01 1.900473E+00
4.830726E-01 1.891562E+00
5.591933E-01 1.869444E+00
6.077380E-01 1.876465E+00
6.822284E-01 1.850915E+00
6.350274E-01 1.845975E+00
7.107320E-01 1.820940E+00
7.567182E-01 1.823557E+00
8.313990E-01 1.794081E+00
7.864677E-01 1.794100E+00
8.623845E-01 1.765196E+00
9.064644E-01 1.762150E+00
9.820726E-01 1.727435E+00
9.385925E-01 1.733986E+00
1.015104E+00 1.700293E+00
1.058259E+00 1.689686E+00
1.134788E+00 1.648884E+00
1.091743E+00 1.664100E+00
1.168044E+00 1.625663E+00
1.210976E+00 1.605427E+00
1.285660E+00 1.560241E+00
1.243216E+00 1.585583E+00
1.316256E+00 1.544764E+00
1.357453E+00 1.514662E+00
1.425238E+00 1.470129E+00
1.386221E+00 1.504246E+00
1.452526E+00 1.465015E+00
1.488638E+00 1.427932E+00
1.548202E+00 1.389066E+00
1.515145E+00 1.427910E+00
1.574639E+00 1.393556E+00
1.605122E+00 1.353970E+00
1.660635E+00 1.322583E+00
1.631934E+00 1.362258E+00
1.687991E+00 1.334043E+00
1.715751E+00 1.295082E+00
1.766495E+00 1.269040E+00
1.743682E+00 1.309020E+00
1.799421E+00 1.287591E+00
1.759541E+00 1.179881E+00
1.709251E+00 1.039079E+00
1.843442E+00 1.259298E+00
1.819377E+00 1.152801E+00
1.656848E+00 8.987363E-01
1.615778E+00 7.729600E-01
1.768313E+00 1.015205E+00
1.717055E+00 8.798171E-01
1.651234E+00 7.292955E-01
1.720022E+00 7.294169E-01
1.684746E+00 7.662243E-01
1.732153E+00 7.393592E-01
1.788703E+00 7.327701E-01
1.856061E+00 7.366540E-01
1.799665E+00 7.420410E-01
1.866214E+00 7.464494E-01
1.921986E+00 7.407588E-01
1.986431E+00 7.450139E-01
1.931231E+00 7.510558E-01
1.994694E+00 7.557402E-01
2.049383E+00 7.494389E-01
2.110844E+00 7.541319E-01
2.056626E+00 7.605505E-01
2.117043E+00 7.656111E-01
2.170805E+00 7.592619E-01
2.229221E+00 7.650830E-01
2.175940E+00 7.711194E-01
2.233257E+00 7.773739E-01
2.285966E+00 7.719760E-01
2.340737E+00 7.805267E-01
2.288819E+00 7.848468E-01
2.342198E+00 7.943245E-01
2.392924E+00 7.916267E-01
2.441538E+00 8.064443E-01
2.392500E+00 8.070955E-01
2.438291E+00 8.248917E-01
2.485651E+00 8.257388E-01
2.526006E+00 8.480708E-01
2.478531E+00 8.485288E-01
2.515125E+00 8.748791E-01
2.567355E+00 8.694530E-01
2.617610E+00 8.872842E-01
2.554352E+00 8.980720E-01
2.603976E+00 9.166106E-01
-1.214596E-01 2.007109E+00
-1.832874E-01 2.025850E+00
-4.352323E-02 1.988891E+00
-1.019821E-01 1.971648E+00
-1.644008E-01 1.990167E+00
-2.352363E-02 1.953654E+00
3.599141E-02 1.971073E+00
1.155440E-01 1.953453E+00
5.643995E-02 1.936075E+00
1.364063E-01 1.918732E+00
1.948338E-01 1.935788E+00
2.737345E-01 1.917812E+00
2.161267E-01 1.901410E+00
2.955251E-01 1.883866E+00
3.521644E-01 1.899269E+00
4.300976E-01 1.879935E+00
3.745498E-01 1.865850E+00
4.531771E-01 1.847119E+00
5.075711E-01 1.859613E+00
5.846729E-01 1.838121E+00
5.314235E-01 1.827454E+00
6.093454E-01 1.806655E+00
6.615221E-01 1.815274E+00
7.382482E-01 1.790875E+00
6.870241E-01 1.784536E+00
7.645433E-01 1.760925E+00
8.149704E-01 1.764723E+00
8.917711E-01 1.736634E+00
8.419625E-01 1.735671E+00
9.192818E-01 1.708670E+00
9.686541E-01 1.706477E+00
1.045487E+00 1.674233E+00
9.964018E-01 1.679903E+00
1.073082E+00 1.649479E+00
1.121940E+00 1.640070E+00
1.197455E+00 1.604389E+00
1.148920E+00 1.617672E+00
1.223375E+00 1.584923E+00
1.271304E+00 1.567817E+00
1.342730E+00 1.531112E+00
1.295853E+00 1.551790E+00
1.365827E+00 1.518864E+00
1.411145E+00 1.495038E+00
1.476280E+00 1.460273E+00
1.432952E+00 1.486696E+00
1.497142E+00 1.455755E+00
1.538270E+00 1.427372E+00
1.597623E+00 1.396755E+00
1.558592E+00 1.426423E+00
1.617746E+00 1.398991E+00
1.655070E+00 1.368646E+00
1.711365E+00 1.343116E+00
1.675188E+00 1.373637E+00
1.731527E+00 1.350454E+00
1.767219E+00 1.320294E+00
1.823377E+00 1.300541E+00
1.787352E+00 1.329565E+00
1.843273E+00 1.311257E+00
1.879479E+00 1.284068E+00
1.911570E+00 1.246263E+00
1.899914E+00 1.295978E+00
1.955455E+00 1.283001E+00
1.875445E+00 1.128134E+00
1.824498E+00 9.941928E-01
1.971624E+00 1.229807E+00
1.928536E+00 1.106104E+00
1.774512E+00 8.634346E-01
1.754889E+00 7.655953E-01
1.878121E+00 9.757766E-01
1.829948E+00 8.498309E-01
1.811180E+00 7.526400E-01
1.877075E+00 7.571966E-01
1.827099E+00 7.718252E-01
1.888365E+00 7.689604E-01
1.941378E+00 7.624411E-01
2.003979E+00 7.676427E-01
1.952336E+00 7.748661E-01
2.014260E+00 7.807466E-01
2.064937E+00 7.728682E-01
2.124313E+00 7.782824E-01
2.074345E+00 7.864490E-01
2.132721E+00 7.922260E-01
2.182117E+00 7.841287E-01
2.238276E+00 7.907655E-01
2.189441E+00 7.983822E-01
2.244416E+00 8.053667E-01
2.292541E+00 7.987929E-01
2.344271E+00 8.092995E-01
2.297274E+00 8.139751E-01
2.346995E+00 8.257907E-01
2.392094E+00 8.241926E-01
2.433951E+00 8.459682E-01
2.391409E+00 8.437078E-01
2.427777E+00 8.710291E-01
2.469131E+00 8.748908E-01
2.501895E+00 9.045528E-01
2.457035E+00 9.058019E-01
2.487067E+00 9.366247E-01
2.539844E+00 9.276650E-01
2.589580E+00 9.454592E-01
2.525066E+00 9.573623E-01
2.575569E+00 9.731048E-01
-8.282448E-02 1.935349E+00
-1.458291E-01 1.953467E+00
-3.840949E-03 1.917749E+00
-6.416536E-02 1.898215E+00
-1.277453E-01 1.915767E+00
1.533736E-02 1.881171E+00
7.657828E-02 1.900566E+00
1.569567E-01 1.883634E+00
9.620891E-02 1.864536E+00
1.769913E-01 1.848152E+00
2.370815E-01 1.866757E+00
3.169141E-01 1.849713E+00
2.574960E-01 1.831838E+00
3.377103E-01 1.815391E+00
3.964312E-01 1.832267E+00
4.756182E-01 1.814180E+00
4.176317E-01 1.798593E+00
4.972541E-01 1.781221E+00
5.544794E-01 1.795227E+00
6.330407E-01 1.775206E+00
5.765728E-01 1.763063E+00
6.555860E-01 1.743928E+00
7.113392E-01 1.753942E+00
7.894033E-01 1.731292E+00
7.342872E-01 1.723660E+00
8.126475E-01 1.702153E+00
8.672234E-01 1.707160E+00
9.447202E-01 1.681519E+00
8.905927E-01 1.679360E+00
9.679793E-01 1.655316E+00
1.021714E+00 1.654437E+00
1.097906E+00 1.626105E+00
1.044579E+00 1.630148E+00
1.120080E+00 1.604079E+00
1.172891E+00 1.596836E+00
1.246202E+00 1.567042E+00
1.194116E+00 1.577414E+00
1.266311E+00 1.550509E+00
1.317390E+00 1.537181E+00
1.386105E+00 1.507701E+00
1.336340E+00 1.523722E+00
1.403982E+00 1.497386E+00
1.452161E+00 1.478994E+00
1.515569E+00 1.451392E+00
1.469148E+00 1.471785E+00
1.531898E+00 1.447151E+00
1.576540E+00 1.425162E+00
1.635451E+00 1.400515E+00
1.592437E+00 1.423679E+00
1.651080E+00 1.401523E+00
1.692778E+00 1.377595E+00
1.749022E+00 1.356502E+00
1.708220E+00 1.380800E+00
1.764273E+00 1.361604E+00
1.804684E+00 1.337361E+00
1.860287E+00 1.320406E+00
1.819667E+00 1.344055E+00
1.874857E+00 1.328358E+00
1.916395E+00 1.306002E+00
1.973388E+00 1.294520E+00
1.930351E+00 1.314831E+00
1.986693E+00 1.303867E+00
2.026292E+00 1.282425E+00
2.025189E+00 1.211239E+00
2.043844E+00 1.295616E+00
2.090720E+00 1.280163E+00
1.978955E+00 1.086467E+00
1.929403E+00 9.597462E-01
2.073999E+00 1.192300E+00
2.026896E+00 1.069026E+00
1.884710E+00 8.399668E-01
1.901349E+00 7.850394E-01
1.978515E+00 9.459767E-01
1.941100E+00 8.357889E-01
1.963845E+00 7.882825E-01
2.025505E+00 7.950213E-01
1.976600E+00 8.043848E-01
2.037702E+00 8.105692E-01
2.084884E+00 8.013515E-01
2.142345E+00 8.075172E-01
2.096618E+00 8.176338E-01
2.153279E+00 8.242476E-01
2.198021E+00 8.139648E-01
2.251807E+00 8.212832E-01
2.207968E+00 8.309693E-01
2.260540E+00 8.386515E-01
2.303100E+00 8.306071E-01
2.350178E+00 8.443873E-01
2.309920E+00 8.490769E-01
2.353078E+00 8.662678E-01
2.389625E+00 8.670209E-01
2.418676E+00 9.018329E-01
2.385141E+00 8.963595E-01
2.405809E+00 9.397814E-01
2.442490E+00 9.414317E-01
2.472191E+00 9.697580E-01
2.427106E+00 9.802220E-01
2.459202E+00 1.002294E+00
2.511475E+00 9.863304E-01
2.563101E+00 9.991788E-01
2.500359E+00 1.014109E+00
2.553114E+00 1.023743E+00
-4.617578E-02 1.860265E+00
-1.103146E-01 1.877089E+00
3.383211E-02 1.843931E+00
-2.902186E-02 1.821524E+00
-9.369675E-02 1.837466E+00
5.146982E-02 1.806049E+00
1.151434E-01 1.827990E+00
1.963134E-01 1.812293E+00
1.332001E-01 1.790948E+00
2.147334E-01 1.776077E+00
2.771697E-01 1.796670E+00
3.577154E-01 1.780936E+00
2.959070E-01 1.761280E+00
3.767321E-01 1.746388E+00
4.379605E-01 1.764892E+00
5.179031E-01 1.748338E+00
4.572240E-01 1.731224E+00
5.373804E-01 1.715610E+00
5.975297E-01 1.731083E+00
6.768138E-01 1.712957E+00
6.171781E-01 1.699383E+00
6.965693E-01 1.682404E+00
7.557094E-01 1.693836E+00
8.341381E-01 1.673646E+00
7.754758E-01 1.664577E+00
8.537816E-01 1.645864E+00
9.119738E-01 1.652385E+00
9.890310E-01 1.630127E+00
9.313268E-01 1.626290E+00
1.007906E+00 1.605951E+00
1.065063E+00 1.607025E+00
1.139776E+00 1.583303E+00
1.083277E+00 1.585003E+00
1.157177E+00 1.563651E+00
1.212858E+00 1.559234E+00
1.284020E+00 1.535105E+00
1.229354E+00 1.542122E+00
1.299590E+00 1.520644E+00
1.353035E+00 1.511195E+00
1.419768E+00 1.487747E+00
1.367731E+00 1.499428E+00
1.433697E+00 1.478652E+00
1.484190E+00 1.464966E+00
1.546383E+00 1.443020E+00
1.497495E+00 1.458466E+00
1.559212E+00 1.438990E+00
1.606530E+00 1.422048E+00
1.664900E+00 1.402165E+00
1.619012E+00 1.420324E+00
1.677115E+00 1.402553E+00
1.721813E+00 1.383464E+00
1.777617E+00 1.366028E+00
1.733787E+00 1.385748E+00
1.789316E+00 1.369979E+00
1.832676E+00 1.349965E+00
1.887383E+00 1.335449E+00
1.844008E+00 1.355335E+00
1.898202E+00 1.341962E+00
1.942189E+00 1.322751E+00
1.997608E+00 1.312244E+00
1.952287E+00 1.330084E+00
2.006728E+00 1.320019E+00
2.054163E+00 1.304324E+00
2.111145E+00 1.298748E+00
2.062046E+00 1.312167E+00
2.118704E+00 1.306905E+00
2.147853E+00 1.274552E+00
2.119372E+00 1.174343E+00
2.174744E+00 1.303061E+00
2.197649E+00 1.265091E+00
2.072611E+00 1.053741E+00
2.025692E+00 9.345056E-01
2.162051E+00 1.158015E+00
2.116431E+00 1.040690E+00
2.002029E+00 8.400501E-01
2.051384E+00 8.284099E-01
2.071778E+00 9.259509E-01
2.069426E+00 8.551095E-01
2.109794E+00 8.355911E-01
2.165680E+00 8.426027E-01
2.124653E+00 8.557942E-01
2.179863E+00 8.629286E-01
2.219403E+00 8.495431E-01
2.270599E+00 8.577381E-01
2.232444E+00 8.700248E-01
2.281667E+00 8.792084E-01
2.317171E+00 8.702686E-01
2.353907E+00 8.937479E-01
2.323216E+00 8.962760E-01
2.349805E+00 9.303084E-01
2.375975E+00 9.343037E-01
2.389999E+00 9.842858E-01
2.361577E+00 9.817172E-01
2.374685E+00 1.031480E+00
2.413721E+00 1.018992E+00
2.449648E+00 1.033189E+00
2.404876E+00 1.054919E+00
2.444270E+00 1.062355E+00
2.492569E+00 1.040720E+00
2.546183E+00 1.047241E+00
2.488449E+00 1.066565E+00
2.542472E+00 1.070395E+00
-1.286530E-02 1.782029E+00
-7.804726E-02 1.796938E+00
6.808207E-02 1.767559E+00
2.137463E-03 1.741826E+00
-6.351629E-02 1.755558E+00
8.350664E-02 1.728500E+00
1.502036E-01 1.753438E+00
2.320688E-01 1.739533E+00
1.659856E-01 1.715497E+00
2.481452E-01 1.702696E+00
3.135194E-01 1.725700E+00
3.945691E-01 1.711788E+00
3.298270E-01 1.689968E+00
4.110448E-01 1.677177E+00
4.752338E-01 1.697640E+00
5.555078E-01 1.683103E+00
4.918131E-01 1.664186E+00
5.721212E-01 1.650865E+00
6.353575E-01 1.668041E+00
7.147176E-01 1.652346E+00
6.519258E-01 1.637105E+00
7.311478E-01 1.622827E+00
7.934865E-01 1.635953E+00
8.715244E-01 1.618850E+00
8.096708E-01 1.607992E+00
8.873442E-01 1.592607E+00
9.486548E-01 1.601081E+00
1.024671E+00 1.582746E+00
9.639886E-01 1.576724E+00
1.039407E+00 1.560439E+00
1.099347E+00 1.563990E+00
1.172460E+00 1.544987E+00
1.113400E+00 1.543877E+00
1.185781E+00 1.527179E+00
1.243808E+00 1.525920E+00
1.313231E+00 1.506967E+00
1.256389E+00 1.510489E+00
1.325108E+00 1.493942E+00
1.380624E+00 1.488284E+00
1.445946E+00 1.470003E+00
1.391867E+00 1.477653E+00
1.456650E+00 1.461718E+00
1.509221E+00 1.452230E+00
1.570535E+00 1.435055E+00
1.519487E+00 1.446216E+00
1.580461E+00 1.431209E+00
1.630027E+00 1.418548E+00
1.687884E+00 1.402771E+00
1.639690E+00 1.416748E+00
1.697327E+00 1.402875E+00
1.744321E+00 1.387774E+00
1.799574E+00 1.373610E+00
1.753549E+00 1.389625E+00
1.808546E+00 1.377035E+00
1.853898E+00 1.360352E+00
1.907577E+00 1.348112E+00
1.862524E+00 1.365155E+00
1.915716E+00 1.354067E+00
1.960943E+00 1.337070E+00
2.014402E+00 1.327492E+00
1.968395E+00 1.343906E+00
2.020901E+00 1.334881E+00
2.068440E+00 1.319732E+00
2.123590E+00 1.314205E+00
2.073662E+00 1.327289E+00
2.127201E+00 1.321523E+00
2.180151E+00 1.311199E+00
2.233507E+00 1.307083E+00
2.182081E+00 1.318028E+00
2.238241E+00 1.316864E+00
2.240910E+00 1.252498E+00
2.202356E+00 1.143518E+00
2.285819E+00 1.308827E+00
2.278852E+00 1.238348E+00
2.158677E+00 1.030125E+00
2.119567E+00 9.227659E-01
2.240402E+00 1.131098E+00
2.199501E+00 1.022581E+00
2.142208E+00 8.808629E-01
2.196062E+00 8.858461E-01
2.174622E+00 9.302037E-01
2.215630E+00 9.138511E-01
2.247091E+00 8.930572E-01
2.292567E+00 9.048272E-01
2.263102E+00 9.205099E-01
2.300384E+00 9.387514E-01
2.324814E+00 9.310977E-01
2.338943E+00 9.782229E-01
2.319059E+00 9.785641E-01
2.323716E+00 1.035081E+00
2.344861E+00 1.035547E+00
2.364439E+00 1.075739E+00
2.331618E+00 1.089403E+00
2.361630E+00 1.113865E+00
2.401454E+00 1.087390E+00
2.443094E+00 1.090317E+00
2.403055E+00 1.117352E+00
2.445645E+00 1.117863E+00
2.487873E+00 1.092279E+00
2.541762E+00 1.094080E+00
2.490309E+00 1.118622E+00
2.543521E+00 1.119195E+00
1.583739E-02 1.700969E+00
-5.024675E-02 1.713388E+00
9.758974E-02 1.688921E+00
2.809639E-02 1.659521E+00
-3.837142E-02 1.670502E+00
1.101895E-01 1.648872E+00
1.803873E-01 1.677168E+00
2.627975E-01 1.665607E+00
1.932606E-01 1.638498E+00
2.758702E-01 1.628312E+00
3.446604E-01 1.654123E+00
4.259904E-01 1.642594E+00
3.578611E-01 1.618209E+00
4.392524E-01 1.608074E+00
5.068011E-01 1.630898E+00
5.870761E-01 1.618928E+00
5.200565E-01 1.597801E+00
6.002504E-01 1.587304E+00
6.667633E-01 1.606599E+00
7.457735E-01 1.593857E+00
6.797738E-01 1.576522E+00
7.585314E-01 1.565421E+00
8.239834E-01 1.580685E+00
9.012407E-01 1.567101E+00
8.363982E-01 1.553997E+00
9.132274E-01 1.542274E+00
9.773735E-01 1.553158E+00
1.052202E+00 1.538941E+00
9.888598E-01 1.530303E+00
1.063136E+00 1.518154E+00
1.125553E+00 1.524553E+00
1.197272E+00 1.510105E+00
1.135906E+00 1.505908E+00
1.207045E+00 1.493651E+00
1.267234E+00 1.495706E+00
1.335351E+00 1.481457E+00
1.276452E+00 1.481463E+00
1.344064E+00 1.469420E+00
1.401578E+00 1.467444E+00
1.465912E+00 1.453735E+00
1.409849E+00 1.457582E+00
1.473813E+00 1.445999E+00
1.528387E+00 1.440387E+00
1.589077E+00 1.427444E+00
1.535991E+00 1.434711E+00
1.596448E+00 1.423750E+00
1.648083E+00 1.414941E+00
1.705532E+00 1.402907E+00
1.655271E+00 1.413137E+00
1.712565E+00 1.402891E+00
1.761567E+00 1.391362E+00
1.816340E+00 1.380330E+00
1.768446E+00 1.393024E+00
1.823033E+00 1.383547E+00
1.870015E+00 1.369841E+00
1.922772E+00 1.359948E+00
1.876455E+00 1.374473E+00
1.928847E+00 1.365831E+00
1.974828E+00 1.350740E+00
2.026451E+00 1.342369E+00
1.980367E+00 1.357670E+00
2.031213E+00 1.350085E+00
2.077992E+00 1.335063E+00
2.129909E+00 1.329151E+00
2.081647E+00 1.343232E+00
2.132031E+00 1.337356E+00
2.182778E+00 1.325082E+00
2.237201E+00 1.323349E+00
2.182856E+00 1.332830E+00
2.234759E+00 1.330181E+00
2.292387E+00 1.323505E+00
2.330088E+00 1.306511E+00
2.288322E+00 1.329970E+00
2.341183E+00 1.330493E+00
2.312384E+00 1.224565E+00
2.276103E+00 1.121760E+00
2.364995E+00 1.300006E+00
2.341121E+00 1.213377E+00
2.239115E+00 1.020031E+00
2.240282E+00 9.541541E-01
2.307733E+00 1.118894E+00
2.280253E+00 1.028877E+00
2.278956E+00 9.569517E-01
2.301941E+00 9.864498E-01
2.294075E+00 1.009918E+00
2.299953E+00 1.047773E+00
2.308248E+00 1.037049E+00
2.310050E+00 1.094908E+00
2.299275E+00 1.100323E+00
2.303811E+00 1.152103E+00
2.326943E+00 1.137148E+00
2.365643E+00 1.146708E+00
2.332142E+00 1.176576E+00
2.374825E+00 1.176723E+00
2.408762E+00 1.146108E+00
2.451078E+00 1.145873E+00
2.417361E+00 1.175010E+00
2.458286E+00 1.175250E+00
2.494934E+00 1.146363E+00
2.547020E+00 1.146521E+00
2.500781E+00 1.176168E+00
2.551473E+00 1.176593E+00
3.879403E-02 1.617548E+00
-2.801165E-02 1.626982E+00
1.211809E-01 1.608410E+00
4.784499E-02 1.575118E+00
-1.928084E-02 1.582898E+00
1.304628E-01 1.567598E+00
2.044690E-01 1.599541E+00
2.872176E-01 1.590862E+00
2.138872E-01 1.560366E+00
2.967096E-01 1.553315E+00
3.692848E-01 1.582265E+00
4.506966E-01 1.573641E+00
3.788125E-01 1.546326E+00
4.602185E-01 1.539311E+00
5.314607E-01 1.564904E+00
6.115458E-01 1.555989E+00
5.409255E-01 1.532205E+00
6.208932E-01 1.524961E+00
6.908844E-01 1.546853E+00
7.693781E-01 1.537479E+00
7.000487E-01 1.517554E+00
7.782928E-01 1.509974E+00
8.469046E-01 1.527869E+00
9.233257E-01 1.518051E+00
8.555080E-01 1.502230E+00
9.315661E-01 1.494347E+00
9.984972E-01 1.508068E+00
1.072279E+00 1.497976E+00
1.006337E+00 1.486358E+00
1.079699E+00 1.478306E+00
1.144544E+00 1.487836E+00
1.215188E+00 1.477713E+00
1.151542E+00 1.470239E+00
1.221780E+00 1.462201E+00
1.284132E+00 1.467667E+00
1.351326E+00 1.457748E+00
1.290348E+00 1.454233E+00
1.357209E+00 1.446375E+00
1.416752E+00 1.448003E+00
1.480416E+00 1.438465E+00
1.422348E+00 1.438654E+00
1.485778E+00 1.431097E+00
1.542355E+00 1.429163E+00
1.602625E+00 1.420117E+00
1.547530E+00 1.423720E+00
1.607655E+00 1.416538E+00
1.661302E+00 1.411341E+00
1.718473E+00 1.402846E+00
1.666218E+00 1.409558E+00
1.723295E+00 1.402785E+00
1.774232E+00 1.394637E+00
1.828675E+00 1.386718E+00
1.778964E+00 1.396221E+00
1.833300E+00 1.389865E+00
1.881898E+00 1.379089E+00
1.933999E+00 1.371760E+00
1.886377E+00 1.383712E+00
1.938260E+00 1.377756E+00
1.985085E+00 1.364748E+00
2.035285E+00 1.358099E+00
1.989015E+00 1.371994E+00
2.038710E+00 1.366436E+00
2.084769E+00 1.351901E+00
2.133782E+00 1.346311E+00
2.087429E+00 1.361112E+00
2.135290E+00 1.356101E+00
2.182679E+00 1.341599E+00
2.231975E+00 1.338211E+00
2.182480E+00 1.351570E+00
2.229302E+00 1.347847E+00
2.282340E+00 1.336829E+00
2.334133E+00 1.338126E+00
2.276223E+00 1.345544E+00
2.323831E+00 1.345696E+00
2.381379E+00 1.337094E+00
2.388784E+00 1.292627E+00
2.371658E+00 1.349131E+00
2.406755E+00 1.344114E+00
2.361071E+00 1.211010E+00
2.326292E+00 1.128442E+00
2.397029E+00 1.293545E+00
2.362648E+00 1.225281E+00
2.311506E+00 1.082118E+00
2.302765E+00 1.116930E+00
2.333725E+00 1.165257E+00
2.314787E+00 1.189580E+00
2.297885E+00 1.164063E+00
2.308846E+00 1.202813E+00
2.306995E+00 1.226182E+00
2.325972E+00 1.245346E+00
2.345336E+00 1.209894E+00
2.387400E+00 1.206273E+00
2.363468E+00 1.241265E+00
2.401326E+00 1.237573E+00
2.427413E+00 1.205380E+00
2.466083E+00 1.206776E+00
2.437427E+00 1.238353E+00
2.473420E+00 1.240954E+00
2.506906E+00 1.208477E+00
2.556154E+00 1.209624E+00
2.512527E+00 1.243437E+00
2.560466E+00 1.245509E+00
5.525211E-02 1.532289E+00
-1.226468E-02 1.538208E+00
1.379805E-01 1.526532E+00
6.131920E-02 1.489158E+00
-6.744985E-03 1.492539E+00
1.439146E-01 1.485400E+00
2.214341E-01 1.521070E+00
3.042819E-01 1.515731E+00
2.273398E-01 1.481761E+00
3.101939E-01 1.478179E+00
3.863968E-01 1.510426E+00
4.677848E-01 1.505096E+00
3.923102E-01 1.474609E+00
4.736776E-01 1.471019E+00
5.484321E-01 1.499695E+00
6.282905E-01 1.494196E+00
5.542736E-01 1.467382E+00
6.340432E-01 1.463681E+00
7.072836E-01 1.488581E+00
7.853129E-01 1.482848E+00
7.129088E-01 1.459906E+00
7.907725E-01 1.456060E+00
8.622662E-01 1.477007E+00
9.380248E-01 1.471076E+00
8.675278E-01 1.452147E+00
9.430622E-01 1.448183E+00
1.012471E+00 1.465083E+00
1.085497E+00 1.459057E+00
1.017269E+00 1.444184E+00
1.090050E+00 1.440171E+00
1.157008E+00 1.453030E+00
1.226929E+00 1.447035E+00
1.161320E+00 1.436162E+00
1.231013E+00 1.432179E+00
1.295208E+00 1.441099E+00
1.361812E+00 1.435246E+00
1.299085E+00 1.428237E+00
1.365508E+00 1.424352E+00
1.426735E+00 1.429498E+00
1.489988E+00 1.423870E+00
1.430279E+00 1.420537E+00
1.493408E+00 1.416802E+00
1.551601E+00 1.418374E+00
1.611619E+00 1.413016E+00
1.554926E+00 1.413152E+00
1.614873E+00 1.409591E+00
1.670100E+00 1.407799E+00
1.727111E+00 1.402727E+00
1.673302E+00 1.406117E+00
1.730270E+00 1.402731E+00
1.782716E+00 1.397799E+00
1.836978E+00 1.393013E+00
1.785838E+00 1.399435E+00
1.840054E+00 1.396229E+00
1.889953E+00 1.388362E+00
1.941684E+00 1.383834E+00
1.892966E+00 1.393103E+00
1.944601E+00 1.390046E+00
1.992205E+00 1.379413E+00
2.041534E+00 1.375088E+00
1.994973E+00 1.387041E+00
2.044061E+00 1.384071E+00
2.089679E+00 1.370853E+00
2.136640E+00 1.366731E+00
2.091816E+00 1.381115E+00
2.138141E+00 1.378166E+00
2.182430E+00 1.362801E+00
2.227099E+00 1.359276E+00
2.182894E+00 1.375248E+00
2.225881E+00 1.372484E+00
2.270780E+00 1.356639E+00
2.313720E+00 1.355871E+00
2.266894E+00 1.370209E+00
2.305760E+00 1.369189E+00
2.356094E+00 1.358625E+00
2.395442E+00 1.365163E+00
2.342442E+00 1.370858E+00
2.376664E+00 1.377001E+00
2.411430E+00 1.354545E+00
2.387774E+00 1.306506E+00
2.403115E+00 1.383645E+00
2.400673E+00 1.363546E+00
2.356488E+00 1.245352E+00
2.333414E+00 1.260452E+00
2.375306E+00 1.313483E+00
2.354834E+00 1.322231E+00
2.327943E+00 1.282333E+00
2.351398E+00 1.282328E+00
2.357331E+00 1.328219E+00
2.377887E+00 1.319434E+00
2.383141E+00 1.274561E+00
2.414584E+00 1.272413E+00
2.401154E+00 1.312620E+00
2.425891E+00 1.311949E+00
2.446203E+00 1.274619E+00
2.479571E+00 1.277913E+00
2.453334E+00 1.314429E+00
2.484377E+00 1.317492E+00
2.517151E+00 1.280920E+00
2.564010E+00 1.283966E+00
2.520848E+00 1.320659E+00
2.567244E+00 1.324762E+00
6.768676E-02 1.446186E+00
-6.035121E-04 1.445721E+00
1.502182E-01 1.444380E+00
8.449582E-02 1.402000E+00
1.424139E-02 1.402000E+00
1.673164E-01 1.402000E+00
2.336402E-01 1.442563E+00
3.164928E-01 1.440763E+00
2.508296E-01 1.402000E+00
3.337102E-01 1.402000E+00
3.986022E-01 1.438968E+00
4.799479E-01 1.437164E+00
4.158212E-01 1.402000E+00
4.971566E-01 1.402000E+00
5.605037E-01 1.435335E+00
6.402089E-01 1.433476E+00
5.776920E-01 1.402000E+00
6.573665E-01 1.402000E+00
7.189867E-01 1.431580E+00
7.967386E-01 1.429651E+00
7.361020E-01 1.402000E+00
8.137998E-01 1.402000E+00
8.733630E-01 1.427690E+00
9.487509E-01 1.425706E+00
8.903598E-01 1.402000E+00
9.656740E-01 1.402000E+00
1.022803E+00 1.423707E+00
1.095425E+00 1.421702E+00
1.039646E+00 1.402000E+00
1.112184E+00 1.402000E+00
1.166542E+00 1.419701E+00
1.236091E+00 1.417715E+00
1.183216E+00 1.402000E+00
1.252681E+00 1.402000E+00
1.304032E+00 1.415749E+00
1.370340E+00 1.413813E+00
1.320542E+00 1.402000E+00
1.386775E+00 1.402000E+00
1.435014E+00 1.411911E+00
1.498066E+00 1.410049E+00
1.451383E+00 1.402000E+00
1.514375E+00 1.402000E+00
1.559526E+00 1.408229E+00
1.619434E+00 1.406453E+00
1.575785E+00 1.402000E+00
1.635649E+00 1.402000E+00
1.677841E+00 1.404718E+00
1.734802E+00 1.403025E+00
1.694015E+00 1.402000E+00
1.750931E+00 1.402000E+00
1.790361E+00 1.401374E+00
1.844569E+00 1.399767E+00
1.806451E+00 1.402000E+00
1.860615E+00 1.402000E+00
1.897460E+00 1.398197E+00
1.949060E+00 1.396657E+00
1.913465E+00 1.402000E+00
1.965009E+00 1.402000E+00
1.999359E+00 1.395137E+00
2.048325E+00 1.393624E+00
2.015245E+00 1.402000E+00
2.064115E+00 1.402000E+00
2.095861E+00 1.392103E+00
2.141813E+00 1.390561E+00
2.111518E+00 1.402000E+00
2.157257E+00 1.402000E+00
2.185920E+00 1.388999E+00
2.227818E+00 1.387474E+00
2.201036E+00 1.402000E+00
2.242401E+00 1.402000E+00
2.267027E+00 1.386157E+00
2.303077E+00 1.385472E+00
2.280781E+00 1.402000E+00
2.315583E+00 1.402000E+00
2.335726E+00 1.386230E+00
2.365244E+00 1.389572E+00
2.346521E+00 1.402000E+00
2.373941E+00 1.402000E+00
2.391099E+00 1.395352E+00
2.403042E+00 1.391797E+00
2.397998E+00 1.402000E+00
2.411311E+00 1.402000E+00
2.387929E+00 1.365116E+00
2.376645E+00 1.369102E+00
2.399482E+00 1.402000E+00
2.397521E+00 1.402000E+00
2.385127E+00 1.366995E+00
2.399745E+00 1.360198E+00
2.408047E+00 1.402000E+00
2.419838E+00 1.402000E+00
2.416057E+00 1.356472E+00
2.435924E+00 1.356451E+00
2.433665E+00 1.402000E+00
2.452058E+00 1.402000E+00
2.460437E+00 1.357979E+00
2.489694E+00 1.359862E+00
2.475749E+00 1.402000E+00
2.504532E+00 1.402000E+00
2.525292E+00 1.362235E+00
2.574510E+00 1.367032E+00
2.540612E+00 1.402000E+00
2.606551E+00 1.402000E+00
-2.915657E-01 -8.953582E-01
-2.686147E-01 -9.060032E-01
-2.842863E-01 -9.064137E-01
-2.457706E-01 -9.034105E-01
-2.306513E-01 -8.853107E-01
-2.170520E-01 -8.977405E-01
-1.873304E-01 -8.910880E-01
-2.716002E-01 2.309569E+00
-2.559641E-01 2.309088E+00
-2.788121E-01 2.298467E+00
-2.331691E-01 2.306458E+00
-2.045165E-01 2.300766E+00
-2.180567E-01 2.288359E+00
-1.748666E-01 2.294096E+00
-1.664078E-01 -8.698334E-01
-1.558835E-01 -8.830559E-01
-1.235590E-01 -8.742819E-01
-9.965055E-02 -8.512209E-01
-9.052660E-02 -8.648612E-01
-5.702789E-02 -8.549649E-01
-1.434957E-01 2.286049E+00
-1.539734E-01 2.272844E+00
-1.112489E-01 2.277263E+00
-7.829384E-02 2.267833E+00
-8.738017E-02 2.254203E+00
-4.487031E-02 2.257932E+00
-3.149230E-02 -8.308492E-01
-2.323028E-02 -8.446746E-01
1.074831E-02 -8.340488E-01
3.723439E-02 -8.092810E-01
4.479951E-02 -8.231191E-01
7.886173E-02 -8.119085E-01
-1.114235E-02 2.247642E+00
-1.938765E-02 2.233812E+00
2.278084E-02 2.237024E+00
5.680977E-02 2.226127E+00
4.918508E-02 2.212239E+00
9.086285E-02 2.214968E+00
1.059704E-01 -7.867130E-01
1.128672E-01 -8.004271E-01
1.467659E-01 -7.886740E-01
1.743317E-01 -7.631660E-01
1.805167E-01 -7.766424E-01
2.140817E-01 -7.643178E-01
1.248800E-01 2.203549E+00
1.177880E-01 2.189678E+00
1.588090E-01 2.191871E+00
1.926056E-01 2.179924E+00
1.860381E-01 2.166147E+00
2.262348E-01 2.167698E+00
2.420433E-01 -7.385669E-01
2.474242E-01 -7.516772E-01
2.805126E-01 -7.386965E-01
3.088717E-01 -7.128144E-01
3.133217E-01 -7.253616E-01
3.458256E-01 -7.116758E-01
2.596687E-01 2.155178E+00
2.536579E-01 2.141566E+00
2.928804E-01 2.142344E+00
3.258398E-01 2.129176E+00
3.204268E-01 2.115824E+00
3.585206E-01 2.115673E+00
3.745888E-01 -6.858643E-01
3.780201E-01 -6.976801E-01
4.099051E-01 -6.834159E-01
4.390431E-01 -6.577203E-01
4.414698E-01 -6.688879E-01
4.726996E-01 -6.540833E-01
3.908932E-01 2.101841E+00
3.861310E-01 2.088848E+00
4.229339E-01 2.087687E+00
4.546220E-01 2.073216E+00
4.506016E-01 2.060618E+00
4.859286E-01 2.058416E+00
5.021641E-01 -6.282814E-01
5.035864E-01 -6.389795E-01
5.340977E-01 -6.235118E-01
5.638746E-01 -5.972621E-01
5.641993E-01 -6.075993E-01
5.938630E-01 -5.911855E-01
5.168282E-01 2.043248E+00
5.137173E-01 2.031035E+00
5.473104E-01 2.027669E+00
5.773438E-01 2.011627E+00
5.753611E-01 1.999821E+00
6.068968E-01 1.995060E+00
6.240369E-01 -5.642421E-01
6.230618E-01 -5.742100E-01
6.517623E-01 -5.566002E-01
6.824861E-01 -5.287101E-01
6.799358E-01 -5.382819E-01
7.075456E-01 -5.191691E-01
6.359432E-01 1.977904E+00
6.353735E-01 1.966558E+00
6.644550E-01 1.960095E+00
6.923941E-01 1.941550E+00
6.935851E-01 1.930730E+00
7.197249E-01 1.922180E+00
7.390455E-01 -4.900211E-01
7.345491E-01 -4.991531E-01
7.609027E-01 -4.781109E-01
7.934898E-01 -4.473252E-01
7.865393E-01 -4.558922E-01
8.113863E-01 -4.323327E-01
7.464012E-01 1.901880E+00
7.498136E-01 1.891684E+00
7.723672E-01 1.880512E+00
7.975494E-01 1.857919E+00
8.038244E-01 1.848563E+00
8.218631E-01 1.833920E+00
8.454346E-01 -3.995430E-01
8.353249E-01 -4.072530E-01
8.581940E-01 -3.804847E-01
8.942290E-01 -3.453324E-01
8.798081E-01 -3.518363E-01
8.999506E-01 -3.209720E-01
8.452195E-01 1.808328E+00
8.552004E-01 1.800274E+00
8.675180E-01 1.781031E+00
8.886224E-01 1.751924E+00
9.033041E-01 1.745523E+00
9.082909E-01 1.720725E+00
9.389787E-01 -2.826147E-01
9.183204E-01 -2.874878E-01
9.344544E-01 -2.508145E-01
9.261651E-01 1.686926E+00
9.472667E-01 1.682246E+00
9.417666E-01 1.649895E+00
-2.843633E-01 -9.068043E-01
-2.530997E-01 -9.053523E-01
-2.653263E-01 -9.053467E-01
-2.430875E-01 -9.048309E-01
-1.803239E-01 7.013092E-01
-3.621397E-02 7.029106E-01
-1.747508E-01 7.010593E-01
-2.587646E-01 -9.049719E-01
-2.303512E-01 -9.035047E-01
-2.186470E-01 -9.026396E-01
-1.601720E-01 7.007914E-01
-1.521836E-01 7.004603E-01
-2.316334E-01 -9.001893E-01
-2.050228E-01 -9.001135E-01
-1.907654E-01 -8.974844E-01
-1.377734E-01 7.001548E-01
-1.241226E-01 6.998579E-01
-2.023329E-01 -8.945406E-01
-1.763301E-01 -8.944937E-01
-1.615541E-01 -8.912009E-01
-1.097147E-01 6.995403E-01
-9.564592E-02 6.992551E-01
-2.405194E-01 2.308478E+00
-2.527655E-01 2.308462E+00
-2.305110E-01 2.307938E+00
-2.716825E-01 2.309921E+00
-2.177845E-01 2.306605E+00
-2.060929E-01 2.305742E+00
-2.461353E-01 2.308035E+00
-1.924884E-01 2.303220E+00
-1.782541E-01 2.300598E+00
-2.190639E-01 2.303226E+00
-1.638439E-01 2.297616E+00
-1.490957E-01 2.294331E+00
-1.898326E-01 2.297557E+00
-1.717750E-01 -8.871708E-01
-1.463295E-01 -8.874712E-01
-1.306842E-01 -8.834380E-01
-8.048657E-02 6.989790E-01
-6.496244E-02 6.986829E-01
-1.398006E-01 -8.787445E-01
-1.147817E-01 -8.791881E-01
-9.869024E-02 -8.747652E-01
-4.921006E-02 6.983469E-01
-3.335574E-02 6.979916E-01
-1.071235E-01 -8.696466E-01
-8.242077E-02 -8.701622E-01
-6.597822E-02 -8.653938E-01
-1.719404E-02 6.976093E-01
-8.447677E-04 6.971740E-01
-7.381920E-02 -8.599620E-01
-4.940308E-02 -8.604900E-01
-3.273539E-02 -8.554722E-01
1.562748E-02 6.966767E-01
3.217796E-02 6.961254E-01
-1.339006E-01 2.290610E+00
-1.182851E-01 2.286588E+00
-1.593488E-01 2.290171E+00
-1.024121E-01 2.282352E+00
-8.635025E-02 2.277946E+00
-1.274515E-01 2.281731E+00
-7.010968E-02 2.273362E+00
-5.369439E-02 2.268617E+00
-9.485224E-02 2.272623E+00
-3.714459E-02 2.263741E+00
-2.050047E-02 2.258757E+00
-6.162440E-02 2.262931E+00
-4.016042E-02 -8.498671E-01
-1.599167E-02 -8.503449E-01
8.174675E-04 -8.451133E-01
4.883230E-02 6.955197E-01
6.556200E-02 6.948276E-01
-6.255413E-03 -8.393998E-01
1.767338E-02 -8.397848E-01
3.455486E-02 -8.343640E-01
8.234271E-02 6.939743E-01
9.914832E-02 6.928506E-01
2.776867E-02 -8.286213E-01
5.143615E-02 -8.288368E-01
6.831929E-02 -8.231884E-01
1.158418E-01 6.907632E-01
1.326504E-01 6.867106E-01
6.183399E-02 -8.175475E-01
8.520407E-02 -8.174540E-01
1.020765E-01 -8.116382E-01
1.495209E-01 6.823275E-01
1.663784E-01 6.777227E-01
-3.777806E-03 2.253667E+00
1.301503E-02 2.248481E+00
-2.803887E-02 2.252833E+00
2.986370E-02 2.243209E+00
4.675467E-02 2.237864E+00
5.802376E-03 2.242369E+00
6.370429E-02 2.232481E+00
8.069174E-02 2.227101E+00
3.978707E-02 2.231608E+00
9.768544E-02 2.221662E+00
1.146798E-01 2.216158E+00
7.383702E-02 2.220581E+00
9.587496E-02 -8.062018E-01
1.189259E-01 -8.057362E-01
1.357444E-01 -7.997438E-01
1.832102E-01 6.727024E-01
2.000196E-01 6.671224E-01
1.298327E-01 -7.945848E-01
1.525272E-01 -7.936610E-01
1.692745E-01 -7.874879E-01
2.167961E-01 6.610280E-01
2.335323E-01 6.545283E-01
1.636621E-01 -7.826936E-01
1.859788E-01 -7.812232E-01
2.026326E-01 -7.748638E-01
2.502342E-01 6.476378E-01
2.668813E-01 6.403654E-01
1.973248E-01 -7.705181E-01
2.192301E-01 -7.684011E-01
2.357606E-01 -7.618238E-01
2.834663E-01 6.325796E-01
2.999951E-01 6.240440E-01
1.316706E-01 2.210596E+00
1.486516E-01 2.204982E+00
1.078793E-01 2.209291E+00
1.656142E-01 2.199313E+00
1.825509E-01 2.193585E+00
1.418584E-01 2.197743E+00
1.994557E-01 2.187795E+00
2.163228E-01 2.181939E+00
1.757263E-01 2.185932E+00
2.331507E-01 2.176020E+00
2.499373E-01 2.170043E+00
2.094430E-01 2.173847E+00
2.307830E-01 -7.580386E-01
2.522153E-01 -7.551201E-01
2.685855E-01 -7.482780E-01
3.164598E-01 6.145893E-01
3.328478E-01 6.041020E-01
2.640017E-01 -7.452305E-01
2.848654E-01 -7.412876E-01
3.010513E-01 -7.341476E-01
3.491551E-01 5.924957E-01
3.653537E-01 5.799987E-01
2.969540E-01 -7.320737E-01
3.171389E-01 -7.268598E-01
3.331189E-01 -7.194211E-01
3.814299E-01 5.668002E-01
3.973316E-01 5.528674E-01
3.296123E-01 -7.185608E-01
3.489900E-01 -7.118319E-01
3.647698E-01 -7.041304E-01
4.130052E-01 5.378844E-01
4.284283E-01 5.224849E-01
2.666796E-01 2.164007E+00
2.833744E-01 2.157912E+00
2.429778E-01 2.161476E+00
3.000153E-01 2.151752E+00
3.165932E-01 2.145517E+00
2.763043E-01 2.148802E+00
3.331013E-01 2.139196E+00
3.495423E-01 2.132790E+00
3.093931E-01 2.135802E+00
3.659252E-01 2.126316E+00
3.822348E-01 2.119764E+00
3.422169E-01 2.122466E+00
3.619615E-01 -7.047134E-01
3.804760E-01 -6.963746E-01
3.961228E-01 -6.886130E-01
4.436430E-01 5.076401E-01
4.587289E-01 4.941307E-01
3.940015E-01 -6.905805E-01
4.117179E-01 -6.808734E-01
4.272600E-01 -6.731598E-01
4.737685E-01 4.824192E-01
4.887952E-01 4.725792E-01
4.257287E-01 -6.761856E-01
4.427414E-01 -6.654593E-01
4.581561E-01 -6.577570E-01
5.038172E-01 4.642050E-01
5.187731E-01 4.569306E-01
4.571272E-01 -6.615212E-01
4.735126E-01 -6.500501E-01
4.888229E-01 -6.423487E-01
5.336759E-01 4.506927E-01
5.486271E-01 4.461950E-01
3.984584E-01 2.113120E+00
4.145881E-01 2.106370E+00
3.747471E-01 2.108798E+00
4.306180E-01 2.099504E+00
4.465464E-01 2.092523E+00
4.069562E-01 2.094804E+00
4.623731E-01 2.085438E+00
4.781008E-01 2.078260E+00
4.388236E-01 2.080491E+00
4.937245E-01 2.070990E+00
5.092260E-01 2.063597E+00
4.703249E-01 2.065859E+00
4.881868E-01 -6.465714E-01
5.040920E-01 -6.346567E-01
5.193192E-01 -6.269830E-01
5.636048E-01 4.440169E-01
5.785937E-01 4.445790E-01
5.188913E-01 -6.312970E-01
5.344588E-01 -6.192753E-01
5.494978E-01 -6.114719E-01
5.936206E-01 4.466151E-01
6.085590E-01 4.489872E-01
5.492018E-01 -6.156149E-01
5.644273E-01 -6.035559E-01
5.792465E-01 -5.955232E-01
6.233818E-01 4.515221E-01
6.380821E-01 4.543216E-01
5.790875E-01 -5.994586E-01
5.939578E-01 -5.873795E-01
6.085576E-01 -5.791201E-01
6.526736E-01 4.577523E-01
6.671602E-01 4.619092E-01
5.245933E-01 2.056053E+00
5.398211E-01 2.048338E+00
5.014300E-01 2.050882E+00
5.549331E-01 2.040481E+00
5.699246E-01 2.032505E+00
5.321232E-01 2.035513E+00
5.847918E-01 2.024406E+00
5.995269E-01 2.016172E+00
5.623853E-01 2.019709E+00
6.141215E-01 2.007785E+00
6.285724E-01 1.999232E+00
5.921820E-01 2.003413E+00
6.085224E-01 -5.827723E-01
6.230405E-01 -5.707330E-01
6.373993E-01 -5.622045E-01
6.815299E-01 4.666863E-01
6.957715E-01 4.719449E-01
6.374762E-01 -5.654891E-01
6.516249E-01 -5.535184E-01
6.657129E-01 -5.446611E-01
7.098728E-01 4.774867E-01
7.238215E-01 4.832209E-01
6.659171E-01 -5.475344E-01
6.796681E-01 -5.356375E-01
6.934851E-01 -5.264435E-01
7.376275E-01 4.895730E-01
7.512947E-01 4.967357E-01
6.938135E-01 -5.288311E-01
7.071543E-01 -5.170614E-01
7.206670E-01 -5.074754E-01
7.647866E-01 5.045124E-01
7.780672E-01 5.125612E-01
6.428772E-01 1.990508E+00
6.570343E-01 1.981608E+00
6.214850E-01 1.986560E+00
6.710423E-01 1.972528E+00
6.848937E-01 1.963262E+00
6.502681E-01 1.969086E+00
6.985751E-01 1.953783E+00
7.120829E-01 1.944071E+00
6.784985E-01 1.950920E+00
7.254158E-01 1.934121E+00
7.385785E-01 1.923933E+00
7.061381E-01 1.931974E+00
7.211256E-01 -5.092815E-01
7.340144E-01 -4.976618E-01
7.471944E-01 -4.876032E-01
7.912518E-01 5.209649E-01
8.042510E-01 5.299613E-01
7.478110E-01 -4.887689E-01
7.602054E-01 -4.772982E-01
7.730319E-01 -4.667179E-01
8.170850E-01 5.400961E-01
8.297386E-01 5.513371E-01
7.738153E-01 -4.671590E-01
7.856594E-01 -4.558282E-01
7.980730E-01 -4.445995E-01
8.421895E-01 5.636178E-01
8.543570E-01 5.769520E-01
7.990671E-01 -4.442906E-01
8.102685E-01 -4.330206E-01
8.222347E-01 -4.210776E-01
8.661416E-01 5.912225E-01
8.777848E-01 6.071226E-01
7.515486E-01 1.913485E+00
7.643063E-01 1.902744E+00
7.331482E-01 1.912155E+00
7.768333E-01 1.891666E+00
7.891170E-01 1.880221E+00
7.594768E-01 1.891339E+00
8.011377E-01 1.868380E+00
8.128781E-01 1.856106E+00
7.850614E-01 1.869379E+00
8.243459E-01 1.843371E+00
8.355023E-01 1.830094E+00
8.098207E-01 1.846108E+00
8.234794E-01 -4.199945E-01
8.339324E-01 -4.087139E-01
8.453224E-01 -3.958884E-01
8.889967E-01 6.244487E-01
8.995061E-01 6.420243E-01
8.469029E-01 -3.940892E-01
8.563758E-01 -3.825816E-01
8.670868E-01 -3.688261E-01
9.092643E-01 6.583275E-01
9.183447E-01 6.728610E-01
8.691726E-01 -3.664145E-01
8.774112E-01 -3.545972E-01
8.872812E-01 -3.397953E-01
9.269325E-01 6.846789E-01
9.353532E-01 6.926232E-01
8.900769E-01 -3.367041E-01
8.966517E-01 -3.242844E-01
9.055156E-01 -3.080622E-01
9.435387E-01 6.965367E-01
9.511976E-01 6.981692E-01
8.463309E-01 1.816225E+00
8.568416E-01 1.801802E+00
8.336662E-01 1.821332E+00
8.670519E-01 1.786929E+00
8.769653E-01 1.771689E+00
8.565092E-01 1.794898E+00
8.866123E-01 1.756176E+00
8.959876E-01 1.740437E+00
8.782311E-01 1.766715E+00
9.050061E-01 1.724387E+00
9.135666E-01 1.707853E+00
8.986562E-01 1.736615E+00
9.093846E-01 -3.045889E-01
9.138273E-01 -2.911346E-01
9.215242E-01 -2.734651E-01
9.582254E-01 6.988682E-01
9.645385E-01 6.991735E-01
9.215907E-01 1.690700E+00
9.290032E-01 1.672833E+00
9.174803E-01 1.704188E+00
9.783291E-01 -2.073681E-01
9.476928E-01 -2.100796E-01
9.570218E-01 -1.638224E-01
9.544111E-01 1.608727E+00
9.856987E-01 1.606252E+00
9.630554E-01 1.561912E+00
9.267005E-01 -2.695954E-01
9.285271E-01 -2.549891E-01
9.347347E-01 -2.356168E-01
9.700316E-01 6.992930E-01
9.745738E-01 6.993175E-01
9.357162E-01 1.654162E+00
9.416210E-01 1.634587E+00
9.342849E-01 1.668863E+00
9.414924E-01 -2.310297E-01
9.400178E-01 -2.152368E-01
9.442192E-01 -1.937231E-01
9.779805E-01 6.992852E-01
9.800868E-01 6.991758E-01
9.465846E-01 1.613987E+00
9.504447E-01 1.592236E+00
9.485173E-01 1.629906E+00
1.010617E+00 -1.097821E-01
9.608642E-01 -1.092619E-01
9.569100E-01 -4.186452E-02
9.529241E-01 -1.877766E-01
9.471019E-01 -1.708616E-01
9.483410E-01 -1.463490E-01
9.806383E-01 6.990487E-01
9.790837E-01 6.989090E-01
9.660956E-01 1.506595E+00
1.016872E+00 1.507465E+00
9.611802E-01 1.438215E+00
9.529560E-01 1.569106E+00
9.537829E-01 1.544287E+00
9.593128E-01 1.586164E+00
9.597566E-01 -1.378288E-01
9.474679E-01 -1.197789E-01
9.438794E-01 -9.062688E-02
9.745795E-01 6.987438E-01
9.655114E-01 6.984830E-01
9.524476E-01 1.517361E+00
9.483424E-01 1.487793E+00
9.654055E-01 1.535570E+00
1.035265E+00 3.700040E-02
9.425244E-01 4.471516E-02
9.227457E-01 1.688551E-01
9.600411E-01 -7.752333E-02
9.369141E-01 -5.822199E-02
9.259742E-01 -2.181271E-02
9.497947E-01 6.980703E-01
9.255520E-01 6.976063E-01
9.457618E-01 1.350505E+00
1.040022E+00 1.358711E+00
9.253509E-01 1.224808E+00
9.407988E-01 1.454910E+00
9.292428E-01 1.417963E+00
9.648129E-01 1.474386E+00
9.510795E-01 -1.658801E-03
9.108570E-01 1.950668E-02
8.918840E-01 6.765756E-02
8.930605E-01 6.972459E-01
8.584521E-01 6.971191E-01
9.135392E-01 1.376060E+00
8.940808E-01 1.327243E+00
9.548235E-01 1.397477E+00
1.041971E+00 2.846125E-01
9.237081E-01 3.497832E-01
9.195315E-01 5.243504E-01
9.321419E-01 1.004252E-01
8.709823E-01 1.254436E-01
8.522633E-01 1.951691E-01
8.292438E-01 6.970439E-01
8.076416E-01 6.969450E-01
9.264390E-01 1.042707E+00
1.045333E+00 1.108257E+00
9.222026E-01 8.677733E-01
8.729062E-01 1.268734E+00
8.541853E-01 1.198336E+00
9.349722E-01 1.294051E+00
9.197824E-01 2.533925E-01
8.419492E-01 2.804204E-01
8.514271E-01 3.907614E-01
7.920182E-01 6.969111E-01
8.001733E-01 6.968762E-01
8.440532E-01 1.112488E+00
8.537848E-01 1.001681E+00
9.224020E-01 1.139550E+00
9.930343E-01 5.458425E-01
9.096046E-01 6.325749E-01
9.400901E-01 6.752417E-01
8.780743E-01 6.948085E-01
8.421847E-01 6.962076E-01
9.257954E-01 4.435910E-01
8.690934E-01 5.079162E-01
8.676027E-01 5.950384E-01
8.332088E-01 6.971195E-01
9.111036E-01 7.580744E-01
9.402867E-01 7.135776E-01
9.959690E-01 8.459189E-01
8.715018E-01 8.844325E-01
8.696184E-01 7.971772E-01
9.285711E-01 9.487110E-01
</DataArray>
<DataArray type="Float64" Name="phi" NumberOfComponents="1" format="ascii">
1.000000E+02
9.883886E+01
9.843205E+01
1.000000E+02
9.790603E+01
9.747952E+01
9.838685E+01
1.000000E+02
9.743179E+01
9.697993E+01
9.654623E+01
9.601985E+01
9.558200E+01
9.649818E+01
9.553365E+01
9.502138E+01
9.458041E+01
9.398514E+01
9.354140E+01
9.453207E+01
9.349357E+01
9.291077E+01
9.246446E+01
9.179681E+01
9.134810E+01
9.241771E+01
9.130300E+01
9.064102E+01
9.019011E+01
8.944072E+01
8.898777E+01
9.014723E+01
8.894764E+01
8.819281E+01
8.773799E+01
8.689399E+01
8.643744E+01
8.770107E+01
8.640411E+01
8.554077E+01
8.508259E+01
8.412960E+01
8.366985E+01
8.505315E+01
8.364447E+01
8.265683E+01
8.219555E+01
8.111884E+01
8.065600E+01
8.217430E+01
8.063883E+01
7.951198E+01
7.904750E+01
7.783262E+01
7.736638E+01
7.903427E+01
7.735682E+01
7.607716E+01
7.560898E+01
7.424208E+01
7.377173E+01
7.560270E+01
7.376817E+01
7.232402E+01
7.185118E+01
7.031977E+01
6.984414E+01
7.184960E+01
6.984345E+01
6.822587E+01
6.774734E+01
6.603879E+01
6.555724E+01
6.774630E+01
6.555520E+01
6.375729E+01
6.327241E+01
6.138238E+01
6.089398E+01
6.326892E+01
6.088819E+01
5.891645E+01
5.842438E+01
5.636355E+01
5.586781E+01
5.841552E+01
5.585527E+01
5.372954E+01
5.323032E+01
5.102218E+01
5.051995E+01
5.321386E+01
5.049979E+01
4.825107E+01
4.774668E+01
4.542771E+01
4.492262E+01
4.772369E+01
4.489855E+01
4.256573E+01
4.206226E+01
3.968136E+01
3.918291E+01
4.204000E+01
3.916684E+01
3.679468E+01
3.630600E+01
3.393135E+01
3.345835E+01
3.630172E+01
3.347187E+01
3.112467E+01
3.067527E+01
2.842520E+01
2.801737E+01
3.071302E+01
2.809646E+01
2.596649E+01
2.565776E+01
2.423191E+01
2.399850E+01
2.579483E+01
2.386459E+01
2.413016E+01
2.353034E+01
2.306073E+01
2.201565E+01
2.305541E+01
2.095838E+01
2.015919E+01
1.933763E+01
1.706653E+01
1.634509E+01
1.852284E+01
1.581671E+01
1.421960E+01
1.350383E+01
1.151343E+01
1.080831E+01
1.308615E+01
1.046077E+01
8.832381E+00
8.157000E+00
6.106743E+00
5.466837E+00
7.886652E+00
5.280079E+00
3.193431E+00
2.592327E+00
0.000000E+00
0.000000E+00
2.481461E+00
0.000000E+00
9.837733E+01
1.000000E+02
9.742338E+01
9.837317E+01
1.000000E+02
9.741655E+01
9.648796E+01
9.552253E+01
9.647908E+01
9.551264E+01
9.452100E+01
9.348347E+01
9.451126E+01
9.347509E+01
9.240950E+01
9.129763E+01
9.240374E+01
9.129577E+01
9.014563E+01
8.895067E+01
9.014895E+01
8.896042E+01
8.770954E+01
8.641868E+01
8.772684E+01
8.644450E+01
8.507432E+01
8.367257E+01
8.510944E+01
8.371751E+01
8.220948E+01
8.068108E+01
8.226451E+01
8.074621E+01
7.908337E+01
7.741238E+01
7.915835E+01
7.749671E+01
7.566412E+01
7.383463E+01
7.575702E+01
7.393502E+01
7.191997E+01
6.991637E+01
7.202644E+01
7.002717E+01
6.782030E+01
6.562901E+01
6.793348E+01
6.574248E+01
6.334121E+01
6.095747E+01
6.345272E+01
6.106472E+01
5.848035E+01
5.591455E+01
5.858119E+01
5.600727E+01
5.326698E+01
5.054681E+01
5.335050E+01
5.062083E+01
4.776553E+01
4.493714E+01
4.783061E+01
4.499464E+01
4.207842E+01
3.920937E+01
4.213034E+01
3.925799E+01
3.635362E+01
3.353956E+01
3.640144E+01
3.359294E+01
3.081132E+01
2.829373E+01
3.091123E+01
2.857192E+01
2.603434E+01
2.371901E+01
2.608695E+01
2.340867E+01
2.241084E+01
1.974080E+01
2.163810E+01
1.866268E+01
1.738286E+01
1.509871E+01
1.621840E+01
1.425858E+01
1.257820E+01
1.006295E+01
1.202041E+01
9.637242E+00
7.587726E+00
5.081476E+00
7.259902E+00
4.854560E+00
2.375056E+00
0.000000E+00
2.255995E+00
0.000000E+00
9.836806E+01
1.000000E+02
9.740681E+01
9.836143E+01
1.000000E+02
9.739458E+01
9.646648E+01
9.549879E+01
9.645064E+01
9.548133E+01
9.449765E+01
9.346321E+01
9.448042E+01
9.344798E+01
9.239513E+01
9.129203E+01
9.238370E+01
9.128628E+01
9.015169E+01
8.897123E+01
9.015356E+01
8.898265E+01
8.774722E+01
8.647576E+01
8.777004E+01
8.651169E+01
8.515265E+01
8.377345E+01
8.520311E+01
8.383954E+01
8.233362E+01
8.082858E+01
8.241603E+01
8.092756E+01
7.925374E+01
7.760454E+01
7.936912E+01
7.773568E+01
7.587635E+01
7.406452E+01
7.602219E+01
7.422349E+01
7.216437E+01
7.017135E+01
7.233438E+01
7.034971E+01
6.808131E+01
6.589103E+01
6.826473E+01
6.607566E+01
6.359882E+01
6.120514E+01
6.378046E+01
6.137951E+01
5.871296E+01
5.612793E+01
5.887609E+01
5.627649E+01
5.345834E+01
5.071494E+01
5.358985E+01
5.082771E+01
4.791081E+01
4.506111E+01
4.800366E+01
4.513276E+01
4.218303E+01
3.929595E+01
4.223121E+01
3.931690E+01
3.642387E+01
3.361509E+01
3.642015E+01
3.367498E+01
3.106843E+01
2.870070E+01
3.129109E+01
2.853812E+01
2.579385E+01
2.299764E+01
2.538752E+01
2.286950E+01
2.085808E+01
1.786589E+01
2.023898E+01
1.735246E+01
1.533506E+01
1.341272E+01
1.477216E+01
1.268334E+01
1.145518E+01
9.216664E+00
1.090122E+01
8.822041E+00
6.932373E+00
4.621395E+00
6.627220E+00
4.401493E+00
2.133215E+00
0.000000E+00
2.017375E+00
0.000000E+00
9.835359E+01
1.000000E+02
9.738048E+01
9.834485E+01
1.000000E+02
9.736494E+01
9.643241E+01
9.546113E+01
9.641239E+01
9.543892E+01
9.446035E+01
9.343009E+01
9.443821E+01
9.341025E+01
9.237005E+01
9.127897E+01
9.235473E+01
9.127048E+01
9.015478E+01
8.899465E+01
9.015552E+01
8.900713E+01
8.779506E+01
8.655182E+01
8.782184E+01
8.659545E+01
8.526023E+01
8.391514E+01
8.532307E+01
8.399922E+01
8.251116E+01
8.104274E+01
8.261801E+01
8.117329E+01
7.950431E+01
7.789028E+01
7.965878E+01
7.806818E+01
7.619503E+01
7.441279E+01
7.639514E+01
7.463313E+01
7.253766E+01
7.056373E+01
7.277539E+01
7.081498E+01
6.848540E+01
6.629812E+01
6.874519E+01
6.656040E+01
6.399932E+01
6.158925E+01
6.425727E+01
6.183589E+01
5.907158E+01
5.645340E+01
5.930040E+01
5.665886E+01
5.374477E+01
5.095808E+01
5.392253E+01
5.110468E+01
4.810726E+01
4.520704E+01
4.821963E+01
4.528180E+01
4.227236E+01
3.932208E+01
4.230623E+01
3.933711E+01
3.643681E+01
3.395493E+01
3.669816E+01
3.427638E+01
3.138731E+01
2.836474E+01
3.142806E+01
2.839883E+01
2.534744E+01
2.307570E+01
2.597887E+01
2.313382E+01
1.992034E+01
1.704320E+01
1.982967E+01
1.688251E+01
1.442068E+01
1.213986E+01
1.420413E+01
1.177820E+01
1.036103E+01
8.455612E+00
9.862699E+00
8.103820E+00
6.354281E+00
4.206049E+00
6.113109E+00
4.039115E+00
1.915106E+00
0.000000E+00
1.829188E+00
0.000000E+00
9.833547E+01
1.000000E+02
9.734833E+01
9.832564E+01
1.000000E+02
9.733097E+01
9.639106E+01
9.541529E+01
9.636884E+01
9.539076E+01
9.441465E+01
9.338908E+01
9.439025E+01
9.336720E+01
9.233830E+01
9.126119E+01
9.232131E+01
9.125152E+01
9.015591E+01
8.901989E+01
9.015612E+01
8.903278E+01
8.784984E+01
8.664165E+01
8.787849E+01
8.668942E+01
8.539039E+01
8.409035E+01
8.546078E+01
8.418678E+01
8.273513E+01
8.131790E+01
8.286063E+01
8.147478E+01
7.983154E+01
7.826885E+01
8.002114E+01
7.849137E+01
7.662255E+01
7.488513E+01
7.687699E+01
7.516926E+01
7.304875E+01
7.110516E+01
7.335896E+01
7.143620E+01
6.904619E+01
6.686474E+01
6.939084E+01
6.721378E+01
6.455641E+01
6.212103E+01
6.489915E+01
6.244642E+01
5.956339E+01
5.689287E+01
5.986131E+01
5.715503E+01
5.412219E+01
5.126583E+01
5.434232E+01
5.143935E+01
4.833870E+01
4.535601E+01
4.846235E+01
4.543545E+01
4.234721E+01
3.954399E+01
4.250660E+01
4.014295E+01
3.720378E+01
3.451828E+01
3.761643E+01
3.480920E+01
3.159400E+01
2.894240E+01
3.204686E+01
2.981122E+01
2.653385E+01
2.315739E+01
2.665176E+01
2.323095E+01
1.985836E+01
1.684508E+01
1.995713E+01
1.690388E+01
1.409469E+01
1.156745E+01
1.408365E+01
1.148272E+01
9.466591E+00
7.756173E+00
9.218979E+00
7.437140E+00
5.896533E+00
3.900122E+00
5.696027E+00
3.785386E+00
1.759929E+00
0.000000E+00
1.706287E+00
0.000000E+00
9.831551E+01
1.000000E+02
9.731313E+01
9.830519E+01
1.000000E+02
9.729505E+01
9.634611E+01
9.536581E+01
9.632322E+01
9.534092E+01
9.436560E+01
9.334523E+01
9.434125E+01
9.332378E+01
9.230436E+01
9.124193E+01
9.228801E+01
9.123290E+01
9.015640E+01
8.904572E+01
9.015702E+01
8.905870E+01
8.790730E+01
8.673776E+01
8.793585E+01
8.678574E+01
8.553270E+01
8.428652E+01
8.560464E+01
8.438742E+01
8.299222E+01
8.164162E+01
8.312726E+01
8.181553E+01
8.022554E+01
7.873427E+01
8.044203E+01
7.899543E+01
7.715780E+01
7.548579E+01
7.746378E+01
7.583467E+01
7.370727E+01
7.181025E+01
7.409487E+01
7.222971E+01
6.978199E+01
6.761065E+01
7.022300E+01
6.805907E+01
6.528828E+01
6.281392E+01
6.572706E+01
6.322548E+01
6.019468E+01
5.744437E+01
6.056361E+01
5.775908E+01
5.458068E+01
5.162224E+01
5.483372E+01
5.181124E+01
4.859062E+01
4.557867E+01
4.875246E+01
4.611161E+01
4.310487E+01
4.072795E+01
4.385304E+01
4.125738E+01
3.802903E+01
3.526588E+01
3.854191E+01
3.614091E+01
3.298486E+01
3.014214E+01
3.359696E+01
3.021768E+01
2.671629E+01
2.333455E+01
2.679484E+01
2.345794E+01
2.009154E+01
1.702531E+01
2.024557E+01
1.718403E+01
1.415789E+01
1.150133E+01
1.429488E+01
1.160097E+01
9.123735E+00
7.201731E+00
9.153455E+00
7.089303E+00
5.512244E+00
3.690107E+00
5.365236E+00
3.611842E+00
1.666793E+00
0.000000E+00
1.639487E+00
0.000000E+00
9.829477E+01
1.000000E+02
9.727692E+01
9.828432E+01
1.000000E+02
9.725891E+01
9.630052E+01
9.531653E+01
9.627831E+01
9.529313E+01
9.431775E+01
9.330342E+01
9.429567E+01
9.328470E+01
9.227281E+01
9.122481E+01
9.225918E+01
9.121795E+01
9.015820E+01
8.907168E+01
9.016002E+01
8.908460E+01
8.796381E+01
8.683262E+01
8.799089E+01
8.687777E+01
8.567524E+01
8.448741E+01
8.574339E+01
8.458460E+01
8.326289E+01
8.199310E+01
8.339626E+01
8.217054E+01
8.066707E+01
7.927177E+01
8.089629E+01
7.955910E+01
7.779289E+01
7.621529E+01
7.814195E+01
7.662617E+01
7.452279E+01
7.269723E+01
7.499166E+01
7.321564E+01
7.071783E+01
6.856352E+01
7.127115E+01
6.912941E+01
6.621926E+01
6.368302E+01
6.676926E+01
6.418820E+01
6.096751E+01
5.809597E+01
6.140458E+01
5.845045E+01
5.509695E+01
5.201946E+01
5.537372E+01
5.239820E+01
4.919748E+01
4.699037E+01
5.014453E+01
4.776805E+01
4.450009E+01
4.184497E+01
4.517463E+01
4.261857E+01
3.934421E+01
3.700591E+01
4.037490E+01
3.723403E+01
3.372211E+01
3.028099E+01
3.378102E+01
3.035452E+01
2.689155E+01
2.359325E+01
2.699879E+01
2.373511E+01
2.041066E+01
1.736392E+01
2.058173E+01
1.755496E+01
1.447194E+01
1.175918E+01
1.467155E+01
1.195428E+01
9.269815E+00
7.099608E+00
9.441270E+00
7.200516E+00
5.283304E+00
3.553899E+00
5.281056E+00
3.525082E+00
1.622592E+00
0.000000E+00
1.615435E+00
0.000000E+00
9.827383E+01
1.000000E+02
9.724118E+01
9.826332E+01
1.000000E+02
9.722391E+01
9.625696E+01
9.527122E+01
9.623689E+01
9.525139E+01
9.427554E+01
9.326805E+01
9.425790E+01
9.325376E+01
9.224736E+01
9.121235E+01
9.223733E+01
9.120776E+01
9.016238E+01
8.909723E+01
9.016492E+01
8.910918E+01
8.801678E+01
8.692073E+01
8.804106E+01
8.696102E+01
8.580825E+01
8.467748E+01
8.586916E+01
8.476493E+01
8.352481E+01
8.234392E+01
8.364648E+01
8.250967E+01
8.112457E+01
7.985182E+01
8.134645E+01
8.014300E+01
7.850610E+01
7.706441E+01
7.887838E+01
7.752495E+01
7.550131E+01
7.378780E+01
7.605016E+01
7.441635E+01
7.188850E+01
6.976337E+01
7.257640E+01
7.047352E+01
6.738202E+01
6.474196E+01
6.806302E+01
6.534327E+01
6.187095E+01
5.881907E+01
6.236001E+01
5.923187E+01
5.573855E+01
5.333429E+01
5.659865E+01
5.443178E+01
5.107355E+01
4.853860E+01
5.195626E+01
4.938937E+01
4.596616E+01
4.372620E+01
4.709752E+01
4.430858E+01
4.076091E+01
3.729730E+01
4.083780E+01
3.734233E+01
3.383737E+01
3.043636E+01
3.389905E+01
3.052357E+01
2.711211E+01
2.388007E+01
2.722814E+01
2.402497E+01
2.075477E+01
1.775011E+01
2.092607E+01
1.794360E+01
1.488110E+01
1.216816E+01
1.509119E+01
1.238691E+01
9.643337E+00
7.356319E+00
9.857217E+00
7.538894E+00
5.348353E+00
3.532795E+00
5.461817E+00
3.575870E+00
1.618701E+00
0.000000E+00
1.633222E+00
0.000000E+00
9.825276E+01
1.000000E+02
9.720737E+01
9.824213E+01
1.000000E+02
9.719207E+01
9.621873E+01
9.523436E+01
9.620343E+01
9.522090E+01
9.424319E+01
9.324182E+01
9.423156E+01
9.323179E+01
9.222872E+01
9.120363E+01
9.222083E+01
9.119922E+01
9.016705E+01
8.911989E+01
9.016806E+01
8.912867E+01
8.806321E+01
8.699808E+01
8.808252E+01
8.703119E+01
8.592548E+01
8.484605E+01
8.597636E+01
8.491982E+01
8.375972E+01
8.266486E+01
8.386316E+01
8.280726E+01
8.155672E+01
8.042476E+01
8.175110E+01
8.068927E+01
7.924933E+01
7.799951E+01
7.960733E+01
7.847544E+01
7.663407E+01
7.510309E+01
7.724458E+01
7.584780E+01
7.334256E+01
7.127009E+01
7.419591E+01
7.216595E+01
6.881774E+01
6.598819E+01
6.965146E+01
6.667729E+01
6.288014E+01
5.999890E+01
6.360269E+01
6.136099E+01
5.785534E+01
5.544646E+01
5.903354E+01
5.648737E+01
5.289080E+01
5.052256E+01
5.403833E+01
5.151288E+01
4.788841E+01
4.441464E+01
4.804415E+01
4.445431E+01
4.087734E+01
3.738909E+01
4.091389E+01
3.743792E+01
3.396465E+01
3.061312E+01
3.403201E+01
3.070237E+01
2.734386E+01
2.416669E+01
2.745631E+01
2.430204E+01
2.109189E+01
1.813032E+01
2.124854E+01
1.830566E+01
1.529440E+01
1.260003E+01
1.548470E+01
1.279961E+01
1.006885E+01
7.728130E+00
1.026805E+01
7.910169E+00
5.598024E+00
3.644907E+00
5.738831E+00
3.727651E+00
1.658131E+00
0.000000E+00
1.690439E+00
0.000000E+00
9.823154E+01
1.000000E+02
9.717904E+01
9.822151E+01
1.000000E+02
9.717031E+01
9.619233E+01
9.521160E+01
9.618693E+01
9.520631E+01
9.422262E+01
9.322281E+01
9.421536E+01
9.321384E+01
9.221273E+01
9.119369E+01
9.220357E+01
9.118637E+01
9.016720E+01
8.913482E+01
9.016387E+01
8.913770E+01
8.809825E+01
8.705943E+01
8.810964E+01
8.708187E+01
8.602072E+01
8.498492E+01
8.605728E+01
8.503963E+01
8.395517E+01
8.293471E+01
8.403356E+01
8.304446E+01
8.192615E+01
8.092988E+01
8.207828E+01
8.114097E+01
7.994000E+01
7.893529E+01
8.023627E+01
7.935842E+01
7.786602E+01
7.664568E+01
7.847254E+01
7.748215E+01
7.514622E+01
7.317731E+01
7.620224E+01
7.432376E+01
7.056821E+01
6.747074E+01
7.158688E+01
6.880907E+01
6.498513E+01
6.275570E+01
6.665755E+01
6.412640E+01
6.021591E+01
5.768241E+01
6.149564E+01
5.900393E+01
5.520598E+01
5.174541E+01
5.554385E+01
5.179784E+01
4.808817E+01
4.448452E+01
4.811555E+01
4.451357E+01
4.095061E+01
3.748788E+01
4.098806E+01
3.753759E+01
3.409907E+01
3.078864E+01
3.416346E+01
3.086910E+01
2.756253E+01
2.442781E+01
2.765949E+01
2.454088E+01
2.139249E+01
1.846556E+01
2.152049E+01
1.860653E+01
1.565727E+01
1.297986E+01
1.580833E+01
1.313662E+01
1.044775E+01
8.075873E+00
1.060332E+01
8.219583E+00
5.871895E+00
3.812504E+00
5.989554E+00
3.891292E+00
1.726312E+00
0.000000E+00
1.761909E+00
0.000000E+00
9.821431E+01
1.000000E+02
9.716954E+01
9.821883E+01
1.000000E+02
9.718297E+01
9.618821E+01
9.520423E+01
9.619807E+01
9.520722E+01
9.420897E+01
9.320442E+01
9.420597E+01
9.319742E+01
9.219314E+01
9.117710E+01
9.218434E+01
9.116871E+01
9.015793E+01
8.913713E+01
9.015206E+01
8.913574E+01
8.811640E+01
8.709797E+01
8.812114E+01
8.711021E+01
8.608513E+01
8.508249E+01
8.610640E+01
8.511506E+01
8.409604E+01
8.313317E+01
8.414330E+01
8.320011E+01
8.220290E+01
8.131624E+01
8.229709E+01
8.144967E+01
8.048626E+01
7.972498E+01
8.067949E+01
8.001649E+01
7.902825E+01
7.832397E+01
7.949403E+01
7.910884E+01
7.736866E+01
7.564540E+01
7.863393E+01
7.725378E+01
7.295646E+01
7.079175E+01
7.521673E+01
7.290714E+01
6.830174E+01
6.554719E+01
6.997306E+01
6.715382E+01
6.295627E+01
5.947276E+01
6.357981E+01
5.955076E+01
5.560789E+01
5.182554E+01
5.563824E+01
5.185096E+01
4.814105E+01
4.454321E+01
4.816699E+01
4.457251E+01
4.102531E+01
3.758491E+01
4.106025E+01
3.762724E+01
3.422253E+01
3.094090E+01
3.427353E+01
3.100131E+01
2.774433E+01
2.463840E+01
2.781440E+01
2.471785E+01
2.162969E+01
1.872573E+01
2.171771E+01
1.882095E+01
1.593503E+01
1.326710E+01
1.603538E+01
1.336956E+01
1.073195E+01
8.338143E+00
1.083216E+01
8.430045E+00
6.087536E+00
3.958891E+00
6.163700E+00
4.012334E+00
1.793989E+00
0.000000E+00
1.820183E+00
0.000000E+00
9.826947E+01
1.000000E+02
9.723395E+01
9.851406E+01
1.000000E+02
9.747938E+01
9.623916E+01
9.523859E+01
9.646891E+01
9.545533E+01
9.422987E+01
9.321623E+01
9.443703E+01
9.341634E+01
9.220025E+01
9.118378E+01
9.239488E+01
9.137395E+01
9.016849E+01
8.915571E+01
9.035604E+01
8.934417E+01
8.814622E+01
8.714100E+01
8.833876E+01
8.733768E+01
8.614336E+01
8.515925E+01
8.634317E+01
8.536211E+01
8.419655E+01
8.326520E+01
8.440279E+01
8.347523E+01
8.237849E+01
8.155477E+01
8.259302E+01
8.177491E+01
8.082162E+01
8.022434E+01
8.104860E+01
8.046548E+01
7.983460E+01
7.974681E+01
8.011582E+01
8.016777E+01
7.991964E+01
7.962040E+01
8.099782E+01
8.286326E+01
7.822761E+01
7.506820E+01
8.176304E+01
7.711127E+01
7.175435E+01
6.794511E+01
7.270194E+01
6.804825E+01
6.367334E+01
5.958497E+01
6.370979E+01
5.961413E+01
5.566576E+01
5.187613E+01
5.569064E+01
5.189825E+01
4.819191E+01
4.459914E+01
4.821286E+01
4.462034E+01
4.109026E+01
3.766197E+01
4.111285E+01
3.768683E+01
3.431393E+01
3.104797E+01
3.434170E+01
3.107901E+01
2.786750E+01
2.477720E+01
2.790195E+01
2.481492E+01
2.178271E+01
1.889055E+01
2.182333E+01
1.893340E+01
1.610802E+01
1.344301E+01
1.615210E+01
1.348690E+01
1.090329E+01
8.494725E+00
1.094509E+01
8.532051E+00
6.217097E+00
4.049988E+00
6.247338E+00
4.070957E+00
1.838925E+00
0.000000E+00
1.849230E+00
0.000000E+00
7.280194E+01
7.808062E+01
6.808040E+01
7.274219E+01
7.713200E+01
6.808669E+01
6.373495E+01
5.963501E+01
6.374286E+01
5.964299E+01
5.570838E+01
5.191388E+01
5.571630E+01
5.192131E+01
4.822718E+01
4.463396E+01
4.823370E+01
4.463916E+01
4.112624E+01
3.770033E+01
4.112977E+01
3.770190E+01
3.435551E+01
3.109327E+01
3.435492E+01
3.109036E+01
2.791669E+01
2.483009E+01
2.791138E+01
2.482237E+01
2.183876E+01
1.894882E+01
2.182869E+01
1.893653E+01
1.616711E+01
1.350094E+01
1.615280E+01
1.348492E+01
1.095746E+01
8.541971E+00
1.094022E+01
8.524313E+00
6.254212E+00
4.074726E+00
6.237480E+00
4.060970E+00
1.850514E+00
0.000000E+00
1.842496E+00
0.000000E+00
1.000000E+02
9.853969E+01
9.829344E+01
1.000000E+02
9.752996E+01
9.728110E+01
9.824032E+01
1.000000E+02
9.722535E+01
9.654467E+01
9.630879E+01
9.555660E+01
9.532957E+01
9.626035E+01
9.528787E+01
9.456263E+01
9.433972E+01
9.356118E+01
9.334050E+01
9.430250E+01
9.330610E+01
9.255234E+01
9.233311E+01
9.153700E+01
9.131870E+01
9.230047E+01
9.128696E+01
9.051581E+01
9.029816E+01
8.948850E+01
8.927238E+01
9.026675E+01
8.924134E+01
8.845603E+01
8.824359E+01
8.742463E+01
8.721686E+01
8.821336E+01
8.718726E+01
8.640324E+01
8.619948E+01
8.540025E+01
8.519964E+01
8.616917E+01
8.516644E+01
8.442451E+01
8.422647E+01
8.348735E+01
8.329130E+01
8.418759E+01
8.324275E+01
8.260498E+01
8.240893E+01
8.180008E+01
8.159886E+01
8.234445E+01
8.150850E+01
8.110245E+01
8.088765E+01
8.055191E+01
8.031565E+01
8.075550E+01
8.011261E+01
8.022837E+01
7.995009E+01
8.030439E+01
7.988458E+01
7.961024E+01
7.924233E+01
8.115748E+01
8.006986E+01
8.302946E+01
7.977210E+01
7.877437E+01
7.737901E+01
8.184905E+01
7.834820E+01
7.514495E+01
7.535736E+01
7.301250E+01
7.179748E+01
6.801270E+01
7.005123E+01
6.721268E+01
6.373653E+01
5.964122E+01
6.366537E+01
5.963176E+01
5.571623E+01
5.192176E+01
5.571204E+01
5.191827E+01
4.823329E+01
4.463663E+01
4.822840E+01
4.462838E+01
4.112403E+01
3.769209E+01
4.111075E+01
3.767240E+01
3.434039E+01
3.107068E+01
3.431326E+01
3.103545E+01
2.788637E+01
2.479206E+01
2.784273E+01
2.474008E+01
2.179334E+01
1.889664E+01
2.173346E+01
1.882972E+01
1.610917E+01
1.343870E+01
1.603650E+01
1.336223E+01
1.089308E+01
8.478705E+00
1.081571E+01
8.404618E+00
6.196793E+00
4.029493E+00
6.131717E+00
3.980256E+00
1.825173E+00
0.000000E+00
1.798869E+00
0.000000E+00
9.823348E+01
1.000000E+02
9.720749E+01
9.823869E+01
1.000000E+02
9.720438E+01
9.624393E+01
9.527617E+01
9.623698E+01
9.527090E+01
9.429484E+01
9.330108E+01
9.429247E+01
9.330081E+01
9.229674E+01
9.128337E+01
9.229726E+01
9.128332E+01
9.026239E+01
8.923565E+01
9.026058E+01
8.923099E+01
8.820585E+01
8.717693E+01
8.819714E+01
8.716247E+01
8.615405E+01
8.514349E+01
8.613123E+01
8.510850E+01
8.415249E+01
8.318941E+01
8.409994E+01
8.311173E+01
8.226386E+01
8.138694E+01
8.215027E+01
8.122142E+01
8.057083E+01
7.982571E+01
8.032823E+01
7.946353E+01
7.914509E+01
7.845385E+01
7.859053E+01
7.761021E+01
7.750299E+01
7.576618E+01
7.633404E+01
7.444750E+01
7.308092E+01
7.092395E+01
7.169525E+01
6.894960E+01
6.840613E+01
6.562977E+01
6.678540E+01
6.423466E+01
6.302997E+01
5.957307E+01
6.158247E+01
5.909278E+01
5.570321E+01
5.191338E+01
5.565676E+01
5.190494E+01
4.822177E+01
4.461708E+01
4.821481E+01
4.460501E+01
4.109240E+01
3.764510E+01
4.107157E+01
3.761287E+01
3.427562E+01
3.098657E+01
3.423008E+01
3.092652E+01
2.778220E+01
2.466799E+01
2.770710E+01
2.457794E+01
2.165040E+01
1.873681E+01
2.154611E+01
1.861961E+01
1.593550E+01
1.325580E+01
1.580748E+01
1.312022E+01
1.070790E+01
8.301559E+00
1.056995E+01
8.169460E+00
6.041904E+00
3.913558E+00
5.927502E+00
3.830454E+00
1.764380E+00
0.000000E+00
1.723249E+00
0.000000E+00
9.824703E+01
1.000000E+02
9.720980E+01
9.825621E+01
1.000000E+02
9.722008E+01
9.623757E+01
9.527004E+01
9.624468E+01
9.527429E+01
9.429252E+01
9.330195E+01
9.429559E+01
9.330461E+01
9.229851E+01
9.128333E+01
9.230032E+01
9.128311E+01
9.025791E+01
8.922414E+01
9.025413E+01
8.921499E+01
8.818436E+01
8.714144E+01
8.816767E+01
8.711445E+01
8.609879E+01
8.506019E+01
8.605783E+01
8.500034E+01
8.402965E+01
8.301099E+01
8.394425E+01
8.289091E+01
8.200715E+01
8.101843E+01
8.183953E+01
8.078456E+01
8.003830E+01
7.904443E+01
7.971103E+01
7.858820E+01
7.798550E+01
7.677319E+01
7.736585E+01
7.597576E+01
7.527714E+01
7.330388E+01
7.432717E+01
7.229523E+01
7.068283E+01
6.758550E+01
6.977325E+01
6.679030E+01
6.513661E+01
6.288478E+01
6.373543E+01
6.151559E+01
6.033051E+01
5.777437E+01
5.916687E+01
5.660820E+01
5.531103E+01
5.186882E+01
5.413517E+01
5.163340E+01
4.820515E+01
4.459313E+01
4.817688E+01
4.457973E+01
4.105042E+01
3.757834E+01
4.102998E+01
3.754377E+01
3.417947E+01
3.085816E+01
3.412660E+01
3.078453E+01
2.762023E+01
2.447262E+01
2.752470E+01
2.435517E+01
2.142316E+01
1.848051E+01
2.128468E+01
1.832269E+01
1.565459E+01
1.295725E+01
1.547997E+01
1.276992E+01
1.040314E+01
8.009297E+00
1.021030E+01
7.823957E+00
5.789921E+00
3.733572E+00
5.633058E+00
3.628416E+00
1.678154E+00
0.000000E+00
1.633165E+00
0.000000E+00
9.826568E+01
1.000000E+02
9.723311E+01
9.827531E+01
1.000000E+02
9.724781E+01
9.625670E+01
9.528362E+01
9.627220E+01
9.529732E+01
9.430248E+01
9.330958E+01
9.431338E+01
9.331750E+01
9.230322E+01
9.128301E+01
9.230788E+01
9.128362E+01
9.024954E+01
8.920396E+01
9.024467E+01
8.919159E+01
8.814773E+01
8.708248E+01
8.812522E+01
8.704646E+01
8.600978E+01
8.493090E+01
8.595588E+01
8.485340E+01
8.384626E+01
8.275460E+01
8.373755E+01
8.260445E+01
8.165130E+01
8.052568E+01
8.144614E+01
8.024866E+01
7.935766E+01
7.811557E+01
7.899070E+01
7.764409E+01
7.675737E+01
7.523220E+01
7.617566E+01
7.454712E+01
7.347500E+01
7.140220E+01
7.271059E+01
7.060854E+01
6.894566E+01
6.610947E+01
6.819610E+01
6.547241E+01
6.299789E+01
6.015258E+01
6.248474E+01
5.935995E+01
5.801097E+01
5.558507E+01
5.677048E+01
5.459021E+01
5.301829E+01
5.062493E+01
5.210174E+01
4.952224E+01
4.802409E+01
4.455552E+01
4.720768E+01
4.445741E+01
4.100961E+01
3.751061E+01
4.098560E+01
3.747979E+01
3.407397E+01
3.070863E+01
3.402375E+01
3.063336E+01
2.742377E+01
2.422901E+01
2.732070E+01
2.409772E+01
2.113433E+01
1.815007E+01
2.097610E+01
1.796731E+01
1.528791E+01
1.256289E+01
1.508397E+01
1.234285E+01
9.996510E+00
7.619264E+00
9.769773E+00
7.405184E+00
5.464953E+00
3.525284E+00
5.299709E+00
3.439508E+00
1.593623E+00
0.000000E+00
1.565515E+00
0.000000E+00
9.828507E+01
1.000000E+02
9.726361E+01
9.829497E+01
1.000000E+02
9.728018E+01
9.629015E+01
9.531449E+01
9.630982E+01
9.533430E+01
9.432799E+01
9.332860E+01
9.434573E+01
9.334276E+01
9.231482E+01
9.128550E+01
9.232425E+01
9.128903E+01
9.024006E+01
8.917844E+01
9.023616E+01
8.916498E+01
8.810079E+01
8.700715E+01
8.807493E+01
8.696513E+01
8.589706E+01
8.476900E+01
8.583402E+01
8.467872E+01
8.361967E+01
8.244291E+01
8.349431E+01
8.227308E+01
8.122855E+01
7.996151E+01
8.100390E+01
7.967225E+01
7.862193E+01
7.718643E+01
7.826091E+01
7.675093E+01
7.562914E+01
7.392058E+01
7.512189E+01
7.335067E+01
7.202485E+01
6.990140E+01
7.140994E+01
6.927059E+01
6.751974E+01
6.487779E+01
6.691135E+01
6.433004E+01
6.200407E+01
5.895037E+01
6.154547E+01
5.859022E+01
5.588381E+01
5.351764E+01
5.551431E+01
5.256545E+01
5.123696E+01
4.869200E+01
5.033432E+01
4.793812E+01
4.610409E+01
4.384880E+01
4.533556E+01
4.275699E+01
4.092024E+01
3.745092E+01
4.051375E+01
3.740184E+01
3.397824E+01
3.056156E+01
3.393894E+01
3.049645E+01
2.721870E+01
2.396485E+01
2.712102E+01
2.383380E+01
2.081416E+01
1.777968E+01
2.065264E+01
1.759288E+01
1.487506E+01
1.211895E+01
1.466964E+01
1.190347E+01
9.541881E+00
7.197273E+00
9.329345E+00
7.018609E+00
5.159717E+00
3.389376E+00
5.076751E+00
3.389497E+00
1.553038E+00
0.000000E+00
1.556023E+00
0.000000E+00
9.830497E+01
1.000000E+02
9.729728E+01
9.831503E+01
1.000000E+02
9.731471E+01
9.633071E+01
9.535606E+01
9.635240E+01
9.537917E+01
9.436596E+01
9.335956E+01
9.438803E+01
9.337844E+01
9.233605E+01
9.129433E+01
9.234988E+01
9.130127E+01
9.023322E+01
8.915154E+01
9.023127E+01
8.913827E+01
8.804801E+01
8.692088E+01
8.802033E+01
8.687487E+01
8.576749E+01
8.458378E+01
8.569834E+01
8.448574E+01
8.336366E+01
8.209867E+01
8.323038E+01
8.192368E+01
8.077780E+01
7.938797E+01
8.055546E+01
7.911431E+01
7.791470E+01
7.634267E+01
7.758819E+01
7.596454E+01
7.465546E+01
7.283467E+01
7.422998E+01
7.236963E+01
7.085924E+01
6.870790E+01
7.036714E+01
6.820669E+01
6.636555E+01
6.383036E+01
6.587739E+01
6.337793E+01
6.111540E+01
5.824427E+01
6.071786E+01
5.791511E+01
5.524589E+01
5.217256E+01
5.499174E+01
5.197197E+01
4.938848E+01
4.718509E+01
4.892240E+01
4.632437E+01
4.467836E+01
4.201454E+01
4.405457E+01
4.144639E+01
3.948198E+01
3.716442E+01
3.872005E+01
3.627910E+01
3.389618E+01
3.044101E+01
3.377488E+01
3.039591E+01
2.703121E+01
2.370789E+01
2.695357E+01
2.359048E+01
2.049547E+01
1.741317E+01
2.034656E+01
1.724790E+01
1.447831E+01
1.171298E+01
1.431545E+01
1.156937E+01
9.154162E+00
6.902485E+00
9.043888E+00
6.894407E+00
5.085890E+00
3.439878E+00
5.202525E+00
3.525228E+00
1.571248E+00
0.000000E+00
1.596368E+00
0.000000E+00
9.832509E+01
1.000000E+02
9.733227E+01
9.833502E+01
1.000000E+02
9.734971E+01
9.637451E+01
9.540310E+01
9.639667E+01
9.542733E+01
9.441129E+01
9.339880E+01
9.443515E+01
9.341996E+01
9.236521E+01
9.130950E+01
9.238144E+01
9.131854E+01
9.023015E+01
8.912519E+01
9.022957E+01
8.911227E+01
8.799213E+01
8.682772E+01
8.796372E+01
8.678017E+01
8.562769E+01
8.438653E+01
8.555693E+01
8.428830E+01
8.309737E+01
8.175202E+01
8.296754E+01
8.158715E+01
8.034134E+01
7.885557E+01
8.013903E+01
7.861483E+01
7.728461E+01
7.561805E+01
7.700601E+01
7.530378E+01
7.384478E+01
7.195268E+01
7.349880E+01
7.158111E+01
6.992889E+01
6.776148E+01
6.954048E+01
6.736776E+01
6.544251E+01
6.297114E+01
6.505710E+01
6.260810E+01
6.035474E+01
5.760738E+01
6.002671E+01
5.732439E+01
5.474699E+01
5.179238E+01
5.451616E+01
5.161837E+01
4.876582E+01
4.577109E+01
4.864734E+01
4.562860E+01
4.333543E+01
4.093881E+01
4.272792E+01
4.038692E+01
3.822952E+01
3.544825E+01
3.783825E+01
3.502070E+01
3.313141E+01
3.033434E+01
3.222497E+01
2.997856E+01
2.689543E+01
2.348660E+01
2.685084E+01
2.340389E+01
2.021055E+01
1.710754E+01
2.009558E+01
1.701007E+01
1.420180E+01
1.149825E+01
1.416520E+01
1.152126E+01
9.031608E+00
7.035819E+00
9.153840E+00
7.331061E+00
5.403653E+00
3.628851E+00
5.640452E+00
3.744948E+00
1.631604E+00
0.000000E+00
1.678946E+00
0.000000E+00
9.834472E+01
1.000000E+02
9.736679E+01
9.835400E+01
1.000000E+02
9.738320E+01
9.641847E+01
9.545135E+01
9.643951E+01
9.547462E+01
9.445897E+01
9.344127E+01
9.448215E+01
9.346206E+01
9.239794E+01
9.132786E+01
9.241406E+01
9.133696E+01
9.022922E+01
8.909951E+01
9.022882E+01
8.908695E+01
8.793549E+01
8.673314E+01
8.790793E+01
8.668762E+01
8.548759E+01
8.419318E+01
8.542119E+01
8.410321E+01
8.284359E+01
8.143199E+01
8.272781E+01
8.128889E+01
7.995129E+01
7.839427E+01
7.978016E+01
7.819535E+01
7.675361E+01
7.502176E+01
7.652805E+01
7.477172E+01
7.319082E+01
7.125248E+01
7.291956E+01
7.096457E+01
6.919849E+01
6.702175E+01
6.890002E+01
6.672029E+01
6.471790E+01
6.228688E+01
6.442208E+01
6.200559E+01
5.973369E+01
5.706799E+01
5.947516E+01
5.683915E+01
5.430280E+01
5.145286E+01
5.410911E+01
5.129870E+01
4.853327E+01
4.555951E+01
4.842256E+01
4.549546E+01
4.256372E+01
3.979834E+01
4.253301E+01
3.958366E+01
3.746157E+01
3.475615E+01
3.698677E+01
3.455256E+01
3.181833E+01
2.910844E+01
3.168745E+01
2.863143E+01
2.673025E+01
2.335057E+01
2.613803E+01
2.334393E+01
2.001796E+01
1.698640E+01
2.001615E+01
1.707676E+01
1.423009E+01
1.165109E+01
1.439733E+01
1.189475E+01
9.437796E+00
7.724603E+00
9.884955E+00
8.133672E+00
5.880192E+00
3.877064E+00
6.123894E+00
4.031830E+00
1.740586E+00
0.000000E+00
1.818065E+00
0.000000E+00
9.836268E+01
1.000000E+02
9.739862E+01
9.837050E+01
1.000000E+02
9.741266E+01
9.645935E+01
9.549660E+01
9.647747E+01
9.551666E+01
9.450403E+01
9.348166E+01
9.452394E+01
9.349941E+01
9.242919E+01
9.134537E+01
9.244276E+01
9.135267E+01
9.022814E+01
8.907470E+01
9.022702E+01
8.906294E+01
8.788157E+01
8.664462E+01
8.785695E+01
8.660504E+01
8.535917E+01
8.402013E+01
8.530277E+01
8.394540E+01
8.262213E+01
8.115965E+01
8.252800E+01
8.104560E+01
7.962714E+01
7.801900E+01
7.949320E+01
7.786576E+01
7.632960E+01
7.455317E+01
7.615824E+01
7.436548E+01
7.268377E+01
7.071545E+01
7.248224E+01
7.050337E+01
6.864260E+01
6.646069E+01
6.842409E+01
6.624066E+01
6.416718E+01
6.176246E+01
6.395108E+01
6.155585E+01
5.925036E+01
5.663824E+01
5.905841E+01
5.646531E+01
5.393653E+01
5.115802E+01
5.378600E+01
5.103251E+01
4.831710E+01
4.542901E+01
4.821892E+01
4.536097E+01
4.250919E+01
3.957747E+01
4.247556E+01
3.958135E+01
3.672290E+01
3.428035E+01
3.671108E+01
3.401376E+01
3.169050E+01
2.865066E+01
3.165549E+01
2.888771E+01
2.556537E+01
2.326607E+01
2.570773E+01
2.307831E+01
2.015069E+01
1.729883E+01
2.053675E+01
1.765187E+01
1.465506E+01
1.227340E+01
1.502172E+01
1.283465E+01
1.044220E+01
8.524283E+00
1.103318E+01
8.915784E+00
6.386509E+00
4.214227E+00
6.678971E+00
4.425579E+00
1.912553E+00
0.000000E+00
2.024089E+00
0.000000E+00
9.837713E+01
1.000000E+02
9.742487E+01
9.838226E+01
1.000000E+02
9.743464E+01
9.649327E+01
9.553405E+01
9.650588E+01
9.554787E+01
9.454110E+01
9.351458E+01
9.455468E+01
9.352644E+01
9.245416E+01
9.135846E+01
9.246278E+01
9.136227E+01
9.022528E+01
8.905176E+01
9.022268E+01
8.904117E+01
8.783449E+01
8.656960E+01
8.781442E+01
8.653875E+01
8.525292E+01
8.388004E+01
8.521021E+01
8.382470E+01
8.244644E+01
8.094758E+01
8.237803E+01
8.086599E+01
7.937888E+01
7.773579E+01
7.928437E+01
7.762893E+01
7.601369E+01
7.420791E+01
7.589544E+01
7.407961E+01
7.231378E+01
7.032673E+01
7.217719E+01
7.018404E+01
6.824259E+01
6.605818E+01
6.809641E+01
6.591147E+01
6.377187E+01
6.138421E+01
6.362783E+01
6.124609E+01
5.889834E+01
5.632011E+01
5.876912E+01
5.620221E+01
5.365812E+01
5.092355E+01
5.355317E+01
5.083230E+01
4.813002E+01
4.529344E+01
4.805246E+01
4.522913E+01
4.243185E+01
3.956562E+01
4.238061E+01
3.952824E+01
3.672027E+01
3.394943E+01
3.669710E+01
3.392155E+01
3.146415E+01
2.910757E+01
3.128720E+01
2.900177E+01
2.619323E+01
2.333278E+01
2.651295E+01
2.382216E+01
2.121113E+01
1.818870E+01
2.202345E+01
1.900829E+01
1.558786E+01
1.360103E+01
1.649099E+01
1.449722E+01
1.162226E+01
9.331168E+00
1.221206E+01
9.771576E+00
7.003608E+00
4.662368E+00
7.351499E+00
4.913587E+00
2.150303E+00
0.000000E+00
2.284642E+00
0.000000E+00
9.838651E+01
1.000000E+02
9.744156E+01
9.839618E+01
1.000000E+02
9.745017E+01
9.651481E+01
9.555779E+01
9.652508E+01
9.556899E+01
9.456442E+01
9.353483E+01
9.457549E+01
9.354500E+01
9.246857E+01
9.136420E+01
9.247679E+01
9.136968E+01
9.021947E+01
8.903161E+01
9.022115E+01
8.902874E+01
8.779736E+01
8.651324E+01
8.778906E+01
8.649895E+01
8.517548E+01
8.378023E+01
8.515458E+01
8.375251E+01
8.232354E+01
8.080148E+01
8.228872E+01
8.075972E+01
7.921007E+01
7.754538E+01
7.916146E+01
7.749042E+01
7.580340E+01
7.398020E+01
7.574260E+01
7.391453E+01
7.207183E+01
7.007447E+01
7.200231E+01
7.000259E+01
6.798459E+01
6.579951E+01
6.791166E+01
6.572689E+01
6.351797E+01
6.114068E+01
6.344687E+01
6.107281E+01
5.867028E+01
5.611165E+01
5.860689E+01
5.605398E+01
5.347183E+01
5.076032E+01
5.342022E+01
5.071470E+01
4.798894E+01
4.517226E+01
4.794787E+01
4.513343E+01
4.232774E+01
3.947635E+01
4.228705E+01
3.942857E+01
3.664256E+01
3.385546E+01
3.658078E+01
3.377157E+01
3.115999E+01
2.868760E+01
3.103594E+01
2.844785E+01
2.645772E+01
2.415182E+01
2.618718E+01
2.429346E+01
2.282073E+01
2.010843E+01
2.349972E+01
2.135316E+01
1.770297E+01
1.537609E+01
1.888313E+01
1.611112E+01
1.278951E+01
1.021748E+01
1.331217E+01
1.063497E+01
7.700264E+00
5.159148E+00
8.020033E+00
5.375831E+00
2.415964E+00
0.000000E+00
2.533920E+00
0.000000E+00
9.844156E+01
1.000000E+02
9.749836E+01
9.884811E+01
1.000000E+02
9.792445E+01
9.657300E+01
9.561765E+01
9.700658E+01
9.605507E+01
9.462364E+01
9.359314E+01
9.506450E+01
9.403647E+01
9.252338E+01
9.141511E+01
9.296962E+01
9.186345E+01
9.026390E+01
8.906926E+01
9.071479E+01
8.952190E+01
8.782590E+01
8.653272E+01
8.828075E+01
8.698902E+01
8.518401E+01
8.377839E+01
8.564228E+01
8.423795E+01
8.231003E+01
8.077745E+01
8.277146E+01
8.124018E+01
7.917481E+01
7.750062E+01
7.963951E+01
7.796683E+01
7.574911E+01
7.391885E+01
7.621758E+01
7.438926E+01
7.200433E+01
7.000431E+01
7.247757E+01
7.048009E+01
6.791331E+01
6.573014E+01
6.839232E+01
6.621185E+01
6.345095E+01
6.107994E+01
6.393647E+01
6.156862E+01
5.861649E+01
5.606800E+01
5.910933E+01
5.656414E+01
5.343745E+01
5.073617E+01
5.393754E+01
5.123882E+01
4.797105E+01
4.515755E+01
4.847615E+01
4.566252E+01
4.230699E+01
3.944033E+01
4.281005E+01
3.993657E+01
3.657604E+01
3.374445E+01
3.706081E+01
3.421030E+01
3.097800E+01
2.834229E+01
3.141754E+01
2.873577E+01
2.601846E+01
2.442092E+01
2.630327E+01
2.463145E+01
2.400961E+01
2.244227E+01
2.463413E+01
2.349933E+01
1.970793E+01
1.664283E+01
2.052483E+01
1.736025E+01
1.373859E+01
1.099790E+01
1.445670E+01
1.171113E+01
8.306520E+00
5.577587E+00
8.991841E+00
6.226517E+00
2.654838E+00
0.000000E+00
3.265136E+00
0.000000E+00
9.893774E+01
9.940972E+01
1.000000E+02
9.889702E+01
9.798216E+01
9.838693E+01
9.787617E+01
1.000000E+02
9.942274E+01
9.895093E+01
9.892286E+01
9.842545E+01
9.802032E+01
9.792734E+01
9.698098E+01
9.736955E+01
9.685833E+01
9.596642E+01
9.634944E+01
9.583830E+01
9.743349E+01
9.704408E+01
9.693528E+01
9.643965E+01
9.605493E+01
9.594200E+01
9.494792E+01
9.532732E+01
9.481508E+01
9.392723E+01
9.430282E+01
9.379039E+01
9.544487E+01
9.506171E+01
9.494652E+01
9.444696E+01
9.406327E+01
9.394521E+01
9.290572E+01
9.327784E+01
9.276552E+01
9.188429E+01
9.225320E+01
9.174075E+01
9.344198E+01
9.305774E+01
9.293706E+01
9.243061E+01
9.204543E+01
9.192297E+01
9.086439E+01
9.122852E+01
9.071734E+01
8.984924E+01
9.020768E+01
8.970052E+01
9.141411E+01
9.102718E+01
9.090362E+01
9.039167E+01
9.000291E+01
8.987811E+01
8.884084E+01
8.919663E+01
8.869479E+01
8.783761E+01
8.819418E+01
8.769556E+01
8.936202E+01
8.897265E+01
8.884430E+01
8.832655E+01
8.793965E+01
8.780970E+01
8.683930E+01
8.719820E+01
8.670197E+01
8.585039E+01
8.620904E+01
8.572091E+01
8.729507E+01
8.691210E+01
8.678456E+01
8.627860E+01
8.589897E+01
8.577785E+01
8.487917E+01
8.523799E+01
8.476154E+01
8.393429E+01
8.429327E+01
8.383422E+01
8.528386E+01
8.490832E+01
8.479786E+01
8.432100E+01
8.395020E+01
8.385540E+01
8.302741E+01
8.338653E+01
8.295229E+01
8.217446E+01
8.253365E+01
8.213378E+01
8.340271E+01
8.303811E+01
8.296500E+01
8.254611E+01
8.219102E+01
8.215073E+01
8.139781E+01
8.175497E+01
8.140215E+01
8.073435E+01
8.108194E+01
8.080505E+01
8.178219E+01
8.143576E+01
8.144595E+01
8.114664E+01
8.080505E+01
8.088849E+01
8.025380E+01
8.058400E+01
8.043074E+01
8.068158E+01
8.035388E+01
8.054010E+01
9.965649E+01
1.001015E+02
1.000000E+02
9.984594E+01
1.007795E+02
1.000000E+02
1.005315E+02
9.914505E+01
9.957806E+01
9.932212E+01
1.002550E+02
1.000012E+02
9.864824E+01
9.906320E+01
9.879890E+01
9.974440E+01
9.947355E+01
9.813112E+01
9.853900E+01
9.828296E+01
9.921649E+01
9.896371E+01
1.001085E+02
1.000000E+02
9.985941E+01
9.966309E+01
9.959819E+01
9.934895E+01
9.916452E+01
9.909666E+01
9.883897E+01
9.868042E+01
9.858565E+01
9.833616E+01
9.817595E+01
9.762432E+01
9.802847E+01
9.777174E+01
9.871324E+01
9.845710E+01
9.711351E+01
9.751413E+01
9.725786E+01
9.820248E+01
9.795048E+01
9.660425E+01
9.700266E+01
9.674685E+01
9.769937E+01
9.744711E+01
9.609380E+01
9.649043E+01
9.623425E+01
9.719471E+01
9.694324E+01
9.808823E+01
9.783810E+01
9.768185E+01
9.758716E+01
9.733760E+01
9.718392E+01
9.708918E+01
9.684023E+01
9.668780E+01
9.659073E+01
9.634153E+01
9.619072E+01
9.558301E+01
9.597833E+01
9.572207E+01
9.669198E+01
9.644047E+01
9.507123E+01
9.546541E+01
9.520860E+01
9.618887E+01
9.593761E+01
9.455897E+01
9.495163E+01
9.469475E+01
9.568700E+01
9.543572E+01
9.404662E+01
9.443799E+01
9.418121E+01
9.518412E+01
9.493265E+01
9.609270E+01
9.584371E+01
9.569358E+01
9.559454E+01
9.534553E+01
9.519577E+01
9.509689E+01
9.484749E+01
9.469703E+01
9.459725E+01
9.434668E+01
9.419628E+01
9.353413E+01
9.392437E+01
9.366755E+01
9.468133E+01
9.443022E+01
9.302165E+01
9.341099E+01
9.315466E+01
9.417945E+01
9.392901E+01
9.250937E+01
9.289821E+01
9.264182E+01
9.367875E+01
9.342884E+01
9.199699E+01
9.238535E+01
9.212870E+01
9.317932E+01
9.293025E+01
9.409590E+01
9.384481E+01
9.369380E+01
9.359334E+01
9.334148E+01
9.318973E+01
9.308928E+01
9.283680E+01
9.268401E+01
9.258413E+01
9.233130E+01
9.217693E+01
9.148455E+01
9.187197E+01
9.161524E+01
9.268177E+01
9.243404E+01
9.097275E+01
9.135861E+01
9.110213E+01
9.218718E+01
9.194125E+01
9.046229E+01
9.084581E+01
9.058965E+01
9.169629E+01
9.145257E+01
8.995369E+01
9.033411E+01
9.007982E+01
9.121060E+01
9.097028E+01
9.207826E+01
9.182494E+01
9.166872E+01
9.157118E+01
9.131690E+01
9.115909E+01
9.106221E+01
9.080754E+01
9.064777E+01
9.055259E+01
9.029660E+01
9.013519E+01
8.944821E+01
8.982694E+01
8.957528E+01
9.073094E+01
9.049157E+01
8.894556E+01
8.932441E+01
8.907386E+01
9.025117E+01
9.000913E+01
8.844428E+01
8.882348E+01
8.857372E+01
8.976551E+01
8.952120E+01
8.794463E+01
8.832516E+01
8.807762E+01
8.927668E+01
8.903115E+01
9.003961E+01
8.978174E+01
8.962035E+01
8.952317E+01
8.926418E+01
8.910327E+01
8.900512E+01
8.874632E+01
8.858534E+01
8.848749E+01
8.822851E+01
8.806798E+01
8.744680E+01
8.783067E+01
8.758349E+01
8.878412E+01
8.853493E+01
8.694983E+01
8.733544E+01
8.708756E+01
8.828310E+01
8.803125E+01
8.645496E+01
8.684049E+01
8.659470E+01
8.778026E+01
8.753054E+01
8.596435E+01
8.635029E+01
8.610712E+01
8.728180E+01
8.703380E+01
8.796970E+01
8.771181E+01
8.755196E+01
8.745535E+01
8.720011E+01
8.703926E+01
8.694600E+01
8.669296E+01
8.653100E+01
8.644105E+01
8.619057E+01
8.602748E+01
8.547875E+01
8.586516E+01
8.562451E+01
8.678677E+01
8.654098E+01
8.499883E+01
8.538537E+01
8.514826E+01
8.629686E+01
8.605504E+01
8.452633E+01
8.491350E+01
8.468090E+01
8.581559E+01
8.557817E+01
8.406248E+01
8.445051E+01
8.422262E+01
8.534325E+01
8.511138E+01
8.594177E+01
8.569488E+01
8.552991E+01
8.545003E+01
8.520724E+01
8.503981E+01
8.496660E+01
8.472852E+01
8.455816E+01
8.449350E+01
8.426159E+01
8.408669E+01
8.360879E+01
8.399760E+01
8.377606E+01
8.488236E+01
8.465722E+01
8.316763E+01
8.355810E+01
8.334365E+01
8.443581E+01
8.421842E+01
8.274081E+01
8.313310E+01
8.292701E+01
8.400587E+01
8.379943E+01
8.233122E+01
8.272601E+01
8.252991E+01
8.360028E+01
8.340654E+01
8.403247E+01
8.380653E+01
8.362733E+01
8.358411E+01
8.336566E+01
8.318181E+01
8.315172E+01
8.294347E+01
8.275283E+01
8.274166E+01
8.254474E+01
8.234537E+01
8.194152E+01
8.233854E+01
8.215250E+01
8.321974E+01
8.304219E+01
8.157488E+01
8.197301E+01
8.180123E+01
8.287525E+01
8.271924E+01
8.123747E+01
8.163687E+01
8.147979E+01
8.257326E+01
8.243488E+01
8.093721E+01
8.133298E+01
8.119937E+01
8.230489E+01
8.218617E+01
8.235377E+01
8.217049E+01
8.196271E+01
8.199608E+01
8.183153E+01
8.160975E+01
8.167830E+01
8.153586E+01
8.129145E+01
8.140286E+01
8.127980E+01
8.101195E+01
8.068686E+01
8.108000E+01
8.097568E+01
8.208023E+01
8.198825E+01
8.116854E+01
8.107098E+01
8.077778E+01
8.007452E+01
8.036084E+01
8.039989E+01
8.048052E+01
8.019887E+01
8.052853E+01
8.049799E+01
8.088750E+01
8.081664E+01
8.191137E+01
8.185054E+01
8.098877E+01
8.092329E+01
8.060166E+01
8.038418E+01
8.076409E+01
8.073010E+01
8.180647E+01
8.177776E+01
8.087568E+01
8.084600E+01
8.049889E+01
8.046498E+01
8.063454E+01
8.132296E+01
8.036362E+01
8.071447E+01
8.071936E+01
8.176290E+01
8.176502E+01
8.077401E+01
8.061447E+01
8.148218E+01
8.083381E+01
8.084128E+01
8.048785E+01
8.048155E+01
8.075548E+01
8.085879E+01
8.179938E+01
8.191975E+01
8.088004E+01
8.098825E+01
8.061497E+01
8.181376E+01
8.280966E+01
8.492343E+01
8.089790E+01
8.110832E+01
8.163263E+01
8.224410E+01
8.293999E+01
8.299231E+01
8.198065E+01
8.510060E+01
8.124861E+01
8.179373E+01
8.104583E+01
8.195864E+01
8.254665E+01
8.380708E+01
8.411143E+01
8.561786E+01
8.273321E+01
8.400849E+01
8.213062E+01
8.319563E+01
8.595552E+01
8.357053E+01
8.384817E+01
8.522172E+01
8.655399E+01
8.715995E+01
8.850652E+01
8.607678E+01
8.332808E+01
8.361481E+01
8.542026E+01
8.673334E+01
8.403433E+01
8.576806E+01
8.753345E+01
8.762677E+01
8.942903E+01
8.907759E+01
8.768186E+01
8.773491E+01
8.592254E+01
7.933987E+01
8.044718E+01
7.783423E+01
8.101204E+01
8.446341E+01
8.511263E+01
8.624872E+01
8.422176E+01
8.643156E+01
8.044829E+01
7.784071E+01
7.938585E+01
8.630739E+01
8.423634E+01
8.519521E+01
</DataArray>
<DataArray type="Float64" Name="P" NumberOfComponents="2" format="ascii">
7.754277E-01 -9.497234E-02
9.667279E-01 -1.164119E-01
9.598033E-01 2.313131E-03
7.734910E-01 -7.043456E-04
9.635606E-01 -1.150070E-01
9.563152E-01 2.740224E-03
9.627937E-01 2.436858E-03
7.722750E-01 1.170394E-03
9.591684E-01 1.896745E-03
9.592787E-01 -1.149951E-01
9.518712E-01 2.636261E-03
9.572090E-01 -1.152827E-01
9.495859E-01 2.604167E-03
9.546064E-01 1.746715E-03
9.521825E-01 1.658506E-03
9.558914E-01 -1.156508E-01
9.481800E-01 2.636634E-03
9.547157E-01 -1.160283E-01
9.469860E-01 2.714617E-03
9.507068E-01 1.658080E-03
9.494963E-01 1.750832E-03
9.534768E-01 -1.163956E-01
9.457559E-01 2.835034E-03
9.520899E-01 -1.167450E-01
9.443865E-01 2.994131E-03
9.482750E-01 1.933859E-03
9.469241E-01 2.197241E-03
9.505083E-01 -1.170724E-01
9.428237E-01 3.183814E-03
9.487061E-01 -1.173751E-01
9.410381E-01 3.392293E-03
9.453817E-01 2.523509E-03
9.436131E-01 2.888959E-03
9.466754E-01 -1.176526E-01
9.390192E-01 3.605542E-03
9.444248E-01 -1.179062E-01
9.367735E-01 3.808684E-03
9.416033E-01 3.265770E-03
9.393561E-01 3.624354E-03
9.419776E-01 -1.181391E-01
9.343233E-01 3.987168E-03
9.393698E-01 -1.183564E-01
9.317042E-01 4.127768E-03
9.368924E-01 3.935619E-03
9.342480E-01 4.172980E-03
9.366472E-01 -1.185644E-01
9.289621E-01 4.219442E-03
9.338618E-01 -1.187704E-01
9.261500E-01 4.254134E-03
9.314707E-01 4.314130E-03
9.286163E-01 4.342611E-03
9.310693E-01 -1.189820E-01
9.233247E-01 4.227486E-03
9.283253E-01 -1.192067E-01
9.205431E-01 4.139576E-03
9.257456E-01 4.249216E-03
9.229199E-01 4.033410E-03
9.256818E-01 -1.194506E-01
9.178587E-01 3.996237E-03
9.231835E-01 -1.197175E-01
9.153183E-01 3.811693E-03
9.201973E-01 3.705721E-03
9.176289E-01 3.291981E-03
9.208622E-01 -1.200075E-01
9.129567E-01 3.611439E-03
9.187355E-01 -1.203195E-01
9.107947E-01 3.431555E-03
9.152559E-01 2.837225E-03
9.131091E-01 2.405040E-03
9.168228E-01 -1.206597E-01
9.088368E-01 3.291494E-03
9.151241E-01 -1.210165E-01
9.070504E-01 3.164624E-03
9.112117E-01 2.037450E-03
9.095527E-01 1.719651E-03
9.135746E-01 -1.213681E-01
9.053993E-01 3.070735E-03
9.121166E-01 -1.217060E-01
9.038483E-01 3.078054E-03
9.080728E-01 1.501937E-03
9.067094E-01 1.492934E-03
9.106728E-01 -1.220092E-01
9.023216E-01 3.233766E-03
9.091389E-01 -1.222532E-01
9.007180E-01 3.575293E-03
9.053858E-01 1.777600E-03
9.040049E-01 2.425463E-03
9.073828E-01 -1.224082E-01
8.989106E-01 4.145470E-03
9.052353E-01 -1.224349E-01
8.967402E-01 5.006730E-03
9.024510E-01 3.513320E-03
9.005880E-01 5.149484E-03
9.024718E-01 -1.222772E-01
8.939988E-01 6.253644E-03
8.987827E-01 -1.218528E-01
8.904096E-01 8.026078E-03
8.982536E-01 7.494535E-03
8.952525E-01 1.077795E-02
8.937551E-01 -1.210453E-01
8.856121E-01 1.050289E-02
8.868744E-01 -1.196978E-01
8.791750E-01 1.383450E-02
8.913618E-01 1.527706E-02
8.863572E-01 2.119581E-02
8.776413E-01 -1.176428E-01
8.707026E-01 1.799359E-02
8.659044E-01 -1.147561E-01
8.600776E-01 2.260465E-02
8.800859E-01 2.843632E-02
8.725207E-01 3.659666E-02
8.522416E-01 -1.108361E-01
8.475860E-01 2.792295E-02
8.362536E-01 -1.038784E-01
8.310698E-01 4.313872E-02
8.629874E-01 4.808329E-02
8.415076E-01 9.192186E-02
8.017163E-01 -8.136296E-02
7.833076E-01 1.227803E-01
6.571184E-01 -1.638728E-02
6.082381E-01 3.112304E-01
7.280831E-01 3.079671E-01
4.900328E-01 5.952496E-01
5.354166E-01 -1.001046E-01
5.134979E-01 -1.775818E-01
7.384198E-01 -1.553383E-01
6.850016E-01 -2.675170E-01
4.769925E-01 -3.645865E-01
6.045398E-01 -4.994254E-01
7.976673E-01 -1.236757E-01
7.858565E-01 -5.305738E-02
7.991890E-01 -1.182876E-01
7.956450E-01 -7.158140E-04
7.773472E-01 -1.557841E-01
8.172043E-01 -1.368687E-02
8.050644E-01 -1.242577E-01
7.995455E-01 -1.328147E-02
8.199771E-01 -1.287824E-01
8.110420E-01 -2.192735E-02
8.199072E-01 -2.310962E-02
8.244049E-01 -4.002005E-02
8.341021E-01 -1.305979E-01
8.238656E-01 -2.145776E-02
8.469382E-01 -1.333002E-01
8.363244E-01 -2.599815E-02
8.324767E-01 -4.121473E-02
8.413666E-01 -4.402617E-02
8.744028E-01 -1.385033E-01
8.610511E-01 -3.032683E-02
1.182578E+00 -2.764856E-01
1.069170E+00 -5.135811E-02
8.632047E-01 -4.844255E-02
1.058987E+00 -6.152757E-02
9.633566E-01 5.514749E-04
7.722695E-01 2.971427E-04
9.598414E-01 -4.582899E-04
9.630896E-01 -4.520580E-04
7.720521E-01 -7.000952E-05
9.598035E-01 -1.569969E-03
9.550973E-01 -9.032380E-04
9.526362E-01 -1.123689E-03
9.551198E-01 -2.377058E-03
9.526642E-01 -2.818515E-03
9.511677E-01 -1.187085E-03
9.499986E-01 -1.094816E-03
9.512338E-01 -2.986175E-03
9.501332E-01 -2.919402E-03
9.488432E-01 -8.559206E-04
9.475720E-01 -4.884149E-04
9.490725E-01 -2.640930E-03
9.479133E-01 -2.178347E-03
9.461127E-01 -1.972387E-05
9.444215E-01 5.141066E-04
9.465725E-01 -1.569220E-03
9.449945E-01 -8.619256E-04
9.424757E-01 1.070703E-03
9.402731E-01 1.604502E-03
9.431456E-01 -1.138629E-04
9.410143E-01 6.121816E-04
9.378307E-01 2.070155E-03
9.351837E-01 2.425786E-03
9.386118E-01 1.252625E-03
9.359706E-01 1.747851E-03
9.323815E-01 2.635862E-03
9.294842E-01 2.673620E-03
9.331419E-01 2.046518E-03
9.301904E-01 2.109125E-03
9.265580E-01 2.523181E-03
9.236705E-01 2.181842E-03
9.271897E-01 1.910979E-03
9.242161E-01 1.445161E-03
9.208870E-01 1.663303E-03
9.182661E-01 1.001617E-03
9.213448E-01 7.261849E-04
9.186453E-01 -2.058584E-04
9.158575E-01 2.538234E-04
9.137006E-01 -5.049129E-04
9.161781E-01 -1.282597E-03
9.139904E-01 -2.410142E-03
9.118188E-01 -1.204314E-03
9.101995E-01 -1.784937E-03
9.121078E-01 -3.478789E-03
9.105227E-01 -4.367923E-03
9.087921E-01 -2.155813E-03
9.075317E-01 -2.194679E-03
9.091932E-01 -4.940098E-03
9.080559E-01 -5.048286E-03
9.063425E-01 -1.789429E-03
9.051368E-01 -8.446456E-04
9.070379E-01 -4.560298E-03
9.060647E-01 -3.367931E-03
9.038197E-01 7.384253E-04
9.022951E-01 3.089867E-03
9.050702E-01 -1.371122E-03
9.040105E-01 1.549616E-03
9.004715E-01 6.396206E-03
8.982727E-01 1.090820E-02
9.028799E-01 5.554886E-03
9.017333E-01 1.083963E-02
8.956610E-01 1.689429E-02
8.926798E-01 2.448984E-02
9.007191E-01 1.756694E-02
9.001014E-01 2.572002E-02
8.894727E-01 3.350570E-02
8.859911E-01 4.421267E-02
9.001839E-01 3.519115E-02
8.998921E-01 4.950210E-02
8.784335E-01 6.741493E-02
8.235626E-01 1.940837E-01
8.804350E-01 1.128937E-01
6.834813E-01 4.585070E-01
5.621040E-01 6.014508E-01
3.992843E-01 7.625267E-01
4.017305E-01 8.187318E-01
3.996082E-01 7.712862E-01
4.757464E-01 -5.510310E-01
5.465373E-01 -6.514009E-01
5.071091E-01 -6.896578E-01
5.374703E-01 -7.172494E-01
7.330204E-01 -3.302618E-01
8.336780E-01 -5.061137E-02
6.686116E-01 -5.087094E-01
8.271793E-01 -1.327821E-01
8.420397E-01 -2.702485E-02
8.395187E-01 -4.758706E-02
8.576507E-01 -3.104597E-02
8.531924E-01 -4.424405E-02
8.402709E-01 -5.359555E-02
8.445795E-01 -5.403401E-02
8.478465E-01 -5.563604E-02
8.475707E-01 -5.711941E-02
8.634823E-01 -5.556936E-02
1.055666E+00 -6.937362E-02
8.637111E-01 -5.711994E-02
1.054748E+00 -6.877255E-02
9.625383E-01 -9.946224E-04
7.716228E-01 -2.095757E-04
9.594219E-01 -2.219094E-03
9.618281E-01 -1.335986E-03
7.710300E-01 -2.862983E-04
9.588485E-01 -2.714733E-03
9.549158E-01 -3.224377E-03
9.525469E-01 -3.881937E-03
9.545119E-01 -3.867255E-03
9.522849E-01 -4.691249E-03
9.511851E-01 -4.187464E-03
9.501743E-01 -4.176956E-03
9.510326E-01 -5.138143E-03
9.501330E-01 -5.208300E-03
9.492293E-01 -3.883884E-03
9.482068E-01 -3.344426E-03
9.493198E-01 -4.927919E-03
9.484518E-01 -4.335529E-03
9.470134E-01 -2.605173E-03
9.455808E-01 -1.725972E-03
9.474290E-01 -3.483362E-03
9.461712E-01 -2.440381E-03
9.438616E-01 -7.790857E-04
9.418319E-01 1.545811E-04
9.446162E-01 -1.292331E-03
9.427245E-01 -1.381310E-04
9.394935E-01 9.912081E-04
9.368740E-01 1.650569E-03
9.404845E-01 9.167636E-04
9.379142E-01 1.768670E-03
9.340244E-01 2.062186E-03
9.310141E-01 2.170428E-03
9.350612E-01 2.324014E-03
9.319975E-01 2.506437E-03
9.279248E-01 1.938541E-03
9.248443E-01 1.352301E-03
9.288132E-01 2.262308E-03
9.256093E-01 1.565375E-03
9.218609E-01 4.242097E-04
9.190585E-01 -8.014773E-04
9.224909E-01 4.219007E-04
9.195606E-01 -1.122506E-03
9.165116E-01 -2.244063E-03
9.142790E-01 -3.784740E-03
9.169118E-01 -2.974653E-03
9.146206E-01 -4.987096E-03
9.123943E-01 -5.270545E-03
9.108575E-01 -6.523505E-03
9.127348E-01 -6.959030E-03
9.112652E-01 -8.650901E-03
9.096340E-01 -7.354310E-03
9.086644E-01 -7.583379E-03
9.101841E-01 -9.814668E-03
9.094359E-01 -1.023339E-02
9.078809E-01 -7.064742E-03
9.072251E-01 -5.695057E-03
9.089591E-01 -9.754730E-03
9.087132E-01 -8.301112E-03
9.066656E-01 -3.399597E-03
9.062171E-01 -1.065034E-04
9.087033E-01 -5.853207E-03
9.090020E-01 -2.422244E-03
9.059615E-01 4.268598E-03
9.060725E-01 9.805894E-03
9.097667E-01 1.963484E-03
9.112539E-01 7.244012E-03
9.068356E-01 1.651764E-02
9.085968E-01 2.434928E-02
9.137860E-01 1.335180E-02
9.174285E-01 2.082465E-02
9.111026E-01 3.448738E-02
9.065541E-01 6.673081E-02
9.188774E-01 3.848255E-02
8.690310E-01 1.658583E-01
7.953305E-01 2.944783E-01
4.532503E-01 7.708816E-01
5.279776E-01 6.756716E-01
3.434168E-01 8.921115E-01
3.452315E-01 8.851594E-01
4.797720E-01 6.101991E-01
3.299429E-01 9.124324E-01
6.585607E-01 2.267307E-01
5.754198E-01 -7.178396E-01
5.604292E-01 -7.245532E-01
6.807965E-01 -6.028827E-01
6.070221E-01 -6.780587E-01
6.228502E-01 -6.168696E-01
7.867483E-01 -2.700170E-01
6.072236E-01 -6.548052E-01
7.255838E-01 -4.218114E-01
8.609589E-01 -5.053726E-02
8.629374E-01 -3.758606E-02
8.467075E-01 -1.040217E-01
8.661627E-01 -3.576687E-02
8.550130E-01 -5.076999E-02
8.508007E-01 -5.520688E-02
8.601193E-01 -4.270423E-02
8.537427E-01 -4.937603E-02
8.644708E-01 -5.458695E-02
1.055259E+00 -6.262007E-02
8.656071E-01 -4.903414E-02
1.056845E+00 -5.373018E-02
9.609984E-01 -1.589772E-03
7.703151E-01 -3.435499E-04
9.581422E-01 -3.149021E-03
9.600624E-01 -1.801825E-03
7.695022E-01 -3.923741E-04
9.573260E-01 -3.547119E-03
9.539490E-01 -4.452658E-03
9.518689E-01 -5.418213E-03
9.532580E-01 -5.010904E-03
9.513081E-01 -6.115052E-03
9.507499E-01 -5.994733E-03
9.499786E-01 -6.157828E-03
9.503195E-01 -6.814059E-03
9.496781E-01 -7.074869E-03
9.493066E-01 -5.914650E-03
9.486020E-01 -5.296557E-03
9.491451E-01 -6.888189E-03
9.486005E-01 -6.272623E-03
9.477645E-01 -4.355637E-03
9.467054E-01 -3.165756E-03
9.479499E-01 -5.274002E-03
9.471034E-01 -3.965403E-03
9.453487E-01 -1.822840E-03
9.436376E-01 -4.417272E-04
9.459753E-01 -2.447266E-03
9.444912E-01 -8.451653E-04
9.415417E-01 8.507663E-04
9.390637E-01 1.925514E-03
9.425978E-01 6.961248E-04
9.402733E-01 2.022226E-03
9.362409E-01 2.661622E-03
9.331434E-01 2.956051E-03
9.375351E-01 2.981201E-03
9.344429E-01 3.436081E-03
9.298681E-01 2.731381E-03
9.265303E-01 1.942216E-03
9.310954E-01 3.276086E-03
9.276216E-01 2.426238E-03
9.232553E-01 5.820608E-04
9.201700E-01 -1.307015E-03
9.241709E-01 8.572617E-04
9.209009E-01 -1.400699E-03
9.173937E-01 -3.621203E-03
9.150274E-01 -6.182039E-03
9.179659E-01 -4.238201E-03
9.155022E-01 -7.444564E-03
9.131404E-01 -8.733907E-03
9.117583E-01 -1.096510E-02
9.136099E-01 -1.069940E-02
9.123346E-01 -1.360107E-02
9.108601E-01 -1.255782E-02
9.103919E-01 -1.325326E-02
9.116617E-01 -1.574385E-02
9.115338E-01 -1.682009E-02
9.102965E-01 -1.290221E-02
9.105494E-01 -1.147658E-02
9.118911E-01 -1.669527E-02
9.127194E-01 -1.541693E-02
9.111899E-01 -9.042609E-03
9.123382E-01 -5.721964E-03
9.140830E-01 -1.316515E-02
9.161357E-01 -1.018180E-02
9.142027E-01 -1.667608E-03
9.170563E-01 2.953240E-03
9.190918E-01 -6.717487E-03
9.231629E-01 -2.854844E-03
9.211260E-01 8.281237E-03
9.250859E-01 1.843956E-02
9.277753E-01 3.340760E-03
9.217779E-01 3.923806E-02
9.059758E-01 8.541977E-02
6.320678E-01 5.306092E-01
7.402293E-01 3.664986E-01
3.524495E-01 8.664351E-01
3.408318E-01 8.869816E-01
3.094154E-01 9.218997E-01
2.900129E-01 9.322093E-01
3.093096E-01 9.182681E-01
4.195717E-01 8.132000E-01
8.480415E-01 -1.738912E-01
7.244713E-01 2.985012E-01
8.975650E-01 -2.494052E-01
7.878652E-01 -4.534406E-01
6.816394E-01 -5.855031E-01
8.543148E-01 -3.411139E-01
7.677846E-01 -4.638539E-01
6.226109E-01 -6.424013E-01
6.729912E-01 -5.324986E-01
6.730717E-01 -5.800539E-01
6.542772E-01 -5.749447E-01
8.104798E-01 -2.037412E-01
8.607859E-01 -4.795889E-02
7.594147E-01 -3.283197E-01
8.447253E-01 -8.462254E-02
8.615918E-01 -3.568098E-02
8.555207E-01 -4.134574E-02
8.584886E-01 -3.431575E-02
8.553635E-01 -3.345414E-02
8.666619E-01 -4.157220E-02
1.058954E+00 -4.409987E-02
8.671112E-01 -3.343839E-02
1.060914E+00 -3.499876E-02
9.590289E-01 -1.987846E-03
7.686056E-01 -4.360126E-04
9.564120E-01 -3.912323E-03
9.579082E-01 -2.151424E-03
7.676367E-01 -4.753869E-04
9.554113E-01 -4.240088E-03
9.524574E-01 -5.537007E-03
9.506171E-01 -6.780828E-03
9.515612E-01 -6.016673E-03
9.498099E-01 -7.395212E-03
9.497383E-01 -7.600840E-03
9.492084E-01 -7.962208E-03
9.490113E-01 -8.332810E-03
9.485573E-01 -8.794917E-03
9.487946E-01 -7.846656E-03
9.483888E-01 -7.261310E-03
9.482227E-01 -8.760882E-03
9.479133E-01 -8.232105E-03
9.479093E-01 -6.242549E-03
9.472738E-01 -4.856933E-03
9.475669E-01 -7.236728E-03
9.471200E-01 -5.830671E-03
9.463949E-01 -3.201529E-03
9.451842E-01 -1.403513E-03
9.464948E-01 -4.098330E-03
9.455965E-01 -2.155399E-03
9.435621E-01 3.824537E-04
9.414723E-01 1.980883E-03
9.443191E-01 -1.527139E-04
9.425631E-01 1.723127E-03
9.388985E-01 3.206987E-03
9.358763E-01 3.881904E-03
9.402617E-01 3.256867E-03
9.374062E-01 4.220806E-03
9.324961E-01 3.848923E-03
9.288974E-01 2.988609E-03
9.340622E-01 4.397168E-03
9.303702E-01 3.601769E-03
9.252561E-01 1.233771E-03
9.217686E-01 -1.411066E-03
9.265323E-01 1.707269E-03
9.227921E-01 -1.328975E-03
9.186358E-01 -4.840522E-03
9.160432E-01 -8.812578E-03
9.194119E-01 -5.422877E-03
9.166447E-01 -1.030629E-02
9.141342E-01 -1.292854E-02
9.129817E-01 -1.666917E-02
9.146954E-01 -1.548474E-02
9.136751E-01 -2.027921E-02
9.125761E-01 -1.951137E-02
9.128475E-01 -2.108631E-02
9.135765E-01 -2.400203E-02
9.143034E-01 -2.620259E-02
9.137224E-01 -2.128786E-02
9.151869E-01 -2.026980E-02
9.157530E-01 -2.682149E-02
9.178986E-01 -2.615584E-02
9.173222E-01 -1.834974E-02
9.202936E-01 -1.588278E-02
9.208261E-01 -2.468476E-02
9.246761E-01 -2.280883E-02
9.242655E-01 -1.306817E-02
9.289340E-01 -9.054444E-03
9.293829E-01 -2.026330E-02
9.325400E-01 -1.010204E-02
9.289640E-01 1.034926E-02
8.301949E-01 2.171394E-01
8.879648E-01 1.062276E-01
4.730627E-01 7.102982E-01
3.943453E-01 8.121837E-01
2.784842E-01 9.361479E-01
2.725284E-01 9.375951E-01
2.618333E-01 9.495465E-01
2.789703E-01 9.369454E-01
5.154137E-01 6.600049E-01
3.616884E-01 8.549718E-01
8.668542E-01 5.928325E-02
9.173350E-01 -1.251200E-01
9.133300E-01 -2.247511E-01
9.316425E-01 -1.680155E-01
9.200801E-01 -1.955810E-01
8.860412E-01 -2.698538E-01
8.323059E-01 -3.555733E-01
9.018265E-01 -2.252880E-01
8.692978E-01 -2.809073E-01
7.444520E-01 -4.800086E-01
6.777198E-01 -5.508276E-01
8.077287E-01 -3.785677E-01
7.300566E-01 -4.796858E-01
7.184797E-01 -4.254323E-01
8.169014E-01 -1.525908E-01
7.109503E-01 -4.583849E-01
7.844847E-01 -2.367090E-01
8.502263E-01 -4.397613E-02
8.528857E-01 -2.826492E-02
8.366547E-01 -6.961413E-02
8.480402E-01 -2.840182E-02
8.665552E-01 -2.594318E-02
1.062142E+00 -2.721481E-02
8.648436E-01 -2.040295E-02
1.062290E+00 -2.125648E-02
9.567133E-01 -2.291996E-03
7.666069E-01 -5.105432E-04
9.543370E-01 -4.523358E-03
9.554593E-01 -2.408048E-03
7.655281E-01 -5.412613E-04
9.532054E-01 -4.754772E-03
9.505838E-01 -6.433360E-03
9.489011E-01 -7.931261E-03
9.495423E-01 -6.769986E-03
9.479070E-01 -8.358895E-03
9.481475E-01 -8.973981E-03
9.477208E-01 -9.529554E-03
9.471580E-01 -9.480122E-03
9.466980E-01 -1.010947E-02
9.474060E-01 -9.581492E-03
9.471283E-01 -9.133574E-03
9.463266E-01 -1.024357E-02
9.459968E-01 -9.898406E-03
9.468538E-01 -8.210404E-03
9.465493E-01 -6.855186E-03
9.457130E-01 -9.100870E-03
9.454829E-01 -7.880049E-03
9.461599E-01 -5.130124E-03
9.455954E-01 -3.123825E-03
9.452853E-01 -6.267274E-03
9.450471E-01 -4.309188E-03
9.447292E-01 -9.646375E-04
9.434151E-01 1.166759E-03
9.446344E-01 -2.091509E-03
9.438611E-01 2.341044E-04
9.415200E-01 3.034347E-03
9.389663E-01 4.359345E-03
9.425214E-01 2.431042E-03
9.404437E-01 4.178008E-03
9.357677E-01 4.847505E-03
9.320460E-01 4.224114E-03
9.375522E-01 5.094444E-03
9.339139E-01 4.786276E-03
9.280227E-01 2.270145E-03
9.239951E-01 -1.137307E-03
9.297486E-01 2.900205E-03
9.254069E-01 -8.166071E-04
9.203043E-01 -5.964969E-03
9.172965E-01 -1.193273E-02
9.213282E-01 -6.431178E-03
9.179857E-01 -1.368346E-02
9.152649E-01 -1.842953E-02
9.143758E-01 -2.455266E-02
9.158022E-01 -2.182503E-02
9.150281E-01 -2.963293E-02
9.146204E-01 -2.937445E-02
9.158558E-01 -3.232992E-02
9.156497E-01 -3.581735E-02
9.174450E-01 -3.964999E-02
9.179259E-01 -3.343413E-02
9.207788E-01 -3.317495E-02
9.201787E-01 -4.126283E-02
9.237545E-01 -4.138977E-02
9.244831E-01 -3.219599E-02
9.291436E-01 -3.075760E-02
9.282387E-01 -4.072163E-02
9.331000E-01 -3.797970E-02
9.337211E-01 -2.560645E-02
9.163568E-01 3.640367E-02
9.273752E-01 -4.600618E-03
7.040034E-01 3.863649E-01
5.832768E-01 5.612214E-01
2.731893E-01 9.334799E-01
2.877411E-01 9.157371E-01
2.421558E-01 9.612866E-01
2.493704E-01 9.576476E-01
2.863259E-01 9.276120E-01
2.564338E-01 9.497439E-01
5.802585E-01 5.676204E-01
7.410350E-01 3.133519E-01
9.415745E-01 -1.264392E-01
9.436794E-01 -7.797952E-02
9.475265E-01 -1.351590E-01
9.361948E-01 -1.596103E-01
9.250347E-01 -1.739381E-01
9.383677E-01 -1.447912E-01
9.286027E-01 -1.556180E-01
9.110229E-01 -1.947535E-01
8.893601E-01 -2.319141E-01
9.172075E-01 -1.713488E-01
9.012662E-01 -1.976357E-01
8.496297E-01 -2.998111E-01
7.861528E-01 -3.927460E-01
8.746445E-01 -2.442332E-01
8.295288E-01 -3.154604E-01
7.365256E-01 -4.319986E-01
7.641101E-01 -3.004759E-01
7.769035E-01 -3.737821E-01
7.662984E-01 -3.207176E-01
8.196267E-01 -1.112706E-01
8.411198E-01 -3.634598E-02
8.050896E-01 -1.574499E-01
8.331230E-01 -5.302361E-02
8.620884E-01 -1.803022E-02
1.061300E+00 -1.749214E-02
8.586469E-01 -1.973489E-02
1.059394E+00 -1.620304E-02
9.541627E-01 -2.498370E-03
7.644124E-01 -5.673782E-04
9.520352E-01 -4.927410E-03
9.528414E-01 -2.562517E-03
7.632712E-01 -5.889725E-04
9.508480E-01 -5.034574E-03
9.484566E-01 -7.008744E-03
9.468449E-01 -8.644431E-03
9.473485E-01 -7.129295E-03
9.457296E-01 -8.747361E-03
9.460521E-01 -9.799460E-03
9.454853E-01 -1.046763E-02
9.448302E-01 -9.870353E-03
9.440675E-01 -1.052854E-02
9.449668E-01 -1.067188E-02
9.444891E-01 -1.045070E-02
9.433019E-01 -1.078843E-02
9.425815E-01 -1.071705E-02
9.441048E-01 -9.836343E-03
9.438673E-01 -8.840345E-03
9.420111E-01 -1.034681E-02
9.416832E-01 -9.663995E-03
9.437927E-01 -7.456374E-03
9.438352E-01 -5.679639E-03
9.416447E-01 -8.621427E-03
9.418804E-01 -7.163441E-03
9.438722E-01 -3.537923E-03
9.437011E-01 -1.129361E-03
9.422998E-01 -5.256538E-03
9.427198E-01 -2.928010E-03
9.430556E-01 1.340179E-03
9.416566E-01 3.533769E-03
9.428536E-01 -3.160173E-04
9.423315E-01 2.276194E-03
9.392958E-01 4.991140E-03
9.359267E-01 5.174973E-03
9.407813E-01 4.346831E-03
9.379652E-01 5.214277E-03
9.317203E-01 3.545067E-03
9.270627E-01 -3.535099E-04
9.339157E-01 4.097991E-03
9.289983E-01 2.423034E-04
9.225071E-01 -6.769228E-03
9.186992E-01 -1.552835E-02
9.238790E-01 -6.911930E-03
9.194307E-01 -1.740632E-02
9.162549E-01 -2.573447E-02
9.155599E-01 -3.569939E-02
9.165600E-01 -3.022174E-02
9.158820E-01 -4.299125E-02
9.165959E-01 -4.357150E-02
9.190195E-01 -4.838277E-02
9.173851E-01 -5.296515E-02
9.205339E-01 -5.882832E-02
9.224735E-01 -5.046215E-02
9.268029E-01 -5.076510E-02
9.247816E-01 -6.120559E-02
9.297351E-01 -6.111102E-02
9.316143E-01 -4.927135E-02
9.314629E-01 -3.112216E-02
9.330711E-01 -5.199717E-02
8.794638E-01 8.775031E-02
8.088668E-01 2.190711E-01
3.280865E-01 8.687073E-01
4.066163E-01 7.726534E-01
2.383024E-01 9.616312E-01
2.387496E-01 9.624611E-01
2.423013E-01 9.602843E-01
2.324846E-01 9.686444E-01
3.350412E-01 8.759656E-01
4.360546E-01 7.601598E-01
9.227684E-01 4.577775E-03
8.646984E-01 1.343566E-01
9.599080E-01 -9.155744E-02
9.551038E-01 -1.130021E-01
9.483127E-01 -1.237310E-01
9.566513E-01 -1.073836E-01
9.500945E-01 -1.125782E-01
9.404461E-01 -1.307655E-01
9.319544E-01 -1.395651E-01
9.429365E-01 -1.180579E-01
9.351599E-01 -1.251503E-01
9.220889E-01 -1.519918E-01
9.093052E-01 -1.715169E-01
9.263113E-01 -1.350793E-01
9.154085E-01 -1.501014E-01
8.900178E-01 -2.043866E-01
8.584653E-01 -2.556827E-01
9.003184E-01 -1.741027E-01
8.773095E-01 -2.108034E-01
8.150259E-01 -3.098462E-01
7.863091E-01 -3.030910E-01
8.442218E-01 -2.537575E-01
8.124856E-01 -2.662794E-01
8.001319E-01 -1.902385E-01
8.261815E-01 -7.565814E-02
8.066770E-01 -2.003701E-01
8.230448E-01 -9.749124E-02
8.551359E-01 -2.576872E-02
1.057010E+00 -1.745323E-02
8.524558E-01 -3.512594E-02
1.054734E+00 -2.093041E-02
9.515140E-01 -2.600860E-03
7.621149E-01 -6.064909E-04
9.496676E-01 -5.068292E-03
9.502003E-01 -2.614109E-03
7.609516E-01 -6.208480E-04
9.485192E-01 -5.015154E-03
9.462384E-01 -7.104227E-03
9.445654E-01 -8.613660E-03
9.451383E-01 -6.889015E-03
9.433287E-01 -8.164547E-03
9.434723E-01 -9.617410E-03
9.424067E-01 -1.021251E-02
9.419174E-01 -8.949866E-03
9.404335E-01 -9.448340E-03
9.412967E-01 -1.052460E-02
9.402588E-01 -1.064100E-02
9.389095E-01 -9.840244E-03
9.375233E-01 -1.019809E-02
9.394398E-01 -1.057594E-02
9.389508E-01 -1.028002E-02
9.364303E-01 -1.048953E-02
9.357288E-01 -1.062439E-02
9.388528E-01 -9.668639E-03
9.391579E-01 -8.647896E-03
9.354756E-01 -1.049373E-02
9.357027E-01 -9.987431E-03
9.398224E-01 -7.135398E-03
9.407218E-01 -5.086963E-03
9.364173E-01 -8.999140E-03
9.375789E-01 -7.433309E-03
9.416114E-01 -2.544525E-03
9.420941E-01 2.860010E-04
9.390464E-01 -5.233583E-03
9.404988E-01 -2.457800E-03
9.416503E-01 2.942399E-03
9.397791E-01 4.650312E-03
9.413703E-01 5.837732E-04
9.409011E-01 3.158009E-03
9.362349E-01 4.362659E-03
9.312323E-01 9.048558E-04
9.384099E-01 4.011014E-03
9.337158E-01 1.452281E-03
9.255002E-01 -6.788701E-03
9.201897E-01 -1.921412E-02
9.274401E-01 -6.360450E-03
9.210167E-01 -2.079511E-02
9.166440E-01 -3.534778E-02
9.158724E-01 -5.183878E-02
9.164225E-01 -4.115836E-02
9.153658E-01 -6.269888E-02
9.179089E-01 -6.446059E-02
9.219072E-01 -7.136952E-02
9.180104E-01 -7.868157E-02
9.231056E-01 -8.637450E-02
9.270931E-01 -7.369995E-02
9.323790E-01 -7.015330E-02
9.290573E-01 -8.666557E-02
9.251076E-01 -5.017936E-02
9.142651E-01 1.500822E-03
5.246117E-01 6.179304E-01
6.640494E-01 4.182685E-01
2.552390E-01 9.447234E-01
2.418058E-01 9.578161E-01
2.253190E-01 9.750230E-01
2.211473E-01 9.791339E-01
2.464672E-01 9.596652E-01
2.765210E-01 9.335400E-01
7.704781E-01 3.002663E-01
6.557436E-01 4.759949E-01
9.647274E-01 -4.766105E-02
9.633762E-01 -7.093479E-02
9.642402E-01 -9.487203E-02
9.711673E-01 -8.483109E-02
9.662175E-01 -8.777223E-02
9.585521E-01 -9.867963E-02
9.522267E-01 -1.019904E-01
9.605742E-01 -8.946958E-02
9.546289E-01 -9.164113E-02
9.455455E-01 -1.061463E-01
9.382855E-01 -1.118096E-01
9.482463E-01 -9.476336E-02
9.413172E-01 -9.923289E-02
9.301268E-01 -1.197911E-01
9.204307E-01 -1.315950E-01
9.336231E-01 -1.056535E-01
9.247334E-01 -1.150376E-01
9.078668E-01 -1.496456E-01
8.900782E-01 -1.762815E-01
9.137750E-01 -1.289043E-01
8.992318E-01 -1.486038E-01
8.649191E-01 -2.084326E-01
8.365941E-01 -2.255017E-01
8.794739E-01 -1.722992E-01
8.557860E-01 -1.880372E-01
8.206606E-01 -1.913163E-01
8.252755E-01 -1.116154E-01
8.366735E-01 -1.716838E-01
8.320711E-01 -1.153131E-01
8.515882E-01 -4.534064E-02
1.053229E+00 -2.572030E-02
8.531047E-01 -5.336977E-02
1.053105E+00 -3.035318E-02
9.489222E-01 -2.601459E-03
7.597861E-01 -6.334108E-04
9.474262E-01 -4.845421E-03
9.477050E-01 -2.553802E-03
7.586174E-01 -6.451254E-04
9.463959E-01 -4.484478E-03
9.440322E-01 -6.401250E-03
9.419351E-01 -7.282741E-03
9.428250E-01 -5.483145E-03
9.401830E-01 -5.812148E-03
9.400413E-01 -7.773013E-03
9.380508E-01 -8.202125E-03
9.376489E-01 -6.033525E-03
9.351687E-01 -6.522432E-03
9.361114E-01 -8.747045E-03
9.344091E-01 -9.404347E-03
9.329191E-01 -7.323674E-03
9.309928E-01 -8.310303E-03
9.330547E-01 -1.007546E-02
9.321063E-01 -1.064097E-02
9.294122E-01 -9.334425E-03
9.281893E-01 -1.027847E-02
9.316063E-01 -1.098968E-02
9.316009E-01 -1.101941E-02
9.273559E-01 -1.105321E-02
9.269706E-01 -1.158251E-02
9.321416E-01 -1.062780E-02
9.332707E-01 -9.702168E-03
9.271164E-01 -1.178802E-02
9.278944E-01 -1.157309E-02
9.349800E-01 -8.120690E-03
9.371219E-01 -5.792507E-03
9.294079E-01 -1.080516E-02
9.317107E-01 -9.310046E-03
9.392643E-01 -2.786450E-03
9.405594E-01 4.098926E-04
9.346672E-01 -6.927601E-03
9.376806E-01 -3.735975E-03
9.398470E-01 2.559238E-03
9.362082E-01 1.493372E-03
9.394111E-01 -5.626357E-04
9.380033E-01 3.204077E-04
9.297448E-01 -5.703478E-03
9.220087E-01 -2.194705E-02
9.322991E-01 -5.187144E-03
9.233332E-01 -2.249150E-02
9.158377E-01 -4.766019E-02
9.141630E-01 -7.623848E-02
9.148889E-01 -5.481676E-02
9.119927E-01 -9.347400E-02
9.175403E-01 -9.642256E-02
9.235457E-01 -1.035415E-01
9.160554E-01 -1.190105E-01
9.223466E-01 -1.182881E-01
9.257874E-01 -8.556838E-02
7.919559E-01 2.103090E-01
8.769267E-01 3.560465E-02
3.807475E-01 7.989224E-01
2.941795E-01 9.029539E-01
2.210825E-01 9.803420E-01
2.255379E-01 9.784518E-01
2.243481E-01 9.816844E-01
2.318095E-01 9.726632E-01
5.404237E-01 6.358464E-01
4.397402E-01 7.649531E-01
9.435392E-01 3.644981E-02
9.599410E-01 -1.419429E-02
9.772039E-01 -7.569253E-02
9.824175E-01 -6.660969E-02
9.803090E-01 -7.137863E-02
9.733427E-01 -7.885823E-02
9.684216E-01 -7.942942E-02
9.761315E-01 -7.118061E-02
9.711435E-01 -7.076903E-02
9.630266E-01 -8.014724E-02
9.571928E-01 -8.148665E-02
9.656384E-01 -7.075090E-02
9.597529E-01 -7.141900E-02
9.509381E-01 -8.374217E-02
9.441953E-01 -8.722506E-02
9.535105E-01 -7.297812E-02
9.468621E-01 -7.564959E-02
9.368120E-01 -9.237091E-02
9.284734E-01 -9.986908E-02
9.396803E-01 -7.974489E-02
9.317189E-01 -8.572998E-02
9.185759E-01 -1.106660E-01
9.061087E-01 -1.254788E-01
9.225355E-01 -9.418760E-02
9.114246E-01 -1.054504E-01
8.899079E-01 -1.429726E-01
8.701759E-01 -1.558014E-01
8.975509E-01 -1.184464E-01
8.807366E-01 -1.283896E-01
8.512501E-01 -1.484222E-01
8.411638E-01 -1.101587E-01
8.630988E-01 -1.252012E-01
8.504066E-01 -9.930797E-02
8.567833E-01 -5.709977E-02
1.054683E+00 -3.331472E-02
8.617788E-01 -5.616955E-02
1.057838E+00 -3.372620E-02
9.465738E-01 -2.427428E-03
7.574355E-01 -6.504607E-04
9.453566E-01 -3.740524E-03
9.454898E-01 -2.040611E-03
7.562037E-01 -6.024345E-04
9.439250E-01 -2.151644E-03
9.412233E-01 -3.858804E-03
9.377040E-01 -3.621277E-03
9.385295E-01 -1.185145E-03
9.340250E-01 -8.044843E-04
9.345313E-01 -3.813401E-03
9.317725E-01 -4.575936E-03
9.306049E-01 -1.420480E-03
9.279653E-01 -2.619654E-03
9.294190E-01 -5.702942E-03
9.273870E-01 -6.978677E-03
9.257429E-01 -4.023662E-03
9.237020E-01 -5.454426E-03
9.256125E-01 -8.265900E-03
9.240833E-01 -9.486395E-03
9.217440E-01 -6.854718E-03
9.198674E-01 -8.211090E-03
9.228348E-01 -1.058961E-02
9.219392E-01 -1.153168E-02
9.181285E-01 -9.514167E-03
9.166147E-01 -1.074501E-02
9.214969E-01 -1.226422E-02
9.216342E-01 -1.272391E-02
9.154312E-01 -1.187638E-02
9.146974E-01 -1.287462E-02
9.225075E-01 -1.281522E-02
9.243063E-01 -1.238074E-02
9.145588E-01 -1.369845E-02
9.152242E-01 -1.428210E-02
9.272059E-01 -1.117283E-02
9.311501E-01 -8.913868E-03
9.170199E-01 -1.447730E-02
9.203771E-01 -1.396039E-02
9.353087E-01 -5.695824E-03
9.374216E-01 -3.081878E-03
9.255051E-01 -1.226242E-02
9.312621E-01 -9.524650E-03
9.343687E-01 -5.764405E-03
9.250857E-01 -2.249013E-02
9.334865E-01 -9.200118E-03
9.266936E-01 -2.276399E-02
9.135807E-01 -6.247350E-02
9.084223E-01 -1.161054E-01
9.119887E-01 -7.002462E-02
9.018626E-01 -1.449972E-01
9.134093E-01 -1.472138E-01
9.087958E-01 -8.590716E-02
9.023401E-01 -1.614045E-01
7.042159E-01 3.056518E-01
5.261309E-01 6.000032E-01
2.343670E-01 9.737548E-01
2.572483E-01 9.555031E-01
2.192322E-01 9.989361E-01
2.200385E-01 9.905734E-01
3.607809E-01 8.605161E-01
3.045639E-01 9.272314E-01
8.666762E-01 1.961116E-01
9.123010E-01 1.071815E-01
9.873747E-01 -5.780682E-02
9.932076E-01 -4.998897E-02
9.960238E-01 -6.045383E-02
9.876537E-01 -6.523552E-02
9.840997E-01 -6.428491E-02
9.927831E-01 -5.840530E-02
9.879460E-01 -5.591929E-02
9.793280E-01 -6.287064E-02
9.739468E-01 -6.174640E-02
9.824424E-01 -5.382479E-02
9.765927E-01 -5.232512E-02
9.681967E-01 -6.120224E-02
9.621723E-01 -6.137955E-02
9.705473E-01 -5.148208E-02
9.643489E-01 -5.134280E-02
9.558800E-01 -6.240025E-02
9.492649E-01 -6.441131E-02
9.579769E-01 -5.196405E-02
9.513601E-01 -5.343891E-02
9.422079E-01 -6.763029E-02
9.345005E-01 -7.236886E-02
9.443762E-01 -5.591494E-02
9.368349E-01 -5.959682E-02
9.257976E-01 -7.897753E-02
9.155793E-01 -8.756609E-02
9.284495E-01 -6.468723E-02
9.188141E-01 -7.117502E-02
9.032251E-01 -9.724730E-02
8.884310E-01 -1.047514E-01
9.074447E-01 -7.832989E-02
8.940022E-01 -8.384926E-02
8.721694E-01 -1.033805E-01
8.585422E-01 -8.550318E-02
8.788735E-01 -8.317777E-02
8.651059E-01 -7.052157E-02
8.671455E-01 -5.143603E-02
1.062037E+00 -3.157725E-02
8.721607E-01 -4.415002E-02
1.066586E+00 -2.746589E-02
9.439036E-01 -6.987011E-04
7.547245E-01 -2.254825E-04
9.406855E-01 1.155711E-03
9.382373E-01 3.818771E-03
7.515468E-01 1.904626E-03
9.315776E-01 6.827658E-03
9.335202E-01 2.530924E-03
9.288144E-01 2.071670E-03
9.244826E-01 6.251495E-03
9.213856E-01 4.305453E-03
9.259348E-01 6.918950E-04
9.238259E-01 -8.705986E-04
9.197938E-01 2.399033E-03
9.184464E-01 8.313748E-04
9.219022E-01 -2.350303E-03
9.199010E-01 -3.720810E-03
9.168794E-01 -4.211959E-04
9.149274E-01 -1.479673E-03
9.177458E-01 -5.041101E-03
9.154743E-01 -6.370703E-03
9.125585E-01 -2.507943E-03
9.098552E-01 -3.645365E-03
9.131809E-01 -7.730747E-03
9.109705E-01 -9.104268E-03
9.069691E-01 -4.930098E-03
9.040304E-01 -6.299975E-03
9.089374E-01 -1.046236E-02
9.071652E-01 -1.178321E-02
9.010967E-01 -7.681971E-03
8.981785E-01 -9.049911E-03
9.057426E-01 -1.306658E-02
9.048001E-01 -1.434767E-02
8.952844E-01 -1.042810E-02
8.924348E-01 -1.190197E-02
9.045988E-01 -1.567742E-02
9.056724E-01 -1.701586E-02
8.896826E-01 -1.366433E-02
8.872470E-01 -1.602481E-02
9.089425E-01 -1.803652E-02
9.153684E-01 -1.803672E-02
8.858247E-01 -1.933284E-02
8.871219E-01 -2.372179E-02
9.235299E-01 -1.745693E-02
9.247491E-01 -2.595552E-02
8.940753E-01 -2.871527E-02
9.059213E-01 -3.739954E-02
9.092637E-01 -7.676134E-02
8.888136E-01 -1.755390E-01
9.014978E-01 -8.690668E-02
8.654066E-01 -1.842123E-01
8.374594E-01 -1.801674E-02
3.352790E-01 8.647050E-01
5.272064E-01 5.490085E-01
2.470511E-01 9.949231E-01
2.272235E-01 1.001601E+00
2.696001E-01 9.725055E-01
2.525630E-01 1.005905E+00
7.520103E-01 4.048140E-01
8.110575E-01 2.972839E-01
1.001327E+00 -4.343339E-02
1.013299E+00 -3.806722E-02
1.019366E+00 -5.355396E-02
1.006245E+00 -5.680738E-02
1.002739E+00 -5.311576E-02
1.014695E+00 -4.762904E-02
1.008236E+00 -4.251033E-02
9.974178E-01 -4.937509E-02
9.914577E-01 -4.637201E-02
1.001341E+00 -3.869828E-02
9.943782E-01 -3.590219E-02
9.852290E-01 -4.411836E-02
9.789149E-01 -4.254379E-02
9.875141E-01 -3.387690E-02
9.807952E-01 -3.247609E-02
9.725760E-01 -4.160971E-02
9.662057E-01 -4.130254E-02
9.742066E-01 -3.161726E-02
9.676912E-01 -3.126189E-02
9.597497E-01 -4.163999E-02
9.531155E-01 -4.267643E-02
9.611626E-01 -3.140593E-02
9.545083E-01 -3.207771E-02
9.461715E-01 -4.450840E-02
9.387349E-01 -4.726579E-02
9.475858E-01 -3.333599E-02
9.402134E-01 -3.525762E-02
9.305533E-01 -5.105792E-02
9.212907E-01 -5.581625E-02
9.321581E-01 -3.789343E-02
9.231269E-01 -4.115684E-02
9.105498E-01 -6.095610E-02
8.979895E-01 -6.484555E-02
9.127769E-01 -4.460418E-02
9.007758E-01 -4.711203E-02
8.836975E-01 -6.436771E-02
8.701011E-01 -5.528893E-02
8.870590E-01 -4.661094E-02
8.737051E-01 -4.019985E-02
8.764088E-01 -3.542567E-02
1.070860E+00 -2.215619E-02
8.797084E-01 -2.602467E-02
1.074417E+00 -1.625168E-02
9.109399E-01 1.585271E-02
7.363566E-01 1.203676E-02
9.060449E-01 1.346293E-02
8.002659E-01 3.665794E-02
6.597073E-01 5.193044E-02
8.134083E-01 2.816149E-02
9.042118E-01 9.860314E-03
9.042375E-01 7.383753E-03
8.188095E-01 2.582619E-02
8.219483E-01 2.489042E-02
9.042807E-01 5.763781E-03
9.037490E-01 4.684849E-03
8.235361E-01 2.444095E-02
8.239689E-01 2.415975E-02
9.025549E-01 3.951437E-03
9.007048E-01 3.421184E-03
8.235644E-01 2.402372E-02
8.225369E-01 2.407198E-02
8.981959E-01 2.877894E-03
8.951204E-01 2.063655E-03
8.208677E-01 2.414963E-02
8.184508E-01 2.368778E-02
8.917058E-01 9.120827E-04
8.881307E-01 -3.665644E-04
8.154685E-01 2.240741E-02
8.121160E-01 2.099376E-02
8.843669E-01 -1.575508E-03
8.803069E-01 -2.702552E-03
8.083303E-01 1.998766E-02
8.038740E-01 1.922040E-02
8.758789E-01 -3.810056E-03
8.710214E-01 -4.967240E-03
7.987033E-01 1.851548E-02
7.927249E-01 1.784957E-02
8.655738E-01 -6.322408E-03
8.592108E-01 -8.274768E-03
7.857175E-01 1.727638E-02
7.770800E-01 1.670458E-02
8.516533E-01 -1.163256E-02
8.430790E-01 -1.780601E-02
7.655729E-01 1.555336E-02
7.490799E-01 1.229064E-02
8.351910E-01 -2.893789E-02
8.342294E-01 -5.024090E-02
7.233391E-01 3.609279E-03
6.772757E-01 -2.577052E-02
8.446347E-01 -9.766687E-02
7.448785E-01 2.651302E-02
5.739175E-01 -1.285679E-01
4.120530E-01 3.250479E-01
3.131725E-01 9.247071E-01
2.603220E-01 1.031640E+00
3.448241E-01 9.924710E-01
6.879680E-01 6.202968E-01
7.011431E-01 5.133530E-01
1.032387E+00 -3.206958E-02
1.065879E+00 -1.848349E-02
1.062259E+00 -3.738827E-02
1.037134E+00 -4.885966E-02
1.029583E+00 -4.041950E-02
1.048420E+00 -2.807188E-02
1.035896E+00 -2.205182E-02
1.020934E+00 -3.413278E-02
1.012426E+00 -2.985533E-02
1.024875E+00 -1.835630E-02
1.015016E+00 -1.595807E-02
1.004275E+00 -2.687719E-02
9.965381E-01 -2.475722E-02
1.006073E+00 -1.432546E-02
9.978548E-01 -1.317792E-02
9.891890E-01 -2.324565E-02
9.821682E-01 -2.220015E-02
9.902081E-01 -1.236237E-02
9.830027E-01 -1.179083E-02
9.753949E-01 -2.154049E-02
9.687734E-01 -2.122564E-02
9.761178E-01 -1.141205E-02
9.694338E-01 -1.119707E-02
9.621925E-01 -2.124285E-02
9.555236E-01 -2.160281E-02
9.628246E-01 -1.113234E-02
9.561515E-01 -1.121585E-02
9.486147E-01 -2.233532E-02
9.412827E-01 -2.347797E-02
9.492562E-01 -1.145347E-02
9.419532E-01 -1.185135E-02
9.333046E-01 -2.504472E-02
9.244116E-01 -2.695477E-02
9.340233E-01 -1.239849E-02
9.252088E-01 -1.303257E-02
9.142935E-01 -2.890352E-02
9.026268E-01 -3.018766E-02
9.152139E-01 -1.358593E-02
9.037166E-01 -1.372776E-02
8.892690E-01 -2.957347E-02
8.761107E-01 -2.534803E-02
8.905344E-01 -1.295169E-02
8.774645E-01 -1.065886E-02
8.820045E-01 -1.636053E-02
1.076992E+00 -1.010767E-02
8.832912E-01 -6.585825E-03
1.078437E+00 -3.866354E-03
1.093497E+00 -3.023990E-03
1.102994E+00 -7.839970E-03
1.070196E+00 -2.196349E-03
1.065685E+00 9.942512E-03
6.701779E-01 -6.481537E-01
1.062590E+00 3.295660E-02
1.052312E+00 -1.844017E-03
1.038125E+00 -1.647661E-03
1.048603E+00 2.440116E-02
1.036028E+00 1.876712E-02
1.026238E+00 -1.532267E-03
1.015907E+00 -1.461934E-03
1.024973E+00 1.530189E-02
1.015088E+00 1.304293E-02
1.006690E+00 -1.417116E-03
9.983058E-01 -1.384811E-03
1.006125E+00 1.149886E-02
9.978894E-01 1.041455E-02
9.905559E-01 -1.354456E-03
9.832868E-01 -1.316209E-03
9.902306E-01 9.657819E-03
9.830184E-01 9.159974E-03
9.763649E-01 -1.260384E-03
9.696630E-01 -1.177041E-03
9.761337E-01 8.888923E-03
9.694583E-01 8.835504E-03
9.630507E-01 -1.055457E-03
9.563861E-01 -8.831298E-04
9.628678E-01 9.007628E-03
9.562243E-01 9.428526E-03
9.495085E-01 -6.439838E-04
9.422309E-01 -3.155975E-04
9.493695E-01 1.013681E-02
9.421158E-01 1.118478E-02
9.343331E-01 1.337673E-04
9.255571E-01 7.447304E-04
9.342385E-01 1.262776E-02
9.254684E-01 1.449038E-02
9.156047E-01 1.552886E-03
9.041445E-01 2.541506E-03
9.154883E-01 1.668593E-02
9.039424E-01 1.886171E-02
8.909703E-01 3.535295E-03
8.778492E-01 4.035359E-03
8.906101E-01 2.016116E-02
8.772818E-01 1.894969E-02
8.835689E-01 3.310085E-03
1.078674E+00 2.473083E-03
8.828231E-01 1.341827E-02
1.077658E+00 8.982942E-03
6.587302E-01 -5.186221E-02
7.991201E-01 -3.647069E-02
9.097247E-01 -1.565085E-02
7.353340E-01 -1.200249E-02
8.121672E-01 -2.787391E-02
9.048214E-01 -1.301373E-02
9.371692E-01 -3.618681E-03
7.506389E-01 -1.861374E-03
9.305100E-01 -6.368413E-03
8.173767E-01 -2.535331E-02
9.029506E-01 -9.118394E-03
8.202062E-01 -2.407977E-02
9.029403E-01 -6.271271E-03
9.234389E-01 -5.499915E-03
9.203910E-01 -3.238722E-03
8.214067E-01 -2.311967E-02
9.030075E-01 -4.252136E-03
8.214202E-01 -2.249483E-02
9.025652E-01 -2.852984E-03
9.188929E-01 -1.025351E-03
9.176892E-01 7.884550E-04
8.205398E-01 -2.214974E-02
9.015134E-01 -1.910544E-03
8.190065E-01 -2.200607E-02
8.998838E-01 -1.293847E-03
9.163136E-01 2.183842E-03
9.146015E-01 3.247677E-03
8.169951E-01 -2.202960E-02
8.977016E-01 -8.850761E-04
8.145394E-01 -2.214723E-02
8.949837E-01 -5.665119E-04
9.125009E-01 4.096568E-03
9.100324E-01 4.837433E-03
8.116930E-01 -2.227098E-02
8.918078E-01 -2.274597E-04
8.084273E-01 -2.229327E-02
8.882812E-01 1.912252E-04
9.072779E-01 5.554039E-03
9.043449E-01 6.308191E-03
8.047050E-01 -2.220545E-02
8.844338E-01 6.735072E-04
8.004448E-01 -2.209775E-02
8.802018E-01 1.191025E-03
9.013124E-01 7.125648E-03
8.982099E-01 8.010939E-03
7.955655E-01 -2.194274E-02
8.755128E-01 1.787380E-03
7.899252E-01 -2.178271E-02
8.702865E-01 2.571099E-03
8.950452E-01 9.006061E-03
8.918354E-01 1.025010E-02
7.831836E-01 -2.159792E-02
8.643176E-01 3.812205E-03
7.744359E-01 -2.084268E-02
8.572934E-01 6.133143E-03
8.886461E-01 1.202102E-02
8.857679E-01 1.470381E-02
7.625215E-01 -1.788849E-02
8.491738E-01 1.045125E-02
7.457950E-01 -1.261387E-02
8.403102E-01 1.768453E-02
8.840278E-01 1.861504E-02
8.852242E-01 2.367325E-02
7.195633E-01 -3.122447E-03
8.322281E-01 2.958929E-02
6.720411E-01 2.770499E-02
8.311007E-01 5.193479E-02
8.922650E-01 2.920535E-02
9.042914E-01 3.847715E-02
5.643782E-01 1.333270E-01
8.413890E-01 1.007667E-01
4.044316E-01 -3.399753E-01
7.352116E-01 -4.358498E-02
8.997774E-01 8.957099E-02
8.631125E-01 1.833505E-01
3.454751E-01 -9.943088E-01
3.099675E-01 -9.322005E-01
2.587107E-01 -1.034602E+00
5.109149E-01 -5.785199E-01
2.468979E-01 -9.968397E-01
6.817266E-01 -5.432210E-01
1.032316E+00 2.542484E-02
2.490392E-01 -1.010028E+00
7.325430E-01 -4.354706E-01
1.037555E+00 4.522956E-02
1.029847E+00 3.718806E-02
1.013327E+00 3.268843E-02
1.019814E+00 5.038388E-02
1.021128E+00 3.110947E-02
1.012571E+00 2.696556E-02
1.014998E+00 4.467085E-02
1.008458E+00 3.966199E-02
1.004380E+00 2.407223E-02
9.966107E-01 2.201193E-02
1.001505E+00 3.592701E-02
9.944947E-01 3.318474E-02
9.892372E-01 2.055380E-02
9.822024E-01 1.957393E-02
9.875943E-01 3.120502E-02
9.808536E-01 2.985745E-02
9.754285E-01 1.901059E-02
9.688229E-01 1.884226E-02
9.742618E-01 2.907705E-02
9.677670E-01 2.884425E-02
9.622775E-01 1.907773E-02
9.556659E-01 1.975351E-02
9.612875E-01 2.917657E-02
9.547143E-01 3.012891E-02
9.488361E-01 2.093376E-02
9.416015E-01 2.270607E-02
9.479058E-01 3.179672E-02
9.406769E-01 3.431272E-02
9.337289E-01 2.515916E-02
9.249270E-01 2.831664E-02
9.327807E-01 3.781648E-02
9.238907E-01 4.235608E-02
9.148413E-01 3.198542E-02
9.030757E-01 3.547726E-02
9.135939E-01 4.765490E-02
9.014370E-01 5.267396E-02
8.894058E-01 3.720977E-02
8.757090E-01 3.431334E-02
8.872155E-01 5.499729E-02
8.729968E-01 5.033702E-02
8.810165E-01 2.383655E-02
1.075363E+00 1.573874E-02
8.780905E-01 3.458772E-02
1.071805E+00 2.274033E-02
9.429641E-01 8.928261E-04
7.539150E-01 2.730556E-04
9.397491E-01 -7.294799E-04
9.446594E-01 2.224033E-03
7.554810E-01 6.479858E-04
9.431049E-01 2.543050E-03
9.326151E-01 -1.847969E-03
9.279704E-01 -1.125934E-03
9.377418E-01 1.794560E-03
9.332970E-01 1.629544E-03
9.251871E-01 4.954752E-04
9.232139E-01 2.242312E-03
9.299681E-01 2.436252E-03
9.274510E-01 3.772501E-03
9.214627E-01 3.812948E-03
9.196584E-01 5.153524E-03
9.253750E-01 5.233609E-03
9.234893E-01 6.624379E-03
9.176981E-01 6.304636E-03
9.155824E-01 7.324177E-03
9.216744E-01 7.881147E-03
9.199069E-01 8.996050E-03
9.133723E-01 8.265688E-03
9.111595E-01 9.179754E-03
9.182249E-01 9.983046E-03
9.167060E-01 1.086548E-02
9.090448E-01 1.010260E-02
9.071218E-01 1.105209E-02
9.154561E-01 1.166241E-02
9.146010E-01 1.237772E-02
9.054808E-01 1.205817E-02
9.042606E-01 1.319852E-02
9.142942E-01 1.299957E-02
9.147611E-01 1.348821E-02
9.037555E-01 1.456788E-02
9.045629E-01 1.613892E-02
9.163604E-01 1.371115E-02
9.195665E-01 1.333599E-02
9.076779E-01 1.753308E-02
9.141015E-01 1.792795E-02
9.246247E-01 1.185144E-02
9.303928E-01 9.341607E-03
9.223640E-01 1.768044E-02
9.236228E-01 2.665352E-02
9.326472E-01 9.262565E-03
9.258338E-01 2.327877E-02
9.080006E-01 7.874874E-02
8.873072E-01 1.777740E-01
9.111185E-01 7.154257E-02
9.011792E-01 1.473779E-01
8.277729E-01 -2.691316E-03
3.245283E-01 -8.805337E-01
9.016554E-01 1.606993E-01
6.835288E-01 -3.406193E-01
2.264836E-01 -1.003883E+00
2.629552E-01 -9.796357E-01
2.534996E-01 -9.609651E-01
2.185764E-01 -1.000880E+00
7.928499E-01 -3.272778E-01
1.001334E+00 3.877228E-02
2.940483E-01 -9.387584E-01
8.513194E-01 -2.233508E-01
1.006679E+00 5.389040E-02
1.003057E+00 5.032923E-02
9.931757E-01 4.574198E-02
9.964234E-01 5.766375E-02
9.976490E-01 4.664775E-02
9.916269E-01 4.368983E-02
9.931018E-01 5.572234E-02
9.881826E-01 5.327533E-02
9.853508E-01 4.147192E-02
9.790061E-01 3.993540E-02
9.826189E-01 5.120712E-02
9.767285E-01 4.972907E-02
9.726593E-01 3.905683E-02
9.663108E-01 3.884094E-02
9.706683E-01 4.891542E-02
9.644890E-01 4.883071E-02
9.599127E-01 3.932675E-02
9.533783E-01 4.059575E-02
9.581787E-01 4.955224E-02
9.516742E-01 5.119998E-02
9.465787E-01 4.278363E-02
9.393286E-01 4.608357E-02
9.448594E-01 5.396264E-02
9.375444E-01 5.811649E-02
9.313599E-01 5.071310E-02
9.222925E-01 5.678385E-02
9.294264E-01 6.399790E-02
9.200426E-01 7.184135E-02
9.116260E-01 6.396663E-02
8.988315E-01 7.082861E-02
9.087607E-01 8.130798E-02
8.949533E-01 9.047580E-02
8.837794E-01 7.390330E-02
8.689154E-01 6.716811E-02
8.786860E-01 9.440827E-02
8.631363E-01 8.481125E-02
8.739828E-01 4.550878E-02
1.067087E+00 2.980538E-02
8.686783E-01 5.609651E-02
1.061490E+00 3.643493E-02
9.458419E-01 2.596762E-03
7.567934E-01 6.920733E-04
9.446408E-01 4.096503E-03
9.470628E-01 2.707410E-03
7.580497E-01 6.823502E-04
9.457730E-01 4.804242E-03
9.405418E-01 4.400304E-03
9.370789E-01 4.337688E-03
9.422376E-01 5.961635E-03
9.396482E-01 6.432965E-03
9.339885E-01 4.678933E-03
9.313355E-01 5.543799E-03
9.371859E-01 6.770906E-03
9.347941E-01 7.337263E-03
9.291023E-01 6.708073E-03
9.271915E-01 7.945397E-03
9.326414E-01 8.164574E-03
9.308102E-01 9.118662E-03
9.255244E-01 9.116181E-03
9.240749E-01 1.014871E-02
9.293121E-01 1.005057E-02
9.281495E-01 1.084862E-02
9.228669E-01 1.101026E-02
9.219652E-01 1.168628E-02
9.273461E-01 1.143756E-02
9.269557E-01 1.176263E-02
9.214699E-01 1.216224E-02
9.215132E-01 1.240527E-02
9.270614E-01 1.177008E-02
9.277707E-01 1.138561E-02
9.222632E-01 1.234263E-02
9.239274E-01 1.183068E-02
9.291982E-01 1.049235E-02
9.314121E-01 8.923327E-03
9.267046E-01 1.062428E-02
9.305618E-01 8.433629E-03
9.342909E-01 6.517216E-03
9.372461E-01 3.344389E-03
9.346781E-01 5.326642E-03
9.367764E-01 2.850944E-03
9.389351E-01 2.242205E-04
9.374903E-01 -5.674604E-04
9.337031E-01 5.730502E-03
9.243871E-01 2.283126E-02
9.317460E-01 5.100338E-03
9.227491E-01 2.270157E-02
9.128880E-01 6.348364E-02
9.078454E-01 1.176375E-01
9.143244E-01 5.548475E-02
9.115420E-01 9.447456E-02
9.129616E-01 1.481189E-01
9.059961E-01 7.795336E-02
9.157094E-01 1.198596E-01
9.217246E-01 1.176856E-01
5.026813E-01 -6.341305E-01
2.331337E-01 -9.761873E-01
8.668910E-01 -5.576160E-02
3.627952E-01 -8.225379E-01
2.192606E-01 -9.924978E-01
3.453006E-01 -8.784570E-01
2.246281E-01 -9.805076E-01
2.230961E-01 -9.839201E-01
9.009480E-01 -1.298069E-01
9.873331E-01 5.388820E-02
4.190119E-01 -7.906330E-01
9.364874E-01 -5.330884E-02
9.880121E-01 6.249466E-02
9.844200E-01 6.166084E-02
9.824999E-01 6.303921E-02
9.806645E-01 6.868989E-02
9.795769E-01 6.028003E-02
9.741439E-01 5.916333E-02
9.764651E-01 6.859686E-02
9.714217E-01 6.819657E-02
9.683691E-01 5.862160E-02
9.623572E-01 5.881343E-02
9.658812E-01 6.815619E-02
9.599975E-01 6.879763E-02
9.561249E-01 5.988005E-02
9.496287E-01 6.199377E-02
9.538089E-01 7.034363E-02
9.472808E-01 7.303789E-02
9.427602E-01 6.541386E-02
9.353160E-01 7.053206E-02
9.403024E-01 7.723134E-02
9.326403E-01 8.347785E-02
9.269363E-01 7.786548E-02
9.170269E-01 8.786398E-02
9.238400E-01 9.256994E-02
9.130937E-01 1.053206E-01
9.047482E-01 1.002422E-01
8.893461E-01 1.123946E-01
8.992266E-01 1.215937E-01
8.813371E-01 1.377101E-01
8.713408E-01 1.171126E-01
8.552882E-01 1.029642E-01
8.609646E-01 1.426619E-01
8.451587E-01 1.206682E-01
8.623193E-01 6.532951E-02
1.055577E+00 4.169571E-02
8.553930E-01 7.155761E-02
1.050233E+00 4.429729E-02
9.483609E-01 2.738868E-03
7.592863E-01 6.662240E-04
9.468853E-01 5.129326E-03
9.497115E-01 2.735588E-03
7.605131E-01 6.494118E-04
9.480500E-01 5.264757E-03
9.435264E-01 6.821280E-03
9.414774E-01 7.820064E-03
9.447022E-01 7.255554E-03
9.429359E-01 8.629266E-03
9.396451E-01 8.402862E-03
9.377272E-01 8.891955E-03
9.415769E-01 9.489915E-03
9.401523E-01 1.003635E-02
9.358654E-01 9.456500E-03
9.342382E-01 1.008798E-02
9.386907E-01 1.044410E-02
9.373645E-01 1.078232E-02
9.329486E-01 1.068721E-02
9.320474E-01 1.113969E-02
9.363233E-01 1.101834E-02
9.356600E-01 1.106584E-02
9.315712E-01 1.134503E-02
9.315633E-01 1.121673E-02
9.354273E-01 1.082398E-02
9.356557E-01 1.019386E-02
9.320764E-01 1.066989E-02
9.331583E-01 9.607327E-03
9.363536E-01 9.081293E-03
9.374845E-01 7.401421E-03
9.348096E-01 7.917779E-03
9.368920E-01 5.515026E-03
9.389129E-01 5.105434E-03
9.403226E-01 2.255337E-03
9.389798E-01 2.467720E-03
9.402264E-01 -7.386042E-04
9.411498E-01 -8.366916E-04
9.406346E-01 -3.435811E-03
9.394679E-01 -2.865924E-03
9.357826E-01 -1.737126E-03
9.380950E-01 -4.284282E-03
9.333525E-01 -1.683337E-03
9.292763E-01 5.586319E-03
9.215165E-01 2.205548E-02
9.270362E-01 6.224117E-03
9.205943E-01 2.082152E-02
9.153709E-01 4.808088E-02
9.137881E-01 7.689175E-02
9.160227E-01 4.139379E-02
9.150381E-01 6.308755E-02
9.172948E-01 9.707204E-02
9.234221E-01 1.039688E-01
9.177823E-01 7.907416E-02
9.229827E-01 8.666671E-02
9.251302E-01 8.366607E-02
7.721528E-01 -2.430376E-01
9.290372E-01 8.666557E-02
9.237843E-01 4.549878E-02
2.840789E-01 -9.154105E-01
2.203893E-01 -9.820710E-01
6.375109E-01 -4.572515E-01
2.506680E-01 -9.503318E-01
2.297900E-01 -9.752565E-01
5.155172E-01 -6.692309E-01
2.206703E-01 -9.805253E-01
2.426676E-01 -9.636308E-01
9.566441E-01 2.908351E-03
9.775329E-01 7.260920E-02
6.294207E-01 -5.144818E-01
9.638501E-01 4.055674E-02
9.737509E-01 7.625814E-02
9.687989E-01 7.686028E-02
9.717535E-01 8.216437E-02
9.667286E-01 8.523323E-02
9.633622E-01 7.753850E-02
9.575188E-01 7.880928E-02
9.610286E-01 8.684984E-02
9.550632E-01 8.890698E-02
9.513081E-01 8.098959E-02
9.446835E-01 8.440596E-02
9.487154E-01 9.188788E-02
9.419022E-01 9.619142E-02
9.375169E-01 8.952719E-02
9.295170E-01 9.713667E-02
9.344411E-01 1.024402E-01
9.259407E-01 1.117450E-01
9.200709E-01 1.084502E-01
9.080162E-01 1.248827E-01
9.155178E-01 1.259835E-01
9.014061E-01 1.475607E-01
8.916296E-01 1.465817E-01
8.699249E-01 1.679770E-01
8.809971E-01 1.770362E-01
8.536447E-01 2.051203E-01
8.467096E-01 1.714193E-01
8.331356E-01 1.357266E-01
8.281303E-01 2.025123E-01
8.208664E-01 1.441339E-01
8.489098E-01 7.268195E-02
1.046499E+00 4.311009E-02
8.443674E-01 6.693446E-02
1.045128E+00 3.800008E-02
9.510893E-01 2.707199E-03
7.617311E-01 6.310829E-04
9.492608E-01 5.286026E-03
9.524731E-01 2.654862E-03
7.629358E-01 6.099490E-04
9.504950E-01 5.223373E-03
9.458615E-01 7.422636E-03
9.442264E-01 9.015468E-03
9.470216E-01 7.404984E-03
9.454357E-01 9.094743E-03
9.431778E-01 1.008222E-02
9.421612E-01 1.071708E-02
9.445741E-01 1.027164E-02
9.438523E-01 1.096394E-02
9.411020E-01 1.104289E-02
9.401127E-01 1.114493E-02
9.431287E-01 1.123642E-02
9.424486E-01 1.115500E-02
9.393361E-01 1.103743E-02
9.388792E-01 1.067385E-02
9.419137E-01 1.075232E-02
9.416138E-01 1.001675E-02
9.388003E-01 9.975418E-03
9.391103E-01 8.856104E-03
9.415937E-01 8.905185E-03
9.418373E-01 7.367451E-03
9.397665E-01 7.241988E-03
9.406466E-01 5.096530E-03
9.422540E-01 5.376101E-03
9.426617E-01 2.964241E-03
9.415086E-01 2.467651E-03
9.419574E-01 -4.344017E-04
9.427744E-01 2.751464E-04
9.422230E-01 -2.383584E-03
9.414740E-01 -3.144091E-03
9.395580E-01 -4.883818E-03
9.406360E-01 -4.506414E-03
9.377770E-01 -5.408334E-03
9.359657E-01 -4.602356E-03
9.309161E-01 -1.118924E-03
9.336814E-01 -4.305314E-03
9.287196E-01 -4.374964E-04
9.251461E-01 6.640757E-03
9.198179E-01 1.917774E-02
9.235644E-01 6.758813E-03
9.190971E-01 1.732498E-02
9.162871E-01 3.544694E-02
9.155677E-01 5.203184E-02
9.162329E-01 3.022351E-02
9.155899E-01 4.304428E-02
9.176805E-01 6.464568E-02
9.217596E-01 7.145445E-02
9.171489E-01 5.299767E-02
9.203635E-01 5.877088E-02
9.270037E-01 7.361756E-02
9.321754E-01 6.933365E-02
9.246817E-01 6.101601E-02
9.296698E-01 6.071050E-02
9.097616E-01 -1.252816E-02
4.978428E-01 -6.540754E-01
9.325703E-01 5.015745E-02
8.682682E-01 -1.089942E-01
2.395632E-01 -9.609062E-01
2.245421E-01 -9.766481E-01
3.854926E-01 -7.992899E-01
2.366588E-01 -9.642017E-01
2.686811E-01 -9.415852E-01
7.469290E-01 -3.388603E-01
2.311633E-01 -9.709311E-01
3.202739E-01 -8.925654E-01
9.634640E-01 6.599795E-02
9.649872E-01 9.233976E-02
8.479169E-01 -1.667260E-01
9.602309E-01 8.727333E-02
9.591862E-01 9.606299E-02
9.528075E-01 9.919691E-02
9.574758E-01 1.046286E-01
9.508837E-01 1.096924E-01
9.461513E-01 1.031388E-01
9.390092E-01 1.085226E-01
9.437320E-01 1.148981E-01
9.360848E-01 1.215761E-01
9.311122E-01 1.161522E-01
9.218793E-01 1.276345E-01
9.275503E-01 1.309278E-01
9.172257E-01 1.453248E-01
9.099565E-01 1.459030E-01
8.925193E-01 1.749759E-01
9.028897E-01 1.694562E-01
8.798344E-01 2.098807E-01
8.656243E-01 2.157026E-01
8.306186E-01 2.508457E-01
8.425689E-01 2.664114E-01
7.995528E-01 3.045171E-01
8.063973E-01 2.318083E-01
8.116730E-01 1.403159E-01
7.862422E-01 2.494194E-01
8.093803E-01 1.204843E-01
8.431031E-01 5.465236E-02
1.046170E+00 3.042758E-02
8.452959E-01 3.921098E-02
1.048972E+00 2.286648E-02
9.538436E-01 2.578069E-03
7.641195E-01 5.851387E-04
9.517285E-01 5.090382E-03
9.551831E-01 2.476509E-03
7.652724E-01 5.562138E-04
9.529387E-01 4.894946E-03
9.481722E-01 7.246846E-03
9.465887E-01 8.944686E-03
9.492940E-01 6.975162E-03
9.476827E-01 8.618215E-03
9.458281E-01 1.014662E-02
9.452961E-01 1.084483E-02
9.469613E-01 9.780672E-03
9.465311E-01 1.043692E-02
9.448130E-01 1.106110E-02
9.443694E-01 1.083335E-02
9.461902E-01 1.058269E-02
9.458899E-01 1.023365E-02
9.440157E-01 1.019414E-02
9.438033E-01 9.156572E-03
9.456331E-01 9.417005E-03
9.454258E-01 8.163049E-03
9.437466E-01 7.717166E-03
9.437986E-01 5.875052E-03
9.452453E-01 6.505218E-03
9.450173E-01 4.493086E-03
9.438363E-01 3.662528E-03
9.436568E-01 1.182380E-03
9.446069E-01 2.215891E-03
9.438273E-01 -1.708924E-04
9.429938E-01 -1.355072E-03
9.415685E-01 -3.608866E-03
9.424724E-01 -2.426867E-03
9.403706E-01 -4.227249E-03
9.391733E-01 -5.115237E-03
9.357639E-01 -5.333898E-03
9.374476E-01 -5.188514E-03
9.337720E-01 -4.914192E-03
9.315143E-01 -3.721990E-03
9.268151E-01 1.780435E-04
9.295668E-01 -3.049063E-03
9.251860E-01 6.612042E-04
9.222248E-01 6.616593E-03
9.183956E-01 1.541722E-02
9.210732E-01 6.283904E-03
9.177067E-01 1.355523E-02
9.159499E-01 2.566854E-02
9.152756E-01 3.565289E-02
9.155140E-01 2.171453E-02
9.147476E-01 2.951786E-02
9.163507E-01 4.349157E-02
9.188257E-01 4.821481E-02
9.153926E-01 3.565565E-02
9.172243E-01 3.939531E-02
9.223415E-01 5.017593E-02
9.267549E-01 5.035287E-02
9.200084E-01 4.088241E-02
9.236542E-01 4.087058E-02
9.316456E-01 4.864346E-02
9.307369E-01 2.807081E-02
9.282389E-01 4.006371E-02
9.331924E-01 3.698947E-02
7.891937E-01 -2.511321E-01
3.147619E-01 -8.846481E-01
9.259933E-01 -8.129495E-04
6.778952E-01 -4.248284E-01
2.374751E-01 -9.647040E-01
2.404818E-01 -9.630654E-01
2.807446E-01 -9.239208E-01
2.412623E-01 -9.630400E-01
4.126005E-01 -7.900465E-01
9.144846E-01 -2.640634E-02
2.535971E-01 -9.531671E-01
5.507015E-01 -6.112216E-01
9.557470E-01 1.089878E-01
9.492835E-01 1.206096E-01
9.420743E-01 6.620852E-02
9.487764E-01 1.315913E-01
9.414930E-01 1.273893E-01
9.331679E-01 1.356312E-01
9.397287E-01 1.411552E-01
9.302156E-01 1.512077E-01
9.237125E-01 1.471902E-01
9.116762E-01 1.657394E-01
9.193985E-01 1.656994E-01
9.044071E-01 1.907213E-01
8.931651E-01 1.989691E-01
8.602294E-01 2.569767E-01
8.780950E-01 2.389751E-01
8.278825E-01 3.233490E-01
8.076643E-01 3.329981E-01
7.630943E-01 3.582915E-01
7.585287E-01 4.141563E-01
7.328581E-01 3.915804E-01
7.764643E-01 2.406060E-01
8.152599E-01 8.818399E-02
7.844840E-01 1.963970E-01
8.262718E-01 5.496679E-02
8.497977E-01 2.549007E-02
1.052578E+00 1.749078E-02
8.550068E-01 1.702053E-02
1.056108E+00 1.535609E-02
9.564745E-01 2.350571E-03
7.663834E-01 5.230752E-04
9.541049E-01 4.643523E-03
9.577017E-01 2.201335E-03
7.674412E-01 4.858457E-04
9.552090E-01 4.342700E-03
9.503666E-01 6.609709E-03
9.487040E-01 8.154842E-03
9.513707E-01 6.167712E-03
9.496362E-01 7.587383E-03
9.479741E-01 9.233964E-03
9.475732E-01 9.813801E-03
9.488578E-01 8.557106E-03
9.484263E-01 9.041093E-03
9.472850E-01 9.877072E-03
9.470333E-01 9.427292E-03
9.481152E-01 9.017929E-03
9.478291E-01 8.488761E-03
9.467830E-01 8.489382E-03
9.464993E-01 7.107519E-03
9.475045E-01 7.482011E-03
9.470765E-01 6.054435E-03
9.461260E-01 5.345568E-03
9.455716E-01 3.294453E-03
9.464663E-01 4.291826E-03
9.455774E-01 2.311788E-03
9.447083E-01 1.085357E-03
9.433890E-01 -1.097917E-03
9.443029E-01 2.674671E-04
9.425424E-01 -1.652010E-03
9.414803E-01 -3.016226E-03
9.389048E-01 -4.387926E-03
9.402290E-01 -3.228880E-03
9.373542E-01 -4.233175E-03
9.356777E-01 -4.916377E-03
9.319221E-01 -4.325010E-03
9.339847E-01 -4.445245E-03
9.302623E-01 -3.679493E-03
9.278622E-01 -2.393456E-03
9.237978E-01 1.001892E-03
9.263910E-01 -1.807678E-03
9.226166E-01 1.213023E-03
9.200736E-01 5.827055E-03
9.170391E-01 1.179782E-02
9.192036E-01 5.297293E-03
9.164077E-01 1.017295E-02
9.149911E-01 1.829308E-02
9.140977E-01 2.439430E-02
9.144360E-01 1.533713E-02
9.134012E-01 2.009830E-02
9.143501E-01 2.915830E-02
9.156048E-01 3.201353E-02
9.132960E-01 2.375574E-02
9.140249E-01 2.585056E-02
9.177081E-01 3.298020E-02
9.206144E-01 3.255852E-02
9.154877E-01 2.632272E-02
9.176642E-01 2.547504E-02
9.243981E-01 3.140199E-02
9.291496E-01 2.974842E-02
9.206485E-01 2.379661E-02
9.245883E-01 2.168868E-02
9.336726E-01 2.382994E-02
9.124940E-01 -4.698342E-02
9.293781E-01 1.880399E-02
9.321678E-01 7.136386E-03
5.561040E-01 -5.983958E-01
2.696735E-01 -9.378467E-01
8.788137E-01 -1.252685E-01
4.505077E-01 -7.394798E-01
2.483765E-01 -9.595007E-01
2.791424E-01 -9.350548E-01
2.704109E-01 -9.407507E-01
2.601953E-01 -9.523613E-01
7.132964E-01 -3.625678E-01
9.427846E-01 1.198910E-01
3.439572E-01 -8.761630E-01
8.505401E-01 -9.967822E-02
9.381438E-01 1.557233E-01
9.272475E-01 1.689233E-01
9.336628E-01 1.615386E-01
9.230541E-01 1.895650E-01
9.140116E-01 1.880414E-01
8.933281E-01 2.241652E-01
9.058363E-01 2.174446E-01
8.731815E-01 2.743962E-01
8.516744E-01 2.979478E-01
7.752990E-01 4.148711E-01
8.030377E-01 3.877894E-01
7.036234E-01 5.222191E-01
7.032686E-01 4.933515E-01
7.277893E-01 3.749645E-01
6.665352E-01 5.361313E-01
7.573209E-01 2.934012E-01
8.072252E-01 1.293601E-01
8.377150E-01 3.179775E-02
8.320391E-01 7.004828E-02
8.467667E-01 2.180791E-02
8.597258E-01 1.470092E-02
1.058888E+00 1.656000E-02
8.633324E-01 1.761240E-02
1.060456E+00 2.077395E-02
9.588503E-01 2.030140E-03
7.684341E-01 4.446949E-04
9.562354E-01 3.999469E-03
9.599078E-01 1.837358E-03
7.693514E-01 3.995221E-04
9.571715E-01 3.620508E-03
9.522900E-01 5.665687E-03
9.504635E-01 6.945173E-03
9.531103E-01 5.119656E-03
9.511718E-01 6.254524E-03
9.496021E-01 7.793416E-03
9.490918E-01 8.174398E-03
9.501980E-01 6.978162E-03
9.495737E-01 7.256378E-03
9.486988E-01 8.069094E-03
9.483138E-01 7.484377E-03
9.490592E-01 7.079160E-03
9.485333E-01 6.464880E-03
9.478540E-01 6.456878E-03
9.472357E-01 5.053907E-03
9.479005E-01 5.459611E-03
9.470696E-01 4.137107E-03
9.463704E-01 3.373739E-03
9.451684E-01 1.545152E-03
9.459538E-01 2.598856E-03
9.444776E-01 9.717708E-04
9.435490E-01 -2.753043E-04
9.414555E-01 -1.910127E-03
9.425869E-01 -5.978439E-04
9.402593E-01 -1.954018E-03
9.388713E-01 -3.172560E-03
9.358322E-01 -3.881981E-03
9.375122E-01 -2.943292E-03
9.344056E-01 -3.427351E-03
9.324295E-01 -3.880241E-03
9.288039E-01 -3.046847E-03
9.310385E-01 -3.294331E-03
9.275411E-01 -2.468484E-03
9.251325E-01 -1.314026E-03
9.216133E-01 1.313562E-03
9.240635E-01 -9.201809E-04
9.207646E-01 1.320147E-03
9.184490E-01 4.729109E-03
9.158265E-01 8.686867E-03
9.177996E-01 4.141662E-03
9.153059E-01 7.330430E-03
9.138907E-01 1.278108E-02
9.127153E-01 1.648219E-02
9.133841E-01 1.056016E-02
9.120799E-01 1.342048E-02
9.122909E-01 1.925555E-02
9.125483E-01 2.072286E-02
9.113785E-01 1.549518E-02
9.112225E-01 1.646631E-02
9.134166E-01 2.077301E-02
9.148876E-01 1.955996E-02
9.115542E-01 1.619110E-02
9.123639E-01 1.471188E-02
9.170522E-01 1.740639E-02
9.200880E-01 1.467570E-02
9.137255E-01 1.220724E-02
9.158063E-01 8.922150E-03
9.241718E-01 1.156394E-02
9.289481E-01 7.102529E-03
9.188371E-01 5.115251E-03
9.230401E-01 8.775761E-04
9.282128E-01 -1.484714E-02
8.139326E-01 -2.457715E-01
9.277581E-01 -5.937021E-03
9.201829E-01 -4.638784E-02
3.793890E-01 -8.308978E-01
2.772933E-01 -9.386008E-01
7.180440E-01 -4.014907E-01
3.447412E-01 -8.764175E-01
2.770022E-01 -9.404252E-01
4.848538E-01 -7.065001E-01
2.895449E-01 -9.340940E-01
3.034834E-01 -9.249231E-01
9.152143E-01 1.021910E-01
9.171091E-01 2.167613E-01
6.937610E-01 -3.667566E-01
9.028127E-01 2.382429E-01
8.906053E-01 2.620230E-01
8.318162E-01 3.570857E-01
8.565762E-01 3.395172E-01
7.534455E-01 4.850374E-01
7.246596E-01 5.093890E-01
6.375345E-01 6.095320E-01
6.380649E-01 6.262233E-01
6.105624E-01 6.392316E-01
6.750424E-01 5.054693E-01
8.048456E-01 1.780926E-01
7.301706E-01 3.904322E-01
8.431157E-01 8.647697E-02
8.498787E-01 3.662487E-02
8.526938E-01 2.233197E-02
8.598336E-01 2.580610E-02
8.556307E-01 2.926675E-02
8.655492E-01 2.427835E-02
1.060599E+00 2.754081E-02
8.663438E-01 3.314486E-02
1.059421E+00 3.641163E-02
9.608641E-01 1.619196E-03
7.701817E-01 3.493491E-04
9.580065E-01 3.209988E-03
9.617107E-01 1.359736E-03
7.709111E-01 2.908720E-04
9.587285E-01 2.764235E-03
9.538182E-01 4.543438E-03
9.517472E-01 5.535232E-03
9.543951E-01 3.941589E-03
9.521756E-01 4.787788E-03
9.506408E-01 6.133035E-03
9.498845E-01 6.311359E-03
9.509339E-01 5.252843E-03
9.500473E-01 5.336074E-03
9.492289E-01 6.076713E-03
9.485411E-01 5.460274E-03
9.492487E-01 5.063180E-03
9.483957E-01 4.472588E-03
9.477196E-01 4.514377E-03
9.466746E-01 3.313484E-03
9.473874E-01 3.616778E-03
9.461424E-01 2.565218E-03
9.453291E-01 1.954412E-03
9.436252E-01 5.531021E-04
9.445976E-01 1.404393E-03
9.427127E-01 2.341035E-04
9.415320E-01 -7.624023E-04
9.390518E-01 -1.861730E-03
9.404755E-01 -8.392187E-04
9.379038E-01 -1.710930E-03
9.362216E-01 -2.622814E-03
9.331119E-01 -2.941603E-03
9.350450E-01 -2.286554E-03
9.319711E-01 -2.488981E-03
9.298199E-01 -2.739880E-03
9.264615E-01 -1.971723E-03
9.287726E-01 -2.264015E-03
9.255510E-01 -1.585102E-03
9.231628E-01 -6.304568E-04
9.200514E-01 1.241511E-03
9.224117E-01 -4.584823E-04
9.194579E-01 1.069876E-03
9.172472E-01 3.539183E-03
9.148517E-01 6.081469E-03
9.167838E-01 2.905912E-03
9.144651E-01 4.900370E-03
9.129341E-01 8.607968E-03
9.115194E-01 1.079957E-02
9.125492E-01 6.848871E-03
9.110455E-01 8.505644E-03
9.105856E-01 1.232886E-02
9.100782E-01 1.292636E-02
9.099245E-01 9.613850E-03
9.091292E-01 9.945902E-03
9.099404E-01 1.243234E-02
9.101507E-01 1.080895E-02
9.085971E-01 9.337855E-03
9.082882E-01 7.699436E-03
9.107553E-01 8.114030E-03
9.118868E-01 4.463817E-03
9.082108E-01 4.997500E-03
9.084456E-01 1.229520E-03
9.137719E-01 1.400331E-05
9.167034E-01 -5.050206E-03
9.091651E-01 -3.584381E-03
9.106506E-01 -9.374546E-03
9.209070E-01 -1.086875E-02
9.248284E-01 -2.216950E-02
9.132586E-01 -1.604143E-02
9.170344E-01 -2.417419E-02
9.017409E-01 -9.806765E-02
6.086055E-01 -5.651559E-01
9.180412E-01 -4.389639E-02
8.591320E-01 -1.872562E-01
3.375396E-01 -8.925186E-01
3.092806E-01 -9.252841E-01
5.085481E-01 -7.028133E-01
3.425553E-01 -8.952614E-01
3.967115E-01 -8.476478E-01
8.405749E-01 1.260354E-01
3.280273E-01 -9.157703E-01
6.311818E-01 -2.995683E-01
7.772475E-01 4.689095E-01
6.500280E-01 6.258479E-01
6.508671E-01 6.457893E-01
5.717344E-01 7.211040E-01
5.846131E-01 6.905229E-01
6.350387E-01 5.951430E-01
5.741860E-01 6.986538E-01
6.996327E-01 4.745147E-01
7.990940E-01 2.348944E-01
8.631007E-01 4.097225E-02
8.464509E-01 1.100496E-01
8.693397E-01 2.780843E-02
8.633650E-01 2.885175E-02
8.558562E-01 3.920158E-02
8.617109E-01 3.837847E-02
8.538891E-01 4.920497E-02
8.659373E-01 4.269186E-02
1.057354E+00 4.682573E-02
8.648190E-01 5.144937E-02
1.055099E+00 5.789918E-02
9.624344E-01 1.012863E-03
7.715153E-01 2.129696E-04
9.593145E-01 2.257661E-03
9.629958E-01 4.645481E-04
7.719529E-01 7.216829E-05
9.597059E-01 1.597525E-03
9.548105E-01 3.283400E-03
9.524474E-01 3.959606E-03
9.550236E-01 2.421638E-03
9.525725E-01 2.878665E-03
9.510947E-01 4.280371E-03
9.500953E-01 4.280798E-03
9.511499E-01 3.058828E-03
9.500594E-01 3.000843E-03
9.491634E-01 3.994094E-03
9.481544E-01 3.456399E-03
9.490105E-01 2.727606E-03
9.478636E-01 2.266574E-03
9.469742E-01 2.714566E-03
9.455532E-01 1.828823E-03
9.465349E-01 1.655724E-03
9.449675E-01 9.435551E-04
9.438434E-01 8.720562E-04
9.418202E-01 -7.417243E-05
9.431274E-01 1.881237E-04
9.410023E-01 -5.474699E-04
9.394848E-01 -9.252540E-04
9.368646E-01 -1.600258E-03
9.386030E-01 -1.198865E-03
9.359618E-01 -1.706105E-03
9.340105E-01 -2.027989E-03
9.309919E-01 -2.152297E-03
9.331298E-01 -2.017129E-03
9.301716E-01 -2.092260E-03
9.278907E-01 -1.936022E-03
9.247950E-01 -1.364860E-03
9.271610E-01 -1.906360E-03
9.241742E-01 -1.452774E-03
9.217933E-01 -4.514570E-04
9.189700E-01 7.594632E-04
9.212870E-01 -7.461834E-04
9.185687E-01 1.723694E-04
9.164003E-01 2.186703E-03
9.141425E-01 3.710745E-03
9.160811E-01 1.234362E-03
9.138709E-01 2.346714E-03
9.122293E-01 5.176523E-03
9.106586E-01 6.400817E-03
9.119623E-01 3.399773E-03
9.103446E-01 4.267850E-03
9.093936E-01 7.186230E-03
9.083725E-01 7.342854E-03
9.089738E-01 4.806373E-03
9.077834E-01 4.857679E-03
9.075253E-01 6.713340E-03
9.067915E-01 5.180598E-03
9.066980E-01 4.280667E-03
9.056373E-01 2.953430E-03
9.061388E-01 2.653146E-03
9.055839E-01 -9.611422E-04
9.045312E-01 7.597156E-04
9.033308E-01 -2.444427E-03
9.052169E-01 -5.766310E-03
9.052308E-01 -1.185257E-02
9.020300E-01 -6.846748E-03
9.006893E-01 -1.267139E-02
9.059460E-01 -1.921358E-02
9.077569E-01 -2.773888E-02
8.994777E-01 -2.009072E-02
8.986982E-01 -2.904528E-02
9.103528E-01 -3.869333E-02
9.045523E-01 -7.450096E-02
8.986946E-01 -3.928388E-02
8.981899E-01 -5.453528E-02
7.774574E-01 -3.258447E-01
4.389398E-01 -7.898865E-01
8.751382E-01 -1.251017E-01
6.581293E-01 -4.949680E-01
3.425391E-01 -8.903549E-01
4.604805E-01 -6.464495E-01
3.892572E-01 -8.320165E-01
3.882478E-01 -7.802982E-01
5.382960E-01 7.600833E-01
5.301692E-01 7.595415E-01
4.759329E-01 7.259081E-01
5.115833E-01 7.466019E-01
5.945388E-01 6.587357E-01
7.753138E-01 3.013891E-01
6.466386E-01 5.471531E-01
8.264305E-01 1.412068E-01
8.642953E-01 4.586073E-02
8.657830E-01 3.138656E-02
8.609805E-01 2.453429E-02
8.550713E-01 4.063662E-02
8.560579E-01 4.898058E-02
8.506263E-01 5.668076E-02
8.481418E-01 5.607839E-02
8.470795E-01 5.968560E-02
8.636196E-01 5.801724E-02
1.053460E+00 6.816039E-02
8.628880E-01 6.113553E-02
1.053099E+00 7.530995E-02
9.632686E-01 -5.456771E-04
7.721747E-01 -2.963331E-04
9.597507E-01 4.737146E-04
9.627047E-01 -2.438497E-03
7.721782E-01 -1.170961E-03
9.590803E-01 -1.896687E-03
9.550076E-01 9.347851E-04
9.525498E-01 1.167348E-03
9.545178E-01 -1.721577E-03
9.520966E-01 -1.632910E-03
9.510885E-01 1.241415E-03
9.499281E-01 1.154956E-03
9.506268E-01 -1.615533E-03
9.494248E-01 -1.713973E-03
9.487838E-01 9.209637E-04
9.475236E-01 5.537862E-04
9.482133E-01 -1.883922E-03
9.468729E-01 -2.157119E-03
9.460757E-01 8.490894E-05
9.443941E-01 -4.533384E-04
9.453411E-01 -2.473282E-03
9.435818E-01 -2.852094E-03
9.424570E-01 -1.014206E-03
9.402600E-01 -1.555900E-03
9.415801E-01 -3.221033E-03
9.393388E-01 -3.595729E-03
9.378215E-01 -2.028419E-03
9.351747E-01 -2.393854E-03
9.368789E-01 -3.900351E-03
9.342354E-01 -4.155594E-03
9.323705E-01 -2.611839E-03
9.294674E-01 -2.659957E-03
9.314565E-01 -4.290303E-03
9.285975E-01 -4.337623E-03
9.265332E-01 -2.517478E-03
9.236340E-01 -2.186721E-03
9.257197E-01 -4.237410E-03
9.228837E-01 -4.041372E-03
9.208366E-01 -1.676916E-03
9.181983E-01 -1.028571E-03
9.201485E-01 -3.707361E-03
9.175639E-01 -3.317355E-03
9.157716E-01 -2.944953E-04
9.135946E-01 4.488362E-04
9.151731E-01 -2.864059E-03
9.130083E-01 -2.460049E-03
9.116893E-01 1.139187E-03
9.100397E-01 1.705393E-03
9.110866E-01 -2.081865E-03
9.094031E-01 -1.786607E-03
9.085919E-01 2.057448E-03
9.072793E-01 2.052366E-03
9.078792E-01 -1.555000E-03
9.064704E-01 -1.597518E-03
9.060217E-01 1.584198E-03
9.047247E-01 5.336545E-04
9.050743E-01 -1.898966E-03
9.036072E-01 -2.642992E-03
9.032848E-01 -1.198945E-03
9.015956E-01 -3.781018E-03
9.019199E-01 -3.806666E-03
8.998841E-01 -5.630199E-03
8.995541E-01 -7.414462E-03
8.970745E-01 -1.240367E-02
8.972929E-01 -8.182846E-03
8.939502E-01 -1.185003E-02
8.941135E-01 -1.903401E-02
8.907229E-01 -2.744948E-02
8.895740E-01 -1.682242E-02
8.839363E-01 -2.345067E-02
8.870734E-01 -3.729490E-02
8.831230E-01 -4.855984E-02
8.768484E-01 -3.139781E-02
8.683631E-01 -4.006421E-02
8.745130E-01 -7.315932E-02
8.108114E-01 -2.139815E-01
8.578497E-01 -5.165557E-02
8.340457E-01 -9.903759E-02
5.357665E-01 -6.309726E-01
3.864879E-01 -7.679426E-01
7.080205E-01 -3.318996E-01
4.688257E-01 -6.088524E-01
4.506874E-01 5.931543E-01
5.241848E-01 6.780962E-01
4.556921E-01 4.122621E-01
5.909787E-01 5.177336E-01
7.231758E-01 3.527158E-01
8.360047E-01 4.776986E-02
7.771852E-01 1.602104E-01
8.187531E-01 9.250271E-03
8.439914E-01 2.159693E-02
8.399974E-01 4.644770E-02
8.201168E-01 1.960932E-02
8.235556E-01 4.044816E-02
8.397488E-01 5.551174E-02
8.438689E-01 5.686770E-02
8.313242E-01 4.321067E-02
8.404938E-01 4.620348E-02
8.627984E-01 5.962285E-02
1.054427E+00 7.616641E-02
8.626927E-01 5.186440E-02
1.058389E+00 6.753155E-02
9.597056E-01 -2.315224E-03
7.733862E-01 7.003660E-04
9.562125E-01 -2.743422E-03
9.666322E-01 1.163519E-01
7.753287E-01 9.490570E-02
9.634702E-01 1.149553E-01
9.517517E-01 -2.617612E-03
9.494809E-01 -2.592565E-03
9.591860E-01 1.149372E-01
9.571164E-01 1.152375E-01
9.480679E-01 -2.608513E-03
9.468947E-01 -2.697296E-03
9.558053E-01 1.156001E-01
9.546360E-01 1.159910E-01
9.456616E-01 -2.803261E-03
9.443152E-01 -2.975379E-03
9.534078E-01 1.163529E-01
9.520297E-01 1.167162E-01
9.427501E-01 -3.152058E-03
9.409865E-01 -3.375434E-03
9.504592E-01 1.170378E-01
9.486649E-01 1.173545E-01
9.389632E-01 -3.576738E-03
9.367361E-01 -3.796244E-03
9.466433E-01 1.176257E-01
9.443974E-01 1.178932E-01
9.342776E-01 -3.963342E-03
9.316724E-01 -4.121275E-03
9.419553E-01 1.181191E-01
9.393477E-01 1.183503E-01
9.289171E-01 -4.201615E-03
9.261134E-01 -4.254209E-03
9.366253E-01 1.185504E-01
9.338351E-01 1.187702E-01
9.232697E-01 -4.216027E-03
9.204910E-01 -4.146635E-03
9.310376E-01 1.189733E-01
9.282834E-01 1.192120E-01
9.177830E-01 -3.992167E-03
9.152389E-01 -3.828831E-03
9.256296E-01 1.194467E-01
9.231149E-01 1.197274E-01
9.128471E-01 -3.622913E-03
9.106760E-01 -3.467262E-03
9.207760E-01 1.200072E-01
9.186307E-01 1.203347E-01
9.086744E-01 -3.312840E-03
9.068703E-01 -3.204958E-03
9.166901E-01 1.206648E-01
9.149750E-01 1.210415E-01
9.051573E-01 -3.090666E-03
9.035786E-01 -3.136146E-03
9.133753E-01 1.213746E-01
9.118826E-01 1.217359E-01
9.019627E-01 -3.287878E-03
9.002897E-01 -3.691354E-03
9.103599E-01 1.220162E-01
9.087502E-01 1.222792E-01
8.983290E-01 -4.288277E-03
8.959948E-01 -5.260790E-03
9.068495E-01 1.224007E-01
9.045303E-01 1.224322E-01
8.929588E-01 -6.606575E-03
8.889995E-01 -8.602676E-03
9.014734E-01 1.222142E-01
8.973946E-01 1.217541E-01
8.836067E-01 -1.133421E-02
8.763914E-01 -1.509235E-02
8.917475E-01 1.208143E-01
8.840205E-01 1.193232E-01
8.668258E-01 -1.966999E-02
8.549596E-01 -2.461261E-02
8.736017E-01 1.169926E-01
8.604916E-01 1.138249E-01
8.412200E-01 -2.986138E-02
8.235633E-01 -4.579181E-02
8.454730E-01 1.095567E-01
8.284472E-01 1.021405E-01
7.714157E-01 -1.321392E-01
5.855226E-01 -3.243211E-01
7.915129E-01 7.772200E-02
6.349143E-01 9.117716E-03
4.975382E-01 2.126848E-01
6.832816E-01 2.720593E-01
5.232730E-01 1.058764E-01
7.412974E-01 1.552603E-01
7.875736E-01 5.238564E-02
7.961534E-01 -2.036599E-03
7.991273E-01 1.232558E-01
7.993340E-01 1.176312E-01
7.984669E-01 1.157397E-02
8.094317E-01 2.253557E-02
8.035550E-01 1.238223E-01
8.182246E-01 1.290315E-01
8.224796E-01 2.260646E-02
8.353965E-01 2.716520E-02
8.327316E-01 1.310561E-01
8.460956E-01 1.339332E-01
8.606644E-01 3.227196E-02
1.069167E+00 5.549882E-02
8.742818E-01 1.394052E-01
1.183841E+00 2.792468E-01
7.845480E-01 3.953779E-02
6.629422E-01 6.702174E-02
5.596764E-01 9.708869E-02
6.718491E-01 6.551753E-02
8.009016E-01 3.170379E-02
6.780950E-01 6.017215E-02
6.810255E-01 5.988119E-02
5.591035E-01 -9.706416E-02
6.622744E-01 -6.696587E-02
7.833877E-01 -3.942397E-02
6.711081E-01 -6.547899E-02
6.772675E-01 -6.018071E-02
7.997257E-01 -3.147112E-02
6.801012E-01 -5.992010E-02
8.132040E-01 2.782349E-02
6.850722E-01 5.904846E-02
6.870021E-01 5.842235E-02
8.195949E-01 2.574501E-02
6.889236E-01 5.820321E-02
6.900878E-01 5.789086E-02
6.840381E-01 -5.909012E-02
8.118843E-01 -2.745729E-02
6.858323E-01 -5.844437E-02
6.875833E-01 -5.817591E-02
8.180245E-01 -2.512579E-02
6.885234E-01 -5.777573E-02
8.226395E-01 2.476360E-02
6.910463E-01 5.782859E-02
6.917140E-01 5.775048E-02
8.238027E-01 2.431536E-02
6.922264E-01 5.771505E-02
6.926012E-01 5.765567E-02
6.891918E-01 -5.754320E-02
8.207037E-01 -2.370479E-02
6.894890E-01 -5.724207E-02
6.895517E-01 -5.709033E-02
8.214731E-01 -2.279215E-02
6.893922E-01 -5.704520E-02
8.238378E-01 2.407821E-02
6.928641E-01 5.764467E-02
6.930512E-01 5.763441E-02
8.231199E-01 2.402169E-02
6.931921E-01 5.769157E-02
6.933081E-01 5.785492E-02
6.890613E-01 -5.705941E-02
8.210569E-01 -2.229718E-02
6.885941E-01 -5.713334E-02
6.880128E-01 -5.726487E-02
8.198370E-01 -2.205959E-02
6.873464E-01 -5.742432E-02
8.217893E-01 2.414049E-02
6.934105E-01 5.810406E-02
6.935049E-01 5.832365E-02
8.197515E-01 2.402306E-02
6.935549E-01 5.841278E-02
6.934911E-01 5.820476E-02
6.866171E-01 -5.763927E-02
8.180559E-01 -2.199264E-02
6.858331E-01 -5.794785E-02
6.849977E-01 -5.827569E-02
8.158181E-01 -2.208927E-02
6.841512E-01 -5.858931E-02
8.170097E-01 2.311571E-02
6.932964E-01 5.758143E-02
6.929406E-01 5.674449E-02
8.138342E-01 2.167723E-02
6.923475E-01 5.589124E-02
6.915419E-01 5.504511E-02
6.832804E-01 -5.893833E-02
8.131660E-01 -2.221287E-02
6.823891E-01 -5.925550E-02
6.814743E-01 -5.947311E-02
8.101143E-01 -2.229744E-02
6.805450E-01 -5.961892E-02
8.102973E-01 2.042907E-02
6.905818E-01 5.442697E-02
6.894215E-01 5.411435E-02
8.061880E-01 1.959988E-02
6.880624E-01 5.386364E-02
6.865527E-01 5.357693E-02
6.795752E-01 -5.968265E-02
8.066268E-01 -2.226102E-02
6.785615E-01 -5.965505E-02
6.774940E-01 -5.961528E-02
8.026483E-01 -2.215056E-02
6.763644E-01 -5.957219E-02
8.013833E-01 1.886083E-02
6.848853E-01 5.334355E-02
6.830346E-01 5.315516E-02
7.958233E-01 1.817293E-02
6.810133E-01 5.294844E-02
6.788062E-01 5.281700E-02
6.751674E-01 -5.948152E-02
7.980867E-01 -2.202618E-02
6.738975E-01 -5.937621E-02
6.725264E-01 -5.929768E-02
7.928559E-01 -2.186663E-02
6.710565E-01 -5.922664E-02
7.893736E-01 1.755101E-02
6.763834E-01 5.275196E-02
6.737446E-01 5.278056E-02
7.816651E-01 1.702259E-02
6.708213E-01 5.297192E-02
6.675817E-01 5.324422E-02
6.694680E-01 -5.923937E-02
7.867316E-01 -2.169404E-02
6.677092E-01 -5.940245E-02
6.656786E-01 -5.959401E-02
7.791351E-01 -2.139826E-02
6.633382E-01 -5.955553E-02
7.717922E-01 1.627554E-02
6.638619E-01 5.365108E-02
6.595083E-01 5.397405E-02
7.581546E-01 1.437497E-02
6.543013E-01 5.417567E-02
6.477683E-01 5.380637E-02
6.603999E-01 -5.904198E-02
7.689411E-01 -1.971555E-02
6.566233E-01 -5.768604E-02
6.517873E-01 -5.588126E-02
7.549716E-01 -1.554639E-02
6.454669E-01 -5.427694E-02
7.378082E-01 9.021392E-03
6.392189E-01 5.250234E-02
6.277377E-01 4.987878E-02
6.368917E-01 -5.250965E-02
7.343366E-01 -8.883835E-03
6.251886E-01 -4.965936E-02
6.436850E-01 8.235329E-02
5.564840E-01 1.244011E-01
5.061770E-01 1.543402E-01
5.622033E-01 1.105540E-01
4.924074E-01 1.850007E-03
4.900745E-01 1.884710E-03
4.912129E-01 2.868898E-03
6.598057E-01 6.552167E-02
5.623779E-01 1.054422E-01
5.638510E-01 1.054118E-01
4.908924E-01 5.109843E-03
4.905154E-01 8.075133E-03
6.744911E-01 6.307005E-02
5.668762E-01 1.023741E-01
5.675219E-01 1.002035E-01
4.905900E-01 1.068384E-02
4.902864E-01 1.296521E-02
6.787527E-01 5.973110E-02
5.682214E-01 9.916257E-02
5.688710E-01 9.888604E-02
4.900094E-01 1.550411E-02
4.899063E-01 1.759109E-02
5.561406E-01 -1.247287E-01
5.058527E-01 -1.546620E-01
5.617834E-01 -1.109807E-01
6.430131E-01 -8.231939E-02
5.617801E-01 -1.061746E-01
5.630196E-01 -1.065615E-01
6.591199E-01 -6.546175E-02
5.658358E-01 -1.038895E-01
5.662933E-01 -1.020359E-01
6.737087E-01 -6.305702E-02
5.667893E-01 -1.013474E-01
5.672636E-01 -1.013624E-01
6.778789E-01 -5.975781E-02
6.833531E-01 5.981546E-02
5.698482E-01 9.849283E-02
5.705738E-01 9.768118E-02
4.899524E-01 1.947213E-02
4.897736E-01 2.136600E-02
6.860592E-01 5.854499E-02
5.710949E-01 9.697042E-02
5.715239E-01 9.661511E-02
4.895498E-01 2.349202E-02
4.894278E-01 2.557211E-02
6.880451E-01 5.840173E-02
5.719943E-01 9.638198E-02
5.724453E-01 9.601637E-02
4.893538E-01 2.764633E-02
4.891953E-01 2.990275E-02
6.895596E-01 5.798507E-02
5.728320E-01 9.562944E-02
5.731714E-01 9.535944E-02
4.890136E-01 3.235852E-02
4.888620E-01 3.484536E-02
5.680803E-01 -1.012194E-01
5.686419E-01 -1.006462E-01
6.823761E-01 -5.985896E-02
5.689806E-01 -1.001996E-01
5.692254E-01 -1.001006E-01
6.849609E-01 -5.858008E-02
5.695071E-01 -1.001144E-01
5.697500E-01 -1.000090E-01
6.867955E-01 -5.840289E-02
5.699060E-01 -9.990502E-02
5.700012E-01 -9.991896E-02
6.881150E-01 -5.792079E-02
6.905944E-01 5.787100E-02
5.735056E-01 9.516611E-02
5.738312E-01 9.496259E-02
4.887228E-01 3.724313E-02
4.885561E-01 3.955940E-02
6.914127E-01 5.777507E-02
5.741460E-01 9.475209E-02
5.744593E-01 9.455737E-02
4.883811E-01 4.195025E-02
4.882069E-01 4.447551E-02
6.919832E-01 5.774102E-02
5.747853E-01 9.436789E-02
5.751239E-01 9.416665E-02
4.880343E-01 4.706813E-02
4.878505E-01 4.963216E-02
6.924320E-01 5.767896E-02
5.754544E-01 9.397260E-02
5.757709E-01 9.381040E-02
4.876540E-01 5.201365E-02
4.874488E-01 5.414035E-02
5.700837E-01 -9.998522E-02
5.701418E-01 -1.000230E-01
6.888938E-01 -5.768274E-02
5.701511E-01 -1.000842E-01
5.701033E-01 -1.002275E-01
6.893820E-01 -5.737811E-02
5.700052E-01 -1.004579E-01
5.698512E-01 -1.007761E-01
6.895466E-01 -5.714845E-02
5.696639E-01 -1.011243E-01
5.694552E-01 -1.014805E-01
6.894985E-01 -5.705837E-02
6.927442E-01 5.764826E-02
5.760850E-01 9.367852E-02
5.764041E-01 9.356340E-02
4.872315E-01 5.617069E-02
4.869961E-01 5.818560E-02
6.929642E-01 5.763642E-02
5.767252E-01 9.345766E-02
5.770394E-01 9.337052E-02
4.867466E-01 6.008061E-02
4.864893E-01 6.177018E-02
6.931266E-01 5.765245E-02
5.773411E-01 9.331936E-02
5.776380E-01 9.330372E-02
4.862264E-01 6.321311E-02
4.859586E-01 6.437586E-02
6.932525E-01 5.775786E-02
5.779321E-01 9.333329E-02
5.782347E-01 9.341199E-02
4.856866E-01 6.528144E-02
4.854073E-01 6.600865E-02
5.692248E-01 -1.018571E-01
5.689670E-01 -1.022730E-01
6.892439E-01 -5.704636E-02
5.686831E-01 -1.027294E-01
5.683793E-01 -1.032156E-01
6.888439E-01 -5.708747E-02
5.680606E-01 -1.037218E-01
5.677312E-01 -1.042341E-01
6.883156E-01 -5.719463E-02
5.673919E-01 -1.047505E-01
5.670376E-01 -1.052908E-01
6.876889E-01 -5.734033E-02
6.933602E-01 5.797526E-02
5.785601E-01 9.353005E-02
5.789174E-01 9.367562E-02
4.851231E-01 6.659064E-02
4.848398E-01 6.700307E-02
6.934593E-01 5.822493E-02
5.793162E-01 9.382811E-02
5.797595E-01 9.397448E-02
4.845660E-01 6.724717E-02
4.843143E-01 6.728443E-02
6.935409E-01 5.839076E-02
5.802474E-01 9.411918E-02
5.807732E-01 9.427543E-02
4.840964E-01 6.714335E-02
4.839189E-01 6.685223E-02
6.935388E-01 5.836062E-02
5.813367E-01 9.441366E-02
5.819257E-01 9.447836E-02
4.837931E-01 6.644222E-02
4.837276E-01 6.582266E-02
5.666665E-01 -1.058688E-01
5.662810E-01 -1.064880E-01
6.869884E-01 -5.752203E-02
5.658831E-01 -1.071604E-01
5.654851E-01 -1.078653E-01
6.862323E-01 -5.778222E-02
5.650992E-01 -1.085721E-01
5.647320E-01 -1.092482E-01
6.854192E-01 -5.811877E-02
5.643657E-01 -1.099174E-01
5.640008E-01 -1.105788E-01
6.845762E-01 -5.842645E-02
6.934108E-01 5.793737E-02
5.825147E-01 9.444905E-02
5.830732E-01 9.433801E-02
4.837254E-01 6.496952E-02
4.837759E-01 6.387233E-02
6.931431E-01 5.717211E-02
5.835752E-01 9.417318E-02
5.840023E-01 9.399018E-02
4.838611E-01 6.254797E-02
4.839619E-01 6.104181E-02
6.926757E-01 5.631883E-02
5.843462E-01 9.381555E-02
5.846071E-01 9.364572E-02
4.840665E-01 5.941339E-02
4.841661E-01 5.774245E-02
6.919655E-01 5.545897E-02
5.847882E-01 9.345007E-02
5.848762E-01 9.322724E-02
4.842567E-01 5.605510E-02
4.843268E-01 5.425148E-02
5.636589E-01 -1.111973E-01
5.633543E-01 -1.117366E-01
6.837189E-01 -5.876320E-02
5.630952E-01 -1.121705E-01
5.628859E-01 -1.124822E-01
6.828374E-01 -5.910555E-02
5.627232E-01 -1.126760E-01
5.625980E-01 -1.127666E-01
6.819336E-01 -5.937803E-02
5.624974E-01 -1.127779E-01
5.624285E-01 -1.126887E-01
6.810132E-01 -5.955197E-02
6.910837E-01 5.469037E-02
5.848653E-01 9.301401E-02
5.847613E-01 9.286707E-02
4.843640E-01 5.234121E-02
4.843695E-01 5.034656E-02
6.900278E-01 5.424802E-02
5.845833E-01 9.280690E-02
5.843586E-01 9.279090E-02
4.843493E-01 4.830117E-02
4.843069E-01 4.624179E-02
6.887635E-01 5.399361E-02
5.841027E-01 9.278938E-02
5.838260E-01 9.276185E-02
4.842462E-01 4.421282E-02
4.841667E-01 4.224739E-02
6.873256E-01 5.371973E-02
5.835223E-01 9.269864E-02
5.831809E-01 9.262946E-02
4.840562E-01 4.021603E-02
4.839042E-01 3.812768E-02
5.623983E-01 -1.124896E-01
5.624077E-01 -1.122020E-01
6.800649E-01 -5.966536E-02
5.624407E-01 -1.118628E-01
5.624859E-01 -1.114928E-01
6.790748E-01 -5.967494E-02
5.625365E-01 -1.111165E-01
5.625908E-01 -1.107407E-01
6.780351E-01 -5.963330E-02
5.626589E-01 -1.103286E-01
5.627447E-01 -1.098630E-01
6.769373E-01 -5.959783E-02
6.857410E-01 5.344967E-02
5.827982E-01 9.257841E-02
5.823758E-01 9.255911E-02
4.837094E-01 3.600744E-02
4.834753E-01 3.386939E-02
6.839823E-01 5.325165E-02
5.819173E-01 9.257121E-02
5.814328E-01 9.257979E-02
4.832076E-01 3.174474E-02
4.829107E-01 2.970693E-02
6.820453E-01 5.304828E-02
5.809223E-01 9.255874E-02
5.803702E-01 9.254606E-02
4.825697E-01 2.765626E-02
4.821664E-01 2.555718E-02
6.799359E-01 5.287055E-02
5.797718E-01 9.257094E-02
5.791323E-01 9.264161E-02
4.816984E-01 2.345655E-02
4.811668E-01 2.137650E-02
5.628459E-01 -1.093485E-01
5.629581E-01 -1.087992E-01
6.757742E-01 -5.953300E-02
5.630742E-01 -1.082428E-01
5.631857E-01 -1.077110E-01
6.745432E-01 -5.942552E-02
5.632982E-01 -1.071853E-01
5.634177E-01 -1.066417E-01
6.732253E-01 -5.933634E-02
5.635394E-01 -1.060876E-01
5.636575E-01 -1.055377E-01
6.718036E-01 -5.925701E-02
6.776205E-01 5.278016E-02
5.784525E-01 9.275248E-02
5.777443E-01 9.286920E-02
4.805666E-01 1.932020E-02
4.799104E-01 1.736577E-02
6.750944E-01 5.274496E-02
5.769958E-01 9.301408E-02
5.761939E-01 9.324735E-02
4.791689E-01 1.537516E-02
4.783255E-01 1.340694E-02
6.723213E-01 5.286264E-02
5.753422E-01 9.358190E-02
5.744513E-01 9.398515E-02
4.773906E-01 1.149358E-02
4.763777E-01 9.668798E-03
6.692461E-01 5.309407E-02
5.735454E-01 9.440919E-02
5.726124E-01 9.490046E-02
4.753292E-01 7.966715E-03
4.742740E-01 6.305489E-03
5.637776E-01 -1.049889E-01
5.639042E-01 -1.044744E-01
6.702798E-01 -5.921817E-02
5.640456E-01 -1.040144E-01
5.642065E-01 -1.036259E-01
6.686159E-01 -5.930116E-02
5.643942E-01 -1.033064E-01
5.646156E-01 -1.030083E-01
6.667315E-01 -5.951995E-02
5.648621E-01 -1.027236E-01
5.650891E-01 -1.025051E-01
6.645582E-01 -5.960305E-02
6.657963E-01 5.343764E-02
5.716394E-01 9.550786E-02
5.706463E-01 9.620813E-02
4.732548E-01 4.734474E-03
4.723658E-01 3.337243E-03
6.617691E-01 5.383698E-02
5.696586E-01 9.693807E-02
5.686827E-01 9.766182E-02
4.716723E-01 2.211766E-03
4.711911E-01 1.343321E-03
6.570411E-01 5.409492E-02
5.676815E-01 9.846717E-02
5.666284E-01 9.933102E-02
4.708876E-01 7.084337E-04
4.707196E-01 3.066546E-04
6.512349E-01 5.410650E-02
5.655173E-01 1.001211E-01
5.643038E-01 1.007835E-01
4.706551E-01 9.048348E-05
4.707006E-01 -3.177138E-05
5.653052E-01 -1.022761E-01
5.655009E-01 -1.019820E-01
6.619624E-01 -5.939548E-02
5.656223E-01 -1.016409E-01
5.656099E-01 -1.012990E-01
6.586286E-01 -5.846339E-02
5.654150E-01 -1.010111E-01
5.649767E-01 -1.008997E-01
6.543567E-01 -5.678322E-02
5.642469E-01 -1.010185E-01
5.632275E-01 -1.013063E-01
6.488551E-01 -5.506128E-02
6.437975E-01 5.327447E-02
5.629113E-01 1.013470E-01
5.612699E-01 1.018190E-01
4.708651E-01 -1.233729E-04
4.711628E-01 -2.151466E-04
5.619142E-01 -1.016745E-01
5.602869E-01 -1.020406E-01
6.415120E-01 -5.345794E-02
7.042379E-01 -5.830823E-03
6.112753E-01 4.421380E-02
5.849826E-01 2.895134E-02
6.083056E-01 -4.370774E-02
6.999258E-01 6.711248E-03
5.811597E-01 -2.763421E-02
6.339370E-01 5.143041E-02
5.592979E-01 1.021597E-01
5.568956E-01 1.022547E-01
4.716216E-01 -3.228177E-04
4.722896E-01 -4.529743E-04
5.582892E-01 -1.023162E-01
5.558311E-01 -1.023621E-01
6.315208E-01 -5.131539E-02
6.203288E-01 4.764376E-02
5.539338E-01 1.018683E-01
5.502458E-01 1.005637E-01
4.731804E-01 -6.089078E-04
4.742776E-01 -7.869700E-04
5.527904E-01 -1.019139E-01
5.489971E-01 -1.005087E-01
6.176010E-01 -4.730715E-02
6.351063E-01 -6.976046E-02
5.310328E-01 -1.278088E-02
4.039140E-01 -6.856269E-02
6.000204E-01 3.857988E-02
5.454153E-01 9.754690E-02
5.385424E-01 9.142366E-02
4.754690E-01 -1.003975E-03
4.764632E-01 -1.293267E-03
5.248431E-01 1.611540E-02
6.280522E-01 7.343769E-02
3.919802E-01 7.150805E-02
5.440173E-01 -9.730048E-02
5.368951E-01 -9.081494E-02
5.967167E-01 -3.778057E-02
5.635188E-01 1.244892E-02
5.274684E-01 8.024130E-02
5.075406E-01 6.320366E-02
4.761412E-01 -1.719895E-03
4.724193E-01 -2.322863E-03
5.253429E-01 -7.903340E-02
5.044072E-01 -6.133777E-02
5.588249E-01 -1.025159E-02
4.927432E-01 -6.486276E-02
2.115721E-01 4.968171E-02
2.200481E-01 3.664294E-01
4.800579E-01 -4.564152E-02
4.692358E-01 4.581056E-02
3.967363E-01 5.090728E-02
4.619917E-01 -2.985350E-03
4.436420E-01 -3.082065E-03
1.980257E-01 -5.715131E-02
4.811184E-01 5.891164E-02
2.181931E-01 -3.740867E-01
4.639400E-01 -4.410326E-02
3.872748E-01 -5.188982E-02
4.713902E-01 4.976475E-02
3.043283E-01 -4.544638E-02
2.810676E-01 1.161450E-01
1.694652E-01 2.366432E-01
4.283897E-01 -1.975381E-03
4.279240E-01 -9.371909E-04
2.669272E-01 -1.222172E-01
1.568447E-01 -2.449300E-01
2.898465E-01 4.379595E-02
3.757729E-01 7.785691E-01
4.315879E-01 6.983569E-01
4.505936E-01 9.650418E-01
1.733965E-01 2.023743E-01
1.430074E-01 3.485656E-01
2.107837E-01 4.186857E-01
4.367797E-01 -1.126449E-03
4.427761E-01 -2.251019E-03
4.341776E-01 -7.016498E-01
3.748253E-01 -7.861703E-01
4.451881E-01 -9.721504E-01
1.375064E-01 -3.545116E-01
2.112111E-01 -4.212835E-01
1.651461E-01 -2.120012E-01
3.316365E-01 5.220083E-01
3.321777E-01 4.739841E-01
4.502099E-01 6.024783E-01
4.436737E-01 -4.252808E-03
4.585356E-01 -1.012713E-02
3.350221E-01 -4.746452E-01
4.520899E-01 -6.038120E-01
3.339527E-01 -5.261025E-01
3.967181E-01 9.836213E-01
7.157323E-01 6.677881E-01
1.003427E+00 1.876130E-01
9.986361E-01 -2.090541E-02
7.042595E-01 -3.369502E-02
4.493988E-01 8.741242E-01
4.870346E-01 8.239166E-01
5.928277E-01 8.249895E-01
5.652955E-01 -3.250748E-02
6.974834E-01 -6.990840E-01
9.947375E-01 -2.117123E-01
3.881780E-01 -9.953723E-01
4.823208E-01 -8.305392E-01
5.769647E-01 -8.605862E-01
4.495267E-01 -8.777600E-01
</DataArray>
<DataArray type="Float64" Name="v" NumberOfComponents="1" format="ascii">
2.542168E-03
2.974674E-03
7.713623E-03
2.357810E-03
2.835635E-03
6.473260E-03
1.479430E-03
8.417972E-04
8.768297E-04
2.696489E-03
6.189454E-03
2.634003E-03
6.103654E-03
8.140457E-04
7.964383E-04
2.596566E-03
6.041780E-03
2.566955E-03
5.979542E-03
7.858113E-04
7.770682E-04
2.540781E-03
5.917228E-03
2.517357E-03
5.857188E-03
7.693893E-04
7.627108E-04
2.496972E-03
5.801227E-03
2.480154E-03
5.750883E-03
7.571355E-04
7.528088E-04
2.467477E-03
5.707688E-03
2.459500E-03
5.673183E-03
7.498838E-04
7.485081E-04
2.456729E-03
5.648833E-03
2.459547E-03
5.635882E-03
7.488130E-04
7.508926E-04
2.468186E-03
5.635256E-03
2.482797E-03
5.647597E-03
7.547905E-04
7.605300E-04
2.503714E-03
5.673659E-03
2.531288E-03
5.714610E-03
7.681899E-04
7.778853E-04
2.566446E-03
5.771859E-03
2.614052E-03
5.848691E-03
7.901604E-04
8.071131E-04
2.683019E-03
5.951492E-03
2.791751E-03
6.103168E-03
8.324198E-04
8.718189E-04
2.958450E-03
6.375308E-03
3.164534E-03
6.820579E-03
9.282149E-04
9.927292E-04
3.373318E-03
7.283544E-03
3.582713E-03
7.744446E-03
1.058324E-03
1.124516E-03
3.793587E-03
8.202797E-03
4.006084E-03
8.656972E-03
1.191611E-03
1.259701E-03
4.219316E-03
9.103405E-03
4.432571E-03
9.540540E-03
1.328581E-03
1.398013E-03
4.645704E-03
9.970093E-03
4.859521E-03
1.039138E-02
1.467830E-03
1.538275E-03
5.085947E-03
1.082069E-02
5.332058E-03
1.125132E-02
1.611520E-03
1.689588E-03
5.599276E-03
1.166275E-02
5.891766E-03
1.203822E-02
1.773530E-03
1.873049E-03
6.228371E-03
1.246194E-02
6.604800E-03
1.320740E-02
2.097991E-03
2.918692E-03
7.012848E-03
1.480533E-02
7.413240E-03
1.768275E-02
7.052467E-03
1.532039E-02
7.789671E-03
2.090851E-02
8.011937E-03
2.123740E-02
1.352469E-02
1.242029E-02
8.068103E-03
2.128920E-02
8.097803E-03
2.176354E-02
1.035069E-02
8.633392E-03
8.092059E-03
2.179999E-02
8.079441E-03
2.117621E-02
7.814265E-03
6.831051E-03
8.191228E-03
2.088222E-02
8.991256E-03
2.280867E-02
6.185710E-03
9.768098E-03
1.210198E-02
3.384779E-02
7.611639E-03
1.230224E-02
2.694769E-02
1.111771E-02
1.490604E-04
1.637701E-04
1.234048E-04
1.822095E-05
2.857319E-05
1.605600E-05
1.067449E-04
1.022419E-04
1.337947E-05
1.240088E-05
1.004957E-04
9.939484E-05
1.207765E-05
1.193380E-05
9.853775E-05
9.786109E-05
1.184336E-05
1.178073E-05
9.736613E-05
9.706513E-05
1.174225E-05
1.172831E-05
9.697114E-05
9.709651E-05
1.173986E-05
1.177787E-05
9.745241E-05
9.804491E-05
1.184323E-05
1.193622E-05
9.887264E-05
9.993148E-05
1.205627E-05
1.220255E-05
1.012237E-04
1.027908E-04
1.237564E-05
1.258441E-05
1.048466E-04
1.079663E-04
1.286520E-05
1.330108E-05
1.128495E-04
1.197964E-04
1.396655E-05
1.485330E-05
1.282204E-04
1.372538E-04
1.588128E-05
1.694899E-05
1.465085E-04
1.559750E-04
1.802913E-05
1.913141E-05
1.656377E-04
1.754561E-04
2.024606E-05
2.135896E-05
1.853519E-04
1.952082E-04
2.245089E-05
2.350031E-05
2.048741E-04
2.141874E-04
2.448796E-05
2.540139E-05
2.231711E-04
2.318364E-04
2.629259E-05
2.750765E-05
2.411478E-04
2.715694E-04
3.706478E-05
2.014557E-04
5.861670E-04
2.420835E-03
1.401835E-03
5.735726E-03
9.879425E-03
2.319553E-02
1.598941E-02
3.110821E-02
8.483331E-03
7.906326E-03
4.379612E-03
4.301546E-03
6.406491E-03
2.283187E-03
4.287762E-03
6.016503E-04
1.336714E-03
9.992382E-04
7.065878E-05
8.095739E-05
1.429405E-03
6.881013E-03
5.592936E-04
6.002461E-03
2.539907E-02
1.061182E-02
2.469599E-02
1.036620E-02
2.379446E-06
5.811520E-06
2.010403E-06
3.641247E-07
1.460976E-06
2.693829E-07
1.548479E-06
1.352663E-06
1.738912E-07
1.324808E-07
1.287706E-06
1.265778E-06
1.180980E-07
1.136687E-07
1.256071E-06
1.250812E-06
1.122597E-07
1.117706E-07
1.248397E-06
1.248581E-06
1.116579E-07
1.117966E-07
1.251385E-06
1.256865E-06
1.121640E-07
1.127583E-07
1.265068E-06
1.275984E-06
1.135804E-07
1.146269E-07
1.289534E-06
1.305624E-06
1.158894E-07
1.173587E-07
1.324324E-06
1.346773E-06
1.190345E-07
1.210630E-07
1.376764E-06
1.421854E-06
1.238078E-07
1.276726E-07
1.488111E-06
1.574172E-06
1.331761E-07
1.402746E-07
1.680507E-06
1.785378E-06
1.519394E-07
1.616330E-07
1.886696E-06
1.989948E-06
1.694307E-07
1.773010E-07
2.093711E-06
2.196328E-06
1.849860E-07
1.919784E-07
2.296838E-06
2.398560E-06
1.977343E-07
2.055789E-07
2.515755E-06
2.695364E-06
2.408238E-07
5.728229E-07
3.296281E-06
1.001279E-05
5.664512E-06
6.675842E-05
9.535828E-05
9.219960E-04
4.985230E-04
2.886529E-03
3.939026E-03
1.229107E-02
7.714160E-03
2.003987E-02
2.291042E-02
3.081839E-02
2.664428E-02
1.880788E-02
1.414056E-03
1.193379E-03
-2.185491E-04
-4.558218E-05
2.511885E-03
1.061456E-03
9.083629E-04
1.373700E-03
-1.257062E-05
3.808387E-05
-1.416390E-05
3.967414E-05
4.774322E-04
5.270031E-03
4.475952E-04
4.635985E-03
2.406785E-02
1.017640E-02
2.347460E-02
1.000660E-02
7.700335E-08
4.283513E-07
4.746472E-08
2.159156E-08
1.345099E-07
1.167665E-08
2.404773E-08
1.389213E-08
5.163573E-09
2.295659E-09
1.017306E-08
8.978015E-09
1.194470E-09
8.164843E-10
8.625797E-09
8.533052E-09
6.987316E-10
6.663287E-10
8.521985E-09
8.543460E-09
6.602360E-10
6.623321E-10
8.585554E-09
8.645737E-09
6.676789E-10
6.749887E-10
8.723669E-09
8.818917E-09
6.839864E-10
6.946540E-10
8.930553E-09
9.057649E-09
7.068457E-10
7.204776E-10
9.198439E-09
9.381962E-09
7.351132E-10
7.575791E-10
9.675320E-09
1.004374E-08
8.077399E-10
8.605350E-10
1.056177E-08
1.120896E-08
9.367796E-10
1.026420E-09
1.311195E-08
1.427461E-08
1.455489E-09
1.681569E-09
1.483965E-08
1.543404E-08
1.816858E-09
2.200151E-09
1.617185E-08
1.738948E-08
3.396484E-09
7.578869E-09
2.000030E-08
3.665764E-08
2.393460E-08
1.870617E-07
2.013682E-07
3.126279E-06
2.273560E-06
2.867315E-05
4.753211E-05
3.763908E-04
2.747545E-04
1.341761E-03
1.712335E-03
6.233472E-03
4.201307E-03
1.006595E-02
1.289735E-02
2.282986E-02
1.832251E-02
2.243385E-02
2.616863E-02
3.414928E-03
1.113271E-02
-1.464750E-04
3.339986E-05
2.307027E-05
-6.600741E-05
-1.862690E-05
9.093250E-05
1.122299E-03
-5.697585E-06
3.950962E-04
3.588323E-04
5.132395E-05
8.795150E-04
1.573458E-05
4.193486E-04
4.079957E-03
3.817281E-04
3.616736E-03
2.292066E-02
9.841376E-03
2.241905E-02
9.680240E-03
6.769587E-09
4.310682E-08
3.407370E-09
2.173577E-09
1.385785E-08
1.046378E-09
1.472424E-09
6.021416E-10
4.556898E-10
1.854210E-10
2.552711E-10
1.300195E-10
7.454527E-11
3.306341E-11
8.864015E-11
7.629178E-11
1.884582E-11
1.443683E-11
7.317715E-11
7.284822E-11
1.298355E-11
1.239872E-11
7.353266E-11
7.466059E-11
1.226378E-11
1.245252E-11
7.589419E-11
7.743380E-11
1.209783E-11
1.203408E-11
7.919003E-11
8.120160E-11
1.200163E-11
1.212957E-11
8.350611E-11
8.753314E-11
1.267050E-11
1.408608E-11
9.884896E-11
1.083335E-10
1.707011E-11
1.836810E-11
1.243693E-10
1.462205E-10
2.231785E-11
3.213568E-11
2.573547E-10
3.516985E-10
7.574664E-11
2.000515E-10
5.480096E-10
1.350284E-09
6.638667E-10
3.356136E-09
4.035639E-09
1.687062E-08
1.526590E-08
1.096898E-07
1.295164E-07
1.853419E-06
1.359921E-06
1.660067E-05
2.049090E-05
1.680565E-04
1.244351E-04
6.491557E-04
9.991943E-04
3.207614E-03
2.499401E-03
5.810603E-03
7.680300E-03
1.362319E-02
1.061374E-02
1.610624E-02
1.934999E-02
1.651031E-02
1.770497E-02
2.258213E-03
1.161600E-04
3.856660E-05
8.199049E-05
3.421466E-05
1.374841E-05
6.416796E-06
7.797477E-06
2.560004E-06
3.900001E-06
1.844608E-05
2.949404E-06
8.874851E-06
7.801166E-04
1.587756E-04
1.803824E-04
4.225393E-04
3.724971E-04
3.305294E-03
3.405943E-04
3.175553E-03
2.198245E-02
9.530514E-03
2.161335E-02
9.404332E-03
6.951466E-10
4.413101E-09
3.262496E-10
2.132156E-10
1.274829E-09
1.084802E-10
1.451601E-10
6.127235E-11
5.781166E-11
3.370671E-11
2.607878E-11
1.280038E-11
2.326066E-11
1.977261E-11
8.364367E-12
7.147153E-12
1.877947E-11
1.862666E-11
6.178669E-12
5.515711E-12
1.693435E-11
1.700203E-11
4.973343E-12
5.159495E-12
1.605696E-11
1.701710E-11
3.282282E-12
2.351775E-12
1.116911E-11
8.853631E-12
1.394608E-12
7.536015E-13
6.450221E-12
4.786965E-12
1.068971E-12
3.359508E-12
5.345105E-12
1.062611E-11
6.351776E-12
9.429623E-12
1.667621E-11
2.466337E-11
2.108361E-11
6.176884E-11
4.999843E-11
1.418525E-10
1.983556E-10
7.309162E-10
4.692915E-10
2.107160E-09
2.545434E-09
1.478925E-08
9.626156E-09
9.112511E-08
1.040678E-07
1.049270E-06
9.444232E-07
8.690918E-06
1.161766E-05
9.903697E-05
6.785562E-05
3.899363E-04
5.000270E-04
1.767988E-03
1.384210E-03
3.572548E-03
4.642692E-03
8.595548E-03
6.950145E-03
1.061216E-02
1.313786E-02
1.603936E-02
1.403241E-02
1.044999E-02
6.455787E-03
9.377477E-05
-5.116134E-05
-2.247587E-05
-2.347560E-05
-4.416763E-06
-1.500549E-05
-2.221976E-06
-2.101393E-06
-9.355209E-07
-4.199639E-07
3.146708E-08
-1.019530E-06
-2.552132E-06
2.769563E-07
1.038473E-06
-1.938323E-06
2.683257E-04
6.754621E-06
4.369314E-05
3.439766E-04
3.186805E-03
3.847132E-04
3.243511E-03
2.137372E-02
9.304207E-03
2.122549E-02
9.229074E-03
7.008457E-11
-9.895836E-12
8.915549E-11
2.162301E-10
-1.126543E-09
3.939720E-10
9.142333E-11
9.057300E-11
4.497675E-10
4.691774E-10
8.910920E-11
8.923047E-11
4.726231E-10
4.724793E-10
8.754765E-11
8.513500E-11
4.587168E-10
4.399892E-10
8.000309E-11
8.604590E-11
4.229046E-10
4.578725E-10
8.569780E-11
8.916963E-11
4.630274E-10
4.699768E-10
7.152744E-11
6.690739E-11
4.163557E-10
4.100935E-10
6.207887E-11
5.866029E-11
4.038445E-10
3.996578E-10
5.943565E-11
6.898034E-11
4.008090E-10
4.113919E-10
7.718324E-11
9.566482E-11
4.062803E-10
4.496131E-10
1.575037E-10
4.318692E-10
6.049868E-10
1.606671E-09
1.658228E-09
1.018230E-08
8.748081E-09
7.753301E-08
7.495212E-08
8.182076E-07
6.927063E-07
6.229055E-06
7.681974E-06
5.210918E-05
4.431902E-05
2.177718E-04
2.760956E-04
1.082057E-03
8.121547E-04
2.278414E-03
2.824445E-03
5.575125E-03
4.539121E-03
7.413449E-03
8.779946E-03
1.217594E-02
1.083658E-02
1.321841E-02
1.274296E-02
4.703331E-04
2.018534E-03
9.752302E-05
3.734395E-05
2.192346E-05
2.602854E-05
9.739061E-06
3.689597E-06
1.599342E-06
1.410217E-06
3.958208E-07
5.016540E-07
1.685609E-07
9.296366E-08
2.755287E-08
1.186019E-07
5.133503E-07
4.972488E-08
4.269204E-07
4.757350E-06
4.085616E-05
4.406864E-06
4.059855E-05
3.526763E-04
3.275561E-03
3.469678E-04
3.218219E-03
2.113053E-02
9.156046E-03
2.106249E-02
9.084087E-03
1.700566E-09
-2.844563E-09
2.310536E-09
1.141789E-08
-2.866915E-09
1.337123E-08
2.490596E-09
2.551424E-09
1.386909E-08
1.401632E-08
2.559075E-09
2.547113E-09
1.401693E-08
1.394056E-08
2.475645E-09
2.382233E-09
1.363707E-08
1.325068E-08
2.325999E-09
2.471480E-09
1.306803E-08
1.355185E-08
2.489336E-09
2.473634E-09
1.350316E-08
1.322603E-08
2.305630E-09
2.307960E-09
1.267024E-08
1.272226E-08
2.314108E-09
2.321421E-09
1.280631E-08
1.289242E-08
2.323676E-09
2.299711E-09
1.292907E-08
1.280672E-08
2.170151E-09
2.180840E-09
1.246074E-08
1.374006E-08
2.453235E-09
8.122255E-09
2.236653E-08
9.724016E-08
7.078360E-08
6.747938E-07
6.983266E-07
4.998780E-06
5.239021E-06
3.461683E-05
2.923557E-05
1.402724E-04
1.797403E-04
6.584382E-04
5.435273E-04
1.617442E-03
1.919658E-03
3.829046E-03
3.656967E-03
5.300880E-03
6.262930E-03
9.422046E-03
8.062437E-03
1.155226E-02
1.251140E-02
4.459651E-03
7.561721E-03
1.068349E-04
1.459805E-04
7.080359E-06
-2.081771E-05
-1.235910E-05
1.332919E-06
1.328799E-06
-3.603489E-06
-5.614164E-07
-1.537438E-08
-8.958345E-09
-2.458081E-07
-6.782521E-08
-5.553924E-09
4.993844E-10
-1.817038E-08
-2.737983E-09
3.315256E-08
3.927259E-07
2.916939E-08
3.760999E-07
4.257774E-06
4.024195E-05
4.163521E-06
3.978332E-05
3.430902E-04
3.064997E-03
3.389208E-04
2.849241E-03
2.099774E-02
9.004795E-03
2.091617E-02
8.919187E-03
7.505640E-08
3.074186E-08
8.088171E-08
5.633489E-07
4.283849E-07
5.763281E-07
8.178412E-08
8.183912E-08
5.726995E-07
5.688011E-07
8.165621E-08
8.122849E-08
5.661525E-07
5.631071E-07
8.002294E-08
7.855444E-08
5.577236E-07
5.516536E-07
7.789578E-08
7.900631E-08
5.479833E-07
5.469223E-07
7.791096E-08
7.582851E-08
5.368130E-07
5.236732E-07
7.382157E-08
7.397140E-08
5.150331E-07
5.140098E-07
7.431239E-08
7.468075E-08
5.139680E-07
5.140873E-07
7.479196E-08
7.420549E-08
5.126444E-07
5.074527E-07
7.413989E-08
9.137197E-08
5.128041E-07
6.664369E-07
2.077000E-07
9.595929E-07
1.653662E-06
6.850044E-06
5.385121E-06
2.846623E-05
3.069133E-05
1.272472E-04
1.255307E-04
4.623123E-04
4.554109E-04
1.436229E-03
1.450596E-03
3.869378E-03
4.135839E-03
4.416373E-03
4.566576E-03
7.168135E-03
6.516294E-03
1.010907E-02
1.070288E-02
1.008885E-02
1.221922E-02
5.711787E-04
8.451250E-05
-1.951528E-05
2.607985E-05
1.680982E-05
-8.377430E-06
-3.455481E-06
4.455215E-06
8.683180E-07
-8.626695E-07
-1.279198E-08
2.162618E-07
1.247810E-07
-5.373335E-09
4.122287E-09
3.213034E-08
9.047011E-09
3.545168E-09
3.487616E-09
2.945683E-09
2.495556E-09
2.709012E-08
3.520324E-07
2.514213E-08
3.440823E-07
4.032404E-06
3.910715E-05
3.989111E-06
3.881731E-05
3.342064E-04
2.660697E-03
3.317654E-04
2.639108E-03
2.080382E-02
8.831938E-03
2.064214E-02
8.763902E-03
5.053113E-06
4.658941E-06
5.045938E-06
4.769538E-05
4.664271E-05
4.735972E-05
4.983189E-06
4.936412E-06
4.685108E-05
4.647562E-05
4.906671E-06
4.878486E-06
4.620640E-05
4.594676E-05
4.844143E-06
4.807809E-06
4.566805E-05
4.537406E-05
4.774197E-06
4.731109E-06
4.504497E-05
4.459163E-05
4.651613E-06
4.567961E-06
4.399226E-05
4.341696E-05
4.516537E-06
4.491526E-06
4.301093E-05
4.268746E-05
4.470618E-06
4.448925E-06
4.237135E-05
4.203232E-05
4.411836E-06
4.331595E-06
4.155816E-05
4.066920E-05
4.274379E-06
5.043877E-06
3.941386E-05
4.137139E-05
1.043435E-05
3.553270E-05
6.341824E-05
1.628035E-04
1.329019E-04
4.702987E-04
5.101300E-04
1.569677E-03
1.492949E-03
4.316047E-03
4.479549E-03
8.542425E-03
5.447973E-03
6.172297E-03
6.097915E-03
1.023227E-02
9.958248E-03
1.402639E-02
1.576755E-02
3.486330E-03
1.716808E-03
9.745220E-05
1.649007E-04
2.007374E-05
2.512116E-05
9.594812E-06
5.349245E-06
2.305716E-06
2.327313E-06
4.178090E-07
5.845468E-07
1.041401E-07
6.124138E-08
2.746116E-08
1.242932E-08
8.216275E-09
4.685241E-09
5.536800E-10
2.137625E-09
5.497949E-10
2.871842E-10
1.809654E-09
4.537494E-10
2.148522E-09
2.494074E-08
3.421484E-07
2.592792E-08
3.447458E-07
3.968111E-06
3.861325E-05
3.967255E-06
3.850300E-05
3.298182E-04
2.624375E-03
3.284086E-04
2.613312E-03
2.048426E-02
8.708191E-03
2.035860E-02
8.669858E-03
4.188347E-04
4.167532E-04
4.158051E-04
3.339246E-03
3.342762E-03
3.314573E-03
4.125263E-04
4.100454E-04
3.293601E-03
3.276834E-03
4.080156E-04
4.059752E-04
3.261394E-03
3.245943E-03
4.038555E-04
4.016099E-04
3.230919E-03
3.216035E-03
3.989724E-04
3.954650E-04
3.199318E-03
3.178315E-03
3.913334E-04
3.874053E-04
3.154988E-03
3.132686E-03
3.841579E-04
3.810256E-04
3.112148E-03
3.089981E-03
3.777583E-04
3.741957E-04
3.065105E-03
3.036757E-03
3.696898E-04
3.623468E-04
3.002476E-03
2.954090E-03
3.504403E-04
3.456684E-04
2.877748E-03
2.790103E-03
4.149502E-04
7.778172E-04
2.880129E-03
3.831915E-03
2.005700E-03
5.541573E-03
7.393742E-03
1.701911E-02
1.305710E-02
7.445676E-03
1.611372E-02
1.395208E-02
1.139807E-02
1.817811E-02
2.234515E-02
1.115930E-02
6.327772E-03
2.278834E-04
2.947180E-04
-7.280543E-06
1.192681E-05
-1.059529E-06
-9.666805E-06
-3.950847E-06
-3.395001E-07
2.137328E-07
-1.164865E-06
-2.324172E-07
6.802410E-08
5.048886E-09
-5.830021E-08
-2.003419E-08
-4.665182E-09
-8.250996E-11
-7.859650E-09
-1.900006E-09
-1.105945E-10
-7.837901E-11
-5.423674E-10
-1.450070E-10
2.266021E-10
2.123477E-09
2.115721E-10
2.169126E-09
2.624093E-08
3.459331E-07
2.651700E-08
3.468589E-07
3.965614E-06
3.841657E-05
3.964201E-06
3.834835E-05
3.272990E-04
2.604774E-03
3.264358E-04
2.598295E-03
2.026315E-02
8.641123E-03
2.018870E-02
8.619122E-03
2.501126E-02
2.511185E-02
2.482024E-02
1.828269E-01
1.836778E-01
1.815578E-01
2.469586E-02
2.457645E-02
1.811265E-01
1.805708E-01
2.444419E-02
2.430140E-02
1.797846E-01
1.787710E-01
2.416115E-02
2.403512E-02
1.775539E-01
1.761298E-01
2.391979E-02
2.380376E-02
1.746076E-01
1.732759E-01
2.369513E-02
2.360331E-02
1.723844E-01
1.718920E-01
2.352259E-02
2.343076E-02
1.716410E-01
1.714964E-01
2.331587E-02
2.316556E-02
1.714026E-01
1.712348E-01
2.296628E-02
2.269424E-02
1.708163E-01
1.699043E-01
2.230035E-02
2.174753E-02
1.682285E-01
1.655674E-01
2.127612E-02
2.197291E-02
1.620662E-01
1.582732E-01
2.698651E-02
3.985131E-02
1.542021E-01
1.426056E-01
2.668046E-02
3.299318E-02
9.363347E-02
3.629369E-02
1.902579E-02
3.137720E-04
5.144205E-04
-2.822673E-05
-1.754442E-05
-1.368385E-05
-1.141448E-06
-9.477306E-07
-5.479810E-06
-1.849402E-06
-4.924436E-07
-1.591668E-07
-5.264933E-07
-1.111466E-07
-2.589571E-08
1.196956E-08
-2.413855E-08
-6.405166E-09
9.016888E-09
3.593943E-09
-2.168520E-09
-4.123969E-10
1.090917E-09
4.137324E-10
-7.153056E-11
1.880708E-11
1.481961E-10
8.307771E-11
2.693085E-10
2.245430E-09
2.937314E-10
2.297030E-09
2.679616E-08
3.477045E-07
2.699238E-08
3.482772E-07
3.963475E-06
3.829922E-05
3.963090E-06
3.826913E-05
3.258153E-04
2.593755E-03
3.254385E-04
2.591103E-03
2.013626E-02
8.603690E-03
2.010735E-02
8.594882E-03
4.550771E-04
8.524129E-03
1.429573E-04
5.571302E-04
3.660500E-02
-2.387812E-05
4.671981E-05
1.265568E-05
2.785794E-06
8.231861E-07
3.232140E-06
8.248291E-07
1.460991E-08
-1.620751E-08
2.154192E-07
6.272577E-08
6.508919E-09
1.834413E-08
1.918159E-08
5.459897E-09
1.172198E-08
4.425186E-09
1.399550E-09
3.892907E-10
1.302549E-09
4.459029E-10
1.149106E-10
6.851583E-11
1.559940E-10
8.304121E-11
2.905089E-10
2.309725E-09
2.914781E-10
2.287709E-09
2.704920E-08
3.484244E-07
2.695083E-08
3.480932E-07
3.962734E-06
3.825789E-05
3.962277E-06
3.826528E-05
3.253062E-04
2.590305E-03
3.254181E-04
2.591346E-03
2.010264E-02
8.592688E-03
2.012250E-02
8.597097E-03
1.837715E-01
1.830135E-01
2.509314E-02
2.516310E-02
1.819745E-01
2.498026E-02
3.353808E-03
3.352764E-03
3.339430E-03
1.819346E-01
2.496510E-02
1.820520E-01
2.497611E-02
3.329751E-03
3.322942E-03
1.823171E-01
2.498425E-02
1.826641E-01
2.498174E-02
3.315512E-03
3.306750E-03
1.829929E-01
2.495975E-02
1.832325E-01
2.491277E-02
3.295623E-03
3.281541E-03
1.833589E-01
2.483906E-02
1.832780E-01
2.473530E-02
3.264580E-03
3.244460E-03
1.829179E-01
2.459783E-02
1.822881E-01
2.442812E-02
3.221103E-03
3.195273E-03
1.813935E-01
2.422553E-02
1.802098E-01
2.399298E-02
3.167231E-03
3.137609E-03
1.786653E-01
2.373533E-02
1.766723E-01
2.346033E-02
3.106507E-03
3.073134E-03
1.742235E-01
2.316726E-02
1.714577E-01
2.281779E-02
3.034192E-03
2.978020E-03
1.685875E-01
2.234030E-02
1.655970E-01
2.175064E-02
2.886978E-03
2.791402E-03
1.620681E-01
2.127933E-02
1.582843E-01
2.198836E-02
2.885061E-03
3.858620E-03
1.541553E-01
2.704022E-02
1.419296E-01
3.967446E-02
7.520330E-03
1.740795E-02
9.244241E-02
2.607278E-02
3.235772E-02
1.558607E-02
1.374533E-02
1.950839E-02
2.910349E-04
2.188242E-02
1.173226E-02
-2.088108E-05
-1.286976E-05
2.808322E-04
-1.081094E-05
-5.283602E-06
-1.810746E-06
-1.097594E-05
-4.432214E-06
-5.451280E-07
-1.233592E-07
-1.406715E-06
-3.165887E-07
-2.373816E-08
-5.780023E-09
-6.965284E-08
-2.156225E-08
-1.999962E-09
-4.086452E-10
-8.400635E-09
-2.122332E-09
-5.764828E-11
2.073648E-11
-5.447720E-10
-1.455529E-10
2.673483E-10
2.229684E-09
2.132027E-10
2.152513E-09
2.671694E-08
3.473334E-07
2.640673E-08
3.462863E-07
3.961785E-06
3.829114E-05
3.961471E-06
3.833523E-05
3.257730E-04
2.594224E-03
3.263683E-04
2.598949E-03
2.016711E-02
8.608106E-03
2.023621E-02
8.625687E-03
4.201120E-04
4.176613E-04
4.178005E-04
4.776249E-05
4.668383E-05
4.746279E-05
4.151767E-04
4.131246E-04
4.698547E-05
4.662715E-05
4.113087E-04
4.095573E-04
4.635776E-05
4.613923E-05
4.076605E-04
4.055244E-04
4.592987E-05
4.570685E-05
4.031939E-04
4.006338E-04
4.547262E-05
4.522135E-05
3.978394E-04
3.948830E-04
4.495488E-05
4.467238E-05
3.917022E-04
3.883340E-04
4.435472E-05
4.401199E-05
3.847208E-04
3.807230E-04
4.363698E-05
4.322265E-05
3.756617E-04
3.672153E-04
4.265310E-05
4.162414E-05
3.526181E-04
3.458721E-04
3.993439E-05
4.143694E-05
4.157416E-04
7.835417E-04
6.367317E-05
1.644498E-04
2.037420E-03
5.664318E-03
5.188567E-04
1.602961E-03
1.314604E-02
7.209287E-03
4.656105E-03
8.368317E-03
1.117107E-02
1.782288E-02
6.048214E-03
1.011516E-02
6.801655E-03
2.308803E-04
1.561824E-02
3.817023E-03
9.406991E-06
-2.229690E-06
1.749403E-04
1.931756E-05
-9.998432E-07
7.277096E-09
3.964931E-06
1.923909E-06
4.900387E-08
4.350685E-09
5.949589E-07
1.199704E-07
-5.893751E-09
-6.379852E-10
1.224921E-08
7.836339E-09
-1.195723E-10
-1.019556E-10
2.432177E-09
5.197364E-10
2.270739E-10
2.104078E-09
4.456026E-10
2.070113E-09
2.608610E-08
3.450671E-07
2.554360E-08
3.430218E-07
3.961420E-06
3.839690E-05
3.960066E-06
3.847376E-05
3.272017E-04
2.605533E-03
3.282787E-04
2.614036E-03
2.032849E-02
8.649726E-03
2.044533E-02
8.680700E-03
5.056287E-06
4.658579E-06
5.051514E-06
5.636064E-07
4.277797E-07
5.769255E-07
4.991200E-06
4.946256E-06
5.736356E-07
5.700823E-07
4.916778E-06
4.897784E-06
5.678390E-07
5.667861E-07
4.883346E-06
4.867869E-06
5.667094E-07
5.663914E-07
4.849963E-06
4.830112E-06
5.651629E-07
5.636597E-07
4.811349E-06
4.790337E-06
5.632164E-07
5.622148E-07
4.763280E-06
4.732636E-06
5.601014E-07
5.573042E-07
4.697121E-06
4.659810E-06
5.534563E-07
5.500211E-07
4.601933E-06
4.509678E-06
5.430496E-07
5.381597E-07
4.401321E-06
5.071816E-06
5.429726E-07
6.719757E-07
1.053020E-05
3.599538E-05
1.665181E-06
6.891085E-06
1.351177E-04
4.811223E-04
3.086373E-05
1.282578E-04
1.537377E-03
4.419651E-03
4.622191E-04
1.467771E-03
5.343414E-03
6.130744E-03
4.187660E-03
4.320961E-03
9.867826E-03
1.401506E-02
6.433948E-03
9.905668E-03
1.956594E-03
1.095526E-04
1.237483E-02
7.404019E-04
2.293390E-05
8.880672E-06
3.909754E-05
2.116333E-05
2.370071E-06
4.374135E-07
6.392942E-06
1.404381E-06
4.298882E-08
2.169286E-08
2.755613E-07
1.394351E-07
4.224128E-09
1.024840E-10
3.767108E-08
8.848621E-09
1.901640E-10
1.561103E-09
2.886879E-09
2.246029E-09
2.405635E-08
3.390673E-07
2.445100E-08
3.418995E-07
3.957753E-06
3.858027E-05
3.982392E-06
3.880560E-05
3.296915E-04
2.624793E-03
3.317137E-04
2.638004E-03
2.059993E-02
8.723168E-03
2.078811E-02
8.785611E-03
7.508289E-08
3.052481E-08
8.097562E-08
1.141770E-08
-2.938973E-09
1.338602E-08
8.192956E-08
8.204362E-08
1.389108E-08
1.404559E-08
8.204627E-08
8.202121E-08
1.410646E-08
1.409032E-08
8.217907E-08
8.228106E-08
1.410698E-08
1.412104E-08
8.213204E-08
8.197618E-08
1.409727E-08
1.409892E-08
8.219987E-08
8.221208E-08
1.419722E-08
1.420790E-08
8.203259E-08
8.169857E-08
1.419503E-08
1.414625E-08
8.108420E-08
8.058934E-08
1.402062E-08
1.390142E-08
7.906177E-08
7.873215E-08
1.346370E-08
1.334754E-08
8.066334E-08
9.079878E-08
1.390297E-08
1.333599E-08
2.046276E-07
9.529762E-07
2.090394E-08
9.386883E-08
5.387677E-06
2.861784E-05
6.971577E-07
5.052443E-06
1.267665E-04
4.663034E-04
2.965243E-05
1.416681E-04
1.478980E-03
3.881547E-03
5.521803E-04
1.627502E-03
4.533937E-03
7.049438E-03
3.626770E-03
5.262412E-03
1.057265E-02
1.040033E-02
7.963583E-03
1.132753E-02
1.069880E-04
-1.362049E-05
8.063364E-03
8.303738E-05
-3.907341E-06
-2.001430E-06
-2.459734E-05
-1.315556E-05
-6.669075E-07
7.555889E-08
-4.499985E-06
-6.515328E-07
2.951484E-08
1.002018E-08
-2.370637E-07
-7.350831E-08
5.139467E-09
1.928460E-09
-1.727132E-08
-5.660622E-09
2.176806E-08
3.404200E-07
1.709024E-08
3.388737E-07
4.016758E-06
3.916990E-05
4.055775E-06
3.963110E-05
3.348935E-04
2.758299E-03
3.391747E-04
3.062504E-03
2.095684E-02
8.865873E-03
2.106755E-02
8.961182E-03
1.698919E-09
-2.867920E-09
2.312497E-09
2.154536E-10
-1.133748E-09
3.940968E-10
2.493488E-09
2.554448E-09
4.500240E-10
4.691974E-10
2.576556E-09
2.560726E-09
4.744270E-10
4.649268E-10
2.549991E-09
2.545287E-09
4.560481E-10
4.517040E-10
2.548674E-09
2.569613E-09
4.575088E-10
4.719212E-10
2.605759E-09
2.607034E-09
4.847776E-10
4.846132E-10
2.609992E-09
2.604786E-09
4.873573E-10
4.884564E-10
2.579214E-09
2.543271E-09
4.849994E-10
4.758609E-10
2.415157E-09
2.350888E-09
4.448888E-10
4.283045E-10
2.510908E-09
2.134667E-09
4.987144E-10
4.641826E-10
2.405237E-09
8.715541E-09
6.290424E-10
1.701768E-09
7.644850E-08
7.114277E-07
9.344319E-09
8.072879E-08
5.448888E-06
3.553121E-05
7.154560E-07
6.406963E-06
1.841676E-04
6.711897E-04
4.561304E-05
2.228810E-04
1.966125E-03
3.786338E-03
8.226907E-04
2.322693E-03
6.230801E-03
9.281480E-03
4.528785E-03
7.337203E-03
1.230575E-02
5.021196E-03
1.069898E-02
1.317887E-02
1.439024E-04
3.640919E-06
2.395160E-03
1.146757E-04
-2.078200E-06
8.927462E-07
2.187949E-05
1.030830E-05
-8.607782E-08
-6.414244E-08
1.613206E-06
3.410043E-07
-1.493695E-08
-6.139018E-09
9.735936E-08
2.095026E-08
1.846648E-08
3.493598E-07
2.309859E-08
3.455194E-07
4.103654E-06
4.016721E-05
4.043699E-06
4.066911E-05
3.435818E-04
3.344647E-03
3.468726E-04
3.526268E-03
2.113766E-02
9.053668E-03
2.117634E-02
9.132673E-03
6.995200E-11
-1.116880E-11
8.914295E-11
2.137109E-10
1.277683E-09
1.085807E-10
9.140554E-11
9.048434E-11
5.777404E-11
3.362847E-11
8.840883E-11
8.277096E-11
2.256384E-11
1.634780E-11
7.784503E-11
7.550623E-11
1.283797E-11
1.137004E-11
7.896721E-11
8.608131E-11
1.281273E-11
1.576138E-11
9.051114E-11
9.036079E-11
1.723238E-11
1.718080E-11
9.175876E-11
9.287909E-11
1.779852E-11
1.839600E-11
9.323190E-11
9.129475E-11
1.900969E-11
1.891876E-11
8.438350E-11
7.868381E-11
1.775595E-11
1.585729E-11
9.955805E-11
1.015408E-10
2.179560E-11
2.610757E-11
1.705833E-10
4.758255E-10
5.315601E-11
1.517767E-10
1.850291E-09
1.072825E-08
5.123372E-10
2.175793E-09
7.689537E-08
8.518388E-07
9.254669E-09
9.472555E-08
8.033237E-06
5.424288E-05
9.987083E-07
9.203531E-06
2.821502E-04
1.093609E-03
7.018064E-05
3.993487E-04
2.843009E-03
5.546957E-03
1.413915E-03
3.572662E-03
8.681952E-03
1.210274E-02
6.924652E-03
1.053571E-02
1.304850E-02
6.917136E-04
1.395086E-02
1.106386E-02
4.467069E-05
2.955744E-05
-6.033413E-05
-7.117425E-06
5.479713E-06
1.683595E-06
-1.076250E-05
-1.685194E-06
5.599000E-07
1.772149E-07
4.700481E-08
3.957168E-07
1.355116E-07
5.987884E-07
1.186319E-06
4.095001E-06
4.615422E-06
4.515389E-05
1.554735E-05
1.529017E-04
4.761800E-04
3.530208E-03
6.644137E-04
3.440307E-03
2.120461E-02
9.206398E-03
2.127336E-02
9.263817E-03
6.970493E-10
4.424224E-09
3.266229E-10
2.179821E-09
1.389337E-08
1.047542E-09
1.450485E-10
6.101660E-11
4.553348E-10
1.846097E-10
2.547051E-11
1.104893E-11
7.352390E-11
3.157200E-11
5.400865E-12
3.397933E-12
1.690348E-11
1.213539E-11
3.547607E-12
4.547055E-12
1.110116E-11
1.121368E-11
5.028615E-12
5.039396E-12
1.148686E-11
1.165200E-11
5.343100E-12
5.646733E-12
1.204829E-11
1.242194E-11
6.064531E-12
6.292624E-12
1.296813E-11
1.345109E-11
6.265305E-12
5.519523E-12
1.395380E-11
1.415387E-11
7.268555E-12
9.775538E-12
1.637586E-11
1.795900E-11
2.220511E-11
6.505988E-11
2.275078E-11
3.616621E-11
2.109423E-10
7.458305E-10
8.505568E-11
2.109889E-10
2.334556E-09
1.498211E-08
6.080287E-10
3.393401E-09
1.073555E-07
1.126307E-06
1.471523E-08
1.179109E-07
1.226376E-05
1.038415E-04
1.479967E-06
1.803096E-05
5.223641E-04
1.789039E-03
1.341079E-04
6.697841E-04
4.666262E-03
8.583675E-03
2.533150E-03
5.855026E-03
1.296524E-02
1.591044E-02
1.056159E-02
1.606110E-02
7.310175E-03
8.198291E-05
1.788332E-02
2.895356E-03
-3.315725E-05
-9.245579E-06
8.233759E-05
2.530331E-05
-2.636765E-06
-6.758237E-07
6.352892E-06
1.209266E-06
4.484033E-07
2.637717E-06
1.186235E-07
1.407288E-07
1.739908E-05
8.011045E-04
5.067385E-04
1.044780E-03
5.227983E-04
3.338227E-03
3.291021E-04
3.297384E-03
2.140895E-02
9.325499E-03
2.163890E-02
9.411450E-03
6.790096E-09
4.321833E-08
3.411250E-09
2.166119E-08
1.348605E-07
1.169234E-08
1.471744E-09
6.002173E-10
5.166850E-09
2.296268E-09
2.531632E-10
1.276733E-10
1.195077E-09
8.170139E-10
8.626630E-11
7.372764E-11
6.996837E-10
6.671212E-10
7.086842E-11
7.071902E-11
6.614322E-10
6.633847E-10
7.163888E-11
7.268154E-11
6.690519E-10
6.760772E-10
7.425330E-11
7.583213E-11
6.853840E-10
6.957179E-10
7.788304E-11
7.991334E-11
7.081358E-10
7.213742E-10
8.228361E-11
8.587104E-11
7.360889E-10
7.586376E-10
9.671851E-11
1.072367E-10
8.083819E-10
8.653002E-10
1.241249E-10
1.585572E-10
9.448400E-10
1.094944E-09
2.702988E-10
3.332434E-10
1.543856E-09
1.700821E-09
4.693814E-10
1.205462E-09
1.852267E-09
2.338101E-09
3.392532E-09
1.699924E-08
3.734964E-09
8.897307E-09
1.422321E-07
2.084681E-06
2.772958E-08
2.143727E-07
2.280193E-05
1.772463E-04
2.597587E-06
3.119060E-05
1.028321E-03
3.321146E-03
2.915830E-04
1.428130E-03
7.718315E-03
1.352774E-02
4.263712E-03
1.022799E-02
1.937348E-02
1.737457E-02
1.829919E-02
2.259294E-02
3.368058E-04
5.649941E-05
1.273983E-02
-1.801466E-04
2.467230E-05
1.096217E-05
-5.768081E-05
-1.734850E-05
1.326606E-05
9.465705E-05
-5.518511E-06
7.595795E-04
1.354375E-03
5.229806E-04
1.486824E-03
2.339718E-05
3.655763E-04
3.398779E-03
3.896045E-04
3.704213E-03
2.201159E-02
9.541627E-03
2.245924E-02
9.689606E-03
7.726697E-08
4.294707E-07
4.756517E-08
3.654343E-07
1.464777E-06
2.703842E-07
2.413016E-08
1.397659E-08
1.750714E-07
1.337689E-07
1.026055E-08
9.066627E-09
1.194218E-07
1.150025E-07
8.715787E-09
8.622999E-09
1.135963E-07
1.131070E-07
8.612687E-09
8.633644E-09
1.129933E-07
1.131294E-07
8.676100E-09
8.735451E-09
1.134936E-07
1.140835E-07
8.813431E-09
8.907429E-09
1.149002E-07
1.159398E-07
9.018693E-09
9.144276E-09
1.171944E-07
1.186561E-07
9.284765E-09
9.471063E-09
1.203313E-07
1.224001E-07
9.767870E-09
1.015838E-08
1.252390E-07
1.293054E-07
1.069564E-08
1.157958E-08
1.350012E-07
1.429990E-07
1.355984E-08
1.445723E-08
1.549692E-07
1.638566E-07
1.498748E-08
1.552581E-08
1.715946E-07
1.796015E-07
1.596737E-08
1.637833E-08
1.873383E-07
1.948347E-07
1.666669E-08
3.089442E-08
2.019568E-07
2.146613E-07
2.202787E-07
3.564188E-06
2.636440E-07
6.577906E-07
5.301010E-05
4.173099E-04
6.597257E-06
7.768241E-05
1.791579E-03
6.339871E-03
5.441529E-04
2.982814E-03
1.293073E-02
2.329141E-02
8.025626E-03
2.025959E-02
2.728875E-02
4.876797E-03
2.712025E-02
2.185998E-02
-2.588218E-05
4.478600E-06
-1.603992E-04
3.032490E-05
1.946011E-04
1.614162E-03
1.266554E-03
1.881046E-03
7.199697E-04
3.488397E-05
2.175702E-05
4.862344E-05
4.180498E-04
4.169472E-03
4.564153E-04
4.746942E-03
2.297509E-02
9.856256E-03
2.355260E-02
1.002492E-02
2.388363E-06
5.826569E-06
2.021050E-06
1.828977E-05
2.864665E-05
1.615764E-05
1.561966E-06
1.367339E-06
1.350789E-05
1.253826E-05
1.302685E-06
1.280817E-06
1.221691E-05
1.207333E-05
1.271104E-06
1.265832E-06
1.198275E-05
1.191999E-05
1.263386E-06
1.263543E-06
1.188127E-05
1.186715E-05
1.266304E-06
1.271745E-06
1.187842E-05
1.191618E-05
1.279887E-06
1.290744E-06
1.198113E-05
1.207370E-05
1.304213E-06
1.320244E-06
1.219314E-05
1.233893E-05
1.338980E-06
1.361980E-06
1.251244E-05
1.272637E-05
1.393464E-06
1.440972E-06
1.302227E-05
1.348187E-05
1.509525E-06
1.599569E-06
1.417187E-05
1.508478E-05
1.707408E-06
1.810490E-06
1.612204E-05
1.718938E-05
1.911963E-06
2.016251E-06
1.827138E-05
1.938052E-05
2.120091E-06
2.223573E-06
2.049601E-05
2.161487E-05
2.324158E-06
2.427210E-06
2.270615E-05
2.375980E-05
2.546132E-06
2.734023E-06
2.474451E-05
2.567973E-05
3.398423E-06
1.161150E-05
2.659927E-05
2.803122E-05
1.092902E-04
9.807669E-04
3.997004E-05
2.272724E-04
4.231584E-03
1.237929E-02
1.575041E-03
6.002750E-03
2.412388E-02
3.337220E-02
1.687087E-02
3.304386E-02
1.645734E-03
1.334386E-03
4.508115E-03
4.486250E-03
3.039555E-03
1.437408E-03
4.939842E-03
7.936399E-04
-3.409557E-05
2.978180E-05
7.346866E-05
7.114723E-05
4.839354E-04
5.412581E-03
6.234912E-04
6.177737E-03
2.418720E-02
1.020532E-02
2.484754E-02
1.040327E-02
1.496091E-04
1.641984E-04
1.242915E-04
1.485326E-03
8.443929E-04
8.844139E-04
1.078215E-04
1.033666E-04
8.225995E-04
8.051588E-04
1.016274E-04
1.005272E-04
7.945116E-04
7.857633E-04
9.966847E-05
9.899124E-05
7.780448E-04
7.713644E-04
9.849491E-05
9.819381E-05
7.657596E-04
7.614415E-04
9.809897E-05
9.822455E-05
7.584995E-04
7.571430E-04
9.857953E-05
9.917150E-05
7.574421E-04
7.595470E-04
9.999712E-05
1.010545E-04
7.634439E-04
7.692107E-04
1.023500E-04
1.039477E-04
7.769016E-04
7.867379E-04
1.060958E-04
1.093706E-04
7.993497E-04
8.169442E-04
1.144837E-04
1.217283E-04
8.439691E-04
8.874225E-04
1.302256E-04
1.393077E-04
9.446355E-04
1.010812E-03
1.485402E-04
1.580512E-04
1.075383E-03
1.142882E-03
1.676679E-04
1.775214E-04
1.208457E-03
1.277695E-03
1.873677E-04
1.972640E-04
1.345003E-03
1.415680E-03
2.068778E-04
2.163005E-04
1.483753E-03
1.555366E-03
2.253013E-04
2.341922E-04
1.626100E-03
1.704879E-03
2.441660E-04
2.815654E-04
1.787129E-03
1.891419E-03
6.618044E-04
2.572300E-03
2.135862E-03
3.051315E-03
1.055828E-02
2.451873E-02
7.487332E-03
1.611559E-02
8.446670E-03
8.301742E-03
1.336031E-02
1.285657E-02
6.974928E-03
2.588301E-03
1.078501E-02
9.216136E-03
1.673829E-03
1.355036E-03
8.483768E-03
7.512987E-03
1.724929E-03
7.104285E-03
6.785211E-03
1.020534E-02
2.558592E-02
1.065543E-02
2.722511E-02
1.117510E-02
7.743676E-03
2.365327E-03
6.539101E-03
2.987220E-03
2.549877E-03
2.861651E-03
6.258004E-03
6.173067E-03
2.725127E-03
2.663104E-03
6.110054E-03
6.048093E-03
2.625474E-03
2.595893E-03
5.984614E-03
5.924852E-03
2.569480E-03
2.546091E-03
5.867794E-03
5.817771E-03
2.525499E-03
2.508746E-03
5.773556E-03
5.739430E-03
2.495902E-03
2.488025E-03
5.714151E-03
5.701643E-03
2.485125E-03
2.488068E-03
5.700189E-03
5.713029E-03
2.496606E-03
2.511355E-03
5.738452E-03
5.780194E-03
2.532269E-03
2.560250E-03
5.837591E-03
5.916366E-03
2.596092E-03
2.645322E-03
6.023849E-03
6.199660E-03
2.719064E-03
2.841682E-03
6.481964E-03
6.984314E-03
3.011545E-03
3.228267E-03
7.405264E-03
7.919660E-03
3.429206E-03
3.648459E-03
8.331110E-03
8.843393E-03
3.849554E-03
4.071996E-03
9.241116E-03
9.743106E-03
4.275050E-03
4.499224E-03
1.012381E-02
1.062566E-02
4.701468E-03
4.928577E-03
1.100874E-02
1.151669E-02
5.142362E-03
5.398646E-03
1.187867E-02
1.232479E-02
5.653705E-03
5.960091E-03
1.265167E-02
1.339020E-02
6.281640E-03
6.673196E-03
1.494639E-02
1.786928E-02
7.081618E-03
7.489491E-03
2.082854E-02
2.152727E-02
7.855929E-03
8.123618E-03
2.163740E-02
2.244048E-02
8.175862E-03
8.234889E-03
2.244735E-02
2.186507E-02
8.209381E-03
8.214544E-03
2.131329E-02
2.341304E-02
8.299093E-03
9.144217E-03
3.444894E-02
1.244720E-02
1.235876E-02
7.630882E-03
1.842262E-01
4.994335E-01
4.977356E-01
4.965468E-01
1.818692E-01
4.955964E-01
4.953809E-01
4.977875E-01
4.995347E-01
1.843454E-01
4.967430E-01
4.959134E-01
1.821551E-01
4.958397E-01
1.813351E-01
4.950714E-01
4.947729E-01
1.808730E-01
4.943777E-01
4.939040E-01
4.957038E-01
1.819213E-01
4.956344E-01
4.955530E-01
1.819745E-01
4.955152E-01
1.802082E-01
4.933116E-01
4.925417E-01
1.793026E-01
4.915825E-01
4.904929E-01
4.955555E-01
1.821674E-01
4.957591E-01
4.961477E-01
1.824884E-01
4.966104E-01
1.781897E-01
4.892520E-01
4.878463E-01
1.768649E-01
4.862698E-01
4.844374E-01
4.971270E-01
1.828342E-01
4.976904E-01
4.982591E-01
1.831270E-01
4.988316E-01
1.753636E-01
4.822322E-01
4.796365E-01
1.739032E-01
4.767551E-01
4.737367E-01
4.994295E-01
1.833121E-01
5.000223E-01
5.005320E-01
1.833516E-01
5.009992E-01
1.727643E-01
4.709748E-01
4.687779E-01
1.721060E-01
4.671498E-01
4.660674E-01
5.013454E-01
1.831342E-01
5.014609E-01
5.013300E-01
1.826347E-01
5.009674E-01
1.717427E-01
4.654680E-01
4.651075E-01
1.715570E-01
4.648191E-01
4.646885E-01
5.003438E-01
1.818742E-01
4.995504E-01
4.986171E-01
1.808433E-01
4.974872E-01
1.714530E-01
4.647115E-01
4.647963E-01
1.713368E-01
4.649820E-01
4.652386E-01
4.961410E-01
1.794844E-01
4.946035E-01
4.928026E-01
1.777348E-01
4.906718E-01
1.710676E-01
4.654752E-01
4.656957E-01
1.704385E-01
4.657398E-01
4.655529E-01
4.881394E-01
1.754923E-01
4.850541E-01
4.811609E-01
1.728733E-01
4.765410E-01
1.691812E-01
4.649885E-01
4.637290E-01
1.670238E-01
4.616095E-01
4.584384E-01
4.714483E-01
1.700207E-01
4.666136E-01
4.624414E-01
1.671354E-01
4.586579E-01
1.638978E-01
4.545754E-01
4.501506E-01
4.546334E-01
1.639061E-01
4.501512E-01
4.992256E-01
8.286422E-01
8.274864E-01
8.276588E-01
1.000229E+00
1.000274E+00
1.000226E+00
4.974885E-01
8.271434E-01
8.268745E-01
1.000227E+00
1.000226E+00
4.959579E-01
8.266185E-01
8.263738E-01
1.000231E+00
1.000238E+00
4.954688E-01
8.262029E-01
8.260478E-01
1.000244E+00
1.000250E+00
8.287036E-01
8.274398E-01
8.277674E-01
4.993005E-01
8.273028E-01
8.270971E-01
4.976337E-01
8.269052E-01
8.267261E-01
4.962120E-01
8.266250E-01
8.265378E-01
4.958540E-01
4.952383E-01
8.258589E-01
8.256404E-01
1.000258E+00
1.000267E+00
4.949245E-01
8.254153E-01
8.251803E-01
1.000276E+00
1.000286E+00
4.945891E-01
8.249238E-01
8.246439E-01
1.000296E+00
1.000307E+00
4.941508E-01
8.243459E-01
8.240290E-01
1.000318E+00
1.000330E+00
8.264190E-01
8.262782E-01
4.957784E-01
8.261420E-01
8.260055E-01
4.956631E-01
8.258604E-01
8.257103E-01
4.955945E-01
8.255637E-01
8.254214E-01
4.955260E-01
4.936273E-01
8.236888E-01
8.233173E-01
1.000342E+00
1.000355E+00
4.929505E-01
8.229043E-01
8.224350E-01
1.000367E+00
1.000381E+00
4.920832E-01
8.218755E-01
8.211900E-01
1.000393E+00
1.000403E+00
4.910529E-01
8.204502E-01
8.196600E-01
1.000414E+00
1.000425E+00
8.252854E-01
8.251629E-01
4.955213E-01
8.250685E-01
8.250237E-01
4.956349E-01
8.251102E-01
8.254070E-01
4.959331E-01
8.257332E-01
8.260755E-01
4.963748E-01
4.898948E-01
8.188014E-01
8.178574E-01
1.000437E+00
1.000449E+00
4.885677E-01
8.168330E-01
8.157813E-01
1.000463E+00
1.000478E+00
4.870838E-01
8.146722E-01
8.134838E-01
1.000494E+00
1.000512E+00
4.853932E-01
8.122200E-01
8.108210E-01
1.000532E+00
1.000555E+00
8.264531E-01
8.268791E-01
4.968608E-01
8.273455E-01
8.278383E-01
4.974057E-01
8.283485E-01
8.288700E-01
4.979757E-01
8.294118E-01
8.299888E-01
4.985429E-01
4.833861E-01
8.092436E-01
8.074496E-01
1.000582E+00
1.000613E+00
4.809775E-01
8.054033E-01
8.030866E-01
1.000650E+00
1.000694E+00
4.782250E-01
8.004829E-01
7.975586E-01
1.000746E+00
1.000807E+00
4.752429E-01
7.942849E-01
7.907712E-01
1.000876E+00
1.000952E+00
8.306065E-01
8.312607E-01
4.991276E-01
8.319414E-01
8.326090E-01
4.997323E-01
8.332361E-01
8.338362E-01
5.002863E-01
8.345155E-01
8.352125E-01
5.007718E-01
4.722978E-01
7.872030E-01
7.837552E-01
1.001029E+00
1.001105E+00
4.698002E-01
7.805505E-01
7.776304E-01
1.001176E+00
1.001241E+00
4.678974E-01
7.749586E-01
7.725049E-01
1.001300E+00
1.001353E+00
4.665390E-01
7.703607E-01
7.686599E-01
1.001399E+00
1.001435E+00
8.358653E-01
8.364354E-01
5.011960E-01
8.368971E-01
8.372366E-01
5.014355E-01
8.374695E-01
8.376430E-01
5.014237E-01
8.377915E-01
8.378478E-01
5.011814E-01
4.657183E-01
7.674746E-01
7.668095E-01
1.001463E+00
1.001482E+00
4.652771E-01
7.663857E-01
7.660062E-01
1.001496E+00
1.001510E+00
4.649512E-01
7.656398E-01
7.653091E-01
1.001524E+00
1.001539E+00
4.647301E-01
7.650857E-01
7.649876E-01
1.001552E+00
1.001565E+00
8.377416E-01
8.374345E-01
5.006832E-01
8.370158E-01
8.365480E-01
4.999643E-01
8.360433E-01
8.354905E-01
4.991036E-01
8.348572E-01
8.341289E-01
4.980802E-01
4.646867E-01
7.649919E-01
7.650668E-01
1.001577E+00
1.001589E+00
4.647482E-01
7.651693E-01
7.652817E-01
1.001602E+00
1.001617E+00
4.648729E-01
7.654860E-01
7.658133E-01
1.001631E+00
1.001645E+00
4.651087E-01
7.662218E-01
7.666732E-01
1.001660E+00
1.001675E+00
8.333114E-01
8.324170E-01
4.968390E-01
8.314606E-01
8.304433E-01
4.953979E-01
8.293252E-01
8.280807E-01
4.937423E-01
8.267284E-01
8.253347E-01
4.917824E-01
4.653592E-01
7.671372E-01
7.676230E-01
1.001692E+00
1.001712E+00
4.655947E-01
7.682114E-01
7.688509E-01
1.001736E+00
1.001766E+00
4.657500E-01
7.694741E-01
7.700376E-01
1.001805E+00
1.001856E+00
4.656724E-01
7.705711E-01
7.711262E-01
1.001917E+00
1.001991E+00
8.238295E-01
8.221305E-01
4.894607E-01
8.201536E-01
8.178288E-01
4.866828E-01
8.150790E-01
8.118391E-01
4.832130E-01
8.082889E-01
8.042742E-01
4.789302E-01
4.653439E-01
7.715492E-01
7.716935E-01
1.002089E+00
1.002209E+00
4.644500E-01
7.714777E-01
7.710405E-01
1.002346E+00
1.002485E+00
4.628019E-01
7.704034E-01
7.692142E-01
1.002615E+00
1.002732E+00
4.601343E-01
7.671055E-01
7.643166E-01
1.002848E+00
1.002967E+00
7.995612E-01
7.941932E-01
4.740150E-01
7.884669E-01
7.826684E-01
4.689635E-01
7.772490E-01
7.726383E-01
4.644385E-01
7.687452E-01
7.651493E-01
4.605499E-01
4.565799E-01
7.611123E-01
7.575964E-01
1.003089E+00
1.003214E+00
7.615571E-01
7.578352E-01
4.566955E-01
1.601676E-01
4.452374E-01
4.398999E-01
4.452312E-01
1.601721E-01
4.399221E-01
4.524315E-01
7.538011E-01
7.497387E-01
1.003339E+00
1.003464E+00
7.539211E-01
7.497819E-01
4.524534E-01
4.477466E-01
7.454445E-01
7.409987E-01
1.003586E+00
1.003695E+00
7.454304E-01
7.409742E-01
4.477375E-01
1.564654E-01
4.342677E-01
4.283263E-01
4.426256E-01
7.363333E-01
7.313773E-01
1.003794E+00
1.003886E+00
4.343709E-01
1.564641E-01
4.284397E-01
7.363205E-01
7.313717E-01
4.426316E-01
4.370868E-01
7.258588E-01
7.197380E-01
1.003974E+00
1.004044E+00
7.258590E-01
7.198308E-01
4.371408E-01
1.505559E-01
4.193660E-01
3.942616E-01
4.314616E-01
7.140157E-01
7.095649E-01
1.004015E+00
1.003786E+00
4.191334E-01
1.503034E-01
3.932700E-01
7.143336E-01
7.100217E-01
4.315923E-01
4.246995E-01
7.054839E-01
6.988716E-01
1.003302E+00
1.002579E+00
7.058253E-01
6.988691E-01
4.247108E-01
1.233036E-01
3.398899E-01
2.026285E-01
4.097851E-01
6.875123E-01
6.697533E-01
1.001465E+00
9.994159E-01
3.377104E-01
1.222644E-01
2.003848E-01
6.871430E-01
6.688816E-01
4.092091E-01
3.728738E-01
6.495843E-01
6.107518E-01
9.949983E-01
9.771651E-01
6.478718E-01
6.078854E-01
3.713599E-01
6.548259E-02
8.259221E-02
1.854605E-02
9.173463E-02
4.239788E-01
2.789123E-01
4.924384E-01
3.335849E-01
7.753859E-01
8.204265E-02
1.898328E-02
6.479607E-02
4.885232E-01
3.298544E-01
2.764333E-01
</DataArray>
<DataArray type="Float64" Name="strain" NumberOfComponents="3" format="ascii">
-5.687386E-03 -4.983722E-02 -5.858946E-02
3.963655E-02 -1.880651E-02 -8.001503E-02
3.665082E-02 -1.993110E-02 -1.439939E-02
-1.957909E-02 -3.980083E-02 -1.069604E-02
4.311877E-02 -1.649440E-02 -8.072073E-02
4.222680E-02 -1.810932E-02 -1.375734E-02
3.619761E-02 -2.104468E-02 -3.034473E-03
-2.218607E-02 -2.694006E-02 -1.536826E-03
4.207454E-02 -1.977770E-02 -2.565929E-03
4.217324E-02 -1.528768E-02 -8.098964E-02
4.197595E-02 -1.699050E-02 -1.366433E-02
4.138830E-02 -1.437791E-02 -8.107838E-02
4.136445E-02 -1.606488E-02 -1.369458E-02
4.196020E-02 -1.877913E-02 -2.448533E-03
4.137401E-02 -1.785933E-02 -2.446423E-03
4.087865E-02 -1.348638E-02 -8.105467E-02
4.088545E-02 -1.517209E-02 -1.370223E-02
4.045691E-02 -1.257339E-02 -8.098580E-02
4.046790E-02 -1.426998E-02 -1.367812E-02
4.089663E-02 -1.697582E-02 -2.448675E-03
4.048422E-02 -1.609655E-02 -2.424675E-03
4.003641E-02 -1.164009E-02 -8.089735E-02
4.005050E-02 -1.335141E-02 -1.363287E-02
3.958552E-02 -1.068849E-02 -8.079347E-02
3.960436E-02 -1.241520E-02 -1.357277E-02
4.007670E-02 -1.520607E-02 -2.372778E-03
3.964251E-02 -1.429801E-02 -2.297366E-03
3.909104E-02 -9.719078E-03 -8.067228E-02
3.911545E-02 -1.146098E-02 -1.350091E-02
3.854659E-02 -8.732869E-03 -8.053170E-02
3.857653E-02 -1.048948E-02 -1.341972E-02
3.916567E-02 -1.336985E-02 -2.203363E-03
3.863767E-02 -1.242127E-02 -2.095908E-03
3.794986E-02 -7.732224E-03 -8.037091E-02
3.798472E-02 -9.502860E-03 -1.333191E-02
3.730192E-02 -6.720752E-03 -8.019059E-02
3.734068E-02 -8.504615E-03 -1.324046E-02
3.805468E-02 -1.145387E-02 -1.980508E-03
3.741667E-02 -1.047086E-02 -1.862838E-03
3.660671E-02 -5.702895E-03 -7.999279E-02
3.664812E-02 -7.499145E-03 -1.314848E-02
3.587048E-02 -4.683466E-03 -7.978066E-02
3.591316E-02 -6.491308E-03 -1.305887E-02
3.672697E-02 -9.476748E-03 -1.748357E-03
3.599169E-02 -8.476772E-03 -1.641912E-03
3.510118E-02 -3.667247E-03 -7.955828E-02
3.514377E-02 -5.486001E-03 -1.297423E-02
3.430778E-02 -2.658699E-03 -7.933030E-02
3.434905E-02 -4.487852E-03 -1.289668E-02
3.521906E-02 -7.476475E-03 -1.547446E-03
3.441865E-02 -6.481254E-03 -1.467841E-03
3.349972E-02 -1.661781E-03 -7.910171E-02
3.353863E-02 -3.501001E-03 -1.282787E-02
3.268640E-02 -6.798857E-04 -7.887753E-02
3.272212E-02 -2.528988E-03 -1.276894E-02
3.360074E-02 -5.496062E-03 -1.404887E-03
3.277555E-02 -4.525210E-03 -1.359338E-03
3.187667E-02 2.841751E-04 -7.866247E-02
3.190860E-02 -1.574702E-03 -1.272055E-02
3.107854E-02 1.228212E-03 -7.846062E-02
3.110625E-02 -6.403817E-04 -1.268287E-02
3.195278E-02 -3.572260E-03 -1.331023E-03
3.114112E-02 -2.639993E-03 -1.318927E-03
3.029849E-02 2.150876E-03 -7.827478E-02
3.032191E-02 2.723371E-04 -1.265521E-02
2.954083E-02 3.052161E-03 -7.810661E-02
2.956123E-02 1.162541E-03 -1.263617E-02
3.034781E-02 -1.730477E-03 -1.321168E-03
2.957858E-02 -8.451881E-04 -1.334858E-03
2.880770E-02 3.932180E-03 -7.795859E-02
2.882873E-02 2.031294E-03 -1.262622E-02
2.810114E-02 4.786989E-03 -7.783522E-02
2.812235E-02 2.882469E-03 -1.263086E-02
2.883775E-02 1.414191E-05 -1.355810E-03
2.812769E-02 8.463859E-04 -1.381965E-03
2.741989E-02 5.617707E-03 -7.772549E-02
2.744070E-02 3.711606E-03 -1.264080E-02
2.676135E-02 6.424841E-03 -7.762362E-02
2.678276E-02 4.517454E-03 -1.264987E-02
2.744658E-02 1.652034E-03 -1.410554E-03
2.679194E-02 2.431281E-03 -1.435307E-03
2.611906E-02 7.209681E-03 -7.752251E-02
2.614293E-02 5.300966E-03 -1.265354E-02
2.548324E-02 7.974569E-03 -7.741259E-02
2.551224E-02 6.063953E-03 -1.264661E-02
2.615900E-02 3.184403E-03 -1.449871E-03
2.554039E-02 3.911907E-03 -1.447103E-03
2.483990E-02 8.722768E-03 -7.728178E-02
2.487791E-02 6.808769E-03 -1.262203E-02
2.416891E-02 9.458461E-03 -7.711467E-02
2.422204E-02 7.538157E-03 -1.256978E-02
2.492607E-02 4.614042E-03 -1.417574E-03
2.430303E-02 5.289905E-03 -1.347617E-03
2.344108E-02 1.018626E-02 -7.689089E-02
2.351921E-02 8.254658E-03 -1.247529E-02
2.261452E-02 1.090951E-02 -7.658222E-02
2.273420E-02 8.958106E-03 -1.231745E-02
2.365475E-02 5.935977E-03 -1.217235E-03
2.296116E-02 6.543515E-03 -9.982531E-04
2.163345E-02 1.162339E-02 -7.615171E-02
2.182133E-02 9.640766E-03 -1.206896E-02
2.043294E-02 1.230035E-02 -7.555095E-02
2.072887E-02 1.027208E-02 -1.169807E-02
2.220106E-02 7.093424E-03 -6.547380E-04
2.135786E-02 7.547652E-03 -1.509338E-04
1.896518E-02 1.285685E-02 -7.473103E-02
1.942114E-02 1.077159E-02 -1.118642E-02
1.726146E-02 1.309650E-02 -7.367194E-02
1.792535E-02 1.096103E-02 -1.056686E-02
2.043220E-02 7.834875E-03 5.247061E-04
1.945780E-02 7.829818E-03 1.311249E-03
1.551328E-02 1.264204E-02 -7.242196E-02
1.639599E-02 1.050636E-02 -9.970708E-03
1.397733E-02 1.092840E-02 -7.097556E-02
1.498041E-02 8.965812E-03 -9.563184E-03
1.846712E-02 7.341009E-03 2.017768E-03
1.696951E-02 6.366129E-03 2.499346E-03
1.180611E-02 7.668110E-03 -6.806619E-02
1.234460E-02 6.747952E-03 -8.592559E-03
2.082714E-03 7.210027E-03 -5.528213E-02
4.806541E-04 1.044914E-02 2.063677E-04
9.846989E-03 8.470831E-03 5.323822E-03
-8.846778E-03 2.103954E-02 1.546275E-02
-6.780127E-03 2.039368E-02 -4.258929E-02
-9.131277E-03 2.275711E-02 -2.483363E-03
4.124948E-03 2.122851E-02 -6.343501E-02
2.569761E-04 2.236741E-02 -2.119477E-02
-1.061622E-02 3.003876E-02 2.868930E-03
-5.067618E-03 2.750197E-02 -1.860196E-02
5.879111E-03 2.302398E-02 -6.820921E-02
6.897292E-03 2.182449E-02 -1.773429E-02
6.427919E-03 2.634475E-02 -6.812710E-02
7.847173E-03 2.428744E-02 -1.565117E-02
8.205814E-03 2.157827E-02 -1.358731E-02
1.143602E-02 2.029559E-02 -8.663851E-03
8.288153E-03 2.804119E-02 -6.872167E-02
9.246079E-03 2.585645E-02 -1.528625E-02
1.088831E-02 2.792458E-02 -7.015279E-02
1.151765E-02 2.588465E-02 -1.508398E-02
1.210991E-02 2.121609E-02 -7.665310E-03
1.328692E-02 2.161291E-02 -7.069976E-03
1.329104E-02 2.717694E-02 -7.140614E-02
1.406823E-02 2.526922E-02 -1.449994E-02
1.682149E-02 2.670435E-02 -7.270941E-02
1.809198E-02 2.489681E-02 -1.438136E-02
1.522952E-02 2.139136E-02 -5.976630E-03
1.912667E-02 2.120851E-02 -5.433562E-03
3.129797E-02 2.692407E-02 -7.624048E-02
3.176470E-02 2.619034E-02 -1.660252E-02
1.253248E-01 5.778691E-02 -1.378316E-01
9.439355E-02 4.478114E-02 -3.152303E-02
3.334262E-02 2.171098E-02 -6.705967E-03
9.131538E-02 2.625394E-02 -1.176571E-02
3.621458E-02 -2.116679E-02 -7.223623E-04
-2.252049E-02 -2.288465E-02 -8.257458E-05
4.204837E-02 -2.026663E-02 -8.212436E-04
3.622786E-02 -2.113291E-02 -2.961991E-04
-2.254336E-02 -2.205528E-02 1.319285E-05
4.202873E-02 -2.032231E-02 -5.537525E-04
4.193242E-02 -1.934454E-02 -8.232559E-04
4.136533E-02 -1.845760E-02 -8.325727E-04
4.190574E-02 -1.947906E-02 -6.955619E-04
4.134754E-02 -1.863919E-02 -7.565924E-04
4.090169E-02 -1.759483E-02 -8.287280E-04
4.050306E-02 -1.673799E-02 -7.932025E-04
4.090096E-02 -1.781274E-02 -7.649722E-04
4.052242E-02 -1.698910E-02 -7.239319E-04
4.011228E-02 -1.587240E-02 -7.214507E-04
3.969703E-02 -1.498900E-02 -6.160783E-04
4.015491E-02 -1.615623E-02 -6.340205E-04
3.976550E-02 -1.530426E-02 -4.989061E-04
3.923952E-02 -1.408290E-02 -4.827660E-04
3.872937E-02 -1.315218E-02 -3.287699E-04
3.933459E-02 -1.442626E-02 -3.253055E-04
3.884956E-02 -1.351825E-02 -1.223158E-04
3.816114E-02 -1.219736E-02 -1.623088E-04
3.753360E-02 -1.122115E-02 7.998103E-06
3.830276E-02 -1.257923E-02 9.927436E-05
3.769111E-02 -1.161100E-02 3.278023E-04
3.684935E-02 -1.022807E-02 1.737851E-04
3.611437E-02 -9.223892E-03 3.275761E-04
3.701604E-02 -1.061795E-02 5.516885E-04
3.628307E-02 -9.606449E-03 7.603959E-04
3.533724E-02 -8.215051E-03 4.632784E-04
3.452834E-02 -7.208061E-03 5.764649E-04
3.550115E-02 -8.584103E-03 9.452114E-04
3.468158E-02 -7.558949E-03 1.099723E-03
3.369892E-02 -6.209032E-03 6.644395E-04
3.286030E-02 -5.223345E-03 7.261373E-04
3.383695E-02 -6.538718E-03 1.219965E-03
3.298014E-02 -5.530332E-03 1.304307E-03
3.202323E-02 -4.255488E-03 7.619681E-04
3.119737E-02 -3.309055E-03 7.737009E-04
3.212349E-02 -4.539646E-03 1.353220E-03
3.127830E-02 -3.571470E-03 1.369047E-03
3.039100E-02 -2.386933E-03 7.644446E-04
2.961111E-02 -1.491691E-03 7.386204E-04
3.045454E-02 -2.629804E-03 1.355796E-03
2.966068E-02 -1.718076E-03 1.318823E-03
2.886329E-02 -6.257657E-04 7.010982E-04
2.815004E-02 2.094319E-04 6.560577E-04
2.890315E-02 -8.391515E-04 1.264340E-03
2.818537E-02 4.875239E-06 1.199120E-03
2.747032E-02 1.013805E-03 6.087154E-04
2.682175E-02 1.787223E-03 5.669108E-04
2.750767E-02 8.126861E-04 1.130997E-03
2.686865E-02 1.582948E-03 1.069524E-03
2.620088E-02 2.528667E-03 5.394330E-04
2.560281E-02 3.236261E-03 5.359793E-04
2.626642E-02 2.313073E-03 1.025372E-03
2.569942E-02 2.998295E-03 1.010040E-03
2.502192E-02 3.906387E-03 5.687720E-04
2.445279E-02 4.532104E-03 6.546606E-04
2.516782E-02 3.630355E-03 1.037017E-03
2.467568E-02 4.195459E-03 1.123553E-03
2.389170E-02 5.100912E-03 8.171994E-04
2.333933E-02 5.591682E-03 1.087755E-03
2.423401E-02 4.671729E-03 1.292035E-03
2.386520E-02 5.026436E-03 1.569381E-03
2.280550E-02 5.970756E-03 1.503141E-03
2.231624E-02 6.187877E-03 2.095379E-03
2.360904E-02 5.214076E-03 1.982624E-03
2.352731E-02 5.177563E-03 2.545634E-03
2.191677E-02 6.177336E-03 2.866458E-03
2.165019E-02 5.867939E-03 3.736667E-03
2.370127E-02 4.858185E-03 3.233633E-03
2.411213E-02 4.280740E-03 3.956618E-03
2.131954E-02 5.307714E-03 4.524163E-03
1.817447E-02 6.223419E-03 5.626434E-03
2.347858E-02 4.253977E-03 4.733138E-03
9.716446E-03 1.482375E-02 1.081337E-02
-1.514738E-03 2.080128E-02 1.493353E-02
-1.679791E-02 3.484077E-02 1.960880E-02
-1.316602E-02 3.631667E-02 2.046566E-02
-1.959827E-02 4.440744E-02 2.349906E-02
-1.020023E-02 3.692667E-02 -3.934254E-03
-7.135784E-03 3.286277E-02 -2.115668E-02
-7.735448E-03 4.005555E-02 -1.569993E-02
-5.304683E-03 3.481654E-02 -2.457830E-02
6.428156E-03 2.522239E-02 -1.866061E-02
1.532909E-02 1.842635E-02 -9.123400E-03
2.964742E-03 2.880838E-02 -2.360471E-02
1.686762E-02 1.922485E-02 -1.145898E-02
1.584939E-02 1.794977E-02 -7.007377E-03
1.580763E-02 1.865704E-02 -6.515774E-03
1.908628E-02 1.607933E-02 -6.698331E-03
1.838035E-02 1.648898E-02 -6.308961E-03
1.672586E-02 1.904354E-02 -5.519774E-03
2.002327E-02 1.917208E-02 -4.635816E-03
1.831520E-02 1.718890E-02 -5.713853E-03
2.086146E-02 1.757440E-02 -4.752596E-03
3.364994E-02 1.925197E-02 -4.715321E-03
9.004622E-02 1.994665E-02 -8.413717E-03
3.389558E-02 1.777839E-02 -4.416594E-03
8.998800E-02 1.802680E-02 -7.907665E-03
3.614449E-02 -2.099920E-02 -2.761394E-04
-2.260440E-02 -2.179847E-02 8.167119E-06
4.195493E-02 -2.022629E-02 -5.682202E-04
3.600043E-02 -2.078706E-02 -3.243198E-04
-2.271175E-02 -2.153461E-02 1.888859E-05
4.183619E-02 -2.006161E-02 -6.434989E-04
4.185830E-02 -1.944983E-02 -7.743190E-04
4.131903E-02 -1.866854E-02 -8.883900E-04
4.177511E-02 -1.934567E-02 -8.828898E-04
4.126821E-02 -1.862881E-02 -1.033388E-03
4.089227E-02 -1.789016E-02 -9.212300E-04
4.053788E-02 -1.711072E-02 -8.836278E-04
4.086897E-02 -1.790918E-02 -1.092464E-03
4.054310E-02 -1.718409E-02 -1.064989E-03
4.019879E-02 -1.632034E-02 -7.816031E-04
3.984118E-02 -1.550869E-02 -6.210944E-04
4.023639E-02 -1.644567E-02 -9.577486E-04
3.991518E-02 -1.568341E-02 -7.780053E-04
3.944362E-02 -1.466698E-02 -4.102164E-04
3.899099E-02 -1.378898E-02 -1.597563E-04
3.955666E-02 -1.488681E-02 -5.349191E-04
3.914331E-02 -1.404715E-02 -2.405678E-04
3.847289E-02 -1.287160E-02 1.171248E-04
3.788378E-02 -1.191526E-02 4.057296E-04
3.866171E-02 -1.315879E-02 8.991690E-05
3.810314E-02 -1.222013E-02 4.390342E-04
3.722318E-02 -1.092388E-02 6.910329E-04
3.649570E-02 -9.904323E-03 9.590102E-04
3.746442E-02 -1.123404E-02 7.882513E-04
3.674830E-02 -1.020756E-02 1.119681E-03
3.571029E-02 -8.865559E-03 1.197801E-03
3.487917E-02 -7.817521E-03 1.398479E-03
3.596307E-02 -9.150949E-03 1.417697E-03
3.512153E-02 -8.076304E-03 1.670135E-03
3.401654E-02 -6.770070E-03 1.555357E-03
3.313728E-02 -5.732214E-03 1.665884E-03
3.423953E-02 -6.996100E-03 1.868872E-03
3.333435E-02 -5.922035E-03 2.009832E-03
3.225595E-02 -4.711696E-03 1.730315E-03
3.138614E-02 -3.714951E-03 1.751316E-03
3.242343E-02 -4.864329E-03 2.092578E-03
3.152340E-02 -3.831532E-03 2.119777E-03
3.054004E-02 -2.747296E-03 1.733597E-03
2.972797E-02 -1.813149E-03 1.683623E-03
3.064936E-02 -2.830666E-03 2.096739E-03
2.981426E-02 -1.867546E-03 2.031177E-03
2.895781E-02 -9.162027E-04 1.609385E-03
2.823447E-02 -5.953563E-05 1.520183E-03
2.902831E-02 -9.471099E-04 1.933055E-03
2.829852E-02 -7.370198E-05 1.814265E-03
2.755999E-02 7.541855E-04 1.426464E-03
2.693460E-02 1.522016E-03 1.339652E-03
2.762890E-02 7.485773E-04 1.687920E-03
2.702177E-02 1.515091E-03 1.567319E-03
2.635862E-02 2.239382E-03 1.271605E-03
2.583449E-02 2.898471E-03 1.234281E-03
2.648021E-02 2.219174E-03 1.464840E-03
2.601102E-02 2.850124E-03 1.391352E-03
2.536903E-02 3.486386E-03 1.240346E-03
2.497648E-02 3.983005E-03 1.304286E-03
2.562790E-02 3.391084E-03 1.356465E-03
2.535455E-02 3.817136E-03 1.369082E-03
2.468217E-02 4.358713E-03 1.442595E-03
2.452700E-02 4.573114E-03 1.671713E-03
2.522732E-02 4.094479E-03 1.436917E-03
2.529714E-02 4.181045E-03 1.562760E-03
2.457082E-02 4.575660E-03 2.000965E-03
2.488789E-02 4.316026E-03 2.423814E-03
2.562490E-02 4.035759E-03 1.739268E-03
2.625594E-02 3.638172E-03 1.930261E-03
2.549925E-02 3.793535E-03 2.893098E-03
2.588895E-02 3.373620E-03 3.331032E-03
2.702092E-02 3.126737E-03 2.047964E-03
2.480140E-02 4.643869E-03 2.262296E-03
1.937573E-02 8.292270E-03 5.369526E-03
-8.555756E-03 3.324032E-02 1.973041E-02
-2.168621E-03 2.758575E-02 1.445763E-02
-1.604553E-02 4.312613E-02 1.846125E-02
-1.595579E-02 4.345304E-02 1.994128E-02
-1.635523E-02 4.931073E-02 2.626105E-02
-1.703522E-02 4.753476E-02 1.540828E-02
2.214508E-04 4.375021E-02 1.432896E-02
-1.845252E-03 3.705843E-02 -2.346051E-02
-1.674576E-03 3.359947E-02 -2.573260E-02
7.224744E-03 2.864425E-02 -1.938044E-02
2.682872E-03 3.035447E-02 -2.285369E-02
1.511514E-03 3.005411E-02 -2.502770E-02
1.405912E-02 2.231200E-02 -1.583770E-02
1.749273E-03 2.988460E-02 -2.389743E-02
8.976451E-03 2.555426E-02 -1.975209E-02
2.068468E-02 1.585871E-02 -6.524821E-03
2.041674E-02 1.510875E-02 -5.519647E-03
1.996059E-02 1.744512E-02 -7.522901E-03
2.145175E-02 1.471345E-02 -4.529854E-03
1.983868E-02 1.567151E-02 -5.372903E-03
2.176828E-02 1.617380E-02 -4.682557E-03
2.100295E-02 1.464482E-02 -4.531539E-03
2.262375E-02 1.499435E-02 -4.237926E-03
3.440577E-02 1.649599E-02 -4.299796E-03
9.050349E-02 1.677976E-02 -7.256105E-03
3.505268E-02 1.526074E-02 -3.973239E-03
9.128879E-02 1.545648E-02 -6.268037E-03
3.582396E-02 -2.052130E-02 -3.726237E-04
-2.284639E-02 -2.120992E-02 3.076171E-05
4.168650E-02 -1.985382E-02 -7.266318E-04
3.562505E-02 -2.021697E-02 -4.132764E-04
-2.299941E-02 -2.083912E-02 3.864588E-05
4.151371E-02 -1.961346E-02 -8.039532E-04
4.166045E-02 -1.919936E-02 -9.946187E-04
4.118955E-02 -1.854855E-02 -1.172011E-03
4.152082E-02 -1.902340E-02 -1.100892E-03
4.108435E-02 -1.843968E-02 -1.302449E-03
4.082382E-02 -1.789468E-02 -1.254129E-03
4.053062E-02 -1.723249E-02 -1.240202E-03
4.075291E-02 -1.785465E-02 -1.405100E-03
4.049375E-02 -1.726082E-02 -1.405993E-03
4.025905E-02 -1.655446E-02 -1.133975E-03
3.997707E-02 -1.584999E-02 -9.419986E-04
4.025791E-02 -1.664953E-02 -1.305715E-03
4.001555E-02 -1.600969E-02 -1.108684E-03
3.966163E-02 -1.510713E-02 -6.734633E-04
3.929344E-02 -1.431464E-02 -3.409309E-04
3.974472E-02 -1.532814E-02 -8.229240E-04
3.942567E-02 -1.459145E-02 -4.603693E-04
3.885619E-02 -1.346396E-02 3.928032E-05
3.833755E-02 -1.255076E-02 4.475174E-04
3.903998E-02 -1.378802E-02 -3.728091E-05
3.857166E-02 -1.291017E-02 4.258134E-04
3.773058E-02 -1.157602E-02 8.620582E-04
3.703486E-02 -1.054620E-02 1.260992E-03
3.800899E-02 -1.195588E-02 9.049818E-04
3.734659E-02 -1.092965E-02 1.374613E-03
3.625676E-02 -9.472386E-03 1.624288E-03
3.540878E-02 -8.368820E-03 1.935566E-03
3.658687E-02 -9.842355E-03 1.809771E-03
3.574034E-02 -8.709781E-03 2.188657E-03
3.450809E-02 -7.250970E-03 2.183190E-03
3.357467E-02 -6.133861E-03 2.360563E-03
3.482461E-02 -7.550510E-03 2.494553E-03
3.386233E-02 -6.383556E-03 2.716800E-03
3.262952E-02 -5.030930E-03 2.465790E-03
3.169323E-02 -3.953530E-03 2.501047E-03
3.287877E-02 -5.226510E-03 2.850803E-03
3.189969E-02 -4.094531E-03 2.897419E-03
3.078488E-02 -2.911017E-03 2.472036E-03
2.992116E-02 -1.911158E-03 2.387729E-03
3.094957E-02 -3.000212E-03 2.862298E-03
3.005041E-02 -1.954024E-03 2.755549E-03
2.911565E-02 -9.606000E-04 2.260225E-03
2.837820E-02 -6.524379E-05 2.104249E-03
2.922046E-02 -9.648930E-04 2.591608E-03
2.847333E-02 -4.059730E-05 2.388510E-03
2.771517E-02 7.693314E-04 1.935798E-03
2.713111E-02 1.536962E-03 1.770012E-03
2.781808E-02 8.118291E-04 2.165659E-03
2.726135E-02 1.585099E-03 1.940196E-03
2.663194E-02 2.229192E-03 1.619101E-03
2.622885E-02 2.832992E-03 1.491311E-03
2.681152E-02 2.269631E-03 1.723540E-03
2.648364E-02 2.850971E-03 1.520012E-03
2.594185E-02 3.328687E-03 1.391222E-03
2.580190E-02 3.689032E-03 1.320276E-03
2.630287E-02 3.307816E-03 1.327533E-03
2.630591E-02 3.612127E-03 1.139624E-03
2.585226E-02 3.879863E-03 1.276171E-03
2.614530E-02 3.865979E-03 1.248662E-03
2.653701E-02 3.732171E-03 9.450642E-04
2.703958E-02 3.639283E-03 7.277130E-04
2.673642E-02 3.617223E-03 1.207987E-03
2.755667E-02 3.190751E-03 1.122059E-03
2.775425E-02 3.374451E-03 4.760452E-04
2.781669E-02 3.397857E-03 1.690691E-04
2.699330E-02 3.496850E-03 9.860521E-04
6.923696E-03 2.021747E-02 8.035065E-03
1.618929E-02 1.278228E-02 2.296181E-03
-1.640030E-02 4.310718E-02 1.664494E-02
-1.680652E-02 4.368123E-02 1.747976E-02
-1.881695E-02 4.785630E-02 1.536879E-02
-2.052741E-02 4.880833E-02 1.585093E-02
-2.032220E-02 5.058449E-02 1.312847E-02
-1.684495E-02 4.900677E-02 1.327033E-02
2.138909E-02 2.496588E-02 -8.881744E-03
8.578589E-03 3.400468E-02 2.893894E-03
2.368470E-02 1.542001E-02 -1.220874E-02
1.674070E-02 2.077187E-02 -1.609857E-02
8.561090E-03 2.524154E-02 -1.977635E-02
2.161493E-02 1.508052E-02 -1.369000E-02
1.519986E-02 1.881230E-02 -1.658407E-02
3.307221E-03 2.836271E-02 -2.220624E-02
5.118510E-03 2.740087E-02 -2.130304E-02
7.187942E-03 2.440034E-02 -2.014416E-02
4.171040E-03 2.700098E-02 -2.116064E-02
1.650822E-02 2.045614E-02 -1.071156E-02
2.123846E-02 1.532949E-02 -4.069991E-03
1.148354E-02 2.348620E-02 -1.482886E-02
1.970968E-02 1.688292E-02 -4.740149E-03
2.157900E-02 1.421561E-02 -3.501508E-03
2.326408E-02 1.413590E-02 -3.478474E-03
2.147570E-02 1.438224E-02 -2.639885E-03
2.356395E-02 1.367310E-02 -2.581835E-03
3.566818E-02 1.416821E-02 -3.402082E-03
9.215010E-02 1.412709E-02 -5.161373E-03
3.612582E-02 1.333691E-02 -2.668847E-03
9.292129E-02 1.296625E-02 -4.101407E-03
3.540716E-02 -1.988193E-02 -4.471898E-04
-2.316677E-02 -2.043332E-02 4.384581E-05
4.132176E-02 -1.934629E-02 -8.719265E-04
3.517280E-02 -1.952150E-02 -4.750563E-04
-2.334570E-02 -1.999926E-02 4.777135E-05
4.111349E-02 -1.905660E-02 -9.292399E-04
4.136068E-02 -1.882335E-02 -1.196876E-03
4.095575E-02 -1.830776E-02 -1.421554E-03
4.118328E-02 -1.860285E-02 -1.279277E-03
4.080687E-02 -1.815613E-02 -1.525090E-03
4.065568E-02 -1.779246E-02 -1.543514E-03
4.042804E-02 -1.726907E-02 -1.559687E-03
4.053338E-02 -1.771018E-02 -1.664891E-03
4.033138E-02 -1.725658E-02 -1.696095E-03
4.022512E-02 -1.672777E-02 -1.468988E-03
4.001939E-02 -1.615667E-02 -1.273758E-03
4.015462E-02 -1.678494E-02 -1.617413E-03
3.997831E-02 -1.628299E-02 -1.430213E-03
3.979124E-02 -1.554183E-02 -9.801658E-04
3.952229E-02 -1.486830E-02 -5.983929E-04
3.978661E-02 -1.573682E-02 -1.138993E-03
3.956468E-02 -1.513124E-02 -7.513850E-04
3.919361E-02 -1.412188E-02 -1.430094E-04
3.878614E-02 -1.329119E-02 3.665968E-04
3.929531E-02 -1.445061E-02 -2.784656E-04
3.895793E-02 -1.368009E-02 2.641675E-04
3.828268E-02 -1.236991E-02 9.061968E-04
3.767078E-02 -1.135865E-02 1.447643E-03
3.852978E-02 -1.280791E-02 8.549320E-04
3.798949E-02 -1.182822E-02 1.465502E-03
3.694601E-02 -1.026594E-02 1.961043E-03
3.611411E-02 -9.107712E-03 2.417889E-03
3.732227E-02 -1.074406E-02 2.061932E-03
3.652499E-02 -9.568694E-03 2.608042E-03
3.519124E-02 -7.905221E-03 2.794271E-03
3.420211E-02 -6.682014E-03 3.073167E-03
3.560895E-02 -8.324572E-03 3.070197E-03
3.459915E-02 -7.039894E-03 3.421746E-03
3.317688E-02 -5.461028E-03 3.245301E-03
3.214793E-02 -4.262630E-03 3.308801E-03
3.353080E-02 -5.744303E-03 3.645642E-03
3.244457E-02 -4.465307E-03 3.734930E-03
3.114715E-02 -3.103956E-03 3.268432E-03
3.020380E-02 -1.999237E-03 3.135149E-03
3.138222E-02 -3.226480E-03 3.692012E-03
3.038320E-02 -2.047377E-03 3.528060E-03
2.934267E-02 -9.604453E-04 2.925985E-03
2.858232E-02 2.353858E-06 2.663112E-03
2.948134E-02 -9.441485E-04 3.263028E-03
2.870183E-02 7.024149E-05 2.924576E-03
2.793480E-02 8.807707E-04 2.370401E-03
2.740831E-02 1.667017E-03 2.067571E-03
2.805997E-02 9.861511E-04 2.542935E-03
2.756456E-02 1.796136E-03 2.141681E-03
2.701281E-02 2.351355E-03 1.764909E-03
2.676608E-02 2.918740E-03 1.461720E-03
2.722569E-02 2.491332E-03 1.729898E-03
2.706178E-02 3.057453E-03 1.301804E-03
2.669676E-02 3.347199E-03 1.149363E-03
2.684060E-02 3.609128E-03 8.152979E-04
2.710076E-02 3.472778E-03 8.426906E-04
2.737019E-02 3.717102E-03 3.414426E-04
2.722656E-02 3.681784E-03 4.529905E-04
2.781588E-02 3.584654E-03 5.089821E-05
2.787863E-02 3.777818E-03 -2.174572E-04
2.853103E-02 3.697841E-03 -8.965090E-04
2.825102E-02 3.524421E-03 -4.737155E-04
2.304169E-02 7.509462E-03 -9.621504E-04
2.669845E-02 4.972731E-03 -2.025988E-03
-6.229795E-03 3.384392E-02 1.039302E-02
-1.324087E-02 4.013437E-02 1.471028E-02
-2.144621E-02 4.967472E-02 1.562931E-02
-2.179143E-02 5.027910E-02 1.512346E-02
-2.265943E-02 5.221747E-02 1.391190E-02
-2.151276E-02 5.126509E-02 1.371287E-02
-1.020942E-02 4.428870E-02 1.032978E-02
-1.972485E-02 5.047574E-02 1.194559E-02
2.489861E-02 1.876320E-02 -6.197920E-03
2.770006E-02 1.443398E-02 -1.119540E-02
2.610195E-02 1.230286E-02 -1.253532E-02
2.767052E-02 1.106806E-02 -1.131230E-02
2.652108E-02 1.074826E-02 -1.101133E-02
2.408911E-02 1.242094E-02 -1.227718E-02
2.007295E-02 1.424604E-02 -1.385926E-02
2.524388E-02 1.082714E-02 -1.094401E-02
2.284826E-02 1.164599E-02 -1.188452E-02
1.276879E-02 1.902160E-02 -1.733235E-02
6.340955E-03 2.406633E-02 -1.996318E-02
1.781018E-02 1.450015E-02 -1.445723E-02
1.077404E-02 1.952566E-02 -1.778594E-02
7.827576E-03 2.465980E-02 -1.752325E-02
1.681366E-02 1.907908E-02 -7.039378E-03
7.552086E-03 2.311415E-02 -1.807548E-02
1.340194E-02 2.081940E-02 -1.036096E-02
2.066973E-02 1.508087E-02 -2.346799E-03
2.347639E-02 1.360788E-02 -1.770115E-03
1.922700E-02 1.616593E-02 -2.937818E-03
2.303070E-02 1.388607E-02 -1.249818E-03
3.634916E-02 1.283755E-02 -1.898692E-03
9.346768E-02 1.211234E-02 -3.186399E-03
3.632006E-02 1.267855E-02 -1.224784E-03
9.371056E-02 1.164278E-02 -2.479409E-03
3.492483E-02 -1.914058E-02 -4.970863E-04
-2.353382E-02 -1.954248E-02 5.099822E-05
4.089189E-02 -1.874867E-02 -9.750526E-04
3.466644E-02 -1.874414E-02 -5.134684E-04
-2.372895E-02 -1.906809E-02 5.367784E-05
4.066044E-02 -1.842732E-02 -1.008770E-03
4.099184E-02 -1.836566E-02 -1.345504E-03
4.064090E-02 -1.798808E-02 -1.608600E-03
4.079005E-02 -1.811642E-02 -1.393296E-03
4.046135E-02 -1.780781E-02 -1.667544E-03
4.038813E-02 -1.761007E-02 -1.763187E-03
4.020325E-02 -1.722329E-02 -1.807752E-03
4.022237E-02 -1.749522E-02 -1.831428E-03
4.004381E-02 -1.716994E-02 -1.885572E-03
4.004210E-02 -1.681733E-02 -1.742198E-03
3.988369E-02 -1.638057E-02 -1.568493E-03
3.988440E-02 -1.682203E-02 -1.832765E-03
3.972856E-02 -1.644192E-02 -1.677340E-03
3.971760E-02 -1.590061E-02 -1.290329E-03
3.953492E-02 -1.536400E-02 -9.124309E-04
3.957338E-02 -1.602093E-02 -1.423172E-03
3.941792E-02 -1.554988E-02 -1.071874E-03
3.932279E-02 -1.475556E-02 -4.407072E-04
3.906138E-02 -1.405806E-02 1.158934E-04
3.925587E-02 -1.501635E-02 -6.228882E-04
3.907071E-02 -1.440251E-02 -7.620345E-05
3.872358E-02 -1.325368E-02 7.421040E-04
3.827825E-02 -1.232761E-02 1.413113E-03
3.883364E-02 -1.368512E-02 5.627314E-04
3.850528E-02 -1.283889E-02 1.277237E-03
3.769698E-02 -1.127321E-02 2.093436E-03
3.696251E-02 -1.009658E-02 2.739429E-03
3.804206E-02 -1.184331E-02 2.034960E-03
3.740727E-02 -1.069106E-02 2.787510E-03
3.607573E-02 -8.818040E-03 3.305316E-03
3.505809E-02 -7.469424E-03 3.750572E-03
3.658348E-02 -9.394272E-03 3.476001E-03
3.558121E-02 -7.984869E-03 4.041334E-03
3.394870E-02 -6.088276E-03 4.045717E-03
3.279798E-02 -4.711760E-03 4.174808E-03
3.443949E-02 -6.508417E-03 4.434927E-03
3.321886E-02 -5.014676E-03 4.625480E-03
3.166083E-02 -3.372681E-03 4.135258E-03
3.059077E-02 -2.098318E-03 3.937184E-03
3.199109E-02 -3.549723E-03 4.600726E-03
3.082944E-02 -2.152367E-03 4.367132E-03
2.963455E-02 -9.108104E-04 3.603743E-03
2.882649E-02 1.729282E-04 3.170226E-03
2.979940E-02 -8.537681E-04 3.951022E-03
2.894863E-02 3.232676E-04 3.398575E-03
2.818549E-02 1.142029E-03 2.676466E-03
2.771956E-02 1.990386E-03 2.152217E-03
2.830044E-02 1.366377E-03 2.764765E-03
2.786021E-02 2.271896E-03 2.089028E-03
2.743687E-02 2.711543E-03 1.605539E-03
2.735654E-02 3.291842E-03 1.024373E-03
2.763480E-02 3.035436E-03 1.378155E-03
2.764571E-02 3.641345E-03 6.121069E-04
2.750832E-02 3.710980E-03 3.887924E-04
2.793205E-02 3.936858E-03 -3.222631E-04
2.792948E-02 4.056002E-03 -2.312868E-04
2.841900E-02 4.298424E-03 -1.134176E-03
2.858277E-02 3.972110E-03 -1.103263E-03
2.797289E-02 4.439307E-03 -2.109830E-03
2.822930E-02 4.722518E-03 -2.145633E-03
1.401544E-02 1.653255E-02 -7.456132E-04
3.718716E-03 2.520864E-02 4.601461E-03
-2.196368E-02 5.063736E-02 1.498631E-02
-2.140568E-02 5.004234E-02 1.501704E-02
-2.436927E-02 5.373121E-02 1.444812E-02
-2.368596E-02 5.307474E-02 1.418348E-02
-2.256182E-02 5.296540E-02 1.228536E-02
-2.345268E-02 5.395297E-02 1.272513E-02
-3.355976E-03 3.908196E-02 7.617817E-03
1.221041E-02 2.833422E-02 1.544100E-03
2.893501E-02 9.718682E-03 -9.897345E-03
3.078860E-02 9.001329E-03 -8.677118E-03
3.011240E-02 7.990996E-03 -1.019126E-02
2.829273E-02 9.296504E-03 -1.048382E-02
2.725949E-02 9.503986E-03 -1.010521E-02
2.881313E-02 8.412280E-03 -9.679958E-03
2.774413E-02 8.666590E-03 -9.236344E-03
2.609522E-02 9.684252E-03 -9.979104E-03
2.440182E-02 1.014661E-02 -1.047993E-02
2.672956E-02 8.832120E-03 -9.060593E-03
2.541849E-02 9.131722E-03 -9.337360E-03
2.115546E-02 1.166711E-02 -1.214428E-02
1.553768E-02 1.522220E-02 -1.506959E-02
2.321129E-02 9.983973E-03 -1.039560E-02
1.925521E-02 1.216704E-02 -1.255336E-02
1.019863E-02 1.968830E-02 -1.696846E-02
1.144200E-02 2.078171E-02 -1.289504E-02
1.405592E-02 1.593267E-02 -1.488004E-02
1.194703E-02 1.888059E-02 -1.361916E-02
1.738517E-02 1.726908E-02 -4.535985E-03
2.229050E-02 1.440346E-02 -1.221506E-03
1.583368E-02 1.770482E-02 -6.662028E-03
2.140302E-02 1.496599E-02 -1.803640E-03
3.606610E-02 1.281595E-02 -7.738146E-04
9.363738E-02 1.156622E-02 -2.028186E-03
3.565576E-02 1.315519E-02 -6.471696E-04
9.329760E-02 1.182990E-02 -1.868672E-03
3.440102E-02 -1.833732E-02 -5.245542E-04
-2.392921E-02 -1.858071E-02 5.584480E-05
4.042317E-02 -1.809818E-02 -1.030002E-03
3.413209E-02 -1.792538E-02 -5.308807E-04
-2.413310E-02 -1.808419E-02 5.753460E-05
4.018462E-02 -1.776787E-02 -1.038400E-03
4.058217E-02 -1.786105E-02 -1.420425E-03
4.027197E-02 -1.762091E-02 -1.696980E-03
4.037291E-02 -1.760699E-02 -1.424193E-03
4.007621E-02 -1.743438E-02 -1.690840E-03
4.003828E-02 -1.736977E-02 -1.861710E-03
3.985267E-02 -1.709786E-02 -1.919313E-03
3.983650E-02 -1.723840E-02 -1.844731E-03
3.962726E-02 -1.700782E-02 -1.897989E-03
3.967831E-02 -1.679642E-02 -1.877741E-03
3.950740E-02 -1.646014E-02 -1.745264E-03
3.941928E-02 -1.673711E-02 -1.866422E-03
3.921575E-02 -1.642863E-02 -1.762631E-03
3.934648E-02 -1.608679E-02 -1.526219E-03
3.920355E-02 -1.567379E-02 -1.218510E-03
3.903353E-02 -1.608932E-02 -1.589957E-03
3.888838E-02 -1.572434E-02 -1.341237E-03
3.907966E-02 -1.521349E-02 -8.143758E-04
3.896361E-02 -1.468948E-02 -3.039822E-04
3.878737E-02 -1.533139E-02 -1.001599E-03
3.872533E-02 -1.489704E-02 -5.526185E-04
3.882880E-02 -1.407519E-02 3.190229E-04
3.863225E-02 -1.333576E-02 1.050397E-03
3.868193E-02 -1.439465E-02 2.311475E-05
3.861802E-02 -1.378390E-02 7.358837E-04
3.831782E-02 -1.243445E-02 1.867542E-03
3.782637E-02 -1.134379E-02 2.723976E-03
3.847300E-02 -1.301381E-02 1.579666E-03
3.816872E-02 -1.203259E-02 2.520721E-03
3.711286E-02 -1.005821E-02 3.550605E-03
3.616468E-02 -8.601678E-03 4.266396E-03
3.762578E-02 -1.080536E-02 3.489608E-03
3.679169E-02 -9.333327E-03 4.385436E-03
3.501132E-02 -7.024725E-03 4.795106E-03
3.372050E-02 -5.392167E-03 5.079959E-03
3.566786E-02 -7.661870E-03 5.095801E-03
3.431850E-02 -5.870134E-03 5.523435E-03
3.238443E-02 -3.768971E-03 5.090627E-03
3.110384E-02 -2.211545E-03 4.824677E-03
3.285717E-02 -4.048863E-03 5.605118E-03
3.142216E-02 -2.281686E-03 5.318937E-03
2.997228E-02 -7.653050E-04 4.310414E-03
2.905803E-02 5.373621E-04 3.609701E-03
3.014970E-02 -6.373126E-04 4.690984E-03
2.914163E-02 8.350630E-04 3.804964E-03
2.839065E-02 1.681372E-03 2.801657E-03
2.797072E-02 2.666373E-03 1.942320E-03
2.843655E-02 2.115916E-03 2.780516E-03
2.802220E-02 3.211009E-03 1.700366E-03
2.779816E-02 3.489575E-03 1.036932E-03
2.788662E-02 4.132799E-03 6.718464E-05
2.788300E-02 4.128125E-03 5.737976E-04
2.801941E-02 4.847582E-03 -6.441641E-04
2.818645E-02 4.601807E-03 -9.804859E-04
2.832955E-02 5.047015E-03 -2.211671E-03
2.840778E-02 5.326441E-03 -2.067118E-03
2.632245E-02 6.900407E-03 -4.427318E-03
2.197473E-02 1.009146E-02 -3.842556E-03
-1.852274E-02 4.710604E-02 1.405431E-02
-1.173296E-02 4.073010E-02 1.067616E-02
-2.433215E-02 5.442043E-02 1.426929E-02
-2.453147E-02 5.412458E-02 1.446347E-02
-2.407927E-02 5.473413E-02 1.299036E-02
-2.469689E-02 5.563456E-02 1.315501E-02
-2.091209E-02 5.272786E-02 1.117731E-02
-1.485014E-02 4.751453E-02 1.041429E-02
3.077647E-02 1.071207E-02 -6.606144E-03
2.601274E-02 1.591240E-02 -3.056852E-03
3.190379E-02 6.585746E-03 -8.321632E-03
3.135492E-02 7.146166E-03 -9.491216E-03
3.010364E-02 7.458289E-03 -9.175125E-03
3.123506E-02 6.519221E-03 -8.567867E-03
3.043333E-02 6.796082E-03 -8.278984E-03
2.912473E-02 7.735788E-03 -8.717942E-03
2.824083E-02 7.918524E-03 -8.377092E-03
2.959780E-02 7.034127E-03 -7.920930E-03
2.877175E-02 7.226181E-03 -7.602533E-03
2.732605E-02 8.085953E-03 -8.210315E-03
2.622046E-02 8.329554E-03 -8.348464E-03
2.791465E-02 7.404446E-03 -7.416544E-03
2.692650E-02 7.635488E-03 -7.460311E-03
2.457593E-02 8.879238E-03 -9.025005E-03
2.179912E-02 1.022275E-02 -1.051741E-02
2.559801E-02 8.053587E-03 -7.892240E-03
2.354767E-02 8.954101E-03 -8.910718E-03
1.764743E-02 1.289907E-02 -1.255234E-02
1.423226E-02 1.612527E-02 -1.285147E-02
2.042900E-02 1.078298E-02 -1.046494E-02
1.704807E-02 1.350668E-02 -1.132572E-02
1.541982E-02 1.701832E-02 -8.307603E-03
2.063841E-02 1.528476E-02 -2.896524E-03
1.632806E-02 1.545425E-02 -8.897306E-03
2.033787E-02 1.509574E-02 -4.128887E-03
3.519281E-02 1.355955E-02 -8.980891E-04
9.279149E-02 1.232656E-02 -2.009726E-03
3.481883E-02 1.386104E-02 -1.488005E-03
9.225519E-02 1.290852E-02 -2.415343E-03
3.386330E-02 -1.751379E-02 -5.331269E-04
-2.433963E-02 -1.758122E-02 5.882804E-05
3.994992E-02 -1.744439E-02 -1.033260E-03
3.359860E-02 -1.710856E-02 -5.320093E-04
-2.454858E-02 -1.707292E-02 5.989756E-05
3.972490E-02 -1.713793E-02 -1.012630E-03
4.016703E-02 -1.736355E-02 -1.400439E-03
3.987571E-02 -1.725622E-02 -1.640609E-03
3.996821E-02 -1.714211E-02 -1.341561E-03
3.966728E-02 -1.709388E-02 -1.533288E-03
3.961377E-02 -1.710483E-02 -1.769129E-03
3.936065E-02 -1.689812E-02 -1.810792E-03
3.935924E-02 -1.696865E-02 -1.621456E-03
3.903983E-02 -1.676183E-02 -1.649681E-03
3.910067E-02 -1.663869E-02 -1.791054E-03
3.885074E-02 -1.634113E-02 -1.724163E-03
3.871452E-02 -1.649307E-02 -1.650174E-03
3.841277E-02 -1.619274E-02 -1.631085E-03
3.863620E-02 -1.602288E-02 -1.608615E-03
3.847655E-02 -1.569561E-02 -1.430594E-03
3.816197E-02 -1.588640E-02 -1.581035E-03
3.797934E-02 -1.558820E-02 -1.479476E-03
3.838170E-02 -1.536100E-02 -1.169501E-03
3.835181E-02 -1.500908E-02 -8.016130E-04
3.787414E-02 -1.530109E-02 -1.303123E-03
3.785047E-02 -1.501821E-02 -1.027398E-03
3.837572E-02 -1.461667E-02 -3.021029E-04
3.842580E-02 -1.414456E-02 3.521180E-04
3.790708E-02 -1.472228E-02 -6.253197E-04
3.803260E-02 -1.438175E-02 -6.640507E-05
3.844967E-02 -1.353512E-02 1.175258E-03
3.836326E-02 -1.271532E-02 2.158368E-03
3.819504E-02 -1.394377E-02 6.811428E-04
3.832541E-02 -1.332715E-02 1.639694E-03
3.805612E-02 -1.161239E-02 3.249916E-03
3.742045E-02 -1.018376E-02 4.343182E-03
3.830345E-02 -1.242505E-02 2.797308E-03
3.796681E-02 -1.113252E-02 4.072525E-03
3.639974E-02 -8.446903E-03 5.287609E-03
3.502823E-02 -6.484737E-03 5.926471E-03
3.716696E-02 -9.400707E-03 5.294713E-03
3.585629E-02 -7.283224E-03 6.233575E-03
3.343252E-02 -4.419348E-03 6.138426E-03
3.179928E-02 -2.376073E-03 5.860995E-03
3.414150E-02 -4.928229E-03 6.670743E-03
3.226189E-02 -2.521769E-03 6.462382E-03
3.033033E-02 -4.627119E-04 5.106556E-03
2.918353E-02 1.242222E-03 3.987417E-03
3.051875E-02 -2.379514E-04 5.578238E-03
2.917225E-02 1.788494E-03 4.161689E-03
2.841592E-02 2.709490E-03 2.688320E-03
2.800156E-02 3.958933E-03 1.334752E-03
2.831974E-02 3.506322E-03 2.503035E-03
2.793517E-02 4.930722E-03 7.898081E-04
2.794496E-02 4.982003E-03 -9.437056E-05
2.828779E-02 5.696874E-03 -1.661671E-03
2.793380E-02 6.085011E-03 -9.864587E-04
2.751980E-02 7.065884E-03 -3.010416E-03
2.764672E-02 6.382303E-03 -3.741472E-03
-1.118356E-03 3.130720E-02 4.756930E-03
1.085377E-02 2.115148E-02 -1.647566E-03
-2.392078E-02 5.458676E-02 1.488253E-02
-2.419625E-02 5.476849E-02 1.428528E-02
-2.539438E-02 5.659076E-02 1.341215E-02
-2.606887E-02 5.746392E-02 1.392174E-02
-2.458563E-02 5.710451E-02 1.181418E-02
-2.349257E-02 5.550879E-02 1.144667E-02
1.650618E-02 2.405415E-02 1.272525E-03
4.931608E-03 3.347733E-02 5.135558E-03
3.324798E-02 5.765272E-03 -6.131444E-03
3.238969E-02 6.069091E-03 -7.125883E-03
3.240276E-02 5.547542E-03 -8.055131E-03
3.363770E-02 4.695621E-03 -7.695950E-03
3.291782E-02 5.042494E-03 -7.617688E-03
3.170343E-02 5.870174E-03 -7.920002E-03
3.088854E-02 6.168852E-03 -7.573946E-03
3.212408E-02 5.358800E-03 -7.272738E-03
3.136414E-02 5.590298E-03 -6.865569E-03
3.009618E-02 6.394199E-03 -7.190085E-03
2.930997E-02 6.584070E-03 -6.867891E-03
3.061099E-02 5.790176E-03 -6.477549E-03
2.985029E-02 5.982751E-03 -6.154972E-03
2.849405E-02 6.774216E-03 -6.662141E-03
2.758074E-02 7.009895E-03 -6.643514E-03
2.905794E-02 6.190337E-03 -5.939395E-03
2.819104E-02 6.442662E-03 -5.881465E-03
2.643826E-02 7.376668E-03 -6.917516E-03
2.482473E-02 8.056470E-03 -7.616361E-03
2.716239E-02 6.797443E-03 -6.053564E-03
2.581482E-02 7.372790E-03 -6.540253E-03
2.246134E-02 9.357708E-03 -8.744243E-03
1.959762E-02 1.146070E-02 -9.648110E-03
2.395180E-02 8.374036E-03 -7.349247E-03
2.163031E-02 9.993314E-03 -8.114323E-03
1.803637E-02 1.361694E-02 -8.567251E-03
2.068828E-02 1.436666E-02 -5.046914E-03
1.991273E-02 1.196393E-02 -7.736443E-03
2.157652E-02 1.331433E-02 -5.426402E-03
3.467986E-02 1.390934E-02 -2.253031E-03
9.184142E-02 1.341065E-02 -2.980137E-03
3.486220E-02 1.364221E-02 -2.953431E-03
9.168959E-02 1.368698E-02 -3.534493E-03
3.334269E-02 -1.671717E-02 -5.280317E-04
-2.476075E-02 -1.655812E-02 6.108696E-05
3.951597E-02 -1.686236E-02 -9.712120E-04
3.310214E-02 -1.635082E-02 -5.206666E-04
-2.497850E-02 -1.603196E-02 6.285269E-05
3.932840E-02 -1.663747E-02 -8.950326E-04
3.977574E-02 -1.695561E-02 -1.232608E-03
3.943650E-02 -1.694992E-02 -1.349162E-03
3.957535E-02 -1.681449E-02 -1.044400E-03
3.914700E-02 -1.681219E-02 -1.062640E-03
3.904995E-02 -1.681999E-02 -1.388878E-03
3.864651E-02 -1.658488E-02 -1.414814E-03
3.864946E-02 -1.663371E-02 -1.068385E-03
3.816393E-02 -1.634841E-02 -1.122055E-03
3.825536E-02 -1.629126E-02 -1.452161E-03
3.790825E-02 -1.598241E-02 -1.491571E-03
3.772645E-02 -1.602842E-02 -1.216183E-03
3.735140E-02 -1.571587E-02 -1.318224E-03
3.762434E-02 -1.568459E-02 -1.509767E-03
3.741346E-02 -1.540910E-02 -1.482746E-03
3.704151E-02 -1.542818E-02 -1.398612E-03
3.679824E-02 -1.517037E-02 -1.436154E-03
3.728236E-02 -1.515779E-02 -1.388815E-03
3.723806E-02 -1.492634E-02 -1.206679E-03
3.662667E-02 -1.494264E-02 -1.414812E-03
3.653650E-02 -1.474306E-02 -1.319201E-03
3.728792E-02 -1.470423E-02 -9.120322E-04
3.743660E-02 -1.447126E-02 -4.738149E-04
3.654148E-02 -1.456742E-02 -1.130496E-03
3.665791E-02 -1.440671E-02 -8.222288E-04
3.767785E-02 -1.418926E-02 1.486444E-04
3.797672E-02 -1.378812E-02 1.003576E-03
3.690101E-02 -1.424086E-02 -3.551516E-04
3.727457E-02 -1.402529E-02 3.285196E-04
3.823985E-02 -1.315003E-02 2.129796E-03
3.828651E-02 -1.211144E-02 3.511627E-03
3.774340E-02 -1.366529E-02 1.305315E-03
3.817774E-02 -1.298254E-02 2.645122E-03
3.786696E-02 -1.051592E-02 5.012370E-03
3.677723E-02 -8.317561E-03 6.345767E-03
3.829099E-02 -1.171297E-02 4.326223E-03
3.767954E-02 -9.616395E-03 6.101466E-03
3.501825E-02 -5.648777E-03 7.151337E-03
3.285483E-02 -2.770987E-03 7.128233E-03
3.607650E-02 -6.684015E-03 7.464412E-03
3.364429E-02 -3.217963E-03 7.839124E-03
3.073141E-02 2.975991E-05 6.139269E-03
2.908372E-02 2.510582E-03 4.343875E-03
3.099032E-02 3.196089E-04 6.837496E-03
2.885170E-02 3.493801E-03 4.577176E-03
2.808010E-02 4.573205E-03 2.227588E-03
2.756524E-02 6.301529E-03 8.927259E-05
2.755255E-02 6.105789E-03 1.821169E-03
2.705726E-02 8.157591E-03 -1.111930E-03
2.721659E-02 7.756373E-03 -2.319103E-03
2.053351E-02 1.340972E-02 -5.580167E-03
2.539761E-02 1.002832E-02 -5.705854E-03
-1.462548E-02 4.547061E-02 1.192112E-02
-2.168153E-02 5.215748E-02 1.499205E-02
-2.633433E-02 5.807637E-02 1.447013E-02
-2.604967E-02 5.857334E-02 1.472429E-02
-2.578036E-02 5.965525E-02 1.267146E-02
-2.520715E-02 5.833069E-02 1.226391E-02
-5.820276E-03 4.244652E-02 7.805489E-03
-1.419305E-02 5.006705E-02 9.279249E-03
3.366859E-02 8.180385E-03 -3.977251E-03
3.402528E-02 6.246504E-03 -5.143902E-03
3.474600E-02 4.152813E-03 -7.362995E-03
3.556260E-02 3.971994E-03 -6.938216E-03
3.506692E-02 3.883096E-03 -6.986846E-03
3.403495E-02 4.384041E-03 -7.317032E-03
3.332052E-02 4.624569E-03 -6.977783E-03
3.451096E-02 3.961846E-03 -6.680035E-03
3.385418E-02 4.096466E-03 -6.288053E-03
3.260620E-02 4.824348E-03 -6.573548E-03
3.187502E-02 5.018916E-03 -6.157155E-03
3.313519E-02 4.271503E-03 -5.859252E-03
3.238981E-02 4.467984E-03 -5.442249E-03
3.113237E-02 5.215815E-03 -5.773357E-03
3.037587E-02 5.424480E-03 -5.457213E-03
3.163424E-02 4.682125E-03 -5.069751E-03
3.086997E-02 4.915977E-03 -4.768208E-03
2.959299E-02 5.656570E-03 -5.240891E-03
2.875283E-02 5.933742E-03 -5.161983E-03
3.008644E-02 5.178166E-03 -4.561010E-03
2.925883E-02 5.485837E-03 -4.475075E-03
2.779409E-02 6.297790E-03 -5.269571E-03
2.661020E-02 6.829968E-03 -5.616033E-03
2.834067E-02 5.871419E-03 -4.543260E-03
2.725606E-02 6.393881E-03 -4.796467E-03
2.506701E-02 7.668702E-03 -6.200766E-03
2.316883E-02 8.967647E-03 -6.799889E-03
2.591268E-02 7.149277E-03 -5.225889E-03
2.430848E-02 8.250700E-03 -5.681963E-03
2.158068E-02 1.066454E-02 -6.737192E-03
2.271066E-02 1.221266E-02 -5.319149E-03
2.291420E-02 9.708167E-03 -5.739080E-03
2.383336E-02 1.124166E-02 -4.887351E-03
3.534193E-02 1.311439E-02 -3.389833E-03
9.188043E-02 1.365718E-02 -3.900518E-03
3.601149E-02 1.244635E-02 -3.488559E-03
9.240150E-02 1.333494E-02 -3.970447E-03
3.288657E-02 -1.602948E-02 -5.046773E-04
-2.520635E-02 -1.548252E-02 6.430122E-05
3.915663E-02 -1.648944E-02 -7.474913E-04
3.270448E-02 -1.579240E-02 -4.517767E-04
-2.545110E-02 -1.488469E-02 5.555582E-05
3.894443E-02 -1.643492E-02 -4.364933E-04
3.931647E-02 -1.671104E-02 -7.258061E-04
3.873049E-02 -1.663807E-02 -6.559855E-04
3.887360E-02 -1.658013E-02 -2.143548E-04
3.810215E-02 -1.634882E-02 -1.573782E-04
3.811925E-02 -1.637111E-02 -6.835938E-04
3.759018E-02 -1.603899E-02 -8.060740E-04
3.744852E-02 -1.600125E-02 -2.938551E-04
3.694816E-02 -1.566230E-02 -5.084417E-04
3.714429E-02 -1.571025E-02 -9.671452E-04
3.676304E-02 -1.540681E-02 -1.122993E-03
3.653591E-02 -1.535512E-02 -7.242680E-04
3.616576E-02 -1.507469E-02 -9.108515E-04
3.643345E-02 -1.513252E-02 -1.249765E-03
3.615270E-02 -1.488696E-02 -1.335182E-03
3.581848E-02 -1.481501E-02 -1.060510E-03
3.549327E-02 -1.457436E-02 -1.172884E-03
3.592683E-02 -1.466998E-02 -1.371163E-03
3.576865E-02 -1.448253E-02 -1.348920E-03
3.520018E-02 -1.435463E-02 -1.247864E-03
3.495562E-02 -1.416051E-02 -1.282234E-03
3.569612E-02 -1.432580E-02 -1.255547E-03
3.573137E-02 -1.419920E-02 -1.070939E-03
3.477999E-02 -1.399776E-02 -1.267643E-03
3.469630E-02 -1.387101E-02 -1.189074E-03
3.590065E-02 -1.409703E-02 -7.638087E-04
3.623387E-02 -1.400111E-02 -2.840691E-04
3.473107E-02 -1.378162E-02 -1.024015E-03
3.492003E-02 -1.372685E-02 -7.388035E-04
3.675494E-02 -1.386124E-02 4.500583E-04
3.743953E-02 -1.354917E-02 1.562376E-03
3.531673E-02 -1.369480E-02 -2.751598E-04
3.598853E-02 -1.363787E-02 4.798378E-04
3.810538E-02 -1.278289E-02 3.184711E-03
3.826611E-02 -1.110706E-02 5.284886E-03
3.695390E-02 -1.338721E-02 1.732777E-03
3.795781E-02 -1.247137E-02 3.749583E-03
3.723134E-02 -8.143903E-03 7.372329E-03
3.472035E-02 -4.027902E-03 8.493731E-03
3.809799E-02 -1.003206E-02 6.471424E-03
3.613370E-02 -5.479716E-03 8.792488E-03
3.138838E-02 5.737033E-04 7.708671E-03
2.855074E-02 4.812616E-03 4.822265E-03
3.212287E-02 5.703781E-04 8.770733E-03
2.797284E-02 6.634927E-03 5.254472E-03
2.698299E-02 8.193221E-03 1.084217E-03
2.584640E-02 1.040633E-02 -3.380055E-03
2.491819E-02 1.156101E-02 -7.663645E-05
1.298106E-02 2.259996E-02 -4.886542E-03
-1.735495E-03 3.433553E-02 4.112752E-03
-2.585469E-02 5.929239E-02 1.539796E-02
-2.565997E-02 5.909603E-02 1.767255E-02
-2.794518E-02 6.334086E-02 1.487890E-02
-2.668640E-02 6.139858E-02 1.334944E-02
-2.004331E-02 5.620246E-02 1.007932E-02
-2.394646E-02 6.117716E-02 1.077801E-02
2.717430E-02 1.754004E-02 -8.111374E-04
3.142340E-02 1.194007E-02 -2.507277E-03
3.614060E-02 4.083770E-03 -6.444889E-03
3.674496E-02 4.360332E-03 -5.993403E-03
3.733828E-02 3.084995E-03 -6.365106E-03
3.611646E-02 3.471172E-03 -6.646593E-03
3.575610E-02 3.346532E-03 -6.384160E-03
3.713901E-02 2.750681E-03 -6.094599E-03
3.653227E-02 2.727559E-03 -5.676036E-03
3.514613E-02 3.400809E-03 -5.995919E-03
3.442186E-02 3.546825E-03 -5.553060E-03
3.577082E-02 2.841061E-03 -5.207388E-03
3.495376E-02 3.026467E-03 -4.751284E-03
3.365386E-02 3.738606E-03 -5.114693E-03
3.287552E-02 3.958026E-03 -4.710630E-03
3.412796E-02 3.251951E-03 -4.331450E-03
3.331123E-02 3.503727E-03 -3.961193E-03
3.209761E-02 4.199427E-03 -4.361989E-03
3.131880E-02 4.464225E-03 -4.084855E-03
3.250763E-02 3.777412E-03 -3.649591E-03
3.171155E-02 4.075177E-03 -3.405812E-03
3.052788E-02 4.759834E-03 -3.895367E-03
2.970241E-02 5.101288E-03 -3.812270E-03
3.090948E-02 4.404886E-03 -3.240442E-03
3.007915E-02 4.780774E-03 -3.166275E-03
2.880439E-02 5.515197E-03 -3.857082E-03
2.777658E-02 6.046349E-03 -4.046594E-03
2.918721E-02 5.225713E-03 -3.196924E-03
2.818796E-02 5.774853E-03 -3.340106E-03
2.655384E-02 6.763317E-03 -4.366477E-03
2.514050E-02 7.746927E-03 -4.709245E-03
2.703399E-02 6.478090E-03 -3.578742E-03
2.573863E-02 7.391948E-03 -3.831804E-03
2.391615E-02 9.024910E-03 -4.795968E-03
2.479452E-02 1.045528E-02 -4.271229E-03
2.464133E-02 8.541315E-03 -3.909265E-03
2.555197E-02 9.848834E-03 -3.566881E-03
3.673371E-02 1.175619E-02 -3.287357E-03
9.314978E-02 1.281381E-02 -3.736200E-03
3.741151E-02 1.112348E-02 -2.873331E-03
9.398709E-02 1.221330E-02 -3.263810E-03
3.251476E-02 -1.570770E-02 -2.251436E-04
-2.571637E-02 -1.420098E-02 -3.883028E-06
3.846469E-02 -1.639731E-02 2.308106E-04
3.194553E-02 -1.578354E-02 7.455014E-04
-2.595588E-02 -1.346312E-02 -1.782186E-04
3.716623E-02 -1.600721E-02 1.474092E-03
3.804536E-02 -1.625602E-02 4.853286E-04
3.723287E-02 -1.587710E-02 3.338639E-04
3.674221E-02 -1.557878E-02 1.243606E-03
3.621282E-02 -1.525938E-02 8.025893E-04
3.667879E-02 -1.553418E-02 4.270655E-05
3.627903E-02 -1.524684E-02 -2.428028E-04
3.588507E-02 -1.502928E-02 4.126014E-04
3.562246E-02 -1.483479E-02 1.152275E-04
3.592915E-02 -1.498917E-02 -4.791585E-04
3.557818E-02 -1.474037E-02 -6.642937E-04
3.534225E-02 -1.463976E-02 -9.865479E-05
3.501028E-02 -1.442321E-02 -2.503248E-04
3.521067E-02 -1.449222E-02 -8.095816E-04
3.483261E-02 -1.424637E-02 -9.265438E-04
3.461835E-02 -1.417838E-02 -3.655486E-04
3.417939E-02 -1.391264E-02 -4.668796E-04
3.446083E-02 -1.400963E-02 -1.021391E-03
3.411593E-02 -1.379160E-02 -1.094159E-03
3.371971E-02 -1.364194E-02 -5.647368E-04
3.326579E-02 -1.338406E-02 -6.589521E-04
3.381875E-02 -1.360193E-02 -1.138205E-03
3.358890E-02 -1.344753E-02 -1.140906E-03
3.283571E-02 -1.315131E-02 -7.394227E-04
3.244005E-02 -1.294830E-02 -7.937797E-04
3.344602E-02 -1.332996E-02 -1.086045E-03
3.341619E-02 -1.324827E-02 -9.553381E-04
3.208759E-02 -1.277150E-02 -8.111258E-04
3.179109E-02 -1.261439E-02 -7.834347E-04
3.354704E-02 -1.320544E-02 -7.225977E-04
3.393078E-02 -1.320832E-02 -3.282469E-04
3.157190E-02 -1.247315E-02 -7.065637E-04
3.148396E-02 -1.236083E-02 -5.734737E-04
3.471910E-02 -1.323361E-02 3.797603E-04
3.605258E-02 -1.307544E-02 1.755066E-03
3.166454E-02 -1.231740E-02 -3.385255E-04
3.240750E-02 -1.238274E-02 1.824191E-04
3.758963E-02 -1.188340E-02 4.384637E-03
3.740395E-02 -7.813801E-03 8.122630E-03
3.417436E-02 -1.235408E-02 1.591976E-03
3.667139E-02 -1.050312E-02 5.321343E-03
3.317908E-02 -2.157225E-05 1.000855E-02
2.691150E-02 9.253665E-03 5.879938E-03
3.508643E-02 -2.114054E-03 1.061952E-02
2.516270E-02 1.242337E-02 7.518820E-03
2.157357E-02 1.624349E-02 -5.657717E-03
-2.057567E-02 5.374382E-02 1.782332E-02
-3.436591E-03 3.927474E-02 5.844570E-03
-2.888283E-02 6.728320E-02 1.968525E-02
-2.857508E-02 6.511618E-02 1.675004E-02
-2.644814E-02 6.565472E-02 1.156729E-02
-2.872401E-02 7.092638E-02 1.302499E-02
1.511984E-02 3.372043E-02 1.839812E-03
2.149897E-02 2.480439E-02 7.302952E-04
3.775401E-02 4.722642E-03 -5.709654E-03
3.953129E-02 5.188301E-03 -5.721455E-03
4.106739E-02 2.274668E-03 -6.083443E-03
3.891950E-02 2.691583E-03 -6.184168E-03
3.876202E-02 2.155136E-03 -5.801482E-03
4.075835E-02 1.534909E-03 -5.441761E-03
3.987859E-02 1.377921E-03 -4.778609E-03
3.808066E-02 2.060382E-03 -5.292494E-03
3.722914E-02 2.145776E-03 -4.779108E-03
3.885455E-02 1.448003E-03 -4.205087E-03
3.780324E-02 1.639917E-03 -3.723882E-03
3.632371E-02 2.328501E-03 -4.307084E-03
3.541845E-02 2.564294E-03 -3.885150E-03
3.677583E-02 1.895542E-03 -3.317163E-03
3.579302E-02 2.184420E-03 -2.969860E-03
3.453541E-02 2.830835E-03 -3.514845E-03
3.368152E-02 3.117912E-03 -3.196907E-03
3.486100E-02 2.490908E-03 -2.672944E-03
3.397597E-02 2.810216E-03 -2.422133E-03
3.285339E-02 3.423910E-03 -2.933912E-03
3.204049E-02 3.753147E-03 -2.730484E-03
3.312760E-02 3.144481E-03 -2.216691E-03
3.230055E-02 3.500690E-03 -2.058623E-03
3.122614E-02 4.114828E-03 -2.593395E-03
3.038713E-02 4.523128E-03 -2.531113E-03
3.147505E-02 3.889642E-03 -1.952058E-03
3.062649E-02 4.325757E-03 -1.902360E-03
2.949250E-02 4.998337E-03 -2.551844E-03
2.850385E-02 5.568639E-03 -2.657773E-03
2.972508E-02 4.827468E-03 -1.914132E-03
2.873709E-02 5.417767E-03 -1.986633E-03
2.738576E-02 6.270575E-03 -2.831535E-03
2.616038E-02 7.142497E-03 -3.011298E-03
2.763541E-02 6.123473E-03 -2.104413E-03
2.644984E-02 6.969662E-03 -2.221866E-03
2.515154E-02 8.200457E-03 -3.065229E-03
2.611749E-02 9.394743E-03 -2.827064E-03
2.549977E-02 7.963436E-03 -2.249391E-03
2.651989E-02 9.066087E-03 -2.077734E-03
3.798799E-02 1.059059E-02 -2.333281E-03
9.478690E-02 1.163615E-02 -2.642111E-03
3.843745E-02 1.017534E-02 -1.730146E-03
9.545867E-02 1.115155E-02 -1.943318E-03
2.938754E-02 -1.532503E-02 4.211061E-03
-2.575058E-02 -1.320460E-02 3.921745E-05
3.468460E-02 -1.479902E-02 3.511411E-03
2.386239E-02 -1.305017E-02 1.626086E-02
-2.109773E-02 -1.827124E-02 1.187727E-02
3.167148E-02 -1.382607E-02 1.277507E-02
3.516884E-02 -1.470921E-02 2.668478E-03
3.517950E-02 -1.465396E-02 2.089081E-03
3.351327E-02 -1.405650E-02 1.107608E-02
3.416777E-02 -1.420855E-02 1.047055E-02
3.512841E-02 -1.458631E-02 1.715894E-03
3.499900E-02 -1.448717E-02 1.471183E-03
3.440047E-02 -1.426380E-02 1.021847E-02
3.438425E-02 -1.420938E-02 1.004927E-02
3.477625E-02 -1.434494E-02 1.309236E-03
3.445743E-02 -1.414832E-02 1.204068E-03
3.418844E-02 -1.405746E-02 9.900977E-03
3.386115E-02 -1.381081E-02 9.749461E-03
3.403997E-02 -1.388726E-02 1.127575E-03
3.353621E-02 -1.356967E-02 1.046502E-03
3.342046E-02 -1.343844E-02 9.585014E-03
3.286150E-02 -1.291377E-02 9.386455E-03
3.298315E-02 -1.323102E-02 9.484330E-04
3.241847E-02 -1.291147E-02 8.390093E-04
3.222859E-02 -1.234638E-02 9.167030E-03
3.156184E-02 -1.187219E-02 8.953720E-03
3.185047E-02 -1.262330E-02 7.416130E-04
3.127360E-02 -1.235575E-02 6.652253E-04
3.085764E-02 -1.150561E-02 8.798356E-03
3.008494E-02 -1.116146E-02 8.680888E-03
3.068280E-02 -1.209455E-02 6.120052E-04
3.008272E-02 -1.182926E-02 5.812681E-04
2.922791E-02 -1.080216E-02 8.579720E-03
2.828309E-02 -1.041580E-02 8.485269E-03
2.947041E-02 -1.154168E-02 5.737410E-04
2.882913E-02 -1.121026E-02 5.722759E-04
2.722885E-02 -9.970042E-03 8.394195E-03
2.598807E-02 -9.374398E-03 8.287756E-03
2.818387E-02 -1.085077E-02 5.373699E-04
2.768137E-02 -1.054357E-02 4.651974E-04
2.441740E-02 -8.537349E-03 8.026877E-03
2.240731E-02 -7.449323E-03 7.464684E-03
2.774018E-02 -1.043099E-02 5.775624E-04
2.936601E-02 -1.034214E-02 1.845433E-03
1.971968E-02 -6.078066E-03 6.586996E-03
1.618345E-02 -4.438297E-03 5.609120E-03
3.305423E-02 -5.790161E-03 7.844803E-03
2.015411E-02 1.819487E-02 5.807679E-03
1.193927E-02 -9.601443E-04 6.291379E-03
6.789542E-03 2.404710E-02 2.238866E-02
-2.591933E-02 6.483779E-02 2.846505E-02
-3.144421E-02 7.794605E-02 1.766028E-02
-2.768037E-02 8.758321E-02 3.246595E-02
6.889938E-03 5.991568E-02 2.217659E-03
9.186327E-03 4.453763E-02 2.450564E-03
4.270071E-02 5.741042E-03 -5.967231E-03
4.880695E-02 6.415151E-03 -5.755350E-03
4.859874E-02 1.240018E-03 -4.920361E-03
4.411382E-02 1.784982E-03 -5.902784E-03
4.330067E-02 8.583730E-04 -4.842918E-03
4.656527E-02 1.718148E-04 -3.529438E-03
4.457870E-02 -3.771781E-05 -2.651769E-03
4.202427E-02 6.630819E-04 -3.996552E-03
4.070591E-02 7.412441E-04 -3.380526E-03
4.280712E-02 6.431513E-05 -2.117473E-03
4.121665E-02 3.213813E-04 -1.766080E-03
3.943008E-02 9.609112E-04 -2.919388E-03
3.822690E-02 1.249991E-03 -2.558702E-03
3.978152E-02 6.500690E-04 -1.516436E-03
3.848245E-02 1.007733E-03 -1.326348E-03
3.710523E-02 1.570949E-03 -2.265143E-03
3.606420E-02 1.904288E-03 -2.020319E-03
3.730280E-02 1.372174E-03 -1.174707E-03
3.622635E-02 1.734295E-03 -1.049759E-03
3.509606E-02 2.242822E-03 -1.813975E-03
3.418853E-02 2.587061E-03 -1.640957E-03
3.523657E-02 2.092957E-03 -9.449059E-04
3.431590E-02 2.452394E-03 -8.565537E-04
3.332574E-02 2.942687E-03 -1.499449E-03
3.248865E-02 3.319046E-03 -1.390029E-03
3.344514E-02 2.820662E-03 -7.831193E-04
3.260294E-02 3.208725E-03 -7.244241E-04
3.165492E-02 3.728371E-03 -1.314955E-03
3.079863E-02 4.185416E-03 -1.277298E-03
3.176526E-02 3.629837E-03 -6.812592E-04
3.090521E-02 4.099095E-03 -6.548508E-04
2.989039E-02 4.707339E-03 -1.279328E-03
2.889937E-02 5.313454E-03 -1.319295E-03
2.999333E-02 4.633000E-03 -6.459207E-04
2.900017E-02 5.248752E-03 -6.529687E-04
2.780394E-02 6.023846E-03 -1.385541E-03
2.663964E-02 6.854560E-03 -1.447755E-03
2.790693E-02 5.962574E-03 -6.694524E-04
2.675224E-02 6.785444E-03 -6.802072E-04
2.572565E-02 7.805941E-03 -1.450471E-03
2.678668E-02 8.843639E-03 -1.329242E-03
2.585559E-02 7.713970E-03 -6.599470E-04
2.693748E-02 8.715858E-03 -5.825117E-04
3.875167E-02 9.883563E-03 -1.100264E-03
9.594785E-02 1.079798E-02 -1.211236E-03
3.892923E-02 9.716290E-03 -4.588803E-04
9.622496E-02 1.059434E-02 -4.645659E-04
5.402558E-02 1.965009E-03 -1.786554E-04
5.618845E-02 1.489147E-02 -5.442740E-04
5.022396E-02 5.410759E-05 -1.017072E-04
4.901708E-02 6.388673E-03 5.426268E-03
5.025608E-03 6.173572E-02 -2.392998E-03
4.867177E-02 1.200480E-03 4.737564E-03
4.731756E-02 -3.764365E-04 -7.476319E-05
4.501527E-02 -3.737178E-04 -6.244581E-05
4.657916E-02 1.657513E-04 3.386909E-03
4.458444E-02 -3.957989E-05 2.527267E-03
4.307545E-02 -1.505436E-04 -5.768647E-05
4.138885E-02 1.756342E-04 -5.702078E-05
4.281081E-02 6.382715E-05 2.001973E-03
4.121782E-02 3.233714E-04 1.652254E-03
3.989795E-02 5.455637E-04 -5.885438E-05
3.856594E-02 9.278689E-04 -6.210086E-05
3.977975E-02 6.546603E-04 1.399322E-03
3.847800E-02 1.014259E-03 1.202934E-03
3.736639E-02 1.307664E-03 -6.583379E-05
3.627785E-02 1.679601E-03 -6.915267E-05
3.729626E-02 1.379708E-03 1.043843E-03
3.621863E-02 1.741745E-03 9.120824E-04
3.528095E-02 2.044678E-03 -7.117349E-05
3.435652E-02 2.408392E-03 -7.104843E-05
3.522892E-02 2.099099E-03 8.028171E-04
3.430990E-02 2.455932E-03 7.141510E-04
3.348433E-02 2.779649E-03 -6.800419E-05
3.264228E-02 3.170041E-03 -6.137428E-05
3.344267E-02 2.820342E-03 6.460652E-04
3.260598E-02 3.203473E-03 5.997634E-04
3.180573E-02 3.593307E-03 -5.060520E-05
3.094725E-02 4.064853E-03 -3.520982E-05
3.177572E-02 3.618940E-03 5.772353E-04
3.092452E-02 4.082387E-03 5.808295E-04
3.003703E-02 4.601207E-03 -1.464752E-05
2.904551E-02 5.219162E-03 1.182720E-05
3.002201E-02 4.611048E-03 6.125741E-04
2.903708E-02 5.223059E-03 6.727867E-04
2.795397E-02 5.934025E-03 4.510646E-05
2.680087E-02 6.755653E-03 8.532394E-05
2.794822E-02 5.935873E-03 7.571574E-04
2.679007E-02 6.762329E-03 8.513002E-04
2.590448E-02 7.680236E-03 1.292547E-04
2.698325E-02 8.676975E-03 1.672263E-04
2.587721E-02 7.701903E-03 9.236609E-04
2.692678E-02 8.725491E-03 9.276598E-04
3.896977E-02 9.673905E-03 1.922079E-04
9.627442E-02 1.054993E-02 2.951491E-04
3.887123E-02 9.758231E-03 8.578125E-04
9.608722E-02 1.067082E-02 1.074964E-03
-2.108713E-02 -1.824408E-02 -1.185557E-02
2.379476E-02 -1.301840E-02 -1.622671E-02
2.930524E-02 -1.528561E-02 -4.209489E-03
-2.574227E-02 -1.317927E-02 -4.451972E-05
3.159183E-02 -1.379910E-02 -1.275339E-02
3.459647E-02 -1.476218E-02 -3.505016E-03
3.186702E-02 -1.574744E-02 -7.487171E-04
-2.595290E-02 -1.343330E-02 1.730882E-04
3.707833E-02 -1.596911E-02 -1.465521E-03
3.343098E-02 -1.403405E-02 -1.106219E-02
3.507878E-02 -1.467406E-02 -2.660821E-03
3.408518E-02 -1.419232E-02 -1.046870E-02
3.508670E-02 -1.462035E-02 -2.077900E-03
3.665481E-02 -1.554253E-02 -1.224090E-03
3.612665E-02 -1.522568E-02 -7.717524E-04
3.432394E-02 -1.426281E-02 -1.024548E-02
3.503660E-02 -1.455668E-02 -1.700221E-03
3.431687E-02 -1.425988E-02 -1.014464E-02
3.491054E-02 -1.446648E-02 -1.454984E-03
3.580186E-02 -1.499883E-02 -3.695547E-04
3.554475E-02 -1.480908E-02 -6.042069E-05
3.413296E-02 -1.418853E-02 -1.009001E-02
3.469377E-02 -1.433917E-02 -1.292622E-03
3.381463E-02 -1.405150E-02 -1.006375E-02
3.438726E-02 -1.416582E-02 -1.189068E-03
3.527391E-02 -1.462162E-02 1.637415E-04
3.495676E-02 -1.441520E-02 3.213277E-04
3.338914E-02 -1.384521E-02 -1.006207E-02
3.399174E-02 -1.393829E-02 -1.123737E-03
3.285576E-02 -1.355636E-02 -1.004843E-02
3.351171E-02 -1.365973E-02 -1.067434E-03
3.458287E-02 -1.418073E-02 4.344172E-04
3.415844E-02 -1.392268E-02 5.254721E-04
3.223747E-02 -1.321234E-02 -9.961644E-03
3.297127E-02 -1.335302E-02 -9.925622E-04
3.155937E-02 -1.286111E-02 -9.825952E-03
3.240469E-02 -1.304944E-02 -9.012945E-04
3.370450E-02 -1.365585E-02 6.100527E-04
3.324810E-02 -1.339827E-02 6.904745E-04
3.082630E-02 -1.250174E-02 -9.674232E-03
3.182686E-02 -1.276275E-02 -8.136583E-04
3.000942E-02 -1.211428E-02 -9.525323E-03
3.123038E-02 -1.248596E-02 -7.460698E-04
3.280999E-02 -1.316392E-02 7.579162E-04
3.240020E-02 -1.295643E-02 7.987432E-04
2.910944E-02 -1.168063E-02 -9.350452E-03
3.061304E-02 -1.220707E-02 -6.969526E-04
2.811851E-02 -1.118798E-02 -9.135105E-03
2.997977E-02 -1.191535E-02 -6.650651E-04
3.202630E-02 -1.277130E-02 8.031041E-04
3.169999E-02 -1.260063E-02 7.663907E-04
2.701320E-02 -1.059050E-02 -8.874166E-03
2.932219E-02 -1.158827E-02 -6.493072E-04
2.570212E-02 -9.751316E-03 -8.551554E-03
2.862116E-02 -1.120060E-02 -6.194573E-04
3.144327E-02 -1.244159E-02 6.891168E-04
3.131691E-02 -1.231085E-02 5.685391E-04
2.406673E-02 -8.573638E-03 -8.059925E-03
2.792669E-02 -1.077974E-02 -5.349255E-04
2.201118E-02 -7.300304E-03 -7.413049E-03
2.739615E-02 -1.043564E-02 -4.331562E-04
3.147058E-02 -1.225255E-02 3.556377E-04
3.220438E-02 -1.230856E-02 -1.468732E-04
1.925776E-02 -5.887270E-03 -6.487551E-03
2.743532E-02 -1.030626E-02 -5.259551E-04
1.562416E-02 -4.190425E-03 -5.513687E-03
2.904002E-02 -1.017615E-02 -1.798384E-03
3.397547E-02 -1.227111E-02 -1.551472E-03
3.647618E-02 -1.037764E-02 -5.300773E-03
1.118864E-02 -5.333397E-04 -6.231398E-03
3.266835E-02 -5.462672E-03 -7.855683E-03
5.996727E-03 2.478708E-02 -2.299862E-02
1.917463E-02 1.906921E-02 -5.517763E-03
3.483997E-02 -1.860487E-03 -1.058630E-02
2.482884E-02 1.276312E-02 -7.161115E-03
-2.763703E-02 8.768359E-02 -3.227109E-02
-2.637942E-02 6.538185E-02 -2.872363E-02
-3.152215E-02 7.812905E-02 -1.769119E-02
-5.090762E-03 4.069753E-02 -7.206265E-03
-2.900814E-02 6.747592E-02 -1.967256E-02
7.112239E-03 4.641417E-02 -2.763388E-03
4.284758E-02 5.724046E-03 5.728964E-03
-2.882756E-02 7.114589E-02 -1.301771E-02
1.304462E-02 3.560597E-02 -2.252375E-03
4.419515E-02 1.736192E-03 5.774228E-03
4.332560E-02 8.449903E-04 4.727714E-03
3.961385E-02 5.181773E-03 5.525467E-03
4.114343E-02 2.222945E-03 5.975443E-03
4.203433E-02 6.605368E-04 3.883454E-03
4.070918E-02 7.446456E-04 3.268159E-03
4.078868E-02 1.518040E-03 5.337804E-03
3.988880E-02 1.378891E-03 4.670873E-03
3.942765E-02 9.694043E-04 2.804148E-03
3.821911E-02 1.262435E-03 2.437686E-03
3.885377E-02 1.458697E-03 4.093834E-03
3.779413E-02 1.657140E-03 3.607051E-03
3.709312E-02 1.585632E-03 2.136724E-03
3.604948E-02 1.919089E-03 1.884592E-03
3.675996E-02 1.916620E-03 3.192950E-03
3.577274E-02 2.206328E-03 2.837585E-03
3.508115E-02 2.255334E-03 1.672769E-03
3.417652E-02 2.594721E-03 1.497797E-03
3.483968E-02 2.510173E-03 2.533553E-03
3.395802E-02 2.823063E-03 2.278220E-03
3.332028E-02 2.942974E-03 1.359472E-03
3.249369E-02 3.309753E-03 1.259892E-03
3.311828E-02 3.147114E-03 2.072531E-03
3.230569E-02 3.489657E-03 1.920197E-03
3.167427E-02 3.707927E-03 1.202768E-03
3.083537E-02 4.153240E-03 1.192711E-03
3.150044E-02 3.862260E-03 1.827166E-03
3.067712E-02 4.280579E-03 1.800960E-03
2.994587E-02 4.664208E-03 1.233945E-03
2.897181E-02 5.261954E-03 1.327517E-03
2.980375E-02 4.764817E-03 1.849131E-03
2.884221E-02 5.340518E-03 1.975356E-03
2.788608E-02 5.969161E-03 1.465420E-03
2.671563E-02 6.806113E-03 1.619843E-03
2.775700E-02 6.038662E-03 2.170428E-03
2.656367E-02 6.891937E-03 2.394716E-03
2.576875E-02 7.779952E-03 1.729792E-03
2.676255E-02 8.863841E-03 1.706961E-03
2.556250E-02 7.920375E-03 2.554927E-03
2.647509E-02 9.099493E-03 2.511310E-03
3.862885E-02 9.973327E-03 1.543197E-03
9.565856E-02 1.096189E-02 1.882170E-03
3.823541E-02 1.032525E-02 2.247183E-03
9.499147E-02 1.142426E-02 2.714629E-03
3.244492E-02 -1.567604E-02 2.242545E-04
-2.571594E-02 -1.416994E-02 -7.255974E-07
3.838482E-02 -1.636450E-02 -2.205426E-04
3.264324E-02 -1.576555E-02 4.535543E-04
-2.545148E-02 -1.485552E-02 -5.985610E-05
3.887516E-02 -1.640914E-02 4.491207E-04
3.796606E-02 -1.622446E-02 -4.618801E-04
3.715675E-02 -1.584866E-02 -2.974295E-04
3.880480E-02 -1.655590E-02 2.394676E-04
3.803695E-02 -1.632767E-02 1.952576E-04
3.660751E-02 -1.550985E-02 6.279449E-06
3.621518E-02 -1.522775E-02 3.031701E-04
3.738920E-02 -1.598451E-02 3.435098E-04
3.689705E-02 -1.565082E-02 5.677681E-04
3.587600E-02 -1.497653E-02 5.479296E-04
3.553815E-02 -1.473398E-02 7.365756E-04
3.649492E-02 -1.534895E-02 7.898453E-04
3.613523E-02 -1.507262E-02 9.785172E-04
3.518327E-02 -1.449007E-02 8.798123E-04
3.481383E-02 -1.424577E-02 9.901006E-04
3.579668E-02 -1.481503E-02 1.126422E-03
3.547686E-02 -1.457452E-02 1.234039E-03
3.444477E-02 -1.400850E-02 1.075416E-03
3.409689E-02 -1.378832E-02 1.137367E-03
3.518502E-02 -1.435354E-02 1.302011E-03
3.493744E-02 -1.415696E-02 1.328101E-03
3.379210E-02 -1.359554E-02 1.170482E-03
3.355009E-02 -1.343676E-02 1.162586E-03
3.475482E-02 -1.399071E-02 1.305043E-03
3.466046E-02 -1.385958E-02 1.218841E-03
3.338942E-02 -1.331284E-02 1.098304E-03
3.333607E-02 -1.322264E-02 9.619738E-04
3.468105E-02 -1.376518E-02 1.047921E-03
3.485357E-02 -1.370538E-02 7.598098E-04
3.344110E-02 -1.317095E-02 7.302124E-04
3.380333E-02 -1.316695E-02 3.436160E-04
3.523487E-02 -1.366928E-02 2.967600E-04
3.589650E-02 -1.360957E-02 -4.553957E-04
3.458117E-02 -1.318789E-02 -3.534119E-04
3.591824E-02 -1.302483E-02 -1.721292E-03
3.685965E-02 -1.335559E-02 -1.706555E-03
3.786698E-02 -1.243017E-02 -3.726659E-03
3.746571E-02 -1.181687E-02 -4.355555E-03
3.726894E-02 -7.696236E-03 -8.103831E-03
3.800499E-02 -9.965674E-03 -6.456802E-03
3.602154E-02 -5.367547E-03 -8.776997E-03
3.298888E-02 1.883118E-04 -9.961821E-03
2.662719E-02 9.583178E-03 -5.732921E-03
3.198775E-02 7.395754E-04 -8.720374E-03
2.783935E-02 6.854027E-03 -5.138157E-03
2.090850E-02 1.688828E-02 6.077784E-03
-2.167821E-02 5.483407E-02 -1.859461E-02
2.475967E-02 1.178767E-02 2.510929E-04
1.124767E-02 2.411353E-02 4.131666E-03
-2.882685E-02 6.535466E-02 -1.687371E-02
-2.677105E-02 6.603885E-02 -1.160840E-02
-2.594976E-02 5.953399E-02 -1.766786E-02
-2.808677E-02 6.356436E-02 -1.487300E-02
1.955379E-02 2.658023E-02 -1.228371E-03
3.774845E-02 4.743652E-03 5.519785E-03
-2.450983E-02 6.179168E-02 -1.079881E-02
2.559744E-02 1.906849E-02 3.059197E-04
3.897277E-02 2.650135E-03 6.075865E-03
3.878932E-02 2.142300E-03 5.700749E-03
3.667961E-02 4.419025E-03 5.805242E-03
3.736382E-02 3.067703E-03 6.251813E-03
3.808694E-02 2.068616E-03 5.187844E-03
3.722201E-02 2.165571E-03 4.668812E-03
3.715751E-02 2.750138E-03 5.994182E-03
3.653267E-02 2.745975E-03 5.573616E-03
3.630680E-02 2.354772E-03 4.189064E-03
3.539481E-02 2.592847E-03 3.758124E-03
3.575705E-02 2.870355E-03 5.097794E-03
3.492987E-02 3.060840E-03 4.631606E-03
3.450910E-02 2.857263E-03 3.378650E-03
3.365798E-02 3.137310E-03 3.052936E-03
3.409880E-02 3.285802E-03 4.200351E-03
3.328303E-02 3.531097E-03 3.818680E-03
3.283929E-02 3.431212E-03 2.785252E-03
3.204337E-02 3.743532E-03 2.582118E-03
3.248815E-02 3.791991E-03 3.497275E-03
3.170988E-02 4.070671E-03 3.247308E-03
3.125385E-02 4.084181E-03 2.452529E-03
3.044690E-02 4.468557E-03 2.407831E-03
3.093553E-02 4.375413E-03 3.081960E-03
3.014273E-02 4.721372E-03 3.017634E-03
2.958930E-02 4.918844E-03 2.460434E-03
2.863724E-02 5.466296E-03 2.619194E-03
2.929617E-02 5.133074E-03 3.073576E-03
2.834391E-02 5.648969E-03 3.267104E-03
2.754376E-02 6.153366E-03 2.877049E-03
2.630925E-02 7.030835E-03 3.184228E-03
2.722306E-02 6.326837E-03 3.597402E-03
2.591466E-02 7.242563E-03 4.005390E-03
2.522693E-02 8.137416E-03 3.408847E-03
2.603610E-02 9.447809E-03 3.342037E-03
2.471147E-02 8.458898E-03 4.306944E-03
2.540246E-02 9.936452E-03 4.191767E-03
3.768360E-02 1.082033E-02 2.952835E-03
9.410736E-02 1.204699E-02 3.548034E-03
3.697271E-02 1.146086E-02 3.615039E-03
9.306400E-02 1.279184E-02 4.320416E-03
3.283380E-02 -1.600834E-02 5.086266E-04
-2.520635E-02 -1.545761E-02 -6.826243E-05
3.909797E-02 -1.647091E-02 7.624894E-04
3.305770E-02 -1.633622E-02 5.262642E-04
-2.497718E-02 -1.601305E-02 -6.643927E-05
3.927975E-02 -1.662623E-02 9.118315E-04
3.925891E-02 -1.669488E-02 7.523479E-04
3.867658E-02 -1.662493E-02 6.940800E-04
3.952857E-02 -1.680619E-02 1.071974E-03
3.910397E-02 -1.680688E-02 1.100379E-03
3.807129E-02 -1.636198E-02 7.321235E-04
3.755002E-02 -1.603431E-02 8.627083E-04
3.861185E-02 -1.663168E-02 1.115069E-03
3.813302E-02 -1.634969E-02 1.175625E-03
3.711277E-02 -1.570954E-02 1.028748E-03
3.673960E-02 -1.540880E-02 1.186303E-03
3.770254E-02 -1.603244E-02 1.274089E-03
3.733373E-02 -1.572160E-02 1.377933E-03
3.641625E-02 -1.513563E-02 1.311960E-03
3.613912E-02 -1.488979E-02 1.394005E-03
3.702851E-02 -1.543446E-02 1.457909E-03
3.678784E-02 -1.517617E-02 1.493200E-03
3.591374E-02 -1.467142E-02 1.424845E-03
3.575273E-02 -1.448158E-02 1.396398E-03
3.661644E-02 -1.494706E-02 1.468172E-03
3.652389E-02 -1.474529E-02 1.368015E-03
3.567417E-02 -1.432156E-02 1.296705E-03
3.570072E-02 -1.419116E-02 1.106670E-03
3.652413E-02 -1.456686E-02 1.174638E-03
3.663416E-02 -1.440318E-02 8.622567E-04
3.585964E-02 -1.408537E-02 7.956505E-04
3.618257E-02 -1.398659E-02 3.136337E-04
3.687043E-02 -1.423473E-02 3.918241E-04
3.723812E-02 -1.401707E-02 -2.949177E-04
3.669563E-02 -1.384464E-02 -4.218786E-04
3.737618E-02 -1.353005E-02 -1.536265E-03
3.770298E-02 -1.365479E-02 -1.275509E-03
3.813507E-02 -1.296768E-02 -2.620873E-03
3.804141E-02 -1.275770E-02 -3.163282E-03
3.820036E-02 -1.106755E-02 -5.270774E-03
3.824571E-02 -1.168892E-02 -4.309341E-03
3.762807E-02 -9.576221E-03 -6.091495E-03
3.715614E-02 -8.078939E-03 -7.363531E-03
3.462684E-02 -3.928378E-03 -8.479403E-03
3.601385E-02 -6.621250E-03 -7.456521E-03
3.356802E-02 -3.128707E-03 -7.823392E-03
3.127454E-02 7.122831E-04 -7.668878E-03
2.842322E-02 4.988095E-03 -4.738778E-03
3.090430E-02 4.352344E-04 -6.799295E-03
2.876540E-02 3.631131E-03 -4.508020E-03
2.686612E-02 8.393561E-03 -9.489445E-04
2.573981E-02 1.056386E-02 3.738180E-03
2.746008E-02 6.267870E-03 -1.729476E-03
2.692170E-02 8.360341E-03 1.250160E-03
-3.941441E-03 3.632726E-02 -5.490244E-03
-2.598864E-02 5.946657E-02 -1.542627E-02
2.484039E-02 1.056633E-02 5.999390E-03
-1.632008E-02 4.713012E-02 -1.290013E-02
-2.680603E-02 6.157954E-02 -1.337631E-02
-2.103062E-02 5.715895E-02 -1.015904E-02
-2.624979E-02 5.876612E-02 -1.483667E-02
-2.594046E-02 5.984962E-02 -1.271988E-02
3.037837E-02 1.310411E-02 2.059899E-03
3.606204E-02 4.170293E-03 6.275952E-03
-1.577916E-02 5.145757E-02 -9.488441E-03
3.317806E-02 8.927133E-03 3.654424E-03
3.611877E-02 3.484480E-03 6.532382E-03
3.576461E-02 3.363283E-03 6.284845E-03
3.552697E-02 4.055967E-03 6.808617E-03
3.506367E-02 3.919978E-03 6.885751E-03
3.514020E-02 3.430975E-03 5.895292E-03
3.440215E-02 3.585528E-03 5.442763E-03
3.451142E-02 3.996530E-03 6.585475E-03
3.384233E-02 4.138906E-03 6.187997E-03
3.362503E-02 3.779736E-03 4.991075E-03
3.284446E-02 3.994538E-03 4.571967E-03
3.311084E-02 4.319248E-03 5.745579E-03
3.235883E-02 4.514250E-03 5.310593E-03
3.207294E-02 4.223814E-03 4.208105E-03
3.131095E-02 4.468638E-03 3.917608E-03
3.160583E-02 4.718345E-03 4.917560E-03
3.085564E-02 4.932753E-03 4.595170E-03
3.054880E-02 4.736330E-03 3.719469E-03
2.976478E-02 5.042198E-03 3.636690E-03
3.010008E-02 5.165247E-03 4.369765E-03
2.931630E-02 5.432214E-03 4.273000E-03
2.891958E-02 5.413848E-03 3.697980E-03
2.794889E-02 5.899258E-03 3.933506E-03
2.845747E-02 5.765893E-03 4.346609E-03
2.743934E-02 6.228030E-03 4.639876E-03
2.676629E-02 6.577415E-03 4.353884E-03
2.532758E-02 7.559082E-03 4.889029E-03
2.613873E-02 6.929057E-03 5.181901E-03
2.447791E-02 8.029861E-03 5.884792E-03
2.394361E-02 8.933310E-03 5.273587E-03
2.452097E-02 1.060891E-02 5.037238E-03
2.282980E-02 9.637650E-03 6.341567E-03
2.335064E-02 1.151961E-02 5.823628E-03
3.612350E-02 1.223568E-02 4.147778E-03
9.197671E-02 1.357337E-02 4.919727E-03
3.520107E-02 1.310085E-02 4.420905E-03
9.102473E-02 1.424831E-02 5.195573E-03
3.330636E-02 -1.670970E-02 5.347811E-04
-2.475745E-02 -1.654643E-02 -6.428729E-05
3.947662E-02 -1.685837E-02 9.891048E-04
3.356999E-02 -1.710851E-02 5.394629E-04
-2.454283E-02 -1.706918E-02 -6.271800E-05
3.969405E-02 -1.714103E-02 1.030960E-03
3.973878E-02 -1.695468E-02 1.260604E-03
3.940328E-02 -1.695175E-02 1.386158E-03
3.993993E-02 -1.714797E-02 1.369382E-03
3.964258E-02 -1.710209E-02 1.569232E-03
3.902146E-02 -1.682437E-02 1.433554E-03
3.862348E-02 -1.659151E-02 1.465469E-03
3.933862E-02 -1.697875E-02 1.664166E-03
3.902360E-02 -1.677335E-02 1.697714E-03
3.823786E-02 -1.629960E-02 1.506821E-03
3.789562E-02 -1.599172E-02 1.548255E-03
3.870265E-02 -1.650551E-02 1.701988E-03
3.840478E-02 -1.620555E-02 1.685109E-03
3.761537E-02 -1.569405E-02 1.566666E-03
3.740652E-02 -1.541793E-02 1.538312E-03
3.815694E-02 -1.589901E-02 1.635770E-03
3.797607E-02 -1.560006E-02 1.533589E-03
3.727560E-02 -1.516529E-02 1.441833E-03
3.722959E-02 -1.493193E-02 1.256381E-03
3.787127E-02 -1.531169E-02 1.355526E-03
3.784669E-02 -1.502714E-02 1.077295E-03
3.727616E-02 -1.470755E-02 9.581276E-04
3.742067E-02 -1.447223E-02 5.163212E-04
3.790138E-02 -1.472927E-02 6.721511E-04
3.802449E-02 -1.438659E-02 1.096649E-04
3.765779E-02 -1.418800E-02 -1.098210E-04
3.795330E-02 -1.378442E-02 -9.690843E-04
3.818448E-02 -1.394610E-02 -6.421660E-04
3.831250E-02 -1.332603E-02 -1.606059E-03
3.821382E-02 -1.314264E-02 -2.100964E-03
3.825756E-02 -1.209746E-02 -3.489926E-03
3.828774E-02 -1.241859E-02 -2.770217E-03
3.794685E-02 -1.111783E-02 -4.052690E-03
3.783299E-02 -1.049090E-02 -4.998189E-03
3.673495E-02 -8.276799E-03 -6.337092E-03
3.714043E-02 -9.374408E-03 -5.281553E-03
3.582089E-02 -7.242387E-03 -6.224739E-03
3.496499E-02 -5.588723E-03 -7.143282E-03
3.279058E-02 -2.689956E-03 -7.113108E-03
3.409612E-02 -4.871019E-03 -6.662159E-03
3.220760E-02 -2.447660E-03 -6.448547E-03
3.066070E-02 1.311834E-04 -6.107640E-03
2.901481E-02 2.629948E-03 -4.289826E-03
3.045917E-02 -1.477264E-04 -5.553235E-03
2.911224E-02 1.893055E-03 -4.122164E-03
2.802190E-02 4.706870E-03 -2.151098E-03
2.752128E-02 6.447939E-03 8.820550E-06
2.826281E-02 3.624439E-03 -2.450038E-03
2.788632E-02 5.061438E-03 -7.212438E-04
2.711196E-02 7.932057E-03 2.430716E-03
1.907548E-02 1.472677E-02 5.288814E-03
2.791449E-02 6.215140E-03 1.077856E-03
2.746847E-02 7.172154E-03 3.151618E-03
-2.251615E-02 5.312880E-02 -1.528169E-02
-2.648325E-02 5.828670E-02 -1.449503E-02
8.588595E-03 2.319743E-02 6.273660E-04
-2.421664E-02 5.502228E-02 -1.486839E-02
-2.535756E-02 5.854632E-02 -1.230602E-02
-8.025937E-03 4.427322E-02 -8.234941E-03
-2.614054E-02 5.764180E-02 -1.389896E-02
-2.472827E-02 5.734643E-02 -1.184764E-02
3.396373E-02 6.615124E-03 4.926566E-03
3.478635E-02 4.204964E-03 7.287929E-03
2.334472E-03 3.558627E-02 -5.819864E-03
3.335857E-02 5.892653E-03 5.977652E-03
3.404496E-02 4.429383E-03 7.239912E-03
3.331893E-02 4.672606E-03 6.890220E-03
3.373165E-02 4.707501E-03 7.658186E-03
3.294726E-02 5.083649E-03 7.560082E-03
3.259013E-02 4.878504E-03 6.472567E-03
3.184821E-02 5.074890E-03 6.036077E-03
3.212368E-02 5.416493E-03 7.191042E-03
3.134669E-02 5.654907E-03 6.759944E-03
3.110328E-02 5.264984E-03 5.627043E-03
3.035670E-02 5.456158E-03 5.282633E-03
3.058611E-02 5.852251E-03 6.341788E-03
2.983042E-02 6.030481E-03 5.983889E-03
2.959948E-02 5.658025E-03 5.038029E-03
2.880434E-02 5.889927E-03 4.935745E-03
2.906064E-02 6.208391E-03 5.729722E-03
2.823969E-02 6.411079E-03 5.634726E-03
2.791089E-02 6.191636E-03 5.035649E-03
2.680160E-02 6.646696E-03 5.415477E-03
2.728269E-02 6.691690E-03 5.784324E-03
2.601546E-02 7.170954E-03 6.298834E-03
2.529415E-02 7.415503E-03 6.132619E-03
2.327071E-02 8.731748E-03 7.062875E-03
2.416002E-02 8.092848E-03 7.276239E-03
2.157351E-02 9.789033E-03 8.506832E-03
2.127116E-02 1.068160E-02 7.539254E-03
2.192096E-02 1.270717E-02 6.441465E-03
1.920860E-02 1.219389E-02 8.837565E-03
2.041382E-02 1.412212E-02 6.684011E-03
3.434479E-02 1.395360E-02 4.284820E-03
9.041387E-02 1.464020E-02 5.023749E-03
3.375960E-02 1.461831E-02 3.654608E-03
9.028539E-02 1.461658E-02 4.400728E-03
3.384195E-02 -1.752121E-02 5.409082E-04
-2.433116E-02 -1.758577E-02 -6.128753E-05
3.992675E-02 -1.745433E-02 1.051495E-03
3.411747E-02 -1.794014E-02 5.386966E-04
-2.412177E-02 -1.809702E-02 -5.966083E-05
4.016832E-02 -1.778435E-02 1.056144E-03
4.014634E-02 -1.737570E-02 1.427604E-03
3.985829E-02 -1.727017E-02 1.675254E-03
4.035882E-02 -1.762498E-02 1.450346E-03
4.006500E-02 -1.745353E-02 1.723985E-03
3.959985E-02 -1.712005E-02 1.809919E-03
3.935033E-02 -1.691412E-02 1.856448E-03
3.982832E-02 -1.725827E-02 1.883589E-03
3.962211E-02 -1.702796E-02 1.941388E-03
3.909386E-02 -1.665502E-02 1.840303E-03
3.884709E-02 -1.635736E-02 1.775724E-03
3.941706E-02 -1.675712E-02 1.913246E-03
3.921621E-02 -1.644817E-02 1.811782E-03
3.863507E-02 -1.603862E-02 1.661224E-03
3.847710E-02 -1.571047E-02 1.483077E-03
3.903625E-02 -1.610809E-02 1.640336E-03
3.889281E-02 -1.574208E-02 1.391774E-03
3.838299E-02 -1.537461E-02 1.220820E-03
3.835296E-02 -1.502112E-02 8.508756E-04
3.879288E-02 -1.534779E-02 1.051267E-03
3.873130E-02 -1.491176E-02 6.004275E-04
3.837604E-02 -1.462680E-02 3.484871E-04
3.842485E-02 -1.415232E-02 -3.094802E-04
3.868779E-02 -1.440723E-02 2.184204E-05
3.862316E-02 -1.379360E-02 -6.948012E-04
3.844705E-02 -1.353968E-02 -1.137362E-03
3.835834E-02 -1.271528E-02 -2.126257E-03
3.847665E-02 -1.301950E-02 -1.543460E-03
3.816975E-02 -1.203270E-02 -2.490205E-03
3.804770E-02 -1.160569E-02 -3.224373E-03
3.740674E-02 -1.016795E-02 -4.324279E-03
3.762268E-02 -1.079799E-02 -3.465156E-03
3.678273E-02 -9.316531E-03 -4.366761E-03
3.637877E-02 -8.419623E-03 -5.274358E-03
3.499856E-02 -6.444216E-03 -5.916753E-03
3.565152E-02 -7.634022E-03 -5.081873E-03
3.429388E-02 -5.830135E-03 -5.512546E-03
3.339389E-02 -4.364664E-03 -6.129131E-03
3.175309E-02 -2.307217E-03 -5.848250E-03
3.282435E-02 -3.996247E-03 -5.594995E-03
3.138247E-02 -2.216671E-03 -5.306886E-03
3.027978E-02 -3.806937E-04 -5.086376E-03
2.913280E-02 1.335508E-03 -3.957522E-03
3.010580E-02 -5.608926E-04 -4.674343E-03
2.909706E-02 9.211864E-04 -3.782051E-03
2.836812E-02 2.812173E-03 -2.649082E-03
2.795723E-02 4.070414E-03 -1.287479E-03
2.839505E-02 2.209749E-03 -2.751027E-03
2.798729E-02 3.310461E-03 -1.663915E-03
2.790156E-02 5.103126E-03 1.514419E-04
2.825301E-02 5.819334E-03 1.747777E-03
2.785787E-02 4.230534E-03 -5.292732E-04
2.799683E-02 4.954713E-03 6.978891E-04
2.749423E-02 6.560225E-03 3.973203E-03
-3.561760E-03 3.358028E-02 -6.065304E-03
2.834351E-02 5.461503E-03 2.146971E-03
2.570846E-02 7.480407E-03 4.582499E-03
-2.437806E-02 5.500119E-02 -1.431719E-02
-2.548346E-02 5.675920E-02 -1.341672E-02
-1.364000E-02 4.262407E-02 -1.164183E-02
-2.453188E-02 5.464879E-02 -1.434550E-02
-2.378673E-02 5.591510E-02 -1.147411E-02
1.403664E-02 2.613102E-02 -2.139939E-03
-2.483941E-02 5.585339E-02 -1.317977E-02
-2.167516E-02 5.350874E-02 -1.122778E-02
3.243235E-02 6.126149E-03 6.970874E-03
3.248845E-02 5.548681E-03 8.013712E-03
2.432700E-02 1.754982E-02 2.262605E-03
3.185834E-02 6.679821E-03 8.153578E-03
3.173953E-02 5.912796E-03 7.865392E-03
3.089127E-02 6.236216E-03 7.490177E-03
3.128095E-02 6.555621E-03 8.499645E-03
3.046648E-02 6.858007E-03 8.211458E-03
3.008317E-02 6.466905E-03 7.070356E-03
2.929636E-02 6.647269E-03 6.705445E-03
2.960780E-02 7.112882E-03 7.820116E-03
2.877543E-02 7.301718E-03 7.452806E-03
2.850047E-02 6.808726E-03 6.450617E-03
2.763563E-02 6.989647E-03 6.380222E-03
2.793758E-02 7.452033E-03 7.206969E-03
2.700476E-02 7.620634E-03 7.182935E-03
2.657300E-02 7.267905E-03 6.615878E-03
2.503896E-02 7.832316E-03 7.342394E-03
2.576694E-02 7.932388E-03 7.561049E-03
2.377344E-02 8.707400E-03 8.622134E-03
2.260682E-02 9.068956E-03 8.707429E-03
1.921464E-02 1.139825E-02 1.028638E-02
2.040105E-02 1.055811E-02 1.054434E-02
1.606281E-02 1.380828E-02 1.236916E-02
1.674157E-02 1.425045E-02 1.006050E-02
1.922198E-02 1.551473E-02 6.264835E-03
1.435493E-02 1.667838E-02 1.075992E-02
1.883380E-02 1.644552E-02 5.014510E-03
3.361604E-02 1.490193E-02 2.626747E-03
9.063187E-02 1.417252E-02 3.504481E-03
3.393178E-02 1.472535E-02 1.514126E-03
9.130709E-02 1.344208E-02 2.621427E-03
3.439257E-02 -1.835916E-02 5.321938E-04
-2.391502E-02 -1.860160E-02 -5.767064E-05
4.041303E-02 -1.812087E-02 1.046979E-03
3.466361E-02 -1.877270E-02 5.207890E-04
-2.371198E-02 -1.909664E-02 -5.523792E-05
4.065582E-02 -1.845589E-02 1.024799E-03
4.057385E-02 -1.788450E-02 1.445313E-03
4.026613E-02 -1.764487E-02 1.728451E-03
4.078682E-02 -1.814499E-02 1.416739E-03
4.046018E-02 -1.783624E-02 1.697188E-03
4.003506E-02 -1.739391E-02 1.898565E-03
3.985206E-02 -1.712182E-02 1.960457E-03
4.022345E-02 -1.752331E-02 1.866164E-03
4.004720E-02 -1.719743E-02 1.924368E-03
3.968024E-02 -1.681987E-02 1.922148E-03
3.951171E-02 -1.648280E-02 1.791939E-03
3.989009E-02 -1.684867E-02 1.874653E-03
3.973645E-02 -1.646748E-02 1.721381E-03
3.935292E-02 -1.610844E-02 1.574166E-03
3.921177E-02 -1.569418E-02 1.266720E-03
3.958333E-02 -1.604520E-02 1.468424E-03
3.942969E-02 -1.557262E-02 1.117371E-03
3.908922E-02 -1.523234E-02 8.618276E-04
3.897401E-02 -1.470638E-02 3.496393E-04
3.926912E-02 -1.503723E-02 6.676328E-04
3.908496E-02 -1.442105E-02 1.191824E-04
3.883943E-02 -1.408952E-02 -2.762021E-04
3.864234E-02 -1.334659E-02 -1.011413E-03
3.884822E-02 -1.370058E-02 -5.225012E-04
3.851927E-02 -1.285029E-02 -1.240628E-03
3.832631E-02 -1.244054E-02 -1.833246E-03
3.783190E-02 -1.134361E-02 -2.694915E-03
3.805428E-02 -1.184941E-02 -2.002624E-03
3.741634E-02 -1.069049E-02 -2.759772E-03
3.711391E-02 -1.005014E-02 -3.526873E-03
3.615972E-02 -8.584209E-03 -4.247573E-03
3.658797E-02 -9.385680E-03 -3.452805E-03
3.557982E-02 -7.967069E-03 -4.022254E-03
3.499915E-02 -6.996683E-03 -4.780289E-03
3.370050E-02 -5.352808E-03 -5.067855E-03
3.443123E-02 -6.480499E-03 -4.419238E-03
3.320322E-02 -4.976063E-03 -4.612240E-03
3.235675E-02 -3.718035E-03 -5.079631E-03
3.106957E-02 -2.149321E-03 -4.812984E-03
3.196815E-02 -3.500220E-03 -4.588847E-03
3.079998E-02 -2.092233E-03 -4.355477E-03
2.993351E-02 -6.927118E-04 -4.296335E-03
2.901760E-02 6.188332E-04 -3.592229E-03
2.976499E-02 -7.837928E-04 -3.938642E-03
2.891145E-02 4.017705E-04 -3.385056E-03
2.835163E-02 1.769989E-03 -2.780629E-03
2.793652E-02 2.760419E-03 -1.917500E-03
2.826306E-02 1.451741E-03 -2.750330E-03
2.782541E-02 2.362327E-03 -2.074032E-03
2.777342E-02 3.587056E-03 -1.006564E-03
2.787963E-02 4.229162E-03 -2.717748E-05
2.760592E-02 3.128983E-03 -1.362271E-03
2.762727E-02 3.736103E-03 -5.939358E-04
2.819850E-02 4.696434E-03 1.031364E-03
2.827175E-02 5.175861E-03 2.265779E-03
2.792981E-02 4.148542E-03 2.560857E-04
2.845315E-02 4.379936E-03 1.169398E-03
2.058622E-02 1.136272E-02 3.569517E-03
-1.959069E-02 4.832343E-02 -1.443352E-02
2.820142E-02 4.815906E-03 2.197195E-03
1.189058E-02 1.848009E-02 -1.364061E-04
-2.466979E-02 5.436981E-02 -1.446219E-02
-2.422836E-02 5.499050E-02 -1.299203E-02
-2.184008E-02 5.067451E-02 -1.504579E-02
-2.441694E-02 5.395036E-02 -1.438392E-02
-1.649398E-02 4.891087E-02 -1.063794E-02
3.021053E-02 1.165995E-02 6.148774E-03
-2.356372E-02 5.422103E-02 -1.273370E-02
-6.017523E-03 4.111404E-02 -8.342691E-03
3.136869E-02 7.268440E-03 9.382780E-03
3.014179E-02 7.544255E-03 9.108829E-03
3.097826E-02 9.332916E-03 8.532026E-03
3.026468E-02 8.081444E-03 1.020546E-02
2.916126E-02 7.823903E-03 8.629520E-03
2.827409E-02 8.003054E-03 8.240286E-03
2.889447E-02 8.511847E-03 9.631307E-03
2.782038E-02 8.758743E-03 9.114346E-03
2.738475E-02 8.139266E-03 8.002748E-03
2.634916E-02 8.307451E-03 8.055398E-03
2.684843E-02 8.880716E-03 8.849803E-03
2.563335E-02 9.083745E-03 9.019438E-03
2.480413E-02 8.731877E-03 8.666930E-03
2.199240E-02 9.984379E-03 1.025513E-02
2.350544E-02 9.809479E-03 1.001923E-02
1.923561E-02 1.208250E-02 1.241270E-02
1.719186E-02 1.293685E-02 1.288688E-02
1.232748E-02 1.711704E-02 1.443810E-02
1.275226E-02 1.662125E-02 1.563898E-02
9.051126E-03 2.079000E-02 1.574600E-02
1.303305E-02 1.882430E-02 1.025734E-02
1.943708E-02 1.654651E-02 3.226599E-03
1.369735E-02 1.969589E-02 8.122108E-03
2.065140E-02 1.590212E-02 1.647175E-03
3.454658E-02 1.420429E-02 6.813148E-04
9.210460E-02 1.263528E-02 1.999121E-03
3.522852E-02 1.357629E-02 3.410018E-04
9.282641E-02 1.196304E-02 1.758123E-03
3.492711E-02 -1.917545E-02 5.039953E-04
-2.351419E-02 -1.957821E-02 -5.232594E-05
4.089221E-02 -1.878275E-02 9.900163E-04
3.517968E-02 -1.956224E-02 4.814936E-04
-2.332357E-02 -2.004165E-02 -4.889689E-05
4.111825E-02 -1.909583E-02 9.430620E-04
4.099312E-02 -1.839903E-02 1.367372E-03
4.064385E-02 -1.802070E-02 1.636283E-03
4.118859E-02 -1.864070E-02 1.299472E-03
4.081348E-02 -1.819265E-02 1.550688E-03
4.039301E-02 -1.764183E-02 1.795663E-03
4.021018E-02 -1.725403E-02 1.844053E-03
4.054162E-02 -1.774534E-02 1.694959E-03
4.034145E-02 -1.729031E-02 1.729725E-03
4.005115E-02 -1.684688E-02 1.781396E-03
3.989482E-02 -1.640874E-02 1.609683E-03
4.016664E-02 -1.681711E-02 1.653717E-03
3.999233E-02 -1.631345E-02 1.468317E-03
3.973074E-02 -1.592718E-02 1.332605E-03
3.954988E-02 -1.538872E-02 9.548680E-04
3.980256E-02 -1.576536E-02 1.178026E-03
3.958240E-02 -1.515757E-02 7.904773E-04
3.933926E-02 -1.477804E-02 4.823624E-04
3.907885E-02 -1.407776E-02 -7.595018E-05
3.931447E-02 -1.447429E-02 3.167581E-04
3.897800E-02 -1.370057E-02 -2.274854E-04
3.874132E-02 -1.326982E-02 -7.047304E-04
3.829529E-02 -1.233922E-02 -1.379012E-03
3.855001E-02 -1.282441E-02 -8.205660E-04
3.800892E-02 -1.183986E-02 -1.433989E-03
3.771214E-02 -1.127916E-02 -2.063073E-03
3.697449E-02 -1.009568E-02 -2.712978E-03
3.733980E-02 -1.074983E-02 -2.033589E-03
3.653946E-02 -9.567595E-03 -2.582947E-03
3.608326E-02 -8.809169E-03 -3.282654E-03
3.506004E-02 -7.451608E-03 -3.731323E-03
3.561923E-02 -8.315656E-03 -3.048208E-03
3.460427E-02 -7.022329E-03 -3.402551E-03
3.394422E-02 -6.060752E-03 -4.029323E-03
3.278656E-02 -4.674016E-03 -4.160601E-03
3.352997E-02 -5.717405E-03 -3.628819E-03
3.243727E-02 -4.428572E-03 -3.720010E-03
3.164242E-02 -3.324505E-03 -4.122528E-03
3.056585E-02 -2.039867E-03 -3.925281E-03
3.136826E-02 -3.179630E-03 -3.678550E-03
3.036275E-02 -1.990427E-03 -3.515737E-03
2.960418E-02 -8.426944E-04 -3.592255E-03
2.879227E-02 2.496143E-04 -3.159216E-03
2.945500E-02 -8.774867E-04 -3.251800E-03
2.867063E-02 1.457898E-04 -2.914850E-03
2.814947E-02 1.225743E-03 -2.666525E-03
2.768429E-02 2.079158E-03 -2.144150E-03
2.802538E-02 1.069279E-03 -2.535631E-03
2.752865E-02 1.885004E-03 -2.138062E-03
2.740567E-02 2.802941E-03 -1.599901E-03
2.733344E-02 3.382891E-03 -1.021078E-03
2.719147E-02 2.583434E-03 -1.731167E-03
2.703369E-02 3.149434E-03 -1.308697E-03
2.749719E-02 3.799169E-03 -3.876379E-04
2.793517E-02 4.020885E-03 3.230371E-04
2.708467E-02 3.560401E-03 -8.550443E-04
2.737226E-02 3.795717E-03 -3.588054E-04
2.860858E-02 4.045642E-03 1.116487E-03
2.786783E-02 4.583248E-03 2.199206E-03
2.789670E-02 3.847447E-03 1.955956E-04
2.853135E-02 3.777799E-03 8.839864E-04
1.343475E-03 2.743080E-02 -5.830033E-03
-2.214153E-02 5.095743E-02 -1.498055E-02
2.624642E-02 5.414980E-03 2.047343E-03
-8.195460E-03 3.578612E-02 -1.143293E-02
-2.371420E-02 5.327167E-02 -1.413803E-02
-2.274287E-02 5.335479E-02 -1.227498E-02
-2.189270E-02 5.050012E-02 -1.514045E-02
-2.271062E-02 5.245743E-02 -1.387088E-02
9.316677E-03 3.060395E-02 -2.793993E-03
2.916885E-02 9.798337E-03 9.834760E-03
-2.050905E-02 5.134756E-02 -1.191248E-02
2.332170E-02 2.047539E-02 5.067961E-03
2.849811E-02 9.344993E-03 1.049691E-02
2.742358E-02 9.576913E-03 1.001288E-02
2.776435E-02 1.120407E-02 1.112715E-02
2.674232E-02 1.081762E-02 1.086175E-02
2.631123E-02 9.711188E-03 9.755379E-03
2.473489E-02 1.005652E-02 1.012234E-02
2.559286E-02 1.081683E-02 1.065934E-02
2.326507E-02 1.154939E-02 1.147979E-02
2.141604E-02 1.154844E-02 1.179133E-02
1.485875E-02 1.569021E-02 1.522488E-02
1.763848E-02 1.478648E-02 1.426568E-02
8.927408E-03 2.107913E-02 1.834845E-02
7.735531E-03 2.140434E-02 1.818774E-02
8.094903E-03 2.339233E-02 1.530001E-02
4.164880E-03 2.575430E-02 1.964627E-02
1.077413E-02 2.331663E-02 1.237145E-02
1.610730E-02 1.883130E-02 5.063823E-03
2.191097E-02 1.498780E-02 8.394784E-04
1.874873E-02 1.705259E-02 2.774616E-03
2.287469E-02 1.422130E-02 8.656276E-04
3.579783E-02 1.306785E-02 4.988324E-04
9.331822E-02 1.159209E-02 1.910844E-03
3.614942E-02 1.282930E-02 1.041665E-03
9.347678E-02 1.163176E-02 2.416680E-03
3.541816E-02 -1.992807E-02 4.531142E-04
-2.314231E-02 -2.048179E-02 -4.479495E-05
4.133048E-02 -1.939027E-02 8.845533E-04
3.563973E-02 -2.026802E-02 4.186570E-04
-2.297283E-02 -2.089311E-02 -3.943954E-05
4.152595E-02 -1.966178E-02 8.153428E-04
4.136958E-02 -1.886534E-02 1.215321E-03
4.096560E-02 -1.834787E-02 1.444957E-03
4.153291E-02 -1.906919E-02 1.117521E-03
4.109707E-02 -1.848308E-02 1.323559E-03
4.066689E-02 -1.783073E-02 1.571028E-03
4.044088E-02 -1.730549E-02 1.590466E-03
4.076673E-02 -1.789575E-02 1.429926E-03
4.050898E-02 -1.729963E-02 1.433753E-03
4.023975E-02 -1.676226E-02 1.502190E-03
4.003589E-02 -1.618909E-02 1.308548E-03
4.027477E-02 -1.668602E-02 1.335622E-03
4.003416E-02 -1.604374E-02 1.139962E-03
3.980959E-02 -1.557198E-02 1.015724E-03
3.954231E-02 -1.489587E-02 6.339229E-04
3.976504E-02 -1.535957E-02 8.548224E-04
3.944752E-02 -1.461995E-02 4.921799E-04
3.921494E-02 -1.414643E-02 1.777552E-04
3.880826E-02 -1.331215E-02 -3.333136E-04
3.906301E-02 -1.381317E-02 6.835917E-05
3.859535E-02 -1.293143E-02 -3.960181E-04
3.830484E-02 -1.238659E-02 -8.749334E-04
3.769211E-02 -1.137024E-02 -1.418794E-03
3.803266E-02 -1.197263E-02 -8.768971E-04
3.736945E-02 -1.094120E-02 -1.348520E-03
3.696551E-02 -1.027159E-02 -1.934815E-03
3.613076E-02 -9.106567E-03 -2.394305E-03
3.660803E-02 -9.847969E-03 -1.785800E-03
3.575893E-02 -8.708728E-03 -2.166797E-03
3.520406E-02 -7.896468E-03 -2.773192E-03
3.421023E-02 -6.664917E-03 -3.054339E-03
3.483977E-02 -7.542083E-03 -2.474677E-03
3.387328E-02 -6.367089E-03 -2.698701E-03
3.317958E-02 -5.434946E-03 -3.228402E-03
3.214467E-02 -4.227044E-03 -3.293503E-03
3.288485E-02 -5.201390E-03 -2.834236E-03
3.190032E-02 -4.060215E-03 -2.882146E-03
3.113758E-02 -3.058502E-03 -3.254465E-03
3.018785E-02 -1.943771E-03 -3.122402E-03
3.094435E-02 -2.956255E-03 -2.848157E-03
3.003903E-02 -1.900122E-03 -2.742543E-03
2.932053E-02 -8.951081E-04 -2.914642E-03
2.855449E-02 7.704958E-05 -2.653807E-03
2.920278E-02 -9.009420E-04 -2.580038E-03
2.844938E-02 3.322981E-05 -2.379124E-03
2.790213E-02 9.638619E-04 -2.364314E-03
2.737218E-02 1.756983E-03 -2.066377E-03
2.778811E-02 8.949907E-04 -2.159798E-03
2.722598E-02 1.676549E-03 -1.939838E-03
2.697547E-02 2.445961E-03 -1.770549E-03
2.673115E-02 3.014843E-03 -1.476014E-03
2.677209E-02 2.367607E-03 -1.731235E-03
2.644265E-02 2.952720E-03 -1.538680E-03
2.666990E-02 3.440570E-03 -1.173488E-03
2.683008E-02 3.694420E-03 -8.490810E-04
2.626466E-02 3.409343E-03 -1.360134E-03
2.627737E-02 3.708029E-03 -1.188614E-03
2.724360E-02 3.752119E-03 -4.941760E-04
2.786248E-02 3.639746E-03 -9.822519E-05
2.652815E-02 3.816088E-03 -1.011546E-03
2.706423E-02 3.704396E-03 -8.089650E-04
2.824435E-02 3.609058E-03 4.155750E-04
2.195889E-02 8.512478E-03 6.215694E-04
2.782396E-02 3.418098E-03 -5.672122E-04
2.781579E-02 3.479428E-03 -2.789518E-04
-1.441044E-02 4.145193E-02 -1.526387E-02
-2.144466E-02 4.988306E-02 -1.558772E-02
1.446257E-02 1.435704E-02 -3.222638E-03
-1.682382E-02 4.377499E-02 -1.688740E-02
-2.152283E-02 5.154685E-02 -1.365092E-02
-1.248637E-02 4.601570E-02 -1.078759E-02
-2.038059E-02 4.896731E-02 -1.586114E-02
-2.023273E-02 5.091703E-02 -1.309378E-02
2.794904E-02 1.517910E-02 1.082246E-02
2.643769E-02 1.247891E-02 1.234500E-02
5.416698E-03 3.646051E-02 -4.557090E-03
2.430098E-02 1.565915E-02 1.198263E-02
2.453629E-02 1.243827E-02 1.189326E-02
2.026336E-02 1.442252E-02 1.347360E-02
2.209163E-02 1.525229E-02 1.334156E-02
1.442974E-02 1.996801E-02 1.652762E-02
1.147124E-02 2.039231E-02 1.752027E-02
3.535486E-03 2.662608E-02 2.075630E-02
4.778991E-03 2.693118E-02 2.063987E-02
1.198239E-03 2.971412E-02 2.205198E-02
4.290618E-03 2.753373E-02 1.941478E-02
1.566185E-02 2.067344E-02 7.961370E-03
8.887281E-03 2.580406E-02 1.683191E-02
1.958882E-02 1.754495E-02 4.785744E-03
2.060600E-02 1.550123E-02 1.979058E-03
2.342689E-02 1.380633E-02 1.506129E-03
2.157569E-02 1.456823E-02 2.307122E-03
2.354965E-02 1.381470E-02 2.460157E-03
3.622424E-02 1.294923E-02 1.831788E-03
9.325720E-02 1.212604E-02 3.220846E-03
3.600392E-02 1.346061E-02 2.715937E-03
9.268277E-02 1.305242E-02 4.264029E-03
3.584185E-02 -2.057676E-02 3.774362E-04
-2.281790E-02 -2.126884E-02 -3.141562E-05
4.170183E-02 -1.990604E-02 7.367494E-04
3.602110E-02 -2.084640E-02 3.285475E-04
-2.268156E-02 -2.159787E-02 -1.941195E-05
4.185417E-02 -2.011726E-02 6.523167E-04
4.167533E-02 -1.924855E-02 1.009377E-03
4.120477E-02 -1.859488E-02 1.190744E-03
4.179238E-02 -1.939786E-02 8.957289E-04
4.128556E-02 -1.867770E-02 1.049671E-03
4.083988E-02 -1.793826E-02 1.276149E-03
4.054789E-02 -1.727338E-02 1.264796E-03
4.088692E-02 -1.795491E-02 1.111573E-03
4.056207E-02 -1.722674E-02 1.086291E-03
4.027778E-02 -1.659264E-02 1.160424E-03
3.999740E-02 -1.588538E-02 9.696049E-04
4.025666E-02 -1.648526E-02 9.806087E-04
3.993688E-02 -1.571987E-02 8.018199E-04
3.968352E-02 -1.513955E-02 7.015620E-04
3.931671E-02 -1.434382E-02 3.689131E-04
3.957978E-02 -1.492000E-02 5.591197E-04
3.916767E-02 -1.407681E-02 2.646487E-04
3.888051E-02 -1.348950E-02 -1.195008E-05
3.836243E-02 -1.257219E-02 -4.212755E-04
3.868700E-02 -1.318458E-02 -6.639102E-05
3.812892E-02 -1.224165E-02 -4.164014E-04
3.775542E-02 -1.159280E-02 -8.372271E-04
3.705895E-02 -1.055772E-02 -1.237767E-03
3.749015E-02 -1.125081E-02 -7.667530E-04
3.677338E-02 -1.021909E-02 -1.099449E-03
3.627934E-02 -9.478040E-03 -1.602747E-03
3.542909E-02 -8.367969E-03 -1.915676E-03
3.598685E-02 -9.156704E-03 -1.398773E-03
3.514336E-02 -8.075730E-03 -1.652473E-03
3.452538E-02 -7.242987E-03 -2.164838E-03
3.358825E-02 -6.118133E-03 -2.343580E-03
3.425874E-02 -6.988634E-03 -1.852371E-03
3.335032E-02 -5.907101E-03 -1.994349E-03
3.263877E-02 -5.006865E-03 -2.449986E-03
3.169758E-02 -3.920567E-03 -2.486246E-03
3.243559E-02 -4.841356E-03 -2.077970E-03
3.153120E-02 -3.799949E-03 -2.105914E-03
3.078385E-02 -2.868643E-03 -2.458137E-03
2.991434E-02 -1.858930E-03 -2.374783E-03
3.065231E-02 -2.789912E-03 -2.083556E-03
2.981187E-02 -1.817072E-03 -2.018728E-03
2.910264E-02 -8.981891E-04 -2.248557E-03
2.835865E-02 7.516158E-06 -2.094619E-03
2.902003E-02 -8.863955E-04 -1.921627E-03
2.828370E-02 -2.267200E-06 -1.804534E-03
2.768877E-02 8.523574E-04 -1.929575E-03
2.709776E-02 1.629783E-03 -1.769315E-03
2.760681E-02 8.311026E-04 -1.681169E-03
2.699165E-02 1.608852E-03 -1.565632E-03
2.659198E-02 2.330711E-03 -1.626864E-03
2.618355E-02 2.941159E-03 -1.511262E-03
2.644147E-02 2.323864E-03 -1.471281E-03
2.596359E-02 2.964677E-03 -1.410099E-03
2.589407E-02 3.440076E-03 -1.427757E-03
2.575696E-02 3.798477E-03 -1.378173E-03
2.557279E-02 3.513229E-03 -1.392932E-03
2.529476E-02 3.942862E-03 -1.429879E-03
2.581868E-02 3.980267E-03 -1.359870E-03
2.613471E-02 3.949506E-03 -1.361028E-03
2.516915E-02 4.217434E-03 -1.529451E-03
2.525162E-02 4.292130E-03 -1.693891E-03
2.676182E-02 3.677925E-03 -1.346272E-03
2.762529E-02 3.231384E-03 -1.271717E-03
2.560889E-02 4.123798E-03 -1.913390E-03
2.628463E-02 3.696873E-03 -2.146323E-03
2.689094E-02 3.668660E-03 -1.132319E-03
4.979164E-03 2.203381E-02 -9.324635E-03
2.706022E-02 3.188778E-03 -2.295467E-03
2.429932E-02 5.180764E-03 -2.639991E-03
-1.678784E-02 4.392587E-02 -1.754323E-02
-1.852594E-02 4.799295E-02 -1.531190E-02
-3.720048E-03 2.920156E-02 -1.573816E-02
-1.582652E-02 4.333884E-02 -1.893062E-02
-1.746389E-02 4.998480E-02 -1.296543E-02
2.083845E-02 2.711244E-02 6.601022E-03
-1.655550E-02 4.781832E-02 -1.596554E-02
-2.626992E-03 4.650704E-02 -1.752373E-02
1.623551E-02 2.193189E-02 1.556408E-02
6.437360E-03 2.774427E-02 2.004493E-02
5.290209E-03 3.130783E-02 2.030096E-02
3.591948E-04 3.303628E-02 2.362093E-02
7.953627E-04 3.099179E-02 2.275404E-02
2.422000E-03 2.965398E-02 2.247650E-02
-3.388807E-04 3.193568E-02 2.467510E-02
6.860890E-03 2.724440E-02 2.138417E-02
1.548737E-02 2.176980E-02 1.204032E-02
2.146086E-02 1.550922E-02 3.884787E-03
2.002855E-02 1.787479E-02 7.941756E-03
2.173876E-02 1.471541E-02 4.377786E-03
2.170811E-02 1.430522E-02 3.323202E-03
2.323605E-02 1.427686E-02 3.495954E-03
2.109000E-02 1.472483E-02 4.516658E-03
2.254674E-02 1.517990E-02 4.370588E-03
3.551855E-02 1.434322E-02 3.549826E-03
9.185191E-02 1.431461E-02 5.476488E-03
3.485809E-02 1.551299E-02 4.199403E-03
9.092274E-02 1.575426E-02 6.748729E-03
3.616750E-02 -2.106190E-02 2.797800E-04
-2.257273E-02 -2.186545E-02 -8.556923E-06
4.197512E-02 -2.028489E-02 5.757181E-04
3.625272E-02 -2.119842E-02 2.992809E-04
-2.251044E-02 -2.212539E-02 -1.341598E-05
4.205066E-02 -2.038335E-02 5.599067E-04
4.187754E-02 -1.950456E-02 7.851938E-04
4.133813E-02 -1.871959E-02 9.021569E-04
4.192654E-02 -1.953589E-02 7.044184E-04
4.136799E-02 -1.869198E-02 7.677840E-04
4.091178E-02 -1.793767E-02 9.373374E-04
4.055823E-02 -1.715481E-02 9.015363E-04
4.092170E-02 -1.786170E-02 7.779868E-04
4.054385E-02 -1.703435E-02 7.383782E-04
4.022028E-02 -1.636106E-02 8.007745E-04
3.986395E-02 -1.554599E-02 6.410351E-04
4.017736E-02 -1.619786E-02 6.494306E-04
3.978908E-02 -1.534222E-02 5.149339E-04
3.946766E-02 -1.470074E-02 4.304542E-04
3.901615E-02 -1.381898E-02 1.798897E-04
3.935933E-02 -1.446045E-02 3.415382E-04
3.887529E-02 -1.354850E-02 1.384859E-04
3.849889E-02 -1.289755E-02 -9.744503E-05
3.791021E-02 -1.193682E-02 -3.867556E-04
3.832926E-02 -1.260529E-02 -8.347665E-05
3.771802E-02 -1.163259E-02 -3.125205E-04
3.724960E-02 -1.094065E-02 -6.729482E-04
3.652158E-02 -9.915888E-03 -9.418971E-04
3.704297E-02 -1.063474E-02 -5.370993E-04
3.630956E-02 -9.618062E-03 -7.465076E-04
3.573507E-02 -8.871456E-03 -1.181681E-03
3.490230E-02 -7.817265E-03 -1.383295E-03
3.552675E-02 -8.590160E-03 -9.320753E-04
3.470577E-02 -7.559011E-03 -1.087235E-03
3.403744E-02 -6.763147E-03 -1.541021E-03
3.315538E-02 -5.718085E-03 -1.652270E-03
3.385927E-02 -6.532326E-03 -1.208092E-03
3.300004E-02 -5.516964E-03 -1.292890E-03
3.227071E-02 -4.689797E-03 -1.717319E-03
3.139705E-02 -3.684710E-03 -1.738844E-03
3.214050E-02 -4.518756E-03 -1.342223E-03
3.129190E-02 -3.542465E-03 -1.358367E-03
3.054662E-02 -2.708122E-03 -1.721625E-03
2.972972E-02 -1.764432E-03 -1.672185E-03
3.046430E-02 -2.592088E-03 -1.345507E-03
2.966612E-02 -1.671005E-03 -1.308914E-03
2.895410E-02 -8.572695E-04 -1.598683E-03
2.822447E-02 1.036438E-05 -1.510743E-03
2.890364E-02 -7.819584E-04 -1.254923E-03
2.817992E-02 7.318218E-05 -1.190520E-03
2.754263E-02 8.358346E-04 -1.419401E-03
2.690863E-02 1.616153E-03 -1.336865E-03
2.749508E-02 8.932009E-04 -1.124123E-03
2.684728E-02 1.676964E-03 -1.065977E-03
2.632268E-02 2.346524E-03 -1.276041E-03
2.578721E-02 3.018701E-03 -1.250145E-03
2.623440E-02 2.421821E-03 -1.027796E-03
2.565422E-02 3.123077E-03 -1.022222E-03
2.530944E-02 3.618969E-03 -1.273492E-03
2.490466E-02 4.125843E-03 -1.362478E-03
2.510667E-02 3.772112E-03 -1.064654E-03
2.459560E-02 4.354515E-03 -1.174614E-03
2.460053E-02 4.507568E-03 -1.535606E-03
2.444219E-02 4.720779E-03 -1.810731E-03
2.413300E-02 4.846853E-03 -1.377594E-03
2.374330E-02 5.214167E-03 -1.703659E-03
2.449651E-02 4.711397E-03 -2.196780E-03
2.484795E-02 4.425710E-03 -2.682537E-03
2.347101E-02 5.407539E-03 -2.182674E-03
2.338501E-02 5.366533E-03 -2.828625E-03
2.551799E-02 3.870963E-03 -3.211359E-03
2.587791E-02 3.495380E-03 -3.701024E-03
2.357550E-02 5.031119E-03 -3.608784E-03
2.401743E-02 4.442249E-03 -4.407571E-03
1.816377E-02 9.492114E-03 -6.275548E-03
-9.542175E-03 3.454594E-02 -2.058901E-02
2.321469E-02 4.572699E-03 -5.222333E-03
7.709026E-03 1.669065E-02 -1.220324E-02
-1.604663E-02 4.415343E-02 -2.046142E-02
-1.764623E-02 5.071223E-02 -2.738402E-02
-1.406566E-02 3.754305E-02 -2.082478E-02
-2.038776E-02 4.524656E-02 -2.381153E-02
-4.580317E-03 4.013194E-02 2.406642E-02
-3.786892E-03 3.579481E-02 2.640803E-02
-1.008025E-02 4.181498E-02 1.607162E-02
-7.205243E-03 3.644376E-02 2.504782E-02
-4.088009E-04 3.167859E-02 2.595841E-02
1.303281E-02 2.335006E-02 1.728248E-02
1.156153E-03 3.015095E-02 2.467876E-02
1.684324E-02 1.951735E-02 1.213862E-02
2.103017E-02 1.584380E-02 6.610094E-03
2.063345E-02 1.507845E-02 5.499205E-03
1.933501E-02 1.598203E-02 6.784391E-03
1.844050E-02 1.652899E-02 6.419572E-03
1.983963E-02 1.579970E-02 5.492617E-03
2.162782E-02 1.643343E-02 4.893706E-03
1.820364E-02 1.740744E-02 5.926144E-03
2.066095E-02 1.791791E-02 4.998456E-03
3.416934E-02 1.683497E-02 4.576691E-03
9.008765E-02 1.717914E-02 7.892467E-03
3.363294E-02 1.819598E-02 4.714564E-03
8.955843E-02 1.851061E-02 8.657011E-03
3.624075E-02 -2.123458E-02 7.249415E-04
-2.248652E-02 -2.295730E-02 8.262764E-05
4.207155E-02 -2.032958E-02 8.259821E-04
3.622444E-02 -2.111442E-02 3.036656E-03
-2.215136E-02 -2.701456E-02 1.537371E-03
4.209861E-02 -1.984227E-02 2.569117E-03
4.195435E-02 -1.940303E-02 8.300366E-04
4.138679E-02 -1.851174E-02 8.411282E-04
4.198279E-02 -1.883903E-02 2.453370E-03
4.139629E-02 -1.791473E-02 2.452250E-03
4.092338E-02 -1.764498E-02 8.385911E-04
4.052531E-02 -1.678417E-02 8.041562E-04
4.091887E-02 -1.702706E-02 2.455628E-03
4.050715E-02 -1.614364E-02 2.432070E-03
4.013546E-02 -1.591479E-02 7.330779E-04
3.972119E-02 -1.502746E-02 6.281944E-04
4.010028E-02 -1.524918E-02 2.380950E-03
3.966718E-02 -1.433702E-02 2.305522E-03
3.926476E-02 -1.411749E-02 4.949982E-04
3.875547E-02 -1.318260E-02 3.409902E-04
3.919114E-02 -1.340481E-02 2.211994E-03
3.866413E-02 -1.245193E-02 2.104125E-03
3.818801E-02 -1.222355E-02 1.742273E-04
3.756081E-02 -1.124273E-02 3.581101E-06
3.808167E-02 -1.148020E-02 1.988991E-03
3.744419E-02 -1.049251E-02 1.870622E-03
3.687668E-02 -1.024491E-02 -1.627311E-04
3.614130E-02 -9.235528E-03 -3.169888E-04
3.675446E-02 -9.493620E-03 1.756327E-03
3.601904E-02 -8.488432E-03 1.649025E-03
3.536349E-02 -8.221292E-03 -4.532463E-04
3.455336E-02 -7.208367E-03 -5.668498E-04
3.524566E-02 -7.482789E-03 1.554791E-03
3.444436E-02 -6.481694E-03 1.474292E-03
3.372240E-02 -6.203137E-03 -6.552575E-04
3.288165E-02 -5.210603E-03 -7.172066E-04
3.362495E-02 -5.490427E-03 1.411722E-03
3.279807E-02 -4.512851E-03 1.365331E-03
3.204213E-02 -4.235519E-03 -7.532912E-04
3.121317E-02 -3.281076E-03 -7.651584E-04
3.197301E-02 -3.552862E-03 1.337610E-03
3.115876E-02 -2.612723E-03 1.324735E-03
3.040343E-02 -2.350490E-03 -7.562156E-04
2.961961E-02 -1.445965E-03 -7.307046E-04
3.036224E-02 -1.694828E-03 1.327616E-03
2.958961E-02 -8.002744E-04 1.340210E-03
2.886732E-02 -5.700992E-04 -6.934695E-04
2.814856E-02 2.763752E-04 -6.489543E-04
2.884417E-02 6.916057E-05 1.362048E-03
2.812959E-02 9.126426E-04 1.386545E-03
2.746202E-02 1.093162E-03 -6.026150E-04
2.680486E-02 1.880926E-03 -5.633478E-04
2.744128E-02 1.731149E-03 1.416175E-03
2.677924E-02 2.524962E-03 1.437428E-03
2.617316E-02 2.638275E-03 -5.402569E-04
2.556089E-02 3.364460E-03 -5.445522E-04
2.613470E-02 3.295207E-03 1.450815E-03
2.550238E-02 4.042818E-03 1.440648E-03
2.496152E-02 4.055465E-03 -5.896858E-04
2.436819E-02 4.705258E-03 -6.954430E-04
2.486709E-02 4.769333E-03 1.404271E-03
2.421716E-02 5.474434E-03 1.317501E-03
2.377633E-02 5.300216E-03 -8.882390E-04
2.318598E-02 5.818938E-03 -1.204258E-03
2.352932E-02 6.156067E-03 1.166115E-03
2.278398E-02 6.805473E-03 9.085112E-04
2.260786E-02 6.224942E-03 -1.684141E-03
2.207041E-02 6.465830E-03 -2.363345E-03
2.195201E-02 7.403724E-03 5.138547E-04
2.101794E-02 7.909807E-03 -6.707060E-05
2.162296E-02 6.472058E-03 -3.238819E-03
2.130841E-02 6.172225E-03 -4.207513E-03
1.997785E-02 8.246414E-03 -8.308205E-04
1.887763E-02 8.271064E-03 -1.702990E-03
2.089675E-02 5.626887E-03 -5.028918E-03
1.720304E-02 6.893839E-03 -6.182070E-03
1.776767E-02 7.758047E-03 -2.430356E-03
1.612476E-02 6.688818E-03 -2.850090E-03
-3.667714E-03 2.258495E-02 -1.590913E-02
-1.779325E-02 3.555276E-02 -1.979780E-02
8.233506E-03 9.180047E-03 -5.964887E-03
-1.040769E-02 2.183306E-02 -1.594136E-02
-1.182290E-02 3.766155E-02 5.141965E-03
-8.752870E-03 3.394413E-02 2.153287E-02
-1.176342E-02 3.032509E-02 -1.282437E-03
-6.094934E-03 2.786912E-02 1.888157E-02
5.494181E-03 2.585881E-02 1.950390E-02
1.544855E-02 1.834028E-02 9.420759E-03
8.115031E-03 2.138938E-02 1.390743E-02
1.136078E-02 2.019227E-02 8.828174E-03
1.587512E-02 1.794624E-02 7.131295E-03
1.568214E-02 1.883965E-02 6.706689E-03
1.189915E-02 2.135331E-02 7.767010E-03
1.299256E-02 2.193634E-02 7.251849E-03
1.650195E-02 1.937547E-02 5.770145E-03
1.977701E-02 1.958990E-02 4.870826E-03
1.491645E-02 2.182670E-02 6.192201E-03
1.884153E-02 2.169694E-02 5.619551E-03
3.338029E-02 1.973249E-02 5.002187E-03
8.965137E-02 2.049255E-02 9.195512E-03
3.307324E-02 2.224720E-02 6.947324E-03
9.100513E-02 2.684131E-02 1.247815E-02
3.667853E-02 -2.000384E-02 1.440054E-02
-1.954462E-02 -3.987583E-02 1.069673E-02
4.225394E-02 -1.817645E-02 1.376040E-02
3.966223E-02 -1.887947E-02 8.000617E-02
-5.658855E-03 -4.991245E-02 5.858778E-02
4.314329E-02 -1.656209E-02 8.071254E-02
4.199687E-02 -1.705240E-02 1.366880E-02
4.138947E-02 -1.612224E-02 1.369897E-02
4.219624E-02 -1.535117E-02 8.098135E-02
4.141147E-02 -1.443607E-02 8.106991E-02
4.090592E-02 -1.522476E-02 1.370776E-02
4.049345E-02 -1.431846E-02 1.368341E-02
4.090133E-02 -1.354073E-02 8.104707E-02
4.048065E-02 -1.262270E-02 8.097866E-02
4.007221E-02 -1.339535E-02 1.363917E-02
3.963152E-02 -1.245502E-02 1.357865E-02
4.006029E-02 -1.168578E-02 8.089148E-02
3.961086E-02 -1.072917E-02 8.078825E-02
3.913895E-02 -1.149616E-02 1.350764E-02
3.860537E-02 -1.052041E-02 1.342582E-02
3.911666E-02 -9.756056E-03 8.066839E-02
3.857360E-02 -8.764662E-03 8.052838E-02
3.800969E-02 -9.528865E-03 1.333869E-02
3.737054E-02 -8.526070E-03 1.324647E-02
3.797687E-02 -7.760075E-03 8.036874E-02
3.732993E-02 -6.743081E-03 8.018872E-02
3.667362E-02 -7.515248E-03 1.315504E-02
3.594288E-02 -6.502426E-03 1.306455E-02
3.663419E-02 -5.720896E-03 7.999172E-02
3.589837E-02 -4.695472E-03 7.977950E-02
3.516853E-02 -5.491203E-03 1.298040E-02
3.437726E-02 -4.487498E-03 1.290193E-02
3.512788E-02 -3.674402E-03 7.955749E-02
3.433422E-02 -2.659245E-03 7.932897E-02
3.356125E-02 -3.494008E-03 1.283358E-02
3.274742E-02 -2.515683E-03 1.277375E-02
3.352429E-02 -1.656799E-03 7.910030E-02
3.271003E-02 -6.674959E-04 7.887512E-02
3.192767E-02 -1.553799E-03 1.272583E-02
3.112713E-02 -6.121004E-04 1.268728E-02
3.189773E-02 3.029953E-04 7.865953E-02
3.109792E-02 1.255558E-03 7.845617E-02
3.033590E-02 3.095896E-04 1.265995E-02
2.957638E-02 1.209158E-03 1.264017E-02
3.031438E-02 2.186154E-03 7.826920E-02
2.955420E-02 3.097795E-03 7.809950E-02
2.883513E-02 2.089039E-03 1.263106E-02
2.812920E-02 2.953345E-03 1.263736E-02
2.881540E-02 3.987982E-03 7.794961E-02
2.810601E-02 4.854153E-03 7.782684E-02
2.743528E-02 3.795133E-03 1.264566E-02
2.677549E-02 4.617272E-03 1.265467E-02
2.741634E-02 5.698270E-03 7.771147E-02
2.675245E-02 6.520380E-03 7.760863E-02
2.611900E-02 5.418016E-03 1.265493E-02
2.547962E-02 6.204014E-03 1.264572E-02
2.609679E-02 7.323754E-03 7.749927E-02
2.544871E-02 8.110219E-03 7.738507E-02
2.481844E-02 6.974732E-03 1.261372E-02
2.413845E-02 7.739191E-03 1.255317E-02
2.478097E-02 8.886444E-03 7.724017E-02
2.408149E-02 9.656166E-03 7.706066E-02
2.338608E-02 8.496922E-03 1.244134E-02
2.254384E-02 9.255477E-03 1.226075E-02
2.330409E-02 1.042923E-02 7.680970E-02
2.241215E-02 1.120791E-02 7.647019E-02
2.153434E-02 1.000156E-02 1.197323E-02
2.032239E-02 1.070729E-02 1.154998E-02
2.132781E-02 1.199200E-02 7.598402E-02
1.999066E-02 1.274653E-02 7.531148E-02
1.884771E-02 1.127426E-02 1.096928E-02
1.717403E-02 1.150167E-02 1.028613E-02
1.833836E-02 1.337735E-02 7.438410E-02
1.643690E-02 1.365019E-02 7.320330E-02
1.547981E-02 1.099488E-02 9.658574E-03
1.398891E-02 9.250820E-03 9.276039E-03
1.451861E-02 1.313709E-02 7.182610E-02
1.291202E-02 1.120253E-02 7.028616E-02
1.120925E-02 6.765092E-03 8.259137E-03
-1.230996E-03 1.062795E-02 -1.197761E-03
1.068312E-02 7.536389E-03 6.718195E-02
3.575314E-04 6.965249E-03 5.328249E-02
-1.002973E-02 2.268734E-02 3.443870E-03
5.399244E-05 2.184462E-02 2.133857E-02
-7.300794E-03 2.019379E-02 4.151150E-02
4.164519E-03 2.033474E-02 6.372324E-02
6.842965E-03 2.139817E-02 1.787495E-02
7.625083E-03 2.422250E-02 1.573269E-02
5.748619E-03 2.261153E-02 6.832719E-02
6.147735E-03 2.625455E-02 6.814403E-02
8.877740E-03 2.608614E-02 1.531074E-02
1.111561E-02 2.629982E-02 1.517732E-02
7.862730E-03 2.826123E-02 6.858482E-02
1.046100E-02 2.832926E-02 7.001231E-02
1.370544E-02 2.575303E-02 1.461430E-02
1.778532E-02 2.544411E-02 1.450022E-02
1.290944E-02 2.766159E-02 7.130677E-02
1.651292E-02 2.723309E-02 7.267489E-02
3.150494E-02 2.679276E-02 1.677464E-02
9.419180E-02 4.540470E-02 3.208313E-02
3.110559E-02 2.748434E-02 7.628504E-02
1.254681E-01 5.844147E-02 1.383120E-01
3.163521E-02 -1.116323E-02 1.178183E-02
1.521646E-02 -5.045689E-03 3.085994E-02
-4.808636E-02 -9.840745E-03 1.525871E-02
2.779208E-02 -1.191907E-02 4.037509E-02
3.123011E-02 -1.211908E-02 1.037385E-02
2.956913E-02 -8.228591E-03 3.397367E-02
3.070241E-02 -9.815203E-03 3.527259E-02
-4.802154E-02 -9.819540E-03 -1.519321E-02
1.518159E-02 -5.047071E-03 -3.078959E-02
3.155118E-02 -1.113476E-02 -1.175567E-02
2.773080E-02 -1.193173E-02 -4.030911E-02
2.949979E-02 -8.267315E-03 -3.393265E-02
3.115157E-02 -1.209235E-02 -1.035223E-02
3.062808E-02 -9.875264E-03 -3.524274E-02
3.271779E-02 -1.339962E-02 1.051784E-02
3.204658E-02 -9.598064E-03 3.422507E-02
3.268137E-02 -1.012057E-02 3.452932E-02
3.375636E-02 -1.399237E-02 1.044666E-02
3.332691E-02 -1.019398E-02 3.438020E-02
3.366250E-02 -1.031681E-02 3.438524E-02
3.196953E-02 -9.680691E-03 -3.420631E-02
3.263692E-02 -1.337563E-02 -1.050129E-02
3.260345E-02 -1.023152E-02 -3.452156E-02
3.325056E-02 -1.033974E-02 -3.438443E-02
3.367375E-02 -1.397277E-02 -1.043737E-02
3.358913E-02 -1.050816E-02 -3.440587E-02
3.426051E-02 -1.421831E-02 1.029280E-02
3.391317E-02 -1.031613E-02 3.433069E-02
3.402857E-02 -1.026191E-02 3.424750E-02
3.439793E-02 -1.424515E-02 1.013012E-02
3.407049E-02 -1.010042E-02 3.411663E-02
3.404353E-02 -9.848568E-03 3.395969E-02
3.384943E-02 -1.056640E-02 -3.437487E-02
3.417793E-02 -1.420711E-02 -1.030117E-02
3.398437E-02 -1.060485E-02 -3.434996E-02
3.405027E-02 -1.070607E-02 -3.439190E-02
3.432649E-02 -1.426507E-02 -1.018855E-02
3.404461E-02 -1.084344E-02 -3.442549E-02
3.429933E-02 -1.414489E-02 9.977033E-03
3.395965E-02 -9.529654E-03 3.377757E-02
3.383070E-02 -9.129303E-03 3.355920E-02
3.403789E-02 -1.394709E-02 9.827395E-03
3.366427E-02 -8.652455E-03 3.331173E-02
3.345978E-02 -8.070128E-03 3.301482E-02
3.398130E-02 -1.098450E-02 -3.448102E-02
3.423883E-02 -1.423241E-02 -1.011525E-02
3.386983E-02 -1.113296E-02 -3.454178E-02
3.371778E-02 -1.128112E-02 -3.461028E-02
3.398667E-02 -1.412819E-02 -1.007439E-02
3.353583E-02 -1.143397E-02 -3.469179E-02
3.365414E-02 -1.364349E-02 9.669532E-03
3.321967E-02 -7.329174E-03 3.264242E-02
3.295335E-02 -6.376132E-03 3.217396E-02
3.315314E-02 -1.319210E-02 9.490881E-03
3.265866E-02 -5.186916E-03 3.160110E-02
3.234944E-02 -3.773887E-03 3.093242E-02
3.332795E-02 -1.160969E-02 -3.479602E-02
3.361495E-02 -1.395823E-02 -1.006156E-02
3.309029E-02 -1.179731E-02 -3.491061E-02
3.282563E-02 -1.196794E-02 -3.501807E-02
3.313575E-02 -1.371040E-02 -1.006107E-02
3.253137E-02 -1.214093E-02 -3.510364E-02
3.255188E-02 -1.262424E-02 9.276911E-03
3.203990E-02 -2.355667E-03 3.027702E-02
3.172835E-02 -1.153914E-03 2.970387E-02
3.189675E-02 -1.209424E-02 9.055158E-03
3.139822E-02 -1.891968E-04 2.921044E-02
3.105789E-02 5.279232E-04 2.883026E-02
3.221000E-02 -1.227676E-02 -3.512596E-02
3.255421E-02 -1.338824E-02 -1.001334E-02
3.186889E-02 -1.232792E-02 -3.508667E-02
3.150331E-02 -1.231860E-02 -3.501472E-02
3.190672E-02 -1.303594E-02 -9.898411E-03
3.110672E-02 -1.226299E-02 -3.489135E-02
3.121816E-02 -1.168012E-02 8.870971E-03
3.070761E-02 9.120310E-04 2.860751E-02
3.031356E-02 1.097019E-03 2.844429E-02
3.048145E-02 -1.133458E-02 8.734589E-03
2.988702E-02 1.267188E-03 2.829472E-02
2.943590E-02 1.396860E-03 2.817833E-02
3.069421E-02 -1.207506E-02 -3.470135E-02
3.120062E-02 -1.268382E-02 -9.748095E-03
3.026319E-02 -1.178780E-02 -3.451487E-02
2.979751E-02 -1.146897E-02 -3.431533E-02
3.042825E-02 -1.231320E-02 -9.602351E-03
2.930423E-02 -1.109072E-02 -3.407719E-02
2.966653E-02 -1.098448E-02 8.629241E-03
2.895592E-02 1.481217E-03 2.808334E-02
2.844217E-02 1.559332E-03 2.799127E-02
2.876830E-02 -1.061318E-02 8.532277E-03
2.789745E-02 1.609626E-03 2.792651E-02
2.731454E-02 1.624970E-03 2.787356E-02
2.878408E-02 -1.064466E-02 -3.380779E-02
2.957052E-02 -1.190358E-02 -9.441627E-03
2.823196E-02 -1.014389E-02 -3.350836E-02
2.764029E-02 -9.559392E-03 -3.315670E-02
2.862612E-02 -1.144320E-02 -9.247637E-03
2.701189E-02 -8.882978E-03 -3.276295E-02
2.777411E-02 -1.020457E-02 8.438951E-03
2.668868E-02 1.645269E-03 2.782703E-02
2.600783E-02 1.669132E-03 2.780390E-02
2.664014E-02 -9.698886E-03 8.345203E-03
2.525280E-02 1.757024E-03 2.776830E-02
2.441790E-02 1.933730E-03 2.772859E-02
2.633049E-02 -8.101883E-03 -3.229916E-02
2.758377E-02 -1.090859E-02 -9.010458E-03
2.558951E-02 -7.108507E-03 -3.171623E-02
2.476498E-02 -5.808210E-03 -3.097551E-02
2.639354E-02 -1.021309E-02 -8.725764E-03
2.384896E-02 -4.075919E-03 -3.000533E-02
2.524780E-02 -8.986554E-03 8.180317E-03
2.342766E-02 2.285123E-03 2.757894E-02
2.227953E-02 2.847011E-03 2.722049E-02
2.347149E-02 -8.030411E-03 7.767025E-03
2.090703E-02 3.574921E-03 2.656382E-02
1.932695E-02 4.798725E-03 2.560550E-02
2.284959E-02 -1.740196E-03 -2.879514E-02
2.492785E-02 -9.193804E-03 -8.318856E-03
2.172588E-02 8.725367E-04 -2.754134E-02
2.043849E-02 3.113618E-03 -2.644235E-02
2.310840E-02 -7.942319E-03 -7.741819E-03
1.884196E-02 4.851647E-03 -2.540839E-02
2.116099E-02 -6.804007E-03 7.021303E-03
1.733412E-02 6.373307E-03 2.441224E-02
1.482907E-02 8.179693E-03 2.296092E-02
1.682323E-02 6.544377E-03 -2.416205E-02
2.073705E-02 -6.630188E-03 -6.941032E-03
1.427021E-02 8.401564E-03 -2.267128E-02
3.172489E-02 -1.204567E-02 3.640584E-02
1.099734E-02 5.388026E-02 1.190425E-01
-6.348441E-02 8.996606E-02 9.749160E-04
2.554430E-02 5.008731E-02 1.402519E-01
-1.105211E-01 1.097214E+01 4.124080E-02
-1.482387E+00 1.109956E+01 2.974031E-02
-4.160665E-02 1.097026E+01 4.199254E-02
2.351403E-02 -1.667412E-03 3.322631E-02
2.392205E-02 5.656407E-02 1.266979E-01
2.465536E-02 5.209062E-02 1.342806E-01
8.651079E-03 1.098025E+01 4.163061E-02
1.270426E-02 1.096497E+01 4.124676E-02
2.873753E-02 -7.878379E-03 3.352895E-02
2.899978E-02 5.261299E-02 1.302826E-01
2.837360E-02 5.348133E-02 1.307026E-01
2.853335E-02 1.096394E+01 4.109980E-02
2.599897E-02 1.095499E+01 4.067969E-02
2.951455E-02 -8.358262E-03 3.371624E-02
2.937200E-02 5.329789E-02 1.300280E-01
2.988933E-02 5.270480E-02 1.312424E-01
2.817527E-02 1.094019E+01 4.046427E-02
2.857663E-02 1.092082E+01 4.023765E-02
1.101692E-02 5.368614E-02 -1.186742E-01
-6.316047E-02 9.061592E-02 -8.496190E-05
2.553611E-02 4.971043E-02 -1.399121E-01
3.166407E-02 -1.203391E-02 -3.634078E-02
2.390283E-02 5.598138E-02 -1.264602E-01
2.462432E-02 5.126319E-02 -1.341472E-01
2.346442E-02 -1.685362E-03 -3.316316E-02
2.895480E-02 5.155032E-02 -1.302512E-01
2.832720E-02 5.218565E-02 -1.307645E-01
2.867125E-02 -7.906412E-03 -3.348063E-02
2.931870E-02 5.175279E-02 -1.301895E-01
2.983200E-02 5.093280E-02 -1.314915E-01
2.944290E-02 -8.408683E-03 -3.368225E-02
3.148313E-02 -9.517657E-03 3.458531E-02
3.099838E-02 5.295241E-02 1.309787E-01
3.156720E-02 5.333629E-02 1.307317E-01
3.073480E-02 1.090320E+01 3.999173E-02
3.116214E-02 1.088419E+01 3.961031E-02
3.230473E-02 -9.849183E-03 3.425481E-02
3.201709E-02 5.352338E-02 1.305690E-01
3.235391E-02 5.376125E-02 1.306456E-01
3.157066E-02 1.086252E+01 3.925367E-02
3.194901E-02 1.083924E+01 3.893623E-02
3.304652E-02 -1.013687E-02 3.448967E-02
3.272580E-02 5.422777E-02 1.304760E-01
3.303259E-02 5.476733E-02 1.302376E-01
3.254969E-02 1.081572E+01 3.854673E-02
3.280266E-02 1.079161E+01 3.809232E-02
3.350071E-02 -1.026437E-02 3.435738E-02
3.325354E-02 5.530943E-02 1.299974E-01
3.341392E-02 5.592493E-02 1.297812E-01
3.303399E-02 1.076643E+01 3.763125E-02
3.318168E-02 1.074052E+01 3.720714E-02
3.093862E-02 5.095869E-02 -1.313102E-01
3.150829E-02 5.110153E-02 -1.311507E-01
3.140692E-02 -9.588448E-03 -3.456097E-02
3.195801E-02 5.101314E-02 -1.310869E-01
3.229488E-02 5.095690E-02 -1.312659E-01
3.222700E-02 -9.945397E-03 -3.424162E-02
3.266953E-02 5.110437E-02 -1.312039E-01
3.298001E-02 5.127868E-02 -1.310874E-01
3.296905E-02 -1.026400E-02 -3.448750E-02
3.320471E-02 5.140133E-02 -1.309845E-01
3.336885E-02 5.154873E-02 -1.309173E-01
3.342537E-02 -1.043139E-02 -3.436904E-02
3.380250E-02 -1.031858E-02 3.437379E-02
3.355853E-02 5.662627E-02 1.295148E-01
3.367204E-02 5.740519E-02 1.292068E-01
3.339948E-02 1.071414E+01 3.676134E-02
3.351466E-02 1.068735E+01 3.616841E-02
3.398245E-02 -1.029817E-02 3.428755E-02
3.374445E-02 5.827061E-02 1.288610E-01
3.377661E-02 5.928455E-02 1.284614E-01
3.364094E-02 1.066002E+01 3.531187E-02
3.371043E-02 1.063219E+01 3.394725E-02
3.405204E-02 -1.019574E-02 3.419121E-02
3.375081E-02 6.068214E-02 1.278873E-01
3.377474E-02 6.268490E-02 1.271796E-01
3.316587E-02 1.060315E+01 2.721215E-02
3.373537E-02 1.057049E+01 2.479753E-02
3.406482E-02 -9.982287E-03 3.403922E-02
3.376168E-02 6.488063E-02 1.264686E-01
3.372498E-02 6.722613E-02 1.257087E-01
3.376061E-02 1.053727E+01 2.464280E-02
3.369324E-02 1.050356E+01 2.428820E-02
3.352023E-02 5.173074E-02 -1.308102E-01
3.364658E-02 5.191379E-02 -1.306817E-01
3.373230E-02 -1.053733E-02 -3.440450E-02
3.374108E-02 5.204466E-02 -1.305575E-01
3.381704E-02 5.209312E-02 -1.304783E-01
3.392633E-02 -1.058602E-02 -3.435315E-02
3.398161E-02 5.165921E-02 -1.306469E-01
3.397899E-02 5.028700E-02 -1.310392E-01
3.403474E-02 -1.064248E-02 -3.436968E-02
3.398757E-02 4.875466E-02 -1.313770E-01
3.398616E-02 4.716179E-02 -1.317334E-01
3.405591E-02 -1.077569E-02 -3.440518E-02
3.400745E-02 -9.699339E-03 3.387441E-02
3.367011E-02 6.978600E-02 1.248733E-01
3.360235E-02 7.262396E-02 1.239497E-01
3.364432E-02 1.046906E+01 2.333946E-02
3.359617E-02 1.043360E+01 2.237107E-02
3.390046E-02 -9.338968E-03 3.367158E-02
3.352974E-02 7.573559E-02 1.229535E-01
3.345497E-02 7.910207E-02 1.218963E-01
3.350338E-02 1.039722E+01 2.193699E-02
3.344178E-02 1.036005E+01 2.184981E-02
3.375245E-02 -8.901363E-03 3.343979E-02
3.335998E-02 8.273282E-02 1.207547E-01
3.325455E-02 8.665119E-02 1.195279E-01
3.335858E-02 1.032216E+01 2.188460E-02
3.322803E-02 1.028360E+01 2.198788E-02
3.356647E-02 -8.377441E-03 3.317096E-02
3.313108E-02 9.093476E-02 1.181790E-01
3.298775E-02 9.570881E-02 1.166642E-01
3.311896E-02 1.024421E+01 2.145731E-02
3.298763E-02 1.020368E+01 2.052049E-02
3.397424E-02 4.541542E-02 -1.321415E-01
3.394646E-02 4.345455E-02 -1.326056E-01
3.401917E-02 -1.091243E-02 -3.445252E-02
3.390126E-02 4.130700E-02 -1.331058E-01
3.384390E-02 3.902938E-02 -1.336307E-01
3.393086E-02 -1.105825E-02 -3.451022E-02
3.377311E-02 3.664293E-02 -1.341756E-01
3.369474E-02 3.416132E-02 -1.347369E-01
3.379795E-02 -1.120758E-02 -3.457544E-02
3.361555E-02 3.153481E-02 -1.353389E-01
3.353070E-02 2.867674E-02 -1.360002E-01
3.363041E-02 -1.135541E-02 -3.464834E-02
3.334388E-02 -7.723410E-03 3.284034E-02
3.282830E-02 1.010911E-01 1.149527E-01
3.265049E-02 1.072000E-01 1.130067E-01
3.287907E-02 1.016178E+01 1.940796E-02
3.268137E-02 1.011843E+01 1.810327E-02
3.308937E-02 -6.880714E-03 3.241974E-02
3.246762E-02 1.141331E-01 1.108082E-01
3.227494E-02 1.218852E-01 1.083652E-01
3.252483E-02 1.007338E+01 1.757219E-02
3.226753E-02 1.002697E+01 1.802187E-02
3.281062E-02 -5.813081E-03 3.190308E-02
3.207187E-02 1.304283E-01 1.056733E-01
3.184671E-02 1.398133E-01 1.026807E-01
3.200736E-02 9.979171E+00 1.943611E-02
3.155292E-02 9.929327E+00 2.002861E-02
3.250389E-02 -4.499031E-03 3.127199E-02
3.164446E-02 1.500752E-01 9.940132E-02
3.148059E-02 1.607853E-01 9.603717E-02
3.111356E-02 9.874993E+00 2.121674E-02
3.062789E-02 9.815728E+00 2.544316E-02
3.343663E-02 2.553901E-02 -1.367232E-01
3.334066E-02 2.210158E-02 -1.375025E-01
3.343489E-02 -1.151880E-02 -3.474133E-02
3.322058E-02 1.836356E-02 -1.383149E-01
3.308895E-02 1.444118E-02 -1.391067E-01
3.321290E-02 -1.170433E-02 -3.485373E-02
3.294519E-02 1.041354E-02 -1.398522E-01
3.282560E-02 6.234175E-03 -1.405832E-01
3.296012E-02 -1.188398E-02 -3.496515E-02
3.269655E-02 1.714276E-03 -1.413457E-01
3.253571E-02 -2.998055E-03 -1.420526E-01
3.268193E-02 -1.205487E-02 -3.506689E-02
3.219432E-02 -3.047502E-03 3.059699E-02
3.134938E-02 1.712639E-01 9.278614E-02
3.124088E-02 1.809373E-01 8.978414E-02
3.028174E-02 9.752185E+00 3.232666E-02
3.011617E-02 9.685844E+00 4.066001E-02
3.188553E-02 -1.722670E-03 2.997998E-02
3.113960E-02 1.894689E-01 8.709673E-02
3.102572E-02 1.968033E-01 8.470098E-02
3.009152E-02 9.618584E+00 4.937322E-02
2.998023E-02 9.551893E+00 5.699027E-02
3.156535E-02 -6.444462E-04 2.944696E-02
3.089742E-02 2.030944E-01 8.253333E-02
3.076496E-02 2.085159E-01 8.056267E-02
3.000594E-02 9.485283E+00 6.315556E-02
2.987138E-02 9.418308E+00 6.769109E-02
3.123069E-02 2.061200E-04 2.900289E-02
3.066441E-02 2.130421E-01 7.887423E-02
3.057884E-02 2.164612E-01 7.758319E-02
2.985203E-02 9.351006E+00 7.312145E-02
2.987015E-02 9.287399E+00 8.082223E-02
3.235491E-02 -7.615269E-03 -1.426506E-01
3.216044E-02 -1.188858E-02 -1.431172E-01
3.237368E-02 -1.221769E-02 -3.512359E-02
3.195686E-02 -1.564526E-02 -1.434455E-01
3.176039E-02 -1.884467E-02 -1.436617E-01
3.204121E-02 -1.231315E-02 -3.511213E-02
3.155084E-02 -2.163274E-02 -1.438231E-01
3.135438E-02 -2.414659E-02 -1.439695E-01
3.168913E-02 -1.232731E-02 -3.505392E-02
3.113145E-02 -2.639679E-02 -1.440881E-01
3.087555E-02 -2.803109E-02 -1.440586E-01
3.130750E-02 -1.230126E-02 -3.496338E-02
3.088881E-02 7.613606E-04 2.869990E-02
3.050053E-02 2.186380E-01 7.675753E-02
3.038067E-02 2.193776E-01 7.640750E-02
2.999039E-02 9.231145E+00 8.937179E-02
3.005927E-02 9.184101E+00 9.759839E-02
3.051160E-02 1.011821E-03 2.852607E-02
3.018294E-02 2.192778E-01 7.618510E-02
2.997020E-02 2.190555E-01 7.594985E-02
2.997525E-02 9.141353E+00 9.971945E-02
2.976573E-02 9.099444E+00 1.009708E-01
3.010228E-02 1.183741E-03 2.836628E-02
2.974746E-02 2.188142E-01 7.571287E-02
2.953063E-02 2.185122E-01 7.552264E-02
2.952136E-02 9.057698E+00 1.019242E-01
2.928551E-02 9.016552E+00 1.037110E-01
2.966486E-02 1.339143E-03 2.823282E-02
2.931293E-02 2.179746E-01 7.544770E-02
2.908475E-02 2.171636E-01 7.547168E-02
2.908205E-02 8.977404E+00 1.063037E-01
2.886041E-02 8.940625E+00 1.086222E-01
3.058879E-02 -2.874228E-02 -1.438119E-01
3.033762E-02 -2.836130E-02 -1.433614E-01
3.089906E-02 -1.218855E-02 -3.479954E-02
3.010437E-02 -2.738970E-02 -1.428574E-01
2.986027E-02 -2.625865E-02 -1.423452E-01
3.048400E-02 -1.193648E-02 -3.460645E-02
2.960584E-02 -2.503288E-02 -1.418052E-01
2.933135E-02 -2.365981E-02 -1.412086E-01
3.003494E-02 -1.163335E-02 -3.441920E-02
2.904618E-02 -2.197639E-02 -1.405168E-01
2.875653E-02 -1.993107E-02 -1.397324E-01
2.955402E-02 -1.128877E-02 -3.420095E-02
2.920021E-02 1.442195E-03 2.812905E-02
2.884452E-02 2.161351E-01 7.556523E-02
2.858762E-02 2.149559E-01 7.569789E-02
2.861525E-02 8.905730E+00 1.105071E-01
2.834663E-02 8.872038E+00 1.118120E-01
2.870123E-02 1.520301E-03 2.803654E-02
2.831232E-02 2.137246E-01 7.582619E-02
2.804281E-02 2.124967E-01 7.596648E-02
2.805370E-02 8.838690E+00 1.124116E-01
2.774430E-02 8.805402E+00 1.134167E-01
2.817533E-02 1.590657E-03 2.795523E-02
2.777546E-02 2.110693E-01 7.622373E-02
2.748959E-02 2.093528E-01 7.658174E-02
2.747690E-02 8.773678E+00 1.157987E-01
2.716267E-02 8.744133E+00 1.177356E-01
2.761170E-02 1.619013E-03 2.790001E-02
2.718446E-02 2.074383E-01 7.698504E-02
2.686394E-02 2.053671E-01 7.740458E-02
2.671725E-02 8.715842E+00 1.187654E-01
2.654782E-02 8.686509E+00 1.185752E-01
2.846217E-02 -1.755862E-02 -1.388683E-01
2.816578E-02 -1.491236E-02 -1.379386E-01
2.904749E-02 -1.087528E-02 -3.394557E-02
2.786421E-02 -1.206955E-02 -1.369594E-01
2.753578E-02 -9.049187E-03 -1.359090E-01
2.851372E-02 -1.040141E-02 -3.366347E-02
2.718939E-02 -5.646166E-03 -1.347260E-01
2.684117E-02 -1.751012E-03 -1.334067E-01
2.794068E-02 -9.864661E-03 -3.333893E-02
2.649572E-02 2.562737E-03 -1.319911E-01
2.613815E-02 7.120270E-03 -1.305449E-01
2.733310E-02 -9.231408E-03 -3.296508E-02
2.700451E-02 1.634226E-03 2.784655E-02
2.652362E-02 2.032550E-01 7.783444E-02
2.619689E-02 2.011147E-01 7.832034E-02
2.617198E-02 8.657280E+00 1.192828E-01
2.582000E-02 8.629691E+00 1.212895E-01
2.635621E-02 1.654314E-03 2.781612E-02
2.584203E-02 1.987224E-01 7.893087E-02
2.545920E-02 1.962031E-01 7.956948E-02
2.549670E-02 8.605473E+00 1.239596E-01
2.511113E-02 8.584858E+00 1.259403E-01
2.563976E-02 1.701849E-03 2.778851E-02
2.504556E-02 1.937246E-01 8.019109E-02
2.460584E-02 1.913878E-01 8.076689E-02
2.466421E-02 8.568000E+00 1.276514E-01
2.384479E-02 8.555278E+00 1.288456E-01
2.485282E-02 1.832240E-03 2.775010E-02
2.417524E-02 1.890262E-01 8.137092E-02
2.367656E-02 1.864751E-01 8.203664E-02
2.351461E-02 8.544315E+00 1.296923E-01
2.295519E-02 8.537539E+00 1.321116E-01
2.573838E-02 1.201469E-02 -1.289583E-01
2.528748E-02 1.747115E-02 -1.271538E-01
2.667879E-02 -8.511009E-03 -3.254288E-02
2.481672E-02 2.382590E-02 -1.250466E-01
2.431127E-02 3.120247E-02 -1.226191E-01
2.596910E-02 -7.638647E-03 -3.202447E-02
2.376503E-02 3.972392E-02 -1.198073E-01
2.320550E-02 4.957033E-02 -1.165615E-01
2.518462E-02 -6.501186E-03 -3.136837E-02
2.263585E-02 6.080255E-02 -1.128955E-01
2.198949E-02 7.411395E-02 -1.084591E-01
2.431704E-02 -5.011868E-03 -3.052796E-02
2.394650E-02 2.078997E-03 2.767889E-02
2.310036E-02 1.841338E-01 8.250034E-02
2.244852E-02 1.822814E-01 8.258700E-02
2.179270E-02 8.535574E+00 1.308372E-01
2.023883E-02 8.532511E+00 1.232066E-01
2.287688E-02 2.549719E-03 2.742444E-02
2.177269E-02 1.810144E-01 8.229439E-02
2.104384E-02 1.797948E-01 8.183040E-02
1.877316E-02 8.520150E+00 1.107576E-01
1.763195E-02 8.492189E+00 9.697255E-02
2.162458E-02 3.169413E-03 2.694135E-02
2.023105E-02 1.787059E-01 8.102149E-02
1.923625E-02 1.787169E-01 7.951855E-02
1.685965E-02 8.444644E+00 7.879956E-02
1.676106E-02 8.378679E+00 5.855208E-02
2.015520E-02 4.120997E-03 2.610936E-02
1.824370E-02 1.810238E-01 7.728256E-02
1.719482E-02 1.849146E-01 7.475510E-02
1.589413E-02 8.302763E+00 4.389301E-02
1.471350E-02 8.220288E+00 3.685475E-02
2.133018E-02 8.987150E-02 -1.032758E-01
2.072129E-02 1.073876E-01 -9.768710E-02
2.335997E-02 -2.975155E-03 -2.941687E-02
2.011594E-02 1.252592E-01 -9.210016E-02
1.955321E-02 1.422926E-01 -8.681163E-02
2.230392E-02 -4.313423E-04 -2.816460E-02
1.903580E-02 1.570010E-01 -8.235658E-02
1.843430E-02 1.681852E-01 -7.895454E-02
2.111550E-02 2.073410E-03 -2.696194E-02
1.760670E-02 1.762635E-01 -7.614752E-02
1.660891E-02 1.826763E-01 -7.340647E-02
1.968270E-02 4.011580E-03 -2.594421E-02
1.838941E-02 5.557956E-03 2.503844E-02
1.603109E-02 1.894362E-01 7.206870E-02
1.473069E-02 1.941501E-01 6.923830E-02
1.337212E-02 8.131066E+00 3.336170E-02
1.184713E-02 8.034360E+00 3.120701E-02
1.546195E-02 1.883637E-01 -7.058402E-02
1.415847E-02 1.936736E-01 -6.766498E-02
1.789487E-02 5.687313E-03 -2.480969E-02
1.803885E-02 -5.339888E-03 5.940641E-03
1.147830E-02 1.015200E-02 2.101132E-02
6.944215E-03 1.234345E-02 1.848867E-02
1.084261E-02 1.041162E-02 -2.069226E-02
1.754327E-02 -5.130055E-03 -5.827991E-03
6.206248E-03 1.263626E-02 -1.812798E-02
1.616027E-02 7.244091E-03 2.373405E-02
1.324766E-02 1.988547E-01 6.627827E-02
1.153876E-02 2.034080E-01 6.317345E-02
1.008725E-02 7.929220E+00 2.955447E-02
8.028744E-03 7.814485E+00 2.812378E-02
1.265752E-02 1.987143E-01 -6.464551E-02
1.091579E-02 2.034788E-01 -6.149636E-02
1.562891E-02 7.442533E-03 -2.346409E-02
1.328066E-02 9.150986E-03 2.203217E-02
9.545751E-03 2.076125E-01 5.992621E-02
7.176935E-03 2.111460E-01 5.660932E-02
5.499347E-03 7.688506E+00 2.655480E-02
2.841525E-03 7.548260E+00 2.501053E-02
8.889853E-03 2.078238E-01 -5.823545E-02
6.465311E-03 2.113916E-01 -5.494360E-02
1.268862E-02 9.394178E-03 -2.172511E-02
1.412037E-02 -3.178950E-03 5.564614E-03
4.355392E-04 1.504677E-02 1.464844E-02
-8.796681E-03 1.871793E-02 8.550041E-03
9.387999E-03 1.121475E-02 1.988011E-02
4.249961E-03 2.141285E-01 5.307509E-02
5.471853E-04 2.167559E-01 4.905591E-02
-8.088212E-04 7.393840E+00 2.337874E-02
-5.667933E-03 7.224763E+00 2.152300E-02
-4.341005E-04 1.539138E-02 -1.424695E-02
1.349171E-02 -2.855545E-03 -5.491618E-03
-9.834158E-03 1.913199E-02 -7.997415E-03
3.471283E-03 2.144026E-01 -5.142767E-02
-3.247788E-04 2.170577E-01 -4.741654E-02
8.704181E-03 1.148812E-02 -1.954601E-02
3.918530E-03 1.359680E-02 1.668093E-02
-4.237659E-03 2.191351E-01 4.408480E-02
-1.033272E-02 2.213815E-01 3.800819E-02
-1.289593E-02 7.039592E+00 1.916164E-02
-2.412788E-02 6.833437E+00 1.588675E-02
-5.215636E-03 2.194477E-01 -4.246833E-02
-1.142144E-02 2.215986E-01 -3.647536E-02
3.117327E-03 1.391664E-02 -1.629607E-02
1.079937E-02 3.312023E-03 7.889074E-03
-1.969541E-02 2.264415E-02 1.541932E-03
-1.575054E-02 3.171957E-02 1.398331E-02
-3.840993E-03 1.674159E-02 1.204234E-02
-1.774724E-02 2.219947E-01 3.060087E-02
-2.604428E-02 2.202235E-01 2.143270E-02
-3.940568E-02 6.587467E+00 1.210897E-02
-5.762475E-02 6.273040E+00 7.603477E-03
-2.065450E-02 2.310827E-02 -1.082475E-03
9.949978E-03 3.871282E-03 -7.778488E-03
-1.598160E-02 3.218317E-02 -1.413380E-02
-1.896301E-02 2.219721E-01 -2.911277E-02
-2.726980E-02 2.201788E-01 -1.989658E-02
-4.806060E-03 1.711788E-02 -1.158991E-02
-1.445540E-02 2.056923E-02 4.553905E-03
-3.436380E-02 2.163169E-01 1.170882E-02
-4.084843E-02 2.118039E-01 5.416423E-03
-7.013430E-02 5.861741E+00 3.881176E-03
-6.546215E-02 5.367378E+00 3.054268E-03
-3.546497E-02 2.166832E-01 -1.029790E-02
-4.164744E-02 2.126197E-01 -4.377124E-03
-1.550547E-02 2.100221E-02 -3.972779E-03
-1.119380E-02 6.154422E-02 4.001534E-02
1.180519E-02 7.158594E-02 6.328467E-02
-2.159950E-02 1.157625E-01 4.356306E-02
-2.080644E-02 2.667194E-02 4.424987E-03
-4.134259E-02 2.059691E-01 6.388570E-03
-3.178975E-02 1.901192E-01 1.475090E-02
-5.010411E-02 4.820507E+00 4.817952E-03
-3.497588E-02 4.201258E+00 7.177055E-03
1.196166E-02 7.169286E-02 -6.322078E-02
-1.153437E-02 6.206631E-02 -4.026435E-02
-2.204039E-02 1.161938E-01 -4.333953E-02
-4.161781E-02 2.067639E-01 -5.729941E-03
-3.155876E-02 1.905645E-01 -1.423870E-02
-2.145732E-02 2.722018E-02 -4.326642E-03
2.429850E-03 4.257183E-02 3.718027E-02
-6.400203E-03 1.623775E-01 3.722148E-02
4.188922E-02 1.513922E-01 9.537821E-02
-1.497386E-02 3.434798E+00 8.950351E-03
9.162515E-02 2.310773E+00 7.742941E-03
-5.926634E-03 1.628275E-01 -3.667594E-02
4.241558E-02 1.517670E-01 -9.511953E-02
2.637181E-03 4.288444E-02 -3.741346E-02
-2.590139E-02 8.975123E-02 1.561484E-02
1.057164E-02 7.867911E-02 4.330994E-03
4.505731E-02 2.657419E-02 -1.598528E-03
4.658666E-02 5.353029E-02 -6.685352E-04
1.901500E-02 2.376871E-01 1.467000E-03
-3.816354E-03 1.026636E-01 6.209463E-02
1.289179E-02 1.692543E-01 1.051361E-01
-7.110116E-04 1.694235E-01 3.336303E-02
5.272790E-03 7.266215E-01 3.822126E-03
8.786923E-03 8.019887E-02 -4.437613E-03
4.424405E-02 2.752162E-02 1.019951E-03
-2.658800E-02 9.046762E-02 -1.561517E-02
1.252734E-02 1.698353E-01 -1.045289E-01
-1.865087E-03 1.688784E-01 -3.283008E-02
-3.834980E-03 1.029172E-01 -6.196111E-02
</DataArray>
<DataArray type="Float64" Name="strain_E" NumberOfComponents="4" format="ascii">
-5.687386E-03 -5.858946E-02 0.000000E+00 -4.983722E-02
3.963655E-02 -8.001503E-02 -1.140295E-18 -1.880651E-02
3.665082E-02 -1.514291E-02 7.435185E-04 -1.993110E-02
-1.957909E-02 -5.278788E-03 -5.417256E-03 -3.980083E-02
4.311877E-02 -8.072073E-02 0.000000E+00 -1.649440E-02
4.222680E-02 -1.478235E-02 1.025006E-03 -1.810932E-02
3.619761E-02 -4.753950E-03 1.719478E-03 -2.104468E-02
-2.218607E-02 -9.119512E-04 -6.248749E-04 -2.694006E-02
4.207454E-02 -4.414430E-03 1.848501E-03 -1.977770E-02
4.217324E-02 -8.098964E-02 -9.269377E-19 -1.528768E-02
4.197595E-02 -1.462687E-02 9.625373E-04 -1.699050E-02
4.138830E-02 -8.107838E-02 0.000000E+00 -1.437791E-02
4.136445E-02 -1.460284E-02 9.082582E-04 -1.606488E-02
4.196020E-02 -4.274853E-03 1.826320E-03 -1.877913E-02
4.137401E-02 -4.237375E-03 1.790952E-03 -1.785933E-02
4.087865E-02 -8.105467E-02 3.029864E-35 -1.348638E-02
4.088545E-02 -1.459764E-02 8.954060E-04 -1.517209E-02
4.045691E-02 -8.098580E-02 0.000000E+00 -1.257339E-02
4.046790E-02 -1.458055E-02 9.024348E-04 -1.426998E-02
4.089663E-02 -4.231244E-03 1.782569E-03 -1.697582E-02
4.048422E-02 -4.221714E-03 1.797039E-03 -1.609655E-02
4.003641E-02 -8.089735E-02 1.069560E-34 -1.164009E-02
4.005050E-02 -1.454983E-02 9.169639E-04 -1.335141E-02
3.958552E-02 -8.079347E-02 0.000000E+00 -1.068849E-02
3.960436E-02 -1.450707E-02 9.342936E-04 -1.241520E-02
4.007670E-02 -4.197906E-03 1.825127E-03 -1.520607E-02
3.964251E-02 -4.157488E-03 1.860122E-03 -1.429801E-02
3.909104E-02 -8.067228E-02 -5.892967E-19 -9.719078E-03
3.911545E-02 -1.445303E-02 9.521118E-04 -1.146098E-02
3.854659E-02 -8.053170E-02 0.000000E+00 -8.732869E-03
3.857653E-02 -1.438833E-02 9.686084E-04 -1.048948E-02
3.916567E-02 -4.100449E-03 1.897086E-03 -1.336985E-02
3.863767E-02 -4.027863E-03 1.931955E-03 -1.242127E-02
3.794986E-02 -8.037091E-02 -1.057272E-35 -7.732224E-03
3.798472E-02 -1.431415E-02 9.822483E-04 -9.502860E-03
3.730192E-02 -8.019059E-02 0.000000E+00 -6.720752E-03
3.734068E-02 -1.423235E-02 9.918886E-04 -8.504615E-03
3.805468E-02 -3.941883E-03 1.961376E-03 -1.145387E-02
3.741667E-02 -3.845682E-03 1.982843E-03 -1.047086E-02
3.660671E-02 -7.999279E-02 2.015084E-36 -5.702895E-03
3.664812E-02 -1.414532E-02 9.968466E-04 -7.499145E-03
3.587048E-02 -7.978066E-02 0.000000E+00 -4.683466E-03
3.591316E-02 -1.405575E-02 9.968776E-04 -6.491308E-03
3.672697E-02 -3.743158E-03 1.994801E-03 -9.476748E-03
3.599169E-02 -3.638519E-03 1.996607E-03 -8.476772E-03
3.510118E-02 -7.955828E-02 -2.223561E-19 -3.667247E-03
3.514377E-02 -1.396632E-02 9.920935E-04 -5.486001E-03
3.430778E-02 -7.933030E-02 0.000000E+00 -2.658699E-03
3.434905E-02 -1.387954E-02 9.828582E-04 -4.487852E-03
3.521906E-02 -3.535838E-03 1.988393E-03 -7.476475E-03
3.441865E-02 -3.438695E-03 1.970854E-03 -6.481254E-03
3.349972E-02 -7.910171E-02 1.846204E-35 -1.661781E-03
3.353863E-02 -1.379756E-02 9.696864E-04 -3.501001E-03
3.268640E-02 -7.887753E-02 0.000000E+00 -6.798857E-04
3.272212E-02 -1.372210E-02 9.531608E-04 -2.528988E-03
3.360074E-02 -3.349933E-03 1.945046E-03 -5.496062E-03
3.277555E-02 -3.271541E-03 1.912203E-03 -4.525210E-03
3.187667E-02 -7.866247E-02 1.723038E-20 2.841751E-04
3.190860E-02 -1.365444E-02 9.338909E-04 -1.574702E-03
3.107854E-02 -7.846062E-02 0.000000E+00 1.228212E-03
3.110625E-02 -1.359545E-02 9.125792E-04 -6.403817E-04
3.195278E-02 -3.204656E-03 1.873633E-03 -3.572260E-03
3.114112E-02 -3.149673E-03 1.830745E-03 -2.639993E-03
3.029849E-02 -7.827478E-02 1.304140E-19 2.150876E-03
3.032191E-02 -1.354533E-02 8.901234E-04 2.723371E-04
2.954083E-02 -7.810661E-02 0.000000E+00 3.052161E-03
2.956123E-02 -1.350382E-02 8.676459E-04 1.162541E-03
3.034781E-02 -3.106285E-03 1.785117E-03 -1.730477E-03
2.957858E-02 -3.073491E-03 1.738633E-03 -8.451881E-04
2.880770E-02 -7.795859E-02 -4.368570E-35 3.932180E-03
2.882873E-02 -1.347204E-02 8.458232E-04 2.031294E-03
2.810114E-02 -7.783522E-02 0.000000E+00 4.786989E-03
2.812235E-02 -1.345464E-02 8.237753E-04 2.882469E-03
2.883775E-02 -3.048646E-03 1.692836E-03 1.414191E-05
2.812769E-02 -3.027957E-03 1.645992E-03 8.463859E-04
2.741989E-02 -7.772549E-02 0.000000E+00 5.617707E-03
2.744070E-02 -1.344110E-02 8.002952E-04 3.711606E-03
2.676135E-02 -7.762362E-02 0.000000E+00 6.424841E-03
2.678276E-02 -1.342743E-02 7.775655E-04 4.517454E-03
2.744658E-02 -3.007871E-03 1.597317E-03 1.652034E-03
2.679194E-02 -2.985167E-03 1.549860E-03 2.431281E-03
2.611906E-02 -7.752251E-02 -4.371444E-19 7.209681E-03
2.614293E-02 -1.341063E-02 7.570902E-04 5.300966E-03
2.548324E-02 -7.741259E-02 0.000000E+00 7.974569E-03
2.551224E-02 -1.338643E-02 7.398230E-04 6.063953E-03
2.615900E-02 -2.955729E-03 1.505858E-03 3.184403E-03
2.554039E-02 -2.913845E-03 1.466742E-03 3.911907E-03
2.483990E-02 -7.728178E-02 4.462648E-35 8.722768E-03
2.487791E-02 -1.334871E-02 7.266848E-04 6.808769E-03
2.416891E-02 -7.711467E-02 0.000000E+00 9.458461E-03
2.422204E-02 -1.328835E-02 7.185705E-04 7.538157E-03
2.492607E-02 -2.851055E-03 1.433481E-03 4.614042E-03
2.430303E-02 -2.753996E-03 1.406379E-03 5.289905E-03
2.344108E-02 -7.689089E-02 -3.599252E-36 1.018626E-02
2.351921E-02 -1.319084E-02 7.155519E-04 8.254658E-03
2.261452E-02 -7.658222E-02 0.000000E+00 1.090951E-02
2.273420E-02 -1.303198E-02 7.145354E-04 8.958106E-03
2.365475E-02 -2.600650E-03 1.383416E-03 5.935977E-03
2.296116E-02 -2.354262E-03 1.356009E-03 6.543515E-03
2.163345E-02 -7.615171E-02 -4.107056E-36 1.162339E-02
2.182133E-02 -1.277286E-02 7.039011E-04 9.640766E-03
2.043294E-02 -7.555095E-02 0.000000E+00 1.230035E-02
2.072887E-02 -1.234898E-02 6.509128E-04 1.027208E-02
2.220106E-02 -1.954290E-03 1.299552E-03 7.093424E-03
2.135786E-02 -1.304475E-03 1.153541E-03 7.547652E-03
1.896518E-02 -7.473103E-02 0.000000E+00 1.285685E-02
1.942114E-02 -1.166854E-02 4.821222E-04 1.077159E-02
1.726146E-02 -7.367194E-02 0.000000E+00 1.309650E-02
1.792535E-02 -1.062728E-02 6.041578E-05 1.096103E-02
2.043220E-02 -2.644239E-04 7.891301E-04 7.834875E-03
1.945780E-02 1.339273E-03 -2.802396E-05 7.829818E-03
1.551328E-02 -7.242196E-02 -7.665245E-19 1.264204E-02
1.639599E-02 -9.167716E-03 -8.029926E-04 1.050636E-02
1.397733E-02 -7.097556E-02 0.000000E+00 1.092840E-02
1.498041E-02 -7.418992E-03 -2.144192E-03 8.965812E-03
1.846712E-02 3.624827E-03 -1.607059E-03 7.341009E-03
1.696951E-02 6.198542E-03 -3.699196E-03 6.366129E-03
1.180611E-02 -6.806619E-02 4.649403E-19 7.668110E-03
1.234460E-02 -6.217665E-03 -2.374893E-03 6.747952E-03
2.082714E-03 -5.528213E-02 0.000000E+00 7.210027E-03
4.806541E-04 -7.975280E-03 8.181648E-03 1.044914E-02
9.846989E-03 5.490394E-03 -1.665727E-04 8.470831E-03
-8.846778E-03 -4.298763E-03 1.976151E-02 2.103954E-02
-6.780127E-03 -4.258929E-02 -1.236530E-18 2.039368E-02
-9.131277E-03 -1.094391E-02 8.460544E-03 2.275711E-02
4.124948E-03 -6.343501E-02 0.000000E+00 2.122851E-02
2.569761E-04 -1.877869E-02 -2.416074E-03 2.236741E-02
-1.061622E-02 -9.397296E-03 1.226623E-02 3.003876E-02
-5.067618E-03 -1.252237E-02 -6.079590E-03 2.750197E-02
5.879111E-03 -6.820921E-02 -1.396012E-18 2.302398E-02
6.897292E-03 -2.079599E-02 3.061697E-03 2.182449E-02
6.427919E-03 -6.812710E-02 0.000000E+00 2.634475E-02
7.847173E-03 -1.821281E-02 2.561639E-03 2.428744E-02
8.205814E-03 -1.576827E-02 2.180965E-03 2.157827E-02
1.143602E-02 -1.288294E-02 4.219087E-03 2.029559E-02
8.288153E-03 -6.872167E-02 1.700221E-18 2.804119E-02
9.246079E-03 -1.583487E-02 5.486208E-04 2.585645E-02
1.088831E-02 -7.015279E-02 0.000000E+00 2.792458E-02
1.151765E-02 -1.443166E-02 -6.523174E-04 2.588465E-02
1.210991E-02 -8.920612E-03 1.255301E-03 2.121609E-02
1.328692E-02 -6.077979E-03 -9.919967E-04 2.161291E-02
1.329104E-02 -7.140614E-02 -1.647819E-18 2.717694E-02
1.406823E-02 -1.365809E-02 -8.418441E-04 2.526922E-02
1.682149E-02 -7.270941E-02 0.000000E+00 2.670435E-02
1.809198E-02 -1.330012E-02 -1.081244E-03 2.489681E-02
1.522952E-02 -4.431460E-03 -1.545170E-03 2.139136E-02
1.912667E-02 -3.693235E-03 -1.740327E-03 2.120851E-02
3.129797E-02 -7.624048E-02 0.000000E+00 2.692407E-02
3.176470E-02 -1.442491E-02 -2.177612E-03 2.619034E-02
1.253248E-01 -1.378316E-01 0.000000E+00 5.778691E-02
9.439355E-02 -1.763268E-02 -1.389035E-02 4.478114E-02
3.334262E-02 -3.661621E-03 -3.044346E-03 2.171098E-02
9.131538E-02 -2.670239E-04 -1.149868E-02 2.625394E-02
3.621458E-02 -3.541227E-03 2.818865E-03 -2.116679E-02
-2.252049E-02 -2.654469E-03 2.571894E-03 -2.288465E-02
4.204837E-02 -3.549196E-03 2.727953E-03 -2.026663E-02
3.622786E-02 -4.072334E-03 3.776135E-03 -2.113291E-02
-2.254336E-02 -3.930129E-03 3.943321E-03 -2.205528E-02
4.202873E-02 -4.185243E-03 3.631491E-03 -2.032231E-02
4.193242E-02 -3.498085E-03 2.674829E-03 -1.934454E-02
4.136533E-02 -3.480161E-03 2.647588E-03 -1.845760E-02
4.190574E-02 -4.225622E-03 3.530060E-03 -1.947906E-02
4.134754E-02 -4.239738E-03 3.483146E-03 -1.863919E-02
4.090169E-02 -3.474079E-03 2.645351E-03 -1.759483E-02
4.050306E-02 -3.461760E-03 2.668557E-03 -1.673799E-02
4.090096E-02 -4.244317E-03 3.479345E-03 -1.781274E-02
4.052242E-02 -4.234412E-03 3.510480E-03 -1.698910E-02
4.011228E-02 -3.432607E-03 2.711157E-03 -1.587240E-02
3.969703E-02 -3.381659E-03 2.765581E-03 -1.498900E-02
4.015491E-02 -4.202783E-03 3.568762E-03 -1.615623E-02
3.976550E-02 -4.144088E-03 3.645182E-03 -1.530426E-02
3.923952E-02 -3.307367E-03 2.824601E-03 -1.408290E-02
3.872937E-02 -3.210481E-03 2.881711E-03 -1.315218E-02
3.933459E-02 -4.055654E-03 3.730349E-03 -1.442626E-02
3.884956E-02 -3.937505E-03 3.815189E-03 -1.351825E-02
3.816114E-02 -3.093676E-03 2.931367E-03 -1.219736E-02
3.753360E-02 -2.961272E-03 2.969270E-03 -1.122115E-02
3.830276E-02 -3.792262E-03 3.891537E-03 -1.257923E-02
3.769111E-02 -3.624895E-03 3.952697E-03 -1.161100E-02
3.684935E-02 -2.818786E-03 2.992571E-03 -1.022807E-02
3.611437E-02 -2.672314E-03 2.999891E-03 -9.223892E-03
3.701604E-02 -3.442199E-03 3.993888E-03 -1.061795E-02
3.628307E-02 -3.252042E-03 4.012438E-03 -9.606449E-03
3.533724E-02 -2.527875E-03 2.991153E-03 -8.215051E-03
3.452834E-02 -2.390838E-03 2.967303E-03 -7.208061E-03
3.550115E-02 -3.062484E-03 4.007695E-03 -8.584103E-03
3.468158E-02 -2.880964E-03 3.980686E-03 -7.558949E-03
3.369892E-02 -2.265528E-03 2.929967E-03 -6.209032E-03
3.286030E-02 -2.155006E-03 2.881143E-03 -5.223345E-03
3.383695E-02 -2.713670E-03 3.933635E-03 -6.538718E-03
3.298014E-02 -2.565143E-03 3.869449E-03 -5.530332E-03
3.202323E-02 -2.061015E-03 2.822984E-03 -4.255488E-03
3.119737E-02 -1.983991E-03 2.757691E-03 -3.309055E-03
3.212349E-02 -2.438065E-03 3.791285E-03 -4.539646E-03
3.127830E-02 -2.333183E-03 3.702230E-03 -3.571470E-03
3.039100E-02 -1.923026E-03 2.687471E-03 -2.386933E-03
2.961111E-02 -1.875748E-03 2.614369E-03 -1.491691E-03
3.045454E-02 -2.249279E-03 3.605075E-03 -2.629804E-03
2.966068E-02 -2.183345E-03 3.502168E-03 -1.718076E-03
2.886329E-02 -1.838644E-03 2.539742E-03 -6.257657E-04
2.815004E-02 -1.807670E-03 2.463728E-03 2.094319E-04
2.890315E-02 -2.131068E-03 3.395407E-03 -8.391515E-04
2.818537E-02 -2.086994E-03 3.286114E-03 4.875239E-06
2.747032E-02 -1.777861E-03 2.386577E-03 1.013805E-03
2.682175E-02 -1.743435E-03 2.310346E-03 1.787223E-03
2.750767E-02 -2.044303E-03 3.175300E-03 8.126861E-04
2.686865E-02 -1.994731E-03 3.064255E-03 1.582948E-03
2.620088E-02 -1.697759E-03 2.237192E-03 2.528667E-03
2.560281E-02 -1.632073E-03 2.168052E-03 3.236261E-03
2.626642E-02 -1.928496E-03 2.953868E-03 2.313073E-03
2.569942E-02 -1.833130E-03 2.843169E-03 2.998295E-03
2.502192E-02 -1.533650E-03 2.102422E-03 3.906387E-03
2.445279E-02 -1.382948E-03 2.037608E-03 4.532104E-03
2.516782E-02 -1.691226E-03 2.728243E-03 3.630355E-03
2.467568E-02 -1.477294E-03 2.600847E-03 4.195459E-03
2.389170E-02 -1.149160E-03 1.966360E-03 5.100912E-03
2.333933E-02 -7.835206E-04 1.871275E-03 5.591682E-03
2.423401E-02 -1.153443E-03 2.445478E-03 4.671729E-03
2.386520E-02 -6.639867E-04 2.233367E-03 5.026436E-03
2.280550E-02 -2.103683E-04 1.713510E-03 5.970756E-03
2.231624E-02 6.827163E-04 1.412663E-03 6.187877E-03
2.360904E-02 7.064291E-05 1.911981E-03 5.214076E-03
2.352731E-02 1.158596E-03 1.387038E-03 5.177563E-03
2.191677E-02 2.053282E-03 8.131758E-04 6.177336E-03
2.165019E-02 4.084100E-03 -3.474337E-04 5.867939E-03
2.370127E-02 2.729554E-03 5.040792E-04 4.858185E-03
2.411213E-02 4.876596E-03 -9.199782E-04 4.280740E-03
2.131954E-02 6.819603E-03 -2.295440E-03 5.307714E-03
1.817447E-02 8.477221E-03 -2.850788E-03 6.223419E-03
2.347858E-02 6.817673E-03 -2.084535E-03 4.253977E-03
9.716446E-03 2.118247E-04 1.060154E-02 1.482375E-02
-1.514738E-03 -9.006426E-04 1.583417E-02 2.080128E-02
-1.679791E-02 -1.065756E-02 3.026637E-02 3.484077E-02
-1.316602E-02 -1.402651E-02 3.449217E-02 3.631667E-02
-1.959827E-02 -1.667344E-02 4.017250E-02 4.440744E-02
-1.020023E-02 -1.150722E-02 7.572967E-03 3.692667E-02
-7.135784E-03 -1.063067E-02 -1.052601E-02 3.286277E-02
-7.735448E-03 -1.234930E-02 -3.350632E-03 4.005555E-02
-5.304683E-03 -8.237413E-03 -1.634089E-02 3.481654E-02
6.428156E-03 -1.285408E-02 -5.806530E-03 2.522239E-02
1.532909E-02 -1.272354E-02 3.600142E-03 1.842635E-02
2.964742E-03 -7.454797E-03 -1.614991E-02 2.880838E-02
1.686762E-02 -1.032270E-02 -1.136283E-03 1.922485E-02
1.584939E-02 -8.998541E-03 1.991164E-03 1.794977E-02
1.580763E-02 -5.782712E-03 -7.330614E-04 1.865704E-02
1.908628E-02 -8.854131E-03 2.155800E-03 1.607933E-02
1.838035E-02 -6.268034E-03 -4.092682E-05 1.648898E-02
1.672586E-02 -3.740997E-03 -1.778778E-03 1.904354E-02
2.002327E-02 -2.660828E-03 -1.974988E-03 1.917208E-02
1.831520E-02 -4.256945E-03 -1.456908E-03 1.718890E-02
2.086146E-02 -2.977786E-03 -1.774810E-03 1.757440E-02
3.364994E-02 -1.918580E-03 -2.796741E-03 1.925197E-02
9.004622E-02 -3.213862E-04 -8.092331E-03 1.994665E-02
3.389558E-02 -2.116291E-03 -2.300303E-03 1.777839E-02
8.998800E-02 -1.415687E-03 -6.491978E-03 1.802680E-02
3.614449E-02 -4.891877E-03 4.615737E-03 -2.099920E-02
-2.260440E-02 -4.799872E-03 4.808039E-03 -2.179847E-02
4.195493E-02 -5.030652E-03 4.462431E-03 -2.022629E-02
3.600043E-02 -5.705662E-03 5.381343E-03 -2.078706E-02
-2.271175E-02 -5.556715E-03 5.575604E-03 -2.153461E-02
4.183619E-02 -5.862949E-03 5.219450E-03 -2.006161E-02
4.185830E-02 -5.123421E-03 4.349102E-03 -1.944983E-02
4.131903E-02 -5.174330E-03 4.285940E-03 -1.866854E-02
4.177511E-02 -5.986101E-03 5.103211E-03 -1.934567E-02
4.126821E-02 -6.070011E-03 5.036622E-03 -1.862881E-02
4.089227E-02 -5.197978E-03 4.276748E-03 -1.789016E-02
4.053788E-02 -5.198022E-03 4.314394E-03 -1.711072E-02
4.086897E-02 -6.118583E-03 5.026120E-03 -1.790918E-02
4.054310E-02 -6.135943E-03 5.070954E-03 -1.718409E-02
4.019879E-02 -5.170812E-03 4.389208E-03 -1.632034E-02
3.984118E-02 -5.111599E-03 4.490504E-03 -1.550869E-02
4.023639E-02 -6.121234E-03 5.163485E-03 -1.644567E-02
3.991518E-02 -6.070671E-03 5.292665E-03 -1.568341E-02
3.944362E-02 -5.016985E-03 4.606769E-03 -1.466698E-02
3.899099E-02 -4.885982E-03 4.726225E-03 -1.378898E-02
3.955666E-02 -5.980325E-03 5.445406E-03 -1.488681E-02
3.914331E-02 -5.847875E-03 5.607307E-03 -1.404715E-02
3.847289E-02 -4.720488E-03 4.837613E-03 -1.287160E-02
3.788378E-02 -4.525361E-03 4.931091E-03 -1.191526E-02
3.866171E-02 -5.673705E-03 5.763622E-03 -1.315879E-02
3.810314E-02 -5.461517E-03 5.900551E-03 -1.222013E-02
3.722318E-02 -4.308043E-03 4.999075E-03 -1.092388E-02
3.649570E-02 -4.077793E-03 5.036804E-03 -9.904323E-03
3.746442E-02 -5.218394E-03 6.006645E-03 -1.123404E-02
3.674830E-02 -4.954292E-03 6.073973E-03 -1.020756E-02
3.571029E-02 -3.844660E-03 5.042460E-03 -8.865559E-03
3.487917E-02 -3.618382E-03 5.016861E-03 -7.817521E-03
3.596307E-02 -4.680996E-03 6.098693E-03 -9.150949E-03
3.512153E-02 -4.410762E-03 6.080896E-03 -8.076304E-03
3.401654E-02 -3.407442E-03 4.962799E-03 -6.770070E-03
3.313728E-02 -3.218356E-03 4.884240E-03 -5.732214E-03
3.423953E-02 -4.154919E-03 6.023791E-03 -6.996100E-03
3.333435E-02 -3.922692E-03 5.932523E-03 -5.922035E-03
3.225595E-02 -3.055236E-03 4.785552E-03 -4.711696E-03
3.138614E-02 -2.919587E-03 4.670904E-03 -3.714951E-03
3.242343E-02 -3.720374E-03 5.812952E-03 -4.864329E-03
3.152340E-02 -3.550900E-03 5.670677E-03 -3.831532E-03
3.054004E-02 -2.810316E-03 4.543913E-03 -2.747296E-03
2.972797E-02 -2.723975E-03 4.407598E-03 -1.813149E-03
3.064936E-02 -3.413763E-03 5.510503E-03 -2.830666E-03
2.981426E-02 -3.305187E-03 5.336364E-03 -1.867546E-03
2.895781E-02 -2.655112E-03 4.264497E-03 -9.162027E-04
2.823447E-02 -2.596453E-03 4.116636E-03 -5.953563E-05
2.902831E-02 -3.218422E-03 5.151477E-03 -9.471099E-04
2.829852E-02 -3.144097E-03 4.958362E-03 -7.370198E-05
2.755999E-02 -2.538941E-03 3.965405E-03 7.541855E-04
2.693460E-02 -2.471674E-03 3.811326E-03 1.522016E-03
2.762890E-02 -3.070555E-03 4.758475E-03 7.485773E-04
2.702177E-02 -2.983995E-03 4.551313E-03 1.515091E-03
2.635862E-02 -2.381604E-03 3.653209E-03 2.239382E-03
2.583449E-02 -2.252380E-03 3.486661E-03 2.898471E-03
2.648021E-02 -2.868143E-03 4.332983E-03 2.219174E-03
2.601102E-02 -2.703108E-03 4.094460E-03 2.850124E-03
2.536903E-02 -2.062144E-03 3.302490E-03 3.486386E-03
2.497648E-02 -1.780559E-03 3.084845E-03 3.983005E-03
2.562790E-02 -2.463387E-03 3.819852E-03 3.391084E-03
2.535455E-02 -2.115700E-03 3.484781E-03 3.817136E-03
2.468217E-02 -1.365630E-03 2.808225E-03 4.358713E-03
2.452700E-02 -7.605357E-04 2.432248E-03 4.573114E-03
2.522732E-02 -1.617368E-03 3.054285E-03 4.094479E-03
2.529714E-02 -9.181461E-04 2.480906E-03 4.181045E-03
2.457082E-02 1.067995E-04 1.894166E-03 4.575660E-03
2.488789E-02 1.318250E-03 1.105564E-03 4.316026E-03
2.562490E-02 3.526867E-05 1.703999E-03 4.035759E-03
2.625594E-02 1.267162E-03 6.630991E-04 3.638172E-03
2.549925E-02 2.916789E-03 -2.369071E-05 3.793535E-03
2.588895E-02 4.495850E-03 -1.164817E-03 3.373620E-03
2.702092E-02 2.611824E-03 -5.638594E-04 3.126737E-03
2.480140E-02 1.657645E-03 6.046509E-04 4.643869E-03
1.937573E-02 1.178218E-03 4.191308E-03 8.292270E-03
-8.555756E-03 -1.752831E-02 3.725872E-02 3.324032E-02
-2.168621E-03 -1.716097E-02 3.161860E-02 2.758575E-02
-1.604553E-02 -2.908219E-02 4.754344E-02 4.312613E-02
-1.595579E-02 -2.335037E-02 4.329165E-02 4.345304E-02
-1.635523E-02 -2.217810E-02 4.843915E-02 4.931073E-02
-1.703522E-02 -3.128313E-02 4.669140E-02 4.753476E-02
2.214508E-04 -2.284250E-02 3.717146E-02 4.375021E-02
-1.845252E-03 -1.078443E-02 -1.267608E-02 3.705843E-02
-1.674576E-03 -4.226278E-03 -2.150633E-02 3.359947E-02
7.224744E-03 -8.455026E-03 -1.092541E-02 2.864425E-02
2.682872E-03 -8.685771E-04 -2.198511E-02 3.035447E-02
1.511514E-03 -2.145956E-03 -2.288174E-02 3.005411E-02
1.405912E-02 -5.463280E-03 -1.037442E-02 2.231200E-02
1.749273E-03 1.917100E-03 -2.581453E-02 2.988460E-02
8.976451E-03 -8.478922E-05 -1.966730E-02 2.555426E-02
2.068468E-02 -7.298779E-03 7.739577E-04 1.585871E-02
2.041674E-02 -6.073442E-03 5.537947E-04 1.510875E-02
1.996059E-02 -4.365068E-03 -3.157833E-03 1.744512E-02
2.145175E-02 -4.929894E-03 4.000397E-04 1.471345E-02
1.983868E-02 -4.519776E-03 -8.531268E-04 1.567151E-02
2.176828E-02 -3.319334E-03 -1.363223E-03 1.617380E-02
2.100295E-02 -4.174522E-03 -3.570166E-04 1.464482E-02
2.262375E-02 -3.293934E-03 -9.439916E-04 1.499435E-02
3.440577E-02 -2.483528E-03 -1.816268E-03 1.649599E-02
9.050349E-02 -1.870864E-03 -5.385241E-03 1.677976E-02
3.505268E-02 -2.563879E-03 -1.409360E-03 1.526074E-02
9.128879E-02 -1.913150E-03 -4.354888E-03 1.545648E-02
3.582396E-02 -6.459909E-03 6.087285E-03 -2.052130E-02
-2.284639E-02 -6.267245E-03 6.298007E-03 -2.120992E-02
4.168650E-02 -6.637704E-03 5.911072E-03 -1.985382E-02
3.562505E-02 -7.145188E-03 6.731911E-03 -2.021697E-02
-2.299941E-02 -6.924613E-03 6.963259E-03 -2.083912E-02
4.151371E-02 -7.343049E-03 6.539096E-03 -1.961346E-02
4.166045E-02 -6.783854E-03 5.789235E-03 -1.919936E-02
4.118955E-02 -6.894921E-03 5.722911E-03 -1.854855E-02
4.152082E-02 -7.509311E-03 6.408418E-03 -1.902340E-02
4.108435E-02 -7.643306E-03 6.340857E-03 -1.843968E-02
4.082382E-02 -6.970195E-03 5.716065E-03 -1.789468E-02
4.053062E-02 -7.010908E-03 5.770705E-03 -1.723249E-02
4.075291E-02 -7.744258E-03 6.339158E-03 -1.785465E-02
4.049375E-02 -7.811840E-03 6.405847E-03 -1.726082E-02
4.025905E-02 -7.016804E-03 5.882829E-03 -1.655446E-02
3.997707E-02 -6.984931E-03 6.042932E-03 -1.584999E-02
4.025791E-02 -7.845323E-03 6.539608E-03 -1.664953E-02
4.001555E-02 -7.842096E-03 6.733412E-03 -1.600969E-02
3.966163E-02 -6.910946E-03 6.237483E-03 -1.510713E-02
3.929344E-02 -6.790883E-03 6.449952E-03 -1.431464E-02
3.974472E-02 -7.797428E-03 6.974504E-03 -1.532814E-02
3.942567E-02 -7.705461E-03 7.245092E-03 -1.459145E-02
3.885619E-02 -6.622711E-03 6.661991E-03 -1.346396E-02
3.833755E-02 -6.407626E-03 6.855143E-03 -1.255076E-02
3.903998E-02 -7.560839E-03 7.523558E-03 -1.378802E-02
3.857166E-02 -7.360676E-03 7.786490E-03 -1.291017E-02
3.773058E-02 -6.150899E-03 7.012957E-03 -1.157602E-02
3.703486E-02 -5.862013E-03 7.123004E-03 -1.054620E-02
3.800899E-02 -7.106502E-03 8.011484E-03 -1.195588E-02
3.734659E-02 -6.805552E-03 8.180165E-03 -1.092965E-02
3.625676E-02 -5.553912E-03 7.178199E-03 -9.472386E-03
3.540878E-02 -5.241472E-03 7.177038E-03 -8.368820E-03
3.658687E-02 -6.470804E-03 8.280575E-03 -9.842355E-03
3.574034E-02 -6.119545E-03 8.308202E-03 -8.709781E-03
3.450809E-02 -4.939547E-03 7.122737E-03 -7.250970E-03
3.357467E-02 -4.661077E-03 7.021640E-03 -6.133861E-03
3.482461E-02 -5.770827E-03 8.265380E-03 -7.550510E-03
3.386233E-02 -5.442577E-03 8.159377E-03 -6.383556E-03
3.262952E-02 -4.415618E-03 6.881408E-03 -5.030930E-03
3.169323E-02 -4.208471E-03 6.709518E-03 -3.953530E-03
3.287877E-02 -5.149093E-03 7.999896E-03 -5.226510E-03
3.189969E-02 -4.899365E-03 7.796785E-03 -4.094531E-03
3.078488E-02 -4.040333E-03 6.512370E-03 -2.911017E-03
2.992116E-02 -3.907346E-03 6.295076E-03 -1.911158E-03
3.094957E-02 -4.696249E-03 7.558546E-03 -3.000212E-03
3.005041E-02 -4.536304E-03 7.291853E-03 -1.954024E-03
2.911565E-02 -3.801428E-03 6.061653E-03 -9.606000E-04
2.837820E-02 -3.710869E-03 5.815118E-03 -6.524379E-05
2.922046E-02 -4.410204E-03 7.001812E-03 -9.648930E-04
2.847333E-02 -4.303676E-03 6.692186E-03 -4.059730E-05
2.771517E-02 -3.621081E-03 5.556879E-03 7.693314E-04
2.713111E-02 -3.515164E-03 5.285176E-03 1.536962E-03
2.781808E-02 -4.198887E-03 6.364547E-03 8.118291E-04
2.726135E-02 -4.075709E-03 6.015905E-03 1.585099E-03
2.663194E-02 -3.373815E-03 4.992916E-03 2.229192E-03
2.622885E-02 -3.174315E-03 4.665625E-03 2.832992E-03
2.681152E-02 -3.912135E-03 5.635675E-03 2.269631E-03
2.648364E-02 -3.683478E-03 5.203489E-03 2.850971E-03
2.594185E-02 -2.888900E-03 4.280122E-03 3.328687E-03
2.580190E-02 -2.483562E-03 3.803838E-03 3.689032E-03
2.630287E-02 -3.361136E-03 4.688669E-03 3.307816E-03
2.630591E-02 -2.912078E-03 4.051702E-03 3.612127E-03
2.585226E-02 -1.919288E-03 3.195459E-03 3.879863E-03
2.614530E-02 -1.155208E-03 2.403870E-03 3.865979E-03
2.653701E-02 -2.300897E-03 3.245961E-03 3.732171E-03
2.703958E-02 -1.504249E-03 2.231962E-03 3.639283E-03
2.673642E-02 -1.691649E-04 1.377151E-03 3.617223E-03
2.755667E-02 9.871823E-04 1.348765E-04 3.190751E-03
2.775425E-02 -5.542200E-04 1.030265E-03 3.374451E-03
2.781669E-02 -1.713749E-04 3.404440E-04 3.397857E-03
2.699330E-02 1.055233E-03 -6.918098E-05 3.496850E-03
6.923696E-03 -1.349021E-02 2.152528E-02 2.021747E-02
1.618929E-02 -8.939288E-03 1.123547E-02 1.278228E-02
-1.640030E-02 -3.386484E-02 5.050978E-02 4.310718E-02
-1.680652E-02 -3.241652E-02 4.989628E-02 4.368123E-02
-1.881695E-02 -3.568346E-02 5.105225E-02 4.785630E-02
-2.052741E-02 -3.869429E-02 5.454523E-02 4.880833E-02
-2.032220E-02 -4.018961E-02 5.331808E-02 5.058449E-02
-1.684495E-02 -3.559782E-02 4.886815E-02 4.900677E-02
2.138909E-02 -1.417277E-02 5.291030E-03 2.496588E-02
8.578589E-03 -2.269886E-02 2.559275E-02 3.400468E-02
2.368470E-02 -1.038926E-02 -1.819477E-03 1.542001E-02
1.674070E-02 -7.927192E-03 -8.171381E-03 2.077187E-02
8.561090E-03 -8.278480E-04 -1.894850E-02 2.524154E-02
2.161493E-02 -7.756238E-03 -5.933764E-03 1.508052E-02
1.519986E-02 -2.990427E-03 -1.359365E-02 1.881230E-02
3.307221E-03 3.860866E-03 -2.606711E-02 2.836271E-02
5.118510E-03 4.068331E-03 -2.537137E-02 2.740087E-02
7.187942E-03 2.948270E-03 -2.309243E-02 2.440034E-02
4.171040E-03 5.938780E-03 -2.709942E-02 2.700098E-02
1.650822E-02 -4.456457E-04 -1.026592E-02 2.045614E-02
2.123846E-02 -2.963744E-03 -1.106247E-03 1.532949E-02
1.148354E-02 3.550540E-03 -1.837940E-02 2.348620E-02
1.970968E-02 -3.627895E-04 -4.377360E-03 1.688292E-02
2.157900E-02 -3.160873E-03 -3.406352E-04 1.421561E-02
2.326408E-02 -2.756567E-03 -7.219073E-04 1.413590E-02
2.147570E-02 -1.571088E-03 -1.068797E-03 1.438224E-02
2.356395E-02 -1.700331E-03 -8.815041E-04 1.367310E-02
3.566818E-02 -2.234406E-03 -1.167677E-03 1.416821E-02
9.215010E-02 -1.638013E-03 -3.523361E-03 1.412709E-02
3.612582E-02 -1.466652E-03 -1.202195E-03 1.333691E-02
9.292129E-02 -1.030260E-03 -3.071147E-03 1.296625E-02
3.540716E-02 -7.757521E-03 7.310331E-03 -1.988193E-02
-2.316677E-02 -7.516759E-03 7.560605E-03 -2.043332E-02
4.132176E-02 -7.973344E-03 7.101418E-03 -1.934629E-02
3.517280E-02 -8.293528E-03 7.818472E-03 -1.952150E-02
-2.334570E-02 -8.036838E-03 8.084610E-03 -1.999926E-02
4.111349E-02 -8.524525E-03 7.595285E-03 -1.905660E-02
4.136068E-02 -8.157383E-03 6.960506E-03 -1.882335E-02
4.095575E-02 -8.311228E-03 6.889674E-03 -1.830776E-02
4.118328E-02 -8.723627E-03 7.444350E-03 -1.860285E-02
4.080687E-02 -8.894382E-03 7.369292E-03 -1.815613E-02
4.065568E-02 -8.435820E-03 6.892306E-03 -1.779246E-02
4.042804E-02 -8.531414E-03 6.971727E-03 -1.726907E-02
4.053338E-02 -9.040134E-03 7.375243E-03 -1.771018E-02
4.033138E-02 -9.163315E-03 7.467220E-03 -1.725658E-02
4.022512E-02 -8.597513E-03 7.128525E-03 -1.672777E-02
4.001939E-02 -8.631849E-03 7.358091E-03 -1.615667E-02
4.015462E-02 -9.265086E-03 7.647673E-03 -1.678494E-02
3.997831E-02 -9.344255E-03 7.914042E-03 -1.628299E-02
3.979124E-02 -8.629364E-03 7.649198E-03 -1.554183E-02
3.952229E-02 -8.582181E-03 7.983788E-03 -1.486830E-02
3.978661E-02 -9.395747E-03 8.256754E-03 -1.573682E-02
3.956468E-02 -9.409723E-03 8.658338E-03 -1.513124E-02
3.919361E-02 -8.480864E-03 8.337854E-03 -1.412188E-02
3.878614E-02 -8.316882E-03 8.683479E-03 -1.329119E-02
3.929531E-02 -9.372300E-03 9.093835E-03 -1.445061E-02
3.895793E-02 -9.268199E-03 9.532367E-03 -1.368009E-02
3.828268E-02 -8.085791E-03 8.991988E-03 -1.236991E-02
3.767078E-02 -7.790155E-03 9.237798E-03 -1.135865E-02
3.852978E-02 -9.084943E-03 9.939875E-03 -1.280791E-02
3.798949E-02 -8.817557E-03 1.028306E-02 -1.182822E-02
3.694601E-02 -7.441034E-03 9.402077E-03 -1.026594E-02
3.611411E-02 -7.057229E-03 9.475119E-03 -9.107712E-03
3.732227E-02 -8.472172E-03 1.053410E-02 -1.074406E-02
3.652499E-02 -8.066947E-03 1.067499E-02 -9.568694E-03
3.519124E-02 -6.662367E-03 9.456638E-03 -7.905221E-03
3.420211E-02 -6.280772E-03 9.353939E-03 -6.682014E-03
3.560895E-02 -7.629554E-03 1.069975E-02 -8.324572E-03
3.459915E-02 -7.191936E-03 1.061368E-02 -7.039894E-03
3.317688E-02 -5.933424E-03 9.178725E-03 -5.461028E-03
3.214793E-02 -5.634925E-03 8.943725E-03 -4.262630E-03
3.353080E-02 -6.784157E-03 1.042980E-02 -5.744303E-03
3.244457E-02 -6.429183E-03 1.016411E-02 -4.465307E-03
3.114715E-02 -5.391787E-03 8.660219E-03 -3.103956E-03
3.020380E-02 -5.201896E-03 8.337044E-03 -1.999237E-03
3.138222E-02 -6.139571E-03 9.831583E-03 -3.226480E-03
3.038320E-02 -5.916090E-03 9.444150E-03 -2.047377E-03
2.934267E-02 -5.054949E-03 7.980934E-03 -9.604453E-04
2.858232E-02 -4.933904E-03 7.597017E-03 2.353858E-06
2.948134E-02 -5.748055E-03 9.011084E-03 -9.441485E-04
2.870183E-02 -5.615431E-03 8.540007E-03 7.024149E-05
2.793480E-02 -4.817310E-03 7.187711E-03 8.807707E-04
2.740831E-02 -4.681675E-03 6.749246E-03 1.667017E-03
2.805997E-02 -5.492597E-03 8.035532E-03 9.861511E-04
2.756456E-02 -5.352354E-03 7.494035E-03 1.796136E-03
2.701281E-02 -4.502553E-03 6.267462E-03 2.351355E-03
2.676608E-02 -4.254044E-03 5.715764E-03 2.918740E-03
2.722569E-02 -5.168056E-03 6.897954E-03 2.491332E-03
2.706178E-02 -4.912816E-03 6.214620E-03 3.057453E-03
2.669676E-02 -3.907346E-03 5.056709E-03 3.347199E-03
2.684060E-02 -3.432466E-03 4.247764E-03 3.609128E-03
2.710076E-02 -4.560276E-03 5.402967E-03 3.472778E-03
2.737019E-02 -4.085137E-03 4.426579E-03 3.717102E-03
2.722656E-02 -2.805421E-03 3.258411E-03 3.681784E-03
2.781588E-02 -2.047699E-03 2.098597E-03 3.584654E-03
2.787863E-02 -3.484409E-03 3.266952E-03 3.777818E-03
2.853103E-02 -2.855744E-03 1.959235E-03 3.697841E-03
2.825102E-02 -1.517646E-03 1.043931E-03 3.524421E-03
2.304169E-02 -5.589085E-03 4.626934E-03 7.509462E-03
2.669845E-02 -4.285221E-03 2.259233E-03 4.972731E-03
-6.229795E-03 -2.920661E-02 3.959963E-02 3.384392E-02
-1.324087E-02 -3.290709E-02 4.761737E-02 4.013437E-02
-2.144621E-02 -4.081998E-02 5.644929E-02 4.967472E-02
-2.179143E-02 -4.253013E-02 5.765359E-02 5.027910E-02
-2.265943E-02 -4.402400E-02 5.793590E-02 5.221747E-02
-2.151276E-02 -4.208386E-02 5.579673E-02 5.126509E-02
-1.020942E-02 -3.432617E-02 4.465595E-02 4.428870E-02
-1.972485E-02 -4.223685E-02 5.418244E-02 5.047574E-02
2.489861E-02 -1.219734E-02 5.999419E-03 1.876320E-02
2.770006E-02 -9.301187E-03 -1.894209E-03 1.443398E-02
2.610195E-02 -8.355804E-03 -4.179517E-03 1.230286E-02
2.767052E-02 -8.010970E-03 -3.301330E-03 1.106806E-02
2.652108E-02 -7.324331E-03 -3.687001E-03 1.074826E-02
2.408911E-02 -7.246678E-03 -5.030502E-03 1.242094E-02
2.007295E-02 -4.699358E-03 -9.159901E-03 1.424604E-02
2.524388E-02 -6.478068E-03 -4.465944E-03 1.082714E-02
2.284826E-02 -5.090780E-03 -6.793738E-03 1.164599E-02
1.276879E-02 2.192407E-04 -1.755159E-02 1.902160E-02
6.340955E-03 5.196673E-03 -2.515985E-02 2.406633E-02
1.781018E-02 -2.027874E-03 -1.242936E-02 1.450015E-02
1.077404E-02 2.826727E-03 -2.061267E-02 1.952566E-02
7.827576E-03 6.118280E-03 -2.364153E-02 2.465980E-02
1.681366E-02 2.612212E-03 -9.651590E-03 1.907908E-02
7.552086E-03 6.338699E-03 -2.441418E-02 2.311415E-02
1.340194E-02 5.183448E-03 -1.554441E-02 2.081940E-02
2.066973E-02 4.295365E-04 -2.776336E-03 1.508087E-02
2.347639E-02 -2.232135E-04 -1.546902E-03 1.360788E-02
1.922700E-02 2.619958E-03 -5.557776E-03 1.616593E-02
2.303070E-02 1.507185E-03 -2.757003E-03 1.388607E-02
3.634916E-02 -3.039312E-04 -1.594761E-03 1.283755E-02
9.346768E-02 -9.051541E-05 -3.095884E-03 1.211234E-02
3.632006E-02 1.141661E-03 -2.366445E-03 1.267855E-02
9.371056E-02 1.118483E-03 -3.597891E-03 1.164278E-02
3.492483E-02 -8.750495E-03 8.253409E-03 -1.914058E-02
-2.353382E-02 -8.481279E-03 8.532277E-03 -1.954248E-02
4.089189E-02 -8.993452E-03 8.018400E-03 -1.874867E-02
3.466644E-02 -9.126288E-03 8.612819E-03 -1.874414E-02
-2.372895E-02 -8.847775E-03 8.901453E-03 -1.906809E-02
4.066044E-02 -9.377622E-03 8.368852E-03 -1.842732E-02
4.099184E-02 -9.204334E-03 7.858830E-03 -1.836566E-02
4.064090E-02 -9.388657E-03 7.780057E-03 -1.798808E-02
4.079005E-02 -9.596399E-03 8.203102E-03 -1.811642E-02
4.046135E-02 -9.790415E-03 8.122871E-03 -1.780781E-02
4.038813E-02 -9.552680E-03 7.789493E-03 -1.761007E-02
4.020325E-02 -9.702174E-03 7.894422E-03 -1.722329E-02
4.022237E-02 -9.969565E-03 8.138138E-03 -1.749522E-02
4.004381E-02 -1.014401E-02 8.258440E-03 -1.716994E-02
4.004210E-02 -9.841328E-03 8.099130E-03 -1.681733E-02
3.988369E-02 -9.970963E-03 8.402470E-03 -1.638057E-02
3.988440E-02 -1.032195E-02 8.489182E-03 -1.682203E-02
3.972856E-02 -1.050663E-02 8.829289E-03 -1.644192E-02
3.971760E-02 -1.008639E-02 8.796062E-03 -1.590061E-02
3.953492E-02 -1.017603E-02 9.263603E-03 -1.536400E-02
3.957338E-02 -1.069371E-02 9.270537E-03 -1.602093E-02
3.941792E-02 -1.087005E-02 9.798181E-03 -1.554988E-02
3.932279E-02 -1.022181E-02 9.781104E-03 -1.475556E-02
3.906138E-02 -1.020166E-02 1.031756E-02 -1.405806E-02
3.925587E-02 -1.101441E-02 1.039153E-02 -1.501635E-02
3.907071E-02 -1.109954E-02 1.102334E-02 -1.440251E-02
3.872358E-02 -1.009403E-02 1.083614E-02 -1.325368E-02
3.827825E-02 -9.883733E-03 1.129685E-02 -1.232761E-02
3.883364E-02 -1.109574E-02 1.165847E-02 -1.368512E-02
3.850528E-02 -1.097630E-02 1.225354E-02 -1.283889E-02
3.769698E-02 -9.567933E-03 1.166137E-02 -1.127321E-02
3.696251E-02 -9.160068E-03 1.189950E-02 -1.009658E-02
3.804206E-02 -1.072512E-02 1.276008E-02 -1.184331E-02
3.740727E-02 -1.034454E-02 1.313205E-02 -1.069106E-02
3.607573E-02 -8.689431E-03 1.199475E-02 -8.818040E-03
3.505809E-02 -8.195820E-03 1.194639E-02 -7.469424E-03
3.658348E-02 -9.859827E-03 1.333583E-02 -9.394272E-03
3.558121E-02 -9.316346E-03 1.335768E-02 -7.984869E-03
3.394870E-02 -7.721017E-03 1.176673E-02 -6.088276E-03
3.279798E-02 -7.300199E-03 1.147501E-02 -4.711760E-03
3.443949E-02 -8.769612E-03 1.320454E-02 -6.508417E-03
3.321886E-02 -8.272040E-03 1.289752E-02 -5.014676E-03
3.166083E-02 -6.955704E-03 1.109096E-02 -3.372681E-03
3.059077E-02 -6.693875E-03 1.063106E-02 -2.098318E-03
3.199109E-02 -7.861536E-03 1.246226E-02 -3.549723E-03
3.082944E-02 -7.554616E-03 1.192175E-02 -2.152367E-03
2.963455E-02 -6.504809E-03 1.010855E-02 -9.108104E-04
2.882649E-02 -6.365206E-03 9.535431E-03 1.729282E-04
2.979940E-02 -7.344415E-03 1.129544E-02 -8.537681E-04
2.894863E-02 -7.204105E-03 1.060268E-02 3.232676E-04
2.818549E-02 -6.244314E-03 8.920780E-03 1.142029E-03
2.771956E-02 -6.110589E-03 8.262806E-03 1.990386E-03
2.830044E-02 -7.096055E-03 9.860819E-03 1.366377E-03
2.786021E-02 -6.982632E-03 9.071660E-03 2.271896E-03
2.743687E-02 -5.934828E-03 7.540367E-03 2.711543E-03
2.735654E-02 -5.689725E-03 6.714098E-03 3.291842E-03
2.763480E-02 -6.830336E-03 8.208491E-03 3.035436E-03
2.764571E-02 -6.603926E-03 7.216033E-03 3.641345E-03
2.750832E-02 -5.345041E-03 5.733833E-03 3.710980E-03
2.793205E-02 -4.877532E-03 4.555269E-03 3.936858E-03
2.792948E-02 -6.270062E-03 6.038775E-03 4.056002E-03
2.841900E-02 -5.818525E-03 4.684348E-03 4.298424E-03
2.858277E-02 -4.277336E-03 3.174073E-03 3.972110E-03
2.797289E-02 -4.691316E-03 2.581486E-03 4.439307E-03
2.822930E-02 -5.962505E-03 3.816873E-03 4.722518E-03
1.401544E-02 -1.736229E-02 1.661668E-02 1.653255E-02
3.718716E-03 -2.344715E-02 2.804861E-02 2.520864E-02
-2.196368E-02 -4.394436E-02 5.893067E-02 5.063736E-02
-2.140568E-02 -4.455171E-02 5.956875E-02 5.004234E-02
-2.436927E-02 -4.753912E-02 6.198725E-02 5.373121E-02
-2.368596E-02 -4.589671E-02 6.008019E-02 5.307474E-02
-2.256182E-02 -4.569296E-02 5.797832E-02 5.296540E-02
-2.345268E-02 -4.741601E-02 6.014113E-02 5.395297E-02
-3.355976E-03 -3.201267E-02 3.963049E-02 3.908196E-02
1.221041E-02 -2.086859E-02 2.241268E-02 2.833422E-02
2.893501E-02 -7.269881E-03 -2.627464E-03 9.718682E-03
3.078860E-02 -6.475999E-03 -2.201119E-03 9.001329E-03
3.011240E-02 -6.093952E-03 -4.097305E-03 7.990996E-03
2.829273E-02 -6.697432E-03 -3.786390E-03 9.296504E-03
2.725949E-02 -6.286411E-03 -3.818798E-03 9.503986E-03
2.881313E-02 -5.966360E-03 -3.713598E-03 8.412280E-03
2.774413E-02 -5.549601E-03 -3.686743E-03 8.666590E-03
2.609522E-02 -5.709582E-03 -4.269522E-03 9.684252E-03
2.440182E-02 -4.806287E-03 -5.673642E-03 1.014661E-02
2.672956E-02 -5.000987E-03 -4.059606E-03 8.832120E-03
2.541849E-02 -4.276770E-03 -5.060589E-03 9.131722E-03
2.115546E-02 -2.988243E-03 -9.156033E-03 1.166711E-02
1.553768E-02 5.452885E-04 -1.561488E-02 1.522220E-02
2.321129E-02 -3.072973E-03 -7.322630E-03 9.983973E-03
1.925521E-02 -7.498514E-04 -1.180350E-02 1.216704E-02
1.019863E-02 4.815655E-03 -2.178412E-02 1.968830E-02
1.144200E-02 6.332087E-03 -1.922713E-02 2.078171E-02
1.405592E-02 2.896556E-03 -1.777660E-02 1.593267E-02
1.194703E-02 5.911224E-03 -1.953038E-02 1.888059E-02
1.738517E-02 4.637271E-03 -9.173256E-03 1.726908E-02
2.229050E-02 3.282170E-03 -4.503676E-03 1.440346E-02
1.583368E-02 5.944738E-03 -1.260677E-02 1.770482E-02
2.140302E-02 4.843632E-03 -6.647272E-03 1.496599E-02
3.606610E-02 2.704635E-03 -3.478449E-03 1.281595E-02
9.363738E-02 2.474843E-03 -4.503029E-03 1.156622E-02
3.565576E-02 4.186449E-03 -4.833619E-03 1.315519E-02
9.329760E-02 3.821487E-03 -5.690159E-03 1.182990E-02
3.440102E-02 -9.418833E-03 8.894279E-03 -1.833732E-02
-2.392921E-02 -9.134125E-03 9.189970E-03 -1.858071E-02
4.042317E-02 -9.674618E-03 8.644616E-03 -1.809818E-02
3.413209E-02 -9.625310E-03 9.094430E-03 -1.792538E-02
-2.413310E-02 -9.337292E-03 9.394826E-03 -1.808419E-02
4.018462E-02 -9.881263E-03 8.842863E-03 -1.776787E-02
4.058217E-02 -9.896834E-03 8.476409E-03 -1.786105E-02
4.027197E-02 -1.009632E-02 8.399337E-03 -1.762091E-02
4.037291E-02 -1.010197E-02 8.677777E-03 -1.760699E-02
4.007621E-02 -1.030291E-02 8.612067E-03 -1.743438E-02
4.003828E-02 -1.028780E-02 8.426087E-03 -1.736977E-02
3.985267E-02 -1.048692E-02 8.567606E-03 -1.709786E-02
3.983650E-02 -1.050561E-02 8.660878E-03 -1.723840E-02
3.962726E-02 -1.073211E-02 8.834123E-03 -1.700782E-02
3.967831E-02 -1.070612E-02 8.828377E-03 -1.679642E-02
3.950740E-02 -1.095026E-02 9.204993E-03 -1.646014E-02
3.941928E-02 -1.099777E-02 9.131352E-03 -1.673711E-02
3.921575E-02 -1.130623E-02 9.543603E-03 -1.642863E-02
3.934648E-02 -1.121425E-02 9.688034E-03 -1.608679E-02
3.920355E-02 -1.148343E-02 1.026492E-02 -1.567379E-02
3.903353E-02 -1.164954E-02 1.005959E-02 -1.608932E-02
3.888838E-02 -1.201168E-02 1.067044E-02 -1.572434E-02
3.907966E-02 -1.173522E-02 1.092084E-02 -1.521349E-02
3.896361E-02 -1.194054E-02 1.163656E-02 -1.468948E-02
3.878737E-02 -1.237142E-02 1.136982E-02 -1.533139E-02
3.872533E-02 -1.270242E-02 1.214981E-02 -1.489704E-02
3.882880E-02 -1.206508E-02 1.238411E-02 -1.407519E-02
3.863225E-02 -1.207212E-02 1.312252E-02 -1.333576E-02
3.868193E-02 -1.297136E-02 1.299448E-02 -1.439465E-02
3.861802E-02 -1.313657E-02 1.387246E-02 -1.378390E-02
3.831782E-02 -1.192942E-02 1.379696E-02 -1.243445E-02
3.782637E-02 -1.162052E-02 1.434450E-02 -1.134379E-02
3.847300E-02 -1.315107E-02 1.473074E-02 -1.301381E-02
3.816872E-02 -1.297360E-02 1.549432E-02 -1.203259E-02
3.711286E-02 -1.115661E-02 1.470721E-02 -1.005821E-02
3.616468E-02 -1.058133E-02 1.484773E-02 -8.601678E-03
3.762578E-02 -1.258765E-02 1.607726E-02 -1.080536E-02
3.679169E-02 -1.201991E-02 1.640534E-02 -9.333327E-03
3.501132E-02 -9.963185E-03 1.475829E-02 -7.024725E-03
3.372050E-02 -9.377425E-03 1.445738E-02 -5.392167E-03
3.566786E-02 -1.134385E-02 1.643965E-02 -7.661870E-03
3.431850E-02 -1.066123E-02 1.618467E-02 -5.870134E-03
3.238443E-02 -8.886170E-03 1.397680E-02 -3.768971E-03
3.110384E-02 -8.523964E-03 1.334864E-02 -2.211545E-03
3.285717E-02 -1.007031E-02 1.567542E-02 -4.048863E-03
3.142216E-02 -9.636933E-03 1.495587E-02 -2.281686E-03
2.997228E-02 -8.291406E-03 1.260182E-02 -7.653050E-04
2.905803E-02 -8.158041E-03 1.176774E-02 5.373621E-04
3.014970E-02 -9.377794E-03 1.406878E-02 -6.373126E-04
2.914163E-02 -9.260117E-03 1.306508E-02 8.350630E-04
2.839065E-02 -8.076322E-03 1.087798E-02 1.681372E-03
2.797072E-02 -7.998659E-03 9.940979E-03 2.666373E-03
2.843655E-02 -9.221616E-03 1.200213E-02 2.115916E-03
2.802220E-02 -9.202787E-03 1.090315E-02 3.211009E-03
2.779816E-02 -7.884319E-03 8.921251E-03 3.489575E-03
2.788662E-02 -7.695650E-03 7.762834E-03 4.132799E-03
2.788300E-02 -9.155459E-03 9.729257E-03 4.128125E-03
2.801941E-02 -9.046516E-03 8.402352E-03 4.847582E-03
2.818645E-02 -7.424212E-03 6.443726E-03 4.601807E-03
2.832955E-02 -7.429341E-03 5.217670E-03 5.047015E-03
2.840778E-02 -8.914221E-03 6.847104E-03 5.326441E-03
2.632245E-02 -1.088614E-02 6.458823E-03 6.900407E-03
2.197473E-02 -1.284126E-02 8.998703E-03 1.009146E-02
-1.852274E-02 -4.336303E-02 5.741734E-02 4.710604E-02
-1.173296E-02 -3.956378E-02 5.023995E-02 4.073010E-02
-2.433215E-02 -5.025017E-02 6.451947E-02 5.442043E-02
-2.453147E-02 -4.893014E-02 6.339361E-02 5.412458E-02
-2.407927E-02 -4.905308E-02 6.204344E-02 5.473413E-02
-2.469689E-02 -5.087976E-02 6.403477E-02 5.563456E-02
-2.091209E-02 -4.793612E-02 5.911344E-02 5.272786E-02
-1.485014E-02 -4.158277E-02 5.199706E-02 4.751453E-02
3.077647E-02 -7.561702E-03 9.555574E-04 1.071207E-02
2.601274E-02 -1.215949E-02 9.102638E-03 1.591240E-02
3.190379E-02 -6.047735E-03 -2.273897E-03 6.585746E-03
3.135492E-02 -5.909572E-03 -3.581643E-03 7.146166E-03
3.010364E-02 -5.767812E-03 -3.407314E-03 7.458289E-03
3.123506E-02 -5.614434E-03 -2.953434E-03 6.519221E-03
3.043333E-02 -5.233116E-03 -3.045868E-03 6.796082E-03
2.912473E-02 -5.370887E-03 -3.347055E-03 7.735788E-03
2.824083E-02 -4.891167E-03 -3.485926E-03 7.918524E-03
2.959780E-02 -4.791582E-03 -3.129348E-03 7.034127E-03
2.877175E-02 -4.286330E-03 -3.316204E-03 7.226181E-03
2.732605E-02 -4.337523E-03 -3.872792E-03 8.085953E-03
2.622046E-02 -3.683702E-03 -4.664761E-03 8.329554E-03
2.791465E-02 -3.730618E-03 -3.685926E-03 7.404446E-03
2.692650E-02 -3.106964E-03 -4.353347E-03 7.635488E-03
2.457593E-02 -2.765471E-03 -6.259533E-03 8.879238E-03
2.179912E-02 -1.188723E-03 -9.328683E-03 1.022275E-02
2.559801E-02 -2.328724E-03 -5.563517E-03 8.053587E-03
2.354767E-02 -1.165319E-03 -7.745399E-03 8.954101E-03
1.764743E-02 1.494627E-03 -1.404697E-02 1.289907E-02
1.423226E-02 4.672993E-03 -1.752446E-02 1.612527E-02
2.042900E-02 7.504494E-04 -1.121539E-02 1.078298E-02
1.704807E-02 3.424087E-03 -1.474981E-02 1.350668E-02
1.541982E-02 6.214314E-03 -1.452192E-02 1.701832E-02
2.063841E-02 5.909895E-03 -8.806418E-03 1.528476E-02
1.632806E-02 5.642884E-03 -1.454019E-02 1.545425E-02
2.033787E-02 6.284324E-03 -1.041321E-02 1.509574E-02
3.519281E-02 5.384417E-03 -6.282506E-03 1.355955E-02
9.279149E-02 4.985715E-03 -6.995441E-03 1.232656E-02
3.481883E-02 6.121190E-03 -7.609195E-03 1.386104E-02
9.225519E-02 5.812300E-03 -8.227643E-03 1.290852E-02
3.386330E-02 -9.740984E-03 9.207858E-03 -1.751379E-02
-2.433963E-02 -9.452244E-03 9.511072E-03 -1.758122E-02
3.994992E-02 -9.992357E-03 8.959097E-03 -1.744439E-02
3.359860E-02 -9.757446E-03 9.225436E-03 -1.710856E-02
-2.454858E-02 -9.470232E-03 9.530130E-03 -1.707292E-02
3.972490E-02 -9.998769E-03 8.986140E-03 -1.713793E-02
4.016703E-02 -1.020634E-02 8.805899E-03 -1.736355E-02
3.987571E-02 -1.040627E-02 8.765662E-03 -1.725622E-02
3.996821E-02 -1.020130E-02 8.859741E-03 -1.714211E-02
3.966728E-02 -1.040251E-02 8.869220E-03 -1.709388E-02
3.961377E-02 -1.062340E-02 8.854275E-03 -1.710483E-02
3.936065E-02 -1.088570E-02 9.074903E-03 -1.689812E-02
3.935924E-02 -1.064629E-02 9.024830E-03 -1.696865E-02
3.903983E-02 -1.096134E-02 9.311660E-03 -1.676183E-02
3.910067E-02 -1.120696E-02 9.415906E-03 -1.663869E-02
3.885074E-02 -1.158456E-02 9.860397E-03 -1.634113E-02
3.871452E-02 -1.135055E-02 9.700377E-03 -1.649307E-02
3.841277E-02 -1.179955E-02 1.016847E-02 -1.619274E-02
3.863620E-02 -1.200565E-02 1.039703E-02 -1.602288E-02
3.847655E-02 -1.245427E-02 1.102368E-02 -1.569561E-02
3.816197E-02 -1.229136E-02 1.071033E-02 -1.588640E-02
3.797934E-02 -1.281371E-02 1.133424E-02 -1.558820E-02
3.838170E-02 -1.291394E-02 1.174444E-02 -1.536100E-02
3.835181E-02 -1.336552E-02 1.256391E-02 -1.500908E-02
3.787414E-02 -1.335827E-02 1.205515E-02 -1.530109E-02
3.785047E-02 -1.391618E-02 1.288878E-02 -1.501821E-02
3.837572E-02 -1.378267E-02 1.348057E-02 -1.461667E-02
3.842580E-02 -1.412654E-02 1.447866E-02 -1.414456E-02
3.790708E-02 -1.447223E-02 1.384691E-02 -1.472228E-02
3.803260E-02 -1.499802E-02 1.493161E-02 -1.438175E-02
3.844967E-02 -1.434284E-02 1.551810E-02 -1.353512E-02
3.836326E-02 -1.436669E-02 1.652506E-02 -1.271532E-02
3.819504E-02 -1.544410E-02 1.612524E-02 -1.394377E-02
3.832541E-02 -1.573463E-02 1.737432E-02 -1.332715E-02
3.805612E-02 -1.414206E-02 1.739197E-02 -1.161239E-02
3.742045E-02 -1.365493E-02 1.799811E-02 -1.018376E-02
3.830345E-02 -1.577491E-02 1.857222E-02 -1.242505E-02
3.796681E-02 -1.548645E-02 1.955898E-02 -1.113252E-02
3.639974E-02 -1.296157E-02 1.824918E-02 -8.446903E-03
3.502823E-02 -1.218472E-02 1.811119E-02 -6.484737E-03
3.716696E-02 -1.486643E-02 2.016114E-02 -9.400707E-03
3.585629E-02 -1.402889E-02 2.026247E-02 -7.283224E-03
3.343252E-02 -1.147222E-02 1.761065E-02 -4.419348E-03
3.179928E-02 -1.094297E-02 1.680397E-02 -2.376073E-03
3.414150E-02 -1.317693E-02 1.984767E-02 -4.928229E-03
3.226189E-02 -1.251496E-02 1.897734E-02 -2.521769E-03
3.033033E-02 -1.064711E-02 1.575367E-02 -4.627119E-04
2.918353E-02 -1.055408E-02 1.454150E-02 1.242222E-03
3.051875E-02 -1.216024E-02 1.773848E-02 -2.379514E-04
2.917225E-02 -1.209772E-02 1.625941E-02 1.788494E-03
2.841592E-02 -1.058294E-02 1.327126E-02 2.709490E-03
2.800156E-02 -1.064800E-02 1.198275E-02 3.958933E-03
2.831974E-02 -1.221116E-02 1.471420E-02 3.506322E-03
2.793517E-02 -1.237653E-02 1.316634E-02 4.930722E-03
2.794496E-02 -1.068171E-02 1.058734E-02 4.982003E-03
2.828779E-02 -1.056660E-02 8.904924E-03 5.696874E-03
2.793380E-02 -1.247019E-02 1.148373E-02 6.085011E-03
2.751980E-02 -1.303870E-02 1.002829E-02 7.065884E-03
2.764672E-02 -1.127398E-02 7.532505E-03 6.382303E-03
-1.118356E-03 -3.335352E-02 3.811045E-02 3.130720E-02
1.085377E-02 -2.640493E-02 2.475736E-02 2.115148E-02
-2.392078E-02 -5.263687E-02 6.751940E-02 5.458676E-02
-2.419625E-02 -5.163373E-02 6.591901E-02 5.476849E-02
-2.539438E-02 -5.281688E-02 6.622903E-02 5.659076E-02
-2.606887E-02 -5.468848E-02 6.861022E-02 5.746392E-02
-2.458563E-02 -5.395446E-02 6.576864E-02 5.710451E-02
-2.349257E-02 -5.161622E-02 6.306289E-02 5.550879E-02
1.650618E-02 -2.011123E-02 2.138375E-02 2.405415E-02
4.931608E-03 -2.990745E-02 3.504301E-02 3.347733E-02
3.324798E-02 -6.260725E-03 1.292805E-04 5.765272E-03
3.238969E-02 -6.169263E-03 -9.566202E-04 6.069091E-03
3.240276E-02 -5.446663E-03 -2.608468E-03 5.547542E-03
3.363770E-02 -5.381875E-03 -2.314075E-03 4.695621E-03
3.291782E-02 -5.125691E-03 -2.491998E-03 5.042494E-03
3.170343E-02 -5.135373E-03 -2.784628E-03 5.870174E-03
3.088854E-02 -4.735662E-03 -2.838284E-03 6.168852E-03
3.212408E-02 -4.728948E-03 -2.543790E-03 5.358800E-03
3.136414E-02 -4.252692E-03 -2.612877E-03 5.590298E-03
3.009618E-02 -4.256110E-03 -2.933975E-03 6.394199E-03
2.930997E-02 -3.730592E-03 -3.137299E-03 6.584070E-03
3.061099E-02 -3.737502E-03 -2.740047E-03 5.790176E-03
2.985029E-02 -3.207103E-03 -2.947869E-03 5.982751E-03
2.849405E-02 -3.173651E-03 -3.488491E-03 6.774216E-03
2.758074E-02 -2.574936E-03 -4.068578E-03 7.009895E-03
2.905794E-02 -2.664101E-03 -3.275294E-03 6.190337E-03
2.819104E-02 -2.097589E-03 -3.783875E-03 6.442662E-03
2.643826E-02 -1.881393E-03 -5.036124E-03 7.376668E-03
2.482473E-02 -9.567153E-04 -6.659646E-03 8.056470E-03
2.716239E-02 -1.472723E-03 -4.580841E-03 6.797443E-03
2.581482E-02 -7.059225E-04 -5.834331E-03 7.372790E-03
2.246134E-02 4.476970E-04 -9.191940E-03 9.357708E-03
1.959762E-02 2.503138E-03 -1.215125E-02 1.146070E-02
2.395180E-02 3.619774E-04 -7.711224E-03 8.374036E-03
2.163031E-02 1.900125E-03 -1.001445E-02 9.993314E-03
1.803637E-02 4.704252E-03 -1.327150E-02 1.361694E-02
2.068828E-02 5.990458E-03 -1.103737E-02 1.436666E-02
1.991273E-02 3.759888E-03 -1.149633E-02 1.196393E-02
2.157652E-02 5.253360E-03 -1.067976E-02 1.331433E-02
3.467986E-02 6.299902E-03 -8.552933E-03 1.390934E-02
9.184142E-02 6.195569E-03 -9.175706E-03 1.341065E-02
3.486220E-02 5.951069E-03 -8.904501E-03 1.364221E-02
9.168959E-02 6.110298E-03 -9.644791E-03 1.368698E-02
3.334269E-02 -9.659622E-03 9.131590E-03 -1.671717E-02
-2.476075E-02 -9.375795E-03 9.436882E-03 -1.655812E-02
3.951597E-02 -9.884402E-03 8.913190E-03 -1.686236E-02
3.310214E-02 -9.420089E-03 8.899422E-03 -1.635082E-02
-2.497850E-02 -9.140892E-03 9.203745E-03 -1.603196E-02
3.932840E-02 -9.621464E-03 8.726432E-03 -1.663747E-02
3.977574E-02 -1.007399E-02 8.841382E-03 -1.695561E-02
3.943650E-02 -1.029079E-02 8.941627E-03 -1.694992E-02
3.957535E-02 -9.809016E-03 8.764617E-03 -1.681449E-02
3.914700E-02 -1.008241E-02 9.019767E-03 -1.681219E-02
3.904995E-02 -1.058923E-02 9.200357E-03 -1.681999E-02
3.864651E-02 -1.098283E-02 9.568016E-03 -1.658488E-02
3.864946E-02 -1.048421E-02 9.415825E-03 -1.663371E-02
3.816393E-02 -1.098300E-02 9.860941E-03 -1.634841E-02
3.825536E-02 -1.145072E-02 9.998564E-03 -1.629126E-02
3.790825E-02 -1.196660E-02 1.047502E-02 -1.598241E-02
3.772645E-02 -1.152965E-02 1.031347E-02 -1.602842E-02
3.735140E-02 -1.209775E-02 1.077952E-02 -1.571587E-02
3.762434E-02 -1.251549E-02 1.100572E-02 -1.568459E-02
3.741346E-02 -1.309399E-02 1.161125E-02 -1.540910E-02
3.704151E-02 -1.268454E-02 1.128592E-02 -1.542818E-02
3.679824E-02 -1.329953E-02 1.186337E-02 -1.517037E-02
3.728236E-02 -1.370434E-02 1.231553E-02 -1.515779E-02
3.723806E-02 -1.434863E-02 1.314195E-02 -1.492634E-02
3.662667E-02 -1.395571E-02 1.254090E-02 -1.494264E-02
3.653650E-02 -1.466476E-02 1.334556E-02 -1.474306E-02
3.728792E-02 -1.502391E-02 1.411188E-02 -1.470423E-02
3.743660E-02 -1.571652E-02 1.524271E-02 -1.447126E-02
3.654148E-02 -1.543433E-02 1.430383E-02 -1.456742E-02
3.665791E-02 -1.626529E-02 1.544306E-02 -1.440671E-02
3.767785E-02 -1.639345E-02 1.654210E-02 -1.418926E-02
3.797672E-02 -1.698926E-02 1.799284E-02 -1.378812E-02
3.690101E-02 -1.714638E-02 1.679123E-02 -1.424086E-02
3.727457E-02 -1.804146E-02 1.836998E-02 -1.402529E-02
3.823985E-02 -1.739396E-02 1.952376E-02 -1.315003E-02
3.828651E-02 -1.746340E-02 2.097502E-02 -1.211144E-02
3.774340E-02 -1.886487E-02 2.017018E-02 -1.366529E-02
3.817774E-02 -1.945194E-02 2.209706E-02 -1.298254E-02
3.786696E-02 -1.708539E-02 2.209776E-02 -1.051592E-02
3.677723E-02 -1.629143E-02 2.263720E-02 -8.317561E-03
3.829099E-02 -1.957116E-02 2.389738E-02 -1.171297E-02
3.767954E-02 -1.906005E-02 2.516151E-02 -9.616395E-03
3.501825E-02 -1.530893E-02 2.246027E-02 -5.648777E-03
3.285483E-02 -1.446511E-02 2.159334E-02 -2.770987E-03
3.607650E-02 -1.804524E-02 2.550966E-02 -6.684015E-03
3.364429E-02 -1.697533E-02 2.481446E-02 -3.217963E-03
3.073141E-02 -1.400683E-02 2.014610E-02 2.975991E-05
2.908372E-02 -1.397080E-02 1.831467E-02 2.510582E-03
3.099032E-02 -1.634227E-02 2.317976E-02 3.196089E-04
2.885170E-02 -1.633325E-02 2.091042E-02 3.493801E-03
2.808010E-02 -1.420707E-02 1.643466E-02 4.573205E-03
2.756524E-02 -1.455978E-02 1.464905E-02 6.301529E-03
2.755255E-02 -1.679154E-02 1.861271E-02 6.105789E-03
2.705726E-02 -1.745952E-02 1.634759E-02 8.157591E-03
2.721659E-02 -1.521796E-02 1.289886E-02 7.756373E-03
2.053351E-02 -2.122447E-02 1.564430E-02 1.340972E-02
2.539761E-02 -1.955449E-02 1.384864E-02 1.002832E-02
-1.462548E-02 -4.856986E-02 6.049098E-02 4.547061E-02
-2.168153E-02 -5.207444E-02 6.706649E-02 5.215748E-02
-2.633433E-02 -5.639620E-02 7.086633E-02 5.807637E-02
-2.604967E-02 -5.813835E-02 7.286264E-02 5.857334E-02
-2.578036E-02 -5.830460E-02 7.097606E-02 5.965525E-02
-2.520715E-02 -5.599230E-02 6.825621E-02 5.833069E-02
-5.820276E-03 -3.973745E-02 4.754294E-02 4.244652E-02
-1.419305E-02 -4.842659E-02 5.770584E-02 5.006705E-02
3.366859E-02 -8.745473E-03 4.768222E-03 8.180385E-03
3.402528E-02 -6.844564E-03 1.700661E-03 6.246504E-03
3.474600E-02 -5.593602E-03 -1.769392E-03 4.152813E-03
3.556260E-02 -6.172712E-03 -7.655045E-04 3.971994E-03
3.506692E-02 -5.542505E-03 -1.444342E-03 3.883096E-03
3.403495E-02 -5.260968E-03 -2.056064E-03 4.384041E-03
3.332052E-02 -4.779891E-03 -2.197892E-03 4.624569E-03
3.451096E-02 -4.885487E-03 -1.794548E-03 3.961846E-03
3.385418E-02 -4.293114E-03 -1.994940E-03 4.096466E-03
3.260620E-02 -4.267612E-03 -2.305936E-03 4.824348E-03
3.187502E-02 -3.746427E-03 -2.410728E-03 5.018916E-03
3.313519E-02 -3.746102E-03 -2.113149E-03 4.271503E-03
3.238981E-02 -3.230773E-03 -2.211475E-03 4.467984E-03
3.113237E-02 -3.228993E-03 -2.544365E-03 5.215815E-03
3.037587E-02 -2.715374E-03 -2.741839E-03 5.424480E-03
3.163424E-02 -2.736751E-03 -2.333000E-03 4.682125E-03
3.086997E-02 -2.257803E-03 -2.510405E-03 4.915977E-03
2.959299E-02 -2.201881E-03 -3.039010E-03 5.656570E-03
2.875283E-02 -1.678138E-03 -3.483845E-03 5.933742E-03
3.008644E-02 -1.787201E-03 -2.773809E-03 5.178166E-03
2.925883E-02 -1.316132E-03 -3.158943E-03 5.485837E-03
2.779409E-02 -1.120487E-03 -4.149085E-03 6.297790E-03
2.661020E-02 -4.762899E-04 -5.139743E-03 6.829968E-03
2.834067E-02 -8.284869E-04 -3.714773E-03 5.871419E-03
2.725606E-02 -2.909217E-04 -4.505545E-03 6.393881E-03
2.506701E-02 3.550961E-04 -6.555863E-03 7.668702E-03
2.316883E-02 1.501319E-03 -8.301209E-03 8.967647E-03
2.591268E-02 3.599508E-04 -5.585839E-03 7.149277E-03
2.430848E-02 1.211796E-03 -6.893759E-03 8.250700E-03
2.158068E-02 2.953180E-03 -9.690372E-03 1.066454E-02
2.271066E-02 4.341659E-03 -9.660807E-03 1.221266E-02
2.291420E-02 2.296322E-03 -8.035403E-03 9.708167E-03
2.383336E-02 3.438874E-03 -8.326226E-03 1.124166E-02
3.534193E-02 5.225369E-03 -8.615202E-03 1.311439E-02
9.188043E-02 5.625114E-03 -9.525632E-03 1.365718E-02
3.601149E-02 4.325358E-03 -7.813917E-03 1.244635E-02
9.240150E-02 4.878488E-03 -8.848934E-03 1.333494E-02
3.288657E-02 -8.986932E-03 8.482255E-03 -1.602948E-02
-2.520635E-02 -8.712524E-03 8.776825E-03 -1.548252E-02
3.915663E-02 -9.164865E-03 8.417373E-03 -1.648944E-02
3.270448E-02 -8.255688E-03 7.803911E-03 -1.579240E-02
-2.545110E-02 -7.985957E-03 8.041513E-03 -1.488469E-02
3.894443E-02 -8.455652E-03 8.019158E-03 -1.643492E-02
3.931647E-02 -9.400894E-03 8.675088E-03 -1.671104E-02
3.873049E-02 -9.818406E-03 9.162420E-03 -1.663807E-02
3.887360E-02 -8.892139E-03 8.677784E-03 -1.658013E-02
3.810215E-02 -9.582633E-03 9.425255E-03 -1.634882E-02
3.811925E-02 -1.038190E-02 9.698307E-03 -1.637111E-02
3.759018E-02 -1.099411E-02 1.018804E-02 -1.603899E-02
3.744852E-02 -1.033229E-02 1.003843E-02 -1.600125E-02
3.694816E-02 -1.102993E-02 1.052149E-02 -1.566230E-02
3.714429E-02 -1.160145E-02 1.063430E-02 -1.571025E-02
3.676304E-02 -1.219840E-02 1.107541E-02 -1.540681E-02
3.653591E-02 -1.166514E-02 1.094087E-02 -1.535512E-02
3.616576E-02 -1.226570E-02 1.135484E-02 -1.507469E-02
3.643345E-02 -1.280190E-02 1.155213E-02 -1.513252E-02
3.615270E-02 -1.343469E-02 1.209951E-02 -1.488696E-02
3.581848E-02 -1.286719E-02 1.180668E-02 -1.481501E-02
3.549327E-02 -1.350249E-02 1.232960E-02 -1.457436E-02
3.592683E-02 -1.411853E-02 1.274737E-02 -1.466998E-02
3.576865E-02 -1.487206E-02 1.352314E-02 -1.448253E-02
3.520018E-02 -1.419903E-02 1.295117E-02 -1.435463E-02
3.495562E-02 -1.497949E-02 1.369726E-02 -1.416051E-02
3.569612E-02 -1.571057E-02 1.445502E-02 -1.432580E-02
3.573137E-02 -1.664618E-02 1.557524E-02 -1.419920E-02
3.477999E-02 -1.586382E-02 1.459618E-02 -1.399776E-02
3.469630E-02 -1.687173E-02 1.568266E-02 -1.387101E-02
3.590065E-02 -1.768729E-02 1.692348E-02 -1.409703E-02
3.623387E-02 -1.883281E-02 1.854875E-02 -1.400111E-02
3.473107E-02 -1.802571E-02 1.700169E-02 -1.378162E-02
3.492003E-02 -1.935269E-02 1.861389E-02 -1.372685E-02
3.675494E-02 -2.005189E-02 2.050195E-02 -1.386124E-02
3.743953E-02 -2.123576E-02 2.279814E-02 -1.354917E-02
3.531673E-02 -2.087814E-02 2.060298E-02 -1.369480E-02
3.598853E-02 -2.259566E-02 2.307550E-02 -1.363787E-02
3.810538E-02 -2.212644E-02 2.531115E-02 -1.278289E-02
3.826611E-02 -2.232543E-02 2.761031E-02 -1.110706E-02
3.695390E-02 -2.437731E-02 2.611009E-02 -1.338721E-02
3.795781E-02 -2.579775E-02 2.954733E-02 -1.247137E-02
3.723134E-02 -2.160346E-02 2.897579E-02 -8.143903E-03
3.472035E-02 -2.034990E-02 2.884363E-02 -4.027902E-03
3.809799E-02 -2.611054E-02 3.258196E-02 -1.003206E-02
3.613370E-02 -2.504495E-02 3.383744E-02 -5.479716E-03
3.138838E-02 -1.942487E-02 2.713354E-02 5.737033E-04
2.855074E-02 -1.940189E-02 2.422415E-02 4.812616E-03
3.212287E-02 -2.370219E-02 3.247293E-02 5.703781E-04
2.797284E-02 -2.355863E-02 2.881310E-02 6.634927E-03
2.698299E-02 -2.005244E-02 2.113666E-02 8.193221E-03
2.584640E-02 -2.143554E-02 1.805549E-02 1.040633E-02
2.491819E-02 -2.523197E-02 2.515534E-02 1.156101E-02
1.298106E-02 -3.531641E-02 3.042986E-02 2.259996E-02
-1.735495E-03 -4.199828E-02 4.611103E-02 3.433553E-02
-2.585469E-02 -6.016469E-02 7.556265E-02 5.929239E-02
-2.565997E-02 -6.181855E-02 7.949111E-02 5.909603E-02
-2.794518E-02 -6.425392E-02 7.913282E-02 6.334086E-02
-2.668640E-02 -6.110818E-02 7.445762E-02 6.139858E-02
-2.004331E-02 -5.563448E-02 6.571380E-02 5.620246E-02
-2.394646E-02 -6.162585E-02 7.240386E-02 6.117716E-02
2.717430E-02 -1.828577E-02 1.747463E-02 1.754004E-02
3.142340E-02 -1.252090E-02 1.001362E-02 1.194007E-02
3.614060E-02 -7.092405E-03 6.475150E-04 4.083770E-03
3.674496E-02 -8.221306E-03 2.227903E-03 4.360332E-03
3.733828E-02 -6.326204E-03 -3.890271E-05 3.084995E-03
3.611646E-02 -5.913699E-03 -7.328940E-04 3.471172E-03
3.575610E-02 -5.021665E-03 -1.362495E-03 3.346532E-03
3.713901E-02 -5.154083E-03 -9.405167E-04 2.750681E-03
3.653227E-02 -4.311982E-03 -1.364054E-03 2.727559E-03
3.514613E-02 -4.316325E-03 -1.679594E-03 3.400809E-03
3.442186E-02 -3.722522E-03 -1.830538E-03 3.546825E-03
3.577082E-02 -3.654039E-03 -1.553349E-03 2.841061E-03
3.495376E-02 -3.108912E-03 -1.642371E-03 3.026467E-03
3.365386E-02 -3.197524E-03 -1.917169E-03 3.738606E-03
3.287552E-02 -2.716903E-03 -1.993728E-03 3.958026E-03
3.412796E-02 -2.637344E-03 -1.694105E-03 3.251951E-03
3.331123E-02 -2.214149E-03 -1.747044E-03 3.503727E-03
3.209761E-02 -2.266514E-03 -2.095476E-03 4.199427E-03
3.131880E-02 -1.836536E-03 -2.248319E-03 4.464225E-03
3.250763E-02 -1.822815E-03 -1.826776E-03 3.777412E-03
3.171155E-02 -1.452774E-03 -1.953038E-03 4.075177E-03
3.052788E-02 -1.419647E-03 -2.475720E-03 4.759834E-03
2.970241E-02 -1.008865E-03 -2.803406E-03 5.101288E-03
3.090948E-02 -1.097366E-03 -2.143076E-03 4.404886E-03
3.007915E-02 -7.517482E-04 -2.414527E-03 4.780774E-03
2.880439E-02 -5.937632E-04 -3.263319E-03 5.515197E-03
2.777658E-02 -1.536348E-04 -3.892959E-03 6.046349E-03
2.918721E-02 -4.098122E-04 -2.787112E-03 5.225713E-03
2.818796E-02 -5.930684E-05 -3.280799E-03 5.774853E-03
2.655384E-02 3.511283E-04 -4.717605E-03 6.763317E-03
2.514050E-02 9.784475E-04 -5.687692E-03 7.746927E-03
2.703399E-02 3.241979E-04 -3.902940E-03 6.478090E-03
2.573863E-02 7.786257E-04 -4.610430E-03 7.391948E-03
2.391615E-02 1.765357E-03 -6.561325E-03 9.024910E-03
2.479452E-02 2.640927E-03 -6.912156E-03 1.045528E-02
2.464133E-02 1.336599E-03 -5.245864E-03 8.541315E-03
2.555197E-02 1.977601E-03 -5.544482E-03 9.848834E-03
3.673371E-02 3.420418E-03 -6.707775E-03 1.175619E-02
9.314978E-02 4.023679E-03 -7.759879E-03 1.281381E-02
3.741151E-02 2.608619E-03 -5.481950E-03 1.112348E-02
9.398709E-02 3.178731E-03 -6.442541E-03 1.221330E-02
3.251476E-02 -7.007286E-03 6.782143E-03 -1.570770E-02
-2.571637E-02 -6.740507E-03 6.736624E-03 -1.420098E-02
3.846469E-02 -7.474613E-03 7.705424E-03 -1.639731E-02
3.194553E-02 -4.826380E-03 5.571881E-03 -1.578354E-02
-2.595588E-02 -4.431741E-03 4.253522E-03 -1.346312E-02
3.716623E-02 -6.370739E-03 7.844831E-03 -1.600721E-02
3.804536E-02 -8.421905E-03 8.907233E-03 -1.625602E-02
3.723287E-02 -9.454811E-03 9.788675E-03 -1.587710E-02
3.674221E-02 -8.074534E-03 9.318139E-03 -1.557878E-02
3.621282E-02 -9.320088E-03 1.012268E-02 -1.525938E-02
3.667879E-02 -1.033439E-02 1.037710E-02 -1.553418E-02
3.627903E-02 -1.106224E-02 1.081944E-02 -1.524684E-02
3.588507E-02 -1.022494E-02 1.063755E-02 -1.502928E-02
3.562246E-02 -1.093238E-02 1.104761E-02 -1.483479E-02
3.592915E-02 -1.169226E-02 1.121310E-02 -1.498917E-02
3.557818E-02 -1.227757E-02 1.161328E-02 -1.474037E-02
3.534225E-02 -1.153760E-02 1.143895E-02 -1.463976E-02
3.501028E-02 -1.210158E-02 1.185126E-02 -1.442321E-02
3.521067E-02 -1.286442E-02 1.205484E-02 -1.449222E-02
3.483261E-02 -1.349160E-02 1.256505E-02 -1.424637E-02
3.461835E-02 -1.267079E-02 1.230524E-02 -1.417838E-02
3.417939E-02 -1.328594E-02 1.281906E-02 -1.391264E-02
3.446083E-02 -1.418956E-02 1.316817E-02 -1.400963E-02
3.411593E-02 -1.498225E-02 1.388809E-02 -1.379160E-02
3.371971E-02 -1.397830E-02 1.341357E-02 -1.364194E-02
3.326579E-02 -1.477129E-02 1.411234E-02 -1.338406E-02
3.381875E-02 -1.589169E-02 1.475349E-02 -1.360193E-02
3.358890E-02 -1.694321E-02 1.580231E-02 -1.344753E-02
3.283571E-02 -1.568686E-02 1.494744E-02 -1.315131E-02
3.244005E-02 -1.675683E-02 1.596305E-02 -1.294830E-02
3.344602E-02 -1.816967E-02 1.708362E-02 -1.332996E-02
3.341619E-02 -1.961515E-02 1.865981E-02 -1.324827E-02
3.208759E-02 -1.802483E-02 1.721370E-02 -1.277150E-02
3.179109E-02 -1.954587E-02 1.876243E-02 -1.261439E-02
3.354704E-02 -2.134092E-02 2.061832E-02 -1.320544E-02
3.393078E-02 -2.342640E-02 2.309816E-02 -1.320832E-02
3.157190E-02 -2.139383E-02 2.068726E-02 -1.247315E-02
3.148396E-02 -2.368757E-02 2.311410E-02 -1.236083E-02
3.471910E-02 -2.593624E-02 2.631600E-02 -1.323361E-02
3.605258E-02 -2.876427E-02 3.051934E-02 -1.307544E-02
3.166454E-02 -2.661736E-02 2.627884E-02 -1.231740E-02
3.240750E-02 -3.043840E-02 3.062082E-02 -1.238274E-02
3.758963E-02 -3.117845E-02 3.556308E-02 -1.188340E-02
3.740395E-02 -3.163841E-02 3.976104E-02 -7.813801E-03
3.417436E-02 -3.525742E-02 3.684939E-02 -1.235408E-02
3.667139E-02 -3.981502E-02 4.513636E-02 -1.050312E-02
3.317908E-02 -3.021741E-02 4.022596E-02 -2.157225E-05
2.691150E-02 -2.996558E-02 3.584552E-02 9.253665E-03
3.508643E-02 -4.047423E-02 5.109375E-02 -2.114054E-03
2.516270E-02 -4.019117E-02 4.770999E-02 1.242337E-02
2.157357E-02 -3.364184E-02 2.798413E-02 1.624349E-02
-2.057567E-02 -6.086176E-02 7.868508E-02 5.374382E-02
-3.436591E-03 -5.652807E-02 6.237264E-02 3.927474E-02
-2.888283E-02 -7.252390E-02 9.220914E-02 6.728320E-02
-2.857508E-02 -6.772653E-02 8.447658E-02 6.511618E-02
-2.644814E-02 -6.712670E-02 7.869399E-02 6.565472E-02
-2.872401E-02 -7.351350E-02 8.653849E-02 7.092638E-02
1.511984E-02 -3.553860E-02 3.737841E-02 3.372043E-02
2.149897E-02 -2.596536E-02 2.669565E-02 2.480439E-02
3.775401E-02 -9.452337E-03 3.742683E-03 4.722642E-03
3.953129E-02 -1.078140E-02 5.059948E-03 5.188301E-03
4.106739E-02 -7.078027E-03 9.945837E-04 2.274668E-03
3.891950E-02 -6.735767E-03 5.515984E-04 2.691583E-03
3.876202E-02 -5.243505E-03 -5.579778E-04 2.155136E-03
4.075835E-02 -5.211447E-03 -2.303144E-04 1.534909E-03
3.987859E-02 -4.029311E-03 -7.492989E-04 1.377921E-03
3.808066E-02 -4.239535E-03 -1.052959E-03 2.060382E-03
3.722914E-02 -3.505502E-03 -1.273606E-03 2.145776E-03
3.885455E-02 -3.221068E-03 -9.840194E-04 1.448003E-03
3.780324E-02 -2.635174E-03 -1.088709E-03 1.639917E-03
3.632371E-02 -2.935694E-03 -1.371389E-03 2.328501E-03
3.541845E-02 -2.473122E-03 -1.412028E-03 2.564294E-03
3.677583E-02 -2.190608E-03 -1.126555E-03 1.895542E-03
3.579302E-02 -1.834269E-03 -1.135591E-03 2.184420E-03
3.453541E-02 -2.079360E-03 -1.435485E-03 2.830835E-03
3.368152E-02 -1.729577E-03 -1.467330E-03 3.117912E-03
3.486100E-02 -1.533079E-03 -1.139865E-03 2.490908E-03
3.397597E-02 -1.266330E-03 -1.155803E-03 2.810216E-03
3.285339E-02 -1.408082E-03 -1.525830E-03 3.423910E-03
3.204049E-02 -1.105497E-03 -1.624987E-03 3.753147E-03
3.312760E-02 -1.021439E-03 -1.195252E-03 3.144481E-03
3.230055E-02 -7.911389E-04 -1.267484E-03 3.500690E-03
3.122614E-02 -8.166241E-04 -1.776771E-03 4.114828E-03
3.038713E-02 -5.385713E-04 -1.992542E-03 4.523128E-03
3.147505E-02 -5.717759E-04 -1.380282E-03 3.889642E-03
3.062649E-02 -3.618788E-04 -1.540481E-03 4.325757E-03
2.949250E-02 -2.683334E-04 -2.283511E-03 4.998337E-03
2.850385E-02 7.890716E-07 -2.658562E-03 5.568639E-03
2.972508E-02 -1.603857E-04 -1.753746E-03 4.827468E-03
2.873709E-02 3.594787E-05 -2.022581E-03 5.417767E-03
2.738576E-02 2.836082E-04 -3.115143E-03 6.270575E-03
2.616038E-02 6.050359E-04 -3.616334E-03 7.142497E-03
2.763541E-02 2.357805E-04 -2.340193E-03 6.123473E-03
2.644984E-02 4.551310E-04 -2.676997E-03 6.969662E-03
2.515154E-02 9.912552E-04 -4.056484E-03 8.200457E-03
2.611749E-02 1.444065E-03 -4.271129E-03 9.394743E-03
2.549977E-02 7.133563E-04 -2.962747E-03 7.963436E-03
2.651989E-02 1.019509E-03 -3.097243E-03 9.066087E-03
3.798799E-02 1.924093E-03 -4.257374E-03 1.059059E-02
9.478690E-02 2.408099E-03 -5.050210E-03 1.163615E-02
3.843745E-02 1.360651E-03 -3.090797E-03 1.017534E-02
9.545867E-02 1.729706E-03 -3.673024E-03 1.115155E-02
2.938754E-02 -1.168215E-03 5.379276E-03 -1.532503E-02
-2.575058E-02 5.253868E-04 -4.861694E-04 -1.320460E-02
3.468460E-02 -4.850638E-03 8.362048E-03 -1.479902E-02
2.386239E-02 6.526365E-03 9.734491E-03 -1.305017E-02
-2.109773E-02 9.750422E-03 2.126844E-03 -1.827124E-02
3.167148E-02 3.509836E-03 9.265231E-03 -1.382607E-02
3.516884E-02 -6.923515E-03 9.591992E-03 -1.470921E-02
3.517950E-02 -8.193892E-03 1.028297E-02 -1.465396E-02
3.351327E-02 1.476906E-03 9.599174E-03 -1.405650E-02
3.416777E-02 2.550410E-04 1.021551E-02 -1.420855E-02
3.512841E-02 -9.055993E-03 1.077189E-02 -1.458631E-02
3.499900E-02 -9.723907E-03 1.119509E-02 -1.448717E-02
3.440047E-02 -5.620435E-04 1.078051E-02 -1.426380E-02
3.438425E-02 -1.231083E-03 1.128035E-02 -1.420938E-02
3.477625E-02 -1.030903E-02 1.161827E-02 -1.434494E-02
3.445743E-02 -1.086970E-02 1.207377E-02 -1.414832E-02
3.418844E-02 -1.869732E-03 1.177071E-02 -1.405746E-02
3.386115E-02 -2.547100E-03 1.229656E-02 -1.381081E-02
3.403997E-02 -1.144231E-02 1.256989E-02 -1.388726E-02
3.353621E-02 -1.206249E-02 1.310899E-02 -1.356967E-02
3.342046E-02 -3.290447E-03 1.287546E-02 -1.343844E-02
3.286150E-02 -4.089860E-03 1.347631E-02 -1.291377E-02
3.298315E-02 -1.275467E-02 1.370310E-02 -1.323102E-02
3.241847E-02 -1.354369E-02 1.438270E-02 -1.291147E-02
3.222859E-02 -4.903354E-03 1.407038E-02 -1.234638E-02
3.156184E-02 -5.759749E-03 1.471347E-02 -1.187219E-02
3.185047E-02 -1.445115E-02 1.519277E-02 -1.262330E-02
3.127360E-02 -1.552315E-02 1.618837E-02 -1.235575E-02
3.085764E-02 -6.702113E-03 1.550047E-02 -1.150561E-02
3.008494E-02 -7.818955E-03 1.649984E-02 -1.116146E-02
3.068280E-02 -1.681474E-02 1.742675E-02 -1.209455E-02
3.008272E-02 -1.839193E-02 1.897320E-02 -1.182926E-02
2.922791E-02 -9.173457E-03 1.775318E-02 -1.080216E-02
2.828309E-02 -1.084178E-02 1.932705E-02 -1.041580E-02
2.947041E-02 -2.033243E-02 2.090617E-02 -1.154168E-02
2.882913E-02 -2.275615E-02 2.332843E-02 -1.121026E-02
2.722885E-02 -1.293111E-02 2.132530E-02 -9.970042E-03
2.598807E-02 -1.557960E-02 2.386735E-02 -9.374398E-03
2.818387E-02 -2.589500E-02 2.643237E-02 -1.085077E-02
2.768137E-02 -3.016495E-02 3.063015E-02 -1.054357E-02
2.441740E-02 -1.904550E-02 2.707237E-02 -8.537349E-03
2.240731E-02 -2.384113E-02 3.130581E-02 -7.449323E-03
2.774018E-02 -3.629018E-02 3.686775E-02 -1.043099E-02
2.936601E-02 -4.547086E-02 4.731629E-02 -1.034214E-02
1.971968E-02 -3.091525E-02 3.750225E-02 -6.078066E-03
1.618345E-02 -4.273685E-02 4.834597E-02 -4.438297E-03
3.305423E-02 -5.637174E-02 6.421654E-02 -5.790161E-03
2.015411E-02 -6.159860E-02 6.740628E-02 1.819487E-02
1.193927E-02 -6.562758E-02 7.191896E-02 -9.601443E-04
6.789542E-03 -1.041240E-01 1.265127E-01 2.404710E-02
-2.591933E-02 -7.864263E-02 1.071077E-01 6.483779E-02
-3.144421E-02 -8.227925E-02 9.993953E-02 7.794605E-02
-2.768037E-02 -9.804564E-02 1.305116E-01 8.758321E-02
6.889938E-03 -6.160843E-02 6.382609E-02 5.991568E-02
9.186327E-03 -4.703999E-02 4.949055E-02 4.453763E-02
4.270071E-02 -1.198525E-02 6.018014E-03 5.741042E-03
4.880695E-02 -1.199330E-02 6.237949E-03 6.415151E-03
4.859874E-02 -5.917377E-03 9.970161E-04 1.240018E-03
4.411382E-02 -7.100581E-03 1.197798E-03 1.784982E-03
4.330067E-02 -4.852231E-03 9.312809E-06 8.583730E-04
4.656527E-02 -3.636221E-03 1.067830E-04 1.718148E-04
4.457870E-02 -2.447955E-03 -2.038142E-04 -3.771781E-05
4.202427E-02 -3.536986E-03 -4.595665E-04 6.630819E-04
4.070591E-02 -2.702904E-03 -6.776218E-04 7.412441E-04
4.280712E-02 -1.759405E-03 -3.580684E-04 6.431513E-05
4.121665E-02 -1.329874E-03 -4.362064E-04 3.213813E-04
3.943008E-02 -2.140020E-03 -7.793682E-04 9.609112E-04
3.822690E-02 -1.741490E-03 -8.172117E-04 1.249991E-03
3.978152E-02 -1.046967E-03 -4.694683E-04 6.500690E-04
3.848245E-02 -8.482844E-04 -4.780637E-04 1.007733E-03
3.710523E-02 -1.442052E-03 -8.230903E-04 1.570949E-03
3.606420E-02 -1.203243E-03 -8.170754E-04 1.904288E-03
3.730280E-02 -6.998993E-04 -4.748074E-04 1.372174E-03
3.622635E-02 -5.820764E-04 -4.676829E-04 1.734295E-03
3.509606E-02 -1.001685E-03 -8.122908E-04 2.242822E-03
3.418853E-02 -8.231036E-04 -8.178529E-04 2.587061E-03
3.523657E-02 -4.829144E-04 -4.619915E-04 2.092957E-03
3.431590E-02 -3.949246E-04 -4.616291E-04 2.452394E-03
3.332574E-02 -6.587862E-04 -8.406631E-04 2.942687E-03
3.248865E-02 -5.037217E-04 -8.863077E-04 3.319046E-03
3.344514E-02 -3.133473E-04 -4.697720E-04 2.820662E-03
3.260294E-02 -2.352586E-04 -4.891654E-04 3.208725E-03
3.165492E-02 -3.554909E-04 -9.594642E-04 3.728371E-03
3.079863E-02 -2.133708E-04 -1.063927E-03 4.185416E-03
3.176526E-02 -1.590851E-04 -5.221741E-04 3.629837E-03
3.090521E-02 -8.423636E-05 -5.706144E-04 4.099095E-03
2.989039E-02 -7.720379E-05 -1.202124E-03 4.707339E-03
2.889937E-02 5.427677E-05 -1.373572E-03 5.313454E-03
2.999333E-02 -1.064089E-05 -6.352798E-04 4.633000E-03
2.900017E-02 6.196643E-05 -7.149351E-04 5.248752E-03
2.780394E-02 1.855574E-04 -1.571099E-03 6.023846E-03
2.663964E-02 3.257743E-04 -1.773530E-03 6.854560E-03
2.790693E-02 1.349433E-04 -8.043958E-04 5.962574E-03
2.675224E-02 2.113034E-04 -8.915107E-04 6.785444E-03
2.572565E-02 4.869140E-04 -1.937385E-03 7.805941E-03
2.678668E-02 6.767998E-04 -2.006041E-03 8.843639E-03
2.585559E-02 2.948661E-04 -9.548131E-04 7.713970E-03
2.693748E-02 3.873778E-04 -9.698895E-04 8.715858E-03
3.875167E-02 8.922510E-04 -1.992515E-03 9.883563E-03
9.594785E-02 1.132651E-03 -2.343887E-03 1.079798E-02
3.892923E-02 4.863359E-04 -9.452162E-04 9.716290E-03
9.622496E-02 5.918745E-04 -1.056440E-03 1.059434E-02
5.402558E-02 -2.489859E-05 -1.537568E-04 1.965009E-03
5.618845E-02 -3.097742E-04 -2.344998E-04 1.489147E-02
5.022396E-02 2.730088E-05 -1.290081E-04 5.410759E-05
4.901708E-02 1.189883E-02 -6.472565E-03 6.388673E-03
5.025608E-03 6.359551E-02 -6.598851E-02 6.173572E-02
4.867177E-02 5.934053E-03 -1.196490E-03 1.200480E-03
4.731756E-02 3.537813E-05 -1.101413E-04 -3.764365E-04
4.501527E-02 3.814058E-05 -1.005864E-04 -3.737178E-04
4.657916E-02 3.701694E-03 -3.147850E-04 1.657513E-04
4.458444E-02 2.523393E-03 3.873945E-06 -3.957989E-05
4.307545E-02 4.041908E-05 -9.810555E-05 -1.505436E-04
4.138885E-02 4.160880E-05 -9.862957E-05 1.756342E-04
4.281081E-02 1.838845E-03 1.631277E-04 6.382715E-05
4.121782E-02 1.411892E-03 2.403619E-04 3.233714E-04
3.989795E-02 4.136044E-05 -1.002148E-04 5.455637E-04
3.856594E-02 3.969844E-05 -1.017993E-04 9.278689E-04
3.977975E-02 1.129074E-03 2.702479E-04 6.546603E-04
3.847800E-02 9.276990E-04 2.752353E-04 1.014259E-03
3.736639E-02 3.684954E-05 -1.026833E-04 1.307664E-03
3.627785E-02 3.318180E-05 -1.023345E-04 1.679601E-03
3.729626E-02 7.741523E-04 2.696911E-04 1.379708E-03
3.621863E-02 6.494121E-04 2.626703E-04 1.741745E-03
3.528095E-02 2.923860E-05 -1.004121E-04 2.044678E-03
3.435652E-02 2.574236E-05 -9.679079E-05 2.408392E-03
3.522892E-02 5.426376E-04 2.601795E-04 2.099099E-03
3.430990E-02 4.477421E-04 2.664089E-04 2.455932E-03
3.348433E-02 2.357063E-05 -9.157482E-05 2.779649E-03
3.264228E-02 2.370131E-05 -8.507560E-05 3.170041E-03
3.344267E-02 3.616763E-04 2.843890E-04 2.820342E-03
3.260598E-02 2.834406E-04 3.163228E-04 3.203473E-03
3.180573E-02 2.711807E-05 -7.772327E-05 3.593307E-03
3.094725E-02 3.466480E-05 -6.987462E-05 4.064853E-03
3.177572E-02 2.134269E-04 3.638084E-04 3.618940E-03
3.092452E-02 1.527848E-04 4.280447E-04 4.082387E-03
3.003703E-02 4.683514E-05 -6.148266E-05 4.601207E-03
2.904551E-02 6.347165E-05 -5.164445E-05 5.219162E-03
3.002201E-02 1.025625E-04 5.100115E-04 4.611048E-03
2.903708E-02 6.240111E-05 6.103856E-04 5.223059E-03
2.795397E-02 8.333880E-05 -3.823234E-05 5.934025E-03
2.680087E-02 1.035572E-04 -1.823321E-05 6.755653E-03
2.794822E-02 2.872346E-05 7.284340E-04 5.935873E-03
2.679007E-02 -7.139265E-06 8.584395E-04 6.762329E-03
2.590448E-02 1.190848E-04 1.016984E-05 7.680236E-03
2.698325E-02 1.230276E-04 4.419869E-05 8.676975E-03
2.587721E-02 -5.941858E-05 9.830795E-04 7.701903E-03
2.692678E-02 -1.445175E-04 1.072177E-03 8.725491E-03
3.896977E-02 1.093008E-04 8.290709E-05 9.673905E-03
9.627442E-02 7.620268E-05 2.189464E-04 1.054993E-02
3.887123E-02 -2.729686E-04 1.130781E-03 9.758231E-03
9.608722E-02 -4.484899E-04 1.523454E-03 1.067082E-02
-2.108713E-02 -9.664225E-03 -2.191348E-03 -1.824408E-02
2.379476E-02 -6.471410E-03 -9.755298E-03 -1.301840E-02
2.930524E-02 1.200483E-03 -5.409973E-03 -1.528561E-02
-2.574227E-02 -4.949297E-04 4.504100E-04 -1.317927E-02
3.159183E-02 -3.471178E-03 -9.282209E-03 -1.379910E-02
3.459647E-02 4.877083E-03 -8.382100E-03 -1.476218E-02
3.186702E-02 4.850003E-03 -5.598720E-03 -1.574744E-02
-2.595290E-02 4.447953E-03 -4.274865E-03 -1.343330E-02
3.707833E-02 6.401086E-03 -7.866607E-03 -1.596911E-02
3.343098E-02 -1.448475E-03 -9.613719E-03 -1.403405E-02
3.507878E-02 6.945838E-03 -9.606659E-03 -1.467406E-02
3.408518E-02 -2.439059E-04 -1.022479E-02 -1.419232E-02
3.508670E-02 8.215627E-03 -1.029353E-02 -1.462035E-02
3.665481E-02 8.109992E-03 -9.334083E-03 -1.554253E-02
3.612665E-02 9.363176E-03 -1.013493E-02 -1.522568E-02
3.432394E-02 5.379027E-04 -1.078338E-02 -1.426281E-02
3.503660E-02 9.079179E-03 -1.077940E-02 -1.455668E-02
3.431687E-02 1.131952E-03 -1.127660E-02 -1.425988E-02
3.491054E-02 9.745630E-03 -1.120061E-02 -1.446648E-02
3.580186E-02 1.027803E-02 -1.064759E-02 -1.499883E-02
3.554475E-02 1.099693E-02 -1.105735E-02 -1.480908E-02
3.413296E-02 1.672845E-03 -1.176286E-02 -1.418853E-02
3.469377E-02 1.033174E-02 -1.162437E-02 -1.433917E-02
3.381463E-02 2.223584E-03 -1.228733E-02 -1.405150E-02
3.438726E-02 1.089671E-02 -1.208578E-02 -1.416582E-02
3.527391E-02 1.161614E-02 -1.145240E-02 -1.462162E-02
3.495676E-02 1.219518E-02 -1.187386E-02 -1.441520E-02
3.338914E-02 2.807128E-03 -1.286919E-02 -1.384521E-02
3.399174E-02 1.147208E-02 -1.259581E-02 -1.393829E-02
3.285576E-02 3.439894E-03 -1.348833E-02 -1.355636E-02
3.351171E-02 1.208636E-02 -1.315379E-02 -1.365973E-02
3.458287E-02 1.277560E-02 -1.234119E-02 -1.418073E-02
3.415844E-02 1.339462E-02 -1.286915E-02 -1.392268E-02
3.223747E-02 4.152426E-03 -1.411407E-02 -1.321234E-02
3.297127E-02 1.277337E-02 -1.376593E-02 -1.335302E-02
3.155937E-02 4.959506E-03 -1.478546E-02 -1.286111E-02
3.240469E-02 1.355756E-02 -1.445885E-02 -1.304944E-02
3.370450E-02 1.408652E-02 -1.347647E-02 -1.365585E-02
3.324810E-02 1.487769E-02 -1.418721E-02 -1.339827E-02
3.082630E-02 5.923401E-03 -1.559763E-02 -1.250174E-02
3.182686E-02 1.446856E-02 -1.528222E-02 -1.276275E-02
3.000942E-02 7.096086E-03 -1.662141E-02 -1.211428E-02
3.123038E-02 1.554834E-02 -1.629441E-02 -1.248596E-02
3.280999E-02 1.579195E-02 -1.503403E-02 -1.316392E-02
3.240020E-02 1.686181E-02 -1.606307E-02 -1.295643E-02
2.910944E-02 8.550617E-03 -1.790107E-02 -1.168063E-02
3.061304E-02 1.685723E-02 -1.755418E-02 -1.220707E-02
2.811851E-02 1.037029E-02 -1.950540E-02 -1.118798E-02
2.997977E-02 1.845851E-02 -1.912358E-02 -1.191535E-02
3.202630E-02 1.813334E-02 -1.733024E-02 -1.277130E-02
3.169999E-02 1.966275E-02 -1.889636E-02 -1.260063E-02
2.701320E-02 1.266323E-02 -2.153739E-02 -1.059050E-02
2.932219E-02 2.042887E-02 -2.107818E-02 -1.158827E-02
2.570212E-02 1.557050E-02 -2.412205E-02 -9.751316E-03
2.862116E-02 2.290171E-02 -2.352117E-02 -1.120060E-02
3.144327E-02 2.152737E-02 -2.083826E-02 -1.244159E-02
3.131691E-02 2.385454E-02 -2.328600E-02 -1.231085E-02
2.406673E-02 1.928601E-02 -2.734593E-02 -8.573638E-03
2.792669E-02 2.611431E-02 -2.664924E-02 -1.077974E-02
2.201118E-02 2.416643E-02 -3.157948E-02 -7.300304E-03
2.739615E-02 3.044999E-02 -3.088315E-02 -1.043564E-02
3.147058E-02 2.683681E-02 -2.648117E-02 -1.225255E-02
3.220438E-02 3.072379E-02 -3.087066E-02 -1.230856E-02
1.925776E-02 3.138695E-02 -3.787450E-02 -5.887270E-03
2.743532E-02 3.668158E-02 -3.720753E-02 -1.030626E-02
1.562416E-02 4.343615E-02 -4.894984E-02 -4.190425E-03
2.904002E-02 4.601820E-02 -4.781659E-02 -1.017615E-02
3.397547E-02 3.562786E-02 -3.717933E-02 -1.227111E-02
3.647618E-02 4.027936E-02 -4.558014E-02 -1.037764E-02
1.118864E-02 6.670914E-02 -7.294054E-02 -5.333397E-04
3.266835E-02 5.713494E-02 -6.499062E-02 -5.462672E-03
5.996727E-03 1.053127E-01 -1.283113E-01 2.478708E-02
1.917463E-02 6.272762E-02 -6.824538E-02 1.906921E-02
3.483997E-02 4.100737E-02 -5.159367E-02 -1.860487E-03
2.482884E-02 4.083901E-02 -4.800012E-02 1.276312E-02
-2.763703E-02 9.840908E-02 -1.306802E-01 8.768359E-02
-2.637942E-02 7.927566E-02 -1.079993E-01 6.538185E-02
-3.152215E-02 8.258430E-02 -1.002755E-01 7.812905E-02
-5.090762E-03 5.781080E-02 -6.501707E-02 4.069753E-02
-2.900814E-02 7.287371E-02 -9.254627E-02 6.747592E-02
7.112239E-03 4.906278E-02 -5.182617E-02 4.641417E-02
4.284758E-02 1.194040E-02 -6.211434E-03 5.724046E-03
-2.882756E-02 7.383911E-02 -8.685683E-02 7.114589E-02
1.304462E-02 3.748216E-02 -3.973453E-02 3.560597E-02
4.419515E-02 7.119222E-03 -1.344993E-03 1.736192E-03
4.332560E-02 4.915477E-03 -1.877626E-04 8.449903E-04
3.961385E-02 1.077981E-02 -5.254343E-03 5.181773E-03
4.114343E-02 7.098286E-03 -1.122842E-03 2.222945E-03
4.203433E-02 3.611509E-03 2.719455E-04 6.605368E-04
4.070918E-02 2.781646E-03 4.865127E-04 7.446456E-04
4.078868E-02 5.269439E-03 6.836431E-05 1.518040E-03
3.988880E-02 4.101231E-03 5.696413E-04 1.378891E-03
3.942765E-02 2.220410E-03 5.837383E-04 9.694043E-04
3.821911E-02 1.820903E-03 6.167834E-04 1.262435E-03
3.885377E-02 3.298640E-03 7.951938E-04 1.458697E-03
3.779413E-02 2.714454E-03 8.925965E-04 1.657140E-03
3.709312E-02 1.517866E-03 6.188574E-04 1.585632E-03
3.604948E-02 1.273404E-03 6.111881E-04 1.919089E-03
3.675996E-02 2.268757E-03 9.241933E-04 1.916620E-03
3.577274E-02 1.908854E-03 9.287319E-04 2.206328E-03
3.508115E-02 1.065082E-03 6.076876E-04 2.255334E-03
3.417652E-02 8.799012E-04 6.178953E-04 2.594721E-03
3.483968E-02 1.602385E-03 9.311684E-04 2.510173E-03
3.395802E-02 1.329689E-03 9.485313E-04 2.823063E-03
3.332028E-02 7.107301E-04 6.487422E-04 2.942974E-03
3.249369E-02 5.543886E-04 7.055037E-04 3.309753E-03
3.311828E-02 1.079560E-03 9.929704E-04 3.147114E-03
3.230569E-02 8.464033E-04 1.073793E-03 3.489657E-03
3.167427E-02 4.104113E-04 7.923567E-04 3.707927E-03
3.083537E-02 2.799552E-04 9.127559E-04 4.153240E-03
3.150044E-02 6.284844E-04 1.198681E-03 3.862260E-03
3.067712E-02 4.263992E-04 1.374560E-03 4.280579E-03
2.994587E-02 1.643436E-04 1.069602E-03 4.664208E-03
2.897181E-02 6.282000E-05 1.264697E-03 5.261954E-03
2.980375E-02 2.410661E-04 1.608065E-03 4.764817E-03
2.884221E-02 7.058425E-05 1.904771E-03 5.340518E-03
2.788608E-02 -3.063136E-05 1.496051E-03 5.969161E-03
2.671563E-02 -1.305462E-04 1.750389E-03 6.806113E-03
2.775700E-02 -9.430583E-05 2.264733E-03 6.038662E-03
2.656367E-02 -2.748432E-04 2.669560E-03 6.891937E-03
2.576875E-02 -2.603475E-04 1.990140E-03 7.779952E-03
2.676255E-02 -4.450802E-04 2.152041E-03 8.863841E-03
2.556250E-02 -5.037962E-04 3.058724E-03 7.920375E-03
2.647509E-02 -8.116423E-04 3.322953E-03 9.099493E-03
3.862885E-02 -6.968644E-04 2.240061E-03 9.973327E-03
9.565856E-02 -1.018713E-03 2.900884E-03 1.096189E-02
3.823541E-02 -1.203090E-03 3.450274E-03 1.032525E-02
9.499147E-02 -1.672695E-03 4.387324E-03 1.142426E-02
3.244492E-02 7.029536E-03 -6.805281E-03 -1.567604E-02
-2.571594E-02 6.755422E-03 -6.756148E-03 -1.416994E-02
3.838482E-02 7.506754E-03 -7.727297E-03 -1.636450E-02
3.264324E-02 8.280511E-03 -7.826956E-03 -1.576555E-02
-2.545148E-02 8.003155E-03 -8.063011E-03 -1.485552E-02
3.887516E-02 8.490480E-03 -8.041359E-03 -1.640914E-02
3.796606E-02 8.463719E-03 -8.925599E-03 -1.622446E-02
3.715675E-02 9.506531E-03 -9.803960E-03 -1.584866E-02
3.880480E-02 8.937943E-03 -8.698475E-03 -1.655590E-02
3.803695E-02 9.639536E-03 -9.444278E-03 -1.632767E-02
3.660751E-02 1.039727E-02 -1.039099E-02 -1.550985E-02
3.621518E-02 1.113776E-02 -1.083459E-02 -1.522775E-02
3.738920E-02 1.040062E-02 -1.005711E-02 -1.598451E-02
3.689705E-02 1.111011E-02 -1.054234E-02 -1.565082E-02
3.587600E-02 1.178135E-02 -1.123342E-02 -1.497653E-02
3.553815E-02 1.237910E-02 -1.164253E-02 -1.473398E-02
3.649492E-02 1.175668E-02 -1.096683E-02 -1.534895E-02
3.613523E-02 1.236665E-02 -1.138813E-02 -1.507262E-02
3.518327E-02 1.297456E-02 -1.209474E-02 -1.449007E-02
3.481383E-02 1.360568E-02 -1.261558E-02 -1.424577E-02
3.579668E-02 1.297462E-02 -1.184820E-02 -1.481503E-02
3.547686E-02 1.361363E-02 -1.237959E-02 -1.457452E-02
3.444477E-02 1.430462E-02 -1.322920E-02 -1.400850E-02
3.409689E-02 1.509746E-02 -1.396009E-02 -1.378832E-02
3.518502E-02 1.431218E-02 -1.301017E-02 -1.435354E-02
3.493744E-02 1.509423E-02 -1.376613E-02 -1.415696E-02
3.379210E-02 1.600724E-02 -1.483675E-02 -1.359554E-02
3.355009E-02 1.705998E-02 -1.589740E-02 -1.343676E-02
3.475482E-02 1.598057E-02 -1.467553E-02 -1.399071E-02
3.466046E-02 1.699168E-02 -1.577284E-02 -1.385958E-02
3.338942E-02 1.829003E-02 -1.719172E-02 -1.331284E-02
3.333607E-02 1.974427E-02 -1.878229E-02 -1.322264E-02
3.468105E-02 1.815148E-02 -1.710356E-02 -1.376518E-02
3.485357E-02 1.948957E-02 -1.872976E-02 -1.370538E-02
3.344110E-02 2.148825E-02 -2.075803E-02 -1.317095E-02
3.380333E-02 2.360512E-02 -2.326151E-02 -1.316695E-02
3.523487E-02 2.103423E-02 -2.073747E-02 -1.366928E-02
3.589650E-02 2.278010E-02 -2.323550E-02 -1.360957E-02
3.458117E-02 2.615949E-02 -2.651290E-02 -1.318789E-02
3.591824E-02 2.904120E-02 -3.076250E-02 -1.302483E-02
3.685965E-02 2.459702E-02 -2.630357E-02 -1.335559E-02
3.786698E-02 2.605352E-02 -2.978018E-02 -1.243017E-02
3.746571E-02 3.150790E-02 -3.586345E-02 -1.181687E-02
3.726894E-02 3.200483E-02 -4.010866E-02 -7.696236E-03
3.800499E-02 2.639444E-02 -3.285124E-02 -9.965674E-03
3.602154E-02 2.535035E-02 -3.412735E-02 -5.367547E-03
3.298888E-02 3.062301E-02 -4.058484E-02 1.883118E-04
2.662719E-02 3.047483E-02 -3.620775E-02 9.583178E-03
3.198775E-02 2.403663E-02 -3.275700E-02 7.395754E-04
2.783935E-02 2.392748E-02 -2.906564E-02 6.854027E-03
2.090850E-02 3.454484E-02 -2.846706E-02 1.688828E-02
-2.167821E-02 6.179878E-02 -8.039339E-02 5.483407E-02
2.475967E-02 2.564076E-02 -2.538967E-02 1.178767E-02
1.124767E-02 3.677022E-02 -3.263856E-02 2.411353E-02
-2.882685E-02 6.806978E-02 -8.494349E-02 6.535466E-02
-2.677105E-02 6.758643E-02 -7.919483E-02 6.603885E-02
-2.594976E-02 6.228998E-02 -7.995784E-02 5.953399E-02
-2.808677E-02 6.457248E-02 -7.944548E-02 6.356436E-02
1.955379E-02 2.772926E-02 -2.895763E-02 2.658023E-02
3.774845E-02 9.504883E-03 -3.985098E-03 4.743652E-03
-2.450983E-02 6.233121E-02 -7.313002E-02 6.179168E-02
2.559744E-02 1.973194E-02 -1.942602E-02 1.906849E-02
3.897277E-02 6.763189E-03 -6.873240E-04 2.650135E-03
3.878932E-02 5.299643E-03 4.011064E-04 2.142300E-03
3.667961E-02 8.323410E-03 -2.518168E-03 4.419025E-03
3.736382E-02 6.370715E-03 -1.189024E-04 3.067703E-03
3.808694E-02 4.310894E-03 8.769495E-04 2.068616E-03
3.722201E-02 3.584003E-03 1.084809E-03 2.165571E-03
3.715751E-02 5.214693E-03 7.794897E-04 2.750138E-03
3.653267E-02 4.386999E-03 1.186618E-03 2.745975E-03
3.630680E-02 3.016603E-03 1.172461E-03 2.354772E-03
3.539481E-02 2.553357E-03 1.204766E-03 2.592847E-03
3.575705E-02 3.737302E-03 1.360492E-03 2.870355E-03
3.492987E-02 3.195400E-03 1.436206E-03 3.060840E-03
3.450910E-02 2.156483E-03 1.222167E-03 2.857263E-03
3.365798E-02 1.801940E-03 1.250995E-03 3.137310E-03
3.409880E-02 2.723728E-03 1.476623E-03 3.285802E-03
3.328303E-02 2.297712E-03 1.520969E-03 3.531097E-03
3.283929E-02 1.475106E-03 1.310145E-03 3.431212E-03
3.204337E-02 1.168047E-03 1.414071E-03 3.743532E-03
3.248815E-02 1.901579E-03 1.595696E-03 3.791991E-03
3.170988E-02 1.525910E-03 1.721398E-03 4.070671E-03
3.125385E-02 8.774118E-04 1.575117E-03 4.084181E-03
3.044690E-02 6.025622E-04 1.805269E-03 4.468557E-03
3.093553E-02 1.165772E-03 1.916188E-03 4.375413E-03
3.014273E-02 8.187210E-04 2.198913E-03 4.721372E-03
2.958930E-02 3.430117E-04 2.117422E-03 4.918844E-03
2.863724E-02 9.428417E-05 2.524910E-03 5.466296E-03
2.929617E-02 4.816799E-04 2.591897E-03 5.133074E-03
2.834391E-02 1.454106E-04 3.121693E-03 5.648969E-03
2.754376E-02 -1.581964E-04 3.035245E-03 6.153366E-03
2.630925E-02 -4.450222E-04 3.629250E-03 7.030835E-03
2.722306E-02 -2.139347E-04 3.811337E-03 6.326837E-03
2.591466E-02 -6.421722E-04 4.647563E-03 7.242563E-03
2.522693E-02 -8.095487E-04 4.218396E-03 8.137416E-03
2.603610E-02 -1.280898E-03 4.622935E-03 9.447809E-03
2.471147E-02 -1.196528E-03 5.503473E-03 8.458898E-03
2.540246E-02 -1.891418E-03 6.083186E-03 9.936452E-03
3.768360E-02 -1.836506E-03 4.789341E-03 1.082033E-02
9.410736E-02 -2.446415E-03 5.994448E-03 1.204699E-02
3.697271E-02 -2.639640E-03 6.254679E-03 1.146086E-02
9.306400E-02 -3.362287E-03 7.682703E-03 1.279184E-02
3.283380E-02 9.016144E-03 -8.507517E-03 -1.600834E-02
-2.520635E-02 8.733829E-03 -8.802092E-03 -1.545761E-02
3.909797E-02 9.203738E-03 -8.441249E-03 -1.647091E-02
3.305770E-02 9.454293E-03 -8.928029E-03 -1.633622E-02
-2.497718E-02 9.167124E-03 -9.233564E-03 -1.601305E-02
3.927975E-02 9.664868E-03 -8.753036E-03 -1.662623E-02
3.925891E-02 9.450523E-03 -8.698175E-03 -1.669488E-02
3.867658E-02 9.879226E-03 -9.185146E-03 -1.662493E-02
3.952857E-02 9.862422E-03 -8.790448E-03 -1.680619E-02
3.910397E-02 1.014622E-02 -9.045843E-03 -1.680688E-02
3.807129E-02 1.045380E-02 -9.721681E-03 -1.636198E-02
3.755002E-02 1.107655E-02 -1.021384E-02 -1.603431E-02
3.861185E-02 1.055816E-02 -9.443087E-03 -1.663168E-02
3.813302E-02 1.106611E-02 -9.890488E-03 -1.634969E-02
3.711277E-02 1.169315E-02 -1.066441E-02 -1.570954E-02
3.673960E-02 1.229746E-02 -1.111116E-02 -1.540880E-02
3.770254E-02 1.162049E-02 -1.034641E-02 -1.603244E-02
3.733373E-02 1.219470E-02 -1.081677E-02 -1.572160E-02
3.641625E-02 1.290625E-02 -1.159429E-02 -1.513563E-02
3.613912E-02 1.354270E-02 -1.214869E-02 -1.488979E-02
3.702851E-02 1.278617E-02 -1.132826E-02 -1.543446E-02
3.678784E-02 1.340484E-02 -1.191163E-02 -1.517617E-02
3.591374E-02 1.422925E-02 -1.280440E-02 -1.467142E-02
3.575273E-02 1.498539E-02 -1.358899E-02 -1.448158E-02
3.661644E-02 1.406423E-02 -1.259605E-02 -1.494706E-02
3.652389E-02 1.477668E-02 -1.340867E-02 -1.474529E-02
3.567417E-02 1.582721E-02 -1.453050E-02 -1.432156E-02
3.570072E-02 1.676778E-02 -1.566111E-02 -1.419116E-02
3.652413E-02 1.555063E-02 -1.437599E-02 -1.456686E-02
3.663416E-02 1.638786E-02 -1.552560E-02 -1.440318E-02
3.585964E-02 1.781683E-02 -1.702117E-02 -1.408537E-02
3.618257E-02 1.897490E-02 -1.866126E-02 -1.398659E-02
3.687043E-02 1.727801E-02 -1.688619E-02 -1.423473E-02
3.723812E-02 1.818553E-02 -1.848045E-02 -1.401707E-02
3.669563E-02 2.021217E-02 -2.063405E-02 -1.384464E-02
3.737618E-02 2.141913E-02 -2.295539E-02 -1.353005E-02
3.770298E-02 1.902447E-02 -2.029998E-02 -1.365479E-02
3.813507E-02 1.962851E-02 -2.224938E-02 -1.296768E-02
3.804141E-02 2.233438E-02 -2.549766E-02 -1.275770E-02
3.820036E-02 2.255454E-02 -2.782531E-02 -1.106755E-02
3.824571E-02 1.976344E-02 -2.407278E-02 -1.168892E-02
3.762807E-02 1.926489E-02 -2.535639E-02 -9.576221E-03
3.715614E-02 2.184822E-02 -2.921175E-02 -8.078939E-03
3.462684E-02 2.060998E-02 -2.908938E-02 -3.928378E-03
3.601385E-02 1.826060E-02 -2.571712E-02 -6.621250E-03
3.356802E-02 1.720249E-02 -2.502588E-02 -3.128707E-03
3.127454E-02 1.970729E-02 -2.737616E-02 7.122831E-04
2.842322E-02 1.971784E-02 -2.445662E-02 4.988095E-03
3.090430E-02 1.658512E-02 -2.338442E-02 4.352344E-04
2.876540E-02 1.659522E-02 -2.110324E-02 3.631131E-03
2.686612E-02 2.040747E-02 -2.135642E-02 8.393561E-03
2.573981E-02 2.185543E-02 -1.811725E-02 1.056386E-02
2.746008E-02 1.707530E-02 -1.880477E-02 6.267870E-03
2.692170E-02 1.780863E-02 -1.655847E-02 8.360341E-03
-3.941441E-03 4.370269E-02 -4.919294E-02 3.632726E-02
-2.598864E-02 6.043332E-02 -7.585959E-02 5.946657E-02
2.484039E-02 2.030076E-02 -1.430137E-02 1.056633E-02
-1.632008E-02 4.995831E-02 -6.285844E-02 4.713012E-02
-2.680603E-02 6.137723E-02 -7.475354E-02 6.157954E-02
-2.103062E-02 5.668899E-02 -6.684803E-02 5.715895E-02
-2.624979E-02 5.840038E-02 -7.323705E-02 5.876612E-02
-2.594046E-02 5.856677E-02 -7.128665E-02 5.984962E-02
3.037837E-02 1.354564E-02 -1.148574E-02 1.310411E-02
3.606204E-02 7.222763E-03 -9.468108E-04 4.170293E-03
-1.577916E-02 4.992594E-02 -5.941438E-02 5.145757E-02
3.317806E-02 9.329434E-03 -5.675010E-03 8.927133E-03
3.611877E-02 5.979587E-03 5.527950E-04 3.484480E-03
3.576461E-02 5.093807E-03 1.191038E-03 3.363283E-03
3.552697E-02 6.294115E-03 5.145017E-04 4.055967E-03
3.506367E-02 5.628007E-03 1.257744E-03 3.919978E-03
3.514020E-02 4.400269E-03 1.495023E-03 3.430975E-03
3.440215E-02 3.814833E-03 1.627930E-03 3.585528E-03
3.451142E-02 4.973139E-03 1.612336E-03 3.996530E-03
3.384233E-02 4.390464E-03 1.797532E-03 4.138906E-03
3.362503E-02 3.293875E-03 1.697201E-03 3.779736E-03
3.284446E-02 2.813446E-03 1.758522E-03 3.994538E-03
3.311084E-02 3.852224E-03 1.893355E-03 4.319248E-03
3.235883E-02 3.341380E-03 1.969213E-03 4.514250E-03
3.207294E-02 2.359820E-03 1.848285E-03 4.223814E-03
3.131095E-02 1.924071E-03 1.993538E-03 4.468638E-03
3.160583E-02 2.847125E-03 2.070435E-03 4.718345E-03
3.085564E-02 2.363821E-03 2.231349E-03 4.932753E-03
3.054880E-02 1.500436E-03 2.219033E-03 4.736330E-03
2.976478E-02 1.084433E-03 2.552257E-03 5.042198E-03
3.010008E-02 1.886163E-03 2.483602E-03 5.165247E-03
2.931630E-02 1.407946E-03 2.865054E-03 5.432214E-03
2.891958E-02 6.691423E-04 3.028838E-03 5.413848E-03
2.794889E-02 2.375013E-04 3.696004E-03 5.899258E-03
2.845747E-02 9.170630E-04 3.429546E-03 5.765893E-03
2.743934E-02 3.842265E-04 4.255649E-03 6.228030E-03
2.676629E-02 -2.501019E-04 4.603986E-03 6.577415E-03
2.532758E-02 -8.652520E-04 5.754281E-03 7.559082E-03
2.613873E-02 -2.562563E-04 5.438158E-03 6.929057E-03
2.447791E-02 -1.117950E-03 7.002742E-03 8.029861E-03
2.394361E-02 -1.684152E-03 6.957739E-03 8.933310E-03
2.452097E-02 -2.678339E-03 7.715577E-03 1.060891E-02
2.282980E-02 -2.297702E-03 8.639269E-03 9.637650E-03
2.335064E-02 -3.662296E-03 9.485924E-03 1.151961E-02
3.612350E-02 -3.634747E-03 7.782525E-03 1.223568E-02
9.197671E-02 -4.405988E-03 9.325716E-03 1.357337E-02
3.520107E-02 -4.790865E-03 9.211770E-03 1.310085E-02
9.102473E-02 -5.495587E-03 1.069116E-02 1.424831E-02
3.330636E-02 9.698672E-03 -9.163891E-03 -1.670970E-02
-2.475745E-02 9.407011E-03 -9.471298E-03 -1.654643E-02
3.947662E-02 9.932086E-03 -8.942982E-03 -1.685837E-02
3.356999E-02 9.800703E-03 -9.261240E-03 -1.710851E-02
-2.454283E-02 9.505958E-03 -9.568676E-03 -1.706918E-02
3.969405E-02 1.005002E-02 -9.019055E-03 -1.714103E-02
3.973878E-02 1.013074E-02 -8.870132E-03 -1.695468E-02
3.940328E-02 1.035677E-02 -8.970608E-03 -1.695175E-02
3.993993E-02 1.026063E-02 -8.891244E-03 -1.714797E-02
3.964258E-02 1.046983E-02 -8.900597E-03 -1.710209E-02
3.902146E-02 1.066408E-02 -9.230521E-03 -1.682437E-02
3.862348E-02 1.106559E-02 -9.600120E-03 -1.659151E-02
3.933862E-02 1.072119E-02 -9.057028E-03 -1.697875E-02
3.902360E-02 1.104306E-02 -9.345343E-03 -1.677335E-02
3.823786E-02 1.154012E-02 -1.003330E-02 -1.629960E-02
3.789562E-02 1.206136E-02 -1.051310E-02 -1.599172E-02
3.870265E-02 1.143809E-02 -9.736103E-03 -1.650551E-02
3.840478E-02 1.189197E-02 -1.020686E-02 -1.620555E-02
3.761537E-02 1.261461E-02 -1.104794E-02 -1.569405E-02
3.740652E-02 1.319685E-02 -1.165853E-02 -1.541793E-02
3.815694E-02 1.238795E-02 -1.075218E-02 -1.589901E-02
3.797607E-02 1.291410E-02 -1.138052E-02 -1.560006E-02
3.727560E-02 1.381078E-02 -1.236895E-02 -1.516529E-02
3.722959E-02 1.445910E-02 -1.320272E-02 -1.493193E-02
3.787127E-02 1.346254E-02 -1.210701E-02 -1.531169E-02
3.784669E-02 1.402487E-02 -1.294757E-02 -1.502714E-02
3.727616E-02 1.513951E-02 -1.418138E-02 -1.470755E-02
3.742067E-02 1.583903E-02 -1.532271E-02 -1.447223E-02
3.790138E-02 1.458639E-02 -1.391424E-02 -1.472927E-02
3.802449E-02 1.511903E-02 -1.500937E-02 -1.438659E-02
3.765779E-02 1.652503E-02 -1.663485E-02 -1.418800E-02
3.795330E-02 1.713190E-02 -1.810099E-02 -1.378442E-02
3.818448E-02 1.557333E-02 -1.621550E-02 -1.394610E-02
3.831250E-02 1.587292E-02 -1.747897E-02 -1.332603E-02
3.821382E-02 1.754874E-02 -1.964971E-02 -1.314264E-02
3.825756E-02 1.762988E-02 -2.111980E-02 -1.209746E-02
3.828774E-02 1.592218E-02 -1.869239E-02 -1.241859E-02
3.794685E-02 1.564171E-02 -1.969440E-02 -1.111783E-02
3.783299E-02 1.726184E-02 -2.226003E-02 -1.049090E-02
3.673495E-02 1.647614E-02 -2.281324E-02 -8.276799E-03
3.714043E-02 1.502846E-02 -2.031001E-02 -9.374408E-03
3.582089E-02 1.419707E-02 -2.042181E-02 -7.242387E-03
3.496499E-02 1.550173E-02 -2.264501E-02 -5.588723E-03
3.279058E-02 1.466785E-02 -2.178096E-02 -2.689956E-03
3.409612E-02 1.335178E-02 -2.001394E-02 -4.871019E-03
3.220760E-02 1.269796E-02 -1.914651E-02 -2.447660E-03
3.066070E-02 1.422235E-02 -2.032999E-02 1.311834E-04
2.901481E-02 1.419990E-02 -1.848973E-02 2.629948E-03
3.045917E-02 1.235291E-02 -1.790614E-02 -1.477264E-04
2.911224E-02 1.230088E-02 -1.642304E-02 1.893055E-03
2.802190E-02 1.444812E-02 -1.659921E-02 4.706870E-03
2.752128E-02 1.480805E-02 -1.479923E-02 6.447939E-03
2.826281E-02 1.242496E-02 -1.487500E-02 3.624439E-03
2.788632E-02 1.260083E-02 -1.332207E-02 5.061438E-03
2.711196E-02 1.551374E-02 -1.308303E-02 7.932057E-03
1.907548E-02 2.255249E-02 -1.726367E-02 1.472677E-02
2.791449E-02 1.269331E-02 -1.161546E-02 6.215140E-03
2.746847E-02 1.328868E-02 -1.013706E-02 7.172154E-03
-2.251615E-02 5.293222E-02 -6.821392E-02 5.312880E-02
-2.648325E-02 5.666957E-02 -7.116460E-02 5.828670E-02
8.588595E-03 2.824554E-02 -2.761817E-02 2.319743E-02
-2.421664E-02 5.309522E-02 -6.796361E-02 5.502228E-02
-2.535756E-02 5.624663E-02 -6.855265E-02 5.854632E-02
-8.025937E-03 4.165511E-02 -4.989006E-02 4.427322E-02
-2.614054E-02 5.493174E-02 -6.883069E-02 5.764180E-02
-2.472827E-02 5.422944E-02 -6.607707E-02 5.734643E-02
3.396373E-02 7.065968E-03 -2.139402E-03 6.615124E-03
3.478635E-02 5.679814E-03 1.608115E-03 4.204964E-03
2.334472E-03 3.203065E-02 -3.785052E-02 3.558627E-02
3.335857E-02 6.302254E-03 -3.246016E-04 5.892653E-03
3.404496E-02 5.356901E-03 1.883010E-03 4.429383E-03
3.331893E-02 4.883893E-03 2.006327E-03 4.672606E-03
3.373165E-02 5.438455E-03 2.219731E-03 4.707501E-03
3.294726E-02 5.226691E-03 2.333391E-03 5.083649E-03
3.259013E-02 4.383204E-03 2.089363E-03 4.878504E-03
3.184821E-02 3.871471E-03 2.164606E-03 5.074890E-03
3.212368E-02 4.852048E-03 2.338994E-03 5.416493E-03
3.134669E-02 4.392167E-03 2.367777E-03 5.654907E-03
3.110328E-02 3.358397E-03 2.268646E-03 5.264984E-03
3.035670E-02 2.843866E-03 2.438767E-03 5.456158E-03
3.058611E-02 3.887231E-03 2.454557E-03 5.852251E-03
2.983042E-02 3.361580E-03 2.622309E-03 6.030481E-03
2.959948E-02 2.325479E-03 2.712550E-03 5.658025E-03
2.880434E-02 1.795682E-03 3.140063E-03 5.889927E-03
2.906064E-02 2.818987E-03 2.910735E-03 6.208391E-03
2.823969E-02 2.251889E-03 3.382837E-03 6.411079E-03
2.791089E-02 1.235449E-03 3.800200E-03 6.191636E-03
2.680160E-02 5.961717E-04 4.819305E-03 6.646696E-03
2.728269E-02 1.630849E-03 4.153474E-03 6.691690E-03
2.601546E-02 8.750008E-04 5.423834E-03 7.170954E-03
2.529415E-02 -2.309731E-04 6.363592E-03 7.415503E-03
2.327071E-02 -1.424049E-03 8.486925E-03 8.731748E-03
2.416002E-02 -1.972737E-04 7.473513E-03 8.092848E-03
2.157351E-02 -1.852726E-03 1.035956E-02 9.789033E-03
2.127116E-02 -3.077082E-03 1.061634E-02 1.068160E-02
2.192096E-02 -4.819471E-03 1.126094E-02 1.270717E-02
1.920860E-02 -4.084305E-03 1.292187E-02 1.219389E-02
2.041382E-02 -6.056081E-03 1.274009E-02 1.412212E-02
3.434479E-02 -5.981656E-03 1.026648E-02 1.395360E-02
9.041387E-02 -6.465063E-03 1.148881E-02 1.464020E-02
3.375960E-02 -6.962686E-03 1.061729E-02 1.461831E-02
9.028539E-02 -7.095975E-03 1.149670E-02 1.461658E-02
3.384195E-02 9.787514E-03 -9.246605E-03 -1.752121E-02
-2.433116E-02 9.491664E-03 -9.552952E-03 -1.758577E-02
3.992675E-02 1.004619E-02 -8.994696E-03 -1.745433E-02
3.411747E-02 9.674035E-03 -9.135339E-03 -1.794014E-02
-2.412177E-02 9.379405E-03 -9.439066E-03 -1.809702E-02
4.016832E-02 9.936617E-03 -8.880473E-03 -1.778435E-02
4.014634E-02 1.026732E-02 -8.839711E-03 -1.737570E-02
3.985829E-02 1.047413E-02 -8.798876E-03 -1.727017E-02
4.035882E-02 1.016363E-02 -8.713288E-03 -1.762498E-02
4.006500E-02 1.037052E-02 -8.646531E-03 -1.745353E-02
3.959985E-02 1.069772E-02 -8.887806E-03 -1.712005E-02
3.935033E-02 1.096588E-02 -9.109429E-03 -1.691412E-02
3.982832E-02 1.057875E-02 -8.695163E-03 -1.725827E-02
3.962211E-02 1.081033E-02 -8.868939E-03 -1.702796E-02
3.909386E-02 1.129230E-02 -9.451999E-03 -1.665502E-02
3.884709E-02 1.167441E-02 -9.898682E-03 -1.635736E-02
3.941706E-02 1.108058E-02 -9.167336E-03 -1.675712E-02
3.921621E-02 1.139321E-02 -9.581425E-03 -1.644817E-02
3.863507E-02 1.209952E-02 -1.043830E-02 -1.603862E-02
3.847710E-02 1.255200E-02 -1.106892E-02 -1.571047E-02
3.903625E-02 1.174039E-02 -1.010005E-02 -1.610809E-02
3.889281E-02 1.210633E-02 -1.071456E-02 -1.574208E-02
3.838299E-02 1.301568E-02 -1.179486E-02 -1.537461E-02
3.835296E-02 1.347182E-02 -1.262094E-02 -1.502112E-02
3.879288E-02 1.247006E-02 -1.141880E-02 -1.534779E-02
3.873130E-02 1.280548E-02 -1.220505E-02 -1.491176E-02
3.837604E-02 1.389434E-02 -1.354585E-02 -1.462680E-02
3.842485E-02 1.424448E-02 -1.455396E-02 -1.415232E-02
3.868779E-02 1.307935E-02 -1.305750E-02 -1.440723E-02
3.862316E-02 1.324993E-02 -1.394473E-02 -1.379360E-02
3.844705E-02 1.446769E-02 -1.560505E-02 -1.353968E-02
3.835834E-02 1.449857E-02 -1.662483E-02 -1.271528E-02
3.847665E-02 1.326997E-02 -1.481343E-02 -1.301950E-02
3.816975E-02 1.309784E-02 -1.558804E-02 -1.203270E-02
3.804770E-02 1.428048E-02 -1.750485E-02 -1.160569E-02
3.740674E-02 1.379908E-02 -1.812336E-02 -1.016795E-02
3.762268E-02 1.271677E-02 -1.618193E-02 -1.079799E-02
3.678273E-02 1.215346E-02 -1.652022E-02 -9.316531E-03
3.637877E-02 1.311083E-02 -1.838518E-02 -8.419623E-03
3.499856E-02 1.233907E-02 -1.825582E-02 -6.444216E-03
3.565152E-02 1.148169E-02 -1.656357E-02 -7.634022E-03
3.429388E-02 1.080361E-02 -1.631616E-02 -5.830135E-03
3.339389E-02 1.163231E-02 -1.776144E-02 -4.364664E-03
3.175309E-02 1.110974E-02 -1.695799E-02 -2.307217E-03
3.282435E-02 1.021779E-02 -1.581278E-02 -3.996247E-03
3.138247E-02 9.790082E-03 -1.509697E-02 -2.216671E-03
3.027978E-02 1.082121E-02 -1.590759E-02 -3.806937E-04
2.913280E-02 1.073534E-02 -1.469286E-02 1.335508E-03
3.010580E-02 9.536797E-03 -1.421114E-02 -5.608926E-04
2.909706E-02 9.424469E-03 -1.320652E-02 9.211864E-04
2.836812E-02 1.077067E-02 -1.341975E-02 2.812173E-03
2.795723E-02 1.084240E-02 -1.212988E-02 4.070414E-03
2.839505E-02 9.390109E-03 -1.214114E-02 2.209749E-03
2.798729E-02 9.373706E-03 -1.103762E-02 3.310461E-03
2.790156E-02 1.088536E-02 -1.073392E-02 5.103126E-03
2.825301E-02 1.078702E-02 -9.039245E-03 5.819334E-03
2.785787E-02 9.327081E-03 -9.856354E-03 4.230534E-03
2.799683E-02 9.220687E-03 -8.522798E-03 4.954713E-03
2.749423E-02 1.162683E-02 -7.653622E-03 6.560225E-03
-3.561760E-03 3.528945E-02 -4.135475E-02 3.358028E-02
2.834351E-02 9.140174E-03 -6.993203E-03 5.461503E-03
2.570846E-02 1.159856E-02 -7.016061E-03 7.480407E-03
-2.437806E-02 5.192597E-02 -6.624316E-02 5.500119E-02
-2.548346E-02 5.304459E-02 -6.646130E-02 5.675920E-02
-1.364000E-02 4.115162E-02 -5.279345E-02 4.262407E-02
-2.453188E-02 5.052567E-02 -6.487117E-02 5.464879E-02
-2.378673E-02 5.203361E-02 -6.350772E-02 5.591510E-02
1.403664E-02 2.208235E-02 -2.422229E-02 2.613102E-02
-2.483941E-02 5.114589E-02 -6.432566E-02 5.585339E-02
-2.167516E-02 4.879097E-02 -6.001875E-02 5.350874E-02
3.243235E-02 6.220045E-03 7.508291E-04 6.126149E-03
3.248845E-02 5.509140E-03 2.504572E-03 5.548681E-03
2.432700E-02 1.359072E-02 -1.132811E-02 1.754982E-02
3.185834E-02 6.185798E-03 1.967780E-03 6.679821E-03
3.173953E-02 5.252384E-03 2.613008E-03 5.912796E-03
3.089127E-02 4.885646E-03 2.604531E-03 6.236216E-03
3.128095E-02 5.725453E-03 2.774192E-03 6.555621E-03
3.046648E-02 5.387928E-03 2.823531E-03 6.858007E-03
3.008317E-02 4.426295E-03 2.644061E-03 6.466905E-03
2.929636E-02 3.913622E-03 2.791823E-03 6.647269E-03
2.960780E-02 4.978682E-03 2.841434E-03 7.112882E-03
2.877543E-02 4.498708E-03 2.954098E-03 7.301718E-03
2.850047E-02 3.366244E-03 3.084373E-03 6.808726E-03
2.763563E-02 2.778266E-03 3.601956E-03 6.989647E-03
2.793758E-02 3.966593E-03 3.240377E-03 7.452033E-03
2.700476E-02 3.372596E-03 3.810339E-03 7.620634E-03
2.657300E-02 2.102992E-03 4.512885E-03 7.267905E-03
2.503896E-02 1.201304E-03 6.141090E-03 7.832316E-03
2.576694E-02 2.636699E-03 4.924350E-03 7.932388E-03
2.377344E-02 1.507159E-03 7.114974E-03 8.707400E-03
2.260682E-02 -2.321965E-04 8.939626E-03 9.068956E-03
1.921464E-02 -2.547444E-03 1.283382E-02 1.139825E-02
2.040105E-02 -5.184650E-04 1.106280E-02 1.055811E-02
1.606281E-02 -3.715513E-03 1.608467E-02 1.380828E-02
1.674157E-02 -5.351096E-03 1.541159E-02 1.425045E-02
1.922198E-02 -7.112939E-03 1.337777E-02 1.551473E-02
1.435493E-02 -6.728371E-03 1.748829E-02 1.667838E-02
1.883380E-02 -7.586056E-03 1.260057E-02 1.644552E-02
3.361604E-02 -7.442016E-03 1.006876E-02 1.490193E-02
9.063187E-02 -7.202213E-03 1.070669E-02 1.417252E-02
3.393178E-02 -7.213884E-03 8.728010E-03 1.472535E-02
9.130709E-02 -6.709627E-03 9.331054E-03 1.344208E-02
3.439257E-02 9.468658E-03 -8.936464E-03 -1.835916E-02
-2.391502E-02 9.177870E-03 -9.235541E-03 -1.860160E-02
4.041303E-02 9.730435E-03 -8.683456E-03 -1.812087E-02
3.466361E-02 9.176171E-03 -8.655382E-03 -1.877270E-02
-2.371198E-02 8.892115E-03 -8.947352E-03 -1.909664E-02
4.065582E-02 9.432909E-03 -8.408110E-03 -1.845589E-02
4.057385E-02 9.958241E-03 -8.512928E-03 -1.788450E-02
4.026613E-02 1.016291E-02 -8.434455E-03 -1.764487E-02
4.078682E-02 9.656664E-03 -8.239925E-03 -1.814499E-02
4.046018E-02 9.855242E-03 -8.158054E-03 -1.783624E-02
4.003506E-02 1.035918E-02 -8.460613E-03 -1.739391E-02
3.985206E-02 1.056273E-02 -8.602271E-03 -1.712182E-02
4.022345E-02 1.003859E-02 -8.172427E-03 -1.752331E-02
4.004720E-02 1.021693E-02 -8.292563E-03 -1.719743E-02
3.968024E-02 1.078602E-02 -8.863875E-03 -1.681987E-02
3.951171E-02 1.103399E-02 -9.242051E-03 -1.648280E-02
3.989009E-02 1.039852E-02 -8.523868E-03 -1.684867E-02
3.973645E-02 1.058668E-02 -8.865302E-03 -1.646748E-02
3.935292E-02 1.130165E-02 -9.727486E-03 -1.610844E-02
3.921177E-02 1.157448E-02 -1.030776E-02 -1.569418E-02
3.958333E-02 1.077715E-02 -9.308724E-03 -1.604520E-02
3.942969E-02 1.095687E-02 -9.839496E-03 -1.557262E-02
3.908922E-02 1.183006E-02 -1.096823E-02 -1.523234E-02
3.897401E-02 1.203941E-02 -1.168977E-02 -1.470638E-02
3.926912E-02 1.110466E-02 -1.043702E-02 -1.503723E-02
3.908496E-02 1.119329E-02 -1.107411E-02 -1.442105E-02
3.883943E-02 1.216822E-02 -1.244443E-02 -1.408952E-02
3.864234E-02 1.217966E-02 -1.319107E-02 -1.334659E-02
3.884822E-02 1.119304E-02 -1.171554E-02 -1.370058E-02
3.851927E-02 1.107710E-02 -1.231773E-02 -1.285029E-02
3.832631E-02 1.204128E-02 -1.387453E-02 -1.244054E-02
3.783190E-02 1.173649E-02 -1.443140E-02 -1.134361E-02
3.805428E-02 1.082928E-02 -1.283191E-02 -1.184941E-02
3.741634E-02 1.045194E-02 -1.321171E-02 -1.069049E-02
3.711391E-02 1.127640E-02 -1.480327E-02 -1.005014E-02
3.615972E-02 1.070485E-02 -1.495242E-02 -8.584209E-03
3.658797E-02 9.970399E-03 -1.342320E-02 -9.385680E-03
3.557982E-02 9.430229E-03 -1.345248E-02 -7.967069E-03
3.499915E-02 1.009056E-02 -1.487085E-02 -6.996683E-03
3.370050E-02 9.509034E-03 -1.457689E-02 -5.352808E-03
3.443123E-02 8.887123E-03 -1.330636E-02 -6.480499E-03
3.320322E-02 8.393609E-03 -1.300585E-02 -4.976063E-03
3.235675E-02 9.022477E-03 -1.410211E-02 -3.718035E-03
3.106957E-02 8.665289E-03 -1.347827E-02 -2.149321E-03
3.196815E-02 7.987569E-03 -1.257642E-02 -3.500220E-03
3.079998E-02 7.685310E-03 -1.204079E-02 -2.092233E-03
2.993351E-02 8.437669E-03 -1.273400E-02 -6.927118E-04
2.901760E-02 8.308568E-03 -1.190080E-02 6.188332E-04
2.976499E-02 7.479555E-03 -1.141820E-02 -7.837928E-04
2.891145E-02 7.342900E-03 -1.072796E-02 4.017705E-04
2.835163E-02 8.229900E-03 -1.101053E-02 1.769989E-03
2.793652E-02 8.153777E-03 -1.007128E-02 2.760419E-03
2.826306E-02 7.237160E-03 -9.987489E-03 1.451741E-03
2.782541E-02 7.124355E-03 -9.198386E-03 2.362327E-03
2.777342E-02 8.038776E-03 -9.045339E-03 3.587056E-03
2.787963E-02 7.846590E-03 -7.873767E-03 4.229162E-03
2.760592E-02 6.971088E-03 -8.333360E-03 3.128983E-03
2.762727E-02 6.742056E-03 -7.335992E-03 3.736103E-03
2.819850E-02 7.568187E-03 -6.536823E-03 4.696434E-03
2.827175E-02 7.629936E-03 -5.364157E-03 5.175861E-03
2.792981E-02 6.404048E-03 -6.147962E-03 4.148542E-03
2.845315E-02 5.939661E-03 -4.770264E-03 4.379936E-03
2.058622E-02 1.410232E-02 -1.053281E-02 1.136272E-02
-1.959069E-02 4.441211E-02 -5.884563E-02 4.832343E-02
2.820142E-02 6.132489E-03 -3.935293E-03 4.815906E-03
1.189058E-02 1.911242E-02 -1.924882E-02 1.848009E-02
-2.466979E-02 4.921522E-02 -6.367741E-02 5.436981E-02
-2.422836E-02 4.935419E-02 -6.234622E-02 5.499050E-02
-2.184008E-02 4.515435E-02 -6.020015E-02 5.067451E-02
-2.441694E-02 4.781012E-02 -6.219404E-02 5.395036E-02
-1.649398E-02 4.310364E-02 -5.374158E-02 4.891087E-02
3.021053E-02 8.277375E-03 -2.128601E-03 1.165995E-02
-2.356372E-02 4.771403E-02 -6.044773E-02 5.422103E-02
-6.017523E-03 3.412271E-02 -4.246540E-02 4.111404E-02
3.136869E-02 6.089080E-03 3.293700E-03 7.268440E-03
3.014179E-02 5.945825E-03 3.163004E-03 7.544255E-03
3.097826E-02 6.645595E-03 1.886430E-03 9.332916E-03
3.026468E-02 6.263702E-03 3.941761E-03 8.081444E-03
2.916126E-02 5.576142E-03 3.053378E-03 7.823903E-03
2.827409E-02 5.132687E-03 3.107599E-03 8.003054E-03
2.889447E-02 6.191917E-03 3.439390E-03 8.511847E-03
2.782038E-02 5.823107E-03 3.291239E-03 8.758743E-03
2.738475E-02 4.621696E-03 3.381053E-03 8.139266E-03
2.634916E-02 4.025352E-03 4.030047E-03 8.307451E-03
2.684843E-02 5.339318E-03 3.510485E-03 8.880716E-03
2.563335E-02 4.706919E-03 4.312519E-03 9.083745E-03
2.480413E-02 3.180547E-03 5.486384E-03 8.731877E-03
2.199240E-02 1.616444E-03 8.638684E-03 9.984379E-03
2.350544E-02 3.594470E-03 6.424761E-03 9.809479E-03
1.923561E-02 1.140695E-03 1.127201E-02 1.208250E-02
1.719186E-02 -1.395800E-03 1.428268E-02 1.293685E-02
1.232748E-02 -5.459130E-03 1.989723E-02 1.711704E-02
1.275226E-02 -3.255669E-03 1.889464E-02 1.662125E-02
9.051126E-03 -7.345450E-03 2.309145E-02 2.079000E-02
1.303305E-02 -7.687429E-03 1.794477E-02 1.882430E-02
1.943708E-02 -7.126352E-03 1.035295E-02 1.654651E-02
1.369735E-02 -7.458180E-03 1.558029E-02 1.969589E-02
2.065140E-02 -5.732478E-03 7.379653E-03 1.590212E-02
3.454658E-02 -6.268936E-03 6.950250E-03 1.420429E-02
9.210460E-02 -5.677266E-03 7.676388E-03 1.263528E-02
3.522852E-02 -4.776200E-03 5.117202E-03 1.357629E-02
9.282641E-02 -4.259915E-03 6.018038E-03 1.196304E-02
3.492711E-02 8.799489E-03 -8.295494E-03 -1.917545E-02
-2.351419E-02 8.525252E-03 -8.577578E-03 -1.957821E-02
4.089221E-02 9.047310E-03 -8.057293E-03 -1.878275E-02
3.517968E-02 8.340787E-03 -7.859293E-03 -1.956224E-02
-2.332357E-02 8.079581E-03 -8.128477E-03 -2.004165E-02
4.111825E-02 8.576147E-03 -7.633084E-03 -1.909583E-02
4.099312E-02 9.262640E-03 -7.895268E-03 -1.839903E-02
4.064385E-02 9.451012E-03 -7.814729E-03 -1.802070E-02
4.118859E-02 8.779226E-03 -7.479754E-03 -1.864070E-02
4.081348E-02 8.953589E-03 -7.402901E-03 -1.819265E-02
4.039301E-02 9.618746E-03 -7.823082E-03 -1.764183E-02
4.021018E-02 9.771683E-03 -7.927630E-03 -1.725403E-02
4.054162E-02 9.102633E-03 -7.407674E-03 -1.774534E-02
4.034145E-02 9.228859E-03 -7.499134E-03 -1.729031E-02
4.005115E-02 9.914085E-03 -8.132689E-03 -1.684688E-02
3.989482E-02 1.004684E-02 -8.437153E-03 -1.640874E-02
4.016664E-02 9.333494E-03 -7.679776E-03 -1.681711E-02
3.999233E-02 9.415400E-03 -7.947084E-03 -1.631345E-02
3.973074E-02 1.016530E-02 -8.832698E-03 -1.592718E-02
3.954988E-02 1.025794E-02 -9.303076E-03 -1.538872E-02
3.980256E-02 9.469538E-03 -8.291511E-03 -1.576536E-02
3.958240E-02 9.486079E-03 -8.695602E-03 -1.515757E-02
3.933926E-02 1.030669E-02 -9.824332E-03 -1.477804E-02
3.907885E-02 1.028948E-02 -1.036543E-02 -1.407776E-02
3.931447E-02 9.451132E-03 -9.134374E-03 -1.447429E-02
3.897800E-02 9.349398E-03 -9.576883E-03 -1.370057E-02
3.874132E-02 1.018470E-02 -1.088943E-02 -1.326982E-02
3.829529E-02 9.977147E-03 -1.135616E-02 -1.233922E-02
3.855001E-02 9.168389E-03 -9.988955E-03 -1.282441E-02
3.800892E-02 8.903153E-03 -1.033714E-02 -1.183986E-02
3.771214E-02 9.663997E-03 -1.172707E-02 -1.127916E-02
3.697449E-02 9.258766E-03 -1.197174E-02 -1.009568E-02
3.733980E-02 8.559893E-03 -1.059348E-02 -1.074983E-02
3.653946E-02 8.156889E-03 -1.073984E-02 -9.567595E-03
3.608326E-02 8.790890E-03 -1.207354E-02 -8.809169E-03
3.506004E-02 8.300331E-03 -1.203165E-02 -7.451608E-03
3.561923E-02 7.721963E-03 -1.077017E-02 -8.315656E-03
3.460427E-02 7.287201E-03 -1.068975E-02 -7.022329E-03
3.394422E-02 7.829003E-03 -1.185833E-02 -6.060752E-03
3.278656E-02 7.412129E-03 -1.157273E-02 -4.674016E-03
3.352997E-02 6.882763E-03 -1.051158E-02 -5.717405E-03
3.243727E-02 6.531635E-03 -1.025165E-02 -4.428572E-03
3.164242E-02 7.071976E-03 -1.119450E-02 -3.324505E-03
3.056585E-02 6.814656E-03 -1.073994E-02 -2.039867E-03
3.136826E-02 6.246290E-03 -9.924841E-03 -3.179630E-03
3.036275E-02 6.027287E-03 -9.543024E-03 -1.990427E-03
2.960418E-02 6.629867E-03 -1.022212E-02 -8.426944E-04
2.879227E-02 6.493759E-03 -9.652975E-03 2.496143E-04
2.945500E-02 5.863578E-03 -9.115378E-03 -8.774867E-04
2.867063E-02 5.734621E-03 -8.649470E-03 1.457898E-04
2.814947E-02 6.374984E-03 -9.041509E-03 1.225743E-03
2.768429E-02 6.241495E-03 -8.385645E-03 2.079158E-03
2.802538E-02 5.614206E-03 -8.149836E-03 1.069279E-03
2.752865E-02 5.474512E-03 -7.612573E-03 1.885004E-03
2.740567E-02 6.063688E-03 -7.663588E-03 2.802941E-03
2.733344E-02 5.814255E-03 -6.835333E-03 3.382891E-03
2.719147E-02 5.288264E-03 -7.019431E-03 2.583434E-03
2.703369E-02 5.027890E-03 -6.336587E-03 3.149434E-03
2.749719E-02 5.463639E-03 -5.851277E-03 3.799169E-03
2.793517E-02 4.990632E-03 -4.667595E-03 4.020885E-03
2.708467E-02 4.666470E-03 -5.521515E-03 3.560401E-03
2.737226E-02 4.179181E-03 -4.537986E-03 3.795717E-03
2.860858E-02 4.390645E-03 -3.274157E-03 4.045642E-03
2.786783E-02 4.935821E-03 -2.736615E-03 4.583248E-03
2.789670E-02 3.567747E-03 -3.372151E-03 3.847447E-03
2.853135E-02 2.970030E-03 -2.086044E-03 3.777799E-03
1.343475E-03 2.534835E-02 -3.117838E-02 2.743080E-02
-2.214153E-02 4.430529E-02 -5.928584E-02 5.095743E-02
2.624642E-02 4.802166E-03 -2.754824E-03 5.414980E-03
-8.195460E-03 3.083541E-02 -4.226835E-02 3.578612E-02
-2.371420E-02 4.616165E-02 -6.029968E-02 5.327167E-02
-2.274287E-02 4.610263E-02 -5.837760E-02 5.335479E-02
-2.189270E-02 4.280662E-02 -5.794707E-02 5.050012E-02
-2.271062E-02 4.432247E-02 -5.819336E-02 5.245743E-02
9.316677E-03 2.300916E-02 -2.580315E-02 3.060395E-02
2.916885E-02 7.364775E-03 2.469986E-03 9.798337E-03
-2.050905E-02 4.321954E-02 -5.513203E-02 5.134756E-02
2.332170E-02 1.361195E-02 -8.543992E-03 2.047539E-02
2.849811E-02 6.883472E-03 3.613434E-03 9.344993E-03
2.742358E-02 6.581291E-03 3.431589E-03 9.576913E-03
2.776435E-02 8.281478E-03 2.845670E-03 1.120407E-02
2.674232E-02 7.643412E-03 3.218337E-03 1.081762E-02
2.631123E-02 6.104389E-03 3.650990E-03 9.711188E-03
2.473489E-02 5.327020E-03 4.795325E-03 1.005652E-02
2.559286E-02 6.925906E-03 3.733437E-03 1.081683E-02
2.326507E-02 5.644891E-03 5.834904E-03 1.154939E-02
2.141604E-02 3.527740E-03 8.263585E-03 1.154844E-02
1.485875E-02 -5.504416E-04 1.577532E-02 1.569021E-02
1.763848E-02 2.251085E-03 1.201460E-02 1.478648E-02
8.927408E-03 -3.721210E-03 2.206966E-02 2.107913E-02
7.735531E-03 -5.965978E-03 2.415372E-02 2.140434E-02
8.094903E-03 -8.180294E-03 2.348030E-02 2.339233E-02
4.164880E-03 -8.191516E-03 2.783778E-02 2.575430E-02
1.077413E-02 -6.740931E-03 1.911238E-02 2.331663E-02
1.610730E-02 -5.709498E-03 1.077332E-02 1.883130E-02
2.191097E-02 -3.760397E-03 4.599875E-03 1.498780E-02
1.874873E-02 -3.065146E-03 5.839762E-03 1.705259E-02
2.287469E-02 -1.616368E-03 2.481996E-03 1.422130E-02
3.579783E-02 -2.985434E-03 3.484266E-03 1.306785E-02
9.331822E-02 -2.656863E-03 4.567707E-03 1.159209E-02
3.614942E-02 -1.144757E-03 2.186422E-03 1.282930E-02
9.347678E-02 -1.072230E-03 3.488910E-03 1.163176E-02
3.541816E-02 7.802299E-03 -7.349185E-03 -1.992807E-02
-2.314231E-02 7.557506E-03 -7.602301E-03 -2.048179E-02
4.133048E-02 8.022013E-03 -7.137460E-03 -1.939027E-02
3.563973E-02 7.186832E-03 -6.768174E-03 -2.026802E-02
-2.297283E-02 6.962695E-03 -7.002134E-03 -2.089311E-02
4.152595E-02 7.388128E-03 -6.572786E-03 -1.966178E-02
4.136958E-02 8.209596E-03 -6.994275E-03 -1.886534E-02
4.096560E-02 8.366648E-03 -6.921691E-03 -1.834787E-02
4.153291E-02 7.557519E-03 -6.439998E-03 -1.906919E-02
4.109707E-02 7.694339E-03 -6.370780E-03 -1.848308E-02
4.066689E-02 8.494152E-03 -6.923124E-03 -1.783073E-02
4.044088E-02 8.592421E-03 -7.001954E-03 -1.730549E-02
4.076673E-02 7.797840E-03 -6.367914E-03 -1.789575E-02
4.050898E-02 7.867739E-03 -6.433986E-03 -1.729963E-02
4.023975E-02 8.661012E-03 -7.158822E-03 -1.676226E-02
4.003589E-02 8.697700E-03 -7.389153E-03 -1.618909E-02
4.027477E-02 7.903352E-03 -6.567730E-03 -1.668602E-02
4.003416E-02 7.902100E-03 -6.762138E-03 -1.604374E-02
3.980959E-02 8.697451E-03 -7.681726E-03 -1.557198E-02
3.954231E-02 8.652386E-03 -8.018463E-03 -1.489587E-02
3.976504E-02 7.859267E-03 -7.004445E-03 -1.535957E-02
3.944752E-02 7.768996E-03 -7.276816E-03 -1.461995E-02
3.921494E-02 8.553060E-03 -8.375305E-03 -1.414643E-02
3.880826E-02 8.390937E-03 -8.724250E-03 -1.331215E-02
3.906301E-02 7.625926E-03 -7.557567E-03 -1.381317E-02
3.859535E-02 7.427189E-03 -7.823207E-03 -1.293143E-02
3.830484E-02 8.161590E-03 -9.036523E-03 -1.238659E-02
3.769211E-02 7.867643E-03 -9.286437E-03 -1.137024E-02
3.803266E-02 7.174354E-03 -8.051251E-03 -1.197263E-02
3.736945E-02 6.874738E-03 -8.223259E-03 -1.094120E-02
3.696551E-02 7.520259E-03 -9.455074E-03 -1.027159E-02
3.613076E-02 7.138370E-03 -9.532675E-03 -9.106567E-03
3.660803E-02 6.541429E-03 -8.327229E-03 -9.847969E-03
3.575893E-02 6.191839E-03 -8.358636E-03 -8.708728E-03
3.520406E-02 6.745742E-03 -9.518934E-03 -7.896468E-03
3.421023E-02 6.366821E-03 -9.421160E-03 -6.664917E-03
3.483977E-02 5.845147E-03 -8.319823E-03 -7.542083E-03
3.387328E-02 5.519379E-03 -8.218080E-03 -6.367089E-03
3.317958E-02 6.022665E-03 -9.251068E-03 -5.434946E-03
3.214467E-02 5.727890E-03 -9.021392E-03 -4.227044E-03
3.288485E-02 5.228902E-03 -8.063138E-03 -5.201390E-03
3.190032E-02 4.982730E-03 -7.864876E-03 -4.060215E-03
3.113758E-02 5.488943E-03 -8.743408E-03 -3.058502E-03
3.018785E-02 5.303534E-03 -8.425936E-03 -1.943771E-03
3.094435E-02 4.783677E-03 -7.631834E-03 -2.956255E-03
3.003903E-02 4.628184E-03 -7.370727E-03 -1.900122E-03
2.932053E-02 5.161059E-03 -8.075701E-03 -8.951081E-04
2.855449E-02 5.044038E-03 -7.697845E-03 7.704958E-05
2.920278E-02 4.506692E-03 -7.086730E-03 -9.009420E-04
2.844938E-02 4.404575E-03 -6.783699E-03 3.322981E-05
2.790213E-02 4.930454E-03 -7.294768E-03 9.638619E-04
2.737218E-02 4.796145E-03 -6.862522E-03 1.756983E-03
2.778811E-02 4.303494E-03 -6.463292E-03 8.949907E-04
2.722598E-02 4.182654E-03 -6.122493E-03 1.676549E-03
2.697547E-02 4.615883E-03 -6.386432E-03 2.445961E-03
2.673115E-02 4.362887E-03 -5.838902E-03 3.014843E-03
2.677209E-02 4.019190E-03 -5.750425E-03 2.367607E-03
2.644265E-02 3.787347E-03 -5.326027E-03 2.952720E-03
2.666990E-02 4.007468E-03 -5.180957E-03 3.440570E-03
2.683008E-02 3.518648E-03 -4.367729E-03 3.694420E-03
2.626466E-02 3.457296E-03 -4.817430E-03 3.409343E-03
2.627737E-02 2.994895E-03 -4.183509E-03 3.708029E-03
2.724360E-02 2.872724E-03 -3.366900E-03 3.752119E-03
2.786248E-02 2.095589E-03 -2.193815E-03 3.639746E-03
2.652815E-02 2.363863E-03 -3.375408E-03 3.816088E-03
2.706423E-02 1.541902E-03 -2.350867E-03 3.704396E-03
2.824435E-02 1.613785E-03 -1.198210E-03 3.609058E-03
2.195889E-02 6.538896E-03 -5.917327E-03 8.512478E-03
2.782396E-02 5.633512E-04 -1.130563E-03 3.418098E-03
2.781579E-02 2.382402E-04 -5.171919E-04 3.479428E-03
-1.441044E-02 3.400028E-02 -4.926415E-02 4.145193E-02
-2.144466E-02 4.105873E-02 -5.664645E-02 4.988306E-02
1.446257E-02 1.028009E-02 -1.350273E-02 1.435704E-02
-1.682382E-02 3.442063E-02 -5.130803E-02 4.377499E-02
-2.152283E-02 4.240422E-02 -5.605514E-02 5.154685E-02
-1.248637E-02 3.625649E-02 -4.704408E-02 4.601570E-02
-2.038059E-02 3.887327E-02 -5.473441E-02 4.896731E-02
-2.023273E-02 4.054233E-02 -5.363611E-02 5.091703E-02
2.794904E-02 9.768203E-03 1.054254E-03 1.517910E-02
2.643769E-02 8.752454E-03 3.592544E-03 1.247891E-02
5.416698E-03 2.491537E-02 -2.947246E-02 3.646051E-02
2.430098E-02 1.067701E-02 1.305619E-03 1.565915E-02
2.453629E-02 7.745952E-03 4.147306E-03 1.243827E-02
2.026336E-02 5.033891E-03 8.439714E-03 1.442252E-02
2.209163E-02 8.075886E-03 5.265669E-03 1.525229E-02
1.442974E-02 2.477974E-03 1.404965E-02 1.996801E-02
1.147124E-02 -9.208980E-04 1.844117E-02 2.039231E-02
3.535486E-03 -6.938896E-03 2.769520E-02 2.662608E-02
4.778991E-03 -4.642579E-03 2.528245E-02 2.693118E-02
1.198239E-03 -7.783439E-03 2.983542E-02 2.971412E-02
4.290618E-03 -8.035471E-03 2.745025E-02 2.753373E-02
1.566185E-02 -3.308697E-03 1.127007E-02 2.067344E-02
8.887281E-03 -4.777690E-03 2.160960E-02 2.580406E-02
1.958882E-02 4.365030E-04 4.349241E-03 1.754495E-02
2.060600E-02 -3.917897E-04 2.370848E-03 1.550123E-02
2.342689E-02 4.003517E-04 1.105777E-03 1.380633E-02
2.157569E-02 1.915790E-03 3.913317E-04 1.456823E-02
2.354965E-02 2.078915E-03 3.812422E-04 1.381470E-02
3.622424E-02 5.237334E-04 1.308054E-03 1.294923E-02
9.325720E-02 3.170772E-04 2.903768E-03 1.212604E-02
3.600392E-02 1.842026E-03 8.739105E-04 1.346061E-02
9.268277E-02 1.380324E-03 2.883705E-03 1.305242E-02
3.584185E-02 6.497844E-03 -6.120408E-03 -2.057676E-02
-2.281790E-02 6.302079E-03 -6.333494E-03 -2.126884E-02
4.170183E-02 6.678629E-03 -5.941879E-03 -1.990604E-02
3.602110E-02 5.739393E-03 -5.410845E-03 -2.084640E-02
-2.268156E-02 5.587799E-03 -5.607211E-03 -2.159787E-02
4.185417E-02 5.899219E-03 -5.246902E-03 -2.011726E-02
4.167533E-02 6.827498E-03 -5.818122E-03 -1.924855E-02
4.120477E-02 6.941009E-03 -5.750265E-03 -1.859488E-02
4.179238E-02 6.024672E-03 -5.128943E-03 -1.939786E-02
4.128556E-02 6.110637E-03 -5.060966E-03 -1.867770E-02
4.083988E-02 7.018471E-03 -5.742322E-03 -1.793826E-02
4.054789E-02 7.061150E-03 -5.796355E-03 -1.727338E-02
4.088692E-02 6.161034E-03 -5.049460E-03 -1.795491E-02
4.056207E-02 6.180020E-03 -5.093729E-03 -1.722674E-02
4.027778E-02 7.068827E-03 -5.908403E-03 -1.659264E-02
3.999740E-02 7.038573E-03 -6.068969E-03 -1.588538E-02
4.025666E-02 6.166763E-03 -5.186155E-03 -1.648526E-02
3.993688E-02 6.117496E-03 -5.315676E-03 -1.571987E-02
3.968352E-02 6.966055E-03 -6.264493E-03 -1.513955E-02
3.931671E-02 6.847310E-03 -6.478397E-03 -1.434382E-02
3.957978E-02 6.028292E-03 -5.469172E-03 -1.492000E-02
3.916767E-02 5.896840E-03 -5.632191E-03 -1.407681E-02
3.888051E-02 6.680317E-03 -6.692267E-03 -1.348950E-02
3.836243E-02 6.466303E-03 -6.887578E-03 -1.257219E-02
3.868700E-02 5.723543E-03 -5.789934E-03 -1.318458E-02
3.812892E-02 5.512144E-03 -5.928546E-03 -1.224165E-02
3.775542E-02 6.210596E-03 -7.047823E-03 -1.159280E-02
3.705895E-02 5.922764E-03 -7.160531E-03 -1.055772E-02
3.749015E-02 5.269788E-03 -6.036541E-03 -1.125081E-02
3.677338E-02 5.006516E-03 -6.105965E-03 -1.021909E-02
3.627934E-02 5.615859E-03 -7.218605E-03 -9.478040E-03
3.542909E-02 5.304872E-03 -7.220548E-03 -8.367969E-03
3.598685E-02 4.734206E-03 -6.132980E-03 -9.156704E-03
3.514336E-02 4.465220E-03 -6.117692E-03 -8.075730E-03
3.452538E-02 5.004764E-03 -7.169602E-03 -7.242987E-03
3.358825E-02 4.728563E-03 -7.072143E-03 -6.118133E-03
3.425874E-02 4.210977E-03 -6.063347E-03 -6.988634E-03
3.335032E-02 3.980779E-03 -5.975129E-03 -5.907101E-03
3.263877E-02 4.485885E-03 -6.935871E-03 -5.006865E-03
3.169758E-02 4.282063E-03 -6.768309E-03 -3.920567E-03
3.243559E-02 3.780972E-03 -5.858943E-03 -4.841356E-03
3.153120E-02 3.614526E-03 -5.720440E-03 -3.799949E-03
3.078385E-02 4.117784E-03 -6.575921E-03 -2.868643E-03
2.991434E-02 3.989125E-03 -6.363907E-03 -1.858930E-03
3.065231E-02 3.480948E-03 -5.564504E-03 -2.789912E-03
2.981187E-02 3.376450E-03 -5.395178E-03 -1.817072E-03
2.910264E-02 3.887853E-03 -6.136410E-03 -8.981891E-04
2.835865E-02 3.801992E-03 -5.896611E-03 7.516158E-06
2.902003E-02 3.294204E-03 -5.215832E-03 -8.863955E-04
2.828370E-02 3.224666E-03 -5.029199E-03 -2.267200E-06
2.768877E-02 3.716540E-03 -5.646115E-03 8.523574E-04
2.709776E-02 3.614003E-03 -5.383318E-03 1.629783E-03
2.760681E-02 3.155867E-03 -4.837037E-03 8.311026E-04
2.699165E-02 3.073538E-03 -4.639170E-03 1.608852E-03
2.659198E-02 3.474243E-03 -5.101108E-03 2.330711E-03
2.618355E-02 3.273387E-03 -4.784650E-03 2.941159E-03
2.644147E-02 2.960686E-03 -4.431967E-03 2.323864E-03
2.596359E-02 2.796329E-03 -4.206427E-03 2.964677E-03
2.589407E-02 2.982141E-03 -4.409898E-03 3.440076E-03
2.575696E-02 2.564567E-03 -3.942740E-03 3.798477E-03
2.557279E-02 2.553313E-03 -3.946245E-03 3.513229E-03
2.529476E-02 2.196004E-03 -3.625883E-03 3.942862E-03
2.581868E-02 1.979750E-03 -3.339620E-03 3.980267E-03
2.613471E-02 1.185858E-03 -2.546886E-03 3.949506E-03
2.516915E-02 1.678605E-03 -3.208056E-03 4.217434E-03
2.525162E-02 9.474348E-04 -2.641325E-03 4.292130E-03
2.676182E-02 1.639243E-04 -1.510196E-03 3.677925E-03
2.762529E-02 -1.018156E-03 -2.535614E-04 3.231384E-03
2.560889E-02 -5.322236E-05 -1.860168E-03 4.123798E-03
2.628463E-02 -1.343935E-03 -8.023879E-04 3.696873E-03
2.689094E-02 -9.352757E-04 -1.970436E-04 3.668660E-03
4.979164E-03 1.490306E-02 -2.422769E-02 2.203381E-02
2.706022E-02 -2.707737E-03 4.122701E-04 3.188778E-03
2.429932E-02 -1.339180E-03 -1.300811E-03 5.180764E-03
-1.678784E-02 3.254416E-02 -5.008740E-02 4.392587E-02
-1.852594E-02 3.571156E-02 -5.102346E-02 4.799295E-02
-3.720048E-03 1.818156E-02 -3.391973E-02 2.920156E-02
-1.582652E-02 2.881837E-02 -4.774900E-02 4.333884E-02
-1.746389E-02 3.654585E-02 -4.951128E-02 4.998480E-02
2.083845E-02 1.529102E-02 -8.690003E-03 2.711244E-02
-1.655550E-02 3.076892E-02 -4.673446E-02 4.781832E-02
-2.626992E-03 2.365415E-02 -4.117788E-02 4.650704E-02
1.623551E-02 7.774007E-03 7.790073E-03 2.193189E-02
6.437360E-03 -7.088396E-04 2.075377E-02 2.774427E-02
5.290209E-03 7.574981E-03 1.272598E-02 3.130783E-02
3.591948E-04 -5.206622E-04 2.414160E-02 3.303628E-02
7.953627E-04 -5.570464E-03 2.832451E-02 3.099179E-02
2.422000E-03 -5.405842E-03 2.788234E-02 2.965398E-02
-3.388807E-04 -2.937671E-03 2.761277E-02 3.193568E-02
6.860890E-03 -5.346505E-04 2.191882E-02 2.724440E-02
1.548737E-02 1.978735E-04 1.184245E-02 2.176980E-02
2.146086E-02 3.439342E-03 4.454448E-04 1.550922E-02
2.002855E-02 4.833149E-03 3.108608E-03 1.787479E-02
2.173876E-02 5.592440E-03 -1.214654E-03 1.471541E-02
2.170811E-02 3.685742E-03 -3.625397E-04 1.430522E-02
2.323605E-02 3.255399E-03 2.405553E-04 1.427686E-02
2.109000E-02 4.782908E-03 -2.662499E-04 1.472483E-02
2.254674E-02 3.835958E-03 5.346303E-04 1.517990E-02
3.551855E-02 2.697112E-03 8.527143E-04 1.434322E-02
9.185191E-02 2.055910E-03 3.420578E-03 1.431461E-02
3.485809E-02 3.052531E-03 1.146871E-03 1.551299E-02
9.092274E-02 2.352894E-03 4.395834E-03 1.575426E-02
3.616750E-02 4.920978E-03 -4.641198E-03 -2.106190E-02
-2.257273E-02 4.826790E-03 -4.835347E-03 -2.186545E-02
4.197512E-02 5.061824E-03 -4.486106E-03 -2.028489E-02
3.625272E-02 4.096449E-03 -3.797168E-03 -2.119842E-02
-2.251044E-02 3.952570E-03 -3.965986E-03 -2.212539E-02
4.205066E-02 4.210915E-03 -3.651008E-03 -2.038335E-02
4.187754E-02 5.156455E-03 -4.371261E-03 -1.950456E-02
4.133813E-02 5.209022E-03 -4.306865E-03 -1.871959E-02
4.192654E-02 4.252696E-03 -3.548278E-03 -1.953589E-02
4.136799E-02 4.268075E-03 -3.500291E-03 -1.869198E-02
4.091178E-02 5.234130E-03 -4.296793E-03 -1.793767E-02
4.055823E-02 5.235481E-03 -4.333944E-03 -1.715481E-02
4.092170E-02 4.273766E-03 -3.495779E-03 -1.786170E-02
4.054385E-02 4.264882E-03 -3.526504E-03 -1.703435E-02
4.022028E-02 5.209423E-03 -4.408648E-03 -1.636106E-02
3.986395E-02 5.151223E-03 -4.510188E-03 -1.554599E-02
4.017736E-02 4.234129E-03 -3.584699E-03 -1.619786E-02
3.978908E-02 4.176209E-03 -3.661275E-03 -1.534222E-02
3.946766E-02 5.057473E-03 -4.627019E-03 -1.470074E-02
3.901615E-02 4.927208E-03 -4.747318E-03 -1.381898E-02
3.935933E-02 4.088399E-03 -3.746860E-03 -1.446045E-02
3.887529E-02 3.970785E-03 -3.832300E-03 -1.354850E-02
3.849889E-02 4.762342E-03 -4.859787E-03 -1.289755E-02
3.791021E-02 4.567786E-03 -4.954542E-03 -1.193682E-02
3.832926E-02 3.825972E-03 -3.909448E-03 -1.260529E-02
3.771802E-02 3.659014E-03 -3.971534E-03 -1.163259E-02
3.724960E-02 4.351032E-03 -5.023980E-03 -1.094065E-02
3.652158E-02 4.121428E-03 -5.063325E-03 -9.915888E-03
3.704297E-02 3.476715E-03 -4.013814E-03 -1.063474E-02
3.630956E-02 3.287051E-03 -4.033558E-03 -9.618062E-03
3.573507E-02 3.889088E-03 -5.070770E-03 -8.871456E-03
3.490230E-02 3.663857E-03 -5.047151E-03 -7.817265E-03
3.552675E-02 3.098102E-03 -4.030177E-03 -8.590160E-03
3.470577E-02 2.917427E-03 -4.004662E-03 -7.559011E-03
3.403744E-02 3.454280E-03 -4.995301E-03 -6.763147E-03
3.315538E-02 3.266959E-03 -4.919229E-03 -5.718085E-03
3.385927E-02 2.751237E-03 -3.959329E-03 -6.532326E-03
3.300004E-02 2.604181E-03 -3.897071E-03 -5.516964E-03
3.227071E-02 3.106037E-03 -4.823356E-03 -4.689797E-03
3.139705E-02 2.973062E-03 -4.711906E-03 -3.684710E-03
3.214050E-02 2.478945E-03 -3.821168E-03 -4.518756E-03
3.129190E-02 2.376339E-03 -3.734705E-03 -3.542465E-03
3.054662E-02 2.866950E-03 -4.588574E-03 -2.708122E-03
2.972972E-02 2.784299E-03 -4.456483E-03 -1.764432E-03
3.046430E-02 2.295112E-03 -3.640619E-03 -2.592088E-03
2.966612E-02 2.232349E-03 -3.541263E-03 -1.671005E-03
2.895410E-02 2.719628E-03 -4.318311E-03 -8.572695E-04
2.822447E-02 2.665574E-03 -4.176317E-03 1.036438E-05
2.890364E-02 2.183718E-03 -3.438641E-03 -7.819584E-04
2.817992E-02 2.143765E-03 -3.334284E-03 7.318218E-05
2.754263E-02 2.612873E-03 -4.032274E-03 8.358346E-04
2.690863E-02 2.550308E-03 -3.887172E-03 1.616153E-03
2.749508E-02 2.105550E-03 -3.229673E-03 8.932009E-04
2.684728E-02 2.060632E-03 -3.126609E-03 1.676964E-03
2.632268E-02 2.464280E-03 -3.740321E-03 2.346524E-03
2.578721E-02 2.337533E-03 -3.587678E-03 3.018701E-03
2.623440E-02 1.998897E-03 -3.026692E-03 2.421821E-03
2.565422E-02 1.907188E-03 -2.929409E-03 3.123077E-03
2.530944E-02 2.146631E-03 -3.420123E-03 3.618969E-03
2.490466E-02 1.858791E-03 -3.221269E-03 4.125843E-03
2.510667E-02 1.766776E-03 -2.831430E-03 3.772112E-03
2.459560E-02 1.549897E-03 -2.724511E-03 4.354515E-03
2.460053E-02 1.428403E-03 -2.964010E-03 4.507568E-03
2.444219E-02 7.937543E-04 -2.604486E-03 4.720779E-03
2.413300E-02 1.214938E-03 -2.592532E-03 4.846853E-03
2.374330E-02 7.004471E-04 -2.404106E-03 5.214167E-03
2.449651E-02 -1.236763E-04 -2.073103E-03 4.711397E-03
2.484795E-02 -1.412369E-03 -1.270168E-03 4.425710E-03
2.347101E-02 -8.163412E-05 -2.101040E-03 5.407539E-03
2.338501E-02 -1.251528E-03 -1.577097E-03 5.366533E-03
2.551799E-02 -3.115836E-03 -9.552342E-05 3.870963E-03
2.587791E-02 -4.742990E-03 1.041967E-03 3.495380E-03
2.357550E-02 -2.953335E-03 -6.554491E-04 5.031119E-03
2.401743E-02 -5.288327E-03 8.807556E-04 4.442249E-03
1.816377E-02 -6.679403E-04 -5.607608E-03 9.492114E-03
-9.542175E-03 1.771923E-02 -3.830824E-02 3.454594E-02
2.321469E-02 -7.342958E-03 2.120625E-03 4.572699E-03
7.709026E-03 1.209958E-04 -1.232424E-02 1.669065E-02
-1.604663E-02 2.239147E-02 -4.285289E-02 4.415343E-02
-1.764623E-02 2.104470E-02 -4.842872E-02 5.071223E-02
-1.406566E-02 1.330291E-02 -3.412769E-02 3.754305E-02
-2.038776E-02 1.530968E-02 -3.912121E-02 4.524656E-02
-4.580317E-03 1.011795E-02 1.394847E-02 4.013194E-02
-3.786892E-03 3.691427E-03 2.271661E-02 3.579481E-02
-1.008025E-02 1.174429E-02 4.327328E-03 4.181498E-02
-7.205243E-03 8.103914E-03 1.694391E-02 3.644376E-02
-4.088009E-04 1.740275E-03 2.421813E-02 3.167859E-02
1.303281E-02 5.624067E-03 1.165841E-02 2.335006E-02
1.156153E-03 7.456359E-03 1.722241E-02 3.015095E-02
1.684324E-02 1.116218E-02 9.764418E-04 1.951735E-02
2.103017E-02 8.100084E-03 -1.489990E-03 1.584380E-02
2.063345E-02 6.800695E-03 -1.301490E-03 1.507845E-02
1.933501E-02 9.737677E-03 -2.953286E-03 1.598203E-02
1.844050E-02 6.955165E-03 -5.355925E-04 1.652899E-02
1.983963E-02 5.129120E-03 3.634970E-04 1.579970E-02
2.162782E-02 3.840511E-03 1.053195E-03 1.643343E-02
1.820364E-02 4.800703E-03 1.125442E-03 1.740744E-02
2.066095E-02 3.431292E-03 1.567164E-03 1.791791E-02
3.416934E-02 2.951848E-03 1.624843E-03 1.683497E-02
9.008765E-02 2.299917E-03 5.592550E-03 1.717914E-02
3.363294E-02 2.531710E-03 2.182854E-03 1.819598E-02
8.955843E-02 1.809644E-03 6.847367E-03 1.851061E-02
3.624075E-02 3.560010E-03 -2.835068E-03 -2.123458E-02
-2.248652E-02 2.672296E-03 -2.589669E-03 -2.295730E-02
4.207155E-02 3.568969E-03 -2.742987E-03 -2.032958E-02
3.622444E-02 4.767081E-03 -1.730425E-03 -2.111442E-02
-2.215136E-02 9.250568E-04 6.123146E-04 -2.701456E-02
4.209861E-02 4.427897E-03 -1.858780E-03 -1.984227E-02
4.195435E-02 3.518828E-03 -2.688791E-03 -1.940303E-02
4.138679E-02 3.501783E-03 -2.660655E-03 -1.851174E-02
4.198279E-02 4.289083E-03 -1.835713E-03 -1.883903E-02
4.139629E-02 4.252107E-03 -1.799857E-03 -1.791473E-02
4.092338E-02 3.496540E-03 -2.657949E-03 -1.764498E-02
4.052531E-02 3.484949E-03 -2.680793E-03 -1.678417E-02
4.091887E-02 4.246666E-03 -1.791037E-03 -1.702706E-02
4.050715E-02 4.237494E-03 -1.805425E-03 -1.614364E-02
4.013546E-02 3.456466E-03 -2.723388E-03 -1.591479E-02
3.972119E-02 3.406038E-03 -2.777844E-03 -1.502746E-02
4.010028E-02 4.214293E-03 -1.833342E-03 -1.524918E-02
3.966718E-02 4.174054E-03 -1.868531E-03 -1.433702E-02
3.926476E-02 3.332219E-03 -2.837221E-03 -1.411749E-02
3.875547E-02 3.235657E-03 -2.894666E-03 -1.318260E-02
3.919114E-02 4.117513E-03 -1.905519E-03 -1.340481E-02
3.866413E-02 4.044934E-03 -1.940809E-03 -1.245193E-02
3.818801E-02 3.119182E-03 -2.944955E-03 -1.222355E-02
3.756081E-02 2.987002E-03 -2.983421E-03 -1.124273E-02
3.808167E-02 3.959383E-03 -1.970392E-03 -1.148020E-02
3.744419E-02 3.863088E-03 -1.992465E-03 -1.049251E-02
3.687668E-02 2.844841E-03 -3.007573E-03 -1.024491E-02
3.614130E-02 2.698659E-03 -3.015648E-03 -9.235528E-03
3.675446E-02 3.761017E-03 -2.004690E-03 -9.493620E-03
3.601904E-02 3.656297E-03 -2.007273E-03 -8.488432E-03
3.536349E-02 2.554728E-03 -3.007975E-03 -8.221292E-03
3.455336E-02 2.418253E-03 -2.985103E-03 -7.208367E-03
3.524566E-02 3.554218E-03 -1.999427E-03 -7.482789E-03
3.444436E-02 3.457145E-03 -1.982854E-03 -6.481694E-03
3.372240E-02 2.293849E-03 -2.949107E-03 -6.203137E-03
3.288165E-02 2.184382E-03 -2.901588E-03 -5.210603E-03
3.362495E-02 3.369275E-03 -1.957554E-03 -5.490427E-03
3.279807E-02 3.291268E-03 -1.925937E-03 -4.512851E-03
3.204213E-02 2.091921E-03 -2.845212E-03 -4.235519E-03
3.121317E-02 2.016640E-03 -2.781799E-03 -3.281076E-03
3.197301E-02 3.225741E-03 -1.888131E-03 -3.552862E-03
3.115876E-02 3.171663E-03 -1.846928E-03 -2.612723E-03
3.040343E-02 1.957914E-03 -2.714130E-03 -2.350490E-03
2.961961E-02 1.913099E-03 -2.643804E-03 -1.445965E-03
3.036224E-02 3.130313E-03 -1.802697E-03 -1.694828E-03
2.958961E-02 3.099020E-03 -1.758809E-03 -8.002744E-04
2.886732E-02 1.878971E-03 -2.572440E-03 -5.700992E-04
2.814856E-02 1.851208E-03 -2.500162E-03 2.763752E-04
2.884417E-02 3.076665E-03 -1.714617E-03 6.916057E-05
2.812959E-02 3.057624E-03 -1.671079E-03 9.126426E-04
2.746202E-02 1.825241E-03 -2.427856E-03 1.093162E-03
2.680486E-02 1.794729E-03 -2.358077E-03 1.880926E-03
2.744128E-02 3.040644E-03 -1.624469E-03 1.731149E-03
2.677924E-02 3.020314E-03 -1.582886E-03 2.524962E-03
2.617316E-02 1.753451E-03 -2.293708E-03 2.638275E-03
2.556089E-02 1.691550E-03 -2.236102E-03 3.364460E-03
2.613470E-02 2.994624E-03 -1.543809E-03 3.295207E-03
2.550238E-02 2.955280E-03 -1.514632E-03 4.042818E-03
2.496152E-02 1.595979E-03 -2.185665E-03 4.055465E-03
2.436819E-02 1.444661E-03 -2.140104E-03 4.705258E-03
2.486709E-02 2.895561E-03 -1.491290E-03 4.769333E-03
2.421716E-02 2.798332E-03 -1.480832E-03 5.474434E-03
2.377633E-02 1.204098E-03 -2.092337E-03 5.300216E-03
2.318598E-02 8.189549E-04 -2.023213E-03 5.818938E-03
2.352932E-02 2.641459E-03 -1.475344E-03 6.156067E-03
2.278398E-02 2.380524E-03 -1.472013E-03 6.805473E-03
2.260786E-02 2.048020E-04 -1.888943E-03 6.224942E-03
2.207041E-02 -7.662745E-04 -1.597071E-03 6.465830E-03
2.195201E-02 1.949039E-03 -1.435184E-03 7.403724E-03
2.101794E-02 1.234305E-03 -1.301376E-03 7.909807E-03
2.162296E-02 -2.271634E-03 -9.671844E-04 6.472058E-03
2.130841E-02 -4.517278E-03 3.097652E-04 6.172225E-03
1.997785E-02 8.048752E-05 -9.113081E-04 8.246414E-03
1.887763E-02 -1.705240E-03 2.250158E-06 8.271064E-03
2.089675E-02 -7.529738E-03 2.500820E-03 5.626887E-03
1.720304E-02 -9.190224E-03 3.008154E-03 6.893839E-03
1.776767E-02 -4.238147E-03 1.807791E-03 7.758047E-03
1.612476E-02 -7.034230E-03 4.184139E-03 6.688818E-03
-3.667714E-03 8.491014E-04 -1.675823E-02 2.258495E-02
-1.779325E-02 9.834874E-03 -2.963267E-02 3.555276E-02
8.233506E-03 -6.006765E-03 4.187784E-05 9.180047E-03
-1.040769E-02 4.024990E-03 -1.996635E-02 2.183306E-02
-1.182290E-02 1.091157E-02 -5.769603E-03 3.766155E-02
-8.752870E-03 1.043286E-02 1.110001E-02 3.394413E-02
-1.176342E-02 8.881555E-03 -1.016399E-02 3.032509E-02
-6.094934E-03 1.251237E-02 6.369197E-03 2.786912E-02
5.494181E-03 1.338146E-02 6.122438E-03 2.585881E-02
1.544855E-02 1.376501E-02 -4.344249E-03 1.834028E-02
8.115031E-03 1.660319E-02 -2.695762E-03 2.138938E-02
1.136078E-02 1.368021E-02 -4.852038E-03 2.019227E-02
1.587512E-02 9.811519E-03 -2.680225E-03 1.794624E-02
1.568214E-02 6.371022E-03 3.356668E-04 1.883965E-02
1.189915E-02 9.510143E-03 -1.743132E-03 2.135331E-02
1.299256E-02 6.491244E-03 7.606050E-04 2.193634E-02
1.650195E-02 4.180363E-03 1.589782E-03 1.937547E-02
1.977701E-02 3.023931E-03 1.846895E-03 1.958990E-02
1.491645E-02 4.747215E-03 1.444987E-03 2.182670E-02
1.884153E-02 3.959848E-03 1.659704E-03 2.169694E-02
3.338029E-02 2.256165E-03 2.746022E-03 1.973249E-02
8.965137E-02 6.553840E-04 8.540128E-03 2.049255E-02
3.307324E-02 3.902811E-03 3.044514E-03 2.224720E-02
9.100513E-02 5.240092E-04 1.195414E-02 2.684131E-02
3.667853E-02 1.514963E-02 -7.490974E-04 -2.000384E-02
-1.954462E-02 5.286202E-03 5.410525E-03 -3.987583E-02
4.225394E-02 1.479051E-02 -1.030104E-03 -1.817645E-02
3.966223E-02 8.000617E-02 8.926193E-17 -1.887947E-02
-5.658855E-03 5.858778E-02 -4.352074E-17 -4.991245E-02
4.314329E-02 8.071254E-02 -3.319567E-17 -1.656209E-02
4.199687E-02 1.463609E-02 -9.672909E-04 -1.705240E-02
4.138947E-02 1.461168E-02 -9.127109E-04 -1.612224E-02
4.219624E-02 8.098135E-02 6.195044E-17 -1.535117E-02
4.141147E-02 8.106991E-02 -1.088019E-16 -1.443607E-02
4.090592E-02 1.460747E-02 -8.997027E-04 -1.522476E-02
4.049345E-02 1.459007E-02 -9.066612E-04 -1.431846E-02
4.090133E-02 8.104707E-02 -1.054712E-16 -1.354073E-02
4.048065E-02 8.097866E-02 1.718625E-16 -1.262270E-02
4.007221E-02 1.456028E-02 -9.211101E-04 -1.339535E-02
3.963152E-02 1.451720E-02 -9.385510E-04 -1.245502E-02
4.006029E-02 8.089148E-02 8.926193E-17 -1.168578E-02
3.961086E-02 8.078825E-02 -1.545430E-16 -1.072917E-02
3.913895E-02 1.446397E-02 -9.563350E-04 -1.149616E-02
3.860537E-02 1.439893E-02 -9.731010E-04 -1.052041E-02
3.911666E-02 8.066839E-02 9.148238E-17 -9.756056E-03
3.857360E-02 8.052838E-02 -2.731149E-17 -8.764662E-03
3.800969E-02 1.432542E-02 -9.867266E-04 -9.528865E-03
3.737054E-02 1.424324E-02 -9.967758E-04 -8.526070E-03
3.797687E-02 8.036874E-02 1.600942E-16 -7.760075E-03
3.732993E-02 8.018872E-02 6.050715E-17 -6.743081E-03
3.667362E-02 1.415676E-02 -1.001724E-03 -7.515248E-03
3.594288E-02 1.406685E-02 -1.002296E-03 -6.502426E-03
3.663419E-02 7.999172E-02 -5.018208E-17 -5.720896E-03
3.589837E-02 7.977950E-02 1.419975E-16 -4.695472E-03
3.516853E-02 1.397790E-02 -9.975061E-04 -5.491203E-03
3.437726E-02 1.389088E-02 -9.889511E-04 -4.487498E-03
3.512788E-02 7.955749E-02 -1.607603E-16 -3.674402E-03
3.433422E-02 7.932897E-02 -9.214851E-18 -2.659245E-03
3.356125E-02 1.380938E-02 -9.757989E-04 -3.494008E-03
3.274742E-02 1.373387E-02 -9.601226E-04 -2.515683E-03
3.352429E-02 7.910030E-02 -1.896261E-16 -1.656799E-03
3.271003E-02 7.887512E-02 1.006972E-16 -6.674959E-04
3.192767E-02 1.366679E-02 -9.409592E-04 -1.553799E-03
3.112713E-02 1.360806E-02 -9.207865E-04 -6.121004E-04
3.189773E-02 7.865953E-02 1.054712E-16 3.029953E-04
3.109792E-02 7.845617E-02 7.560619E-17 1.255558E-03
3.033590E-02 1.355871E-02 -8.987691E-04 3.095896E-04
2.957638E-02 1.351819E-02 -8.780202E-04 1.209158E-03
3.031438E-02 7.826920E-02 3.397282E-17 2.186154E-03
2.955420E-02 7.809950E-02 3.763656E-17 3.097795E-03
2.883513E-02 1.348759E-02 -8.565335E-04 2.089039E-03
2.812920E-02 1.347421E-02 -8.368484E-04 2.953345E-03
2.881540E-02 7.794961E-02 -1.032507E-16 3.987982E-03
2.810601E-02 7.782684E-02 -8.448797E-17 4.854153E-03
2.743528E-02 1.345918E-02 -8.135179E-04 3.795133E-03
2.677549E-02 1.344939E-02 -7.947136E-04 4.617272E-03
2.741634E-02 7.771147E-02 8.260059E-17 5.698270E-03
2.675245E-02 7.760863E-02 7.671641E-17 6.520380E-03
2.611900E-02 1.343084E-02 -7.759072E-04 5.418016E-03
2.547962E-02 1.341058E-02 -7.648571E-04 6.204014E-03
2.609679E-02 7.749927E-02 1.645351E-16 7.323754E-03
2.544871E-02 7.738507E-02 1.051381E-16 8.110219E-03
2.481844E-02 1.336980E-02 -7.560833E-04 6.974732E-03
2.413845E-02 1.331132E-02 -7.581496E-04 7.739191E-03
2.478097E-02 7.724017E-02 -2.176037E-16 8.886444E-03
2.408149E-02 7.706066E-02 -3.330669E-18 9.656166E-03
2.338608E-02 1.320529E-02 -7.639523E-04 8.496922E-03
2.254384E-02 1.303884E-02 -7.780857E-04 9.255477E-03
2.330409E-02 7.680970E-02 1.620926E-17 1.042923E-02
2.241215E-02 7.647019E-02 1.176836E-17 1.120791E-02
2.153434E-02 1.275131E-02 -7.780727E-04 1.000156E-02
2.032239E-02 1.228372E-02 -7.337415E-04 1.070729E-02
2.132781E-02 7.598402E-02 9.592327E-17 1.199200E-02
1.999066E-02 7.531148E-02 1.210143E-16 1.274653E-02
1.884771E-02 1.151825E-02 -5.489691E-04 1.127426E-02
1.717403E-02 1.036000E-02 -7.387327E-05 1.150167E-02
1.833836E-02 7.438410E-02 1.216804E-16 1.337735E-02
1.643690E-02 7.320330E-02 -6.494805E-17 1.365019E-02
1.547981E-02 8.744540E-03 9.140339E-04 1.099488E-02
1.398891E-02 6.845037E-03 2.431002E-03 9.250820E-03
1.451861E-02 7.182610E-02 6.861178E-17 1.313709E-02
1.291202E-02 7.028616E-02 1.327827E-16 1.120253E-02
1.120925E-02 5.581761E-03 2.677376E-03 6.765092E-03
-1.230996E-03 7.448560E-03 -8.646322E-03 1.062795E-02
1.068312E-02 6.718195E-02 9.214851E-17 7.536389E-03
3.575314E-04 5.328249E-02 -2.986500E-17 6.965249E-03
-1.002973E-02 1.045339E-02 -7.009524E-03 2.268734E-02
5.399244E-05 1.919061E-02 2.147954E-03 2.184462E-02
-7.300794E-03 4.151150E-02 1.394440E-16 2.019379E-02
4.164519E-03 6.372324E-02 -5.606626E-17 2.033474E-02
6.842965E-03 2.132152E-02 -3.446565E-03 2.139817E-02
7.625083E-03 1.862164E-02 -2.888942E-03 2.422250E-02
5.748619E-03 6.832719E-02 4.574119E-17 2.261153E-02
6.147735E-03 6.814403E-02 3.685940E-17 2.625455E-02
8.877740E-03 1.611225E-02 -8.015106E-04 2.608614E-02
1.111561E-02 1.463093E-02 5.463866E-04 2.629982E-02
7.862730E-03 6.858482E-02 -3.907985E-17 2.826123E-02
1.046100E-02 7.001231E-02 2.731149E-17 2.832926E-02
1.370544E-02 1.381888E-02 7.954151E-04 2.575303E-02
1.778532E-02 1.344861E-02 1.051609E-03 2.544411E-02
1.290944E-02 7.130677E-02 1.807443E-16 2.766159E-02
1.651292E-02 7.267489E-02 -1.187939E-16 2.723309E-02
3.150494E-02 1.458230E-02 2.192334E-03 2.679276E-02
9.419180E-02 1.785054E-02 1.423259E-02 4.540470E-02
3.110559E-02 7.628504E-02 -1.305622E-16 2.748434E-02
1.254681E-01 1.383120E-01 -2.817746E-16 5.844147E-02
3.163521E-02 1.296755E-02 -1.185718E-03 -1.116323E-02
1.521646E-02 2.319311E-02 7.666831E-03 -5.045689E-03
-4.808636E-02 1.235875E-02 2.899963E-03 -9.840745E-03
2.779208E-02 3.058801E-02 9.787083E-03 -1.191907E-02
3.123011E-02 4.861076E-03 5.512771E-03 -1.211908E-02
2.956913E-02 2.727641E-02 6.697260E-03 -8.228591E-03
3.070241E-02 2.756487E-02 7.707721E-03 -9.815203E-03
-4.802154E-02 -1.222861E-02 -2.964600E-03 -9.819540E-03
1.518159E-02 -2.308230E-02 -7.707289E-03 -5.047071E-03
3.155118E-02 -1.288945E-02 1.133778E-03 -1.113476E-02
2.773080E-02 -3.050155E-02 -9.807558E-03 -1.193173E-02
2.949979E-02 -2.721603E-02 -6.716619E-03 -8.267315E-03
3.115157E-02 -4.816315E-03 -5.535912E-03 -1.209235E-02
3.062808E-02 -2.751882E-02 -7.723920E-03 -9.875264E-03
3.271779E-02 1.979397E-03 8.538446E-03 -1.339962E-02
3.204658E-02 2.572699E-02 8.498082E-03 -9.598064E-03
3.268137E-02 2.542684E-02 9.102479E-03 -1.012057E-02
3.375636E-02 6.302648E-04 9.816395E-03 -1.399237E-02
3.332691E-02 2.467771E-02 9.702496E-03 -1.019398E-02
3.366250E-02 2.429067E-02 1.009457E-02 -1.031681E-02
3.196953E-02 -2.569488E-02 -8.511435E-03 -9.680691E-03
3.263692E-02 -1.946412E-03 -8.554876E-03 -1.337563E-02
3.260345E-02 -2.540836E-02 -9.113204E-03 -1.023152E-02
3.325056E-02 -2.467509E-02 -9.709340E-03 -1.033974E-02
3.367375E-02 -6.088754E-04 -9.828495E-03 -1.397277E-02
3.358913E-02 -2.430857E-02 -1.009729E-02 -1.050816E-02
3.426051E-02 -2.263486E-04 1.051915E-02 -1.421831E-02
3.391317E-02 2.385745E-02 1.047324E-02 -1.031613E-02
3.402857E-02 2.346981E-02 1.077769E-02 -1.026191E-02
3.439793E-02 -9.143650E-04 1.104448E-02 -1.424515E-02
3.407049E-02 2.304045E-02 1.107617E-02 -1.010042E-02
3.404353E-02 2.261397E-02 1.134571E-02 -9.848568E-03
3.384943E-02 -2.390493E-02 -1.046994E-02 -1.056640E-02
3.417793E-02 2.245072E-04 -1.052568E-02 -1.420711E-02
3.398437E-02 -2.358623E-02 -1.076373E-02 -1.060485E-02
3.405027E-02 -2.336454E-02 -1.102736E-02 -1.070607E-02
3.432649E-02 8.543259E-04 -1.104287E-02 -1.426507E-02
3.404461E-02 -2.313564E-02 -1.128985E-02 -1.084344E-02
3.429933E-02 -1.549007E-03 1.152604E-02 -1.414489E-02
3.395965E-02 2.216036E-02 1.161721E-02 -9.529654E-03
3.383070E-02 2.166812E-02 1.189108E-02 -9.129303E-03
3.403789E-02 -2.200787E-03 1.202818E-02 -1.394709E-02
3.366427E-02 2.113716E-02 1.217457E-02 -8.652455E-03
3.345978E-02 2.053643E-02 1.247838E-02 -8.070128E-03
3.398130E-02 -2.293283E-02 -1.154819E-02 -1.098450E-02
3.423883E-02 1.405114E-03 -1.152036E-02 -1.423241E-02
3.386983E-02 -2.273091E-02 -1.181087E-02 -1.113296E-02
3.371778E-02 -2.252608E-02 -1.208420E-02 -1.128112E-02
3.398667E-02 1.944793E-03 -1.201919E-02 -1.412819E-02
3.353583E-02 -2.232186E-02 -1.236993E-02 -1.143397E-02
3.365414E-02 -2.911073E-03 1.258061E-02 -1.364349E-02
3.321967E-02 1.983533E-02 1.280710E-02 -7.329174E-03
3.295335E-02 1.901755E-02 1.315641E-02 -6.376132E-03
3.315314E-02 -3.684525E-03 1.317541E-02 -1.319210E-02
3.265866E-02 1.808746E-02 1.351363E-02 -5.186916E-03
3.234944E-02 1.708238E-02 1.385004E-02 -3.773887E-03
3.332795E-02 -2.212275E-02 -1.267327E-02 -1.160969E-02
3.361495E-02 2.510011E-03 -1.257157E-02 -1.395823E-02
3.309029E-02 -2.191192E-02 -1.299869E-02 -1.179731E-02
3.282563E-02 -2.168164E-02 -1.333643E-02 -1.196794E-02
3.313575E-02 3.115772E-03 -1.317684E-02 -1.371040E-02
3.253137E-02 -2.143495E-02 -1.366869E-02 -1.214093E-02
3.255188E-02 -4.495578E-03 1.377249E-02 -1.262424E-02
3.203990E-02 1.614314E-02 1.413389E-02 -2.355667E-03
3.172835E-02 1.530984E-02 1.439403E-02 -1.153914E-03
3.189675E-02 -5.324111E-03 1.437927E-02 -1.209424E-02
3.139822E-02 1.454627E-02 1.466417E-02 -1.891968E-04
3.105789E-02 1.388130E-02 1.494897E-02 5.279232E-04
3.221000E-02 -2.113178E-02 -1.399418E-02 -1.227676E-02
3.255421E-02 3.785846E-03 -1.379919E-02 -1.338824E-02
3.186889E-02 -2.077332E-02 -1.431335E-02 -1.232792E-02
3.150331E-02 -2.038395E-02 -1.463077E-02 -1.231860E-02
3.190672E-02 4.539250E-03 -1.443766E-02 -1.303594E-02
3.110672E-02 -1.991653E-02 -1.497482E-02 -1.226299E-02
3.121816E-02 -6.212699E-03 1.508367E-02 -1.168012E-02
3.070761E-02 1.333848E-02 1.526903E-02 9.120310E-04
3.031356E-02 1.276456E-02 1.567974E-02 1.097019E-03
3.048145E-02 -7.236690E-03 1.597128E-02 -1.133458E-02
2.988702E-02 1.214024E-02 1.615448E-02 1.267188E-03
2.943590E-02 1.149487E-02 1.668346E-02 1.396860E-03
3.069421E-02 -1.933295E-02 -1.536840E-02 -1.207506E-02
3.120062E-02 5.421406E-03 -1.516950E-02 -1.268382E-02
3.026319E-02 -1.871414E-02 -1.580072E-02 -1.178780E-02
2.979751E-02 -1.802134E-02 -1.629399E-02 -1.146897E-02
3.042825E-02 6.477271E-03 -1.607962E-02 -1.231320E-02
2.930423E-02 -1.722675E-02 -1.685044E-02 -1.109072E-02
2.966653E-02 -8.461492E-03 1.709073E-02 -1.098448E-02
2.895592E-02 1.080354E-02 1.727980E-02 1.481217E-03
2.844217E-02 1.003920E-02 1.795207E-02 1.559332E-03
2.876830E-02 -9.961751E-03 1.849403E-02 -1.061318E-02
2.789745E-02 9.227299E-03 1.869921E-02 1.609626E-03
2.731454E-02 8.329322E-03 1.954423E-02 1.624970E-03
2.878408E-02 -1.633664E-02 -1.747114E-02 -1.064466E-02
2.957052E-02 7.784024E-03 -1.722565E-02 -1.190358E-02
2.823196E-02 -1.534615E-02 -1.816221E-02 -1.014389E-02
2.764029E-02 -1.421424E-02 -1.894246E-02 -9.559392E-03
2.862612E-02 9.409076E-03 -1.865671E-02 -1.144320E-02
2.701189E-02 -1.294882E-02 -1.981414E-02 -8.882978E-03
2.777411E-02 -1.182661E-02 2.026556E-02 -1.020457E-02
2.668868E-02 7.319682E-03 2.050734E-02 1.645269E-03
2.600783E-02 6.201145E-03 2.160275E-02 1.669132E-03
2.664014E-02 -1.417572E-02 2.252093E-02 -9.698886E-03
2.525280E-02 4.905982E-03 2.286231E-02 1.757024E-03
2.441790E-02 3.441185E-03 2.428740E-02 1.933730E-03
2.633049E-02 -1.148973E-02 -2.080943E-02 -8.101883E-03
2.758377E-02 1.144951E-02 -2.045997E-02 -1.090859E-02
2.558951E-02 -9.763839E-03 -2.195239E-02 -7.108507E-03
2.476498E-02 -7.712888E-03 -2.326262E-02 -5.808210E-03
2.639354E-02 1.402756E-02 -2.275332E-02 -1.021309E-02
2.384896E-02 -5.237427E-03 -2.476790E-02 -4.075919E-03
2.524780E-02 -1.718755E-02 2.536787E-02 -8.986554E-03
2.342766E-02 1.678196E-03 2.590074E-02 2.285123E-03
2.227953E-02 -4.425751E-04 2.766307E-02 2.847011E-03
2.347149E-02 -2.123729E-02 2.900431E-02 -8.030411E-03
2.090703E-02 -3.131674E-03 2.969549E-02 3.574921E-03
1.932695E-02 -6.489953E-03 3.209546E-02 4.798725E-03
2.284959E-02 -2.362365E-03 -2.643277E-02 -1.740196E-03
2.492785E-02 1.731830E-02 -2.563716E-02 -9.193804E-03
2.172588E-02 6.370460E-04 -2.817838E-02 8.725367E-04
2.043849E-02 3.638746E-03 -3.008110E-02 3.113618E-03
2.310840E-02 2.152894E-02 -2.927076E-02 -7.942319E-03
1.884196E-02 6.994676E-03 -3.240307E-02 4.851647E-03
2.116099E-02 -2.699042E-02 3.401173E-02 -6.804007E-03
1.733412E-02 -1.055576E-02 3.496800E-02 6.373307E-03
1.482907E-02 -1.556123E-02 3.852216E-02 8.179693E-03
1.682323E-02 1.113679E-02 -3.529884E-02 6.544377E-03
2.073705E-02 2.738059E-02 -3.432162E-02 -6.630188E-03
1.427021E-02 1.624090E-02 -3.891218E-02 8.401564E-03
3.172489E-02 3.843173E-02 -2.025892E-03 -1.204567E-02
1.099734E-02 1.078599E-01 1.118266E-02 5.388026E-02
-6.348441E-02 3.023527E-02 -2.926036E-02 8.996606E-02
2.554430E-02 1.260295E-01 1.422242E-02 5.008731E-02
-1.105211E-01 4.248295E-02 -1.242151E-03 1.097214E+01
-1.482387E+00 4.047358E-02 -1.073327E-02 1.109956E+01
-4.160665E-02 4.256060E-02 -5.680664E-04 1.097026E+01
2.351403E-02 3.370078E-02 -4.744722E-04 -1.667412E-03
2.392205E-02 1.241667E-01 2.531237E-03 5.656407E-02
2.465536E-02 1.297644E-01 4.516136E-03 5.209062E-02
8.651079E-03 4.224709E-02 -6.164764E-04 1.098025E+01
1.270426E-02 4.188212E-02 -6.353661E-04 1.096497E+01
2.873753E-02 2.914509E-02 4.383853E-03 -7.878379E-03
2.899978E-02 1.245930E-01 5.689579E-03 5.261299E-02
2.837360E-02 1.250611E-01 5.641450E-03 5.348133E-02
2.853335E-02 4.165050E-02 -5.506973E-04 1.096394E+01
2.599897E-02 4.132638E-02 -6.466910E-04 1.095499E+01
2.951455E-02 2.733871E-02 6.377529E-03 -8.358262E-03
2.937200E-02 1.236207E-01 6.407304E-03 5.329789E-02
2.988933E-02 1.242199E-01 7.022464E-03 5.270480E-02
2.817527E-02 4.105443E-02 -5.901615E-04 1.094019E+01
2.857663E-02 4.079427E-02 -5.566141E-04 1.092082E+01
1.101692E-02 -1.074736E-01 -1.120063E-02 5.368614E-02
-6.316047E-02 -2.961808E-02 2.953312E-02 9.061592E-02
2.553611E-02 -1.256656E-01 -1.424649E-02 4.971043E-02
3.166407E-02 -3.828684E-02 1.946064E-03 -1.203391E-02
2.390283E-02 -1.239213E-01 -2.538858E-03 5.598138E-02
2.462432E-02 -1.296364E-01 -4.510809E-03 5.126319E-02
2.346442E-02 -3.359784E-02 4.346852E-04 -1.685362E-03
2.895480E-02 -1.245711E-01 -5.680089E-03 5.155032E-02
2.832720E-02 -1.251400E-01 -5.624452E-03 5.218565E-02
2.867125E-02 -2.907352E-02 -4.407113E-03 -7.906412E-03
2.931870E-02 -1.237994E-01 -6.390097E-03 5.175279E-02
2.983200E-02 -1.244852E-01 -7.006244E-03 5.093280E-02
2.944290E-02 -2.728686E-02 -6.395395E-03 -8.408683E-03
3.148313E-02 2.658863E-02 7.996681E-03 -9.517657E-03
3.099838E-02 1.231217E-01 7.857009E-03 5.295241E-02
3.156720E-02 1.224237E-01 8.308015E-03 5.333629E-02
3.073480E-02 4.054654E-02 -5.548088E-04 1.090320E+01
3.116214E-02 4.025020E-02 -6.398946E-04 1.088419E+01
3.230473E-02 2.549395E-02 8.760857E-03 -9.849183E-03
3.201709E-02 1.218798E-01 8.689217E-03 5.352338E-02
3.235391E-02 1.216232E-01 9.022449E-03 5.376125E-02
3.157066E-02 3.994880E-02 -6.951279E-04 1.086252E+01
3.194901E-02 3.966262E-02 -7.263963E-04 1.083924E+01
3.304652E-02 2.505978E-02 9.429886E-03 -1.013687E-02
3.272580E-02 1.210932E-01 9.382796E-03 5.422777E-02
3.303259E-02 1.205546E-01 9.682988E-03 5.476733E-02
3.254969E-02 3.935875E-02 -8.120232E-04 1.081572E+01
3.280266E-02 3.902538E-02 -9.330653E-04 1.079161E+01
3.350071E-02 2.446219E-02 9.895184E-03 -1.026437E-02
3.325354E-02 1.200702E-01 9.927192E-03 5.530943E-02
3.341392E-02 1.196357E-01 1.014546E-02 5.592493E-02
3.303399E-02 3.868407E-02 -1.052821E-03 1.076643E+01
3.318168E-02 3.835939E-02 -1.152249E-03 1.074052E+01
3.093862E-02 -1.234717E-01 -7.838505E-03 5.095869E-02
3.150829E-02 -1.228683E-01 -8.282437E-03 5.110153E-02
3.140692E-02 -2.654954E-02 -8.011431E-03 -9.588448E-03
3.195801E-02 -1.224286E-01 -8.658313E-03 5.101314E-02
3.229488E-02 -1.222779E-01 -8.987965E-03 5.095690E-02
3.222700E-02 -2.546874E-02 -8.772873E-03 -9.945397E-03
3.266953E-02 -1.218631E-01 -9.340867E-03 5.110437E-02
3.298001E-02 -1.214563E-01 -9.631123E-03 5.127868E-02
3.296905E-02 -2.504867E-02 -9.438831E-03 -1.026400E-02
3.320471E-02 -1.211193E-01 -9.865214E-03 5.140133E-02
3.336885E-02 -1.208429E-01 -1.007447E-02 5.154873E-02
3.342537E-02 -2.446899E-02 -9.900048E-03 -1.043139E-02
3.380250E-02 2.408040E-02 1.029339E-02 -1.031858E-02
3.355853E-02 1.191532E-01 1.036167E-02 5.662627E-02
3.367204E-02 1.186443E-01 1.056252E-02 5.740519E-02
3.339948E-02 3.803952E-02 -1.278179E-03 1.071414E+01
3.351466E-02 3.767863E-02 -1.510213E-03 1.068735E+01
3.398245E-02 2.366154E-02 1.062601E-02 -1.029817E-02
3.374445E-02 1.181105E-01 1.075048E-02 5.827061E-02
3.377661E-02 1.175268E-01 1.093459E-02 5.928455E-02
3.364094E-02 3.723375E-02 -1.921880E-03 1.066002E+01
3.371043E-02 3.661107E-02 -2.663824E-03 1.063219E+01
3.405204E-02 2.326012E-02 1.093109E-02 -1.019574E-02
3.375081E-02 1.166979E-01 1.118939E-02 6.068214E-02
3.377474E-02 1.157923E-01 1.138736E-02 6.268490E-02
3.316587E-02 3.408845E-02 -6.876302E-03 1.060315E+01
3.373537E-02 3.329746E-02 -8.499924E-03 1.057049E+01
3.406482E-02 2.282883E-02 1.121038E-02 -9.982287E-03
3.376168E-02 1.149189E-01 1.154968E-02 6.488063E-02
3.372498E-02 1.139931E-01 1.171556E-02 6.722613E-02
3.376061E-02 3.357567E-02 -8.932865E-03 1.053727E+01
3.369324E-02 3.382862E-02 -9.540414E-03 1.050356E+01
3.352023E-02 -1.205309E-01 -1.027932E-02 5.173074E-02
3.364658E-02 -1.202197E-01 -1.046208E-02 5.191379E-02
3.373230E-02 -2.411081E-02 -1.029369E-02 -1.053733E-02
3.374108E-02 -1.199379E-01 -1.061955E-02 5.204466E-02
3.381704E-02 -1.197249E-01 -1.075340E-02 5.209312E-02
3.392633E-02 -2.373448E-02 -1.061868E-02 -1.058602E-02
3.398161E-02 -1.199075E-01 -1.073948E-02 5.165921E-02
3.397899E-02 -1.202281E-01 -1.081110E-02 5.028700E-02
3.403474E-02 -2.347302E-02 -1.089666E-02 -1.064248E-02
3.398757E-02 -1.204317E-01 -1.094533E-02 4.875466E-02
3.398616E-02 -1.206632E-01 -1.107022E-02 4.716179E-02
3.405591E-02 -2.324607E-02 -1.115911E-02 -1.077569E-02
3.400745E-02 2.239304E-02 1.148137E-02 -9.699339E-03
3.367011E-02 1.129795E-01 1.189377E-02 6.978600E-02
3.360235E-02 1.118738E-01 1.207595E-02 7.262396E-02
3.364432E-02 3.392260E-02 -1.058314E-02 1.046906E+01
3.359617E-02 3.408964E-02 -1.171857E-02 1.043360E+01
3.390046E-02 2.191887E-02 1.175271E-02 -9.338968E-03
3.352974E-02 1.106984E-01 1.225513E-02 7.573559E-02
3.345497E-02 1.094590E-01 1.243731E-02 7.910207E-02
3.350338E-02 3.455493E-02 -1.261794E-02 1.039722E+01
3.344178E-02 3.524194E-02 -1.339213E-02 1.036005E+01
3.375245E-02 2.140886E-02 1.203093E-02 -8.901363E-03
3.335998E-02 1.081320E-01 1.262264E-02 8.273282E-02
3.325455E-02 1.067096E-01 1.281829E-02 8.665119E-02
3.335858E-02 3.604096E-02 -1.415636E-02 1.032216E+01
3.322803E-02 3.695218E-02 -1.496430E-02 1.028360E+01
3.356647E-02 2.084735E-02 1.232361E-02 -8.377441E-03
3.313108E-02 1.051430E-01 1.303597E-02 9.093476E-02
3.298775E-02 1.033870E-01 1.327723E-02 9.570881E-02
3.311896E-02 3.772544E-02 -1.626814E-02 1.024421E+01
3.298763E-02 3.846023E-02 -1.793974E-02 1.020368E+01
3.397424E-02 -1.209648E-01 -1.117670E-02 4.541542E-02
3.394646E-02 -1.213248E-01 -1.128082E-02 4.345455E-02
3.401917E-02 -2.303328E-02 -1.141924E-02 -1.091243E-02
3.390126E-02 -1.217109E-01 -1.139489E-02 4.130700E-02
3.384390E-02 -1.221130E-01 -1.151771E-02 3.902938E-02
3.393086E-02 -2.283198E-02 -1.167824E-02 -1.105825E-02
3.377311E-02 -1.225299E-01 -1.164565E-02 3.664293E-02
3.369474E-02 -1.229603E-01 -1.177661E-02 3.416132E-02
3.379795E-02 -2.262946E-02 -1.194598E-02 -1.120758E-02
3.361555E-02 -1.234422E-01 -1.189676E-02 3.153481E-02
3.353070E-02 -1.239875E-01 -1.201265E-02 2.867674E-02
3.363041E-02 -2.242318E-02 -1.222517E-02 -1.135541E-02
3.334388E-02 2.020079E-02 1.263955E-02 -7.723410E-03
3.282830E-02 1.014114E-01 1.354134E-02 1.010911E-01
3.265049E-02 9.917582E-02 1.383093E-02 1.072000E-01
3.287907E-02 3.929519E-02 -1.988723E-02 1.016178E+01
3.268137E-02 4.026022E-02 -2.215695E-02 1.011843E+01
3.308937E-02 1.943959E-02 1.298015E-02 -6.880714E-03
3.246762E-02 9.667758E-02 1.413060E-02 1.141331E-01
3.227494E-02 9.393650E-02 1.442873E-02 1.218852E-01
3.252483E-02 4.173891E-02 -2.416672E-02 1.007338E+01
3.226753E-02 4.380853E-02 -2.578666E-02 1.002697E+01
3.281062E-02 1.856822E-02 1.333487E-02 -5.813081E-03
3.207187E-02 9.095023E-02 1.472303E-02 1.304283E-01
3.184671E-02 8.764762E-02 1.503312E-02 1.398133E-01
3.200736E-02 4.642135E-02 -2.698524E-02 9.979171E+00
3.155292E-02 4.894933E-02 -2.892071E-02 9.929327E+00
3.250389E-02 1.758421E-02 1.368778E-02 -4.499031E-03
3.164446E-02 8.409133E-02 1.530999E-02 1.500752E-01
3.148059E-02 8.056038E-02 1.547679E-02 1.607853E-01
3.111356E-02 5.190521E-02 -3.068848E-02 9.874993E+00
3.062789E-02 5.600330E-02 -3.056013E-02 9.815728E+00
3.343663E-02 -1.245923E-01 -1.213092E-02 2.553901E-02
3.334066E-02 -1.252520E-01 -1.225056E-02 2.210158E-02
3.343489E-02 -2.222216E-02 -1.251918E-02 -1.151880E-02
3.322058E-02 -1.259238E-01 -1.239108E-02 1.836356E-02
3.308895E-02 -1.265533E-01 -1.255343E-02 1.444118E-02
3.321290E-02 -2.202046E-02 -1.283328E-02 -1.170433E-02
3.294519E-02 -1.271194E-01 -1.273273E-02 1.041354E-02
3.282560E-02 -1.277005E-01 -1.288272E-02 6.234175E-03
3.296012E-02 -2.179721E-02 -1.316793E-02 -1.188398E-02
3.269655E-02 -1.283253E-01 -1.302032E-02 1.714276E-03
3.253571E-02 -1.288625E-01 -1.319010E-02 -2.998055E-03
3.268193E-02 -2.156368E-02 -1.350321E-02 -1.205487E-02
3.219432E-02 1.659940E-02 1.399759E-02 -3.047502E-03
3.134938E-02 7.725557E-02 1.553057E-02 1.712639E-01
3.124088E-02 7.427753E-02 1.550661E-02 1.809373E-01
3.028174E-02 6.088814E-02 -2.856148E-02 9.752185E+00
3.011617E-02 6.599103E-02 -2.533102E-02 9.685844E+00
3.188553E-02 1.571558E-02 1.426440E-02 -1.722670E-03
3.113960E-02 7.164647E-02 1.545026E-02 1.894689E-01
3.102572E-02 6.929288E-02 1.540810E-02 1.968033E-01
3.009152E-02 7.089202E-02 -2.151880E-02 9.618584E+00
2.998023E-02 7.509472E-02 -1.810445E-02 9.551893E+00
3.156535E-02 1.491954E-02 1.452742E-02 -6.444462E-04
3.089742E-02 6.713406E-02 1.539927E-02 2.030944E-01
3.076496E-02 6.515008E-02 1.541259E-02 2.085159E-01
3.000594E-02 7.858227E-02 -1.542671E-02 9.485283E+00
2.987138E-02 8.135847E-02 -1.366738E-02 9.418308E+00
3.123069E-02 1.419929E-02 1.480360E-02 2.061200E-04
3.066441E-02 6.346426E-02 1.540997E-02 2.130421E-01
3.057884E-02 6.218948E-02 1.539371E-02 2.164612E-01
2.985203E-02 8.420435E-02 -1.108290E-02 9.351006E+00
2.987015E-02 8.763240E-02 -6.810167E-03 9.287399E+00
3.235491E-02 -1.292592E-01 -1.339134E-02 -7.615269E-03
3.216044E-02 -1.295037E-01 -1.361351E-02 -1.188858E-02
3.237368E-02 -2.129118E-02 -1.383240E-02 -1.221769E-02
3.195686E-02 -1.295968E-01 -1.384874E-02 -1.564526E-02
3.176039E-02 -1.295930E-01 -1.406868E-02 -1.884467E-02
3.204121E-02 -2.095774E-02 -1.415439E-02 -1.231315E-02
3.155084E-02 -1.295551E-01 -1.426800E-02 -2.163274E-02
3.135438E-02 -1.295274E-01 -1.444217E-02 -2.414659E-02
3.168913E-02 -2.058270E-02 -1.447122E-02 -1.232731E-02
3.113145E-02 -1.294383E-01 -1.464983E-02 -2.639679E-02
3.087555E-02 -1.291292E-01 -1.492944E-02 -2.803109E-02
3.130750E-02 -2.016567E-02 -1.479771E-02 -1.230126E-02
3.088881E-02 1.359876E-02 1.510113E-02 7.613606E-04
3.050053E-02 6.138366E-02 1.537388E-02 2.186380E-01
3.038067E-02 6.106837E-02 1.533913E-02 2.193776E-01
2.999039E-02 9.113203E-02 -1.760238E-03 9.231145E+00
3.005927E-02 9.406535E-02 3.533035E-03 9.184101E+00
3.051160E-02 1.306166E-02 1.546441E-02 1.011821E-03
3.018294E-02 6.068057E-02 1.550453E-02 2.192778E-01
2.997020E-02 6.023476E-02 1.571509E-02 2.190555E-01
2.997525E-02 9.524592E-02 4.473523E-03 9.141353E+00
2.976573E-02 9.602913E-02 4.941666E-03 9.099444E+00
3.010228E-02 1.245612E-02 1.591016E-02 1.183741E-03
2.974746E-02 5.976249E-02 1.595038E-02 2.188142E-01
2.953063E-02 5.934493E-02 1.617770E-02 2.185122E-01
2.952136E-02 9.670191E-02 5.222314E-03 9.057698E+00
2.928551E-02 9.759242E-02 6.118615E-03 9.016552E+00
2.966486E-02 1.182163E-02 1.641118E-02 1.339143E-03
2.931293E-02 5.904846E-02 1.639923E-02 2.179746E-01
2.908475E-02 5.882926E-02 1.664242E-02 2.171636E-01
2.908205E-02 9.868408E-02 7.619645E-03 8.977404E+00
2.886041E-02 9.964981E-02 8.972421E-03 8.940625E+00
3.058879E-02 -1.285605E-01 -1.525136E-02 -2.874228E-02
3.033762E-02 -1.277636E-01 -1.559774E-02 -2.836130E-02
3.089906E-02 -1.963382E-02 -1.516572E-02 -1.218855E-02
3.010437E-02 -1.270269E-01 -1.583055E-02 -2.738970E-02
2.986027E-02 -1.262718E-01 -1.607343E-02 -2.625865E-02
3.048400E-02 -1.902923E-02 -1.557721E-02 -1.193648E-02
2.960584E-02 -1.254789E-01 -1.632631E-02 -2.503288E-02
2.933135E-02 -1.245936E-01 -1.661497E-02 -2.365981E-02
3.003494E-02 -1.837976E-02 -1.603944E-02 -1.163335E-02
2.904618E-02 -1.235779E-01 -1.693890E-02 -2.197639E-02
2.875653E-02 -1.224570E-01 -1.727533E-02 -1.993107E-02
2.955402E-02 -1.763639E-02 -1.656456E-02 -1.128877E-02
2.920021E-02 1.115648E-02 1.697256E-02 1.442195E-03
2.884452E-02 5.865453E-02 1.691070E-02 2.161351E-01
2.858762E-02 5.848944E-02 1.720845E-02 2.149559E-01
2.861525E-02 1.004147E-01 1.009236E-02 8.905730E+00
2.834663E-02 1.009320E-01 1.088007E-02 8.872038E+00
2.870123E-02 1.042983E-02 1.760671E-02 1.520301E-03
2.831232E-02 5.828478E-02 1.754141E-02 2.137246E-01
2.804281E-02 5.808193E-02 1.788455E-02 2.124967E-01
2.805370E-02 1.011803E-01 1.123127E-02 8.838690E+00
2.774430E-02 1.015298E-01 1.188698E-02 8.805402E+00
2.817533E-02 9.640583E-03 1.831465E-02 1.590657E-03
2.777546E-02 5.801192E-02 1.821181E-02 2.110693E-01
2.748959E-02 5.801165E-02 1.857009E-02 2.093528E-01
2.747690E-02 1.022320E-01 1.356672E-02 8.773678E+00
2.716267E-02 1.027195E-01 1.501610E-02 8.744133E+00
2.761170E-02 8.791779E-03 1.910823E-02 1.619013E-03
2.718446E-02 5.802121E-02 1.896382E-02 2.074383E-01
2.686394E-02 5.801561E-02 1.938897E-02 2.053671E-01
2.671725E-02 1.027574E-01 1.600794E-02 8.715842E+00
2.654782E-02 1.022395E-01 1.633569E-02 8.686509E+00
2.846217E-02 -1.212455E-01 -1.762279E-02 -1.755862E-02
2.816578E-02 -1.199600E-01 -1.797854E-02 -1.491236E-02
2.904749E-02 -1.679319E-02 -1.715239E-02 -1.087528E-02
2.786421E-02 -1.186192E-01 -1.834025E-02 -1.206955E-02
2.753578E-02 -1.171741E-01 -1.873496E-02 -9.049187E-03
2.851372E-02 -1.585705E-02 -1.780642E-02 -1.040141E-02
2.718939E-02 -1.155369E-01 -1.918910E-02 -5.646166E-03
2.684117E-02 -1.137459E-01 -1.966075E-02 -1.751012E-03
2.794068E-02 -1.479756E-02 -1.854138E-02 -9.864661E-03
2.649572E-02 -1.118522E-01 -2.013890E-02 2.562737E-03
2.613815E-02 -1.099218E-01 -2.062302E-02 7.120270E-03
2.733310E-02 -1.360037E-02 -1.936471E-02 -9.231408E-03
2.700451E-02 7.835378E-03 2.001118E-02 1.634226E-03
2.652362E-02 5.796218E-02 1.987226E-02 2.032550E-01
2.619689E-02 5.796166E-02 2.035869E-02 2.011147E-01
2.617198E-02 1.020716E-01 1.721121E-02 8.657280E+00
2.582000E-02 1.022493E-01 1.904019E-02 8.629691E+00
2.635621E-02 6.780357E-03 2.103576E-02 1.654314E-03
2.584203E-02 5.805756E-02 2.087331E-02 1.987224E-01
2.545920E-02 5.811059E-02 2.145889E-02 1.962031E-01
2.549670E-02 1.025312E-01 2.142841E-02 8.605473E+00
2.511113E-02 1.024246E-01 2.351579E-02 8.584858E+00
2.563976E-02 5.576808E-03 2.221171E-02 1.701849E-03
2.504556E-02 5.808135E-02 2.210975E-02 1.937246E-01
2.460584E-02 5.795620E-02 2.281070E-02 1.913878E-01
2.466421E-02 1.020536E-01 2.559773E-02 8.568000E+00
2.384479E-02 1.011916E-01 2.765403E-02 8.555278E+00
2.485282E-02 4.198201E-03 2.355190E-02 1.832240E-03
2.417524E-02 5.786542E-02 2.350550E-02 1.890262E-01
2.367656E-02 5.774829E-02 2.428835E-02 1.864751E-01
2.351461E-02 9.978278E-02 2.990953E-02 8.544315E+00
2.295519E-02 9.862984E-02 3.348174E-02 8.537539E+00
2.573838E-02 -1.077835E-01 -2.117476E-02 1.201469E-02
2.528748E-02 -1.053466E-01 -2.180718E-02 1.747115E-02
2.667879E-02 -1.224875E-02 -2.029413E-02 -8.511009E-03
2.481672E-02 -1.025320E-01 -2.251457E-02 2.382590E-02
2.431127E-02 -9.934492E-02 -2.327419E-02 3.120247E-02
2.596910E-02 -1.066272E-02 -2.136175E-02 -7.638647E-03
2.376503E-02 -9.570387E-02 -2.410345E-02 3.972392E-02
2.320550E-02 -9.156417E-02 -2.499732E-02 4.957033E-02
2.518462E-02 -8.781736E-03 -2.258663E-02 -6.501186E-03
2.263585E-02 -8.691778E-02 -2.597776E-02 6.080255E-02
2.198949E-02 -8.131489E-02 -2.714419E-02 7.411395E-02
2.431704E-02 -6.538197E-03 -2.398976E-02 -5.011868E-03
2.394650E-02 2.606455E-03 2.507243E-02 2.078997E-03
2.310036E-02 5.732074E-02 2.517960E-02 1.841338E-01
2.244852E-02 5.645771E-02 2.612928E-02 1.822814E-01
2.179270E-02 9.540018E-02 3.543704E-02 8.535574E+00
2.023883E-02 8.887856E-02 3.432801E-02 8.532511E+00
2.287688E-02 6.628572E-04 2.676159E-02 2.549719E-03
2.177269E-02 5.521008E-02 2.708431E-02 1.810144E-01
2.104384E-02 5.387331E-02 2.795709E-02 1.797948E-01
1.877316E-02 7.996598E-02 3.079160E-02 8.520150E+00
1.763195E-02 7.010334E-02 2.686920E-02 8.492189E+00
2.162458E-02 -1.691644E-03 2.863299E-02 3.169413E-03
2.023105E-02 5.204359E-02 2.897790E-02 1.787059E-01
1.923625E-02 4.922742E-02 3.029113E-02 1.787169E-01
1.685965E-02 5.865464E-02 2.014493E-02 8.444644E+00
1.676106E-02 4.711682E-02 1.143526E-02 8.378679E+00
2.015520E-02 -4.739373E-03 3.084873E-02 4.120997E-03
1.824370E-02 4.553758E-02 3.174498E-02 1.810238E-01
1.719482E-02 4.161221E-02 3.314289E-02 1.849146E-01
1.589413E-02 3.899293E-02 4.900073E-03 8.302763E+00
1.471350E-02 3.479547E-02 2.059281E-03 8.220288E+00
2.133018E-02 -7.495550E-02 -2.832032E-02 8.987150E-02
2.072129E-02 -6.835462E-02 -2.933249E-02 1.073876E-01
2.335997E-02 -3.828333E-03 -2.558854E-02 -2.975155E-03
2.011594E-02 -6.196432E-02 -3.013584E-02 1.252592E-01
1.955321E-02 -5.602230E-02 -3.078933E-02 1.422926E-01
2.230392E-02 -8.718077E-04 -2.729279E-02 -4.313423E-04
1.903580E-02 -5.110684E-02 -3.124975E-02 1.570010E-01
1.843430E-02 -4.722228E-02 -3.173226E-02 1.681852E-01
2.111550E-02 2.134131E-03 -2.909607E-02 2.073410E-03
1.760670E-02 -4.361849E-02 -3.252904E-02 1.762635E-01
1.660891E-02 -3.975646E-02 -3.365001E-02 1.826763E-01
1.968270E-02 5.232466E-03 -3.117668E-02 4.011580E-03
1.838941E-02 -8.421920E-03 3.346036E-02 5.557956E-03
1.603109E-02 3.748839E-02 3.458031E-02 1.894362E-01
1.473069E-02 3.311922E-02 3.611908E-02 1.941501E-01
1.337212E-02 3.245701E-02 9.046911E-04 8.131066E+00
1.184713E-02 3.082031E-02 3.866956E-04 8.034360E+00
1.546195E-02 -3.559189E-02 -3.499214E-02 1.883637E-01
1.415847E-02 -3.115805E-02 -3.650693E-02 1.936736E-01
1.789487E-02 8.962879E-03 -3.377257E-02 5.687313E-03
1.803885E-02 -3.599616E-02 4.193680E-02 -5.339888E-03
1.147830E-02 -2.217168E-02 4.318300E-02 1.015200E-02
6.944215E-03 -3.129931E-02 4.978798E-02 1.234345E-02
1.084261E-02 2.297697E-02 -4.366923E-02 1.041162E-02
1.754327E-02 3.656466E-02 -4.239265E-02 -5.130055E-03
6.206248E-03 3.230087E-02 -5.042885E-02 1.263626E-02
1.616027E-02 -1.290337E-02 3.663742E-02 7.244091E-03
1.324766E-02 2.846323E-02 3.781504E-02 1.988547E-01
1.153876E-02 2.346252E-02 3.971093E-02 2.034080E-01
1.008725E-02 2.943424E-02 1.202318E-04 7.929220E+00
8.028744E-03 2.812438E-02 -5.978440E-07 7.814485E+00
1.265752E-02 -2.643592E-02 -3.820959E-02 1.987143E-01
1.091579E-02 -2.136307E-02 -4.013329E-02 2.034788E-01
1.562891E-02 1.352951E-02 -3.699360E-02 7.442533E-03
1.328066E-02 -1.864388E-02 4.067605E-02 9.150986E-03
9.545751E-03 1.807778E-02 4.184843E-02 2.076125E-01
7.176935E-03 1.232712E-02 4.428220E-02 2.111460E-01
5.499347E-03 2.671445E-02 -1.596507E-04 7.688506E+00
2.841525E-03 2.524540E-02 -2.348749E-04 7.548260E+00
8.889853E-03 -1.593414E-02 -4.230130E-02 2.078238E-01
6.465311E-03 -1.015817E-02 -4.478543E-02 2.113916E-01
1.268862E-02 1.938289E-02 -4.110800E-02 9.394178E-03
1.412037E-02 -5.212284E-02 5.768745E-02 -3.178950E-03
4.355392E-04 -4.543259E-02 6.008103E-02 1.504677E-02
-8.796681E-03 -6.721199E-02 7.576203E-02 1.871793E-02
9.387999E-03 -2.626298E-02 4.614309E-02 1.121475E-02
4.249961E-03 5.812893E-03 4.726220E-02 2.141285E-01
5.471853E-04 -1.865158E-03 5.092106E-02 2.167559E-01
-8.088212E-04 2.364635E-02 -2.676097E-04 7.393840E+00
-5.667933E-03 2.181647E-02 -2.934643E-04 7.224763E+00
-4.341005E-04 4.671198E-02 -6.095894E-02 1.539138E-02
1.349171E-02 5.296136E-02 -5.845298E-02 -2.855545E-03
-9.834158E-03 6.881176E-02 -7.680917E-02 1.913199E-02
3.471283E-03 -3.592808E-03 -4.783487E-02 2.144026E-01
-3.247788E-04 4.162676E-03 -5.157921E-02 2.170577E-01
8.704181E-03 2.715133E-02 -4.669734E-02 1.148812E-02
3.918530E-03 -3.769255E-02 5.437348E-02 1.359680E-02
-4.237659E-03 -1.143156E-02 5.551636E-02 2.191351E-01
-1.033272E-02 -2.332169E-02 6.132989E-02 2.213815E-01
-1.289593E-02 1.954992E-02 -3.882803E-04 7.039592E+00
-2.412788E-02 1.660454E-02 -7.177899E-04 6.833437E+00
-5.215636E-03 1.381766E-02 -5.628598E-02 2.194477E-01
-1.142144E-02 2.574476E-02 -6.222012E-02 2.215986E-01
3.117327E-03 3.883306E-02 -5.512913E-02 1.391664E-02
1.079937E-02 -8.655585E-02 9.444492E-02 3.312023E-03
-1.969541E-02 -9.889307E-02 1.004350E-01 2.264415E-02
-1.575054E-02 -1.373313E-01 1.513146E-01 3.171957E-02
-3.840993E-03 -5.509296E-02 6.713530E-02 1.674159E-02
-1.774724E-02 -3.793188E-02 6.853275E-02 2.219947E-01
-2.604428E-02 -5.599328E-02 7.742598E-02 2.202235E-01
-3.940568E-02 1.299079E-02 -8.818251E-04 6.587467E+00
-5.762475E-02 8.516597E-03 -9.131204E-04 6.273040E+00
-2.065450E-02 1.006619E-01 -1.017443E-01 2.310827E-02
9.949978E-03 8.788116E-02 -9.565965E-02 3.871282E-03
-1.598160E-02 1.387723E-01 -1.529061E-01 3.218317E-02
-1.896301E-02 4.044586E-02 -6.955863E-02 2.219721E-01
-2.726980E-02 5.864700E-02 -7.854357E-02 2.201788E-01
-4.806060E-03 5.653777E-02 -6.812769E-02 1.711788E-02
-1.445540E-02 -8.126635E-02 8.582025E-02 2.056923E-02
-3.436380E-02 -7.681720E-02 8.852602E-02 2.163169E-01
-4.084843E-02 -9.962828E-02 1.050447E-01 2.118039E-01
-7.013430E-02 4.348325E-03 -4.671487E-04 5.861741E+00
-6.546215E-02 3.178247E-03 -1.239785E-04 5.367378E+00
-3.546497E-02 7.946445E-02 -8.976235E-02 2.166832E-01
-4.164744E-02 1.020873E-01 -1.064644E-01 2.126197E-01
-1.550547E-02 8.295422E-02 -8.692700E-02 2.100221E-02
-1.119380E-02 -1.041209E-01 1.441363E-01 6.154422E-02
1.180519E-02 -1.354438E-01 1.987284E-01 7.158594E-02
-2.159950E-02 -1.029715E-01 1.465346E-01 1.157625E-01
-2.080644E-02 -1.188475E-01 1.232725E-01 2.667194E-02
-4.134259E-02 -1.204487E-01 1.268373E-01 2.059691E-01
-3.178975E-02 -1.381747E-01 1.529256E-01 1.901192E-01
-5.010411E-02 4.970632E-03 -1.526805E-04 4.820507E+00
-3.497588E-02 7.345959E-03 -1.689038E-04 4.201258E+00
1.196166E-02 1.360243E-01 -1.992451E-01 7.169286E-02
-1.153437E-02 1.048208E-01 -1.450851E-01 6.206631E-02
-2.204039E-02 1.036733E-01 -1.470129E-01 1.161938E-01
-4.161781E-02 1.225468E-01 -1.282768E-01 2.067639E-01
-3.155876E-02 1.399528E-01 -1.541915E-01 1.905645E-01
-2.145732E-02 1.205560E-01 -1.248827E-01 2.722018E-02
2.429850E-03 -1.467012E-01 1.838814E-01 4.257183E-02
-6.400203E-03 -1.530726E-01 1.902941E-01 1.623775E-01
4.188922E-02 -1.483593E-01 2.437375E-01 1.513922E-01
-1.497386E-02 8.621526E-03 3.288255E-04 3.434798E+00
9.162515E-02 6.611521E-03 1.131419E-03 2.310773E+00
-5.926634E-03 1.548413E-01 -1.915173E-01 1.628275E-01
4.241558E-02 1.496055E-01 -2.447250E-01 1.517670E-01
2.637181E-03 1.477002E-01 -1.851136E-01 4.288444E-02
-2.590139E-02 -9.274667E-02 1.083615E-01 8.975123E-02
1.057164E-02 -6.690292E-02 7.123392E-02 7.867911E-02
4.505731E-02 -2.281471E-02 2.121618E-02 2.657419E-02
4.658666E-02 2.192334E-04 -8.877686E-04 5.353029E-02
1.901500E-02 3.071599E-03 -1.604600E-03 2.376871E-01
-3.816354E-03 -1.134403E-01 1.755350E-01 1.026636E-01
1.289179E-02 -1.063164E-01 2.114525E-01 1.692543E-01
-7.110116E-04 -9.104511E-02 1.244081E-01 1.694235E-01
5.272790E-03 3.656316E-03 1.658093E-04 7.266215E-01
8.786923E-03 6.905214E-02 -7.348975E-02 8.019887E-02
4.424405E-02 2.374517E-02 -2.272522E-02 2.752162E-02
-2.658800E-02 9.374402E-02 -1.093592E-01 9.046762E-02
1.252734E-02 1.073954E-01 -2.119243E-01 1.698353E-01
-1.865087E-03 9.334053E-02 -1.261706E-01 1.688784E-01
-3.834980E-03 1.138745E-01 -1.758356E-01 1.029172E-01
</DataArray>
</PointData>
</Piece>
</UnstructuredGrid>
</VTKFile>
