<?xml version="1.0"?>
<VTKFile type="UnstructuredGrid" version="0.1">
<UnstructuredGrid>
<Piece NumberOfPoints="3039" NumberOfCells="2872">
<Points>
<DataArray type="Float64" Naame="nodes" NumberOfComponents="3" format="ascii">
0.000000E+00 0.000000E+00 0
2.000000E+00 0.000000E+00 0
2.000000E+00 2.000000E+00 0
0.000000E+00 2.000000E+00 0
4.000000E+00 0.000000E+00 0
4.000000E+00 2.000000E+00 0
2.000000E+00 4.000000E+00 0
0.000000E+00 4.000000E+00 0
4.000000E+00 4.000000E+00 0
6.000000E+00 0.000000E+00 0
6.000000E+00 2.000000E+00 0
8.000000E+00 0.000000E+00 0
8.000000E+00 2.000000E+00 0
6.000000E+00 4.000000E+00 0
8.000000E+00 4.000000E+00 0
1.000000E+01 9.473903E-17 0
1.000000E+01 2.000000E+00 0
1.200000E+01 0.000000E+00 0
1.200000E+01 2.000000E+00 0
1.000000E+01 4.000000E+00 0
1.200000E+01 4.000000E+00 0
1.400000E+01 9.473903E-17 0
1.400000E+01 2.000000E+00 0
1.600000E+01 0.000000E+00 0
1.600000E+01 2.000000E+00 0
1.400000E+01 4.000000E+00 0
1.600000E+01 4.000000E+00 0
1.800000E+01 9.473903E-17 0
1.800000E+01 2.000000E+00 0
2.000000E+01 0.000000E+00 0
2.000000E+01 2.000000E+00 0
1.800000E+01 4.000000E+00 0
2.000000E+01 4.000000E+00 0
2.200000E+01 1.086341E-16 0
2.200000E+01 2.000000E+00 0
2.400000E+01 0.000000E+00 0
2.400000E+01 2.000000E+00 0
2.200000E+01 4.000000E+00 0
2.400000E+01 4.000000E+00 0
2.600000E+01 9.473903E-17 0
2.600000E+01 2.000000E+00 0
2.800000E+01 0.000000E+00 0
2.800000E+01 2.000000E+00 0
2.600000E+01 4.000000E+00 0
2.800000E+01 4.000000E+00 0
3.000000E+01 1.351610E-16 0
3.000000E+01 2.000000E+00 0
3.200000E+01 0.000000E+00 0
3.200000E+01 2.000000E+00 0
3.000000E+01 4.000000E+00 0
3.200000E+01 4.000000E+00 0
3.400000E+01 1.578984E-16 0
3.400000E+01 2.000000E+00 0
3.600000E+01 0.000000E+00 0
3.600000E+01 2.000000E+00 0
3.400000E+01 4.000000E+00 0
3.600000E+01 4.000000E+00 0
3.800000E+01 0.000000E+00 0
3.800000E+01 2.000000E+00 0
4.000000E+01 0.000000E+00 0
4.000000E+01 2.000000E+00 0
3.800000E+01 4.000000E+00 0
4.000000E+01 4.000000E+00 0
4.200000E+01 4.042199E-17 0
4.200000E+01 2.000000E+00 0
4.400000E+01 0.000000E+00 0
4.400000E+01 2.000000E+00 0
4.200000E+01 4.000000E+00 0
4.400000E+01 4.000000E+00 0
4.600000E+01 1.578984E-16 0
4.600000E+01 2.000000E+00 0
4.800000E+01 0.000000E+00 0
4.800000E+01 2.000000E+00 0
4.600000E+01 4.000000E+00 0
4.800000E+01 4.000000E+00 0
5.000000E+01 0.000000E+00 0
5.000000E+01 2.000000E+00 0
5.200000E+01 0.000000E+00 0
5.200000E+01 2.000000E+00 0
5.000000E+01 4.000000E+00 0
5.200000E+01 4.000000E+00 0
5.400000E+01 -4.042199E-17 0
5.400000E+01 2.000000E+00 0
5.600000E+01 0.000000E+00 0
5.600000E+01 2.000000E+00 0
5.400000E+01 4.000000E+00 0
5.600000E+01 4.000000E+00 0
5.800000E+01 9.473903E-17 0
5.800000E+01 2.000000E+00 0
6.000000E+01 0.000000E+00 0
6.000000E+01 2.000000E+00 0
5.800000E+01 4.000000E+00 0
6.000000E+01 4.000000E+00 0
6.200000E+01 9.473903E-17 0
6.200000E+01 2.000000E+00 0
6.400000E+01 0.000000E+00 0
6.400000E+01 2.000000E+00 0
6.200000E+01 4.000000E+00 0
6.400000E+01 4.000000E+00 0
6.600000E+01 1.351610E-16 0
6.600000E+01 2.000000E+00 0
6.800000E+01 0.000000E+00 0
6.800000E+01 2.000000E+00 0
6.600000E+01 4.000000E+00 0
6.800000E+01 4.000000E+00 0
7.000000E+01 9.473903E-17 0
7.000000E+01 2.000000E+00 0
7.200000E+01 0.000000E+00 0
7.200000E+01 2.000000E+00 0
7.000000E+01 4.000000E+00 0
7.200000E+01 4.000000E+00 0
7.400000E+01 -4.042199E-17 0
7.400000E+01 2.000000E+00 0
7.600000E+01 0.000000E+00 0
7.600000E+01 2.000000E+00 0
7.400000E+01 4.000000E+00 0
7.600000E+01 4.000000E+00 0
7.800000E+01 4.042199E-17 0
7.800000E+01 2.000000E+00 0
8.000000E+01 0.000000E+00 0
8.000000E+01 2.000000E+00 0
7.800000E+01 4.000000E+00 0
8.000000E+01 4.000000E+00 0
8.200000E+01 -4.042199E-17 0
8.200000E+01 2.000000E+00 0
8.400000E+01 0.000000E+00 0
8.400000E+01 2.000000E+00 0
8.200000E+01 4.000000E+00 0
8.400000E+01 4.000000E+00 0
8.600000E+01 -4.042199E-17 0
8.600000E+01 2.000000E+00 0
8.800000E+01 0.000000E+00 0
8.800000E+01 2.000000E+00 0
8.600000E+01 4.000000E+00 0
8.800000E+01 4.000000E+00 0
9.000000E+01 4.042199E-17 0
9.000000E+01 2.000000E+00 0
9.200000E+01 0.000000E+00 0
9.200000E+01 2.000000E+00 0
9.000000E+01 4.000000E+00 0
9.200000E+01 4.000000E+00 0
9.400000E+01 9.473903E-17 0
9.400000E+01 2.000000E+00 0
9.600000E+01 0.000000E+00 0
9.600000E+01 2.000000E+00 0
9.400000E+01 4.000000E+00 0
9.600000E+01 4.000000E+00 0
9.800000E+01 0.000000E+00 0
9.800000E+01 2.000000E+00 0
1.000000E+02 0.000000E+00 0
1.000000E+02 2.000000E+00 0
9.800000E+01 4.000000E+00 0
1.000000E+02 4.000000E+00 0
2.000000E+00 6.000000E+00 0
4.042199E-17 6.000000E+00 0
4.000000E+00 6.000000E+00 0
2.000000E+00 8.000000E+00 0
0.000000E+00 8.000000E+00 0
4.000000E+00 8.000000E+00 0
6.000000E+00 6.000000E+00 0
8.000000E+00 6.000000E+00 0
6.000000E+00 8.000000E+00 0
8.000000E+00 8.000000E+00 0
1.000000E+01 6.000000E+00 0
1.200000E+01 6.000000E+00 0
1.000000E+01 8.000000E+00 0
1.200000E+01 8.000000E+00 0
1.400000E+01 6.000000E+00 0
1.600000E+01 6.000000E+00 0
1.400000E+01 8.000000E+00 0
1.600000E+01 8.000000E+00 0
1.800000E+01 6.000000E+00 0
2.000000E+01 6.000000E+00 0
1.800000E+01 8.000000E+00 0
2.000000E+01 8.000000E+00 0
2.200000E+01 6.000000E+00 0
2.400000E+01 6.000000E+00 0
2.200000E+01 8.000000E+00 0
2.400000E+01 8.000000E+00 0
2.600000E+01 6.000000E+00 0
2.800000E+01 6.000000E+00 0
2.600000E+01 8.000000E+00 0
2.800000E+01 8.000000E+00 0
3.000000E+01 6.000000E+00 0
3.200000E+01 6.000000E+00 0
3.000000E+01 8.000000E+00 0
3.200000E+01 8.000000E+00 0
3.400000E+01 6.000000E+00 0
3.600000E+01 6.000000E+00 0
3.400000E+01 8.000000E+00 0
3.600000E+01 8.000000E+00 0
3.800000E+01 6.000000E+00 0
4.000000E+01 6.000000E+00 0
3.800000E+01 8.000000E+00 0
4.000000E+01 8.000000E+00 0
4.200000E+01 6.000000E+00 0
4.400000E+01 6.000000E+00 0
4.200000E+01 8.000000E+00 0
4.400000E+01 8.000000E+00 0
4.600000E+01 6.000000E+00 0
4.800000E+01 6.000000E+00 0
4.600000E+01 8.000000E+00 0
4.800000E+01 8.000000E+00 0
5.000000E+01 6.000000E+00 0
5.200000E+01 6.000000E+00 0
5.000000E+01 8.000000E+00 0
5.200000E+01 8.000000E+00 0
5.400000E+01 6.000000E+00 0
5.600000E+01 6.000000E+00 0
5.400000E+01 8.000000E+00 0
5.600000E+01 8.000000E+00 0
5.800000E+01 6.000000E+00 0
6.000000E+01 6.000000E+00 0
5.800000E+01 8.000000E+00 0
6.000000E+01 8.000000E+00 0
6.200000E+01 6.000000E+00 0
6.400000E+01 6.000000E+00 0
6.200000E+01 8.000000E+00 0
6.400000E+01 8.000000E+00 0
6.600000E+01 6.000000E+00 0
6.800000E+01 6.000000E+00 0
6.600000E+01 8.000000E+00 0
6.800000E+01 8.000000E+00 0
7.000000E+01 6.000000E+00 0
7.200000E+01 6.000000E+00 0
7.000000E+01 8.000000E+00 0
7.200000E+01 8.000000E+00 0
7.400000E+01 6.000000E+00 0
7.600000E+01 6.000000E+00 0
7.400000E+01 8.000000E+00 0
7.600000E+01 8.000000E+00 0
7.800000E+01 6.000000E+00 0
8.000000E+01 6.000000E+00 0
7.800000E+01 8.000000E+00 0
8.000000E+01 8.000000E+00 0
8.200000E+01 6.000000E+00 0
8.400000E+01 6.000000E+00 0
8.200000E+01 8.000000E+00 0
8.400000E+01 8.000000E+00 0
8.600000E+01 6.000000E+00 0
8.800000E+01 6.000000E+00 0
8.600000E+01 8.000000E+00 0
8.800000E+01 8.000000E+00 0
9.000000E+01 6.000000E+00 0
9.200000E+01 6.000000E+00 0
9.000000E+01 8.000000E+00 0
9.200000E+01 8.000000E+00 0
9.400000E+01 6.000000E+00 0
9.600000E+01 6.000000E+00 0
9.400000E+01 8.000000E+00 0
9.600000E+01 8.000000E+00 0
9.800000E+01 6.000000E+00 0
1.000000E+02 6.000000E+00 0
9.800000E+01 8.000000E+00 0
1.000000E+02 8.000000E+00 0
2.000000E+00 1.000000E+01 0
4.042199E-17 1.000000E+01 0
4.000000E+00 1.000000E+01 0
2.000000E+00 1.200000E+01 0
0.000000E+00 1.200000E+01 0
4.000000E+00 1.200000E+01 0
6.000000E+00 1.000000E+01 0
8.000000E+00 1.000000E+01 0
6.000000E+00 1.200000E+01 0
8.000000E+00 1.200000E+01 0
1.000000E+01 1.000000E+01 0
1.200000E+01 1.000000E+01 0
1.000000E+01 1.200000E+01 0
1.200000E+01 1.200000E+01 0
1.400000E+01 1.000000E+01 0
1.600000E+01 1.000000E+01 0
1.400000E+01 1.200000E+01 0
1.600000E+01 1.200000E+01 0
1.800000E+01 1.000000E+01 0
2.000000E+01 1.000000E+01 0
1.800000E+01 1.200000E+01 0
2.000000E+01 1.200000E+01 0
2.200000E+01 1.000000E+01 0
2.400000E+01 1.000000E+01 0
2.200000E+01 1.200000E+01 0
2.400000E+01 1.200000E+01 0
2.600000E+01 1.000000E+01 0
2.800000E+01 1.000000E+01 0
2.600000E+01 1.200000E+01 0
2.800000E+01 1.200000E+01 0
3.000000E+01 1.000000E+01 0
3.200000E+01 1.000000E+01 0
3.000000E+01 1.200000E+01 0
3.200000E+01 1.200000E+01 0
3.400000E+01 1.000000E+01 0
3.600000E+01 1.000000E+01 0
3.400000E+01 1.200000E+01 0
3.600000E+01 1.200000E+01 0
3.800000E+01 1.000000E+01 0
4.000000E+01 1.000000E+01 0
3.800000E+01 1.200000E+01 0
4.000000E+01 1.200000E+01 0
4.200000E+01 1.000000E+01 0
4.400000E+01 1.000000E+01 0
4.200000E+01 1.200000E+01 0
4.400000E+01 1.200000E+01 0
4.600000E+01 1.000000E+01 0
4.800000E+01 1.000000E+01 0
4.600000E+01 1.200000E+01 0
4.800000E+01 1.200000E+01 0
5.000000E+01 1.000000E+01 0
5.200000E+01 1.000000E+01 0
5.000000E+01 1.200000E+01 0
5.200000E+01 1.200000E+01 0
5.400000E+01 1.000000E+01 0
5.600000E+01 1.000000E+01 0
5.400000E+01 1.200000E+01 0
5.600000E+01 1.200000E+01 0
5.800000E+01 1.000000E+01 0
6.000000E+01 1.000000E+01 0
5.800000E+01 1.200000E+01 0
6.000000E+01 1.200000E+01 0
6.200000E+01 1.000000E+01 0
6.400000E+01 1.000000E+01 0
6.200000E+01 1.200000E+01 0
6.400000E+01 1.200000E+01 0
6.600000E+01 1.000000E+01 0
6.800000E+01 1.000000E+01 0
6.600000E+01 1.200000E+01 0
6.800000E+01 1.200000E+01 0
7.000000E+01 1.000000E+01 0
7.200000E+01 1.000000E+01 0
7.000000E+01 1.200000E+01 0
7.200000E+01 1.200000E+01 0
7.400000E+01 1.000000E+01 0
7.600000E+01 1.000000E+01 0
7.400000E+01 1.200000E+01 0
7.600000E+01 1.200000E+01 0
7.800000E+01 1.000000E+01 0
8.000000E+01 1.000000E+01 0
7.800000E+01 1.200000E+01 0
8.000000E+01 1.200000E+01 0
8.200000E+01 1.000000E+01 0
8.400000E+01 1.000000E+01 0
8.200000E+01 1.200000E+01 0
8.400000E+01 1.200000E+01 0
8.600000E+01 1.000000E+01 0
8.800000E+01 1.000000E+01 0
8.600000E+01 1.200000E+01 0
8.800000E+01 1.200000E+01 0
9.000000E+01 1.000000E+01 0
9.200000E+01 1.000000E+01 0
9.000000E+01 1.200000E+01 0
9.200000E+01 1.200000E+01 0
9.400000E+01 1.000000E+01 0
9.600000E+01 1.000000E+01 0
9.400000E+01 1.200000E+01 0
9.600000E+01 1.200000E+01 0
9.800000E+01 1.000000E+01 0
1.000000E+02 1.000000E+01 0
9.800000E+01 1.200000E+01 0
1.000000E+02 1.200000E+01 0
2.000000E+00 1.400000E+01 0
0.000000E+00 1.400000E+01 0
4.000000E+00 1.400000E+01 0
2.000000E+00 1.600000E+01 0
0.000000E+00 1.600000E+01 0
4.000000E+00 1.600000E+01 0
6.000000E+00 1.400000E+01 0
8.000000E+00 1.400000E+01 0
6.000000E+00 1.600000E+01 0
8.000000E+00 1.600000E+01 0
1.000000E+01 1.400000E+01 0
1.200000E+01 1.400000E+01 0
1.000000E+01 1.600000E+01 0
1.200000E+01 1.600000E+01 0
1.400000E+01 1.400000E+01 0
1.600000E+01 1.400000E+01 0
1.400000E+01 1.600000E+01 0
1.600000E+01 1.600000E+01 0
1.800000E+01 1.400000E+01 0
2.000000E+01 1.400000E+01 0
1.800000E+01 1.600000E+01 0
2.000000E+01 1.600000E+01 0
2.200000E+01 1.400000E+01 0
2.400000E+01 1.400000E+01 0
2.200000E+01 1.600000E+01 0
2.400000E+01 1.600000E+01 0
2.600000E+01 1.400000E+01 0
2.800000E+01 1.400000E+01 0
2.600000E+01 1.600000E+01 0
2.800000E+01 1.600000E+01 0
3.000000E+01 1.400000E+01 0
3.200000E+01 1.400000E+01 0
3.000000E+01 1.600000E+01 0
3.200000E+01 1.600000E+01 0
3.400000E+01 1.400000E+01 0
3.600000E+01 1.400000E+01 0
3.400000E+01 1.600000E+01 0
3.600000E+01 1.600000E+01 0
3.800000E+01 1.400000E+01 0
4.000000E+01 1.400000E+01 0
3.800000E+01 1.600000E+01 0
4.000000E+01 1.600000E+01 0
4.200000E+01 1.400000E+01 0
4.400000E+01 1.400000E+01 0
4.200000E+01 1.600000E+01 0
4.400000E+01 1.600000E+01 0
4.600000E+01 1.400000E+01 0
4.800000E+01 1.400000E+01 0
4.600000E+01 1.600000E+01 0
4.800000E+01 1.600000E+01 0
5.000000E+01 1.400000E+01 0
5.200000E+01 1.400000E+01 0
5.000000E+01 1.600000E+01 0
5.200000E+01 1.600000E+01 0
5.400000E+01 1.400000E+01 0
5.600000E+01 1.400000E+01 0
5.400000E+01 1.600000E+01 0
5.600000E+01 1.600000E+01 0
5.800000E+01 1.400000E+01 0
6.000000E+01 1.400000E+01 0
5.800000E+01 1.600000E+01 0
6.000000E+01 1.600000E+01 0
6.200000E+01 1.400000E+01 0
6.400000E+01 1.400000E+01 0
6.200000E+01 1.600000E+01 0
6.400000E+01 1.600000E+01 0
6.600000E+01 1.400000E+01 0
6.800000E+01 1.400000E+01 0
6.600000E+01 1.600000E+01 0
6.800000E+01 1.600000E+01 0
7.000000E+01 1.400000E+01 0
7.200000E+01 1.400000E+01 0
7.000000E+01 1.600000E+01 0
7.200000E+01 1.600000E+01 0
7.400000E+01 1.400000E+01 0
7.600000E+01 1.400000E+01 0
7.400000E+01 1.600000E+01 0
7.600000E+01 1.600000E+01 0
7.800000E+01 1.400000E+01 0
8.000000E+01 1.400000E+01 0
7.800000E+01 1.600000E+01 0
8.000000E+01 1.600000E+01 0
8.200000E+01 1.400000E+01 0
8.400000E+01 1.400000E+01 0
8.200000E+01 1.600000E+01 0
8.400000E+01 1.600000E+01 0
8.600000E+01 1.400000E+01 0
8.800000E+01 1.400000E+01 0
8.600000E+01 1.600000E+01 0
8.800000E+01 1.600000E+01 0
9.000000E+01 1.400000E+01 0
9.200000E+01 1.400000E+01 0
9.000000E+01 1.600000E+01 0
9.200000E+01 1.600000E+01 0
9.400000E+01 1.400000E+01 0
9.600000E+01 1.400000E+01 0
9.400000E+01 1.600000E+01 0
9.600000E+01 1.600000E+01 0
9.800000E+01 1.400000E+01 0
1.000000E+02 1.400000E+01 0
9.800000E+01 1.600000E+01 0
1.000000E+02 1.600000E+01 0
2.000000E+00 1.800000E+01 0
0.000000E+00 1.800000E+01 0
4.000000E+00 1.800000E+01 0
2.000000E+00 2.000000E+01 0
0.000000E+00 2.000000E+01 0
4.000000E+00 2.000000E+01 0
6.000000E+00 1.800000E+01 0
8.000000E+00 1.800000E+01 0
6.000000E+00 2.000000E+01 0
8.000000E+00 2.000000E+01 0
1.000000E+01 1.800000E+01 0
1.200000E+01 1.800000E+01 0
1.000000E+01 2.000000E+01 0
1.200000E+01 2.000000E+01 0
1.400000E+01 1.800000E+01 0
1.600000E+01 1.800000E+01 0
1.400000E+01 2.000000E+01 0
1.600000E+01 2.000000E+01 0
1.800000E+01 1.800000E+01 0
2.000000E+01 1.800000E+01 0
1.800000E+01 2.000000E+01 0
2.000000E+01 2.000000E+01 0
2.200000E+01 1.800000E+01 0
2.400000E+01 1.800000E+01 0
2.200000E+01 2.000000E+01 0
2.400000E+01 2.000000E+01 0
2.600000E+01 1.800000E+01 0
2.800000E+01 1.800000E+01 0
2.600000E+01 2.000000E+01 0
2.800000E+01 2.000000E+01 0
3.000000E+01 1.800000E+01 0
3.200000E+01 1.800000E+01 0
3.000000E+01 2.000000E+01 0
3.200000E+01 2.000000E+01 0
3.400000E+01 1.800000E+01 0
3.600000E+01 1.800000E+01 0
3.400000E+01 2.000000E+01 0
3.600000E+01 2.000000E+01 0
3.800000E+01 1.800000E+01 0
4.000000E+01 1.800000E+01 0
3.800000E+01 2.000000E+01 0
4.000000E+01 2.000000E+01 0
4.200000E+01 1.800000E+01 0
4.400000E+01 1.800000E+01 0
4.200000E+01 2.000000E+01 0
4.400000E+01 2.000000E+01 0
4.600000E+01 1.800000E+01 0
4.800000E+01 1.800000E+01 0
4.600000E+01 2.000000E+01 0
4.800000E+01 2.000000E+01 0
5.000000E+01 1.800000E+01 0
5.200000E+01 1.800000E+01 0
5.000000E+01 2.000000E+01 0
5.200000E+01 2.000000E+01 0
5.400000E+01 1.800000E+01 0
5.600000E+01 1.800000E+01 0
5.400000E+01 2.000000E+01 0
5.600000E+01 2.000000E+01 0
5.800000E+01 1.800000E+01 0
6.000000E+01 1.800000E+01 0
5.800000E+01 2.000000E+01 0
6.000000E+01 2.000000E+01 0
6.200000E+01 1.800000E+01 0
6.400000E+01 1.800000E+01 0
6.200000E+01 2.000000E+01 0
6.400000E+01 2.000000E+01 0
6.600000E+01 1.800000E+01 0
6.800000E+01 1.800000E+01 0
6.600000E+01 2.000000E+01 0
6.800000E+01 2.000000E+01 0
7.000000E+01 1.800000E+01 0
7.200000E+01 1.800000E+01 0
7.000000E+01 2.000000E+01 0
7.200000E+01 2.000000E+01 0
7.400000E+01 1.800000E+01 0
7.600000E+01 1.800000E+01 0
7.400000E+01 2.000000E+01 0
7.600000E+01 2.000000E+01 0
7.800000E+01 1.800000E+01 0
8.000000E+01 1.800000E+01 0
7.800000E+01 2.000000E+01 0
8.000000E+01 2.000000E+01 0
8.200000E+01 1.800000E+01 0
8.400000E+01 1.800000E+01 0
8.200000E+01 2.000000E+01 0
8.400000E+01 2.000000E+01 0
8.600000E+01 1.800000E+01 0
8.800000E+01 1.800000E+01 0
8.600000E+01 2.000000E+01 0
8.800000E+01 2.000000E+01 0
9.000000E+01 1.800000E+01 0
9.200000E+01 1.800000E+01 0
9.000000E+01 2.000000E+01 0
9.200000E+01 2.000000E+01 0
9.400000E+01 1.800000E+01 0
9.600000E+01 1.800000E+01 0
9.400000E+01 2.000000E+01 0
9.600000E+01 2.000000E+01 0
9.800000E+01 1.800000E+01 0
1.000000E+02 1.800000E+01 0
9.800000E+01 2.000000E+01 0
1.000000E+02 2.000000E+01 0
2.000000E+00 2.200000E+01 0
0.000000E+00 2.200000E+01 0
4.000000E+00 2.200000E+01 0
2.000000E+00 2.400000E+01 0
0.000000E+00 2.400000E+01 0
4.000000E+00 2.400000E+01 0
6.000000E+00 2.200000E+01 0
8.000000E+00 2.200000E+01 0
6.000000E+00 2.400000E+01 0
8.000000E+00 2.400000E+01 0
1.000000E+01 2.200000E+01 0
1.200000E+01 2.200000E+01 0
1.000000E+01 2.400000E+01 0
1.200000E+01 2.400000E+01 0
1.400000E+01 2.200000E+01 0
1.600000E+01 2.200000E+01 0
1.400000E+01 2.400000E+01 0
1.600000E+01 2.400000E+01 0
1.800000E+01 2.200000E+01 0
2.000000E+01 2.200000E+01 0
1.800000E+01 2.400000E+01 0
2.000000E+01 2.400000E+01 0
2.200000E+01 2.200000E+01 0
2.400000E+01 2.200000E+01 0
2.200000E+01 2.400000E+01 0
2.400000E+01 2.400000E+01 0
2.600000E+01 2.200000E+01 0
2.800000E+01 2.200000E+01 0
2.600000E+01 2.400000E+01 0
2.800000E+01 2.400000E+01 0
3.000000E+01 2.200000E+01 0
3.200000E+01 2.200000E+01 0
3.000000E+01 2.400000E+01 0
3.200000E+01 2.400000E+01 0
3.400000E+01 2.200000E+01 0
3.600000E+01 2.200000E+01 0
3.400000E+01 2.400000E+01 0
3.600000E+01 2.400000E+01 0
3.800000E+01 2.200000E+01 0
4.000000E+01 2.200000E+01 0
3.800000E+01 2.400000E+01 0
4.000000E+01 2.400000E+01 0
4.200000E+01 2.200000E+01 0
4.400000E+01 2.200000E+01 0
4.200000E+01 2.400000E+01 0
4.400000E+01 2.400000E+01 0
4.600000E+01 2.200000E+01 0
4.800000E+01 2.200000E+01 0
4.600000E+01 2.400000E+01 0
4.800000E+01 2.400000E+01 0
5.000000E+01 2.200000E+01 0
5.200000E+01 2.200000E+01 0
5.000000E+01 2.400000E+01 0
5.200000E+01 2.400000E+01 0
5.400000E+01 2.200000E+01 0
5.600000E+01 2.200000E+01 0
5.400000E+01 2.400000E+01 0
5.600000E+01 2.400000E+01 0
5.800000E+01 2.200000E+01 0
6.000000E+01 2.200000E+01 0
5.800000E+01 2.400000E+01 0
6.000000E+01 2.400000E+01 0
6.200000E+01 2.200000E+01 0
6.400000E+01 2.200000E+01 0
6.200000E+01 2.400000E+01 0
6.400000E+01 2.400000E+01 0
6.600000E+01 2.200000E+01 0
6.800000E+01 2.200000E+01 0
6.600000E+01 2.400000E+01 0
6.800000E+01 2.400000E+01 0
7.000000E+01 2.200000E+01 0
7.200000E+01 2.200000E+01 0
7.000000E+01 2.400000E+01 0
7.200000E+01 2.400000E+01 0
7.400000E+01 2.200000E+01 0
7.600000E+01 2.200000E+01 0
7.400000E+01 2.400000E+01 0
7.600000E+01 2.400000E+01 0
7.800000E+01 2.200000E+01 0
8.000000E+01 2.200000E+01 0
7.800000E+01 2.400000E+01 0
8.000000E+01 2.400000E+01 0
8.200000E+01 2.200000E+01 0
8.400000E+01 2.200000E+01 0
8.200000E+01 2.400000E+01 0
8.400000E+01 2.400000E+01 0
8.600000E+01 2.200000E+01 0
8.800000E+01 2.200000E+01 0
8.600000E+01 2.400000E+01 0
8.800000E+01 2.400000E+01 0
9.000000E+01 2.200000E+01 0
9.200000E+01 2.200000E+01 0
9.000000E+01 2.400000E+01 0
9.200000E+01 2.400000E+01 0
9.400000E+01 2.200000E+01 0
9.600000E+01 2.200000E+01 0
9.400000E+01 2.400000E+01 0
9.600000E+01 2.400000E+01 0
9.800000E+01 2.200000E+01 0
1.000000E+02 2.200000E+01 0
9.800000E+01 2.400000E+01 0
1.000000E+02 2.400000E+01 0
2.000000E+00 2.600000E+01 0
0.000000E+00 2.600000E+01 0
4.000000E+00 2.600000E+01 0
2.000000E+00 2.800000E+01 0
0.000000E+00 2.800000E+01 0
4.000000E+00 2.800000E+01 0
6.000000E+00 2.600000E+01 0
8.000000E+00 2.600000E+01 0
6.000000E+00 2.800000E+01 0
8.000000E+00 2.800000E+01 0
1.000000E+01 2.600000E+01 0
1.200000E+01 2.600000E+01 0
1.000000E+01 2.800000E+01 0
1.200000E+01 2.800000E+01 0
1.400000E+01 2.600000E+01 0
1.600000E+01 2.600000E+01 0
1.400000E+01 2.800000E+01 0
1.600000E+01 2.800000E+01 0
1.800000E+01 2.600000E+01 0
2.000000E+01 2.600000E+01 0
1.800000E+01 2.800000E+01 0
2.000000E+01 2.800000E+01 0
2.200000E+01 2.600000E+01 0
2.400000E+01 2.600000E+01 0
2.200000E+01 2.800000E+01 0
2.400000E+01 2.800000E+01 0
2.600000E+01 2.600000E+01 0
2.800000E+01 2.600000E+01 0
2.600000E+01 2.800000E+01 0
2.800000E+01 2.800000E+01 0
3.000000E+01 2.600000E+01 0
3.200000E+01 2.600000E+01 0
3.000000E+01 2.800000E+01 0
3.200000E+01 2.800000E+01 0
3.400000E+01 2.600000E+01 0
3.600000E+01 2.600000E+01 0
3.400000E+01 2.800000E+01 0
3.600000E+01 2.800000E+01 0
3.800000E+01 2.600000E+01 0
4.000000E+01 2.600000E+01 0
3.800000E+01 2.800000E+01 0
4.000000E+01 2.800000E+01 0
4.200000E+01 2.600000E+01 0
4.400000E+01 2.600000E+01 0
4.200000E+01 2.800000E+01 0
4.400000E+01 2.800000E+01 0
4.600000E+01 2.600000E+01 0
4.800000E+01 2.600000E+01 0
4.600000E+01 2.800000E+01 0
4.800000E+01 2.800000E+01 0
5.000000E+01 2.600000E+01 0
5.200000E+01 2.600000E+01 0
5.000000E+01 2.800000E+01 0
5.200000E+01 2.800000E+01 0
5.400000E+01 2.600000E+01 0
5.600000E+01 2.600000E+01 0
5.400000E+01 2.800000E+01 0
5.600000E+01 2.800000E+01 0
5.800000E+01 2.600000E+01 0
6.000000E+01 2.600000E+01 0
5.800000E+01 2.800000E+01 0
6.000000E+01 2.800000E+01 0
6.200000E+01 2.600000E+01 0
6.400000E+01 2.600000E+01 0
6.200000E+01 2.800000E+01 0
6.400000E+01 2.800000E+01 0
6.600000E+01 2.600000E+01 0
6.800000E+01 2.600000E+01 0
6.600000E+01 2.800000E+01 0
6.800000E+01 2.800000E+01 0
7.000000E+01 2.600000E+01 0
7.200000E+01 2.600000E+01 0
7.000000E+01 2.800000E+01 0
7.200000E+01 2.800000E+01 0
7.400000E+01 2.600000E+01 0
7.600000E+01 2.600000E+01 0
7.400000E+01 2.800000E+01 0
7.600000E+01 2.800000E+01 0
7.800000E+01 2.600000E+01 0
8.000000E+01 2.600000E+01 0
7.800000E+01 2.800000E+01 0
8.000000E+01 2.800000E+01 0
8.200000E+01 2.600000E+01 0
8.400000E+01 2.600000E+01 0
8.200000E+01 2.800000E+01 0
8.400000E+01 2.800000E+01 0
8.600000E+01 2.600000E+01 0
8.800000E+01 2.600000E+01 0
8.600000E+01 2.800000E+01 0
8.800000E+01 2.800000E+01 0
9.000000E+01 2.600000E+01 0
9.200000E+01 2.600000E+01 0
9.000000E+01 2.800000E+01 0
9.200000E+01 2.800000E+01 0
9.400000E+01 2.600000E+01 0
9.600000E+01 2.600000E+01 0
9.400000E+01 2.800000E+01 0
9.600000E+01 2.800000E+01 0
9.800000E+01 2.600000E+01 0
1.000000E+02 2.600000E+01 0
9.800000E+01 2.800000E+01 0
1.000000E+02 2.800000E+01 0
2.000000E+00 3.000000E+01 0
0.000000E+00 3.000000E+01 0
4.000000E+00 3.000000E+01 0
2.000000E+00 3.200000E+01 0
0.000000E+00 3.200000E+01 0
4.000000E+00 3.200000E+01 0
6.000000E+00 3.000000E+01 0
8.000000E+00 3.000000E+01 0
6.000000E+00 3.200000E+01 0
8.000000E+00 3.200000E+01 0
1.000000E+01 3.000000E+01 0
1.200000E+01 3.000000E+01 0
1.000000E+01 3.200000E+01 0
1.200000E+01 3.200000E+01 0
1.400000E+01 3.000000E+01 0
1.600000E+01 3.000000E+01 0
1.400000E+01 3.200000E+01 0
1.600000E+01 3.200000E+01 0
1.800000E+01 3.000000E+01 0
2.000000E+01 3.000000E+01 0
1.800000E+01 3.200000E+01 0
2.000000E+01 3.200000E+01 0
2.200000E+01 3.000000E+01 0
2.400000E+01 3.000000E+01 0
2.200000E+01 3.200000E+01 0
2.400000E+01 3.200000E+01 0
2.600000E+01 3.000000E+01 0
2.800000E+01 3.000000E+01 0
2.600000E+01 3.200000E+01 0
2.800000E+01 3.200000E+01 0
3.000000E+01 3.000000E+01 0
3.200000E+01 3.000000E+01 0
3.000000E+01 3.200000E+01 0
3.200000E+01 3.200000E+01 0
3.400000E+01 3.000000E+01 0
3.600000E+01 3.000000E+01 0
3.400000E+01 3.200000E+01 0
3.600000E+01 3.200000E+01 0
3.800000E+01 3.000000E+01 0
4.000000E+01 3.000000E+01 0
3.800000E+01 3.200000E+01 0
4.000000E+01 3.200000E+01 0
4.200000E+01 3.000000E+01 0
4.400000E+01 3.000000E+01 0
4.200000E+01 3.200000E+01 0
4.400000E+01 3.200000E+01 0
4.600000E+01 3.000000E+01 0
4.800000E+01 3.000000E+01 0
4.600000E+01 3.200000E+01 0
4.800000E+01 3.200000E+01 0
5.000000E+01 3.000000E+01 0
5.200000E+01 3.000000E+01 0
5.000000E+01 3.200000E+01 0
5.200000E+01 3.200000E+01 0
5.400000E+01 3.000000E+01 0
5.600000E+01 3.000000E+01 0
5.400000E+01 3.200000E+01 0
5.600000E+01 3.200000E+01 0
5.800000E+01 3.000000E+01 0
6.000000E+01 3.000000E+01 0
5.800000E+01 3.200000E+01 0
6.000000E+01 3.200000E+01 0
6.200000E+01 3.000000E+01 0
6.400000E+01 3.000000E+01 0
6.200000E+01 3.200000E+01 0
6.400000E+01 3.200000E+01 0
6.600000E+01 3.000000E+01 0
6.800000E+01 3.000000E+01 0
6.600000E+01 3.200000E+01 0
6.800000E+01 3.200000E+01 0
7.000000E+01 3.000000E+01 0
7.200000E+01 3.000000E+01 0
7.000000E+01 3.200000E+01 0
7.200000E+01 3.200000E+01 0
7.400000E+01 3.000000E+01 0
7.600000E+01 3.000000E+01 0
7.400000E+01 3.200000E+01 0
7.600000E+01 3.200000E+01 0
7.800000E+01 3.000000E+01 0
8.000000E+01 3.000000E+01 0
7.800000E+01 3.200000E+01 0
8.000000E+01 3.200000E+01 0
8.200000E+01 3.000000E+01 0
8.400000E+01 3.000000E+01 0
8.200000E+01 3.200000E+01 0
8.400000E+01 3.200000E+01 0
8.600000E+01 3.000000E+01 0
8.800000E+01 3.000000E+01 0
8.600000E+01 3.200000E+01 0
8.800000E+01 3.200000E+01 0
9.000000E+01 3.000000E+01 0
9.200000E+01 3.000000E+01 0
9.000000E+01 3.200000E+01 0
9.200000E+01 3.200000E+01 0
9.400000E+01 3.000000E+01 0
9.600000E+01 3.000000E+01 0
9.400000E+01 3.200000E+01 0
9.600000E+01 3.200000E+01 0
9.800000E+01 3.000000E+01 0
1.000000E+02 3.000000E+01 0
9.800000E+01 3.200000E+01 0
1.000000E+02 3.200000E+01 0
2.000000E+00 3.400000E+01 0
0.000000E+00 3.400000E+01 0
4.000000E+00 3.400000E+01 0
2.000000E+00 3.600000E+01 0
0.000000E+00 3.600000E+01 0
4.000000E+00 3.600000E+01 0
6.000000E+00 3.400000E+01 0
8.000000E+00 3.400000E+01 0
6.000000E+00 3.600000E+01 0
8.000000E+00 3.600000E+01 0
1.000000E+01 3.400000E+01 0
1.200000E+01 3.400000E+01 0
1.000000E+01 3.600000E+01 0
1.200000E+01 3.600000E+01 0
1.400000E+01 3.400000E+01 0
1.600000E+01 3.400000E+01 0
1.400000E+01 3.600000E+01 0
1.600000E+01 3.600000E+01 0
1.800000E+01 3.400000E+01 0
2.000000E+01 3.400000E+01 0
1.800000E+01 3.600000E+01 0
2.000000E+01 3.600000E+01 0
2.200000E+01 3.400000E+01 0
2.400000E+01 3.400000E+01 0
2.200000E+01 3.600000E+01 0
2.400000E+01 3.600000E+01 0
2.600000E+01 3.400000E+01 0
2.800000E+01 3.400000E+01 0
2.600000E+01 3.600000E+01 0
2.800000E+01 3.600000E+01 0
3.000000E+01 3.400000E+01 0
3.200000E+01 3.400000E+01 0
3.000000E+01 3.600000E+01 0
3.200000E+01 3.600000E+01 0
3.400000E+01 3.400000E+01 0
3.600000E+01 3.400000E+01 0
3.400000E+01 3.600000E+01 0
3.600000E+01 3.600000E+01 0
3.800000E+01 3.400000E+01 0
4.000000E+01 3.400000E+01 0
3.800000E+01 3.600000E+01 0
4.000000E+01 3.600000E+01 0
4.200000E+01 3.400000E+01 0
4.400000E+01 3.400000E+01 0
4.200000E+01 3.600000E+01 0
4.400000E+01 3.600000E+01 0
4.600000E+01 3.400000E+01 0
4.800000E+01 3.400000E+01 0
4.600000E+01 3.600000E+01 0
4.800000E+01 3.600000E+01 0
5.000000E+01 3.400000E+01 0
5.200000E+01 3.400000E+01 0
5.000000E+01 3.600000E+01 0
5.200000E+01 3.600000E+01 0
5.400000E+01 3.400000E+01 0
5.600000E+01 3.400000E+01 0
5.400000E+01 3.600000E+01 0
5.600000E+01 3.600000E+01 0
5.800000E+01 3.400000E+01 0
6.000000E+01 3.400000E+01 0
5.800000E+01 3.600000E+01 0
6.000000E+01 3.600000E+01 0
6.200000E+01 3.400000E+01 0
6.400000E+01 3.400000E+01 0
6.200000E+01 3.600000E+01 0
6.400000E+01 3.600000E+01 0
6.600000E+01 3.400000E+01 0
6.800000E+01 3.400000E+01 0
6.600000E+01 3.600000E+01 0
6.800000E+01 3.600000E+01 0
7.000000E+01 3.400000E+01 0
7.200000E+01 3.400000E+01 0
7.000000E+01 3.600000E+01 0
7.200000E+01 3.600000E+01 0
7.400000E+01 3.400000E+01 0
7.600000E+01 3.400000E+01 0
7.400000E+01 3.600000E+01 0
7.600000E+01 3.600000E+01 0
7.800000E+01 3.400000E+01 0
8.000000E+01 3.400000E+01 0
7.800000E+01 3.600000E+01 0
8.000000E+01 3.600000E+01 0
8.200000E+01 3.400000E+01 0
8.400000E+01 3.400000E+01 0
8.200000E+01 3.600000E+01 0
8.400000E+01 3.600000E+01 0
8.600000E+01 3.400000E+01 0
8.800000E+01 3.400000E+01 0
8.600000E+01 3.600000E+01 0
8.800000E+01 3.600000E+01 0
9.000000E+01 3.400000E+01 0
9.200000E+01 3.400000E+01 0
9.000000E+01 3.600000E+01 0
9.200000E+01 3.600000E+01 0
9.400000E+01 3.400000E+01 0
9.600000E+01 3.400000E+01 0
9.400000E+01 3.600000E+01 0
9.600000E+01 3.600000E+01 0
9.800000E+01 3.400000E+01 0
1.000000E+02 3.400000E+01 0
9.800000E+01 3.600000E+01 0
1.000000E+02 3.600000E+01 0
2.000000E+00 3.800000E+01 0
0.000000E+00 3.800000E+01 0
4.000000E+00 3.800000E+01 0
2.000000E+00 4.000000E+01 0
0.000000E+00 4.000000E+01 0
4.000000E+00 4.000000E+01 0
6.000000E+00 3.800000E+01 0
8.000000E+00 3.800000E+01 0
6.000000E+00 4.000000E+01 0
8.000000E+00 4.000000E+01 0
1.000000E+01 3.800000E+01 0
1.200000E+01 3.800000E+01 0
1.000000E+01 4.000000E+01 0
1.200000E+01 4.000000E+01 0
1.400000E+01 3.800000E+01 0
1.600000E+01 3.800000E+01 0
1.400000E+01 4.000000E+01 0
1.600000E+01 4.000000E+01 0
1.800000E+01 3.800000E+01 0
2.000000E+01 3.800000E+01 0
1.800000E+01 4.000000E+01 0
2.000000E+01 4.000000E+01 0
2.200000E+01 3.800000E+01 0
2.400000E+01 3.800000E+01 0
2.200000E+01 4.000000E+01 0
2.400000E+01 4.000000E+01 0
2.600000E+01 3.800000E+01 0
2.800000E+01 3.800000E+01 0
2.600000E+01 4.000000E+01 0
2.800000E+01 4.000000E+01 0
3.000000E+01 3.800000E+01 0
3.200000E+01 3.800000E+01 0
3.000000E+01 4.000000E+01 0
3.200000E+01 4.000000E+01 0
3.400000E+01 3.800000E+01 0
3.600000E+01 3.800000E+01 0
3.400000E+01 4.000000E+01 0
3.600000E+01 4.000000E+01 0
3.800000E+01 3.800000E+01 0
4.000000E+01 3.800000E+01 0
3.800000E+01 4.000000E+01 0
4.000000E+01 4.000000E+01 0
4.200000E+01 3.800000E+01 0
4.400000E+01 3.800000E+01 0
4.200000E+01 4.000000E+01 0
4.400000E+01 4.000000E+01 0
4.600000E+01 3.800000E+01 0
4.800000E+01 3.800000E+01 0
4.600000E+01 4.000000E+01 0
4.800000E+01 4.000000E+01 0
5.000000E+01 3.800000E+01 0
5.200000E+01 3.800000E+01 0
5.000000E+01 4.000000E+01 0
5.200000E+01 4.000000E+01 0
5.400000E+01 3.800000E+01 0
5.600000E+01 3.800000E+01 0
5.400000E+01 4.000000E+01 0
5.600000E+01 4.000000E+01 0
5.800000E+01 3.800000E+01 0
6.000000E+01 3.800000E+01 0
5.800000E+01 4.000000E+01 0
6.000000E+01 4.000000E+01 0
6.200000E+01 3.800000E+01 0
6.400000E+01 3.800000E+01 0
6.200000E+01 4.000000E+01 0
6.400000E+01 4.000000E+01 0
6.600000E+01 3.800000E+01 0
6.800000E+01 3.800000E+01 0
6.600000E+01 4.000000E+01 0
6.800000E+01 4.000000E+01 0
7.000000E+01 3.800000E+01 0
7.200000E+01 3.800000E+01 0
7.000000E+01 4.000000E+01 0
7.200000E+01 4.000000E+01 0
7.400000E+01 3.800000E+01 0
7.600000E+01 3.800000E+01 0
7.400000E+01 4.000000E+01 0
7.600000E+01 4.000000E+01 0
7.800000E+01 3.800000E+01 0
8.000000E+01 3.800000E+01 0
7.800000E+01 4.000000E+01 0
8.000000E+01 4.000000E+01 0
8.200000E+01 3.800000E+01 0
8.400000E+01 3.800000E+01 0
8.200000E+01 4.000000E+01 0
8.400000E+01 4.000000E+01 0
8.600000E+01 3.800000E+01 0
8.800000E+01 3.800000E+01 0
8.600000E+01 4.000000E+01 0
8.800000E+01 4.000000E+01 0
9.000000E+01 3.800000E+01 0
9.200000E+01 3.800000E+01 0
9.000000E+01 4.000000E+01 0
9.200000E+01 4.000000E+01 0
9.400000E+01 3.800000E+01 0
9.600000E+01 3.800000E+01 0
9.400000E+01 4.000000E+01 0
9.600000E+01 4.000000E+01 0
9.800000E+01 3.800000E+01 0
1.000000E+02 3.800000E+01 0
9.800000E+01 4.000000E+01 0
1.000000E+02 4.000000E+01 0
2.000000E+00 4.200000E+01 0
0.000000E+00 4.200000E+01 0
4.000000E+00 4.200000E+01 0
2.000000E+00 4.400000E+01 0
0.000000E+00 4.400000E+01 0
4.000000E+00 4.400000E+01 0
6.000000E+00 4.200000E+01 0
8.000000E+00 4.200000E+01 0
6.000000E+00 4.400000E+01 0
8.000000E+00 4.400000E+01 0
1.000000E+01 4.200000E+01 0
1.200000E+01 4.200000E+01 0
1.000000E+01 4.400000E+01 0
1.200000E+01 4.400000E+01 0
1.400000E+01 4.200000E+01 0
1.600000E+01 4.200000E+01 0
1.400000E+01 4.400000E+01 0
1.600000E+01 4.400000E+01 0
1.800000E+01 4.200000E+01 0
2.000000E+01 4.200000E+01 0
1.800000E+01 4.400000E+01 0
2.000000E+01 4.400000E+01 0
2.200000E+01 4.200000E+01 0
2.400000E+01 4.200000E+01 0
2.200000E+01 4.400000E+01 0
2.400000E+01 4.400000E+01 0
2.600000E+01 4.200000E+01 0
2.800000E+01 4.200000E+01 0
2.600000E+01 4.400000E+01 0
2.800000E+01 4.400000E+01 0
3.000000E+01 4.200000E+01 0
3.200000E+01 4.200000E+01 0
3.000000E+01 4.400000E+01 0
3.200000E+01 4.400000E+01 0
3.400000E+01 4.200000E+01 0
3.600000E+01 4.200000E+01 0
3.400000E+01 4.400000E+01 0
3.600000E+01 4.400000E+01 0
3.800000E+01 4.200000E+01 0
4.000000E+01 4.200000E+01 0
3.800000E+01 4.400000E+01 0
4.000000E+01 4.400000E+01 0
4.200000E+01 4.200000E+01 0
4.400000E+01 4.200000E+01 0
4.200000E+01 4.400000E+01 0
4.400000E+01 4.400000E+01 0
4.600000E+01 4.200000E+01 0
4.800000E+01 4.200000E+01 0
4.600000E+01 4.400000E+01 0
4.800000E+01 4.400000E+01 0
5.000000E+01 4.200000E+01 0
5.200000E+01 4.200000E+01 0
5.000000E+01 4.400000E+01 0
5.200000E+01 4.400000E+01 0
5.400000E+01 4.200000E+01 0
5.600000E+01 4.200000E+01 0
5.400000E+01 4.400000E+01 0
5.600000E+01 4.400000E+01 0
5.800000E+01 4.200000E+01 0
6.000000E+01 4.200000E+01 0
5.800000E+01 4.400000E+01 0
6.000000E+01 4.400000E+01 0
6.200000E+01 4.200000E+01 0
6.400000E+01 4.200000E+01 0
6.200000E+01 4.400000E+01 0
6.400000E+01 4.400000E+01 0
6.600000E+01 4.200000E+01 0
6.800000E+01 4.200000E+01 0
6.600000E+01 4.400000E+01 0
6.800000E+01 4.400000E+01 0
7.000000E+01 4.200000E+01 0
7.200000E+01 4.200000E+01 0
7.000000E+01 4.400000E+01 0
7.200000E+01 4.400000E+01 0
7.400000E+01 4.200000E+01 0
7.600000E+01 4.200000E+01 0
7.400000E+01 4.400000E+01 0
7.600000E+01 4.400000E+01 0
7.800000E+01 4.200000E+01 0
8.000000E+01 4.200000E+01 0
7.800000E+01 4.400000E+01 0
8.000000E+01 4.400000E+01 0
8.200000E+01 4.200000E+01 0
8.400000E+01 4.200000E+01 0
8.200000E+01 4.400000E+01 0
8.400000E+01 4.400000E+01 0
8.600000E+01 4.200000E+01 0
8.800000E+01 4.200000E+01 0
8.600000E+01 4.400000E+01 0
8.800000E+01 4.400000E+01 0
9.000000E+01 4.200000E+01 0
9.200000E+01 4.200000E+01 0
9.000000E+01 4.400000E+01 0
9.200000E+01 4.400000E+01 0
9.400000E+01 4.200000E+01 0
9.600000E+01 4.200000E+01 0
9.400000E+01 4.400000E+01 0
9.600000E+01 4.400000E+01 0
9.800000E+01 4.200000E+01 0
1.000000E+02 4.200000E+01 0
9.800000E+01 4.400000E+01 0
1.000000E+02 4.400000E+01 0
2.000000E+00 4.600000E+01 0
0.000000E+00 4.600000E+01 0
4.000000E+00 4.600000E+01 0
2.000000E+00 4.800000E+01 0
0.000000E+00 4.800000E+01 0
4.000000E+00 4.800000E+01 0
6.000000E+00 4.600000E+01 0
8.000000E+00 4.600000E+01 0
6.000000E+00 4.800000E+01 0
8.000000E+00 4.800000E+01 0
1.000000E+01 4.600000E+01 0
1.200000E+01 4.600000E+01 0
1.000000E+01 4.800000E+01 0
1.200000E+01 4.800000E+01 0
1.400000E+01 4.600000E+01 0
1.600000E+01 4.600000E+01 0
1.400000E+01 4.800000E+01 0
1.600000E+01 4.800000E+01 0
1.800000E+01 4.600000E+01 0
2.000000E+01 4.600000E+01 0
1.800000E+01 4.800000E+01 0
2.000000E+01 4.800000E+01 0
2.200000E+01 4.600000E+01 0
2.400000E+01 4.600000E+01 0
2.200000E+01 4.800000E+01 0
2.400000E+01 4.800000E+01 0
2.600000E+01 4.600000E+01 0
2.800000E+01 4.600000E+01 0
2.600000E+01 4.800000E+01 0
2.800000E+01 4.800000E+01 0
3.000000E+01 4.600000E+01 0
3.200000E+01 4.600000E+01 0
3.000000E+01 4.800000E+01 0
3.200000E+01 4.800000E+01 0
3.400000E+01 4.600000E+01 0
3.600000E+01 4.600000E+01 0
3.400000E+01 4.800000E+01 0
3.600000E+01 4.800000E+01 0
3.800000E+01 4.600000E+01 0
4.000000E+01 4.600000E+01 0
3.800000E+01 4.800000E+01 0
4.000000E+01 4.800000E+01 0
4.200000E+01 4.600000E+01 0
4.400000E+01 4.600000E+01 0
4.200000E+01 4.800000E+01 0
4.400000E+01 4.800000E+01 0
4.600000E+01 4.600000E+01 0
4.800000E+01 4.600000E+01 0
4.600000E+01 4.800000E+01 0
4.800000E+01 4.800000E+01 0
5.000000E+01 4.600000E+01 0
5.200000E+01 4.600000E+01 0
5.000000E+01 4.800000E+01 0
5.200000E+01 4.800000E+01 0
5.400000E+01 4.600000E+01 0
5.600000E+01 4.600000E+01 0
5.400000E+01 4.800000E+01 0
5.600000E+01 4.800000E+01 0
5.800000E+01 4.600000E+01 0
6.000000E+01 4.600000E+01 0
5.800000E+01 4.800000E+01 0
6.000000E+01 4.800000E+01 0
6.200000E+01 4.600000E+01 0
6.400000E+01 4.600000E+01 0
6.200000E+01 4.800000E+01 0
6.400000E+01 4.800000E+01 0
6.600000E+01 4.600000E+01 0
6.800000E+01 4.600000E+01 0
6.600000E+01 4.800000E+01 0
6.800000E+01 4.800000E+01 0
7.000000E+01 4.600000E+01 0
7.200000E+01 4.600000E+01 0
7.000000E+01 4.800000E+01 0
7.200000E+01 4.800000E+01 0
7.400000E+01 4.600000E+01 0
7.600000E+01 4.600000E+01 0
7.400000E+01 4.800000E+01 0
7.600000E+01 4.800000E+01 0
7.800000E+01 4.600000E+01 0
8.000000E+01 4.600000E+01 0
7.800000E+01 4.800000E+01 0
8.000000E+01 4.800000E+01 0
8.200000E+01 4.600000E+01 0
8.400000E+01 4.600000E+01 0
8.200000E+01 4.800000E+01 0
8.400000E+01 4.800000E+01 0
8.600000E+01 4.600000E+01 0
8.800000E+01 4.600000E+01 0
8.600000E+01 4.800000E+01 0
8.800000E+01 4.800000E+01 0
9.000000E+01 4.600000E+01 0
9.200000E+01 4.600000E+01 0
9.000000E+01 4.800000E+01 0
9.200000E+01 4.800000E+01 0
9.400000E+01 4.600000E+01 0
9.600000E+01 4.600000E+01 0
9.400000E+01 4.800000E+01 0
9.600000E+01 4.800000E+01 0
9.800000E+01 4.600000E+01 0
1.000000E+02 4.600000E+01 0
9.800000E+01 4.800000E+01 0
1.000000E+02 4.800000E+01 0
4.400000E+01 5.000000E+01 0
4.200000E+01 5.000000E+01 0
4.400000E+01 5.200000E+01 0
4.200000E+01 5.200000E+01 0
4.600000E+01 5.000000E+01 0
4.800000E+01 5.000000E+01 0
4.600000E+01 5.200000E+01 0
4.800000E+01 5.200000E+01 0
5.000000E+01 5.000000E+01 0
5.200000E+01 5.000000E+01 0
5.000000E+01 5.200000E+01 0
5.200000E+01 5.200000E+01 0
5.400000E+01 5.000000E+01 0
5.600000E+01 5.000000E+01 0
5.400000E+01 5.200000E+01 0
5.600000E+01 5.200000E+01 0
5.800000E+01 5.000000E+01 0
6.000000E+01 5.000000E+01 0
5.800000E+01 5.200000E+01 0
6.000000E+01 5.200000E+01 0
6.200000E+01 5.000000E+01 0
6.400000E+01 5.000000E+01 0
6.200000E+01 5.200000E+01 0
6.400000E+01 5.200000E+01 0
6.600000E+01 5.000000E+01 0
6.800000E+01 5.000000E+01 0
6.600000E+01 5.200000E+01 0
6.800000E+01 5.200000E+01 0
7.000000E+01 5.000000E+01 0
7.200000E+01 5.000000E+01 0
7.000000E+01 5.200000E+01 0
7.200000E+01 5.200000E+01 0
7.400000E+01 5.000000E+01 0
7.600000E+01 5.000000E+01 0
7.400000E+01 5.200000E+01 0
7.600000E+01 5.200000E+01 0
7.800000E+01 5.000000E+01 0
8.000000E+01 5.000000E+01 0
7.800000E+01 5.200000E+01 0
8.000000E+01 5.200000E+01 0
8.200000E+01 5.000000E+01 0
8.400000E+01 5.000000E+01 0
8.200000E+01 5.200000E+01 0
8.400000E+01 5.200000E+01 0
8.600000E+01 5.000000E+01 0
8.800000E+01 5.000000E+01 0
8.600000E+01 5.200000E+01 0
8.800000E+01 5.200000E+01 0
9.000000E+01 5.000000E+01 0
9.200000E+01 5.000000E+01 0
9.000000E+01 5.200000E+01 0
9.200000E+01 5.200000E+01 0
9.400000E+01 5.000000E+01 0
9.600000E+01 5.000000E+01 0
9.400000E+01 5.200000E+01 0
9.600000E+01 5.200000E+01 0
9.800000E+01 5.000000E+01 0
1.000000E+02 5.000000E+01 0
9.800000E+01 5.200000E+01 0
1.000000E+02 5.200000E+01 0
0.000000E+00 5.200000E+01 0
2.000000E+00 5.200000E+01 0
2.000000E+00 5.400000E+01 0
4.042199E-17 5.400000E+01 0
4.000000E+00 5.200000E+01 0
4.000000E+00 5.400000E+01 0
2.000000E+00 5.600000E+01 0
0.000000E+00 5.600000E+01 0
4.000000E+00 5.600000E+01 0
6.000000E+00 5.200000E+01 0
6.000000E+00 5.400000E+01 0
8.000000E+00 5.200000E+01 0
8.000000E+00 5.400000E+01 0
6.000000E+00 5.600000E+01 0
8.000000E+00 5.600000E+01 0
1.000000E+01 5.200000E+01 0
1.000000E+01 5.400000E+01 0
1.200000E+01 5.200000E+01 0
1.200000E+01 5.400000E+01 0
1.000000E+01 5.600000E+01 0
1.200000E+01 5.600000E+01 0
1.400000E+01 5.200000E+01 0
1.400000E+01 5.400000E+01 0
1.600000E+01 5.200000E+01 0
1.600000E+01 5.400000E+01 0
1.400000E+01 5.600000E+01 0
1.600000E+01 5.600000E+01 0
1.800000E+01 5.200000E+01 0
1.800000E+01 5.400000E+01 0
2.000000E+01 5.200000E+01 0
2.000000E+01 5.400000E+01 0
1.800000E+01 5.600000E+01 0
2.000000E+01 5.600000E+01 0
2.200000E+01 5.200000E+01 0
2.200000E+01 5.400000E+01 0
2.400000E+01 5.200000E+01 0
2.400000E+01 5.400000E+01 0
2.200000E+01 5.600000E+01 0
2.400000E+01 5.600000E+01 0
2.600000E+01 5.200000E+01 0
2.600000E+01 5.400000E+01 0
2.800000E+01 5.200000E+01 0
2.800000E+01 5.400000E+01 0
2.600000E+01 5.600000E+01 0
2.800000E+01 5.600000E+01 0
3.000000E+01 5.200000E+01 0
3.000000E+01 5.400000E+01 0
3.200000E+01 5.200000E+01 0
3.200000E+01 5.400000E+01 0
3.000000E+01 5.600000E+01 0
3.200000E+01 5.600000E+01 0
3.400000E+01 5.200000E+01 0
3.400000E+01 5.400000E+01 0
3.600000E+01 5.200000E+01 0
3.600000E+01 5.400000E+01 0
3.400000E+01 5.600000E+01 0
3.600000E+01 5.600000E+01 0
3.800000E+01 5.200000E+01 0
3.800000E+01 5.400000E+01 0
4.000000E+01 5.200000E+01 0
4.000000E+01 5.400000E+01 0
3.800000E+01 5.600000E+01 0
4.000000E+01 5.600000E+01 0
4.200000E+01 5.400000E+01 0
4.400000E+01 5.400000E+01 0
4.200000E+01 5.600000E+01 0
4.400000E+01 5.600000E+01 0
4.600000E+01 5.400000E+01 0
4.800000E+01 5.400000E+01 0
4.600000E+01 5.600000E+01 0
4.800000E+01 5.600000E+01 0
5.000000E+01 5.400000E+01 0
5.200000E+01 5.400000E+01 0
5.000000E+01 5.600000E+01 0
5.200000E+01 5.600000E+01 0
5.400000E+01 5.400000E+01 0
5.600000E+01 5.400000E+01 0
5.400000E+01 5.600000E+01 0
5.600000E+01 5.600000E+01 0
5.800000E+01 5.400000E+01 0
6.000000E+01 5.400000E+01 0
5.800000E+01 5.600000E+01 0
6.000000E+01 5.600000E+01 0
6.200000E+01 5.400000E+01 0
6.400000E+01 5.400000E+01 0
6.200000E+01 5.600000E+01 0
6.400000E+01 5.600000E+01 0
6.600000E+01 5.400000E+01 0
6.800000E+01 5.400000E+01 0
6.600000E+01 5.600000E+01 0
6.800000E+01 5.600000E+01 0
7.000000E+01 5.400000E+01 0
7.200000E+01 5.400000E+01 0
7.000000E+01 5.600000E+01 0
7.200000E+01 5.600000E+01 0
7.400000E+01 5.400000E+01 0
7.600000E+01 5.400000E+01 0
7.400000E+01 5.600000E+01 0
7.600000E+01 5.600000E+01 0
7.800000E+01 5.400000E+01 0
8.000000E+01 5.400000E+01 0
7.800000E+01 5.600000E+01 0
8.000000E+01 5.600000E+01 0
8.200000E+01 5.400000E+01 0
8.400000E+01 5.400000E+01 0
8.200000E+01 5.600000E+01 0
8.400000E+01 5.600000E+01 0
8.600000E+01 5.400000E+01 0
8.800000E+01 5.400000E+01 0
8.600000E+01 5.600000E+01 0
8.800000E+01 5.600000E+01 0
9.000000E+01 5.400000E+01 0
9.200000E+01 5.400000E+01 0
9.000000E+01 5.600000E+01 0
9.200000E+01 5.600000E+01 0
9.400000E+01 5.400000E+01 0
9.600000E+01 5.400000E+01 0
9.400000E+01 5.600000E+01 0
9.600000E+01 5.600000E+01 0
9.800000E+01 5.400000E+01 0
1.000000E+02 5.400000E+01 0
9.800000E+01 5.600000E+01 0
1.000000E+02 5.600000E+01 0
2.000000E+00 5.800000E+01 0
-4.042199E-17 5.800000E+01 0
4.000000E+00 5.800000E+01 0
2.000000E+00 6.000000E+01 0
0.000000E+00 6.000000E+01 0
4.000000E+00 6.000000E+01 0
6.000000E+00 5.800000E+01 0
8.000000E+00 5.800000E+01 0
6.000000E+00 6.000000E+01 0
8.000000E+00 6.000000E+01 0
1.000000E+01 5.800000E+01 0
1.200000E+01 5.800000E+01 0
1.000000E+01 6.000000E+01 0
1.200000E+01 6.000000E+01 0
1.400000E+01 5.800000E+01 0
1.600000E+01 5.800000E+01 0
1.400000E+01 6.000000E+01 0
1.600000E+01 6.000000E+01 0
1.800000E+01 5.800000E+01 0
2.000000E+01 5.800000E+01 0
1.800000E+01 6.000000E+01 0
2.000000E+01 6.000000E+01 0
2.200000E+01 5.800000E+01 0
2.400000E+01 5.800000E+01 0
2.200000E+01 6.000000E+01 0
2.400000E+01 6.000000E+01 0
2.600000E+01 5.800000E+01 0
2.800000E+01 5.800000E+01 0
2.600000E+01 6.000000E+01 0
2.800000E+01 6.000000E+01 0
3.000000E+01 5.800000E+01 0
3.200000E+01 5.800000E+01 0
3.000000E+01 6.000000E+01 0
3.200000E+01 6.000000E+01 0
3.400000E+01 5.800000E+01 0
3.600000E+01 5.800000E+01 0
3.400000E+01 6.000000E+01 0
3.600000E+01 6.000000E+01 0
3.800000E+01 5.800000E+01 0
4.000000E+01 5.800000E+01 0
3.800000E+01 6.000000E+01 0
4.000000E+01 6.000000E+01 0
4.200000E+01 5.800000E+01 0
4.400000E+01 5.800000E+01 0
4.200000E+01 6.000000E+01 0
4.400000E+01 6.000000E+01 0
4.600000E+01 5.800000E+01 0
4.800000E+01 5.800000E+01 0
4.600000E+01 6.000000E+01 0
4.800000E+01 6.000000E+01 0
5.000000E+01 5.800000E+01 0
5.200000E+01 5.800000E+01 0
5.000000E+01 6.000000E+01 0
5.200000E+01 6.000000E+01 0
5.400000E+01 5.800000E+01 0
5.600000E+01 5.800000E+01 0
5.400000E+01 6.000000E+01 0
5.600000E+01 6.000000E+01 0
5.800000E+01 5.800000E+01 0
6.000000E+01 5.800000E+01 0
5.800000E+01 6.000000E+01 0
6.000000E+01 6.000000E+01 0
6.200000E+01 5.800000E+01 0
6.400000E+01 5.800000E+01 0
6.200000E+01 6.000000E+01 0
6.400000E+01 6.000000E+01 0
6.600000E+01 5.800000E+01 0
6.800000E+01 5.800000E+01 0
6.600000E+01 6.000000E+01 0
6.800000E+01 6.000000E+01 0
7.000000E+01 5.800000E+01 0
7.200000E+01 5.800000E+01 0
7.000000E+01 6.000000E+01 0
7.200000E+01 6.000000E+01 0
7.400000E+01 5.800000E+01 0
7.600000E+01 5.800000E+01 0
7.400000E+01 6.000000E+01 0
7.600000E+01 6.000000E+01 0
7.800000E+01 5.800000E+01 0
8.000000E+01 5.800000E+01 0
7.800000E+01 6.000000E+01 0
8.000000E+01 6.000000E+01 0
8.200000E+01 5.800000E+01 0
8.400000E+01 5.800000E+01 0
8.200000E+01 6.000000E+01 0
8.400000E+01 6.000000E+01 0
8.600000E+01 5.800000E+01 0
8.800000E+01 5.800000E+01 0
8.600000E+01 6.000000E+01 0
8.800000E+01 6.000000E+01 0
9.000000E+01 5.800000E+01 0
9.200000E+01 5.800000E+01 0
9.000000E+01 6.000000E+01 0
9.200000E+01 6.000000E+01 0
9.400000E+01 5.800000E+01 0
9.600000E+01 5.800000E+01 0
9.400000E+01 6.000000E+01 0
9.600000E+01 6.000000E+01 0
9.800000E+01 5.800000E+01 0
1.000000E+02 5.800000E+01 0
9.800000E+01 6.000000E+01 0
1.000000E+02 6.000000E+01 0
2.000000E+00 6.200000E+01 0
-4.042199E-17 6.200000E+01 0
4.000000E+00 6.200000E+01 0
2.000000E+00 6.400000E+01 0
0.000000E+00 6.400000E+01 0
4.000000E+00 6.400000E+01 0
6.000000E+00 6.200000E+01 0
8.000000E+00 6.200000E+01 0
6.000000E+00 6.400000E+01 0
8.000000E+00 6.400000E+01 0
1.000000E+01 6.200000E+01 0
1.200000E+01 6.200000E+01 0
1.000000E+01 6.400000E+01 0
1.200000E+01 6.400000E+01 0
1.400000E+01 6.200000E+01 0
1.600000E+01 6.200000E+01 0
1.400000E+01 6.400000E+01 0
1.600000E+01 6.400000E+01 0
1.800000E+01 6.200000E+01 0
2.000000E+01 6.200000E+01 0
1.800000E+01 6.400000E+01 0
2.000000E+01 6.400000E+01 0
2.200000E+01 6.200000E+01 0
2.400000E+01 6.200000E+01 0
2.200000E+01 6.400000E+01 0
2.400000E+01 6.400000E+01 0
2.600000E+01 6.200000E+01 0
2.800000E+01 6.200000E+01 0
2.600000E+01 6.400000E+01 0
2.800000E+01 6.400000E+01 0
3.000000E+01 6.200000E+01 0
3.200000E+01 6.200000E+01 0
3.000000E+01 6.400000E+01 0
3.200000E+01 6.400000E+01 0
3.400000E+01 6.200000E+01 0
3.600000E+01 6.200000E+01 0
3.400000E+01 6.400000E+01 0
3.600000E+01 6.400000E+01 0
3.800000E+01 6.200000E+01 0
4.000000E+01 6.200000E+01 0
3.800000E+01 6.400000E+01 0
4.000000E+01 6.400000E+01 0
4.200000E+01 6.200000E+01 0
4.400000E+01 6.200000E+01 0
4.200000E+01 6.400000E+01 0
4.400000E+01 6.400000E+01 0
4.600000E+01 6.200000E+01 0
4.800000E+01 6.200000E+01 0
4.600000E+01 6.400000E+01 0
4.800000E+01 6.400000E+01 0
5.000000E+01 6.200000E+01 0
5.200000E+01 6.200000E+01 0
5.000000E+01 6.400000E+01 0
5.200000E+01 6.400000E+01 0
5.400000E+01 6.200000E+01 0
5.600000E+01 6.200000E+01 0
5.400000E+01 6.400000E+01 0
5.600000E+01 6.400000E+01 0
5.800000E+01 6.200000E+01 0
6.000000E+01 6.200000E+01 0
5.800000E+01 6.400000E+01 0
6.000000E+01 6.400000E+01 0
6.200000E+01 6.200000E+01 0
6.400000E+01 6.200000E+01 0
6.200000E+01 6.400000E+01 0
6.400000E+01 6.400000E+01 0
6.600000E+01 6.200000E+01 0
6.800000E+01 6.200000E+01 0
6.600000E+01 6.400000E+01 0
6.800000E+01 6.400000E+01 0
7.000000E+01 6.200000E+01 0
7.200000E+01 6.200000E+01 0
7.000000E+01 6.400000E+01 0
7.200000E+01 6.400000E+01 0
7.400000E+01 6.200000E+01 0
7.600000E+01 6.200000E+01 0
7.400000E+01 6.400000E+01 0
7.600000E+01 6.400000E+01 0
7.800000E+01 6.200000E+01 0
8.000000E+01 6.200000E+01 0
7.800000E+01 6.400000E+01 0
8.000000E+01 6.400000E+01 0
8.200000E+01 6.200000E+01 0
8.400000E+01 6.200000E+01 0
8.200000E+01 6.400000E+01 0
8.400000E+01 6.400000E+01 0
8.600000E+01 6.200000E+01 0
8.800000E+01 6.200000E+01 0
8.600000E+01 6.400000E+01 0
8.800000E+01 6.400000E+01 0
9.000000E+01 6.200000E+01 0
9.200000E+01 6.200000E+01 0
9.000000E+01 6.400000E+01 0
9.200000E+01 6.400000E+01 0
9.400000E+01 6.200000E+01 0
9.600000E+01 6.200000E+01 0
9.400000E+01 6.400000E+01 0
9.600000E+01 6.400000E+01 0
9.800000E+01 6.200000E+01 0
1.000000E+02 6.200000E+01 0
9.800000E+01 6.400000E+01 0
1.000000E+02 6.400000E+01 0
2.000000E+00 6.600000E+01 0
4.042199E-17 6.600000E+01 0
4.000000E+00 6.600000E+01 0
2.000000E+00 6.800000E+01 0
0.000000E+00 6.800000E+01 0
4.000000E+00 6.800000E+01 0
6.000000E+00 6.600000E+01 0
8.000000E+00 6.600000E+01 0
6.000000E+00 6.800000E+01 0
8.000000E+00 6.800000E+01 0
1.000000E+01 6.600000E+01 0
1.200000E+01 6.600000E+01 0
1.000000E+01 6.800000E+01 0
1.200000E+01 6.800000E+01 0
1.400000E+01 6.600000E+01 0
1.600000E+01 6.600000E+01 0
1.400000E+01 6.800000E+01 0
1.600000E+01 6.800000E+01 0
1.800000E+01 6.600000E+01 0
2.000000E+01 6.600000E+01 0
1.800000E+01 6.800000E+01 0
2.000000E+01 6.800000E+01 0
2.200000E+01 6.600000E+01 0
2.400000E+01 6.600000E+01 0
2.200000E+01 6.800000E+01 0
2.400000E+01 6.800000E+01 0
2.600000E+01 6.600000E+01 0
2.800000E+01 6.600000E+01 0
2.600000E+01 6.800000E+01 0
2.800000E+01 6.800000E+01 0
3.000000E+01 6.600000E+01 0
3.200000E+01 6.600000E+01 0
3.000000E+01 6.800000E+01 0
3.200000E+01 6.800000E+01 0
3.400000E+01 6.600000E+01 0
3.600000E+01 6.600000E+01 0
3.400000E+01 6.800000E+01 0
3.600000E+01 6.800000E+01 0
3.800000E+01 6.600000E+01 0
4.000000E+01 6.600000E+01 0
3.800000E+01 6.800000E+01 0
4.000000E+01 6.800000E+01 0
4.200000E+01 6.600000E+01 0
4.400000E+01 6.600000E+01 0
4.200000E+01 6.800000E+01 0
4.400000E+01 6.800000E+01 0
4.600000E+01 6.600000E+01 0
4.800000E+01 6.600000E+01 0
4.600000E+01 6.800000E+01 0
4.800000E+01 6.800000E+01 0
5.000000E+01 6.600000E+01 0
5.200000E+01 6.600000E+01 0
5.000000E+01 6.800000E+01 0
5.200000E+01 6.800000E+01 0
5.400000E+01 6.600000E+01 0
5.600000E+01 6.600000E+01 0
5.400000E+01 6.800000E+01 0
5.600000E+01 6.800000E+01 0
5.800000E+01 6.600000E+01 0
6.000000E+01 6.600000E+01 0
5.800000E+01 6.800000E+01 0
6.000000E+01 6.800000E+01 0
6.200000E+01 6.600000E+01 0
6.400000E+01 6.600000E+01 0
6.200000E+01 6.800000E+01 0
6.400000E+01 6.800000E+01 0
6.600000E+01 6.600000E+01 0
6.800000E+01 6.600000E+01 0
6.600000E+01 6.800000E+01 0
6.800000E+01 6.800000E+01 0
7.000000E+01 6.600000E+01 0
7.200000E+01 6.600000E+01 0
7.000000E+01 6.800000E+01 0
7.200000E+01 6.800000E+01 0
7.400000E+01 6.600000E+01 0
7.600000E+01 6.600000E+01 0
7.400000E+01 6.800000E+01 0
7.600000E+01 6.800000E+01 0
7.800000E+01 6.600000E+01 0
8.000000E+01 6.600000E+01 0
7.800000E+01 6.800000E+01 0
8.000000E+01 6.800000E+01 0
8.200000E+01 6.600000E+01 0
8.400000E+01 6.600000E+01 0
8.200000E+01 6.800000E+01 0
8.400000E+01 6.800000E+01 0
8.600000E+01 6.600000E+01 0
8.800000E+01 6.600000E+01 0
8.600000E+01 6.800000E+01 0
8.800000E+01 6.800000E+01 0
9.000000E+01 6.600000E+01 0
9.200000E+01 6.600000E+01 0
9.000000E+01 6.800000E+01 0
9.200000E+01 6.800000E+01 0
9.400000E+01 6.600000E+01 0
9.600000E+01 6.600000E+01 0
9.400000E+01 6.800000E+01 0
9.600000E+01 6.800000E+01 0
9.800000E+01 6.600000E+01 0
1.000000E+02 6.600000E+01 0
9.800000E+01 6.800000E+01 0
1.000000E+02 6.800000E+01 0
2.000000E+00 7.000000E+01 0
8.779150E-17 7.000000E+01 0
4.000000E+00 7.000000E+01 0
2.000000E+00 7.200000E+01 0
0.000000E+00 7.200000E+01 0
4.000000E+00 7.200000E+01 0
6.000000E+00 7.000000E+01 0
8.000000E+00 7.000000E+01 0
6.000000E+00 7.200000E+01 0
8.000000E+00 7.200000E+01 0
1.000000E+01 7.000000E+01 0
1.200000E+01 7.000000E+01 0
1.000000E+01 7.200000E+01 0
1.200000E+01 7.200000E+01 0
1.400000E+01 7.000000E+01 0
1.600000E+01 7.000000E+01 0
1.400000E+01 7.200000E+01 0
1.600000E+01 7.200000E+01 0
1.800000E+01 7.000000E+01 0
2.000000E+01 7.000000E+01 0
1.800000E+01 7.200000E+01 0
2.000000E+01 7.200000E+01 0
2.200000E+01 7.000000E+01 0
2.400000E+01 7.000000E+01 0
2.200000E+01 7.200000E+01 0
2.400000E+01 7.200000E+01 0
2.600000E+01 7.000000E+01 0
2.800000E+01 7.000000E+01 0
2.600000E+01 7.200000E+01 0
2.800000E+01 7.200000E+01 0
3.000000E+01 7.000000E+01 0
3.200000E+01 7.000000E+01 0
3.000000E+01 7.200000E+01 0
3.200000E+01 7.200000E+01 0
3.400000E+01 7.000000E+01 0
3.600000E+01 7.000000E+01 0
3.400000E+01 7.200000E+01 0
3.600000E+01 7.200000E+01 0
3.800000E+01 7.000000E+01 0
4.000000E+01 7.000000E+01 0
3.800000E+01 7.200000E+01 0
4.000000E+01 7.200000E+01 0
4.200000E+01 7.000000E+01 0
4.400000E+01 7.000000E+01 0
4.200000E+01 7.200000E+01 0
4.400000E+01 7.200000E+01 0
4.600000E+01 7.000000E+01 0
4.800000E+01 7.000000E+01 0
4.600000E+01 7.200000E+01 0
4.800000E+01 7.200000E+01 0
5.000000E+01 7.000000E+01 0
5.200000E+01 7.000000E+01 0
5.000000E+01 7.200000E+01 0
5.200000E+01 7.200000E+01 0
5.400000E+01 7.000000E+01 0
5.600000E+01 7.000000E+01 0
5.400000E+01 7.200000E+01 0
5.600000E+01 7.200000E+01 0
5.800000E+01 7.000000E+01 0
6.000000E+01 7.000000E+01 0
5.800000E+01 7.200000E+01 0
6.000000E+01 7.200000E+01 0
6.200000E+01 7.000000E+01 0
6.400000E+01 7.000000E+01 0
6.200000E+01 7.200000E+01 0
6.400000E+01 7.200000E+01 0
6.600000E+01 7.000000E+01 0
6.800000E+01 7.000000E+01 0
6.600000E+01 7.200000E+01 0
6.800000E+01 7.200000E+01 0
7.000000E+01 7.000000E+01 0
7.200000E+01 7.000000E+01 0
7.000000E+01 7.200000E+01 0
7.200000E+01 7.200000E+01 0
7.400000E+01 7.000000E+01 0
7.600000E+01 7.000000E+01 0
7.400000E+01 7.200000E+01 0
7.600000E+01 7.200000E+01 0
7.800000E+01 7.000000E+01 0
8.000000E+01 7.000000E+01 0
7.800000E+01 7.200000E+01 0
8.000000E+01 7.200000E+01 0
8.200000E+01 7.000000E+01 0
8.400000E+01 7.000000E+01 0
8.200000E+01 7.200000E+01 0
8.400000E+01 7.200000E+01 0
8.600000E+01 7.000000E+01 0
8.800000E+01 7.000000E+01 0
8.600000E+01 7.200000E+01 0
8.800000E+01 7.200000E+01 0
9.000000E+01 7.000000E+01 0
9.200000E+01 7.000000E+01 0
9.000000E+01 7.200000E+01 0
9.200000E+01 7.200000E+01 0
9.400000E+01 7.000000E+01 0
9.600000E+01 7.000000E+01 0
9.400000E+01 7.200000E+01 0
9.600000E+01 7.200000E+01 0
9.800000E+01 7.000000E+01 0
1.000000E+02 7.000000E+01 0
9.800000E+01 7.200000E+01 0
1.000000E+02 7.200000E+01 0
2.000000E+00 7.400000E+01 0
-4.042199E-17 7.400000E+01 0
4.000000E+00 7.400000E+01 0
2.000000E+00 7.600000E+01 0
0.000000E+00 7.600000E+01 0
4.000000E+00 7.600000E+01 0
6.000000E+00 7.400000E+01 0
8.000000E+00 7.400000E+01 0
6.000000E+00 7.600000E+01 0
8.000000E+00 7.600000E+01 0
1.000000E+01 7.400000E+01 0
1.200000E+01 7.400000E+01 0
1.000000E+01 7.600000E+01 0
1.200000E+01 7.600000E+01 0
1.400000E+01 7.400000E+01 0
1.600000E+01 7.400000E+01 0
1.400000E+01 7.600000E+01 0
1.600000E+01 7.600000E+01 0
1.800000E+01 7.400000E+01 0
2.000000E+01 7.400000E+01 0
1.800000E+01 7.600000E+01 0
2.000000E+01 7.600000E+01 0
2.200000E+01 7.400000E+01 0
2.400000E+01 7.400000E+01 0
2.200000E+01 7.600000E+01 0
2.400000E+01 7.600000E+01 0
2.600000E+01 7.400000E+01 0
2.800000E+01 7.400000E+01 0
2.600000E+01 7.600000E+01 0
2.800000E+01 7.600000E+01 0
3.000000E+01 7.400000E+01 0
3.200000E+01 7.400000E+01 0
3.000000E+01 7.600000E+01 0
3.200000E+01 7.600000E+01 0
3.400000E+01 7.400000E+01 0
3.600000E+01 7.400000E+01 0
3.400000E+01 7.600000E+01 0
3.600000E+01 7.600000E+01 0
3.800000E+01 7.400000E+01 0
4.000000E+01 7.400000E+01 0
3.800000E+01 7.600000E+01 0
4.000000E+01 7.600000E+01 0
4.200000E+01 7.400000E+01 0
4.400000E+01 7.400000E+01 0
4.200000E+01 7.600000E+01 0
4.400000E+01 7.600000E+01 0
4.600000E+01 7.400000E+01 0
4.800000E+01 7.400000E+01 0
4.600000E+01 7.600000E+01 0
4.800000E+01 7.600000E+01 0
5.000000E+01 7.400000E+01 0
5.200000E+01 7.400000E+01 0
5.000000E+01 7.600000E+01 0
5.200000E+01 7.600000E+01 0
5.400000E+01 7.400000E+01 0
5.600000E+01 7.400000E+01 0
5.400000E+01 7.600000E+01 0
5.600000E+01 7.600000E+01 0
5.800000E+01 7.400000E+01 0
6.000000E+01 7.400000E+01 0
5.800000E+01 7.600000E+01 0
6.000000E+01 7.600000E+01 0
6.200000E+01 7.400000E+01 0
6.400000E+01 7.400000E+01 0
6.200000E+01 7.600000E+01 0
6.400000E+01 7.600000E+01 0
6.600000E+01 7.400000E+01 0
6.800000E+01 7.400000E+01 0
6.600000E+01 7.600000E+01 0
6.800000E+01 7.600000E+01 0
7.000000E+01 7.400000E+01 0
7.200000E+01 7.400000E+01 0
7.000000E+01 7.600000E+01 0
7.200000E+01 7.600000E+01 0
7.400000E+01 7.400000E+01 0
7.600000E+01 7.400000E+01 0
7.400000E+01 7.600000E+01 0
7.600000E+01 7.600000E+01 0
7.800000E+01 7.400000E+01 0
8.000000E+01 7.400000E+01 0
7.800000E+01 7.600000E+01 0
8.000000E+01 7.600000E+01 0
8.200000E+01 7.400000E+01 0
8.400000E+01 7.400000E+01 0
8.200000E+01 7.600000E+01 0
8.400000E+01 7.600000E+01 0
8.600000E+01 7.400000E+01 0
8.800000E+01 7.400000E+01 0
8.600000E+01 7.600000E+01 0
8.800000E+01 7.600000E+01 0
9.000000E+01 7.400000E+01 0
9.200000E+01 7.400000E+01 0
9.000000E+01 7.600000E+01 0
9.200000E+01 7.600000E+01 0
9.400000E+01 7.400000E+01 0
9.600000E+01 7.400000E+01 0
9.400000E+01 7.600000E+01 0
9.600000E+01 7.600000E+01 0
9.800000E+01 7.400000E+01 0
1.000000E+02 7.400000E+01 0
9.800000E+01 7.600000E+01 0
1.000000E+02 7.600000E+01 0
2.000000E+00 7.800000E+01 0
4.042199E-17 7.800000E+01 0
4.000000E+00 7.800000E+01 0
2.000000E+00 8.000000E+01 0
0.000000E+00 8.000000E+01 0
4.000000E+00 8.000000E+01 0
6.000000E+00 7.800000E+01 0
8.000000E+00 7.800000E+01 0
6.000000E+00 8.000000E+01 0
8.000000E+00 8.000000E+01 0
1.000000E+01 7.800000E+01 0
1.200000E+01 7.800000E+01 0
1.000000E+01 8.000000E+01 0
1.200000E+01 8.000000E+01 0
1.400000E+01 7.800000E+01 0
1.600000E+01 7.800000E+01 0
1.400000E+01 8.000000E+01 0
1.600000E+01 8.000000E+01 0
1.800000E+01 7.800000E+01 0
2.000000E+01 7.800000E+01 0
1.800000E+01 8.000000E+01 0
2.000000E+01 8.000000E+01 0
2.200000E+01 7.800000E+01 0
2.400000E+01 7.800000E+01 0
2.200000E+01 8.000000E+01 0
2.400000E+01 8.000000E+01 0
2.600000E+01 7.800000E+01 0
2.800000E+01 7.800000E+01 0
2.600000E+01 8.000000E+01 0
2.800000E+01 8.000000E+01 0
3.000000E+01 7.800000E+01 0
3.200000E+01 7.800000E+01 0
3.000000E+01 8.000000E+01 0
3.200000E+01 8.000000E+01 0
3.400000E+01 7.800000E+01 0
3.600000E+01 7.800000E+01 0
3.400000E+01 8.000000E+01 0
3.600000E+01 8.000000E+01 0
3.800000E+01 7.800000E+01 0
4.000000E+01 7.800000E+01 0
3.800000E+01 8.000000E+01 0
4.000000E+01 8.000000E+01 0
4.200000E+01 7.800000E+01 0
4.400000E+01 7.800000E+01 0
4.200000E+01 8.000000E+01 0
4.400000E+01 8.000000E+01 0
4.600000E+01 7.800000E+01 0
4.800000E+01 7.800000E+01 0
4.600000E+01 8.000000E+01 0
4.800000E+01 8.000000E+01 0
5.000000E+01 7.800000E+01 0
5.200000E+01 7.800000E+01 0
5.000000E+01 8.000000E+01 0
5.200000E+01 8.000000E+01 0
5.400000E+01 7.800000E+01 0
5.600000E+01 7.800000E+01 0
5.400000E+01 8.000000E+01 0
5.600000E+01 8.000000E+01 0
5.800000E+01 7.800000E+01 0
6.000000E+01 7.800000E+01 0
5.800000E+01 8.000000E+01 0
6.000000E+01 8.000000E+01 0
6.200000E+01 7.800000E+01 0
6.400000E+01 7.800000E+01 0
6.200000E+01 8.000000E+01 0
6.400000E+01 8.000000E+01 0
6.600000E+01 7.800000E+01 0
6.800000E+01 7.800000E+01 0
6.600000E+01 8.000000E+01 0
6.800000E+01 8.000000E+01 0
7.000000E+01 7.800000E+01 0
7.200000E+01 7.800000E+01 0
7.000000E+01 8.000000E+01 0
7.200000E+01 8.000000E+01 0
7.400000E+01 7.800000E+01 0
7.600000E+01 7.800000E+01 0
7.400000E+01 8.000000E+01 0
7.600000E+01 8.000000E+01 0
7.800000E+01 7.800000E+01 0
8.000000E+01 7.800000E+01 0
7.800000E+01 8.000000E+01 0
8.000000E+01 8.000000E+01 0
8.200000E+01 7.800000E+01 0
8.400000E+01 7.800000E+01 0
8.200000E+01 8.000000E+01 0
8.400000E+01 8.000000E+01 0
8.600000E+01 7.800000E+01 0
8.800000E+01 7.800000E+01 0
8.600000E+01 8.000000E+01 0
8.800000E+01 8.000000E+01 0
9.000000E+01 7.800000E+01 0
9.200000E+01 7.800000E+01 0
9.000000E+01 8.000000E+01 0
9.200000E+01 8.000000E+01 0
9.400000E+01 7.800000E+01 0
9.600000E+01 7.800000E+01 0
9.400000E+01 8.000000E+01 0
9.600000E+01 8.000000E+01 0
9.800000E+01 7.800000E+01 0
1.000000E+02 7.800000E+01 0
9.800000E+01 8.000000E+01 0
1.000000E+02 8.000000E+01 0
2.000000E+00 8.200000E+01 0
-4.042199E-17 8.200000E+01 0
4.000000E+00 8.200000E+01 0
2.000000E+00 8.400000E+01 0
0.000000E+00 8.400000E+01 0
4.000000E+00 8.400000E+01 0
6.000000E+00 8.200000E+01 0
8.000000E+00 8.200000E+01 0
6.000000E+00 8.400000E+01 0
8.000000E+00 8.400000E+01 0
1.000000E+01 8.200000E+01 0
1.200000E+01 8.200000E+01 0
1.000000E+01 8.400000E+01 0
1.200000E+01 8.400000E+01 0
1.400000E+01 8.200000E+01 0
1.600000E+01 8.200000E+01 0
1.400000E+01 8.400000E+01 0
1.600000E+01 8.400000E+01 0
1.800000E+01 8.200000E+01 0
2.000000E+01 8.200000E+01 0
1.800000E+01 8.400000E+01 0
2.000000E+01 8.400000E+01 0
2.200000E+01 8.200000E+01 0
2.400000E+01 8.200000E+01 0
2.200000E+01 8.400000E+01 0
2.400000E+01 8.400000E+01 0
2.600000E+01 8.200000E+01 0
2.800000E+01 8.200000E+01 0
2.600000E+01 8.400000E+01 0
2.800000E+01 8.400000E+01 0
3.000000E+01 8.200000E+01 0
3.200000E+01 8.200000E+01 0
3.000000E+01 8.400000E+01 0
3.200000E+01 8.400000E+01 0
3.400000E+01 8.200000E+01 0
3.600000E+01 8.200000E+01 0
3.400000E+01 8.400000E+01 0
3.600000E+01 8.400000E+01 0
3.800000E+01 8.200000E+01 0
4.000000E+01 8.200000E+01 0
3.800000E+01 8.400000E+01 0
4.000000E+01 8.400000E+01 0
4.200000E+01 8.200000E+01 0
4.400000E+01 8.200000E+01 0
4.200000E+01 8.400000E+01 0
4.400000E+01 8.400000E+01 0
4.600000E+01 8.200000E+01 0
4.800000E+01 8.200000E+01 0
4.600000E+01 8.400000E+01 0
4.800000E+01 8.400000E+01 0
5.000000E+01 8.200000E+01 0
5.200000E+01 8.200000E+01 0
5.000000E+01 8.400000E+01 0
5.200000E+01 8.400000E+01 0
5.400000E+01 8.200000E+01 0
5.600000E+01 8.200000E+01 0
5.400000E+01 8.400000E+01 0
5.600000E+01 8.400000E+01 0
5.800000E+01 8.200000E+01 0
6.000000E+01 8.200000E+01 0
5.800000E+01 8.400000E+01 0
6.000000E+01 8.400000E+01 0
6.200000E+01 8.200000E+01 0
6.400000E+01 8.200000E+01 0
6.200000E+01 8.400000E+01 0
6.400000E+01 8.400000E+01 0
6.600000E+01 8.200000E+01 0
6.800000E+01 8.200000E+01 0
6.600000E+01 8.400000E+01 0
6.800000E+01 8.400000E+01 0
7.000000E+01 8.200000E+01 0
7.200000E+01 8.200000E+01 0
7.000000E+01 8.400000E+01 0
7.200000E+01 8.400000E+01 0
7.400000E+01 8.200000E+01 0
7.600000E+01 8.200000E+01 0
7.400000E+01 8.400000E+01 0
7.600000E+01 8.400000E+01 0
7.800000E+01 8.200000E+01 0
8.000000E+01 8.200000E+01 0
7.800000E+01 8.400000E+01 0
8.000000E+01 8.400000E+01 0
8.200000E+01 8.200000E+01 0
8.400000E+01 8.200000E+01 0
8.200000E+01 8.400000E+01 0
8.400000E+01 8.400000E+01 0
8.600000E+01 8.200000E+01 0
8.800000E+01 8.200000E+01 0
8.600000E+01 8.400000E+01 0
8.800000E+01 8.400000E+01 0
9.000000E+01 8.200000E+01 0
9.200000E+01 8.200000E+01 0
9.000000E+01 8.400000E+01 0
9.200000E+01 8.400000E+01 0
9.400000E+01 8.200000E+01 0
9.600000E+01 8.200000E+01 0
9.400000E+01 8.400000E+01 0
9.600000E+01 8.400000E+01 0
9.800000E+01 8.200000E+01 0
1.000000E+02 8.200000E+01 0
9.800000E+01 8.400000E+01 0
1.000000E+02 8.400000E+01 0
2.000000E+00 8.600000E+01 0
-4.042199E-17 8.600000E+01 0
4.000000E+00 8.600000E+01 0
2.000000E+00 8.800000E+01 0
0.000000E+00 8.800000E+01 0
4.000000E+00 8.800000E+01 0
6.000000E+00 8.600000E+01 0
8.000000E+00 8.600000E+01 0
6.000000E+00 8.800000E+01 0
8.000000E+00 8.800000E+01 0
1.000000E+01 8.600000E+01 0
1.200000E+01 8.600000E+01 0
1.000000E+01 8.800000E+01 0
1.200000E+01 8.800000E+01 0
1.400000E+01 8.600000E+01 0
1.600000E+01 8.600000E+01 0
1.400000E+01 8.800000E+01 0
1.600000E+01 8.800000E+01 0
1.800000E+01 8.600000E+01 0
2.000000E+01 8.600000E+01 0
1.800000E+01 8.800000E+01 0
2.000000E+01 8.800000E+01 0
2.200000E+01 8.600000E+01 0
2.400000E+01 8.600000E+01 0
2.200000E+01 8.800000E+01 0
2.400000E+01 8.800000E+01 0
2.600000E+01 8.600000E+01 0
2.800000E+01 8.600000E+01 0
2.600000E+01 8.800000E+01 0
2.800000E+01 8.800000E+01 0
3.000000E+01 8.600000E+01 0
3.200000E+01 8.600000E+01 0
3.000000E+01 8.800000E+01 0
3.200000E+01 8.800000E+01 0
3.400000E+01 8.600000E+01 0
3.600000E+01 8.600000E+01 0
3.400000E+01 8.800000E+01 0
3.600000E+01 8.800000E+01 0
3.800000E+01 8.600000E+01 0
4.000000E+01 8.600000E+01 0
3.800000E+01 8.800000E+01 0
4.000000E+01 8.800000E+01 0
4.200000E+01 8.600000E+01 0
4.400000E+01 8.600000E+01 0
4.200000E+01 8.800000E+01 0
4.400000E+01 8.800000E+01 0
4.600000E+01 8.600000E+01 0
4.800000E+01 8.600000E+01 0
4.600000E+01 8.800000E+01 0
4.800000E+01 8.800000E+01 0
5.000000E+01 8.600000E+01 0
5.200000E+01 8.600000E+01 0
5.000000E+01 8.800000E+01 0
5.200000E+01 8.800000E+01 0
5.400000E+01 8.600000E+01 0
5.600000E+01 8.600000E+01 0
5.400000E+01 8.800000E+01 0
5.600000E+01 8.800000E+01 0
5.800000E+01 8.600000E+01 0
6.000000E+01 8.600000E+01 0
5.800000E+01 8.800000E+01 0
6.000000E+01 8.800000E+01 0
6.200000E+01 8.600000E+01 0
6.400000E+01 8.600000E+01 0
6.200000E+01 8.800000E+01 0
6.400000E+01 8.800000E+01 0
6.600000E+01 8.600000E+01 0
6.800000E+01 8.600000E+01 0
6.600000E+01 8.800000E+01 0
6.800000E+01 8.800000E+01 0
7.000000E+01 8.600000E+01 0
7.200000E+01 8.600000E+01 0
7.000000E+01 8.800000E+01 0
7.200000E+01 8.800000E+01 0
7.400000E+01 8.600000E+01 0
7.600000E+01 8.600000E+01 0
7.400000E+01 8.800000E+01 0
7.600000E+01 8.800000E+01 0
7.800000E+01 8.600000E+01 0
8.000000E+01 8.600000E+01 0
7.800000E+01 8.800000E+01 0
8.000000E+01 8.800000E+01 0
8.200000E+01 8.600000E+01 0
8.400000E+01 8.600000E+01 0
8.200000E+01 8.800000E+01 0
8.400000E+01 8.800000E+01 0
8.600000E+01 8.600000E+01 0
8.800000E+01 8.600000E+01 0
8.600000E+01 8.800000E+01 0
8.800000E+01 8.800000E+01 0
9.000000E+01 8.600000E+01 0
9.200000E+01 8.600000E+01 0
9.000000E+01 8.800000E+01 0
9.200000E+01 8.800000E+01 0
9.400000E+01 8.600000E+01 0
9.600000E+01 8.600000E+01 0
9.400000E+01 8.800000E+01 0
9.600000E+01 8.800000E+01 0
9.800000E+01 8.600000E+01 0
1.000000E+02 8.600000E+01 0
9.800000E+01 8.800000E+01 0
1.000000E+02 8.800000E+01 0
2.000000E+00 9.000000E+01 0
4.042199E-17 9.000000E+01 0
4.000000E+00 9.000000E+01 0
2.000000E+00 9.200000E+01 0
0.000000E+00 9.200000E+01 0
4.000000E+00 9.200000E+01 0
6.000000E+00 9.000000E+01 0
8.000000E+00 9.000000E+01 0
6.000000E+00 9.200000E+01 0
8.000000E+00 9.200000E+01 0
1.000000E+01 9.000000E+01 0
1.200000E+01 9.000000E+01 0
1.000000E+01 9.200000E+01 0
1.200000E+01 9.200000E+01 0
1.400000E+01 9.000000E+01 0
1.600000E+01 9.000000E+01 0
1.400000E+01 9.200000E+01 0
1.600000E+01 9.200000E+01 0
1.800000E+01 9.000000E+01 0
2.000000E+01 9.000000E+01 0
1.800000E+01 9.200000E+01 0
2.000000E+01 9.200000E+01 0
2.200000E+01 9.000000E+01 0
2.400000E+01 9.000000E+01 0
2.200000E+01 9.200000E+01 0
2.400000E+01 9.200000E+01 0
2.600000E+01 9.000000E+01 0
2.800000E+01 9.000000E+01 0
2.600000E+01 9.200000E+01 0
2.800000E+01 9.200000E+01 0
3.000000E+01 9.000000E+01 0
3.200000E+01 9.000000E+01 0
3.000000E+01 9.200000E+01 0
3.200000E+01 9.200000E+01 0
3.400000E+01 9.000000E+01 0
3.600000E+01 9.000000E+01 0
3.400000E+01 9.200000E+01 0
3.600000E+01 9.200000E+01 0
3.800000E+01 9.000000E+01 0
4.000000E+01 9.000000E+01 0
3.800000E+01 9.200000E+01 0
4.000000E+01 9.200000E+01 0
4.200000E+01 9.000000E+01 0
4.400000E+01 9.000000E+01 0
4.200000E+01 9.200000E+01 0
4.400000E+01 9.200000E+01 0
4.600000E+01 9.000000E+01 0
4.800000E+01 9.000000E+01 0
4.600000E+01 9.200000E+01 0
4.800000E+01 9.200000E+01 0
5.000000E+01 9.000000E+01 0
5.200000E+01 9.000000E+01 0
5.000000E+01 9.200000E+01 0
5.200000E+01 9.200000E+01 0
5.400000E+01 9.000000E+01 0
5.600000E+01 9.000000E+01 0
5.400000E+01 9.200000E+01 0
5.600000E+01 9.200000E+01 0
5.800000E+01 9.000000E+01 0
6.000000E+01 9.000000E+01 0
5.800000E+01 9.200000E+01 0
6.000000E+01 9.200000E+01 0
6.200000E+01 9.000000E+01 0
6.400000E+01 9.000000E+01 0
6.200000E+01 9.200000E+01 0
6.400000E+01 9.200000E+01 0
6.600000E+01 9.000000E+01 0
6.800000E+01 9.000000E+01 0
6.600000E+01 9.200000E+01 0
6.800000E+01 9.200000E+01 0
7.000000E+01 9.000000E+01 0
7.200000E+01 9.000000E+01 0
7.000000E+01 9.200000E+01 0
7.200000E+01 9.200000E+01 0
7.400000E+01 9.000000E+01 0
7.600000E+01 9.000000E+01 0
7.400000E+01 9.200000E+01 0
7.600000E+01 9.200000E+01 0
7.800000E+01 9.000000E+01 0
8.000000E+01 9.000000E+01 0
7.800000E+01 9.200000E+01 0
8.000000E+01 9.200000E+01 0
8.200000E+01 9.000000E+01 0
8.400000E+01 9.000000E+01 0
8.200000E+01 9.200000E+01 0
8.400000E+01 9.200000E+01 0
8.600000E+01 9.000000E+01 0
8.800000E+01 9.000000E+01 0
8.600000E+01 9.200000E+01 0
8.800000E+01 9.200000E+01 0
9.000000E+01 9.000000E+01 0
9.200000E+01 9.000000E+01 0
9.000000E+01 9.200000E+01 0
9.200000E+01 9.200000E+01 0
9.400000E+01 9.000000E+01 0
9.600000E+01 9.000000E+01 0
9.400000E+01 9.200000E+01 0
9.600000E+01 9.200000E+01 0
9.800000E+01 9.000000E+01 0
1.000000E+02 9.000000E+01 0
9.800000E+01 9.200000E+01 0
1.000000E+02 9.200000E+01 0
2.000000E+00 9.400000E+01 0
8.779150E-17 9.400000E+01 0
4.000000E+00 9.400000E+01 0
2.000000E+00 9.600000E+01 0
0.000000E+00 9.600000E+01 0
4.000000E+00 9.600000E+01 0
6.000000E+00 9.400000E+01 0
8.000000E+00 9.400000E+01 0
6.000000E+00 9.600000E+01 0
8.000000E+00 9.600000E+01 0
1.000000E+01 9.400000E+01 0
1.200000E+01 9.400000E+01 0
1.000000E+01 9.600000E+01 0
1.200000E+01 9.600000E+01 0
1.400000E+01 9.400000E+01 0
1.600000E+01 9.400000E+01 0
1.400000E+01 9.600000E+01 0
1.600000E+01 9.600000E+01 0
1.800000E+01 9.400000E+01 0
2.000000E+01 9.400000E+01 0
1.800000E+01 9.600000E+01 0
2.000000E+01 9.600000E+01 0
2.200000E+01 9.400000E+01 0
2.400000E+01 9.400000E+01 0
2.200000E+01 9.600000E+01 0
2.400000E+01 9.600000E+01 0
2.600000E+01 9.400000E+01 0
2.800000E+01 9.400000E+01 0
2.600000E+01 9.600000E+01 0
2.800000E+01 9.600000E+01 0
3.000000E+01 9.400000E+01 0
3.200000E+01 9.400000E+01 0
3.000000E+01 9.600000E+01 0
3.200000E+01 9.600000E+01 0
3.400000E+01 9.400000E+01 0
3.600000E+01 9.400000E+01 0
3.400000E+01 9.600000E+01 0
3.600000E+01 9.600000E+01 0
3.800000E+01 9.400000E+01 0
4.000000E+01 9.400000E+01 0
3.800000E+01 9.600000E+01 0
4.000000E+01 9.600000E+01 0
4.200000E+01 9.400000E+01 0
4.400000E+01 9.400000E+01 0
4.200000E+01 9.600000E+01 0
4.400000E+01 9.600000E+01 0
4.600000E+01 9.400000E+01 0
4.800000E+01 9.400000E+01 0
4.600000E+01 9.600000E+01 0
4.800000E+01 9.600000E+01 0
5.000000E+01 9.400000E+01 0
5.200000E+01 9.400000E+01 0
5.000000E+01 9.600000E+01 0
5.200000E+01 9.600000E+01 0
5.400000E+01 9.400000E+01 0
5.600000E+01 9.400000E+01 0
5.400000E+01 9.600000E+01 0
5.600000E+01 9.600000E+01 0
5.800000E+01 9.400000E+01 0
6.000000E+01 9.400000E+01 0
5.800000E+01 9.600000E+01 0
6.000000E+01 9.600000E+01 0
6.200000E+01 9.400000E+01 0
6.400000E+01 9.400000E+01 0
6.200000E+01 9.600000E+01 0
6.400000E+01 9.600000E+01 0
6.600000E+01 9.400000E+01 0
6.800000E+01 9.400000E+01 0
6.600000E+01 9.600000E+01 0
6.800000E+01 9.600000E+01 0
7.000000E+01 9.400000E+01 0
7.200000E+01 9.400000E+01 0
7.000000E+01 9.600000E+01 0
7.200000E+01 9.600000E+01 0
7.400000E+01 9.400000E+01 0
7.600000E+01 9.400000E+01 0
7.400000E+01 9.600000E+01 0
7.600000E+01 9.600000E+01 0
7.800000E+01 9.400000E+01 0
8.000000E+01 9.400000E+01 0
7.800000E+01 9.600000E+01 0
8.000000E+01 9.600000E+01 0
8.200000E+01 9.400000E+01 0
8.400000E+01 9.400000E+01 0
8.200000E+01 9.600000E+01 0
8.400000E+01 9.600000E+01 0
8.600000E+01 9.400000E+01 0
8.800000E+01 9.400000E+01 0
8.600000E+01 9.600000E+01 0
8.800000E+01 9.600000E+01 0
9.000000E+01 9.400000E+01 0
9.200000E+01 9.400000E+01 0
9.000000E+01 9.600000E+01 0
9.200000E+01 9.600000E+01 0
9.400000E+01 9.400000E+01 0
9.600000E+01 9.400000E+01 0
9.400000E+01 9.600000E+01 0
9.600000E+01 9.600000E+01 0
9.800000E+01 9.400000E+01 0
1.000000E+02 9.400000E+01 0
9.800000E+01 9.600000E+01 0
1.000000E+02 9.600000E+01 0
2.000000E+00 9.800000E+01 0
0.000000E+00 9.800000E+01 0
4.000000E+00 9.800000E+01 0
2.000000E+00 1.000000E+02 0
0.000000E+00 1.000000E+02 0
4.000000E+00 1.000000E+02 0
6.000000E+00 9.800000E+01 0
8.000000E+00 9.800000E+01 0
6.000000E+00 1.000000E+02 0
8.000000E+00 1.000000E+02 0
1.000000E+01 9.800000E+01 0
1.200000E+01 9.800000E+01 0
1.000000E+01 1.000000E+02 0
1.200000E+01 1.000000E+02 0
1.400000E+01 9.800000E+01 0
1.600000E+01 9.800000E+01 0
1.400000E+01 1.000000E+02 0
1.600000E+01 1.000000E+02 0
1.800000E+01 9.800000E+01 0
2.000000E+01 9.800000E+01 0
1.800000E+01 1.000000E+02 0
2.000000E+01 1.000000E+02 0
2.200000E+01 9.800000E+01 0
2.400000E+01 9.800000E+01 0
2.200000E+01 1.000000E+02 0
2.400000E+01 1.000000E+02 0
2.600000E+01 9.800000E+01 0
2.800000E+01 9.800000E+01 0
2.600000E+01 1.000000E+02 0
2.800000E+01 1.000000E+02 0
3.000000E+01 9.800000E+01 0
3.200000E+01 9.800000E+01 0
3.000000E+01 1.000000E+02 0
3.200000E+01 1.000000E+02 0
3.400000E+01 9.800000E+01 0
3.600000E+01 9.800000E+01 0
3.400000E+01 1.000000E+02 0
3.600000E+01 1.000000E+02 0
3.800000E+01 9.800000E+01 0
4.000000E+01 9.800000E+01 0
3.800000E+01 1.000000E+02 0
4.000000E+01 1.000000E+02 0
4.200000E+01 9.800000E+01 0
4.400000E+01 9.800000E+01 0
4.200000E+01 1.000000E+02 0
4.400000E+01 1.000000E+02 0
4.600000E+01 9.800000E+01 0
4.800000E+01 9.800000E+01 0
4.600000E+01 1.000000E+02 0
4.800000E+01 1.000000E+02 0
5.000000E+01 9.800000E+01 0
5.200000E+01 9.800000E+01 0
5.000000E+01 1.000000E+02 0
5.200000E+01 1.000000E+02 0
5.400000E+01 9.800000E+01 0
5.600000E+01 9.800000E+01 0
5.400000E+01 1.000000E+02 0
5.600000E+01 1.000000E+02 0
5.800000E+01 9.800000E+01 0
6.000000E+01 9.800000E+01 0
5.800000E+01 1.000000E+02 0
6.000000E+01 1.000000E+02 0
6.200000E+01 9.800000E+01 0
6.400000E+01 9.800000E+01 0
6.200000E+01 1.000000E+02 0
6.400000E+01 1.000000E+02 0
6.600000E+01 9.800000E+01 0
6.800000E+01 9.800000E+01 0
6.600000E+01 1.000000E+02 0
6.800000E+01 1.000000E+02 0
7.000000E+01 9.800000E+01 0
7.200000E+01 9.800000E+01 0
7.000000E+01 1.000000E+02 0
7.200000E+01 1.000000E+02 0
7.400000E+01 9.800000E+01 0
7.600000E+01 9.800000E+01 0
7.400000E+01 1.000000E+02 0
7.600000E+01 1.000000E+02 0
7.800000E+01 9.800000E+01 0
8.000000E+01 9.800000E+01 0
7.800000E+01 1.000000E+02 0
8.000000E+01 1.000000E+02 0
8.200000E+01 9.800000E+01 0
8.400000E+01 9.800000E+01 0
8.200000E+01 1.000000E+02 0
8.400000E+01 1.000000E+02 0
8.600000E+01 9.800000E+01 0
8.800000E+01 9.800000E+01 0
8.600000E+01 1.000000E+02 0
8.800000E+01 1.000000E+02 0
9.000000E+01 9.800000E+01 0
9.200000E+01 9.800000E+01 0
9.000000E+01 1.000000E+02 0
9.200000E+01 1.000000E+02 0
9.400000E+01 9.800000E+01 0
9.600000E+01 9.800000E+01 0
9.400000E+01 1.000000E+02 0
9.600000E+01 1.000000E+02 0
9.800000E+01 9.800000E+01 0
1.000000E+02 9.800000E+01 0
9.800000E+01 1.000000E+02 0
1.000000E+02 1.000000E+02 0
1.000000E+00 4.800000E+01 0
1.000000E+00 4.900000E+01 0
0.000000E+00 4.900000E+01 0
2.000000E+00 4.900000E+01 0
3.000000E+00 4.800000E+01 0
3.000000E+00 4.900000E+01 0
4.000000E+00 4.900000E+01 0
0.000000E+00 5.100000E+01 0
1.000000E+00 5.100000E+01 0
1.000000E+00 5.200000E+01 0
2.000000E+00 5.100000E+01 0
3.000000E+00 5.100000E+01 0
3.000000E+00 5.200000E+01 0
4.000000E+00 5.100000E+01 0
5.000000E+00 4.800000E+01 0
5.000000E+00 4.900000E+01 0
6.000000E+00 4.900000E+01 0
7.000000E+00 4.800000E+01 0
7.000000E+00 4.900000E+01 0
8.000000E+00 4.900000E+01 0
5.000000E+00 5.100000E+01 0
5.000000E+00 5.200000E+01 0
6.000000E+00 5.100000E+01 0
7.000000E+00 5.100000E+01 0
7.000000E+00 5.200000E+01 0
8.000000E+00 5.100000E+01 0
9.000000E+00 4.800000E+01 0
9.000000E+00 4.900000E+01 0
1.000000E+01 4.900000E+01 0
1.100000E+01 4.800000E+01 0
1.100000E+01 4.900000E+01 0
1.200000E+01 4.900000E+01 0
9.000000E+00 5.100000E+01 0
9.000000E+00 5.200000E+01 0
1.000000E+01 5.100000E+01 0
1.100000E+01 5.100000E+01 0
1.100000E+01 5.200000E+01 0
1.200000E+01 5.100000E+01 0
1.300000E+01 4.800000E+01 0
1.300000E+01 4.900000E+01 0
1.400000E+01 4.900000E+01 0
1.500000E+01 4.800000E+01 0
1.500000E+01 4.900000E+01 0
1.600000E+01 4.900000E+01 0
1.300000E+01 5.100000E+01 0
1.300000E+01 5.200000E+01 0
1.400000E+01 5.100000E+01 0
1.500000E+01 5.100000E+01 0
1.500000E+01 5.200000E+01 0
1.600000E+01 5.100000E+01 0
1.700000E+01 4.800000E+01 0
1.700000E+01 4.900000E+01 0
1.800000E+01 4.900000E+01 0
1.900000E+01 4.800000E+01 0
1.900000E+01 4.900000E+01 0
2.000000E+01 4.900000E+01 0
1.700000E+01 5.100000E+01 0
1.700000E+01 5.200000E+01 0
1.800000E+01 5.100000E+01 0
1.900000E+01 5.100000E+01 0
1.900000E+01 5.200000E+01 0
2.000000E+01 5.100000E+01 0
2.100000E+01 4.800000E+01 0
2.100000E+01 4.900000E+01 0
2.200000E+01 4.900000E+01 0
2.300000E+01 4.800000E+01 0
2.300000E+01 4.900000E+01 0
2.400000E+01 4.900000E+01 0
2.100000E+01 5.100000E+01 0
2.100000E+01 5.200000E+01 0
2.200000E+01 5.100000E+01 0
2.300000E+01 5.100000E+01 0
2.300000E+01 5.200000E+01 0
2.400000E+01 5.100000E+01 0
2.500000E+01 4.800000E+01 0
2.500000E+01 4.900000E+01 0
2.600000E+01 4.900000E+01 0
2.700000E+01 4.800000E+01 0
2.700000E+01 4.900000E+01 0
2.800000E+01 4.900000E+01 0
2.500000E+01 5.100000E+01 0
2.500000E+01 5.200000E+01 0
2.600000E+01 5.100000E+01 0
2.700000E+01 5.100000E+01 0
2.700000E+01 5.200000E+01 0
2.800000E+01 5.100000E+01 0
2.900000E+01 4.800000E+01 0
2.900000E+01 4.900000E+01 0
3.000000E+01 4.900000E+01 0
3.100000E+01 4.800000E+01 0
3.100000E+01 4.900000E+01 0
3.200000E+01 4.900000E+01 0
2.900000E+01 5.100000E+01 0
2.900000E+01 5.200000E+01 0
3.000000E+01 5.100000E+01 0
3.100000E+01 5.100000E+01 0
3.100000E+01 5.200000E+01 0
3.200000E+01 5.100000E+01 0
3.300000E+01 4.800000E+01 0
3.300000E+01 4.900000E+01 0
3.400000E+01 4.900000E+01 0
3.500000E+01 4.800000E+01 0
3.500000E+01 4.900000E+01 0
3.600000E+01 4.900000E+01 0
3.300000E+01 5.100000E+01 0
3.300000E+01 5.200000E+01 0
3.400000E+01 5.100000E+01 0
3.500000E+01 5.100000E+01 0
3.500000E+01 5.200000E+01 0
3.600000E+01 5.100000E+01 0
3.700000E+01 4.800000E+01 0
3.700000E+01 4.900000E+01 0
3.800000E+01 4.900000E+01 0
3.900000E+01 4.800000E+01 0
3.900000E+01 4.900000E+01 0
4.000000E+01 4.900000E+01 0
3.700000E+01 5.100000E+01 0
3.700000E+01 5.200000E+01 0
3.800000E+01 5.100000E+01 0
3.900000E+01 5.100000E+01 0
3.900000E+01 5.200000E+01 0
4.000000E+01 5.100000E+01 0
4.100000E+01 4.800000E+01 0
4.100000E+01 4.900000E+01 0
4.200000E+01 4.900000E+01 0
4.100000E+01 5.000000E+01 0
4.200000E+01 5.100000E+01 0
4.100000E+01 5.100000E+01 0
4.100000E+01 5.200000E+01 0
5.000000E-01 4.900000E+01 0
5.000000E-01 4.950000E+01 0
0.000000E+00 4.950000E+01 0
1.000000E+00 4.950000E+01 0
5.000000E-01 5.000000E+01 0
0.000000E+00 5.000000E+01 0
1.000000E+00 5.000000E+01 0
1.500000E+00 4.900000E+01 0
1.500000E+00 4.950000E+01 0
2.000000E+00 4.950000E+01 0
1.500000E+00 5.000000E+01 0
2.000000E+00 5.000000E+01 0
2.500000E+00 4.900000E+01 0
2.500000E+00 4.950000E+01 0
3.000000E+00 4.950000E+01 0
2.500000E+00 5.000000E+01 0
3.000000E+00 5.000000E+01 0
3.500000E+00 4.900000E+01 0
3.500000E+00 4.950000E+01 0
4.000000E+00 4.950000E+01 0
3.500000E+00 5.000000E+01 0
4.000000E+00 5.000000E+01 0
5.000000E-01 5.050000E+01 0
0.000000E+00 5.050000E+01 0
1.000000E+00 5.050000E+01 0
5.000000E-01 5.100000E+01 0
1.500000E+00 5.050000E+01 0
2.000000E+00 5.050000E+01 0
1.500000E+00 5.100000E+01 0
2.500000E+00 5.050000E+01 0
3.000000E+00 5.050000E+01 0
2.500000E+00 5.100000E+01 0
3.500000E+00 5.050000E+01 0
4.000000E+00 5.050000E+01 0
3.500000E+00 5.100000E+01 0
4.500000E+00 4.900000E+01 0
4.500000E+00 4.950000E+01 0
5.000000E+00 4.950000E+01 0
4.500000E+00 5.000000E+01 0
5.000000E+00 5.000000E+01 0
5.500000E+00 4.900000E+01 0
5.500000E+00 4.950000E+01 0
6.000000E+00 4.950000E+01 0
5.500000E+00 5.000000E+01 0
6.000000E+00 5.000000E+01 0
6.500000E+00 4.900000E+01 0
6.500000E+00 4.950000E+01 0
7.000000E+00 4.950000E+01 0
6.500000E+00 5.000000E+01 0
7.000000E+00 5.000000E+01 0
7.500000E+00 4.900000E+01 0
7.500000E+00 4.950000E+01 0
8.000000E+00 4.950000E+01 0
7.500000E+00 5.000000E+01 0
8.000000E+00 5.000000E+01 0
4.500000E+00 5.050000E+01 0
5.000000E+00 5.050000E+01 0
4.500000E+00 5.100000E+01 0
5.500000E+00 5.050000E+01 0
6.000000E+00 5.050000E+01 0
5.500000E+00 5.100000E+01 0
6.500000E+00 5.050000E+01 0
7.000000E+00 5.050000E+01 0
6.500000E+00 5.100000E+01 0
7.500000E+00 5.050000E+01 0
8.000000E+00 5.050000E+01 0
7.500000E+00 5.100000E+01 0
8.500000E+00 4.900000E+01 0
8.500000E+00 4.950000E+01 0
9.000000E+00 4.950000E+01 0
8.500000E+00 5.000000E+01 0
9.000000E+00 5.000000E+01 0
9.500000E+00 4.900000E+01 0
9.500000E+00 4.950000E+01 0
1.000000E+01 4.950000E+01 0
9.500000E+00 5.000000E+01 0
1.000000E+01 5.000000E+01 0
1.050000E+01 4.900000E+01 0
1.050000E+01 4.950000E+01 0
1.100000E+01 4.950000E+01 0
1.050000E+01 5.000000E+01 0
1.100000E+01 5.000000E+01 0
1.150000E+01 4.900000E+01 0
1.150000E+01 4.950000E+01 0
1.200000E+01 4.950000E+01 0
1.150000E+01 5.000000E+01 0
1.200000E+01 5.000000E+01 0
8.500000E+00 5.050000E+01 0
9.000000E+00 5.050000E+01 0
8.500000E+00 5.100000E+01 0
9.500000E+00 5.050000E+01 0
1.000000E+01 5.050000E+01 0
9.500000E+00 5.100000E+01 0
1.050000E+01 5.050000E+01 0
1.100000E+01 5.050000E+01 0
1.050000E+01 5.100000E+01 0
1.150000E+01 5.050000E+01 0
1.200000E+01 5.050000E+01 0
1.150000E+01 5.100000E+01 0
1.250000E+01 4.900000E+01 0
1.250000E+01 4.950000E+01 0
1.300000E+01 4.950000E+01 0
1.250000E+01 5.000000E+01 0
1.300000E+01 5.000000E+01 0
1.350000E+01 4.900000E+01 0
1.350000E+01 4.950000E+01 0
1.400000E+01 4.950000E+01 0
1.350000E+01 5.000000E+01 0
1.400000E+01 5.000000E+01 0
1.450000E+01 4.900000E+01 0
1.450000E+01 4.950000E+01 0
1.500000E+01 4.950000E+01 0
1.450000E+01 5.000000E+01 0
1.500000E+01 5.000000E+01 0
1.550000E+01 4.900000E+01 0
1.550000E+01 4.950000E+01 0
1.600000E+01 4.950000E+01 0
1.550000E+01 5.000000E+01 0
1.600000E+01 5.000000E+01 0
1.250000E+01 5.050000E+01 0
1.300000E+01 5.050000E+01 0
1.250000E+01 5.100000E+01 0
1.350000E+01 5.050000E+01 0
1.400000E+01 5.050000E+01 0
1.350000E+01 5.100000E+01 0
1.450000E+01 5.050000E+01 0
1.500000E+01 5.050000E+01 0
1.450000E+01 5.100000E+01 0
1.550000E+01 5.050000E+01 0
1.600000E+01 5.050000E+01 0
1.550000E+01 5.100000E+01 0
1.650000E+01 4.900000E+01 0
1.650000E+01 4.950000E+01 0
1.700000E+01 4.950000E+01 0
1.650000E+01 5.000000E+01 0
1.700000E+01 5.000000E+01 0
1.750000E+01 4.900000E+01 0
1.750000E+01 4.950000E+01 0
1.800000E+01 4.950000E+01 0
1.750000E+01 5.000000E+01 0
1.800000E+01 5.000000E+01 0
1.850000E+01 4.900000E+01 0
1.850000E+01 4.950000E+01 0
1.900000E+01 4.950000E+01 0
1.850000E+01 5.000000E+01 0
1.900000E+01 5.000000E+01 0
1.950000E+01 4.900000E+01 0
1.950000E+01 4.950000E+01 0
2.000000E+01 4.950000E+01 0
1.950000E+01 5.000000E+01 0
2.000000E+01 5.000000E+01 0
1.650000E+01 5.050000E+01 0
1.700000E+01 5.050000E+01 0
1.650000E+01 5.100000E+01 0
1.750000E+01 5.050000E+01 0
1.800000E+01 5.050000E+01 0
1.750000E+01 5.100000E+01 0
1.850000E+01 5.050000E+01 0
1.900000E+01 5.050000E+01 0
1.850000E+01 5.100000E+01 0
1.950000E+01 5.050000E+01 0
2.000000E+01 5.050000E+01 0
1.950000E+01 5.100000E+01 0
2.050000E+01 4.900000E+01 0
2.050000E+01 4.950000E+01 0
2.100000E+01 4.950000E+01 0
2.050000E+01 5.000000E+01 0
2.100000E+01 5.000000E+01 0
2.150000E+01 4.900000E+01 0
2.150000E+01 4.950000E+01 0
2.200000E+01 4.950000E+01 0
2.150000E+01 5.000000E+01 0
2.200000E+01 5.000000E+01 0
2.250000E+01 4.900000E+01 0
2.250000E+01 4.950000E+01 0
2.300000E+01 4.950000E+01 0
2.250000E+01 5.000000E+01 0
2.300000E+01 5.000000E+01 0
2.350000E+01 4.900000E+01 0
2.350000E+01 4.950000E+01 0
2.400000E+01 4.950000E+01 0
2.350000E+01 5.000000E+01 0
2.400000E+01 5.000000E+01 0
2.050000E+01 5.050000E+01 0
2.100000E+01 5.050000E+01 0
2.050000E+01 5.100000E+01 0
2.150000E+01 5.050000E+01 0
2.200000E+01 5.050000E+01 0
2.150000E+01 5.100000E+01 0
2.250000E+01 5.050000E+01 0
2.300000E+01 5.050000E+01 0
2.250000E+01 5.100000E+01 0
2.350000E+01 5.050000E+01 0
2.400000E+01 5.050000E+01 0
2.350000E+01 5.100000E+01 0
2.450000E+01 4.900000E+01 0
2.450000E+01 4.950000E+01 0
2.500000E+01 4.950000E+01 0
2.450000E+01 5.000000E+01 0
2.500000E+01 5.000000E+01 0
2.550000E+01 4.900000E+01 0
2.550000E+01 4.950000E+01 0
2.600000E+01 4.950000E+01 0
2.550000E+01 5.000000E+01 0
2.600000E+01 5.000000E+01 0
2.650000E+01 4.900000E+01 0
2.650000E+01 4.950000E+01 0
2.700000E+01 4.950000E+01 0
2.650000E+01 5.000000E+01 0
2.700000E+01 5.000000E+01 0
2.750000E+01 4.900000E+01 0
2.750000E+01 4.950000E+01 0
2.800000E+01 4.950000E+01 0
2.750000E+01 5.000000E+01 0
2.800000E+01 5.000000E+01 0
2.450000E+01 5.050000E+01 0
2.500000E+01 5.050000E+01 0
2.450000E+01 5.100000E+01 0
2.550000E+01 5.050000E+01 0
2.600000E+01 5.050000E+01 0
2.550000E+01 5.100000E+01 0
2.650000E+01 5.050000E+01 0
2.700000E+01 5.050000E+01 0
2.650000E+01 5.100000E+01 0
2.750000E+01 5.050000E+01 0
2.800000E+01 5.050000E+01 0
2.750000E+01 5.100000E+01 0
2.850000E+01 4.900000E+01 0
2.850000E+01 4.950000E+01 0
2.900000E+01 4.950000E+01 0
2.850000E+01 5.000000E+01 0
2.900000E+01 5.000000E+01 0
2.950000E+01 4.900000E+01 0
2.950000E+01 4.950000E+01 0
3.000000E+01 4.950000E+01 0
2.950000E+01 5.000000E+01 0
3.000000E+01 5.000000E+01 0
3.050000E+01 4.900000E+01 0
3.050000E+01 4.950000E+01 0
3.100000E+01 4.950000E+01 0
3.050000E+01 5.000000E+01 0
3.100000E+01 5.000000E+01 0
3.150000E+01 4.900000E+01 0
3.150000E+01 4.950000E+01 0
3.200000E+01 4.950000E+01 0
3.150000E+01 5.000000E+01 0
3.200000E+01 5.000000E+01 0
2.850000E+01 5.050000E+01 0
2.900000E+01 5.050000E+01 0
2.850000E+01 5.100000E+01 0
2.950000E+01 5.050000E+01 0
3.000000E+01 5.050000E+01 0
2.950000E+01 5.100000E+01 0
3.050000E+01 5.050000E+01 0
3.100000E+01 5.050000E+01 0
3.050000E+01 5.100000E+01 0
3.150000E+01 5.050000E+01 0
3.200000E+01 5.050000E+01 0
3.150000E+01 5.100000E+01 0
3.250000E+01 4.900000E+01 0
3.250000E+01 4.950000E+01 0
3.300000E+01 4.950000E+01 0
3.250000E+01 5.000000E+01 0
3.300000E+01 5.000000E+01 0
3.350000E+01 4.900000E+01 0
3.350000E+01 4.950000E+01 0
3.400000E+01 4.950000E+01 0
3.350000E+01 5.000000E+01 0
3.400000E+01 5.000000E+01 0
3.450000E+01 4.900000E+01 0
3.450000E+01 4.950000E+01 0
3.500000E+01 4.950000E+01 0
3.450000E+01 5.000000E+01 0
3.500000E+01 5.000000E+01 0
3.550000E+01 4.900000E+01 0
3.550000E+01 4.950000E+01 0
3.600000E+01 4.950000E+01 0
3.550000E+01 5.000000E+01 0
3.600000E+01 5.000000E+01 0
3.250000E+01 5.050000E+01 0
3.300000E+01 5.050000E+01 0
3.250000E+01 5.100000E+01 0
3.350000E+01 5.050000E+01 0
3.400000E+01 5.050000E+01 0
3.350000E+01 5.100000E+01 0
3.450000E+01 5.050000E+01 0
3.500000E+01 5.050000E+01 0
3.450000E+01 5.100000E+01 0
3.550000E+01 5.050000E+01 0
3.600000E+01 5.050000E+01 0
3.550000E+01 5.100000E+01 0
3.650000E+01 4.900000E+01 0
3.650000E+01 4.950000E+01 0
3.700000E+01 4.950000E+01 0
3.650000E+01 5.000000E+01 0
3.700000E+01 5.000000E+01 0
3.750000E+01 4.900000E+01 0
3.750000E+01 4.950000E+01 0
3.800000E+01 4.950000E+01 0
3.750000E+01 5.000000E+01 0
3.800000E+01 5.000000E+01 0
3.850000E+01 4.900000E+01 0
3.850000E+01 4.950000E+01 0
3.900000E+01 4.950000E+01 0
3.850000E+01 5.000000E+01 0
3.900000E+01 5.000000E+01 0
3.950000E+01 4.900000E+01 0
3.950000E+01 4.950000E+01 0
4.000000E+01 4.950000E+01 0
3.950000E+01 5.000000E+01 0
4.000000E+01 5.000000E+01 0
3.650000E+01 5.050000E+01 0
3.700000E+01 5.050000E+01 0
3.650000E+01 5.100000E+01 0
3.750000E+01 5.050000E+01 0
3.800000E+01 5.050000E+01 0
3.750000E+01 5.100000E+01 0
3.850000E+01 5.050000E+01 0
3.900000E+01 5.050000E+01 0
3.850000E+01 5.100000E+01 0
3.950000E+01 5.050000E+01 0
4.000000E+01 5.050000E+01 0
3.950000E+01 5.100000E+01 0
4.050000E+01 4.900000E+01 0
4.050000E+01 4.950000E+01 0
4.100000E+01 4.950000E+01 0
4.050000E+01 5.000000E+01 0
4.050000E+01 5.050000E+01 0
4.100000E+01 5.050000E+01 0
4.050000E+01 5.100000E+01 0
</DataArray>
</Points>
<Cells>
<DataArray type="Int32" Name="connectivity" NumberOfComponents="1" format="ascii">
0 1 2 3
1 4 5 2
3 2 6 7
2 5 8 6
4 9 10 5
9 11 12 10
5 10 13 8
10 12 14 13
11 15 16 12
15 17 18 16
12 16 19 14
16 18 20 19
17 21 22 18
21 23 24 22
18 22 25 20
22 24 26 25
23 27 28 24
27 29 30 28
24 28 31 26
28 30 32 31
29 33 34 30
33 35 36 34
30 34 37 32
34 36 38 37
35 39 40 36
39 41 42 40
36 40 43 38
40 42 44 43
41 45 46 42
45 47 48 46
42 46 49 44
46 48 50 49
47 51 52 48
51 53 54 52
48 52 55 50
52 54 56 55
53 57 58 54
57 59 60 58
54 58 61 56
58 60 62 61
59 63 64 60
63 65 66 64
60 64 67 62
64 66 68 67
65 69 70 66
69 71 72 70
66 70 73 68
70 72 74 73
71 75 76 72
75 77 78 76
72 76 79 74
76 78 80 79
77 81 82 78
81 83 84 82
78 82 85 80
82 84 86 85
83 87 88 84
87 89 90 88
84 88 91 86
88 90 92 91
89 93 94 90
93 95 96 94
90 94 97 92
94 96 98 97
95 99 100 96
99 101 102 100
96 100 103 98
100 102 104 103
101 105 106 102
105 107 108 106
102 106 109 104
106 108 110 109
107 111 112 108
111 113 114 112
108 112 115 110
112 114 116 115
113 117 118 114
117 119 120 118
114 118 121 116
118 120 122 121
119 123 124 120
123 125 126 124
120 124 127 122
124 126 128 127
125 129 130 126
129 131 132 130
126 130 133 128
130 132 134 133
131 135 136 132
135 137 138 136
132 136 139 134
136 138 140 139
137 141 142 138
141 143 144 142
138 142 145 140
142 144 146 145
143 147 148 144
147 149 150 148
144 148 151 146
148 150 152 151
7 6 153 154
6 8 155 153
154 153 156 157
153 155 158 156
8 13 159 155
13 14 160 159
155 159 161 158
159 160 162 161
14 19 163 160
19 20 164 163
160 163 165 162
163 164 166 165
20 25 167 164
25 26 168 167
164 167 169 166
167 168 170 169
26 31 171 168
31 32 172 171
168 171 173 170
171 172 174 173
32 37 175 172
37 38 176 175
172 175 177 174
175 176 178 177
38 43 179 176
43 44 180 179
176 179 181 178
179 180 182 181
44 49 183 180
49 50 184 183
180 183 185 182
183 184 186 185
50 55 187 184
55 56 188 187
184 187 189 186
187 188 190 189
56 61 191 188
61 62 192 191
188 191 193 190
191 192 194 193
62 67 195 192
67 68 196 195
192 195 197 194
195 196 198 197
68 73 199 196
73 74 200 199
196 199 201 198
199 200 202 201
74 79 203 200
79 80 204 203
200 203 205 202
203 204 206 205
80 85 207 204
85 86 208 207
204 207 209 206
207 208 210 209
86 91 211 208
91 92 212 211
208 211 213 210
211 212 214 213
92 97 215 212
97 98 216 215
212 215 217 214
215 216 218 217
98 103 219 216
103 104 220 219
216 219 221 218
219 220 222 221
104 109 223 220
109 110 224 223
220 223 225 222
223 224 226 225
110 115 227 224
115 116 228 227
224 227 229 226
227 228 230 229
116 121 231 228
121 122 232 231
228 231 233 230
231 232 234 233
122 127 235 232
127 128 236 235
232 235 237 234
235 236 238 237
128 133 239 236
133 134 240 239
236 239 241 238
239 240 242 241
134 139 243 240
139 140 244 243
240 243 245 242
243 244 246 245
140 145 247 244
145 146 248 247
244 247 249 246
247 248 250 249
146 151 251 248
151 152 252 251
248 251 253 250
251 252 254 253
157 156 255 256
156 158 257 255
256 255 258 259
255 257 260 258
158 161 261 257
161 162 262 261
257 261 263 260
261 262 264 263
162 165 265 262
165 166 266 265
262 265 267 264
265 266 268 267
166 169 269 266
169 170 270 269
266 269 271 268
269 270 272 271
170 173 273 270
173 174 274 273
270 273 275 272
273 274 276 275
174 177 277 274
177 178 278 277
274 277 279 276
277 278 280 279
178 181 281 278
181 182 282 281
278 281 283 280
281 282 284 283
182 185 285 282
185 186 286 285
282 285 287 284
285 286 288 287
186 189 289 286
189 190 290 289
286 289 291 288
289 290 292 291
190 193 293 290
193 194 294 293
290 293 295 292
293 294 296 295
194 197 297 294
197 198 298 297
294 297 299 296
297 298 300 299
198 201 301 298
201 202 302 301
298 301 303 300
301 302 304 303
202 205 305 302
205 206 306 305
302 305 307 304
305 306 308 307
206 209 309 306
209 210 310 309
306 309 311 308
309 310 312 311
210 213 313 310
213 214 314 313
310 313 315 312
313 314 316 315
214 217 317 314
217 218 318 317
314 317 319 316
317 318 320 319
218 221 321 318
221 222 322 321
318 321 323 320
321 322 324 323
222 225 325 322
225 226 326 325
322 325 327 324
325 326 328 327
226 229 329 326
229 230 330 329
326 329 331 328
329 330 332 331
230 233 333 330
233 234 334 333
330 333 335 332
333 334 336 335
234 237 337 334
237 238 338 337
334 337 339 336
337 338 340 339
238 241 341 338
241 242 342 341
338 341 343 340
341 342 344 343
242 245 345 342
245 246 346 345
342 345 347 344
345 346 348 347
246 249 349 346
249 250 350 349
346 349 351 348
349 350 352 351
250 253 353 350
253 254 354 353
350 353 355 352
353 354 356 355
259 258 357 358
258 260 359 357
358 357 360 361
357 359 362 360
260 263 363 359
263 264 364 363
359 363 365 362
363 364 366 365
264 267 367 364
267 268 368 367
364 367 369 366
367 368 370 369
268 271 371 368
271 272 372 371
368 371 373 370
371 372 374 373
272 275 375 372
275 276 376 375
372 375 377 374
375 376 378 377
276 279 379 376
279 280 380 379
376 379 381 378
379 380 382 381
280 283 383 380
283 284 384 383
380 383 385 382
383 384 386 385
284 287 387 384
287 288 388 387
384 387 389 386
387 388 390 389
288 291 391 388
291 292 392 391
388 391 393 390
391 392 394 393
292 295 395 392
295 296 396 395
392 395 397 394
395 396 398 397
296 299 399 396
299 300 400 399
396 399 401 398
399 400 402 401
300 303 403 400
303 304 404 403
400 403 405 402
403 404 406 405
304 307 407 404
307 308 408 407
404 407 409 406
407 408 410 409
308 311 411 408
311 312 412 411
408 411 413 410
411 412 414 413
312 315 415 412
315 316 416 415
412 415 417 414
415 416 418 417
316 319 419 416
319 320 420 419
416 419 421 418
419 420 422 421
320 323 423 420
323 324 424 423
420 423 425 422
423 424 426 425
324 327 427 424
327 328 428 427
424 427 429 426
427 428 430 429
328 331 431 428
331 332 432 431
428 431 433 430
431 432 434 433
332 335 435 432
335 336 436 435
432 435 437 434
435 436 438 437
336 339 439 436
339 340 440 439
436 439 441 438
439 440 442 441
340 343 443 440
343 344 444 443
440 443 445 442
443 444 446 445
344 347 447 444
347 348 448 447
444 447 449 446
447 448 450 449
348 351 451 448
351 352 452 451
448 451 453 450
451 452 454 453
352 355 455 452
355 356 456 455
452 455 457 454
455 456 458 457
361 360 459 460
360 362 461 459
460 459 462 463
459 461 464 462
362 365 465 461
365 366 466 465
461 465 467 464
465 466 468 467
366 369 469 466
369 370 470 469
466 469 471 468
469 470 472 471
370 373 473 470
373 374 474 473
470 473 475 472
473 474 476 475
374 377 477 474
377 378 478 477
474 477 479 476
477 478 480 479
378 381 481 478
381 382 482 481
478 481 483 480
481 482 484 483
382 385 485 482
385 386 486 485
482 485 487 484
485 486 488 487
386 389 489 486
389 390 490 489
486 489 491 488
489 490 492 491
390 393 493 490
393 394 494 493
490 493 495 492
493 494 496 495
394 397 497 494
397 398 498 497
494 497 499 496
497 498 500 499
398 401 501 498
401 402 502 501
498 501 503 500
501 502 504 503
402 405 505 502
405 406 506 505
502 505 507 504
505 506 508 507
406 409 509 506
409 410 510 509
506 509 511 508
509 510 512 511
410 413 513 510
413 414 514 513
510 513 515 512
513 514 516 515
414 417 517 514
417 418 518 517
514 517 519 516
517 518 520 519
418 421 521 518
421 422 522 521
518 521 523 520
521 522 524 523
422 425 525 522
425 426 526 525
522 525 527 524
525 526 528 527
426 429 529 526
429 430 530 529
526 529 531 528
529 530 532 531
430 433 533 530
433 434 534 533
530 533 535 532
533 534 536 535
434 437 537 534
437 438 538 537
534 537 539 536
537 538 540 539
438 441 541 538
441 442 542 541
538 541 543 540
541 542 544 543
442 445 545 542
445 446 546 545
542 545 547 544
545 546 548 547
446 449 549 546
449 450 550 549
546 549 551 548
549 550 552 551
450 453 553 550
453 454 554 553
550 553 555 552
553 554 556 555
454 457 557 554
457 458 558 557
554 557 559 556
557 558 560 559
463 462 561 562
462 464 563 561
562 561 564 565
561 563 566 564
464 467 567 563
467 468 568 567
563 567 569 566
567 568 570 569
468 471 571 568
471 472 572 571
568 571 573 570
571 572 574 573
472 475 575 572
475 476 576 575
572 575 577 574
575 576 578 577
476 479 579 576
479 480 580 579
576 579 581 578
579 580 582 581
480 483 583 580
483 484 584 583
580 583 585 582
583 584 586 585
484 487 587 584
487 488 588 587
584 587 589 586
587 588 590 589
488 491 591 588
491 492 592 591
588 591 593 590
591 592 594 593
492 495 595 592
495 496 596 595
592 595 597 594
595 596 598 597
496 499 599 596
499 500 600 599
596 599 601 598
599 600 602 601
500 503 603 600
503 504 604 603
600 603 605 602
603 604 606 605
504 507 607 604
507 508 608 607
604 607 609 606
607 608 610 609
508 511 611 608
511 512 612 611
608 611 613 610
611 612 614 613
512 515 615 612
515 516 616 615
612 615 617 614
615 616 618 617
516 519 619 616
519 520 620 619
616 619 621 618
619 620 622 621
520 523 623 620
523 524 624 623
620 623 625 622
623 624 626 625
524 527 627 624
527 528 628 627
624 627 629 626
627 628 630 629
528 531 631 628
531 532 632 631
628 631 633 630
631 632 634 633
532 535 635 632
535 536 636 635
632 635 637 634
635 636 638 637
536 539 639 636
539 540 640 639
636 639 641 638
639 640 642 641
540 543 643 640
543 544 644 643
640 643 645 642
643 644 646 645
544 547 647 644
547 548 648 647
644 647 649 646
647 648 650 649
548 551 651 648
551 552 652 651
648 651 653 650
651 652 654 653
552 555 655 652
555 556 656 655
652 655 657 654
655 656 658 657
556 559 659 656
559 560 660 659
656 659 661 658
659 660 662 661
565 564 663 664
564 566 665 663
664 663 666 667
663 665 668 666
566 569 669 665
569 570 670 669
665 669 671 668
669 670 672 671
570 573 673 670
573 574 674 673
670 673 675 672
673 674 676 675
574 577 677 674
577 578 678 677
674 677 679 676
677 678 680 679
578 581 681 678
581 582 682 681
678 681 683 680
681 682 684 683
582 585 685 682
585 586 686 685
682 685 687 684
685 686 688 687
586 589 689 686
589 590 690 689
686 689 691 688
689 690 692 691
590 593 693 690
593 594 694 693
690 693 695 692
693 694 696 695
594 597 697 694
597 598 698 697
694 697 699 696
697 698 700 699
598 601 701 698
601 602 702 701
698 701 703 700
701 702 704 703
602 605 705 702
605 606 706 705
702 705 707 704
705 706 708 707
606 609 709 706
609 610 710 709
706 709 711 708
709 710 712 711
610 613 713 710
613 614 714 713
710 713 715 712
713 714 716 715
614 617 717 714
617 618 718 717
714 717 719 716
717 718 720 719
618 621 721 718
621 622 722 721
718 721 723 720
721 722 724 723
622 625 725 722
625 626 726 725
722 725 727 724
725 726 728 727
626 629 729 726
629 630 730 729
726 729 731 728
729 730 732 731
630 633 733 730
633 634 734 733
730 733 735 732
733 734 736 735
634 637 737 734
637 638 738 737
734 737 739 736
737 738 740 739
638 641 741 738
641 642 742 741
738 741 743 740
741 742 744 743
642 645 745 742
645 646 746 745
742 745 747 744
745 746 748 747
646 649 749 746
649 650 750 749
746 749 751 748
749 750 752 751
650 653 753 750
653 654 754 753
750 753 755 752
753 754 756 755
654 657 757 754
657 658 758 757
754 757 759 756
757 758 760 759
658 661 761 758
661 662 762 761
758 761 763 760
761 762 764 763
667 666 765 766
666 668 767 765
766 765 768 769
765 767 770 768
668 671 771 767
671 672 772 771
767 771 773 770
771 772 774 773
672 675 775 772
675 676 776 775
772 775 777 774
775 776 778 777
676 679 779 776
679 680 780 779
776 779 781 778
779 780 782 781
680 683 783 780
683 684 784 783
780 783 785 782
783 784 786 785
684 687 787 784
687 688 788 787
784 787 789 786
787 788 790 789
688 691 791 788
691 692 792 791
788 791 793 790
791 792 794 793
692 695 795 792
695 696 796 795
792 795 797 794
795 796 798 797
696 699 799 796
699 700 800 799
796 799 801 798
799 800 802 801
700 703 803 800
703 704 804 803
800 803 805 802
803 804 806 805
704 707 807 804
707 708 808 807
804 807 809 806
807 808 810 809
708 711 811 808
711 712 812 811
808 811 813 810
811 812 814 813
712 715 815 812
715 716 816 815
812 815 817 814
815 816 818 817
716 719 819 816
719 720 820 819
816 819 821 818
819 820 822 821
720 723 823 820
723 724 824 823
820 823 825 822
823 824 826 825
724 727 827 824
727 728 828 827
824 827 829 826
827 828 830 829
728 731 831 828
731 732 832 831
828 831 833 830
831 832 834 833
732 735 835 832
735 736 836 835
832 835 837 834
835 836 838 837
736 739 839 836
739 740 840 839
836 839 841 838
839 840 842 841
740 743 843 840
743 744 844 843
840 843 845 842
843 844 846 845
744 747 847 844
747 748 848 847
844 847 849 846
847 848 850 849
748 751 851 848
751 752 852 851
848 851 853 850
851 852 854 853
752 755 855 852
755 756 856 855
852 855 857 854
855 856 858 857
756 759 859 856
759 760 860 859
856 859 861 858
859 860 862 861
760 763 863 860
763 764 864 863
860 863 865 862
863 864 866 865
769 768 867 868
768 770 869 867
868 867 870 871
867 869 872 870
770 773 873 869
773 774 874 873
869 873 875 872
873 874 876 875
774 777 877 874
777 778 878 877
874 877 879 876
877 878 880 879
778 781 881 878
781 782 882 881
878 881 883 880
881 882 884 883
782 785 885 882
785 786 886 885
882 885 887 884
885 886 888 887
786 789 889 886
789 790 890 889
886 889 891 888
889 890 892 891
790 793 893 890
793 794 894 893
890 893 895 892
893 894 896 895
794 797 897 894
797 798 898 897
894 897 899 896
897 898 900 899
798 801 901 898
801 802 902 901
898 901 903 900
901 902 904 903
802 805 905 902
805 806 906 905
902 905 907 904
905 906 908 907
806 809 909 906
809 810 910 909
906 909 911 908
909 910 912 911
810 813 913 910
813 814 914 913
910 913 915 912
913 914 916 915
814 817 917 914
817 818 918 917
914 917 919 916
917 918 920 919
818 821 921 918
821 822 922 921
918 921 923 920
921 922 924 923
822 825 925 922
825 826 926 925
922 925 927 924
925 926 928 927
826 829 929 926
829 830 930 929
926 929 931 928
929 930 932 931
830 833 933 930
833 834 934 933
930 933 935 932
933 934 936 935
834 837 937 934
837 838 938 937
934 937 939 936
937 938 940 939
838 841 941 938
841 842 942 941
938 941 943 940
941 942 944 943
842 845 945 942
845 846 946 945
942 945 947 944
945 946 948 947
846 849 949 946
849 850 950 949
946 949 951 948
949 950 952 951
850 853 953 950
853 854 954 953
950 953 955 952
953 954 956 955
854 857 957 954
857 858 958 957
954 957 959 956
957 958 960 959
858 861 961 958
861 862 962 961
958 961 963 960
961 962 964 963
862 865 965 962
865 866 966 965
962 965 967 964
965 966 968 967
871 870 969 970
870 872 971 969
970 969 972 973
969 971 974 972
872 875 975 971
875 876 976 975
971 975 977 974
975 976 978 977
876 879 979 976
879 880 980 979
976 979 981 978
979 980 982 981
880 883 983 980
883 884 984 983
980 983 985 982
983 984 986 985
884 887 987 984
887 888 988 987
984 987 989 986
987 988 990 989
888 891 991 988
891 892 992 991
988 991 993 990
991 992 994 993
892 895 995 992
895 896 996 995
992 995 997 994
995 996 998 997
896 899 999 996
899 900 1000 999
996 999 1001 998
999 1000 1002 1001
900 903 1003 1000
903 904 1004 1003
1000 1003 1005 1002
1003 1004 1006 1005
904 907 1007 1004
907 908 1008 1007
1004 1007 1009 1006
1007 1008 1010 1009
908 911 1011 1008
911 912 1012 1011
1008 1011 1013 1010
1011 1012 1014 1013
912 915 1015 1012
915 916 1016 1015
1012 1015 1017 1014
1015 1016 1018 1017
916 919 1019 1016
919 920 1020 1019
1016 1019 1021 1018
1019 1020 1022 1021
920 923 1023 1020
923 924 1024 1023
1020 1023 1025 1022
1023 1024 1026 1025
924 927 1027 1024
927 928 1028 1027
1024 1027 1029 1026
1027 1028 1030 1029
928 931 1031 1028
931 932 1032 1031
1028 1031 1033 1030
1031 1032 1034 1033
932 935 1035 1032
935 936 1036 1035
1032 1035 1037 1034
1035 1036 1038 1037
936 939 1039 1036
939 940 1040 1039
1036 1039 1041 1038
1039 1040 1042 1041
940 943 1043 1040
943 944 1044 1043
1040 1043 1045 1042
1043 1044 1046 1045
944 947 1047 1044
947 948 1048 1047
1044 1047 1049 1046
1047 1048 1050 1049
948 951 1051 1048
951 952 1052 1051
1048 1051 1053 1050
1051 1052 1054 1053
952 955 1055 1052
955 956 1056 1055
1052 1055 1057 1054
1055 1056 1058 1057
956 959 1059 1056
959 960 1060 1059
1056 1059 1061 1058
1059 1060 1062 1061
960 963 1063 1060
963 964 1064 1063
1060 1063 1065 1062
1063 1064 1066 1065
964 967 1067 1064
967 968 1068 1067
1064 1067 1069 1066
1067 1068 1070 1069
973 972 1071 1072
972 974 1073 1071
1072 1071 1074 1075
1071 1073 1076 1074
974 977 1077 1073
977 978 1078 1077
1073 1077 1079 1076
1077 1078 1080 1079
978 981 1081 1078
981 982 1082 1081
1078 1081 1083 1080
1081 1082 1084 1083
982 985 1085 1082
985 986 1086 1085
1082 1085 1087 1084
1085 1086 1088 1087
986 989 1089 1086
989 990 1090 1089
1086 1089 1091 1088
1089 1090 1092 1091
990 993 1093 1090
993 994 1094 1093
1090 1093 1095 1092
1093 1094 1096 1095
994 997 1097 1094
997 998 1098 1097
1094 1097 1099 1096
1097 1098 1100 1099
998 1001 1101 1098
1001 1002 1102 1101
1098 1101 1103 1100
1101 1102 1104 1103
1002 1005 1105 1102
1005 1006 1106 1105
1102 1105 1107 1104
1105 1106 1108 1107
1006 1009 1109 1106
1009 1010 1110 1109
1106 1109 1111 1108
1109 1110 1112 1111
1010 1013 1113 1110
1013 1014 1114 1113
1110 1113 1115 1112
1113 1114 1116 1115
1014 1017 1117 1114
1017 1018 1118 1117
1114 1117 1119 1116
1117 1118 1120 1119
1018 1021 1121 1118
1021 1022 1122 1121
1118 1121 1123 1120
1121 1122 1124 1123
1022 1025 1125 1122
1025 1026 1126 1125
1122 1125 1127 1124
1125 1126 1128 1127
1026 1029 1129 1126
1029 1030 1130 1129
1126 1129 1131 1128
1129 1130 1132 1131
1030 1033 1133 1130
1033 1034 1134 1133
1130 1133 1135 1132
1133 1134 1136 1135
1034 1037 1137 1134
1037 1038 1138 1137
1134 1137 1139 1136
1137 1138 1140 1139
1038 1041 1141 1138
1041 1042 1142 1141
1138 1141 1143 1140
1141 1142 1144 1143
1042 1045 1145 1142
1045 1046 1146 1145
1142 1145 1147 1144
1145 1146 1148 1147
1046 1049 1149 1146
1049 1050 1150 1149
1146 1149 1151 1148
1149 1150 1152 1151
1050 1053 1153 1150
1053 1054 1154 1153
1150 1153 1155 1152
1153 1154 1156 1155
1054 1057 1157 1154
1057 1058 1158 1157
1154 1157 1159 1156
1157 1158 1160 1159
1058 1061 1161 1158
1061 1062 1162 1161
1158 1161 1163 1160
1161 1162 1164 1163
1062 1065 1165 1162
1065 1066 1166 1165
1162 1165 1167 1164
1165 1166 1168 1167
1066 1069 1169 1166
1069 1070 1170 1169
1166 1169 1171 1168
1169 1170 1172 1171
1075 1074 1173 1174
1074 1076 1175 1173
1174 1173 1176 1177
1173 1175 1178 1176
1076 1079 1179 1175
1079 1080 1180 1179
1175 1179 1181 1178
1179 1180 1182 1181
1080 1083 1183 1180
1083 1084 1184 1183
1180 1183 1185 1182
1183 1184 1186 1185
1084 1087 1187 1184
1087 1088 1188 1187
1184 1187 1189 1186
1187 1188 1190 1189
1088 1091 1191 1188
1091 1092 1192 1191
1188 1191 1193 1190
1191 1192 1194 1193
1092 1095 1195 1192
1095 1096 1196 1195
1192 1195 1197 1194
1195 1196 1198 1197
1096 1099 1199 1196
1099 1100 1200 1199
1196 1199 1201 1198
1199 1200 1202 1201
1100 1103 1203 1200
1103 1104 1204 1203
1200 1203 1205 1202
1203 1204 1206 1205
1104 1107 1207 1204
1107 1108 1208 1207
1204 1207 1209 1206
1207 1208 1210 1209
1108 1111 1211 1208
1111 1112 1212 1211
1208 1211 1213 1210
1211 1212 1214 1213
1112 1115 1215 1212
1115 1116 1216 1215
1212 1215 1217 1214
1215 1216 1218 1217
1116 1119 1219 1216
1119 1120 1220 1219
1216 1219 1221 1218
1219 1220 1222 1221
1120 1123 1223 1220
1123 1124 1224 1223
1220 1223 1225 1222
1223 1224 1226 1225
1124 1127 1227 1224
1127 1128 1228 1227
1224 1227 1229 1226
1227 1228 1230 1229
1128 1131 1231 1228
1131 1132 1232 1231
1228 1231 1233 1230
1231 1232 1234 1233
1132 1135 1235 1232
1135 1136 1236 1235
1232 1235 1237 1234
1235 1236 1238 1237
1136 1139 1239 1236
1139 1140 1240 1239
1236 1239 1241 1238
1239 1240 1242 1241
1140 1143 1243 1240
1143 1144 1244 1243
1240 1243 1245 1242
1243 1244 1246 1245
1144 1147 1247 1244
1147 1148 1248 1247
1244 1247 1249 1246
1247 1248 1250 1249
1148 1151 1251 1248
1151 1152 1252 1251
1248 1251 1253 1250
1251 1252 1254 1253
1152 1155 1255 1252
1155 1156 1256 1255
1252 1255 1257 1254
1255 1256 1258 1257
1156 1159 1259 1256
1159 1160 1260 1259
1256 1259 1261 1258
1259 1260 1262 1261
1160 1163 1263 1260
1163 1164 1264 1263
1260 1263 1265 1262
1263 1264 1266 1265
1164 1167 1267 1264
1167 1168 1268 1267
1264 1267 1269 1266
1267 1268 1270 1269
1168 1171 1271 1268
1171 1172 1272 1271
1268 1271 1273 1270
1271 1272 1274 1273
1217 1218 1275 1276
1276 1275 1277 1278
1218 1221 1279 1275
1221 1222 1280 1279
1275 1279 1281 1277
1279 1280 1282 1281
1222 1225 1283 1280
1225 1226 1284 1283
1280 1283 1285 1282
1283 1284 1286 1285
1226 1229 1287 1284
1229 1230 1288 1287
1284 1287 1289 1286
1287 1288 1290 1289
1230 1233 1291 1288
1233 1234 1292 1291
1288 1291 1293 1290
1291 1292 1294 1293
1234 1237 1295 1292
1237 1238 1296 1295
1292 1295 1297 1294
1295 1296 1298 1297
1238 1241 1299 1296
1241 1242 1300 1299
1296 1299 1301 1298
1299 1300 1302 1301
1242 1245 1303 1300
1245 1246 1304 1303
1300 1303 1305 1302
1303 1304 1306 1305
1246 1249 1307 1304
1249 1250 1308 1307
1304 1307 1309 1306
1307 1308 1310 1309
1250 1253 1311 1308
1253 1254 1312 1311
1308 1311 1313 1310
1311 1312 1314 1313
1254 1257 1315 1312
1257 1258 1316 1315
1312 1315 1317 1314
1315 1316 1318 1317
1258 1261 1319 1316
1261 1262 1320 1319
1316 1319 1321 1318
1319 1320 1322 1321
1262 1265 1323 1320
1265 1266 1324 1323
1320 1323 1325 1322
1323 1324 1326 1325
1266 1269 1327 1324
1269 1270 1328 1327
1324 1327 1329 1326
1327 1328 1330 1329
1270 1273 1331 1328
1273 1274 1332 1331
1328 1331 1333 1330
1331 1332 1334 1333
1335 1336 1337 1338
1336 1339 1340 1337
1338 1337 1341 1342
1337 1340 1343 1341
1339 1344 1345 1340
1344 1346 1347 1345
1340 1345 1348 1343
1345 1347 1349 1348
1346 1350 1351 1347
1350 1352 1353 1351
1347 1351 1354 1349
1351 1353 1355 1354
1352 1356 1357 1353
1356 1358 1359 1357
1353 1357 1360 1355
1357 1359 1361 1360
1358 1362 1363 1359
1362 1364 1365 1363
1359 1363 1366 1361
1363 1365 1367 1366
1364 1368 1369 1365
1368 1370 1371 1369
1365 1369 1372 1367
1369 1371 1373 1372
1370 1374 1375 1371
1374 1376 1377 1375
1371 1375 1378 1373
1375 1377 1379 1378
1376 1380 1381 1377
1380 1382 1383 1381
1377 1381 1384 1379
1381 1383 1385 1384
1382 1386 1387 1383
1386 1388 1389 1387
1383 1387 1390 1385
1387 1389 1391 1390
1388 1392 1393 1389
1392 1394 1395 1393
1389 1393 1396 1391
1393 1395 1397 1396
1394 1278 1398 1395
1278 1277 1399 1398
1395 1398 1400 1397
1398 1399 1401 1400
1277 1281 1402 1399
1281 1282 1403 1402
1399 1402 1404 1401
1402 1403 1405 1404
1282 1285 1406 1403
1285 1286 1407 1406
1403 1406 1408 1405
1406 1407 1409 1408
1286 1289 1410 1407
1289 1290 1411 1410
1407 1410 1412 1409
1410 1411 1413 1412
1290 1293 1414 1411
1293 1294 1415 1414
1411 1414 1416 1413
1414 1415 1417 1416
1294 1297 1418 1415
1297 1298 1419 1418
1415 1418 1420 1417
1418 1419 1421 1420
1298 1301 1422 1419
1301 1302 1423 1422
1419 1422 1424 1421
1422 1423 1425 1424
1302 1305 1426 1423
1305 1306 1427 1426
1423 1426 1428 1425
1426 1427 1429 1428
1306 1309 1430 1427
1309 1310 1431 1430
1427 1430 1432 1429
1430 1431 1433 1432
1310 1313 1434 1431
1313 1314 1435 1434
1431 1434 1436 1433
1434 1435 1437 1436
1314 1317 1438 1435
1317 1318 1439 1438
1435 1438 1440 1437
1438 1439 1441 1440
1318 1321 1442 1439
1321 1322 1443 1442
1439 1442 1444 1441
1442 1443 1445 1444
1322 1325 1446 1443
1325 1326 1447 1446
1443 1446 1448 1445
1446 1447 1449 1448
1326 1329 1450 1447
1329 1330 1451 1450
1447 1450 1452 1449
1450 1451 1453 1452
1330 1333 1454 1451
1333 1334 1455 1454
1451 1454 1456 1453
1454 1455 1457 1456
1342 1341 1458 1459
1341 1343 1460 1458
1459 1458 1461 1462
1458 1460 1463 1461
1343 1348 1464 1460
1348 1349 1465 1464
1460 1464 1466 1463
1464 1465 1467 1466
1349 1354 1468 1465
1354 1355 1469 1468
1465 1468 1470 1467
1468 1469 1471 1470
1355 1360 1472 1469
1360 1361 1473 1472
1469 1472 1474 1471
1472 1473 1475 1474
1361 1366 1476 1473
1366 1367 1477 1476
1473 1476 1478 1475
1476 1477 1479 1478
1367 1372 1480 1477
1372 1373 1481 1480
1477 1480 1482 1479
1480 1481 1483 1482
1373 1378 1484 1481
1378 1379 1485 1484
1481 1484 1486 1483
1484 1485 1487 1486
1379 1384 1488 1485
1384 1385 1489 1488
1485 1488 1490 1487
1488 1489 1491 1490
1385 1390 1492 1489
1390 1391 1493 1492
1489 1492 1494 1491
1492 1493 1495 1494
1391 1396 1496 1493
1396 1397 1497 1496
1493 1496 1498 1495
1496 1497 1499 1498
1397 1400 1500 1497
1400 1401 1501 1500
1497 1500 1502 1499
1500 1501 1503 1502
1401 1404 1504 1501
1404 1405 1505 1504
1501 1504 1506 1503
1504 1505 1507 1506
1405 1408 1508 1505
1408 1409 1509 1508
1505 1508 1510 1507
1508 1509 1511 1510
1409 1412 1512 1509
1412 1413 1513 1512
1509 1512 1514 1511
1512 1513 1515 1514
1413 1416 1516 1513
1416 1417 1517 1516
1513 1516 1518 1515
1516 1517 1519 1518
1417 1420 1520 1517
1420 1421 1521 1520
1517 1520 1522 1519
1520 1521 1523 1522
1421 1424 1524 1521
1424 1425 1525 1524
1521 1524 1526 1523
1524 1525 1527 1526
1425 1428 1528 1525
1428 1429 1529 1528
1525 1528 1530 1527
1528 1529 1531 1530
1429 1432 1532 1529
1432 1433 1533 1532
1529 1532 1534 1531
1532 1533 1535 1534
1433 1436 1536 1533
1436 1437 1537 1536
1533 1536 1538 1535
1536 1537 1539 1538
1437 1440 1540 1537
1440 1441 1541 1540
1537 1540 1542 1539
1540 1541 1543 1542
1441 1444 1544 1541
1444 1445 1545 1544
1541 1544 1546 1543
1544 1545 1547 1546
1445 1448 1548 1545
1448 1449 1549 1548
1545 1548 1550 1547
1548 1549 1551 1550
1449 1452 1552 1549
1452 1453 1553 1552
1549 1552 1554 1551
1552 1553 1555 1554
1453 1456 1556 1553
1456 1457 1557 1556
1553 1556 1558 1555
1556 1557 1559 1558
1462 1461 1560 1561
1461 1463 1562 1560
1561 1560 1563 1564
1560 1562 1565 1563
1463 1466 1566 1562
1466 1467 1567 1566
1562 1566 1568 1565
1566 1567 1569 1568
1467 1470 1570 1567
1470 1471 1571 1570
1567 1570 1572 1569
1570 1571 1573 1572
1471 1474 1574 1571
1474 1475 1575 1574
1571 1574 1576 1573
1574 1575 1577 1576
1475 1478 1578 1575
1478 1479 1579 1578
1575 1578 1580 1577
1578 1579 1581 1580
1479 1482 1582 1579
1482 1483 1583 1582
1579 1582 1584 1581
1582 1583 1585 1584
1483 1486 1586 1583
1486 1487 1587 1586
1583 1586 1588 1585
1586 1587 1589 1588
1487 1490 1590 1587
1490 1491 1591 1590
1587 1590 1592 1589
1590 1591 1593 1592
1491 1494 1594 1591
1494 1495 1595 1594
1591 1594 1596 1593
1594 1595 1597 1596
1495 1498 1598 1595
1498 1499 1599 1598
1595 1598 1600 1597
1598 1599 1601 1600
1499 1502 1602 1599
1502 1503 1603 1602
1599 1602 1604 1601
1602 1603 1605 1604
1503 1506 1606 1603
1506 1507 1607 1606
1603 1606 1608 1605
1606 1607 1609 1608
1507 1510 1610 1607
1510 1511 1611 1610
1607 1610 1612 1609
1610 1611 1613 1612
1511 1514 1614 1611
1514 1515 1615 1614
1611 1614 1616 1613
1614 1615 1617 1616
1515 1518 1618 1615
1518 1519 1619 1618
1615 1618 1620 1617
1618 1619 1621 1620
1519 1522 1622 1619
1522 1523 1623 1622
1619 1622 1624 1621
1622 1623 1625 1624
1523 1526 1626 1623
1526 1527 1627 1626
1623 1626 1628 1625
1626 1627 1629 1628
1527 1530 1630 1627
1530 1531 1631 1630
1627 1630 1632 1629
1630 1631 1633 1632
1531 1534 1634 1631
1534 1535 1635 1634
1631 1634 1636 1633
1634 1635 1637 1636
1535 1538 1638 1635
1538 1539 1639 1638
1635 1638 1640 1637
1638 1639 1641 1640
1539 1542 1642 1639
1542 1543 1643 1642
1639 1642 1644 1641
1642 1643 1645 1644
1543 1546 1646 1643
1546 1547 1647 1646
1643 1646 1648 1645
1646 1647 1649 1648
1547 1550 1650 1647
1550 1551 1651 1650
1647 1650 1652 1649
1650 1651 1653 1652
1551 1554 1654 1651
1554 1555 1655 1654
1651 1654 1656 1653
1654 1655 1657 1656
1555 1558 1658 1655
1558 1559 1659 1658
1655 1658 1660 1657
1658 1659 1661 1660
1564 1563 1662 1663
1563 1565 1664 1662
1663 1662 1665 1666
1662 1664 1667 1665
1565 1568 1668 1664
1568 1569 1669 1668
1664 1668 1670 1667
1668 1669 1671 1670
1569 1572 1672 1669
1572 1573 1673 1672
1669 1672 1674 1671
1672 1673 1675 1674
1573 1576 1676 1673
1576 1577 1677 1676
1673 1676 1678 1675
1676 1677 1679 1678
1577 1580 1680 1677
1580 1581 1681 1680
1677 1680 1682 1679
1680 1681 1683 1682
1581 1584 1684 1681
1584 1585 1685 1684
1681 1684 1686 1683
1684 1685 1687 1686
1585 1588 1688 1685
1588 1589 1689 1688
1685 1688 1690 1687
1688 1689 1691 1690
1589 1592 1692 1689
1592 1593 1693 1692
1689 1692 1694 1691
1692 1693 1695 1694
1593 1596 1696 1693
1596 1597 1697 1696
1693 1696 1698 1695
1696 1697 1699 1698
1597 1600 1700 1697
1600 1601 1701 1700
1697 1700 1702 1699
1700 1701 1703 1702
1601 1604 1704 1701
1604 1605 1705 1704
1701 1704 1706 1703
1704 1705 1707 1706
1605 1608 1708 1705
1608 1609 1709 1708
1705 1708 1710 1707
1708 1709 1711 1710
1609 1612 1712 1709
1612 1613 1713 1712
1709 1712 1714 1711
1712 1713 1715 1714
1613 1616 1716 1713
1616 1617 1717 1716
1713 1716 1718 1715
1716 1717 1719 1718
1617 1620 1720 1717
1620 1621 1721 1720
1717 1720 1722 1719
1720 1721 1723 1722
1621 1624 1724 1721
1624 1625 1725 1724
1721 1724 1726 1723
1724 1725 1727 1726
1625 1628 1728 1725
1628 1629 1729 1728
1725 1728 1730 1727
1728 1729 1731 1730
1629 1632 1732 1729
1632 1633 1733 1732
1729 1732 1734 1731
1732 1733 1735 1734
1633 1636 1736 1733
1636 1637 1737 1736
1733 1736 1738 1735
1736 1737 1739 1738
1637 1640 1740 1737
1640 1641 1741 1740
1737 1740 1742 1739
1740 1741 1743 1742
1641 1644 1744 1741
1644 1645 1745 1744
1741 1744 1746 1743
1744 1745 1747 1746
1645 1648 1748 1745
1648 1649 1749 1748
1745 1748 1750 1747
1748 1749 1751 1750
1649 1652 1752 1749
1652 1653 1753 1752
1749 1752 1754 1751
1752 1753 1755 1754
1653 1656 1756 1753
1656 1657 1757 1756
1753 1756 1758 1755
1756 1757 1759 1758
1657 1660 1760 1757
1660 1661 1761 1760
1757 1760 1762 1759
1760 1761 1763 1762
1666 1665 1764 1765
1665 1667 1766 1764
1765 1764 1767 1768
1764 1766 1769 1767
1667 1670 1770 1766
1670 1671 1771 1770
1766 1770 1772 1769
1770 1771 1773 1772
1671 1674 1774 1771
1674 1675 1775 1774
1771 1774 1776 1773
1774 1775 1777 1776
1675 1678 1778 1775
1678 1679 1779 1778
1775 1778 1780 1777
1778 1779 1781 1780
1679 1682 1782 1779
1682 1683 1783 1782
1779 1782 1784 1781
1782 1783 1785 1784
1683 1686 1786 1783
1686 1687 1787 1786
1783 1786 1788 1785
1786 1787 1789 1788
1687 1690 1790 1787
1690 1691 1791 1790
1787 1790 1792 1789
1790 1791 1793 1792
1691 1694 1794 1791
1694 1695 1795 1794
1791 1794 1796 1793
1794 1795 1797 1796
1695 1698 1798 1795
1698 1699 1799 1798
1795 1798 1800 1797
1798 1799 1801 1800
1699 1702 1802 1799
1702 1703 1803 1802
1799 1802 1804 1801
1802 1803 1805 1804
1703 1706 1806 1803
1706 1707 1807 1806
1803 1806 1808 1805
1806 1807 1809 1808
1707 1710 1810 1807
1710 1711 1811 1810
1807 1810 1812 1809
1810 1811 1813 1812
1711 1714 1814 1811
1714 1715 1815 1814
1811 1814 1816 1813
1814 1815 1817 1816
1715 1718 1818 1815
1718 1719 1819 1818
1815 1818 1820 1817
1818 1819 1821 1820
1719 1722 1822 1819
1722 1723 1823 1822
1819 1822 1824 1821
1822 1823 1825 1824
1723 1726 1826 1823
1726 1727 1827 1826
1823 1826 1828 1825
1826 1827 1829 1828
1727 1730 1830 1827
1730 1731 1831 1830
1827 1830 1832 1829
1830 1831 1833 1832
1731 1734 1834 1831
1734 1735 1835 1834
1831 1834 1836 1833
1834 1835 1837 1836
1735 1738 1838 1835
1738 1739 1839 1838
1835 1838 1840 1837
1838 1839 1841 1840
1739 1742 1842 1839
1742 1743 1843 1842
1839 1842 1844 1841
1842 1843 1845 1844
1743 1746 1846 1843
1746 1747 1847 1846
1843 1846 1848 1845
1846 1847 1849 1848
1747 1750 1850 1847
1750 1751 1851 1850
1847 1850 1852 1849
1850 1851 1853 1852
1751 1754 1854 1851
1754 1755 1855 1854
1851 1854 1856 1853
1854 1855 1857 1856
1755 1758 1858 1855
1758 1759 1859 1858
1855 1858 1860 1857
1858 1859 1861 1860
1759 1762 1862 1859
1762 1763 1863 1862
1859 1862 1864 1861
1862 1863 1865 1864
1768 1767 1866 1867
1767 1769 1868 1866
1867 1866 1869 1870
1866 1868 1871 1869
1769 1772 1872 1868
1772 1773 1873 1872
1868 1872 1874 1871
1872 1873 1875 1874
1773 1776 1876 1873
1776 1777 1877 1876
1873 1876 1878 1875
1876 1877 1879 1878
1777 1780 1880 1877
1780 1781 1881 1880
1877 1880 1882 1879
1880 1881 1883 1882
1781 1784 1884 1881
1784 1785 1885 1884
1881 1884 1886 1883
1884 1885 1887 1886
1785 1788 1888 1885
1788 1789 1889 1888
1885 1888 1890 1887
1888 1889 1891 1890
1789 1792 1892 1889
1792 1793 1893 1892
1889 1892 1894 1891
1892 1893 1895 1894
1793 1796 1896 1893
1796 1797 1897 1896
1893 1896 1898 1895
1896 1897 1899 1898
1797 1800 1900 1897
1800 1801 1901 1900
1897 1900 1902 1899
1900 1901 1903 1902
1801 1804 1904 1901
1804 1805 1905 1904
1901 1904 1906 1903
1904 1905 1907 1906
1805 1808 1908 1905
1808 1809 1909 1908
1905 1908 1910 1907
1908 1909 1911 1910
1809 1812 1912 1909
1812 1813 1913 1912
1909 1912 1914 1911
1912 1913 1915 1914
1813 1816 1916 1913
1816 1817 1917 1916
1913 1916 1918 1915
1916 1917 1919 1918
1817 1820 1920 1917
1820 1821 1921 1920
1917 1920 1922 1919
1920 1921 1923 1922
1821 1824 1924 1921
1824 1825 1925 1924
1921 1924 1926 1923
1924 1925 1927 1926
1825 1828 1928 1925
1828 1829 1929 1928
1925 1928 1930 1927
1928 1929 1931 1930
1829 1832 1932 1929
1832 1833 1933 1932
1929 1932 1934 1931
1932 1933 1935 1934
1833 1836 1936 1933
1836 1837 1937 1936
1933 1936 1938 1935
1936 1937 1939 1938
1837 1840 1940 1937
1840 1841 1941 1940
1937 1940 1942 1939
1940 1941 1943 1942
1841 1844 1944 1941
1844 1845 1945 1944
1941 1944 1946 1943
1944 1945 1947 1946
1845 1848 1948 1945
1848 1849 1949 1948
1945 1948 1950 1947
1948 1949 1951 1950
1849 1852 1952 1949
1852 1853 1953 1952
1949 1952 1954 1951
1952 1953 1955 1954
1853 1856 1956 1953
1856 1857 1957 1956
1953 1956 1958 1955
1956 1957 1959 1958
1857 1860 1960 1957
1860 1861 1961 1960
1957 1960 1962 1959
1960 1961 1963 1962
1861 1864 1964 1961
1864 1865 1965 1964
1961 1964 1966 1963
1964 1965 1967 1966
1870 1869 1968 1969
1869 1871 1970 1968
1969 1968 1971 1972
1968 1970 1973 1971
1871 1874 1974 1970
1874 1875 1975 1974
1970 1974 1976 1973
1974 1975 1977 1976
1875 1878 1978 1975
1878 1879 1979 1978
1975 1978 1980 1977
1978 1979 1981 1980
1879 1882 1982 1979
1882 1883 1983 1982
1979 1982 1984 1981
1982 1983 1985 1984
1883 1886 1986 1983
1886 1887 1987 1986
1983 1986 1988 1985
1986 1987 1989 1988
1887 1890 1990 1987
1890 1891 1991 1990
1987 1990 1992 1989
1990 1991 1993 1992
1891 1894 1994 1991
1894 1895 1995 1994
1991 1994 1996 1993
1994 1995 1997 1996
1895 1898 1998 1995
1898 1899 1999 1998
1995 1998 2000 1997
1998 1999 2001 2000
1899 1902 2002 1999
1902 1903 2003 2002
1999 2002 2004 2001
2002 2003 2005 2004
1903 1906 2006 2003
1906 1907 2007 2006
2003 2006 2008 2005
2006 2007 2009 2008
1907 1910 2010 2007
1910 1911 2011 2010
2007 2010 2012 2009
2010 2011 2013 2012
1911 1914 2014 2011
1914 1915 2015 2014
2011 2014 2016 2013
2014 2015 2017 2016
1915 1918 2018 2015
1918 1919 2019 2018
2015 2018 2020 2017
2018 2019 2021 2020
1919 1922 2022 2019
1922 1923 2023 2022
2019 2022 2024 2021
2022 2023 2025 2024
1923 1926 2026 2023
1926 1927 2027 2026
2023 2026 2028 2025
2026 2027 2029 2028
1927 1930 2030 2027
1930 1931 2031 2030
2027 2030 2032 2029
2030 2031 2033 2032
1931 1934 2034 2031
1934 1935 2035 2034
2031 2034 2036 2033
2034 2035 2037 2036
1935 1938 2038 2035
1938 1939 2039 2038
2035 2038 2040 2037
2038 2039 2041 2040
1939 1942 2042 2039
1942 1943 2043 2042
2039 2042 2044 2041
2042 2043 2045 2044
1943 1946 2046 2043
1946 1947 2047 2046
2043 2046 2048 2045
2046 2047 2049 2048
1947 1950 2050 2047
1950 1951 2051 2050
2047 2050 2052 2049
2050 2051 2053 2052
1951 1954 2054 2051
1954 1955 2055 2054
2051 2054 2056 2053
2054 2055 2057 2056
1955 1958 2058 2055
1958 1959 2059 2058
2055 2058 2060 2057
2058 2059 2061 2060
1959 1962 2062 2059
1962 1963 2063 2062
2059 2062 2064 2061
2062 2063 2065 2064
1963 1966 2066 2063
1966 1967 2067 2066
2063 2066 2068 2065
2066 2067 2069 2068
1972 1971 2070 2071
1971 1973 2072 2070
2071 2070 2073 2074
2070 2072 2075 2073
1973 1976 2076 2072
1976 1977 2077 2076
2072 2076 2078 2075
2076 2077 2079 2078
1977 1980 2080 2077
1980 1981 2081 2080
2077 2080 2082 2079
2080 2081 2083 2082
1981 1984 2084 2081
1984 1985 2085 2084
2081 2084 2086 2083
2084 2085 2087 2086
1985 1988 2088 2085
1988 1989 2089 2088
2085 2088 2090 2087
2088 2089 2091 2090
1989 1992 2092 2089
1992 1993 2093 2092
2089 2092 2094 2091
2092 2093 2095 2094
1993 1996 2096 2093
1996 1997 2097 2096
2093 2096 2098 2095
2096 2097 2099 2098
1997 2000 2100 2097
2000 2001 2101 2100
2097 2100 2102 2099
2100 2101 2103 2102
2001 2004 2104 2101
2004 2005 2105 2104
2101 2104 2106 2103
2104 2105 2107 2106
2005 2008 2108 2105
2008 2009 2109 2108
2105 2108 2110 2107
2108 2109 2111 2110
2009 2012 2112 2109
2012 2013 2113 2112
2109 2112 2114 2111
2112 2113 2115 2114
2013 2016 2116 2113
2016 2017 2117 2116
2113 2116 2118 2115
2116 2117 2119 2118
2017 2020 2120 2117
2020 2021 2121 2120
2117 2120 2122 2119
2120 2121 2123 2122
2021 2024 2124 2121
2024 2025 2125 2124
2121 2124 2126 2123
2124 2125 2127 2126
2025 2028 2128 2125
2028 2029 2129 2128
2125 2128 2130 2127
2128 2129 2131 2130
2029 2032 2132 2129
2032 2033 2133 2132
2129 2132 2134 2131
2132 2133 2135 2134
2033 2036 2136 2133
2036 2037 2137 2136
2133 2136 2138 2135
2136 2137 2139 2138
2037 2040 2140 2137
2040 2041 2141 2140
2137 2140 2142 2139
2140 2141 2143 2142
2041 2044 2144 2141
2044 2045 2145 2144
2141 2144 2146 2143
2144 2145 2147 2146
2045 2048 2148 2145
2048 2049 2149 2148
2145 2148 2150 2147
2148 2149 2151 2150
2049 2052 2152 2149
2052 2053 2153 2152
2149 2152 2154 2151
2152 2153 2155 2154
2053 2056 2156 2153
2056 2057 2157 2156
2153 2156 2158 2155
2156 2157 2159 2158
2057 2060 2160 2157
2060 2061 2161 2160
2157 2160 2162 2159
2160 2161 2163 2162
2061 2064 2164 2161
2064 2065 2165 2164
2161 2164 2166 2163
2164 2165 2167 2166
2065 2068 2168 2165
2068 2069 2169 2168
2165 2168 2170 2167
2168 2169 2171 2170
2074 2073 2172 2173
2073 2075 2174 2172
2173 2172 2175 2176
2172 2174 2177 2175
2075 2078 2178 2174
2078 2079 2179 2178
2174 2178 2180 2177
2178 2179 2181 2180
2079 2082 2182 2179
2082 2083 2183 2182
2179 2182 2184 2181
2182 2183 2185 2184
2083 2086 2186 2183
2086 2087 2187 2186
2183 2186 2188 2185
2186 2187 2189 2188
2087 2090 2190 2187
2090 2091 2191 2190
2187 2190 2192 2189
2190 2191 2193 2192
2091 2094 2194 2191
2094 2095 2195 2194
2191 2194 2196 2193
2194 2195 2197 2196
2095 2098 2198 2195
2098 2099 2199 2198
2195 2198 2200 2197
2198 2199 2201 2200
2099 2102 2202 2199
2102 2103 2203 2202
2199 2202 2204 2201
2202 2203 2205 2204
2103 2106 2206 2203
2106 2107 2207 2206
2203 2206 2208 2205
2206 2207 2209 2208
2107 2110 2210 2207
2110 2111 2211 2210
2207 2210 2212 2209
2210 2211 2213 2212
2111 2114 2214 2211
2114 2115 2215 2214
2211 2214 2216 2213
2214 2215 2217 2216
2115 2118 2218 2215
2118 2119 2219 2218
2215 2218 2220 2217
2218 2219 2221 2220
2119 2122 2222 2219
2122 2123 2223 2222
2219 2222 2224 2221
2222 2223 2225 2224
2123 2126 2226 2223
2126 2127 2227 2226
2223 2226 2228 2225
2226 2227 2229 2228
2127 2130 2230 2227
2130 2131 2231 2230
2227 2230 2232 2229
2230 2231 2233 2232
2131 2134 2234 2231
2134 2135 2235 2234
2231 2234 2236 2233
2234 2235 2237 2236
2135 2138 2238 2235
2138 2139 2239 2238
2235 2238 2240 2237
2238 2239 2241 2240
2139 2142 2242 2239
2142 2143 2243 2242
2239 2242 2244 2241
2242 2243 2245 2244
2143 2146 2246 2243
2146 2147 2247 2246
2243 2246 2248 2245
2246 2247 2249 2248
2147 2150 2250 2247
2150 2151 2251 2250
2247 2250 2252 2249
2250 2251 2253 2252
2151 2154 2254 2251
2154 2155 2255 2254
2251 2254 2256 2253
2254 2255 2257 2256
2155 2158 2258 2255
2158 2159 2259 2258
2255 2258 2260 2257
2258 2259 2261 2260
2159 2162 2262 2259
2162 2163 2263 2262
2259 2262 2264 2261
2262 2263 2265 2264
2163 2166 2266 2263
2166 2167 2267 2266
2263 2266 2268 2265
2266 2267 2269 2268
2167 2170 2270 2267
2170 2171 2271 2270
2267 2270 2272 2269
2270 2271 2273 2272
2176 2175 2274 2275
2175 2177 2276 2274
2275 2274 2277 2278
2274 2276 2279 2277
2177 2180 2280 2276
2180 2181 2281 2280
2276 2280 2282 2279
2280 2281 2283 2282
2181 2184 2284 2281
2184 2185 2285 2284
2281 2284 2286 2283
2284 2285 2287 2286
2185 2188 2288 2285
2188 2189 2289 2288
2285 2288 2290 2287
2288 2289 2291 2290
2189 2192 2292 2289
2192 2193 2293 2292
2289 2292 2294 2291
2292 2293 2295 2294
2193 2196 2296 2293
2196 2197 2297 2296
2293 2296 2298 2295
2296 2297 2299 2298
2197 2200 2300 2297
2200 2201 2301 2300
2297 2300 2302 2299
2300 2301 2303 2302
2201 2204 2304 2301
2204 2205 2305 2304
2301 2304 2306 2303
2304 2305 2307 2306
2205 2208 2308 2305
2208 2209 2309 2308
2305 2308 2310 2307
2308 2309 2311 2310
2209 2212 2312 2309
2212 2213 2313 2312
2309 2312 2314 2311
2312 2313 2315 2314
2213 2216 2316 2313
2216 2217 2317 2316
2313 2316 2318 2315
2316 2317 2319 2318
2217 2220 2320 2317
2220 2221 2321 2320
2317 2320 2322 2319
2320 2321 2323 2322
2221 2224 2324 2321
2224 2225 2325 2324
2321 2324 2326 2323
2324 2325 2327 2326
2225 2228 2328 2325
2228 2229 2329 2328
2325 2328 2330 2327
2328 2329 2331 2330
2229 2232 2332 2329
2232 2233 2333 2332
2329 2332 2334 2331
2332 2333 2335 2334
2233 2236 2336 2333
2236 2237 2337 2336
2333 2336 2338 2335
2336 2337 2339 2338
2237 2240 2340 2337
2240 2241 2341 2340
2337 2340 2342 2339
2340 2341 2343 2342
2241 2244 2344 2341
2244 2245 2345 2344
2341 2344 2346 2343
2344 2345 2347 2346
2245 2248 2348 2345
2248 2249 2349 2348
2345 2348 2350 2347
2348 2349 2351 2350
2249 2252 2352 2349
2252 2253 2353 2352
2349 2352 2354 2351
2352 2353 2355 2354
2253 2256 2356 2353
2256 2257 2357 2356
2353 2356 2358 2355
2356 2357 2359 2358
2257 2260 2360 2357
2260 2261 2361 2360
2357 2360 2362 2359
2360 2361 2363 2362
2261 2264 2364 2361
2264 2265 2365 2364
2361 2364 2366 2363
2364 2365 2367 2366
2265 2268 2368 2365
2268 2269 2369 2368
2365 2368 2370 2367
2368 2369 2371 2370
2269 2272 2372 2369
2272 2273 2373 2372
2369 2372 2374 2371
2372 2373 2375 2374
2278 2277 2376 2377
2277 2279 2378 2376
2377 2376 2379 2380
2376 2378 2381 2379
2279 2282 2382 2378
2282 2283 2383 2382
2378 2382 2384 2381
2382 2383 2385 2384
2283 2286 2386 2383
2286 2287 2387 2386
2383 2386 2388 2385
2386 2387 2389 2388
2287 2290 2390 2387
2290 2291 2391 2390
2387 2390 2392 2389
2390 2391 2393 2392
2291 2294 2394 2391
2294 2295 2395 2394
2391 2394 2396 2393
2394 2395 2397 2396
2295 2298 2398 2395
2298 2299 2399 2398
2395 2398 2400 2397
2398 2399 2401 2400
2299 2302 2402 2399
2302 2303 2403 2402
2399 2402 2404 2401
2402 2403 2405 2404
2303 2306 2406 2403
2306 2307 2407 2406
2403 2406 2408 2405
2406 2407 2409 2408
2307 2310 2410 2407
2310 2311 2411 2410
2407 2410 2412 2409
2410 2411 2413 2412
2311 2314 2414 2411
2314 2315 2415 2414
2411 2414 2416 2413
2414 2415 2417 2416
2315 2318 2418 2415
2318 2319 2419 2418
2415 2418 2420 2417
2418 2419 2421 2420
2319 2322 2422 2419
2322 2323 2423 2422
2419 2422 2424 2421
2422 2423 2425 2424
2323 2326 2426 2423
2326 2327 2427 2426
2423 2426 2428 2425
2426 2427 2429 2428
2327 2330 2430 2427
2330 2331 2431 2430
2427 2430 2432 2429
2430 2431 2433 2432
2331 2334 2434 2431
2334 2335 2435 2434
2431 2434 2436 2433
2434 2435 2437 2436
2335 2338 2438 2435
2338 2339 2439 2438
2435 2438 2440 2437
2438 2439 2441 2440
2339 2342 2442 2439
2342 2343 2443 2442
2439 2442 2444 2441
2442 2443 2445 2444
2343 2346 2446 2443
2346 2347 2447 2446
2443 2446 2448 2445
2446 2447 2449 2448
2347 2350 2450 2447
2350 2351 2451 2450
2447 2450 2452 2449
2450 2451 2453 2452
2351 2354 2454 2451
2354 2355 2455 2454
2451 2454 2456 2453
2454 2455 2457 2456
2355 2358 2458 2455
2358 2359 2459 2458
2455 2458 2460 2457
2458 2459 2461 2460
2359 2362 2462 2459
2362 2363 2463 2462
2459 2462 2464 2461
2462 2463 2465 2464
2363 2366 2466 2463
2366 2367 2467 2466
2463 2466 2468 2465
2466 2467 2469 2468
2367 2370 2470 2467
2370 2371 2471 2470
2467 2470 2472 2469
2470 2471 2473 2472
2371 2374 2474 2471
2374 2375 2475 2474
2471 2474 2476 2473
2474 2475 2477 2476
2380 2379 2478 2479
2379 2381 2480 2478
2479 2478 2481 2482
2478 2480 2483 2481
2381 2384 2484 2480
2384 2385 2485 2484
2480 2484 2486 2483
2484 2485 2487 2486
2385 2388 2488 2485
2388 2389 2489 2488
2485 2488 2490 2487
2488 2489 2491 2490
2389 2392 2492 2489
2392 2393 2493 2492
2489 2492 2494 2491
2492 2493 2495 2494
2393 2396 2496 2493
2396 2397 2497 2496
2493 2496 2498 2495
2496 2497 2499 2498
2397 2400 2500 2497
2400 2401 2501 2500
2497 2500 2502 2499
2500 2501 2503 2502
2401 2404 2504 2501
2404 2405 2505 2504
2501 2504 2506 2503
2504 2505 2507 2506
2405 2408 2508 2505
2408 2409 2509 2508
2505 2508 2510 2507
2508 2509 2511 2510
2409 2412 2512 2509
2412 2413 2513 2512
2509 2512 2514 2511
2512 2513 2515 2514
2413 2416 2516 2513
2416 2417 2517 2516
2513 2516 2518 2515
2516 2517 2519 2518
2417 2420 2520 2517
2420 2421 2521 2520
2517 2520 2522 2519
2520 2521 2523 2522
2421 2424 2524 2521
2424 2425 2525 2524
2521 2524 2526 2523
2524 2525 2527 2526
2425 2428 2528 2525
2428 2429 2529 2528
2525 2528 2530 2527
2528 2529 2531 2530
2429 2432 2532 2529
2432 2433 2533 2532
2529 2532 2534 2531
2532 2533 2535 2534
2433 2436 2536 2533
2436 2437 2537 2536
2533 2536 2538 2535
2536 2537 2539 2538
2437 2440 2540 2537
2440 2441 2541 2540
2537 2540 2542 2539
2540 2541 2543 2542
2441 2444 2544 2541
2444 2445 2545 2544
2541 2544 2546 2543
2544 2545 2547 2546
2445 2448 2548 2545
2448 2449 2549 2548
2545 2548 2550 2547
2548 2549 2551 2550
2449 2452 2552 2549
2452 2453 2553 2552
2549 2552 2554 2551
2552 2553 2555 2554
2453 2456 2556 2553
2456 2457 2557 2556
2553 2556 2558 2555
2556 2557 2559 2558
2457 2460 2560 2557
2460 2461 2561 2560
2557 2560 2562 2559
2560 2561 2563 2562
2461 2464 2564 2561
2464 2465 2565 2564
2561 2564 2566 2563
2564 2565 2567 2566
2465 2468 2568 2565
2468 2469 2569 2568
2565 2568 2570 2567
2568 2569 2571 2570
2469 2472 2572 2569
2472 2473 2573 2572
2569 2572 2574 2571
2572 2573 2575 2574
2473 2476 2576 2573
2476 2477 2577 2576
2573 2576 2578 2575
2576 2577 2579 2578
1177 2580 2581 2582
2580 1176 2583 2581
1176 2584 2585 2583
2584 1178 2586 2585
2587 2588 2589 1335
2588 2590 1336 2589
2590 2591 2592 1336
2591 2593 1339 2592
1178 2594 2595 2586
2594 1181 2596 2595
1181 2597 2598 2596
2597 1182 2599 2598
2593 2600 2601 1339
2600 2602 1344 2601
2602 2603 2604 1344
2603 2605 1346 2604
1182 2606 2607 2599
2606 1185 2608 2607
1185 2609 2610 2608
2609 1186 2611 2610
2605 2612 2613 1346
2612 2614 1350 2613
2614 2615 2616 1350
2615 2617 1352 2616
1186 2618 2619 2611
2618 1189 2620 2619
1189 2621 2622 2620
2621 1190 2623 2622
2617 2624 2625 1352
2624 2626 1356 2625
2626 2627 2628 1356
2627 2629 1358 2628
1190 2630 2631 2623
2630 1193 2632 2631
1193 2633 2634 2632
2633 1194 2635 2634
2629 2636 2637 1358
2636 2638 1362 2637
2638 2639 2640 1362
2639 2641 1364 2640
1194 2642 2643 2635
2642 1197 2644 2643
1197 2645 2646 2644
2645 1198 2647 2646
2641 2648 2649 1364
2648 2650 1368 2649
2650 2651 2652 1368
2651 2653 1370 2652
1198 2654 2655 2647
2654 1201 2656 2655
1201 2657 2658 2656
2657 1202 2659 2658
2653 2660 2661 1370
2660 2662 1374 2661
2662 2663 2664 1374
2663 2665 1376 2664
1202 2666 2667 2659
2666 1205 2668 2667
1205 2669 2670 2668
2669 1206 2671 2670
2665 2672 2673 1376
2672 2674 1380 2673
2674 2675 2676 1380
2675 2677 1382 2676
1206 2678 2679 2671
2678 1209 2680 2679
1209 2681 2682 2680
2681 1210 2683 2682
2677 2684 2685 1382
2684 2686 1386 2685
2686 2687 2688 1386
2687 2689 1388 2688
1210 2690 2691 2683
2690 1213 2692 2691
1213 2693 2694 2692
2693 1214 2695 2694
2689 2696 2697 1388
2696 2698 1392 2697
2698 2699 2700 1392
2699 2701 1394 2700
1214 2702 2703 2695
2702 1217 2704 2703
2703 2704 1276 2705
2705 1276 2706 2707
2701 2707 2708 1394
2707 2706 1278 2708
2582 2709 2710 2711
2709 2581 2712 2710
2711 2710 2713 2714
2710 2712 2715 2713
2581 2716 2717 2712
2716 2583 2718 2717
2712 2717 2719 2715
2717 2718 2720 2719
2583 2721 2722 2718
2721 2585 2723 2722
2718 2722 2724 2720
2722 2723 2725 2724
2585 2726 2727 2723
2726 2586 2728 2727
2723 2727 2729 2725
2727 2728 2730 2729
2714 2713 2731 2732
2713 2715 2733 2731
2732 2731 2734 2587
2731 2733 2588 2734
2715 2719 2735 2733
2719 2720 2736 2735
2733 2735 2737 2588
2735 2736 2590 2737
2720 2724 2738 2736
2724 2725 2739 2738
2736 2738 2740 2590
2738 2739 2591 2740
2725 2729 2741 2739
2729 2730 2742 2741
2739 2741 2743 2591
2741 2742 2593 2743
2586 2744 2745 2728
2744 2595 2746 2745
2728 2745 2747 2730
2745 2746 2748 2747
2595 2749 2750 2746
2749 2596 2751 2750
2746 2750 2752 2748
2750 2751 2753 2752
2596 2754 2755 2751
2754 2598 2756 2755
2751 2755 2757 2753
2755 2756 2758 2757
2598 2759 2760 2756
2759 2599 2761 2760
2756 2760 2762 2758
2760 2761 2763 2762
2730 2747 2764 2742
2747 2748 2765 2764
2742 2764 2766 2593
2764 2765 2600 2766
2748 2752 2767 2765
2752 2753 2768 2767
2765 2767 2769 2600
2767 2768 2602 2769
2753 2757 2770 2768
2757 2758 2771 2770
2768 2770 2772 2602
2770 2771 2603 2772
2758 2762 2773 2771
2762 2763 2774 2773
2771 2773 2775 2603
2773 2774 2605 2775
2599 2776 2777 2761
2776 2607 2778 2777
2761 2777 2779 2763
2777 2778 2780 2779
2607 2781 2782 2778
2781 2608 2783 2782
2778 2782 2784 2780
2782 2783 2785 2784
2608 2786 2787 2783
2786 2610 2788 2787
2783 2787 2789 2785
2787 2788 2790 2789
2610 2791 2792 2788
2791 2611 2793 2792
2788 2792 2794 2790
2792 2793 2795 2794
2763 2779 2796 2774
2779 2780 2797 2796
2774 2796 2798 2605
2796 2797 2612 2798
2780 2784 2799 2797
2784 2785 2800 2799
2797 2799 2801 2612
2799 2800 2614 2801
2785 2789 2802 2800
2789 2790 2803 2802
2800 2802 2804 2614
2802 2803 2615 2804
2790 2794 2805 2803
2794 2795 2806 2805
2803 2805 2807 2615
2805 2806 2617 2807
2611 2808 2809 2793
2808 2619 2810 2809
2793 2809 2811 2795
2809 2810 2812 2811
2619 2813 2814 2810
2813 2620 2815 2814
2810 2814 2816 2812
2814 2815 2817 2816
2620 2818 2819 2815
2818 2622 2820 2819
2815 2819 2821 2817
2819 2820 2822 2821
2622 2823 2824 2820
2823 2623 2825 2824
2820 2824 2826 2822
2824 2825 2827 2826
2795 2811 2828 2806
2811 2812 2829 2828
2806 2828 2830 2617
2828 2829 2624 2830
2812 2816 2831 2829
2816 2817 2832 2831
2829 2831 2833 2624
2831 2832 2626 2833
2817 2821 2834 2832
2821 2822 2835 2834
2832 2834 2836 2626
2834 2835 2627 2836
2822 2826 2837 2835
2826 2827 2838 2837
2835 2837 2839 2627
2837 2838 2629 2839
2623 2840 2841 2825
2840 2631 2842 2841
2825 2841 2843 2827
2841 2842 2844 2843
2631 2845 2846 2842
2845 2632 2847 2846
2842 2846 2848 2844
2846 2847 2849 2848
2632 2850 2851 2847
2850 2634 2852 2851
2847 2851 2853 2849
2851 2852 2854 2853
2634 2855 2856 2852
2855 2635 2857 2856
2852 2856 2858 2854
2856 2857 2859 2858
2827 2843 2860 2838
2843 2844 2861 2860
2838 2860 2862 2629
2860 2861 2636 2862
2844 2848 2863 2861
2848 2849 2864 2863
2861 2863 2865 2636
2863 2864 2638 2865
2849 2853 2866 2864
2853 2854 2867 2866
2864 2866 2868 2638
2866 2867 2639 2868
2854 2858 2869 2867
2858 2859 2870 2869
2867 2869 2871 2639
2869 2870 2641 2871
2635 2872 2873 2857
2872 2643 2874 2873
2857 2873 2875 2859
2873 2874 2876 2875
2643 2877 2878 2874
2877 2644 2879 2878
2874 2878 2880 2876
2878 2879 2881 2880
2644 2882 2883 2879
2882 2646 2884 2883
2879 2883 2885 2881
2883 2884 2886 2885
2646 2887 2888 2884
2887 2647 2889 2888
2884 2888 2890 2886
2888 2889 2891 2890
2859 2875 2892 2870
2875 2876 2893 2892
2870 2892 2894 2641
2892 2893 2648 2894
2876 2880 2895 2893
2880 2881 2896 2895
2893 2895 2897 2648
2895 2896 2650 2897
2881 2885 2898 2896
2885 2886 2899 2898
2896 2898 2900 2650
2898 2899 2651 2900
2886 2890 2901 2899
2890 2891 2902 2901
2899 2901 2903 2651
2901 2902 2653 2903
2647 2904 2905 2889
2904 2655 2906 2905
2889 2905 2907 2891
2905 2906 2908 2907
2655 2909 2910 2906
2909 2656 2911 2910
2906 2910 2912 2908
2910 2911 2913 2912
2656 2914 2915 2911
2914 2658 2916 2915
2911 2915 2917 2913
2915 2916 2918 2917
2658 2919 2920 2916
2919 2659 2921 2920
2916 2920 2922 2918
2920 2921 2923 2922
2891 2907 2924 2902
2907 2908 2925 2924
2902 2924 2926 2653
2924 2925 2660 2926
2908 2912 2927 2925
2912 2913 2928 2927
2925 2927 2929 2660
2927 2928 2662 2929
2913 2917 2930 2928
2917 2918 2931 2930
2928 2930 2932 2662
2930 2931 2663 2932
2918 2922 2933 2931
2922 2923 2934 2933
2931 2933 2935 2663
2933 2934 2665 2935
2659 2936 2937 2921
2936 2667 2938 2937
2921 2937 2939 2923
2937 2938 2940 2939
2667 2941 2942 2938
2941 2668 2943 2942
2938 2942 2944 2940
2942 2943 2945 2944
2668 2946 2947 2943
2946 2670 2948 2947
2943 2947 2949 2945
2947 2948 2950 2949
2670 2951 2952 2948
2951 2671 2953 2952
2948 2952 2954 2950
2952 2953 2955 2954
2923 2939 2956 2934
2939 2940 2957 2956
2934 2956 2958 2665
2956 2957 2672 2958
2940 2944 2959 2957
2944 2945 2960 2959
2957 2959 2961 2672
2959 2960 2674 2961
2945 2949 2962 2960
2949 2950 2963 2962
2960 2962 2964 2674
2962 2963 2675 2964
2950 2954 2965 2963
2954 2955 2966 2965
2963 2965 2967 2675
2965 2966 2677 2967
2671 2968 2969 2953
2968 2679 2970 2969
2953 2969 2971 2955
2969 2970 2972 2971
2679 2973 2974 2970
2973 2680 2975 2974
2970 2974 2976 2972
2974 2975 2977 2976
2680 2978 2979 2975
2978 2682 2980 2979
2975 2979 2981 2977
2979 2980 2982 2981
2682 2983 2984 2980
2983 2683 2985 2984
2980 2984 2986 2982
2984 2985 2987 2986
2955 2971 2988 2966
2971 2972 2989 2988
2966 2988 2990 2677
2988 2989 2684 2990
2972 2976 2991 2989
2976 2977 2992 2991
2989 2991 2993 2684
2991 2992 2686 2993
2977 2981 2994 2992
2981 2982 2995 2994
2992 2994 2996 2686
2994 2995 2687 2996
2982 2986 2997 2995
2986 2987 2998 2997
2995 2997 2999 2687
2997 2998 2689 2999
2683 3000 3001 2985
3000 2691 3002 3001
2985 3001 3003 2987
3001 3002 3004 3003
2691 3005 3006 3002
3005 2692 3007 3006
3002 3006 3008 3004
3006 3007 3009 3008
2692 3010 3011 3007
3010 2694 3012 3011
3007 3011 3013 3009
3011 3012 3014 3013
2694 3015 3016 3012
3015 2695 3017 3016
3012 3016 3018 3014
3016 3017 3019 3018
2987 3003 3020 2998
3003 3004 3021 3020
2998 3020 3022 2689
3020 3021 2696 3022
3004 3008 3023 3021
3008 3009 3024 3023
3021 3023 3025 2696
3023 3024 2698 3025
3009 3013 3026 3024
3013 3014 3027 3026
3024 3026 3028 2698
3026 3027 2699 3028
3014 3018 3029 3027
3018 3019 3030 3029
3027 3029 3031 2699
3029 3030 2701 3031
2695 3032 3033 3017
3032 2703 3034 3033
3017 3033 3035 3019
3033 3034 2705 3035
3019 3035 3036 3030
3035 2705 3037 3036
3030 3036 3038 2701
3036 3037 2707 3038
</DataArray>
<DataArray type="Int32" Name="offsets" NumberOfComponents="1" format="ascii">
4
8
12
16
20
24
28
32
36
40
44
48
52
56
60
64
68
72
76
80
84
88
92
96
100
104
108
112
116
120
124
128
132
136
140
144
148
152
156
160
164
168
172
176
180
184
188
192
196
200
204
208
212
216
220
224
228
232
236
240
244
248
252
256
260
264
268
272
276
280
284
288
292
296
300
304
308
312
316
320
324
328
332
336
340
344
348
352
356
360
364
368
372
376
380
384
388
392
396
400
404
408
412
416
420
424
428
432
436
440
444
448
452
456
460
464
468
472
476
480
484
488
492
496
500
504
508
512
516
520
524
528
532
536
540
544
548
552
556
560
564
568
572
576
580
584
588
592
596
600
604
608
612
616
620
624
628
632
636
640
644
648
652
656
660
664
668
672
676
680
684
688
692
696
700
704
708
712
716
720
724
728
732
736
740
744
748
752
756
760
764
768
772
776
780
784
788
792
796
800
804
808
812
816
820
824
828
832
836
840
844
848
852
856
860
864
868
872
876
880
884
888
892
896
900
904
908
912
916
920
924
928
932
936
940
944
948
952
956
960
964
968
972
976
980
984
988
992
996
1000
1004
1008
1012
1016
1020
1024
1028
1032
1036
1040
1044
1048
1052
1056
1060
1064
1068
1072
1076
1080
1084
1088
1092
1096
1100
1104
1108
1112
1116
1120
1124
1128
1132
1136
1140
1144
1148
1152
1156
1160
1164
1168
1172
1176
1180
1184
1188
1192
1196
1200
1204
1208
1212
1216
1220
1224
1228
1232
1236
1240
1244
1248
1252
1256
1260
1264
1268
1272
1276
1280
1284
1288
1292
1296
1300
1304
1308
1312
1316
1320
1324
1328
1332
1336
1340
1344
1348
1352
1356
1360
1364
1368
1372
1376
1380
1384
1388
1392
1396
1400
1404
1408
1412
1416
1420
1424
1428
1432
1436
1440
1444
1448
1452
1456
1460
1464
1468
1472
1476
1480
1484
1488
1492
1496
1500
1504
1508
1512
1516
1520
1524
1528
1532
1536
1540
1544
1548
1552
1556
1560
1564
1568
1572
1576
1580
1584
1588
1592
1596
1600
1604
1608
1612
1616
1620
1624
1628
1632
1636
1640
1644
1648
1652
1656
1660
1664
1668
1672
1676
1680
1684
1688
1692
1696
1700
1704
1708
1712
1716
1720
1724
1728
1732
1736
1740
1744
1748
1752
1756
1760
1764
1768
1772
1776
1780
1784
1788
1792
1796
1800
1804
1808
1812
1816
1820
1824
1828
1832
1836
1840
1844
1848
1852
1856
1860
1864
1868
1872
1876
1880
1884
1888
1892
1896
1900
1904
1908
1912
1916
1920
1924
1928
1932
1936
1940
1944
1948
1952
1956
1960
1964
1968
1972
1976
1980
1984
1988
1992
1996
2000
2004
2008
2012
2016
2020
2024
2028
2032
2036
2040
2044
2048
2052
2056
2060
2064
2068
2072
2076
2080
2084
2088
2092
2096
2100
2104
2108
2112
2116
2120
2124
2128
2132
2136
2140
2144
2148
2152
2156
2160
2164
2168
2172
2176
2180
2184
2188
2192
2196
2200
2204
2208
2212
2216
2220
2224
2228
2232
2236
2240
2244
2248
2252
2256
2260
2264
2268
2272
2276
2280
2284
2288
2292
2296
2300
2304
2308
2312
2316
2320
2324
2328
2332
2336
2340
2344
2348
2352
2356
2360
2364
2368
2372
2376
2380
2384
2388
2392
2396
2400
2404
2408
2412
2416
2420
2424
2428
2432
2436
2440
2444
2448
2452
2456
2460
2464
2468
2472
2476
2480
2484
2488
2492
2496
2500
2504
2508
2512
2516
2520
2524
2528
2532
2536
2540
2544
2548
2552
2556
2560
2564
2568
2572
2576
2580
2584
2588
2592
2596
2600
2604
2608
2612
2616
2620
2624
2628
2632
2636
2640
2644
2648
2652
2656
2660
2664
2668
2672
2676
2680
2684
2688
2692
2696
2700
2704
2708
2712
2716
2720
2724
2728
2732
2736
2740
2744
2748
2752
2756
2760
2764
2768
2772
2776
2780
2784
2788
2792
2796
2800
2804
2808
2812
2816
2820
2824
2828
2832
2836
2840
2844
2848
2852
2856
2860
2864
2868
2872
2876
2880
2884
2888
2892
2896
2900
2904
2908
2912
2916
2920
2924
2928
2932
2936
2940
2944
2948
2952
2956
2960
2964
2968
2972
2976
2980
2984
2988
2992
2996
3000
3004
3008
3012
3016
3020
3024
3028
3032
3036
3040
3044
3048
3052
3056
3060
3064
3068
3072
3076
3080
3084
3088
3092
3096
3100
3104
3108
3112
3116
3120
3124
3128
3132
3136
3140
3144
3148
3152
3156
3160
3164
3168
3172
3176
3180
3184
3188
3192
3196
3200
3204
3208
3212
3216
3220
3224
3228
3232
3236
3240
3244
3248
3252
3256
3260
3264
3268
3272
3276
3280
3284
3288
3292
3296
3300
3304
3308
3312
3316
3320
3324
3328
3332
3336
3340
3344
3348
3352
3356
3360
3364
3368
3372
3376
3380
3384
3388
3392
3396
3400
3404
3408
3412
3416
3420
3424
3428
3432
3436
3440
3444
3448
3452
3456
3460
3464
3468
3472
3476
3480
3484
3488
3492
3496
3500
3504
3508
3512
3516
3520
3524
3528
3532
3536
3540
3544
3548
3552
3556
3560
3564
3568
3572
3576
3580
3584
3588
3592
3596
3600
3604
3608
3612
3616
3620
3624
3628
3632
3636
3640
3644
3648
3652
3656
3660
3664
3668
3672
3676
3680
3684
3688
3692
3696
3700
3704
3708
3712
3716
3720
3724
3728
3732
3736
3740
3744
3748
3752
3756
3760
3764
3768
3772
3776
3780
3784
3788
3792
3796
3800
3804
3808
3812
3816
3820
3824
3828
3832
3836
3840
3844
3848
3852
3856
3860
3864
3868
3872
3876
3880
3884
3888
3892
3896
3900
3904
3908
3912
3916
3920
3924
3928
3932
3936
3940
3944
3948
3952
3956
3960
3964
3968
3972
3976
3980
3984
3988
3992
3996
4000
4004
4008
4012
4016
4020
4024
4028
4032
4036
4040
4044
4048
4052
4056
4060
4064
4068
4072
4076
4080
4084
4088
4092
4096
4100
4104
4108
4112
4116
4120
4124
4128
4132
4136
4140
4144
4148
4152
4156
4160
4164
4168
4172
4176
4180
4184
4188
4192
4196
4200
4204
4208
4212
4216
4220
4224
4228
4232
4236
4240
4244
4248
4252
4256
4260
4264
4268
4272
4276
4280
4284
4288
4292
4296
4300
4304
4308
4312
4316
4320
4324
4328
4332
4336
4340
4344
4348
4352
4356
4360
4364
4368
4372
4376
4380
4384
4388
4392
4396
4400
4404
4408
4412
4416
4420
4424
4428
4432
4436
4440
4444
4448
4452
4456
4460
4464
4468
4472
4476
4480
4484
4488
4492
4496
4500
4504
4508
4512
4516
4520
4524
4528
4532
4536
4540
4544
4548
4552
4556
4560
4564
4568
4572
4576
4580
4584
4588
4592
4596
4600
4604
4608
4612
4616
4620
4624
4628
4632
4636
4640
4644
4648
4652
4656
4660
4664
4668
4672
4676
4680
4684
4688
4692
4696
4700
4704
4708
4712
4716
4720
4724
4728
4732
4736
4740
4744
4748
4752
4756
4760
4764
4768
4772
4776
4780
4784
4788
4792
4796
4800
4804
4808
4812
4816
4820
4824
4828
4832
4836
4840
4844
4848
4852
4856
4860
4864
4868
4872
4876
4880
4884
4888
4892
4896
4900
4904
4908
4912
4916
4920
4924
4928
4932
4936
4940
4944
4948
4952
4956
4960
4964
4968
4972
4976
4980
4984
4988
4992
4996
5000
5004
5008
5012
5016
5020
5024
5028
5032
5036
5040
5044
5048
5052
5056
5060
5064
5068
5072
5076
5080
5084
5088
5092
5096
5100
5104
5108
5112
5116
5120
5124
5128
5132
5136
5140
5144
5148
5152
5156
5160
5164
5168
5172
5176
5180
5184
5188
5192
5196
5200
5204
5208
5212
5216
5220
5224
5228
5232
5236
5240
5244
5248
5252
5256
5260
5264
5268
5272
5276
5280
5284
5288
5292
5296
5300
5304
5308
5312
5316
5320
5324
5328
5332
5336
5340
5344
5348
5352
5356
5360
5364
5368
5372
5376
5380
5384
5388
5392
5396
5400
5404
5408
5412
5416
5420
5424
5428
5432
5436
5440
5444
5448
5452
5456
5460
5464
5468
5472
5476
5480
5484
5488
5492
5496
5500
5504
5508
5512
5516
5520
5524
5528
5532
5536
5540
5544
5548
5552
5556
5560
5564
5568
5572
5576
5580
5584
5588
5592
5596
5600
5604
5608
5612
5616
5620
5624
5628
5632
5636
5640
5644
5648
5652
5656
5660
5664
5668
5672
5676
5680
5684
5688
5692
5696
5700
5704
5708
5712
5716
5720
5724
5728
5732
5736
5740
5744
5748
5752
5756
5760
5764
5768
5772
5776
5780
5784
5788
5792
5796
5800
5804
5808
5812
5816
5820
5824
5828
5832
5836
5840
5844
5848
5852
5856
5860
5864
5868
5872
5876
5880
5884
5888
5892
5896
5900
5904
5908
5912
5916
5920
5924
5928
5932
5936
5940
5944
5948
5952
5956
5960
5964
5968
5972
5976
5980
5984
5988
5992
5996
6000
6004
6008
6012
6016
6020
6024
6028
6032
6036
6040
6044
6048
6052
6056
6060
6064
6068
6072
6076
6080
6084
6088
6092
6096
6100
6104
6108
6112
6116
6120
6124
6128
6132
6136
6140
6144
6148
6152
6156
6160
6164
6168
6172
6176
6180
6184
6188
6192
6196
6200
6204
6208
6212
6216
6220
6224
6228
6232
6236
6240
6244
6248
6252
6256
6260
6264
6268
6272
6276
6280
6284
6288
6292
6296
6300
6304
6308
6312
6316
6320
6324
6328
6332
6336
6340
6344
6348
6352
6356
6360
6364
6368
6372
6376
6380
6384
6388
6392
6396
6400
6404
6408
6412
6416
6420
6424
6428
6432
6436
6440
6444
6448
6452
6456
6460
6464
6468
6472
6476
6480
6484
6488
6492
6496
6500
6504
6508
6512
6516
6520
6524
6528
6532
6536
6540
6544
6548
6552
6556
6560
6564
6568
6572
6576
6580
6584
6588
6592
6596
6600
6604
6608
6612
6616
6620
6624
6628
6632
6636
6640
6644
6648
6652
6656
6660
6664
6668
6672
6676
6680
6684
6688
6692
6696
6700
6704
6708
6712
6716
6720
6724
6728
6732
6736
6740
6744
6748
6752
6756
6760
6764
6768
6772
6776
6780
6784
6788
6792
6796
6800
6804
6808
6812
6816
6820
6824
6828
6832
6836
6840
6844
6848
6852
6856
6860
6864
6868
6872
6876
6880
6884
6888
6892
6896
6900
6904
6908
6912
6916
6920
6924
6928
6932
6936
6940
6944
6948
6952
6956
6960
6964
6968
6972
6976
6980
6984
6988
6992
6996
7000
7004
7008
7012
7016
7020
7024
7028
7032
7036
7040
7044
7048
7052
7056
7060
7064
7068
7072
7076
7080
7084
7088
7092
7096
7100
7104
7108
7112
7116
7120
7124
7128
7132
7136
7140
7144
7148
7152
7156
7160
7164
7168
7172
7176
7180
7184
7188
7192
7196
7200
7204
7208
7212
7216
7220
7224
7228
7232
7236
7240
7244
7248
7252
7256
7260
7264
7268
7272
7276
7280
7284
7288
7292
7296
7300
7304
7308
7312
7316
7320
7324
7328
7332
7336
7340
7344
7348
7352
7356
7360
7364
7368
7372
7376
7380
7384
7388
7392
7396
7400
7404
7408
7412
7416
7420
7424
7428
7432
7436
7440
7444
7448
7452
7456
7460
7464
7468
7472
7476
7480
7484
7488
7492
7496
7500
7504
7508
7512
7516
7520
7524
7528
7532
7536
7540
7544
7548
7552
7556
7560
7564
7568
7572
7576
7580
7584
7588
7592
7596
7600
7604
7608
7612
7616
7620
7624
7628
7632
7636
7640
7644
7648
7652
7656
7660
7664
7668
7672
7676
7680
7684
7688
7692
7696
7700
7704
7708
7712
7716
7720
7724
7728
7732
7736
7740
7744
7748
7752
7756
7760
7764
7768
7772
7776
7780
7784
7788
7792
7796
7800
7804
7808
7812
7816
7820
7824
7828
7832
7836
7840
7844
7848
7852
7856
7860
7864
7868
7872
7876
7880
7884
7888
7892
7896
7900
7904
7908
7912
7916
7920
7924
7928
7932
7936
7940
7944
7948
7952
7956
7960
7964
7968
7972
7976
7980
7984
7988
7992
7996
8000
8004
8008
8012
8016
8020
8024
8028
8032
8036
8040
8044
8048
8052
8056
8060
8064
8068
8072
8076
8080
8084
8088
8092
8096
8100
8104
8108
8112
8116
8120
8124
8128
8132
8136
8140
8144
8148
8152
8156
8160
8164
8168
8172
8176
8180
8184
8188
8192
8196
8200
8204
8208
8212
8216
8220
8224
8228
8232
8236
8240
8244
8248
8252
8256
8260
8264
8268
8272
8276
8280
8284
8288
8292
8296
8300
8304
8308
8312
8316
8320
8324
8328
8332
8336
8340
8344
8348
8352
8356
8360
8364
8368
8372
8376
8380
8384
8388
8392
8396
8400
8404
8408
8412
8416
8420
8424
8428
8432
8436
8440
8444
8448
8452
8456
8460
8464
8468
8472
8476
8480
8484
8488
8492
8496
8500
8504
8508
8512
8516
8520
8524
8528
8532
8536
8540
8544
8548
8552
8556
8560
8564
8568
8572
8576
8580
8584
8588
8592
8596
8600
8604
8608
8612
8616
8620
8624
8628
8632
8636
8640
8644
8648
8652
8656
8660
8664
8668
8672
8676
8680
8684
8688
8692
8696
8700
8704
8708
8712
8716
8720
8724
8728
8732
8736
8740
8744
8748
8752
8756
8760
8764
8768
8772
8776
8780
8784
8788
8792
8796
8800
8804
8808
8812
8816
8820
8824
8828
8832
8836
8840
8844
8848
8852
8856
8860
8864
8868
8872
8876
8880
8884
8888
8892
8896
8900
8904
8908
8912
8916
8920
8924
8928
8932
8936
8940
8944
8948
8952
8956
8960
8964
8968
8972
8976
8980
8984
8988
8992
8996
9000
9004
9008
9012
9016
9020
9024
9028
9032
9036
9040
9044
9048
9052
9056
9060
9064
9068
9072
9076
9080
9084
9088
9092
9096
9100
9104
9108
9112
9116
9120
9124
9128
9132
9136
9140
9144
9148
9152
9156
9160
9164
9168
9172
9176
9180
9184
9188
9192
9196
9200
9204
9208
9212
9216
9220
9224
9228
9232
9236
9240
9244
9248
9252
9256
9260
9264
9268
9272
9276
9280
9284
9288
9292
9296
9300
9304
9308
9312
9316
9320
9324
9328
9332
9336
9340
9344
9348
9352
9356
9360
9364
9368
9372
9376
9380
9384
9388
9392
9396
9400
9404
9408
9412
9416
9420
9424
9428
9432
9436
9440
9444
9448
9452
9456
9460
9464
9468
9472
9476
9480
9484
9488
9492
9496
9500
9504
9508
9512
9516
9520
9524
9528
9532
9536
9540
9544
9548
9552
9556
9560
9564
9568
9572
9576
9580
9584
9588
9592
9596
9600
9604
9608
9612
9616
9620
9624
9628
9632
9636
9640
9644
9648
9652
9656
9660
9664
9668
9672
9676
9680
9684
9688
9692
9696
9700
9704
9708
9712
9716
9720
9724
9728
9732
9736
9740
9744
9748
9752
9756
9760
9764
9768
9772
9776
9780
9784
9788
9792
9796
9800
9804
9808
9812
9816
9820
9824
9828
9832
9836
9840
9844
9848
9852
9856
9860
9864
9868
9872
9876
9880
9884
9888
9892
9896
9900
9904
9908
9912
9916
9920
9924
9928
9932
9936
9940
9944
9948
9952
9956
9960
9964
9968
9972
9976
9980
9984
9988
9992
9996
10000
10004
10008
10012
10016
10020
10024
10028
10032
10036
10040
10044
10048
10052
10056
10060
10064
10068
10072
10076
10080
10084
10088
10092
10096
10100
10104
10108
10112
10116
10120
10124
10128
10132
10136
10140
10144
10148
10152
10156
10160
10164
10168
10172
10176
10180
10184
10188
10192
10196
10200
10204
10208
10212
10216
10220
10224
10228
10232
10236
10240
10244
10248
10252
10256
10260
10264
10268
10272
10276
10280
10284
10288
10292
10296
10300
10304
10308
10312
10316
10320
10324
10328
10332
10336
10340
10344
10348
10352
10356
10360
10364
10368
10372
10376
10380
10384
10388
10392
10396
10400
10404
10408
10412
10416
10420
10424
10428
10432
10436
10440
10444
10448
10452
10456
10460
10464
10468
10472
10476
10480
10484
10488
10492
10496
10500
10504
10508
10512
10516
10520
10524
10528
10532
10536
10540
10544
10548
10552
10556
10560
10564
10568
10572
10576
10580
10584
10588
10592
10596
10600
10604
10608
10612
10616
10620
10624
10628
10632
10636
10640
10644
10648
10652
10656
10660
10664
10668
10672
10676
10680
10684
10688
10692
10696
10700
10704
10708
10712
10716
10720
10724
10728
10732
10736
10740
10744
10748
10752
10756
10760
10764
10768
10772
10776
10780
10784
10788
10792
10796
10800
10804
10808
10812
10816
10820
10824
10828
10832
10836
10840
10844
10848
10852
10856
10860
10864
10868
10872
10876
10880
10884
10888
10892
10896
10900
10904
10908
10912
10916
10920
10924
10928
10932
10936
10940
10944
10948
10952
10956
10960
10964
10968
10972
10976
10980
10984
10988
10992
10996
11000
11004
11008
11012
11016
11020
11024
11028
11032
11036
11040
11044
11048
11052
11056
11060
11064
11068
11072
11076
11080
11084
11088
11092
11096
11100
11104
11108
11112
11116
11120
11124
11128
11132
11136
11140
11144
11148
11152
11156
11160
11164
11168
11172
11176
11180
11184
11188
11192
11196
11200
11204
11208
11212
11216
11220
11224
11228
11232
11236
11240
11244
11248
11252
11256
11260
11264
11268
11272
11276
11280
11284
11288
11292
11296
11300
11304
11308
11312
11316
11320
11324
11328
11332
11336
11340
11344
11348
11352
11356
11360
11364
11368
11372
11376
11380
11384
11388
11392
11396
11400
11404
11408
11412
11416
11420
11424
11428
11432
11436
11440
11444
11448
11452
11456
11460
11464
11468
11472
11476
11480
11484
11488
</DataArray>
<DataArray type="UInt8" Name="types" NumberOfComponents="1" format="ascii">
9
9
9
9
9
9
9
9
9
9
9
9
9
9
9
9
9
9
9
9
9
9
9
9
9
9
9
9
9
9
9
9
9
9
9
9
9
9
9
9
9
9
9
9
9
9
9
9
9
9
9
9
9
9
9
9
9
9
9
9
9
9
9
9
9
9
9
9
9
9
9
9
9
9
9
9
9
9
9
9
9
9
9
9
9
9
9
9
9
9
9
9
9
9
9
9
9
9
9
9
9
9
9
9
9
9
9
9
9
9
9
9
9
9
9
9
9
9
9
9
9
9
9
9
9
9
9
9
9
9
9
9
9
9
9
9
9
9
9
9
9
9
9
9
9
9
9
9
9
9
9
9
9
9
9
9
9
9
9
9
9
9
9
9
9
9
9
9
9
9
9
9
9
9
9
9
9
9
9
9
9
9
9
9
9
9
9
9
9
9
9
9
9
9
9
9
9
9
9
9
9
9
9
9
9
9
9
9
9
9
9
9
9
9
9
9
9
9
9
9
9
9
9
9
9
9
9
9
9
9
9
9
9
9
9
9
9
9
9
9
9
9
9
9
9
9
9
9
9
9
9
9
9
9
9
9
9
9
9
9
9
9
9
9
9
9
9
9
9
9
9
9
9
9
9
9
9
9
9
9
9
9
9
9
9
9
9
9
9
9
9
9
9
9
9
9
9
9
9
9
9
9
9
9
9
9
9
9
9
9
9
9
9
9
9
9
9
9
9
9
9
9
9
9
9
9
9
9
9
9
9
9
9
9
9
9
9
9
9
9
9
9
9
9
9
9
9
9
9
9
9
9
9
9
9
9
9
9
9
9
9
9
9
9
9
9
9
9
9
9
9
9
9
9
9
9
9
9
9
9
9
9
9
9
9
9
9
9
9
9
9
9
9
9
9
9
9
9
9
9
9
9
9
9
9
9
9
9
9
9
9
9
9
9
9
9
9
9
9
9
9
9
9
9
9
9
9
9
9
9
9
9
9
9
9
9
9
9
9
9
9
9
9
9
9
9
9
9
9
9
9
9
9
9
9
9
9
9
9
9
9
9
9
9
9
9
9
9
9
9
9
9
9
9
9
9
9
9
9
9
9
9
9
9
9
9
9
9
9
9
9
9
9
9
9
9
9
9
9
9
9
9
9
9
9
9
9
9
9
9
9
9
9
9
9
9
9
9
9
9
9
9
9
9
9
9
9
9
9
9
9
9
9
9
9
9
9
9
9
9
9
9
9
9
9
9
9
9
9
9
9
9
9
9
9
9
9
9
9
9
9
9
9
9
9
9
9
9
9
9
9
9
9
9
9
9
9
9
9
9
9
9
9
9
9
9
9
9
9
9
9
9
9
9
9
9
9
9
9
9
9
9
9
9
9
9
9
9
9
9
9
9
9
9
9
9
9
9
9
9
9
9
9
9
9
9
9
9
9
9
9
9
9
9
9
9
9
9
9
9
9
9
9
9
9
9
9
9
9
9
9
9
9
9
9
9
9
9
9
9
9
9
9
9
9
9
9
9
9
9
9
9
9
9
9
9
9
9
9
9
9
9
9
9
9
9
9
9
9
9
9
9
9
9
9
9
9
9
9
9
9
9
9
9
9
9
9
9
9
9
9
9
9
9
9
9
9
9
9
9
9
9
9
9
9
9
9
9
9
9
9
9
9
9
9
9
9
9
9
9
9
9
9
9
9
9
9
9
9
9
9
9
9
9
9
9
9
9
9
9
9
9
9
9
9
9
9
9
9
9
9
9
9
9
9
9
9
9
9
9
9
9
9
9
9
9
9
9
9
9
9
9
9
9
9
9
9
9
9
9
9
9
9
9
9
9
9
9
9
9
9
9
9
9
9
9
9
9
9
9
9
9
9
9
9
9
9
9
9
9
9
9
9
9
9
9
9
9
9
9
9
9
9
9
9
9
9
9
9
9
9
9
9
9
9
9
9
9
9
9
9
9
9
9
9
9
9
9
9
9
9
9
9
9
9
9
9
9
9
9
9
9
9
9
9
9
9
9
9
9
9
9
9
9
9
9
9
9
9
9
9
9
9
9
9
9
9
9
9
9
9
9
9
9
9
9
9
9
9
9
9
9
9
9
9
9
9
9
9
9
9
9
9
9
9
9
9
9
9
9
9
9
9
9
9
9
9
9
9
9
9
9
9
9
9
9
9
9
9
9
9
9
9
9
9
9
9
9
9
9
9
9
9
9
9
9
9
9
9
9
9
9
9
9
9
9
9
9
9
9
9
9
9
9
9
9
9
9
9
9
9
9
9
9
9
9
9
9
9
9
9
9
9
9
9
9
9
9
9
9
9
9
9
9
9
9
9
9
9
9
9
9
9
9
9
9
9
9
9
9
9
9
9
9
9
9
9
9
9
9
9
9
9
9
9
9
9
9
9
9
9
9
9
9
9
9
9
9
9
9
9
9
9
9
9
9
9
9
9
9
9
9
9
9
9
9
9
9
9
9
9
9
9
9
9
9
9
9
9
9
9
9
9
9
9
9
9
9
9
9
9
9
9
9
9
9
9
9
9
9
9
9
9
9
9
9
9
9
9
9
9
9
9
9
9
9
9
9
9
9
9
9
9
9
9
9
9
9
9
9
9
9
9
9
9
9
9
9
9
9
9
9
9
9
9
9
9
9
9
9
9
9
9
9
9
9
9
9
9
9
9
9
9
9
9
9
9
9
9
9
9
9
9
9
9
9
9
9
9
9
9
9
9
9
9
9
9
9
9
9
9
9
9
9
9
9
9
9
9
9
9
9
9
9
9
9
9
9
9
9
9
9
9
9
9
9
9
9
9
9
9
9
9
9
9
9
9
9
9
9
9
9
9
9
9
9
9
9
9
9
9
9
9
9
9
9
9
9
9
9
9
9
9
9
9
9
9
9
9
9
9
9
9
9
9
9
9
9
9
9
9
9
9
9
9
9
9
9
9
9
9
9
9
9
9
9
9
9
9
9
9
9
9
9
9
9
9
9
9
9
9
9
9
9
9
9
9
9
9
9
9
9
9
9
9
9
9
9
9
9
9
9
9
9
9
9
9
9
9
9
9
9
9
9
9
9
9
9
9
9
9
9
9
9
9
9
9
9
9
9
9
9
9
9
9
9
9
9
9
9
9
9
9
9
9
9
9
9
9
9
9
9
9
9
9
9
9
9
9
9
9
9
9
9
9
9
9
9
9
9
9
9
9
9
9
9
9
9
9
9
9
9
9
9
9
9
9
9
9
9
9
9
9
9
9
9
9
9
9
9
9
9
9
9
9
9
9
9
9
9
9
9
9
9
9
9
9
9
9
9
9
9
9
9
9
9
9
9
9
9
9
9
9
9
9
9
9
9
9
9
9
9
9
9
9
9
9
9
9
9
9
9
9
9
9
9
9
9
9
9
9
9
9
9
9
9
9
9
9
9
9
9
9
9
9
9
9
9
9
9
9
9
9
9
9
9
9
9
9
9
9
9
9
9
9
9
9
9
9
9
9
9
9
9
9
9
9
9
9
9
9
9
9
9
9
9
9
9
9
9
9
9
9
9
9
9
9
9
9
9
9
9
9
9
9
9
9
9
9
9
9
9
9
9
9
9
9
9
9
9
9
9
9
9
9
9
9
9
9
9
9
9
9
9
9
9
9
9
9
9
9
9
9
9
9
9
9
9
9
9
9
9
9
9
9
9
9
9
9
9
9
9
9
9
9
9
9
9
9
9
9
9
9
9
9
9
9
9
9
9
9
9
9
9
9
9
9
9
9
9
9
9
9
9
9
9
9
9
9
9
9
9
9
9
9
9
9
9
9
9
9
9
9
9
9
9
9
9
9
9
9
9
9
9
9
9
9
9
9
9
9
9
9
9
9
9
9
9
9
9
9
9
9
9
9
9
9
9
9
9
9
9
9
9
9
9
9
9
9
9
9
9
9
9
9
9
9
9
9
9
9
9
9
9
9
9
9
9
9
9
9
9
9
9
9
9
9
9
9
9
9
9
9
9
9
9
9
9
9
9
9
9
9
9
9
9
9
9
9
9
9
9
9
9
9
9
9
9
9
9
9
9
9
9
9
9
9
9
9
9
9
9
9
9
9
9
9
9
9
9
9
9
9
9
9
9
9
9
9
9
9
9
9
9
9
9
9
9
9
9
9
9
9
9
9
9
9
9
9
9
9
9
9
9
9
9
9
9
9
9
9
9
9
9
9
9
9
9
9
9
9
9
9
9
9
9
9
9
9
9
9
9
9
9
9
9
9
9
9
9
9
9
9
9
9
9
9
9
9
9
9
9
9
9
9
9
9
9
9
9
9
9
9
9
9
9
9
9
9
9
9
9
9
9
9
9
9
9
9
9
9
9
9
9
9
9
9
9
9
9
9
9
9
9
9
9
9
9
9
9
9
9
9
9
9
9
9
9
9
9
9
9
9
9
9
9
9
9
9
9
9
9
9
9
9
9
9
9
9
9
9
9
9
9
9
9
9
9
9
9
9
9
9
9
9
9
9
9
9
9
9
9
9
9
9
9
9
9
9
9
9
9
9
9
9
9
9
9
9
9
9
9
9
9
9
9
9
9
9
9
9
9
9
9
9
9
9
9
9
9
9
9
9
9
9
9
9
9
9
9
9
9
9
9
9
9
9
9
9
9
9
9
9
9
9
9
9
9
9
9
9
9
9
9
9
9
9
9
9
9
9
9
9
9
9
9
9
9
9
9
9
9
9
9
9
9
9
9
9
9
9
9
9
9
9
9
9
9
9
9
9
9
9
9
9
9
9
9
9
9
9
9
9
9
9
9
9
9
9
9
9
9
9
9
9
9
9
9
9
9
9
9
9
9
9
9
9
9
9
9
9
9
9
9
9
9
9
9
9
9
9
9
9
9
9
9
9
9
9
9
9
9
9
9
9
9
9
9
9
9
9
9
9
9
9
9
9
9
9
9
9
9
9
9
9
9
9
9
9
9
9
9
9
9
9
9
9
9
9
9
9
9
9
9
9
9
9
9
9
9
9
9
9
9
9
9
9
9
9
9
9
9
9
9
9
9
9
9
9
9
9
9
9
9
9
9
9
9
9
9
9
9
9
9
9
9
9
9
9
9
9
9
9
9
9
9
9
9
9
9
9
9
9
9
9
9
9
9
9
9
9
9
9
9
9
9
9
9
9
9
9
9
9
9
9
9
9
9
9
9
9
9
9
9
9
9
9
9
9
9
9
9
9
9
9
9
9
9
9
9
9
9
9
9
9
9
9
9
9
9
9
9
9
9
9
9
9
9
9
9
9
9
9
9
9
9
9
9
9
9
9
9
9
9
9
9
9
9
9
9
9
9
9
9
9
9
9
9
9
9
9
9
9
9
9
9
9
9
9
9
9
9
9
9
9
9
9
9
9
9
9
9
9
9
9
9
9
9
9
9
9
9
9
9
9
9
9
9
9
9
9
9
9
9
9
9
9
9
9
9
9
9
9
9
9
9
9
9
9
9
9
9
9
9
9
9
9
9
9
9
9
9
9
9
9
9
9
9
9
9
9
9
9
9
9
9
9
9
9
9
9
9
9
9
9
9
9
9
9
9
9
9
9
9
9
9
9
9
9
9
9
9
9
9
9
9
9
9
9
9
9
9
9
9
9
9
9
9
9
9
9
9
9
9
9
9
9
9
9
9
9
9
9
9
9
9
9
9
9
9
9
9
9
9
9
9
9
9
9
9
9
9
9
9
9
9
9
9
9
9
9
9
9
9
9
9
9
9
9
9
9
9
9
9
9
9
9
9
9
9
9
9
9
9
9
9
9
9
9
9
9
9
9
9
9
9
9
9
9
9
9
9
9
9
9
9
9
9
9
9
9
9
9
9
9
9
9
9
9
9
9
9
9
9
9
9
9
9
9
9
9
9
9
9
9
9
9
9
9
9
9
9
9
9
9
9
9
9
9
9
9
9
9
9
9
9
9
9
9
9
9
9
9
9
9
9
9
9
9
9
9
9
9
9
9
9
9
9
9
9
9
9
9
9
9
9
9
9
9
9
9
9
9
9
9
9
9
9
9
9
9
9
9
9
9
9
9
9
9
9
9
9
9
9
9
9
9
9
9
9
9
9
9
9
9
9
9
9
9
9
9
9
9
9
9
9
9
9
9
9
9
9
9
9
9
9
9
9
9
9
9
9
9
9
9
9
9
9
9
9
9
9
9
9
9
9
9
9
9
9
9
9
9
9
9
9
9
9
9
9
9
9
9
9
9
9
9
9
9
9
9
9
9
9
9
9
9
9
9
9
9
9
9
9
9
9
9
9
9
9
9
9
9
9
9
9
9
9
9
9
9
9
9
9
9
9
9
9
9
9
9
9
9
9
9
9
9
9
9
9
9
9
9
9
9
9
9
9
9
9
9
9
9
9
9
9
9
9
9
9
9
9
9
9
9
9
9
9
9
9
9
9
9
9
9
9
9
9
9
9
9
9
9
9
9
9
9
9
9
9
9
9
9
9
9
9
9
9
9
9
9
9
</DataArray>
</Cells>
<PointData>
<DataArray type="Float64" Name="u" NumberOfComponents="2" format="ascii">
0.000000E+00 0.000000E+00
6.607006E-02 0.000000E+00
4.957828E-02 -2.967499E-02
-1.498585E-02 -2.838630E-02
1.445301E-01 0.000000E+00
1.277359E-01 -2.841116E-02
4.483415E-02 -5.839254E-02
-1.982381E-02 -6.024546E-02
1.229724E-01 -5.573606E-02
2.237936E-01 0.000000E+00
2.069185E-01 -2.705509E-02
3.024415E-01 0.000000E+00
2.855645E-01 -2.568581E-02
2.021624E-01 -5.302352E-02
2.808489E-01 -5.030128E-02
3.802832E-01 0.000000E+00
3.634342E-01 -2.432765E-02
4.573053E-01 0.000000E+00
4.404952E-01 -2.298608E-02
3.587798E-01 -4.759374E-02
4.359156E-01 -4.491489E-02
5.335038E-01 0.000000E+00
5.167377E-01 -2.166579E-02
6.088722E-01 0.000000E+00
5.921531E-01 -2.037217E-02
5.122432E-01 -4.227642E-02
5.877518E-01 -3.968968E-02
6.834047E-01 0.000000E+00
6.667346E-01 -1.911040E-02
7.570992E-01 0.000000E+00
7.404788E-01 -1.788481E-02
6.624316E-01 -3.716515E-02
7.362760E-01 -3.471158E-02
8.299572E-01 0.000000E+00
8.133862E-01 -1.669857E-02
9.019842E-01 0.000000E+00
8.854614E-01 -1.555362E-02
8.092826E-01 -3.233552E-02
8.814532E-01 -3.004113E-02
9.731895E-01 0.000000E+00
9.567128E-01 -1.445074E-02
1.043585E+00 0.000000E+00
1.027152E+00 -1.338963E-02
9.527940E-01 -2.783020E-02
1.023315E+00 -2.570240E-02
1.113187E+00 0.000000E+00
1.096794E+00 -1.236915E-02
1.182012E+00 0.000000E+00
1.165655E+00 -1.138752E-02
1.093030E+00 -2.365565E-02
1.161954E+00 -2.168652E-02
1.250079E+00 0.000000E+00
1.233756E+00 -1.044252E-02
1.317411E+00 0.000000E+00
1.301116E+00 -9.531742E-03
1.230108E+00 -1.979068E-02
1.297512E+00 -1.796338E-02
1.384029E+00 0.000000E+00
1.367760E+00 -8.652769E-03
1.449959E+00 0.000000E+00
1.433712E+00 -7.803370E-03
1.364190E+00 -1.619982E-02
1.430166E+00 -1.449558E-02
1.515226E+00 0.000000E+00
1.498999E+00 -6.981668E-03
1.579860E+00 0.000000E+00
1.563648E+00 -6.186294E-03
1.495467E+00 -1.284691E-02
1.560124E+00 -1.125114E-02
1.643892E+00 0.000000E+00
1.627692E+00 -5.416524E-03
1.707356E+00 0.000000E+00
1.691165E+00 -4.672391E-03
1.624169E+00 -9.706851E-03
1.687636E+00 -8.214213E-03
1.770288E+00 0.000000E+00
1.754105E+00 -3.954776E-03
1.832731E+00 0.000000E+00
1.816553E+00 -3.265459E-03
1.750566E+00 -6.775105E-03
1.813001E+00 -5.393238E-03
1.894730E+00 0.000000E+00
1.878557E+00 -2.607117E-03
1.956336E+00 0.000000E+00
1.940165E+00 -1.983259E-03
1.874989E+00 -4.074147E-03
1.936584E+00 -2.825044E-03
2.017603E+00 0.000000E+00
2.001435E+00 -1.398080E-03
2.078591E+00 0.000000E+00
2.062426E+00 -8.562517E-04
1.997843E+00 -1.654518E-03
2.058828E+00 -5.720719E-04
2.139362E+00 0.000000E+00
2.123201E+00 -3.626287E-04
2.199983E+00 0.000000E+00
2.183826E+00 7.819187E-05
2.119604E+00 4.125314E-04
2.180240E+00 1.290119E-03
2.260519E+00 0.000000E+00
2.244369E+00 4.622951E-04
2.321038E+00 0.000000E+00
2.304896E+00 7.868871E-04
2.240803E+00 2.052996E-03
2.301360E+00 2.695838E-03
2.381602E+00 0.000000E+00
2.365471E+00 1.050684E-03
2.442271E+00 0.000000E+00
2.426152E+00 1.254196E-03
2.361976E+00 3.216447E-03
2.422708E+00 3.616282E-03
2.503096E+00 0.000000E+00
2.486991E+00 1.399853E-03
2.564122E+00 0.000000E+00
2.548031E+00 1.491962E-03
2.483606E+00 3.900663E-03
2.544711E+00 4.078617E-03
2.625382E+00 0.000000E+00
2.609307E+00 1.536492E-03
2.686899E+00 0.000000E+00
2.670840E+00 1.540715E-03
2.606054E+00 4.162394E-03
2.667656E+00 4.166726E-03
2.748687E+00 0.000000E+00
2.732642E+00 1.512780E-03
2.810746E+00 0.000000E+00
2.794716E+00 1.461251E-03
2.729526E+00 4.107947E-03
2.791665E+00 4.003098E-03
2.873070E+00 0.000000E+00
2.857053E+00 1.394715E-03
2.935641E+00 0.000000E+00
2.919637E+00 1.321570E-03
2.854062E+00 3.869131E-03
2.916701E+00 3.722364E-03
2.998432E+00 0.000000E+00
2.982443E+00 1.250275E-03
3.061409E+00 0.000000E+00
3.045448E+00 1.190101E-03
2.979558E+00 3.578171E-03
3.042615E+00 3.450045E-03
3.124561E+00 0.000000E+00
3.108670E+00 1.149646E-03
3.188151E+00 0.000000E+00
3.172409E+00 1.113628E-03
3.105911E+00 3.342173E-03
3.169800E+00 3.219247E-03
3.253977E+00 0.000000E+00
3.238496E+00 9.498858E-04
3.341207E+00 0.000000E+00
3.316950E+00 -2.120056E-03
3.236137E+00 2.941304E-03
3.312355E+00 1.826068E-03
4.081723E-02 -8.737440E-02
-2.342346E-02 -9.132834E-02
1.190734E-01 -8.324743E-02
3.589532E-02 -1.163360E-01
-2.816184E-02 -1.217864E-01
1.141948E-01 -1.108681E-01
1.983374E-01 -7.916451E-02
2.770988E-01 -7.509742E-02
1.935474E-01 -1.054340E-01
2.724157E-01 -1.000339E-01
3.551254E-01 -7.105261E-02
4.323787E-01 -6.704663E-02
3.505743E-01 -9.466807E-02
4.279887E-01 -8.935009E-02
5.088425E-01 -6.309690E-02
5.845012E-01 -5.922050E-02
5.046400E-01 -8.409998E-02
5.805070E-01 -7.893944E-02
6.593401E-01 -5.543323E-02
7.333472E-01 -5.174859E-02
6.555676E-01 -7.388957E-02
7.298023E-01 -6.896908E-02
8.065149E-01 -4.817701E-02
8.788404E-01 -4.472542E-02
8.031959E-01 -6.419304E-02
8.757392E-01 -5.957207E-02
9.503263E-01 -4.139721E-02
1.020980E+00 -3.819253E-02
9.474291E-01 -5.511209E-02
1.018268E+00 -5.081451E-02
1.090812E+00 -3.510875E-02
1.159838E+00 -3.214113E-02
1.088266E+00 -4.667687E-02
1.157434E+00 -4.269360E-02
1.228076E+00 -2.928346E-02
1.295548E+00 -2.652879E-02
1.225791E+00 -3.885698E-02
1.293358E+00 -3.515809E-02
1.362278E+00 -2.387004E-02
1.428290E+00 -2.130066E-02
1.360158E+00 -3.158770E-02
1.426219E+00 -2.813723E-02
1.493612E+00 -1.881512E-02
1.558277E+00 -1.640949E-02
1.491570E+00 -2.479948E-02
1.556244E+00 -2.156940E-02
1.622318E+00 -1.408184E-02
1.685772E+00 -1.183265E-02
1.620277E+00 -1.844476E-02
1.683710E+00 -1.542667E-02
1.748681E+00 -9.665072E-03
1.811090E+00 -7.585063E-03
1.746588E+00 -1.251994E-02
1.808961E+00 -9.733324E-03
1.873052E+00 -5.601397E-03
1.934622E+00 -3.725394E-03
1.870884E+00 -7.079432E-03
1.932420E+00 -4.574315E-03
1.995862E+00 -1.970425E-03
2.056837E+00 -3.511123E-04
1.993634E+00 -2.236686E-03
2.054597E+00 -8.670468E-05
2.117616E+00 1.117744E-03
2.178270E+00 2.422469E-03
2.115384E+00 1.855626E-03
2.176069E+00 3.572326E-03
2.238869E+00 3.551914E-03
2.299481E+00 4.498802E-03
2.236724E+00 5.049394E-03
2.297417E+00 6.278586E-03
2.360168E+00 5.260817E-03
2.420988E+00 5.841291E-03
2.358211E+00 7.258752E-03
2.419159E+00 7.996523E-03
2.481987E+00 6.249364E-03
2.543202E+00 6.499605E-03
2.480302E+00 8.506246E-03
2.541674E+00 8.809197E-03
2.604661E+00 6.611157E-03
2.666379E+00 6.606547E-03
2.603296E+00 8.932220E-03
2.665177E+00 8.906026E-03
2.728364E+00 6.510337E-03
2.790611E+00 6.347799E-03
2.727320E+00 8.763366E-03
2.789717E+00 8.537300E-03
2.853110E+00 6.143717E-03
2.915842E+00 5.921328E-03
2.852356E+00 8.259619E-03
2.915217E+00 7.959344E-03
2.978786E+00 5.700997E-03
3.041929E+00 5.497181E-03
2.978280E+00 7.660921E-03
3.041534E+00 7.382219E-03
3.105319E+00 5.311951E-03
3.169294E+00 5.136806E-03
3.105021E+00 7.136485E-03
3.169053E+00 6.946012E-03
3.235555E+00 5.008672E-03
3.311883E+00 4.760035E-03
3.235364E+00 6.837119E-03
3.311952E+00 6.788829E-03
2.973945E-02 -1.452885E-01
-3.427403E-02 -1.520620E-01
1.080624E-01 -1.385340E-01
2.229557E-02 -1.742344E-01
-4.170243E-02 -1.822729E-01
1.006370E-01 -1.662336E-01
1.874888E-01 -1.318029E-01
2.664788E-01 -1.251034E-01
1.801312E-01 -1.582590E-01
2.592471E-01 -1.503111E-01
3.447999E-01 -1.184431E-01
4.224156E-01 -1.118354E-01
3.377508E-01 -1.423977E-01
4.156008E-01 -1.345328E-01
4.993035E-01 -1.053010E-01
5.754352E-01 -9.886500E-02
4.927688E-01 -1.267375E-01
5.692180E-01 -1.190392E-01
6.507796E-01 -9.255353E-02
7.253072E-01 -8.639111E-02
6.449063E-01 -1.114691E-01
7.197918E-01 -1.040580E-01
7.989930E-01 -8.039854E-02
8.718187E-01 -7.459143E-02
7.938367E-01 -9.683378E-02
8.670111E-01 -8.981893E-02
9.437735E-01 -6.897955E-02
1.014855E+00 -6.356684E-02
9.392941E-01 -8.302892E-02
1.010675E+00 -7.647190E-02
1.085066E+00 -5.835195E-02
1.154419E+00 -5.332926E-02
1.081152E+00 -7.014908E-02
1.150733E+00 -6.405579E-02
1.222929E+00 -4.849003E-02
1.290617E+00 -4.382366E-02
1.219432E+00 -5.818296E-02
1.287269E+00 -5.251878E-02
1.357508E+00 -3.931899E-02
1.423631E+00 -3.496553E-02
1.354270E+00 -4.705038E-02
1.420465E+00 -4.176549E-02
1.489016E+00 -3.075453E-02
1.553699E+00 -2.668005E-02
1.485889E+00 -3.665402E-02
1.550580E+00 -3.170939E-02
1.617720E+00 -2.273985E-02
1.681123E+00 -1.893610E-02
1.614582E+00 -2.692978E-02
1.677945E+00 -2.231909E-02
1.743959E+00 -1.527593E-02
1.806283E+00 -1.177161E-02
1.740725E+00 -1.788756E-02
1.802986E+00 -1.365206E-02
1.868156E+00 -8.440445E-03
1.929648E+00 -5.304089E-03
1.864799E+00 -9.635746E-03
1.926240E+00 -5.867018E-03
1.990833E+00 -2.387359E-03
2.051787E+00 2.835477E-04
1.987393E+00 -2.377741E-03
2.048344E+00 7.993311E-04
2.112591E+00 2.683328E-03
2.173323E+00 4.790141E-03
2.109180E+00 3.633718E-03
2.169985E+00 6.100605E-03
2.234059E+00 6.588150E-03
2.294868E+00 8.069678E-03
2.230836E+00 8.183976E-03
2.291801E+00 9.878965E-03
2.355808E+00 9.236605E-03
2.416928E+00 1.010083E-02
2.352933E+00 1.119304E-02
2.414274E+00 1.214584E-02
2.478263E+00 1.068369E-02
2.539840E+00 1.101458E-02
2.475852E+00 1.276782E-02
2.537683E+00 1.309794E-02
2.601671E+00 1.112892E-02
2.663760E+00 1.106593E-02
2.599770E+00 1.318098E-02
2.662110E+00 1.306472E-02
2.726103E+00 1.086631E-02
2.788690E+00 1.057028E-02
2.724693E+00 1.279738E-02
2.787502E+00 1.242545E-02
2.851503E+00 1.021569E-02
2.914524E+00 9.836532E-03
2.850521E+00 1.199197E-02
2.913728E+00 1.153539E-02
2.977732E+00 9.461758E-03
3.041115E+00 9.115829E-03
2.977101E+00 1.108938E-02
3.040628E+00 1.068385E-02
3.104708E+00 8.822300E-03
3.168831E+00 8.604235E-03
3.104346E+00 1.034539E-02
3.168583E+00 1.009542E-02
3.235237E+00 8.477077E-03
3.311977E+00 8.452465E-03
3.235098E+00 9.948953E-03
3.311952E+00 9.920863E-03
1.358206E-02 -2.031538E-01
-5.038738E-02 -2.124078E-01
9.193260E-02 -1.939590E-01
3.644405E-03 -2.320147E-01
-6.027182E-02 -2.424219E-01
8.198727E-02 -2.216933E-01
1.714895E-01 -1.847999E-01
2.507311E-01 -1.756649E-01
1.615952E-01 -2.114207E-01
2.409557E-01 -2.011707E-01
3.294274E-01 -1.665538E-01
4.075345E-01 -1.574768E-01
3.198448E-01 -1.909303E-01
3.982197E-01 -1.807001E-01
4.850177E-01 -1.484537E-01
5.618308E-01 -1.395133E-01
4.760415E-01 -1.704947E-01
5.532548E-01 -1.603416E-01
6.379190E-01 -1.306909E-01
7.132254E-01 -1.220247E-01
6.297916E-01 -1.502796E-01
7.055781E-01 -1.403540E-01
7.876967E-01 -1.135513E-01
8.612879E-01 -1.053021E-01
7.805423E-01 -1.306121E-01
8.546201E-01 -1.210974E-01
9.339651E-01 -9.730105E-02
1.005707E+00 -8.956275E-02
9.277606E-01 -1.118450E-01
9.999283E-01 -1.028796E-01
1.076504E+00 -8.209296E-02
1.146359E+00 -7.488943E-02
1.071104E+00 -9.421422E-02
1.141282E+00 -8.585094E-02
1.215284E+00 -6.794372E-02
1.283298E+00 -6.124333E-02
1.210472E+00 -7.778330E-02
1.278692E+00 -6.999891E-02
1.350428E+00 -5.477399E-02
1.416706E+00 -4.852191E-02
1.345970E+00 -6.248252E-02
1.412340E+00 -5.521903E-02
1.482171E+00 -4.247584E-02
1.546865E+00 -3.662893E-02
1.477846E+00 -4.819634E-02
1.542536E+00 -4.140784E-02
1.610838E+00 -3.098037E-02
1.674147E+00 -2.553662E-02
1.606467E+00 -3.485450E-02
1.669706E+00 -2.854656E-02
1.736858E+00 -2.031227E-02
1.799042E+00 -1.533016E-02
1.732329E+00 -2.250449E-02
1.794421E+00 -1.675905E-02
1.860782E+00 -1.062084E-02
1.922167E+00 -6.220914E-03
1.856079E+00 -1.135017E-02
1.917406E+00 -6.324470E-03
1.983292E+00 -2.170383E-03
2.044252E+00 1.491065E-03
1.978512E+00 -1.731156E-03
2.039505E+00 2.383150E-03
2.105144E+00 4.728343E-03
2.166056E+00 7.515296E-03
2.100488E+00 5.980169E-03
2.161553E+00 9.035200E-03
2.227066E+00 9.838296E-03
2.288236E+00 1.169846E-02
2.222775E+00 1.154083E-02
2.284211E+00 1.350837E-02
2.349614E+00 1.311211E-02
2.411231E+00 1.410956E-02
2.345895E+00 1.496696E-02
2.407848E+00 1.596068E-02
2.473104E+00 1.473254E-02
2.535238E+00 1.503093E-02
2.470070E+00 1.654452E-02
2.532555E+00 1.678008E-02
2.597626E+00 1.505928E-02
2.660257E+00 1.487364E-02
2.595287E+00 1.673155E-02
2.658244E+00 1.646245E-02
2.723114E+00 1.452893E-02
2.786178E+00 1.407690E-02
2.721405E+00 1.603321E-02
2.784747E+00 1.549953E-02
2.849427E+00 1.356478E-02
2.912840E+00 1.303471E-02
2.848246E+00 1.491162E-02
2.911882E+00 1.431390E-02
2.976396E+00 1.252385E-02
3.040082E+00 1.206467E-02
2.975634E+00 1.374518E-02
3.039492E+00 1.323859E-02
3.103941E+00 1.168443E-02
3.168306E+00 1.140470E-02
3.103503E+00 1.282151E-02
3.168006E+00 1.251556E-02
3.234940E+00 1.124145E-02
3.311909E+00 1.120805E-02
3.234768E+00 1.233684E-02
3.311863E+00 1.229727E-02
-7.454197E-03 -2.607766E-01
-7.128785E-02 -2.722594E-01
7.085729E-02 -2.494100E-01
-1.963412E-02 -2.893916E-01
-8.335258E-02 -3.018585E-01
5.861661E-02 -2.770739E-01
1.504964E-01 -2.381080E-01
2.299594E-01 -2.268279E-01
1.382589E-01 -2.648389E-01
2.177973E-01 -2.526257E-01
3.090297E-01 -2.155397E-01
3.876687E-01 -2.042298E-01
2.970233E-01 -2.403850E-01
3.759058E-01 -2.280839E-01
4.658369E-01 -1.929020E-01
5.434726E-01 -1.815785E-01
4.544092E-01 -2.157100E-01
5.324702E-01 -2.032744E-01
6.204955E-01 -1.702986E-01
6.968140E-01 -1.591145E-01
6.099997E-01 -1.908121E-01
6.868898E-01 -1.783795E-01
7.723343E-01 -1.480853E-01
8.469695E-01 -1.372696E-01
7.630233E-01 -1.660479E-01
8.382856E-01 -1.538937E-01
9.206462E-01 -1.267183E-01
9.933103E-01 -1.164702E-01
9.125753E-01 -1.419887E-01
9.858126E-01 -1.303914E-01
1.064928E+00 -1.065493E-01
1.135484E+00 -9.696504E-02
1.057943E+00 -1.191419E-01
1.128937E+00 -1.082614E-01
1.204982E+00 -8.771482E-02
1.273438E+00 -7.878744E-02
1.198791E+00 -9.775373E-02
1.267517E+00 -8.761072E-02
1.340882E+00 -7.016724E-02
1.407351E+00 -6.183821E-02
1.335145E+00 -7.781714E-02
1.401719E+00 -6.835651E-02
1.472895E+00 -5.378775E-02
1.537570E+00 -4.601012E-02
1.467294E+00 -5.921629E-02
1.531938E+00 -5.039244E-02
1.601442E+00 -3.850919E-02
1.664591E+00 -3.130058E-02
1.595729E+00 -4.189322E-02
1.658762E+00 -3.374191E-02
1.727106E+00 -2.441282E-02
1.789090E+00 -1.788713E-02
1.721147E+00 -2.597809E-02
1.783008E+00 -1.865685E-02
1.850658E+00 -1.177545E-02
1.911932E+00 -6.136415E-03
1.844483E+00 -1.184539E-02
1.905718E+00 -5.616549E-03
1.973038E+00 -1.029347E-03
2.034098E+00 3.493090E-03
1.966858E+00 -3.987999E-05
2.028038E+00 4.828448E-03
2.095222E+00 7.392264E-03
2.156501E+00 1.064944E-02
2.089371E+00 8.954582E-03
2.150944E+00 1.233257E-02
2.218005E+00 1.326879E-02
2.279776E+00 1.527715E-02
2.212811E+00 1.498529E-02
2.274998E+00 1.696111E-02
2.341835E+00 1.672077E-02
2.404184E+00 1.766033E-02
2.337503E+00 1.832748E-02
2.400310E+00 1.916366E-02
2.466810E+00 1.816541E-02
2.529692E+00 1.830934E-02
2.463389E+00 1.955395E-02
2.526707E+00 1.958225E-02
2.592803E+00 1.816502E-02
2.656116E+00 1.780203E-02
2.590228E+00 1.932844E-02
2.653920E+00 1.886610E-02
2.719604E+00 1.728470E-02
2.783242E+00 1.667112E-02
2.717751E+00 1.826149E-02
2.781697E+00 1.757327E-02
2.847006E+00 1.601285E-02
2.910876E+00 1.535499E-02
2.845734E+00 1.685266E-02
2.909844E+00 1.614389E-02
2.974833E+00 1.473636E-02
3.038872E+00 1.418967E-02
2.974013E+00 1.548456E-02
3.038238E+00 1.490603E-02
3.103044E+00 1.374168E-02
3.167692E+00 1.341342E-02
3.102576E+00 1.443374E-02
3.167374E+00 1.408747E-02
3.234590E+00 1.322029E-02
3.311819E+00 1.317311E-02
3.234412E+00 1.388149E-02
3.311781E+00 1.382551E-02
-3.279994E-02 -3.178066E-01
-9.636876E-02 -3.311539E-01
4.535664E-02 -3.046424E-01
-4.684211E-02 -3.459661E-01
-1.102270E-01 -3.600807E-01
3.118493E-02 -3.320672E-01
1.249675E-01 -2.915805E-01
2.045435E-01 -2.785418E-01
1.107247E-01 -3.182912E-01
1.902921E-01 -3.045416E-01
2.838852E-01 -2.654558E-01
3.629716E-01 -2.522670E-01
2.696961E-01 -2.907267E-01
3.489275E-01 -2.767665E-01
4.417761E-01 -2.389411E-01
5.202406E-01 -2.254710E-01
4.279740E-01 -2.626001E-01
5.067903E-01 -2.481949E-01
5.982738E-01 -2.118805E-01
6.757558E-01 -1.982247E-01
5.852930E-01 -2.335546E-01
6.633593E-01 -2.187237E-01
7.525473E-01 -1.845846E-01
8.285026E-01 -1.710562E-01
7.408329E-01 -2.037863E-01
8.175367E-01 -1.888562E-01
9.034849E-01 -1.577370E-01
9.773797E-01 -1.447123E-01
8.932912E-01 -1.740602E-01
9.679360E-01 -1.595187E-01
1.050103E+00 -1.320459E-01
1.121606E+00 -1.197764E-01
1.041346E+00 -1.453290E-01
1.113439E+00 -1.315566E-01
1.191869E+00 -1.079189E-01
1.260902E+00 -9.647065E-02
1.184177E+00 -1.182345E-01
1.253559E+00 -1.053697E-01
1.328735E+00 -8.541820E-02
1.395417E+00 -7.474535E-02
1.321618E+00 -9.295286E-02
1.388409E+00 -8.096896E-02
1.461013E+00 -6.444027E-02
1.525603E+00 -5.450182E-02
1.454010E+00 -6.940782E-02
1.518519E+00 -5.827283E-02
1.589285E+00 -4.494472E-02
1.652173E+00 -3.580306E-02
1.582054E+00 -4.758809E-02
1.644762E+00 -3.740312E-02
1.714402E+00 -2.713166E-02
1.776127E+00 -1.900409E-02
1.706811E+00 -2.779383E-02
1.768392E+00 -1.885844E-02
1.837516E+00 -1.150673E-02
1.898741E+00 -4.728469E-03
1.829714E+00 -1.070691E-02
1.890982E+00 -3.444530E-03
1.959969E+00 1.252540E-03
2.021344E+00 6.382096E-03
1.952380E+00 2.847052E-03
2.014057E+00 8.125894E-03
2.082978E+00 1.063962E-02
2.144942E+00 1.404154E-02
2.076108E+00 1.239765E-02
2.138579E+00 1.571331E-02
2.207268E+00 1.663797E-02
2.269955E+00 1.850472E-02
2.201468E+00 1.815904E-02
2.264743E+00 1.984250E-02
2.332980E+00 1.973337E-02
2.396302E+00 2.042204E-02
2.328354E+00 2.087989E-02
2.392243E+00 2.138612E-02
2.459879E+00 2.066824E-02
2.523664E+00 2.056412E-02
2.456350E+00 2.146865E-02
2.520625E+00 2.122431E-02
2.587617E+00 2.019386E-02
2.651701E+00 1.963256E-02
2.585021E+00 2.073834E-02
2.649503E+00 2.008469E-02
2.715885E+00 1.894623E-02
2.780143E+00 1.819219E-02
2.714040E+00 1.932688E-02
2.778610E+00 1.851922E-02
2.844457E+00 1.741977E-02
2.908809E+00 1.667104E-02
2.843197E+00 1.770781E-02
2.907789E+00 1.693156E-02
2.973190E+00 1.598138E-02
3.037603E+00 1.538007E-02
2.972381E+00 1.622292E-02
3.036980E+00 1.560852E-02
3.102108E+00 1.489064E-02
3.167058E+00 1.453119E-02
3.101651E+00 1.510958E-02
3.166753E+00 1.474222E-02
3.234239E+00 1.431453E-02
3.311750E+00 1.424924E-02
3.234077E+00 1.451767E-02
3.311728E+00 1.444330E-02
-6.163983E-02 -3.738156E-01
-1.248088E-01 -3.885783E-01
1.622265E-02 -3.592977E-01
-7.706485E-02 -4.013055E-01
-1.399907E-01 -4.165950E-01
6.009480E-04 -3.862841E-01
9.564960E-02 -3.449226E-01
1.751566E-01 -3.305793E-01
7.987422E-02 -3.714232E-01
1.592668E-01 -3.566008E-01
2.545587E-01 -3.161566E-01
3.338591E-01 -3.015495E-01
2.385964E-01 -3.416895E-01
3.178769E-01 -3.265622E-01
4.130633E-01 -2.866685E-01
4.921472E-01 -2.714496E-01
3.971330E-01 -3.111012E-01
4.763680E-01 -2.952084E-01
5.710467E-01 -2.558664E-01
6.496508E-01 -2.399402E-01
5.555498E-01 -2.788192E-01
6.345962E-01 -2.619169E-01
7.277981E-01 -2.237454E-01
8.052850E-01 -2.074050E-01
7.133606E-01 -2.445466E-01
7.916277E-01 -2.268222E-01
8.818852E-01 -1.910747E-01
9.573790E-01 -1.749179E-01
8.691277E-01 -2.089186E-01
9.455703E-01 -1.910455E-01
1.031582E+00 -1.590785E-01
1.104364E+00 -1.436627E-01
1.020689E+00 -1.734092E-01
1.094283E+00 -1.561769E-01
1.175656E+00 -1.287326E-01
1.245442E+00 -1.143121E-01
1.166228E+00 -1.394582E-01
1.236485E+00 -1.233057E-01
1.313752E+00 -1.003994E-01
1.380651E+00 -8.698241E-02
1.305078E+00 -1.077314E-01
1.372083E+00 -9.272898E-02
1.446234E+00 -7.405378E-02
1.510623E+00 -6.162375E-02
1.437617E+00 -7.829551E-02
1.501836E+00 -6.445144E-02
1.573968E+00 -4.973014E-02
1.636454E+00 -3.844459E-02
1.564935E+00 -5.125486E-02
1.627154E+00 -3.880984E-02
1.698297E+00 -2.787263E-02
1.759742E+00 -1.814505E-02
1.688776E+00 -2.726369E-02
1.750113E+00 -1.678952E-02
1.821042E+00 -9.399385E-03
1.882439E+00 -1.753998E-03
1.811477E+00 -7.553542E-03
1.873138E+00 3.245177E-04
1.944129E+00 4.717694E-03
2.006247E+00 1.000335E-02
1.935288E+00 6.802151E-03
1.998025E+00 1.192268E-02
2.068858E+00 1.415258E-02
2.131964E+00 1.726434E-02
2.061359E+00 1.580050E-02
2.125234E+00 1.859344E-02
2.195524E+00 1.946762E-02
2.259469E+00 2.090283E-02
2.189563E+00 2.047493E-02
2.254245E+00 2.161370E-02
2.323724E+00 2.170782E-02
2.388214E+00 2.200963E-02
2.319184E+00 2.216242E-02
2.384297E+00 2.225333E-02
2.452874E+00 2.192075E-02
2.517647E+00 2.153839E-02
2.449515E+00 2.199812E-02
2.514783E+00 2.148994E-02
2.582488E+00 2.094542E-02
2.647364E+00 2.021198E-02
2.580061E+00 2.080612E-02
2.645319E+00 2.001079E-02
2.712248E+00 1.939726E-02
2.777123E+00 1.855112E-02
2.710538E+00 1.915729E-02
2.775705E+00 1.829010E-02
2.841976E+00 1.771544E-02
2.906802E+00 1.692530E-02
2.840813E+00 1.744627E-02
2.905861E+00 1.665661E-02
2.971598E+00 1.620971E-02
3.036378E+00 1.559232E-02
2.970854E+00 1.594648E-02
3.035808E+00 1.533639E-02
3.101212E+00 1.509182E-02
3.166463E+00 1.472221E-02
3.100798E+00 1.484241E-02
3.166193E+00 1.447646E-02
3.233927E+00 1.449307E-02
3.311717E+00 1.441056E-02
3.233792E+00 1.424644E-02
3.311716E+00 1.415734E-02
-9.298572E-02 -4.283946E-01
-1.556480E-01 -4.440916E-01
-1.554351E-02 -4.129813E-01
-1.092722E-01 -4.550539E-01
-1.716588E-01 -4.710445E-01
-3.207318E-02 -4.393525E-01
6.353883E-02 -3.977417E-01
1.427645E-01 -3.825471E-01
4.678693E-02 -4.238312E-01
1.257978E-01 -4.083585E-01
2.219493E-01 -3.672582E-01
3.011140E-01 -3.517312E-01
2.047678E-01 -3.927888E-01
2.837203E-01 -3.769683E-01
3.803015E-01 -3.358247E-01
4.595455E-01 -3.194087E-01
3.627133E-01 -3.607407E-01
4.418105E-01 -3.439522E-01
5.388552E-01 -3.023766E-01
6.181941E-01 -2.846603E-01
5.210648E-01 -3.264561E-01
6.004956E-01 -3.081254E-01
6.974548E-01 -2.662517E-01
7.764380E-01 -2.472252E-01
6.800574E-01 -2.888765E-01
7.596036E-01 -2.687064E-01
8.548490E-01 -2.277492E-01
9.323254E-01 -2.080715E-01
8.388566E-01 -2.477310E-01
9.174061E-01 -2.262026E-01
1.008496E+00 -1.884741E-01
1.083050E+00 -1.692137E-01
9.947629E-01 -2.044780E-01
1.070460E+00 -1.829357E-01
1.155781E+00 -1.504764E-01
1.226599E+00 -1.323653E-01
1.144150E+00 -1.618856E-01
1.215658E+00 -1.415196E-01
1.295518E+00 -1.149175E-01
1.362625E+00 -9.813659E-02
1.284965E+00 -1.219214E-01
1.352172E+00 -1.031127E-01
1.428070E+00 -8.202681E-02
1.492055E+00 -6.662387E-02
1.417474E+00 -8.510894E-02
1.481141E+00 -6.796931E-02
1.554839E+00 -5.201654E-02
1.616745E+00 -3.835736E-02
1.543529E+00 -5.183049E-02
1.605082E+00 -3.691948E-02
1.678148E+00 -2.585302E-02
1.739450E+00 -1.472875E-02
1.666310E+00 -2.352647E-02
1.727727E+00 -1.193226E-02
1.801025E+00 -5.171448E-03
1.863154E+00 2.725867E-03
1.789754E+00 -2.313910E-03
1.852635E+00 5.318293E-03
1.925988E+00 8.990024E-03
1.989552E+00 1.375331E-02
1.916425E+00 1.111527E-02
1.981037E+00 1.532996E-02
2.053778E+00 1.721313E-02
2.118545E+00 1.958913E-02
2.046310E+00 1.824842E-02
2.112065E+00 2.014146E-02
2.183723E+00 2.109244E-02
2.249186E+00 2.190982E-02
2.178139E+00 2.124191E-02
2.244398E+00 2.173981E-02
2.314828E+00 2.219875E-02
2.380565E+00 2.208863E-02
2.310738E+00 2.178627E-02
2.377081E+00 2.150027E-02
2.446331E+00 2.168461E-02
2.512079E+00 2.107184E-02
2.443372E+00 2.097561E-02
2.509573E+00 2.028667E-02
2.577776E+00 2.031957E-02
2.643398E+00 1.948440E-02
2.575661E+00 1.949302E-02
2.641622E+00 1.864290E-02
2.708933E+00 1.861292E-02
2.774374E+00 1.774365E-02
2.707450E+00 1.777577E-02
2.773146E+00 1.692412E-02
2.839722E+00 1.690856E-02
2.904980E+00 1.613407E-02
2.838715E+00 1.611484E-02
2.904167E+00 1.537006E-02
2.970157E+00 1.544183E-02
3.035275E+00 1.484927E-02
2.969515E+00 1.470789E-02
3.034786E+00 1.414279E-02
3.100414E+00 1.436989E-02
3.165945E+00 1.401358E-02
3.100064E+00 1.368588E-02
3.165722E+00 1.334515E-02
3.233674E+00 1.378669E-02
3.311726E+00 1.369308E-02
3.233572E+00 1.312555E-02
3.311743E+00 1.302994E-02
-1.257992E-01 -4.812693E-01
-1.879085E-01 -4.974487E-01
-4.885429E-02 -4.653727E-01
-1.424510E-01 -5.070449E-01
-2.042929E-01 -5.233207E-01
-6.576133E-02 -4.910317E-01
2.975967E-02 -4.496529E-01
1.085138E-01 -4.339789E-01
1.259015E-02 -4.751788E-01
9.105097E-02 -4.593583E-01
1.872042E-01 -4.182046E-01
2.658531E-01 -4.021758E-01
1.694022E-01 -4.434303E-01
2.476663E-01 -4.272541E-01
3.445315E-01 -3.857338E-01
4.233287E-01 -3.687118E-01
3.259274E-01 -4.106829E-01
4.042918E-01 -3.935470E-01
5.023350E-01 -3.509309E-01
5.816225E-01 -3.322055E-01
4.828707E-01 -3.756426E-01
5.617722E-01 -3.567350E-01
6.612186E-01 -3.123655E-01
7.410654E-01 -2.912971E-01
6.410889E-01 -3.365738E-01
7.208679E-01 -3.149241E-01
8.209639E-01 -2.690042E-01
9.005219E-01 -2.456724E-01
8.010483E-01 -2.916271E-01
8.813633E-01 -2.667001E-01
9.791581E-01 -2.216906E-01
1.056207E+00 -1.975794E-01
9.612448E-01 -2.404482E-01
1.039842E+00 -2.134891E-01
1.131095E+00 -1.738397E-01
1.203480E+00 -1.508232E-01
1.116244E+00 -1.865877E-01
1.189790E+00 -1.603813E-01
1.273272E+00 -1.287035E-01
1.340583E+00 -1.075368E-01
1.260227E+00 -1.352256E-01
1.327658E+00 -1.112491E-01
1.405670E+00 -8.735663E-02
1.468909E+00 -6.825991E-02
1.392434E+00 -8.851534E-02
1.455100E+00 -6.718632E-02
1.530806E+00 -5.046142E-02
1.591995E+00 -3.430541E-02
1.516411E+00 -4.761110E-02
1.577304E+00 -3.032077E-02
1.653178E+00 -2.019380E-02
1.714987E+00 -8.440740E-03
1.638738E+00 -1.584233E-02
1.701411E+00 -4.426079E-03
1.777832E+00 8.648873E-04
1.841829E+00 7.887710E-03
1.765575E+00 4.084699E-03
1.831097E+00 1.014092E-02
1.906870E+00 1.296055E-02
1.972730E+00 1.646838E-02
1.897652E+00 1.428156E-02
1.964897E+00 1.699301E-02
2.039164E+00 1.876830E-02
2.105956E+00 2.015655E-02
2.032540E+00 1.866026E-02
2.100364E+00 1.957028E-02
2.172935E+00 2.086533E-02
2.239973E+00 2.107219E-02
2.168213E+00 1.993229E-02
2.235985E+00 1.989862E-02
2.306981E+00 2.091197E-02
2.373894E+00 2.048758E-02
2.303609E+00 1.958139E-02
2.371044E+00 1.906439E-02
2.440674E+00 1.987841E-02
2.507293E+00 1.914656E-02
2.438265E+00 1.841150E-02
2.505261E+00 1.767238E-02
2.573740E+00 1.834137E-02
2.640010E+00 1.750258E-02
2.572028E+00 1.688638E-02
2.638573E+00 1.608521E-02
2.706104E+00 1.666263E-02
2.772031E+00 1.584823E-02
2.704905E+00 1.529478E-02
2.771038E+00 1.453645E-02
2.837801E+00 1.508142E-02
2.903430E+00 1.438037E-02
2.836987E+00 1.382791E-02
2.902773E+00 1.318370E-02
2.968934E+00 1.375987E-02
3.034345E+00 1.323166E-02
2.968417E+00 1.261565E-02
3.033953E+00 1.213310E-02
3.099749E+00 1.280472E-02
3.165525E+00 1.248531E-02
3.099472E+00 1.174309E-02
3.165354E+00 1.145045E-02
3.233487E+00 1.227719E-02
3.311768E+00 1.218235E-02
3.233416E+00 1.125789E-02
3.311797E+00 1.116672E-02
-1.591259E-01 -5.324053E-01
-2.207236E-01 -5.487015E-01
-8.268223E-02 -5.163360E-01
-1.757444E-01 -5.573995E-01
-2.371362E-01 -5.736633E-01
-9.952725E-02 -5.413114E-01
-4.603816E-03 -5.003928E-01
7.352829E-02 -4.844519E-01
-2.173282E-02 -5.252883E-01
5.602531E-02 -5.092142E-01
1.514844E-01 -4.683932E-01
2.292999E-01 -4.521099E-01
1.335378E-01 -4.930259E-01
2.108741E-01 -4.766703E-01
3.070717E-01 -4.354768E-01
3.849053E-01 -4.183217E-01
2.881258E-01 -4.600307E-01
3.653709E-01 -4.429224E-01
4.629092E-01 -4.004214E-01
5.412032E-01 -3.815073E-01
4.426934E-01 -4.251085E-01
5.202018E-01 -4.063050E-01
6.199215E-01 -3.612717E-01
6.992008E-01 -3.393785E-01
5.980409E-01 -3.861762E-01
6.763968E-01 -3.643274E-01
7.791388E-01 -3.154984E-01
8.596941E-01 -2.893967E-01
7.554868E-01 -3.403032E-01
8.355101E-01 -3.136198E-01
9.405065E-01 -2.611082E-01
1.020710E+00 -2.311515E-01
9.164915E-01 -2.838940E-01
9.979331E-01 -2.511732E-01
1.099004E+00 -2.005426E-01
1.174155E+00 -1.703990E-01
1.078410E+00 -2.163907E-01
1.155833E+00 -1.812901E-01
1.245517E+00 -1.414645E-01
1.313115E+00 -1.140317E-01
1.228640E+00 -1.474461E-01
1.296528E+00 -1.155773E-01
1.377451E+00 -8.822174E-02
1.439350E+00 -6.431787E-02
1.360246E+00 -8.593045E-02
1.421129E+00 -5.904234E-02
1.500015E+00 -4.291491E-02
1.560875E+00 -2.483154E-02
1.481252E+00 -3.598577E-02
1.542791E+00 -1.793083E-02
1.623158E+00 -1.063975E-02
1.687409E+00 -2.604076E-04
1.606973E+00 -5.083622E-03
1.673692E+00 3.461782E-03
1.753479E+00 6.936768E-03
1.820883E+00 1.174474E-02
1.742176E+00 8.950250E-03
1.811657E+00 1.240304E-02
1.889118E+00 1.485192E-02
1.957786E+00 1.677001E-02
1.881581E+00 1.451551E-02
1.951598E+00 1.573409E-02
2.026609E+00 1.785653E-02
2.095403E+00 1.835748E-02
2.021497E+00 1.634468E-02
2.091155E+00 1.653426E-02
2.164053E+00 1.844332E-02
2.232485E+00 1.823443E-02
2.160503E+00 1.642888E-02
2.229508E+00 1.611632E-02
2.300660E+00 1.781776E-02
2.368556E+00 1.725774E-02
2.298155E+00 1.565970E-02
2.366444E+00 1.510583E-02
2.436165E+00 1.660330E-02
2.503489E+00 1.589251E-02
2.434383E+00 1.449044E-02
2.501986E+00 1.384151E-02
2.570537E+00 1.515564E-02
2.637321E+00 1.441718E-02
2.569271E+00 1.318148E-02
2.636259E+00 1.252864E-02
2.703860E+00 1.369724E-02
2.770172E+00 1.301246E-02
2.702973E+00 1.189810E-02
2.769436E+00 1.130248E-02
2.836277E+00 1.237666E-02
2.902201E+00 1.180122E-02
2.835675E+00 1.075227E-02
2.901715E+00 1.025614E-02
2.967967E+00 1.129538E-02
3.033613E+00 1.086640E-02
2.967585E+00 9.821102E-03
3.033326E+00 9.452650E-03
3.099232E+00 1.051967E-02
3.165208E+00 1.025881E-02
3.099031E+00 9.154810E-03
3.165088E+00 8.930194E-03
3.233360E+00 1.008568E-02
3.311829E+00 1.000107E-02
3.233316E+00 8.780035E-03
3.311860E+00 8.704738E-03
-1.922714E-01 -5.821040E-01
-2.535116E-01 -5.983207E-01
-1.162492E-01 -5.660037E-01
-2.087730E-01 -6.066269E-01
-2.699358E-01 -6.228439E-01
-1.329079E-01 -5.904582E-01
-3.877425E-02 -5.498501E-01
3.854388E-02 -5.335878E-01
-5.589295E-02 -5.739906E-01
2.096132E-02 -5.575191E-01
1.156019E-01 -5.172827E-01
1.924814E-01 -5.009003E-01
9.764498E-02 -5.411639E-01
1.741394E-01 -5.248028E-01
2.692235E-01 -4.842957E-01
3.458577E-01 -4.672666E-01
2.504082E-01 -5.082498E-01
3.264337E-01 -4.912961E-01
4.224322E-01 -4.495721E-01
4.990290E-01 -4.309291E-01
4.022278E-01 -4.737074E-01
4.778381E-01 -4.552128E-01
5.757761E-01 -4.110004E-01
6.528606E-01 -3.893753E-01
5.533560E-01 -4.354892E-01
6.289309E-01 -4.141388E-01
7.305435E-01 -3.655435E-01
8.091685E-01 -3.388695E-01
7.047934E-01 -3.906546E-01
7.812930E-01 -3.643673E-01
8.891234E-01 -3.085991E-01
9.706117E-01 -2.740311E-01
8.589512E-01 -3.343643E-01
9.384957E-01 -2.994008E-01
1.052925E+00 -2.351882E-01
1.133451E+00 -1.939183E-01
1.020609E+00 -2.580313E-01
1.104269E+00 -2.100801E-01
1.208710E+00 -1.533454E-01
1.277210E+00 -1.154292E-01
1.183901E+00 -1.598038E-01
1.253947E+00 -1.128436E-01
1.340062E+00 -8.076544E-02
1.399671E+00 -5.049805E-02
1.315579E+00 -7.118407E-02
1.374024E+00 -3.766902E-02
1.459925E+00 -2.663801E-02
1.523727E+00 -1.026982E-02
1.436763E+00 -1.561211E-02
1.505447E+00 -3.363465E-03
1.591262E+00 -8.796147E-05
1.661204E+00 6.044170E-03
1.577534E+00 3.255109E-03
1.650873E+00 6.969194E-03
1.732313E+00 9.733426E-03
1.803812E+00 1.194268E-02
1.724390E+00 9.119319E-03
1.797608E+00 1.036185E-02
1.875271E+00 1.322359E-02
1.946466E+00 1.389926E-02
1.870324E+00 1.104100E-02
1.942461E+00 1.135184E-02
2.017281E+00 1.416728E-02
2.087664E+00 1.415423E-02
2.014001E+00 1.141291E-02
2.084951E+00 1.130067E-02
2.157594E+00 1.394493E-02
2.227070E+00 1.359860E-02
2.155334E+00 1.106702E-02
2.225178E+00 1.074880E-02
2.296106E+00 1.315812E-02
2.364717E+00 1.265564E-02
2.294515E+00 1.037312E-02
2.363376E+00 9.960649E-03
2.432926E+00 1.211595E-02
2.500757E+00 1.155873E-02
2.431794E+00 9.527609E-03
2.499802E+00 9.087047E-03
2.568236E+00 1.099991E-02
2.635390E+00 1.045264E-02
2.567431E+00 8.649679E-03
2.634713E+00 8.224446E-03
2.702246E+00 9.927878E-03
2.768833E+00 9.434822E-03
2.701681E+00 7.818878E-03
2.768364E+00 7.439337E-03
2.835181E+00 8.981171E-03
2.901317E+00 8.573297E-03
2.834796E+00 7.091175E-03
2.901007E+00 6.778830E-03
2.967273E+00 8.216354E-03
3.033091E+00 7.914348E-03
2.967030E+00 6.505892E-03
3.032909E+00 6.275133E-03
3.098868E+00 7.670180E-03
3.164991E+00 7.485672E-03
3.098741E+00 6.088537E-03
3.164917E+00 5.947308E-03
3.233282E+00 7.361589E-03
3.311890E+00 7.298084E-03
3.233258E+00 5.851889E-03
3.311915E+00 5.802292E-03
-2.254516E-01 -6.311542E-01
-2.867485E-01 -6.473330E-01
-1.500063E-01 -6.144369E-01
-2.429619E-01 -6.556620E-01
-3.038703E-01 -6.715070E-01
-1.689132E-01 -6.370592E-01
-7.360389E-02 -5.975111E-01
2.973494E-03 -5.809776E-01
-9.256735E-02 -6.199513E-01
-1.594842E-02 -6.034891E-01
7.943710E-02 -5.646574E-01
1.556330E-01 -5.483369E-01
6.043262E-02 -5.872292E-01
1.364028E-01 -5.709336E-01
2.314737E-01 -5.318198E-01
3.069089E-01 -5.149054E-01
2.118619E-01 -5.544157E-01
2.867385E-01 -5.374884E-01
3.819183E-01 -4.973724E-01
4.565112E-01 -4.789659E-01
3.609826E-01 -5.199441E-01
4.345639E-01 -5.015422E-01
5.307312E-01 -4.593820E-01
6.046664E-01 -4.382470E-01
5.074735E-01 -4.819956E-01
5.797272E-01 -4.609521E-01
6.784680E-01 -4.150840E-01
7.523862E-01 -3.892583E-01
6.513736E-01 -4.379651E-01
7.225118E-01 -4.124445E-01
8.268383E-01 -3.598787E-01
9.025445E-01 -3.256098E-01
7.933273E-01 -3.835703E-01
8.641747E-01 -3.501213E-01
9.807912E-01 -2.843049E-01
1.063577E+00 -2.325706E-01
9.357909E-01 -3.100976E-01
1.010000E+00 -2.596842E-01
1.149528E+00 -1.691664E-01
1.224323E+00 -1.063860E-01
1.092302E+00 -1.895679E-01
1.181927E+00 -9.240809E-02
1.284222E+00 -5.416769E-02
1.344317E+00 -2.072440E-02
1.241906E+00 -2.497046E-02
1.317524E+00 -5.710600E-03
1.414984E+00 -5.701100E-03
1.490609E+00 9.404815E-04
1.399939E+00 -3.223676E-04
1.481302E+00 2.006951E-03
1.567165E+00 4.292904E-03
1.643316E+00 6.150509E-03
1.560864E+00 3.240224E-03
1.638775E+00 3.948220E-03
1.718678E+00 7.218075E-03
1.793165E+00 7.819756E-03
1.715259E+00 4.360203E-03
1.790509E+00 4.588232E-03
1.866793E+00 8.125252E-03
1.939607E+00 8.232680E-03
1.864682E+00 4.694622E-03
1.937901E+00 4.717310E-03
2.011664E+00 8.203292E-03
2.083019E+00 8.077721E-03
2.010267E+00 4.681001E-03
2.081864E+00 4.602656E-03
2.153725E+00 7.884288E-03
2.223831E+00 7.643571E-03
2.152763E+00 4.494435E-03
2.223024E+00 4.365379E-03
2.293382E+00 7.371073E-03
2.362421E+00 7.078835E-03
2.292703E+00 4.222433E-03
2.361849E+00 4.071082E-03
2.430988E+00 6.776473E-03
2.499121E+00 6.471842E-03
2.430505E+00 3.915764E-03
2.498713E+00 3.760147E-03
2.566857E+00 6.171477E-03
2.634231E+00 5.880887E-03
2.566513E+00 3.607311E-03
2.633941E+00 3.459874E-03
2.701277E+00 5.604753E-03
2.768029E+00 5.347055E-03
2.701035E+00 3.320073E-03
2.767829E+00 3.189818E-03
2.834521E+00 5.111155E-03
2.900785E+00 4.899846E-03
2.834356E+00 3.070727E-03
2.900653E+00 2.964147E-03
2.966857E+00 4.715386E-03
3.032779E+00 4.559512E-03
2.966753E+00 2.871165E-03
3.032701E+00 2.792616E-03
3.098652E+00 4.433451E-03
3.164865E+00 4.337928E-03
3.098598E+00 2.729085E-03
3.164834E+00 2.680910E-03
3.233242E+00 4.273176E-03
3.311934E+00 4.239153E-03
3.233233E+00 2.648189E-03
3.311946E+00 2.630886E-03
1.307466E+00 9.999721E-04
1.212962E+00 9.999728E-04
1.317524E+00 7.710544E-03
1.241906E+00 2.697041E-02
1.394874E+00 9.999714E-04
1.478212E+00 9.999709E-04
1.399939E+00 2.322311E-03
1.481302E+00 -7.008775E-06
1.558775E+00 9.999705E-04
1.637268E+00 9.999702E-04
1.560864E+00 -1.240283E-03
1.638775E+00 -1.948280E-03
1.714123E+00 9.999700E-04
1.789627E+00 9.999700E-04
1.715259E+00 -2.360262E-03
1.790509E+00 -2.588292E-03
1.863981E+00 9.999700E-04
1.937334E+00 9.999702E-04
1.864682E+00 -2.694682E-03
1.937901E+00 -2.717370E-03
2.009803E+00 9.999705E-04
2.081480E+00 9.999709E-04
2.010267E+00 -2.681060E-03
2.081864E+00 -2.602715E-03
2.152442E+00 9.999714E-04
2.222756E+00 9.999720E-04
2.152763E+00 -2.494492E-03
2.223024E+00 -2.365435E-03
2.292478E+00 9.999726E-04
2.361658E+00 9.999734E-04
2.292703E+00 -2.222488E-03
2.361849E+00 -2.071135E-03
2.430344E+00 9.999743E-04
2.498577E+00 9.999752E-04
2.430505E+00 -1.915815E-03
2.498713E+00 -1.760196E-03
2.566398E+00 9.999762E-04
2.633845E+00 9.999773E-04
2.566513E+00 -1.607358E-03
2.633941E+00 -1.459920E-03
2.700954E+00 9.999784E-04
2.767762E+00 9.999795E-04
2.701035E+00 -1.320116E-03
2.767829E+00 -1.189859E-03
2.834302E+00 9.999806E-04
2.900609E+00 9.999817E-04
2.834356E+00 -1.070766E-03
2.900653E+00 -9.641839E-04
2.966718E+00 9.999829E-04
3.032675E+00 9.999840E-04
2.966753E+00 -8.711996E-04
3.032701E+00 -7.926480E-04
3.098580E+00 9.999852E-04
3.164823E+00 9.999863E-04
3.098598E+00 -7.291144E-04
3.164834E+00 -6.809379E-04
3.233230E+00 9.999874E-04
3.311950E+00 9.999885E-04
3.233233E+00 -6.482145E-04
3.311946E+00 -6.309093E-04
-3.038703E-01 6.735070E-01
-2.429619E-01 6.576620E-01
-2.254516E-01 6.331542E-01
-2.867485E-01 6.493330E-01
-1.689132E-01 6.390592E-01
-1.500063E-01 6.164369E-01
-2.087730E-01 6.086269E-01
-2.699358E-01 6.248439E-01
-1.329079E-01 5.924582E-01
-9.256735E-02 6.219513E-01
-7.360389E-02 5.995111E-01
-1.594842E-02 6.054891E-01
2.973498E-03 5.829776E-01
-5.589295E-02 5.759906E-01
2.096132E-02 5.595191E-01
6.043262E-02 5.892292E-01
7.943710E-02 5.666573E-01
1.364028E-01 5.729336E-01
1.556330E-01 5.503369E-01
9.764499E-02 5.431639E-01
1.741394E-01 5.268028E-01
2.118619E-01 5.564156E-01
2.314737E-01 5.338198E-01
2.867385E-01 5.394884E-01
3.069089E-01 5.169053E-01
2.504082E-01 5.102497E-01
3.264337E-01 4.932960E-01
3.609826E-01 5.219441E-01
3.819183E-01 4.993724E-01
4.345639E-01 5.035422E-01
4.565112E-01 4.809659E-01
4.022278E-01 4.757074E-01
4.778381E-01 4.572128E-01
5.074735E-01 4.839956E-01
5.307312E-01 4.613820E-01
5.797272E-01 4.629521E-01
6.046664E-01 4.402469E-01
5.533560E-01 4.374892E-01
6.289309E-01 4.161387E-01
6.513736E-01 4.399650E-01
6.784680E-01 4.170840E-01
7.225118E-01 4.144445E-01
7.523862E-01 3.912583E-01
7.047934E-01 3.926546E-01
7.812930E-01 3.663673E-01
7.933273E-01 3.855703E-01
8.268383E-01 3.618787E-01
8.641747E-01 3.521212E-01
9.025445E-01 3.276098E-01
8.589512E-01 3.363642E-01
9.384957E-01 3.014007E-01
9.357909E-01 3.120975E-01
9.807912E-01 2.863049E-01
1.010000E+00 2.616842E-01
1.063577E+00 2.345706E-01
1.020609E+00 2.600312E-01
1.104269E+00 2.120800E-01
1.092302E+00 1.915678E-01
1.149528E+00 1.711663E-01
1.181927E+00 9.440804E-02
1.224323E+00 1.083860E-01
1.183901E+00 1.618037E-01
1.253947E+00 1.148435E-01
1.284222E+00 5.616763E-02
1.344317E+00 2.272434E-02
1.315579E+00 7.318402E-02
1.374024E+00 3.966897E-02
1.414984E+00 7.701043E-03
1.490609E+00 1.059461E-03
1.436763E+00 1.761205E-02
1.505447E+00 5.363407E-03
1.567165E+00 -2.292963E-03
1.643316E+00 -4.150568E-03
1.577534E+00 -1.255167E-03
1.650873E+00 -4.969253E-03
1.718678E+00 -5.218135E-03
1.793165E+00 -5.819816E-03
1.724390E+00 -7.119378E-03
1.797608E+00 -8.361906E-03
1.866793E+00 -6.125311E-03
1.939607E+00 -6.232739E-03
1.870324E+00 -9.041061E-03
1.942461E+00 -9.351903E-03
2.011664E+00 -6.203351E-03
2.083019E+00 -6.077779E-03
2.014001E+00 -9.412968E-03
2.084951E+00 -9.300723E-03
2.153725E+00 -5.884345E-03
2.223831E+00 -5.643627E-03
2.155334E+00 -9.067080E-03
2.225178E+00 -8.748854E-03
2.293382E+00 -5.371127E-03
2.362421E+00 -5.078888E-03
2.294515E+00 -8.373172E-03
2.363376E+00 -7.960702E-03
2.430988E+00 -4.776525E-03
2.499121E+00 -4.471892E-03
2.431794E+00 -7.527660E-03
2.499802E+00 -7.087096E-03
2.566857E+00 -4.171525E-03
2.634231E+00 -3.880933E-03
2.567431E+00 -6.649726E-03
2.634713E+00 -6.224491E-03
2.701277E+00 -3.604796E-03
2.768029E+00 -3.347096E-03
2.701681E+00 -5.818921E-03
2.768364E+00 -5.439378E-03
2.834521E+00 -3.111194E-03
2.900785E+00 -2.899883E-03
2.834796E+00 -5.091213E-03
2.901007E+00 -4.778867E-03
2.966857E+00 -2.715420E-03
3.032779E+00 -2.559543E-03
2.967030E+00 -4.505926E-03
3.032909E+00 -4.275165E-03
3.098651E+00 -2.433480E-03
3.164865E+00 -2.337956E-03
3.098741E+00 -4.088566E-03
3.164917E+00 -3.947335E-03
3.233242E+00 -2.273201E-03
3.311934E+00 -2.239176E-03
3.233258E+00 -3.851913E-03
3.311915E+00 -3.802315E-03
-1.922714E-01 5.841040E-01
-2.535116E-01 6.003207E-01
-1.162492E-01 5.680037E-01
-1.757443E-01 5.593995E-01
-2.371361E-01 5.756633E-01
-9.952723E-02 5.433114E-01
-3.877424E-02 5.518501E-01
3.854389E-02 5.355878E-01
-2.173280E-02 5.272883E-01
5.602532E-02 5.112142E-01
1.156019E-01 5.192827E-01
1.924814E-01 5.029003E-01
1.335378E-01 4.950259E-01
2.108741E-01 4.786702E-01
2.692235E-01 4.862957E-01
3.458577E-01 4.692666E-01
2.881258E-01 4.620306E-01
3.653710E-01 4.449224E-01
4.224322E-01 4.515720E-01
4.990290E-01 4.329290E-01
4.426934E-01 4.271085E-01
5.202018E-01 4.083049E-01
5.757762E-01 4.130004E-01
6.528606E-01 3.913752E-01
5.980409E-01 3.881762E-01
6.763968E-01 3.663273E-01
7.305435E-01 3.675434E-01
8.091685E-01 3.408695E-01
7.554868E-01 3.423031E-01
8.355101E-01 3.156197E-01
8.891234E-01 3.105990E-01
9.706117E-01 2.760311E-01
9.164915E-01 2.858940E-01
9.979331E-01 2.531732E-01
1.052925E+00 2.371881E-01
1.133451E+00 1.959182E-01
1.078410E+00 2.183906E-01
1.155833E+00 1.832901E-01
1.208710E+00 1.553454E-01
1.277210E+00 1.174291E-01
1.228640E+00 1.494461E-01
1.296528E+00 1.175772E-01
1.340062E+00 8.276539E-02
1.399671E+00 5.249799E-02
1.360246E+00 8.793040E-02
1.421129E+00 6.104229E-02
1.459925E+00 2.863796E-02
1.523727E+00 1.226977E-02
1.481252E+00 3.798572E-02
1.542791E+00 1.993077E-02
1.591262E+00 2.087904E-03
1.661204E+00 -4.044229E-03
1.606973E+00 7.083565E-03
1.673692E+00 -1.461840E-03
1.732313E+00 -7.733485E-03
1.803812E+00 -9.942740E-03
1.742176E+00 -6.950308E-03
1.811657E+00 -1.040310E-02
1.875271E+00 -1.122365E-02
1.946466E+00 -1.189932E-02
1.881581E+00 -1.251557E-02
1.951598E+00 -1.373415E-02
2.017281E+00 -1.216734E-02
2.087664E+00 -1.215429E-02
2.021497E+00 -1.434474E-02
2.091155E+00 -1.453432E-02
2.157594E+00 -1.194499E-02
2.227070E+00 -1.159866E-02
2.160503E+00 -1.442894E-02
2.229508E+00 -1.411638E-02
2.296106E+00 -1.115818E-02
2.364717E+00 -1.065569E-02
2.298155E+00 -1.365975E-02
2.366444E+00 -1.310588E-02
2.432926E+00 -1.011600E-02
2.500757E+00 -9.558780E-03
2.434383E+00 -1.249049E-02
2.501986E+00 -1.184156E-02
2.568236E+00 -8.999961E-03
2.635390E+00 -8.452686E-03
2.569271E+00 -1.118153E-02
2.636259E+00 -1.052868E-02
2.702246E+00 -7.927921E-03
2.768833E+00 -7.434863E-03
2.702973E+00 -9.898147E-03
2.769436E+00 -9.302525E-03
2.835180E+00 -6.981210E-03
2.901317E+00 -6.573333E-03
2.835675E+00 -8.752312E-03
2.901715E+00 -8.256176E-03
2.967273E+00 -6.216388E-03
3.033091E+00 -5.914380E-03
2.967585E+00 -7.821136E-03
3.033326E+00 -7.452682E-03
3.098868E+00 -5.670210E-03
3.164991E+00 -5.485699E-03
3.099031E+00 -7.154839E-03
3.165088E+00 -6.930220E-03
3.233282E+00 -5.361613E-03
3.311890E+00 -5.298106E-03
3.233316E+00 -6.780059E-03
3.311860E+00 -6.704760E-03
-1.591259E-01 5.344053E-01
-2.207235E-01 5.507015E-01
-8.268221E-02 5.183360E-01
-1.424510E-01 5.090449E-01
-2.042929E-01 5.253207E-01
-6.576130E-02 4.930317E-01
-4.603797E-03 5.023928E-01
7.352831E-02 4.864519E-01
1.259017E-02 4.771788E-01
9.105099E-02 4.613583E-01
1.514844E-01 4.703931E-01
2.292999E-01 4.541098E-01
1.694022E-01 4.454303E-01
2.476663E-01 4.292541E-01
3.070717E-01 4.374768E-01
3.849053E-01 4.203217E-01
3.259275E-01 4.126829E-01
4.042919E-01 3.955470E-01
4.629092E-01 4.024214E-01
5.412033E-01 3.835073E-01
4.828707E-01 3.776426E-01
5.617722E-01 3.587350E-01
6.199215E-01 3.632716E-01
6.992008E-01 3.413784E-01
6.410889E-01 3.385738E-01
7.208679E-01 3.169240E-01
7.791388E-01 3.174983E-01
8.596941E-01 2.913967E-01
8.010483E-01 2.936271E-01
8.813633E-01 2.687001E-01
9.405065E-01 2.631082E-01
1.020710E+00 2.331515E-01
9.612448E-01 2.424481E-01
1.039842E+00 2.154891E-01
1.099004E+00 2.025425E-01
1.174155E+00 1.723990E-01
1.116244E+00 1.885877E-01
1.189790E+00 1.623812E-01
1.245517E+00 1.434644E-01
1.313115E+00 1.160316E-01
1.260228E+00 1.372256E-01
1.327658E+00 1.132490E-01
1.377451E+00 9.022169E-02
1.439350E+00 6.631782E-02
1.392434E+00 9.051529E-02
1.455100E+00 6.918627E-02
1.500015E+00 4.491486E-02
1.560875E+00 2.683149E-02
1.516411E+00 4.961105E-02
1.577304E+00 3.232072E-02
1.623158E+00 1.263970E-02
1.687409E+00 2.260350E-03
1.638738E+00 1.784228E-02
1.701411E+00 6.426023E-03
1.753479E+00 -4.936826E-03
1.820883E+00 -9.744794E-03
1.765575E+00 -2.084756E-03
1.831097E+00 -8.140981E-03
1.889118E+00 -1.285198E-02
1.957786E+00 -1.477006E-02
1.897652E+00 -1.228162E-02
1.964897E+00 -1.499307E-02
2.026609E+00 -1.585659E-02
2.095403E+00 -1.635753E-02
2.032540E+00 -1.666032E-02
2.100364E+00 -1.757034E-02
2.164053E+00 -1.644338E-02
2.232485E+00 -1.623449E-02
2.168213E+00 -1.793234E-02
2.235985E+00 -1.789868E-02
2.300660E+00 -1.581781E-02
2.368556E+00 -1.525779E-02
2.303609E+00 -1.758144E-02
2.371044E+00 -1.706444E-02
2.436165E+00 -1.460335E-02
2.503489E+00 -1.389256E-02
2.438265E+00 -1.641155E-02
2.505261E+00 -1.567243E-02
2.570537E+00 -1.315569E-02
2.637321E+00 -1.241722E-02
2.572028E+00 -1.488642E-02
2.638573E+00 -1.408525E-02
2.703860E+00 -1.169728E-02
2.770172E+00 -1.101250E-02
2.704905E+00 -1.329482E-02
2.771038E+00 -1.253650E-02
2.836277E+00 -1.037670E-02
2.902201E+00 -9.801260E-03
2.836987E+00 -1.182795E-02
2.902773E+00 -1.118374E-02
2.967967E+00 -9.295418E-03
3.033613E+00 -8.866433E-03
2.968417E+00 -1.061568E-02
3.033953E+00 -1.013313E-02
3.099232E+00 -8.519702E-03
3.165208E+00 -8.258835E-03
3.099472E+00 -9.743116E-03
3.165354E+00 -9.450475E-03
3.233360E+00 -8.085703E-03
3.311829E+00 -8.001095E-03
3.233416E+00 -9.257910E-03
3.311797E+00 -9.166740E-03
-1.257991E-01 4.832693E-01
-1.879084E-01 4.994487E-01
-4.885427E-02 4.673727E-01
-1.092721E-01 4.570539E-01
-1.716588E-01 4.730445E-01
-3.207315E-02 4.413525E-01
2.975970E-02 4.516529E-01
1.085138E-01 4.359789E-01
4.678696E-02 4.258312E-01
1.257978E-01 4.103585E-01
1.872042E-01 4.202046E-01
2.658531E-01 4.041758E-01
2.047678E-01 3.947888E-01
2.837203E-01 3.789683E-01
3.445315E-01 3.877338E-01
4.233287E-01 3.707118E-01
3.627133E-01 3.627407E-01
4.418105E-01 3.459521E-01
5.023351E-01 3.529309E-01
5.816226E-01 3.342055E-01
5.210649E-01 3.284561E-01
6.004956E-01 3.101254E-01
6.612186E-01 3.143654E-01
7.410654E-01 2.932970E-01
6.800574E-01 2.908765E-01
7.596037E-01 2.707063E-01
8.209639E-01 2.710042E-01
9.005219E-01 2.476723E-01
8.388566E-01 2.497309E-01
9.174061E-01 2.282026E-01
9.791581E-01 2.236906E-01
1.056207E+00 1.995793E-01
9.947629E-01 2.064779E-01
1.070460E+00 1.849357E-01
1.131095E+00 1.758397E-01
1.203480E+00 1.528232E-01
1.144150E+00 1.638855E-01
1.215658E+00 1.435195E-01
1.273272E+00 1.307034E-01
1.340583E+00 1.095368E-01
1.284965E+00 1.239214E-01
1.352172E+00 1.051127E-01
1.405670E+00 8.935658E-02
1.468909E+00 7.025985E-02
1.417474E+00 8.710889E-02
1.481141E+00 6.996926E-02
1.530806E+00 5.246137E-02
1.591995E+00 3.630535E-02
1.543529E+00 5.383044E-02
1.605082E+00 3.891943E-02
1.653178E+00 2.219374E-02
1.714987E+00 1.044068E-02
1.666310E+00 2.552641E-02
1.727727E+00 1.393220E-02
1.777832E+00 1.135057E-03
1.841829E+00 -5.887766E-03
1.789754E+00 4.313855E-03
1.852635E+00 -3.318348E-03
1.906870E+00 -1.096061E-02
1.972730E+00 -1.446843E-02
1.916425E+00 -9.115320E-03
1.981037E+00 -1.333001E-02
2.039164E+00 -1.676836E-02
2.105956E+00 -1.815660E-02
2.046310E+00 -1.624848E-02
2.112065E+00 -1.814151E-02
2.172935E+00 -1.886539E-02
2.239973E+00 -1.907224E-02
2.178139E+00 -1.924197E-02
2.244398E+00 -1.973987E-02
2.306981E+00 -1.891202E-02
2.373894E+00 -1.848763E-02
2.310738E+00 -1.978632E-02
2.377081E+00 -1.950033E-02
2.440674E+00 -1.787846E-02
2.507293E+00 -1.714661E-02
2.443372E+00 -1.897567E-02
2.509573E+00 -1.828672E-02
2.573740E+00 -1.634141E-02
2.640010E+00 -1.550262E-02
2.575661E+00 -1.749307E-02
2.641622E+00 -1.664295E-02
2.706104E+00 -1.466268E-02
2.772031E+00 -1.384827E-02
2.707450E+00 -1.577581E-02
2.773146E+00 -1.492417E-02
2.837801E+00 -1.308146E-02
2.903430E+00 -1.238041E-02
2.838715E+00 -1.411487E-02
2.904167E+00 -1.337010E-02
2.968934E+00 -1.175990E-02
3.034345E+00 -1.123170E-02
2.969515E+00 -1.270792E-02
3.034786E+00 -1.214282E-02
3.099749E+00 -1.080474E-02
3.165525E+00 -1.048534E-02
3.100064E+00 -1.168591E-02
3.165722E+00 -1.134517E-02
3.233487E+00 -1.027721E-02
3.311768E+00 -1.018237E-02
3.233572E+00 -1.112557E-02
3.311743E+00 -1.102995E-02
-9.298569E-02 4.303946E-01
-1.556479E-01 4.460916E-01
-1.554347E-02 4.149813E-01
-7.706481E-02 4.033055E-01
-1.399907E-01 4.185950E-01
6.009855E-04 3.882841E-01
6.353886E-02 3.997417E-01
1.427646E-01 3.845471E-01
7.987425E-02 3.734232E-01
1.592668E-01 3.586008E-01
2.219493E-01 3.692582E-01
3.011140E-01 3.537312E-01
2.385964E-01 3.436894E-01
3.178769E-01 3.285622E-01
3.803015E-01 3.378246E-01
4.595455E-01 3.214087E-01
3.971331E-01 3.131011E-01
4.763680E-01 2.972084E-01
5.388552E-01 3.043766E-01
6.181941E-01 2.866603E-01
5.555499E-01 2.808192E-01
6.345963E-01 2.639169E-01
6.974549E-01 2.682517E-01
7.764381E-01 2.492252E-01
7.133606E-01 2.465466E-01
7.916278E-01 2.288222E-01
8.548490E-01 2.297492E-01
9.323254E-01 2.100715E-01
8.691278E-01 2.109186E-01
9.455703E-01 1.930455E-01
1.008496E+00 1.904741E-01
1.083050E+00 1.712136E-01
1.020690E+00 1.754091E-01
1.094283E+00 1.581769E-01
1.155781E+00 1.524763E-01
1.226599E+00 1.343652E-01
1.166228E+00 1.414582E-01
1.236485E+00 1.253056E-01
1.295518E+00 1.169175E-01
1.362625E+00 1.001365E-01
1.305078E+00 1.097314E-01
1.372083E+00 9.472893E-02
1.428070E+00 8.402677E-02
1.492055E+00 6.862382E-02
1.437617E+00 8.029547E-02
1.501836E+00 6.645139E-02
1.554839E+00 5.401649E-02
1.616745E+00 4.035731E-02
1.564935E+00 5.325481E-02
1.627154E+00 4.080979E-02
1.678148E+00 2.785297E-02
1.739450E+00 1.672870E-02
1.688776E+00 2.926364E-02
1.750113E+00 1.878947E-02
1.801025E+00 7.171395E-03
1.863154E+00 -7.259208E-04
1.811477E+00 9.553490E-03
1.873138E+00 1.675430E-03
1.925988E+00 -6.990078E-03
1.989552E+00 -1.175336E-02
1.935288E+00 -4.802204E-03
1.998025E+00 -9.922731E-03
2.053778E+00 -1.521319E-02
2.118545E+00 -1.758918E-02
2.061359E+00 -1.380055E-02
2.125234E+00 -1.659349E-02
2.183723E+00 -1.909249E-02
2.249186E+00 -1.990987E-02
2.189563E+00 -1.847498E-02
2.254245E+00 -1.961376E-02
2.314828E+00 -2.019880E-02
2.380565E+00 -2.008869E-02
2.319184E+00 -2.016248E-02
2.384297E+00 -2.025338E-02
2.446331E+00 -1.968466E-02
2.512079E+00 -1.907189E-02
2.449515E+00 -1.999817E-02
2.514783E+00 -1.948999E-02
2.577776E+00 -1.831962E-02
2.643398E+00 -1.748445E-02
2.580061E+00 -1.880617E-02
2.645319E+00 -1.801083E-02
2.708933E+00 -1.661296E-02
2.774374E+00 -1.574370E-02
2.710538E+00 -1.715734E-02
2.775705E+00 -1.629014E-02
2.839722E+00 -1.490860E-02
2.904980E+00 -1.413410E-02
2.840813E+00 -1.544631E-02
2.905861E+00 -1.465665E-02
2.970157E+00 -1.344186E-02
3.035275E+00 -1.284930E-02
2.970854E+00 -1.394651E-02
3.035808E+00 -1.333642E-02
3.100414E+00 -1.236992E-02
3.165945E+00 -1.201361E-02
3.100798E+00 -1.284244E-02
3.166193E+00 -1.247649E-02
3.233674E+00 -1.178672E-02
3.311726E+00 -1.169310E-02
3.233792E+00 -1.224647E-02
3.311716E+00 -1.215736E-02
-6.163979E-02 3.758156E-01
-1.248088E-01 3.905783E-01
1.622269E-02 3.612977E-01
-4.684206E-02 3.479661E-01
-1.102269E-01 3.620807E-01
3.118497E-02 3.340672E-01
9.564964E-02 3.469226E-01
1.751566E-01 3.325793E-01
1.107247E-01 3.202912E-01
1.902922E-01 3.065416E-01
2.545587E-01 3.181565E-01
3.338592E-01 3.035495E-01
2.696961E-01 2.927267E-01
3.489276E-01 2.787665E-01
4.130634E-01 2.886685E-01
4.921472E-01 2.734496E-01
4.279740E-01 2.646000E-01
5.067904E-01 2.501948E-01
5.710468E-01 2.578664E-01
6.496508E-01 2.419402E-01
5.852930E-01 2.355545E-01
6.633593E-01 2.207237E-01
7.277981E-01 2.257453E-01
8.052850E-01 2.094049E-01
7.408330E-01 2.057863E-01
8.175367E-01 1.908562E-01
8.818852E-01 1.930747E-01
9.573791E-01 1.769179E-01
8.932912E-01 1.760602E-01
9.679361E-01 1.615187E-01
1.031582E+00 1.610784E-01
1.104364E+00 1.456626E-01
1.041346E+00 1.473290E-01
1.113439E+00 1.335565E-01
1.175656E+00 1.307326E-01
1.245442E+00 1.163121E-01
1.184177E+00 1.202345E-01
1.253559E+00 1.073697E-01
1.313752E+00 1.023994E-01
1.380651E+00 8.898236E-02
1.321618E+00 9.495282E-02
1.388410E+00 8.296892E-02
1.446234E+00 7.605374E-02
1.510623E+00 6.362370E-02
1.454010E+00 7.140777E-02
1.518519E+00 6.027278E-02
1.573968E+00 5.173009E-02
1.636454E+00 4.044454E-02
1.582054E+00 4.958805E-02
1.644762E+00 3.940307E-02
1.698297E+00 2.987258E-02
1.759742E+00 2.014500E-02
1.706811E+00 2.979378E-02
1.768392E+00 2.085839E-02
1.821042E+00 1.139933E-02
1.882439E+00 3.753947E-03
1.829714E+00 1.270686E-02
1.890982E+00 5.444481E-03
1.944129E+00 -2.717745E-03
2.006247E+00 -8.003397E-03
1.952380E+00 -8.471012E-04
2.014057E+00 -6.125944E-03
2.068858E+00 -1.215263E-02
2.131964E+00 -1.526439E-02
2.076108E+00 -1.039770E-02
2.138579E+00 -1.371336E-02
2.195524E+00 -1.746768E-02
2.259469E+00 -1.890288E-02
2.201468E+00 -1.615909E-02
2.264743E+00 -1.784255E-02
2.323724E+00 -1.970787E-02
2.388214E+00 -2.000968E-02
2.328354E+00 -1.887994E-02
2.392243E+00 -1.938617E-02
2.452874E+00 -1.992080E-02
2.517647E+00 -1.953844E-02
2.456350E+00 -1.946870E-02
2.520625E+00 -1.922436E-02
2.582488E+00 -1.894547E-02
2.647364E+00 -1.821203E-02
2.585021E+00 -1.873839E-02
2.649503E+00 -1.808473E-02
2.712248E+00 -1.739731E-02
2.777123E+00 -1.655116E-02
2.714039E+00 -1.732693E-02
2.778610E+00 -1.651926E-02
2.841976E+00 -1.571548E-02
2.906802E+00 -1.492534E-02
2.843197E+00 -1.570785E-02
2.907789E+00 -1.493160E-02
2.971598E+00 -1.420975E-02
3.036378E+00 -1.359235E-02
2.972381E+00 -1.422295E-02
3.036980E+00 -1.360855E-02
3.101212E+00 -1.309184E-02
3.166463E+00 -1.272224E-02
3.101651E+00 -1.310960E-02
3.166753E+00 -1.274224E-02
3.233927E+00 -1.249309E-02
3.311717E+00 -1.241058E-02
3.234077E+00 -1.251769E-02
3.311728E+00 -1.244332E-02
-3.279989E-02 3.198066E-01
-9.636871E-02 3.331539E-01
4.535669E-02 3.066424E-01
-1.963407E-02 2.913916E-01
-8.335253E-02 3.038585E-01
5.861667E-02 2.790739E-01
1.249675E-01 2.935805E-01
2.045435E-01 2.805418E-01
1.382590E-01 2.668389E-01
2.177974E-01 2.546257E-01
2.838852E-01 2.674558E-01
3.629716E-01 2.542670E-01
2.970234E-01 2.423850E-01
3.759059E-01 2.300839E-01
4.417761E-01 2.409411E-01
5.202406E-01 2.274710E-01
4.544092E-01 2.177100E-01
5.324702E-01 2.052744E-01
5.982738E-01 2.138805E-01
6.757559E-01 2.002247E-01
6.099998E-01 1.928121E-01
6.868898E-01 1.803795E-01
7.525474E-01 1.865846E-01
8.285026E-01 1.730562E-01
7.630233E-01 1.680479E-01
8.382856E-01 1.558937E-01
9.034849E-01 1.597370E-01
9.773797E-01 1.467123E-01
9.125754E-01 1.439887E-01
9.858126E-01 1.323913E-01
1.050103E+00 1.340459E-01
1.121606E+00 1.217764E-01
1.057943E+00 1.211419E-01
1.128937E+00 1.102613E-01
1.191869E+00 1.099189E-01
1.260902E+00 9.847061E-02
1.198791E+00 9.975369E-02
1.267517E+00 8.961068E-02
1.328735E+00 8.741816E-02
1.395417E+00 7.674531E-02
1.335145E+00 7.981710E-02
1.401719E+00 7.035647E-02
1.461013E+00 6.644023E-02
1.525603E+00 5.650178E-02
1.467294E+00 6.121625E-02
1.531938E+00 5.239240E-02
1.589285E+00 4.694468E-02
1.652173E+00 3.780302E-02
1.595729E+00 4.389318E-02
1.658762E+00 3.574187E-02
1.714402E+00 2.913161E-02
1.776127E+00 2.100404E-02
1.721147E+00 2.797805E-02
1.783008E+00 2.065681E-02
1.837516E+00 1.350669E-02
1.898741E+00 6.728422E-03
1.844483E+00 1.384534E-02
1.905718E+00 7.616503E-03
1.959969E+00 7.474123E-04
2.021344E+00 -4.382144E-03
1.966858E+00 2.039834E-03
2.028038E+00 -2.828495E-03
2.082978E+00 -8.639672E-03
2.144942E+00 -1.204159E-02
2.089371E+00 -6.954630E-03
2.150944E+00 -1.033261E-02
2.207268E+00 -1.463802E-02
2.269955E+00 -1.650477E-02
2.212811E+00 -1.298534E-02
2.274998E+00 -1.496116E-02
2.332980E+00 -1.773342E-02
2.396302E+00 -1.842209E-02
2.337503E+00 -1.632753E-02
2.400310E+00 -1.716371E-02
2.459879E+00 -1.866829E-02
2.523664E+00 -1.856417E-02
2.463389E+00 -1.755400E-02
2.526707E+00 -1.758230E-02
2.587617E+00 -1.819391E-02
2.651701E+00 -1.763261E-02
2.590228E+00 -1.732848E-02
2.653920E+00 -1.686615E-02
2.715885E+00 -1.694628E-02
2.780143E+00 -1.619223E-02
2.717751E+00 -1.626154E-02
2.781697E+00 -1.557331E-02
2.844457E+00 -1.541981E-02
2.908809E+00 -1.467107E-02
2.845734E+00 -1.485270E-02
2.909844E+00 -1.414393E-02
2.973190E+00 -1.398141E-02
3.037603E+00 -1.338010E-02
2.974013E+00 -1.348460E-02
3.038238E+00 -1.290606E-02
3.102108E+00 -1.289067E-02
3.167058E+00 -1.253121E-02
3.102576E+00 -1.243377E-02
3.167374E+00 -1.208750E-02
3.234239E+00 -1.231455E-02
3.311750E+00 -1.224925E-02
3.234412E+00 -1.188150E-02
3.311781E+00 -1.182552E-02
-7.454137E-03 2.627766E-01
-7.128779E-02 2.742594E-01
7.085735E-02 2.514100E-01
3.644471E-03 2.340147E-01
-6.027176E-02 2.444219E-01
8.198734E-02 2.236933E-01
1.504964E-01 2.401080E-01
2.299595E-01 2.288278E-01
1.615952E-01 2.134207E-01
2.409558E-01 2.031707E-01
3.090298E-01 2.175397E-01
3.876688E-01 2.062298E-01
3.198449E-01 1.929303E-01
3.982198E-01 1.827001E-01
4.658370E-01 1.949020E-01
5.434727E-01 1.835785E-01
4.760416E-01 1.724946E-01
5.532548E-01 1.623416E-01
6.204956E-01 1.722986E-01
6.968141E-01 1.611145E-01
6.297916E-01 1.522796E-01
7.055782E-01 1.423540E-01
7.723344E-01 1.500853E-01
8.469695E-01 1.392695E-01
7.805423E-01 1.326121E-01
8.546201E-01 1.230973E-01
9.206463E-01 1.287183E-01
9.933104E-01 1.184702E-01
9.277606E-01 1.138450E-01
9.999284E-01 1.048796E-01
1.064928E+00 1.085493E-01
1.135484E+00 9.896501E-02
1.071104E+00 9.621419E-02
1.141282E+00 8.785091E-02
1.204982E+00 8.971478E-02
1.273438E+00 8.078740E-02
1.210472E+00 7.978327E-02
1.278692E+00 7.199888E-02
1.340882E+00 7.216721E-02
1.407351E+00 6.383817E-02
1.345970E+00 6.448249E-02
1.412340E+00 5.721900E-02
1.472895E+00 5.578772E-02
1.537570E+00 4.801008E-02
1.477846E+00 5.019631E-02
1.542536E+00 4.340780E-02
1.601442E+00 4.050915E-02
1.664591E+00 3.330054E-02
1.606467E+00 3.685446E-02
1.669706E+00 3.054652E-02
1.727106E+00 2.641278E-02
1.789090E+00 1.988709E-02
1.732329E+00 2.450445E-02
1.794421E+00 1.875901E-02
1.850658E+00 1.377541E-02
1.911932E+00 8.136372E-03
1.856079E+00 1.335013E-02
1.917406E+00 8.324429E-03
1.973038E+00 3.029303E-03
2.034098E+00 -1.493134E-03
1.978512E+00 3.731114E-03
2.039505E+00 -3.831929E-04
2.095222E+00 -5.392309E-03
2.156501E+00 -8.649483E-03
2.100488E+00 -3.980212E-03
2.161553E+00 -7.035244E-03
2.218005E+00 -1.126884E-02
2.279776E+00 -1.327720E-02
2.222775E+00 -9.540870E-03
2.284211E+00 -1.150841E-02
2.341835E+00 -1.472081E-02
2.404184E+00 -1.566038E-02
2.345895E+00 -1.296700E-02
2.407848E+00 -1.396072E-02
2.466810E+00 -1.616546E-02
2.529692E+00 -1.630938E-02
2.470070E+00 -1.454457E-02
2.532555E+00 -1.478012E-02
2.592803E+00 -1.616507E-02
2.656116E+00 -1.580208E-02
2.595287E+00 -1.473159E-02
2.658244E+00 -1.446250E-02
2.719604E+00 -1.528474E-02
2.783242E+00 -1.467116E-02
2.721405E+00 -1.403325E-02
2.784747E+00 -1.349958E-02
2.847006E+00 -1.401289E-02
2.910876E+00 -1.335503E-02
2.848246E+00 -1.291166E-02
2.911882E+00 -1.231394E-02
2.974833E+00 -1.273640E-02
3.038872E+00 -1.218970E-02
2.975634E+00 -1.174521E-02
3.039492E+00 -1.123863E-02
3.103044E+00 -1.174171E-02
3.167692E+00 -1.141344E-02
3.103503E+00 -1.082154E-02
3.168006E+00 -1.051558E-02
3.234590E+00 -1.122031E-02
3.311819E+00 -1.117312E-02
3.234768E+00 -1.033686E-02
3.311863E+00 -1.029728E-02
1.358213E-02 2.051538E-01
-5.038730E-02 2.144078E-01
9.193267E-02 1.959590E-01
2.229565E-02 1.762344E-01
-4.170235E-02 1.842729E-01
1.006371E-01 1.682336E-01
1.714895E-01 1.867999E-01
2.507312E-01 1.776649E-01
1.801313E-01 1.602590E-01
2.592472E-01 1.523111E-01
3.294275E-01 1.685538E-01
4.075346E-01 1.594768E-01
3.377509E-01 1.443977E-01
4.156009E-01 1.365328E-01
4.850178E-01 1.504537E-01
5.618308E-01 1.415133E-01
4.927689E-01 1.287374E-01
5.692181E-01 1.210392E-01
6.379190E-01 1.326909E-01
7.132254E-01 1.240247E-01
6.449064E-01 1.134691E-01
7.197919E-01 1.060579E-01
7.876968E-01 1.155513E-01
8.612880E-01 1.073021E-01
7.938368E-01 9.883376E-02
8.670112E-01 9.181891E-02
9.339651E-01 9.930102E-02
1.005707E+00 9.156272E-02
9.392942E-01 8.502890E-02
1.010675E+00 7.847187E-02
1.076504E+00 8.409293E-02
1.146359E+00 7.688940E-02
1.081152E+00 7.214905E-02
1.150733E+00 6.605576E-02
1.215284E+00 6.994369E-02
1.283298E+00 6.324330E-02
1.219432E+00 6.018294E-02
1.287269E+00 5.451875E-02
1.350428E+00 5.677396E-02
1.416706E+00 5.052188E-02
1.354270E+00 4.905035E-02
1.420466E+00 4.376546E-02
1.482171E+00 4.447580E-02
1.546865E+00 3.862889E-02
1.485889E+00 3.865399E-02
1.550580E+00 3.370936E-02
1.610838E+00 3.298033E-02
1.674147E+00 2.753659E-02
1.614582E+00 2.892975E-02
1.677945E+00 2.431905E-02
1.736858E+00 2.231223E-02
1.799042E+00 1.733012E-02
1.740725E+00 1.988752E-02
1.802986E+00 1.565203E-02
1.860782E+00 1.262080E-02
1.922167E+00 8.220875E-03
1.864799E+00 1.163571E-02
1.926240E+00 7.866982E-03
1.983292E+00 4.170343E-03
2.044252E+00 5.088943E-04
1.987393E+00 4.377704E-03
2.048344E+00 1.200631E-03
2.105144E+00 -2.728385E-03
2.166056E+00 -5.515338E-03
2.109180E+00 -1.633757E-03
2.169985E+00 -4.100645E-03
2.227066E+00 -7.838338E-03
2.288236E+00 -9.698500E-03
2.230836E+00 -6.184016E-03
2.291801E+00 -7.879006E-03
2.349614E+00 -1.111215E-02
2.411231E+00 -1.210960E-02
2.352933E+00 -9.193082E-03
2.414274E+00 -1.014589E-02
2.473104E+00 -1.273259E-02
2.535238E+00 -1.303098E-02
2.475852E+00 -1.076786E-02
2.537683E+00 -1.109798E-02
2.597626E+00 -1.305932E-02
2.660257E+00 -1.287369E-02
2.599770E+00 -1.118102E-02
2.662110E+00 -1.106476E-02
2.723114E+00 -1.252898E-02
2.786178E+00 -1.207694E-02
2.724693E+00 -1.079742E-02
2.787502E+00 -1.042550E-02
2.849427E+00 -1.156482E-02
2.912840E+00 -1.103475E-02
2.850521E+00 -9.992013E-03
2.913728E+00 -9.535427E-03
2.976396E+00 -1.052389E-02
3.040082E+00 -1.006470E-02
2.977101E+00 -9.089414E-03
3.040628E+00 -8.683880E-03
3.103941E+00 -9.684461E-03
3.168306E+00 -9.404717E-03
3.104346E+00 -8.345417E-03
3.168583E+00 -8.095444E-03
3.234940E+00 -9.241465E-03
3.311909E+00 -9.208056E-03
3.235098E+00 -7.948966E-03
3.311952E+00 -7.920868E-03
2.973954E-02 1.472885E-01
-3.427395E-02 1.540620E-01
1.080625E-01 1.405340E-01
3.589541E-02 1.183360E-01
-2.816174E-02 1.237865E-01
1.141949E-01 1.128681E-01
1.874888E-01 1.338029E-01
2.664789E-01 1.271033E-01
1.935475E-01 1.074340E-01
2.724158E-01 1.020339E-01
3.448000E-01 1.204431E-01
4.224157E-01 1.138354E-01
3.505744E-01 9.666805E-02
4.279888E-01 9.135007E-02
4.993035E-01 1.073010E-01
5.754352E-01 1.008650E-01
5.046401E-01 8.609996E-02
5.805071E-01 8.093942E-02
6.507797E-01 9.455351E-02
7.253073E-01 8.839109E-02
6.555677E-01 7.588955E-02
7.298023E-01 7.096906E-02
7.989931E-01 8.239852E-02
8.718187E-01 7.659141E-02
8.031960E-01 6.619302E-02
8.757393E-01 6.157205E-02
9.437736E-01 7.097953E-02
1.014855E+00 6.556681E-02
9.474292E-01 5.711206E-02
1.018268E+00 5.281449E-02
1.085066E+00 6.035193E-02
1.154419E+00 5.532924E-02
1.088266E+00 4.867684E-02
1.157434E+00 4.469358E-02
1.222929E+00 5.049000E-02
1.290617E+00 4.582363E-02
1.225791E+00 4.085696E-02
1.293358E+00 3.715806E-02
1.357508E+00 4.131897E-02
1.423631E+00 3.696550E-02
1.360158E+00 3.358768E-02
1.426219E+00 3.013720E-02
1.489016E+00 3.275450E-02
1.553699E+00 2.868002E-02
1.491570E+00 2.679945E-02
1.556244E+00 2.356937E-02
1.617720E+00 2.473982E-02
1.681123E+00 2.093607E-02
1.620277E+00 2.044474E-02
1.683710E+00 1.742664E-02
1.743959E+00 1.727590E-02
1.806283E+00 1.377158E-02
1.746588E+00 1.451991E-02
1.808961E+00 1.173330E-02
1.868156E+00 1.044041E-02
1.929648E+00 7.304055E-03
1.870884E+00 9.079402E-03
1.932420E+00 6.574284E-03
1.990833E+00 4.387324E-03
2.051787E+00 1.716416E-03
1.993634E+00 4.236654E-03
2.054597E+00 2.086671E-03
2.112591E+00 -6.833647E-04
2.173323E+00 -2.790178E-03
2.115384E+00 1.443398E-04
2.176069E+00 -1.572361E-03
2.234059E+00 -4.588189E-03
2.294868E+00 -6.069716E-03
2.236724E+00 -3.049430E-03
2.297417E+00 -4.278622E-03
2.355808E+00 -7.236645E-03
2.416928E+00 -8.100867E-03
2.358211E+00 -5.258789E-03
2.419159E+00 -5.996560E-03
2.478263E+00 -8.683730E-03
2.539840E+00 -9.014620E-03
2.480302E+00 -6.506284E-03
2.541674E+00 -6.809234E-03
2.601671E+00 -9.128966E-03
2.663760E+00 -9.065970E-03
2.603296E+00 -6.932259E-03
2.665177E+00 -6.906065E-03
2.726103E+00 -8.866357E-03
2.788690E+00 -8.570320E-03
2.727320E+00 -6.763406E-03
2.789717E+00 -6.537340E-03
2.851503E+00 -8.215731E-03
2.914524E+00 -7.836574E-03
2.852356E+00 -6.259660E-03
2.915217E+00 -5.959385E-03
2.977732E+00 -7.461798E-03
3.041115E+00 -7.115866E-03
2.978280E+00 -5.660961E-03
3.041534E+00 -5.382256E-03
3.104708E+00 -6.822330E-03
3.168831E+00 -6.604257E-03
3.105021E+00 -5.136518E-03
3.169053E+00 -4.946036E-03
3.235237E+00 -6.477089E-03
3.311977E+00 -6.452467E-03
3.235364E+00 -4.837131E-03
3.311952E+00 -4.788828E-03
4.081733E-02 8.937440E-02
-2.342335E-02 9.332836E-02
1.190735E-01 8.524743E-02
4.483428E-02 6.039255E-02
-1.982369E-02 6.224548E-02
1.229726E-01 5.773605E-02
1.983375E-01 8.116450E-02
2.770989E-01 7.709741E-02
2.021625E-01 5.502351E-02
2.808490E-01 5.230127E-02
3.551255E-01 7.305260E-02
4.323788E-01 6.904661E-02
3.587799E-01 4.959373E-02
4.359157E-01 4.691488E-02
5.088426E-01 6.509689E-02
5.845013E-01 6.122049E-02
5.122433E-01 4.427640E-02
5.877519E-01 4.168967E-02
6.593402E-01 5.743321E-02
7.333473E-01 5.374857E-02
6.624317E-01 3.916514E-02
7.362761E-01 3.671156E-02
8.065149E-01 5.017699E-02
8.788405E-01 4.672540E-02
8.092827E-01 3.433550E-02
8.814533E-01 3.204111E-02
9.503263E-01 4.339719E-02
1.020980E+00 4.019251E-02
9.527940E-01 2.983018E-02
1.023315E+00 2.770239E-02
1.090812E+00 3.710873E-02
1.159838E+00 3.414111E-02
1.093030E+00 2.565564E-02
1.161954E+00 2.368650E-02
1.228076E+00 3.128344E-02
1.295549E+00 2.852877E-02
1.230108E+00 2.179066E-02
1.297512E+00 1.996336E-02
1.362278E+00 2.587002E-02
1.428290E+00 2.330063E-02
1.364190E+00 1.819980E-02
1.430166E+00 1.649556E-02
1.493612E+00 2.081509E-02
1.558277E+00 1.840946E-02
1.495467E+00 1.484689E-02
1.560124E+00 1.325112E-02
1.622318E+00 1.608182E-02
1.685772E+00 1.383263E-02
1.624169E+00 1.170683E-02
1.687636E+00 1.021419E-02
1.748681E+00 1.166505E-02
1.811090E+00 9.585038E-03
1.750566E+00 8.775082E-03
1.813001E+00 7.393217E-03
1.873052E+00 7.601369E-03
1.934622E+00 5.725367E-03
1.874989E+00 6.074122E-03
1.936584E+00 4.825020E-03
1.995862E+00 3.970394E-03
2.056837E+00 2.351083E-03
1.997843E+00 3.654490E-03
2.058828E+00 2.572046E-03
2.117616E+00 8.822230E-04
2.178270E+00 -4.224995E-04
2.119604E+00 1.587439E-03
2.180240E+00 7.098541E-04
2.238869E+00 -1.551948E-03
2.299481E+00 -2.498834E-03
2.240803E+00 -5.302688E-05
2.301360E+00 -6.958665E-04
2.360168E+00 -3.260852E-03
2.420988E+00 -3.841323E-03
2.361976E+00 -1.216478E-03
2.422708E+00 -1.616311E-03
2.481987E+00 -4.249399E-03
2.543202E+00 -4.499639E-03
2.483606E+00 -1.900695E-03
2.544711E+00 -2.078646E-03
2.604661E+00 -4.611194E-03
2.666379E+00 -4.606581E-03
2.606054E+00 -2.162426E-03
2.667656E+00 -2.166756E-03
2.728364E+00 -4.510374E-03
2.790611E+00 -4.347835E-03
2.729526E+00 -2.107981E-03
2.791665E+00 -2.003129E-03
2.853110E+00 -4.143756E-03
2.915842E+00 -3.921365E-03
2.854062E+00 -1.869166E-03
2.916701E+00 -1.722396E-03
2.978786E+00 -3.701037E-03
3.041929E+00 -3.497218E-03
2.979558E+00 -1.578207E-03
3.042615E+00 -1.450079E-03
3.105319E+00 -3.311987E-03
3.169294E+00 -3.136832E-03
3.105911E+00 -1.342209E-03
3.169800E+00 -1.219274E-03
3.235555E+00 -3.008685E-03
3.311883E+00 -2.760028E-03
3.236137E+00 -9.413223E-04
3.312354E+00 1.739481E-04
4.957842E-02 3.167499E-02
-1.498572E-02 3.038631E-02
1.277361E-01 3.041116E-02
6.607021E-02 2.000000E-03
1.482406E-07 2.000000E-03
1.445302E-01 2.000000E-03
2.069186E-01 2.905508E-02
2.855647E-01 2.768580E-02
2.237937E-01 2.000000E-03
3.024415E-01 2.000000E-03
3.634343E-01 2.632764E-02
4.404954E-01 2.498607E-02
3.802833E-01 2.000000E-03
4.573054E-01 2.000000E-03
5.167378E-01 2.366578E-02
5.921532E-01 2.237216E-02
5.335039E-01 2.000000E-03
6.088722E-01 2.000000E-03
6.667347E-01 2.111039E-02
7.404789E-01 1.988480E-02
6.834048E-01 2.000000E-03
7.570992E-01 2.000000E-03
8.133863E-01 1.869856E-02
8.854616E-01 1.755361E-02
8.299572E-01 2.000000E-03
9.019843E-01 2.000000E-03
9.567128E-01 1.645073E-02
1.027152E+00 1.538962E-02
9.731896E-01 2.000000E-03
1.043585E+00 2.000000E-03
1.096794E+00 1.436914E-02
1.165655E+00 1.338750E-02
1.113187E+00 2.000000E-03
1.182012E+00 2.000000E-03
1.233756E+00 1.244251E-02
1.301117E+00 1.153173E-02
1.250079E+00 2.000000E-03
1.317411E+00 2.000000E-03
1.367760E+00 1.065276E-02
1.433712E+00 9.803355E-03
1.384029E+00 2.000000E-03
1.449959E+00 2.000000E-03
1.498999E+00 8.981654E-03
1.563648E+00 8.186279E-03
1.515226E+00 2.000000E-03
1.579860E+00 2.000000E-03
1.627692E+00 7.416510E-03
1.691165E+00 6.672375E-03
1.643892E+00 2.000000E-03
1.707356E+00 2.000000E-03
1.754105E+00 5.954761E-03
1.816554E+00 5.265442E-03
1.770288E+00 2.000000E-03
1.832731E+00 2.000000E-03
1.878557E+00 4.607101E-03
1.940165E+00 3.983240E-03
1.894730E+00 2.000000E-03
1.956336E+00 2.000000E-03
2.001435E+00 3.398062E-03
2.062426E+00 2.856231E-03
2.017603E+00 2.000000E-03
2.078591E+00 2.000000E-03
2.123201E+00 2.362610E-03
2.183826E+00 1.921786E-03
2.139362E+00 2.000000E-03
2.199983E+00 2.000000E-03
2.244369E+00 1.537686E-03
2.304896E+00 1.213090E-03
2.260519E+00 2.000000E-03
2.321038E+00 2.000000E-03
2.365471E+00 9.492965E-04
2.426152E+00 7.457811E-04
2.381602E+00 2.000000E-03
2.442271E+00 2.000000E-03
2.486991E+00 6.001277E-04
2.548031E+00 5.080139E-04
2.503096E+00 2.000000E-03
2.564122E+00 2.000000E-03
2.609307E+00 4.634881E-04
2.670840E+00 4.592606E-04
2.625382E+00 2.000000E-03
2.686899E+00 2.000000E-03
2.732642E+00 4.871994E-04
2.794716E+00 5.387240E-04
2.748687E+00 2.000000E-03
2.810746E+00 2.000000E-03
2.857053E+00 6.052638E-04
2.919637E+00 6.784045E-04
2.873070E+00 2.000000E-03
2.935641E+00 2.000000E-03
2.982443E+00 7.497022E-04
3.045448E+00 8.098729E-04
2.998432E+00 2.000000E-03
3.061409E+00 2.000000E-03
3.108670E+00 8.503305E-04
3.172409E+00 8.863461E-04
3.124561E+00 2.000000E-03
3.188150E+00 2.000000E-03
3.238496E+00 1.050104E-03
3.316950E+00 4.120066E-03
3.253977E+00 2.000000E-03
3.341207E+00 2.000000E-03
-2.872346E-01 -6.634530E-01
-2.786608E-01 -6.765302E-01
-3.040857E-01 -6.829385E-01
-2.450041E-01 -6.666267E-01
-2.076557E-01 -6.452433E-01
-2.064317E-01 -6.566661E-01
-1.683885E-01 -6.480716E-01
-3.040857E-01 6.849385E-01
-2.786608E-01 6.785302E-01
-2.872346E-01 6.654530E-01
-2.450041E-01 6.686267E-01
-2.064317E-01 6.586661E-01
-2.076557E-01 6.472433E-01
-1.683885E-01 6.500716E-01
-1.308620E-01 -6.281408E-01
-1.298866E-01 -6.394948E-01
-9.148276E-02 -6.312407E-01
-5.419849E-02 -6.116365E-01
-5.310140E-02 -6.230266E-01
-1.477609E-02 -6.148909E-01
-1.298866E-01 6.414948E-01
-1.308620E-01 6.301408E-01
-9.148276E-02 6.332407E-01
-5.310140E-02 6.250266E-01
-5.419849E-02 6.136365E-01
-1.477610E-02 6.168909E-01
2.230493E-02 -5.953496E-01
2.344885E-02 -6.067772E-01
6.157469E-02 -5.986697E-01
9.848160E-02 -5.790995E-01
9.957186E-02 -5.905452E-01
1.374347E-01 -5.823821E-01
2.344885E-02 6.087772E-01
2.230493E-02 5.973496E-01
6.157469E-02 6.006697E-01
9.957186E-02 5.925452E-01
9.848160E-02 5.810995E-01
1.374347E-01 5.843821E-01
1.742024E-01 -5.627146E-01
1.751466E-01 -5.741597E-01
2.126992E-01 -5.658556E-01
2.493769E-01 -5.460158E-01
2.500819E-01 -5.574472E-01
2.872865E-01 -5.489099E-01
1.751466E-01 5.761597E-01
1.742024E-01 5.647145E-01
2.126992E-01 5.678556E-01
2.500819E-01 5.594472E-01
2.493769E-01 5.480158E-01
2.872865E-01 5.509099E-01
3.239420E-01 -5.288077E-01
3.243055E-01 -5.402179E-01
3.611323E-01 -5.313430E-01
3.978571E-01 -5.108672E-01
3.977613E-01 -5.222548E-01
4.341874E-01 -5.129199E-01
3.243055E-01 5.422179E-01
3.239420E-01 5.308077E-01
3.611323E-01 5.333430E-01
3.977613E-01 5.242547E-01
3.978571E-01 5.128672E-01
4.341874E-01 5.149198E-01
4.711023E-01 -4.919324E-01
4.704069E-01 -5.033019E-01
5.064163E-01 -4.933599E-01
5.436800E-01 -4.716866E-01
5.422139E-01 -4.830494E-01
5.777976E-01 -4.723186E-01
4.704069E-01 5.053018E-01
4.711023E-01 4.939324E-01
5.064163E-01 4.953599E-01
5.422139E-01 4.850494E-01
5.436800E-01 4.736866E-01
5.777976E-01 4.743186E-01
6.156211E-01 -4.497350E-01
6.131687E-01 -4.611115E-01
6.483258E-01 -4.493593E-01
6.869962E-01 -4.255672E-01
6.832760E-01 -4.369904E-01
7.180169E-01 -4.239069E-01
6.131687E-01 4.631115E-01
6.156211E-01 4.517349E-01
6.483258E-01 4.513593E-01
6.832760E-01 4.389903E-01
6.869962E-01 4.275671E-01
7.180169E-01 4.259068E-01
7.579404E-01 -3.984932E-01
7.525676E-01 -4.100158E-01
7.869205E-01 -3.951654E-01
8.287066E-01 -3.675230E-01
8.211241E-01 -3.792333E-01
8.551508E-01 -3.619570E-01
7.525676E-01 4.120157E-01
7.579404E-01 4.004932E-01
7.869205E-01 3.971654E-01
8.211241E-01 3.812333E-01
8.287066E-01 3.695230E-01
8.551508E-01 3.639569E-01
8.997921E-01 -3.311186E-01
8.891275E-01 -3.431771E-01
9.229676E-01 -3.223782E-01
9.723063E-01 -2.865870E-01
9.570155E-01 -2.993421E-01
9.910260E-01 -2.728665E-01
8.891275E-01 3.451771E-01
8.997921E-01 3.331185E-01
9.229676E-01 3.243781E-01
9.570155E-01 3.013420E-01
9.723063E-01 2.885870E-01
9.910260E-01 2.748665E-01
1.049334E+00 -2.281025E-01
1.026019E+00 -2.424368E-01
1.061668E+00 -2.045900E-01
1.138649E+00 -1.413705E-01
1.103036E+00 -1.564752E-01
1.152055E+00 -8.385964E-02
1.026019E+00 2.444368E-01
1.049334E+00 2.301024E-01
1.061668E+00 2.065900E-01
1.103036E+00 1.584751E-01
1.138649E+00 1.433704E-01
1.152055E+00 8.585959E-02
1.213631E+00 -5.220901E-02
1.182645E+00 -2.748869E-02
1.221325E+00 -9.591148E-03
1.155850E+00 9.999732E-04
1.221325E+00 1.159109E-02
1.182645E+00 2.948864E-02
1.213631E+00 5.420896E-02
-3.025983E-01 -6.800054E-01
-2.755262E-01 -6.696754E-01
-2.846829E-01 -6.701030E-01
-2.630353E-01 -6.641926E-01
-2.088782E-01 1.000004E-03
-1.133079E-01 1.000004E-03
-1.999504E-01 1.000003E-03
-2.636798E-01 -6.712705E-01
-2.447072E-01 -6.587915E-01
-2.270429E-01 -6.544865E-01
-1.813502E-01 1.000003E-03
-1.641347E-01 1.000003E-03
-2.257547E-01 -6.608080E-01
-2.077215E-01 -6.495421E-01
-1.882288E-01 -6.450181E-01
-1.448399E-01 1.000002E-03
-1.252779E-01 1.000002E-03
-1.873613E-01 -6.522679E-01
-1.689681E-01 -6.407879E-01
-1.498540E-01 -6.366684E-01
-1.058268E-01 1.000001E-03
-8.673524E-02 1.000001E-03
-2.755262E-01 6.716754E-01
-2.846829E-01 6.721030E-01
-2.630353E-01 6.661926E-01
-3.025983E-01 6.820054E-01
-2.447072E-01 6.607915E-01
-2.270429E-01 6.564865E-01
-2.636798E-01 6.732705E-01
-2.077215E-01 6.515421E-01
-1.882288E-01 6.470181E-01
-2.257547E-01 6.628080E-01
-1.689681E-01 6.427879E-01
-1.498540E-01 6.386684E-01
-1.873613E-01 6.542679E-01
-1.491692E-01 -6.437329E-01
-1.306633E-01 -6.325349E-01
-1.113736E-01 -6.283985E-01
-6.753059E-02 1.000000E-03
-4.823810E-02 9.999999E-04
-1.106514E-01 -6.353344E-01
-9.210120E-02 -6.243207E-01
-7.288865E-02 -6.203029E-01
-2.894812E-02 9.999995E-04
-9.737280E-03 9.999990E-04
-7.230104E-02 -6.271372E-01
-5.370330E-02 -6.163056E-01
-3.451318E-02 -6.123054E-01
9.447392E-03 9.999986E-04
2.862640E-02 9.999982E-04
-3.392042E-02 -6.189452E-01
-1.533243E-02 -6.083148E-01
3.814598E-03 -6.043443E-01
4.779535E-02 9.999977E-04
6.692986E-02 9.999973E-04
-1.306633E-01 6.345349E-01
-1.113736E-01 6.303985E-01
-1.491692E-01 6.457330E-01
-9.210120E-02 6.263207E-01
-7.288866E-02 6.223029E-01
-1.106514E-01 6.373344E-01
-5.370330E-02 6.183056E-01
-3.451318E-02 6.143054E-01
-7.230104E-02 6.291372E-01
-1.533243E-02 6.103148E-01
3.814596E-03 6.063443E-01
-3.392042E-02 6.209452E-01
4.345002E-03 -6.108366E-01
2.292838E-02 -6.003823E-01
4.201820E-02 -5.964189E-01
8.602974E-02 9.999968E-04
1.051006E-01 9.999964E-04
4.252810E-02 -6.027217E-01
6.108234E-02 -5.924540E-01
8.011288E-02 -5.884895E-01
1.241436E-01 9.999959E-04
1.431519E-01 9.999955E-04
8.058898E-02 -5.946120E-01
9.910729E-02 -5.845212E-01
1.180666E-01 -5.805447E-01
1.621221E-01 9.999950E-04
1.810545E-01 9.999946E-04
1.185215E-01 -5.864692E-01
1.369898E-01 -5.765580E-01
1.558741E-01 -5.725594E-01
1.999484E-01 9.999941E-04
2.188016E-01 9.999937E-04
2.292838E-02 6.023823E-01
4.201819E-02 5.984189E-01
4.345001E-03 6.128366E-01
6.108233E-02 5.944540E-01
8.011288E-02 5.904895E-01
4.252810E-02 6.047217E-01
9.910729E-02 5.865211E-01
1.180666E-01 5.825447E-01
8.058898E-02 5.966120E-01
1.369898E-01 5.785580E-01
1.558741E-01 5.745594E-01
1.185215E-01 5.884692E-01
1.563099E-01 -5.782799E-01
1.747176E-01 -5.685462E-01
1.935195E-01 -5.645154E-01
2.376118E-01 9.999933E-04
2.563779E-01 9.999928E-04
1.939436E-01 -5.700191E-01
2.122785E-01 -5.604644E-01
2.309931E-01 -5.563905E-01
2.750988E-01 9.999924E-04
2.937731E-01 9.999919E-04
2.314123E-01 -5.616660E-01
2.496622E-01 -5.522910E-01
2.682844E-01 -5.481630E-01
3.123993E-01 9.999915E-04
3.309761E-01 9.999911E-04
2.687069E-01 -5.531962E-01
2.868589E-01 -5.440035E-01
3.053844E-01 -5.398094E-01
3.495025E-01 9.999906E-04
3.679772E-01 9.999902E-04
1.747176E-01 5.705462E-01
1.935194E-01 5.665154E-01
1.563099E-01 5.802799E-01
2.122785E-01 5.624643E-01
2.309931E-01 5.583905E-01
1.939436E-01 5.720191E-01
2.496622E-01 5.542910E-01
2.682844E-01 5.501630E-01
2.314123E-01 5.636660E-01
2.868589E-01 5.460035E-01
3.053844E-01 5.418094E-01
2.687069E-01 5.551962E-01
3.058197E-01 -5.445850E-01
3.238599E-01 -5.355775E-01
3.422846E-01 -5.313044E-01
3.863990E-01 9.999898E-04
4.047670E-01 9.999893E-04
3.427433E-01 -5.358051E-01
3.606573E-01 -5.269869E-01
3.789772E-01 -5.226211E-01
4.230801E-01 9.999889E-04
4.413371E-01 9.999885E-04
3.794719E-01 -5.268275E-01
3.972436E-01 -5.182034E-01
4.154556E-01 -5.137298E-01
4.595368E-01 9.999880E-04
4.776790E-01 9.999876E-04
4.160000E-01 -5.176204E-01
4.336124E-01 -5.091963E-01
4.517130E-01 -5.045985E-01
4.957624E-01 9.999872E-04
5.137857E-01 9.999868E-04
3.238599E-01 5.375774E-01
3.422846E-01 5.333044E-01
3.058197E-01 5.465849E-01
3.606573E-01 5.289868E-01
3.789772E-01 5.246211E-01
3.427433E-01 5.378051E-01
3.972436E-01 5.202034E-01
4.154556E-01 5.157298E-01
3.794719E-01 5.288275E-01
4.336124E-01 5.111963E-01
4.517130E-01 5.065985E-01
4.160000E-01 5.196203E-01
4.523232E-01 -5.081487E-01
4.697571E-01 -4.999319E-01
4.877442E-01 -4.951918E-01
5.317475E-01 9.999864E-04
5.496488E-01 9.999860E-04
4.884380E-01 -4.983741E-01
5.056733E-01 -4.903730E-01
5.235430E-01 -4.854703E-01
5.674882E-01 9.999856E-04
5.852631E-01 9.999852E-04
5.243416E-01 -4.882538E-01
5.413541E-01 -4.804780E-01
5.591065E-01 -4.753905E-01
6.029720E-01 9.999847E-04
6.206187E-01 9.999843E-04
5.600327E-01 -4.777400E-01
5.767983E-01 -4.702011E-01
5.944273E-01 -4.649029E-01
6.382011E-01 9.999840E-04
6.557135E-01 9.999836E-04
4.697571E-01 5.019319E-01
4.877442E-01 4.971917E-01
4.523232E-01 5.101487E-01
5.056733E-01 4.923730E-01
5.235430E-01 4.874702E-01
4.884380E-01 5.003741E-01
5.413541E-01 4.824780E-01
5.591065E-01 4.773905E-01
5.243416E-01 4.902538E-01
5.767983E-01 4.722010E-01
5.944273E-01 4.669029E-01
5.600327E-01 4.797399E-01
5.955095E-01 -4.667786E-01
6.119964E-01 -4.594892E-01
6.295068E-01 -4.539524E-01
6.731536E-01 9.999832E-04
6.905330E-01 9.999828E-04
6.307743E-01 -4.553080E-01
6.469539E-01 -4.482838E-01
6.643329E-01 -4.424742E-01
7.078471E-01 9.999824E-04
7.250819E-01 9.999820E-04
6.658259E-01 -4.432574E-01
6.816525E-01 -4.365148E-01
6.989172E-01 -4.303959E-01
7.422335E-01 9.999817E-04
7.593338E-01 9.999813E-04
7.006735E-01 -4.305438E-01
7.161148E-01 -4.241046E-01
7.332329E-01 -4.176283E-01
7.763713E-01 9.999809E-04
7.933097E-01 9.999806E-04
6.119964E-01 4.614891E-01
6.295068E-01 4.559524E-01
5.955095E-01 4.687785E-01
6.469539E-01 4.502837E-01
6.643329E-01 4.444742E-01
6.307743E-01 4.573079E-01
6.816525E-01 4.385147E-01
6.989172E-01 4.323958E-01
6.658259E-01 4.452574E-01
7.161148E-01 4.261045E-01
7.332329E-01 4.196283E-01
7.006735E-01 4.325438E-01
7.353136E-01 -4.170704E-01
7.502965E-01 -4.109550E-01
7.673190E-01 -4.040726E-01
8.101418E-01 9.999802E-04
8.269540E-01 9.999799E-04
7.697716E-01 -4.027187E-01
7.842671E-01 -3.969602E-01
8.011070E-01 -3.895992E-01
8.437150E-01 9.999795E-04
8.603296E-01 9.999792E-04
8.040345E-01 -3.873478E-01
8.179094E-01 -3.819713E-01
8.347100E-01 -3.740606E-01
8.767866E-01 9.999789E-04
8.933117E-01 9.999785E-04
8.381683E-01 -3.707747E-01
8.514179E-01 -3.658308E-01
8.679408E-01 -3.572532E-01
9.098139E-01 9.999782E-04
9.260448E-01 9.999779E-04
7.502965E-01 4.129550E-01
7.673190E-01 4.060725E-01
7.353136E-01 4.190704E-01
7.842671E-01 3.989601E-01
8.011070E-01 3.915992E-01
7.697716E-01 4.047186E-01
8.179094E-01 3.839712E-01
8.347100E-01 3.760606E-01
8.040345E-01 3.893478E-01
8.514179E-01 3.678308E-01
8.679408E-01 3.592531E-01
8.381683E-01 3.727747E-01
8.721282E-01 -3.527794E-01
8.844774E-01 -3.482956E-01
9.011215E-01 -3.389397E-01
9.420045E-01 9.999776E-04
9.582736E-01 9.999773E-04
9.060907E-01 -3.330471E-01
9.176261E-01 -3.291128E-01
9.337317E-01 -3.187699E-01
9.745851E-01 9.999770E-04
9.902880E-01 9.999767E-04
9.399194E-01 -3.111929E-01
9.500030E-01 -3.078323E-01
9.666673E-01 -2.962870E-01
1.005478E+00 9.999764E-04
1.021603E+00 9.999761E-04
9.741041E-01 -2.865657E-01
9.830738E-01 -2.839529E-01
9.984528E-01 -2.707659E-01
1.037869E+00 9.999758E-04
1.052573E+00 9.999755E-04
8.844774E-01 3.502955E-01
9.011215E-01 3.409396E-01
8.721282E-01 3.547794E-01
9.176261E-01 3.311128E-01
9.337317E-01 3.207699E-01
9.060907E-01 3.350471E-01
9.500030E-01 3.098323E-01
9.666673E-01 2.982870E-01
9.399194E-01 3.131929E-01
9.830738E-01 2.859529E-01
9.984528E-01 2.727658E-01
9.741041E-01 2.885657E-01
1.008272E+00 -2.582874E-01
1.014489E+00 -2.564344E-01
1.031630E+00 -2.410014E-01
1.066354E+00 9.999753E-04
1.082666E+00 9.999750E-04
1.043996E+00 -2.245148E-01
1.048416E+00 -2.238535E-01
1.062402E+00 -2.050489E-01
1.099217E+00 9.999748E-04
1.111545E+00 9.999745E-04
1.081113E+00 -1.824019E-01
1.079511E+00 -1.831978E-01
1.099420E+00 -1.584219E-01
1.123528E+00 9.999743E-04
1.141424E+00 9.999740E-04
1.128501E+00 -1.228591E-01
1.119922E+00 -1.251993E-01
1.144621E+00 -7.648594E-02
1.154847E+00 9.999738E-04
1.177512E+00 9.999736E-04
1.014489E+00 2.584343E-01
1.031630E+00 2.430014E-01
1.008272E+00 2.602874E-01
1.048416E+00 2.258535E-01
1.062402E+00 2.070488E-01
1.043996E+00 2.265147E-01
1.079511E+00 1.851978E-01
1.099420E+00 1.604219E-01
1.081113E+00 1.844019E-01
1.119922E+00 1.271993E-01
1.144621E+00 7.848589E-02
1.128501E+00 1.248591E-01
1.168527E+00 -5.007940E-02
1.152997E+00 -3.216406E-02
1.165144E+00 -1.251100E-02
1.144527E+00 9.999734E-04
1.152997E+00 3.416401E-02
1.165144E+00 1.451095E-02
1.168527E+00 5.207934E-02
</DataArray>
<DataArray type="Float64" Name="phi" NumberOfComponents="1" format="ascii">
1.000000E+02
9.807371E+01
9.778409E+01
1.000000E+02
9.633569E+01
9.602960E+01
9.775732E+01
1.000000E+02
9.599735E+01
9.461507E+01
9.430472E+01
9.287895E+01
9.256698E+01
9.426985E+01
9.253098E+01
9.112338E+01
9.081051E+01
8.934943E+01
8.903591E+01
9.077404E+01
8.899934E+01
8.755800E+01
8.724395E+01
8.574946E+01
8.543497E+01
8.720756E+01
8.539897E+01
8.392392E+01
8.360907E+01
8.208140E+01
8.176624E+01
8.357361E+01
8.173140E+01
8.022187E+01
7.990644E+01
7.834533E+01
7.802966E+01
7.987228E+01
7.799617E+01
7.645181E+01
7.613590E+01
7.454138E+01
7.422523E+01
7.610304E+01
7.419292E+01
7.261419E+01
7.229780E+01
7.067047E+01
7.035380E+01
7.226593E+01
7.032226E+01
6.871049E+01
6.839353E+01
6.673465E+01
6.641736E+01
6.836218E+01
6.638606E+01
6.474341E+01
6.442575E+01
6.273731E+01
6.241925E+01
6.439436E+01
6.238764E+01
6.071699E+01
6.039850E+01
5.868316E+01
5.836420E+01
6.036655E+01
5.833181E+01
5.663661E+01
5.631717E+01
5.457820E+01
5.425825E+01
5.628423E+01
5.422472E+01
5.250886E+01
5.218840E+01
5.042958E+01
5.010859E+01
5.215422E+01
5.007376E+01
4.834138E+01
4.801987E+01
4.624533E+01
4.592331E+01
4.798441E+01
4.588726E+01
4.414253E+01
4.382003E+01
4.203408E+01
4.171112E+01
4.378345E+01
4.167412E+01
3.992108E+01
3.959771E+01
3.780461E+01
3.748087E+01
3.956039E+01
3.744336E+01
3.568569E+01
3.536164E+01
3.356530E+01
3.324099E+01
3.532407E+01
3.320348E+01
3.144432E+01
3.111980E+01
2.932352E+01
2.899885E+01
3.108247E+01
2.896180E+01
2.720358E+01
2.687880E+01
2.508503E+01
2.476018E+01
2.684210E+01
2.472388E+01
2.296827E+01
2.264338E+01
2.085356E+01
2.052867E+01
2.260750E+01
2.049320E+01
1.874106E+01
1.841616E+01
1.663075E+01
1.630587E+01
1.838109E+01
1.627114E+01
1.452248E+01
1.419763E+01
1.241590E+01
1.209110E+01
1.416321E+01
1.205695E+01
1.031030E+01
9.985676E+00
8.204529E+00
7.880493E+00
9.951769E+00
7.846941E+00
6.097891E+00
5.775866E+00
3.997022E+00
3.681446E+00
5.743232E+00
3.651664E+00
1.940192E+00
1.647395E+00
0.000000E+00
0.000000E+00
1.624701E+00
0.000000E+00
9.775438E+01
1.000000E+02
9.599318E+01
9.775376E+01
1.000000E+02
9.599059E+01
9.426386E+01
9.252370E+01
9.425961E+01
9.251817E+01
9.076613E+01
8.899135E+01
9.075992E+01
8.898509E+01
8.719992E+01
8.539201E+01
8.719416E+01
8.538721E+01
8.356757E+01
8.172645E+01
8.356407E+01
8.172448E+01
7.986848E+01
7.799351E+01
7.986814E+01
7.799480E+01
7.610145E+01
7.419228E+01
7.610428E+01
7.419645E+01
7.226606E+01
7.032295E+01
7.227133E+01
7.032902E+01
6.836320E+01
6.638718E+01
6.836974E+01
6.639384E+01
6.439534E+01
6.238825E+01
6.440179E+01
6.239417E+01
6.036657E+01
5.833108E+01
6.037167E+01
5.833509E+01
5.628260E+01
5.422209E+01
5.628533E+01
5.422337E+01
5.215052E+01
5.006898E+01
5.215030E+01
5.006722E+01
4.797858E+01
4.588047E+01
4.797535E+01
4.587589E+01
4.377582E+01
4.166581E+01
4.377008E+01
4.165915E+01
3.955160E+01
3.743430E+01
3.954431E+01
3.742668E+01
3.531495E+01
3.319453E+01
3.530732E+01
3.318718E+01
3.107388E+01
2.895372E+01
3.106708E+01
2.894769E+01
2.683466E+01
2.471715E+01
2.682954E+01
2.471302E+01
2.260150E+01
2.048792E+01
2.259840E+01
2.048581E+01
1.837648E+01
1.626713E+01
1.837528E+01
1.626674E+01
1.415972E+01
1.205391E+01
1.416003E+01
1.205482E+01
9.949160E+00
7.844855E+00
9.950601E+00
7.846824E+00
5.741970E+00
3.651548E+00
5.744424E+00
3.654090E+00
1.624196E+00
0.000000E+00
1.626441E+00
0.000000E+00
9.775171E+01
1.000000E+02
9.598578E+01
9.774815E+01
1.000000E+02
9.597876E+01
9.425264E+01
9.250976E+01
9.424293E+01
9.249826E+01
9.075077E+01
8.897593E+01
9.073839E+01
8.896353E+01
8.718566E+01
8.537995E+01
8.717404E+01
8.536982E+01
8.355849E+01
8.172087E+01
8.355041E+01
8.171523E+01
7.986667E+01
7.799547E+01
7.986368E+01
7.799516E+01
7.610696E+01
7.420091E+01
7.610918E+01
7.420539E+01
7.227724E+01
7.033599E+01
7.228357E+01
7.034368E+01
6.837734E+01
6.640162E+01
6.838584E+01
6.641035E+01
6.440929E+01
6.240097E+01
6.441768E+01
6.240845E+01
6.037737E+01
5.833935E+01
6.038346E+01
5.834363E+01
5.628789E+01
5.422405E+01
5.629002E+01
5.422380E+01
5.214898E+01
5.006392E+01
5.214625E+01
5.005872E+01
4.797014E+01
4.586896E+01
4.796260E+01
4.585934E+01
4.376169E+01
4.164964E+01
4.375035E+01
4.163702E+01
3.953405E+01
3.741609E+01
3.952064E+01
3.740242E+01
3.529681E+01
3.317713E+01
3.528337E+01
3.316438E+01
3.105780E+01
2.893944E+01
3.104612E+01
2.892910E+01
2.682250E+01
2.470727E+01
2.681367E+01
2.470003E+01
2.259395E+01
2.048260E+01
2.258827E+01
2.047838E+01
1.837321E+01
1.626566E+01
1.837030E+01
1.626388E+01
1.415979E+01
1.205527E+01
1.415894E+01
1.205517E+01
9.951621E+00
7.848285E+00
9.952082E+00
7.849100E+00
5.746118E+00
3.655779E+00
5.747082E+00
3.656726E+00
1.627969E+00
0.000000E+00
1.628750E+00
0.000000E+00
9.774342E+01
1.000000E+02
9.596988E+01
9.773774E+01
1.000000E+02
9.595942E+01
9.423085E+01
9.248400E+01
9.421667E+01
9.246723E+01
9.072300E+01
8.894803E+01
9.070479E+01
8.892953E+01
8.715939E+01
8.535685E+01
8.714170E+01
8.534097E+01
8.353983E+01
8.170754E+01
8.352660E+01
8.169762E+01
7.985916E+01
7.799389E+01
7.985295E+01
7.799154E+01
7.611103E+01
7.421002E+01
7.611241E+01
7.421478E+01
7.229050E+01
7.035230E+01
7.229807E+01
7.036197E+01
6.839548E+01
6.642029E+01
6.840641E+01
6.643161E+01
6.442720E+01
6.241687E+01
6.443803E+01
6.242636E+01
6.039016E+01
5.834809E+01
6.039756E+01
5.835277E+01
5.629184E+01
5.422272E+01
5.629333E+01
5.422072E+01
5.214215E+01
5.005165E+01
5.213657E+01
5.004258E+01
4.795277E+01
4.584709E+01
4.794052E+01
4.583213E+01
4.373616E+01
4.162146E+01
4.371912E+01
4.160306E+01
3.950435E+01
3.738601E+01
3.948535E+01
3.736717E+01
3.526745E+01
3.314945E+01
3.524945E+01
3.313284E+01
3.103260E+01
2.891726E+01
3.101777E+01
2.890447E+01
2.680365E+01
2.469187E+01
2.679300E+01
2.468332E+01
2.258190E+01
2.047366E+01
2.257533E+01
2.046886E+01
1.836702E+01
1.626184E+01
1.836377E+01
1.625986E+01
1.415789E+01
1.205487E+01
1.415691E+01
1.205462E+01
9.952306E+00
7.849621E+00
9.952527E+00
7.850091E+00
5.747708E+00
3.657298E+00
5.748233E+00
3.657730E+00
1.629147E+00
0.000000E+00
1.629395E+00
0.000000E+00
9.773130E+01
1.000000E+02
9.594760E+01
9.772425E+01
1.000000E+02
9.593467E+01
9.420065E+01
9.244820E+01
9.418309E+01
9.242721E+01
9.068397E+01
8.890814E+01
9.066079E+01
8.888403E+01
8.712096E+01
8.532203E+01
8.709721E+01
8.529990E+01
8.351048E+01
8.168515E+01
8.349119E+01
8.166973E+01
7.984470E+01
7.798776E+01
7.983394E+01
7.798211E+01
7.611305E+01
7.421948E+01
7.611257E+01
7.422382E+01
7.230619E+01
7.037266E+01
7.231466E+01
7.038428E+01
6.841868E+01
6.644439E+01
6.843227E+01
6.645864E+01
6.445023E+01
6.243696E+01
6.446383E+01
6.244866E+01
6.040565E+01
5.835759E+01
6.041433E+01
5.836237E+01
5.629433E+01
5.421758E+01
5.629457E+01
5.421296E+01
5.212923E+01
5.003122E+01
5.211974E+01
5.001718E+01
4.792558E+01
4.581425E+01
4.790760E+01
4.579321E+01
4.369911E+01
4.158183E+01
4.367605E+01
4.155786E+01
3.946383E+01
3.734621E+01
3.944002E+01
3.732351E+01
3.522978E+01
3.311501E+01
3.520892E+01
3.309651E+01
3.100215E+01
2.889124E+01
3.098629E+01
2.887810E+01
2.678219E+01
2.467482E+01
2.677168E+01
2.466676E+01
2.256894E+01
2.046433E+01
2.256306E+01
2.046032E+01
1.836080E+01
1.625815E+01
1.835833E+01
1.625688E+01
1.415617E+01
1.205456E+01
1.415580E+01
1.205479E+01
9.952886E+00
7.850641E+00
9.953465E+00
7.851344E+00
5.748787E+00
3.658149E+00
5.749436E+00
3.658619E+00
1.629609E+00
0.000000E+00
1.629839E+00
0.000000E+00
9.771677E+01
1.000000E+02
9.592094E+01
9.770904E+01
1.000000E+02
9.590675E+01
9.416436E+01
9.240469E+01
9.414494E+01
9.238116E+01
9.063565E+01
8.885751E+01
9.060910E+01
8.882905E+01
8.707059E+01
8.527456E+01
8.704147E+01
8.524613E+01
8.346848E+01
8.165095E+01
8.344224E+01
8.162840E+01
7.982014E+01
7.797400E+01
7.980269E+01
7.796272E+01
7.611040E+01
7.422736E+01
7.610586E+01
7.422951E+01
7.232319E+01
7.039668E+01
7.233135E+01
7.040961E+01
6.844713E+01
6.647438E+01
6.846315E+01
6.649160E+01
6.447884E+01
6.246142E+01
6.449528E+01
6.247519E+01
6.042350E+01
5.836688E+01
6.043298E+01
5.837081E+01
5.629372E+01
5.420642E+01
5.629129E+01
5.419738E+01
5.210761E+01
4.999998E+01
5.209223E+01
4.997905E+01
4.788619E+01
4.576876E+01
4.786095E+01
4.574073E+01
4.364988E+01
4.153129E+01
4.362068E+01
4.150248E+01
3.941427E+01
3.729955E+01
3.938712E+01
3.727500E+01
3.518745E+01
3.307793E+01
3.516606E+01
3.305993E+01
3.097075E+01
2.886555E+01
3.095611E+01
2.885407E+01
2.676192E+01
2.465950E+01
2.675328E+01
2.465333E+01
2.255796E+01
2.045703E+01
2.255386E+01
2.045462E+01
1.835649E+01
1.625616E+01
1.835540E+01
1.625605E+01
1.415587E+01
1.205537E+01
1.415643E+01
1.205633E+01
9.954308E+00
7.852238E+00
9.955432E+00
7.853337E+00
5.750217E+00
3.659171E+00
5.751140E+00
3.659815E+00
1.630108E+00
0.000000E+00
1.630424E+00
0.000000E+00
9.770130E+01
1.000000E+02
9.589250E+01
9.769377E+01
1.000000E+02
9.587862E+01
9.412537E+01
9.235727E+01
9.410622E+01
9.233372E+01
9.058181E+01
8.879934E+01
9.055460E+01
8.876920E+01
8.701039E+01
8.521498E+01
8.697817E+01
8.518178E+01
8.341253E+01
8.160184E+01
8.337976E+01
8.157129E+01
7.978103E+01
7.794748E+01
7.975473E+01
7.792748E+01
7.609808E+01
7.422949E+01
7.608603E+01
7.422625E+01
7.233855E+01
7.042269E+01
7.234394E+01
7.043540E+01
6.848019E+01
6.651027E+01
6.849800E+01
6.653034E+01
6.451313E+01
6.248991E+01
6.453242E+01
6.250548E+01
6.044255E+01
5.837374E+01
6.045193E+01
5.837515E+01
5.628672E+01
5.418514E+01
5.627924E+01
5.416881E+01
5.207287E+01
4.995378E+01
5.204870E+01
4.992358E+01
4.783149E+01
4.570905E+01
4.779760E+01
4.567396E+01
4.358875E+01
4.147199E+01
4.355471E+01
4.144070E+01
3.935932E+01
3.725067E+01
3.933185E+01
3.722748E+01
3.514552E+01
3.304319E+01
3.512663E+01
3.302833E+01
3.094293E+01
2.884408E+01
3.093167E+01
2.883592E+01
2.674607E+01
2.464846E+01
2.674051E+01
2.464501E+01
2.255090E+01
2.045317E+01
2.254914E+01
2.045270E+01
1.835509E+01
1.625656E+01
1.835557E+01
1.625769E+01
1.415747E+01
1.205766E+01
1.415898E+01
1.205934E+01
9.956833E+00
7.854637E+00
9.958484E+00
7.856113E+00
5.752203E+00
3.660550E+00
5.753390E+00
3.661367E+00
1.630788E+00
0.000000E+00
1.631195E+00
0.000000E+00
9.768669E+01
1.000000E+02
9.586553E+01
9.768028E+01
1.000000E+02
9.585366E+01
9.408810E+01
9.231125E+01
9.407157E+01
9.229059E+01
9.052833E+01
8.873960E+01
9.050384E+01
8.871151E+01
8.694582E+01
8.514747E+01
8.691444E+01
8.511331E+01
8.334471E+01
8.153717E+01
8.330861E+01
8.150051E+01
7.972371E+01
7.790205E+01
7.968848E+01
7.787094E+01
7.606859E+01
7.421850E+01
7.604469E+01
7.420465E+01
7.234634E+01
7.044691E+01
7.234413E+01
7.045596E+01
6.851615E+01
6.655171E+01
6.853398E+01
6.657418E+01
6.455314E+01
6.252182E+01
6.457530E+01
6.253880E+01
6.046075E+01
5.837432E+01
6.046851E+01
5.837030E+01
5.626786E+01
5.414731E+01
5.625128E+01
5.411930E+01
5.201877E+01
4.988791E+01
5.198214E+01
4.984653E+01
4.775932E+01
4.563608E+01
4.771723E+01
4.559660E+01
4.351958E+01
4.140980E+01
4.348484E+01
4.138074E+01
3.930584E+01
3.720640E+01
3.928251E+01
3.718833E+01
3.511014E+01
3.301588E+01
3.509663E+01
3.300619E+01
3.092267E+01
2.882977E+01
3.091609E+01
2.882568E+01
2.673667E+01
2.464301E+01
2.673454E+01
2.464238E+01
2.254855E+01
2.045316E+01
2.254905E+01
2.045446E+01
1.835677E+01
1.625936E+01
1.835860E+01
1.626148E+01
1.416090E+01
1.206130E+01
1.416313E+01
1.206348E+01
9.960340E+00
7.857733E+00
9.962343E+00
7.859447E+00
5.754673E+00
3.662245E+00
5.756019E+00
3.663164E+00
1.631635E+00
0.000000E+00
1.632096E+00
0.000000E+00
9.767477E+01
1.000000E+02
9.584339E+01
9.767039E+01
1.000000E+02
9.583510E+01
9.405717E+01
9.227236E+01
9.404535E+01
9.225707E+01
9.048188E+01
8.868585E+01
9.046301E+01
8.866331E+01
8.688516E+01
8.508066E+01
8.685898E+01
8.505091E+01
8.327307E+01
8.146292E+01
8.323987E+01
8.142657E+01
7.965036E+01
7.783470E+01
7.961156E+01
7.779508E+01
7.601377E+01
7.418303E+01
7.597635E+01
7.415244E+01
7.233512E+01
7.046066E+01
7.231671E+01
7.045814E+01
6.855034E+01
6.659737E+01
6.856329E+01
6.662057E+01
6.459890E+01
6.255626E+01
6.462392E+01
6.257402E+01
6.047448E+01
5.836172E+01
6.047762E+01
5.834665E+01
5.622777E+01
5.408323E+01
5.619504E+01
5.403747E+01
5.193804E+01
4.979982E+01
5.188637E+01
4.974930E+01
4.767271E+01
4.555741E+01
4.762820E+01
4.552103E+01
4.345236E+01
4.135503E+01
4.342415E+01
4.133401E+01
3.926291E+01
3.717391E+01
3.924779E+01
3.716345E+01
3.508644E+01
3.299937E+01
3.507959E+01
3.299528E+01
3.091191E+01
2.882355E+01
3.090991E+01
2.882312E+01
2.673396E+01
2.464296E+01
2.673468E+01
2.464451E+01
2.255045E+01
2.045643E+01
2.255256E+01
2.045888E+01
1.836090E+01
1.626394E+01
1.836353E+01
1.626659E+01
1.416558E+01
1.206580E+01
1.416814E+01
1.206816E+01
9.964423E+00
7.861204E+00
9.966504E+00
7.862943E+00
5.757386E+00
3.664094E+00
5.758731E+00
3.665008E+00
1.632565E+00
0.000000E+00
1.633026E+00
0.000000E+00
9.766739E+01
1.000000E+02
9.582916E+01
9.766604E+01
1.000000E+02
9.582591E+01
9.403649E+01
9.224501E+01
9.403076E+01
9.223611E+01
9.044751E+01
8.864436E+01
9.043527E+01
8.862915E+01
8.683669E+01
8.502529E+01
8.681879E+01
8.500468E+01
8.321078E+01
8.139375E+01
8.318712E+01
8.136645E+01
7.957492E+01
7.775508E+01
7.954327E+01
7.771848E+01
7.593475E+01
7.411325E+01
7.589323E+01
7.406866E+01
7.228655E+01
7.044440E+01
7.224442E+01
7.041488E+01
6.856941E+01
6.664226E+01
6.856282E+01
6.665915E+01
6.465022E+01
6.259179E+01
6.467731E+01
6.260911E+01
6.047634E+01
5.832219E+01
6.046795E+01
5.828390E+01
5.615018E+01
5.398086E+01
5.608991E+01
5.391410E+01
5.182856E+01
4.969819E+01
5.176885E+01
4.965149E+01
4.758719E+01
4.549013E+01
4.755343E+01
4.546683E+01
4.340185E+01
4.131847E+01
4.338630E+01
4.130848E+01
3.923737E+01
3.715685E+01
3.923132E+01
3.715358E+01
3.507581E+01
3.299357E+01
3.507453E+01
3.299371E+01
3.090972E+01
2.882403E+01
3.091086E+01
2.882587E+01
2.673638E+01
2.464673E+01
2.673868E+01
2.464932E+01
2.255511E+01
2.046160E+01
2.255785E+01
2.046438E+01
1.836629E+01
1.626928E+01
1.836901E+01
1.627187E+01
1.417067E+01
1.207046E+01
1.417306E+01
1.207260E+01
9.968508E+00
7.864604E+00
9.970358E+00
7.866128E+00
5.760010E+00
3.665876E+00
5.761179E+00
3.666668E+00
1.633464E+00
0.000000E+00
1.633865E+00
0.000000E+00
9.766634E+01
1.000000E+02
9.582539E+01
9.766719E+01
1.000000E+02
9.582616E+01
9.402766E+01
9.222941E+01
9.402413E+01
9.222215E+01
9.042561E+01
8.861733E+01
9.041636E+01
8.860690E+01
8.680515E+01
8.498914E+01
8.679373E+01
8.497658E+01
8.316924E+01
8.134556E+01
8.315518E+01
8.132942E+01
7.951841E+01
7.768842E+01
7.949932E+01
7.766514E+01
7.585667E+01
7.402480E+01
7.582744E+01
7.398728E+01
7.219485E+01
7.036754E+01
7.214660E+01
7.030868E+01
6.853453E+01
6.666351E+01
6.847672E+01
6.663773E+01
6.470315E+01
6.262486E+01
6.472014E+01
6.263612E+01
6.044768E+01
5.822506E+01
6.040580E+01
5.813683E+01
5.601240E+01
5.384253E+01
5.592317E+01
5.377861E+01
5.171486E+01
4.961474E+01
5.167519E+01
4.959127E+01
4.752961E+01
4.545185E+01
4.751600E+01
4.544419E+01
4.337720E+01
4.130330E+01
4.337322E+01
4.130163E+01
3.922878E+01
3.715284E+01
3.922861E+01
3.715366E+01
3.507502E+01
3.299505E+01
3.507649E+01
3.299694E+01
3.091278E+01
2.882816E+01
3.091495E+01
2.883048E+01
2.674120E+01
2.465196E+01
2.674360E+01
2.465436E+01
2.256052E+01
2.046699E+01
2.256286E+01
2.046924E+01
1.837151E+01
1.627420E+01
1.837363E+01
1.627616E+01
1.417519E+01
1.207449E+01
1.417696E+01
1.207606E+01
9.971982E+00
7.867459E+00
9.973317E+00
7.868549E+00
5.762198E+00
3.667357E+00
5.763030E+00
3.667920E+00
1.634213E+00
0.000000E+00
1.634498E+00
0.000000E+00
9.766567E+01
1.000000E+02
9.582060E+01
9.764999E+01
1.000000E+02
9.579320E+01
9.401216E+01
9.220786E+01
9.398069E+01
9.217453E+01
9.040124E+01
8.859132E+01
9.036698E+01
8.855665E+01
8.677773E+01
8.496005E+01
8.674289E+01
8.492511E+01
8.313793E+01
8.131106E+01
8.310284E+01
8.127572E+01
7.947930E+01
7.764260E+01
7.944349E+01
7.760595E+01
7.580100E+01
7.395477E+01
7.576291E+01
7.391414E+01
7.210446E+01
7.025143E+01
7.205928E+01
7.019759E+01
6.839936E+01
6.655653E+01
6.832771E+01
6.644774E+01
6.469999E+01
6.263628E+01
6.456297E+01
6.260251E+01
6.031967E+01
5.801817E+01
6.014219E+01
5.791432E+01
5.584454E+01
5.373675E+01
5.580297E+01
5.371936E+01
5.165358E+01
4.958007E+01
5.164585E+01
4.957665E+01
4.751033E+01
4.544160E+01
4.750903E+01
4.544143E+01
4.337242E+01
4.130193E+01
4.337289E+01
4.130277E+01
3.922959E+01
3.715507E+01
3.923065E+01
3.715627E+01
3.507817E+01
3.299879E+01
3.507945E+01
3.300010E+01
3.091688E+01
2.883245E+01
3.091819E+01
2.883375E+01
2.674555E+01
2.465626E+01
2.674682E+01
2.465748E+01
2.256469E+01
2.047098E+01
2.256586E+01
2.047207E+01
1.837524E+01
1.627765E+01
1.837626E+01
1.627857E+01
1.417829E+01
1.207722E+01
1.417912E+01
1.207794E+01
9.974309E+00
7.869358E+00
9.974921E+00
7.869855E+00
5.763646E+00
3.668336E+00
5.764025E+00
3.668592E+00
1.634709E+00
0.000000E+00
1.634839E+00
0.000000E+00
5.789341E+01
6.001897E+01
5.791432E+01
6.014219E+01
5.579567E+01
5.371583E+01
5.580297E+01
5.371936E+01
5.164419E+01
4.957599E+01
5.164585E+01
4.957665E+01
4.750890E+01
4.544159E+01
4.750903E+01
4.544143E+01
4.337320E+01
4.130316E+01
4.337289E+01
4.130277E+01
3.923109E+01
3.715673E+01
3.923065E+01
3.715627E+01
3.507992E+01
3.300057E+01
3.507945E+01
3.300010E+01
3.091866E+01
2.883421E+01
3.091819E+01
2.883375E+01
2.674726E+01
2.465790E+01
2.674682E+01
2.465748E+01
2.256626E+01
2.047244E+01
2.256586E+01
2.047207E+01
1.837660E+01
1.627888E+01
1.837626E+01
1.627857E+01
1.417940E+01
1.207819E+01
1.417912E+01
1.207794E+01
9.975127E+00
7.870023E+00
9.974921E+00
7.869855E+00
5.764152E+00
3.668678E+00
5.764025E+00
3.668592E+00
1.634883E+00
0.000000E+00
1.634839E+00
0.000000E+00
1.000000E+02
9.764999E+01
9.766567E+01
1.000000E+02
9.579320E+01
9.582060E+01
9.766719E+01
1.000000E+02
9.582616E+01
9.398069E+01
9.401216E+01
9.217453E+01
9.220786E+01
9.402413E+01
9.222215E+01
9.036698E+01
9.040124E+01
8.855665E+01
8.859132E+01
9.041636E+01
8.860690E+01
8.674289E+01
8.677773E+01
8.492511E+01
8.496005E+01
8.679373E+01
8.497658E+01
8.310284E+01
8.313793E+01
8.127572E+01
8.131106E+01
8.315518E+01
8.132942E+01
7.944349E+01
7.947930E+01
7.760595E+01
7.764260E+01
7.949932E+01
7.766514E+01
7.576291E+01
7.580100E+01
7.391414E+01
7.395477E+01
7.582744E+01
7.398728E+01
7.205928E+01
7.210446E+01
7.019759E+01
7.025143E+01
7.214660E+01
7.030868E+01
6.832771E+01
6.839936E+01
6.644774E+01
6.655653E+01
6.847672E+01
6.663773E+01
6.456297E+01
6.469999E+01
6.260251E+01
6.263628E+01
6.472014E+01
6.263612E+01
6.031967E+01
5.801817E+01
6.040580E+01
5.813683E+01
5.584454E+01
5.373675E+01
5.592317E+01
5.377861E+01
5.165358E+01
4.958007E+01
5.167519E+01
4.959127E+01
4.751033E+01
4.544160E+01
4.751600E+01
4.544419E+01
4.337242E+01
4.130193E+01
4.337322E+01
4.130163E+01
3.922959E+01
3.715507E+01
3.922861E+01
3.715366E+01
3.507817E+01
3.299879E+01
3.507649E+01
3.299694E+01
3.091688E+01
2.883245E+01
3.091495E+01
2.883048E+01
2.674555E+01
2.465626E+01
2.674360E+01
2.465436E+01
2.256469E+01
2.047098E+01
2.256286E+01
2.046924E+01
1.837524E+01
1.627765E+01
1.837363E+01
1.627616E+01
1.417829E+01
1.207722E+01
1.417696E+01
1.207606E+01
9.974309E+00
7.869358E+00
9.973317E+00
7.868549E+00
5.763646E+00
3.668336E+00
5.763030E+00
3.667920E+00
1.634709E+00
0.000000E+00
1.634498E+00
0.000000E+00
9.766634E+01
1.000000E+02
9.582539E+01
9.766604E+01
1.000000E+02
9.582591E+01
9.402766E+01
9.222941E+01
9.403076E+01
9.223611E+01
9.042561E+01
8.861733E+01
9.043527E+01
8.862915E+01
8.680515E+01
8.498914E+01
8.681879E+01
8.500468E+01
8.316924E+01
8.134556E+01
8.318712E+01
8.136645E+01
7.951841E+01
7.768842E+01
7.954327E+01
7.771848E+01
7.585667E+01
7.402480E+01
7.589323E+01
7.406866E+01
7.219485E+01
7.036754E+01
7.224442E+01
7.041488E+01
6.853453E+01
6.666351E+01
6.856282E+01
6.665915E+01
6.470315E+01
6.262486E+01
6.467731E+01
6.260911E+01
6.044768E+01
5.822506E+01
6.046795E+01
5.828390E+01
5.601240E+01
5.384253E+01
5.608991E+01
5.391410E+01
5.171486E+01
4.961474E+01
5.176885E+01
4.965149E+01
4.752961E+01
4.545185E+01
4.755343E+01
4.546683E+01
4.337720E+01
4.130330E+01
4.338630E+01
4.130848E+01
3.922878E+01
3.715284E+01
3.923131E+01
3.715358E+01
3.507502E+01
3.299505E+01
3.507453E+01
3.299371E+01
3.091278E+01
2.882816E+01
3.091086E+01
2.882587E+01
2.674120E+01
2.465196E+01
2.673868E+01
2.464932E+01
2.256052E+01
2.046699E+01
2.255785E+01
2.046438E+01
1.837151E+01
1.627420E+01
1.836901E+01
1.627187E+01
1.417519E+01
1.207449E+01
1.417306E+01
1.207260E+01
9.971982E+00
7.867459E+00
9.970358E+00
7.866128E+00
5.762198E+00
3.667357E+00
5.761179E+00
3.666668E+00
1.634213E+00
0.000000E+00
1.633865E+00
0.000000E+00
9.766739E+01
1.000000E+02
9.582916E+01
9.767039E+01
1.000000E+02
9.583510E+01
9.403649E+01
9.224501E+01
9.404535E+01
9.225707E+01
9.044751E+01
8.864436E+01
9.046301E+01
8.866331E+01
8.683669E+01
8.502529E+01
8.685898E+01
8.505091E+01
8.321078E+01
8.139375E+01
8.323987E+01
8.142657E+01
7.957492E+01
7.775508E+01
7.961156E+01
7.779508E+01
7.593475E+01
7.411325E+01
7.597635E+01
7.415244E+01
7.228655E+01
7.044440E+01
7.231671E+01
7.045814E+01
6.856941E+01
6.664226E+01
6.856329E+01
6.662057E+01
6.465022E+01
6.259179E+01
6.462392E+01
6.257402E+01
6.047634E+01
5.832219E+01
6.047762E+01
5.834665E+01
5.615018E+01
5.398086E+01
5.619504E+01
5.403747E+01
5.182857E+01
4.969819E+01
5.188637E+01
4.974930E+01
4.758719E+01
4.549013E+01
4.762820E+01
4.552103E+01
4.340185E+01
4.131847E+01
4.342415E+01
4.133401E+01
3.923737E+01
3.715685E+01
3.924779E+01
3.716345E+01
3.507581E+01
3.299357E+01
3.507959E+01
3.299528E+01
3.090972E+01
2.882403E+01
3.090991E+01
2.882312E+01
2.673638E+01
2.464673E+01
2.673468E+01
2.464451E+01
2.255511E+01
2.046160E+01
2.255256E+01
2.045888E+01
1.836629E+01
1.626928E+01
1.836353E+01
1.626659E+01
1.417067E+01
1.207046E+01
1.416814E+01
1.206816E+01
9.968508E+00
7.864604E+00
9.966504E+00
7.862943E+00
5.760010E+00
3.665876E+00
5.758731E+00
3.665008E+00
1.633464E+00
0.000000E+00
1.633026E+00
0.000000E+00
9.767477E+01
1.000000E+02
9.584339E+01
9.768028E+01
1.000000E+02
9.585366E+01
9.405717E+01
9.227236E+01
9.407157E+01
9.229059E+01
9.048188E+01
8.868585E+01
9.050384E+01
8.871151E+01
8.688516E+01
8.508066E+01
8.691444E+01
8.511331E+01
8.327307E+01
8.146292E+01
8.330861E+01
8.150051E+01
7.965036E+01
7.783470E+01
7.968848E+01
7.787094E+01
7.601377E+01
7.418303E+01
7.604470E+01
7.420465E+01
7.233512E+01
7.046066E+01
7.234413E+01
7.045596E+01
6.855034E+01
6.659737E+01
6.853398E+01
6.657418E+01
6.459890E+01
6.255626E+01
6.457530E+01
6.253880E+01
6.047448E+01
5.836172E+01
6.046851E+01
5.837030E+01
5.622777E+01
5.408323E+01
5.625128E+01
5.411930E+01
5.193804E+01
4.979982E+01
5.198214E+01
4.984653E+01
4.767271E+01
4.555741E+01
4.771723E+01
4.559660E+01
4.345236E+01
4.135503E+01
4.348484E+01
4.138074E+01
3.926291E+01
3.717391E+01
3.928251E+01
3.718833E+01
3.508644E+01
3.299937E+01
3.509663E+01
3.300619E+01
3.091191E+01
2.882355E+01
3.091609E+01
2.882568E+01
2.673396E+01
2.464296E+01
2.673454E+01
2.464238E+01
2.255045E+01
2.045643E+01
2.254905E+01
2.045446E+01
1.836090E+01
1.626394E+01
1.835860E+01
1.626148E+01
1.416558E+01
1.206580E+01
1.416313E+01
1.206348E+01
9.964423E+00
7.861204E+00
9.962343E+00
7.859447E+00
5.757386E+00
3.664094E+00
5.756019E+00
3.663164E+00
1.632565E+00
0.000000E+00
1.632096E+00
0.000000E+00
9.768669E+01
1.000000E+02
9.586553E+01
9.769377E+01
1.000000E+02
9.587862E+01
9.408810E+01
9.231125E+01
9.410622E+01
9.233372E+01
9.052833E+01
8.873960E+01
9.055460E+01
8.876920E+01
8.694582E+01
8.514748E+01
8.697817E+01
8.518178E+01
8.334471E+01
8.153717E+01
8.337976E+01
8.157129E+01
7.972371E+01
7.790205E+01
7.975473E+01
7.792748E+01
7.606859E+01
7.421850E+01
7.608603E+01
7.422626E+01
7.234634E+01
7.044691E+01
7.234394E+01
7.043540E+01
6.851615E+01
6.655171E+01
6.849800E+01
6.653034E+01
6.455314E+01
6.252182E+01
6.453242E+01
6.250548E+01
6.046075E+01
5.837432E+01
6.045193E+01
5.837515E+01
5.626786E+01
5.414731E+01
5.627924E+01
5.416881E+01
5.201877E+01
4.988791E+01
5.204870E+01
4.992358E+01
4.775932E+01
4.563608E+01
4.779760E+01
4.567396E+01
4.351958E+01
4.140980E+01
4.355471E+01
4.144070E+01
3.930584E+01
3.720640E+01
3.933185E+01
3.722748E+01
3.511014E+01
3.301588E+01
3.512663E+01
3.302833E+01
3.092267E+01
2.882977E+01
3.093167E+01
2.883592E+01
2.673667E+01
2.464301E+01
2.674051E+01
2.464501E+01
2.254855E+01
2.045316E+01
2.254914E+01
2.045270E+01
1.835677E+01
1.625936E+01
1.835557E+01
1.625769E+01
1.416090E+01
1.206130E+01
1.415898E+01
1.205934E+01
9.960340E+00
7.857733E+00
9.958484E+00
7.856113E+00
5.754673E+00
3.662245E+00
5.753390E+00
3.661367E+00
1.631635E+00
0.000000E+00
1.631195E+00
0.000000E+00
9.770130E+01
1.000000E+02
9.589250E+01
9.770904E+01
1.000000E+02
9.590675E+01
9.412537E+01
9.235727E+01
9.414494E+01
9.238116E+01
9.058181E+01
8.879934E+01
9.060910E+01
8.882906E+01
8.701039E+01
8.521498E+01
8.704147E+01
8.524613E+01
8.341253E+01
8.160185E+01
8.344224E+01
8.162840E+01
7.978103E+01
7.794748E+01
7.980269E+01
7.796272E+01
7.609808E+01
7.422949E+01
7.610586E+01
7.422951E+01
7.233855E+01
7.042269E+01
7.233135E+01
7.040961E+01
6.848019E+01
6.651027E+01
6.846315E+01
6.649160E+01
6.451313E+01
6.248991E+01
6.449528E+01
6.247519E+01
6.044255E+01
5.837374E+01
6.043298E+01
5.837081E+01
5.628672E+01
5.418514E+01
5.629129E+01
5.419738E+01
5.207287E+01
4.995378E+01
5.209223E+01
4.997905E+01
4.783149E+01
4.570905E+01
4.786095E+01
4.574073E+01
4.358875E+01
4.147199E+01
4.362068E+01
4.150248E+01
3.935932E+01
3.725067E+01
3.938712E+01
3.727500E+01
3.514552E+01
3.304319E+01
3.516606E+01
3.305993E+01
3.094293E+01
2.884408E+01
3.095611E+01
2.885407E+01
2.674607E+01
2.464846E+01
2.675328E+01
2.465333E+01
2.255090E+01
2.045317E+01
2.255386E+01
2.045462E+01
1.835509E+01
1.625656E+01
1.835540E+01
1.625605E+01
1.415747E+01
1.205766E+01
1.415642E+01
1.205633E+01
9.956833E+00
7.854637E+00
9.955432E+00
7.853337E+00
5.752203E+00
3.660550E+00
5.751140E+00
3.659815E+00
1.630788E+00
0.000000E+00
1.630424E+00
0.000000E+00
9.771677E+01
1.000000E+02
9.592094E+01
9.772425E+01
1.000000E+02
9.593467E+01
9.416436E+01
9.240469E+01
9.418309E+01
9.242721E+01
9.063565E+01
8.885751E+01
9.066079E+01
8.888403E+01
8.707059E+01
8.527456E+01
8.709721E+01
8.529990E+01
8.346848E+01
8.165095E+01
8.349119E+01
8.166973E+01
7.982014E+01
7.797400E+01
7.983394E+01
7.798211E+01
7.611040E+01
7.422736E+01
7.611257E+01
7.422382E+01
7.232319E+01
7.039668E+01
7.231466E+01
7.038429E+01
6.844713E+01
6.647438E+01
6.843227E+01
6.645864E+01
6.447884E+01
6.246142E+01
6.446383E+01
6.244866E+01
6.042350E+01
5.836688E+01
6.041433E+01
5.836237E+01
5.629372E+01
5.420642E+01
5.629457E+01
5.421297E+01
5.210761E+01
4.999998E+01
5.211974E+01
5.001718E+01
4.788619E+01
4.576876E+01
4.790760E+01
4.579321E+01
4.364988E+01
4.153129E+01
4.367605E+01
4.155786E+01
3.941427E+01
3.729955E+01
3.944002E+01
3.732351E+01
3.518745E+01
3.307793E+01
3.520892E+01
3.309651E+01
3.097075E+01
2.886555E+01
3.098629E+01
2.887810E+01
2.676192E+01
2.465950E+01
2.677168E+01
2.466676E+01
2.255796E+01
2.045703E+01
2.256306E+01
2.046032E+01
1.835649E+01
1.625616E+01
1.835832E+01
1.625688E+01
1.415587E+01
1.205537E+01
1.415580E+01
1.205479E+01
9.954308E+00
7.852238E+00
9.953465E+00
7.851344E+00
5.750217E+00
3.659171E+00
5.749436E+00
3.658619E+00
1.630108E+00
0.000000E+00
1.629839E+00
0.000000E+00
9.773130E+01
1.000000E+02
9.594760E+01
9.773774E+01
1.000000E+02
9.595942E+01
9.420065E+01
9.244820E+01
9.421667E+01
9.246723E+01
9.068397E+01
8.890814E+01
9.070479E+01
8.892953E+01
8.712096E+01
8.532203E+01
8.714170E+01
8.534097E+01
8.351048E+01
8.168515E+01
8.352660E+01
8.169762E+01
7.984470E+01
7.798776E+01
7.985295E+01
7.799154E+01
7.611305E+01
7.421948E+01
7.611241E+01
7.421478E+01
7.230619E+01
7.037266E+01
7.229807E+01
7.036197E+01
6.841868E+01
6.644439E+01
6.840641E+01
6.643161E+01
6.445023E+01
6.243696E+01
6.443803E+01
6.242636E+01
6.040565E+01
5.835759E+01
6.039756E+01
5.835277E+01
5.629433E+01
5.421758E+01
5.629333E+01
5.422072E+01
5.212923E+01
5.003122E+01
5.213657E+01
5.004258E+01
4.792558E+01
4.581425E+01
4.794052E+01
4.583213E+01
4.369911E+01
4.158183E+01
4.371912E+01
4.160306E+01
3.946383E+01
3.734621E+01
3.948535E+01
3.736717E+01
3.522978E+01
3.311501E+01
3.524945E+01
3.313284E+01
3.100215E+01
2.889124E+01
3.101777E+01
2.890447E+01
2.678219E+01
2.467482E+01
2.679300E+01
2.468332E+01
2.256894E+01
2.046433E+01
2.257532E+01
2.046886E+01
1.836080E+01
1.625815E+01
1.836377E+01
1.625986E+01
1.415617E+01
1.205456E+01
1.415691E+01
1.205462E+01
9.952886E+00
7.850641E+00
9.952527E+00
7.850091E+00
5.748786E+00
3.658149E+00
5.748233E+00
3.657730E+00
1.629609E+00
0.000000E+00
1.629395E+00
0.000000E+00
9.774342E+01
1.000000E+02
9.596988E+01
9.774815E+01
1.000000E+02
9.597876E+01
9.423085E+01
9.248400E+01
9.424293E+01
9.249826E+01
9.072300E+01
8.894803E+01
9.073839E+01
8.896353E+01
8.715939E+01
8.535685E+01
8.717404E+01
8.536982E+01
8.353983E+01
8.170754E+01
8.355041E+01
8.171524E+01
7.985916E+01
7.799389E+01
7.986368E+01
7.799516E+01
7.611103E+01
7.421002E+01
7.610918E+01
7.420539E+01
7.229050E+01
7.035230E+01
7.228357E+01
7.034368E+01
6.839548E+01
6.642029E+01
6.838584E+01
6.641035E+01
6.442720E+01
6.241687E+01
6.441768E+01
6.240845E+01
6.039016E+01
5.834809E+01
6.038346E+01
5.834363E+01
5.629184E+01
5.422272E+01
5.629002E+01
5.422380E+01
5.214215E+01
5.005165E+01
5.214625E+01
5.005872E+01
4.795277E+01
4.584709E+01
4.796261E+01
4.585934E+01
4.373616E+01
4.162146E+01
4.375035E+01
4.163702E+01
3.950435E+01
3.738601E+01
3.952064E+01
3.740242E+01
3.526745E+01
3.314945E+01
3.528337E+01
3.316438E+01
3.103260E+01
2.891726E+01
3.104612E+01
2.892910E+01
2.680365E+01
2.469187E+01
2.681367E+01
2.470003E+01
2.258190E+01
2.047366E+01
2.258826E+01
2.047838E+01
1.836702E+01
1.626184E+01
1.837030E+01
1.626388E+01
1.415789E+01
1.205487E+01
1.415894E+01
1.205517E+01
9.952306E+00
7.849621E+00
9.952082E+00
7.849100E+00
5.747708E+00
3.657298E+00
5.747082E+00
3.656726E+00
1.629147E+00
0.000000E+00
1.628750E+00
0.000000E+00
9.775171E+01
1.000000E+02
9.598578E+01
9.775376E+01
1.000000E+02
9.599059E+01
9.425264E+01
9.250976E+01
9.425961E+01
9.251817E+01
9.075077E+01
8.897593E+01
9.075992E+01
8.898509E+01
8.718566E+01
8.537995E+01
8.719416E+01
8.538721E+01
8.355849E+01
8.172087E+01
8.356407E+01
8.172448E+01
7.986667E+01
7.799547E+01
7.986814E+01
7.799480E+01
7.610696E+01
7.420091E+01
7.610428E+01
7.419645E+01
7.227724E+01
7.033599E+01
7.227133E+01
7.032902E+01
6.837734E+01
6.640162E+01
6.836974E+01
6.639384E+01
6.440929E+01
6.240097E+01
6.440179E+01
6.239417E+01
6.037737E+01
5.833935E+01
6.037167E+01
5.833509E+01
5.628789E+01
5.422405E+01
5.628533E+01
5.422337E+01
5.214898E+01
5.006392E+01
5.215030E+01
5.006723E+01
4.797014E+01
4.586896E+01
4.797535E+01
4.587589E+01
4.376169E+01
4.164964E+01
4.377008E+01
4.165915E+01
3.953405E+01
3.741609E+01
3.954431E+01
3.742668E+01
3.529681E+01
3.317713E+01
3.530732E+01
3.318718E+01
3.105780E+01
2.893944E+01
3.106708E+01
2.894769E+01
2.682250E+01
2.470727E+01
2.682954E+01
2.471302E+01
2.259395E+01
2.048260E+01
2.259840E+01
2.048581E+01
1.837321E+01
1.626566E+01
1.837528E+01
1.626674E+01
1.415979E+01
1.205527E+01
1.416003E+01
1.205482E+01
9.951621E+00
7.848284E+00
9.950601E+00
7.846824E+00
5.746118E+00
3.655779E+00
5.744423E+00
3.654089E+00
1.627969E+00
0.000000E+00
1.626441E+00
0.000000E+00
9.775438E+01
1.000000E+02
9.599318E+01
9.775732E+01
1.000000E+02
9.599735E+01
9.426386E+01
9.252370E+01
9.426985E+01
9.253098E+01
9.076613E+01
8.899135E+01
9.077404E+01
8.899934E+01
8.719992E+01
8.539201E+01
8.720756E+01
8.539897E+01
8.356757E+01
8.172645E+01
8.357361E+01
8.173140E+01
7.986848E+01
7.799351E+01
7.987228E+01
7.799617E+01
7.610145E+01
7.419228E+01
7.610304E+01
7.419292E+01
7.226607E+01
7.032295E+01
7.226593E+01
7.032226E+01
6.836320E+01
6.638718E+01
6.836218E+01
6.638606E+01
6.439534E+01
6.238825E+01
6.439436E+01
6.238764E+01
6.036657E+01
5.833108E+01
6.036655E+01
5.833181E+01
5.628260E+01
5.422209E+01
5.628423E+01
5.422472E+01
5.215052E+01
5.006898E+01
5.215422E+01
5.007376E+01
4.797858E+01
4.588047E+01
4.798441E+01
4.588726E+01
4.377582E+01
4.166581E+01
4.378345E+01
4.167412E+01
3.955160E+01
3.743430E+01
3.956039E+01
3.744336E+01
3.531495E+01
3.319453E+01
3.532407E+01
3.320348E+01
3.107388E+01
2.895372E+01
3.108247E+01
2.896180E+01
2.683466E+01
2.471715E+01
2.684210E+01
2.472388E+01
2.260150E+01
2.048792E+01
2.260750E+01
2.049320E+01
1.837648E+01
1.626713E+01
1.838109E+01
1.627114E+01
1.415972E+01
1.205391E+01
1.416321E+01
1.205695E+01
9.949160E+00
7.844855E+00
9.951769E+00
7.846940E+00
5.741970E+00
3.651548E+00
5.743232E+00
3.651663E+00
1.624196E+00
0.000000E+00
1.624701E+00
0.000000E+00
9.778409E+01
1.000000E+02
9.602960E+01
9.807371E+01
1.000000E+02
9.633569E+01
9.430472E+01
9.256698E+01
9.461507E+01
9.287895E+01
9.081051E+01
8.903591E+01
9.112338E+01
8.934943E+01
8.724395E+01
8.543497E+01
8.755800E+01
8.574946E+01
8.360907E+01
8.176624E+01
8.392392E+01
8.208140E+01
7.990644E+01
7.802966E+01
8.022187E+01
7.834533E+01
7.613590E+01
7.422524E+01
7.645181E+01
7.454138E+01
7.229780E+01
7.035380E+01
7.261419E+01
7.067047E+01
6.839352E+01
6.641736E+01
6.871049E+01
6.673465E+01
6.442575E+01
6.241925E+01
6.474341E+01
6.273731E+01
6.039850E+01
5.836421E+01
6.071699E+01
5.868316E+01
5.631717E+01
5.425826E+01
5.663661E+01
5.457820E+01
5.218840E+01
5.010859E+01
5.250886E+01
5.042958E+01
4.801986E+01
4.592331E+01
4.834138E+01
4.624533E+01
4.382002E+01
4.171113E+01
4.414253E+01
4.203408E+01
3.959771E+01
3.748087E+01
3.992108E+01
3.780461E+01
3.536164E+01
3.324099E+01
3.568569E+01
3.356530E+01
3.111980E+01
2.899885E+01
3.144432E+01
2.932352E+01
2.687880E+01
2.476018E+01
2.720358E+01
2.508503E+01
2.264338E+01
2.052867E+01
2.296827E+01
2.085356E+01
1.841616E+01
1.630587E+01
1.874106E+01
1.663075E+01
1.419763E+01
1.209111E+01
1.452248E+01
1.241590E+01
9.985674E+00
7.880495E+00
1.031030E+01
8.204529E+00
5.775865E+00
3.681448E+00
6.097890E+00
3.997021E+00
1.647393E+00
0.000000E+00
1.940191E+00
0.000000E+00
9.841065E+01
9.868769E+01
1.000000E+02
9.775557E+01
9.669369E+01
9.684580E+01
9.593584E+01
1.000000E+02
9.868769E+01
9.841065E+01
9.775557E+01
9.684580E+01
9.669369E+01
9.593584E+01
9.489150E+01
9.503120E+01
9.412521E+01
9.308171E+01
9.322137E+01
9.231688E+01
9.503120E+01
9.489150E+01
9.412521E+01
9.322137E+01
9.308171E+01
9.231688E+01
9.127252E+01
9.141276E+01
9.050805E+01
8.946263E+01
8.960292E+01
8.869705E+01
9.141276E+01
9.127252E+01
9.050805E+01
8.960292E+01
8.946263E+01
8.869705E+01
8.765034E+01
8.779041E+01
8.688285E+01
8.583456E+01
8.597430E+01
8.506468E+01
8.779041E+01
8.765034E+01
8.688285E+01
8.597430E+01
8.583456E+01
8.506468E+01
8.401457E+01
8.415395E+01
8.324203E+01
8.218991E+01
8.232890E+01
8.141450E+01
8.415395E+01
8.401457E+01
8.324203E+01
8.232890E+01
8.218991E+01
8.141450E+01
8.036026E+01
8.049882E+01
7.958182E+01
7.852540E+01
7.866348E+01
7.774376E+01
8.049882E+01
8.036026E+01
7.958182E+01
7.866348E+01
7.852540E+01
7.774376E+01
7.668514E+01
7.682267E+01
7.590012E+01
7.483930E+01
7.497616E+01
7.405062E+01
7.682267E+01
7.668514E+01
7.590012E+01
7.497616E+01
7.483930E+01
7.405062E+01
7.298762E+01
7.312362E+01
7.219475E+01
7.112963E+01
7.126441E+01
7.033151E+01
7.312362E+01
7.298762E+01
7.219475E+01
7.126441E+01
7.112963E+01
7.033151E+01
6.926442E+01
6.939725E+01
6.845872E+01
6.739020E+01
6.751944E+01
6.657126E+01
6.939725E+01
6.926442E+01
6.845872E+01
6.751944E+01
6.739020E+01
6.657126E+01
6.550527E+01
6.562382E+01
6.465266E+01
6.361817E+01
6.368089E+01
6.257873E+01
6.562382E+01
6.550527E+01
6.465266E+01
6.368089E+01
6.361817E+01
6.257873E+01
6.139141E+01
6.122813E+01
6.004916E+01
6.106768E+01
6.004916E+01
6.122813E+01
6.139141E+01
9.913356E+01
9.937860E+01
1.000000E+02
9.887819E+01
9.946243E+01
1.000000E+02
9.895902E+01
9.821217E+01
9.840517E+01
9.794085E+01
9.848084E+01
9.801486E+01
9.730740E+01
9.748496E+01
9.702724E+01
9.755587E+01
9.709844E+01
9.639198E+01
9.657124E+01
9.611617E+01
9.664232E+01
9.618738E+01
9.937860E+01
1.000000E+02
9.887819E+01
9.913356E+01
9.840517E+01
9.794085E+01
9.821217E+01
9.748496E+01
9.702724E+01
9.730740E+01
9.657124E+01
9.611617E+01
9.639198E+01
9.548425E+01
9.566286E+01
9.520971E+01
9.573370E+01
9.528050E+01
9.457808E+01
9.475671E+01
9.430398E+01
9.482753E+01
9.437483E+01
9.367330E+01
9.385167E+01
9.339947E+01
9.392245E+01
9.347021E+01
9.276909E+01
9.294723E+01
9.249501E+01
9.301799E+01
9.256576E+01
9.566286E+01
9.520971E+01
9.548425E+01
9.475671E+01
9.430398E+01
9.457808E+01
9.385167E+01
9.339947E+01
9.367330E+01
9.294723E+01
9.249501E+01
9.276909E+01
9.186487E+01
9.204281E+01
9.159056E+01
9.211355E+01
9.166128E+01
9.096045E+01
9.113820E+01
9.068572E+01
9.120892E+01
9.075644E+01
9.005557E+01
9.023312E+01
8.978037E+01
9.030383E+01
8.985107E+01
8.915008E+01
8.932744E+01
8.887432E+01
8.939813E+01
8.894501E+01
9.204281E+01
9.159056E+01
9.186487E+01
9.113820E+01
9.068572E+01
9.096045E+01
9.023312E+01
8.978037E+01
9.005557E+01
8.932744E+01
8.887432E+01
8.915008E+01
8.824384E+01
8.842100E+01
8.796746E+01
8.849169E+01
8.803815E+01
8.733675E+01
8.751370E+01
8.705970E+01
8.758438E+01
8.713037E+01
8.642870E+01
8.660545E+01
8.615094E+01
8.667611E+01
8.622160E+01
8.551963E+01
8.569616E+01
8.524111E+01
8.576681E+01
8.531176E+01
8.842100E+01
8.796746E+01
8.824384E+01
8.751370E+01
8.705970E+01
8.733675E+01
8.660545E+01
8.615094E+01
8.642870E+01
8.569616E+01
8.524111E+01
8.551963E+01
8.460946E+01
8.478577E+01
8.433015E+01
8.485641E+01
8.440078E+01
8.369814E+01
8.387423E+01
8.341801E+01
8.394486E+01
8.348863E+01
8.278562E+01
8.296148E+01
8.250464E+01
8.303209E+01
8.257524E+01
8.187186E+01
8.204748E+01
8.159001E+01
8.211808E+01
8.166059E+01
8.478577E+01
8.433015E+01
8.460946E+01
8.387423E+01
8.341801E+01
8.369814E+01
8.296148E+01
8.250464E+01
8.278562E+01
8.204748E+01
8.159001E+01
8.187186E+01
8.095682E+01
8.113221E+01
8.067408E+01
8.120279E+01
8.074465E+01
8.004049E+01
8.021562E+01
7.975682E+01
8.028618E+01
7.982737E+01
7.912282E+01
7.929769E+01
7.883822E+01
7.936823E+01
7.890875E+01
7.820380E+01
7.837840E+01
7.791823E+01
7.844892E+01
7.798874E+01
8.113221E+01
8.067408E+01
8.095682E+01
8.021562E+01
7.975682E+01
8.004049E+01
7.929769E+01
7.883822E+01
7.912282E+01
7.837840E+01
7.791823E+01
7.820380E+01
7.728339E+01
7.745772E+01
7.699686E+01
7.752821E+01
7.706733E+01
7.636158E+01
7.653563E+01
7.607401E+01
7.660608E+01
7.614448E+01
7.543832E+01
7.561206E+01
7.514977E+01
7.568250E+01
7.522015E+01
7.451360E+01
7.468705E+01
7.422387E+01
7.475741E+01
7.429430E+01
7.745772E+01
7.699686E+01
7.728339E+01
7.653563E+01
7.607401E+01
7.636158E+01
7.561206E+01
7.514977E+01
7.543832E+01
7.468705E+01
7.422387E+01
7.451360E+01
7.358729E+01
7.376040E+01
7.329660E+01
7.383078E+01
7.336685E+01
7.265945E+01
7.283225E+01
7.236727E+01
7.290248E+01
7.243769E+01
7.172972E+01
7.190213E+01
7.143674E+01
7.197246E+01
7.150673E+01
7.079836E+01
7.097048E+01
7.050316E+01
7.104045E+01
7.057369E+01
7.376040E+01
7.329660E+01
7.358729E+01
7.283225E+01
7.236727E+01
7.265945E+01
7.190213E+01
7.143674E+01
7.172972E+01
7.097048E+01
7.050316E+01
7.079836E+01
6.986443E+01
7.003607E+01
6.956897E+01
7.010641E+01
6.963843E+01
6.892874E+01
6.910020E+01
6.862916E+01
6.916961E+01
6.870022E+01
6.798879E+01
6.815967E+01
6.769075E+01
6.823019E+01
6.775897E+01
6.704707E+01
6.721809E+01
6.673962E+01
6.728604E+01
6.681237E+01
7.003607E+01
6.956897E+01
6.986443E+01
6.910020E+01
6.862916E+01
6.892874E+01
6.815967E+01
6.769075E+01
6.798879E+01
6.721809E+01
6.673962E+01
6.704707E+01
6.609635E+01
6.626679E+01
6.579508E+01
6.633787E+01
6.586028E+01
6.514356E+01
6.531423E+01
6.481462E+01
6.537759E+01
6.489229E+01
6.416710E+01
6.433465E+01
6.383834E+01
6.440210E+01
6.389160E+01
6.317250E+01
6.329670E+01
6.263941E+01
6.334373E+01
6.272189E+01
6.626679E+01
6.579508E+01
6.609635E+01
6.531423E+01
6.481462E+01
6.514356E+01
6.433465E+01
6.383834E+01
6.416710E+01
6.329670E+01
6.263941E+01
6.317250E+01
6.188979E+01
6.181469E+01
6.112304E+01
6.179417E+01
6.181469E+01
6.112304E+01
6.188979E+01
</DataArray>
<DataArray type="Float64" Name="P" NumberOfComponents="2" format="ascii">
8.196861E-01 -7.859498E-02
9.784869E-01 -9.689605E-02
9.746756E-01 2.389462E-03
8.127930E-01 -1.323832E-04
9.770044E-01 -9.622630E-02
9.733863E-01 2.425412E-03
9.749258E-01 2.797129E-03
8.101780E-01 1.146568E-03
9.736619E-01 3.018386E-03
9.732595E-01 -9.599438E-02
9.696254E-01 2.457336E-03
9.712505E-01 -9.597371E-02
9.674584E-01 2.490216E-03
9.698499E-01 3.114960E-03
9.676331E-01 3.187913E-03
9.699255E-01 -9.602417E-02
9.660480E-01 2.536771E-03
9.687765E-01 -9.608944E-02
9.648677E-01 2.584478E-03
9.662074E-01 3.261242E-03
9.650336E-01 3.334653E-03
9.676557E-01 -9.615379E-02
9.637375E-01 2.629094E-03
9.665298E-01 -9.621333E-02
9.626084E-01 2.669864E-03
9.639152E-01 3.404591E-03
9.627957E-01 3.468838E-03
9.653954E-01 -9.626721E-02
9.614714E-01 2.706585E-03
9.642564E-01 -9.631533E-02
9.603289E-01 2.739046E-03
9.616636E-01 3.526023E-03
9.605211E-01 3.575260E-03
9.631185E-01 -9.635792E-02
9.591862E-01 2.767114E-03
9.619874E-01 -9.639535E-02
9.580493E-01 2.790821E-03
9.593740E-01 3.616106E-03
9.582288E-01 3.648552E-03
9.608683E-01 -9.642809E-02
9.569234E-01 2.810359E-03
9.597655E-01 -9.645669E-02
9.558132E-01 2.826029E-03
9.570916E-01 3.672954E-03
9.559679E-01 3.689914E-03
9.586827E-01 -9.648172E-02
9.547226E-01 2.838176E-03
9.576229E-01 -9.650381E-02
9.536549E-01 2.847130E-03
9.548624E-01 3.700134E-03
9.537788E-01 3.704290E-03
9.565884E-01 -9.652360E-02
9.526124E-01 2.853152E-03
9.555815E-01 -9.654173E-02
9.515977E-01 2.856397E-03
9.527203E-01 3.702922E-03
9.516897E-01 3.696348E-03
9.546042E-01 -9.655886E-02
9.506127E-01 2.856885E-03
9.536587E-01 -9.657567E-02
9.496599E-01 2.854497E-03
9.506893E-01 3.684613E-03
9.497217E-01 3.667464E-03
9.527478E-01 -9.659286E-02
9.487419E-01 2.848968E-03
9.518747E-01 -9.661112E-02
9.478621E-01 2.839911E-03
9.487901E-01 3.644360E-03
9.478978E-01 3.614508E-03
9.510435E-01 -9.663116E-02
9.470247E-01 2.826850E-03
9.502591E-01 -9.665369E-02
9.462346E-01 2.809262E-03
9.470495E-01 3.576938E-03
9.462504E-01 3.530606E-03
9.495276E-01 -9.667941E-02
9.454981E-01 2.786651E-03
9.488557E-01 -9.670895E-02
9.448219E-01 2.758615E-03
9.455071E-01 3.474531E-03
9.448267E-01 3.407953E-03
9.482511E-01 -9.674288E-02
9.442137E-01 2.724943E-03
9.477216E-01 -9.678163E-02
9.436817E-01 2.685699E-03
9.442174E-01 3.330514E-03
9.436875E-01 3.242443E-03
9.472750E-01 -9.682562E-02
9.432336E-01 2.641246E-03
9.469187E-01 -9.687493E-02
9.428767E-01 2.592367E-03
9.432452E-01 3.144723E-03
9.428978E-01 3.039137E-03
9.466590E-01 -9.692926E-02
9.426172E-01 2.540417E-03
9.465000E-01 -9.698817E-02
9.424594E-01 2.487088E-03
9.426511E-01 2.928393E-03
9.425085E-01 2.816035E-03
9.464434E-01 -9.705097E-02
9.424046E-01 2.434405E-03
9.464875E-01 -9.711671E-02
9.424509E-01 2.384588E-03
9.424706E-01 2.706237E-03
9.425343E-01 2.603503E-03
9.466274E-01 -9.718425E-02
9.425931E-01 2.339870E-03
9.468548E-01 -9.725231E-02
9.428225E-01 2.302296E-03
9.426933E-01 2.512278E-03
9.429373E-01 2.436535E-03
9.471580E-01 -9.731959E-02
9.431271E-01 2.273532E-03
9.475227E-01 -9.738478E-02
9.434925E-01 2.254727E-03
9.432537E-01 2.379409E-03
9.436271E-01 2.342935E-03
9.479326E-01 -9.744672E-02
9.439021E-01 2.246438E-03
9.483702E-01 -9.750436E-02
9.443384E-01 2.248646E-03
9.440408E-01 2.327948E-03
9.444772E-01 2.334135E-03
9.488164E-01 -9.755678E-02
9.447823E-01 2.260831E-03
9.492500E-01 -9.760300E-02
9.452119E-01 2.282070E-03
9.449177E-01 2.360218E-03
9.453411E-01 2.404217E-03
9.496428E-01 -9.764130E-02
9.455973E-01 2.311106E-03
9.499468E-01 -9.766716E-02
9.458850E-01 2.346410E-03
9.457176E-01 2.463750E-03
9.459919E-01 2.536521E-03
9.500564E-01 -9.766698E-02
9.459577E-01 2.386925E-03
9.497041E-01 -9.760232E-02
9.455388E-01 2.436088E-03
9.460382E-01 2.621519E-03
9.455635E-01 2.721150E-03
9.482526E-01 -9.738617E-02
9.440630E-01 2.513145E-03
9.450255E-01 -9.695443E-02
9.413098E-01 2.638253E-03
9.440173E-01 2.835114E-03
9.413747E-01 2.907599E-03
9.480014E-01 -9.759003E-02
9.460245E-01 2.726709E-03
1.173026E+00 -1.551004E-01
1.139059E+00 -7.512529E-04
9.469633E-01 2.672972E-03
1.136027E+00 2.356548E-03
9.749565E-01 1.327158E-03
8.099587E-01 4.905858E-04
9.738035E-01 1.377808E-03
9.750505E-01 5.631243E-04
8.101005E-01 1.671548E-04
9.739131E-01 6.068377E-04
9.700110E-01 1.479894E-03
9.678316E-01 1.588095E-03
9.701841E-01 6.866273E-04
9.680572E-01 8.052898E-04
9.664362E-01 1.693652E-03
9.652890E-01 1.798448E-03
9.667119E-01 9.395297E-04
9.656086E-01 1.079066E-03
9.641938E-01 1.900207E-03
9.630913E-01 1.995465E-03
9.645491E-01 1.218012E-03
9.634725E-01 1.350726E-03
9.619684E-01 2.081271E-03
9.608270E-01 2.155557E-03
9.623640E-01 1.472172E-03
9.612252E-01 1.578541E-03
9.596733E-01 2.217174E-03
9.585149E-01 2.265826E-03
9.600630E-01 1.667483E-03
9.588865E-01 1.738072E-03
9.573593E-01 2.301908E-03
9.562135E-01 2.326286E-03
9.577052E-01 1.790567E-03
9.565280E-01 1.826070E-03
9.550832E-01 2.340053E-03
9.539736E-01 2.344302E-03
9.553627E-01 1.846137E-03
9.542160E-01 1.852405E-03
9.528885E-01 2.339928E-03
9.518315E-01 2.327487E-03
9.530931E-01 1.846278E-03
9.519986E-01 1.828679E-03
9.508056E-01 2.307097E-03
9.498138E-01 2.278395E-03
9.509363E-01 1.799897E-03
9.499101E-01 1.759514E-03
9.488596E-01 2.240552E-03
9.479470E-01 2.192335E-03
9.489238E-01 1.706420E-03
9.479824E-01 1.638917E-03
9.470810E-01 2.132230E-03
9.462674E-01 2.058614E-03
9.470914E-01 1.554901E-03
9.462577E-01 1.452125E-03
9.455135E-01 1.969976E-03
9.448271E-01 1.865181E-03
9.454894E-01 1.328530E-03
9.447953E-01 1.182634E-03
9.442170E-01 1.743753E-03
9.436921E-01 1.606164E-03
9.441853E-01 1.013947E-03
9.436687E-01 8.233805E-04
9.432607E-01 1.454074E-03
9.429301E-01 1.290490E-03
9.432545E-01 6.135872E-04
9.429494E-01 3.891530E-04
9.427055E-01 1.119797E-03
9.425892E-01 9.476372E-04
9.427576E-01 1.565717E-04
9.426795E-01 -7.603934E-05
9.425801E-01 7.805384E-04
9.426731E-01 6.254008E-04
9.427116E-01 -2.995266E-04
9.428457E-01 -5.045063E-04
9.428597E-01 4.888705E-04
9.431279E-01 3.767097E-04
9.430703E-01 -6.822654E-04
9.433705E-01 -8.255996E-04
9.434630E-01 2.932739E-04
9.438488E-01 2.411876E-04
9.437297E-01 -9.294318E-04
9.441305E-01 -9.911142E-04
9.442682E-01 2.212635E-04
9.447039E-01 2.326560E-04
9.445557E-01 -1.010390E-03
9.449885E-01 -9.890701E-04
9.451382E-01 2.731955E-04
9.455512E-01 3.398353E-04
9.454127E-01 -9.305146E-04
9.458105E-01 -8.390483E-04
9.459144E-01 4.291749E-04
9.461736E-01 5.380354E-04
9.461556E-01 -7.194287E-04
9.463973E-01 -5.766550E-04
9.462060E-01 6.636282E-04
9.457302E-01 8.004467E-04
9.464180E-01 -4.168306E-04
9.459420E-01 -2.493004E-04
9.442221E-01 9.281588E-04
9.416218E-01 1.014184E-03
9.444304E-01 -8.236192E-05
9.417921E-01 9.916838E-05
9.471505E-01 1.134349E-03
1.135350E+00 1.024605E-03
9.471487E-01 3.147957E-04
1.135511E+00 3.059792E-04
9.751259E-01 2.301771E-04
8.101998E-01 5.596082E-05
9.740227E-01 2.857296E-04
9.751748E-01 8.017683E-05
8.102405E-01 1.723816E-05
9.741328E-01 1.318337E-04
9.703712E-01 3.742206E-04
9.683172E-01 5.015054E-04
9.705627E-01 2.288505E-04
9.685992E-01 3.709057E-04
9.670370E-01 6.594523E-04
9.659929E-01 8.344684E-04
9.674044E-01 5.532413E-04
9.664373E-01 7.649303E-04
9.649832E-01 1.015125E-03
9.639432E-01 1.191877E-03
9.654931E-01 9.917853E-04
9.645032E-01 1.219868E-03
9.628563E-01 1.356574E-03
9.617232E-01 1.502836E-03
9.634476E-01 1.436795E-03
9.623258E-01 1.632516E-03
9.605517E-01 1.626422E-03
9.593529E-01 1.725274E-03
9.611462E-01 1.799930E-03
9.599220E-01 1.935108E-03
9.581388E-01 1.799240E-03
9.569209E-01 1.849584E-03
9.586684E-01 2.037040E-03
9.574006E-01 2.107002E-03
9.557099E-01 1.878408E-03
9.545144E-01 1.888067E-03
9.561326E-01 2.147710E-03
9.548761E-01 2.162449E-03
9.533419E-01 1.880668E-03
9.521980E-01 1.857686E-03
9.536410E-01 2.154289E-03
9.524350E-01 2.125487E-03
9.510879E-01 1.819708E-03
9.500163E-01 1.766323E-03
9.512647E-01 2.077098E-03
9.501360E-01 2.008798E-03
9.489881E-01 1.696146E-03
9.480090E-01 1.606968E-03
9.490552E-01 1.918920E-03
9.480291E-01 1.804678E-03
9.470857E-01 1.496026E-03
9.462263E-01 1.360383E-03
9.470660E-01 1.662548E-03
9.461756E-01 1.488823E-03
9.454402E-01 1.197412E-03
9.447377E-01 1.005342E-03
9.453692E-01 1.280288E-03
9.446589E-01 1.034997E-03
9.441298E-01 7.838497E-04
9.436269E-01 5.346110E-04
9.440571E-01 7.530829E-04
9.435753E-01 4.374896E-04
9.432378E-01 2.617357E-04
9.429688E-01 -2.804419E-05
9.432222E-01 9.448018E-05
9.430028E-01 -2.662544E-04
9.428223E-01 -3.255324E-04
9.427958E-01 -6.196213E-04
9.429163E-01 -6.320229E-04
9.429562E-01 -9.881281E-04
9.428820E-01 -8.982305E-04
9.430687E-01 -1.149485E-03
9.431098E-01 -1.319320E-03
9.433599E-01 -1.611432E-03
9.433404E-01 -1.362918E-03
9.436788E-01 -1.530466E-03
9.436857E-01 -1.852862E-03
9.440658E-01 -2.035591E-03
9.440652E-01 -1.647072E-03
9.444812E-01 -1.710829E-03
9.444792E-01 -2.155585E-03
9.449073E-01 -2.212605E-03
9.449097E-01 -1.722708E-03
9.453355E-01 -1.685987E-03
9.453343E-01 -2.209572E-03
9.457471E-01 -2.151708E-03
9.457446E-01 -1.605552E-03
9.461215E-01 -1.487235E-03
9.461342E-01 -2.045670E-03
9.464835E-01 -1.898835E-03
9.464431E-01 -1.337363E-03
9.466615E-01 -1.162701E-03
9.467746E-01 -1.718818E-03
9.469614E-01 -1.513039E-03
9.466608E-01 -9.704967E-04
9.461616E-01 -7.663803E-04
9.469279E-01 -1.287645E-03
9.463961E-01 -1.045652E-03
9.446227E-01 -5.488128E-04
9.419534E-01 -3.131827E-04
9.448295E-01 -7.875717E-04
9.421359E-01 -5.151708E-04
9.472437E-01 -6.249712E-05
1.135782E+00 5.217341E-05
9.474149E-01 -2.335910E-04
1.136034E+00 -3.035667E-05
9.752017E-01 -4.612623E-06
8.102423E-01 -4.920695E-09
9.742330E-01 2.615181E-05
9.752010E-01 -7.302400E-05
8.102104E-01 -1.104793E-05
9.743126E-01 -7.763637E-05
9.707522E-01 1.203957E-04
9.688903E-01 2.746648E-04
9.709284E-01 1.100519E-06
9.691762E-01 1.593330E-04
9.677989E-01 4.825109E-04
9.669283E-01 7.331003E-04
9.682015E-01 3.895998E-04
9.674460E-01 6.798076E-04
9.660684E-01 1.010922E-03
9.651452E-01 1.298236E-03
9.666909E-01 1.012725E-03
9.658550E-01 1.367148E-03
9.641346E-01 1.577740E-03
9.630333E-01 1.834497E-03
9.649078E-01 1.720517E-03
9.638414E-01 2.051836E-03
9.618497E-01 2.057265E-03
9.605992E-01 2.239171E-03
9.626627E-01 2.344145E-03
9.613885E-01 2.586104E-03
9.593007E-01 2.377634E-03
9.579738E-01 2.473624E-03
9.600416E-01 2.772424E-03
9.586473E-01 2.903157E-03
9.566370E-01 2.530497E-03
9.553063E-01 2.552701E-03
9.572296E-01 2.982180E-03
9.558100E-01 3.015331E-03
9.539945E-01 2.544593E-03
9.527122E-01 2.509517E-03
9.544059E-01 3.008639E-03
9.530312E-01 2.966929E-03
9.514679E-01 2.449211E-03
9.502693E-01 2.363540E-03
9.516973E-01 2.892915E-03
9.504143E-01 2.786800E-03
9.491242E-01 2.250550E-03
9.480413E-01 2.106777E-03
9.491920E-01 2.646324E-03
9.480415E-01 2.467229E-03
9.470307E-01 1.927808E-03
9.461045E-01 1.709057E-03
9.469757E-01 2.244026E-03
9.460094E-01 1.971128E-03
9.452762E-01 1.446727E-03
9.445605E-01 1.138902E-03
9.451596E-01 1.644214E-03
9.444438E-01 1.261758E-03
9.439717E-01 7.866453E-04
9.435219E-01 3.949425E-04
9.438784E-01 8.265313E-04
9.434762E-01 3.467553E-04
9.432194E-01 -2.676477E-05
9.430663E-01 -4.647020E-04
9.432434E-01 -1.634616E-04
9.431775E-01 -6.847673E-04
9.430573E-01 -9.016950E-04
9.431797E-01 -1.318863E-03
9.432662E-01 -1.194390E-03
9.434877E-01 -1.668876E-03
9.434138E-01 -1.697771E-03
9.437358E-01 -2.022561E-03
9.438137E-01 -2.087094E-03
9.442128E-01 -2.432737E-03
9.441198E-01 -2.281566E-03
9.445409E-01 -2.468102E-03
9.446542E-01 -2.695738E-03
9.451109E-01 -2.872425E-03
9.449773E-01 -2.580404E-03
9.454111E-01 -2.620896E-03
9.455615E-01 -2.964670E-03
9.459905E-01 -2.978456E-03
9.458286E-01 -2.595103E-03
9.462200E-01 -2.510509E-03
9.463879E-01 -2.922341E-03
9.467476E-01 -2.806100E-03
9.465771E-01 -2.375561E-03
9.468910E-01 -2.198913E-03
9.470654E-01 -2.639703E-03
9.473356E-01 -2.432573E-03
9.471437E-01 -1.988817E-03
9.472911E-01 -1.752430E-03
9.475428E-01 -2.193021E-03
9.476452E-01 -1.927768E-03
9.472189E-01 -1.494986E-03
9.466525E-01 -1.219753E-03
9.475315E-01 -1.641824E-03
9.469291E-01 -1.338913E-03
9.450579E-01 -9.292697E-04
9.423438E-01 -6.262232E-04
9.453055E-01 -1.021970E-03
9.425713E-01 -6.935916E-04
9.476190E-01 -3.151982E-04
1.136282E+00 -5.953201E-05
9.478399E-01 -3.581048E-04
1.136539E+00 -7.179405E-05
9.751627E-01 -1.425796E-04
8.101414E-01 -2.052438E-05
9.743594E-01 -1.953474E-04
9.750773E-01 -2.174502E-04
8.100302E-01 -2.983382E-05
9.743613E-01 -3.293243E-04
9.710761E-01 -1.447458E-04
9.694390E-01 6.571377E-06
9.711789E-01 -3.190257E-04
9.696571E-01 -1.870332E-04
9.685900E-01 2.517859E-04
9.679645E-01 5.784583E-04
9.689378E-01 6.198140E-05
9.684527E-01 4.170539E-04
9.673349E-01 9.679293E-04
9.666103E-01 1.395846E-03
9.679670E-01 8.597137E-04
9.673794E-01 1.363721E-03
9.657507E-01 1.834287E-03
9.647407E-01 2.255179E-03
9.666376E-01 1.896434E-03
9.657139E-01 2.422193E-03
9.635825E-01 2.634030E-03
9.622928E-01 2.952953E-03
9.646017E-01 2.907157E-03
9.633133E-01 3.324199E-03
9.608979E-01 3.202155E-03
9.594292E-01 3.379619E-03
9.618768E-01 3.656258E-03
9.603301E-01 3.897140E-03
9.579184E-01 3.489305E-03
9.563938E-01 3.538567E-03
9.587139E-01 4.049785E-03
9.570666E-01 4.122911E-03
9.548792E-01 3.535551E-03
9.533935E-01 3.487081E-03
9.554204E-01 4.127255E-03
9.538016E-01 4.072345E-03
9.519519E-01 3.397269E-03
9.505677E-01 3.266868E-03
9.522308E-01 3.964309E-03
9.507256E-01 3.804799E-03
9.492537E-01 3.093312E-03
9.480239E-01 2.871385E-03
9.493029E-01 3.590957E-03
9.479809E-01 3.316404E-03
9.468949E-01 2.594281E-03
9.458855E-01 2.255274E-03
9.467808E-01 2.972686E-03
9.457271E-01 2.551798E-03
9.450169E-01 1.849674E-03
9.443104E-01 1.376998E-03
9.448464E-01 2.049043E-03
9.441644E-01 1.466139E-03
9.437845E-01 8.429904E-04
9.434515E-01 2.609505E-04
9.437017E-01 8.138927E-04
9.434677E-01 1.134950E-04
9.433136E-01 -3.482301E-04
9.433603E-01 -9.577542E-04
9.434567E-01 -6.044737E-04
9.436455E-01 -1.303697E-03
9.435685E-01 -1.538226E-03
9.439048E-01 -2.061812E-03
9.439954E-01 -1.947709E-03
9.444582E-01 -2.505709E-03
9.443303E-01 -2.506075E-03
9.448061E-01 -2.856412E-03
9.449839E-01 -2.956725E-03
9.455278E-01 -3.291073E-03
9.452978E-01 -3.106654E-03
9.457785E-01 -3.258061E-03
9.460549E-01 -3.509240E-03
9.465415E-01 -3.619224E-03
9.462295E-01 -3.317392E-03
9.466396E-01 -3.294772E-03
9.469744E-01 -3.633479E-03
9.473487E-01 -3.566274E-03
9.470037E-01 -3.201818E-03
9.473203E-01 -3.050270E-03
9.476649E-01 -3.431819E-03
9.479267E-01 -3.243136E-03
9.475893E-01 -2.851090E-03
9.478079E-01 -2.613915E-03
9.481376E-01 -3.011493E-03
9.482983E-01 -2.746202E-03
9.479639E-01 -2.346746E-03
9.480178E-01 -2.055874E-03
9.483988E-01 -2.454656E-03
9.484016E-01 -2.142549E-03
9.478603E-01 -1.746099E-03
9.472207E-01 -1.421055E-03
9.481991E-01 -1.814188E-03
9.475217E-01 -1.472778E-03
9.455674E-01 -1.083488E-03
9.428125E-01 -7.358373E-04
9.458385E-01 -1.120712E-03
9.430625E-01 -7.602075E-04
9.480726E-01 -3.823476E-04
1.136808E+00 -7.772576E-05
9.483135E-01 -3.953678E-04
1.137085E+00 -8.057625E-05
9.749381E-01 -2.961743E-04
8.098730E-01 -3.917142E-05
9.743079E-01 -4.753705E-04
9.747414E-01 -3.748128E-04
8.096685E-01 -4.819522E-05
9.741920E-01 -6.257564E-04
9.712213E-01 -5.163151E-04
9.698088E-01 -4.167590E-04
9.711909E-01 -7.264958E-04
9.698746E-01 -6.719527E-04
9.692158E-01 -1.780791E-04
9.688744E-01 1.921455E-04
9.693957E-01 -4.596280E-04
9.691912E-01 -9.226819E-05
9.685459E-01 6.780967E-04
9.681201E-01 1.254264E-03
9.690241E-01 4.195412E-04
9.687790E-01 1.054698E-03
9.675305E-01 1.885450E-03
9.667330E-01 2.529267E-03
9.683772E-01 1.779641E-03
9.677544E-01 2.548629E-03
9.657047E-01 3.141375E-03
9.644473E-01 3.682313E-03
9.668636E-01 3.307687E-03
9.656845E-01 4.002385E-03
9.629857E-01 4.123682E-03
9.613630E-01 4.451389E-03
9.642299E-01 4.587516E-03
9.625434E-01 5.034893E-03
9.596309E-01 4.664974E-03
9.578410E-01 4.773722E-03
9.606886E-01 5.335924E-03
9.587349E-01 5.498279E-03
9.560384E-01 4.791366E-03
9.542596E-01 4.731113E-03
9.567459E-01 5.538775E-03
9.547739E-01 5.475624E-03
9.525333E-01 4.602060E-03
9.508832E-01 4.407325E-03
9.528594E-01 5.322387E-03
9.510350E-01 5.084582E-03
9.493318E-01 4.143808E-03
9.479028E-01 3.803721E-03
9.493306E-01 4.758970E-03
9.477782E-01 4.336084E-03
9.466243E-01 3.376485E-03
9.455280E-01 2.852721E-03
9.464148E-01 3.802509E-03
9.452828E-01 3.147548E-03
9.446479E-01 2.228493E-03
9.440148E-01 1.509797E-03
9.444253E-01 2.369623E-03
9.438784E-01 1.482771E-03
9.436495E-01 7.159575E-04
9.435546E-01 -1.197135E-04
9.436593E-01 5.205285E-04
9.437559E-01 -4.655634E-04
9.437100E-01 -9.532354E-04
9.440725E-01 -1.737058E-03
9.441232E-01 -1.414073E-03
9.446888E-01 -2.266228E-03
9.445826E-01 -2.428741E-03
9.451755E-01 -2.998020E-03
9.453680E-01 -2.977813E-03
9.460806E-01 -3.525588E-03
9.457917E-01 -3.429941E-03
9.463846E-01 -3.723816E-03
9.467632E-01 -3.906818E-03
9.473744E-01 -4.133978E-03
9.469234E-01 -3.889489E-03
9.473917E-01 -3.942852E-03
9.478931E-01 -4.227998E-03
9.483143E-01 -4.212533E-03
9.477845E-01 -3.902008E-03
9.481043E-01 -3.784652E-03
9.486430E-01 -4.110201E-03
9.488899E-01 -3.940670E-03
9.483580E-01 -3.606615E-03
9.485538E-01 -3.381261E-03
9.490675E-01 -3.720047E-03
9.491882E-01 -3.460986E-03
9.486990E-01 -3.119409E-03
9.487967E-01 -2.829534E-03
9.492619E-01 -3.173131E-03
9.492935E-01 -2.863665E-03
9.488388E-01 -2.518103E-03
9.487893E-01 -2.189967E-03
9.492759E-01 -2.537852E-03
9.491739E-01 -2.199504E-03
9.485415E-01 -1.848711E-03
9.478264E-01 -1.496953E-03
9.488815E-01 -1.851362E-03
9.481297E-01 -1.495388E-03
9.461138E-01 -1.136649E-03
9.433169E-01 -7.697098E-04
9.463885E-01 -1.133055E-03
9.435714E-01 -7.659155E-04
9.485588E-01 -3.999927E-04
1.137367E+00 -8.146188E-05
9.488045E-01 -3.974997E-04
1.137649E+00 -8.082371E-05
9.744874E-01 -4.482901E-04
8.094184E-01 -5.627878E-05
9.740104E-01 -7.707382E-04
9.741803E-01 -5.109673E-04
8.091275E-01 -6.252979E-05
9.737647E-01 -8.994491E-04
9.710799E-01 -9.361500E-04
9.698399E-01 -9.370225E-04
9.708861E-01 -1.129577E-03
9.696964E-01 -1.192326E-03
9.694531E-01 -7.671926E-04
9.693667E-01 -4.241049E-04
9.693708E-01 -1.078991E-03
9.693708E-01 -7.826044E-04
9.693514E-01 8.873432E-05
9.692945E-01 7.585303E-04
9.694815E-01 -2.992546E-04
9.696024E-01 3.695409E-04
9.691104E-01 1.559363E-03
9.687152E-01 2.448941E-03
9.696511E-01 1.212186E-03
9.695307E-01 2.199740E-03
9.680304E-01 3.368416E-03
9.669998E-01 4.248175E-03
9.691297E-01 3.278649E-03
9.683422E-01 4.369542E-03
9.656079E-01 5.020190E-03
9.638876E-01 5.632757E-03
9.671016E-01 5.378040E-03
9.654078E-01 6.216854E-03
9.619120E-01 6.060418E-03
9.597733E-01 6.304175E-03
9.633317E-01 6.828810E-03
9.609914E-01 7.197434E-03
9.575624E-01 6.382996E-03
9.553554E-01 6.321784E-03
9.585167E-01 7.340075E-03
9.560211E-01 7.290025E-03
9.532108E-01 6.140908E-03
9.511745E-01 5.849847E-03
9.535917E-01 7.078105E-03
9.512946E-01 6.720370E-03
9.492873E-01 5.445372E-03
9.475924E-01 4.916154E-03
9.491866E-01 6.213788E-03
9.473275E-01 5.545399E-03
9.461403E-01 4.244829E-03
9.449876E-01 3.419862E-03
9.457875E-01 4.692051E-03
9.446440E-01 3.642960E-03
9.441897E-01 2.445331E-03
9.437858E-01 1.350192E-03
9.439667E-01 2.414745E-03
9.437910E-01 1.063881E-03
9.437810E-01 1.914400E-04
9.441341E-01 -9.531009E-04
9.440917E-01 -3.148531E-04
9.447740E-01 -1.608884E-03
9.447596E-01 -2.001870E-03
9.455469E-01 -2.889285E-03
9.456936E-01 -2.719516E-03
9.466967E-01 -3.587220E-03
9.463858E-01 -3.578587E-03
9.471879E-01 -4.063215E-03
9.476573E-01 -4.198060E-03
9.484947E-01 -4.573195E-03
9.478963E-01 -4.359305E-03
9.484835E-01 -4.495213E-03
9.491724E-01 -4.752089E-03
9.496860E-01 -4.778379E-03
9.489445E-01 -4.502667E-03
9.492880E-01 -4.411247E-03
9.500498E-01 -4.691567E-03
9.502866E-01 -4.523714E-03
9.495295E-01 -4.245868E-03
9.496870E-01 -4.026221E-03
9.504211E-01 -4.299156E-03
9.504764E-01 -4.035554E-03
9.497776E-01 -3.767220E-03
9.498165E-01 -3.479824E-03
9.504727E-01 -3.745329E-03
9.504262E-01 -3.437005E-03
9.498152E-01 -3.171906E-03
9.497793E-01 -2.849027E-03
9.503489E-01 -3.116309E-03
9.502462E-01 -2.787021E-03
9.497023E-01 -2.515069E-03
9.495491E-01 -2.172721E-03
9.501114E-01 -2.451600E-03
9.499090E-01 -2.111631E-03
9.492135E-01 -1.823845E-03
9.484266E-01 -1.469741E-03
9.495325E-01 -1.768138E-03
9.487128E-01 -1.421801E-03
9.466582E-01 -1.111393E-03
9.438219E-01 -7.499823E-04
9.469190E-01 -1.073147E-03
9.440647E-01 -7.230060E-04
9.490466E-01 -3.886602E-04
1.137927E+00 -7.887807E-05
9.492814E-01 -3.741543E-04
1.138195E+00 -7.580253E-05
9.738279E-01 -5.566465E-04
8.088034E-01 -6.551613E-05
9.734606E-01 -1.000254E-03
9.734419E-01 -5.777300E-04
8.084563E-01 -6.239482E-05
9.731081E-01 -1.060206E-03
9.706125E-01 -1.289458E-03
9.694431E-01 -1.415059E-03
9.702672E-01 -1.396683E-03
9.690850E-01 -1.579635E-03
9.691408E-01 -1.367850E-03
9.691842E-01 -1.138788E-03
9.687633E-01 -1.602357E-03
9.688005E-01 -1.457270E-03
9.693792E-01 -7.179708E-04
9.696464E-01 -9.436896E-05
9.690276E-01 -1.130773E-03
9.693907E-01 -5.991808E-04
9.699182E-01 7.402209E-04
9.700982E-01 1.780658E-03
9.698450E-01 1.678672E-04
9.703109E-01 1.195117E-03
9.700516E-01 2.993332E-03
9.696193E-01 4.303454E-03
9.706542E-01 2.482779E-03
9.706818E-01 3.983551E-03
9.686591E-01 5.595706E-03
9.671002E-01 6.737101E-03
9.701669E-01 5.583946E-03
9.689206E-01 7.109616E-03
9.649809E-01 7.616686E-03
9.624375E-01 8.178884E-03
9.668844E-01 8.371621E-03
9.641758E-01 9.236326E-03
9.596527E-01 8.428391E-03
9.567992E-01 8.407068E-03
9.610377E-01 9.667422E-03
9.577363E-01 9.708858E-03
9.540112E-01 8.161665E-03
9.513873E-01 7.719303E-03
9.544870E-01 9.430807E-03
9.514440E-01 8.879335E-03
9.490086E-01 7.077238E-03
9.469608E-01 6.222479E-03
9.487272E-01 8.051614E-03
9.464640E-01 6.940117E-03
9.453439E-01 5.122908E-03
9.442654E-01 3.772947E-03
9.448022E-01 5.498126E-03
9.438913E-01 3.737204E-03
9.438084E-01 2.216309E-03
9.439855E-01 5.597708E-04
9.438162E-01 1.759250E-03
9.445187E-01 -2.396794E-04
9.447048E-01 -1.044409E-03
9.457822E-01 -2.446120E-03
9.457755E-01 -2.030974E-03
9.472738E-01 -3.445501E-03
9.469997E-01 -3.546385E-03
9.481714E-01 -4.316670E-03
9.487309E-01 -4.424953E-03
9.499686E-01 -5.006231E-03
9.491800E-01 -4.784931E-03
9.499755E-01 -5.007706E-03
9.509169E-01 -5.273076E-03
9.515794E-01 -5.314989E-03
9.505559E-01 -5.046591E-03
9.509446E-01 -4.955390E-03
9.519953E-01 -5.206736E-03
9.522141E-01 -5.003376E-03
9.511750E-01 -4.775902E-03
9.512814E-01 -4.538384E-03
9.522835E-01 -4.742549E-03
9.522439E-01 -4.448762E-03
9.512945E-01 -4.263736E-03
9.512399E-01 -3.965913E-03
9.521279E-01 -4.137380E-03
9.519609E-01 -3.817688E-03
9.511384E-01 -3.653964E-03
9.510060E-01 -3.333590E-03
9.517623E-01 -3.495042E-03
9.515466E-01 -3.172319E-03
9.508540E-01 -3.008264E-03
9.506869E-01 -2.680014E-03
9.513234E-01 -2.850880E-03
9.510958E-01 -2.531191E-03
9.504973E-01 -2.349965E-03
9.502488E-01 -2.018700E-03
9.508553E-01 -2.213230E-03
9.505645E-01 -1.896748E-03
9.498344E-01 -1.686506E-03
9.489843E-01 -1.353519E-03
9.501156E-01 -1.581427E-03
9.492380E-01 -1.266972E-03
9.471672E-01 -1.019876E-03
9.442965E-01 -6.860917E-04
9.473998E-01 -9.531999E-04
9.445142E-01 -6.403675E-04
9.495058E-01 -3.545813E-04
1.138452E+00 -7.172163E-05
9.497169E-01 -3.305485E-04
1.138693E+00 -6.676079E-05
9.730369E-01 -5.627901E-04
8.080976E-01 -4.665702E-05
9.727200E-01 -1.062756E-03
9.726316E-01 -4.911582E-04
8.077389E-01 -2.750249E-06
9.723123E-01 -9.822513E-04
9.698610E-01 -1.428354E-03
9.686303E-01 -1.656491E-03
9.694060E-01 -1.352267E-03
9.680875E-01 -1.607866E-03
9.682450E-01 -1.747448E-03
9.682273E-01 -1.698951E-03
9.675968E-01 -1.763798E-03
9.674876E-01 -1.823292E-03
9.684337E-01 -1.493875E-03
9.688314E-01 -1.095061E-03
9.676326E-01 -1.758144E-03
9.680023E-01 -1.516472E-03
9.693973E-01 -4.525041E-04
9.700817E-01 4.850810E-04
9.685863E-01 -1.038239E-03
9.693713E-01 -2.593317E-04
9.707836E-01 1.756518E-03
9.713218E-01 3.364915E-03
9.703158E-01 8.883950E-04
9.713067E-01 2.466127E-03
9.714176E-01 5.240546E-03
9.707373E-01 7.206177E-03
9.720969E-01 4.490735E-03
9.722626E-01 6.862416E-03
9.690276E-01 8.991010E-03
9.662822E-01 1.032738E-02
9.712810E-01 9.292425E-03
9.688163E-01 1.134277E-02
9.627749E-01 1.107300E-02
9.589114E-01 1.124510E-02
9.650196E-01 1.264152E-02
9.604630E-01 1.308494E-02
9.550532E-01 1.094424E-02
9.514561E-01 1.024954E-02
9.557764E-01 1.279492E-02
9.514182E-01 1.190842E-02
9.483062E-01 9.156388E-03
9.458026E-01 7.678353E-03
9.476932E-01 1.041486E-02
9.449383E-01 8.388986E-03
9.441720E-01 5.744505E-03
9.436176E-01 3.415550E-03
9.435120E-01 5.722886E-03
9.436606E-01 2.613632E-03
9.441785E-01 9.174369E-04
9.456175E-01 -1.408006E-03
9.452251E-01 -4.581217E-04
9.475819E-01 -2.963709E-03
9.474863E-01 -3.264308E-03
9.493372E-01 -4.530022E-03
9.499922E-01 -4.641157E-03
9.519763E-01 -5.547309E-03
9.508866E-01 -5.252835E-03
9.520334E-01 -5.561908E-03
9.533818E-01 -5.891694E-03
9.542544E-01 -5.884791E-03
9.527940E-01 -5.591746E-03
9.532346E-01 -5.448449E-03
9.547084E-01 -5.680482E-03
9.548591E-01 -5.375797E-03
9.534303E-01 -5.205049E-03
9.534477E-01 -4.908048E-03
9.548004E-01 -5.027099E-03
9.546021E-01 -4.665311E-03
9.533402E-01 -4.585568E-03
9.531483E-01 -4.253882E-03
9.543146E-01 -4.306419E-03
9.539735E-01 -3.957938E-03
9.529027E-01 -3.921916E-03
9.526260E-01 -3.594163E-03
9.536042E-01 -3.622692E-03
9.532247E-01 -3.300989E-03
9.523346E-01 -3.272502E-03
9.520406E-01 -2.957319E-03
9.528478E-01 -2.991856E-03
9.524825E-01 -2.693741E-03
9.517513E-01 -2.648197E-03
9.514684E-01 -2.344344E-03
9.521337E-01 -2.404909E-03
9.518013E-01 -2.123668E-03
9.511817E-01 -2.044846E-03
9.508528E-01 -1.748822E-03
9.514736E-01 -1.848493E-03
9.511112E-01 -1.578083E-03
9.503730E-01 -1.455507E-03
9.494710E-01 -1.164286E-03
9.506044E-01 -1.311385E-03
9.496810E-01 -1.047587E-03
9.476142E-01 -8.747497E-04
9.447153E-01 -5.869507E-04
9.478079E-01 -7.861292E-04
9.448974E-01 -5.269230E-04
9.499120E-01 -3.026439E-04
1.138915E+00 -6.104138E-05
9.500889E-01 -2.714292E-04
1.139117E+00 -5.467817E-05
9.722539E-01 -3.228838E-04
8.073883E-01 1.055154E-04
9.719076E-01 -7.733149E-04
9.719630E-01 1.335400E-05
8.070439E-01 3.547238E-04
9.715534E-01 -3.556717E-04
9.689151E-01 -1.115491E-03
9.674622E-01 -1.380317E-03
9.684077E-01 -6.275011E-04
9.667730E-01 -9.047344E-04
9.668394E-01 -1.607233E-03
9.666315E-01 -1.786822E-03
9.660433E-01 -1.232384E-03
9.657672E-01 -1.531684E-03
9.666929E-01 -1.863412E-03
9.669735E-01 -1.777540E-03
9.657277E-01 -1.722780E-03
9.658560E-01 -1.763514E-03
9.674710E-01 -1.476070E-03
9.682082E-01 -8.997986E-04
9.661638E-01 -1.623141E-03
9.667034E-01 -1.259215E-03
9.692092E-01 2.949600E-05
9.704614E-01 1.414171E-03
9.675482E-01 -6.023779E-04
9.687751E-01 4.580114E-04
9.718441E-01 3.366209E-03
9.730070E-01 5.943442E-03
9.704247E-01 2.087187E-03
9.723900E-01 4.497481E-03
9.732567E-01 9.001990E-03
9.717165E-01 1.203552E-02
9.741624E-01 7.848840E-03
9.745132E-01 1.192902E-02
9.679843E-01 1.429986E-02
9.626430E-01 1.531736E-02
9.718541E-01 1.575620E-02
9.659232E-01 1.800927E-02
9.567948E-01 1.513652E-02
9.513366E-01 1.398853E-02
9.584195E-01 1.822442E-02
9.512636E-01 1.672055E-02
9.468090E-01 1.185195E-02
9.438451E-01 8.957137E-03
9.455281E-01 1.348143E-02
9.425794E-01 9.098895E-03
9.430166E-01 5.164424E-03
9.444796E-01 1.045346E-03
9.432477E-01 3.561654E-03
9.469457E-01 -1.587192E-03
9.474627E-01 -2.463993E-03
9.506983E-01 -4.771280E-03
9.514590E-01 -4.938860E-03
9.550168E-01 -6.438627E-03
9.533095E-01 -5.924064E-03
9.550534E-01 -6.284881E-03
9.572003E-01 -6.768884E-03
9.582845E-01 -6.533755E-03
9.560427E-01 -6.199693E-03
9.564808E-01 -5.896479E-03
9.586424E-01 -6.076575E-03
9.585563E-01 -5.560127E-03
9.565474E-01 -5.502989E-03
9.563744E-01 -5.084718E-03
9.582098E-01 -5.053718E-03
9.577166E-01 -4.583174E-03
9.560523E-01 -4.672887E-03
9.556418E-01 -4.280861E-03
9.571462E-01 -4.155136E-03
9.565417E-01 -3.768219E-03
9.551833E-01 -3.913004E-03
9.547037E-01 -3.569304E-03
9.559301E-01 -3.418011E-03
9.553286E-01 -3.099281E-03
9.542217E-01 -3.247747E-03
9.537498E-01 -2.945536E-03
9.547483E-01 -2.806911E-03
9.541967E-01 -2.536261E-03
9.532968E-01 -2.659702E-03
9.528686E-01 -2.387410E-03
9.536784E-01 -2.283280E-03
9.531966E-01 -2.044511E-03
9.524678E-01 -2.126105E-03
9.520923E-01 -1.873568E-03
9.527516E-01 -1.817054E-03
9.523397E-01 -1.598514E-03
9.517292E-01 -1.627939E-03
9.513379E-01 -1.387704E-03
9.519468E-01 -1.386945E-03
9.515313E-01 -1.180805E-03
9.508078E-01 -1.151672E-03
9.498662E-01 -9.189395E-04
9.509819E-01 -9.788977E-04
9.500251E-01 -7.803259E-04
9.479792E-01 -6.888800E-04
9.450588E-01 -4.613129E-04
9.481265E-01 -5.844628E-04
9.451978E-01 -3.910846E-04
9.502458E-01 -2.374323E-04
1.139295E+00 -4.777770E-05
9.503811E-01 -2.011437E-04
1.139449E+00 -4.043768E-05
9.719422E-01 6.023114E-04
8.066873E-01 8.688397E-04
9.713894E-01 3.906978E-04
9.728779E-01 1.327010E-03
8.063150E-01 1.646273E-03
9.718008E-01 1.518759E-03
9.679456E-01 2.233571E-04
9.661699E-01 -1.529991E-04
9.679628E-01 1.250641E-03
9.663800E-01 6.414976E-04
9.654488E-01 -6.080455E-04
9.651316E-01 -9.803781E-04
9.657580E-01 1.431711E-04
9.653527E-01 -2.053998E-04
9.649529E-01 -1.227982E-03
9.648617E-01 -1.347615E-03
9.649690E-01 -4.417156E-04
9.645940E-01 -5.880529E-04
9.648896E-01 -1.332031E-03
9.651046E-01 -1.157236E-03
9.642703E-01 -6.490961E-04
9.640651E-01 -6.146739E-04
9.656017E-01 -7.737516E-04
9.665054E-01 -9.207654E-05
9.640695E-01 -4.571376E-04
9.644100E-01 -1.215395E-04
9.679695E-01 1.043345E-03
9.701450E-01 2.895058E-03
9.652704E-01 4.963789E-04
9.669219E-01 1.596954E-03
9.730206E-01 5.867636E-03
9.758800E-01 1.038446E-02
9.697429E-01 3.574633E-03
9.740730E-01 7.195372E-03
9.763039E-01 1.613545E-02
9.711542E-01 2.094676E-02
9.790960E-01 1.361735E-02
9.792669E-01 2.246739E-02
9.614262E-01 2.243790E-02
9.514213E-01 2.050367E-02
9.679794E-01 2.799077E-02
9.526727E-01 2.599545E-02
9.436527E-01 1.524632E-02
9.415813E-01 8.075610E-03
9.409741E-01 1.671037E-02
9.429298E-01 4.013070E-03
9.456688E-01 1.182278E-04
9.522780E-01 -5.168506E-03
9.531525E-01 -5.476786E-03
9.609071E-01 -8.326356E-03
9.573572E-01 -7.185072E-03
9.600909E-01 -7.369779E-03
9.642251E-01 -8.077984E-03
9.650248E-01 -7.080641E-03
9.611758E-01 -6.859764E-03
9.613194E-01 -6.171770E-03
9.646830E-01 -6.069110E-03
9.638589E-01 -5.205745E-03
9.609632E-01 -5.494841E-03
9.603527E-01 -4.886185E-03
9.628488E-01 -4.498716E-03
9.617875E-01 -3.922377E-03
9.596212E-01 -4.355121E-03
9.588420E-01 -3.895147E-03
9.607371E-01 -3.448734E-03
9.597262E-01 -3.054455E-03
9.580559E-01 -3.495666E-03
9.572860E-01 -3.146094E-03
9.587678E-01 -2.721441E-03
9.578669E-01 -2.435922E-03
9.565456E-01 -2.837110E-03
9.558422E-01 -2.560892E-03
9.570250E-01 -2.187425E-03
9.562418E-01 -1.967929E-03
9.551804E-01 -2.311001E-03
9.545629E-01 -2.082174E-03
9.555164E-01 -1.771223E-03
9.548476E-01 -1.592456E-03
9.539911E-01 -1.870121E-03
9.534652E-01 -1.671355E-03
9.542340E-01 -1.427801E-03
9.536741E-01 -1.274223E-03
9.529842E-01 -1.483051E-03
9.525428E-01 -1.302932E-03
9.531652E-01 -1.129310E-03
9.527009E-01 -9.911481E-04
9.521257E-01 -1.129188E-03
9.516906E-01 -9.604016E-04
9.522652E-01 -8.582319E-04
9.518150E-01 -7.293918E-04
9.511255E-01 -7.954839E-04
9.501565E-01 -6.336226E-04
9.512380E-01 -6.037362E-04
9.502595E-01 -4.806013E-04
9.482486E-01 -4.742488E-04
9.453132E-01 -3.171354E-04
9.483445E-01 -3.595212E-04
9.454040E-01 -2.402976E-04
9.504934E-01 -1.630153E-04
1.139577E+00 -3.274707E-05
9.505817E-01 -1.234632E-04
1.139677E+00 -2.478667E-05
9.771415E-01 1.063003E-03
8.060008E-01 1.256369E-03
9.740917E-01 1.625846E-03
9.851277E-01 -8.694517E-03
8.031408E-01 -6.387075E-03
9.861376E-01 -1.229450E-02
9.710310E-01 6.425741E-04
9.698565E-01 2.105194E-05
9.844129E-01 -1.275707E-02
9.833796E-01 -1.274600E-02
9.691960E-01 -3.334367E-04
9.685895E-01 -5.678664E-04
9.825829E-01 -1.276017E-02
9.817004E-01 -1.279718E-02
9.679244E-01 -7.366582E-04
9.672026E-01 -8.585990E-04
9.806674E-01 -1.283070E-02
9.795023E-01 -1.285214E-02
9.664624E-01 -9.391742E-04
9.657580E-01 -9.762023E-04
9.782398E-01 -1.286052E-02
9.769176E-01 -1.285616E-02
9.651596E-01 -9.593995E-04
9.647644E-01 -8.657983E-04
9.755775E-01 -1.283823E-02
9.742714E-01 -1.280330E-02
9.647192E-01 -6.485166E-04
9.652643E-01 -2.103022E-04
9.730738E-01 -1.274261E-02
9.721049E-01 -1.263575E-02
9.668226E-01 6.625437E-04
9.701816E-01 2.482032E-03
9.715859E-01 -1.243293E-02
9.719780E-01 -1.200007E-02
9.767413E-01 6.602125E-03
9.868987E-01 1.639200E-02
9.744405E-01 -1.092073E-02
9.827055E-01 -7.488054E-03
9.844033E-01 3.209179E-02
9.584010E-01 3.419812E-02
1.008216E+00 8.132896E-03
9.849415E-01 4.414702E-02
9.386297E-01 1.517054E-02
9.540092E-01 -5.713260E-03
9.560779E-01 -2.682569E-03
9.812120E-01 -1.219042E-02
9.671572E-01 -1.010608E-02
9.705746E-01 -8.689375E-03
9.810145E-01 -8.045899E-03
9.775447E-01 -5.426614E-03
9.702978E-01 -6.898738E-03
9.689380E-01 -5.512492E-03
9.742079E-01 -3.922183E-03
9.713531E-01 -2.995434E-03
9.673258E-01 -4.497484E-03
9.657247E-01 -3.746931E-03
9.689296E-01 -2.383454E-03
9.668490E-01 -1.955656E-03
9.642162E-01 -3.178554E-03
9.628207E-01 -2.736952E-03
9.650375E-01 -1.642585E-03
9.634402E-01 -1.404752E-03
9.615373E-01 -2.385405E-03
9.603588E-01 -2.099225E-03
9.620168E-01 -1.218362E-03
9.607377E-01 -1.068348E-03
9.592763E-01 -1.861433E-03
9.582814E-01 -1.660065E-03
9.595808E-01 -9.447653E-04
9.585297E-01 -8.408041E-04
9.573669E-01 -1.486484E-03
9.565267E-01 -1.334324E-03
9.575717E-01 -7.516582E-04
9.566974E-01 -6.738417E-04
9.557559E-01 -1.198795E-03
9.550505E-01 -1.076234E-03
9.558994E-01 -6.047673E-04
9.551721E-01 -5.424774E-04
9.544073E-01 -9.638040E-04
9.538232E-01 -8.592836E-04
9.545111E-01 -4.854677E-04
9.539125E-01 -4.325694E-04
9.532944E-01 -7.609269E-04
9.528139E-01 -6.673610E-04
9.533718E-01 -3.828684E-04
9.528817E-01 -3.356492E-04
9.523649E-01 -5.775125E-04
9.519042E-01 -4.905519E-04
9.524249E-01 -2.903547E-04
9.519578E-01 -2.465552E-04
9.513186E-01 -4.058493E-04
9.503336E-01 -3.229364E-04
9.513672E-01 -2.039252E-04
9.503782E-01 -1.622230E-04
9.484135E-01 -2.414843E-04
9.454693E-01 -1.613474E-04
9.484551E-01 -1.212785E-04
9.455087E-01 -8.101508E-05
9.506454E-01 -8.287246E-05
1.139749E+00 -1.663036E-05
9.506838E-01 -4.160358E-05
1.139793E+00 -8.346566E-06
9.954689E-01 -1.748362E-10
1.000063E+00 -2.047783E-10
9.812120E-01 1.219042E-02
9.560779E-01 2.682569E-03
9.866759E-01 -1.617141E-10
9.802724E-01 -1.541529E-10
9.810145E-01 8.045898E-03
9.775447E-01 5.426614E-03
9.756801E-01 -1.485324E-10
9.722257E-01 -1.424863E-10
9.742079E-01 3.922183E-03
9.713531E-01 2.995434E-03
9.694901E-01 -1.341307E-10
9.672331E-01 -1.219359E-10
9.689296E-01 2.383454E-03
9.668490E-01 1.955655E-03
9.653144E-01 -1.047689E-10
9.636476E-01 -8.194124E-11
9.650375E-01 1.642584E-03
9.634402E-01 1.404752E-03
9.621768E-01 -5.329452E-11
9.608639E-01 -1.920496E-11
9.620168E-01 1.218361E-03
9.607377E-01 1.068348E-03
9.596822E-01 1.942182E-11
9.586123E-01 6.121702E-11
9.595808E-01 9.447653E-04
9.585297E-01 8.408042E-04
9.576399E-01 1.044691E-10
9.567542E-01 1.472599E-10
9.575717E-01 7.516584E-04
9.566974E-01 6.738419E-04
9.559471E-01 1.876229E-10
9.552126E-01 2.236942E-10
9.558994E-01 6.047676E-04
9.551721E-01 5.424778E-04
9.545457E-01 2.538099E-10
9.539422E-01 2.766166E-10
9.545111E-01 4.854682E-04
9.539125E-01 4.325699E-04
9.533977E-01 2.910768E-10
9.529043E-01 2.964873E-10
9.533718E-01 3.828689E-04
9.528817E-01 3.356498E-04
9.524449E-01 2.924440E-10
9.519756E-01 2.787965E-10
9.524249E-01 2.903552E-04
9.519578E-01 2.465557E-04
9.513834E-01 2.555812E-10
9.503931E-01 2.229592E-10
9.513672E-01 2.039257E-04
9.503782E-01 1.622234E-04
9.484690E-01 1.811717E-10
9.455219E-01 1.305601E-10
9.484551E-01 1.212789E-04
9.455087E-01 8.101534E-05
9.506966E-01 7.187931E-11
1.139807E+00 1.550948E-11
9.506838E-01 4.160372E-05
1.139793E+00 8.346597E-06
8.031408E-01 6.387075E-03
9.851277E-01 8.694517E-03
9.771415E-01 -1.063003E-03
8.060008E-01 -1.256369E-03
9.861376E-01 1.229450E-02
9.740917E-01 -1.625846E-03
9.728779E-01 -1.327010E-03
8.063150E-01 -1.646273E-03
9.718008E-01 -1.518759E-03
9.844129E-01 1.275707E-02
9.710310E-01 -6.425743E-04
9.833796E-01 1.274600E-02
9.698565E-01 -2.105224E-05
9.679628E-01 -1.250641E-03
9.663800E-01 -6.414979E-04
9.825829E-01 1.276017E-02
9.691960E-01 3.334364E-04
9.817004E-01 1.279718E-02
9.685895E-01 5.678660E-04
9.657580E-01 -1.431714E-04
9.653527E-01 2.053993E-04
9.806674E-01 1.283070E-02
9.679244E-01 7.366578E-04
9.795023E-01 1.285213E-02
9.672026E-01 8.585986E-04
9.649690E-01 4.417152E-04
9.645940E-01 5.880525E-04
9.782398E-01 1.286052E-02
9.664624E-01 9.391738E-04
9.769176E-01 1.285616E-02
9.657580E-01 9.762019E-04
9.642703E-01 6.490957E-04
9.640651E-01 6.146735E-04
9.755775E-01 1.283823E-02
9.651596E-01 9.593991E-04
9.742714E-01 1.280330E-02
9.647644E-01 8.657979E-04
9.640695E-01 4.571371E-04
9.644100E-01 1.215390E-04
9.730738E-01 1.274261E-02
9.647192E-01 6.485162E-04
9.721049E-01 1.263575E-02
9.652643E-01 2.103018E-04
9.652704E-01 -4.963793E-04
9.669219E-01 -1.596954E-03
9.715859E-01 1.243293E-02
9.668226E-01 -6.625441E-04
9.719780E-01 1.200007E-02
9.701816E-01 -2.482032E-03
9.697429E-01 -3.574633E-03
9.740730E-01 -7.195373E-03
9.744405E-01 1.092073E-02
9.767413E-01 -6.602125E-03
9.827055E-01 7.488054E-03
9.868987E-01 -1.639200E-02
9.790960E-01 -1.361735E-02
9.792669E-01 -2.246739E-02
1.008216E+00 -8.132896E-03
9.844033E-01 -3.209179E-02
9.849415E-01 -4.414702E-02
9.584010E-01 -3.419812E-02
9.679794E-01 -2.799077E-02
9.526727E-01 -2.599545E-02
9.386297E-01 -1.517054E-02
9.540092E-01 5.713260E-03
9.409741E-01 -1.671037E-02
9.429298E-01 -4.013070E-03
9.671572E-01 1.010608E-02
9.705746E-01 8.689375E-03
9.531525E-01 5.476786E-03
9.609071E-01 8.326356E-03
9.702978E-01 6.898737E-03
9.689380E-01 5.512492E-03
9.642251E-01 8.077983E-03
9.650248E-01 7.080640E-03
9.673258E-01 4.497484E-03
9.657247E-01 3.746931E-03
9.646830E-01 6.069110E-03
9.638589E-01 5.205745E-03
9.642162E-01 3.178554E-03
9.628207E-01 2.736952E-03
9.628488E-01 4.498715E-03
9.617875E-01 3.922377E-03
9.615373E-01 2.385405E-03
9.603588E-01 2.099225E-03
9.607371E-01 3.448734E-03
9.597262E-01 3.054455E-03
9.592763E-01 1.861433E-03
9.582814E-01 1.660065E-03
9.587678E-01 2.721441E-03
9.578669E-01 2.435922E-03
9.573669E-01 1.486485E-03
9.565267E-01 1.334324E-03
9.570250E-01 2.187426E-03
9.562418E-01 1.967929E-03
9.557559E-01 1.198795E-03
9.550505E-01 1.076235E-03
9.555164E-01 1.771224E-03
9.548476E-01 1.592457E-03
9.544073E-01 9.638045E-04
9.538232E-01 8.592841E-04
9.542340E-01 1.427802E-03
9.536741E-01 1.274224E-03
9.532944E-01 7.609275E-04
9.528139E-01 6.673616E-04
9.531652E-01 1.129310E-03
9.527009E-01 9.911487E-04
9.523649E-01 5.775130E-04
9.519042E-01 4.905525E-04
9.522652E-01 8.582325E-04
9.518150E-01 7.293923E-04
9.513186E-01 4.058498E-04
9.503336E-01 3.229368E-04
9.512380E-01 6.037367E-04
9.502595E-01 4.806017E-04
9.484135E-01 2.414846E-04
9.454693E-01 1.613476E-04
9.483445E-01 3.595216E-04
9.454040E-01 2.402979E-04
9.506454E-01 8.287261E-05
1.139749E+00 1.663039E-05
9.505817E-01 1.234633E-04
1.139677E+00 2.478670E-05
9.719422E-01 -6.023115E-04
8.066873E-01 -8.688397E-04
9.713894E-01 -3.906979E-04
9.719630E-01 -1.335409E-05
8.070439E-01 -3.547238E-04
9.715534E-01 3.556715E-04
9.679456E-01 -2.233573E-04
9.661699E-01 1.529988E-04
9.684077E-01 6.275009E-04
9.667730E-01 9.047341E-04
9.654488E-01 6.080451E-04
9.651316E-01 9.803777E-04
9.660433E-01 1.232384E-03
9.657672E-01 1.531684E-03
9.649529E-01 1.227982E-03
9.648617E-01 1.347614E-03
9.657277E-01 1.722779E-03
9.658560E-01 1.763513E-03
9.648896E-01 1.332030E-03
9.651046E-01 1.157236E-03
9.661638E-01 1.623141E-03
9.667034E-01 1.259214E-03
9.656017E-01 7.737512E-04
9.665054E-01 9.207619E-05
9.675482E-01 6.023776E-04
9.687751E-01 -4.580116E-04
9.679695E-01 -1.043345E-03
9.701450E-01 -2.895058E-03
9.704247E-01 -2.087187E-03
9.723899E-01 -4.497481E-03
9.730206E-01 -5.867636E-03
9.758800E-01 -1.038446E-02
9.741624E-01 -7.848840E-03
9.745131E-01 -1.192902E-02
9.763039E-01 -1.613545E-02
9.711542E-01 -2.094676E-02
9.718541E-01 -1.575620E-02
9.659232E-01 -1.800927E-02
9.614262E-01 -2.243790E-02
9.514213E-01 -2.050367E-02
9.584195E-01 -1.822442E-02
9.512636E-01 -1.672055E-02
9.436527E-01 -1.524632E-02
9.415813E-01 -8.075611E-03
9.455281E-01 -1.348143E-02
9.425794E-01 -9.098895E-03
9.456688E-01 -1.182281E-04
9.522780E-01 5.168506E-03
9.432477E-01 -3.561655E-03
9.469457E-01 1.587191E-03
9.573572E-01 7.185072E-03
9.600909E-01 7.369778E-03
9.514590E-01 4.938859E-03
9.550168E-01 6.438626E-03
9.611758E-01 6.859764E-03
9.613194E-01 6.171770E-03
9.572003E-01 6.768884E-03
9.582845E-01 6.533755E-03
9.609632E-01 5.494841E-03
9.603527E-01 4.886184E-03
9.586424E-01 6.076575E-03
9.585563E-01 5.560127E-03
9.596212E-01 4.355121E-03
9.588420E-01 3.895146E-03
9.582098E-01 5.053718E-03
9.577166E-01 4.583173E-03
9.580559E-01 3.495666E-03
9.572860E-01 3.146094E-03
9.571462E-01 4.155136E-03
9.565417E-01 3.768218E-03
9.565456E-01 2.837110E-03
9.558422E-01 2.560893E-03
9.559301E-01 3.418011E-03
9.553286E-01 3.099281E-03
9.551804E-01 2.311002E-03
9.545629E-01 2.082174E-03
9.547483E-01 2.806911E-03
9.541967E-01 2.536261E-03
9.539911E-01 1.870121E-03
9.534652E-01 1.671356E-03
9.536784E-01 2.283280E-03
9.531966E-01 2.044512E-03
9.529842E-01 1.483051E-03
9.525428E-01 1.302932E-03
9.527516E-01 1.817055E-03
9.523397E-01 1.598514E-03
9.521257E-01 1.129189E-03
9.516906E-01 9.604021E-04
9.519468E-01 1.386945E-03
9.515313E-01 1.180805E-03
9.511255E-01 7.954844E-04
9.501565E-01 6.336230E-04
9.509819E-01 9.788982E-04
9.500251E-01 7.803263E-04
9.482486E-01 4.742492E-04
9.453132E-01 3.171356E-04
9.481265E-01 5.844631E-04
9.451978E-01 3.910849E-04
9.504934E-01 1.630154E-04
1.139577E+00 3.274711E-05
9.503811E-01 2.011438E-04
1.139449E+00 4.043772E-05
9.722539E-01 3.228837E-04
8.073883E-01 -1.055154E-04
9.719076E-01 7.733147E-04
9.726316E-01 4.911581E-04
8.077389E-01 2.750237E-06
9.723123E-01 9.822511E-04
9.689151E-01 1.115491E-03
9.674622E-01 1.380317E-03
9.694060E-01 1.352267E-03
9.680875E-01 1.607865E-03
9.668394E-01 1.607233E-03
9.666315E-01 1.786821E-03
9.675968E-01 1.763797E-03
9.674876E-01 1.823291E-03
9.666929E-01 1.863412E-03
9.669735E-01 1.777540E-03
9.676326E-01 1.758143E-03
9.680023E-01 1.516471E-03
9.674710E-01 1.476070E-03
9.682082E-01 8.997983E-04
9.685863E-01 1.038239E-03
9.693713E-01 2.593315E-04
9.692092E-01 -2.949622E-05
9.704614E-01 -1.414171E-03
9.703158E-01 -8.883951E-04
9.713067E-01 -2.466127E-03
9.718441E-01 -3.366209E-03
9.730070E-01 -5.943442E-03
9.720969E-01 -4.490735E-03
9.722626E-01 -6.862416E-03
9.732567E-01 -9.001990E-03
9.717165E-01 -1.203552E-02
9.712809E-01 -9.292425E-03
9.688163E-01 -1.134277E-02
9.679843E-01 -1.429986E-02
9.626430E-01 -1.531736E-02
9.650196E-01 -1.264152E-02
9.604630E-01 -1.308494E-02
9.567948E-01 -1.513652E-02
9.513366E-01 -1.398853E-02
9.557764E-01 -1.279492E-02
9.514182E-01 -1.190842E-02
9.468090E-01 -1.185195E-02
9.438451E-01 -8.957137E-03
9.476932E-01 -1.041486E-02
9.449383E-01 -8.388986E-03
9.430166E-01 -5.164424E-03
9.444796E-01 -1.045346E-03
9.435120E-01 -5.722886E-03
9.436606E-01 -2.613632E-03
9.474627E-01 2.463992E-03
9.506983E-01 4.771279E-03
9.452251E-01 4.581215E-04
9.475818E-01 2.963708E-03
9.533095E-01 5.924064E-03
9.550533E-01 6.284881E-03
9.499922E-01 4.641156E-03
9.519763E-01 5.547308E-03
9.560427E-01 6.199693E-03
9.564808E-01 5.896479E-03
9.533818E-01 5.891694E-03
9.542544E-01 5.884791E-03
9.565474E-01 5.502988E-03
9.563744E-01 5.084717E-03
9.547084E-01 5.680482E-03
9.548591E-01 5.375797E-03
9.560523E-01 4.672887E-03
9.556418E-01 4.280861E-03
9.548004E-01 5.027098E-03
9.546021E-01 4.665311E-03
9.551832E-01 3.913004E-03
9.547037E-01 3.569304E-03
9.543146E-01 4.306419E-03
9.539735E-01 3.957938E-03
9.542217E-01 3.247747E-03
9.537498E-01 2.945536E-03
9.536042E-01 3.622691E-03
9.532247E-01 3.300989E-03
9.532968E-01 2.659702E-03
9.528686E-01 2.387411E-03
9.528478E-01 2.991856E-03
9.524825E-01 2.693741E-03
9.524678E-01 2.126105E-03
9.520923E-01 1.873569E-03
9.521337E-01 2.404909E-03
9.518013E-01 2.123668E-03
9.517292E-01 1.627940E-03
9.513379E-01 1.387705E-03
9.514736E-01 1.848493E-03
9.511112E-01 1.578083E-03
9.508078E-01 1.151673E-03
9.498662E-01 9.189400E-04
9.506044E-01 1.311385E-03
9.496810E-01 1.047587E-03
9.479792E-01 6.888803E-04
9.450588E-01 4.613131E-04
9.478079E-01 7.861295E-04
9.448974E-01 5.269233E-04
9.502458E-01 2.374325E-04
1.139295E+00 4.777773E-05
9.500889E-01 2.714293E-04
1.139117E+00 5.467821E-05
9.730369E-01 5.627900E-04
8.080976E-01 4.665701E-05
9.727200E-01 1.062756E-03
9.734419E-01 5.777299E-04
8.084563E-01 6.239480E-05
9.731081E-01 1.060206E-03
9.698610E-01 1.428354E-03
9.686303E-01 1.656491E-03
9.702672E-01 1.396683E-03
9.690850E-01 1.579635E-03
9.682450E-01 1.747448E-03
9.682273E-01 1.698951E-03
9.687633E-01 1.602357E-03
9.688005E-01 1.457270E-03
9.684337E-01 1.493875E-03
9.688314E-01 1.095060E-03
9.690276E-01 1.130773E-03
9.693907E-01 5.991807E-04
9.693973E-01 4.525040E-04
9.700817E-01 -4.850811E-04
9.698450E-01 -1.678672E-04
9.703109E-01 -1.195117E-03
9.707836E-01 -1.756518E-03
9.713218E-01 -3.364915E-03
9.706542E-01 -2.482778E-03
9.706818E-01 -3.983550E-03
9.714176E-01 -5.240546E-03
9.707373E-01 -7.206177E-03
9.701669E-01 -5.583946E-03
9.689206E-01 -7.109615E-03
9.690276E-01 -8.991010E-03
9.662822E-01 -1.032738E-02
9.668844E-01 -8.371621E-03
9.641758E-01 -9.236325E-03
9.627749E-01 -1.107300E-02
9.589114E-01 -1.124510E-02
9.610377E-01 -9.667421E-03
9.577363E-01 -9.708857E-03
9.550532E-01 -1.094424E-02
9.514561E-01 -1.024954E-02
9.544870E-01 -9.430807E-03
9.514439E-01 -8.879335E-03
9.483062E-01 -9.156388E-03
9.458026E-01 -7.678353E-03
9.487272E-01 -8.051614E-03
9.464640E-01 -6.940117E-03
9.441720E-01 -5.744505E-03
9.436176E-01 -3.415550E-03
9.448022E-01 -5.498126E-03
9.438913E-01 -3.737204E-03
9.441785E-01 -9.174371E-04
9.456175E-01 1.408006E-03
9.438162E-01 -1.759250E-03
9.445187E-01 2.396791E-04
9.474863E-01 3.264308E-03
9.493372E-01 4.530022E-03
9.457755E-01 2.030973E-03
9.472738E-01 3.445501E-03
9.508866E-01 5.252835E-03
9.520333E-01 5.561908E-03
9.487309E-01 4.424953E-03
9.499686E-01 5.006231E-03
9.527940E-01 5.591745E-03
9.532346E-01 5.448448E-03
9.509169E-01 5.273076E-03
9.515794E-01 5.314988E-03
9.534303E-01 5.205048E-03
9.534477E-01 4.908047E-03
9.519953E-01 5.206735E-03
9.522141E-01 5.003375E-03
9.533401E-01 4.585568E-03
9.531483E-01 4.253881E-03
9.522835E-01 4.742548E-03
9.522439E-01 4.448761E-03
9.529027E-01 3.921915E-03
9.526260E-01 3.594163E-03
9.521279E-01 4.137379E-03
9.519609E-01 3.817688E-03
9.523346E-01 3.272502E-03
9.520406E-01 2.957319E-03
9.517623E-01 3.495041E-03
9.515466E-01 3.172319E-03
9.517513E-01 2.648197E-03
9.514684E-01 2.344344E-03
9.513234E-01 2.850880E-03
9.510958E-01 2.531191E-03
9.511817E-01 2.044847E-03
9.508528E-01 1.748823E-03
9.508553E-01 2.213230E-03
9.505645E-01 1.896748E-03
9.503730E-01 1.455507E-03
9.494710E-01 1.164287E-03
9.501156E-01 1.581427E-03
9.492380E-01 1.266972E-03
9.476142E-01 8.747501E-04
9.447153E-01 5.869510E-04
9.473998E-01 9.532002E-04
9.445142E-01 6.403678E-04
9.499120E-01 3.026440E-04
1.138915E+00 6.104141E-05
9.497169E-01 3.305486E-04
1.138693E+00 6.676083E-05
9.738279E-01 5.566463E-04
8.088034E-01 6.551611E-05
9.734606E-01 1.000254E-03
9.741803E-01 5.109672E-04
8.091275E-01 6.252978E-05
9.737647E-01 8.994489E-04
9.706125E-01 1.289458E-03
9.694431E-01 1.415059E-03
9.708861E-01 1.129577E-03
9.696964E-01 1.192325E-03
9.691408E-01 1.367850E-03
9.691842E-01 1.138788E-03
9.693708E-01 1.078991E-03
9.693708E-01 7.826042E-04
9.693792E-01 7.179707E-04
9.696464E-01 9.436895E-05
9.694815E-01 2.992546E-04
9.696024E-01 -3.695408E-04
9.699182E-01 -7.402208E-04
9.700982E-01 -1.780658E-03
9.696511E-01 -1.212186E-03
9.695307E-01 -2.199740E-03
9.700516E-01 -2.993331E-03
9.696193E-01 -4.303454E-03
9.691297E-01 -3.278648E-03
9.683422E-01 -4.369541E-03
9.686591E-01 -5.595706E-03
9.671002E-01 -6.737101E-03
9.671016E-01 -5.378039E-03
9.654078E-01 -6.216853E-03
9.649809E-01 -7.616685E-03
9.624375E-01 -8.178884E-03
9.633317E-01 -6.828810E-03
9.609914E-01 -7.197433E-03
9.596527E-01 -8.428390E-03
9.567992E-01 -8.407068E-03
9.585167E-01 -7.340074E-03
9.560211E-01 -7.290025E-03
9.540112E-01 -8.161664E-03
9.513873E-01 -7.719302E-03
9.535917E-01 -7.078105E-03
9.512946E-01 -6.720369E-03
9.490086E-01 -7.077238E-03
9.469608E-01 -6.222479E-03
9.491866E-01 -6.213788E-03
9.473275E-01 -5.545399E-03
9.453439E-01 -5.122908E-03
9.442654E-01 -3.772947E-03
9.457875E-01 -4.692051E-03
9.446440E-01 -3.642960E-03
9.438084E-01 -2.216309E-03
9.439855E-01 -5.597711E-04
9.439667E-01 -2.414745E-03
9.437910E-01 -1.063882E-03
9.447048E-01 1.044409E-03
9.457822E-01 2.446119E-03
9.440917E-01 3.148527E-04
9.447740E-01 1.608883E-03
9.469997E-01 3.546385E-03
9.481714E-01 4.316669E-03
9.456936E-01 2.719515E-03
9.466967E-01 3.587219E-03
9.491800E-01 4.784930E-03
9.499755E-01 5.007705E-03
9.476573E-01 4.198059E-03
9.484947E-01 4.573194E-03
9.505559E-01 5.046590E-03
9.509446E-01 4.955389E-03
9.491724E-01 4.752088E-03
9.496860E-01 4.778378E-03
9.511750E-01 4.775902E-03
9.512814E-01 4.538383E-03
9.500498E-01 4.691565E-03
9.502866E-01 4.523713E-03
9.512945E-01 4.263735E-03
9.512399E-01 3.965912E-03
9.504211E-01 4.299155E-03
9.504764E-01 4.035553E-03
9.511384E-01 3.653963E-03
9.510060E-01 3.333590E-03
9.504727E-01 3.745328E-03
9.504262E-01 3.437004E-03
9.508540E-01 3.008264E-03
9.506869E-01 2.680014E-03
9.503489E-01 3.116308E-03
9.502462E-01 2.787020E-03
9.504973E-01 2.349965E-03
9.502488E-01 2.018701E-03
9.501114E-01 2.451600E-03
9.499090E-01 2.111631E-03
9.498344E-01 1.686506E-03
9.489843E-01 1.353520E-03
9.495325E-01 1.768138E-03
9.487128E-01 1.421801E-03
9.471672E-01 1.019877E-03
9.442965E-01 6.860920E-04
9.469190E-01 1.073147E-03
9.440647E-01 7.230062E-04
9.495058E-01 3.545814E-04
1.138452E+00 7.172167E-05
9.492814E-01 3.741544E-04
1.138195E+00 7.580257E-05
9.744874E-01 4.482899E-04
8.094184E-01 5.627877E-05
9.740104E-01 7.707380E-04
9.747414E-01 3.748127E-04
8.096685E-01 4.819520E-05
9.741920E-01 6.257561E-04
9.710799E-01 9.361497E-04
9.698399E-01 9.370223E-04
9.711909E-01 7.264956E-04
9.698746E-01 6.719525E-04
9.694531E-01 7.671924E-04
9.693667E-01 4.241049E-04
9.693957E-01 4.596279E-04
9.691912E-01 9.226828E-05
9.693514E-01 -8.873419E-05
9.692945E-01 -7.585300E-04
9.690241E-01 -4.195408E-04
9.687790E-01 -1.054698E-03
9.691104E-01 -1.559363E-03
9.687152E-01 -2.448940E-03
9.683772E-01 -1.779640E-03
9.677544E-01 -2.548628E-03
9.680304E-01 -3.368415E-03
9.669998E-01 -4.248174E-03
9.668636E-01 -3.307686E-03
9.656845E-01 -4.002383E-03
9.656079E-01 -5.020189E-03
9.638876E-01 -5.632756E-03
9.642299E-01 -4.587515E-03
9.625434E-01 -5.034892E-03
9.619120E-01 -6.060417E-03
9.597733E-01 -6.304174E-03
9.606886E-01 -5.335923E-03
9.587349E-01 -5.498278E-03
9.575624E-01 -6.382995E-03
9.553553E-01 -6.321784E-03
9.567459E-01 -5.538774E-03
9.547739E-01 -5.475623E-03
9.532108E-01 -6.140908E-03
9.511745E-01 -5.849846E-03
9.528594E-01 -5.322386E-03
9.510350E-01 -5.084582E-03
9.492873E-01 -5.445371E-03
9.475924E-01 -4.916154E-03
9.493306E-01 -4.758969E-03
9.477782E-01 -4.336084E-03
9.461403E-01 -4.244829E-03
9.449876E-01 -3.419862E-03
9.464148E-01 -3.802509E-03
9.452828E-01 -3.147548E-03
9.441897E-01 -2.445332E-03
9.437858E-01 -1.350192E-03
9.444253E-01 -2.369623E-03
9.438784E-01 -1.482771E-03
9.437810E-01 -1.914404E-04
9.441341E-01 9.531004E-04
9.436593E-01 -5.205289E-04
9.437559E-01 4.655629E-04
9.447596E-01 2.001869E-03
9.455469E-01 2.889284E-03
9.441232E-01 1.414072E-03
9.446888E-01 2.266227E-03
9.463858E-01 3.578586E-03
9.471879E-01 4.063213E-03
9.453680E-01 2.977812E-03
9.460806E-01 3.525587E-03
9.478962E-01 4.359304E-03
9.484835E-01 4.495212E-03
9.467632E-01 3.906817E-03
9.473744E-01 4.133976E-03
9.489445E-01 4.502666E-03
9.492880E-01 4.411245E-03
9.478931E-01 4.227997E-03
9.483143E-01 4.212532E-03
9.495295E-01 4.245866E-03
9.496870E-01 4.026219E-03
9.486430E-01 4.110199E-03
9.488899E-01 3.940668E-03
9.497776E-01 3.767219E-03
9.498165E-01 3.479823E-03
9.490675E-01 3.720046E-03
9.491882E-01 3.460985E-03
9.498152E-01 3.171905E-03
9.497793E-01 2.849026E-03
9.492619E-01 3.173130E-03
9.492935E-01 2.863665E-03
9.497023E-01 2.515068E-03
9.495491E-01 2.172721E-03
9.492759E-01 2.537852E-03
9.491739E-01 2.199504E-03
9.492135E-01 1.823845E-03
9.484266E-01 1.469741E-03
9.488815E-01 1.851362E-03
9.481297E-01 1.495388E-03
9.466582E-01 1.111394E-03
9.438219E-01 7.499825E-04
9.463885E-01 1.133055E-03
9.435714E-01 7.659158E-04
9.490466E-01 3.886603E-04
1.137927E+00 7.887811E-05
9.488045E-01 3.974999E-04
1.137649E+00 8.082375E-05
9.749381E-01 2.961742E-04
8.098730E-01 3.917140E-05
9.743079E-01 4.753703E-04
9.750773E-01 2.174500E-04
8.100302E-01 2.983379E-05
9.743613E-01 3.293239E-04
9.712213E-01 5.163149E-04
9.698088E-01 4.167588E-04
9.711789E-01 3.190254E-04
9.696571E-01 1.870331E-04
9.692158E-01 1.780791E-04
9.688744E-01 -1.921453E-04
9.689378E-01 -6.198124E-05
9.684527E-01 -4.170534E-04
9.685459E-01 -6.780961E-04
9.681201E-01 -1.254263E-03
9.679670E-01 -8.597128E-04
9.673794E-01 -1.363720E-03
9.675305E-01 -1.885449E-03
9.667329E-01 -2.529266E-03
9.666376E-01 -1.896432E-03
9.657139E-01 -2.422191E-03
9.657047E-01 -3.141374E-03
9.644473E-01 -3.682312E-03
9.646017E-01 -2.907155E-03
9.633133E-01 -3.324197E-03
9.629857E-01 -4.123681E-03
9.613630E-01 -4.451388E-03
9.618768E-01 -3.656256E-03
9.603301E-01 -3.897139E-03
9.596309E-01 -4.664972E-03
9.578410E-01 -4.773720E-03
9.587139E-01 -4.049783E-03
9.570665E-01 -4.122910E-03
9.560384E-01 -4.791365E-03
9.542596E-01 -4.731112E-03
9.554204E-01 -4.127254E-03
9.538016E-01 -4.072344E-03
9.525333E-01 -4.602059E-03
9.508832E-01 -4.407324E-03
9.522308E-01 -3.964308E-03
9.507256E-01 -3.804798E-03
9.493318E-01 -4.143807E-03
9.479028E-01 -3.803721E-03
9.493029E-01 -3.590956E-03
9.479808E-01 -3.316404E-03
9.466243E-01 -3.376485E-03
9.455280E-01 -2.852721E-03
9.467808E-01 -2.972686E-03
9.457271E-01 -2.551798E-03
9.446479E-01 -2.228493E-03
9.440148E-01 -1.509798E-03
9.448464E-01 -2.049043E-03
9.441644E-01 -1.466140E-03
9.436494E-01 -7.159579E-04
9.435546E-01 1.197130E-04
9.437017E-01 -8.138931E-04
9.434677E-01 -1.134955E-04
9.437100E-01 9.532347E-04
9.440725E-01 1.737057E-03
9.434567E-01 6.044730E-04
9.436455E-01 1.303696E-03
9.445826E-01 2.428740E-03
9.451755E-01 2.998019E-03
9.439954E-01 1.947708E-03
9.444582E-01 2.505707E-03
9.457917E-01 3.429939E-03
9.463846E-01 3.723815E-03
9.449839E-01 2.956724E-03
9.455278E-01 3.291072E-03
9.469234E-01 3.889488E-03
9.473917E-01 3.942850E-03
9.460549E-01 3.509238E-03
9.465415E-01 3.619222E-03
9.477845E-01 3.902006E-03
9.481043E-01 3.784650E-03
9.469744E-01 3.633477E-03
9.473487E-01 3.566272E-03
9.483580E-01 3.606613E-03
9.485538E-01 3.381260E-03
9.476649E-01 3.431816E-03
9.479266E-01 3.243134E-03
9.486990E-01 3.119408E-03
9.487967E-01 2.829532E-03
9.481376E-01 3.011491E-03
9.482983E-01 2.746201E-03
9.488388E-01 2.518102E-03
9.487893E-01 2.189967E-03
9.483988E-01 2.454655E-03
9.484016E-01 2.142548E-03
9.485415E-01 1.848711E-03
9.478264E-01 1.496953E-03
9.481991E-01 1.814187E-03
9.475217E-01 1.472778E-03
9.461138E-01 1.136650E-03
9.433169E-01 7.697101E-04
9.458385E-01 1.120713E-03
9.430625E-01 7.602078E-04
9.485588E-01 3.999929E-04
1.137367E+00 8.146192E-05
9.483135E-01 3.953680E-04
1.137085E+00 8.057631E-05
9.751627E-01 1.425794E-04
8.101414E-01 2.052434E-05
9.743594E-01 1.953470E-04
9.752010E-01 7.302365E-05
8.102104E-01 1.104786E-05
9.743126E-01 7.763580E-05
9.710761E-01 1.447455E-04
9.694390E-01 -6.571451E-06
9.709284E-01 -1.100852E-06
9.691762E-01 -1.593329E-04
9.685900E-01 -2.517855E-04
9.679645E-01 -5.784574E-04
9.682015E-01 -3.895991E-04
9.674460E-01 -6.798063E-04
9.673349E-01 -9.679280E-04
9.666103E-01 -1.395844E-03
9.666909E-01 -1.012723E-03
9.658550E-01 -1.367146E-03
9.657507E-01 -1.834285E-03
9.647407E-01 -2.255177E-03
9.649078E-01 -1.720515E-03
9.638414E-01 -2.051834E-03
9.635825E-01 -2.634029E-03
9.622928E-01 -2.952951E-03
9.626627E-01 -2.344143E-03
9.613885E-01 -2.586103E-03
9.608979E-01 -3.202153E-03
9.594292E-01 -3.379618E-03
9.600416E-01 -2.772422E-03
9.586472E-01 -2.903156E-03
9.579184E-01 -3.489304E-03
9.563938E-01 -3.538566E-03
9.572296E-01 -2.982179E-03
9.558100E-01 -3.015330E-03
9.548792E-01 -3.535550E-03
9.533935E-01 -3.487080E-03
9.544059E-01 -3.008638E-03
9.530312E-01 -2.966928E-03
9.519519E-01 -3.397268E-03
9.505677E-01 -3.266867E-03
9.516973E-01 -2.892914E-03
9.504143E-01 -2.786799E-03
9.492537E-01 -3.093312E-03
9.480239E-01 -2.871385E-03
9.491920E-01 -2.646324E-03
9.480415E-01 -2.467229E-03
9.468949E-01 -2.594281E-03
9.458855E-01 -2.255274E-03
9.469757E-01 -2.244026E-03
9.460094E-01 -1.971128E-03
9.450169E-01 -1.849674E-03
9.443104E-01 -1.376998E-03
9.451596E-01 -1.644214E-03
9.444438E-01 -1.261759E-03
9.437845E-01 -8.429908E-04
9.434515E-01 -2.609510E-04
9.438784E-01 -8.265316E-04
9.434762E-01 -3.467559E-04
9.433135E-01 3.482295E-04
9.433603E-01 9.577534E-04
9.432434E-01 1.634610E-04
9.431775E-01 6.847665E-04
9.435685E-01 1.538225E-03
9.439048E-01 2.061811E-03
9.432662E-01 1.194389E-03
9.434877E-01 1.668875E-03
9.443303E-01 2.506074E-03
9.448061E-01 2.856411E-03
9.438137E-01 2.087093E-03
9.442128E-01 2.432736E-03
9.452978E-01 3.106653E-03
9.457785E-01 3.258059E-03
9.446542E-01 2.695736E-03
9.451109E-01 2.872423E-03
9.462295E-01 3.317390E-03
9.466396E-01 3.294770E-03
9.455615E-01 2.964668E-03
9.459905E-01 2.978454E-03
9.470037E-01 3.201816E-03
9.473203E-01 3.050267E-03
9.463879E-01 2.922338E-03
9.467476E-01 2.806097E-03
9.475892E-01 2.851088E-03
9.478079E-01 2.613913E-03
9.470654E-01 2.639700E-03
9.473356E-01 2.432570E-03
9.479639E-01 2.346744E-03
9.480178E-01 2.055873E-03
9.475428E-01 2.193018E-03
9.476452E-01 1.927765E-03
9.478603E-01 1.746098E-03
9.472207E-01 1.421054E-03
9.475315E-01 1.641822E-03
9.469291E-01 1.338912E-03
9.455674E-01 1.083488E-03
9.428125E-01 7.358376E-04
9.453055E-01 1.021970E-03
9.425713E-01 6.935918E-04
9.480726E-01 3.823478E-04
1.136808E+00 7.772583E-05
9.478399E-01 3.581051E-04
1.136539E+00 7.179414E-05
9.752017E-01 4.612119E-06
8.102423E-01 4.786246E-09
9.742330E-01 -2.615267E-05
9.751748E-01 -8.017764E-05
8.102405E-01 -1.723842E-05
9.741328E-01 -1.318351E-04
9.707522E-01 -1.203961E-04
9.688903E-01 -2.746647E-04
9.705627E-01 -2.288509E-04
9.685992E-01 -3.709054E-04
9.677989E-01 -4.825098E-04
9.669283E-01 -7.330986E-04
9.674044E-01 -5.532396E-04
9.664373E-01 -7.649283E-04
9.660684E-01 -1.010920E-03
9.651452E-01 -1.298233E-03
9.654931E-01 -9.917828E-04
9.645032E-01 -1.219866E-03
9.641345E-01 -1.577737E-03
9.630333E-01 -1.834495E-03
9.634476E-01 -1.436793E-03
9.623258E-01 -1.632514E-03
9.618497E-01 -2.057263E-03
9.605992E-01 -2.239169E-03
9.611462E-01 -1.799928E-03
9.599220E-01 -1.935106E-03
9.593007E-01 -2.377632E-03
9.579738E-01 -2.473623E-03
9.586684E-01 -2.037039E-03
9.574006E-01 -2.107001E-03
9.566370E-01 -2.530495E-03
9.553063E-01 -2.552700E-03
9.561326E-01 -2.147709E-03
9.548761E-01 -2.162448E-03
9.539945E-01 -2.544592E-03
9.527122E-01 -2.509517E-03
9.536410E-01 -2.154288E-03
9.524350E-01 -2.125487E-03
9.514679E-01 -2.449210E-03
9.502693E-01 -2.363540E-03
9.512647E-01 -2.077097E-03
9.501360E-01 -2.008797E-03
9.491242E-01 -2.250549E-03
9.480413E-01 -2.106777E-03
9.490552E-01 -1.918920E-03
9.480291E-01 -1.804678E-03
9.470307E-01 -1.927808E-03
9.461045E-01 -1.709057E-03
9.470660E-01 -1.662548E-03
9.461756E-01 -1.488823E-03
9.452762E-01 -1.446728E-03
9.445605E-01 -1.138903E-03
9.453692E-01 -1.280288E-03
9.446588E-01 -1.034998E-03
9.439717E-01 -7.866457E-04
9.435219E-01 -3.949432E-04
9.440571E-01 -7.530835E-04
9.435753E-01 -4.374905E-04
9.432194E-01 2.676407E-05
9.430662E-01 4.647010E-04
9.432222E-01 -9.448109E-05
9.430028E-01 2.662532E-04
9.430573E-01 9.016941E-04
9.431797E-01 1.318862E-03
9.429163E-01 6.320218E-04
9.429562E-01 9.881266E-04
9.434138E-01 1.697770E-03
9.437358E-01 2.022560E-03
9.431098E-01 1.319319E-03
9.433599E-01 1.611430E-03
9.441198E-01 2.281564E-03
9.445409E-01 2.468100E-03
9.436857E-01 1.852861E-03
9.440658E-01 2.035588E-03
9.449773E-01 2.580402E-03
9.454111E-01 2.620894E-03
9.444792E-01 2.155582E-03
9.449073E-01 2.212602E-03
9.458286E-01 2.595100E-03
9.462200E-01 2.510506E-03
9.453343E-01 2.209569E-03
9.457470E-01 2.151705E-03
9.465771E-01 2.375558E-03
9.468910E-01 2.198909E-03
9.461342E-01 2.045666E-03
9.464835E-01 1.898830E-03
9.471437E-01 1.988813E-03
9.472911E-01 1.752426E-03
9.467746E-01 1.718813E-03
9.469614E-01 1.513034E-03
9.472189E-01 1.494984E-03
9.466525E-01 1.219752E-03
9.469279E-01 1.287641E-03
9.463960E-01 1.045649E-03
9.450579E-01 9.292693E-04
9.423438E-01 6.262233E-04
9.448295E-01 7.875706E-04
9.421359E-01 5.151705E-04
9.476190E-01 3.151985E-04
1.136282E+00 5.953215E-05
9.474149E-01 2.335914E-04
1.136034E+00 3.035692E-05
9.751259E-01 -2.301785E-04
8.101997E-01 -5.596136E-05
9.740227E-01 -2.857320E-04
9.750505E-01 -5.631266E-04
8.101005E-01 -1.671559E-04
9.739131E-01 -6.068419E-04
9.703712E-01 -3.742210E-04
9.683172E-01 -5.015050E-04
9.701841E-01 -6.866278E-04
9.680572E-01 -8.052897E-04
9.670370E-01 -6.594501E-04
9.659929E-01 -8.344666E-04
9.667119E-01 -9.395278E-04
9.656086E-01 -1.079066E-03
9.649832E-01 -1.015122E-03
9.639432E-01 -1.191876E-03
9.645491E-01 -1.218011E-03
9.634725E-01 -1.350726E-03
9.628563E-01 -1.356572E-03
9.617232E-01 -1.502835E-03
9.623640E-01 -1.472172E-03
9.612252E-01 -1.578542E-03
9.605517E-01 -1.626420E-03
9.593529E-01 -1.725274E-03
9.600630E-01 -1.667483E-03
9.588865E-01 -1.738073E-03
9.581388E-01 -1.799239E-03
9.569209E-01 -1.849584E-03
9.577052E-01 -1.790568E-03
9.565280E-01 -1.826072E-03
9.557099E-01 -1.878408E-03
9.545144E-01 -1.888067E-03
9.553627E-01 -1.846137E-03
9.542160E-01 -1.852407E-03
9.533418E-01 -1.880668E-03
9.521980E-01 -1.857686E-03
9.530931E-01 -1.846278E-03
9.519986E-01 -1.828681E-03
9.510879E-01 -1.819708E-03
9.500163E-01 -1.766324E-03
9.509363E-01 -1.799898E-03
9.499101E-01 -1.759516E-03
9.489881E-01 -1.696147E-03
9.480090E-01 -1.606969E-03
9.489238E-01 -1.706421E-03
9.479824E-01 -1.638919E-03
9.470857E-01 -1.496026E-03
9.462263E-01 -1.360384E-03
9.470914E-01 -1.554903E-03
9.462577E-01 -1.452128E-03
9.454402E-01 -1.197413E-03
9.447377E-01 -1.005344E-03
9.454893E-01 -1.328532E-03
9.447953E-01 -1.182636E-03
9.441298E-01 -7.838508E-04
9.436268E-01 -5.346126E-04
9.441853E-01 -1.013949E-03
9.436687E-01 -8.233835E-04
9.432378E-01 -2.617371E-04
9.429688E-01 2.804217E-05
9.432545E-01 -6.135898E-04
9.429494E-01 -3.891565E-04
9.428223E-01 3.255309E-04
9.427958E-01 6.196192E-04
9.427576E-01 -1.565742E-04
9.426795E-01 7.603590E-05
9.428819E-01 8.982289E-04
9.430687E-01 1.149482E-03
9.427115E-01 2.995240E-04
9.428457E-01 5.045026E-04
9.433404E-01 1.362916E-03
9.436788E-01 1.530463E-03
9.430703E-01 6.822624E-04
9.433705E-01 8.255955E-04
9.440652E-01 1.647069E-03
9.444812E-01 1.710826E-03
9.437297E-01 9.294283E-04
9.441305E-01 9.911095E-04
9.449097E-01 1.722705E-03
9.453355E-01 1.685982E-03
9.445556E-01 1.010386E-03
9.449885E-01 9.890647E-04
9.457446E-01 1.605548E-03
9.461215E-01 1.487230E-03
9.454127E-01 9.305095E-04
9.458104E-01 8.390416E-04
9.464430E-01 1.337357E-03
9.466615E-01 1.162694E-03
9.461556E-01 7.194221E-04
9.463973E-01 5.766466E-04
9.466608E-01 9.704908E-04
9.461616E-01 7.663749E-04
9.464180E-01 4.168225E-04
9.459420E-01 2.492915E-04
9.446227E-01 5.488100E-04
9.419534E-01 3.131814E-04
9.444304E-01 8.235549E-05
9.417921E-01 -9.917219E-05
9.472437E-01 6.249765E-05
1.135782E+00 -5.217295E-05
9.471487E-01 -3.147951E-04
1.135511E+00 -3.059780E-04
9.749565E-01 -1.327163E-03
8.099587E-01 -4.905875E-04
9.738035E-01 -1.377816E-03
9.749258E-01 -2.797133E-03
8.101780E-01 -1.146572E-03
9.736619E-01 -3.018415E-03
9.700110E-01 -1.479894E-03
9.678316E-01 -1.588097E-03
9.698499E-01 -3.114945E-03
9.676331E-01 -3.187941E-03
9.664361E-01 -1.693651E-03
9.652890E-01 -1.798450E-03
9.662073E-01 -3.261226E-03
9.650336E-01 -3.334682E-03
9.641938E-01 -1.900208E-03
9.630913E-01 -1.995469E-03
9.639152E-01 -3.404576E-03
9.627957E-01 -3.468869E-03
9.619684E-01 -2.081273E-03
9.608270E-01 -2.155561E-03
9.616636E-01 -3.526008E-03
9.605212E-01 -3.575292E-03
9.596733E-01 -2.217176E-03
9.585149E-01 -2.265831E-03
9.593740E-01 -3.616090E-03
9.582288E-01 -3.648585E-03
9.573593E-01 -2.301910E-03
9.562135E-01 -2.326290E-03
9.570916E-01 -3.672938E-03
9.559679E-01 -3.689948E-03
9.550832E-01 -2.340056E-03
9.539736E-01 -2.344306E-03
9.548623E-01 -3.700117E-03
9.537788E-01 -3.704325E-03
9.528885E-01 -2.339931E-03
9.518315E-01 -2.327492E-03
9.527203E-01 -3.702905E-03
9.516897E-01 -3.696383E-03
9.508056E-01 -2.307100E-03
9.498138E-01 -2.278400E-03
9.506892E-01 -3.684595E-03
9.497217E-01 -3.667500E-03
9.488596E-01 -2.240555E-03
9.479470E-01 -2.192340E-03
9.487900E-01 -3.644342E-03
9.478979E-01 -3.614545E-03
9.470810E-01 -2.132233E-03
9.462674E-01 -2.058619E-03
9.470495E-01 -3.576920E-03
9.462505E-01 -3.530643E-03
9.455135E-01 -1.969979E-03
9.448271E-01 -1.865186E-03
9.455070E-01 -3.474512E-03
9.448267E-01 -3.407990E-03
9.442170E-01 -1.743757E-03
9.436921E-01 -1.606170E-03
9.442174E-01 -3.330495E-03
9.436875E-01 -3.242482E-03
9.432607E-01 -1.454079E-03
9.429301E-01 -1.290496E-03
9.432451E-01 -3.144705E-03
9.428978E-01 -3.039177E-03
9.427055E-01 -1.119802E-03
9.425892E-01 -9.476435E-04
9.426511E-01 -2.928374E-03
9.425085E-01 -2.816075E-03
9.425801E-01 -7.805429E-04
9.426731E-01 -6.254074E-04
9.424706E-01 -2.706218E-03
9.425344E-01 -2.603543E-03
9.428597E-01 -4.888753E-04
9.431279E-01 -3.767166E-04
9.426932E-01 -2.512259E-03
9.429374E-01 -2.436576E-03
9.434629E-01 -2.932792E-04
9.438488E-01 -2.411950E-04
9.432537E-01 -2.379390E-03
9.436271E-01 -2.342977E-03
9.442682E-01 -2.212693E-04
9.447039E-01 -2.326640E-04
9.440408E-01 -2.327930E-03
9.444772E-01 -2.334177E-03
9.451382E-01 -2.732022E-04
9.455512E-01 -3.398444E-04
9.449177E-01 -2.360200E-03
9.453411E-01 -2.404259E-03
9.459143E-01 -4.291830E-04
9.461736E-01 -5.380464E-04
9.457175E-01 -2.463733E-03
9.459919E-01 -2.536565E-03
9.462060E-01 -6.636386E-04
9.457302E-01 -8.004599E-04
9.460382E-01 -2.621505E-03
9.455635E-01 -2.721197E-03
9.442221E-01 -9.281701E-04
9.416218E-01 -1.014195E-03
9.440173E-01 -2.835103E-03
9.413747E-01 -2.907647E-03
9.471505E-01 -1.134348E-03
1.135350E+00 -1.024601E-03
9.469633E-01 -2.672954E-03
1.136027E+00 -2.356547E-03
9.746755E-01 -2.389455E-03
8.127929E-01 1.323909E-04
9.733862E-01 -2.425377E-03
9.784869E-01 9.689606E-02
8.196860E-01 7.859498E-02
9.770042E-01 9.622641E-02
9.696251E-01 -2.457281E-03
9.674583E-01 -2.490177E-03
9.732596E-01 9.599440E-02
9.712503E-01 9.597383E-02
9.660476E-01 -2.536716E-03
9.648675E-01 -2.584441E-03
9.699255E-01 9.602419E-02
9.687764E-01 9.608956E-02
9.637372E-01 -2.629039E-03
9.626083E-01 -2.669827E-03
9.676558E-01 9.615380E-02
9.665297E-01 9.621345E-02
9.614711E-01 -2.706531E-03
9.603288E-01 -2.739009E-03
9.653954E-01 9.626722E-02
9.642562E-01 9.631545E-02
9.591860E-01 -2.767059E-03
9.580492E-01 -2.790785E-03
9.631185E-01 9.635793E-02
9.619872E-01 9.639547E-02
9.569231E-01 -2.810305E-03
9.558131E-01 -2.825993E-03
9.608683E-01 9.642810E-02
9.597654E-01 9.645681E-02
9.547224E-01 -2.838122E-03
9.536548E-01 -2.847095E-03
9.586828E-01 9.648174E-02
9.576228E-01 9.650394E-02
9.526122E-01 -2.853098E-03
9.515976E-01 -2.856361E-03
9.565885E-01 9.652361E-02
9.555814E-01 9.654185E-02
9.506124E-01 -2.856831E-03
9.496598E-01 -2.854461E-03
9.546042E-01 9.655887E-02
9.536586E-01 9.657579E-02
9.487416E-01 -2.848913E-03
9.478620E-01 -2.839876E-03
9.527479E-01 9.659287E-02
9.518746E-01 9.661124E-02
9.470244E-01 -2.826795E-03
9.462345E-01 -2.809227E-03
9.510435E-01 9.663117E-02
9.502590E-01 9.665381E-02
9.454978E-01 -2.786597E-03
9.448218E-01 -2.758580E-03
9.495276E-01 9.667942E-02
9.488556E-01 9.670907E-02
9.442134E-01 -2.724889E-03
9.436816E-01 -2.685664E-03
9.482511E-01 9.674288E-02
9.477214E-01 9.678176E-02
9.432334E-01 -2.641190E-03
9.428765E-01 -2.592326E-03
9.472750E-01 9.682563E-02
9.469186E-01 9.687507E-02
9.426170E-01 -2.540360E-03
9.424593E-01 -2.487047E-03
9.466591E-01 9.692927E-02
9.464999E-01 9.698831E-02
9.424043E-01 -2.434349E-03
9.424508E-01 -2.384547E-03
9.464434E-01 9.705097E-02
9.464874E-01 9.711684E-02
9.425929E-01 -2.339813E-03
9.428224E-01 -2.302255E-03
9.466275E-01 9.718425E-02
9.468547E-01 9.725245E-02
9.431268E-01 -2.273476E-03
9.434923E-01 -2.254686E-03
9.471580E-01 9.731959E-02
9.475226E-01 9.738492E-02
9.439019E-01 -2.246381E-03
9.443383E-01 -2.248606E-03
9.479327E-01 9.744673E-02
9.483700E-01 9.750450E-02
9.447820E-01 -2.260774E-03
9.452118E-01 -2.282030E-03
9.488164E-01 9.755679E-02
9.492499E-01 9.760314E-02
9.455970E-01 -2.311049E-03
9.458849E-01 -2.346371E-03
9.496429E-01 9.764131E-02
9.499467E-01 9.766729E-02
9.459574E-01 -2.386870E-03
9.455386E-01 -2.436050E-03
9.500564E-01 9.766698E-02
9.497040E-01 9.760246E-02
9.440627E-01 -2.513091E-03
9.413096E-01 -2.638212E-03
9.482527E-01 9.738618E-02
9.450254E-01 9.695458E-02
9.460244E-01 -2.726669E-03
1.139058E+00 7.512532E-04
9.480013E-01 9.759003E-02
1.173026E+00 1.551003E-01
9.821110E-01 -1.103686E-02
9.296863E-01 3.567124E-02
7.695926E-01 4.384801E-02
9.315234E-01 4.014099E-02
9.758771E-01 -1.059667E-02
9.317676E-01 3.635460E-02
9.304341E-01 3.744525E-02
7.695926E-01 -4.384801E-02
9.296863E-01 -3.567124E-02
9.821110E-01 1.103686E-02
9.315234E-01 -4.014099E-02
9.317676E-01 -3.635460E-02
9.758771E-01 1.059667E-02
9.304341E-01 -3.744525E-02
9.807905E-01 -1.176819E-02
9.315870E-01 3.723172E-02
9.310490E-01 3.723994E-02
9.826242E-01 -1.234394E-02
9.312874E-01 3.730544E-02
9.309916E-01 3.722560E-02
9.315870E-01 -3.723172E-02
9.807905E-01 1.176819E-02
9.310490E-01 -3.723994E-02
9.312874E-01 -3.730544E-02
9.826242E-01 1.234394E-02
9.309916E-01 -3.722560E-02
9.827065E-01 -1.262046E-02
9.308356E-01 3.724515E-02
9.305376E-01 3.719283E-02
9.821043E-01 -1.274696E-02
9.302285E-01 3.717713E-02
9.298688E-01 3.713773E-02
9.308356E-01 -3.724515E-02
9.827065E-01 1.262046E-02
9.305376E-01 -3.719283E-02
9.302285E-01 -3.717713E-02
9.821043E-01 1.274696E-02
9.298688E-01 -3.713773E-02
9.811916E-01 -1.280930E-02
9.294774E-01 3.710722E-02
9.290554E-01 3.706943E-02
9.800972E-01 -1.284232E-02
9.286053E-01 3.703249E-02
9.281313E-01 3.699282E-02
9.294774E-01 -3.710722E-02
9.811916E-01 1.280930E-02
9.290554E-01 -3.706943E-02
9.286053E-01 -3.703249E-02
9.800972E-01 1.284232E-02
9.281313E-01 -3.699283E-02
9.788806E-01 -1.285791E-02
9.276347E-01 3.695219E-02
9.271190E-01 3.691006E-02
9.775840E-01 -1.285986E-02
9.265858E-01 3.686672E-02
9.260379E-01 3.682234E-02
9.276347E-01 -3.695219E-02
9.788806E-01 1.285791E-02
9.271190E-01 -3.691006E-02
9.265858E-01 -3.686672E-02
9.775840E-01 1.285986E-02
9.260379E-01 -3.682234E-02
9.762479E-01 -1.284875E-02
9.254771E-01 3.677688E-02
9.249061E-01 3.673073E-02
9.749191E-01 -1.282270E-02
9.243278E-01 3.668388E-02
9.237440E-01 3.663684E-02
9.254771E-01 -3.677688E-02
9.762479E-01 1.284875E-02
9.249061E-01 -3.673073E-02
9.243278E-01 -3.668388E-02
9.749191E-01 1.282270E-02
9.237440E-01 -3.663684E-02
9.736607E-01 -1.277601E-02
9.231609E-01 3.658991E-02
9.225778E-01 3.654360E-02
9.725714E-01 -1.269538E-02
9.220103E-01 3.649939E-02
9.214484E-01 3.645727E-02
9.231609E-01 -3.658991E-02
9.736607E-01 1.277601E-02
9.225778E-01 -3.654360E-02
9.220103E-01 -3.649939E-02
9.725714E-01 1.269538E-02
9.214484E-01 -3.645727E-02
9.718258E-01 -1.255033E-02
9.209345E-01 3.642207E-02
9.204313E-01 3.639196E-02
9.717733E-01 -1.226565E-02
9.200551E-01 3.638313E-02
9.196906E-01 3.638636E-02
9.209345E-01 -3.642207E-02
9.718258E-01 1.255033E-02
9.204313E-01 -3.639196E-02
9.200551E-01 -3.638313E-02
9.717733E-01 1.226565E-02
9.196906E-01 -3.638636E-02
9.732089E-01 -1.163338E-02
9.196627E-01 3.645068E-02
9.196510E-01 3.654668E-02
9.783519E-01 -9.919308E-03
9.205849E-01 3.683915E-02
9.216821E-01 3.732944E-02
9.196627E-01 -3.645068E-02
9.732089E-01 1.163338E-02
9.196510E-01 -3.654668E-02
9.205849E-01 -3.683915E-02
9.783519E-01 9.919307E-03
9.216821E-01 -3.732944E-02
9.945226E-01 -3.253952E-03
9.260647E-01 3.891430E-02
9.335077E-01 4.296494E-02
1.020344E+00 2.834345E-02
9.590531E-01 5.954332E-02
9.595702E-01 9.923199E-02
9.260647E-01 -3.891430E-02
9.945226E-01 3.253952E-03
9.335077E-01 -4.296494E-02
9.590531E-01 -5.954332E-02
1.020344E+00 -2.834345E-02
9.595702E-01 -9.923199E-02
9.418944E-01 2.771410E-02
9.591516E-01 1.819117E-02
9.851305E-01 -9.738277E-03
1.018667E+00 -2.632854E-10
9.851305E-01 9.738277E-03
9.591516E-01 -1.819117E-02
9.418944E-01 -2.771410E-02
9.104611E-01 3.706393E-02
8.423042E-01 2.955298E-02
7.582264E-01 4.138476E-02
8.453102E-01 2.983136E-02
8.056662E-01 -5.388864E-11
7.924028E-01 -1.311851E-11
8.036015E-01 -6.288309E-11
9.169312E-01 3.865573E-02
8.449064E-01 2.777171E-02
8.447061E-01 2.989931E-02
8.024382E-01 -7.010525E-11
8.011879E-01 -7.671675E-11
9.294821E-01 3.873595E-02
8.475450E-01 2.957512E-02
8.468418E-01 2.907417E-02
8.011004E-01 -8.286566E-11
8.010935E-01 -8.891912E-11
9.295497E-01 3.693977E-02
8.464551E-01 2.911322E-02
8.462408E-01 2.928485E-02
8.007219E-01 -9.489955E-11
8.005971E-01 -1.007901E-10
8.423042E-01 -2.955298E-02
7.582264E-01 -4.138476E-02
8.453102E-01 -2.983136E-02
9.104611E-01 -3.706393E-02
8.449064E-01 -2.777171E-02
8.447061E-01 -2.989931E-02
9.169312E-01 -3.865573E-02
8.475450E-01 -2.957512E-02
8.468418E-01 -2.907417E-02
9.294821E-01 -3.873595E-02
8.464551E-01 -2.911322E-02
8.462408E-01 -2.928485E-02
9.295497E-01 -3.693977E-02
9.313017E-01 3.772029E-02
8.466727E-01 2.940511E-02
8.467312E-01 2.933684E-02
8.006414E-01 -1.066016E-10
8.005989E-01 -1.124283E-10
9.311692E-01 3.711268E-02
8.465960E-01 2.927602E-02
8.464870E-01 2.928415E-02
8.004950E-01 -1.182553E-10
8.004622E-01 -1.240717E-10
9.312393E-01 3.737511E-02
8.465209E-01 2.932699E-02
8.465384E-01 2.932860E-02
8.004679E-01 -1.298802E-10
8.004435E-01 -1.356864E-10
9.311343E-01 3.722158E-02
8.464967E-01 2.929721E-02
8.464342E-01 2.928470E-02
8.004154E-01 -1.414872E-10
8.004047E-01 -1.472633E-10
8.466727E-01 -2.940511E-02
8.467312E-01 -2.933684E-02
9.313017E-01 -3.772029E-02
8.465960E-01 -2.927602E-02
8.464870E-01 -2.928415E-02
9.311692E-01 -3.711268E-02
8.465209E-01 -2.932699E-02
8.465384E-01 -2.932860E-02
9.312393E-01 -3.737511E-02
8.464967E-01 -2.929721E-02
8.464342E-01 -2.928470E-02
9.311343E-01 -3.722158E-02
9.309221E-01 3.725880E-02
8.464014E-01 2.929013E-02
8.463735E-01 2.928715E-02
8.004010E-01 -1.530246E-10
8.003932E-01 -1.587488E-10
9.306959E-01 3.720923E-02
8.463326E-01 2.927112E-02
8.462791E-01 2.925856E-02
8.003876E-01 -1.644279E-10
8.003860E-01 -1.700660E-10
9.303853E-01 3.718975E-02
8.462287E-01 2.925164E-02
8.461797E-01 2.924299E-02
8.003858E-01 -1.756572E-10
8.003867E-01 -1.811718E-10
9.300555E-01 3.715592E-02
8.461269E-01 2.923050E-02
8.460684E-01 2.921829E-02
8.003895E-01 -1.866257E-10
8.003935E-01 -1.919928E-10
8.464014E-01 -2.929013E-02
8.463735E-01 -2.928715E-02
9.309221E-01 -3.725880E-02
8.463326E-01 -2.927112E-02
8.462791E-01 -2.925856E-02
9.306959E-01 -3.720923E-02
8.462287E-01 -2.925164E-02
8.461797E-01 -2.924299E-02
9.303853E-01 -3.718975E-02
8.461269E-01 -2.923050E-02
8.460684E-01 -2.921829E-02
9.300555E-01 -3.715592E-02
9.296758E-01 3.712343E-02
8.460082E-01 2.920732E-02
8.459470E-01 2.919584E-02
8.003981E-01 -1.972837E-10
8.004041E-01 -2.024579E-10
9.292709E-01 3.708833E-02
8.458836E-01 2.918324E-02
8.458171E-01 2.917043E-02
8.004113E-01 -2.075355E-10
8.004192E-01 -2.124949E-10
9.288332E-01 3.705122E-02
8.457485E-01 2.915765E-02
8.456781E-01 2.914455E-02
8.004276E-01 -2.173358E-10
8.004369E-01 -2.220344E-10
9.283714E-01 3.701287E-02
8.456058E-01 2.913103E-02
8.455315E-01 2.911724E-02
8.004470E-01 -2.265952E-10
8.004575E-01 -2.310062E-10
8.460082E-01 -2.920732E-02
8.459470E-01 -2.919584E-02
9.296758E-01 -3.712343E-02
8.458836E-01 -2.918324E-02
8.458171E-01 -2.917043E-02
9.292709E-01 -3.708833E-02
8.457485E-01 -2.915765E-02
8.456781E-01 -2.914455E-02
9.288332E-01 -3.705123E-02
8.456058E-01 -2.913103E-02
8.455315E-01 -2.911724E-02
9.283714E-01 -3.701287E-02
9.278855E-01 3.697262E-02
8.454552E-01 2.910318E-02
8.453770E-01 2.908882E-02
8.004684E-01 -2.352746E-10
8.004799E-01 -2.393702E-10
9.273791E-01 3.693138E-02
8.452971E-01 2.907422E-02
8.452156E-01 2.905938E-02
8.004919E-01 -2.432785E-10
8.005042E-01 -2.470108E-10
9.268545E-01 3.688840E-02
8.451325E-01 2.904411E-02
8.450474E-01 2.902849E-02
8.005167E-01 -2.505711E-10
8.005294E-01 -2.539301E-10
9.263134E-01 3.684486E-02
8.449607E-01 2.901280E-02
8.448728E-01 2.899694E-02
8.005425E-01 -2.570818E-10
8.005558E-01 -2.600336E-10
8.454552E-01 -2.910318E-02
8.453770E-01 -2.908882E-02
9.278855E-01 -3.697262E-02
8.452971E-01 -2.907422E-02
8.452156E-01 -2.905938E-02
9.273791E-01 -3.693138E-02
8.451325E-01 -2.904411E-02
8.450474E-01 -2.902850E-02
9.268545E-01 -3.688840E-02
8.449607E-01 -2.901280E-02
8.448728E-01 -2.899694E-02
9.263134E-01 -3.684486E-02
9.257591E-01 3.679940E-02
8.447839E-01 2.898036E-02
8.446924E-01 2.896331E-02
8.005691E-01 -2.627710E-10
8.005824E-01 -2.652900E-10
9.251924E-01 3.675439E-02
8.445992E-01 2.894655E-02
8.445059E-01 2.892985E-02
8.005961E-01 -2.675715E-10
8.006098E-01 -2.696427E-10
9.246182E-01 3.670656E-02
8.444126E-01 2.891168E-02
8.443149E-01 2.889276E-02
8.006231E-01 -2.714776E-10
8.006364E-01 -2.730558E-10
9.240353E-01 3.666164E-02
8.442151E-01 2.887507E-02
8.441174E-01 2.885813E-02
8.006504E-01 -2.744087E-10
8.006642E-01 -2.755173E-10
8.447839E-01 -2.898036E-02
8.446924E-01 -2.896332E-02
9.257591E-01 -3.679940E-02
8.445992E-01 -2.894655E-02
8.445059E-01 -2.892985E-02
9.251924E-01 -3.675439E-02
8.444126E-01 -2.891168E-02
8.443149E-01 -2.889276E-02
9.246182E-01 -3.670656E-02
8.442151E-01 -2.887507E-02
8.441174E-01 -2.885813E-02
9.240353E-01 -3.666164E-02
9.234535E-01 3.661123E-02
8.440226E-01 2.883775E-02
8.439179E-01 2.881581E-02
8.006770E-01 -2.763757E-10
8.006898E-01 -2.769630E-10
9.228661E-01 3.656997E-02
8.438100E-01 2.879777E-02
8.437099E-01 2.878249E-02
8.007042E-01 -2.773085E-10
8.007181E-01 -2.774356E-10
9.222955E-01 3.651565E-02
8.436207E-01 2.875858E-02
8.435059E-01 2.873076E-02
8.007297E-01 -2.772739E-10
8.007415E-01 -2.768254E-10
9.217198E-01 3.648683E-02
8.433844E-01 2.871405E-02
8.432866E-01 2.870588E-02
8.007579E-01 -2.761575E-10
8.007724E-01 -2.753051E-10
8.440226E-01 -2.883776E-02
8.439179E-01 -2.881581E-02
9.234535E-01 -3.661124E-02
8.438100E-01 -2.879777E-02
8.437099E-01 -2.878250E-02
9.228661E-01 -3.656997E-02
8.436207E-01 -2.875858E-02
8.435059E-01 -2.873076E-02
9.222955E-01 -3.651565E-02
8.433844E-01 -2.871405E-02
8.432866E-01 -2.870588E-02
9.217198E-01 -3.648683E-02
9.211953E-01 3.642394E-02
8.432219E-01 2.867515E-02
8.430877E-01 2.863386E-02
8.007814E-01 -2.741487E-10
8.007916E-01 -2.726270E-10
9.206568E-01 3.642972E-02
8.429365E-01 2.862310E-02
8.428527E-01 2.863798E-02
8.008146E-01 -2.708918E-10
8.008309E-01 -2.691269E-10
9.202547E-01 3.634510E-02
8.428641E-01 2.859342E-02
8.426827E-01 2.851846E-02
8.008343E-01 -2.670144E-10
8.008426E-01 -2.643968E-10
9.197996E-01 3.644564E-02
8.424568E-01 2.852357E-02
8.424181E-01 2.860422E-02
8.008857E-01 -2.616732E-10
8.009044E-01 -2.591461E-10
8.432219E-01 -2.867515E-02
8.430877E-01 -2.863386E-02
9.211953E-01 -3.642394E-02
8.429365E-01 -2.862310E-02
8.428527E-01 -2.863799E-02
9.206568E-01 -3.642972E-02
8.428641E-01 -2.859342E-02
8.426827E-01 -2.851846E-02
9.202547E-01 -3.634510E-02
8.424568E-01 -2.852357E-02
8.424181E-01 -2.860422E-02
9.197996E-01 -3.644564E-02
9.197080E-01 3.630398E-02
8.426519E-01 2.852783E-02
8.423417E-01 2.836415E-02
8.008950E-01 -2.561469E-10
8.009012E-01 -2.523428E-10
9.194377E-01 3.665962E-02
8.419184E-01 2.840401E-02
8.419985E-01 2.867187E-02
8.010051E-01 -2.485854E-10
8.010153E-01 -2.455832E-10
9.201750E-01 3.637731E-02
8.428758E-01 2.852359E-02
8.421671E-01 2.813395E-02
8.009803E-01 -2.418240E-10
8.009875E-01 -2.366477E-10
9.204009E-01 3.747363E-02
8.412355E-01 2.822854E-02
8.415904E-01 2.906877E-02
8.012907E-01 -2.318358E-10
8.012137E-01 -2.288815E-10
8.426519E-01 -2.852783E-02
8.423417E-01 -2.836415E-02
9.197080E-01 -3.630398E-02
8.419184E-01 -2.840401E-02
8.419985E-01 -2.867187E-02
9.194377E-01 -3.665962E-02
8.428758E-01 -2.852359E-02
8.421671E-01 -2.813396E-02
9.201750E-01 -3.637731E-02
8.412355E-01 -2.822854E-02
8.415904E-01 -2.906877E-02
9.204009E-01 -3.747363E-02
9.237255E-01 3.716443E-02
8.444886E-01 2.881427E-02
8.425611E-01 2.801609E-02
8.011850E-01 -2.244873E-10
8.012240E-01 -2.176094E-10
9.267570E-01 4.155704E-02
8.409930E-01 2.825517E-02
8.428564E-01 3.149324E-02
8.022770E-01 -2.116733E-10
8.016419E-01 -2.096728E-10
9.447230E-01 4.721225E-02
8.542889E-01 3.193953E-02
8.498672E-01 3.386481E-02
8.022556E-01 -2.044458E-10
8.031153E-01 -1.961633E-10
9.686053E-01 8.491809E-02
8.617287E-01 4.681007E-02
8.763446E-01 8.953863E-02
8.065885E-01 -1.909768E-10
8.084932E-01 -2.030807E-10
8.444886E-01 -2.881427E-02
8.425611E-01 -2.801609E-02
9.237255E-01 -3.716443E-02
8.409930E-01 -2.825517E-02
8.428564E-01 -3.149324E-02
9.267570E-01 -4.155704E-02
8.542889E-01 -3.193953E-02
8.498672E-01 -3.386481E-02
9.447230E-01 -4.721225E-02
8.617287E-01 -4.681007E-02
8.763446E-01 -8.953863E-02
9.686053E-01 -8.491809E-02
9.462790E-01 6.773419E-02
9.085261E-01 6.635296E-02
9.959849E-01 5.611399E-03
8.687313E-01 -2.783339E-10
9.085261E-01 -6.635296E-02
9.959849E-01 -5.611399E-03
9.462790E-01 -6.773419E-02
</DataArray>
<DataArray type="Float64" Name="v" NumberOfComponents="1" format="ascii">
8.367844E-04
7.372231E-04
6.143844E-04
6.637407E-04
3.531288E-04
3.169658E-04
1.520159E-04
1.637634E-04
3.911217E-05
2.652077E-04
2.421020E-04
2.421242E-04
2.229305E-04
2.593499E-05
2.221048E-05
2.367705E-04
2.187469E-04
2.355287E-04
2.179033E-04
2.116602E-05
2.086315E-05
2.350636E-04
2.176223E-04
2.347413E-04
2.174123E-04
2.075742E-05
2.070776E-05
2.345044E-04
2.172486E-04
2.343759E-04
2.171611E-04
2.068013E-05
2.066674E-05
2.343724E-04
2.171682E-04
2.344985E-04
2.172756E-04
2.066574E-05
2.067645E-05
2.347520E-04
2.174824E-04
2.351270E-04
2.177842E-04
2.069829E-05
2.073064E-05
2.356155E-04
2.181749E-04
2.362085E-04
2.186475E-04
2.077278E-05
2.082391E-05
2.368965E-04
2.191945E-04
2.376695E-04
2.198081E-04
2.088322E-05
2.094983E-05
2.385168E-04
2.204800E-04
2.394272E-04
2.212013E-04
2.102283E-05
2.110126E-05
2.403887E-04
2.219627E-04
2.413879E-04
2.227538E-04
2.118409E-05
2.127016E-05
2.424100E-04
2.235628E-04
2.434533E-04
2.243913E-04
2.135820E-05
2.144812E-05
2.444911E-04
2.252173E-04
2.455388E-04
2.260629E-04
2.153759E-05
2.162809E-05
2.465192E-04
2.268553E-04
2.473922E-04
2.275628E-04
2.171280E-05
2.178826E-05
2.504468E-04
2.299842E-04
2.556500E-04
2.341283E-04
2.205143E-05
2.250004E-05
2.604140E-04
2.379357E-04
2.646254E-04
2.413043E-04
2.291100E-05
2.327433E-05
2.682414E-04
2.441996E-04
2.712289E-04
2.465948E-04
2.358635E-05
2.384420E-05
2.735717E-04
2.484770E-04
2.752754E-04
2.498502E-04
2.404649E-05
2.419374E-05
2.763686E-04
2.507371E-04
2.769031E-04
2.511786E-04
2.428856E-05
2.433579E-05
2.769516E-04
2.512325E-04
2.766076E-04
2.509734E-04
2.434282E-05
2.432101E-05
2.759912E-04
2.504971E-04
2.752769E-04
2.499445E-04
2.429035E-05
2.429397E-05
2.747936E-04
2.495855E-04
2.753601E-04
2.501068E-04
2.444199E-05
2.504286E-05
2.793790E-04
2.535635E-04
2.941022E-04
2.662518E-04
2.699511E-05
3.293120E-05
3.397199E-04
3.058887E-04
4.609704E-04
4.119024E-04
5.043605E-05
1.037019E-04
1.083583E-03
9.532073E-04
1.388969E-03
1.170557E-03
7.432104E-04
8.417819E-04
3.361949E-05
3.519608E-05
1.110307E-05
9.541513E-06
1.050181E-05
3.654713E-06
7.881541E-06
7.008914E-06
2.652787E-06
2.383180E-06
6.786183E-06
6.727895E-06
2.316126E-06
2.298962E-06
6.707134E-06
6.695449E-06
2.292609E-06
2.288745E-06
6.687836E-06
6.683869E-06
2.286114E-06
2.284712E-06
6.683674E-06
6.687277E-06
2.284629E-06
2.285884E-06
6.694576E-06
6.705389E-06
2.288445E-06
2.292249E-06
6.719483E-06
6.736600E-06
2.297213E-06
2.303246E-06
6.756461E-06
6.778775E-06
2.310249E-06
2.318120E-06
6.803237E-06
6.829520E-06
2.326750E-06
2.336016E-06
6.857276E-06
6.886128E-06
2.345801E-06
2.355983E-06
6.915641E-06
6.945761E-06
2.366399E-06
2.377023E-06
6.975717E-06
7.005927E-06
2.387584E-06
2.398207E-06
7.034193E-06
7.059357E-06
2.408143E-06
2.416984E-06
7.147551E-06
7.297728E-06
2.448103E-06
2.501043E-06
7.435195E-06
7.556711E-06
2.549469E-06
2.592270E-06
7.661044E-06
7.747240E-06
2.629014E-06
2.659366E-06
7.814851E-06
7.864077E-06
2.683179E-06
2.700549E-06
7.895871E-06
7.912085E-06
2.711887E-06
2.718061E-06
7.915871E-06
7.913001E-06
2.720815E-06
2.724028E-06
7.915899E-06
7.955698E-06
2.737452E-06
2.787710E-06
8.117783E-06
8.646271E-06
2.950386E-06
3.443633E-06
1.025034E-05
1.499427E-05
4.900624E-06
9.159548E-06
2.885732E-05
7.193003E-05
2.155784E-05
6.042625E-05
6.318381E-04
7.094685E-04
5.818450E-04
6.509495E-04
2.950329E-06
3.377182E-06
1.229416E-06
1.005111E-06
1.166238E-06
4.208559E-07
9.011835E-07
8.129670E-07
3.081220E-07
2.777262E-07
7.912476E-07
7.857084E-07
2.702021E-07
2.682578E-07
7.835920E-07
7.822509E-07
2.675016E-07
2.670199E-07
7.813194E-07
7.808173E-07
2.666854E-07
2.665041E-07
7.807804E-07
7.812172E-07
2.664880E-07
2.666397E-07
7.821164E-07
7.834555E-07
2.669552E-07
2.674264E-07
7.852054E-07
7.873336E-07
2.680430E-07
2.687935E-07
7.898053E-07
7.925839E-07
2.696656E-07
2.706462E-07
7.956304E-07
7.988812E-07
2.717205E-07
2.728169E-07
8.023182E-07
8.059141E-07
2.739966E-07
2.752645E-07
8.095933E-07
8.133437E-07
2.765632E-07
2.778867E-07
8.170705E-07
8.208086E-07
2.792012E-07
2.805162E-07
8.243040E-07
8.274127E-07
2.817454E-07
2.828380E-07
8.384031E-07
8.570815E-07
2.867184E-07
2.933064E-07
8.741558E-07
8.892448E-07
2.993245E-07
3.046426E-07
9.021973E-07
9.128987E-07
3.092082E-07
3.129841E-07
9.213054E-07
9.274766E-07
3.159633E-07
3.181918E-07
9.316307E-07
9.342887E-07
3.198195E-07
3.212443E-07
9.366930E-07
9.420423E-07
3.235297E-07
3.296296E-07
9.591138E-07
1.012835E-06
3.479632E-07
4.028236E-07
1.175053E-06
1.653954E-06
5.646322E-07
1.037778E-06
3.053660E-06
7.126339E-06
2.415354E-06
6.417077E-06
1.896518E-05
5.621576E-05
1.804412E-05
5.467996E-05
5.621606E-04
6.278456E-04
5.546148E-04
6.188618E-04
3.426271E-07
4.030622E-07
1.440329E-07
1.166858E-07
1.392739E-07
4.932992E-08
1.053251E-07
9.485217E-08
3.605781E-08
3.245348E-08
9.224411E-08
9.156068E-08
3.155011E-08
3.130983E-08
9.129018E-08
9.111705E-08
3.121291E-08
3.115051E-08
9.099682E-08
9.093129E-08
3.110712E-08
3.108325E-08
9.092442E-08
9.097702E-08
3.108019E-08
3.109820E-08
9.108760E-08
9.125328E-08
3.113676E-08
3.119489E-08
9.147048E-08
9.173518E-08
3.127151E-08
3.136558E-08
9.204319E-08
9.239020E-08
3.147666E-08
3.160602E-08
9.277078E-08
9.303981E-08
3.175699E-08
3.159762E-08
9.342079E-08
9.386428E-08
3.180286E-08
3.195172E-08
9.432171E-08
9.478829E-08
3.211187E-08
3.227608E-08
9.525176E-08
9.571409E-08
3.243937E-08
3.260184E-08
9.614617E-08
9.653003E-08
3.275366E-08
3.288846E-08
9.789962E-08
1.002225E-07
3.337171E-08
3.419045E-08
1.023430E-07
1.042170E-07
3.493749E-08
3.559810E-08
1.058272E-07
1.071631E-07
3.616713E-08
3.664381E-08
1.082309E-07
1.090716E-07
3.703868E-08
3.739094E-08
1.098109E-07
1.108022E-07
3.781743E-08
3.865517E-08
1.130442E-07
1.193988E-07
4.087743E-08
4.730752E-08
1.381437E-07
1.933046E-07
6.615436E-08
1.212972E-07
3.546795E-07
8.249764E-07
2.821654E-07
7.504540E-07
2.192450E-06
6.162713E-06
2.111522E-06
6.062645E-06
1.769700E-05
5.406083E-05
1.754142E-05
5.373925E-05
5.511964E-04
6.147051E-04
5.490136E-04
6.120115E-04
3.925465E-08
4.768003E-08
1.649863E-08
1.005996E-08
1.322470E-08
2.500031E-09
1.195737E-08
1.071905E-08
9.574175E-10
5.344596E-10
1.040629E-08
1.032143E-08
4.259515E-10
3.948308E-10
1.028621E-08
1.026318E-08
3.805740E-10
3.705179E-10
1.024696E-08
1.023769E-08
3.628593E-10
3.576526E-10
1.023581E-08
1.024141E-08
3.550625E-10
3.552073E-10
1.025438E-08
1.027458E-08
3.582983E-10
3.650287E-10
1.030230E-08
1.033879E-08
3.778593E-10
4.032914E-10
1.038847E-08
1.046493E-08
4.604538E-10
6.059884E-10
1.060109E-08
1.005370E-08
9.890826E-10
6.208086E-11
1.081054E-08
1.085287E-08
3.634180E-09
3.653382E-09
1.091046E-08
1.096893E-08
3.690291E-09
3.716917E-09
1.102673E-08
1.108393E-08
3.739427E-09
3.760277E-09
1.113729E-08
1.118463E-08
3.779284E-09
3.795997E-09
1.135511E-08
1.164363E-08
3.856162E-09
3.957861E-09
1.190685E-08
1.214010E-08
4.050730E-09
4.133524E-09
1.234252E-08
1.251669E-08
4.206900E-09
4.274596E-09
1.267470E-08
1.285497E-08
4.349206E-09
4.468766E-09
1.317090E-08
1.395284E-08
4.745141E-09
5.505438E-09
1.616268E-08
2.260291E-08
7.704951E-09
1.413155E-08
4.143821E-08
9.643887E-08
3.291349E-08
8.772355E-08
2.567419E-07
7.232232E-07
2.474274E-07
7.121345E-07
2.078911E-06
6.014427E-06
2.062694E-06
5.983527E-06
1.744845E-05
5.351024E-05
1.737564E-05
5.330904E-05
5.471573E-04
6.097120E-04
5.453735E-04
6.075031E-04
-1.211555E-08
-1.083786E-08
-1.430052E-08
-6.603605E-08
-6.525439E-08
-6.571749E-08
-1.479785E-08
-1.493641E-08
-6.580221E-08
-6.583079E-08
-1.497489E-08
-1.498958E-08
-6.584679E-08
-6.586261E-08
-1.499943E-08
-1.500814E-08
-6.587966E-08
-6.589731E-08
-1.501613E-08
-1.502332E-08
-6.591510E-08
-6.593282E-08
-1.502958E-08
-1.503458E-08
-6.595016E-08
-6.596610E-08
-1.503739E-08
-1.503528E-08
-6.597754E-08
-6.597528E-08
-1.501937E-08
-1.496612E-08
-6.592993E-08
-6.576141E-08
-1.480601E-08
-1.433120E-08
-6.523091E-08
-6.361766E-08
-1.296498E-08
-1.348751E-08
-5.885563E-08
-5.420449E-08
9.907974E-10
1.105142E-09
-7.793425E-10
-1.594776E-10
1.203610E-09
1.242511E-09
2.266933E-10
3.594617E-10
1.260515E-09
1.271264E-09
4.056721E-10
4.227439E-10
1.279101E-09
1.285364E-09
4.299090E-10
4.335701E-10
1.306728E-09
1.342652E-09
4.416015E-10
4.544781E-10
1.375574E-09
1.405423E-09
4.663459E-10
4.775794E-10
1.433390E-09
1.463607E-09
4.895699E-10
5.065811E-10
1.508806E-09
1.606775E-09
5.413540E-10
6.314816E-10
1.868523E-09
2.619101E-09
8.873550E-10
1.632407E-09
4.808905E-09
1.121329E-08
3.812757E-09
1.019210E-08
2.992678E-08
8.452821E-08
2.883240E-08
8.322067E-08
2.436184E-07
7.065554E-07
2.416973E-07
7.028810E-07
2.052053E-06
5.958462E-06
2.043385E-06
5.935590E-06
1.730949E-05
5.311658E-05
1.724619E-05
5.292887E-05
5.436066E-04
6.053165E-04
5.418630E-04
6.031577E-04
-2.486991E-07
-2.475052E-07
-2.455280E-07
-8.693955E-07
-8.663121E-07
-8.594243E-07
-2.453115E-07
-2.452663E-07
-8.586415E-07
-8.584663E-07
-2.452791E-07
-2.453149E-07
-8.584903E-07
-8.585885E-07
-2.453595E-07
-2.454071E-07
-8.587137E-07
-8.588483E-07
-2.454560E-07
-2.455054E-07
-8.589867E-07
-8.591269E-07
-2.455545E-07
-2.456000E-07
-8.592662E-07
-8.593942E-07
-2.456319E-07
-2.456206E-07
-8.594799E-07
-8.594285E-07
-2.454710E-07
-2.449192E-07
-8.589383E-07
-8.571576E-07
-2.431714E-07
-2.378157E-07
-8.515087E-07
-8.341200E-07
-2.217833E-07
-1.910411E-07
-7.815481E-07
-6.442866E-07
-4.673706E-09
-2.023582E-09
-1.766141E-08
-7.572093E-09
-5.808369E-10
-9.607947E-11
-2.478625E-09
-7.812255E-10
6.530244E-11
1.191278E-10
-2.220600E-10
-3.884987E-11
1.373112E-10
1.436987E-10
2.088067E-11
4.030344E-11
1.481965E-10
1.533309E-10
4.738369E-11
5.099135E-11
1.579099E-10
1.626338E-10
5.337655E-11
5.592382E-11
1.690183E-10
1.813887E-10
6.037230E-11
7.112572E-11
2.124904E-10
2.998357E-10
1.009522E-10
1.873534E-10
5.535605E-10
1.296416E-09
4.404135E-10
1.182748E-09
3.472693E-09
9.841033E-09
3.358295E-09
9.724736E-09
2.844922E-08
8.274401E-08
2.832715E-08
8.260460E-08
2.409512E-07
7.013630E-07
2.407606E-07
7.010231E-07
2.039661E-06
5.925574E-06
2.038888E-06
5.923549E-06
1.721820E-05
5.284536E-05
1.721255E-05
5.282837E-05
5.410743E-04
6.021982E-04
5.409053E-04
6.020055E-04
-2.925800E-06
-2.916961E-06
-2.896592E-06
-9.595239E-06
-9.569574E-06
-9.510438E-06
-2.894278E-06
-2.893754E-06
-9.503742E-06
-9.502216E-06
-2.893815E-06
-2.894092E-06
-9.502378E-06
-9.503161E-06
-2.894447E-06
-2.894829E-06
-9.504168E-06
-9.505255E-06
-2.895223E-06
-2.895621E-06
-9.506372E-06
-9.507504E-06
-2.896016E-06
-2.896376E-06
-9.508625E-06
-9.509636E-06
-2.896604E-06
-2.896402E-06
-9.510237E-06
-9.509508E-06
-2.894824E-06
-2.889167E-06
-9.504508E-06
-9.486760E-06
-2.871204E-06
-2.815721E-06
-9.430375E-06
-9.255750E-06
-2.646700E-06
-2.114732E-06
-8.720552E-06
-6.805694E-06
-6.177649E-08
-2.578825E-08
-2.082145E-07
-8.505831E-08
-8.496903E-09
-2.763248E-09
-2.795384E-08
-9.086595E-09
-8.845255E-10
-2.730769E-10
-2.927516E-09
-9.316966E-10
-7.559832E-11
-1.237385E-11
-2.904974E-10
-8.660880E-11
7.949243E-12
1.483982E-11
-2.247067E-11
-2.394225E-12
1.761325E-11
1.973786E-11
4.129098E-12
7.156468E-12
2.360282E-11
3.381238E-11
1.110785E-11
2.119966E-11
6.319152E-11
1.492452E-10
5.043281E-11
1.363506E-10
4.020223E-10
1.144031E-09
3.889808E-10
1.130738E-09
3.318909E-09
9.683506E-09
3.304993E-09
9.667828E-09
2.828054E-08
8.254227E-08
2.825978E-08
8.250689E-08
2.406529E-07
7.007847E-07
2.405756E-07
7.005871E-07
2.038275E-06
5.921860E-06
2.037733E-06
5.920335E-06
1.720777E-05
5.281399E-05
1.720343E-05
5.280092E-05
5.407661E-04
6.018406E-04
5.406407E-04
6.016902E-04
-3.087158E-05
-3.079703E-05
-3.062586E-05
-9.786597E-05
-9.764968E-05
-9.715485E-05
-3.060655E-05
-3.060213E-05
-9.709922E-05
-9.708642E-05
-3.060256E-05
-3.060477E-05
-9.708756E-05
-9.709382E-05
-3.060763E-05
-3.061072E-05
-9.710192E-05
-9.711068E-05
-3.061389E-05
-3.061711E-05
-9.711970E-05
-9.712883E-05
-3.062028E-05
-3.062312E-05
-9.713783E-05
-9.714579E-05
-3.062470E-05
-3.062219E-05
-9.714992E-05
-9.714156E-05
-3.060654E-05
-3.055144E-05
-9.709306E-05
-9.692346E-05
-3.037630E-05
-2.983271E-05
-9.638417E-05
-9.470724E-05
-2.815841E-05
-2.157268E-05
-8.952083E-05
-6.756134E-05
-6.843956E-07
-2.748717E-07
-2.207981E-06
-8.746595E-07
-9.008712E-08
-2.920367E-08
-2.860102E-07
-9.249054E-08
-9.385562E-09
-2.984862E-09
-2.964224E-08
-9.397855E-09
-9.365512E-10
-2.883435E-10
-2.939734E-09
-9.037938E-10
-8.597790E-11
-2.377020E-11
-2.713638E-10
-7.851834E-11
-4.764981E-12
1.788212E-12
-2.089255E-11
-3.365166E-12
6.643628E-12
1.690977E-11
4.415199E-12
1.536946E-11
4.613110E-11
1.319907E-10
4.470101E-11
1.305327E-10
3.845240E-10
1.126068E-09
3.829832E-10
1.124335E-09
3.299752E-09
9.660966E-09
3.297501E-09
9.657251E-09
2.824827E-08
8.248209E-08
2.824037E-08
8.246224E-08
2.405128E-07
7.004159E-07
2.404588E-07
7.002644E-07
2.037252E-06
5.918972E-06
2.036823E-06
5.917749E-06
1.719955E-05
5.278925E-05
1.719606E-05
5.277876E-05
5.405299E-04
6.015555E-04
5.404302E-04
6.014345E-04
-3.066004E-04
-3.059736E-04
-3.045445E-04
-9.513029E-04
-9.494889E-04
-9.453647E-04
-3.043844E-04
-3.043474E-04
-9.449041E-04
-9.447972E-04
-3.043504E-04
-3.043681E-04
-9.448051E-04
-9.448551E-04
-3.043910E-04
-3.044159E-04
-9.449202E-04
-9.449907E-04
-3.044415E-04
-3.044674E-04
-9.450633E-04
-9.451368E-04
-3.044929E-04
-3.045152E-04
-9.452090E-04
-9.452716E-04
-3.045259E-04
-3.044988E-04
-9.452992E-04
-9.452123E-04
-3.043497E-04
-3.038314E-04
-9.447574E-04
-9.431836E-04
-3.021829E-04
-2.970488E-04
-9.381754E-04
-9.225579E-04
-2.811141E-04
-2.095188E-04
-8.739379E-04
-6.444623E-04
-7.020596E-06
-2.749345E-06
-2.206443E-05
-8.556257E-06
-8.973288E-07
-2.895897E-07
-2.788136E-06
-8.982534E-07
-9.258904E-08
-2.927123E-08
-2.866123E-07
-9.038873E-08
-9.124918E-09
-2.793862E-09
-2.809240E-08
-8.568263E-09
-8.351233E-10
-2.412017E-10
-2.548314E-09
-7.312974E-10
-6.570026E-11
-1.493185E-11
-1.983478E-10
-4.760763E-11
1.627635E-12
1.463540E-11
-4.995260E-12
1.395435E-11
4.431675E-11
1.301241E-10
4.458309E-11
1.303076E-10
3.824713E-10
1.123633E-09
3.824427E-10
1.123362E-09
3.296332E-09
9.654787E-09
3.295621E-09
9.652955E-09
2.823423E-08
8.244558E-08
2.822926E-08
8.243169E-08
2.404121E-07
7.001321E-07
2.403728E-07
7.000204E-07
2.036446E-06
5.916676E-06
2.036128E-06
5.915772E-06
1.719300E-05
5.276955E-05
1.719043E-05
5.276182E-05
5.403428E-04
6.013282E-04
5.402699E-04
6.012387E-04
-2.928008E-03
-2.922763E-03
-2.910848E-03
-8.939692E-03
-8.924753E-03
-8.900293E-03
-2.909523E-03
-2.909214E-03
-8.897153E-03
-8.896466E-03
-2.909235E-03
-2.909376E-03
-8.896588E-03
-8.897009E-03
-2.909560E-03
-2.909760E-03
-8.897539E-03
-8.898109E-03
-2.909966E-03
-2.910174E-03
-8.898693E-03
-8.899285E-03
-2.910379E-03
-2.910554E-03
-8.899863E-03
-8.900355E-03
-2.910624E-03
-2.910351E-03
-8.900532E-03
-8.899680E-03
-2.908971E-03
-2.904217E-03
-8.895515E-03
-8.881220E-03
-2.889084E-03
-2.841839E-03
-8.835708E-03
-8.693470E-03
-2.694366E-03
-1.968663E-03
-8.248431E-03
-5.978368E-03
-6.868431E-05
-2.640779E-05
-2.120999E-04
-8.093712E-05
-8.593439E-06
-2.764467E-06
-2.630668E-05
-8.451917E-06
-8.805405E-07
-2.771091E-07
-2.688037E-06
-8.443799E-07
-8.589788E-08
-2.611035E-08
-2.611386E-07
-7.914195E-08
-7.730189E-09
-2.204178E-09
-2.333587E-08
-6.615135E-09
-5.927434E-10
-1.426567E-10
-1.763142E-09
-4.197415E-10
-2.303273E-11
1.301501E-11
-7.301080E-11
1.216623E-11
4.612883E-11
1.314727E-10
5.171071E-11
1.354849E-10
3.830022E-10
1.123457E-09
3.850900E-10
1.124319E-09
3.295221E-09
9.651569E-09
3.295268E-09
9.650651E-09
2.822526E-08
8.242032E-08
2.822221E-08
8.241147E-08
2.403405E-07
6.999284E-07
2.403152E-07
6.998564E-07
2.035866E-06
5.915026E-06
2.035661E-06
5.914442E-06
1.718830E-05
5.275544E-05
1.718664E-05
5.275045E-05
5.402098E-04
6.011650E-04
5.401628E-04
6.011073E-04
-2.700426E-02
-2.693527E-02
-2.703962E-02
-8.151771E-02
-8.118591E-02
-8.181202E-02
-2.704177E-02
-2.704338E-02
-8.184918E-02
-8.186887E-02
-2.704498E-02
-2.704663E-02
-8.188306E-02
-8.189508E-02
-2.704832E-02
-2.705003E-02
-8.190620E-02
-8.191695E-02
-2.705174E-02
-2.705346E-02
-8.192755E-02
-8.193805E-02
-2.705514E-02
-2.705655E-02
-8.194828E-02
-8.195770E-02
-2.705703E-02
-2.705444E-02
-8.196429E-02
-8.196177E-02
-2.704195E-02
-2.699912E-02
-8.192910E-02
-8.180337E-02
-2.686264E-02
-2.643539E-02
-8.138121E-02
-7.999558E-02
-2.509532E-02
-1.808361E-02
-7.550476E-02
-5.759713E-02
-6.497507E-04
-2.468872E-04
-1.803438E-03
-7.652914E-04
-8.018216E-05
-2.573931E-05
-2.505478E-04
-8.102721E-05
-8.177925E-06
-2.565812E-06
-2.598046E-05
-8.245948E-06
-7.923433E-07
-2.396737E-07
-2.584669E-06
-7.975022E-07
-7.048827E-08
-1.990720E-08
-2.410842E-07
-7.088441E-08
-5.274878E-09
-1.244187E-09
-2.002664E-08
-5.314767E-09
-2.181260E-10
1.216913E-11
-1.257001E-09
-2.153408E-10
6.967544E-11
1.481096E-10
3.799399E-11
1.538867E-10
3.917175E-10
1.127341E-09
3.996504E-10
1.132147E-09
3.296361E-09
9.650442E-09
3.298627E-09
9.651077E-09
2.822021E-08
8.240521E-08
2.821935E-08
8.240158E-08
2.402971E-07
6.998048E-07
2.402863E-07
6.997738E-07
2.035514E-06
5.914024E-06
2.035426E-06
5.913772E-06
1.718545E-05
5.274687E-05
1.718473E-05
5.274471E-05
5.401291E-04
6.010659E-04
5.401088E-04
6.010410E-04
8.357937E-03
2.130754E-02
-7.652914E-04
-1.803438E-03
2.756460E-03
9.006470E-04
-2.505478E-04
-8.102721E-05
2.922401E-04
9.405885E-05
-2.598046E-05
-8.245948E-06
2.997992E-05
9.442502E-06
-2.584669E-06
-7.975022E-07
2.929944E-06
8.917750E-07
-2.410842E-07
-7.088441E-08
2.644814E-07
7.561008E-08
-2.002664E-08
-5.314767E-09
2.043556E-08
5.021821E-09
-1.257001E-09
-2.153408E-10
1.035246E-09
2.066365E-10
3.799399E-11
1.538867E-10
3.131705E-10
1.064733E-09
3.996504E-10
1.132147E-09
3.261860E-09
9.633437E-09
3.298627E-09
9.651077E-09
2.821115E-08
8.239701E-08
2.821935E-08
8.240158E-08
2.402813E-07
6.997629E-07
2.402863E-07
6.997738E-07
2.035396E-06
5.913688E-06
2.035426E-06
5.913772E-06
1.718449E-05
5.274399E-05
1.718473E-05
5.274471E-05
5.401020E-04
6.010327E-04
5.401088E-04
6.010410E-04
-8.118591E-02
-8.151771E-02
-2.700426E-02
-2.693527E-02
-8.181202E-02
-2.703962E-02
-8.939692E-03
-8.924753E-03
-8.900293E-03
-8.184918E-02
-2.704177E-02
-8.186887E-02
-2.704338E-02
-8.897153E-03
-8.896466E-03
-8.188306E-02
-2.704498E-02
-8.189508E-02
-2.704663E-02
-8.896588E-03
-8.897009E-03
-8.190620E-02
-2.704832E-02
-8.191695E-02
-2.705003E-02
-8.897539E-03
-8.898109E-03
-8.192755E-02
-2.705174E-02
-8.193805E-02
-2.705346E-02
-8.898693E-03
-8.899285E-03
-8.194828E-02
-2.705514E-02
-8.195770E-02
-2.705655E-02
-8.899863E-03
-8.900355E-03
-8.196429E-02
-2.705703E-02
-8.196177E-02
-2.705444E-02
-8.900532E-03
-8.899680E-03
-8.192910E-02
-2.704195E-02
-8.180337E-02
-2.699912E-02
-8.895515E-03
-8.881220E-03
-8.138121E-02
-2.686264E-02
-7.999558E-02
-2.643539E-02
-8.835708E-03
-8.693470E-03
-7.550476E-02
-2.509532E-02
-5.759713E-02
-1.808361E-02
-8.248431E-03
-5.978368E-03
-6.497507E-04
-2.468872E-04
-2.120999E-04
-8.093712E-05
-8.018216E-05
-2.573931E-05
-2.630668E-05
-8.451917E-06
-8.177925E-06
-2.565812E-06
-2.688037E-06
-8.443799E-07
-7.923433E-07
-2.396737E-07
-2.611386E-07
-7.914195E-08
-7.048827E-08
-1.990720E-08
-2.333587E-08
-6.615135E-09
-5.274878E-09
-1.244187E-09
-1.763142E-09
-4.197416E-10
-2.181260E-10
1.216910E-11
-7.301081E-11
1.216616E-11
6.967544E-11
1.481096E-10
5.171070E-11
1.354849E-10
3.917175E-10
1.127341E-09
3.850900E-10
1.124319E-09
3.296361E-09
9.650442E-09
3.295268E-09
9.650651E-09
2.822021E-08
8.240521E-08
2.822221E-08
8.241147E-08
2.402971E-07
6.998048E-07
2.403152E-07
6.998564E-07
2.035514E-06
5.914024E-06
2.035661E-06
5.914442E-06
1.718545E-05
5.274687E-05
1.718664E-05
5.275045E-05
5.401291E-04
6.010659E-04
5.401628E-04
6.011073E-04
-2.928008E-03
-2.922763E-03
-2.910848E-03
-9.513029E-04
-9.494889E-04
-9.453647E-04
-2.909523E-03
-2.909214E-03
-9.449041E-04
-9.447972E-04
-2.909235E-03
-2.909376E-03
-9.448051E-04
-9.448551E-04
-2.909560E-03
-2.909760E-03
-9.449202E-04
-9.449907E-04
-2.909966E-03
-2.910174E-03
-9.450633E-04
-9.451368E-04
-2.910379E-03
-2.910554E-03
-9.452090E-04
-9.452716E-04
-2.910624E-03
-2.910351E-03
-9.452992E-04
-9.452123E-04
-2.908971E-03
-2.904217E-03
-9.447574E-04
-9.431836E-04
-2.889084E-03
-2.841839E-03
-9.381754E-04
-9.225579E-04
-2.694366E-03
-1.968663E-03
-8.739379E-04
-6.444623E-04
-6.868431E-05
-2.640779E-05
-2.206443E-05
-8.556257E-06
-8.593439E-06
-2.764467E-06
-2.788136E-06
-8.982534E-07
-8.805405E-07
-2.771091E-07
-2.866123E-07
-9.038873E-08
-8.589788E-08
-2.611035E-08
-2.809240E-08
-8.568263E-09
-7.730189E-09
-2.204178E-09
-2.548314E-09
-7.312979E-10
-5.927434E-10
-1.426569E-10
-1.983478E-10
-4.760808E-11
-2.303276E-11
1.301483E-11
-4.995326E-12
1.395391E-11
4.612881E-11
1.314725E-10
4.458302E-11
1.303071E-10
3.830021E-10
1.123457E-09
3.824426E-10
1.123361E-09
3.295221E-09
9.651569E-09
3.295621E-09
9.652954E-09
2.822526E-08
8.242032E-08
2.822926E-08
8.243169E-08
2.403405E-07
6.999284E-07
2.403728E-07
7.000204E-07
2.035866E-06
5.915026E-06
2.036128E-06
5.915772E-06
1.718830E-05
5.275544E-05
1.719043E-05
5.276182E-05
5.402098E-04
6.011650E-04
5.402699E-04
6.012387E-04
-3.066004E-04
-3.059736E-04
-3.045445E-04
-9.786597E-05
-9.764968E-05
-9.715485E-05
-3.043844E-04
-3.043474E-04
-9.709922E-05
-9.708642E-05
-3.043504E-04
-3.043681E-04
-9.708756E-05
-9.709382E-05
-3.043910E-04
-3.044159E-04
-9.710192E-05
-9.711068E-05
-3.044415E-04
-3.044674E-04
-9.711970E-05
-9.712883E-05
-3.044929E-04
-3.045152E-04
-9.713783E-05
-9.714579E-05
-3.045259E-04
-3.044988E-04
-9.714992E-05
-9.714156E-05
-3.043497E-04
-3.038314E-04
-9.709306E-05
-9.692346E-05
-3.021829E-04
-2.970488E-04
-9.638417E-05
-9.470724E-05
-2.811141E-04
-2.095188E-04
-8.952083E-05
-6.756134E-05
-7.020596E-06
-2.749345E-06
-2.207981E-06
-8.746595E-07
-8.973288E-07
-2.895897E-07
-2.860102E-07
-9.249054E-08
-9.258905E-08
-2.927123E-08
-2.964224E-08
-9.397858E-09
-9.124918E-09
-2.793864E-09
-2.939734E-09
-9.037965E-10
-8.351234E-10
-2.412027E-10
-2.713641E-10
-7.852075E-11
-6.570041E-11
-1.493290E-11
-2.089291E-11
-3.367570E-12
1.627477E-12
1.463435E-11
4.414834E-12
1.536706E-11
4.431659E-11
1.301230E-10
4.470065E-11
1.305303E-10
3.824712E-10
1.123632E-09
3.829828E-10
1.124333E-09
3.296332E-09
9.654786E-09
3.297501E-09
9.657249E-09
2.823423E-08
8.244558E-08
2.824037E-08
8.246223E-08
2.404121E-07
7.001321E-07
2.404588E-07
7.002644E-07
2.036446E-06
5.916676E-06
2.036823E-06
5.917749E-06
1.719300E-05
5.276955E-05
1.719606E-05
5.277876E-05
5.403428E-04
6.013282E-04
5.404302E-04
6.014345E-04
-3.087158E-05
-3.079703E-05
-3.062586E-05
-9.595239E-06
-9.569574E-06
-9.510438E-06
-3.060655E-05
-3.060213E-05
-9.503742E-06
-9.502216E-06
-3.060256E-05
-3.060477E-05
-9.502378E-06
-9.503161E-06
-3.060763E-05
-3.061072E-05
-9.504168E-06
-9.505255E-06
-3.061389E-05
-3.061711E-05
-9.506372E-06
-9.507504E-06
-3.062028E-05
-3.062312E-05
-9.508625E-06
-9.509636E-06
-3.062470E-05
-3.062219E-05
-9.510237E-06
-9.509508E-06
-3.060654E-05
-3.055144E-05
-9.504508E-06
-9.486760E-06
-3.037630E-05
-2.983271E-05
-9.430375E-06
-9.255750E-06
-2.815841E-05
-2.157268E-05
-8.720552E-06
-6.805694E-06
-6.843956E-07
-2.748717E-07
-2.082145E-07
-8.505833E-08
-9.008712E-08
-2.920368E-08
-2.795384E-08
-9.086609E-09
-9.385563E-09
-2.984868E-09
-2.927518E-09
-9.317103E-10
-9.365521E-10
-2.883496E-10
-2.904994E-10
-8.662202E-11
-8.597867E-11
-2.377540E-11
-2.247219E-11
-2.404363E-12
-4.765782E-12
1.783027E-12
4.127493E-12
7.146386E-12
6.642826E-12
1.690461E-11
1.110625E-11
2.118966E-11
4.613030E-11
1.319856E-10
5.043121E-11
1.363407E-10
3.845232E-10
1.126063E-09
3.889792E-10
1.130728E-09
3.299751E-09
9.660961E-09
3.304991E-09
9.667818E-09
2.824827E-08
8.248209E-08
2.825978E-08
8.250688E-08
2.405128E-07
7.004159E-07
2.405756E-07
7.005871E-07
2.037252E-06
5.918972E-06
2.037733E-06
5.920335E-06
1.719955E-05
5.278925E-05
1.720343E-05
5.280092E-05
5.405299E-04
6.015555E-04
5.406407E-04
6.016902E-04
-2.925800E-06
-2.916961E-06
-2.896592E-06
-8.693956E-07
-8.663121E-07
-8.594244E-07
-2.894278E-06
-2.893754E-06
-8.586415E-07
-8.584663E-07
-2.893815E-06
-2.894092E-06
-8.584904E-07
-8.585886E-07
-2.894447E-06
-2.894829E-06
-8.587137E-07
-8.588484E-07
-2.895223E-06
-2.895621E-06
-8.589867E-07
-8.591269E-07
-2.896016E-06
-2.896376E-06
-8.592662E-07
-8.593943E-07
-2.896604E-06
-2.896402E-06
-8.594799E-07
-8.594286E-07
-2.894824E-06
-2.889167E-06
-8.589383E-07
-8.571576E-07
-2.871204E-06
-2.815721E-06
-8.515087E-07
-8.341200E-07
-2.646700E-06
-2.114732E-06
-7.815481E-07
-6.442866E-07
-6.177650E-08
-2.578828E-08
-1.766142E-08
-7.572137E-09
-8.496907E-09
-2.763275E-09
-2.478632E-09
-7.812688E-10
-8.845296E-10
-2.731040E-10
-2.220666E-10
-3.889291E-11
-7.560214E-11
-1.239923E-11
2.087485E-11
4.026585E-11
7.946858E-12
1.482413E-11
4.738234E-11
5.098382E-11
1.761058E-11
1.972235E-11
5.337433E-11
5.591685E-11
2.360015E-11
3.379711E-11
6.037007E-11
7.111949E-11
6.318888E-11
1.492302E-10
1.009501E-10
1.873478E-10
4.020197E-10
1.144016E-09
4.404114E-10
1.182743E-09
3.318907E-09
9.683491E-09
3.358293E-09
9.724731E-09
2.828053E-08
8.254226E-08
2.832715E-08
8.260459E-08
2.406529E-07
7.007847E-07
2.407606E-07
7.010231E-07
2.038275E-06
5.921860E-06
2.038888E-06
5.923549E-06
1.720777E-05
5.281399E-05
1.721255E-05
5.282837E-05
5.407661E-04
6.018406E-04
5.409053E-04
6.020055E-04
-2.486991E-07
-2.475052E-07
-2.455280E-07
-6.603607E-08
-6.525425E-08
-6.571727E-08
-2.453115E-07
-2.452663E-07
-6.580220E-08
-6.583060E-08
-2.452791E-07
-2.453149E-07
-6.584677E-08
-6.586242E-08
-2.453595E-07
-2.454071E-07
-6.587963E-08
-6.589711E-08
-2.454560E-07
-2.455054E-07
-6.591508E-08
-6.593262E-08
-2.455545E-07
-2.456000E-07
-6.595014E-08
-6.596590E-08
-2.456319E-07
-2.456206E-07
-6.597751E-08
-6.597508E-08
-2.454710E-07
-2.449192E-07
-6.592991E-08
-6.576122E-08
-2.431714E-07
-2.378157E-07
-6.523088E-08
-6.361746E-08
-2.217833E-07
-1.910411E-07
-5.885560E-08
-5.420430E-08
-4.673712E-09
-2.023609E-09
-7.793177E-10
-1.592817E-10
-5.808421E-10
-9.610626E-11
2.267182E-10
3.596577E-10
6.529758E-11
1.191018E-10
4.056980E-10
4.229423E-10
1.373088E-10
1.436895E-10
4.299426E-10
4.338198E-10
1.482080E-10
1.534140E-10
4.416773E-10
4.550087E-10
1.579188E-10
1.627186E-10
4.664137E-10
4.781153E-10
1.690271E-10
1.814758E-10
4.896375E-10
5.071239E-10
2.124995E-10
2.999247E-10
5.414224E-10
6.320304E-10
5.535697E-10
1.296507E-09
8.874240E-10
1.632960E-09
3.472703E-09
9.841125E-09
3.812826E-09
1.019265E-08
2.844923E-08
8.274411E-08
2.883247E-08
8.322123E-08
2.409513E-07
7.013631E-07
2.416974E-07
7.028816E-07
2.039661E-06
5.925574E-06
2.043385E-06
5.935591E-06
1.721820E-05
5.284536E-05
1.724619E-05
5.292887E-05
5.410743E-04
6.021982E-04
5.418630E-04
6.031577E-04
-1.211552E-08
-1.083729E-08
-1.429917E-08
1.006030E-08
1.322681E-08
2.505899E-09
-1.479771E-08
-1.493509E-08
9.580888E-10
5.403582E-10
-1.497472E-08
-1.498825E-08
4.267543E-10
4.007718E-10
-1.499925E-08
-1.500681E-08
3.813968E-10
3.764631E-10
-1.501595E-08
-1.502199E-08
3.636863E-10
3.635968E-10
-1.502940E-08
-1.503325E-08
3.558914E-10
3.611497E-10
-1.503721E-08
-1.503395E-08
3.591285E-10
3.709692E-10
-1.501919E-08
-1.496480E-08
3.786907E-10
4.092301E-10
-1.480583E-08
-1.432987E-08
4.612862E-10
6.119252E-10
-1.296480E-08
-1.348619E-08
9.899159E-10
6.801599E-11
9.909797E-10
1.106467E-09
3.635014E-09
3.659315E-09
1.203793E-09
1.243837E-09
3.691127E-09
3.722852E-09
1.260701E-09
1.272597E-09
3.740272E-09
3.766234E-09
1.279310E-09
1.286852E-09
3.780198E-09
3.802422E-09
1.307065E-09
1.344989E-09
3.857463E-09
3.966838E-09
1.375887E-09
1.407776E-09
4.051958E-09
4.142548E-09
1.433702E-09
1.465982E-09
4.208127E-09
4.283684E-09
1.509120E-09
1.609168E-09
4.350440E-09
4.477908E-09
1.868840E-09
2.621507E-09
4.746381E-09
5.514622E-09
4.809223E-09
1.121571E-08
7.706196E-09
1.414076E-08
2.992710E-08
8.453064E-08
3.291474E-08
8.773278E-08
2.436187E-07
7.065579E-07
2.474286E-07
7.121438E-07
2.052053E-06
5.958465E-06
2.062695E-06
5.983536E-06
1.730949E-05
5.311659E-05
1.737564E-05
5.330905E-05
5.436066E-04
6.053165E-04
5.453735E-04
6.075031E-04
3.925632E-08
4.768735E-08
1.652110E-08
1.166926E-07
1.392985E-07
4.941014E-08
1.196008E-08
1.074190E-08
3.606775E-08
3.253554E-08
1.040946E-08
1.034443E-08
3.156158E-08
3.139238E-08
1.028944E-08
1.028619E-08
3.122460E-08
3.123311E-08
1.025020E-08
1.026070E-08
3.111885E-08
3.116584E-08
1.023906E-08
1.026441E-08
3.109193E-08
3.118079E-08
1.025763E-08
1.029758E-08
3.114851E-08
3.127746E-08
1.030555E-08
1.036178E-08
3.128328E-08
3.144814E-08
1.039172E-08
1.048792E-08
3.148843E-08
3.168857E-08
1.060435E-08
1.007668E-08
3.176877E-08
3.168015E-08
1.081380E-08
1.087585E-08
3.181465E-08
3.203424E-08
1.091373E-08
1.099191E-08
3.212367E-08
3.235861E-08
1.103003E-08
1.110697E-08
3.245124E-08
3.268457E-08
1.114079E-08
1.120908E-08
3.276615E-08
3.297536E-08
1.135977E-08
1.167571E-08
3.338767E-08
3.430007E-08
1.191130E-08
1.217232E-08
3.495280E-08
3.570815E-08
1.234696E-08
1.254910E-08
3.618243E-08
3.675441E-08
1.267916E-08
1.288754E-08
3.705405E-08
3.750203E-08
1.317538E-08
1.398554E-08
3.783284E-08
3.876663E-08
1.616717E-08
2.263570E-08
4.089289E-08
4.741924E-08
4.144271E-08
9.647171E-08
6.616985E-08
1.214091E-07
2.567464E-07
7.232561E-07
2.821810E-07
7.505660E-07
2.078916E-06
6.014461E-06
2.111538E-06
6.062758E-06
1.744845E-05
5.351028E-05
1.754144E-05
5.373938E-05
5.471573E-04
6.097120E-04
5.490136E-04
6.120115E-04
3.426519E-07
4.031427E-07
1.443069E-07
1.005197E-06
1.166496E-06
4.217639E-07
1.053597E-07
9.513365E-08
3.082382E-07
2.786620E-07
9.228367E-08
9.184372E-08
2.703342E-07
2.691985E-07
9.133046E-08
9.140027E-08
2.676360E-07
2.679612E-07
9.103723E-08
9.121451E-08
2.668202E-07
2.674454E-07
9.096488E-08
9.126021E-08
2.666229E-07
2.675810E-07
9.112809E-08
9.153643E-08
2.670903E-07
2.683675E-07
9.151100E-08
9.201829E-08
2.681782E-07
2.697346E-07
9.208373E-08
9.267327E-08
2.698008E-07
2.715871E-07
9.281135E-08
9.332284E-08
2.718558E-07
2.737577E-07
9.346138E-08
9.414728E-08
2.741319E-07
2.762053E-07
9.436234E-08
9.507133E-08
2.766987E-07
2.788275E-07
9.529261E-08
9.599773E-08
2.793373E-07
2.814588E-07
9.618885E-08
9.682606E-08
2.818868E-07
2.838172E-07
9.795259E-08
1.005858E-07
2.868903E-07
2.944846E-07
1.023940E-07
1.045817E-07
2.994908E-07
3.058245E-07
1.058782E-07
1.075294E-07
3.093745E-07
3.141710E-07
1.082822E-07
1.094394E-07
3.161301E-07
3.193829E-07
1.098623E-07
1.111711E-07
3.199867E-07
3.224387E-07
1.130957E-07
1.197685E-07
3.236973E-07
3.308263E-07
1.381953E-07
1.936747E-07
3.481311E-07
4.040218E-07
3.547313E-07
8.253471E-07
5.648007E-07
1.038977E-06
2.192503E-06
6.163086E-06
2.415526E-06
6.418284E-06
1.769706E-05
5.406124E-05
1.804432E-05
5.468127E-05
5.511964E-04
6.147051E-04
5.546148E-04
6.188616E-04
2.950619E-06
3.378000E-06
1.232360E-06
9.542464E-06
1.050437E-05
3.664102E-06
9.015640E-07
8.160082E-07
2.654009E-06
2.392896E-06
7.916784E-07
7.887652E-07
2.317506E-06
2.308726E-06
7.840299E-07
7.853096E-07
2.294011E-06
2.298516E-06
7.817586E-07
7.838760E-07
2.287520E-06
2.294483E-06
7.812200E-07
7.842757E-07
2.286036E-06
2.295654E-06
7.825563E-07
7.865137E-07
2.289853E-06
2.302018E-06
7.856455E-07
7.903915E-07
2.298621E-06
2.313014E-06
7.902456E-07
7.956415E-07
2.311658E-06
2.327888E-06
7.960709E-07
8.019386E-07
2.328160E-06
2.345782E-06
8.027588E-07
8.089712E-07
2.347211E-06
2.365750E-06
8.100343E-07
8.164012E-07
2.367811E-06
2.386791E-06
8.175134E-07
8.238713E-07
2.389001E-06
2.407990E-06
8.247628E-07
8.305834E-07
2.409606E-06
2.427084E-06
8.389519E-07
8.608381E-07
2.449831E-06
2.512864E-06
8.746878E-07
8.930125E-07
2.551148E-06
2.604124E-06
9.027291E-07
9.166809E-07
2.630692E-06
2.671262E-06
9.218388E-07
9.312713E-07
2.684862E-06
2.712482E-06
9.321655E-07
9.380930E-07
2.713574E-06
2.730022E-06
9.372289E-07
9.458533E-07
2.722506E-06
2.736009E-06
9.596507E-07
1.016651E-06
2.739146E-06
2.799704E-06
1.175591E-06
1.657775E-06
2.952085E-06
3.455643E-06
3.054208E-06
7.130182E-06
4.902354E-06
9.171627E-06
1.896580E-05
5.621993E-05
2.155982E-05
6.043938E-05
5.621605E-04
6.278450E-04
5.818449E-04
6.509475E-04
3.362258E-05
3.520405E-05
1.113266E-05
1.520267E-04
1.637898E-04
3.921083E-05
7.885421E-06
7.039580E-06
2.594801E-05
2.231283E-05
6.790547E-06
6.758711E-06
2.118062E-05
2.096598E-05
6.711567E-06
6.726283E-06
2.077224E-05
2.081065E-05
6.692281E-06
6.714705E-06
2.069498E-05
2.076964E-05
6.688123E-06
6.718111E-06
2.068061E-05
2.077934E-05
6.699027E-06
6.736221E-06
2.071317E-05
2.083353E-05
6.723936E-06
6.767429E-06
2.078766E-05
2.092679E-05
6.760915E-06
6.809602E-06
2.089810E-05
2.105270E-05
6.807693E-06
6.860345E-06
2.103772E-05
2.120413E-05
6.861733E-06
6.916952E-06
2.119898E-05
2.137302E-05
6.920101E-06
6.976588E-06
2.137310E-05
2.155099E-05
6.980193E-06
7.036800E-06
2.155254E-05
2.173111E-05
7.038805E-06
7.091161E-06
2.172818E-05
2.189416E-05
7.152942E-06
7.334580E-06
2.206922E-05
2.262158E-05
7.440442E-06
7.593658E-06
2.292834E-05
2.339617E-05
7.666290E-06
7.784312E-06
2.360370E-05
2.396642E-05
7.820109E-06
7.901257E-06
2.406387E-05
2.431630E-05
7.901142E-06
7.949347E-06
2.430598E-05
2.445861E-05
7.921152E-06
7.950322E-06
2.436027E-05
2.444401E-05
7.921188E-06
7.993059E-06
2.430782E-05
2.441709E-05
8.123089E-06
8.683676E-06
2.445952E-05
2.516613E-05
1.025574E-05
1.503189E-05
2.701295E-05
3.305517E-05
2.886350E-05
7.197093E-05
5.045646E-05
1.038367E-04
6.318378E-04
7.094624E-04
7.432100E-04
8.417626E-04
6.145283E-04
6.640673E-04
3.182631E-04
7.373339E-04
8.370678E-04
3.541954E-04
2.422758E-04
2.242817E-04
2.653478E-04
2.432301E-04
2.189408E-04
2.192606E-04
2.369280E-04
2.366400E-04
2.178189E-04
2.187704E-04
2.352236E-04
2.358533E-04
2.174457E-04
2.185193E-04
2.346648E-04
2.354879E-04
2.173653E-04
2.186338E-04
2.345329E-04
2.356104E-04
2.176797E-04
2.191423E-04
2.349126E-04
2.362388E-04
2.183722E-04
2.200056E-04
2.357761E-04
2.373203E-04
2.193919E-04
2.211661E-04
2.370573E-04
2.387812E-04
2.206773E-04
2.225593E-04
2.386776E-04
2.405388E-04
2.221602E-04
2.241117E-04
2.405495E-04
2.424995E-04
2.237603E-04
2.257493E-04
2.425709E-04
2.445650E-04
2.254153E-04
2.274224E-04
2.446526E-04
2.466521E-04
2.270578E-04
2.289527E-04
2.466855E-04
2.485381E-04
2.302122E-04
2.356822E-04
2.506404E-04
2.569729E-04
2.381590E-04
2.428614E-04
2.606025E-04
2.659516E-04
2.444228E-04
2.481560E-04
2.684299E-04
2.725595E-04
2.487006E-04
2.514149E-04
2.737607E-04
2.766097E-04
2.509612E-04
2.527460E-04
2.765580E-04
2.782404E-04
2.514569E-04
2.525426E-04
2.771413E-04
2.779469E-04
2.507217E-04
2.515151E-04
2.761812E-04
2.766176E-04
2.498108E-04
2.516790E-04
2.749843E-04
2.767025E-04
2.537927E-04
2.678330E-04
2.795733E-04
2.954531E-04
3.061507E-04
4.136228E-04
3.399446E-04
4.624468E-04
9.532229E-04
1.170335E-03
1.083664E-03
1.388852E-03
-8.191968E-02
1.316983E-01
1.323880E-01
1.307934E-01
-8.188966E-02
1.307219E-01
1.307001E-01
1.323880E-01
1.316983E-01
-8.191968E-02
1.307934E-01
1.307219E-01
-8.188966E-02
1.307001E-01
-8.187231E-02
1.306721E-01
1.306489E-01
-8.187371E-02
1.306253E-01
1.306022E-01
1.306721E-01
-8.187231E-02
1.306489E-01
1.306253E-01
-8.187371E-02
1.306022E-01
-8.188121E-02
1.305797E-01
1.305574E-01
-8.189085E-02
1.305355E-01
1.305137E-01
1.305797E-01
-8.188121E-02
1.305574E-01
1.305355E-01
-8.189085E-02
1.305137E-01
-8.190121E-02
1.304922E-01
1.304707E-01
-8.191178E-02
1.304495E-01
1.304280E-01
1.304922E-01
-8.190121E-02
1.304707E-01
1.304495E-01
-8.191178E-02
1.304280E-01
-8.192242E-02
1.304069E-01
1.303850E-01
-8.193317E-02
1.303643E-01
1.303412E-01
1.304069E-01
-8.192242E-02
1.303850E-01
1.303643E-01
-8.193317E-02
1.303412E-01
-8.194419E-02
1.303215E-01
1.302955E-01
-8.195594E-02
1.302791E-01
1.302456E-01
1.303215E-01
-8.194419E-02
1.302955E-01
1.302791E-01
-8.195594E-02
1.302456E-01
-8.196961E-02
1.302392E-01
1.301859E-01
-8.198849E-02
1.302093E-01
1.301017E-01
1.302392E-01
-8.196961E-02
1.301859E-01
1.302093E-01
-8.198849E-02
1.301017E-01
-8.202233E-02
1.302111E-01
1.299565E-01
-8.210065E-02
1.303114E-01
1.296328E-01
1.302111E-01
-8.202233E-02
1.299565E-01
1.303114E-01
-8.210065E-02
1.296328E-01
-8.232272E-02
1.306753E-01
1.287884E-01
-8.300591E-02
1.317652E-01
1.263721E-01
1.306753E-01
-8.232272E-02
1.287884E-01
1.317652E-01
-8.300591E-02
1.263721E-01
-8.518399E-02
1.346950E-01
1.184101E-01
-9.202407E-02
1.412213E-01
5.684663E-02
1.346950E-01
-8.518399E-02
1.184101E-01
1.412213E-01
-9.202407E-02
5.684663E-02
2.847222E-03
-1.640053E-03
6.423849E-03
-1.159043E-01
6.423849E-03
-1.640053E-03
2.847222E-03
1.315399E-01
5.398299E-01
5.345940E-01
5.384988E-01
1.007023E+00
1.006793E+00
1.006911E+00
1.306631E-01
5.383820E-01
5.380955E-01
1.006836E+00
1.006755E+00
1.307431E-01
5.379778E-01
5.378243E-01
1.006724E+00
1.006722E+00
1.307045E-01
5.376798E-01
5.375231E-01
1.006719E+00
1.006717E+00
5.398299E-01
5.345940E-01
5.384988E-01
1.315399E-01
5.383820E-01
5.380955E-01
1.306631E-01
5.379778E-01
5.378243E-01
1.307431E-01
5.376798E-01
5.375231E-01
1.307045E-01
1.306902E-01
5.373879E-01
5.372575E-01
1.006715E+00
1.006714E+00
1.306594E-01
5.371234E-01
5.369873E-01
1.006712E+00
1.006710E+00
1.306381E-01
5.368575E-01
5.367299E-01
1.006709E+00
1.006707E+00
1.306134E-01
5.366021E-01
5.364745E-01
1.006705E+00
1.006704E+00
5.373879E-01
5.372575E-01
1.306902E-01
5.371234E-01
5.369873E-01
1.306594E-01
5.368575E-01
5.367299E-01
1.306381E-01
5.366021E-01
5.364745E-01
1.306134E-01
1.305911E-01
5.363488E-01
5.362241E-01
1.006702E+00
1.006700E+00
1.305685E-01
5.360999E-01
5.359762E-01
1.006699E+00
1.006697E+00
1.305464E-01
5.358533E-01
5.357309E-01
1.006695E+00
1.006694E+00
1.305246E-01
5.356088E-01
5.354871E-01
1.006692E+00
1.006691E+00
5.363488E-01
5.362241E-01
1.305911E-01
5.360999E-01
5.359762E-01
1.305685E-01
5.358533E-01
5.357309E-01
1.305464E-01
5.356088E-01
5.354871E-01
1.305246E-01
1.305029E-01
5.353656E-01
5.352444E-01
1.006689E+00
1.006688E+00
1.304815E-01
5.351233E-01
5.350021E-01
1.006686E+00
1.006684E+00
1.304600E-01
5.348809E-01
5.347599E-01
1.006683E+00
1.006681E+00
1.304388E-01
5.346386E-01
5.345165E-01
1.006680E+00
1.006678E+00
5.353656E-01
5.352444E-01
1.305029E-01
5.351233E-01
5.350021E-01
1.304815E-01
5.348809E-01
5.347599E-01
1.304600E-01
5.346386E-01
5.345165E-01
1.304388E-01
1.304173E-01
5.343946E-01
5.342730E-01
1.006677E+00
1.006675E+00
1.303963E-01
5.341505E-01
5.340259E-01
1.006674E+00
1.006672E+00
1.303742E-01
5.339016E-01
5.337790E-01
1.006671E+00
1.006669E+00
1.303537E-01
5.336542E-01
5.335240E-01
1.006668E+00
1.006666E+00
5.343946E-01
5.342730E-01
1.304173E-01
5.341505E-01
5.340259E-01
1.303963E-01
5.339016E-01
5.337790E-01
1.303742E-01
5.336542E-01
5.335240E-01
1.303537E-01
1.303300E-01
5.333959E-01
5.332732E-01
1.006665E+00
1.006663E+00
1.303112E-01
5.331457E-01
5.330043E-01
1.006662E+00
1.006660E+00
1.302834E-01
5.328699E-01
5.327522E-01
1.006659E+00
1.006657E+00
1.302698E-01
5.326230E-01
5.324570E-01
1.006655E+00
1.006655E+00
5.333959E-01
5.332732E-01
1.303300E-01
5.331457E-01
5.330043E-01
1.303112E-01
5.328699E-01
5.327522E-01
1.302834E-01
5.326230E-01
5.324570E-01
1.302698E-01
1.302315E-01
5.323127E-01
5.322166E-01
1.006653E+00
1.006651E+00
1.302335E-01
5.320909E-01
5.318657E-01
1.006649E+00
1.006649E+00
1.301669E-01
5.317036E-01
5.316786E-01
1.006648E+00
1.006644E+00
1.302140E-01
5.315742E-01
5.311942E-01
1.006641E+00
1.006645E+00
5.323127E-01
5.322166E-01
1.302315E-01
5.320909E-01
5.318657E-01
1.302335E-01
5.317036E-01
5.316786E-01
1.301669E-01
5.315742E-01
5.311942E-01
1.302140E-01
1.300698E-01
5.309926E-01
5.311774E-01
1.006644E+00
1.006635E+00
1.302482E-01
5.311505E-01
5.303621E-01
1.006630E+00
1.006644E+00
1.298917E-01
5.300714E-01
5.308480E-01
1.006645E+00
1.006621E+00
1.304373E-01
5.310426E-01
5.291139E-01
1.006612E+00
1.006652E+00
5.309926E-01
5.311774E-01
1.300698E-01
5.311505E-01
5.303621E-01
1.302482E-01
5.300714E-01
5.308480E-01
1.298917E-01
5.310426E-01
5.291139E-01
1.304373E-01
1.294767E-01
5.285908E-01
5.309990E-01
1.006658E+00
1.006595E+00
1.310620E-01
5.318608E-01
5.267352E-01
1.006572E+00
1.006684E+00
1.284088E-01
5.256785E-01
5.324793E-01
1.006704E+00
1.006533E+00
1.329723E-01
5.354743E-01
5.210774E-01
1.006470E+00
1.006787E+00
5.285908E-01
5.309990E-01
1.294767E-01
5.318608E-01
5.267352E-01
1.310620E-01
5.256785E-01
5.324793E-01
1.284088E-01
5.354743E-01
5.210774E-01
1.329723E-01
1.256365E-01
5.193247E-01
5.371232E-01
1.006835E+00
1.006380E+00
1.387982E-01
5.477543E-01
5.039856E-01
1.006184E+00
1.007112E+00
1.207890E-01
5.107775E-01
5.467409E-01
1.007023E+00
1.005950E+00
1.465338E-01
5.488179E-01
4.140679E-01
1.006244E+00
1.012550E+00
5.193247E-01
5.371232E-01
1.256365E-01
5.477543E-01
5.039856E-01
1.387982E-01
5.107775E-01
5.467409E-01
1.207890E-01
5.488179E-01
4.140679E-01
1.465338E-01
-1.379964E-02
4.259378E-02
-5.478150E-02
1.187496E-01
4.259378E-02
-5.478150E-02
-1.379964E-02
</DataArray>
<DataArray type="Float64" Name="strain" NumberOfComponents="3" format="ascii">
-1.056136E-02 -4.428117E-02 -6.425949E-02
3.644950E-02 -1.284239E-02 -8.021222E-02
3.374241E-02 -1.338293E-02 -1.416219E-02
-2.291868E-02 -3.335230E-02 -1.204116E-02
4.077843E-02 -1.085685E-02 -8.107260E-02
3.994904E-02 -1.176222E-02 -1.355473E-02
3.309599E-02 -1.415389E-02 -2.896031E-03
-2.547050E-02 -1.991217E-02 -1.753266E-03
3.979344E-02 -1.313718E-02 -2.290833E-03
4.005665E-02 -9.897089E-03 -8.134334E-02
3.987708E-02 -1.087919E-02 -1.345217E-02
3.929376E-02 -9.211481E-03 -8.141385E-02
3.928248E-02 -1.017600E-02 -1.346548E-02
3.988185E-02 -1.235454E-02 -2.104883E-03
3.931948E-02 -1.164086E-02 -2.059309E-03
3.876038E-02 -8.549067E-03 -8.137670E-02
3.878029E-02 -9.505627E-03 -1.346444E-02
3.831678E-02 -7.881198E-03 -8.130010E-02
3.834016E-02 -8.839217E-03 -1.344371E-02
3.881991E-02 -1.096029E-02 -2.038300E-03
3.838172E-02 -1.029372E-02 -2.012258E-03
3.789517E-02 -7.216773E-03 -8.121204E-02
3.791898E-02 -8.178815E-03 -1.341457E-02
3.747636E-02 -6.563838E-03 -8.112075E-02
3.750075E-02 -7.529841E-03 -1.338334E-02
3.796397E-02 -9.636643E-03 -1.980646E-03
3.754885E-02 -8.990746E-03 -1.947189E-03
3.705701E-02 -5.926842E-03 -8.102820E-02
3.708186E-02 -6.896239E-03 -1.335238E-02
3.663788E-02 -5.308358E-03 -8.093506E-02
3.666278E-02 -6.280604E-03 -1.332263E-02
3.713173E-02 -8.358946E-03 -1.914568E-03
3.671286E-02 -7.743804E-03 -1.884365E-03
3.622067E-02 -4.710004E-03 -8.084180E-02
3.624515E-02 -5.684640E-03 -1.329459E-02
3.580719E-02 -4.132721E-03 -8.074890E-02
3.583080E-02 -5.109366E-03 -1.326860E-02
3.629399E-02 -7.147226E-03 -1.857547E-03
3.587717E-02 -6.570460E-03 -1.834725E-03
3.539913E-02 -3.576848E-03 -8.065681E-02
3.542153E-02 -4.555193E-03 -1.324490E-02
3.499799E-02 -3.042201E-03 -8.056590E-02
3.501890E-02 -4.022001E-03 -1.322360E-02
3.546444E-02 -6.014140E-03 -1.816251E-03
3.505764E-02 -5.478343E-03 -1.802286E-03
3.460504E-02 -2.528168E-03 -8.047651E-02
3.462427E-02 -3.509233E-03 -1.320478E-02
3.422135E-02 -2.033812E-03 -8.038891E-02
3.423879E-02 -3.015998E-03 -1.318845E-02
3.465836E-02 -4.962675E-03 -1.792853E-03
3.426797E-02 -4.466376E-03 -1.787892E-03
3.384787E-02 -1.557990E-03 -8.030333E-02
3.386347E-02 -2.541191E-03 -1.317460E-02
3.348544E-02 -1.099458E-03 -8.021997E-02
3.349919E-02 -2.083596E-03 -1.316323E-02
3.388763E-02 -3.988434E-03 -1.787314E-03
3.351839E-02 -3.527700E-03 -1.791032E-03
3.313488E-02 -6.569745E-04 -8.013902E-02
3.314682E-02 -1.641994E-03 -1.315433E-02
3.279707E-02 -2.293949E-04 -8.006071E-02
3.280725E-02 -1.215258E-03 -1.314795E-02
3.316120E-02 -3.083002E-03 -1.798993E-03
3.281708E-02 -2.653248E-03 -1.811187E-03
3.247299E-02 1.842477E-04 -7.998528E-02
3.248149E-02 -8.024361E-04 -1.314413E-02
3.216378E-02 5.846641E-04 -7.991303E-02
3.217072E-02 -4.028375E-04 -1.314295E-02
3.248710E-02 -2.237525E-03 -1.827652E-03
3.217254E-02 -1.835180E-03 -1.848457E-03
3.187081E-02 9.722420E-04 -7.984431E-02
3.187632E-02 -1.609543E-05 -1.314451E-02
3.159568E-02 1.346988E-03 -7.977958E-02
3.159991E-02 3.577712E-04 -1.314890E-02
3.187486E-02 -1.445905E-03 -1.873684E-03
3.159580E-02 -1.069798E-03 -1.903386E-03
3.134023E-02 1.708487E-03 -7.971935E-02
3.134337E-02 7.183126E-04 -1.315619E-02
3.110654E-02 2.055867E-03 -7.966422E-02
3.110881E-02 1.064624E-03 -1.316641E-02
3.133734E-02 -7.074087E-04 -1.937546E-03
3.110171E-02 -3.597686E-04 -1.976020E-03
3.089685E-02 2.387814E-03 -7.961482E-02
3.089849E-02 1.395343E-03 -1.317950E-02
3.071346E-02 2.702595E-03 -7.957185E-02
3.071476E-02 1.708677E-03 -1.319530E-02
3.089127E-02 -2.838122E-05 -2.018482E-03
3.070846E-02 2.848229E-04 -2.064366E-03
3.055865E-02 2.998136E-03 -7.953612E-02
3.055997E-02 2.002612E-03 -1.321367E-02
3.043443E-02 3.272008E-03 -7.950828E-02
3.043598E-02 2.274691E-03 -1.323418E-02
3.055559E-02 5.775880E-04 -2.112857E-03
3.043467E-02 8.474189E-04 -2.162853E-03
3.034244E-02 3.521869E-03 -7.948865E-02
3.034451E-02 2.522467E-03 -1.325603E-02
3.028367E-02 3.745403E-03 -7.947756E-02
3.028648E-02 2.743641E-03 -1.327844E-02
3.034719E-02 1.091834E-03 -2.212875E-03
3.029392E-02 1.308555E-03 -2.261281E-03
3.025829E-02 3.940624E-03 -7.947514E-02
3.026203E-02 2.936270E-03 -1.330057E-02
3.026554E-02 4.106098E-03 -7.948123E-02
3.027027E-02 3.098992E-03 -1.332151E-02
3.027469E-02 1.495757E-03 -2.306303E-03
3.028826E-02 1.652289E-03 -2.346186E-03
3.030357E-02 4.241135E-03 -7.949540E-02
3.030927E-02 3.231213E-03 -1.334040E-02
3.036949E-02 4.345936E-03 -7.951689E-02
3.037606E-02 3.333250E-03 -1.335647E-02
3.033233E-02 1.777855E-03 -2.379343E-03
3.040355E-02 1.873117E-03 -2.404507E-03
3.045949E-02 4.421664E-03 -7.954471E-02
3.046673E-02 3.406381E-03 -1.336911E-02
3.056895E-02 4.470425E-03 -7.957763E-02
3.057660E-02 3.452814E-03 -1.337794E-02
3.049770E-02 1.939712E-03 -2.420851E-03
3.060991E-02 1.980170E-03 -2.428042E-03
3.069272E-02 4.495166E-03 -7.961427E-02
3.070053E-02 3.475573E-03 -1.338280E-02
3.082537E-02 4.499510E-03 -7.965316E-02
3.083311E-02 3.478316E-03 -1.338374E-02
3.073495E-02 1.997757E-03 -2.426243E-03
3.086747E-02 1.996266E-03 -2.416037E-03
3.096135E-02 4.487531E-03 -7.969281E-02
3.096891E-02 3.465104E-03 -1.338096E-02
3.109512E-02 4.463478E-03 -7.973168E-02
3.110263E-02 3.440103E-03 -1.337472E-02
3.100221E-02 1.979761E-03 -2.398293E-03
3.113411E-02 1.952283E-03 -2.373941E-03
3.122087E-02 4.431219E-03 -7.976776E-02
3.122915E-02 3.407088E-03 -1.336493E-02
3.133101E-02 4.392847E-03 -7.979636E-02
3.134372E-02 3.368467E-03 -1.335000E-02
3.125816E-02 1.917519E-03 -2.343553E-03
3.136930E-02 1.878713E-03 -2.306696E-03
3.141038E-02 4.346130E-03 -7.980151E-02
3.144456E-02 3.324395E-03 -1.332409E-02
3.142706E-02 4.287914E-03 -7.973157E-02
3.155617E-02 3.278900E-03 -1.327519E-02
3.146589E-02 1.840310E-03 -2.262141E-03
3.158340E-02 1.815506E-03 -2.215148E-03
3.140828E-02 4.266967E-03 -7.946486E-02
3.189499E-02 3.284883E-03 -1.320517E-02
3.235769E-02 4.633113E-03 -7.893695E-02
3.388971E-02 3.603595E-03 -1.324792E-02
3.200675E-02 1.844974E-03 -2.211630E-03
3.438359E-02 2.023150E-03 -2.425495E-03
4.221767E-02 6.515909E-03 -7.915633E-02
4.563508E-02 5.222002E-03 -1.434457E-02
1.216932E-01 3.684725E-02 -1.200353E-01
1.101680E-01 2.528450E-02 -2.316775E-02
4.713302E-02 2.642495E-03 -3.423287E-03
1.091851E-01 7.659536E-03 -3.736234E-03
3.310121E-02 -1.425959E-02 -5.464769E-04
-2.569770E-02 -1.578103E-02 -1.068917E-04
3.977010E-02 -1.359310E-02 -4.213816E-04
3.321710E-02 -1.436675E-02 -6.744884E-05
-2.562193E-02 -1.510274E-02 -1.878364E-06
3.981006E-02 -1.374014E-02 -7.204201E-05
3.988701E-02 -1.288716E-02 -2.981206E-04
3.935590E-02 -1.219364E-02 -2.275118E-04
3.992092E-02 -1.308400E-02 -2.722836E-05
3.940700E-02 -1.241853E-02 3.337306E-05
3.887398E-02 -1.151820E-02 -1.797337E-04
3.844634E-02 -1.085522E-02 -1.345950E-04
3.894517E-02 -1.175861E-02 9.534196E-05
3.853378E-02 -1.110515E-02 1.593607E-04
3.803629E-02 -1.020164E-02 -8.707416E-05
3.762668E-02 -9.558030E-03 -3.847634E-05
3.813597E-02 -1.045776E-02 2.262911E-04
3.773490E-02 -9.817410E-03 2.943115E-04
3.721261E-02 -8.926607E-03 8.678736E-06
3.679420E-02 -8.309871E-03 5.222917E-05
3.732560E-02 -9.186229E-03 3.604262E-04
3.690819E-02 -8.566842E-03 4.217286E-04
3.637335E-02 -7.709983E-03 9.061337E-05
3.595246E-02 -7.128560E-03 1.228067E-04
3.648479E-02 -7.961804E-03 4.759213E-04
3.605831E-02 -7.373263E-03 5.214278E-04
3.553399E-02 -6.566606E-03 1.482221E-04
3.512023E-02 -6.024532E-03 1.666092E-04
3.563181E-02 -6.802779E-03 5.573323E-04
3.520820E-02 -6.251268E-03 5.832508E-04
3.471317E-02 -5.502218E-03 1.779530E-04
3.431454E-02 -4.999113E-03 1.823768E-04
3.479010E-02 -5.719020E-03 5.991758E-04
3.437975E-02 -5.205794E-03 6.053234E-04
3.392581E-02 -4.514352E-03 1.800592E-04
3.354824E-02 -4.046884E-03 1.711686E-04
3.397905E-02 -4.710938E-03 6.019993E-04
3.358962E-02 -4.233538E-03 5.894943E-04
3.318301E-02 -3.595599E-03 1.558199E-04
3.283127E-02 -3.159451E-03 1.340521E-04
3.321293E-02 -3.772567E-03 5.680162E-04
3.285036E-02 -3.327036E-03 5.376554E-04
3.249427E-02 -2.737571E-03 1.058291E-04
3.217342E-02 -2.329366E-03 7.106006E-05
3.250339E-02 -2.896136E-03 4.983872E-04
3.217366E-02 -2.479361E-03 4.501046E-04
3.187037E-02 -1.934618E-03 2.964125E-05
3.158701E-02 -1.553550E-03 -1.848525E-05
3.186305E-02 -2.076620E-03 3.926814E-04
3.157374E-02 -1.688327E-03 3.260614E-04
3.132554E-02 -1.186885E-03 -7.325630E-05
3.108837E-02 -8.358625E-04 -1.344025E-04
3.130821E-02 -1.315457E-03 2.503696E-04
3.106915E-02 -9.595684E-04 1.660377E-04
3.087805E-02 -5.022306E-04 -2.013569E-04
3.069715E-02 -1.881803E-04 -2.731732E-04
3.085939E-02 -6.227681E-04 7.393395E-05
3.068167E-02 -3.076183E-04 -2.452402E-05
3.054805E-02 1.037830E-04 -3.484822E-04
3.043268E-02 3.710018E-04 -4.254558E-04
3.053842E-02 -1.696157E-05 -1.272978E-04
3.043143E-02 2.463134E-04 -2.317095E-04
3.035234E-02 6.109097E-04 -5.018147E-04
3.030741E-02 8.212924E-04 -5.749803E-04
3.036166E-02 4.795684E-04 -3.345136E-04
3.032887E-02 6.807352E-04 -4.320942E-04
3.029721E-02 1.000546E-03 -6.422371E-04
3.031989E-02 1.147901E-03 -7.009573E-04
3.033160E-02 8.485996E-04 -5.207369E-04
3.036707E-02 9.830097E-04 -5.969669E-04
3.037249E-02 1.263577E-03 -7.488465E-04
3.045104E-02 1.348822E-03 -7.841647E-04
3.043137E-02 1.084962E-03 -6.578887E-04
3.051970E-02 1.156552E-03 -7.014625E-04
3.055083E-02 1.405854E-03 -8.058810E-04
3.066669E-02 1.437710E-03 -8.137337E-04
3.062674E-02 1.200799E-03 -7.266666E-04
3.074699E-02 1.221393E-03 -7.335162E-04
3.079331E-02 1.448022E-03 -8.081862E-04
3.092544E-02 1.440770E-03 -7.902894E-04
3.087511E-02 1.222402E-03 -7.229476E-04
3.100610E-02 1.207995E-03 -6.965968E-04
3.105812E-02 1.420026E-03 -7.614669E-04
3.118665E-02 1.389716E-03 -7.232343E-04
3.113546E-02 1.182210E-03 -6.565176E-04
3.125910E-02 1.148792E-03 -6.049036E-04
3.130645E-02 1.353501E-03 -6.769098E-04
3.141322E-02 1.315152E-03 -6.237187E-04
3.137327E-02 1.111189E-03 -5.439661E-04
3.147516E-02 1.072863E-03 -4.763969E-04
3.150846E-02 1.280254E-03 -5.669171E-04
3.163879E-02 1.259557E-03 -5.199839E-04
3.156913E-02 1.038042E-03 -4.072448E-04
3.170375E-02 1.012389E-03 -3.471695E-04
3.211033E-02 1.269712E-03 -5.234819E-04
3.455413E-02 1.318634E-03 -6.441538E-04
3.217074E-02 1.000127E-03 -3.095588E-04
3.455152E-02 9.822528E-04 -2.797975E-04
4.715963E-02 1.318167E-03 -8.041132E-04
1.084841E-01 1.906636E-03 -1.494984E-04
4.697309E-02 9.203396E-04 -1.878567E-04
1.083130E-01 8.296423E-04 1.233481E-04
3.327245E-02 -1.443485E-02 -7.162882E-06
-2.558264E-02 -1.507690E-02 -1.698055E-05
3.985086E-02 -1.380671E-02 -1.899720E-05
3.328547E-02 -1.445560E-02 -2.591135E-05
-2.558100E-02 -1.507820E-02 -1.269588E-05
3.988083E-02 -1.384370E-02 -3.700833E-05
3.997089E-02 -1.317626E-02 3.441637E-06
3.947545E-02 -1.253883E-02 5.350451E-05
4.002247E-02 -1.323724E-02 -1.798642E-05
3.955316E-02 -1.262841E-02 3.115417E-05
3.903462E-02 -1.189949E-02 1.222783E-04
3.864317E-02 -1.126072E-02 2.026596E-04
3.913875E-02 -1.201463E-02 1.067726E-04
3.877200E-02 -1.139589E-02 2.025526E-04
3.826190E-02 -1.062317E-02 2.900965E-04
3.787288E-02 -9.988095E-03 3.802925E-04
3.841199E-02 -1.077255E-02 3.113868E-04
3.803920E-02 -1.014566E-02 4.263415E-04
3.747067E-02 -9.357758E-03 4.687756E-04
3.705527E-02 -8.735110E-03 5.514126E-04
3.764718E-02 -9.517507E-03 5.408081E-04
3.723557E-02 -8.891453E-03 6.488513E-04
3.662911E-02 -8.123296E-03 6.248673E-04
3.619570E-02 -7.525218E-03 6.867911E-04
3.680700E-02 -8.271415E-03 7.456397E-04
3.636567E-02 -7.661313E-03 8.277048E-04
3.575891E-02 -6.943227E-03 7.357967E-04
3.532250E-02 -6.378956E-03 7.712998E-04
3.591646E-02 -7.064585E-03 8.929541E-04
3.546426E-02 -6.483869E-03 9.404817E-04
3.488993E-02 -5.833289E-03 7.932971E-04
3.446417E-02 -5.306421E-03 8.021350E-04
3.501362E-02 -5.920877E-03 9.702624E-04
3.456846E-02 -5.376416E-03 9.828087E-04
3.404770E-02 -4.797998E-03 7.983021E-04
3.364264E-02 -4.307287E-03 7.822695E-04
3.413210E-02 -4.850534E-03 9.788605E-04
3.370729E-02 -4.342741E-03 9.591417E-04
3.325084E-02 -3.833368E-03 7.543850E-04
3.287401E-02 -3.375326E-03 7.148248E-04
3.329640E-02 -3.852254E-03 9.242037E-04
3.290160E-02 -3.378245E-03 8.743541E-04
3.251396E-02 -2.932426E-03 6.635964E-04
3.217262E-02 -2.504281E-03 6.005891E-04
3.252511E-02 -2.920080E-03 8.096624E-04
3.216930E-02 -2.477528E-03 7.300344E-04
3.185223E-02 -2.090982E-03 5.256665E-04
3.155536E-02 -1.693210E-03 4.387949E-04
3.183688E-02 -2.050931E-03 6.353432E-04
3.153092E-02 -1.641338E-03 5.256123E-04
3.128487E-02 -1.312302E-03 3.402022E-04
3.104387E-02 -9.502570E-04 2.305549E-04
3.125483E-02 -1.250583E-03 4.012383E-04
3.101222E-02 -8.812737E-04 2.632363E-04
3.083550E-02 -6.096838E-04 1.111362E-04
3.066273E-02 -2.936453E-04 -1.600388E-05
3.080668E-02 -5.366863E-04 1.134807E-04
3.064138E-02 -2.205333E-04 -4.510640E-05
3.052800E-02 -5.413970E-06 -1.479637E-04
3.043284E-02 2.518583E-04 -2.810056E-04
3.051867E-02 6.340073E-05 -2.084745E-04
3.043958E-02 3.117232E-04 -3.715310E-04
3.037759E-02 4.755262E-04 -4.107110E-04
3.036113E-02 6.638338E-04 -5.322875E-04
3.040352E-02 5.219378E-04 -5.284322E-04
3.040799E-02 6.928889E-04 -6.730726E-04
3.038083E-02 8.162138E-04 -6.409873E-04
3.043263E-02 9.334433E-04 -7.325764E-04
3.044876E-02 8.250386E-04 -7.996954E-04
3.052013E-02 9.205014E-04 -9.035078E-04
3.051140E-02 1.017616E-03 -8.037636E-04
3.061136E-02 1.071944E-03 -8.524992E-04
3.061552E-02 9.828276E-04 -9.811657E-04
3.072808E-02 1.016592E-03 -1.031026E-03
3.072653E-02 1.100430E-03 -8.780895E-04
3.085116E-02 1.107502E-03 -8.811224E-04
3.085129E-02 1.026893E-03 -1.053135E-03
3.097935E-02 1.018878E-03 -1.048993E-03
3.098003E-02 1.097656E-03 -8.632375E-04
3.110860E-02 1.075183E-03 -8.268072E-04
3.110742E-02 9.973645E-04 -1.021176E-03
3.123165E-02 9.666060E-04 -9.729128E-04
3.123302E-02 1.043975E-03 -7.746007E-04
3.135007E-02 1.007452E-03 -7.095208E-04
3.134910E-02 9.301915E-04 -9.077125E-04
3.145751E-02 8.910709E-04 -8.291069E-04
3.145700E-02 9.686121E-04 -6.345524E-04
3.155215E-02 9.302686E-04 -5.531080E-04
3.155505E-02 8.517020E-04 -7.405703E-04
3.164055E-02 8.143014E-04 -6.455333E-04
3.164022E-02 8.954238E-04 -4.696280E-04
3.176626E-02 8.670104E-04 -3.885923E-04
3.171817E-02 7.809628E-04 -5.470083E-04
3.183166E-02 7.529013E-04 -4.461443E-04
3.221294E-02 8.440936E-04 -3.083809E-04
3.455239E-02 8.184444E-04 -2.166078E-04
3.226319E-02 7.293776E-04 -3.411131E-04
3.458610E-02 7.101578E-04 -2.291859E-04
4.691666E-02 7.919200E-04 -9.732913E-05
1.083337E-01 7.179368E-04 3.626079E-05
4.694591E-02 7.003133E-04 -1.115836E-04
1.083984E-01 6.734905E-04 -4.282047E-06
3.328046E-02 -1.444403E-02 -5.458633E-05
-2.559895E-02 -1.503968E-02 -4.720423E-06
3.990092E-02 -1.386188E-02 -7.678665E-05
3.326374E-02 -1.440798E-02 -8.532750E-05
-2.563089E-02 -1.496760E-02 1.233175E-07
3.991155E-02 -1.386365E-02 -1.274468E-04
4.007102E-02 -1.328642E-02 -6.229973E-05
3.963347E-02 -1.271024E-02 -1.170875E-05
4.011361E-02 -1.332679E-02 -1.230887E-04
3.971154E-02 -1.278949E-02 -7.386027E-05
3.925164E-02 -1.212755E-02 7.205366E-05
3.891565E-02 -1.153504E-02 1.834753E-04
3.936708E-02 -1.224417E-02 1.692916E-05
3.906780E-02 -1.168472E-02 1.436671E-04
3.858262E-02 -1.093132E-02 3.147852E-04
3.823126E-02 -1.031664E-02 4.571102E-04
3.876824E-02 -1.110724E-02 2.981743E-04
3.844474E-02 -1.051026E-02 4.702069E-04
3.785368E-02 -9.693021E-03 6.014964E-04
3.744872E-02 -9.064126E-03 7.396887E-04
3.808738E-02 -9.894924E-03 6.485426E-04
3.769355E-02 -9.264887E-03 8.222091E-04
3.701901E-02 -8.434768E-03 8.647939E-04
3.656941E-02 -7.810160E-03 9.717219E-04
3.726539E-02 -8.625811E-03 9.816075E-04
3.680822E-02 -7.984433E-03 1.119343E-03
3.610597E-02 -7.195190E-03 1.057304E-03
3.563500E-02 -6.593881E-03 1.120096E-03
3.632935E-02 -7.347513E-03 1.230599E-03
3.583679E-02 -6.720938E-03 1.313013E-03
3.516247E-02 -6.009092E-03 1.159971E-03
3.469359E-02 -5.442479E-03 1.177630E-03
3.533835E-02 -6.109164E-03 1.366177E-03
3.484097E-02 -5.515044E-03 1.390955E-03
3.423277E-02 -4.894651E-03 1.174137E-03
3.378361E-02 -4.365443E-03 1.150560E-03
3.435051E-02 -4.939973E-03 1.388809E-03
3.387177E-02 -4.384244E-03 1.361263E-03
3.334920E-02 -3.854247E-03 1.107737E-03
3.293231E-02 -3.360349E-03 1.046168E-03
3.340879E-02 -3.847491E-03 1.309553E-03
3.296516E-02 -3.329148E-03 1.234462E-03
3.253572E-02 -2.883245E-03 9.660296E-04
3.216239E-02 -2.422908E-03 8.672716E-04
3.254440E-02 -2.828875E-03 1.136331E-03
3.215022E-02 -2.346927E-03 1.015202E-03
3.181563E-02 -1.980024E-03 7.498087E-04
3.149921E-02 -1.556147E-03 6.137753E-04
3.178679E-02 -1.884449E-03 8.710789E-04
3.145877E-02 -1.443687E-03 7.042900E-04
3.121723E-02 -1.153786E-03 4.598385E-04
3.097399E-02 -7.763693E-04 2.895371E-04
3.117118E-02 -1.028074E-03 5.159305E-04
3.092915E-02 -6.421371E-04 3.083311E-04
3.077355E-02 -4.280536E-04 1.056008E-04
3.061927E-02 -1.133595E-04 -8.782428E-05
3.073728E-02 -2.911734E-04 8.547657E-05
3.059898E-02 1.933066E-05 -1.467502E-04
3.051319E-02 1.633692E-04 -2.851353E-04
3.045547E-02 3.986190E-04 -4.794959E-04
3.051558E-02 2.845099E-04 -3.806365E-04
3.048572E-02 5.010238E-04 -6.071227E-04
3.044400E-02 5.903499E-04 -6.633565E-04
3.047437E-02 7.384730E-04 -8.292141E-04
3.050502E-02 6.678362E-04 -8.166922E-04
3.056635E-02 7.866331E-04 -1.000508E-03
3.054017E-02 8.450188E-04 -9.704623E-04
3.063372E-02 9.139406E-04 -1.082132E-03
3.066061E-02 8.617250E-04 -1.151518E-03
3.077785E-02 8.994533E-04 -1.265225E-03
3.074687E-02 9.506064E-04 -1.161351E-03
3.087182E-02 9.611230E-04 -1.207434E-03
3.090844E-02 9.072862E-04 -1.339963E-03
3.104401E-02 8.928646E-04 -1.376665E-03
3.100176E-02 9.516645E-04 -1.221642E-03
3.113120E-02 9.279394E-04 -1.206721E-03
3.117796E-02 8.632241E-04 -1.378278E-03
3.130560E-02 8.243091E-04 -1.349049E-03
3.125604E-02 8.948601E-04 -1.166360E-03
3.137340E-02 8.564129E-04 -1.104685E-03
3.142394E-02 7.807854E-04 -1.293838E-03
3.153136E-02 7.360848E-04 -1.217583E-03
3.148142E-02 8.156926E-04 -1.025871E-03
3.157881E-02 7.750548E-04 -9.338920E-04
3.162715E-02 6.926004E-04 -1.124940E-03
3.171104E-02 6.519528E-04 -1.020067E-03
3.166453E-02 7.363457E-04 -8.323762E-04
3.173778E-02 7.010970E-04 -7.243983E-04
3.178274E-02 6.152426E-04 -9.064717E-04
3.184209E-02 5.831847E-04 -7.868469E-04
3.180298E-02 6.704459E-04 -6.120517E-04
3.190439E-02 6.448132E-04 -4.961422E-04
3.189418E-02 5.560945E-04 -6.629825E-04
3.198404E-02 5.339618E-04 -5.359409E-04
3.232517E-02 6.242574E-04 -3.767239E-04
3.464119E-02 6.096578E-04 -2.544119E-04
3.239563E-02 5.167745E-04 -4.064851E-04
3.470640E-02 5.046931E-04 -2.756089E-04
4.700409E-02 6.026587E-04 -1.317419E-04
1.084733E-01 5.931004E-04 -1.265641E-05
4.707055E-02 4.976242E-04 -1.449143E-04
1.085540E-01 4.921185E-04 -1.372110E-05
3.323421E-02 -1.434792E-02 -1.186229E-04
-2.567649E-02 -1.486447E-02 2.776766E-06
3.991075E-02 -1.384785E-02 -1.862357E-04
3.318968E-02 -1.426188E-02 -1.539686E-04
-2.573632E-02 -1.472913E-02 4.672231E-06
3.989564E-02 -1.381172E-02 -2.508560E-04
4.014650E-02 -1.335629E-02 -1.975431E-04
3.978212E-02 -1.286449E-02 -1.544085E-04
4.016540E-02 -1.337105E-02 -2.826371E-04
3.983921E-02 -1.293065E-02 -2.509121E-04
3.947833E-02 -1.236333E-02 -6.011740E-05
3.922075E-02 -1.184433E-02 7.976501E-05
3.957764E-02 -1.248025E-02 -1.583280E-04
3.936528E-02 -1.200934E-02 -9.704349E-06
3.896123E-02 -1.130079E-02 2.568550E-04
3.867313E-02 -1.072865E-02 4.599612E-04
3.915176E-02 -1.150832E-02 1.870899E-04
3.890718E-02 -1.096991E-02 4.206634E-04
3.834356E-02 -1.012725E-02 6.758430E-04
3.796751E-02 -9.499510E-03 8.905832E-04
3.861481E-02 -1.039048E-02 6.763508E-04
3.826586E-02 -9.771001E-03 9.373943E-04
3.754569E-02 -8.851588E-03 1.091210E-03
3.708336E-02 -8.191807E-03 1.267134E-03
3.785817E-02 -9.117232E-03 1.186894E-03
3.739571E-02 -8.438747E-03 1.409989E-03
3.658892E-02 -7.529213E-03 1.411029E-03
3.607238E-02 -6.872166E-03 1.518961E-03
3.688741E-02 -7.747149E-03 1.595576E-03
3.634535E-02 -7.053975E-03 1.737049E-03
3.554387E-02 -6.227344E-03 1.589868E-03
3.501265E-02 -5.599310E-03 1.624658E-03
3.578259E-02 -6.368989E-03 1.831965E-03
3.521154E-02 -5.699262E-03 1.880968E-03
3.448659E-02 -4.990611E-03 1.625246E-03
3.397216E-02 -4.402209E-03 1.593752E-03
3.464290E-02 -5.049076E-03 1.886430E-03
3.408550E-02 -4.420427E-03 1.851247E-03
3.347472E-02 -3.834089E-03 1.531966E-03
3.299896E-02 -3.285890E-03 1.441085E-03
3.354657E-02 -3.813833E-03 1.777986E-03
3.303229E-02 -3.229219E-03 1.668460E-03
3.254938E-02 -2.757488E-03 1.321708E-03
3.213075E-02 -2.249513E-03 1.174037E-03
3.254855E-02 -2.666754E-03 1.523662E-03
3.210143E-02 -2.127576E-03 1.344056E-03
3.174830E-02 -1.763739E-03 9.982341E-04
3.140791E-02 -1.303365E-03 7.949544E-04
3.169768E-02 -1.614325E-03 1.130075E-03
3.134476E-02 -1.131530E-03 8.829027E-04
3.111580E-02 -8.730904E-04 5.659672E-04
3.087811E-02 -4.789161E-04 3.148129E-04
3.105047E-02 -6.856421E-04 6.053785E-04
3.082212E-02 -2.846448E-04 3.029146E-04
3.069998E-02 -1.275923E-04 4.733866E-05
3.058449E-02 1.743162E-04 -2.280891E-04
3.066521E-02 6.291186E-05 -1.584728E-05
3.058183E-02 3.494111E-04 -3.389826E-04
3.053159E-02 4.216372E-04 -5.009030E-04
3.053740E-02 6.118017E-04 -7.592844E-04
3.056933E-02 5.699417E-04 -6.521261E-04
3.061979E-02 7.238092E-04 -9.402276E-04
3.059417E-02 7.456833E-04 -9.916236E-04
3.069117E-02 8.277488E-04 -1.188123E-03
3.072069E-02 8.151953E-04 -1.189819E-03
3.085679E-02 8.526445E-04 -1.391063E-03
3.081608E-02 8.654335E-04 -1.342072E-03
3.095675E-02 8.679528E-04 -1.450435E-03
3.101246E-02 8.475518E-04 -1.538919E-03
3.117382E-02 8.122204E-04 -1.633135E-03
3.110253E-02 8.449427E-04 -1.513676E-03
3.124514E-02 8.053070E-04 -1.535024E-03
3.133015E-02 7.581294E-04 -1.677306E-03
3.147427E-02 6.948082E-04 -1.677492E-03
3.137889E-02 7.564842E-04 -1.519478E-03
3.150046E-02 7.041614E-04 -1.472867E-03
3.160222E-02 6.293903E-04 -1.640865E-03
3.171260E-02 5.666911E-04 -1.574669E-03
3.160836E-02 6.523324E-04 -1.401111E-03
3.170240E-02 6.035637E-04 -1.309731E-03
3.180573E-02 5.095868E-04 -1.485568E-03
3.188293E-02 4.594977E-04 -1.379319E-03
3.178312E-02 5.593423E-04 -1.203589E-03
3.185121E-02 5.204140E-04 -1.086754E-03
3.194590E-02 4.168498E-04 -1.260663E-03
3.199630E-02 3.814425E-04 -1.133343E-03
3.190719E-02 4.870362E-04 -9.624438E-04
3.195160E-02 4.591202E-04 -8.330271E-04
3.203533E-02 3.527007E-04 -1.000173E-03
3.206417E-02 3.298371E-04 -8.631661E-04
3.199020E-02 4.363287E-04 -7.001261E-04
3.206856E-02 4.182177E-04 -5.648200E-04
3.208904E-02 3.119767E-04 -7.236957E-04
3.215586E-02 2.982553E-04 -5.826600E-04
3.247120E-02 4.043581E-04 -4.278889E-04
3.477643E-02 3.943143E-04 -2.901348E-04
3.254954E-02 2.878642E-04 -4.406735E-04
3.484898E-02 2.800471E-04 -2.983744E-04
4.714052E-02 3.875139E-04 -1.527477E-04
1.086392E-01 3.826047E-04 -1.413832E-05
4.721268E-02 2.740992E-04 -1.568757E-04
1.087275E-01 2.692047E-04 -1.452377E-05
3.312866E-02 -1.414821E-02 -1.896766E-04
-2.581056E-02 -1.456087E-02 6.392263E-06
3.986365E-02 -1.375244E-02 -3.180388E-04
3.305072E-02 -1.400669E-02 -2.235403E-04
-2.589857E-02 -1.436091E-02 8.019722E-06
3.981316E-02 -1.366811E-02 -3.837011E-04
4.016620E-02 -1.336679E-02 -3.741614E-04
3.987670E-02 -1.298228E-02 -3.591566E-04
4.014565E-02 -1.333977E-02 -4.667060E-04
3.988921E-02 -1.301363E-02 -4.731602E-04
3.965669E-02 -1.258816E-02 -2.745860E-04
3.949089E-02 -1.217243E-02 -1.237734E-04
3.970738E-02 -1.267930E-02 -4.033704E-04
3.958644E-02 -1.232426E-02 -2.586618E-04
3.932773E-02 -1.172290E-02 8.697354E-05
3.913451E-02 -1.122863E-02 3.473272E-04
3.947522E-02 -1.193445E-02 -4.276757E-05
3.933953E-02 -1.149550E-02 2.366552E-04
3.889016E-02 -1.068189E-02 6.424426E-04
3.858064E-02 -1.008005E-02 9.535037E-04
3.915433E-02 -1.099479E-02 5.666165E-04
3.889929E-02 -1.042417E-02 9.281344E-04
3.819877E-02 -9.426770E-03 1.259566E-03
3.774510E-02 -8.731760E-03 1.540381E-03
3.855964E-02 -9.782569E-03 1.297123E-03
3.812914E-02 -9.077433E-03 1.647242E-03
3.722767E-02 -8.008990E-03 1.779309E-03
3.666023E-02 -7.273857E-03 1.965264E-03
3.761204E-02 -8.323861E-03 1.954133E-03
3.702239E-02 -7.541433E-03 2.199427E-03
3.605937E-02 -6.540391E-03 2.093083E-03
3.544177E-02 -5.819399E-03 2.162453E-03
3.638063E-02 -6.749944E-03 2.372830E-03
3.570915E-02 -5.965821E-03 2.471669E-03
3.482224E-02 -5.117874E-03 2.176088E-03
3.421302E-02 -4.439454E-03 2.137883E-03
3.502875E-02 -5.200383E-03 2.498596E-03
3.435674E-02 -4.459976E-03 2.458751E-03
3.362401E-02 -3.785504E-03 2.051523E-03
3.306352E-02 -3.156370E-03 1.919736E-03
3.370695E-02 -3.747341E-03 2.357443E-03
3.309071E-02 -3.063461E-03 2.198784E-03
3.253925E-02 -2.552609E-03 1.744117E-03
3.205916E-02 -1.976062E-03 1.525553E-03
3.251826E-02 -2.409411E-03 1.985288E-03
3.200010E-02 -1.788036E-03 1.718505E-03
3.163199E-02 -1.430584E-03 1.264911E-03
3.126736E-02 -9.225898E-04 9.642363E-04
3.154778E-02 -1.204927E-03 1.400000E-03
3.117388E-02 -6.692485E-04 1.033235E-03
3.097510E-02 -4.609963E-04 6.280877E-04
3.076384E-02 -5.643571E-05 2.648198E-04
3.089080E-02 -1.934214E-04 6.255896E-04
3.070839E-02 2.084191E-04 1.901293E-04
3.063889E-02 2.804225E-04 -1.126915E-04
3.060002E-02 5.412845E-04 -4.874555E-04
3.063056E-02 5.233920E-04 -2.538198E-04
3.065226E-02 7.436819E-04 -6.822057E-04
3.063998E-02 7.227322E-04 -8.402463E-04
3.074467E-02 8.278293E-04 -1.152662E-03
3.075848E-02 8.697668E-04 -1.070070E-03
3.092617E-02 9.114181E-04 -1.396489E-03
3.089520E-02 8.660384E-04 -1.410360E-03
3.107129E-02 8.514073E-04 -1.605236E-03
3.112879E-02 8.857970E-04 -1.648547E-03
3.134151E-02 8.135430E-04 -1.822709E-03
3.125455E-02 7.997995E-04 -1.735844E-03
3.143070E-02 7.262491E-04 -1.806225E-03
3.154491E-02 7.146638E-04 -1.923474E-03
3.172640E-02 6.056857E-04 -1.960482E-03
3.159036E-02 6.431932E-04 -1.823928E-03
3.172866E-02 5.597650E-04 -1.798024E-03
3.187977E-02 4.985062E-04 -1.945515E-03
3.200362E-02 4.005719E-04 -1.890261E-03
3.184418E-02 4.819078E-04 -1.737600E-03
3.193785E-02 4.129352E-04 -1.650861E-03
3.209962E-02 3.157429E-04 -1.805036E-03
3.217113E-02 2.453272E-04 -1.698307E-03
3.201186E-02 3.542282E-04 -1.544730E-03
3.206900E-02 3.058786E-04 -1.424773E-03
3.222212E-02 1.889962E-04 -1.576671E-03
3.225655E-02 1.454814E-04 -1.445084E-03
3.211201E-02 2.671971E-04 -1.295298E-03
3.214329E-02 2.370700E-04 -1.159519E-03
3.227797E-02 1.130495E-04 -1.307147E-03
3.228929E-02 8.980129E-05 -1.165398E-03
3.216463E-02 2.141898E-04 -1.019744E-03
3.217759E-02 1.972024E-04 -8.775662E-04
3.229263E-02 7.384838E-05 -1.021565E-03
3.228977E-02 6.341409E-05 -8.767714E-04
3.218870E-02 1.848035E-04 -7.340277E-04
3.224411E-02 1.757941E-04 -5.897753E-04
3.228737E-02 5.688691E-05 -7.317015E-04
3.233169E-02 5.284340E-05 -5.867415E-04
3.262893E-02 1.691031E-04 -4.452391E-04
3.492261E-02 1.637976E-04 -3.009427E-04
3.270794E-02 5.005514E-05 -4.421473E-04
3.499607E-02 4.749212E-05 -2.983431E-04
4.728595E-02 1.591002E-04 -1.579750E-04
1.088171E-01 1.543156E-04 -1.470318E-05
4.735912E-02 4.432612E-05 -1.563707E-04
1.089065E-01 3.991768E-05 -1.461578E-05
3.295658E-02 -1.383883E-02 -2.532473E-04
-2.599884E-02 -1.413259E-02 9.440846E-06
3.974379E-02 -1.355839E-02 -4.433703E-04
3.284812E-02 -1.364812E-02 -2.766302E-04
-2.610896E-02 -1.388136E-02 1.041202E-05
3.965651E-02 -1.342475E-02 -4.925972E-04
4.010192E-02 -1.328751E-02 -5.540216E-04
3.987279E-02 -1.301975E-02 -5.854458E-04
4.003479E-02 -1.320932E-02 -6.295256E-04
3.982547E-02 -1.299735E-02 -6.875792E-04
3.972287E-02 -1.274601E-02 -5.368462E-04
3.964144E-02 -1.245441E-02 -4.074845E-04
3.969851E-02 -1.278178E-02 -6.653165E-04
3.964746E-02 -1.255265E-02 -5.603796E-04
3.957971E-02 -1.213037E-02 -1.979050E-04
3.950417E-02 -1.175718E-02 8.843572E-05
3.962788E-02 -1.229667E-02 -3.701601E-04
3.960977E-02 -1.199692E-02 -9.295191E-05
3.938757E-02 -1.131749E-02 4.429993E-04
3.920338E-02 -1.079606E-02 8.498583E-04
3.956665E-02 -1.163282E-02 2.696725E-04
3.946788E-02 -1.118172E-02 7.089592E-04
3.892699E-02 -1.018370E-02 1.284431E-03
3.854099E-02 -9.481439E-03 1.714912E-03
3.927858E-02 -1.062322E-02 1.204595E-03
3.896597E-02 -9.946119E-03 1.722618E-03
3.804090E-02 -8.702307E-03 2.107170E-03
3.743761E-02 -7.869227E-03 2.431610E-03
3.850973E-02 -9.155192E-03 2.218754E-03
3.791062E-02 -8.273075E-03 2.647685E-03
3.675467E-02 -7.009295E-03 2.668710E-03
3.602185E-02 -6.147344E-03 2.810638E-03
3.719177E-02 -7.334722E-03 2.974182E-03
3.639128E-02 -6.377075E-03 3.179830E-03
3.526859E-02 -5.301716E-03 2.858897E-03
3.451995E-02 -4.483319E-03 2.820065E-03
3.555101E-02 -5.429941E-03 3.262315E-03
3.470801E-02 -4.512141E-03 3.229443E-03
3.379570E-02 -3.697229E-03 2.701802E-03
3.311160E-02 -2.945406E-03 2.510345E-03
3.389138E-02 -3.632849E-03 3.092268E-03
3.312360E-02 -2.795623E-03 2.860330E-03
3.248148E-02 -2.229640E-03 2.249615E-03
3.191949E-02 -1.554271E-03 1.922205E-03
3.242378E-02 -2.003242E-03 2.539737E-03
3.181136E-02 -1.262430E-03 2.134730E-03
3.144110E-02 -9.274361E-04 1.530808E-03
3.106303E-02 -3.624120E-04 1.081282E-03
3.130762E-02 -5.851686E-04 1.649888E-03
3.093508E-02 8.923922E-06 1.095268E-03
3.080092E-02 1.233305E-04 5.857608E-04
3.066508E-02 5.112002E-04 6.498556E-05
3.071307E-02 4.950828E-04 4.912762E-04
3.065011E-02 8.495978E-04 -1.286567E-04
3.065530E-02 7.867407E-04 -4.519289E-04
3.075732E-02 9.453872E-04 -9.315760E-04
3.073623E-02 1.058997E-03 -7.209112E-04
3.094059E-02 1.127801E-03 -1.241078E-03
3.094375E-02 9.957861E-04 -1.343415E-03
3.117980E-02 9.584843E-04 -1.666813E-03
3.121775E-02 1.079572E-03 -1.655991E-03
3.152002E-02 9.500420E-04 -1.951480E-03
3.143133E-02 8.605582E-04 -1.894485E-03
3.167129E-02 7.291189E-04 -2.031216E-03
3.180868E-02 7.767206E-04 -2.132031E-03
3.205931E-02 5.907191E-04 -2.214428E-03
3.188239E-02 5.865718E-04 -2.089595E-03
3.205651E-02 4.486894E-04 -2.085335E-03
3.226108E-02 4.133720E-04 -2.220193E-03
3.241293E-02 2.567504E-04 -2.170101E-03
3.219231E-02 3.249062E-04 -2.033830E-03
3.229261E-02 2.197028E-04 -1.948326E-03
3.251946E-02 1.259585E-04 -2.081492E-03
3.258773E-02 2.162048E-05 -1.967604E-03
3.236229E-02 1.341852E-04 -1.839337E-03
3.240687E-02 6.741547E-05 -1.714763E-03
3.262534E-02 -5.815293E-05 -1.837967E-03
3.263940E-02 -1.164434E-04 -1.699154E-03
3.243172E-02 1.736792E-05 -1.580312E-03
3.244160E-02 -1.845121E-05 -1.439978E-03
3.263606E-02 -1.567305E-04 -1.555544E-03
3.262046E-02 -1.824586E-04 -1.409955E-03
3.244051E-02 -4.263608E-05 -1.296473E-03
3.243160E-02 -5.768021E-05 -1.151574E-03
3.259668E-02 -1.968259E-04 -1.264128E-03
3.256785E-02 -2.026991E-04 -1.119076E-03
3.241710E-02 -6.587622E-05 -1.006399E-03
3.239883E-02 -6.927289E-05 -8.616009E-04
3.253609E-02 -2.025942E-04 -9.753289E-04
3.250312E-02 -1.986874E-04 -8.331080E-04
3.238344E-02 -6.966368E-05 -7.175175E-04
3.241719E-02 -6.859071E-05 -5.742916E-04
3.247549E-02 -1.928389E-04 -6.924425E-04
3.249935E-02 -1.866178E-04 -5.532657E-04
3.278532E-02 -6.735358E-05 -4.320203E-04
3.506820E-02 -6.701723E-05 -2.910295E-04
3.285993E-02 -1.813239E-04 -4.155402E-04
3.513793E-02 -1.780031E-04 -2.795065E-04
4.743109E-02 -6.841399E-05 -1.522853E-04
1.089943E-01 -7.216796E-05 -1.427110E-05
4.750076E-02 -1.774579E-04 -1.460547E-04
1.090792E-01 -1.802810E-04 -1.372511E-05
3.272830E-02 -1.343998E-02 -2.918784E-04
-2.622575E-02 -1.361463E-02 1.042193E-05
3.955356E-02 -1.327071E-02 -5.273239E-04
3.260099E-02 -1.322184E-02 -2.978642E-04
-2.634528E-02 -1.334184E-02 8.202051E-06
3.943821E-02 -1.310196E-02 -5.443004E-04
3.994561E-02 -1.310663E-02 -6.868500E-04
3.974730E-02 -1.294530E-02 -7.709111E-04
3.983701E-02 -1.298321E-02 -7.204587E-04
3.964005E-02 -1.286500E-02 -8.275195E-04
3.963231E-02 -1.278219E-02 -7.781181E-04
3.959931E-02 -1.261040E-02 -7.053619E-04
3.952483E-02 -1.274557E-02 -8.650099E-04
3.949575E-02 -1.262212E-02 -8.301148E-04
3.960992E-02 -1.242000E-02 -5.475317E-04
3.964019E-02 -1.219654E-02 -2.976111E-04
3.952151E-02 -1.249003E-02 -7.159797E-04
3.958545E-02 -1.233990E-02 -5.106417E-04
3.966789E-02 -1.191907E-02 5.134513E-05
3.966242E-02 -1.155934E-02 5.013724E-04
3.967193E-02 -1.215342E-02 -1.988020E-04
3.975539E-02 -1.190048E-02 2.333798E-04
3.958175E-02 -1.108464E-02 1.042461E-03
3.937679E-02 -1.046602E-02 1.645568E-03
3.979419E-02 -1.153923E-02 7.908777E-04
3.972888E-02 -1.102150E-02 1.459467E-03
3.900379E-02 -9.690528E-03 2.260477E-03
3.844160E-02 -8.771572E-03 2.823593E-03
3.948972E-02 -1.030672E-02 2.194853E-03
3.901870E-02 -9.382834E-03 2.920331E-03
3.770338E-02 -7.748761E-03 3.275133E-03
3.683328E-02 -6.674850E-03 3.576068E-03
3.829894E-02 -8.281507E-03 3.543533E-03
3.736907E-02 -7.071040E-03 3.988022E-03
3.589007E-02 -5.598174E-03 3.713943E-03
3.492967E-02 -4.551642E-03 3.696254E-03
3.630735E-02 -5.828333E-03 4.216904E-03
3.519953E-02 -4.611924E-03 4.231800E-03
3.399648E-02 -3.551987E-03 3.538781E-03
3.312373E-02 -2.605540E-03 3.256303E-03
3.411613E-02 -3.453280E-03 4.054462E-03
3.310869E-02 -2.363914E-03 3.708159E-03
3.233841E-02 -1.716505E-03 2.858454E-03
3.166821E-02 -8.957283E-04 2.352031E-03
3.221640E-02 -1.350196E-03 3.208589E-03
3.148054E-02 -4.307840E-04 2.566243E-03
3.114308E-02 -1.611751E-04 1.744979E-03
3.079379E-02 4.574567E-04 1.055071E-03
3.094454E-02 3.667271E-04 1.795661E-03
3.065060E-02 9.962124E-04 9.296018E-04
3.064283E-02 9.250630E-04 3.175982E-04
3.069094E-02 1.213765E-03 -4.129716E-04
3.062041E-02 1.409018E-03 3.099733E-05
3.083220E-02 1.579497E-03 -8.116732E-04
3.090732E-02 1.318156E-03 -1.072942E-03
3.123368E-02 1.262707E-03 -1.608676E-03
3.121465E-02 1.526750E-03 -1.511650E-03
3.167033E-02 1.312032E-03 -2.017441E-03
3.160226E-02 1.094561E-03 -1.993152E-03
3.195602E-02 8.668638E-04 -2.228971E-03
3.211221E-02 1.012632E-03 -2.325771E-03
3.248618E-02 6.944365E-04 -2.468314E-03
3.225932E-02 6.240889E-04 -2.338964E-03
3.249735E-02 3.958070E-04 -2.353479E-03
3.277152E-02 3.996806E-04 -2.489339E-03
3.296980E-02 1.486812E-04 -2.429834E-03
3.266987E-02 1.976091E-04 -2.301287E-03
3.278431E-02 3.507643E-05 -2.205514E-03
3.309326E-02 -5.298329E-05 -2.321238E-03
3.315719E-02 -2.077164E-04 -2.185192E-03
3.285100E-02 -9.218579E-05 -2.083020E-03
3.288042E-02 -1.875907E-04 -1.945334E-03
3.317610E-02 -3.213886E-04 -2.035595E-03
3.316230E-02 -4.008333E-04 -1.880916E-03
3.288190E-02 -2.557437E-04 -1.799977E-03
3.286330E-02 -3.014457E-04 -1.651664E-03
3.312565E-02 -4.526479E-04 -1.726056E-03
3.307387E-02 -4.827183E-04 -1.573665E-03
3.283096E-02 -3.292128E-04 -1.503216E-03
3.278989E-02 -3.430842E-04 -1.356220E-03
3.301289E-02 -4.961007E-04 -1.425014E-03
3.294723E-02 -4.970614E-04 -1.280553E-03
3.274396E-02 -3.465785E-04 -1.211475E-03
3.269601E-02 -3.427168E-04 -1.069291E-03
3.288029E-02 -4.891728E-04 -1.140259E-03
3.281450E-02 -4.754193E-04 -1.003859E-03
3.264795E-02 -3.340718E-04 -9.296848E-04
3.260127E-02 -3.228208E-04 -7.925123E-04
3.275138E-02 -4.582926E-04 -8.709590E-04
3.269215E-02 -4.398705E-04 -7.411315E-04
3.256231E-02 -3.107937E-04 -6.575491E-04
3.257708E-02 -2.995127E-04 -5.245615E-04
3.264292E-02 -4.218790E-04 -6.139641E-04
3.264949E-02 -4.057381E-04 -4.891024E-04
3.293075E-02 -2.902215E-04 -3.934061E-04
3.520429E-02 -2.839065E-04 -2.642486E-04
3.299692E-02 -3.925950E-04 -3.663273E-04
3.526645E-02 -3.833467E-04 -2.457458E-04
4.756714E-02 -2.813108E-04 -1.379051E-04
1.091601E-01 -2.829695E-04 -1.299377E-05
4.762937E-02 -3.786535E-04 -1.280993E-04
1.092358E-01 -3.789796E-04 -1.210106E-05
3.247083E-02 -1.300362E-02 -2.950718E-04
-2.646286E-02 -1.307525E-02 3.148816E-07
3.931440E-02 -1.292667E-02 -5.419856E-04
3.234299E-02 -1.279907E-02 -2.887709E-04
-2.657288E-02 -1.283272E-02 -2.284100E-05
3.918622E-02 -1.275671E-02 -5.235479E-04
3.971225E-02 -1.284541E-02 -7.267327E-04
3.950640E-02 -1.276054E-02 -8.517260E-04
3.957435E-02 -1.270301E-02 -7.071374E-04
3.934857E-02 -1.263906E-02 -8.438991E-04
3.937846E-02 -1.267331E-02 -9.184555E-04
3.933951E-02 -1.258644E-02 -9.251011E-04
3.919651E-02 -1.257036E-02 -9.386871E-04
3.913754E-02 -1.250800E-02 -9.893901E-04
3.936525E-02 -1.250228E-02 -8.627611E-04
3.944481E-02 -1.241735E-02 -7.147865E-04
3.915130E-02 -1.246139E-02 -9.820466E-04
3.922767E-02 -1.243028E-02 -8.961184E-04
3.956893E-02 -1.231749E-02 -4.599273E-04
3.972117E-02 -1.217519E-02 -7.564312E-05
3.936162E-02 -1.240383E-02 -7.094353E-04
3.954785E-02 -1.236092E-02 -3.971834E-04
3.987012E-02 -1.194710E-02 4.580863E-04
3.996010E-02 -1.157276E-02 1.149974E-03
3.977278E-02 -1.226603E-02 7.018119E-05
4.000113E-02 -1.206110E-02 7.242534E-04
3.990557E-02 -1.098124E-02 1.980137E-03
3.960364E-02 -1.011520E-02 2.879389E-03
4.015709E-02 -1.165812E-02 1.584407E-03
4.011035E-02 -1.094742E-02 2.624634E-03
3.897650E-02 -8.969313E-03 3.726607E-03
3.802437E-02 -7.611977E-03 4.386381E-03
3.969929E-02 -9.844239E-03 3.731016E-03
3.882087E-02 -8.365367E-03 4.702451E-03
3.683614E-02 -6.158069E-03 4.767417E-03
3.554238E-02 -4.712841E-03 4.848532E-03
3.752665E-02 -6.653507E-03 5.340920E-03
3.600171E-02 -4.894283E-03 5.555393E-03
3.426042E-02 -3.338133E-03 4.656552E-03
3.307510E-02 -2.055969E-03 4.228767E-03
3.444950E-02 -3.215556E-03 5.366180E-03
3.302054E-02 -1.662639E-03 4.833475E-03
3.204522E-02 -8.763081E-04 3.592579E-03
3.123648E-02 1.658594E-04 2.762343E-03
3.180664E-02 -2.521120E-04 4.011338E-03
3.092221E-02 9.433586E-04 2.911124E-03
3.071382E-02 1.026985E-03 1.767193E-03
3.053363E-02 1.633929E-03 6.709236E-04
3.046675E-02 1.853279E-03 1.598985E-03
3.050656E-02 2.361890E-03 2.073688E-04
3.070192E-02 1.924878E-03 -4.112957E-04
3.114148E-02 1.898055E-03 -1.341028E-03
3.098550E-02 2.413199E-03 -1.052047E-03
3.170764E-02 2.086100E-03 -1.988247E-03
3.171212E-02 1.628960E-03 -2.019417E-03
3.227577E-02 1.233043E-03 -2.427278E-03
3.244442E-02 1.556925E-03 -2.540246E-03
3.304943E-02 9.923486E-04 -2.771732E-03
3.274612E-02 8.122851E-04 -2.609333E-03
3.309319E-02 4.293203E-04 -2.632845E-03
3.347741E-02 4.897833E-04 -2.790246E-03
3.374320E-02 8.410015E-05 -2.688236E-03
3.332266E-02 1.107891E-04 -2.558174E-03
3.345504E-02 -1.389603E-04 -2.428877E-03
3.388197E-02 -2.245106E-04 -2.527204E-03
3.392886E-02 -4.494260E-04 -2.342918E-03
3.351332E-02 -3.261513E-04 -2.272836E-03
3.351776E-02 -4.606192E-04 -2.106586E-03
3.391230E-02 -6.068662E-04 -2.154444E-03
3.385347E-02 -7.116809E-04 -1.971143E-03
3.348452E-02 -5.524611E-04 -1.939336E-03
3.342594E-02 -6.107170E-04 -1.775860E-03
3.376756E-02 -7.761929E-04 -1.797055E-03
3.366537E-02 -8.102315E-04 -1.633425E-03
3.335124E-02 -6.430209E-04 -1.618342E-03
3.326726E-02 -6.556552E-04 -1.467501E-03
3.355456E-02 -8.215298E-04 -1.480085E-03
3.344062E-02 -8.161674E-04 -1.336207E-03
3.317907E-02 -6.537415E-04 -1.323262E-03
3.309044E-02 -6.414513E-04 -1.185143E-03
3.332749E-02 -7.989529E-04 -1.200701E-03
3.321807E-02 -7.737248E-04 -1.072421E-03
3.300414E-02 -6.221942E-04 -1.052483E-03
3.292207E-02 -5.987704E-04 -9.245718E-04
3.311440E-02 -7.435787E-04 -9.502753E-04
3.301787E-02 -7.110346E-04 -8.332773E-04
3.284536E-02 -5.734898E-04 -8.007244E-04
3.277489E-02 -5.482604E-04 -6.803194E-04
3.292917E-02 -6.781577E-04 -7.205661E-04
3.284884E-02 -6.466450E-04 -6.114144E-04
3.271651E-02 -5.246539E-04 -5.628216E-04
3.271581E-02 -5.039521E-04 -4.478027E-04
3.278246E-02 -6.178862E-04 -5.052261E-04
3.277543E-02 -5.930060E-04 -4.015418E-04
3.305772E-02 -4.871796E-04 -3.349980E-04
3.532370E-02 -4.751245E-04 -2.244711E-04
3.311255E-02 -5.728931E-04 -3.000781E-04
3.537543E-02 -5.582182E-04 -2.008682E-04
4.768674E-02 -4.683513E-04 -1.168866E-04
1.093055E-01 -4.672461E-04 -1.106931E-05
4.773862E-02 -5.494454E-04 -1.044989E-04
1.093686E-01 -5.468805E-04 -9.919387E-06
3.222295E-02 -1.262963E-02 -2.999319E-04
-2.666833E-02 -1.264583E-02 -8.840775E-05
3.905709E-02 -1.261072E-02 -5.074706E-04
3.211688E-02 -1.253261E-02 -4.024480E-04
-2.674001E-02 -1.258167E-02 -2.743616E-04
3.892887E-02 -1.252111E-02 -5.639580E-04
3.942446E-02 -1.257135E-02 -6.789599E-04
3.916645E-02 -1.251182E-02 -8.227746E-04
3.925784E-02 -1.247515E-02 -7.117844E-04
3.895655E-02 -1.239749E-02 -8.679206E-04
3.898361E-02 -1.244770E-02 -9.479772E-04
3.890250E-02 -1.240219E-02 -1.043688E-03
3.875107E-02 -1.233188E-02 -1.032190E-03
3.865464E-02 -1.230493E-02 -1.165681E-03
3.889672E-02 -1.238568E-02 -1.086614E-03
3.895118E-02 -1.239498E-02 -1.057234E-03
3.862213E-02 -1.231269E-02 -1.243259E-03
3.863537E-02 -1.234651E-02 -1.256177E-03
3.906418E-02 -1.242157E-02 -9.390019E-04
3.924138E-02 -1.245306E-02 -7.111601E-04
3.869766E-02 -1.240152E-02 -1.197255E-03
3.882321E-02 -1.247447E-02 -1.052730E-03
3.948827E-02 -1.246814E-02 -3.428752E-04
3.979903E-02 -1.242586E-02 2.102371E-04
3.903149E-02 -1.255880E-02 -7.971918E-04
3.934227E-02 -1.263667E-02 -3.875532E-04
4.013543E-02 -1.224823E-02 1.003471E-03
4.038998E-02 -1.180062E-02 2.080731E-03
3.976396E-02 -1.266280E-02 2.448000E-04
4.026122E-02 -1.253161E-02 1.197868E-03
4.034977E-02 -1.090019E-02 3.409017E-03
3.974290E-02 -9.415596E-03 4.784206E-03
4.067930E-02 -1.202587E-02 2.570064E-03
4.064194E-02 -1.081203E-02 4.323405E-03
3.844730E-02 -7.430840E-03 5.852723E-03
3.665595E-02 -5.238692E-03 6.339074E-03
3.965462E-02 -8.680458E-03 6.049265E-03
3.764767E-02 -5.920721E-03 7.095383E-03
3.472555E-02 -3.114232E-03 6.202084E-03
3.294718E-02 -1.161009E-03 5.534235E-03
3.518177E-02 -3.111550E-03 7.149771E-03
3.287397E-02 -5.289755E-04 6.314892E-03
3.147257E-02 5.914373E-04 4.461291E-03
3.052589E-02 1.975160E-03 2.953393E-03
3.099750E-02 1.773591E-03 4.925888E-03
3.005675E-02 3.368615E-03 2.761122E-03
3.025842E-02 2.874363E-03 1.183433E-03
3.070534E-02 3.120388E-03 -5.561139E-04
3.025186E-02 4.070149E-03 3.337726E-04
3.138979E-02 3.728484E-03 -1.694913E-03
3.162192E-02 2.748978E-03 -1.899653E-03
3.261439E-02 2.030238E-03 -2.674810E-03
3.277894E-02 2.731307E-03 -2.847398E-03
3.387298E-02 1.633312E-03 -3.227715E-03
3.341399E-02 1.255716E-03 -2.970103E-03
3.394850E-02 5.866135E-04 -2.969113E-03
3.454739E-02 7.247333E-04 -3.177776E-03
3.488782E-02 5.710934E-05 -2.950450E-03
3.425359E-02 6.746706E-05 -2.820340E-03
3.439137E-02 -3.125925E-04 -2.612051E-03
3.500760E-02 -4.079974E-04 -2.673315E-03
3.499210E-02 -7.221869E-04 -2.399839E-03
3.441635E-02 -5.802858E-04 -2.389221E-03
3.436845E-02 -7.620586E-04 -2.172417E-03
3.489669E-02 -9.280438E-04 -2.148938E-03
3.475570E-02 -1.056709E-03 -1.925009E-03
3.427501E-02 -8.795754E-04 -1.969820E-03
3.415434E-02 -9.494644E-04 -1.783692E-03
3.459025E-02 -1.130214E-03 -1.726841E-03
3.441346E-02 -1.164130E-03 -1.551358E-03
3.401869E-02 -9.842250E-04 -1.613619E-03
3.387629E-02 -9.932426E-04 -1.458088E-03
3.423360E-02 -1.169601E-03 -1.395138E-03
3.405599E-02 -1.154758E-03 -1.254981E-03
3.373277E-02 -9.836246E-04 -1.315241E-03
3.359203E-02 -9.608249E-04 -1.183212E-03
3.388415E-02 -1.125654E-03 -1.128087E-03
3.372041E-02 -1.086897E-03 -1.012077E-03
3.345685E-02 -9.290933E-04 -1.060276E-03
3.332917E-02 -8.917929E-04 -9.449072E-04
3.356640E-02 -1.042066E-03 -9.049636E-04
3.342324E-02 -9.939959E-04 -8.050964E-04
3.321038E-02 -8.516232E-04 -8.357882E-04
3.310132E-02 -8.107763E-04 -7.318039E-04
3.329168E-02 -9.449686E-04 -7.111155E-04
3.317208E-02 -8.968421E-04 -6.219082E-04
3.300228E-02 -7.710455E-04 -6.320273E-04
3.291350E-02 -7.339013E-04 -5.357019E-04
3.306439E-02 -8.511404E-04 -5.365730E-04
3.296856E-02 -8.091132E-04 -4.543897E-04
3.284030E-02 -7.005430E-04 -4.422258E-04
3.282787E-02 -6.719342E-04 -3.511448E-04
3.288968E-02 -7.717770E-04 -3.747956E-04
3.287276E-02 -7.399421E-04 -2.973721E-04
3.316090E-02 -6.488262E-04 -2.621803E-04
3.542115E-02 -6.317727E-04 -1.753452E-04
3.320240E-02 -7.142304E-04 -2.218635E-04
3.546045E-02 -6.950865E-04 -1.482708E-04
4.778450E-02 -6.211396E-04 -9.114732E-05
1.094243E-01 -6.171545E-04 -8.670622E-06
4.782396E-02 -6.827851E-04 -7.702106E-05
1.094722E-01 -6.774827E-04 -7.340816E-06
3.203552E-02 -1.257372E-02 -8.495442E-04
-2.677353E-02 -1.279544E-02 -8.118610E-04
3.879924E-02 -1.254451E-02 -9.336485E-04
3.202096E-02 -1.284196E-02 -2.495645E-03
-2.673619E-02 -1.362160E-02 -2.415745E-03
3.862095E-02 -1.272678E-02 -2.394915E-03
3.905245E-02 -1.244622E-02 -1.054220E-03
3.872440E-02 -1.233475E-02 -1.258220E-03
3.878382E-02 -1.249327E-02 -2.585694E-03
3.852118E-02 -1.240226E-02 -2.864951E-03
3.852651E-02 -1.228495E-02 -1.459779E-03
3.841790E-02 -1.228168E-02 -1.605788E-03
3.834615E-02 -1.239139E-02 -3.059001E-03
3.820871E-02 -1.240229E-02 -3.181973E-03
3.834563E-02 -1.230344E-02 -1.694446E-03
3.829827E-02 -1.234301E-02 -1.731247E-03
3.807848E-02 -1.242071E-02 -3.258243E-03
3.795384E-02 -1.244657E-02 -3.299653E-03
3.828469E-02 -1.240106E-02 -1.716362E-03
3.832329E-02 -1.248138E-02 -1.642499E-03
3.784590E-02 -1.248467E-02 -3.309300E-03
3.777253E-02 -1.254229E-02 -3.284418E-03
3.843956E-02 -1.258810E-02 -1.492711E-03
3.866656E-02 -1.272228E-02 -1.235185E-03
3.775808E-02 -1.262859E-02 -3.216295E-03
3.783626E-02 -1.275449E-02 -3.087226E-03
3.904460E-02 -1.287391E-02 -8.126931E-04
3.961196E-02 -1.299992E-02 -1.234573E-04
3.805570E-02 -1.293173E-02 -2.863057E-03
3.848783E-02 -1.316759E-02 -2.476579E-03
4.035973E-02 -1.296373E-02 1.005146E-03
4.107375E-02 -1.239816E-02 2.800650E-03
3.923178E-02 -1.344194E-02 -1.789728E-03
4.037590E-02 -1.361049E-02 -5.092031E-04
4.101929E-02 -1.061880E-02 5.242592E-03
3.921572E-02 -7.308983E-03 7.387324E-03
4.169133E-02 -1.303940E-02 1.920222E-03
4.152627E-02 -1.006318E-02 5.638052E-03
3.603513E-02 -3.401755E-03 8.036059E-03
3.287666E-02 2.427206E-04 7.051161E-03
3.782581E-02 -4.467657E-03 8.047606E-03
3.321078E-02 1.161196E-03 7.290752E-03
3.030797E-02 3.516324E-03 5.345705E-03
2.963009E-02 5.252132E-03 2.035090E-03
2.931134E-02 6.273210E-03 5.482764E-03
2.984408E-02 7.574806E-03 6.109262E-05
3.088204E-02 5.221676E-03 -1.213722E-03
3.292505E-02 3.806855E-03 -3.087278E-03
3.302488E-02 5.575395E-03 -3.456367E-03
3.543139E-02 2.938171E-03 -4.107761E-03
3.449385E-02 2.171305E-03 -3.583839E-03
3.534670E-02 9.050811E-04 -3.421675E-03
3.648273E-02 1.115547E-03 -3.687296E-03
3.677053E-02 1.255711E-05 -3.113128E-03
3.569897E-02 4.431556E-05 -3.063167E-03
3.576461E-02 -5.176781E-04 -2.688731E-03
3.670804E-02 -6.492762E-04 -2.610434E-03
3.649337E-02 -1.049922E-03 -2.206348E-03
3.567657E-02 -8.785530E-04 -2.352589E-03
3.550891E-02 -1.105474E-03 -2.064442E-03
3.621659E-02 -1.290939E-03 -1.885910E-03
3.591924E-02 -1.430230E-03 -1.629822E-03
3.530214E-02 -1.241993E-03 -1.820311E-03
3.507867E-02 -1.316395E-03 -1.613061E-03
3.562094E-02 -1.502249E-03 -1.422146E-03
3.533113E-02 -1.528501E-03 -1.250925E-03
3.485112E-02 -1.347449E-03 -1.435723E-03
3.462678E-02 -1.347971E-03 -1.282373E-03
3.505431E-02 -1.523042E-03 -1.107394E-03
3.479255E-02 -1.495451E-03 -9.851242E-04
3.440992E-02 -1.326971E-03 -1.148210E-03
3.420310E-02 -1.290977E-03 -1.029403E-03
3.454674E-02 -1.452508E-03 -8.793508E-04
3.431715E-02 -1.399184E-03 -7.864920E-04
3.400788E-02 -1.244853E-03 -9.229097E-04
3.382525E-02 -1.192315E-03 -8.263040E-04
3.410377E-02 -1.339236E-03 -7.038172E-04
3.390649E-02 -1.275589E-03 -6.292162E-04
3.365584E-02 -1.136277E-03 -7.376453E-04
3.350006E-02 -1.079064E-03 -6.553759E-04
3.372517E-02 -1.210567E-03 -5.610395E-04
3.355963E-02 -1.146063E-03 -4.979863E-04
3.335812E-02 -1.022565E-03 -5.782430E-04
3.322999E-02 -9.683323E-04 -5.052416E-04
3.340969E-02 -1.083632E-03 -4.390255E-04
3.327499E-02 -1.024568E-03 -3.833393E-04
3.311531E-02 -9.176441E-04 -4.355698E-04
3.301379E-02 -8.715520E-04 -3.685957E-04
3.315494E-02 -9.699473E-04 -3.302815E-04
3.304905E-02 -9.206562E-04 -2.793471E-04
3.293034E-02 -8.309096E-04 -3.038310E-04
3.290982E-02 -7.963909E-04 -2.409161E-04
3.296211E-02 -8.774137E-04 -2.301488E-04
3.293883E-02 -8.407823E-04 -1.824035E-04
3.323672E-02 -7.685037E-04 -1.796322E-04
3.549301E-02 -7.475967E-04 -1.199745E-04
3.326364E-02 -8.111760E-04 -1.359391E-04
3.551857E-02 -7.888652E-04 -9.074933E-05
4.785667E-02 -7.338654E-04 -6.228749E-05
1.095119E-01 -7.274046E-04 -5.946226E-06
4.788237E-02 -7.739810E-04 -4.709419E-05
1.095431E-01 -7.665683E-04 -4.501679E-06
3.218001E-02 -1.326906E-02 -7.938739E-03
-2.658288E-02 -1.538221E-02 -7.447415E-03
3.816339E-02 -1.267290E-02 -7.590055E-03
3.125584E-02 -1.178920E-02 -1.962591E-02
-2.401783E-02 -1.828878E-02 -1.760828E-02
3.812850E-02 -1.087481E-02 -2.339666E-02
3.858810E-02 -1.249795E-02 -8.041380E-03
3.842244E-02 -1.248424E-02 -8.306174E-03
3.861560E-02 -1.051480E-02 -2.469650E-02
3.837801E-02 -1.041585E-02 -2.503093E-02
3.822499E-02 -1.248795E-02 -8.439160E-03
3.803004E-02 -1.249125E-02 -8.511211E-03
3.812668E-02 -1.041373E-02 -2.509425E-02
3.787103E-02 -1.042433E-02 -2.509434E-02
3.782611E-02 -1.249083E-02 -8.553817E-03
3.761278E-02 -1.248918E-02 -8.577660E-03
3.759052E-02 -1.042707E-02 -2.507609E-02
3.728392E-02 -1.042255E-02 -2.504745E-02
3.739883E-02 -1.249204E-02 -8.585673E-03
3.719820E-02 -1.250700E-02 -8.577739E-03
3.695818E-02 -1.041614E-02 -2.501037E-02
3.662273E-02 -1.041424E-02 -2.496622E-02
3.702959E-02 -1.254356E-02 -8.551364E-03
3.691895E-02 -1.261415E-02 -8.500467E-03
3.628865E-02 -1.042427E-02 -2.491611E-02
3.597002E-02 -1.045554E-02 -2.486059E-02
3.690524E-02 -1.273607E-02 -8.412156E-03
3.705203E-02 -1.293467E-02 -8.259011E-03
3.568709E-02 -1.052096E-02 -2.479891E-02
3.547295E-02 -1.064033E-02 -2.472715E-02
3.747099E-02 -1.324738E-02 -7.979296E-03
3.836978E-02 -1.372145E-02 -7.421206E-03
3.538949E-02 -1.084773E-02 -2.463221E-02
3.556706E-02 -1.120736E-02 -2.447590E-02
4.012182E-02 -1.432791E-02 -6.153619E-03
4.289569E-02 -1.408764E-02 -2.789338E-03
3.633002E-02 -1.186510E-02 -2.414265E-02
3.868634E-02 -1.320405E-02 -2.321598E-02
4.201954E-02 -7.657918E-03 3.924120E-03
3.464340E-02 2.561158E-03 5.732240E-03
4.595291E-02 -1.518505E-02 -1.881343E-02
3.981481E-02 7.434701E-03 -4.316483E-04
2.819544E-02 1.103209E-02 4.142324E-03
3.301629E-02 8.924486E-03 -4.143150E-03
3.295645E-02 1.766312E-02 -5.926725E-03
4.105384E-02 5.350815E-03 -5.944860E-03
3.710383E-02 4.022728E-03 -4.912338E-03
3.822380E-02 1.310869E-03 -3.873870E-03
4.112716E-02 1.407502E-03 -3.496499E-03
4.023605E-02 -1.452005E-04 -2.291076E-03
3.822908E-02 -5.974342E-05 -2.973611E-03
3.789199E-02 -8.014231E-04 -2.335091E-03
3.935098E-02 -9.186844E-04 -1.636357E-03
3.858116E-02 -1.348429E-03 -1.241317E-03
3.746320E-02 -1.224580E-03 -1.884327E-03
3.702536E-02 -1.469596E-03 -1.557334E-03
3.791918E-02 -1.595728E-03 -9.829510E-04
3.734432E-02 -1.734315E-03 -8.032468E-04
3.660590E-02 -1.606660E-03 -1.312522E-03
3.621313E-02 -1.674328E-03 -1.123706E-03
3.683866E-02 -1.803112E-03 -6.720802E-04
3.638866E-02 -1.824878E-03 -5.725662E-04
3.584849E-02 -1.695501E-03 -9.741469E-04
3.551099E-02 -1.684681E-03 -8.528508E-04
3.598435E-02 -1.813975E-03 -4.946295E-04
3.561837E-02 -1.780016E-03 -4.319352E-04
3.519891E-02 -1.651557E-03 -7.523793E-04
3.491047E-02 -1.602909E-03 -6.675557E-04
3.528526E-02 -1.729758E-03 -3.803215E-04
3.498090E-02 -1.668140E-03 -3.369511E-04
3.464404E-02 -1.543670E-03 -5.946812E-04
3.439825E-02 -1.477559E-03 -5.310495E-04
3.470217E-02 -1.598907E-03 -2.998277E-04
3.444671E-02 -1.524980E-03 -2.675080E-04
3.417196E-02 -1.407466E-03 -4.746387E-04
3.396428E-02 -1.335698E-03 -4.239107E-04
3.421272E-02 -1.448704E-03 -2.389235E-04
3.399883E-02 -1.371998E-03 -2.132674E-04
3.377450E-02 -1.264135E-03 -3.776778E-04
3.360205E-02 -1.194338E-03 -3.350127E-04
3.380400E-02 -1.296465E-03 -1.899206E-04
3.362743E-02 -1.223462E-03 -1.684021E-04
3.344644E-02 -1.127613E-03 -2.951863E-04
3.330710E-02 -1.065061E-03 -2.576242E-04
3.346844E-02 -1.154140E-03 -1.483352E-04
3.332634E-02 -1.089481E-03 -1.294243E-04
3.318325E-02 -1.007605E-03 -2.218751E-04
3.307429E-02 -9.560113E-04 -1.875884E-04
3.320023E-02 -1.030316E-03 -1.114379E-04
3.308944E-02 -9.773341E-04 -9.419629E-05
3.298487E-02 -9.108981E-04 -1.544961E-04
3.295966E-02 -8.727450E-04 -1.224034E-04
3.299855E-02 -9.310935E-04 -7.756297E-05
3.297218E-02 -8.920225E-04 -6.143868E-05
3.328299E-02 -8.418967E-04 -9.119217E-05
3.553696E-02 -8.185660E-04 -6.085686E-05
3.329464E-02 -8.604236E-04 -4.576335E-05
3.554804E-02 -8.364740E-04 -3.053386E-05
4.790086E-02 -8.028363E-04 -3.157181E-05
1.095656E-01 -7.947161E-04 -3.020794E-06
4.791200E-02 -8.202283E-04 -1.583767E-05
1.095791E-01 -8.116724E-04 -1.516231E-06
4.350673E-02 2.296636E-03 -1.985648E-11
4.310866E-02 8.086730E-03 -1.736441E-11
4.105384E-02 5.350815E-03 5.944860E-03
3.295645E-02 1.766312E-02 5.926725E-03
4.220771E-02 2.877426E-04 -2.631987E-11
4.084053E-02 -6.776942E-04 -3.439313E-11
4.112716E-02 1.407502E-03 3.496499E-03
4.023605E-02 -1.452004E-04 2.291076E-03
3.971352E-02 -1.217667E-03 -4.299665E-11
3.881049E-02 -1.535670E-03 -5.119103E-11
3.935098E-02 -9.186843E-04 1.636357E-03
3.858116E-02 -1.348429E-03 1.241317E-03
3.807201E-02 -1.721946E-03 -5.810286E-11
3.745112E-02 -1.824005E-03 -6.296616E-11
3.791918E-02 -1.595728E-03 9.829509E-04
3.734432E-02 -1.734315E-03 8.032467E-04
3.691638E-02 -1.869481E-03 -6.515504E-11
3.644713E-02 -1.875619E-03 -6.421423E-11
3.683866E-02 -1.803112E-03 6.720801E-04
3.638866E-02 -1.824878E-03 5.725661E-04
3.602955E-02 -1.853828E-03 -5.990071E-11
3.565408E-02 -1.812036E-03 -5.219887E-11
3.598435E-02 -1.813975E-03 4.946294E-04
3.561837E-02 -1.780016E-03 4.319351E-04
3.531397E-02 -1.755990E-03 -4.132679E-11
3.500431E-02 -1.690001E-03 -2.773499E-11
3.528526E-02 -1.729758E-03 3.803214E-04
3.498090E-02 -1.668140E-03 3.369511E-04
3.472150E-02 -1.617403E-03 -1.205239E-11
3.446282E-02 -1.540850E-03 4.943418E-12
3.470217E-02 -1.598907E-03 2.998277E-04
3.444671E-02 -1.524980E-03 2.675080E-04
3.422627E-02 -1.462497E-03 2.240468E-11
3.401032E-02 -1.384135E-03 3.945569E-11
3.421272E-02 -1.448704E-03 2.389235E-04
3.399883E-02 -1.371998E-03 2.132675E-04
3.381382E-02 -1.307273E-03 5.525585E-11
3.363588E-02 -1.233195E-03 6.904656E-11
3.380400E-02 -1.296465E-03 1.899207E-04
3.362743E-02 -1.223462E-03 1.684022E-04
3.347577E-02 -1.163004E-03 8.016673E-11
3.333275E-02 -1.097641E-03 8.807103E-11
3.346844E-02 -1.154140E-03 1.483354E-04
3.332634E-02 -1.089481E-03 1.294245E-04
3.320589E-02 -1.037905E-03 9.232693E-11
3.309449E-02 -9.844597E-04 9.260810E-11
3.320023E-02 -1.030316E-03 1.114381E-04
3.308944E-02 -9.773341E-04 9.419648E-05
3.300312E-02 -9.378425E-04 8.867053E-11
3.297637E-02 -8.984649E-04 8.035802E-11
3.299855E-02 -9.310934E-04 7.756314E-05
3.297218E-02 -8.920225E-04 6.143884E-05
3.329853E-02 -8.666148E-04 6.757798E-11
3.555174E-02 -8.424578E-04 5.034650E-11
3.329464E-02 -8.604236E-04 4.576348E-05
3.554804E-02 -8.364740E-04 3.053396E-05
4.791572E-02 -8.260386E-04 2.885129E-11
1.095836E-01 -8.173356E-04 2.809854E-12
4.791200E-02 -8.202283E-04 1.583772E-05
1.095791E-01 -8.116724E-04 1.516237E-06
-2.401783E-02 -1.828878E-02 1.760828E-02
3.125584E-02 -1.178920E-02 1.962591E-02
3.218001E-02 -1.326906E-02 7.938738E-03
-2.658288E-02 -1.538221E-02 7.447415E-03
3.812850E-02 -1.087481E-02 2.339666E-02
3.816339E-02 -1.267290E-02 7.590055E-03
3.202096E-02 -1.284196E-02 2.495645E-03
-2.673619E-02 -1.362160E-02 2.415745E-03
3.862095E-02 -1.272678E-02 2.394914E-03
3.861560E-02 -1.051480E-02 2.469650E-02
3.858810E-02 -1.249795E-02 8.041380E-03
3.837801E-02 -1.041585E-02 2.503093E-02
3.842244E-02 -1.248424E-02 8.306174E-03
3.878382E-02 -1.249327E-02 2.585694E-03
3.852118E-02 -1.240226E-02 2.864951E-03
3.812668E-02 -1.041373E-02 2.509425E-02
3.822499E-02 -1.248795E-02 8.439160E-03
3.787103E-02 -1.042433E-02 2.509434E-02
3.803004E-02 -1.249125E-02 8.511211E-03
3.834615E-02 -1.239139E-02 3.059001E-03
3.820871E-02 -1.240229E-02 3.181973E-03
3.759052E-02 -1.042707E-02 2.507609E-02
3.782611E-02 -1.249083E-02 8.553817E-03
3.728392E-02 -1.042255E-02 2.504745E-02
3.761278E-02 -1.248918E-02 8.577660E-03
3.807848E-02 -1.242071E-02 3.258243E-03
3.795384E-02 -1.244657E-02 3.299653E-03
3.695818E-02 -1.041614E-02 2.501037E-02
3.739883E-02 -1.249204E-02 8.585673E-03
3.662273E-02 -1.041424E-02 2.496622E-02
3.719820E-02 -1.250700E-02 8.577739E-03
3.784590E-02 -1.248467E-02 3.309300E-03
3.777253E-02 -1.254229E-02 3.284418E-03
3.628865E-02 -1.042427E-02 2.491611E-02
3.702959E-02 -1.254356E-02 8.551364E-03
3.597002E-02 -1.045554E-02 2.486059E-02
3.691895E-02 -1.261415E-02 8.500467E-03
3.775808E-02 -1.262859E-02 3.216295E-03
3.783626E-02 -1.275449E-02 3.087226E-03
3.568709E-02 -1.052096E-02 2.479891E-02
3.690524E-02 -1.273607E-02 8.412156E-03
3.547295E-02 -1.064033E-02 2.472715E-02
3.705203E-02 -1.293467E-02 8.259011E-03
3.805570E-02 -1.293173E-02 2.863057E-03
3.848783E-02 -1.316759E-02 2.476579E-03
3.538949E-02 -1.084773E-02 2.463221E-02
3.747099E-02 -1.324738E-02 7.979296E-03
3.556706E-02 -1.120736E-02 2.447590E-02
3.836978E-02 -1.372145E-02 7.421206E-03
3.923178E-02 -1.344194E-02 1.789728E-03
4.037590E-02 -1.361049E-02 5.092031E-04
3.633002E-02 -1.186510E-02 2.414265E-02
4.012182E-02 -1.432791E-02 6.153619E-03
3.868634E-02 -1.320405E-02 2.321598E-02
4.289569E-02 -1.408764E-02 2.789338E-03
4.169133E-02 -1.303940E-02 -1.920222E-03
4.152627E-02 -1.006318E-02 -5.638052E-03
4.595291E-02 -1.518505E-02 1.881343E-02
4.201954E-02 -7.657918E-03 -3.924120E-03
3.981481E-02 7.434701E-03 4.316483E-04
3.464340E-02 2.561159E-03 -5.732240E-03
3.782581E-02 -4.467657E-03 -8.047606E-03
3.321077E-02 1.161196E-03 -7.290752E-03
2.819544E-02 1.103209E-02 -4.142324E-03
3.301629E-02 8.924486E-03 4.143150E-03
2.931134E-02 6.273210E-03 -5.482764E-03
2.984408E-02 7.574806E-03 -6.109263E-05
3.710383E-02 4.022728E-03 4.912338E-03
3.822380E-02 1.310869E-03 3.873870E-03
3.302488E-02 5.575395E-03 3.456367E-03
3.543139E-02 2.938172E-03 4.107761E-03
3.822908E-02 -5.974328E-05 2.973611E-03
3.789199E-02 -8.014229E-04 2.335091E-03
3.648273E-02 1.115548E-03 3.687295E-03
3.677053E-02 1.255731E-05 3.113128E-03
3.746320E-02 -1.224580E-03 1.884326E-03
3.702536E-02 -1.469596E-03 1.557334E-03
3.670804E-02 -6.492760E-04 2.610434E-03
3.649337E-02 -1.049922E-03 2.206348E-03
3.660590E-02 -1.606660E-03 1.312522E-03
3.621313E-02 -1.674328E-03 1.123706E-03
3.621659E-02 -1.290939E-03 1.885909E-03
3.591924E-02 -1.430230E-03 1.629822E-03
3.584849E-02 -1.695501E-03 9.741468E-04
3.551099E-02 -1.684681E-03 8.528506E-04
3.562094E-02 -1.502249E-03 1.422146E-03
3.533113E-02 -1.528501E-03 1.250924E-03
3.519891E-02 -1.651557E-03 7.523792E-04
3.491047E-02 -1.602909E-03 6.675557E-04
3.505431E-02 -1.523042E-03 1.107393E-03
3.479255E-02 -1.495451E-03 9.851241E-04
3.464404E-02 -1.543670E-03 5.946811E-04
3.439825E-02 -1.477559E-03 5.310495E-04
3.454674E-02 -1.452508E-03 8.793507E-04
3.431715E-02 -1.399184E-03 7.864920E-04
3.417196E-02 -1.407466E-03 4.746387E-04
3.396428E-02 -1.335698E-03 4.239107E-04
3.410377E-02 -1.339236E-03 7.038172E-04
3.390649E-02 -1.275589E-03 6.292162E-04
3.377450E-02 -1.264135E-03 3.776779E-04
3.360205E-02 -1.194338E-03 3.350128E-04
3.372517E-02 -1.210567E-03 5.610396E-04
3.355963E-02 -1.146063E-03 4.979864E-04
3.344644E-02 -1.127613E-03 2.951864E-04
3.330710E-02 -1.065061E-03 2.576243E-04
3.340969E-02 -1.083632E-03 4.390257E-04
3.327499E-02 -1.024568E-03 3.833395E-04
3.318325E-02 -1.007605E-03 2.218753E-04
3.307429E-02 -9.560113E-04 1.875885E-04
3.315494E-02 -9.699473E-04 3.302817E-04
3.304905E-02 -9.206562E-04 2.793473E-04
3.298487E-02 -9.108981E-04 1.544962E-04
3.295965E-02 -8.727449E-04 1.224036E-04
3.296211E-02 -8.774137E-04 2.301490E-04
3.293883E-02 -8.407822E-04 1.824036E-04
3.328299E-02 -8.418966E-04 9.119231E-05
3.553696E-02 -8.185659E-04 6.085696E-05
3.326364E-02 -8.111759E-04 1.359393E-04
3.551857E-02 -7.888651E-04 9.074943E-05
4.790086E-02 -8.028363E-04 3.157186E-05
1.095656E-01 -7.947160E-04 3.020799E-06
4.788237E-02 -7.739809E-04 4.709425E-05
1.095431E-01 -7.665682E-04 4.501685E-06
3.203552E-02 -1.257372E-02 8.495442E-04
-2.677353E-02 -1.279544E-02 8.118610E-04
3.879924E-02 -1.254451E-02 9.336484E-04
3.211688E-02 -1.253261E-02 4.024480E-04
-2.674001E-02 -1.258167E-02 2.743616E-04
3.892887E-02 -1.252111E-02 5.639580E-04
3.905245E-02 -1.244622E-02 1.054220E-03
3.872440E-02 -1.233475E-02 1.258220E-03
3.925784E-02 -1.247515E-02 7.117844E-04
3.895655E-02 -1.239749E-02 8.679206E-04
3.852651E-02 -1.228495E-02 1.459779E-03
3.841790E-02 -1.228168E-02 1.605788E-03
3.875107E-02 -1.233188E-02 1.032190E-03
3.865464E-02 -1.230493E-02 1.165681E-03
3.834563E-02 -1.230344E-02 1.694446E-03
3.829827E-02 -1.234301E-02 1.731247E-03
3.862213E-02 -1.231269E-02 1.243259E-03
3.863537E-02 -1.234651E-02 1.256177E-03
3.828469E-02 -1.240106E-02 1.716362E-03
3.832329E-02 -1.248138E-02 1.642499E-03
3.869766E-02 -1.240152E-02 1.197255E-03
3.882321E-02 -1.247447E-02 1.052730E-03
3.843956E-02 -1.258810E-02 1.492711E-03
3.866656E-02 -1.272228E-02 1.235185E-03
3.903149E-02 -1.255880E-02 7.971919E-04
3.934227E-02 -1.263667E-02 3.875533E-04
3.904460E-02 -1.287391E-02 8.126931E-04
3.961196E-02 -1.299992E-02 1.234574E-04
3.976396E-02 -1.266280E-02 -2.447999E-04
4.026122E-02 -1.253161E-02 -1.197868E-03
4.035973E-02 -1.296373E-02 -1.005146E-03
4.107375E-02 -1.239816E-02 -2.800650E-03
4.067930E-02 -1.202587E-02 -2.570063E-03
4.064194E-02 -1.081203E-02 -4.323405E-03
4.101929E-02 -1.061880E-02 -5.242592E-03
3.921572E-02 -7.308982E-03 -7.387324E-03
3.965462E-02 -8.680458E-03 -6.049265E-03
3.764767E-02 -5.920721E-03 -7.095382E-03
3.603513E-02 -3.401755E-03 -8.036058E-03
3.287666E-02 2.427208E-04 -7.051161E-03
3.518177E-02 -3.111549E-03 -7.149771E-03
3.287397E-02 -5.289753E-04 -6.314892E-03
3.030797E-02 3.516324E-03 -5.345705E-03
2.963008E-02 5.252132E-03 -2.035090E-03
3.099750E-02 1.773591E-03 -4.925888E-03
3.005675E-02 3.368615E-03 -2.761122E-03
3.088204E-02 5.221677E-03 1.213722E-03
3.292505E-02 3.806855E-03 3.087278E-03
3.025186E-02 4.070149E-03 -3.337726E-04
3.138979E-02 3.728484E-03 1.694913E-03
3.449385E-02 2.171305E-03 3.583839E-03
3.534670E-02 9.050814E-04 3.421675E-03
3.277894E-02 2.731308E-03 2.847397E-03
3.387298E-02 1.633312E-03 3.227714E-03
3.569897E-02 4.431582E-05 3.063166E-03
3.576461E-02 -5.176779E-04 2.688731E-03
3.454738E-02 7.247336E-04 3.177776E-03
3.488782E-02 5.710965E-05 2.950450E-03
3.567657E-02 -8.785528E-04 2.352589E-03
3.550891E-02 -1.105474E-03 2.064442E-03
3.500760E-02 -4.079971E-04 2.673315E-03
3.499210E-02 -7.221866E-04 2.399839E-03
3.530214E-02 -1.241993E-03 1.820311E-03
3.507867E-02 -1.316395E-03 1.613061E-03
3.489669E-02 -9.280436E-04 2.148937E-03
3.475570E-02 -1.056709E-03 1.925009E-03
3.485112E-02 -1.347449E-03 1.435723E-03
3.462678E-02 -1.347971E-03 1.282373E-03
3.459025E-02 -1.130214E-03 1.726840E-03
3.441346E-02 -1.164130E-03 1.551358E-03
3.440992E-02 -1.326971E-03 1.148210E-03
3.420310E-02 -1.290977E-03 1.029403E-03
3.423360E-02 -1.169601E-03 1.395138E-03
3.405599E-02 -1.154758E-03 1.254981E-03
3.400788E-02 -1.244853E-03 9.229097E-04
3.382525E-02 -1.192315E-03 8.263040E-04
3.388415E-02 -1.125654E-03 1.128086E-03
3.372041E-02 -1.086897E-03 1.012077E-03
3.365584E-02 -1.136277E-03 7.376454E-04
3.350006E-02 -1.079064E-03 6.553760E-04
3.356640E-02 -1.042066E-03 9.049636E-04
3.342324E-02 -9.939960E-04 8.050965E-04
3.335812E-02 -1.022565E-03 5.782432E-04
3.322999E-02 -9.683323E-04 5.052417E-04
3.329168E-02 -9.449686E-04 7.111156E-04
3.317208E-02 -8.968421E-04 6.219083E-04
3.311531E-02 -9.176441E-04 4.355700E-04
3.301379E-02 -8.715520E-04 3.685959E-04
3.306439E-02 -8.511404E-04 5.365731E-04
3.296856E-02 -8.091132E-04 4.543899E-04
3.293034E-02 -8.309095E-04 3.038311E-04
3.290982E-02 -7.963908E-04 2.409163E-04
3.288968E-02 -7.717769E-04 3.747958E-04
3.287276E-02 -7.399420E-04 2.973723E-04
3.323672E-02 -7.685036E-04 1.796323E-04
3.549301E-02 -7.475966E-04 1.199746E-04
3.320240E-02 -7.142303E-04 2.218636E-04
3.546045E-02 -6.950864E-04 1.482709E-04
4.785667E-02 -7.338652E-04 6.228755E-05
1.095119E-01 -7.274044E-04 5.946232E-06
4.782396E-02 -6.827849E-04 7.702112E-05
1.094722E-01 -6.774824E-04 7.340822E-06
3.222295E-02 -1.262963E-02 2.999319E-04
-2.666833E-02 -1.264583E-02 8.840775E-05
3.905709E-02 -1.261072E-02 5.074705E-04
3.234299E-02 -1.279907E-02 2.887709E-04
-2.657288E-02 -1.283272E-02 2.284100E-05
3.918622E-02 -1.275671E-02 5.235479E-04
3.942446E-02 -1.257135E-02 6.789598E-04
3.916645E-02 -1.251182E-02 8.227746E-04
3.957435E-02 -1.270301E-02 7.071374E-04
3.934857E-02 -1.263906E-02 8.438991E-04
3.898361E-02 -1.244770E-02 9.479772E-04
3.890250E-02 -1.240219E-02 1.043688E-03
3.919651E-02 -1.257036E-02 9.386871E-04
3.913754E-02 -1.250800E-02 9.893901E-04
3.889672E-02 -1.238568E-02 1.086614E-03
3.895118E-02 -1.239498E-02 1.057234E-03
3.915130E-02 -1.246139E-02 9.820466E-04
3.922767E-02 -1.243028E-02 8.961185E-04
3.906418E-02 -1.242157E-02 9.390019E-04
3.924138E-02 -1.245306E-02 7.111602E-04
3.936162E-02 -1.240383E-02 7.094353E-04
3.954785E-02 -1.236092E-02 3.971835E-04
3.948827E-02 -1.246814E-02 3.428753E-04
3.979903E-02 -1.242586E-02 -2.102370E-04
3.977278E-02 -1.226603E-02 -7.018105E-05
4.000113E-02 -1.206110E-02 -7.242532E-04
4.013543E-02 -1.224823E-02 -1.003471E-03
4.038998E-02 -1.180062E-02 -2.080731E-03
4.015709E-02 -1.165812E-02 -1.584407E-03
4.011035E-02 -1.094742E-02 -2.624633E-03
4.034977E-02 -1.090019E-02 -3.409017E-03
3.974290E-02 -9.415596E-03 -4.784206E-03
3.969929E-02 -9.844239E-03 -3.731015E-03
3.882087E-02 -8.365367E-03 -4.702451E-03
3.844730E-02 -7.430839E-03 -5.852723E-03
3.665594E-02 -5.238691E-03 -6.339074E-03
3.752665E-02 -6.653507E-03 -5.340920E-03
3.600171E-02 -4.894282E-03 -5.555393E-03
3.472555E-02 -3.114232E-03 -6.202084E-03
3.294718E-02 -1.161008E-03 -5.534235E-03
3.444950E-02 -3.215556E-03 -5.366180E-03
3.302054E-02 -1.662639E-03 -4.833475E-03
3.147256E-02 5.914377E-04 -4.461291E-03
3.052589E-02 1.975160E-03 -2.953393E-03
3.180664E-02 -2.521115E-04 -4.011338E-03
3.092221E-02 9.433591E-04 -2.911124E-03
3.025842E-02 2.874364E-03 -1.183433E-03
3.070534E-02 3.120388E-03 5.561138E-04
3.046675E-02 1.853279E-03 -1.598985E-03
3.050656E-02 2.361890E-03 -2.073688E-04
3.162192E-02 2.748979E-03 1.899653E-03
3.261439E-02 2.030239E-03 2.674810E-03
3.098550E-02 2.413199E-03 1.052047E-03
3.170764E-02 2.086101E-03 1.988247E-03
3.341399E-02 1.255716E-03 2.970103E-03
3.394850E-02 5.866139E-04 2.969113E-03
3.244442E-02 1.556925E-03 2.540246E-03
3.304943E-02 9.923490E-04 2.771732E-03
3.425359E-02 6.746741E-05 2.820340E-03
3.439137E-02 -3.125922E-04 2.612051E-03
3.347741E-02 4.897837E-04 2.790246E-03
3.374320E-02 8.410052E-05 2.688236E-03
3.441635E-02 -5.802856E-04 2.389221E-03
3.436844E-02 -7.620584E-04 2.172417E-03
3.388197E-02 -2.245103E-04 2.527204E-03
3.392886E-02 -4.494258E-04 2.342918E-03
3.427501E-02 -8.795753E-04 1.969820E-03
3.415434E-02 -9.494643E-04 1.783692E-03
3.391230E-02 -6.068660E-04 2.154444E-03
3.385347E-02 -7.116808E-04 1.971142E-03
3.401869E-02 -9.842249E-04 1.613619E-03
3.387629E-02 -9.932426E-04 1.458088E-03
3.376756E-02 -7.761928E-04 1.797055E-03
3.366537E-02 -8.102314E-04 1.633424E-03
3.373277E-02 -9.836246E-04 1.315241E-03
3.359203E-02 -9.608249E-04 1.183212E-03
3.355456E-02 -8.215298E-04 1.480085E-03
3.344062E-02 -8.161675E-04 1.336207E-03
3.345685E-02 -9.290934E-04 1.060276E-03
3.332917E-02 -8.917930E-04 9.449073E-04
3.332749E-02 -7.989530E-04 1.200701E-03
3.321807E-02 -7.737249E-04 1.072421E-03
3.321038E-02 -8.516233E-04 8.357882E-04
3.310132E-02 -8.107763E-04 7.318040E-04
3.311440E-02 -7.435787E-04 9.502753E-04
3.301787E-02 -7.110346E-04 8.332773E-04
3.300228E-02 -7.710455E-04 6.320275E-04
3.291350E-02 -7.339013E-04 5.357021E-04
3.292917E-02 -6.781578E-04 7.205662E-04
3.284884E-02 -6.466450E-04 6.114145E-04
3.284030E-02 -7.005429E-04 4.422259E-04
3.282787E-02 -6.719341E-04 3.511449E-04
3.278246E-02 -6.178861E-04 5.052262E-04
3.277543E-02 -5.930059E-04 4.015419E-04
3.316090E-02 -6.488260E-04 2.621804E-04
3.542115E-02 -6.317726E-04 1.753453E-04
3.311255E-02 -5.728929E-04 3.000783E-04
3.537543E-02 -5.582180E-04 2.008683E-04
4.778450E-02 -6.211394E-04 9.114738E-05
1.094243E-01 -6.171542E-04 8.670628E-06
4.773861E-02 -5.494452E-04 1.044989E-04
1.093686E-01 -5.468802E-04 9.919393E-06
3.247083E-02 -1.300362E-02 2.950718E-04
-2.646286E-02 -1.307525E-02 -3.148793E-07
3.931440E-02 -1.292667E-02 5.419856E-04
3.260099E-02 -1.322184E-02 2.978642E-04
-2.634528E-02 -1.334184E-02 -8.202049E-06
3.943821E-02 -1.310196E-02 5.443003E-04
3.971225E-02 -1.284541E-02 7.267326E-04
3.950640E-02 -1.276054E-02 8.517259E-04
3.983701E-02 -1.298321E-02 7.204587E-04
3.964005E-02 -1.286500E-02 8.275194E-04
3.937846E-02 -1.267331E-02 9.184555E-04
3.933951E-02 -1.258644E-02 9.251011E-04
3.952483E-02 -1.274557E-02 8.650099E-04
3.949575E-02 -1.262212E-02 8.301148E-04
3.936525E-02 -1.250228E-02 8.627611E-04
3.944481E-02 -1.241735E-02 7.147865E-04
3.952151E-02 -1.249003E-02 7.159797E-04
3.958545E-02 -1.233990E-02 5.106418E-04
3.956893E-02 -1.231749E-02 4.599275E-04
3.972117E-02 -1.217519E-02 7.564328E-05
3.967193E-02 -1.215342E-02 1.988021E-04
3.975539E-02 -1.190048E-02 -2.333796E-04
3.987012E-02 -1.194710E-02 -4.580861E-04
3.996010E-02 -1.157276E-02 -1.149974E-03
3.979419E-02 -1.153923E-02 -7.908774E-04
3.972888E-02 -1.102150E-02 -1.459466E-03
3.990557E-02 -1.098124E-02 -1.980137E-03
3.960363E-02 -1.011520E-02 -2.879389E-03
3.948972E-02 -1.030672E-02 -2.194853E-03
3.901870E-02 -9.382834E-03 -2.920330E-03
3.897650E-02 -8.969313E-03 -3.726607E-03
3.802437E-02 -7.611977E-03 -4.386381E-03
3.829894E-02 -8.281506E-03 -3.543533E-03
3.736907E-02 -7.071040E-03 -3.988022E-03
3.683614E-02 -6.158069E-03 -4.767417E-03
3.554238E-02 -4.712841E-03 -4.848532E-03
3.630735E-02 -5.828332E-03 -4.216903E-03
3.519953E-02 -4.611924E-03 -4.231799E-03
3.426042E-02 -3.338132E-03 -4.656552E-03
3.307510E-02 -2.055969E-03 -4.228767E-03
3.411613E-02 -3.453280E-03 -4.054462E-03
3.310869E-02 -2.363913E-03 -3.708159E-03
3.204522E-02 -8.763076E-04 -3.592579E-03
3.123647E-02 1.658600E-04 -2.762343E-03
3.221640E-02 -1.350196E-03 -3.208589E-03
3.148054E-02 -4.307834E-04 -2.566243E-03
3.071382E-02 1.026986E-03 -1.767193E-03
3.053363E-02 1.633930E-03 -6.709236E-04
3.094454E-02 3.667277E-04 -1.795661E-03
3.065060E-02 9.962131E-04 -9.296018E-04
3.070192E-02 1.924879E-03 4.112956E-04
3.114148E-02 1.898056E-03 1.341028E-03
3.062041E-02 1.409019E-03 -3.099737E-05
3.083220E-02 1.579498E-03 8.116731E-04
3.171212E-02 1.628960E-03 2.019417E-03
3.227577E-02 1.233043E-03 2.427278E-03
3.121465E-02 1.526750E-03 1.511650E-03
3.167033E-02 1.312033E-03 2.017441E-03
3.274612E-02 8.122856E-04 2.609333E-03
3.309318E-02 4.293207E-04 2.632845E-03
3.211221E-02 1.012633E-03 2.325771E-03
3.248618E-02 6.944370E-04 2.468314E-03
3.332266E-02 1.107894E-04 2.558174E-03
3.345504E-02 -1.389600E-04 2.428876E-03
3.277152E-02 3.996810E-04 2.489338E-03
3.296979E-02 1.486816E-04 2.429834E-03
3.351332E-02 -3.261511E-04 2.272836E-03
3.351776E-02 -4.606190E-04 2.106585E-03
3.309326E-02 -5.298297E-05 2.321237E-03
3.315719E-02 -2.077161E-04 2.185191E-03
3.348452E-02 -5.524609E-04 1.939336E-03
3.342594E-02 -6.107170E-04 1.775860E-03
3.317610E-02 -3.213885E-04 2.035595E-03
3.316230E-02 -4.008332E-04 1.880916E-03
3.335124E-02 -6.430209E-04 1.618341E-03
3.326726E-02 -6.556553E-04 1.467501E-03
3.312565E-02 -4.526479E-04 1.726056E-03
3.307387E-02 -4.827183E-04 1.573664E-03
3.317907E-02 -6.537416E-04 1.323262E-03
3.309044E-02 -6.414514E-04 1.185143E-03
3.301289E-02 -4.961008E-04 1.425014E-03
3.294723E-02 -4.970615E-04 1.280553E-03
3.300414E-02 -6.221943E-04 1.052483E-03
3.292207E-02 -5.987705E-04 9.245718E-04
3.288029E-02 -4.891730E-04 1.140259E-03
3.281450E-02 -4.754194E-04 1.003859E-03
3.284536E-02 -5.734899E-04 8.007245E-04
3.277489E-02 -5.482604E-04 6.803194E-04
3.275138E-02 -4.582926E-04 8.709590E-04
3.269215E-02 -4.398705E-04 7.411316E-04
3.271651E-02 -5.246538E-04 5.628217E-04
3.271581E-02 -5.039520E-04 4.478028E-04
3.264292E-02 -4.218789E-04 6.139641E-04
3.264949E-02 -4.057380E-04 4.891025E-04
3.305772E-02 -4.871795E-04 3.349982E-04
3.532370E-02 -4.751243E-04 2.244711E-04
3.299692E-02 -3.925948E-04 3.663274E-04
3.526645E-02 -3.833464E-04 2.457459E-04
4.768674E-02 -4.683510E-04 1.168866E-04
1.093055E-01 -4.672458E-04 1.106932E-05
4.762937E-02 -3.786532E-04 1.280994E-04
1.092358E-01 -3.789792E-04 1.210106E-05
3.272830E-02 -1.343998E-02 2.918784E-04
-2.622575E-02 -1.361463E-02 -1.042193E-05
3.955356E-02 -1.327071E-02 5.273239E-04
3.284812E-02 -1.364812E-02 2.766301E-04
-2.610896E-02 -1.388136E-02 -1.041202E-05
3.965651E-02 -1.342475E-02 4.925971E-04
3.994561E-02 -1.310663E-02 6.868500E-04
3.974730E-02 -1.294530E-02 7.709111E-04
4.003479E-02 -1.320932E-02 6.295256E-04
3.982547E-02 -1.299735E-02 6.875792E-04
3.963231E-02 -1.278219E-02 7.781181E-04
3.959931E-02 -1.261040E-02 7.053620E-04
3.969851E-02 -1.278178E-02 6.653166E-04
3.964746E-02 -1.255265E-02 5.603797E-04
3.960992E-02 -1.242000E-02 5.475319E-04
3.964019E-02 -1.219654E-02 2.976112E-04
3.962788E-02 -1.229667E-02 3.701603E-04
3.960977E-02 -1.199692E-02 9.295218E-05
3.966789E-02 -1.191907E-02 -5.134488E-05
3.966242E-02 -1.155934E-02 -5.013721E-04
3.956665E-02 -1.163282E-02 -2.696722E-04
3.946788E-02 -1.118172E-02 -7.089588E-04
3.958175E-02 -1.108464E-02 -1.042460E-03
3.937679E-02 -1.046602E-02 -1.645568E-03
3.927857E-02 -1.062322E-02 -1.204594E-03
3.896597E-02 -9.946119E-03 -1.722618E-03
3.900379E-02 -9.690528E-03 -2.260477E-03
3.844160E-02 -8.771571E-03 -2.823592E-03
3.850973E-02 -9.155191E-03 -2.218753E-03
3.791062E-02 -8.273075E-03 -2.647685E-03
3.770338E-02 -7.748760E-03 -3.275133E-03
3.683328E-02 -6.674849E-03 -3.576068E-03
3.719177E-02 -7.334721E-03 -2.974182E-03
3.639128E-02 -6.377074E-03 -3.179829E-03
3.589007E-02 -5.598174E-03 -3.713943E-03
3.492967E-02 -4.551641E-03 -3.696253E-03
3.555101E-02 -5.429941E-03 -3.262314E-03
3.470801E-02 -4.512141E-03 -3.229443E-03
3.399648E-02 -3.551986E-03 -3.538781E-03
3.312373E-02 -2.605539E-03 -3.256303E-03
3.389138E-02 -3.632848E-03 -3.092268E-03
3.312359E-02 -2.795622E-03 -2.860330E-03
3.233841E-02 -1.716505E-03 -2.858454E-03
3.166821E-02 -8.957276E-04 -2.352031E-03
3.242377E-02 -2.003241E-03 -2.539737E-03
3.181136E-02 -1.262430E-03 -2.134730E-03
3.114308E-02 -1.611744E-04 -1.744979E-03
3.079379E-02 4.574574E-04 -1.055071E-03
3.130762E-02 -5.851679E-04 -1.649888E-03
3.093508E-02 8.924708E-06 -1.095268E-03
3.064283E-02 9.250637E-04 -3.175982E-04
3.069094E-02 1.213766E-03 4.129716E-04
3.071307E-02 4.950836E-04 -4.912762E-04
3.065011E-02 8.495986E-04 1.286566E-04
3.090731E-02 1.318157E-03 1.072942E-03
3.123368E-02 1.262707E-03 1.608676E-03
3.073623E-02 1.058998E-03 7.209111E-04
3.094059E-02 1.127802E-03 1.241078E-03
3.160226E-02 1.094562E-03 1.993151E-03
3.195602E-02 8.668644E-04 2.228970E-03
3.121775E-02 1.079573E-03 1.655990E-03
3.152002E-02 9.500426E-04 1.951479E-03
3.225931E-02 6.240895E-04 2.338963E-03
3.249735E-02 3.958075E-04 2.353479E-03
3.180867E-02 7.767212E-04 2.132030E-03
3.205931E-02 5.907197E-04 2.214428E-03
3.266987E-02 1.976095E-04 2.301286E-03
3.278431E-02 3.507674E-05 2.205514E-03
3.226108E-02 4.133725E-04 2.220192E-03
3.241293E-02 2.567508E-04 2.170100E-03
3.285100E-02 -9.218557E-05 2.083020E-03
3.288042E-02 -1.875906E-04 1.945333E-03
3.251946E-02 1.259588E-04 2.081491E-03
3.258773E-02 2.162068E-05 1.967603E-03
3.288190E-02 -2.557437E-04 1.799977E-03
3.286330E-02 -3.014457E-04 1.651664E-03
3.262534E-02 -5.815283E-05 1.837966E-03
3.263939E-02 -1.164434E-04 1.699153E-03
3.283096E-02 -3.292128E-04 1.503216E-03
3.278989E-02 -3.430843E-04 1.356220E-03
3.263606E-02 -1.567306E-04 1.555543E-03
3.262046E-02 -1.824588E-04 1.409955E-03
3.274396E-02 -3.465786E-04 1.211475E-03
3.269601E-02 -3.427169E-04 1.069290E-03
3.259668E-02 -1.968260E-04 1.264128E-03
3.256785E-02 -2.026992E-04 1.119076E-03
3.264795E-02 -3.340719E-04 9.296848E-04
3.260127E-02 -3.228208E-04 7.925123E-04
3.253609E-02 -2.025943E-04 9.753287E-04
3.250312E-02 -1.986875E-04 8.331080E-04
3.256231E-02 -3.107937E-04 6.575492E-04
3.257708E-02 -2.995126E-04 5.245616E-04
3.247549E-02 -1.928389E-04 6.924425E-04
3.249935E-02 -1.866177E-04 5.532657E-04
3.293075E-02 -2.902213E-04 3.934062E-04
3.520429E-02 -2.839063E-04 2.642487E-04
3.285993E-02 -1.813237E-04 4.155403E-04
3.513793E-02 -1.780029E-04 2.795066E-04
4.756714E-02 -2.813105E-04 1.379052E-04
1.091601E-01 -2.829690E-04 1.299377E-05
4.750076E-02 -1.774575E-04 1.460547E-04
1.090792E-01 -1.802805E-04 1.372512E-05
3.295658E-02 -1.383883E-02 2.532473E-04
-2.599884E-02 -1.413259E-02 -9.440843E-06
3.974379E-02 -1.355839E-02 4.433703E-04
3.305072E-02 -1.400669E-02 2.235403E-04
-2.589857E-02 -1.436091E-02 -8.019719E-06
3.981316E-02 -1.366811E-02 3.837011E-04
4.010192E-02 -1.328751E-02 5.540216E-04
3.987279E-02 -1.301975E-02 5.854458E-04
4.014565E-02 -1.333977E-02 4.667060E-04
3.988921E-02 -1.301363E-02 4.731603E-04
3.972287E-02 -1.274601E-02 5.368463E-04
3.964144E-02 -1.245441E-02 4.074847E-04
3.970738E-02 -1.267930E-02 4.033705E-04
3.958644E-02 -1.232426E-02 2.586621E-04
3.957971E-02 -1.213037E-02 1.979052E-04
3.950417E-02 -1.175718E-02 -8.843536E-05
3.947522E-02 -1.193445E-02 4.276794E-05
3.933953E-02 -1.149550E-02 -2.366547E-04
3.938757E-02 -1.131750E-02 -4.429989E-04
3.920338E-02 -1.079606E-02 -8.498578E-04
3.915433E-02 -1.099479E-02 -5.666159E-04
3.889929E-02 -1.042417E-02 -9.281338E-04
3.892699E-02 -1.018370E-02 -1.284430E-03
3.854099E-02 -9.481439E-03 -1.714911E-03
3.855964E-02 -9.782569E-03 -1.297122E-03
3.812914E-02 -9.077432E-03 -1.647241E-03
3.804090E-02 -8.702306E-03 -2.107169E-03
3.743761E-02 -7.869226E-03 -2.431609E-03
3.761204E-02 -8.323860E-03 -1.954132E-03
3.702239E-02 -7.541433E-03 -2.199426E-03
3.675467E-02 -7.009294E-03 -2.668710E-03
3.602185E-02 -6.147344E-03 -2.810637E-03
3.638062E-02 -6.749943E-03 -2.372830E-03
3.570915E-02 -5.965821E-03 -2.471669E-03
3.526859E-02 -5.301715E-03 -2.858897E-03
3.451995E-02 -4.483318E-03 -2.820065E-03
3.502875E-02 -5.200383E-03 -2.498595E-03
3.435674E-02 -4.459975E-03 -2.458751E-03
3.379570E-02 -3.697228E-03 -2.701802E-03
3.311160E-02 -2.945406E-03 -2.510345E-03
3.370695E-02 -3.747341E-03 -2.357443E-03
3.309070E-02 -3.063460E-03 -2.198784E-03
3.248148E-02 -2.229640E-03 -2.249615E-03
3.191949E-02 -1.554270E-03 -1.922205E-03
3.251825E-02 -2.409410E-03 -1.985288E-03
3.200010E-02 -1.788035E-03 -1.718505E-03
3.144110E-02 -9.274353E-04 -1.530808E-03
3.106303E-02 -3.624111E-04 -1.081282E-03
3.154778E-02 -1.204926E-03 -1.400000E-03
3.117387E-02 -6.692476E-04 -1.033235E-03
3.080092E-02 1.233313E-04 -5.857608E-04
3.066508E-02 5.112010E-04 -6.498563E-05
3.089080E-02 -1.934204E-04 -6.255896E-04
3.070839E-02 2.084200E-04 -1.901294E-04
3.065529E-02 7.867415E-04 4.519288E-04
3.075732E-02 9.453880E-04 9.315759E-04
3.063056E-02 5.233929E-04 2.538197E-04
3.065226E-02 7.436828E-04 6.822056E-04
3.094375E-02 9.957868E-04 1.343414E-03
3.117980E-02 9.584850E-04 1.666813E-03
3.075848E-02 8.697676E-04 1.070070E-03
3.092617E-02 9.114189E-04 1.396489E-03
3.143133E-02 8.605589E-04 1.894485E-03
3.167129E-02 7.291195E-04 2.031216E-03
3.112879E-02 8.857978E-04 1.648546E-03
3.134151E-02 8.135438E-04 1.822709E-03
3.188239E-02 5.865724E-04 2.089595E-03
3.205651E-02 4.486898E-04 2.085335E-03
3.154490E-02 7.146644E-04 1.923473E-03
3.172640E-02 6.056862E-04 1.960481E-03
3.219231E-02 3.249066E-04 2.033829E-03
3.229261E-02 2.197031E-04 1.948326E-03
3.187977E-02 4.985067E-04 1.945515E-03
3.200361E-02 4.005722E-04 1.890260E-03
3.236229E-02 1.341854E-04 1.839337E-03
3.240687E-02 6.741554E-05 1.714763E-03
3.209962E-02 3.157432E-04 1.805036E-03
3.217113E-02 2.453273E-04 1.698306E-03
3.243172E-02 1.736788E-05 1.580312E-03
3.244160E-02 -1.845134E-05 1.439978E-03
3.222212E-02 1.889962E-04 1.576671E-03
3.225655E-02 1.454813E-04 1.445083E-03
3.244051E-02 -4.263627E-05 1.296472E-03
3.243160E-02 -5.768042E-05 1.151574E-03
3.227797E-02 1.130493E-04 1.307146E-03
3.228929E-02 8.980105E-05 1.165398E-03
3.241710E-02 -6.587642E-05 1.006399E-03
3.239883E-02 -6.927303E-05 8.616008E-04
3.229263E-02 7.384813E-05 1.021565E-03
3.228977E-02 6.341388E-05 8.767712E-04
3.238344E-02 -6.966374E-05 7.175174E-04
3.241719E-02 -6.859067E-05 5.742916E-04
3.228737E-02 5.688679E-05 7.317013E-04
3.233169E-02 5.284340E-05 5.867414E-04
3.278532E-02 -6.735342E-05 4.320203E-04
3.506820E-02 -6.701694E-05 2.910295E-04
3.270794E-02 5.005527E-05 4.421473E-04
3.499607E-02 4.749241E-05 2.983431E-04
4.743109E-02 -6.841355E-05 1.522854E-04
1.089943E-01 -7.216739E-05 1.427111E-05
4.735912E-02 4.432658E-05 1.563708E-04
1.089065E-01 3.991830E-05 1.461578E-05
3.312866E-02 -1.414821E-02 1.896766E-04
-2.581056E-02 -1.456087E-02 -6.392259E-06
3.986365E-02 -1.375244E-02 3.180388E-04
3.318968E-02 -1.426188E-02 1.539686E-04
-2.573632E-02 -1.472913E-02 -4.672225E-06
3.989564E-02 -1.381172E-02 2.508560E-04
4.016620E-02 -1.336679E-02 3.741614E-04
3.987670E-02 -1.298228E-02 3.591568E-04
4.016540E-02 -1.337105E-02 2.826372E-04
3.983921E-02 -1.293065E-02 2.509123E-04
3.965669E-02 -1.258816E-02 2.745863E-04
3.949089E-02 -1.217243E-02 1.237738E-04
3.957764E-02 -1.248025E-02 1.583284E-04
3.936528E-02 -1.200934E-02 9.704865E-06
3.932773E-02 -1.172290E-02 -8.697304E-05
3.913451E-02 -1.122863E-02 -3.473266E-04
3.915176E-02 -1.150832E-02 -1.870892E-04
3.890718E-02 -1.096991E-02 -4.206627E-04
3.889016E-02 -1.068189E-02 -6.424420E-04
3.858064E-02 -1.008005E-02 -9.535030E-04
3.861481E-02 -1.039048E-02 -6.763500E-04
3.826586E-02 -9.771001E-03 -9.373935E-04
3.819877E-02 -9.426769E-03 -1.259565E-03
3.774510E-02 -8.731760E-03 -1.540380E-03
3.785817E-02 -9.117232E-03 -1.186893E-03
3.739571E-02 -8.438747E-03 -1.409988E-03
3.722767E-02 -8.008990E-03 -1.779308E-03
3.666023E-02 -7.273856E-03 -1.965264E-03
3.688741E-02 -7.747149E-03 -1.595576E-03
3.634535E-02 -7.053974E-03 -1.737048E-03
3.605937E-02 -6.540390E-03 -2.093082E-03
3.544177E-02 -5.819399E-03 -2.162452E-03
3.578259E-02 -6.368988E-03 -1.831965E-03
3.521153E-02 -5.699261E-03 -1.880968E-03
3.482224E-02 -5.117873E-03 -2.176088E-03
3.421302E-02 -4.439454E-03 -2.137882E-03
3.464290E-02 -5.049075E-03 -1.886430E-03
3.408550E-02 -4.420427E-03 -1.851246E-03
3.362401E-02 -3.785503E-03 -2.051523E-03
3.306352E-02 -3.156370E-03 -1.919735E-03
3.354657E-02 -3.813832E-03 -1.777986E-03
3.303229E-02 -3.229218E-03 -1.668460E-03
3.253925E-02 -2.552608E-03 -1.744117E-03
3.205916E-02 -1.976061E-03 -1.525552E-03
3.254854E-02 -2.666753E-03 -1.523662E-03
3.210143E-02 -2.127575E-03 -1.344056E-03
3.163199E-02 -1.430583E-03 -1.264911E-03
3.126736E-02 -9.225888E-04 -9.642363E-04
3.169768E-02 -1.614324E-03 -1.130075E-03
3.134476E-02 -1.131529E-03 -8.829026E-04
3.097510E-02 -4.609953E-04 -6.280877E-04
3.076384E-02 -5.643473E-05 -2.648198E-04
3.105047E-02 -6.856411E-04 -6.053785E-04
3.082212E-02 -2.846438E-04 -3.029147E-04
3.063889E-02 2.804235E-04 1.126914E-04
3.060002E-02 5.412854E-04 4.874553E-04
3.066521E-02 6.291289E-05 1.584720E-05
3.058183E-02 3.494121E-04 3.389825E-04
3.063998E-02 7.227331E-04 8.402461E-04
3.074466E-02 8.278302E-04 1.152662E-03
3.056933E-02 5.699427E-04 6.521259E-04
3.061979E-02 7.238102E-04 9.402274E-04
3.089520E-02 8.660393E-04 1.410360E-03
3.107129E-02 8.514081E-04 1.605236E-03
3.072069E-02 8.151962E-04 1.189818E-03
3.085679E-02 8.526454E-04 1.391063E-03
3.125455E-02 7.998002E-04 1.735843E-03
3.143070E-02 7.262497E-04 1.806224E-03
3.101245E-02 8.475526E-04 1.538919E-03
3.117382E-02 8.122211E-04 1.633134E-03
3.159036E-02 6.431937E-04 1.823928E-03
3.172866E-02 5.597655E-04 1.798024E-03
3.133015E-02 7.581300E-04 1.677305E-03
3.147427E-02 6.948089E-04 1.677491E-03
3.184418E-02 4.819081E-04 1.737600E-03
3.193784E-02 4.129354E-04 1.650860E-03
3.160222E-02 6.293908E-04 1.640864E-03
3.171260E-02 5.666915E-04 1.574668E-03
3.201186E-02 3.542283E-04 1.544729E-03
3.206900E-02 3.058786E-04 1.424772E-03
3.180573E-02 5.095870E-04 1.485567E-03
3.188293E-02 4.594978E-04 1.379318E-03
3.211201E-02 2.671970E-04 1.295297E-03
3.214329E-02 2.370698E-04 1.159518E-03
3.194590E-02 4.168497E-04 1.260663E-03
3.199629E-02 3.814423E-04 1.133342E-03
3.216463E-02 2.141895E-04 1.019744E-03
3.217759E-02 1.972021E-04 8.775659E-04
3.203533E-02 3.527004E-04 1.000172E-03
3.206417E-02 3.298367E-04 8.631655E-04
3.218870E-02 1.848033E-04 7.340275E-04
3.224411E-02 1.757941E-04 5.897752E-04
3.208904E-02 3.119764E-04 7.236954E-04
3.215586E-02 2.982552E-04 5.826598E-04
3.262893E-02 1.691032E-04 4.452391E-04
3.492261E-02 1.637979E-04 3.009427E-04
3.254954E-02 2.878643E-04 4.406735E-04
3.484898E-02 2.800474E-04 2.983745E-04
4.728595E-02 1.591006E-04 1.579750E-04
1.088171E-01 1.543162E-04 1.470318E-05
4.721268E-02 2.740997E-04 1.568758E-04
1.087275E-01 2.692055E-04 1.452378E-05
3.323421E-02 -1.434792E-02 1.186229E-04
-2.567649E-02 -1.486446E-02 -2.776755E-06
3.991075E-02 -1.384785E-02 1.862357E-04
3.326374E-02 -1.440798E-02 8.532750E-05
-2.563089E-02 -1.496760E-02 -1.232923E-07
3.991155E-02 -1.386365E-02 1.274469E-04
4.014650E-02 -1.335629E-02 1.975432E-04
3.978212E-02 -1.286449E-02 1.544089E-04
4.011361E-02 -1.332679E-02 1.230889E-04
3.971154E-02 -1.278950E-02 7.386077E-05
3.947833E-02 -1.236333E-02 6.011790E-05
3.922075E-02 -1.184433E-02 -7.976431E-05
3.936708E-02 -1.224417E-02 -1.692845E-05
3.906780E-02 -1.168472E-02 -1.436661E-04
3.896123E-02 -1.130079E-02 -2.568541E-04
3.867313E-02 -1.072865E-02 -4.599603E-04
3.876823E-02 -1.110724E-02 -2.981733E-04
3.844474E-02 -1.051026E-02 -4.702058E-04
3.834356E-02 -1.012725E-02 -6.758420E-04
3.796751E-02 -9.499510E-03 -8.905823E-04
3.808738E-02 -9.894923E-03 -6.485416E-04
3.769355E-02 -9.264886E-03 -8.222082E-04
3.754569E-02 -8.851588E-03 -1.091209E-03
3.708336E-02 -8.191806E-03 -1.267134E-03
3.726539E-02 -8.625811E-03 -9.816066E-04
3.680822E-02 -7.984433E-03 -1.119342E-03
3.658892E-02 -7.529212E-03 -1.411029E-03
3.607238E-02 -6.872166E-03 -1.518961E-03
3.632935E-02 -7.347513E-03 -1.230598E-03
3.583679E-02 -6.720937E-03 -1.313012E-03
3.554387E-02 -6.227343E-03 -1.589867E-03
3.501265E-02 -5.599309E-03 -1.624657E-03
3.533835E-02 -6.109164E-03 -1.366176E-03
3.484097E-02 -5.515043E-03 -1.390954E-03
3.448659E-02 -4.990610E-03 -1.625245E-03
3.397216E-02 -4.402208E-03 -1.593752E-03
3.435051E-02 -4.939972E-03 -1.388809E-03
3.387177E-02 -4.384243E-03 -1.361263E-03
3.347472E-02 -3.834088E-03 -1.531965E-03
3.299895E-02 -3.285889E-03 -1.441085E-03
3.340879E-02 -3.847490E-03 -1.309552E-03
3.296516E-02 -3.329147E-03 -1.234461E-03
3.254938E-02 -2.757486E-03 -1.321708E-03
3.213074E-02 -2.249512E-03 -1.174036E-03
3.254439E-02 -2.828874E-03 -1.136330E-03
3.215022E-02 -2.346926E-03 -1.015202E-03
3.174830E-02 -1.763738E-03 -9.982340E-04
3.140791E-02 -1.303364E-03 -7.949542E-04
3.178679E-02 -1.884447E-03 -8.710787E-04
3.145876E-02 -1.443686E-03 -7.042899E-04
3.111580E-02 -8.730893E-04 -5.659671E-04
3.087811E-02 -4.789149E-04 -3.148129E-04
3.117118E-02 -1.028073E-03 -5.159305E-04
3.092914E-02 -6.421359E-04 -3.083311E-04
3.069998E-02 -1.275912E-04 -4.733873E-05
3.058449E-02 1.743173E-04 2.280890E-04
3.073728E-02 -2.911723E-04 -8.547663E-05
3.059898E-02 1.933181E-05 1.467501E-04
3.053159E-02 4.216383E-04 5.009028E-04
3.053740E-02 6.118027E-04 7.592842E-04
3.051558E-02 2.845110E-04 3.806363E-04
3.048572E-02 5.010249E-04 6.071225E-04
3.059417E-02 7.456843E-04 9.916233E-04
3.069117E-02 8.277498E-04 1.188123E-03
3.050502E-02 6.678372E-04 8.166919E-04
3.056635E-02 7.866342E-04 1.000508E-03
3.081608E-02 8.654344E-04 1.342072E-03
3.095675E-02 8.679536E-04 1.450434E-03
3.066061E-02 8.617260E-04 1.151517E-03
3.077785E-02 8.994543E-04 1.265224E-03
3.110253E-02 8.449436E-04 1.513676E-03
3.124514E-02 8.053077E-04 1.535023E-03
3.090844E-02 9.072872E-04 1.339963E-03
3.104401E-02 8.928655E-04 1.376664E-03
3.137889E-02 7.564848E-04 1.519477E-03
3.150046E-02 7.041619E-04 1.472867E-03
3.117796E-02 8.632249E-04 1.378278E-03
3.130560E-02 8.243099E-04 1.349048E-03
3.160836E-02 6.523329E-04 1.401110E-03
3.170240E-02 6.035639E-04 1.309730E-03
3.142394E-02 7.807860E-04 1.293837E-03
3.153136E-02 7.360852E-04 1.217582E-03
3.178312E-02 5.593424E-04 1.203588E-03
3.185121E-02 5.204139E-04 1.086753E-03
3.162715E-02 6.926007E-04 1.124939E-03
3.171104E-02 6.519528E-04 1.020066E-03
3.190719E-02 4.870359E-04 9.624428E-04
3.195160E-02 4.591198E-04 8.330263E-04
3.178274E-02 6.152423E-04 9.064704E-04
3.184209E-02 5.831843E-04 7.868459E-04
3.199020E-02 4.363283E-04 7.001255E-04
3.206856E-02 4.182175E-04 5.648197E-04
3.189418E-02 5.560939E-04 6.629816E-04
3.198404E-02 5.339614E-04 5.359404E-04
3.247120E-02 4.043581E-04 4.278888E-04
3.477643E-02 3.943145E-04 2.901349E-04
3.239563E-02 5.167743E-04 4.064848E-04
3.470640E-02 5.046932E-04 2.756089E-04
4.714052E-02 3.875144E-04 1.527478E-04
1.086392E-01 3.826056E-04 1.413833E-05
4.707055E-02 4.976247E-04 1.449144E-04
1.085540E-01 4.921194E-04 1.372110E-05
3.328046E-02 -1.444403E-02 5.458634E-05
-2.559895E-02 -1.503968E-02 4.720493E-06
3.990092E-02 -1.386188E-02 7.678687E-05
3.328547E-02 -1.445560E-02 2.591137E-05
-2.558100E-02 -1.507820E-02 1.269609E-05
3.988083E-02 -1.384370E-02 3.700882E-05
4.007102E-02 -1.328642E-02 6.230008E-05
3.963347E-02 -1.271024E-02 1.170953E-05
4.002247E-02 -1.323724E-02 1.798695E-05
3.955316E-02 -1.262841E-02 -3.115288E-05
3.925164E-02 -1.212755E-02 -7.205270E-05
3.891565E-02 -1.153504E-02 -1.834740E-04
3.913875E-02 -1.201463E-02 -1.067714E-04
3.877200E-02 -1.139589E-02 -2.025510E-04
3.858262E-02 -1.093132E-02 -3.147840E-04
3.823126E-02 -1.031664E-02 -4.571090E-04
3.841199E-02 -1.077255E-02 -3.113855E-04
3.803920E-02 -1.014566E-02 -4.263400E-04
3.785368E-02 -9.693021E-03 -6.014953E-04
3.744872E-02 -9.064125E-03 -7.396876E-04
3.764718E-02 -9.517507E-03 -5.408071E-04
3.723557E-02 -8.891452E-03 -6.488501E-04
3.701900E-02 -8.434767E-03 -8.647930E-04
3.656941E-02 -7.810159E-03 -9.717211E-04
3.680700E-02 -8.271414E-03 -7.456389E-04
3.636567E-02 -7.661312E-03 -8.277039E-04
3.610597E-02 -7.195190E-03 -1.057303E-03
3.563500E-02 -6.593880E-03 -1.120095E-03
3.591646E-02 -7.064584E-03 -8.929535E-04
3.546426E-02 -6.483868E-03 -9.404810E-04
3.516247E-02 -6.009091E-03 -1.159971E-03
3.469359E-02 -5.442478E-03 -1.177629E-03
3.501362E-02 -5.920876E-03 -9.702619E-04
3.456846E-02 -5.376414E-03 -9.828081E-04
3.423276E-02 -4.894650E-03 -1.174136E-03
3.378361E-02 -4.365441E-03 -1.150559E-03
3.413210E-02 -4.850533E-03 -9.788602E-04
3.370729E-02 -4.342740E-03 -9.591411E-04
3.334919E-02 -3.854245E-03 -1.107736E-03
3.293231E-02 -3.360348E-03 -1.046168E-03
3.329639E-02 -3.852253E-03 -9.242034E-04
3.290160E-02 -3.378243E-03 -8.743536E-04
3.253572E-02 -2.883243E-03 -9.660293E-04
3.216239E-02 -2.422907E-03 -8.672713E-04
3.252511E-02 -2.920079E-03 -8.096622E-04
3.216930E-02 -2.477527E-03 -7.300340E-04
3.181563E-02 -1.980023E-03 -7.498085E-04
3.149921E-02 -1.556145E-03 -6.137751E-04
3.183688E-02 -2.050929E-03 -6.353430E-04
3.153092E-02 -1.641337E-03 -5.256119E-04
3.121723E-02 -1.153785E-03 -4.598385E-04
3.097399E-02 -7.763680E-04 -2.895370E-04
3.125483E-02 -1.250582E-03 -4.012382E-04
3.101222E-02 -8.812722E-04 -2.632361E-04
3.077355E-02 -4.280524E-04 -1.056009E-04
3.061927E-02 -1.133583E-04 8.782427E-05
3.080668E-02 -5.366850E-04 -1.134807E-04
3.064138E-02 -2.205319E-04 4.510655E-05
3.051319E-02 1.633704E-04 2.851351E-04
3.045547E-02 3.986202E-04 4.794958E-04
3.051867E-02 6.340199E-05 2.084744E-04
3.043958E-02 3.117246E-04 3.715311E-04
3.044400E-02 5.903510E-04 6.633563E-04
3.047436E-02 7.384742E-04 8.292140E-04
3.040351E-02 5.219390E-04 5.284321E-04
3.040799E-02 6.928903E-04 6.730727E-04
3.054017E-02 8.450199E-04 9.704619E-04
3.063372E-02 9.139417E-04 1.082132E-03
3.044876E-02 8.250398E-04 7.996951E-04
3.052012E-02 9.205028E-04 9.035078E-04
3.074687E-02 9.506074E-04 1.161351E-03
3.087182E-02 9.611241E-04 1.207433E-03
3.061551E-02 9.828289E-04 9.811653E-04
3.072808E-02 1.016593E-03 1.031026E-03
3.100176E-02 9.516655E-04 1.221641E-03
3.113120E-02 9.279404E-04 1.206720E-03
3.085129E-02 1.026894E-03 1.053134E-03
3.097935E-02 1.018879E-03 1.048993E-03
3.125604E-02 8.948609E-04 1.166359E-03
3.137340E-02 8.564137E-04 1.104684E-03
3.110741E-02 9.973656E-04 1.021175E-03
3.123165E-02 9.666072E-04 9.729120E-04
3.148141E-02 8.156931E-04 1.025870E-03
3.157881E-02 7.750551E-04 9.338906E-04
3.134910E-02 9.301924E-04 9.077112E-04
3.145751E-02 8.910717E-04 8.291057E-04
3.166453E-02 7.363456E-04 8.323747E-04
3.173778E-02 7.010967E-04 7.243969E-04
3.155505E-02 8.517022E-04 7.405685E-04
3.164054E-02 8.143015E-04 6.455318E-04
3.180298E-02 6.704453E-04 6.120505E-04
3.190439E-02 6.448126E-04 4.961414E-04
3.171817E-02 7.809623E-04 5.470066E-04
3.183166E-02 7.529007E-04 4.461433E-04
3.232517E-02 6.242570E-04 3.767235E-04
3.464119E-02 6.096579E-04 2.544120E-04
3.226319E-02 7.293769E-04 3.411124E-04
3.458610E-02 7.101578E-04 2.291861E-04
4.700409E-02 6.026592E-04 1.317420E-04
1.084733E-01 5.931015E-04 1.265640E-05
4.694591E-02 7.003138E-04 1.115837E-04
1.083984E-01 6.734918E-04 4.281959E-06
3.327245E-02 -1.443485E-02 7.162969E-06
-2.558264E-02 -1.507690E-02 1.698110E-05
3.985086E-02 -1.380671E-02 1.899836E-05
3.321710E-02 -1.436675E-02 6.744924E-05
-2.562194E-02 -1.510273E-02 1.879588E-06
3.981006E-02 -1.374014E-02 7.204479E-05
3.997089E-02 -1.317626E-02 -3.440806E-06
3.947545E-02 -1.253883E-02 -5.350225E-05
3.992092E-02 -1.308400E-02 2.722978E-05
3.940700E-02 -1.241853E-02 -3.336874E-05
3.903462E-02 -1.189949E-02 -1.222767E-04
3.864316E-02 -1.126071E-02 -2.026572E-04
3.894517E-02 -1.175861E-02 -9.534004E-05
3.853378E-02 -1.110515E-02 -1.593568E-04
3.826190E-02 -1.062317E-02 -2.900952E-04
3.787288E-02 -9.988094E-03 -3.802906E-04
3.813597E-02 -1.045776E-02 -2.262897E-04
3.773490E-02 -9.817407E-03 -2.943082E-04
3.747067E-02 -9.357757E-03 -4.687747E-04
3.705527E-02 -8.735108E-03 -5.514110E-04
3.732560E-02 -9.186228E-03 -3.604251E-04
3.690819E-02 -8.566839E-03 -4.217257E-04
3.662911E-02 -8.123295E-03 -6.248666E-04
3.619570E-02 -7.525217E-03 -6.867898E-04
3.648479E-02 -7.961803E-03 -4.759205E-04
3.605831E-02 -7.373260E-03 -5.214252E-04
3.575890E-02 -6.943226E-03 -7.357962E-04
3.532250E-02 -6.378954E-03 -7.712986E-04
3.563180E-02 -6.802778E-03 -5.573316E-04
3.520820E-02 -6.251265E-03 -5.832484E-04
3.488993E-02 -5.833287E-03 -7.932967E-04
3.446416E-02 -5.306420E-03 -8.021340E-04
3.479009E-02 -5.719018E-03 -5.991751E-04
3.437974E-02 -5.205791E-03 -6.053212E-04
3.404770E-02 -4.797997E-03 -7.983018E-04
3.364264E-02 -4.307286E-03 -7.822685E-04
3.397904E-02 -4.710937E-03 -6.019986E-04
3.358962E-02 -4.233535E-03 -5.894922E-04
3.325083E-02 -3.833367E-03 -7.543847E-04
3.287401E-02 -3.375324E-03 -7.148239E-04
3.321293E-02 -3.772565E-03 -5.680155E-04
3.285036E-02 -3.327033E-03 -5.376534E-04
3.251395E-02 -2.932425E-03 -6.635961E-04
3.217262E-02 -2.504279E-03 -6.005882E-04
3.250339E-02 -2.896134E-03 -4.983866E-04
3.217366E-02 -2.479358E-03 -4.501025E-04
3.185223E-02 -2.090981E-03 -5.256662E-04
3.155536E-02 -1.693209E-03 -4.387941E-04
3.186304E-02 -2.076618E-03 -3.926807E-04
3.157374E-02 -1.688324E-03 -3.260594E-04
3.128487E-02 -1.312300E-03 -3.402020E-04
3.104387E-02 -9.502551E-04 -2.305543E-04
3.130820E-02 -1.315456E-03 -2.503689E-04
3.106915E-02 -9.595655E-04 -1.660358E-04
3.083550E-02 -6.096823E-04 -1.111362E-04
3.066273E-02 -2.936435E-04 1.600444E-05
3.085939E-02 -6.227664E-04 -7.393338E-05
3.068167E-02 -3.076154E-04 2.452574E-05
3.052799E-02 -5.412500E-06 1.479637E-04
3.043284E-02 2.518601E-04 2.810063E-04
3.053841E-02 -1.695979E-05 1.272983E-04
3.043143E-02 2.463165E-04 2.317117E-04
3.037759E-02 4.755276E-04 4.107109E-04
3.036113E-02 6.638356E-04 5.322882E-04
3.036165E-02 4.795701E-04 3.345142E-04
3.032887E-02 6.807383E-04 4.320964E-04
3.038082E-02 8.162153E-04 6.409872E-04
3.043262E-02 9.334452E-04 7.325769E-04
3.033160E-02 8.486015E-04 5.207374E-04
3.036707E-02 9.830128E-04 5.969690E-04
3.051140E-02 1.017618E-03 8.037634E-04
3.061136E-02 1.071946E-03 8.524996E-04
3.043136E-02 1.084964E-03 6.578890E-04
3.051970E-02 1.156555E-03 7.014644E-04
3.072653E-02 1.100432E-03 8.780891E-04
3.085116E-02 1.107504E-03 8.811225E-04
3.062674E-02 1.200801E-03 7.266668E-04
3.074699E-02 1.221396E-03 7.335179E-04
3.098003E-02 1.097658E-03 8.632368E-04
3.110859E-02 1.075185E-03 8.268070E-04
3.087511E-02 1.222404E-03 7.229476E-04
3.100610E-02 1.207998E-03 6.965981E-04
3.123302E-02 1.043976E-03 7.745996E-04
3.135007E-02 1.007453E-03 7.095200E-04
3.113546E-02 1.182212E-03 6.565172E-04
3.125910E-02 1.148795E-03 6.049045E-04
3.145700E-02 9.686130E-04 6.345507E-04
3.155215E-02 9.302694E-04 5.531066E-04
3.137326E-02 1.111191E-03 5.439651E-04
3.147515E-02 1.072866E-03 4.763970E-04
3.164021E-02 8.954237E-04 4.696259E-04
3.176626E-02 8.670101E-04 3.885911E-04
3.156913E-02 1.038043E-03 4.072429E-04
3.170375E-02 1.012391E-03 3.471690E-04
3.221294E-02 8.440928E-04 3.083798E-04
3.455239E-02 8.184444E-04 2.166083E-04
3.217074E-02 1.000126E-03 3.095573E-04
3.455153E-02 9.822533E-04 2.797992E-04
4.691666E-02 7.919205E-04 9.732921E-05
1.083337E-01 7.179385E-04 -3.626106E-05
4.697309E-02 9.203401E-04 1.878569E-04
1.083130E-01 8.296452E-04 -1.233485E-04
3.310121E-02 -1.425959E-02 5.464779E-04
-2.569770E-02 -1.578102E-02 1.068938E-04
3.977011E-02 -1.359309E-02 4.213882E-04
3.309598E-02 -1.415389E-02 2.896036E-03
-2.547050E-02 -1.991217E-02 1.753267E-03
3.979345E-02 -1.313717E-02 2.290843E-03
3.988701E-02 -1.288716E-02 2.981238E-04
3.935590E-02 -1.219364E-02 2.275203E-04
3.988183E-02 -1.235455E-02 2.104899E-03
3.931949E-02 -1.164085E-02 2.059319E-03
3.887397E-02 -1.151820E-02 1.797367E-04
3.844634E-02 -1.085521E-02 1.346025E-04
3.881989E-02 -1.096029E-02 2.038316E-03
3.838173E-02 -1.029370E-02 2.012265E-03
3.803629E-02 -1.020164E-02 8.707657E-05
3.762668E-02 -9.558024E-03 3.848301E-05
3.796396E-02 -9.636646E-03 1.980662E-03
3.754886E-02 -8.990731E-03 1.947195E-03
3.721260E-02 -8.926607E-03 -8.676572E-06
3.679421E-02 -8.309864E-03 -5.222296E-05
3.713171E-02 -8.358949E-03 1.914585E-03
3.671288E-02 -7.743789E-03 1.884370E-03
3.637334E-02 -7.709983E-03 -9.061127E-05
3.595246E-02 -7.128553E-03 -1.228008E-04
3.629397E-02 -7.147228E-03 1.857564E-03
3.587718E-02 -6.570444E-03 1.834729E-03
3.553399E-02 -6.566605E-03 -1.482200E-04
3.512023E-02 -6.024525E-03 -1.666036E-04
3.546442E-02 -6.014142E-03 1.816269E-03
3.505765E-02 -5.478327E-03 1.802290E-03
3.471316E-02 -5.502218E-03 -1.779509E-04
3.431454E-02 -4.999107E-03 -1.823714E-04
3.465835E-02 -4.962677E-03 1.792871E-03
3.426798E-02 -4.466360E-03 1.787895E-03
3.392580E-02 -4.514352E-03 -1.800569E-04
3.354824E-02 -4.046877E-03 -1.711633E-04
3.388762E-02 -3.988436E-03 1.787333E-03
3.351840E-02 -3.527683E-03 1.791034E-03
3.318300E-02 -3.595599E-03 -1.558176E-04
3.283127E-02 -3.159445E-03 -1.340470E-04
3.316119E-02 -3.083003E-03 1.799012E-03
3.281709E-02 -2.653232E-03 1.811188E-03
3.249427E-02 -2.737570E-03 -1.058267E-04
3.217342E-02 -2.329359E-03 -7.105503E-05
3.248709E-02 -2.237526E-03 1.827671E-03
3.217255E-02 -1.835163E-03 1.848458E-03
3.187036E-02 -1.934618E-03 -2.963881E-05
3.158701E-02 -1.553543E-03 1.849019E-05
3.187484E-02 -1.445906E-03 1.873704E-03
3.159581E-02 -1.069780E-03 1.903387E-03
3.132554E-02 -1.186884E-03 7.325883E-05
3.108837E-02 -8.358552E-04 1.344074E-04
3.133733E-02 -7.074098E-04 1.937567E-03
3.110172E-02 -3.597507E-04 1.976020E-03
3.087805E-02 -5.022298E-04 2.013595E-04
3.069715E-02 -1.881728E-04 2.731779E-04
3.089126E-02 -2.838190E-05 2.018503E-03
3.070847E-02 2.848418E-04 2.064366E-03
3.054804E-02 1.037839E-04 3.484848E-04
3.043268E-02 3.710096E-04 4.254620E-04
3.055557E-02 5.775876E-04 2.112879E-03
3.043468E-02 8.474387E-04 2.162856E-03
3.035233E-02 6.109106E-04 5.018173E-04
3.030741E-02 8.213005E-04 5.749863E-04
3.034718E-02 1.091834E-03 2.212897E-03
3.029394E-02 1.308575E-03 2.261284E-03
3.029720E-02 1.000547E-03 6.422397E-04
3.031990E-02 1.147910E-03 7.009632E-04
3.027467E-02 1.495757E-03 2.306325E-03
3.028828E-02 1.652310E-03 2.346189E-03
3.037249E-02 1.263578E-03 7.488491E-04
3.045104E-02 1.348830E-03 7.841704E-04
3.033231E-02 1.777855E-03 2.379365E-03
3.040357E-02 1.873138E-03 2.404510E-03
3.055082E-02 1.405856E-03 8.058834E-04
3.066669E-02 1.437719E-03 8.137393E-04
3.049768E-02 1.939713E-03 2.420873E-03
3.060993E-02 1.980191E-03 2.428044E-03
3.079330E-02 1.448024E-03 8.081884E-04
3.092544E-02 1.440779E-03 7.902948E-04
3.073493E-02 1.997758E-03 2.426265E-03
3.086748E-02 1.996288E-03 2.416039E-03
3.105811E-02 1.420027E-03 7.614688E-04
3.118665E-02 1.389724E-03 7.232392E-04
3.100219E-02 1.979762E-03 2.398315E-03
3.113412E-02 1.952305E-03 2.373943E-03
3.130645E-02 1.353502E-03 6.769111E-04
3.141322E-02 1.315161E-03 6.237228E-04
3.125814E-02 1.917520E-03 2.343574E-03
3.136931E-02 1.878735E-03 2.306697E-03
3.150845E-02 1.280255E-03 5.669173E-04
3.163879E-02 1.259564E-03 5.199868E-04
3.146587E-02 1.840311E-03 2.262161E-03
3.158341E-02 1.815527E-03 2.215148E-03
3.211033E-02 1.269711E-03 5.234818E-04
3.455414E-02 1.318639E-03 6.441585E-04
3.200672E-02 1.844973E-03 2.211649E-03
3.438361E-02 2.023172E-03 2.425499E-03
4.715963E-02 1.318166E-03 8.041141E-04
1.084841E-01 1.906643E-03 1.494987E-04
4.713301E-02 2.642492E-03 3.423299E-03
1.091851E-01 7.659541E-03 3.736231E-03
3.374237E-02 -1.338295E-02 1.416221E-02
-2.291870E-02 -3.335230E-02 1.204118E-02
3.994915E-02 -1.176215E-02 1.355486E-02
3.644950E-02 -1.284240E-02 8.021224E-02
-1.056138E-02 -4.428118E-02 6.425951E-02
4.077843E-02 -1.085683E-02 8.107270E-02
3.987698E-02 -1.087924E-02 1.345221E-02
3.928258E-02 -1.017593E-02 1.346562E-02
4.005665E-02 -9.897113E-03 8.134337E-02
3.929375E-02 -9.211465E-03 8.141395E-02
3.878019E-02 -9.505676E-03 1.346448E-02
3.834025E-02 -8.839140E-03 1.344384E-02
3.876038E-02 -8.549090E-03 8.137673E-02
3.831678E-02 -7.881184E-03 8.130021E-02
3.791888E-02 -8.178862E-03 1.341461E-02
3.750084E-02 -7.529761E-03 1.338347E-02
3.789517E-02 -7.216795E-03 8.121208E-02
3.747636E-02 -6.563826E-03 8.112085E-02
3.708176E-02 -6.896286E-03 1.335243E-02
3.666288E-02 -6.280521E-03 1.332277E-02
3.705700E-02 -5.926864E-03 8.102824E-02
3.663788E-02 -5.308347E-03 8.093516E-02
3.624505E-02 -5.684686E-03 1.329463E-02
3.583090E-02 -5.109281E-03 1.326874E-02
3.622066E-02 -4.710026E-03 8.084184E-02
3.580719E-02 -4.132711E-03 8.074901E-02
3.542143E-02 -4.555238E-03 1.324494E-02
3.501899E-02 -4.021914E-03 1.322373E-02
3.539913E-02 -3.576868E-03 8.065684E-02
3.499799E-02 -3.042193E-03 8.056600E-02
3.462417E-02 -3.509277E-03 1.320482E-02
3.423888E-02 -3.015909E-03 1.318858E-02
3.460503E-02 -2.528188E-03 8.047655E-02
3.422135E-02 -2.033805E-03 8.038901E-02
3.386338E-02 -2.541235E-03 1.317464E-02
3.349928E-02 -2.083505E-03 1.316336E-02
3.384786E-02 -1.558009E-03 8.030336E-02
3.348544E-02 -1.099451E-03 8.022007E-02
3.314672E-02 -1.642038E-03 1.315437E-02
3.280734E-02 -1.215165E-03 1.314808E-02
3.313487E-02 -6.569937E-04 8.013906E-02
3.279707E-02 -2.293896E-04 8.006082E-02
3.248140E-02 -8.024791E-04 1.314417E-02
3.217081E-02 -4.027429E-04 1.314308E-02
3.247298E-02 1.842291E-04 7.998531E-02
3.216378E-02 5.846685E-04 7.991313E-02
3.187623E-02 -1.613794E-05 1.314455E-02
3.160000E-02 3.578673E-04 1.314903E-02
3.187080E-02 9.722237E-04 7.984435E-02
3.159568E-02 1.346992E-03 7.977969E-02
3.134328E-02 7.182705E-04 1.315623E-02
3.110889E-02 1.064722E-03 1.316654E-02
3.134022E-02 1.708469E-03 7.971938E-02
3.110654E-02 2.055870E-03 7.966432E-02
3.089840E-02 1.395301E-03 1.317954E-02
3.071485E-02 1.708779E-03 1.319543E-02
3.089684E-02 2.387796E-03 7.961485E-02
3.071347E-02 2.702598E-03 7.957196E-02
3.055988E-02 2.002572E-03 1.321371E-02
3.043607E-02 2.274798E-03 1.323433E-02
3.055864E-02 2.998120E-03 7.953616E-02
3.043444E-02 3.272006E-03 7.950840E-02
3.034442E-02 2.522427E-03 1.325607E-02
3.028657E-02 2.743750E-03 1.327859E-02
3.034243E-02 3.521854E-03 7.948868E-02
3.028367E-02 3.745401E-03 7.947769E-02
3.026194E-02 2.936231E-03 1.330061E-02
3.027035E-02 3.099102E-03 1.332167E-02
3.025828E-02 3.940609E-03 7.947518E-02
3.026554E-02 4.106095E-03 7.948136E-02
3.030919E-02 3.231175E-03 1.334044E-02
3.037615E-02 3.333362E-03 1.335662E-02
3.030355E-02 4.241120E-03 7.949543E-02
3.036950E-02 4.345933E-03 7.951701E-02
3.046664E-02 3.406342E-03 1.336915E-02
3.057669E-02 3.452926E-03 1.337810E-02
3.045948E-02 4.421649E-03 7.954475E-02
3.056896E-02 4.470422E-03 7.957776E-02
3.070044E-02 3.475535E-03 1.338285E-02
3.083319E-02 3.478429E-03 1.338389E-02
3.069271E-02 4.495151E-03 7.961431E-02
3.082537E-02 4.499507E-03 7.965329E-02
3.096882E-02 3.465066E-03 1.338101E-02
3.110272E-02 3.440217E-03 1.337487E-02
3.096134E-02 4.487516E-03 7.969284E-02
3.109513E-02 4.463475E-03 7.973180E-02
3.122906E-02 3.407050E-03 1.336497E-02
3.134380E-02 3.368581E-03 1.335015E-02
3.122086E-02 4.431204E-03 7.976779E-02
3.133101E-02 4.392845E-03 7.979648E-02
3.144447E-02 3.324358E-03 1.332413E-02
3.155626E-02 3.279013E-03 1.327534E-02
3.141037E-02 4.346116E-03 7.980154E-02
3.142707E-02 4.287912E-03 7.973169E-02
3.189490E-02 3.284846E-03 1.320521E-02
3.388981E-02 3.603712E-03 1.324808E-02
3.140827E-02 4.266951E-03 7.946489E-02
3.235770E-02 4.633105E-03 7.893709E-02
4.563505E-02 5.221985E-03 1.434458E-02
1.101680E-01 2.528450E-02 2.316775E-02
4.221766E-02 6.515899E-03 7.915634E-02
1.216932E-01 3.684724E-02 1.200353E-01
4.387179E-02 -1.076909E-02 -2.510811E-02
2.366568E-02 4.973321E-03 2.904843E-02
-6.613444E-02 3.759641E-03 5.736045E-03
3.844477E-02 -8.097636E-04 3.455781E-02
3.819049E-02 -9.074212E-03 -2.563081E-02
3.873872E-02 4.124887E-03 2.663701E-02
3.834830E-02 3.144166E-03 2.748211E-02
-6.613444E-02 3.759641E-03 -5.736045E-03
2.366568E-02 4.973321E-03 -2.904843E-02
4.387179E-02 -1.076909E-02 2.510811E-02
3.844477E-02 -8.097635E-04 -3.455781E-02
3.873872E-02 4.124887E-03 -2.663701E-02
3.819049E-02 -9.074212E-03 2.563081E-02
3.834830E-02 3.144166E-03 -2.748211E-02
3.807335E-02 -9.840077E-03 -2.528285E-02
3.860112E-02 3.507971E-03 2.646886E-02
3.833486E-02 3.232082E-03 2.665820E-02
3.821579E-02 -1.023408E-02 -2.511860E-02
3.840656E-02 3.076192E-03 2.655828E-02
3.825994E-02 2.931258E-03 2.653379E-02
3.860112E-02 3.507971E-03 -2.646886E-02
3.807335E-02 -9.840077E-03 2.528285E-02
3.833486E-02 3.232082E-03 -2.665820E-02
3.840656E-02 3.076192E-03 -2.655828E-02
3.821579E-02 -1.023408E-02 2.511860E-02
3.825994E-02 2.931258E-03 -2.653379E-02
3.815960E-02 -1.037119E-02 -2.509477E-02
3.819094E-02 2.758196E-03 2.651107E-02
3.806028E-02 2.621762E-03 2.646402E-02
3.797817E-02 -1.041552E-02 -2.509414E-02
3.793464E-02 2.467200E-03 2.643329E-02
3.778874E-02 2.329350E-03 2.638817E-02
3.819094E-02 2.758196E-03 -2.651107E-02
3.815960E-02 -1.037119E-02 2.509477E-02
3.806028E-02 2.621762E-03 -2.646402E-02
3.793464E-02 2.467200E-03 -2.643329E-02
3.797817E-02 -1.041552E-02 2.509414E-02
3.778874E-02 2.329350E-03 -2.638817E-02
3.772896E-02 -1.042731E-02 -2.508444E-02
3.763435E-02 2.185519E-03 2.634847E-02
3.746910E-02 2.047046E-03 2.630354E-02
3.743888E-02 -1.042580E-02 -2.506236E-02
3.729501E-02 1.906185E-03 2.625899E-02
3.711304E-02 1.765401E-03 2.621257E-02
3.763435E-02 2.185519E-03 -2.634847E-02
3.772896E-02 -1.042731E-02 2.508444E-02
3.746910E-02 2.047046E-03 -2.630354E-02
3.729501E-02 1.906185E-03 -2.625899E-02
3.743888E-02 -1.042580E-02 2.506236E-02
3.711304E-02 1.765401E-03 -2.621257E-02
3.712251E-02 -1.041931E-02 -2.502997E-02
3.692392E-02 1.621785E-03 2.616527E-02
3.672874E-02 1.475121E-03 2.611707E-02
3.679078E-02 -1.041419E-02 -2.498951E-02
3.652829E-02 1.323735E-03 2.606802E-02
3.632327E-02 1.166582E-03 2.601827E-02
3.692392E-02 1.621785E-03 -2.616527E-02
3.712251E-02 -1.041931E-02 2.502997E-02
3.672874E-02 1.475121E-03 -2.611707E-02
3.652829E-02 1.323735E-03 -2.606802E-02
3.679078E-02 -1.041419E-02 2.498951E-02
3.632327E-02 1.166582E-03 -2.601827E-02
3.645436E-02 -1.041717E-02 -2.494270E-02
3.611503E-02 1.002122E-03 2.596824E-02
3.590335E-02 8.289052E-04 2.591719E-02
3.612555E-02 -1.043633E-02 -2.489093E-02
3.569125E-02 6.452001E-04 2.586728E-02
3.547590E-02 4.490349E-04 2.581486E-02
3.611503E-02 1.002122E-03 -2.596824E-02
3.645436E-02 -1.041717E-02 2.494270E-02
3.590335E-02 8.289051E-04 -2.591719E-02
3.569125E-02 6.452000E-04 -2.586728E-02
3.612555E-02 -1.043633E-02 2.489093E-02
3.547590E-02 4.490348E-04 -2.581486E-02
3.582054E-02 -1.048232E-02 -2.483528E-02
3.526525E-02 2.384215E-04 2.576731E-02
3.504886E-02 1.027081E-05 2.571247E-02
3.556363E-02 -1.057053E-02 -2.477660E-02
3.484868E-02 -2.374418E-04 2.567271E-02
3.463225E-02 -5.102274E-04 2.561123E-02
3.526525E-02 2.384215E-04 -2.576732E-02
3.582054E-02 -1.048232E-02 2.483528E-02
3.504886E-02 1.027078E-05 -2.571247E-02
3.484868E-02 -2.374419E-04 -2.567271E-02
3.556363E-02 -1.057053E-02 2.477660E-02
3.463225E-02 -5.102274E-04 -2.561123E-02
3.539603E-02 -1.072569E-02 -2.471541E-02
3.446133E-02 -8.094001E-04 2.559336E-02
3.424062E-02 -1.147921E-03 2.551405E-02
3.539643E-02 -1.099182E-02 -2.465033E-02
3.414266E-02 -1.519656E-03 2.555522E-02
3.389591E-02 -1.958762E-03 2.541875E-02
3.446133E-02 -8.094001E-04 -2.559336E-02
3.539603E-02 -1.072569E-02 2.471541E-02
3.424062E-02 -1.147921E-03 -2.551405E-02
3.414266E-02 -1.519656E-03 -2.555522E-02
3.539643E-02 -1.099182E-02 2.465033E-02
3.389591E-02 -1.958762E-03 -2.541875E-02
3.573789E-02 -1.145929E-02 -2.457158E-02
3.398374E-02 -2.435279E-03 2.561612E-02
3.363893E-02 -3.056445E-03 2.531124E-02
3.690261E-02 -1.236634E-02 -2.440155E-02
3.421627E-02 -3.697269E-03 2.593065E-02
3.354914E-02 -4.726194E-03 2.513377E-02
3.398374E-02 -2.435279E-03 -2.561612E-02
3.573789E-02 -1.145929E-02 2.457158E-02
3.363893E-02 -3.056445E-03 -2.531124E-02
3.421627E-02 -3.697269E-03 -2.593065E-02
3.690261E-02 -1.236634E-02 2.440155E-02
3.354914E-02 -4.726194E-03 -2.513377E-02
4.056684E-02 -1.431758E-02 -2.344620E-02
3.555768E-02 -5.684332E-03 2.703105E-02
3.433706E-02 -8.040249E-03 2.511317E-02
4.577711E-02 -8.817691E-03 -1.282060E-02
4.424733E-02 -1.013496E-02 3.463839E-02
3.660374E-02 1.246119E-02 4.146452E-02
3.555768E-02 -5.684332E-03 -2.703105E-02
4.056684E-02 -1.431758E-02 2.344620E-02
3.433706E-02 -8.040249E-03 -2.511317E-02
4.424733E-02 -1.013496E-02 -3.463839E-02
4.577711E-02 -8.817691E-03 1.282060E-02
3.660374E-02 1.246119E-02 -4.146452E-02
2.679084E-02 1.936794E-02 8.613666E-03
2.718388E-02 3.004716E-02 1.998772E-04
4.112067E-02 1.304036E-02 -6.095725E-03
6.889752E-02 2.418030E-02 -3.207594E-11
4.112067E-02 1.304036E-02 6.095725E-03
2.718388E-02 3.004716E-02 -1.998772E-04
2.679084E-02 1.936794E-02 -8.613666E-03
4.875465E-02 -5.297313E-03 2.923351E-02
-4.483466E-03 2.104633E-01 4.060206E-02
-1.609508E-01 2.168909E-01 -7.115352E-02
3.291254E-02 2.049143E-01 5.165073E-02
-6.354266E-02 6.009702E+00 -1.059634E-08
-7.693195E-01 5.707539E+00 -7.438417E-09
6.075954E-03 5.964822E+00 -1.101796E-08
3.495734E-02 1.067192E-02 2.596765E-02
3.626721E-02 2.118315E-01 3.700818E-02
3.639554E-02 2.066569E-01 4.369326E-02
3.095006E-02 5.932584E+00 -1.116887E-08
3.290165E-02 5.889367E+00 -1.126850E-08
3.856275E-02 4.461505E-03 2.583906E-02
3.985511E-02 2.058467E-01 4.002417E-02
3.846188E-02 2.054442E-01 4.007641E-02
3.888784E-02 5.852983E+00 -1.135348E-08
3.850590E-02 5.813820E+00 -1.143156E-08
3.779312E-02 4.414952E-03 2.582976E-02
3.847785E-02 2.041890E-01 3.950465E-02
3.815998E-02 2.026937E-01 4.023048E-02
3.834464E-02 5.776237E+00 -1.149938E-08
3.804352E-02 5.739062E+00 -1.155843E-08
-4.483466E-03 2.104633E-01 -4.060207E-02
-1.609508E-01 2.168909E-01 7.115352E-02
3.291254E-02 2.049143E-01 -5.165073E-02
4.875465E-02 -5.297313E-03 -2.923351E-02
3.626721E-02 2.118315E-01 -3.700818E-02
3.639554E-02 2.066569E-01 -4.369326E-02
3.495734E-02 1.067192E-02 -2.596765E-02
3.985511E-02 2.058467E-01 -4.002417E-02
3.846188E-02 2.054442E-01 -4.007642E-02
3.856275E-02 4.461505E-03 -2.583906E-02
3.847785E-02 2.041890E-01 -3.950465E-02
3.815998E-02 2.026937E-01 -4.023048E-02
3.779312E-02 4.414952E-03 -2.582976E-02
3.851539E-02 3.592253E-03 2.691146E-02
3.857294E-02 2.014678E-01 4.003629E-02
3.856984E-02 2.003847E-01 3.972443E-02
3.847926E-02 5.703259E+00 -1.160873E-08
3.857756E-02 5.667493E+00 -1.165036E-08
3.837182E-02 3.373269E-03 2.637467E-02
3.849524E-02 1.991572E-01 3.953785E-02
3.837318E-02 1.979649E-01 3.957033E-02
3.849571E-02 5.631611E+00 -1.168293E-08
3.835471E-02 5.596068E+00 -1.170622E-08
3.838669E-02 3.202420E-03 2.669981E-02
3.837869E-02 1.967769E-01 3.949067E-02
3.837591E-02 1.956069E-01 3.934417E-02
3.836100E-02 5.560878E+00 -1.172031E-08
3.834276E-02 5.525836E+00 -1.172441E-08
3.832133E-02 2.997913E-03 2.650000E-02
3.833531E-02 1.944149E-01 3.921511E-02
3.825480E-02 1.932529E-01 3.913104E-02
3.830929E-02 5.490731E+00 -1.171878E-08
3.822373E-02 5.455720E+00 -1.170244E-08
3.857294E-02 2.014678E-01 -4.003629E-02
3.856984E-02 2.003847E-01 -3.972443E-02
3.851539E-02 3.592253E-03 -2.691146E-02
3.849524E-02 1.991572E-01 -3.953785E-02
3.837318E-02 1.979649E-01 -3.957033E-02
3.837182E-02 3.373269E-03 -2.637467E-02
3.837869E-02 1.967769E-01 -3.949067E-02
3.837591E-02 1.956069E-01 -3.934417E-02
3.838669E-02 3.202420E-03 -2.669981E-02
3.833531E-02 1.944149E-01 -3.921511E-02
3.825480E-02 1.932529E-01 -3.913104E-02
3.832133E-02 2.997913E-03 -2.650000E-02
3.822469E-02 2.855320E-03 2.654933E-02
3.820349E-02 1.920705E-01 3.903744E-02
3.815481E-02 1.908944E-01 3.892917E-02
3.816985E-02 5.420767E+00 -1.167589E-08
3.811083E-02 5.385853E+00 -1.163829E-08
3.812596E-02 2.688894E-03 2.647757E-02
3.809793E-02 1.897126E-01 3.882011E-02
3.802397E-02 1.885388E-01 3.871785E-02
3.805342E-02 5.350889E+00 -1.158983E-08
3.797647E-02 5.315894E+00 -1.153016E-08
3.799702E-02 2.545801E-03 2.645430E-02
3.795398E-02 1.873523E-01 3.861739E-02
3.788292E-02 1.861648E-01 3.851479E-02
3.790265E-02 5.280838E+00 -1.145974E-08
3.782569E-02 5.245712E+00 -1.137775E-08
3.786335E-02 2.398030E-03 2.640930E-02
3.780872E-02 1.849722E-01 3.841107E-02
3.772799E-02 1.837767E-01 3.830764E-02
3.774796E-02 5.210478E+00 -1.128469E-08
3.766337E-02 5.175120E+00 -1.118036E-08
3.820349E-02 1.920705E-01 -3.903744E-02
3.815481E-02 1.908944E-01 -3.892917E-02
3.822469E-02 2.855320E-03 -2.654933E-02
3.809793E-02 1.897126E-01 -3.882011E-02
3.802397E-02 1.885388E-01 -3.871785E-02
3.812596E-02 2.688894E-03 -2.647757E-02
3.795398E-02 1.873523E-01 -3.861739E-02
3.788292E-02 1.861648E-01 -3.851479E-02
3.799702E-02 2.545801E-03 -2.645430E-02
3.780872E-02 1.849722E-01 -3.841107E-02
3.772799E-02 1.837767E-01 -3.830764E-02
3.786335E-02 2.398030E-03 -2.640930E-02
3.771216E-02 2.257318E-03 2.636927E-02
3.764570E-02 1.825717E-01 3.820535E-02
3.756121E-02 1.813603E-01 3.810306E-02
3.757668E-02 5.139611E+00 -1.106494E-08
3.748725E-02 5.103936E+00 -1.093810E-08
3.755306E-02 2.116280E-03 2.632610E-02
3.747426E-02 1.801410E-01 3.800032E-02
3.738405E-02 1.789132E-01 3.789723E-02
3.739572E-02 5.068066E+00 -1.080033E-08
3.730075E-02 5.031980E+00 -1.065172E-08
3.738294E-02 1.976615E-03 2.628138E-02
3.729168E-02 1.776746E-01 3.779438E-02
3.719709E-02 1.764253E-01 3.769164E-02
3.720337E-02 4.995650E+00 -1.049257E-08
3.710359E-02 4.959053E+00 -1.032270E-08
3.720500E-02 1.836032E-03 2.623603E-02
3.710032E-02 1.751642E-01 3.758865E-02
3.700132E-02 1.738903E-01 3.748529E-02
3.700148E-02 4.922162E+00 -1.014313E-08
3.689674E-02 4.884951E+00 -9.952771E-09
3.764570E-02 1.825717E-01 -3.820535E-02
3.756121E-02 1.813603E-01 -3.810306E-02
3.771216E-02 2.257318E-03 -2.636927E-02
3.747426E-02 1.801410E-01 -3.800033E-02
3.738405E-02 1.789132E-01 -3.789723E-02
3.755306E-02 2.116280E-03 -2.632610E-02
3.729168E-02 1.776746E-01 -3.779438E-02
3.719709E-02 1.764253E-01 -3.769165E-02
3.738294E-02 1.976615E-03 -2.628138E-02
3.710032E-02 1.751642E-01 -3.758865E-02
3.700132E-02 1.738903E-01 -3.748530E-02
3.720500E-02 1.836031E-03 -2.623603E-02
3.701928E-02 1.693895E-03 2.618890E-02
3.690052E-02 1.726020E-01 3.738191E-02
3.679773E-02 1.712984E-01 3.727851E-02
3.679013E-02 4.847390E+00 -9.753464E-09
3.668151E-02 4.809450E+00 -9.544936E-09
3.682703E-02 1.548966E-03 2.614143E-02
3.669296E-02 1.699786E-01 3.717472E-02
3.658637E-02 1.686415E-01 3.707033E-02
3.657057E-02 4.771100E+00 -9.327636E-09
3.645675E-02 4.732311E+00 -9.101867E-09
3.662916E-02 1.400050E-03 2.609242E-02
3.647870E-02 1.672854E-01 3.696595E-02
3.636917E-02 1.659085E-01 3.686153E-02
3.634219E-02 4.693046E+00 -8.868668E-09
3.622610E-02 4.653269E+00 -8.628144E-09
3.642626E-02 1.245985E-03 2.604351E-02
3.625768E-02 1.645102E-01 3.675636E-02
3.614453E-02 1.630897E-01 3.665003E-02
3.610742E-02 4.612947E+00 -8.380714E-09
3.598456E-02 4.572044E+00 -8.127321E-09
3.690052E-02 1.726020E-01 -3.738191E-02
3.679773E-02 1.712984E-01 -3.727851E-02
3.701928E-02 1.693895E-03 -2.618890E-02
3.669296E-02 1.699786E-01 -3.717472E-02
3.658637E-02 1.686415E-01 -3.707033E-02
3.682703E-02 1.548966E-03 -2.614143E-02
3.647870E-02 1.672854E-01 -3.696595E-02
3.636917E-02 1.659085E-01 -3.686153E-02
3.662916E-02 1.400050E-03 -2.609242E-02
3.625768E-02 1.645102E-01 -3.675636E-02
3.614453E-02 1.630897E-01 -3.665003E-02
3.642626E-02 1.245985E-03 -2.604351E-02
3.621967E-02 1.085338E-03 2.599288E-02
3.603165E-02 1.616440E-01 3.654428E-02
3.591667E-02 1.601705E-01 3.643874E-02
3.586336E-02 4.530512E+00 -7.868284E-09
3.574137E-02 4.488307E+00 -7.604188E-09
3.600948E-02 9.166976E-04 2.594345E-02
3.579922E-02 1.586695E-01 3.633164E-02
3.567995E-02 1.571408E-01 3.622198E-02
3.561566E-02 4.445392E+00 -7.335680E-09
3.548187E-02 4.401729E+00 -7.063840E-09
3.579781E-02 7.384930E-04 2.589119E-02
3.556413E-02 1.555792E-01 3.611472E-02
3.544503E-02 1.539797E-01 3.600863E-02
3.535581E-02 4.357245E+00 -6.788899E-09
3.523046E-02 4.311882E+00 -6.511995E-09
3.558372E-02 5.487128E-04 2.584290E-02
3.532154E-02 1.523454E-01 3.589898E-02
3.519532E-02 1.506786E-01 3.578306E-02
3.509800E-02 4.265608E+00 -6.233650E-09
3.494682E-02 4.218384E+00 -5.954715E-09
3.603165E-02 1.616440E-01 -3.654428E-02
3.591667E-02 1.601705E-01 -3.643874E-02
3.621967E-02 1.085338E-03 -2.599288E-02
3.579922E-02 1.586695E-01 -3.633164E-02
3.567995E-02 1.571408E-01 -3.622198E-02
3.600948E-02 9.166976E-04 -2.594345E-02
3.556413E-02 1.555792E-01 -3.611472E-02
3.544503E-02 1.539797E-01 -3.600863E-02
3.579781E-02 7.384930E-04 -2.589119E-02
3.532154E-02 1.523454E-01 -3.589898E-02
3.519532E-02 1.506786E-01 -3.578306E-02
3.558372E-02 5.487127E-04 -2.584290E-02
3.537138E-02 3.457951E-04 2.578825E-02
3.508090E-02 1.489683E-01 3.567480E-02
3.495937E-02 1.472035E-01 3.557068E-02
3.481967E-02 4.170088E+00 -5.675723E-09
3.469669E-02 4.120637E+00 -5.397469E-09
3.515720E-02 1.264135E-04 2.574476E-02
3.482780E-02 1.453958E-01 3.545790E-02
3.469066E-02 1.435538E-01 3.532925E-02
3.455684E-02 4.070024E+00 -5.121159E-09
3.437055E-02 4.018222E+00 -4.846828E-09
3.495079E-02 -1.105527E-04 2.568495E-02
3.458809E-02 1.416526E-01 3.522289E-02
3.446722E-02 1.396663E-01 3.512938E-02
3.425227E-02 3.964996E+00 -4.575739E-09
3.414606E-02 3.910216E+00 -4.308656E-09
3.474113E-02 -3.713290E-04 2.565533E-02
3.432015E-02 1.376291E-01 3.501314E-02
3.415956E-02 1.355684E-01 3.485315E-02
3.399676E-02 3.853960E+00 -4.046528E-09
3.372657E-02 3.796256E+00 -3.789854E-09
3.508090E-02 1.489683E-01 -3.567480E-02
3.495937E-02 1.472035E-01 -3.557068E-02
3.537138E-02 3.457950E-04 -2.578825E-02
3.482780E-02 1.453958E-01 -3.545790E-02
3.469066E-02 1.435538E-01 -3.532925E-02
3.515720E-02 1.264135E-04 -2.574476E-02
3.458809E-02 1.416526E-01 -3.522290E-02
3.446722E-02 1.396663E-01 -3.512938E-02
3.495079E-02 -1.105528E-04 -2.568495E-02
3.432015E-02 1.376291E-01 -3.501314E-02
3.415956E-02 1.355684E-01 -3.485315E-02
3.474113E-02 -3.713290E-04 -2.565533E-02
3.455267E-02 -6.549921E-04 2.558147E-02
3.409652E-02 1.334235E-01 3.475569E-02
3.398357E-02 1.311266E-01 3.469898E-02
3.364558E-02 3.736590E+00 -3.539593E-09
3.359508E-02 3.674725E+00 -3.294694E-09
3.435392E-02 -9.758630E-04 2.559049E-02
3.380005E-02 1.287695E-01 3.458637E-02
3.358060E-02 1.264302E-01 3.435552E-02
3.342980E-02 3.610977E+00 -3.057119E-09
3.295193E-02 3.545550E+00 -2.828843E-09
3.420953E-02 -1.325966E-03 2.547866E-02
3.363290E-02 1.239693E-01 3.429145E-02
3.354291E-02 1.212156E-01 3.433515E-02
3.298942E-02 3.477255E+00 -2.609097E-09
3.308545E-02 3.405652E+00 -2.398547E-09
3.403050E-02 -1.736695E-03 2.558959E-02
3.326456E-02 1.184103E-01 3.422186E-02
3.288618E-02 1.157460E-01 3.377992E-02
3.287564E-02 3.331708E+00 -2.197487E-09
3.185915E-02 3.256060E+00 -2.006458E-09
3.409652E-02 1.334235E-01 -3.475569E-02
3.398357E-02 1.311266E-01 -3.469898E-02
3.455267E-02 -6.549921E-04 -2.558147E-02
3.380005E-02 1.287695E-01 -3.458637E-02
3.358060E-02 1.264302E-01 -3.435552E-02
3.435392E-02 -9.758630E-04 -2.559049E-02
3.363290E-02 1.239693E-01 -3.429145E-02
3.354291E-02 1.212156E-01 -3.433515E-02
3.420953E-02 -1.325966E-03 -2.547866E-02
3.326456E-02 1.184103E-01 -3.422186E-02
3.288618E-02 1.157460E-01 -3.377992E-02
3.403050E-02 -1.736695E-03 -2.558959E-02
3.399511E-02 -2.182819E-03 2.536663E-02
3.326941E-02 1.128972E-01 3.379211E-02
3.323556E-02 1.094152E-01 3.410686E-02
3.226574E-02 3.175796E+00 -1.826679E-09
3.272842E-02 3.090047E+00 -1.656818E-09
3.385445E-02 -2.743015E-03 2.575712E-02
3.271392E-02 1.059200E-01 3.400640E-02
3.187914E-02 1.028659E-01 3.298343E-02
3.239969E-02 3.001462E+00 -1.497685E-09
2.995618E-02 2.911723E+00 -1.349495E-09
3.410803E-02 -3.345865E-03 2.522726E-02
3.322179E-02 9.955664E-02 3.320112E-02
3.324904E-02 9.478256E-02 3.425156E-02
3.149996E-02 2.813610E+00 -1.213962E-09
3.270410E-02 2.705409E+00 -1.088433E-09
3.407434E-02 -4.187418E-03 2.642587E-02
3.216752E-02 9.013574E-02 3.425385E-02
2.988778E-02 8.648447E-02 3.160468E-02
3.209337E-02 2.593755E+00 -9.731991E-10
2.568586E-02 2.482471E+00 -8.680475E-10
3.326941E-02 1.128972E-01 -3.379211E-02
3.323556E-02 1.094152E-01 -3.410686E-02
3.399511E-02 -2.182819E-03 -2.536663E-02
3.271392E-02 1.059200E-01 -3.400640E-02
3.187914E-02 1.028659E-01 -3.298343E-02
3.385445E-02 -2.743015E-03 -2.575712E-02
3.322179E-02 9.955664E-02 -3.320112E-02
3.324904E-02 9.478256E-02 -3.425156E-02
3.410803E-02 -3.345865E-03 -2.522726E-02
3.216752E-02 9.013574E-02 -3.425385E-02
2.988778E-02 8.648447E-02 -3.160468E-02
3.407434E-02 -4.187418E-03 -2.642587E-02
3.521358E-02 -5.088989E-03 2.517743E-02
3.425771E-02 8.270989E-02 3.246646E-02
3.390818E-02 7.528663E-02 3.548859E-02
3.108628E-02 2.353567E+00 -7.763074E-10
3.309218E-02 2.204286E+00 -6.911563E-10
3.599834E-02 -6.533767E-03 2.920442E-02
3.261068E-02 6.856611E-02 3.629132E-02
2.568980E-02 6.265757E-02 2.911768E-02
3.324346E-02 2.049412E+00 -6.155371E-10
1.528436E-02 1.895741E+00 -5.417202E-10
4.240628E-02 -8.515981E-03 2.919527E-02
4.257156E-02 5.860623E-02 3.348823E-02
3.477720E-02 4.283627E-02 3.898198E-02
3.684576E-02 1.696078E+00 -4.807834E-10
2.393302E-02 1.451678E+00 -4.126152E-10
5.331611E-02 -4.150227E-03 5.015441E-02
3.830371E-02 3.302592E-02 3.995707E-02
2.942137E-02 3.334905E-02 9.091795E-02
-7.067290E-03 1.171823E+00 -3.423722E-10
5.467720E-02 6.107164E-01 -2.156813E-10
3.425771E-02 8.270989E-02 -3.246646E-02
3.390818E-02 7.528663E-02 -3.548859E-02
3.521358E-02 -5.088989E-03 -2.517743E-02
3.261068E-02 6.856611E-02 -3.629132E-02
2.568980E-02 6.265757E-02 -2.911768E-02
3.599834E-02 -6.533767E-03 -2.920442E-02
4.257156E-02 5.860623E-02 -3.348823E-02
3.477720E-02 4.283627E-02 -3.898198E-02
4.240628E-02 -8.515981E-03 -2.919527E-02
3.830371E-02 3.302592E-02 -3.995707E-02
2.942137E-02 3.334905E-02 -9.091795E-02
5.331611E-02 -4.150227E-03 -5.015441E-02
2.993758E-02 2.817641E-02 1.634540E-02
6.672445E-03 4.717790E-02 4.915740E-02
4.713767E-02 2.917613E-02 -1.545639E-02
1.064076E-02 7.834499E-02 -2.477249E-11
6.672445E-03 4.717790E-02 -4.915740E-02
4.713767E-02 2.917613E-02 1.545639E-02
2.993758E-02 2.817641E-02 -1.634540E-02
</DataArray>
</PointData>
</Piece>
</UnstructuredGrid>
</VTKFile>
